dtg,stmid,sname,tcvmax,tctype,rlat,rlon,vmax,pmin,dir,spd,trkdir,trkspd,r34m,r34ne,r34se,r34sw,r34nw,r50m,r50ne,r50se,r50sw,r50nw,tccode,wncode,dirtype,posttype,roci,poci,alf,depth,rmax,tdo,
1985010600,w01.1985,9X-W01,TS,NN,4.1,156.1,20,NaN,309,6,309,6,NaN,NaN,NaN,NaN,NaN,NaN,NaN,NaN,NaN,NaN,NT,NW,b,b,NaN,NaN,NaN,NaN,NaN,NaN,
1985010606,w01.1985,9X-W01,TS,NN,4.5,155.6,20,NaN,309,6,309,6,NaN,NaN,NaN,NaN,NaN,NaN,NaN,NaN,NaN,NaN,NT,NW,b,b,NaN,NaN,NaN,NaN,NaN,NaN,
1985010612,w01.1985,9X-W01,TS,NN,4.9,155.1,20,NaN,309,6,309,6,NaN,NaN,NaN,NaN,NaN,NaN,NaN,NaN,NaN,NaN,NT,NW,b,b,NaN,NaN,NaN,NaN,NaN,NaN,
1985010618,w01.1985,9X-W01,TS,NN,5.5,154.4,25,NaN,289,8,310,8,NaN,NaN,NaN,NaN,NaN,NaN,NaN,NaN,NaN,NaN,TD,NW,c,c,NaN,NaN,NaN,NaN,NaN,NaN,
1985010700,01w.1985,ELSIE,TS,NN,5.9,154.2,30,NaN,287,7,318,7,NaN,NaN,NaN,NaN,NaN,NaN,NaN,NaN,NaN,NaN,TD,WN,c,c,NaN,NaN,NaN,NaN,NaN,NaN,
1985010706,01w.1985,ELSIE,TS,NN,6.4,153.4,35,NaN,293,8,312,7,NaN,NaN,NaN,NaN,NaN,NaN,NaN,NaN,NaN,NaN,TS,WN,c,c,NaN,NaN,NaN,NaN,NaN,NaN,
1985010712,01w.1985,ELSIE,TS,NN,7.4,152.5,40,NaN,297,10,312,11,NaN,NaN,NaN,NaN,NaN,NaN,NaN,NaN,NaN,NaN,TS,WN,c,c,NaN,NaN,NaN,NaN,NaN,NaN,
1985010718,01w.1985,ELSIE,TS,NN,9.3,150.9,35,NaN,300,13,320,19,NaN,NaN,NaN,NaN,NaN,NaN,NaN,NaN,NaN,NaN,TS,WN,c,c,NaN,NaN,NaN,NaN,NaN,NaN,
1985010800,01w.1985,ELSIE,TS,NN,10.6,149.9,30,NaN,302,12,321,21,NaN,NaN,NaN,NaN,NaN,NaN,NaN,NaN,NaN,NaN,TD,WN,c,c,NaN,NaN,NaN,NaN,NaN,NaN,
1985010806,01w.1985,ELSIE,TS,NN,11.8,148.8,25,NaN,302,12,320,16,NaN,NaN,NaN,NaN,NaN,NaN,NaN,NaN,NaN,NaN,TD,WN,c,c,NaN,NaN,NaN,NaN,NaN,NaN,
1985010812,01w.1985,ELSIE,TS,NN,13.3,148.0,25,NaN,309,12,325,16,NaN,NaN,NaN,NaN,NaN,NaN,NaN,NaN,NaN,NaN,TD,WN,c,c,NaN,NaN,NaN,NaN,NaN,NaN,
1985010818,01w.1985,ELSIE,TS,NN,15.0,147.8,20,NaN,333,10,343,17,NaN,NaN,NaN,NaN,NaN,NaN,NaN,NaN,NaN,NaN,NT,WN,c,c,NaN,NaN,NaN,NaN,NaN,NaN,
1985010900,01w.1985,ELSIE,TS,NN,17.2,148.4,20,NaN,6,20,6,20,NaN,NaN,NaN,NaN,NaN,NaN,NaN,NaN,NaN,NaN,NT,WN,b,b,NaN,NaN,NaN,NaN,NaN,NaN,
1985010806,w02.1985,9X-W02,TS,NN,12.4,134.0,35,NaN,147,4,147,4,NaN,NaN,NaN,NaN,NaN,NaN,NaN,NaN,NaN,NaN,TS,NW,b,b,NaN,NaN,NaN,NaN,NaN,NaN,
1985010812,w02.1985,9X-W02,TS,NN,12.1,134.2,40,NaN,147,4,147,4,NaN,NaN,NaN,NaN,NaN,NaN,NaN,NaN,NaN,NaN,TS,NW,b,b,NaN,NaN,NaN,NaN,NaN,NaN,
1985010818,w02.1985,9X-W02,TS,NN,11.8,134.4,45,NaN,147,4,147,4,NaN,NaN,NaN,NaN,NaN,NaN,NaN,NaN,NaN,NaN,TS,NW,b,b,NaN,NaN,NaN,NaN,NaN,NaN,
1985010900,w02.1985,9X-W02,TS,NN,11.3,134.6,50,NaN,154,4,154,4,NaN,NaN,NaN,NaN,NaN,NaN,NaN,NaN,NaN,NaN,TS,NW,b,b,NaN,NaN,NaN,NaN,NaN,NaN,
1985010906,02w.1985,FABIAN,TS,NN,10.7,135.0,55,NaN,360,0,152,6,NaN,NaN,NaN,NaN,NaN,NaN,NaN,NaN,NaN,NaN,TS,WN,c,c,NaN,NaN,NaN,NaN,NaN,NaN,
1985010912,02w.1985,FABIAN,TS,NN,10.6,135.0,50,NaN,360,1,151,4,NaN,NaN,NaN,NaN,NaN,NaN,NaN,NaN,NaN,NaN,TS,WN,c,c,NaN,NaN,NaN,NaN,NaN,NaN,
1985010918,02w.1985,FABIAN,TS,NN,9.5,136.6,45,NaN,127,10,127,10,NaN,NaN,NaN,NaN,NaN,NaN,NaN,NaN,NaN,NaN,TS,WN,c,c,NaN,NaN,NaN,NaN,NaN,NaN,
1985011000,02w.1985,FABIAN,TS,NN,9.0,137.5,45,NaN,122,10,123,15,NaN,NaN,NaN,NaN,NaN,NaN,NaN,NaN,NaN,NaN,TS,WN,c,c,NaN,NaN,NaN,NaN,NaN,NaN,
1985011006,02w.1985,FABIAN,TS,NN,9.4,138.4,45,NaN,93,9,93,9,NaN,NaN,NaN,NaN,NaN,NaN,NaN,NaN,NaN,NaN,TS,WN,c,c,NaN,NaN,0.01,NaN,NaN,NaN,
1985011012,02w.1985,FABIAN,TS,NN,9.6,138.6,40,NaN,61,6,61,6,NaN,NaN,NaN,NaN,NaN,NaN,NaN,NaN,NaN,NaN,TS,WN,c,c,NaN,NaN,0.01,NaN,NaN,NaN,
1985011018,02w.1985,FABIAN,TS,NN,9.7,138.8,40,NaN,63,3,53,2,NaN,NaN,NaN,NaN,NaN,NaN,NaN,NaN,NaN,NaN,TS,WN,c,c,NaN,NaN,NaN,NaN,NaN,NaN,
1985011100,02w.1985,FABIAN,TS,NN,9.5,138.5,40,NaN,360,0,225,1,NaN,NaN,NaN,NaN,NaN,NaN,NaN,NaN,NaN,NaN,TS,WN,c,c,NaN,NaN,0.01,NaN,NaN,NaN,
1985011106,02w.1985,FABIAN,TS,NN,9.7,138.4,40,NaN,360,2,270,2,NaN,NaN,NaN,NaN,NaN,NaN,NaN,NaN,NaN,NaN,TS,WN,c,c,NaN,NaN,0.01,NaN,NaN,NaN,
1985011112,02w.1985,FABIAN,TS,NN,9.8,138.4,35,NaN,327,2,342,2,NaN,NaN,NaN,NaN,NaN,NaN,NaN,NaN,NaN,NaN,TS,WN,c,c,NaN,NaN,NaN,NaN,NaN,NaN,
1985011118,02w.1985,FABIAN,TS,NN,9.2,138.8,35,NaN,135,3,142,3,NaN,NaN,NaN,NaN,NaN,NaN,NaN,NaN,NaN,NaN,TS,WN,c,c,NaN,NaN,NaN,NaN,NaN,NaN,
1985011200,02w.1985,FABIAN,TS,NN,9.0,138.8,30,NaN,169,3,154,4,NaN,NaN,NaN,NaN,NaN,NaN,NaN,NaN,NaN,NaN,TD,WN,c,c,NaN,NaN,NaN,NaN,NaN,NaN,
1985011206,02w.1985,FABIAN,TS,NN,9.1,138.9,30,NaN,154,1,135,1,NaN,NaN,NaN,NaN,NaN,NaN,NaN,NaN,NaN,NaN,TD,WN,c,c,NaN,NaN,NaN,NaN,NaN,NaN,
1985011212,02w.1985,FABIAN,TS,NN,9.1,138.9,25,NaN,45,1,45,1,NaN,NaN,NaN,NaN,NaN,NaN,NaN,NaN,NaN,NaN,TD,WN,c,c,NaN,NaN,NaN,NaN,NaN,NaN,
1985011218,02w.1985,FABIAN,TS,NN,9.1,137.8,25,NaN,270,5,270,5,NaN,NaN,NaN,NaN,NaN,NaN,NaN,NaN,NaN,NaN,TD,WN,c,c,NaN,NaN,NaN,NaN,NaN,NaN,
1985011300,02w.1985,FABIAN,TS,NN,9.3,137.9,20,NaN,281,5,281,5,NaN,NaN,NaN,NaN,NaN,NaN,NaN,NaN,NaN,NaN,NT,WN,b,b,NaN,NaN,0.01,NaN,NaN,NaN,
1985052000,w03.1985,9X-W03,TY,NN,11.5,131.9,30,NaN,7,4,7,4,NaN,NaN,NaN,NaN,NaN,NaN,NaN,NaN,NaN,NaN,TD,NW,b,b,NaN,NaN,NaN,NaN,NaN,NaN,
1985052006,w03.1985,9X-W03,TY,NN,11.9,132.0,30,NaN,7,4,7,4,NaN,NaN,NaN,NaN,NaN,NaN,NaN,NaN,NaN,NaN,TD,NW,b,b,NaN,NaN,NaN,NaN,NaN,NaN,
1985052012,w03.1985,9X-W03,TY,NN,12.3,132.0,30,NaN,7,4,7,4,NaN,NaN,NaN,NaN,NaN,NaN,NaN,NaN,NaN,NaN,TD,NW,b,b,NaN,NaN,NaN,NaN,NaN,NaN,
1985052018,w03.1985,9X-W03,TY,NN,12.7,132.1,30,NaN,7,4,7,4,NaN,NaN,NaN,NaN,NaN,NaN,NaN,NaN,NaN,NaN,TD,NW,b,b,NaN,NaN,NaN,NaN,NaN,NaN,
1985052100,03w.1985,GAY,TY,NN,13.1,132.1,35,NaN,7,4,7,4,NaN,NaN,NaN,NaN,NaN,NaN,NaN,NaN,NaN,NaN,TS,NW,b,b,NaN,NaN,NaN,NaN,NaN,NaN,
1985052106,03w.1985,GAY,TY,NN,13.6,132.1,35,NaN,360,5,360,5,NaN,NaN,NaN,NaN,NaN,NaN,NaN,NaN,NaN,NaN,TS,NW,b,b,NaN,NaN,NaN,NaN,NaN,NaN,
1985052112,03w.1985,GAY,TY,NN,14.1,132.1,35,NaN,360,5,360,5,NaN,NaN,NaN,NaN,NaN,NaN,NaN,NaN,NaN,NaN,TS,NW,b,b,NaN,NaN,NaN,NaN,NaN,NaN,
1985052118,03w.1985,GAY,TY,NN,14.5,132.1,40,NaN,360,4,360,5,NaN,NaN,NaN,NaN,NaN,NaN,NaN,NaN,NaN,NaN,TS,NW,b,b,NaN,NaN,NaN,NaN,NaN,NaN,
1985052200,03w.1985,GAY,TY,NN,14.9,132.1,45,NaN,360,4,360,4,NaN,NaN,NaN,NaN,NaN,NaN,NaN,NaN,NaN,NaN,TS,NW,b,b,NaN,NaN,NaN,NaN,NaN,NaN,
1985052206,03w.1985,GAY,TY,NN,15.6,131.8,50,NaN,345,6,345,6,NaN,NaN,NaN,NaN,NaN,NaN,NaN,NaN,NaN,NaN,TS,NW,b,b,NaN,NaN,NaN,NaN,NaN,NaN,
1985052212,03w.1985,GAY,TY,NN,16.3,131.4,50,NaN,334,8,334,8,NaN,NaN,NaN,NaN,NaN,NaN,NaN,NaN,NaN,NaN,TS,NW,b,b,NaN,NaN,NaN,NaN,NaN,NaN,
1985052218,03w.1985,GAY,TY,NN,17.2,130.8,55,NaN,329,9,329,9,NaN,NaN,NaN,NaN,NaN,NaN,NaN,NaN,NaN,NaN,TS,NW,b,b,NaN,NaN,NaN,NaN,NaN,NaN,
1985052300,03w.1985,GAY,TY,NN,17.8,130.2,65,NaN,323,9,323,9,NaN,NaN,NaN,NaN,NaN,NaN,NaN,NaN,NaN,NaN,TY,NW,b,b,NaN,NaN,NaN,NaN,NaN,NaN,
1985052306,03w.1985,GAY,TY,NN,18.6,129.6,65,NaN,321,9,321,9,NaN,NaN,NaN,NaN,NaN,NaN,NaN,NaN,NaN,NaN,TY,NW,b,b,NaN,NaN,NaN,NaN,NaN,NaN,
1985052312,03w.1985,GAY,TY,NN,19.0,129.3,70,NaN,325,7,325,7,NaN,NaN,NaN,NaN,NaN,NaN,NaN,NaN,NaN,NaN,TY,NW,b,b,NaN,NaN,NaN,NaN,NaN,NaN,
1985052318,03w.1985,GAY,TY,NN,19.6,128.9,80,NaN,327,6,327,6,NaN,NaN,NaN,NaN,NaN,NaN,NaN,NaN,NaN,NaN,TY,NW,b,b,NaN,NaN,NaN,NaN,NaN,NaN,
1985052400,03w.1985,GAY,TY,NN,20.7,128.8,90,NaN,345,9,345,9,NaN,NaN,NaN,NaN,NaN,NaN,NaN,NaN,NaN,NaN,TY,NW,b,b,NaN,NaN,NaN,NaN,NaN,NaN,
1985052406,03w.1985,GAY,TY,NN,21.5,129.2,100,NaN,8,10,8,10,NaN,NaN,NaN,NaN,NaN,NaN,NaN,NaN,NaN,NaN,TY,NW,b,b,NaN,NaN,NaN,NaN,NaN,NaN,
1985052412,03w.1985,GAY,TY,NN,22.4,130.0,100,NaN,33,10,33,10,NaN,NaN,NaN,NaN,NaN,NaN,NaN,NaN,NaN,NaN,TY,NW,b,b,NaN,NaN,NaN,NaN,NaN,NaN,
1985052418,03w.1985,GAY,TY,NN,23.4,130.8,95,NaN,38,12,38,12,NaN,NaN,NaN,NaN,NaN,NaN,NaN,NaN,NaN,NaN,TY,NW,b,b,NaN,NaN,NaN,NaN,NaN,NaN,
1985052500,03w.1985,GAY,TY,NN,24.8,132.0,90,NaN,37,15,37,15,NaN,NaN,NaN,NaN,NaN,NaN,NaN,NaN,NaN,NaN,TY,NW,b,b,NaN,NaN,NaN,NaN,NaN,NaN,
1985052506,03w.1985,GAY,TY,NN,26.0,133.4,80,NaN,42,18,42,18,NaN,NaN,NaN,NaN,NaN,NaN,NaN,NaN,NaN,NaN,TY,NW,b,b,NaN,NaN,NaN,NaN,NaN,NaN,
1985052512,03w.1985,GAY,TY,NN,27.6,135.1,75,NaN,45,20,45,20,NaN,NaN,NaN,NaN,NaN,NaN,NaN,NaN,NaN,NaN,TY,NW,b,b,NaN,NaN,NaN,NaN,NaN,NaN,
1985052518,03w.1985,GAY,TY,NN,29.0,136.8,65,NaN,45,21,45,21,NaN,NaN,NaN,NaN,NaN,NaN,NaN,NaN,NaN,NaN,TY,NW,b,b,NaN,NaN,NaN,NaN,NaN,NaN,
1985052600,03w.1985,GAY,TY,NN,30.3,138.4,60,NaN,47,20,47,20,NaN,NaN,NaN,NaN,NaN,NaN,NaN,NaN,NaN,NaN,TS,NW,b,b,NaN,NaN,NaN,NaN,NaN,NaN,
1985052606,03w.1985,GAY,TY,NN,30.7,139.8,55,NaN,57,16,57,16,NaN,NaN,NaN,NaN,NaN,NaN,NaN,NaN,NaN,NaN,TS,NW,b,b,NaN,NaN,NaN,NaN,NaN,NaN,
1985061700,w04.1985,9X-W04,TD,NN,16.6,112.6,25,NaN,240,6,240,6,NaN,NaN,NaN,NaN,NaN,NaN,NaN,NaN,NaN,NaN,TD,NW,b,b,NaN,NaN,NaN,NaN,NaN,NaN,
1985061706,w04.1985,9X-W04,TD,NN,16.3,112.3,25,NaN,240,6,240,6,NaN,NaN,NaN,NaN,NaN,NaN,NaN,NaN,NaN,NaN,TD,NW,b,b,NaN,NaN,NaN,NaN,NaN,NaN,
1985061712,w04.1985,9X-W04,TD,NN,16.0,111.5,25,NaN,240,6,240,6,NaN,NaN,NaN,NaN,NaN,NaN,NaN,NaN,NaN,NaN,TD,NW,b,b,NaN,NaN,NaN,NaN,NaN,NaN,
1985061718,w04.1985,9X-W04,TD,NN,16.0,110.9,25,NaN,257,7,257,7,NaN,NaN,NaN,NaN,NaN,NaN,NaN,NaN,NaN,NaN,TD,NW,b,b,NaN,NaN,NaN,NaN,NaN,NaN,
1985061800,04w.1985,NONAME,TD,NN,16.5,110.4,30,NaN,286,5,295,6,NaN,NaN,NaN,NaN,NaN,NaN,NaN,NaN,NaN,NaN,TD,WN,c,c,NaN,NaN,NaN,NaN,NaN,NaN,
1985061806,04w.1985,NONAME,TD,NN,16.5,110.0,30,NaN,282,5,300,5,NaN,NaN,NaN,NaN,NaN,NaN,NaN,NaN,NaN,NaN,TD,WN,c,c,NaN,NaN,NaN,NaN,NaN,NaN,
1985061812,04w.1985,NONAME,TD,NN,16.5,109.4,30,NaN,270,5,270,5,NaN,NaN,NaN,NaN,NaN,NaN,NaN,NaN,NaN,NaN,TD,WN,c,c,NaN,NaN,NaN,NaN,NaN,NaN,
1985061818,04w.1985,NONAME,TD,NN,16.5,110.3,30,NaN,289,3,90,1,NaN,NaN,NaN,NaN,NaN,NaN,NaN,NaN,NaN,NaN,TD,WN,c,c,NaN,NaN,NaN,NaN,NaN,NaN,
1985061900,04w.1985,NONAME,TD,NN,16.5,110.0,30,NaN,270,2,90,3,NaN,NaN,NaN,NaN,NaN,NaN,NaN,NaN,NaN,NaN,TD,WN,c,c,NaN,NaN,NaN,NaN,NaN,NaN,
1985061906,04w.1985,NONAME,TD,NN,17.2,110.7,30,NaN,360,2,29,4,NaN,NaN,NaN,NaN,NaN,NaN,NaN,NaN,NaN,NaN,TD,WN,c,c,NaN,NaN,NaN,NaN,NaN,NaN,
1985061912,04w.1985,NONAME,TD,NN,17.2,110.7,30,NaN,26,2,44,5,NaN,NaN,NaN,NaN,NaN,NaN,NaN,NaN,NaN,NaN,TD,WN,c,c,NaN,NaN,NaN,NaN,NaN,NaN,
1985061918,04w.1985,NONAME,TD,NN,17.5,110.9,30,NaN,360,2,32,2,NaN,NaN,NaN,NaN,NaN,NaN,NaN,NaN,NaN,NaN,TD,WN,c,c,NaN,NaN,NaN,NaN,NaN,NaN,
1985062000,04w.1985,NONAME,TD,NN,19.2,110.5,30,NaN,360,5,355,10,NaN,NaN,NaN,NaN,NaN,NaN,NaN,NaN,NaN,NaN,TD,WN,c,c,NaN,NaN,0.49,NaN,NaN,NaN,
1985062006,04w.1985,NONAME,TD,NN,19.4,109.3,25,NaN,321,12,321,12,NaN,NaN,NaN,NaN,NaN,NaN,NaN,NaN,NaN,NaN,TD,WN,b,b,NaN,NaN,0.85,NaN,NaN,NaN,
1985061906,w05.1985,9X-W05,TY,NN,14.2,133.5,25,NaN,287,5,287,5,NaN,NaN,NaN,NaN,NaN,NaN,NaN,NaN,NaN,NaN,TD,NW,b,b,NaN,NaN,NaN,NaN,NaN,NaN,
1985061912,w05.1985,9X-W05,TY,NN,14.3,132.5,30,NaN,287,5,287,5,NaN,NaN,NaN,NaN,NaN,NaN,NaN,NaN,NaN,NaN,TD,NW,b,b,NaN,NaN,NaN,NaN,NaN,NaN,
1985061918,05w.1985,HAL,TY,NN,14.5,132.5,35,NaN,292,8,287,5,NaN,NaN,NaN,NaN,NaN,NaN,NaN,NaN,NaN,NaN,TS,WN,c,c,NaN,NaN,NaN,NaN,NaN,NaN,
1985062000,05w.1985,HAL,TY,NN,15.1,130.9,45,NaN,299,13,297,9,NaN,NaN,NaN,NaN,NaN,NaN,NaN,NaN,NaN,NaN,TS,WN,c,c,NaN,NaN,NaN,NaN,NaN,NaN,
1985062006,05w.1985,HAL,TY,NN,15.1,129.9,65,NaN,286,11,283,13,NaN,NaN,NaN,NaN,NaN,NaN,NaN,NaN,NaN,NaN,TY,WN,c,c,NaN,NaN,NaN,NaN,NaN,NaN,
1985062012,05w.1985,HAL,TY,NN,15.6,129.2,65,NaN,296,9,287,9,NaN,NaN,NaN,NaN,NaN,NaN,NaN,NaN,NaN,NaN,TY,WN,c,c,NaN,NaN,NaN,NaN,NaN,NaN,
1985062018,05w.1985,HAL,TY,NN,16.0,128.0,75,NaN,296,10,296,10,NaN,NaN,NaN,NaN,NaN,NaN,NaN,NaN,NaN,NaN,TY,WN,c,c,NaN,NaN,NaN,NaN,NaN,NaN,
1985062100,05w.1985,HAL,TY,NN,16.2,127.0,85,NaN,287,10,286,11,NaN,NaN,NaN,NaN,NaN,NaN,NaN,NaN,NaN,NaN,TY,WN,c,c,NaN,NaN,NaN,NaN,NaN,NaN,
1985062106,05w.1985,HAL,TY,NN,16.7,125.8,90,NaN,288,11,288,11,NaN,NaN,NaN,NaN,NaN,NaN,NaN,NaN,NaN,NaN,TY,WN,c,c,NaN,NaN,NaN,NaN,NaN,NaN,
1985062112,05w.1985,HAL,TY,NN,17.7,124.5,95,NaN,300,14,302,14,NaN,NaN,NaN,NaN,NaN,NaN,NaN,NaN,NaN,NaN,TY,WN,c,c,NaN,NaN,NaN,NaN,NaN,NaN,
1985062118,05w.1985,HAL,TY,NN,18.7,122.8,95,NaN,303,18,305,17,NaN,NaN,NaN,NaN,NaN,NaN,NaN,NaN,NaN,NaN,TY,WN,c,c,NaN,NaN,NaN,NaN,NaN,NaN,
1985062200,05w.1985,HAL,TY,NN,19.2,121.3,85,NaN,297,17,296,17,NaN,NaN,NaN,NaN,NaN,NaN,NaN,NaN,NaN,NaN,TY,WN,c,c,NaN,NaN,0.10,NaN,NaN,NaN,
1985062206,05w.1985,HAL,TY,NN,19.2,120.5,80,NaN,287,12,283,11,NaN,NaN,NaN,NaN,NaN,NaN,NaN,NaN,NaN,NaN,TY,WN,c,c,NaN,NaN,0.05,NaN,NaN,NaN,
1985062212,05w.1985,HAL,TY,NN,19.7,119.8,80,NaN,292,8,289,8,NaN,NaN,NaN,NaN,NaN,NaN,NaN,NaN,NaN,NaN,TY,WN,c,c,NaN,NaN,NaN,NaN,NaN,NaN,
1985062218,05w.1985,HAL,TY,NN,20.6,119.0,90,NaN,315,10,315,10,NaN,NaN,NaN,NaN,NaN,NaN,NaN,NaN,NaN,NaN,TY,WN,c,c,NaN,NaN,NaN,NaN,NaN,NaN,
1985062300,05w.1985,HAL,TY,NN,21.1,118.0,100,NaN,310,11,310,11,NaN,NaN,NaN,NaN,NaN,NaN,NaN,NaN,NaN,NaN,TY,WN,c,c,NaN,NaN,NaN,NaN,NaN,NaN,
1985062306,05w.1985,HAL,TY,NN,21.3,117.0,95,NaN,300,11,291,10,NaN,NaN,NaN,NaN,NaN,NaN,NaN,NaN,NaN,NaN,TY,WN,c,c,NaN,NaN,NaN,NaN,NaN,NaN,
1985062312,05w.1985,HAL,TY,NN,21.7,116.2,90,NaN,301,10,290,9,NaN,NaN,NaN,NaN,NaN,NaN,NaN,NaN,NaN,NaN,TY,WN,c,c,NaN,NaN,NaN,NaN,NaN,NaN,
1985062318,05w.1985,HAL,TY,NN,21.7,115.5,85,NaN,286,7,286,7,NaN,NaN,NaN,NaN,NaN,NaN,NaN,NaN,NaN,NaN,TY,WN,c,c,NaN,NaN,NaN,NaN,NaN,NaN,
1985062400,05w.1985,HAL,TY,NN,22.1,115.3,80,NaN,302,4,296,5,NaN,NaN,NaN,NaN,NaN,NaN,NaN,NaN,NaN,NaN,TY,WN,c,c,NaN,NaN,NaN,NaN,NaN,NaN,
1985062406,05w.1985,HAL,TY,NN,22.8,115.4,75,NaN,341,4,355,6,NaN,NaN,NaN,NaN,NaN,NaN,NaN,NaN,NaN,NaN,TY,WN,c,c,NaN,NaN,0.68,NaN,NaN,NaN,
1985062412,05w.1985,HAL,TY,NN,23.2,115.3,50,NaN,348,5,360,5,NaN,NaN,NaN,NaN,NaN,NaN,NaN,NaN,NaN,NaN,TS,WN,c,c,NaN,NaN,0.68,NaN,NaN,NaN,
1985062418,05w.1985,HAL,TY,NN,23.7,115.1,40,NaN,343,5,343,5,NaN,NaN,NaN,NaN,NaN,NaN,NaN,NaN,NaN,NaN,TS,WN,b,b,NaN,NaN,0.97,NaN,NaN,NaN,
1985062500,05w.1985,HAL,TY,NN,24.0,114.8,30,NaN,330,5,330,5,NaN,NaN,NaN,NaN,NaN,NaN,NaN,NaN,NaN,NaN,TD,WN,b,b,NaN,NaN,0.97,NaN,NaN,NaN,
1985062506,05w.1985,HAL,TY,NN,24.2,114.5,25,NaN,312,4,312,4,NaN,NaN,NaN,NaN,NaN,NaN,NaN,NaN,NaN,NaN,TD,NW,b,b,NaN,NaN,0.96,NaN,NaN,NaN,
1985062412,w06.1985,9X-W06,TY,NN,8.1,135.9,25,NaN,305,11,305,11,NaN,NaN,NaN,NaN,NaN,NaN,NaN,NaN,NaN,NaN,TD,NW,b,b,NaN,NaN,NaN,NaN,NaN,NaN,
1985062418,w06.1985,9X-W06,TY,NN,8.8,134.9,30,NaN,305,11,305,11,NaN,NaN,NaN,NaN,NaN,NaN,NaN,NaN,NaN,NaN,TD,NW,b,b,NaN,NaN,NaN,NaN,NaN,NaN,
1985062500,06w.1985,IRMA,TY,NN,9.4,134.0,40,NaN,305,11,305,11,NaN,NaN,NaN,NaN,NaN,NaN,NaN,NaN,NaN,NaN,TS,NW,b,b,NaN,NaN,NaN,NaN,NaN,NaN,
1985062506,06w.1985,IRMA,TY,NN,9.9,133.2,45,NaN,303,10,303,10,NaN,NaN,NaN,NaN,NaN,NaN,NaN,NaN,NaN,NaN,TS,NW,b,b,NaN,NaN,NaN,NaN,NaN,NaN,
1985062512,06w.1985,IRMA,TY,NN,10.4,132.5,50,NaN,304,9,304,9,NaN,NaN,NaN,NaN,NaN,NaN,NaN,NaN,NaN,NaN,TS,NW,b,b,NaN,NaN,NaN,NaN,NaN,NaN,
1985062518,06w.1985,IRMA,TY,NN,11.0,132.0,55,NaN,313,8,313,8,NaN,NaN,NaN,NaN,NaN,NaN,NaN,NaN,NaN,NaN,TS,NW,b,b,NaN,NaN,NaN,NaN,NaN,NaN,
1985062600,06w.1985,IRMA,TY,NN,11.5,131.5,60,NaN,318,7,318,7,NaN,NaN,NaN,NaN,NaN,NaN,NaN,NaN,NaN,NaN,TS,NW,b,b,NaN,NaN,NaN,NaN,NaN,NaN,
1985062606,06w.1985,IRMA,TY,NN,12.3,131.0,60,NaN,323,8,323,8,NaN,NaN,NaN,NaN,NaN,NaN,NaN,NaN,NaN,NaN,TS,NW,b,b,NaN,NaN,NaN,NaN,NaN,NaN,
1985062612,06w.1985,IRMA,TY,NN,13.1,130.6,60,NaN,331,9,331,9,NaN,NaN,NaN,NaN,NaN,NaN,NaN,NaN,NaN,NaN,TS,NW,b,b,NaN,NaN,NaN,NaN,NaN,NaN,
1985062618,06w.1985,IRMA,TY,NN,13.9,130.3,60,NaN,337,9,337,9,NaN,NaN,NaN,NaN,NaN,NaN,NaN,NaN,NaN,NaN,TS,NW,b,b,NaN,NaN,NaN,NaN,NaN,NaN,
1985062700,06w.1985,IRMA,TY,NN,14.9,130.2,60,NaN,348,9,348,9,NaN,NaN,NaN,NaN,NaN,NaN,NaN,NaN,NaN,NaN,TS,NW,b,b,NaN,NaN,NaN,NaN,NaN,NaN,
1985062706,06w.1985,IRMA,TY,NN,15.8,130.0,65,NaN,351,10,351,10,NaN,NaN,NaN,NaN,NaN,NaN,NaN,NaN,NaN,NaN,TY,NW,b,b,NaN,NaN,NaN,NaN,NaN,NaN,
1985062712,06w.1985,IRMA,TY,NN,16.7,129.7,75,NaN,345,9,345,9,NaN,NaN,NaN,NaN,NaN,NaN,NaN,NaN,NaN,NaN,TY,NW,b,b,NaN,NaN,NaN,NaN,NaN,NaN,
1985062718,06w.1985,IRMA,TY,NN,17.7,129.6,75,NaN,349,10,349,10,NaN,NaN,NaN,NaN,NaN,NaN,NaN,NaN,NaN,NaN,TY,NW,b,b,NaN,NaN,NaN,NaN,NaN,NaN,
1985062800,06w.1985,IRMA,TY,NN,18.8,129.7,75,NaN,360,11,360,11,NaN,NaN,NaN,NaN,NaN,NaN,NaN,NaN,NaN,NaN,TY,NW,b,b,NaN,NaN,NaN,NaN,NaN,NaN,
1985062806,06w.1985,IRMA,TY,NN,20.0,129.8,80,NaN,5,12,5,12,NaN,NaN,NaN,NaN,NaN,NaN,NaN,NaN,NaN,NaN,TY,NW,b,b,NaN,NaN,NaN,NaN,NaN,NaN,
1985062812,06w.1985,IRMA,TY,NN,21.3,129.9,80,NaN,4,13,4,13,NaN,NaN,NaN,NaN,NaN,NaN,NaN,NaN,NaN,NaN,TY,NW,b,b,NaN,NaN,NaN,NaN,NaN,NaN,
1985062818,06w.1985,IRMA,TY,NN,22.8,130.0,85,NaN,4,14,4,14,NaN,NaN,NaN,NaN,NaN,NaN,NaN,NaN,NaN,NaN,TY,NW,b,b,NaN,NaN,NaN,NaN,NaN,NaN,
1985062900,06w.1985,IRMA,TY,NN,24.4,130.1,90,NaN,3,16,3,16,NaN,NaN,NaN,NaN,NaN,NaN,NaN,NaN,NaN,NaN,TY,NW,b,b,NaN,NaN,NaN,NaN,NaN,NaN,
1985062906,06w.1985,IRMA,TY,NN,25.7,130.2,90,NaN,4,15,4,15,NaN,NaN,NaN,NaN,NaN,NaN,NaN,NaN,NaN,NaN,TY,NW,b,b,NaN,NaN,NaN,NaN,NaN,NaN,
1985062912,06w.1985,IRMA,TY,NN,27.0,130.5,85,NaN,8,13,8,13,NaN,NaN,NaN,NaN,NaN,NaN,NaN,NaN,NaN,NaN,TY,NW,b,b,NaN,NaN,NaN,NaN,NaN,NaN,
1985062918,06w.1985,IRMA,TY,NN,28.2,131.0,80,NaN,16,13,16,13,NaN,NaN,NaN,NaN,NaN,NaN,NaN,NaN,NaN,NaN,TY,NW,b,b,NaN,NaN,NaN,NaN,NaN,NaN,
1985063000,06w.1985,IRMA,TY,NN,29.4,131.9,75,NaN,27,13,27,13,NaN,NaN,NaN,NaN,NaN,NaN,NaN,NaN,NaN,NaN,TY,NW,b,b,NaN,NaN,NaN,NaN,NaN,NaN,
1985063006,06w.1985,IRMA,TY,NN,30.9,133.4,75,NaN,38,17,38,17,NaN,NaN,NaN,NaN,NaN,NaN,NaN,NaN,NaN,NaN,TY,NW,b,b,NaN,NaN,NaN,NaN,NaN,NaN,
1985063012,06w.1985,IRMA,TY,NN,32.4,135.5,75,NaN,46,22,46,22,NaN,NaN,NaN,NaN,NaN,NaN,NaN,NaN,NaN,NaN,TY,NW,b,b,NaN,NaN,NaN,NaN,NaN,NaN,
1985063018,06w.1985,IRMA,TY,NN,34.8,138.7,65,NaN,49,30,49,30,NaN,NaN,NaN,NaN,NaN,NaN,NaN,NaN,NaN,NaN,TY,NW,b,b,NaN,NaN,0.66,NaN,NaN,NaN,
1985070100,06w.1985,IRMA,TY,NN,37.7,142.5,60,NaN,47,39,47,39,NaN,NaN,NaN,NaN,NaN,NaN,NaN,NaN,NaN,NaN,TS,NW,b,b,NaN,NaN,NaN,NaN,NaN,NaN,
1985070106,06w.1985,IRMA,TY,NN,40.1,146.5,55,NaN,49,41,49,41,NaN,NaN,NaN,NaN,NaN,NaN,NaN,NaN,NaN,NaN,TS,NW,b,b,NaN,NaN,NaN,NaN,NaN,NaN,
1985072100,w07.1985,9X-W07,TY,NN,19.4,146.0,20,NaN,9,9,9,9,NaN,NaN,NaN,NaN,NaN,NaN,NaN,NaN,NaN,NaN,NT,NW,b,b,NaN,NaN,NaN,NaN,NaN,NaN,
1985072106,w07.1985,9X-W07,TY,NN,20.4,146.2,25,NaN,9,9,9,9,NaN,NaN,NaN,NaN,NaN,NaN,NaN,NaN,NaN,NaN,TD,NW,b,b,NaN,NaN,NaN,NaN,NaN,NaN,
1985072112,w07.1985,9X-W07,TY,NN,21.2,146.3,25,NaN,9,9,9,9,NaN,NaN,NaN,NaN,NaN,NaN,NaN,NaN,NaN,NaN,TD,NW,b,b,NaN,NaN,NaN,NaN,NaN,NaN,
1985072118,w07.1985,9X-W07,TY,NN,22.1,146.2,30,NaN,360,8,360,9,NaN,NaN,NaN,NaN,NaN,NaN,NaN,NaN,NaN,NaN,TD,NW,b,b,NaN,NaN,NaN,NaN,NaN,NaN,
1985072200,07w.1985,JEFF,TY,NN,22.7,146.1,35,NaN,353,8,353,8,NaN,NaN,NaN,NaN,NaN,NaN,NaN,NaN,NaN,NaN,TS,NW,b,b,NaN,NaN,NaN,NaN,NaN,NaN,
1985072206,07w.1985,JEFF,TY,NN,23.1,145.8,35,NaN,340,5,340,5,NaN,NaN,NaN,NaN,NaN,NaN,NaN,NaN,NaN,NaN,TS,NW,b,b,NaN,NaN,NaN,NaN,NaN,NaN,
1985072212,07w.1985,JEFF,TY,NN,23.3,145.3,40,NaN,309,5,309,5,NaN,NaN,NaN,NaN,NaN,NaN,NaN,NaN,NaN,NaN,TS,NW,b,b,NaN,NaN,NaN,NaN,NaN,NaN,
1985072218,07w.1985,JEFF,TY,NN,23.5,145.2,45,NaN,306,3,306,3,NaN,NaN,NaN,NaN,NaN,NaN,NaN,NaN,NaN,NaN,TS,NW,b,b,NaN,NaN,NaN,NaN,NaN,NaN,
1985072300,07w.1985,JEFF,TY,NN,24.0,145.6,55,NaN,21,4,21,4,NaN,NaN,NaN,NaN,NaN,NaN,NaN,NaN,NaN,NaN,TS,NW,b,b,NaN,NaN,NaN,NaN,NaN,NaN,
1985072306,07w.1985,JEFF,TY,NN,24.7,146.2,60,NaN,37,8,37,8,NaN,NaN,NaN,NaN,NaN,NaN,NaN,NaN,NaN,NaN,TS,NW,b,b,NaN,NaN,NaN,NaN,NaN,NaN,
1985072312,07w.1985,JEFF,TY,NN,25.5,146.7,60,NaN,34,9,34,9,NaN,NaN,NaN,NaN,NaN,NaN,NaN,NaN,NaN,NaN,TS,NW,b,b,NaN,NaN,NaN,NaN,NaN,NaN,
1985072318,07w.1985,JEFF,TY,NN,26.0,147.1,60,NaN,32,8,32,8,NaN,NaN,NaN,NaN,NaN,NaN,NaN,NaN,NaN,NaN,TS,NW,b,b,NaN,NaN,NaN,NaN,NaN,NaN,
1985072400,07w.1985,JEFF,TY,NN,26.6,147.3,55,NaN,26,6,26,6,NaN,NaN,NaN,NaN,NaN,NaN,NaN,NaN,NaN,NaN,TS,NW,b,b,NaN,NaN,NaN,NaN,NaN,NaN,
1985072406,07w.1985,JEFF,TY,NN,27.6,147.3,55,NaN,6,8,6,8,NaN,NaN,NaN,NaN,NaN,NaN,NaN,NaN,NaN,NaN,TS,NW,b,b,NaN,NaN,NaN,NaN,NaN,NaN,
1985072412,07w.1985,JEFF,TY,NN,28.2,146.7,55,NaN,342,8,342,8,NaN,NaN,NaN,NaN,NaN,NaN,NaN,NaN,NaN,NaN,TS,NW,b,b,NaN,NaN,NaN,NaN,NaN,NaN,
1985072418,07w.1985,JEFF,TY,NN,28.2,145.8,50,NaN,294,7,294,7,NaN,NaN,NaN,NaN,NaN,NaN,NaN,NaN,NaN,NaN,TS,NW,b,b,NaN,NaN,NaN,NaN,NaN,NaN,
1985072500,07w.1985,JEFF,TY,NN,28.1,144.9,45,NaN,266,8,266,8,NaN,NaN,NaN,NaN,NaN,NaN,NaN,NaN,NaN,NaN,TS,NW,b,b,NaN,NaN,NaN,NaN,NaN,NaN,
1985072506,07w.1985,JEFF,TY,NN,28.0,144.3,45,NaN,261,7,261,7,NaN,NaN,NaN,NaN,NaN,NaN,NaN,NaN,NaN,NaN,TS,NW,b,b,NaN,NaN,NaN,NaN,NaN,NaN,
1985072512,07w.1985,JEFF,TY,NN,27.9,143.2,40,NaN,262,8,262,8,NaN,NaN,NaN,NaN,NaN,NaN,NaN,NaN,NaN,NaN,TS,NW,b,b,NaN,NaN,NaN,NaN,NaN,NaN,
1985072518,07w.1985,JEFF,TY,NN,27.6,142.0,35,NaN,259,10,259,10,NaN,NaN,NaN,NaN,NaN,NaN,NaN,NaN,NaN,NaN,TS,NW,b,b,NaN,NaN,NaN,NaN,NaN,NaN,
1985072600,07w.1985,JEFF,TY,NN,27.2,140.5,30,NaN,254,12,254,12,NaN,NaN,NaN,NaN,NaN,NaN,NaN,NaN,NaN,NaN,TD,NW,b,b,NaN,NaN,NaN,NaN,NaN,NaN,
1985072606,07w.1985,JEFF,TY,NN,27.1,139.2,25,NaN,259,13,259,13,NaN,NaN,NaN,NaN,NaN,NaN,NaN,NaN,NaN,NaN,TD,NW,b,b,NaN,NaN,NaN,NaN,NaN,NaN,
1985072612,07w.1985,JEFF,TY,NN,27.0,137.7,25,NaN,265,13,265,13,NaN,NaN,NaN,NaN,NaN,NaN,NaN,NaN,NaN,NaN,TD,NW,b,b,NaN,NaN,NaN,NaN,NaN,NaN,
1985072618,07w.1985,JEFF,TY,NN,26.5,135.9,30,NaN,258,15,258,15,NaN,NaN,NaN,NaN,NaN,NaN,NaN,NaN,NaN,NaN,TD,NW,b,b,NaN,NaN,NaN,NaN,NaN,NaN,
1985072700,07w.1985,JEFF,TY,NN,25.8,134.2,40,NaN,249,17,249,17,NaN,NaN,NaN,NaN,NaN,NaN,NaN,NaN,NaN,NaN,TS,NW,b,b,NaN,NaN,NaN,NaN,NaN,NaN,
1985072706,07w.1985,JEFF,TY,NN,25.3,132.8,50,NaN,247,15,247,15,NaN,NaN,NaN,NaN,NaN,NaN,NaN,NaN,NaN,NaN,TS,NW,b,b,NaN,NaN,NaN,NaN,NaN,NaN,
1985072712,07w.1985,JEFF,TY,NN,24.9,131.3,50,NaN,251,14,251,14,NaN,NaN,NaN,NaN,NaN,NaN,NaN,NaN,NaN,NaN,TS,NW,b,b,NaN,NaN,NaN,NaN,NaN,NaN,
1985072718,07w.1985,JEFF,TY,NN,24.9,130.0,50,NaN,261,13,261,13,NaN,NaN,NaN,NaN,NaN,NaN,NaN,NaN,NaN,NaN,TS,NW,b,b,NaN,NaN,NaN,NaN,NaN,NaN,
1985072800,07w.1985,JEFF,TY,NN,25.0,128.8,50,NaN,273,11,273,11,NaN,NaN,NaN,NaN,NaN,NaN,NaN,NaN,NaN,NaN,TS,NW,b,b,NaN,NaN,NaN,NaN,NaN,NaN,
1985072806,07w.1985,JEFF,TY,NN,24.9,127.7,50,NaN,270,10,270,10,NaN,NaN,NaN,NaN,NaN,NaN,NaN,NaN,NaN,NaN,TS,NW,b,b,NaN,NaN,NaN,NaN,NaN,NaN,
1985072812,07w.1985,JEFF,TY,NN,24.8,126.8,55,NaN,264,9,264,9,NaN,NaN,NaN,NaN,NaN,NaN,NaN,NaN,NaN,NaN,TS,NW,b,b,NaN,NaN,NaN,NaN,NaN,NaN,
1985072818,07w.1985,JEFF,TY,NN,24.9,125.9,60,NaN,270,8,270,8,NaN,NaN,NaN,NaN,NaN,NaN,NaN,NaN,NaN,NaN,TS,NW,b,b,NaN,NaN,NaN,NaN,NaN,NaN,
1985072900,07w.1985,JEFF,TY,NN,25.1,125.1,65,NaN,281,8,281,8,NaN,NaN,NaN,NaN,NaN,NaN,NaN,NaN,NaN,NaN,TY,NW,b,b,NaN,NaN,0.03,NaN,NaN,NaN,
1985072906,07w.1985,JEFF,TY,NN,25.5,124.4,70,NaN,294,7,294,7,NaN,NaN,NaN,NaN,NaN,NaN,NaN,NaN,NaN,NaN,TY,NW,b,b,NaN,NaN,NaN,NaN,NaN,NaN,
1985072912,07w.1985,JEFF,TY,NN,25.9,123.8,70,NaN,304,7,304,7,NaN,NaN,NaN,NaN,NaN,NaN,NaN,NaN,NaN,NaN,TY,NW,b,b,NaN,NaN,NaN,NaN,NaN,NaN,
1985072918,07w.1985,JEFF,TY,NN,26.4,123.2,70,NaN,310,7,310,7,NaN,NaN,NaN,NaN,NaN,NaN,NaN,NaN,NaN,NaN,TY,NW,b,b,NaN,NaN,NaN,NaN,NaN,NaN,
1985073000,07w.1985,JEFF,TY,NN,26.9,122.5,70,NaN,311,8,311,8,NaN,NaN,NaN,NaN,NaN,NaN,NaN,NaN,NaN,NaN,TY,NW,b,b,NaN,NaN,NaN,NaN,NaN,NaN,
1985073006,07w.1985,JEFF,TY,NN,27.5,121.9,75,NaN,314,8,314,8,NaN,NaN,NaN,NaN,NaN,NaN,NaN,NaN,NaN,NaN,TY,NW,b,b,NaN,NaN,NaN,NaN,NaN,NaN,
1985073012,07w.1985,JEFF,TY,NN,27.9,121.4,75,NaN,316,7,316,7,NaN,NaN,NaN,NaN,NaN,NaN,NaN,NaN,NaN,NaN,TY,NW,b,b,NaN,NaN,0.17,NaN,NaN,NaN,
1985073018,07w.1985,JEFF,TY,NN,28.6,120.8,60,NaN,319,7,319,7,NaN,NaN,NaN,NaN,NaN,NaN,NaN,NaN,NaN,NaN,TS,NW,b,b,NaN,NaN,0.87,NaN,NaN,NaN,
1985073100,07w.1985,JEFF,TY,NN,29.3,120.6,45,NaN,333,8,333,8,NaN,NaN,NaN,NaN,NaN,NaN,NaN,NaN,NaN,NaN,TS,NW,b,b,NaN,NaN,0.98,NaN,NaN,NaN,
1985073106,07w.1985,JEFF,TY,NN,30.0,120.5,40,NaN,349,7,349,7,NaN,NaN,NaN,NaN,NaN,NaN,NaN,NaN,NaN,NaN,TS,NW,b,b,NaN,NaN,0.85,NaN,NaN,NaN,
1985073112,07w.1985,JEFF,TY,NN,30.7,120.4,35,NaN,353,7,353,7,NaN,NaN,NaN,NaN,NaN,NaN,NaN,NaN,NaN,NaN,TS,NW,b,b,NaN,NaN,0.80,NaN,NaN,NaN,
1985073118,07w.1985,JEFF,TY,NN,31.5,120.4,30,NaN,357,8,357,8,NaN,NaN,NaN,NaN,NaN,NaN,NaN,NaN,NaN,NaN,TD,NW,b,b,NaN,NaN,0.64,NaN,NaN,NaN,
1985080100,07w.1985,JEFF,TY,NN,32.4,120.6,30,NaN,6,9,6,9,NaN,NaN,NaN,NaN,NaN,NaN,NaN,NaN,NaN,NaN,TD,NW,b,b,NaN,NaN,0.91,NaN,NaN,NaN,
1985080106,07w.1985,JEFF,TY,NN,33.4,121.0,35,NaN,15,10,15,10,NaN,NaN,NaN,NaN,NaN,NaN,NaN,NaN,NaN,NaN,TS,NW,b,b,NaN,NaN,0.13,NaN,NaN,NaN,
1985080112,07w.1985,JEFF,TY,NN,34.4,121.7,45,NaN,25,11,25,11,NaN,NaN,NaN,NaN,NaN,NaN,NaN,NaN,NaN,NaN,TS,NW,b,b,NaN,NaN,NaN,NaN,NaN,NaN,
1985080118,07w.1985,JEFF,TY,NN,35.9,122.2,50,NaN,22,13,22,13,NaN,NaN,NaN,NaN,NaN,NaN,NaN,NaN,NaN,NaN,TS,NW,b,b,NaN,NaN,NaN,NaN,NaN,NaN,
1985080200,07w.1985,JEFF,TY,NN,37.5,122.9,45,NaN,17,16,17,16,NaN,NaN,NaN,NaN,NaN,NaN,NaN,NaN,NaN,NaN,TS,NW,b,b,NaN,NaN,0.02,NaN,NaN,NaN,
1985073106,w08.1985,9X-W08,TY,NN,20.8,145.9,20,NaN,273,8,273,8,NaN,NaN,NaN,NaN,NaN,NaN,NaN,NaN,NaN,NaN,NT,NW,b,b,NaN,NaN,NaN,NaN,NaN,NaN,
1985073112,w08.1985,9X-W08,TY,NN,20.8,145.0,20,NaN,273,8,273,8,NaN,NaN,NaN,NaN,NaN,NaN,NaN,NaN,NaN,NaN,NT,NW,b,b,NaN,NaN,NaN,NaN,NaN,NaN,
1985073118,w08.1985,9X-W08,TY,NN,20.9,144.1,25,NaN,273,8,273,8,NaN,NaN,NaN,NaN,NaN,NaN,NaN,NaN,NaN,NaN,TD,NW,b,b,NaN,NaN,NaN,NaN,NaN,NaN,
1985080100,w08.1985,9X-W08,TY,NN,21.3,143.0,25,NaN,285,10,285,10,NaN,NaN,NaN,NaN,NaN,NaN,NaN,NaN,NaN,NaN,TD,NW,b,b,NaN,NaN,NaN,NaN,NaN,NaN,
1985080106,w08.1985,9X-W08,TY,NN,21.7,142.0,25,NaN,292,11,292,11,NaN,NaN,NaN,NaN,NaN,NaN,NaN,NaN,NaN,NaN,TD,NW,b,b,NaN,NaN,NaN,NaN,NaN,NaN,
1985080112,w08.1985,9X-W08,TY,NN,22.3,140.7,25,NaN,295,12,295,12,NaN,NaN,NaN,NaN,NaN,NaN,NaN,NaN,NaN,NaN,TD,NW,b,b,NaN,NaN,NaN,NaN,NaN,NaN,
1985080118,w08.1985,9X-W08,TY,NN,23.0,139.2,25,NaN,297,14,297,14,NaN,NaN,NaN,NaN,NaN,NaN,NaN,NaN,NaN,NaN,TD,NW,b,b,NaN,NaN,NaN,NaN,NaN,NaN,
1985080200,w08.1985,9X-W08,TY,NN,23.7,137.7,25,NaN,297,15,297,15,NaN,NaN,NaN,NaN,NaN,NaN,NaN,NaN,NaN,NaN,TD,NW,b,b,NaN,NaN,NaN,NaN,NaN,NaN,
1985080206,w08.1985,9X-W08,TY,NN,24.5,136.6,25,NaN,302,14,302,14,NaN,NaN,NaN,NaN,NaN,NaN,NaN,NaN,NaN,NaN,TD,NW,b,b,NaN,NaN,NaN,NaN,NaN,NaN,
1985080212,w08.1985,9X-W08,TY,NN,25.0,135.8,25,NaN,307,11,307,11,NaN,NaN,NaN,NaN,NaN,NaN,NaN,NaN,NaN,NaN,TD,NW,b,b,NaN,NaN,NaN,NaN,NaN,NaN,
1985080218,w08.1985,9X-W08,TY,NN,25.5,135.2,25,NaN,308,8,308,8,NaN,NaN,NaN,NaN,NaN,NaN,NaN,NaN,NaN,NaN,TD,NW,b,b,NaN,NaN,NaN,NaN,NaN,NaN,
1985080300,08w.1985,KIT,TY,NN,26.1,134.6,25,NaN,310,8,315,8,NaN,NaN,NaN,NaN,NaN,NaN,NaN,NaN,NaN,NaN,TD,WN,c,c,NaN,NaN,NaN,NaN,NaN,NaN,
1985080306,08w.1985,KIT,TY,NN,27.2,134.2,30,NaN,331,9,332,10,NaN,NaN,NaN,NaN,NaN,NaN,NaN,NaN,NaN,NaN,TD,WN,c,c,NaN,NaN,NaN,NaN,NaN,NaN,
1985080312,08w.1985,KIT,TY,NN,27.7,133.9,30,NaN,340,8,339,9,NaN,NaN,NaN,NaN,NaN,NaN,NaN,NaN,NaN,NaN,TD,WN,c,c,NaN,NaN,NaN,NaN,NaN,NaN,
1985080318,08w.1985,KIT,TY,NN,27.6,133.5,30,NaN,322,6,303,4,NaN,NaN,NaN,NaN,NaN,NaN,NaN,NaN,NaN,NaN,TD,WN,c,c,NaN,NaN,NaN,NaN,NaN,NaN,
1985080400,08w.1985,KIT,TY,NN,27.6,133.2,35,NaN,325,5,261,3,NaN,NaN,NaN,NaN,NaN,NaN,NaN,NaN,NaN,NaN,TS,WN,c,c,NaN,NaN,NaN,NaN,NaN,NaN,
1985080406,08w.1985,KIT,TY,NN,27.6,132.8,40,NaN,307,3,270,3,NaN,NaN,NaN,NaN,NaN,NaN,NaN,NaN,NaN,NaN,TS,WN,c,c,NaN,NaN,NaN,NaN,NaN,NaN,
1985080412,08w.1985,KIT,TY,NN,27.7,132.4,45,NaN,291,3,278,4,NaN,NaN,NaN,NaN,NaN,NaN,NaN,NaN,NaN,NaN,TS,WN,c,c,NaN,NaN,NaN,NaN,NaN,NaN,
1985080418,08w.1985,KIT,TY,NN,27.8,132.2,45,NaN,291,3,291,3,NaN,NaN,NaN,NaN,NaN,NaN,NaN,NaN,NaN,NaN,TS,WN,c,c,NaN,NaN,NaN,NaN,NaN,NaN,
1985080500,08w.1985,KIT,TY,NN,28.1,131.9,50,NaN,300,3,312,3,NaN,NaN,NaN,NaN,NaN,NaN,NaN,NaN,NaN,NaN,TS,WN,c,c,NaN,NaN,NaN,NaN,NaN,NaN,
1985080506,08w.1985,KIT,TY,NN,28.4,131.9,55,NaN,325,3,336,3,NaN,NaN,NaN,NaN,NaN,NaN,NaN,NaN,NaN,NaN,TS,WN,c,c,NaN,NaN,NaN,NaN,NaN,NaN,
1985080512,08w.1985,KIT,TY,NN,28.6,131.9,55,NaN,350,3,360,2,NaN,NaN,NaN,NaN,NaN,NaN,NaN,NaN,NaN,NaN,TS,WN,c,c,NaN,NaN,NaN,NaN,NaN,NaN,
1985080518,08w.1985,KIT,TY,NN,28.7,132.0,55,NaN,360,2,16,2,NaN,NaN,NaN,NaN,NaN,NaN,NaN,NaN,NaN,NaN,TS,WN,c,c,NaN,NaN,NaN,NaN,NaN,NaN,
1985080600,08w.1985,KIT,TY,NN,29.0,132.2,60,NaN,24,2,33,2,NaN,NaN,NaN,NaN,NaN,NaN,NaN,NaN,NaN,NaN,TS,WN,c,c,NaN,NaN,NaN,NaN,NaN,NaN,
1985080606,08w.1985,KIT,TY,NN,29.0,132.4,65,NaN,49,2,49,2,NaN,NaN,NaN,NaN,NaN,NaN,NaN,NaN,NaN,NaN,TY,WN,c,c,NaN,NaN,NaN,NaN,NaN,NaN,
1985080612,08w.1985,KIT,TY,NN,29.1,132.8,70,NaN,60,3,79,3,NaN,NaN,NaN,NaN,NaN,NaN,NaN,NaN,NaN,NaN,TY,WN,c,c,NaN,NaN,NaN,NaN,NaN,NaN,
1985080618,08w.1985,KIT,TY,NN,29.2,132.5,75,NaN,90,0,24,1,NaN,NaN,NaN,NaN,NaN,NaN,NaN,NaN,NaN,NaN,TY,WN,c,c,NaN,NaN,NaN,NaN,NaN,NaN,
1985080700,08w.1985,KIT,TY,NN,29.3,132.3,80,NaN,41,2,295,2,NaN,NaN,NaN,NaN,NaN,NaN,NaN,NaN,NaN,NaN,TY,WN,c,c,NaN,NaN,NaN,NaN,NaN,NaN,
1985080706,08w.1985,KIT,TY,NN,29.7,132.4,80,NaN,360,2,350,3,NaN,NaN,NaN,NaN,NaN,NaN,NaN,NaN,NaN,NaN,TY,WN,c,c,NaN,NaN,NaN,NaN,NaN,NaN,
1985080712,08w.1985,KIT,TY,NN,30.0,131.9,80,NaN,328,4,334,4,NaN,NaN,NaN,NaN,NaN,NaN,NaN,NaN,NaN,NaN,TY,WN,c,c,NaN,NaN,NaN,NaN,NaN,NaN,
1985080718,08w.1985,KIT,TY,NN,30.2,131.0,80,NaN,296,7,292,7,NaN,NaN,NaN,NaN,NaN,NaN,NaN,NaN,NaN,NaN,TY,WN,c,c,NaN,NaN,0.05,NaN,NaN,NaN,
1985080800,08w.1985,KIT,TY,NN,30.5,130.4,80,NaN,300,7,291,7,NaN,NaN,NaN,NaN,NaN,NaN,NaN,NaN,NaN,NaN,TY,WN,c,c,NaN,NaN,0.08,NaN,NaN,NaN,
1985080806,08w.1985,KIT,TY,NN,30.7,129.5,85,NaN,289,8,291,7,NaN,NaN,NaN,NaN,NaN,NaN,NaN,NaN,NaN,NaN,TY,WN,c,c,NaN,NaN,NaN,NaN,NaN,NaN,
1985080812,08w.1985,KIT,TY,NN,31.0,128.9,85,NaN,291,7,291,7,NaN,NaN,NaN,NaN,NaN,NaN,NaN,NaN,NaN,NaN,TY,WN,c,c,NaN,NaN,NaN,NaN,NaN,NaN,
1985080818,08w.1985,KIT,TY,NN,31.5,128.0,80,NaN,302,8,302,8,NaN,NaN,NaN,NaN,NaN,NaN,NaN,NaN,NaN,NaN,TY,WN,c,c,NaN,NaN,NaN,NaN,NaN,NaN,
1985080900,08w.1985,KIT,TY,NN,32.0,127.0,75,NaN,311,8,302,10,NaN,NaN,NaN,NaN,NaN,NaN,NaN,NaN,NaN,NaN,TY,WN,c,c,NaN,NaN,NaN,NaN,NaN,NaN,
1985080906,08w.1985,KIT,TY,NN,32.6,126.5,75,NaN,317,8,311,8,NaN,NaN,NaN,NaN,NaN,NaN,NaN,NaN,NaN,NaN,TY,WN,c,c,NaN,NaN,NaN,NaN,NaN,NaN,
1985080912,08w.1985,KIT,TY,NN,33.0,126.4,75,NaN,326,6,333,6,NaN,NaN,NaN,NaN,NaN,NaN,NaN,NaN,NaN,NaN,TY,WN,c,c,NaN,NaN,0.17,NaN,NaN,NaN,
1985080918,08w.1985,KIT,TY,NN,33.7,126.2,70,NaN,341,6,347,6,NaN,NaN,NaN,NaN,NaN,NaN,NaN,NaN,NaN,NaN,TY,WN,c,c,NaN,NaN,0.08,NaN,NaN,NaN,
1985081000,08w.1985,KIT,TY,NN,34.4,126.5,65,NaN,3,7,3,7,NaN,NaN,NaN,NaN,NaN,NaN,NaN,NaN,NaN,NaN,TY,WN,c,c,NaN,NaN,0.37,NaN,NaN,NaN,
1985081006,08w.1985,KIT,TY,NN,35.4,126.8,60,NaN,14,9,16,9,NaN,NaN,NaN,NaN,NaN,NaN,NaN,NaN,NaN,NaN,TS,WN,c,c,NaN,NaN,0.91,NaN,NaN,NaN,
1985081012,08w.1985,KIT,TY,NN,36.7,128.7,40,NaN,38,15,38,15,NaN,NaN,NaN,NaN,NaN,NaN,NaN,NaN,NaN,NaN,TS,WN,b,b,NaN,NaN,0.97,NaN,NaN,NaN,
1985081018,08w.1985,KIT,TY,NN,38.4,130.3,45,NaN,41,20,43,21,NaN,NaN,NaN,NaN,NaN,NaN,NaN,NaN,NaN,NaN,TS,WN,c,c,NaN,NaN,NaN,NaN,NaN,NaN,
1985081100,08w.1985,KIT,TY,NN,40.8,132.3,45,NaN,34,25,34,25,NaN,NaN,NaN,NaN,NaN,NaN,NaN,NaN,NaN,NaN,TS,WN,b,b,NaN,NaN,NaN,NaN,NaN,NaN,
1985081006,w09.1985,9X-W09,TS,NN,22.7,131.3,25,NaN,303,3,303,3,NaN,NaN,NaN,NaN,NaN,NaN,NaN,NaN,NaN,NaN,TD,NW,b,b,NaN,NaN,NaN,NaN,NaN,NaN,
1985081012,w09.1985,9X-W09,TS,NN,22.8,131.1,25,NaN,303,3,303,3,NaN,NaN,NaN,NaN,NaN,NaN,NaN,NaN,NaN,NaN,TD,NW,b,b,NaN,NaN,NaN,NaN,NaN,NaN,
1985081018,w09.1985,9X-W09,TS,NN,23.0,130.8,25,NaN,303,3,303,3,NaN,NaN,NaN,NaN,NaN,NaN,NaN,NaN,NaN,NaN,TD,NW,b,b,NaN,NaN,NaN,NaN,NaN,NaN,
1985081100,w09.1985,9X-W09,TS,NN,23.1,130.5,30,NaN,299,3,299,3,NaN,NaN,NaN,NaN,NaN,NaN,NaN,NaN,NaN,NaN,TD,NW,b,b,NaN,NaN,NaN,NaN,NaN,NaN,
1985081106,09w.1985,LEE,TS,NN,23.5,130.2,35,NaN,295,4,312,4,NaN,NaN,NaN,NaN,NaN,NaN,NaN,NaN,NaN,NaN,TS,WN,c,c,NaN,NaN,NaN,NaN,NaN,NaN,
1985081112,09w.1985,LEE,TS,NN,23.7,129.9,40,NaN,306,3,317,4,NaN,NaN,NaN,NaN,NaN,NaN,NaN,NaN,NaN,NaN,TS,WN,c,c,NaN,NaN,NaN,NaN,NaN,NaN,
1985081118,09w.1985,LEE,TS,NN,24.7,129.2,45,NaN,312,7,323,8,NaN,NaN,NaN,NaN,NaN,NaN,NaN,NaN,NaN,NaN,TS,WN,c,c,NaN,NaN,NaN,NaN,NaN,NaN,
1985081200,09w.1985,LEE,TS,NN,25.6,128.7,50,NaN,322,9,330,11,NaN,NaN,NaN,NaN,NaN,NaN,NaN,NaN,NaN,NaN,TS,WN,c,c,NaN,NaN,NaN,NaN,NaN,NaN,
1985081206,09w.1985,LEE,TS,NN,26.7,128.0,50,NaN,330,11,332,11,NaN,NaN,NaN,NaN,NaN,NaN,NaN,NaN,NaN,NaN,TS,WN,c,c,NaN,NaN,0.10,NaN,NaN,NaN,
1985081212,09w.1985,LEE,TS,NN,27.7,127.9,50,NaN,345,10,341,11,NaN,NaN,NaN,NaN,NaN,NaN,NaN,NaN,NaN,NaN,TS,WN,c,c,NaN,NaN,NaN,NaN,NaN,NaN,
1985081218,09w.1985,LEE,TS,NN,28.7,127.2,55,NaN,336,11,340,11,NaN,NaN,NaN,NaN,NaN,NaN,NaN,NaN,NaN,NaN,TS,WN,c,c,NaN,NaN,NaN,NaN,NaN,NaN,
1985081300,09w.1985,LEE,TS,NN,30.0,126.2,60,NaN,334,13,327,14,NaN,NaN,NaN,NaN,NaN,NaN,NaN,NaN,NaN,NaN,TS,WN,c,c,NaN,NaN,NaN,NaN,NaN,NaN,
1985081306,09w.1985,LEE,TS,NN,31.3,125.4,60,NaN,333,14,329,15,NaN,NaN,NaN,NaN,NaN,NaN,NaN,NaN,NaN,NaN,TS,WN,c,c,NaN,NaN,NaN,NaN,NaN,NaN,
1985081312,09w.1985,LEE,TS,NN,32.0,125.3,60,NaN,340,12,339,11,NaN,NaN,NaN,NaN,NaN,NaN,NaN,NaN,NaN,NaN,TS,WN,c,c,NaN,NaN,NaN,NaN,NaN,NaN,
1985081318,09w.1985,LEE,TS,NN,34.0,124.5,60,NaN,339,15,344,14,NaN,NaN,NaN,NaN,NaN,NaN,NaN,NaN,NaN,NaN,TS,WN,c,c,NaN,NaN,NaN,NaN,NaN,NaN,
1985081400,09w.1985,LEE,TS,NN,36.2,124.3,55,NaN,349,21,349,21,NaN,NaN,NaN,NaN,NaN,NaN,NaN,NaN,NaN,NaN,TS,WN,c,c,NaN,NaN,NaN,NaN,NaN,NaN,
1985081406,09w.1985,LEE,TS,NN,39.5,125.2,45,NaN,5,27,6,28,NaN,NaN,NaN,NaN,NaN,NaN,NaN,NaN,NaN,NaN,TS,WN,c,c,NaN,NaN,0.44,NaN,NaN,NaN,
1985081412,09w.1985,LEE,TS,NN,42.0,127.6,25,NaN,24,32,24,32,NaN,NaN,NaN,NaN,NaN,NaN,NaN,NaN,NaN,NaN,TD,WN,b,b,NaN,NaN,0.99,NaN,NaN,NaN,
1985081506,w10.1985,9X-W10,TY,NN,25.2,124.4,25,NaN,56,7,56,7,NaN,NaN,NaN,NaN,NaN,NaN,NaN,NaN,NaN,NaN,TD,NW,b,b,NaN,NaN,NaN,NaN,NaN,NaN,
1985081512,w10.1985,9X-W10,TY,NN,25.7,125.0,25,NaN,56,7,56,7,NaN,NaN,NaN,NaN,NaN,NaN,NaN,NaN,NaN,NaN,TD,NW,b,b,NaN,NaN,NaN,NaN,NaN,NaN,
1985081518,w10.1985,9X-W10,TY,NN,26.0,125.7,35,NaN,56,7,56,7,NaN,NaN,NaN,NaN,NaN,NaN,NaN,NaN,NaN,NaN,TS,NW,b,b,NaN,NaN,NaN,NaN,NaN,NaN,
1985081600,10w.1985,MAMIE,TY,NN,26.5,126.2,45,NaN,51,4,53,7,NaN,NaN,NaN,NaN,NaN,NaN,NaN,NaN,NaN,NaN,TS,WN,c,c,NaN,NaN,NaN,NaN,NaN,NaN,
1985081606,10w.1985,MAMIE,TY,NN,26.8,126.5,50,NaN,37,4,42,5,NaN,NaN,NaN,NaN,NaN,NaN,NaN,NaN,NaN,NaN,TS,WN,c,c,NaN,NaN,NaN,NaN,NaN,NaN,
1985081612,10w.1985,MAMIE,TY,NN,27.2,126.3,50,NaN,360,4,7,4,NaN,NaN,NaN,NaN,NaN,NaN,NaN,NaN,NaN,NaN,TS,WN,c,c,NaN,NaN,NaN,NaN,NaN,NaN,
1985081618,10w.1985,MAMIE,TY,NN,28.2,125.9,60,NaN,344,6,339,7,NaN,NaN,NaN,NaN,NaN,NaN,NaN,NaN,NaN,NaN,TS,WN,c,c,NaN,NaN,NaN,NaN,NaN,NaN,
1985081700,10w.1985,MAMIE,TY,NN,29.0,125.4,65,NaN,339,7,336,10,NaN,NaN,NaN,NaN,NaN,NaN,NaN,NaN,NaN,NaN,TY,WN,c,c,NaN,NaN,NaN,NaN,NaN,NaN,
1985081706,10w.1985,MAMIE,TY,NN,29.5,124.8,65,NaN,328,8,323,8,NaN,NaN,NaN,NaN,NaN,NaN,NaN,NaN,NaN,NaN,TY,WN,c,c,NaN,NaN,NaN,NaN,NaN,NaN,
1985081712,10w.1985,MAMIE,TY,NN,29.6,124.3,70,NaN,313,7,302,6,NaN,NaN,NaN,NaN,NaN,NaN,NaN,NaN,NaN,NaN,TY,WN,c,c,NaN,NaN,NaN,NaN,NaN,NaN,
1985081718,10w.1985,MAMIE,TY,NN,30.1,123.5,70,NaN,309,7,298,6,NaN,NaN,NaN,NaN,NaN,NaN,NaN,NaN,NaN,NaN,TY,WN,c,c,NaN,NaN,NaN,NaN,NaN,NaN,
1985081800,10w.1985,MAMIE,TY,NN,30.7,122.8,70,NaN,312,8,310,9,NaN,NaN,NaN,NaN,NaN,NaN,NaN,NaN,NaN,NaN,TY,WN,c,c,NaN,NaN,NaN,NaN,NaN,NaN,
1985081806,10w.1985,MAMIE,TY,NN,31.8,121.9,65,NaN,323,11,321,11,NaN,NaN,NaN,NaN,NaN,NaN,NaN,NaN,NaN,NaN,TY,WN,c,c,NaN,NaN,0.14,NaN,NaN,NaN,
1985081812,10w.1985,MAMIE,TY,NN,33.2,121.2,65,NaN,333,12,331,14,NaN,NaN,NaN,NaN,NaN,NaN,NaN,NaN,NaN,NaN,TY,WN,c,c,NaN,NaN,0.32,NaN,NaN,NaN,
1985081818,10w.1985,MAMIE,TY,NN,33.9,120.9,60,NaN,323,14,338,11,NaN,NaN,NaN,NaN,NaN,NaN,NaN,NaN,NaN,NaN,TS,WN,c,c,NaN,NaN,0.01,NaN,NaN,NaN,
1985081900,10w.1985,MAMIE,TY,NN,35.0,120.0,50,NaN,340,12,331,10,NaN,NaN,NaN,NaN,NaN,NaN,NaN,NaN,NaN,NaN,TS,WN,c,c,NaN,NaN,0.03,NaN,NaN,NaN,
1985081906,10w.1985,MAMIE,TY,NN,37.5,120.5,40,NaN,1,19,355,18,NaN,NaN,NaN,NaN,NaN,NaN,NaN,NaN,NaN,NaN,TS,WN,c,c,NaN,NaN,0.70,NaN,NaN,NaN,
1985081912,10w.1985,MAMIE,TY,NN,39.2,121.3,40,NaN,16,19,14,22,NaN,NaN,NaN,NaN,NaN,NaN,NaN,NaN,NaN,NaN,TS,WN,c,c,NaN,NaN,0.30,NaN,NaN,NaN,
1985081918,10w.1985,MAMIE,TY,NN,41.5,123.0,30,NaN,26,22,26,22,NaN,NaN,NaN,NaN,NaN,NaN,NaN,NaN,NaN,NaN,TD,WN,b,b,NaN,NaN,0.96,NaN,NaN,NaN,
1985082000,10w.1985,MAMIE,TY,NN,43.9,125.5,25,NaN,34,28,34,28,NaN,NaN,NaN,NaN,NaN,NaN,NaN,NaN,NaN,NaN,TD,NW,b,b,NaN,NaN,0.97,NaN,NaN,NaN,
1985081612,w11.1985,9X-W11,TY,NN,17.3,143.6,15,NaN,324,8,324,8,NaN,NaN,NaN,NaN,NaN,NaN,NaN,NaN,NaN,NaN,NT,NW,b,b,NaN,NaN,NaN,NaN,NaN,NaN,
1985081618,w11.1985,9X-W11,TY,NN,17.9,143.2,15,NaN,324,8,324,8,NaN,NaN,NaN,NaN,NaN,NaN,NaN,NaN,NaN,NaN,NT,NW,b,b,NaN,NaN,NaN,NaN,NaN,NaN,
1985081700,w11.1985,9X-W11,TY,NN,18.6,142.6,20,NaN,324,8,324,8,NaN,NaN,NaN,NaN,NaN,NaN,NaN,NaN,NaN,NaN,NT,NW,b,b,NaN,NaN,NaN,NaN,NaN,NaN,
1985081706,w11.1985,9X-W11,TY,NN,19.2,142.1,20,NaN,321,8,321,8,NaN,NaN,NaN,NaN,NaN,NaN,NaN,NaN,NaN,NaN,NT,NW,b,b,NaN,NaN,NaN,NaN,NaN,NaN,
1985081712,w11.1985,9X-W11,TY,NN,19.8,141.5,25,NaN,319,8,319,8,NaN,NaN,NaN,NaN,NaN,NaN,NaN,NaN,NaN,NaN,TD,NW,b,b,NaN,NaN,NaN,NaN,NaN,NaN,
1985081718,11w.1985,NELSON,TY,NN,20.3,141.1,30,NaN,311,7,319,7,NaN,NaN,NaN,NaN,NaN,NaN,NaN,NaN,NaN,NaN,TD,WN,c,c,NaN,NaN,NaN,NaN,NaN,NaN,
1985081800,11w.1985,NELSON,TY,NN,21.0,139.6,40,NaN,306,11,304,11,NaN,NaN,NaN,NaN,NaN,NaN,NaN,NaN,NaN,NaN,TS,WN,c,c,NaN,NaN,NaN,NaN,NaN,NaN,
1985081806,11w.1985,NELSON,TY,NN,21.5,139.6,45,NaN,313,9,311,9,NaN,NaN,NaN,NaN,NaN,NaN,NaN,NaN,NaN,NaN,TS,WN,c,c,NaN,NaN,NaN,NaN,NaN,NaN,
1985081812,11w.1985,NELSON,TY,NN,22.2,138.4,55,NaN,303,10,317,8,NaN,NaN,NaN,NaN,NaN,NaN,NaN,NaN,NaN,NaN,TS,WN,c,c,NaN,NaN,NaN,NaN,NaN,NaN,
1985081818,11w.1985,NELSON,TY,NN,22.5,137.5,60,NaN,294,10,297,11,NaN,NaN,NaN,NaN,NaN,NaN,NaN,NaN,NaN,NaN,TS,WN,c,c,NaN,NaN,NaN,NaN,NaN,NaN,
1985081900,11w.1985,NELSON,TY,NN,22.6,136.5,65,NaN,276,10,283,9,NaN,NaN,NaN,NaN,NaN,NaN,NaN,NaN,NaN,NaN,TY,WN,c,c,NaN,NaN,NaN,NaN,NaN,NaN,
1985081906,11w.1985,NELSON,TY,NN,22.9,135.8,70,NaN,281,8,284,8,NaN,NaN,NaN,NaN,NaN,NaN,NaN,NaN,NaN,NaN,TY,WN,c,c,NaN,NaN,NaN,NaN,NaN,NaN,
1985081912,11w.1985,NELSON,TY,NN,23.1,134.9,65,NaN,284,9,289,8,NaN,NaN,NaN,NaN,NaN,NaN,NaN,NaN,NaN,NaN,TY,WN,c,c,NaN,NaN,NaN,NaN,NaN,NaN,
1985081918,11w.1985,NELSON,TY,NN,23.0,133.9,70,NaN,276,9,273,9,NaN,NaN,NaN,NaN,NaN,NaN,NaN,NaN,NaN,NaN,TY,WN,c,c,NaN,NaN,NaN,NaN,NaN,NaN,
1985082000,11w.1985,NELSON,TY,NN,23.1,133.2,70,NaN,274,8,270,8,NaN,NaN,NaN,NaN,NaN,NaN,NaN,NaN,NaN,NaN,TY,WN,c,c,NaN,NaN,NaN,NaN,NaN,NaN,
1985082006,11w.1985,NELSON,TY,NN,23.1,132.3,75,NaN,274,7,274,7,NaN,NaN,NaN,NaN,NaN,NaN,NaN,NaN,NaN,NaN,TY,WN,c,c,NaN,NaN,NaN,NaN,NaN,NaN,
1985082012,11w.1985,NELSON,TY,NN,23.1,130.9,75,NaN,270,7,270,11,NaN,NaN,NaN,NaN,NaN,NaN,NaN,NaN,NaN,NaN,TY,WN,c,c,NaN,NaN,NaN,NaN,NaN,NaN,
1985082018,11w.1985,NELSON,TY,NN,23.2,130.8,80,NaN,274,7,274,7,NaN,NaN,NaN,NaN,NaN,NaN,NaN,NaN,NaN,NaN,TY,WN,c,c,NaN,NaN,NaN,NaN,NaN,NaN,
1985082100,11w.1985,NELSON,TY,NN,23.7,130.2,80,NaN,290,7,313,4,NaN,NaN,NaN,NaN,NaN,NaN,NaN,NaN,NaN,NaN,TY,WN,c,c,NaN,NaN,NaN,NaN,NaN,NaN,
1985082106,11w.1985,NELSON,TY,NN,24.0,129.2,90,NaN,288,8,299,8,NaN,NaN,NaN,NaN,NaN,NaN,NaN,NaN,NaN,NaN,TY,WN,c,c,NaN,NaN,NaN,NaN,NaN,NaN,
1985082112,11w.1985,NELSON,TY,NN,24.1,128.0,90,NaN,282,9,281,10,NaN,NaN,NaN,NaN,NaN,NaN,NaN,NaN,NaN,NaN,TY,WN,c,c,NaN,NaN,NaN,NaN,NaN,NaN,
1985082118,11w.1985,NELSON,TY,NN,24.2,126.9,95,NaN,273,9,275,11,NaN,NaN,NaN,NaN,NaN,NaN,NaN,NaN,NaN,NaN,TY,WN,c,c,NaN,NaN,NaN,NaN,NaN,NaN,
1985082200,11w.1985,NELSON,TY,NN,24.5,125.8,90,NaN,279,10,281,10,NaN,NaN,NaN,NaN,NaN,NaN,NaN,NaN,NaN,NaN,TY,WN,c,c,NaN,NaN,NaN,NaN,NaN,NaN,
1985082206,11w.1985,NELSON,TY,NN,24.7,124.8,85,NaN,285,9,285,10,NaN,NaN,NaN,NaN,NaN,NaN,NaN,NaN,NaN,NaN,TY,WN,c,c,NaN,NaN,0.03,NaN,NaN,NaN,
1985082212,11w.1985,NELSON,TY,NN,24.7,123.8,85,NaN,276,9,276,9,NaN,NaN,NaN,NaN,NaN,NaN,NaN,NaN,NaN,NaN,TY,WN,c,c,NaN,NaN,0.05,NaN,NaN,NaN,
1985082218,11w.1985,NELSON,TY,NN,25.2,122.8,80,NaN,288,10,285,9,NaN,NaN,NaN,NaN,NaN,NaN,NaN,NaN,NaN,NaN,TY,WN,c,c,NaN,NaN,NaN,NaN,NaN,NaN,
1985082300,11w.1985,NELSON,TY,NN,25.6,121.9,80,NaN,298,10,298,10,NaN,NaN,NaN,NaN,NaN,NaN,NaN,NaN,NaN,NaN,TY,WN,c,c,NaN,NaN,0.08,NaN,NaN,NaN,
1985082306,11w.1985,NELSON,TY,NN,25.6,120.8,70,NaN,282,10,282,9,NaN,NaN,NaN,NaN,NaN,NaN,NaN,NaN,NaN,NaN,TY,WN,c,c,NaN,NaN,0.07,NaN,NaN,NaN,
1985082312,11w.1985,NELSON,TY,NN,25.7,119.9,70,NaN,276,9,273,9,NaN,NaN,NaN,NaN,NaN,NaN,NaN,NaN,NaN,NaN,TY,WN,c,c,NaN,NaN,0.07,NaN,NaN,NaN,
1985082318,11w.1985,NELSON,TY,NN,25.3,118.7,50,NaN,259,10,261,10,NaN,NaN,NaN,NaN,NaN,NaN,NaN,NaN,NaN,NaN,TS,WN,c,c,NaN,NaN,0.96,NaN,NaN,NaN,
1985082400,11w.1985,NELSON,TY,NN,25.7,117.6,35,NaN,270,10,270,10,NaN,NaN,NaN,NaN,NaN,NaN,NaN,NaN,NaN,NaN,TS,NW,b,b,NaN,NaN,0.99,NaN,NaN,NaN,
1985082406,11w.1985,NELSON,TY,NN,26.1,116.7,30,NaN,294,10,294,10,NaN,NaN,NaN,NaN,NaN,NaN,NaN,NaN,NaN,NaN,TD,NW,b,b,NaN,NaN,0.99,NaN,NaN,NaN,
1985082300,w12.1985,9X-W12,TY,NN,18.4,141.1,25,NaN,75,2,75,2,NaN,NaN,NaN,NaN,NaN,NaN,NaN,NaN,NaN,NaN,TD,NW,b,b,NaN,NaN,NaN,NaN,NaN,NaN,
1985082306,12w.1985,ODESSA,TY,NN,18.6,141.5,25,NaN,335,1,75,2,NaN,NaN,NaN,NaN,NaN,NaN,NaN,NaN,NaN,NaN,TD,WN,c,c,NaN,NaN,NaN,NaN,NaN,NaN,
1985082312,12w.1985,ODESSA,TY,NN,18.5,141.5,30,NaN,335,1,75,2,NaN,NaN,NaN,NaN,NaN,NaN,NaN,NaN,NaN,NaN,TD,WN,c,c,NaN,NaN,NaN,NaN,NaN,NaN,
1985082318,12w.1985,ODESSA,TY,NN,17.1,142.7,35,NaN,125,5,143,9,NaN,NaN,NaN,NaN,NaN,NaN,NaN,NaN,NaN,NaN,TS,WN,c,c,NaN,NaN,NaN,NaN,NaN,NaN,
1985082400,12w.1985,ODESSA,TY,NN,16.9,143.1,40,NaN,123,5,136,11,NaN,NaN,NaN,NaN,NaN,NaN,NaN,NaN,NaN,NaN,TS,WN,c,c,NaN,NaN,NaN,NaN,NaN,NaN,
1985082406,12w.1985,ODESSA,TY,NN,17.5,143.5,45,NaN,62,4,62,4,NaN,NaN,NaN,NaN,NaN,NaN,NaN,NaN,NaN,NaN,TS,WN,c,c,NaN,NaN,NaN,NaN,NaN,NaN,
1985082412,12w.1985,ODESSA,TY,NN,17.9,143.9,50,NaN,40,5,37,6,NaN,NaN,NaN,NaN,NaN,NaN,NaN,NaN,NaN,NaN,TS,WN,c,c,NaN,NaN,NaN,NaN,NaN,NaN,
1985082418,12w.1985,ODESSA,TY,NN,19.8,144.2,55,NaN,13,11,16,12,NaN,NaN,NaN,NaN,NaN,NaN,NaN,NaN,NaN,NaN,TS,WN,c,c,NaN,NaN,NaN,NaN,NaN,NaN,
1985082500,12w.1985,ODESSA,TY,NN,21.0,144.0,65,NaN,360,12,2,16,NaN,NaN,NaN,NaN,NaN,NaN,NaN,NaN,NaN,NaN,TY,WN,c,c,NaN,NaN,NaN,NaN,NaN,NaN,
1985082506,12w.1985,ODESSA,TY,NN,22.0,143.6,70,NaN,348,11,346,11,NaN,NaN,NaN,NaN,NaN,NaN,NaN,NaN,NaN,NaN,TY,WN,c,c,NaN,NaN,NaN,NaN,NaN,NaN,
1985082512,12w.1985,ODESSA,TY,NN,22.9,142.9,75,NaN,332,11,332,11,NaN,NaN,NaN,NaN,NaN,NaN,NaN,NaN,NaN,NaN,TY,WN,c,c,NaN,NaN,NaN,NaN,NaN,NaN,
1985082518,12w.1985,ODESSA,TY,NN,24.2,142.5,75,NaN,337,12,335,12,NaN,NaN,NaN,NaN,NaN,NaN,NaN,NaN,NaN,NaN,TY,WN,c,c,NaN,NaN,NaN,NaN,NaN,NaN,
1985082600,12w.1985,ODESSA,TY,NN,25.1,142.6,80,NaN,346,10,353,11,NaN,NaN,NaN,NaN,NaN,NaN,NaN,NaN,NaN,NaN,TY,WN,c,c,NaN,NaN,NaN,NaN,NaN,NaN,
1985082606,12w.1985,ODESSA,TY,NN,26.0,142.5,80,NaN,343,9,360,9,NaN,NaN,NaN,NaN,NaN,NaN,NaN,NaN,NaN,NaN,TY,WN,c,c,NaN,NaN,NaN,NaN,NaN,NaN,
1985082612,12w.1985,ODESSA,TY,NN,26.8,142.0,85,NaN,342,9,342,9,NaN,NaN,NaN,NaN,NaN,NaN,NaN,NaN,NaN,NaN,TY,WN,c,c,NaN,NaN,NaN,NaN,NaN,NaN,
1985082618,12w.1985,ODESSA,TY,NN,27.5,141.6,85,NaN,335,8,332,9,NaN,NaN,NaN,NaN,NaN,NaN,NaN,NaN,NaN,NaN,TY,WN,c,c,NaN,NaN,NaN,NaN,NaN,NaN,
1985082700,12w.1985,ODESSA,TY,NN,28.4,140.6,85,NaN,308,6,322,10,NaN,NaN,NaN,NaN,NaN,NaN,NaN,NaN,NaN,NaN,TY,WN,c,c,NaN,NaN,NaN,NaN,NaN,NaN,
1985082706,12w.1985,ODESSA,TY,NN,28.3,140.6,90,NaN,312,6,312,6,NaN,NaN,NaN,NaN,NaN,NaN,NaN,NaN,NaN,NaN,TY,WN,c,c,NaN,NaN,NaN,NaN,NaN,NaN,
1985082712,12w.1985,ODESSA,TY,NN,28.3,140.1,90,NaN,294,5,257,2,NaN,NaN,NaN,NaN,NaN,NaN,NaN,NaN,NaN,NaN,TY,WN,c,c,NaN,NaN,NaN,NaN,NaN,NaN,
1985082718,12w.1985,ODESSA,TY,NN,28.3,139.6,85,NaN,282,5,270,4,NaN,NaN,NaN,NaN,NaN,NaN,NaN,NaN,NaN,NaN,TY,WN,c,c,NaN,NaN,NaN,NaN,NaN,NaN,
1985082800,12w.1985,ODESSA,TY,NN,28.2,138.7,85,NaN,277,4,265,6,NaN,NaN,NaN,NaN,NaN,NaN,NaN,NaN,NaN,NaN,TY,WN,c,c,NaN,NaN,NaN,NaN,NaN,NaN,
1985082806,12w.1985,ODESSA,TY,NN,28.2,137.7,90,NaN,266,8,267,8,NaN,NaN,NaN,NaN,NaN,NaN,NaN,NaN,NaN,NaN,TY,WN,c,c,NaN,NaN,NaN,NaN,NaN,NaN,
1985082812,12w.1985,ODESSA,TY,NN,28.2,137.0,90,NaN,270,7,270,7,NaN,NaN,NaN,NaN,NaN,NaN,NaN,NaN,NaN,NaN,TY,WN,c,c,NaN,NaN,NaN,NaN,NaN,NaN,
1985082818,12w.1985,ODESSA,TY,NN,28.6,136.2,90,NaN,285,8,287,7,NaN,NaN,NaN,NaN,NaN,NaN,NaN,NaN,NaN,NaN,TY,WN,c,c,NaN,NaN,NaN,NaN,NaN,NaN,
1985082900,12w.1985,ODESSA,TY,NN,29.0,134.9,85,NaN,293,10,293,10,NaN,NaN,NaN,NaN,NaN,NaN,NaN,NaN,NaN,NaN,TY,WN,b,b,NaN,NaN,NaN,NaN,NaN,NaN,
1985082906,12w.1985,ODESSA,TY,NN,29.6,133.6,85,NaN,295,12,294,12,NaN,NaN,NaN,NaN,NaN,NaN,NaN,NaN,NaN,NaN,TY,WN,c,c,NaN,NaN,NaN,NaN,NaN,NaN,
1985082912,12w.1985,ODESSA,TY,NN,30.0,131.9,85,NaN,292,15,291,14,NaN,NaN,NaN,NaN,NaN,NaN,NaN,NaN,NaN,NaN,TY,WN,c,c,NaN,NaN,NaN,NaN,NaN,NaN,
1985082918,12w.1985,ODESSA,TY,NN,30.2,129.8,85,NaN,280,17,280,17,NaN,NaN,NaN,NaN,NaN,NaN,NaN,NaN,NaN,NaN,TY,WN,c,c,NaN,NaN,0.03,NaN,NaN,NaN,
1985083000,12w.1985,ODESSA,TY,NN,30.3,128.3,85,NaN,273,16,276,16,NaN,NaN,NaN,NaN,NaN,NaN,NaN,NaN,NaN,NaN,TY,WN,c,c,NaN,NaN,NaN,NaN,NaN,NaN,
1985083006,12w.1985,ODESSA,TY,NN,30.4,126.3,85,NaN,272,15,274,15,NaN,NaN,NaN,NaN,NaN,NaN,NaN,NaN,NaN,NaN,TY,WN,c,c,NaN,NaN,NaN,NaN,NaN,NaN,
1985083012,12w.1985,ODESSA,TY,NN,29.9,125.6,80,NaN,260,11,260,12,NaN,NaN,NaN,NaN,NaN,NaN,NaN,NaN,NaN,NaN,TY,WN,c,c,NaN,NaN,NaN,NaN,NaN,NaN,
1985083018,12w.1985,ODESSA,TY,NN,29.8,125.0,70,NaN,252,6,242,6,NaN,NaN,NaN,NaN,NaN,NaN,NaN,NaN,NaN,NaN,TY,WN,c,c,NaN,NaN,NaN,NaN,NaN,NaN,
1985083100,12w.1985,ODESSA,TY,NN,30.2,126.0,60,NaN,35,3,49,2,NaN,NaN,NaN,NaN,NaN,NaN,NaN,NaN,NaN,NaN,TS,WN,c,c,NaN,NaN,NaN,NaN,NaN,NaN,
1985083106,12w.1985,ODESSA,TY,NN,30.4,126.2,55,NaN,45,10,60,6,NaN,NaN,NaN,NaN,NaN,NaN,NaN,NaN,NaN,NaN,TS,WN,c,c,NaN,NaN,NaN,NaN,NaN,NaN,
1985083112,12w.1985,ODESSA,TY,NN,32.5,128.9,50,NaN,47,17,47,17,NaN,NaN,NaN,NaN,NaN,NaN,NaN,NaN,NaN,NaN,TS,WN,b,b,NaN,NaN,0.06,NaN,NaN,NaN,
1985083118,12w.1985,ODESSA,TY,NN,34.2,130.3,45,NaN,39,20,42,26,NaN,NaN,NaN,NaN,NaN,NaN,NaN,NaN,NaN,NaN,TS,WN,c,c,NaN,NaN,0.28,NaN,NaN,NaN,
1985090100,12w.1985,ODESSA,TY,NN,35.5,131.7,40,NaN,38,19,38,19,NaN,NaN,NaN,NaN,NaN,NaN,NaN,NaN,NaN,NaN,TS,WN,c,c,NaN,NaN,NaN,NaN,NaN,NaN,
1985090106,12w.1985,ODESSA,TY,NN,36.9,133.8,40,NaN,45,21,47,20,NaN,NaN,NaN,NaN,NaN,NaN,NaN,NaN,NaN,NaN,TS,WN,c,c,NaN,NaN,NaN,NaN,NaN,NaN,
1985082700,13w.1985,PAT,TY,NN,21.3,126.2,45,NaN,354,5,59,5,NaN,NaN,NaN,NaN,NaN,NaN,NaN,NaN,NaN,NaN,TS,WN,c,c,NaN,NaN,NaN,NaN,NaN,NaN,
1985082706,13w.1985,PAT,TY,NN,21.3,126.2,55,NaN,325,2,59,5,NaN,NaN,NaN,NaN,NaN,NaN,NaN,NaN,NaN,NaN,TS,WN,c,c,NaN,NaN,NaN,NaN,NaN,NaN,
1985082712,13w.1985,PAT,TY,NN,21.8,127.1,55,NaN,57,6,59,5,NaN,NaN,NaN,NaN,NaN,NaN,NaN,NaN,NaN,NaN,TS,WN,c,c,NaN,NaN,NaN,NaN,NaN,NaN,
1985082718,13w.1985,PAT,TY,NN,22.4,127.9,55,NaN,55,8,55,10,NaN,NaN,NaN,NaN,NaN,NaN,NaN,NaN,NaN,NaN,TS,WN,c,c,NaN,NaN,NaN,NaN,NaN,NaN,
1985082800,13w.1985,PAT,TY,NN,22.7,128.9,60,NaN,56,9,62,9,NaN,NaN,NaN,NaN,NaN,NaN,NaN,NaN,NaN,NaN,TS,WN,c,c,NaN,NaN,NaN,NaN,NaN,NaN,
1985082806,13w.1985,PAT,TY,NN,23.2,129.4,65,NaN,50,8,60,8,NaN,NaN,NaN,NaN,NaN,NaN,NaN,NaN,NaN,NaN,TY,WN,c,c,NaN,NaN,NaN,NaN,NaN,NaN,
1985082812,13w.1985,PAT,TY,NN,23.4,129.9,70,NaN,56,7,53,6,NaN,NaN,NaN,NaN,NaN,NaN,NaN,NaN,NaN,NaN,TY,WN,c,c,NaN,NaN,NaN,NaN,NaN,NaN,
1985082818,13w.1985,PAT,TY,NN,23.5,130.4,75,NaN,61,6,72,5,NaN,NaN,NaN,NaN,NaN,NaN,NaN,NaN,NaN,NaN,TY,WN,c,c,NaN,NaN,NaN,NaN,NaN,NaN,
1985082900,13w.1985,PAT,TY,NN,23.6,130.2,80,NaN,43,3,54,2,NaN,NaN,NaN,NaN,NaN,NaN,NaN,NaN,NaN,NaN,TY,WN,c,c,NaN,NaN,NaN,NaN,NaN,NaN,
1985082906,13w.1985,PAT,TY,NN,23.8,130.4,80,NaN,43,3,360,2,NaN,NaN,NaN,NaN,NaN,NaN,NaN,NaN,NaN,NaN,TY,WN,c,c,NaN,NaN,NaN,NaN,NaN,NaN,
1985082912,13w.1985,PAT,TY,NN,24.3,130.8,80,NaN,38,4,38,4,NaN,NaN,NaN,NaN,NaN,NaN,NaN,NaN,NaN,NaN,TY,WN,c,c,NaN,NaN,NaN,NaN,NaN,NaN,
1985082918,13w.1985,PAT,TY,NN,24.7,131.0,85,NaN,29,6,31,5,NaN,NaN,NaN,NaN,NaN,NaN,NaN,NaN,NaN,NaN,TY,WN,c,c,NaN,NaN,NaN,NaN,NaN,NaN,
1985083000,13w.1985,PAT,TY,NN,25.8,131.1,85,NaN,14,8,10,8,NaN,NaN,NaN,NaN,NaN,NaN,NaN,NaN,NaN,NaN,TY,WN,c,c,NaN,NaN,NaN,NaN,NaN,NaN,
1985083006,13w.1985,PAT,TY,NN,27.1,131.0,90,NaN,355,10,360,12,NaN,NaN,NaN,NaN,NaN,NaN,NaN,NaN,NaN,NaN,TY,WN,c,c,NaN,NaN,NaN,NaN,NaN,NaN,
1985083012,13w.1985,PAT,TY,NN,28.7,130.9,95,NaN,349,14,356,15,NaN,NaN,NaN,NaN,NaN,NaN,NaN,NaN,NaN,NaN,TY,WN,c,c,NaN,NaN,NaN,NaN,NaN,NaN,
1985083018,13w.1985,PAT,TY,NN,30.9,130.3,95,NaN,351,20,351,19,NaN,NaN,NaN,NaN,NaN,NaN,NaN,NaN,NaN,NaN,TY,WN,c,c,NaN,NaN,0.19,NaN,NaN,NaN,
1985083100,13w.1985,PAT,TY,NN,33.0,130.1,85,NaN,353,22,351,22,NaN,NaN,NaN,NaN,NaN,NaN,NaN,NaN,NaN,NaN,TY,WN,c,c,NaN,NaN,0.50,NaN,NaN,NaN,
1985083106,13w.1985,PAT,TY,NN,35.2,130.7,75,NaN,3,22,4,22,NaN,NaN,NaN,NaN,NaN,NaN,NaN,NaN,NaN,NaN,TY,WN,c,c,NaN,NaN,NaN,NaN,NaN,NaN,
1985083112,13w.1985,PAT,TY,NN,37.7,132.3,70,NaN,21,25,21,25,NaN,NaN,NaN,NaN,NaN,NaN,NaN,NaN,NaN,NaN,TY,WN,b,b,NaN,NaN,NaN,NaN,NaN,NaN,
1985083118,13w.1985,PAT,TY,NN,39.9,134.9,60,NaN,35,29,35,29,NaN,NaN,NaN,NaN,NaN,NaN,NaN,NaN,NaN,NaN,TS,WN,c,c,NaN,NaN,NaN,NaN,NaN,NaN,
1985090100,13w.1985,PAT,TY,NN,41.0,137.9,-20,NaN,35,29,46,28,NaN,NaN,NaN,NaN,NaN,NaN,NaN,NaN,NaN,NaN,TS,WN,c,c,NaN,NaN,0.10,NaN,NaN,NaN,
1985090106,13w.1985,PAT,TY,NN,42.0,141.0,-99,NaN,64,26,57,26,NaN,NaN,NaN,NaN,NaN,NaN,NaN,NaN,NaN,NaN,NT,WN,c,c,NaN,NaN,0.21,NaN,NaN,NaN,
1985082700,w14.1985,9X-W14,TS,NN,21.6,139.0,25,NaN,71,11,71,11,NaN,NaN,NaN,NaN,NaN,NaN,NaN,NaN,NaN,NaN,TD,NW,b,b,NaN,NaN,NaN,NaN,NaN,NaN,
1985082706,w14.1985,9X-W14,TS,NN,22.0,140.0,25,NaN,71,11,71,11,NaN,NaN,NaN,NaN,NaN,NaN,NaN,NaN,NaN,NaN,TD,NW,b,b,NaN,NaN,NaN,NaN,NaN,NaN,
1985082712,w14.1985,9X-W14,TS,NN,22.3,141.2,30,NaN,71,11,71,11,NaN,NaN,NaN,NaN,NaN,NaN,NaN,NaN,NaN,NaN,TD,NW,b,b,NaN,NaN,NaN,NaN,NaN,NaN,
1985082718,w14.1985,9X-W14,TS,NN,22.9,142.7,40,NaN,70,13,70,13,NaN,NaN,NaN,NaN,NaN,NaN,NaN,NaN,NaN,NaN,TS,NW,b,b,NaN,NaN,NaN,NaN,NaN,NaN,
1985082800,14w.1985,RUBY,TS,NN,23.8,143.8,50,NaN,57,11,58,14,NaN,NaN,NaN,NaN,NaN,NaN,NaN,NaN,NaN,NaN,TS,WN,c,c,NaN,NaN,NaN,NaN,NaN,NaN,
1985082806,14w.1985,RUBY,TS,NN,24.7,144.0,50,NaN,38,10,33,11,NaN,NaN,NaN,NaN,NaN,NaN,NaN,NaN,NaN,NaN,TS,WN,c,c,NaN,NaN,NaN,NaN,NaN,NaN,
1985082812,14w.1985,RUBY,TS,NN,25.7,143.9,50,NaN,14,9,3,10,NaN,NaN,NaN,NaN,NaN,NaN,NaN,NaN,NaN,NaN,TS,WN,c,c,NaN,NaN,NaN,NaN,NaN,NaN,
1985082818,14w.1985,RUBY,TS,NN,26.8,143.2,55,NaN,344,10,341,11,NaN,NaN,NaN,NaN,NaN,NaN,NaN,NaN,NaN,NaN,TS,WN,c,c,NaN,NaN,NaN,NaN,NaN,NaN,
1985082900,14w.1985,RUBY,TS,NN,27.8,142.7,55,NaN,338,11,333,12,NaN,NaN,NaN,NaN,NaN,NaN,NaN,NaN,NaN,NaN,TS,WN,c,c,NaN,NaN,NaN,NaN,NaN,NaN,
1985082906,14w.1985,RUBY,TS,NN,28.9,142.0,55,NaN,333,12,333,12,NaN,NaN,NaN,NaN,NaN,NaN,NaN,NaN,NaN,NaN,TS,WN,c,c,NaN,NaN,NaN,NaN,NaN,NaN,
1985082912,14w.1985,RUBY,TS,NN,29.7,140.9,55,NaN,320,12,320,12,NaN,NaN,NaN,NaN,NaN,NaN,NaN,NaN,NaN,NaN,TS,WN,c,c,NaN,NaN,NaN,NaN,NaN,NaN,
1985082918,14w.1985,RUBY,TS,NN,30.9,140.5,55,NaN,327,12,327,12,NaN,NaN,NaN,NaN,NaN,NaN,NaN,NaN,NaN,NaN,TS,WN,c,c,NaN,NaN,NaN,NaN,NaN,NaN,
1985083000,14w.1985,RUBY,TS,NN,32.2,140.0,50,NaN,333,13,343,13,NaN,NaN,NaN,NaN,NaN,NaN,NaN,NaN,NaN,NaN,TS,WN,c,c,NaN,NaN,NaN,NaN,NaN,NaN,
1985083006,14w.1985,RUBY,TS,NN,33.5,139.7,50,NaN,343,13,345,13,NaN,NaN,NaN,NaN,NaN,NaN,NaN,NaN,NaN,NaN,TS,WN,c,c,NaN,NaN,NaN,NaN,NaN,NaN,
1985083012,14w.1985,RUBY,TS,NN,34.7,139.7,50,NaN,354,13,354,13,NaN,NaN,NaN,NaN,NaN,NaN,NaN,NaN,NaN,NaN,TS,WN,b,b,NaN,NaN,0.07,NaN,NaN,NaN,
1985083018,14w.1985,RUBY,TS,NN,36.0,139.9,40,NaN,6,13,4,13,NaN,NaN,NaN,NaN,NaN,NaN,NaN,NaN,NaN,NaN,TS,WN,c,c,NaN,NaN,0.87,NaN,NaN,NaN,
1985083100,14w.1985,RUBY,TS,NN,37.8,140.6,45,NaN,16,16,13,16,NaN,NaN,NaN,NaN,NaN,NaN,NaN,NaN,NaN,NaN,TS,WN,c,c,NaN,NaN,0.95,NaN,NaN,NaN,
1985083106,14w.1985,RUBY,TS,NN,39.3,142.4,45,NaN,34,20,31,19,NaN,NaN,NaN,NaN,NaN,NaN,NaN,NaN,NaN,NaN,TS,WN,c,c,NaN,NaN,NaN,NaN,NaN,NaN,
1985083112,14w.1985,RUBY,TS,NN,40.2,146.4,-99,NaN,42,17,62,26,NaN,NaN,NaN,NaN,NaN,NaN,NaN,NaN,NaN,NaN,NT,WN,c,c,NaN,NaN,NaN,NaN,NaN,NaN,
1985083118,14w.1985,RUBY,TS,NN,40.5,148.6,-99,NaN,74,23,76,25,NaN,NaN,NaN,NaN,NaN,NaN,NaN,NaN,NaN,NaN,NT,WN,c,c,NaN,NaN,NaN,NaN,NaN,NaN,
1985090100,14w.1985,RUBY,TS,NN,41.7,150.5,-99,NaN,70,22,64,17,NaN,NaN,NaN,NaN,NaN,NaN,NaN,NaN,NaN,NaN,NT,WN,c,c,NaN,NaN,NaN,NaN,NaN,NaN,
1985083018,15w.1985,SKIP,TY,NN,12.8,180.8,35,NaN,300,17,300,17,NaN,NaN,NaN,NaN,NaN,NaN,NaN,NaN,NaN,NaN,TS,WN,b,b,NaN,NaN,NaN,NaN,NaN,NaN,
1985083100,15w.1985,SKIP,TY,NN,13.3,179.1,35,NaN,291,4,300,17,NaN,NaN,NaN,NaN,NaN,NaN,NaN,NaN,NaN,NaN,TS,WN,c,c,NaN,NaN,NaN,NaN,NaN,NaN,
1985083106,15w.1985,SKIP,TY,NN,14.5,177.8,40,NaN,305,13,300,17,NaN,NaN,NaN,NaN,NaN,NaN,NaN,NaN,NaN,NaN,TS,WN,c,c,NaN,NaN,NaN,NaN,NaN,NaN,
1985083112,15w.1985,SKIP,TY,NN,15.2,176.6,45,NaN,307,13,308,15,NaN,NaN,NaN,NaN,NaN,NaN,NaN,NaN,NaN,NaN,TS,WN,c,c,NaN,NaN,NaN,NaN,NaN,NaN,
1985083118,15w.1985,SKIP,TY,NN,15.8,176.2,55,NaN,310,10,310,10,NaN,NaN,NaN,NaN,NaN,NaN,NaN,NaN,NaN,NaN,TS,WN,c,c,NaN,NaN,NaN,NaN,NaN,NaN,
1985090100,15w.1985,SKIP,TY,NN,15.8,175.9,55,NaN,306,6,312,5,NaN,NaN,NaN,NaN,NaN,NaN,NaN,NaN,NaN,NaN,TS,WN,c,c,NaN,NaN,NaN,NaN,NaN,NaN,
1985090106,15w.1985,SKIP,TY,NN,16.5,175.9,60,NaN,338,4,338,4,NaN,NaN,NaN,NaN,NaN,NaN,NaN,NaN,NaN,NaN,TS,WN,b,b,NaN,NaN,NaN,NaN,NaN,NaN,
1985090112,15w.1985,SKIP,TY,NN,17.2,175.6,65,NaN,342,6,348,7,NaN,NaN,NaN,NaN,NaN,NaN,NaN,NaN,NaN,NaN,TY,WN,c,c,NaN,NaN,NaN,NaN,NaN,NaN,
1985090118,15w.1985,SKIP,TY,NN,17.4,175.8,70,NaN,360,5,354,5,NaN,NaN,NaN,NaN,NaN,NaN,NaN,NaN,NaN,NaN,TY,WN,c,c,NaN,NaN,NaN,NaN,NaN,NaN,
1985090200,15w.1985,SKIP,TY,NN,17.7,174.7,60,NaN,313,6,300,5,NaN,NaN,NaN,NaN,NaN,NaN,NaN,NaN,NaN,NaN,TS,WN,c,c,NaN,NaN,NaN,NaN,NaN,NaN,
1985090206,15w.1985,SKIP,TY,NN,17.7,174.4,50,NaN,295,5,283,7,NaN,NaN,NaN,NaN,NaN,NaN,NaN,NaN,NaN,NaN,TS,WN,c,c,NaN,NaN,NaN,NaN,NaN,NaN,
1985090212,15w.1985,SKIP,TY,NN,18.0,173.3,50,NaN,291,7,283,7,NaN,NaN,NaN,NaN,NaN,NaN,NaN,NaN,NaN,NaN,TS,WN,c,c,NaN,NaN,NaN,NaN,NaN,NaN,
1985090218,15w.1985,SKIP,TY,NN,18.2,172.9,50,NaN,289,6,289,8,NaN,NaN,NaN,NaN,NaN,NaN,NaN,NaN,NaN,NaN,TS,WN,c,c,NaN,NaN,NaN,NaN,NaN,NaN,
1985090300,15w.1985,SKIP,TY,NN,18.4,172.4,50,NaN,288,6,295,5,NaN,NaN,NaN,NaN,NaN,NaN,NaN,NaN,NaN,NaN,TS,WN,c,c,NaN,NaN,NaN,NaN,NaN,NaN,
1985090306,15w.1985,SKIP,TY,NN,18.9,172.0,50,NaN,304,6,309,6,NaN,NaN,NaN,NaN,NaN,NaN,NaN,NaN,NaN,NaN,TS,WN,c,c,NaN,NaN,NaN,NaN,NaN,NaN,
1985090312,15w.1985,SKIP,TY,NN,19.2,171.5,50,NaN,310,6,313,6,NaN,NaN,NaN,NaN,NaN,NaN,NaN,NaN,NaN,NaN,TS,WN,c,c,NaN,NaN,NaN,NaN,NaN,NaN,
1985090318,15w.1985,SKIP,TY,NN,19.9,171.5,45,NaN,335,6,335,6,NaN,NaN,NaN,NaN,NaN,NaN,NaN,NaN,NaN,NaN,TS,WN,c,c,NaN,NaN,NaN,NaN,NaN,NaN,
1985090400,15w.1985,SKIP,TY,NN,20.4,171.1,45,NaN,343,6,343,6,NaN,NaN,NaN,NaN,NaN,NaN,NaN,NaN,NaN,NaN,TS,WN,b,b,NaN,NaN,NaN,NaN,NaN,NaN,
1985090406,15w.1985,SKIP,TY,NN,21.0,171.3,40,NaN,350,6,350,6,NaN,NaN,NaN,NaN,NaN,NaN,NaN,NaN,NaN,NaN,TS,WN,c,c,NaN,NaN,NaN,NaN,NaN,NaN,
1985090412,15w.1985,SKIP,TY,NN,21.4,171.4,45,NaN,360,5,16,5,NaN,NaN,NaN,NaN,NaN,NaN,NaN,NaN,NaN,NaN,TS,WN,c,c,NaN,NaN,NaN,NaN,NaN,NaN,
1985090418,15w.1985,SKIP,TY,NN,21.7,172.8,45,NaN,62,6,63,8,NaN,NaN,NaN,NaN,NaN,NaN,NaN,NaN,NaN,NaN,TS,WN,c,c,NaN,NaN,NaN,NaN,NaN,NaN,
1985090500,15w.1985,SKIP,TY,NN,22.0,173.6,45,NaN,65,7,74,11,NaN,NaN,NaN,NaN,NaN,NaN,NaN,NaN,NaN,NaN,TS,WN,c,c,NaN,NaN,NaN,NaN,NaN,NaN,
1985090506,15w.1985,SKIP,TY,NN,22.6,174.6,45,NaN,62,9,62,9,NaN,NaN,NaN,NaN,NaN,NaN,NaN,NaN,NaN,NaN,TS,WN,b,b,NaN,NaN,NaN,NaN,NaN,NaN,
1985090512,15w.1985,SKIP,TY,NN,23.6,174.7,50,NaN,32,9,32,9,NaN,NaN,NaN,NaN,NaN,NaN,NaN,NaN,NaN,NaN,TS,WN,b,b,NaN,NaN,NaN,NaN,NaN,NaN,
1985090518,15w.1985,SKIP,TY,NN,24.7,175.2,55,NaN,17,11,15,11,NaN,NaN,NaN,NaN,NaN,NaN,NaN,NaN,NaN,NaN,TS,WN,c,c,NaN,NaN,NaN,NaN,NaN,NaN,
1985090600,15w.1985,SKIP,TY,NN,25.2,174.6,55,NaN,354,8,357,8,NaN,NaN,NaN,NaN,NaN,NaN,NaN,NaN,NaN,NaN,TS,WN,c,c,NaN,NaN,NaN,NaN,NaN,NaN,
1985090606,15w.1985,SKIP,TY,NN,26.0,174.5,55,NaN,354,8,334,7,NaN,NaN,NaN,NaN,NaN,NaN,NaN,NaN,NaN,NaN,TS,WN,c,c,NaN,NaN,NaN,NaN,NaN,NaN,
1985090612,15w.1985,SKIP,TY,NN,27.2,174.8,60,NaN,5,10,5,10,NaN,NaN,NaN,NaN,NaN,NaN,NaN,NaN,NaN,NaN,TS,WN,b,b,NaN,NaN,NaN,NaN,NaN,NaN,
1985090618,15w.1985,SKIP,TY,NN,28.8,174.8,65,NaN,2,13,5,14,NaN,NaN,NaN,NaN,NaN,NaN,NaN,NaN,NaN,NaN,TY,WN,c,c,NaN,NaN,NaN,NaN,NaN,NaN,
1985090700,15w.1985,SKIP,TY,NN,30.2,175.0,80,NaN,5,15,3,15,NaN,NaN,NaN,NaN,NaN,NaN,NaN,NaN,NaN,NaN,TY,WN,c,c,NaN,NaN,NaN,NaN,NaN,NaN,
1985090706,15w.1985,SKIP,TY,NN,31.9,176.2,75,NaN,21,17,21,17,NaN,NaN,NaN,NaN,NaN,NaN,NaN,NaN,NaN,NaN,TY,WN,c,c,NaN,NaN,NaN,NaN,NaN,NaN,
1985090712,15w.1985,SKIP,TY,NN,33.4,177.3,70,NaN,31,19,31,19,NaN,NaN,NaN,NaN,NaN,NaN,NaN,NaN,NaN,NaN,TY,WN,b,b,NaN,NaN,NaN,NaN,NaN,NaN,
1985090718,15w.1985,SKIP,TY,NN,35.0,178.8,65,NaN,35,19,35,19,NaN,NaN,NaN,NaN,NaN,NaN,NaN,NaN,NaN,NaN,TY,WN,b,b,NaN,NaN,NaN,NaN,NaN,NaN,
1985083118,w16.1985,9X-W16,TY,NN,15.0,134.0,25,NaN,272,14,272,14,NaN,NaN,NaN,NaN,NaN,NaN,NaN,NaN,NaN,NaN,TD,NW,b,b,NaN,NaN,NaN,NaN,NaN,NaN,
1985090100,16w.1985,TESS,TY,NN,15.0,132.8,30,NaN,308,8,272,14,NaN,NaN,NaN,NaN,NaN,NaN,NaN,NaN,NaN,NaN,TD,WN,c,c,NaN,NaN,NaN,NaN,NaN,NaN,
1985090106,16w.1985,TESS,TY,NN,15.1,131.1,35,NaN,272,14,272,14,NaN,NaN,NaN,NaN,NaN,NaN,NaN,NaN,NaN,NaN,TS,WN,b,b,NaN,NaN,NaN,NaN,NaN,NaN,
1985090112,16w.1985,TESS,TY,NN,15.8,129.3,40,NaN,284,17,283,17,NaN,NaN,NaN,NaN,NaN,NaN,NaN,NaN,NaN,NaN,TS,WN,c,c,NaN,NaN,NaN,NaN,NaN,NaN,
1985090118,16w.1985,TESS,TY,NN,14.9,127.5,45,NaN,267,16,267,17,NaN,NaN,NaN,NaN,NaN,NaN,NaN,NaN,NaN,NaN,TS,WN,c,c,NaN,NaN,NaN,NaN,NaN,NaN,
1985090200,16w.1985,TESS,TY,NN,14.7,126.1,50,NaN,258,15,250,16,NaN,NaN,NaN,NaN,NaN,NaN,NaN,NaN,NaN,NaN,TS,WN,c,c,NaN,NaN,NaN,NaN,NaN,NaN,
1985090206,16w.1985,TESS,TY,NN,14.7,125.3,55,NaN,260,11,265,11,NaN,NaN,NaN,NaN,NaN,NaN,NaN,NaN,NaN,NaN,TS,WN,c,c,NaN,NaN,NaN,NaN,NaN,NaN,
1985090212,16w.1985,TESS,TY,NN,14.7,124.2,55,NaN,270,10,270,9,NaN,NaN,NaN,NaN,NaN,NaN,NaN,NaN,NaN,NaN,TS,WN,c,c,NaN,NaN,0.01,NaN,NaN,NaN,
1985090218,16w.1985,TESS,TY,NN,15.1,123.1,60,NaN,281,11,281,11,NaN,NaN,NaN,NaN,NaN,NaN,NaN,NaN,NaN,NaN,TS,WN,c,c,NaN,NaN,NaN,NaN,NaN,NaN,
1985090300,16w.1985,TESS,TY,NN,15.8,122.8,65,NaN,309,9,309,9,NaN,NaN,NaN,NaN,NaN,NaN,NaN,NaN,NaN,NaN,TY,WN,b,b,NaN,NaN,NaN,NaN,NaN,NaN,
1985090306,16w.1985,TESS,TY,NN,16.5,122.4,70,NaN,321,8,334,8,NaN,NaN,NaN,NaN,NaN,NaN,NaN,NaN,NaN,NaN,TY,WN,c,c,NaN,NaN,0.26,NaN,NaN,NaN,
1985090312,16w.1985,TESS,TY,NN,17.2,121.7,35,NaN,318,9,323,9,NaN,NaN,NaN,NaN,NaN,NaN,NaN,NaN,NaN,NaN,TS,WN,c,c,NaN,NaN,0.97,NaN,NaN,NaN,
1985090318,16w.1985,TESS,TY,NN,17.9,120.0,40,NaN,306,13,301,13,NaN,NaN,NaN,NaN,NaN,NaN,NaN,NaN,NaN,NaN,TS,WN,c,c,NaN,NaN,0.05,NaN,NaN,NaN,
1985090400,16w.1985,TESS,TY,NN,18.2,118.2,50,NaN,287,17,287,17,NaN,NaN,NaN,NaN,NaN,NaN,NaN,NaN,NaN,NaN,TS,WN,b,b,NaN,NaN,NaN,NaN,NaN,NaN,
1985090406,16w.1985,TESS,TY,NN,18.8,117.0,55,NaN,280,14,288,15,NaN,NaN,NaN,NaN,NaN,NaN,NaN,NaN,NaN,NaN,TS,WN,c,c,NaN,NaN,NaN,NaN,NaN,NaN,
1985090412,16w.1985,TESS,TY,NN,19.3,115.8,55,NaN,289,14,296,13,NaN,NaN,NaN,NaN,NaN,NaN,NaN,NaN,NaN,NaN,TS,WN,c,c,NaN,NaN,NaN,NaN,NaN,NaN,
1985090418,16w.1985,TESS,TY,NN,19.4,114.6,60,NaN,284,12,285,12,NaN,NaN,NaN,NaN,NaN,NaN,NaN,NaN,NaN,NaN,TS,WN,c,c,NaN,NaN,NaN,NaN,NaN,NaN,
1985090500,16w.1985,TESS,TY,NN,19.4,113.9,65,NaN,283,9,273,9,NaN,NaN,NaN,NaN,NaN,NaN,NaN,NaN,NaN,NaN,TY,WN,c,c,NaN,NaN,NaN,NaN,NaN,NaN,
1985090506,16w.1985,TESS,TY,NN,19.9,113.4,70,NaN,294,7,294,6,NaN,NaN,NaN,NaN,NaN,NaN,NaN,NaN,NaN,NaN,TY,WN,c,c,NaN,NaN,NaN,NaN,NaN,NaN,
1985090512,16w.1985,TESS,TY,NN,20.5,113.0,75,NaN,314,7,322,7,NaN,NaN,NaN,NaN,NaN,NaN,NaN,NaN,NaN,NaN,TY,WN,c,c,NaN,NaN,NaN,NaN,NaN,NaN,
1985090518,16w.1985,TESS,TY,NN,19.5,110.8,75,NaN,354,9,261,12,NaN,NaN,NaN,NaN,NaN,NaN,NaN,NaN,NaN,NaN,TY,WN,c,c,NaN,NaN,0.29,NaN,NaN,NaN,
1985090600,16w.1985,TESS,TY,NN,21.8,112.2,50,NaN,330,7,330,7,NaN,NaN,NaN,NaN,NaN,NaN,NaN,NaN,NaN,NaN,TS,WN,b,b,NaN,NaN,0.79,NaN,NaN,NaN,
1985090606,16w.1985,TESS,TY,NN,22.6,111.7,25,NaN,15,16,15,16,NaN,NaN,NaN,NaN,NaN,NaN,NaN,NaN,NaN,NaN,TD,WN,b,b,NaN,NaN,0.99,NaN,NaN,NaN,
1985091306,w17.1985,9X-W17,TS,NN,14.2,141.7,25,NaN,302,11,302,11,NaN,NaN,NaN,NaN,NaN,NaN,NaN,NaN,NaN,NaN,TD,NW,b,b,NaN,NaN,NaN,NaN,NaN,NaN,
1985091312,w17.1985,9X-W17,TS,NN,14.7,140.8,25,NaN,302,11,302,11,NaN,NaN,NaN,NaN,NaN,NaN,NaN,NaN,NaN,NaN,TD,NW,b,b,NaN,NaN,NaN,NaN,NaN,NaN,
1985091318,w17.1985,9X-W17,TS,NN,15.4,139.7,25,NaN,302,11,302,11,NaN,NaN,NaN,NaN,NaN,NaN,NaN,NaN,NaN,NaN,TD,NW,b,b,NaN,NaN,NaN,NaN,NaN,NaN,
1985091400,w17.1985,9X-W17,TS,NN,16.2,138.5,25,NaN,304,13,304,13,NaN,NaN,NaN,NaN,NaN,NaN,NaN,NaN,NaN,NaN,TD,NW,b,b,NaN,NaN,NaN,NaN,NaN,NaN,
1985091406,w17.1985,9X-W17,TS,NN,17.4,137.4,25,NaN,312,15,312,15,NaN,NaN,NaN,NaN,NaN,NaN,NaN,NaN,NaN,NaN,TD,NW,b,b,NaN,NaN,NaN,NaN,NaN,NaN,
1985091412,w17.1985,9X-W17,TS,NN,18.4,136.1,30,NaN,314,16,314,16,NaN,NaN,NaN,NaN,NaN,NaN,NaN,NaN,NaN,NaN,TD,NW,b,b,NaN,NaN,NaN,NaN,NaN,NaN,
1985091418,w17.1985,9X-W17,TS,NN,18.2,133.9,30,NaN,283,17,283,17,NaN,NaN,NaN,NaN,NaN,NaN,NaN,NaN,NaN,NaN,TD,NW,b,b,NaN,NaN,NaN,NaN,NaN,NaN,
1985091500,17w.1985,VAL,TS,NN,18.0,131.9,35,NaN,273,18,264,20,NaN,NaN,NaN,NaN,NaN,NaN,NaN,NaN,NaN,NaN,TS,WN,c,c,NaN,NaN,NaN,NaN,NaN,NaN,
1985091506,17w.1985,VAL,TS,NN,19.5,130.9,40,NaN,305,20,295,16,NaN,NaN,NaN,NaN,NaN,NaN,NaN,NaN,NaN,NaN,TS,WN,c,c,NaN,NaN,NaN,NaN,NaN,NaN,
1985091512,17w.1985,VAL,TS,NN,20.2,129.4,40,NaN,283,16,313,16,NaN,NaN,NaN,NaN,NaN,NaN,NaN,NaN,NaN,NaN,TS,WN,c,c,NaN,NaN,NaN,NaN,NaN,NaN,
1985091518,17w.1985,VAL,TS,NN,21.2,127.7,45,NaN,305,18,300,17,NaN,NaN,NaN,NaN,NaN,NaN,NaN,NaN,NaN,NaN,TS,WN,c,c,NaN,NaN,NaN,NaN,NaN,NaN,
1985091600,17w.1985,VAL,TS,NN,21.3,125.4,45,NaN,288,20,286,19,NaN,NaN,NaN,NaN,NaN,NaN,NaN,NaN,NaN,NaN,TS,WN,c,c,NaN,NaN,NaN,NaN,NaN,NaN,
1985091606,17w.1985,VAL,TS,NN,21.2,123.4,45,NaN,273,19,270,20,NaN,NaN,NaN,NaN,NaN,NaN,NaN,NaN,NaN,NaN,TS,WN,c,c,NaN,NaN,NaN,NaN,NaN,NaN,
1985091612,17w.1985,VAL,TS,NN,21.2,121.5,50,NaN,270,19,268,18,NaN,NaN,NaN,NaN,NaN,NaN,NaN,NaN,NaN,NaN,TS,WN,c,c,NaN,NaN,0.01,NaN,NaN,NaN,
1985091618,17w.1985,VAL,TS,NN,21.2,120.0,50,NaN,270,16,270,16,NaN,NaN,NaN,NaN,NaN,NaN,NaN,NaN,NaN,NaN,TS,WN,c,c,NaN,NaN,NaN,NaN,NaN,NaN,
1985091700,17w.1985,VAL,TS,NN,21.5,119.3,45,NaN,278,11,278,10,NaN,NaN,NaN,NaN,NaN,NaN,NaN,NaN,NaN,NaN,TS,WN,c,c,NaN,NaN,NaN,NaN,NaN,NaN,
1985091706,17w.1985,VAL,TS,NN,21.6,120.0,40,NaN,284,8,360,2,NaN,NaN,NaN,NaN,NaN,NaN,NaN,NaN,NaN,NaN,TS,WN,c,c,NaN,NaN,NaN,NaN,NaN,NaN,
1985091712,17w.1985,VAL,TS,NN,21.7,119.3,35,NaN,289,8,360,1,NaN,NaN,NaN,NaN,NaN,NaN,NaN,NaN,NaN,NaN,TS,WN,c,c,NaN,NaN,NaN,NaN,NaN,NaN,
1985091718,17w.1985,VAL,TS,NN,21.7,118.0,30,NaN,273,9,273,9,NaN,NaN,NaN,NaN,NaN,NaN,NaN,NaN,NaN,NaN,TD,WN,c,c,NaN,NaN,NaN,NaN,NaN,NaN,
1985091800,17w.1985,VAL,TS,NN,23.0,116.0,20,NaN,293,17,293,17,NaN,NaN,NaN,NaN,NaN,NaN,NaN,NaN,NaN,NaN,NT,NW,b,b,NaN,NaN,0.61,NaN,NaN,NaN,
1985091900,w18.1985,9X-W18,TS,NN,14.8,115.0,25,NaN,331,8,331,8,NaN,NaN,NaN,NaN,NaN,NaN,NaN,NaN,NaN,NaN,TD,NW,b,b,NaN,NaN,NaN,NaN,NaN,NaN,
1985091906,w18.1985,9X-W18,TS,NN,15.5,114.7,25,NaN,331,8,331,8,NaN,NaN,NaN,NaN,NaN,NaN,NaN,NaN,NaN,NaN,TD,NW,b,b,NaN,NaN,NaN,NaN,NaN,NaN,
1985091912,w18.1985,9X-W18,TS,NN,16.2,114.2,25,NaN,331,8,331,8,NaN,NaN,NaN,NaN,NaN,NaN,NaN,NaN,NaN,NaN,TD,NW,b,b,NaN,NaN,NaN,NaN,NaN,NaN,
1985091918,18w.1985,WINONA,TS,NN,16.4,113.3,25,NaN,306,8,304,8,NaN,NaN,NaN,NaN,NaN,NaN,NaN,NaN,NaN,NaN,TD,WN,c,c,NaN,NaN,NaN,NaN,NaN,NaN,
1985092000,18w.1985,WINONA,TS,NN,17.2,112.9,30,NaN,307,8,309,8,NaN,NaN,NaN,NaN,NaN,NaN,NaN,NaN,NaN,NaN,TD,WN,c,c,NaN,NaN,NaN,NaN,NaN,NaN,
1985092006,18w.1985,WINONA,TS,NN,17.8,112.4,30,NaN,316,8,328,8,NaN,NaN,NaN,NaN,NaN,NaN,NaN,NaN,NaN,NaN,TD,WN,c,c,NaN,NaN,NaN,NaN,NaN,NaN,
1985092012,18w.1985,WINONA,TS,NN,18.5,111.8,30,NaN,319,8,321,8,NaN,NaN,NaN,NaN,NaN,NaN,NaN,NaN,NaN,NaN,TD,WN,c,c,NaN,NaN,NaN,NaN,NaN,NaN,
1985092018,18w.1985,WINONA,TS,NN,19.2,111.5,35,NaN,330,9,329,8,NaN,NaN,NaN,NaN,NaN,NaN,NaN,NaN,NaN,NaN,TS,WN,c,c,NaN,NaN,NaN,NaN,NaN,NaN,
1985092100,18w.1985,WINONA,TS,NN,19.5,111.5,40,NaN,338,6,344,5,NaN,NaN,NaN,NaN,NaN,NaN,NaN,NaN,NaN,NaN,TS,WN,c,c,NaN,NaN,NaN,NaN,NaN,NaN,
1985092106,18w.1985,WINONA,TS,NN,20.1,111.5,50,NaN,348,7,360,5,NaN,NaN,NaN,NaN,NaN,NaN,NaN,NaN,NaN,NaN,TS,WN,c,c,NaN,NaN,NaN,NaN,NaN,NaN,
1985092112,18w.1985,WINONA,TS,NN,20.3,111.3,50,NaN,347,4,347,4,NaN,NaN,NaN,NaN,NaN,NaN,NaN,NaN,NaN,NaN,TS,WN,c,c,NaN,NaN,NaN,NaN,NaN,NaN,
1985092118,18w.1985,WINONA,TS,NN,20.7,110.9,45,NaN,321,4,317,4,NaN,NaN,NaN,NaN,NaN,NaN,NaN,NaN,NaN,NaN,TS,WN,c,c,NaN,NaN,0.03,NaN,NaN,NaN,
1985092200,18w.1985,WINONA,TS,NN,21.2,110.2,40,NaN,311,7,311,7,NaN,NaN,NaN,NaN,NaN,NaN,NaN,NaN,NaN,NaN,TS,NW,b,b,NaN,NaN,0.63,NaN,NaN,NaN,
1985092206,18w.1985,WINONA,TS,NN,21.7,110.0,35,NaN,320,7,320,7,NaN,NaN,NaN,NaN,NaN,NaN,NaN,NaN,NaN,NaN,TS,WN,b,b,NaN,NaN,0.81,NaN,NaN,NaN,
1985092700,w19.1985,9X-W19,TY,NN,18.4,117.3,25,NaN,284,6,284,6,NaN,NaN,NaN,NaN,NaN,NaN,NaN,NaN,NaN,NaN,TD,NW,b,b,NaN,NaN,NaN,NaN,NaN,NaN,
1985092706,w19.1985,9X-W19,TY,NN,18.6,116.6,25,NaN,284,6,284,6,NaN,NaN,NaN,NaN,NaN,NaN,NaN,NaN,NaN,NaN,TD,NW,b,b,NaN,NaN,NaN,NaN,NaN,NaN,
1985092712,w19.1985,9X-W19,TY,NN,18.7,116.0,30,NaN,284,6,284,6,NaN,NaN,NaN,NaN,NaN,NaN,NaN,NaN,NaN,NaN,TD,NW,b,b,NaN,NaN,NaN,NaN,NaN,NaN,
1985092718,w19.1985,9X-W19,TY,NN,18.9,115.5,30,NaN,286,5,286,5,NaN,NaN,NaN,NaN,NaN,NaN,NaN,NaN,NaN,NaN,TD,NW,b,b,NaN,NaN,NaN,NaN,NaN,NaN,
1985092800,w19.1985,9X-W19,TY,NN,19.2,115.0,30,NaN,298,5,298,5,NaN,NaN,NaN,NaN,NaN,NaN,NaN,NaN,NaN,NaN,TD,NW,b,b,NaN,NaN,NaN,NaN,NaN,NaN,
1985092806,19w.1985,ANDY,TY,NN,19.2,114.2,35,NaN,289,6,284,6,NaN,NaN,NaN,NaN,NaN,NaN,NaN,NaN,NaN,NaN,TS,WN,c,c,NaN,NaN,NaN,NaN,NaN,NaN,
1985092812,19w.1985,ANDY,TY,NN,19.1,113.7,40,NaN,275,6,265,6,NaN,NaN,NaN,NaN,NaN,NaN,NaN,NaN,NaN,NaN,TS,WN,c,c,NaN,NaN,NaN,NaN,NaN,NaN,
1985092818,19w.1985,ANDY,TY,NN,18.7,112.9,45,NaN,266,7,248,7,NaN,NaN,NaN,NaN,NaN,NaN,NaN,NaN,NaN,NaN,TS,WN,c,c,NaN,NaN,NaN,NaN,NaN,NaN,
1985092900,19w.1985,ANDY,TY,NN,18.6,112.3,55,NaN,265,6,249,7,NaN,NaN,NaN,NaN,NaN,NaN,NaN,NaN,NaN,NaN,TS,WN,c,c,NaN,NaN,NaN,NaN,NaN,NaN,
1985092906,19w.1985,ANDY,TY,NN,18.7,111.5,65,NaN,270,7,270,7,NaN,NaN,NaN,NaN,NaN,NaN,NaN,NaN,NaN,NaN,TY,WN,c,c,NaN,NaN,NaN,NaN,NaN,NaN,
1985092912,19w.1985,ANDY,TY,NN,18.7,111.0,70,NaN,270,6,275,6,NaN,NaN,NaN,NaN,NaN,NaN,NaN,NaN,NaN,NaN,TY,WN,c,c,NaN,NaN,NaN,NaN,NaN,NaN,
1985092918,19w.1985,ANDY,TY,NN,18.6,110.0,65,NaN,266,7,266,7,NaN,NaN,NaN,NaN,NaN,NaN,NaN,NaN,NaN,NaN,TY,WN,c,c,NaN,NaN,0.52,NaN,NaN,NaN,
1985093000,19w.1985,ANDY,TY,NN,18.2,109.5,65,NaN,248,7,251,8,NaN,NaN,NaN,NaN,NaN,NaN,NaN,NaN,NaN,NaN,TY,WN,c,c,NaN,NaN,0.18,NaN,NaN,NaN,
1985093006,19w.1985,ANDY,TY,NN,18.2,108.8,65,NaN,251,6,251,6,NaN,NaN,NaN,NaN,NaN,NaN,NaN,NaN,NaN,NaN,TY,WN,c,c,NaN,NaN,0.11,NaN,NaN,NaN,
1985093012,19w.1985,ANDY,TY,NN,18.1,108.5,65,NaN,258,5,264,5,NaN,NaN,NaN,NaN,NaN,NaN,NaN,NaN,NaN,NaN,TY,WN,c,c,NaN,NaN,0.02,NaN,NaN,NaN,
1985093018,19w.1985,ANDY,TY,NN,18.1,108.0,70,NaN,264,5,263,4,NaN,NaN,NaN,NaN,NaN,NaN,NaN,NaN,NaN,NaN,TY,WN,c,c,NaN,NaN,NaN,NaN,NaN,NaN,
1985100100,19w.1985,ANDY,TY,NN,18.2,107.9,70,NaN,270,3,280,3,NaN,NaN,NaN,NaN,NaN,NaN,NaN,NaN,NaN,NaN,TY,WN,c,c,NaN,NaN,NaN,NaN,NaN,NaN,
1985100106,19w.1985,ANDY,TY,NN,18.1,106.5,65,NaN,270,6,270,7,NaN,NaN,NaN,NaN,NaN,NaN,NaN,NaN,NaN,NaN,TY,WN,c,c,NaN,NaN,0.35,NaN,NaN,NaN,
1985100112,19w.1985,ANDY,TY,NN,17.8,106.3,50,NaN,255,8,255,8,NaN,NaN,NaN,NaN,NaN,NaN,NaN,NaN,NaN,NaN,TS,WN,b,b,NaN,NaN,0.35,NaN,NaN,NaN,
1985100118,19w.1985,ANDY,TY,NN,17.7,105.9,40,NaN,229,4,235,3,NaN,NaN,NaN,NaN,NaN,NaN,NaN,NaN,NaN,NaN,TS,WN,c,c,NaN,NaN,0.98,NaN,NaN,NaN,
1985100200,19w.1985,ANDY,TY,NN,17.5,105.4,25,NaN,251,5,251,5,NaN,NaN,NaN,NaN,NaN,NaN,NaN,NaN,NaN,NaN,TD,NW,b,b,NaN,NaN,0.99,NaN,NaN,NaN,
1985092906,w20.1985,9X-W20,TY,NN,16.7,132.9,20,NaN,260,6,260,6,NaN,NaN,NaN,NaN,NaN,NaN,NaN,NaN,NaN,NaN,NT,NW,b,b,NaN,NaN,NaN,NaN,NaN,NaN,
1985092912,w20.1985,9X-W20,TY,NN,16.5,132.3,20,NaN,260,6,260,6,NaN,NaN,NaN,NaN,NaN,NaN,NaN,NaN,NaN,NaN,NT,NW,b,b,NaN,NaN,NaN,NaN,NaN,NaN,
1985092918,20w.1985,BRENDA,TY,NN,16.5,131.7,25,NaN,270,6,260,6,NaN,NaN,NaN,NaN,NaN,NaN,NaN,NaN,NaN,NaN,TD,WN,c,c,NaN,NaN,NaN,NaN,NaN,NaN,
1985093000,20w.1985,BRENDA,TY,NN,16.4,130.9,25,NaN,265,6,266,7,NaN,NaN,NaN,NaN,NaN,NaN,NaN,NaN,NaN,NaN,TD,WN,c,c,NaN,NaN,NaN,NaN,NaN,NaN,
1985093006,20w.1985,BRENDA,TY,NN,15.8,130.4,30,NaN,247,6,241,7,NaN,NaN,NaN,NaN,NaN,NaN,NaN,NaN,NaN,NaN,TD,WN,c,c,NaN,NaN,NaN,NaN,NaN,NaN,
1985093012,20w.1985,BRENDA,TY,NN,15.8,129.6,35,NaN,257,6,244,7,NaN,NaN,NaN,NaN,NaN,NaN,NaN,NaN,NaN,NaN,TS,WN,c,c,NaN,NaN,NaN,NaN,NaN,NaN,
1985093018,20w.1985,BRENDA,TY,NN,15.7,130.0,45,NaN,247,3,255,2,NaN,NaN,NaN,NaN,NaN,NaN,NaN,NaN,NaN,NaN,TS,WN,c,c,NaN,NaN,NaN,NaN,NaN,NaN,
1985100100,20w.1985,BRENDA,TY,NN,16.0,129.9,55,NaN,270,2,55,2,NaN,NaN,NaN,NaN,NaN,NaN,NaN,NaN,NaN,NaN,TS,WN,c,c,NaN,NaN,NaN,NaN,NaN,NaN,
1985100106,20w.1985,BRENDA,TY,NN,17.3,129.5,60,NaN,341,6,343,8,NaN,NaN,NaN,NaN,NaN,NaN,NaN,NaN,NaN,NaN,TS,WN,c,c,NaN,NaN,NaN,NaN,NaN,NaN,
1985100112,20w.1985,BRENDA,TY,NN,18.1,129.4,60,NaN,345,7,347,11,NaN,NaN,NaN,NaN,NaN,NaN,NaN,NaN,NaN,NaN,TS,WN,c,c,NaN,NaN,NaN,NaN,NaN,NaN,
1985100118,20w.1985,BRENDA,TY,NN,17.7,128.9,65,NaN,316,6,305,3,NaN,NaN,NaN,NaN,NaN,NaN,NaN,NaN,NaN,NaN,TY,WN,c,c,NaN,NaN,NaN,NaN,NaN,NaN,
1985100200,20w.1985,BRENDA,TY,NN,17.7,128.8,70,NaN,289,3,235,3,NaN,NaN,NaN,NaN,NaN,NaN,NaN,NaN,NaN,NaN,TY,WN,c,c,NaN,NaN,NaN,NaN,NaN,NaN,
1985100206,20w.1985,BRENDA,TY,NN,18.3,128.2,75,NaN,312,4,312,4,NaN,NaN,NaN,NaN,NaN,NaN,NaN,NaN,NaN,NaN,TY,WN,c,c,NaN,NaN,NaN,NaN,NaN,NaN,
1985100212,20w.1985,BRENDA,TY,NN,18.7,127.3,80,NaN,314,7,305,9,NaN,NaN,NaN,NaN,NaN,NaN,NaN,NaN,NaN,NaN,TY,WN,c,c,NaN,NaN,NaN,NaN,NaN,NaN,
1985100218,20w.1985,BRENDA,TY,NN,19.2,126.0,80,NaN,293,11,293,11,NaN,NaN,NaN,NaN,NaN,NaN,NaN,NaN,NaN,NaN,TY,WN,c,c,NaN,NaN,NaN,NaN,NaN,NaN,
1985100300,20w.1985,BRENDA,TY,NN,19.2,125.7,85,NaN,287,8,288,8,NaN,NaN,NaN,NaN,NaN,NaN,NaN,NaN,NaN,NaN,TY,WN,c,c,NaN,NaN,NaN,NaN,NaN,NaN,
1985100306,20w.1985,BRENDA,TY,NN,20.5,124.5,90,NaN,307,12,313,10,NaN,NaN,NaN,NaN,NaN,NaN,NaN,NaN,NaN,NaN,TY,WN,c,c,NaN,NaN,NaN,NaN,NaN,NaN,
1985100312,20w.1985,BRENDA,TY,NN,21.5,123.5,90,NaN,317,13,318,15,NaN,NaN,NaN,NaN,NaN,NaN,NaN,NaN,NaN,NaN,TY,WN,c,c,NaN,NaN,NaN,NaN,NaN,NaN,
1985100318,20w.1985,BRENDA,TY,NN,22.7,123.0,90,NaN,329,13,328,13,NaN,NaN,NaN,NaN,NaN,NaN,NaN,NaN,NaN,NaN,TY,WN,c,c,NaN,NaN,NaN,NaN,NaN,NaN,
1985100400,20w.1985,BRENDA,TY,NN,24.6,122.9,90,NaN,350,16,350,16,NaN,NaN,NaN,NaN,NaN,NaN,NaN,NaN,NaN,NaN,TY,WN,c,c,NaN,NaN,NaN,NaN,NaN,NaN,
1985100406,20w.1985,BRENDA,TY,NN,26.2,122.7,90,NaN,355,16,356,18,NaN,NaN,NaN,NaN,NaN,NaN,NaN,NaN,NaN,NaN,TY,WN,c,c,NaN,NaN,NaN,NaN,NaN,NaN,
1985100412,20w.1985,BRENDA,TY,NN,27.7,123.2,85,NaN,5,16,5,16,NaN,NaN,NaN,NaN,NaN,NaN,NaN,NaN,NaN,NaN,TY,WN,c,c,NaN,NaN,NaN,NaN,NaN,NaN,
1985100418,20w.1985,BRENDA,TY,NN,29.3,124.3,80,NaN,23,17,25,17,NaN,NaN,NaN,NaN,NaN,NaN,NaN,NaN,NaN,NaN,TY,WN,c,c,NaN,NaN,NaN,NaN,NaN,NaN,
1985100500,20w.1985,BRENDA,TY,NN,31.8,126.2,70,NaN,32,24,32,24,NaN,NaN,NaN,NaN,NaN,NaN,NaN,NaN,NaN,NaN,TY,WN,c,c,NaN,NaN,NaN,NaN,NaN,NaN,
1985100506,20w.1985,BRENDA,TY,NN,33.8,128.0,65,NaN,35,27,35,27,NaN,NaN,NaN,NaN,NaN,NaN,NaN,NaN,NaN,NaN,TY,WN,b,b,NaN,NaN,NaN,NaN,NaN,NaN,
1985101118,w21.1985,9X-W21,STY,NN,7.0,155.5,20,NaN,303,15,303,15,NaN,NaN,NaN,NaN,NaN,NaN,NaN,NaN,NaN,NaN,NT,NW,b,b,NaN,NaN,NaN,NaN,NaN,NaN,
1985101200,w21.1985,9X-W21,STY,NN,8.0,154.3,25,NaN,303,15,303,15,NaN,NaN,NaN,NaN,NaN,NaN,NaN,NaN,NaN,NaN,TD,NW,b,b,NaN,NaN,NaN,NaN,NaN,NaN,
1985101206,w21.1985,9X-W21,STY,NN,8.7,152.9,25,NaN,303,15,303,15,NaN,NaN,NaN,NaN,NaN,NaN,NaN,NaN,NaN,NaN,TD,NW,b,b,NaN,NaN,NaN,NaN,NaN,NaN,
1985101212,w21.1985,9X-W21,STY,NN,9.4,151.4,25,NaN,296,16,296,16,NaN,NaN,NaN,NaN,NaN,NaN,NaN,NaN,NaN,NaN,TD,NW,b,b,NaN,NaN,NaN,NaN,NaN,NaN,
1985101218,w21.1985,9X-W21,STY,NN,10.0,149.9,25,NaN,294,16,294,16,NaN,NaN,NaN,NaN,NaN,NaN,NaN,NaN,NaN,NaN,TD,NW,b,b,NaN,NaN,NaN,NaN,NaN,NaN,
1985101300,w21.1985,9X-W21,STY,NN,10.5,148.3,30,NaN,290,16,290,16,NaN,NaN,NaN,NaN,NaN,NaN,NaN,NaN,NaN,NaN,TD,NW,b,b,NaN,NaN,NaN,NaN,NaN,NaN,
1985101306,w21.1985,9X-W21,STY,NN,10.9,146.6,35,NaN,286,17,286,17,NaN,NaN,NaN,NaN,NaN,NaN,NaN,NaN,NaN,NaN,TS,NW,b,b,NaN,NaN,NaN,NaN,NaN,NaN,
1985101312,w21.1985,9X-W21,STY,NN,11.2,145.0,40,NaN,282,17,282,17,NaN,NaN,NaN,NaN,NaN,NaN,NaN,NaN,NaN,NaN,TS,NW,b,b,NaN,NaN,NaN,NaN,NaN,NaN,
1985101318,21w.1985,DOT,STY,NN,11.5,143.7,45,NaN,281,16,282,15,NaN,NaN,NaN,NaN,NaN,NaN,NaN,NaN,NaN,NaN,TS,WN,c,c,NaN,NaN,NaN,NaN,NaN,NaN,
1985101400,21w.1985,DOT,STY,NN,11.6,142.3,50,NaN,278,15,279,13,NaN,NaN,NaN,NaN,NaN,NaN,NaN,NaN,NaN,NaN,TS,WN,c,c,NaN,NaN,NaN,NaN,NaN,NaN,
1985101406,21w.1985,DOT,STY,NN,11.8,141.2,55,NaN,279,13,277,12,NaN,NaN,NaN,NaN,NaN,NaN,NaN,NaN,NaN,NaN,TS,WN,c,c,NaN,NaN,NaN,NaN,NaN,NaN,
1985101412,21w.1985,DOT,STY,NN,12.0,140.4,60,NaN,282,10,282,10,NaN,NaN,NaN,NaN,NaN,NaN,NaN,NaN,NaN,NaN,TS,WN,c,c,NaN,NaN,NaN,NaN,NaN,NaN,
1985101418,21w.1985,DOT,STY,NN,12.7,139.1,65,NaN,290,11,294,11,NaN,NaN,NaN,NaN,NaN,NaN,NaN,NaN,NaN,NaN,TY,WN,c,c,NaN,NaN,NaN,NaN,NaN,NaN,
1985101500,21w.1985,DOT,STY,NN,13.1,137.8,75,NaN,293,12,293,14,NaN,NaN,NaN,NaN,NaN,NaN,NaN,NaN,NaN,NaN,TY,WN,c,c,NaN,NaN,NaN,NaN,NaN,NaN,
1985101506,21w.1985,DOT,STY,NN,13.4,136.8,90,NaN,288,11,287,12,NaN,NaN,NaN,NaN,NaN,NaN,NaN,NaN,NaN,NaN,TY,WN,c,c,NaN,NaN,NaN,NaN,NaN,NaN,
1985101512,21w.1985,DOT,STY,NN,13.6,135.7,110,NaN,283,11,284,11,NaN,NaN,NaN,NaN,NaN,NaN,NaN,NaN,NaN,NaN,TY,WN,c,c,NaN,NaN,NaN,NaN,NaN,NaN,
1985101518,21w.1985,DOT,STY,NN,13.8,134.4,125,NaN,282,12,280,12,NaN,NaN,NaN,NaN,NaN,NaN,NaN,NaN,NaN,NaN,TY,WN,c,c,NaN,NaN,NaN,NaN,NaN,NaN,
1985101600,21w.1985,DOT,STY,NN,14.1,133.8,140,NaN,284,10,285,10,NaN,NaN,NaN,NaN,NaN,NaN,NaN,NaN,NaN,NaN,STY,WN,c,c,NaN,NaN,NaN,NaN,NaN,NaN,
1985101606,21w.1985,DOT,STY,NN,14.3,132.7,145,NaN,284,10,287,9,NaN,NaN,NaN,NaN,NaN,NaN,NaN,NaN,NaN,NaN,STY,WN,c,c,NaN,NaN,NaN,NaN,NaN,NaN,
1985101612,21w.1985,DOT,STY,NN,14.5,131.2,150,NaN,279,12,279,13,NaN,NaN,NaN,NaN,NaN,NaN,NaN,NaN,NaN,NaN,STY,WN,c,c,NaN,NaN,NaN,NaN,NaN,NaN,
1985101618,21w.1985,DOT,STY,NN,14.8,130.0,150,NaN,282,12,281,13,NaN,NaN,NaN,NaN,NaN,NaN,NaN,NaN,NaN,NaN,STY,WN,c,c,NaN,NaN,NaN,NaN,NaN,NaN,
1985101700,21w.1985,DOT,STY,NN,14.8,128.7,150,NaN,275,13,277,12,NaN,NaN,NaN,NaN,NaN,NaN,NaN,NaN,NaN,NaN,STY,WN,c,c,NaN,NaN,NaN,NaN,NaN,NaN,
1985101706,21w.1985,DOT,STY,NN,14.6,127.3,145,NaN,270,13,266,13,NaN,NaN,NaN,NaN,NaN,NaN,NaN,NaN,NaN,NaN,STY,WN,c,c,NaN,NaN,NaN,NaN,NaN,NaN,
1985101712,21w.1985,DOT,STY,NN,14.3,126.3,140,NaN,262,11,258,12,NaN,NaN,NaN,NaN,NaN,NaN,NaN,NaN,NaN,NaN,STY,WN,c,c,NaN,NaN,NaN,NaN,NaN,NaN,
1985101718,21w.1985,DOT,STY,NN,14.3,125.3,135,NaN,264,10,261,10,NaN,NaN,NaN,NaN,NaN,NaN,NaN,NaN,NaN,NaN,STY,WN,c,c,NaN,NaN,NaN,NaN,NaN,NaN,
1985101800,21w.1985,DOT,STY,NN,14.3,124.3,130,NaN,270,10,270,10,NaN,NaN,NaN,NaN,NaN,NaN,NaN,NaN,NaN,NaN,STY,WN,c,c,NaN,NaN,0.01,NaN,NaN,NaN,
1985101806,21w.1985,DOT,STY,NN,14.5,123.4,120,NaN,276,9,276,9,NaN,NaN,NaN,NaN,NaN,NaN,NaN,NaN,NaN,NaN,TY,WN,c,c,NaN,NaN,0.02,NaN,NaN,NaN,
1985101812,21w.1985,DOT,STY,NN,15.0,122.5,110,NaN,291,10,292,9,NaN,NaN,NaN,NaN,NaN,NaN,NaN,NaN,NaN,NaN,TY,WN,c,c,NaN,NaN,0.03,NaN,NaN,NaN,
1985101818,21w.1985,DOT,STY,NN,15.3,120.5,85,NaN,284,14,286,15,NaN,NaN,NaN,NaN,NaN,NaN,NaN,NaN,NaN,NaN,TY,WN,c,c,NaN,NaN,0.98,NaN,NaN,NaN,
1985101900,21w.1985,DOT,STY,NN,15.5,119.3,65,NaN,280,15,279,16,NaN,NaN,NaN,NaN,NaN,NaN,NaN,NaN,NaN,NaN,TY,WN,c,c,NaN,NaN,0.06,NaN,NaN,NaN,
1985101906,21w.1985,DOT,STY,NN,15.8,118.8,70,NaN,283,11,287,9,NaN,NaN,NaN,NaN,NaN,NaN,NaN,NaN,NaN,NaN,TY,WN,c,c,NaN,NaN,NaN,NaN,NaN,NaN,
1985101912,21w.1985,DOT,STY,NN,16.1,117.7,75,NaN,278,10,291,8,NaN,NaN,NaN,NaN,NaN,NaN,NaN,NaN,NaN,NaN,TY,WN,c,c,NaN,NaN,NaN,NaN,NaN,NaN,
1985101918,21w.1985,DOT,STY,NN,16.3,116.5,80,NaN,283,11,283,11,NaN,NaN,NaN,NaN,NaN,NaN,NaN,NaN,NaN,NaN,TY,WN,c,c,NaN,NaN,NaN,NaN,NaN,NaN,
1985102000,21w.1985,DOT,STY,NN,17.0,115.7,85,NaN,295,10,295,11,NaN,NaN,NaN,NaN,NaN,NaN,NaN,NaN,NaN,NaN,TY,WN,c,c,NaN,NaN,NaN,NaN,NaN,NaN,
1985102006,21w.1985,DOT,STY,NN,17.1,114.5,85,NaN,287,10,293,10,NaN,NaN,NaN,NaN,NaN,NaN,NaN,NaN,NaN,NaN,TY,WN,c,c,NaN,NaN,NaN,NaN,NaN,NaN,
1985102012,21w.1985,DOT,STY,NN,17.6,112.8,90,NaN,287,14,282,14,NaN,NaN,NaN,NaN,NaN,NaN,NaN,NaN,NaN,NaN,TY,WN,c,c,NaN,NaN,NaN,NaN,NaN,NaN,
1985102018,21w.1985,DOT,STY,NN,17.7,111.4,90,NaN,281,14,281,15,NaN,NaN,NaN,NaN,NaN,NaN,NaN,NaN,NaN,NaN,TY,WN,c,c,NaN,NaN,NaN,NaN,NaN,NaN,
1985102100,21w.1985,DOT,STY,NN,18.2,109.4,80,NaN,281,16,281,16,NaN,NaN,NaN,NaN,NaN,NaN,NaN,NaN,NaN,NaN,TY,WN,c,c,NaN,NaN,0.18,NaN,NaN,NaN,
1985102106,21w.1985,DOT,STY,NN,18.5,107.8,70,NaN,282,17,283,18,NaN,NaN,NaN,NaN,NaN,NaN,NaN,NaN,NaN,NaN,TY,WN,c,c,NaN,NaN,NaN,NaN,NaN,NaN,
1985102112,21w.1985,DOT,STY,NN,18.7,106.0,60,NaN,279,16,279,16,NaN,NaN,NaN,NaN,NaN,NaN,NaN,NaN,NaN,NaN,TS,WN,c,c,NaN,NaN,0.45,NaN,NaN,NaN,
1985102118,21w.1985,DOT,STY,NN,18.9,104.8,40,NaN,278,14,278,14,NaN,NaN,NaN,NaN,NaN,NaN,NaN,NaN,NaN,NaN,TS,NW,b,b,NaN,NaN,0.99,NaN,NaN,NaN,
1985101206,w22.1985,9X-W22,TY,NN,10.7,120.3,30,NaN,273,11,273,11,NaN,NaN,NaN,NaN,NaN,NaN,NaN,NaN,NaN,NaN,TD,NW,b,b,NaN,NaN,NaN,NaN,NaN,NaN,
1985101212,22w.1985,CECIL,TY,NN,10.5,119.0,35,NaN,270,12,273,11,NaN,NaN,NaN,NaN,NaN,NaN,NaN,NaN,NaN,NaN,TS,WN,c,c,NaN,NaN,0.30,NaN,NaN,NaN,
1985101218,22w.1985,CECIL,TY,NN,10.8,118.0,40,NaN,275,12,273,11,NaN,NaN,NaN,NaN,NaN,NaN,NaN,NaN,NaN,NaN,TS,WN,c,c,NaN,NaN,NaN,NaN,NaN,NaN,
1985101300,22w.1985,CECIL,TY,NN,12.0,117.0,45,NaN,275,12,307,12,NaN,NaN,NaN,NaN,NaN,NaN,NaN,NaN,NaN,NaN,TS,WN,c,c,NaN,NaN,NaN,NaN,NaN,NaN,
1985101306,22w.1985,CECIL,TY,NN,12.1,116.5,55,NaN,299,8,311,10,NaN,NaN,NaN,NaN,NaN,NaN,NaN,NaN,NaN,NaN,TS,WN,c,c,NaN,NaN,NaN,NaN,NaN,NaN,
1985101312,22w.1985,CECIL,TY,NN,12.3,116.0,60,NaN,297,5,287,5,NaN,NaN,NaN,NaN,NaN,NaN,NaN,NaN,NaN,NaN,TS,WN,c,c,NaN,NaN,NaN,NaN,NaN,NaN,
1985101318,22w.1985,CECIL,TY,NN,12.6,115.5,65,NaN,297,5,297,5,NaN,NaN,NaN,NaN,NaN,NaN,NaN,NaN,NaN,NaN,TY,WN,c,c,NaN,NaN,NaN,NaN,NaN,NaN,
1985101400,22w.1985,CECIL,TY,NN,13.3,115.0,70,NaN,306,6,316,7,NaN,NaN,NaN,NaN,NaN,NaN,NaN,NaN,NaN,NaN,TY,WN,c,c,NaN,NaN,NaN,NaN,NaN,NaN,
1985101406,22w.1985,CECIL,TY,NN,13.8,114.4,75,NaN,313,7,318,8,NaN,NaN,NaN,NaN,NaN,NaN,NaN,NaN,NaN,NaN,TY,WN,c,c,NaN,NaN,NaN,NaN,NaN,NaN,
1985101412,22w.1985,CECIL,TY,NN,14.3,113.5,80,NaN,304,9,304,9,NaN,NaN,NaN,NaN,NaN,NaN,NaN,NaN,NaN,NaN,TY,WN,c,c,NaN,NaN,NaN,NaN,NaN,NaN,
1985101418,22w.1985,CECIL,TY,NN,14.8,112.8,85,NaN,303,9,303,9,NaN,NaN,NaN,NaN,NaN,NaN,NaN,NaN,NaN,NaN,TY,WN,c,c,NaN,NaN,NaN,NaN,NaN,NaN,
1985101500,22w.1985,CECIL,TY,NN,15.3,111.8,95,NaN,301,10,301,10,NaN,NaN,NaN,NaN,NaN,NaN,NaN,NaN,NaN,NaN,TY,WN,c,c,NaN,NaN,NaN,NaN,NaN,NaN,
1985101506,22w.1985,CECIL,TY,NN,16.0,110.7,100,NaN,301,12,301,12,NaN,NaN,NaN,NaN,NaN,NaN,NaN,NaN,NaN,NaN,TY,WN,c,c,NaN,NaN,NaN,NaN,NaN,NaN,
1985101512,22w.1985,CECIL,TY,NN,16.7,109.5,100,NaN,294,17,302,13,NaN,NaN,NaN,NaN,NaN,NaN,NaN,NaN,NaN,NaN,TY,WN,c,c,NaN,NaN,NaN,NaN,NaN,NaN,
1985101518,22w.1985,CECIL,TY,NN,17.0,108.3,100,NaN,293,13,293,13,NaN,NaN,NaN,NaN,NaN,NaN,NaN,NaN,NaN,NaN,TY,WN,c,c,NaN,NaN,NaN,NaN,NaN,NaN,
1985101600,22w.1985,CECIL,TY,NN,17.0,106.7,90,NaN,276,13,276,13,NaN,NaN,NaN,NaN,NaN,NaN,NaN,NaN,NaN,NaN,TY,NW,b,b,NaN,NaN,0.92,NaN,NaN,NaN,
1985101606,22w.1985,CECIL,TY,NN,17.0,105.4,50,NaN,270,14,270,14,NaN,NaN,NaN,NaN,NaN,NaN,NaN,NaN,NaN,NaN,TS,WN,b,b,NaN,NaN,0.99,NaN,NaN,NaN,
1985101612,22w.1985,CECIL,TY,NN,17.1,104.2,30,NaN,272,12,272,12,NaN,NaN,NaN,NaN,NaN,NaN,NaN,NaN,NaN,NaN,TD,NW,b,b,NaN,NaN,0.98,NaN,NaN,NaN,
1985101400,w23.1985,9X-W23,TS,NN,6.1,159.0,10,NaN,298,11,298,11,NaN,NaN,NaN,NaN,NaN,NaN,NaN,NaN,NaN,NaN,NT,NW,b,b,NaN,NaN,NaN,NaN,NaN,NaN,
1985101406,w23.1985,9X-W23,TS,NN,6.6,158.0,10,NaN,298,11,298,11,NaN,NaN,NaN,NaN,NaN,NaN,NaN,NaN,NaN,NaN,NT,NW,b,b,NaN,NaN,0.03,NaN,NaN,NaN,
1985101412,w23.1985,9X-W23,TS,NN,7.1,157.1,10,NaN,298,11,298,11,NaN,NaN,NaN,NaN,NaN,NaN,NaN,NaN,NaN,NaN,NT,NW,b,b,NaN,NaN,NaN,NaN,NaN,NaN,
1985101418,w23.1985,9X-W23,TS,NN,7.6,156.1,15,NaN,298,11,298,11,NaN,NaN,NaN,NaN,NaN,NaN,NaN,NaN,NaN,NaN,NT,NW,b,b,NaN,NaN,NaN,NaN,NaN,NaN,
1985101500,w23.1985,9X-W23,TS,NN,8.1,155.4,20,NaN,301,10,301,10,NaN,NaN,NaN,NaN,NaN,NaN,NaN,NaN,NaN,NaN,NT,NW,b,b,NaN,NaN,NaN,NaN,NaN,NaN,
1985101506,w23.1985,9X-W23,TS,NN,8.5,154.7,20,NaN,303,8,303,8,NaN,NaN,NaN,NaN,NaN,NaN,NaN,NaN,NaN,NaN,NT,NW,b,b,NaN,NaN,NaN,NaN,NaN,NaN,
1985101512,w23.1985,9X-W23,TS,NN,8.8,154.0,25,NaN,297,8,297,8,NaN,NaN,NaN,NaN,NaN,NaN,NaN,NaN,NaN,NaN,TD,NW,b,b,NaN,NaN,NaN,NaN,NaN,NaN,
1985101518,w23.1985,9X-W23,TS,NN,9.3,153.3,30,NaN,300,8,300,8,NaN,NaN,NaN,NaN,NaN,NaN,NaN,NaN,NaN,NaN,TD,NW,b,b,NaN,NaN,NaN,NaN,NaN,NaN,
1985101600,23w.1985,ELLIS,TS,NN,10.0,152.8,35,NaN,303,8,315,8,NaN,NaN,NaN,NaN,NaN,NaN,NaN,NaN,NaN,NaN,TS,WN,c,c,NaN,NaN,NaN,NaN,NaN,NaN,
1985101606,23w.1985,ELLIS,TS,NN,10.7,152.0,35,NaN,305,10,318,9,NaN,NaN,NaN,NaN,NaN,NaN,NaN,NaN,NaN,NaN,TS,WN,c,c,NaN,NaN,NaN,NaN,NaN,NaN,
1985101612,23w.1985,ELLIS,TS,NN,11.3,151.3,35,NaN,305,10,311,10,NaN,NaN,NaN,NaN,NaN,NaN,NaN,NaN,NaN,NaN,TS,WN,c,c,NaN,NaN,NaN,NaN,NaN,NaN,
1985101618,23w.1985,ELLIS,TS,NN,10.8,151.3,35,NaN,291,4,278,3,NaN,NaN,NaN,NaN,NaN,NaN,NaN,NaN,NaN,NaN,TS,WN,c,c,NaN,NaN,NaN,NaN,NaN,NaN,
1985101700,23w.1985,ELLIS,TS,NN,10.9,150.9,40,NaN,294,4,224,3,NaN,NaN,NaN,NaN,NaN,NaN,NaN,NaN,NaN,NaN,TS,WN,c,c,NaN,NaN,NaN,NaN,NaN,NaN,
1985101706,23w.1985,ELLIS,TS,NN,10.9,150.6,45,NaN,278,3,278,3,NaN,NaN,NaN,NaN,NaN,NaN,NaN,NaN,NaN,NaN,TS,WN,c,c,NaN,NaN,NaN,NaN,NaN,NaN,
1985101712,23w.1985,ELLIS,TS,NN,11.0,150.3,45,NaN,289,3,280,3,NaN,NaN,NaN,NaN,NaN,NaN,NaN,NaN,NaN,NaN,TS,WN,c,c,NaN,NaN,NaN,NaN,NaN,NaN,
1985101718,23w.1985,ELLIS,TS,NN,10.0,149.8,45,NaN,234,4,221,6,NaN,NaN,NaN,NaN,NaN,NaN,NaN,NaN,NaN,NaN,TS,WN,c,c,NaN,NaN,NaN,NaN,NaN,NaN,
1985101800,23w.1985,ELLIS,TS,NN,9.5,149.8,50,NaN,219,4,198,8,NaN,NaN,NaN,NaN,NaN,NaN,NaN,NaN,NaN,NaN,TS,WN,c,c,NaN,NaN,NaN,NaN,NaN,NaN,
1985101806,23w.1985,ELLIS,TS,NN,8.9,149.8,50,NaN,198,5,180,5,NaN,NaN,NaN,NaN,NaN,NaN,NaN,NaN,NaN,NaN,TS,WN,c,c,NaN,NaN,NaN,NaN,NaN,NaN,
1985101812,23w.1985,ELLIS,TS,NN,8.4,149.6,50,NaN,202,5,190,6,NaN,NaN,NaN,NaN,NaN,NaN,NaN,NaN,NaN,NaN,TS,WN,c,c,NaN,NaN,NaN,NaN,NaN,NaN,
1985101818,23w.1985,ELLIS,TS,NN,7.7,148.8,45,NaN,222,7,220,8,NaN,NaN,NaN,NaN,NaN,NaN,NaN,NaN,NaN,NaN,TS,WN,c,c,NaN,NaN,NaN,NaN,NaN,NaN,
1985101900,23w.1985,ELLIS,TS,NN,7.2,148.3,40,NaN,225,8,227,9,NaN,NaN,NaN,NaN,NaN,NaN,NaN,NaN,NaN,NaN,TS,WN,c,c,NaN,NaN,NaN,NaN,NaN,NaN,
1985101906,23w.1985,ELLIS,TS,NN,6.6,147.8,40,NaN,225,7,222,7,NaN,NaN,NaN,NaN,NaN,NaN,NaN,NaN,NaN,NaN,TS,WN,c,c,NaN,NaN,NaN,NaN,NaN,NaN,
1985101912,23w.1985,ELLIS,TS,NN,6.2,147.2,40,NaN,231,7,228,7,NaN,NaN,NaN,NaN,NaN,NaN,NaN,NaN,NaN,NaN,TS,WN,c,c,NaN,NaN,NaN,NaN,NaN,NaN,
1985101918,23w.1985,ELLIS,TS,NN,6.3,146.4,35,NaN,253,7,258,7,NaN,NaN,NaN,NaN,NaN,NaN,NaN,NaN,NaN,NaN,TS,WN,c,c,NaN,NaN,NaN,NaN,NaN,NaN,
1985102000,23w.1985,ELLIS,TS,NN,6.3,145.3,30,NaN,267,9,273,9,NaN,NaN,NaN,NaN,NaN,NaN,NaN,NaN,NaN,NaN,TD,WN,c,c,NaN,NaN,NaN,NaN,NaN,NaN,
1985102300,24w.1985,FAYE,TY,NN,12.8,125.9,30,NaN,308,12,308,12,NaN,NaN,NaN,NaN,NaN,NaN,NaN,NaN,NaN,NaN,TD,WN,b,b,NaN,NaN,NaN,NaN,NaN,NaN,
1985102306,24w.1985,FAYE,TY,NN,13.5,124.9,30,NaN,307,11,308,12,NaN,NaN,NaN,NaN,NaN,NaN,NaN,NaN,NaN,NaN,TD,WN,c,c,NaN,NaN,NaN,NaN,NaN,NaN,
1985102312,24w.1985,FAYE,TY,NN,14.3,123.9,35,NaN,309,12,308,12,NaN,NaN,NaN,NaN,NaN,NaN,NaN,NaN,NaN,NaN,TS,WN,c,c,NaN,NaN,0.01,NaN,NaN,NaN,
1985102318,24w.1985,FAYE,TY,NN,14.8,122.8,40,NaN,299,12,303,12,NaN,NaN,NaN,NaN,NaN,NaN,NaN,NaN,NaN,NaN,TS,WN,c,c,NaN,NaN,NaN,NaN,NaN,NaN,
1985102400,24w.1985,FAYE,TY,NN,15.2,122.0,45,NaN,300,10,296,10,NaN,NaN,NaN,NaN,NaN,NaN,NaN,NaN,NaN,NaN,TS,WN,c,c,NaN,NaN,0.14,NaN,NaN,NaN,
1985102406,24w.1985,FAYE,TY,NN,15.5,121.5,35,NaN,301,7,299,7,NaN,NaN,NaN,NaN,NaN,NaN,NaN,NaN,NaN,NaN,TS,WN,c,c,NaN,NaN,0.53,NaN,NaN,NaN,
1985102412,24w.1985,FAYE,TY,NN,16.2,120.7,20,NaN,311,8,309,8,NaN,NaN,NaN,NaN,NaN,NaN,NaN,NaN,NaN,NaN,NT,WN,c,c,NaN,NaN,0.83,NaN,NaN,NaN,
1985102418,24w.1985,FAYE,TY,NN,17.2,120.0,25,NaN,320,10,320,11,NaN,NaN,NaN,NaN,NaN,NaN,NaN,NaN,NaN,NaN,TD,WN,c,c,NaN,NaN,0.10,NaN,NaN,NaN,
1985102500,24w.1985,FAYE,TY,NN,18.1,119.2,35,NaN,318,11,323,12,NaN,NaN,NaN,NaN,NaN,NaN,NaN,NaN,NaN,NaN,TS,WN,c,c,NaN,NaN,NaN,NaN,NaN,NaN,
1985102506,24w.1985,FAYE,TY,NN,18.2,118.5,40,NaN,302,10,305,9,NaN,NaN,NaN,NaN,NaN,NaN,NaN,NaN,NaN,NaN,TS,WN,c,c,NaN,NaN,NaN,NaN,NaN,NaN,
1985102512,24w.1985,FAYE,TY,NN,18.1,119.0,40,NaN,289,2,270,1,NaN,NaN,NaN,NaN,NaN,NaN,NaN,NaN,NaN,NaN,TS,WN,c,c,NaN,NaN,NaN,NaN,NaN,NaN,
1985102518,24w.1985,FAYE,TY,NN,18.1,119.4,40,NaN,62,3,97,4,NaN,NaN,NaN,NaN,NaN,NaN,NaN,NaN,NaN,NaN,TS,WN,c,c,NaN,NaN,NaN,NaN,NaN,NaN,
1985102600,24w.1985,FAYE,TY,NN,18.0,119.5,40,NaN,136,1,102,2,NaN,NaN,NaN,NaN,NaN,NaN,NaN,NaN,NaN,NaN,TS,WN,c,c,NaN,NaN,NaN,NaN,NaN,NaN,
1985102606,24w.1985,FAYE,TY,NN,18.3,120.5,35,NaN,78,5,79,5,NaN,NaN,NaN,NaN,NaN,NaN,NaN,NaN,NaN,NaN,TS,WN,c,c,NaN,NaN,0.27,NaN,NaN,NaN,
1985102612,24w.1985,FAYE,TY,NN,18.6,121.0,35,NaN,67,5,67,8,NaN,NaN,NaN,NaN,NaN,NaN,NaN,NaN,NaN,NaN,TS,WN,c,c,NaN,NaN,0.54,NaN,NaN,NaN,
1985102618,24w.1985,FAYE,TY,NN,19.1,122.2,40,NaN,70,9,64,9,NaN,NaN,NaN,NaN,NaN,NaN,NaN,NaN,NaN,NaN,TS,WN,c,c,NaN,NaN,0.04,NaN,NaN,NaN,
1985102700,24w.1985,FAYE,TY,NN,19.2,122.4,45,NaN,66,6,66,7,NaN,NaN,NaN,NaN,NaN,NaN,NaN,NaN,NaN,NaN,TS,WN,c,c,NaN,NaN,NaN,NaN,NaN,NaN,
1985102706,24w.1985,FAYE,TY,NN,19.5,122.7,50,NaN,51,6,50,3,NaN,NaN,NaN,NaN,NaN,NaN,NaN,NaN,NaN,NaN,TS,WN,c,c,NaN,NaN,NaN,NaN,NaN,NaN,
1985102712,24w.1985,FAYE,TY,NN,19.6,122.9,50,NaN,50,3,50,3,NaN,NaN,NaN,NaN,NaN,NaN,NaN,NaN,NaN,NaN,TS,WN,c,c,NaN,NaN,NaN,NaN,NaN,NaN,
1985102718,24w.1985,FAYE,TY,NN,19.6,123.2,50,NaN,58,3,78,2,NaN,NaN,NaN,NaN,NaN,NaN,NaN,NaN,NaN,NaN,TS,WN,c,c,NaN,NaN,NaN,NaN,NaN,NaN,
1985102800,24w.1985,FAYE,TY,NN,19.5,123.0,50,NaN,55,2,137,1,NaN,NaN,NaN,NaN,NaN,NaN,NaN,NaN,NaN,NaN,TS,WN,c,c,NaN,NaN,NaN,NaN,NaN,NaN,
1985102806,24w.1985,FAYE,TY,NN,19.7,123.4,55,NaN,62,2,62,1,NaN,NaN,NaN,NaN,NaN,NaN,NaN,NaN,NaN,NaN,TS,WN,c,c,NaN,NaN,NaN,NaN,NaN,NaN,
1985102812,24w.1985,FAYE,TY,NN,19.7,123.5,60,NaN,71,1,67,3,NaN,NaN,NaN,NaN,NaN,NaN,NaN,NaN,NaN,NaN,TS,WN,c,c,NaN,NaN,NaN,NaN,NaN,NaN,
1985102818,24w.1985,FAYE,TY,NN,20.1,123.9,65,NaN,50,3,50,3,NaN,NaN,NaN,NaN,NaN,NaN,NaN,NaN,NaN,NaN,TY,WN,c,c,NaN,NaN,NaN,NaN,NaN,NaN,
1985102900,24w.1985,FAYE,TY,NN,20.6,124.0,75,NaN,30,5,28,5,NaN,NaN,NaN,NaN,NaN,NaN,NaN,NaN,NaN,NaN,TY,WN,c,c,NaN,NaN,NaN,NaN,NaN,NaN,
1985102906,24w.1985,FAYE,TY,NN,21.2,124.4,80,NaN,25,6,23,6,NaN,NaN,NaN,NaN,NaN,NaN,NaN,NaN,NaN,NaN,TY,WN,c,c,NaN,NaN,NaN,NaN,NaN,NaN,
1985102912,24w.1985,FAYE,TY,NN,21.6,125.0,90,NaN,43,7,43,7,NaN,NaN,NaN,NaN,NaN,NaN,NaN,NaN,NaN,NaN,TY,WN,c,c,NaN,NaN,NaN,NaN,NaN,NaN,
1985102918,24w.1985,FAYE,TY,NN,22.2,125.5,95,NaN,43,7,46,7,NaN,NaN,NaN,NaN,NaN,NaN,NaN,NaN,NaN,NaN,TY,WN,c,c,NaN,NaN,NaN,NaN,NaN,NaN,
1985103000,24w.1985,FAYE,TY,NN,22.8,126.0,100,NaN,40,7,38,8,NaN,NaN,NaN,NaN,NaN,NaN,NaN,NaN,NaN,NaN,TY,WN,c,c,NaN,NaN,NaN,NaN,NaN,NaN,
1985103006,24w.1985,FAYE,TY,NN,23.3,126.5,95,NaN,40,7,40,7,NaN,NaN,NaN,NaN,NaN,NaN,NaN,NaN,NaN,NaN,TY,WN,c,c,NaN,NaN,NaN,NaN,NaN,NaN,
1985103012,24w.1985,FAYE,TY,NN,24.1,127.5,90,NaN,47,9,47,9,NaN,NaN,NaN,NaN,NaN,NaN,NaN,NaN,NaN,NaN,TY,WN,c,c,NaN,NaN,NaN,NaN,NaN,NaN,
1985103018,24w.1985,FAYE,TY,NN,24.7,128.5,85,NaN,53,12,53,12,NaN,NaN,NaN,NaN,NaN,NaN,NaN,NaN,NaN,NaN,TY,WN,c,c,NaN,NaN,NaN,NaN,NaN,NaN,
1985103100,24w.1985,FAYE,TY,NN,25.2,129.7,80,NaN,59,12,61,11,NaN,NaN,NaN,NaN,NaN,NaN,NaN,NaN,NaN,NaN,TY,WN,c,c,NaN,NaN,NaN,NaN,NaN,NaN,
1985103106,24w.1985,FAYE,TY,NN,26.0,131.2,65,NaN,60,14,62,14,NaN,NaN,NaN,NaN,NaN,NaN,NaN,NaN,NaN,NaN,TY,WN,c,c,NaN,NaN,NaN,NaN,NaN,NaN,
1985103112,24w.1985,FAYE,TY,NN,26.6,133.0,60,NaN,66,16,65,16,NaN,NaN,NaN,NaN,NaN,NaN,NaN,NaN,NaN,NaN,TS,WN,c,c,NaN,NaN,NaN,NaN,NaN,NaN,
1985103118,24w.1985,FAYE,TY,NN,27.0,134.9,55,NaN,71,18,73,17,NaN,NaN,NaN,NaN,NaN,NaN,NaN,NaN,NaN,NaN,TS,WN,c,c,NaN,NaN,NaN,NaN,NaN,NaN,
1985110100,24w.1985,FAYE,TY,NN,27.5,136.0,50,NaN,70,17,71,14,NaN,NaN,NaN,NaN,NaN,NaN,NaN,NaN,NaN,NaN,TS,WN,c,c,NaN,NaN,NaN,NaN,NaN,NaN,
1985110106,24w.1985,FAYE,TY,NN,28.1,138.2,45,NaN,69,16,69,16,NaN,NaN,NaN,NaN,NaN,NaN,NaN,NaN,NaN,NaN,TS,WN,c,c,NaN,NaN,NaN,NaN,NaN,NaN,
1985111918,w25.1985,9X-W25,TS,NN,6.8,108.1,25,NaN,51,12,51,12,NaN,NaN,NaN,NaN,NaN,NaN,NaN,NaN,NaN,NaN,TD,NW,b,b,NaN,NaN,NaN,NaN,NaN,NaN,
1985112000,w25.1985,9X-W25,TS,NN,8.0,109.2,25,NaN,51,12,51,12,NaN,NaN,NaN,NaN,NaN,NaN,NaN,NaN,NaN,NaN,TD,NW,b,b,NaN,NaN,NaN,NaN,NaN,NaN,
1985112006,w25.1985,9X-W25,TS,NN,8.3,110.0,30,NaN,360,9,51,12,NaN,NaN,NaN,NaN,NaN,NaN,NaN,NaN,NaN,NaN,TD,NW,c,c,NaN,NaN,NaN,NaN,NaN,NaN,
1985112012,25w.1985,GORDON,TS,NN,9.1,110.5,30,NaN,17,5,49,8,NaN,NaN,NaN,NaN,NaN,NaN,NaN,NaN,NaN,NaN,TD,WN,c,c,NaN,NaN,NaN,NaN,NaN,NaN,
1985112018,25w.1985,GORDON,TS,NN,9.6,110.2,35,NaN,349,5,9,7,NaN,NaN,NaN,NaN,NaN,NaN,NaN,NaN,NaN,NaN,TS,WN,c,c,NaN,NaN,NaN,NaN,NaN,NaN,
1985112100,25w.1985,GORDON,TS,NN,7.9,112.3,35,NaN,70,6,124,11,NaN,NaN,NaN,NaN,NaN,NaN,NaN,NaN,NaN,NaN,TS,WN,c,c,NaN,NaN,NaN,NaN,NaN,NaN,
1985112106,25w.1985,GORDON,TS,NN,8.6,112.5,35,NaN,58,5,114,12,NaN,NaN,NaN,NaN,NaN,NaN,NaN,NaN,NaN,NaN,TS,WN,c,c,NaN,NaN,NaN,NaN,NaN,NaN,
1985112112,25w.1985,GORDON,TS,NN,9.6,112.5,35,NaN,10,6,7,9,NaN,NaN,NaN,NaN,NaN,NaN,NaN,NaN,NaN,NaN,TS,WN,c,c,NaN,NaN,NaN,NaN,NaN,NaN,
1985112118,25w.1985,GORDON,TS,NN,10.1,112.7,30,NaN,360,7,7,8,NaN,NaN,NaN,NaN,NaN,NaN,NaN,NaN,NaN,NaN,TD,WN,c,c,NaN,NaN,NaN,NaN,NaN,NaN,
1985112200,25w.1985,GORDON,TS,NN,8.8,112.8,30,NaN,160,4,160,4,NaN,NaN,NaN,NaN,NaN,NaN,NaN,NaN,NaN,NaN,TD,WN,b,b,NaN,NaN,NaN,NaN,NaN,NaN,
1985112206,25w.1985,GORDON,TS,NN,9.3,112.9,30,NaN,8,4,166,4,NaN,NaN,NaN,NaN,NaN,NaN,NaN,NaN,NaN,NaN,TD,WN,c,c,NaN,NaN,NaN,NaN,NaN,NaN,
1985112212,25w.1985,GORDON,TS,NN,9.1,112.4,30,NaN,307,2,307,2,NaN,NaN,NaN,NaN,NaN,NaN,NaN,NaN,NaN,NaN,TD,WN,b,b,NaN,NaN,NaN,NaN,NaN,NaN,
1985112218,25w.1985,GORDON,TS,NN,9.6,112.3,30,NaN,301,3,297,3,NaN,NaN,NaN,NaN,NaN,NaN,NaN,NaN,NaN,NaN,TD,WN,c,c,NaN,NaN,NaN,NaN,NaN,NaN,
1985112300,25w.1985,GORDON,TS,NN,9.3,112.5,30,NaN,304,2,26,1,NaN,NaN,NaN,NaN,NaN,NaN,NaN,NaN,NaN,NaN,TD,WN,c,c,NaN,NaN,NaN,NaN,NaN,NaN,
1985112306,25w.1985,GORDON,TS,NN,9.5,112.5,30,NaN,323,2,117,1,NaN,NaN,NaN,NaN,NaN,NaN,NaN,NaN,NaN,NaN,TD,WN,c,c,NaN,NaN,NaN,NaN,NaN,NaN,
1985112312,25w.1985,GORDON,TS,NN,9.8,112.5,30,NaN,338,3,360,2,NaN,NaN,NaN,NaN,NaN,NaN,NaN,NaN,NaN,NaN,TD,WN,c,c,NaN,NaN,NaN,NaN,NaN,NaN,
1985112318,25w.1985,GORDON,TS,NN,10.1,112.4,35,NaN,329,3,351,3,NaN,NaN,NaN,NaN,NaN,NaN,NaN,NaN,NaN,NaN,TS,WN,c,c,NaN,NaN,NaN,NaN,NaN,NaN,
1985112400,25w.1985,GORDON,TS,NN,10.6,112.5,35,NaN,342,3,360,4,NaN,NaN,NaN,NaN,NaN,NaN,NaN,NaN,NaN,NaN,TS,WN,c,c,NaN,NaN,NaN,NaN,NaN,NaN,
1985112406,25w.1985,GORDON,TS,NN,11.1,112.5,35,NaN,360,4,6,5,NaN,NaN,NaN,NaN,NaN,NaN,NaN,NaN,NaN,NaN,TS,WN,c,c,NaN,NaN,NaN,NaN,NaN,NaN,
1985112412,25w.1985,GORDON,TS,NN,11.6,112.5,35,NaN,360,5,360,5,NaN,NaN,NaN,NaN,NaN,NaN,NaN,NaN,NaN,NaN,TS,WN,c,c,NaN,NaN,NaN,NaN,NaN,NaN,
1985112418,25w.1985,GORDON,TS,NN,11.8,112.2,40,NaN,340,4,337,4,NaN,NaN,NaN,NaN,NaN,NaN,NaN,NaN,NaN,NaN,TS,WN,c,c,NaN,NaN,NaN,NaN,NaN,NaN,
1985112500,25w.1985,GORDON,TS,NN,12.1,111.7,45,NaN,324,5,303,5,NaN,NaN,NaN,NaN,NaN,NaN,NaN,NaN,NaN,NaN,TS,WN,c,c,NaN,NaN,NaN,NaN,NaN,NaN,
1985112506,25w.1985,GORDON,TS,NN,12.3,110.5,40,NaN,297,5,287,9,NaN,NaN,NaN,NaN,NaN,NaN,NaN,NaN,NaN,NaN,TS,WN,c,c,NaN,NaN,NaN,NaN,NaN,NaN,
1985112512,25w.1985,GORDON,TS,NN,12.6,109.5,35,NaN,289,8,283,11,NaN,NaN,NaN,NaN,NaN,NaN,NaN,NaN,NaN,NaN,TS,WN,c,c,NaN,NaN,0.27,NaN,NaN,NaN,
1985112518,25w.1985,GORDON,TS,NN,13.0,108.7,30,NaN,296,8,292,9,NaN,NaN,NaN,NaN,NaN,NaN,NaN,NaN,NaN,NaN,TD,WN,c,c,NaN,NaN,0.99,NaN,NaN,NaN,
1985112600,25w.1985,GORDON,TS,NN,13.5,108.3,20,NaN,308,7,308,7,NaN,NaN,NaN,NaN,NaN,NaN,NaN,NaN,NaN,NaN,NT,NW,b,b,NaN,NaN,0.99,NaN,NaN,NaN,
1985121606,w26.1985,9X-W26,TS,NN,7.6,114.6,25,NaN,100,3,100,3,NaN,NaN,NaN,NaN,NaN,NaN,NaN,NaN,NaN,NaN,TD,NW,b,b,NaN,NaN,NaN,NaN,NaN,NaN,
1985121612,w26.1985,9X-W26,TS,NN,7.5,114.9,25,NaN,100,3,100,3,NaN,NaN,NaN,NaN,NaN,NaN,NaN,NaN,NaN,NaN,TD,NW,b,b,NaN,NaN,NaN,NaN,NaN,NaN,
1985121618,w26.1985,9X-W26,TS,NN,7.5,115.2,30,NaN,100,3,100,3,NaN,NaN,NaN,NaN,NaN,NaN,NaN,NaN,NaN,NaN,TD,NW,b,b,NaN,NaN,NaN,NaN,NaN,NaN,
1985121700,w26.1985,9X-W26,TS,NN,7.6,115.5,35,NaN,80,3,80,3,NaN,NaN,NaN,NaN,NaN,NaN,NaN,NaN,NaN,NaN,TS,NW,b,b,NaN,NaN,NaN,NaN,NaN,NaN,
1985121706,w26.1985,9X-W26,TS,NN,7.9,115.5,40,NaN,37,2,37,2,NaN,NaN,NaN,NaN,NaN,NaN,NaN,NaN,NaN,NaN,TS,NW,b,b,NaN,NaN,NaN,NaN,NaN,NaN,
1985121712,w26.1985,9X-W26,TS,NN,8.0,115.2,45,NaN,323,2,323,2,NaN,NaN,NaN,NaN,NaN,NaN,NaN,NaN,NaN,NaN,TS,NW,b,b,NaN,NaN,NaN,NaN,NaN,NaN,
1985121718,w26.1985,9X-W26,TS,NN,8.0,114.9,50,NaN,280,3,280,3,NaN,NaN,NaN,NaN,NaN,NaN,NaN,NaN,NaN,NaN,TS,NW,b,b,NaN,NaN,NaN,NaN,NaN,NaN,
1985121800,26w.1985,IRVING,TS,NN,7.9,114.7,55,NaN,304,2,259,3,NaN,NaN,NaN,NaN,NaN,NaN,NaN,NaN,NaN,NaN,TS,WN,c,c,NaN,NaN,NaN,NaN,NaN,NaN,
1985121806,26w.1985,IRVING,TS,NN,8.0,114.3,60,NaN,289,3,270,3,NaN,NaN,NaN,NaN,NaN,NaN,NaN,NaN,NaN,NaN,TS,WN,c,c,NaN,NaN,NaN,NaN,NaN,NaN,
1985121812,26w.1985,IRVING,TS,NN,8.0,113.9,55,NaN,277,4,277,4,NaN,NaN,NaN,NaN,NaN,NaN,NaN,NaN,NaN,NaN,TS,WN,c,c,NaN,NaN,NaN,NaN,NaN,NaN,
1985121818,26w.1985,IRVING,TS,NN,7.8,114.1,55,NaN,256,2,225,1,NaN,NaN,NaN,NaN,NaN,NaN,NaN,NaN,NaN,NaN,TS,WN,c,c,NaN,NaN,NaN,NaN,NaN,NaN,
1985121900,26w.1985,IRVING,TS,NN,7.5,113.5,50,NaN,247,4,218,3,NaN,NaN,NaN,NaN,NaN,NaN,NaN,NaN,NaN,NaN,TS,WN,c,c,NaN,NaN,NaN,NaN,NaN,NaN,
1985121906,26w.1985,IRVING,TS,NN,7.7,113.4,45,NaN,270,2,262,4,NaN,NaN,NaN,NaN,NaN,NaN,NaN,NaN,NaN,NaN,TS,WN,c,c,NaN,NaN,NaN,NaN,NaN,NaN,
1985121912,26w.1985,IRVING,TS,NN,7.9,113.1,45,NaN,289,3,315,3,NaN,NaN,NaN,NaN,NaN,NaN,NaN,NaN,NaN,NaN,TS,WN,c,c,NaN,NaN,NaN,NaN,NaN,NaN,
1985121918,26w.1985,IRVING,TS,NN,8.0,112.6,45,NaN,291,4,291,4,NaN,NaN,NaN,NaN,NaN,NaN,NaN,NaN,NaN,NaN,TS,WN,c,c,NaN,NaN,NaN,NaN,NaN,NaN,
1985122000,26w.1985,IRVING,TS,NN,8.5,111.4,45,NaN,293,6,290,9,NaN,NaN,NaN,NaN,NaN,NaN,NaN,NaN,NaN,NaN,TS,WN,c,c,NaN,NaN,NaN,NaN,NaN,NaN,
1985122006,26w.1985,IRVING,TS,NN,9.3,110.1,45,NaN,297,10,298,14,NaN,NaN,NaN,NaN,NaN,NaN,NaN,NaN,NaN,NaN,TS,WN,c,c,NaN,NaN,NaN,NaN,NaN,NaN,
1985122012,26w.1985,IRVING,TS,NN,9.6,109.2,40,NaN,293,9,297,12,NaN,NaN,NaN,NaN,NaN,NaN,NaN,NaN,NaN,NaN,TS,WN,c,c,NaN,NaN,NaN,NaN,NaN,NaN,
1985122018,26w.1985,IRVING,TS,NN,9.6,108.5,35,NaN,281,8,281,8,NaN,NaN,NaN,NaN,NaN,NaN,NaN,NaN,NaN,NaN,TS,WN,c,c,NaN,NaN,NaN,NaN,NaN,NaN,
1985122100,26w.1985,IRVING,TS,NN,9.6,108.2,35,NaN,275,6,270,5,NaN,NaN,NaN,NaN,NaN,NaN,NaN,NaN,NaN,NaN,TS,WN,c,c,NaN,NaN,NaN,NaN,NaN,NaN,
1985122106,26w.1985,IRVING,TS,NN,8.3,107.9,30,NaN,205,7,205,7,NaN,NaN,NaN,NaN,NaN,NaN,NaN,NaN,NaN,NaN,TD,NW,b,b,NaN,NaN,NaN,NaN,NaN,NaN,
1985122112,26w.1985,IRVING,TS,NN,7.6,107.2,30,NaN,206,11,206,11,NaN,NaN,NaN,NaN,NaN,NaN,NaN,NaN,NaN,NaN,TD,NW,b,b,NaN,NaN,NaN,NaN,NaN,NaN,
1985122118,26w.1985,IRVING,TS,NN,6.8,106.6,30,NaN,221,10,221,10,NaN,NaN,NaN,NaN,NaN,NaN,NaN,NaN,NaN,NaN,TD,NW,b,b,NaN,NaN,NaN,NaN,NaN,NaN,
1985122200,26w.1985,IRVING,TS,NN,6.1,105.9,25,NaN,221,10,221,10,NaN,NaN,NaN,NaN,NaN,NaN,NaN,NaN,NaN,NaN,TD,NW,b,b,NaN,NaN,NaN,NaN,NaN,NaN,
1985121700,w27.1985,9X-W27,TY,NN,9.2,140.0,20,NaN,293,6,293,6,NaN,NaN,NaN,NaN,NaN,NaN,NaN,NaN,NaN,NaN,NT,NW,b,b,NaN,NaN,NaN,NaN,NaN,NaN,
1985121706,w27.1985,9X-W27,TY,NN,9.4,139.4,25,NaN,293,6,293,6,NaN,NaN,NaN,NaN,NaN,NaN,NaN,NaN,NaN,NaN,TD,NW,b,b,NaN,NaN,NaN,NaN,NaN,NaN,
1985121712,w27.1985,9X-W27,TY,NN,9.7,138.8,25,NaN,293,6,293,6,NaN,NaN,NaN,NaN,NaN,NaN,NaN,NaN,NaN,NaN,TD,NW,b,b,NaN,NaN,NaN,NaN,NaN,NaN,
1985121718,27w.1985,HOPE,TY,NN,10.5,138.2,35,NaN,298,10,313,8,NaN,NaN,NaN,NaN,NaN,NaN,NaN,NaN,NaN,NaN,TS,WN,c,c,NaN,NaN,NaN,NaN,NaN,NaN,
1985121800,27w.1985,HOPE,TY,NN,10.5,137.7,40,NaN,301,7,306,7,NaN,NaN,NaN,NaN,NaN,NaN,NaN,NaN,NaN,NaN,TS,WN,c,c,NaN,NaN,NaN,NaN,NaN,NaN,
1985121806,27w.1985,HOPE,TY,NN,10.6,137.2,50,NaN,286,6,276,5,NaN,NaN,NaN,NaN,NaN,NaN,NaN,NaN,NaN,NaN,TS,WN,c,c,NaN,NaN,NaN,NaN,NaN,NaN,
1985121812,27w.1985,HOPE,TY,NN,10.8,136.9,55,NaN,287,5,291,4,NaN,NaN,NaN,NaN,NaN,NaN,NaN,NaN,NaN,NaN,TS,WN,c,c,NaN,NaN,NaN,NaN,NaN,NaN,
1985121818,27w.1985,HOPE,TY,NN,11.3,136.9,60,NaN,325,4,337,4,NaN,NaN,NaN,NaN,NaN,NaN,NaN,NaN,NaN,NaN,TS,WN,c,c,NaN,NaN,NaN,NaN,NaN,NaN,
1985121900,27w.1985,HOPE,TY,NN,11.8,136.5,65,NaN,319,5,339,5,NaN,NaN,NaN,NaN,NaN,NaN,NaN,NaN,NaN,NaN,TY,WN,c,c,NaN,NaN,NaN,NaN,NaN,NaN,
1985121906,27w.1985,HOPE,TY,NN,12.6,136.2,65,NaN,332,7,332,7,NaN,NaN,NaN,NaN,NaN,NaN,NaN,NaN,NaN,NaN,TY,WN,c,c,NaN,NaN,NaN,NaN,NaN,NaN,
1985121912,27w.1985,HOPE,TY,NN,13.3,135.9,75,NaN,339,7,339,8,NaN,NaN,NaN,NaN,NaN,NaN,NaN,NaN,NaN,NaN,TY,WN,c,c,NaN,NaN,NaN,NaN,NaN,NaN,
1985121918,27w.1985,HOPE,TY,NN,13.6,134.8,85,NaN,306,8,306,8,NaN,NaN,NaN,NaN,NaN,NaN,NaN,NaN,NaN,NaN,TY,WN,c,c,NaN,NaN,NaN,NaN,NaN,NaN,
1985122000,27w.1985,HOPE,TY,NN,13.6,133.8,95,NaN,281,8,278,10,NaN,NaN,NaN,NaN,NaN,NaN,NaN,NaN,NaN,NaN,TY,WN,c,c,NaN,NaN,NaN,NaN,NaN,NaN,
1985122006,27w.1985,HOPE,TY,NN,13.6,132.5,100,NaN,270,11,270,11,NaN,NaN,NaN,NaN,NaN,NaN,NaN,NaN,NaN,NaN,TY,WN,c,c,NaN,NaN,NaN,NaN,NaN,NaN,
1985122012,27w.1985,HOPE,TY,NN,13.6,131.4,100,NaN,270,12,270,12,NaN,NaN,NaN,NaN,NaN,NaN,NaN,NaN,NaN,NaN,TY,WN,c,c,NaN,NaN,NaN,NaN,NaN,NaN,
1985122018,27w.1985,HOPE,TY,NN,13.8,130.3,90,NaN,275,11,275,11,NaN,NaN,NaN,NaN,NaN,NaN,NaN,NaN,NaN,NaN,TY,WN,c,c,NaN,NaN,NaN,NaN,NaN,NaN,
1985122100,27w.1985,HOPE,TY,NN,13.8,129.3,85,NaN,276,10,276,10,NaN,NaN,NaN,NaN,NaN,NaN,NaN,NaN,NaN,NaN,TY,WN,c,c,NaN,NaN,NaN,NaN,NaN,NaN,
1985122106,27w.1985,HOPE,TY,NN,13.8,128.2,75,NaN,276,10,270,10,NaN,NaN,NaN,NaN,NaN,NaN,NaN,NaN,NaN,NaN,TY,WN,c,c,NaN,NaN,NaN,NaN,NaN,NaN,
1985122112,27w.1985,HOPE,TY,NN,13.8,127.2,65,NaN,270,10,270,10,NaN,NaN,NaN,NaN,NaN,NaN,NaN,NaN,NaN,NaN,TY,WN,c,c,NaN,NaN,NaN,NaN,NaN,NaN,
1985122118,27w.1985,HOPE,TY,NN,14.0,126.3,65,NaN,276,9,276,9,NaN,NaN,NaN,NaN,NaN,NaN,NaN,NaN,NaN,NaN,TY,WN,c,c,NaN,NaN,NaN,NaN,NaN,NaN,
1985122200,27w.1985,HOPE,TY,NN,14.6,125.5,65,NaN,290,9,296,9,NaN,NaN,NaN,NaN,NaN,NaN,NaN,NaN,NaN,NaN,TY,WN,c,c,NaN,NaN,NaN,NaN,NaN,NaN,
1985122206,27w.1985,HOPE,TY,NN,15.8,125.7,65,NaN,333,7,342,9,NaN,NaN,NaN,NaN,NaN,NaN,NaN,NaN,NaN,NaN,TY,WN,c,c,NaN,NaN,NaN,NaN,NaN,NaN,
1985122212,27w.1985,HOPE,TY,NN,16.7,125.5,65,NaN,347,9,360,10,NaN,NaN,NaN,NaN,NaN,NaN,NaN,NaN,NaN,NaN,TY,WN,c,c,NaN,NaN,NaN,NaN,NaN,NaN,
1985122218,27w.1985,HOPE,TY,NN,17.6,126.2,65,NaN,15,9,15,9,NaN,NaN,NaN,NaN,NaN,NaN,NaN,NaN,NaN,NaN,TY,WN,c,c,NaN,NaN,NaN,NaN,NaN,NaN,
1985122300,27w.1985,HOPE,TY,NN,18.1,126.8,70,NaN,32,8,42,9,NaN,NaN,NaN,NaN,NaN,NaN,NaN,NaN,NaN,NaN,TY,WN,c,c,NaN,NaN,NaN,NaN,NaN,NaN,
1985122306,27w.1985,HOPE,TY,NN,18.7,127.0,75,NaN,29,7,35,7,NaN,NaN,NaN,NaN,NaN,NaN,NaN,NaN,NaN,NaN,TY,WN,c,c,NaN,NaN,NaN,NaN,NaN,NaN,
1985122312,27w.1985,HOPE,TY,NN,19.2,128.4,70,NaN,54,9,54,9,NaN,NaN,NaN,NaN,NaN,NaN,NaN,NaN,NaN,NaN,TY,WN,c,c,NaN,NaN,NaN,NaN,NaN,NaN,
1985122318,27w.1985,HOPE,TY,NN,20.0,129.5,60,NaN,56,13,61,13,NaN,NaN,NaN,NaN,NaN,NaN,NaN,NaN,NaN,NaN,TS,WN,c,c,NaN,NaN,NaN,NaN,NaN,NaN,
1985122400,27w.1985,HOPE,TY,NN,18.2,130.8,50,NaN,114,12,114,12,NaN,NaN,NaN,NaN,NaN,NaN,NaN,NaN,NaN,NaN,TS,NW,b,b,NaN,NaN,NaN,NaN,NaN,NaN,
1985071518,l01.1985,9X-L01,TS,NN,29.4,295.8,30,1011,302,7,302,7,NaN,NaN,NaN,NaN,NaN,NaN,NaN,NaN,NaN,NaN,TD,NW,b,b,NaN,NaN,NaN,NaN,NaN,NaN,
1985071600,l01.1985,9X-L01,TS,NN,29.7,295.1,30,1011,302,7,302,7,NaN,NaN,NaN,NaN,NaN,NaN,NaN,NaN,NaN,NaN,TD,NW,b,b,NaN,NaN,NaN,NaN,NaN,NaN,
1985071606,l01.1985,9X-L01,TS,NN,30.1,294.5,30,1011,302,7,302,7,NaN,NaN,NaN,NaN,NaN,NaN,NaN,NaN,NaN,NaN,TD,NW,b,b,NaN,NaN,NaN,NaN,NaN,NaN,
1985071612,l01.1985,9X-L01,TS,NN,30.6,293.9,30,1010,311,7,311,7,NaN,NaN,NaN,NaN,NaN,NaN,NaN,NaN,NaN,NaN,TD,NW,b,b,NaN,NaN,NaN,NaN,NaN,NaN,
1985071618,01l.1985,ANA,TS,NN,31.0,293.0,35,1009,305,8,305,8,NaN,NaN,NaN,NaN,NaN,NaN,NaN,NaN,NaN,NaN,TS,WN,b,b,NaN,NaN,NaN,NaN,NaN,NaN,
1985071700,01l.1985,ANA,TS,NN,31.5,293.5,35,1009,339,5,339,5,NaN,NaN,NaN,NaN,NaN,NaN,NaN,NaN,NaN,NaN,TS,WN,b,b,NaN,NaN,NaN,NaN,NaN,NaN,
1985071706,01l.1985,ANA,TS,NN,33.3,293.4,40,1008,8,12,8,12,NaN,NaN,NaN,NaN,NaN,NaN,NaN,NaN,NaN,NaN,TS,WN,b,b,NaN,NaN,NaN,NaN,NaN,NaN,
1985071712,01l.1985,ANA,TS,NN,34.5,292.7,40,1007,347,15,347,15,NaN,NaN,NaN,NaN,NaN,NaN,NaN,NaN,NaN,NaN,TS,WN,b,b,NaN,NaN,NaN,NaN,NaN,NaN,
1985071718,01l.1985,ANA,TS,NN,35.6,292.7,45,1006,346,12,346,12,NaN,NaN,NaN,NaN,NaN,NaN,NaN,NaN,NaN,NaN,TS,WN,b,b,NaN,NaN,NaN,NaN,NaN,NaN,
1985071800,01l.1985,ANA,TS,NN,37.3,293.5,45,1004,13,14,13,14,NaN,NaN,NaN,NaN,NaN,NaN,NaN,NaN,NaN,NaN,TS,WN,b,b,NaN,NaN,NaN,NaN,NaN,NaN,
1985071806,01l.1985,ANA,TS,NN,39.3,294.2,45,1004,18,19,18,19,NaN,NaN,NaN,NaN,NaN,NaN,NaN,NaN,NaN,NaN,TS,WN,b,b,NaN,NaN,NaN,NaN,NaN,NaN,
1985071812,01l.1985,ANA,TS,NN,40.8,295.8,50,1000,27,20,27,20,NaN,NaN,NaN,NaN,NaN,NaN,NaN,NaN,NaN,NaN,TS,WN,b,b,NaN,NaN,NaN,NaN,NaN,NaN,
1985071818,01l.1985,ANA,TS,NN,42.2,297.0,55,996,36,18,36,18,NaN,NaN,NaN,NaN,NaN,NaN,NaN,NaN,NaN,NaN,TS,WN,b,b,NaN,NaN,NaN,NaN,NaN,NaN,
1985071900,01l.1985,ANA,TS,NN,44.0,299.5,60,996,40,21,40,21,NaN,NaN,NaN,NaN,NaN,NaN,NaN,NaN,NaN,NaN,TS,WN,b,b,NaN,NaN,NaN,NaN,NaN,NaN,
1985071906,01l.1985,ANA,TS,NN,46.0,302.4,55,996,46,27,46,27,NaN,NaN,NaN,NaN,NaN,NaN,NaN,NaN,NaN,NaN,TS,NW,b,b,NaN,NaN,NaN,NaN,NaN,NaN,
1985071912,01l.1985,ANA,TS,NN,48.0,305.5,50,996,46,29,46,29,NaN,NaN,NaN,NaN,NaN,NaN,NaN,NaN,NaN,NaN,TS,NW,b,b,NaN,NaN,0.77,NaN,NaN,NaN,
1985072106,l02.1985,9X-L02,TY,NN,26.0,275.0,25,1012,146,2,146,2,NaN,NaN,NaN,NaN,NaN,NaN,NaN,NaN,NaN,NaN,TD,NW,b,b,NaN,NaN,NaN,NaN,NaN,NaN,
1985072112,l02.1985,9X-L02,TY,NN,25.8,275.1,25,1011,146,2,146,2,NaN,NaN,NaN,NaN,NaN,NaN,NaN,NaN,NaN,NaN,TD,NW,b,b,NaN,NaN,NaN,NaN,NaN,NaN,
1985072118,l02.1985,9X-L02,TY,NN,25.6,275.3,25,1011,146,2,146,2,NaN,NaN,NaN,NaN,NaN,NaN,NaN,NaN,NaN,NaN,TD,NW,b,b,NaN,NaN,NaN,NaN,NaN,NaN,
1985072200,l02.1985,9X-L02,TY,NN,25.6,275.6,25,1010,114,2,114,2,NaN,NaN,NaN,NaN,NaN,NaN,NaN,NaN,NaN,NaN,TD,NW,b,b,NaN,NaN,NaN,NaN,NaN,NaN,
1985072206,l02.1985,9X-L02,TY,NN,25.8,275.8,30,1009,66,2,66,2,NaN,NaN,NaN,NaN,NaN,NaN,NaN,NaN,NaN,NaN,TD,NW,b,b,NaN,NaN,NaN,NaN,NaN,NaN,
1985072212,l02.1985,9X-L02,TY,NN,26.0,276.0,30,1008,42,3,42,3,NaN,NaN,NaN,NaN,NaN,NaN,NaN,NaN,NaN,NaN,TD,NW,b,b,NaN,NaN,NaN,NaN,NaN,NaN,
1985072218,02l.1985,BOB,TY,NN,26.0,276.0,35,1007,42,1,42,1,NaN,NaN,NaN,NaN,NaN,NaN,NaN,NaN,NaN,NaN,TS,WN,b,b,NaN,NaN,NaN,NaN,NaN,NaN,
1985072300,02l.1985,BOB,TY,NN,26.2,276.7,35,1004,72,3,72,3,NaN,NaN,NaN,NaN,NaN,NaN,NaN,NaN,NaN,NaN,TS,WN,b,b,NaN,NaN,NaN,NaN,NaN,NaN,
1985072306,02l.1985,BOB,TY,NN,26.3,277.1,40,1004,73,5,73,5,NaN,NaN,NaN,NaN,NaN,NaN,NaN,NaN,NaN,NaN,TS,WN,b,b,NaN,NaN,NaN,NaN,NaN,NaN,
1985072312,02l.1985,BOB,TY,NN,26.4,277.8,40,1005,79,5,79,5,NaN,NaN,NaN,NaN,NaN,NaN,NaN,NaN,NaN,NaN,TS,WN,b,b,NaN,NaN,0.48,NaN,NaN,NaN,
1985072318,02l.1985,BOB,TY,NN,26.4,278.8,40,1006,86,8,86,8,NaN,NaN,NaN,NaN,NaN,NaN,NaN,NaN,NaN,NaN,TS,WN,b,b,NaN,NaN,0.91,NaN,NaN,NaN,
1985072400,02l.1985,BOB,TY,NN,27.0,279.9,40,1006,72,10,72,10,NaN,NaN,NaN,NaN,NaN,NaN,NaN,NaN,NaN,NaN,TS,WN,b,b,NaN,NaN,0.34,NaN,NaN,NaN,
1985072406,02l.1985,BOB,TY,NN,28.3,279.8,50,1005,25,10,25,10,NaN,NaN,NaN,NaN,NaN,NaN,NaN,NaN,NaN,NaN,TS,WN,b,b,NaN,NaN,NaN,NaN,NaN,NaN,
1985072412,02l.1985,BOB,TY,NN,29.5,279.7,60,1004,356,13,356,13,NaN,NaN,NaN,NaN,NaN,NaN,NaN,NaN,NaN,NaN,TS,WN,b,b,NaN,NaN,NaN,NaN,NaN,NaN,
1985072418,02l.1985,BOB,TY,NN,30.5,279.6,65,1003,355,11,355,11,NaN,NaN,NaN,NaN,NaN,NaN,NaN,NaN,NaN,NaN,TY,WN,b,b,NaN,NaN,NaN,NaN,NaN,NaN,
1985072500,02l.1985,BOB,TY,NN,31.7,279.5,65,1002,356,11,356,11,NaN,NaN,NaN,NaN,NaN,NaN,NaN,NaN,NaN,NaN,TY,WN,b,b,NaN,NaN,NaN,NaN,NaN,NaN,
1985072506,02l.1985,BOB,TY,NN,33.0,279.2,55,1004,352,13,352,13,NaN,NaN,NaN,NaN,NaN,NaN,NaN,NaN,NaN,NaN,TS,WN,b,b,NaN,NaN,0.98,NaN,NaN,NaN,
1985072512,02l.1985,BOB,TY,NN,35.0,280.2,45,1006,10,17,10,17,NaN,NaN,NaN,NaN,NaN,NaN,NaN,NaN,NaN,NaN,TS,NW,b,b,NaN,NaN,0.98,NaN,NaN,NaN,
1985072518,02l.1985,BOB,TY,NN,36.6,279.9,30,1009,9,18,9,18,NaN,NaN,NaN,NaN,NaN,NaN,NaN,NaN,NaN,NaN,TD,NW,b,b,NaN,NaN,0.99,NaN,NaN,NaN,
1985072600,02l.1985,BOB,TY,NN,38.3,280.5,25,1011,4,17,4,17,NaN,NaN,NaN,NaN,NaN,NaN,NaN,NaN,NaN,NaN,TD,NW,b,b,NaN,NaN,1.00,NaN,NaN,NaN,
1985080918,l03.1985,9X-L03,TY,NN,31.5,279.5,25,1013,69,14,69,14,NaN,NaN,NaN,NaN,NaN,NaN,NaN,NaN,NaN,NaN,TD,NW,b,b,NaN,NaN,NaN,NaN,NaN,NaN,
1985081000,l03.1985,9X-L03,TY,NN,32.0,281.0,25,1012,69,14,69,14,NaN,NaN,NaN,NaN,NaN,NaN,NaN,NaN,NaN,NaN,TD,NW,b,b,NaN,NaN,NaN,NaN,NaN,NaN,
1985081006,l03.1985,9X-L03,TY,NN,32.5,282.5,25,1011,69,14,69,14,NaN,NaN,NaN,NaN,NaN,NaN,NaN,NaN,NaN,NaN,TD,NW,b,b,NaN,NaN,NaN,NaN,NaN,NaN,
1985081012,l03.1985,9X-L03,TY,NN,33.0,283.5,30,1009,65,12,65,12,NaN,NaN,NaN,NaN,NaN,NaN,NaN,NaN,NaN,NaN,TD,NW,b,b,NaN,NaN,NaN,NaN,NaN,NaN,
1985081018,l03.1985,9X-L03,TY,NN,33.5,284.7,30,1007,62,10,62,10,NaN,NaN,NaN,NaN,NaN,NaN,NaN,NaN,NaN,NaN,TD,NW,b,b,NaN,NaN,NaN,NaN,NaN,NaN,
1985081100,03l.1985,CLAUDETTE,TY,NN,33.8,285.9,35,1005,68,11,68,11,NaN,NaN,NaN,NaN,NaN,NaN,NaN,NaN,NaN,NaN,TS,WN,b,b,NaN,NaN,NaN,NaN,NaN,NaN,
1985081106,03l.1985,CLAUDETTE,TY,NN,34.2,287.3,35,1004,72,11,72,11,NaN,NaN,NaN,NaN,NaN,NaN,NaN,NaN,NaN,NaN,TS,WN,b,b,NaN,NaN,NaN,NaN,NaN,NaN,
1985081112,03l.1985,CLAUDETTE,TY,NN,34.2,287.9,35,1003,76,9,76,9,NaN,NaN,NaN,NaN,NaN,NaN,NaN,NaN,NaN,NaN,TS,WN,b,b,NaN,NaN,NaN,NaN,NaN,NaN,
1985081118,03l.1985,CLAUDETTE,TY,NN,34.5,289.1,40,1002,79,8,79,8,NaN,NaN,NaN,NaN,NaN,NaN,NaN,NaN,NaN,NaN,TS,WN,b,b,NaN,NaN,NaN,NaN,NaN,NaN,
1985081200,03l.1985,CLAUDETTE,TY,NN,34.8,290.7,40,1001,75,12,75,12,NaN,NaN,NaN,NaN,NaN,NaN,NaN,NaN,NaN,NaN,TS,WN,b,b,NaN,NaN,NaN,NaN,NaN,NaN,
1985081206,03l.1985,CLAUDETTE,TY,NN,34.9,292.0,45,1000,80,12,80,12,NaN,NaN,NaN,NaN,NaN,NaN,NaN,NaN,NaN,NaN,TS,WN,b,b,NaN,NaN,NaN,NaN,NaN,NaN,
1985081212,03l.1985,CLAUDETTE,TY,NN,34.5,293.3,45,999,98,11,98,11,NaN,NaN,NaN,NaN,NaN,NaN,NaN,NaN,NaN,NaN,TS,WN,b,b,NaN,NaN,NaN,NaN,NaN,NaN,
1985081218,03l.1985,CLAUDETTE,TY,NN,34.4,295.0,50,997,101,13,101,13,NaN,NaN,NaN,NaN,NaN,NaN,NaN,NaN,NaN,NaN,TS,WN,b,b,NaN,NaN,NaN,NaN,NaN,NaN,
1985081300,03l.1985,CLAUDETTE,TY,NN,34.6,298.0,50,995,89,19,89,19,NaN,NaN,NaN,NaN,NaN,NaN,NaN,NaN,NaN,NaN,TS,WN,b,b,NaN,NaN,NaN,NaN,NaN,NaN,
1985081306,03l.1985,CLAUDETTE,TY,NN,35.5,299.3,55,993,73,18,73,18,NaN,NaN,NaN,NaN,NaN,NaN,NaN,NaN,NaN,NaN,TS,WN,b,b,NaN,NaN,NaN,NaN,NaN,NaN,
1985081312,03l.1985,CLAUDETTE,TY,NN,35.5,300.0,55,991,61,9,61,9,NaN,NaN,NaN,NaN,NaN,NaN,NaN,NaN,NaN,NaN,TS,WN,b,b,NaN,NaN,NaN,NaN,NaN,NaN,
1985081318,03l.1985,CLAUDETTE,TY,NN,35.6,302.0,60,989,87,11,87,11,NaN,NaN,NaN,NaN,NaN,NaN,NaN,NaN,NaN,NaN,TS,WN,b,b,NaN,NaN,NaN,NaN,NaN,NaN,
1985081400,03l.1985,CLAUDETTE,TY,NN,34.1,304.3,60,988,112,19,112,19,NaN,NaN,NaN,NaN,NaN,NaN,NaN,NaN,NaN,NaN,TS,WN,b,b,NaN,NaN,NaN,NaN,NaN,NaN,
1985081406,03l.1985,CLAUDETTE,TY,NN,35.0,307.5,65,988,98,23,98,23,NaN,NaN,NaN,NaN,NaN,NaN,NaN,NaN,NaN,NaN,TY,WN,b,b,NaN,NaN,NaN,NaN,NaN,NaN,
1985081412,03l.1985,CLAUDETTE,TY,NN,35.5,310.0,65,987,73,24,73,24,NaN,NaN,NaN,NaN,NaN,NaN,NaN,NaN,NaN,NaN,TY,WN,b,b,NaN,NaN,NaN,NaN,NaN,NaN,
1985081418,03l.1985,CLAUDETTE,TY,NN,35.8,311.7,65,986,77,18,77,18,NaN,NaN,NaN,NaN,NaN,NaN,NaN,NaN,NaN,NaN,TY,WN,b,b,NaN,NaN,NaN,NaN,NaN,NaN,
1985081500,03l.1985,CLAUDETTE,TY,NN,36.0,314.7,70,985,83,19,83,19,NaN,NaN,NaN,NaN,NaN,NaN,NaN,NaN,NaN,NaN,TY,WN,b,b,NaN,NaN,NaN,NaN,NaN,NaN,
1985081506,03l.1985,CLAUDETTE,TY,NN,35.8,318.5,70,981,90,28,90,28,NaN,NaN,NaN,NaN,NaN,NaN,NaN,NaN,NaN,NaN,TY,WN,b,b,NaN,NaN,NaN,NaN,NaN,NaN,
1985081512,03l.1985,CLAUDETTE,TY,NN,35.5,320.0,75,980,97,22,97,22,NaN,NaN,NaN,NaN,NaN,NaN,NaN,NaN,NaN,NaN,TY,WN,b,b,NaN,NaN,NaN,NaN,NaN,NaN,
1985081518,03l.1985,CLAUDETTE,TY,NN,36.0,323.0,75,981,87,18,87,18,NaN,NaN,NaN,NaN,NaN,NaN,NaN,NaN,NaN,NaN,TY,WN,b,b,NaN,NaN,NaN,NaN,NaN,NaN,
1985081600,03l.1985,CLAUDETTE,TY,NN,37.5,325.5,60,993,66,24,66,24,NaN,NaN,NaN,NaN,NaN,NaN,NaN,NaN,NaN,NaN,TS,WN,b,b,NaN,NaN,NaN,NaN,NaN,NaN,
1985081606,03l.1985,CLAUDETTE,TY,NN,38.5,327.5,45,998,55,22,55,22,NaN,NaN,NaN,NaN,NaN,NaN,NaN,NaN,NaN,NaN,TS,NW,b,b,NaN,NaN,NaN,NaN,NaN,NaN,
1985081612,03l.1985,CLAUDETTE,TY,NN,41.0,331.0,40,1001,51,28,51,28,NaN,NaN,NaN,NaN,NaN,NaN,NaN,NaN,NaN,NaN,TS,NW,b,b,NaN,NaN,NaN,NaN,NaN,NaN,
1985081618,03l.1985,CLAUDETTE,TY,NN,42.7,334.0,40,1003,50,32,50,32,NaN,NaN,NaN,NaN,NaN,NaN,NaN,NaN,NaN,NaN,TS,NW,b,b,NaN,NaN,NaN,NaN,NaN,NaN,
1985081700,03l.1985,CLAUDETTE,TY,NN,44.5,337.5,40,1005,54,30,54,30,NaN,NaN,NaN,NaN,NaN,NaN,NaN,NaN,NaN,NaN,TS,NW,b,b,NaN,NaN,NaN,NaN,NaN,NaN,
1985081200,l04.1985,9X-L04,TY,NN,18.5,279.3,25,1010,317,10,317,10,NaN,NaN,NaN,NaN,NaN,NaN,NaN,NaN,NaN,NaN,TD,NW,b,b,NaN,NaN,NaN,NaN,NaN,NaN,
1985081206,l04.1985,9X-L04,TY,NN,19.2,278.6,25,1010,317,10,317,10,NaN,NaN,NaN,NaN,NaN,NaN,NaN,NaN,NaN,NaN,TD,NW,b,b,NaN,NaN,0.02,NaN,NaN,NaN,
1985081212,l04.1985,9X-L04,TY,NN,19.9,277.9,25,1010,317,10,317,10,NaN,NaN,NaN,NaN,NaN,NaN,NaN,NaN,NaN,NaN,TD,NW,b,b,NaN,NaN,NaN,NaN,NaN,NaN,
1985081218,l04.1985,9X-L04,TY,NN,20.5,277.1,25,1011,313,10,313,10,NaN,NaN,NaN,NaN,NaN,NaN,NaN,NaN,NaN,NaN,TD,NW,b,b,NaN,NaN,NaN,NaN,NaN,NaN,
1985081300,l04.1985,9X-L04,TY,NN,21.1,276.3,25,1011,309,10,309,10,NaN,NaN,NaN,NaN,NaN,NaN,NaN,NaN,NaN,NaN,TD,NW,b,b,NaN,NaN,NaN,NaN,NaN,NaN,
1985081306,l04.1985,9X-L04,TY,NN,21.7,275.4,25,1011,307,10,307,10,NaN,NaN,NaN,NaN,NaN,NaN,NaN,NaN,NaN,NaN,TD,NW,b,b,NaN,NaN,0.09,NaN,NaN,NaN,
1985081312,l04.1985,9X-L04,TY,NN,22.3,274.4,30,1011,304,11,304,11,NaN,NaN,NaN,NaN,NaN,NaN,NaN,NaN,NaN,NaN,TD,NW,b,b,NaN,NaN,NaN,NaN,NaN,NaN,
1985081318,l04.1985,9X-L04,TY,NN,23.0,273.3,30,1011,304,12,304,12,NaN,NaN,NaN,NaN,NaN,NaN,NaN,NaN,NaN,NaN,TD,NW,b,b,NaN,NaN,NaN,NaN,NaN,NaN,
1985081400,04l.1985,DANNY,TY,NN,23.7,272.1,35,1010,303,13,303,13,NaN,NaN,NaN,NaN,NaN,NaN,NaN,NaN,NaN,NaN,TS,WN,b,b,NaN,NaN,NaN,NaN,NaN,NaN,
1985081406,04l.1985,DANNY,TY,NN,24.4,270.8,45,1007,301,13,301,13,NaN,NaN,NaN,NaN,NaN,NaN,NaN,NaN,NaN,NaN,TS,WN,b,b,NaN,NaN,NaN,NaN,NaN,NaN,
1985081412,04l.1985,DANNY,TY,NN,25.0,269.5,50,1004,299,14,299,14,NaN,NaN,NaN,NaN,NaN,NaN,NaN,NaN,NaN,NaN,TS,WN,b,b,NaN,NaN,NaN,NaN,NaN,NaN,
1985081418,04l.1985,DANNY,TY,NN,25.6,269.7,60,1001,320,8,320,8,NaN,NaN,NaN,NaN,NaN,NaN,NaN,NaN,NaN,NaN,TS,WN,b,b,NaN,NaN,NaN,NaN,NaN,NaN,
1985081500,04l.1985,DANNY,TY,NN,26.7,268.7,70,997,337,9,337,9,NaN,NaN,NaN,NaN,NaN,NaN,NaN,NaN,NaN,NaN,TY,WN,b,b,NaN,NaN,NaN,NaN,NaN,NaN,
1985081506,04l.1985,DANNY,TY,NN,28.1,268.0,75,995,329,15,329,15,NaN,NaN,NaN,NaN,NaN,NaN,NaN,NaN,NaN,NaN,TY,WN,b,b,NaN,NaN,NaN,NaN,NaN,NaN,
1985081512,04l.1985,DANNY,TY,NN,29.0,267.4,80,988,333,13,333,13,NaN,NaN,NaN,NaN,NaN,NaN,NaN,NaN,NaN,NaN,TY,WN,b,b,NaN,NaN,NaN,NaN,NaN,NaN,
1985081518,04l.1985,DANNY,TY,NN,29.9,267.4,70,988,344,9,344,9,NaN,NaN,NaN,NaN,NaN,NaN,NaN,NaN,NaN,NaN,TY,WN,b,b,NaN,NaN,0.81,NaN,NaN,NaN,
1985081600,04l.1985,DANNY,TY,NN,30.9,267.6,50,992,5,10,5,10,NaN,NaN,NaN,NaN,NaN,NaN,NaN,NaN,NaN,NaN,TS,NW,b,b,NaN,NaN,0.95,NaN,NaN,NaN,
1985081606,04l.1985,DANNY,TY,NN,31.9,268.0,40,997,14,10,14,10,NaN,NaN,NaN,NaN,NaN,NaN,NaN,NaN,NaN,NaN,TS,NW,b,b,NaN,NaN,0.98,NaN,NaN,NaN,
1985081612,04l.1985,DANNY,TY,NN,32.9,268.6,30,1000,23,11,23,11,NaN,NaN,NaN,NaN,NaN,NaN,NaN,NaN,NaN,NaN,TD,NW,b,b,NaN,NaN,0.97,NaN,NaN,NaN,
1985081618,04l.1985,DANNY,TY,NN,33.7,269.6,30,1002,37,11,37,11,NaN,NaN,NaN,NaN,NaN,NaN,NaN,NaN,NaN,NaN,TD,NW,b,b,NaN,NaN,0.99,NaN,NaN,NaN,
1985081700,04l.1985,DANNY,TY,NN,34.3,270.8,30,1004,53,12,53,12,NaN,NaN,NaN,NaN,NaN,NaN,NaN,NaN,NaN,NaN,TD,NW,b,b,NaN,NaN,1.00,NaN,NaN,NaN,
1985081706,04l.1985,DANNY,TY,NN,34.7,272.2,30,1006,65,12,65,12,NaN,NaN,NaN,NaN,NaN,NaN,NaN,NaN,NaN,NaN,TD,NW,b,b,NaN,NaN,0.98,NaN,NaN,NaN,
1985081712,04l.1985,DANNY,TY,NN,35.0,273.7,30,1008,74,12,74,12,NaN,NaN,NaN,NaN,NaN,NaN,NaN,NaN,NaN,NaN,TD,NW,b,b,NaN,NaN,0.97,NaN,NaN,NaN,
1985081718,04l.1985,DANNY,TY,NN,35.3,275.2,30,1010,76,13,76,13,NaN,NaN,NaN,NaN,NaN,NaN,NaN,NaN,NaN,NaN,TD,NW,b,b,NaN,NaN,0.97,NaN,NaN,NaN,
1985081800,04l.1985,DANNY,TY,NN,35.6,276.6,25,1011,76,12,76,12,NaN,NaN,NaN,NaN,NaN,NaN,NaN,NaN,NaN,NaN,TD,NW,b,b,NaN,NaN,0.97,NaN,NaN,NaN,
1985081806,04l.1985,DANNY,TY,NN,35.8,278.0,25,1011,78,12,78,12,NaN,NaN,NaN,NaN,NaN,NaN,NaN,NaN,NaN,NaN,TD,NW,b,b,NaN,NaN,0.99,NaN,NaN,NaN,
1985081812,04l.1985,DANNY,TY,NN,36.0,279.4,25,1012,80,12,80,12,NaN,NaN,NaN,NaN,NaN,NaN,NaN,NaN,NaN,NaN,TD,NW,b,b,NaN,NaN,0.96,NaN,NaN,NaN,
1985081818,04l.1985,DANNY,TY,NN,36.3,280.8,25,1012,78,12,78,12,NaN,NaN,NaN,NaN,NaN,NaN,NaN,NaN,NaN,NaN,TD,NW,b,b,NaN,NaN,0.98,NaN,NaN,NaN,
1985081900,04l.1985,DANNY,TY,NN,36.7,282.1,25,1012,72,11,72,11,NaN,NaN,NaN,NaN,NaN,NaN,NaN,NaN,NaN,NaN,TD,NW,b,b,NaN,NaN,0.95,NaN,NaN,NaN,
1985081906,04l.1985,DANNY,TY,NN,37.1,283.4,25,1012,69,11,69,11,NaN,NaN,NaN,NaN,NaN,NaN,NaN,NaN,NaN,NaN,TD,NW,b,b,NaN,NaN,0.67,NaN,NaN,NaN,
1985081912,04l.1985,DANNY,TY,NN,37.5,284.7,25,1012,69,11,69,11,NaN,NaN,NaN,NaN,NaN,NaN,NaN,NaN,NaN,NaN,TD,NW,b,b,NaN,NaN,0.20,NaN,NaN,NaN,
1985081918,04l.1985,DANNY,TY,NN,38.0,286.0,25,1013,66,11,66,11,NaN,NaN,NaN,NaN,NaN,NaN,NaN,NaN,NaN,NaN,TD,NW,b,b,NaN,NaN,NaN,NaN,NaN,NaN,
1985082000,04l.1985,DANNY,TY,NN,38.5,287.3,20,1013,64,11,64,11,NaN,NaN,NaN,NaN,NaN,NaN,NaN,NaN,NaN,NaN,NT,NW,b,b,NaN,NaN,NaN,NaN,NaN,NaN,
1985082006,04l.1985,DANNY,TY,NN,39.1,288.5,20,1014,61,11,61,11,NaN,NaN,NaN,NaN,NaN,NaN,NaN,NaN,NaN,NaN,NT,NW,b,b,NaN,NaN,NaN,NaN,NaN,NaN,
1985082012,04l.1985,DANNY,TY,NN,39.7,289.6,20,1014,56,11,56,11,NaN,NaN,NaN,NaN,NaN,NaN,NaN,NaN,NaN,NaN,NT,NW,b,b,NaN,NaN,NaN,NaN,NaN,NaN,
1985082018,04l.1985,DANNY,TY,NN,40.4,290.6,20,1014,51,10,51,10,NaN,NaN,NaN,NaN,NaN,NaN,NaN,NaN,NaN,NaN,NT,NW,b,b,NaN,NaN,NaN,NaN,NaN,NaN,
1985082800,l05.1985,9X-L05,TY,NN,19.8,286.0,30,1012,298,21,298,21,NaN,NaN,NaN,NaN,NaN,NaN,NaN,NaN,NaN,NaN,TD,NW,b,b,NaN,NaN,0.08,NaN,NaN,NaN,
1985082806,l05.1985,9X-L05,TY,NN,20.8,284.0,30,1010,298,21,298,21,NaN,NaN,NaN,NaN,NaN,NaN,NaN,NaN,NaN,NaN,TD,NW,b,b,NaN,NaN,0.60,NaN,NaN,NaN,
1985082812,l05.1985,9X-L05,TY,NN,21.8,282.0,30,1008,298,21,298,21,NaN,NaN,NaN,NaN,NaN,NaN,NaN,NaN,NaN,NaN,TD,NW,b,b,NaN,NaN,0.59,NaN,NaN,NaN,
1985082818,05l.1985,ELENA,TY,NN,22.5,280.0,45,1006,295,20,295,20,NaN,NaN,NaN,NaN,NaN,NaN,NaN,NaN,NaN,NaN,TS,WN,b,b,NaN,NaN,0.85,NaN,NaN,NaN,
1985082900,05l.1985,ELENA,TY,NN,23.2,278.2,50,1004,292,19,292,19,NaN,NaN,NaN,NaN,NaN,NaN,NaN,NaN,NaN,NaN,TS,WN,b,b,NaN,NaN,0.46,NaN,NaN,NaN,
1985082906,05l.1985,ELENA,TY,NN,24.0,276.6,55,1000,296,17,296,17,NaN,NaN,NaN,NaN,NaN,NaN,NaN,NaN,NaN,NaN,TS,WN,b,b,NaN,NaN,NaN,NaN,NaN,NaN,
1985082912,05l.1985,ELENA,TY,NN,25.0,275.0,65,994,302,17,302,17,NaN,NaN,NaN,NaN,NaN,NaN,NaN,NaN,NaN,NaN,TY,WN,b,b,NaN,NaN,NaN,NaN,NaN,NaN,
1985082918,05l.1985,ELENA,TY,NN,26.0,274.0,70,990,310,15,310,15,NaN,NaN,NaN,NaN,NaN,NaN,NaN,NaN,NaN,NaN,TY,WN,b,b,NaN,NaN,NaN,NaN,NaN,NaN,
1985083000,05l.1985,ELENA,TY,NN,26.5,273.3,75,986,314,11,314,11,NaN,NaN,NaN,NaN,NaN,NaN,NaN,NaN,NaN,NaN,TY,WN,b,b,NaN,NaN,NaN,NaN,NaN,NaN,
1985083006,05l.1985,ELENA,TY,NN,27.4,272.9,80,980,325,9,325,9,NaN,NaN,NaN,NaN,NaN,NaN,NaN,NaN,NaN,NaN,TY,WN,b,b,NaN,NaN,NaN,NaN,NaN,NaN,
1985083012,05l.1985,ELENA,TY,NN,27.8,272.6,90,974,334,7,334,7,NaN,NaN,NaN,NaN,NaN,NaN,NaN,NaN,NaN,NaN,TY,WN,b,b,NaN,NaN,NaN,NaN,NaN,NaN,
1985083018,05l.1985,ELENA,TY,NN,28.3,273.0,90,978,6,5,6,5,NaN,NaN,NaN,NaN,NaN,NaN,NaN,NaN,NaN,NaN,TY,WN,b,b,NaN,NaN,NaN,NaN,NaN,NaN,
1985083100,05l.1985,ELENA,TY,NN,28.5,273.9,90,977,59,7,59,7,NaN,NaN,NaN,NaN,NaN,NaN,NaN,NaN,NaN,NaN,TY,WN,b,b,NaN,NaN,NaN,NaN,NaN,NaN,
1985083106,05l.1985,ELENA,TY,NN,28.6,274.8,90,976,79,8,79,8,NaN,NaN,NaN,NaN,NaN,NaN,NaN,NaN,NaN,NaN,TY,WN,b,b,NaN,NaN,NaN,NaN,NaN,NaN,
1985083112,05l.1985,ELENA,TY,NN,28.8,275.5,90,975,78,7,78,7,NaN,NaN,NaN,NaN,NaN,NaN,NaN,NaN,NaN,NaN,TY,WN,b,b,NaN,NaN,NaN,NaN,NaN,NaN,
1985083118,05l.1985,ELENA,TY,NN,28.9,276.0,90,974,74,5,74,5,NaN,NaN,NaN,NaN,NaN,NaN,NaN,NaN,NaN,NaN,TY,WN,b,b,NaN,NaN,NaN,NaN,NaN,NaN,
1985090100,05l.1985,ELENA,TY,NN,28.8,276.2,95,971,90,3,90,3,NaN,NaN,NaN,NaN,NaN,NaN,NaN,NaN,NaN,NaN,TY,WN,b,b,NaN,NaN,NaN,NaN,NaN,NaN,
1985090106,05l.1985,ELENA,TY,NN,28.6,276.0,100,965,180,2,180,1,NaN,NaN,NaN,NaN,NaN,NaN,NaN,NaN,NaN,NaN,TY,WN,b,b,NaN,NaN,NaN,NaN,NaN,NaN,
1985090112,05l.1985,ELENA,TY,NN,28.6,275.9,105,961,233,2,233,2,NaN,NaN,NaN,NaN,NaN,NaN,NaN,NaN,NaN,NaN,TY,WN,b,b,NaN,NaN,NaN,NaN,NaN,NaN,
1985090118,05l.1985,ELENA,TY,NN,28.9,275.2,110,954,293,4,293,4,NaN,NaN,NaN,NaN,NaN,NaN,NaN,NaN,NaN,NaN,TY,WN,b,b,NaN,NaN,NaN,NaN,NaN,NaN,
1985090200,05l.1985,ELENA,TY,NN,29.4,274.1,110,953,297,9,297,9,NaN,NaN,NaN,NaN,NaN,NaN,NaN,NaN,NaN,NaN,TY,WN,b,b,NaN,NaN,NaN,NaN,NaN,NaN,
1985090206,05l.1985,ELENA,TY,NN,29.7,272.7,105,957,290,12,290,12,NaN,NaN,NaN,NaN,NaN,NaN,NaN,NaN,NaN,NaN,TY,WN,b,b,NaN,NaN,NaN,NaN,NaN,NaN,
1985090212,05l.1985,ELENA,TY,NN,30.3,271.2,100,959,290,13,290,13,NaN,NaN,NaN,NaN,NaN,NaN,NaN,NaN,NaN,NaN,TY,NW,b,b,NaN,NaN,0.65,NaN,NaN,NaN,
1985090218,05l.1985,ELENA,TY,NN,31.0,269.5,60,990,295,15,295,15,NaN,NaN,NaN,NaN,NaN,NaN,NaN,NaN,NaN,NaN,TS,NW,b,b,NaN,NaN,1.00,NaN,NaN,NaN,
1985090300,05l.1985,ELENA,TY,NN,31.9,268.2,45,1000,302,15,302,15,NaN,NaN,NaN,NaN,NaN,NaN,NaN,NaN,NaN,NaN,TS,NW,b,b,NaN,NaN,0.98,NaN,NaN,NaN,
1985090306,05l.1985,ELENA,TY,NN,32.4,267.2,30,1004,306,12,306,12,NaN,NaN,NaN,NaN,NaN,NaN,NaN,NaN,NaN,NaN,TD,NW,b,b,NaN,NaN,0.98,NaN,NaN,NaN,
1985090312,05l.1985,ELENA,TY,NN,33.2,266.3,25,1006,309,10,309,10,NaN,NaN,NaN,NaN,NaN,NaN,NaN,NaN,NaN,NaN,TD,NW,b,b,NaN,NaN,0.96,NaN,NaN,NaN,
1985090318,05l.1985,ELENA,TY,NN,34.5,266.0,25,1008,335,12,335,12,NaN,NaN,NaN,NaN,NaN,NaN,NaN,NaN,NaN,NaN,TD,NW,b,b,NaN,NaN,1.00,NaN,NaN,NaN,
1985090400,05l.1985,ELENA,TY,NN,35.9,266.1,20,1010,357,14,357,14,NaN,NaN,NaN,NaN,NaN,NaN,NaN,NaN,NaN,NaN,NT,NW,b,b,NaN,NaN,0.99,NaN,NaN,NaN,
1985090406,05l.1985,ELENA,TY,NN,37.0,266.8,20,1010,15,13,15,13,NaN,NaN,NaN,NaN,NaN,NaN,NaN,NaN,NaN,NaN,NT,NW,b,b,NaN,NaN,0.98,NaN,NaN,NaN,
1985090412,05l.1985,ELENA,TY,NN,38.0,267.5,20,1010,28,12,28,12,NaN,NaN,NaN,NaN,NaN,NaN,NaN,NaN,NaN,NaN,NT,NW,b,b,NaN,NaN,0.98,NaN,NaN,NaN,
1985090418,05l.1985,ELENA,TY,NN,38.8,268.6,20,1010,38,11,38,11,NaN,NaN,NaN,NaN,NaN,NaN,NaN,NaN,NaN,NaN,NT,NW,b,b,NaN,NaN,0.97,NaN,NaN,NaN,
1985090812,06l.1985,UNNAMED,TD,NN,20.0,333.0,25,NaN,295,9,295,9,NaN,NaN,NaN,NaN,NaN,NaN,NaN,NaN,NaN,NaN,TD,NW,b,b,NaN,NaN,NaN,NaN,NaN,NaN,
1985090818,06l.1985,UNNAMED,TD,NN,20.5,332.0,25,NaN,295,9,295,9,NaN,NaN,NaN,NaN,NaN,NaN,NaN,NaN,NaN,NaN,TD,NW,b,b,NaN,NaN,NaN,NaN,NaN,NaN,
1985090900,06l.1985,UNNAMED,TD,NN,20.8,331.2,25,NaN,295,9,295,9,NaN,NaN,NaN,NaN,NaN,NaN,NaN,NaN,NaN,NaN,TD,NW,b,b,NaN,NaN,NaN,NaN,NaN,NaN,
1985090906,06l.1985,UNNAMED,TD,NN,21.0,330.5,30,NaN,290,7,290,7,NaN,NaN,NaN,NaN,NaN,NaN,NaN,NaN,NaN,NaN,TD,NW,b,b,NaN,NaN,NaN,NaN,NaN,NaN,
1985090912,06l.1985,UNNAMED,TD,NN,21.1,329.5,30,NaN,281,8,281,8,NaN,NaN,NaN,NaN,NaN,NaN,NaN,NaN,NaN,NaN,TD,NW,b,b,NaN,NaN,NaN,NaN,NaN,NaN,
1985090918,06l.1985,UNNAMED,TD,NN,21.3,328.0,30,NaN,277,12,277,12,NaN,NaN,NaN,NaN,NaN,NaN,NaN,NaN,NaN,NaN,TD,NW,b,b,NaN,NaN,NaN,NaN,NaN,NaN,
1985091000,06l.1985,UNNAMED,TD,NN,21.8,326.2,30,NaN,283,16,283,16,NaN,NaN,NaN,NaN,NaN,NaN,NaN,NaN,NaN,NaN,TD,NW,b,b,NaN,NaN,NaN,NaN,NaN,NaN,
1985091006,06l.1985,UNNAMED,TD,NN,22.0,324.8,30,NaN,283,15,283,15,NaN,NaN,NaN,NaN,NaN,NaN,NaN,NaN,NaN,NaN,TD,NW,b,b,NaN,NaN,NaN,NaN,NaN,NaN,
1985091012,06l.1985,UNNAMED,TD,NN,22.5,323.0,30,NaN,283,15,283,15,NaN,NaN,NaN,NaN,NaN,NaN,NaN,NaN,NaN,NaN,TD,NW,b,b,NaN,NaN,NaN,NaN,NaN,NaN,
1985091018,06l.1985,UNNAMED,TD,NN,23.2,322.0,30,NaN,295,14,295,14,NaN,NaN,NaN,NaN,NaN,NaN,NaN,NaN,NaN,NaN,TD,NW,b,b,NaN,NaN,NaN,NaN,NaN,NaN,
1985091100,06l.1985,UNNAMED,TD,NN,24.0,321.0,30,NaN,309,12,309,12,NaN,NaN,NaN,NaN,NaN,NaN,NaN,NaN,NaN,NaN,TD,NW,b,b,NaN,NaN,NaN,NaN,NaN,NaN,
1985091106,06l.1985,UNNAMED,TD,NN,25.0,320.0,30,NaN,315,13,315,13,NaN,NaN,NaN,NaN,NaN,NaN,NaN,NaN,NaN,NaN,TD,NW,b,b,NaN,NaN,NaN,NaN,NaN,NaN,
1985091112,06l.1985,UNNAMED,TD,NN,25.8,318.9,30,NaN,313,13,313,13,NaN,NaN,NaN,NaN,NaN,NaN,NaN,NaN,NaN,NaN,TD,NW,b,b,NaN,NaN,NaN,NaN,NaN,NaN,
1985091118,06l.1985,UNNAMED,TD,NN,26.5,318.0,30,NaN,310,12,310,12,NaN,NaN,NaN,NaN,NaN,NaN,NaN,NaN,NaN,NaN,TD,NW,b,b,NaN,NaN,NaN,NaN,NaN,NaN,
1985091200,06l.1985,UNNAMED,TD,NN,27.3,316.6,30,NaN,306,13,306,13,NaN,NaN,NaN,NaN,NaN,NaN,NaN,NaN,NaN,NaN,TD,NW,b,b,NaN,NaN,NaN,NaN,NaN,NaN,
1985091206,06l.1985,UNNAMED,TD,NN,28.2,315.2,30,NaN,304,15,304,15,NaN,NaN,NaN,NaN,NaN,NaN,NaN,NaN,NaN,NaN,TD,NW,b,b,NaN,NaN,NaN,NaN,NaN,NaN,
1985091212,06l.1985,UNNAMED,TD,NN,29.0,314.0,25,NaN,307,14,307,14,NaN,NaN,NaN,NaN,NaN,NaN,NaN,NaN,NaN,NaN,TD,NW,b,b,NaN,NaN,NaN,NaN,NaN,NaN,
1985091218,06l.1985,UNNAMED,TD,NN,30.0,313.0,25,NaN,313,13,313,13,NaN,NaN,NaN,NaN,NaN,NaN,NaN,NaN,NaN,NaN,TD,NW,b,b,NaN,NaN,NaN,NaN,NaN,NaN,
1985091300,06l.1985,UNNAMED,TD,NN,30.8,311.0,25,NaN,305,16,305,16,NaN,NaN,NaN,NaN,NaN,NaN,NaN,NaN,NaN,NaN,TD,NW,b,b,NaN,NaN,NaN,NaN,NaN,NaN,
1985091306,06l.1985,UNNAMED,TD,NN,31.2,309.8,20,NaN,294,15,294,15,NaN,NaN,NaN,NaN,NaN,NaN,NaN,NaN,NaN,NaN,NT,NW,b,b,NaN,NaN,NaN,NaN,NaN,NaN,
1985091312,06l.1985,UNNAMED,TD,NN,32.0,308.0,20,NaN,295,14,295,14,NaN,NaN,NaN,NaN,NaN,NaN,NaN,NaN,NaN,NaN,NT,NW,b,b,NaN,NaN,NaN,NaN,NaN,NaN,
1985091112,07l.1985,UNNAMED,TD,NN,11.5,299.5,25,NaN,298,9,298,9,NaN,NaN,NaN,NaN,NaN,NaN,NaN,NaN,NaN,NaN,TD,NW,b,b,NaN,NaN,0.03,NaN,NaN,NaN,
1985091118,07l.1985,UNNAMED,TD,NN,12.0,298.8,30,NaN,298,9,298,9,NaN,NaN,NaN,NaN,NaN,NaN,NaN,NaN,NaN,NaN,TD,NW,b,b,NaN,NaN,NaN,NaN,NaN,NaN,
1985091200,07l.1985,UNNAMED,TD,NN,12.4,297.8,30,NaN,298,9,298,9,NaN,NaN,NaN,NaN,NaN,NaN,NaN,NaN,NaN,NaN,TD,NW,b,b,NaN,NaN,0.03,NaN,NaN,NaN,
1985091206,07l.1985,UNNAMED,TD,NN,12.8,296.8,30,NaN,292,11,292,11,NaN,NaN,NaN,NaN,NaN,NaN,NaN,NaN,NaN,NaN,TD,NW,b,b,NaN,NaN,NaN,NaN,NaN,NaN,
1985091212,07l.1985,UNNAMED,TD,NN,12.9,295.9,30,NaN,285,10,285,10,NaN,NaN,NaN,NaN,NaN,NaN,NaN,NaN,NaN,NaN,TD,NW,b,b,NaN,NaN,NaN,NaN,NaN,NaN,
1985091218,07l.1985,UNNAMED,TD,NN,13.1,294.4,30,NaN,277,12,277,12,NaN,NaN,NaN,NaN,NaN,NaN,NaN,NaN,NaN,NaN,TD,NW,b,b,NaN,NaN,NaN,NaN,NaN,NaN,
1985091300,07l.1985,UNNAMED,TD,NN,13.4,293.0,30,NaN,280,14,280,14,NaN,NaN,NaN,NaN,NaN,NaN,NaN,NaN,NaN,NaN,TD,NW,b,b,NaN,NaN,NaN,NaN,NaN,NaN,
1985091306,07l.1985,UNNAMED,TD,NN,13.8,291.5,30,NaN,284,15,284,15,NaN,NaN,NaN,NaN,NaN,NaN,NaN,NaN,NaN,NaN,TD,NW,b,b,NaN,NaN,NaN,NaN,NaN,NaN,
1985091312,07l.1985,UNNAMED,TD,NN,14.0,290.0,25,NaN,282,15,282,15,NaN,NaN,NaN,NaN,NaN,NaN,NaN,NaN,NaN,NaN,TD,NW,b,b,NaN,NaN,NaN,NaN,NaN,NaN,
1985091318,07l.1985,UNNAMED,TD,NN,14.2,288.2,20,NaN,277,16,277,16,NaN,NaN,NaN,NaN,NaN,NaN,NaN,NaN,NaN,NaN,NT,NW,b,b,NaN,NaN,NaN,NaN,NaN,NaN,
1985091518,l08.1985,9X-L08,TS,NN,23.6,289.2,25,1008,55,8,55,8,NaN,NaN,NaN,NaN,NaN,NaN,NaN,NaN,NaN,NaN,TD,NW,b,b,NaN,NaN,NaN,NaN,NaN,NaN,
1985091600,l08.1985,9X-L08,TS,NN,24.0,289.9,25,1008,55,8,55,8,NaN,NaN,NaN,NaN,NaN,NaN,NaN,NaN,NaN,NaN,TD,NW,b,b,NaN,NaN,NaN,NaN,NaN,NaN,
1985091606,l08.1985,9X-L08,TS,NN,24.5,290.6,30,1006,55,8,55,8,NaN,NaN,NaN,NaN,NaN,NaN,NaN,NaN,NaN,NaN,TD,NW,b,b,NaN,NaN,NaN,NaN,NaN,NaN,
1985091612,l08.1985,9X-L08,TS,NN,25.1,292.0,30,1005,60,11,60,11,NaN,NaN,NaN,NaN,NaN,NaN,NaN,NaN,NaN,NaN,TD,NW,b,b,NaN,NaN,NaN,NaN,NaN,NaN,
1985091618,l08.1985,9X-L08,TS,NN,26.0,293.5,40,1003,60,15,60,15,NaN,NaN,NaN,NaN,NaN,NaN,NaN,NaN,NaN,NaN,TS,NW,b,b,NaN,NaN,NaN,NaN,NaN,NaN,
1985091700,08l.1985,FABIAN,TS,NN,26.5,295.5,45,1001,66,17,66,17,NaN,NaN,NaN,NaN,NaN,NaN,NaN,NaN,NaN,NaN,TS,WN,b,b,NaN,NaN,NaN,NaN,NaN,NaN,
1985091706,08l.1985,FABIAN,TS,NN,27.0,296.5,50,996,70,14,70,14,NaN,NaN,NaN,NaN,NaN,NaN,NaN,NaN,NaN,NaN,TS,WN,b,b,NaN,NaN,NaN,NaN,NaN,NaN,
1985091712,08l.1985,FABIAN,TS,NN,28.0,298.5,55,994,61,15,61,15,NaN,NaN,NaN,NaN,NaN,NaN,NaN,NaN,NaN,NaN,TS,WN,b,b,NaN,NaN,NaN,NaN,NaN,NaN,
1985091718,08l.1985,FABIAN,TS,NN,29.0,300.4,55,994,60,20,60,20,NaN,NaN,NaN,NaN,NaN,NaN,NaN,NaN,NaN,NaN,TS,WN,b,b,NaN,NaN,NaN,NaN,NaN,NaN,
1985091800,08l.1985,FABIAN,TS,NN,29.7,301.2,55,994,54,15,54,15,NaN,NaN,NaN,NaN,NaN,NaN,NaN,NaN,NaN,NaN,TS,WN,b,b,NaN,NaN,NaN,NaN,NaN,NaN,
1985091806,08l.1985,FABIAN,TS,NN,30.2,302.4,55,994,55,11,55,11,NaN,NaN,NaN,NaN,NaN,NaN,NaN,NaN,NaN,NaN,TS,WN,b,b,NaN,NaN,NaN,NaN,NaN,NaN,
1985091812,08l.1985,FABIAN,TS,NN,31.1,304.2,55,994,62,15,62,15,NaN,NaN,NaN,NaN,NaN,NaN,NaN,NaN,NaN,NaN,TS,WN,b,b,NaN,NaN,NaN,NaN,NaN,NaN,
1985091818,08l.1985,FABIAN,TS,NN,31.5,306.0,55,994,67,17,67,17,NaN,NaN,NaN,NaN,NaN,NaN,NaN,NaN,NaN,NaN,TS,WN,b,b,NaN,NaN,NaN,NaN,NaN,NaN,
1985091900,08l.1985,FABIAN,TS,NN,31.5,308.0,55,994,83,16,83,16,NaN,NaN,NaN,NaN,NaN,NaN,NaN,NaN,NaN,NaN,TS,WN,b,b,NaN,NaN,NaN,NaN,NaN,NaN,
1985091906,08l.1985,FABIAN,TS,NN,31.5,309.5,55,994,90,15,90,15,NaN,NaN,NaN,NaN,NaN,NaN,NaN,NaN,NaN,NaN,TS,WN,b,b,NaN,NaN,NaN,NaN,NaN,NaN,
1985091912,08l.1985,FABIAN,TS,NN,32.0,315.5,55,994,86,32,86,32,NaN,NaN,NaN,NaN,NaN,NaN,NaN,NaN,NaN,NaN,TS,WN,b,b,NaN,NaN,NaN,NaN,NaN,NaN,
1985091612,l09.1985,9X-L09,TY,NN,13.3,336.4,25,1009,290,12,290,12,NaN,NaN,NaN,NaN,NaN,NaN,NaN,NaN,NaN,NaN,TD,NW,b,b,NaN,NaN,NaN,NaN,NaN,NaN,
1985091618,l09.1985,9X-L09,TY,NN,13.8,335.2,25,1008,290,12,290,12,NaN,NaN,NaN,NaN,NaN,NaN,NaN,NaN,NaN,NaN,TD,NW,b,b,NaN,NaN,NaN,NaN,NaN,NaN,
1985091700,l09.1985,9X-L09,TY,NN,14.1,334.1,30,1008,290,12,290,12,NaN,NaN,NaN,NaN,NaN,NaN,NaN,NaN,NaN,NaN,TD,NW,b,b,NaN,NaN,NaN,NaN,NaN,NaN,
1985091706,l09.1985,9X-L09,TY,NN,14.3,332.9,30,1008,283,11,283,11,NaN,NaN,NaN,NaN,NaN,NaN,NaN,NaN,NaN,NaN,TD,NW,b,b,NaN,NaN,NaN,NaN,NaN,NaN,
1985091712,l09.1985,9X-L09,TY,NN,14.6,331.7,35,1007,282,12,282,12,NaN,NaN,NaN,NaN,NaN,NaN,NaN,NaN,NaN,NaN,TS,NW,b,b,NaN,NaN,NaN,NaN,NaN,NaN,
1985091718,09l.1985,GLORIA,TY,NN,14.6,330.4,35,1007,277,12,277,12,NaN,NaN,NaN,NaN,NaN,NaN,NaN,NaN,NaN,NaN,TS,WN,b,b,NaN,NaN,NaN,NaN,NaN,NaN,
1985091800,09l.1985,GLORIA,TY,NN,14.6,328.8,35,1006,270,14,270,14,NaN,NaN,NaN,NaN,NaN,NaN,NaN,NaN,NaN,NaN,TS,WN,b,b,NaN,NaN,NaN,NaN,NaN,NaN,
1985091806,09l.1985,GLORIA,TY,NN,15.0,326.0,35,1006,275,21,275,21,NaN,NaN,NaN,NaN,NaN,NaN,NaN,NaN,NaN,NaN,TS,WN,b,b,NaN,NaN,NaN,NaN,NaN,NaN,
1985091812,09l.1985,GLORIA,TY,NN,15.2,322.5,35,1006,276,31,276,31,NaN,NaN,NaN,NaN,NaN,NaN,NaN,NaN,NaN,NaN,TS,WN,b,b,NaN,NaN,NaN,NaN,NaN,NaN,
1985091818,09l.1985,GLORIA,TY,NN,15.4,321.9,30,1006,276,20,276,20,NaN,NaN,NaN,NaN,NaN,NaN,NaN,NaN,NaN,NaN,TD,NW,b,b,NaN,NaN,NaN,NaN,NaN,NaN,
1985091900,09l.1985,GLORIA,TY,NN,15.8,320.5,30,1006,287,10,287,10,NaN,NaN,NaN,NaN,NaN,NaN,NaN,NaN,NaN,NaN,TD,NW,b,b,NaN,NaN,NaN,NaN,NaN,NaN,
1985091906,09l.1985,GLORIA,TY,NN,16.2,319.1,30,1006,287,14,287,14,NaN,NaN,NaN,NaN,NaN,NaN,NaN,NaN,NaN,NaN,TD,NW,b,b,NaN,NaN,NaN,NaN,NaN,NaN,
1985091912,09l.1985,GLORIA,TY,NN,16.6,317.8,30,1006,287,14,287,14,NaN,NaN,NaN,NaN,NaN,NaN,NaN,NaN,NaN,NaN,TD,NW,b,b,NaN,NaN,NaN,NaN,NaN,NaN,
1985091918,09l.1985,GLORIA,TY,NN,17.0,316.2,30,1006,286,14,286,14,NaN,NaN,NaN,NaN,NaN,NaN,NaN,NaN,NaN,NaN,TD,NW,b,b,NaN,NaN,NaN,NaN,NaN,NaN,
1985092000,09l.1985,GLORIA,TY,NN,17.5,315.5,35,1005,292,12,292,12,NaN,NaN,NaN,NaN,NaN,NaN,NaN,NaN,NaN,NaN,TS,WN,b,b,NaN,NaN,NaN,NaN,NaN,NaN,
1985092006,09l.1985,GLORIA,TY,NN,17.6,314.5,40,1004,290,9,290,9,NaN,NaN,NaN,NaN,NaN,NaN,NaN,NaN,NaN,NaN,TS,WN,b,b,NaN,NaN,NaN,NaN,NaN,NaN,
1985092012,09l.1985,GLORIA,TY,NN,17.9,312.9,45,1003,279,13,279,13,NaN,NaN,NaN,NaN,NaN,NaN,NaN,NaN,NaN,NaN,TS,WN,b,b,NaN,NaN,NaN,NaN,NaN,NaN,
1985092018,09l.1985,GLORIA,TY,NN,18.0,310.5,45,1002,276,19,276,19,NaN,NaN,NaN,NaN,NaN,NaN,NaN,NaN,NaN,NaN,TS,WN,b,b,NaN,NaN,NaN,NaN,NaN,NaN,
1985092100,09l.1985,GLORIA,TY,NN,18.0,308.5,50,1001,271,21,271,21,NaN,NaN,NaN,NaN,NaN,NaN,NaN,NaN,NaN,NaN,TS,WN,b,b,NaN,NaN,NaN,NaN,NaN,NaN,
1985092106,09l.1985,GLORIA,TY,NN,18.0,306.0,55,1001,270,21,270,21,NaN,NaN,NaN,NaN,NaN,NaN,NaN,NaN,NaN,NaN,TS,WN,b,b,NaN,NaN,NaN,NaN,NaN,NaN,
1985092112,09l.1985,GLORIA,TY,NN,17.6,305.8,60,1000,261,13,261,13,NaN,NaN,NaN,NaN,NaN,NaN,NaN,NaN,NaN,NaN,TS,WN,b,b,NaN,NaN,NaN,NaN,NaN,NaN,
1985092118,09l.1985,GLORIA,TY,NN,17.7,304.8,65,1000,255,6,255,6,NaN,NaN,NaN,NaN,NaN,NaN,NaN,NaN,NaN,NaN,TY,WN,b,b,NaN,NaN,NaN,NaN,NaN,NaN,
1985092200,09l.1985,GLORIA,TY,NN,17.8,303.2,65,1000,275,12,275,12,NaN,NaN,NaN,NaN,NaN,NaN,NaN,NaN,NaN,NaN,TY,WN,b,b,NaN,NaN,NaN,NaN,NaN,NaN,
1985092206,09l.1985,GLORIA,TY,NN,17.8,302.8,70,996,273,10,273,10,NaN,NaN,NaN,NaN,NaN,NaN,NaN,NaN,NaN,NaN,TY,WN,b,b,NaN,NaN,NaN,NaN,NaN,NaN,
1985092212,09l.1985,GLORIA,TY,NN,17.8,301.8,70,992,270,7,270,7,NaN,NaN,NaN,NaN,NaN,NaN,NaN,NaN,NaN,NaN,TY,WN,b,b,NaN,NaN,NaN,NaN,NaN,NaN,
1985092218,09l.1985,GLORIA,TY,NN,18.0,301.0,65,990,277,9,277,9,NaN,NaN,NaN,NaN,NaN,NaN,NaN,NaN,NaN,NaN,TY,WN,b,b,NaN,NaN,NaN,NaN,NaN,NaN,
1985092300,09l.1985,GLORIA,TY,NN,19.0,299.6,65,990,300,12,300,12,NaN,NaN,NaN,NaN,NaN,NaN,NaN,NaN,NaN,NaN,TY,WN,b,b,NaN,NaN,NaN,NaN,NaN,NaN,
1985092306,09l.1985,GLORIA,TY,NN,19.3,298.7,65,989,301,13,301,13,NaN,NaN,NaN,NaN,NaN,NaN,NaN,NaN,NaN,NaN,TY,WN,b,b,NaN,NaN,NaN,NaN,NaN,NaN,
1985092312,09l.1985,GLORIA,TY,NN,20.4,297.0,65,987,300,14,300,14,NaN,NaN,NaN,NaN,NaN,NaN,NaN,NaN,NaN,NaN,TY,WN,b,b,NaN,NaN,NaN,NaN,NaN,NaN,
1985092318,09l.1985,GLORIA,TY,NN,21.0,295.8,75,980,302,16,302,16,NaN,NaN,NaN,NaN,NaN,NaN,NaN,NaN,NaN,NaN,TY,WN,b,b,NaN,NaN,NaN,NaN,NaN,NaN,
1985092400,09l.1985,GLORIA,TY,NN,21.6,294.3,95,956,295,14,295,14,NaN,NaN,NaN,NaN,NaN,NaN,NaN,NaN,NaN,NaN,TY,WN,b,b,NaN,NaN,NaN,NaN,NaN,NaN,
1985092406,09l.1985,GLORIA,TY,NN,22.0,293.0,100,952,291,14,291,14,NaN,NaN,NaN,NaN,NaN,NaN,NaN,NaN,NaN,NaN,TY,WN,b,b,NaN,NaN,NaN,NaN,NaN,NaN,
1985092412,09l.1985,GLORIA,TY,NN,22.6,291.9,100,950,294,12,294,12,NaN,NaN,NaN,NaN,NaN,NaN,NaN,NaN,NaN,NaN,TY,WN,b,b,NaN,NaN,NaN,NaN,NaN,NaN,
1985092418,09l.1985,GLORIA,TY,NN,23.2,290.6,105,935,298,13,298,13,NaN,NaN,NaN,NaN,NaN,NaN,NaN,NaN,NaN,NaN,TY,WN,b,b,NaN,NaN,NaN,NaN,NaN,NaN,
1985092500,09l.1985,GLORIA,TY,NN,24.0,290.2,120,920,312,10,312,10,NaN,NaN,NaN,NaN,NaN,NaN,NaN,NaN,NaN,NaN,TY,WN,b,b,NaN,NaN,NaN,NaN,NaN,NaN,
1985092506,09l.1985,GLORIA,TY,NN,25.0,289.0,125,920,321,12,321,12,NaN,NaN,NaN,NaN,NaN,NaN,NaN,NaN,NaN,NaN,TY,WN,b,b,NaN,NaN,NaN,NaN,NaN,NaN,
1985092512,09l.1985,GLORIA,TY,NN,26.2,287.8,115,926,315,15,315,15,NaN,NaN,NaN,NaN,NaN,NaN,NaN,NaN,NaN,NaN,TY,WN,b,b,NaN,NaN,NaN,NaN,NaN,NaN,
1985092518,09l.1985,GLORIA,TY,NN,27.0,287.0,95,933,318,13,318,13,NaN,NaN,NaN,NaN,NaN,NaN,NaN,NaN,NaN,NaN,TY,WN,b,b,NaN,NaN,NaN,NaN,NaN,NaN,
1985092600,09l.1985,GLORIA,TY,NN,27.8,286.0,85,940,315,11,315,11,NaN,NaN,NaN,NaN,NaN,NaN,NaN,NaN,NaN,NaN,TY,WN,b,b,NaN,NaN,NaN,NaN,NaN,NaN,
1985092606,09l.1985,GLORIA,TY,NN,28.7,285.1,80,944,315,12,315,12,NaN,NaN,NaN,NaN,NaN,NaN,NaN,NaN,NaN,NaN,TY,WN,b,b,NaN,NaN,NaN,NaN,NaN,NaN,
1985092612,09l.1985,GLORIA,TY,NN,30.0,284.6,80,946,331,13,331,13,NaN,NaN,NaN,NaN,NaN,NaN,NaN,NaN,NaN,NaN,TY,WN,b,b,NaN,NaN,NaN,NaN,NaN,NaN,
1985092618,09l.1985,GLORIA,TY,NN,31.7,283.8,85,944,339,16,339,16,NaN,NaN,NaN,NaN,NaN,NaN,NaN,NaN,NaN,NaN,TY,WN,b,b,NaN,NaN,NaN,NaN,NaN,NaN,
1985092700,09l.1985,GLORIA,TY,NN,33.3,283.9,90,942,350,17,350,17,NaN,NaN,NaN,NaN,NaN,NaN,NaN,NaN,NaN,NaN,TY,WN,b,b,NaN,NaN,NaN,NaN,NaN,NaN,
1985092706,09l.1985,GLORIA,TY,NN,35.5,284.5,90,942,9,19,9,19,NaN,NaN,NaN,NaN,NaN,NaN,NaN,NaN,NaN,NaN,TY,WN,b,b,NaN,NaN,0.11,NaN,NaN,NaN,
1985092712,09l.1985,GLORIA,TY,NN,38.3,285.3,85,951,13,26,13,26,NaN,NaN,NaN,NaN,NaN,NaN,NaN,NaN,NaN,NaN,TY,WN,b,b,NaN,NaN,NaN,NaN,NaN,NaN,
1985092718,09l.1985,GLORIA,TY,NN,42.1,287.6,75,964,20,35,20,35,NaN,NaN,NaN,NaN,NaN,NaN,NaN,NaN,NaN,NaN,TY,NW,b,b,NaN,NaN,0.94,NaN,NaN,NaN,
1985092800,09l.1985,GLORIA,TY,NN,45.5,290.0,50,986,26,40,26,40,NaN,NaN,NaN,NaN,NaN,NaN,NaN,NaN,NaN,NaN,TS,NW,b,b,NaN,NaN,0.89,NaN,NaN,NaN,
1985092806,09l.1985,GLORIA,TY,NN,48.1,292.2,50,987,28,34,28,34,NaN,NaN,NaN,NaN,NaN,NaN,NaN,NaN,NaN,NaN,TS,NW,b,b,NaN,NaN,0.96,NaN,NaN,NaN,
1985092812,09l.1985,GLORIA,TY,NN,49.5,295.5,50,987,43,27,43,27,NaN,NaN,NaN,NaN,NaN,NaN,NaN,NaN,NaN,NaN,TS,NW,b,b,NaN,NaN,0.15,NaN,NaN,NaN,
1985092818,09l.1985,GLORIA,TY,NN,50.8,298.8,50,987,58,25,58,25,NaN,NaN,NaN,NaN,NaN,NaN,NaN,NaN,NaN,NaN,TS,NW,b,b,NaN,NaN,0.86,NaN,NaN,NaN,
1985092900,09l.1985,GLORIA,TY,NN,51.5,302.5,50,990,66,24,66,24,NaN,NaN,NaN,NaN,NaN,NaN,NaN,NaN,NaN,NaN,TS,NW,b,b,NaN,NaN,0.51,NaN,NaN,NaN,
1985092906,09l.1985,GLORIA,TY,NN,52.1,306.2,50,990,74,24,74,24,NaN,NaN,NaN,NaN,NaN,NaN,NaN,NaN,NaN,NaN,TS,NW,b,b,NaN,NaN,NaN,NaN,NaN,NaN,
1985092912,09l.1985,GLORIA,TY,NN,52.4,310.0,50,990,79,24,79,24,NaN,NaN,NaN,NaN,NaN,NaN,NaN,NaN,NaN,NaN,TS,NW,b,b,NaN,NaN,NaN,NaN,NaN,NaN,
1985092918,09l.1985,GLORIA,TY,NN,52.5,312.5,50,990,84,19,84,19,NaN,NaN,NaN,NaN,NaN,NaN,NaN,NaN,NaN,NaN,TS,NW,b,b,NaN,NaN,NaN,NaN,NaN,NaN,
1985093000,09l.1985,GLORIA,TY,NN,52.5,315.0,50,990,88,15,88,15,NaN,NaN,NaN,NaN,NaN,NaN,NaN,NaN,NaN,NaN,TS,NW,b,b,NaN,NaN,NaN,NaN,NaN,NaN,
1985093006,09l.1985,GLORIA,TY,NN,52.5,317.5,50,990,90,15,90,15,NaN,NaN,NaN,NaN,NaN,NaN,NaN,NaN,NaN,NaN,TS,NW,b,b,NaN,NaN,NaN,NaN,NaN,NaN,
1985093012,09l.1985,GLORIA,TY,NN,52.5,320.0,50,990,90,15,90,15,NaN,NaN,NaN,NaN,NaN,NaN,NaN,NaN,NaN,NaN,TS,NW,b,b,NaN,NaN,NaN,NaN,NaN,NaN,
1985093018,09l.1985,GLORIA,TY,NN,52.9,322.1,50,990,82,14,82,14,NaN,NaN,NaN,NaN,NaN,NaN,NaN,NaN,NaN,NaN,TS,NW,b,b,NaN,NaN,NaN,NaN,NaN,NaN,
1985100100,09l.1985,GLORIA,TY,NN,53.3,324.1,50,990,72,13,72,13,NaN,NaN,NaN,NaN,NaN,NaN,NaN,NaN,NaN,NaN,TS,NW,b,b,NaN,NaN,NaN,NaN,NaN,NaN,
1985100106,09l.1985,GLORIA,TY,NN,53.8,326.0,50,990,69,12,69,12,NaN,NaN,NaN,NaN,NaN,NaN,NaN,NaN,NaN,NaN,TS,NW,b,b,NaN,NaN,NaN,NaN,NaN,NaN,
1985100112,09l.1985,GLORIA,TY,NN,54.5,328.0,50,990,62,13,62,13,NaN,NaN,NaN,NaN,NaN,NaN,NaN,NaN,NaN,NaN,TS,NW,b,b,NaN,NaN,NaN,NaN,NaN,NaN,
1985100118,09l.1985,GLORIA,TY,NN,55.5,330.0,50,990,54,14,54,14,NaN,NaN,NaN,NaN,NaN,NaN,NaN,NaN,NaN,NaN,TS,NW,b,b,NaN,NaN,NaN,NaN,NaN,NaN,
1985100200,09l.1985,GLORIA,TY,NN,56.6,331.0,50,960,39,13,39,13,NaN,NaN,NaN,NaN,NaN,NaN,NaN,NaN,NaN,NaN,TS,NW,b,b,NaN,NaN,NaN,NaN,NaN,NaN,
1985092118,l10.1985,9X-L10,TS,NN,29.6,285.7,25,1008,355,10,355,10,NaN,NaN,NaN,NaN,NaN,NaN,NaN,NaN,NaN,NaN,TD,NW,b,b,NaN,NaN,NaN,NaN,NaN,NaN,
1985092200,l10.1985,9X-L10,TS,NN,30.5,285.6,25,1008,355,10,355,10,NaN,NaN,NaN,NaN,NaN,NaN,NaN,NaN,NaN,NaN,TD,NW,b,b,NaN,NaN,NaN,NaN,NaN,NaN,
1985092206,l10.1985,9X-L10,TS,NN,31.5,285.5,25,1009,355,10,355,10,NaN,NaN,NaN,NaN,NaN,NaN,NaN,NaN,NaN,NaN,TD,NW,b,b,NaN,NaN,NaN,NaN,NaN,NaN,
1985092212,l10.1985,9X-L10,TS,NN,32.4,285.4,25,1011,355,10,355,10,NaN,NaN,NaN,NaN,NaN,NaN,NaN,NaN,NaN,NaN,TD,NW,b,b,NaN,NaN,NaN,NaN,NaN,NaN,
1985092218,l10.1985,9X-L10,TS,NN,33.3,285.4,30,1011,357,9,357,9,NaN,NaN,NaN,NaN,NaN,NaN,NaN,NaN,NaN,NaN,TD,NW,b,b,NaN,NaN,NaN,NaN,NaN,NaN,
1985092300,l10.1985,9X-L10,TS,NN,34.3,285.5,30,1010,3,10,3,10,NaN,NaN,NaN,NaN,NaN,NaN,NaN,NaN,NaN,NaN,TD,NW,b,b,NaN,NaN,NaN,NaN,NaN,NaN,
1985092306,10l.1985,HENRI,TS,NN,34.8,285.4,35,1007,360,8,360,8,NaN,NaN,NaN,NaN,NaN,NaN,NaN,NaN,NaN,NaN,TS,WN,b,b,NaN,NaN,NaN,NaN,NaN,NaN,
1985092312,10l.1985,HENRI,TS,NN,36.1,285.9,50,996,10,9,10,9,NaN,NaN,NaN,NaN,NaN,NaN,NaN,NaN,NaN,NaN,TS,WN,b,b,NaN,NaN,NaN,NaN,NaN,NaN,
1985092318,10l.1985,HENRI,TS,NN,36.8,286.0,45,1000,14,10,14,10,NaN,NaN,NaN,NaN,NaN,NaN,NaN,NaN,NaN,NaN,TS,WN,b,b,NaN,NaN,NaN,NaN,NaN,NaN,
1985092400,10l.1985,HENRI,TS,NN,37.2,286.0,40,1004,4,6,4,6,NaN,NaN,NaN,NaN,NaN,NaN,NaN,NaN,NaN,NaN,TS,WN,b,b,NaN,NaN,NaN,NaN,NaN,NaN,
1985092406,10l.1985,HENRI,TS,NN,38.0,286.0,35,1005,360,6,360,6,NaN,NaN,NaN,NaN,NaN,NaN,NaN,NaN,NaN,NaN,TS,WN,b,b,NaN,NaN,NaN,NaN,NaN,NaN,
1985092412,10l.1985,HENRI,TS,NN,39.2,286.4,35,1006,9,10,9,10,NaN,NaN,NaN,NaN,NaN,NaN,NaN,NaN,NaN,NaN,TS,WN,b,b,NaN,NaN,NaN,NaN,NaN,NaN,
1985092418,10l.1985,HENRI,TS,NN,40.4,287.2,35,1006,21,13,21,13,NaN,NaN,NaN,NaN,NaN,NaN,NaN,NaN,NaN,NaN,TS,WN,b,b,NaN,NaN,0.18,NaN,NaN,NaN,
1985092500,10l.1985,HENRI,TS,NN,41.3,288.2,30,1007,33,13,33,13,NaN,NaN,NaN,NaN,NaN,NaN,NaN,NaN,NaN,NaN,TD,NW,b,b,NaN,NaN,0.69,NaN,NaN,NaN,
1985100700,l11.1985,9X-L11,TS,NN,17.8,290.8,30,1006,317,14,317,14,NaN,NaN,NaN,NaN,NaN,NaN,NaN,NaN,NaN,NaN,TD,NW,b,b,NaN,NaN,0.16,NaN,NaN,NaN,
1985100706,l11.1985,9X-L11,TS,NN,18.5,289.5,35,1006,317,14,317,14,NaN,NaN,NaN,NaN,NaN,NaN,NaN,NaN,NaN,NaN,TS,NW,b,b,NaN,NaN,0.70,NaN,NaN,NaN,
1985100712,l11.1985,9X-L11,TS,NN,19.8,288.8,40,1006,317,14,317,14,NaN,NaN,NaN,NaN,NaN,NaN,NaN,NaN,NaN,NaN,TS,NW,b,b,NaN,NaN,0.35,NaN,NaN,NaN,
1985100718,l11.1985,9X-L11,TS,NN,21.1,288.5,40,1005,340,14,340,14,NaN,NaN,NaN,NaN,NaN,NaN,NaN,NaN,NaN,NaN,TS,NW,b,b,NaN,NaN,NaN,NaN,NaN,NaN,
1985100800,l11.1985,9X-L11,TS,NN,22.4,288.8,45,1005,360,13,360,13,NaN,NaN,NaN,NaN,NaN,NaN,NaN,NaN,NaN,NaN,TS,NW,b,b,NaN,NaN,NaN,NaN,NaN,NaN,
1985100806,11l.1985,ISABEL,TS,NN,24.3,289.0,50,1005,8,16,8,16,NaN,NaN,NaN,NaN,NaN,NaN,NaN,NaN,NaN,NaN,TS,WN,b,b,NaN,NaN,NaN,NaN,NaN,NaN,
1985100812,11l.1985,ISABEL,TS,NN,25.0,288.5,55,1003,354,13,354,13,NaN,NaN,NaN,NaN,NaN,NaN,NaN,NaN,NaN,NaN,TS,WN,b,b,NaN,NaN,NaN,NaN,NaN,NaN,
1985100818,11l.1985,ISABEL,TS,NN,26.3,287.7,60,1002,330,12,330,12,NaN,NaN,NaN,NaN,NaN,NaN,NaN,NaN,NaN,NaN,TS,WN,b,b,NaN,NaN,NaN,NaN,NaN,NaN,
1985100900,11l.1985,ISABEL,TS,NN,27.1,287.3,60,997,333,12,333,12,NaN,NaN,NaN,NaN,NaN,NaN,NaN,NaN,NaN,NaN,TS,WN,b,b,NaN,NaN,NaN,NaN,NaN,NaN,
1985100906,11l.1985,ISABEL,TS,NN,27.8,286.2,60,1001,318,10,318,10,NaN,NaN,NaN,NaN,NaN,NaN,NaN,NaN,NaN,NaN,TS,WN,b,b,NaN,NaN,NaN,NaN,NaN,NaN,
1985100912,11l.1985,ISABEL,TS,NN,28.3,285.0,60,1003,301,12,301,12,NaN,NaN,NaN,NaN,NaN,NaN,NaN,NaN,NaN,NaN,TS,WN,b,b,NaN,NaN,NaN,NaN,NaN,NaN,
1985100918,11l.1985,ISABEL,TS,NN,28.3,283.5,60,1004,282,12,282,12,NaN,NaN,NaN,NaN,NaN,NaN,NaN,NaN,NaN,NaN,TS,WN,b,b,NaN,NaN,NaN,NaN,NaN,NaN,
1985101000,11l.1985,ISABEL,TS,NN,29.0,282.3,55,1005,286,12,286,12,NaN,NaN,NaN,NaN,NaN,NaN,NaN,NaN,NaN,NaN,TS,WN,b,b,NaN,NaN,NaN,NaN,NaN,NaN,
1985101006,11l.1985,ISABEL,TS,NN,29.2,280.7,45,1004,290,13,290,13,NaN,NaN,NaN,NaN,NaN,NaN,NaN,NaN,NaN,NaN,TS,WN,b,b,NaN,NaN,NaN,NaN,NaN,NaN,
1985101012,11l.1985,ISABEL,TS,NN,29.5,279.7,40,1006,282,12,282,12,NaN,NaN,NaN,NaN,NaN,NaN,NaN,NaN,NaN,NaN,TS,WN,b,b,NaN,NaN,NaN,NaN,NaN,NaN,
1985101018,11l.1985,ISABEL,TS,NN,30.4,278.9,35,1008,308,10,308,10,NaN,NaN,NaN,NaN,NaN,NaN,NaN,NaN,NaN,NaN,TS,WN,b,b,NaN,NaN,0.07,NaN,NaN,NaN,
1985101100,11l.1985,ISABEL,TS,NN,30.8,278.3,30,1009,317,9,317,9,NaN,NaN,NaN,NaN,NaN,NaN,NaN,NaN,NaN,NaN,TD,NW,b,b,NaN,NaN,0.54,NaN,NaN,NaN,
1985101106,11l.1985,ISABEL,TS,NN,31.3,278.2,30,1011,326,5,326,5,NaN,NaN,NaN,NaN,NaN,NaN,NaN,NaN,NaN,NaN,TD,NW,b,b,NaN,NaN,0.99,NaN,NaN,NaN,
1985101112,11l.1985,ISABEL,TS,NN,31.7,278.4,25,1012,5,5,5,5,NaN,NaN,NaN,NaN,NaN,NaN,NaN,NaN,NaN,NaN,TD,NW,b,b,NaN,NaN,0.71,NaN,NaN,NaN,
1985101118,11l.1985,ISABEL,TS,NN,31.8,279.1,25,1013,57,5,57,5,NaN,NaN,NaN,NaN,NaN,NaN,NaN,NaN,NaN,NaN,TD,NW,b,b,NaN,NaN,0.54,NaN,NaN,NaN,
1985101200,11l.1985,ISABEL,TS,NN,31.7,279.4,25,1013,90,4,90,4,NaN,NaN,NaN,NaN,NaN,NaN,NaN,NaN,NaN,NaN,TD,NW,b,b,NaN,NaN,NaN,NaN,NaN,NaN,
1985101206,11l.1985,ISABEL,TS,NN,31.6,279.7,25,1013,111,3,111,3,NaN,NaN,NaN,NaN,NaN,NaN,NaN,NaN,NaN,NaN,TD,NW,b,b,NaN,NaN,NaN,NaN,NaN,NaN,
1985101212,11l.1985,ISABEL,TS,NN,31.5,280.1,25,1014,109,3,109,3,NaN,NaN,NaN,NaN,NaN,NaN,NaN,NaN,NaN,NaN,TD,NW,b,b,NaN,NaN,NaN,NaN,NaN,NaN,
1985101218,11l.1985,ISABEL,TS,NN,31.5,280.5,25,1013,98,3,98,3,NaN,NaN,NaN,NaN,NaN,NaN,NaN,NaN,NaN,NaN,TD,NW,b,b,NaN,NaN,NaN,NaN,NaN,NaN,
1985101300,11l.1985,ISABEL,TS,NN,31.7,280.9,25,1013,74,4,74,4,NaN,NaN,NaN,NaN,NaN,NaN,NaN,NaN,NaN,NaN,TD,NW,b,b,NaN,NaN,NaN,NaN,NaN,NaN,
1985101306,11l.1985,ISABEL,TS,NN,32.0,281.2,25,1013,50,4,50,4,NaN,NaN,NaN,NaN,NaN,NaN,NaN,NaN,NaN,NaN,TD,NW,b,b,NaN,NaN,NaN,NaN,NaN,NaN,
1985101312,11l.1985,ISABEL,TS,NN,32.3,281.6,25,1013,45,4,45,4,NaN,NaN,NaN,NaN,NaN,NaN,NaN,NaN,NaN,NaN,TD,NW,b,b,NaN,NaN,NaN,NaN,NaN,NaN,
1985101318,11l.1985,ISABEL,TS,NN,32.6,282.0,25,1012,48,5,48,5,NaN,NaN,NaN,NaN,NaN,NaN,NaN,NaN,NaN,NaN,TD,NW,b,b,NaN,NaN,NaN,NaN,NaN,NaN,
1985101400,11l.1985,ISABEL,TS,NN,32.9,282.3,25,1012,45,4,45,4,NaN,NaN,NaN,NaN,NaN,NaN,NaN,NaN,NaN,NaN,TD,NW,b,b,NaN,NaN,NaN,NaN,NaN,NaN,
1985101406,11l.1985,ISABEL,TS,NN,33.2,282.9,25,1011,52,5,52,5,NaN,NaN,NaN,NaN,NaN,NaN,NaN,NaN,NaN,NaN,TD,NW,b,b,NaN,NaN,NaN,NaN,NaN,NaN,
1985101412,11l.1985,ISABEL,TS,NN,33.5,283.4,25,1010,57,5,57,5,NaN,NaN,NaN,NaN,NaN,NaN,NaN,NaN,NaN,NaN,TD,NW,b,b,NaN,NaN,NaN,NaN,NaN,NaN,
1985101418,11l.1985,ISABEL,TS,NN,33.7,284.0,25,1010,61,5,61,5,NaN,NaN,NaN,NaN,NaN,NaN,NaN,NaN,NaN,NaN,TD,NW,b,b,NaN,NaN,NaN,NaN,NaN,NaN,
1985101500,11l.1985,ISABEL,TS,NN,33.9,284.8,25,1010,71,6,71,6,NaN,NaN,NaN,NaN,NaN,NaN,NaN,NaN,NaN,NaN,TD,NW,b,b,NaN,NaN,NaN,NaN,NaN,NaN,
1985101506,11l.1985,ISABEL,TS,NN,34.7,286.0,25,1010,59,10,59,10,NaN,NaN,NaN,NaN,NaN,NaN,NaN,NaN,NaN,NaN,TD,NW,b,b,NaN,NaN,NaN,NaN,NaN,NaN,
1985101512,11l.1985,ISABEL,TS,NN,35.8,287.3,25,1010,47,14,47,14,NaN,NaN,NaN,NaN,NaN,NaN,NaN,NaN,NaN,NaN,TD,NW,b,b,NaN,NaN,NaN,NaN,NaN,NaN,
1985102600,l12.1985,9X-L12,TY,NN,24.5,269.5,30,1005,258,12,258,12,NaN,NaN,NaN,NaN,NaN,NaN,NaN,NaN,NaN,NaN,TD,NW,b,b,NaN,NaN,NaN,NaN,NaN,NaN,
1985102606,l12.1985,9X-L12,TY,NN,24.2,268.5,30,1002,258,12,258,12,NaN,NaN,NaN,NaN,NaN,NaN,NaN,NaN,NaN,NaN,TD,NW,b,b,NaN,NaN,NaN,NaN,NaN,NaN,
1985102612,12l.1985,JUAN,TY,NN,24.0,267.0,35,999,258,12,258,12,NaN,NaN,NaN,NaN,NaN,NaN,NaN,NaN,NaN,NaN,TS,WN,b,b,NaN,NaN,NaN,NaN,NaN,NaN,
1985102618,12l.1985,JUAN,TY,NN,24.4,267.2,40,996,280,6,280,6,NaN,NaN,NaN,NaN,NaN,NaN,NaN,NaN,NaN,NaN,TS,WN,b,b,NaN,NaN,NaN,NaN,NaN,NaN,
1985102700,12l.1985,JUAN,TY,NN,24.5,268.0,45,993,61,5,61,5,NaN,NaN,NaN,NaN,NaN,NaN,NaN,NaN,NaN,NaN,TS,WN,b,b,NaN,NaN,NaN,NaN,NaN,NaN,
1985102706,12l.1985,JUAN,TY,NN,25.2,267.8,50,990,34,5,34,5,NaN,NaN,NaN,NaN,NaN,NaN,NaN,NaN,NaN,NaN,TS,WN,b,b,NaN,NaN,NaN,NaN,NaN,NaN,
1985102712,12l.1985,JUAN,TY,NN,25.5,268.1,55,986,5,5,5,5,NaN,NaN,NaN,NaN,NaN,NaN,NaN,NaN,NaN,NaN,TS,WN,b,b,NaN,NaN,NaN,NaN,NaN,NaN,
1985102718,12l.1985,JUAN,TY,NN,26.3,268.7,60,984,36,7,36,7,NaN,NaN,NaN,NaN,NaN,NaN,NaN,NaN,NaN,NaN,TS,WN,b,b,NaN,NaN,NaN,NaN,NaN,NaN,
1985102800,12l.1985,JUAN,TY,NN,28.0,269.0,65,982,18,13,18,13,NaN,NaN,NaN,NaN,NaN,NaN,NaN,NaN,NaN,NaN,TY,WN,b,b,NaN,NaN,NaN,NaN,NaN,NaN,
1985102806,12l.1985,JUAN,TY,NN,28.6,268.6,70,975,358,12,358,12,NaN,NaN,NaN,NaN,NaN,NaN,NaN,NaN,NaN,NaN,TY,WN,b,b,NaN,NaN,NaN,NaN,NaN,NaN,
1985102812,12l.1985,JUAN,TY,NN,29.3,267.8,75,972,321,8,321,8,NaN,NaN,NaN,NaN,NaN,NaN,NaN,NaN,NaN,NaN,TY,WN,b,b,NaN,NaN,0.32,NaN,NaN,NaN,
1985102818,12l.1985,JUAN,TY,NN,29.3,267.0,75,971,297,8,297,8,NaN,NaN,NaN,NaN,NaN,NaN,NaN,NaN,NaN,NaN,TY,WN,b,b,NaN,NaN,0.24,NaN,NaN,NaN,
1985102900,12l.1985,JUAN,TY,NN,28.9,267.5,75,973,213,2,213,2,NaN,NaN,NaN,NaN,NaN,NaN,NaN,NaN,NaN,NaN,TY,WN,b,b,NaN,NaN,NaN,NaN,NaN,NaN,
1985102906,12l.1985,JUAN,TY,NN,28.9,268.2,70,975,111,6,111,6,NaN,NaN,NaN,NaN,NaN,NaN,NaN,NaN,NaN,NaN,TY,WN,b,b,NaN,NaN,NaN,NaN,NaN,NaN,
1985102912,12l.1985,JUAN,TY,NN,29.6,268.8,65,974,58,7,58,7,NaN,NaN,NaN,NaN,NaN,NaN,NaN,NaN,NaN,NaN,TY,WN,b,b,NaN,NaN,0.53,NaN,NaN,NaN,
1985102918,12l.1985,JUAN,TY,NN,30.2,268.4,60,978,8,7,8,7,NaN,NaN,NaN,NaN,NaN,NaN,NaN,NaN,NaN,NaN,TS,WN,b,b,NaN,NaN,0.77,NaN,NaN,NaN,
1985103000,12l.1985,JUAN,TY,NN,30.5,267.8,60,980,316,6,316,6,NaN,NaN,NaN,NaN,NaN,NaN,NaN,NaN,NaN,NaN,TS,WN,b,b,NaN,NaN,0.94,NaN,NaN,NaN,
1985103006,12l.1985,JUAN,TY,NN,30.0,267.3,55,982,258,5,258,5,NaN,NaN,NaN,NaN,NaN,NaN,NaN,NaN,NaN,NaN,TS,WN,b,b,NaN,NaN,0.81,NaN,NaN,NaN,
1985103012,12l.1985,JUAN,TY,NN,29.5,268.0,55,982,170,5,170,5,NaN,NaN,NaN,NaN,NaN,NaN,NaN,NaN,NaN,NaN,TS,WN,b,b,NaN,NaN,0.32,NaN,NaN,NaN,
1985103018,12l.1985,JUAN,TY,NN,29.4,268.0,55,982,135,4,135,4,NaN,NaN,NaN,NaN,NaN,NaN,NaN,NaN,NaN,NaN,TS,WN,b,b,NaN,NaN,0.32,NaN,NaN,NaN,
1985103100,12l.1985,JUAN,TY,NN,29.3,269.0,55,982,103,4,103,4,NaN,NaN,NaN,NaN,NaN,NaN,NaN,NaN,NaN,NaN,TS,WN,b,b,NaN,NaN,0.53,NaN,NaN,NaN,
1985103106,12l.1985,JUAN,TY,NN,28.9,269.8,55,980,108,8,108,8,NaN,NaN,NaN,NaN,NaN,NaN,NaN,NaN,NaN,NaN,TS,WN,b,b,NaN,NaN,0.15,NaN,NaN,NaN,
1985103112,12l.1985,JUAN,TY,NN,29.3,271.0,60,978,90,9,90,9,NaN,NaN,NaN,NaN,NaN,NaN,NaN,NaN,NaN,NaN,TS,WN,b,b,NaN,NaN,0.13,NaN,NaN,NaN,
1985103118,12l.1985,JUAN,TY,NN,30.3,272.2,55,982,56,13,56,13,NaN,NaN,NaN,NaN,NaN,NaN,NaN,NaN,NaN,NaN,TS,WN,b,b,NaN,NaN,0.58,NaN,NaN,NaN,
1985110100,12l.1985,JUAN,TY,NN,31.8,273.3,40,984,38,16,38,16,NaN,NaN,NaN,NaN,NaN,NaN,NaN,NaN,NaN,NaN,TS,NW,b,b,NaN,NaN,1.00,NaN,NaN,NaN,
1985110106,12l.1985,JUAN,TY,NN,33.5,273.5,35,986,19,17,19,17,NaN,NaN,NaN,NaN,NaN,NaN,NaN,NaN,NaN,NaN,TS,NW,b,b,NaN,NaN,0.98,NaN,NaN,NaN,
1985110112,12l.1985,JUAN,TY,NN,35.2,273.4,30,989,1,17,1,17,NaN,NaN,NaN,NaN,NaN,NaN,NaN,NaN,NaN,NaN,TD,NW,b,b,NaN,NaN,0.97,NaN,NaN,NaN,
1985110118,12l.1985,JUAN,TY,NN,36.8,272.9,25,992,352,17,352,17,NaN,NaN,NaN,NaN,NaN,NaN,NaN,NaN,NaN,NaN,TD,NW,b,b,NaN,NaN,1.00,NaN,NaN,NaN,
1985111518,13l.1985,KATE,TY,NN,21.5,296.0,35,999,317,1,317,1,NaN,NaN,NaN,NaN,NaN,NaN,NaN,NaN,NaN,NaN,TS,WN,b,b,NaN,NaN,NaN,NaN,NaN,NaN,
1985111600,13l.1985,KATE,TY,NN,21.5,296.0,45,998,317,1,317,1,NaN,NaN,NaN,NaN,NaN,NaN,NaN,NaN,NaN,NaN,TS,WN,b,b,NaN,NaN,NaN,NaN,NaN,NaN,
1985111606,13l.1985,KATE,TY,NN,21.7,295.8,50,996,317,1,317,1,NaN,NaN,NaN,NaN,NaN,NaN,NaN,NaN,NaN,NaN,TS,WN,b,b,NaN,NaN,NaN,NaN,NaN,NaN,
1985111612,13l.1985,KATE,TY,NN,21.0,295.5,55,993,223,3,223,3,NaN,NaN,NaN,NaN,NaN,NaN,NaN,NaN,NaN,NaN,TS,WN,b,b,NaN,NaN,NaN,NaN,NaN,NaN,
1985111618,13l.1985,KATE,TY,NN,21.1,294.7,70,987,240,6,240,6,NaN,NaN,NaN,NaN,NaN,NaN,NaN,NaN,NaN,NaN,TY,WN,b,b,NaN,NaN,NaN,NaN,NaN,NaN,
1985111700,13l.1985,KATE,TY,NN,20.7,294.0,75,981,258,7,258,7,NaN,NaN,NaN,NaN,NaN,NaN,NaN,NaN,NaN,NaN,TY,WN,b,b,NaN,NaN,NaN,NaN,NaN,NaN,
1985111706,13l.1985,KATE,TY,NN,20.4,293.4,75,984,240,7,240,7,NaN,NaN,NaN,NaN,NaN,NaN,NaN,NaN,NaN,NaN,TY,WN,b,b,NaN,NaN,NaN,NaN,NaN,NaN,
1985111712,13l.1985,KATE,TY,NN,20.5,292.7,75,982,261,6,261,6,NaN,NaN,NaN,NaN,NaN,NaN,NaN,NaN,NaN,NaN,TY,WN,b,b,NaN,NaN,NaN,NaN,NaN,NaN,
1985111718,13l.1985,KATE,TY,NN,21.1,291.4,80,977,291,10,291,10,NaN,NaN,NaN,NaN,NaN,NaN,NaN,NaN,NaN,NaN,TY,WN,b,b,NaN,NaN,NaN,NaN,NaN,NaN,
1985111800,13l.1985,KATE,TY,NN,21.4,290.1,80,976,290,13,290,13,NaN,NaN,NaN,NaN,NaN,NaN,NaN,NaN,NaN,NaN,TY,WN,b,b,NaN,NaN,NaN,NaN,NaN,NaN,
1985111806,13l.1985,KATE,TY,NN,21.6,288.0,80,975,279,16,279,16,NaN,NaN,NaN,NaN,NaN,NaN,NaN,NaN,NaN,NaN,TY,WN,b,b,NaN,NaN,0.06,NaN,NaN,NaN,
1985111812,13l.1985,KATE,TY,NN,21.7,286.9,80,975,276,15,276,15,NaN,NaN,NaN,NaN,NaN,NaN,NaN,NaN,NaN,NaN,TY,WN,b,b,NaN,NaN,0.09,NaN,NaN,NaN,
1985111818,13l.1985,KATE,TY,NN,21.8,285.0,85,972,274,14,274,14,NaN,NaN,NaN,NaN,NaN,NaN,NaN,NaN,NaN,NaN,TY,WN,b,b,NaN,NaN,NaN,NaN,NaN,NaN,
1985111900,13l.1985,KATE,TY,NN,22.1,283.1,95,967,276,18,276,18,NaN,NaN,NaN,NaN,NaN,NaN,NaN,NaN,NaN,NaN,TY,WN,b,b,NaN,NaN,0.08,NaN,NaN,NaN,
1985111906,13l.1985,KATE,TY,NN,22.2,281.4,95,968,277,17,277,17,NaN,NaN,NaN,NaN,NaN,NaN,NaN,NaN,NaN,NaN,TY,WN,b,b,NaN,NaN,0.76,NaN,NaN,NaN,
1985111912,13l.1985,KATE,TY,NN,22.5,279.7,90,971,277,16,277,16,NaN,NaN,NaN,NaN,NaN,NaN,NaN,NaN,NaN,NaN,TY,WN,b,b,NaN,NaN,0.93,NaN,NaN,NaN,
1985111918,13l.1985,KATE,TY,NN,23.2,278.2,80,976,289,16,289,16,NaN,NaN,NaN,NaN,NaN,NaN,NaN,NaN,NaN,NaN,TY,WN,b,b,NaN,NaN,0.46,NaN,NaN,NaN,
1985112000,13l.1985,KATE,TY,NN,23.9,276.8,85,972,298,15,298,15,NaN,NaN,NaN,NaN,NaN,NaN,NaN,NaN,NaN,NaN,TY,WN,b,b,NaN,NaN,NaN,NaN,NaN,NaN,
1985112006,13l.1985,KATE,TY,NN,24.6,275.5,95,968,300,14,300,14,NaN,NaN,NaN,NaN,NaN,NaN,NaN,NaN,NaN,NaN,TY,WN,b,b,NaN,NaN,NaN,NaN,NaN,NaN,
1985112012,13l.1985,KATE,TY,NN,25.2,274.7,105,956,304,12,304,12,NaN,NaN,NaN,NaN,NaN,NaN,NaN,NaN,NaN,NaN,TY,WN,b,b,NaN,NaN,NaN,NaN,NaN,NaN,
1985112018,13l.1985,KATE,TY,NN,25.8,274.0,105,955,311,9,311,9,NaN,NaN,NaN,NaN,NaN,NaN,NaN,NaN,NaN,NaN,TY,WN,b,b,NaN,NaN,NaN,NaN,NaN,NaN,
1985112100,13l.1985,KATE,TY,NN,26.9,273.5,105,954,328,10,328,10,NaN,NaN,NaN,NaN,NaN,NaN,NaN,NaN,NaN,NaN,TY,WN,b,b,NaN,NaN,NaN,NaN,NaN,NaN,
1985112106,13l.1985,KATE,TY,NN,27.6,273.4,100,961,343,9,343,9,NaN,NaN,NaN,NaN,NaN,NaN,NaN,NaN,NaN,NaN,TY,WN,b,b,NaN,NaN,NaN,NaN,NaN,NaN,
1985112112,13l.1985,KATE,TY,NN,28.3,273.3,95,965,353,7,353,7,NaN,NaN,NaN,NaN,NaN,NaN,NaN,NaN,NaN,NaN,TY,WN,b,b,NaN,NaN,NaN,NaN,NaN,NaN,
1985112118,13l.1985,KATE,TY,NN,29.0,273.8,85,967,14,7,14,7,NaN,NaN,NaN,NaN,NaN,NaN,NaN,NaN,NaN,NaN,TY,WN,b,b,NaN,NaN,NaN,NaN,NaN,NaN,
1985112200,13l.1985,KATE,TY,NN,30.3,274.8,80,975,33,12,33,12,NaN,NaN,NaN,NaN,NaN,NaN,NaN,NaN,NaN,NaN,TY,WN,b,b,NaN,NaN,0.90,NaN,NaN,NaN,
1985112206,13l.1985,KATE,TY,NN,31.5,276.0,65,983,37,16,37,16,NaN,NaN,NaN,NaN,NaN,NaN,NaN,NaN,NaN,NaN,TY,WN,b,b,NaN,NaN,0.99,NaN,NaN,NaN,
1985112212,13l.1985,KATE,TY,NN,32.4,278.4,50,990,56,19,56,19,NaN,NaN,NaN,NaN,NaN,NaN,NaN,NaN,NaN,NaN,TS,WN,b,b,NaN,NaN,0.98,NaN,NaN,NaN,
1985112218,13l.1985,KATE,TY,NN,33.5,280.5,45,996,62,21,62,21,NaN,NaN,NaN,NaN,NaN,NaN,NaN,NaN,NaN,NaN,TS,WN,b,b,NaN,NaN,0.86,NaN,NaN,NaN,
1985112300,13l.1985,KATE,TY,NN,34.7,283.8,40,1003,63,25,63,25,NaN,NaN,NaN,NaN,NaN,NaN,NaN,NaN,NaN,NaN,TS,WN,b,b,NaN,NaN,0.02,NaN,NaN,NaN,
1985112306,13l.1985,KATE,TY,NN,34.5,286.5,35,1005,79,25,79,25,NaN,NaN,NaN,NaN,NaN,NaN,NaN,NaN,NaN,NaN,TS,WN,b,b,NaN,NaN,NaN,NaN,NaN,NaN,
1985112312,13l.1985,KATE,TY,NN,34.5,288.8,35,1006,93,21,93,21,NaN,NaN,NaN,NaN,NaN,NaN,NaN,NaN,NaN,NaN,TS,WN,b,b,NaN,NaN,NaN,NaN,NaN,NaN,
1985112318,13l.1985,KATE,TY,NN,33.5,289.5,35,1006,112,13,112,13,NaN,NaN,NaN,NaN,NaN,NaN,NaN,NaN,NaN,NaN,TS,NW,b,b,NaN,NaN,NaN,NaN,NaN,NaN,
1985120712,14l.1985,UNNAMED,TD,NN,11.2,283.0,20,NaN,257,5,257,5,NaN,NaN,NaN,NaN,NaN,NaN,NaN,NaN,NaN,NaN,NT,NW,b,b,NaN,NaN,NaN,NaN,NaN,NaN,
1985120718,14l.1985,UNNAMED,TD,NN,11.1,282.5,20,NaN,257,5,257,5,NaN,NaN,NaN,NaN,NaN,NaN,NaN,NaN,NaN,NaN,NT,NW,b,b,NaN,NaN,NaN,NaN,NaN,NaN,
1985120800,14l.1985,UNNAMED,TD,NN,11.0,282.1,25,NaN,257,5,257,5,NaN,NaN,NaN,NaN,NaN,NaN,NaN,NaN,NaN,NaN,TD,NW,b,b,NaN,NaN,NaN,NaN,NaN,NaN,
1985120806,14l.1985,UNNAMED,TD,NN,10.9,281.7,25,NaN,256,4,256,4,NaN,NaN,NaN,NaN,NaN,NaN,NaN,NaN,NaN,NaN,TD,NW,b,b,NaN,NaN,NaN,NaN,NaN,NaN,
1985120812,14l.1985,UNNAMED,TD,NN,10.6,281.2,30,NaN,246,5,246,5,NaN,NaN,NaN,NaN,NaN,NaN,NaN,NaN,NaN,NaN,TD,NW,b,b,NaN,NaN,NaN,NaN,NaN,NaN,
1985120818,14l.1985,UNNAMED,TD,NN,10.3,280.6,30,NaN,241,6,241,6,NaN,NaN,NaN,NaN,NaN,NaN,NaN,NaN,NaN,NaN,TD,NW,b,b,NaN,NaN,NaN,NaN,NaN,NaN,
1985120900,14l.1985,UNNAMED,TD,NN,10.2,280.2,30,NaN,248,5,248,5,NaN,NaN,NaN,NaN,NaN,NaN,NaN,NaN,NaN,NaN,TD,NW,b,b,NaN,NaN,0.01,NaN,NaN,NaN,
1985120906,14l.1985,UNNAMED,TD,NN,10.0,279.8,25,NaN,249,4,249,4,NaN,NaN,NaN,NaN,NaN,NaN,NaN,NaN,NaN,NaN,TD,NW,b,b,NaN,NaN,0.01,NaN,NaN,NaN,
1985120912,14l.1985,UNNAMED,TD,NN,9.8,279.5,25,NaN,240,4,240,4,NaN,NaN,NaN,NaN,NaN,NaN,NaN,NaN,NaN,NaN,TD,NW,b,b,NaN,NaN,NaN,NaN,NaN,NaN,
1985120918,14l.1985,UNNAMED,TD,NN,9.5,279.0,20,NaN,238,5,238,5,NaN,NaN,NaN,NaN,NaN,NaN,NaN,NaN,NaN,NaN,NT,NW,b,b,NaN,NaN,NaN,NaN,NaN,NaN,
1985102318,c01.1985,9X-C01,TY,NN,9.7,200.5,30,NaN,309,9,309,9,NaN,NaN,NaN,NaN,NaN,NaN,NaN,NaN,NaN,NaN,TD,NW,b,b,NaN,NaN,NaN,NaN,NaN,NaN,
1985102400,01c.1985,NELE,TY,NN,10.2,199.8,40,NaN,309,9,309,9,NaN,NaN,NaN,NaN,NaN,NaN,NaN,NaN,NaN,NaN,TS,NW,b,b,NaN,NaN,NaN,NaN,NaN,NaN,
1985102406,01c.1985,NELE,TY,NN,10.8,199.1,40,NaN,309,9,309,9,NaN,NaN,NaN,NaN,NaN,NaN,NaN,NaN,NaN,NaN,TS,NW,b,b,NaN,NaN,NaN,NaN,NaN,NaN,
1985102412,01c.1985,NELE,TY,NN,11.3,198.4,50,NaN,309,9,309,9,NaN,NaN,NaN,NaN,NaN,NaN,NaN,NaN,NaN,NaN,TS,NW,b,b,NaN,NaN,NaN,NaN,NaN,NaN,
1985102418,01c.1985,NELE,TY,NN,11.9,197.7,50,NaN,309,9,309,9,NaN,NaN,NaN,NaN,NaN,NaN,NaN,NaN,NaN,NaN,TS,NW,b,b,NaN,NaN,NaN,NaN,NaN,NaN,
1985102500,01c.1985,NELE,TY,NN,12.5,197.0,60,NaN,311,9,311,9,NaN,NaN,NaN,NaN,NaN,NaN,NaN,NaN,NaN,NaN,TS,NW,b,b,NaN,NaN,NaN,NaN,NaN,NaN,
1985102506,01c.1985,NELE,TY,NN,12.9,196.6,60,NaN,313,7,313,7,NaN,NaN,NaN,NaN,NaN,NaN,NaN,NaN,NaN,NaN,TS,NW,b,b,NaN,NaN,NaN,NaN,NaN,NaN,
1985102512,01c.1985,NELE,TY,NN,13.3,196.4,65,NaN,324,5,324,5,NaN,NaN,NaN,NaN,NaN,NaN,NaN,NaN,NaN,NaN,TY,NW,b,b,NaN,NaN,NaN,NaN,NaN,NaN,
1985102518,01c.1985,NELE,TY,NN,13.8,196.1,75,NaN,332,5,332,5,NaN,NaN,NaN,NaN,NaN,NaN,NaN,NaN,NaN,NaN,TY,NW,b,b,NaN,NaN,NaN,NaN,NaN,NaN,
1985102600,01c.1985,NELE,TY,NN,14.2,195.8,80,NaN,327,5,327,5,NaN,NaN,NaN,NaN,NaN,NaN,NaN,NaN,NaN,NaN,TY,NW,b,b,NaN,NaN,NaN,NaN,NaN,NaN,
1985102606,01c.1985,NELE,TY,NN,14.9,195.8,80,NaN,345,6,345,6,NaN,NaN,NaN,NaN,NaN,NaN,NaN,NaN,NaN,NaN,TY,NW,b,b,NaN,NaN,NaN,NaN,NaN,NaN,
1985102612,01c.1985,NELE,TY,NN,15.8,195.8,80,NaN,360,8,360,8,NaN,NaN,NaN,NaN,NaN,NaN,NaN,NaN,NaN,NaN,TY,NW,b,b,NaN,NaN,NaN,NaN,NaN,NaN,
1985102618,01c.1985,NELE,TY,NN,16.6,195.7,75,NaN,357,9,357,9,NaN,NaN,NaN,NaN,NaN,NaN,NaN,NaN,NaN,NaN,TY,NW,b,b,NaN,NaN,NaN,NaN,NaN,NaN,
1985102700,01c.1985,NELE,TY,NN,17.5,195.7,75,NaN,357,9,357,9,NaN,NaN,NaN,NaN,NaN,NaN,NaN,NaN,NaN,NaN,TY,NW,b,b,NaN,NaN,NaN,NaN,NaN,NaN,
1985102706,01c.1985,NELE,TY,NN,18.3,195.5,75,NaN,354,9,354,9,NaN,NaN,NaN,NaN,NaN,NaN,NaN,NaN,NaN,NaN,TY,NW,b,b,NaN,NaN,NaN,NaN,NaN,NaN,
1985102712,01c.1985,NELE,TY,NN,19.1,195.0,70,NaN,337,9,337,9,NaN,NaN,NaN,NaN,NaN,NaN,NaN,NaN,NaN,NaN,TY,NW,b,b,NaN,NaN,NaN,NaN,NaN,NaN,
1985102718,01c.1985,NELE,TY,NN,19.9,194.4,70,NaN,327,10,327,10,NaN,NaN,NaN,NaN,NaN,NaN,NaN,NaN,NaN,NaN,TY,NW,b,b,NaN,NaN,NaN,NaN,NaN,NaN,
1985102800,01c.1985,NELE,TY,NN,20.7,193.7,70,NaN,323,10,323,10,NaN,NaN,NaN,NaN,NaN,NaN,NaN,NaN,NaN,NaN,TY,NW,b,b,NaN,NaN,NaN,NaN,NaN,NaN,
1985102806,01c.1985,NELE,TY,NN,21.5,193.2,70,NaN,325,10,325,10,NaN,NaN,NaN,NaN,NaN,NaN,NaN,NaN,NaN,NaN,TY,NW,b,b,NaN,NaN,NaN,NaN,NaN,NaN,
1985102812,01c.1985,NELE,TY,NN,22.5,192.7,70,NaN,333,10,333,10,NaN,NaN,NaN,NaN,NaN,NaN,NaN,NaN,NaN,NaN,TY,NW,b,b,NaN,NaN,NaN,NaN,NaN,NaN,
1985102818,01c.1985,NELE,TY,NN,23.4,192.3,70,NaN,336,10,336,10,NaN,NaN,NaN,NaN,NaN,NaN,NaN,NaN,NaN,NaN,TY,NW,b,b,NaN,NaN,NaN,NaN,NaN,NaN,
1985102900,01c.1985,NELE,TY,NN,24.2,191.7,70,NaN,332,10,332,10,NaN,NaN,NaN,NaN,NaN,NaN,NaN,NaN,NaN,NaN,TY,NW,b,b,NaN,NaN,NaN,NaN,NaN,NaN,
1985102906,01c.1985,NELE,TY,NN,25.3,191.1,70,NaN,330,11,330,11,NaN,NaN,NaN,NaN,NaN,NaN,NaN,NaN,NaN,NaN,TY,NW,b,b,NaN,NaN,NaN,NaN,NaN,NaN,
1985102912,01c.1985,NELE,TY,NN,26.7,190.7,70,NaN,340,13,340,13,NaN,NaN,NaN,NaN,NaN,NaN,NaN,NaN,NaN,NaN,TY,NW,b,b,NaN,NaN,NaN,NaN,NaN,NaN,
1985102918,01c.1985,NELE,TY,NN,28.4,190.4,70,NaN,349,16,349,16,NaN,NaN,NaN,NaN,NaN,NaN,NaN,NaN,NaN,NaN,TY,NW,b,b,NaN,NaN,NaN,NaN,NaN,NaN,
1985103000,01c.1985,NELE,TY,NN,30.0,190.3,70,NaN,354,17,354,17,NaN,NaN,NaN,NaN,NaN,NaN,NaN,NaN,NaN,NaN,TY,NW,b,b,NaN,NaN,NaN,NaN,NaN,NaN,
1985103006,01c.1985,NELE,TY,NN,31.8,190.2,60,NaN,357,17,357,17,NaN,NaN,NaN,NaN,NaN,NaN,NaN,NaN,NaN,NaN,TS,NW,b,b,NaN,NaN,NaN,NaN,NaN,NaN,
1985060518,01e.1985,ANDRES,TS,NN,15.7,259.4,35,NaN,282,12,282,12,NaN,NaN,NaN,NaN,NaN,NaN,NaN,NaN,NaN,NaN,TS,NW,b,b,NaN,NaN,NaN,NaN,NaN,NaN,
1985060600,01e.1985,ANDRES,TS,NN,16.0,258.3,40,NaN,282,12,282,12,NaN,NaN,NaN,NaN,NaN,NaN,NaN,NaN,NaN,NaN,TS,NW,b,b,NaN,NaN,NaN,NaN,NaN,NaN,
1985060606,01e.1985,ANDRES,TS,NN,16.2,257.0,40,NaN,282,12,282,12,NaN,NaN,NaN,NaN,NaN,NaN,NaN,NaN,NaN,NaN,TS,NW,b,b,NaN,NaN,NaN,NaN,NaN,NaN,
1985060612,01e.1985,ANDRES,TS,NN,16.4,255.9,40,NaN,280,12,280,12,NaN,NaN,NaN,NaN,NaN,NaN,NaN,NaN,NaN,NaN,TS,NW,b,b,NaN,NaN,NaN,NaN,NaN,NaN,
1985060618,01e.1985,ANDRES,TS,NN,16.7,254.7,50,NaN,283,11,283,11,NaN,NaN,NaN,NaN,NaN,NaN,NaN,NaN,NaN,NaN,TS,NW,b,b,NaN,NaN,NaN,NaN,NaN,NaN,
1985060700,01e.1985,ANDRES,TS,NN,16.9,253.5,50,NaN,282,12,282,12,NaN,NaN,NaN,NaN,NaN,NaN,NaN,NaN,NaN,NaN,TS,NW,b,b,NaN,NaN,NaN,NaN,NaN,NaN,
1985060706,01e.1985,ANDRES,TS,NN,17.2,252.0,55,NaN,281,13,281,13,NaN,NaN,NaN,NaN,NaN,NaN,NaN,NaN,NaN,NaN,TS,NW,b,b,NaN,NaN,NaN,NaN,NaN,NaN,
1985060712,01e.1985,ANDRES,TS,NN,17.0,250.2,60,NaN,272,16,272,16,NaN,NaN,NaN,NaN,NaN,NaN,NaN,NaN,NaN,NaN,TS,NW,b,b,NaN,NaN,NaN,NaN,NaN,NaN,
1985060718,01e.1985,ANDRES,TS,NN,16.6,249.1,45,NaN,258,14,258,14,NaN,NaN,NaN,NaN,NaN,NaN,NaN,NaN,NaN,NaN,TS,NW,b,b,NaN,NaN,NaN,NaN,NaN,NaN,
1985060800,01e.1985,ANDRES,TS,NN,16.0,248.2,40,NaN,242,11,242,11,NaN,NaN,NaN,NaN,NaN,NaN,NaN,NaN,NaN,NaN,TS,NW,b,b,NaN,NaN,NaN,NaN,NaN,NaN,
1985060806,01e.1985,ANDRES,TS,NN,15.2,247.6,30,NaN,226,10,226,10,NaN,NaN,NaN,NaN,NaN,NaN,NaN,NaN,NaN,NaN,TD,NW,b,b,NaN,NaN,NaN,NaN,NaN,NaN,
1985060812,01e.1985,ANDRES,TS,NN,14.5,247.2,25,NaN,213,9,213,9,NaN,NaN,NaN,NaN,NaN,NaN,NaN,NaN,NaN,NaN,TD,NW,b,b,NaN,NaN,NaN,NaN,NaN,NaN,
1985060818,01e.1985,ANDRES,TS,NN,14.1,246.7,30,NaN,218,7,218,7,NaN,NaN,NaN,NaN,NaN,NaN,NaN,NaN,NaN,NaN,TD,NW,b,b,NaN,NaN,NaN,NaN,NaN,NaN,
1985060900,01e.1985,ANDRES,TS,NN,13.9,246.1,30,NaN,241,6,241,6,NaN,NaN,NaN,NaN,NaN,NaN,NaN,NaN,NaN,NaN,TD,NW,b,b,NaN,NaN,NaN,NaN,NaN,NaN,
1985060906,01e.1985,ANDRES,TS,NN,13.9,245.5,30,NaN,260,6,260,6,NaN,NaN,NaN,NaN,NaN,NaN,NaN,NaN,NaN,NaN,TD,NW,b,b,NaN,NaN,NaN,NaN,NaN,NaN,
1985060912,01e.1985,ANDRES,TS,NN,14.0,244.8,30,NaN,275,6,275,6,NaN,NaN,NaN,NaN,NaN,NaN,NaN,NaN,NaN,NaN,TD,NW,b,b,NaN,NaN,NaN,NaN,NaN,NaN,
1985060918,01e.1985,ANDRES,TS,NN,14.5,244.0,30,NaN,292,8,292,8,NaN,NaN,NaN,NaN,NaN,NaN,NaN,NaN,NaN,NaN,TD,NW,b,b,NaN,NaN,NaN,NaN,NaN,NaN,
1985061000,01e.1985,ANDRES,TS,NN,15.2,243.0,25,NaN,305,11,305,11,NaN,NaN,NaN,NaN,NaN,NaN,NaN,NaN,NaN,NaN,TD,NW,b,b,NaN,NaN,NaN,NaN,NaN,NaN,
1985061006,01e.1985,ANDRES,TS,NN,15.5,241.7,25,NaN,294,12,294,12,NaN,NaN,NaN,NaN,NaN,NaN,NaN,NaN,NaN,NaN,TD,NW,b,b,NaN,NaN,NaN,NaN,NaN,NaN,
1985061012,01e.1985,ANDRES,TS,NN,15.4,240.4,25,NaN,275,13,275,13,NaN,NaN,NaN,NaN,NaN,NaN,NaN,NaN,NaN,NaN,TD,NW,b,b,NaN,NaN,NaN,NaN,NaN,NaN,
1985061018,01e.1985,ANDRES,TS,NN,15.3,239.1,30,NaN,265,13,265,13,NaN,NaN,NaN,NaN,NaN,NaN,NaN,NaN,NaN,NaN,TD,NW,b,b,NaN,NaN,NaN,NaN,NaN,NaN,
1985061100,01e.1985,ANDRES,TS,NN,15.3,237.9,30,NaN,268,12,268,12,NaN,NaN,NaN,NaN,NaN,NaN,NaN,NaN,NaN,NaN,TD,NW,b,b,NaN,NaN,NaN,NaN,NaN,NaN,
1985061106,01e.1985,ANDRES,TS,NN,15.4,236.7,25,NaN,272,12,272,12,NaN,NaN,NaN,NaN,NaN,NaN,NaN,NaN,NaN,NaN,TD,NW,b,b,NaN,NaN,NaN,NaN,NaN,NaN,
1985061112,01e.1985,ANDRES,TS,NN,15.5,235.7,25,NaN,275,11,275,11,NaN,NaN,NaN,NaN,NaN,NaN,NaN,NaN,NaN,NaN,TD,NW,b,b,NaN,NaN,NaN,NaN,NaN,NaN,
1985061118,01e.1985,ANDRES,TS,NN,15.6,234.6,25,NaN,276,10,276,10,NaN,NaN,NaN,NaN,NaN,NaN,NaN,NaN,NaN,NaN,TD,NW,b,b,NaN,NaN,NaN,NaN,NaN,NaN,
1985061200,01e.1985,ANDRES,TS,NN,15.7,233.5,25,NaN,275,11,275,11,NaN,NaN,NaN,NaN,NaN,NaN,NaN,NaN,NaN,NaN,TD,NW,b,b,NaN,NaN,NaN,NaN,NaN,NaN,
1985061206,01e.1985,ANDRES,TS,NN,15.8,232.3,25,NaN,275,11,275,11,NaN,NaN,NaN,NaN,NaN,NaN,NaN,NaN,NaN,NaN,TD,NW,b,b,NaN,NaN,NaN,NaN,NaN,NaN,
1985060618,e02.1985,9X-E02,TY,NN,10.2,267.2,30,NaN,287,7,287,7,NaN,NaN,NaN,NaN,NaN,NaN,NaN,NaN,NaN,NaN,TD,NW,b,b,NaN,NaN,NaN,NaN,NaN,NaN,
1985060700,e02.1985,9X-E02,TY,NN,10.3,266.5,30,NaN,287,7,287,7,NaN,NaN,NaN,NaN,NaN,NaN,NaN,NaN,NaN,NaN,TD,NW,b,b,NaN,NaN,NaN,NaN,NaN,NaN,
1985060706,02e.1985,BLANCA,TY,NN,10.6,265.9,35,NaN,287,7,287,7,NaN,NaN,NaN,NaN,NaN,NaN,NaN,NaN,NaN,NaN,TS,NW,b,b,NaN,NaN,NaN,NaN,NaN,NaN,
1985060712,02e.1985,BLANCA,TY,NN,10.8,265.2,35,NaN,291,7,291,7,NaN,NaN,NaN,NaN,NaN,NaN,NaN,NaN,NaN,NaN,TS,NW,b,b,NaN,NaN,NaN,NaN,NaN,NaN,
1985060718,02e.1985,BLANCA,TY,NN,11.2,264.3,45,NaN,291,8,291,8,NaN,NaN,NaN,NaN,NaN,NaN,NaN,NaN,NaN,NaN,TS,NW,b,b,NaN,NaN,NaN,NaN,NaN,NaN,
1985060800,02e.1985,BLANCA,TY,NN,11.6,263.4,65,NaN,294,10,294,10,NaN,NaN,NaN,NaN,NaN,NaN,NaN,NaN,NaN,NaN,TY,NW,b,b,NaN,NaN,NaN,NaN,NaN,NaN,
1985060806,02e.1985,BLANCA,TY,NN,12.0,262.4,65,NaN,293,10,293,10,NaN,NaN,NaN,NaN,NaN,NaN,NaN,NaN,NaN,NaN,TY,NW,b,b,NaN,NaN,NaN,NaN,NaN,NaN,
1985060812,02e.1985,BLANCA,TY,NN,12.3,261.4,65,NaN,290,10,290,10,NaN,NaN,NaN,NaN,NaN,NaN,NaN,NaN,NaN,NaN,TY,NW,b,b,NaN,NaN,NaN,NaN,NaN,NaN,
1985060818,02e.1985,BLANCA,TY,NN,12.7,260.4,65,NaN,290,10,290,10,NaN,NaN,NaN,NaN,NaN,NaN,NaN,NaN,NaN,NaN,TY,NW,b,b,NaN,NaN,NaN,NaN,NaN,NaN,
1985060900,02e.1985,BLANCA,TY,NN,12.9,259.5,65,NaN,288,10,288,10,NaN,NaN,NaN,NaN,NaN,NaN,NaN,NaN,NaN,NaN,TY,NW,b,b,NaN,NaN,NaN,NaN,NaN,NaN,
1985060906,02e.1985,BLANCA,TY,NN,13.1,258.8,70,NaN,284,8,284,8,NaN,NaN,NaN,NaN,NaN,NaN,NaN,NaN,NaN,NaN,TY,NW,b,b,NaN,NaN,NaN,NaN,NaN,NaN,
1985060912,02e.1985,BLANCA,TY,NN,13.3,258.2,75,NaN,288,7,288,7,NaN,NaN,NaN,NaN,NaN,NaN,NaN,NaN,NaN,NaN,TY,NW,b,b,NaN,NaN,NaN,NaN,NaN,NaN,
1985060918,02e.1985,BLANCA,TY,NN,13.4,257.6,80,NaN,284,6,284,6,NaN,NaN,NaN,NaN,NaN,NaN,NaN,NaN,NaN,NaN,TY,NW,b,b,NaN,NaN,NaN,NaN,NaN,NaN,
1985061000,02e.1985,BLANCA,TY,NN,13.7,257.0,85,NaN,289,6,289,6,NaN,NaN,NaN,NaN,NaN,NaN,NaN,NaN,NaN,NaN,TY,NW,b,b,NaN,NaN,NaN,NaN,NaN,NaN,
1985061006,02e.1985,BLANCA,TY,NN,13.9,256.3,75,NaN,292,7,292,7,NaN,NaN,NaN,NaN,NaN,NaN,NaN,NaN,NaN,NaN,TY,NW,b,b,NaN,NaN,NaN,NaN,NaN,NaN,
1985061012,02e.1985,BLANCA,TY,NN,14.3,255.5,85,NaN,292,8,292,8,NaN,NaN,NaN,NaN,NaN,NaN,NaN,NaN,NaN,NaN,TY,NW,b,b,NaN,NaN,NaN,NaN,NaN,NaN,
1985061018,02e.1985,BLANCA,TY,NN,14.6,254.7,85,NaN,294,9,294,9,NaN,NaN,NaN,NaN,NaN,NaN,NaN,NaN,NaN,NaN,TY,NW,b,b,NaN,NaN,NaN,NaN,NaN,NaN,
1985061100,02e.1985,BLANCA,TY,NN,15.0,254.0,85,NaN,296,8,296,8,NaN,NaN,NaN,NaN,NaN,NaN,NaN,NaN,NaN,NaN,TY,NW,b,b,NaN,NaN,NaN,NaN,NaN,NaN,
1985061106,02e.1985,BLANCA,TY,NN,15.3,253.3,85,NaN,297,8,297,8,NaN,NaN,NaN,NaN,NaN,NaN,NaN,NaN,NaN,NaN,TY,NW,b,b,NaN,NaN,NaN,NaN,NaN,NaN,
1985061112,02e.1985,BLANCA,TY,NN,15.4,252.5,85,NaN,285,8,285,8,NaN,NaN,NaN,NaN,NaN,NaN,NaN,NaN,NaN,NaN,TY,NW,b,b,NaN,NaN,NaN,NaN,NaN,NaN,
1985061118,02e.1985,BLANCA,TY,NN,15.5,251.8,90,NaN,278,7,278,7,NaN,NaN,NaN,NaN,NaN,NaN,NaN,NaN,NaN,NaN,TY,NW,b,b,NaN,NaN,NaN,NaN,NaN,NaN,
1985061200,02e.1985,BLANCA,TY,NN,15.3,251.3,90,NaN,265,6,265,6,NaN,NaN,NaN,NaN,NaN,NaN,NaN,NaN,NaN,NaN,TY,NW,b,b,NaN,NaN,NaN,NaN,NaN,NaN,
1985061206,02e.1985,BLANCA,TY,NN,15.4,250.7,90,NaN,265,5,265,5,NaN,NaN,NaN,NaN,NaN,NaN,NaN,NaN,NaN,NaN,TY,NW,b,b,NaN,NaN,NaN,NaN,NaN,NaN,
1985061212,02e.1985,BLANCA,TY,NN,15.6,250.1,90,NaN,285,6,285,6,NaN,NaN,NaN,NaN,NaN,NaN,NaN,NaN,NaN,NaN,TY,NW,b,b,NaN,NaN,NaN,NaN,NaN,NaN,
1985061218,02e.1985,BLANCA,TY,NN,15.7,249.4,90,NaN,283,6,283,6,NaN,NaN,NaN,NaN,NaN,NaN,NaN,NaN,NaN,NaN,TY,NW,b,b,NaN,NaN,NaN,NaN,NaN,NaN,
1985061300,02e.1985,BLANCA,TY,NN,15.9,248.7,90,NaN,283,7,283,7,NaN,NaN,NaN,NaN,NaN,NaN,NaN,NaN,NaN,NaN,TY,NW,b,b,NaN,NaN,NaN,NaN,NaN,NaN,
1985061306,02e.1985,BLANCA,TY,NN,16.0,247.9,100,NaN,282,7,282,7,NaN,NaN,NaN,NaN,NaN,NaN,NaN,NaN,NaN,NaN,TY,NW,b,b,NaN,NaN,NaN,NaN,NaN,NaN,
1985061312,02e.1985,BLANCA,TY,NN,16.2,247.2,100,NaN,282,7,282,7,NaN,NaN,NaN,NaN,NaN,NaN,NaN,NaN,NaN,NaN,TY,NW,b,b,NaN,NaN,NaN,NaN,NaN,NaN,
1985061318,02e.1985,BLANCA,TY,NN,16.3,246.3,100,NaN,281,8,281,8,NaN,NaN,NaN,NaN,NaN,NaN,NaN,NaN,NaN,NaN,TY,NW,b,b,NaN,NaN,NaN,NaN,NaN,NaN,
1985061400,02e.1985,BLANCA,TY,NN,16.5,245.4,105,NaN,280,9,280,9,NaN,NaN,NaN,NaN,NaN,NaN,NaN,NaN,NaN,NaN,TY,NW,b,b,NaN,NaN,NaN,NaN,NaN,NaN,
1985061406,02e.1985,BLANCA,TY,NN,16.6,244.5,100,NaN,280,9,280,9,NaN,NaN,NaN,NaN,NaN,NaN,NaN,NaN,NaN,NaN,TY,NW,b,b,NaN,NaN,NaN,NaN,NaN,NaN,
1985061412,02e.1985,BLANCA,TY,NN,16.7,243.6,90,NaN,277,9,277,9,NaN,NaN,NaN,NaN,NaN,NaN,NaN,NaN,NaN,NaN,TY,NW,b,b,NaN,NaN,NaN,NaN,NaN,NaN,
1985061418,02e.1985,BLANCA,TY,NN,16.8,242.6,85,NaN,276,9,276,9,NaN,NaN,NaN,NaN,NaN,NaN,NaN,NaN,NaN,NaN,TY,NW,b,b,NaN,NaN,NaN,NaN,NaN,NaN,
1985061500,02e.1985,BLANCA,TY,NN,16.9,241.5,80,NaN,276,10,276,10,NaN,NaN,NaN,NaN,NaN,NaN,NaN,NaN,NaN,NaN,TY,NW,b,b,NaN,NaN,NaN,NaN,NaN,NaN,
1985061506,02e.1985,BLANCA,TY,NN,17.0,240.5,75,NaN,276,10,276,10,NaN,NaN,NaN,NaN,NaN,NaN,NaN,NaN,NaN,NaN,TY,NW,b,b,NaN,NaN,NaN,NaN,NaN,NaN,
1985061512,02e.1985,BLANCA,TY,NN,17.1,239.6,65,NaN,276,9,276,9,NaN,NaN,NaN,NaN,NaN,NaN,NaN,NaN,NaN,NaN,TY,NW,b,b,NaN,NaN,NaN,NaN,NaN,NaN,
1985061518,02e.1985,BLANCA,TY,NN,17.1,238.6,60,NaN,273,9,273,9,NaN,NaN,NaN,NaN,NaN,NaN,NaN,NaN,NaN,NaN,TS,NW,b,b,NaN,NaN,NaN,NaN,NaN,NaN,
1985061600,02e.1985,BLANCA,TY,NN,17.1,237.9,60,NaN,270,8,270,8,NaN,NaN,NaN,NaN,NaN,NaN,NaN,NaN,NaN,NaN,TS,NW,b,b,NaN,NaN,NaN,NaN,NaN,NaN,
1985061606,02e.1985,BLANCA,TY,NN,17.2,237.3,50,NaN,275,6,275,6,NaN,NaN,NaN,NaN,NaN,NaN,NaN,NaN,NaN,NaN,TS,NW,b,b,NaN,NaN,NaN,NaN,NaN,NaN,
1985061612,02e.1985,BLANCA,TY,NN,17.2,236.7,30,NaN,275,6,275,6,NaN,NaN,NaN,NaN,NaN,NaN,NaN,NaN,NaN,NaN,TD,NW,b,b,NaN,NaN,NaN,NaN,NaN,NaN,
1985061618,02e.1985,BLANCA,TY,NN,17.2,236.2,25,NaN,270,5,270,5,NaN,NaN,NaN,NaN,NaN,NaN,NaN,NaN,NaN,NaN,TD,NW,b,b,NaN,NaN,NaN,NaN,NaN,NaN,
1985060718,e03.1985,9X-E03,TS,NN,8.7,241.0,30,NaN,270,4,270,4,NaN,NaN,NaN,NaN,NaN,NaN,NaN,NaN,NaN,NaN,TD,NW,b,b,NaN,NaN,NaN,NaN,NaN,NaN,
1985060800,e03.1985,9X-E03,TS,NN,8.7,240.5,30,NaN,270,4,270,4,NaN,NaN,NaN,NaN,NaN,NaN,NaN,NaN,NaN,NaN,TD,NW,b,b,NaN,NaN,NaN,NaN,NaN,NaN,
1985060806,e03.1985,9X-E03,TS,NN,8.7,240.1,30,NaN,270,4,270,4,NaN,NaN,NaN,NaN,NaN,NaN,NaN,NaN,NaN,NaN,TD,NW,b,b,NaN,NaN,NaN,NaN,NaN,NaN,
1985060812,e03.1985,9X-E03,TS,NN,8.7,239.7,30,NaN,270,4,270,4,NaN,NaN,NaN,NaN,NaN,NaN,NaN,NaN,NaN,NaN,TD,NW,b,b,NaN,NaN,NaN,NaN,NaN,NaN,
1985060818,e03.1985,9X-E03,TS,NN,8.6,239.3,30,NaN,263,4,263,4,NaN,NaN,NaN,NaN,NaN,NaN,NaN,NaN,NaN,NaN,TD,NW,b,b,NaN,NaN,NaN,NaN,NaN,NaN,
1985060900,e03.1985,9X-E03,TS,NN,8.5,239.1,30,NaN,251,3,251,3,NaN,NaN,NaN,NaN,NaN,NaN,NaN,NaN,NaN,NaN,TD,NW,b,b,NaN,NaN,NaN,NaN,NaN,NaN,
1985060906,e03.1985,9X-E03,TS,NN,8.4,239.0,30,NaN,236,2,236,2,NaN,NaN,NaN,NaN,NaN,NaN,NaN,NaN,NaN,NaN,TD,NW,b,b,NaN,NaN,NaN,NaN,NaN,NaN,
1985060912,e03.1985,9X-E03,TS,NN,8.3,239.2,30,NaN,154,1,154,1,NaN,NaN,NaN,NaN,NaN,NaN,NaN,NaN,NaN,NaN,TD,NW,b,b,NaN,NaN,NaN,NaN,NaN,NaN,
1985060918,e03.1985,9X-E03,TS,NN,8.4,239.4,30,NaN,90,2,90,2,NaN,NaN,NaN,NaN,NaN,NaN,NaN,NaN,NaN,NaN,TD,NW,b,b,NaN,NaN,NaN,NaN,NaN,NaN,
1985061000,03e.1985,CARLOS,TS,NN,8.8,239.5,35,NaN,31,3,31,3,NaN,NaN,NaN,NaN,NaN,NaN,NaN,NaN,NaN,NaN,TS,NW,b,b,NaN,NaN,NaN,NaN,NaN,NaN,
1985061006,03e.1985,CARLOS,TS,NN,9.3,239.5,30,NaN,6,5,6,5,NaN,NaN,NaN,NaN,NaN,NaN,NaN,NaN,NaN,NaN,TD,NW,b,b,NaN,NaN,NaN,NaN,NaN,NaN,
1985061012,03e.1985,CARLOS,TS,NN,9.8,239.6,30,NaN,6,5,6,5,NaN,NaN,NaN,NaN,NaN,NaN,NaN,NaN,NaN,NaN,TD,NW,b,b,NaN,NaN,NaN,NaN,NaN,NaN,
1985061018,03e.1985,CARLOS,TS,NN,11.0,240.0,25,NaN,16,9,16,9,NaN,NaN,NaN,NaN,NaN,NaN,NaN,NaN,NaN,NaN,TD,NW,b,b,NaN,NaN,NaN,NaN,NaN,NaN,
1985062606,e04.1985,9X-E04,TY,NN,9.6,257.5,25,NaN,276,9,276,9,NaN,NaN,NaN,NaN,NaN,NaN,NaN,NaN,NaN,NaN,TD,NW,b,b,NaN,NaN,NaN,NaN,NaN,NaN,
1985062612,e04.1985,9X-E04,TY,NN,9.7,256.5,30,NaN,276,9,276,9,NaN,NaN,NaN,NaN,NaN,NaN,NaN,NaN,NaN,NaN,TD,NW,b,b,NaN,NaN,NaN,NaN,NaN,NaN,
1985062618,e04.1985,9X-E04,TY,NN,9.8,255.7,30,NaN,276,9,276,9,NaN,NaN,NaN,NaN,NaN,NaN,NaN,NaN,NaN,NaN,TD,NW,b,b,NaN,NaN,NaN,NaN,NaN,NaN,
1985062700,e04.1985,9X-E04,TY,NN,9.9,254.9,30,NaN,277,8,277,8,NaN,NaN,NaN,NaN,NaN,NaN,NaN,NaN,NaN,NaN,TD,NW,b,b,NaN,NaN,NaN,NaN,NaN,NaN,
1985062706,e04.1985,9X-E04,TY,NN,10.1,254.1,30,NaN,281,8,281,8,NaN,NaN,NaN,NaN,NaN,NaN,NaN,NaN,NaN,NaN,TD,NW,b,b,NaN,NaN,NaN,NaN,NaN,NaN,
1985062712,e04.1985,9X-E04,TY,NN,10.3,253.3,30,NaN,284,8,284,8,NaN,NaN,NaN,NaN,NaN,NaN,NaN,NaN,NaN,NaN,TD,NW,b,b,NaN,NaN,NaN,NaN,NaN,NaN,
1985062718,04e.1985,DOLORES,TY,NN,10.5,252.5,35,NaN,284,8,284,8,NaN,NaN,NaN,NaN,NaN,NaN,NaN,NaN,NaN,NaN,TS,NW,b,b,NaN,NaN,NaN,NaN,NaN,NaN,
1985062800,04e.1985,DOLORES,TY,NN,10.9,251.6,40,NaN,290,9,290,9,NaN,NaN,NaN,NaN,NaN,NaN,NaN,NaN,NaN,NaN,TS,NW,b,b,NaN,NaN,NaN,NaN,NaN,NaN,
1985062806,04e.1985,DOLORES,TY,NN,11.5,250.6,45,NaN,298,11,298,11,NaN,NaN,NaN,NaN,NaN,NaN,NaN,NaN,NaN,NaN,TS,NW,b,b,NaN,NaN,NaN,NaN,NaN,NaN,
1985062812,04e.1985,DOLORES,TY,NN,12.3,249.5,50,NaN,304,12,304,12,NaN,NaN,NaN,NaN,NaN,NaN,NaN,NaN,NaN,NaN,TS,NW,b,b,NaN,NaN,NaN,NaN,NaN,NaN,
1985062818,04e.1985,DOLORES,TY,NN,13.0,248.3,65,NaN,304,14,304,14,NaN,NaN,NaN,NaN,NaN,NaN,NaN,NaN,NaN,NaN,TY,NW,b,b,NaN,NaN,NaN,NaN,NaN,NaN,
1985062900,04e.1985,DOLORES,TY,NN,13.6,247.2,65,NaN,300,13,300,13,NaN,NaN,NaN,NaN,NaN,NaN,NaN,NaN,NaN,NaN,TY,NW,b,b,NaN,NaN,NaN,NaN,NaN,NaN,
1985062906,04e.1985,DOLORES,TY,NN,14.3,246.0,75,NaN,300,13,300,13,NaN,NaN,NaN,NaN,NaN,NaN,NaN,NaN,NaN,NaN,TY,NW,b,b,NaN,NaN,NaN,NaN,NaN,NaN,
1985062912,04e.1985,DOLORES,TY,NN,14.7,244.8,75,NaN,295,13,295,13,NaN,NaN,NaN,NaN,NaN,NaN,NaN,NaN,NaN,NaN,TY,NW,b,b,NaN,NaN,NaN,NaN,NaN,NaN,
1985062918,04e.1985,DOLORES,TY,NN,15.1,243.6,90,NaN,289,12,289,12,NaN,NaN,NaN,NaN,NaN,NaN,NaN,NaN,NaN,NaN,TY,NW,b,b,NaN,NaN,NaN,NaN,NaN,NaN,
1985063000,04e.1985,DOLORES,TY,NN,15.5,242.6,90,NaN,291,11,291,11,NaN,NaN,NaN,NaN,NaN,NaN,NaN,NaN,NaN,NaN,TY,NW,b,b,NaN,NaN,NaN,NaN,NaN,NaN,
1985063006,04e.1985,DOLORES,TY,NN,15.7,241.5,90,NaN,287,11,287,11,NaN,NaN,NaN,NaN,NaN,NaN,NaN,NaN,NaN,NaN,TY,NW,b,b,NaN,NaN,NaN,NaN,NaN,NaN,
1985063012,04e.1985,DOLORES,TY,NN,16.0,240.4,90,NaN,283,11,283,11,NaN,NaN,NaN,NaN,NaN,NaN,NaN,NaN,NaN,NaN,TY,NW,b,b,NaN,NaN,NaN,NaN,NaN,NaN,
1985063018,04e.1985,DOLORES,TY,NN,16.4,239.3,90,NaN,288,11,288,11,NaN,NaN,NaN,NaN,NaN,NaN,NaN,NaN,NaN,NaN,TY,NW,b,b,NaN,NaN,NaN,NaN,NaN,NaN,
1985070100,04e.1985,DOLORES,TY,NN,16.8,238.2,90,NaN,291,11,291,11,NaN,NaN,NaN,NaN,NaN,NaN,NaN,NaN,NaN,NaN,TY,NW,b,b,NaN,NaN,NaN,NaN,NaN,NaN,
1985070106,04e.1985,DOLORES,TY,NN,17.5,237.2,100,NaN,299,11,299,11,NaN,NaN,NaN,NaN,NaN,NaN,NaN,NaN,NaN,NaN,TY,NW,b,b,NaN,NaN,NaN,NaN,NaN,NaN,
1985070112,04e.1985,DOLORES,TY,NN,18.1,235.9,100,NaN,301,13,301,13,NaN,NaN,NaN,NaN,NaN,NaN,NaN,NaN,NaN,NaN,TY,NW,b,b,NaN,NaN,NaN,NaN,NaN,NaN,
1985070118,04e.1985,DOLORES,TY,NN,18.9,234.7,90,NaN,301,14,301,14,NaN,NaN,NaN,NaN,NaN,NaN,NaN,NaN,NaN,NaN,TY,NW,b,b,NaN,NaN,NaN,NaN,NaN,NaN,
1985070200,04e.1985,DOLORES,TY,NN,19.9,233.5,80,NaN,308,14,308,14,NaN,NaN,NaN,NaN,NaN,NaN,NaN,NaN,NaN,NaN,TY,NW,b,b,NaN,NaN,NaN,NaN,NaN,NaN,
1985070206,04e.1985,DOLORES,TY,NN,20.5,232.1,65,NaN,303,15,303,15,NaN,NaN,NaN,NaN,NaN,NaN,NaN,NaN,NaN,NaN,TY,NW,b,b,NaN,NaN,NaN,NaN,NaN,NaN,
1985070212,04e.1985,DOLORES,TY,NN,20.8,230.8,60,NaN,290,13,290,13,NaN,NaN,NaN,NaN,NaN,NaN,NaN,NaN,NaN,NaN,TS,NW,b,b,NaN,NaN,NaN,NaN,NaN,NaN,
1985070218,04e.1985,DOLORES,TY,NN,21.0,229.5,55,NaN,282,12,282,12,NaN,NaN,NaN,NaN,NaN,NaN,NaN,NaN,NaN,NaN,TS,NW,b,b,NaN,NaN,NaN,NaN,NaN,NaN,
1985070300,04e.1985,DOLORES,TY,NN,21.4,228.4,45,NaN,285,12,285,12,NaN,NaN,NaN,NaN,NaN,NaN,NaN,NaN,NaN,NaN,TS,NW,b,b,NaN,NaN,NaN,NaN,NaN,NaN,
1985070306,04e.1985,DOLORES,TY,NN,21.8,227.2,30,NaN,290,11,290,11,NaN,NaN,NaN,NaN,NaN,NaN,NaN,NaN,NaN,NaN,TD,NW,b,b,NaN,NaN,NaN,NaN,NaN,NaN,
1985070312,04e.1985,DOLORES,TY,NN,22.2,226.4,25,NaN,293,10,293,10,NaN,NaN,NaN,NaN,NaN,NaN,NaN,NaN,NaN,NaN,TD,NW,b,b,NaN,NaN,NaN,NaN,NaN,NaN,
1985070318,04e.1985,DOLORES,TY,NN,22.5,225.6,25,NaN,295,8,295,8,NaN,NaN,NaN,NaN,NaN,NaN,NaN,NaN,NaN,NaN,TD,NW,b,b,NaN,NaN,NaN,NaN,NaN,NaN,
1985070400,04e.1985,DOLORES,TY,NN,23.0,225.0,25,NaN,302,8,302,8,NaN,NaN,NaN,NaN,NaN,NaN,NaN,NaN,NaN,NaN,TD,NW,b,b,NaN,NaN,NaN,NaN,NaN,NaN,
1985070406,04e.1985,DOLORES,TY,NN,23.4,224.4,25,NaN,309,7,309,7,NaN,NaN,NaN,NaN,NaN,NaN,NaN,NaN,NaN,NaN,TD,NW,b,b,NaN,NaN,NaN,NaN,NaN,NaN,
1985070412,04e.1985,DOLORES,TY,NN,23.8,223.8,25,NaN,306,7,306,7,NaN,NaN,NaN,NaN,NaN,NaN,NaN,NaN,NaN,NaN,TD,NW,b,b,NaN,NaN,NaN,NaN,NaN,NaN,
1985070418,04e.1985,DOLORES,TY,NN,24.2,223.4,25,NaN,311,6,311,6,NaN,NaN,NaN,NaN,NaN,NaN,NaN,NaN,NaN,NaN,TD,NW,b,b,NaN,NaN,NaN,NaN,NaN,NaN,
1985070500,04e.1985,DOLORES,TY,NN,24.9,223.0,25,NaN,326,7,326,7,NaN,NaN,NaN,NaN,NaN,NaN,NaN,NaN,NaN,NaN,TD,NW,b,b,NaN,NaN,NaN,NaN,NaN,NaN,
1985070506,04e.1985,DOLORES,TY,NN,25.6,222.7,25,NaN,336,8,336,8,NaN,NaN,NaN,NaN,NaN,NaN,NaN,NaN,NaN,NaN,TD,NW,b,b,NaN,NaN,NaN,NaN,NaN,NaN,
1985070512,04e.1985,DOLORES,TY,NN,26.4,222.6,25,NaN,346,8,346,8,NaN,NaN,NaN,NaN,NaN,NaN,NaN,NaN,NaN,NaN,TD,NW,b,b,NaN,NaN,NaN,NaN,NaN,NaN,
1985070518,04e.1985,DOLORES,TY,NN,26.9,222.4,25,NaN,348,7,348,7,NaN,NaN,NaN,NaN,NaN,NaN,NaN,NaN,NaN,NaN,TD,NW,b,b,NaN,NaN,NaN,NaN,NaN,NaN,
1985062706,e05.1985,9X-E05,TS,NN,9.8,236.2,25,NaN,287,9,287,9,NaN,NaN,NaN,NaN,NaN,NaN,NaN,NaN,NaN,NaN,TD,NW,b,b,NaN,NaN,NaN,NaN,NaN,NaN,
1985062712,e05.1985,9X-E05,TS,NN,10.0,235.3,25,NaN,287,9,287,9,NaN,NaN,NaN,NaN,NaN,NaN,NaN,NaN,NaN,NaN,TD,NW,b,b,NaN,NaN,NaN,NaN,NaN,NaN,
1985062718,e05.1985,9X-E05,TS,NN,10.3,234.5,25,NaN,287,9,287,9,NaN,NaN,NaN,NaN,NaN,NaN,NaN,NaN,NaN,NaN,TD,NW,b,b,NaN,NaN,NaN,NaN,NaN,NaN,
1985062800,e05.1985,9X-E05,TS,NN,10.7,233.6,30,NaN,293,9,293,9,NaN,NaN,NaN,NaN,NaN,NaN,NaN,NaN,NaN,NaN,TD,NW,b,b,NaN,NaN,NaN,NaN,NaN,NaN,
1985062806,e05.1985,9X-E05,TS,NN,11.0,232.7,30,NaN,292,10,292,10,NaN,NaN,NaN,NaN,NaN,NaN,NaN,NaN,NaN,NaN,TD,NW,b,b,NaN,NaN,NaN,NaN,NaN,NaN,
1985062812,e05.1985,9X-E05,TS,NN,11.5,231.8,30,NaN,294,10,294,10,NaN,NaN,NaN,NaN,NaN,NaN,NaN,NaN,NaN,NaN,TD,NW,b,b,NaN,NaN,NaN,NaN,NaN,NaN,
1985062818,e05.1985,9X-E05,TS,NN,11.9,231.0,30,NaN,298,9,298,9,NaN,NaN,NaN,NaN,NaN,NaN,NaN,NaN,NaN,NaN,TD,NW,b,b,NaN,NaN,NaN,NaN,NaN,NaN,
1985062900,05e.1985,ENRIQUE,TS,NN,12.4,230.1,35,NaN,298,9,298,9,NaN,NaN,NaN,NaN,NaN,NaN,NaN,NaN,NaN,NaN,TS,NW,b,b,NaN,NaN,NaN,NaN,NaN,NaN,
1985062906,05e.1985,ENRIQUE,TS,NN,13.0,229.0,35,NaN,299,11,299,11,NaN,NaN,NaN,NaN,NaN,NaN,NaN,NaN,NaN,NaN,TS,NW,b,b,NaN,NaN,NaN,NaN,NaN,NaN,
1985062912,05e.1985,ENRIQUE,TS,NN,13.2,228.0,35,NaN,291,11,291,11,NaN,NaN,NaN,NaN,NaN,NaN,NaN,NaN,NaN,NaN,TS,NW,b,b,NaN,NaN,NaN,NaN,NaN,NaN,
1985062918,05e.1985,ENRIQUE,TS,NN,13.6,227.0,35,NaN,287,10,287,10,NaN,NaN,NaN,NaN,NaN,NaN,NaN,NaN,NaN,NaN,TS,NW,b,b,NaN,NaN,NaN,NaN,NaN,NaN,
1985063000,05e.1985,ENRIQUE,TS,NN,13.8,226.0,30,NaN,287,10,287,10,NaN,NaN,NaN,NaN,NaN,NaN,NaN,NaN,NaN,NaN,TD,NW,b,b,NaN,NaN,NaN,NaN,NaN,NaN,
1985063006,05e.1985,ENRIQUE,TS,NN,14.0,225.0,30,NaN,282,10,282,10,NaN,NaN,NaN,NaN,NaN,NaN,NaN,NaN,NaN,NaN,TD,NW,b,b,NaN,NaN,NaN,NaN,NaN,NaN,
1985063012,05e.1985,ENRIQUE,TS,NN,14.0,224.0,25,NaN,276,10,276,10,NaN,NaN,NaN,NaN,NaN,NaN,NaN,NaN,NaN,NaN,TD,NW,b,b,NaN,NaN,NaN,NaN,NaN,NaN,
1985063018,05e.1985,ENRIQUE,TS,NN,14.1,223.1,25,NaN,273,9,273,9,NaN,NaN,NaN,NaN,NaN,NaN,NaN,NaN,NaN,NaN,TD,NW,b,b,NaN,NaN,NaN,NaN,NaN,NaN,
1985070100,05e.1985,ENRIQUE,TS,NN,14.2,222.2,25,NaN,277,9,277,9,NaN,NaN,NaN,NaN,NaN,NaN,NaN,NaN,NaN,NaN,TD,NW,b,b,NaN,NaN,NaN,NaN,NaN,NaN,
1985070106,05e.1985,ENRIQUE,TS,NN,14.3,221.3,25,NaN,277,9,277,9,NaN,NaN,NaN,NaN,NaN,NaN,NaN,NaN,NaN,NaN,TD,NW,b,b,NaN,NaN,NaN,NaN,NaN,NaN,
1985070112,05e.1985,ENRIQUE,TS,NN,14.4,220.5,25,NaN,277,8,277,8,NaN,NaN,NaN,NaN,NaN,NaN,NaN,NaN,NaN,NaN,TD,NW,b,b,NaN,NaN,NaN,NaN,NaN,NaN,
1985070118,05e.1985,ENRIQUE,TS,NN,14.5,219.1,25,NaN,275,11,275,11,NaN,NaN,NaN,NaN,NaN,NaN,NaN,NaN,NaN,NaN,TD,NW,b,b,NaN,NaN,NaN,NaN,NaN,NaN,
1985070200,05e.1985,ENRIQUE,TS,NN,14.6,218.0,25,NaN,275,12,275,12,NaN,NaN,NaN,NaN,NaN,NaN,NaN,NaN,NaN,NaN,TD,NW,b,b,NaN,NaN,NaN,NaN,NaN,NaN,
1985070206,05e.1985,ENRIQUE,TS,NN,14.7,217.2,25,NaN,276,9,276,9,NaN,NaN,NaN,NaN,NaN,NaN,NaN,NaN,NaN,NaN,TD,NW,b,b,NaN,NaN,NaN,NaN,NaN,NaN,
1985070212,05e.1985,ENRIQUE,TS,NN,14.8,216.2,25,NaN,277,9,277,9,NaN,NaN,NaN,NaN,NaN,NaN,NaN,NaN,NaN,NaN,TD,NW,b,b,NaN,NaN,NaN,NaN,NaN,NaN,
1985070218,05e.1985,ENRIQUE,TS,NN,14.9,215.1,25,NaN,276,10,276,10,NaN,NaN,NaN,NaN,NaN,NaN,NaN,NaN,NaN,NaN,TD,NW,b,b,NaN,NaN,NaN,NaN,NaN,NaN,
1985070300,05e.1985,ENRIQUE,TS,NN,15.2,214.2,25,NaN,282,10,282,10,NaN,NaN,NaN,NaN,NaN,NaN,NaN,NaN,NaN,NaN,TD,NW,b,b,NaN,NaN,NaN,NaN,NaN,NaN,
1985070306,05e.1985,ENRIQUE,TS,NN,15.4,213.4,25,NaN,287,9,287,9,NaN,NaN,NaN,NaN,NaN,NaN,NaN,NaN,NaN,NaN,TD,NW,b,b,NaN,NaN,NaN,NaN,NaN,NaN,
1985070312,05e.1985,ENRIQUE,TS,NN,15.6,212.6,25,NaN,285,8,285,8,NaN,NaN,NaN,NaN,NaN,NaN,NaN,NaN,NaN,NaN,TD,NW,b,b,NaN,NaN,NaN,NaN,NaN,NaN,
1985070318,05e.1985,ENRIQUE,TS,NN,16.0,211.7,25,NaN,290,9,290,9,NaN,NaN,NaN,NaN,NaN,NaN,NaN,NaN,NaN,NaN,TD,NW,b,b,NaN,NaN,NaN,NaN,NaN,NaN,
1985070400,05e.1985,ENRIQUE,TS,NN,16.1,210.7,25,NaN,285,9,285,9,NaN,NaN,NaN,NaN,NaN,NaN,NaN,NaN,NaN,NaN,TD,NW,b,b,NaN,NaN,NaN,NaN,NaN,NaN,
1985070406,05e.1985,ENRIQUE,TS,NN,15.6,209.7,25,NaN,258,10,258,10,NaN,NaN,NaN,NaN,NaN,NaN,NaN,NaN,NaN,NaN,TD,NW,b,b,NaN,NaN,NaN,NaN,NaN,NaN,
1985070412,05e.1985,ENRIQUE,TS,NN,15.0,208.6,25,NaN,241,12,241,12,NaN,NaN,NaN,NaN,NaN,NaN,NaN,NaN,NaN,NaN,TD,NW,b,b,NaN,NaN,NaN,NaN,NaN,NaN,
1985070418,05e.1985,ENRIQUE,TS,NN,14.5,207.8,25,NaN,239,11,239,11,NaN,NaN,NaN,NaN,NaN,NaN,NaN,NaN,NaN,NaN,TD,NW,b,b,NaN,NaN,NaN,NaN,NaN,NaN,
1985070500,05e.1985,ENRIQUE,TS,NN,13.9,206.8,25,NaN,238,10,238,10,NaN,NaN,NaN,NaN,NaN,NaN,NaN,NaN,NaN,NaN,TD,NW,b,b,NaN,NaN,NaN,NaN,NaN,NaN,
1985070506,05e.1985,ENRIQUE,TS,NN,13.3,205.4,25,NaN,243,13,243,13,NaN,NaN,NaN,NaN,NaN,NaN,NaN,NaN,NaN,NaN,TD,NW,b,b,NaN,NaN,NaN,NaN,NaN,NaN,
1985070512,05e.1985,ENRIQUE,TS,NN,13.0,204.0,25,NaN,252,14,252,14,NaN,NaN,NaN,NaN,NaN,NaN,NaN,NaN,NaN,NaN,TD,NW,b,b,NaN,NaN,NaN,NaN,NaN,NaN,
1985070518,05e.1985,ENRIQUE,TS,NN,12.5,202.6,25,NaN,254,14,254,14,NaN,NaN,NaN,NaN,NaN,NaN,NaN,NaN,NaN,NaN,TD,NW,b,b,NaN,NaN,NaN,NaN,NaN,NaN,
1985070212,e06.1985,9X-E06,TS,NN,14.8,257.8,25,NaN,288,11,288,11,NaN,NaN,NaN,NaN,NaN,NaN,NaN,NaN,NaN,NaN,TD,NW,b,b,NaN,NaN,NaN,NaN,NaN,NaN,
1985070218,e06.1985,9X-E06,TS,NN,15.1,256.8,30,NaN,288,11,288,11,NaN,NaN,NaN,NaN,NaN,NaN,NaN,NaN,NaN,NaN,TD,NW,b,b,NaN,NaN,NaN,NaN,NaN,NaN,
1985070300,06e.1985,FEFA,TS,NN,15.5,255.6,35,NaN,288,11,288,11,NaN,NaN,NaN,NaN,NaN,NaN,NaN,NaN,NaN,NaN,TS,NW,b,b,NaN,NaN,NaN,NaN,NaN,NaN,
1985070306,06e.1985,FEFA,TS,NN,16.2,254.4,35,NaN,295,13,295,13,NaN,NaN,NaN,NaN,NaN,NaN,NaN,NaN,NaN,NaN,TS,NW,b,b,NaN,NaN,NaN,NaN,NaN,NaN,
1985070312,06e.1985,FEFA,TS,NN,17.0,253.5,40,NaN,307,13,307,13,NaN,NaN,NaN,NaN,NaN,NaN,NaN,NaN,NaN,NaN,TS,NW,b,b,NaN,NaN,NaN,NaN,NaN,NaN,
1985070318,06e.1985,FEFA,TS,NN,18.1,252.8,50,NaN,321,12,321,12,NaN,NaN,NaN,NaN,NaN,NaN,NaN,NaN,NaN,NaN,TS,NW,b,b,NaN,NaN,NaN,NaN,NaN,NaN,
1985070400,06e.1985,FEFA,TS,NN,19.3,252.2,60,NaN,332,13,332,13,NaN,NaN,NaN,NaN,NaN,NaN,NaN,NaN,NaN,NaN,TS,NW,b,b,NaN,NaN,NaN,NaN,NaN,NaN,
1985070406,06e.1985,FEFA,TS,NN,20.1,251.5,60,NaN,328,12,328,12,NaN,NaN,NaN,NaN,NaN,NaN,NaN,NaN,NaN,NaN,TS,NW,b,b,NaN,NaN,NaN,NaN,NaN,NaN,
1985070412,06e.1985,FEFA,TS,NN,20.6,251.0,60,NaN,319,9,319,9,NaN,NaN,NaN,NaN,NaN,NaN,NaN,NaN,NaN,NaN,TS,NW,b,b,NaN,NaN,NaN,NaN,NaN,NaN,
1985070418,06e.1985,FEFA,TS,NN,20.9,250.3,50,NaN,305,7,305,7,NaN,NaN,NaN,NaN,NaN,NaN,NaN,NaN,NaN,NaN,TS,NW,b,b,NaN,NaN,NaN,NaN,NaN,NaN,
1985070500,06e.1985,FEFA,TS,NN,21.2,249.7,45,NaN,296,7,296,7,NaN,NaN,NaN,NaN,NaN,NaN,NaN,NaN,NaN,NaN,TS,NW,b,b,NaN,NaN,NaN,NaN,NaN,NaN,
1985070506,06e.1985,FEFA,TS,NN,21.4,249.1,30,NaN,294,6,294,6,NaN,NaN,NaN,NaN,NaN,NaN,NaN,NaN,NaN,NaN,TD,NW,b,b,NaN,NaN,NaN,NaN,NaN,NaN,
1985070512,06e.1985,FEFA,TS,NN,21.6,248.5,30,NaN,290,6,290,6,NaN,NaN,NaN,NaN,NaN,NaN,NaN,NaN,NaN,NaN,TD,NW,b,b,NaN,NaN,NaN,NaN,NaN,NaN,
1985070518,06e.1985,FEFA,TS,NN,21.8,248.0,25,NaN,291,5,291,5,NaN,NaN,NaN,NaN,NaN,NaN,NaN,NaN,NaN,NaN,TD,NW,b,b,NaN,NaN,NaN,NaN,NaN,NaN,
1985070600,06e.1985,FEFA,TS,NN,22.0,247.6,25,NaN,296,5,296,5,NaN,NaN,NaN,NaN,NaN,NaN,NaN,NaN,NaN,NaN,TD,NW,b,b,NaN,NaN,NaN,NaN,NaN,NaN,
1985070606,06e.1985,FEFA,TS,NN,22.4,247.2,25,NaN,309,5,309,5,NaN,NaN,NaN,NaN,NaN,NaN,NaN,NaN,NaN,NaN,TD,NW,b,b,NaN,NaN,NaN,NaN,NaN,NaN,
1985070612,06e.1985,FEFA,TS,NN,22.8,247.0,25,NaN,325,5,325,5,NaN,NaN,NaN,NaN,NaN,NaN,NaN,NaN,NaN,NaN,TD,NW,b,b,NaN,NaN,NaN,NaN,NaN,NaN,
1985070618,06e.1985,FEFA,TS,NN,23.3,246.9,20,NaN,343,5,343,5,NaN,NaN,NaN,NaN,NaN,NaN,NaN,NaN,NaN,NaN,NT,NW,b,b,NaN,NaN,NaN,NaN,NaN,NaN,
1985070718,e07.1985,9X-E07,TS,NN,12.1,260.2,25,NaN,290,13,290,13,NaN,NaN,NaN,NaN,NaN,NaN,NaN,NaN,NaN,NaN,TD,NW,b,b,NaN,NaN,NaN,NaN,NaN,NaN,
1985070800,e07.1985,9X-E07,TS,NN,12.5,258.9,30,NaN,290,13,290,13,NaN,NaN,NaN,NaN,NaN,NaN,NaN,NaN,NaN,NaN,TD,NW,b,b,NaN,NaN,NaN,NaN,NaN,NaN,
1985070806,e07.1985,9X-E07,TS,NN,13.0,257.6,30,NaN,290,13,290,13,NaN,NaN,NaN,NaN,NaN,NaN,NaN,NaN,NaN,NaN,TD,NW,b,b,NaN,NaN,NaN,NaN,NaN,NaN,
1985070812,e07.1985,9X-E07,TS,NN,13.8,256.2,30,NaN,296,15,296,15,NaN,NaN,NaN,NaN,NaN,NaN,NaN,NaN,NaN,NaN,TD,NW,b,b,NaN,NaN,NaN,NaN,NaN,NaN,
1985070818,07e.1985,GUILLERMO,TS,NN,14.6,254.9,35,NaN,301,15,301,15,NaN,NaN,NaN,NaN,NaN,NaN,NaN,NaN,NaN,NaN,TS,NW,b,b,NaN,NaN,NaN,NaN,NaN,NaN,
1985070900,07e.1985,GUILLERMO,TS,NN,15.5,253.6,35,NaN,304,15,304,15,NaN,NaN,NaN,NaN,NaN,NaN,NaN,NaN,NaN,NaN,TS,NW,b,b,NaN,NaN,NaN,NaN,NaN,NaN,
1985070906,07e.1985,GUILLERMO,TS,NN,16.7,252.1,40,NaN,308,17,308,17,NaN,NaN,NaN,NaN,NaN,NaN,NaN,NaN,NaN,NaN,TS,NW,b,b,NaN,NaN,NaN,NaN,NaN,NaN,
1985070912,07e.1985,GUILLERMO,TS,NN,18.2,250.7,45,NaN,314,19,314,19,NaN,NaN,NaN,NaN,NaN,NaN,NaN,NaN,NaN,NaN,TS,NW,b,b,NaN,NaN,NaN,NaN,NaN,NaN,
1985070918,07e.1985,GUILLERMO,TS,NN,19.6,249.5,50,NaN,320,19,320,19,NaN,NaN,NaN,NaN,NaN,NaN,NaN,NaN,NaN,NaN,TS,NW,b,b,NaN,NaN,NaN,NaN,NaN,NaN,
1985071000,07e.1985,GUILLERMO,TS,NN,20.6,248.1,45,NaN,314,17,314,17,NaN,NaN,NaN,NaN,NaN,NaN,NaN,NaN,NaN,NaN,TS,NW,b,b,NaN,NaN,NaN,NaN,NaN,NaN,
1985071006,07e.1985,GUILLERMO,TS,NN,21.5,246.3,40,NaN,302,18,302,18,NaN,NaN,NaN,NaN,NaN,NaN,NaN,NaN,NaN,NaN,TS,NW,b,b,NaN,NaN,NaN,NaN,NaN,NaN,
1985071012,07e.1985,GUILLERMO,TS,NN,22.0,244.4,35,NaN,292,19,292,19,NaN,NaN,NaN,NaN,NaN,NaN,NaN,NaN,NaN,NaN,TS,NW,b,b,NaN,NaN,NaN,NaN,NaN,NaN,
1985071018,07e.1985,GUILLERMO,TS,NN,22.6,242.8,30,NaN,289,17,289,17,NaN,NaN,NaN,NaN,NaN,NaN,NaN,NaN,NaN,NaN,TD,NW,b,b,NaN,NaN,NaN,NaN,NaN,NaN,
1985071100,07e.1985,GUILLERMO,TS,NN,23.1,241.4,25,NaN,292,15,292,15,NaN,NaN,NaN,NaN,NaN,NaN,NaN,NaN,NaN,NaN,TD,NW,b,b,NaN,NaN,NaN,NaN,NaN,NaN,
1985071106,07e.1985,GUILLERMO,TS,NN,23.3,240.1,25,NaN,286,13,286,13,NaN,NaN,NaN,NaN,NaN,NaN,NaN,NaN,NaN,NaN,TD,NW,b,b,NaN,NaN,NaN,NaN,NaN,NaN,
1985071112,07e.1985,GUILLERMO,TS,NN,23.3,238.8,20,NaN,275,12,275,12,NaN,NaN,NaN,NaN,NaN,NaN,NaN,NaN,NaN,NaN,NT,NW,b,b,NaN,NaN,NaN,NaN,NaN,NaN,
1985071118,07e.1985,GUILLERMO,TS,NN,23.1,237.5,20,NaN,265,12,265,12,NaN,NaN,NaN,NaN,NaN,NaN,NaN,NaN,NaN,NaN,NT,NW,b,b,NaN,NaN,NaN,NaN,NaN,NaN,
1985071200,07e.1985,GUILLERMO,TS,NN,22.8,236.2,20,NaN,258,12,258,12,NaN,NaN,NaN,NaN,NaN,NaN,NaN,NaN,NaN,NaN,NT,NW,b,b,NaN,NaN,NaN,NaN,NaN,NaN,
1985071800,e08.1985,9X-E08,TS,NN,17.7,248.0,25,NaN,337,10,337,10,NaN,NaN,NaN,NaN,NaN,NaN,NaN,NaN,NaN,NaN,TD,NW,b,b,NaN,NaN,NaN,NaN,NaN,NaN,
1985071806,e08.1985,9X-E08,TS,NN,18.5,247.5,25,NaN,337,10,337,10,NaN,NaN,NaN,NaN,NaN,NaN,NaN,NaN,NaN,NaN,TD,NW,b,b,NaN,NaN,NaN,NaN,NaN,NaN,
1985071812,e08.1985,9X-E08,TS,NN,19.5,247.2,25,NaN,337,10,337,10,NaN,NaN,NaN,NaN,NaN,NaN,NaN,NaN,NaN,NaN,TD,NW,b,b,NaN,NaN,NaN,NaN,NaN,NaN,
1985071818,e08.1985,9X-E08,TS,NN,20.5,246.9,30,NaN,344,10,344,10,NaN,NaN,NaN,NaN,NaN,NaN,NaN,NaN,NaN,NaN,TD,NW,b,b,NaN,NaN,NaN,NaN,NaN,NaN,
1985071900,08e.1985,HILDA,TS,NN,21.5,246.5,35,NaN,342,11,342,11,NaN,NaN,NaN,NaN,NaN,NaN,NaN,NaN,NaN,NaN,TS,NW,b,b,NaN,NaN,NaN,NaN,NaN,NaN,
1985071906,08e.1985,HILDA,TS,NN,22.0,245.9,35,NaN,328,9,328,9,NaN,NaN,NaN,NaN,NaN,NaN,NaN,NaN,NaN,NaN,TS,NW,b,b,NaN,NaN,NaN,NaN,NaN,NaN,
1985071912,08e.1985,HILDA,TS,NN,22.2,245.1,35,NaN,298,7,298,7,NaN,NaN,NaN,NaN,NaN,NaN,NaN,NaN,NaN,NaN,TS,NW,b,b,NaN,NaN,NaN,NaN,NaN,NaN,
1985071918,08e.1985,HILDA,TS,NN,22.3,244.3,35,NaN,281,8,281,8,NaN,NaN,NaN,NaN,NaN,NaN,NaN,NaN,NaN,NaN,TS,NW,b,b,NaN,NaN,NaN,NaN,NaN,NaN,
1985072000,08e.1985,HILDA,TS,NN,22.2,243.5,35,NaN,270,7,270,7,NaN,NaN,NaN,NaN,NaN,NaN,NaN,NaN,NaN,NaN,TS,NW,b,b,NaN,NaN,NaN,NaN,NaN,NaN,
1985072006,08e.1985,HILDA,TS,NN,22.2,242.7,30,NaN,266,7,266,7,NaN,NaN,NaN,NaN,NaN,NaN,NaN,NaN,NaN,NaN,TD,NW,b,b,NaN,NaN,NaN,NaN,NaN,NaN,
1985072012,08e.1985,HILDA,TS,NN,22.1,241.6,25,NaN,267,9,267,9,NaN,NaN,NaN,NaN,NaN,NaN,NaN,NaN,NaN,NaN,TD,NW,b,b,NaN,NaN,NaN,NaN,NaN,NaN,
1985072100,e09.1985,9X-E09,TY,NN,13.2,225.6,25,NaN,273,10,273,10,NaN,NaN,NaN,NaN,NaN,NaN,NaN,NaN,NaN,NaN,TD,NW,b,b,NaN,NaN,NaN,NaN,NaN,NaN,
1985072106,09e.1985,IGNACIO,TY,NN,13.2,224.5,35,NaN,273,10,273,10,NaN,NaN,NaN,NaN,NaN,NaN,NaN,NaN,NaN,NaN,TS,NW,b,b,NaN,NaN,NaN,NaN,NaN,NaN,
1985072112,09e.1985,IGNACIO,TY,NN,13.3,223.5,40,NaN,273,10,273,10,NaN,NaN,NaN,NaN,NaN,NaN,NaN,NaN,NaN,NaN,TS,NW,b,b,NaN,NaN,NaN,NaN,NaN,NaN,
1985072118,09e.1985,IGNACIO,TY,NN,13.3,222.6,50,NaN,273,9,273,9,NaN,NaN,NaN,NaN,NaN,NaN,NaN,NaN,NaN,NaN,TS,NW,b,b,NaN,NaN,NaN,NaN,NaN,NaN,
1985072200,09e.1985,IGNACIO,TY,NN,13.4,221.4,60,NaN,273,10,273,10,NaN,NaN,NaN,NaN,NaN,NaN,NaN,NaN,NaN,NaN,TS,NW,b,b,NaN,NaN,NaN,NaN,NaN,NaN,
1985072206,09e.1985,IGNACIO,TY,NN,13.5,220.4,60,NaN,275,11,275,11,NaN,NaN,NaN,NaN,NaN,NaN,NaN,NaN,NaN,NaN,TS,NW,b,b,NaN,NaN,NaN,NaN,NaN,NaN,
1985072212,09e.1985,IGNACIO,TY,NN,13.7,219.9,60,NaN,282,7,282,7,NaN,NaN,NaN,NaN,NaN,NaN,NaN,NaN,NaN,NaN,TS,NW,b,b,NaN,NaN,NaN,NaN,NaN,NaN,
1985072218,09e.1985,IGNACIO,TY,NN,13.9,219.2,75,NaN,289,6,289,6,NaN,NaN,NaN,NaN,NaN,NaN,NaN,NaN,NaN,NaN,TY,NW,b,b,NaN,NaN,NaN,NaN,NaN,NaN,
1985072300,09e.1985,IGNACIO,TY,NN,14.2,218.4,90,NaN,289,8,289,8,NaN,NaN,NaN,NaN,NaN,NaN,NaN,NaN,NaN,NaN,TY,NW,b,b,NaN,NaN,NaN,NaN,NaN,NaN,
1985072306,09e.1985,IGNACIO,TY,NN,14.4,217.6,100,NaN,288,8,288,8,NaN,NaN,NaN,NaN,NaN,NaN,NaN,NaN,NaN,NaN,TY,NW,b,b,NaN,NaN,NaN,NaN,NaN,NaN,
1985072312,09e.1985,IGNACIO,TY,NN,14.5,217.0,110,NaN,282,7,282,7,NaN,NaN,NaN,NaN,NaN,NaN,NaN,NaN,NaN,NaN,TY,NW,b,b,NaN,NaN,NaN,NaN,NaN,NaN,
1985072318,09e.1985,IGNACIO,TY,NN,14.8,216.2,115,NaN,286,7,286,7,NaN,NaN,NaN,NaN,NaN,NaN,NaN,NaN,NaN,NaN,TY,NW,b,b,NaN,NaN,NaN,NaN,NaN,NaN,
1985072400,09e.1985,IGNACIO,TY,NN,15.1,215.4,115,NaN,291,8,291,8,NaN,NaN,NaN,NaN,NaN,NaN,NaN,NaN,NaN,NaN,TY,NW,b,b,NaN,NaN,NaN,NaN,NaN,NaN,
1985072406,09e.1985,IGNACIO,TY,NN,15.4,214.5,115,NaN,290,9,290,9,NaN,NaN,NaN,NaN,NaN,NaN,NaN,NaN,NaN,NaN,TY,NW,b,b,NaN,NaN,NaN,NaN,NaN,NaN,
1985072412,09e.1985,IGNACIO,TY,NN,15.5,213.5,115,NaN,282,9,282,9,NaN,NaN,NaN,NaN,NaN,NaN,NaN,NaN,NaN,NaN,TY,NW,b,b,NaN,NaN,NaN,NaN,NaN,NaN,
1985072418,09e.1985,IGNACIO,TY,NN,15.6,212.6,100,NaN,276,9,276,9,NaN,NaN,NaN,NaN,NaN,NaN,NaN,NaN,NaN,NaN,TY,NW,b,b,NaN,NaN,NaN,NaN,NaN,NaN,
1985072500,09e.1985,IGNACIO,TY,NN,15.8,211.6,90,NaN,279,9,279,9,NaN,NaN,NaN,NaN,NaN,NaN,NaN,NaN,NaN,NaN,TY,NW,b,b,NaN,NaN,NaN,NaN,NaN,NaN,
1985072506,09e.1985,IGNACIO,TY,NN,15.9,210.5,90,NaN,278,10,278,10,NaN,NaN,NaN,NaN,NaN,NaN,NaN,NaN,NaN,NaN,TY,NW,b,b,NaN,NaN,NaN,NaN,NaN,NaN,
1985072512,09e.1985,IGNACIO,TY,NN,15.9,209.4,90,NaN,273,11,273,11,NaN,NaN,NaN,NaN,NaN,NaN,NaN,NaN,NaN,NaN,TY,NW,b,b,NaN,NaN,NaN,NaN,NaN,NaN,
1985072518,09e.1985,IGNACIO,TY,NN,15.8,208.1,80,NaN,268,12,268,12,NaN,NaN,NaN,NaN,NaN,NaN,NaN,NaN,NaN,NaN,TY,NW,b,b,NaN,NaN,NaN,NaN,NaN,NaN,
1985072600,09e.1985,IGNACIO,TY,NN,15.7,207.0,65,NaN,265,12,265,12,NaN,NaN,NaN,NaN,NaN,NaN,NaN,NaN,NaN,NaN,TY,NW,b,b,NaN,NaN,NaN,NaN,NaN,NaN,
1985072606,09e.1985,IGNACIO,TY,NN,15.6,205.7,50,NaN,265,12,265,12,NaN,NaN,NaN,NaN,NaN,NaN,NaN,NaN,NaN,NaN,TS,NW,b,b,NaN,NaN,NaN,NaN,NaN,NaN,
1985072612,09e.1985,IGNACIO,TY,NN,15.3,204.6,50,NaN,260,12,260,12,NaN,NaN,NaN,NaN,NaN,NaN,NaN,NaN,NaN,NaN,TS,NW,b,b,NaN,NaN,NaN,NaN,NaN,NaN,
1985072618,09e.1985,IGNACIO,TY,NN,14.9,203.1,40,NaN,254,13,254,13,NaN,NaN,NaN,NaN,NaN,NaN,NaN,NaN,NaN,NaN,TS,NW,b,b,NaN,NaN,NaN,NaN,NaN,NaN,
1985072700,09e.1985,IGNACIO,TY,NN,14.3,201.5,25,NaN,252,16,252,16,NaN,NaN,NaN,NaN,NaN,NaN,NaN,NaN,NaN,NaN,TD,NW,b,b,NaN,NaN,NaN,NaN,NaN,NaN,
1985072000,e10.1985,9X-E10,TY,NN,11.5,256.3,25,NaN,273,8,273,8,NaN,NaN,NaN,NaN,NaN,NaN,NaN,NaN,NaN,NaN,TD,NW,b,b,NaN,NaN,NaN,NaN,NaN,NaN,
1985072006,e10.1985,9X-E10,TY,NN,11.5,255.5,25,NaN,273,8,273,8,NaN,NaN,NaN,NaN,NaN,NaN,NaN,NaN,NaN,NaN,TD,NW,b,b,NaN,NaN,NaN,NaN,NaN,NaN,
1985072012,e10.1985,9X-E10,TY,NN,11.6,254.6,25,NaN,273,8,273,8,NaN,NaN,NaN,NaN,NaN,NaN,NaN,NaN,NaN,NaN,TD,NW,b,b,NaN,NaN,NaN,NaN,NaN,NaN,
1985072018,e10.1985,9X-E10,TY,NN,11.8,253.7,25,NaN,280,9,280,9,NaN,NaN,NaN,NaN,NaN,NaN,NaN,NaN,NaN,NaN,TD,NW,b,b,NaN,NaN,NaN,NaN,NaN,NaN,
1985072100,e10.1985,9X-E10,TY,NN,12.2,252.8,30,NaN,289,9,289,9,NaN,NaN,NaN,NaN,NaN,NaN,NaN,NaN,NaN,NaN,TD,NW,b,b,NaN,NaN,NaN,NaN,NaN,NaN,
1985072106,e10.1985,9X-E10,TY,NN,12.8,252.3,30,NaN,306,8,306,8,NaN,NaN,NaN,NaN,NaN,NaN,NaN,NaN,NaN,NaN,TD,NW,b,b,NaN,NaN,NaN,NaN,NaN,NaN,
1985072112,e10.1985,9X-E10,TY,NN,13.4,251.8,30,NaN,321,8,321,8,NaN,NaN,NaN,NaN,NaN,NaN,NaN,NaN,NaN,NaN,TD,NW,b,b,NaN,NaN,NaN,NaN,NaN,NaN,
1985072118,10e.1985,JIMENA,TY,NN,13.9,251.0,35,NaN,311,8,311,8,NaN,NaN,NaN,NaN,NaN,NaN,NaN,NaN,NaN,NaN,TS,NW,b,b,NaN,NaN,NaN,NaN,NaN,NaN,
1985072200,10e.1985,JIMENA,TY,NN,14.3,250.2,40,NaN,300,9,300,9,NaN,NaN,NaN,NaN,NaN,NaN,NaN,NaN,NaN,NaN,TS,NW,b,b,NaN,NaN,NaN,NaN,NaN,NaN,
1985072206,10e.1985,JIMENA,TY,NN,14.6,249.7,45,NaN,299,7,299,7,NaN,NaN,NaN,NaN,NaN,NaN,NaN,NaN,NaN,NaN,TS,NW,b,b,NaN,NaN,NaN,NaN,NaN,NaN,
1985072212,10e.1985,JIMENA,TY,NN,14.9,249.2,45,NaN,302,6,302,6,NaN,NaN,NaN,NaN,NaN,NaN,NaN,NaN,NaN,NaN,TS,NW,b,b,NaN,NaN,NaN,NaN,NaN,NaN,
1985072218,10e.1985,JIMENA,TY,NN,15.2,248.6,60,NaN,299,6,299,6,NaN,NaN,NaN,NaN,NaN,NaN,NaN,NaN,NaN,NaN,TS,NW,b,b,NaN,NaN,NaN,NaN,NaN,NaN,
1985072300,10e.1985,JIMENA,TY,NN,15.7,248.0,60,NaN,305,7,305,7,NaN,NaN,NaN,NaN,NaN,NaN,NaN,NaN,NaN,NaN,TS,NW,b,b,NaN,NaN,NaN,NaN,NaN,NaN,
1985072306,10e.1985,JIMENA,TY,NN,16.0,247.3,60,NaN,303,7,303,7,NaN,NaN,NaN,NaN,NaN,NaN,NaN,NaN,NaN,NaN,TS,NW,b,b,NaN,NaN,NaN,NaN,NaN,NaN,
1985072312,10e.1985,JIMENA,TY,NN,16.4,246.6,70,NaN,297,8,297,8,NaN,NaN,NaN,NaN,NaN,NaN,NaN,NaN,NaN,NaN,TY,NW,b,b,NaN,NaN,NaN,NaN,NaN,NaN,
1985072318,10e.1985,JIMENA,TY,NN,16.8,245.8,75,NaN,299,8,299,8,NaN,NaN,NaN,NaN,NaN,NaN,NaN,NaN,NaN,NaN,TY,NW,b,b,NaN,NaN,NaN,NaN,NaN,NaN,
1985072400,10e.1985,JIMENA,TY,NN,17.2,245.0,80,NaN,298,9,298,9,NaN,NaN,NaN,NaN,NaN,NaN,NaN,NaN,NaN,NaN,TY,NW,b,b,NaN,NaN,NaN,NaN,NaN,NaN,
1985072406,10e.1985,JIMENA,TY,NN,17.6,244.4,90,NaN,301,8,301,8,NaN,NaN,NaN,NaN,NaN,NaN,NaN,NaN,NaN,NaN,TY,NW,b,b,NaN,NaN,NaN,NaN,NaN,NaN,
1985072412,10e.1985,JIMENA,TY,NN,18.0,243.9,115,NaN,307,7,307,7,NaN,NaN,NaN,NaN,NaN,NaN,NaN,NaN,NaN,NaN,TY,NW,b,b,NaN,NaN,NaN,NaN,NaN,NaN,
1985072418,10e.1985,JIMENA,TY,NN,18.5,243.3,115,NaN,311,7,311,7,NaN,NaN,NaN,NaN,NaN,NaN,NaN,NaN,NaN,NaN,TY,NW,b,b,NaN,NaN,NaN,NaN,NaN,NaN,
1985072500,10e.1985,JIMENA,TY,NN,19.0,242.7,105,NaN,311,8,311,8,NaN,NaN,NaN,NaN,NaN,NaN,NaN,NaN,NaN,NaN,TY,NW,b,b,NaN,NaN,NaN,NaN,NaN,NaN,
1985072506,10e.1985,JIMENA,TY,NN,19.5,242.1,100,NaN,311,8,311,8,NaN,NaN,NaN,NaN,NaN,NaN,NaN,NaN,NaN,NaN,TY,NW,b,b,NaN,NaN,NaN,NaN,NaN,NaN,
1985072512,10e.1985,JIMENA,TY,NN,19.9,241.5,100,NaN,308,7,308,7,NaN,NaN,NaN,NaN,NaN,NaN,NaN,NaN,NaN,NaN,TY,NW,b,b,NaN,NaN,NaN,NaN,NaN,NaN,
1985072518,10e.1985,JIMENA,TY,NN,20.2,240.8,85,NaN,300,7,300,7,NaN,NaN,NaN,NaN,NaN,NaN,NaN,NaN,NaN,NaN,TY,NW,b,b,NaN,NaN,NaN,NaN,NaN,NaN,
1985072600,10e.1985,JIMENA,TY,NN,20.6,240.1,85,NaN,298,7,298,7,NaN,NaN,NaN,NaN,NaN,NaN,NaN,NaN,NaN,NaN,TY,NW,b,b,NaN,NaN,NaN,NaN,NaN,NaN,
1985072606,10e.1985,JIMENA,TY,NN,20.9,239.3,75,NaN,296,8,296,8,NaN,NaN,NaN,NaN,NaN,NaN,NaN,NaN,NaN,NaN,TY,NW,b,b,NaN,NaN,NaN,NaN,NaN,NaN,
1985072612,10e.1985,JIMENA,TY,NN,21.3,238.5,65,NaN,295,8,295,8,NaN,NaN,NaN,NaN,NaN,NaN,NaN,NaN,NaN,NaN,TY,NW,b,b,NaN,NaN,NaN,NaN,NaN,NaN,
1985072618,10e.1985,JIMENA,TY,NN,21.6,237.8,55,NaN,297,8,297,8,NaN,NaN,NaN,NaN,NaN,NaN,NaN,NaN,NaN,NaN,TS,NW,b,b,NaN,NaN,NaN,NaN,NaN,NaN,
1985072700,10e.1985,JIMENA,TY,NN,22.0,237.0,45,NaN,297,8,297,8,NaN,NaN,NaN,NaN,NaN,NaN,NaN,NaN,NaN,NaN,TS,NW,b,b,NaN,NaN,NaN,NaN,NaN,NaN,
1985072706,10e.1985,JIMENA,TY,NN,22.3,236.2,40,NaN,295,8,295,8,NaN,NaN,NaN,NaN,NaN,NaN,NaN,NaN,NaN,NaN,TS,NW,b,b,NaN,NaN,NaN,NaN,NaN,NaN,
1985072712,10e.1985,JIMENA,TY,NN,22.6,235.1,35,NaN,289,9,289,9,NaN,NaN,NaN,NaN,NaN,NaN,NaN,NaN,NaN,NaN,TS,NW,b,b,NaN,NaN,NaN,NaN,NaN,NaN,
1985072718,10e.1985,JIMENA,TY,NN,22.7,233.9,30,NaN,281,11,281,11,NaN,NaN,NaN,NaN,NaN,NaN,NaN,NaN,NaN,NaN,TD,NW,b,b,NaN,NaN,NaN,NaN,NaN,NaN,
1985072800,10e.1985,JIMENA,TY,NN,22.9,232.4,30,NaN,277,13,277,13,NaN,NaN,NaN,NaN,NaN,NaN,NaN,NaN,NaN,NaN,TD,NW,b,b,NaN,NaN,NaN,NaN,NaN,NaN,
1985072806,10e.1985,JIMENA,TY,NN,23.0,230.8,30,NaN,276,14,276,14,NaN,NaN,NaN,NaN,NaN,NaN,NaN,NaN,NaN,NaN,TD,NW,b,b,NaN,NaN,NaN,NaN,NaN,NaN,
1985072812,10e.1985,JIMENA,TY,NN,23.1,229.4,25,NaN,274,14,274,14,NaN,NaN,NaN,NaN,NaN,NaN,NaN,NaN,NaN,NaN,TD,NW,b,b,NaN,NaN,NaN,NaN,NaN,NaN,
1985072818,10e.1985,JIMENA,TY,NN,23.2,228.2,25,NaN,275,12,275,12,NaN,NaN,NaN,NaN,NaN,NaN,NaN,NaN,NaN,NaN,TD,NW,b,b,NaN,NaN,NaN,NaN,NaN,NaN,
1985072900,10e.1985,JIMENA,TY,NN,23.1,227.1,20,NaN,270,11,270,11,NaN,NaN,NaN,NaN,NaN,NaN,NaN,NaN,NaN,NaN,NT,NW,b,b,NaN,NaN,NaN,NaN,NaN,NaN,
1985072900,e11.1985,9X-E11,TS,NN,13.8,257.4,25,NaN,284,8,284,8,NaN,NaN,NaN,NaN,NaN,NaN,NaN,NaN,NaN,NaN,TD,NW,b,b,NaN,NaN,NaN,NaN,NaN,NaN,
1985072906,e11.1985,9X-E11,TS,NN,14.0,256.6,30,NaN,284,8,284,8,NaN,NaN,NaN,NaN,NaN,NaN,NaN,NaN,NaN,NaN,TD,NW,b,b,NaN,NaN,NaN,NaN,NaN,NaN,
1985072912,e11.1985,9X-E11,TS,NN,14.2,255.8,30,NaN,284,8,284,8,NaN,NaN,NaN,NaN,NaN,NaN,NaN,NaN,NaN,NaN,TD,NW,b,b,NaN,NaN,NaN,NaN,NaN,NaN,
1985072918,11e.1985,KEVIN,TS,NN,14.4,254.9,35,NaN,284,8,284,8,NaN,NaN,NaN,NaN,NaN,NaN,NaN,NaN,NaN,NaN,TS,NW,b,b,NaN,NaN,NaN,NaN,NaN,NaN,
1985073000,11e.1985,KEVIN,TS,NN,14.5,254.0,35,NaN,280,9,280,9,NaN,NaN,NaN,NaN,NaN,NaN,NaN,NaN,NaN,NaN,TS,NW,b,b,NaN,NaN,NaN,NaN,NaN,NaN,
1985073006,11e.1985,KEVIN,TS,NN,14.6,253.2,35,NaN,277,8,277,8,NaN,NaN,NaN,NaN,NaN,NaN,NaN,NaN,NaN,NaN,TS,NW,b,b,NaN,NaN,NaN,NaN,NaN,NaN,
1985073012,11e.1985,KEVIN,TS,NN,14.7,252.2,35,NaN,277,9,277,9,NaN,NaN,NaN,NaN,NaN,NaN,NaN,NaN,NaN,NaN,TS,NW,b,b,NaN,NaN,NaN,NaN,NaN,NaN,
1985073018,11e.1985,KEVIN,TS,NN,14.9,251.2,40,NaN,279,10,279,10,NaN,NaN,NaN,NaN,NaN,NaN,NaN,NaN,NaN,NaN,TS,NW,b,b,NaN,NaN,NaN,NaN,NaN,NaN,
1985073100,11e.1985,KEVIN,TS,NN,15.2,250.3,40,NaN,285,10,285,10,NaN,NaN,NaN,NaN,NaN,NaN,NaN,NaN,NaN,NaN,TS,NW,b,b,NaN,NaN,NaN,NaN,NaN,NaN,
1985073106,11e.1985,KEVIN,TS,NN,15.5,249.6,45,NaN,291,8,291,8,NaN,NaN,NaN,NaN,NaN,NaN,NaN,NaN,NaN,NaN,TS,NW,b,b,NaN,NaN,NaN,NaN,NaN,NaN,
1985073112,11e.1985,KEVIN,TS,NN,15.7,249.0,45,NaN,292,7,292,7,NaN,NaN,NaN,NaN,NaN,NaN,NaN,NaN,NaN,NaN,TS,NW,b,b,NaN,NaN,NaN,NaN,NaN,NaN,
1985073118,11e.1985,KEVIN,TS,NN,16.0,248.4,45,NaN,293,6,293,6,NaN,NaN,NaN,NaN,NaN,NaN,NaN,NaN,NaN,NaN,TS,NW,b,b,NaN,NaN,NaN,NaN,NaN,NaN,
1985080100,11e.1985,KEVIN,TS,NN,16.4,247.8,45,NaN,301,7,301,7,NaN,NaN,NaN,NaN,NaN,NaN,NaN,NaN,NaN,NaN,TS,NW,b,b,NaN,NaN,NaN,NaN,NaN,NaN,
1985080106,11e.1985,KEVIN,TS,NN,16.8,247.1,45,NaN,303,7,303,7,NaN,NaN,NaN,NaN,NaN,NaN,NaN,NaN,NaN,NaN,TS,NW,b,b,NaN,NaN,NaN,NaN,NaN,NaN,
1985080112,11e.1985,KEVIN,TS,NN,17.3,246.4,45,NaN,304,8,304,8,NaN,NaN,NaN,NaN,NaN,NaN,NaN,NaN,NaN,NaN,TS,NW,b,b,NaN,NaN,NaN,NaN,NaN,NaN,
1985080118,11e.1985,KEVIN,TS,NN,17.7,245.7,45,NaN,304,8,304,8,NaN,NaN,NaN,NaN,NaN,NaN,NaN,NaN,NaN,NaN,TS,NW,b,b,NaN,NaN,NaN,NaN,NaN,NaN,
1985080200,11e.1985,KEVIN,TS,NN,18.2,245.1,45,NaN,306,8,306,8,NaN,NaN,NaN,NaN,NaN,NaN,NaN,NaN,NaN,NaN,TS,NW,b,b,NaN,NaN,NaN,NaN,NaN,NaN,
1985080206,11e.1985,KEVIN,TS,NN,18.7,244.4,45,NaN,309,8,309,8,NaN,NaN,NaN,NaN,NaN,NaN,NaN,NaN,NaN,NaN,TS,NW,b,b,NaN,NaN,NaN,NaN,NaN,NaN,
1985080212,11e.1985,KEVIN,TS,NN,19.1,243.9,45,NaN,308,7,308,7,NaN,NaN,NaN,NaN,NaN,NaN,NaN,NaN,NaN,NaN,TS,NW,b,b,NaN,NaN,NaN,NaN,NaN,NaN,
1985080218,11e.1985,KEVIN,TS,NN,19.5,243.1,50,NaN,303,7,303,7,NaN,NaN,NaN,NaN,NaN,NaN,NaN,NaN,NaN,NaN,TS,NW,b,b,NaN,NaN,NaN,NaN,NaN,NaN,
1985080300,11e.1985,KEVIN,TS,NN,19.9,242.4,55,NaN,300,8,300,8,NaN,NaN,NaN,NaN,NaN,NaN,NaN,NaN,NaN,NaN,TS,NW,b,b,NaN,NaN,NaN,NaN,NaN,NaN,
1985080306,11e.1985,KEVIN,TS,NN,20.0,241.6,55,NaN,290,7,290,7,NaN,NaN,NaN,NaN,NaN,NaN,NaN,NaN,NaN,NaN,TS,NW,b,b,NaN,NaN,NaN,NaN,NaN,NaN,
1985080312,11e.1985,KEVIN,TS,NN,20.2,240.7,50,NaN,281,8,281,8,NaN,NaN,NaN,NaN,NaN,NaN,NaN,NaN,NaN,NaN,TS,NW,b,b,NaN,NaN,NaN,NaN,NaN,NaN,
1985080318,11e.1985,KEVIN,TS,NN,20.4,239.7,45,NaN,283,9,283,9,NaN,NaN,NaN,NaN,NaN,NaN,NaN,NaN,NaN,NaN,TS,NW,b,b,NaN,NaN,NaN,NaN,NaN,NaN,
1985080400,11e.1985,KEVIN,TS,NN,20.5,238.8,45,NaN,280,9,280,9,NaN,NaN,NaN,NaN,NaN,NaN,NaN,NaN,NaN,NaN,TS,NW,b,b,NaN,NaN,NaN,NaN,NaN,NaN,
1985080406,11e.1985,KEVIN,TS,NN,20.6,238.0,45,NaN,277,8,277,8,NaN,NaN,NaN,NaN,NaN,NaN,NaN,NaN,NaN,NaN,TS,NW,b,b,NaN,NaN,NaN,NaN,NaN,NaN,
1985080412,11e.1985,KEVIN,TS,NN,20.7,236.9,45,NaN,276,9,276,9,NaN,NaN,NaN,NaN,NaN,NaN,NaN,NaN,NaN,NaN,TS,NW,b,b,NaN,NaN,NaN,NaN,NaN,NaN,
1985080418,11e.1985,KEVIN,TS,NN,20.8,235.7,55,NaN,275,11,275,11,NaN,NaN,NaN,NaN,NaN,NaN,NaN,NaN,NaN,NaN,TS,NW,b,b,NaN,NaN,NaN,NaN,NaN,NaN,
1985080500,11e.1985,KEVIN,TS,NN,21.0,234.7,55,NaN,278,10,278,10,NaN,NaN,NaN,NaN,NaN,NaN,NaN,NaN,NaN,NaN,TS,NW,b,b,NaN,NaN,NaN,NaN,NaN,NaN,
1985080506,11e.1985,KEVIN,TS,NN,21.2,233.5,55,NaN,281,10,281,10,NaN,NaN,NaN,NaN,NaN,NaN,NaN,NaN,NaN,NaN,TS,NW,b,b,NaN,NaN,NaN,NaN,NaN,NaN,
1985080512,11e.1985,KEVIN,TS,NN,21.3,232.4,55,NaN,278,11,278,11,NaN,NaN,NaN,NaN,NaN,NaN,NaN,NaN,NaN,NaN,TS,NW,b,b,NaN,NaN,NaN,NaN,NaN,NaN,
1985080518,11e.1985,KEVIN,TS,NN,21.4,231.2,50,NaN,275,11,275,11,NaN,NaN,NaN,NaN,NaN,NaN,NaN,NaN,NaN,NaN,TS,NW,b,b,NaN,NaN,NaN,NaN,NaN,NaN,
1985080600,11e.1985,KEVIN,TS,NN,21.5,230.0,40,NaN,275,11,275,11,NaN,NaN,NaN,NaN,NaN,NaN,NaN,NaN,NaN,NaN,TS,NW,b,b,NaN,NaN,NaN,NaN,NaN,NaN,
1985080606,11e.1985,KEVIN,TS,NN,21.6,228.8,30,NaN,275,11,275,11,NaN,NaN,NaN,NaN,NaN,NaN,NaN,NaN,NaN,NaN,TD,NW,b,b,NaN,NaN,NaN,NaN,NaN,NaN,
1985080612,11e.1985,KEVIN,TS,NN,21.5,227.5,30,NaN,270,12,270,12,NaN,NaN,NaN,NaN,NaN,NaN,NaN,NaN,NaN,NaN,TD,NW,b,b,NaN,NaN,NaN,NaN,NaN,NaN,
1985080618,11e.1985,KEVIN,TS,NN,21.5,226.3,25,NaN,268,12,268,12,NaN,NaN,NaN,NaN,NaN,NaN,NaN,NaN,NaN,NaN,TD,NW,b,b,NaN,NaN,NaN,NaN,NaN,NaN,
1985072918,e12.1985,9X-E12,TS,NN,12.3,236.7,25,NaN,285,14,285,14,NaN,NaN,NaN,NaN,NaN,NaN,NaN,NaN,NaN,NaN,TD,NW,b,b,NaN,NaN,NaN,NaN,NaN,NaN,
1985073000,e12.1985,9X-E12,TS,NN,12.7,235.3,30,NaN,285,14,285,14,NaN,NaN,NaN,NaN,NaN,NaN,NaN,NaN,NaN,NaN,TD,NW,b,b,NaN,NaN,NaN,NaN,NaN,NaN,
1985073006,e12.1985,9X-E12,TS,NN,13.0,234.0,30,NaN,285,14,285,14,NaN,NaN,NaN,NaN,NaN,NaN,NaN,NaN,NaN,NaN,TD,NW,b,b,NaN,NaN,NaN,NaN,NaN,NaN,
1985073012,e12.1985,9X-E12,TS,NN,13.2,232.7,30,NaN,281,13,281,13,NaN,NaN,NaN,NaN,NaN,NaN,NaN,NaN,NaN,NaN,TD,NW,b,b,NaN,NaN,NaN,NaN,NaN,NaN,
1985073018,e12.1985,9X-E12,TS,NN,13.3,231.4,30,NaN,277,13,277,13,NaN,NaN,NaN,NaN,NaN,NaN,NaN,NaN,NaN,NaN,TD,NW,b,b,NaN,NaN,NaN,NaN,NaN,NaN,
1985073100,e12.1985,9X-E12,TS,NN,13.5,230.2,30,NaN,277,12,277,12,NaN,NaN,NaN,NaN,NaN,NaN,NaN,NaN,NaN,NaN,TD,NW,b,b,NaN,NaN,NaN,NaN,NaN,NaN,
1985073106,12e.1985,LINDA,TS,NN,13.6,229.1,40,NaN,278,11,278,11,NaN,NaN,NaN,NaN,NaN,NaN,NaN,NaN,NaN,NaN,TS,NW,b,b,NaN,NaN,NaN,NaN,NaN,NaN,
1985073112,12e.1985,LINDA,TS,NN,13.7,228.2,45,NaN,276,10,276,10,NaN,NaN,NaN,NaN,NaN,NaN,NaN,NaN,NaN,NaN,TS,NW,b,b,NaN,NaN,NaN,NaN,NaN,NaN,
1985073118,12e.1985,LINDA,TS,NN,13.9,227.4,45,NaN,280,8,280,8,NaN,NaN,NaN,NaN,NaN,NaN,NaN,NaN,NaN,NaN,TS,NW,b,b,NaN,NaN,NaN,NaN,NaN,NaN,
1985080100,12e.1985,LINDA,TS,NN,14.1,226.7,45,NaN,285,8,285,8,NaN,NaN,NaN,NaN,NaN,NaN,NaN,NaN,NaN,NaN,TS,NW,b,b,NaN,NaN,NaN,NaN,NaN,NaN,
1985080106,12e.1985,LINDA,TS,NN,14.4,226.2,35,NaN,293,6,293,6,NaN,NaN,NaN,NaN,NaN,NaN,NaN,NaN,NaN,NaN,TS,NW,b,b,NaN,NaN,NaN,NaN,NaN,NaN,
1985080112,12e.1985,LINDA,TS,NN,14.7,225.9,35,NaN,308,5,308,5,NaN,NaN,NaN,NaN,NaN,NaN,NaN,NaN,NaN,NaN,TS,NW,b,b,NaN,NaN,NaN,NaN,NaN,NaN,
1985080118,12e.1985,LINDA,TS,NN,14.9,225.8,35,NaN,322,3,322,3,NaN,NaN,NaN,NaN,NaN,NaN,NaN,NaN,NaN,NaN,TS,NW,b,b,NaN,NaN,NaN,NaN,NaN,NaN,
1985080200,12e.1985,LINDA,TS,NN,15.1,225.6,30,NaN,324,2,324,2,NaN,NaN,NaN,NaN,NaN,NaN,NaN,NaN,NaN,NaN,TD,NW,b,b,NaN,NaN,NaN,NaN,NaN,NaN,
1985080206,12e.1985,LINDA,TS,NN,15.4,225.3,30,NaN,316,3,316,3,NaN,NaN,NaN,NaN,NaN,NaN,NaN,NaN,NaN,NaN,TD,NW,b,b,NaN,NaN,NaN,NaN,NaN,NaN,
1985080212,12e.1985,LINDA,TS,NN,15.6,224.7,30,NaN,300,5,300,5,NaN,NaN,NaN,NaN,NaN,NaN,NaN,NaN,NaN,NaN,TD,NW,b,b,NaN,NaN,NaN,NaN,NaN,NaN,
1985080218,12e.1985,LINDA,TS,NN,15.8,224.1,30,NaN,289,6,289,6,NaN,NaN,NaN,NaN,NaN,NaN,NaN,NaN,NaN,NaN,TD,NW,b,b,NaN,NaN,NaN,NaN,NaN,NaN,
1985080300,12e.1985,LINDA,TS,NN,16.1,223.4,30,NaN,292,7,292,7,NaN,NaN,NaN,NaN,NaN,NaN,NaN,NaN,NaN,NaN,TD,NW,b,b,NaN,NaN,NaN,NaN,NaN,NaN,
1985080306,12e.1985,LINDA,TS,NN,16.3,222.8,25,NaN,292,7,292,7,NaN,NaN,NaN,NaN,NaN,NaN,NaN,NaN,NaN,NaN,TD,NW,b,b,NaN,NaN,NaN,NaN,NaN,NaN,
1985080312,12e.1985,LINDA,TS,NN,16.6,222.2,25,NaN,293,6,293,6,NaN,NaN,NaN,NaN,NaN,NaN,NaN,NaN,NaN,NaN,TD,NW,b,b,NaN,NaN,NaN,NaN,NaN,NaN,
1985080318,12e.1985,LINDA,TS,NN,16.9,221.5,25,NaN,296,7,296,7,NaN,NaN,NaN,NaN,NaN,NaN,NaN,NaN,NaN,NaN,TD,NW,b,b,NaN,NaN,NaN,NaN,NaN,NaN,
1985080400,12e.1985,LINDA,TS,NN,17.2,221.0,25,NaN,298,6,298,6,NaN,NaN,NaN,NaN,NaN,NaN,NaN,NaN,NaN,NaN,TD,NW,b,b,NaN,NaN,NaN,NaN,NaN,NaN,
1985080406,12e.1985,LINDA,TS,NN,17.4,220.3,25,NaN,294,6,294,6,NaN,NaN,NaN,NaN,NaN,NaN,NaN,NaN,NaN,NaN,TD,NW,b,b,NaN,NaN,NaN,NaN,NaN,NaN,
1985080412,12e.1985,LINDA,TS,NN,17.6,220.2,25,NaN,298,4,298,4,NaN,NaN,NaN,NaN,NaN,NaN,NaN,NaN,NaN,NaN,TD,NW,b,b,NaN,NaN,NaN,NaN,NaN,NaN,
1985080418,12e.1985,LINDA,TS,NN,17.8,219.8,40,NaN,310,3,310,3,NaN,NaN,NaN,NaN,NaN,NaN,NaN,NaN,NaN,NaN,TS,NW,b,b,NaN,NaN,NaN,NaN,NaN,NaN,
1985080500,12e.1985,LINDA,TS,NN,17.9,219.4,40,NaN,291,4,291,4,NaN,NaN,NaN,NaN,NaN,NaN,NaN,NaN,NaN,NaN,TS,NW,b,b,NaN,NaN,NaN,NaN,NaN,NaN,
1985080506,12e.1985,LINDA,TS,NN,17.9,218.8,40,NaN,276,5,276,5,NaN,NaN,NaN,NaN,NaN,NaN,NaN,NaN,NaN,NaN,TS,NW,b,b,NaN,NaN,NaN,NaN,NaN,NaN,
1985080512,12e.1985,LINDA,TS,NN,17.9,218.2,40,NaN,270,6,270,6,NaN,NaN,NaN,NaN,NaN,NaN,NaN,NaN,NaN,NaN,TS,NW,b,b,NaN,NaN,NaN,NaN,NaN,NaN,
1985080518,12e.1985,LINDA,TS,NN,17.8,217.7,35,NaN,265,5,265,5,NaN,NaN,NaN,NaN,NaN,NaN,NaN,NaN,NaN,NaN,TS,NW,b,b,NaN,NaN,NaN,NaN,NaN,NaN,
1985080600,12e.1985,LINDA,TS,NN,17.8,217.0,30,NaN,265,6,265,6,NaN,NaN,NaN,NaN,NaN,NaN,NaN,NaN,NaN,NaN,TD,NW,b,b,NaN,NaN,NaN,NaN,NaN,NaN,
1985080606,12e.1985,LINDA,TS,NN,17.8,216.1,30,NaN,270,8,270,8,NaN,NaN,NaN,NaN,NaN,NaN,NaN,NaN,NaN,NaN,TD,NW,b,b,NaN,NaN,NaN,NaN,NaN,NaN,
1985080612,12e.1985,LINDA,TS,NN,17.7,215.0,30,NaN,267,10,267,10,NaN,NaN,NaN,NaN,NaN,NaN,NaN,NaN,NaN,NaN,TD,NW,b,b,NaN,NaN,NaN,NaN,NaN,NaN,
1985080618,12e.1985,LINDA,TS,NN,17.6,213.9,25,NaN,265,11,265,11,NaN,NaN,NaN,NaN,NaN,NaN,NaN,NaN,NaN,NaN,TD,NW,b,b,NaN,NaN,NaN,NaN,NaN,NaN,
1985080700,12e.1985,LINDA,TS,NN,17.5,212.7,25,NaN,265,11,265,11,NaN,NaN,NaN,NaN,NaN,NaN,NaN,NaN,NaN,NaN,TD,NW,b,b,NaN,NaN,NaN,NaN,NaN,NaN,
1985080706,12e.1985,LINDA,TS,NN,17.2,211.3,30,NaN,261,13,261,13,NaN,NaN,NaN,NaN,NaN,NaN,NaN,NaN,NaN,NaN,TD,NW,b,b,NaN,NaN,NaN,NaN,NaN,NaN,
1985080712,12e.1985,LINDA,TS,NN,17.0,210.1,30,NaN,259,13,259,13,NaN,NaN,NaN,NaN,NaN,NaN,NaN,NaN,NaN,NaN,TD,NW,b,b,NaN,NaN,NaN,NaN,NaN,NaN,
1985080718,12e.1985,LINDA,TS,NN,16.7,208.9,30,NaN,258,12,258,12,NaN,NaN,NaN,NaN,NaN,NaN,NaN,NaN,NaN,NaN,TD,NW,b,b,NaN,NaN,NaN,NaN,NaN,NaN,
1985080800,12e.1985,LINDA,TS,NN,16.5,207.3,30,NaN,259,14,259,14,NaN,NaN,NaN,NaN,NaN,NaN,NaN,NaN,NaN,NaN,TD,NW,b,b,NaN,NaN,NaN,NaN,NaN,NaN,
1985080806,12e.1985,LINDA,TS,NN,16.4,205.7,30,NaN,264,15,264,15,NaN,NaN,NaN,NaN,NaN,NaN,NaN,NaN,NaN,NaN,TD,NW,b,b,NaN,NaN,NaN,NaN,NaN,NaN,
1985080812,12e.1985,LINDA,TS,NN,16.4,204.0,30,NaN,268,16,268,16,NaN,NaN,NaN,NaN,NaN,NaN,NaN,NaN,NaN,NaN,TD,NW,b,b,NaN,NaN,NaN,NaN,NaN,NaN,
1985080818,12e.1985,LINDA,TS,NN,16.4,202.4,30,NaN,270,16,270,16,NaN,NaN,NaN,NaN,NaN,NaN,NaN,NaN,NaN,NaN,TD,NW,b,b,NaN,NaN,NaN,NaN,NaN,NaN,
1985080900,12e.1985,LINDA,TS,NN,16.4,200.8,25,NaN,270,15,270,15,NaN,NaN,NaN,NaN,NaN,NaN,NaN,NaN,NaN,NaN,TD,NW,b,b,NaN,NaN,NaN,NaN,NaN,NaN,
1985080618,e13.1985,9X-E13,TY,NN,14.1,253.8,25,NaN,297,12,297,12,NaN,NaN,NaN,NaN,NaN,NaN,NaN,NaN,NaN,NaN,TD,NW,b,b,NaN,NaN,NaN,NaN,NaN,NaN,
1985080700,e13.1985,9X-E13,TY,NN,14.7,252.7,30,NaN,297,12,297,12,NaN,NaN,NaN,NaN,NaN,NaN,NaN,NaN,NaN,NaN,TD,NW,b,b,NaN,NaN,NaN,NaN,NaN,NaN,
1985080706,e13.1985,9X-E13,TY,NN,15.2,251.6,30,NaN,297,12,297,12,NaN,NaN,NaN,NaN,NaN,NaN,NaN,NaN,NaN,NaN,TD,NW,b,b,NaN,NaN,NaN,NaN,NaN,NaN,
1985080712,13e.1985,MARTY,TY,NN,15.9,250.6,35,NaN,301,12,301,12,NaN,NaN,NaN,NaN,NaN,NaN,NaN,NaN,NaN,NaN,TS,NW,b,b,NaN,NaN,NaN,NaN,NaN,NaN,
1985080718,13e.1985,MARTY,TY,NN,16.4,249.6,40,NaN,302,11,302,11,NaN,NaN,NaN,NaN,NaN,NaN,NaN,NaN,NaN,NaN,TS,NW,b,b,NaN,NaN,NaN,NaN,NaN,NaN,
1985080800,13e.1985,MARTY,TY,NN,16.8,248.6,45,NaN,295,11,295,11,NaN,NaN,NaN,NaN,NaN,NaN,NaN,NaN,NaN,NaN,TS,NW,b,b,NaN,NaN,NaN,NaN,NaN,NaN,
1985080806,13e.1985,MARTY,TY,NN,17.2,248.0,50,NaN,298,9,298,9,NaN,NaN,NaN,NaN,NaN,NaN,NaN,NaN,NaN,NaN,TS,NW,b,b,NaN,NaN,NaN,NaN,NaN,NaN,
1985080812,13e.1985,MARTY,TY,NN,17.3,247.3,55,NaN,292,7,292,7,NaN,NaN,NaN,NaN,NaN,NaN,NaN,NaN,NaN,NaN,TS,NW,b,b,NaN,NaN,NaN,NaN,NaN,NaN,
1985080818,13e.1985,MARTY,TY,NN,17.3,246.7,60,NaN,275,6,275,6,NaN,NaN,NaN,NaN,NaN,NaN,NaN,NaN,NaN,NaN,TS,NW,b,b,NaN,NaN,NaN,NaN,NaN,NaN,
1985080900,13e.1985,MARTY,TY,NN,17.4,246.3,65,NaN,276,5,276,5,NaN,NaN,NaN,NaN,NaN,NaN,NaN,NaN,NaN,NaN,TY,NW,b,b,NaN,NaN,NaN,NaN,NaN,NaN,
1985080906,13e.1985,MARTY,TY,NN,17.5,245.7,65,NaN,282,5,282,5,NaN,NaN,NaN,NaN,NaN,NaN,NaN,NaN,NaN,NaN,TY,NW,b,b,NaN,NaN,NaN,NaN,NaN,NaN,
1985080912,13e.1985,MARTY,TY,NN,17.6,245.2,65,NaN,281,5,281,5,NaN,NaN,NaN,NaN,NaN,NaN,NaN,NaN,NaN,NaN,TY,NW,b,b,NaN,NaN,NaN,NaN,NaN,NaN,
1985080918,13e.1985,MARTY,TY,NN,17.8,244.5,60,NaN,285,6,285,6,NaN,NaN,NaN,NaN,NaN,NaN,NaN,NaN,NaN,NaN,TS,NW,b,b,NaN,NaN,NaN,NaN,NaN,NaN,
1985081000,13e.1985,MARTY,TY,NN,18.1,243.6,55,NaN,288,8,288,8,NaN,NaN,NaN,NaN,NaN,NaN,NaN,NaN,NaN,NaN,TS,NW,b,b,NaN,NaN,NaN,NaN,NaN,NaN,
1985081006,13e.1985,MARTY,TY,NN,18.4,242.9,50,NaN,292,8,292,8,NaN,NaN,NaN,NaN,NaN,NaN,NaN,NaN,NaN,NaN,TS,NW,b,b,NaN,NaN,NaN,NaN,NaN,NaN,
1985081012,13e.1985,MARTY,TY,NN,18.7,242.1,55,NaN,293,8,293,8,NaN,NaN,NaN,NaN,NaN,NaN,NaN,NaN,NaN,NaN,TS,NW,b,b,NaN,NaN,NaN,NaN,NaN,NaN,
1985081018,13e.1985,MARTY,TY,NN,19.0,241.2,55,NaN,290,9,290,9,NaN,NaN,NaN,NaN,NaN,NaN,NaN,NaN,NaN,NaN,TS,NW,b,b,NaN,NaN,NaN,NaN,NaN,NaN,
1985081100,13e.1985,MARTY,TY,NN,19.4,240.3,55,NaN,292,9,292,9,NaN,NaN,NaN,NaN,NaN,NaN,NaN,NaN,NaN,NaN,TS,NW,b,b,NaN,NaN,NaN,NaN,NaN,NaN,
1985081106,13e.1985,MARTY,TY,NN,19.9,239.5,50,NaN,299,9,299,9,NaN,NaN,NaN,NaN,NaN,NaN,NaN,NaN,NaN,NaN,TS,NW,b,b,NaN,NaN,NaN,NaN,NaN,NaN,
1985081112,13e.1985,MARTY,TY,NN,20.4,238.5,50,NaN,301,10,301,10,NaN,NaN,NaN,NaN,NaN,NaN,NaN,NaN,NaN,NaN,TS,NW,b,b,NaN,NaN,NaN,NaN,NaN,NaN,
1985081118,13e.1985,MARTY,TY,NN,20.9,237.4,50,NaN,297,11,297,11,NaN,NaN,NaN,NaN,NaN,NaN,NaN,NaN,NaN,NaN,TS,NW,b,b,NaN,NaN,NaN,NaN,NaN,NaN,
1985081200,13e.1985,MARTY,TY,NN,21.4,236.4,50,NaN,297,11,297,11,NaN,NaN,NaN,NaN,NaN,NaN,NaN,NaN,NaN,NaN,TS,NW,b,b,NaN,NaN,NaN,NaN,NaN,NaN,
1985081206,13e.1985,MARTY,TY,NN,21.9,235.4,45,NaN,298,11,298,11,NaN,NaN,NaN,NaN,NaN,NaN,NaN,NaN,NaN,NaN,TS,NW,b,b,NaN,NaN,NaN,NaN,NaN,NaN,
1985081212,13e.1985,MARTY,TY,NN,22.3,234.5,45,NaN,297,10,297,10,NaN,NaN,NaN,NaN,NaN,NaN,NaN,NaN,NaN,NaN,TS,NW,b,b,NaN,NaN,NaN,NaN,NaN,NaN,
1985081218,13e.1985,MARTY,TY,NN,23.0,233.9,35,NaN,308,9,308,9,NaN,NaN,NaN,NaN,NaN,NaN,NaN,NaN,NaN,NaN,TS,NW,b,b,NaN,NaN,NaN,NaN,NaN,NaN,
1985081300,13e.1985,MARTY,TY,NN,23.9,233.5,30,NaN,330,9,330,9,NaN,NaN,NaN,NaN,NaN,NaN,NaN,NaN,NaN,NaN,TD,NW,b,b,NaN,NaN,NaN,NaN,NaN,NaN,
1985081306,13e.1985,MARTY,TY,NN,24.8,233.0,30,NaN,335,10,335,10,NaN,NaN,NaN,NaN,NaN,NaN,NaN,NaN,NaN,NaN,TD,NW,b,b,NaN,NaN,NaN,NaN,NaN,NaN,
1985081312,13e.1985,MARTY,TY,NN,25.7,232.7,30,NaN,338,10,338,10,NaN,NaN,NaN,NaN,NaN,NaN,NaN,NaN,NaN,NaN,TD,NW,b,b,NaN,NaN,NaN,NaN,NaN,NaN,
1985081318,13e.1985,MARTY,TY,NN,26.7,232.4,25,NaN,344,10,344,10,NaN,NaN,NaN,NaN,NaN,NaN,NaN,NaN,NaN,NaN,TD,NW,b,b,NaN,NaN,NaN,NaN,NaN,NaN,
1985081918,e14.1985,9X-E14,TS,NN,15.5,248.2,25,NaN,295,12,295,12,NaN,NaN,NaN,NaN,NaN,NaN,NaN,NaN,NaN,NaN,TD,NW,b,b,NaN,NaN,NaN,NaN,NaN,NaN,
1985082000,e14.1985,9X-E14,TS,NN,15.9,247.2,25,NaN,295,12,295,12,NaN,NaN,NaN,NaN,NaN,NaN,NaN,NaN,NaN,NaN,TD,NW,b,b,NaN,NaN,NaN,NaN,NaN,NaN,
1985082006,e14.1985,9X-E14,TS,NN,16.5,246.0,25,NaN,295,12,295,12,NaN,NaN,NaN,NaN,NaN,NaN,NaN,NaN,NaN,NaN,TD,NW,b,b,NaN,NaN,NaN,NaN,NaN,NaN,
1985082012,e14.1985,9X-E14,TS,NN,17.0,244.7,25,NaN,295,13,295,13,NaN,NaN,NaN,NaN,NaN,NaN,NaN,NaN,NaN,NaN,TD,NW,b,b,NaN,NaN,NaN,NaN,NaN,NaN,
1985082018,e14.1985,9X-E14,TS,NN,17.3,243.4,25,NaN,288,13,288,13,NaN,NaN,NaN,NaN,NaN,NaN,NaN,NaN,NaN,NaN,TD,NW,b,b,NaN,NaN,NaN,NaN,NaN,NaN,
1985082100,e14.1985,9X-E14,TS,NN,17.5,242.2,30,NaN,282,12,282,12,NaN,NaN,NaN,NaN,NaN,NaN,NaN,NaN,NaN,NaN,TD,NW,b,b,NaN,NaN,NaN,NaN,NaN,NaN,
1985082106,e14.1985,9X-E14,TS,NN,17.8,241.0,30,NaN,282,12,282,12,NaN,NaN,NaN,NaN,NaN,NaN,NaN,NaN,NaN,NaN,TD,NW,b,b,NaN,NaN,NaN,NaN,NaN,NaN,
1985082112,14e.1985,NORA,TS,NN,18.0,239.9,35,NaN,283,11,283,11,NaN,NaN,NaN,NaN,NaN,NaN,NaN,NaN,NaN,NaN,TS,NW,b,b,NaN,NaN,NaN,NaN,NaN,NaN,
1985082118,14e.1985,NORA,TS,NN,18.4,238.9,35,NaN,287,10,287,10,NaN,NaN,NaN,NaN,NaN,NaN,NaN,NaN,NaN,NaN,TS,NW,b,b,NaN,NaN,NaN,NaN,NaN,NaN,
1985082200,14e.1985,NORA,TS,NN,19.0,238.0,40,NaN,299,10,299,10,NaN,NaN,NaN,NaN,NaN,NaN,NaN,NaN,NaN,NaN,TS,NW,b,b,NaN,NaN,NaN,NaN,NaN,NaN,
1985082206,14e.1985,NORA,TS,NN,19.8,236.8,35,NaN,305,12,305,12,NaN,NaN,NaN,NaN,NaN,NaN,NaN,NaN,NaN,NaN,TS,NW,b,b,NaN,NaN,NaN,NaN,NaN,NaN,
1985082212,14e.1985,NORA,TS,NN,20.6,235.6,30,NaN,305,14,305,14,NaN,NaN,NaN,NaN,NaN,NaN,NaN,NaN,NaN,NaN,TD,NW,b,b,NaN,NaN,NaN,NaN,NaN,NaN,
1985082218,14e.1985,NORA,TS,NN,21.3,234.7,30,NaN,307,12,307,12,NaN,NaN,NaN,NaN,NaN,NaN,NaN,NaN,NaN,NaN,TD,NW,b,b,NaN,NaN,NaN,NaN,NaN,NaN,
1985082300,14e.1985,NORA,TS,NN,22.1,233.9,30,NaN,313,11,313,11,NaN,NaN,NaN,NaN,NaN,NaN,NaN,NaN,NaN,NaN,TD,NW,b,b,NaN,NaN,NaN,NaN,NaN,NaN,
1985082306,14e.1985,NORA,TS,NN,22.7,233.0,25,NaN,312,11,312,11,NaN,NaN,NaN,NaN,NaN,NaN,NaN,NaN,NaN,NaN,TD,NW,b,b,NaN,NaN,NaN,NaN,NaN,NaN,
1985082312,14e.1985,NORA,TS,NN,23.5,232.2,25,NaN,312,11,312,11,NaN,NaN,NaN,NaN,NaN,NaN,NaN,NaN,NaN,NaN,TD,NW,b,b,NaN,NaN,NaN,NaN,NaN,NaN,
1985082200,e15.1985,9X-E15,TY,NN,12.9,257.8,25,NaN,279,6,279,6,NaN,NaN,NaN,NaN,NaN,NaN,NaN,NaN,NaN,NaN,TD,NW,b,b,NaN,NaN,NaN,NaN,NaN,NaN,
1985082206,e15.1985,9X-E15,TY,NN,13.0,257.2,25,NaN,279,6,279,6,NaN,NaN,NaN,NaN,NaN,NaN,NaN,NaN,NaN,NaN,TD,NW,b,b,NaN,NaN,NaN,NaN,NaN,NaN,
1985082212,e15.1985,9X-E15,TY,NN,13.1,256.5,25,NaN,279,6,279,6,NaN,NaN,NaN,NaN,NaN,NaN,NaN,NaN,NaN,NaN,TD,NW,b,b,NaN,NaN,NaN,NaN,NaN,NaN,
1985082218,e15.1985,9X-E15,TY,NN,13.1,255.9,25,NaN,275,6,275,6,NaN,NaN,NaN,NaN,NaN,NaN,NaN,NaN,NaN,NaN,TD,NW,b,b,NaN,NaN,NaN,NaN,NaN,NaN,
1985082300,e15.1985,9X-E15,TY,NN,13.0,255.3,30,NaN,265,6,265,6,NaN,NaN,NaN,NaN,NaN,NaN,NaN,NaN,NaN,NaN,TD,NW,b,b,NaN,NaN,NaN,NaN,NaN,NaN,
1985082306,e15.1985,9X-E15,TY,NN,12.9,254.8,30,NaN,259,5,259,5,NaN,NaN,NaN,NaN,NaN,NaN,NaN,NaN,NaN,NaN,TD,NW,b,b,NaN,NaN,NaN,NaN,NaN,NaN,
1985082312,e15.1985,9X-E15,TY,NN,12.8,254.2,30,NaN,259,5,259,5,NaN,NaN,NaN,NaN,NaN,NaN,NaN,NaN,NaN,NaN,TD,NW,b,b,NaN,NaN,NaN,NaN,NaN,NaN,
1985082318,e15.1985,9X-E15,TY,NN,12.7,253.7,30,NaN,259,5,259,5,NaN,NaN,NaN,NaN,NaN,NaN,NaN,NaN,NaN,NaN,TD,NW,b,b,NaN,NaN,NaN,NaN,NaN,NaN,
1985082400,15e.1985,OLAF,TY,NN,12.7,253.1,35,NaN,265,5,265,5,NaN,NaN,NaN,NaN,NaN,NaN,NaN,NaN,NaN,NaN,TS,NW,b,b,NaN,NaN,NaN,NaN,NaN,NaN,
1985082406,15e.1985,OLAF,TY,NN,12.7,252.6,35,NaN,270,5,270,5,NaN,NaN,NaN,NaN,NaN,NaN,NaN,NaN,NaN,NaN,TS,NW,b,b,NaN,NaN,NaN,NaN,NaN,NaN,
1985082412,15e.1985,OLAF,TY,NN,12.8,252.0,35,NaN,275,5,275,5,NaN,NaN,NaN,NaN,NaN,NaN,NaN,NaN,NaN,NaN,TS,NW,b,b,NaN,NaN,NaN,NaN,NaN,NaN,
1985082418,15e.1985,OLAF,TY,NN,13.0,251.4,40,NaN,284,6,284,6,NaN,NaN,NaN,NaN,NaN,NaN,NaN,NaN,NaN,NaN,TS,NW,b,b,NaN,NaN,NaN,NaN,NaN,NaN,
1985082500,15e.1985,OLAF,TY,NN,13.7,250.7,55,NaN,305,8,305,8,NaN,NaN,NaN,NaN,NaN,NaN,NaN,NaN,NaN,NaN,TS,NW,b,b,NaN,NaN,NaN,NaN,NaN,NaN,
1985082506,15e.1985,OLAF,TY,NN,14.6,250.1,55,NaN,322,10,322,10,NaN,NaN,NaN,NaN,NaN,NaN,NaN,NaN,NaN,NaN,TS,NW,b,b,NaN,NaN,NaN,NaN,NaN,NaN,
1985082512,15e.1985,OLAF,TY,NN,15.7,249.7,55,NaN,334,11,334,11,NaN,NaN,NaN,NaN,NaN,NaN,NaN,NaN,NaN,NaN,TS,NW,b,b,NaN,NaN,NaN,NaN,NaN,NaN,
1985082518,15e.1985,OLAF,TY,NN,16.9,248.9,60,NaN,333,13,333,13,NaN,NaN,NaN,NaN,NaN,NaN,NaN,NaN,NaN,NaN,TS,NW,b,b,NaN,NaN,NaN,NaN,NaN,NaN,
1985082600,15e.1985,OLAF,TY,NN,17.8,247.9,65,NaN,321,14,321,14,NaN,NaN,NaN,NaN,NaN,NaN,NaN,NaN,NaN,NaN,TY,NW,b,b,NaN,NaN,NaN,NaN,NaN,NaN,
1985082606,15e.1985,OLAF,TY,NN,18.4,246.7,70,NaN,306,13,306,13,NaN,NaN,NaN,NaN,NaN,NaN,NaN,NaN,NaN,NaN,TY,NW,b,b,NaN,NaN,NaN,NaN,NaN,NaN,
1985082612,15e.1985,OLAF,TY,NN,19.1,245.5,70,NaN,300,13,300,13,NaN,NaN,NaN,NaN,NaN,NaN,NaN,NaN,NaN,NaN,TY,NW,b,b,NaN,NaN,NaN,NaN,NaN,NaN,
1985082618,15e.1985,OLAF,TY,NN,20.0,244.3,75,NaN,305,14,305,14,NaN,NaN,NaN,NaN,NaN,NaN,NaN,NaN,NaN,NaN,TY,NW,b,b,NaN,NaN,NaN,NaN,NaN,NaN,
1985082700,15e.1985,OLAF,TY,NN,20.8,243.1,75,NaN,307,14,307,14,NaN,NaN,NaN,NaN,NaN,NaN,NaN,NaN,NaN,NaN,TY,NW,b,b,NaN,NaN,NaN,NaN,NaN,NaN,
1985082706,15e.1985,OLAF,TY,NN,21.4,241.8,75,NaN,301,14,301,14,NaN,NaN,NaN,NaN,NaN,NaN,NaN,NaN,NaN,NaN,TY,NW,b,b,NaN,NaN,NaN,NaN,NaN,NaN,
1985082712,15e.1985,OLAF,TY,NN,21.8,240.1,70,NaN,290,15,290,15,NaN,NaN,NaN,NaN,NaN,NaN,NaN,NaN,NaN,NaN,TY,NW,b,b,NaN,NaN,NaN,NaN,NaN,NaN,
1985082718,15e.1985,OLAF,TY,NN,22.1,238.1,65,NaN,282,18,282,18,NaN,NaN,NaN,NaN,NaN,NaN,NaN,NaN,NaN,NaN,TY,NW,b,b,NaN,NaN,NaN,NaN,NaN,NaN,
1985082800,15e.1985,OLAF,TY,NN,22.4,236.3,65,NaN,280,18,280,18,NaN,NaN,NaN,NaN,NaN,NaN,NaN,NaN,NaN,NaN,TY,NW,b,b,NaN,NaN,NaN,NaN,NaN,NaN,
1985082806,15e.1985,OLAF,TY,NN,22.4,235.0,55,NaN,276,14,276,14,NaN,NaN,NaN,NaN,NaN,NaN,NaN,NaN,NaN,NaN,TS,NW,b,b,NaN,NaN,NaN,NaN,NaN,NaN,
1985082812,15e.1985,OLAF,TY,NN,22.3,233.6,45,NaN,268,12,268,12,NaN,NaN,NaN,NaN,NaN,NaN,NaN,NaN,NaN,NaN,TS,NW,b,b,NaN,NaN,NaN,NaN,NaN,NaN,
1985082818,15e.1985,OLAF,TY,NN,22.0,232.4,40,NaN,261,12,261,12,NaN,NaN,NaN,NaN,NaN,NaN,NaN,NaN,NaN,NaN,TS,NW,b,b,NaN,NaN,NaN,NaN,NaN,NaN,
1985082900,15e.1985,OLAF,TY,NN,21.8,231.5,40,NaN,256,10,256,10,NaN,NaN,NaN,NaN,NaN,NaN,NaN,NaN,NaN,NaN,TS,NW,b,b,NaN,NaN,NaN,NaN,NaN,NaN,
1985082906,15e.1985,OLAF,TY,NN,21.9,231.0,35,NaN,266,7,266,7,NaN,NaN,NaN,NaN,NaN,NaN,NaN,NaN,NaN,NaN,TS,NW,b,b,NaN,NaN,NaN,NaN,NaN,NaN,
1985082912,15e.1985,OLAF,TY,NN,22.2,230.5,30,NaN,293,5,293,5,NaN,NaN,NaN,NaN,NaN,NaN,NaN,NaN,NaN,NaN,TD,NW,b,b,NaN,NaN,NaN,NaN,NaN,NaN,
1985082918,15e.1985,OLAF,TY,NN,22.5,230.0,30,NaN,303,6,303,6,NaN,NaN,NaN,NaN,NaN,NaN,NaN,NaN,NaN,NaN,TD,NW,b,b,NaN,NaN,NaN,NaN,NaN,NaN,
1985083000,15e.1985,OLAF,TY,NN,22.9,229.9,25,NaN,322,4,322,4,NaN,NaN,NaN,NaN,NaN,NaN,NaN,NaN,NaN,NaN,TD,NW,b,b,NaN,NaN,NaN,NaN,NaN,NaN,
1985083006,15e.1985,OLAF,TY,NN,23.5,229.9,25,NaN,355,5,355,5,NaN,NaN,NaN,NaN,NaN,NaN,NaN,NaN,NaN,NaN,TD,NW,b,b,NaN,NaN,NaN,NaN,NaN,NaN,
1985083012,15e.1985,OLAF,TY,NN,24.3,229.8,25,NaN,356,7,356,7,NaN,NaN,NaN,NaN,NaN,NaN,NaN,NaN,NaN,NaN,TD,NW,b,b,NaN,NaN,NaN,NaN,NaN,NaN,
1985083018,15e.1985,OLAF,TY,NN,25.1,229.7,25,NaN,354,8,354,8,NaN,NaN,NaN,NaN,NaN,NaN,NaN,NaN,NaN,NaN,TD,NW,b,b,NaN,NaN,NaN,NaN,NaN,NaN,
1985083100,15e.1985,OLAF,TY,NN,25.7,229.6,25,NaN,353,7,353,7,NaN,NaN,NaN,NaN,NaN,NaN,NaN,NaN,NaN,NaN,TD,NW,b,b,NaN,NaN,NaN,NaN,NaN,NaN,
1985083106,15e.1985,OLAF,TY,NN,26.0,229.5,25,NaN,349,5,349,5,NaN,NaN,NaN,NaN,NaN,NaN,NaN,NaN,NaN,NaN,TD,NW,b,b,NaN,NaN,NaN,NaN,NaN,NaN,
1985082718,e16.1985,9X-E16,TY,NN,15.8,255.9,25,NaN,233,8,233,8,NaN,NaN,NaN,NaN,NaN,NaN,NaN,NaN,NaN,NaN,TD,NW,b,b,NaN,NaN,NaN,NaN,NaN,NaN,
1985082800,e16.1985,9X-E16,TY,NN,15.5,255.0,25,NaN,233,8,233,8,NaN,NaN,NaN,NaN,NaN,NaN,NaN,NaN,NaN,NaN,TD,NW,b,b,NaN,NaN,NaN,NaN,NaN,NaN,
1985082806,e16.1985,9X-E16,TY,NN,14.8,254.5,25,NaN,233,8,233,8,NaN,NaN,NaN,NaN,NaN,NaN,NaN,NaN,NaN,NaN,TD,NW,b,b,NaN,NaN,NaN,NaN,NaN,NaN,
1985082812,e16.1985,9X-E16,TY,NN,13.9,253.9,25,NaN,214,10,214,10,NaN,NaN,NaN,NaN,NaN,NaN,NaN,NaN,NaN,NaN,TD,NW,b,b,NaN,NaN,NaN,NaN,NaN,NaN,
1985082818,e16.1985,9X-E16,TY,NN,13.1,253.1,25,NaN,219,11,219,11,NaN,NaN,NaN,NaN,NaN,NaN,NaN,NaN,NaN,NaN,TD,NW,b,b,NaN,NaN,NaN,NaN,NaN,NaN,
1985082900,e16.1985,9X-E16,TY,NN,12.8,252.1,25,NaN,238,10,238,10,NaN,NaN,NaN,NaN,NaN,NaN,NaN,NaN,NaN,NaN,TD,NW,b,b,NaN,NaN,NaN,NaN,NaN,NaN,
1985082906,e16.1985,9X-E16,TY,NN,12.6,251.1,25,NaN,256,10,256,10,NaN,NaN,NaN,NaN,NaN,NaN,NaN,NaN,NaN,NaN,TD,NW,b,b,NaN,NaN,NaN,NaN,NaN,NaN,
1985082912,e16.1985,9X-E16,TY,NN,12.6,250.1,25,NaN,264,10,264,10,NaN,NaN,NaN,NaN,NaN,NaN,NaN,NaN,NaN,NaN,TD,NW,b,b,NaN,NaN,NaN,NaN,NaN,NaN,
1985082918,e16.1985,9X-E16,TY,NN,12.6,249.1,25,NaN,270,10,270,10,NaN,NaN,NaN,NaN,NaN,NaN,NaN,NaN,NaN,NaN,TD,NW,b,b,NaN,NaN,NaN,NaN,NaN,NaN,
1985083000,e16.1985,9X-E16,TY,NN,12.9,248.1,25,NaN,279,10,279,10,NaN,NaN,NaN,NaN,NaN,NaN,NaN,NaN,NaN,NaN,TD,NW,b,b,NaN,NaN,NaN,NaN,NaN,NaN,
1985083006,e16.1985,9X-E16,TY,NN,13.0,247.2,25,NaN,282,9,282,9,NaN,NaN,NaN,NaN,NaN,NaN,NaN,NaN,NaN,NaN,TD,NW,b,b,NaN,NaN,NaN,NaN,NaN,NaN,
1985083012,e16.1985,9X-E16,TY,NN,13.4,246.4,25,NaN,287,9,287,9,NaN,NaN,NaN,NaN,NaN,NaN,NaN,NaN,NaN,NaN,TD,NW,b,b,NaN,NaN,NaN,NaN,NaN,NaN,
1985083018,e16.1985,9X-E16,TY,NN,13.7,245.4,25,NaN,292,9,292,9,NaN,NaN,NaN,NaN,NaN,NaN,NaN,NaN,NaN,NaN,TD,NW,b,b,NaN,NaN,NaN,NaN,NaN,NaN,
1985083100,16e.1985,PAULINE,TY,NN,13.9,244.4,35,NaN,284,10,284,10,NaN,NaN,NaN,NaN,NaN,NaN,NaN,NaN,NaN,NaN,TS,NW,b,b,NaN,NaN,NaN,NaN,NaN,NaN,
1985083106,16e.1985,PAULINE,TY,NN,14.0,243.3,35,NaN,278,10,278,10,NaN,NaN,NaN,NaN,NaN,NaN,NaN,NaN,NaN,NaN,TS,NW,b,b,NaN,NaN,NaN,NaN,NaN,NaN,
1985083112,16e.1985,PAULINE,TY,NN,14.1,242.2,40,NaN,275,11,275,11,NaN,NaN,NaN,NaN,NaN,NaN,NaN,NaN,NaN,NaN,TS,NW,b,b,NaN,NaN,NaN,NaN,NaN,NaN,
1985083118,16e.1985,PAULINE,TY,NN,14.0,241.0,45,NaN,270,11,270,11,NaN,NaN,NaN,NaN,NaN,NaN,NaN,NaN,NaN,NaN,TS,NW,b,b,NaN,NaN,NaN,NaN,NaN,NaN,
1985090100,16e.1985,PAULINE,TY,NN,13.9,240.1,45,NaN,264,10,264,10,NaN,NaN,NaN,NaN,NaN,NaN,NaN,NaN,NaN,NaN,TS,NW,b,b,NaN,NaN,NaN,NaN,NaN,NaN,
1985090106,16e.1985,PAULINE,TY,NN,13.9,239.3,45,NaN,267,8,267,8,NaN,NaN,NaN,NaN,NaN,NaN,NaN,NaN,NaN,NaN,TS,NW,b,b,NaN,NaN,NaN,NaN,NaN,NaN,
1985090112,16e.1985,PAULINE,TY,NN,14.0,238.5,50,NaN,274,8,274,8,NaN,NaN,NaN,NaN,NaN,NaN,NaN,NaN,NaN,NaN,TS,NW,b,b,NaN,NaN,NaN,NaN,NaN,NaN,
1985090118,16e.1985,PAULINE,TY,NN,14.1,237.8,45,NaN,278,7,278,7,NaN,NaN,NaN,NaN,NaN,NaN,NaN,NaN,NaN,NaN,TS,NW,b,b,NaN,NaN,NaN,NaN,NaN,NaN,
1985090200,16e.1985,PAULINE,TY,NN,14.3,236.9,45,NaN,281,8,281,8,NaN,NaN,NaN,NaN,NaN,NaN,NaN,NaN,NaN,NaN,TS,NW,b,b,NaN,NaN,NaN,NaN,NaN,NaN,
1985090206,16e.1985,PAULINE,TY,NN,14.5,235.8,45,NaN,282,10,282,10,NaN,NaN,NaN,NaN,NaN,NaN,NaN,NaN,NaN,NaN,TS,NW,b,b,NaN,NaN,NaN,NaN,NaN,NaN,
1985090212,16e.1985,PAULINE,TY,NN,14.8,234.7,40,NaN,283,11,283,11,NaN,NaN,NaN,NaN,NaN,NaN,NaN,NaN,NaN,NaN,TS,NW,b,b,NaN,NaN,NaN,NaN,NaN,NaN,
1985090218,16e.1985,PAULINE,TY,NN,15.2,233.4,40,NaN,287,12,287,12,NaN,NaN,NaN,NaN,NaN,NaN,NaN,NaN,NaN,NaN,TS,NW,b,b,NaN,NaN,NaN,NaN,NaN,NaN,
1985090300,16e.1985,PAULINE,TY,NN,15.5,232.2,45,NaN,286,13,286,13,NaN,NaN,NaN,NaN,NaN,NaN,NaN,NaN,NaN,NaN,TS,NW,b,b,NaN,NaN,NaN,NaN,NaN,NaN,
1985090306,16e.1985,PAULINE,TY,NN,15.8,231.2,45,NaN,286,11,286,11,NaN,NaN,NaN,NaN,NaN,NaN,NaN,NaN,NaN,NaN,TS,NW,b,b,NaN,NaN,NaN,NaN,NaN,NaN,
1985090312,16e.1985,PAULINE,TY,NN,16.2,230.0,50,NaN,288,11,288,11,NaN,NaN,NaN,NaN,NaN,NaN,NaN,NaN,NaN,NaN,TS,NW,b,b,NaN,NaN,NaN,NaN,NaN,NaN,
1985090318,16e.1985,PAULINE,TY,NN,16.7,229.1,50,NaN,294,11,294,11,NaN,NaN,NaN,NaN,NaN,NaN,NaN,NaN,NaN,NaN,TS,NW,b,b,NaN,NaN,NaN,NaN,NaN,NaN,
1985090400,16e.1985,PAULINE,TY,NN,17.1,228.0,55,NaN,295,11,295,11,NaN,NaN,NaN,NaN,NaN,NaN,NaN,NaN,NaN,NaN,TS,NW,b,b,NaN,NaN,NaN,NaN,NaN,NaN,
1985090406,16e.1985,PAULINE,TY,NN,17.3,227.0,55,NaN,287,10,287,10,NaN,NaN,NaN,NaN,NaN,NaN,NaN,NaN,NaN,NaN,TS,NW,b,b,NaN,NaN,NaN,NaN,NaN,NaN,
1985090412,16e.1985,PAULINE,TY,NN,17.7,225.8,65,NaN,286,11,286,11,NaN,NaN,NaN,NaN,NaN,NaN,NaN,NaN,NaN,NaN,TY,NW,b,b,NaN,NaN,NaN,NaN,NaN,NaN,
1985090418,16e.1985,PAULINE,TY,NN,18.0,224.7,65,NaN,288,12,288,12,NaN,NaN,NaN,NaN,NaN,NaN,NaN,NaN,NaN,NaN,TY,NW,b,b,NaN,NaN,NaN,NaN,NaN,NaN,
1985090500,16e.1985,PAULINE,TY,NN,18.2,223.4,65,NaN,282,12,282,12,NaN,NaN,NaN,NaN,NaN,NaN,NaN,NaN,NaN,NaN,TY,NW,b,b,NaN,NaN,NaN,NaN,NaN,NaN,
1985090506,16e.1985,PAULINE,TY,NN,18.2,221.9,75,NaN,274,13,274,13,NaN,NaN,NaN,NaN,NaN,NaN,NaN,NaN,NaN,NaN,TY,NW,b,b,NaN,NaN,NaN,NaN,NaN,NaN,
1985090512,16e.1985,PAULINE,TY,NN,18.3,220.2,75,NaN,272,15,272,15,NaN,NaN,NaN,NaN,NaN,NaN,NaN,NaN,NaN,NaN,TY,NW,b,b,NaN,NaN,NaN,NaN,NaN,NaN,
1985090518,16e.1985,PAULINE,TY,NN,18.5,219.4,75,NaN,277,12,277,12,NaN,NaN,NaN,NaN,NaN,NaN,NaN,NaN,NaN,NaN,TY,NW,b,b,NaN,NaN,NaN,NaN,NaN,NaN,
1985090600,16e.1985,PAULINE,TY,NN,18.5,218.0,75,NaN,275,10,275,10,NaN,NaN,NaN,NaN,NaN,NaN,NaN,NaN,NaN,NaN,TY,NW,b,b,NaN,NaN,NaN,NaN,NaN,NaN,
1985090606,16e.1985,PAULINE,TY,NN,18.5,217.0,75,NaN,270,11,270,11,NaN,NaN,NaN,NaN,NaN,NaN,NaN,NaN,NaN,NaN,TY,NW,b,b,NaN,NaN,NaN,NaN,NaN,NaN,
1985090612,16e.1985,PAULINE,TY,NN,18.5,215.9,75,NaN,270,10,270,10,NaN,NaN,NaN,NaN,NaN,NaN,NaN,NaN,NaN,NaN,TY,NW,b,b,NaN,NaN,NaN,NaN,NaN,NaN,
1985090618,16e.1985,PAULINE,TY,NN,18.6,214.8,75,NaN,273,10,273,10,NaN,NaN,NaN,NaN,NaN,NaN,NaN,NaN,NaN,NaN,TY,NW,b,b,NaN,NaN,NaN,NaN,NaN,NaN,
1985090700,16e.1985,PAULINE,TY,NN,19.3,214.3,75,NaN,298,9,298,9,NaN,NaN,NaN,NaN,NaN,NaN,NaN,NaN,NaN,NaN,TY,NW,b,b,NaN,NaN,NaN,NaN,NaN,NaN,
1985090706,16e.1985,PAULINE,TY,NN,19.7,214.1,75,NaN,329,6,329,6,NaN,NaN,NaN,NaN,NaN,NaN,NaN,NaN,NaN,NaN,TY,NW,b,b,NaN,NaN,NaN,NaN,NaN,NaN,
1985090712,16e.1985,PAULINE,TY,NN,20.3,213.9,75,NaN,339,5,339,5,NaN,NaN,NaN,NaN,NaN,NaN,NaN,NaN,NaN,NaN,TY,NW,b,b,NaN,NaN,NaN,NaN,NaN,NaN,
1985090718,16e.1985,PAULINE,TY,NN,20.9,213.8,75,NaN,347,6,347,6,NaN,NaN,NaN,NaN,NaN,NaN,NaN,NaN,NaN,NaN,TY,NW,b,b,NaN,NaN,NaN,NaN,NaN,NaN,
1985090800,16e.1985,PAULINE,TY,NN,21.5,213.8,65,NaN,356,6,356,6,NaN,NaN,NaN,NaN,NaN,NaN,NaN,NaN,NaN,NaN,TY,NW,b,b,NaN,NaN,NaN,NaN,NaN,NaN,
1985090806,16e.1985,PAULINE,TY,NN,22.3,213.8,65,NaN,360,7,360,7,NaN,NaN,NaN,NaN,NaN,NaN,NaN,NaN,NaN,NaN,TY,NW,b,b,NaN,NaN,NaN,NaN,NaN,NaN,
1985090812,16e.1985,PAULINE,TY,NN,23.4,213.9,55,NaN,3,10,3,10,NaN,NaN,NaN,NaN,NaN,NaN,NaN,NaN,NaN,NaN,TS,NW,b,b,NaN,NaN,NaN,NaN,NaN,NaN,
1985090818,16e.1985,PAULINE,TY,NN,24.2,214.0,45,NaN,6,10,6,10,NaN,NaN,NaN,NaN,NaN,NaN,NaN,NaN,NaN,NaN,TS,NW,b,b,NaN,NaN,NaN,NaN,NaN,NaN,
1985090900,16e.1985,PAULINE,TY,NN,25.3,214.0,35,NaN,3,10,3,10,NaN,NaN,NaN,NaN,NaN,NaN,NaN,NaN,NaN,NaN,TS,NW,b,b,NaN,NaN,NaN,NaN,NaN,NaN,
1985090906,16e.1985,PAULINE,TY,NN,26.3,214.1,30,NaN,2,11,2,11,NaN,NaN,NaN,NaN,NaN,NaN,NaN,NaN,NaN,NaN,TD,NW,b,b,NaN,NaN,NaN,NaN,NaN,NaN,
1985090912,16e.1985,PAULINE,TY,NN,27.1,214.1,30,NaN,3,9,3,9,NaN,NaN,NaN,NaN,NaN,NaN,NaN,NaN,NaN,NaN,TD,NW,b,b,NaN,NaN,NaN,NaN,NaN,NaN,
1985090918,16e.1985,PAULINE,TY,NN,28.0,214.0,30,NaN,357,9,357,9,NaN,NaN,NaN,NaN,NaN,NaN,NaN,NaN,NaN,NaN,TD,NW,b,b,NaN,NaN,NaN,NaN,NaN,NaN,
1985090100,e17.1985,9X-E17,TY,NN,14.1,253.5,25,NaN,283,11,283,11,NaN,NaN,NaN,NaN,NaN,NaN,NaN,NaN,NaN,NaN,TD,NW,b,b,NaN,NaN,NaN,NaN,NaN,NaN,
1985090106,e17.1985,9X-E17,TY,NN,14.2,252.3,25,NaN,283,11,283,11,NaN,NaN,NaN,NaN,NaN,NaN,NaN,NaN,NaN,NaN,TD,NW,b,b,NaN,NaN,NaN,NaN,NaN,NaN,
1985090112,e17.1985,9X-E17,TY,NN,14.6,251.2,30,NaN,283,11,283,11,NaN,NaN,NaN,NaN,NaN,NaN,NaN,NaN,NaN,NaN,TD,NW,b,b,NaN,NaN,NaN,NaN,NaN,NaN,
1985090118,e17.1985,9X-E17,TY,NN,14.8,249.9,30,NaN,284,12,284,12,NaN,NaN,NaN,NaN,NaN,NaN,NaN,NaN,NaN,NaN,TD,NW,b,b,NaN,NaN,NaN,NaN,NaN,NaN,
1985090200,e17.1985,9X-E17,TY,NN,15.0,248.8,30,NaN,280,12,280,12,NaN,NaN,NaN,NaN,NaN,NaN,NaN,NaN,NaN,NaN,TD,NW,b,b,NaN,NaN,NaN,NaN,NaN,NaN,
1985090206,e17.1985,9X-E17,TY,NN,15.3,247.9,30,NaN,285,10,285,10,NaN,NaN,NaN,NaN,NaN,NaN,NaN,NaN,NaN,NaN,TD,NW,b,b,NaN,NaN,NaN,NaN,NaN,NaN,
1985090212,17e.1985,RICK,TY,NN,15.3,247.0,35,NaN,280,9,280,9,NaN,NaN,NaN,NaN,NaN,NaN,NaN,NaN,NaN,NaN,TS,NW,b,b,NaN,NaN,NaN,NaN,NaN,NaN,
1985090218,17e.1985,RICK,TY,NN,15.1,246.1,40,NaN,263,9,263,9,NaN,NaN,NaN,NaN,NaN,NaN,NaN,NaN,NaN,NaN,TS,NW,b,b,NaN,NaN,NaN,NaN,NaN,NaN,
1985090300,17e.1985,RICK,TY,NN,14.8,245.3,40,NaN,253,9,253,9,NaN,NaN,NaN,NaN,NaN,NaN,NaN,NaN,NaN,NaN,TS,NW,b,b,NaN,NaN,NaN,NaN,NaN,NaN,
1985090306,17e.1985,RICK,TY,NN,14.4,244.7,40,NaN,243,8,243,8,NaN,NaN,NaN,NaN,NaN,NaN,NaN,NaN,NaN,NaN,TS,NW,b,b,NaN,NaN,NaN,NaN,NaN,NaN,
1985090312,17e.1985,RICK,TY,NN,14.0,244.2,45,NaN,233,7,233,7,NaN,NaN,NaN,NaN,NaN,NaN,NaN,NaN,NaN,NaN,TS,NW,b,b,NaN,NaN,NaN,NaN,NaN,NaN,
1985090318,17e.1985,RICK,TY,NN,13.7,243.6,50,NaN,237,6,237,6,NaN,NaN,NaN,NaN,NaN,NaN,NaN,NaN,NaN,NaN,TS,NW,b,b,NaN,NaN,NaN,NaN,NaN,NaN,
1985090400,17e.1985,RICK,TY,NN,13.3,242.6,50,NaN,246,9,246,9,NaN,NaN,NaN,NaN,NaN,NaN,NaN,NaN,NaN,NaN,TS,NW,b,b,NaN,NaN,NaN,NaN,NaN,NaN,
1985090406,17e.1985,RICK,TY,NN,13.0,241.5,50,NaN,251,11,251,11,NaN,NaN,NaN,NaN,NaN,NaN,NaN,NaN,NaN,NaN,TS,NW,b,b,NaN,NaN,NaN,NaN,NaN,NaN,
1985090412,17e.1985,RICK,TY,NN,12.8,240.4,55,NaN,257,11,257,11,NaN,NaN,NaN,NaN,NaN,NaN,NaN,NaN,NaN,NaN,TS,NW,b,b,NaN,NaN,NaN,NaN,NaN,NaN,
1985090418,17e.1985,RICK,TY,NN,12.7,239.3,60,NaN,262,11,262,11,NaN,NaN,NaN,NaN,NaN,NaN,NaN,NaN,NaN,NaN,TS,NW,b,b,NaN,NaN,NaN,NaN,NaN,NaN,
1985090500,17e.1985,RICK,TY,NN,12.5,238.2,60,NaN,262,11,262,11,NaN,NaN,NaN,NaN,NaN,NaN,NaN,NaN,NaN,NaN,TS,NW,b,b,NaN,NaN,NaN,NaN,NaN,NaN,
1985090506,17e.1985,RICK,TY,NN,12.3,236.9,60,NaN,260,12,260,12,NaN,NaN,NaN,NaN,NaN,NaN,NaN,NaN,NaN,NaN,TS,NW,b,b,NaN,NaN,NaN,NaN,NaN,NaN,
1985090512,17e.1985,RICK,TY,NN,12.2,235.6,55,NaN,263,13,263,13,NaN,NaN,NaN,NaN,NaN,NaN,NaN,NaN,NaN,NaN,TS,NW,b,b,NaN,NaN,NaN,NaN,NaN,NaN,
1985090518,17e.1985,RICK,TY,NN,12.1,234.1,55,NaN,266,14,266,14,NaN,NaN,NaN,NaN,NaN,NaN,NaN,NaN,NaN,NaN,TS,NW,b,b,NaN,NaN,NaN,NaN,NaN,NaN,
1985090600,17e.1985,RICK,TY,NN,12.2,233.0,55,NaN,270,13,270,13,NaN,NaN,NaN,NaN,NaN,NaN,NaN,NaN,NaN,NaN,TS,NW,b,b,NaN,NaN,NaN,NaN,NaN,NaN,
1985090606,17e.1985,RICK,TY,NN,12.4,231.9,55,NaN,278,11,278,11,NaN,NaN,NaN,NaN,NaN,NaN,NaN,NaN,NaN,NaN,TS,NW,b,b,NaN,NaN,NaN,NaN,NaN,NaN,
1985090612,17e.1985,RICK,TY,NN,12.5,230.8,55,NaN,278,11,278,11,NaN,NaN,NaN,NaN,NaN,NaN,NaN,NaN,NaN,NaN,TS,NW,b,b,NaN,NaN,NaN,NaN,NaN,NaN,
1985090618,17e.1985,RICK,TY,NN,12.6,229.6,65,NaN,275,11,275,11,NaN,NaN,NaN,NaN,NaN,NaN,NaN,NaN,NaN,NaN,TY,NW,b,b,NaN,NaN,NaN,NaN,NaN,NaN,
1985090700,17e.1985,RICK,TY,NN,12.7,228.5,70,NaN,275,11,275,11,NaN,NaN,NaN,NaN,NaN,NaN,NaN,NaN,NaN,NaN,TY,NW,b,b,NaN,NaN,NaN,NaN,NaN,NaN,
1985090706,17e.1985,RICK,TY,NN,12.8,227.4,70,NaN,275,11,275,11,NaN,NaN,NaN,NaN,NaN,NaN,NaN,NaN,NaN,NaN,TY,NW,b,b,NaN,NaN,NaN,NaN,NaN,NaN,
1985090712,17e.1985,RICK,TY,NN,13.0,226.4,75,NaN,278,10,278,10,NaN,NaN,NaN,NaN,NaN,NaN,NaN,NaN,NaN,NaN,TY,NW,b,b,NaN,NaN,NaN,NaN,NaN,NaN,
1985090718,17e.1985,RICK,TY,NN,13.3,225.5,90,NaN,285,10,285,10,NaN,NaN,NaN,NaN,NaN,NaN,NaN,NaN,NaN,NaN,TY,NW,b,b,NaN,NaN,NaN,NaN,NaN,NaN,
1985090800,17e.1985,RICK,TY,NN,13.9,224.5,90,NaN,296,10,296,10,NaN,NaN,NaN,NaN,NaN,NaN,NaN,NaN,NaN,NaN,TY,NW,b,b,NaN,NaN,NaN,NaN,NaN,NaN,
1985090806,17e.1985,RICK,TY,NN,14.4,223.6,100,NaN,301,11,301,11,NaN,NaN,NaN,NaN,NaN,NaN,NaN,NaN,NaN,NaN,TY,NW,b,b,NaN,NaN,NaN,NaN,NaN,NaN,
1985090812,17e.1985,RICK,TY,NN,15.3,222.9,115,NaN,312,10,312,10,NaN,NaN,NaN,NaN,NaN,NaN,NaN,NaN,NaN,NaN,TY,NW,b,b,NaN,NaN,NaN,NaN,NaN,NaN,
1985090818,17e.1985,RICK,TY,NN,16.0,222.1,120,NaN,318,11,318,11,NaN,NaN,NaN,NaN,NaN,NaN,NaN,NaN,NaN,NaN,TY,NW,b,b,NaN,NaN,NaN,NaN,NaN,NaN,
1985090900,17e.1985,RICK,TY,NN,16.7,221.3,120,NaN,312,10,312,10,NaN,NaN,NaN,NaN,NaN,NaN,NaN,NaN,NaN,NaN,TY,NW,b,b,NaN,NaN,NaN,NaN,NaN,NaN,
1985090906,17e.1985,RICK,TY,NN,17.2,220.6,125,NaN,310,9,310,9,NaN,NaN,NaN,NaN,NaN,NaN,NaN,NaN,NaN,NaN,TY,NW,b,b,NaN,NaN,NaN,NaN,NaN,NaN,
1985090912,17e.1985,RICK,TY,NN,17.5,219.8,125,NaN,299,8,299,8,NaN,NaN,NaN,NaN,NaN,NaN,NaN,NaN,NaN,NaN,TY,NW,b,b,NaN,NaN,NaN,NaN,NaN,NaN,
1985090918,17e.1985,RICK,TY,NN,18.0,219.0,125,NaN,298,9,298,9,NaN,NaN,NaN,NaN,NaN,NaN,NaN,NaN,NaN,NaN,TY,NW,b,b,NaN,NaN,NaN,NaN,NaN,NaN,
1985091000,17e.1985,RICK,TY,NN,18.5,218.1,125,NaN,302,10,302,10,NaN,NaN,NaN,NaN,NaN,NaN,NaN,NaN,NaN,NaN,TY,NW,b,b,NaN,NaN,NaN,NaN,NaN,NaN,
1985091006,17e.1985,RICK,TY,NN,19.0,217.5,110,NaN,305,9,305,9,NaN,NaN,NaN,NaN,NaN,NaN,NaN,NaN,NaN,NaN,TY,NW,b,b,NaN,NaN,NaN,NaN,NaN,NaN,
1985091012,17e.1985,RICK,TY,NN,19.6,217.0,95,NaN,317,8,317,8,NaN,NaN,NaN,NaN,NaN,NaN,NaN,NaN,NaN,NaN,TY,NW,b,b,NaN,NaN,NaN,NaN,NaN,NaN,
1985091018,17e.1985,RICK,TY,NN,20.4,216.3,80,NaN,321,9,321,9,NaN,NaN,NaN,NaN,NaN,NaN,NaN,NaN,NaN,NaN,TY,NW,b,b,NaN,NaN,NaN,NaN,NaN,NaN,
1985091100,17e.1985,RICK,TY,NN,21.2,215.8,70,NaN,325,10,325,10,NaN,NaN,NaN,NaN,NaN,NaN,NaN,NaN,NaN,NaN,TY,NW,b,b,NaN,NaN,NaN,NaN,NaN,NaN,
1985091106,17e.1985,RICK,TY,NN,22.0,215.1,60,NaN,325,10,325,10,NaN,NaN,NaN,NaN,NaN,NaN,NaN,NaN,NaN,NaN,TS,NW,b,b,NaN,NaN,NaN,NaN,NaN,NaN,
1985091112,17e.1985,RICK,TY,NN,23.0,214.8,60,NaN,333,10,333,10,NaN,NaN,NaN,NaN,NaN,NaN,NaN,NaN,NaN,NaN,TS,NW,b,b,NaN,NaN,NaN,NaN,NaN,NaN,
1985091118,17e.1985,RICK,TY,NN,24.3,215.0,45,NaN,358,12,358,12,NaN,NaN,NaN,NaN,NaN,NaN,NaN,NaN,NaN,NaN,TS,NW,b,b,NaN,NaN,NaN,NaN,NaN,NaN,
1985091200,17e.1985,RICK,TY,NN,25.6,215.5,30,NaN,14,13,14,13,NaN,NaN,NaN,NaN,NaN,NaN,NaN,NaN,NaN,NaN,TD,NW,b,b,NaN,NaN,NaN,NaN,NaN,NaN,
1985090518,e18.1985,9X-E18,TY,NN,12.7,264.5,25,NaN,279,13,279,13,NaN,NaN,NaN,NaN,NaN,NaN,NaN,NaN,NaN,NaN,TD,NW,b,b,NaN,NaN,NaN,NaN,NaN,NaN,
1985090600,e18.1985,9X-E18,TY,NN,13.0,263.0,25,NaN,279,13,279,13,NaN,NaN,NaN,NaN,NaN,NaN,NaN,NaN,NaN,NaN,TD,NW,b,b,NaN,NaN,NaN,NaN,NaN,NaN,
1985090606,e18.1985,9X-E18,TY,NN,13.1,261.9,25,NaN,279,13,279,13,NaN,NaN,NaN,NaN,NaN,NaN,NaN,NaN,NaN,NaN,TD,NW,b,b,NaN,NaN,NaN,NaN,NaN,NaN,
1985090612,e18.1985,9X-E18,TY,NN,13.5,260.9,25,NaN,284,11,284,11,NaN,NaN,NaN,NaN,NaN,NaN,NaN,NaN,NaN,NaN,TD,NW,b,b,NaN,NaN,NaN,NaN,NaN,NaN,
1985090618,e18.1985,9X-E18,TY,NN,13.8,259.9,30,NaN,290,10,290,10,NaN,NaN,NaN,NaN,NaN,NaN,NaN,NaN,NaN,NaN,TD,NW,b,b,NaN,NaN,NaN,NaN,NaN,NaN,
1985090700,18e.1985,SANDRA,TY,NN,14.1,258.9,35,NaN,287,10,287,10,NaN,NaN,NaN,NaN,NaN,NaN,NaN,NaN,NaN,NaN,TS,NW,b,b,NaN,NaN,NaN,NaN,NaN,NaN,
1985090706,18e.1985,SANDRA,TY,NN,14.5,257.9,40,NaN,290,10,290,10,NaN,NaN,NaN,NaN,NaN,NaN,NaN,NaN,NaN,NaN,TS,NW,b,b,NaN,NaN,NaN,NaN,NaN,NaN,
1985090712,18e.1985,SANDRA,TY,NN,14.7,256.9,45,NaN,287,10,287,10,NaN,NaN,NaN,NaN,NaN,NaN,NaN,NaN,NaN,NaN,TS,NW,b,b,NaN,NaN,NaN,NaN,NaN,NaN,
1985090718,18e.1985,SANDRA,TY,NN,15.1,255.9,45,NaN,287,10,287,10,NaN,NaN,NaN,NaN,NaN,NaN,NaN,NaN,NaN,NaN,TS,NW,b,b,NaN,NaN,NaN,NaN,NaN,NaN,
1985090800,18e.1985,SANDRA,TY,NN,15.4,254.7,50,NaN,288,11,288,11,NaN,NaN,NaN,NaN,NaN,NaN,NaN,NaN,NaN,NaN,TS,NW,b,b,NaN,NaN,NaN,NaN,NaN,NaN,
1985090806,18e.1985,SANDRA,TY,NN,15.5,253.6,65,NaN,280,11,280,11,NaN,NaN,NaN,NaN,NaN,NaN,NaN,NaN,NaN,NaN,TY,NW,b,b,NaN,NaN,NaN,NaN,NaN,NaN,
1985090812,18e.1985,SANDRA,TY,NN,15.7,252.3,80,NaN,277,12,277,12,NaN,NaN,NaN,NaN,NaN,NaN,NaN,NaN,NaN,NaN,TY,NW,b,b,NaN,NaN,NaN,NaN,NaN,NaN,
1985090818,18e.1985,SANDRA,TY,NN,15.7,251.3,100,NaN,275,11,275,11,NaN,NaN,NaN,NaN,NaN,NaN,NaN,NaN,NaN,NaN,TY,NW,b,b,NaN,NaN,NaN,NaN,NaN,NaN,
1985090900,18e.1985,SANDRA,TY,NN,15.5,250.5,110,NaN,263,9,263,9,NaN,NaN,NaN,NaN,NaN,NaN,NaN,NaN,NaN,NaN,TY,NW,b,b,NaN,NaN,NaN,NaN,NaN,NaN,
1985090906,18e.1985,SANDRA,TY,NN,15.5,249.8,110,NaN,262,7,262,7,NaN,NaN,NaN,NaN,NaN,NaN,NaN,NaN,NaN,NaN,TY,NW,b,b,NaN,NaN,NaN,NaN,NaN,NaN,
1985090912,18e.1985,SANDRA,TY,NN,15.6,249.1,95,NaN,274,7,274,7,NaN,NaN,NaN,NaN,NaN,NaN,NaN,NaN,NaN,NaN,TY,NW,b,b,NaN,NaN,NaN,NaN,NaN,NaN,
1985090918,18e.1985,SANDRA,TY,NN,15.9,248.2,95,NaN,285,8,285,8,NaN,NaN,NaN,NaN,NaN,NaN,NaN,NaN,NaN,NaN,TY,NW,b,b,NaN,NaN,NaN,NaN,NaN,NaN,
1985091000,18e.1985,SANDRA,TY,NN,16.2,247.7,95,NaN,294,7,294,7,NaN,NaN,NaN,NaN,NaN,NaN,NaN,NaN,NaN,NaN,TY,NW,b,b,NaN,NaN,NaN,NaN,NaN,NaN,
1985091006,18e.1985,SANDRA,TY,NN,16.6,247.0,90,NaN,301,7,301,7,NaN,NaN,NaN,NaN,NaN,NaN,NaN,NaN,NaN,NaN,TY,NW,b,b,NaN,NaN,NaN,NaN,NaN,NaN,
1985091012,18e.1985,SANDRA,TY,NN,17.0,246.3,90,NaN,301,8,301,8,NaN,NaN,NaN,NaN,NaN,NaN,NaN,NaN,NaN,NaN,TY,NW,b,b,NaN,NaN,NaN,NaN,NaN,NaN,
1985091018,18e.1985,SANDRA,TY,NN,17.6,245.7,90,NaN,309,8,309,8,NaN,NaN,NaN,NaN,NaN,NaN,NaN,NaN,NaN,NaN,TY,NW,b,b,NaN,NaN,NaN,NaN,NaN,NaN,
1985091100,18e.1985,SANDRA,TY,NN,18.0,245.4,90,NaN,319,7,319,7,NaN,NaN,NaN,NaN,NaN,NaN,NaN,NaN,NaN,NaN,TY,NW,b,b,NaN,NaN,NaN,NaN,NaN,NaN,
1985091106,18e.1985,SANDRA,TY,NN,18.6,245.0,90,NaN,326,6,326,6,NaN,NaN,NaN,NaN,NaN,NaN,NaN,NaN,NaN,NaN,TY,NW,b,b,NaN,NaN,NaN,NaN,NaN,NaN,
1985091112,18e.1985,SANDRA,TY,NN,19.2,244.7,90,NaN,331,7,331,7,NaN,NaN,NaN,NaN,NaN,NaN,NaN,NaN,NaN,NaN,TY,NW,b,b,NaN,NaN,NaN,NaN,NaN,NaN,
1985091118,18e.1985,SANDRA,TY,NN,19.7,244.4,90,NaN,333,6,333,6,NaN,NaN,NaN,NaN,NaN,NaN,NaN,NaN,NaN,NaN,TY,NW,b,b,NaN,NaN,NaN,NaN,NaN,NaN,
1985091200,18e.1985,SANDRA,TY,NN,20.2,244.0,90,NaN,327,6,327,6,NaN,NaN,NaN,NaN,NaN,NaN,NaN,NaN,NaN,NaN,TY,NW,b,b,NaN,NaN,NaN,NaN,NaN,NaN,
1985091206,18e.1985,SANDRA,TY,NN,20.8,243.5,90,NaN,322,7,322,7,NaN,NaN,NaN,NaN,NaN,NaN,NaN,NaN,NaN,NaN,TY,NW,b,b,NaN,NaN,NaN,NaN,NaN,NaN,
1985091212,18e.1985,SANDRA,TY,NN,21.1,242.8,90,NaN,309,7,309,7,NaN,NaN,NaN,NaN,NaN,NaN,NaN,NaN,NaN,NaN,TY,NW,b,b,NaN,NaN,NaN,NaN,NaN,NaN,
1985091218,18e.1985,SANDRA,TY,NN,21.4,242.0,75,NaN,293,8,293,8,NaN,NaN,NaN,NaN,NaN,NaN,NaN,NaN,NaN,NaN,TY,NW,b,b,NaN,NaN,NaN,NaN,NaN,NaN,
1985091300,18e.1985,SANDRA,TY,NN,21.6,241.3,75,NaN,290,7,290,7,NaN,NaN,NaN,NaN,NaN,NaN,NaN,NaN,NaN,NaN,TY,NW,b,b,NaN,NaN,NaN,NaN,NaN,NaN,
1985091306,18e.1985,SANDRA,TY,NN,21.9,240.4,65,NaN,289,8,289,8,NaN,NaN,NaN,NaN,NaN,NaN,NaN,NaN,NaN,NaN,TY,NW,b,b,NaN,NaN,NaN,NaN,NaN,NaN,
1985091312,18e.1985,SANDRA,TY,NN,22.1,239.2,65,NaN,284,10,284,10,NaN,NaN,NaN,NaN,NaN,NaN,NaN,NaN,NaN,NaN,TY,NW,b,b,NaN,NaN,NaN,NaN,NaN,NaN,
1985091318,18e.1985,SANDRA,TY,NN,22.2,238.0,65,NaN,278,11,278,11,NaN,NaN,NaN,NaN,NaN,NaN,NaN,NaN,NaN,NaN,TY,NW,b,b,NaN,NaN,NaN,NaN,NaN,NaN,
1985091400,18e.1985,SANDRA,TY,NN,22.3,237.0,60,NaN,276,10,276,10,NaN,NaN,NaN,NaN,NaN,NaN,NaN,NaN,NaN,NaN,TS,NW,b,b,NaN,NaN,NaN,NaN,NaN,NaN,
1985091406,18e.1985,SANDRA,TY,NN,22.2,236.2,65,NaN,270,8,270,8,NaN,NaN,NaN,NaN,NaN,NaN,NaN,NaN,NaN,NaN,TY,NW,b,b,NaN,NaN,NaN,NaN,NaN,NaN,
1985091412,18e.1985,SANDRA,TY,NN,22.0,235.4,65,NaN,259,8,259,8,NaN,NaN,NaN,NaN,NaN,NaN,NaN,NaN,NaN,NaN,TY,NW,b,b,NaN,NaN,NaN,NaN,NaN,NaN,
1985091418,18e.1985,SANDRA,TY,NN,21.6,234.6,60,NaN,248,8,248,8,NaN,NaN,NaN,NaN,NaN,NaN,NaN,NaN,NaN,NaN,TS,NW,b,b,NaN,NaN,NaN,NaN,NaN,NaN,
1985091500,18e.1985,SANDRA,TY,NN,21.0,233.8,55,NaN,236,9,236,9,NaN,NaN,NaN,NaN,NaN,NaN,NaN,NaN,NaN,NaN,TS,NW,b,b,NaN,NaN,NaN,NaN,NaN,NaN,
1985091506,18e.1985,SANDRA,TY,NN,20.6,232.8,45,NaN,239,10,239,10,NaN,NaN,NaN,NaN,NaN,NaN,NaN,NaN,NaN,NaN,TS,NW,b,b,NaN,NaN,NaN,NaN,NaN,NaN,
1985091512,18e.1985,SANDRA,TY,NN,20.1,231.5,35,NaN,247,12,247,12,NaN,NaN,NaN,NaN,NaN,NaN,NaN,NaN,NaN,NaN,TS,NW,b,b,NaN,NaN,NaN,NaN,NaN,NaN,
1985091518,18e.1985,SANDRA,TY,NN,19.9,230.2,30,NaN,254,13,254,13,NaN,NaN,NaN,NaN,NaN,NaN,NaN,NaN,NaN,NaN,TD,NW,b,b,NaN,NaN,NaN,NaN,NaN,NaN,
1985091600,18e.1985,SANDRA,TY,NN,19.7,229.1,25,NaN,260,11,260,11,NaN,NaN,NaN,NaN,NaN,NaN,NaN,NaN,NaN,NaN,TD,NW,b,b,NaN,NaN,NaN,NaN,NaN,NaN,
1985091606,18e.1985,SANDRA,TY,NN,19.4,227.7,25,NaN,258,12,258,12,NaN,NaN,NaN,NaN,NaN,NaN,NaN,NaN,NaN,NaN,TD,NW,b,b,NaN,NaN,NaN,NaN,NaN,NaN,
1985091612,18e.1985,SANDRA,TY,NN,19.2,226.3,25,NaN,259,13,259,13,NaN,NaN,NaN,NaN,NaN,NaN,NaN,NaN,NaN,NaN,TD,NW,b,b,NaN,NaN,NaN,NaN,NaN,NaN,
1985091618,18e.1985,SANDRA,TY,NN,18.9,224.8,25,NaN,260,14,260,14,NaN,NaN,NaN,NaN,NaN,NaN,NaN,NaN,NaN,NaN,TD,NW,b,b,NaN,NaN,NaN,NaN,NaN,NaN,
1985091700,18e.1985,SANDRA,TY,NN,18.8,223.2,25,NaN,262,15,262,15,NaN,NaN,NaN,NaN,NaN,NaN,NaN,NaN,NaN,NaN,TD,NW,b,b,NaN,NaN,NaN,NaN,NaN,NaN,
1985091518,e19.1985,9X-E19,TY,NN,12.2,261.5,25,NaN,280,9,280,9,NaN,NaN,NaN,NaN,NaN,NaN,NaN,NaN,NaN,NaN,TD,NW,b,b,NaN,NaN,NaN,NaN,NaN,NaN,
1985091600,e19.1985,9X-E19,TY,NN,12.3,260.6,25,NaN,280,9,280,9,NaN,NaN,NaN,NaN,NaN,NaN,NaN,NaN,NaN,NaN,TD,NW,b,b,NaN,NaN,NaN,NaN,NaN,NaN,
1985091606,e19.1985,9X-E19,TY,NN,12.5,259.7,30,NaN,280,9,280,9,NaN,NaN,NaN,NaN,NaN,NaN,NaN,NaN,NaN,NaN,TD,NW,b,b,NaN,NaN,NaN,NaN,NaN,NaN,
1985091612,e19.1985,9X-E19,TY,NN,12.6,258.8,30,NaN,280,9,280,9,NaN,NaN,NaN,NaN,NaN,NaN,NaN,NaN,NaN,NaN,TD,NW,b,b,NaN,NaN,NaN,NaN,NaN,NaN,
1985091618,19e.1985,TERRY,TY,NN,12.7,257.9,35,NaN,276,9,276,9,NaN,NaN,NaN,NaN,NaN,NaN,NaN,NaN,NaN,NaN,TS,NW,b,b,NaN,NaN,NaN,NaN,NaN,NaN,
1985091700,19e.1985,TERRY,TY,NN,13.0,257.0,40,NaN,283,9,283,9,NaN,NaN,NaN,NaN,NaN,NaN,NaN,NaN,NaN,NaN,TS,NW,b,b,NaN,NaN,NaN,NaN,NaN,NaN,
1985091706,19e.1985,TERRY,TY,NN,13.3,256.0,45,NaN,288,10,288,10,NaN,NaN,NaN,NaN,NaN,NaN,NaN,NaN,NaN,NaN,TS,NW,b,b,NaN,NaN,NaN,NaN,NaN,NaN,
1985091712,19e.1985,TERRY,TY,NN,13.8,255.1,45,NaN,293,10,293,10,NaN,NaN,NaN,NaN,NaN,NaN,NaN,NaN,NaN,NaN,TS,NW,b,b,NaN,NaN,NaN,NaN,NaN,NaN,
1985091718,19e.1985,TERRY,TY,NN,14.4,254.2,50,NaN,302,10,302,10,NaN,NaN,NaN,NaN,NaN,NaN,NaN,NaN,NaN,NaN,TS,NW,b,b,NaN,NaN,NaN,NaN,NaN,NaN,
1985091800,19e.1985,TERRY,TY,NN,14.9,253.5,55,NaN,305,10,305,10,NaN,NaN,NaN,NaN,NaN,NaN,NaN,NaN,NaN,NaN,TS,NW,b,b,NaN,NaN,NaN,NaN,NaN,NaN,
1985091806,19e.1985,TERRY,TY,NN,15.4,252.9,65,NaN,309,8,309,8,NaN,NaN,NaN,NaN,NaN,NaN,NaN,NaN,NaN,NaN,TY,NW,b,b,NaN,NaN,NaN,NaN,NaN,NaN,
1985091812,19e.1985,TERRY,TY,NN,15.8,252.4,70,NaN,310,7,310,7,NaN,NaN,NaN,NaN,NaN,NaN,NaN,NaN,NaN,NaN,TY,NW,b,b,NaN,NaN,NaN,NaN,NaN,NaN,
1985091818,19e.1985,TERRY,TY,NN,16.1,251.9,75,NaN,306,6,306,6,NaN,NaN,NaN,NaN,NaN,NaN,NaN,NaN,NaN,NaN,TY,NW,b,b,NaN,NaN,NaN,NaN,NaN,NaN,
1985091900,19e.1985,TERRY,TY,NN,16.6,251.4,90,NaN,310,6,310,6,NaN,NaN,NaN,NaN,NaN,NaN,NaN,NaN,NaN,NaN,TY,NW,b,b,NaN,NaN,NaN,NaN,NaN,NaN,
1985091906,19e.1985,TERRY,TY,NN,17.0,251.0,90,NaN,316,6,316,6,NaN,NaN,NaN,NaN,NaN,NaN,NaN,NaN,NaN,NaN,TY,NW,b,b,NaN,NaN,NaN,NaN,NaN,NaN,
1985091912,19e.1985,TERRY,TY,NN,17.4,250.5,90,NaN,313,6,313,6,NaN,NaN,NaN,NaN,NaN,NaN,NaN,NaN,NaN,NaN,TY,NW,b,b,NaN,NaN,NaN,NaN,NaN,NaN,
1985091918,19e.1985,TERRY,TY,NN,17.8,249.9,95,NaN,307,7,307,7,NaN,NaN,NaN,NaN,NaN,NaN,NaN,NaN,NaN,NaN,TY,NW,b,b,NaN,NaN,NaN,NaN,NaN,NaN,
1985092000,19e.1985,TERRY,TY,NN,18.2,249.3,100,NaN,305,7,305,7,NaN,NaN,NaN,NaN,NaN,NaN,NaN,NaN,NaN,NaN,TY,NW,b,b,NaN,NaN,NaN,NaN,NaN,NaN,
1985092006,19e.1985,TERRY,TY,NN,18.4,248.8,95,NaN,300,6,300,6,NaN,NaN,NaN,NaN,NaN,NaN,NaN,NaN,NaN,NaN,TY,NW,b,b,NaN,NaN,NaN,NaN,NaN,NaN,
1985092012,19e.1985,TERRY,TY,NN,18.6,248.4,90,NaN,295,5,295,5,NaN,NaN,NaN,NaN,NaN,NaN,NaN,NaN,NaN,NaN,TY,NW,b,b,NaN,NaN,NaN,NaN,NaN,NaN,
1985092018,19e.1985,TERRY,TY,NN,18.9,247.9,90,NaN,300,5,300,5,NaN,NaN,NaN,NaN,NaN,NaN,NaN,NaN,NaN,NaN,TY,NW,b,b,NaN,NaN,NaN,NaN,NaN,NaN,
1985092100,19e.1985,TERRY,TY,NN,19.1,247.4,90,NaN,298,5,298,5,NaN,NaN,NaN,NaN,NaN,NaN,NaN,NaN,NaN,NaN,TY,NW,b,b,NaN,NaN,NaN,NaN,NaN,NaN,
1985092106,19e.1985,TERRY,TY,NN,19.4,246.9,100,NaN,298,5,298,5,NaN,NaN,NaN,NaN,NaN,NaN,NaN,NaN,NaN,NaN,TY,NW,b,b,NaN,NaN,NaN,NaN,NaN,NaN,
1985092112,19e.1985,TERRY,TY,NN,19.7,246.2,90,NaN,298,6,298,6,NaN,NaN,NaN,NaN,NaN,NaN,NaN,NaN,NaN,NaN,TY,NW,b,b,NaN,NaN,NaN,NaN,NaN,NaN,
1985092118,19e.1985,TERRY,TY,NN,20.0,245.6,80,NaN,296,7,296,7,NaN,NaN,NaN,NaN,NaN,NaN,NaN,NaN,NaN,NaN,TY,NW,b,b,NaN,NaN,NaN,NaN,NaN,NaN,
1985092200,19e.1985,TERRY,TY,NN,20.3,245.1,80,NaN,300,6,300,6,NaN,NaN,NaN,NaN,NaN,NaN,NaN,NaN,NaN,NaN,TY,NW,b,b,NaN,NaN,NaN,NaN,NaN,NaN,
1985092206,19e.1985,TERRY,TY,NN,20.5,244.6,80,NaN,298,5,298,5,NaN,NaN,NaN,NaN,NaN,NaN,NaN,NaN,NaN,NaN,TY,NW,b,b,NaN,NaN,NaN,NaN,NaN,NaN,
1985092212,19e.1985,TERRY,TY,NN,20.8,244.1,75,NaN,298,5,298,5,NaN,NaN,NaN,NaN,NaN,NaN,NaN,NaN,NaN,NaN,TY,NW,b,b,NaN,NaN,NaN,NaN,NaN,NaN,
1985092218,19e.1985,TERRY,TY,NN,21.0,243.7,70,NaN,301,5,301,5,NaN,NaN,NaN,NaN,NaN,NaN,NaN,NaN,NaN,NaN,TY,NW,b,b,NaN,NaN,NaN,NaN,NaN,NaN,
1985092300,19e.1985,TERRY,TY,NN,21.4,243.3,65,NaN,309,5,309,5,NaN,NaN,NaN,NaN,NaN,NaN,NaN,NaN,NaN,NaN,TY,NW,b,b,NaN,NaN,NaN,NaN,NaN,NaN,
1985092306,19e.1985,TERRY,TY,NN,22.1,242.6,60,NaN,317,8,317,8,NaN,NaN,NaN,NaN,NaN,NaN,NaN,NaN,NaN,NaN,TS,NW,b,b,NaN,NaN,NaN,NaN,NaN,NaN,
1985092312,19e.1985,TERRY,TY,NN,23.0,241.9,55,NaN,321,10,321,10,NaN,NaN,NaN,NaN,NaN,NaN,NaN,NaN,NaN,NaN,TS,NW,b,b,NaN,NaN,NaN,NaN,NaN,NaN,
1985092318,19e.1985,TERRY,TY,NN,23.9,241.1,45,NaN,323,11,323,11,NaN,NaN,NaN,NaN,NaN,NaN,NaN,NaN,NaN,NaN,TS,NW,b,b,NaN,NaN,NaN,NaN,NaN,NaN,
1985092400,19e.1985,TERRY,TY,NN,24.8,240.3,40,NaN,321,12,321,12,NaN,NaN,NaN,NaN,NaN,NaN,NaN,NaN,NaN,NaN,TS,NW,b,b,NaN,NaN,NaN,NaN,NaN,NaN,
1985092406,19e.1985,TERRY,TY,NN,25.8,239.6,30,NaN,324,12,324,12,NaN,NaN,NaN,NaN,NaN,NaN,NaN,NaN,NaN,NaN,TD,NW,b,b,NaN,NaN,NaN,NaN,NaN,NaN,
1985092412,19e.1985,TERRY,TY,NN,27.4,239.1,25,NaN,337,14,337,14,NaN,NaN,NaN,NaN,NaN,NaN,NaN,NaN,NaN,NaN,TD,NW,b,b,NaN,NaN,NaN,NaN,NaN,NaN,
1985092418,19e.1985,TERRY,TY,NN,29.0,238.4,25,NaN,342,17,342,17,NaN,NaN,NaN,NaN,NaN,NaN,NaN,NaN,NaN,NaN,TD,NW,b,b,NaN,NaN,NaN,NaN,NaN,NaN,
1985091806,e20.1985,9X-E20,TS,NN,13.3,243.3,25,NaN,322,6,322,6,NaN,NaN,NaN,NaN,NaN,NaN,NaN,NaN,NaN,NaN,TD,NW,b,b,NaN,NaN,NaN,NaN,NaN,NaN,
1985091812,e20.1985,9X-E20,TS,NN,13.8,242.9,25,NaN,322,6,322,6,NaN,NaN,NaN,NaN,NaN,NaN,NaN,NaN,NaN,NaN,TD,NW,b,b,NaN,NaN,NaN,NaN,NaN,NaN,
1985091818,e20.1985,9X-E20,TS,NN,14.3,242.5,30,NaN,322,6,322,6,NaN,NaN,NaN,NaN,NaN,NaN,NaN,NaN,NaN,NaN,TD,NW,b,b,NaN,NaN,NaN,NaN,NaN,NaN,
1985091900,e20.1985,9X-E20,TS,NN,14.6,242.3,30,NaN,324,5,324,5,NaN,NaN,NaN,NaN,NaN,NaN,NaN,NaN,NaN,NaN,TD,NW,b,b,NaN,NaN,NaN,NaN,NaN,NaN,
1985091906,e20.1985,9X-E20,TS,NN,14.8,242.2,30,NaN,330,3,330,3,NaN,NaN,NaN,NaN,NaN,NaN,NaN,NaN,NaN,NaN,TD,NW,b,b,NaN,NaN,NaN,NaN,NaN,NaN,
1985091912,e20.1985,9X-E20,TS,NN,14.9,242.1,30,NaN,327,2,327,2,NaN,NaN,NaN,NaN,NaN,NaN,NaN,NaN,NaN,NaN,TD,NW,b,b,NaN,NaN,NaN,NaN,NaN,NaN,
1985091918,e20.1985,9X-E20,TS,NN,15.0,242.0,30,NaN,316,1,316,1,NaN,NaN,NaN,NaN,NaN,NaN,NaN,NaN,NaN,NaN,TD,NW,b,b,NaN,NaN,NaN,NaN,NaN,NaN,
1985092000,20e.1985,VIVIAN,TS,NN,15.2,241.8,35,NaN,316,2,316,2,NaN,NaN,NaN,NaN,NaN,NaN,NaN,NaN,NaN,NaN,TS,NW,b,b,NaN,NaN,NaN,NaN,NaN,NaN,
1985092006,20e.1985,VIVIAN,TS,NN,15.2,241.6,35,NaN,297,2,297,2,NaN,NaN,NaN,NaN,NaN,NaN,NaN,NaN,NaN,NaN,TS,NW,b,b,NaN,NaN,NaN,NaN,NaN,NaN,
1985092012,20e.1985,VIVIAN,TS,NN,15.1,241.4,35,NaN,255,2,255,2,NaN,NaN,NaN,NaN,NaN,NaN,NaN,NaN,NaN,NaN,TS,NW,b,b,NaN,NaN,NaN,NaN,NaN,NaN,
1985092018,20e.1985,VIVIAN,TS,NN,15.0,241.2,35,NaN,243,2,243,2,NaN,NaN,NaN,NaN,NaN,NaN,NaN,NaN,NaN,NaN,TS,NW,b,b,NaN,NaN,NaN,NaN,NaN,NaN,
1985092100,20e.1985,VIVIAN,TS,NN,14.8,241.1,35,NaN,224,2,224,2,NaN,NaN,NaN,NaN,NaN,NaN,NaN,NaN,NaN,NaN,TS,NW,b,b,NaN,NaN,NaN,NaN,NaN,NaN,
1985092106,20e.1985,VIVIAN,TS,NN,14.6,241.0,35,NaN,206,2,206,2,NaN,NaN,NaN,NaN,NaN,NaN,NaN,NaN,NaN,NaN,TS,NW,b,b,NaN,NaN,NaN,NaN,NaN,NaN,
1985092112,20e.1985,VIVIAN,TS,NN,14.4,241.0,30,NaN,194,2,194,2,NaN,NaN,NaN,NaN,NaN,NaN,NaN,NaN,NaN,NaN,TD,NW,b,b,NaN,NaN,NaN,NaN,NaN,NaN,
1985092118,20e.1985,VIVIAN,TS,NN,14.2,241.1,25,NaN,166,2,166,2,NaN,NaN,NaN,NaN,NaN,NaN,NaN,NaN,NaN,NaN,TD,NW,b,b,NaN,NaN,NaN,NaN,NaN,NaN,
1985100700,e21.1985,9X-E21,TY,NN,15.0,253.9,25,NaN,313,13,313,13,NaN,NaN,NaN,NaN,NaN,NaN,NaN,NaN,NaN,NaN,TD,NW,b,b,NaN,NaN,NaN,NaN,NaN,NaN,
1985100706,e21.1985,9X-E21,TY,NN,15.8,252.7,30,NaN,313,13,313,13,NaN,NaN,NaN,NaN,NaN,NaN,NaN,NaN,NaN,NaN,TD,NW,b,b,NaN,NaN,NaN,NaN,NaN,NaN,
1985100712,21e.1985,WALDO,TY,NN,16.8,251.9,35,NaN,313,13,313,13,NaN,NaN,NaN,NaN,NaN,NaN,NaN,NaN,NaN,NaN,TS,NW,b,b,NaN,NaN,NaN,NaN,NaN,NaN,
1985100718,21e.1985,WALDO,TY,NN,17.6,251.2,45,NaN,321,12,321,12,NaN,NaN,NaN,NaN,NaN,NaN,NaN,NaN,NaN,NaN,TS,NW,b,b,NaN,NaN,NaN,NaN,NaN,NaN,
1985100800,21e.1985,WALDO,TY,NN,18.5,250.7,50,NaN,326,10,326,10,NaN,NaN,NaN,NaN,NaN,NaN,NaN,NaN,NaN,NaN,TS,NW,b,b,NaN,NaN,NaN,NaN,NaN,NaN,
1985100806,21e.1985,WALDO,TY,NN,19.5,250.4,60,NaN,338,10,338,10,NaN,NaN,NaN,NaN,NaN,NaN,NaN,NaN,NaN,NaN,TS,NW,b,b,NaN,NaN,NaN,NaN,NaN,NaN,
1985100812,21e.1985,WALDO,TY,NN,20.5,250.3,65,NaN,349,10,349,10,NaN,NaN,NaN,NaN,NaN,NaN,NaN,NaN,NaN,NaN,TY,NW,b,b,NaN,NaN,NaN,NaN,NaN,NaN,
1985100818,21e.1985,WALDO,TY,NN,21.2,250.3,75,NaN,357,9,357,9,NaN,NaN,NaN,NaN,NaN,NaN,NaN,NaN,NaN,NaN,TY,NW,b,b,NaN,NaN,NaN,NaN,NaN,NaN,
1985100900,21e.1985,WALDO,TY,NN,22.1,250.7,80,NaN,13,8,13,8,NaN,NaN,NaN,NaN,NaN,NaN,NaN,NaN,NaN,NaN,TY,NW,b,b,NaN,NaN,NaN,NaN,NaN,NaN,
1985100906,21e.1985,WALDO,TY,NN,23.1,251.7,90,NaN,34,12,34,12,NaN,NaN,NaN,NaN,NaN,NaN,NaN,NaN,NaN,NaN,TY,NW,b,b,NaN,NaN,NaN,NaN,NaN,NaN,
1985100912,21e.1985,WALDO,TY,NN,24.5,252.9,65,NaN,40,16,40,16,NaN,NaN,NaN,NaN,NaN,NaN,NaN,NaN,NaN,NaN,TY,NW,b,b,NaN,NaN,0.92,NaN,NaN,NaN,
1985102506,e22.1985,9X-E22,TY,NN,12.0,248.5,25,NaN,246,5,246,5,NaN,NaN,NaN,NaN,NaN,NaN,NaN,NaN,NaN,NaN,TD,NW,b,b,NaN,NaN,NaN,NaN,NaN,NaN,
1985102512,e22.1985,9X-E22,TY,NN,11.8,248.1,30,NaN,246,5,246,5,NaN,NaN,NaN,NaN,NaN,NaN,NaN,NaN,NaN,NaN,TD,NW,b,b,NaN,NaN,NaN,NaN,NaN,NaN,
1985102518,e22.1985,9X-E22,TY,NN,11.6,247.6,30,NaN,246,5,246,5,NaN,NaN,NaN,NaN,NaN,NaN,NaN,NaN,NaN,NaN,TD,NW,b,b,NaN,NaN,NaN,NaN,NaN,NaN,
1985102600,e22.1985,9X-E22,TY,NN,11.5,246.4,30,NaN,260,8,260,8,NaN,NaN,NaN,NaN,NaN,NaN,NaN,NaN,NaN,NaN,TD,NW,b,b,NaN,NaN,NaN,NaN,NaN,NaN,
1985102606,e22.1985,9X-E22,TY,NN,11.5,245.3,30,NaN,267,11,267,11,NaN,NaN,NaN,NaN,NaN,NaN,NaN,NaN,NaN,NaN,TD,NW,b,b,NaN,NaN,NaN,NaN,NaN,NaN,
1985102612,e22.1985,9X-E22,TY,NN,11.4,244.2,30,NaN,267,11,267,11,NaN,NaN,NaN,NaN,NaN,NaN,NaN,NaN,NaN,NaN,TD,NW,b,b,NaN,NaN,NaN,NaN,NaN,NaN,
1985102618,e22.1985,9X-E22,TY,NN,11.4,243.1,30,NaN,267,11,267,11,NaN,NaN,NaN,NaN,NaN,NaN,NaN,NaN,NaN,NaN,TD,NW,b,b,NaN,NaN,NaN,NaN,NaN,NaN,
1985102700,e22.1985,9X-E22,TY,NN,11.3,242.3,30,NaN,267,9,267,9,NaN,NaN,NaN,NaN,NaN,NaN,NaN,NaN,NaN,NaN,TD,NW,b,b,NaN,NaN,NaN,NaN,NaN,NaN,
1985102706,22e.1985,XINA,TY,NN,11.3,241.5,35,NaN,266,8,266,8,NaN,NaN,NaN,NaN,NaN,NaN,NaN,NaN,NaN,NaN,TS,NW,b,b,NaN,NaN,NaN,NaN,NaN,NaN,
1985102712,22e.1985,XINA,TY,NN,11.6,241.0,45,NaN,283,7,283,7,NaN,NaN,NaN,NaN,NaN,NaN,NaN,NaN,NaN,NaN,TS,NW,b,b,NaN,NaN,NaN,NaN,NaN,NaN,
1985102718,22e.1985,XINA,TY,NN,11.9,240.6,45,NaN,304,5,304,5,NaN,NaN,NaN,NaN,NaN,NaN,NaN,NaN,NaN,NaN,TS,NW,b,b,NaN,NaN,NaN,NaN,NaN,NaN,
1985102800,22e.1985,XINA,TY,NN,12.3,240.3,55,NaN,316,5,316,5,NaN,NaN,NaN,NaN,NaN,NaN,NaN,NaN,NaN,NaN,TS,NW,b,b,NaN,NaN,NaN,NaN,NaN,NaN,
1985102806,22e.1985,XINA,TY,NN,12.8,240.1,60,NaN,332,5,332,5,NaN,NaN,NaN,NaN,NaN,NaN,NaN,NaN,NaN,NaN,TS,NW,b,b,NaN,NaN,NaN,NaN,NaN,NaN,
1985102812,22e.1985,XINA,TY,NN,13.2,239.8,60,NaN,332,5,332,5,NaN,NaN,NaN,NaN,NaN,NaN,NaN,NaN,NaN,NaN,TS,NW,b,b,NaN,NaN,NaN,NaN,NaN,NaN,
1985102818,22e.1985,XINA,TY,NN,13.7,239.5,70,NaN,327,5,327,5,NaN,NaN,NaN,NaN,NaN,NaN,NaN,NaN,NaN,NaN,TY,NW,b,b,NaN,NaN,NaN,NaN,NaN,NaN,
1985102900,22e.1985,XINA,TY,NN,14.3,239.2,70,NaN,332,6,332,6,NaN,NaN,NaN,NaN,NaN,NaN,NaN,NaN,NaN,NaN,TY,NW,b,b,NaN,NaN,NaN,NaN,NaN,NaN,
1985102906,22e.1985,XINA,TY,NN,15.0,238.9,65,NaN,336,7,336,7,NaN,NaN,NaN,NaN,NaN,NaN,NaN,NaN,NaN,NaN,TY,NW,b,b,NaN,NaN,NaN,NaN,NaN,NaN,
1985102912,22e.1985,XINA,TY,NN,15.7,238.8,90,NaN,345,7,345,7,NaN,NaN,NaN,NaN,NaN,NaN,NaN,NaN,NaN,NaN,TY,NW,b,b,NaN,NaN,NaN,NaN,NaN,NaN,
1985102918,22e.1985,XINA,TY,NN,16.5,238.7,100,NaN,353,8,353,8,NaN,NaN,NaN,NaN,NaN,NaN,NaN,NaN,NaN,NaN,TY,NW,b,b,NaN,NaN,NaN,NaN,NaN,NaN,
1985103000,22e.1985,XINA,TY,NN,17.0,238.6,90,NaN,352,7,352,7,NaN,NaN,NaN,NaN,NaN,NaN,NaN,NaN,NaN,NaN,TY,NW,b,b,NaN,NaN,NaN,NaN,NaN,NaN,
1985103006,22e.1985,XINA,TY,NN,17.6,239.0,90,NaN,15,6,15,6,NaN,NaN,NaN,NaN,NaN,NaN,NaN,NaN,NaN,NaN,TY,NW,b,b,NaN,NaN,NaN,NaN,NaN,NaN,
1985103012,22e.1985,XINA,TY,NN,17.7,239.4,90,NaN,47,5,47,5,NaN,NaN,NaN,NaN,NaN,NaN,NaN,NaN,NaN,NaN,TY,NW,b,b,NaN,NaN,NaN,NaN,NaN,NaN,
1985103018,22e.1985,XINA,TY,NN,17.7,240.0,80,NaN,84,5,84,5,NaN,NaN,NaN,NaN,NaN,NaN,NaN,NaN,NaN,NaN,TY,NW,b,b,NaN,NaN,NaN,NaN,NaN,NaN,
1985103100,22e.1985,XINA,TY,NN,17.7,240.4,65,NaN,90,5,90,5,NaN,NaN,NaN,NaN,NaN,NaN,NaN,NaN,NaN,NaN,TY,NW,b,b,NaN,NaN,NaN,NaN,NaN,NaN,
1985103106,22e.1985,XINA,TY,NN,17.4,240.6,65,NaN,118,3,118,3,NaN,NaN,NaN,NaN,NaN,NaN,NaN,NaN,NaN,NaN,TY,NW,b,b,NaN,NaN,NaN,NaN,NaN,NaN,
1985103112,22e.1985,XINA,TY,NN,17.0,240.8,65,NaN,151,4,151,4,NaN,NaN,NaN,NaN,NaN,NaN,NaN,NaN,NaN,NaN,TY,NW,b,b,NaN,NaN,NaN,NaN,NaN,NaN,
1985103118,22e.1985,XINA,TY,NN,16.4,241.0,45,NaN,159,5,159,5,NaN,NaN,NaN,NaN,NaN,NaN,NaN,NaN,NaN,NaN,TS,NW,b,b,NaN,NaN,NaN,NaN,NaN,NaN,
1985110100,22e.1985,XINA,TY,NN,15.8,241.2,45,NaN,162,6,162,6,NaN,NaN,NaN,NaN,NaN,NaN,NaN,NaN,NaN,NaN,TS,NW,b,b,NaN,NaN,NaN,NaN,NaN,NaN,
1985110106,22e.1985,XINA,TY,NN,15.0,241.4,30,NaN,165,7,165,7,NaN,NaN,NaN,NaN,NaN,NaN,NaN,NaN,NaN,NaN,TD,NW,b,b,NaN,NaN,NaN,NaN,NaN,NaN,
1985110112,22e.1985,XINA,TY,NN,14.5,241.4,30,NaN,172,7,172,7,NaN,NaN,NaN,NaN,NaN,NaN,NaN,NaN,NaN,NaN,TD,NW,b,b,NaN,NaN,NaN,NaN,NaN,NaN,
1985110118,22e.1985,XINA,TY,NN,14.0,241.4,30,NaN,180,5,180,5,NaN,NaN,NaN,NaN,NaN,NaN,NaN,NaN,NaN,NaN,TD,NW,b,b,NaN,NaN,NaN,NaN,NaN,NaN,
1985110200,22e.1985,XINA,TY,NN,13.5,241.5,30,NaN,174,5,174,5,NaN,NaN,NaN,NaN,NaN,NaN,NaN,NaN,NaN,NaN,TD,NW,b,b,NaN,NaN,NaN,NaN,NaN,NaN,
1985110206,22e.1985,XINA,TY,NN,13.2,241.6,35,NaN,166,4,166,4,NaN,NaN,NaN,NaN,NaN,NaN,NaN,NaN,NaN,NaN,TS,NW,b,b,NaN,NaN,NaN,NaN,NaN,NaN,
1985110212,22e.1985,XINA,TY,NN,12.9,241.7,30,NaN,162,3,162,3,NaN,NaN,NaN,NaN,NaN,NaN,NaN,NaN,NaN,NaN,TD,NW,b,b,NaN,NaN,NaN,NaN,NaN,NaN,
1985110218,22e.1985,XINA,TY,NN,12.6,241.9,25,NaN,154,3,154,3,NaN,NaN,NaN,NaN,NaN,NaN,NaN,NaN,NaN,NaN,TD,NW,b,b,NaN,NaN,NaN,NaN,NaN,NaN,
1985110300,22e.1985,XINA,TY,NN,12.3,242.0,25,NaN,154,3,154,3,NaN,NaN,NaN,NaN,NaN,NaN,NaN,NaN,NaN,NaN,TD,NW,b,b,NaN,NaN,NaN,NaN,NaN,NaN,
1985110306,22e.1985,XINA,TY,NN,12.1,242.1,25,NaN,159,3,159,3,NaN,NaN,NaN,NaN,NaN,NaN,NaN,NaN,NaN,NaN,TD,NW,b,b,NaN,NaN,NaN,NaN,NaN,NaN,
1985110312,22e.1985,XINA,TY,NN,11.7,242.2,25,NaN,162,3,162,3,NaN,NaN,NaN,NaN,NaN,NaN,NaN,NaN,NaN,NaN,TD,NW,b,b,NaN,NaN,NaN,NaN,NaN,NaN,
1985110318,22e.1985,XINA,TY,NN,11.3,242.2,25,NaN,173,4,173,4,NaN,NaN,NaN,NaN,NaN,NaN,NaN,NaN,NaN,NaN,TD,NW,b,b,NaN,NaN,NaN,NaN,NaN,NaN,
1985110400,22e.1985,XINA,TY,NN,10.9,242.1,25,NaN,187,4,187,4,NaN,NaN,NaN,NaN,NaN,NaN,NaN,NaN,NaN,NaN,TD,NW,b,b,NaN,NaN,NaN,NaN,NaN,NaN,
1985110406,22e.1985,XINA,TY,NN,10.5,241.8,25,NaN,206,4,206,4,NaN,NaN,NaN,NaN,NaN,NaN,NaN,NaN,NaN,NaN,TD,NW,b,b,NaN,NaN,NaN,NaN,NaN,NaN,
1985110412,22e.1985,XINA,TY,NN,10.2,241.4,25,NaN,225,5,225,5,NaN,NaN,NaN,NaN,NaN,NaN,NaN,NaN,NaN,NaN,TD,NW,b,b,NaN,NaN,NaN,NaN,NaN,NaN,
1985110418,22e.1985,XINA,TY,NN,10.1,240.9,25,NaN,246,5,246,5,NaN,NaN,NaN,NaN,NaN,NaN,NaN,NaN,NaN,NaN,TD,NW,b,b,NaN,NaN,NaN,NaN,NaN,NaN,
1985110500,22e.1985,XINA,TY,NN,10.0,240.4,25,NaN,259,5,259,5,NaN,NaN,NaN,NaN,NaN,NaN,NaN,NaN,NaN,NaN,TD,NW,b,b,NaN,NaN,NaN,NaN,NaN,NaN,
1985110506,22e.1985,XINA,TY,NN,10.0,239.8,25,NaN,265,5,265,5,NaN,NaN,NaN,NaN,NaN,NaN,NaN,NaN,NaN,NaN,TD,NW,b,b,NaN,NaN,NaN,NaN,NaN,NaN,
1985052218,b01.1985,9X-B01,TS,NN,16.2,87.8,30,NaN,33,5,33,5,NaN,NaN,NaN,NaN,NaN,NaN,NaN,NaN,NaN,NaN,TD,NW,b,b,NaN,NaN,NaN,NaN,NaN,NaN,
1985052300,b01.1985,9X-B01,TS,NN,16.6,88.1,30,NaN,33,5,33,5,NaN,NaN,NaN,NaN,NaN,NaN,NaN,NaN,NaN,NaN,TD,NW,b,b,NaN,NaN,NaN,NaN,NaN,NaN,
1985052306,b01.1985,9X-B01,TS,NN,17.1,88.4,35,NaN,33,5,33,5,NaN,NaN,NaN,NaN,NaN,NaN,NaN,NaN,NaN,NaN,TS,NW,b,b,NaN,NaN,NaN,NaN,NaN,NaN,
1985052312,01b.1985,TC01B,TS,NN,17.3,88.0,40,NaN,21,3,352,4,NaN,NaN,NaN,NaN,NaN,NaN,NaN,NaN,NaN,NaN,TS,WN,c,c,NaN,NaN,NaN,NaN,NaN,NaN,
1985052318,01b.1985,TC01B,TS,NN,17.8,89.0,45,NaN,32,5,39,5,NaN,NaN,NaN,NaN,NaN,NaN,NaN,NaN,NaN,NaN,TS,WN,c,c,NaN,NaN,NaN,NaN,NaN,NaN,
1985052400,01b.1985,TC01B,TS,NN,18.4,88.6,45,NaN,28,5,27,6,NaN,NaN,NaN,NaN,NaN,NaN,NaN,NaN,NaN,NaN,TS,WN,c,c,NaN,NaN,NaN,NaN,NaN,NaN,
1985052406,01b.1985,TC01B,TS,NN,19.8,90.0,50,NaN,19,7,25,11,NaN,NaN,NaN,NaN,NaN,NaN,NaN,NaN,NaN,NaN,TS,WN,c,c,NaN,NaN,NaN,NaN,NaN,NaN,
1985052412,01b.1985,TC01B,TS,NN,20.4,90.2,55,NaN,11,7,37,13,NaN,NaN,NaN,NaN,NaN,NaN,NaN,NaN,NaN,NaN,TS,WN,c,c,NaN,NaN,NaN,NaN,NaN,NaN,
1985052418,01b.1985,TC01B,TS,NN,21.0,90.5,60,NaN,17,6,21,6,NaN,NaN,NaN,NaN,NaN,NaN,NaN,NaN,NaN,NaN,TS,WN,c,c,NaN,NaN,NaN,NaN,NaN,NaN,
1985052500,01b.1985,TC01B,TS,NN,22.3,91.1,60,NaN,21,10,24,10,NaN,NaN,NaN,NaN,NaN,NaN,NaN,NaN,NaN,NaN,TS,WN,c,c,NaN,NaN,0.47,NaN,NaN,NaN,
1985052506,01b.1985,TC01B,TS,NN,23.9,91.6,30,NaN,19,15,19,15,NaN,NaN,NaN,NaN,NaN,NaN,NaN,NaN,NaN,NaN,TD,WN,b,b,NaN,NaN,0.96,NaN,NaN,NaN,
1985052806,a02.1985,9X-A02,TS,NN,15.1,67.4,30,NaN,8,7,8,7,NaN,NaN,NaN,NaN,NaN,NaN,NaN,NaN,NaN,NaN,TD,NW,b,b,NaN,NaN,NaN,NaN,NaN,NaN,
1985052812,a02.1985,9X-A02,TS,NN,15.8,67.5,35,NaN,8,7,8,7,NaN,NaN,NaN,NaN,NaN,NaN,NaN,NaN,NaN,NaN,TS,NW,b,b,NaN,NaN,NaN,NaN,NaN,NaN,
1985052818,a02.1985,9X-A02,TS,NN,16.5,67.6,40,NaN,8,7,8,7,NaN,NaN,NaN,NaN,NaN,NaN,NaN,NaN,NaN,NaN,TS,NW,b,b,NaN,NaN,NaN,NaN,NaN,NaN,
1985052900,02a.1985,TC02A,TS,NN,17.4,67.5,45,NaN,360,8,360,8,NaN,NaN,NaN,NaN,NaN,NaN,NaN,NaN,NaN,NaN,TS,WN,c,c,NaN,NaN,NaN,NaN,NaN,NaN,
1985052906,02a.1985,TC02A,TS,NN,17.9,68.1,45,NaN,19,7,19,7,NaN,NaN,NaN,NaN,NaN,NaN,NaN,NaN,NaN,NaN,TS,WN,c,c,NaN,NaN,NaN,NaN,NaN,NaN,
1985052912,02a.1985,TC02A,TS,NN,18.5,68.0,50,NaN,4,7,23,6,NaN,NaN,NaN,NaN,NaN,NaN,NaN,NaN,NaN,NaN,TS,WN,c,c,NaN,NaN,NaN,NaN,NaN,NaN,
1985052918,02a.1985,TC02A,TS,NN,18.9,67.9,50,NaN,11,5,349,5,NaN,NaN,NaN,NaN,NaN,NaN,NaN,NaN,NaN,NaN,TS,WN,c,c,NaN,NaN,NaN,NaN,NaN,NaN,
1985053000,02a.1985,TC02A,TS,NN,19.9,68.2,50,NaN,11,8,8,7,NaN,NaN,NaN,NaN,NaN,NaN,NaN,NaN,NaN,NaN,TS,WN,c,c,NaN,NaN,NaN,NaN,NaN,NaN,
1985053006,02a.1985,TC02A,TS,NN,21.3,68.6,45,NaN,16,10,15,12,NaN,NaN,NaN,NaN,NaN,NaN,NaN,NaN,NaN,NaN,TS,WN,c,c,NaN,NaN,NaN,NaN,NaN,NaN,
1985053012,02a.1985,TC02A,TS,NN,21.9,68.5,45,NaN,6,10,8,10,NaN,NaN,NaN,NaN,NaN,NaN,NaN,NaN,NaN,NaN,TS,WN,c,c,NaN,NaN,NaN,NaN,NaN,NaN,
1985053018,02a.1985,TC02A,TS,NN,22.0,68.4,40,NaN,355,6,345,4,NaN,NaN,NaN,NaN,NaN,NaN,NaN,NaN,NaN,NaN,TS,WN,c,c,NaN,NaN,NaN,NaN,NaN,NaN,
1985053100,02a.1985,TC02A,TS,NN,22.7,68.4,40,NaN,360,6,353,4,NaN,NaN,NaN,NaN,NaN,NaN,NaN,NaN,NaN,NaN,TS,WN,c,c,NaN,NaN,0.01,NaN,NaN,NaN,
1985053106,02a.1985,TC02A,TS,NN,23.5,68.5,35,NaN,4,7,4,8,NaN,NaN,NaN,NaN,NaN,NaN,NaN,NaN,NaN,NaN,TS,WN,c,c,NaN,NaN,0.57,NaN,NaN,NaN,
1985053112,02a.1985,TC02A,TS,NN,24.0,68.4,30,NaN,360,6,360,7,NaN,NaN,NaN,NaN,NaN,NaN,NaN,NaN,NaN,NaN,TD,WN,c,c,NaN,NaN,0.77,NaN,NaN,NaN,
1985053118,02a.1985,TC02A,TS,NN,24.4,69.0,25,NaN,27,5,27,5,NaN,NaN,NaN,NaN,NaN,NaN,NaN,NaN,NaN,NaN,TD,WN,b,b,NaN,NaN,0.84,NaN,NaN,NaN,
1985060100,02a.1985,TC02A,TS,NN,24.8,69.5,20,NaN,51,6,51,6,NaN,NaN,NaN,NaN,NaN,NaN,NaN,NaN,NaN,NaN,NT,NW,b,b,NaN,NaN,0.99,NaN,NaN,NaN,
1985100818,b03.1985,9X-B03,TS,NN,11.8,90.4,20,NaN,352,10,352,10,NaN,NaN,NaN,NaN,NaN,NaN,NaN,NaN,NaN,NaN,NT,NW,b,b,NaN,NaN,NaN,NaN,NaN,NaN,
1985100900,b03.1985,9X-B03,TS,NN,12.8,90.8,20,NaN,352,10,352,10,NaN,NaN,NaN,NaN,NaN,NaN,NaN,NaN,NaN,NaN,NT,NW,b,b,NaN,NaN,NaN,NaN,NaN,NaN,
1985100906,b03.1985,9X-B03,TS,NN,13.8,90.1,25,NaN,352,10,352,10,NaN,NaN,NaN,NaN,NaN,NaN,NaN,NaN,NaN,NaN,TD,NW,b,b,NaN,NaN,NaN,NaN,NaN,NaN,
1985100912,b03.1985,9X-B03,TS,NN,14.2,88.6,30,NaN,303,13,303,13,NaN,NaN,NaN,NaN,NaN,NaN,NaN,NaN,NaN,NaN,TD,NW,b,b,NaN,NaN,NaN,NaN,NaN,NaN,
1985100918,03b.1985,TC03B,TS,NN,14.9,86.0,35,NaN,277,16,285,21,NaN,NaN,NaN,NaN,NaN,NaN,NaN,NaN,NaN,NaN,TS,WN,c,c,NaN,NaN,NaN,NaN,NaN,NaN,
1985101000,03b.1985,TC03B,TS,NN,15.5,85.6,40,NaN,287,16,294,16,NaN,NaN,NaN,NaN,NaN,NaN,NaN,NaN,NaN,NaN,TS,WN,c,c,NaN,NaN,NaN,NaN,NaN,NaN,
1985101006,03b.1985,TC03B,TS,NN,16.3,84.4,45,NaN,296,16,312,10,NaN,NaN,NaN,NaN,NaN,NaN,NaN,NaN,NaN,NaN,TS,WN,c,c,NaN,NaN,NaN,NaN,NaN,NaN,
1985101012,03b.1985,TC03B,TS,NN,16.4,84.1,45,NaN,299,9,302,9,NaN,NaN,NaN,NaN,NaN,NaN,NaN,NaN,NaN,NaN,TS,WN,c,c,NaN,NaN,NaN,NaN,NaN,NaN,
1985101018,03b.1985,TC03B,TS,NN,17.1,83.6,50,NaN,310,10,316,6,NaN,NaN,NaN,NaN,NaN,NaN,NaN,NaN,NaN,NaN,TS,WN,c,c,NaN,NaN,NaN,NaN,NaN,NaN,
1985101100,03b.1985,TC03B,TS,NN,18.0,83.3,50,NaN,334,9,334,9,NaN,NaN,NaN,NaN,NaN,NaN,NaN,NaN,NaN,NaN,TS,WN,b,b,NaN,NaN,0.61,NaN,NaN,NaN,
1985101106,03b.1985,TC03B,TS,NN,18.4,82.8,35,NaN,330,8,330,8,NaN,NaN,NaN,NaN,NaN,NaN,NaN,NaN,NaN,NaN,TS,WN,b,b,NaN,NaN,0.99,NaN,NaN,NaN,
1985101500,b04.1985,9X-B04,TS,NN,18.9,89.1,30,NaN,308,7,308,7,NaN,NaN,NaN,NaN,NaN,NaN,NaN,NaN,NaN,NaN,TD,NW,b,b,NaN,NaN,NaN,NaN,NaN,NaN,
1985101506,b04.1985,9X-B04,TS,NN,19.3,88.5,40,NaN,308,7,308,7,NaN,NaN,NaN,NaN,NaN,NaN,NaN,NaN,NaN,NaN,TS,NW,b,b,NaN,NaN,NaN,NaN,NaN,NaN,
1985101512,b04.1985,9X-B04,TS,NN,19.7,88.0,45,NaN,308,7,308,7,NaN,NaN,NaN,NaN,NaN,NaN,NaN,NaN,NaN,NaN,TS,NW,b,b,NaN,NaN,NaN,NaN,NaN,NaN,
1985101518,04b.1985,TC04B,TS,NN,19.8,87.8,45,NaN,309,8,307,4,NaN,NaN,NaN,NaN,NaN,NaN,NaN,NaN,NaN,NaN,TS,WN,c,c,NaN,NaN,NaN,NaN,NaN,NaN,
1985101600,04b.1985,TC04B,TS,NN,20.5,87.0,50,NaN,310,9,310,6,NaN,NaN,NaN,NaN,NaN,NaN,NaN,NaN,NaN,NaN,TS,WN,c,c,NaN,NaN,0.25,NaN,NaN,NaN,
1985101606,04b.1985,TC04B,TS,NN,21.3,86.2,40,NaN,315,11,315,11,NaN,NaN,NaN,NaN,NaN,NaN,NaN,NaN,NaN,NaN,TS,WN,b,b,NaN,NaN,0.99,NaN,NaN,NaN,
1985101612,04b.1985,TC04B,TS,NN,22.4,85.5,25,NaN,324,12,324,12,NaN,NaN,NaN,NaN,NaN,NaN,NaN,NaN,NaN,NaN,TD,WN,b,b,NaN,NaN,0.99,NaN,NaN,NaN,
1985111306,b05.1985,9X-B05,TS,NN,12.0,81.9,25,NaN,85,6,85,6,NaN,NaN,NaN,NaN,NaN,NaN,NaN,NaN,NaN,NaN,TD,NW,b,b,NaN,NaN,NaN,NaN,NaN,NaN,
1985111312,b05.1985,9X-B05,TS,NN,12.1,82.5,25,NaN,85,6,85,6,NaN,NaN,NaN,NaN,NaN,NaN,NaN,NaN,NaN,NaN,TD,NW,b,b,NaN,NaN,NaN,NaN,NaN,NaN,
1985111318,b05.1985,9X-B05,TS,NN,12.1,83.1,25,NaN,85,6,85,6,NaN,NaN,NaN,NaN,NaN,NaN,NaN,NaN,NaN,NaN,TD,NW,b,b,NaN,NaN,NaN,NaN,NaN,NaN,
1985111400,b05.1985,9X-B05,TS,NN,12.0,83.9,25,NaN,94,7,94,7,NaN,NaN,NaN,NaN,NaN,NaN,NaN,NaN,NaN,NaN,TD,NW,b,b,NaN,NaN,NaN,NaN,NaN,NaN,
1985111406,b05.1985,9X-B05,TS,NN,11.8,84.7,25,NaN,101,8,101,8,NaN,NaN,NaN,NaN,NaN,NaN,NaN,NaN,NaN,NaN,TD,NW,b,b,NaN,NaN,NaN,NaN,NaN,NaN,
1985111412,b05.1985,9X-B05,TS,NN,11.8,85.5,25,NaN,97,8,97,8,NaN,NaN,NaN,NaN,NaN,NaN,NaN,NaN,NaN,NaN,TD,NW,b,b,NaN,NaN,NaN,NaN,NaN,NaN,
1985111418,b05.1985,9X-B05,TS,NN,12.0,86.2,25,NaN,82,7,82,7,NaN,NaN,NaN,NaN,NaN,NaN,NaN,NaN,NaN,NaN,TD,NW,b,b,NaN,NaN,NaN,NaN,NaN,NaN,
1985111500,b05.1985,9X-B05,TS,NN,12.5,86.4,30,NaN,51,6,51,6,NaN,NaN,NaN,NaN,NaN,NaN,NaN,NaN,NaN,NaN,TD,NW,b,b,NaN,NaN,NaN,NaN,NaN,NaN,
1985111506,05b.1985,TC05B,TS,NN,12.7,86.5,35,NaN,76,6,23,4,NaN,NaN,NaN,NaN,NaN,NaN,NaN,NaN,NaN,NaN,TS,WN,c,c,NaN,NaN,NaN,NaN,NaN,NaN,
1985111512,05b.1985,TC05B,TS,NN,12.5,86.3,35,NaN,80,3,270,0,NaN,NaN,NaN,NaN,NaN,NaN,NaN,NaN,NaN,NaN,TS,WN,c,c,NaN,NaN,NaN,NaN,NaN,NaN,
1985111518,05b.1985,TC05B,TS,NN,12.8,85.1,35,NaN,270,7,274,7,NaN,NaN,NaN,NaN,NaN,NaN,NaN,NaN,NaN,NaN,TS,WN,c,c,NaN,NaN,NaN,NaN,NaN,NaN,
1985111600,05b.1985,TC05B,TS,NN,12.8,84.4,40,NaN,265,6,279,9,NaN,NaN,NaN,NaN,NaN,NaN,NaN,NaN,NaN,NaN,TS,WN,c,c,NaN,NaN,NaN,NaN,NaN,NaN,
1985111606,05b.1985,TC05B,TS,NN,12.3,83.5,45,NaN,252,8,252,8,NaN,NaN,NaN,NaN,NaN,NaN,NaN,NaN,NaN,NaN,TS,WN,c,c,NaN,NaN,NaN,NaN,NaN,NaN,
1985111612,05b.1985,TC05B,TS,NN,12.0,83.1,50,NaN,243,8,238,8,NaN,NaN,NaN,NaN,NaN,NaN,NaN,NaN,NaN,NaN,TS,WN,c,c,NaN,NaN,NaN,NaN,NaN,NaN,
1985111618,05b.1985,TC05B,TS,NN,12.8,83.0,50,NaN,275,6,316,3,NaN,NaN,NaN,NaN,NaN,NaN,NaN,NaN,NaN,NaN,TS,WN,c,c,NaN,NaN,NaN,NaN,NaN,NaN,
1985111700,05b.1985,TC05B,TS,NN,13.3,81.6,50,NaN,285,8,312,10,NaN,NaN,NaN,NaN,NaN,NaN,NaN,NaN,NaN,NaN,TS,WN,c,c,NaN,NaN,NaN,NaN,NaN,NaN,
1985111706,05b.1985,TC05B,TS,NN,13.8,81.0,55,NaN,294,9,297,11,NaN,NaN,NaN,NaN,NaN,NaN,NaN,NaN,NaN,NaN,TS,WN,c,c,NaN,NaN,NaN,NaN,NaN,NaN,
1985111712,05b.1985,TC05B,TS,NN,15.0,79.9,45,NaN,312,10,316,12,NaN,NaN,NaN,NaN,NaN,NaN,NaN,NaN,NaN,NaN,TS,WN,c,c,NaN,NaN,0.60,NaN,NaN,NaN,
1985111718,05b.1985,TC05B,TS,NN,16.2,79.9,35,NaN,336,13,336,13,NaN,NaN,NaN,NaN,NaN,NaN,NaN,NaN,NaN,NaN,TS,WN,b,b,NaN,NaN,0.92,NaN,NaN,NaN,
1985111800,05b.1985,TC05B,TS,NN,16.9,80.4,25,NaN,14,10,14,10,NaN,NaN,NaN,NaN,NaN,NaN,NaN,NaN,NaN,NaN,TD,WN,b,b,NaN,NaN,0.98,NaN,NaN,NaN,
1985120906,b06.1985,9X-B06,TS,NN,4.2,90.0,20,NaN,40,4,40,4,NaN,NaN,NaN,NaN,NaN,NaN,NaN,NaN,NaN,NaN,NT,NW,b,b,NaN,NaN,NaN,NaN,NaN,NaN,
1985120912,b06.1985,9X-B06,TS,NN,4.5,90.3,20,NaN,40,4,40,4,NaN,NaN,NaN,NaN,NaN,NaN,NaN,NaN,NaN,NaN,NT,NW,b,b,NaN,NaN,NaN,NaN,NaN,NaN,
1985120918,b06.1985,9X-B06,TS,NN,4.8,90.5,25,NaN,40,4,40,4,NaN,NaN,NaN,NaN,NaN,NaN,NaN,NaN,NaN,NaN,TD,NW,b,b,NaN,NaN,NaN,NaN,NaN,NaN,
1985121000,b06.1985,9X-B06,TS,NN,5.2,90.6,25,NaN,23,4,23,4,NaN,NaN,NaN,NaN,NaN,NaN,NaN,NaN,NaN,NaN,TD,NW,b,b,NaN,NaN,NaN,NaN,NaN,NaN,
1985121006,b06.1985,9X-B06,TS,NN,5.5,90.7,25,NaN,16,4,16,4,NaN,NaN,NaN,NaN,NaN,NaN,NaN,NaN,NaN,NaN,TD,NW,b,b,NaN,NaN,NaN,NaN,NaN,NaN,
1985121012,b06.1985,9X-B06,TS,NN,6.0,90.7,25,NaN,7,4,7,4,NaN,NaN,NaN,NaN,NaN,NaN,NaN,NaN,NaN,NaN,TD,NW,b,b,NaN,NaN,NaN,NaN,NaN,NaN,
1985121018,b06.1985,9X-B06,TS,NN,6.7,90.4,30,NaN,346,6,346,6,NaN,NaN,NaN,NaN,NaN,NaN,NaN,NaN,NaN,NaN,TD,NW,b,b,NaN,NaN,NaN,NaN,NaN,NaN,
1985121100,b06.1985,9X-B06,TS,NN,7.2,89.8,30,NaN,323,7,323,7,NaN,NaN,NaN,NaN,NaN,NaN,NaN,NaN,NaN,NaN,TD,NW,b,b,NaN,NaN,NaN,NaN,NaN,NaN,
1985121106,b06.1985,9X-B06,TS,NN,7.7,89.0,30,NaN,306,9,306,9,NaN,NaN,NaN,NaN,NaN,NaN,NaN,NaN,NaN,NaN,TD,NW,b,b,NaN,NaN,NaN,NaN,NaN,NaN,
1985121112,b06.1985,9X-B06,TS,NN,8.5,87.8,35,NaN,303,12,303,12,NaN,NaN,NaN,NaN,NaN,NaN,NaN,NaN,NaN,NaN,TS,NW,b,b,NaN,NaN,NaN,NaN,NaN,NaN,
1985121118,06b.1985,TC06B,TS,NN,9.3,86.4,40,NaN,300,15,302,15,NaN,NaN,NaN,NaN,NaN,NaN,NaN,NaN,NaN,NaN,TS,WN,c,c,NaN,NaN,NaN,NaN,NaN,NaN,
1985121200,06b.1985,TC06B,TS,NN,10.2,85.4,40,NaN,303,15,306,15,NaN,NaN,NaN,NaN,NaN,NaN,NaN,NaN,NaN,NaN,TS,WN,c,c,NaN,NaN,NaN,NaN,NaN,NaN,
1985121206,06b.1985,TC06B,TS,NN,10.6,84.6,45,NaN,300,12,306,11,NaN,NaN,NaN,NaN,NaN,NaN,NaN,NaN,NaN,NaN,TS,WN,c,c,NaN,NaN,NaN,NaN,NaN,NaN,
1985121212,06b.1985,TC06B,TS,NN,10.5,83.6,45,NaN,288,10,280,9,NaN,NaN,NaN,NaN,NaN,NaN,NaN,NaN,NaN,NaN,TS,WN,c,c,NaN,NaN,NaN,NaN,NaN,NaN,
1985121218,06b.1985,TC06B,TS,NN,11.6,83.2,50,NaN,306,8,306,8,NaN,NaN,NaN,NaN,NaN,NaN,NaN,NaN,NaN,NaN,TS,WN,b,b,NaN,NaN,NaN,NaN,NaN,NaN,
1985121300,06b.1985,TC06B,TS,NN,12.4,82.2,50,NaN,306,10,324,12,NaN,NaN,NaN,NaN,NaN,NaN,NaN,NaN,NaN,NaN,TS,WN,c,c,NaN,NaN,NaN,NaN,NaN,NaN,
1985121306,06b.1985,TC06B,TS,NN,12.8,81.7,50,NaN,306,10,309,9,NaN,NaN,NaN,NaN,NaN,NaN,NaN,NaN,NaN,NaN,TS,WN,c,c,NaN,NaN,NaN,NaN,NaN,NaN,
1985121312,06b.1985,TC06B,TS,NN,13.5,80.9,45,NaN,304,11,311,8,NaN,NaN,NaN,NaN,NaN,NaN,NaN,NaN,NaN,NaN,TS,WN,c,c,NaN,NaN,NaN,NaN,NaN,NaN,
1985121318,06b.1985,TC06B,TS,NN,14.1,80.3,45,NaN,309,9,314,9,NaN,NaN,NaN,NaN,NaN,NaN,NaN,NaN,NaN,NaN,TS,WN,c,c,NaN,NaN,0.16,NaN,NaN,NaN,
1985121400,06b.1985,TC06B,TS,NN,14.7,80.0,40,NaN,316,9,324,7,NaN,NaN,NaN,NaN,NaN,NaN,NaN,NaN,NaN,NaN,TS,WN,c,c,NaN,NaN,0.62,NaN,NaN,NaN,
1985121406,06b.1985,TC06B,TS,NN,15.5,79.0,30,NaN,318,9,318,9,NaN,NaN,NaN,NaN,NaN,NaN,NaN,NaN,NaN,NaN,TD,WN,b,b,NaN,NaN,0.99,NaN,NaN,NaN,
1984110906,s01.1985,9X-S01,TS,NN,-7.7,80.9,20,NaN,249,11,249,11,NaN,NaN,NaN,NaN,NaN,NaN,NaN,NaN,NaN,NaN,NT,NW,b,b,NaN,NaN,NaN,NaN,NaN,NaN,
1984110912,s01.1985,9X-S01,TS,NN,-8.1,79.9,20,NaN,249,11,249,11,NaN,NaN,NaN,NaN,NaN,NaN,NaN,NaN,NaN,NaN,NT,NW,b,b,NaN,NaN,NaN,NaN,NaN,NaN,
1984110918,s01.1985,9X-S01,TS,NN,-8.5,78.8,25,NaN,249,11,249,11,NaN,NaN,NaN,NaN,NaN,NaN,NaN,NaN,NaN,NaN,TD,NW,b,b,NaN,NaN,NaN,NaN,NaN,NaN,
1984111000,s01.1985,9X-S01,TS,NN,-8.8,77.7,25,NaN,252,11,252,11,NaN,NaN,NaN,NaN,NaN,NaN,NaN,NaN,NaN,NaN,TD,NW,b,b,NaN,NaN,NaN,NaN,NaN,NaN,
1984111006,s01.1985,9X-S01,TS,NN,-9.0,76.6,30,NaN,257,11,257,11,NaN,NaN,NaN,NaN,NaN,NaN,NaN,NaN,NaN,NaN,TD,NW,b,b,NaN,NaN,NaN,NaN,NaN,NaN,
1984111012,s01.1985,9X-S01,TS,NN,-9.1,75.4,30,NaN,262,11,262,11,NaN,NaN,NaN,NaN,NaN,NaN,NaN,NaN,NaN,NaN,TD,NW,b,b,NaN,NaN,NaN,NaN,NaN,NaN,
1984111018,s01.1985,9X-S01,TS,NN,-9.3,74.2,35,NaN,263,12,263,12,NaN,NaN,NaN,NaN,NaN,NaN,NaN,NaN,NaN,NaN,TS,NW,b,b,NaN,NaN,NaN,NaN,NaN,NaN,
1984111100,s01.1985,9X-S01,TS,NN,-9.5,73.0,40,NaN,260,12,260,12,NaN,NaN,NaN,NaN,NaN,NaN,NaN,NaN,NaN,NaN,TS,NW,b,b,NaN,NaN,NaN,NaN,NaN,NaN,
1984111106,01s.1985,NONAME,TS,NN,-9.9,72.2,45,NaN,253,12,253,10,NaN,NaN,NaN,NaN,NaN,NaN,NaN,NaN,NaN,NaN,TS,WN,c,c,NaN,NaN,NaN,NaN,NaN,NaN,
1984111112,01s.1985,NONAME,TS,NN,-10.0,70.8,45,NaN,257,11,257,11,NaN,NaN,NaN,NaN,NaN,NaN,NaN,NaN,NaN,NaN,TS,WN,b,b,NaN,NaN,NaN,NaN,NaN,NaN,
1984111118,01s.1985,NONAME,TS,NN,-10.5,69.6,45,NaN,256,12,257,13,NaN,NaN,NaN,NaN,NaN,NaN,NaN,NaN,NaN,NaN,TS,WN,c,c,NaN,NaN,NaN,NaN,NaN,NaN,
1984111200,01s.1985,NONAME,TS,NN,-10.6,68.5,45,NaN,255,12,255,12,NaN,NaN,NaN,NaN,NaN,NaN,NaN,NaN,NaN,NaN,TS,WN,b,b,NaN,NaN,NaN,NaN,NaN,NaN,
1984111206,01s.1985,NONAME,TS,NN,-11.1,68.2,45,NaN,250,9,246,8,NaN,NaN,NaN,NaN,NaN,NaN,NaN,NaN,NaN,NaN,TS,WN,c,c,NaN,NaN,NaN,NaN,NaN,NaN,
1984111212,01s.1985,NONAME,TS,NN,-11.3,66.0,45,NaN,254,13,254,13,NaN,NaN,NaN,NaN,NaN,NaN,NaN,NaN,NaN,NaN,TS,WN,b,b,NaN,NaN,NaN,NaN,NaN,NaN,
1984111218,01s.1985,NONAME,TS,NN,-11.5,64.9,45,NaN,263,13,263,16,NaN,NaN,NaN,NaN,NaN,NaN,NaN,NaN,NaN,NaN,TS,WN,c,c,NaN,NaN,NaN,NaN,NaN,NaN,
1984111300,01s.1985,NONAME,TS,NN,-11.8,62.8,45,NaN,261,16,261,16,NaN,NaN,NaN,NaN,NaN,NaN,NaN,NaN,NaN,NaN,TS,WN,b,b,NaN,NaN,NaN,NaN,NaN,NaN,
1984111306,01s.1985,NONAME,TS,NN,-12.4,61.4,40,NaN,266,16,255,18,NaN,NaN,NaN,NaN,NaN,NaN,NaN,NaN,NaN,NaN,TS,WN,c,c,NaN,NaN,NaN,NaN,NaN,NaN,
1984111312,01s.1985,NONAME,TS,NN,-12.7,59.3,40,NaN,255,18,255,18,NaN,NaN,NaN,NaN,NaN,NaN,NaN,NaN,NaN,NaN,TS,WN,b,b,NaN,NaN,NaN,NaN,NaN,NaN,
1984111318,01s.1985,NONAME,TS,NN,-13.1,58.3,35,NaN,253,17,257,16,NaN,NaN,NaN,NaN,NaN,NaN,NaN,NaN,NaN,NaN,TS,WN,c,c,NaN,NaN,NaN,NaN,NaN,NaN,
1984111400,01s.1985,NONAME,TS,NN,-13.7,56.4,30,NaN,250,15,250,15,NaN,NaN,NaN,NaN,NaN,NaN,NaN,NaN,NaN,NaN,TD,WN,b,b,NaN,NaN,NaN,NaN,NaN,NaN,
1984111406,01s.1985,NONAME,TS,NN,-14.5,54.9,30,NaN,248,18,247,18,NaN,NaN,NaN,NaN,NaN,NaN,NaN,NaN,NaN,NaN,TD,WN,c,c,NaN,NaN,NaN,NaN,NaN,NaN,
1984111412,01s.1985,NONAME,TS,NN,-14.5,54.5,30,NaN,247,10,247,10,NaN,NaN,NaN,NaN,NaN,NaN,NaN,NaN,NaN,NaN,TD,WN,b,b,NaN,NaN,NaN,NaN,NaN,NaN,
1984111418,01s.1985,NONAME,TS,NN,-14.9,53.7,30,NaN,251,6,251,6,NaN,NaN,NaN,NaN,NaN,NaN,NaN,NaN,NaN,NaN,TD,WN,b,b,NaN,NaN,NaN,NaN,NaN,NaN,
1984111500,01s.1985,NONAME,TS,NN,-15.2,53.0,30,NaN,244,8,244,8,NaN,NaN,NaN,NaN,NaN,NaN,NaN,NaN,NaN,NaN,TD,NW,b,b,NaN,NaN,NaN,NaN,NaN,NaN,
1984111506,01s.1985,NONAME,TS,NN,-15.6,52.4,30,NaN,241,7,241,7,NaN,NaN,NaN,NaN,NaN,NaN,NaN,NaN,NaN,NaN,TD,NW,b,b,NaN,NaN,NaN,NaN,NaN,NaN,
1984111512,01s.1985,NONAME,TS,NN,-16.1,51.9,30,NaN,230,7,230,7,NaN,NaN,NaN,NaN,NaN,NaN,NaN,NaN,NaN,NaN,TD,NW,b,b,NaN,NaN,NaN,NaN,NaN,NaN,
1984111518,01s.1985,NONAME,TS,NN,-16.7,51.4,25,NaN,221,7,221,7,NaN,NaN,NaN,NaN,NaN,NaN,NaN,NaN,NaN,NaN,TD,NW,b,b,NaN,NaN,NaN,NaN,NaN,NaN,
1984111600,01s.1985,NONAME,TS,NN,-17.2,51.0,25,NaN,218,7,218,7,NaN,NaN,NaN,NaN,NaN,NaN,NaN,NaN,NaN,NaN,TD,NW,b,b,NaN,NaN,NaN,NaN,NaN,NaN,
1984111606,01s.1985,NONAME,TS,NN,-17.7,50.6,25,NaN,217,6,217,6,NaN,NaN,NaN,NaN,NaN,NaN,NaN,NaN,NaN,NaN,TD,NW,b,b,NaN,NaN,NaN,NaN,NaN,NaN,
1984111612,01s.1985,NONAME,TS,NN,-18.1,50.3,25,NaN,217,6,217,6,NaN,NaN,NaN,NaN,NaN,NaN,NaN,NaN,NaN,NaN,TD,NW,b,b,NaN,NaN,NaN,NaN,NaN,NaN,
1984111618,01s.1985,NONAME,TS,NN,-18.5,49.9,25,NaN,220,5,220,5,NaN,NaN,NaN,NaN,NaN,NaN,NaN,NaN,NaN,NaN,TD,NW,b,b,NaN,NaN,NaN,NaN,NaN,NaN,
1984111700,01s.1985,NONAME,TS,NN,-18.8,49.6,25,NaN,223,5,223,5,NaN,NaN,NaN,NaN,NaN,NaN,NaN,NaN,NaN,NaN,TD,NW,b,b,NaN,NaN,0.09,NaN,NaN,NaN,
1984111706,01s.1985,NONAME,TS,NN,-19.0,49.2,25,NaN,233,4,233,4,NaN,NaN,NaN,NaN,NaN,NaN,NaN,NaN,NaN,NaN,TD,NW,b,b,NaN,NaN,0.57,NaN,NaN,NaN,
1984120206,s02.1985,9X-S02,TS,NN,-10.7,82.1,25,NaN,222,8,222,8,NaN,NaN,NaN,NaN,NaN,NaN,NaN,NaN,NaN,NaN,TD,NW,b,b,NaN,NaN,NaN,NaN,NaN,NaN,
1984120212,s02.1985,9X-S02,TS,NN,-11.3,81.6,25,NaN,222,8,222,8,NaN,NaN,NaN,NaN,NaN,NaN,NaN,NaN,NaN,NaN,TD,NW,b,b,NaN,NaN,NaN,NaN,NaN,NaN,
1984120218,s02.1985,9X-S02,TS,NN,-11.9,81.0,30,NaN,222,8,222,8,NaN,NaN,NaN,NaN,NaN,NaN,NaN,NaN,NaN,NaN,TD,NW,b,b,NaN,NaN,NaN,NaN,NaN,NaN,
1984120300,s02.1985,9X-S02,TS,NN,-12.5,80.3,35,NaN,227,9,227,9,NaN,NaN,NaN,NaN,NaN,NaN,NaN,NaN,NaN,NaN,TS,NW,b,b,NaN,NaN,NaN,NaN,NaN,NaN,
1984120306,02s.1985,BOBALAHY,TS,NN,-13.1,79.4,40,NaN,232,10,232,10,NaN,NaN,NaN,NaN,NaN,NaN,NaN,NaN,NaN,NaN,TS,WN,b,b,NaN,NaN,NaN,NaN,NaN,NaN,
1984120312,02s.1985,BOBALAHY,TS,NN,-13.7,78.3,40,NaN,238,11,238,11,NaN,NaN,NaN,NaN,NaN,NaN,NaN,NaN,NaN,NaN,TS,WN,b,b,NaN,NaN,NaN,NaN,NaN,NaN,
1984120318,02s.1985,BOBALAHY,TS,NN,-14.7,77.2,45,NaN,239,14,233,13,NaN,NaN,NaN,NaN,NaN,NaN,NaN,NaN,NaN,NaN,TS,WN,c,c,NaN,NaN,NaN,NaN,NaN,NaN,
1984120400,02s.1985,BOBALAHY,TS,NN,-14.6,76.2,45,NaN,246,11,246,11,NaN,NaN,NaN,NaN,NaN,NaN,NaN,NaN,NaN,NaN,TS,WN,b,b,NaN,NaN,NaN,NaN,NaN,NaN,
1984120406,02s.1985,BOBALAHY,TS,NN,-15.0,75.2,50,NaN,251,12,261,10,NaN,NaN,NaN,NaN,NaN,NaN,NaN,NaN,NaN,NaN,TS,WN,c,c,NaN,NaN,NaN,NaN,NaN,NaN,
1984120412,02s.1985,BOBALAHY,TS,NN,-15.2,74.3,55,NaN,252,10,252,10,NaN,NaN,NaN,NaN,NaN,NaN,NaN,NaN,NaN,NaN,TS,WN,b,b,NaN,NaN,NaN,NaN,NaN,NaN,
1984120418,02s.1985,BOBALAHY,TS,NN,-15.3,73.8,55,NaN,255,8,257,7,NaN,NaN,NaN,NaN,NaN,NaN,NaN,NaN,NaN,NaN,TS,WN,c,c,NaN,NaN,NaN,NaN,NaN,NaN,
1984120500,02s.1985,BOBALAHY,TS,NN,-16.1,72.9,55,NaN,236,8,236,8,NaN,NaN,NaN,NaN,NaN,NaN,NaN,NaN,NaN,NaN,TS,WN,b,b,NaN,NaN,NaN,NaN,NaN,NaN,
1984120506,02s.1985,BOBALAHY,TS,NN,-16.9,72.4,55,NaN,233,9,220,10,NaN,NaN,NaN,NaN,NaN,NaN,NaN,NaN,NaN,NaN,TS,WN,c,c,NaN,NaN,NaN,NaN,NaN,NaN,
1984120512,02s.1985,BOBALAHY,TS,NN,-17.0,71.7,55,NaN,232,7,232,7,NaN,NaN,NaN,NaN,NaN,NaN,NaN,NaN,NaN,NaN,TS,WN,b,b,NaN,NaN,NaN,NaN,NaN,NaN,
1984120518,02s.1985,BOBALAHY,TS,NN,-17.5,71.5,55,NaN,224,6,235,5,NaN,NaN,NaN,NaN,NaN,NaN,NaN,NaN,NaN,NaN,TS,WN,c,c,NaN,NaN,NaN,NaN,NaN,NaN,
1984120600,02s.1985,BOBALAHY,TS,NN,-17.8,70.6,50,NaN,233,7,233,7,NaN,NaN,NaN,NaN,NaN,NaN,NaN,NaN,NaN,NaN,TS,WN,b,b,NaN,NaN,NaN,NaN,NaN,NaN,
1984120606,02s.1985,BOBALAHY,TS,NN,-18.4,70.3,45,NaN,232,7,232,7,NaN,NaN,NaN,NaN,NaN,NaN,NaN,NaN,NaN,NaN,TS,WN,c,c,NaN,NaN,NaN,NaN,NaN,NaN,
1984120612,02s.1985,BOBALAHY,TS,NN,-18.6,69.6,45,NaN,230,6,230,6,NaN,NaN,NaN,NaN,NaN,NaN,NaN,NaN,NaN,NaN,TS,WN,b,b,NaN,NaN,NaN,NaN,NaN,NaN,
1984120618,02s.1985,BOBALAHY,TS,NN,-19.1,69.0,40,NaN,239,8,240,7,NaN,NaN,NaN,NaN,NaN,NaN,NaN,NaN,NaN,NaN,TS,WN,c,c,NaN,NaN,NaN,NaN,NaN,NaN,
1984120700,02s.1985,BOBALAHY,TS,NN,-19.3,68.3,35,NaN,240,7,240,7,NaN,NaN,NaN,NaN,NaN,NaN,NaN,NaN,NaN,NaN,TS,WN,b,b,NaN,NaN,NaN,NaN,NaN,NaN,
1984120706,02s.1985,BOBALAHY,TS,NN,-19.8,67.5,30,NaN,245,8,244,8,NaN,NaN,NaN,NaN,NaN,NaN,NaN,NaN,NaN,NaN,TD,WN,c,c,NaN,NaN,NaN,NaN,NaN,NaN,
1984120712,02s.1985,BOBALAHY,TS,NN,-20.0,66.6,30,NaN,246,9,246,9,NaN,NaN,NaN,NaN,NaN,NaN,NaN,NaN,NaN,NaN,TD,WN,b,b,NaN,NaN,NaN,NaN,NaN,NaN,
1984120718,02s.1985,BOBALAHY,TS,NN,-20.2,65.8,25,NaN,256,8,256,8,NaN,NaN,NaN,NaN,NaN,NaN,NaN,NaN,NaN,NaN,TD,WN,b,b,NaN,NaN,NaN,NaN,NaN,NaN,
1984120800,02s.1985,BOBALAHY,TS,NN,-20.4,65.0,25,NaN,255,8,255,8,NaN,NaN,NaN,NaN,NaN,NaN,NaN,NaN,NaN,NaN,TD,NW,b,b,NaN,NaN,NaN,NaN,NaN,NaN,
1984120806,02s.1985,BOBALAHY,TS,NN,-20.6,64.2,20,NaN,255,8,255,8,NaN,NaN,NaN,NaN,NaN,NaN,NaN,NaN,NaN,NaN,NT,NW,b,b,NaN,NaN,NaN,NaN,NaN,NaN,
1984120806,s03.1985,9X-S03,TS,NN,-8.3,98.5,20,NaN,122,12,122,12,NaN,NaN,NaN,NaN,NaN,NaN,NaN,NaN,NaN,NaN,NT,NW,b,b,NaN,NaN,NaN,NaN,NaN,NaN,
1984120812,s03.1985,9X-S03,TS,NN,-9.0,99.6,20,NaN,122,12,122,12,NaN,NaN,NaN,NaN,NaN,NaN,NaN,NaN,NaN,NaN,NT,NW,b,b,NaN,NaN,NaN,NaN,NaN,NaN,
1984120818,s03.1985,9X-S03,TS,NN,-9.6,100.6,20,NaN,122,12,122,12,NaN,NaN,NaN,NaN,NaN,NaN,NaN,NaN,NaN,NaN,NT,NW,b,b,NaN,NaN,NaN,NaN,NaN,NaN,
1984120900,s03.1985,9X-S03,TS,NN,-10.1,101.4,20,NaN,122,10,122,10,NaN,NaN,NaN,NaN,NaN,NaN,NaN,NaN,NaN,NaN,NT,NW,b,b,NaN,NaN,NaN,NaN,NaN,NaN,
1984120906,s03.1985,9X-S03,TS,NN,-10.7,102.2,25,NaN,125,10,125,10,NaN,NaN,NaN,NaN,NaN,NaN,NaN,NaN,NaN,NaN,TD,NW,b,b,NaN,NaN,NaN,NaN,NaN,NaN,
1984120912,s03.1985,9X-S03,TS,NN,-11.2,103.0,25,NaN,125,10,125,10,NaN,NaN,NaN,NaN,NaN,NaN,NaN,NaN,NaN,NaN,TD,NW,b,b,NaN,NaN,NaN,NaN,NaN,NaN,
1984120918,s03.1985,9X-S03,TS,NN,-11.8,103.7,30,NaN,127,9,127,9,NaN,NaN,NaN,NaN,NaN,NaN,NaN,NaN,NaN,NaN,TD,NW,b,b,NaN,NaN,NaN,NaN,NaN,NaN,
1984121000,s03.1985,9X-S03,TS,NN,-12.3,104.4,30,NaN,129,9,129,9,NaN,NaN,NaN,NaN,NaN,NaN,NaN,NaN,NaN,NaN,TD,NW,b,b,NaN,NaN,NaN,NaN,NaN,NaN,
1984121006,03s.1985,EMMA,TS,NN,-12.9,105.1,35,NaN,129,9,129,9,NaN,NaN,NaN,NaN,NaN,NaN,NaN,NaN,NaN,NaN,TS,NW,b,b,NaN,NaN,NaN,NaN,NaN,NaN,
1984121012,03s.1985,EMMA,TS,NN,-13.4,105.8,40,NaN,129,9,129,9,NaN,NaN,NaN,NaN,NaN,NaN,NaN,NaN,NaN,NaN,TS,NW,b,b,NaN,NaN,NaN,NaN,NaN,NaN,
1984121018,03s.1985,EMMA,TS,NN,-14.0,106.8,45,NaN,124,10,124,10,NaN,NaN,NaN,NaN,NaN,NaN,NaN,NaN,NaN,NaN,TS,NW,b,b,NaN,NaN,NaN,NaN,NaN,NaN,
1984121100,03s.1985,EMMA,TS,NN,-14.8,108.1,45,NaN,122,13,122,13,NaN,NaN,NaN,NaN,NaN,NaN,NaN,NaN,NaN,NaN,TS,NW,b,b,NaN,NaN,NaN,NaN,NaN,NaN,
1984121106,03s.1985,EMMA,TS,NN,-15.8,109.6,45,NaN,124,16,124,16,NaN,NaN,NaN,NaN,NaN,NaN,NaN,NaN,NaN,NaN,TS,NW,b,b,NaN,NaN,NaN,NaN,NaN,NaN,
1984121112,03s.1985,EMMA,TS,NN,-16.8,111.1,45,NaN,125,18,125,18,NaN,NaN,NaN,NaN,NaN,NaN,NaN,NaN,NaN,NaN,TS,NW,b,b,NaN,NaN,NaN,NaN,NaN,NaN,
1984121118,03s.1985,EMMA,TS,NN,-17.9,112.6,45,NaN,126,18,126,18,NaN,NaN,NaN,NaN,NaN,NaN,NaN,NaN,NaN,NaN,TS,NW,b,b,NaN,NaN,NaN,NaN,NaN,NaN,
1984121200,03s.1985,EMMA,TS,NN,-18.9,114.1,45,NaN,126,18,126,18,NaN,NaN,NaN,NaN,NaN,NaN,NaN,NaN,NaN,NaN,TS,NW,b,b,NaN,NaN,NaN,NaN,NaN,NaN,
1984121206,03s.1985,EMMA,TS,NN,-19.9,115.6,40,NaN,125,17,125,17,NaN,NaN,NaN,NaN,NaN,NaN,NaN,NaN,NaN,NaN,TS,NW,b,b,NaN,NaN,NaN,NaN,NaN,NaN,
1984121212,03s.1985,EMMA,TS,NN,-20.7,116.9,35,NaN,124,16,124,16,NaN,NaN,NaN,NaN,NaN,NaN,NaN,NaN,NaN,NaN,TS,NW,b,b,NaN,NaN,0.31,NaN,NaN,NaN,
1984121218,03s.1985,EMMA,TS,NN,-21.4,118.0,25,NaN,124,14,124,14,NaN,NaN,NaN,NaN,NaN,NaN,NaN,NaN,NaN,NaN,TD,NW,b,b,NaN,NaN,1.00,NaN,NaN,NaN,
1984120806,s04.1985,9X-S04,TS,NN,-10.0,131.7,25,NaN,260,6,260,6,NaN,NaN,NaN,NaN,NaN,NaN,NaN,NaN,NaN,NaN,TD,NW,b,b,NaN,NaN,NaN,NaN,NaN,NaN,
1984120812,s04.1985,9X-S04,TS,NN,-10.0,131.0,30,NaN,260,6,260,6,NaN,NaN,NaN,NaN,NaN,NaN,NaN,NaN,NaN,NaN,TD,NW,b,b,NaN,NaN,NaN,NaN,NaN,NaN,
1984120818,s04.1985,9X-S04,TS,NN,-10.2,130.5,30,NaN,260,6,260,6,NaN,NaN,NaN,NaN,NaN,NaN,NaN,NaN,NaN,NaN,TD,NW,b,b,NaN,NaN,NaN,NaN,NaN,NaN,
1984120900,s04.1985,9X-S04,TS,NN,-10.6,130.2,30,NaN,233,5,233,5,NaN,NaN,NaN,NaN,NaN,NaN,NaN,NaN,NaN,NaN,TD,NW,b,b,NaN,NaN,NaN,NaN,NaN,NaN,
1984120906,s04.1985,9X-S04,TS,NN,-11.0,130.3,30,NaN,194,4,194,4,NaN,NaN,NaN,NaN,NaN,NaN,NaN,NaN,NaN,NaN,TD,NW,b,b,NaN,NaN,0.12,NaN,NaN,NaN,
1984120912,s04.1985,9X-S04,TS,NN,-11.3,130.6,30,NaN,151,4,151,4,NaN,NaN,NaN,NaN,NaN,NaN,NaN,NaN,NaN,NaN,TD,NW,b,b,NaN,NaN,0.38,NaN,NaN,NaN,
1984120918,s04.1985,9X-S04,TS,NN,-11.4,131.1,30,NaN,117,4,117,4,NaN,NaN,NaN,NaN,NaN,NaN,NaN,NaN,NaN,NaN,TD,NW,b,b,NaN,NaN,0.44,NaN,NaN,NaN,
1984121000,s04.1985,9X-S04,TS,NN,-11.4,131.6,30,NaN,96,5,96,5,NaN,NaN,NaN,NaN,NaN,NaN,NaN,NaN,NaN,NaN,TD,NW,b,b,NaN,NaN,0.24,NaN,NaN,NaN,
1984121006,s04.1985,9X-S04,TS,NN,-11.4,132.2,25,NaN,90,5,90,5,NaN,NaN,NaN,NaN,NaN,NaN,NaN,NaN,NaN,NaN,TD,NW,b,b,NaN,NaN,0.15,NaN,NaN,NaN,
1984121012,s04.1985,9X-S04,TS,NN,-11.4,132.7,25,NaN,90,5,90,5,NaN,NaN,NaN,NaN,NaN,NaN,NaN,NaN,NaN,NaN,TD,NW,b,b,NaN,NaN,0.37,NaN,NaN,NaN,
1984121018,s04.1985,9X-S04,TS,NN,-11.6,133.3,25,NaN,101,5,101,5,NaN,NaN,NaN,NaN,NaN,NaN,NaN,NaN,NaN,NaN,TD,NW,b,b,NaN,NaN,0.24,NaN,NaN,NaN,
1984121100,s04.1985,9X-S04,TS,NN,-12.1,134.3,25,NaN,114,9,114,9,NaN,NaN,NaN,NaN,NaN,NaN,NaN,NaN,NaN,NaN,TD,NW,b,b,NaN,NaN,0.46,NaN,NaN,NaN,
1984121106,s04.1985,9X-S04,TS,NN,-12.7,135.7,25,NaN,115,13,115,13,NaN,NaN,NaN,NaN,NaN,NaN,NaN,NaN,NaN,NaN,TD,NW,b,b,NaN,NaN,0.80,NaN,NaN,NaN,
1984121112,s04.1985,9X-S04,TS,NN,-13.2,137.2,25,NaN,111,15,111,15,NaN,NaN,NaN,NaN,NaN,NaN,NaN,NaN,NaN,NaN,TD,NW,b,b,NaN,NaN,0.07,NaN,NaN,NaN,
1984121118,s04.1985,9X-S04,TS,NN,-13.7,138.6,30,NaN,110,15,110,15,NaN,NaN,NaN,NaN,NaN,NaN,NaN,NaN,NaN,NaN,TD,NW,b,b,NaN,NaN,NaN,NaN,NaN,NaN,
1984121200,s04.1985,9X-S04,TS,NN,-14.0,139.2,35,NaN,112,11,112,11,NaN,NaN,NaN,NaN,NaN,NaN,NaN,NaN,NaN,NaN,TS,NW,b,b,NaN,NaN,NaN,NaN,NaN,NaN,
1984121206,04s.1985,NONAME,TS,NN,-13.9,139.5,35,NaN,107,10,103,4,NaN,NaN,NaN,NaN,NaN,NaN,NaN,NaN,NaN,NaN,TS,WN,c,c,NaN,NaN,NaN,NaN,NaN,NaN,
1984121212,04s.1985,NONAME,TS,NN,-14.5,138.9,35,NaN,210,3,210,3,NaN,NaN,NaN,NaN,NaN,NaN,NaN,NaN,NaN,NaN,TS,WN,b,b,NaN,NaN,NaN,NaN,NaN,NaN,
1984121218,04s.1985,NONAME,TS,NN,-14.2,139.1,30,NaN,117,9,232,2,NaN,NaN,NaN,NaN,NaN,NaN,NaN,NaN,NaN,NaN,TD,WN,c,c,NaN,NaN,NaN,NaN,NaN,NaN,
1984121300,04s.1985,NONAME,TS,NN,-15.3,138.5,30,NaN,206,4,206,4,NaN,NaN,NaN,NaN,NaN,NaN,NaN,NaN,NaN,NaN,TD,WN,b,b,NaN,NaN,NaN,NaN,NaN,NaN,
1984121306,04s.1985,NONAME,TS,NN,-15.6,139.0,25,NaN,171,6,184,7,NaN,NaN,NaN,NaN,NaN,NaN,NaN,NaN,NaN,NaN,TD,WN,c,c,NaN,NaN,NaN,NaN,NaN,NaN,
1984121312,04s.1985,NONAME,TS,NN,-16.1,138.3,25,NaN,194,4,194,4,NaN,NaN,NaN,NaN,NaN,NaN,NaN,NaN,NaN,NaN,TD,WN,b,b,NaN,NaN,NaN,NaN,NaN,NaN,
1984121318,04s.1985,NONAME,TS,NN,-16.6,138.2,20,NaN,218,6,218,6,NaN,NaN,NaN,NaN,NaN,NaN,NaN,NaN,NaN,NaN,NT,WN,b,b,NaN,NaN,0.46,NaN,NaN,NaN,
1984122212,s05.1985,9X-S05,TY,NN,-17.4,122.9,20,NaN,265,5,265,5,NaN,NaN,NaN,NaN,NaN,NaN,NaN,NaN,NaN,NaN,NT,NW,b,b,NaN,NaN,0.93,NaN,NaN,NaN,
1984122218,s05.1985,9X-S05,TY,NN,-17.4,122.3,25,NaN,265,5,265,5,NaN,NaN,NaN,NaN,NaN,NaN,NaN,NaN,NaN,NaN,TD,NW,b,b,NaN,NaN,0.79,NaN,NaN,NaN,
1984122300,05s.1985,FRANK,TY,NN,-17.5,121.8,30,NaN,242,4,265,5,NaN,NaN,NaN,NaN,NaN,NaN,NaN,NaN,NaN,NaN,TD,WN,c,c,NaN,NaN,0.29,NaN,NaN,NaN,
1984122306,05s.1985,FRANK,TY,NN,-17.5,121.2,35,NaN,265,5,265,5,NaN,NaN,NaN,NaN,NaN,NaN,NaN,NaN,NaN,NaN,TS,WN,b,b,NaN,NaN,NaN,NaN,NaN,NaN,
1984122312,05s.1985,FRANK,TY,NN,-18.2,120.6,40,NaN,242,5,238,7,NaN,NaN,NaN,NaN,NaN,NaN,NaN,NaN,NaN,NaN,TS,WN,c,c,NaN,NaN,NaN,NaN,NaN,NaN,
1984122318,05s.1985,FRANK,TY,NN,-17.6,120.2,45,NaN,264,5,264,5,NaN,NaN,NaN,NaN,NaN,NaN,NaN,NaN,NaN,NaN,TS,WN,b,b,NaN,NaN,NaN,NaN,NaN,NaN,
1984122400,05s.1985,FRANK,TY,NN,-17.6,119.3,50,NaN,270,6,296,7,NaN,NaN,NaN,NaN,NaN,NaN,NaN,NaN,NaN,NaN,TS,WN,c,c,NaN,NaN,NaN,NaN,NaN,NaN,
1984122406,05s.1985,FRANK,TY,NN,-17.5,119.1,55,NaN,275,5,275,5,NaN,NaN,NaN,NaN,NaN,NaN,NaN,NaN,NaN,NaN,TS,WN,b,b,NaN,NaN,NaN,NaN,NaN,NaN,
1984122412,05s.1985,FRANK,TY,NN,-17.6,118.8,60,NaN,270,4,270,2,NaN,NaN,NaN,NaN,NaN,NaN,NaN,NaN,NaN,NaN,TS,WN,c,c,NaN,NaN,NaN,NaN,NaN,NaN,
1984122418,05s.1985,FRANK,TY,NN,-17.4,118.1,65,NaN,276,5,276,5,NaN,NaN,NaN,NaN,NaN,NaN,NaN,NaN,NaN,NaN,TY,WN,b,b,NaN,NaN,NaN,NaN,NaN,NaN,
1984122500,05s.1985,FRANK,TY,NN,-17.6,117.5,70,NaN,270,9,270,6,NaN,NaN,NaN,NaN,NaN,NaN,NaN,NaN,NaN,NaN,TY,WN,c,c,NaN,NaN,NaN,NaN,NaN,NaN,
1984122506,05s.1985,FRANK,TY,NN,-17.5,117.6,75,NaN,258,2,258,2,NaN,NaN,NaN,NaN,NaN,NaN,NaN,NaN,NaN,NaN,TY,WN,b,b,NaN,NaN,NaN,NaN,NaN,NaN,
1984122512,05s.1985,FRANK,TY,NN,-17.9,116.9,75,NaN,235,3,242,3,NaN,NaN,NaN,NaN,NaN,NaN,NaN,NaN,NaN,NaN,TY,WN,c,c,NaN,NaN,NaN,NaN,NaN,NaN,
1984122518,05s.1985,FRANK,TY,NN,-17.9,117.5,75,NaN,193,2,193,2,NaN,NaN,NaN,NaN,NaN,NaN,NaN,NaN,NaN,NaN,TY,WN,b,b,NaN,NaN,NaN,NaN,NaN,NaN,
1984122600,05s.1985,FRANK,TY,NN,-18.5,117.3,75,NaN,180,2,148,4,NaN,NaN,NaN,NaN,NaN,NaN,NaN,NaN,NaN,NaN,TY,WN,c,c,NaN,NaN,NaN,NaN,NaN,NaN,
1984122606,05s.1985,FRANK,TY,NN,-18.7,117.6,70,NaN,173,4,173,4,NaN,NaN,NaN,NaN,NaN,NaN,NaN,NaN,NaN,NaN,TY,WN,b,b,NaN,NaN,NaN,NaN,NaN,NaN,
1984122612,05s.1985,FRANK,TY,NN,-19.3,117.7,65,NaN,152,4,155,4,NaN,NaN,NaN,NaN,NaN,NaN,NaN,NaN,NaN,NaN,TY,WN,c,c,NaN,NaN,NaN,NaN,NaN,NaN,
1984122618,05s.1985,FRANK,TY,NN,-19.8,118.1,60,NaN,157,6,157,6,NaN,NaN,NaN,NaN,NaN,NaN,NaN,NaN,NaN,NaN,TS,WN,b,b,NaN,NaN,0.07,NaN,NaN,NaN,
1984122700,05s.1985,FRANK,TY,NN,-20.3,118.5,50,NaN,144,6,143,6,NaN,NaN,NaN,NaN,NaN,NaN,NaN,NaN,NaN,NaN,TS,WN,c,c,NaN,NaN,0.69,NaN,NaN,NaN,
1984122706,05s.1985,FRANK,TY,NN,-20.8,119.0,40,NaN,140,7,140,7,NaN,NaN,NaN,NaN,NaN,NaN,NaN,NaN,NaN,NaN,TS,WN,b,b,NaN,NaN,1.00,NaN,NaN,NaN,
1984122712,05s.1985,FRANK,TY,NN,-21.3,119.5,30,NaN,137,7,137,7,NaN,NaN,NaN,NaN,NaN,NaN,NaN,NaN,NaN,NaN,TD,WN,b,b,NaN,NaN,1.00,NaN,NaN,NaN,
1984122518,p06.1985,9X-P06,TY,NN,-12.6,145.1,25,NaN,113,14,113,14,NaN,NaN,NaN,NaN,NaN,NaN,NaN,NaN,NaN,NaN,TD,NW,b,b,NaN,NaN,NaN,NaN,NaN,NaN,
1984122600,p06.1985,9X-P06,TY,NN,-13.1,146.4,25,NaN,113,14,113,14,NaN,NaN,NaN,NaN,NaN,NaN,NaN,NaN,NaN,NaN,TD,NW,b,b,NaN,NaN,NaN,NaN,NaN,NaN,
1984122606,p06.1985,9X-P06,TY,NN,-13.7,147.8,30,NaN,113,14,113,14,NaN,NaN,NaN,NaN,NaN,NaN,NaN,NaN,NaN,NaN,TD,NW,b,b,NaN,NaN,NaN,NaN,NaN,NaN,
1984122612,p06.1985,9X-P06,TY,NN,-14.4,149.1,30,NaN,116,15,116,15,NaN,NaN,NaN,NaN,NaN,NaN,NaN,NaN,NaN,NaN,TD,NW,b,b,NaN,NaN,NaN,NaN,NaN,NaN,
1984122618,p06.1985,9X-P06,TY,NN,-15.1,150.5,35,NaN,118,15,118,15,NaN,NaN,NaN,NaN,NaN,NaN,NaN,NaN,NaN,NaN,TS,NW,b,b,NaN,NaN,NaN,NaN,NaN,NaN,
1984122700,p06.1985,9X-P06,TY,NN,-15.8,151.7,40,NaN,119,14,119,14,NaN,NaN,NaN,NaN,NaN,NaN,NaN,NaN,NaN,NaN,TS,NW,b,b,NaN,NaN,NaN,NaN,NaN,NaN,
1984122706,06p.1985,MONICA,TY,NN,-16.5,152.8,50,NaN,122,13,122,13,NaN,NaN,NaN,NaN,NaN,NaN,NaN,NaN,NaN,NaN,TS,WN,b,b,NaN,NaN,NaN,NaN,NaN,NaN,
1984122712,06p.1985,MONICA,TY,NN,-17.3,154.0,55,NaN,124,13,124,13,NaN,NaN,NaN,NaN,NaN,NaN,NaN,NaN,NaN,NaN,TS,WN,b,b,NaN,NaN,NaN,NaN,NaN,NaN,
1984122718,06p.1985,MONICA,TY,NN,-18.1,154.2,65,NaN,140,12,140,10,NaN,NaN,NaN,NaN,NaN,NaN,NaN,NaN,NaN,NaN,TY,WN,c,c,NaN,NaN,NaN,NaN,NaN,NaN,
1984122800,06p.1985,MONICA,TY,NN,-19.2,156.7,70,NaN,127,16,127,16,NaN,NaN,NaN,NaN,NaN,NaN,NaN,NaN,NaN,NaN,TY,WN,b,b,NaN,NaN,NaN,NaN,NaN,NaN,
1984122806,06p.1985,MONICA,TY,NN,-20.0,157.1,65,NaN,127,17,125,17,NaN,NaN,NaN,NaN,NaN,NaN,NaN,NaN,NaN,NaN,TY,WN,c,c,NaN,NaN,NaN,NaN,NaN,NaN,
1984122812,06p.1985,MONICA,TY,NN,-21.1,159.5,60,NaN,126,16,126,16,NaN,NaN,NaN,NaN,NaN,NaN,NaN,NaN,NaN,NaN,TS,WN,b,b,NaN,NaN,NaN,NaN,NaN,NaN,
1984122818,06p.1985,MONICA,TY,NN,-22.5,160.7,55,NaN,124,23,127,21,NaN,NaN,NaN,NaN,NaN,NaN,NaN,NaN,NaN,NaN,TS,WN,c,c,NaN,NaN,NaN,NaN,NaN,NaN,
1984122900,06p.1985,MONICA,TY,NN,-23.3,162.5,50,NaN,128,18,128,18,NaN,NaN,NaN,NaN,NaN,NaN,NaN,NaN,NaN,NaN,TS,WN,b,b,NaN,NaN,NaN,NaN,NaN,NaN,
1984122906,06p.1985,MONICA,TY,NN,-24.9,164.2,40,NaN,127,20,127,20,NaN,NaN,NaN,NaN,NaN,NaN,NaN,NaN,NaN,NaN,TS,WN,b,b,NaN,NaN,NaN,NaN,NaN,NaN,
1984122606,p07.1985,9X-P07,TS,NN,-8.7,178.2,25,NaN,55,6,55,6,NaN,NaN,NaN,NaN,NaN,NaN,NaN,NaN,NaN,NaN,TD,NW,b,b,NaN,NaN,NaN,NaN,NaN,NaN,
1984122612,p07.1985,9X-P07,TS,NN,-8.2,178.8,30,NaN,55,6,55,6,NaN,NaN,NaN,NaN,NaN,NaN,NaN,NaN,NaN,NaN,TD,NW,b,b,NaN,NaN,NaN,NaN,NaN,NaN,
1984122618,07p.1985,NONAME,TS,NN,-8.0,179.2,35,NaN,55,6,55,6,NaN,NaN,NaN,NaN,NaN,NaN,NaN,NaN,NaN,NaN,TS,NW,b,b,NaN,NaN,NaN,NaN,NaN,NaN,
1984122700,07p.1985,NONAME,TS,NN,-8.0,180.6,40,NaN,84,9,84,9,NaN,NaN,NaN,NaN,NaN,NaN,NaN,NaN,NaN,NaN,TS,NW,b,b,NaN,NaN,NaN,NaN,NaN,NaN,
1984122706,07p.1985,NONAME,TS,NN,-8.5,179.6,45,NaN,142,3,142,3,NaN,NaN,NaN,NaN,NaN,NaN,NaN,NaN,NaN,NaN,TS,NW,b,b,NaN,NaN,NaN,NaN,NaN,NaN,
1984122712,07p.1985,NONAME,TS,NN,-9.5,180.1,45,NaN,198,8,198,8,NaN,NaN,NaN,NaN,NaN,NaN,NaN,NaN,NaN,NaN,TS,NW,b,b,NaN,NaN,NaN,NaN,NaN,NaN,
1984122718,07p.1985,NONAME,TS,NN,-10.6,180.6,45,NaN,155,12,155,12,NaN,NaN,NaN,NaN,NaN,NaN,NaN,NaN,NaN,NaN,TS,NW,b,b,NaN,NaN,NaN,NaN,NaN,NaN,
1984122800,07p.1985,NONAME,TS,NN,-11.7,181.0,40,NaN,158,12,158,12,NaN,NaN,NaN,NaN,NaN,NaN,NaN,NaN,NaN,NaN,TS,NW,b,b,NaN,NaN,NaN,NaN,NaN,NaN,
1984122806,07p.1985,NONAME,TS,NN,-12.8,181.4,35,NaN,160,12,160,12,NaN,NaN,NaN,NaN,NaN,NaN,NaN,NaN,NaN,NaN,TS,NW,b,b,NaN,NaN,NaN,NaN,NaN,NaN,
1984122812,07p.1985,NONAME,TS,NN,-13.2,181.8,35,NaN,152,8,152,8,NaN,NaN,NaN,NaN,NaN,NaN,NaN,NaN,NaN,NaN,TS,NW,b,b,NaN,NaN,NaN,NaN,NaN,NaN,
1984122818,07p.1985,NONAME,TS,NN,-12.9,182.3,30,NaN,97,4,97,4,NaN,NaN,NaN,NaN,NaN,NaN,NaN,NaN,NaN,NaN,TD,NW,b,b,NaN,NaN,NaN,NaN,NaN,NaN,
1984122900,07p.1985,NONAME,TS,NN,-12.7,182.6,25,NaN,57,5,57,5,NaN,NaN,NaN,NaN,NaN,NaN,NaN,NaN,NaN,NaN,TD,NW,b,b,NaN,NaN,NaN,NaN,NaN,NaN,
1984122612,p08.1985,9X-P08,TS,NN,-11.3,165.0,20,NaN,117,8,117,8,NaN,NaN,NaN,NaN,NaN,NaN,NaN,NaN,NaN,NaN,NT,NW,b,b,NaN,NaN,NaN,NaN,NaN,NaN,
1984122618,p08.1985,9X-P08,TS,NN,-11.5,165.8,20,NaN,117,8,117,8,NaN,NaN,NaN,NaN,NaN,NaN,NaN,NaN,NaN,NaN,NT,NW,b,b,NaN,NaN,NaN,NaN,NaN,NaN,
1984122700,p08.1985,9X-P08,TS,NN,-12.0,166.4,25,NaN,117,8,117,8,NaN,NaN,NaN,NaN,NaN,NaN,NaN,NaN,NaN,NaN,TD,NW,b,b,NaN,NaN,0.02,NaN,NaN,NaN,
1984122706,p08.1985,9X-P08,TS,NN,-12.8,166.9,25,NaN,140,8,140,8,NaN,NaN,NaN,NaN,NaN,NaN,NaN,NaN,NaN,NaN,TD,NW,b,b,NaN,NaN,0.01,NaN,NaN,NaN,
1984122712,p08.1985,9X-P08,TS,NN,-13.6,167.3,30,NaN,151,9,151,9,NaN,NaN,NaN,NaN,NaN,NaN,NaN,NaN,NaN,NaN,TD,NW,b,b,NaN,NaN,0.04,NaN,NaN,NaN,
1984122718,p08.1985,9X-P08,TS,NN,-14.4,167.8,30,NaN,151,9,151,9,NaN,NaN,NaN,NaN,NaN,NaN,NaN,NaN,NaN,NaN,TD,NW,b,b,NaN,NaN,0.02,NaN,NaN,NaN,
1984122800,p08.1985,9X-P08,TS,NN,-15.3,168.3,30,NaN,150,10,150,10,NaN,NaN,NaN,NaN,NaN,NaN,NaN,NaN,NaN,NaN,TD,NW,b,b,NaN,NaN,0.06,NaN,NaN,NaN,
1984122806,p08.1985,9X-P08,TS,NN,-16.2,168.9,35,NaN,149,10,149,10,NaN,NaN,NaN,NaN,NaN,NaN,NaN,NaN,NaN,NaN,TS,NW,b,b,NaN,NaN,NaN,NaN,NaN,NaN,
1984122812,08p.1985,NONAME,TS,NN,-17.0,169.1,40,NaN,153,11,156,9,NaN,NaN,NaN,NaN,NaN,NaN,NaN,NaN,NaN,NaN,TS,WN,c,c,NaN,NaN,NaN,NaN,NaN,NaN,
1984122818,08p.1985,NONAME,TS,NN,-18.0,170.6,45,NaN,138,12,138,12,NaN,NaN,NaN,NaN,NaN,NaN,NaN,NaN,NaN,NaN,TS,WN,b,b,NaN,NaN,NaN,NaN,NaN,NaN,
1984122900,08p.1985,NONAME,TS,NN,-18.9,171.6,45,NaN,138,13,129,15,NaN,NaN,NaN,NaN,NaN,NaN,NaN,NaN,NaN,NaN,TS,WN,c,c,NaN,NaN,NaN,NaN,NaN,NaN,
1984122906,08p.1985,NONAME,TS,NN,-19.5,172.9,45,NaN,125,13,125,13,NaN,NaN,NaN,NaN,NaN,NaN,NaN,NaN,NaN,NaN,TS,WN,b,b,NaN,NaN,NaN,NaN,NaN,NaN,
1984122912,08p.1985,NONAME,TS,NN,-20.4,178.1,40,NaN,183,8,104,32,NaN,NaN,NaN,NaN,NaN,NaN,NaN,NaN,NaN,NaN,TS,WN,c,c,NaN,NaN,NaN,NaN,NaN,NaN,
1984122918,08p.1985,NONAME,TS,NN,-20.6,175.6,35,NaN,113,14,113,14,NaN,NaN,NaN,NaN,NaN,NaN,NaN,NaN,NaN,NaN,TS,WN,b,b,NaN,NaN,NaN,NaN,NaN,NaN,
1984123000,08p.1985,NONAME,TS,NN,-21.1,177.2,25,NaN,230,5,230,5,NaN,NaN,NaN,NaN,NaN,NaN,NaN,NaN,NaN,NaN,TD,WN,b,b,NaN,NaN,NaN,NaN,NaN,NaN,
1985011000,p09.1985,9X-P09,TS,NN,-11.3,184.1,25,NaN,136,4,136,4,NaN,NaN,NaN,NaN,NaN,NaN,NaN,NaN,NaN,NaN,TD,NW,b,b,NaN,NaN,NaN,NaN,NaN,NaN,
1985011006,p09.1985,9X-P09,TS,NN,-11.5,184.5,25,NaN,136,4,136,4,NaN,NaN,NaN,NaN,NaN,NaN,NaN,NaN,NaN,NaN,TD,NW,b,b,NaN,NaN,NaN,NaN,NaN,NaN,
1985011012,p09.1985,9X-P09,TS,NN,-11.9,184.7,30,NaN,136,4,136,4,NaN,NaN,NaN,NaN,NaN,NaN,NaN,NaN,NaN,NaN,TD,NW,b,b,NaN,NaN,NaN,NaN,NaN,NaN,
1985011018,p09.1985,9X-P09,TS,NN,-12.4,184.8,30,NaN,162,5,162,5,NaN,NaN,NaN,NaN,NaN,NaN,NaN,NaN,NaN,NaN,TD,NW,b,b,NaN,NaN,NaN,NaN,NaN,NaN,
1985011100,09p.1985,DRENA,TS,NN,-13.1,185.0,35,NaN,166,6,166,6,NaN,NaN,NaN,NaN,NaN,NaN,NaN,NaN,NaN,NaN,TS,NW,b,b,NaN,NaN,NaN,NaN,NaN,NaN,
1985011106,09p.1985,DRENA,TS,NN,-13.8,185.1,35,NaN,168,7,168,7,NaN,NaN,NaN,NaN,NaN,NaN,NaN,NaN,NaN,NaN,TS,NW,b,b,NaN,NaN,NaN,NaN,NaN,NaN,
1985011112,09p.1985,DRENA,TS,NN,-14.6,185.3,40,NaN,169,8,169,8,NaN,NaN,NaN,NaN,NaN,NaN,NaN,NaN,NaN,NaN,TS,NW,b,b,NaN,NaN,NaN,NaN,NaN,NaN,
1985011118,09p.1985,DRENA,TS,NN,-15.3,185.5,40,NaN,166,8,166,8,NaN,NaN,NaN,NaN,NaN,NaN,NaN,NaN,NaN,NaN,TS,NW,b,b,NaN,NaN,NaN,NaN,NaN,NaN,
1985011200,09p.1985,DRENA,TS,NN,-16.1,185.8,45,NaN,162,8,162,8,NaN,NaN,NaN,NaN,NaN,NaN,NaN,NaN,NaN,NaN,TS,NW,b,b,NaN,NaN,NaN,NaN,NaN,NaN,
1985011206,09p.1985,DRENA,TS,NN,-16.7,186.0,50,NaN,161,7,161,7,NaN,NaN,NaN,NaN,NaN,NaN,NaN,NaN,NaN,NaN,TS,NW,b,b,NaN,NaN,NaN,NaN,NaN,NaN,
1985011212,09p.1985,DRENA,TS,NN,-17.1,186.3,50,NaN,154,6,154,6,NaN,NaN,NaN,NaN,NaN,NaN,NaN,NaN,NaN,NaN,TS,NW,b,b,NaN,NaN,NaN,NaN,NaN,NaN,
1985011218,09p.1985,DRENA,TS,NN,-17.5,186.6,50,NaN,144,5,144,5,NaN,NaN,NaN,NaN,NaN,NaN,NaN,NaN,NaN,NaN,TS,NW,b,b,NaN,NaN,NaN,NaN,NaN,NaN,
1985011300,09p.1985,DRENA,TS,NN,-18.0,186.9,45,NaN,148,5,148,5,NaN,NaN,NaN,NaN,NaN,NaN,NaN,NaN,NaN,NaN,TS,NW,b,b,NaN,NaN,NaN,NaN,NaN,NaN,
1985011306,09p.1985,DRENA,TS,NN,-18.4,187.2,45,NaN,148,5,148,5,NaN,NaN,NaN,NaN,NaN,NaN,NaN,NaN,NaN,NaN,TS,NW,b,b,NaN,NaN,NaN,NaN,NaN,NaN,
1985011312,09p.1985,DRENA,TS,NN,-18.9,187.5,40,NaN,148,5,148,5,NaN,NaN,NaN,NaN,NaN,NaN,NaN,NaN,NaN,NaN,TS,NW,b,b,NaN,NaN,NaN,NaN,NaN,NaN,
1985011318,09p.1985,DRENA,TS,NN,-19.5,188.0,35,NaN,145,7,145,7,NaN,NaN,NaN,NaN,NaN,NaN,NaN,NaN,NaN,NaN,TS,NW,b,b,NaN,NaN,NaN,NaN,NaN,NaN,
1985011400,09p.1985,DRENA,TS,NN,-20.2,188.8,30,NaN,137,9,137,9,NaN,NaN,NaN,NaN,NaN,NaN,NaN,NaN,NaN,NaN,TD,NW,b,b,NaN,NaN,NaN,NaN,NaN,NaN,
1985011006,s10.1985,9X-S10,TY,NN,-10.8,65.7,20,NaN,249,7,249,7,NaN,NaN,NaN,NaN,NaN,NaN,NaN,NaN,NaN,NaN,NT,NW,b,b,NaN,NaN,NaN,NaN,NaN,NaN,
1985011012,s10.1985,9X-S10,TY,NN,-11.0,65.1,20,NaN,249,7,249,7,NaN,NaN,NaN,NaN,NaN,NaN,NaN,NaN,NaN,NaN,NT,NW,b,b,NaN,NaN,NaN,NaN,NaN,NaN,
1985011018,s10.1985,9X-S10,TY,NN,-11.3,64.4,25,NaN,249,7,249,7,NaN,NaN,NaN,NaN,NaN,NaN,NaN,NaN,NaN,NaN,TD,NW,b,b,NaN,NaN,NaN,NaN,NaN,NaN,
1985011100,s10.1985,9X-S10,TY,NN,-11.6,63.7,25,NaN,246,7,246,7,NaN,NaN,NaN,NaN,NaN,NaN,NaN,NaN,NaN,NaN,TD,NW,b,b,NaN,NaN,NaN,NaN,NaN,NaN,
1985011106,s10.1985,9X-S10,TY,NN,-11.9,62.9,30,NaN,248,8,248,8,NaN,NaN,NaN,NaN,NaN,NaN,NaN,NaN,NaN,NaN,TD,NW,b,b,NaN,NaN,NaN,NaN,NaN,NaN,
1985011112,s10.1985,9X-S10,TY,NN,-12.2,62.0,30,NaN,250,9,250,9,NaN,NaN,NaN,NaN,NaN,NaN,NaN,NaN,NaN,NaN,TD,NW,b,b,NaN,NaN,NaN,NaN,NaN,NaN,
1985011118,s10.1985,9X-S10,TY,NN,-12.6,61.2,35,NaN,247,9,247,9,NaN,NaN,NaN,NaN,NaN,NaN,NaN,NaN,NaN,NaN,TS,NW,b,b,NaN,NaN,NaN,NaN,NaN,NaN,
1985011200,s10.1985,9X-S10,TY,NN,-13.1,60.4,40,NaN,240,9,240,9,NaN,NaN,NaN,NaN,NaN,NaN,NaN,NaN,NaN,NaN,TS,NW,b,b,NaN,NaN,NaN,NaN,NaN,NaN,
1985011206,10s.1985,CELESTINA,TY,NN,-13.8,59.6,45,NaN,246,12,232,10,NaN,NaN,NaN,NaN,NaN,NaN,NaN,NaN,NaN,NaN,TS,WN,c,c,NaN,NaN,NaN,NaN,NaN,NaN,
1985011212,10s.1985,CELESTINA,TY,NN,-14.3,59.0,50,NaN,229,9,229,9,NaN,NaN,NaN,NaN,NaN,NaN,NaN,NaN,NaN,NaN,TS,WN,b,b,NaN,NaN,NaN,NaN,NaN,NaN,
1985011218,10s.1985,CELESTINA,TY,NN,-15.0,58.7,55,NaN,224,10,216,7,NaN,NaN,NaN,NaN,NaN,NaN,NaN,NaN,NaN,NaN,TS,WN,c,c,NaN,NaN,NaN,NaN,NaN,NaN,
1985011300,10s.1985,CELESTINA,TY,NN,-15.5,57.6,60,NaN,228,9,228,9,NaN,NaN,NaN,NaN,NaN,NaN,NaN,NaN,NaN,NaN,TS,WN,b,b,NaN,NaN,NaN,NaN,NaN,NaN,
1985011306,10s.1985,CELESTINA,TY,NN,-16.5,57.1,60,NaN,227,11,226,11,NaN,NaN,NaN,NaN,NaN,NaN,NaN,NaN,NaN,NaN,TS,WN,c,c,NaN,NaN,NaN,NaN,NaN,NaN,
1985011312,10s.1985,CELESTINA,TY,NN,-16.7,56.2,60,NaN,228,9,228,9,NaN,NaN,NaN,NaN,NaN,NaN,NaN,NaN,NaN,NaN,TS,WN,b,b,NaN,NaN,NaN,NaN,NaN,NaN,
1985011318,10s.1985,CELESTINA,TY,NN,-17.5,55.5,65,NaN,231,11,237,9,NaN,NaN,NaN,NaN,NaN,NaN,NaN,NaN,NaN,NaN,TY,WN,c,c,NaN,NaN,NaN,NaN,NaN,NaN,
1985011400,10s.1985,CELESTINA,TY,NN,-17.8,55.3,60,NaN,218,7,218,7,NaN,NaN,NaN,NaN,NaN,NaN,NaN,NaN,NaN,NaN,TS,WN,b,b,NaN,NaN,NaN,NaN,NaN,NaN,
1985011406,10s.1985,CELESTINA,TY,NN,-19.1,54.4,55,NaN,218,10,213,10,NaN,NaN,NaN,NaN,NaN,NaN,NaN,NaN,NaN,NaN,TS,WN,c,c,NaN,NaN,NaN,NaN,NaN,NaN,
1985011412,10s.1985,CELESTINA,TY,NN,-18.6,54.5,50,NaN,224,6,224,6,NaN,NaN,NaN,NaN,NaN,NaN,NaN,NaN,NaN,NaN,TS,WN,b,b,NaN,NaN,NaN,NaN,NaN,NaN,
1985011418,10s.1985,CELESTINA,TY,NN,-19.3,54.0,50,NaN,223,6,242,2,NaN,NaN,NaN,NaN,NaN,NaN,NaN,NaN,NaN,NaN,TS,WN,c,c,NaN,NaN,NaN,NaN,NaN,NaN,
1985011500,10s.1985,CELESTINA,TY,NN,-19.4,53.9,50,NaN,215,5,215,5,NaN,NaN,NaN,NaN,NaN,NaN,NaN,NaN,NaN,NaN,TS,WN,b,b,NaN,NaN,NaN,NaN,NaN,NaN,
1985011506,10s.1985,CELESTINA,TY,NN,-19.8,53.7,50,NaN,214,4,209,3,NaN,NaN,NaN,NaN,NaN,NaN,NaN,NaN,NaN,NaN,TS,WN,c,c,NaN,NaN,NaN,NaN,NaN,NaN,
1985011512,10s.1985,CELESTINA,TY,NN,-20.1,53.5,55,NaN,208,4,208,4,NaN,NaN,NaN,NaN,NaN,NaN,NaN,NaN,NaN,NaN,TS,WN,b,b,NaN,NaN,NaN,NaN,NaN,NaN,
1985011518,10s.1985,CELESTINA,TY,NN,-20.5,53.1,55,NaN,223,4,219,4,NaN,NaN,NaN,NaN,NaN,NaN,NaN,NaN,NaN,NaN,TS,WN,c,c,NaN,NaN,NaN,NaN,NaN,NaN,
1985011600,10s.1985,CELESTINA,TY,NN,-21.1,53.5,55,NaN,180,5,180,5,NaN,NaN,NaN,NaN,NaN,NaN,NaN,NaN,NaN,NaN,TS,WN,b,b,NaN,NaN,NaN,NaN,NaN,NaN,
1985011606,10s.1985,CELESTINA,TY,NN,-21.0,53.6,55,NaN,174,5,137,3,NaN,NaN,NaN,NaN,NaN,NaN,NaN,NaN,NaN,NaN,TS,WN,c,c,NaN,NaN,NaN,NaN,NaN,NaN,
1985011612,10s.1985,CELESTINA,TY,NN,-21.9,54.1,55,NaN,145,5,145,5,NaN,NaN,NaN,NaN,NaN,NaN,NaN,NaN,NaN,NaN,TS,WN,b,b,NaN,NaN,NaN,NaN,NaN,NaN,
1985011618,10s.1985,CELESTINA,TY,NN,-22.0,55.1,55,NaN,130,9,126,9,NaN,NaN,NaN,NaN,NaN,NaN,NaN,NaN,NaN,NaN,TS,WN,c,c,NaN,NaN,NaN,NaN,NaN,NaN,
1985011700,10s.1985,CELESTINA,TY,NN,-22.3,55.1,55,NaN,113,5,113,5,NaN,NaN,NaN,NaN,NaN,NaN,NaN,NaN,NaN,NaN,TS,WN,b,b,NaN,NaN,NaN,NaN,NaN,NaN,
1985011706,10s.1985,CELESTINA,TY,NN,-22.4,56.3,55,NaN,111,5,110,6,NaN,NaN,NaN,NaN,NaN,NaN,NaN,NaN,NaN,NaN,TS,WN,c,c,NaN,NaN,NaN,NaN,NaN,NaN,
1985011712,10s.1985,CELESTINA,TY,NN,-22.0,56.2,55,NaN,74,5,74,5,NaN,NaN,NaN,NaN,NaN,NaN,NaN,NaN,NaN,NaN,TS,WN,b,b,NaN,NaN,NaN,NaN,NaN,NaN,
1985011718,10s.1985,CELESTINA,TY,NN,-22.1,56.4,55,NaN,90,1,17,2,NaN,NaN,NaN,NaN,NaN,NaN,NaN,NaN,NaN,NaN,TS,WN,c,c,NaN,NaN,NaN,NaN,NaN,NaN,
1985011800,10s.1985,CELESTINA,TY,NN,-21.4,55.8,50,NaN,328,4,328,4,NaN,NaN,NaN,NaN,NaN,NaN,NaN,NaN,NaN,NaN,TS,WN,b,b,NaN,NaN,0.11,NaN,NaN,NaN,
1985011806,10s.1985,CELESTINA,TY,NN,-21.3,55.5,40,NaN,298,3,314,6,NaN,NaN,NaN,NaN,NaN,NaN,NaN,NaN,NaN,NaN,TS,WN,c,c,NaN,NaN,0.18,NaN,NaN,NaN,
1985011812,10s.1985,CELESTINA,TY,NN,-21.1,54.9,35,NaN,290,4,290,4,NaN,NaN,NaN,NaN,NaN,NaN,NaN,NaN,NaN,NaN,TS,WN,b,b,NaN,NaN,0.09,NaN,NaN,NaN,
1985011818,10s.1985,CELESTINA,TY,NN,-21.7,54.7,35,NaN,253,3,242,4,NaN,NaN,NaN,NaN,NaN,NaN,NaN,NaN,NaN,NaN,TS,WN,c,c,NaN,NaN,NaN,NaN,NaN,NaN,
1985011900,10s.1985,CELESTINA,TY,NN,-21.3,54.2,35,NaN,253,3,253,3,NaN,NaN,NaN,NaN,NaN,NaN,NaN,NaN,NaN,NaN,TS,WN,b,b,NaN,NaN,NaN,NaN,NaN,NaN,
1985011906,10s.1985,CELESTINA,TY,NN,-21.8,53.0,35,NaN,260,6,266,8,NaN,NaN,NaN,NaN,NaN,NaN,NaN,NaN,NaN,NaN,TS,WN,c,c,NaN,NaN,NaN,NaN,NaN,NaN,
1985011912,10s.1985,CELESTINA,TY,NN,-21.7,53.7,35,NaN,229,3,229,3,NaN,NaN,NaN,NaN,NaN,NaN,NaN,NaN,NaN,NaN,TS,WN,b,b,NaN,NaN,NaN,NaN,NaN,NaN,
1985011918,10s.1985,CELESTINA,TY,NN,-22.0,51.8,40,NaN,260,6,260,6,NaN,NaN,NaN,NaN,NaN,NaN,NaN,NaN,NaN,NaN,TS,WN,c,c,NaN,NaN,NaN,NaN,NaN,NaN,
1985012000,10s.1985,CELESTINA,TY,NN,-22.4,53.2,40,NaN,214,4,214,4,NaN,NaN,NaN,NaN,NaN,NaN,NaN,NaN,NaN,NaN,TS,WN,b,b,NaN,NaN,NaN,NaN,NaN,NaN,
1985012006,10s.1985,CELESTINA,TY,NN,-22.8,52.9,40,NaN,202,4,128,6,NaN,NaN,NaN,NaN,NaN,NaN,NaN,NaN,NaN,NaN,TS,WN,c,c,NaN,NaN,NaN,NaN,NaN,NaN,
1985012012,10s.1985,CELESTINA,TY,NN,-23.6,52.8,35,NaN,197,6,197,6,NaN,NaN,NaN,NaN,NaN,NaN,NaN,NaN,NaN,NaN,TS,WN,b,b,NaN,NaN,NaN,NaN,NaN,NaN,
1985012018,10s.1985,CELESTINA,TY,NN,-23.9,53.2,35,NaN,153,5,166,6,NaN,NaN,NaN,NaN,NaN,NaN,NaN,NaN,NaN,NaN,TS,WN,c,c,NaN,NaN,NaN,NaN,NaN,NaN,
1985012100,10s.1985,CELESTINA,TY,NN,-25.0,52.8,35,NaN,180,7,180,7,NaN,NaN,NaN,NaN,NaN,NaN,NaN,NaN,NaN,NaN,TS,WN,b,b,NaN,NaN,NaN,NaN,NaN,NaN,
1985012106,10s.1985,CELESTINA,TY,NN,-25.8,53.4,35,NaN,163,8,175,10,NaN,NaN,NaN,NaN,NaN,NaN,NaN,NaN,NaN,NaN,TS,WN,c,c,NaN,NaN,NaN,NaN,NaN,NaN,
1985012112,10s.1985,CELESTINA,TY,NN,-26.5,53.1,35,NaN,170,8,170,8,NaN,NaN,NaN,NaN,NaN,NaN,NaN,NaN,NaN,NaN,TS,WN,b,b,NaN,NaN,NaN,NaN,NaN,NaN,
1985012118,10s.1985,CELESTINA,TY,NN,-27.3,53.3,35,NaN,183,8,183,8,NaN,NaN,NaN,NaN,NaN,NaN,NaN,NaN,NaN,NaN,TS,WN,b,b,NaN,NaN,NaN,NaN,NaN,NaN,
1985011200,p11.1985,9X-P11,TY,NN,-15.8,161.1,25,NaN,58,3,58,3,NaN,NaN,NaN,NaN,NaN,NaN,NaN,NaN,NaN,NaN,TD,NW,b,b,NaN,NaN,NaN,NaN,NaN,NaN,
1985011206,p11.1985,9X-P11,TY,NN,-15.6,161.3,25,NaN,58,3,58,3,NaN,NaN,NaN,NaN,NaN,NaN,NaN,NaN,NaN,NaN,TD,NW,b,b,NaN,NaN,NaN,NaN,NaN,NaN,
1985011212,p11.1985,9X-P11,TY,NN,-15.5,161.6,25,NaN,58,3,58,3,NaN,NaN,NaN,NaN,NaN,NaN,NaN,NaN,NaN,NaN,TD,NW,b,b,NaN,NaN,NaN,NaN,NaN,NaN,
1985011218,p11.1985,9X-P11,TY,NN,-15.5,161.9,25,NaN,80,3,80,3,NaN,NaN,NaN,NaN,NaN,NaN,NaN,NaN,NaN,NaN,TD,NW,b,b,NaN,NaN,NaN,NaN,NaN,NaN,
1985011300,p11.1985,9X-P11,TY,NN,-15.5,162.2,25,NaN,90,3,90,3,NaN,NaN,NaN,NaN,NaN,NaN,NaN,NaN,NaN,NaN,TD,NW,b,b,NaN,NaN,NaN,NaN,NaN,NaN,
1985011306,p11.1985,9X-P11,TY,NN,-15.4,162.6,25,NaN,82,3,82,3,NaN,NaN,NaN,NaN,NaN,NaN,NaN,NaN,NaN,NaN,TD,NW,b,b,NaN,NaN,NaN,NaN,NaN,NaN,
1985011312,p11.1985,9X-P11,TY,NN,-15.4,163.0,25,NaN,83,4,83,4,NaN,NaN,NaN,NaN,NaN,NaN,NaN,NaN,NaN,NaN,TD,NW,b,b,NaN,NaN,NaN,NaN,NaN,NaN,
1985011318,p11.1985,9X-P11,TY,NN,-15.4,163.4,25,NaN,90,4,90,4,NaN,NaN,NaN,NaN,NaN,NaN,NaN,NaN,NaN,NaN,TD,NW,b,b,NaN,NaN,NaN,NaN,NaN,NaN,
1985011400,p11.1985,9X-P11,TY,NN,-15.4,163.8,30,NaN,90,4,90,4,NaN,NaN,NaN,NaN,NaN,NaN,NaN,NaN,NaN,NaN,TD,NW,b,b,NaN,NaN,NaN,NaN,NaN,NaN,
1985011406,p11.1985,9X-P11,TY,NN,-15.4,164.4,30,NaN,90,5,90,5,NaN,NaN,NaN,NaN,NaN,NaN,NaN,NaN,NaN,NaN,TD,NW,b,b,NaN,NaN,NaN,NaN,NaN,NaN,
1985011412,p11.1985,9X-P11,TY,NN,-15.3,165.0,30,NaN,85,6,85,6,NaN,NaN,NaN,NaN,NaN,NaN,NaN,NaN,NaN,NaN,TD,NW,b,b,NaN,NaN,NaN,NaN,NaN,NaN,
1985011418,p11.1985,9X-P11,TY,NN,-15.3,165.5,35,NaN,85,5,85,5,NaN,NaN,NaN,NaN,NaN,NaN,NaN,NaN,NaN,NaN,TS,NW,b,b,NaN,NaN,NaN,NaN,NaN,NaN,
1985011500,11p.1985,ERIC,TY,NN,-15.0,166.0,40,NaN,79,5,73,5,NaN,NaN,NaN,NaN,NaN,NaN,NaN,NaN,NaN,NaN,TS,WN,c,c,NaN,NaN,NaN,NaN,NaN,NaN,
1985011506,11p.1985,ERIC,TY,NN,-15.3,166.9,45,NaN,90,7,90,7,NaN,NaN,NaN,NaN,NaN,NaN,NaN,NaN,NaN,NaN,TS,WN,b,b,NaN,NaN,0.32,NaN,NaN,NaN,
1985011512,11p.1985,ERIC,TY,NN,-15.5,167.6,50,NaN,98,7,108,8,NaN,NaN,NaN,NaN,NaN,NaN,NaN,NaN,NaN,NaN,TS,WN,c,c,NaN,NaN,0.17,NaN,NaN,NaN,
1985011518,11p.1985,ERIC,TY,NN,-15.6,168.8,55,NaN,99,9,99,9,NaN,NaN,NaN,NaN,NaN,NaN,NaN,NaN,NaN,NaN,TS,WN,b,b,NaN,NaN,NaN,NaN,NaN,NaN,
1985011600,11p.1985,ERIC,TY,NN,-15.9,161.5,60,NaN,95,27,266,29,NaN,NaN,NaN,NaN,NaN,NaN,NaN,NaN,NaN,NaN,TS,WN,c,c,NaN,NaN,NaN,NaN,NaN,NaN,
1985011606,11p.1985,ERIC,TY,NN,-16.0,170.8,65,NaN,102,10,102,10,NaN,NaN,NaN,NaN,NaN,NaN,NaN,NaN,NaN,NaN,TY,WN,b,b,NaN,NaN,NaN,NaN,NaN,NaN,
1985011612,11p.1985,ERIC,TY,NN,-16.4,170.8,75,NaN,105,11,93,45,NaN,NaN,NaN,NaN,NaN,NaN,NaN,NaN,NaN,NaN,TY,WN,c,c,NaN,NaN,NaN,NaN,NaN,NaN,
1985011618,11p.1985,ERIC,TY,NN,-16.5,173.0,80,NaN,103,11,103,11,NaN,NaN,NaN,NaN,NaN,NaN,NaN,NaN,NaN,NaN,TY,WN,b,b,NaN,NaN,NaN,NaN,NaN,NaN,
1985011700,11p.1985,ERIC,TY,NN,-16.8,174.5,90,NaN,103,16,96,18,NaN,NaN,NaN,NaN,NaN,NaN,NaN,NaN,NaN,NaN,TY,WN,c,c,NaN,NaN,NaN,NaN,NaN,NaN,
1985011706,11p.1985,ERIC,TY,NN,-17.3,175.9,95,NaN,106,14,106,14,NaN,NaN,NaN,NaN,NaN,NaN,NaN,NaN,NaN,NaN,TY,WN,b,b,NaN,NaN,NaN,NaN,NaN,NaN,
1985011712,11p.1985,ERIC,TY,NN,-18.0,177.8,100,NaN,110,18,111,17,NaN,NaN,NaN,NaN,NaN,NaN,NaN,NaN,NaN,NaN,TY,WN,c,c,NaN,NaN,0.70,NaN,NaN,NaN,
1985011718,11p.1985,ERIC,TY,NN,-18.9,180.6,95,NaN,110,24,110,24,NaN,NaN,NaN,NaN,NaN,NaN,NaN,NaN,NaN,NaN,TY,WN,b,b,NaN,NaN,NaN,NaN,NaN,NaN,
1985011800,11p.1985,ERIC,TY,NN,-19.9,183.5,90,NaN,109,29,109,29,NaN,NaN,NaN,NaN,NaN,NaN,NaN,NaN,NaN,NaN,TY,WN,b,b,NaN,NaN,NaN,NaN,NaN,NaN,
1985011806,11p.1985,ERIC,TY,NN,-20.8,186.4,85,NaN,109,29,109,29,NaN,NaN,NaN,NaN,NaN,NaN,NaN,NaN,NaN,NaN,TY,WN,b,b,NaN,NaN,NaN,NaN,NaN,NaN,
1985011812,11p.1985,ERIC,TY,NN,-21.8,189.4,75,NaN,109,29,109,29,NaN,NaN,NaN,NaN,NaN,NaN,NaN,NaN,NaN,NaN,TY,WN,b,b,NaN,NaN,NaN,NaN,NaN,NaN,
1985011818,11p.1985,ERIC,TY,NN,-22.8,192.5,70,NaN,109,30,109,30,NaN,NaN,NaN,NaN,NaN,NaN,NaN,NaN,NaN,NaN,TY,WN,b,b,NaN,NaN,NaN,NaN,NaN,NaN,
1985011900,11p.1985,ERIC,TY,NN,-24.0,195.7,60,NaN,111,31,111,31,NaN,NaN,NaN,NaN,NaN,NaN,NaN,NaN,NaN,NaN,TS,WN,b,b,NaN,NaN,NaN,NaN,NaN,NaN,
1985011906,11p.1985,ERIC,TY,NN,-25.4,199.1,55,NaN,113,33,113,33,NaN,NaN,NaN,NaN,NaN,NaN,NaN,NaN,NaN,NaN,TS,WN,b,b,NaN,NaN,NaN,NaN,NaN,NaN,
1985011912,11p.1985,ERIC,TY,NN,-27.3,202.7,45,NaN,118,36,118,36,NaN,NaN,NaN,NaN,NaN,NaN,NaN,NaN,NaN,NaN,TS,WN,b,b,NaN,NaN,NaN,NaN,NaN,NaN,
1985011918,11p.1985,ERIC,TY,NN,-30.0,206.5,40,NaN,125,40,125,40,NaN,NaN,NaN,NaN,NaN,NaN,NaN,NaN,NaN,NaN,TS,WN,b,b,NaN,NaN,NaN,NaN,NaN,NaN,
1985012000,11p.1985,ERIC,TY,NN,-33.5,210.5,30,NaN,133,46,133,46,NaN,NaN,NaN,NaN,NaN,NaN,NaN,NaN,NaN,NaN,TD,WN,b,b,NaN,NaN,NaN,NaN,NaN,NaN,
1985011206,s12.1985,9X-S12,TS,NN,-10.7,84.7,25,NaN,125,8,125,8,NaN,NaN,NaN,NaN,NaN,NaN,NaN,NaN,NaN,NaN,TD,NW,b,b,NaN,NaN,NaN,NaN,NaN,NaN,
1985011212,s12.1985,9X-S12,TS,NN,-11.1,85.4,25,NaN,125,8,125,8,NaN,NaN,NaN,NaN,NaN,NaN,NaN,NaN,NaN,NaN,TD,NW,b,b,NaN,NaN,NaN,NaN,NaN,NaN,
1985011218,s12.1985,9X-S12,TS,NN,-11.6,86.0,25,NaN,125,8,125,8,NaN,NaN,NaN,NaN,NaN,NaN,NaN,NaN,NaN,NaN,TD,NW,b,b,NaN,NaN,NaN,NaN,NaN,NaN,
1985011300,s12.1985,9X-S12,TS,NN,-12.0,86.6,25,NaN,127,7,127,7,NaN,NaN,NaN,NaN,NaN,NaN,NaN,NaN,NaN,NaN,TD,NW,b,b,NaN,NaN,NaN,NaN,NaN,NaN,
1985011306,s12.1985,9X-S12,TS,NN,-12.5,86.8,25,NaN,139,6,139,6,NaN,NaN,NaN,NaN,NaN,NaN,NaN,NaN,NaN,NaN,TD,NW,b,b,NaN,NaN,NaN,NaN,NaN,NaN,
1985011312,s12.1985,9X-S12,TS,NN,-12.9,86.7,25,NaN,174,5,174,5,NaN,NaN,NaN,NaN,NaN,NaN,NaN,NaN,NaN,NaN,TD,NW,b,b,NaN,NaN,NaN,NaN,NaN,NaN,
1985011318,s12.1985,9X-S12,TS,NN,-13.4,86.5,25,NaN,198,5,198,5,NaN,NaN,NaN,NaN,NaN,NaN,NaN,NaN,NaN,NaN,TD,NW,b,b,NaN,NaN,NaN,NaN,NaN,NaN,
1985011400,s12.1985,9X-S12,TS,NN,-13.7,86.4,25,NaN,200,4,200,4,NaN,NaN,NaN,NaN,NaN,NaN,NaN,NaN,NaN,NaN,TD,NW,b,b,NaN,NaN,NaN,NaN,NaN,NaN,
1985011406,s12.1985,9X-S12,TS,NN,-13.9,86.2,25,NaN,210,3,210,3,NaN,NaN,NaN,NaN,NaN,NaN,NaN,NaN,NaN,NaN,TD,NW,b,b,NaN,NaN,NaN,NaN,NaN,NaN,
1985011412,s12.1985,9X-S12,TS,NN,-14.2,86.0,25,NaN,218,3,218,3,NaN,NaN,NaN,NaN,NaN,NaN,NaN,NaN,NaN,NaN,TD,NW,b,b,NaN,NaN,NaN,NaN,NaN,NaN,
1985011418,s12.1985,9X-S12,TS,NN,-14.5,85.8,30,NaN,213,4,213,4,NaN,NaN,NaN,NaN,NaN,NaN,NaN,NaN,NaN,NaN,TD,NW,b,b,NaN,NaN,NaN,NaN,NaN,NaN,
1985011500,s12.1985,9X-S12,TS,NN,-14.7,85.6,30,NaN,218,3,218,3,NaN,NaN,NaN,NaN,NaN,NaN,NaN,NaN,NaN,NaN,TD,NW,b,b,NaN,NaN,NaN,NaN,NaN,NaN,
1985011506,s12.1985,9X-S12,TS,NN,-14.8,85.4,30,NaN,232,2,232,2,NaN,NaN,NaN,NaN,NaN,NaN,NaN,NaN,NaN,NaN,TD,NW,b,b,NaN,NaN,NaN,NaN,NaN,NaN,
1985011512,s12.1985,9X-S12,TS,NN,-15.1,85.2,35,NaN,224,3,224,3,NaN,NaN,NaN,NaN,NaN,NaN,NaN,NaN,NaN,NaN,TS,NW,b,b,NaN,NaN,NaN,NaN,NaN,NaN,
1985011518,12s.1985,NONAME,TS,NN,-16.4,85.1,35,NaN,221,7,190,8,NaN,NaN,NaN,NaN,NaN,NaN,NaN,NaN,NaN,NaN,TS,WN,c,c,NaN,NaN,NaN,NaN,NaN,NaN,
1985011600,12s.1985,NONAME,TS,NN,-15.7,84.1,35,NaN,241,6,241,6,NaN,NaN,NaN,NaN,NaN,NaN,NaN,NaN,NaN,NaN,TS,WN,b,b,NaN,NaN,NaN,NaN,NaN,NaN,
1985011606,12s.1985,NONAME,TS,NN,-16.1,83.2,35,NaN,246,7,279,9,NaN,NaN,NaN,NaN,NaN,NaN,NaN,NaN,NaN,NaN,TS,WN,c,c,NaN,NaN,NaN,NaN,NaN,NaN,
1985011612,12s.1985,NONAME,TS,NN,-16.6,82.2,35,NaN,244,10,244,10,NaN,NaN,NaN,NaN,NaN,NaN,NaN,NaN,NaN,NaN,TS,WN,b,b,NaN,NaN,NaN,NaN,NaN,NaN,
1985011618,12s.1985,NONAME,TS,NN,-17.2,81.1,35,NaN,241,11,241,11,NaN,NaN,NaN,NaN,NaN,NaN,NaN,NaN,NaN,NaN,TS,WN,b,b,NaN,NaN,NaN,NaN,NaN,NaN,
1985011700,12s.1985,NONAME,TS,NN,-17.7,80.0,35,NaN,242,12,242,12,NaN,NaN,NaN,NaN,NaN,NaN,NaN,NaN,NaN,NaN,TS,WN,b,b,NaN,NaN,NaN,NaN,NaN,NaN,
1985011706,12s.1985,NONAME,TS,NN,-18.3,78.9,30,NaN,242,12,242,12,NaN,NaN,NaN,NaN,NaN,NaN,NaN,NaN,NaN,NaN,TD,WN,b,b,NaN,NaN,NaN,NaN,NaN,NaN,
1985011712,12s.1985,NONAME,TS,NN,-18.7,77.9,30,NaN,243,11,243,11,NaN,NaN,NaN,NaN,NaN,NaN,NaN,NaN,NaN,NaN,TD,NW,b,b,NaN,NaN,NaN,NaN,NaN,NaN,
1985011718,12s.1985,NONAME,TS,NN,-18.9,77.0,25,NaN,252,9,252,9,NaN,NaN,NaN,NaN,NaN,NaN,NaN,NaN,NaN,NaN,TD,NW,b,b,NaN,NaN,NaN,NaN,NaN,NaN,
1985011400,p13.1985,9X-P13,TY,NN,-16.3,150.9,25,NaN,96,5,96,5,NaN,NaN,NaN,NaN,NaN,NaN,NaN,NaN,NaN,NaN,TD,NW,b,b,NaN,NaN,NaN,NaN,NaN,NaN,
1985011406,p13.1985,9X-P13,TY,NN,-16.3,151.4,25,NaN,96,5,96,5,NaN,NaN,NaN,NaN,NaN,NaN,NaN,NaN,NaN,NaN,TD,NW,b,b,NaN,NaN,NaN,NaN,NaN,NaN,
1985011412,p13.1985,9X-P13,TY,NN,-16.4,151.9,25,NaN,96,5,96,5,NaN,NaN,NaN,NaN,NaN,NaN,NaN,NaN,NaN,NaN,TD,NW,b,b,NaN,NaN,NaN,NaN,NaN,NaN,
1985011418,p13.1985,9X-P13,TY,NN,-16.4,152.4,25,NaN,96,5,96,5,NaN,NaN,NaN,NaN,NaN,NaN,NaN,NaN,NaN,NaN,TD,NW,b,b,NaN,NaN,NaN,NaN,NaN,NaN,
1985011500,p13.1985,9X-P13,TY,NN,-16.5,152.9,25,NaN,96,5,96,5,NaN,NaN,NaN,NaN,NaN,NaN,NaN,NaN,NaN,NaN,TD,NW,b,b,NaN,NaN,NaN,NaN,NaN,NaN,
1985011506,p13.1985,9X-P13,TY,NN,-16.4,153.7,25,NaN,90,6,90,6,NaN,NaN,NaN,NaN,NaN,NaN,NaN,NaN,NaN,NaN,TD,NW,b,b,NaN,NaN,NaN,NaN,NaN,NaN,
1985011512,p13.1985,9X-P13,TY,NN,-16.2,154.5,30,NaN,79,8,79,8,NaN,NaN,NaN,NaN,NaN,NaN,NaN,NaN,NaN,NaN,TD,NW,b,b,NaN,NaN,NaN,NaN,NaN,NaN,
1985011518,p13.1985,9X-P13,TY,NN,-16.1,155.3,30,NaN,79,8,79,8,NaN,NaN,NaN,NaN,NaN,NaN,NaN,NaN,NaN,NaN,TD,NW,b,b,NaN,NaN,NaN,NaN,NaN,NaN,
1985011600,13p.1985,NIGEL,TY,NN,-16.1,156.1,35,NaN,90,9,86,8,NaN,NaN,NaN,NaN,NaN,NaN,NaN,NaN,NaN,NaN,TS,WN,c,c,NaN,NaN,NaN,NaN,NaN,NaN,
1985011606,13p.1985,NIGEL,TY,NN,-16.0,157.3,40,NaN,87,10,87,10,NaN,NaN,NaN,NaN,NaN,NaN,NaN,NaN,NaN,NaN,TS,WN,b,b,NaN,NaN,NaN,NaN,NaN,NaN,
1985011612,13p.1985,NIGEL,TY,NN,-15.9,158.7,50,NaN,85,13,85,13,NaN,NaN,NaN,NaN,NaN,NaN,NaN,NaN,NaN,NaN,TS,WN,b,b,NaN,NaN,NaN,NaN,NaN,NaN,
1985011618,13p.1985,NIGEL,TY,NN,-15.8,160.1,55,NaN,86,14,86,14,NaN,NaN,NaN,NaN,NaN,NaN,NaN,NaN,NaN,NaN,TS,WN,b,b,NaN,NaN,NaN,NaN,NaN,NaN,
1985011700,13p.1985,NIGEL,TY,NN,-15.9,161.6,65,NaN,88,13,90,14,NaN,NaN,NaN,NaN,NaN,NaN,NaN,NaN,NaN,NaN,TY,WN,c,c,NaN,NaN,NaN,NaN,NaN,NaN,
1985011706,13p.1985,NIGEL,TY,NN,-15.6,163.0,70,NaN,86,14,86,14,NaN,NaN,NaN,NaN,NaN,NaN,NaN,NaN,NaN,NaN,TY,WN,b,b,NaN,NaN,NaN,NaN,NaN,NaN,
1985011712,13p.1985,NIGEL,TY,NN,-15.5,157.5,75,NaN,88,31,276,20,NaN,NaN,NaN,NaN,NaN,NaN,NaN,NaN,NaN,NaN,TY,WN,c,c,NaN,NaN,NaN,NaN,NaN,NaN,
1985011718,13p.1985,NIGEL,TY,NN,-15.5,166.2,75,NaN,88,15,88,15,NaN,NaN,NaN,NaN,NaN,NaN,NaN,NaN,NaN,NaN,TY,WN,b,b,NaN,NaN,NaN,NaN,NaN,NaN,
1985011800,13p.1985,NIGEL,TY,NN,-15.6,167.9,80,NaN,90,16,91,50,NaN,NaN,NaN,NaN,NaN,NaN,NaN,NaN,NaN,NaN,TY,WN,c,c,NaN,NaN,0.09,NaN,NaN,NaN,
1985011806,13p.1985,NIGEL,TY,NN,-15.6,169.5,85,NaN,92,16,92,16,NaN,NaN,NaN,NaN,NaN,NaN,NaN,NaN,NaN,NaN,TY,WN,b,b,NaN,NaN,NaN,NaN,NaN,NaN,
1985011812,13p.1985,NIGEL,TY,NN,-15.8,171.2,90,NaN,94,16,94,16,NaN,NaN,NaN,NaN,NaN,NaN,NaN,NaN,NaN,NaN,TY,WN,b,b,NaN,NaN,NaN,NaN,NaN,NaN,
1985011818,13p.1985,NIGEL,TY,NN,-16.2,173.1,100,NaN,100,18,100,18,NaN,NaN,NaN,NaN,NaN,NaN,NaN,NaN,NaN,NaN,TY,WN,b,b,NaN,NaN,NaN,NaN,NaN,NaN,
1985011900,13p.1985,NIGEL,TY,NN,-16.9,175.1,105,NaN,105,20,106,20,NaN,NaN,NaN,NaN,NaN,NaN,NaN,NaN,NaN,NaN,TY,WN,c,c,NaN,NaN,NaN,NaN,NaN,NaN,
1985011906,13p.1985,NIGEL,TY,NN,-17.3,177.7,100,NaN,104,23,104,23,NaN,NaN,NaN,NaN,NaN,NaN,NaN,NaN,NaN,NaN,TY,WN,b,b,NaN,NaN,0.33,NaN,NaN,NaN,
1985011912,13p.1985,NIGEL,TY,NN,-18.0,180.1,85,NaN,103,24,103,24,NaN,NaN,NaN,NaN,NaN,NaN,NaN,NaN,NaN,NaN,TY,WN,b,b,NaN,NaN,NaN,NaN,NaN,NaN,
1985011918,13p.1985,NIGEL,TY,NN,-18.7,182.5,70,NaN,107,24,107,24,NaN,NaN,NaN,NaN,NaN,NaN,NaN,NaN,NaN,NaN,TY,WN,b,b,NaN,NaN,NaN,NaN,NaN,NaN,
1985012000,13p.1985,NIGEL,TY,NN,-19.4,184.9,60,NaN,107,24,107,24,NaN,NaN,NaN,NaN,NaN,NaN,NaN,NaN,NaN,NaN,TS,WN,b,b,NaN,NaN,NaN,NaN,NaN,NaN,
1985012006,13p.1985,NIGEL,TY,NN,-19.9,187.2,50,NaN,105,23,105,23,NaN,NaN,NaN,NaN,NaN,NaN,NaN,NaN,NaN,NaN,TS,WN,b,b,NaN,NaN,NaN,NaN,NaN,NaN,
1985012012,13p.1985,NIGEL,TY,NN,-20.2,189.2,40,NaN,101,21,101,21,NaN,NaN,NaN,NaN,NaN,NaN,NaN,NaN,NaN,NaN,TS,WN,b,b,NaN,NaN,NaN,NaN,NaN,NaN,
1985012018,13p.1985,NIGEL,TY,NN,-20.5,190.9,35,NaN,100,18,100,18,NaN,NaN,NaN,NaN,NaN,NaN,NaN,NaN,NaN,NaN,TS,NW,b,b,NaN,NaN,NaN,NaN,NaN,NaN,
1985011618,p14.1985,9X-P14,TY,NN,-14.7,146.3,25,NaN,92,12,92,12,NaN,NaN,NaN,NaN,NaN,NaN,NaN,NaN,NaN,NaN,TD,NW,b,b,NaN,NaN,NaN,NaN,NaN,NaN,
1985011700,p14.1985,9X-P14,TY,NN,-14.7,147.6,35,NaN,92,12,92,12,NaN,NaN,NaN,NaN,NaN,NaN,NaN,NaN,NaN,NaN,TS,NW,b,b,NaN,NaN,NaN,NaN,NaN,NaN,
1985011706,14p.1985,ODETTE,TY,NN,-14.8,148.8,45,NaN,90,12,92,12,NaN,NaN,NaN,NaN,NaN,NaN,NaN,NaN,NaN,NaN,TS,WN,c,c,NaN,NaN,NaN,NaN,NaN,NaN,
1985011712,14p.1985,ODETTE,TY,NN,-14.7,150.4,55,NaN,90,14,90,14,NaN,NaN,NaN,NaN,NaN,NaN,NaN,NaN,NaN,NaN,TS,WN,b,b,NaN,NaN,NaN,NaN,NaN,NaN,
1985011718,14p.1985,ODETTE,TY,NN,-14.8,152.0,65,NaN,90,15,90,15,NaN,NaN,NaN,NaN,NaN,NaN,NaN,NaN,NaN,NaN,TY,WN,c,c,NaN,NaN,NaN,NaN,NaN,NaN,
1985011800,14p.1985,ODETTE,TY,NN,-15.0,153.2,75,NaN,96,14,96,14,NaN,NaN,NaN,NaN,NaN,NaN,NaN,NaN,NaN,NaN,TY,WN,b,b,NaN,NaN,NaN,NaN,NaN,NaN,
1985011806,14p.1985,ODETTE,TY,NN,-15.4,154.6,80,NaN,98,14,103,13,NaN,NaN,NaN,NaN,NaN,NaN,NaN,NaN,NaN,NaN,TY,WN,c,c,NaN,NaN,NaN,NaN,NaN,NaN,
1985011812,14p.1985,ODETTE,TY,NN,-15.7,155.4,85,NaN,108,11,108,11,NaN,NaN,NaN,NaN,NaN,NaN,NaN,NaN,NaN,NaN,TY,WN,b,b,NaN,NaN,NaN,NaN,NaN,NaN,
1985011818,14p.1985,ODETTE,TY,NN,-15.9,156.3,90,NaN,107,9,107,9,NaN,NaN,NaN,NaN,NaN,NaN,NaN,NaN,NaN,NaN,TY,WN,b,b,NaN,NaN,NaN,NaN,NaN,NaN,
1985011900,14p.1985,ODETTE,TY,NN,-16.0,157.3,95,NaN,99,9,99,9,NaN,NaN,NaN,NaN,NaN,NaN,NaN,NaN,NaN,NaN,TY,WN,b,b,NaN,NaN,NaN,NaN,NaN,NaN,
1985011906,14p.1985,ODETTE,TY,NN,-16.1,158.3,100,NaN,99,10,96,10,NaN,NaN,NaN,NaN,NaN,NaN,NaN,NaN,NaN,NaN,TY,WN,c,c,NaN,NaN,NaN,NaN,NaN,NaN,
1985011912,14p.1985,ODETTE,TY,NN,-16.3,159.8,100,NaN,97,12,97,12,NaN,NaN,NaN,NaN,NaN,NaN,NaN,NaN,NaN,NaN,TY,WN,b,b,NaN,NaN,NaN,NaN,NaN,NaN,
1985011918,14p.1985,ODETTE,TY,NN,-16.5,161.3,90,NaN,98,15,98,15,NaN,NaN,NaN,NaN,NaN,NaN,NaN,NaN,NaN,NaN,TY,WN,c,c,NaN,NaN,NaN,NaN,NaN,NaN,
1985012000,14p.1985,ODETTE,TY,NN,-16.7,163.1,85,NaN,97,16,97,16,NaN,NaN,NaN,NaN,NaN,NaN,NaN,NaN,NaN,NaN,TY,WN,b,b,NaN,NaN,NaN,NaN,NaN,NaN,
1985012006,14p.1985,ODETTE,TY,NN,-17.0,164.8,75,NaN,98,17,98,17,NaN,NaN,NaN,NaN,NaN,NaN,NaN,NaN,NaN,NaN,TY,WN,c,c,NaN,NaN,NaN,NaN,NaN,NaN,
1985012012,14p.1985,ODETTE,TY,NN,-17.4,166.6,65,NaN,102,17,102,17,NaN,NaN,NaN,NaN,NaN,NaN,NaN,NaN,NaN,NaN,TY,WN,b,b,NaN,NaN,NaN,NaN,NaN,NaN,
1985012018,14p.1985,ODETTE,TY,NN,-18.3,176.8,55,NaN,188,7,96,58,NaN,NaN,NaN,NaN,NaN,NaN,NaN,NaN,NaN,NaN,TS,WN,c,c,NaN,NaN,0.03,NaN,NaN,NaN,
1985012100,14p.1985,ODETTE,TY,NN,-19.5,170.1,50,NaN,122,20,122,20,NaN,NaN,NaN,NaN,NaN,NaN,NaN,NaN,NaN,NaN,TS,WN,b,b,NaN,NaN,NaN,NaN,NaN,NaN,
1985012106,14p.1985,ODETTE,TY,NN,-20.9,171.7,40,NaN,242,27,242,27,NaN,NaN,NaN,NaN,NaN,NaN,NaN,NaN,NaN,NaN,TS,WN,b,b,NaN,NaN,NaN,NaN,NaN,NaN,
1985012112,14p.1985,ODETTE,TY,NN,-21.4,173.1,35,NaN,124,17,124,17,NaN,NaN,NaN,NaN,NaN,NaN,NaN,NaN,NaN,NaN,TS,WN,b,b,NaN,NaN,NaN,NaN,NaN,NaN,
1985012118,14p.1985,ODETTE,TY,NN,-21.2,174.4,25,NaN,97,13,97,13,NaN,NaN,NaN,NaN,NaN,NaN,NaN,NaN,NaN,NaN,TD,WN,b,b,NaN,NaN,NaN,NaN,NaN,NaN,
1985012412,p15.1985,9X-P15,TY,NN,-14.9,203.4,25,NaN,217,6,217,6,NaN,NaN,NaN,NaN,NaN,NaN,NaN,NaN,NaN,NaN,TD,NW,b,b,NaN,NaN,NaN,NaN,NaN,NaN,
1985012418,p15.1985,9X-P15,TY,NN,-15.3,203.1,30,NaN,217,6,217,6,NaN,NaN,NaN,NaN,NaN,NaN,NaN,NaN,NaN,NaN,TD,NW,b,b,NaN,NaN,NaN,NaN,NaN,NaN,
1985012500,p15.1985,9X-P15,TY,NN,-15.8,202.7,30,NaN,217,6,217,6,NaN,NaN,NaN,NaN,NaN,NaN,NaN,NaN,NaN,NaN,TD,NW,b,b,NaN,NaN,NaN,NaN,NaN,NaN,
1985012506,p15.1985,9X-P15,TY,NN,-16.2,202.2,30,NaN,224,6,224,6,NaN,NaN,NaN,NaN,NaN,NaN,NaN,NaN,NaN,NaN,TD,NW,b,b,NaN,NaN,NaN,NaN,NaN,NaN,
1985012512,p15.1985,9X-P15,TY,NN,-16.7,201.7,30,NaN,227,7,227,7,NaN,NaN,NaN,NaN,NaN,NaN,NaN,NaN,NaN,NaN,TD,NW,b,b,NaN,NaN,NaN,NaN,NaN,NaN,
1985012518,15p.1985,FREDA,TY,NN,-17.1,201.1,35,NaN,230,7,230,7,NaN,NaN,NaN,NaN,NaN,NaN,NaN,NaN,NaN,NaN,TS,NW,b,b,NaN,NaN,NaN,NaN,NaN,NaN,
1985012600,15p.1985,FREDA,TY,NN,-17.6,200.3,35,NaN,236,8,236,8,NaN,NaN,NaN,NaN,NaN,NaN,NaN,NaN,NaN,NaN,TS,NW,b,b,NaN,NaN,NaN,NaN,NaN,NaN,
1985012606,15p.1985,FREDA,TY,NN,-18.4,199.4,35,NaN,231,10,231,10,NaN,NaN,NaN,NaN,NaN,NaN,NaN,NaN,NaN,NaN,TS,NW,b,b,NaN,NaN,NaN,NaN,NaN,NaN,
1985012612,15p.1985,FREDA,TY,NN,-19.3,198.4,35,NaN,227,12,227,12,NaN,NaN,NaN,NaN,NaN,NaN,NaN,NaN,NaN,NaN,TS,NW,b,b,NaN,NaN,NaN,NaN,NaN,NaN,
1985012618,15p.1985,FREDA,TY,NN,-19.9,197.4,35,NaN,232,12,232,12,NaN,NaN,NaN,NaN,NaN,NaN,NaN,NaN,NaN,NaN,TS,NW,b,b,NaN,NaN,NaN,NaN,NaN,NaN,
1985012700,15p.1985,FREDA,TY,NN,-20.6,196.3,35,NaN,237,12,237,12,NaN,NaN,NaN,NaN,NaN,NaN,NaN,NaN,NaN,NaN,TS,NW,b,b,NaN,NaN,NaN,NaN,NaN,NaN,
1985012706,15p.1985,FREDA,TY,NN,-21.3,195.2,40,NaN,236,12,236,12,NaN,NaN,NaN,NaN,NaN,NaN,NaN,NaN,NaN,NaN,TS,NW,b,b,NaN,NaN,NaN,NaN,NaN,NaN,
1985012712,15p.1985,FREDA,TY,NN,-22.0,194.1,45,NaN,236,12,236,12,NaN,NaN,NaN,NaN,NaN,NaN,NaN,NaN,NaN,NaN,TS,NW,b,b,NaN,NaN,NaN,NaN,NaN,NaN,
1985012718,15p.1985,FREDA,TY,NN,-22.8,192.9,50,NaN,235,13,235,13,NaN,NaN,NaN,NaN,NaN,NaN,NaN,NaN,NaN,NaN,TS,NW,b,b,NaN,NaN,NaN,NaN,NaN,NaN,
1985012800,15p.1985,FREDA,TY,NN,-23.7,191.7,60,NaN,232,14,232,14,NaN,NaN,NaN,NaN,NaN,NaN,NaN,NaN,NaN,NaN,TS,NW,b,b,NaN,NaN,NaN,NaN,NaN,NaN,
1985012806,15p.1985,FREDA,TY,NN,-24.6,190.5,65,NaN,231,14,231,14,NaN,NaN,NaN,NaN,NaN,NaN,NaN,NaN,NaN,NaN,TY,NW,b,b,NaN,NaN,NaN,NaN,NaN,NaN,
1985012812,15p.1985,FREDA,TY,NN,-25.7,189.2,75,NaN,229,15,229,15,NaN,NaN,NaN,NaN,NaN,NaN,NaN,NaN,NaN,NaN,TY,NW,b,b,NaN,NaN,NaN,NaN,NaN,NaN,
1985012818,15p.1985,FREDA,TY,NN,-27.0,188.3,80,NaN,220,16,220,16,NaN,NaN,NaN,NaN,NaN,NaN,NaN,NaN,NaN,NaN,TY,NW,b,b,NaN,NaN,NaN,NaN,NaN,NaN,
1985012900,15p.1985,FREDA,TY,NN,-28.4,187.6,75,NaN,208,15,208,15,NaN,NaN,NaN,NaN,NaN,NaN,NaN,NaN,NaN,NaN,TY,NW,b,b,NaN,NaN,NaN,NaN,NaN,NaN,
1985012906,15p.1985,FREDA,TY,NN,-29.6,187.3,70,NaN,199,14,199,14,NaN,NaN,NaN,NaN,NaN,NaN,NaN,NaN,NaN,NaN,TY,NW,b,b,NaN,NaN,NaN,NaN,NaN,NaN,
1985012912,15p.1985,FREDA,TY,NN,-30.8,187.8,65,NaN,176,12,176,12,NaN,NaN,NaN,NaN,NaN,NaN,NaN,NaN,NaN,NaN,TY,NW,b,b,NaN,NaN,NaN,NaN,NaN,NaN,
1985012918,15p.1985,FREDA,TY,NN,-32.4,189.4,60,NaN,147,17,147,17,NaN,NaN,NaN,NaN,NaN,NaN,NaN,NaN,NaN,NaN,TS,NW,b,b,NaN,NaN,NaN,NaN,NaN,NaN,
1985013000,15p.1985,FREDA,TY,NN,-34.1,192.1,50,NaN,132,25,132,25,NaN,NaN,NaN,NaN,NaN,NaN,NaN,NaN,NaN,NaN,TS,NW,b,b,NaN,NaN,NaN,NaN,NaN,NaN,
1985013006,15p.1985,FREDA,TY,NN,-35.3,195.4,45,NaN,120,29,120,29,NaN,NaN,NaN,NaN,NaN,NaN,NaN,NaN,NaN,NaN,TS,NW,b,b,NaN,NaN,NaN,NaN,NaN,NaN,
1985013012,15p.1985,FREDA,TY,NN,-36.1,199.5,35,NaN,108,32,108,32,NaN,NaN,NaN,NaN,NaN,NaN,NaN,NaN,NaN,NaN,TS,NW,b,b,NaN,NaN,NaN,NaN,NaN,NaN,
1985012600,s16.1985,9X-S16,TY,NN,-12.6,68.3,25,NaN,217,8,217,8,NaN,NaN,NaN,NaN,NaN,NaN,NaN,NaN,NaN,NaN,TD,NW,b,b,NaN,NaN,NaN,NaN,NaN,NaN,
1985012606,s16.1985,9X-S16,TY,NN,-13.3,67.7,30,NaN,217,8,217,8,NaN,NaN,NaN,NaN,NaN,NaN,NaN,NaN,NaN,NaN,TD,NW,b,b,NaN,NaN,NaN,NaN,NaN,NaN,
1985012612,16s.1985,DITRA,TY,NN,-13.9,67.3,35,NaN,217,8,217,8,NaN,NaN,NaN,NaN,NaN,NaN,NaN,NaN,NaN,NaN,TS,NW,b,b,NaN,NaN,NaN,NaN,NaN,NaN,
1985012618,16s.1985,DITRA,TY,NN,-14.4,67.0,35,NaN,212,6,212,6,NaN,NaN,NaN,NaN,NaN,NaN,NaN,NaN,NaN,NaN,TS,NW,b,b,NaN,NaN,NaN,NaN,NaN,NaN,
1985012700,16s.1985,DITRA,TY,NN,-14.9,66.7,40,NaN,210,6,210,6,NaN,NaN,NaN,NaN,NaN,NaN,NaN,NaN,NaN,NaN,TS,NW,b,b,NaN,NaN,NaN,NaN,NaN,NaN,
1985012706,16s.1985,DITRA,TY,NN,-15.4,66.5,40,NaN,206,6,206,6,NaN,NaN,NaN,NaN,NaN,NaN,NaN,NaN,NaN,NaN,TS,NW,b,b,NaN,NaN,NaN,NaN,NaN,NaN,
1985012712,16s.1985,DITRA,TY,NN,-15.8,66.3,45,NaN,203,5,203,5,NaN,NaN,NaN,NaN,NaN,NaN,NaN,NaN,NaN,NaN,TS,NW,b,b,NaN,NaN,NaN,NaN,NaN,NaN,
1985012718,16s.1985,DITRA,TY,NN,-16.2,66.3,50,NaN,194,4,194,4,NaN,NaN,NaN,NaN,NaN,NaN,NaN,NaN,NaN,NaN,TS,NW,b,b,NaN,NaN,NaN,NaN,NaN,NaN,
1985012800,16s.1985,DITRA,TY,NN,-16.6,66.2,55,NaN,187,4,187,4,NaN,NaN,NaN,NaN,NaN,NaN,NaN,NaN,NaN,NaN,TS,NW,b,b,NaN,NaN,NaN,NaN,NaN,NaN,
1985012806,16s.1985,DITRA,TY,NN,-16.9,66.2,60,NaN,188,4,188,4,NaN,NaN,NaN,NaN,NaN,NaN,NaN,NaN,NaN,NaN,TS,NW,b,b,NaN,NaN,NaN,NaN,NaN,NaN,
1985012812,16s.1985,DITRA,TY,NN,-17.3,66.1,65,NaN,188,4,188,4,NaN,NaN,NaN,NaN,NaN,NaN,NaN,NaN,NaN,NaN,TY,NW,b,b,NaN,NaN,NaN,NaN,NaN,NaN,
1985012818,16s.1985,DITRA,TY,NN,-17.7,66.0,70,NaN,193,4,193,4,NaN,NaN,NaN,NaN,NaN,NaN,NaN,NaN,NaN,NaN,TY,NW,b,b,NaN,NaN,NaN,NaN,NaN,NaN,
1985012900,16s.1985,DITRA,TY,NN,-18.2,65.7,70,NaN,203,5,203,5,NaN,NaN,NaN,NaN,NaN,NaN,NaN,NaN,NaN,NaN,TY,NW,b,b,NaN,NaN,NaN,NaN,NaN,NaN,
1985012906,16s.1985,DITRA,TY,NN,-18.6,65.2,70,NaN,220,6,220,6,NaN,NaN,NaN,NaN,NaN,NaN,NaN,NaN,NaN,NaN,TY,NW,b,b,NaN,NaN,NaN,NaN,NaN,NaN,
1985012912,16s.1985,DITRA,TY,NN,-19.0,64.6,70,NaN,232,7,232,7,NaN,NaN,NaN,NaN,NaN,NaN,NaN,NaN,NaN,NaN,TY,NW,b,b,NaN,NaN,NaN,NaN,NaN,NaN,
1985012918,16s.1985,DITRA,TY,NN,-19.3,64.1,70,NaN,236,6,236,6,NaN,NaN,NaN,NaN,NaN,NaN,NaN,NaN,NaN,NaN,TY,NW,b,b,NaN,NaN,NaN,NaN,NaN,NaN,
1985013000,16s.1985,DITRA,TY,NN,-19.7,63.6,65,NaN,233,6,233,6,NaN,NaN,NaN,NaN,NaN,NaN,NaN,NaN,NaN,NaN,TY,NW,b,b,NaN,NaN,NaN,NaN,NaN,NaN,
1985013006,16s.1985,DITRA,TY,NN,-20.0,63.0,60,NaN,236,6,236,6,NaN,NaN,NaN,NaN,NaN,NaN,NaN,NaN,NaN,NaN,TS,NW,b,b,NaN,NaN,NaN,NaN,NaN,NaN,
1985013012,16s.1985,DITRA,TY,NN,-20.4,62.3,55,NaN,240,7,240,7,NaN,NaN,NaN,NaN,NaN,NaN,NaN,NaN,NaN,NaN,TS,NW,b,b,NaN,NaN,NaN,NaN,NaN,NaN,
1985013018,16s.1985,DITRA,TY,NN,-21.0,61.4,50,NaN,236,9,236,9,NaN,NaN,NaN,NaN,NaN,NaN,NaN,NaN,NaN,NaN,TS,NW,b,b,NaN,NaN,NaN,NaN,NaN,NaN,
1985013100,16s.1985,DITRA,TY,NN,-22.2,60.6,45,NaN,221,12,221,12,NaN,NaN,NaN,NaN,NaN,NaN,NaN,NaN,NaN,NaN,TS,NW,b,b,NaN,NaN,NaN,NaN,NaN,NaN,
1985013106,16s.1985,DITRA,TY,NN,-23.7,60.4,40,NaN,199,14,199,14,NaN,NaN,NaN,NaN,NaN,NaN,NaN,NaN,NaN,NaN,TS,NW,b,b,NaN,NaN,NaN,NaN,NaN,NaN,
1985013112,16s.1985,DITRA,TY,NN,-25.3,60.7,35,NaN,178,16,178,16,NaN,NaN,NaN,NaN,NaN,NaN,NaN,NaN,NaN,NaN,TS,NW,b,b,NaN,NaN,NaN,NaN,NaN,NaN,
1985013118,16s.1985,DITRA,TY,NN,-26.9,61.3,30,NaN,166,17,166,17,NaN,NaN,NaN,NaN,NaN,NaN,NaN,NaN,NaN,NaN,TD,NW,b,b,NaN,NaN,NaN,NaN,NaN,NaN,
1985020100,16s.1985,DITRA,TY,NN,-28.6,62.3,30,NaN,157,18,157,18,NaN,NaN,NaN,NaN,NaN,NaN,NaN,NaN,NaN,NaN,TD,NW,b,b,NaN,NaN,NaN,NaN,NaN,NaN,
1985012900,s17.1985,9X-S17,TS,NN,-18.0,120.6,25,NaN,262,7,262,7,NaN,NaN,NaN,NaN,NaN,NaN,NaN,NaN,NaN,NaN,TD,NW,b,b,NaN,NaN,NaN,NaN,NaN,NaN,
1985012906,s17.1985,9X-S17,TS,NN,-18.1,119.8,30,NaN,262,7,262,7,NaN,NaN,NaN,NaN,NaN,NaN,NaN,NaN,NaN,NaN,TD,NW,b,b,NaN,NaN,NaN,NaN,NaN,NaN,
1985012912,s17.1985,9X-S17,TS,NN,-18.2,119.1,35,NaN,262,7,262,7,NaN,NaN,NaN,NaN,NaN,NaN,NaN,NaN,NaN,NaN,TS,NW,b,b,NaN,NaN,NaN,NaN,NaN,NaN,
1985012918,s17.1985,9X-S17,TS,NN,-18.2,118.5,40,NaN,265,6,265,6,NaN,NaN,NaN,NaN,NaN,NaN,NaN,NaN,NaN,NaN,TS,NW,b,b,NaN,NaN,NaN,NaN,NaN,NaN,
1985013000,17s.1985,GERTIE,TS,NN,-18.3,118.1,45,NaN,261,7,264,5,NaN,NaN,NaN,NaN,NaN,NaN,NaN,NaN,NaN,NaN,TS,WN,c,c,NaN,NaN,NaN,NaN,NaN,NaN,
1985013006,17s.1985,GERTIE,TS,NN,-18.1,117.4,50,NaN,275,5,275,5,NaN,NaN,NaN,NaN,NaN,NaN,NaN,NaN,NaN,NaN,TS,WN,b,b,NaN,NaN,NaN,NaN,NaN,NaN,
1985013012,17s.1985,GERTIE,TS,NN,-18.4,116.7,55,NaN,266,7,266,7,NaN,NaN,NaN,NaN,NaN,NaN,NaN,NaN,NaN,NaN,TS,WN,c,c,NaN,NaN,NaN,NaN,NaN,NaN,
1985013018,17s.1985,GERTIE,TS,NN,-19.2,117.1,50,NaN,194,6,194,6,NaN,NaN,NaN,NaN,NaN,NaN,NaN,NaN,NaN,NaN,TS,WN,b,b,NaN,NaN,NaN,NaN,NaN,NaN,
1985013100,17s.1985,GERTIE,TS,NN,-20.0,116.1,45,NaN,208,9,200,8,NaN,NaN,NaN,NaN,NaN,NaN,NaN,NaN,NaN,NaN,TS,WN,c,c,NaN,NaN,NaN,NaN,NaN,NaN,
1985013106,17s.1985,GERTIE,TS,NN,-21.2,117.0,40,NaN,183,10,183,10,NaN,NaN,NaN,NaN,NaN,NaN,NaN,NaN,NaN,NaN,TS,WN,b,b,NaN,NaN,0.80,NaN,NaN,NaN,
1985013112,17s.1985,GERTIE,TS,NN,-22.2,116.9,35,NaN,161,12,161,12,NaN,NaN,NaN,NaN,NaN,NaN,NaN,NaN,NaN,NaN,TS,WN,b,b,NaN,NaN,1.00,NaN,NaN,NaN,
1985020200,p18.1985,9X-P18,TS,NN,-11.5,156.7,30,NaN,217,6,217,6,NaN,NaN,NaN,NaN,NaN,NaN,NaN,NaN,NaN,NaN,TD,NW,b,b,NaN,NaN,NaN,NaN,NaN,NaN,
1985020206,p18.1985,9X-P18,TS,NN,-12.6,156.6,35,NaN,217,6,217,6,NaN,NaN,NaN,NaN,NaN,NaN,NaN,NaN,NaN,NaN,TS,NW,b,b,NaN,NaN,NaN,NaN,NaN,NaN,
1985020212,18p.1985,NONAME,TS,NN,-12.4,156.0,35,NaN,282,7,217,6,NaN,NaN,NaN,NaN,NaN,NaN,NaN,NaN,NaN,NaN,TS,WN,c,c,NaN,NaN,NaN,NaN,NaN,NaN,
1985020218,18p.1985,NONAME,TS,NN,-14.0,154.9,35,NaN,230,11,230,11,NaN,NaN,NaN,NaN,NaN,NaN,NaN,NaN,NaN,NaN,TS,WN,b,b,NaN,NaN,NaN,NaN,NaN,NaN,
1985020300,18p.1985,NONAME,TS,NN,-13.7,155.7,35,NaN,216,5,193,7,NaN,NaN,NaN,NaN,NaN,NaN,NaN,NaN,NaN,NaN,TS,WN,c,c,NaN,NaN,NaN,NaN,NaN,NaN,
1985020306,18p.1985,NONAME,TS,NN,-14.3,152.8,35,NaN,262,10,262,10,NaN,NaN,NaN,NaN,NaN,NaN,NaN,NaN,NaN,NaN,TS,WN,b,b,NaN,NaN,NaN,NaN,NaN,NaN,
1985020312,18p.1985,NONAME,TS,NN,-14.2,151.8,35,NaN,270,11,262,19,NaN,NaN,NaN,NaN,NaN,NaN,NaN,NaN,NaN,NaN,TS,WN,c,c,NaN,NaN,NaN,NaN,NaN,NaN,
1985020318,18p.1985,NONAME,TS,NN,-13.7,150.9,35,NaN,288,10,288,10,NaN,NaN,NaN,NaN,NaN,NaN,NaN,NaN,NaN,NaN,TS,WN,b,b,NaN,NaN,NaN,NaN,NaN,NaN,
1985020400,18p.1985,NONAME,TS,NN,-13.9,150.0,35,NaN,273,10,280,9,NaN,NaN,NaN,NaN,NaN,NaN,NaN,NaN,NaN,NaN,TS,WN,c,c,NaN,NaN,NaN,NaN,NaN,NaN,
1985020406,18p.1985,NONAME,TS,NN,-13.3,148.8,35,NaN,281,10,281,10,NaN,NaN,NaN,NaN,NaN,NaN,NaN,NaN,NaN,NaN,TS,WN,b,b,NaN,NaN,NaN,NaN,NaN,NaN,
1985020412,18p.1985,NONAME,TS,NN,-13.7,147.1,35,NaN,263,12,274,14,NaN,NaN,NaN,NaN,NaN,NaN,NaN,NaN,NaN,NaN,TS,WN,c,c,NaN,NaN,NaN,NaN,NaN,NaN,
1985020418,18p.1985,NONAME,TS,NN,-13.4,146.5,35,NaN,267,11,267,11,NaN,NaN,NaN,NaN,NaN,NaN,NaN,NaN,NaN,NaN,TS,WN,b,b,NaN,NaN,NaN,NaN,NaN,NaN,
1985020500,18p.1985,NONAME,TS,NN,-13.4,145.3,35,NaN,270,11,280,9,NaN,NaN,NaN,NaN,NaN,NaN,NaN,NaN,NaN,NaN,TS,WN,c,c,NaN,NaN,NaN,NaN,NaN,NaN,
1985020506,18p.1985,NONAME,TS,NN,-13.4,145.3,35,NaN,270,6,270,6,NaN,NaN,NaN,NaN,NaN,NaN,NaN,NaN,NaN,NaN,TS,WN,b,b,NaN,NaN,NaN,NaN,NaN,NaN,
1985020512,18p.1985,NONAME,TS,NN,-13.4,143.1,35,NaN,270,11,270,11,NaN,NaN,NaN,NaN,NaN,NaN,NaN,NaN,NaN,NaN,TS,WN,c,c,NaN,NaN,0.98,NaN,NaN,NaN,
1985020518,18p.1985,NONAME,TS,NN,-13.2,144.2,35,NaN,281,5,281,5,NaN,NaN,NaN,NaN,NaN,NaN,NaN,NaN,NaN,NaN,TS,WN,b,b,NaN,NaN,0.02,NaN,NaN,NaN,
1985020600,18p.1985,NONAME,TS,NN,-13.9,143.6,30,NaN,238,6,136,3,NaN,NaN,NaN,NaN,NaN,NaN,NaN,NaN,NaN,NaN,TD,WN,c,c,NaN,NaN,0.65,NaN,NaN,NaN,
1985020606,18p.1985,NONAME,TS,NN,-13.9,143.4,30,NaN,228,5,228,5,NaN,NaN,NaN,NaN,NaN,NaN,NaN,NaN,NaN,NaN,TD,WN,b,b,NaN,NaN,0.65,NaN,NaN,NaN,
1985020612,18p.1985,NONAME,TS,NN,-14.6,143.5,25,NaN,188,4,188,4,NaN,NaN,NaN,NaN,NaN,NaN,NaN,NaN,NaN,NaN,TD,WN,b,b,NaN,NaN,0.87,NaN,NaN,NaN,
1985020506,s19.1985,9X-S19,TS,NN,-12.2,70.1,30,NaN,236,9,236,9,NaN,NaN,NaN,NaN,NaN,NaN,NaN,NaN,NaN,NaN,TD,NW,b,b,NaN,NaN,NaN,NaN,NaN,NaN,
1985020512,s19.1985,9X-S19,TS,NN,-12.8,69.6,35,NaN,236,9,236,9,NaN,NaN,NaN,NaN,NaN,NaN,NaN,NaN,NaN,NaN,TS,NW,b,b,NaN,NaN,NaN,NaN,NaN,NaN,
1985020518,19s.1985,ESITERA,TS,NN,-13.2,68.6,35,NaN,245,10,236,9,NaN,NaN,NaN,NaN,NaN,NaN,NaN,NaN,NaN,NaN,TS,WN,c,c,NaN,NaN,NaN,NaN,NaN,NaN,
1985020600,19s.1985,ESITERA,TS,NN,-13.8,68.2,35,NaN,234,8,234,8,NaN,NaN,NaN,NaN,NaN,NaN,NaN,NaN,NaN,NaN,TS,WN,b,b,NaN,NaN,NaN,NaN,NaN,NaN,
1985020606,19s.1985,ESITERA,TS,NN,-14.7,67.1,30,NaN,228,10,224,10,NaN,NaN,NaN,NaN,NaN,NaN,NaN,NaN,NaN,NaN,TD,WN,c,c,NaN,NaN,NaN,NaN,NaN,NaN,
1985020612,19s.1985,ESITERA,TS,NN,-14.8,66.7,30,NaN,235,9,235,9,NaN,NaN,NaN,NaN,NaN,NaN,NaN,NaN,NaN,NaN,TD,WN,b,b,NaN,NaN,NaN,NaN,NaN,NaN,
1985020618,19s.1985,ESITERA,TS,NN,-15.6,65.9,30,NaN,228,10,232,7,NaN,NaN,NaN,NaN,NaN,NaN,NaN,NaN,NaN,NaN,TD,WN,c,c,NaN,NaN,NaN,NaN,NaN,NaN,
1985020700,19s.1985,ESITERA,TS,NN,-15.1,65.0,25,NaN,260,8,260,8,NaN,NaN,NaN,NaN,NaN,NaN,NaN,NaN,NaN,NaN,TD,WN,b,b,NaN,NaN,NaN,NaN,NaN,NaN,
1985020706,19s.1985,ESITERA,TS,NN,-15.5,64.4,25,NaN,238,6,274,7,NaN,NaN,NaN,NaN,NaN,NaN,NaN,NaN,NaN,NaN,TD,WN,c,c,NaN,NaN,NaN,NaN,NaN,NaN,
1985020712,19s.1985,ESITERA,TS,NN,-15.6,62.1,25,NaN,260,14,260,14,NaN,NaN,NaN,NaN,NaN,NaN,NaN,NaN,NaN,NaN,TD,WN,b,b,NaN,NaN,NaN,NaN,NaN,NaN,
1985020718,19s.1985,ESITERA,TS,NN,-16.4,60.2,30,NaN,257,21,257,21,NaN,NaN,NaN,NaN,NaN,NaN,NaN,NaN,NaN,NaN,TD,WN,b,b,NaN,NaN,NaN,NaN,NaN,NaN,
1985020800,19s.1985,ESITERA,TS,NN,-16.5,58.8,30,NaN,254,16,254,16,NaN,NaN,NaN,NaN,NaN,NaN,NaN,NaN,NaN,NaN,TD,WN,b,b,NaN,NaN,NaN,NaN,NaN,NaN,
1985020806,19s.1985,ESITERA,TS,NN,-16.5,57.5,35,NaN,268,13,268,13,NaN,NaN,NaN,NaN,NaN,NaN,NaN,NaN,NaN,NaN,TS,WN,b,b,NaN,NaN,NaN,NaN,NaN,NaN,
1985020812,19s.1985,ESITERA,TS,NN,-16.4,56.5,35,NaN,273,11,273,11,NaN,NaN,NaN,NaN,NaN,NaN,NaN,NaN,NaN,NaN,TS,WN,b,b,NaN,NaN,NaN,NaN,NaN,NaN,
1985020818,19s.1985,ESITERA,TS,NN,-16.8,56.4,40,NaN,265,12,254,5,NaN,NaN,NaN,NaN,NaN,NaN,NaN,NaN,NaN,NaN,TS,WN,c,c,NaN,NaN,NaN,NaN,NaN,NaN,
1985020900,19s.1985,ESITERA,TS,NN,-16.4,54.3,45,NaN,270,11,270,11,NaN,NaN,NaN,NaN,NaN,NaN,NaN,NaN,NaN,NaN,TS,WN,b,b,NaN,NaN,NaN,NaN,NaN,NaN,
1985020906,19s.1985,ESITERA,TS,NN,-16.9,52.0,50,NaN,248,12,269,21,NaN,NaN,NaN,NaN,NaN,NaN,NaN,NaN,NaN,NaN,TS,WN,c,c,NaN,NaN,NaN,NaN,NaN,NaN,
1985020912,19s.1985,ESITERA,TS,NN,-17.2,51.8,50,NaN,252,13,252,13,NaN,NaN,NaN,NaN,NaN,NaN,NaN,NaN,NaN,NaN,TS,WN,b,b,NaN,NaN,NaN,NaN,NaN,NaN,
1985020918,19s.1985,ESITERA,TS,NN,-18.6,50.1,50,NaN,229,10,227,12,NaN,NaN,NaN,NaN,NaN,NaN,NaN,NaN,NaN,NaN,TS,WN,c,c,NaN,NaN,NaN,NaN,NaN,NaN,
1985021000,19s.1985,ESITERA,TS,NN,-18.3,49.3,40,NaN,245,13,245,13,NaN,NaN,NaN,NaN,NaN,NaN,NaN,NaN,NaN,NaN,TS,WN,b,b,NaN,NaN,0.27,NaN,NaN,NaN,
1985021006,19s.1985,ESITERA,TS,NN,-19.1,48.0,30,NaN,245,9,256,10,NaN,NaN,NaN,NaN,NaN,NaN,NaN,NaN,NaN,NaN,TD,WN,c,c,NaN,NaN,0.98,NaN,NaN,NaN,
1985021012,19s.1985,ESITERA,TS,NN,-18.9,46.9,25,NaN,255,12,255,12,NaN,NaN,NaN,NaN,NaN,NaN,NaN,NaN,NaN,NaN,TD,WN,b,b,NaN,NaN,0.97,NaN,NaN,NaN,
1985021018,19s.1985,ESITERA,TS,NN,-19.0,45.8,20,NaN,273,10,273,10,NaN,NaN,NaN,NaN,NaN,NaN,NaN,NaN,NaN,NaN,NT,WN,b,b,NaN,NaN,0.97,NaN,NaN,NaN,
1985021100,19s.1985,ESITERA,TS,NN,-19.0,44.8,15,NaN,267,10,267,10,NaN,NaN,NaN,NaN,NaN,NaN,NaN,NaN,NaN,NaN,NT,NW,b,b,NaN,NaN,0.97,NaN,NaN,NaN,
1985021106,19s.1985,ESITERA,TS,NN,-19.0,44.1,15,NaN,270,8,270,8,NaN,NaN,NaN,NaN,NaN,NaN,NaN,NaN,NaN,NaN,NT,NW,b,b,NaN,NaN,0.21,NaN,NaN,NaN,
1985021018,s20.1985,9X-S20,TS,NN,-14.4,127.2,20,NaN,270,6,270,6,NaN,NaN,NaN,NaN,NaN,NaN,NaN,NaN,NaN,NaN,NT,NW,b,b,NaN,NaN,0.96,NaN,NaN,NaN,
1985021100,s20.1985,9X-S20,TS,NN,-14.4,126.7,20,NaN,270,6,270,6,NaN,NaN,NaN,NaN,NaN,NaN,NaN,NaN,NaN,NaN,NT,NW,b,b,NaN,NaN,0.90,NaN,NaN,NaN,
1985021106,s20.1985,9X-S20,TS,NN,-14.4,126.0,25,NaN,270,6,270,6,NaN,NaN,NaN,NaN,NaN,NaN,NaN,NaN,NaN,NaN,TD,NW,b,b,NaN,NaN,0.69,NaN,NaN,NaN,
1985021112,s20.1985,9X-S20,TS,NN,-14.5,125.2,25,NaN,266,7,266,7,NaN,NaN,NaN,NaN,NaN,NaN,NaN,NaN,NaN,NaN,TD,NW,b,b,NaN,NaN,0.13,NaN,NaN,NaN,
1985021118,s20.1985,9X-S20,TS,NN,-14.6,124.3,30,NaN,263,8,263,8,NaN,NaN,NaN,NaN,NaN,NaN,NaN,NaN,NaN,NaN,TD,NW,b,b,NaN,NaN,NaN,NaN,NaN,NaN,
1985021200,s20.1985,9X-S20,TS,NN,-14.8,123.5,30,NaN,260,8,260,8,NaN,NaN,NaN,NaN,NaN,NaN,NaN,NaN,NaN,NaN,TD,NW,b,b,NaN,NaN,NaN,NaN,NaN,NaN,
1985021206,20s.1985,HUBERT,TS,NN,-15.1,122.5,35,NaN,260,9,254,9,NaN,NaN,NaN,NaN,NaN,NaN,NaN,NaN,NaN,NaN,TS,WN,c,c,NaN,NaN,NaN,NaN,NaN,NaN,
1985021212,20s.1985,HUBERT,TS,NN,-15.4,121.6,40,NaN,252,10,252,10,NaN,NaN,NaN,NaN,NaN,NaN,NaN,NaN,NaN,NaN,TS,WN,b,b,NaN,NaN,NaN,NaN,NaN,NaN,
1985021218,20s.1985,HUBERT,TS,NN,-15.8,120.8,45,NaN,250,10,247,9,NaN,NaN,NaN,NaN,NaN,NaN,NaN,NaN,NaN,NaN,TS,WN,c,c,NaN,NaN,NaN,NaN,NaN,NaN,
1985021300,20s.1985,HUBERT,TS,NN,-16.0,119.2,50,NaN,255,12,255,12,NaN,NaN,NaN,NaN,NaN,NaN,NaN,NaN,NaN,NaN,TS,WN,b,b,NaN,NaN,NaN,NaN,NaN,NaN,
1985021306,20s.1985,HUBERT,TS,NN,-16.5,117.8,55,NaN,258,15,256,15,NaN,NaN,NaN,NaN,NaN,NaN,NaN,NaN,NaN,NaN,TS,WN,c,c,NaN,NaN,NaN,NaN,NaN,NaN,
1985021312,20s.1985,HUBERT,TS,NN,-16.5,116.3,55,NaN,260,14,260,14,NaN,NaN,NaN,NaN,NaN,NaN,NaN,NaN,NaN,NaN,TS,WN,b,b,NaN,NaN,NaN,NaN,NaN,NaN,
1985021318,20s.1985,HUBERT,TS,NN,-16.8,114.5,55,NaN,261,16,265,16,NaN,NaN,NaN,NaN,NaN,NaN,NaN,NaN,NaN,NaN,TS,WN,c,c,NaN,NaN,NaN,NaN,NaN,NaN,
1985021400,20s.1985,HUBERT,TS,NN,-17.2,112.8,55,NaN,258,17,258,17,NaN,NaN,NaN,NaN,NaN,NaN,NaN,NaN,NaN,NaN,TS,WN,b,b,NaN,NaN,NaN,NaN,NaN,NaN,
1985021406,20s.1985,HUBERT,TS,NN,-18.0,110.9,55,NaN,251,19,251,18,NaN,NaN,NaN,NaN,NaN,NaN,NaN,NaN,NaN,NaN,TS,WN,c,c,NaN,NaN,NaN,NaN,NaN,NaN,
1985021412,20s.1985,HUBERT,TS,NN,-18.2,109.2,55,NaN,254,18,254,18,NaN,NaN,NaN,NaN,NaN,NaN,NaN,NaN,NaN,NaN,TS,WN,b,b,NaN,NaN,NaN,NaN,NaN,NaN,
1985021418,20s.1985,HUBERT,TS,NN,-18.8,107.4,55,NaN,255,17,256,17,NaN,NaN,NaN,NaN,NaN,NaN,NaN,NaN,NaN,NaN,TS,WN,c,c,NaN,NaN,NaN,NaN,NaN,NaN,
1985021500,20s.1985,HUBERT,TS,NN,-19.2,105.6,55,NaN,254,18,254,18,NaN,NaN,NaN,NaN,NaN,NaN,NaN,NaN,NaN,NaN,TS,WN,b,b,NaN,NaN,NaN,NaN,NaN,NaN,
1985021506,20s.1985,HUBERT,TS,NN,-19.5,104.0,50,NaN,258,17,258,16,NaN,NaN,NaN,NaN,NaN,NaN,NaN,NaN,NaN,NaN,TS,WN,c,c,NaN,NaN,NaN,NaN,NaN,NaN,
1985021512,20s.1985,HUBERT,TS,NN,-19.9,101.8,45,NaN,259,18,259,18,NaN,NaN,NaN,NaN,NaN,NaN,NaN,NaN,NaN,NaN,TS,WN,b,b,NaN,NaN,NaN,NaN,NaN,NaN,
1985021518,20s.1985,HUBERT,TS,NN,-20.0,100.1,40,NaN,262,18,262,19,NaN,NaN,NaN,NaN,NaN,NaN,NaN,NaN,NaN,NaN,TS,WN,c,c,NaN,NaN,NaN,NaN,NaN,NaN,
1985021600,20s.1985,HUBERT,TS,NN,-19.3,98.0,40,NaN,280,18,280,18,NaN,NaN,NaN,NaN,NaN,NaN,NaN,NaN,NaN,NaN,TS,WN,b,b,NaN,NaN,NaN,NaN,NaN,NaN,
1985021606,20s.1985,HUBERT,TS,NN,-18.6,96.2,35,NaN,291,18,291,20,NaN,NaN,NaN,NaN,NaN,NaN,NaN,NaN,NaN,NaN,TS,WN,c,c,NaN,NaN,NaN,NaN,NaN,NaN,
1985021612,20s.1985,HUBERT,TS,NN,-18.4,94.6,35,NaN,286,17,286,17,NaN,NaN,NaN,NaN,NaN,NaN,NaN,NaN,NaN,NaN,TS,WN,b,b,NaN,NaN,NaN,NaN,NaN,NaN,
1985021618,20s.1985,HUBERT,TS,NN,-18.4,93.5,30,NaN,274,14,274,13,NaN,NaN,NaN,NaN,NaN,NaN,NaN,NaN,NaN,NaN,TD,WN,c,c,NaN,NaN,NaN,NaN,NaN,NaN,
1985021700,20s.1985,HUBERT,TS,NN,-18.5,91.6,30,NaN,268,14,268,14,NaN,NaN,NaN,NaN,NaN,NaN,NaN,NaN,NaN,NaN,TD,WN,b,b,NaN,NaN,NaN,NaN,NaN,NaN,
1985021706,20s.1985,HUBERT,TS,NN,-18.6,90.3,25,NaN,266,15,266,15,NaN,NaN,NaN,NaN,NaN,NaN,NaN,NaN,NaN,NaN,TD,WN,b,b,NaN,NaN,NaN,NaN,NaN,NaN,
1985021712,20s.1985,HUBERT,TS,NN,-18.9,89.3,25,NaN,260,11,260,11,NaN,NaN,NaN,NaN,NaN,NaN,NaN,NaN,NaN,NaN,TD,NW,b,b,NaN,NaN,NaN,NaN,NaN,NaN,
1985021718,20s.1985,HUBERT,TS,NN,-19.2,88.2,20,NaN,253,10,253,10,NaN,NaN,NaN,NaN,NaN,NaN,NaN,NaN,NaN,NaN,NT,NW,b,b,NaN,NaN,NaN,NaN,NaN,NaN,
1985021800,20s.1985,HUBERT,TS,NN,-19.2,87.2,20,NaN,261,10,261,10,NaN,NaN,NaN,NaN,NaN,NaN,NaN,NaN,NaN,NaN,NT,NW,b,b,NaN,NaN,NaN,NaN,NaN,NaN,
1985021806,20s.1985,HUBERT,TS,NN,-19.0,86.1,20,NaN,276,10,276,10,NaN,NaN,NaN,NaN,NaN,NaN,NaN,NaN,NaN,NaN,NT,NW,b,b,NaN,NaN,NaN,NaN,NaN,NaN,
1985021300,s21.1985,9X-S21,TY,NN,-18.1,60.1,25,NaN,234,6,234,6,NaN,NaN,NaN,NaN,NaN,NaN,NaN,NaN,NaN,NaN,TD,NW,b,b,NaN,NaN,NaN,NaN,NaN,NaN,
1985021306,s21.1985,9X-S21,TY,NN,-18.8,59.5,30,NaN,234,6,234,6,NaN,NaN,NaN,NaN,NaN,NaN,NaN,NaN,NaN,NaN,TD,NW,b,b,NaN,NaN,NaN,NaN,NaN,NaN,
1985021312,s21.1985,9X-S21,TY,NN,-18.8,59.1,30,NaN,234,6,234,6,NaN,NaN,NaN,NaN,NaN,NaN,NaN,NaN,NaN,NaN,TD,NW,b,b,NaN,NaN,NaN,NaN,NaN,NaN,
1985021318,s21.1985,9X-S21,TY,NN,-18.3,58.8,30,NaN,307,4,307,4,NaN,NaN,NaN,NaN,NaN,NaN,NaN,NaN,NaN,NaN,TD,NW,b,b,NaN,NaN,NaN,NaN,NaN,NaN,
1985021400,s21.1985,9X-S21,TY,NN,-17.7,58.5,30,NaN,333,6,333,6,NaN,NaN,NaN,NaN,NaN,NaN,NaN,NaN,NaN,NaN,TD,NW,b,b,NaN,NaN,NaN,NaN,NaN,NaN,
1985021406,s21.1985,9X-S21,TY,NN,-17.0,58.3,30,NaN,340,7,340,7,NaN,NaN,NaN,NaN,NaN,NaN,NaN,NaN,NaN,NaN,TD,NW,b,b,NaN,NaN,NaN,NaN,NaN,NaN,
1985021412,21s.1985,GERIMENA,TY,NN,-15.9,58.1,35,NaN,343,10,348,9,NaN,NaN,NaN,NaN,NaN,NaN,NaN,NaN,NaN,NaN,TS,WN,c,c,NaN,NaN,NaN,NaN,NaN,NaN,
1985021418,21s.1985,GERIMENA,TY,NN,-15.9,57.7,35,NaN,332,6,332,6,NaN,NaN,NaN,NaN,NaN,NaN,NaN,NaN,NaN,NaN,TS,WN,b,b,NaN,NaN,NaN,NaN,NaN,NaN,
1985021500,21s.1985,GERIMENA,TY,NN,-15.9,57.6,35,NaN,354,5,270,2,NaN,NaN,NaN,NaN,NaN,NaN,NaN,NaN,NaN,NaN,TS,WN,c,c,NaN,NaN,NaN,NaN,NaN,NaN,
1985021506,21s.1985,GERIMENA,TY,NN,-16.0,57.1,35,NaN,260,3,260,3,NaN,NaN,NaN,NaN,NaN,NaN,NaN,NaN,NaN,NaN,TS,WN,b,b,NaN,NaN,NaN,NaN,NaN,NaN,
1985021512,21s.1985,GERIMENA,TY,NN,-16.4,57.6,40,NaN,213,5,180,2,NaN,NaN,NaN,NaN,NaN,NaN,NaN,NaN,NaN,NaN,TS,WN,c,c,NaN,NaN,NaN,NaN,NaN,NaN,
1985021518,21s.1985,GERIMENA,TY,NN,-16.1,56.5,40,NaN,260,3,260,3,NaN,NaN,NaN,NaN,NaN,NaN,NaN,NaN,NaN,NaN,TS,WN,b,b,NaN,NaN,NaN,NaN,NaN,NaN,
1985021600,21s.1985,GERIMENA,TY,NN,-16.5,56.8,40,NaN,258,5,263,4,NaN,NaN,NaN,NaN,NaN,NaN,NaN,NaN,NaN,NaN,TS,WN,c,c,NaN,NaN,NaN,NaN,NaN,NaN,
1985021606,21s.1985,GERIMENA,TY,NN,-16.2,55.9,45,NaN,260,3,260,3,NaN,NaN,NaN,NaN,NaN,NaN,NaN,NaN,NaN,NaN,TS,WN,b,b,NaN,NaN,NaN,NaN,NaN,NaN,
1985021612,21s.1985,GERIMENA,TY,NN,-15.8,55.0,45,NaN,289,8,292,9,NaN,NaN,NaN,NaN,NaN,NaN,NaN,NaN,NaN,NaN,TS,WN,c,c,NaN,NaN,NaN,NaN,NaN,NaN,
1985021618,21s.1985,GERIMENA,TY,NN,-16.3,55.6,45,NaN,251,2,251,2,NaN,NaN,NaN,NaN,NaN,NaN,NaN,NaN,NaN,NaN,TS,WN,b,b,NaN,NaN,NaN,NaN,NaN,NaN,
1985021700,21s.1985,GERIMENA,TY,NN,-16.5,56.0,45,NaN,270,2,126,6,NaN,NaN,NaN,NaN,NaN,NaN,NaN,NaN,NaN,NaN,TS,WN,c,c,NaN,NaN,NaN,NaN,NaN,NaN,
1985021706,21s.1985,GERIMENA,TY,NN,-16.4,55.1,45,NaN,258,2,258,2,NaN,NaN,NaN,NaN,NaN,NaN,NaN,NaN,NaN,NaN,TS,WN,b,b,NaN,NaN,NaN,NaN,NaN,NaN,
1985021712,21s.1985,GERIMENA,TY,NN,-16.5,55.6,45,NaN,270,2,270,2,NaN,NaN,NaN,NaN,NaN,NaN,NaN,NaN,NaN,NaN,TS,WN,c,c,NaN,NaN,NaN,NaN,NaN,NaN,
1985021718,21s.1985,GERIMENA,TY,NN,-16.5,54.5,45,NaN,260,3,260,3,NaN,NaN,NaN,NaN,NaN,NaN,NaN,NaN,NaN,NaN,TS,WN,b,b,NaN,NaN,NaN,NaN,NaN,NaN,
1985021800,21s.1985,GERIMENA,TY,NN,-17.4,54.3,45,NaN,233,4,234,8,NaN,NaN,NaN,NaN,NaN,NaN,NaN,NaN,NaN,NaN,TS,WN,c,c,NaN,NaN,NaN,NaN,NaN,NaN,
1985021806,21s.1985,GERIMENA,TY,NN,-16.6,53.8,45,NaN,262,3,262,3,NaN,NaN,NaN,NaN,NaN,NaN,NaN,NaN,NaN,NaN,TS,WN,b,b,NaN,NaN,NaN,NaN,NaN,NaN,
1985021812,21s.1985,GERIMENA,TY,NN,-17.8,53.7,40,NaN,233,4,235,3,NaN,NaN,NaN,NaN,NaN,NaN,NaN,NaN,NaN,NaN,TS,WN,c,c,NaN,NaN,NaN,NaN,NaN,NaN,
1985021818,21s.1985,GERIMENA,TY,NN,-16.7,53.1,40,NaN,262,3,262,3,NaN,NaN,NaN,NaN,NaN,NaN,NaN,NaN,NaN,NaN,TS,WN,b,b,NaN,NaN,NaN,NaN,NaN,NaN,
1985021900,21s.1985,GERIMENA,TY,NN,-17.3,53.3,40,NaN,270,2,323,3,NaN,NaN,NaN,NaN,NaN,NaN,NaN,NaN,NaN,NaN,TS,WN,c,c,NaN,NaN,NaN,NaN,NaN,NaN,
1985021906,21s.1985,GERIMENA,TY,NN,-16.9,52.5,40,NaN,251,3,251,3,NaN,NaN,NaN,NaN,NaN,NaN,NaN,NaN,NaN,NaN,TS,WN,b,b,NaN,NaN,NaN,NaN,NaN,NaN,
1985021912,21s.1985,GERIMENA,TY,NN,-17.3,52.9,40,NaN,270,3,270,2,NaN,NaN,NaN,NaN,NaN,NaN,NaN,NaN,NaN,NaN,TS,WN,c,c,NaN,NaN,NaN,NaN,NaN,NaN,
1985021918,21s.1985,GERIMENA,TY,NN,-17.3,51.9,40,NaN,235,3,235,3,NaN,NaN,NaN,NaN,NaN,NaN,NaN,NaN,NaN,NaN,TS,WN,b,b,NaN,NaN,NaN,NaN,NaN,NaN,
1985022000,21s.1985,GERIMENA,TY,NN,-17.0,51.6,45,NaN,251,3,284,6,NaN,NaN,NaN,NaN,NaN,NaN,NaN,NaN,NaN,NaN,TS,WN,c,c,NaN,NaN,NaN,NaN,NaN,NaN,
1985022006,21s.1985,GERIMENA,TY,NN,-17.9,51.2,45,NaN,228,4,228,4,NaN,NaN,NaN,NaN,NaN,NaN,NaN,NaN,NaN,NaN,TS,WN,b,b,NaN,NaN,NaN,NaN,NaN,NaN,
1985022012,21s.1985,GERIMENA,TY,NN,-18.4,50.6,50,NaN,230,3,214,8,NaN,NaN,NaN,NaN,NaN,NaN,NaN,NaN,NaN,NaN,TS,WN,c,c,NaN,NaN,NaN,NaN,NaN,NaN,
1985022018,21s.1985,GERIMENA,TY,NN,-18.9,50.6,50,NaN,210,6,210,6,NaN,NaN,NaN,NaN,NaN,NaN,NaN,NaN,NaN,NaN,TS,WN,b,b,NaN,NaN,NaN,NaN,NaN,NaN,
1985022100,21s.1985,GERIMENA,TY,NN,-19.6,50.1,55,NaN,205,4,202,6,NaN,NaN,NaN,NaN,NaN,NaN,NaN,NaN,NaN,NaN,TS,WN,c,c,NaN,NaN,NaN,NaN,NaN,NaN,
1985022106,21s.1985,GERIMENA,TY,NN,-20.0,50.2,55,NaN,199,6,199,6,NaN,NaN,NaN,NaN,NaN,NaN,NaN,NaN,NaN,NaN,TS,WN,b,b,NaN,NaN,NaN,NaN,NaN,NaN,
1985022112,21s.1985,GERIMENA,TY,NN,-20.8,50.4,60,NaN,185,5,167,6,NaN,NaN,NaN,NaN,NaN,NaN,NaN,NaN,NaN,NaN,TS,WN,c,c,NaN,NaN,NaN,NaN,NaN,NaN,
1985022118,21s.1985,GERIMENA,TY,NN,-21.1,50.0,65,NaN,190,6,190,6,NaN,NaN,NaN,NaN,NaN,NaN,NaN,NaN,NaN,NaN,TY,WN,b,b,NaN,NaN,NaN,NaN,NaN,NaN,
1985022200,21s.1985,GERIMENA,TY,NN,-21.6,50.2,65,NaN,193,4,193,4,NaN,NaN,NaN,NaN,NaN,NaN,NaN,NaN,NaN,NaN,TY,WN,c,c,NaN,NaN,NaN,NaN,NaN,NaN,
1985022206,21s.1985,GERIMENA,TY,NN,-22.0,50.3,65,NaN,163,5,163,5,NaN,NaN,NaN,NaN,NaN,NaN,NaN,NaN,NaN,NaN,TY,WN,b,b,NaN,NaN,NaN,NaN,NaN,NaN,
1985022212,21s.1985,GERIMENA,TY,NN,-22.3,50.5,60,NaN,174,5,158,4,NaN,NaN,NaN,NaN,NaN,NaN,NaN,NaN,NaN,NaN,TS,WN,c,c,NaN,NaN,NaN,NaN,NaN,NaN,
1985022218,21s.1985,GERIMENA,TY,NN,-22.6,50.7,60,NaN,148,4,148,4,NaN,NaN,NaN,NaN,NaN,NaN,NaN,NaN,NaN,NaN,TS,WN,b,b,NaN,NaN,NaN,NaN,NaN,NaN,
1985022300,21s.1985,GERIMENA,TY,NN,-22.8,50.8,55,NaN,158,4,151,3,NaN,NaN,NaN,NaN,NaN,NaN,NaN,NaN,NaN,NaN,TS,WN,c,c,NaN,NaN,NaN,NaN,NaN,NaN,
1985022306,21s.1985,GERIMENA,TY,NN,-23.0,51.2,55,NaN,131,3,131,3,NaN,NaN,NaN,NaN,NaN,NaN,NaN,NaN,NaN,NaN,TS,WN,b,b,NaN,NaN,NaN,NaN,NaN,NaN,
1985022312,21s.1985,GERIMENA,TY,NN,-23.1,51.4,50,NaN,129,2,119,3,NaN,NaN,NaN,NaN,NaN,NaN,NaN,NaN,NaN,NaN,TS,WN,c,c,NaN,NaN,NaN,NaN,NaN,NaN,
1985022318,21s.1985,GERIMENA,TY,NN,-23.5,52.0,50,NaN,124,4,124,4,NaN,NaN,NaN,NaN,NaN,NaN,NaN,NaN,NaN,NaN,TS,WN,b,b,NaN,NaN,NaN,NaN,NaN,NaN,
1985022400,21s.1985,GERIMENA,TY,NN,-23.8,52.2,45,NaN,132,4,134,5,NaN,NaN,NaN,NaN,NaN,NaN,NaN,NaN,NaN,NaN,TS,WN,c,c,NaN,NaN,NaN,NaN,NaN,NaN,
1985022406,21s.1985,GERIMENA,TY,NN,-24.0,52.8,45,NaN,124,4,124,4,NaN,NaN,NaN,NaN,NaN,NaN,NaN,NaN,NaN,NaN,TS,WN,b,b,NaN,NaN,NaN,NaN,NaN,NaN,
1985022412,21s.1985,GERIMENA,TY,NN,-23.6,51.3,40,NaN,114,10,284,4,NaN,NaN,NaN,NaN,NaN,NaN,NaN,NaN,NaN,NaN,TS,WN,c,c,NaN,NaN,NaN,NaN,NaN,NaN,
1985022418,21s.1985,GERIMENA,TY,NN,-24.7,52.9,40,NaN,173,4,173,4,NaN,NaN,NaN,NaN,NaN,NaN,NaN,NaN,NaN,NaN,TS,WN,b,b,NaN,NaN,NaN,NaN,NaN,NaN,
1985022500,21s.1985,GERIMENA,TY,NN,-25.1,53.0,35,NaN,160,3,134,11,NaN,NaN,NaN,NaN,NaN,NaN,NaN,NaN,NaN,NaN,TS,WN,c,c,NaN,NaN,NaN,NaN,NaN,NaN,
1985022506,21s.1985,GERIMENA,TY,NN,-25.6,52.9,35,NaN,180,4,180,5,NaN,NaN,NaN,NaN,NaN,NaN,NaN,NaN,NaN,NaN,TS,WN,b,b,NaN,NaN,NaN,NaN,NaN,NaN,
1985022512,21s.1985,GERIMENA,TY,NN,-26.2,53.0,30,NaN,180,6,180,5,NaN,NaN,NaN,NaN,NaN,NaN,NaN,NaN,NaN,NaN,TD,WN,b,b,NaN,NaN,NaN,NaN,NaN,NaN,
1985022518,21s.1985,GERIMENA,TY,NN,-26.6,53.3,30,NaN,160,5,160,5,NaN,NaN,NaN,NaN,NaN,NaN,NaN,NaN,NaN,NaN,TD,NW,b,b,NaN,NaN,NaN,NaN,NaN,NaN,
1985022600,21s.1985,GERIMENA,TY,NN,-26.9,53.8,30,NaN,134,5,134,5,NaN,NaN,NaN,NaN,NaN,NaN,NaN,NaN,NaN,NaN,TD,NW,b,b,NaN,NaN,NaN,NaN,NaN,NaN,
1985021306,s22.1985,9X-S22,TS,NN,-12.0,101.2,25,NaN,244,8,244,8,NaN,NaN,NaN,NaN,NaN,NaN,NaN,NaN,NaN,NaN,TD,NW,b,b,NaN,NaN,NaN,NaN,NaN,NaN,
1985021312,s22.1985,9X-S22,TS,NN,-12.4,100.0,25,NaN,244,8,244,8,NaN,NaN,NaN,NaN,NaN,NaN,NaN,NaN,NaN,NaN,TD,NW,b,b,NaN,NaN,NaN,NaN,NaN,NaN,
1985021318,s22.1985,9X-S22,TS,NN,-12.7,99.7,30,NaN,244,8,244,8,NaN,NaN,NaN,NaN,NaN,NaN,NaN,NaN,NaN,NaN,TD,NW,b,b,NaN,NaN,NaN,NaN,NaN,NaN,
1985021400,s22.1985,9X-S22,TS,NN,-13.0,100.3,35,NaN,154,3,154,3,NaN,NaN,NaN,NaN,NaN,NaN,NaN,NaN,NaN,NaN,TS,NW,b,b,NaN,NaN,NaN,NaN,NaN,NaN,
1985021406,22s.1985,ISOBEL,TS,NN,-13.0,100.3,40,NaN,240,5,117,3,NaN,NaN,NaN,NaN,NaN,NaN,NaN,NaN,NaN,NaN,TS,WN,c,c,NaN,NaN,NaN,NaN,NaN,NaN,
1985021412,22s.1985,ISOBEL,TS,NN,-13.1,101.2,40,NaN,97,4,97,4,NaN,NaN,NaN,NaN,NaN,NaN,NaN,NaN,NaN,NaN,TS,WN,b,b,NaN,NaN,NaN,NaN,NaN,NaN,
1985021418,22s.1985,ISOBEL,TS,NN,-13.0,100.1,40,NaN,283,4,270,1,NaN,NaN,NaN,NaN,NaN,NaN,NaN,NaN,NaN,NaN,TS,WN,c,c,NaN,NaN,NaN,NaN,NaN,NaN,
1985021500,22s.1985,ISOBEL,TS,NN,-12.9,102.1,40,NaN,77,4,77,4,NaN,NaN,NaN,NaN,NaN,NaN,NaN,NaN,NaN,NaN,TS,WN,b,b,NaN,NaN,NaN,NaN,NaN,NaN,
1985021506,22s.1985,ISOBEL,TS,NN,-13.0,102.5,40,NaN,74,4,90,12,NaN,NaN,NaN,NaN,NaN,NaN,NaN,NaN,NaN,NaN,TS,WN,c,c,NaN,NaN,NaN,NaN,NaN,NaN,
1985021512,22s.1985,ISOBEL,TS,NN,-12.9,103.2,40,NaN,90,5,90,5,NaN,NaN,NaN,NaN,NaN,NaN,NaN,NaN,NaN,NaN,TS,WN,b,b,NaN,NaN,NaN,NaN,NaN,NaN,
1985021518,22s.1985,ISOBEL,TS,NN,-13.0,103.2,45,NaN,90,3,90,3,NaN,NaN,NaN,NaN,NaN,NaN,NaN,NaN,NaN,NaN,TS,WN,c,c,NaN,NaN,NaN,NaN,NaN,NaN,
1985021600,22s.1985,ISOBEL,TS,NN,-13.3,104.4,45,NaN,109,6,109,6,NaN,NaN,NaN,NaN,NaN,NaN,NaN,NaN,NaN,NaN,TS,WN,b,b,NaN,NaN,NaN,NaN,NaN,NaN,
1985021606,22s.1985,ISOBEL,TS,NN,-13.9,105.1,45,NaN,119,6,116,10,NaN,NaN,NaN,NaN,NaN,NaN,NaN,NaN,NaN,NaN,TS,WN,c,c,NaN,NaN,NaN,NaN,NaN,NaN,
1985021612,22s.1985,ISOBEL,TS,NN,-14.4,105.5,50,NaN,136,8,136,8,NaN,NaN,NaN,NaN,NaN,NaN,NaN,NaN,NaN,NaN,TS,WN,b,b,NaN,NaN,NaN,NaN,NaN,NaN,
1985021618,22s.1985,ISOBEL,TS,NN,-15.2,105.5,50,NaN,162,6,163,7,NaN,NaN,NaN,NaN,NaN,NaN,NaN,NaN,NaN,NaN,TS,WN,c,c,NaN,NaN,NaN,NaN,NaN,NaN,
1985021700,22s.1985,ISOBEL,TS,NN,-15.4,104.9,50,NaN,210,6,210,6,NaN,NaN,NaN,NaN,NaN,NaN,NaN,NaN,NaN,NaN,TS,WN,b,b,NaN,NaN,NaN,NaN,NaN,NaN,
1985021706,22s.1985,ISOBEL,TS,NN,-16.1,104.1,45,NaN,234,10,236,8,NaN,NaN,NaN,NaN,NaN,NaN,NaN,NaN,NaN,NaN,TS,WN,c,c,NaN,NaN,NaN,NaN,NaN,NaN,
1985021712,22s.1985,ISOBEL,TS,NN,-16.3,103.7,45,NaN,232,7,232,7,NaN,NaN,NaN,NaN,NaN,NaN,NaN,NaN,NaN,NaN,TS,WN,b,b,NaN,NaN,NaN,NaN,NaN,NaN,
1985021718,22s.1985,ISOBEL,TS,NN,-16.9,102.9,45,NaN,234,8,235,7,NaN,NaN,NaN,NaN,NaN,NaN,NaN,NaN,NaN,NaN,TS,WN,c,c,NaN,NaN,NaN,NaN,NaN,NaN,
1985021800,22s.1985,ISOBEL,TS,NN,-17.1,102.5,45,NaN,235,7,235,7,NaN,NaN,NaN,NaN,NaN,NaN,NaN,NaN,NaN,NaN,TS,WN,b,b,NaN,NaN,NaN,NaN,NaN,NaN,
1985021806,22s.1985,ISOBEL,TS,NN,-17.6,101.8,45,NaN,235,7,236,6,NaN,NaN,NaN,NaN,NaN,NaN,NaN,NaN,NaN,NaN,TS,WN,c,c,NaN,NaN,NaN,NaN,NaN,NaN,
1985021812,22s.1985,ISOBEL,TS,NN,-18.0,101.3,45,NaN,232,7,232,7,NaN,NaN,NaN,NaN,NaN,NaN,NaN,NaN,NaN,NaN,TS,WN,b,b,NaN,NaN,NaN,NaN,NaN,NaN,
1985021818,22s.1985,ISOBEL,TS,NN,-18.4,101.1,45,NaN,212,5,220,5,NaN,NaN,NaN,NaN,NaN,NaN,NaN,NaN,NaN,NaN,TS,WN,c,c,NaN,NaN,NaN,NaN,NaN,NaN,
1985021900,22s.1985,ISOBEL,TS,NN,-19.1,100.2,45,NaN,223,8,223,8,NaN,NaN,NaN,NaN,NaN,NaN,NaN,NaN,NaN,NaN,TS,WN,b,b,NaN,NaN,NaN,NaN,NaN,NaN,
1985021906,22s.1985,ISOBEL,TS,NN,-19.3,99.7,40,NaN,245,5,236,8,NaN,NaN,NaN,NaN,NaN,NaN,NaN,NaN,NaN,NaN,TS,WN,c,c,NaN,NaN,NaN,NaN,NaN,NaN,
1985021912,22s.1985,ISOBEL,TS,NN,-20.1,99.5,40,NaN,213,6,213,6,NaN,NaN,NaN,NaN,NaN,NaN,NaN,NaN,NaN,NaN,TS,WN,b,b,NaN,NaN,NaN,NaN,NaN,NaN,
1985021918,22s.1985,ISOBEL,TS,NN,-20.3,99.2,40,NaN,208,5,205,6,NaN,NaN,NaN,NaN,NaN,NaN,NaN,NaN,NaN,NaN,TS,WN,c,c,NaN,NaN,NaN,NaN,NaN,NaN,
1985022000,22s.1985,ISOBEL,TS,NN,-21.1,98.8,40,NaN,213,6,213,6,NaN,NaN,NaN,NaN,NaN,NaN,NaN,NaN,NaN,NaN,TS,WN,b,b,NaN,NaN,NaN,NaN,NaN,NaN,
1985022006,22s.1985,ISOBEL,TS,NN,-21.7,98.2,40,NaN,214,8,214,8,NaN,NaN,NaN,NaN,NaN,NaN,NaN,NaN,NaN,NaN,TS,WN,b,b,NaN,NaN,NaN,NaN,NaN,NaN,
1985022012,22s.1985,ISOBEL,TS,NN,-22.4,97.3,40,NaN,227,10,227,10,NaN,NaN,NaN,NaN,NaN,NaN,NaN,NaN,NaN,NaN,TS,WN,b,b,NaN,NaN,NaN,NaN,NaN,NaN,
1985022018,22s.1985,ISOBEL,TS,NN,-23.6,87.4,35,NaN,126,15,259,51,NaN,NaN,NaN,NaN,NaN,NaN,NaN,NaN,NaN,NaN,TS,WN,c,c,NaN,NaN,NaN,NaN,NaN,NaN,
1985022100,22s.1985,ISOBEL,TS,NN,-24.5,95.5,35,NaN,218,13,218,13,NaN,NaN,NaN,NaN,NaN,NaN,NaN,NaN,NaN,NaN,TS,WN,b,b,NaN,NaN,NaN,NaN,NaN,NaN,
1985022106,22s.1985,ISOBEL,TS,NN,-25.9,94.5,30,NaN,110,34,110,34,NaN,NaN,NaN,NaN,NaN,NaN,NaN,NaN,NaN,NaN,TD,WN,b,b,NaN,NaN,NaN,NaN,NaN,NaN,
1985021312,s23.1985,9X-S23,TS,NN,-14.9,44.1,25,NaN,90,5,90,5,NaN,NaN,NaN,NaN,NaN,NaN,NaN,NaN,NaN,NaN,TD,NW,b,b,NaN,NaN,NaN,NaN,NaN,NaN,
1985021318,s23.1985,9X-S23,TS,NN,-14.9,44.6,30,NaN,90,5,90,5,NaN,NaN,NaN,NaN,NaN,NaN,NaN,NaN,NaN,NaN,TD,NW,b,b,NaN,NaN,NaN,NaN,NaN,NaN,
1985021400,s23.1985,9X-S23,TS,NN,-14.9,45.1,35,NaN,90,5,90,5,NaN,NaN,NaN,NaN,NaN,NaN,NaN,NaN,NaN,NaN,TS,NW,b,b,NaN,NaN,NaN,NaN,NaN,NaN,
1985021406,s23.1985,9X-S23,TS,NN,-14.9,45.6,40,NaN,90,5,90,5,NaN,NaN,NaN,NaN,NaN,NaN,NaN,NaN,NaN,NaN,TS,NW,b,b,NaN,NaN,NaN,NaN,NaN,NaN,
1985021412,23s.1985,FELISKA,TS,NN,-14.7,46.0,40,NaN,77,4,77,4,NaN,NaN,NaN,NaN,NaN,NaN,NaN,NaN,NaN,NaN,TS,WN,c,c,NaN,NaN,NaN,NaN,NaN,NaN,
1985021418,23s.1985,FELISKA,TS,NN,-14.6,46.3,40,NaN,66,4,66,4,NaN,NaN,NaN,NaN,NaN,NaN,NaN,NaN,NaN,NaN,TS,WN,b,b,NaN,NaN,NaN,NaN,NaN,NaN,
1985021500,23s.1985,FELISKA,TS,NN,-14.5,46.0,40,NaN,63,2,360,1,NaN,NaN,NaN,NaN,NaN,NaN,NaN,NaN,NaN,NaN,TS,WN,c,c,NaN,NaN,NaN,NaN,NaN,NaN,
1985021506,23s.1985,FELISKA,TS,NN,-13.8,45.9,40,NaN,334,4,334,4,NaN,NaN,NaN,NaN,NaN,NaN,NaN,NaN,NaN,NaN,TS,WN,b,b,NaN,NaN,NaN,NaN,NaN,NaN,
1985021512,23s.1985,FELISKA,TS,NN,-13.1,45.4,45,NaN,327,5,337,8,NaN,NaN,NaN,NaN,NaN,NaN,NaN,NaN,NaN,NaN,TS,WN,c,c,NaN,NaN,0.04,NaN,NaN,NaN,
1985021518,23s.1985,FELISKA,TS,NN,-13.0,45.4,50,NaN,329,5,329,5,NaN,NaN,NaN,NaN,NaN,NaN,NaN,NaN,NaN,NaN,TS,WN,b,b,NaN,NaN,0.04,NaN,NaN,NaN,
1985021600,23s.1985,FELISKA,TS,NN,-12.8,46.7,50,NaN,342,3,77,7,NaN,NaN,NaN,NaN,NaN,NaN,NaN,NaN,NaN,NaN,TS,WN,c,c,NaN,NaN,NaN,NaN,NaN,NaN,
1985021606,23s.1985,FELISKA,TS,NN,-12.3,45.8,50,NaN,29,4,29,4,NaN,NaN,NaN,NaN,NaN,NaN,NaN,NaN,NaN,NaN,TS,WN,b,b,NaN,NaN,NaN,NaN,NaN,NaN,
1985021612,23s.1985,FELISKA,TS,NN,-12.4,46.3,45,NaN,80,3,316,3,NaN,NaN,NaN,NaN,NaN,NaN,NaN,NaN,NaN,NaN,TS,WN,c,c,NaN,NaN,NaN,NaN,NaN,NaN,
1985021618,23s.1985,FELISKA,TS,NN,-12.0,46.4,45,NaN,63,3,63,3,NaN,NaN,NaN,NaN,NaN,NaN,NaN,NaN,NaN,NaN,TS,WN,b,b,NaN,NaN,NaN,NaN,NaN,NaN,
1985021700,23s.1985,FELISKA,TS,NN,-12.5,46.9,40,NaN,83,4,100,3,NaN,NaN,NaN,NaN,NaN,NaN,NaN,NaN,NaN,NaN,TS,WN,c,c,NaN,NaN,NaN,NaN,NaN,NaN,
1985021706,23s.1985,FELISKA,TS,NN,-12.2,47.1,40,NaN,106,4,106,4,NaN,NaN,NaN,NaN,NaN,NaN,NaN,NaN,NaN,NaN,TS,WN,b,b,NaN,NaN,NaN,NaN,NaN,NaN,
1985021712,23s.1985,FELISKA,TS,NN,-12.2,47.1,35,NaN,90,3,33,2,NaN,NaN,NaN,NaN,NaN,NaN,NaN,NaN,NaN,NaN,TS,WN,c,c,NaN,NaN,NaN,NaN,NaN,NaN,
1985021718,23s.1985,FELISKA,TS,NN,-12.7,47.7,35,NaN,130,4,130,4,NaN,NaN,NaN,NaN,NaN,NaN,NaN,NaN,NaN,NaN,TS,WN,b,b,NaN,NaN,NaN,NaN,NaN,NaN,
1985021800,23s.1985,FELISKA,TS,NN,-12.9,47.7,35,NaN,126,4,140,5,NaN,NaN,NaN,NaN,NaN,NaN,NaN,NaN,NaN,NaN,TS,WN,c,c,NaN,NaN,NaN,NaN,NaN,NaN,
1985021806,23s.1985,FELISKA,TS,NN,-13.3,47.9,35,NaN,162,3,162,3,NaN,NaN,NaN,NaN,NaN,NaN,NaN,NaN,NaN,NaN,TS,WN,b,b,NaN,NaN,0.25,NaN,NaN,NaN,
1985021812,23s.1985,FELISKA,TS,NN,-13.7,47.9,30,NaN,150,3,166,4,NaN,NaN,NaN,NaN,NaN,NaN,NaN,NaN,NaN,NaN,TD,WN,c,c,NaN,NaN,0.25,NaN,NaN,NaN,
1985021818,23s.1985,FELISKA,TS,NN,-13.9,48.1,25,NaN,162,3,162,3,NaN,NaN,NaN,NaN,NaN,NaN,NaN,NaN,NaN,NaN,TD,WN,b,b,NaN,NaN,0.53,NaN,NaN,NaN,
1985021900,23s.1985,FELISKA,TS,NN,-14.2,48.2,20,NaN,150,3,150,3,NaN,NaN,NaN,NaN,NaN,NaN,NaN,NaN,NaN,NaN,NT,WN,b,b,NaN,NaN,0.53,NaN,NaN,NaN,
1985021606,s24.1985,9X-S24,TY,NN,-12.6,124.3,30,NaN,248,11,248,11,NaN,NaN,NaN,NaN,NaN,NaN,NaN,NaN,NaN,NaN,TD,NW,b,b,NaN,NaN,NaN,NaN,NaN,NaN,
1985021612,s24.1985,9X-S24,TY,NN,-13.1,123.2,25,NaN,248,11,248,11,NaN,NaN,NaN,NaN,NaN,NaN,NaN,NaN,NaN,NaN,TD,NW,b,b,NaN,NaN,NaN,NaN,NaN,NaN,
1985021618,s24.1985,9X-S24,TY,NN,-13.4,122.3,25,NaN,248,11,248,11,NaN,NaN,NaN,NaN,NaN,NaN,NaN,NaN,NaN,NaN,TD,NW,b,b,NaN,NaN,NaN,NaN,NaN,NaN,
1985021700,s24.1985,9X-S24,TY,NN,-13.6,121.5,25,NaN,253,9,253,9,NaN,NaN,NaN,NaN,NaN,NaN,NaN,NaN,NaN,NaN,TD,NW,b,b,NaN,NaN,NaN,NaN,NaN,NaN,
1985021706,s24.1985,9X-S24,TY,NN,-13.8,120.8,25,NaN,255,8,255,8,NaN,NaN,NaN,NaN,NaN,NaN,NaN,NaN,NaN,NaN,TD,NW,b,b,NaN,NaN,NaN,NaN,NaN,NaN,
1985021712,s24.1985,9X-S24,TY,NN,-13.9,119.9,25,NaN,259,8,259,8,NaN,NaN,NaN,NaN,NaN,NaN,NaN,NaN,NaN,NaN,TD,NW,b,b,NaN,NaN,NaN,NaN,NaN,NaN,
1985021718,s24.1985,9X-S24,TY,NN,-14.0,119.1,30,NaN,263,8,263,8,NaN,NaN,NaN,NaN,NaN,NaN,NaN,NaN,NaN,NaN,TD,NW,b,b,NaN,NaN,NaN,NaN,NaN,NaN,
1985021800,s24.1985,9X-S24,TY,NN,-14.2,118.5,30,NaN,258,7,258,7,NaN,NaN,NaN,NaN,NaN,NaN,NaN,NaN,NaN,NaN,TD,NW,b,b,NaN,NaN,NaN,NaN,NaN,NaN,
1985021806,s24.1985,9X-S24,TY,NN,-14.4,117.9,30,NaN,251,6,251,6,NaN,NaN,NaN,NaN,NaN,NaN,NaN,NaN,NaN,NaN,TD,NW,b,b,NaN,NaN,NaN,NaN,NaN,NaN,
1985021812,s24.1985,9X-S24,TY,NN,-14.7,117.4,30,NaN,245,6,245,6,NaN,NaN,NaN,NaN,NaN,NaN,NaN,NaN,NaN,NaN,TD,NW,b,b,NaN,NaN,NaN,NaN,NaN,NaN,
1985021818,s24.1985,9X-S24,TY,NN,-15.0,116.9,35,NaN,238,6,238,6,NaN,NaN,NaN,NaN,NaN,NaN,NaN,NaN,NaN,NaN,TS,NW,b,b,NaN,NaN,NaN,NaN,NaN,NaN,
1985021900,s24.1985,9X-S24,TY,NN,-15.1,116.3,40,NaN,249,6,249,6,NaN,NaN,NaN,NaN,NaN,NaN,NaN,NaN,NaN,NaN,TS,NW,b,b,NaN,NaN,NaN,NaN,NaN,NaN,
1985021906,24s.1985,JACOB,TY,NN,-15.2,115.3,45,NaN,255,8,263,8,NaN,NaN,NaN,NaN,NaN,NaN,NaN,NaN,NaN,NaN,TS,WN,c,c,NaN,NaN,NaN,NaN,NaN,NaN,
1985021912,24s.1985,JACOB,TY,NN,-15.2,114.8,50,NaN,266,7,266,7,NaN,NaN,NaN,NaN,NaN,NaN,NaN,NaN,NaN,NaN,TS,WN,b,b,NaN,NaN,NaN,NaN,NaN,NaN,
1985021918,24s.1985,JACOB,TY,NN,-15.4,113.7,55,NaN,263,8,263,8,NaN,NaN,NaN,NaN,NaN,NaN,NaN,NaN,NaN,NaN,TS,WN,c,c,NaN,NaN,NaN,NaN,NaN,NaN,
1985022000,24s.1985,JACOB,TY,NN,-15.3,113.2,60,NaN,266,8,266,8,NaN,NaN,NaN,NaN,NaN,NaN,NaN,NaN,NaN,NaN,TS,WN,b,b,NaN,NaN,NaN,NaN,NaN,NaN,
1985022006,24s.1985,JACOB,TY,NN,-15.8,112.1,65,NaN,255,8,255,8,NaN,NaN,NaN,NaN,NaN,NaN,NaN,NaN,NaN,NaN,TY,WN,c,c,NaN,NaN,NaN,NaN,NaN,NaN,
1985022012,24s.1985,JACOB,TY,NN,-15.5,111.5,70,NaN,263,8,263,8,NaN,NaN,NaN,NaN,NaN,NaN,NaN,NaN,NaN,NaN,TY,WN,b,b,NaN,NaN,NaN,NaN,NaN,NaN,
1985022018,24s.1985,JACOB,TY,NN,-15.9,110.6,75,NaN,255,7,266,7,NaN,NaN,NaN,NaN,NaN,NaN,NaN,NaN,NaN,NaN,TY,WN,c,c,NaN,NaN,NaN,NaN,NaN,NaN,
1985022100,24s.1985,JACOB,TY,NN,-15.7,109.7,70,NaN,263,9,263,9,NaN,NaN,NaN,NaN,NaN,NaN,NaN,NaN,NaN,NaN,TY,WN,b,b,NaN,NaN,NaN,NaN,NaN,NaN,
1985022106,24s.1985,JACOB,TY,NN,-16.0,108.9,65,NaN,266,8,266,8,NaN,NaN,NaN,NaN,NaN,NaN,NaN,NaN,NaN,NaN,TY,WN,c,c,NaN,NaN,NaN,NaN,NaN,NaN,
1985022112,24s.1985,JACOB,TY,NN,-16.1,107.7,65,NaN,258,10,258,10,NaN,NaN,NaN,NaN,NaN,NaN,NaN,NaN,NaN,NaN,TY,WN,b,b,NaN,NaN,NaN,NaN,NaN,NaN,
1985022118,24s.1985,JACOB,TY,NN,-16.3,106.6,60,NaN,265,12,262,11,NaN,NaN,NaN,NaN,NaN,NaN,NaN,NaN,NaN,NaN,TS,WN,c,c,NaN,NaN,NaN,NaN,NaN,NaN,
1985022200,24s.1985,JACOB,TY,NN,-16.6,105.4,55,NaN,257,11,257,11,NaN,NaN,NaN,NaN,NaN,NaN,NaN,NaN,NaN,NaN,TS,WN,b,b,NaN,NaN,NaN,NaN,NaN,NaN,
1985022206,24s.1985,JACOB,TY,NN,-17.1,104.8,55,NaN,252,12,245,10,NaN,NaN,NaN,NaN,NaN,NaN,NaN,NaN,NaN,NaN,TS,WN,c,c,NaN,NaN,NaN,NaN,NaN,NaN,
1985022212,24s.1985,JACOB,TY,NN,-17.3,103.5,55,NaN,249,10,249,10,NaN,NaN,NaN,NaN,NaN,NaN,NaN,NaN,NaN,NaN,TS,WN,b,b,NaN,NaN,NaN,NaN,NaN,NaN,
1985022218,24s.1985,JACOB,TY,NN,-18.5,102.8,55,NaN,231,11,234,12,NaN,NaN,NaN,NaN,NaN,NaN,NaN,NaN,NaN,NaN,TS,WN,c,c,NaN,NaN,NaN,NaN,NaN,NaN,
1985022300,24s.1985,JACOB,TY,NN,-18.4,102.0,55,NaN,232,9,232,9,NaN,NaN,NaN,NaN,NaN,NaN,NaN,NaN,NaN,NaN,TS,WN,b,b,NaN,NaN,NaN,NaN,NaN,NaN,
1985022306,24s.1985,JACOB,TY,NN,-19.3,101.3,55,NaN,235,9,241,8,NaN,NaN,NaN,NaN,NaN,NaN,NaN,NaN,NaN,NaN,TS,WN,c,c,NaN,NaN,NaN,NaN,NaN,NaN,
1985022312,24s.1985,JACOB,TY,NN,-20.0,100.3,55,NaN,225,11,225,11,NaN,NaN,NaN,NaN,NaN,NaN,NaN,NaN,NaN,NaN,TS,WN,b,b,NaN,NaN,NaN,NaN,NaN,NaN,
1985022318,24s.1985,JACOB,TY,NN,-21.3,99.2,55,NaN,223,13,225,14,NaN,NaN,NaN,NaN,NaN,NaN,NaN,NaN,NaN,NaN,TS,WN,c,c,NaN,NaN,NaN,NaN,NaN,NaN,
1985022400,24s.1985,JACOB,TY,NN,-21.8,98.5,55,NaN,223,12,223,12,NaN,NaN,NaN,NaN,NaN,NaN,NaN,NaN,NaN,NaN,TS,WN,b,b,NaN,NaN,NaN,NaN,NaN,NaN,
1985022406,24s.1985,JACOB,TY,NN,-22.8,97.3,55,NaN,227,13,230,12,NaN,NaN,NaN,NaN,NaN,NaN,NaN,NaN,NaN,NaN,TS,WN,c,c,NaN,NaN,NaN,NaN,NaN,NaN,
1985022412,24s.1985,JACOB,TY,NN,-23.8,96.6,55,NaN,221,13,221,13,NaN,NaN,NaN,NaN,NaN,NaN,NaN,NaN,NaN,NaN,TS,WN,b,b,NaN,NaN,NaN,NaN,NaN,NaN,
1985022418,24s.1985,JACOB,TY,NN,-24.8,95.8,50,NaN,218,13,214,12,NaN,NaN,NaN,NaN,NaN,NaN,NaN,NaN,NaN,NaN,TS,WN,c,c,NaN,NaN,NaN,NaN,NaN,NaN,
1985022500,24s.1985,JACOB,TY,NN,-26.0,95.3,50,NaN,208,12,208,12,NaN,NaN,NaN,NaN,NaN,NaN,NaN,NaN,NaN,NaN,TS,WN,b,b,NaN,NaN,NaN,NaN,NaN,NaN,
1985022506,24s.1985,JACOB,TY,NN,-27.0,95.5,50,NaN,184,12,187,11,NaN,NaN,NaN,NaN,NaN,NaN,NaN,NaN,NaN,NaN,TS,WN,c,c,NaN,NaN,NaN,NaN,NaN,NaN,
1985022512,24s.1985,JACOB,TY,NN,-28.6,95.4,50,NaN,178,13,178,13,NaN,NaN,NaN,NaN,NaN,NaN,NaN,NaN,NaN,NaN,TS,WN,b,b,NaN,NaN,NaN,NaN,NaN,NaN,
1985022518,24s.1985,JACOB,TY,NN,-29.9,95.8,45,NaN,175,15,175,15,NaN,NaN,NaN,NaN,NaN,NaN,NaN,NaN,NaN,NaN,TS,WN,b,b,NaN,NaN,NaN,NaN,NaN,NaN,
1985022600,24s.1985,JACOB,TY,NN,-31.5,96.5,45,NaN,162,15,162,15,NaN,NaN,NaN,NaN,NaN,NaN,NaN,NaN,NaN,NaN,TS,WN,b,b,NaN,NaN,NaN,NaN,NaN,NaN,
1985022606,24s.1985,JACOB,TY,NN,-33.5,97.6,45,NaN,157,20,157,20,NaN,NaN,NaN,NaN,NaN,NaN,NaN,NaN,NaN,NaN,TS,WN,b,b,NaN,NaN,NaN,NaN,NaN,NaN,
1985021812,s25.1985,9X-S25,TS,NN,-11.8,75.7,30,NaN,226,16,226,16,NaN,NaN,NaN,NaN,NaN,NaN,NaN,NaN,NaN,NaN,TD,NW,b,b,NaN,NaN,NaN,NaN,NaN,NaN,
1985021818,s25.1985,9X-S25,TS,NN,-12.2,76.7,35,NaN,226,16,226,16,NaN,NaN,NaN,NaN,NaN,NaN,NaN,NaN,NaN,NaN,TS,NW,b,b,NaN,NaN,NaN,NaN,NaN,NaN,
1985021900,25s.1985,NONAME,TS,NN,-14.0,73.4,35,NaN,229,12,226,16,NaN,NaN,NaN,NaN,NaN,NaN,NaN,NaN,NaN,NaN,TS,WN,c,c,NaN,NaN,NaN,NaN,NaN,NaN,
1985021906,25s.1985,NONAME,TS,NN,-13.2,78.4,35,NaN,121,10,121,10,NaN,NaN,NaN,NaN,NaN,NaN,NaN,NaN,NaN,NaN,TS,WN,b,b,NaN,NaN,NaN,NaN,NaN,NaN,
1985021912,25s.1985,NONAME,TS,NN,-13.5,79.3,35,NaN,121,10,85,29,NaN,NaN,NaN,NaN,NaN,NaN,NaN,NaN,NaN,NaN,TS,WN,c,c,NaN,NaN,NaN,NaN,NaN,NaN,
1985021918,25s.1985,NONAME,TS,NN,-14.3,79.9,35,NaN,127,9,127,9,NaN,NaN,NaN,NaN,NaN,NaN,NaN,NaN,NaN,NaN,TS,WN,b,b,NaN,NaN,NaN,NaN,NaN,NaN,
1985022000,25s.1985,NONAME,TS,NN,-15.1,80.6,30,NaN,142,10,142,10,NaN,NaN,NaN,NaN,NaN,NaN,NaN,NaN,NaN,NaN,TD,WN,c,c,NaN,NaN,NaN,NaN,NaN,NaN,
1985022006,25s.1985,NONAME,TS,NN,-16.0,81.9,30,NaN,131,13,131,13,NaN,NaN,NaN,NaN,NaN,NaN,NaN,NaN,NaN,NaN,TD,WN,b,b,NaN,NaN,NaN,NaN,NaN,NaN,
1985022012,25s.1985,NONAME,TS,NN,-16.9,83.3,25,NaN,125,16,125,16,NaN,NaN,NaN,NaN,NaN,NaN,NaN,NaN,NaN,NaN,TD,WN,b,b,NaN,NaN,NaN,NaN,NaN,NaN,
1985022018,25s.1985,NONAME,TS,NN,-17.7,84.9,25,NaN,121,17,121,17,NaN,NaN,NaN,NaN,NaN,NaN,NaN,NaN,NaN,NaN,TD,NW,b,b,NaN,NaN,NaN,NaN,NaN,NaN,
1985022100,25s.1985,NONAME,TS,NN,-18.5,86.7,25,NaN,116,18,116,18,NaN,NaN,NaN,NaN,NaN,NaN,NaN,NaN,NaN,NaN,TD,NW,b,b,NaN,NaN,NaN,NaN,NaN,NaN,
1985021906,p26.1985,9X-P26,TS,NN,-12.7,145.2,25,NaN,152,7,152,7,NaN,NaN,NaN,NaN,NaN,NaN,NaN,NaN,NaN,NaN,TD,NW,b,b,NaN,NaN,NaN,NaN,NaN,NaN,
1985021912,p26.1985,9X-P26,TS,NN,-13.3,145.5,25,NaN,152,7,152,7,NaN,NaN,NaN,NaN,NaN,NaN,NaN,NaN,NaN,NaN,TD,NW,b,b,NaN,NaN,NaN,NaN,NaN,NaN,
1985021918,p26.1985,9X-P26,TS,NN,-14.0,145.9,25,NaN,152,7,152,7,NaN,NaN,NaN,NaN,NaN,NaN,NaN,NaN,NaN,NaN,TD,NW,b,b,NaN,NaN,NaN,NaN,NaN,NaN,
1985022000,p26.1985,9X-P26,TS,NN,-14.7,146.3,30,NaN,151,8,151,8,NaN,NaN,NaN,NaN,NaN,NaN,NaN,NaN,NaN,NaN,TD,NW,b,b,NaN,NaN,NaN,NaN,NaN,NaN,
1985022006,26p.1985,PIERRE,TS,NN,-15.3,146.8,35,NaN,141,8,146,8,NaN,NaN,NaN,NaN,NaN,NaN,NaN,NaN,NaN,NaN,TS,WN,c,c,NaN,NaN,NaN,NaN,NaN,NaN,
1985022012,26p.1985,PIERRE,TS,NN,-16.4,147.3,40,NaN,150,10,150,10,NaN,NaN,NaN,NaN,NaN,NaN,NaN,NaN,NaN,NaN,TS,WN,b,b,NaN,NaN,NaN,NaN,NaN,NaN,
1985022018,26p.1985,PIERRE,TS,NN,-17.5,147.8,45,NaN,152,11,156,12,NaN,NaN,NaN,NaN,NaN,NaN,NaN,NaN,NaN,NaN,TS,WN,c,c,NaN,NaN,NaN,NaN,NaN,NaN,
1985022100,26p.1985,PIERRE,TS,NN,-19.0,148.8,45,NaN,151,15,151,15,NaN,NaN,NaN,NaN,NaN,NaN,NaN,NaN,NaN,NaN,TS,WN,b,b,NaN,NaN,NaN,NaN,NaN,NaN,
1985022106,26p.1985,PIERRE,TS,NN,-20.3,149.5,40,NaN,149,16,150,16,NaN,NaN,NaN,NaN,NaN,NaN,NaN,NaN,NaN,NaN,TS,WN,c,c,NaN,NaN,0.01,NaN,NaN,NaN,
1985022112,26p.1985,PIERRE,TS,NN,-21.4,150.2,40,NaN,151,14,151,14,NaN,NaN,NaN,NaN,NaN,NaN,NaN,NaN,NaN,NaN,TS,WN,b,b,NaN,NaN,NaN,NaN,NaN,NaN,
1985022118,26p.1985,PIERRE,TS,NN,-22.4,150.8,35,NaN,149,12,150,12,NaN,NaN,NaN,NaN,NaN,NaN,NaN,NaN,NaN,NaN,TS,WN,c,c,NaN,NaN,0.15,NaN,NaN,NaN,
1985022200,26p.1985,PIERRE,TS,NN,-22.8,151.4,35,NaN,142,9,142,9,NaN,NaN,NaN,NaN,NaN,NaN,NaN,NaN,NaN,NaN,TS,WN,b,b,NaN,NaN,NaN,NaN,NaN,NaN,
1985022206,26p.1985,PIERRE,TS,NN,-23.6,151.9,30,NaN,137,8,140,8,NaN,NaN,NaN,NaN,NaN,NaN,NaN,NaN,NaN,NaN,TD,WN,c,c,NaN,NaN,NaN,NaN,NaN,NaN,
1985022212,26p.1985,PIERRE,TS,NN,-23.7,152.9,30,NaN,123,8,123,8,NaN,NaN,NaN,NaN,NaN,NaN,NaN,NaN,NaN,NaN,TD,WN,b,b,NaN,NaN,NaN,NaN,NaN,NaN,
1985022218,26p.1985,PIERRE,TS,NN,-23.9,154.0,25,NaN,99,10,99,10,NaN,NaN,NaN,NaN,NaN,NaN,NaN,NaN,NaN,NaN,TD,WN,b,b,NaN,NaN,NaN,NaN,NaN,NaN,
1985022300,26p.1985,PIERRE,TS,NN,-23.9,155.0,25,NaN,96,10,96,10,NaN,NaN,NaN,NaN,NaN,NaN,NaN,NaN,NaN,NaN,TD,NW,b,b,NaN,NaN,NaN,NaN,NaN,NaN,
1985022306,26p.1985,PIERRE,TS,NN,-23.8,156.1,20,NaN,87,10,87,10,NaN,NaN,NaN,NaN,NaN,NaN,NaN,NaN,NaN,NaN,NT,NW,b,b,NaN,NaN,NaN,NaN,NaN,NaN,
1985030406,p27.1985,9X-P27,TS,NN,-16.6,170.7,30,NaN,126,8,126,8,NaN,NaN,NaN,NaN,NaN,NaN,NaN,NaN,NaN,NaN,TD,NW,b,b,NaN,NaN,NaN,NaN,NaN,NaN,
1985030412,p27.1985,9X-P27,TS,NN,-16.9,171.3,35,NaN,126,8,126,8,NaN,NaN,NaN,NaN,NaN,NaN,NaN,NaN,NaN,NaN,TS,NW,b,b,NaN,NaN,NaN,NaN,NaN,NaN,
1985030418,p27.1985,9X-P27,TS,NN,-17.5,172.0,35,NaN,126,8,126,8,NaN,NaN,NaN,NaN,NaN,NaN,NaN,NaN,NaN,NaN,TS,NW,b,b,NaN,NaN,NaN,NaN,NaN,NaN,
1985030500,p27.1985,9X-P27,TS,NN,-18.4,172.6,35,NaN,140,10,140,10,NaN,NaN,NaN,NaN,NaN,NaN,NaN,NaN,NaN,NaN,TS,NW,b,b,NaN,NaN,NaN,NaN,NaN,NaN,
1985030506,27p.1985,GAVIN,TS,NN,-20.0,173.3,35,NaN,142,14,154,14,NaN,NaN,NaN,NaN,NaN,NaN,NaN,NaN,NaN,NaN,TS,WN,c,c,NaN,NaN,NaN,NaN,NaN,NaN,
1985030512,27p.1985,GAVIN,TS,NN,-20.3,174.1,35,NaN,143,12,143,12,NaN,NaN,NaN,NaN,NaN,NaN,NaN,NaN,NaN,NaN,TS,WN,b,b,NaN,NaN,NaN,NaN,NaN,NaN,
1985030518,27p.1985,GAVIN,TS,NN,-21.5,175.0,40,NaN,135,12,133,11,NaN,NaN,NaN,NaN,NaN,NaN,NaN,NaN,NaN,NaN,TS,WN,c,c,NaN,NaN,NaN,NaN,NaN,NaN,
1985030600,27p.1985,GAVIN,TS,NN,-22.2,175.8,40,NaN,140,12,140,12,NaN,NaN,NaN,NaN,NaN,NaN,NaN,NaN,NaN,NaN,TS,WN,b,b,NaN,NaN,NaN,NaN,NaN,NaN,
1985030606,27p.1985,GAVIN,TS,NN,-24.4,177.1,45,NaN,152,15,146,17,NaN,NaN,NaN,NaN,NaN,NaN,NaN,NaN,NaN,NaN,TS,WN,c,c,NaN,NaN,NaN,NaN,NaN,NaN,
1985030612,27p.1985,GAVIN,TS,NN,-23.6,177.8,45,NaN,127,12,127,12,NaN,NaN,NaN,NaN,NaN,NaN,NaN,NaN,NaN,NaN,TS,WN,b,b,NaN,NaN,NaN,NaN,NaN,NaN,
1985030618,27p.1985,GAVIN,TS,NN,-25.4,178.5,50,NaN,135,13,128,8,NaN,NaN,NaN,NaN,NaN,NaN,NaN,NaN,NaN,NaN,TS,WN,c,c,NaN,NaN,NaN,NaN,NaN,NaN,
1985030700,27p.1985,GAVIN,TS,NN,-24.5,179.9,55,NaN,115,11,115,11,NaN,NaN,NaN,NaN,NaN,NaN,NaN,NaN,NaN,NaN,TS,WN,b,b,NaN,NaN,NaN,NaN,NaN,NaN,
1985030706,27p.1985,GAVIN,TS,NN,-24.9,180.8,55,NaN,76,11,76,11,NaN,NaN,NaN,NaN,NaN,NaN,NaN,NaN,NaN,NaN,TS,WN,b,b,NaN,NaN,NaN,NaN,NaN,NaN,
1985030712,27p.1985,GAVIN,TS,NN,-25.4,181.6,55,NaN,120,9,120,9,NaN,NaN,NaN,NaN,NaN,NaN,NaN,NaN,NaN,NaN,TS,WN,b,b,NaN,NaN,NaN,NaN,NaN,NaN,
1985030718,27p.1985,GAVIN,TS,NN,-26.0,182.3,50,NaN,129,9,129,9,NaN,NaN,NaN,NaN,NaN,NaN,NaN,NaN,NaN,NaN,TS,WN,b,b,NaN,NaN,NaN,NaN,NaN,NaN,
1985030800,27p.1985,GAVIN,TS,NN,-27.3,183.6,50,NaN,137,13,137,13,NaN,NaN,NaN,NaN,NaN,NaN,NaN,NaN,NaN,NaN,TS,WN,b,b,NaN,NaN,NaN,NaN,NaN,NaN,
1985030806,27p.1985,GAVIN,TS,NN,-29.3,185.6,45,NaN,138,22,138,22,NaN,NaN,NaN,NaN,NaN,NaN,NaN,NaN,NaN,NaN,TS,WN,b,b,NaN,NaN,NaN,NaN,NaN,NaN,
1985030812,27p.1985,GAVIN,TS,NN,-31.6,188.0,45,NaN,138,29,138,29,NaN,NaN,NaN,NaN,NaN,NaN,NaN,NaN,NaN,NaN,TS,WN,b,b,NaN,NaN,NaN,NaN,NaN,NaN,
1985030818,27p.1985,GAVIN,TS,NN,-34.2,191.0,40,NaN,137,34,137,34,NaN,NaN,NaN,NaN,NaN,NaN,NaN,NaN,NaN,NaN,TS,WN,b,b,NaN,NaN,NaN,NaN,NaN,NaN,
1985030612,p28.1985,9X-P28,TY,NN,-11.4,93.5,30,NaN,250,9,250,9,NaN,NaN,NaN,NaN,NaN,NaN,NaN,NaN,NaN,NaN,TD,NW,b,b,NaN,NaN,NaN,NaN,NaN,NaN,
1985030618,p28.1985,9X-P28,TY,NN,-11.7,92.6,40,NaN,250,9,250,9,NaN,NaN,NaN,NaN,NaN,NaN,NaN,NaN,NaN,NaN,TS,NW,b,b,NaN,NaN,NaN,NaN,NaN,NaN,
1985030700,28p.1985,KIRSTY,TY,NN,-12.0,91.8,45,NaN,246,10,250,9,NaN,NaN,NaN,NaN,NaN,NaN,NaN,NaN,NaN,NaN,TS,WN,c,c,NaN,NaN,NaN,NaN,NaN,NaN,
1985030706,28p.1985,KIRSTY,TY,NN,-12.4,91.0,50,NaN,246,9,246,9,NaN,NaN,NaN,NaN,NaN,NaN,NaN,NaN,NaN,NaN,TS,WN,b,b,NaN,NaN,NaN,NaN,NaN,NaN,
1985030712,28p.1985,KIRSTY,TY,NN,-12.6,90.8,55,NaN,238,6,238,6,NaN,NaN,NaN,NaN,NaN,NaN,NaN,NaN,NaN,NaN,TS,WN,c,c,NaN,NaN,NaN,NaN,NaN,NaN,
1985030718,28p.1985,KIRSTY,TY,NN,-13.2,89.4,65,NaN,243,9,243,9,NaN,NaN,NaN,NaN,NaN,NaN,NaN,NaN,NaN,NaN,TY,WN,b,b,NaN,NaN,NaN,NaN,NaN,NaN,
1985030800,28p.1985,KIRSTY,TY,NN,-13.6,88.8,75,NaN,248,8,243,11,NaN,NaN,NaN,NaN,NaN,NaN,NaN,NaN,NaN,NaN,TY,WN,c,c,NaN,NaN,NaN,NaN,NaN,NaN,
1985030806,28p.1985,KIRSTY,TY,NN,-13.6,87.8,85,NaN,256,8,256,8,NaN,NaN,NaN,NaN,NaN,NaN,NaN,NaN,NaN,NaN,TY,WN,b,b,NaN,NaN,NaN,NaN,NaN,NaN,
1985030812,28p.1985,KIRSTY,TY,NN,-13.7,86.9,95,NaN,263,9,267,9,NaN,NaN,NaN,NaN,NaN,NaN,NaN,NaN,NaN,NaN,TY,WN,c,c,NaN,NaN,NaN,NaN,NaN,NaN,
1985030818,28p.1985,KIRSTY,TY,NN,-13.8,86.1,100,NaN,263,8,263,8,NaN,NaN,NaN,NaN,NaN,NaN,NaN,NaN,NaN,NaN,TY,WN,b,b,NaN,NaN,NaN,NaN,NaN,NaN,
1985030900,28p.1985,KIRSTY,TY,NN,-14.1,85.4,105,NaN,262,7,255,8,NaN,NaN,NaN,NaN,NaN,NaN,NaN,NaN,NaN,NaN,TY,WN,c,c,NaN,NaN,NaN,NaN,NaN,NaN,
1985030906,28p.1985,KIRSTY,TY,NN,-14.7,85.2,105,NaN,224,6,224,6,NaN,NaN,NaN,NaN,NaN,NaN,NaN,NaN,NaN,NaN,TY,WN,b,b,NaN,NaN,NaN,NaN,NaN,NaN,
1985030912,28p.1985,KIRSTY,TY,NN,-15.1,85.0,110,NaN,227,6,201,5,NaN,NaN,NaN,NaN,NaN,NaN,NaN,NaN,NaN,NaN,TY,WN,c,c,NaN,NaN,NaN,NaN,NaN,NaN,
1985030918,28p.1985,KIRSTY,TY,NN,-15.9,84.6,110,NaN,206,7,206,7,NaN,NaN,NaN,NaN,NaN,NaN,NaN,NaN,NaN,NaN,TY,WN,b,b,NaN,NaN,NaN,NaN,NaN,NaN,
1985031000,28p.1985,KIRSTY,TY,NN,-16.3,84.6,115,NaN,198,6,198,6,NaN,NaN,NaN,NaN,NaN,NaN,NaN,NaN,NaN,NaN,TY,WN,c,c,NaN,NaN,NaN,NaN,NaN,NaN,
1985031006,28p.1985,KIRSTY,TY,NN,-17.1,84.2,115,NaN,198,6,198,6,NaN,NaN,NaN,NaN,NaN,NaN,NaN,NaN,NaN,NaN,TY,WN,b,b,NaN,NaN,NaN,NaN,NaN,NaN,
1985031012,28p.1985,KIRSTY,TY,NN,-17.4,84.2,115,NaN,191,5,199,6,NaN,NaN,NaN,NaN,NaN,NaN,NaN,NaN,NaN,NaN,TY,WN,c,c,NaN,NaN,NaN,NaN,NaN,NaN,
1985031018,28p.1985,KIRSTY,TY,NN,-18.3,84.3,110,NaN,175,6,175,6,NaN,NaN,NaN,NaN,NaN,NaN,NaN,NaN,NaN,NaN,TY,WN,b,b,NaN,NaN,NaN,NaN,NaN,NaN,
1985031100,28p.1985,KIRSTY,TY,NN,-19.4,85.1,105,NaN,155,9,157,11,NaN,NaN,NaN,NaN,NaN,NaN,NaN,NaN,NaN,NaN,TY,WN,c,c,NaN,NaN,NaN,NaN,NaN,NaN,
1985031106,28p.1985,KIRSTY,TY,NN,-19.3,84.7,100,NaN,159,5,159,5,NaN,NaN,NaN,NaN,NaN,NaN,NaN,NaN,NaN,NaN,TY,WN,b,b,NaN,NaN,NaN,NaN,NaN,NaN,
1985031112,28p.1985,KIRSTY,TY,NN,-19.8,85.0,90,NaN,152,5,193,2,NaN,NaN,NaN,NaN,NaN,NaN,NaN,NaN,NaN,NaN,TY,WN,c,c,NaN,NaN,NaN,NaN,NaN,NaN,
1985031118,28p.1985,KIRSTY,TY,NN,-20.2,85.3,80,NaN,148,5,148,5,NaN,NaN,NaN,NaN,NaN,NaN,NaN,NaN,NaN,NaN,TY,WN,b,b,NaN,NaN,NaN,NaN,NaN,NaN,
1985031200,28p.1985,KIRSTY,TY,NN,-20.6,85.6,75,NaN,145,5,145,5,NaN,NaN,NaN,NaN,NaN,NaN,NaN,NaN,NaN,NaN,TY,WN,c,c,NaN,NaN,NaN,NaN,NaN,NaN,
1985031206,28p.1985,KIRSTY,TY,NN,-21.0,85.9,70,NaN,145,5,145,5,NaN,NaN,NaN,NaN,NaN,NaN,NaN,NaN,NaN,NaN,TY,WN,b,b,NaN,NaN,NaN,NaN,NaN,NaN,
1985031212,28p.1985,KIRSTY,TY,NN,-20.9,86.1,65,NaN,132,4,123,3,NaN,NaN,NaN,NaN,NaN,NaN,NaN,NaN,NaN,NaN,TY,WN,c,c,NaN,NaN,NaN,NaN,NaN,NaN,
1985031218,28p.1985,KIRSTY,TY,NN,-21.8,86.5,60,NaN,145,5,145,5,NaN,NaN,NaN,NaN,NaN,NaN,NaN,NaN,NaN,NaN,TS,WN,b,b,NaN,NaN,NaN,NaN,NaN,NaN,
1985031300,28p.1985,KIRSTY,TY,NN,-22.5,86.9,55,NaN,143,7,155,9,NaN,NaN,NaN,NaN,NaN,NaN,NaN,NaN,NaN,NaN,TS,WN,c,c,NaN,NaN,NaN,NaN,NaN,NaN,
1985031306,28p.1985,KIRSTY,TY,NN,-22.8,87.2,50,NaN,147,6,147,6,NaN,NaN,NaN,NaN,NaN,NaN,NaN,NaN,NaN,NaN,TS,WN,b,b,NaN,NaN,NaN,NaN,NaN,NaN,
1985031312,28p.1985,KIRSTY,TY,NN,-23.8,87.7,50,NaN,145,7,150,7,NaN,NaN,NaN,NaN,NaN,NaN,NaN,NaN,NaN,NaN,TS,WN,c,c,NaN,NaN,NaN,NaN,NaN,NaN,
1985031318,28p.1985,KIRSTY,TY,NN,-23.8,88.4,50,NaN,132,7,132,7,NaN,NaN,NaN,NaN,NaN,NaN,NaN,NaN,NaN,NaN,TS,WN,b,b,NaN,NaN,NaN,NaN,NaN,NaN,
1985031400,28p.1985,KIRSTY,TY,NN,-24.8,88.8,45,NaN,143,8,135,7,NaN,NaN,NaN,NaN,NaN,NaN,NaN,NaN,NaN,NaN,TS,WN,c,c,NaN,NaN,NaN,NaN,NaN,NaN,
1985031406,28p.1985,KIRSTY,TY,NN,-25.0,90.2,45,NaN,126,10,126,10,NaN,NaN,NaN,NaN,NaN,NaN,NaN,NaN,NaN,NaN,TS,WN,b,b,NaN,NaN,NaN,NaN,NaN,NaN,
1985031412,28p.1985,KIRSTY,TY,NN,-25.9,91.7,40,NaN,113,14,113,14,NaN,NaN,NaN,NaN,NaN,NaN,NaN,NaN,NaN,NaN,TS,WN,b,b,NaN,NaN,NaN,NaN,NaN,NaN,
1985030806,29s.1985,LINDSAY,TS,NN,-11.9,117.7,35,NaN,180,1,136,10,NaN,NaN,NaN,NaN,NaN,NaN,NaN,NaN,NaN,NaN,TS,WN,c,c,NaN,NaN,NaN,NaN,NaN,NaN,
1985030812,29s.1985,LINDSAY,TS,NN,-12.8,118.5,40,NaN,136,10,136,10,NaN,NaN,NaN,NaN,NaN,NaN,NaN,NaN,NaN,NaN,TS,WN,b,b,NaN,NaN,NaN,NaN,NaN,NaN,
1985030818,29s.1985,LINDSAY,TS,NN,-13.4,119.2,45,NaN,132,10,136,10,NaN,NaN,NaN,NaN,NaN,NaN,NaN,NaN,NaN,NaN,TS,WN,c,c,NaN,NaN,NaN,NaN,NaN,NaN,
1985030900,29s.1985,LINDSAY,TS,NN,-14.4,119.9,50,NaN,140,11,140,11,NaN,NaN,NaN,NaN,NaN,NaN,NaN,NaN,NaN,NaN,TS,WN,b,b,NaN,NaN,NaN,NaN,NaN,NaN,
1985030906,29s.1985,LINDSAY,TS,NN,-16.1,120.6,55,NaN,157,15,153,15,NaN,NaN,NaN,NaN,NaN,NaN,NaN,NaN,NaN,NaN,TS,WN,c,c,NaN,NaN,NaN,NaN,NaN,NaN,
1985030912,29s.1985,LINDSAY,TS,NN,-16.8,121.1,55,NaN,154,13,154,13,NaN,NaN,NaN,NaN,NaN,NaN,NaN,NaN,NaN,NaN,TS,WN,b,b,NaN,NaN,NaN,NaN,NaN,NaN,
1985030918,29s.1985,LINDSAY,TS,NN,-18.1,121.7,55,NaN,152,11,152,11,NaN,NaN,NaN,NaN,NaN,NaN,NaN,NaN,NaN,NaN,TS,WN,b,b,NaN,NaN,0.01,NaN,NaN,NaN,
1985031000,29s.1985,LINDSAY,TS,NN,-19.1,122.5,50,NaN,150,13,150,13,NaN,NaN,NaN,NaN,NaN,NaN,NaN,NaN,NaN,NaN,TS,WN,b,b,NaN,NaN,0.99,NaN,NaN,NaN,
1985031006,29s.1985,LINDSAY,TS,NN,-20.0,123.5,45,NaN,138,13,138,13,NaN,NaN,NaN,NaN,NaN,NaN,NaN,NaN,NaN,NaN,TS,WN,b,b,NaN,NaN,1.00,NaN,NaN,NaN,
1985031200,s30.1985,9X-S30,STY,NN,-14.6,170.4,25,NaN,265,12,265,12,NaN,NaN,NaN,NaN,NaN,NaN,NaN,NaN,NaN,NaN,TD,NW,b,b,NaN,NaN,NaN,NaN,NaN,NaN,
1985031206,s30.1985,9X-S30,STY,NN,-14.9,169.1,25,NaN,265,12,265,12,NaN,NaN,NaN,NaN,NaN,NaN,NaN,NaN,NaN,NaN,TD,NW,b,b,NaN,NaN,NaN,NaN,NaN,NaN,
1985031212,s30.1985,9X-S30,STY,NN,-14.8,167.9,30,NaN,265,12,265,12,NaN,NaN,NaN,NaN,NaN,NaN,NaN,NaN,NaN,NaN,TD,NW,b,b,NaN,NaN,0.06,NaN,NaN,NaN,
1985031218,s30.1985,9X-S30,STY,NN,-14.4,166.9,35,NaN,283,11,283,11,NaN,NaN,NaN,NaN,NaN,NaN,NaN,NaN,NaN,NaN,TS,NW,b,b,NaN,NaN,0.08,NaN,NaN,NaN,
1985031300,30s.1985,HINA,STY,NN,-14.0,166.0,40,NaN,287,12,293,10,NaN,NaN,NaN,NaN,NaN,NaN,NaN,NaN,NaN,NaN,TS,WN,c,c,NaN,NaN,NaN,NaN,NaN,NaN,
1985031306,30s.1985,HINA,STY,NN,-13.6,165.5,45,NaN,300,8,300,8,NaN,NaN,NaN,NaN,NaN,NaN,NaN,NaN,NaN,NaN,TS,WN,b,b,NaN,NaN,NaN,NaN,NaN,NaN,
1985031312,30s.1985,HINA,STY,NN,-13.0,164.7,50,NaN,318,9,308,8,NaN,NaN,NaN,NaN,NaN,NaN,NaN,NaN,NaN,NaN,TS,WN,c,c,NaN,NaN,NaN,NaN,NaN,NaN,
1985031318,30s.1985,HINA,STY,NN,-12.8,164.6,55,NaN,312,6,312,6,NaN,NaN,NaN,NaN,NaN,NaN,NaN,NaN,NaN,NaN,TS,WN,b,b,NaN,NaN,NaN,NaN,NaN,NaN,
1985031400,30s.1985,HINA,STY,NN,-12.7,164.8,60,NaN,329,5,18,2,NaN,NaN,NaN,NaN,NaN,NaN,NaN,NaN,NaN,NaN,TS,WN,c,c,NaN,NaN,NaN,NaN,NaN,NaN,
1985031406,30s.1985,HINA,STY,NN,-12.0,165.2,70,NaN,36,5,36,5,NaN,NaN,NaN,NaN,NaN,NaN,NaN,NaN,NaN,NaN,TY,WN,b,b,NaN,NaN,NaN,NaN,NaN,NaN,
1985031412,30s.1985,HINA,STY,NN,-11.6,166.0,80,NaN,53,7,47,8,NaN,NaN,NaN,NaN,NaN,NaN,NaN,NaN,NaN,NaN,TY,WN,c,c,NaN,NaN,NaN,NaN,NaN,NaN,
1985031418,30s.1985,HINA,STY,NN,-11.7,166.6,90,NaN,78,7,78,7,NaN,NaN,NaN,NaN,NaN,NaN,NaN,NaN,NaN,NaN,TY,WN,b,b,NaN,NaN,0.02,NaN,NaN,NaN,
1985031500,30s.1985,HINA,STY,NN,-12.2,167.4,100,NaN,102,7,114,7,NaN,NaN,NaN,NaN,NaN,NaN,NaN,NaN,NaN,NaN,TY,WN,c,c,NaN,NaN,NaN,NaN,NaN,NaN,
1985031506,30s.1985,HINA,STY,NN,-12.3,168.2,110,NaN,111,8,111,8,NaN,NaN,NaN,NaN,NaN,NaN,NaN,NaN,NaN,NaN,TY,WN,b,b,NaN,NaN,NaN,NaN,NaN,NaN,
1985031512,30s.1985,HINA,STY,NN,-12.8,169.3,120,NaN,107,10,108,10,NaN,NaN,NaN,NaN,NaN,NaN,NaN,NaN,NaN,NaN,TY,WN,c,c,NaN,NaN,NaN,NaN,NaN,NaN,
1985031518,30s.1985,HINA,STY,NN,-13.4,170.8,125,NaN,113,14,113,14,NaN,NaN,NaN,NaN,NaN,NaN,NaN,NaN,NaN,NaN,TY,WN,b,b,NaN,NaN,NaN,NaN,NaN,NaN,
1985031600,30s.1985,HINA,STY,NN,-14.2,172.3,130,NaN,117,15,116,16,NaN,NaN,NaN,NaN,NaN,NaN,NaN,NaN,NaN,NaN,STY,WN,c,c,NaN,NaN,NaN,NaN,NaN,NaN,
1985031606,30s.1985,HINA,STY,NN,-15.2,173.7,135,NaN,123,17,123,17,NaN,NaN,NaN,NaN,NaN,NaN,NaN,NaN,NaN,NaN,STY,WN,b,b,NaN,NaN,NaN,NaN,NaN,NaN,
1985031612,30s.1985,HINA,STY,NN,-16.5,171.0,135,NaN,117,22,209,13,NaN,NaN,NaN,NaN,NaN,NaN,NaN,NaN,NaN,NaN,STY,WN,c,c,NaN,NaN,NaN,NaN,NaN,NaN,
1985031618,30s.1985,HINA,STY,NN,-17.5,176.2,125,NaN,134,17,134,17,NaN,NaN,NaN,NaN,NaN,NaN,NaN,NaN,NaN,NaN,TY,WN,b,b,NaN,NaN,NaN,NaN,NaN,NaN,
1985031700,30s.1985,HINA,STY,NN,-19.3,177.0,110,NaN,142,18,116,32,NaN,NaN,NaN,NaN,NaN,NaN,NaN,NaN,NaN,NaN,TY,WN,c,c,NaN,NaN,NaN,NaN,NaN,NaN,
1985031706,30s.1985,HINA,STY,NN,-21.6,178.3,100,NaN,154,23,154,23,NaN,NaN,NaN,NaN,NaN,NaN,NaN,NaN,NaN,NaN,TY,WN,b,b,NaN,NaN,NaN,NaN,NaN,NaN,
1985031712,30s.1985,HINA,STY,NN,-24.1,179.3,90,NaN,156,26,156,26,NaN,NaN,NaN,NaN,NaN,NaN,NaN,NaN,NaN,NaN,TY,WN,b,b,NaN,NaN,NaN,NaN,NaN,NaN,
1985031718,30s.1985,HINA,STY,NN,-26.7,180.3,80,NaN,160,27,160,27,NaN,NaN,NaN,NaN,NaN,NaN,NaN,NaN,NaN,NaN,TY,WN,b,b,NaN,NaN,NaN,NaN,NaN,NaN,
1985031800,30s.1985,HINA,STY,NN,-29.1,181.3,70,NaN,160,27,160,27,NaN,NaN,NaN,NaN,NaN,NaN,NaN,NaN,NaN,NaN,TY,WN,b,b,NaN,NaN,NaN,NaN,NaN,NaN,
1985031806,30s.1985,HINA,STY,NN,-30.9,182.7,60,NaN,153,23,153,23,NaN,NaN,NaN,NaN,NaN,NaN,NaN,NaN,NaN,NaN,TS,WN,b,b,NaN,NaN,NaN,NaN,NaN,NaN,
1985031812,30s.1985,HINA,STY,NN,-32.4,184.5,50,NaN,140,21,140,21,NaN,NaN,NaN,NaN,NaN,NaN,NaN,NaN,NaN,NaN,TS,WN,b,b,NaN,NaN,NaN,NaN,NaN,NaN,
1985031818,30s.1985,HINA,STY,NN,-34.0,186.4,40,NaN,135,22,135,22,NaN,NaN,NaN,NaN,NaN,NaN,NaN,NaN,NaN,NaN,TS,WN,b,b,NaN,NaN,NaN,NaN,NaN,NaN,
1985031900,30s.1985,HINA,STY,NN,-35.6,188.4,35,NaN,135,23,135,23,NaN,NaN,NaN,NaN,NaN,NaN,NaN,NaN,NaN,NaN,TS,WN,b,b,NaN,NaN,NaN,NaN,NaN,NaN,
1985031906,p31.1985,9X-P31,TY,NN,-13.6,138.3,25,NaN,117,4,117,4,NaN,NaN,NaN,NaN,NaN,NaN,NaN,NaN,NaN,NaN,TD,NW,b,b,NaN,NaN,NaN,NaN,NaN,NaN,
1985031912,p31.1985,9X-P31,TY,NN,-13.8,138.7,25,NaN,117,4,117,4,NaN,NaN,NaN,NaN,NaN,NaN,NaN,NaN,NaN,NaN,TD,NW,b,b,NaN,NaN,NaN,NaN,NaN,NaN,
1985031918,p31.1985,9X-P31,TY,NN,-14.0,139.1,30,NaN,117,4,117,4,NaN,NaN,NaN,NaN,NaN,NaN,NaN,NaN,NaN,NaN,TD,NW,b,b,NaN,NaN,NaN,NaN,NaN,NaN,
1985032000,p31.1985,9X-P31,TY,NN,-14.1,139.5,35,NaN,111,4,111,4,NaN,NaN,NaN,NaN,NaN,NaN,NaN,NaN,NaN,NaN,TS,NW,b,b,NaN,NaN,NaN,NaN,NaN,NaN,
1985032006,31p.1985,SANDY,TY,NN,-14.1,140.1,40,NaN,104,4,96,5,NaN,NaN,NaN,NaN,NaN,NaN,NaN,NaN,NaN,NaN,TS,WN,c,c,NaN,NaN,NaN,NaN,NaN,NaN,
1985032012,31p.1985,SANDY,TY,NN,-13.9,139.8,45,NaN,56,2,56,2,NaN,NaN,NaN,NaN,NaN,NaN,NaN,NaN,NaN,NaN,TS,WN,b,b,NaN,NaN,NaN,NaN,NaN,NaN,
1985032018,31p.1985,SANDY,TY,NN,-13.9,139.6,50,NaN,316,3,292,3,NaN,NaN,NaN,NaN,NaN,NaN,NaN,NaN,NaN,NaN,TS,WN,c,c,NaN,NaN,NaN,NaN,NaN,NaN,
1985032100,31p.1985,SANDY,TY,NN,-13.6,139.2,55,NaN,297,3,297,3,NaN,NaN,NaN,NaN,NaN,NaN,NaN,NaN,NaN,NaN,TS,WN,b,b,NaN,NaN,NaN,NaN,NaN,NaN,
1985032106,31p.1985,SANDY,TY,NN,-13.5,139.0,60,NaN,292,5,304,4,NaN,NaN,NaN,NaN,NaN,NaN,NaN,NaN,NaN,NaN,TS,WN,c,c,NaN,NaN,NaN,NaN,NaN,NaN,
1985032112,31p.1985,SANDY,TY,NN,-13.4,138.7,65,NaN,292,3,292,3,NaN,NaN,NaN,NaN,NaN,NaN,NaN,NaN,NaN,NaN,TY,WN,b,b,NaN,NaN,NaN,NaN,NaN,NaN,
1985032118,31p.1985,SANDY,TY,NN,-13.5,138.9,75,NaN,292,3,270,0,NaN,NaN,NaN,NaN,NaN,NaN,NaN,NaN,NaN,NaN,TY,WN,c,c,NaN,NaN,NaN,NaN,NaN,NaN,
1985032200,31p.1985,SANDY,TY,NN,-13.2,138.7,80,NaN,360,1,360,1,NaN,NaN,NaN,NaN,NaN,NaN,NaN,NaN,NaN,NaN,TY,WN,b,b,NaN,NaN,NaN,NaN,NaN,NaN,
1985032206,31p.1985,SANDY,TY,NN,-13.5,138.9,90,NaN,76,2,360,0,NaN,NaN,NaN,NaN,NaN,NaN,NaN,NaN,NaN,NaN,TY,WN,c,c,NaN,NaN,NaN,NaN,NaN,NaN,
1985032212,31p.1985,SANDY,TY,NN,-13.9,138.9,95,NaN,164,4,164,4,NaN,NaN,NaN,NaN,NaN,NaN,NaN,NaN,NaN,NaN,TY,WN,b,b,NaN,NaN,NaN,NaN,NaN,NaN,
1985032218,31p.1985,SANDY,TY,NN,-14.5,138.9,105,NaN,180,5,180,5,NaN,NaN,NaN,NaN,NaN,NaN,NaN,NaN,NaN,NaN,TY,WN,c,c,NaN,NaN,NaN,NaN,NaN,NaN,
1985032300,31p.1985,SANDY,TY,NN,-14.8,138.8,115,NaN,186,5,186,5,NaN,NaN,NaN,NaN,NaN,NaN,NaN,NaN,NaN,NaN,TY,WN,b,b,NaN,NaN,NaN,NaN,NaN,NaN,
1985032306,31p.1985,SANDY,TY,NN,-15.2,138.5,120,NaN,215,4,209,4,NaN,NaN,NaN,NaN,NaN,NaN,NaN,NaN,NaN,NaN,TY,WN,c,c,NaN,NaN,NaN,NaN,NaN,NaN,
1985032312,31p.1985,SANDY,TY,NN,-15.3,138.0,115,NaN,237,5,237,5,NaN,NaN,NaN,NaN,NaN,NaN,NaN,NaN,NaN,NaN,TY,WN,b,b,NaN,NaN,NaN,NaN,NaN,NaN,
1985032318,31p.1985,SANDY,TY,NN,-15.5,137.5,110,NaN,247,5,253,5,NaN,NaN,NaN,NaN,NaN,NaN,NaN,NaN,NaN,NaN,TY,WN,c,c,NaN,NaN,0.02,NaN,NaN,NaN,
1985032400,31p.1985,SANDY,TY,NN,-15.3,137.0,105,NaN,270,5,270,5,NaN,NaN,NaN,NaN,NaN,NaN,NaN,NaN,NaN,NaN,TY,WN,b,b,NaN,NaN,0.11,NaN,NaN,NaN,
1985032406,31p.1985,SANDY,TY,NN,-15.4,136.5,100,NaN,270,5,276,5,NaN,NaN,NaN,NaN,NaN,NaN,NaN,NaN,NaN,NaN,TY,WN,c,c,NaN,NaN,0.34,NaN,NaN,NaN,
1985032412,31p.1985,SANDY,TY,NN,-15.1,136.0,85,NaN,282,5,282,5,NaN,NaN,NaN,NaN,NaN,NaN,NaN,NaN,NaN,NaN,TY,WN,b,b,NaN,NaN,0.22,NaN,NaN,NaN,
1985032418,31p.1985,SANDY,TY,NN,-14.9,135.5,70,NaN,297,5,297,5,NaN,NaN,NaN,NaN,NaN,NaN,NaN,NaN,NaN,NaN,TY,WN,b,b,NaN,NaN,0.64,NaN,NaN,NaN,
1985032500,31p.1985,SANDY,TY,NN,-14.8,135.0,60,NaN,287,5,287,5,NaN,NaN,NaN,NaN,NaN,NaN,NaN,NaN,NaN,NaN,TS,WN,b,b,NaN,NaN,0.94,NaN,NaN,NaN,
1985032506,31p.1985,SANDY,TY,NN,-14.6,134.6,50,NaN,289,5,289,5,NaN,NaN,NaN,NaN,NaN,NaN,NaN,NaN,NaN,NaN,TS,WN,b,b,NaN,NaN,0.99,NaN,NaN,NaN,
1985032512,31p.1985,SANDY,TY,NN,-14.5,134.1,40,NaN,289,5,289,5,NaN,NaN,NaN,NaN,NaN,NaN,NaN,NaN,NaN,NaN,TS,WN,b,b,NaN,NaN,0.99,NaN,NaN,NaN,
1985032518,31p.1985,SANDY,TY,NN,-14.3,133.6,30,NaN,287,5,287,5,NaN,NaN,NaN,NaN,NaN,NaN,NaN,NaN,NaN,NaN,TD,WN,b,b,NaN,NaN,1.00,NaN,NaN,NaN,
1985032600,31p.1985,SANDY,TY,NN,-14.2,133.2,25,NaN,289,5,289,5,NaN,NaN,NaN,NaN,NaN,NaN,NaN,NaN,NaN,NaN,TD,NW,b,b,NaN,NaN,1.00,NaN,NaN,NaN,
1985032606,31p.1985,SANDY,TY,NN,-14.0,132.8,20,NaN,291,4,291,4,NaN,NaN,NaN,NaN,NaN,NaN,NaN,NaN,NaN,NaN,NT,NW,b,b,NaN,NaN,1.00,NaN,NaN,NaN,
1985032612,31p.1985,SANDY,TY,NN,-13.9,132.4,20,NaN,291,4,291,4,NaN,NaN,NaN,NaN,NaN,NaN,NaN,NaN,NaN,NaN,NT,NW,b,b,NaN,NaN,1.00,NaN,NaN,NaN,
1985032618,31p.1985,SANDY,TY,NN,-13.8,132.0,15,NaN,284,4,284,4,NaN,NaN,NaN,NaN,NaN,NaN,NaN,NaN,NaN,NaN,NT,NW,b,b,NaN,NaN,1.00,NaN,NaN,NaN,
1985032700,31p.1985,SANDY,TY,NN,-13.7,131.6,15,NaN,284,4,284,4,NaN,NaN,NaN,NaN,NaN,NaN,NaN,NaN,NaN,NaN,NT,NW,b,b,NaN,NaN,1.00,NaN,NaN,NaN,
1985032706,31p.1985,SANDY,TY,NN,-13.6,131.2,15,NaN,284,4,284,4,NaN,NaN,NaN,NaN,NaN,NaN,NaN,NaN,NaN,NaN,NT,NW,b,b,NaN,NaN,0.99,NaN,NaN,NaN,
1985032712,31p.1985,SANDY,TY,NN,-13.6,130.8,15,NaN,277,4,277,4,NaN,NaN,NaN,NaN,NaN,NaN,NaN,NaN,NaN,NaN,NT,NW,b,b,NaN,NaN,0.99,NaN,NaN,NaN,
1985032718,31p.1985,SANDY,TY,NN,-13.5,130.4,15,NaN,277,4,277,4,NaN,NaN,NaN,NaN,NaN,NaN,NaN,NaN,NaN,NaN,NT,NW,b,b,NaN,NaN,0.88,NaN,NaN,NaN,
1985032800,31p.1985,SANDY,TY,NN,-13.5,130.0,15,NaN,277,4,277,4,NaN,NaN,NaN,NaN,NaN,NaN,NaN,NaN,NaN,NaN,NT,NW,b,b,NaN,NaN,0.50,NaN,NaN,NaN,
1985032806,31p.1985,SANDY,TY,NN,-13.5,129.5,15,NaN,270,4,270,4,NaN,NaN,NaN,NaN,NaN,NaN,NaN,NaN,NaN,NaN,NT,NW,b,b,NaN,NaN,0.10,NaN,NaN,NaN,
1985032812,31p.1985,SANDY,TY,NN,-13.6,129.1,15,NaN,263,4,263,4,NaN,NaN,NaN,NaN,NaN,NaN,NaN,NaN,NaN,NaN,NT,NW,b,b,NaN,NaN,NaN,NaN,NaN,NaN,
1985032818,31p.1985,SANDY,TY,NN,-13.6,128.6,15,NaN,263,4,263,4,NaN,NaN,NaN,NaN,NaN,NaN,NaN,NaN,NaN,NaN,NT,NW,b,b,NaN,NaN,NaN,NaN,NaN,NaN,
1985032900,31p.1985,SANDY,TY,NN,-13.6,128.1,15,NaN,270,5,270,5,NaN,NaN,NaN,NaN,NaN,NaN,NaN,NaN,NaN,NaN,NT,NW,b,b,NaN,NaN,NaN,NaN,NaN,NaN,
1985032906,31p.1985,SANDY,TY,NN,-13.7,127.6,15,NaN,264,5,264,5,NaN,NaN,NaN,NaN,NaN,NaN,NaN,NaN,NaN,NaN,NT,NW,b,b,NaN,NaN,0.04,NaN,NaN,NaN,
1985032912,31p.1985,SANDY,TY,NN,-13.7,127.1,15,NaN,264,5,264,5,NaN,NaN,NaN,NaN,NaN,NaN,NaN,NaN,NaN,NaN,NT,NW,b,b,NaN,NaN,0.09,NaN,NaN,NaN,
1985032918,31p.1985,SANDY,TY,NN,-13.7,126.5,15,NaN,270,5,270,5,NaN,NaN,NaN,NaN,NaN,NaN,NaN,NaN,NaN,NaN,NT,NW,b,b,NaN,NaN,0.06,NaN,NaN,NaN,
1985033000,31p.1985,SANDY,TY,NN,-13.8,126.0,15,NaN,265,5,265,5,NaN,NaN,NaN,NaN,NaN,NaN,NaN,NaN,NaN,NaN,NT,NW,b,b,NaN,NaN,0.23,NaN,NaN,NaN,
1985033006,31p.1985,SANDY,TY,NN,-13.8,125.3,15,NaN,265,6,265,6,NaN,NaN,NaN,NaN,NaN,NaN,NaN,NaN,NaN,NaN,NT,NW,b,b,NaN,NaN,0.04,NaN,NaN,NaN,
1985033012,31p.1985,SANDY,TY,NN,-13.9,124.7,20,NaN,265,6,265,6,NaN,NaN,NaN,NaN,NaN,NaN,NaN,NaN,NaN,NaN,NT,NW,b,b,NaN,NaN,NaN,NaN,NaN,NaN,
1985033018,31p.1985,SANDY,TY,NN,-13.9,124.0,20,NaN,265,6,265,6,NaN,NaN,NaN,NaN,NaN,NaN,NaN,NaN,NaN,NaN,NT,NW,b,b,NaN,NaN,NaN,NaN,NaN,NaN,
1985033100,31p.1985,SANDY,TY,NN,-14.0,122.8,25,NaN,267,9,267,9,NaN,NaN,NaN,NaN,NaN,NaN,NaN,NaN,NaN,NaN,TD,NW,b,b,NaN,NaN,NaN,NaN,NaN,NaN,
1985033106,31p.1985,SANDY,TY,NN,-14.1,121.1,25,NaN,266,14,266,14,NaN,NaN,NaN,NaN,NaN,NaN,NaN,NaN,NaN,NaN,TD,NW,b,b,NaN,NaN,NaN,NaN,NaN,NaN,
1985033112,31p.1985,SANDY,TY,NN,-14.5,119.3,25,NaN,262,17,262,17,NaN,NaN,NaN,NaN,NaN,NaN,NaN,NaN,NaN,NaN,TD,NW,b,b,NaN,NaN,NaN,NaN,NaN,NaN,
1985033118,31p.1985,SANDY,TY,NN,-15.0,117.6,25,NaN,255,18,255,18,NaN,NaN,NaN,NaN,NaN,NaN,NaN,NaN,NaN,NaN,TD,NW,b,b,NaN,NaN,NaN,NaN,NaN,NaN,
1985040100,31p.1985,SANDY,TY,NN,-15.2,116.0,25,NaN,258,16,258,16,NaN,NaN,NaN,NaN,NaN,NaN,NaN,NaN,NaN,NaN,TD,NW,b,b,NaN,NaN,NaN,NaN,NaN,NaN,
1985040106,31p.1985,SANDY,TY,NN,-15.4,114.5,25,NaN,262,15,262,15,NaN,NaN,NaN,NaN,NaN,NaN,NaN,NaN,NaN,NaN,TD,NW,b,b,NaN,NaN,NaN,NaN,NaN,NaN,
1985040112,31p.1985,SANDY,TY,NN,-15.5,113.3,25,NaN,263,13,263,13,NaN,NaN,NaN,NaN,NaN,NaN,NaN,NaN,NaN,NaN,TD,NW,b,b,NaN,NaN,NaN,NaN,NaN,NaN,
1985040118,31p.1985,SANDY,TY,NN,-15.5,112.4,30,NaN,267,10,267,10,NaN,NaN,NaN,NaN,NaN,NaN,NaN,NaN,NaN,NaN,TD,NW,b,b,NaN,NaN,NaN,NaN,NaN,NaN,
1985040200,31p.1985,SANDY,TY,NN,-15.5,111.8,30,NaN,270,7,270,7,NaN,NaN,NaN,NaN,NaN,NaN,NaN,NaN,NaN,NaN,TD,NW,b,b,NaN,NaN,NaN,NaN,NaN,NaN,
1985040206,31p.1985,SANDY,TY,NN,-15.5,111.2,30,NaN,270,6,270,6,NaN,NaN,NaN,NaN,NaN,NaN,NaN,NaN,NaN,NaN,TD,NW,b,b,NaN,NaN,NaN,NaN,NaN,NaN,
1985040212,31p.1985,SANDY,TY,NN,-15.5,110.4,30,NaN,270,7,270,7,NaN,NaN,NaN,NaN,NaN,NaN,NaN,NaN,NaN,NaN,TD,NW,b,b,NaN,NaN,NaN,NaN,NaN,NaN,
1985040218,31p.1985,SANDY,TY,NN,-15.5,109.5,30,NaN,270,8,270,8,NaN,NaN,NaN,NaN,NaN,NaN,NaN,NaN,NaN,NaN,TD,NW,b,b,NaN,NaN,NaN,NaN,NaN,NaN,
1985040300,31p.1985,SANDY,TY,NN,-15.4,108.5,30,NaN,273,9,273,9,NaN,NaN,NaN,NaN,NaN,NaN,NaN,NaN,NaN,NaN,TD,NW,b,b,NaN,NaN,NaN,NaN,NaN,NaN,
1985040306,31p.1985,SANDY,TY,NN,-15.3,107.4,25,NaN,276,10,276,10,NaN,NaN,NaN,NaN,NaN,NaN,NaN,NaN,NaN,NaN,TD,NW,b,b,NaN,NaN,NaN,NaN,NaN,NaN,
1985040312,31p.1985,SANDY,TY,NN,-15.2,106.1,25,NaN,275,12,275,12,NaN,NaN,NaN,NaN,NaN,NaN,NaN,NaN,NaN,NaN,TD,NW,b,b,NaN,NaN,NaN,NaN,NaN,NaN,
1985040318,31p.1985,SANDY,TY,NN,-15.1,104.5,25,NaN,274,14,274,14,NaN,NaN,NaN,NaN,NaN,NaN,NaN,NaN,NaN,NaN,TD,NW,b,b,NaN,NaN,NaN,NaN,NaN,NaN,
1985032812,p32.1985,9X-P32,TS,NN,-13.3,150.4,25,NaN,265,6,265,6,NaN,NaN,NaN,NaN,NaN,NaN,NaN,NaN,NaN,NaN,TD,NW,b,b,NaN,NaN,NaN,NaN,NaN,NaN,
1985032818,p32.1985,9X-P32,TS,NN,-13.5,149.9,30,NaN,265,6,265,6,NaN,NaN,NaN,NaN,NaN,NaN,NaN,NaN,NaN,NaN,TD,NW,b,b,NaN,NaN,NaN,NaN,NaN,NaN,
1985032900,32p.1985,TANYA,TS,NN,-13.4,149.1,35,NaN,263,8,265,6,NaN,NaN,NaN,NaN,NaN,NaN,NaN,NaN,NaN,NaN,TS,WN,c,c,NaN,NaN,NaN,NaN,NaN,NaN,
1985032906,32p.1985,TANYA,TS,NN,-13.7,148.8,40,NaN,259,5,259,5,NaN,NaN,NaN,NaN,NaN,NaN,NaN,NaN,NaN,NaN,TS,WN,b,b,NaN,NaN,NaN,NaN,NaN,NaN,
1985032912,32p.1985,TANYA,TS,NN,-13.6,148.3,45,NaN,265,6,256,4,NaN,NaN,NaN,NaN,NaN,NaN,NaN,NaN,NaN,NaN,TS,WN,c,c,NaN,NaN,NaN,NaN,NaN,NaN,
1985032918,32p.1985,TANYA,TS,NN,-13.7,147.8,50,NaN,270,5,270,5,NaN,NaN,NaN,NaN,NaN,NaN,NaN,NaN,NaN,NaN,TS,WN,b,b,NaN,NaN,NaN,NaN,NaN,NaN,
1985033000,32p.1985,TANYA,TS,NN,-13.8,147.1,55,NaN,265,6,260,6,NaN,NaN,NaN,NaN,NaN,NaN,NaN,NaN,NaN,NaN,TS,WN,c,c,NaN,NaN,NaN,NaN,NaN,NaN,
1985033006,32p.1985,TANYA,TS,NN,-13.7,146.8,60,NaN,270,5,270,5,NaN,NaN,NaN,NaN,NaN,NaN,NaN,NaN,NaN,NaN,TS,WN,b,b,NaN,NaN,NaN,NaN,NaN,NaN,
1985033012,32p.1985,TANYA,TS,NN,-13.9,146.0,60,NaN,264,5,265,5,NaN,NaN,NaN,NaN,NaN,NaN,NaN,NaN,NaN,NaN,TS,WN,c,c,NaN,NaN,NaN,NaN,NaN,NaN,
1985033018,32p.1985,TANYA,TS,NN,-13.7,145.8,60,NaN,270,5,270,5,NaN,NaN,NaN,NaN,NaN,NaN,NaN,NaN,NaN,NaN,TS,WN,b,b,NaN,NaN,NaN,NaN,NaN,NaN,
1985033100,32p.1985,TANYA,TS,NN,-13.9,145.3,60,NaN,270,3,270,3,NaN,NaN,NaN,NaN,NaN,NaN,NaN,NaN,NaN,NaN,TS,WN,c,c,NaN,NaN,NaN,NaN,NaN,NaN,
1985033106,32p.1985,TANYA,TS,NN,-13.7,144.8,60,NaN,270,5,270,5,NaN,NaN,NaN,NaN,NaN,NaN,NaN,NaN,NaN,NaN,TS,WN,b,b,NaN,NaN,NaN,NaN,NaN,NaN,
1985033112,32p.1985,TANYA,TS,NN,-13.9,144.3,55,NaN,270,4,270,5,NaN,NaN,NaN,NaN,NaN,NaN,NaN,NaN,NaN,NaN,TS,WN,c,c,NaN,NaN,0.12,NaN,NaN,NaN,
1985033118,32p.1985,TANYA,TS,NN,-13.7,143.8,50,NaN,270,5,270,5,NaN,NaN,NaN,NaN,NaN,NaN,NaN,NaN,NaN,NaN,TS,WN,b,b,NaN,NaN,0.04,NaN,NaN,NaN,
1985040100,32p.1985,TANYA,TS,NN,-13.9,143.3,45,NaN,270,5,270,5,NaN,NaN,NaN,NaN,NaN,NaN,NaN,NaN,NaN,NaN,TS,WN,c,c,NaN,NaN,0.65,NaN,NaN,NaN,
1985040106,32p.1985,TANYA,TS,NN,-14.1,142.9,40,NaN,245,5,245,5,NaN,NaN,NaN,NaN,NaN,NaN,NaN,NaN,NaN,NaN,TS,WN,b,b,NaN,NaN,1.00,NaN,NaN,NaN,
1985040112,32p.1985,TANYA,TS,NN,-14.0,142.3,30,NaN,264,5,264,5,NaN,NaN,NaN,NaN,NaN,NaN,NaN,NaN,NaN,NaN,TD,WN,c,c,NaN,NaN,0.99,NaN,NaN,NaN,
1985040118,32p.1985,TANYA,TS,NN,-14.5,142.2,25,NaN,239,4,239,4,NaN,NaN,NaN,NaN,NaN,NaN,NaN,NaN,NaN,NaN,TD,WN,b,b,NaN,NaN,0.91,NaN,NaN,NaN,
1985040200,32p.1985,TANYA,TS,NN,-13.9,142.1,20,NaN,260,6,297,1,NaN,NaN,NaN,NaN,NaN,NaN,NaN,NaN,NaN,NaN,NT,WN,c,c,NaN,NaN,0.94,NaN,NaN,NaN,
1985040206,32p.1985,TANYA,TS,NN,-14.9,141.3,20,NaN,245,5,245,5,NaN,NaN,NaN,NaN,NaN,NaN,NaN,NaN,NaN,NaN,NT,WN,b,b,NaN,NaN,0.41,NaN,NaN,NaN,
1985040212,32p.1985,TANYA,TS,NN,-14.9,140.8,20,NaN,232,8,232,8,NaN,NaN,NaN,NaN,NaN,NaN,NaN,NaN,NaN,NaN,NT,WN,b,b,NaN,NaN,NaN,NaN,NaN,NaN,
1985040218,32p.1985,TANYA,TS,NN,-14.7,140.2,25,NaN,281,5,281,5,NaN,NaN,NaN,NaN,NaN,NaN,NaN,NaN,NaN,NaN,TD,NW,b,b,NaN,NaN,NaN,NaN,NaN,NaN,
1985040300,32p.1985,TANYA,TS,NN,-14.4,139.6,25,NaN,293,6,293,6,NaN,NaN,NaN,NaN,NaN,NaN,NaN,NaN,NaN,NaN,TD,NW,b,b,NaN,NaN,NaN,NaN,NaN,NaN,
1985040306,32p.1985,TANYA,TS,NN,-14.0,139.1,25,NaN,303,6,303,6,NaN,NaN,NaN,NaN,NaN,NaN,NaN,NaN,NaN,NaN,TD,NW,b,b,NaN,NaN,NaN,NaN,NaN,NaN,
1985040312,32p.1985,TANYA,TS,NN,-13.7,138.7,25,NaN,309,6,309,6,NaN,NaN,NaN,NaN,NaN,NaN,NaN,NaN,NaN,NaN,TD,NW,b,b,NaN,NaN,NaN,NaN,NaN,NaN,
1985040318,32p.1985,TANYA,TS,NN,-13.4,138.0,25,NaN,299,6,299,6,NaN,NaN,NaN,NaN,NaN,NaN,NaN,NaN,NaN,NaN,TD,NW,b,b,NaN,NaN,NaN,NaN,NaN,NaN,
1985040400,32p.1985,TANYA,TS,NN,-13.2,137.2,25,NaN,289,8,289,8,NaN,NaN,NaN,NaN,NaN,NaN,NaN,NaN,NaN,NaN,TD,NW,b,b,NaN,NaN,0.07,NaN,NaN,NaN,
1985040406,32p.1985,TANYA,TS,NN,-13.1,136.2,25,NaN,280,9,280,9,NaN,NaN,NaN,NaN,NaN,NaN,NaN,NaN,NaN,NaN,TD,NW,b,b,NaN,NaN,0.81,NaN,NaN,NaN,
1985040412,32p.1985,TANYA,TS,NN,-13.2,135.1,20,NaN,270,10,270,10,NaN,NaN,NaN,NaN,NaN,NaN,NaN,NaN,NaN,NaN,NT,NW,b,b,NaN,NaN,0.98,NaN,NaN,NaN,
1985041012,p33.1985,9X-P33,TY,NN,-11.4,72.8,25,NaN,256,8,256,8,NaN,NaN,NaN,NaN,NaN,NaN,NaN,NaN,NaN,NaN,TD,NW,b,b,NaN,NaN,NaN,NaN,NaN,NaN,
1985041018,p33.1985,9X-P33,TY,NN,-11.5,72.0,30,NaN,256,8,256,8,NaN,NaN,NaN,NaN,NaN,NaN,NaN,NaN,NaN,NaN,TD,NW,b,b,NaN,NaN,NaN,NaN,NaN,NaN,
1985041100,p33.1985,9X-P33,TY,NN,-11.8,71.2,35,NaN,256,8,256,8,NaN,NaN,NaN,NaN,NaN,NaN,NaN,NaN,NaN,NaN,TS,NW,b,b,NaN,NaN,NaN,NaN,NaN,NaN,
1985041106,p33.1985,9X-P33,TY,NN,-12.2,70.5,40,NaN,245,8,245,8,NaN,NaN,NaN,NaN,NaN,NaN,NaN,NaN,NaN,NaN,TS,NW,b,b,NaN,NaN,NaN,NaN,NaN,NaN,
1985041112,33p.1985,HELISAONIN,TY,NN,-12.2,69.7,45,NaN,253,9,255,8,NaN,NaN,NaN,NaN,NaN,NaN,NaN,NaN,NaN,NaN,TS,WN,c,c,NaN,NaN,NaN,NaN,NaN,NaN,
1985041118,33p.1985,HELISAONIN,TY,NN,-13.2,69.3,50,NaN,229,8,229,8,NaN,NaN,NaN,NaN,NaN,NaN,NaN,NaN,NaN,NaN,TS,WN,b,b,NaN,NaN,NaN,NaN,NaN,NaN,
1985041200,33p.1985,HELISAONIN,TY,NN,-13.7,68.7,60,NaN,231,9,213,9,NaN,NaN,NaN,NaN,NaN,NaN,NaN,NaN,NaN,NaN,TS,WN,c,c,NaN,NaN,NaN,NaN,NaN,NaN,
1985041206,33p.1985,HELISAONIN,TY,NN,-14.4,68.2,65,NaN,222,8,222,8,NaN,NaN,NaN,NaN,NaN,NaN,NaN,NaN,NaN,NaN,TY,WN,b,b,NaN,NaN,NaN,NaN,NaN,NaN,
1985041212,33p.1985,HELISAONIN,TY,NN,-15.1,67.4,75,NaN,228,10,222,9,NaN,NaN,NaN,NaN,NaN,NaN,NaN,NaN,NaN,NaN,TY,WN,c,c,NaN,NaN,NaN,NaN,NaN,NaN,
1985041218,33p.1985,HELISAONIN,TY,NN,-15.8,66.4,85,NaN,231,11,231,11,NaN,NaN,NaN,NaN,NaN,NaN,NaN,NaN,NaN,NaN,TY,WN,b,b,NaN,NaN,NaN,NaN,NaN,NaN,
1985041300,33p.1985,HELISAONIN,TY,NN,-16.5,65.6,90,NaN,229,11,231,11,NaN,NaN,NaN,NaN,NaN,NaN,NaN,NaN,NaN,NaN,TY,WN,c,c,NaN,NaN,NaN,NaN,NaN,NaN,
1985041306,33p.1985,HELISAONIN,TY,NN,-17.0,64.5,95,NaN,237,11,237,11,NaN,NaN,NaN,NaN,NaN,NaN,NaN,NaN,NaN,NaN,TY,WN,b,b,NaN,NaN,NaN,NaN,NaN,NaN,
1985041312,33p.1985,HELISAONIN,TY,NN,-17.5,63.9,100,NaN,237,10,238,10,NaN,NaN,NaN,NaN,NaN,NaN,NaN,NaN,NaN,NaN,TY,WN,c,c,NaN,NaN,NaN,NaN,NaN,NaN,
1985041318,33p.1985,HELISAONIN,TY,NN,-17.7,63.4,105,NaN,236,6,236,6,NaN,NaN,NaN,NaN,NaN,NaN,NaN,NaN,NaN,NaN,TY,WN,b,b,NaN,NaN,NaN,NaN,NaN,NaN,
1985041400,33p.1985,HELISAONIN,TY,NN,-18.1,63.2,110,NaN,227,6,228,4,NaN,NaN,NaN,NaN,NaN,NaN,NaN,NaN,NaN,NaN,TY,WN,c,c,NaN,NaN,NaN,NaN,NaN,NaN,
1985041406,33p.1985,HELISAONIN,TY,NN,-18.4,63.4,105,NaN,180,4,180,3,NaN,NaN,NaN,NaN,NaN,NaN,NaN,NaN,NaN,NaN,TY,WN,b,b,NaN,NaN,NaN,NaN,NaN,NaN,
1985041412,33p.1985,HELISAONIN,TY,NN,-18.8,63.6,100,NaN,172,4,152,4,NaN,NaN,NaN,NaN,NaN,NaN,NaN,NaN,NaN,NaN,TY,WN,c,c,NaN,NaN,NaN,NaN,NaN,NaN,
1985041418,33p.1985,HELISAONIN,TY,NN,-18.7,64.1,95,NaN,114,4,114,4,NaN,NaN,NaN,NaN,NaN,NaN,NaN,NaN,NaN,NaN,TY,WN,b,b,NaN,NaN,NaN,NaN,NaN,NaN,
1985041500,33p.1985,HELISAONIN,TY,NN,-18.6,64.2,90,NaN,66,4,71,3,NaN,NaN,NaN,NaN,NaN,NaN,NaN,NaN,NaN,NaN,TY,WN,c,c,NaN,NaN,NaN,NaN,NaN,NaN,
1985041506,33p.1985,HELISAONIN,TY,NN,-17.8,64.3,85,NaN,12,5,12,5,NaN,NaN,NaN,NaN,NaN,NaN,NaN,NaN,NaN,NaN,TY,WN,b,b,NaN,NaN,NaN,NaN,NaN,NaN,
1985041512,33p.1985,HELISAONIN,TY,NN,-17.4,64.3,75,NaN,347,4,5,6,NaN,NaN,NaN,NaN,NaN,NaN,NaN,NaN,NaN,NaN,TY,WN,c,c,NaN,NaN,NaN,NaN,NaN,NaN,
1985041518,33p.1985,HELISAONIN,TY,NN,-17.3,62.1,65,NaN,283,11,283,11,NaN,NaN,NaN,NaN,NaN,NaN,NaN,NaN,NaN,NaN,TY,WN,b,b,NaN,NaN,NaN,NaN,NaN,NaN,
1985041600,33p.1985,HELISAONIN,TY,NN,-17.1,60.8,55,NaN,277,12,275,17,NaN,NaN,NaN,NaN,NaN,NaN,NaN,NaN,NaN,NaN,TS,WN,c,c,NaN,NaN,NaN,NaN,NaN,NaN,
1985041606,33p.1985,HELISAONIN,TY,NN,-16.9,59.6,45,NaN,280,12,280,12,NaN,NaN,NaN,NaN,NaN,NaN,NaN,NaN,NaN,NaN,TS,WN,b,b,NaN,NaN,NaN,NaN,NaN,NaN,
1985041612,33p.1985,HELISAONIN,TY,NN,-16.6,58.5,40,NaN,283,11,283,11,NaN,NaN,NaN,NaN,NaN,NaN,NaN,NaN,NaN,NaN,TS,WN,b,b,NaN,NaN,NaN,NaN,NaN,NaN,
1985041618,33p.1985,HELISAONIN,TY,NN,-16.3,57.5,35,NaN,287,11,287,11,NaN,NaN,NaN,NaN,NaN,NaN,NaN,NaN,NaN,NaN,TS,NW,b,b,NaN,NaN,NaN,NaN,NaN,NaN,
1985041700,33p.1985,HELISAONIN,TY,NN,-16.0,56.6,30,NaN,288,10,288,10,NaN,NaN,NaN,NaN,NaN,NaN,NaN,NaN,NaN,NaN,TD,NW,b,b,NaN,NaN,NaN,NaN,NaN,NaN,
1985041706,33p.1985,HELISAONIN,TY,NN,-15.6,55.7,30,NaN,292,9,292,9,NaN,NaN,NaN,NaN,NaN,NaN,NaN,NaN,NaN,NaN,TD,NW,b,b,NaN,NaN,NaN,NaN,NaN,NaN,
1985041712,33p.1985,HELISAONIN,TY,NN,-15.2,54.8,30,NaN,295,10,295,10,NaN,NaN,NaN,NaN,NaN,NaN,NaN,NaN,NaN,NaN,TD,NW,b,b,NaN,NaN,NaN,NaN,NaN,NaN,
1985041718,33p.1985,HELISAONIN,TY,NN,-14.9,53.8,30,NaN,291,10,291,10,NaN,NaN,NaN,NaN,NaN,NaN,NaN,NaN,NaN,NaN,TD,NW,b,b,NaN,NaN,NaN,NaN,NaN,NaN,
1985041800,33p.1985,HELISAONIN,TY,NN,-14.6,52.8,30,NaN,287,10,287,10,NaN,NaN,NaN,NaN,NaN,NaN,NaN,NaN,NaN,NaN,TD,NW,b,b,NaN,NaN,NaN,NaN,NaN,NaN,
1985041806,33p.1985,HELISAONIN,TY,NN,-14.7,51.6,30,NaN,275,11,275,11,NaN,NaN,NaN,NaN,NaN,NaN,NaN,NaN,NaN,NaN,TD,NW,b,b,NaN,NaN,NaN,NaN,NaN,NaN,
1985041812,33p.1985,HELISAONIN,TY,NN,-15.3,50.4,25,NaN,253,12,253,12,NaN,NaN,NaN,NaN,NaN,NaN,NaN,NaN,NaN,NaN,TD,NW,b,b,NaN,NaN,0.37,NaN,NaN,NaN,
1985041818,33p.1985,HELISAONIN,TY,NN,-16.1,50.1,25,NaN,226,10,226,10,NaN,NaN,NaN,NaN,NaN,NaN,NaN,NaN,NaN,NaN,TD,NW,b,b,NaN,NaN,0.39,NaN,NaN,NaN,
1985041900,33p.1985,HELISAONIN,TY,NN,-17.1,50.8,20,NaN,168,9,168,9,NaN,NaN,NaN,NaN,NaN,NaN,NaN,NaN,NaN,NaN,NT,NW,b,b,NaN,NaN,NaN,NaN,NaN,NaN,
1985041106,s34.1985,9X-S34,TS,NN,-10.4,135.8,30,NaN,267,9,267,9,NaN,NaN,NaN,NaN,NaN,NaN,NaN,NaN,NaN,NaN,TD,NW,b,b,NaN,NaN,NaN,NaN,NaN,NaN,
1985041112,s34.1985,9X-S34,TS,NN,-10.3,134.9,30,NaN,267,9,267,9,NaN,NaN,NaN,NaN,NaN,NaN,NaN,NaN,NaN,NaN,TD,NW,b,b,NaN,NaN,NaN,NaN,NaN,NaN,
1985041118,34s.1985,GRETEL,TS,NN,-10.5,134.0,35,NaN,273,9,267,9,NaN,NaN,NaN,NaN,NaN,NaN,NaN,NaN,NaN,NaN,TS,WN,c,c,NaN,NaN,NaN,NaN,NaN,NaN,
1985041200,34s.1985,GRETEL,TS,NN,-10.6,133.2,40,NaN,260,8,260,8,NaN,NaN,NaN,NaN,NaN,NaN,NaN,NaN,NaN,NaN,TS,WN,b,b,NaN,NaN,NaN,NaN,NaN,NaN,
1985041206,34s.1985,GRETEL,TS,NN,-10.7,132.6,45,NaN,259,8,262,7,NaN,NaN,NaN,NaN,NaN,NaN,NaN,NaN,NaN,NaN,TS,WN,c,c,NaN,NaN,NaN,NaN,NaN,NaN,
1985041212,34s.1985,GRETEL,TS,NN,-11.4,131.9,45,NaN,238,8,238,8,NaN,NaN,NaN,NaN,NaN,NaN,NaN,NaN,NaN,NaN,TS,WN,b,b,NaN,NaN,0.15,NaN,NaN,NaN,
1985041218,34s.1985,GRETEL,TS,NN,-12.0,131.1,45,NaN,234,8,229,10,NaN,NaN,NaN,NaN,NaN,NaN,NaN,NaN,NaN,NaN,TS,WN,c,c,NaN,NaN,0.45,NaN,NaN,NaN,
1985041300,34s.1985,GRETEL,TS,NN,-12.3,130.8,45,NaN,230,7,230,7,NaN,NaN,NaN,NaN,NaN,NaN,NaN,NaN,NaN,NaN,TS,WN,b,b,NaN,NaN,0.62,NaN,NaN,NaN,
1985041306,34s.1985,GRETEL,TS,NN,-13.1,130.1,40,NaN,219,8,222,7,NaN,NaN,NaN,NaN,NaN,NaN,NaN,NaN,NaN,NaN,TS,WN,c,c,NaN,NaN,0.21,NaN,NaN,NaN,
1985041312,34s.1985,GRETEL,TS,NN,-13.2,130.1,40,NaN,217,6,217,6,NaN,NaN,NaN,NaN,NaN,NaN,NaN,NaN,NaN,NaN,TS,WN,b,b,NaN,NaN,0.21,NaN,NaN,NaN,
1985041318,34s.1985,GRETEL,TS,NN,-14.8,130.1,35,NaN,188,7,180,9,NaN,NaN,NaN,NaN,NaN,NaN,NaN,NaN,NaN,NaN,TS,WN,c,c,NaN,NaN,0.84,NaN,NaN,NaN,
1985041400,34s.1985,GRETEL,TS,NN,-14.0,129.4,35,NaN,220,5,220,5,NaN,NaN,NaN,NaN,NaN,NaN,NaN,NaN,NaN,NaN,TS,WN,b,b,NaN,NaN,0.34,NaN,NaN,NaN,
1985041406,34s.1985,GRETEL,TS,NN,-14.0,129.0,30,NaN,307,7,307,7,NaN,NaN,NaN,NaN,NaN,NaN,NaN,NaN,NaN,NaN,TD,WN,b,b,NaN,NaN,0.03,NaN,NaN,NaN,
1985041206,35s.1985,MARGOT,TY,NN,-8.7,100.4,35,NaN,252,11,249,7,NaN,NaN,NaN,NaN,NaN,NaN,NaN,NaN,NaN,NaN,TS,WN,c,c,NaN,NaN,NaN,NaN,NaN,NaN,
1985041212,35s.1985,MARGOT,TY,NN,-8.8,99.4,40,NaN,249,7,249,7,NaN,NaN,NaN,NaN,NaN,NaN,NaN,NaN,NaN,NaN,TS,WN,b,b,NaN,NaN,NaN,NaN,NaN,NaN,
1985041218,35s.1985,MARGOT,TY,NN,-9.2,99.1,45,NaN,262,10,249,7,NaN,NaN,NaN,NaN,NaN,NaN,NaN,NaN,NaN,NaN,TS,WN,c,c,NaN,NaN,NaN,NaN,NaN,NaN,
1985041300,35s.1985,MARGOT,TY,NN,-9.5,98.9,45,NaN,215,4,215,4,NaN,NaN,NaN,NaN,NaN,NaN,NaN,NaN,NaN,NaN,TS,WN,b,b,NaN,NaN,NaN,NaN,NaN,NaN,
1985041306,35s.1985,MARGOT,TY,NN,-9.9,99.2,50,NaN,202,3,172,4,NaN,NaN,NaN,NaN,NaN,NaN,NaN,NaN,NaN,NaN,TS,WN,c,c,NaN,NaN,NaN,NaN,NaN,NaN,
1985041312,35s.1985,MARGOT,TY,NN,-10.5,99.7,55,NaN,142,6,142,6,NaN,NaN,NaN,NaN,NaN,NaN,NaN,NaN,NaN,NaN,TS,WN,b,b,NaN,NaN,NaN,NaN,NaN,NaN,
1985041318,35s.1985,MARGOT,TY,NN,-11.0,100.3,60,NaN,135,7,135,8,NaN,NaN,NaN,NaN,NaN,NaN,NaN,NaN,NaN,NaN,TS,WN,c,c,NaN,NaN,NaN,NaN,NaN,NaN,
1985041400,35s.1985,MARGOT,TY,NN,-11.5,100.8,60,NaN,133,7,133,7,NaN,NaN,NaN,NaN,NaN,NaN,NaN,NaN,NaN,NaN,TS,WN,b,b,NaN,NaN,NaN,NaN,NaN,NaN,
1985041406,35s.1985,MARGOT,TY,NN,-12.1,101.3,65,NaN,133,8,138,7,NaN,NaN,NaN,NaN,NaN,NaN,NaN,NaN,NaN,NaN,TY,WN,c,c,NaN,NaN,NaN,NaN,NaN,NaN,
1985041412,35s.1985,MARGOT,TY,NN,-13.1,102.0,65,NaN,144,10,144,10,NaN,NaN,NaN,NaN,NaN,NaN,NaN,NaN,NaN,NaN,TY,WN,b,b,NaN,NaN,NaN,NaN,NaN,NaN,
1985041418,35s.1985,MARGOT,TY,NN,-13.9,102.8,70,NaN,139,13,141,12,NaN,NaN,NaN,NaN,NaN,NaN,NaN,NaN,NaN,NaN,TY,WN,c,c,NaN,NaN,NaN,NaN,NaN,NaN,
1985041500,35s.1985,MARGOT,TY,NN,-14.7,104.3,65,NaN,126,14,126,14,NaN,NaN,NaN,NaN,NaN,NaN,NaN,NaN,NaN,NaN,TY,WN,b,b,NaN,NaN,NaN,NaN,NaN,NaN,
1985041506,35s.1985,MARGOT,TY,NN,-15.2,105.2,60,NaN,118,14,119,13,NaN,NaN,NaN,NaN,NaN,NaN,NaN,NaN,NaN,NaN,TS,WN,c,c,NaN,NaN,NaN,NaN,NaN,NaN,
1985041512,35s.1985,MARGOT,TY,NN,-16.3,106.4,60,NaN,128,13,128,13,NaN,NaN,NaN,NaN,NaN,NaN,NaN,NaN,NaN,NaN,TS,WN,b,b,NaN,NaN,NaN,NaN,NaN,NaN,
1985041518,35s.1985,MARGOT,TY,NN,-17.3,107.5,55,NaN,135,14,134,15,NaN,NaN,NaN,NaN,NaN,NaN,NaN,NaN,NaN,NaN,TS,WN,c,c,NaN,NaN,NaN,NaN,NaN,NaN,
1985041600,35s.1985,MARGOT,TY,NN,-18.0,108.2,55,NaN,135,12,135,12,NaN,NaN,NaN,NaN,NaN,NaN,NaN,NaN,NaN,NaN,TS,WN,b,b,NaN,NaN,NaN,NaN,NaN,NaN,
1985041606,35s.1985,MARGOT,TY,NN,-18.8,109.0,50,NaN,130,12,136,10,NaN,NaN,NaN,NaN,NaN,NaN,NaN,NaN,NaN,NaN,TS,WN,c,c,NaN,NaN,NaN,NaN,NaN,NaN,
1985041612,35s.1985,MARGOT,TY,NN,-19.0,109.6,45,NaN,127,8,127,8,NaN,NaN,NaN,NaN,NaN,NaN,NaN,NaN,NaN,NaN,TS,WN,b,b,NaN,NaN,NaN,NaN,NaN,NaN,
1985041618,35s.1985,MARGOT,TY,NN,-19.0,109.9,40,NaN,115,5,103,4,NaN,NaN,NaN,NaN,NaN,NaN,NaN,NaN,NaN,NaN,TS,WN,c,c,NaN,NaN,NaN,NaN,NaN,NaN,
1985041700,35s.1985,MARGOT,TY,NN,-18.8,110.6,35,NaN,78,5,78,5,NaN,NaN,NaN,NaN,NaN,NaN,NaN,NaN,NaN,NaN,TS,WN,b,b,NaN,NaN,NaN,NaN,NaN,NaN,
1985041706,35s.1985,MARGOT,TY,NN,-18.6,110.8,30,NaN,65,5,65,5,NaN,NaN,NaN,NaN,NaN,NaN,NaN,NaN,NaN,NaN,TD,WN,b,b,NaN,NaN,NaN,NaN,NaN,NaN,
1985041712,35s.1985,MARGOT,TY,NN,-18.3,110.7,30,NaN,11,3,11,3,NaN,NaN,NaN,NaN,NaN,NaN,NaN,NaN,NaN,NaN,TD,NW,b,b,NaN,NaN,NaN,NaN,NaN,NaN,
1985041718,35s.1985,MARGOT,TY,NN,-18.1,110.6,30,NaN,339,3,339,3,NaN,NaN,NaN,NaN,NaN,NaN,NaN,NaN,NaN,NaN,TD,NW,b,b,NaN,NaN,NaN,NaN,NaN,NaN,
1985041800,35s.1985,MARGOT,TY,NN,-17.9,110.5,30,NaN,335,2,335,2,NaN,NaN,NaN,NaN,NaN,NaN,NaN,NaN,NaN,NaN,TD,NW,b,b,NaN,NaN,NaN,NaN,NaN,NaN,
1985041806,35s.1985,MARGOT,TY,NN,-17.7,110.3,30,NaN,324,2,324,2,NaN,NaN,NaN,NaN,NaN,NaN,NaN,NaN,NaN,NaN,TD,NW,b,b,NaN,NaN,NaN,NaN,NaN,NaN,
1985041812,35s.1985,MARGOT,TY,NN,-17.5,110.2,30,NaN,324,2,324,2,NaN,NaN,NaN,NaN,NaN,NaN,NaN,NaN,NaN,NaN,TD,NW,b,b,NaN,NaN,NaN,NaN,NaN,NaN,
1985041818,35s.1985,MARGOT,TY,NN,-17.4,110.0,25,NaN,316,2,316,2,NaN,NaN,NaN,NaN,NaN,NaN,NaN,NaN,NaN,NaN,TD,NW,b,b,NaN,NaN,NaN,NaN,NaN,NaN,
