dtg,stmid,sname,tcvmax,tctype,rlat,rlon,vmax,pmin,dir,spd,trkdir,trkspd,r34m,r34ne,r34se,r34sw,r34nw,r50m,r50ne,r50se,r50sw,r50nw,tccode,wncode,dirtype,posttype,roci,poci,alf,depth,rmax,tdo,
1960042200,w01.1960,9X-W01,TY,NN,9.8,123.8,25,NaN,297,8,297,8,NaN,NaN,NaN,NaN,NaN,NaN,NaN,NaN,NaN,NaN,TD,NW,B,B,NaN,NaN,0.47,NaN,NaN,NaN,
1960042206,w01.1960,9X-W01,TY,NN,10.1,123.2,25,NaN,297,8,297,8,NaN,NaN,NaN,NaN,NaN,NaN,NaN,NaN,NaN,NaN,TD,NW,B,B,NaN,NaN,0.64,NaN,NaN,NaN,
1960042212,w01.1960,9X-W01,TY,NN,10.5,122.4,30,NaN,297,8,297,8,NaN,NaN,NaN,NaN,NaN,NaN,NaN,NaN,NaN,NaN,TD,NW,B,B,NaN,NaN,0.41,NaN,NaN,NaN,
1960042218,w01.1960,9X-W01,TY,NN,11.0,121.8,30,NaN,303,8,303,8,NaN,NaN,NaN,NaN,NaN,NaN,NaN,NaN,NaN,NaN,TD,NW,B,B,NaN,NaN,0.43,NaN,NaN,NaN,
1960042300,w01.1960,9X-W01,TY,NN,11.5,121.1,30,NaN,308,8,308,8,NaN,NaN,NaN,NaN,NaN,NaN,NaN,NaN,NaN,NaN,TD,NW,B,B,NaN,NaN,0.01,NaN,NaN,NaN,
1960042306,w01.1960,9X-W01,TY,NN,12.1,120.4,30,NaN,309,9,309,9,NaN,NaN,NaN,NaN,NaN,NaN,NaN,NaN,NaN,NaN,TD,NW,B,B,NaN,NaN,0.09,NaN,NaN,NaN,
1960042312,w01.1960,9X-W01,TY,NN,12.7,119.7,30,NaN,311,9,311,9,NaN,NaN,NaN,NaN,NaN,NaN,NaN,NaN,NaN,NaN,TD,NW,B,B,NaN,NaN,0.03,NaN,NaN,NaN,
1960042318,01w.1960,KAREN,TY,NN,13.4,119.2,40,NaN,318,9,318,9,NaN,NaN,NaN,NaN,NaN,NaN,NaN,NaN,NaN,NaN,TS,NW,B,B,NaN,NaN,NaN,NaN,NaN,NaN,
1960042400,01w.1960,KAREN,TY,NN,14.1,118.8,40,NaN,328,8,328,8,NaN,NaN,NaN,NaN,NaN,NaN,NaN,NaN,NaN,NaN,TS,NW,B,B,NaN,NaN,NaN,NaN,NaN,NaN,
1960042406,01w.1960,KAREN,TY,NN,14.7,118.6,45,NaN,336,7,336,7,NaN,NaN,NaN,NaN,NaN,NaN,NaN,NaN,NaN,NaN,TS,NW,B,B,NaN,NaN,NaN,NaN,NaN,NaN,
1960042412,01w.1960,KAREN,TY,NN,15.4,118.5,50,NaN,347,7,347,7,NaN,NaN,NaN,NaN,NaN,NaN,NaN,NaN,NaN,NaN,TS,NW,B,B,NaN,NaN,NaN,NaN,NaN,NaN,
1960042418,01w.1960,KAREN,TY,NN,16.1,118.6,65,NaN,360,7,360,7,NaN,NaN,NaN,NaN,NaN,NaN,NaN,NaN,NaN,NaN,TY,NW,B,B,NaN,NaN,NaN,NaN,NaN,NaN,
1960042500,01w.1960,KAREN,TY,NN,16.9,118.8,70,NaN,11,8,11,8,NaN,NaN,NaN,NaN,NaN,NaN,NaN,NaN,NaN,NaN,TY,NW,B,B,NaN,NaN,NaN,NaN,NaN,NaN,
1960042506,01w.1960,KAREN,TY,NN,17.7,119.2,75,NaN,20,8,20,8,NaN,NaN,NaN,NaN,NaN,NaN,NaN,NaN,NaN,NaN,TY,NW,B,B,NaN,NaN,NaN,NaN,NaN,NaN,
1960042512,01w.1960,KAREN,TY,NN,18.8,119.9,70,NaN,29,11,29,11,NaN,NaN,NaN,NaN,NaN,NaN,NaN,NaN,NaN,NaN,TY,NW,B,B,NaN,NaN,NaN,NaN,NaN,NaN,
1960042518,01w.1960,KAREN,TY,NN,20.0,121.0,60,NaN,37,14,37,14,NaN,NaN,NaN,NaN,NaN,NaN,NaN,NaN,NaN,NaN,TS,NW,B,B,NaN,NaN,NaN,NaN,NaN,NaN,
1960042600,01w.1960,KAREN,TY,NN,20.5,121.5,35,NaN,42,11,42,11,NaN,NaN,NaN,NaN,NaN,NaN,NaN,NaN,NaN,NaN,TS,NW,B,B,NaN,NaN,0.03,NaN,NaN,NaN,
1960042606,01w.1960,KAREN,TY,NN,21.2,122.4,25,NaN,48,9,48,9,NaN,NaN,NaN,NaN,NaN,NaN,NaN,NaN,NaN,NaN,TD,NW,B,B,NaN,NaN,NaN,NaN,NaN,NaN,
1960042612,01w.1960,KAREN,TY,NN,22.0,123.0,20,NaN,43,10,43,10,NaN,NaN,NaN,NaN,NaN,NaN,NaN,NaN,NaN,NaN,NT,NW,B,B,NaN,NaN,NaN,NaN,NaN,NaN,
1960052506,w02.1960,9X-W02,TS,NN,8.4,131.3,15,NaN,301,7,301,7,NaN,NaN,NaN,NaN,NaN,NaN,NaN,NaN,NaN,NaN,NT,NW,B,B,NaN,NaN,NaN,NaN,NaN,NaN,
1960052512,w02.1960,9X-W02,TS,NN,8.7,130.7,15,NaN,301,7,301,7,NaN,NaN,NaN,NaN,NaN,NaN,NaN,NaN,NaN,NaN,NT,NW,B,B,NaN,NaN,NaN,NaN,NaN,NaN,
1960052518,w02.1960,9X-W02,TS,NN,9.1,130.1,15,NaN,301,7,301,7,NaN,NaN,NaN,NaN,NaN,NaN,NaN,NaN,NaN,NaN,NT,NW,B,B,NaN,NaN,NaN,NaN,NaN,NaN,
1960052600,w02.1960,9X-W02,TS,NN,9.5,129.4,15,NaN,302,8,302,8,NaN,NaN,NaN,NaN,NaN,NaN,NaN,NaN,NaN,NaN,NT,NW,B,B,NaN,NaN,NaN,NaN,NaN,NaN,
1960052606,w02.1960,9X-W02,TS,NN,10.0,128.8,15,NaN,305,8,305,8,NaN,NaN,NaN,NaN,NaN,NaN,NaN,NaN,NaN,NaN,NT,NW,B,B,NaN,NaN,NaN,NaN,NaN,NaN,
1960052612,w02.1960,9X-W02,TS,NN,10.5,128.1,15,NaN,308,8,308,8,NaN,NaN,NaN,NaN,NaN,NaN,NaN,NaN,NaN,NaN,NT,NW,B,B,NaN,NaN,NaN,NaN,NaN,NaN,
1960052618,w02.1960,9X-W02,TS,NN,11.1,127.4,15,NaN,309,9,309,9,NaN,NaN,NaN,NaN,NaN,NaN,NaN,NaN,NaN,NaN,NT,NW,B,B,NaN,NaN,NaN,NaN,NaN,NaN,
1960052700,w02.1960,9X-W02,TS,NN,11.9,126.7,15,NaN,316,10,316,10,NaN,NaN,NaN,NaN,NaN,NaN,NaN,NaN,NaN,NaN,NT,NW,B,B,NaN,NaN,NaN,NaN,NaN,NaN,
1960052706,w02.1960,9X-W02,TS,NN,12.6,125.4,15,NaN,307,12,307,12,NaN,NaN,NaN,NaN,NaN,NaN,NaN,NaN,NaN,NaN,NT,NW,B,B,NaN,NaN,0.20,NaN,NaN,NaN,
1960052712,w02.1960,9X-W02,TS,NN,13.2,123.8,15,NaN,295,16,295,16,NaN,NaN,NaN,NaN,NaN,NaN,NaN,NaN,NaN,NaN,NT,NW,B,B,NaN,NaN,0.34,NaN,NaN,NaN,
1960052718,w02.1960,9X-W02,TS,NN,13.7,122.5,15,NaN,291,15,291,15,NaN,NaN,NaN,NaN,NaN,NaN,NaN,NaN,NaN,NaN,NT,NW,B,B,NaN,NaN,0.36,NaN,NaN,NaN,
1960052800,w02.1960,9X-W02,TS,NN,14.3,121.2,20,NaN,294,14,294,14,NaN,NaN,NaN,NaN,NaN,NaN,NaN,NaN,NaN,NaN,NT,NW,B,B,NaN,NaN,0.70,NaN,NaN,NaN,
1960052806,w02.1960,9X-W02,TS,NN,15.7,120.3,20,NaN,313,15,313,15,NaN,NaN,NaN,NaN,NaN,NaN,NaN,NaN,NaN,NaN,NT,NW,B,B,NaN,NaN,0.98,NaN,NaN,NaN,
1960052812,w02.1960,9X-W02,TS,NN,17.3,120.7,25,NaN,351,15,351,15,NaN,NaN,NaN,NaN,NaN,NaN,NaN,NaN,NaN,NaN,TD,NW,B,B,NaN,NaN,0.57,NaN,NaN,NaN,
1960052818,w02.1960,9X-W02,TS,NN,18.6,121.9,20,NaN,28,16,28,16,NaN,NaN,NaN,NaN,NaN,NaN,NaN,NaN,NaN,NaN,NT,NW,B,B,NaN,NaN,0.30,NaN,NaN,NaN,
1960052900,w02.1960,9X-W02,TS,NN,19.4,123.3,20,NaN,50,16,50,16,NaN,NaN,NaN,NaN,NaN,NaN,NaN,NaN,NaN,NaN,NT,NW,B,B,NaN,NaN,NaN,NaN,NaN,NaN,
1960052906,w02.1960,9X-W02,TS,NN,19.5,124.8,25,NaN,72,14,72,14,NaN,NaN,NaN,NaN,NaN,NaN,NaN,NaN,NaN,NaN,TD,NW,B,B,NaN,NaN,NaN,NaN,NaN,NaN,
1960052912,w02.1960,9X-W02,TS,NN,19.3,126.1,25,NaN,92,13,92,13,NaN,NaN,NaN,NaN,NaN,NaN,NaN,NaN,NaN,NaN,TD,NW,B,B,NaN,NaN,NaN,NaN,NaN,NaN,
1960052918,w02.1960,9X-W02,TS,NN,18.9,127.8,30,NaN,102,14,102,14,NaN,NaN,NaN,NaN,NaN,NaN,NaN,NaN,NaN,NaN,TD,NW,B,B,NaN,NaN,NaN,NaN,NaN,NaN,
1960053000,02w.1960,LUCILLE,TS,NN,18.7,129.5,40,NaN,101,16,101,16,NaN,NaN,NaN,NaN,NaN,NaN,NaN,NaN,NaN,NaN,TS,NW,B,B,NaN,NaN,NaN,NaN,NaN,NaN,
1960053006,02w.1960,LUCILLE,TS,NN,19.2,130.7,40,NaN,84,14,84,14,NaN,NaN,NaN,NaN,NaN,NaN,NaN,NaN,NaN,NaN,TS,NW,B,B,NaN,NaN,NaN,NaN,NaN,NaN,
1960053012,02w.1960,LUCILLE,TS,NN,19.8,132.0,40,NaN,65,13,65,13,NaN,NaN,NaN,NaN,NaN,NaN,NaN,NaN,NaN,NaN,TS,NW,B,B,NaN,NaN,NaN,NaN,NaN,NaN,
1960053018,02w.1960,LUCILLE,TS,NN,20.7,133.5,45,NaN,60,15,60,15,NaN,NaN,NaN,NaN,NaN,NaN,NaN,NaN,NaN,NaN,TS,NW,B,B,NaN,NaN,NaN,NaN,NaN,NaN,
1960053100,02w.1960,LUCILLE,TS,NN,21.9,135.2,45,NaN,55,18,55,18,NaN,NaN,NaN,NaN,NaN,NaN,NaN,NaN,NaN,NaN,TS,NW,B,B,NaN,NaN,NaN,NaN,NaN,NaN,
1960053106,02w.1960,LUCILLE,TS,NN,23.0,137.1,45,NaN,55,20,55,20,NaN,NaN,NaN,NaN,NaN,NaN,NaN,NaN,NaN,NaN,TS,NW,B,B,NaN,NaN,NaN,NaN,NaN,NaN,
1960053112,02w.1960,LUCILLE,TS,NN,24.0,139.1,45,NaN,60,21,60,21,NaN,NaN,NaN,NaN,NaN,NaN,NaN,NaN,NaN,NaN,TS,NW,B,B,NaN,NaN,NaN,NaN,NaN,NaN,
1960053118,02w.1960,LUCILLE,TS,NN,25.3,140.9,45,NaN,56,21,56,21,NaN,NaN,NaN,NaN,NaN,NaN,NaN,NaN,NaN,NaN,TS,NW,B,B,NaN,NaN,NaN,NaN,NaN,NaN,
1960060100,02w.1960,LUCILLE,TS,NN,27.2,142.1,45,NaN,40,21,40,21,NaN,NaN,NaN,NaN,NaN,NaN,NaN,NaN,NaN,NaN,TS,NW,B,B,NaN,NaN,NaN,NaN,NaN,NaN,
1960060106,02w.1960,LUCILLE,TS,NN,29.5,143.3,45,NaN,27,24,27,24,NaN,NaN,NaN,NaN,NaN,NaN,NaN,NaN,NaN,NaN,TS,NW,B,B,NaN,NaN,NaN,NaN,NaN,NaN,
1960060112,02w.1960,LUCILLE,TS,NN,31.6,144.5,35,NaN,25,24,25,24,NaN,NaN,NaN,NaN,NaN,NaN,NaN,NaN,NaN,NaN,TS,NW,B,B,NaN,NaN,NaN,NaN,NaN,NaN,
1960060312,w03.1960,9X-W03,TY,NN,15.1,114.6,30,NaN,280,6,280,6,NaN,NaN,NaN,NaN,NaN,NaN,NaN,NaN,NaN,NaN,TD,NW,B,B,NaN,NaN,NaN,NaN,NaN,NaN,
1960060318,03w.1960,MARY,TY,NN,15.2,114.0,35,NaN,280,6,280,6,NaN,NaN,NaN,NaN,NaN,NaN,NaN,NaN,NaN,NaN,TS,NW,B,B,NaN,NaN,NaN,NaN,NaN,NaN,
1960060400,03w.1960,MARY,TY,NN,15.3,113.4,35,NaN,280,6,280,6,NaN,NaN,NaN,NaN,NaN,NaN,NaN,NaN,NaN,NaN,TS,NW,B,B,NaN,NaN,NaN,NaN,NaN,NaN,
1960060406,03w.1960,MARY,TY,NN,15.5,113.0,40,NaN,287,5,287,5,NaN,NaN,NaN,NaN,NaN,NaN,NaN,NaN,NaN,NaN,TS,NW,B,B,NaN,NaN,NaN,NaN,NaN,NaN,
1960060412,03w.1960,MARY,TY,NN,15.8,112.6,40,NaN,303,5,303,5,NaN,NaN,NaN,NaN,NaN,NaN,NaN,NaN,NaN,NaN,TS,NW,B,B,NaN,NaN,NaN,NaN,NaN,NaN,
1960060418,03w.1960,MARY,TY,NN,16.1,112.3,40,NaN,312,5,312,5,NaN,NaN,NaN,NaN,NaN,NaN,NaN,NaN,NaN,NaN,TS,NW,B,B,NaN,NaN,NaN,NaN,NaN,NaN,
1960060500,03w.1960,MARY,TY,NN,16.4,112.2,45,NaN,327,4,327,4,NaN,NaN,NaN,NaN,NaN,NaN,NaN,NaN,NaN,NaN,TS,NW,B,B,NaN,NaN,NaN,NaN,NaN,NaN,
1960060506,03w.1960,MARY,TY,NN,16.6,112.2,50,NaN,349,3,349,3,NaN,NaN,NaN,NaN,NaN,NaN,NaN,NaN,NaN,NaN,TS,NW,B,B,NaN,NaN,NaN,NaN,NaN,NaN,
1960060512,03w.1960,MARY,TY,NN,16.8,112.3,50,NaN,13,2,13,2,NaN,NaN,NaN,NaN,NaN,NaN,NaN,NaN,NaN,NaN,TS,NW,B,B,NaN,NaN,NaN,NaN,NaN,NaN,
1960060518,03w.1960,MARY,TY,NN,16.9,112.3,50,NaN,18,2,18,2,NaN,NaN,NaN,NaN,NaN,NaN,NaN,NaN,NaN,NaN,TS,NW,B,B,NaN,NaN,NaN,NaN,NaN,NaN,
1960060600,03w.1960,MARY,TY,NN,17.1,112.3,55,NaN,360,2,360,2,NaN,NaN,NaN,NaN,NaN,NaN,NaN,NaN,NaN,NaN,TS,NW,B,B,NaN,NaN,NaN,NaN,NaN,NaN,
1960060606,03w.1960,MARY,TY,NN,17.3,112.5,60,NaN,26,2,26,2,NaN,NaN,NaN,NaN,NaN,NaN,NaN,NaN,NaN,NaN,TS,NW,B,B,NaN,NaN,NaN,NaN,NaN,NaN,
1960060612,03w.1960,MARY,TY,NN,17.5,112.7,60,NaN,44,3,44,3,NaN,NaN,NaN,NaN,NaN,NaN,NaN,NaN,NaN,NaN,TS,NW,B,B,NaN,NaN,NaN,NaN,NaN,NaN,
1960060618,03w.1960,MARY,TY,NN,17.7,112.9,60,NaN,44,3,44,3,NaN,NaN,NaN,NaN,NaN,NaN,NaN,NaN,NaN,NaN,TS,NW,B,B,NaN,NaN,NaN,NaN,NaN,NaN,
1960060700,03w.1960,MARY,TY,NN,17.9,113.1,60,NaN,44,3,44,3,NaN,NaN,NaN,NaN,NaN,NaN,NaN,NaN,NaN,NaN,TS,NW,B,B,NaN,NaN,NaN,NaN,NaN,NaN,
1960060706,03w.1960,MARY,TY,NN,18.5,113.4,70,NaN,31,5,31,5,NaN,NaN,NaN,NaN,NaN,NaN,NaN,NaN,NaN,NaN,TY,NW,B,B,NaN,NaN,NaN,NaN,NaN,NaN,
1960060712,03w.1960,MARY,TY,NN,19.3,113.7,75,NaN,22,8,22,8,NaN,NaN,NaN,NaN,NaN,NaN,NaN,NaN,NaN,NaN,TY,NW,B,B,NaN,NaN,NaN,NaN,NaN,NaN,
1960060718,03w.1960,MARY,TY,NN,20.3,113.9,75,NaN,15,9,15,9,NaN,NaN,NaN,NaN,NaN,NaN,NaN,NaN,NaN,NaN,TY,NW,B,B,NaN,NaN,NaN,NaN,NaN,NaN,
1960060800,03w.1960,MARY,TY,NN,20.9,113.9,75,NaN,7,8,7,8,NaN,NaN,NaN,NaN,NaN,NaN,NaN,NaN,NaN,NaN,TY,NW,B,B,NaN,NaN,NaN,NaN,NaN,NaN,
1960060806,03w.1960,MARY,TY,NN,21.4,113.9,80,NaN,360,6,360,5,NaN,NaN,NaN,NaN,NaN,NaN,NaN,NaN,NaN,NaN,TY,NW,B,B,NaN,NaN,NaN,NaN,NaN,NaN,
1960060812,03w.1960,MARY,TY,NN,21.9,113.9,80,NaN,360,5,360,5,NaN,NaN,NaN,NaN,NaN,NaN,NaN,NaN,NaN,NaN,TY,NW,B,B,NaN,NaN,0.14,NaN,NaN,NaN,
1960060818,03w.1960,MARY,TY,NN,22.4,113.9,80,NaN,360,5,360,5,NaN,NaN,NaN,NaN,NaN,NaN,NaN,NaN,NaN,NaN,TY,NW,B,B,NaN,NaN,0.52,NaN,NaN,NaN,
1960060900,03w.1960,MARY,TY,NN,22.9,114.1,75,NaN,10,5,10,5,NaN,NaN,NaN,NaN,NaN,NaN,NaN,NaN,NaN,NaN,TY,NW,B,B,NaN,NaN,0.86,NaN,NaN,NaN,
1960060906,03w.1960,MARY,TY,NN,23.6,114.6,65,NaN,28,7,28,7,NaN,NaN,NaN,NaN,NaN,NaN,NaN,NaN,NaN,NaN,TY,NW,B,B,NaN,NaN,0.95,NaN,NaN,NaN,
1960060912,03w.1960,MARY,TY,NN,24.6,115.6,55,NaN,39,11,39,11,NaN,NaN,NaN,NaN,NaN,NaN,NaN,NaN,NaN,NaN,TS,NW,B,B,NaN,NaN,0.99,NaN,NaN,NaN,
1960060918,03w.1960,MARY,TY,NN,25.6,117.2,50,NaN,50,15,50,15,NaN,NaN,NaN,NaN,NaN,NaN,NaN,NaN,NaN,NaN,TS,NW,B,B,NaN,NaN,0.99,NaN,NaN,NaN,
1960061000,03w.1960,MARY,TY,NN,26.5,119.4,50,NaN,61,20,61,20,NaN,NaN,NaN,NaN,NaN,NaN,NaN,NaN,NaN,NaN,TS,NW,B,B,NaN,NaN,0.71,NaN,NaN,NaN,
1960061006,03w.1960,MARY,TY,NN,27.6,122.0,60,NaN,65,24,65,24,NaN,NaN,NaN,NaN,NaN,NaN,NaN,NaN,NaN,NaN,TS,NW,B,B,NaN,NaN,NaN,NaN,NaN,NaN,
1960061012,03w.1960,MARY,TY,NN,28.6,124.2,60,NaN,64,24,64,24,NaN,NaN,NaN,NaN,NaN,NaN,NaN,NaN,NaN,NaN,TS,NW,B,B,NaN,NaN,NaN,NaN,NaN,NaN,
1960061018,03w.1960,MARY,TY,NN,29.3,126.1,65,NaN,65,20,65,20,NaN,NaN,NaN,NaN,NaN,NaN,NaN,NaN,NaN,NaN,TY,NW,B,B,NaN,NaN,NaN,NaN,NaN,NaN,
1960061100,03w.1960,MARY,TY,NN,29.7,128.5,70,NaN,74,20,74,20,NaN,NaN,NaN,NaN,NaN,NaN,NaN,NaN,NaN,NaN,TY,NW,B,B,NaN,NaN,NaN,NaN,NaN,NaN,
1960061106,03w.1960,MARY,TY,NN,29.8,131.4,70,NaN,84,23,84,23,NaN,NaN,NaN,NaN,NaN,NaN,NaN,NaN,NaN,NaN,TY,NW,B,B,NaN,NaN,NaN,NaN,NaN,NaN,
1960061112,03w.1960,MARY,TY,NN,29.8,134.8,60,NaN,89,27,89,27,NaN,NaN,NaN,NaN,NaN,NaN,NaN,NaN,NaN,NaN,TS,NW,B,B,NaN,NaN,NaN,NaN,NaN,NaN,
1960061118,03w.1960,MARY,TY,NN,29.8,138.7,55,NaN,90,32,90,32,NaN,NaN,NaN,NaN,NaN,NaN,NaN,NaN,NaN,NaN,TS,NW,B,B,NaN,NaN,NaN,NaN,NaN,NaN,
1960061200,03w.1960,MARY,TY,NN,29.9,142.8,45,NaN,89,35,89,35,NaN,NaN,NaN,NaN,NaN,NaN,NaN,NaN,NaN,NaN,TS,NW,B,B,NaN,NaN,NaN,NaN,NaN,NaN,
1960061206,03w.1960,MARY,TY,NN,29.9,146.9,45,NaN,89,36,89,36,NaN,NaN,NaN,NaN,NaN,NaN,NaN,NaN,NaN,NaN,TS,NW,B,B,NaN,NaN,NaN,NaN,NaN,NaN,
1960061212,03w.1960,MARY,TY,NN,32.0,152.0,40,NaN,75,41,75,41,NaN,NaN,NaN,NaN,NaN,NaN,NaN,NaN,NaN,NaN,TS,NW,B,B,NaN,NaN,NaN,NaN,NaN,NaN,
1960061218,03w.1960,MARY,TY,NN,34.0,159.0,35,NaN,68,55,68,55,NaN,NaN,NaN,NaN,NaN,NaN,NaN,NaN,NaN,NaN,TS,NW,B,B,NaN,NaN,NaN,NaN,NaN,NaN,
1960061300,03w.1960,MARY,TY,NN,35.0,165.2,35,NaN,75,57,75,57,NaN,NaN,NaN,NaN,NaN,NaN,NaN,NaN,NaN,NaN,TS,NW,B,B,NaN,NaN,NaN,NaN,NaN,NaN,
1960061306,03w.1960,MARY,TY,NN,35.5,170.0,30,NaN,81,46,81,46,NaN,NaN,NaN,NaN,NaN,NaN,NaN,NaN,NaN,NaN,TD,NW,B,B,NaN,NaN,NaN,NaN,NaN,NaN,
1960060318,w04.1960,9X-W04,TS,NN,17.0,129.6,25,NaN,340,4,340,4,NaN,NaN,NaN,NaN,NaN,NaN,NaN,NaN,NaN,NaN,TD,NW,B,B,NaN,NaN,NaN,NaN,NaN,NaN,
1960060400,w04.1960,9X-W04,TS,NN,17.5,129.4,25,NaN,340,4,340,4,NaN,NaN,NaN,NaN,NaN,NaN,NaN,NaN,NaN,NaN,TD,NW,B,B,NaN,NaN,NaN,NaN,NaN,NaN,
1960060406,w04.1960,9X-W04,TS,NN,17.8,129.3,30,NaN,340,4,340,4,NaN,NaN,NaN,NaN,NaN,NaN,NaN,NaN,NaN,NaN,TD,NW,B,B,NaN,NaN,NaN,NaN,NaN,NaN,
1960060412,04w.1960,NADINE,TS,NN,18.2,129.2,35,NaN,345,4,345,4,NaN,NaN,NaN,NaN,NaN,NaN,NaN,NaN,NaN,NaN,TS,NW,B,B,NaN,NaN,NaN,NaN,NaN,NaN,
1960060418,04w.1960,NADINE,TS,NN,18.6,129.1,40,NaN,347,4,347,4,NaN,NaN,NaN,NaN,NaN,NaN,NaN,NaN,NaN,NaN,TS,NW,B,B,NaN,NaN,NaN,NaN,NaN,NaN,
1960060500,04w.1960,NADINE,TS,NN,19.0,129.0,45,NaN,347,4,347,4,NaN,NaN,NaN,NaN,NaN,NaN,NaN,NaN,NaN,NaN,TS,NW,B,B,NaN,NaN,NaN,NaN,NaN,NaN,
1960060506,04w.1960,NADINE,TS,NN,19.4,129.0,50,NaN,353,4,353,4,NaN,NaN,NaN,NaN,NaN,NaN,NaN,NaN,NaN,NaN,TS,NW,B,B,NaN,NaN,NaN,NaN,NaN,NaN,
1960060512,04w.1960,NADINE,TS,NN,19.9,129.1,55,NaN,6,5,6,5,NaN,NaN,NaN,NaN,NaN,NaN,NaN,NaN,NaN,NaN,TS,NW,B,B,NaN,NaN,NaN,NaN,NaN,NaN,
1960060518,04w.1960,NADINE,TS,NN,20.4,129.3,55,NaN,16,5,16,5,NaN,NaN,NaN,NaN,NaN,NaN,NaN,NaN,NaN,NaN,TS,NW,B,B,NaN,NaN,NaN,NaN,NaN,NaN,
1960060600,04w.1960,NADINE,TS,NN,21.1,129.6,55,NaN,21,6,21,6,NaN,NaN,NaN,NaN,NaN,NaN,NaN,NaN,NaN,NaN,TS,NW,B,B,NaN,NaN,NaN,NaN,NaN,NaN,
1960060606,04w.1960,NADINE,TS,NN,21.7,129.9,60,NaN,23,7,23,7,NaN,NaN,NaN,NaN,NaN,NaN,NaN,NaN,NaN,NaN,TS,NW,B,B,NaN,NaN,NaN,NaN,NaN,NaN,
1960060612,04w.1960,NADINE,TS,NN,22.3,130.4,60,NaN,32,7,32,7,NaN,NaN,NaN,NaN,NaN,NaN,NaN,NaN,NaN,NaN,TS,NW,B,B,NaN,NaN,NaN,NaN,NaN,NaN,
1960060618,04w.1960,NADINE,TS,NN,22.9,130.7,60,NaN,32,7,32,7,NaN,NaN,NaN,NaN,NaN,NaN,NaN,NaN,NaN,NaN,TS,NW,B,B,NaN,NaN,NaN,NaN,NaN,NaN,
1960060700,04w.1960,NADINE,TS,NN,23.5,131.1,60,NaN,28,7,28,7,NaN,NaN,NaN,NaN,NaN,NaN,NaN,NaN,NaN,NaN,TS,NW,B,B,NaN,NaN,NaN,NaN,NaN,NaN,
1960060706,04w.1960,NADINE,TS,NN,24.2,131.5,60,NaN,29,7,29,7,NaN,NaN,NaN,NaN,NaN,NaN,NaN,NaN,NaN,NaN,TS,NW,B,B,NaN,NaN,NaN,NaN,NaN,NaN,
1960060712,04w.1960,NADINE,TS,NN,25.0,132.0,60,NaN,29,9,29,9,NaN,NaN,NaN,NaN,NaN,NaN,NaN,NaN,NaN,NaN,TS,NW,B,B,NaN,NaN,NaN,NaN,NaN,NaN,
1960060718,04w.1960,NADINE,TS,NN,25.6,132.5,60,NaN,33,8,33,8,NaN,NaN,NaN,NaN,NaN,NaN,NaN,NaN,NaN,NaN,TS,NW,B,B,NaN,NaN,NaN,NaN,NaN,NaN,
1960060800,04w.1960,NADINE,TS,NN,26.3,133.0,60,NaN,35,8,35,8,NaN,NaN,NaN,NaN,NaN,NaN,NaN,NaN,NaN,NaN,TS,NW,B,B,NaN,NaN,NaN,NaN,NaN,NaN,
1960060806,04w.1960,NADINE,TS,NN,26.9,133.5,55,NaN,35,8,35,8,NaN,NaN,NaN,NaN,NaN,NaN,NaN,NaN,NaN,NaN,TS,NW,B,B,NaN,NaN,NaN,NaN,NaN,NaN,
1960060812,04w.1960,NADINE,TS,NN,27.7,134.4,55,NaN,42,9,42,9,NaN,NaN,NaN,NaN,NaN,NaN,NaN,NaN,NaN,NaN,TS,NW,B,B,NaN,NaN,NaN,NaN,NaN,NaN,
1960060818,04w.1960,NADINE,TS,NN,28.4,135.4,55,NaN,48,11,48,11,NaN,NaN,NaN,NaN,NaN,NaN,NaN,NaN,NaN,NaN,TS,NW,B,B,NaN,NaN,NaN,NaN,NaN,NaN,
1960060900,04w.1960,NADINE,TS,NN,29.3,136.9,55,NaN,54,14,54,14,NaN,NaN,NaN,NaN,NaN,NaN,NaN,NaN,NaN,NaN,TS,NW,B,B,NaN,NaN,NaN,NaN,NaN,NaN,
1960060906,04w.1960,NADINE,TS,NN,30.3,138.9,55,NaN,58,18,58,18,NaN,NaN,NaN,NaN,NaN,NaN,NaN,NaN,NaN,NaN,TS,NW,B,B,NaN,NaN,NaN,NaN,NaN,NaN,
1960060912,04w.1960,NADINE,TS,NN,31.2,141.3,55,NaN,63,21,63,21,NaN,NaN,NaN,NaN,NaN,NaN,NaN,NaN,NaN,NaN,TS,NW,B,B,NaN,NaN,NaN,NaN,NaN,NaN,
1960060918,04w.1960,NADINE,TS,NN,31.9,144.1,50,NaN,70,24,70,24,NaN,NaN,NaN,NaN,NaN,NaN,NaN,NaN,NaN,NaN,TS,NW,B,B,NaN,NaN,NaN,NaN,NaN,NaN,
1960061000,04w.1960,NADINE,TS,NN,32.6,147.1,45,NaN,74,26,74,26,NaN,NaN,NaN,NaN,NaN,NaN,NaN,NaN,NaN,NaN,TS,NW,B,B,NaN,NaN,NaN,NaN,NaN,NaN,
1960061006,04w.1960,NADINE,TS,NN,34.0,155.0,45,NaN,77,47,77,47,NaN,NaN,NaN,NaN,NaN,NaN,NaN,NaN,NaN,NaN,TS,NW,B,B,NaN,NaN,NaN,NaN,NaN,NaN,
1960061012,04w.1960,NADINE,TS,NN,36.0,158.0,45,NaN,69,48,69,48,NaN,NaN,NaN,NaN,NaN,NaN,NaN,NaN,NaN,NaN,TS,NW,B,B,NaN,NaN,NaN,NaN,NaN,NaN,
1960061018,04w.1960,NADINE,TS,NN,36.5,161.0,40,NaN,63,28,63,28,NaN,NaN,NaN,NaN,NaN,NaN,NaN,NaN,NaN,NaN,TS,NW,B,B,NaN,NaN,NaN,NaN,NaN,NaN,
1960061100,04w.1960,NADINE,TS,NN,37.0,164.0,40,NaN,78,25,78,25,NaN,NaN,NaN,NaN,NaN,NaN,NaN,NaN,NaN,NaN,TS,NW,B,B,NaN,NaN,NaN,NaN,NaN,NaN,
1960061106,04w.1960,NADINE,TS,NN,37.5,167.0,40,NaN,78,24,78,24,NaN,NaN,NaN,NaN,NaN,NaN,NaN,NaN,NaN,NaN,TS,NW,B,B,NaN,NaN,NaN,NaN,NaN,NaN,
1960061112,04w.1960,NADINE,TS,NN,38.0,170.0,30,NaN,78,24,78,24,NaN,NaN,NaN,NaN,NaN,NaN,NaN,NaN,NaN,NaN,TD,NW,B,B,NaN,NaN,NaN,NaN,NaN,NaN,
1960062318,w05.1960,9X-W05,TY,NN,11.5,133.3,30,NaN,283,11,283,11,NaN,NaN,NaN,NaN,NaN,NaN,NaN,NaN,NaN,NaN,TD,NW,B,B,NaN,NaN,NaN,NaN,NaN,NaN,
1960062400,05w.1960,OLIVE,TY,NN,11.8,132.2,35,NaN,283,11,283,11,NaN,NaN,NaN,NaN,NaN,NaN,NaN,NaN,NaN,NaN,TS,NW,B,B,NaN,NaN,NaN,NaN,NaN,NaN,
1960062406,05w.1960,OLIVE,TY,NN,12.0,131.1,45,NaN,283,11,283,11,NaN,NaN,NaN,NaN,NaN,NaN,NaN,NaN,NaN,NaN,TS,NW,B,B,NaN,NaN,NaN,NaN,NaN,NaN,
1960062412,05w.1960,OLIVE,TY,NN,12.3,130.0,60,NaN,283,11,283,11,NaN,NaN,NaN,NaN,NaN,NaN,NaN,NaN,NaN,NaN,TS,NW,B,B,NaN,NaN,NaN,NaN,NaN,NaN,
1960062418,05w.1960,OLIVE,TY,NN,12.5,128.8,80,NaN,283,12,283,12,NaN,NaN,NaN,NaN,NaN,NaN,NaN,NaN,NaN,NaN,TY,NW,B,B,NaN,NaN,NaN,NaN,NaN,NaN,
1960062500,05w.1960,OLIVE,TY,NN,12.7,127.6,100,NaN,280,12,280,12,NaN,NaN,NaN,NaN,NaN,NaN,NaN,NaN,NaN,NaN,TY,NW,B,B,NaN,NaN,NaN,NaN,NaN,NaN,
1960062506,05w.1960,OLIVE,TY,NN,13.0,126.4,120,NaN,282,12,282,12,NaN,NaN,NaN,NaN,NaN,NaN,NaN,NaN,NaN,NaN,TY,NW,B,B,NaN,NaN,NaN,NaN,NaN,NaN,
1960062512,05w.1960,OLIVE,TY,NN,13.3,125.3,125,NaN,285,12,285,12,NaN,NaN,NaN,NaN,NaN,NaN,NaN,NaN,NaN,NaN,TY,NW,B,B,NaN,NaN,NaN,NaN,NaN,NaN,
1960062518,05w.1960,OLIVE,TY,NN,13.5,124.3,110,NaN,284,11,284,11,NaN,NaN,NaN,NaN,NaN,NaN,NaN,NaN,NaN,NaN,TY,NW,B,B,NaN,NaN,0.13,NaN,NaN,NaN,
1960062600,05w.1960,OLIVE,TY,NN,13.7,123.5,90,NaN,283,9,283,9,NaN,NaN,NaN,NaN,NaN,NaN,NaN,NaN,NaN,NaN,TY,NW,B,B,NaN,NaN,0.57,NaN,NaN,NaN,
1960062606,05w.1960,OLIVE,TY,NN,14.1,122.8,80,NaN,292,8,292,8,NaN,NaN,NaN,NaN,NaN,NaN,NaN,NaN,NaN,NaN,TY,NW,B,B,NaN,NaN,0.47,NaN,NaN,NaN,
1960062612,05w.1960,OLIVE,TY,NN,14.4,122.1,65,NaN,297,8,297,8,NaN,NaN,NaN,NaN,NaN,NaN,NaN,NaN,NaN,NaN,TY,NW,B,B,NaN,NaN,0.33,NaN,NaN,NaN,
1960062618,05w.1960,OLIVE,TY,NN,14.8,121.4,50,NaN,297,8,297,8,NaN,NaN,NaN,NaN,NaN,NaN,NaN,NaN,NaN,NaN,TS,NW,B,B,NaN,NaN,0.58,NaN,NaN,NaN,
1960062700,05w.1960,OLIVE,TY,NN,15.3,120.7,50,NaN,304,8,304,8,NaN,NaN,NaN,NaN,NaN,NaN,NaN,NaN,NaN,NaN,TS,NW,B,B,NaN,NaN,0.98,NaN,NaN,NaN,
1960062706,05w.1960,OLIVE,TY,NN,15.8,119.9,50,NaN,305,9,305,9,NaN,NaN,NaN,NaN,NaN,NaN,NaN,NaN,NaN,NaN,TS,NW,B,B,NaN,NaN,0.47,NaN,NaN,NaN,
1960062712,05w.1960,OLIVE,TY,NN,16.5,119.1,50,NaN,308,10,308,10,NaN,NaN,NaN,NaN,NaN,NaN,NaN,NaN,NaN,NaN,TS,NW,B,B,NaN,NaN,NaN,NaN,NaN,NaN,
1960062718,05w.1960,OLIVE,TY,NN,17.4,118.2,55,NaN,314,11,314,11,NaN,NaN,NaN,NaN,NaN,NaN,NaN,NaN,NaN,NaN,TS,NW,B,B,NaN,NaN,NaN,NaN,NaN,NaN,
1960062800,05w.1960,OLIVE,TY,NN,18.3,117.4,65,NaN,318,12,318,12,NaN,NaN,NaN,NaN,NaN,NaN,NaN,NaN,NaN,NaN,TY,NW,B,B,NaN,NaN,NaN,NaN,NaN,NaN,
1960062806,05w.1960,OLIVE,TY,NN,19.0,116.5,70,NaN,315,11,315,11,NaN,NaN,NaN,NaN,NaN,NaN,NaN,NaN,NaN,NaN,TY,NW,B,B,NaN,NaN,NaN,NaN,NaN,NaN,
1960062812,05w.1960,OLIVE,TY,NN,19.5,115.6,70,NaN,305,10,305,10,NaN,NaN,NaN,NaN,NaN,NaN,NaN,NaN,NaN,NaN,TY,NW,B,B,NaN,NaN,NaN,NaN,NaN,NaN,
1960062818,05w.1960,OLIVE,TY,NN,19.9,114.7,70,NaN,298,10,298,10,NaN,NaN,NaN,NaN,NaN,NaN,NaN,NaN,NaN,NaN,TY,NW,B,B,NaN,NaN,NaN,NaN,NaN,NaN,
1960062900,05w.1960,OLIVE,TY,NN,20.2,113.7,70,NaN,291,10,291,10,NaN,NaN,NaN,NaN,NaN,NaN,NaN,NaN,NaN,NaN,TY,NW,B,B,NaN,NaN,NaN,NaN,NaN,NaN,
1960062906,05w.1960,OLIVE,TY,NN,20.4,112.7,70,NaN,285,10,285,10,NaN,NaN,NaN,NaN,NaN,NaN,NaN,NaN,NaN,NaN,TY,NW,B,B,NaN,NaN,NaN,NaN,NaN,NaN,
1960062912,05w.1960,OLIVE,TY,NN,20.7,111.8,70,NaN,286,9,286,9,NaN,NaN,NaN,NaN,NaN,NaN,NaN,NaN,NaN,NaN,TY,NW,B,B,NaN,NaN,NaN,NaN,NaN,NaN,
1960062918,05w.1960,OLIVE,TY,NN,20.9,110.9,70,NaN,287,9,287,9,NaN,NaN,NaN,NaN,NaN,NaN,NaN,NaN,NaN,NaN,TY,NW,B,B,NaN,NaN,0.10,NaN,NaN,NaN,
1960063000,05w.1960,OLIVE,TY,NN,21.2,110.0,70,NaN,287,9,287,9,NaN,NaN,NaN,NaN,NaN,NaN,NaN,NaN,NaN,NaN,TY,NW,B,B,NaN,NaN,0.63,NaN,NaN,NaN,
1960063006,05w.1960,OLIVE,TY,NN,21.2,107.8,60,NaN,276,15,276,15,NaN,NaN,NaN,NaN,NaN,NaN,NaN,NaN,NaN,NaN,TS,NW,B,B,NaN,NaN,0.08,NaN,NaN,NaN,
1960063012,05w.1960,OLIVE,TY,NN,21.5,105.0,50,NaN,274,23,274,23,NaN,NaN,NaN,NaN,NaN,NaN,NaN,NaN,NaN,NaN,TS,NW,B,B,NaN,NaN,0.97,NaN,NaN,NaN,
1960063018,05w.1960,OLIVE,TY,NN,22.2,102.0,30,NaN,281,27,281,27,NaN,NaN,NaN,NaN,NaN,NaN,NaN,NaN,NaN,NaN,TD,NW,B,B,NaN,NaN,0.99,NaN,NaN,NaN,
1960071712,w06.1960,9X-W06,TY,NN,17.7,127.6,30,NaN,326,4,326,4,NaN,NaN,NaN,NaN,NaN,NaN,NaN,NaN,NaN,NaN,TD,NW,B,B,NaN,NaN,NaN,NaN,NaN,NaN,
1960071718,06w.1960,POLLY,TY,NN,18.1,127.4,40,NaN,326,4,326,4,NaN,NaN,NaN,NaN,NaN,NaN,NaN,NaN,NaN,NaN,TS,NW,B,B,NaN,NaN,NaN,NaN,NaN,NaN,
1960071800,06w.1960,POLLY,TY,NN,18.4,127.1,45,NaN,326,4,326,4,NaN,NaN,NaN,NaN,NaN,NaN,NaN,NaN,NaN,NaN,TS,NW,B,B,NaN,NaN,NaN,NaN,NaN,NaN,
1960071806,06w.1960,POLLY,TY,NN,18.8,126.9,55,NaN,326,4,326,4,NaN,NaN,NaN,NaN,NaN,NaN,NaN,NaN,NaN,NaN,TS,NW,B,B,NaN,NaN,NaN,NaN,NaN,NaN,
1960071812,06w.1960,POLLY,TY,NN,19.1,126.6,65,NaN,326,4,326,4,NaN,NaN,NaN,NaN,NaN,NaN,NaN,NaN,NaN,NaN,TY,NW,B,B,NaN,NaN,NaN,NaN,NaN,NaN,
1960071818,06w.1960,POLLY,TY,NN,19.5,126.5,75,NaN,332,4,332,4,NaN,NaN,NaN,NaN,NaN,NaN,NaN,NaN,NaN,NaN,TY,NW,B,B,NaN,NaN,NaN,NaN,NaN,NaN,
1960071900,06w.1960,POLLY,TY,NN,19.7,126.4,80,NaN,343,3,343,3,NaN,NaN,NaN,NaN,NaN,NaN,NaN,NaN,NaN,NaN,TY,NW,B,B,NaN,NaN,NaN,NaN,NaN,NaN,
1960071906,06w.1960,POLLY,TY,NN,20.0,126.3,80,NaN,339,3,339,3,NaN,NaN,NaN,NaN,NaN,NaN,NaN,NaN,NaN,NaN,TY,NW,B,B,NaN,NaN,NaN,NaN,NaN,NaN,
1960071912,06w.1960,POLLY,TY,NN,20.3,126.4,90,NaN,360,3,360,3,NaN,NaN,NaN,NaN,NaN,NaN,NaN,NaN,NaN,NaN,TY,NW,B,B,NaN,NaN,NaN,NaN,NaN,NaN,
1960071918,06w.1960,POLLY,TY,NN,20.6,126.5,90,NaN,17,3,17,3,NaN,NaN,NaN,NaN,NaN,NaN,NaN,NaN,NaN,NaN,TY,NW,B,B,NaN,NaN,NaN,NaN,NaN,NaN,
1960072000,06w.1960,POLLY,TY,NN,20.8,126.7,95,NaN,29,3,29,3,NaN,NaN,NaN,NaN,NaN,NaN,NaN,NaN,NaN,NaN,TY,NW,B,B,NaN,NaN,NaN,NaN,NaN,NaN,
1960072006,06w.1960,POLLY,TY,NN,21.0,127.1,100,NaN,55,3,55,3,NaN,NaN,NaN,NaN,NaN,NaN,NaN,NaN,NaN,NaN,TY,NW,B,B,NaN,NaN,NaN,NaN,NaN,NaN,
1960072012,06w.1960,POLLY,TY,NN,21.3,127.3,110,NaN,48,4,48,4,NaN,NaN,NaN,NaN,NaN,NaN,NaN,NaN,NaN,NaN,TY,NW,B,B,NaN,NaN,NaN,NaN,NaN,NaN,
1960072018,06w.1960,POLLY,TY,NN,21.7,127.6,110,NaN,34,4,34,4,NaN,NaN,NaN,NaN,NaN,NaN,NaN,NaN,NaN,NaN,TY,NW,B,B,NaN,NaN,NaN,NaN,NaN,NaN,
1960072100,06w.1960,POLLY,TY,NN,22.1,127.8,115,NaN,30,5,30,5,NaN,NaN,NaN,NaN,NaN,NaN,NaN,NaN,NaN,NaN,TY,NW,B,B,NaN,NaN,NaN,NaN,NaN,NaN,
1960072106,06w.1960,POLLY,TY,NN,22.5,127.8,115,NaN,13,4,13,4,NaN,NaN,NaN,NaN,NaN,NaN,NaN,NaN,NaN,NaN,TY,NW,B,B,NaN,NaN,NaN,NaN,NaN,NaN,
1960072112,06w.1960,POLLY,TY,NN,23.0,127.7,115,NaN,354,5,354,5,NaN,NaN,NaN,NaN,NaN,NaN,NaN,NaN,NaN,NaN,TY,NW,B,B,NaN,NaN,NaN,NaN,NaN,NaN,
1960072118,06w.1960,POLLY,TY,NN,23.2,127.6,115,NaN,345,4,345,4,NaN,NaN,NaN,NaN,NaN,NaN,NaN,NaN,NaN,NaN,TY,NW,B,B,NaN,NaN,NaN,NaN,NaN,NaN,
1960072200,06w.1960,POLLY,TY,NN,23.4,127.4,115,NaN,325,2,325,2,NaN,NaN,NaN,NaN,NaN,NaN,NaN,NaN,NaN,NaN,TY,NW,B,B,NaN,NaN,NaN,NaN,NaN,NaN,
1960072206,06w.1960,POLLY,TY,NN,23.6,127.3,110,NaN,325,2,325,2,NaN,NaN,NaN,NaN,NaN,NaN,NaN,NaN,NaN,NaN,TY,NW,B,B,NaN,NaN,NaN,NaN,NaN,NaN,
1960072212,06w.1960,POLLY,TY,NN,23.8,127.2,110,NaN,335,2,335,2,NaN,NaN,NaN,NaN,NaN,NaN,NaN,NaN,NaN,NaN,TY,NW,B,B,NaN,NaN,NaN,NaN,NaN,NaN,
1960072218,06w.1960,POLLY,TY,NN,23.9,127.3,110,NaN,360,2,360,1,NaN,NaN,NaN,NaN,NaN,NaN,NaN,NaN,NaN,NaN,TY,NW,B,B,NaN,NaN,NaN,NaN,NaN,NaN,
1960072300,06w.1960,POLLY,TY,NN,24.1,127.3,105,NaN,17,2,17,2,NaN,NaN,NaN,NaN,NaN,NaN,NaN,NaN,NaN,NaN,TY,NW,B,B,NaN,NaN,NaN,NaN,NaN,NaN,
1960072306,06w.1960,POLLY,TY,NN,24.1,127.2,100,NaN,335,1,335,1,NaN,NaN,NaN,NaN,NaN,NaN,NaN,NaN,NaN,NaN,TY,NW,B,B,NaN,NaN,NaN,NaN,NaN,NaN,
1960072312,06w.1960,POLLY,TY,NN,23.8,127.1,100,NaN,211,2,211,2,NaN,NaN,NaN,NaN,NaN,NaN,NaN,NaN,NaN,NaN,TY,NW,B,B,NaN,NaN,NaN,NaN,NaN,NaN,
1960072318,06w.1960,POLLY,TY,NN,23.5,127.1,95,NaN,189,3,189,3,NaN,NaN,NaN,NaN,NaN,NaN,NaN,NaN,NaN,NaN,TY,NW,B,B,NaN,NaN,NaN,NaN,NaN,NaN,
1960072400,06w.1960,POLLY,TY,NN,23.7,127.2,90,NaN,138,1,138,1,NaN,NaN,NaN,NaN,NaN,NaN,NaN,NaN,NaN,NaN,TY,NW,B,B,NaN,NaN,NaN,NaN,NaN,NaN,
1960072406,06w.1960,POLLY,TY,NN,24.0,127.1,90,NaN,360,2,360,2,NaN,NaN,NaN,NaN,NaN,NaN,NaN,NaN,NaN,NaN,TY,NW,B,B,NaN,NaN,NaN,NaN,NaN,NaN,
1960072412,06w.1960,POLLY,TY,NN,24.2,127.0,80,NaN,340,3,340,3,NaN,NaN,NaN,NaN,NaN,NaN,NaN,NaN,NaN,NaN,TY,NW,B,B,NaN,NaN,NaN,NaN,NaN,NaN,
1960072418,06w.1960,POLLY,TY,NN,24.4,126.7,80,NaN,318,3,318,3,NaN,NaN,NaN,NaN,NaN,NaN,NaN,NaN,NaN,NaN,TY,NW,B,B,NaN,NaN,NaN,NaN,NaN,NaN,
1960072500,06w.1960,POLLY,TY,NN,24.6,126.5,75,NaN,311,3,311,3,NaN,NaN,NaN,NaN,NaN,NaN,NaN,NaN,NaN,NaN,TY,NW,B,B,NaN,NaN,NaN,NaN,NaN,NaN,
1960072506,06w.1960,POLLY,TY,NN,24.9,126.2,70,NaN,318,3,318,3,NaN,NaN,NaN,NaN,NaN,NaN,NaN,NaN,NaN,NaN,TY,NW,B,B,NaN,NaN,NaN,NaN,NaN,NaN,
1960072512,06w.1960,POLLY,TY,NN,25.2,125.9,70,NaN,318,4,318,4,NaN,NaN,NaN,NaN,NaN,NaN,NaN,NaN,NaN,NaN,TY,NW,B,B,NaN,NaN,NaN,NaN,NaN,NaN,
1960072518,06w.1960,POLLY,TY,NN,25.6,125.8,70,NaN,333,4,333,4,NaN,NaN,NaN,NaN,NaN,NaN,NaN,NaN,NaN,NaN,TY,NW,B,B,NaN,NaN,NaN,NaN,NaN,NaN,
1960072600,06w.1960,POLLY,TY,NN,26.0,125.6,70,NaN,341,4,341,4,NaN,NaN,NaN,NaN,NaN,NaN,NaN,NaN,NaN,NaN,TY,NW,B,B,NaN,NaN,NaN,NaN,NaN,NaN,
1960072606,06w.1960,POLLY,TY,NN,26.6,125.5,70,NaN,345,5,345,5,NaN,NaN,NaN,NaN,NaN,NaN,NaN,NaN,NaN,NaN,TY,NW,B,B,NaN,NaN,NaN,NaN,NaN,NaN,
1960072612,06w.1960,POLLY,TY,NN,27.2,125.4,65,NaN,352,6,352,6,NaN,NaN,NaN,NaN,NaN,NaN,NaN,NaN,NaN,NaN,TY,NW,B,B,NaN,NaN,NaN,NaN,NaN,NaN,
1960072618,06w.1960,POLLY,TY,NN,27.7,125.2,65,NaN,346,6,346,6,NaN,NaN,NaN,NaN,NaN,NaN,NaN,NaN,NaN,NaN,TY,NW,B,B,NaN,NaN,NaN,NaN,NaN,NaN,
1960072700,06w.1960,POLLY,TY,NN,28.5,125.0,65,NaN,345,7,345,7,NaN,NaN,NaN,NaN,NaN,NaN,NaN,NaN,NaN,NaN,TY,NW,B,B,NaN,NaN,NaN,NaN,NaN,NaN,
1960072706,06w.1960,POLLY,TY,NN,29.4,124.5,65,NaN,340,9,340,9,NaN,NaN,NaN,NaN,NaN,NaN,NaN,NaN,NaN,NaN,TY,NW,B,B,NaN,NaN,NaN,NaN,NaN,NaN,
1960072712,06w.1960,POLLY,TY,NN,30.7,123.9,65,NaN,337,12,337,12,NaN,NaN,NaN,NaN,NaN,NaN,NaN,NaN,NaN,NaN,TY,NW,B,B,NaN,NaN,NaN,NaN,NaN,NaN,
1960072718,06w.1960,POLLY,TY,NN,32.3,123.1,65,NaN,337,16,337,16,NaN,NaN,NaN,NaN,NaN,NaN,NaN,NaN,NaN,NaN,TY,NW,B,B,NaN,NaN,NaN,NaN,NaN,NaN,
1960072800,06w.1960,POLLY,TY,NN,33.9,122.3,65,NaN,337,17,337,17,NaN,NaN,NaN,NaN,NaN,NaN,NaN,NaN,NaN,NaN,TY,NW,B,B,NaN,NaN,NaN,NaN,NaN,NaN,
1960072806,06w.1960,POLLY,TY,NN,35.5,121.6,65,NaN,339,17,339,17,NaN,NaN,NaN,NaN,NaN,NaN,NaN,NaN,NaN,NaN,TY,NW,B,B,NaN,NaN,NaN,NaN,NaN,NaN,
1960072812,06w.1960,POLLY,TY,NN,37.1,121.2,60,NaN,344,17,344,17,NaN,NaN,NaN,NaN,NaN,NaN,NaN,NaN,NaN,NaN,TS,NW,B,B,NaN,NaN,0.88,NaN,NaN,NaN,
1960072818,06w.1960,POLLY,TY,NN,38.6,121.1,50,NaN,353,16,353,16,NaN,NaN,NaN,NaN,NaN,NaN,NaN,NaN,NaN,NaN,TS,NW,B,B,NaN,NaN,0.07,NaN,NaN,NaN,
1960072900,06w.1960,POLLY,TY,NN,40.1,121.4,45,NaN,3,15,3,15,NaN,NaN,NaN,NaN,NaN,NaN,NaN,NaN,NaN,NaN,TS,NW,B,B,NaN,NaN,0.24,NaN,NaN,NaN,
1960072906,06w.1960,POLLY,TY,NN,42.2,120.9,35,NaN,358,18,358,18,NaN,NaN,NaN,NaN,NaN,NaN,NaN,NaN,NaN,NaN,TS,NW,B,B,NaN,NaN,0.98,NaN,NaN,NaN,
1960072912,06w.1960,POLLY,TY,NN,44.5,120.5,35,NaN,351,22,351,22,NaN,NaN,NaN,NaN,NaN,NaN,NaN,NaN,NaN,NaN,TS,NW,B,B,NaN,NaN,0.99,NaN,NaN,NaN,
1960072918,06w.1960,POLLY,TY,NN,45.5,121.0,20,NaN,1,17,1,17,NaN,NaN,NaN,NaN,NaN,NaN,NaN,NaN,NaN,NaN,NT,NW,B,B,NaN,NaN,0.99,NaN,NaN,NaN,
1960072500,w07.1960,9X-W07,TS,NN,22.7,152.0,30,NaN,291,10,291,10,NaN,NaN,NaN,NaN,NaN,NaN,NaN,NaN,NaN,NaN,TD,NW,B,B,NaN,NaN,NaN,NaN,NaN,NaN,
1960072506,w07.1960,9X-W07,TS,NN,23.0,151.0,30,NaN,291,10,291,10,NaN,NaN,NaN,NaN,NaN,NaN,NaN,NaN,NaN,NaN,TD,NW,B,B,NaN,NaN,NaN,NaN,NaN,NaN,
1960072512,07w.1960,ROSE,TS,NN,23.4,150.0,35,NaN,291,10,291,10,NaN,NaN,NaN,NaN,NaN,NaN,NaN,NaN,NaN,NaN,TS,NW,B,B,NaN,NaN,NaN,NaN,NaN,NaN,
1960072518,07w.1960,ROSE,TS,NN,23.7,148.9,40,NaN,290,10,290,10,NaN,NaN,NaN,NaN,NaN,NaN,NaN,NaN,NaN,NaN,TS,NW,B,B,NaN,NaN,NaN,NaN,NaN,NaN,
1960072600,07w.1960,ROSE,TS,NN,26.0,147.5,40,NaN,319,17,319,17,NaN,NaN,NaN,NaN,NaN,NaN,NaN,NaN,NaN,NaN,TS,NW,B,B,NaN,NaN,NaN,NaN,NaN,NaN,
1960072606,07w.1960,ROSE,TS,NN,27.5,146.0,35,NaN,325,23,325,23,NaN,NaN,NaN,NaN,NaN,NaN,NaN,NaN,NaN,NaN,TS,NW,B,B,NaN,NaN,NaN,NaN,NaN,NaN,
1960072612,07w.1960,ROSE,TS,NN,29.8,145.6,35,NaN,336,21,336,21,NaN,NaN,NaN,NaN,NaN,NaN,NaN,NaN,NaN,NaN,TS,NW,B,B,NaN,NaN,NaN,NaN,NaN,NaN,
1960072618,07w.1960,ROSE,TS,NN,31.2,144.5,35,NaN,341,20,341,20,NaN,NaN,NaN,NaN,NaN,NaN,NaN,NaN,NaN,NaN,TS,NW,B,B,NaN,NaN,NaN,NaN,NaN,NaN,
1960072700,07w.1960,ROSE,TS,NN,31.6,145.3,35,NaN,352,9,352,9,NaN,NaN,NaN,NaN,NaN,NaN,NaN,NaN,NaN,NaN,TS,NW,B,B,NaN,NaN,NaN,NaN,NaN,NaN,
1960072706,07w.1960,ROSE,TS,NN,32.2,144.9,35,NaN,19,5,19,5,NaN,NaN,NaN,NaN,NaN,NaN,NaN,NaN,NaN,NaN,TS,NW,B,B,NaN,NaN,NaN,NaN,NaN,NaN,
1960072712,07w.1960,ROSE,TS,NN,35.0,146.6,30,NaN,18,18,18,18,NaN,NaN,NaN,NaN,NaN,NaN,NaN,NaN,NaN,NaN,TD,NW,B,B,NaN,NaN,NaN,NaN,NaN,NaN,
1960072718,07w.1960,ROSE,TS,NN,36.8,147.7,30,NaN,27,26,27,26,NaN,NaN,NaN,NaN,NaN,NaN,NaN,NaN,NaN,NaN,TD,NW,B,B,NaN,NaN,NaN,NaN,NaN,NaN,
1960072800,07w.1960,ROSE,TS,NN,36.4,147.2,30,NaN,19,7,19,7,NaN,NaN,NaN,NaN,NaN,NaN,NaN,NaN,NaN,NaN,TD,NW,B,B,NaN,NaN,NaN,NaN,NaN,NaN,
1960072900,w08.1960,9X-W08,STY,NN,18.2,128.1,25,NaN,321,9,321,9,NaN,NaN,NaN,NaN,NaN,NaN,NaN,NaN,NaN,NaN,TD,NW,B,B,NaN,NaN,NaN,NaN,NaN,NaN,
1960072906,08w.1960,SHIRLEY,STY,NN,18.9,127.5,35,NaN,321,9,321,9,NaN,NaN,NaN,NaN,NaN,NaN,NaN,NaN,NaN,NaN,TS,NW,B,B,NaN,NaN,NaN,NaN,NaN,NaN,
1960072912,08w.1960,SHIRLEY,STY,NN,19.6,126.9,45,NaN,321,9,321,9,NaN,NaN,NaN,NaN,NaN,NaN,NaN,NaN,NaN,NaN,TS,NW,B,B,NaN,NaN,NaN,NaN,NaN,NaN,
1960072918,08w.1960,SHIRLEY,STY,NN,20.2,126.2,50,NaN,317,9,317,9,NaN,NaN,NaN,NaN,NaN,NaN,NaN,NaN,NaN,NaN,TS,NW,B,B,NaN,NaN,NaN,NaN,NaN,NaN,
1960073000,08w.1960,SHIRLEY,STY,NN,20.8,125.6,65,NaN,315,9,315,9,NaN,NaN,NaN,NaN,NaN,NaN,NaN,NaN,NaN,NaN,TY,NW,B,B,NaN,NaN,NaN,NaN,NaN,NaN,
1960073006,08w.1960,SHIRLEY,STY,NN,21.6,125.0,90,NaN,321,9,321,9,NaN,NaN,NaN,NaN,NaN,NaN,NaN,NaN,NaN,NaN,TY,NW,B,B,NaN,NaN,NaN,NaN,NaN,NaN,
1960073012,08w.1960,SHIRLEY,STY,NN,22.2,124.3,110,NaN,319,9,319,9,NaN,NaN,NaN,NaN,NaN,NaN,NaN,NaN,NaN,NaN,TY,NW,B,B,NaN,NaN,NaN,NaN,NaN,NaN,
1960073018,08w.1960,SHIRLEY,STY,NN,22.8,123.8,130,NaN,317,8,317,8,NaN,NaN,NaN,NaN,NaN,NaN,NaN,NaN,NaN,NaN,STY,NW,B,B,NaN,NaN,NaN,NaN,NaN,NaN,
1960073100,08w.1960,SHIRLEY,STY,NN,23.6,123.4,135,NaN,329,8,329,8,NaN,NaN,NaN,NaN,NaN,NaN,NaN,NaN,NaN,NaN,STY,NW,B,B,NaN,NaN,NaN,NaN,NaN,NaN,
1960073106,08w.1960,SHIRLEY,STY,NN,24.2,122.8,130,NaN,327,8,327,8,NaN,NaN,NaN,NaN,NaN,NaN,NaN,NaN,NaN,NaN,STY,NW,B,B,NaN,NaN,NaN,NaN,NaN,NaN,
1960073112,08w.1960,SHIRLEY,STY,NN,24.7,122.2,120,NaN,315,8,315,8,NaN,NaN,NaN,NaN,NaN,NaN,NaN,NaN,NaN,NaN,TY,NW,B,B,NaN,NaN,0.28,NaN,NaN,NaN,
1960073118,08w.1960,SHIRLEY,STY,NN,25.1,121.4,100,NaN,305,8,305,8,NaN,NaN,NaN,NaN,NaN,NaN,NaN,NaN,NaN,NaN,TY,NW,B,B,NaN,NaN,0.57,NaN,NaN,NaN,
1960080100,08w.1960,SHIRLEY,STY,NN,25.5,120.7,90,NaN,300,8,300,8,NaN,NaN,NaN,NaN,NaN,NaN,NaN,NaN,NaN,NaN,TY,NW,B,B,NaN,NaN,NaN,NaN,NaN,NaN,
1960080106,08w.1960,SHIRLEY,STY,NN,26.0,120.1,70,NaN,308,7,308,7,NaN,NaN,NaN,NaN,NaN,NaN,NaN,NaN,NaN,NaN,TY,NW,B,B,NaN,NaN,0.14,NaN,NaN,NaN,
1960080112,08w.1960,SHIRLEY,STY,NN,26.6,119.7,60,NaN,321,7,321,7,NaN,NaN,NaN,NaN,NaN,NaN,NaN,NaN,NaN,NaN,TS,NW,B,B,NaN,NaN,0.71,NaN,NaN,NaN,
1960080118,08w.1960,SHIRLEY,STY,NN,27.6,119.3,45,NaN,336,9,336,9,NaN,NaN,NaN,NaN,NaN,NaN,NaN,NaN,NaN,NaN,TS,NW,B,B,NaN,NaN,0.99,NaN,NaN,NaN,
1960080200,08w.1960,SHIRLEY,STY,NN,28.9,119.3,35,NaN,351,12,351,12,NaN,NaN,NaN,NaN,NaN,NaN,NaN,NaN,NaN,NaN,TS,NW,B,B,NaN,NaN,0.98,NaN,NaN,NaN,
1960080206,08w.1960,SHIRLEY,STY,NN,30.4,118.9,30,NaN,353,14,353,14,NaN,NaN,NaN,NaN,NaN,NaN,NaN,NaN,NaN,NaN,TD,NW,B,B,NaN,NaN,0.99,NaN,NaN,NaN,
1960080212,08w.1960,SHIRLEY,STY,NN,31.4,118.2,20,NaN,339,13,339,13,NaN,NaN,NaN,NaN,NaN,NaN,NaN,NaN,NaN,NaN,NT,NW,B,B,NaN,NaN,0.87,NaN,NaN,NaN,
1960080218,08w.1960,SHIRLEY,STY,NN,32.3,117.9,20,NaN,336,10,336,10,NaN,NaN,NaN,NaN,NaN,NaN,NaN,NaN,NaN,NaN,NT,NW,B,B,NaN,NaN,0.94,NaN,NaN,NaN,
1960080400,09w.1960,TRIX,TY,NN,15.0,135.8,40,NaN,316,4,316,4,NaN,NaN,NaN,NaN,NaN,NaN,NaN,NaN,NaN,NaN,TS,NW,B,B,NaN,NaN,NaN,NaN,NaN,NaN,
1960080406,09w.1960,TRIX,TY,NN,15.2,135.6,40,NaN,316,4,316,4,NaN,NaN,NaN,NaN,NaN,NaN,NaN,NaN,NaN,NaN,TS,NW,B,B,NaN,NaN,NaN,NaN,NaN,NaN,
1960080412,09w.1960,TRIX,TY,NN,15.6,135.2,45,NaN,316,4,316,4,NaN,NaN,NaN,NaN,NaN,NaN,NaN,NaN,NaN,NaN,TS,NW,B,B,NaN,NaN,NaN,NaN,NaN,NaN,
1960080418,09w.1960,TRIX,TY,NN,16.1,134.8,50,NaN,319,6,319,6,NaN,NaN,NaN,NaN,NaN,NaN,NaN,NaN,NaN,NaN,TS,NW,B,B,NaN,NaN,NaN,NaN,NaN,NaN,
1960080500,09w.1960,TRIX,TY,NN,16.6,134.5,60,NaN,326,6,326,6,NaN,NaN,NaN,NaN,NaN,NaN,NaN,NaN,NaN,NaN,TS,NW,B,B,NaN,NaN,NaN,NaN,NaN,NaN,
1960080506,09w.1960,TRIX,TY,NN,17.2,134.2,65,NaN,332,6,332,6,NaN,NaN,NaN,NaN,NaN,NaN,NaN,NaN,NaN,NaN,TY,NW,B,B,NaN,NaN,NaN,NaN,NaN,NaN,
1960080512,09w.1960,TRIX,TY,NN,17.9,133.8,70,NaN,333,7,333,7,NaN,NaN,NaN,NaN,NaN,NaN,NaN,NaN,NaN,NaN,TY,NW,B,B,NaN,NaN,NaN,NaN,NaN,NaN,
1960080518,09w.1960,TRIX,TY,NN,18.8,133.4,80,NaN,335,9,335,9,NaN,NaN,NaN,NaN,NaN,NaN,NaN,NaN,NaN,NaN,TY,NW,B,B,NaN,NaN,NaN,NaN,NaN,NaN,
1960080600,09w.1960,TRIX,TY,NN,19.8,132.9,100,NaN,336,10,336,10,NaN,NaN,NaN,NaN,NaN,NaN,NaN,NaN,NaN,NaN,TY,NW,B,B,NaN,NaN,NaN,NaN,NaN,NaN,
1960080606,09w.1960,TRIX,TY,NN,20.8,132.3,105,NaN,333,11,333,11,NaN,NaN,NaN,NaN,NaN,NaN,NaN,NaN,NaN,NaN,TY,NW,B,B,NaN,NaN,NaN,NaN,NaN,NaN,
1960080612,09w.1960,TRIX,TY,NN,21.7,131.6,120,NaN,327,11,327,11,NaN,NaN,NaN,NaN,NaN,NaN,NaN,NaN,NaN,NaN,TY,NW,B,B,NaN,NaN,NaN,NaN,NaN,NaN,
1960080618,09w.1960,TRIX,TY,NN,22.9,130.4,125,NaN,320,14,320,14,NaN,NaN,NaN,NaN,NaN,NaN,NaN,NaN,NaN,NaN,TY,NW,B,B,NaN,NaN,NaN,NaN,NaN,NaN,
1960080700,09w.1960,TRIX,TY,NN,23.9,128.9,125,NaN,311,17,311,17,NaN,NaN,NaN,NaN,NaN,NaN,NaN,NaN,NaN,NaN,TY,NW,B,B,NaN,NaN,NaN,NaN,NaN,NaN,
1960080706,09w.1960,TRIX,TY,NN,24.8,127.1,120,NaN,302,18,302,18,NaN,NaN,NaN,NaN,NaN,NaN,NaN,NaN,NaN,NaN,TY,NW,B,B,NaN,NaN,NaN,NaN,NaN,NaN,
1960080712,09w.1960,TRIX,TY,NN,25.2,124.9,120,NaN,290,19,290,19,NaN,NaN,NaN,NaN,NaN,NaN,NaN,NaN,NaN,NaN,TY,NW,B,B,NaN,NaN,0.03,NaN,NaN,NaN,
1960080718,09w.1960,TRIX,TY,NN,25.3,123.2,100,NaN,278,18,278,18,NaN,NaN,NaN,NaN,NaN,NaN,NaN,NaN,NaN,NaN,TY,NW,B,B,NaN,NaN,NaN,NaN,NaN,NaN,
1960080800,09w.1960,TRIX,TY,NN,25.2,121.9,85,NaN,270,14,270,14,NaN,NaN,NaN,NaN,NaN,NaN,NaN,NaN,NaN,NaN,TY,NW,B,B,NaN,NaN,0.25,NaN,NaN,NaN,
1960080806,09w.1960,TRIX,TY,NN,25.1,120.6,75,NaN,265,12,265,12,NaN,NaN,NaN,NaN,NaN,NaN,NaN,NaN,NaN,NaN,TY,NW,B,B,NaN,NaN,0.07,NaN,NaN,NaN,
1960080812,09w.1960,TRIX,TY,NN,24.7,119.5,70,NaN,257,11,257,11,NaN,NaN,NaN,NaN,NaN,NaN,NaN,NaN,NaN,NaN,TY,NW,B,B,NaN,NaN,NaN,NaN,NaN,NaN,
1960080818,09w.1960,TRIX,TY,NN,24.3,118.5,60,NaN,247,10,247,10,NaN,NaN,NaN,NaN,NaN,NaN,NaN,NaN,NaN,NaN,TS,NW,B,B,NaN,NaN,0.34,NaN,NaN,NaN,
1960080900,09w.1960,TRIX,TY,NN,24.1,117.5,50,NaN,252,10,252,10,NaN,NaN,NaN,NaN,NaN,NaN,NaN,NaN,NaN,NaN,TS,NW,B,B,NaN,NaN,0.65,NaN,NaN,NaN,
1960080906,09w.1960,TRIX,TY,NN,24.0,116.7,35,NaN,260,8,260,8,NaN,NaN,NaN,NaN,NaN,NaN,NaN,NaN,NaN,NaN,TS,NW,B,B,NaN,NaN,0.96,NaN,NaN,NaN,
1960080912,09w.1960,TRIX,TY,NN,24.0,115.9,25,NaN,266,7,266,7,NaN,NaN,NaN,NaN,NaN,NaN,NaN,NaN,NaN,NaN,TD,NW,B,B,NaN,NaN,0.99,NaN,NaN,NaN,
1960080918,09w.1960,TRIX,TY,NN,24.0,115.2,20,NaN,270,7,270,7,NaN,NaN,NaN,NaN,NaN,NaN,NaN,NaN,NaN,NaN,NT,NW,B,B,NaN,NaN,0.97,NaN,NaN,NaN,
1960081000,09w.1960,TRIX,TY,NN,24.0,114.5,20,NaN,270,6,270,6,NaN,NaN,NaN,NaN,NaN,NaN,NaN,NaN,NaN,NaN,NT,NW,B,B,NaN,NaN,0.96,NaN,NaN,NaN,
1960080800,10w.1960,VIRGINIA,TY,NN,18.9,140.1,35,NaN,21,6,21,6,NaN,NaN,NaN,NaN,NaN,NaN,NaN,NaN,NaN,NaN,TS,NW,B,B,NaN,NaN,NaN,NaN,NaN,NaN,
1960080806,10w.1960,VIRGINIA,TY,NN,19.5,140.1,40,NaN,21,6,21,6,NaN,NaN,NaN,NaN,NaN,NaN,NaN,NaN,NaN,NaN,TS,NW,B,B,NaN,NaN,NaN,NaN,NaN,NaN,
1960080812,10w.1960,VIRGINIA,TY,NN,20.1,140.6,45,NaN,21,6,21,6,NaN,NaN,NaN,NaN,NaN,NaN,NaN,NaN,NaN,NaN,TS,NW,B,B,NaN,NaN,NaN,NaN,NaN,NaN,
1960080818,10w.1960,VIRGINIA,TY,NN,20.7,141.2,60,NaN,41,8,41,8,NaN,NaN,NaN,NaN,NaN,NaN,NaN,NaN,NaN,NaN,TS,NW,B,B,NaN,NaN,NaN,NaN,NaN,NaN,
1960080900,10w.1960,VIRGINIA,TY,NN,21.6,141.7,70,NaN,34,9,34,9,NaN,NaN,NaN,NaN,NaN,NaN,NaN,NaN,NaN,NaN,TY,NW,B,B,NaN,NaN,NaN,NaN,NaN,NaN,
1960080906,10w.1960,VIRGINIA,TY,NN,23.1,141.7,75,NaN,11,12,11,12,NaN,NaN,NaN,NaN,NaN,NaN,NaN,NaN,NaN,NaN,TY,NW,B,B,NaN,NaN,NaN,NaN,NaN,NaN,
1960080912,10w.1960,VIRGINIA,TY,NN,24.9,140.9,80,NaN,347,17,347,17,NaN,NaN,NaN,NaN,NaN,NaN,NaN,NaN,NaN,NaN,TY,NW,B,B,NaN,NaN,NaN,NaN,NaN,NaN,
1960080918,10w.1960,VIRGINIA,TY,NN,26.9,139.7,80,NaN,335,21,335,21,NaN,NaN,NaN,NaN,NaN,NaN,NaN,NaN,NaN,NaN,TY,NW,B,B,NaN,NaN,NaN,NaN,NaN,NaN,
1960081000,10w.1960,VIRGINIA,TY,NN,28.9,138.1,85,NaN,328,24,328,24,NaN,NaN,NaN,NaN,NaN,NaN,NaN,NaN,NaN,NaN,TY,NW,B,B,NaN,NaN,NaN,NaN,NaN,NaN,
1960081006,10w.1960,VIRGINIA,TY,NN,30.6,136.5,85,NaN,323,23,323,23,NaN,NaN,NaN,NaN,NaN,NaN,NaN,NaN,NaN,NaN,TY,NW,B,B,NaN,NaN,NaN,NaN,NaN,NaN,
1960081012,10w.1960,VIRGINIA,TY,NN,32.2,135.0,80,NaN,321,21,321,21,NaN,NaN,NaN,NaN,NaN,NaN,NaN,NaN,NaN,NaN,TY,NW,B,B,NaN,NaN,NaN,NaN,NaN,NaN,
1960081018,10w.1960,VIRGINIA,TY,NN,33.3,133.9,70,NaN,321,17,321,17,NaN,NaN,NaN,NaN,NaN,NaN,NaN,NaN,NaN,NaN,TY,NW,B,B,NaN,NaN,0.51,NaN,NaN,NaN,
1960081100,10w.1960,VIRGINIA,TY,NN,34.3,133.5,50,NaN,329,12,329,12,NaN,NaN,NaN,NaN,NaN,NaN,NaN,NaN,NaN,NaN,TS,NW,B,B,NaN,NaN,0.70,NaN,NaN,NaN,
1960081106,10w.1960,VIRGINIA,TY,NN,35.4,133.6,45,NaN,353,11,353,11,NaN,NaN,NaN,NaN,NaN,NaN,NaN,NaN,NaN,NaN,TS,NW,B,B,NaN,NaN,0.51,NaN,NaN,NaN,
1960081112,10w.1960,VIRGINIA,TY,NN,36.9,134.5,55,NaN,17,14,17,14,NaN,NaN,NaN,NaN,NaN,NaN,NaN,NaN,NaN,NaN,TS,NW,B,B,NaN,NaN,NaN,NaN,NaN,NaN,
1960081118,10w.1960,VIRGINIA,TY,NN,38.3,136.4,65,NaN,38,18,38,18,NaN,NaN,NaN,NaN,NaN,NaN,NaN,NaN,NaN,NaN,TY,NW,B,B,NaN,NaN,NaN,NaN,NaN,NaN,
1960081200,10w.1960,VIRGINIA,TY,NN,39.9,139.3,65,NaN,51,24,51,24,NaN,NaN,NaN,NaN,NaN,NaN,NaN,NaN,NaN,NaN,TY,NW,B,B,NaN,NaN,0.04,NaN,NaN,NaN,
1960081206,10w.1960,VIRGINIA,TY,NN,41.4,145.0,60,NaN,65,36,65,36,NaN,NaN,NaN,NaN,NaN,NaN,NaN,NaN,NaN,NaN,TS,NW,B,B,NaN,NaN,NaN,NaN,NaN,NaN,
1960081212,10w.1960,VIRGINIA,TY,NN,42.8,150.0,30,NaN,70,43,70,43,NaN,NaN,NaN,NaN,NaN,NaN,NaN,NaN,NaN,NaN,TD,NW,B,B,NaN,NaN,NaN,NaN,NaN,NaN,
1960081218,10w.1960,VIRGINIA,TY,NN,43.5,154.5,25,NaN,73,37,73,37,NaN,NaN,NaN,NaN,NaN,NaN,NaN,NaN,NaN,NaN,TD,NW,B,B,NaN,NaN,NaN,NaN,NaN,NaN,
1960081300,10w.1960,VIRGINIA,TY,NN,44.0,159.0,25,NaN,80,33,80,33,NaN,NaN,NaN,NaN,NaN,NaN,NaN,NaN,NaN,NaN,TD,NW,B,B,NaN,NaN,NaN,NaN,NaN,NaN,
1960081012,11w.1960,WENDY,TY,NN,23.6,137.5,40,NaN,353,11,353,11,NaN,NaN,NaN,NaN,NaN,NaN,NaN,NaN,NaN,NaN,TS,NW,B,B,NaN,NaN,NaN,NaN,NaN,NaN,
1960081018,11w.1960,WENDY,TY,NN,24.6,137.6,50,NaN,353,11,353,11,NaN,NaN,NaN,NaN,NaN,NaN,NaN,NaN,NaN,NaN,TS,NW,B,B,NaN,NaN,NaN,NaN,NaN,NaN,
1960081100,11w.1960,WENDY,TY,NN,25.7,137.2,55,NaN,353,11,353,11,NaN,NaN,NaN,NaN,NaN,NaN,NaN,NaN,NaN,NaN,TS,NW,B,B,NaN,NaN,NaN,NaN,NaN,NaN,
1960081106,11w.1960,WENDY,TY,NN,26.8,136.2,60,NaN,330,13,330,13,NaN,NaN,NaN,NaN,NaN,NaN,NaN,NaN,NaN,NaN,TS,NW,B,B,NaN,NaN,NaN,NaN,NaN,NaN,
1960081112,11w.1960,WENDY,TY,NN,28.4,135.1,70,NaN,325,16,325,16,NaN,NaN,NaN,NaN,NaN,NaN,NaN,NaN,NaN,NaN,TY,NW,B,B,NaN,NaN,NaN,NaN,NaN,NaN,
1960081118,11w.1960,WENDY,TY,NN,30.3,134.5,70,NaN,337,19,337,19,NaN,NaN,NaN,NaN,NaN,NaN,NaN,NaN,NaN,NaN,TY,NW,B,B,NaN,NaN,NaN,NaN,NaN,NaN,
1960081200,11w.1960,WENDY,TY,NN,31.7,134.4,75,NaN,350,17,350,17,NaN,NaN,NaN,NaN,NaN,NaN,NaN,NaN,NaN,NaN,TY,NW,B,B,NaN,NaN,NaN,NaN,NaN,NaN,
1960081206,11w.1960,WENDY,TY,NN,32.8,134.2,70,NaN,354,13,354,13,NaN,NaN,NaN,NaN,NaN,NaN,NaN,NaN,NaN,NaN,TY,NW,B,B,NaN,NaN,0.05,NaN,NaN,NaN,
1960081212,11w.1960,WENDY,TY,NN,34.1,134.1,50,NaN,354,12,354,12,NaN,NaN,NaN,NaN,NaN,NaN,NaN,NaN,NaN,NaN,TS,NW,B,B,NaN,NaN,0.74,NaN,NaN,NaN,
1960081218,11w.1960,WENDY,TY,NN,35.7,134.9,45,NaN,11,15,11,15,NaN,NaN,NaN,NaN,NaN,NaN,NaN,NaN,NaN,NaN,TS,NW,B,B,NaN,NaN,0.65,NaN,NaN,NaN,
1960081300,11w.1960,WENDY,TY,NN,37.6,137.7,45,NaN,40,23,40,23,NaN,NaN,NaN,NaN,NaN,NaN,NaN,NaN,NaN,NaN,TS,NW,B,B,NaN,NaN,0.08,NaN,NaN,NaN,
1960081306,11w.1960,WENDY,TY,NN,38.9,141.1,45,NaN,57,29,57,29,NaN,NaN,NaN,NaN,NaN,NaN,NaN,NaN,NaN,NaN,TS,NW,B,B,NaN,NaN,0.98,NaN,NaN,NaN,
1960081200,12w.1960,AGNES,TS,NN,21.0,132.5,35,NaN,309,7,309,7,NaN,NaN,NaN,NaN,NaN,NaN,NaN,NaN,NaN,NaN,TS,NW,B,B,NaN,NaN,NaN,NaN,NaN,NaN,
1960081206,12w.1960,AGNES,TS,NN,20.7,131.9,40,NaN,309,7,309,7,NaN,NaN,NaN,NaN,NaN,NaN,NaN,NaN,NaN,NaN,TS,NW,B,B,NaN,NaN,NaN,NaN,NaN,NaN,
1960081212,12w.1960,AGNES,TS,NN,21.9,131.3,45,NaN,309,7,309,7,NaN,NaN,NaN,NaN,NaN,NaN,NaN,NaN,NaN,NaN,TS,NW,B,B,NaN,NaN,NaN,NaN,NaN,NaN,
1960081218,12w.1960,AGNES,TS,NN,22.6,131.1,45,NaN,339,10,339,10,NaN,NaN,NaN,NaN,NaN,NaN,NaN,NaN,NaN,NaN,TS,NW,B,B,NaN,NaN,NaN,NaN,NaN,NaN,
1960081300,12w.1960,AGNES,TS,NN,23.1,129.4,50,NaN,304,11,304,11,NaN,NaN,NaN,NaN,NaN,NaN,NaN,NaN,NaN,NaN,TS,NW,B,B,NaN,NaN,NaN,NaN,NaN,NaN,
1960081306,12w.1960,AGNES,TS,NN,24.0,128.7,50,NaN,302,13,302,13,NaN,NaN,NaN,NaN,NaN,NaN,NaN,NaN,NaN,NaN,TS,NW,B,B,NaN,NaN,NaN,NaN,NaN,NaN,
1960081312,12w.1960,AGNES,TS,NN,23.6,127.7,50,NaN,288,8,288,8,NaN,NaN,NaN,NaN,NaN,NaN,NaN,NaN,NaN,NaN,TS,NW,B,B,NaN,NaN,NaN,NaN,NaN,NaN,
1960081318,12w.1960,AGNES,TS,NN,24.6,125.1,50,NaN,280,17,280,17,NaN,NaN,NaN,NaN,NaN,NaN,NaN,NaN,NaN,NaN,TS,NW,B,B,NaN,NaN,0.03,NaN,NaN,NaN,
1960081400,12w.1960,AGNES,TS,NN,25.0,123.2,50,NaN,289,22,289,22,NaN,NaN,NaN,NaN,NaN,NaN,NaN,NaN,NaN,NaN,TS,NW,B,B,NaN,NaN,NaN,NaN,NaN,NaN,
1960081406,12w.1960,AGNES,TS,NN,24.5,121.6,50,NaN,268,16,268,16,NaN,NaN,NaN,NaN,NaN,NaN,NaN,NaN,NaN,NaN,TS,NW,B,B,NaN,NaN,0.77,NaN,NaN,NaN,
1960081412,12w.1960,AGNES,TS,NN,24.4,120.1,45,NaN,258,14,258,14,NaN,NaN,NaN,NaN,NaN,NaN,NaN,NaN,NaN,NaN,TS,NW,B,B,NaN,NaN,0.02,NaN,NaN,NaN,
1960081418,12w.1960,AGNES,TS,NN,23.2,118.7,45,NaN,244,15,244,15,NaN,NaN,NaN,NaN,NaN,NaN,NaN,NaN,NaN,NaN,TS,NW,B,B,NaN,NaN,NaN,NaN,NaN,NaN,
1960081500,12w.1960,AGNES,TS,NN,21.7,118.0,40,NaN,216,17,216,17,NaN,NaN,NaN,NaN,NaN,NaN,NaN,NaN,NaN,NaN,TS,NW,B,B,NaN,NaN,NaN,NaN,NaN,NaN,
1960081506,12w.1960,AGNES,TS,NN,21.2,116.6,40,NaN,224,14,224,14,NaN,NaN,NaN,NaN,NaN,NaN,NaN,NaN,NaN,NaN,TS,NW,B,B,NaN,NaN,NaN,NaN,NaN,NaN,
1960081512,12w.1960,AGNES,TS,NN,21.5,116.2,35,NaN,263,8,263,8,NaN,NaN,NaN,NaN,NaN,NaN,NaN,NaN,NaN,NaN,TS,NW,B,B,NaN,NaN,NaN,NaN,NaN,NaN,
1960081518,12w.1960,AGNES,TS,NN,21.1,115.6,35,NaN,264,5,264,5,NaN,NaN,NaN,NaN,NaN,NaN,NaN,NaN,NaN,NaN,TS,NW,B,B,NaN,NaN,NaN,NaN,NaN,NaN,
1960081600,12w.1960,AGNES,TS,NN,20.7,115.0,25,NaN,234,7,234,7,NaN,NaN,NaN,NaN,NaN,NaN,NaN,NaN,NaN,NaN,TD,NW,B,B,NaN,NaN,NaN,NaN,NaN,NaN,
1960081606,13w.1960,BESS,TY,NN,23.5,146.5,40,NaN,318,2,318,2,NaN,NaN,NaN,NaN,NaN,NaN,NaN,NaN,NaN,NaN,TS,NW,B,B,NaN,NaN,NaN,NaN,NaN,NaN,
1960081612,13w.1960,BESS,TY,NN,23.6,146.4,45,NaN,318,2,318,2,NaN,NaN,NaN,NaN,NaN,NaN,NaN,NaN,NaN,NaN,TS,NW,B,B,NaN,NaN,NaN,NaN,NaN,NaN,
1960081618,13w.1960,BESS,TY,NN,23.8,146.2,50,NaN,318,2,318,2,NaN,NaN,NaN,NaN,NaN,NaN,NaN,NaN,NaN,NaN,TS,NW,B,B,NaN,NaN,NaN,NaN,NaN,NaN,
1960081700,13w.1960,BESS,TY,NN,24.1,146.0,50,NaN,324,3,324,3,NaN,NaN,NaN,NaN,NaN,NaN,NaN,NaN,NaN,NaN,TS,NW,B,B,NaN,NaN,NaN,NaN,NaN,NaN,
1960081706,13w.1960,BESS,TY,NN,24.3,145.8,55,NaN,324,3,324,3,NaN,NaN,NaN,NaN,NaN,NaN,NaN,NaN,NaN,NaN,TS,NW,B,B,NaN,NaN,NaN,NaN,NaN,NaN,
1960081712,13w.1960,BESS,TY,NN,24.8,145.3,60,NaN,318,5,318,5,NaN,NaN,NaN,NaN,NaN,NaN,NaN,NaN,NaN,NaN,TS,NW,B,B,NaN,NaN,NaN,NaN,NaN,NaN,
1960081718,13w.1960,BESS,TY,NN,25.5,144.3,60,NaN,311,9,311,9,NaN,NaN,NaN,NaN,NaN,NaN,NaN,NaN,NaN,NaN,TS,NW,B,B,NaN,NaN,NaN,NaN,NaN,NaN,
1960081800,13w.1960,BESS,TY,NN,26.1,143.2,60,NaN,304,11,304,11,NaN,NaN,NaN,NaN,NaN,NaN,NaN,NaN,NaN,NaN,TS,NW,B,B,NaN,NaN,NaN,NaN,NaN,NaN,
1960081806,13w.1960,BESS,TY,NN,26.4,142.5,55,NaN,299,9,299,9,NaN,NaN,NaN,NaN,NaN,NaN,NaN,NaN,NaN,NaN,TS,NW,B,B,NaN,NaN,NaN,NaN,NaN,NaN,
1960081812,13w.1960,BESS,TY,NN,26.7,141.9,55,NaN,297,7,297,7,NaN,NaN,NaN,NaN,NaN,NaN,NaN,NaN,NaN,NaN,TS,NW,B,B,NaN,NaN,NaN,NaN,NaN,NaN,
1960081818,13w.1960,BESS,TY,NN,27.1,141.3,55,NaN,303,6,303,6,NaN,NaN,NaN,NaN,NaN,NaN,NaN,NaN,NaN,NaN,TS,NW,B,B,NaN,NaN,NaN,NaN,NaN,NaN,
1960081900,13w.1960,BESS,TY,NN,28.1,140.6,55,NaN,320,9,320,9,NaN,NaN,NaN,NaN,NaN,NaN,NaN,NaN,NaN,NaN,TS,NW,B,B,NaN,NaN,NaN,NaN,NaN,NaN,
1960081906,13w.1960,BESS,TY,NN,29.4,139.9,60,NaN,332,13,332,13,NaN,NaN,NaN,NaN,NaN,NaN,NaN,NaN,NaN,NaN,TS,NW,B,B,NaN,NaN,NaN,NaN,NaN,NaN,
1960081912,13w.1960,BESS,TY,NN,30.9,139.4,60,NaN,340,15,340,15,NaN,NaN,NaN,NaN,NaN,NaN,NaN,NaN,NaN,NaN,TS,NW,B,B,NaN,NaN,NaN,NaN,NaN,NaN,
1960081918,13w.1960,BESS,TY,NN,31.8,139.2,60,NaN,346,12,346,12,NaN,NaN,NaN,NaN,NaN,NaN,NaN,NaN,NaN,NaN,TS,NW,B,B,NaN,NaN,NaN,NaN,NaN,NaN,
1960082000,13w.1960,BESS,TY,NN,32.7,139.2,65,NaN,355,9,355,9,NaN,NaN,NaN,NaN,NaN,NaN,NaN,NaN,NaN,NaN,TY,NW,B,B,NaN,NaN,NaN,NaN,NaN,NaN,
1960082006,13w.1960,BESS,TY,NN,33.6,139.7,65,NaN,13,9,13,9,NaN,NaN,NaN,NaN,NaN,NaN,NaN,NaN,NaN,NaN,TY,NW,B,B,NaN,NaN,NaN,NaN,NaN,NaN,
1960082012,13w.1960,BESS,TY,NN,34.6,140.5,65,NaN,30,11,30,11,NaN,NaN,NaN,NaN,NaN,NaN,NaN,NaN,NaN,NaN,TY,NW,B,B,NaN,NaN,NaN,NaN,NaN,NaN,
1960082018,13w.1960,BESS,TY,NN,35.9,141.9,65,NaN,38,15,38,15,NaN,NaN,NaN,NaN,NaN,NaN,NaN,NaN,NaN,NaN,TY,NW,B,B,NaN,NaN,NaN,NaN,NaN,NaN,
1960082100,13w.1960,BESS,TY,NN,36.6,143.4,65,NaN,50,15,50,15,NaN,NaN,NaN,NaN,NaN,NaN,NaN,NaN,NaN,NaN,TY,NW,B,B,NaN,NaN,NaN,NaN,NaN,NaN,
1960082106,13w.1960,BESS,TY,NN,36.9,144.6,65,NaN,65,12,65,12,NaN,NaN,NaN,NaN,NaN,NaN,NaN,NaN,NaN,NaN,TY,NW,B,B,NaN,NaN,NaN,NaN,NaN,NaN,
1960082112,13w.1960,BESS,TY,NN,36.9,146.3,65,NaN,83,12,83,12,NaN,NaN,NaN,NaN,NaN,NaN,NaN,NaN,NaN,NaN,TY,NW,B,B,NaN,NaN,NaN,NaN,NaN,NaN,
1960082118,13w.1960,BESS,TY,NN,36.6,148.5,65,NaN,95,16,95,16,NaN,NaN,NaN,NaN,NaN,NaN,NaN,NaN,NaN,NaN,TY,NW,B,B,NaN,NaN,NaN,NaN,NaN,NaN,
1960082200,13w.1960,BESS,TY,NN,36.1,150.5,65,NaN,103,17,103,17,NaN,NaN,NaN,NaN,NaN,NaN,NaN,NaN,NaN,NaN,TY,NW,B,B,NaN,NaN,NaN,NaN,NaN,NaN,
1960082206,13w.1960,BESS,TY,NN,35.8,152.3,65,NaN,105,16,105,16,NaN,NaN,NaN,NaN,NaN,NaN,NaN,NaN,NaN,NaN,TY,NW,B,B,NaN,NaN,NaN,NaN,NaN,NaN,
1960082212,13w.1960,BESS,TY,NN,35.8,153.8,65,NaN,96,13,96,13,NaN,NaN,NaN,NaN,NaN,NaN,NaN,NaN,NaN,NaN,TY,NW,B,B,NaN,NaN,NaN,NaN,NaN,NaN,
1960082218,13w.1960,BESS,TY,NN,35.7,155.0,65,NaN,93,11,93,11,NaN,NaN,NaN,NaN,NaN,NaN,NaN,NaN,NaN,NaN,TY,NW,B,B,NaN,NaN,NaN,NaN,NaN,NaN,
1960082300,13w.1960,BESS,TY,NN,35.1,155.4,65,NaN,118,7,118,7,NaN,NaN,NaN,NaN,NaN,NaN,NaN,NaN,NaN,NaN,TY,NW,B,B,NaN,NaN,NaN,NaN,NaN,NaN,
1960082306,13w.1960,BESS,TY,NN,34.9,154.5,60,NaN,207,4,207,4,NaN,NaN,NaN,NaN,NaN,NaN,NaN,NaN,NaN,NaN,TS,NW,B,B,NaN,NaN,NaN,NaN,NaN,NaN,
1960082312,13w.1960,BESS,TY,NN,35.2,153.6,60,NaN,274,7,274,7,NaN,NaN,NaN,NaN,NaN,NaN,NaN,NaN,NaN,NaN,TS,NW,B,B,NaN,NaN,NaN,NaN,NaN,NaN,
1960082318,13w.1960,BESS,TY,NN,35.5,152.7,60,NaN,292,8,292,8,NaN,NaN,NaN,NaN,NaN,NaN,NaN,NaN,NaN,NaN,TS,NW,B,B,NaN,NaN,NaN,NaN,NaN,NaN,
1960082400,13w.1960,BESS,TY,NN,35.9,151.6,60,NaN,293,9,293,9,NaN,NaN,NaN,NaN,NaN,NaN,NaN,NaN,NaN,NaN,TS,NW,B,B,NaN,NaN,NaN,NaN,NaN,NaN,
1960082406,13w.1960,BESS,TY,NN,36.1,150.6,50,NaN,289,9,289,9,NaN,NaN,NaN,NaN,NaN,NaN,NaN,NaN,NaN,NaN,TS,NW,B,B,NaN,NaN,NaN,NaN,NaN,NaN,
1960082412,13w.1960,BESS,TY,NN,36.4,149.5,50,NaN,286,9,286,9,NaN,NaN,NaN,NaN,NaN,NaN,NaN,NaN,NaN,NaN,TS,NW,B,B,NaN,NaN,NaN,NaN,NaN,NaN,
1960082418,13w.1960,BESS,TY,NN,36.7,148.4,40,NaN,289,9,289,9,NaN,NaN,NaN,NaN,NaN,NaN,NaN,NaN,NaN,NaN,TS,NW,B,B,NaN,NaN,NaN,NaN,NaN,NaN,
1960082500,13w.1960,BESS,TY,NN,37.1,147.4,40,NaN,293,9,293,9,NaN,NaN,NaN,NaN,NaN,NaN,NaN,NaN,NaN,NaN,TS,NW,B,B,NaN,NaN,NaN,NaN,NaN,NaN,
1960082506,13w.1960,BESS,TY,NN,37.8,146.3,35,NaN,303,10,303,10,NaN,NaN,NaN,NaN,NaN,NaN,NaN,NaN,NaN,NaN,TS,NW,B,B,NaN,NaN,NaN,NaN,NaN,NaN,
1960082512,13w.1960,BESS,TY,NN,39.0,145.7,30,NaN,325,12,325,12,NaN,NaN,NaN,NaN,NaN,NaN,NaN,NaN,NaN,NaN,TD,NW,B,B,NaN,NaN,NaN,NaN,NaN,NaN,
1960081600,w14.1960,9X-W14,TY,NN,22.9,127.5,30,NaN,299,3,299,3,NaN,NaN,NaN,NaN,NaN,NaN,NaN,NaN,NaN,NaN,TD,NW,B,B,NaN,NaN,NaN,NaN,NaN,NaN,
1960081606,w14.1960,9X-W14,TY,NN,23.0,127.2,30,NaN,299,3,299,3,NaN,NaN,NaN,NaN,NaN,NaN,NaN,NaN,NaN,NaN,TD,NW,B,B,NaN,NaN,NaN,NaN,NaN,NaN,
1960081612,w14.1960,9X-W14,TY,NN,23.2,126.9,30,NaN,299,3,299,3,NaN,NaN,NaN,NaN,NaN,NaN,NaN,NaN,NaN,NaN,TD,NW,B,B,NaN,NaN,NaN,NaN,NaN,NaN,
1960081618,14w.1960,CARMEN,TY,NN,23.4,126.8,40,NaN,317,3,317,3,NaN,NaN,NaN,NaN,NaN,NaN,NaN,NaN,NaN,NaN,TS,NW,B,B,NaN,NaN,NaN,NaN,NaN,NaN,
1960081700,14w.1960,CARMEN,TY,NN,23.7,126.8,40,NaN,350,3,350,3,NaN,NaN,NaN,NaN,NaN,NaN,NaN,NaN,NaN,NaN,TS,NW,B,B,NaN,NaN,NaN,NaN,NaN,NaN,
1960081706,14w.1960,CARMEN,TY,NN,24.0,126.8,45,NaN,360,3,360,3,NaN,NaN,NaN,NaN,NaN,NaN,NaN,NaN,NaN,NaN,TS,NW,B,B,NaN,NaN,NaN,NaN,NaN,NaN,
1960081712,14w.1960,CARMEN,TY,NN,24.3,126.9,65,NaN,9,3,9,3,NaN,NaN,NaN,NaN,NaN,NaN,NaN,NaN,NaN,NaN,TY,NW,B,B,NaN,NaN,NaN,NaN,NaN,NaN,
1960081718,14w.1960,CARMEN,TY,NN,24.4,127.0,70,NaN,25,2,25,2,NaN,NaN,NaN,NaN,NaN,NaN,NaN,NaN,NaN,NaN,TY,NW,B,B,NaN,NaN,NaN,NaN,NaN,NaN,
1960081800,14w.1960,CARMEN,TY,NN,24.5,127.1,70,NaN,42,1,42,1,NaN,NaN,NaN,NaN,NaN,NaN,NaN,NaN,NaN,NaN,TY,NW,B,B,NaN,NaN,NaN,NaN,NaN,NaN,
1960081806,14w.1960,CARMEN,TY,NN,24.5,127.2,70,NaN,61,1,61,1,NaN,NaN,NaN,NaN,NaN,NaN,NaN,NaN,NaN,NaN,TY,NW,B,B,NaN,NaN,NaN,NaN,NaN,NaN,
1960081812,14w.1960,CARMEN,TY,NN,24.5,127.3,75,NaN,90,1,90,1,NaN,NaN,NaN,NaN,NaN,NaN,NaN,NaN,NaN,NaN,TY,NW,B,B,NaN,NaN,NaN,NaN,NaN,NaN,
1960081818,14w.1960,CARMEN,TY,NN,24.3,127.5,70,NaN,126,2,126,2,NaN,NaN,NaN,NaN,NaN,NaN,NaN,NaN,NaN,NaN,TY,NW,B,B,NaN,NaN,NaN,NaN,NaN,NaN,
1960081900,14w.1960,CARMEN,TY,NN,23.9,127.9,70,NaN,138,4,138,4,NaN,NaN,NaN,NaN,NaN,NaN,NaN,NaN,NaN,NaN,TY,NW,B,B,NaN,NaN,NaN,NaN,NaN,NaN,
1960081906,14w.1960,CARMEN,TY,NN,24.1,128.2,70,NaN,107,3,107,3,NaN,NaN,NaN,NaN,NaN,NaN,NaN,NaN,NaN,NaN,TY,NW,B,B,NaN,NaN,NaN,NaN,NaN,NaN,
1960081912,14w.1960,CARMEN,TY,NN,24.3,128.4,70,NaN,49,3,49,3,NaN,NaN,NaN,NaN,NaN,NaN,NaN,NaN,NaN,NaN,TY,NW,B,B,NaN,NaN,NaN,NaN,NaN,NaN,
1960081918,14w.1960,CARMEN,TY,NN,24.6,128.5,70,NaN,29,3,29,3,NaN,NaN,NaN,NaN,NaN,NaN,NaN,NaN,NaN,NaN,TY,NW,B,B,NaN,NaN,NaN,NaN,NaN,NaN,
1960082000,14w.1960,CARMEN,TY,NN,24.8,128.6,70,NaN,20,3,20,3,NaN,NaN,NaN,NaN,NaN,NaN,NaN,NaN,NaN,NaN,TY,NW,B,B,NaN,NaN,NaN,NaN,NaN,NaN,
1960082006,14w.1960,CARMEN,TY,NN,25.2,128.6,65,NaN,9,3,9,3,NaN,NaN,NaN,NaN,NaN,NaN,NaN,NaN,NaN,NaN,TY,NW,B,B,NaN,NaN,NaN,NaN,NaN,NaN,
1960082012,14w.1960,CARMEN,TY,NN,25.6,128.4,60,NaN,347,4,347,4,NaN,NaN,NaN,NaN,NaN,NaN,NaN,NaN,NaN,NaN,TS,NW,B,B,NaN,NaN,NaN,NaN,NaN,NaN,
1960082018,14w.1960,CARMEN,TY,NN,25.8,128.1,60,NaN,323,4,323,4,NaN,NaN,NaN,NaN,NaN,NaN,NaN,NaN,NaN,NaN,TS,NW,B,B,NaN,NaN,0.05,NaN,NaN,NaN,
1960082100,14w.1960,CARMEN,TY,NN,26.1,127.5,55,NaN,302,5,302,5,NaN,NaN,NaN,NaN,NaN,NaN,NaN,NaN,NaN,NaN,TS,NW,B,B,NaN,NaN,0.05,NaN,NaN,NaN,
1960082106,14w.1960,CARMEN,TY,NN,26.5,126.7,55,NaN,299,7,299,7,NaN,NaN,NaN,NaN,NaN,NaN,NaN,NaN,NaN,NaN,TS,NW,B,B,NaN,NaN,NaN,NaN,NaN,NaN,
1960082112,14w.1960,CARMEN,TY,NN,27.4,125.7,50,NaN,309,10,309,10,NaN,NaN,NaN,NaN,NaN,NaN,NaN,NaN,NaN,NaN,TS,NW,B,B,NaN,NaN,NaN,NaN,NaN,NaN,
1960082118,14w.1960,CARMEN,TY,NN,28.5,124.9,50,NaN,321,13,321,13,NaN,NaN,NaN,NaN,NaN,NaN,NaN,NaN,NaN,NaN,TS,NW,B,B,NaN,NaN,NaN,NaN,NaN,NaN,
1960082200,14w.1960,CARMEN,TY,NN,29.8,124.3,50,NaN,333,13,333,13,NaN,NaN,NaN,NaN,NaN,NaN,NaN,NaN,NaN,NaN,TS,NW,B,B,NaN,NaN,NaN,NaN,NaN,NaN,
1960082206,14w.1960,CARMEN,TY,NN,31.2,124.1,50,NaN,346,14,346,14,NaN,NaN,NaN,NaN,NaN,NaN,NaN,NaN,NaN,NaN,TS,NW,B,B,NaN,NaN,NaN,NaN,NaN,NaN,
1960082212,14w.1960,CARMEN,TY,NN,32.6,124.2,55,NaN,358,14,358,14,NaN,NaN,NaN,NaN,NaN,NaN,NaN,NaN,NaN,NaN,TS,NW,B,B,NaN,NaN,NaN,NaN,NaN,NaN,
1960082218,14w.1960,CARMEN,TY,NN,34.3,124.9,50,NaN,12,16,12,16,NaN,NaN,NaN,NaN,NaN,NaN,NaN,NaN,NaN,NaN,TS,NW,B,B,NaN,NaN,NaN,NaN,NaN,NaN,
1960082300,14w.1960,CARMEN,TY,NN,36.7,126.1,45,NaN,21,22,21,22,NaN,NaN,NaN,NaN,NaN,NaN,NaN,NaN,NaN,NaN,TS,NW,B,B,NaN,NaN,0.08,NaN,NaN,NaN,
1960082306,14w.1960,CARMEN,TY,NN,40.1,128.0,45,NaN,23,32,23,32,NaN,NaN,NaN,NaN,NaN,NaN,NaN,NaN,NaN,NaN,TS,NW,B,B,NaN,NaN,0.53,NaN,NaN,NaN,
1960082312,14w.1960,CARMEN,TY,NN,43.6,130.5,45,NaN,26,38,26,38,NaN,NaN,NaN,NaN,NaN,NaN,NaN,NaN,NaN,NaN,TS,NW,B,B,NaN,NaN,0.99,NaN,NaN,NaN,
1960082318,14w.1960,CARMEN,TY,NN,46.6,132.9,45,NaN,29,37,29,37,NaN,NaN,NaN,NaN,NaN,NaN,NaN,NaN,NaN,NaN,TS,NW,B,B,NaN,NaN,0.99,NaN,NaN,NaN,
1960082400,14w.1960,CARMEN,TY,NN,49.4,134.7,45,NaN,26,32,26,32,NaN,NaN,NaN,NaN,NaN,NaN,NaN,NaN,NaN,NaN,TS,NW,B,B,NaN,NaN,0.95,NaN,NaN,NaN,
1960081918,15w.1960,ELAINE,TY,NN,19.3,116.5,35,NaN,59,4,59,4,NaN,NaN,NaN,NaN,NaN,NaN,NaN,NaN,NaN,NaN,TS,NW,B,B,NaN,NaN,NaN,NaN,NaN,NaN,
1960082000,15w.1960,ELAINE,TY,NN,19.4,116.6,35,NaN,59,4,59,4,NaN,NaN,NaN,NaN,NaN,NaN,NaN,NaN,NaN,NaN,TS,NW,B,B,NaN,NaN,NaN,NaN,NaN,NaN,
1960082006,15w.1960,ELAINE,TY,NN,19.7,117.2,35,NaN,59,4,59,4,NaN,NaN,NaN,NaN,NaN,NaN,NaN,NaN,NaN,NaN,TS,NW,B,B,NaN,NaN,NaN,NaN,NaN,NaN,
1960082012,15w.1960,ELAINE,TY,NN,19.9,117.8,40,NaN,66,6,66,6,NaN,NaN,NaN,NaN,NaN,NaN,NaN,NaN,NaN,NaN,TS,NW,B,B,NaN,NaN,NaN,NaN,NaN,NaN,
1960082018,15w.1960,ELAINE,TY,NN,20.1,118.1,50,NaN,65,5,65,5,NaN,NaN,NaN,NaN,NaN,NaN,NaN,NaN,NaN,NaN,TS,NW,B,B,NaN,NaN,NaN,NaN,NaN,NaN,
1960082100,15w.1960,ELAINE,TY,NN,20.2,118.6,60,NaN,68,4,68,4,NaN,NaN,NaN,NaN,NaN,NaN,NaN,NaN,NaN,NaN,TS,NW,B,B,NaN,NaN,NaN,NaN,NaN,NaN,
1960082106,15w.1960,ELAINE,TY,NN,20.3,119.0,65,NaN,77,4,77,4,NaN,NaN,NaN,NaN,NaN,NaN,NaN,NaN,NaN,NaN,TY,NW,B,B,NaN,NaN,NaN,NaN,NaN,NaN,
1960082112,15w.1960,ELAINE,TY,NN,20.3,119.5,70,NaN,83,4,83,4,NaN,NaN,NaN,NaN,NaN,NaN,NaN,NaN,NaN,NaN,TY,NW,B,B,NaN,NaN,NaN,NaN,NaN,NaN,
1960082118,15w.1960,ELAINE,TY,NN,20.4,120.1,70,NaN,84,5,84,5,NaN,NaN,NaN,NaN,NaN,NaN,NaN,NaN,NaN,NaN,TY,NW,B,B,NaN,NaN,NaN,NaN,NaN,NaN,
1960082200,15w.1960,ELAINE,TY,NN,21.0,120.9,75,NaN,62,7,62,7,NaN,NaN,NaN,NaN,NaN,NaN,NaN,NaN,NaN,NaN,TY,NW,B,B,NaN,NaN,NaN,NaN,NaN,NaN,
1960082206,15w.1960,ELAINE,TY,NN,21.7,121.5,75,NaN,45,9,45,9,NaN,NaN,NaN,NaN,NaN,NaN,NaN,NaN,NaN,NaN,TY,NW,B,B,NaN,NaN,NaN,NaN,NaN,NaN,
1960082212,15w.1960,ELAINE,TY,NN,22.6,122.1,65,NaN,35,10,35,10,NaN,NaN,NaN,NaN,NaN,NaN,NaN,NaN,NaN,NaN,TY,NW,B,B,NaN,NaN,NaN,NaN,NaN,NaN,
1960082218,15w.1960,ELAINE,TY,NN,23.5,122.5,55,NaN,27,10,27,10,NaN,NaN,NaN,NaN,NaN,NaN,NaN,NaN,NaN,NaN,TS,NW,B,B,NaN,NaN,NaN,NaN,NaN,NaN,
1960082300,15w.1960,ELAINE,TY,NN,24.0,122.4,50,NaN,11,7,11,7,NaN,NaN,NaN,NaN,NaN,NaN,NaN,NaN,NaN,NaN,TS,NW,B,B,NaN,NaN,NaN,NaN,NaN,NaN,
1960082306,15w.1960,ELAINE,TY,NN,23.5,121.4,35,NaN,270,5,270,5,NaN,NaN,NaN,NaN,NaN,NaN,NaN,NaN,NaN,NaN,TS,NW,B,B,NaN,NaN,0.48,NaN,NaN,NaN,
1960082312,15w.1960,ELAINE,TY,NN,22.8,120.3,35,NaN,238,11,238,11,NaN,NaN,NaN,NaN,NaN,NaN,NaN,NaN,NaN,NaN,TS,NW,B,B,NaN,NaN,0.80,NaN,NaN,NaN,
1960082318,15w.1960,ELAINE,TY,NN,22.9,120.0,35,NaN,245,7,245,7,NaN,NaN,NaN,NaN,NaN,NaN,NaN,NaN,NaN,NaN,TS,NW,B,B,NaN,NaN,0.30,NaN,NaN,NaN,
1960082400,15w.1960,ELAINE,TY,NN,23.2,119.6,40,NaN,302,4,302,4,NaN,NaN,NaN,NaN,NaN,NaN,NaN,NaN,NaN,NaN,TS,NW,B,B,NaN,NaN,NaN,NaN,NaN,NaN,
1960082406,15w.1960,ELAINE,TY,NN,23.4,119.2,40,NaN,304,4,304,4,NaN,NaN,NaN,NaN,NaN,NaN,NaN,NaN,NaN,NaN,TS,NW,B,B,NaN,NaN,NaN,NaN,NaN,NaN,
1960082412,15w.1960,ELAINE,TY,NN,23.5,118.8,40,NaN,292,4,292,4,NaN,NaN,NaN,NaN,NaN,NaN,NaN,NaN,NaN,NaN,TS,NW,B,B,NaN,NaN,NaN,NaN,NaN,NaN,
1960082418,15w.1960,ELAINE,TY,NN,23.5,118.1,35,NaN,276,5,276,5,NaN,NaN,NaN,NaN,NaN,NaN,NaN,NaN,NaN,NaN,TS,NW,B,B,NaN,NaN,0.03,NaN,NaN,NaN,
1960082500,15w.1960,ELAINE,TY,NN,23.5,117.2,30,NaN,270,7,270,7,NaN,NaN,NaN,NaN,NaN,NaN,NaN,NaN,NaN,NaN,TD,NW,B,B,NaN,NaN,0.47,NaN,NaN,NaN,
1960082506,15w.1960,ELAINE,TY,NN,23.8,116.5,20,NaN,282,7,282,7,NaN,NaN,NaN,NaN,NaN,NaN,NaN,NaN,NaN,NaN,NT,NW,B,B,NaN,NaN,0.96,NaN,NaN,NaN,
1960082006,16w.1960,DELLA,TY,NN,17.3,144.8,35,NaN,291,11,291,11,NaN,NaN,NaN,NaN,NaN,NaN,NaN,NaN,NaN,NaN,TS,NW,B,B,NaN,NaN,NaN,NaN,NaN,NaN,
1960082012,16w.1960,DELLA,TY,NN,17.7,143.7,40,NaN,291,11,291,11,NaN,NaN,NaN,NaN,NaN,NaN,NaN,NaN,NaN,NaN,TS,NW,B,B,NaN,NaN,NaN,NaN,NaN,NaN,
1960082018,16w.1960,DELLA,TY,NN,18.1,142.6,40,NaN,291,11,291,11,NaN,NaN,NaN,NaN,NaN,NaN,NaN,NaN,NaN,NaN,TS,NW,B,B,NaN,NaN,NaN,NaN,NaN,NaN,
1960082100,16w.1960,DELLA,TY,NN,18.4,141.6,40,NaN,289,11,289,11,NaN,NaN,NaN,NaN,NaN,NaN,NaN,NaN,NaN,NaN,TS,NW,B,B,NaN,NaN,NaN,NaN,NaN,NaN,
1960082106,16w.1960,DELLA,TY,NN,18.8,140.5,40,NaN,289,11,289,11,NaN,NaN,NaN,NaN,NaN,NaN,NaN,NaN,NaN,NaN,TS,NW,B,B,NaN,NaN,NaN,NaN,NaN,NaN,
1960082112,16w.1960,DELLA,TY,NN,19.3,139.4,40,NaN,293,11,293,11,NaN,NaN,NaN,NaN,NaN,NaN,NaN,NaN,NaN,NaN,TS,NW,B,B,NaN,NaN,NaN,NaN,NaN,NaN,
1960082118,16w.1960,DELLA,TY,NN,19.8,138.7,45,NaN,300,10,300,10,NaN,NaN,NaN,NaN,NaN,NaN,NaN,NaN,NaN,NaN,TS,NW,B,B,NaN,NaN,NaN,NaN,NaN,NaN,
1960082200,16w.1960,DELLA,TY,NN,20.6,138.2,50,NaN,319,9,319,9,NaN,NaN,NaN,NaN,NaN,NaN,NaN,NaN,NaN,NaN,TS,NW,B,B,NaN,NaN,NaN,NaN,NaN,NaN,
1960082206,16w.1960,DELLA,TY,NN,21.2,138.1,60,NaN,338,8,338,8,NaN,NaN,NaN,NaN,NaN,NaN,NaN,NaN,NaN,NaN,TS,NW,B,B,NaN,NaN,NaN,NaN,NaN,NaN,
1960082212,16w.1960,DELLA,TY,NN,21.7,137.8,60,NaN,341,6,341,6,NaN,NaN,NaN,NaN,NaN,NaN,NaN,NaN,NaN,NaN,TS,NW,B,B,NaN,NaN,NaN,NaN,NaN,NaN,
1960082218,16w.1960,DELLA,TY,NN,22.1,137.4,70,NaN,324,6,324,6,NaN,NaN,NaN,NaN,NaN,NaN,NaN,NaN,NaN,NaN,TY,NW,B,B,NaN,NaN,NaN,NaN,NaN,NaN,
1960082300,16w.1960,DELLA,TY,NN,22.1,136.7,80,NaN,291,5,291,5,NaN,NaN,NaN,NaN,NaN,NaN,NaN,NaN,NaN,NaN,TY,NW,B,B,NaN,NaN,NaN,NaN,NaN,NaN,
1960082306,16w.1960,DELLA,TY,NN,22.0,136.3,80,NaN,264,5,264,5,NaN,NaN,NaN,NaN,NaN,NaN,NaN,NaN,NaN,NaN,TY,NW,B,B,NaN,NaN,NaN,NaN,NaN,NaN,
1960082312,16w.1960,DELLA,TY,NN,21.6,136.3,80,NaN,217,3,217,3,NaN,NaN,NaN,NaN,NaN,NaN,NaN,NaN,NaN,NaN,TY,NW,B,B,NaN,NaN,NaN,NaN,NaN,NaN,
1960082318,16w.1960,DELLA,TY,NN,21.5,136.4,80,NaN,169,3,169,3,NaN,NaN,NaN,NaN,NaN,NaN,NaN,NaN,NaN,NaN,TY,NW,B,B,NaN,NaN,NaN,NaN,NaN,NaN,
1960082400,16w.1960,DELLA,TY,NN,21.5,136.7,80,NaN,105,2,105,2,NaN,NaN,NaN,NaN,NaN,NaN,NaN,NaN,NaN,NaN,TY,NW,B,B,NaN,NaN,NaN,NaN,NaN,NaN,
1960082406,16w.1960,DELLA,TY,NN,21.6,136.9,80,NaN,78,2,78,2,NaN,NaN,NaN,NaN,NaN,NaN,NaN,NaN,NaN,NaN,TY,NW,B,B,NaN,NaN,NaN,NaN,NaN,NaN,
1960082412,16w.1960,DELLA,TY,NN,21.6,137.1,80,NaN,75,2,75,2,NaN,NaN,NaN,NaN,NaN,NaN,NaN,NaN,NaN,NaN,TY,NW,B,B,NaN,NaN,NaN,NaN,NaN,NaN,
1960082418,16w.1960,DELLA,TY,NN,21.7,137.3,80,NaN,75,2,75,2,NaN,NaN,NaN,NaN,NaN,NaN,NaN,NaN,NaN,NaN,TY,NW,B,B,NaN,NaN,NaN,NaN,NaN,NaN,
1960082500,16w.1960,DELLA,TY,NN,21.8,137.4,80,NaN,54,2,54,2,NaN,NaN,NaN,NaN,NaN,NaN,NaN,NaN,NaN,NaN,TY,NW,B,B,NaN,NaN,NaN,NaN,NaN,NaN,
1960082506,16w.1960,DELLA,TY,NN,22.0,137.5,80,NaN,32,2,32,2,NaN,NaN,NaN,NaN,NaN,NaN,NaN,NaN,NaN,NaN,TY,NW,B,B,NaN,NaN,NaN,NaN,NaN,NaN,
1960082512,16w.1960,DELLA,TY,NN,22.4,137.4,80,NaN,360,3,360,3,NaN,NaN,NaN,NaN,NaN,NaN,NaN,NaN,NaN,NaN,TY,NW,B,B,NaN,NaN,NaN,NaN,NaN,NaN,
1960082518,16w.1960,DELLA,TY,NN,22.8,137.1,80,NaN,335,4,335,4,NaN,NaN,NaN,NaN,NaN,NaN,NaN,NaN,NaN,NaN,TY,NW,B,B,NaN,NaN,NaN,NaN,NaN,NaN,
1960082600,16w.1960,DELLA,TY,NN,23.2,136.9,85,NaN,330,5,330,5,NaN,NaN,NaN,NaN,NaN,NaN,NaN,NaN,NaN,NaN,TY,NW,B,B,NaN,NaN,NaN,NaN,NaN,NaN,
1960082606,16w.1960,DELLA,TY,NN,23.7,136.5,90,NaN,329,5,329,5,NaN,NaN,NaN,NaN,NaN,NaN,NaN,NaN,NaN,NaN,TY,NW,B,B,NaN,NaN,NaN,NaN,NaN,NaN,
1960082612,16w.1960,DELLA,TY,NN,24.2,136.1,90,NaN,324,6,324,6,NaN,NaN,NaN,NaN,NaN,NaN,NaN,NaN,NaN,NaN,TY,NW,B,B,NaN,NaN,NaN,NaN,NaN,NaN,
1960082618,16w.1960,DELLA,TY,NN,24.9,135.6,90,NaN,326,7,326,7,NaN,NaN,NaN,NaN,NaN,NaN,NaN,NaN,NaN,NaN,TY,NW,B,B,NaN,NaN,NaN,NaN,NaN,NaN,
1960082700,16w.1960,DELLA,TY,NN,25.7,135.2,90,NaN,331,9,331,9,NaN,NaN,NaN,NaN,NaN,NaN,NaN,NaN,NaN,NaN,TY,NW,B,B,NaN,NaN,NaN,NaN,NaN,NaN,
1960082706,16w.1960,DELLA,TY,NN,26.6,134.7,95,NaN,335,9,335,9,NaN,NaN,NaN,NaN,NaN,NaN,NaN,NaN,NaN,NaN,TY,NW,B,B,NaN,NaN,NaN,NaN,NaN,NaN,
1960082712,16w.1960,DELLA,TY,NN,27.5,134.3,95,NaN,336,10,336,10,NaN,NaN,NaN,NaN,NaN,NaN,NaN,NaN,NaN,NaN,TY,NW,B,B,NaN,NaN,NaN,NaN,NaN,NaN,
1960082718,16w.1960,DELLA,TY,NN,28.1,133.9,90,NaN,335,8,335,8,NaN,NaN,NaN,NaN,NaN,NaN,NaN,NaN,NaN,NaN,TY,NW,B,B,NaN,NaN,NaN,NaN,NaN,NaN,
1960082800,16w.1960,DELLA,TY,NN,28.8,133.6,85,NaN,335,7,335,7,NaN,NaN,NaN,NaN,NaN,NaN,NaN,NaN,NaN,NaN,TY,NW,B,B,NaN,NaN,NaN,NaN,NaN,NaN,
1960082806,16w.1960,DELLA,TY,NN,29.4,133.3,80,NaN,338,7,338,7,NaN,NaN,NaN,NaN,NaN,NaN,NaN,NaN,NaN,NaN,TY,NW,B,B,NaN,NaN,NaN,NaN,NaN,NaN,
1960082812,16w.1960,DELLA,TY,NN,30.1,133.0,80,NaN,338,7,338,7,NaN,NaN,NaN,NaN,NaN,NaN,NaN,NaN,NaN,NaN,TY,NW,B,B,NaN,NaN,NaN,NaN,NaN,NaN,
1960082818,16w.1960,DELLA,TY,NN,30.9,132.8,80,NaN,344,8,344,8,NaN,NaN,NaN,NaN,NaN,NaN,NaN,NaN,NaN,NaN,TY,NW,B,B,NaN,NaN,NaN,NaN,NaN,NaN,
1960082900,16w.1960,DELLA,TY,NN,32.2,133.0,80,NaN,360,11,360,11,NaN,NaN,NaN,NaN,NaN,NaN,NaN,NaN,NaN,NaN,TY,NW,B,B,NaN,NaN,NaN,NaN,NaN,NaN,
1960082906,16w.1960,DELLA,TY,NN,33.8,133.3,65,NaN,8,15,8,15,NaN,NaN,NaN,NaN,NaN,NaN,NaN,NaN,NaN,NaN,TY,NW,B,B,NaN,NaN,0.69,NaN,NaN,NaN,
1960082912,16w.1960,DELLA,TY,NN,36.2,133.5,55,NaN,6,20,6,20,NaN,NaN,NaN,NaN,NaN,NaN,NaN,NaN,NaN,NaN,TS,NW,B,B,NaN,NaN,0.06,NaN,NaN,NaN,
1960082918,16w.1960,DELLA,TY,NN,38.4,134.4,45,NaN,11,23,11,23,NaN,NaN,NaN,NaN,NaN,NaN,NaN,NaN,NaN,NaN,TS,NW,B,B,NaN,NaN,NaN,NaN,NaN,NaN,
1960083000,16w.1960,DELLA,TY,NN,40.7,135.7,55,NaN,21,24,21,24,NaN,NaN,NaN,NaN,NaN,NaN,NaN,NaN,NaN,NaN,TS,NW,B,B,NaN,NaN,NaN,NaN,NaN,NaN,
1960083006,16w.1960,DELLA,TY,NN,43.3,137.5,55,NaN,26,27,26,27,NaN,NaN,NaN,NaN,NaN,NaN,NaN,NaN,NaN,NaN,TS,NW,B,B,NaN,NaN,NaN,NaN,NaN,NaN,
1960083012,16w.1960,DELLA,TY,NN,46.0,139.5,55,NaN,28,30,28,30,NaN,NaN,NaN,NaN,NaN,NaN,NaN,NaN,NaN,NaN,TS,NW,B,B,NaN,NaN,NaN,NaN,NaN,NaN,
1960083018,16w.1960,DELLA,TY,NN,48.8,141.2,55,NaN,25,30,25,30,NaN,NaN,NaN,NaN,NaN,NaN,NaN,NaN,NaN,NaN,TS,NW,B,B,NaN,NaN,NaN,NaN,NaN,NaN,
1960083100,16w.1960,DELLA,TY,NN,51.3,142.0,55,NaN,17,28,17,28,NaN,NaN,NaN,NaN,NaN,NaN,NaN,NaN,NaN,NaN,TS,NW,B,B,NaN,NaN,0.51,NaN,NaN,NaN,
1960082212,17w.1960,FAYE,TY,NN,17.5,157.9,35,NaN,11,10,11,10,NaN,NaN,NaN,NaN,NaN,NaN,NaN,NaN,NaN,NaN,TS,NW,B,B,NaN,NaN,NaN,NaN,NaN,NaN,
1960082218,17w.1960,FAYE,TY,NN,18.5,158.0,35,NaN,11,10,11,10,NaN,NaN,NaN,NaN,NaN,NaN,NaN,NaN,NaN,NaN,TS,NW,B,B,NaN,NaN,NaN,NaN,NaN,NaN,
1960082300,17w.1960,FAYE,TY,NN,19.5,158.3,40,NaN,11,10,11,10,NaN,NaN,NaN,NaN,NaN,NaN,NaN,NaN,NaN,NaN,TS,NW,B,B,NaN,NaN,NaN,NaN,NaN,NaN,
1960082306,17w.1960,FAYE,TY,NN,20.6,158.7,50,NaN,17,11,17,11,NaN,NaN,NaN,NaN,NaN,NaN,NaN,NaN,NaN,NaN,TS,NW,B,B,NaN,NaN,NaN,NaN,NaN,NaN,
1960082312,17w.1960,FAYE,TY,NN,21.4,159.0,50,NaN,19,10,19,10,NaN,NaN,NaN,NaN,NaN,NaN,NaN,NaN,NaN,NaN,TS,NW,B,B,NaN,NaN,NaN,NaN,NaN,NaN,
1960082318,17w.1960,FAYE,TY,NN,22.3,159.2,50,NaN,15,9,15,9,NaN,NaN,NaN,NaN,NaN,NaN,NaN,NaN,NaN,NaN,TS,NW,B,B,NaN,NaN,NaN,NaN,NaN,NaN,
1960082400,17w.1960,FAYE,TY,NN,23.0,159.5,50,NaN,16,8,16,8,NaN,NaN,NaN,NaN,NaN,NaN,NaN,NaN,NaN,NaN,TS,NW,B,B,NaN,NaN,NaN,NaN,NaN,NaN,
1960082406,17w.1960,FAYE,TY,NN,23.6,159.7,50,NaN,20,7,20,7,NaN,NaN,NaN,NaN,NaN,NaN,NaN,NaN,NaN,NaN,TS,NW,B,B,NaN,NaN,NaN,NaN,NaN,NaN,
1960082412,17w.1960,FAYE,TY,NN,24.4,159.8,50,NaN,11,7,11,7,NaN,NaN,NaN,NaN,NaN,NaN,NaN,NaN,NaN,NaN,TS,NW,B,B,NaN,NaN,NaN,NaN,NaN,NaN,
1960082418,17w.1960,FAYE,TY,NN,25.1,159.8,50,NaN,3,8,3,8,NaN,NaN,NaN,NaN,NaN,NaN,NaN,NaN,NaN,NaN,TS,NW,B,B,NaN,NaN,NaN,NaN,NaN,NaN,
1960082500,17w.1960,FAYE,TY,NN,25.4,159.7,60,NaN,355,5,355,5,NaN,NaN,NaN,NaN,NaN,NaN,NaN,NaN,NaN,NaN,TS,NW,B,B,NaN,NaN,NaN,NaN,NaN,NaN,
1960082506,17w.1960,FAYE,TY,NN,25.5,159.6,60,NaN,336,2,336,2,NaN,NaN,NaN,NaN,NaN,NaN,NaN,NaN,NaN,NaN,TS,NW,B,B,NaN,NaN,NaN,NaN,NaN,NaN,
1960082512,17w.1960,FAYE,TY,NN,25.6,159.5,70,NaN,318,1,318,1,NaN,NaN,NaN,NaN,NaN,NaN,NaN,NaN,NaN,NaN,TY,NW,B,B,NaN,NaN,NaN,NaN,NaN,NaN,
1960082518,17w.1960,FAYE,TY,NN,25.7,159.4,75,NaN,318,1,318,1,NaN,NaN,NaN,NaN,NaN,NaN,NaN,NaN,NaN,NaN,TY,NW,B,B,NaN,NaN,NaN,NaN,NaN,NaN,
1960082600,17w.1960,FAYE,TY,NN,25.6,158.6,80,NaN,270,4,270,4,NaN,NaN,NaN,NaN,NaN,NaN,NaN,NaN,NaN,NaN,TY,NW,B,B,NaN,NaN,NaN,NaN,NaN,NaN,
1960082606,17w.1960,FAYE,TY,NN,25.1,157.4,90,NaN,252,10,252,10,NaN,NaN,NaN,NaN,NaN,NaN,NaN,NaN,NaN,NaN,TY,NW,B,B,NaN,NaN,NaN,NaN,NaN,NaN,
1960082612,17w.1960,FAYE,TY,NN,24.3,156.4,100,NaN,237,12,237,12,NaN,NaN,NaN,NaN,NaN,NaN,NaN,NaN,NaN,NaN,TY,NW,B,B,NaN,NaN,NaN,NaN,NaN,NaN,
1960082618,17w.1960,FAYE,TY,NN,23.5,155.3,110,NaN,230,12,230,12,NaN,NaN,NaN,NaN,NaN,NaN,NaN,NaN,NaN,NaN,TY,NW,B,B,NaN,NaN,NaN,NaN,NaN,NaN,
1960082700,17w.1960,FAYE,TY,NN,23.0,154.0,110,NaN,239,13,239,13,NaN,NaN,NaN,NaN,NaN,NaN,NaN,NaN,NaN,NaN,TY,NW,B,B,NaN,NaN,NaN,NaN,NaN,NaN,
1960082706,17w.1960,FAYE,TY,NN,22.9,152.5,110,NaN,257,13,257,13,NaN,NaN,NaN,NaN,NaN,NaN,NaN,NaN,NaN,NaN,TY,NW,B,B,NaN,NaN,NaN,NaN,NaN,NaN,
1960082712,17w.1960,FAYE,TY,NN,22.8,151.1,110,NaN,266,13,266,13,NaN,NaN,NaN,NaN,NaN,NaN,NaN,NaN,NaN,NaN,TY,NW,B,B,NaN,NaN,NaN,NaN,NaN,NaN,
1960082718,17w.1960,FAYE,TY,NN,22.8,149.8,120,NaN,268,12,268,12,NaN,NaN,NaN,NaN,NaN,NaN,NaN,NaN,NaN,NaN,TY,NW,B,B,NaN,NaN,NaN,NaN,NaN,NaN,
1960082800,17w.1960,FAYE,TY,NN,22.9,148.3,120,NaN,272,13,272,13,NaN,NaN,NaN,NaN,NaN,NaN,NaN,NaN,NaN,NaN,TY,NW,B,B,NaN,NaN,NaN,NaN,NaN,NaN,
1960082806,17w.1960,FAYE,TY,NN,23.0,146.8,125,NaN,274,14,274,14,NaN,NaN,NaN,NaN,NaN,NaN,NaN,NaN,NaN,NaN,TY,NW,B,B,NaN,NaN,NaN,NaN,NaN,NaN,
1960082812,17w.1960,FAYE,TY,NN,23.5,145.3,125,NaN,282,14,282,14,NaN,NaN,NaN,NaN,NaN,NaN,NaN,NaN,NaN,NaN,TY,NW,B,B,NaN,NaN,NaN,NaN,NaN,NaN,
1960082818,17w.1960,FAYE,TY,NN,24.2,144.0,120,NaN,295,14,295,14,NaN,NaN,NaN,NaN,NaN,NaN,NaN,NaN,NaN,NaN,TY,NW,B,B,NaN,NaN,NaN,NaN,NaN,NaN,
1960082900,17w.1960,FAYE,TY,NN,25.2,142.8,120,NaN,307,14,307,14,NaN,NaN,NaN,NaN,NaN,NaN,NaN,NaN,NaN,NaN,TY,NW,B,B,NaN,NaN,NaN,NaN,NaN,NaN,
1960082906,17w.1960,FAYE,TY,NN,26.1,142.1,110,NaN,318,13,318,13,NaN,NaN,NaN,NaN,NaN,NaN,NaN,NaN,NaN,NaN,TY,NW,B,B,NaN,NaN,NaN,NaN,NaN,NaN,
1960082912,17w.1960,FAYE,TY,NN,27.0,141.5,105,NaN,327,11,327,11,NaN,NaN,NaN,NaN,NaN,NaN,NaN,NaN,NaN,NaN,TY,NW,B,B,NaN,NaN,NaN,NaN,NaN,NaN,
1960082918,17w.1960,FAYE,TY,NN,28.1,140.9,95,NaN,332,11,332,11,NaN,NaN,NaN,NaN,NaN,NaN,NaN,NaN,NaN,NaN,TY,NW,B,B,NaN,NaN,NaN,NaN,NaN,NaN,
1960083000,17w.1960,FAYE,TY,NN,29.5,140.5,85,NaN,341,13,341,13,NaN,NaN,NaN,NaN,NaN,NaN,NaN,NaN,NaN,NaN,TY,NW,B,B,NaN,NaN,NaN,NaN,NaN,NaN,
1960083006,17w.1960,FAYE,TY,NN,31.2,140.8,75,NaN,358,16,358,16,NaN,NaN,NaN,NaN,NaN,NaN,NaN,NaN,NaN,NaN,TY,NW,B,B,NaN,NaN,NaN,NaN,NaN,NaN,
1960083012,17w.1960,FAYE,TY,NN,33.1,141.4,70,NaN,12,18,12,18,NaN,NaN,NaN,NaN,NaN,NaN,NaN,NaN,NaN,NaN,TY,NW,B,B,NaN,NaN,NaN,NaN,NaN,NaN,
1960083018,17w.1960,FAYE,TY,NN,35.0,142.3,65,NaN,18,20,18,20,NaN,NaN,NaN,NaN,NaN,NaN,NaN,NaN,NaN,NaN,TY,NW,B,B,NaN,NaN,NaN,NaN,NaN,NaN,
1960083100,17w.1960,FAYE,TY,NN,36.6,143.5,60,NaN,26,20,26,20,NaN,NaN,NaN,NaN,NaN,NaN,NaN,NaN,NaN,NaN,TS,NW,B,B,NaN,NaN,NaN,NaN,NaN,NaN,
1960083106,17w.1960,FAYE,TY,NN,37.9,145.8,60,NaN,44,20,44,20,NaN,NaN,NaN,NaN,NaN,NaN,NaN,NaN,NaN,NaN,TS,NW,B,B,NaN,NaN,NaN,NaN,NaN,NaN,
1960083112,17w.1960,FAYE,TY,NN,38.5,148.1,50,NaN,62,21,62,21,NaN,NaN,NaN,NaN,NaN,NaN,NaN,NaN,NaN,NaN,TS,NW,B,B,NaN,NaN,NaN,NaN,NaN,NaN,
1960083118,17w.1960,FAYE,TY,NN,38.8,150.3,45,NaN,76,18,76,18,NaN,NaN,NaN,NaN,NaN,NaN,NaN,NaN,NaN,NaN,TS,NW,B,B,NaN,NaN,NaN,NaN,NaN,NaN,
1960090100,17w.1960,FAYE,TY,NN,39.2,152.3,40,NaN,78,17,78,17,NaN,NaN,NaN,NaN,NaN,NaN,NaN,NaN,NaN,NaN,TS,NW,B,B,NaN,NaN,NaN,NaN,NaN,NaN,
1960090106,17w.1960,FAYE,TY,NN,39.5,154.1,35,NaN,77,15,77,15,NaN,NaN,NaN,NaN,NaN,NaN,NaN,NaN,NaN,NaN,TS,NW,B,B,NaN,NaN,NaN,NaN,NaN,NaN,
1960083012,w18.1960,9X-W18,TS,NN,11.5,134.5,25,NaN,279,6,279,6,NaN,NaN,NaN,NaN,NaN,NaN,NaN,NaN,NaN,NaN,TD,NW,B,B,NaN,NaN,NaN,NaN,NaN,NaN,
1960083018,w18.1960,9X-W18,TS,NN,11.6,133.7,25,NaN,279,6,279,6,NaN,NaN,NaN,NaN,NaN,NaN,NaN,NaN,NaN,NaN,TD,NW,B,B,NaN,NaN,NaN,NaN,NaN,NaN,
1960083100,w18.1960,9X-W18,TS,NN,11.7,133.2,25,NaN,279,6,279,6,NaN,NaN,NaN,NaN,NaN,NaN,NaN,NaN,NaN,NaN,TD,NW,B,B,NaN,NaN,NaN,NaN,NaN,NaN,
1960083106,w18.1960,9X-W18,TS,NN,11.8,132.5,30,NaN,280,6,280,6,NaN,NaN,NaN,NaN,NaN,NaN,NaN,NaN,NaN,NaN,TD,NW,B,B,NaN,NaN,NaN,NaN,NaN,NaN,
1960083112,18w.1960,GLORIA,TS,NN,11.9,131.8,35,NaN,278,7,278,7,NaN,NaN,NaN,NaN,NaN,NaN,NaN,NaN,NaN,NaN,TS,NW,B,B,NaN,NaN,NaN,NaN,NaN,NaN,
1960083118,18w.1960,GLORIA,TS,NN,12.0,131.1,45,NaN,278,7,278,7,NaN,NaN,NaN,NaN,NaN,NaN,NaN,NaN,NaN,NaN,TS,NW,B,B,NaN,NaN,NaN,NaN,NaN,NaN,
1960090100,18w.1960,GLORIA,TS,NN,12.1,129.7,40,NaN,276,10,276,10,NaN,NaN,NaN,NaN,NaN,NaN,NaN,NaN,NaN,NaN,TS,NW,B,B,NaN,NaN,NaN,NaN,NaN,NaN,
1960090106,18w.1960,GLORIA,TS,NN,12.3,127.7,35,NaN,275,17,275,17,NaN,NaN,NaN,NaN,NaN,NaN,NaN,NaN,NaN,NaN,TS,NW,B,B,NaN,NaN,NaN,NaN,NaN,NaN,
1960090112,18w.1960,GLORIA,TS,NN,13.0,125.4,35,NaN,282,21,282,21,NaN,NaN,NaN,NaN,NaN,NaN,NaN,NaN,NaN,NaN,TS,NW,B,B,NaN,NaN,0.02,NaN,NaN,NaN,
1960090118,18w.1960,GLORIA,TS,NN,13.8,123.5,35,NaN,290,22,290,22,NaN,NaN,NaN,NaN,NaN,NaN,NaN,NaN,NaN,NaN,TS,NW,B,B,NaN,NaN,0.30,NaN,NaN,NaN,
1960090200,18w.1960,GLORIA,TS,NN,14.9,121.2,30,NaN,295,22,295,22,NaN,NaN,NaN,NaN,NaN,NaN,NaN,NaN,NaN,NaN,TD,NW,B,B,NaN,NaN,0.85,NaN,NaN,NaN,
1960090206,18w.1960,GLORIA,TS,NN,15.7,119.9,35,NaN,299,20,299,20,NaN,NaN,NaN,NaN,NaN,NaN,NaN,NaN,NaN,NaN,TS,NW,B,B,NaN,NaN,0.55,NaN,NaN,NaN,
1960090212,18w.1960,GLORIA,TS,NN,16.0,118.8,40,NaN,295,13,295,13,NaN,NaN,NaN,NaN,NaN,NaN,NaN,NaN,NaN,NaN,TS,NW,B,B,NaN,NaN,NaN,NaN,NaN,NaN,
1960090218,18w.1960,GLORIA,TS,NN,16.3,117.8,35,NaN,287,11,287,11,NaN,NaN,NaN,NaN,NaN,NaN,NaN,NaN,NaN,NaN,TS,NW,B,B,NaN,NaN,NaN,NaN,NaN,NaN,
1960090300,18w.1960,GLORIA,TS,NN,16.7,116.3,30,NaN,286,12,286,12,NaN,NaN,NaN,NaN,NaN,NaN,NaN,NaN,NaN,NaN,TD,NW,B,B,NaN,NaN,NaN,NaN,NaN,NaN,
1960090306,18w.1960,GLORIA,TS,NN,16.8,114.9,30,NaN,280,14,280,14,NaN,NaN,NaN,NaN,NaN,NaN,NaN,NaN,NaN,NaN,TD,NW,B,B,NaN,NaN,NaN,NaN,NaN,NaN,
1960090312,18w.1960,GLORIA,TS,NN,16.8,113.2,30,NaN,272,15,272,15,NaN,NaN,NaN,NaN,NaN,NaN,NaN,NaN,NaN,NaN,TD,NW,B,B,NaN,NaN,NaN,NaN,NaN,NaN,
1960090318,18w.1960,GLORIA,TS,NN,16.8,111.9,30,NaN,270,14,270,14,NaN,NaN,NaN,NaN,NaN,NaN,NaN,NaN,NaN,NaN,TD,NW,B,B,NaN,NaN,NaN,NaN,NaN,NaN,
1960090400,18w.1960,GLORIA,TS,NN,16.7,110.5,30,NaN,268,13,268,13,NaN,NaN,NaN,NaN,NaN,NaN,NaN,NaN,NaN,NaN,TD,NW,B,B,NaN,NaN,NaN,NaN,NaN,NaN,
1960090400,w19.1960,9X-W19,TS,NN,14.7,148.2,25,NaN,320,5,320,5,NaN,NaN,NaN,NaN,NaN,NaN,NaN,NaN,NaN,NaN,TD,NW,B,B,NaN,NaN,NaN,NaN,NaN,NaN,
1960090406,w19.1960,9X-W19,TS,NN,15.1,147.9,25,NaN,320,5,320,5,NaN,NaN,NaN,NaN,NaN,NaN,NaN,NaN,NaN,NaN,TD,NW,B,B,NaN,NaN,NaN,NaN,NaN,NaN,
1960090412,w19.1960,9X-W19,TS,NN,15.5,147.5,30,NaN,320,5,320,5,NaN,NaN,NaN,NaN,NaN,NaN,NaN,NaN,NaN,NaN,TD,NW,B,B,NaN,NaN,NaN,NaN,NaN,NaN,
1960090418,19w.1960,HESTER,TS,NN,16.0,147.0,35,NaN,316,6,316,6,NaN,NaN,NaN,NaN,NaN,NaN,NaN,NaN,NaN,NaN,TS,NW,B,B,NaN,NaN,NaN,NaN,NaN,NaN,
1960090500,19w.1960,HESTER,TS,NN,16.8,146.2,35,NaN,316,9,316,9,NaN,NaN,NaN,NaN,NaN,NaN,NaN,NaN,NaN,NaN,TS,NW,B,B,NaN,NaN,NaN,NaN,NaN,NaN,
1960090506,19w.1960,HESTER,TS,NN,17.0,146.0,40,NaN,316,7,316,7,NaN,NaN,NaN,NaN,NaN,NaN,NaN,NaN,NaN,NaN,TS,NW,B,B,NaN,NaN,NaN,NaN,NaN,NaN,
1960090512,19w.1960,HESTER,TS,NN,17.3,145.5,40,NaN,307,4,307,4,NaN,NaN,NaN,NaN,NaN,NaN,NaN,NaN,NaN,NaN,TS,NW,B,B,NaN,NaN,NaN,NaN,NaN,NaN,
1960090518,19w.1960,HESTER,TS,NN,18.8,145.0,40,NaN,332,10,332,10,NaN,NaN,NaN,NaN,NaN,NaN,NaN,NaN,NaN,NaN,TS,NW,B,B,NaN,NaN,NaN,NaN,NaN,NaN,
1960090600,19w.1960,HESTER,TS,NN,19.9,145.9,25,NaN,8,13,8,13,NaN,NaN,NaN,NaN,NaN,NaN,NaN,NaN,NaN,NaN,TD,NW,B,B,NaN,NaN,NaN,NaN,NaN,NaN,
1960090606,19w.1960,HESTER,TS,NN,20.3,145.8,25,NaN,27,8,27,8,NaN,NaN,NaN,NaN,NaN,NaN,NaN,NaN,NaN,NaN,TD,NW,B,B,NaN,NaN,NaN,NaN,NaN,NaN,
1960090612,19w.1960,HESTER,TS,NN,20.5,145.6,25,NaN,335,3,335,3,NaN,NaN,NaN,NaN,NaN,NaN,NaN,NaN,NaN,NaN,TD,NW,B,B,NaN,NaN,NaN,NaN,NaN,NaN,
1960090618,19w.1960,HESTER,TS,NN,20.8,145.4,30,NaN,323,3,323,3,NaN,NaN,NaN,NaN,NaN,NaN,NaN,NaN,NaN,NaN,TD,NW,B,B,NaN,NaN,NaN,NaN,NaN,NaN,
1960090700,19w.1960,HESTER,TS,NN,21.1,145.3,30,NaN,335,3,335,3,NaN,NaN,NaN,NaN,NaN,NaN,NaN,NaN,NaN,NaN,TD,NW,B,B,NaN,NaN,NaN,NaN,NaN,NaN,
1960090706,19w.1960,HESTER,TS,NN,21.4,145.2,30,NaN,343,3,343,3,NaN,NaN,NaN,NaN,NaN,NaN,NaN,NaN,NaN,NaN,TD,NW,B,B,NaN,NaN,NaN,NaN,NaN,NaN,
1960090712,19w.1960,HESTER,TS,NN,21.7,145.1,35,NaN,343,3,343,3,NaN,NaN,NaN,NaN,NaN,NaN,NaN,NaN,NaN,NaN,TS,NW,B,B,NaN,NaN,NaN,NaN,NaN,NaN,
1960090718,19w.1960,HESTER,TS,NN,22.0,145.0,35,NaN,343,3,343,3,NaN,NaN,NaN,NaN,NaN,NaN,NaN,NaN,NaN,NaN,TS,NW,B,B,NaN,NaN,NaN,NaN,NaN,NaN,
1960090800,19w.1960,HESTER,TS,NN,22.3,144.8,35,NaN,335,3,335,3,NaN,NaN,NaN,NaN,NaN,NaN,NaN,NaN,NaN,NaN,TS,NW,B,B,NaN,NaN,NaN,NaN,NaN,NaN,
1960090806,19w.1960,HESTER,TS,NN,22.6,144.7,35,NaN,335,3,335,3,NaN,NaN,NaN,NaN,NaN,NaN,NaN,NaN,NaN,NaN,TS,NW,B,B,NaN,NaN,NaN,NaN,NaN,NaN,
1960090812,19w.1960,HESTER,TS,NN,22.8,144.5,40,NaN,331,3,331,3,NaN,NaN,NaN,NaN,NaN,NaN,NaN,NaN,NaN,NaN,TS,NW,B,B,NaN,NaN,NaN,NaN,NaN,NaN,
1960090818,19w.1960,HESTER,TS,NN,23.2,143.5,40,NaN,298,6,298,6,NaN,NaN,NaN,NaN,NaN,NaN,NaN,NaN,NaN,NaN,TS,NW,B,B,NaN,NaN,NaN,NaN,NaN,NaN,
1960090900,19w.1960,HESTER,TS,NN,23.5,142.4,40,NaN,290,10,290,10,NaN,NaN,NaN,NaN,NaN,NaN,NaN,NaN,NaN,NaN,TS,NW,B,B,NaN,NaN,NaN,NaN,NaN,NaN,
1960090906,19w.1960,HESTER,TS,NN,23.6,141.3,40,NaN,281,10,281,10,NaN,NaN,NaN,NaN,NaN,NaN,NaN,NaN,NaN,NaN,TS,NW,B,B,NaN,NaN,NaN,NaN,NaN,NaN,
1960090912,19w.1960,HESTER,TS,NN,23.7,140.1,40,NaN,275,11,275,11,NaN,NaN,NaN,NaN,NaN,NaN,NaN,NaN,NaN,NaN,TS,NW,B,B,NaN,NaN,NaN,NaN,NaN,NaN,
1960090918,19w.1960,HESTER,TS,NN,24.0,138.7,40,NaN,280,12,280,12,NaN,NaN,NaN,NaN,NaN,NaN,NaN,NaN,NaN,NaN,TS,NW,B,B,NaN,NaN,NaN,NaN,NaN,NaN,
1960091000,19w.1960,HESTER,TS,NN,24.2,137.1,35,NaN,280,14,280,14,NaN,NaN,NaN,NaN,NaN,NaN,NaN,NaN,NaN,NaN,TS,NW,B,B,NaN,NaN,NaN,NaN,NaN,NaN,
1960091006,19w.1960,HESTER,TS,NN,24.8,135.7,15,NaN,286,14,286,14,NaN,NaN,NaN,NaN,NaN,NaN,NaN,NaN,NaN,NaN,NT,NW,B,B,NaN,NaN,NaN,NaN,NaN,NaN,
1960091112,w20.1960,9X-W20,TS,NN,11.2,138.8,25,NaN,302,8,302,8,NaN,NaN,NaN,NaN,NaN,NaN,NaN,NaN,NaN,NaN,TD,NW,B,B,NaN,NaN,NaN,NaN,NaN,NaN,
1960091118,w20.1960,9X-W20,TS,NN,11.5,138.0,25,NaN,302,8,302,8,NaN,NaN,NaN,NaN,NaN,NaN,NaN,NaN,NaN,NaN,TD,NW,B,B,NaN,NaN,NaN,NaN,NaN,NaN,
1960091200,20w.1960,IRMA,TS,NN,12.0,137.5,35,NaN,302,8,302,8,NaN,NaN,NaN,NaN,NaN,NaN,NaN,NaN,NaN,NaN,TS,NW,B,B,NaN,NaN,NaN,NaN,NaN,NaN,
1960091206,20w.1960,IRMA,TS,NN,12.3,137.3,35,NaN,319,5,319,5,NaN,NaN,NaN,NaN,NaN,NaN,NaN,NaN,NaN,NaN,TS,NW,B,B,NaN,NaN,NaN,NaN,NaN,NaN,
1960091212,20w.1960,IRMA,TS,NN,12.9,137.0,35,NaN,332,5,332,5,NaN,NaN,NaN,NaN,NaN,NaN,NaN,NaN,NaN,NaN,TS,NW,B,B,NaN,NaN,NaN,NaN,NaN,NaN,
1960091218,20w.1960,IRMA,TS,NN,13.3,136.7,35,NaN,330,6,330,6,NaN,NaN,NaN,NaN,NaN,NaN,NaN,NaN,NaN,NaN,TS,NW,B,B,NaN,NaN,NaN,NaN,NaN,NaN,
1960091300,20w.1960,IRMA,TS,NN,13.9,136.2,40,NaN,322,6,322,6,NaN,NaN,NaN,NaN,NaN,NaN,NaN,NaN,NaN,NaN,TS,NW,B,B,NaN,NaN,NaN,NaN,NaN,NaN,
1960091306,20w.1960,IRMA,TS,NN,14.2,135.8,40,NaN,316,6,316,6,NaN,NaN,NaN,NaN,NaN,NaN,NaN,NaN,NaN,NaN,TS,NW,B,B,NaN,NaN,NaN,NaN,NaN,NaN,
1960091312,20w.1960,IRMA,TS,NN,14.8,135.3,35,NaN,316,6,316,6,NaN,NaN,NaN,NaN,NaN,NaN,NaN,NaN,NaN,NaN,TS,NW,B,B,NaN,NaN,NaN,NaN,NaN,NaN,
1960091318,20w.1960,IRMA,TS,NN,15.2,134.8,35,NaN,316,7,316,7,NaN,NaN,NaN,NaN,NaN,NaN,NaN,NaN,NaN,NaN,TS,NW,B,B,NaN,NaN,NaN,NaN,NaN,NaN,
1960091400,20w.1960,IRMA,TS,NN,15.5,134.3,10,NaN,306,6,306,6,NaN,NaN,NaN,NaN,NaN,NaN,NaN,NaN,NaN,NaN,NT,NW,B,B,NaN,NaN,NaN,NaN,NaN,NaN,
1960091406,20w.1960,IRMA,TS,NN,16.0,133.5,10,NaN,303,7,303,7,NaN,NaN,NaN,NaN,NaN,NaN,NaN,NaN,NaN,NaN,NT,NW,B,B,NaN,NaN,NaN,NaN,NaN,NaN,
1960091412,20w.1960,IRMA,TS,NN,16.4,132.8,10,NaN,302,9,302,9,NaN,NaN,NaN,NaN,NaN,NaN,NaN,NaN,NaN,NaN,NT,NW,B,B,NaN,NaN,NaN,NaN,NaN,NaN,
1960091418,20w.1960,IRMA,TS,NN,16.4,131.6,10,NaN,282,9,282,9,NaN,NaN,NaN,NaN,NaN,NaN,NaN,NaN,NaN,NaN,NT,NW,B,B,NaN,NaN,NaN,NaN,NaN,NaN,
1960091500,20w.1960,IRMA,TS,NN,16.5,130.7,15,NaN,273,10,273,10,NaN,NaN,NaN,NaN,NaN,NaN,NaN,NaN,NaN,NaN,NT,NW,B,B,NaN,NaN,NaN,NaN,NaN,NaN,
1960091506,20w.1960,IRMA,TS,NN,16.5,129.8,15,NaN,273,9,273,9,NaN,NaN,NaN,NaN,NaN,NaN,NaN,NaN,NaN,NaN,NT,NW,B,B,NaN,NaN,NaN,NaN,NaN,NaN,
1960091512,20w.1960,IRMA,TS,NN,16.6,128.5,20,NaN,273,11,273,11,NaN,NaN,NaN,NaN,NaN,NaN,NaN,NaN,NaN,NaN,NT,NW,B,B,NaN,NaN,NaN,NaN,NaN,NaN,
1960091518,20w.1960,IRMA,TS,NN,17.0,127.0,20,NaN,281,14,281,14,NaN,NaN,NaN,NaN,NaN,NaN,NaN,NaN,NaN,NaN,NT,NW,B,B,NaN,NaN,NaN,NaN,NaN,NaN,
1960091600,20w.1960,IRMA,TS,NN,18.0,126.1,20,NaN,301,13,301,13,NaN,NaN,NaN,NaN,NaN,NaN,NaN,NaN,NaN,NaN,NT,NW,B,B,NaN,NaN,NaN,NaN,NaN,NaN,
1960091606,20w.1960,IRMA,TS,NN,18.7,124.9,20,NaN,310,13,310,13,NaN,NaN,NaN,NaN,NaN,NaN,NaN,NaN,NaN,NaN,NT,NW,B,B,NaN,NaN,NaN,NaN,NaN,NaN,
1960091612,20w.1960,IRMA,TS,NN,19.1,123.8,20,NaN,297,12,297,12,NaN,NaN,NaN,NaN,NaN,NaN,NaN,NaN,NaN,NaN,NT,NW,B,B,NaN,NaN,NaN,NaN,NaN,NaN,
1960091618,20w.1960,IRMA,TS,NN,19.5,122.2,20,NaN,287,13,287,13,NaN,NaN,NaN,NaN,NaN,NaN,NaN,NaN,NaN,NaN,NT,NW,B,B,NaN,NaN,0.02,NaN,NaN,NaN,
1960091700,20w.1960,IRMA,TS,NN,19.5,120.9,20,NaN,278,14,278,14,NaN,NaN,NaN,NaN,NaN,NaN,NaN,NaN,NaN,NaN,NT,NW,B,B,NaN,NaN,0.04,NaN,NaN,NaN,
1960091706,20w.1960,IRMA,TS,NN,19.0,119.7,20,NaN,258,12,258,12,NaN,NaN,NaN,NaN,NaN,NaN,NaN,NaN,NaN,NaN,NT,NW,B,B,NaN,NaN,NaN,NaN,NaN,NaN,
1960091712,20w.1960,IRMA,TS,NN,18.4,118.7,20,NaN,242,12,242,12,NaN,NaN,NaN,NaN,NaN,NaN,NaN,NaN,NaN,NaN,NT,NW,B,B,NaN,NaN,NaN,NaN,NaN,NaN,
1960091718,20w.1960,IRMA,TS,NN,17.5,117.0,20,NaN,240,15,240,15,NaN,NaN,NaN,NaN,NaN,NaN,NaN,NaN,NaN,NaN,NT,NW,B,B,NaN,NaN,NaN,NaN,NaN,NaN,
1960091800,20w.1960,IRMA,TS,NN,17.2,116.0,20,NaN,245,14,245,14,NaN,NaN,NaN,NaN,NaN,NaN,NaN,NaN,NaN,NaN,NT,NW,B,B,NaN,NaN,NaN,NaN,NaN,NaN,
1960091806,20w.1960,IRMA,TS,NN,17.1,114.8,20,NaN,259,11,259,11,NaN,NaN,NaN,NaN,NaN,NaN,NaN,NaN,NaN,NaN,NT,NW,B,B,NaN,NaN,NaN,NaN,NaN,NaN,
1960091812,20w.1960,IRMA,TS,NN,17.2,113.5,20,NaN,270,12,270,12,NaN,NaN,NaN,NaN,NaN,NaN,NaN,NaN,NaN,NaN,NT,NW,B,B,NaN,NaN,NaN,NaN,NaN,NaN,
1960091818,20w.1960,IRMA,TS,NN,17.5,112.7,20,NaN,281,10,281,10,NaN,NaN,NaN,NaN,NaN,NaN,NaN,NaN,NaN,NaN,NT,NW,B,B,NaN,NaN,NaN,NaN,NaN,NaN,
1960091900,20w.1960,IRMA,TS,NN,18.0,111.8,20,NaN,296,9,296,9,NaN,NaN,NaN,NaN,NaN,NaN,NaN,NaN,NaN,NaN,NT,NW,B,B,NaN,NaN,NaN,NaN,NaN,NaN,
1960091906,20w.1960,IRMA,TS,NN,18.3,110.8,20,NaN,294,10,294,10,NaN,NaN,NaN,NaN,NaN,NaN,NaN,NaN,NaN,NaN,NT,NW,B,B,NaN,NaN,NaN,NaN,NaN,NaN,
1960092506,w21.1960,9X-W21,TS,NN,22.0,150.5,30,NaN,328,7,328,7,NaN,NaN,NaN,NaN,NaN,NaN,NaN,NaN,NaN,NaN,TD,NW,B,B,NaN,NaN,NaN,NaN,NaN,NaN,
1960092512,w21.1960,9X-W21,TS,NN,22.7,150.0,30,NaN,328,7,328,7,NaN,NaN,NaN,NaN,NaN,NaN,NaN,NaN,NaN,NaN,TD,NW,B,B,NaN,NaN,NaN,NaN,NaN,NaN,
1960092518,w21.1960,9X-W21,TS,NN,23.2,149.7,30,NaN,328,7,328,7,NaN,NaN,NaN,NaN,NaN,NaN,NaN,NaN,NaN,NaN,TD,NW,B,B,NaN,NaN,NaN,NaN,NaN,NaN,
1960092600,21w.1960,JUDY,TS,NN,23.8,149.2,40,NaN,326,7,326,7,NaN,NaN,NaN,NaN,NaN,NaN,NaN,NaN,NaN,NaN,TS,NW,B,B,NaN,NaN,NaN,NaN,NaN,NaN,
1960092606,21w.1960,JUDY,TS,NN,24.4,149.1,40,NaN,335,7,335,7,NaN,NaN,NaN,NaN,NaN,NaN,NaN,NaN,NaN,NaN,TS,NW,B,B,NaN,NaN,NaN,NaN,NaN,NaN,
1960092612,21w.1960,JUDY,TS,NN,25.0,149.0,40,NaN,351,6,351,6,NaN,NaN,NaN,NaN,NaN,NaN,NaN,NaN,NaN,NaN,TS,NW,B,B,NaN,NaN,NaN,NaN,NaN,NaN,
1960092618,21w.1960,JUDY,TS,NN,25.7,148.6,40,NaN,341,7,341,7,NaN,NaN,NaN,NaN,NaN,NaN,NaN,NaN,NaN,NaN,TS,NW,B,B,NaN,NaN,NaN,NaN,NaN,NaN,
1960092700,21w.1960,JUDY,TS,NN,26.2,148.2,35,NaN,329,7,329,7,NaN,NaN,NaN,NaN,NaN,NaN,NaN,NaN,NaN,NaN,TS,NW,B,B,NaN,NaN,NaN,NaN,NaN,NaN,
1960092706,21w.1960,JUDY,TS,NN,26.8,147.8,30,NaN,327,7,327,7,NaN,NaN,NaN,NaN,NaN,NaN,NaN,NaN,NaN,NaN,TD,NW,B,B,NaN,NaN,NaN,NaN,NaN,NaN,
1960092712,21w.1960,JUDY,TS,NN,27.5,147.3,30,NaN,328,8,328,8,NaN,NaN,NaN,NaN,NaN,NaN,NaN,NaN,NaN,NaN,TD,NW,B,B,NaN,NaN,NaN,NaN,NaN,NaN,
1960092718,21w.1960,JUDY,TS,NN,28.0,146.8,30,NaN,324,7,324,7,NaN,NaN,NaN,NaN,NaN,NaN,NaN,NaN,NaN,NaN,TD,NW,B,B,NaN,NaN,NaN,NaN,NaN,NaN,
1960092800,21w.1960,JUDY,TS,NN,28.5,145.9,25,NaN,309,8,309,8,NaN,NaN,NaN,NaN,NaN,NaN,NaN,NaN,NaN,NaN,TD,NW,B,B,NaN,NaN,NaN,NaN,NaN,NaN,
1960092806,21w.1960,JUDY,TS,NN,28.9,145.2,25,NaN,303,8,303,8,NaN,NaN,NaN,NaN,NaN,NaN,NaN,NaN,NaN,NaN,TD,NW,B,B,NaN,NaN,NaN,NaN,NaN,NaN,
1960092812,21w.1960,JUDY,TS,NN,29.8,144.3,25,NaN,313,10,313,10,NaN,NaN,NaN,NaN,NaN,NaN,NaN,NaN,NaN,NaN,TD,NW,B,B,NaN,NaN,NaN,NaN,NaN,NaN,
1960092818,21w.1960,JUDY,TS,NN,30.7,144.6,25,NaN,344,9,344,9,NaN,NaN,NaN,NaN,NaN,NaN,NaN,NaN,NaN,NaN,TD,NW,B,B,NaN,NaN,NaN,NaN,NaN,NaN,
1960100212,w22.1960,9X-W22,TY,NN,13.7,137.0,25,NaN,270,7,270,7,NaN,NaN,NaN,NaN,NaN,NaN,NaN,NaN,NaN,NaN,TD,NW,B,B,NaN,NaN,NaN,NaN,NaN,NaN,
1960100218,w22.1960,9X-W22,TY,NN,13.8,136.3,25,NaN,270,7,270,7,NaN,NaN,NaN,NaN,NaN,NaN,NaN,NaN,NaN,NaN,TD,NW,B,B,NaN,NaN,NaN,NaN,NaN,NaN,
1960100300,w22.1960,9X-W22,TY,NN,13.7,135.6,30,NaN,270,7,270,7,NaN,NaN,NaN,NaN,NaN,NaN,NaN,NaN,NaN,NaN,TD,NW,B,B,NaN,NaN,NaN,NaN,NaN,NaN,
1960100306,w22.1960,9X-W22,TY,NN,13.6,134.7,30,NaN,263,8,263,8,NaN,NaN,NaN,NaN,NaN,NaN,NaN,NaN,NaN,NaN,TD,NW,B,B,NaN,NaN,NaN,NaN,NaN,NaN,
1960100312,w22.1960,9X-W22,TY,NN,13.5,133.9,30,NaN,263,8,263,8,NaN,NaN,NaN,NaN,NaN,NaN,NaN,NaN,NaN,NaN,TD,NW,B,B,NaN,NaN,NaN,NaN,NaN,NaN,
1960100318,22w.1960,KIT,TY,NN,13.3,133.0,40,NaN,260,8,260,8,NaN,NaN,NaN,NaN,NaN,NaN,NaN,NaN,NaN,NaN,TS,NW,B,B,NaN,NaN,NaN,NaN,NaN,NaN,
1960100400,22w.1960,KIT,TY,NN,13.2,132.1,40,NaN,260,9,260,9,NaN,NaN,NaN,NaN,NaN,NaN,NaN,NaN,NaN,NaN,TS,NW,B,B,NaN,NaN,NaN,NaN,NaN,NaN,
1960100406,22w.1960,KIT,TY,NN,13.1,130.8,50,NaN,265,11,265,11,NaN,NaN,NaN,NaN,NaN,NaN,NaN,NaN,NaN,NaN,TS,NW,B,B,NaN,NaN,NaN,NaN,NaN,NaN,
1960100412,22w.1960,KIT,TY,NN,12.9,129.6,55,NaN,263,12,263,12,NaN,NaN,NaN,NaN,NaN,NaN,NaN,NaN,NaN,NaN,TS,NW,B,B,NaN,NaN,NaN,NaN,NaN,NaN,
1960100418,22w.1960,KIT,TY,NN,12.8,128.5,65,NaN,262,11,262,11,NaN,NaN,NaN,NaN,NaN,NaN,NaN,NaN,NaN,NaN,TY,NW,B,B,NaN,NaN,NaN,NaN,NaN,NaN,
1960100500,22w.1960,KIT,TY,NN,12.8,127.6,70,NaN,267,10,267,10,NaN,NaN,NaN,NaN,NaN,NaN,NaN,NaN,NaN,NaN,TY,NW,B,B,NaN,NaN,NaN,NaN,NaN,NaN,
1960100506,22w.1960,KIT,TY,NN,12.8,126.8,75,NaN,270,8,270,8,NaN,NaN,NaN,NaN,NaN,NaN,NaN,NaN,NaN,NaN,TY,NW,B,B,NaN,NaN,NaN,NaN,NaN,NaN,
1960100512,22w.1960,KIT,TY,NN,12.8,126.3,80,NaN,270,6,270,6,NaN,NaN,NaN,NaN,NaN,NaN,NaN,NaN,NaN,NaN,TY,NW,B,B,NaN,NaN,NaN,NaN,NaN,NaN,
1960100518,22w.1960,KIT,TY,NN,12.8,125.8,85,NaN,270,5,270,5,NaN,NaN,NaN,NaN,NaN,NaN,NaN,NaN,NaN,NaN,TY,NW,B,B,NaN,NaN,NaN,NaN,NaN,NaN,
1960100600,22w.1960,KIT,TY,NN,12.8,125.3,90,NaN,270,5,270,5,NaN,NaN,NaN,NaN,NaN,NaN,NaN,NaN,NaN,NaN,TY,NW,B,B,NaN,NaN,0.02,NaN,NaN,NaN,
1960100606,22w.1960,KIT,TY,NN,12.8,124.5,90,NaN,270,6,270,6,NaN,NaN,NaN,NaN,NaN,NaN,NaN,NaN,NaN,NaN,TY,NW,B,B,NaN,NaN,0.10,NaN,NaN,NaN,
1960100612,22w.1960,KIT,TY,NN,12.9,123.7,85,NaN,274,8,274,8,NaN,NaN,NaN,NaN,NaN,NaN,NaN,NaN,NaN,NaN,TY,NW,B,B,NaN,NaN,0.41,NaN,NaN,NaN,
1960100618,22w.1960,KIT,TY,NN,13.0,122.8,70,NaN,277,8,277,8,NaN,NaN,NaN,NaN,NaN,NaN,NaN,NaN,NaN,NaN,TY,NW,B,B,NaN,NaN,0.21,NaN,NaN,NaN,
1960100700,22w.1960,KIT,TY,NN,13.1,121.9,65,NaN,277,9,277,9,NaN,NaN,NaN,NaN,NaN,NaN,NaN,NaN,NaN,NaN,TY,NW,B,B,NaN,NaN,0.12,NaN,NaN,NaN,
1960100706,22w.1960,KIT,TY,NN,13.2,121.0,65,NaN,277,9,277,9,NaN,NaN,NaN,NaN,NaN,NaN,NaN,NaN,NaN,NaN,TY,NW,B,B,NaN,NaN,0.67,NaN,NaN,NaN,
1960100712,22w.1960,KIT,TY,NN,13.3,120.2,65,NaN,277,8,277,8,NaN,NaN,NaN,NaN,NaN,NaN,NaN,NaN,NaN,NaN,TY,NW,B,B,NaN,NaN,0.05,NaN,NaN,NaN,
1960100718,22w.1960,KIT,TY,NN,13.6,119.7,65,NaN,288,7,288,7,NaN,NaN,NaN,NaN,NaN,NaN,NaN,NaN,NaN,NaN,TY,NW,B,B,NaN,NaN,NaN,NaN,NaN,NaN,
1960100800,22w.1960,KIT,TY,NN,13.9,119.2,70,NaN,302,6,302,6,NaN,NaN,NaN,NaN,NaN,NaN,NaN,NaN,NaN,NaN,TY,NW,B,B,NaN,NaN,NaN,NaN,NaN,NaN,
1960100806,22w.1960,KIT,TY,NN,14.5,118.7,70,NaN,313,7,313,7,NaN,NaN,NaN,NaN,NaN,NaN,NaN,NaN,NaN,NaN,TY,NW,B,B,NaN,NaN,NaN,NaN,NaN,NaN,
1960100812,22w.1960,KIT,TY,NN,15.2,118.4,70,NaN,329,8,329,8,NaN,NaN,NaN,NaN,NaN,NaN,NaN,NaN,NaN,NaN,TY,NW,B,B,NaN,NaN,NaN,NaN,NaN,NaN,
1960100818,22w.1960,KIT,TY,NN,16.1,117.8,75,NaN,332,9,332,9,NaN,NaN,NaN,NaN,NaN,NaN,NaN,NaN,NaN,NaN,TY,NW,B,B,NaN,NaN,NaN,NaN,NaN,NaN,
1960100900,22w.1960,KIT,TY,NN,16.8,116.9,80,NaN,318,11,318,11,NaN,NaN,NaN,NaN,NaN,NaN,NaN,NaN,NaN,NaN,TY,NW,B,B,NaN,NaN,NaN,NaN,NaN,NaN,
1960100906,22w.1960,KIT,TY,NN,17.3,115.9,85,NaN,303,11,303,11,NaN,NaN,NaN,NaN,NaN,NaN,NaN,NaN,NaN,NaN,TY,NW,B,B,NaN,NaN,NaN,NaN,NaN,NaN,
1960100912,22w.1960,KIT,TY,NN,17.6,115.2,90,NaN,296,9,296,9,NaN,NaN,NaN,NaN,NaN,NaN,NaN,NaN,NaN,NaN,TY,NW,B,B,NaN,NaN,NaN,NaN,NaN,NaN,
1960100918,22w.1960,KIT,TY,NN,18.0,114.6,90,NaN,299,7,299,7,NaN,NaN,NaN,NaN,NaN,NaN,NaN,NaN,NaN,NaN,TY,NW,B,B,NaN,NaN,NaN,NaN,NaN,NaN,
1960101000,22w.1960,KIT,TY,NN,18.4,114.0,90,NaN,305,7,305,7,NaN,NaN,NaN,NaN,NaN,NaN,NaN,NaN,NaN,NaN,TY,NW,B,B,NaN,NaN,NaN,NaN,NaN,NaN,
1960101006,22w.1960,KIT,TY,NN,18.8,113.4,90,NaN,305,7,305,7,NaN,NaN,NaN,NaN,NaN,NaN,NaN,NaN,NaN,NaN,TY,NW,B,B,NaN,NaN,NaN,NaN,NaN,NaN,
1960101012,22w.1960,KIT,TY,NN,19.1,112.9,90,NaN,304,6,304,6,NaN,NaN,NaN,NaN,NaN,NaN,NaN,NaN,NaN,NaN,TY,NW,B,B,NaN,NaN,NaN,NaN,NaN,NaN,
1960101018,22w.1960,KIT,TY,NN,19.3,112.3,85,NaN,296,6,296,6,NaN,NaN,NaN,NaN,NaN,NaN,NaN,NaN,NaN,NaN,TY,NW,B,B,NaN,NaN,NaN,NaN,NaN,NaN,
1960101100,22w.1960,KIT,TY,NN,19.4,111.8,75,NaN,286,5,286,5,NaN,NaN,NaN,NaN,NaN,NaN,NaN,NaN,NaN,NaN,TY,NW,B,B,NaN,NaN,NaN,NaN,NaN,NaN,
1960101106,22w.1960,KIT,TY,NN,19.4,111.2,70,NaN,276,5,276,5,NaN,NaN,NaN,NaN,NaN,NaN,NaN,NaN,NaN,NaN,TY,NW,B,B,NaN,NaN,0.29,NaN,NaN,NaN,
1960101112,22w.1960,KIT,TY,NN,19.4,110.6,65,NaN,270,6,270,6,NaN,NaN,NaN,NaN,NaN,NaN,NaN,NaN,NaN,NaN,TY,NW,B,B,NaN,NaN,0.77,NaN,NaN,NaN,
1960101118,22w.1960,KIT,TY,NN,19.3,110.1,55,NaN,264,5,264,5,NaN,NaN,NaN,NaN,NaN,NaN,NaN,NaN,NaN,NaN,TS,NW,B,B,NaN,NaN,0.95,NaN,NaN,NaN,
1960101200,22w.1960,KIT,TY,NN,19.1,109.5,50,NaN,254,5,254,5,NaN,NaN,NaN,NaN,NaN,NaN,NaN,NaN,NaN,NaN,TS,NW,B,B,NaN,NaN,0.98,NaN,NaN,NaN,
1960101206,22w.1960,KIT,TY,NN,19.0,109.0,45,NaN,254,5,254,5,NaN,NaN,NaN,NaN,NaN,NaN,NaN,NaN,NaN,NaN,TS,NW,B,B,NaN,NaN,0.82,NaN,NaN,NaN,
1960101212,22w.1960,KIT,TY,NN,18.9,108.4,45,NaN,259,5,259,5,NaN,NaN,NaN,NaN,NaN,NaN,NaN,NaN,NaN,NaN,TS,NW,B,B,NaN,NaN,0.32,NaN,NaN,NaN,
1960101218,22w.1960,KIT,TY,NN,18.8,107.6,40,NaN,261,7,261,7,NaN,NaN,NaN,NaN,NaN,NaN,NaN,NaN,NaN,NaN,TS,NW,B,B,NaN,NaN,NaN,NaN,NaN,NaN,
1960101300,22w.1960,KIT,TY,NN,18.7,106.7,40,NaN,263,8,263,8,NaN,NaN,NaN,NaN,NaN,NaN,NaN,NaN,NaN,NaN,TS,NW,B,B,NaN,NaN,0.10,NaN,NaN,NaN,
1960101306,22w.1960,KIT,TY,NN,17.6,105.2,35,NaN,242,13,242,13,NaN,NaN,NaN,NaN,NaN,NaN,NaN,NaN,NaN,NaN,TS,NW,B,B,NaN,NaN,0.99,NaN,NaN,NaN,
1960101312,22w.1960,KIT,TY,NN,17.0,103.0,30,NaN,244,20,244,20,NaN,NaN,NaN,NaN,NaN,NaN,NaN,NaN,NaN,NaN,TD,NW,B,B,NaN,NaN,0.98,NaN,NaN,NaN,
1960101318,22w.1960,KIT,TY,NN,16.5,102.2,25,NaN,249,15,249,15,NaN,NaN,NaN,NaN,NaN,NaN,NaN,NaN,NaN,NaN,TD,NW,B,B,NaN,NaN,0.99,NaN,NaN,NaN,
1960100812,23w.1960,LOLA,TY,NN,21.8,130.8,35,NaN,288,6,288,6,NaN,NaN,NaN,NaN,NaN,NaN,NaN,NaN,NaN,NaN,TS,NW,B,B,NaN,NaN,NaN,NaN,NaN,NaN,
1960100818,23w.1960,LOLA,TY,NN,22.1,130.0,35,NaN,288,6,288,6,NaN,NaN,NaN,NaN,NaN,NaN,NaN,NaN,NaN,NaN,TS,NW,B,B,NaN,NaN,NaN,NaN,NaN,NaN,
1960100900,23w.1960,LOLA,TY,NN,22.2,129.5,35,NaN,288,6,288,6,NaN,NaN,NaN,NaN,NaN,NaN,NaN,NaN,NaN,NaN,TS,NW,B,B,NaN,NaN,NaN,NaN,NaN,NaN,
1960100906,23w.1960,LOLA,TY,NN,22.2,129.0,35,NaN,276,5,276,5,NaN,NaN,NaN,NaN,NaN,NaN,NaN,NaN,NaN,NaN,TS,NW,B,B,NaN,NaN,NaN,NaN,NaN,NaN,
1960100912,23w.1960,LOLA,TY,NN,22.0,128.6,35,NaN,257,4,257,4,NaN,NaN,NaN,NaN,NaN,NaN,NaN,NaN,NaN,NaN,TS,NW,B,B,NaN,NaN,NaN,NaN,NaN,NaN,
1960100918,23w.1960,LOLA,TY,NN,21.7,128.4,35,NaN,228,4,228,4,NaN,NaN,NaN,NaN,NaN,NaN,NaN,NaN,NaN,NaN,TS,NW,B,B,NaN,NaN,NaN,NaN,NaN,NaN,
1960101000,23w.1960,LOLA,TY,NN,21.2,128.6,40,NaN,180,4,180,4,NaN,NaN,NaN,NaN,NaN,NaN,NaN,NaN,NaN,NaN,TS,NW,B,B,NaN,NaN,NaN,NaN,NaN,NaN,
1960101006,23w.1960,LOLA,TY,NN,20.6,128.8,40,NaN,161,6,161,6,NaN,NaN,NaN,NaN,NaN,NaN,NaN,NaN,NaN,NaN,TS,NW,B,B,NaN,NaN,NaN,NaN,NaN,NaN,
1960101012,23w.1960,LOLA,TY,NN,19.9,128.8,40,NaN,172,7,172,7,NaN,NaN,NaN,NaN,NaN,NaN,NaN,NaN,NaN,NaN,TS,NW,B,B,NaN,NaN,NaN,NaN,NaN,NaN,
1960101018,23w.1960,LOLA,TY,NN,18.9,128.3,45,NaN,195,9,195,9,NaN,NaN,NaN,NaN,NaN,NaN,NaN,NaN,NaN,NaN,TS,NW,B,B,NaN,NaN,NaN,NaN,NaN,NaN,
1960101100,23w.1960,LOLA,TY,NN,18.0,127.0,55,NaN,222,13,222,13,NaN,NaN,NaN,NaN,NaN,NaN,NaN,NaN,NaN,NaN,TS,NW,B,B,NaN,NaN,NaN,NaN,NaN,NaN,
1960101106,23w.1960,LOLA,TY,NN,16.6,126.4,65,NaN,218,15,218,15,NaN,NaN,NaN,NaN,NaN,NaN,NaN,NaN,NaN,NaN,TY,NW,B,B,NaN,NaN,NaN,NaN,NaN,NaN,
1960101112,23w.1960,LOLA,TY,NN,15.8,125.9,75,NaN,206,12,206,12,NaN,NaN,NaN,NaN,NaN,NaN,NaN,NaN,NaN,NaN,TY,NW,B,B,NaN,NaN,NaN,NaN,NaN,NaN,
1960101118,23w.1960,LOLA,TY,NN,15.6,125.6,80,NaN,218,6,218,6,NaN,NaN,NaN,NaN,NaN,NaN,NaN,NaN,NaN,NaN,TY,NW,B,B,NaN,NaN,NaN,NaN,NaN,NaN,
1960101200,23w.1960,LOLA,TY,NN,15.4,125.2,80,NaN,239,4,239,4,NaN,NaN,NaN,NaN,NaN,NaN,NaN,NaN,NaN,NaN,TY,NW,B,B,NaN,NaN,NaN,NaN,NaN,NaN,
1960101206,23w.1960,LOLA,TY,NN,15.3,124.8,80,NaN,249,4,249,4,NaN,NaN,NaN,NaN,NaN,NaN,NaN,NaN,NaN,NaN,TY,NW,B,B,NaN,NaN,NaN,NaN,NaN,NaN,
1960101212,23w.1960,LOLA,TY,NN,15.3,124.2,80,NaN,264,5,264,5,NaN,NaN,NaN,NaN,NaN,NaN,NaN,NaN,NaN,NaN,TY,NW,B,B,NaN,NaN,NaN,NaN,NaN,NaN,
1960101218,23w.1960,LOLA,TY,NN,15.5,123.8,75,NaN,282,5,282,5,NaN,NaN,NaN,NaN,NaN,NaN,NaN,NaN,NaN,NaN,TY,NW,B,B,NaN,NaN,NaN,NaN,NaN,NaN,
1960101300,23w.1960,LOLA,TY,NN,15.7,123.3,75,NaN,295,5,295,5,NaN,NaN,NaN,NaN,NaN,NaN,NaN,NaN,NaN,NaN,TY,NW,B,B,NaN,NaN,NaN,NaN,NaN,NaN,
1960101306,23w.1960,LOLA,TY,NN,15.8,122.1,70,NaN,280,8,280,8,NaN,NaN,NaN,NaN,NaN,NaN,NaN,NaN,NaN,NaN,TY,NW,B,B,NaN,NaN,0.33,NaN,NaN,NaN,
1960101312,23w.1960,LOLA,TY,NN,15.5,120.4,60,NaN,266,14,266,14,NaN,NaN,NaN,NaN,NaN,NaN,NaN,NaN,NaN,NaN,TS,NW,B,B,NaN,NaN,0.98,NaN,NaN,NaN,
1960101318,23w.1960,LOLA,TY,NN,15.5,120.0,60,NaN,262,10,262,10,NaN,NaN,NaN,NaN,NaN,NaN,NaN,NaN,NaN,NaN,TS,NW,B,B,NaN,NaN,0.55,NaN,NaN,NaN,
1960101400,23w.1960,LOLA,TY,NN,15.8,119.4,65,NaN,287,5,287,5,NaN,NaN,NaN,NaN,NaN,NaN,NaN,NaN,NaN,NaN,TY,NW,B,B,NaN,NaN,0.13,NaN,NaN,NaN,
1960101406,23w.1960,LOLA,TY,NN,16.2,118.5,65,NaN,296,8,296,8,NaN,NaN,NaN,NaN,NaN,NaN,NaN,NaN,NaN,NaN,TY,NW,B,B,NaN,NaN,NaN,NaN,NaN,NaN,
1960101412,23w.1960,LOLA,TY,NN,16.7,117.3,70,NaN,294,11,294,11,NaN,NaN,NaN,NaN,NaN,NaN,NaN,NaN,NaN,NaN,TY,NW,B,B,NaN,NaN,NaN,NaN,NaN,NaN,
1960101418,23w.1960,LOLA,TY,NN,16.7,115.9,70,NaN,281,13,281,13,NaN,NaN,NaN,NaN,NaN,NaN,NaN,NaN,NaN,NaN,TY,NW,B,B,NaN,NaN,NaN,NaN,NaN,NaN,
1960101500,23w.1960,LOLA,TY,NN,16.4,114.4,70,NaN,264,14,264,14,NaN,NaN,NaN,NaN,NaN,NaN,NaN,NaN,NaN,NaN,TY,NW,B,B,NaN,NaN,NaN,NaN,NaN,NaN,
1960101506,23w.1960,LOLA,TY,NN,16.4,113.3,70,NaN,263,13,263,13,NaN,NaN,NaN,NaN,NaN,NaN,NaN,NaN,NaN,NaN,TY,NW,B,B,NaN,NaN,NaN,NaN,NaN,NaN,
1960101512,23w.1960,LOLA,TY,NN,16.6,112.6,60,NaN,277,9,277,9,NaN,NaN,NaN,NaN,NaN,NaN,NaN,NaN,NaN,NaN,TS,NW,B,B,NaN,NaN,NaN,NaN,NaN,NaN,
1960101518,23w.1960,LOLA,TY,NN,16.8,111.9,50,NaN,287,7,287,7,NaN,NaN,NaN,NaN,NaN,NaN,NaN,NaN,NaN,NaN,TS,NW,B,B,NaN,NaN,NaN,NaN,NaN,NaN,
1960101600,23w.1960,LOLA,TY,NN,17.1,111.0,40,NaN,288,8,288,8,NaN,NaN,NaN,NaN,NaN,NaN,NaN,NaN,NaN,NaN,TS,NW,B,B,NaN,NaN,NaN,NaN,NaN,NaN,
1960101606,23w.1960,LOLA,TY,NN,17.5,110.0,35,NaN,291,10,291,10,NaN,NaN,NaN,NaN,NaN,NaN,NaN,NaN,NaN,NaN,TS,NW,B,B,NaN,NaN,NaN,NaN,NaN,NaN,
1960101612,23w.1960,LOLA,TY,NN,17.8,109.0,35,NaN,290,10,290,10,NaN,NaN,NaN,NaN,NaN,NaN,NaN,NaN,NaN,NaN,TS,NW,B,B,NaN,NaN,0.11,NaN,NaN,NaN,
1960101618,23w.1960,LOLA,TY,NN,18.2,107.7,35,NaN,288,11,288,11,NaN,NaN,NaN,NaN,NaN,NaN,NaN,NaN,NaN,NaN,TS,NW,B,B,NaN,NaN,NaN,NaN,NaN,NaN,
1960101700,23w.1960,LOLA,TY,NN,18.4,106.5,30,NaN,284,12,284,12,NaN,NaN,NaN,NaN,NaN,NaN,NaN,NaN,NaN,NaN,TD,NW,B,B,NaN,NaN,0.10,NaN,NaN,NaN,
1960101706,23w.1960,LOLA,TY,NN,18.6,105.2,30,NaN,280,12,280,12,NaN,NaN,NaN,NaN,NaN,NaN,NaN,NaN,NaN,NaN,TD,NW,B,B,NaN,NaN,0.99,NaN,NaN,NaN,
1960101400,w24.1960,9X-W24,TY,NN,13.5,150.9,30,NaN,287,10,287,10,NaN,NaN,NaN,NaN,NaN,NaN,NaN,NaN,NaN,NaN,TD,NW,B,B,NaN,NaN,NaN,NaN,NaN,NaN,
1960101406,w24.1960,9X-W24,TY,NN,13.8,150.0,30,NaN,287,10,287,10,NaN,NaN,NaN,NaN,NaN,NaN,NaN,NaN,NaN,NaN,TD,NW,B,B,NaN,NaN,NaN,NaN,NaN,NaN,
1960101412,24w.1960,MAMIE,TY,NN,14.1,148.9,40,NaN,287,10,287,10,NaN,NaN,NaN,NaN,NaN,NaN,NaN,NaN,NaN,NaN,TS,NW,B,B,NaN,NaN,NaN,NaN,NaN,NaN,
1960101418,24w.1960,MAMIE,TY,NN,14.6,147.9,45,NaN,291,11,291,11,NaN,NaN,NaN,NaN,NaN,NaN,NaN,NaN,NaN,NaN,TS,NW,B,B,NaN,NaN,NaN,NaN,NaN,NaN,
1960101500,24w.1960,MAMIE,TY,NN,15.3,147.1,50,NaN,305,11,305,11,NaN,NaN,NaN,NaN,NaN,NaN,NaN,NaN,NaN,NaN,TS,NW,B,B,NaN,NaN,NaN,NaN,NaN,NaN,
1960101506,24w.1960,MAMIE,TY,NN,16.2,146.3,55,NaN,316,11,316,11,NaN,NaN,NaN,NaN,NaN,NaN,NaN,NaN,NaN,NaN,TS,NW,B,B,NaN,NaN,NaN,NaN,NaN,NaN,
1960101512,24w.1960,MAMIE,TY,NN,17.1,145.7,60,NaN,323,11,323,11,NaN,NaN,NaN,NaN,NaN,NaN,NaN,NaN,NaN,NaN,TS,NW,B,B,NaN,NaN,NaN,NaN,NaN,NaN,
1960101518,24w.1960,MAMIE,TY,NN,18.0,145.0,70,NaN,325,11,325,11,NaN,NaN,NaN,NaN,NaN,NaN,NaN,NaN,NaN,NaN,TY,NW,B,B,NaN,NaN,NaN,NaN,NaN,NaN,
1960101600,24w.1960,MAMIE,TY,NN,18.7,144.1,70,NaN,316,11,316,11,NaN,NaN,NaN,NaN,NaN,NaN,NaN,NaN,NaN,NaN,TY,NW,B,B,NaN,NaN,NaN,NaN,NaN,NaN,
1960101606,24w.1960,MAMIE,TY,NN,19.1,143.1,80,NaN,301,11,301,11,NaN,NaN,NaN,NaN,NaN,NaN,NaN,NaN,NaN,NaN,TY,NW,B,B,NaN,NaN,NaN,NaN,NaN,NaN,
1960101612,24w.1960,MAMIE,TY,NN,19.5,142.2,80,NaN,294,10,294,10,NaN,NaN,NaN,NaN,NaN,NaN,NaN,NaN,NaN,NaN,TY,NW,B,B,NaN,NaN,NaN,NaN,NaN,NaN,
1960101618,24w.1960,MAMIE,TY,NN,19.7,141.5,80,NaN,292,8,292,8,NaN,NaN,NaN,NaN,NaN,NaN,NaN,NaN,NaN,NaN,TY,NW,B,B,NaN,NaN,NaN,NaN,NaN,NaN,
1960101700,24w.1960,MAMIE,TY,NN,20.0,141.1,80,NaN,296,6,296,6,NaN,NaN,NaN,NaN,NaN,NaN,NaN,NaN,NaN,NaN,TY,NW,B,B,NaN,NaN,NaN,NaN,NaN,NaN,
1960101706,24w.1960,MAMIE,TY,NN,20.2,140.8,85,NaN,307,4,307,4,NaN,NaN,NaN,NaN,NaN,NaN,NaN,NaN,NaN,NaN,TY,NW,B,B,NaN,NaN,NaN,NaN,NaN,NaN,
1960101712,24w.1960,MAMIE,TY,NN,20.6,140.8,90,NaN,335,3,335,3,NaN,NaN,NaN,NaN,NaN,NaN,NaN,NaN,NaN,NaN,TY,NW,B,B,NaN,NaN,NaN,NaN,NaN,NaN,
1960101718,24w.1960,MAMIE,TY,NN,20.9,140.9,95,NaN,8,4,8,4,NaN,NaN,NaN,NaN,NaN,NaN,NaN,NaN,NaN,NaN,TY,NW,B,B,NaN,NaN,NaN,NaN,NaN,NaN,
1960101800,24w.1960,MAMIE,TY,NN,21.3,141.1,110,NaN,22,4,22,4,NaN,NaN,NaN,NaN,NaN,NaN,NaN,NaN,NaN,NaN,TY,NW,B,B,NaN,NaN,NaN,NaN,NaN,NaN,
1960101806,24w.1960,MAMIE,TY,NN,21.8,141.3,115,NaN,22,5,22,5,NaN,NaN,NaN,NaN,NaN,NaN,NaN,NaN,NaN,NaN,TY,NW,B,B,NaN,NaN,NaN,NaN,NaN,NaN,
1960101812,24w.1960,MAMIE,TY,NN,22.5,141.7,115,NaN,25,7,25,7,NaN,NaN,NaN,NaN,NaN,NaN,NaN,NaN,NaN,NaN,TY,NW,B,B,NaN,NaN,NaN,NaN,NaN,NaN,
1960101818,24w.1960,MAMIE,TY,NN,23.5,142.2,110,NaN,26,9,26,9,NaN,NaN,NaN,NaN,NaN,NaN,NaN,NaN,NaN,NaN,TY,NW,B,B,NaN,NaN,NaN,NaN,NaN,NaN,
1960101900,24w.1960,MAMIE,TY,NN,24.8,142.7,105,NaN,22,12,22,12,NaN,NaN,NaN,NaN,NaN,NaN,NaN,NaN,NaN,NaN,TY,NW,B,B,NaN,NaN,NaN,NaN,NaN,NaN,
1960101906,24w.1960,MAMIE,TY,NN,26.8,143.1,100,NaN,14,17,14,17,NaN,NaN,NaN,NaN,NaN,NaN,NaN,NaN,NaN,NaN,TY,NW,B,B,NaN,NaN,NaN,NaN,NaN,NaN,
1960101912,24w.1960,MAMIE,TY,NN,29.2,143.3,100,NaN,7,22,7,22,NaN,NaN,NaN,NaN,NaN,NaN,NaN,NaN,NaN,NaN,TY,NW,B,B,NaN,NaN,NaN,NaN,NaN,NaN,
1960101918,24w.1960,MAMIE,TY,NN,31.3,143.5,90,NaN,4,23,4,23,NaN,NaN,NaN,NaN,NaN,NaN,NaN,NaN,NaN,NaN,TY,NW,B,B,NaN,NaN,NaN,NaN,NaN,NaN,
1960102000,24w.1960,MAMIE,TY,NN,32.8,143.9,90,NaN,8,18,8,18,NaN,NaN,NaN,NaN,NaN,NaN,NaN,NaN,NaN,NaN,TY,NW,B,B,NaN,NaN,NaN,NaN,NaN,NaN,
1960102006,24w.1960,MAMIE,TY,NN,34.1,144.5,80,NaN,17,15,17,15,NaN,NaN,NaN,NaN,NaN,NaN,NaN,NaN,NaN,NaN,TY,NW,B,B,NaN,NaN,NaN,NaN,NaN,NaN,
1960102012,24w.1960,MAMIE,TY,NN,35.4,145.3,70,NaN,24,14,24,14,NaN,NaN,NaN,NaN,NaN,NaN,NaN,NaN,NaN,NaN,TY,NW,B,B,NaN,NaN,NaN,NaN,NaN,NaN,
1960102018,24w.1960,MAMIE,TY,NN,36.5,146.1,65,NaN,29,14,29,14,NaN,NaN,NaN,NaN,NaN,NaN,NaN,NaN,NaN,NaN,TY,NW,B,B,NaN,NaN,NaN,NaN,NaN,NaN,
1960102100,24w.1960,MAMIE,TY,NN,37.6,147.1,60,NaN,33,13,33,13,NaN,NaN,NaN,NaN,NaN,NaN,NaN,NaN,NaN,NaN,TS,NW,B,B,NaN,NaN,NaN,NaN,NaN,NaN,
1960102106,24w.1960,MAMIE,TY,NN,38.8,148.6,60,NaN,41,15,41,15,NaN,NaN,NaN,NaN,NaN,NaN,NaN,NaN,NaN,NaN,TS,NW,B,B,NaN,NaN,NaN,NaN,NaN,NaN,
1960102112,24w.1960,MAMIE,TY,NN,39.6,150.0,60,NaN,49,15,49,15,NaN,NaN,NaN,NaN,NaN,NaN,NaN,NaN,NaN,NaN,TS,NW,B,B,NaN,NaN,NaN,NaN,NaN,NaN,
1960102118,24w.1960,MAMIE,TY,NN,40.3,152.5,50,NaN,63,17,63,17,NaN,NaN,NaN,NaN,NaN,NaN,NaN,NaN,NaN,NaN,TS,NW,B,B,NaN,NaN,NaN,NaN,NaN,NaN,
1960102200,24w.1960,MAMIE,TY,NN,41.0,155.0,40,NaN,70,20,70,20,NaN,NaN,NaN,NaN,NaN,NaN,NaN,NaN,NaN,NaN,TS,NW,B,B,NaN,NaN,NaN,NaN,NaN,NaN,
1960102206,24w.1960,MAMIE,TY,NN,41.0,157.5,35,NaN,80,19,80,19,NaN,NaN,NaN,NaN,NaN,NaN,NaN,NaN,NaN,NaN,TS,NW,B,B,NaN,NaN,NaN,NaN,NaN,NaN,
1960102212,24w.1960,MAMIE,TY,NN,41.2,160.0,35,NaN,87,19,87,19,NaN,NaN,NaN,NaN,NaN,NaN,NaN,NaN,NaN,NaN,TS,NW,B,B,NaN,NaN,NaN,NaN,NaN,NaN,
1960102218,24w.1960,MAMIE,TY,NN,41.0,163.0,35,NaN,90,21,90,21,NaN,NaN,NaN,NaN,NaN,NaN,NaN,NaN,NaN,NaN,TS,NW,B,B,NaN,NaN,NaN,NaN,NaN,NaN,
1960102300,24w.1960,MAMIE,TY,NN,40.5,166.0,35,NaN,99,23,99,23,NaN,NaN,NaN,NaN,NaN,NaN,NaN,NaN,NaN,NaN,TS,NW,B,B,NaN,NaN,NaN,NaN,NaN,NaN,
1960102306,24w.1960,MAMIE,TY,NN,40.0,169.0,30,NaN,102,23,102,23,NaN,NaN,NaN,NaN,NaN,NaN,NaN,NaN,NaN,NaN,TD,NW,B,B,NaN,NaN,NaN,NaN,NaN,NaN,
1960102312,24w.1960,MAMIE,TY,NN,40.0,172.0,30,NaN,96,23,96,23,NaN,NaN,NaN,NaN,NaN,NaN,NaN,NaN,NaN,NaN,TD,NW,B,B,NaN,NaN,NaN,NaN,NaN,NaN,
1960102300,w25.1960,9X-W25,TY,NN,15.4,131.0,30,NaN,346,6,346,6,NaN,NaN,NaN,NaN,NaN,NaN,NaN,NaN,NaN,NaN,TD,NW,B,B,NaN,NaN,NaN,NaN,NaN,NaN,
1960102306,25w.1960,NINA,TY,NN,16.0,130.8,35,NaN,346,6,346,6,NaN,NaN,NaN,NaN,NaN,NaN,NaN,NaN,NaN,NaN,TS,NW,B,B,NaN,NaN,NaN,NaN,NaN,NaN,
1960102312,25w.1960,NINA,TY,NN,16.6,130.7,40,NaN,346,6,346,6,NaN,NaN,NaN,NaN,NaN,NaN,NaN,NaN,NaN,NaN,TS,NW,B,B,NaN,NaN,NaN,NaN,NaN,NaN,
1960102318,25w.1960,NINA,TY,NN,17.2,130.9,55,NaN,5,6,5,6,NaN,NaN,NaN,NaN,NaN,NaN,NaN,NaN,NaN,NaN,TS,NW,B,B,NaN,NaN,NaN,NaN,NaN,NaN,
1960102400,25w.1960,NINA,TY,NN,17.9,131.2,65,NaN,20,7,20,7,NaN,NaN,NaN,NaN,NaN,NaN,NaN,NaN,NaN,NaN,TY,NW,B,B,NaN,NaN,NaN,NaN,NaN,NaN,
1960102406,25w.1960,NINA,TY,NN,18.8,131.8,80,NaN,28,9,28,9,NaN,NaN,NaN,NaN,NaN,NaN,NaN,NaN,NaN,NaN,TY,NW,B,B,NaN,NaN,NaN,NaN,NaN,NaN,
1960102412,25w.1960,NINA,TY,NN,19.5,132.3,80,NaN,33,10,33,10,NaN,NaN,NaN,NaN,NaN,NaN,NaN,NaN,NaN,NaN,TY,NW,B,B,NaN,NaN,NaN,NaN,NaN,NaN,
1960102418,25w.1960,NINA,TY,NN,19.9,132.6,85,NaN,34,7,34,7,NaN,NaN,NaN,NaN,NaN,NaN,NaN,NaN,NaN,NaN,TY,NW,B,B,NaN,NaN,NaN,NaN,NaN,NaN,
1960102500,25w.1960,NINA,TY,NN,20.3,133.0,90,NaN,39,5,39,5,NaN,NaN,NaN,NaN,NaN,NaN,NaN,NaN,NaN,NaN,TY,NW,B,B,NaN,NaN,NaN,NaN,NaN,NaN,
1960102506,25w.1960,NINA,TY,NN,20.7,133.4,100,NaN,43,5,43,5,NaN,NaN,NaN,NaN,NaN,NaN,NaN,NaN,NaN,NaN,TY,NW,B,B,NaN,NaN,NaN,NaN,NaN,NaN,
1960102512,25w.1960,NINA,TY,NN,21.4,133.9,100,NaN,37,7,37,7,NaN,NaN,NaN,NaN,NaN,NaN,NaN,NaN,NaN,NaN,TY,NW,B,B,NaN,NaN,NaN,NaN,NaN,NaN,
1960102518,25w.1960,NINA,TY,NN,22.4,134.6,100,NaN,33,10,33,10,NaN,NaN,NaN,NaN,NaN,NaN,NaN,NaN,NaN,NaN,TY,NW,B,B,NaN,NaN,NaN,NaN,NaN,NaN,
1960102600,25w.1960,NINA,TY,NN,24.1,135.5,105,NaN,29,15,29,15,NaN,NaN,NaN,NaN,NaN,NaN,NaN,NaN,NaN,NaN,TY,NW,B,B,NaN,NaN,NaN,NaN,NaN,NaN,
1960102606,25w.1960,NINA,TY,NN,26.1,136.7,110,NaN,27,21,27,21,NaN,NaN,NaN,NaN,NaN,NaN,NaN,NaN,NaN,NaN,TY,NW,B,B,NaN,NaN,NaN,NaN,NaN,NaN,
1960102612,25w.1960,NINA,TY,NN,28.4,138.2,110,NaN,29,25,29,25,NaN,NaN,NaN,NaN,NaN,NaN,NaN,NaN,NaN,NaN,TY,NW,B,B,NaN,NaN,NaN,NaN,NaN,NaN,
1960102618,25w.1960,NINA,TY,NN,30.8,140.2,100,NaN,33,28,33,28,NaN,NaN,NaN,NaN,NaN,NaN,NaN,NaN,NaN,NaN,TY,NW,B,B,NaN,NaN,NaN,NaN,NaN,NaN,
1960102700,25w.1960,NINA,TY,NN,33.4,142.9,95,NaN,39,32,39,32,NaN,NaN,NaN,NaN,NaN,NaN,NaN,NaN,NaN,NaN,TY,NW,B,B,NaN,NaN,NaN,NaN,NaN,NaN,
1960102706,25w.1960,NINA,TY,NN,36.8,146.3,85,NaN,40,39,40,39,NaN,NaN,NaN,NaN,NaN,NaN,NaN,NaN,NaN,NaN,TY,NW,B,B,NaN,NaN,NaN,NaN,NaN,NaN,
1960102712,25w.1960,NINA,TY,NN,40.8,150.2,75,NaN,38,47,38,47,NaN,NaN,NaN,NaN,NaN,NaN,NaN,NaN,NaN,NaN,TY,NW,B,B,NaN,NaN,NaN,NaN,NaN,NaN,
1960102718,25w.1960,NINA,TY,NN,45.0,155.3,70,NaN,40,53,40,53,NaN,NaN,NaN,NaN,NaN,NaN,NaN,NaN,NaN,NaN,TY,NW,B,B,NaN,NaN,NaN,NaN,NaN,NaN,
1960102800,25w.1960,NINA,TY,NN,47.0,161.5,60,NaN,53,51,53,51,NaN,NaN,NaN,NaN,NaN,NaN,NaN,NaN,NaN,NaN,TS,NW,B,B,NaN,NaN,NaN,NaN,NaN,NaN,
1960102806,25w.1960,NINA,TY,NN,48.0,166.2,50,NaN,68,40,68,40,NaN,NaN,NaN,NaN,NaN,NaN,NaN,NaN,NaN,NaN,TS,NW,B,B,NaN,NaN,NaN,NaN,NaN,NaN,
1960102812,25w.1960,NINA,TY,NN,49.2,172.5,40,NaN,73,38,73,38,NaN,NaN,NaN,NaN,NaN,NaN,NaN,NaN,NaN,NaN,TS,NW,B,B,NaN,NaN,NaN,NaN,NaN,NaN,
1960102818,25w.1960,NINA,TY,NN,50.0,174.5,45,NaN,70,29,70,29,NaN,NaN,NaN,NaN,NaN,NaN,NaN,NaN,NaN,NaN,TS,NW,B,B,NaN,NaN,NaN,NaN,NaN,NaN,
1960102900,25w.1960,NINA,TY,NN,51.0,177.0,60,NaN,58,17,58,17,NaN,NaN,NaN,NaN,NaN,NaN,NaN,NaN,NaN,NaN,TS,NW,B,B,NaN,NaN,NaN,NaN,NaN,NaN,
1960102906,25w.1960,NINA,TY,NN,52.0,179.0,60,NaN,55,17,55,17,NaN,NaN,NaN,NaN,NaN,NaN,NaN,NaN,NaN,NaN,TS,NW,B,B,NaN,NaN,0.03,NaN,NaN,NaN,
1960102912,25w.1960,NINA,TY,NN,52.6,182.0,60,NaN,63,17,63,17,NaN,NaN,NaN,NaN,NaN,NaN,NaN,NaN,NaN,NaN,TS,NW,B,B,NaN,NaN,NaN,NaN,NaN,NaN,
1960112112,w26.1960,9X-W26,STY,NN,9.2,160.5,20,NaN,280,9,280,9,NaN,NaN,NaN,NaN,NaN,NaN,NaN,NaN,NaN,NaN,NT,NW,B,B,NaN,NaN,NaN,NaN,NaN,NaN,
1960112118,w26.1960,9X-W26,STY,NN,9.4,159.5,20,NaN,280,9,280,9,NaN,NaN,NaN,NaN,NaN,NaN,NaN,NaN,NaN,NaN,NT,NW,B,B,NaN,NaN,NaN,NaN,NaN,NaN,
1960112200,w26.1960,9X-W26,STY,NN,9.5,158.7,20,NaN,280,9,280,9,NaN,NaN,NaN,NaN,NaN,NaN,NaN,NaN,NaN,NaN,NT,NW,B,B,NaN,NaN,NaN,NaN,NaN,NaN,
1960112206,w26.1960,9X-W26,STY,NN,9.4,158.1,15,NaN,270,7,270,7,NaN,NaN,NaN,NaN,NaN,NaN,NaN,NaN,NaN,NaN,NT,NW,B,B,NaN,NaN,NaN,NaN,NaN,NaN,
1960112212,w26.1960,9X-W26,STY,NN,9.2,158.2,15,NaN,239,3,239,3,NaN,NaN,NaN,NaN,NaN,NaN,NaN,NaN,NaN,NaN,NT,NW,B,B,NaN,NaN,NaN,NaN,NaN,NaN,
1960112218,w26.1960,9X-W26,STY,NN,8.9,158.7,20,NaN,130,4,130,4,NaN,NaN,NaN,NaN,NaN,NaN,NaN,NaN,NaN,NaN,NT,NW,B,B,NaN,NaN,NaN,NaN,NaN,NaN,
1960112300,w26.1960,9X-W26,STY,NN,8.6,159.6,20,NaN,113,8,113,8,NaN,NaN,NaN,NaN,NaN,NaN,NaN,NaN,NaN,NaN,NT,NW,B,B,NaN,NaN,NaN,NaN,NaN,NaN,
1960112306,w26.1960,9X-W26,STY,NN,8.2,160.6,20,NaN,110,10,110,10,NaN,NaN,NaN,NaN,NaN,NaN,NaN,NaN,NaN,NaN,NT,NW,B,B,NaN,NaN,NaN,NaN,NaN,NaN,
1960112312,w26.1960,9X-W26,STY,NN,7.5,161.1,20,NaN,127,9,127,9,NaN,NaN,NaN,NaN,NaN,NaN,NaN,NaN,NaN,NaN,NT,NW,B,B,NaN,NaN,NaN,NaN,NaN,NaN,
1960112318,w26.1960,9X-W26,STY,NN,7.1,160.6,20,NaN,180,6,180,5,NaN,NaN,NaN,NaN,NaN,NaN,NaN,NaN,NaN,NaN,NT,NW,B,B,NaN,NaN,NaN,NaN,NaN,NaN,
1960112400,w26.1960,9X-W26,STY,NN,7.0,159.5,15,NaN,253,8,253,8,NaN,NaN,NaN,NaN,NaN,NaN,NaN,NaN,NaN,NaN,NT,NW,B,B,NaN,NaN,NaN,NaN,NaN,NaN,
1960112406,w26.1960,9X-W26,STY,NN,7.0,157.9,15,NaN,268,13,268,13,NaN,NaN,NaN,NaN,NaN,NaN,NaN,NaN,NaN,NaN,NT,NW,B,B,NaN,NaN,0.03,NaN,NaN,NaN,
1960112412,w26.1960,9X-W26,STY,NN,7.5,156.0,15,NaN,278,18,278,18,NaN,NaN,NaN,NaN,NaN,NaN,NaN,NaN,NaN,NaN,NT,NW,B,B,NaN,NaN,NaN,NaN,NaN,NaN,
1960112418,w26.1960,9X-W26,STY,NN,7.4,154.7,15,NaN,277,16,277,16,NaN,NaN,NaN,NaN,NaN,NaN,NaN,NaN,NaN,NaN,NT,NW,B,B,NaN,NaN,NaN,NaN,NaN,NaN,
1960112500,w26.1960,9X-W26,STY,NN,7.4,153.4,15,NaN,268,13,268,13,NaN,NaN,NaN,NaN,NaN,NaN,NaN,NaN,NaN,NaN,NT,NW,B,B,NaN,NaN,NaN,NaN,NaN,NaN,
1960112506,w26.1960,9X-W26,STY,NN,7.5,152.3,15,NaN,272,12,272,12,NaN,NaN,NaN,NaN,NaN,NaN,NaN,NaN,NaN,NaN,NT,NW,B,B,NaN,NaN,NaN,NaN,NaN,NaN,
1960112512,w26.1960,9X-W26,STY,NN,7.6,151.3,15,NaN,275,10,275,10,NaN,NaN,NaN,NaN,NaN,NaN,NaN,NaN,NaN,NaN,NT,NW,B,B,NaN,NaN,0.01,NaN,NaN,NaN,
1960112518,w26.1960,9X-W26,STY,NN,7.6,150.2,15,NaN,273,10,273,10,NaN,NaN,NaN,NaN,NaN,NaN,NaN,NaN,NaN,NaN,NT,NW,B,B,NaN,NaN,NaN,NaN,NaN,NaN,
1960112600,w26.1960,9X-W26,STY,NN,7.5,149.7,20,NaN,266,8,266,8,NaN,NaN,NaN,NaN,NaN,NaN,NaN,NaN,NaN,NaN,NT,NW,B,B,NaN,NaN,NaN,NaN,NaN,NaN,
1960112606,w26.1960,9X-W26,STY,NN,7.8,149.3,20,NaN,283,5,283,5,NaN,NaN,NaN,NaN,NaN,NaN,NaN,NaN,NaN,NaN,NT,NW,B,B,NaN,NaN,NaN,NaN,NaN,NaN,
1960112612,w26.1960,9X-W26,STY,NN,8.2,149.0,20,NaN,315,5,315,5,NaN,NaN,NaN,NaN,NaN,NaN,NaN,NaN,NaN,NaN,NT,NW,B,B,NaN,NaN,NaN,NaN,NaN,NaN,
1960112618,w26.1960,9X-W26,STY,NN,9.1,148.7,20,NaN,335,7,335,7,NaN,NaN,NaN,NaN,NaN,NaN,NaN,NaN,NaN,NaN,NT,NW,B,B,NaN,NaN,NaN,NaN,NaN,NaN,
1960112700,w26.1960,9X-W26,STY,NN,10.0,148.3,25,NaN,339,10,339,10,NaN,NaN,NaN,NaN,NaN,NaN,NaN,NaN,NaN,NaN,TD,NW,B,B,NaN,NaN,NaN,NaN,NaN,NaN,
1960112706,w26.1960,9X-W26,STY,NN,9.9,148.2,30,NaN,328,5,328,5,NaN,NaN,NaN,NaN,NaN,NaN,NaN,NaN,NaN,NaN,TD,NW,B,B,NaN,NaN,NaN,NaN,NaN,NaN,
1960112712,w26.1960,9X-W26,STY,NN,9.8,148.0,30,NaN,236,2,236,2,NaN,NaN,NaN,NaN,NaN,NaN,NaN,NaN,NaN,NaN,TD,NW,B,B,NaN,NaN,NaN,NaN,NaN,NaN,
1960112718,26w.1960,OPHELIA,STY,NN,9.7,147.8,40,NaN,243,2,243,2,NaN,NaN,NaN,NaN,NaN,NaN,NaN,NaN,NaN,NaN,TS,NW,B,B,NaN,NaN,NaN,NaN,NaN,NaN,
1960112800,26w.1960,OPHELIA,STY,NN,9.5,147.6,45,NaN,233,2,233,2,NaN,NaN,NaN,NaN,NaN,NaN,NaN,NaN,NaN,NaN,TS,NW,B,B,NaN,NaN,NaN,NaN,NaN,NaN,
1960112806,26w.1960,OPHELIA,STY,NN,9.4,147.5,50,NaN,225,2,225,2,NaN,NaN,NaN,NaN,NaN,NaN,NaN,NaN,NaN,NaN,TS,NW,B,B,NaN,NaN,NaN,NaN,NaN,NaN,
1960112812,26w.1960,OPHELIA,STY,NN,9.3,147.2,55,NaN,243,2,243,2,NaN,NaN,NaN,NaN,NaN,NaN,NaN,NaN,NaN,NaN,TS,NW,B,B,NaN,NaN,NaN,NaN,NaN,NaN,
1960112818,26w.1960,OPHELIA,STY,NN,9.2,147.0,60,NaN,248,3,248,3,NaN,NaN,NaN,NaN,NaN,NaN,NaN,NaN,NaN,NaN,TS,NW,B,B,NaN,NaN,NaN,NaN,NaN,NaN,
1960112900,26w.1960,OPHELIA,STY,NN,9.1,146.5,65,NaN,254,4,254,4,NaN,NaN,NaN,NaN,NaN,NaN,NaN,NaN,NaN,NaN,TY,NW,B,B,NaN,NaN,NaN,NaN,NaN,NaN,
1960112906,26w.1960,OPHELIA,STY,NN,9.6,145.4,75,NaN,284,8,284,8,NaN,NaN,NaN,NaN,NaN,NaN,NaN,NaN,NaN,NaN,TY,NW,B,B,NaN,NaN,NaN,NaN,NaN,NaN,
1960112912,26w.1960,OPHELIA,STY,NN,10.4,144.0,80,NaN,298,14,298,14,NaN,NaN,NaN,NaN,NaN,NaN,NaN,NaN,NaN,NaN,TY,NW,B,B,NaN,NaN,NaN,NaN,NaN,NaN,
1960112918,26w.1960,OPHELIA,STY,NN,10.4,142.2,110,NaN,284,16,284,16,NaN,NaN,NaN,NaN,NaN,NaN,NaN,NaN,NaN,NaN,TY,NW,B,B,NaN,NaN,NaN,NaN,NaN,NaN,
1960113000,26w.1960,OPHELIA,STY,NN,10.1,140.5,120,NaN,265,17,265,17,NaN,NaN,NaN,NaN,NaN,NaN,NaN,NaN,NaN,NaN,TY,NW,B,B,NaN,NaN,NaN,NaN,NaN,NaN,
1960113006,26w.1960,OPHELIA,STY,NN,10.3,139.0,125,NaN,268,16,268,16,NaN,NaN,NaN,NaN,NaN,NaN,NaN,NaN,NaN,NaN,TY,NW,B,B,NaN,NaN,NaN,NaN,NaN,NaN,
1960113012,26w.1960,OPHELIA,STY,NN,11.1,137.4,130,NaN,288,16,288,16,NaN,NaN,NaN,NaN,NaN,NaN,NaN,NaN,NaN,NaN,STY,NW,B,B,NaN,NaN,NaN,NaN,NaN,NaN,
1960113018,26w.1960,OPHELIA,STY,NN,11.6,136.0,130,NaN,294,16,294,16,NaN,NaN,NaN,NaN,NaN,NaN,NaN,NaN,NaN,NaN,STY,NW,B,B,NaN,NaN,NaN,NaN,NaN,NaN,
1960120100,26w.1960,OPHELIA,STY,NN,12.0,134.8,130,NaN,289,14,289,14,NaN,NaN,NaN,NaN,NaN,NaN,NaN,NaN,NaN,NaN,STY,NW,B,B,NaN,NaN,NaN,NaN,NaN,NaN,
1960120106,26w.1960,OPHELIA,STY,NN,12.3,133.6,135,NaN,287,12,287,12,NaN,NaN,NaN,NaN,NaN,NaN,NaN,NaN,NaN,NaN,STY,NW,B,B,NaN,NaN,NaN,NaN,NaN,NaN,
1960120112,26w.1960,OPHELIA,STY,NN,12.8,132.9,130,NaN,293,10,293,10,NaN,NaN,NaN,NaN,NaN,NaN,NaN,NaN,NaN,NaN,STY,NW,B,B,NaN,NaN,NaN,NaN,NaN,NaN,
1960120118,26w.1960,OPHELIA,STY,NN,13.5,132.4,125,NaN,316,8,316,8,NaN,NaN,NaN,NaN,NaN,NaN,NaN,NaN,NaN,NaN,TY,NW,B,B,NaN,NaN,NaN,NaN,NaN,NaN,
1960120200,26w.1960,OPHELIA,STY,NN,14.3,132.4,125,NaN,342,8,342,8,NaN,NaN,NaN,NaN,NaN,NaN,NaN,NaN,NaN,NaN,TY,NW,B,B,NaN,NaN,NaN,NaN,NaN,NaN,
1960120206,26w.1960,OPHELIA,STY,NN,15.1,132.5,125,NaN,3,8,3,8,NaN,NaN,NaN,NaN,NaN,NaN,NaN,NaN,NaN,NaN,TY,NW,B,B,NaN,NaN,NaN,NaN,NaN,NaN,
1960120212,26w.1960,OPHELIA,STY,NN,15.7,132.7,125,NaN,12,7,12,7,NaN,NaN,NaN,NaN,NaN,NaN,NaN,NaN,NaN,NaN,TY,NW,B,B,NaN,NaN,NaN,NaN,NaN,NaN,
1960120218,26w.1960,OPHELIA,STY,NN,16.2,132.9,125,NaN,19,6,19,6,NaN,NaN,NaN,NaN,NaN,NaN,NaN,NaN,NaN,NaN,TY,NW,B,B,NaN,NaN,NaN,NaN,NaN,NaN,
1960120300,26w.1960,OPHELIA,STY,NN,17.1,133.0,130,NaN,12,7,12,7,NaN,NaN,NaN,NaN,NaN,NaN,NaN,NaN,NaN,NaN,STY,NW,B,B,NaN,NaN,NaN,NaN,NaN,NaN,
1960120306,26w.1960,OPHELIA,STY,NN,18.1,132.9,130,NaN,360,10,360,10,NaN,NaN,NaN,NaN,NaN,NaN,NaN,NaN,NaN,NaN,STY,NW,B,B,NaN,NaN,NaN,NaN,NaN,NaN,
1960120312,26w.1960,OPHELIA,STY,NN,19.0,132.6,130,NaN,349,10,349,10,NaN,NaN,NaN,NaN,NaN,NaN,NaN,NaN,NaN,NaN,STY,NW,B,B,NaN,NaN,NaN,NaN,NaN,NaN,
1960120318,26w.1960,OPHELIA,STY,NN,20.0,132.5,130,NaN,349,10,349,10,NaN,NaN,NaN,NaN,NaN,NaN,NaN,NaN,NaN,NaN,STY,NW,B,B,NaN,NaN,NaN,NaN,NaN,NaN,
1960120400,26w.1960,OPHELIA,STY,NN,20.9,132.5,130,NaN,357,10,357,10,NaN,NaN,NaN,NaN,NaN,NaN,NaN,NaN,NaN,NaN,STY,NW,B,B,NaN,NaN,NaN,NaN,NaN,NaN,
1960120406,26w.1960,OPHELIA,STY,NN,22.6,133.7,130,NaN,23,14,23,14,NaN,NaN,NaN,NaN,NaN,NaN,NaN,NaN,NaN,NaN,STY,NW,B,B,NaN,NaN,NaN,NaN,NaN,NaN,
1960120412,26w.1960,OPHELIA,STY,NN,24.3,135.5,120,NaN,39,22,39,22,NaN,NaN,NaN,NaN,NaN,NaN,NaN,NaN,NaN,NaN,TY,NW,B,B,NaN,NaN,NaN,NaN,NaN,NaN,
1960120418,26w.1960,OPHELIA,STY,NN,26.5,137.8,110,NaN,44,27,44,27,NaN,NaN,NaN,NaN,NaN,NaN,NaN,NaN,NaN,NaN,TY,NW,B,B,NaN,NaN,NaN,NaN,NaN,NaN,
1960120500,26w.1960,OPHELIA,STY,NN,29.1,140.7,90,NaN,44,33,44,33,NaN,NaN,NaN,NaN,NaN,NaN,NaN,NaN,NaN,NaN,TY,NW,B,B,NaN,NaN,NaN,NaN,NaN,NaN,
1960120506,26w.1960,OPHELIA,STY,NN,32.6,145.0,80,NaN,46,44,46,44,NaN,NaN,NaN,NaN,NaN,NaN,NaN,NaN,NaN,NaN,TY,NW,B,B,NaN,NaN,NaN,NaN,NaN,NaN,
1960120512,26w.1960,OPHELIA,STY,NN,37.0,150.9,70,NaN,47,58,47,58,NaN,NaN,NaN,NaN,NaN,NaN,NaN,NaN,NaN,NaN,TY,NW,B,B,NaN,NaN,NaN,NaN,NaN,NaN,
1960120518,26w.1960,OPHELIA,STY,NN,39.4,156.2,70,NaN,53,57,53,57,NaN,NaN,NaN,NaN,NaN,NaN,NaN,NaN,NaN,NaN,TY,NW,B,B,NaN,NaN,NaN,NaN,NaN,NaN,
1960120600,26w.1960,OPHELIA,STY,NN,40.3,162.3,60,NaN,70,47,70,47,NaN,NaN,NaN,NaN,NaN,NaN,NaN,NaN,NaN,NaN,TS,NW,B,B,NaN,NaN,NaN,NaN,NaN,NaN,
1960120606,26w.1960,OPHELIA,STY,NN,41.1,169.3,60,NaN,80,51,80,51,NaN,NaN,NaN,NaN,NaN,NaN,NaN,NaN,NaN,NaN,TS,NW,B,B,NaN,NaN,NaN,NaN,NaN,NaN,
1960120612,26w.1960,OPHELIA,STY,NN,42.5,177.4,50,NaN,79,58,79,58,NaN,NaN,NaN,NaN,NaN,NaN,NaN,NaN,NaN,NaN,TS,NW,B,B,NaN,NaN,NaN,NaN,NaN,NaN,
1960120618,26w.1960,OPHELIA,STY,NN,42.0,185.0,50,NaN,86,59,86,59,NaN,NaN,NaN,NaN,NaN,NaN,NaN,NaN,NaN,NaN,TS,NW,B,B,NaN,NaN,NaN,NaN,NaN,NaN,
1960120700,26w.1960,OPHELIA,STY,NN,41.8,191.0,50,NaN,94,51,94,51,NaN,NaN,NaN,NaN,NaN,NaN,NaN,NaN,NaN,NaN,TS,NW,B,B,NaN,NaN,NaN,NaN,NaN,NaN,
1960120706,26w.1960,OPHELIA,STY,NN,40.8,197.0,45,NaN,98,45,98,45,NaN,NaN,NaN,NaN,NaN,NaN,NaN,NaN,NaN,NaN,TS,NW,B,B,NaN,NaN,NaN,NaN,NaN,NaN,
1960120712,26w.1960,OPHELIA,STY,NN,41.0,200.0,45,NaN,97,34,97,34,NaN,NaN,NaN,NaN,NaN,NaN,NaN,NaN,NaN,NaN,TS,NW,B,B,NaN,NaN,NaN,NaN,NaN,NaN,
1960120718,26w.1960,OPHELIA,STY,NN,41.5,204.0,50,NaN,82,27,82,27,NaN,NaN,NaN,NaN,NaN,NaN,NaN,NaN,NaN,NaN,TS,NW,B,B,NaN,NaN,NaN,NaN,NaN,NaN,
1960120800,26w.1960,OPHELIA,STY,NN,43.0,208.0,55,NaN,71,31,71,31,NaN,NaN,NaN,NaN,NaN,NaN,NaN,NaN,NaN,NaN,TS,NW,B,B,NaN,NaN,NaN,NaN,NaN,NaN,
1960120806,26w.1960,OPHELIA,STY,NN,45.5,211.0,60,NaN,52,32,52,32,NaN,NaN,NaN,NaN,NaN,NaN,NaN,NaN,NaN,NaN,TS,NW,B,B,NaN,NaN,NaN,NaN,NaN,NaN,
1960120812,26w.1960,OPHELIA,STY,NN,47.8,214.0,60,NaN,41,32,41,32,NaN,NaN,NaN,NaN,NaN,NaN,NaN,NaN,NaN,NaN,TS,NW,B,B,NaN,NaN,NaN,NaN,NaN,NaN,
1960120818,26w.1960,OPHELIA,STY,NN,52.0,213.5,50,NaN,14,34,14,34,NaN,NaN,NaN,NaN,NaN,NaN,NaN,NaN,NaN,NaN,TS,NW,B,B,NaN,NaN,NaN,NaN,NaN,NaN,
1960121100,w27.1960,9X-W27,TY,NN,7.4,148.3,20,NaN,286,11,286,11,NaN,NaN,NaN,NaN,NaN,NaN,NaN,NaN,NaN,NaN,NT,NW,B,B,NaN,NaN,NaN,NaN,NaN,NaN,
1960121106,w27.1960,9X-W27,TY,NN,7.6,147.6,20,NaN,286,11,286,11,NaN,NaN,NaN,NaN,NaN,NaN,NaN,NaN,NaN,NaN,NT,NW,B,B,NaN,NaN,NaN,NaN,NaN,NaN,
1960121112,w27.1960,9X-W27,TY,NN,8.0,146.2,30,NaN,286,11,286,11,NaN,NaN,NaN,NaN,NaN,NaN,NaN,NaN,NaN,NaN,TD,NW,B,B,NaN,NaN,NaN,NaN,NaN,NaN,
1960121118,w27.1960,9X-W27,TY,NN,8.7,144.2,30,NaN,288,18,288,18,NaN,NaN,NaN,NaN,NaN,NaN,NaN,NaN,NaN,NaN,TD,NW,B,B,NaN,NaN,NaN,NaN,NaN,NaN,
1960121200,w27.1960,9X-W27,TY,NN,9.7,142.1,30,NaN,293,22,293,22,NaN,NaN,NaN,NaN,NaN,NaN,NaN,NaN,NaN,NaN,TD,NW,B,B,NaN,NaN,NaN,NaN,NaN,NaN,
1960121206,27w.1960,PHYLLIS,TY,NN,10.7,140.1,35,NaN,296,23,296,23,NaN,NaN,NaN,NaN,NaN,NaN,NaN,NaN,NaN,NaN,TS,NW,B,B,NaN,NaN,NaN,NaN,NaN,NaN,
1960121212,27w.1960,PHYLLIS,TY,NN,11.1,138.9,40,NaN,294,17,294,17,NaN,NaN,NaN,NaN,NaN,NaN,NaN,NaN,NaN,NaN,TS,NW,B,B,NaN,NaN,NaN,NaN,NaN,NaN,
1960121218,27w.1960,PHYLLIS,TY,NN,11.4,137.5,50,NaN,285,13,285,13,NaN,NaN,NaN,NaN,NaN,NaN,NaN,NaN,NaN,NaN,TS,NW,B,B,NaN,NaN,NaN,NaN,NaN,NaN,
1960121300,27w.1960,PHYLLIS,TY,NN,11.6,135.9,60,NaN,280,15,280,15,NaN,NaN,NaN,NaN,NaN,NaN,NaN,NaN,NaN,NaN,TS,NW,B,B,NaN,NaN,NaN,NaN,NaN,NaN,
1960121306,27w.1960,PHYLLIS,TY,NN,11.9,134.5,70,NaN,280,15,280,15,NaN,NaN,NaN,NaN,NaN,NaN,NaN,NaN,NaN,NaN,TY,NW,B,B,NaN,NaN,NaN,NaN,NaN,NaN,
1960121312,27w.1960,PHYLLIS,TY,NN,12.2,133.7,75,NaN,286,11,286,11,NaN,NaN,NaN,NaN,NaN,NaN,NaN,NaN,NaN,NaN,TY,NW,B,B,NaN,NaN,NaN,NaN,NaN,NaN,
1960121318,27w.1960,PHYLLIS,TY,NN,12.6,133.2,80,NaN,299,7,299,7,NaN,NaN,NaN,NaN,NaN,NaN,NaN,NaN,NaN,NaN,TY,NW,B,B,NaN,NaN,NaN,NaN,NaN,NaN,
1960121400,27w.1960,PHYLLIS,TY,NN,13.1,133.0,80,NaN,323,6,323,6,NaN,NaN,NaN,NaN,NaN,NaN,NaN,NaN,NaN,NaN,TY,NW,B,B,NaN,NaN,NaN,NaN,NaN,NaN,
1960121406,27w.1960,PHYLLIS,TY,NN,13.5,132.9,80,NaN,342,5,342,5,NaN,NaN,NaN,NaN,NaN,NaN,NaN,NaN,NaN,NaN,TY,NW,B,B,NaN,NaN,NaN,NaN,NaN,NaN,
1960121412,27w.1960,PHYLLIS,TY,NN,13.8,132.8,80,NaN,344,4,344,4,NaN,NaN,NaN,NaN,NaN,NaN,NaN,NaN,NaN,NaN,TY,NW,B,B,NaN,NaN,NaN,NaN,NaN,NaN,
1960121418,27w.1960,PHYLLIS,TY,NN,14.0,132.7,75,NaN,339,3,339,3,NaN,NaN,NaN,NaN,NaN,NaN,NaN,NaN,NaN,NaN,TY,NW,B,B,NaN,NaN,NaN,NaN,NaN,NaN,
1960121500,27w.1960,PHYLLIS,TY,NN,14.2,132.6,70,NaN,334,2,334,2,NaN,NaN,NaN,NaN,NaN,NaN,NaN,NaN,NaN,NaN,TY,NW,B,B,NaN,NaN,NaN,NaN,NaN,NaN,
1960121506,27w.1960,PHYLLIS,TY,NN,14.6,132.2,70,NaN,321,4,321,4,NaN,NaN,NaN,NaN,NaN,NaN,NaN,NaN,NaN,NaN,TY,NW,B,B,NaN,NaN,NaN,NaN,NaN,NaN,
1960121512,27w.1960,PHYLLIS,TY,NN,14.8,131.6,70,NaN,302,6,302,6,NaN,NaN,NaN,NaN,NaN,NaN,NaN,NaN,NaN,NaN,TY,NW,B,B,NaN,NaN,NaN,NaN,NaN,NaN,
1960121518,27w.1960,PHYLLIS,TY,NN,14.9,131.1,70,NaN,286,6,286,6,NaN,NaN,NaN,NaN,NaN,NaN,NaN,NaN,NaN,NaN,TY,NW,B,B,NaN,NaN,NaN,NaN,NaN,NaN,
1960121600,27w.1960,PHYLLIS,TY,NN,15.0,130.4,70,NaN,280,6,280,6,NaN,NaN,NaN,NaN,NaN,NaN,NaN,NaN,NaN,NaN,TY,NW,B,B,NaN,NaN,NaN,NaN,NaN,NaN,
1960121606,27w.1960,PHYLLIS,TY,NN,15.2,129.3,80,NaN,280,9,280,9,NaN,NaN,NaN,NaN,NaN,NaN,NaN,NaN,NaN,NaN,TY,NW,B,B,NaN,NaN,NaN,NaN,NaN,NaN,
1960121612,27w.1960,PHYLLIS,TY,NN,15.3,128.2,80,NaN,278,11,278,11,NaN,NaN,NaN,NaN,NaN,NaN,NaN,NaN,NaN,NaN,TY,NW,B,B,NaN,NaN,NaN,NaN,NaN,NaN,
1960121618,27w.1960,PHYLLIS,TY,NN,15.4,127.1,90,NaN,275,11,275,11,NaN,NaN,NaN,NaN,NaN,NaN,NaN,NaN,NaN,NaN,TY,NW,B,B,NaN,NaN,NaN,NaN,NaN,NaN,
1960121700,27w.1960,PHYLLIS,TY,NN,15.7,126.2,90,NaN,282,10,282,10,NaN,NaN,NaN,NaN,NaN,NaN,NaN,NaN,NaN,NaN,TY,NW,B,B,NaN,NaN,NaN,NaN,NaN,NaN,
1960121706,27w.1960,PHYLLIS,TY,NN,15.9,125.4,90,NaN,287,9,287,9,NaN,NaN,NaN,NaN,NaN,NaN,NaN,NaN,NaN,NaN,TY,NW,B,B,NaN,NaN,NaN,NaN,NaN,NaN,
1960121712,27w.1960,PHYLLIS,TY,NN,16.2,124.8,90,NaN,290,7,290,7,NaN,NaN,NaN,NaN,NaN,NaN,NaN,NaN,NaN,NaN,TY,NW,B,B,NaN,NaN,NaN,NaN,NaN,NaN,
1960121718,27w.1960,PHYLLIS,TY,NN,16.6,124.3,90,NaN,304,6,304,6,NaN,NaN,NaN,NaN,NaN,NaN,NaN,NaN,NaN,NaN,TY,NW,B,B,NaN,NaN,NaN,NaN,NaN,NaN,
1960121800,27w.1960,PHYLLIS,TY,NN,17.0,124.1,100,NaN,320,5,320,5,NaN,NaN,NaN,NaN,NaN,NaN,NaN,NaN,NaN,NaN,TY,NW,B,B,NaN,NaN,NaN,NaN,NaN,NaN,
1960121806,27w.1960,PHYLLIS,TY,NN,17.3,124.1,100,NaN,345,4,345,4,NaN,NaN,NaN,NaN,NaN,NaN,NaN,NaN,NaN,NaN,TY,NW,B,B,NaN,NaN,NaN,NaN,NaN,NaN,
1960121812,27w.1960,PHYLLIS,TY,NN,17.7,124.4,105,NaN,22,4,22,4,NaN,NaN,NaN,NaN,NaN,NaN,NaN,NaN,NaN,NaN,TY,NW,B,B,NaN,NaN,NaN,NaN,NaN,NaN,
1960121818,27w.1960,PHYLLIS,TY,NN,17.8,124.8,100,NaN,53,4,53,4,NaN,NaN,NaN,NaN,NaN,NaN,NaN,NaN,NaN,NaN,TY,NW,B,B,NaN,NaN,NaN,NaN,NaN,NaN,
1960121900,27w.1960,PHYLLIS,TY,NN,17.8,125.3,85,NaN,83,4,83,4,NaN,NaN,NaN,NaN,NaN,NaN,NaN,NaN,NaN,NaN,TY,NW,B,B,NaN,NaN,NaN,NaN,NaN,NaN,
1960121906,27w.1960,PHYLLIS,TY,NN,17.9,125.9,75,NaN,85,5,85,5,NaN,NaN,NaN,NaN,NaN,NaN,NaN,NaN,NaN,NaN,TY,NW,B,B,NaN,NaN,NaN,NaN,NaN,NaN,
1960121912,27w.1960,PHYLLIS,TY,NN,18.0,126.6,55,NaN,81,6,81,6,NaN,NaN,NaN,NaN,NaN,NaN,NaN,NaN,NaN,NaN,TS,NW,B,B,NaN,NaN,NaN,NaN,NaN,NaN,
1960121918,27w.1960,PHYLLIS,TY,NN,18.1,127.5,30,NaN,83,8,83,8,NaN,NaN,NaN,NaN,NaN,NaN,NaN,NaN,NaN,NaN,TD,NW,B,B,NaN,NaN,NaN,NaN,NaN,NaN,
1960122000,27w.1960,PHYLLIS,TY,NN,18.1,128.4,25,NaN,87,9,87,9,NaN,NaN,NaN,NaN,NaN,NaN,NaN,NaN,NaN,NaN,TD,NW,B,B,NaN,NaN,NaN,NaN,NaN,NaN,
1960062206,l01.1960,9X-L01,TS,NN,19.2,266.8,25,NaN,321,10,321,10,NaN,NaN,NaN,NaN,NaN,NaN,NaN,NaN,NaN,NaN,TD,NW,B,B,NaN,NaN,0.03,NaN,NaN,NaN,
1960062212,l01.1960,9X-L01,TS,NN,19.8,266.2,25,NaN,321,10,321,10,NaN,NaN,NaN,NaN,NaN,NaN,NaN,NaN,NaN,NaN,TD,NW,B,B,NaN,NaN,NaN,NaN,NaN,NaN,
1960062218,l01.1960,9X-L01,TS,NN,20.8,265.4,25,NaN,321,10,321,10,NaN,NaN,NaN,NaN,NaN,NaN,NaN,NaN,NaN,NaN,TD,NW,B,B,NaN,NaN,NaN,NaN,NaN,NaN,
1960062300,l01.1960,9X-L01,TS,NN,22.0,264.7,30,NaN,328,13,328,13,NaN,NaN,NaN,NaN,NaN,NaN,NaN,NaN,NaN,NaN,TD,NW,B,B,NaN,NaN,NaN,NaN,NaN,NaN,
1960062306,01l.1960,UNNAMED,TS,NN,23.5,264.2,35,NaN,338,15,338,15,NaN,NaN,NaN,NaN,NaN,NaN,NaN,NaN,NaN,NaN,TS,NW,B,B,NaN,NaN,NaN,NaN,NaN,NaN,
1960062312,01l.1960,UNNAMED,TS,NN,24.7,263.7,40,NaN,341,14,341,14,NaN,NaN,NaN,NaN,NaN,NaN,NaN,NaN,NaN,NaN,TS,NW,B,B,NaN,NaN,NaN,NaN,NaN,NaN,
1960062318,01l.1960,UNNAMED,TS,NN,25.5,263.3,45,NaN,338,11,338,11,NaN,NaN,NaN,NaN,NaN,NaN,NaN,NaN,NaN,NaN,TS,NW,B,B,NaN,NaN,NaN,NaN,NaN,NaN,
1960062400,01l.1960,UNNAMED,TS,NN,26.3,262.9,50,NaN,336,9,336,9,NaN,NaN,NaN,NaN,NaN,NaN,NaN,NaN,NaN,NaN,TS,NW,B,B,NaN,NaN,0.10,NaN,NaN,NaN,
1960062406,01l.1960,UNNAMED,TS,NN,27.2,262.5,45,1000,337,9,337,9,NaN,NaN,NaN,NaN,NaN,NaN,NaN,NaN,NaN,NaN,TS,NW,B,B,NaN,NaN,0.52,NaN,NaN,NaN,
1960062412,01l.1960,UNNAMED,TS,NN,28.2,262.1,35,1002,339,10,339,10,NaN,NaN,NaN,NaN,NaN,NaN,NaN,NaN,NaN,NaN,TS,NW,B,B,NaN,NaN,0.99,NaN,NaN,NaN,
1960062418,01l.1960,UNNAMED,TS,NN,29.0,261.8,30,1003,341,10,341,10,NaN,NaN,NaN,NaN,NaN,NaN,NaN,NaN,NaN,NaN,TD,NW,B,B,NaN,NaN,1.00,NaN,NaN,NaN,
1960062500,01l.1960,UNNAMED,TS,NN,29.2,261.6,30,1004,336,5,336,5,NaN,NaN,NaN,NaN,NaN,NaN,NaN,NaN,NaN,NaN,TD,NW,B,B,NaN,NaN,1.00,NaN,NaN,NaN,
1960062506,01l.1960,UNNAMED,TS,NN,28.7,261.5,25,1005,221,2,221,2,NaN,NaN,NaN,NaN,NaN,NaN,NaN,NaN,NaN,NaN,TD,NW,B,B,NaN,NaN,1.00,NaN,NaN,NaN,
1960062512,01l.1960,UNNAMED,TS,NN,28.3,261.6,25,1006,180,5,180,4,NaN,NaN,NaN,NaN,NaN,NaN,NaN,NaN,NaN,NaN,TD,NW,B,B,NaN,NaN,1.00,NaN,NaN,NaN,
1960062518,01l.1960,UNNAMED,TS,NN,28.7,261.8,25,1006,90,1,90,1,NaN,NaN,NaN,NaN,NaN,NaN,NaN,NaN,NaN,NaN,TD,NW,B,B,NaN,NaN,0.99,NaN,NaN,NaN,
1960062600,01l.1960,UNNAMED,TS,NN,29.2,262.3,25,1005,34,5,34,5,NaN,NaN,NaN,NaN,NaN,NaN,NaN,NaN,NaN,NaN,TD,NW,B,B,NaN,NaN,1.00,NaN,NaN,NaN,
1960062606,01l.1960,UNNAMED,TS,NN,30.0,262.8,25,1006,34,8,34,8,NaN,NaN,NaN,NaN,NaN,NaN,NaN,NaN,NaN,NaN,TD,NW,B,B,NaN,NaN,0.99,NaN,NaN,NaN,
1960062612,01l.1960,UNNAMED,TS,NN,31.1,263.1,25,1007,20,10,20,10,NaN,NaN,NaN,NaN,NaN,NaN,NaN,NaN,NaN,NaN,TD,NW,B,B,NaN,NaN,1.00,NaN,NaN,NaN,
1960062618,01l.1960,UNNAMED,TS,NN,32.3,263.5,25,1008,15,12,15,12,NaN,NaN,NaN,NaN,NaN,NaN,NaN,NaN,NaN,NaN,TD,NW,B,B,NaN,NaN,0.98,NaN,NaN,NaN,
1960062700,01l.1960,UNNAMED,TS,NN,33.4,263.9,20,1008,16,12,16,12,NaN,NaN,NaN,NaN,NaN,NaN,NaN,NaN,NaN,NaN,NT,NW,B,B,NaN,NaN,0.98,NaN,NaN,NaN,
1960062706,01l.1960,UNNAMED,TS,NN,34.7,265.0,20,1009,28,14,28,14,NaN,NaN,NaN,NaN,NaN,NaN,NaN,NaN,NaN,NaN,NT,NW,B,B,NaN,NaN,0.98,NaN,NaN,NaN,
1960062712,01l.1960,UNNAMED,TS,NN,36.0,266.2,20,1010,36,16,36,16,NaN,NaN,NaN,NaN,NaN,NaN,NaN,NaN,NaN,NaN,NT,NW,B,B,NaN,NaN,0.99,NaN,NaN,NaN,
1960062718,01l.1960,UNNAMED,TS,NN,37.1,267.3,20,1011,38,15,38,15,NaN,NaN,NaN,NaN,NaN,NaN,NaN,NaN,NaN,NaN,NT,NW,B,B,NaN,NaN,0.99,NaN,NaN,NaN,
1960062800,01l.1960,UNNAMED,TS,NN,37.6,268.3,20,1011,46,12,46,12,NaN,NaN,NaN,NaN,NaN,NaN,NaN,NaN,NaN,NaN,NT,NW,B,B,NaN,NaN,1.00,NaN,NaN,NaN,
1960062806,01l.1960,UNNAMED,TS,NN,38.0,269.5,20,1012,63,10,63,10,NaN,NaN,NaN,NaN,NaN,NaN,NaN,NaN,NaN,NaN,NT,NW,B,B,NaN,NaN,0.99,NaN,NaN,NaN,
1960062812,01l.1960,UNNAMED,TS,NN,38.5,271.0,20,1013,67,12,67,12,NaN,NaN,NaN,NaN,NaN,NaN,NaN,NaN,NaN,NaN,NT,NW,B,B,NaN,NaN,1.00,NaN,NaN,NaN,
1960070912,l02.1960,9X-L02,TY,NN,12.0,304.2,40,NaN,293,13,293,13,NaN,NaN,NaN,NaN,NaN,NaN,NaN,NaN,NaN,NaN,TS,NW,B,B,NaN,NaN,NaN,NaN,NaN,NaN,
1960070918,l02.1960,9X-L02,TY,NN,12.5,303.0,40,NaN,293,13,293,13,NaN,NaN,NaN,NaN,NaN,NaN,NaN,NaN,NaN,NaN,TS,NW,B,B,NaN,NaN,NaN,NaN,NaN,NaN,
1960071000,l02.1960,9X-L02,TY,NN,13.0,301.8,45,NaN,293,13,293,13,NaN,NaN,NaN,NaN,NaN,NaN,NaN,NaN,NaN,NaN,TS,NW,B,B,NaN,NaN,NaN,NaN,NaN,NaN,
1960071006,l02.1960,9X-L02,TY,NN,13.5,300.4,50,NaN,292,14,292,14,NaN,NaN,NaN,NaN,NaN,NaN,NaN,NaN,NaN,NaN,TS,NW,B,B,NaN,NaN,0.04,NaN,NaN,NaN,
1960071012,02l.1960,ABBY,TY,NN,13.9,299.1,55,1003,289,14,289,14,NaN,NaN,NaN,NaN,NaN,NaN,NaN,NaN,NaN,NaN,TS,WN,B,B,NaN,NaN,0.06,NaN,NaN,NaN,
1960071018,02l.1960,ABBY,TY,NN,14.1,297.7,55,1002,283,13,283,13,NaN,NaN,NaN,NaN,NaN,NaN,NaN,NaN,NaN,NaN,TS,WN,B,B,NaN,NaN,NaN,NaN,NaN,NaN,
1960071100,02l.1960,ABBY,TY,NN,14.3,296.5,55,NaN,279,13,279,13,NaN,NaN,NaN,NaN,NaN,NaN,NaN,NaN,NaN,NaN,TS,WN,B,B,NaN,NaN,NaN,NaN,NaN,NaN,
1960071106,02l.1960,ABBY,TY,NN,14.5,295.3,60,NaN,280,12,280,12,NaN,NaN,NaN,NaN,NaN,NaN,NaN,NaN,NaN,NaN,TS,WN,B,B,NaN,NaN,NaN,NaN,NaN,NaN,
1960071112,02l.1960,ABBY,TY,NN,14.7,294.2,60,999,280,11,280,11,NaN,NaN,NaN,NaN,NaN,NaN,NaN,NaN,NaN,NaN,TS,WN,B,B,NaN,NaN,NaN,NaN,NaN,NaN,
1960071118,02l.1960,ABBY,TY,NN,14.9,292.7,55,1004,279,13,279,13,NaN,NaN,NaN,NaN,NaN,NaN,NaN,NaN,NaN,NaN,TS,WN,B,B,NaN,NaN,NaN,NaN,NaN,NaN,
1960071200,02l.1960,ABBY,TY,NN,14.9,291.1,50,1005,274,15,274,15,NaN,NaN,NaN,NaN,NaN,NaN,NaN,NaN,NaN,NaN,TS,WN,B,B,NaN,NaN,NaN,NaN,NaN,NaN,
1960071206,02l.1960,ABBY,TY,NN,14.7,289.6,50,1005,266,15,266,15,NaN,NaN,NaN,NaN,NaN,NaN,NaN,NaN,NaN,NaN,TS,WN,B,B,NaN,NaN,NaN,NaN,NaN,NaN,
1960071212,02l.1960,ABBY,TY,NN,14.7,288.1,50,1007,266,15,266,15,NaN,NaN,NaN,NaN,NaN,NaN,NaN,NaN,NaN,NaN,TS,WN,B,B,NaN,NaN,NaN,NaN,NaN,NaN,
1960071218,02l.1960,ABBY,TY,NN,15.0,286.8,50,NaN,276,14,276,14,NaN,NaN,NaN,NaN,NaN,NaN,NaN,NaN,NaN,NaN,TS,WN,B,B,NaN,NaN,NaN,NaN,NaN,NaN,
1960071300,02l.1960,ABBY,TY,NN,15.2,285.7,50,1004,282,12,282,12,NaN,NaN,NaN,NaN,NaN,NaN,NaN,NaN,NaN,NaN,TS,WN,B,B,NaN,NaN,NaN,NaN,NaN,NaN,
1960071306,02l.1960,ABBY,TY,NN,15.2,284.6,50,NaN,275,11,275,11,NaN,NaN,NaN,NaN,NaN,NaN,NaN,NaN,NaN,NaN,TS,WN,B,B,NaN,NaN,NaN,NaN,NaN,NaN,
1960071312,02l.1960,ABBY,TY,NN,14.9,283.3,45,1008,263,12,263,12,NaN,NaN,NaN,NaN,NaN,NaN,NaN,NaN,NaN,NaN,TS,WN,B,B,NaN,NaN,NaN,NaN,NaN,NaN,
1960071318,02l.1960,ABBY,TY,NN,14.7,281.9,45,NaN,259,13,259,13,NaN,NaN,NaN,NaN,NaN,NaN,NaN,NaN,NaN,NaN,TS,WN,B,B,NaN,NaN,NaN,NaN,NaN,NaN,
1960071400,02l.1960,ABBY,TY,NN,14.7,280.5,45,1004,266,14,266,14,NaN,NaN,NaN,NaN,NaN,NaN,NaN,NaN,NaN,NaN,TS,NW,B,B,NaN,NaN,NaN,NaN,NaN,NaN,
1960071406,02l.1960,ABBY,TY,NN,15.1,279.0,50,NaN,278,14,278,14,NaN,NaN,NaN,NaN,NaN,NaN,NaN,NaN,NaN,NaN,TS,WN,B,B,NaN,NaN,NaN,NaN,NaN,NaN,
1960071412,02l.1960,ABBY,TY,NN,15.6,277.5,55,NaN,287,15,287,15,NaN,NaN,NaN,NaN,NaN,NaN,NaN,NaN,NaN,NaN,TS,WN,B,B,NaN,NaN,NaN,NaN,NaN,NaN,
1960071418,02l.1960,ABBY,TY,NN,15.9,276.1,55,NaN,286,15,286,15,NaN,NaN,NaN,NaN,NaN,NaN,NaN,NaN,NaN,NaN,TS,WN,B,B,NaN,NaN,0.10,NaN,NaN,NaN,
1960071500,02l.1960,ABBY,TY,NN,16.1,274.8,60,995,281,13,281,13,NaN,NaN,NaN,NaN,NaN,NaN,NaN,NaN,NaN,NaN,TS,WN,B,B,NaN,NaN,0.35,NaN,NaN,NaN,
1960071506,02l.1960,ABBY,TY,NN,16.3,273.4,70,NaN,279,13,279,13,NaN,NaN,NaN,NaN,NaN,NaN,NaN,NaN,NaN,NaN,TY,WN,B,B,NaN,NaN,0.02,NaN,NaN,NaN,
1960071512,02l.1960,ABBY,TY,NN,16.5,272.0,70,NaN,278,14,278,14,NaN,NaN,NaN,NaN,NaN,NaN,NaN,NaN,NaN,NaN,TY,NW,B,B,NaN,NaN,0.10,NaN,NaN,NaN,
1960071518,02l.1960,ABBY,TY,NN,16.6,270.6,45,NaN,276,14,276,14,NaN,NaN,NaN,NaN,NaN,NaN,NaN,NaN,NaN,NaN,TS,NW,B,B,NaN,NaN,0.98,NaN,NaN,NaN,
1960071600,02l.1960,ABBY,TY,NN,16.8,269.4,30,NaN,277,13,277,13,NaN,NaN,NaN,NaN,NaN,NaN,NaN,NaN,NaN,NaN,TD,NW,B,B,NaN,NaN,0.97,NaN,NaN,NaN,
1960071606,02l.1960,ABBY,TY,NN,17.1,268.4,30,NaN,283,11,283,11,NaN,NaN,NaN,NaN,NaN,NaN,NaN,NaN,NaN,NaN,TD,NW,B,B,NaN,NaN,0.98,NaN,NaN,NaN,
1960071612,02l.1960,ABBY,TY,NN,17.5,267.3,30,NaN,289,11,289,11,NaN,NaN,NaN,NaN,NaN,NaN,NaN,NaN,NaN,NaN,TD,NW,B,B,NaN,NaN,0.94,NaN,NaN,NaN,
1960071618,02l.1960,ABBY,TY,NN,18.0,266.0,30,NaN,291,12,291,12,NaN,NaN,NaN,NaN,NaN,NaN,NaN,NaN,NaN,NaN,TD,NW,B,B,NaN,NaN,0.71,NaN,NaN,NaN,
1960071700,02l.1960,ABBY,TY,NN,18.6,264.7,30,NaN,294,14,294,14,NaN,NaN,NaN,NaN,NaN,NaN,NaN,NaN,NaN,NaN,TD,NW,B,B,NaN,NaN,0.67,NaN,NaN,NaN,
1960071706,02l.1960,ABBY,TY,NN,19.4,263.4,30,NaN,300,14,300,14,NaN,NaN,NaN,NaN,NaN,NaN,NaN,NaN,NaN,NaN,TD,NW,B,B,NaN,NaN,0.68,NaN,NaN,NaN,
1960071712,02l.1960,ABBY,TY,NN,20.5,262.0,30,NaN,307,16,307,16,NaN,NaN,NaN,NaN,NaN,NaN,NaN,NaN,NaN,NaN,TD,NW,B,B,NaN,NaN,1.00,NaN,NaN,NaN,
1960072718,l03.1960,9X-L03,TS,NN,27.7,274.9,30,NaN,222,2,222,2,NaN,NaN,NaN,NaN,NaN,NaN,NaN,NaN,NaN,NaN,TD,NW,B,B,NaN,NaN,NaN,NaN,NaN,NaN,
1960072800,l03.1960,9X-L03,TS,NN,27.4,274.5,30,NaN,222,2,222,2,NaN,NaN,NaN,NaN,NaN,NaN,NaN,NaN,NaN,NaN,TD,NW,B,B,NaN,NaN,NaN,NaN,NaN,NaN,
1960072806,l03.1960,9X-L03,TS,NN,27.4,274.6,30,NaN,222,2,222,2,NaN,NaN,NaN,NaN,NaN,NaN,NaN,NaN,NaN,NaN,TD,NW,B,B,NaN,NaN,NaN,NaN,NaN,NaN,
1960072812,03l.1960,BRENDA,TS,NN,27.6,274.7,35,NaN,42,1,42,1,NaN,NaN,NaN,NaN,NaN,NaN,NaN,NaN,NaN,NaN,TS,NW,B,B,NaN,NaN,NaN,NaN,NaN,NaN,
1960072818,03l.1960,BRENDA,TS,NN,27.8,274.7,35,NaN,12,2,12,2,NaN,NaN,NaN,NaN,NaN,NaN,NaN,NaN,NaN,NaN,TS,NW,B,B,NaN,NaN,NaN,NaN,NaN,NaN,
1960072900,03l.1960,BRENDA,TS,NN,28.5,275.0,35,NaN,16,5,16,5,NaN,NaN,NaN,NaN,NaN,NaN,NaN,NaN,NaN,NaN,TS,NW,B,B,NaN,NaN,NaN,NaN,NaN,NaN,
1960072906,03l.1960,BRENDA,TS,NN,29.7,276.5,35,NaN,40,12,40,12,NaN,NaN,NaN,NaN,NaN,NaN,NaN,NaN,NaN,NaN,TS,NW,B,B,NaN,NaN,0.33,NaN,NaN,NaN,
1960072912,03l.1960,BRENDA,TS,NN,31.5,278.2,55,1000,43,20,43,20,NaN,NaN,NaN,NaN,NaN,NaN,NaN,NaN,NaN,NaN,TS,NW,B,B,NaN,NaN,0.99,NaN,NaN,NaN,
1960072918,03l.1960,BRENDA,TS,NN,32.8,280.3,60,993,46,22,46,22,NaN,NaN,NaN,NaN,NaN,NaN,NaN,NaN,NaN,NaN,TS,NW,B,B,NaN,NaN,0.45,NaN,NaN,NaN,
1960073000,03l.1960,BRENDA,TS,NN,34.6,282.1,55,994,47,23,47,23,NaN,NaN,NaN,NaN,NaN,NaN,NaN,NaN,NaN,NaN,TS,NW,B,B,NaN,NaN,0.87,NaN,NaN,NaN,
1960073006,03l.1960,BRENDA,TS,NN,37.0,283.5,50,993,32,25,32,25,NaN,NaN,NaN,NaN,NaN,NaN,NaN,NaN,NaN,NaN,TS,NW,B,B,NaN,NaN,0.67,NaN,NaN,NaN,
1960073012,03l.1960,BRENDA,TS,NN,38.7,284.7,50,992,27,23,27,23,NaN,NaN,NaN,NaN,NaN,NaN,NaN,NaN,NaN,NaN,TS,NW,B,B,NaN,NaN,0.73,NaN,NaN,NaN,
1960073018,03l.1960,BRENDA,TS,NN,40.5,286.2,50,991,31,20,31,20,NaN,NaN,NaN,NaN,NaN,NaN,NaN,NaN,NaN,NaN,TS,NW,B,B,NaN,NaN,0.58,NaN,NaN,NaN,
1960073100,03l.1960,BRENDA,TS,NN,43.0,288.5,40,991,34,26,34,26,NaN,NaN,NaN,NaN,NaN,NaN,NaN,NaN,NaN,NaN,TS,NW,B,B,NaN,NaN,0.97,NaN,NaN,NaN,
1960073106,03l.1960,BRENDA,TS,NN,46.0,290.7,35,992,31,32,31,32,NaN,NaN,NaN,NaN,NaN,NaN,NaN,NaN,NaN,NaN,TS,NW,B,B,NaN,NaN,0.85,NaN,NaN,NaN,
1960073112,03l.1960,BRENDA,TS,NN,50.0,291.4,35,990,16,36,16,36,NaN,NaN,NaN,NaN,NaN,NaN,NaN,NaN,NaN,NaN,TS,NW,B,B,NaN,NaN,0.91,NaN,NaN,NaN,
1960073118,03l.1960,BRENDA,TS,NN,54.0,291.7,35,986,5,40,5,40,NaN,NaN,NaN,NaN,NaN,NaN,NaN,NaN,NaN,NaN,TS,NW,B,B,NaN,NaN,0.83,NaN,NaN,NaN,
1960080100,03l.1960,BRENDA,TS,NN,58.0,291.1,40,977,359,40,359,40,NaN,NaN,NaN,NaN,NaN,NaN,NaN,NaN,NaN,NaN,TS,NW,B,B,NaN,NaN,0.87,NaN,NaN,NaN,
1960080106,03l.1960,BRENDA,TS,NN,60.5,290.5,45,976,354,33,354,33,NaN,NaN,NaN,NaN,NaN,NaN,NaN,NaN,NaN,NaN,TS,NW,B,B,NaN,NaN,0.32,NaN,NaN,NaN,
1960080112,03l.1960,BRENDA,TS,NN,61.0,288.5,45,976,336,16,336,16,NaN,NaN,NaN,NaN,NaN,NaN,NaN,NaN,NaN,NaN,TS,NW,B,B,NaN,NaN,0.72,NaN,NaN,NaN,
1960080118,03l.1960,BRENDA,TS,NN,61.5,285.0,40,980,291,14,291,14,NaN,NaN,NaN,NaN,NaN,NaN,NaN,NaN,NaN,NaN,TS,NW,B,B,NaN,NaN,0.92,NaN,NaN,NaN,
1960080200,03l.1960,BRENDA,TS,NN,60.5,282.5,35,982,260,15,260,15,NaN,NaN,NaN,NaN,NaN,NaN,NaN,NaN,NaN,NaN,TS,NW,B,B,NaN,NaN,0.56,NaN,NaN,NaN,
1960080206,03l.1960,BRENDA,TS,NN,58.0,280.5,35,983,213,21,213,21,NaN,NaN,NaN,NaN,NaN,NaN,NaN,NaN,NaN,NaN,TS,NW,B,B,NaN,NaN,0.01,NaN,NaN,NaN,
1960080212,03l.1960,BRENDA,TS,NN,56.0,280.0,35,983,196,23,196,23,NaN,NaN,NaN,NaN,NaN,NaN,NaN,NaN,NaN,NaN,TS,NW,B,B,NaN,NaN,0.15,NaN,NaN,NaN,
1960080218,03l.1960,BRENDA,TS,NN,55.5,284.0,30,984,143,16,143,16,NaN,NaN,NaN,NaN,NaN,NaN,NaN,NaN,NaN,NaN,TD,NW,B,B,NaN,NaN,0.88,NaN,NaN,NaN,
1960080300,03l.1960,BRENDA,TS,NN,55.5,289.0,30,984,96,25,96,25,NaN,NaN,NaN,NaN,NaN,NaN,NaN,NaN,NaN,NaN,TD,NW,B,B,NaN,NaN,0.82,NaN,NaN,NaN,
1960080306,03l.1960,BRENDA,TS,NN,55.7,292.0,30,984,87,23,87,23,NaN,NaN,NaN,NaN,NaN,NaN,NaN,NaN,NaN,NaN,TD,NW,B,B,NaN,NaN,0.86,NaN,NaN,NaN,
1960080312,03l.1960,BRENDA,TS,NN,56.0,293.0,30,984,77,12,77,12,NaN,NaN,NaN,NaN,NaN,NaN,NaN,NaN,NaN,NaN,TD,NW,B,B,NaN,NaN,0.82,NaN,NaN,NaN,
1960080318,03l.1960,BRENDA,TS,NN,56.4,294.0,30,985,58,7,58,7,NaN,NaN,NaN,NaN,NaN,NaN,NaN,NaN,NaN,NaN,TD,NW,B,B,NaN,NaN,0.85,NaN,NaN,NaN,
1960080400,03l.1960,BRENDA,TS,NN,56.7,294.0,30,986,38,4,38,4,NaN,NaN,NaN,NaN,NaN,NaN,NaN,NaN,NaN,NaN,TD,NW,B,B,NaN,NaN,0.85,NaN,NaN,NaN,
1960080406,03l.1960,BRENDA,TS,NN,57.0,294.0,30,986,360,3,360,3,NaN,NaN,NaN,NaN,NaN,NaN,NaN,NaN,NaN,NaN,TD,NW,B,B,NaN,NaN,0.83,NaN,NaN,NaN,
1960080412,03l.1960,BRENDA,TS,NN,57.2,294.0,30,987,360,2,360,2,NaN,NaN,NaN,NaN,NaN,NaN,NaN,NaN,NaN,NaN,TD,NW,B,B,NaN,NaN,0.83,NaN,NaN,NaN,
1960080418,03l.1960,BRENDA,TS,NN,57.5,294.0,25,989,360,2,360,2,NaN,NaN,NaN,NaN,NaN,NaN,NaN,NaN,NaN,NaN,TD,NW,B,B,NaN,NaN,0.81,NaN,NaN,NaN,
1960080500,03l.1960,BRENDA,TS,NN,58.0,294.0,25,992,360,4,360,4,NaN,NaN,NaN,NaN,NaN,NaN,NaN,NaN,NaN,NaN,TD,NW,B,B,NaN,NaN,0.85,NaN,NaN,NaN,
1960080506,03l.1960,BRENDA,TS,NN,59.0,292.0,25,995,325,9,325,9,NaN,NaN,NaN,NaN,NaN,NaN,NaN,NaN,NaN,NaN,TD,NW,B,B,NaN,NaN,0.07,NaN,NaN,NaN,
1960080512,03l.1960,BRENDA,TS,NN,59.5,289.5,20,998,303,14,303,14,NaN,NaN,NaN,NaN,NaN,NaN,NaN,NaN,NaN,NaN,NT,NW,B,B,NaN,NaN,0.80,NaN,NaN,NaN,
1960080518,03l.1960,BRENDA,TS,NN,59.8,289.0,20,1000,298,9,298,9,NaN,NaN,NaN,NaN,NaN,NaN,NaN,NaN,NaN,NaN,NT,NW,B,B,NaN,NaN,0.87,NaN,NaN,NaN,
1960080600,03l.1960,BRENDA,TS,NN,59.5,288.0,20,1003,270,4,270,4,NaN,NaN,NaN,NaN,NaN,NaN,NaN,NaN,NaN,NaN,NT,NW,B,B,NaN,NaN,0.79,NaN,NaN,NaN,
1960080606,03l.1960,BRENDA,TS,NN,59.0,286.5,20,1005,238,8,238,8,NaN,NaN,NaN,NaN,NaN,NaN,NaN,NaN,NaN,NaN,NT,NW,B,B,NaN,NaN,0.73,NaN,NaN,NaN,
1960080612,03l.1960,BRENDA,TS,NN,58.2,288.0,20,1006,180,6,180,6,NaN,NaN,NaN,NaN,NaN,NaN,NaN,NaN,NaN,NaN,NT,NW,B,B,NaN,NaN,0.86,NaN,NaN,NaN,
1960080618,03l.1960,BRENDA,TS,NN,57.8,291.0,20,1006,117,13,117,13,NaN,NaN,NaN,NaN,NaN,NaN,NaN,NaN,NaN,NaN,NT,NW,B,B,NaN,NaN,0.87,NaN,NaN,NaN,
1960080700,03l.1960,BRENDA,TS,NN,57.5,294.0,20,1007,102,16,102,16,NaN,NaN,NaN,NaN,NaN,NaN,NaN,NaN,NaN,NaN,NT,NW,B,B,NaN,NaN,0.81,NaN,NaN,NaN,
1960080706,03l.1960,BRENDA,TS,NN,57.0,296.0,20,1007,107,14,107,14,NaN,NaN,NaN,NaN,NaN,NaN,NaN,NaN,NaN,NaN,NT,NW,B,B,NaN,NaN,0.88,NaN,NaN,NaN,
1960080712,03l.1960,BRENDA,TS,NN,56.2,298.0,20,1006,121,13,121,13,NaN,NaN,NaN,NaN,NaN,NaN,NaN,NaN,NaN,NaN,NT,NW,B,B,NaN,NaN,0.82,NaN,NaN,NaN,
1960080718,03l.1960,BRENDA,TS,NN,56.0,300.0,20,1005,114,12,114,12,NaN,NaN,NaN,NaN,NaN,NaN,NaN,NaN,NaN,NaN,NT,NW,B,B,NaN,NaN,0.04,NaN,NaN,NaN,
1960081718,l04.1960,9X-L04,TY,NN,26.0,285.3,25,NaN,106,6,106,6,NaN,NaN,NaN,NaN,NaN,NaN,NaN,NaN,NaN,NaN,TD,NW,B,B,NaN,NaN,NaN,NaN,NaN,NaN,
1960081800,l04.1960,9X-L04,TY,NN,25.5,285.7,30,NaN,106,6,106,6,NaN,NaN,NaN,NaN,NaN,NaN,NaN,NaN,NaN,NaN,TD,NW,B,B,NaN,NaN,NaN,NaN,NaN,NaN,
1960081806,l04.1960,9X-L04,TY,NN,25.7,286.5,45,NaN,106,6,106,6,NaN,NaN,NaN,NaN,NaN,NaN,NaN,NaN,NaN,NaN,TS,NW,B,B,NaN,NaN,NaN,NaN,NaN,NaN,
1960081812,04l.1960,CLEO,TY,NN,26.6,287.3,60,997,53,9,53,9,NaN,NaN,NaN,NaN,NaN,NaN,NaN,NaN,NaN,NaN,TS,WN,B,B,NaN,NaN,NaN,NaN,NaN,NaN,
1960081818,04l.1960,CLEO,TY,NN,27.8,288.2,65,NaN,36,13,36,13,NaN,NaN,NaN,NaN,NaN,NaN,NaN,NaN,NaN,NaN,TY,WN,B,B,NaN,NaN,NaN,NaN,NaN,NaN,
1960081900,04l.1960,CLEO,TY,NN,29.3,289.0,70,NaN,29,15,29,15,NaN,NaN,NaN,NaN,NaN,NaN,NaN,NaN,NaN,NaN,TY,WN,B,B,NaN,NaN,NaN,NaN,NaN,NaN,
1960081906,04l.1960,CLEO,TY,NN,31.0,289.8,75,NaN,24,17,24,17,NaN,NaN,NaN,NaN,NaN,NaN,NaN,NaN,NaN,NaN,TY,WN,B,B,NaN,NaN,NaN,NaN,NaN,NaN,
1960081912,04l.1960,CLEO,TY,NN,33.1,290.6,75,999,20,20,20,20,NaN,NaN,NaN,NaN,NaN,NaN,NaN,NaN,NaN,NaN,TY,WN,B,B,NaN,NaN,NaN,NaN,NaN,NaN,
1960081918,04l.1960,CLEO,TY,NN,35.4,291.4,75,995,17,23,17,23,NaN,NaN,NaN,NaN,NaN,NaN,NaN,NaN,NaN,NaN,TY,WN,B,B,NaN,NaN,NaN,NaN,NaN,NaN,
1960082000,04l.1960,CLEO,TY,NN,37.7,292.2,70,997,16,24,16,24,NaN,NaN,NaN,NaN,NaN,NaN,NaN,NaN,NaN,NaN,TY,WN,B,B,NaN,NaN,NaN,NaN,NaN,NaN,
1960082006,04l.1960,CLEO,TY,NN,40.0,293.2,70,NaN,17,24,17,24,NaN,NaN,NaN,NaN,NaN,NaN,NaN,NaN,NaN,NaN,TY,NW,B,B,NaN,NaN,NaN,NaN,NaN,NaN,
1960082012,04l.1960,CLEO,TY,NN,42.2,294.8,60,NaN,24,25,24,25,NaN,NaN,NaN,NaN,NaN,NaN,NaN,NaN,NaN,NaN,TS,NW,B,B,NaN,NaN,NaN,NaN,NaN,NaN,
1960082018,04l.1960,CLEO,TY,NN,43.6,296.6,45,NaN,35,22,35,22,NaN,NaN,NaN,NaN,NaN,NaN,NaN,NaN,NaN,NaN,TS,NW,B,B,NaN,NaN,NaN,NaN,NaN,NaN,
1960082100,04l.1960,CLEO,TY,NN,44.2,299.5,35,NaN,60,20,60,20,NaN,NaN,NaN,NaN,NaN,NaN,NaN,NaN,NaN,NaN,TS,NW,B,B,NaN,NaN,NaN,NaN,NaN,NaN,
1960082918,l05.1960,9X-L05,TY,NN,10.2,337.2,25,NaN,270,13,270,13,NaN,NaN,NaN,NaN,NaN,NaN,NaN,NaN,NaN,NaN,TD,NW,B,B,NaN,NaN,NaN,NaN,NaN,NaN,
1960083000,l05.1960,9X-L05,TY,NN,10.1,335.8,25,NaN,270,13,270,13,NaN,NaN,NaN,NaN,NaN,NaN,NaN,NaN,NaN,NaN,TD,NW,B,B,NaN,NaN,NaN,NaN,NaN,NaN,
1960083006,l05.1960,9X-L05,TY,NN,10.2,334.5,25,NaN,270,13,270,13,NaN,NaN,NaN,NaN,NaN,NaN,NaN,NaN,NaN,NaN,TD,NW,B,B,NaN,NaN,NaN,NaN,NaN,NaN,
1960083012,l05.1960,9X-L05,TY,NN,10.3,333.1,25,NaN,274,13,274,13,NaN,NaN,NaN,NaN,NaN,NaN,NaN,NaN,NaN,NaN,TD,NW,B,B,NaN,NaN,NaN,NaN,NaN,NaN,
1960083018,l05.1960,9X-L05,TY,NN,10.5,331.6,25,NaN,276,14,276,14,NaN,NaN,NaN,NaN,NaN,NaN,NaN,NaN,NaN,NaN,TD,NW,B,B,NaN,NaN,NaN,NaN,NaN,NaN,
1960083100,l05.1960,9X-L05,TY,NN,10.7,330.0,30,NaN,277,15,277,15,NaN,NaN,NaN,NaN,NaN,NaN,NaN,NaN,NaN,NaN,TD,NW,B,B,NaN,NaN,NaN,NaN,NaN,NaN,
1960083106,l05.1960,9X-L05,TY,NN,10.9,328.4,30,NaN,277,16,277,16,NaN,NaN,NaN,NaN,NaN,NaN,NaN,NaN,NaN,NaN,TD,NW,B,B,NaN,NaN,NaN,NaN,NaN,NaN,
1960083112,l05.1960,9X-L05,TY,NN,11.1,326.9,35,NaN,277,15,277,15,NaN,NaN,NaN,NaN,NaN,NaN,NaN,NaN,NaN,NaN,TS,NW,B,B,NaN,NaN,NaN,NaN,NaN,NaN,
1960083118,l05.1960,9X-L05,TY,NN,11.4,325.4,35,NaN,280,15,280,15,NaN,NaN,NaN,NaN,NaN,NaN,NaN,NaN,NaN,NaN,TS,NW,B,B,NaN,NaN,NaN,NaN,NaN,NaN,
1960090100,l05.1960,9X-L05,TY,NN,11.7,323.8,40,NaN,281,15,281,15,NaN,NaN,NaN,NaN,NaN,NaN,NaN,NaN,NaN,NaN,TS,NW,B,B,NaN,NaN,NaN,NaN,NaN,NaN,
1960090106,l05.1960,9X-L05,TY,NN,12.0,322.2,50,NaN,281,16,281,16,NaN,NaN,NaN,NaN,NaN,NaN,NaN,NaN,NaN,NaN,TS,NW,B,B,NaN,NaN,NaN,NaN,NaN,NaN,
1960090112,l05.1960,9X-L05,TY,NN,12.3,320.6,55,NaN,281,16,281,16,NaN,NaN,NaN,NaN,NaN,NaN,NaN,NaN,NaN,NaN,TS,NW,B,B,NaN,NaN,NaN,NaN,NaN,NaN,
1960090118,l05.1960,9X-L05,TY,NN,12.6,318.9,65,NaN,281,16,281,16,NaN,NaN,NaN,NaN,NaN,NaN,NaN,NaN,NaN,NaN,TY,NW,B,B,NaN,NaN,NaN,NaN,NaN,NaN,
1960090200,l05.1960,9X-L05,TY,NN,12.9,317.2,70,NaN,280,17,280,17,NaN,NaN,NaN,NaN,NaN,NaN,NaN,NaN,NaN,NaN,TY,NW,B,B,NaN,NaN,NaN,NaN,NaN,NaN,
1960090206,l05.1960,9X-L05,TY,NN,13.3,315.7,75,NaN,283,16,283,16,NaN,NaN,NaN,NaN,NaN,NaN,NaN,NaN,NaN,NaN,TY,NW,B,B,NaN,NaN,NaN,NaN,NaN,NaN,
1960090212,l05.1960,9X-L05,TY,NN,13.6,314.2,85,NaN,283,15,283,15,NaN,NaN,NaN,NaN,NaN,NaN,NaN,NaN,NaN,NaN,TY,NW,B,B,NaN,NaN,NaN,NaN,NaN,NaN,
1960090218,05l.1960,DONNA,TY,NN,13.9,312.4,95,973,281,16,281,16,NaN,NaN,NaN,NaN,NaN,NaN,NaN,NaN,NaN,NaN,TY,WN,B,B,NaN,NaN,NaN,NaN,NaN,NaN,
1960090300,05l.1960,DONNA,TY,NN,14.3,310.6,100,NaN,281,18,281,18,NaN,NaN,NaN,NaN,NaN,NaN,NaN,NaN,NaN,NaN,TY,WN,B,B,NaN,NaN,NaN,NaN,NaN,NaN,
1960090306,05l.1960,DONNA,TY,NN,14.7,308.8,105,NaN,283,18,283,18,NaN,NaN,NaN,NaN,NaN,NaN,NaN,NaN,NaN,NaN,TY,WN,B,B,NaN,NaN,NaN,NaN,NaN,NaN,
1960090312,05l.1960,DONNA,TY,NN,15.3,306.9,105,962,286,19,286,19,NaN,NaN,NaN,NaN,NaN,NaN,NaN,NaN,NaN,NaN,TY,WN,B,B,NaN,NaN,NaN,NaN,NaN,NaN,
1960090318,05l.1960,DONNA,TY,NN,15.9,305.0,105,NaN,288,19,288,19,NaN,NaN,NaN,NaN,NaN,NaN,NaN,NaN,NaN,NaN,TY,WN,B,B,NaN,NaN,NaN,NaN,NaN,NaN,
1960090400,05l.1960,DONNA,TY,NN,16.4,303.4,110,NaN,288,18,288,18,NaN,NaN,NaN,NaN,NaN,NaN,NaN,NaN,NaN,NaN,TY,WN,B,B,NaN,NaN,NaN,NaN,NaN,NaN,
1960090406,05l.1960,DONNA,TY,NN,16.6,301.8,110,NaN,283,16,283,16,NaN,NaN,NaN,NaN,NaN,NaN,NaN,NaN,NaN,NaN,TY,WN,B,B,NaN,NaN,NaN,NaN,NaN,NaN,
1960090412,05l.1960,DONNA,TY,NN,16.9,300.3,110,958,280,15,280,15,NaN,NaN,NaN,NaN,NaN,NaN,NaN,NaN,NaN,NaN,TY,WN,B,B,NaN,NaN,NaN,NaN,NaN,NaN,
1960090418,05l.1960,DONNA,TY,NN,17.4,299.1,110,NaN,287,14,287,14,NaN,NaN,NaN,NaN,NaN,NaN,NaN,NaN,NaN,NaN,TY,WN,B,B,NaN,NaN,NaN,NaN,NaN,NaN,
1960090500,05l.1960,DONNA,TY,NN,17.8,297.9,110,956,291,12,291,12,NaN,NaN,NaN,NaN,NaN,NaN,NaN,NaN,NaN,NaN,TY,WN,B,B,NaN,NaN,0.01,NaN,NaN,NaN,
1960090506,05l.1960,DONNA,TY,NN,18.3,296.6,110,952,291,13,291,13,NaN,NaN,NaN,NaN,NaN,NaN,NaN,NaN,NaN,NaN,TY,WN,B,B,NaN,NaN,0.01,NaN,NaN,NaN,
1960090512,05l.1960,DONNA,TY,NN,19.1,295.2,110,958,297,14,297,14,NaN,NaN,NaN,NaN,NaN,NaN,NaN,NaN,NaN,NaN,TY,WN,B,B,NaN,NaN,NaN,NaN,NaN,NaN,
1960090518,05l.1960,DONNA,TY,NN,19.7,294.2,110,956,302,13,302,13,NaN,NaN,NaN,NaN,NaN,NaN,NaN,NaN,NaN,NaN,TY,WN,B,B,NaN,NaN,NaN,NaN,NaN,NaN,
1960090600,05l.1960,DONNA,TY,NN,20.1,293.5,115,941,302,9,302,9,NaN,NaN,NaN,NaN,NaN,NaN,NaN,NaN,NaN,NaN,TY,WN,B,B,NaN,NaN,NaN,NaN,NaN,NaN,
1960090606,05l.1960,DONNA,TY,NN,20.6,292.5,115,NaN,299,9,299,9,NaN,NaN,NaN,NaN,NaN,NaN,NaN,NaN,NaN,NaN,TY,WN,B,B,NaN,NaN,NaN,NaN,NaN,NaN,
1960090612,05l.1960,DONNA,TY,NN,21.2,291.7,120,940,303,10,303,10,NaN,NaN,NaN,NaN,NaN,NaN,NaN,NaN,NaN,NaN,TY,WN,B,B,NaN,NaN,NaN,NaN,NaN,NaN,
1960090618,05l.1960,DONNA,TY,NN,21.5,291.1,120,940,305,8,305,8,NaN,NaN,NaN,NaN,NaN,NaN,NaN,NaN,NaN,NaN,TY,WN,B,B,NaN,NaN,NaN,NaN,NaN,NaN,
1960090700,05l.1960,DONNA,TY,NN,21.8,290.3,125,932,295,7,295,7,NaN,NaN,NaN,NaN,NaN,NaN,NaN,NaN,NaN,NaN,TY,WN,B,B,NaN,NaN,NaN,NaN,NaN,NaN,
1960090706,05l.1960,DONNA,TY,NN,22.0,289.5,120,NaN,289,8,289,8,NaN,NaN,NaN,NaN,NaN,NaN,NaN,NaN,NaN,NaN,TY,WN,B,B,NaN,NaN,NaN,NaN,NaN,NaN,
1960090712,05l.1960,DONNA,TY,NN,22.1,288.7,110,948,281,8,281,8,NaN,NaN,NaN,NaN,NaN,NaN,NaN,NaN,NaN,NaN,TY,WN,B,B,NaN,NaN,0.05,NaN,NaN,NaN,
1960090718,05l.1960,DONNA,TY,NN,22.1,287.7,110,NaN,273,8,273,8,NaN,NaN,NaN,NaN,NaN,NaN,NaN,NaN,NaN,NaN,TY,WN,B,B,NaN,NaN,0.03,NaN,NaN,NaN,
1960090800,05l.1960,DONNA,TY,NN,22.2,286.6,110,945,273,10,273,10,NaN,NaN,NaN,NaN,NaN,NaN,NaN,NaN,NaN,NaN,TY,WN,B,B,NaN,NaN,0.02,NaN,NaN,NaN,
1960090806,05l.1960,DONNA,TY,NN,22.2,285.7,105,947,273,9,273,9,NaN,NaN,NaN,NaN,NaN,NaN,NaN,NaN,NaN,NaN,TY,WN,B,B,NaN,NaN,0.02,NaN,NaN,NaN,
1960090812,05l.1960,DONNA,TY,NN,22.3,284.7,100,951,273,9,273,9,NaN,NaN,NaN,NaN,NaN,NaN,NaN,NaN,NaN,NaN,TY,WN,B,B,NaN,NaN,NaN,NaN,NaN,NaN,
1960090818,05l.1960,DONNA,TY,NN,22.4,283.9,105,945,277,8,277,8,NaN,NaN,NaN,NaN,NaN,NaN,NaN,NaN,NaN,NaN,TY,WN,B,B,NaN,NaN,NaN,NaN,NaN,NaN,
1960090900,05l.1960,DONNA,TY,NN,22.6,283.1,110,939,281,8,281,8,NaN,NaN,NaN,NaN,NaN,NaN,NaN,NaN,NaN,NaN,TY,WN,B,B,NaN,NaN,NaN,NaN,NaN,NaN,
1960090906,05l.1960,DONNA,TY,NN,22.9,282.2,110,942,288,8,288,8,NaN,NaN,NaN,NaN,NaN,NaN,NaN,NaN,NaN,NaN,TY,WN,B,B,NaN,NaN,NaN,NaN,NaN,NaN,
1960090912,05l.1960,DONNA,TY,NN,23.2,281.3,110,942,290,9,290,9,NaN,NaN,NaN,NaN,NaN,NaN,NaN,NaN,NaN,NaN,TY,WN,B,B,NaN,NaN,0.02,NaN,NaN,NaN,
1960090918,05l.1960,DONNA,TY,NN,23.7,280.6,110,944,299,8,299,8,NaN,NaN,NaN,NaN,NaN,NaN,NaN,NaN,NaN,NaN,TY,WN,B,B,NaN,NaN,NaN,NaN,NaN,NaN,
1960091000,05l.1960,DONNA,TY,NN,24.2,279.9,115,938,308,8,308,8,NaN,NaN,NaN,NaN,NaN,NaN,NaN,NaN,NaN,NaN,TY,WN,B,B,NaN,NaN,NaN,NaN,NaN,NaN,
1960091006,05l.1960,DONNA,TY,NN,24.7,279.2,125,930,308,8,308,8,NaN,NaN,NaN,NaN,NaN,NaN,NaN,NaN,NaN,NaN,TY,WN,B,B,NaN,NaN,0.01,NaN,NaN,NaN,
1960091012,05l.1960,DONNA,TY,NN,25.3,278.7,115,939,315,8,315,8,NaN,NaN,NaN,NaN,NaN,NaN,NaN,NaN,NaN,NaN,TY,WN,B,B,NaN,NaN,0.23,NaN,NaN,NaN,
1960091018,05l.1960,DONNA,TY,NN,26.3,278.2,105,945,331,9,331,9,NaN,NaN,NaN,NaN,NaN,NaN,NaN,NaN,NaN,NaN,TY,WN,B,B,NaN,NaN,0.48,NaN,NaN,NaN,
1960091100,05l.1960,DONNA,TY,NN,27.3,278.1,85,957,345,10,345,10,NaN,NaN,NaN,NaN,NaN,NaN,NaN,NaN,NaN,NaN,TY,WN,B,B,NaN,NaN,0.96,NaN,NaN,NaN,
1960091106,05l.1960,DONNA,TY,NN,28.3,278.3,65,964,3,10,3,10,NaN,NaN,NaN,NaN,NaN,NaN,NaN,NaN,NaN,NaN,TY,WN,B,B,NaN,NaN,0.91,NaN,NaN,NaN,
1960091112,05l.1960,DONNA,TY,NN,29.7,279.0,75,968,18,13,18,13,NaN,NaN,NaN,NaN,NaN,NaN,NaN,NaN,NaN,NaN,TY,WN,B,B,NaN,NaN,0.35,NaN,NaN,NaN,
1960091118,05l.1960,DONNA,TY,NN,31.1,280.1,80,970,29,16,29,16,NaN,NaN,NaN,NaN,NaN,NaN,NaN,NaN,NaN,NaN,TY,WN,B,B,NaN,NaN,NaN,NaN,NaN,NaN,
1960091200,05l.1960,DONNA,TY,NN,33.0,281.7,90,958,35,20,35,20,NaN,NaN,NaN,NaN,NaN,NaN,NaN,NaN,NaN,NaN,TY,WN,B,B,NaN,NaN,NaN,NaN,NaN,NaN,
1960091206,05l.1960,DONNA,TY,NN,35.1,283.3,85,960,34,24,34,24,NaN,NaN,NaN,NaN,NaN,NaN,NaN,NaN,NaN,NaN,TY,WN,B,B,NaN,NaN,0.38,NaN,NaN,NaN,
1960091212,05l.1960,DONNA,TY,NN,37.3,285.2,85,NaN,34,26,34,26,NaN,NaN,NaN,NaN,NaN,NaN,NaN,NaN,NaN,NaN,TY,WN,B,B,NaN,NaN,0.03,NaN,NaN,NaN,
1960091218,05l.1960,DONNA,TY,NN,40.1,286.7,85,959,28,28,28,28,NaN,NaN,NaN,NaN,NaN,NaN,NaN,NaN,NaN,NaN,TY,WN,B,B,NaN,NaN,NaN,NaN,NaN,NaN,
1960091300,05l.1960,DONNA,TY,NN,42.8,288.8,60,969,27,31,27,31,NaN,NaN,NaN,NaN,NaN,NaN,NaN,NaN,NaN,NaN,TS,WN,B,B,NaN,NaN,0.77,NaN,NaN,NaN,
1960091306,05l.1960,DONNA,TY,NN,46.8,291.4,60,NaN,27,38,27,38,NaN,NaN,NaN,NaN,NaN,NaN,NaN,NaN,NaN,NaN,TS,NW,B,B,NaN,NaN,0.95,NaN,NaN,NaN,
1960091312,05l.1960,DONNA,TY,NN,50.0,294.0,60,NaN,26,40,26,40,NaN,NaN,NaN,NaN,NaN,NaN,NaN,NaN,NaN,NaN,TS,NW,B,B,NaN,NaN,0.24,NaN,NaN,NaN,
1960091318,05l.1960,DONNA,TY,NN,53.1,297.5,60,NaN,32,37,32,37,NaN,NaN,NaN,NaN,NaN,NaN,NaN,NaN,NaN,NaN,TS,NW,B,B,NaN,NaN,0.90,NaN,NaN,NaN,
1960091400,05l.1960,DONNA,TY,NN,56.0,301.8,45,NaN,38,38,38,38,NaN,NaN,NaN,NaN,NaN,NaN,NaN,NaN,NaN,NaN,TS,NW,B,B,NaN,NaN,NaN,NaN,NaN,NaN,
1960091406,05l.1960,DONNA,TY,NN,58.5,306.0,40,NaN,41,36,41,36,NaN,NaN,NaN,NaN,NaN,NaN,NaN,NaN,NaN,NaN,TS,NW,B,B,NaN,NaN,NaN,NaN,NaN,NaN,
1960091412,05l.1960,DONNA,TY,NN,61.0,310.0,40,NaN,41,33,41,33,NaN,NaN,NaN,NaN,NaN,NaN,NaN,NaN,NaN,NaN,TS,NW,B,B,NaN,NaN,NaN,NaN,NaN,NaN,
1960091218,l06.1960,9X-L06,TY,NN,22.0,267.0,25,NaN,54,3,54,3,NaN,NaN,NaN,NaN,NaN,NaN,NaN,NaN,NaN,NaN,TD,NW,B,B,NaN,NaN,NaN,NaN,NaN,NaN,
1960091300,l06.1960,9X-L06,TY,NN,22.3,267.3,25,NaN,54,3,54,3,NaN,NaN,NaN,NaN,NaN,NaN,NaN,NaN,NaN,NaN,TD,NW,B,B,NaN,NaN,NaN,NaN,NaN,NaN,
1960091306,l06.1960,9X-L06,TY,NN,22.4,267.6,30,NaN,54,3,54,3,NaN,NaN,NaN,NaN,NaN,NaN,NaN,NaN,NaN,NaN,TD,NW,B,B,NaN,NaN,NaN,NaN,NaN,NaN,
1960091312,06l.1960,ETHEL,TY,NN,22.6,267.9,35,NaN,62,3,62,3,NaN,NaN,NaN,NaN,NaN,NaN,NaN,NaN,NaN,NaN,TS,NW,B,B,NaN,NaN,NaN,NaN,NaN,NaN,
1960091318,06l.1960,ETHEL,TY,NN,22.8,268.1,40,NaN,49,3,49,3,NaN,NaN,NaN,NaN,NaN,NaN,NaN,NaN,NaN,NaN,TS,NW,B,B,NaN,NaN,NaN,NaN,NaN,NaN,
1960091400,06l.1960,ETHEL,TY,NN,23.1,268.3,45,NaN,36,3,36,3,NaN,NaN,NaN,NaN,NaN,NaN,NaN,NaN,NaN,NaN,TS,NW,B,B,NaN,NaN,NaN,NaN,NaN,NaN,
1960091406,06l.1960,ETHEL,TY,NN,23.4,268.7,60,NaN,43,4,43,4,NaN,NaN,NaN,NaN,NaN,NaN,NaN,NaN,NaN,NaN,TS,NW,B,B,NaN,NaN,NaN,NaN,NaN,NaN,
1960091412,06l.1960,ETHEL,TY,NN,23.9,269.2,80,NaN,46,6,46,6,NaN,NaN,NaN,NaN,NaN,NaN,NaN,NaN,NaN,NaN,TY,NW,B,B,NaN,NaN,NaN,NaN,NaN,NaN,
1960091418,06l.1960,ETHEL,TY,NN,25.6,270.0,100,974,28,12,28,12,NaN,NaN,NaN,NaN,NaN,NaN,NaN,NaN,NaN,NaN,TY,NW,B,B,NaN,NaN,NaN,NaN,NaN,NaN,
1960091500,06l.1960,ETHEL,TY,NN,27.1,270.8,100,976,24,18,24,18,NaN,NaN,NaN,NaN,NaN,NaN,NaN,NaN,NaN,NaN,TY,NW,B,B,NaN,NaN,NaN,NaN,NaN,NaN,
1960091506,06l.1960,ETHEL,TY,NN,28.4,271.2,80,981,21,15,21,15,NaN,NaN,NaN,NaN,NaN,NaN,NaN,NaN,NaN,NaN,TY,NW,B,B,NaN,NaN,NaN,NaN,NaN,NaN,
1960091512,06l.1960,ETHEL,TY,NN,29.4,271.3,75,985,11,12,11,12,NaN,NaN,NaN,NaN,NaN,NaN,NaN,NaN,NaN,NaN,TY,NW,B,B,NaN,NaN,NaN,NaN,NaN,NaN,
1960091518,06l.1960,ETHEL,TY,NN,30.1,271.2,70,984,360,8,360,9,NaN,NaN,NaN,NaN,NaN,NaN,NaN,NaN,NaN,NaN,TY,NW,B,B,NaN,NaN,0.20,NaN,NaN,NaN,
1960091600,06l.1960,ETHEL,TY,NN,30.6,270.9,55,NaN,344,6,344,6,NaN,NaN,NaN,NaN,NaN,NaN,NaN,NaN,NaN,NaN,TS,NW,B,B,NaN,NaN,0.65,NaN,NaN,NaN,
1960091606,06l.1960,ETHEL,TY,NN,31.2,271.0,40,NaN,351,6,351,6,NaN,NaN,NaN,NaN,NaN,NaN,NaN,NaN,NaN,NaN,TS,NW,B,B,NaN,NaN,0.99,NaN,NaN,NaN,
1960091612,06l.1960,ETHEL,TY,NN,32.0,271.1,30,1007,7,7,7,7,NaN,NaN,NaN,NaN,NaN,NaN,NaN,NaN,NaN,NaN,TD,NW,B,B,NaN,NaN,1.00,NaN,NaN,NaN,
1960091618,06l.1960,ETHEL,TY,NN,32.9,271.3,25,1010,9,9,9,9,NaN,NaN,NaN,NaN,NaN,NaN,NaN,NaN,NaN,NaN,TD,NW,B,B,NaN,NaN,0.99,NaN,NaN,NaN,
1960091700,06l.1960,ETHEL,TY,NN,33.9,271.6,25,1011,12,10,12,10,NaN,NaN,NaN,NaN,NaN,NaN,NaN,NaN,NaN,NaN,TD,NW,B,B,NaN,NaN,1.00,NaN,NaN,NaN,
1960091706,06l.1960,ETHEL,TY,NN,34.9,272.0,20,1012,16,10,16,10,NaN,NaN,NaN,NaN,NaN,NaN,NaN,NaN,NaN,NaN,NT,NW,B,B,NaN,NaN,0.97,NaN,NaN,NaN,
1960091712,06l.1960,ETHEL,TY,NN,35.9,272.6,20,1013,22,11,22,11,NaN,NaN,NaN,NaN,NaN,NaN,NaN,NaN,NaN,NaN,NT,NW,B,B,NaN,NaN,0.98,NaN,NaN,NaN,
1960091718,06l.1960,ETHEL,TY,NN,36.8,273.4,20,1015,31,11,31,11,NaN,NaN,NaN,NaN,NaN,NaN,NaN,NaN,NaN,NaN,NT,NW,B,B,NaN,NaN,0.99,NaN,NaN,NaN,
1960091706,l07.1960,9X-L07,TS,NN,20.9,296.0,25,NaN,280,9,280,9,NaN,NaN,NaN,NaN,NaN,NaN,NaN,NaN,NaN,NaN,TD,NW,B,B,NaN,NaN,NaN,NaN,NaN,NaN,
1960091712,l07.1960,9X-L07,TS,NN,21.1,295.2,25,NaN,280,9,280,9,NaN,NaN,NaN,NaN,NaN,NaN,NaN,NaN,NaN,NaN,TD,NW,B,B,NaN,NaN,NaN,NaN,NaN,NaN,
1960091718,l07.1960,9X-L07,TS,NN,21.2,294.2,30,NaN,280,9,280,9,NaN,NaN,NaN,NaN,NaN,NaN,NaN,NaN,NaN,NaN,TD,NW,B,B,NaN,NaN,NaN,NaN,NaN,NaN,
1960091800,07l.1960,FLORENCE,TS,NN,21.2,293.2,35,NaN,273,9,273,9,NaN,NaN,NaN,NaN,NaN,NaN,NaN,NaN,NaN,NaN,TS,NW,B,B,NaN,NaN,NaN,NaN,NaN,NaN,
1960091806,07l.1960,FLORENCE,TS,NN,21.0,292.1,40,NaN,264,10,264,10,NaN,NaN,NaN,NaN,NaN,NaN,NaN,NaN,NaN,NaN,TS,NW,B,B,NaN,NaN,NaN,NaN,NaN,NaN,
1960091812,07l.1960,FLORENCE,TS,NN,20.9,291.0,45,1000,262,10,262,10,NaN,NaN,NaN,NaN,NaN,NaN,NaN,NaN,NaN,NaN,TS,NW,B,B,NaN,NaN,NaN,NaN,NaN,NaN,
1960091818,07l.1960,FLORENCE,TS,NN,20.9,289.9,40,1003,267,10,267,10,NaN,NaN,NaN,NaN,NaN,NaN,NaN,NaN,NaN,NaN,TS,NW,B,B,NaN,NaN,NaN,NaN,NaN,NaN,
1960091900,07l.1960,FLORENCE,TS,NN,20.9,288.8,40,1003,270,10,270,10,NaN,NaN,NaN,NaN,NaN,NaN,NaN,NaN,NaN,NaN,TS,NW,B,B,NaN,NaN,NaN,NaN,NaN,NaN,
1960091906,07l.1960,FLORENCE,TS,NN,21.0,287.6,40,1004,273,11,273,11,NaN,NaN,NaN,NaN,NaN,NaN,NaN,NaN,NaN,NaN,TS,NW,B,B,NaN,NaN,NaN,NaN,NaN,NaN,
1960091912,07l.1960,FLORENCE,TS,NN,21.1,286.3,35,1006,275,12,275,12,NaN,NaN,NaN,NaN,NaN,NaN,NaN,NaN,NaN,NaN,TS,NW,B,B,NaN,NaN,0.11,NaN,NaN,NaN,
1960091918,07l.1960,FLORENCE,TS,NN,21.5,285.3,30,NaN,283,11,283,11,NaN,NaN,NaN,NaN,NaN,NaN,NaN,NaN,NaN,NaN,TD,NW,B,B,NaN,NaN,NaN,NaN,NaN,NaN,
1960092000,07l.1960,FLORENCE,TS,NN,22.0,284.4,30,NaN,297,10,297,10,NaN,NaN,NaN,NaN,NaN,NaN,NaN,NaN,NaN,NaN,TD,NW,B,B,NaN,NaN,NaN,NaN,NaN,NaN,
1960092006,07l.1960,FLORENCE,TS,NN,22.6,283.5,25,NaN,303,10,303,10,NaN,NaN,NaN,NaN,NaN,NaN,NaN,NaN,NaN,NaN,TD,NW,B,B,NaN,NaN,NaN,NaN,NaN,NaN,
1960092012,07l.1960,FLORENCE,TS,NN,23.2,282.4,25,NaN,303,11,303,11,NaN,NaN,NaN,NaN,NaN,NaN,NaN,NaN,NaN,NaN,TD,NW,B,B,NaN,NaN,NaN,NaN,NaN,NaN,
1960092018,07l.1960,FLORENCE,TS,NN,23.5,281.4,25,NaN,295,11,295,11,NaN,NaN,NaN,NaN,NaN,NaN,NaN,NaN,NaN,NaN,TD,NW,B,B,NaN,NaN,NaN,NaN,NaN,NaN,
1960092100,07l.1960,FLORENCE,TS,NN,23.7,280.4,25,NaN,285,10,285,10,NaN,NaN,NaN,NaN,NaN,NaN,NaN,NaN,NaN,NaN,TD,NW,B,B,NaN,NaN,NaN,NaN,NaN,NaN,
1960092106,07l.1960,FLORENCE,TS,NN,23.7,279.4,25,NaN,276,9,276,9,NaN,NaN,NaN,NaN,NaN,NaN,NaN,NaN,NaN,NaN,TD,NW,B,B,NaN,NaN,0.06,NaN,NaN,NaN,
1960092112,07l.1960,FLORENCE,TS,NN,23.6,278.4,25,NaN,267,9,267,9,NaN,NaN,NaN,NaN,NaN,NaN,NaN,NaN,NaN,NaN,TD,NW,B,B,NaN,NaN,0.07,NaN,NaN,NaN,
1960092118,07l.1960,FLORENCE,TS,NN,23.4,277.4,25,NaN,261,9,261,9,NaN,NaN,NaN,NaN,NaN,NaN,NaN,NaN,NaN,NaN,TD,NW,B,B,NaN,NaN,0.11,NaN,NaN,NaN,
1960092200,07l.1960,FLORENCE,TS,NN,22.8,276.4,25,NaN,246,10,246,10,NaN,NaN,NaN,NaN,NaN,NaN,NaN,NaN,NaN,NaN,TD,NW,B,B,NaN,NaN,0.36,NaN,NaN,NaN,
1960092206,07l.1960,FLORENCE,TS,NN,22.3,276.0,25,NaN,230,8,230,8,NaN,NaN,NaN,NaN,NaN,NaN,NaN,NaN,NaN,NaN,TD,NW,B,B,NaN,NaN,0.48,NaN,NaN,NaN,
1960092212,07l.1960,FLORENCE,TS,NN,22.0,276.3,25,NaN,187,4,187,4,NaN,NaN,NaN,NaN,NaN,NaN,NaN,NaN,NaN,NaN,TD,NW,B,B,NaN,NaN,0.27,NaN,NaN,NaN,
1960092218,07l.1960,FLORENCE,TS,NN,22.3,276.5,25,NaN,90,2,90,2,NaN,NaN,NaN,NaN,NaN,NaN,NaN,NaN,NaN,NaN,TD,NW,B,B,NaN,NaN,0.61,NaN,NaN,NaN,
1960092300,07l.1960,FLORENCE,TS,NN,23.0,276.8,25,NaN,25,6,25,6,NaN,NaN,NaN,NaN,NaN,NaN,NaN,NaN,NaN,NaN,TD,NW,B,B,NaN,NaN,0.43,NaN,NaN,NaN,
1960092306,07l.1960,FLORENCE,TS,NN,24.0,277.4,25,NaN,26,9,26,9,NaN,NaN,NaN,NaN,NaN,NaN,NaN,NaN,NaN,NaN,TD,NW,B,B,NaN,NaN,NaN,NaN,NaN,NaN,
1960092312,07l.1960,FLORENCE,TS,NN,24.9,278.2,25,1005,34,11,34,11,NaN,NaN,NaN,NaN,NaN,NaN,NaN,NaN,NaN,NaN,TD,NW,B,B,NaN,NaN,0.01,NaN,NaN,NaN,
1960092318,07l.1960,FLORENCE,TS,NN,25.9,278.9,30,NaN,36,12,36,12,NaN,NaN,NaN,NaN,NaN,NaN,NaN,NaN,NaN,NaN,TD,NW,B,B,NaN,NaN,0.91,NaN,NaN,NaN,
1960092400,07l.1960,FLORENCE,TS,NN,26.7,279.5,35,1002,33,11,33,11,NaN,NaN,NaN,NaN,NaN,NaN,NaN,NaN,NaN,NaN,TS,NW,B,B,NaN,NaN,0.83,NaN,NaN,NaN,
1960092406,07l.1960,FLORENCE,TS,NN,27.3,279.7,50,NaN,27,8,27,8,NaN,NaN,NaN,NaN,NaN,NaN,NaN,NaN,NaN,NaN,TS,NW,B,B,NaN,NaN,0.61,NaN,NaN,NaN,
1960092412,07l.1960,FLORENCE,TS,NN,27.5,279.5,50,NaN,360,4,360,4,NaN,NaN,NaN,NaN,NaN,NaN,NaN,NaN,NaN,NaN,TS,NW,B,B,NaN,NaN,0.61,NaN,NaN,NaN,
1960092418,07l.1960,FLORENCE,TS,NN,27.6,279.0,40,NaN,296,3,296,3,NaN,NaN,NaN,NaN,NaN,NaN,NaN,NaN,NaN,NaN,TS,NW,B,B,NaN,NaN,0.91,NaN,NaN,NaN,
1960092500,07l.1960,FLORENCE,TS,NN,27.7,278.2,30,NaN,280,6,280,6,NaN,NaN,NaN,NaN,NaN,NaN,NaN,NaN,NaN,NaN,TD,NW,B,B,NaN,NaN,0.96,NaN,NaN,NaN,
1960092506,07l.1960,FLORENCE,TS,NN,27.8,277.1,25,NaN,277,8,277,8,NaN,NaN,NaN,NaN,NaN,NaN,NaN,NaN,NaN,NaN,TD,NW,B,B,NaN,NaN,0.18,NaN,NaN,NaN,
1960092512,07l.1960,FLORENCE,TS,NN,27.9,276.1,25,NaN,276,9,276,9,NaN,NaN,NaN,NaN,NaN,NaN,NaN,NaN,NaN,NaN,TD,NW,B,B,NaN,NaN,NaN,NaN,NaN,NaN,
1960092518,07l.1960,FLORENCE,TS,NN,28.3,275.2,25,NaN,287,9,287,9,NaN,NaN,NaN,NaN,NaN,NaN,NaN,NaN,NaN,NaN,TD,NW,B,B,NaN,NaN,NaN,NaN,NaN,NaN,
1960092600,07l.1960,FLORENCE,TS,NN,28.9,274.4,25,NaN,304,9,304,9,NaN,NaN,NaN,NaN,NaN,NaN,NaN,NaN,NaN,NaN,TD,NW,B,B,NaN,NaN,NaN,NaN,NaN,NaN,
1960092606,07l.1960,FLORENCE,TS,NN,29.5,273.6,20,NaN,311,9,311,9,NaN,NaN,NaN,NaN,NaN,NaN,NaN,NaN,NaN,NaN,NT,NW,B,B,NaN,NaN,NaN,NaN,NaN,NaN,
1960092612,07l.1960,FLORENCE,TS,NN,30.1,272.9,20,NaN,313,9,313,9,NaN,NaN,NaN,NaN,NaN,NaN,NaN,NaN,NaN,NaN,NT,NW,B,B,NaN,NaN,0.08,NaN,NaN,NaN,
1960092618,07l.1960,FLORENCE,TS,NN,30.8,272.3,20,NaN,319,9,319,9,NaN,NaN,NaN,NaN,NaN,NaN,NaN,NaN,NaN,NaN,NT,NW,B,B,NaN,NaN,0.94,NaN,NaN,NaN,
1960090100,l08.1960,9X-L08,TS,NN,23.0,311.0,30,NaN,318,17,318,17,NaN,NaN,NaN,NaN,NaN,NaN,NaN,NaN,NaN,NaN,TD,NW,B,B,NaN,NaN,NaN,NaN,NaN,NaN,
1960090106,08l.1960,UNNAMED,TS,NN,24.0,309.7,35,NaN,318,17,318,17,NaN,NaN,NaN,NaN,NaN,NaN,NaN,NaN,NaN,NaN,TS,NW,B,B,NaN,NaN,NaN,NaN,NaN,NaN,
1960090112,08l.1960,UNNAMED,TS,NN,25.5,308.5,40,NaN,318,17,318,17,NaN,NaN,NaN,NaN,NaN,NaN,NaN,NaN,NaN,NaN,TS,NW,B,B,NaN,NaN,NaN,NaN,NaN,NaN,
1960090118,08l.1960,UNNAMED,TS,NN,27.0,307.5,40,NaN,327,18,327,18,NaN,NaN,NaN,NaN,NaN,NaN,NaN,NaN,NaN,NaN,TS,NW,B,B,NaN,NaN,NaN,NaN,NaN,NaN,
1960090200,08l.1960,UNNAMED,TS,NN,28.5,307.2,35,NaN,339,16,339,16,NaN,NaN,NaN,NaN,NaN,NaN,NaN,NaN,NaN,NaN,TS,NW,B,B,NaN,NaN,NaN,NaN,NaN,NaN,
1960090206,08l.1960,UNNAMED,TS,NN,29.8,307.2,35,NaN,355,14,355,14,NaN,NaN,NaN,NaN,NaN,NaN,NaN,NaN,NaN,NaN,TS,NW,B,B,NaN,NaN,NaN,NaN,NaN,NaN,
1960090212,08l.1960,UNNAMED,TS,NN,31.1,307.2,30,NaN,360,13,360,13,NaN,NaN,NaN,NaN,NaN,NaN,NaN,NaN,NaN,NaN,TD,NW,B,B,NaN,NaN,NaN,NaN,NaN,NaN,
1960090218,08l.1960,UNNAMED,TS,NN,32.3,307.2,30,NaN,360,13,360,12,NaN,NaN,NaN,NaN,NaN,NaN,NaN,NaN,NaN,NaN,TD,NW,B,B,NaN,NaN,NaN,NaN,NaN,NaN,
1960090300,08l.1960,UNNAMED,TS,NN,33.5,307.5,25,NaN,6,12,6,12,NaN,NaN,NaN,NaN,NaN,NaN,NaN,NaN,NaN,NaN,TD,NW,B,B,NaN,NaN,NaN,NaN,NaN,NaN,
1960060900,01e.1960,ANNETTE,TS,NN,13.7,264.6,45,NaN,270,7,270,7,NaN,NaN,NaN,NaN,NaN,NaN,NaN,NaN,NaN,NaN,TS,NW,B,B,NaN,NaN,NaN,NaN,NaN,NaN,
1960060906,01e.1960,ANNETTE,TS,NN,13.7,263.9,45,NaN,270,7,270,7,NaN,NaN,NaN,NaN,NaN,NaN,NaN,NaN,NaN,NaN,TS,NW,B,B,NaN,NaN,NaN,NaN,NaN,NaN,
1960060912,01e.1960,ANNETTE,TS,NN,13.7,263.1,45,NaN,270,7,270,7,NaN,NaN,NaN,NaN,NaN,NaN,NaN,NaN,NaN,NaN,TS,NW,B,B,NaN,NaN,NaN,NaN,NaN,NaN,
1960060918,01e.1960,ANNETTE,TS,NN,13.8,262.1,45,NaN,273,9,273,9,NaN,NaN,NaN,NaN,NaN,NaN,NaN,NaN,NaN,NaN,TS,NW,B,B,NaN,NaN,NaN,NaN,NaN,NaN,
1960061000,01e.1960,ANNETTE,TS,NN,14.0,261.2,45,NaN,279,9,279,9,NaN,NaN,NaN,NaN,NaN,NaN,NaN,NaN,NaN,NaN,TS,NW,B,B,NaN,NaN,NaN,NaN,NaN,NaN,
1960061006,01e.1960,ANNETTE,TS,NN,14.3,260.0,45,NaN,284,10,284,10,NaN,NaN,NaN,NaN,NaN,NaN,NaN,NaN,NaN,NaN,TS,NW,B,B,NaN,NaN,NaN,NaN,NaN,NaN,
1960061012,01e.1960,ANNETTE,TS,NN,14.7,258.8,45,NaN,287,12,287,12,NaN,NaN,NaN,NaN,NaN,NaN,NaN,NaN,NaN,NaN,TS,NW,B,B,NaN,NaN,NaN,NaN,NaN,NaN,
1960061018,01e.1960,ANNETTE,TS,NN,15.2,257.6,45,NaN,291,12,291,12,NaN,NaN,NaN,NaN,NaN,NaN,NaN,NaN,NaN,NaN,TS,NW,B,B,NaN,NaN,NaN,NaN,NaN,NaN,
1960061100,01e.1960,ANNETTE,TS,NN,15.6,256.4,45,NaN,291,12,291,12,NaN,NaN,NaN,NaN,NaN,NaN,NaN,NaN,NaN,NaN,TS,NW,B,B,NaN,NaN,NaN,NaN,NaN,NaN,
1960061106,01e.1960,ANNETTE,TS,NN,15.8,255.4,45,NaN,286,11,286,11,NaN,NaN,NaN,NaN,NaN,NaN,NaN,NaN,NaN,NaN,TS,NW,B,B,NaN,NaN,NaN,NaN,NaN,NaN,
1960061112,01e.1960,ANNETTE,TS,NN,16.0,254.4,45,NaN,282,10,282,10,NaN,NaN,NaN,NaN,NaN,NaN,NaN,NaN,NaN,NaN,TS,NW,B,B,NaN,NaN,NaN,NaN,NaN,NaN,
1960061118,01e.1960,ANNETTE,TS,NN,16.1,253.5,45,NaN,279,9,279,9,NaN,NaN,NaN,NaN,NaN,NaN,NaN,NaN,NaN,NaN,TS,NW,B,B,NaN,NaN,NaN,NaN,NaN,NaN,
1960061200,01e.1960,ANNETTE,TS,NN,16.2,252.5,45,NaN,276,9,276,9,NaN,NaN,NaN,NaN,NaN,NaN,NaN,NaN,NaN,NaN,TS,NW,B,B,NaN,NaN,NaN,NaN,NaN,NaN,
1960061206,01e.1960,ANNETTE,TS,NN,16.3,251.4,45,NaN,276,10,276,10,NaN,NaN,NaN,NaN,NaN,NaN,NaN,NaN,NaN,NaN,TS,NW,B,B,NaN,NaN,NaN,NaN,NaN,NaN,
1960061212,01e.1960,ANNETTE,TS,NN,16.4,250.2,45,NaN,275,11,275,11,NaN,NaN,NaN,NaN,NaN,NaN,NaN,NaN,NaN,NaN,TS,NW,B,B,NaN,NaN,NaN,NaN,NaN,NaN,
1960062200,02e.1960,BONNY,TS,NN,13.9,257.4,45,NaN,302,7,302,7,NaN,NaN,NaN,NaN,NaN,NaN,NaN,NaN,NaN,NaN,TS,NW,B,B,NaN,NaN,NaN,NaN,NaN,NaN,
1960062206,02e.1960,BONNY,TS,NN,14.3,256.8,45,NaN,302,7,302,7,NaN,NaN,NaN,NaN,NaN,NaN,NaN,NaN,NaN,NaN,TS,NW,B,B,NaN,NaN,NaN,NaN,NaN,NaN,
1960062212,02e.1960,BONNY,TS,NN,14.7,256.1,45,NaN,302,7,302,7,NaN,NaN,NaN,NaN,NaN,NaN,NaN,NaN,NaN,NaN,TS,NW,B,B,NaN,NaN,NaN,NaN,NaN,NaN,
1960062218,02e.1960,BONNY,TS,NN,15.0,255.4,45,NaN,297,8,297,8,NaN,NaN,NaN,NaN,NaN,NaN,NaN,NaN,NaN,NaN,TS,NW,B,B,NaN,NaN,NaN,NaN,NaN,NaN,
1960062300,02e.1960,BONNY,TS,NN,15.4,254.8,45,NaN,299,7,299,7,NaN,NaN,NaN,NaN,NaN,NaN,NaN,NaN,NaN,NaN,TS,NW,B,B,NaN,NaN,NaN,NaN,NaN,NaN,
1960062306,02e.1960,BONNY,TS,NN,16.0,254.2,45,NaN,311,8,311,8,NaN,NaN,NaN,NaN,NaN,NaN,NaN,NaN,NaN,NaN,TS,NW,B,B,NaN,NaN,NaN,NaN,NaN,NaN,
1960062312,02e.1960,BONNY,TS,NN,16.8,253.7,45,NaN,323,9,323,9,NaN,NaN,NaN,NaN,NaN,NaN,NaN,NaN,NaN,NaN,TS,NW,B,B,NaN,NaN,NaN,NaN,NaN,NaN,
1960062318,02e.1960,BONNY,TS,NN,17.4,253.3,45,NaN,328,8,328,8,NaN,NaN,NaN,NaN,NaN,NaN,NaN,NaN,NaN,NaN,TS,NW,B,B,NaN,NaN,NaN,NaN,NaN,NaN,
1960062400,02e.1960,BONNY,TS,NN,18.0,253.0,45,NaN,331,7,331,7,NaN,NaN,NaN,NaN,NaN,NaN,NaN,NaN,NaN,NaN,TS,NW,B,B,NaN,NaN,NaN,NaN,NaN,NaN,
1960062406,02e.1960,BONNY,TS,NN,18.7,253.0,45,NaN,348,7,348,7,NaN,NaN,NaN,NaN,NaN,NaN,NaN,NaN,NaN,NaN,TS,NW,B,B,NaN,NaN,NaN,NaN,NaN,NaN,
1960062412,02e.1960,BONNY,TS,NN,19.4,253.0,45,NaN,360,7,360,7,NaN,NaN,NaN,NaN,NaN,NaN,NaN,NaN,NaN,NaN,TS,NW,B,B,NaN,NaN,NaN,NaN,NaN,NaN,
1960062418,02e.1960,BONNY,TS,NN,19.8,252.8,45,NaN,350,6,350,6,NaN,NaN,NaN,NaN,NaN,NaN,NaN,NaN,NaN,NaN,TS,NW,B,B,NaN,NaN,NaN,NaN,NaN,NaN,
1960062500,02e.1960,BONNY,TS,NN,20.2,252.5,45,NaN,330,5,330,5,NaN,NaN,NaN,NaN,NaN,NaN,NaN,NaN,NaN,NaN,TS,NW,B,B,NaN,NaN,NaN,NaN,NaN,NaN,
1960062506,02e.1960,BONNY,TS,NN,20.5,252.2,45,NaN,321,4,321,4,NaN,NaN,NaN,NaN,NaN,NaN,NaN,NaN,NaN,NaN,TS,NW,B,B,NaN,NaN,NaN,NaN,NaN,NaN,
1960062512,02e.1960,BONNY,TS,NN,20.7,251.8,45,NaN,307,4,307,4,NaN,NaN,NaN,NaN,NaN,NaN,NaN,NaN,NaN,NaN,TS,NW,B,B,NaN,NaN,NaN,NaN,NaN,NaN,
1960062518,02e.1960,BONNY,TS,NN,20.8,251.1,45,NaN,286,5,286,5,NaN,NaN,NaN,NaN,NaN,NaN,NaN,NaN,NaN,NaN,TS,NW,B,B,NaN,NaN,NaN,NaN,NaN,NaN,
1960062600,02e.1960,BONNY,TS,NN,20.8,250.3,45,NaN,274,7,274,7,NaN,NaN,NaN,NaN,NaN,NaN,NaN,NaN,NaN,NaN,TS,NW,B,B,NaN,NaN,NaN,NaN,NaN,NaN,
1960072000,03e.1960,CELESTE,TY,NN,15.9,256.7,75,NaN,294,8,294,8,NaN,NaN,NaN,NaN,NaN,NaN,NaN,NaN,NaN,NaN,TY,NW,B,B,NaN,NaN,NaN,NaN,NaN,NaN,
1960072006,03e.1960,CELESTE,TY,NN,16.2,255.9,75,NaN,294,8,294,8,NaN,NaN,NaN,NaN,NaN,NaN,NaN,NaN,NaN,NaN,TY,NW,B,B,NaN,NaN,NaN,NaN,NaN,NaN,
1960072012,03e.1960,CELESTE,TY,NN,16.6,255.1,75,NaN,294,8,294,8,NaN,NaN,NaN,NaN,NaN,NaN,NaN,NaN,NaN,NaN,TY,NW,B,B,NaN,NaN,NaN,NaN,NaN,NaN,
1960072018,03e.1960,CELESTE,TY,NN,17.1,254.5,75,NaN,304,8,304,8,NaN,NaN,NaN,NaN,NaN,NaN,NaN,NaN,NaN,NaN,TY,NW,B,B,NaN,NaN,NaN,NaN,NaN,NaN,
1960072100,03e.1960,CELESTE,TY,NN,17.6,253.8,75,NaN,309,8,309,8,NaN,NaN,NaN,NaN,NaN,NaN,NaN,NaN,NaN,NaN,TY,NW,B,B,NaN,NaN,NaN,NaN,NaN,NaN,
1960072106,03e.1960,CELESTE,TY,NN,18.6,252.1,75,NaN,303,14,303,14,NaN,NaN,NaN,NaN,NaN,NaN,NaN,NaN,NaN,NaN,TY,NW,B,B,NaN,NaN,NaN,NaN,NaN,NaN,
1960072112,03e.1960,CELESTE,TY,NN,19.5,250.4,75,NaN,301,19,301,19,NaN,NaN,NaN,NaN,NaN,NaN,NaN,NaN,NaN,NaN,TY,NW,B,B,NaN,NaN,NaN,NaN,NaN,NaN,
1960072118,03e.1960,CELESTE,TY,NN,20.2,249.2,75,NaN,300,16,300,16,NaN,NaN,NaN,NaN,NaN,NaN,NaN,NaN,NaN,NaN,TY,NW,B,B,NaN,NaN,NaN,NaN,NaN,NaN,
1960072200,03e.1960,CELESTE,TY,NN,20.9,247.9,75,NaN,301,14,301,14,NaN,NaN,NaN,NaN,NaN,NaN,NaN,NaN,NaN,NaN,TY,NW,B,B,NaN,NaN,NaN,NaN,NaN,NaN,
1960072206,03e.1960,CELESTE,TY,NN,21.4,246.7,75,NaN,297,13,297,13,NaN,NaN,NaN,NaN,NaN,NaN,NaN,NaN,NaN,NaN,TY,NW,B,B,NaN,NaN,NaN,NaN,NaN,NaN,
1960072212,03e.1960,CELESTE,TY,NN,21.8,245.4,50,NaN,291,12,291,12,NaN,NaN,NaN,NaN,NaN,NaN,NaN,NaN,NaN,NaN,TS,NW,B,B,NaN,NaN,NaN,NaN,NaN,NaN,
1960072218,03e.1960,CELESTE,TY,NN,22.2,244.0,50,NaN,288,13,288,13,NaN,NaN,NaN,NaN,NaN,NaN,NaN,NaN,NaN,NaN,TS,NW,B,B,NaN,NaN,NaN,NaN,NaN,NaN,
1960081700,04e.1960,DIANA,TY,NN,15.0,260.3,75,NaN,287,12,287,12,NaN,NaN,NaN,NaN,NaN,NaN,NaN,NaN,NaN,NaN,TY,NW,B,B,NaN,NaN,NaN,NaN,NaN,NaN,
1960081706,04e.1960,DIANA,TY,NN,15.3,259.1,75,NaN,287,12,287,12,NaN,NaN,NaN,NaN,NaN,NaN,NaN,NaN,NaN,NaN,TY,NW,B,B,NaN,NaN,NaN,NaN,NaN,NaN,
1960081712,04e.1960,DIANA,TY,NN,15.7,257.9,75,NaN,287,12,287,12,NaN,NaN,NaN,NaN,NaN,NaN,NaN,NaN,NaN,NaN,TY,NW,B,B,NaN,NaN,NaN,NaN,NaN,NaN,
1960081718,04e.1960,DIANA,TY,NN,16.2,256.8,75,NaN,292,12,292,12,NaN,NaN,NaN,NaN,NaN,NaN,NaN,NaN,NaN,NaN,TY,NW,B,B,NaN,NaN,NaN,NaN,NaN,NaN,
1960081800,04e.1960,DIANA,TY,NN,16.9,255.7,75,NaN,300,12,300,12,NaN,NaN,NaN,NaN,NaN,NaN,NaN,NaN,NaN,NaN,TY,NW,B,B,NaN,NaN,NaN,NaN,NaN,NaN,
1960081806,04e.1960,DIANA,TY,NN,17.9,254.5,75,NaN,308,14,308,14,NaN,NaN,NaN,NaN,NaN,NaN,NaN,NaN,NaN,NaN,TY,NW,B,B,NaN,NaN,NaN,NaN,NaN,NaN,
1960081812,04e.1960,DIANA,TY,NN,19.0,253.4,75,NaN,314,15,314,15,NaN,NaN,NaN,NaN,NaN,NaN,NaN,NaN,NaN,NaN,TY,NW,B,B,NaN,NaN,NaN,NaN,NaN,NaN,
1960081818,04e.1960,DIANA,TY,NN,20.2,252.5,50,987,321,15,321,15,NaN,NaN,NaN,NaN,NaN,NaN,NaN,NaN,NaN,NaN,TS,NW,B,B,NaN,NaN,NaN,NaN,NaN,NaN,
1960081900,04e.1960,DIANA,TY,NN,21.5,251.8,75,NaN,329,15,329,15,NaN,NaN,NaN,NaN,NaN,NaN,NaN,NaN,NaN,NaN,TY,NW,B,B,NaN,NaN,NaN,NaN,NaN,NaN,
1960081906,04e.1960,DIANA,TY,NN,23.1,251.1,75,NaN,336,16,336,16,NaN,NaN,NaN,NaN,NaN,NaN,NaN,NaN,NaN,NaN,TY,NW,B,B,NaN,NaN,0.02,NaN,NaN,NaN,
1960081912,04e.1960,DIANA,TY,NN,24.7,250.4,75,NaN,338,17,338,17,NaN,NaN,NaN,NaN,NaN,NaN,NaN,NaN,NaN,NaN,TY,NW,B,B,NaN,NaN,0.02,NaN,NaN,NaN,
1960081918,04e.1960,DIANA,TY,NN,25.9,249.8,75,NaN,337,15,337,15,NaN,NaN,NaN,NaN,NaN,NaN,NaN,NaN,NaN,NaN,TY,NW,B,B,NaN,NaN,NaN,NaN,NaN,NaN,
1960082000,04e.1960,DIANA,TY,NN,26.9,249.2,75,NaN,334,12,334,12,NaN,NaN,NaN,NaN,NaN,NaN,NaN,NaN,NaN,NaN,TY,NW,B,B,NaN,NaN,0.01,NaN,NaN,NaN,
1960082006,04e.1960,DIANA,TY,NN,27.8,248.4,75,NaN,327,11,327,11,NaN,NaN,NaN,NaN,NaN,NaN,NaN,NaN,NaN,NaN,TY,NW,B,B,NaN,NaN,0.21,NaN,NaN,NaN,
1960082012,04e.1960,DIANA,TY,NN,28.7,247.3,75,NaN,317,12,317,12,NaN,NaN,NaN,NaN,NaN,NaN,NaN,NaN,NaN,NaN,TY,NW,B,B,NaN,NaN,0.16,NaN,NaN,NaN,
1960082900,05e.1960,ESTELLE,TY,NN,11.9,268.8,75,NaN,313,13,313,13,NaN,NaN,NaN,NaN,NaN,NaN,NaN,NaN,NaN,NaN,TY,NW,B,B,NaN,NaN,NaN,NaN,NaN,NaN,
1960082906,05e.1960,ESTELLE,TY,NN,12.8,267.9,75,NaN,313,13,313,13,NaN,NaN,NaN,NaN,NaN,NaN,NaN,NaN,NaN,NaN,TY,NW,B,B,NaN,NaN,NaN,NaN,NaN,NaN,
1960082912,05e.1960,ESTELLE,TY,NN,13.6,266.9,75,NaN,313,13,313,13,NaN,NaN,NaN,NaN,NaN,NaN,NaN,NaN,NaN,NaN,TY,NW,B,B,NaN,NaN,NaN,NaN,NaN,NaN,
1960082918,05e.1960,ESTELLE,TY,NN,14.2,266.0,75,NaN,307,12,307,12,NaN,NaN,NaN,NaN,NaN,NaN,NaN,NaN,NaN,NaN,TY,NW,B,B,NaN,NaN,NaN,NaN,NaN,NaN,
1960083000,05e.1960,ESTELLE,TY,NN,14.5,265.1,75,NaN,297,10,297,10,NaN,NaN,NaN,NaN,NaN,NaN,NaN,NaN,NaN,NaN,TY,NW,B,B,NaN,NaN,NaN,NaN,NaN,NaN,
1960083006,05e.1960,ESTELLE,TY,NN,14.6,263.9,75,NaN,281,10,281,10,NaN,NaN,NaN,NaN,NaN,NaN,NaN,NaN,NaN,NaN,TY,NW,B,B,NaN,NaN,NaN,NaN,NaN,NaN,
1960083012,05e.1960,ESTELLE,TY,NN,14.8,262.8,75,NaN,278,11,278,11,NaN,NaN,NaN,NaN,NaN,NaN,NaN,NaN,NaN,NaN,TY,NW,B,B,NaN,NaN,NaN,NaN,NaN,NaN,
1960083018,05e.1960,ESTELLE,TY,NN,15.0,262.1,75,NaN,283,9,283,9,NaN,NaN,NaN,NaN,NaN,NaN,NaN,NaN,NaN,NaN,TY,NW,B,B,NaN,NaN,NaN,NaN,NaN,NaN,
1960083100,05e.1960,ESTELLE,TY,NN,15.2,261.3,75,NaN,285,8,285,8,NaN,NaN,NaN,NaN,NaN,NaN,NaN,NaN,NaN,NaN,TY,NW,B,B,NaN,NaN,NaN,NaN,NaN,NaN,
1960083106,05e.1960,ESTELLE,TY,NN,15.7,259.7,75,NaN,287,12,287,12,NaN,NaN,NaN,NaN,NaN,NaN,NaN,NaN,NaN,NaN,TY,NW,B,B,NaN,NaN,NaN,NaN,NaN,NaN,
1960083112,05e.1960,ESTELLE,TY,NN,16.1,258.2,75,NaN,287,16,287,16,NaN,NaN,NaN,NaN,NaN,NaN,NaN,NaN,NaN,NaN,TY,NW,B,B,NaN,NaN,NaN,NaN,NaN,NaN,
1960083118,05e.1960,ESTELLE,TY,NN,16.2,257.1,75,NaN,281,13,281,13,NaN,NaN,NaN,NaN,NaN,NaN,NaN,NaN,NaN,NaN,TY,NW,B,B,NaN,NaN,NaN,NaN,NaN,NaN,
1960090100,05e.1960,ESTELLE,TY,NN,16.1,256.0,75,NaN,270,11,270,11,NaN,NaN,NaN,NaN,NaN,NaN,NaN,NaN,NaN,NaN,TY,NW,B,B,NaN,NaN,NaN,NaN,NaN,NaN,
1960090106,05e.1960,ESTELLE,TY,NN,16.1,254.9,75,NaN,267,11,267,11,NaN,NaN,NaN,NaN,NaN,NaN,NaN,NaN,NaN,NaN,TY,NW,B,B,NaN,NaN,NaN,NaN,NaN,NaN,
1960090112,05e.1960,ESTELLE,TY,NN,16.2,253.8,75,NaN,273,11,273,11,NaN,NaN,NaN,NaN,NaN,NaN,NaN,NaN,NaN,NaN,TY,NW,B,B,NaN,NaN,NaN,NaN,NaN,NaN,
1960090118,05e.1960,ESTELLE,TY,NN,16.4,252.8,75,NaN,278,10,278,10,NaN,NaN,NaN,NaN,NaN,NaN,NaN,NaN,NaN,NaN,TY,NW,B,B,NaN,NaN,NaN,NaN,NaN,NaN,
1960090200,05e.1960,ESTELLE,TY,NN,16.9,251.9,75,NaN,291,10,291,10,NaN,NaN,NaN,NaN,NaN,NaN,NaN,NaN,NaN,NaN,TY,NW,B,B,NaN,NaN,NaN,NaN,NaN,NaN,
1960090206,05e.1960,ESTELLE,TY,NN,17.5,251.1,75,NaN,304,10,304,10,NaN,NaN,NaN,NaN,NaN,NaN,NaN,NaN,NaN,NaN,TY,NW,B,B,NaN,NaN,NaN,NaN,NaN,NaN,
1960090212,05e.1960,ESTELLE,TY,NN,18.1,250.5,75,NaN,312,9,312,9,NaN,NaN,NaN,NaN,NaN,NaN,NaN,NaN,NaN,NaN,TY,NW,B,B,NaN,NaN,NaN,NaN,NaN,NaN,
1960090218,05e.1960,ESTELLE,TY,NN,18.8,250.0,75,NaN,321,8,321,8,NaN,NaN,NaN,NaN,NaN,NaN,NaN,NaN,NaN,NaN,TY,NW,B,B,NaN,NaN,NaN,NaN,NaN,NaN,
1960090300,05e.1960,ESTELLE,TY,NN,19.1,249.4,75,NaN,314,7,314,7,NaN,NaN,NaN,NaN,NaN,NaN,NaN,NaN,NaN,NaN,TY,NW,B,B,NaN,NaN,NaN,NaN,NaN,NaN,
1960090306,05e.1960,ESTELLE,TY,NN,19.1,248.7,75,NaN,284,6,284,6,NaN,NaN,NaN,NaN,NaN,NaN,NaN,NaN,NaN,NaN,TY,NW,B,B,NaN,NaN,NaN,NaN,NaN,NaN,
1960090312,05e.1960,ESTELLE,TY,NN,19.0,248.0,75,NaN,266,7,266,7,NaN,NaN,NaN,NaN,NaN,NaN,NaN,NaN,NaN,NaN,TY,NW,B,B,NaN,NaN,NaN,NaN,NaN,NaN,
1960090318,05e.1960,ESTELLE,TY,NN,18.9,247.3,75,NaN,261,7,261,7,NaN,NaN,NaN,NaN,NaN,NaN,NaN,NaN,NaN,NaN,TY,NW,B,B,NaN,NaN,NaN,NaN,NaN,NaN,
1960090400,05e.1960,ESTELLE,TY,NN,18.9,246.6,75,NaN,266,7,266,7,NaN,NaN,NaN,NaN,NaN,NaN,NaN,NaN,NaN,NaN,TY,NW,B,B,NaN,NaN,NaN,NaN,NaN,NaN,
1960090406,05e.1960,ESTELLE,TY,NN,18.7,245.8,75,NaN,262,7,262,7,NaN,NaN,NaN,NaN,NaN,NaN,NaN,NaN,NaN,NaN,TY,NW,B,B,NaN,NaN,NaN,NaN,NaN,NaN,
1960090412,05e.1960,ESTELLE,TY,NN,18.4,245.0,75,NaN,252,8,252,8,NaN,NaN,NaN,NaN,NaN,NaN,NaN,NaN,NaN,NaN,TY,NW,B,B,NaN,NaN,NaN,NaN,NaN,NaN,
1960090418,05e.1960,ESTELLE,TY,NN,18.2,244.5,75,NaN,248,7,248,7,NaN,NaN,NaN,NaN,NaN,NaN,NaN,NaN,NaN,NaN,TY,NW,B,B,NaN,NaN,NaN,NaN,NaN,NaN,
1960090500,05e.1960,ESTELLE,TY,NN,18.2,243.9,75,NaN,259,5,259,5,NaN,NaN,NaN,NaN,NaN,NaN,NaN,NaN,NaN,NaN,TY,NW,B,B,NaN,NaN,NaN,NaN,NaN,NaN,
1960090506,05e.1960,ESTELLE,TY,NN,18.5,243.4,75,NaN,286,5,286,5,NaN,NaN,NaN,NaN,NaN,NaN,NaN,NaN,NaN,NaN,TY,NW,B,B,NaN,NaN,NaN,NaN,NaN,NaN,
1960090512,05e.1960,ESTELLE,TY,NN,18.8,243.0,75,NaN,305,5,305,5,NaN,NaN,NaN,NaN,NaN,NaN,NaN,NaN,NaN,NaN,TY,NW,B,B,NaN,NaN,NaN,NaN,NaN,NaN,
1960090518,05e.1960,ESTELLE,TY,NN,19.1,242.6,75,NaN,308,5,308,5,NaN,NaN,NaN,NaN,NaN,NaN,NaN,NaN,NaN,NaN,TY,NW,B,B,NaN,NaN,NaN,NaN,NaN,NaN,
1960090600,05e.1960,ESTELLE,TY,NN,19.4,242.4,75,NaN,317,4,317,4,NaN,NaN,NaN,NaN,NaN,NaN,NaN,NaN,NaN,NaN,TY,NW,B,B,NaN,NaN,NaN,NaN,NaN,NaN,
1960090606,05e.1960,ESTELLE,TY,NN,20.1,242.2,75,NaN,339,5,339,5,NaN,NaN,NaN,NaN,NaN,NaN,NaN,NaN,NaN,NaN,TY,NW,B,B,NaN,NaN,NaN,NaN,NaN,NaN,
1960090612,05e.1960,ESTELLE,TY,NN,20.8,242.2,75,NaN,352,7,352,7,NaN,NaN,NaN,NaN,NaN,NaN,NaN,NaN,NaN,NaN,TY,NW,B,B,NaN,NaN,NaN,NaN,NaN,NaN,
1960090618,05e.1960,ESTELLE,TY,NN,21.4,242.2,75,NaN,360,7,360,6,NaN,NaN,NaN,NaN,NaN,NaN,NaN,NaN,NaN,NaN,TY,NW,B,B,NaN,NaN,NaN,NaN,NaN,NaN,
1960090700,05e.1960,ESTELLE,TY,NN,22.0,242.1,75,NaN,356,6,356,6,NaN,NaN,NaN,NaN,NaN,NaN,NaN,NaN,NaN,NaN,TY,NW,B,B,NaN,NaN,NaN,NaN,NaN,NaN,
1960090706,05e.1960,ESTELLE,TY,NN,22.6,242.1,75,NaN,356,6,356,6,NaN,NaN,NaN,NaN,NaN,NaN,NaN,NaN,NaN,NaN,TY,NW,B,B,NaN,NaN,NaN,NaN,NaN,NaN,
1960090712,05e.1960,ESTELLE,TY,NN,23.2,242.0,75,NaN,356,6,356,6,NaN,NaN,NaN,NaN,NaN,NaN,NaN,NaN,NaN,NaN,TY,NW,B,B,NaN,NaN,NaN,NaN,NaN,NaN,
1960090718,05e.1960,ESTELLE,TY,NN,23.7,241.9,75,NaN,351,6,351,6,NaN,NaN,NaN,NaN,NaN,NaN,NaN,NaN,NaN,NaN,TY,NW,B,B,NaN,NaN,NaN,NaN,NaN,NaN,
1960090800,05e.1960,ESTELLE,TY,NN,24.1,241.7,75,NaN,343,5,343,5,NaN,NaN,NaN,NaN,NaN,NaN,NaN,NaN,NaN,NaN,TY,NW,B,B,NaN,NaN,NaN,NaN,NaN,NaN,
1960090806,05e.1960,ESTELLE,TY,NN,24.8,241.4,75,NaN,337,6,337,6,NaN,NaN,NaN,NaN,NaN,NaN,NaN,NaN,NaN,NaN,TY,NW,B,B,NaN,NaN,NaN,NaN,NaN,NaN,
1960090812,05e.1960,ESTELLE,TY,NN,25.5,241.1,75,NaN,339,8,339,8,NaN,NaN,NaN,NaN,NaN,NaN,NaN,NaN,NaN,NaN,TY,NW,B,B,NaN,NaN,NaN,NaN,NaN,NaN,
1960090818,05e.1960,ESTELLE,TY,NN,26.0,240.6,75,NaN,329,7,329,7,NaN,NaN,NaN,NaN,NaN,NaN,NaN,NaN,NaN,NaN,TY,NW,B,B,NaN,NaN,NaN,NaN,NaN,NaN,
1960090900,05e.1960,ESTELLE,TY,NN,26.5,240.0,75,NaN,315,7,315,7,NaN,NaN,NaN,NaN,NaN,NaN,NaN,NaN,NaN,NaN,TY,NW,B,B,NaN,NaN,NaN,NaN,NaN,NaN,
1960090906,05e.1960,ESTELLE,TY,NN,27.0,239.2,75,NaN,309,8,309,8,NaN,NaN,NaN,NaN,NaN,NaN,NaN,NaN,NaN,NaN,TY,NW,B,B,NaN,NaN,NaN,NaN,NaN,NaN,
1960090912,05e.1960,ESTELLE,TY,NN,27.5,238.2,75,NaN,302,9,302,9,NaN,NaN,NaN,NaN,NaN,NaN,NaN,NaN,NaN,NaN,TY,NW,B,B,NaN,NaN,NaN,NaN,NaN,NaN,
1960090300,06e.1960,FERNANDA,TY,NN,12.0,268.0,75,NaN,284,13,284,13,NaN,NaN,NaN,NaN,NaN,NaN,NaN,NaN,NaN,NaN,TY,NW,B,B,NaN,NaN,NaN,NaN,NaN,NaN,
1960090306,06e.1960,FERNANDA,TY,NN,12.3,266.7,75,NaN,284,13,284,13,NaN,NaN,NaN,NaN,NaN,NaN,NaN,NaN,NaN,NaN,TY,NW,B,B,NaN,NaN,NaN,NaN,NaN,NaN,
1960090312,06e.1960,FERNANDA,TY,NN,12.6,265.5,75,NaN,284,13,284,13,NaN,NaN,NaN,NaN,NaN,NaN,NaN,NaN,NaN,NaN,TY,NW,B,B,NaN,NaN,NaN,NaN,NaN,NaN,
1960090318,06e.1960,FERNANDA,TY,NN,12.8,264.4,75,NaN,283,12,283,12,NaN,NaN,NaN,NaN,NaN,NaN,NaN,NaN,NaN,NaN,TY,NW,B,B,NaN,NaN,NaN,NaN,NaN,NaN,
1960090400,06e.1960,FERNANDA,TY,NN,13.0,263.3,75,NaN,281,11,281,11,NaN,NaN,NaN,NaN,NaN,NaN,NaN,NaN,NaN,NaN,TY,NW,B,B,NaN,NaN,NaN,NaN,NaN,NaN,
1960090406,06e.1960,FERNANDA,TY,NN,13.4,262.2,75,NaN,286,11,286,11,NaN,NaN,NaN,NaN,NaN,NaN,NaN,NaN,NaN,NaN,TY,NW,B,B,NaN,NaN,NaN,NaN,NaN,NaN,
1960090412,06e.1960,FERNANDA,TY,NN,13.8,261.1,75,NaN,290,11,290,11,NaN,NaN,NaN,NaN,NaN,NaN,NaN,NaN,NaN,NaN,TY,NW,B,B,NaN,NaN,NaN,NaN,NaN,NaN,
1960090418,06e.1960,FERNANDA,TY,NN,13.9,260.0,75,NaN,283,11,283,11,NaN,NaN,NaN,NaN,NaN,NaN,NaN,NaN,NaN,NaN,TY,NW,B,B,NaN,NaN,NaN,NaN,NaN,NaN,
1960090500,06e.1960,FERNANDA,TY,NN,14.1,258.8,75,NaN,278,11,278,11,NaN,NaN,NaN,NaN,NaN,NaN,NaN,NaN,NaN,NaN,TY,NW,B,B,NaN,NaN,NaN,NaN,NaN,NaN,
1960090506,06e.1960,FERNANDA,TY,NN,15.2,257.8,75,NaN,301,12,301,12,NaN,NaN,NaN,NaN,NaN,NaN,NaN,NaN,NaN,NaN,TY,NW,B,B,NaN,NaN,NaN,NaN,NaN,NaN,
1960090512,06e.1960,FERNANDA,TY,NN,16.4,257.1,75,NaN,325,14,325,14,NaN,NaN,NaN,NaN,NaN,NaN,NaN,NaN,NaN,NaN,TY,NW,B,B,NaN,NaN,NaN,NaN,NaN,NaN,
1960090518,06e.1960,FERNANDA,TY,NN,16.9,256.6,75,NaN,326,10,326,10,NaN,NaN,NaN,NaN,NaN,NaN,NaN,NaN,NaN,NaN,TY,NW,B,B,NaN,NaN,NaN,NaN,NaN,NaN,
1960090600,06e.1960,FERNANDA,TY,NN,17.2,256.0,75,NaN,307,7,307,7,NaN,NaN,NaN,NaN,NaN,NaN,NaN,NaN,NaN,NaN,TY,NW,B,B,NaN,NaN,NaN,NaN,NaN,NaN,
1960090606,06e.1960,FERNANDA,TY,NN,17.1,255.5,75,NaN,281,5,281,5,NaN,NaN,NaN,NaN,NaN,NaN,NaN,NaN,NaN,NaN,TY,NW,B,B,NaN,NaN,NaN,NaN,NaN,NaN,
1960090612,06e.1960,FERNANDA,TY,NN,17.1,255.1,75,NaN,263,4,263,4,NaN,NaN,NaN,NaN,NaN,NaN,NaN,NaN,NaN,NaN,TY,NW,B,B,NaN,NaN,NaN,NaN,NaN,NaN,
1960090618,06e.1960,FERNANDA,TY,NN,17.3,254.6,75,NaN,283,4,283,4,NaN,NaN,NaN,NaN,NaN,NaN,NaN,NaN,NaN,NaN,TY,NW,B,B,NaN,NaN,NaN,NaN,NaN,NaN,
1960090700,06e.1960,FERNANDA,TY,NN,17.5,254.0,75,NaN,291,6,291,6,NaN,NaN,NaN,NaN,NaN,NaN,NaN,NaN,NaN,NaN,TY,NW,B,B,NaN,NaN,NaN,NaN,NaN,NaN,
1960090706,06e.1960,FERNANDA,TY,NN,17.6,253.5,75,NaN,286,5,286,5,NaN,NaN,NaN,NaN,NaN,NaN,NaN,NaN,NaN,NaN,TY,NW,B,B,NaN,NaN,NaN,NaN,NaN,NaN,
1960090712,06e.1960,FERNANDA,TY,NN,17.8,252.9,75,NaN,286,5,286,5,NaN,NaN,NaN,NaN,NaN,NaN,NaN,NaN,NaN,NaN,TY,NW,B,B,NaN,NaN,NaN,NaN,NaN,NaN,
1960090718,06e.1960,FERNANDA,TY,NN,18.0,252.4,75,NaN,291,6,291,6,NaN,NaN,NaN,NaN,NaN,NaN,NaN,NaN,NaN,NaN,TY,NW,B,B,NaN,NaN,NaN,NaN,NaN,NaN,
1960090800,06e.1960,FERNANDA,TY,NN,18.3,251.9,75,NaN,298,5,298,5,NaN,NaN,NaN,NaN,NaN,NaN,NaN,NaN,NaN,NaN,TY,NW,B,B,NaN,NaN,NaN,NaN,NaN,NaN,
1960090806,06e.1960,FERNANDA,TY,NN,18.6,251.3,75,NaN,300,6,300,6,NaN,NaN,NaN,NaN,NaN,NaN,NaN,NaN,NaN,NaN,TY,NW,B,B,NaN,NaN,NaN,NaN,NaN,NaN,
1960090812,06e.1960,FERNANDA,TY,NN,18.8,250.7,75,NaN,294,6,294,6,NaN,NaN,NaN,NaN,NaN,NaN,NaN,NaN,NaN,NaN,TY,NW,B,B,NaN,NaN,NaN,NaN,NaN,NaN,
1960102112,07e.1960,HYACINTH,TY,NN,18.3,254.8,75,NaN,317,10,317,10,NaN,NaN,NaN,NaN,NaN,NaN,NaN,NaN,NaN,NaN,TY,NW,B,B,NaN,NaN,NaN,NaN,NaN,NaN,
1960102118,07e.1960,HYACINTH,TY,NN,18.9,254.0,75,NaN,317,10,317,10,NaN,NaN,NaN,NaN,NaN,NaN,NaN,NaN,NaN,NaN,TY,NW,B,B,NaN,NaN,NaN,NaN,NaN,NaN,
1960102200,07e.1960,HYACINTH,TY,NN,19.7,253.4,75,NaN,317,10,317,10,NaN,NaN,NaN,NaN,NaN,NaN,NaN,NaN,NaN,NaN,TY,NW,B,B,NaN,NaN,NaN,NaN,NaN,NaN,
1960102206,07e.1960,HYACINTH,TY,NN,20.9,252.9,75,NaN,333,11,333,11,NaN,NaN,NaN,NaN,NaN,NaN,NaN,NaN,NaN,NaN,TY,NW,B,B,NaN,NaN,NaN,NaN,NaN,NaN,
1960102212,07e.1960,HYACINTH,TY,NN,21.9,252.7,75,NaN,343,11,343,11,NaN,NaN,NaN,NaN,NaN,NaN,NaN,NaN,NaN,NaN,TY,NW,B,B,NaN,NaN,NaN,NaN,NaN,NaN,
1960102218,07e.1960,HYACINTH,TY,NN,22.4,252.7,75,NaN,353,8,353,8,NaN,NaN,NaN,NaN,NaN,NaN,NaN,NaN,NaN,NaN,TY,NW,B,B,NaN,NaN,NaN,NaN,NaN,NaN,
1960102300,07e.1960,HYACINTH,TY,NN,22.8,252.8,75,NaN,6,5,6,5,NaN,NaN,NaN,NaN,NaN,NaN,NaN,NaN,NaN,NaN,TY,NW,B,B,NaN,NaN,0.01,NaN,NaN,NaN,
1960102306,07e.1960,HYACINTH,TY,NN,23.1,252.9,45,NaN,15,4,15,4,NaN,NaN,NaN,NaN,NaN,NaN,NaN,NaN,NaN,NaN,TS,NW,B,B,NaN,NaN,0.01,NaN,NaN,NaN,
1960102312,07e.1960,HYACINTH,TY,NN,23.4,253.0,25,NaN,17,3,17,3,NaN,NaN,NaN,NaN,NaN,NaN,NaN,NaN,NaN,NaN,TD,NW,B,B,NaN,NaN,0.18,NaN,NaN,NaN,
1960052618,01b.1960,TC01B,TD,NN,19.7,88.6,NaN,NaN,351,3,351,3,NaN,NaN,NaN,NaN,NaN,NaN,NaN,NaN,NaN,NaN,NT,NW,B,B,NaN,NaN,NaN,NaN,NaN,NaN,
1960052700,01b.1960,TC01B,TD,NN,19.9,88.5,NaN,NaN,351,3,351,3,NaN,NaN,NaN,NaN,NaN,NaN,NaN,NaN,NaN,NaN,NT,NW,B,B,NaN,NaN,NaN,NaN,NaN,NaN,
1960052706,01b.1960,TC01B,TD,NN,20.3,88.5,NaN,NaN,351,3,351,3,NaN,NaN,NaN,NaN,NaN,NaN,NaN,NaN,NaN,NaN,NT,NW,B,B,NaN,NaN,NaN,NaN,NaN,NaN,
1960052712,01b.1960,TC01B,TD,NN,20.9,88.4,NaN,NaN,355,5,355,5,NaN,NaN,NaN,NaN,NaN,NaN,NaN,NaN,NaN,NaN,NT,NW,B,B,NaN,NaN,NaN,NaN,NaN,NaN,
1960052718,01b.1960,TC01B,TD,NN,21.6,88.4,NaN,NaN,356,7,356,7,NaN,NaN,NaN,NaN,NaN,NaN,NaN,NaN,NaN,NaN,NT,NW,B,B,NaN,NaN,0.23,NaN,NaN,NaN,
1960052800,01b.1960,TC01B,TD,NN,22.5,88.5,NaN,NaN,3,8,3,8,NaN,NaN,NaN,NaN,NaN,NaN,NaN,NaN,NaN,NaN,NT,NW,B,B,NaN,NaN,0.91,NaN,NaN,NaN,
1960052806,01b.1960,TC01B,TD,NN,23.0,88.5,NaN,NaN,4,7,4,7,NaN,NaN,NaN,NaN,NaN,NaN,NaN,NaN,NaN,NaN,NT,NW,B,B,NaN,NaN,0.96,NaN,NaN,NaN,
1960052812,01b.1960,TC01B,TD,NN,23.5,88.6,NaN,NaN,5,5,5,5,NaN,NaN,NaN,NaN,NaN,NaN,NaN,NaN,NaN,NaN,NT,NW,B,B,NaN,NaN,0.96,NaN,NaN,NaN,
1960052818,01b.1960,TC01B,TD,NN,24.0,88.7,NaN,NaN,10,5,10,5,NaN,NaN,NaN,NaN,NaN,NaN,NaN,NaN,NaN,NaN,NT,NW,B,B,NaN,NaN,0.97,NaN,NaN,NaN,
1960052900,01b.1960,TC01B,TD,NN,24.5,88.9,NaN,NaN,15,5,15,5,NaN,NaN,NaN,NaN,NaN,NaN,NaN,NaN,NaN,NaN,NT,NW,B,B,NaN,NaN,0.97,NaN,NaN,NaN,
1960051018,02a.1960,TC02A,TD,NN,8.9,69.9,NaN,NaN,315,4,315,4,NaN,NaN,NaN,NaN,NaN,NaN,NaN,NaN,NaN,NaN,NT,NW,B,B,NaN,NaN,NaN,NaN,NaN,NaN,
1960051100,02a.1960,TC02A,TD,NN,9.1,69.7,NaN,NaN,315,4,315,4,NaN,NaN,NaN,NaN,NaN,NaN,NaN,NaN,NaN,NaN,NT,NW,B,B,NaN,NaN,NaN,NaN,NaN,NaN,
1960051106,02a.1960,TC02A,TD,NN,9.5,69.3,NaN,NaN,315,4,315,4,NaN,NaN,NaN,NaN,NaN,NaN,NaN,NaN,NaN,NaN,NT,NW,B,B,NaN,NaN,NaN,NaN,NaN,NaN,
1960051112,02a.1960,TC02A,TD,NN,10.1,68.7,NaN,NaN,315,7,315,7,NaN,NaN,NaN,NaN,NaN,NaN,NaN,NaN,NaN,NaN,NT,NW,B,B,NaN,NaN,NaN,NaN,NaN,NaN,
1960051118,02a.1960,TC02A,TD,NN,10.5,68.3,NaN,NaN,315,7,315,7,NaN,NaN,NaN,NaN,NaN,NaN,NaN,NaN,NaN,NaN,NT,NW,B,B,NaN,NaN,NaN,NaN,NaN,NaN,
1960051200,02a.1960,TC02A,TD,NN,11.0,67.8,NaN,NaN,315,6,315,6,NaN,NaN,NaN,NaN,NaN,NaN,NaN,NaN,NaN,NaN,NT,NW,B,B,NaN,NaN,NaN,NaN,NaN,NaN,
1960051206,02a.1960,TC02A,TD,NN,11.4,67.4,NaN,NaN,316,6,316,6,NaN,NaN,NaN,NaN,NaN,NaN,NaN,NaN,NaN,NaN,NT,NW,B,B,NaN,NaN,NaN,NaN,NaN,NaN,
1960051212,02a.1960,TC02A,TD,NN,11.9,67.0,NaN,NaN,319,6,319,6,NaN,NaN,NaN,NaN,NaN,NaN,NaN,NaN,NaN,NaN,NT,NW,B,B,NaN,NaN,NaN,NaN,NaN,NaN,
1960051218,02a.1960,TC02A,TD,NN,12.3,66.6,NaN,NaN,319,6,319,6,NaN,NaN,NaN,NaN,NaN,NaN,NaN,NaN,NaN,NaN,NT,NW,B,B,NaN,NaN,NaN,NaN,NaN,NaN,
1960051300,02a.1960,TC02A,TD,NN,12.6,66.2,NaN,NaN,312,5,312,5,NaN,NaN,NaN,NaN,NaN,NaN,NaN,NaN,NaN,NaN,NT,NW,B,B,NaN,NaN,NaN,NaN,NaN,NaN,
1960051306,02a.1960,TC02A,TD,NN,13.0,65.8,NaN,NaN,312,5,312,5,NaN,NaN,NaN,NaN,NaN,NaN,NaN,NaN,NaN,NaN,NT,NW,B,B,NaN,NaN,NaN,NaN,NaN,NaN,
1960051312,02a.1960,TC02A,TD,NN,13.6,65.3,NaN,NaN,319,7,319,7,NaN,NaN,NaN,NaN,NaN,NaN,NaN,NaN,NaN,NaN,NT,NW,B,B,NaN,NaN,NaN,NaN,NaN,NaN,
1960051318,02a.1960,TC02A,TD,NN,14.0,64.8,NaN,NaN,316,7,316,7,NaN,NaN,NaN,NaN,NaN,NaN,NaN,NaN,NaN,NaN,NT,NW,B,B,NaN,NaN,NaN,NaN,NaN,NaN,
1960051400,02a.1960,TC02A,TD,NN,14.4,64.3,NaN,NaN,310,6,310,6,NaN,NaN,NaN,NaN,NaN,NaN,NaN,NaN,NaN,NaN,NT,NW,B,B,NaN,NaN,NaN,NaN,NaN,NaN,
1960051406,02a.1960,TC02A,TD,NN,14.6,63.8,NaN,NaN,302,6,302,6,NaN,NaN,NaN,NaN,NaN,NaN,NaN,NaN,NaN,NaN,NT,NW,B,B,NaN,NaN,NaN,NaN,NaN,NaN,
1960051412,02a.1960,TC02A,TD,NN,14.8,63.4,NaN,NaN,295,5,295,5,NaN,NaN,NaN,NaN,NaN,NaN,NaN,NaN,NaN,NaN,NT,NW,B,B,NaN,NaN,NaN,NaN,NaN,NaN,
1960051418,02a.1960,TC02A,TD,NN,14.8,63.0,NaN,NaN,284,4,284,4,NaN,NaN,NaN,NaN,NaN,NaN,NaN,NaN,NaN,NaN,NT,NW,B,B,NaN,NaN,NaN,NaN,NaN,NaN,
1960051500,02a.1960,TC02A,TD,NN,14.8,62.7,NaN,NaN,270,3,270,3,NaN,NaN,NaN,NaN,NaN,NaN,NaN,NaN,NaN,NaN,NT,NW,B,B,NaN,NaN,NaN,NaN,NaN,NaN,
1960051506,02a.1960,TC02A,TD,NN,14.8,62.3,NaN,NaN,270,3,270,3,NaN,NaN,NaN,NaN,NaN,NaN,NaN,NaN,NaN,NaN,NT,NW,B,B,NaN,NaN,NaN,NaN,NaN,NaN,
1960051512,02a.1960,TC02A,TD,NN,14.7,61.9,NaN,NaN,263,4,263,4,NaN,NaN,NaN,NaN,NaN,NaN,NaN,NaN,NaN,NaN,NT,NW,B,B,NaN,NaN,NaN,NaN,NaN,NaN,
1960051518,02a.1960,TC02A,TD,NN,14.7,61.5,NaN,NaN,263,4,263,4,NaN,NaN,NaN,NaN,NaN,NaN,NaN,NaN,NaN,NaN,NT,NW,B,B,NaN,NaN,NaN,NaN,NaN,NaN,
1960051600,02a.1960,TC02A,TD,NN,14.6,61.2,NaN,NaN,262,3,262,3,NaN,NaN,NaN,NaN,NaN,NaN,NaN,NaN,NaN,NaN,NT,NW,B,B,NaN,NaN,NaN,NaN,NaN,NaN,
1960051606,02a.1960,TC02A,TD,NN,14.5,60.8,NaN,NaN,254,4,254,4,NaN,NaN,NaN,NaN,NaN,NaN,NaN,NaN,NaN,NaN,NT,NW,B,B,NaN,NaN,NaN,NaN,NaN,NaN,
1960051612,02a.1960,TC02A,TD,NN,14.4,60.4,NaN,NaN,256,4,256,4,NaN,NaN,NaN,NaN,NaN,NaN,NaN,NaN,NaN,NaN,NT,NW,B,B,NaN,NaN,NaN,NaN,NaN,NaN,
1960051618,02a.1960,TC02A,TD,NN,14.3,60.0,NaN,NaN,256,4,256,4,NaN,NaN,NaN,NaN,NaN,NaN,NaN,NaN,NaN,NaN,NT,NW,B,B,NaN,NaN,NaN,NaN,NaN,NaN,
1960051700,02a.1960,TC02A,TD,NN,14.3,59.7,NaN,NaN,262,3,262,3,NaN,NaN,NaN,NaN,NaN,NaN,NaN,NaN,NaN,NaN,NT,NW,B,B,NaN,NaN,NaN,NaN,NaN,NaN,
1960051706,02a.1960,TC02A,TD,NN,14.4,59.1,NaN,NaN,277,4,277,4,NaN,NaN,NaN,NaN,NaN,NaN,NaN,NaN,NaN,NaN,NT,NW,B,B,NaN,NaN,NaN,NaN,NaN,NaN,
1960051712,02a.1960,TC02A,TD,NN,14.5,58.1,NaN,NaN,277,8,277,8,NaN,NaN,NaN,NaN,NaN,NaN,NaN,NaN,NaN,NaN,NT,NW,B,B,NaN,NaN,NaN,NaN,NaN,NaN,
1960051718,02a.1960,TC02A,TD,NN,14.7,57.2,NaN,NaN,279,9,279,9,NaN,NaN,NaN,NaN,NaN,NaN,NaN,NaN,NaN,NaN,NT,NW,B,B,NaN,NaN,NaN,NaN,NaN,NaN,
1960051800,02a.1960,TC02A,TD,NN,14.8,56.4,NaN,NaN,280,8,280,8,NaN,NaN,NaN,NaN,NaN,NaN,NaN,NaN,NaN,NaN,NT,NW,B,B,NaN,NaN,NaN,NaN,NaN,NaN,
1960062918,03b.1960,TC03B,TD,NN,19.9,88.9,NaN,NaN,270,1,270,1,NaN,NaN,NaN,NaN,NaN,NaN,NaN,NaN,NaN,NaN,NT,NW,B,B,NaN,NaN,NaN,NaN,NaN,NaN,
1960063000,03b.1960,TC03B,TD,NN,19.9,88.6,NaN,NaN,270,1,270,1,NaN,NaN,NaN,NaN,NaN,NaN,NaN,NaN,NaN,NaN,NT,NW,B,B,NaN,NaN,NaN,NaN,NaN,NaN,
1960063006,03b.1960,TC03B,TD,NN,19.9,88.6,NaN,NaN,270,1,270,1,NaN,NaN,NaN,NaN,NaN,NaN,NaN,NaN,NaN,NaN,NT,NW,B,B,NaN,NaN,NaN,NaN,NaN,NaN,
1960063012,03b.1960,TC03B,TD,NN,19.9,88.6,NaN,NaN,360,0,360,0,NaN,NaN,NaN,NaN,NaN,NaN,NaN,NaN,NaN,NaN,NT,NW,B,B,NaN,NaN,NaN,NaN,NaN,NaN,
1960063018,03b.1960,TC03B,TD,NN,19.9,88.6,NaN,NaN,360,0,360,0,NaN,NaN,NaN,NaN,NaN,NaN,NaN,NaN,NaN,NaN,NT,NW,B,B,NaN,NaN,NaN,NaN,NaN,NaN,
1960070100,03b.1960,TC03B,TD,NN,19.9,88.7,NaN,NaN,90,0,90,0,NaN,NaN,NaN,NaN,NaN,NaN,NaN,NaN,NaN,NaN,NT,NW,B,B,NaN,NaN,NaN,NaN,NaN,NaN,
1960070106,03b.1960,TC03B,TD,NN,19.9,88.4,NaN,NaN,270,1,270,1,NaN,NaN,NaN,NaN,NaN,NaN,NaN,NaN,NaN,NaN,NT,NW,B,B,NaN,NaN,NaN,NaN,NaN,NaN,
1960070112,03b.1960,TC03B,TD,NN,20.0,87.9,NaN,NaN,278,4,278,4,NaN,NaN,NaN,NaN,NaN,NaN,NaN,NaN,NaN,NaN,NT,NW,B,B,NaN,NaN,NaN,NaN,NaN,NaN,
1960070118,03b.1960,TC03B,TD,NN,20.0,87.4,NaN,NaN,276,5,276,5,NaN,NaN,NaN,NaN,NaN,NaN,NaN,NaN,NaN,NaN,NT,NW,B,B,NaN,NaN,NaN,NaN,NaN,NaN,
1960070200,03b.1960,TC03B,TD,NN,20.1,86.9,NaN,NaN,276,5,276,5,NaN,NaN,NaN,NaN,NaN,NaN,NaN,NaN,NaN,NaN,NT,NW,B,B,NaN,NaN,0.06,NaN,NaN,NaN,
1960070206,03b.1960,TC03B,TD,NN,20.4,86.1,NaN,NaN,288,6,288,6,NaN,NaN,NaN,NaN,NaN,NaN,NaN,NaN,NaN,NaN,NT,NW,B,B,NaN,NaN,0.96,NaN,NaN,NaN,
1960070212,03b.1960,TC03B,TD,NN,21.1,84.9,NaN,NaN,298,11,298,11,NaN,NaN,NaN,NaN,NaN,NaN,NaN,NaN,NaN,NaN,NT,NW,B,B,NaN,NaN,0.99,NaN,NaN,NaN,
1960070218,03b.1960,TC03B,TD,NN,21.8,83.7,NaN,NaN,302,13,302,13,NaN,NaN,NaN,NaN,NaN,NaN,NaN,NaN,NaN,NaN,NT,NW,B,B,NaN,NaN,0.99,NaN,NaN,NaN,
1960070300,03b.1960,TC03B,TD,NN,22.5,82.6,NaN,NaN,303,13,303,13,NaN,NaN,NaN,NaN,NaN,NaN,NaN,NaN,NaN,NaN,NT,NW,B,B,NaN,NaN,0.99,NaN,NaN,NaN,
1960070218,04a.1960,TC04A,TD,NN,20.7,70.1,NaN,NaN,270,3,270,3,NaN,NaN,NaN,NaN,NaN,NaN,NaN,NaN,NaN,NaN,NT,NW,B,B,NaN,NaN,0.03,NaN,NaN,NaN,
1960070300,04a.1960,TC04A,TD,NN,20.7,69.9,NaN,NaN,270,3,270,3,NaN,NaN,NaN,NaN,NaN,NaN,NaN,NaN,NaN,NaN,NT,NW,B,B,NaN,NaN,0.03,NaN,NaN,NaN,
1960070306,04a.1960,TC04A,TD,NN,20.7,69.5,NaN,NaN,270,3,270,3,NaN,NaN,NaN,NaN,NaN,NaN,NaN,NaN,NaN,NaN,NT,NW,B,B,NaN,NaN,NaN,NaN,NaN,NaN,
1960070312,04a.1960,TC04A,TD,NN,20.8,69.1,NaN,NaN,278,4,278,4,NaN,NaN,NaN,NaN,NaN,NaN,NaN,NaN,NaN,NaN,NT,NW,B,B,NaN,NaN,NaN,NaN,NaN,NaN,
1960070318,04a.1960,TC04A,TD,NN,21.0,68.8,NaN,NaN,295,4,295,4,NaN,NaN,NaN,NaN,NaN,NaN,NaN,NaN,NaN,NaN,NT,NW,B,B,NaN,NaN,NaN,NaN,NaN,NaN,
1960070400,04a.1960,TC04A,TD,NN,21.2,68.6,NaN,NaN,311,3,311,3,NaN,NaN,NaN,NaN,NaN,NaN,NaN,NaN,NaN,NaN,NT,NW,B,B,NaN,NaN,NaN,NaN,NaN,NaN,
1960080818,05b.1960,TC05B,TD,NN,20.9,89.1,NaN,NaN,288,6,288,6,NaN,NaN,NaN,NaN,NaN,NaN,NaN,NaN,NaN,NaN,NT,NW,B,B,NaN,NaN,NaN,NaN,NaN,NaN,
1960080900,05b.1960,TC05B,TD,NN,20.8,88.9,NaN,NaN,288,6,288,6,NaN,NaN,NaN,NaN,NaN,NaN,NaN,NaN,NaN,NaN,NT,NW,B,B,NaN,NaN,NaN,NaN,NaN,NaN,
1960080906,05b.1960,TC05B,TD,NN,21.3,87.8,NaN,NaN,288,6,288,6,NaN,NaN,NaN,NaN,NaN,NaN,NaN,NaN,NaN,NaN,NT,NW,B,B,NaN,NaN,0.25,NaN,NaN,NaN,
1960080912,05b.1960,TC05B,TD,NN,21.9,86.4,NaN,NaN,295,13,295,13,NaN,NaN,NaN,NaN,NaN,NaN,NaN,NaN,NaN,NaN,NT,NW,B,B,NaN,NaN,0.99,NaN,NaN,NaN,
1960080918,05b.1960,TC05B,TD,NN,22.5,85.1,NaN,NaN,296,14,296,14,NaN,NaN,NaN,NaN,NaN,NaN,NaN,NaN,NaN,NaN,NT,NW,B,B,NaN,NaN,0.99,NaN,NaN,NaN,
1960081000,05b.1960,TC05B,TD,NN,23.2,84.0,NaN,NaN,300,13,300,13,NaN,NaN,NaN,NaN,NaN,NaN,NaN,NaN,NaN,NaN,NT,NW,B,B,NaN,NaN,0.99,NaN,NaN,NaN,
1960082318,06b.1960,TC06B,TD,NN,19.9,89.7,NaN,NaN,335,6,335,6,NaN,NaN,NaN,NaN,NaN,NaN,NaN,NaN,NaN,NaN,NT,NW,B,B,NaN,NaN,NaN,NaN,NaN,NaN,
1960082400,06b.1960,TC06B,TD,NN,20.1,89.7,NaN,NaN,335,6,335,6,NaN,NaN,NaN,NaN,NaN,NaN,NaN,NaN,NaN,NaN,NT,NW,B,B,NaN,NaN,NaN,NaN,NaN,NaN,
1960082406,06b.1960,TC06B,TD,NN,20.9,89.2,NaN,NaN,335,6,335,6,NaN,NaN,NaN,NaN,NaN,NaN,NaN,NaN,NaN,NaN,NT,NW,B,B,NaN,NaN,NaN,NaN,NaN,NaN,
1960082412,06b.1960,TC06B,TD,NN,22.1,88.5,NaN,NaN,331,11,331,11,NaN,NaN,NaN,NaN,NaN,NaN,NaN,NaN,NaN,NaN,NT,NW,B,B,NaN,NaN,0.67,NaN,NaN,NaN,
1960082418,06b.1960,TC06B,TD,NN,23.0,87.5,NaN,NaN,323,13,323,13,NaN,NaN,NaN,NaN,NaN,NaN,NaN,NaN,NaN,NaN,NT,NW,B,B,NaN,NaN,0.98,NaN,NaN,NaN,
1960082500,06b.1960,TC06B,TD,NN,23.6,86.5,NaN,NaN,309,12,309,12,NaN,NaN,NaN,NaN,NaN,NaN,NaN,NaN,NaN,NaN,NT,NW,B,B,NaN,NaN,0.98,NaN,NaN,NaN,
1960082506,06b.1960,TC06B,TD,NN,24.1,85.5,NaN,NaN,301,11,301,11,NaN,NaN,NaN,NaN,NaN,NaN,NaN,NaN,NaN,NaN,NT,NW,B,B,NaN,NaN,0.99,NaN,NaN,NaN,
1960082512,06b.1960,TC06B,TD,NN,24.6,84.5,NaN,NaN,299,10,299,10,NaN,NaN,NaN,NaN,NaN,NaN,NaN,NaN,NaN,NaN,NT,NW,B,B,NaN,NaN,0.99,NaN,NaN,NaN,
1960082518,06b.1960,TC06B,TD,NN,25.0,83.5,NaN,NaN,296,10,296,10,NaN,NaN,NaN,NaN,NaN,NaN,NaN,NaN,NaN,NaN,NT,NW,B,B,NaN,NaN,0.97,NaN,NaN,NaN,
1960082600,06b.1960,TC06B,TD,NN,25.4,82.4,NaN,NaN,293,10,293,10,NaN,NaN,NaN,NaN,NaN,NaN,NaN,NaN,NaN,NaN,NT,NW,B,B,NaN,NaN,0.97,NaN,NaN,NaN,
1960082606,06b.1960,TC06B,TD,NN,25.8,81.4,NaN,NaN,293,10,293,10,NaN,NaN,NaN,NaN,NaN,NaN,NaN,NaN,NaN,NaN,NT,NW,B,B,NaN,NaN,0.98,NaN,NaN,NaN,
1960082612,06b.1960,TC06B,TD,NN,26.2,80.7,NaN,NaN,298,9,298,9,NaN,NaN,NaN,NaN,NaN,NaN,NaN,NaN,NaN,NaN,NT,NW,B,B,NaN,NaN,0.98,NaN,NaN,NaN,
1960082618,06b.1960,TC06B,TD,NN,26.5,80.2,NaN,NaN,303,6,303,6,NaN,NaN,NaN,NaN,NaN,NaN,NaN,NaN,NaN,NaN,NT,NW,B,B,NaN,NaN,0.99,NaN,NaN,NaN,
1960082700,06b.1960,TC06B,TD,NN,26.8,80.1,NaN,NaN,318,4,318,4,NaN,NaN,NaN,NaN,NaN,NaN,NaN,NaN,NaN,NaN,NT,NW,B,B,NaN,NaN,0.97,NaN,NaN,NaN,
1960082706,06b.1960,TC06B,TD,NN,27.0,79.4,NaN,NaN,305,4,305,4,NaN,NaN,NaN,NaN,NaN,NaN,NaN,NaN,NaN,NaN,NT,NW,B,B,NaN,NaN,0.98,NaN,NaN,NaN,
1960082712,06b.1960,TC06B,TD,NN,27.3,78.1,NaN,NaN,286,9,286,9,NaN,NaN,NaN,NaN,NaN,NaN,NaN,NaN,NaN,NaN,NT,NW,B,B,NaN,NaN,1.00,NaN,NaN,NaN,
1960082718,06b.1960,TC06B,TD,NN,27.5,77.2,NaN,NaN,284,10,284,10,NaN,NaN,NaN,NaN,NaN,NaN,NaN,NaN,NaN,NaN,NT,NW,B,B,NaN,NaN,0.99,NaN,NaN,NaN,
1960082800,06b.1960,TC06B,TD,NN,27.8,76.6,NaN,NaN,291,7,291,7,NaN,NaN,NaN,NaN,NaN,NaN,NaN,NaN,NaN,NaN,NT,NW,B,B,NaN,NaN,1.00,NaN,NaN,NaN,
1960081218,07b.1960,TC07B,TD,NN,19.4,90.0,NaN,NaN,321,4,321,4,NaN,NaN,NaN,NaN,NaN,NaN,NaN,NaN,NaN,NaN,NT,NW,B,B,NaN,NaN,NaN,NaN,NaN,NaN,
1960081300,07b.1960,TC07B,TD,NN,19.7,89.7,NaN,NaN,321,4,321,4,NaN,NaN,NaN,NaN,NaN,NaN,NaN,NaN,NaN,NaN,NT,NW,B,B,NaN,NaN,NaN,NaN,NaN,NaN,
1960081306,07b.1960,TC07B,TD,NN,20.1,89.4,NaN,NaN,321,4,321,4,NaN,NaN,NaN,NaN,NaN,NaN,NaN,NaN,NaN,NaN,NT,NW,B,B,NaN,NaN,NaN,NaN,NaN,NaN,
1960081312,07b.1960,TC07B,TD,NN,20.4,89.1,NaN,NaN,321,4,321,4,NaN,NaN,NaN,NaN,NaN,NaN,NaN,NaN,NaN,NaN,NT,NW,B,B,NaN,NaN,NaN,NaN,NaN,NaN,
1960081318,07b.1960,TC07B,TD,NN,20.8,88.8,NaN,NaN,321,4,321,4,NaN,NaN,NaN,NaN,NaN,NaN,NaN,NaN,NaN,NaN,NT,NW,B,B,NaN,NaN,NaN,NaN,NaN,NaN,
1960081400,07b.1960,TC07B,TD,NN,21.2,88.7,NaN,NaN,335,4,335,4,NaN,NaN,NaN,NaN,NaN,NaN,NaN,NaN,NaN,NaN,NT,NW,B,B,NaN,NaN,NaN,NaN,NaN,NaN,
1960081406,07b.1960,TC07B,TD,NN,21.6,88.3,NaN,NaN,330,5,330,5,NaN,NaN,NaN,NaN,NaN,NaN,NaN,NaN,NaN,NaN,NT,NW,B,B,NaN,NaN,0.23,NaN,NaN,NaN,
1960081412,07b.1960,TC07B,TD,NN,21.7,87.8,NaN,NaN,301,5,301,5,NaN,NaN,NaN,NaN,NaN,NaN,NaN,NaN,NaN,NaN,NT,NW,B,B,NaN,NaN,0.25,NaN,NaN,NaN,
1960081418,07b.1960,TC07B,TD,NN,21.8,87.3,NaN,NaN,282,5,282,5,NaN,NaN,NaN,NaN,NaN,NaN,NaN,NaN,NaN,NaN,NT,NW,B,B,NaN,NaN,0.84,NaN,NaN,NaN,
1960081500,07b.1960,TC07B,TD,NN,21.9,86.8,NaN,NaN,282,5,282,5,NaN,NaN,NaN,NaN,NaN,NaN,NaN,NaN,NaN,NaN,NT,NW,B,B,NaN,NaN,0.95,NaN,NaN,NaN,
1960081506,07b.1960,TC07B,TD,NN,21.9,86.2,NaN,NaN,276,5,276,5,NaN,NaN,NaN,NaN,NaN,NaN,NaN,NaN,NaN,NaN,NT,NW,B,B,NaN,NaN,0.99,NaN,NaN,NaN,
1960081512,07b.1960,TC07B,TD,NN,21.9,85.7,NaN,NaN,270,5,270,5,NaN,NaN,NaN,NaN,NaN,NaN,NaN,NaN,NaN,NaN,NT,NW,B,B,NaN,NaN,0.99,NaN,NaN,NaN,
1960081518,07b.1960,TC07B,TD,NN,21.9,85.3,NaN,NaN,270,4,270,4,NaN,NaN,NaN,NaN,NaN,NaN,NaN,NaN,NaN,NaN,NT,NW,B,B,NaN,NaN,0.99,NaN,NaN,NaN,
1960081600,07b.1960,TC07B,TD,NN,22.0,85.1,NaN,NaN,280,3,280,3,NaN,NaN,NaN,NaN,NaN,NaN,NaN,NaN,NaN,NaN,NT,NW,B,B,NaN,NaN,0.99,NaN,NaN,NaN,
1960081606,07b.1960,TC07B,TD,NN,22.2,84.9,NaN,NaN,309,2,309,2,NaN,NaN,NaN,NaN,NaN,NaN,NaN,NaN,NaN,NaN,NT,NW,B,B,NaN,NaN,0.99,NaN,NaN,NaN,
1960081612,07b.1960,TC07B,TD,NN,22.4,84.6,NaN,NaN,311,3,311,3,NaN,NaN,NaN,NaN,NaN,NaN,NaN,NaN,NaN,NaN,NT,NW,B,B,NaN,NaN,0.99,NaN,NaN,NaN,
1960081618,07b.1960,TC07B,TD,NN,22.6,84.4,NaN,NaN,311,3,311,3,NaN,NaN,NaN,NaN,NaN,NaN,NaN,NaN,NaN,NaN,NT,NW,B,B,NaN,NaN,0.99,NaN,NaN,NaN,
1960081700,07b.1960,TC07B,TD,NN,22.8,84.1,NaN,NaN,311,3,311,3,NaN,NaN,NaN,NaN,NaN,NaN,NaN,NaN,NaN,NaN,NT,NW,B,B,NaN,NaN,0.99,NaN,NaN,NaN,
1960081706,07b.1960,TC07B,TD,NN,23.1,83.7,NaN,NaN,308,4,308,4,NaN,NaN,NaN,NaN,NaN,NaN,NaN,NaN,NaN,NaN,NT,NW,B,B,NaN,NaN,1.00,NaN,NaN,NaN,
1960081712,07b.1960,TC07B,TD,NN,23.8,82.8,NaN,NaN,310,8,310,8,NaN,NaN,NaN,NaN,NaN,NaN,NaN,NaN,NaN,NaN,NT,NW,B,B,NaN,NaN,0.95,NaN,NaN,NaN,
1960081718,07b.1960,TC07B,TD,NN,24.3,81.7,NaN,NaN,303,11,303,11,NaN,NaN,NaN,NaN,NaN,NaN,NaN,NaN,NaN,NaN,NT,NW,B,B,NaN,NaN,0.98,NaN,NaN,NaN,
1960081800,07b.1960,TC07B,TD,NN,24.8,80.5,NaN,NaN,296,12,296,12,NaN,NaN,NaN,NaN,NaN,NaN,NaN,NaN,NaN,NaN,NT,NW,B,B,NaN,NaN,0.99,NaN,NaN,NaN,
1960081806,07b.1960,TC07B,TD,NN,25.2,79.5,NaN,NaN,294,11,294,11,NaN,NaN,NaN,NaN,NaN,NaN,NaN,NaN,NaN,NaN,NT,NW,B,B,NaN,NaN,0.99,NaN,NaN,NaN,
1960081812,07b.1960,TC07B,TD,NN,25.5,78.7,NaN,NaN,293,9,293,9,NaN,NaN,NaN,NaN,NaN,NaN,NaN,NaN,NaN,NaN,NT,NW,B,B,NaN,NaN,0.99,NaN,NaN,NaN,
1960081818,07b.1960,TC07B,TD,NN,25.7,77.9,NaN,NaN,289,8,289,8,NaN,NaN,NaN,NaN,NaN,NaN,NaN,NaN,NaN,NaN,NT,NW,B,B,NaN,NaN,0.99,NaN,NaN,NaN,
1960081900,07b.1960,TC07B,TD,NN,26.0,77.2,NaN,NaN,290,7,290,7,NaN,NaN,NaN,NaN,NaN,NaN,NaN,NaN,NaN,NaN,NT,NW,B,B,NaN,NaN,0.99,NaN,NaN,NaN,
1960081906,07b.1960,TC07B,TD,NN,26.2,76.8,NaN,NaN,297,6,297,6,NaN,NaN,NaN,NaN,NaN,NaN,NaN,NaN,NaN,NaN,NT,NW,B,B,NaN,NaN,0.99,NaN,NaN,NaN,
1960081912,07b.1960,TC07B,TD,NN,26.4,76.5,NaN,NaN,302,4,302,4,NaN,NaN,NaN,NaN,NaN,NaN,NaN,NaN,NaN,NaN,NT,NW,B,B,NaN,NaN,0.99,NaN,NaN,NaN,
1960081918,07b.1960,TC07B,TD,NN,26.6,76.3,NaN,NaN,312,3,312,3,NaN,NaN,NaN,NaN,NaN,NaN,NaN,NaN,NaN,NaN,NT,NW,B,B,NaN,NaN,0.99,NaN,NaN,NaN,
1960082000,07b.1960,TC07B,TD,NN,26.8,76.1,NaN,NaN,318,3,318,3,NaN,NaN,NaN,NaN,NaN,NaN,NaN,NaN,NaN,NaN,NT,NW,B,B,NaN,NaN,1.00,NaN,NaN,NaN,
1960092518,08b.1960,TC08B,TD,NN,21.3,86.5,NaN,NaN,311,18,311,18,NaN,NaN,NaN,NaN,NaN,NaN,NaN,NaN,NaN,NaN,NT,NW,B,B,NaN,NaN,0.94,NaN,NaN,NaN,
1960092600,08b.1960,TC08B,TD,NN,22.9,84.0,NaN,NaN,311,18,311,18,NaN,NaN,NaN,NaN,NaN,NaN,NaN,NaN,NaN,NaN,NT,NW,B,B,NaN,NaN,0.99,NaN,NaN,NaN,
1960092606,08b.1960,TC08B,TD,NN,23.7,83.5,NaN,NaN,311,18,311,18,NaN,NaN,NaN,NaN,NaN,NaN,NaN,NaN,NaN,NaN,NT,NW,B,B,NaN,NaN,1.00,NaN,NaN,NaN,
1960092612,08b.1960,TC08B,TD,NN,24.3,83.6,NaN,NaN,345,7,345,7,NaN,NaN,NaN,NaN,NaN,NaN,NaN,NaN,NaN,NaN,NT,NW,B,B,NaN,NaN,0.97,NaN,NaN,NaN,
1960092618,08b.1960,TC08B,TD,NN,24.7,84.0,NaN,NaN,25,5,25,5,NaN,NaN,NaN,NaN,NaN,NaN,NaN,NaN,NaN,NaN,NT,NW,B,B,NaN,NaN,0.98,NaN,NaN,NaN,
1960092700,08b.1960,TC08B,TD,NN,25.2,84.4,NaN,NaN,39,6,39,6,NaN,NaN,NaN,NaN,NaN,NaN,NaN,NaN,NaN,NaN,NT,NW,B,B,NaN,NaN,0.98,NaN,NaN,NaN,
1960102718,09b.1960,TC09B,TD,NN,7.5,90.0,NaN,NaN,305,6,305,6,NaN,NaN,NaN,NaN,NaN,NaN,NaN,NaN,NaN,NaN,NT,NW,B,B,NaN,NaN,NaN,NaN,NaN,NaN,
1960102800,09b.1960,TC09B,TD,NN,7.6,89.7,NaN,NaN,305,6,305,6,NaN,NaN,NaN,NaN,NaN,NaN,NaN,NaN,NaN,NaN,NT,NW,B,B,NaN,NaN,NaN,NaN,NaN,NaN,
1960102806,09b.1960,TC09B,TD,NN,8.2,89.0,NaN,NaN,305,6,305,6,NaN,NaN,NaN,NaN,NaN,NaN,NaN,NaN,NaN,NaN,NT,NW,B,B,NaN,NaN,NaN,NaN,NaN,NaN,
1960102812,09b.1960,TC09B,TD,NN,9.0,88.1,NaN,NaN,311,11,311,11,NaN,NaN,NaN,NaN,NaN,NaN,NaN,NaN,NaN,NaN,NT,NW,B,B,NaN,NaN,NaN,NaN,NaN,NaN,
1960102818,09b.1960,TC09B,TD,NN,9.9,87.4,NaN,NaN,317,12,317,12,NaN,NaN,NaN,NaN,NaN,NaN,NaN,NaN,NaN,NaN,NT,NW,B,B,NaN,NaN,NaN,NaN,NaN,NaN,
1960102900,09b.1960,TC09B,TD,NN,10.8,86.8,NaN,NaN,325,11,325,11,NaN,NaN,NaN,NaN,NaN,NaN,NaN,NaN,NaN,NaN,NT,NW,B,B,NaN,NaN,NaN,NaN,NaN,NaN,
1960102906,09b.1960,TC09B,TD,NN,11.8,86.4,NaN,NaN,333,11,333,11,NaN,NaN,NaN,NaN,NaN,NaN,NaN,NaN,NaN,NaN,NT,NW,B,B,NaN,NaN,NaN,NaN,NaN,NaN,
1960102912,09b.1960,TC09B,TD,NN,12.9,86.3,NaN,NaN,347,11,347,11,NaN,NaN,NaN,NaN,NaN,NaN,NaN,NaN,NaN,NaN,NT,NW,B,B,NaN,NaN,NaN,NaN,NaN,NaN,
1960102918,09b.1960,TC09B,TD,NN,13.9,86.3,NaN,NaN,357,11,357,11,NaN,NaN,NaN,NaN,NaN,NaN,NaN,NaN,NaN,NaN,NT,NW,B,B,NaN,NaN,NaN,NaN,NaN,NaN,
1960103000,09b.1960,TC09B,TD,NN,14.8,86.5,NaN,NaN,6,10,6,10,NaN,NaN,NaN,NaN,NaN,NaN,NaN,NaN,NaN,NaN,NT,NW,B,B,NaN,NaN,NaN,NaN,NaN,NaN,
1960103006,09b.1960,TC09B,TD,NN,15.9,87.0,NaN,NaN,19,11,19,11,NaN,NaN,NaN,NaN,NaN,NaN,NaN,NaN,NaN,NaN,NT,NW,B,B,NaN,NaN,NaN,NaN,NaN,NaN,
1960103012,09b.1960,TC09B,TD,NN,17.2,87.7,NaN,NaN,26,13,26,13,NaN,NaN,NaN,NaN,NaN,NaN,NaN,NaN,NaN,NaN,NT,NW,B,B,NaN,NaN,NaN,NaN,NaN,NaN,
1960103018,09b.1960,TC09B,TD,NN,18.3,88.5,NaN,NaN,31,14,31,14,NaN,NaN,NaN,NaN,NaN,NaN,NaN,NaN,NaN,NaN,NT,NW,B,B,NaN,NaN,NaN,NaN,NaN,NaN,
1960103100,09b.1960,TC09B,TD,NN,19.1,89.2,NaN,NaN,37,12,37,12,NaN,NaN,NaN,NaN,NaN,NaN,NaN,NaN,NaN,NaN,NT,NW,B,B,NaN,NaN,NaN,NaN,NaN,NaN,
1960100718,10b.1960,TC10B,TD,NN,17.6,93.3,NaN,NaN,316,3,316,3,NaN,NaN,NaN,NaN,NaN,NaN,NaN,NaN,NaN,NaN,NT,NW,B,B,NaN,NaN,NaN,NaN,NaN,NaN,
1960100800,10b.1960,TC10B,TD,NN,17.8,93.1,NaN,NaN,316,3,316,3,NaN,NaN,NaN,NaN,NaN,NaN,NaN,NaN,NaN,NaN,NT,NW,B,B,NaN,NaN,NaN,NaN,NaN,NaN,
1960100806,10b.1960,TC10B,TD,NN,18.1,92.8,NaN,NaN,316,3,316,3,NaN,NaN,NaN,NaN,NaN,NaN,NaN,NaN,NaN,NaN,NT,NW,B,B,NaN,NaN,NaN,NaN,NaN,NaN,
1960100812,10b.1960,TC10B,TD,NN,18.4,92.5,NaN,NaN,316,4,316,4,NaN,NaN,NaN,NaN,NaN,NaN,NaN,NaN,NaN,NaN,NT,NW,B,B,NaN,NaN,NaN,NaN,NaN,NaN,
1960100818,10b.1960,TC10B,TD,NN,18.8,92.1,NaN,NaN,317,5,317,5,NaN,NaN,NaN,NaN,NaN,NaN,NaN,NaN,NaN,NaN,NT,NW,B,B,NaN,NaN,NaN,NaN,NaN,NaN,
1960100900,10b.1960,TC10B,TD,NN,19.1,91.8,NaN,NaN,317,5,317,5,NaN,NaN,NaN,NaN,NaN,NaN,NaN,NaN,NaN,NaN,NT,NW,B,B,NaN,NaN,NaN,NaN,NaN,NaN,
1960100906,10b.1960,TC10B,TD,NN,19.5,91.4,NaN,NaN,317,5,317,5,NaN,NaN,NaN,NaN,NaN,NaN,NaN,NaN,NaN,NaN,NT,NW,B,B,NaN,NaN,NaN,NaN,NaN,NaN,
1960100912,10b.1960,TC10B,TD,NN,20.1,91.0,NaN,NaN,323,6,323,6,NaN,NaN,NaN,NaN,NaN,NaN,NaN,NaN,NaN,NaN,NT,NW,B,B,NaN,NaN,NaN,NaN,NaN,NaN,
1960100918,10b.1960,TC10B,TD,NN,20.7,90.6,NaN,NaN,328,7,328,7,NaN,NaN,NaN,NaN,NaN,NaN,NaN,NaN,NaN,NaN,NT,NW,B,B,NaN,NaN,NaN,NaN,NaN,NaN,
1960101000,10b.1960,TC10B,TD,NN,21.1,90.4,NaN,NaN,331,6,331,6,NaN,NaN,NaN,NaN,NaN,NaN,NaN,NaN,NaN,NaN,NT,NW,B,B,NaN,NaN,NaN,NaN,NaN,NaN,
1960101006,10b.1960,TC10B,TD,NN,21.7,90.3,NaN,NaN,344,5,344,5,NaN,NaN,NaN,NaN,NaN,NaN,NaN,NaN,NaN,NaN,NT,NW,B,B,NaN,NaN,0.07,NaN,NaN,NaN,
1960101012,10b.1960,TC10B,TD,NN,22.3,90.5,NaN,NaN,4,6,4,6,NaN,NaN,NaN,NaN,NaN,NaN,NaN,NaN,NaN,NaN,NT,NW,B,B,NaN,NaN,0.68,NaN,NaN,NaN,
1960101018,10b.1960,TC10B,TD,NN,22.8,90.9,NaN,NaN,27,6,27,6,NaN,NaN,NaN,NaN,NaN,NaN,NaN,NaN,NaN,NaN,NT,NW,B,B,NaN,NaN,0.75,NaN,NaN,NaN,
1960101100,10b.1960,TC10B,TD,NN,23.2,91.6,NaN,NaN,48,7,48,7,NaN,NaN,NaN,NaN,NaN,NaN,NaN,NaN,NaN,NaN,NT,NW,B,B,NaN,NaN,0.87,NaN,NaN,NaN,
1960112518,12b.1960,TC12B,TD,NN,10.2,87.8,NaN,NaN,315,2,315,2,NaN,NaN,NaN,NaN,NaN,NaN,NaN,NaN,NaN,NaN,NT,NW,B,B,NaN,NaN,NaN,NaN,NaN,NaN,
1960112600,12b.1960,TC12B,TD,NN,10.5,87.5,NaN,NaN,315,2,315,2,NaN,NaN,NaN,NaN,NaN,NaN,NaN,NaN,NaN,NaN,NT,NW,B,B,NaN,NaN,NaN,NaN,NaN,NaN,
1960112606,12b.1960,TC12B,TD,NN,10.5,87.5,NaN,NaN,315,2,315,2,NaN,NaN,NaN,NaN,NaN,NaN,NaN,NaN,NaN,NaN,NT,NW,B,B,NaN,NaN,NaN,NaN,NaN,NaN,
1960112612,12b.1960,TC12B,TD,NN,10.5,87.5,NaN,NaN,360,0,360,0,NaN,NaN,NaN,NaN,NaN,NaN,NaN,NaN,NaN,NaN,NT,NW,B,B,NaN,NaN,NaN,NaN,NaN,NaN,
1960112618,12b.1960,TC12B,TD,NN,10.5,87.5,NaN,NaN,360,0,360,0,NaN,NaN,NaN,NaN,NaN,NaN,NaN,NaN,NaN,NaN,NT,NW,B,B,NaN,NaN,NaN,NaN,NaN,NaN,
1960112700,12b.1960,TC12B,TD,NN,10.5,87.5,NaN,NaN,360,0,360,0,NaN,NaN,NaN,NaN,NaN,NaN,NaN,NaN,NaN,NaN,NT,NW,B,B,NaN,NaN,NaN,NaN,NaN,NaN,
1960112706,12b.1960,TC12B,TD,NN,10.5,87.5,NaN,NaN,360,0,360,0,NaN,NaN,NaN,NaN,NaN,NaN,NaN,NaN,NaN,NaN,NT,NW,B,B,NaN,NaN,NaN,NaN,NaN,NaN,
1960112712,12b.1960,TC12B,TD,NN,10.5,87.5,NaN,NaN,360,0,360,0,NaN,NaN,NaN,NaN,NaN,NaN,NaN,NaN,NaN,NaN,NT,NW,B,B,NaN,NaN,NaN,NaN,NaN,NaN,
1960112718,12b.1960,TC12B,TD,NN,10.5,87.5,NaN,NaN,360,0,360,0,NaN,NaN,NaN,NaN,NaN,NaN,NaN,NaN,NaN,NaN,NT,NW,B,B,NaN,NaN,NaN,NaN,NaN,NaN,
1960112800,12b.1960,TC12B,TD,NN,10.5,87.5,NaN,NaN,360,0,360,0,NaN,NaN,NaN,NaN,NaN,NaN,NaN,NaN,NaN,NaN,NT,NW,B,B,NaN,NaN,NaN,NaN,NaN,NaN,
1960112806,12b.1960,TC12B,TD,NN,10.5,87.5,NaN,NaN,360,0,360,0,NaN,NaN,NaN,NaN,NaN,NaN,NaN,NaN,NaN,NaN,NT,NW,B,B,NaN,NaN,NaN,NaN,NaN,NaN,
1960112812,12b.1960,TC12B,TD,NN,10.5,87.5,NaN,NaN,360,0,360,0,NaN,NaN,NaN,NaN,NaN,NaN,NaN,NaN,NaN,NaN,NT,NW,B,B,NaN,NaN,NaN,NaN,NaN,NaN,
1960112818,12b.1960,TC12B,TD,NN,10.5,87.5,NaN,NaN,360,0,360,0,NaN,NaN,NaN,NaN,NaN,NaN,NaN,NaN,NaN,NaN,NT,NW,B,B,NaN,NaN,NaN,NaN,NaN,NaN,
1960112900,12b.1960,TC12B,TD,NN,10.5,87.5,NaN,NaN,360,0,360,0,NaN,NaN,NaN,NaN,NaN,NaN,NaN,NaN,NaN,NaN,NT,NW,B,B,NaN,NaN,NaN,NaN,NaN,NaN,
1960112906,12b.1960,TC12B,TD,NN,10.6,87.4,NaN,NaN,315,1,315,1,NaN,NaN,NaN,NaN,NaN,NaN,NaN,NaN,NaN,NaN,NT,NW,B,B,NaN,NaN,NaN,NaN,NaN,NaN,
1960112912,12b.1960,TC12B,TD,NN,10.8,87.1,NaN,NaN,307,2,307,2,NaN,NaN,NaN,NaN,NaN,NaN,NaN,NaN,NaN,NaN,NT,NW,B,B,NaN,NaN,NaN,NaN,NaN,NaN,
1960112918,12b.1960,TC12B,TD,NN,11.0,86.8,NaN,NaN,304,4,304,4,NaN,NaN,NaN,NaN,NaN,NaN,NaN,NaN,NaN,NaN,NT,NW,B,B,NaN,NaN,NaN,NaN,NaN,NaN,
1960113000,12b.1960,TC12B,TD,NN,11.2,86.5,NaN,NaN,304,4,304,4,NaN,NaN,NaN,NaN,NaN,NaN,NaN,NaN,NaN,NaN,NT,NW,B,B,NaN,NaN,NaN,NaN,NaN,NaN,
1960113006,12b.1960,TC12B,TD,NN,11.4,86.3,NaN,NaN,309,3,309,3,NaN,NaN,NaN,NaN,NaN,NaN,NaN,NaN,NaN,NaN,NT,NW,B,B,NaN,NaN,NaN,NaN,NaN,NaN,
1960113012,12b.1960,TC12B,TD,NN,11.5,86.3,NaN,NaN,327,2,327,2,NaN,NaN,NaN,NaN,NaN,NaN,NaN,NaN,NaN,NaN,NT,NW,B,B,NaN,NaN,NaN,NaN,NaN,NaN,
1960113018,12b.1960,TC12B,TD,NN,11.7,86.1,NaN,NaN,327,2,327,2,NaN,NaN,NaN,NaN,NaN,NaN,NaN,NaN,NaN,NaN,NT,NW,B,B,NaN,NaN,NaN,NaN,NaN,NaN,
1960120100,12b.1960,TC12B,TD,NN,11.8,86.0,NaN,NaN,316,2,316,2,NaN,NaN,NaN,NaN,NaN,NaN,NaN,NaN,NaN,NaN,NT,NW,B,B,NaN,NaN,NaN,NaN,NaN,NaN,
1960120106,12b.1960,TC12B,TD,NN,12.0,85.8,NaN,NaN,316,2,316,2,NaN,NaN,NaN,NaN,NaN,NaN,NaN,NaN,NaN,NaN,NT,NW,B,B,NaN,NaN,NaN,NaN,NaN,NaN,
1960120112,12b.1960,TC12B,TD,NN,12.3,85.5,NaN,NaN,316,3,316,3,NaN,NaN,NaN,NaN,NaN,NaN,NaN,NaN,NaN,NaN,NT,NW,B,B,NaN,NaN,NaN,NaN,NaN,NaN,
1960120118,12b.1960,TC12B,TD,NN,12.5,85.3,NaN,NaN,316,3,316,3,NaN,NaN,NaN,NaN,NaN,NaN,NaN,NaN,NaN,NaN,NT,NW,B,B,NaN,NaN,NaN,NaN,NaN,NaN,
1960120200,12b.1960,TC12B,TD,NN,12.8,85.0,NaN,NaN,316,3,316,3,NaN,NaN,NaN,NaN,NaN,NaN,NaN,NaN,NaN,NaN,NT,NW,B,B,NaN,NaN,NaN,NaN,NaN,NaN,
1960111818,13b.1960,TC13B,TD,NN,10.9,84.0,NaN,NaN,313,8,313,8,NaN,NaN,NaN,NaN,NaN,NaN,NaN,NaN,NaN,NaN,NT,NW,B,B,NaN,NaN,NaN,NaN,NaN,NaN,
1960111900,13b.1960,TC13B,TD,NN,11.7,83.1,NaN,NaN,313,8,313,8,NaN,NaN,NaN,NaN,NaN,NaN,NaN,NaN,NaN,NaN,NT,NW,B,B,NaN,NaN,NaN,NaN,NaN,NaN,
1960111906,13b.1960,TC13B,TD,NN,12.0,82.8,NaN,NaN,313,8,313,8,NaN,NaN,NaN,NaN,NaN,NaN,NaN,NaN,NaN,NaN,NT,NW,B,B,NaN,NaN,NaN,NaN,NaN,NaN,
1960111912,13b.1960,TC13B,TD,NN,12.2,82.5,NaN,NaN,310,4,310,4,NaN,NaN,NaN,NaN,NaN,NaN,NaN,NaN,NaN,NaN,NT,NW,B,B,NaN,NaN,NaN,NaN,NaN,NaN,
1960111918,13b.1960,TC13B,TD,NN,12.4,82.3,NaN,NaN,309,3,309,3,NaN,NaN,NaN,NaN,NaN,NaN,NaN,NaN,NaN,NaN,NT,NW,B,B,NaN,NaN,NaN,NaN,NaN,NaN,
1960112000,13b.1960,TC13B,TD,NN,12.7,82.0,NaN,NaN,316,3,316,3,NaN,NaN,NaN,NaN,NaN,NaN,NaN,NaN,NaN,NaN,NT,NW,B,B,NaN,NaN,NaN,NaN,NaN,NaN,
1960110618,14a.1960,TC14A,TD,NN,10.5,69.2,NaN,NaN,310,4,310,4,NaN,NaN,NaN,NaN,NaN,NaN,NaN,NaN,NaN,NaN,NT,NW,B,B,NaN,NaN,NaN,NaN,NaN,NaN,
1960110700,14a.1960,TC14A,TD,NN,10.6,69.0,NaN,NaN,310,4,310,4,NaN,NaN,NaN,NaN,NaN,NaN,NaN,NaN,NaN,NaN,NT,NW,B,B,NaN,NaN,NaN,NaN,NaN,NaN,
1960110706,14a.1960,TC14A,TD,NN,11.0,68.6,NaN,NaN,310,4,310,4,NaN,NaN,NaN,NaN,NaN,NaN,NaN,NaN,NaN,NaN,NT,NW,B,B,NaN,NaN,NaN,NaN,NaN,NaN,
1960110712,14a.1960,TC14A,TD,NN,11.4,68.1,NaN,NaN,312,6,312,6,NaN,NaN,NaN,NaN,NaN,NaN,NaN,NaN,NaN,NaN,NT,NW,B,B,NaN,NaN,NaN,NaN,NaN,NaN,
1960110718,14a.1960,TC14A,TD,NN,11.8,67.6,NaN,NaN,309,6,309,6,NaN,NaN,NaN,NaN,NaN,NaN,NaN,NaN,NaN,NaN,NT,NW,B,B,NaN,NaN,NaN,NaN,NaN,NaN,
1960110800,14a.1960,TC14A,TD,NN,12.2,67.1,NaN,NaN,309,6,309,6,NaN,NaN,NaN,NaN,NaN,NaN,NaN,NaN,NaN,NaN,NT,NW,B,B,NaN,NaN,NaN,NaN,NaN,NaN,
1960110806,14a.1960,TC14A,TD,NN,12.6,66.6,NaN,NaN,309,6,309,6,NaN,NaN,NaN,NaN,NaN,NaN,NaN,NaN,NaN,NaN,NT,NW,B,B,NaN,NaN,NaN,NaN,NaN,NaN,
1960110812,14a.1960,TC14A,TD,NN,12.8,66.3,NaN,NaN,308,5,308,5,NaN,NaN,NaN,NaN,NaN,NaN,NaN,NaN,NaN,NaN,NT,NW,B,B,NaN,NaN,NaN,NaN,NaN,NaN,
1960110818,14a.1960,TC14A,TD,NN,13.0,66.1,NaN,NaN,309,3,309,3,NaN,NaN,NaN,NaN,NaN,NaN,NaN,NaN,NaN,NaN,NT,NW,B,B,NaN,NaN,NaN,NaN,NaN,NaN,
1960110900,14a.1960,TC14A,TD,NN,13.2,65.8,NaN,NaN,309,3,309,3,NaN,NaN,NaN,NaN,NaN,NaN,NaN,NaN,NaN,NaN,NT,NW,B,B,NaN,NaN,NaN,NaN,NaN,NaN,
1960110906,14a.1960,TC14A,TD,NN,13.5,65.6,NaN,NaN,316,3,316,3,NaN,NaN,NaN,NaN,NaN,NaN,NaN,NaN,NaN,NaN,NT,NW,B,B,NaN,NaN,NaN,NaN,NaN,NaN,
1960110912,14a.1960,TC14A,TD,NN,14.0,65.4,NaN,NaN,334,4,334,4,NaN,NaN,NaN,NaN,NaN,NaN,NaN,NaN,NaN,NaN,NT,NW,B,B,NaN,NaN,NaN,NaN,NaN,NaN,
1960110918,14a.1960,TC14A,TD,NN,14.4,65.3,NaN,NaN,342,5,342,5,NaN,NaN,NaN,NaN,NaN,NaN,NaN,NaN,NaN,NaN,NT,NW,B,B,NaN,NaN,NaN,NaN,NaN,NaN,
1960111000,14a.1960,TC14A,TD,NN,14.7,65.6,NaN,NaN,15,4,15,4,NaN,NaN,NaN,NaN,NaN,NaN,NaN,NaN,NaN,NaN,NT,NW,B,B,NaN,NaN,NaN,NaN,NaN,NaN,
1960111518,15a.1960,TC15A,TD,NN,10.5,67.1,NaN,NaN,316,3,316,3,NaN,NaN,NaN,NaN,NaN,NaN,NaN,NaN,NaN,NaN,NT,NW,B,B,NaN,NaN,NaN,NaN,NaN,NaN,
1960111600,15a.1960,TC15A,TD,NN,10.7,66.9,NaN,NaN,316,3,316,3,NaN,NaN,NaN,NaN,NaN,NaN,NaN,NaN,NaN,NaN,NT,NW,B,B,NaN,NaN,NaN,NaN,NaN,NaN,
1960111606,15a.1960,TC15A,TD,NN,10.9,66.7,NaN,NaN,316,3,316,3,NaN,NaN,NaN,NaN,NaN,NaN,NaN,NaN,NaN,NaN,NT,NW,B,B,NaN,NaN,NaN,NaN,NaN,NaN,
1960111612,15a.1960,TC15A,TD,NN,11.0,66.6,NaN,NaN,316,2,316,2,NaN,NaN,NaN,NaN,NaN,NaN,NaN,NaN,NaN,NaN,NT,NW,B,B,NaN,NaN,NaN,NaN,NaN,NaN,
1960111618,15a.1960,TC15A,TD,NN,11.2,66.4,NaN,NaN,316,2,316,2,NaN,NaN,NaN,NaN,NaN,NaN,NaN,NaN,NaN,NaN,NT,NW,B,B,NaN,NaN,NaN,NaN,NaN,NaN,
1960111700,15a.1960,TC15A,TD,NN,11.3,66.3,NaN,NaN,316,2,316,2,NaN,NaN,NaN,NaN,NaN,NaN,NaN,NaN,NaN,NaN,NT,NW,B,B,NaN,NaN,NaN,NaN,NaN,NaN,
1960111706,15a.1960,TC15A,TD,NN,11.4,66.3,NaN,NaN,334,1,334,1,NaN,NaN,NaN,NaN,NaN,NaN,NaN,NaN,NaN,NaN,NT,NW,B,B,NaN,NaN,NaN,NaN,NaN,NaN,
1960111712,15a.1960,TC15A,TD,NN,11.4,66.3,NaN,NaN,360,0,360,0,NaN,NaN,NaN,NaN,NaN,NaN,NaN,NaN,NaN,NaN,NT,NW,B,B,NaN,NaN,NaN,NaN,NaN,NaN,
1960111718,15a.1960,TC15A,TD,NN,11.4,66.3,NaN,NaN,360,0,360,0,NaN,NaN,NaN,NaN,NaN,NaN,NaN,NaN,NaN,NaN,NT,NW,B,B,NaN,NaN,NaN,NaN,NaN,NaN,
1960111800,15a.1960,TC15A,TD,NN,11.4,66.3,NaN,NaN,360,0,360,0,NaN,NaN,NaN,NaN,NaN,NaN,NaN,NaN,NaN,NaN,NT,NW,B,B,NaN,NaN,NaN,NaN,NaN,NaN,
1960111806,15a.1960,TC15A,TD,NN,11.6,66.1,NaN,NaN,316,1,316,1,NaN,NaN,NaN,NaN,NaN,NaN,NaN,NaN,NaN,NaN,NT,NW,B,B,NaN,NaN,NaN,NaN,NaN,NaN,
1960111812,15a.1960,TC15A,TD,NN,12.7,65.1,NaN,NaN,318,9,318,9,NaN,NaN,NaN,NaN,NaN,NaN,NaN,NaN,NaN,NaN,NT,NW,B,B,NaN,NaN,NaN,NaN,NaN,NaN,
1960111818,15a.1960,TC15A,TD,NN,12.9,63.9,NaN,NaN,301,13,301,13,NaN,NaN,NaN,NaN,NaN,NaN,NaN,NaN,NaN,NaN,NT,NW,B,B,NaN,NaN,NaN,NaN,NaN,NaN,
1960111900,15a.1960,TC15A,TD,NN,12.9,62.7,NaN,NaN,275,12,275,12,NaN,NaN,NaN,NaN,NaN,NaN,NaN,NaN,NaN,NaN,NT,NW,B,B,NaN,NaN,NaN,NaN,NaN,NaN,
1960111906,15a.1960,TC15A,TD,NN,12.9,62.0,NaN,NaN,270,9,270,9,NaN,NaN,NaN,NaN,NaN,NaN,NaN,NaN,NaN,NaN,NT,NW,B,B,NaN,NaN,NaN,NaN,NaN,NaN,
1960111912,15a.1960,TC15A,TD,NN,12.9,61.4,NaN,NaN,270,6,270,6,NaN,NaN,NaN,NaN,NaN,NaN,NaN,NaN,NaN,NaN,NT,NW,B,B,NaN,NaN,NaN,NaN,NaN,NaN,
1960111918,15a.1960,TC15A,TD,NN,12.9,60.8,NaN,NaN,270,6,270,6,NaN,NaN,NaN,NaN,NaN,NaN,NaN,NaN,NaN,NaN,NT,NW,B,B,NaN,NaN,NaN,NaN,NaN,NaN,
1960112000,15a.1960,TC15A,TD,NN,12.9,60.2,NaN,NaN,270,6,270,6,NaN,NaN,NaN,NaN,NaN,NaN,NaN,NaN,NaN,NaN,NT,NW,B,B,NaN,NaN,NaN,NaN,NaN,NaN,
1960112006,15a.1960,TC15A,TD,NN,12.9,59.4,NaN,NaN,270,7,270,7,NaN,NaN,NaN,NaN,NaN,NaN,NaN,NaN,NaN,NaN,NT,NW,B,B,NaN,NaN,NaN,NaN,NaN,NaN,
1960112012,15a.1960,TC15A,TD,NN,12.9,58.5,NaN,NaN,270,8,270,8,NaN,NaN,NaN,NaN,NaN,NaN,NaN,NaN,NaN,NaN,NT,NW,B,B,NaN,NaN,NaN,NaN,NaN,NaN,
1960112018,15a.1960,TC15A,TD,NN,12.9,57.5,NaN,NaN,270,9,270,9,NaN,NaN,NaN,NaN,NaN,NaN,NaN,NaN,NaN,NaN,NT,NW,B,B,NaN,NaN,NaN,NaN,NaN,NaN,
1960112100,15a.1960,TC15A,TD,NN,13.0,56.6,NaN,NaN,273,9,273,9,NaN,NaN,NaN,NaN,NaN,NaN,NaN,NaN,NaN,NaN,NT,NW,B,B,NaN,NaN,NaN,NaN,NaN,NaN,
1960112106,15a.1960,TC15A,TD,NN,13.2,55.9,NaN,NaN,281,8,281,8,NaN,NaN,NaN,NaN,NaN,NaN,NaN,NaN,NaN,NaN,NT,NW,B,B,NaN,NaN,NaN,NaN,NaN,NaN,
1960112112,15a.1960,TC15A,TD,NN,13.3,55.6,NaN,NaN,287,5,287,5,NaN,NaN,NaN,NaN,NaN,NaN,NaN,NaN,NaN,NaN,NT,NW,B,B,NaN,NaN,NaN,NaN,NaN,NaN,
1960112118,15a.1960,TC15A,TD,NN,13.5,55.3,NaN,NaN,297,3,297,3,NaN,NaN,NaN,NaN,NaN,NaN,NaN,NaN,NaN,NaN,NT,NW,B,B,NaN,NaN,NaN,NaN,NaN,NaN,
1960112200,15a.1960,TC15A,TD,NN,13.7,55.0,NaN,NaN,304,4,304,4,NaN,NaN,NaN,NaN,NaN,NaN,NaN,NaN,NaN,NaN,NT,NW,B,B,NaN,NaN,NaN,NaN,NaN,NaN,
1960112206,15a.1960,TC15A,TD,NN,13.8,54.5,NaN,NaN,291,4,291,4,NaN,NaN,NaN,NaN,NaN,NaN,NaN,NaN,NaN,NaN,NT,NW,B,B,NaN,NaN,NaN,NaN,NaN,NaN,
1960112212,15a.1960,TC15A,TD,NN,13.7,53.8,NaN,NaN,270,6,270,6,NaN,NaN,NaN,NaN,NaN,NaN,NaN,NaN,NaN,NaN,NT,NW,B,B,NaN,NaN,NaN,NaN,NaN,NaN,
1960112218,15a.1960,TC15A,TD,NN,13.7,53.2,NaN,NaN,265,6,265,6,NaN,NaN,NaN,NaN,NaN,NaN,NaN,NaN,NaN,NaN,NT,NW,B,B,NaN,NaN,NaN,NaN,NaN,NaN,
1960112300,15a.1960,TC15A,TD,NN,13.6,52.5,NaN,NaN,265,6,265,6,NaN,NaN,NaN,NaN,NaN,NaN,NaN,NaN,NaN,NaN,NT,NW,B,B,NaN,NaN,NaN,NaN,NaN,NaN,
