dtg,stmid,sname,tcvmax,tctype,rlat,rlon,vmax,pmin,dir,spd,trkdir,trkspd,r34m,r34ne,r34se,r34sw,r34nw,r50m,r50ne,r50se,r50sw,r50nw,tccode,wncode,dirtype,posttype,roci,poci,alf,depth,rmax,tdo,
2017010712,a6w.2017,9X-A6W,TD,NN,7.9,127.8,20,1006,328,6,328,6,NaN,NaN,NaN,NaN,NaN,NaN,NaN,NaN,NaN,NaN,DB,NW,B,B,160,1005,NaN,NaN,40,NaN,
2017010718,01w.2017,ONE,TD,NN,8.4,127.5,20,1006,328,6,328,6,NaN,NaN,NaN,NaN,NaN,NaN,NaN,NaN,NaN,NaN,DB,WN,B,B,160,1005,NaN,S,40,CRM,
2017010800,01w.2017,ONE,TD,NN,9.0,127.1,25,1003,328,6,328,6,NaN,NaN,NaN,NaN,NaN,NaN,NaN,NaN,NaN,NaN,TD,WN,B,B,160,1006,NaN,S,40,CRM,
2017010806,01w.2017,ONE,TD,NN,9.5,126.5,25,1003,318,7,318,7,NaN,NaN,NaN,NaN,NaN,NaN,NaN,NaN,NaN,NaN,TD,WN,B,B,130,1005,0.08,S,40,RCB,
2017010812,01w.2017,ONE,TD,NN,9.8,125.9,30,1001,304,7,304,7,NaN,NaN,NaN,NaN,NaN,NaN,NaN,NaN,NaN,NaN,TD,WN,B,B,160,1006,0.18,S,40,RCB,
2017010818,01w.2017,ONE,TD,NN,10.0,125.4,30,1000,295,6,295,6,NaN,NaN,NaN,NaN,NaN,NaN,NaN,NaN,NaN,NaN,TD,WN,B,B,130,1005,0.24,S,40,CRM,
2017010900,01w.2017,ONE,TD,NN,10.2,124.9,25,1004,292,5,292,5,NaN,NaN,NaN,NaN,NaN,NaN,NaN,NaN,NaN,NaN,TD,WN,B,B,110,1006,0.24,S,40,CRM,
2017010906,01w.2017,ONE,TD,NN,10.3,124.0,20,1004,282,7,282,7,NaN,NaN,NaN,NaN,NaN,NaN,NaN,NaN,NaN,NaN,WV,WN,B,B,120,1006,0.34,S,40,RCB,
2017010912,01w.2017,ONE,TD,NN,10.0,122.9,20,1005,264,10,264,10,NaN,NaN,NaN,NaN,NaN,NaN,NaN,NaN,NaN,NaN,WV,NW,B,B,120,1007,0.64,S,40,NaN,
2017010918,01w.2017,ONE,TD,NN,9.2,122.0,20,1005,241,11,241,11,NaN,NaN,NaN,NaN,NaN,NaN,NaN,NaN,NaN,NaN,WV,NW,B,B,120,1007,NaN,S,40,NaN,
2017011000,01w.2017,ONE,TD,NN,8.3,121.4,20,1005,221,11,221,11,NaN,NaN,NaN,NaN,NaN,NaN,NaN,NaN,NaN,NaN,WV,NW,B,B,120,1007,NaN,S,40,NaN,
2017011006,01w.2017,ONE,TD,NN,7.9,120.4,20,1006,231,10,231,10,NaN,NaN,NaN,NaN,NaN,NaN,NaN,NaN,NaN,NaN,WV,NW,B,B,120,1008,NaN,S,40,NaN,
2017011012,01w.2017,ONE,TD,NN,8.0,119.7,20,1007,260,9,260,9,NaN,NaN,NaN,NaN,NaN,NaN,NaN,NaN,NaN,NaN,WV,NW,B,B,120,1009,NaN,S,40,NaN,
2017011018,01w.2017,ONE,TD,NN,8.4,118.8,20,1007,288,8,288,8,NaN,NaN,NaN,NaN,NaN,NaN,NaN,NaN,NaN,NaN,WV,NW,B,B,120,1009,NaN,NaN,40,NaN,
2017011100,01w.2017,ONE,TD,NN,9.2,117.7,20,1007,301,12,301,12,NaN,NaN,NaN,NaN,NaN,NaN,NaN,NaN,NaN,NaN,WV,NW,B,B,120,1009,0.26,NaN,40,NaN,
2017011106,01w.2017,ONE,TD,NN,9.6,116.5,20,1006,298,13,298,13,NaN,NaN,NaN,NaN,NaN,NaN,NaN,NaN,NaN,NaN,WV,NW,B,B,NaN,NaN,NaN,NaN,NaN,NaN,
2017011112,01w.2017,ONE,TD,NN,9.9,115.3,20,1007,286,12,286,12,NaN,NaN,NaN,NaN,NaN,NaN,NaN,NaN,NaN,NaN,WV,NW,B,B,NaN,NaN,NaN,NaN,NaN,NaN,
2017011118,01w.2017,ONE,TD,NN,10.2,114.1,20,1007,284,12,284,12,NaN,NaN,NaN,NaN,NaN,NaN,NaN,NaN,NaN,NaN,WV,NW,B,B,NaN,NaN,NaN,NaN,NaN,NaN,
2017011200,01w.2017,ONE,TD,NN,10.5,113.2,20,1007,286,11,286,11,NaN,NaN,NaN,NaN,NaN,NaN,NaN,NaN,NaN,NaN,WV,NW,B,B,NaN,NaN,NaN,NaN,NaN,NaN,
2017011206,01w.2017,ONE,TD,NN,10.8,112.5,20,1006,291,8,291,8,NaN,NaN,NaN,NaN,NaN,NaN,NaN,NaN,NaN,NaN,DB,NW,B,B,NaN,1008,NaN,NaN,20,NaN,
2017011212,01w.2017,ONE,TD,NN,10.6,112.7,20,1007,281,3,281,3,NaN,NaN,NaN,NaN,NaN,NaN,NaN,NaN,NaN,NaN,DB,NW,B,B,100,1008,NaN,NaN,20,NaN,
2017011218,01w.2017,ONE,TD,NN,10.8,112.6,20,1007,90,0,90,0,NaN,NaN,NaN,NaN,NaN,NaN,NaN,NaN,NaN,NaN,DB,NW,B,B,100,1008,NaN,NaN,40,NaN,
2017011300,01w.2017,ONE,TD,NN,11.0,112.5,20,1007,334,2,334,2,NaN,NaN,NaN,NaN,NaN,NaN,NaN,NaN,NaN,NaN,DB,NW,B,B,100,1008,NaN,NaN,40,NaN,
2017011306,01w.2017,ONE,TD,NN,11.3,112.2,20,1007,322,3,322,3,NaN,NaN,NaN,NaN,NaN,NaN,NaN,NaN,NaN,NaN,DB,NW,B,B,100,1008,NaN,NaN,40,NaN,
2017011312,01w.2017,ONE,TD,NN,10.9,112.0,20,1006,258,3,258,3,NaN,NaN,NaN,NaN,NaN,NaN,NaN,NaN,NaN,NaN,DB,NW,B,B,100,1008,NaN,S,40,NaN,
2017011318,01w.2017,ONE,TD,NN,10.5,111.6,25,1004,216,5,216,5,NaN,NaN,NaN,NaN,NaN,NaN,NaN,NaN,NaN,NaN,TD,NW,B,B,120,1008,NaN,S,40,NaN,
2017011400,01w.2017,ONE,TD,NN,10.3,111.2,25,1004,233,5,233,5,NaN,NaN,NaN,NaN,NaN,NaN,NaN,NaN,NaN,NaN,TD,NW,B,B,150,1007,NaN,S,40,NaN,
2017011406,01w.2017,ONE,TD,NN,10.0,111.0,25,1004,230,4,230,4,NaN,NaN,NaN,NaN,NaN,NaN,NaN,NaN,NaN,NaN,TD,NW,B,B,150,1008,NaN,S,40,NaN,
2017011412,01w.2017,ONE,TD,NN,9.6,110.7,25,1004,215,4,215,4,NaN,NaN,NaN,NaN,NaN,NaN,NaN,NaN,NaN,NaN,TD,NW,B,B,150,1008,NaN,S,40,NaN,
2017011418,01w.2017,ONE,TD,NN,9.4,110.0,20,1007,239,6,239,6,NaN,NaN,NaN,NaN,NaN,NaN,NaN,NaN,NaN,NaN,DB,NW,B,B,150,1008,NaN,S,40,NaN,
2017011500,01w.2017,ONE,TD,NN,9.5,109.8,15,1010,264,4,264,4,NaN,NaN,NaN,NaN,NaN,NaN,NaN,NaN,NaN,NaN,DB,WN,B,B,150,1006,NaN,S,40,SJB,
2017011506,01w.2017,ONE,TD,NN,9.6,109.4,15,1010,289,3,289,3,NaN,NaN,NaN,NaN,NaN,NaN,NaN,NaN,NaN,NaN,DB,WN,B,B,150,1006,NaN,S,60,VDC,
2017011512,01w.2017,ONE,TD,NN,9.5,109.0,15,1010,270,4,270,4,NaN,NaN,NaN,NaN,NaN,NaN,NaN,NaN,NaN,NaN,DB,WN,B,B,150,1006,NaN,S,60,VDC,
2017011518,01w.2017,ONE,TD,NN,9.3,108.3,15,1010,255,6,255,6,NaN,NaN,NaN,NaN,NaN,NaN,NaN,NaN,NaN,NaN,DB,WN,B,B,150,1006,NaN,S,60,SJB,
2017011600,01w.2017,ONE,TD,NN,9.1,107.5,15,1010,255,8,255,8,NaN,NaN,NaN,NaN,NaN,NaN,NaN,NaN,NaN,NaN,DB,WN,B,B,150,1006,NaN,S,55,SJB,
2017011606,01w.2017,ONE,TD,NN,8.9,105.7,25,1004,263,13,261,13,NaN,NaN,NaN,NaN,NaN,NaN,NaN,NaN,NaN,NaN,TD,NW,B,B,150,1006,0.40,S,55,NaN,
2017011612,01w.2017,ONE,TD,NN,8.9,104.5,20,1006,266,15,266,15,NaN,NaN,NaN,NaN,NaN,NaN,NaN,NaN,NaN,NaN,DB,NW,B,B,150,1008,0.11,NaN,55,NaN,
2017011618,01w.2017,ONE,TD,NN,9.1,103.7,20,1007,276,10,276,10,NaN,NaN,NaN,NaN,NaN,NaN,NaN,NaN,NaN,NaN,DB,NW,B,B,150,1008,NaN,NaN,55,NaN,
2017041218,a2w.2017,9X-A2W,TD,NN,7.7,136.4,15,1009,291,14,291,14,NaN,NaN,NaN,NaN,NaN,NaN,NaN,NaN,NaN,NaN,DB,NW,B,B,160,1011,NaN,NaN,50,NaN,
2017041300,a2w.2017,9X-A2W,TD,NN,8.2,135.2,15,1010,291,14,291,14,NaN,NaN,NaN,NaN,NaN,NaN,NaN,NaN,NaN,NaN,DB,NW,B,B,200,1012,0.01,S,40,NaN,
2017041306,a2w.2017,9X-A2W,TD,NN,8.7,133.7,20,1006,291,14,291,14,NaN,NaN,NaN,NaN,NaN,NaN,NaN,NaN,NaN,NaN,DB,NW,B,B,200,1008,NaN,S,45,NaN,
2017041312,a2w.2017,9X-A2W,TD,NN,9.4,132.4,20,1006,293,15,293,15,NaN,NaN,NaN,NaN,NaN,NaN,NaN,NaN,NaN,NaN,DB,NW,B,B,200,1008,NaN,S,45,NaN,
2017041318,a2w.2017,9X-A2W,TD,NN,9.8,131.5,20,1005,297,12,297,12,NaN,NaN,NaN,NaN,NaN,NaN,NaN,NaN,NaN,NaN,DB,NW,B,B,200,1008,NaN,S,45,NaN,
2017041400,a2w.2017,9X-A2W,TD,NN,10.1,130.6,20,1005,292,10,292,10,NaN,NaN,NaN,NaN,NaN,NaN,NaN,NaN,NaN,NaN,DB,NW,B,B,170,1008,NaN,S,45,NaN,
2017041406,02w.2017,TWO,TD,NN,10.3,129.7,25,1005,286,9,286,9,NaN,NaN,NaN,NaN,NaN,NaN,NaN,NaN,NaN,NaN,DB,WN,B,B,170,1008,NaN,S,45,SJB,
2017041412,02w.2017,TWO,TD,NN,10.6,128.8,25,1005,286,9,286,9,NaN,NaN,NaN,NaN,NaN,NaN,NaN,NaN,NaN,NaN,TD,WN,B,B,170,1008,NaN,S,45,SJB,
2017041418,02w.2017,TWO,TD,NN,10.8,128.1,25,1006,288,8,288,8,NaN,NaN,NaN,NaN,NaN,NaN,NaN,NaN,NaN,NaN,TD,WN,B,B,170,1008,NaN,S,45,RCB,
2017041500,02w.2017,TWO,TD,NN,11.0,127.2,25,1004,284,8,284,8,NaN,NaN,NaN,NaN,NaN,NaN,NaN,NaN,NaN,NaN,TD,WN,B,B,160,1009,NaN,S,35,BRS,
2017041506,02w.2017,TWO,TD,NN,11.3,126.4,25,1007,287,9,287,9,NaN,NaN,NaN,NaN,NaN,NaN,NaN,NaN,NaN,NaN,TD,WN,B,B,140,1009,NaN,S,35,CRM,
2017041512,02w.2017,TWO,TD,NN,11.5,125.8,25,1004,290,7,290,7,NaN,NaN,NaN,NaN,NaN,NaN,NaN,NaN,NaN,NaN,TD,NW,B,B,140,1009,0.04,NaN,35,NaN,
2017041518,02w.2017,TWO,TD,NN,11.7,124.7,20,1007,284,9,284,9,NaN,NaN,NaN,NaN,NaN,NaN,NaN,NaN,NaN,NaN,DB,NW,B,B,140,1009,0.45,NaN,35,NaN,
2017041600,02w.2017,TWO,TD,NN,12.0,123.1,20,1007,281,13,281,13,NaN,NaN,NaN,NaN,NaN,NaN,NaN,NaN,NaN,NaN,DB,NW,B,B,140,1009,0.21,NaN,35,NaN,
2017041606,02w.2017,TWO,TD,NN,12.2,121.6,20,1007,279,15,279,15,NaN,NaN,NaN,NaN,NaN,NaN,NaN,NaN,NaN,NaN,DB,NW,B,B,140,1009,0.16,NaN,35,NaN,
2017041612,02w.2017,TWO,TD,NN,13.1,119.6,15,1010,299,9,288,18,NaN,NaN,NaN,NaN,NaN,NaN,NaN,NaN,NaN,NaN,LO,NW,B,B,140,1009,NaN,NaN,35,NaN,
2017041618,02w.2017,TWO,TD,NN,13.6,118.7,15,1010,299,9,296,16,NaN,NaN,NaN,NaN,NaN,NaN,NaN,NaN,NaN,NaN,LO,NW,B,B,140,1009,NaN,NaN,35,NaN,
2017041700,02w.2017,TWO,TD,NN,14.0,117.9,20,1009,299,9,299,9,NaN,NaN,NaN,NaN,NaN,NaN,NaN,NaN,NaN,NaN,DB,NW,B,B,140,1009,NaN,S,35,NaN,
2017041706,02w.2017,TWO,TD,NN,14.4,117.2,20,1007,299,8,299,8,NaN,NaN,NaN,NaN,NaN,NaN,NaN,NaN,NaN,NaN,DB,NW,B,B,140,1009,NaN,NaN,35,NaN,
2017041712,02w.2017,TWO,TD,NN,14.7,117.0,20,1007,309,6,309,6,NaN,NaN,NaN,NaN,NaN,NaN,NaN,NaN,NaN,NaN,DB,NW,B,B,140,1009,NaN,NaN,35,NaN,
2017041718,02w.2017,TWO,TD,NN,15.0,116.9,20,1007,334,3,334,3,NaN,NaN,NaN,NaN,NaN,NaN,NaN,NaN,NaN,NaN,DB,NW,B,B,75,1009,NaN,NaN,20,NaN,
2017041800,02w.2017,TWO,TD,NN,15.3,116.9,25,1004,351,3,351,3,NaN,NaN,NaN,NaN,NaN,NaN,NaN,NaN,NaN,NaN,TD,NW,B,B,75,1009,NaN,NaN,20,NaN,
2017041806,02w.2017,TWO,TD,NN,15.9,117.3,25,1004,23,5,23,5,NaN,NaN,NaN,NaN,NaN,NaN,NaN,NaN,NaN,NaN,TD,NW,B,B,85,1009,NaN,NaN,20,NaN,
2017041812,02w.2017,TWO,TD,NN,16.3,117.7,25,1004,38,6,38,6,NaN,NaN,NaN,NaN,NaN,NaN,NaN,NaN,NaN,NaN,TD,NW,B,B,85,1009,NaN,NaN,20,NaN,
2017041818,02w.2017,TWO,TD,NN,16.7,117.9,25,1004,36,5,36,5,NaN,NaN,NaN,NaN,NaN,NaN,NaN,NaN,NaN,NaN,TD,NW,B,B,80,1009,NaN,NaN,25,NaN,
2017041900,02w.2017,TWO,TD,NN,17.3,118.0,25,1004,16,5,16,5,NaN,NaN,NaN,NaN,NaN,NaN,NaN,NaN,NaN,NaN,TD,NW,B,B,80,1009,NaN,NaN,25,NaN,
2017041906,02w.2017,TWO,TD,NN,18.2,118.2,25,1004,11,8,11,8,NaN,NaN,NaN,NaN,NaN,NaN,NaN,NaN,NaN,NaN,TD,NW,B,B,80,1009,NaN,S,25,NaN,
2017041912,02w.2017,TWO,TD,NN,19.1,118.8,20,1007,23,10,23,10,NaN,NaN,NaN,NaN,NaN,NaN,NaN,NaN,NaN,NaN,DB,NW,B,B,80,1009,NaN,S,25,NaN,
2017041918,02w.2017,TWO,TD,NN,19.9,119.8,20,1007,42,11,42,11,NaN,NaN,NaN,NaN,NaN,NaN,NaN,NaN,NaN,NaN,DB,NW,B,B,80,1009,NaN,S,25,NaN,
2017042000,02w.2017,TWO,TD,NN,20.7,120.9,20,1007,51,13,51,13,NaN,NaN,NaN,NaN,NaN,NaN,NaN,NaN,NaN,NaN,DB,NW,B,B,80,1009,NaN,S,25,NaN,
2017042006,02w.2017,TWO,TD,NN,21.7,122.2,15,1010,51,14,51,14,NaN,NaN,NaN,NaN,NaN,NaN,NaN,NaN,NaN,NaN,PT,NW,B,B,80,1009,NaN,NaN,25,NaN,
2017042012,02w.2017,TWO,TD,NN,22.7,122.5,20,1007,37,12,37,12,NaN,NaN,NaN,NaN,NaN,NaN,NaN,NaN,NaN,NaN,DB,NW,B,B,80,1009,NaN,NaN,25,NaN,
2017042018,02w.2017,TWO,TD,NN,23.3,123.4,15,1010,35,10,35,10,NaN,NaN,NaN,NaN,NaN,NaN,NaN,NaN,NaN,NaN,DB,NW,B,B,80,1009,NaN,NaN,25,NaN,
2017042300,a3w.2017,9X-A3W,TS,NN,10.3,141.9,15,1009,295,8,295,8,NaN,NaN,NaN,NaN,NaN,NaN,NaN,NaN,NaN,NaN,DB,NW,B,B,NaN,NaN,NaN,NaN,NaN,NaN,
2017042306,a3w.2017,9X-A3W,TS,NN,10.6,141.2,15,1010,295,8,295,8,NaN,NaN,NaN,NaN,NaN,NaN,NaN,NaN,NaN,NaN,DB,NW,B,B,NaN,NaN,NaN,NaN,NaN,NaN,
2017042312,a3w.2017,9X-A3W,TS,NN,11.0,140.4,15,1010,295,8,295,8,NaN,NaN,NaN,NaN,NaN,NaN,NaN,NaN,NaN,NaN,DB,NW,B,B,NaN,NaN,NaN,NaN,NaN,NaN,
2017042318,a3w.2017,9X-A3W,TS,NN,11.4,139.8,20,1007,300,8,300,8,NaN,NaN,NaN,NaN,NaN,NaN,NaN,NaN,NaN,NaN,DB,NW,B,B,200,1010,NaN,S,50,NaN,
2017042400,a3w.2017,9X-A3W,TS,NN,11.7,139.2,20,1006,301,7,301,7,NaN,NaN,NaN,NaN,NaN,NaN,NaN,NaN,NaN,NaN,DB,NW,B,B,170,1008,NaN,S,50,NaN,
2017042406,a3w.2017,9X-A3W,TS,NN,12.1,138.4,20,1006,297,8,297,8,NaN,NaN,NaN,NaN,NaN,NaN,NaN,NaN,NaN,NaN,DB,NW,B,B,165,1008,NaN,S,50,NaN,
2017042412,a3w.2017,9X-A3W,TS,NN,12.4,137.4,20,1006,292,9,292,9,NaN,NaN,NaN,NaN,NaN,NaN,NaN,NaN,NaN,NaN,DB,NW,B,B,165,1008,NaN,S,50,NaN,
2017042418,03w.2017,MUIFA,TS,NN,12.4,136.5,20,1007,308,2,279,9,NaN,NaN,NaN,NaN,NaN,NaN,NaN,NaN,NaN,NaN,DB,WN,B,B,170,1009,NaN,S,50,CRM,
2017042500,03w.2017,MUIFA,TS,NN,12.6,136.3,25,1004,308,2,281,5,NaN,NaN,NaN,NaN,NaN,NaN,NaN,NaN,NaN,NaN,TD,WN,B,B,170,1010,NaN,S,40,CRM,
2017042506,03w.2017,MUIFA,TS,NN,12.7,136.1,30,1005,308,2,308,2,NaN,NaN,NaN,NaN,NaN,NaN,NaN,NaN,NaN,NaN,TD,WN,B,B,170,1010,NaN,S,40,RCB,
2017042512,03w.2017,MUIFA,TS,NN,12.8,135.9,30,1005,297,2,297,2,NaN,NaN,NaN,NaN,NaN,NaN,NaN,NaN,NaN,NaN,TD,WN,B,B,170,1010,NaN,S,40,RCB,
2017042518,03w.2017,MUIFA,TS,NN,12.9,135.4,35,996,286,4,286,4,NaN,NaN,NaN,NaN,NaN,NaN,NaN,NaN,NaN,NaN,TS,WN,B,B,170,1009,NaN,M,40,CRM,
2017042600,03w.2017,MUIFA,TS,NN,13.0,134.8,35,996,281,5,281,5,50,50,60,,40,NaN,NaN,NaN,NaN,NaN,TS,WN,B,B,175,1009,NaN,M,25,CRM,
2017042606,03w.2017,MUIFA,TS,NN,13.3,134.4,35,996,292,5,292,5,50,50,60,,40,NaN,NaN,NaN,NaN,NaN,TS,WN,B,B,175,1009,NaN,M,25,RCB,
2017042612,03w.2017,MUIFA,TS,NN,13.8,134.2,35,996,324,5,324,5,41,50,45,30,40,NaN,NaN,NaN,NaN,NaN,TS,WN,B,B,75,1009,NaN,M,25,RCB,
2017042618,03w.2017,MUIFA,TS,NN,14.6,134.3,40,993,356,7,356,7,32,40,35,,20,NaN,NaN,NaN,NaN,NaN,TS,WN,B,B,145,1009,NaN,M,25,VDC,
2017042700,03w.2017,MUIFA,TS,NN,15.2,134.5,40,993,12,7,12,7,40,55,50,10,45,NaN,NaN,NaN,NaN,NaN,TS,WN,B,B,145,1009,NaN,M,25,VDC,
2017042706,03w.2017,MUIFA,TS,NN,15.9,134.6,35,996,13,7,13,7,NaN,NaN,NaN,NaN,NaN,NaN,NaN,NaN,NaN,NaN,TS,WN,B,B,145,1009,NaN,M,25,MEK,
2017042712,03w.2017,MUIFA,TS,NN,17.0,134.6,30,1006,3,9,3,9,NaN,NaN,NaN,NaN,NaN,NaN,NaN,NaN,NaN,NaN,TD,WN,B,B,145,1008,NaN,M,30,MEK,
2017042718,03w.2017,MUIFA,TS,NN,17.9,134.8,25,1007,5,10,5,10,NaN,NaN,NaN,NaN,NaN,NaN,NaN,NaN,NaN,NaN,TD,WN,B,B,145,1009,NaN,S,25,VDC,
2017042800,03w.2017,MUIFA,TS,NN,18.4,135.5,20,1007,31,8,31,8,NaN,NaN,NaN,NaN,NaN,NaN,NaN,NaN,NaN,NaN,DB,NW,B,B,145,1009,NaN,S,25,NaN,
2017042806,03w.2017,MUIFA,TS,NN,19.0,136.3,20,1007,54,9,52,9,NaN,NaN,NaN,NaN,NaN,NaN,NaN,NaN,NaN,NaN,DB,NW,B,B,130,1008,NaN,NaN,25,NaN,
2017042812,03w.2017,MUIFA,TS,NN,19.4,137.3,20,1007,65,10,60,10,NaN,NaN,NaN,NaN,NaN,NaN,NaN,NaN,NaN,NaN,DB,NW,B,B,130,1008,NaN,NaN,25,NaN,
2017042818,03w.2017,MUIFA,TS,NN,20.5,138.9,20,1007,58,14,58,14,NaN,NaN,NaN,NaN,NaN,NaN,NaN,NaN,NaN,NaN,DB,NW,B,B,130,1008,NaN,NaN,25,NaN,
2017042900,03w.2017,MUIFA,TS,NN,21.3,140.3,20,1007,56,17,56,17,NaN,NaN,NaN,NaN,NaN,NaN,NaN,NaN,NaN,NaN,DB,NW,B,B,130,1008,NaN,NaN,25,NaN,
2017060900,b6w.2017,9X-B6W,TS,NN,11.3,121.4,15,1010,303,5,303,5,NaN,NaN,NaN,NaN,NaN,NaN,NaN,NaN,NaN,NaN,DB,NW,B,B,NaN,NaN,0.03,NaN,NaN,NaN,
2017060906,b6w.2017,9X-B6W,TS,NN,11.5,120.9,15,1010,303,5,303,5,NaN,NaN,NaN,NaN,NaN,NaN,NaN,NaN,NaN,NaN,DB,NW,B,B,NaN,NaN,0.01,NaN,NaN,NaN,
2017060912,b6w.2017,9X-B6W,TS,NN,11.8,120.6,15,1010,303,5,303,5,NaN,NaN,NaN,NaN,NaN,NaN,NaN,NaN,NaN,NaN,DB,NW,B,B,NaN,NaN,0.09,NaN,NaN,NaN,
2017060918,b6w.2017,9X-B6W,TS,NN,12.7,120.0,15,1008,324,7,324,7,NaN,NaN,NaN,NaN,NaN,NaN,NaN,NaN,NaN,NaN,DB,NW,B,B,NaN,NaN,0.09,NaN,NaN,NaN,
2017061000,b6w.2017,9X-B6W,TS,NN,13.4,119.4,15,1010,316,9,324,10,NaN,NaN,NaN,NaN,NaN,NaN,NaN,NaN,NaN,NaN,DB,NW,B,B,110,1008,NaN,S,60,NaN,
2017061006,b6w.2017,9X-B6W,TS,NN,13.8,118.8,20,1007,316,9,313,8,NaN,NaN,NaN,NaN,NaN,NaN,NaN,NaN,NaN,NaN,DB,NW,B,B,150,1008,NaN,S,60,NaN,
2017061012,b6w.2017,9X-B6W,TS,NN,14.7,118.1,20,1007,316,9,316,9,NaN,NaN,NaN,NaN,NaN,NaN,NaN,NaN,NaN,NaN,DB,NW,B,B,150,1011,NaN,S,60,NaN,
2017061018,b6w.2017,9X-B6W,TS,NN,15.6,117.5,25,1004,325,11,325,11,NaN,NaN,NaN,NaN,NaN,NaN,NaN,NaN,NaN,NaN,TD,NW,B,B,150,1011,NaN,S,60,NaN,
2017061100,04w.2017,MERBOK,TS,NN,16.5,117.0,30,1000,330,10,330,10,NaN,NaN,NaN,NaN,NaN,NaN,NaN,NaN,NaN,NaN,TD,WN,B,B,150,1011,NaN,S,60,RCB,
2017061106,04w.2017,MERBOK,TS,NN,17.6,116.4,35,996,332,11,332,11,58,60,50,45,75,NaN,NaN,NaN,NaN,NaN,TS,WN,B,B,150,1006,NaN,S,55,DMP,
2017061112,04w.2017,MERBOK,TS,NN,18.3,116.1,35,999,334,10,334,10,39,50,45,30,30,NaN,NaN,NaN,NaN,NaN,TS,WN,B,B,125,1005,NaN,S,50,DMP,
2017061118,04w.2017,MERBOK,TS,NN,19.5,115.5,40,993,336,10,336,10,48,55,50,45,40,NaN,NaN,NaN,NaN,NaN,TS,WN,B,B,125,1005,NaN,S,50,RCB,
2017061200,04w.2017,MERBOK,TS,NN,20.2,115.0,45,989,331,11,331,11,48,55,50,45,40,NaN,NaN,NaN,NaN,NaN,TS,WN,B,B,125,1005,NaN,S,50,RCB,
2017061206,04w.2017,MERBOK,TS,NN,21.3,114.6,45,989,335,10,335,10,48,55,50,45,40,NaN,NaN,NaN,NaN,NaN,TS,WN,B,B,145,1005,NaN,M,40,DMP,
2017061212,04w.2017,MERBOK,TS,NN,22.1,114.4,45,989,344,10,344,10,44,40,50,45,40,NaN,NaN,NaN,NaN,NaN,TS,WN,B,B,145,1003,0.08,M,40,DMP,
2017061218,04w.2017,MERBOK,TS,NN,23.0,114.6,35,996,360,8,360,8,42,40,45,45,40,NaN,NaN,NaN,NaN,NaN,TS,WN,B,B,145,1004,0.87,M,40,SJB,
2017061300,04w.2017,MERBOK,TS,NN,23.8,114.9,25,1004,15,9,15,9,NaN,NaN,NaN,NaN,NaN,NaN,NaN,NaN,NaN,NaN,TD,NW,B,B,145,1006,0.97,M,40,NaN,
2017061306,04w.2017,MERBOK,TS,NN,24.9,116.0,25,1004,34,11,34,11,NaN,NaN,NaN,NaN,NaN,NaN,NaN,NaN,NaN,NaN,TD,NW,B,B,145,1006,0.99,NaN,40,NaN,
2017062900,b9w.2017,9X-B9W,TS,NN,9.8,139.5,15,1010,284,13,284,13,NaN,NaN,NaN,NaN,NaN,NaN,NaN,NaN,NaN,NaN,DB,NW,B,B,125,1010,NaN,NaN,20,NaN,
2017062906,b9w.2017,9X-B9W,TS,NN,10.0,138.3,15,1010,284,13,284,13,NaN,NaN,NaN,NaN,NaN,NaN,NaN,NaN,NaN,NaN,DB,NW,B,B,125,1010,NaN,NaN,20,NaN,
2017062912,b9w.2017,9X-B9W,TS,NN,10.4,137.0,15,1008,284,13,284,13,NaN,NaN,NaN,NaN,NaN,NaN,NaN,NaN,NaN,NaN,DB,NW,B,B,125,1010,NaN,NaN,20,NaN,
2017062918,b9w.2017,9X-B9W,TS,NN,11.2,135.9,15,1008,297,13,297,13,NaN,NaN,NaN,NaN,NaN,NaN,NaN,NaN,NaN,NaN,DB,NW,B,B,125,1010,NaN,NaN,20,NaN,
2017063000,b9w.2017,9X-B9W,TS,NN,11.6,135.4,20,1008,307,10,307,10,NaN,NaN,NaN,NaN,NaN,NaN,NaN,NaN,NaN,NaN,DB,NW,B,B,125,1010,NaN,S,20,NaN,
2017063006,b9w.2017,9X-B9W,TS,NN,11.8,134.9,20,1008,301,6,301,6,NaN,NaN,NaN,NaN,NaN,NaN,NaN,NaN,NaN,NaN,DB,NW,B,B,150,1010,NaN,S,25,NaN,
2017063012,b9w.2017,9X-B9W,TS,NN,12.4,134.0,20,1006,300,8,300,8,NaN,NaN,NaN,NaN,NaN,NaN,NaN,NaN,NaN,NaN,DB,NW,B,B,165,1008,NaN,S,30,NaN,
2017063018,b9w.2017,9X-B9W,TS,NN,13.2,133.3,20,1006,312,10,312,10,NaN,NaN,NaN,NaN,NaN,NaN,NaN,NaN,NaN,NaN,DB,NW,B,B,170,1008,NaN,S,40,NaN,
2017070100,b9w.2017,9X-B9W,TS,NN,14.3,132.2,20,1006,317,13,317,13,NaN,NaN,NaN,NaN,NaN,NaN,NaN,NaN,NaN,NaN,DB,NW,B,B,180,1008,NaN,S,40,NaN,
2017070106,b9w.2017,9X-B9W,TS,NN,15.5,131.1,20,1006,317,16,317,16,NaN,NaN,NaN,NaN,NaN,NaN,NaN,NaN,NaN,NaN,DB,NW,B,B,180,1008,NaN,S,40,NaN,
2017070112,b9w.2017,9X-B9W,TS,NN,18.2,129.4,20,1006,317,17,325,24,NaN,NaN,NaN,NaN,NaN,NaN,NaN,NaN,NaN,NaN,WV,NW,B,B,190,1008,NaN,S,40,NaN,
2017070118,b9w.2017,9X-B9W,TS,NN,19.4,128.2,25,1004,317,17,325,24,NaN,NaN,NaN,NaN,NaN,NaN,NaN,NaN,NaN,NaN,TD,NW,B,B,180,1008,NaN,S,40,NaN,
2017070200,05w.2017,NANMADOL,TS,NN,20.7,126.9,35,996,317,17,317,17,NaN,NaN,NaN,NaN,NaN,NaN,NaN,NaN,NaN,NaN,TS,WN,B,B,180,1008,NaN,S,40,CRM,
2017070206,05w.2017,NANMADOL,TS,NN,22.3,125.6,35,1005,320,19,320,19,52,60,60,45,45,NaN,NaN,NaN,NaN,NaN,TS,WN,B,B,170,1008,NaN,S,35,SJB,
2017070212,05w.2017,NANMADOL,TS,NN,23.6,124.6,40,1003,324,18,324,18,52,60,60,45,45,NaN,NaN,NaN,NaN,NaN,TS,WN,B,B,170,1008,NaN,S,35,SJB,
2017070218,05w.2017,NANMADOL,TS,NN,24.9,124.1,45,1000,332,15,332,15,35,40,40,30,30,NaN,NaN,NaN,NaN,NaN,TS,WN,B,B,130,1008,NaN,M,20,CRM,
2017070300,05w.2017,NANMADOL,TS,NN,26.2,124.2,50,996,352,13,352,13,40,45,45,40,30,18,20,15,40,,TS,WN,B,B,125,1008,NaN,M,20,CRM,
2017070306,05w.2017,NANMADOL,TS,NN,27.8,125.0,60,988,16,15,16,15,45,60,60,30,30,20,20,20,30,20,TS,WN,B,B,125,1008,NaN,D,15,SJB,
2017070312,05w.2017,NANMADOL,TS,NN,29.6,126.1,60,986,26,19,26,19,45,60,60,30,30,20,20,20,30,20,TS,WN,B,B,110,1006,NaN,D,15,SJB,
2017070318,05w.2017,NANMADOL,TS,NN,31.3,127.7,55,989,34,21,34,21,55,55,80,60,25,27,20,35,60,,TS,WN,B,B,110,1006,NaN,D,15,RCB,
2017070400,05w.2017,NANMADOL,TS,NN,32.8,130.4,50,985,49,24,49,24,50,50,60,65,25,NaN,NaN,NaN,NaN,NaN,TS,WN,B,B,110,1006,0.75,M,15,RCB,
2017070406,05w.2017,NANMADOL,TS,NN,33.5,134.2,50,985,68,30,68,30,52,50,60,60,40,NaN,NaN,NaN,NaN,NaN,TS,WN,B,B,100,1005,0.51,M,15,DMP,
2017070412,05w.2017,NANMADOL,TS,NN,34.3,138.4,45,989,77,34,77,34,70,75,80,85,40,NaN,NaN,NaN,NaN,NaN,TS,WN,B,B,100,1006,0.20,M,15,NaN,
2017070418,05w.2017,NANMADOL,TS,NN,35.2,142.1,45,989,75,34,75,34,95,80,115,125,60,NaN,NaN,NaN,NaN,NaN,TS,WN,B,B,100,1006,NaN,S,15,RCB,
2017070500,05w.2017,NANMADOL,TS,NN,36.0,145.9,40,993,75,32,75,32,102,80,120,150,60,NaN,NaN,NaN,NaN,NaN,TS,NW,B,B,100,1006,NaN,NaN,15,NaN,
2017070506,05w.2017,NANMADOL,TS,NN,36.9,150.1,40,993,75,33,75,33,112,90,130,170,60,NaN,NaN,NaN,NaN,NaN,EX,NW,B,B,100,1006,NaN,NaN,15,NaN,
2017070512,05w.2017,NANMADOL,TS,NN,37.4,154.8,25,1004,78,37,79,36,NaN,NaN,NaN,NaN,NaN,NaN,NaN,NaN,NaN,NaN,EX,NW,B,B,100,1006,NaN,NaN,15,NaN,
2017071406,b4w.2017,9X-B4W,TS,NN,16.2,113.0,20,1004,310,3,310,3,NaN,NaN,NaN,NaN,NaN,NaN,NaN,NaN,NaN,NaN,DB,NW,B,B,150,1008,NaN,NaN,NaN,NaN,
2017071412,b4w.2017,9X-B4W,TS,NN,16.4,112.8,20,1007,310,3,310,3,NaN,NaN,NaN,NaN,NaN,NaN,NaN,NaN,NaN,NaN,DB,NW,B,B,150,1008,NaN,NaN,NaN,NaN,
2017071418,b4w.2017,9X-B4W,TS,NN,16.6,112.5,20,1006,310,3,310,3,NaN,NaN,NaN,NaN,NaN,NaN,NaN,NaN,NaN,NaN,DB,NW,B,B,150,1008,NaN,NaN,NaN,NaN,
2017071500,b4w.2017,9X-B4W,TS,NN,16.9,112.3,25,1004,291,6,316,3,NaN,NaN,NaN,NaN,NaN,NaN,NaN,NaN,NaN,NaN,TD,NW,B,B,150,1004,NaN,S,40,NaN,
2017071506,b4w.2017,9X-B4W,TS,NN,17.1,111.8,25,1004,291,6,307,4,NaN,NaN,NaN,NaN,NaN,NaN,NaN,NaN,NaN,NaN,TD,NW,B,B,170,1001,NaN,S,40,NaN,
2017071512,06w.2017,TALAS,TS,NN,17.3,111.2,30,997,291,6,291,6,NaN,NaN,NaN,NaN,NaN,NaN,NaN,NaN,NaN,NaN,TD,WN,B,B,170,1002,NaN,S,40,SJB,
2017071518,06w.2017,TALAS,TS,NN,17.6,110.1,35,995,287,8,287,8,89,90,95,75,95,NaN,NaN,NaN,NaN,NaN,TS,WN,B,B,200,1003,NaN,M,60,OHS,
2017071600,06w.2017,TALAS,TS,NN,18.0,109.3,40,993,291,10,291,10,90,95,100,75,90,NaN,NaN,NaN,NaN,NaN,TS,WN,B,B,200,1003,0.18,M,50,OHS,
2017071606,06w.2017,TALAS,TS,NN,18.3,108.3,50,985,292,9,292,9,90,95,100,75,90,25,25,25,75,25,TS,WN,B,B,190,1002,0.18,D,25,SJB,
2017071612,06w.2017,TALAS,TS,NN,18.5,107.1,50,987,283,11,283,11,74,85,60,60,90,30,40,20,60,40,TS,WN,B,B,175,1001,NaN,D,40,SJB,
2017071618,06w.2017,TALAS,TS,NN,18.8,105.7,45,989,281,13,281,13,74,85,60,60,90,NaN,NaN,NaN,NaN,NaN,TS,WN,B,B,175,1001,0.73,M,40,OHS,
2017071700,06w.2017,TALAS,TS,NN,18.9,103.7,40,993,277,16,277,16,74,85,60,60,90,NaN,NaN,NaN,NaN,NaN,TS,NW,B,B,140,1001,0.99,NaN,40,NaN,
2017071706,06w.2017,TALAS,TS,NN,19.0,101.9,30,1000,273,18,273,18,NaN,NaN,NaN,NaN,NaN,NaN,NaN,NaN,NaN,NaN,TD,NW,B,B,140,1001,0.99,NaN,40,NaN,
2017071712,06w.2017,TALAS,TS,NN,19.5,100.2,20,1007,280,17,280,17,NaN,NaN,NaN,NaN,NaN,NaN,NaN,NaN,NaN,NaN,DB,NW,B,B,140,1001,0.99,NaN,40,NaN,
2017071912,c5w.2017,9X-C5W,STY,NN,26.4,160.2,20,1006,336,3,336,3,NaN,NaN,NaN,NaN,NaN,NaN,NaN,NaN,NaN,NaN,DB,NW,B,B,150,1008,NaN,S,NaN,NaN,
2017071918,c5w.2017,9X-C5W,STY,NN,26.7,160.0,20,1011,336,3,336,3,NaN,NaN,NaN,NaN,NaN,NaN,NaN,NaN,NaN,NaN,DB,NW,B,B,150,1013,NaN,S,30,NaN,
2017072000,c5w.2017,9X-C5W,STY,NN,27.0,159.9,20,1008,336,3,336,3,NaN,NaN,NaN,NaN,NaN,NaN,NaN,NaN,NaN,NaN,DB,NW,B,B,180,1012,NaN,S,50,NaN,
2017072006,c5w.2017,9X-C5W,STY,NN,27.3,159.7,20,1009,336,3,336,3,NaN,NaN,NaN,NaN,NaN,NaN,NaN,NaN,NaN,NaN,DB,NW,B,B,180,1012,NaN,S,50,NaN,
2017072012,c5w.2017,9X-C5W,STY,NN,27.6,158.9,20,1009,304,5,304,5,NaN,NaN,NaN,NaN,NaN,NaN,NaN,NaN,NaN,NaN,DB,NW,B,B,180,1012,NaN,S,50,NaN,
2017072018,07w.2017,NORU,STY,NN,27.9,158.2,25,1004,270,9,294,7,NaN,NaN,NaN,NaN,NaN,NaN,NaN,NaN,NaN,NaN,TD,WN,B,B,160,1011,NaN,M,50,BCH,
2017072100,07w.2017,NORU,STY,NN,27.9,157.0,30,1000,270,9,280,9,NaN,NaN,NaN,NaN,NaN,NaN,NaN,NaN,NaN,NaN,TD,WN,B,B,150,1012,NaN,M,40,BCH,
2017072106,07w.2017,NORU,STY,NN,27.9,156.1,35,996,270,9,270,9,NaN,NaN,NaN,NaN,NaN,NaN,NaN,NaN,NaN,NaN,TS,WN,B,B,150,1010,NaN,M,40,SJB,
2017072112,07w.2017,NORU,STY,NN,27.9,155.2,40,993,270,8,270,8,112,125,165,60,100,NaN,NaN,NaN,NaN,NaN,TS,WN,B,B,150,1010,NaN,M,40,SJB,
2017072118,07w.2017,NORU,STY,NN,27.9,154.4,40,993,270,8,270,8,112,125,165,60,100,NaN,NaN,NaN,NaN,NaN,TS,WN,B,B,170,1010,NaN,M,60,BCH,
2017072200,07w.2017,NORU,STY,NN,27.9,153.6,40,993,270,7,270,7,118,125,165,80,100,NaN,NaN,NaN,NaN,NaN,TS,WN,B,B,170,1010,NaN,M,60,BCH,
2017072206,07w.2017,NORU,STY,NN,28.0,153.1,45,990,275,6,275,6,118,125,165,80,100,NaN,NaN,NaN,NaN,NaN,TS,WN,B,B,185,1010,NaN,M,60,SJB,
2017072212,07w.2017,NORU,STY,NN,28.1,152.6,50,985,283,5,283,5,100,135,115,65,85,NaN,NaN,NaN,NaN,NaN,TS,WN,B,B,190,1007,NaN,M,40,SJB,
2017072218,07w.2017,NORU,STY,NN,28.3,151.9,50,985,286,5,286,5,94,125,105,60,85,NaN,NaN,NaN,NaN,NaN,TS,WN,B,B,190,1007,NaN,D,35,BCH,
2017072300,07w.2017,NORU,STY,NN,28.2,151.4,55,982,275,5,275,5,75,105,50,60,85,30,30,30,60,30,TS,WN,B,B,190,1007,NaN,D,30,BCH,
2017072306,07w.2017,NORU,STY,NN,28.1,151.2,65,974,252,3,252,3,86,115,85,60,85,30,30,30,60,30,TY,WN,B,B,190,1007,NaN,D,30,BRS,
2017072312,07w.2017,NORU,STY,NN,27.9,151.3,75,967,196,2,196,2,86,90,90,75,90,30,30,30,75,30,TY,WN,B,B,200,1007,NaN,D,10,BRS,
2017072318,07w.2017,NORU,STY,NN,27.5,151.6,85,959,149,3,149,3,86,90,90,75,90,30,30,30,75,30,TY,WN,B,B,200,1006,NaN,D,7,BHD,
2017072400,07w.2017,NORU,STY,NN,27.1,152.3,90,956,132,6,132,6,86,90,90,75,90,30,30,30,75,30,TY,WN,B,B,190,1005,NaN,D,10,BHD,
2017072406,07w.2017,NORU,STY,NN,26.7,153.1,85,959,121,8,121,8,95,95,95,95,95,30,30,30,95,30,TY,WN,B,B,200,1005,NaN,D,10,BRS,
2017072412,07w.2017,NORU,STY,NN,26.2,154.2,85,959,118,10,118,10,95,95,95,95,95,30,30,30,95,30,TY,WN,B,B,200,1005,NaN,D,10,BRS,
2017072418,07w.2017,NORU,STY,NN,25.8,155.5,85,959,113,12,113,12,95,95,95,95,95,30,30,30,95,30,TY,WN,B,B,200,1005,NaN,D,10,SJB,
2017072500,07w.2017,NORU,STY,NN,25.7,156.7,85,959,103,12,103,12,95,95,95,95,95,30,30,30,95,30,TY,WN,B,B,200,1004,NaN,D,10,SJB,
2017072506,07w.2017,NORU,STY,NN,25.8,157.6,85,961,90,9,90,9,122,130,130,115,115,30,30,30,115,30,TY,WN,B,B,220,1003,NaN,D,15,BRS,
2017072512,07w.2017,NORU,STY,NN,26.2,158.2,85,959,70,7,70,7,120,130,130,120,100,55,60,60,120,50,TY,WN,B,B,220,1003,NaN,D,15,BRS,
2017072518,07w.2017,NORU,STY,NN,27.0,158.4,80,963,31,7,31,7,119,145,125,110,95,61,80,65,110,45,TY,WN,B,B,220,1003,NaN,D,10,SJB,
2017072600,07w.2017,NORU,STY,NN,28.0,157.9,80,963,352,9,352,9,146,180,160,115,130,62,85,65,115,45,TY,WN,B,B,220,1003,NaN,D,12,SJB,
2017072606,07w.2017,NORU,STY,NN,29.0,157.0,80,963,328,12,328,12,146,180,160,115,130,62,85,65,115,45,TY,WN,B,B,210,1003,NaN,D,10,CRM,
2017072612,07w.2017,NORU,STY,NN,29.8,155.6,75,967,312,14,312,14,126,160,100,115,130,64,80,60,115,60,TY,WN,B,B,185,1003,NaN,D,30,NaN,
2017072618,07w.2017,NORU,STY,NN,30.4,153.8,75,967,297,16,297,16,140,190,125,115,130,60,80,60,115,45,TY,WN,B,B,190,1003,NaN,D,12,BCH,
2017072700,07w.2017,NORU,STY,NN,30.7,152.0,75,967,286,16,286,16,100,135,80,70,115,61,70,50,70,80,TY,WN,B,B,175,1003,NaN,D,15,BCH,
2017072706,07w.2017,NORU,STY,NN,31.0,150.4,75,967,282,15,282,15,100,135,80,70,115,68,90,55,70,75,TY,WN,B,B,180,1005,NaN,D,10,CRM,
2017072712,07w.2017,NORU,STY,NN,30.7,148.5,75,971,270,15,270,15,122,170,110,70,140,58,75,50,70,80,TY,WN,B,B,190,1005,NaN,D,10,CRM,
2017072718,07w.2017,NORU,STY,NN,30.3,146.8,70,970,257,16,257,16,122,170,110,70,140,58,75,50,70,80,TY,WN,B,B,150,1003,NaN,D,10,BCH,
2017072800,07w.2017,NORU,STY,NN,29.6,145.3,70,970,248,15,248,15,122,170,110,70,140,58,75,50,70,80,TY,WN,B,B,165,1002,NaN,D,10,BCH,
2017072806,07w.2017,NORU,STY,NN,29.0,144.4,70,970,238,12,238,12,122,170,110,70,140,58,75,50,70,80,TY,WN,B,B,180,1003,NaN,D,10,CRM,
2017072812,07w.2017,NORU,STY,NN,28.2,143.6,65,975,227,10,227,10,108,110,110,70,140,58,75,50,70,80,TY,WN,B,B,190,1003,NaN,D,10,CRM,
2017072818,07w.2017,NORU,STY,NN,27.6,143.1,65,976,219,9,219,9,71,60,55,75,95,32,30,30,75,30,TY,WN,B,B,195,1001,NaN,D,10,BCH,
2017072900,07w.2017,NORU,STY,NN,26.8,142.8,65,976,207,8,207,8,71,60,55,75,95,40,40,40,75,40,TY,WN,B,B,195,1001,NaN,D,10,BCH,
2017072906,07w.2017,NORU,STY,NN,26.1,142.4,65,976,203,8,203,8,66,55,50,70,90,42,40,40,70,45,TY,WN,B,B,200,1001,NaN,D,15,DMP,
2017072912,07w.2017,NORU,STY,NN,25.3,142.0,65,974,206,8,206,8,68,55,50,75,90,44,40,40,75,50,TY,WN,B,B,200,1001,NaN,D,15,DMP,
2017072918,07w.2017,NORU,STY,NN,24.5,141.9,65,974,196,8,196,8,79,70,70,90,85,35,30,30,90,40,TY,WN,B,B,200,1001,NaN,D,15,SJB,
2017073000,07w.2017,NORU,STY,NN,23.9,141.8,75,967,187,7,187,7,114,100,110,120,125,55,55,45,120,60,TY,WN,B,B,200,1001,NaN,D,15,SJB,
2017073006,07w.2017,NORU,STY,NN,23.2,141.7,90,956,188,7,188,7,115,115,105,115,125,58,55,55,115,65,TY,WN,B,B,220,1003,NaN,D,15,CRM,
2017073012,07w.2017,NORU,STY,NN,22.9,141.4,115,937,200,5,200,5,101,100,100,100,105,58,60,55,100,65,TY,WN,B,B,220,1003,NaN,D,12,CRM,
2017073018,07w.2017,NORU,STY,NN,22.8,140.9,135,922,241,4,241,4,131,135,120,130,140,71,75,65,130,75,ST,WN,B,B,230,1003,NaN,D,12,SJB,
2017073100,07w.2017,NORU,STY,NN,22.7,140.4,130,924,258,5,258,5,131,135,120,130,140,71,75,65,130,75,ST,WN,B,B,230,1003,NaN,D,12,SJB,
2017073106,07w.2017,NORU,STY,NN,22.9,139.9,130,924,276,5,276,5,115,110,120,120,110,68,65,70,120,65,ST,WN,B,B,210,1003,NaN,D,12,CRM,
2017073112,07w.2017,NORU,STY,NN,23.0,139.2,125,931,285,6,285,6,115,110,120,120,110,68,65,70,120,65,TY,WN,B,B,220,1005,NaN,D,12,CRM,
2017073118,07w.2017,NORU,STY,NN,23.3,138.8,115,937,292,5,292,5,135,125,140,135,140,74,65,80,135,75,TY,WN,B,B,210,1003,NaN,D,12,BCH,
2017080100,07w.2017,NORU,STY,NN,23.6,138.2,105,946,303,5,303,5,135,140,140,120,140,72,75,75,120,75,TY,WN,B,B,215,1004,NaN,D,12,BCH,
2017080106,07w.2017,NORU,STY,NN,24.0,137.7,100,948,305,6,305,6,135,140,140,120,140,72,75,75,120,75,TY,NW,B,B,215,1004,NaN,D,12,NaN,
2017080112,07w.2017,NORU,STY,NN,24.5,137.2,95,952,315,6,315,6,125,130,130,110,130,62,65,65,110,65,TY,WN,B,B,215,1005,NaN,D,22,DMP,
2017080118,07w.2017,NORU,STY,NN,25.0,136.7,90,956,318,7,318,7,122,125,130,115,120,65,65,70,115,65,TY,WN,B,B,205,1005,NaN,D,30,BCH,
2017080200,07w.2017,NORU,STY,NN,25.4,136.3,90,956,318,6,318,6,119,125,120,110,120,62,65,65,110,65,TY,WN,B,B,205,1002,NaN,D,15,BCH,
2017080206,07w.2017,NORU,STY,NN,25.9,135.9,90,956,321,6,321,6,129,135,130,120,130,80,85,85,120,85,TY,WN,B,B,205,1002,NaN,D,25,DMP,
2017080212,07w.2017,NORU,STY,NN,26.2,135.7,90,956,326,5,326,5,129,135,130,120,130,80,85,85,120,85,TY,WN,B,B,205,1001,NaN,D,27,DMP,
2017080218,07w.2017,NORU,STY,NN,26.7,135.3,90,956,326,5,326,5,129,135,130,120,130,80,85,85,120,85,TY,WN,B,B,205,1001,NaN,D,35,RCB,
2017080300,07w.2017,NORU,STY,NN,27.4,134.8,90,953,326,7,326,7,129,135,130,120,130,80,85,85,120,85,TY,WN,B,B,205,1001,NaN,D,35,RCB,
2017080306,07w.2017,NORU,STY,NN,28.0,134.1,85,956,321,8,321,8,130,170,125,100,125,54,65,50,100,55,TY,WN,B,B,190,1000,NaN,D,30,SJB,
2017080312,07w.2017,NORU,STY,NN,28.3,133.2,80,963,302,8,302,8,128,160,125,100,125,54,65,50,100,55,TY,WN,B,B,190,1000,NaN,D,30,SJB,
2017080318,07w.2017,NORU,STY,NN,28.4,132.3,80,963,284,8,284,8,128,160,125,100,125,54,65,50,100,55,TY,WN,B,B,190,1000,NaN,D,30,RCB,
2017080400,07w.2017,NORU,STY,NN,28.5,131.7,80,963,279,7,279,7,128,160,125,100,125,54,65,50,100,55,TY,WN,B,B,195,1002,NaN,D,30,CRM,
2017080406,07w.2017,NORU,STY,NN,28.7,131.1,80,963,286,5,286,5,140,160,125,125,150,79,80,70,125,95,TY,WN,B,B,200,1002,NaN,D,25,CRM,
2017080412,07w.2017,NORU,STY,NN,29.0,130.7,80,963,300,5,300,5,108,120,120,90,100,75,80,70,90,80,TY,WN,B,B,200,1002,NaN,D,22,SJB,
2017080418,07w.2017,NORU,STY,NN,29.3,130.5,80,962,319,4,319,4,108,120,120,90,100,75,80,70,90,80,TY,WN,B,B,185,1003,NaN,D,27,OHS,
2017080500,07w.2017,NORU,STY,NN,29.6,130.3,80,962,330,3,330,3,120,140,115,105,120,55,65,45,105,65,TY,WN,B,B,185,1003,NaN,D,25,CRM,
2017080506,07w.2017,NORU,STY,NN,29.9,130.2,80,962,337,3,337,3,105,120,105,90,105,52,70,40,90,65,TY,WN,B,B,185,1003,0.03,D,25,DMP,
2017080512,07w.2017,NORU,STY,NN,30.0,130.2,75,967,348,2,348,2,105,120,105,90,105,52,70,40,90,65,TY,WN,B,B,190,1001,0.03,D,20,DMP,
2017080518,07w.2017,NORU,STY,NN,30.3,130.6,75,967,41,3,41,3,109,110,105,115,105,61,60,65,115,55,TY,WN,B,B,185,1000,0.08,D,20,CRM,
2017080600,07w.2017,NORU,STY,NN,30.7,130.9,75,967,41,5,41,5,109,110,105,115,105,61,60,65,115,55,TY,WN,B,B,180,1000,0.07,D,20,CRM,
2017080606,07w.2017,NORU,STY,NN,31.0,131.5,75,967,48,5,48,5,109,110,105,115,105,61,60,65,115,55,TY,WN,B,B,200,998,0.06,D,7,DMP,
2017080612,07w.2017,NORU,STY,NN,31.7,132.4,70,970,52,8,52,8,109,110,105,115,105,61,60,65,115,55,TY,WN,B,B,200,998,NaN,D,17,DMP,
2017080618,07w.2017,NORU,STY,NN,32.5,133.0,65,968,40,10,40,10,109,110,105,115,105,61,60,65,115,55,TY,WN,B,B,200,998,0.10,D,12,NaN,
2017080700,07w.2017,NORU,STY,NN,33.2,134.0,65,968,42,10,42,10,109,110,105,115,105,61,60,65,115,55,TY,WN,B,B,200,998,0.05,D,12,RCB,
2017080706,07w.2017,NORU,STY,NN,34.0,135.1,65,968,49,12,49,12,109,110,105,115,105,61,60,65,115,55,TY,WN,B,B,200,998,0.40,D,12,DMP,
2017080712,07w.2017,NORU,STY,NN,35.2,136.3,55,977,44,14,44,14,109,110,105,115,105,61,60,65,115,55,TS,WN,B,B,200,1000,0.76,D,12,DMP,
2017080718,07w.2017,NORU,STY,NN,36.2,137.0,30,996,35,13,35,13,NaN,NaN,NaN,NaN,NaN,NaN,NaN,NaN,NaN,NaN,TD,WN,B,B,200,996,0.99,S,30,OHS,
2017080800,07w.2017,NORU,STY,NN,37.1,137.6,25,1004,29,11,29,11,NaN,NaN,NaN,NaN,NaN,NaN,NaN,NaN,NaN,NaN,TD,WN,B,B,200,996,0.48,S,30,OHS,
2017080806,07w.2017,NORU,STY,NN,38.0,138.3,20,1007,30,10,30,10,NaN,NaN,NaN,NaN,NaN,NaN,NaN,NaN,NaN,NaN,DB,WN,B,B,210,996,0.18,NaN,45,MEK,
2017080812,07w.2017,NORU,STY,NN,38.4,139.1,25,986,50,8,42,9,NaN,NaN,NaN,NaN,NaN,NaN,NaN,NaN,NaN,NaN,TD,WN,B,B,210,996,0.03,S,45,SJB,
2017080818,07w.2017,NORU,STY,NN,38.7,139.4,20,988,53,6,51,6,NaN,NaN,NaN,NaN,NaN,NaN,NaN,NaN,NaN,NaN,DB,NW,B,B,210,996,0.42,S,45,NaN,
2017080900,07w.2017,NORU,STY,NN,39.1,139.6,20,988,29,4,29,4,NaN,NaN,NaN,NaN,NaN,NaN,NaN,NaN,NaN,NaN,DB,NW,B,B,210,996,0.19,S,45,NaN,
2017072006,c6w.2017,9X-C6W,TS,NN,14.9,116.3,15,1010,334,9,334,11,NaN,NaN,NaN,NaN,NaN,NaN,NaN,NaN,NaN,NaN,DB,NW,B,B,NaN,NaN,NaN,NaN,NaN,NaN,
2017072012,c6w.2017,9X-C6W,TS,NN,16.1,116.0,20,1007,314,9,334,11,NaN,NaN,NaN,NaN,NaN,NaN,NaN,NaN,NaN,NaN,DB,NW,B,B,NaN,NaN,NaN,NaN,NaN,NaN,
2017072018,c6w.2017,9X-C6W,TS,NN,16.9,115.3,25,1004,314,9,334,11,NaN,NaN,NaN,NaN,NaN,NaN,NaN,NaN,NaN,NaN,TD,NW,B,B,NaN,NaN,NaN,NaN,NaN,NaN,
2017072100,08w.2017,SONCA,TS,NN,17.4,114.6,30,1004,314,9,314,9,NaN,NaN,NaN,NaN,NaN,NaN,NaN,NaN,NaN,NaN,TD,WN,B,B,90,1008,NaN,S,45,SJB,
2017072106,08w.2017,SONCA,TS,NN,17.5,114.2,30,1000,300,6,300,6,NaN,NaN,NaN,NaN,NaN,NaN,NaN,NaN,NaN,NaN,TD,WN,B,B,160,1008,NaN,S,35,SJB,
2017072112,08w.2017,SONCA,TS,NN,17.6,113.6,30,1004,282,5,282,5,NaN,NaN,NaN,NaN,NaN,NaN,NaN,NaN,NaN,NaN,TD,WN,B,B,100,1008,NaN,S,35,SJB,
2017072118,08w.2017,SONCA,TS,NN,17.7,113.1,30,1000,281,5,281,5,NaN,NaN,NaN,NaN,NaN,NaN,NaN,NaN,NaN,NaN,TD,WN,B,B,100,1008,NaN,S,35,RCB,
2017072200,08w.2017,SONCA,TS,NN,17.9,112.7,30,1000,289,5,289,5,NaN,NaN,NaN,NaN,NaN,NaN,NaN,NaN,NaN,NaN,TD,WN,B,B,100,1008,NaN,S,35,RCB,
2017072206,08w.2017,SONCA,TS,NN,17.9,112.3,30,1003,285,4,285,4,NaN,NaN,NaN,NaN,NaN,NaN,NaN,NaN,NaN,NaN,TD,WN,B,B,100,1008,NaN,S,35,SJB,
2017072212,08w.2017,SONCA,TS,NN,17.7,112.1,30,1003,251,3,251,3,NaN,NaN,NaN,NaN,NaN,NaN,NaN,NaN,NaN,NaN,TD,WN,B,B,100,1008,NaN,S,35,SJB,
2017072218,08w.2017,SONCA,TS,NN,17.6,111.8,30,1003,238,3,238,3,NaN,NaN,NaN,NaN,NaN,NaN,NaN,NaN,NaN,NaN,TD,WN,B,B,100,1006,NaN,S,35,RCB,
2017072300,08w.2017,SONCA,TS,NN,17.6,111.6,35,1000,258,2,258,2,45,40,40,50,50,NaN,NaN,NaN,NaN,NaN,TS,WN,B,B,100,1006,NaN,S,35,BHD,
2017072306,08w.2017,SONCA,TS,NN,17.5,111.5,35,1000,251,2,251,2,32,30,35,35,30,NaN,NaN,NaN,NaN,NaN,TS,WN,B,B,130,1005,NaN,M,35,CRM,
2017072312,08w.2017,SONCA,TS,NN,17.3,111.6,35,998,180,2,180,2,32,30,35,35,30,NaN,NaN,NaN,NaN,NaN,TS,WN,B,B,135,1004,NaN,M,35,CRM,
2017072318,08w.2017,SONCA,TS,NN,17.2,111.6,35,996,162,2,162,2,32,30,35,35,30,NaN,NaN,NaN,NaN,NaN,TS,WN,B,B,135,1004,NaN,M,35,BHD,
2017072400,08w.2017,SONCA,TS,NN,17.0,111.3,35,996,224,2,224,2,42,40,45,45,40,NaN,NaN,NaN,NaN,NaN,TS,WN,B,B,135,1003,NaN,M,35,BHD,
2017072406,08w.2017,SONCA,TS,NN,16.9,110.7,40,993,251,5,251,5,42,40,45,45,40,NaN,NaN,NaN,NaN,NaN,TS,WN,B,B,140,1004,NaN,M,20,CRM,
2017072412,08w.2017,SONCA,TS,NN,16.9,110.1,45,989,265,6,265,6,42,40,45,45,40,NaN,NaN,NaN,NaN,NaN,TS,WN,B,B,140,1002,NaN,M,20,CRM,
2017072418,08w.2017,SONCA,TS,NN,17.0,109.6,45,989,275,5,275,5,45,40,45,45,50,NaN,NaN,NaN,NaN,NaN,TS,WN,B,B,140,1002,NaN,M,20,RCB,
2017072500,08w.2017,SONCA,TS,NN,17.0,108.4,45,989,274,8,274,8,56,60,55,50,60,NaN,NaN,NaN,NaN,NaN,TS,WN,B,B,120,1002,NaN,M,20,RCB,
2017072506,08w.2017,SONCA,TS,NN,17.0,107.1,45,989,270,12,270,12,45,45,45,45,45,NaN,NaN,NaN,NaN,NaN,TS,WN,B,B,140,1002,0.62,NaN,20,BRS,
2017072512,08w.2017,SONCA,TS,NN,16.8,106.1,40,993,265,11,265,11,NaN,NaN,NaN,NaN,NaN,NaN,NaN,NaN,NaN,NaN,TS,NW,B,B,120,1001,0.99,NaN,20,NaN,
2017072518,08w.2017,SONCA,TS,NN,16.6,104.9,35,996,259,11,259,11,NaN,NaN,NaN,NaN,NaN,NaN,NaN,NaN,NaN,NaN,TS,NW,B,B,120,1001,0.98,NaN,20,NaN,
2017072600,08w.2017,SONCA,TS,NN,16.4,104.1,30,1000,258,10,258,10,NaN,NaN,NaN,NaN,NaN,NaN,NaN,NaN,NaN,NaN,TD,NW,B,B,120,1001,0.98,NaN,20,NaN,
2017072000,c7w.2017,9X-C7W,TS,NN,22.7,177.9,15,1010,340,5,340,5,NaN,NaN,NaN,NaN,NaN,NaN,NaN,NaN,NaN,NaN,DB,NW,B,B,NaN,NaN,NaN,NaN,NaN,NaN,
2017072006,c7w.2017,9X-C7W,TS,NN,22.9,177.7,25,1010,340,5,340,5,NaN,NaN,NaN,NaN,NaN,NaN,NaN,NaN,NaN,NaN,SD,NW,B,B,180,1012,NaN,NaN,100,NaN,
2017072012,c7w.2017,9X-C7W,TS,NN,23.7,177.5,25,1008,340,5,340,5,NaN,NaN,NaN,NaN,NaN,NaN,NaN,NaN,NaN,NaN,SD,NW,B,B,170,1012,NaN,S,100,NaN,
2017072018,c7w.2017,9X-C7W,TS,NN,24.9,177.1,25,1004,360,9,345,10,NaN,NaN,NaN,NaN,NaN,NaN,NaN,NaN,NaN,NaN,TD,NW,B,B,175,1011,NaN,M,100,NaN,
2017072100,c7w.2017,9X-C7W,TS,NN,25.6,177.2,30,1000,360,9,352,10,NaN,NaN,NaN,NaN,NaN,NaN,NaN,NaN,NaN,NaN,TD,NW,B,B,180,1012,NaN,M,30,NaN,
2017072106,09w.2017,KULAP,TS,NN,26.7,177.1,35,996,360,9,360,9,180,160,180,,200,NaN,NaN,NaN,NaN,NaN,TS,WN,B,B,180,1012,NaN,M,30,SJB,
2017072112,09w.2017,KULAP,TS,NN,28.6,176.5,40,993,348,15,348,15,101,140,110,45,110,NaN,NaN,NaN,NaN,NaN,TS,WN,B,B,180,1011,NaN,M,30,SJB,
2017072118,09w.2017,KULAP,TS,NN,30.0,174.7,45,989,327,20,327,20,116,160,110,70,125,NaN,NaN,NaN,NaN,NaN,TS,WN,B,B,180,1011,NaN,M,50,BCH,
2017072200,09w.2017,KULAP,TS,NN,30.5,172.2,50,985,297,21,297,21,130,160,140,70,150,52,70,35,70,70,TS,WN,B,B,160,1010,NaN,M,50,BCH,
2017072206,09w.2017,KULAP,TS,NN,30.1,170.5,50,985,272,18,272,18,121,170,90,85,140,NaN,NaN,NaN,NaN,NaN,TS,WN,B,B,220,1010,NaN,D,35,SJB,
2017072212,09w.2017,KULAP,TS,NN,30.2,169.4,45,989,263,12,263,12,121,170,90,85,140,NaN,NaN,NaN,NaN,NaN,TS,WN,B,B,220,1010,NaN,D,35,SJB,
2017072218,09w.2017,KULAP,TS,NN,30.5,168.3,45,989,282,10,282,10,125,170,90,100,140,NaN,NaN,NaN,NaN,NaN,TS,WN,B,B,190,1008,NaN,D,35,BCH,
2017072300,09w.2017,KULAP,TS,NN,30.7,167.3,40,993,285,9,285,9,122,145,130,,90,NaN,NaN,NaN,NaN,NaN,TS,WN,B,B,190,1009,NaN,M,40,BCH,
2017072306,09w.2017,KULAP,TS,NN,31.1,166.2,40,993,288,10,288,10,115,135,130,,80,NaN,NaN,NaN,NaN,NaN,TS,WN,B,B,190,1009,NaN,M,40,BRS,
2017072312,09w.2017,KULAP,TS,NN,31.3,165.1,40,995,288,10,288,10,98,125,80,,90,NaN,NaN,NaN,NaN,NaN,TS,WN,B,B,185,1008,NaN,M,40,BRS,
2017072318,09w.2017,KULAP,TS,NN,31.6,163.9,40,993,284,10,284,10,98,125,80,,90,NaN,NaN,NaN,NaN,NaN,TS,WN,B,B,180,1008,NaN,M,40,BHD,
2017072400,09w.2017,KULAP,TS,NN,32.1,162.8,45,989,292,11,292,11,82,130,100,10,90,NaN,NaN,NaN,NaN,NaN,TS,WN,B,B,165,1005,NaN,M,35,BHD,
2017072406,09w.2017,KULAP,TS,NN,32.6,161.7,45,989,298,11,298,11,64,125,80,10,40,NaN,NaN,NaN,NaN,NaN,TS,WN,B,B,150,1004,NaN,M,35,BRS,
2017072412,09w.2017,KULAP,TS,NN,33.0,159.9,45,989,290,13,290,13,80,125,65,30,100,NaN,NaN,NaN,NaN,NaN,TS,WN,B,B,165,1005,NaN,M,30,BRS,
2017072418,09w.2017,KULAP,TS,NN,33.1,158.2,40,993,280,15,280,15,80,125,65,30,100,NaN,NaN,NaN,NaN,NaN,TS,WN,B,B,165,1005,NaN,M,30,SJB,
2017072500,09w.2017,KULAP,TS,NN,32.9,156.5,35,995,268,14,268,14,80,125,65,30,100,NaN,NaN,NaN,NaN,NaN,TS,WN,B,B,165,1004,NaN,M,30,SJB,
2017072506,09w.2017,KULAP,TS,NN,32.7,155.0,35,995,262,14,262,14,82,110,80,50,90,NaN,NaN,NaN,NaN,NaN,TS,WN,B,B,160,1003,NaN,M,30,BRS,
2017072512,09w.2017,KULAP,TS,NN,32.2,153.7,30,996,253,12,253,12,NaN,NaN,NaN,NaN,NaN,NaN,NaN,NaN,NaN,NaN,TD,WN,B,B,130,1003,NaN,S,30,BRS,
2017072518,09w.2017,KULAP,TS,NN,32.0,152.4,30,997,252,12,252,12,NaN,NaN,NaN,NaN,NaN,NaN,NaN,NaN,NaN,NaN,TD,WN,B,B,130,1003,NaN,S,30,SJB,
2017072600,09w.2017,KULAP,TS,NN,31.7,151.0,30,998,258,12,258,12,NaN,NaN,NaN,NaN,NaN,NaN,NaN,NaN,NaN,NaN,TD,WN,B,B,130,1003,NaN,S,30,SJB,
2017072606,09w.2017,KULAP,TS,NN,31.1,149.8,30,1000,248,12,248,12,NaN,NaN,NaN,NaN,NaN,NaN,NaN,NaN,NaN,NaN,TD,NW,B,B,130,1003,NaN,NaN,30,NaN,
2017072612,09w.2017,KULAP,TS,NN,30.0,148.7,25,1004,229,13,229,13,NaN,NaN,NaN,NaN,NaN,NaN,NaN,NaN,NaN,NaN,TD,NW,B,B,130,1003,NaN,NaN,30,NaN,
2017072618,09w.2017,KULAP,TS,NN,29.1,147.8,20,1007,221,13,221,13,NaN,NaN,NaN,NaN,NaN,NaN,NaN,NaN,NaN,NaN,DB,NW,B,B,130,1003,NaN,NaN,30,NaN,
2017072700,09w.2017,KULAP,TS,NN,27.9,147.4,20,1007,208,12,208,12,NaN,NaN,NaN,NaN,NaN,NaN,NaN,NaN,NaN,NaN,DB,NW,B,B,NaN,NaN,NaN,NaN,30,NaN,
2017072706,09w.2017,KULAP,TS,NN,26.9,147.7,20,1007,182,11,182,11,NaN,NaN,NaN,NaN,NaN,NaN,NaN,NaN,NaN,NaN,DB,NW,B,B,NaN,NaN,NaN,NaN,30,NaN,
2017072712,09w.2017,KULAP,TS,NN,26.3,148.1,20,1007,159,9,159,9,NaN,NaN,NaN,NaN,NaN,NaN,NaN,NaN,NaN,NaN,DB,NW,B,B,NaN,NaN,NaN,NaN,30,NaN,
2017072718,09w.2017,KULAP,TS,NN,26.3,149.2,15,1010,114,7,114,7,NaN,NaN,NaN,NaN,NaN,NaN,NaN,NaN,NaN,NaN,DB,NW,B,B,NaN,NaN,NaN,NaN,30,NaN,
2017072800,09w.2017,KULAP,TS,NN,27.1,149.2,15,1010,51,6,51,6,NaN,NaN,NaN,NaN,NaN,NaN,NaN,NaN,NaN,NaN,DB,NW,B,B,NaN,NaN,NaN,NaN,30,NaN,
2017072806,09w.2017,KULAP,TS,NN,28.3,149.0,20,1007,358,11,355,10,NaN,NaN,NaN,NaN,NaN,NaN,NaN,NaN,NaN,NaN,DB,NW,B,B,NaN,NaN,NaN,NaN,30,NaN,
2017072812,09w.2017,KULAP,TS,NN,29.8,147.3,15,1010,329,17,328,16,NaN,NaN,NaN,NaN,NaN,NaN,NaN,NaN,NaN,NaN,DB,NW,B,B,NaN,NaN,NaN,NaN,30,NaN,
2017072006,c8w.2017,9X-C8W,TS,NN,17.5,125.8,15,1010,301,4,301,4,NaN,NaN,NaN,NaN,NaN,NaN,NaN,NaN,NaN,NaN,DB,NW,B,B,NaN,NaN,NaN,NaN,NaN,NaN,
2017072012,c8w.2017,9X-C8W,TS,NN,17.7,125.5,15,1010,301,4,301,4,NaN,NaN,NaN,NaN,NaN,NaN,NaN,NaN,NaN,NaN,DB,NW,B,B,NaN,NaN,NaN,NaN,NaN,NaN,
2017072018,c8w.2017,9X-C8W,TS,NN,17.9,125.1,15,1010,301,4,301,4,NaN,NaN,NaN,NaN,NaN,NaN,NaN,NaN,NaN,NaN,DB,NW,B,B,NaN,NaN,NaN,NaN,NaN,NaN,
2017072100,c8w.2017,9X-C8W,TS,NN,18.2,124.6,20,1009,300,5,300,5,NaN,NaN,NaN,NaN,NaN,NaN,NaN,NaN,NaN,NaN,DB,NW,B,B,150,1010,NaN,S,NaN,NaN,
2017072106,c8w.2017,9X-C8W,TS,NN,18.5,124.0,20,1007,302,11,300,6,NaN,NaN,NaN,NaN,NaN,NaN,NaN,NaN,NaN,NaN,DB,NW,B,B,150,1010,NaN,NaN,45,NaN,
2017072112,c8w.2017,9X-C8W,TS,NN,19.1,123.0,20,1007,302,11,301,9,NaN,NaN,NaN,NaN,NaN,NaN,NaN,NaN,NaN,NaN,DB,NW,B,B,150,1010,NaN,S,45,NaN,
2017072118,10w.2017,ROKE,TS,NN,19.7,122.0,25,1004,302,11,302,11,NaN,NaN,NaN,NaN,NaN,NaN,NaN,NaN,NaN,NaN,TD,WN,B,B,150,1010,0.02,S,45,RCB,
2017072200,10w.2017,ROKE,TS,NN,20.6,120.5,30,1000,303,14,303,14,NaN,NaN,NaN,NaN,NaN,NaN,NaN,NaN,NaN,NaN,TD,WN,B,B,150,1010,NaN,S,45,RCB,
2017072206,10w.2017,ROKE,TS,NN,21.1,119.0,35,996,296,16,296,16,68,75,60,60,75,NaN,NaN,NaN,NaN,NaN,TS,WN,B,B,150,1010,NaN,S,45,SJB,
2017072212,10w.2017,ROKE,TS,NN,21.5,117.6,35,996,288,14,288,14,68,75,60,60,75,NaN,NaN,NaN,NaN,NaN,TS,WN,B,B,150,1010,NaN,S,45,SJB,
2017072218,10w.2017,ROKE,TS,NN,21.8,116.2,35,996,285,13,285,13,NaN,NaN,NaN,NaN,NaN,NaN,NaN,NaN,NaN,NaN,TS,WN,B,B,150,1010,NaN,S,45,RCB,
2017072300,10w.2017,ROKE,TS,NN,22.3,114.8,30,1000,287,14,287,14,NaN,NaN,NaN,NaN,NaN,NaN,NaN,NaN,NaN,NaN,TD,WN,B,B,150,1010,0.27,S,45,BHD,
2017072306,10w.2017,ROKE,TS,NN,22.8,113.5,20,1007,293,13,292,13,NaN,NaN,NaN,NaN,NaN,NaN,NaN,NaN,NaN,NaN,DB,NW,B,B,150,1010,0.87,NaN,15,NaN,
2017072312,10w.2017,ROKE,TS,NN,23.2,112.5,15,1010,293,12,293,12,NaN,NaN,NaN,NaN,NaN,NaN,NaN,NaN,NaN,NaN,DB,NW,B,B,150,1010,0.96,NaN,15,NaN,
2017072318,10w.2017,ROKE,TS,NN,23.6,111.5,15,1010,294,10,294,10,NaN,NaN,NaN,NaN,NaN,NaN,NaN,NaN,NaN,NaN,DB,NW,B,B,150,1010,0.97,NaN,15,NaN,
2017072506,c9w.2017,9X-C9W,TY,NN,14.1,128.4,20,1004,350,6,354,5,NaN,NaN,NaN,NaN,NaN,NaN,NaN,NaN,NaN,NaN,DB,NW,B,B,140,1007,NaN,S,40,NaN,
2017072512,c9w.2017,9X-C9W,TY,NN,14.2,128.7,30,1000,343,8,354,5,NaN,NaN,NaN,NaN,NaN,NaN,NaN,NaN,NaN,NaN,LO,NW,B,B,140,1006,NaN,S,40,NaN,
2017072518,c9w.2017,9X-C9W,TY,NN,15.1,128.3,35,996,343,8,354,5,NaN,NaN,NaN,NaN,NaN,NaN,NaN,NaN,NaN,NaN,TS,NW,B,B,165,1004,NaN,S,40,NaN,
2017072600,11w.2017,NESAT,TY,NN,15.8,128.2,40,993,343,8,343,8,92,30,120,130,90,NaN,NaN,NaN,NaN,NaN,TS,WN,B,B,165,1004,NaN,S,40,SJB,
2017072606,11w.2017,NESAT,TY,NN,16.4,128.0,45,989,347,7,347,7,92,30,120,130,90,NaN,NaN,NaN,NaN,NaN,TS,WN,B,B,185,1002,NaN,M,30,CRM,
2017072612,11w.2017,NESAT,TY,NN,16.9,127.8,45,989,341,6,341,6,92,30,120,130,90,NaN,NaN,NaN,NaN,NaN,TS,WN,B,B,170,1004,NaN,M,30,CRM,
2017072618,11w.2017,NESAT,TY,NN,17.3,127.7,50,985,342,5,342,5,99,95,120,105,75,NaN,NaN,NaN,NaN,NaN,TS,WN,B,B,190,1004,NaN,M,30,BCH,
2017072700,11w.2017,NESAT,TY,NN,17.9,127.5,50,985,344,5,344,5,95,85,120,105,70,21,20,30,105,15,TS,WN,B,B,200,1004,NaN,D,30,BCH,
2017072706,11w.2017,NESAT,TY,NN,18.4,127.1,55,988,333,6,333,6,95,85,120,105,70,21,20,30,105,15,TS,WN,B,B,190,1004,NaN,M,25,CRM,
2017072712,11w.2017,NESAT,TY,NN,18.7,126.7,55,988,316,6,316,6,95,85,120,105,70,21,20,30,105,15,TS,WN,B,B,170,1004,NaN,M,25,CRM,
2017072718,11w.2017,NESAT,TY,NN,19.5,126.4,60,978,329,6,329,6,95,85,120,105,70,21,20,30,105,15,TS,WN,B,B,190,1004,NaN,M,30,BCH,
2017072800,11w.2017,NESAT,TY,NN,20.1,125.7,60,978,326,8,326,8,122,130,160,100,100,50,60,70,100,30,TS,WN,B,B,180,1004,NaN,D,30,BCH,
2017072806,11w.2017,NESAT,TY,NN,20.7,125.2,65,974,317,8,317,8,122,130,160,100,100,50,60,70,100,30,TY,WN,B,B,180,1004,NaN,D,30,CRM,
2017072812,11w.2017,NESAT,TY,NN,21.2,124.5,70,970,314,8,314,8,122,130,160,100,100,50,60,70,100,30,TY,WN,B,B,180,1003,NaN,D,25,CRM,
2017072818,11w.2017,NESAT,TY,NN,21.7,123.6,75,967,304,9,304,9,114,125,115,100,115,59,65,60,100,60,TY,WN,B,B,180,1002,NaN,D,25,SJB,
2017072900,11w.2017,NESAT,TY,NN,22.4,123.2,80,963,315,9,315,9,114,125,115,100,115,59,65,60,100,60,TY,WN,B,B,180,1002,NaN,D,25,SJB,
2017072906,11w.2017,NESAT,TY,NN,23.4,122.8,85,959,337,9,337,9,114,125,115,100,115,59,65,60,100,60,TY,WN,B,B,170,999,NaN,D,15,CRM,
2017072912,11w.2017,NESAT,TY,NN,24.7,121.8,80,963,331,13,331,13,114,125,115,100,115,45,50,50,100,40,TY,WN,B,B,160,997,0.28,D,15,CRM,
2017072918,11w.2017,NESAT,TY,NN,25.2,120.2,60,978,307,15,307,15,128,150,105,105,150,65,80,50,105,80,TS,WN,B,B,160,997,0.01,D,15,SJB,
2017073000,11w.2017,NESAT,TY,NN,25.7,119.2,55,982,293,13,293,13,95,105,105,85,85,58,65,65,85,50,TS,WN,B,B,150,996,0.76,M,25,SJB,
2017073006,11w.2017,NESAT,TY,NN,25.8,118.0,40,993,287,10,287,10,95,105,105,85,85,NaN,NaN,NaN,NaN,NaN,TS,NW,B,B,150,996,0.99,NaN,25,NaN,
2017073012,11w.2017,NESAT,TY,NN,26.0,116.9,25,1004,278,10,278,10,NaN,NaN,NaN,NaN,NaN,NaN,NaN,NaN,NaN,NaN,TD,NW,B,B,150,996,0.99,NaN,25,NaN,
2017073018,11w.2017,NESAT,TY,NN,25.6,116.3,25,1004,254,6,263,8,NaN,NaN,NaN,NaN,NaN,NaN,NaN,NaN,NaN,NaN,TD,NW,B,B,150,996,0.99,NaN,25,NaN,
2017072518,c2w.2017,9X-C2W,TS,NN,16.8,115.7,15,1010,26,2,26,2,NaN,NaN,NaN,NaN,NaN,NaN,NaN,NaN,NaN,NaN,DB,NW,B,B,NaN,NaN,NaN,NaN,NaN,NaN,
2017072600,c2w.2017,9X-C2W,TS,NN,17.0,115.8,15,1010,26,2,26,2,NaN,NaN,NaN,NaN,NaN,NaN,NaN,NaN,NaN,NaN,DB,NW,B,B,NaN,NaN,NaN,NaN,NaN,NaN,
2017072606,c2w.2017,9X-C2W,TS,NN,17.2,115.9,15,1010,26,2,26,2,NaN,NaN,NaN,NaN,NaN,NaN,NaN,NaN,NaN,NaN,DB,NW,B,B,NaN,NaN,NaN,NaN,NaN,NaN,
2017072612,c2w.2017,9X-C2W,TS,NN,17.5,115.9,15,1010,11,3,11,3,NaN,NaN,NaN,NaN,NaN,NaN,NaN,NaN,NaN,NaN,DB,NW,B,B,NaN,NaN,NaN,NaN,NaN,NaN,
2017072618,c2w.2017,9X-C2W,TS,NN,17.7,116.2,20,1001,30,3,30,3,NaN,NaN,NaN,NaN,NaN,NaN,NaN,NaN,NaN,NaN,DB,NW,B,B,110,1003,NaN,NaN,NaN,NaN,
2017072700,c2w.2017,9X-C2W,TS,NN,17.8,116.4,20,1001,58,3,58,3,NaN,NaN,NaN,NaN,NaN,NaN,NaN,NaN,NaN,NaN,DB,NW,B,B,110,1003,NaN,S,NaN,NaN,
2017072706,c2w.2017,9X-C2W,TS,NN,18.0,116.7,20,1002,58,3,58,3,NaN,NaN,NaN,NaN,NaN,NaN,NaN,NaN,NaN,NaN,DB,NW,B,B,160,1004,NaN,S,65,NaN,
2017072712,c2w.2017,9X-C2W,TS,NN,18.5,117.2,20,1001,47,5,47,5,NaN,NaN,NaN,NaN,NaN,NaN,NaN,NaN,NaN,NaN,DB,NW,B,B,145,1003,NaN,S,65,NaN,
2017072718,c2w.2017,9X-C2W,TS,NN,19.1,117.2,20,1000,23,6,23,6,NaN,NaN,NaN,NaN,NaN,NaN,NaN,NaN,NaN,NaN,DB,NW,B,B,130,1004,NaN,S,50,NaN,
2017072800,c2w.2017,9X-C2W,TS,NN,19.3,117.0,20,1007,234,8,347,4,NaN,NaN,NaN,NaN,NaN,NaN,NaN,NaN,NaN,NaN,DB,NW,B,B,165,1004,NaN,NaN,50,NaN,
2017072806,12w.2017,HAITANG,TS,NN,19.2,116.2,25,1004,234,8,276,5,NaN,NaN,NaN,NaN,NaN,NaN,NaN,NaN,NaN,NaN,TD,WN,B,B,165,1004,NaN,S,50,CRM,
2017072812,12w.2017,HAITANG,TS,NN,18.4,115.7,30,998,234,8,234,8,NaN,NaN,NaN,NaN,NaN,NaN,NaN,NaN,NaN,NaN,TD,WN,B,B,160,1003,NaN,S,50,CRM,
2017072818,12w.2017,HAITANG,TS,NN,18.2,116.0,35,996,191,5,191,5,NaN,NaN,NaN,NaN,NaN,NaN,NaN,NaN,NaN,NaN,TS,WN,B,B,160,1002,NaN,S,50,SJB,
2017072900,12w.2017,HAITANG,TS,NN,18.3,116.3,40,993,100,3,100,3,NaN,NaN,NaN,NaN,NaN,NaN,NaN,NaN,NaN,NaN,TS,WN,B,B,160,1001,NaN,S,50,SJB,
2017072906,12w.2017,HAITANG,TS,NN,18.4,117.2,40,993,80,6,80,6,96,75,115,120,75,NaN,NaN,NaN,NaN,NaN,TS,WN,B,B,130,998,NaN,M,45,CRM,
2017072912,12w.2017,HAITANG,TS,NN,18.8,117.8,40,993,71,8,71,8,96,75,115,120,75,NaN,NaN,NaN,NaN,NaN,TS,WN,B,B,130,998,NaN,M,45,CRM,
2017072918,12w.2017,HAITANG,TS,NN,19.3,118.7,40,993,58,8,58,8,96,75,115,120,75,NaN,NaN,NaN,NaN,NaN,TS,WN,B,B,130,998,NaN,M,45,SJB,
2017073000,12w.2017,HAITANG,TS,NN,20.0,119.7,40,993,56,11,56,11,112,75,150,150,75,NaN,NaN,NaN,NaN,NaN,TS,WN,B,B,130,998,NaN,M,45,SJB,
2017073006,12w.2017,HAITANG,TS,NN,21.7,120.3,40,993,32,14,32,14,112,75,150,150,75,NaN,NaN,NaN,NaN,NaN,TS,WN,B,B,150,998,NaN,M,45,CRM,
2017073012,12w.2017,HAITANG,TS,NN,22.7,120.7,40,993,19,14,19,14,178,150,170,215,,NaN,NaN,NaN,NaN,NaN,TS,WN,B,B,150,999,0.51,S,50,CRM,
2017073018,12w.2017,HAITANG,TS,NN,24.1,120.2,35,992,358,12,358,12,50,40,40,60,60,NaN,NaN,NaN,NaN,NaN,TS,WN,B,B,150,999,0.16,M,50,SJB,
2017073100,12w.2017,HAITANG,TS,NN,25.4,119.0,30,992,330,16,330,16,NaN,NaN,NaN,NaN,NaN,NaN,NaN,NaN,NaN,NaN,TD,WN,B,B,150,999,0.76,S,50,SJB,
2017073106,12w.2017,HAITANG,TS,NN,26.5,117.8,20,1007,318,16,318,16,NaN,NaN,NaN,NaN,NaN,NaN,NaN,NaN,NaN,NaN,DB,NW,B,B,150,999,0.98,NaN,50,NaN,
2017073112,12w.2017,HAITANG,TS,NN,27.8,117.3,25,1004,321,13,328,14,NaN,NaN,NaN,NaN,NaN,NaN,NaN,NaN,NaN,NaN,TD,NW,B,B,150,999,0.98,NaN,50,NaN,
2017073118,12w.2017,HAITANG,TS,NN,28.9,116.3,20,996,333,14,331,14,NaN,NaN,NaN,NaN,NaN,NaN,NaN,NaN,NaN,NaN,DB,NW,B,B,140,999,0.76,NaN,50,NaN,
2017080100,12w.2017,HAITANG,TS,NN,30.7,116.5,20,1000,346,15,346,15,NaN,NaN,NaN,NaN,NaN,NaN,NaN,NaN,NaN,NaN,DB,NW,B,B,140,1002,0.88,NaN,NaN,NaN,
2017080106,12w.2017,HAITANG,TS,NN,32.0,116.3,20,1007,360,15,360,16,NaN,NaN,NaN,NaN,NaN,NaN,NaN,NaN,NaN,NaN,DB,NW,B,B,140,1002,0.91,NaN,NaN,NaN,
2017073118,d7w.2017,9X-D7W,TS,NN,26.8,161.2,20,1003,112,9,112,9,NaN,NaN,NaN,NaN,NaN,NaN,NaN,NaN,NaN,NaN,DB,NW,B,B,155,1007,NaN,S,60,NaN,
2017080100,13w.2017,NALGAE,TS,NN,26.5,162.4,25,1003,112,9,112,9,NaN,NaN,NaN,NaN,NaN,NaN,NaN,NaN,NaN,NaN,TD,WN,B,B,120,1007,NaN,S,60,BCH,
2017080106,13w.2017,NALGAE,TS,NN,26.1,163.1,25,1004,112,9,112,9,NaN,NaN,NaN,NaN,NaN,NaN,NaN,NaN,NaN,NaN,TD,WN,B,B,120,1007,NaN,S,60,DMP,
2017080112,13w.2017,NALGAE,TS,NN,25.6,163.9,30,1000,124,8,124,8,NaN,NaN,NaN,NaN,NaN,NaN,NaN,NaN,NaN,NaN,TD,WN,B,B,180,1007,NaN,S,50,DMP,
2017080118,13w.2017,NALGAE,TS,NN,25.3,164.6,30,998,121,8,121,8,NaN,NaN,NaN,NaN,NaN,NaN,NaN,NaN,NaN,NaN,TD,WN,B,B,195,1005,NaN,S,50,NaN,
2017080200,13w.2017,NALGAE,TS,NN,25.4,165.3,30,998,99,6,99,6,NaN,NaN,NaN,NaN,NaN,NaN,NaN,NaN,NaN,NaN,TD,WN,B,B,195,1004,NaN,M,50,BCH,
2017080206,13w.2017,NALGAE,TS,NN,25.6,165.4,30,998,67,4,67,4,NaN,NaN,NaN,NaN,NaN,NaN,NaN,NaN,NaN,NaN,TD,WN,B,B,200,1005,NaN,M,50,DMP,
2017080212,13w.2017,NALGAE,TS,NN,25.9,165.4,35,998,10,3,10,3,32,35,45,,15,NaN,NaN,NaN,NaN,NaN,TS,WN,B,B,210,1005,NaN,M,20,DMP,
2017080218,13w.2017,NALGAE,TS,NN,26.2,165.2,35,997,343,3,343,3,32,35,45,,15,NaN,NaN,NaN,NaN,NaN,TS,WN,B,B,210,1005,NaN,M,20,RCB,
2017080300,13w.2017,NALGAE,TS,NN,26.6,164.7,35,997,318,5,318,5,30,30,30,25,35,NaN,NaN,NaN,NaN,NaN,TS,WN,B,B,210,1005,NaN,M,20,RCB,
2017080306,13w.2017,NALGAE,TS,NN,27.2,164.1,40,993,316,7,316,7,82,120,95,40,75,NaN,NaN,NaN,NaN,NaN,TS,WN,B,B,210,1004,NaN,M,20,SJB,
2017080312,13w.2017,NALGAE,TS,NN,27.5,163.6,40,992,313,7,313,7,91,130,105,45,85,NaN,NaN,NaN,NaN,NaN,TS,WN,B,B,210,1004,NaN,M,20,SJB,
2017080318,13w.2017,NALGAE,TS,NN,27.8,163.1,45,989,304,5,304,5,91,130,105,45,85,NaN,NaN,NaN,NaN,NaN,TS,WN,B,B,220,1005,NaN,M,20,RCB,
2017080400,13w.2017,NALGAE,TS,NN,28.3,162.8,45,989,319,5,319,5,94,105,120,65,85,NaN,NaN,NaN,NaN,NaN,TS,WN,B,B,210,1004,NaN,M,40,CRM,
2017080406,13w.2017,NALGAE,TS,NN,28.9,162.8,45,989,347,6,347,6,91,130,105,45,85,NaN,NaN,NaN,NaN,NaN,TS,WN,B,B,210,1004,NaN,M,40,CRM,
2017080412,13w.2017,NALGAE,TS,NN,29.8,162.5,45,989,350,8,350,8,100,120,140,55,85,NaN,NaN,NaN,NaN,NaN,TS,WN,B,B,210,1004,NaN,M,40,SJB,
2017080418,13w.2017,NALGAE,TS,NN,30.8,162.3,45,989,347,10,347,10,100,120,140,55,85,NaN,NaN,NaN,NaN,NaN,TS,WN,B,B,210,1004,NaN,M,40,RCB,
2017080500,13w.2017,NALGAE,TS,NN,32.5,162.2,50,985,355,14,355,14,100,120,140,55,85,NaN,NaN,NaN,NaN,NaN,TS,WN,B,B,210,1004,NaN,M,40,RCB,
2017080506,13w.2017,NALGAE,TS,NN,34.2,162.0,55,982,356,17,356,17,119,160,170,55,90,NaN,NaN,NaN,NaN,NaN,TS,WN,B,B,220,1003,NaN,S,40,DMP,
2017080512,13w.2017,NALGAE,TS,NN,36.1,161.1,60,978,346,19,346,19,148,185,185,110,110,75,75,75,110,75,SS,WN,B,B,225,1005,NaN,S,45,DMP,
2017080518,13w.2017,NALGAE,TS,NN,38.0,160.2,60,978,339,20,339,20,178,250,210,120,130,74,75,75,120,70,SS,NW,B,B,225,1005,NaN,NaN,45,NaN,
2017080600,13w.2017,NALGAE,TS,NN,39.9,159.2,55,982,339,20,339,20,209,305,230,150,150,75,75,75,150,75,SS,NW,B,B,225,1005,NaN,NaN,45,NaN,
2017080606,13w.2017,NALGAE,TS,NN,41.7,158.5,45,989,341,20,341,20,140,130,150,,,NaN,NaN,NaN,NaN,NaN,SS,NW,B,B,225,1005,NaN,NaN,45,NaN,
2017080612,13w.2017,NALGAE,TS,NN,44.0,156.9,35,996,337,22,337,22,NaN,NaN,NaN,NaN,NaN,NaN,NaN,NaN,NaN,NaN,SS,NW,B,B,225,1005,NaN,NaN,45,NaN,
2017080618,13w.2017,NALGAE,TS,NN,45.5,155.9,30,1000,335,21,334,21,NaN,NaN,NaN,NaN,NaN,NaN,NaN,NaN,NaN,NaN,EX,NW,B,B,225,1005,NaN,NaN,40,NaN,
2017081000,d0w.2017,9X-D0W,TY,NN,15.0,174.0,15,1010,278,11,284,10,NaN,NaN,NaN,NaN,NaN,NaN,NaN,NaN,NaN,NaN,DB,NW,B,B,NaN,NaN,NaN,NaN,NaN,NaN,
2017081006,d0w.2017,9X-D0W,TY,NN,15.2,172.3,15,1010,278,11,284,10,NaN,NaN,NaN,NaN,NaN,NaN,NaN,NaN,NaN,NaN,DB,NW,B,B,NaN,NaN,NaN,NaN,NaN,NaN,
2017081012,d0w.2017,9X-D0W,TY,NN,15.5,171.9,20,1007,301,12,284,10,NaN,NaN,NaN,NaN,NaN,NaN,NaN,NaN,NaN,NaN,DB,NW,B,B,NaN,NaN,NaN,NaN,NaN,NaN,
2017081018,d0w.2017,9X-D0W,TY,NN,16.3,170.7,25,1004,301,12,306,9,NaN,NaN,NaN,NaN,NaN,NaN,NaN,NaN,NaN,NaN,TD,NW,B,B,150,1008,NaN,S,NaN,NaN,
2017081100,14w.2017,BANYAN,TY,NN,16.7,169.8,30,1006,301,12,301,12,NaN,NaN,NaN,NaN,NaN,NaN,NaN,NaN,NaN,NaN,TD,WN,B,B,150,1010,NaN,S,25,BRS,
2017081106,14w.2017,BANYAN,TY,NN,17.1,168.8,35,1007,294,10,294,10,19,25,20,15,15,NaN,NaN,NaN,NaN,NaN,TS,WN,B,B,150,1010,NaN,S,10,DMP,
2017081112,14w.2017,BANYAN,TY,NN,17.6,167.7,40,993,294,11,294,11,16,30,15,10,10,NaN,NaN,NaN,NaN,NaN,TS,WN,B,B,150,1010,NaN,M,15,DMP,
2017081118,14w.2017,BANYAN,TY,NN,18.2,166.6,45,989,298,12,298,12,38,50,40,20,40,NaN,NaN,NaN,NaN,NaN,TS,WN,B,B,160,1010,NaN,M,15,MEK,
2017081200,14w.2017,BANYAN,TY,NN,18.7,165.7,50,985,300,11,300,11,60,90,75,25,50,18,20,20,25,15,TS,WN,B,B,160,1010,NaN,M,10,MEK,
2017081206,14w.2017,BANYAN,TY,NN,19.3,165.1,60,978,308,9,308,9,61,90,75,30,50,19,25,20,30,15,TS,WN,B,B,160,1009,NaN,D,10,SJB,
2017081212,14w.2017,BANYAN,TY,NN,20.0,164.7,75,967,324,8,324,8,61,90,75,30,50,19,25,20,30,15,TY,WN,B,B,160,1009,NaN,D,10,SJB,
2017081218,14w.2017,BANYAN,TY,NN,20.5,164.3,95,952,328,7,328,7,76,90,85,60,70,26,30,30,60,25,TY,WN,B,B,160,1010,NaN,D,10,CRM,
2017081300,14w.2017,BANYAN,TY,NN,21.0,164.1,100,948,331,6,331,6,79,85,85,70,75,36,40,40,70,35,TY,WN,B,B,160,1011,NaN,D,7,CRM,
2017081306,14w.2017,BANYAN,TY,NN,21.5,163.9,95,952,340,5,340,5,60,65,65,55,55,35,35,35,55,35,TY,WN,B,B,150,1009,NaN,D,10,SJB,
2017081312,14w.2017,BANYAN,TY,NN,21.9,163.7,90,955,338,5,338,5,42,50,50,35,35,25,25,25,35,25,TY,WN,B,B,165,1011,NaN,D,10,SJB,
2017081318,14w.2017,BANYAN,TY,NN,22.2,163.5,85,959,332,4,332,4,81,90,85,70,80,38,45,40,70,35,TY,WN,B,B,155,1010,NaN,D,10,CRM,
2017081400,14w.2017,BANYAN,TY,NN,22.8,163.4,85,959,343,5,343,5,54,60,55,50,50,32,35,35,50,30,TY,WN,B,B,155,1010,NaN,D,10,CRM,
2017081406,14w.2017,BANYAN,TY,NN,23.4,163.3,85,959,351,6,351,6,54,60,55,50,50,32,35,35,50,30,TY,WN,B,B,155,1010,NaN,D,10,SJB,
2017081412,14w.2017,BANYAN,TY,NN,24.1,163.0,80,963,344,7,344,7,70,80,80,60,60,35,40,40,60,30,TY,WN,B,B,165,1010,NaN,D,10,SJB,
2017081418,14w.2017,BANYAN,TY,NN,24.8,162.7,85,960,339,8,339,8,70,80,80,60,60,35,40,40,60,30,TY,WN,B,B,160,1008,NaN,D,10,DMP,
2017081500,14w.2017,BANYAN,TY,NN,26.0,162.4,85,959,344,10,344,10,70,80,80,60,60,35,40,40,60,30,TY,WN,B,B,160,1009,NaN,D,10,DMP,
2017081506,14w.2017,BANYAN,TY,NN,27.1,162.1,80,963,347,12,347,12,70,80,80,60,60,35,40,40,60,30,TY,WN,B,B,160,1009,NaN,D,10,RCB,
2017081512,14w.2017,BANYAN,TY,NN,28.4,162.3,75,967,358,12,358,12,56,65,65,50,45,30,35,35,50,25,TY,WN,B,B,160,1009,NaN,D,10,RCB,
2017081518,14w.2017,BANYAN,TY,NN,29.7,162.5,70,970,8,13,8,13,55,60,65,50,45,28,30,30,50,25,TY,WN,B,B,170,1008,NaN,D,10,DMP,
2017081600,14w.2017,BANYAN,TY,NN,31.5,163.6,65,974,20,16,20,16,50,55,60,45,40,22,25,25,45,20,TY,WN,B,B,150,1008,NaN,D,10,DMP,
2017081606,14w.2017,BANYAN,TY,NN,33.1,165.1,70,970,33,20,33,20,50,55,60,45,40,22,25,25,45,20,TY,WN,B,B,150,1008,NaN,M,10,RCB,
2017081612,14w.2017,BANYAN,TY,NN,35.6,167.8,75,967,40,27,40,27,52,55,70,45,40,30,30,35,45,25,TY,WN,B,B,150,1008,NaN,D,10,RCB,
2017081618,14w.2017,BANYAN,TY,NN,37.9,170.6,65,974,43,33,43,33,52,55,70,45,40,30,30,35,45,25,TY,WN,B,B,150,1008,NaN,NaN,20,CRM,
2017081700,14w.2017,BANYAN,TY,NN,40.6,173.8,60,978,43,34,43,34,52,55,70,45,40,30,30,35,45,25,TS,NW,B,B,150,1008,NaN,NaN,20,NaN,
2017081706,14w.2017,BANYAN,TY,NN,43.0,176.4,55,982,41,34,41,34,52,55,70,45,40,30,30,35,45,25,EX,NW,B,B,150,1008,NaN,NaN,20,NaN,
2017081712,14w.2017,BANYAN,TY,NN,44.4,179.3,50,985,47,26,47,28,52,55,70,45,40,30,30,35,45,25,EX,NW,B,B,150,1008,NaN,NaN,20,NaN,
2017081818,d3w.2017,9X-D3W,TY,NN,19.5,134.8,15,1010,276,15,276,15,NaN,NaN,NaN,NaN,NaN,NaN,NaN,NaN,NaN,NaN,WV,NW,B,B,NaN,NaN,NaN,NaN,NaN,NaN,
2017081900,d3w.2017,9X-D3W,TY,NN,19.7,133.5,15,1010,276,15,276,15,NaN,NaN,NaN,NaN,NaN,NaN,NaN,NaN,NaN,NaN,WV,NW,B,B,NaN,NaN,NaN,NaN,NaN,NaN,
2017081906,d3w.2017,9X-D3W,TY,NN,19.8,131.7,15,1010,276,15,276,15,NaN,NaN,NaN,NaN,NaN,NaN,NaN,NaN,NaN,NaN,WV,NW,B,B,NaN,NaN,NaN,NaN,NaN,NaN,
2017081912,d3w.2017,9X-D3W,TY,NN,19.6,130.5,20,1008,268,14,268,14,NaN,NaN,NaN,NaN,NaN,NaN,NaN,NaN,NaN,NaN,WV,NW,B,B,150,1008,NaN,S,NaN,NaN,
2017081918,15w.2017,HATO,TY,NN,19.5,129.8,20,1008,260,9,260,9,NaN,NaN,NaN,NaN,NaN,NaN,NaN,NaN,NaN,NaN,TD,WN,B,B,150,1008,NaN,S,NaN,NaN,
2017082000,15w.2017,HATO,TY,NN,19.4,128.8,30,1004,263,8,263,8,NaN,NaN,NaN,NaN,NaN,NaN,NaN,NaN,NaN,NaN,TD,WN,B,B,200,1007,NaN,S,NaN,NaN,
2017082006,15w.2017,HATO,TY,NN,19.8,127.0,20,1007,261,7,276,13,NaN,NaN,NaN,NaN,NaN,NaN,NaN,NaN,NaN,NaN,LO,WN,B,B,200,1007,NaN,NaN,NaN,NaN,
2017082012,15w.2017,HATO,TY,NN,19.5,126.5,25,1004,261,7,273,11,NaN,NaN,NaN,NaN,NaN,NaN,NaN,NaN,NaN,NaN,LO,WN,B,B,200,1007,NaN,M,NaN,NaN,
2017082018,15w.2017,HATO,TY,NN,19.6,125.6,30,1000,261,7,261,7,NaN,NaN,NaN,NaN,NaN,NaN,NaN,NaN,NaN,NaN,LO,WN,B,B,200,1007,NaN,M,NaN,NaN,
2017082100,15w.2017,HATO,TY,NN,20.0,125.0,30,1000,290,7,290,7,NaN,NaN,NaN,NaN,NaN,NaN,NaN,NaN,NaN,NaN,TD,WN,B,B,200,1007,NaN,M,NaN,NaN,
2017082106,15w.2017,HATO,TY,NN,20.4,124.0,35,996,298,9,298,9,NaN,NaN,NaN,NaN,NaN,NaN,NaN,NaN,NaN,NaN,TS,WN,B,B,200,1007,NaN,M,20,RCB,
2017082112,15w.2017,HATO,TY,NN,20.1,122.7,45,989,273,11,273,11,94,75,85,85,130,NaN,NaN,NaN,NaN,NaN,TS,WN,B,B,200,1004,NaN,M,25,NaN,
2017082118,15w.2017,HATO,TY,NN,20.0,121.3,45,989,261,13,261,13,94,75,85,85,130,NaN,NaN,NaN,NaN,NaN,TS,WN,B,B,180,1000,0.02,M,40,CRM,
2017082200,15w.2017,HATO,TY,NN,20.1,119.9,50,985,270,13,270,13,100,85,95,125,95,35,35,35,125,35,TS,WN,B,B,175,999,NaN,M,25,CRM,
2017082206,15w.2017,HATO,TY,NN,20.4,118.6,60,981,279,13,279,13,100,85,95,125,95,25,35,25,125,20,TS,WN,B,B,180,999,NaN,D,10,SJB,
2017082212,15w.2017,HATO,TY,NN,20.6,117.3,75,967,282,12,282,12,100,85,95,125,95,25,35,25,125,20,TY,WN,B,B,180,999,NaN,D,10,SJB,
2017082218,15w.2017,HATO,TY,NN,21.0,115.9,80,963,283,13,283,13,149,190,135,135,135,79,105,70,135,70,TY,WN,B,B,170,1000,NaN,D,10,CRM,
2017082300,15w.2017,HATO,TY,NN,21.5,114.5,90,956,289,14,289,14,125,150,115,95,140,65,80,60,95,75,TY,WN,B,B,175,1000,NaN,D,10,CRM,
2017082306,15w.2017,HATO,TY,NN,22.2,112.8,85,964,293,16,293,16,98,100,100,95,95,48,50,50,95,45,TY,WN,B,B,175,999,0.52,D,15,SJB,
2017082312,15w.2017,HATO,TY,NN,22.7,111.0,60,978,290,17,290,17,98,100,100,95,95,48,50,50,95,45,TS,NW,B,B,175,999,0.99,S,15,NaN,
2017082318,15w.2017,HATO,TY,NN,23.3,109.0,45,989,287,18,287,18,98,100,100,95,95,NaN,NaN,NaN,NaN,NaN,TS,NW,B,B,175,999,0.98,NaN,15,NaN,
2017082400,15w.2017,HATO,TY,NN,23.5,107.6,35,996,284,16,284,16,98,100,100,95,95,NaN,NaN,NaN,NaN,NaN,TS,NW,B,B,175,999,0.99,NaN,15,NaN,
2017082406,15w.2017,HATO,TY,NN,23.8,106.0,30,1000,280,14,280,14,NaN,NaN,NaN,NaN,NaN,NaN,NaN,NaN,NaN,NaN,TD,NW,B,B,175,999,0.99,NaN,15,NaN,
2017082412,15w.2017,HATO,TY,NN,24.1,104.2,20,1007,281,16,281,16,NaN,NaN,NaN,NaN,NaN,NaN,NaN,NaN,NaN,NaN,DB,NW,B,B,175,999,0.98,NaN,15,NaN,
2017082418,15w.2017,HATO,TY,NN,24.1,102.2,20,1007,270,18,275,17,NaN,NaN,NaN,NaN,NaN,NaN,NaN,NaN,NaN,NaN,DB,NW,B,B,175,999,0.98,NaN,15,NaN,
2017082300,e6w.2017,9X-E6W,TS,NN,15.5,135.6,15,1010,274,16,274,16,NaN,NaN,NaN,NaN,NaN,NaN,NaN,NaN,NaN,NaN,DB,NW,B,B,NaN,NaN,NaN,NaN,NaN,NaN,
2017082306,e6w.2017,9X-E6W,TS,NN,15.6,134.0,15,1010,274,16,274,16,NaN,NaN,NaN,NaN,NaN,NaN,NaN,NaN,NaN,NaN,WV,NW,B,B,NaN,NaN,NaN,NaN,NaN,NaN,
2017082312,e6w.2017,9X-E6W,TS,NN,15.7,132.3,15,1010,274,16,274,16,NaN,NaN,NaN,NaN,NaN,NaN,NaN,NaN,NaN,NaN,WV,NW,B,B,NaN,NaN,NaN,NaN,NaN,NaN,
2017082318,e6w.2017,9X-E6W,TS,NN,15.7,130.7,15,1010,272,16,272,16,NaN,NaN,NaN,NaN,NaN,NaN,NaN,NaN,NaN,NaN,WV,NW,B,B,NaN,NaN,NaN,NaN,NaN,NaN,
2017082400,e6w.2017,9X-E6W,TS,NN,15.7,128.9,20,1008,258,12,270,16,NaN,NaN,NaN,NaN,NaN,NaN,NaN,NaN,NaN,NaN,WV,NW,B,B,150,1008,NaN,S,NaN,NaN,
2017082406,e6w.2017,9X-E6W,TS,NN,15.3,127.7,25,1004,258,12,262,15,NaN,NaN,NaN,NaN,NaN,NaN,NaN,NaN,NaN,NaN,WV,NW,B,B,180,1008,NaN,S,30,NaN,
2017082412,16w.2017,PAKHAR,TS,NN,15.2,126.4,30,1003,258,12,258,12,NaN,NaN,NaN,NaN,NaN,NaN,NaN,NaN,NaN,NaN,TD,WN,B,B,180,1006,NaN,S,30,RCB,
2017082418,16w.2017,PAKHAR,TS,NN,15.0,124.7,35,996,264,15,264,15,18,25,15,10,20,NaN,NaN,NaN,NaN,NaN,TS,WN,B,B,190,1009,NaN,M,10,DMP,
2017082500,16w.2017,PAKHAR,TS,NN,15.2,124.0,35,996,270,12,270,12,34,40,30,30,35,NaN,NaN,NaN,NaN,NaN,TS,WN,B,B,160,1008,NaN,M,20,DMP,
2017082506,16w.2017,PAKHAR,TS,NN,15.6,123.1,40,993,291,8,291,8,29,25,25,30,35,NaN,NaN,NaN,NaN,NaN,TS,WN,B,B,160,1008,NaN,M,20,RCB,
2017082512,16w.2017,PAKHAR,TS,NN,16.1,122.2,45,989,297,10,297,10,31,25,30,35,35,NaN,NaN,NaN,NaN,NaN,TS,WN,B,B,160,1008,0.33,M,20,RCB,
2017082518,16w.2017,PAKHAR,TS,NN,17.0,121.0,35,1000,305,12,305,12,31,25,30,35,35,NaN,NaN,NaN,NaN,NaN,TS,WN,B,B,150,1005,0.99,M,20,CRM,
2017082600,16w.2017,PAKHAR,TS,NN,17.8,119.4,35,996,302,16,302,16,72,75,45,80,90,NaN,NaN,NaN,NaN,NaN,TS,WN,B,B,140,1005,NaN,M,20,CRM,
2017082606,16w.2017,PAKHAR,TS,NN,18.5,118.0,40,993,298,16,298,16,72,65,55,80,90,NaN,NaN,NaN,NaN,NaN,TS,WN,B,B,140,1005,NaN,D,25,SJB,
2017082612,16w.2017,PAKHAR,TS,NN,19.5,116.2,45,995,299,17,299,17,99,115,115,65,100,NaN,NaN,NaN,NaN,NaN,TS,WN,B,B,150,1004,NaN,D,25,SJB,
2017082618,16w.2017,PAKHAR,TS,NN,20.7,114.8,50,985,306,19,306,19,99,120,100,70,105,NaN,NaN,NaN,NaN,NaN,TS,WN,B,B,140,1003,NaN,M,25,CRM,
2017082700,16w.2017,PAKHAR,TS,NN,21.9,113.4,60,983,313,18,313,18,91,100,100,65,100,40,50,50,65,40,TS,WN,B,B,140,1003,0.25,NaN,25,CRM,
2017082706,16w.2017,PAKHAR,TS,NN,23.2,111.7,40,993,311,19,311,19,91,100,100,65,100,NaN,NaN,NaN,NaN,NaN,TS,NW,B,B,140,1003,0.98,NaN,25,NaN,
2017082712,16w.2017,PAKHAR,TS,NN,24.0,110.1,25,1004,305,18,305,18,NaN,NaN,NaN,NaN,NaN,NaN,NaN,NaN,NaN,NaN,TD,NW,B,B,140,1003,0.98,NaN,25,NaN,
2017082718,16w.2017,PAKHAR,TS,NN,24.6,107.9,25,1004,294,18,292,19,NaN,NaN,NaN,NaN,NaN,NaN,NaN,NaN,NaN,NaN,TD,NW,B,B,140,1003,0.99,NaN,25,NaN,
2017082718,e9w.2017,9X-E9W,TY,NN,19.5,145.8,25,1004,43,3,43,3,NaN,NaN,NaN,NaN,NaN,NaN,NaN,NaN,NaN,NaN,MD,NW,B,B,275,1007,NaN,S,50,NaN,
2017082800,e9w.2017,9X-E9W,TY,NN,19.7,146.0,30,1000,43,3,43,3,NaN,NaN,NaN,NaN,NaN,NaN,NaN,NaN,NaN,NaN,MD,NW,B,B,280,1007,NaN,S,50,NaN,
2017082806,e9w.2017,9X-E9W,TY,NN,19.9,146.2,30,1002,43,3,43,3,NaN,NaN,NaN,NaN,NaN,NaN,NaN,NaN,NaN,NaN,MD,NW,B,B,280,1007,NaN,M,50,NaN,
2017082812,17w.2017,SANVU,TY,NN,20.0,146.2,30,1000,43,12,32,2,NaN,NaN,NaN,NaN,NaN,NaN,NaN,NaN,NaN,NaN,MD,WN,B,B,290,1006,NaN,NaN,50,SJB,
2017082818,17w.2017,SANVU,TY,NN,20.7,147.4,35,995,43,12,55,7,171,165,190,205,125,NaN,NaN,NaN,NaN,NaN,MD,WN,B,B,290,1006,NaN,M,50,RCB,
2017082900,17w.2017,SANVU,TY,NN,21.7,147.9,40,993,43,12,43,12,171,165,190,205,125,NaN,NaN,NaN,NaN,NaN,MD,WN,B,B,290,1006,NaN,M,50,RCB,
2017082906,17w.2017,SANVU,TY,NN,22.8,147.5,45,989,3,11,3,11,171,165,190,205,125,NaN,NaN,NaN,NaN,NaN,TS,WN,B,B,285,1006,NaN,M,50,DMP,
2017082912,17w.2017,SANVU,TY,NN,24.0,147.0,50,985,340,12,340,12,171,165,190,205,125,NaN,NaN,NaN,NaN,NaN,TS,WN,B,B,280,1006,NaN,M,50,DMP,
2017082918,17w.2017,SANVU,TY,NN,25.4,145.7,50,985,328,15,328,15,184,200,180,205,150,124,100,130,205,125,TS,WN,B,B,300,1005,NaN,M,70,RCB,
2017083000,17w.2017,SANVU,TY,NN,26.2,144.3,55,982,312,16,312,16,205,270,310,90,150,114,155,180,90,80,TS,WN,B,B,300,1005,NaN,M,70,RCB,
2017083006,17w.2017,SANVU,TY,NN,26.8,142.8,55,982,298,15,298,15,216,270,310,150,135,108,120,140,150,90,TS,WN,B,B,370,1004,NaN,D,70,SJB,
2017083012,17w.2017,SANVU,TY,NN,26.5,141.3,55,981,276,14,276,14,161,160,120,150,215,89,85,75,150,105,TS,WN,B,B,360,1004,NaN,D,50,SJB,
2017083018,17w.2017,SANVU,TY,NN,26.3,141.3,60,978,250,7,250,7,161,160,120,150,215,89,85,75,150,105,TS,WN,B,B,380,1005,NaN,M,35,CRM,
2017083100,17w.2017,SANVU,TY,NN,26.6,141.8,60,978,77,2,77,2,161,160,120,150,215,89,85,75,150,105,TS,WN,B,B,380,1006,NaN,M,25,CRM,
2017083106,17w.2017,SANVU,TY,NN,27.1,142.0,70,970,38,5,38,5,151,145,120,150,190,90,85,85,150,100,TY,WN,B,B,390,1006,NaN,D,20,MEK,
2017083112,17w.2017,SANVU,TY,NN,27.8,141.9,75,966,4,6,4,6,174,215,190,160,130,74,60,60,160,95,TY,WN,B,B,390,1006,NaN,D,20,SJB,
2017083118,17w.2017,SANVU,TY,NN,27.8,141.7,80,960,339,4,339,4,141,135,140,140,150,75,70,75,140,80,TY,WN,B,B,395,1002,NaN,D,12,CRM,
2017090100,17w.2017,SANVU,TY,NN,27.2,142.2,90,953,156,3,156,3,151,145,165,155,140,82,80,90,155,75,TY,WN,B,B,410,1004,NaN,D,10,CRM,
2017090106,17w.2017,SANVU,TY,NN,27.6,143.4,85,959,98,8,98,8,162,160,175,170,145,91,90,100,170,80,TY,WN,B,B,410,1004,NaN,D,10,DMP,
2017090112,17w.2017,SANVU,TY,NN,28.2,143.7,75,967,53,8,53,8,156,160,175,145,145,94,100,105,145,80,TY,WN,B,B,410,1004,NaN,D,10,DMP,
2017090118,17w.2017,SANVU,TY,NN,28.7,144.0,70,970,26,6,26,6,161,170,185,155,135,89,95,100,155,75,TY,WN,B,B,410,1004,NaN,D,12,RB,
2017090200,17w.2017,SANVU,TY,NN,29.9,144.6,65,973,25,9,25,9,165,175,195,155,135,90,95,105,155,75,TY,WN,B,B,410,1004,NaN,D,12,RCB,
2017090206,17w.2017,SANVU,TY,NN,31.4,145.3,60,975,23,15,23,15,184,190,220,175,150,101,105,125,175,80,TS,WN,B,B,410,1004,NaN,D,12,DMP,
2017090212,17w.2017,SANVU,TY,NN,33.1,146.7,55,978,29,18,29,18,184,190,220,175,150,101,105,125,175,80,TS,WN,B,B,410,1004,NaN,NaN,12,DMP,
2017090218,17w.2017,SANVU,TY,NN,35.5,148.3,55,978,31,24,31,24,184,190,220,175,150,101,105,125,175,80,EX,WN,B,B,410,1004,NaN,M,12,RCB,
2017090300,17w.2017,SANVU,TY,NN,38.4,149.9,55,982,26,30,26,30,184,190,220,175,150,101,105,125,175,80,EX,NW,B,B,410,1004,NaN,NaN,12,NaN,
2017090306,17w.2017,SANVU,TY,NN,41.8,153.0,50,985,30,36,30,36,216,210,290,185,180,121,115,170,185,100,EX,NW,B,B,410,1004,NaN,NaN,12,NaN,
2017090312,17w.2017,SANVU,TY,NN,45.6,155.9,50,985,30,42,32,42,184,190,220,175,150,101,105,125,175,80,EX,NW,B,B,410,1004,NaN,NaN,12,NaN,
2017090318,17w.2017,SANVU,TY,NN,48.5,158.6,40,993,30,38,30,39,184,190,220,175,150,NaN,NaN,NaN,NaN,NaN,EX,NW,B,B,410,1004,NaN,NaN,12,NaN,
2017083012,e1w.2017,9X-E1W,TS,NN,18.7,121.0,20,1003,265,5,265,5,NaN,NaN,NaN,NaN,NaN,NaN,NaN,NaN,NaN,NaN,DB,NW,B,B,180,1006,0.54,S,45,NaN,
2017083018,e1w.2017,9X-E1W,TS,NN,18.7,120.4,20,1004,265,5,265,5,NaN,NaN,NaN,NaN,NaN,NaN,NaN,NaN,NaN,NaN,DB,NW,B,B,180,1006,0.27,S,45,NaN,
2017083100,e1w.2017,9X-E1W,TS,NN,18.6,119.9,20,1004,265,5,265,5,NaN,NaN,NaN,NaN,NaN,NaN,NaN,NaN,NaN,NaN,DB,NW,B,B,175,1006,NaN,S,45,NaN,
2017083106,e1w.2017,9X-E1W,TS,NN,18.5,119.6,20,1001,255,4,255,4,NaN,NaN,NaN,NaN,NaN,NaN,NaN,NaN,NaN,NaN,DB,NW,B,B,175,1005,NaN,S,45,NaN,
2017083112,e1w.2017,9X-E1W,TS,NN,18.6,119.2,20,1001,270,3,270,3,NaN,NaN,NaN,NaN,NaN,NaN,NaN,NaN,NaN,NaN,DB,NW,B,B,175,1005,NaN,S,45,NaN,
2017083118,18w.2017,MAWAR,TS,NN,19.0,118.7,25,1001,300,5,300,5,NaN,NaN,NaN,NaN,NaN,NaN,NaN,NaN,NaN,NaN,TD,WN,B,B,185,1005,NaN,S,45,CRM,
2017090100,18w.2017,MAWAR,TS,NN,20.3,119.0,25,1004,312,4,354,9,NaN,NaN,NaN,NaN,NaN,NaN,NaN,NaN,NaN,NaN,LO,WN,B,B,175,1005,NaN,S,40,CRM,
2017090106,18w.2017,MAWAR,TS,NN,20.6,118.8,25,1004,312,4,3,8,NaN,NaN,NaN,NaN,NaN,NaN,NaN,NaN,NaN,NaN,LO,WN,B,B,175,1005,NaN,S,40,DMP,
2017090112,18w.2017,MAWAR,TS,NN,20.8,118.4,30,1000,312,4,312,4,NaN,NaN,NaN,NaN,NaN,NaN,NaN,NaN,NaN,NaN,TD,WN,B,B,170,1005,NaN,S,55,DMP,
2017090118,18w.2017,MAWAR,TS,NN,21.1,117.6,35,996,294,6,294,6,36,55,30,30,30,NaN,NaN,NaN,NaN,NaN,TS,WN,B,B,170,1005,NaN,M,55,RCB,
2017090200,18w.2017,MAWAR,TS,NN,21.2,117.4,40,993,293,5,293,5,39,35,30,50,40,NaN,NaN,NaN,NaN,NaN,TS,WN,B,B,170,1005,NaN,M,50,RCB,
2017090206,18w.2017,MAWAR,TS,NN,21.3,117.3,40,993,306,2,306,2,59,70,65,50,50,NaN,NaN,NaN,NaN,NaN,TS,WN,B,B,160,1004,NaN,M,50,DMP,
2017090212,18w.2017,MAWAR,TS,NN,21.4,117.3,40,993,335,1,335,1,59,70,65,50,50,NaN,NaN,NaN,NaN,NaN,TS,WN,B,B,160,1004,NaN,M,50,DMP,
2017090218,18w.2017,MAWAR,TS,NN,21.6,117.0,40,993,317,2,317,2,59,70,65,50,50,NaN,NaN,NaN,NaN,NaN,TS,WN,B,B,160,1004,NaN,M,50,RCB,
2017090300,18w.2017,MAWAR,TS,NN,21.9,116.7,45,989,312,4,312,4,55,50,55,60,55,NaN,NaN,NaN,NaN,NaN,TS,WN,B,B,160,1004,NaN,M,50,RCB,
2017090306,18w.2017,MAWAR,TS,NN,22.2,116.4,40,993,317,4,317,4,59,70,65,50,50,NaN,NaN,NaN,NaN,NaN,TS,WN,B,B,160,1004,NaN,M,50,DMP,
2017090312,18w.2017,MAWAR,TS,NN,22.7,116.2,35,996,330,5,330,5,56,65,60,50,50,NaN,NaN,NaN,NaN,NaN,TS,WN,B,B,160,1004,0.12,M,50,DMP,
2017090318,18w.2017,MAWAR,TS,NN,23.2,115.5,25,1004,320,6,320,6,NaN,NaN,NaN,NaN,NaN,NaN,NaN,NaN,NaN,NaN,TD,WN,B,B,160,1004,0.68,S,50,RCB,
2017090400,18w.2017,MAWAR,TS,NN,23.5,115.1,20,1007,315,7,308,6,NaN,NaN,NaN,NaN,NaN,NaN,NaN,NaN,NaN,NaN,DB,NW,B,B,160,1004,0.97,NaN,50,NaN,
2017090406,18w.2017,MAWAR,TS,NN,24.1,114.6,20,1007,317,7,318,6,NaN,NaN,NaN,NaN,NaN,NaN,NaN,NaN,NaN,NaN,DB,NW,B,B,160,1004,0.96,NaN,50,NaN,
2017090218,e2w.2017,9X-E2W,TD,NN,15.1,136.1,15,1010,281,8,281,8,NaN,NaN,NaN,NaN,NaN,NaN,NaN,NaN,NaN,NaN,DB,NW,B,B,NaN,NaN,NaN,NaN,NaN,NaN,
2017090300,e2w.2017,9X-E2W,TD,NN,15.2,135.3,15,1010,281,8,281,8,NaN,NaN,NaN,NaN,NaN,NaN,NaN,NaN,NaN,NaN,DB,NW,B,B,NaN,NaN,NaN,NaN,NaN,NaN,
2017090306,e2w.2017,9X-E2W,TD,NN,15.4,134.5,15,1010,281,8,281,8,NaN,NaN,NaN,NaN,NaN,NaN,NaN,NaN,NaN,NaN,DB,NW,B,B,NaN,NaN,NaN,NaN,NaN,NaN,
2017090312,e2w.2017,9X-E2W,TD,NN,15.9,132.9,15,1010,279,20,287,12,NaN,NaN,NaN,NaN,NaN,NaN,NaN,NaN,NaN,NaN,DB,NW,B,B,NaN,NaN,NaN,NaN,NaN,NaN,
2017090318,e2w.2017,9X-E2W,TD,NN,16.4,130.9,15,1010,279,20,286,18,NaN,NaN,NaN,NaN,NaN,NaN,NaN,NaN,NaN,NaN,DB,NW,B,B,NaN,NaN,NaN,NaN,NaN,NaN,
2017090400,e2w.2017,9X-E2W,TD,NN,16.5,128.8,20,1007,279,20,279,20,NaN,NaN,NaN,NaN,NaN,NaN,NaN,NaN,NaN,NaN,DB,NW,B,B,150,1008,NaN,S,NaN,NaN,
2017090406,e2w.2017,9X-E2W,TD,NN,16.3,127.2,20,1007,268,18,268,18,NaN,NaN,NaN,NaN,NaN,NaN,NaN,NaN,NaN,NaN,DB,NW,B,B,150,1008,NaN,NaN,NaN,NaN,
2017090412,e2w.2017,9X-E2W,TD,NN,16.4,126.0,25,1004,268,13,268,13,NaN,NaN,NaN,NaN,NaN,NaN,NaN,NaN,NaN,NaN,TD,NW,B,B,160,1008,NaN,S,NaN,NaN,
2017090418,19w.2017,GUCHOL,TD,NN,16.6,125.3,25,1004,279,9,279,9,NaN,NaN,NaN,NaN,NaN,NaN,NaN,NaN,NaN,NaN,TD,WN,B,B,165,1009,NaN,S,30,BRS,
2017090500,19w.2017,GUCHOL,TD,NN,17.6,124.9,25,1004,319,8,319,8,NaN,NaN,NaN,NaN,NaN,NaN,NaN,NaN,NaN,NaN,TD,WN,B,B,175,1009,NaN,S,80,BRS,
2017090506,19w.2017,GUCHOL,TD,NN,19.0,124.2,25,1004,336,13,336,13,NaN,NaN,NaN,NaN,NaN,NaN,NaN,NaN,NaN,NaN,TD,NW,B,B,190,1009,NaN,NaN,80,NaN,
2017090512,19w.2017,GUCHOL,TD,NN,19.7,122.6,25,1004,314,15,314,15,NaN,NaN,NaN,NaN,NaN,NaN,NaN,NaN,NaN,NaN,TD,NW,B,B,190,1008,NaN,NaN,80,NaN,
2017090518,19w.2017,GUCHOL,TD,NN,20.2,121.1,25,1004,292,16,292,16,NaN,NaN,NaN,NaN,NaN,NaN,NaN,NaN,NaN,NaN,TD,WN,B,B,110,1008,NaN,S,30,BCH,
2017090600,19w.2017,GUCHOL,TD,NN,20.2,120.4,30,1000,284,11,284,11,NaN,NaN,NaN,NaN,NaN,NaN,NaN,NaN,NaN,NaN,TD,WN,B,B,130,1008,NaN,S,30,BCH,
2017090606,19w.2017,GUCHOL,TD,NN,20.7,120.0,30,1000,296,6,296,6,NaN,NaN,NaN,NaN,NaN,NaN,NaN,NaN,NaN,NaN,TD,WN,B,B,140,1008,NaN,S,30,OHS,
2017090612,19w.2017,GUCHOL,TD,NN,21.7,119.9,30,1000,343,8,343,8,NaN,NaN,NaN,NaN,NaN,NaN,NaN,NaN,NaN,NaN,TD,WN,B,B,140,1008,NaN,S,30,OHS,
2017090618,19w.2017,GUCHOL,TD,NN,22.2,118.9,25,1005,326,9,326,9,NaN,NaN,NaN,NaN,NaN,NaN,NaN,NaN,NaN,NaN,TD,WN,B,B,150,1009,NaN,S,30,MEK,
2017090700,19w.2017,GUCHOL,TD,NN,22.9,119.0,25,1005,325,7,325,7,NaN,NaN,NaN,NaN,NaN,NaN,NaN,NaN,NaN,NaN,TD,NW,B,B,140,1008,NaN,S,30,NaN,
2017090706,19w.2017,GUCHOL,TD,NN,23.7,119.1,25,1005,7,8,7,8,NaN,NaN,NaN,NaN,NaN,NaN,NaN,NaN,NaN,NaN,TD,NW,B,B,140,1008,NaN,S,30,NaN,
2017090712,19w.2017,GUCHOL,TD,NN,24.8,119.4,20,1007,11,10,11,10,NaN,NaN,NaN,NaN,NaN,NaN,NaN,NaN,NaN,NaN,DB,NW,B,B,140,1008,0.08,S,30,NaN,
2017090718,19w.2017,GUCHOL,TD,NN,25.4,119.6,15,1010,15,9,15,9,NaN,NaN,NaN,NaN,NaN,NaN,NaN,NaN,NaN,NaN,DB,NW,B,B,150,1008,0.37,S,25,NaN,
2017090800,19w.2017,GUCHOL,TD,NN,26.4,120.1,20,1007,19,8,22,9,NaN,NaN,NaN,NaN,NaN,NaN,NaN,NaN,NaN,NaN,DB,NW,B,B,150,1008,0.29,NaN,25,NaN,
2017090806,19w.2017,GUCHOL,TD,NN,27.4,120.9,20,1007,26,11,30,12,NaN,NaN,NaN,NaN,NaN,NaN,NaN,NaN,NaN,NaN,DB,NW,B,B,150,1008,0.13,NaN,25,NaN,
2017090612,d4w.2017,9X-D4W,TY,NN,11.1,159.1,15,1010,263,8,263,8,NaN,NaN,NaN,NaN,NaN,NaN,NaN,NaN,NaN,NaN,DB,NW,B,B,NaN,NaN,NaN,NaN,NaN,NaN,
2017090618,d4w.2017,9X-D4W,TY,NN,11.1,158.3,15,1010,263,8,263,8,NaN,NaN,NaN,NaN,NaN,NaN,NaN,NaN,NaN,NaN,DB,NW,B,B,NaN,NaN,NaN,NaN,NaN,NaN,
2017090700,d4w.2017,9X-D4W,TY,NN,10.9,157.5,20,1008,263,8,263,8,NaN,NaN,NaN,NaN,NaN,NaN,NaN,NaN,NaN,NaN,DB,NW,B,B,150,1010,NaN,S,40,NaN,
2017090706,d4w.2017,9X-D4W,TY,NN,10.8,156.6,20,1010,260,8,260,8,NaN,NaN,NaN,NaN,NaN,NaN,NaN,NaN,NaN,NaN,DB,NW,B,B,150,1010,NaN,S,40,NaN,
2017090712,d4w.2017,9X-D4W,TY,NN,10.8,155.3,20,1010,267,11,267,11,NaN,NaN,NaN,NaN,NaN,NaN,NaN,NaN,NaN,NaN,DB,NW,B,B,150,1010,NaN,S,40,NaN,
2017090718,d4w.2017,9X-D4W,TY,NN,11.3,153.0,20,1006,278,18,278,18,NaN,NaN,NaN,NaN,NaN,NaN,NaN,NaN,NaN,NaN,DB,NW,B,B,100,1008,NaN,S,40,NaN,
2017090800,d4w.2017,9X-D4W,TY,NN,11.9,151.5,20,1007,286,19,286,19,NaN,NaN,NaN,NaN,NaN,NaN,NaN,NaN,NaN,NaN,DB,NW,B,B,100,1008,NaN,S,40,NaN,
2017090806,d4w.2017,9X-D4W,TY,NN,12.8,150.3,20,1008,300,15,300,15,NaN,NaN,NaN,NaN,NaN,NaN,NaN,NaN,NaN,NaN,DB,NW,B,B,110,1008,NaN,S,40,NaN,
2017090812,d4w.2017,9X-D4W,TY,NN,13.3,148.8,20,1008,298,15,298,15,NaN,NaN,NaN,NaN,NaN,NaN,NaN,NaN,NaN,NaN,DB,NW,B,B,110,1008,NaN,S,40,NaN,
2017090818,20w.2017,TALIM,TY,NN,13.9,146.9,20,1007,288,17,288,17,NaN,NaN,NaN,NaN,NaN,NaN,NaN,NaN,NaN,NaN,DB,WN,B,B,120,1008,NaN,S,40,BCH,
2017090900,20w.2017,TALIM,TY,NN,14.6,144.8,20,1007,295,11,289,20,NaN,NaN,NaN,NaN,NaN,NaN,NaN,NaN,NaN,NaN,DB,WN,B,B,120,1009,NaN,S,40,BCH,
2017090906,20w.2017,TALIM,TY,NN,15.2,144.0,25,1004,295,11,295,15,NaN,NaN,NaN,NaN,NaN,NaN,NaN,NaN,NaN,NaN,TD,WN,B,B,130,1009,NaN,S,40,RCB,
2017090912,20w.2017,TALIM,TY,NN,15.5,142.8,30,1000,295,11,295,11,NaN,NaN,NaN,NaN,NaN,NaN,NaN,NaN,NaN,NaN,TD,WN,B,B,150,1009,NaN,M,40,RCB,
2017090918,20w.2017,TALIM,TY,NN,15.6,141.6,35,996,280,12,280,12,NaN,NaN,NaN,NaN,NaN,NaN,NaN,NaN,NaN,NaN,TS,WN,B,B,185,1007,NaN,M,40,BCH,
2017091000,20w.2017,TALIM,TY,NN,15.8,140.4,40,993,277,12,277,12,92,110,120,65,75,NaN,NaN,NaN,NaN,NaN,TS,WN,B,B,185,1008,NaN,M,40,BCH,
2017091006,20w.2017,TALIM,TY,NN,16.4,139.3,40,993,290,12,290,12,66,80,95,55,35,NaN,NaN,NaN,NaN,NaN,TS,WN,B,B,185,1008,NaN,M,40,RCB,
2017091012,20w.2017,TALIM,TY,NN,17.1,138.2,45,989,302,12,302,12,84,120,130,50,35,NaN,NaN,NaN,NaN,NaN,TS,WN,B,B,185,1008,NaN,NaN,40,RCB,
2017091018,20w.2017,TALIM,TY,NN,17.7,136.9,50,985,300,13,300,13,85,110,110,60,60,NaN,NaN,NaN,NaN,NaN,TS,WN,B,B,175,1006,NaN,M,35,BRS,
2017091100,20w.2017,TALIM,TY,NN,18.3,135.9,55,990,299,12,299,12,119,140,120,85,130,39,60,35,85,35,TS,WN,B,B,175,1006,NaN,M,30,BRS,
2017091106,20w.2017,TALIM,TY,NN,19.1,134.7,60,988,304,13,304,13,106,140,125,55,105,51,70,60,55,50,TS,WN,B,B,175,1006,NaN,M,30,RCB,
2017091112,20w.2017,TALIM,TY,NN,19.7,133.3,60,978,300,14,300,14,112,140,110,65,135,56,75,55,65,70,TS,WN,B,B,175,1006,NaN,M,30,RCB,
2017091118,20w.2017,TALIM,TY,NN,20.4,132.0,60,978,297,14,297,14,94,125,100,45,105,46,65,50,45,55,TS,WN,B,B,170,1006,NaN,M,30,DMP,
2017091200,20w.2017,TALIM,TY,NN,21.4,130.6,65,974,304,15,304,15,109,140,110,80,105,54,75,55,80,50,TY,WN,B,B,190,1008,NaN,D,15,DMP,
2017091206,20w.2017,TALIM,TY,NN,22.2,129.2,70,970,305,16,305,16,95,145,80,70,85,46,60,50,70,45,TY,WN,B,B,190,1008,NaN,D,15,RCB,
2017091212,20w.2017,TALIM,TY,NN,23.1,128.1,70,981,306,14,306,14,150,190,175,100,135,70,95,65,100,75,TY,WN,B,B,190,1008,NaN,D,15,RCB,
2017091218,20w.2017,TALIM,TY,NN,23.7,127.0,75,967,307,13,307,13,154,195,175,110,135,70,95,65,110,75,TY,WN,B,B,190,1008,NaN,D,15,DMP,
2017091300,20w.2017,TALIM,TY,NN,24.3,126.4,80,963,308,10,308,10,159,200,180,115,140,68,90,65,115,70,TY,WN,B,B,200,1008,NaN,D,25,DMP,
2017091306,20w.2017,TALIM,TY,NN,24.9,125.9,90,956,320,8,320,8,162,190,165,130,165,89,105,90,130,90,TY,WN,B,B,200,1008,NaN,D,20,RCB,
2017091312,20w.2017,TALIM,TY,NN,25.5,125.3,100,948,320,8,320,8,172,190,180,145,175,90,100,95,145,85,TY,WN,B,B,205,1008,NaN,D,22,RCB,
2017091318,20w.2017,TALIM,TY,NN,26.1,124.9,110,941,323,8,323,8,180,175,165,170,210,89,100,90,170,80,TY,WN,B,B,205,1008,NaN,D,22,BCH,
2017091400,20w.2017,TALIM,TY,NN,26.6,124.6,120,933,330,6,330,6,178,190,180,160,180,99,105,100,160,100,TY,WN,B,B,200,1008,NaN,D,22,BCH,
2017091406,20w.2017,TALIM,TY,NN,27.0,124.4,115,937,334,5,334,5,192,195,200,180,195,114,110,120,180,110,TY,WN,B,B,205,1008,NaN,D,35,MEK,
2017091412,20w.2017,TALIM,TY,NN,27.3,124.3,110,941,339,4,339,4,185,195,190,170,185,106,110,110,170,105,TY,WN,B,B,195,1007,NaN,D,37,MEK,
2017091418,20w.2017,TALIM,TY,NN,27.7,124.4,95,952,360,4,360,3,166,170,175,155,165,86,105,80,155,80,TY,WN,B,B,195,1007,NaN,D,25,BCH,
2017091500,20w.2017,TALIM,TY,NN,27.9,124.7,80,963,31,3,31,3,175,200,165,160,175,91,100,90,160,90,TY,WN,B,B,195,1005,NaN,D,25,BCH,
2017091506,20w.2017,TALIM,TY,NN,27.9,125.0,70,970,69,3,69,3,146,145,155,145,140,80,80,85,145,75,TY,WN,B,B,190,1006,NaN,D,20,CRM,
2017091512,20w.2017,TALIM,TY,NN,28.1,125.3,65,974,69,3,69,3,129,130,135,135,115,68,70,70,135,60,TY,WN,B,B,180,1006,NaN,D,25,CRM,
2017091518,20w.2017,TALIM,TY,NN,28.4,125.3,60,978,28,3,28,3,162,170,170,160,150,91,95,95,160,85,TS,WN,B,B,185,1005,NaN,D,45,AES,
2017091600,20w.2017,TALIM,TY,NN,28.6,126.0,55,982,51,4,51,4,168,175,175,165,155,92,100,95,165,85,TS,WN,B,B,190,1005,NaN,M,50,DMP,
2017091606,20w.2017,TALIM,TY,NN,28.8,126.6,55,975,71,6,71,6,198,220,175,195,200,55,,25,195,75,TS,WN,B,B,190,1003,NaN,M,55,CRM,
2017091612,20w.2017,TALIM,TY,NN,29.3,127.5,55,977,62,7,62,7,202,225,180,200,205,44,10,25,200,75,TS,WN,B,B,200,1004,NaN,M,50,CRM,
2017091618,20w.2017,TALIM,TY,NN,29.9,128.4,55,979,55,10,55,10,158,150,180,165,135,46,20,25,165,75,TS,WN,B,B,200,1004,NaN,M,50,DMP,
2017091700,20w.2017,TALIM,TY,NN,31.0,130.1,55,979,53,14,53,14,158,140,195,165,130,74,65,95,165,65,TS,WN,B,B,200,1004,0.07,M,50,DMP,
2017091706,20w.2017,TALIM,TY,NN,32.3,132.0,55,979,52,20,52,20,164,155,205,165,130,65,50,90,165,50,TS,WN,B,B,220,1004,0.22,M,45,MEK,
2017091712,20w.2017,TALIM,TY,NN,34.1,134.4,55,977,49,24,49,24,171,180,215,155,135,64,55,90,155,40,EX,WN,B,B,225,1002,0.49,M,45,MEK,
2017091718,20w.2017,TALIM,TY,NN,37.4,138.1,55,979,44,36,44,36,198,200,255,170,165,104,105,140,170,85,EX,WN,B,B,260,1005,0.14,S,45,DMP,
2017091800,20w.2017,TALIM,TY,NN,41.0,139.9,55,975,32,41,32,41,265,320,370,190,180,89,125,120,190,40,EX,WN,B,B,260,1005,0.25,S,55,DMP,
2017091806,20w.2017,TALIM,TY,NN,44.3,141.7,55,982,24,36,22,37,279,340,405,190,180,84,85,150,190,45,EX,NW,B,B,260,1005,0.27,NaN,55,NaN,
2017091812,20w.2017,TALIM,TY,NN,47.1,143.2,55,982,21,33,21,33,278,340,425,175,170,89,150,105,175,45,EX,NW,B,B,260,1005,0.55,NaN,55,NaN,
2017091818,20w.2017,TALIM,TY,NN,49.0,144.6,50,985,23,26,23,26,229,275,395,125,120,NaN,NaN,NaN,NaN,NaN,EX,NW,B,B,260,1005,0.12,NaN,55,NaN,
2017090900,f7w.2017,9X-F7W,TY,NN,13.6,132.9,15,1010,270,6,270,6,NaN,NaN,NaN,NaN,NaN,NaN,NaN,NaN,NaN,NaN,DB,NW,B,B,NaN,NaN,NaN,NaN,NaN,NaN,
2017090906,f7w.2017,9X-F7W,TY,NN,13.6,132.3,15,1010,270,6,270,6,NaN,NaN,NaN,NaN,NaN,NaN,NaN,NaN,NaN,NaN,DB,NW,B,B,NaN,NaN,NaN,NaN,NaN,NaN,
2017090912,f7w.2017,9X-F7W,TY,NN,13.6,131.7,15,1010,270,6,270,6,NaN,NaN,NaN,NaN,NaN,NaN,NaN,NaN,NaN,NaN,DB,NW,B,B,NaN,NaN,NaN,NaN,NaN,NaN,
2017090918,f7w.2017,9X-F7W,TY,NN,13.5,130.5,15,1010,267,9,267,9,NaN,NaN,NaN,NaN,NaN,NaN,NaN,NaN,NaN,NaN,DB,NW,B,B,NaN,NaN,NaN,NaN,NaN,NaN,
2017091000,f7w.2017,9X-F7W,TY,NN,13.7,129.2,20,1006,272,12,272,12,NaN,NaN,NaN,NaN,NaN,NaN,NaN,NaN,NaN,NaN,DB,NW,B,B,85,1007,NaN,NaN,30,NaN,
2017091006,f7w.2017,9X-F7W,TY,NN,14.2,127.7,20,1007,284,14,284,14,NaN,NaN,NaN,NaN,NaN,NaN,NaN,NaN,NaN,NaN,DB,NW,B,B,85,1007,NaN,S,30,NaN,
2017091012,f7w.2017,9X-F7W,TY,NN,14.4,127.1,20,1007,289,11,289,11,NaN,NaN,NaN,NaN,NaN,NaN,NaN,NaN,NaN,NaN,DB,NW,B,B,85,1007,NaN,S,30,NaN,
2017091018,f7w.2017,9X-F7W,TY,NN,14.4,126.9,20,1006,278,11,284,4,NaN,NaN,NaN,NaN,NaN,NaN,NaN,NaN,NaN,NaN,DB,NW,B,B,90,1006,NaN,S,30,NaN,
2017091100,f7w.2017,9X-F7W,TY,NN,14.7,126.0,20,1006,278,11,286,6,NaN,NaN,NaN,NaN,NaN,NaN,NaN,NaN,NaN,NaN,DB,NW,B,B,90,1007,NaN,S,45,NaN,
2017091106,f7w.2017,9X-F7W,TY,NN,14.7,124.7,20,1006,278,11,278,11,NaN,NaN,NaN,NaN,NaN,NaN,NaN,NaN,NaN,NaN,DB,NW,B,B,90,1007,0.01,S,45,NaN,
2017091112,f7w.2017,9X-F7W,TY,NN,14.8,123.7,25,1004,273,11,273,11,NaN,NaN,NaN,NaN,NaN,NaN,NaN,NaN,NaN,NaN,TD,NW,B,B,90,1007,NaN,S,45,NaN,
2017091118,21w.2017,DOKSURI,TY,NN,14.7,122.7,25,1004,270,10,270,10,NaN,NaN,NaN,NaN,NaN,NaN,NaN,NaN,NaN,NaN,TD,WN,B,B,130,1006,0.25,S,30,DMP,
2017091200,21w.2017,DOKSURI,TY,NN,14.5,121.7,30,1000,261,10,261,10,NaN,NaN,NaN,NaN,NaN,NaN,NaN,NaN,NaN,NaN,TD,WN,B,B,170,1007,0.64,S,30,DMP,
2017091206,21w.2017,DOKSURI,TY,NN,14.5,120.4,30,1000,265,11,265,11,NaN,NaN,NaN,NaN,NaN,NaN,NaN,NaN,NaN,NaN,TD,WN,B,B,170,1007,0.43,S,30,RCB,
2017091212,21w.2017,DOKSURI,TY,NN,14.3,119.0,35,996,266,13,266,13,121,140,85,110,150,NaN,NaN,NaN,NaN,NaN,TS,WN,B,B,170,1007,NaN,S,30,RCB,
2017091218,21w.2017,DOKSURI,TY,NN,14.1,118.0,40,993,260,12,260,12,64,70,65,60,60,NaN,NaN,NaN,NaN,NaN,TS,WN,B,B,170,1007,NaN,M,30,DMP,
2017091300,21w.2017,DOKSURI,TY,NN,14.6,116.9,40,993,278,10,278,10,82,90,80,75,85,NaN,NaN,NaN,NaN,NaN,TS,WN,B,B,180,1007,NaN,M,30,DMP,
2017091306,21w.2017,DOKSURI,TY,NN,15.3,115.9,45,999,301,12,301,12,34,35,50,25,25,NaN,NaN,NaN,NaN,NaN,TS,WN,B,B,180,1007,NaN,M,30,RCB,
2017091312,21w.2017,DOKSURI,TY,NN,15.4,114.5,50,985,289,12,289,12,100,120,90,80,110,48,60,40,80,55,TS,NW,B,B,180,1007,NaN,NaN,30,NaN,
2017091318,21w.2017,DOKSURI,TY,NN,15.7,113.3,55,982,279,13,279,13,116,135,85,120,125,42,45,45,120,35,TS,WN,B,B,220,1005,NaN,D,30,AES,
2017091400,21w.2017,DOKSURI,TY,NN,16.0,112.3,65,982,286,11,286,11,108,130,90,80,130,51,65,40,80,65,TY,WN,B,B,210,1003,NaN,D,30,BCH,
2017091406,21w.2017,DOKSURI,TY,NN,16.5,111.1,75,973,291,11,291,11,134,155,120,110,150,64,70,60,110,75,TY,WN,B,B,210,1001,NaN,D,25,MEK,
2017091412,21w.2017,DOKSURI,TY,NN,16.9,109.9,85,967,291,12,291,12,136,165,120,110,150,71,85,65,110,80,TY,WN,B,B,200,1002,NaN,D,25,MEK,
2017091418,21w.2017,DOKSURI,TY,NN,17.4,108.8,90,964,292,12,292,12,131,155,125,100,145,70,85,65,100,80,TY,WN,B,B,180,1003,NaN,D,22,AES,
2017091500,21w.2017,DOKSURI,TY,NN,17.6,107.3,95,960,286,13,286,13,136,165,130,95,155,72,90,70,95,85,TY,WN,B,B,180,1003,0.02,D,17,BCH,
2017091506,21w.2017,DOKSURI,TY,NN,17.9,105.9,80,963,280,14,280,14,99,110,115,70,100,42,50,40,70,45,TY,WN,B,B,180,1003,0.82,NaN,17,CRM,
2017091512,21w.2017,DOKSURI,TY,NN,18.1,104.4,50,985,280,14,280,14,138,195,125,80,150,74,110,65,80,80,TS,NW,B,B,180,1003,0.99,NaN,17,NaN,
2017091518,21w.2017,DOKSURI,TY,NN,18.3,102.9,40,993,278,14,278,14,95,100,85,95,100,NaN,NaN,NaN,NaN,NaN,TS,NW,B,B,160,1005,0.99,NaN,17,NaN,
2017091600,21w.2017,DOKSURI,TY,NN,18.6,101.1,30,1000,279,16,279,16,NaN,NaN,NaN,NaN,NaN,NaN,NaN,NaN,NaN,NaN,TD,NW,B,B,160,1005,1.00,NaN,17,NaN,
2017092218,f0w.2017,9X-F0W,TD,NN,16.1,122.6,15,1010,289,21,289,21,NaN,NaN,NaN,NaN,NaN,NaN,NaN,NaN,NaN,NaN,DB,NW,B,B,230,1009,0.07,NaN,15,NaN,
2017092300,f0w.2017,9X-F0W,TD,NN,16.9,120.6,15,1010,289,21,289,21,NaN,NaN,NaN,NaN,NaN,NaN,NaN,NaN,NaN,NaN,DB,NW,B,B,230,1009,0.60,NaN,15,NaN,
2017092306,f0w.2017,9X-F0W,TD,NN,17.5,118.4,20,1007,289,21,289,21,NaN,NaN,NaN,NaN,NaN,NaN,NaN,NaN,NaN,NaN,DB,NW,B,B,210,1009,NaN,S,55,NaN,
2017092312,f0w.2017,9X-F0W,TD,NN,18.0,116.1,20,1007,274,15,284,22,NaN,NaN,NaN,NaN,NaN,NaN,NaN,NaN,NaN,NaN,DB,NW,B,B,190,1009,NaN,S,50,NaN,
2017092318,22w.2017,TWENTYTWO,TD,NN,18.2,114.6,25,1004,274,15,281,18,NaN,NaN,NaN,NaN,NaN,NaN,NaN,NaN,NaN,NaN,TD,WN,B,B,180,1008,NaN,S,45,CRM,
2017092400,22w.2017,TWENTYTWO,TD,NN,18.2,112.9,30,1005,274,15,274,15,NaN,NaN,NaN,NaN,NaN,NaN,NaN,NaN,NaN,NaN,TD,WN,B,B,175,1008,NaN,S,45,NaN,
2017092406,22w.2017,TWENTYTWO,TD,NN,18.6,111.8,30,1000,279,13,279,13,NaN,NaN,NaN,NaN,NaN,NaN,NaN,NaN,NaN,NaN,TD,WN,B,B,175,1008,NaN,S,45,SJB,
2017092412,22w.2017,TWENTYTWO,TD,NN,19.0,110.7,30,1000,291,11,291,11,NaN,NaN,NaN,NaN,NaN,NaN,NaN,NaN,NaN,NaN,TD,WN,B,B,180,1006,0.49,S,45,SJB,
2017092418,22w.2017,TWENTYTWO,TD,NN,19.5,109.6,30,1001,293,11,293,11,NaN,NaN,NaN,NaN,NaN,NaN,NaN,NaN,NaN,NaN,TD,WN,B,B,170,1006,0.85,S,45,CRM,
2017092500,22w.2017,TWENTYTWO,TD,NN,20.3,108.1,30,1000,298,14,298,14,NaN,NaN,NaN,NaN,NaN,NaN,NaN,NaN,NaN,NaN,TD,WN,B,B,170,1007,NaN,S,45,CRM,
2017092506,22w.2017,TWENTYTWO,TD,NN,21.1,106.9,20,1007,302,15,302,15,NaN,NaN,NaN,NaN,NaN,NaN,NaN,NaN,NaN,NaN,DB,WN,B,B,170,1007,0.62,S,45,SJB,
2017092512,22w.2017,TWENTYTWO,TD,NN,21.7,106.3,25,1004,310,12,310,11,NaN,NaN,NaN,NaN,NaN,NaN,NaN,NaN,NaN,NaN,TD,NW,B,B,170,1007,0.98,NaN,45,NaN,
2017100706,g7w.2017,9X-G7W,TD,NN,15.0,119.9,15,1010,279,6,279,6,NaN,NaN,NaN,NaN,NaN,NaN,NaN,NaN,NaN,NaN,DB,NW,B,B,NaN,NaN,0.39,NaN,NaN,NaN,
2017100712,g7w.2017,9X-G7W,TD,NN,15.1,119.2,15,1010,279,6,279,6,NaN,NaN,NaN,NaN,NaN,NaN,NaN,NaN,NaN,NaN,DB,NW,B,B,NaN,NaN,NaN,NaN,NaN,NaN,
2017100718,g7w.2017,9X-G7W,TD,NN,15.2,118.6,15,1007,279,6,279,6,NaN,NaN,NaN,NaN,NaN,NaN,NaN,NaN,NaN,NaN,DB,NW,B,B,150,1009,NaN,S,60,NaN,
2017100800,g7w.2017,9X-G7W,TD,NN,15.3,117.9,20,1007,279,6,279,6,NaN,NaN,NaN,NaN,NaN,NaN,NaN,NaN,NaN,NaN,DB,NW,B,B,150,1009,NaN,S,60,NaN,
2017100806,g7w.2017,9X-G7W,TD,NN,15.6,116.5,20,1003,281,10,281,10,NaN,NaN,NaN,NaN,NaN,NaN,NaN,NaN,NaN,NaN,DB,NW,B,B,150,1005,NaN,S,60,NaN,
2017100812,g7w.2017,9X-G7W,TD,NN,15.9,115.0,20,1003,282,14,282,14,NaN,NaN,NaN,NaN,NaN,NaN,NaN,NaN,NaN,NaN,DB,NW,B,B,170,1005,NaN,S,60,NaN,
2017100818,23w.2017,TWENTYTHR,TD,NN,16.4,113.1,25,1004,284,17,284,17,NaN,NaN,NaN,NaN,NaN,NaN,NaN,NaN,NaN,NaN,TD,WN,B,B,175,1006,NaN,S,50,CRM,
2017100900,23w.2017,TWENTYTHR,TD,NN,16.6,111.9,20,1006,283,16,283,15,NaN,NaN,NaN,NaN,NaN,NaN,NaN,NaN,NaN,NaN,DB,WN,B,B,180,1006,NaN,S,45,CRM,
2017100906,23w.2017,TWENTYTHR,TD,NN,16.9,110.4,25,1003,283,16,281,13,NaN,NaN,NaN,NaN,NaN,NaN,NaN,NaN,NaN,NaN,TD,WN,B,B,180,1004,NaN,S,50,SJB,
2017100912,23w.2017,TWENTYTHR,TD,NN,17.3,108.6,25,1002,283,16,283,16,NaN,NaN,NaN,NaN,NaN,NaN,NaN,NaN,NaN,NaN,TD,WN,B,B,180,1004,NaN,M,50,SJB,
2017100918,23w.2017,TWENTYTHR,TD,NN,17.8,107.1,30,1000,286,16,286,16,NaN,NaN,NaN,NaN,NaN,NaN,NaN,NaN,NaN,NaN,TD,WN,B,B,160,1004,0.02,S,50,BRS,
2017101000,23w.2017,TWENTYTHR,TD,NN,18.4,105.6,30,999,291,15,291,15,NaN,NaN,NaN,NaN,NaN,NaN,NaN,NaN,NaN,NaN,TD,WN,B,B,160,1004,0.84,NaN,50,NaN,
2017101006,23w.2017,TWENTYTHR,TD,NN,19.2,103.5,20,1007,292,18,292,18,NaN,NaN,NaN,NaN,NaN,NaN,NaN,NaN,NaN,NaN,DB,NW,B,B,160,1004,0.99,NaN,50,NaN,
2017101012,23w.2017,TWENTYTHR,TD,NN,19.3,103.1,20,1007,289,14,291,13,NaN,NaN,NaN,NaN,NaN,NaN,NaN,NaN,NaN,NaN,DB,NW,B,B,160,1004,0.99,NaN,50,NaN,
2017101200,g8w.2017,9X-G8W,TY,NN,17.6,124.9,25,1004,286,9,289,9,NaN,NaN,NaN,NaN,NaN,NaN,NaN,NaN,NaN,NaN,TD,NW,B,B,190,1007,NaN,S,40,NaN,
2017101206,24w.2017,KHANUN,TY,NN,17.8,124.1,25,1004,289,11,289,9,NaN,NaN,NaN,NaN,NaN,NaN,NaN,NaN,NaN,NaN,TD,WN,B,B,210,1003,NaN,S,50,SJB,
2017101212,24w.2017,KHANUN,TY,NN,18.2,123.1,30,1000,289,11,289,9,NaN,NaN,NaN,NaN,NaN,NaN,NaN,NaN,NaN,NaN,TD,WN,B,B,285,1003,NaN,M,50,SJB,
2017101218,24w.2017,KHANUN,TY,NN,18.5,122.0,35,996,289,11,289,11,97,100,60,,130,NaN,NaN,NaN,NaN,NaN,TS,WN,B,B,290,1005,0.30,M,40,CRM,
2017101300,24w.2017,KHANUN,TY,NN,17.5,120.3,40,993,255,14,255,14,165,195,,,135,NaN,NaN,NaN,NaN,NaN,TS,WN,B,B,300,1005,0.57,M,40,CRM,
2017101306,24w.2017,KHANUN,TY,NN,17.2,119.8,45,991,238,12,238,12,160,220,60,90,270,NaN,NaN,NaN,NaN,NaN,TS,WN,B,B,270,1001,0.10,M,30,SJB,
2017101312,24w.2017,KHANUN,TY,NN,16.9,119.4,45,989,235,5,235,5,154,140,100,125,250,NaN,NaN,NaN,NaN,NaN,TS,WN,B,B,265,1001,NaN,D,25,SJB,
2017101318,24w.2017,KHANUN,TY,NN,16.9,119.1,50,988,246,4,246,4,98,60,70,110,150,35,25,30,110,45,TS,WN,B,B,265,1001,NaN,M,25,BCH,
2017101400,24w.2017,KHANUN,TY,NN,17.2,118.6,50,985,291,4,291,4,111,95,85,115,150,58,65,40,115,65,TS,WN,B,B,265,1001,NaN,S,30,BCH,
2017101406,24w.2017,KHANUN,TY,NN,17.7,118.1,55,982,310,6,310,6,58,85,65,40,40,28,35,30,40,25,TS,WN,B,B,265,1001,NaN,S,30,RCB,
2017101412,24w.2017,KHANUN,TY,NN,18.6,117.5,60,983,323,9,323,9,64,85,80,45,45,32,40,30,45,30,TS,WN,B,B,400,1005,NaN,S,30,RCB,
2017101418,24w.2017,KHANUN,TY,NN,19.4,116.3,75,967,315,12,315,12,162,190,155,130,175,76,100,75,130,80,TY,WN,B,B,300,1003,NaN,D,30,BCH,
2017101500,24w.2017,KHANUN,TY,NN,20.0,114.8,85,959,299,15,299,15,194,230,170,155,220,99,135,80,155,105,TY,WN,B,B,300,1003,NaN,D,30,BCH,
2017101506,24w.2017,KHANUN,TY,NN,20.4,113.6,85,959,291,14,291,14,155,190,145,115,170,85,105,80,115,95,TY,WN,B,B,350,1007,NaN,D,30,RCB,
2017101512,24w.2017,KHANUN,TY,NN,20.7,112.0,75,967,285,14,285,14,155,190,145,115,170,85,105,80,115,95,TY,WN,B,B,340,1006,NaN,D,30,RCB,
2017101518,24w.2017,KHANUN,TY,NN,20.6,110.5,55,982,274,15,274,15,95,130,85,55,110,40,60,35,55,50,TS,WN,B,B,340,1006,0.32,D,30,OHS,
2017101600,24w.2017,KHANUN,TY,NN,20.2,109.7,35,996,257,11,257,11,88,100,55,85,110,NaN,NaN,NaN,NaN,NaN,TS,WN,B,B,200,1004,0.38,S,30,OHS,
2017101606,24w.2017,KHANUN,TY,NN,20.3,109.3,25,1004,255,6,255,6,NaN,NaN,NaN,NaN,NaN,NaN,NaN,NaN,NaN,NaN,TD,WN,B,B,200,1004,0.14,S,30,RCB,
2017101218,f1w.2017,9X-F1W,STY,NN,8.3,144.2,15,1010,286,7,286,7,NaN,NaN,NaN,NaN,NaN,NaN,NaN,NaN,NaN,NaN,DB,NW,B,B,NaN,NaN,NaN,NaN,NaN,NaN,
2017101300,f1w.2017,9X-F1W,STY,NN,8.5,143.5,15,1010,286,7,286,7,NaN,NaN,NaN,NaN,NaN,NaN,NaN,NaN,NaN,NaN,DB,NW,B,B,NaN,NaN,NaN,NaN,NaN,NaN,
2017101306,f1w.2017,9X-F1W,STY,NN,8.7,142.8,15,1010,286,7,286,7,NaN,NaN,NaN,NaN,NaN,NaN,NaN,NaN,NaN,NaN,DB,NW,B,B,NaN,NaN,NaN,NaN,NaN,NaN,
2017101312,f1w.2017,9X-F1W,STY,NN,8.7,141.7,15,1010,276,9,276,9,NaN,NaN,NaN,NaN,NaN,NaN,NaN,NaN,NaN,NaN,DB,NW,B,B,NaN,NaN,NaN,NaN,NaN,NaN,
2017101318,f1w.2017,9X-F1W,STY,NN,8.7,140.6,15,1006,270,11,270,11,NaN,NaN,NaN,NaN,NaN,NaN,NaN,NaN,NaN,NaN,DB,NW,B,B,150,1007,NaN,S,20,NaN,
2017101400,f1w.2017,9X-F1W,STY,NN,8.5,139.7,20,1006,264,10,264,10,NaN,NaN,NaN,NaN,NaN,NaN,NaN,NaN,NaN,NaN,DB,NW,B,B,75,1007,NaN,S,30,NaN,
2017101406,f1w.2017,9X-F1W,STY,NN,8.3,139.2,20,1007,254,7,254,7,NaN,NaN,NaN,NaN,NaN,NaN,NaN,NaN,NaN,NaN,DB,NW,B,B,75,1007,NaN,S,30,NaN,
2017101412,f1w.2017,9X-F1W,STY,NN,7.8,138.7,20,1005,235,6,235,6,NaN,NaN,NaN,NaN,NaN,NaN,NaN,NaN,NaN,NaN,DB,NW,B,B,75,1006,NaN,NaN,30,NaN,
2017101418,f1w.2017,9X-F1W,STY,NN,7.9,138.2,20,1004,248,5,248,5,NaN,NaN,NaN,NaN,NaN,NaN,NaN,NaN,NaN,NaN,DB,NW,B,B,80,1005,NaN,S,30,NaN,
2017101500,f1w.2017,9X-F1W,STY,NN,8.7,137.9,20,1007,306,7,319,6,NaN,NaN,NaN,NaN,NaN,NaN,NaN,NaN,NaN,NaN,DB,NW,B,B,160,1004,NaN,NaN,30,NaN,
2017101506,f1w.2017,9X-F1W,STY,NN,9.1,137.3,20,1003,306,7,323,7,NaN,NaN,NaN,NaN,NaN,NaN,NaN,NaN,NaN,NaN,DB,NW,B,B,160,1004,NaN,S,30,NaN,
2017101512,25w.2017,LAN,STY,NN,9.5,136.8,25,1002,306,7,306,7,NaN,NaN,NaN,NaN,NaN,NaN,NaN,NaN,NaN,NaN,TD,WN,B,B,160,1004,NaN,S,30,RCB,
2017101518,25w.2017,LAN,STY,NN,10.0,136.3,30,1002,312,7,312,7,NaN,NaN,NaN,NaN,NaN,NaN,NaN,NaN,NaN,NaN,TD,WN,B,B,130,1006,NaN,S,30,OHS,
2017101600,25w.2017,LAN,STY,NN,10.3,135.6,35,1001,304,7,304,7,34,45,30,30,30,NaN,NaN,NaN,NaN,NaN,TS,WN,B,B,200,1005,NaN,M,20,OHS,
2017101606,25w.2017,LAN,STY,NN,10.4,134.6,35,1001,283,9,283,9,62,55,105,40,50,NaN,NaN,NaN,NaN,NaN,TS,WN,B,B,200,1005,NaN,M,20,RCB,
2017101612,25w.2017,LAN,STY,NN,10.6,133.4,40,993,278,11,278,11,62,55,105,40,50,NaN,NaN,NaN,NaN,NaN,TS,WN,B,B,245,1004,NaN,M,20,RCB,
2017101618,25w.2017,LAN,STY,NN,10.7,132.7,45,989,279,9,279,9,86,115,75,75,80,NaN,NaN,NaN,NaN,NaN,TS,WN,B,B,270,1003,NaN,M,30,SJB,
2017101700,25w.2017,LAN,STY,NN,10.4,132.0,45,989,262,7,262,7,95,120,105,65,90,NaN,NaN,NaN,NaN,NaN,TS,WN,B,B,270,1003,NaN,M,25,SJB,
2017101706,25w.2017,LAN,STY,NN,10.1,132.5,50,992,198,3,198,3,86,125,65,65,90,31,35,25,65,40,TS,WN,B,B,290,1005,NaN,M,25,CRM,
2017101712,25w.2017,LAN,STY,NN,10.4,132.4,55,987,90,2,90,2,165,130,200,200,130,68,60,75,200,60,TS,WN,B,B,290,1002,NaN,M,25,CRM,
2017101718,25w.2017,LAN,STY,NN,11.0,132.5,60,979,360,4,360,5,165,130,200,200,130,68,60,75,200,60,TS,WN,B,B,290,1002,NaN,D,25,SJB,
2017101800,25w.2017,LAN,STY,NN,12.2,132.5,65,977,3,9,3,9,181,180,215,205,125,94,90,105,205,65,TY,WN,B,B,290,1002,NaN,D,25,SJB,
2017101806,25w.2017,LAN,STY,NN,13.1,132.2,65,978,352,11,352,11,184,180,215,205,135,94,90,105,205,65,TY,WN,B,B,305,1003,NaN,D,20,CRM,
2017101812,25w.2017,LAN,STY,NN,14.0,131.7,65,977,337,10,337,10,195,185,250,200,145,109,90,140,200,80,TY,WN,B,B,320,1005,NaN,D,20,CRM,
2017101818,25w.2017,LAN,STY,NN,14.6,131.1,70,970,325,9,325,9,191,190,245,170,160,78,90,90,170,85,TY,WN,B,B,320,1005,NaN,D,20,DMP,
2017101900,25w.2017,LAN,STY,NN,15.4,130.3,75,967,316,10,316,10,199,195,250,170,180,65,75,75,170,50,TY,WN,B,B,350,1006,NaN,D,20,DMP,
2017101906,25w.2017,LAN,STY,NN,16.3,130.1,90,956,330,10,330,10,208,220,250,175,185,108,115,130,175,90,TY,WN,B,B,400,1006,NaN,D,20,RCB,
2017101912,25w.2017,LAN,STY,NN,17.0,130.0,85,959,350,8,350,8,231,240,280,195,210,179,190,215,195,120,TY,WN,B,B,400,1006,NaN,D,20,RCB,
2017101918,25w.2017,LAN,STY,NN,18.0,129.9,80,963,354,9,354,9,241,255,280,215,215,181,190,215,215,120,TY,WN,B,B,400,1005,NaN,D,20,DMP,
2017102000,25w.2017,LAN,STY,NN,18.9,130.0,85,959,360,10,360,9,240,250,280,210,220,181,190,215,210,120,TY,WN,B,B,400,1005,NaN,D,40,DMP,
2017102006,25w.2017,LAN,STY,NN,19.7,130.1,95,952,6,9,6,9,245,250,280,220,230,95,105,105,220,80,TY,WN,B,B,480,1005,NaN,D,32,RCB,
2017102012,25w.2017,LAN,STY,NN,20.1,130.3,115,937,13,6,13,6,252,260,285,240,225,146,150,165,240,130,TY,WN,B,B,480,1005,NaN,D,32,RCB,
2017102018,25w.2017,LAN,STY,NN,20.7,130.7,130,926,29,6,29,6,258,260,270,240,260,84,55,170,240,55,ST,WN,B,B,480,1005,NaN,D,30,SJB,
2017102100,25w.2017,LAN,STY,NN,21.4,131.3,130,926,36,8,36,8,268,270,270,245,285,92,60,170,245,65,ST,WN,B,B,480,1005,NaN,D,30,SJB,
2017102106,25w.2017,LAN,STY,NN,22.4,132.0,130,926,35,10,35,10,270,270,270,250,290,92,60,170,250,65,ST,WN,B,B,440,1004,NaN,D,30,CRM,
2017102112,25w.2017,LAN,STY,NN,23.8,132.6,135,922,27,13,27,13,272,270,280,250,290,166,160,180,250,155,ST,WN,B,B,470,1007,NaN,D,27,CRM,
2017102118,25w.2017,LAN,STY,NN,25.5,133.3,130,926,21,17,21,17,272,270,280,250,290,65,60,100,250,50,ST,WN,B,B,470,1007,NaN,D,25,SJB,
2017102200,25w.2017,LAN,STY,NN,27.8,133.8,125,930,15,21,15,21,272,270,280,250,290,65,60,100,250,50,TY,WN,B,B,470,1007,NaN,D,20,SJB,
2017102206,25w.2017,LAN,STY,NN,29.9,134.6,110,941,15,23,15,23,404,320,390,460,445,175,170,200,460,125,TY,WN,B,B,450,1006,NaN,D,30,CRM,
2017102212,25w.2017,LAN,STY,NN,32.0,136.2,90,956,26,23,26,23,406,330,430,460,405,110,75,170,460,100,TY,WN,B,B,450,1006,NaN,D,30,CRM,
2017102218,25w.2017,LAN,STY,NN,34.6,138.6,70,970,36,29,36,29,396,340,420,420,405,110,75,170,420,100,EX,WN,B,B,450,1006,0.20,D,35,SJB,
2017102300,25w.2017,LAN,STY,NN,37.5,141.6,55,982,39,35,39,35,186,185,270,165,125,102,100,155,165,65,EX,WN,B,B,450,1006,0.01,D,35,SJB,
2017102306,25w.2017,LAN,STY,NN,40.0,145.1,60,978,44,37,44,37,286,300,345,270,230,166,175,205,270,130,EX,NW,B,B,450,1006,NaN,NaN,35,NaN,
2017101712,f4w.2017,9X-F4W,TD,NN,9.9,115.0,20,1007,154,3,154,3,NaN,NaN,NaN,NaN,NaN,NaN,NaN,NaN,NaN,NaN,DB,NW,B,B,130,1007,NaN,NaN,50,NaN,
2017101718,f4w.2017,9X-F4W,TD,NN,9.5,115.1,15,1010,154,3,154,3,NaN,NaN,NaN,NaN,NaN,NaN,NaN,NaN,NaN,NaN,DB,NW,B,B,NaN,NaN,NaN,NaN,NaN,NaN,
2017101800,f4w.2017,9X-F4W,TD,NN,9.3,115.3,15,1005,154,3,154,3,NaN,NaN,NaN,NaN,NaN,NaN,NaN,NaN,NaN,NaN,DB,NW,B,B,NaN,NaN,NaN,NaN,NaN,NaN,
2017101806,f4w.2017,9X-F4W,TD,NN,9.1,115.8,20,1004,48,5,120,4,NaN,NaN,NaN,NaN,NaN,NaN,NaN,NaN,NaN,NaN,DB,NW,B,B,150,1007,NaN,S,45,NaN,
2017101812,f4w.2017,9X-F4W,TD,NN,9.4,116.2,20,1004,48,5,84,4,NaN,NaN,NaN,NaN,NaN,NaN,NaN,NaN,NaN,NaN,DB,NW,B,B,150,1006,NaN,S,45,NaN,
2017101818,26w.2017,TWENTYSIX,TD,NN,9.8,116.6,25,1002,48,5,48,5,NaN,NaN,NaN,NaN,NaN,NaN,NaN,NaN,NaN,NaN,DB,WN,B,B,125,1005,NaN,S,50,DMP,
2017101900,26w.2017,TWENTYSIX,TD,NN,10.4,117.1,25,1002,42,7,42,7,NaN,NaN,NaN,NaN,NaN,NaN,NaN,NaN,NaN,NaN,TD,WN,B,B,125,1005,NaN,S,50,DMP,
2017101906,26w.2017,TWENTYSIX,TD,NN,10.8,117.8,25,1003,50,8,50,8,NaN,NaN,NaN,NaN,NaN,NaN,NaN,NaN,NaN,NaN,TD,WN,B,B,125,1005,NaN,S,50,RCB,
2017101912,26w.2017,TWENTYSIX,TD,NN,11.1,118.5,20,1005,63,8,63,8,NaN,NaN,NaN,NaN,NaN,NaN,NaN,NaN,NaN,NaN,DB,NW,B,B,125,1005,NaN,S,50,NaN,
2017101918,26w.2017,TWENTYSIX,TD,NN,11.4,119.4,20,1005,69,8,69,8,NaN,NaN,NaN,NaN,NaN,NaN,NaN,NaN,NaN,NaN,DB,NW,B,B,125,1005,0.10,S,50,NaN,
2017102000,26w.2017,TWENTYSIX,TD,NN,11.7,120.5,20,1005,73,10,73,10,NaN,NaN,NaN,NaN,NaN,NaN,NaN,NaN,NaN,NaN,DB,NW,B,B,125,1005,0.03,S,50,NaN,
2017101906,f3w.2017,9X-F3W,TY,NN,12.7,150.8,20,1007,127,7,127,7,NaN,NaN,NaN,NaN,NaN,NaN,NaN,NaN,NaN,NaN,LO,NW,B,B,250,1006,NaN,NaN,60,NaN,
2017101912,f3w.2017,9X-F3W,TY,NN,12.2,151.6,25,1004,127,7,127,7,NaN,NaN,NaN,NaN,NaN,NaN,NaN,NaN,NaN,NaN,LO,NW,B,B,250,1006,NaN,NaN,60,NaN,
2017101918,27w.2017,SAOLA,TY,NN,11.9,151.9,25,1004,127,7,127,7,NaN,NaN,NaN,NaN,NaN,NaN,NaN,NaN,NaN,NaN,TD,WN,B,B,250,1006,NaN,NaN,60,NaN,
2017102000,27w.2017,SAOLA,TY,NN,11.5,151.9,30,1000,157,4,157,4,NaN,NaN,NaN,NaN,NaN,NaN,NaN,NaN,NaN,NaN,TD,WN,B,B,250,1006,NaN,NaN,60,DMP,
2017102006,27w.2017,SAOLA,TY,NN,11.7,151.6,30,1000,236,2,236,2,NaN,NaN,NaN,NaN,NaN,NaN,NaN,NaN,NaN,NaN,TD,WN,B,B,250,1006,NaN,NaN,60,RCB,
2017102012,27w.2017,SAOLA,TY,NN,12.3,151.0,30,1000,312,6,312,6,NaN,NaN,NaN,NaN,NaN,NaN,NaN,NaN,NaN,NaN,TD,WN,B,B,250,1006,NaN,NaN,60,RCB,
2017102018,27w.2017,SAOLA,TY,NN,12.4,150.3,30,1000,299,7,299,7,NaN,NaN,NaN,NaN,NaN,NaN,NaN,NaN,NaN,NaN,TD,WN,B,B,250,1006,NaN,NaN,60,SJB,
2017102100,27w.2017,SAOLA,TY,NN,12.1,149.6,30,1000,262,7,262,7,NaN,NaN,NaN,NaN,NaN,NaN,NaN,NaN,NaN,NaN,TD,WN,B,B,250,1006,NaN,NaN,60,SJB,
2017102106,27w.2017,SAOLA,TY,NN,12.0,148.8,30,1000,255,8,255,8,NaN,NaN,NaN,NaN,NaN,NaN,NaN,NaN,NaN,NaN,TD,WN,B,B,250,1006,NaN,NaN,60,CRM,
2017102112,27w.2017,SAOLA,TY,NN,11.7,148.3,30,1000,253,7,253,7,NaN,NaN,NaN,NaN,NaN,NaN,NaN,NaN,NaN,NaN,TD,WN,B,B,250,1006,NaN,NaN,60,CRM,
2017102118,27w.2017,SAOLA,TY,NN,11.2,147.7,30,1000,233,7,233,7,NaN,NaN,NaN,NaN,NaN,NaN,NaN,NaN,NaN,NaN,TD,WN,B,B,250,1006,NaN,NaN,60,SJB,
2017102200,27w.2017,SAOLA,TY,NN,10.2,147.5,35,996,208,8,208,8,92,,85,90,100,NaN,NaN,NaN,NaN,NaN,TS,WN,B,B,250,1006,NaN,NaN,60,SJB,
2017102206,27w.2017,SAOLA,TY,NN,9.1,148.3,30,1000,164,11,164,11,NaN,NaN,NaN,NaN,NaN,NaN,NaN,NaN,NaN,NaN,TD,WN,B,B,250,1006,NaN,NaN,60,CRM,
2017102212,27w.2017,SAOLA,TY,NN,9.0,148.3,25,1004,147,7,147,7,NaN,NaN,NaN,NaN,NaN,NaN,NaN,NaN,NaN,NaN,TD,WN,B,B,250,1006,NaN,NaN,60,CRM,
2017102218,27w.2017,SAOLA,TY,NN,9.1,147.9,25,1004,270,2,270,2,NaN,NaN,NaN,NaN,NaN,NaN,NaN,NaN,NaN,NaN,TD,WN,B,B,250,1006,NaN,NaN,60,SJB,
2017102300,27w.2017,SAOLA,TY,NN,9.1,147.5,25,1004,277,4,277,4,NaN,NaN,NaN,NaN,NaN,NaN,NaN,NaN,NaN,NaN,LO,WN,B,B,250,1006,NaN,NaN,60,SJB,
2017102306,27w.2017,SAOLA,TY,NN,9.2,146.9,25,1004,276,5,276,5,NaN,NaN,NaN,NaN,NaN,NaN,NaN,NaN,NaN,NaN,LO,WN,B,B,250,1006,NaN,NaN,60,CRM,
2017102312,27w.2017,SAOLA,TY,NN,9.6,145.9,25,1004,288,8,288,8,NaN,NaN,NaN,NaN,NaN,NaN,NaN,NaN,NaN,NaN,LO,WN,B,B,250,1006,NaN,NaN,60,CRM,
2017102318,27w.2017,SAOLA,TY,NN,10.5,145.0,25,1004,305,11,305,11,NaN,NaN,NaN,NaN,NaN,NaN,NaN,NaN,NaN,NaN,LO,WN,B,B,250,1006,NaN,NaN,60,RCB,
2017102400,27w.2017,SAOLA,TY,NN,11.8,143.2,25,1004,310,17,310,17,NaN,NaN,NaN,NaN,NaN,NaN,NaN,NaN,NaN,NaN,LO,WN,B,B,250,1006,NaN,NaN,60,RCB,
2017102406,27w.2017,SAOLA,TY,NN,12.7,141.4,20,1007,302,21,302,21,NaN,NaN,NaN,NaN,NaN,NaN,NaN,NaN,NaN,NaN,LO,WN,B,B,250,1006,NaN,NaN,60,DMP,
2017102412,27w.2017,SAOLA,TY,NN,13.0,138.7,20,1007,285,23,285,23,NaN,NaN,NaN,NaN,NaN,NaN,NaN,NaN,NaN,NaN,LO,WN,B,B,250,1006,NaN,NaN,60,DMP,
2017102418,27w.2017,SAOLA,TY,NN,13.6,137.1,25,1004,282,21,282,21,NaN,NaN,NaN,NaN,NaN,NaN,NaN,NaN,NaN,NaN,TD,WN,B,B,250,1006,NaN,M,60,BCH,
2017102500,27w.2017,SAOLA,TY,NN,14.5,135.9,35,996,299,16,299,16,126,135,140,135,95,NaN,NaN,NaN,NaN,NaN,TS,WN,B,B,250,1007,NaN,M,60,BCH,
2017102506,27w.2017,SAOLA,TY,NN,15.3,135.3,40,993,314,12,314,12,151,200,170,135,100,NaN,NaN,NaN,NaN,NaN,TS,WN,B,B,250,1008,NaN,M,55,DMP,
2017102512,27w.2017,SAOLA,TY,NN,16.5,134.4,45,989,324,12,324,12,152,200,170,145,95,NaN,NaN,NaN,NaN,NaN,TS,WN,B,B,245,1008,NaN,M,55,DMP,
2017102518,27w.2017,SAOLA,TY,NN,17.2,133.5,45,989,318,13,318,13,144,90,150,175,160,NaN,NaN,NaN,NaN,NaN,TS,WN,B,B,245,1006,NaN,M,40,SJB,
2017102600,27w.2017,SAOLA,TY,NN,17.8,132.7,45,989,309,10,309,10,118,90,140,150,90,NaN,NaN,NaN,NaN,NaN,TS,WN,B,B,265,1006,NaN,M,40,BCH,
2017102606,27w.2017,SAOLA,TY,NN,18.8,132.0,45,989,318,11,318,11,114,130,120,110,95,NaN,NaN,NaN,NaN,NaN,TS,WN,B,B,290,1007,NaN,M,40,CRM,
2017102612,27w.2017,SAOLA,TY,NN,19.6,131.3,45,989,324,11,324,11,92,115,85,70,100,NaN,NaN,NaN,NaN,NaN,TS,WN,B,B,295,1007,NaN,M,40,CRM,
2017102618,27w.2017,SAOLA,TY,NN,20.4,130.5,45,989,319,11,319,11,112,135,105,85,125,NaN,NaN,NaN,NaN,NaN,TS,WN,B,B,295,1007,NaN,M,40,SJB,
2017102700,27w.2017,SAOLA,TY,NN,21.4,129.7,45,989,320,12,320,12,118,150,90,90,140,NaN,NaN,NaN,NaN,NaN,TS,WN,B,B,280,1005,NaN,M,35,SJB,
2017102706,27w.2017,SAOLA,TY,NN,22.4,129.0,45,989,325,12,325,12,120,140,110,100,130,NaN,NaN,NaN,NaN,NaN,TS,WN,B,B,260,1007,NaN,M,35,CRM,
2017102712,27w.2017,SAOLA,TY,NN,23.2,128.3,50,985,324,11,324,11,152,165,210,105,130,64,90,80,105,55,TS,WN,B,B,260,1007,NaN,M,30,CRM,
2017102718,27w.2017,SAOLA,TY,NN,24.4,128.0,55,982,335,11,335,11,178,165,170,200,175,96,90,90,200,95,TS,WN,B,B,290,1009,NaN,M,30,RCB,
2017102800,27w.2017,SAOLA,TY,NN,25.6,128.0,60,978,354,12,354,12,155,170,160,135,155,86,90,95,135,85,TS,WN,B,B,310,1009,NaN,M,30,RCB,
2017102806,27w.2017,SAOLA,TY,NN,27.1,128.4,65,975,8,14,8,14,160,170,170,140,160,92,95,100,140,95,TY,WN,B,B,280,1008,0.05,D,25,DMP,
2017102812,27w.2017,SAOLA,TY,NN,28.5,129.4,65,974,23,16,23,16,165,170,170,150,170,98,115,115,150,80,TY,WN,B,B,280,1008,0.08,D,25,DMP,
2017102818,27w.2017,SAOLA,TY,NN,29.9,130.6,60,978,35,17,35,17,169,180,190,155,150,100,125,110,155,80,TS,WN,B,B,290,1008,0.07,D,20,RCB,
2017102900,27w.2017,SAOLA,TY,NN,31.4,132.8,55,982,45,21,45,21,182,220,190,175,145,92,110,100,175,80,TS,WN,B,B,280,1008,NaN,D,20,RCB,
2017102906,27w.2017,SAOLA,TY,NN,32.8,136.3,55,982,59,28,59,28,180,210,190,180,140,84,95,85,180,75,EX,WN,B,B,225,1006,NaN,M,25,DMP,
2017102912,27w.2017,SAOLA,TY,NN,34.6,140.9,55,982,65,38,65,38,174,200,185,180,130,79,95,85,180,60,EX,WN,B,B,185,1005,NaN,M,25,DMP,
2017102918,27w.2017,SAOLA,TY,NN,39.3,146.5,40,993,52,55,52,52,236,280,220,250,195,NaN,NaN,NaN,NaN,NaN,TS,NW,B,B,185,1005,NaN,NaN,25,NaN,
2017103112,h6w.2017,9X-H6W,TY,NN,11.0,122.9,15,1006,287,9,273,9,NaN,NaN,NaN,NaN,NaN,NaN,NaN,NaN,NaN,NaN,DB,NW,B,B,180,1009,0.61,S,45,NaN,
2017103118,h6w.2017,9X-H6W,TY,NN,11.3,122.1,20,1006,287,9,273,9,NaN,NaN,NaN,NaN,NaN,NaN,NaN,NaN,NaN,NaN,DB,NW,B,B,180,1008,0.37,S,50,NaN,
2017110100,h6w.2017,9X-H6W,TY,NN,11.1,121.1,15,1010,296,11,273,9,NaN,NaN,NaN,NaN,NaN,NaN,NaN,NaN,NaN,NaN,DB,NW,B,B,170,1009,0.02,S,50,NaN,
2017110106,h6w.2017,9X-H6W,TY,NN,11.6,120.1,20,1005,296,11,279,10,NaN,NaN,NaN,NaN,NaN,NaN,NaN,NaN,NaN,NaN,DB,NW,B,B,170,1008,0.08,S,50,NaN,
2017110112,h6w.2017,9X-H6W,TY,NN,12.1,119.0,25,1004,296,11,296,11,NaN,NaN,NaN,NaN,NaN,NaN,NaN,NaN,NaN,NaN,TD,NW,B,B,190,1008,NaN,S,50,NaN,
2017110118,28w.2017,DAMREY,TY,NN,12.5,118.1,30,1003,295,11,295,11,NaN,NaN,NaN,NaN,NaN,NaN,NaN,NaN,NaN,NaN,TD,WN,B,B,190,1007,NaN,S,50,AES,
2017110200,28w.2017,DAMREY,TY,NN,12.8,117.5,35,996,296,8,296,8,45,120,20,20,20,NaN,NaN,NaN,NaN,NaN,TS,WN,B,B,200,1007,NaN,M,50,RCB,
2017110206,28w.2017,DAMREY,TY,NN,12.9,116.6,45,989,285,8,285,8,54,85,45,30,55,NaN,NaN,NaN,NaN,NaN,TS,WN,B,B,210,1006,NaN,M,45,DMP,
2017110212,28w.2017,DAMREY,TY,NN,13.1,115.4,50,995,278,10,278,10,62,90,55,40,65,25,30,25,40,25,TS,WN,B,B,205,1006,NaN,M,30,DMP,
2017110218,28w.2017,DAMREY,TY,NN,12.7,114.4,60,978,265,11,265,11,76,95,65,55,90,31,35,25,55,35,TS,WN,B,B,205,1006,NaN,M,30,AES,
2017110300,28w.2017,DAMREY,TY,NN,12.7,113.5,70,970,258,9,258,9,86,95,65,80,105,40,40,30,80,50,TY,WN,B,B,200,1006,NaN,D,25,BCH,
2017110306,28w.2017,DAMREY,TY,NN,12.8,112.8,75,978,274,8,274,8,94,100,70,90,115,49,50,40,90,60,TY,WN,B,B,180,1006,NaN,D,25,DMP,
2017110312,28w.2017,DAMREY,TY,NN,12.8,111.6,85,971,273,9,273,9,92,105,75,80,110,52,65,40,80,60,TY,WN,B,B,175,1006,NaN,D,25,DMP,
2017110318,28w.2017,DAMREY,TY,NN,12.8,110.4,90,967,270,12,270,12,109,125,90,95,125,54,65,45,95,60,TY,WN,B,B,175,1006,NaN,D,25,NaN,
2017110400,28w.2017,DAMREY,TY,NN,12.5,109.1,85,970,263,12,263,12,102,125,105,80,100,54,65,50,80,60,TY,WN,B,B,165,1006,0.76,D,25,CRM,
2017110406,28w.2017,DAMREY,TY,NN,12.4,107.8,55,982,261,13,261,13,50,55,45,45,55,30,30,30,45,30,TS,NW,B,B,165,1006,0.99,NaN,25,NaN,
2017110412,28w.2017,DAMREY,TY,NN,12.4,106.5,40,993,268,13,268,13,45,50,40,40,50,NaN,NaN,NaN,NaN,NaN,TS,NW,B,B,165,1006,0.98,NaN,25,NaN,
2017110418,28w.2017,DAMREY,TY,NN,12.8,105.3,30,1000,279,12,279,12,NaN,NaN,NaN,NaN,NaN,NaN,NaN,NaN,NaN,NaN,TD,NW,B,B,165,1006,0.98,NaN,25,NaN,
2017110500,28w.2017,DAMREY,TY,NN,13.0,103.7,20,1005,282,14,282,14,NaN,NaN,NaN,NaN,NaN,NaN,NaN,NaN,NaN,NaN,DB,NW,B,B,165,1006,0.89,NaN,25,NaN,
2017110100,h5w.2017,9X-H5W,TD,NN,7.6,107.6,20,1006,225,3,225,3,NaN,NaN,NaN,NaN,NaN,NaN,NaN,NaN,NaN,NaN,DB,NW,B,B,150,1008,NaN,S,50,NaN,
2017110106,h5w.2017,9X-H5W,TD,NN,7.4,107.4,20,1007,225,3,225,3,NaN,NaN,NaN,NaN,NaN,NaN,NaN,NaN,NaN,NaN,DB,NW,B,B,150,1009,NaN,S,50,NaN,
2017110112,h5w.2017,9X-H5W,TD,NN,7.2,107.2,20,1007,225,3,225,3,NaN,NaN,NaN,NaN,NaN,NaN,NaN,NaN,NaN,NaN,DB,NW,B,B,150,1009,NaN,S,50,NaN,
2017110118,h5w.2017,9X-H5W,TD,NN,6.8,106.9,20,1007,220,4,220,4,NaN,NaN,NaN,NaN,NaN,NaN,NaN,NaN,NaN,NaN,DB,NW,B,B,135,1009,NaN,S,45,NaN,
2017110200,h5w.2017,9X-H5W,TD,NN,6.7,106.6,15,1009,230,4,230,4,NaN,NaN,NaN,NaN,NaN,NaN,NaN,NaN,NaN,NaN,DB,NW,B,B,135,1009,NaN,S,45,NaN,
2017110206,h5w.2017,9X-H5W,TD,NN,6.6,106.3,20,1007,251,3,251,3,NaN,NaN,NaN,NaN,NaN,NaN,NaN,NaN,NaN,NaN,DB,NW,B,B,135,1009,NaN,NaN,45,NaN,
2017110212,h5w.2017,9X-H5W,TD,NN,6.6,105.6,15,1009,264,5,264,5,NaN,NaN,NaN,NaN,NaN,NaN,NaN,NaN,NaN,NaN,DB,NW,B,B,135,1009,NaN,S,45,NaN,
2017110218,h5w.2017,9X-H5W,TD,NN,6.9,104.9,15,1009,282,7,282,7,NaN,NaN,NaN,NaN,NaN,NaN,NaN,NaN,NaN,NaN,DB,NW,B,B,135,1009,NaN,S,45,NaN,
2017110300,h5w.2017,9X-H5W,TD,NN,7.2,102.4,15,1010,254,4,281,16,NaN,NaN,NaN,NaN,NaN,NaN,NaN,NaN,NaN,NaN,DB,NW,B,B,120,1005,NaN,NaN,45,NaN,
2017110306,h5w.2017,9X-H5W,TD,NN,7.3,101.8,15,1010,254,4,277,16,NaN,NaN,NaN,NaN,NaN,NaN,NaN,NaN,NaN,NaN,DB,NW,B,B,120,1005,NaN,NaN,45,NaN,
2017110312,h5w.2017,9X-H5W,TD,NN,7.0,101.7,15,1010,254,4,254,4,NaN,NaN,NaN,NaN,NaN,NaN,NaN,NaN,NaN,NaN,DB,NW,B,B,120,1005,0.23,NaN,45,NaN,
2017110318,h5w.2017,9X-H5W,TD,NN,6.6,101.3,15,1010,215,4,215,4,NaN,NaN,NaN,NaN,NaN,NaN,NaN,NaN,NaN,NaN,DB,NW,B,B,120,1005,0.70,NaN,45,NaN,
2017110400,h5w.2017,9X-H5W,TD,NN,6.4,100.7,15,1010,239,6,239,6,NaN,NaN,NaN,NaN,NaN,NaN,NaN,NaN,NaN,NaN,DB,NW,B,B,120,1005,0.86,NaN,45,NaN,
2017110406,h5w.2017,9X-H5W,TD,NN,6.0,100.4,20,1007,236,5,236,5,NaN,NaN,NaN,NaN,NaN,NaN,NaN,NaN,NaN,NaN,DB,NW,B,B,120,1008,0.70,NaN,45,NaN,
2017110412,h5w.2017,9X-H5W,TD,NN,5.6,100.3,25,1004,206,4,206,4,NaN,NaN,NaN,NaN,NaN,NaN,NaN,NaN,NaN,NaN,TD,NW,B,B,120,1008,0.63,S,45,NaN,
2017110418,h5w.2017,9X-H5W,TD,NN,5.2,100.4,25,1004,180,4,180,4,NaN,NaN,NaN,NaN,NaN,NaN,NaN,NaN,NaN,NaN,TD,NW,B,B,140,1007,0.51,S,45,NaN,
2017110500,h5w.2017,9X-H5W,TD,NN,5.1,100.9,20,1007,130,4,130,4,NaN,NaN,NaN,NaN,NaN,NaN,NaN,NaN,NaN,NaN,DB,NW,B,B,140,1006,0.93,S,45,NaN,
2017110506,h5w.2017,9X-H5W,TD,NN,5.2,101.6,15,1010,90,6,90,6,NaN,NaN,NaN,NaN,NaN,NaN,NaN,NaN,NaN,NaN,DB,NW,B,B,140,1007,0.99,S,45,NaN,
2017110512,h5w.2017,9X-H5W,TD,NN,5.8,102.0,20,1007,57,6,57,6,NaN,NaN,NaN,NaN,NaN,NaN,NaN,NaN,NaN,NaN,DB,NW,B,B,140,1007,0.78,S,45,NaN,
2017110518,h5w.2017,9X-H5W,TD,NN,6.5,102.6,20,1006,37,8,37,8,NaN,NaN,NaN,NaN,NaN,NaN,NaN,NaN,NaN,NaN,DB,NW,B,B,130,1008,0.08,S,70,NaN,
2017110600,h5w.2017,9X-H5W,TD,NN,7.5,102.6,20,1006,19,9,19,9,NaN,NaN,NaN,NaN,NaN,NaN,NaN,NaN,NaN,NaN,DB,NW,B,B,130,1008,NaN,S,60,NaN,
2017110606,29w.2017,TWENTYNIN,TD,NN,8.3,102.6,25,1005,360,9,360,9,NaN,NaN,NaN,NaN,NaN,NaN,NaN,NaN,NaN,NaN,TD,WN,B,B,150,1007,NaN,S,55,SJB,
2017110612,29w.2017,TWENTYNIN,TD,NN,8.8,102.5,25,1005,356,7,356,7,NaN,NaN,NaN,NaN,NaN,NaN,NaN,NaN,NaN,NaN,TD,WN,B,B,150,1007,NaN,S,55,SJB,
2017110618,29w.2017,TWENTYNIN,TD,NN,9.3,102.0,25,1004,329,6,329,6,NaN,NaN,NaN,NaN,NaN,NaN,NaN,NaN,NaN,NaN,TD,WN,B,B,150,1008,NaN,S,55,AES,
2017110700,29w.2017,TWENTYNIN,TD,NN,9.9,101.4,25,1004,315,8,315,8,NaN,NaN,NaN,NaN,NaN,NaN,NaN,NaN,NaN,NaN,TD,WN,B,B,130,1008,NaN,S,50,DMP,
2017110706,29w.2017,TWENTYNIN,TD,NN,10.5,100.7,25,1004,313,9,313,9,NaN,NaN,NaN,NaN,NaN,NaN,NaN,NaN,NaN,NaN,TD,WN,B,B,130,1008,NaN,S,50,RCB,
2017110712,29w.2017,TWENTYNIN,TD,NN,10.9,100.5,25,1005,318,7,318,7,NaN,NaN,NaN,NaN,NaN,NaN,NaN,NaN,NaN,NaN,TD,WN,B,B,130,1008,NaN,S,50,RCB,
2017110718,29w.2017,TWENTYNIN,TD,NN,11.1,100.0,25,1005,311,5,311,5,NaN,NaN,NaN,NaN,NaN,NaN,NaN,NaN,NaN,NaN,TD,WN,B,B,115,1008,0.03,S,50,AES,
2017110800,29w.2017,TWENTYNIN,TD,NN,11.3,99.6,20,1007,294,5,294,5,NaN,NaN,NaN,NaN,NaN,NaN,NaN,NaN,NaN,NaN,DB,WN,B,B,115,1009,0.66,S,50,DMP,
2017110806,29w.2017,TWENTYNIN,TD,NN,11.7,98.9,20,1007,290,6,299,6,NaN,NaN,NaN,NaN,NaN,NaN,NaN,NaN,NaN,NaN,DB,NW,B,B,115,1009,0.82,S,50,NaN,
2017110812,29w.2017,TWENTYNIN,TD,NN,12.3,98.4,15,1010,313,7,310,8,NaN,NaN,NaN,NaN,NaN,NaN,NaN,NaN,NaN,NaN,DB,NW,B,B,115,1009,0.42,NaN,50,NaN,
2017110818,29w.2017,TWENTYNIN,TD,NN,12.8,98.0,15,1010,321,7,321,7,NaN,NaN,NaN,NaN,NaN,NaN,NaN,NaN,NaN,NaN,DB,NW,B,B,115,1009,0.05,NaN,50,NaN,
2017110706,h9w.2017,9X-H9W,TS,NN,10.4,132.4,15,1010,278,7,278,7,NaN,NaN,NaN,NaN,NaN,NaN,NaN,NaN,NaN,NaN,DB,NW,B,B,NaN,NaN,NaN,NaN,NaN,NaN,
2017110712,h9w.2017,9X-H9W,TS,NN,10.5,131.7,15,1010,278,7,278,7,NaN,NaN,NaN,NaN,NaN,NaN,NaN,NaN,NaN,NaN,DB,NW,B,B,NaN,NaN,NaN,NaN,NaN,NaN,
2017110718,h9w.2017,9X-H9W,TS,NN,10.6,130.9,15,1010,278,7,278,7,NaN,NaN,NaN,NaN,NaN,NaN,NaN,NaN,NaN,NaN,DB,NW,B,B,NaN,NaN,NaN,NaN,NaN,NaN,
2017110800,h9w.2017,9X-H9W,TS,NN,10.8,130.1,15,1010,288,15,281,8,NaN,NaN,NaN,NaN,NaN,NaN,NaN,NaN,NaN,NaN,DB,NW,B,B,NaN,NaN,NaN,NaN,NaN,NaN,
2017110806,h9w.2017,9X-H9W,TS,NN,11.2,128.6,15,1008,288,15,285,12,NaN,NaN,NaN,NaN,NaN,NaN,NaN,NaN,NaN,NaN,DB,NW,B,B,150,1008,NaN,S,NaN,NaN,
2017110812,h9w.2017,9X-H9W,TS,NN,11.7,127.2,20,1006,288,15,288,15,NaN,NaN,NaN,NaN,NaN,NaN,NaN,NaN,NaN,NaN,DB,NW,B,B,150,1008,NaN,S,NaN,NaN,
2017110818,h9w.2017,9X-H9W,TS,NN,12.3,125.8,25,1004,292,15,292,15,NaN,NaN,NaN,NaN,NaN,NaN,NaN,NaN,NaN,NaN,TD,NW,B,B,140,1007,NaN,S,30,NaN,
2017110900,30w.2017,HAIKUI,TS,NN,12.8,124.1,30,1002,290,16,290,16,NaN,NaN,NaN,NaN,NaN,NaN,NaN,NaN,NaN,NaN,TD,WN,B,B,140,1007,0.34,S,30,CRM,
2017110906,30w.2017,HAIKUI,TS,NN,13.3,122.7,30,1002,288,16,288,16,NaN,NaN,NaN,NaN,NaN,NaN,NaN,NaN,NaN,NaN,TD,WN,B,B,150,1007,0.36,S,45,SJB,
2017110912,30w.2017,HAIKUI,TS,NN,13.9,121.2,30,1001,291,15,291,15,NaN,NaN,NaN,NaN,NaN,NaN,NaN,NaN,NaN,NaN,TD,WN,B,B,150,1007,0.52,S,45,SJB,
2017110918,30w.2017,HAIKUI,TS,NN,14.5,120.2,30,1000,296,14,296,14,NaN,NaN,NaN,NaN,NaN,NaN,NaN,NaN,NaN,NaN,TD,WN,B,B,130,1007,0.15,S,45,CRM,
2017111000,30w.2017,HAIKUI,TS,NN,15.2,119.2,35,996,304,12,304,12,38,75,40,5,30,NaN,NaN,NaN,NaN,NaN,TS,WN,B,B,130,1008,NaN,S,25,CRM,
2017111006,30w.2017,HAIKUI,TS,NN,16.0,118.4,35,995,311,11,311,11,48,55,40,40,55,NaN,NaN,NaN,NaN,NaN,TS,WN,B,B,130,1006,NaN,M,25,SJB,
2017111012,30w.2017,HAIKUI,TS,NN,16.9,117.4,40,993,315,12,315,12,48,55,40,40,55,NaN,NaN,NaN,NaN,NaN,TS,WN,B,B,130,1007,NaN,M,20,SJB,
2017111018,30w.2017,HAIKUI,TS,NN,17.3,116.5,45,989,306,11,306,11,46,55,40,35,55,NaN,NaN,NaN,NaN,NaN,TS,WN,B,B,100,1008,NaN,M,20,DMP,
2017111100,30w.2017,HAIKUI,TS,NN,17.6,115.7,40,993,293,9,293,9,51,60,50,35,60,NaN,NaN,NaN,NaN,NaN,TS,WN,B,B,140,1010,NaN,M,20,DMP,
2017111106,30w.2017,HAIKUI,TS,NN,17.8,114.8,35,995,287,8,287,8,44,55,35,25,60,NaN,NaN,NaN,NaN,NaN,TS,WN,B,B,145,1010,NaN,M,20,RCB,
2017111112,30w.2017,HAIKUI,TS,NN,17.9,114.1,35,996,281,8,281,8,61,85,55,45,60,NaN,NaN,NaN,NaN,NaN,TS,WN,B,B,145,1010,NaN,M,20,RCB,
2017111118,30w.2017,HAIKUI,TS,NN,17.8,113.5,30,1000,270,6,270,6,NaN,NaN,NaN,NaN,NaN,NaN,NaN,NaN,NaN,NaN,TD,WN,B,B,140,1009,NaN,S,25,DMP,
2017111200,30w.2017,HAIKUI,TS,NN,17.8,113.0,25,1004,265,5,265,5,NaN,NaN,NaN,NaN,NaN,NaN,NaN,NaN,NaN,NaN,TD,WN,B,B,140,1009,NaN,S,25,DMP,
2017111206,30w.2017,HAIKUI,TS,NN,17.5,112.3,20,1007,255,6,255,6,NaN,NaN,NaN,NaN,NaN,NaN,NaN,NaN,NaN,NaN,DB,NW,B,B,120,1009,NaN,S,25,NaN,
2017111212,30w.2017,HAIKUI,TS,NN,17.3,111.7,20,1007,248,7,248,7,NaN,NaN,NaN,NaN,NaN,NaN,NaN,NaN,NaN,NaN,DB,NW,B,B,120,1009,NaN,S,25,NaN,
2017111218,30w.2017,HAIKUI,TS,NN,17.3,111.1,20,1007,260,6,260,6,NaN,NaN,NaN,NaN,NaN,NaN,NaN,NaN,NaN,NaN,DB,NW,B,B,120,1009,NaN,NaN,25,NaN,
2017111300,30w.2017,HAIKUI,TS,NN,17.3,110.5,15,1009,270,6,270,6,NaN,NaN,NaN,NaN,NaN,NaN,NaN,NaN,NaN,NaN,DB,NW,B,B,120,1009,NaN,NaN,25,NaN,
2017111306,30w.2017,HAIKUI,TS,NN,17.3,110.1,15,1009,270,5,270,5,NaN,NaN,NaN,NaN,NaN,NaN,NaN,NaN,NaN,NaN,DB,NW,B,B,120,1009,NaN,NaN,25,NaN,
2017111312,30w.2017,HAIKUI,TS,NN,17.4,109.6,15,1009,277,4,277,4,NaN,NaN,NaN,NaN,NaN,NaN,NaN,NaN,NaN,NaN,DB,NW,B,B,120,1009,NaN,S,25,NaN,
2017111318,30w.2017,HAIKUI,TS,NN,17.4,109.0,15,1009,275,5,275,5,NaN,NaN,NaN,NaN,NaN,NaN,NaN,NaN,NaN,NaN,DB,NW,B,B,110,1010,NaN,NaN,25,NaN,
2017111400,30w.2017,HAIKUI,TS,NN,17.2,108.5,15,1010,259,5,259,5,NaN,NaN,NaN,NaN,NaN,NaN,NaN,NaN,NaN,NaN,DB,NW,B,B,110,1012,NaN,NaN,25,NaN,
2017111406,30w.2017,HAIKUI,TS,NN,16.9,108.1,15,1010,240,5,240,5,NaN,NaN,NaN,NaN,NaN,NaN,NaN,NaN,NaN,NaN,DB,NW,B,B,110,1012,0.01,NaN,25,NaN,
2017111412,30w.2017,HAIKUI,TS,NN,16.7,107.6,15,1010,240,5,240,5,NaN,NaN,NaN,NaN,NaN,NaN,NaN,NaN,NaN,NaN,DB,NW,B,B,110,1012,0.64,NaN,25,NaN,
2017111418,h0w.2017,9X-H0W,TS,NN,4.8,133.1,15,1006,283,11,283,11,NaN,NaN,NaN,NaN,NaN,NaN,NaN,NaN,NaN,NaN,DB,NW,B,B,NaN,NaN,NaN,NaN,NaN,NaN,
2017111500,h0w.2017,9X-H0W,TS,NN,5.0,132.2,15,1010,283,11,283,11,NaN,NaN,NaN,NaN,NaN,NaN,NaN,NaN,NaN,NaN,DB,NW,B,B,NaN,NaN,NaN,NaN,NaN,NaN,
2017111506,h0w.2017,9X-H0W,TS,NN,5.3,131.0,15,1006,283,11,283,11,NaN,NaN,NaN,NaN,NaN,NaN,NaN,NaN,NaN,NaN,DB,NW,B,B,NaN,NaN,NaN,NaN,NaN,NaN,
2017111512,h0w.2017,9X-H0W,TS,NN,5.7,129.5,15,1006,285,14,285,14,NaN,NaN,NaN,NaN,NaN,NaN,NaN,NaN,NaN,NaN,DB,NW,B,B,NaN,NaN,NaN,NaN,NaN,NaN,
2017111518,h0w.2017,9X-H0W,TS,NN,6.2,128.3,20,1006,289,14,289,14,NaN,NaN,NaN,NaN,NaN,NaN,NaN,NaN,NaN,NaN,DB,NW,B,B,170,1008,NaN,S,55,NaN,
2017111600,h0w.2017,9X-H0W,TS,NN,6.8,127.0,20,1006,294,14,294,14,NaN,NaN,NaN,NaN,NaN,NaN,NaN,NaN,NaN,NaN,DB,NW,B,B,170,1008,0.03,S,55,NaN,
2017111606,h0w.2017,9X-H0W,TS,NN,7.1,125.8,15,1007,290,13,290,13,NaN,NaN,NaN,NaN,NaN,NaN,NaN,NaN,NaN,NaN,DB,NW,B,B,170,1008,0.52,S,55,NaN,
2017111612,h0w.2017,9X-H0W,TS,NN,7.0,123.5,15,1006,273,17,273,17,NaN,NaN,NaN,NaN,NaN,NaN,NaN,NaN,NaN,NaN,DB,NW,B,B,170,1008,0.03,S,55,NaN,
2017111618,h0w.2017,9X-H0W,TS,NN,8.3,121.3,20,1006,297,11,285,23,NaN,NaN,NaN,NaN,NaN,NaN,NaN,NaN,NaN,NaN,DB,NW,B,B,170,1008,NaN,NaN,55,NaN,
2017111700,h0w.2017,9X-H0W,TS,NN,8.8,120.4,20,1005,297,11,300,18,NaN,NaN,NaN,NaN,NaN,NaN,NaN,NaN,NaN,NaN,DB,NW,B,B,180,1008,NaN,S,55,NaN,
2017111706,h0w.2017,9X-H0W,TS,NN,9.3,119.3,25,1004,297,11,297,11,NaN,NaN,NaN,NaN,NaN,NaN,NaN,NaN,NaN,NaN,TD,NW,B,B,180,1008,NaN,S,55,NaN,
2017111712,31w.2017,KIROGI,TS,NN,10.1,117.6,30,1000,295,15,295,15,NaN,NaN,NaN,NaN,NaN,NaN,NaN,NaN,NaN,NaN,TD,WN,B,B,160,1008,NaN,S,55,RCB,
2017111718,31w.2017,KIROGI,TS,NN,10.8,116.2,35,996,296,17,296,17,43,40,25,,65,NaN,NaN,NaN,NaN,NaN,TS,WN,B,B,180,1007,NaN,S,45,CRM,
2017111800,31w.2017,KIROGI,TS,NN,11.1,114.8,35,996,290,15,290,15,45,45,25,,65,NaN,NaN,NaN,NaN,NaN,TS,WN,B,B,190,1007,NaN,S,45,CRM,
2017111806,31w.2017,KIROGI,TS,NN,11.4,113.3,35,996,282,15,282,15,68,50,90,55,75,NaN,NaN,NaN,NaN,NaN,TS,WN,B,B,170,1008,NaN,S,45,SJB,
2017111812,31w.2017,KIROGI,TS,NN,11.3,112.7,35,996,276,10,276,10,58,55,45,40,90,NaN,NaN,NaN,NaN,NaN,TS,WN,B,B,180,1008,NaN,S,45,SJB,
2017111818,31w.2017,KIROGI,TS,NN,10.7,111.8,40,993,245,8,245,8,49,55,35,35,70,NaN,NaN,NaN,NaN,NaN,TS,WN,B,B,180,1008,NaN,S,45,CRM,
2017111900,31w.2017,KIROGI,TS,NN,10.7,110.6,35,996,254,11,254,11,NaN,NaN,NaN,NaN,NaN,NaN,NaN,NaN,NaN,NaN,TS,WN,B,B,160,1008,NaN,S,45,CRM,
2017111906,31w.2017,KIROGI,TS,NN,11.4,108.8,25,1004,283,15,283,15,NaN,NaN,NaN,NaN,NaN,NaN,NaN,NaN,NaN,NaN,TD,WN,B,B,160,1008,0.46,S,45,SJB,
2017111912,31w.2017,KIROGI,TS,NN,12.3,107.2,20,1007,296,18,296,18,NaN,NaN,NaN,NaN,NaN,NaN,NaN,NaN,NaN,NaN,DB,NW,B,B,160,1008,0.99,NaN,45,NaN,
2017111918,31w.2017,KIROGI,TS,NN,12.5,105.5,20,1007,286,18,289,17,NaN,NaN,NaN,NaN,NaN,NaN,NaN,NaN,NaN,NaN,DB,NW,B,B,160,1008,0.97,NaN,45,NaN,
2017121018,i6w.2017,9X-I6W,TS,NN,7.1,134.5,15,1004,286,9,286,9,NaN,NaN,NaN,NaN,NaN,NaN,NaN,NaN,NaN,NaN,DB,NW,B,B,NaN,NaN,0.03,NaN,NaN,NaN,
2017121100,i6w.2017,9X-I6W,TS,NN,7.2,133.5,15,1010,286,9,286,9,NaN,NaN,NaN,NaN,NaN,NaN,NaN,NaN,NaN,NaN,DB,NW,B,B,NaN,NaN,NaN,NaN,NaN,NaN,
2017121106,i6w.2017,9X-I6W,TS,NN,7.6,132.7,20,1004,286,9,286,9,NaN,NaN,NaN,NaN,NaN,NaN,NaN,NaN,NaN,NaN,DB,NW,B,B,180,1006,NaN,S,45,NaN,
2017121112,i6w.2017,9X-I6W,TS,NN,8.2,132.0,20,1004,304,9,304,9,NaN,NaN,NaN,NaN,NaN,NaN,NaN,NaN,NaN,NaN,DB,NW,B,B,180,1006,NaN,S,45,NaN,
2017121118,i6w.2017,9X-I6W,TS,NN,8.5,131.9,20,1004,319,6,319,6,NaN,NaN,NaN,NaN,NaN,NaN,NaN,NaN,NaN,NaN,DB,NW,B,B,180,1006,NaN,S,45,NaN,
2017121200,i6w.2017,9X-I6W,TS,NN,8.9,131.6,15,1010,331,4,331,4,NaN,NaN,NaN,NaN,NaN,NaN,NaN,NaN,NaN,NaN,DB,NW,B,B,200,1006,NaN,S,45,NaN,
2017121206,i6w.2017,9X-I6W,TS,NN,9.7,131.0,15,1006,323,7,323,7,NaN,NaN,NaN,NaN,NaN,NaN,NaN,NaN,NaN,NaN,DB,NW,B,B,200,1006,NaN,S,45,NaN,
2017121212,i6w.2017,9X-I6W,TS,NN,10.7,130.3,20,1007,325,11,325,11,NaN,NaN,NaN,NaN,NaN,NaN,NaN,NaN,NaN,NaN,DB,NW,B,B,190,1008,NaN,S,45,NaN,
2017121218,i6w.2017,9X-I6W,TS,NN,11.1,129.7,15,1005,318,9,318,9,NaN,NaN,NaN,NaN,NaN,NaN,NaN,NaN,NaN,NaN,DB,NW,B,B,190,1008,NaN,S,45,NaN,
2017121300,i6w.2017,9X-I6W,TS,NN,11.2,129.4,20,1004,300,5,300,5,NaN,NaN,NaN,NaN,NaN,NaN,NaN,NaN,NaN,NaN,DB,NW,B,B,220,1008,NaN,S,45,NaN,
2017121306,i6w.2017,9X-I6W,TS,NN,11.4,128.9,20,1007,260,3,291,4,NaN,NaN,NaN,NaN,NaN,NaN,NaN,NaN,NaN,NaN,LO,NW,B,B,185,1005,NaN,NaN,35,NaN,
2017121312,i6w.2017,9X-I6W,TS,NN,11.5,128.4,25,1004,260,3,287,5,NaN,NaN,NaN,NaN,NaN,NaN,NaN,NaN,NaN,NaN,LO,NW,B,B,185,1005,NaN,NaN,35,NaN,
2017121318,32w.2017,KAI-TAK,TS,NN,11.3,128.3,25,1004,260,3,260,3,NaN,NaN,NaN,NaN,NaN,NaN,NaN,NaN,NaN,NaN,TD,WN,B,B,185,1005,NaN,S,35,BCH,
2017121400,32w.2017,KAI-TAK,TS,NN,11.1,128.3,30,1000,194,2,194,2,NaN,NaN,NaN,NaN,NaN,NaN,NaN,NaN,NaN,NaN,TD,WN,B,B,165,1005,NaN,S,40,BCH,
2017121406,32w.2017,KAI-TAK,TS,NN,11.0,128.1,40,993,213,2,213,2,NaN,NaN,NaN,NaN,NaN,NaN,NaN,NaN,NaN,NaN,TS,WN,B,B,180,1004,NaN,S,40,SJB,
2017121412,32w.2017,KAI-TAK,TS,NN,11.2,128.0,50,985,289,2,289,2,94,125,45,75,130,NaN,NaN,NaN,NaN,NaN,TS,WN,B,B,180,1004,NaN,S,40,SJB,
2017121418,32w.2017,KAI-TAK,TS,NN,11.4,127.9,50,985,334,2,334,2,132,185,80,80,185,NaN,NaN,NaN,NaN,NaN,TS,WN,B,B,180,1006,NaN,S,40,AES,
2017121500,32w.2017,KAI-TAK,TS,NN,11.6,127.9,45,989,346,2,346,2,131,135,90,130,170,NaN,NaN,NaN,NaN,NaN,TS,WN,B,B,190,1007,NaN,S,40,AES,
2017121506,32w.2017,KAI-TAK,TS,NN,11.5,127.8,45,989,316,1,316,1,94,85,85,105,100,NaN,NaN,NaN,NaN,NaN,TS,WN,B,B,190,1007,NaN,M,40,SJB,
2017121512,32w.2017,KAI-TAK,TS,NN,11.5,127.7,45,990,243,1,243,1,108,110,105,105,110,NaN,NaN,NaN,NaN,NaN,TS,WN,B,B,190,1006,NaN,M,45,SJB,
2017121518,32w.2017,KAI-TAK,TS,NN,12.1,127.1,45,991,311,5,311,5,94,85,75,110,105,NaN,NaN,NaN,NaN,NaN,TS,WN,B,B,190,1006,NaN,M,45,RCB,
2017121600,32w.2017,KAI-TAK,TS,NN,12.3,126.2,45,991,299,8,299,8,94,50,110,110,105,NaN,NaN,NaN,NaN,NaN,TS,WN,B,B,170,1005,NaN,M,45,RCB,
2017121606,32w.2017,KAI-TAK,TS,NN,12.1,125.8,40,993,270,6,270,6,92,50,110,110,100,NaN,NaN,NaN,NaN,NaN,TS,WN,B,B,170,1005,NaN,M,45,CRM,
2017121612,32w.2017,KAI-TAK,TS,NN,12.1,125.4,30,1000,256,4,256,4,NaN,NaN,NaN,NaN,NaN,NaN,NaN,NaN,NaN,NaN,TD,WN,B,B,180,1007,0.39,M,45,CRM,
2017121618,32w.2017,KAI-TAK,TS,NN,12.2,124.8,25,1004,276,5,276,5,NaN,NaN,NaN,NaN,NaN,NaN,NaN,NaN,NaN,NaN,TD,WN,B,B,180,1007,0.73,M,45,RCB,
2017121700,32w.2017,KAI-TAK,TS,NN,12.2,123.7,25,1004,273,8,273,8,NaN,NaN,NaN,NaN,NaN,NaN,NaN,NaN,NaN,NaN,TD,WN,B,B,180,1007,0.27,M,45,RCB,
2017121706,32w.2017,KAI-TAK,TS,NN,11.8,122.2,25,1004,261,13,261,13,NaN,NaN,NaN,NaN,NaN,NaN,NaN,NaN,NaN,NaN,TD,WN,B,B,170,1007,0.21,M,45,CRM,
2017121712,32w.2017,KAI-TAK,TS,NN,11.3,121.2,30,1000,250,13,250,13,NaN,NaN,NaN,NaN,NaN,NaN,NaN,NaN,NaN,NaN,TD,WN,B,B,155,1008,0.01,M,45,CRM,
2017121718,32w.2017,KAI-TAK,TS,NN,10.8,120.2,30,1000,243,11,243,11,NaN,NaN,NaN,NaN,NaN,NaN,NaN,NaN,NaN,NaN,TD,WN,B,B,155,1008,0.09,M,45,RCB,
2017121800,32w.2017,KAI-TAK,TS,NN,10.7,119.6,25,1004,249,8,249,8,NaN,NaN,NaN,NaN,NaN,NaN,NaN,NaN,NaN,NaN,TD,WN,B,B,155,1008,0.32,M,45,RCB,
2017121806,32w.2017,KAI-TAK,TS,NN,10.6,118.9,25,1004,261,6,261,6,NaN,NaN,NaN,NaN,NaN,NaN,NaN,NaN,NaN,NaN,TD,WN,B,B,165,1007,0.30,S,45,DMP,
2017121812,32w.2017,KAI-TAK,TS,NN,10.4,117.8,25,1004,260,9,260,9,NaN,NaN,NaN,NaN,NaN,NaN,NaN,NaN,NaN,NaN,TD,NW,B,B,170,1007,NaN,S,40,NaN,
2017121818,32w.2017,KAI-TAK,TS,NN,9.7,116.6,25,1004,248,12,248,12,NaN,NaN,NaN,NaN,NaN,NaN,NaN,NaN,NaN,NaN,WV,WN,B,B,180,1008,NaN,M,55,AES,
2017121900,32w.2017,KAI-TAK,TS,NN,9.2,116.1,30,1000,234,10,234,10,NaN,NaN,NaN,NaN,NaN,NaN,NaN,NaN,NaN,NaN,WV,WN,B,B,160,1006,NaN,M,55,AES,
2017121906,32w.2017,KAI-TAK,TS,NN,8.9,115.5,30,1000,234,7,234,7,NaN,NaN,NaN,NaN,NaN,NaN,NaN,NaN,NaN,NaN,WV,WN,B,B,160,1007,NaN,M,65,CRM,
2017121912,32w.2017,KAI-TAK,TS,NN,8.6,114.7,30,1000,247,8,247,8,NaN,NaN,NaN,NaN,NaN,NaN,NaN,NaN,NaN,NaN,WV,WN,B,B,150,1007,NaN,M,55,SJB,
2017121918,32w.2017,KAI-TAK,TS,NN,8.2,113.9,35,997,246,9,246,9,179,120,50,210,335,NaN,NaN,NaN,NaN,NaN,WV,WN,B,B,150,1007,NaN,M,55,RCB,
2017122000,32w.2017,KAI-TAK,TS,NN,7.9,113.1,35,996,246,9,246,9,121,75,30,110,270,NaN,NaN,NaN,NaN,NaN,WV,WN,B,B,150,1007,NaN,M,55,RCB,
2017122006,32w.2017,KAI-TAK,TS,NN,7.6,112.3,40,993,249,8,249,8,135,90,30,150,270,NaN,NaN,NaN,NaN,NaN,WV,WN,B,B,160,1008,NaN,M,50,SJB,
2017122012,32w.2017,KAI-TAK,TS,NN,7.4,111.4,45,989,253,9,253,9,135,90,30,150,270,NaN,NaN,NaN,NaN,NaN,TS,WN,B,B,160,1008,NaN,M,50,SJB,
2017122018,32w.2017,KAI-TAK,TS,NN,7.2,110.3,50,985,259,10,259,10,159,190,25,120,300,NaN,NaN,NaN,NaN,NaN,TS,WN,B,B,160,1008,NaN,M,50,RCB,
2017122100,32w.2017,KAI-TAK,TS,NN,6.8,109.5,45,989,252,10,252,10,208,240,,95,290,NaN,NaN,NaN,NaN,NaN,TS,WN,B,B,160,1008,NaN,M,50,RCB,
2017122106,32w.2017,KAI-TAK,TS,NN,6.5,109.1,40,993,240,7,240,7,192,260,,70,245,NaN,NaN,NaN,NaN,NaN,TS,WN,B,B,145,1008,NaN,S,45,DMP,
2017122112,32w.2017,KAI-TAK,TS,NN,6.3,108.4,35,996,245,6,245,6,NaN,NaN,NaN,NaN,NaN,NaN,NaN,NaN,NaN,NaN,TS,WN,B,B,140,1008,NaN,S,35,DMP,
2017122118,32w.2017,KAI-TAK,TS,NN,5.9,107.5,30,999,249,9,249,9,NaN,NaN,NaN,NaN,NaN,NaN,NaN,NaN,NaN,NaN,TD,WN,B,B,135,1008,NaN,S,35,RCB,
2017122200,32w.2017,KAI-TAK,TS,NN,5.5,106.8,25,1002,243,9,243,9,NaN,NaN,NaN,NaN,NaN,NaN,NaN,NaN,NaN,NaN,TD,WN,B,B,120,1008,NaN,S,35,RCB,
2017122206,32w.2017,KAI-TAK,TS,NN,5.1,106.1,25,1003,240,8,240,8,NaN,NaN,NaN,NaN,NaN,NaN,NaN,NaN,NaN,NaN,TD,NW,B,B,120,1008,NaN,S,35,NaN,
2017122212,32w.2017,KAI-TAK,TS,NN,4.7,105.4,20,1005,240,8,240,8,NaN,NaN,NaN,NaN,NaN,NaN,NaN,NaN,NaN,NaN,DB,NW,B,B,120,1008,NaN,S,35,NaN,
2017122218,32w.2017,KAI-TAK,TS,NN,4.1,104.7,20,1005,234,9,234,9,NaN,NaN,NaN,NaN,NaN,NaN,NaN,NaN,NaN,NaN,DB,NW,B,B,120,1008,NaN,S,35,NaN,
2017122300,32w.2017,KAI-TAK,TS,NN,3.6,104.5,25,1002,219,7,219,7,NaN,NaN,NaN,NaN,NaN,NaN,NaN,NaN,NaN,NaN,TD,NW,B,B,120,1008,NaN,NaN,35,NaN,
2017122306,32w.2017,KAI-TAK,TS,NN,3.0,104.6,25,1002,185,6,185,6,NaN,NaN,NaN,NaN,NaN,NaN,NaN,NaN,NaN,NaN,TD,NW,B,B,120,1008,0.01,NaN,35,NaN,
2017122312,32w.2017,KAI-TAK,TS,NN,2.7,104.8,20,1005,162,5,162,5,NaN,NaN,NaN,NaN,NaN,NaN,NaN,NaN,NaN,NaN,DB,NW,B,B,120,1008,NaN,NaN,35,NaN,
2017122318,32w.2017,KAI-TAK,TS,NN,2.4,105.0,20,1006,146,4,146,4,NaN,NaN,NaN,NaN,NaN,NaN,NaN,NaN,NaN,NaN,DB,NW,B,B,120,1008,NaN,NaN,35,NaN,
2017122400,32w.2017,KAI-TAK,TS,NN,1.9,105.3,20,1006,143,5,148,5,NaN,NaN,NaN,NaN,NaN,NaN,NaN,NaN,NaN,NaN,DB,NW,B,B,110,1008,NaN,S,25,NaN,
2017122406,32w.2017,KAI-TAK,TS,NN,1.6,105.6,15,1010,139,5,143,5,NaN,NaN,NaN,NaN,NaN,NaN,NaN,NaN,NaN,NaN,DB,NW,B,B,110,1008,NaN,NaN,25,NaN,
2017121918,i7w.2017,9X-I7W,TY,NN,6.9,134.5,15,1005,292,8,292,8,NaN,NaN,NaN,NaN,NaN,NaN,NaN,NaN,NaN,NaN,DB,NW,B,B,160,1008,0.03,NaN,45,NaN,
2017122000,i7w.2017,9X-I7W,TY,NN,7.2,133.7,20,1007,292,8,292,8,NaN,NaN,NaN,NaN,NaN,NaN,NaN,NaN,NaN,NaN,DB,NW,B,B,160,1008,NaN,NaN,45,NaN,
2017122006,i7w.2017,9X-I7W,TY,NN,7.5,133.0,20,1005,292,8,292,8,NaN,NaN,NaN,NaN,NaN,NaN,NaN,NaN,NaN,NaN,DB,NW,B,B,160,1008,NaN,S,45,NaN,
2017122012,i7w.2017,9X-I7W,TY,NN,7.8,132.4,25,1004,285,13,295,7,NaN,NaN,NaN,NaN,NaN,NaN,NaN,NaN,NaN,NaN,TD,NW,B,B,160,1008,NaN,S,45,NaN,
2017122018,33w.2017,TEMBIN,TY,NN,8.3,131.0,30,1000,285,13,292,11,NaN,NaN,NaN,NaN,NaN,NaN,NaN,NaN,NaN,NaN,TD,WN,B,B,160,1008,NaN,S,45,RCB,
2017122100,33w.2017,TEMBIN,TY,NN,8.5,129.8,40,993,285,13,285,13,89,120,70,55,110,NaN,NaN,NaN,NaN,NaN,TS,WN,B,B,165,1008,NaN,S,45,RCB,
2017122106,33w.2017,TEMBIN,TY,NN,8.4,128.6,40,993,272,12,272,12,104,135,80,70,130,NaN,NaN,NaN,NaN,NaN,TS,WN,B,B,150,1005,NaN,M,40,DMP,
2017122112,33w.2017,TEMBIN,TY,NN,8.1,127.6,45,989,260,11,260,11,109,135,80,80,140,NaN,NaN,NaN,NaN,NaN,TS,WN,B,B,170,1007,NaN,NaN,40,DMP,
2017122118,33w.2017,TEMBIN,TY,NN,7.9,126.5,50,986,256,11,256,11,101,125,80,65,135,26,25,30,65,25,TS,WN,B,B,180,1007,0.44,M,30,RCB,
2017122200,33w.2017,TEMBIN,TY,NN,7.8,125.4,45,989,262,11,262,11,96,125,40,85,135,NaN,NaN,NaN,NaN,NaN,TS,WN,B,B,170,1007,0.99,M,30,RCB,
2017122206,33w.2017,TEMBIN,TY,NN,7.8,124.0,40,993,268,12,268,12,92,120,40,80,130,NaN,NaN,NaN,NaN,NaN,TS,WN,B,B,175,1006,0.68,M,30,DMP,
2017122212,33w.2017,TEMBIN,TY,NN,7.8,122.6,45,989,270,14,270,14,100,130,60,90,120,NaN,NaN,NaN,NaN,NaN,TS,WN,B,B,180,1006,0.42,M,30,DMP,
2017122218,33w.2017,TEMBIN,TY,NN,7.7,121.5,50,986,268,12,268,12,89,100,65,90,100,13,,10,90,20,TS,WN,B,B,195,1006,0.02,M,30,AES,
2017122300,33w.2017,TEMBIN,TY,NN,7.6,120.3,55,981,265,11,265,11,91,100,70,95,100,34,40,20,95,45,TS,WN,B,B,195,1005,NaN,M,35,AES,
2017122306,33w.2017,TEMBIN,TY,NN,7.6,118.9,60,978,268,13,268,13,90,100,80,80,100,40,45,35,80,45,TS,WN,B,B,195,1005,NaN,D,25,SJB,
2017122312,33w.2017,TEMBIN,TY,NN,7.7,117.4,65,974,272,14,272,14,91,110,70,70,115,44,55,30,70,60,TY,WN,B,B,195,1005,0.06,D,25,SJB,
2017122318,33w.2017,TEMBIN,TY,NN,8.0,115.8,70,970,277,15,277,15,100,125,75,75,125,50,65,35,75,65,TY,WN,B,B,195,1005,NaN,D,20,AES,
2017122400,33w.2017,TEMBIN,TY,NN,8.1,114.5,80,963,278,15,278,15,110,135,85,85,135,55,70,40,85,70,TY,WN,B,B,195,1007,NaN,D,30,AES,
2017122406,33w.2017,TEMBIN,TY,NN,8.2,113.2,85,959,274,13,274,13,160,160,105,115,260,88,85,55,115,150,TY,WN,B,B,195,1007,NaN,D,20,SJB,
2017122412,33w.2017,TEMBIN,TY,NN,8.3,111.9,75,967,274,13,274,13,145,175,85,120,200,76,95,40,120,110,TY,WN,B,B,195,1007,NaN,D,20,SJB,
2017122418,33w.2017,TEMBIN,TY,NN,8.2,110.9,65,974,270,11,270,11,102,130,85,80,115,49,60,40,80,60,TY,WN,B,B,185,1006,NaN,D,20,BCH,
2017122500,33w.2017,TEMBIN,TY,NN,7.9,109.8,60,978,259,11,259,11,108,135,80,95,120,65,85,45,95,75,TS,WN,B,B,180,1007,NaN,D,15,BCH,
2017122506,33w.2017,TEMBIN,TY,NN,8.3,108.8,45,989,273,10,273,10,90,105,75,75,105,NaN,NaN,NaN,NaN,NaN,TS,WN,B,B,180,1007,NaN,D,25,SJB,
2017122512,33w.2017,TEMBIN,TY,NN,8.5,107.5,40,993,285,12,285,12,NaN,NaN,NaN,NaN,NaN,NaN,NaN,NaN,NaN,NaN,TS,WN,B,B,180,1007,NaN,M,30,SJB,
2017122518,33w.2017,TEMBIN,TY,NN,8.4,106.1,30,1000,272,13,272,13,NaN,NaN,NaN,NaN,NaN,NaN,NaN,NaN,NaN,NaN,TD,WN,B,B,110,1008,NaN,S,30,BCH,
2017122600,33w.2017,TEMBIN,TY,NN,8.4,105.0,20,1007,268,12,268,12,NaN,NaN,NaN,NaN,NaN,NaN,NaN,NaN,NaN,NaN,DB,WN,B,B,105,1008,0.14,S,30,BCH,
2017122606,33w.2017,TEMBIN,TY,NN,8.4,104.4,20,1007,270,8,270,8,NaN,NaN,NaN,NaN,NaN,NaN,NaN,NaN,NaN,NaN,DB,WN,B,B,100,1008,0.06,S,30,RCB,
2017122612,33w.2017,TEMBIN,TY,NN,8.5,103.6,15,1010,274,7,274,7,NaN,NaN,NaN,NaN,NaN,NaN,NaN,NaN,NaN,NaN,DB,NW,B,B,100,1008,NaN,NaN,30,NaN,
2017122618,33w.2017,TEMBIN,TY,NN,8.2,102.7,15,1010,263,8,263,8,NaN,NaN,NaN,NaN,NaN,NaN,NaN,NaN,NaN,NaN,DB,NW,B,B,100,1008,NaN,NaN,30,NaN,
2017122700,33w.2017,TEMBIN,TY,NN,8.1,101.8,15,1010,263,8,257,9,NaN,NaN,NaN,NaN,NaN,NaN,NaN,NaN,NaN,NaN,DB,NW,B,B,100,1008,NaN,NaN,30,NaN,
2017041606,a1l.2017,ARLENE,TS,NN,36.5,310.0,55,992,155,13,155,13,300,200,200,400,400,150,100,100,400,200,EX,NW,B,B,330,1012,NaN,NaN,150,NaN,
2017041612,a1l.2017,ARLENE,TS,NN,35.3,310.7,55,991,155,13,155,13,300,200,200,400,400,150,100,100,400,200,EX,NW,B,B,330,1012,NaN,NaN,150,NaN,
2017041618,a1l.2017,ARLENE,TS,NN,34.2,311.3,55,990,155,13,155,13,288,200,200,400,350,145,100,100,400,180,EX,NW,B,B,330,1012,NaN,NaN,140,NaN,
2017041700,a1l.2017,ARLENE,TS,NN,33.8,312.4,50,988,137,10,137,10,272,170,170,400,350,185,,,400,170,EX,NW,B,B,330,1012,NaN,NaN,120,NaN,
2017041706,a1l.2017,ARLENE,TS,NN,33.3,312.9,50,986,124,8,124,8,272,170,170,400,350,185,,,400,170,EX,NW,B,B,330,1012,NaN,M,110,NaN,
2017041712,a1l.2017,ARLENE,TS,NN,32.7,313.9,50,986,131,8,131,8,272,170,170,400,350,185,,,400,170,EX,NW,B,B,330,1012,NaN,M,110,NaN,
2017041718,a1l.2017,ARLENE,TS,NN,32.3,314.8,45,987,122,9,122,9,272,170,170,400,350,NaN,NaN,NaN,NaN,NaN,EX,NW,B,B,330,1012,NaN,M,110,NaN,
2017041800,a1l.2017,ARLENE,TS,NN,32.1,315.3,45,987,117,7,117,7,272,170,170,400,350,NaN,NaN,NaN,NaN,NaN,EX,NW,B,B,330,1012,NaN,NaN,110,NaN,
2017041806,a1l.2017,ARLENE,TS,NN,31.9,315.6,45,987,121,4,121,4,272,170,170,400,350,NaN,NaN,NaN,NaN,NaN,EX,NW,B,B,330,1012,NaN,NaN,110,NaN,
2017041812,a1l.2017,ARLENE,TS,NN,31.6,315.9,40,990,134,4,134,4,272,170,170,400,350,NaN,NaN,NaN,NaN,NaN,EX,NW,B,B,330,1012,NaN,M,110,NaN,
2017041818,a1l.2017,ARLENE,TS,NN,31.1,316.5,35,992,136,6,136,6,100,,,100,,NaN,NaN,NaN,NaN,NaN,EX,NW,B,B,330,1012,NaN,M,80,NaN,
2017041900,a1l.2017,ARLENE,TS,NN,31.1,317.6,35,992,109,8,109,8,80,,80,80,,NaN,NaN,NaN,NaN,NaN,EX,NW,B,B,330,1012,NaN,M,60,NaN,
2017041906,a1l.2017,ARLENE,TS,NN,31.3,318.2,35,992,82,7,82,7,80,,80,80,,NaN,NaN,NaN,NaN,NaN,EX,NW,B,B,330,1012,NaN,M,50,NaN,
2017041912,01l.2017,ARLENE,TS,NN,31.6,318.9,30,995,66,6,66,6,NaN,NaN,NaN,NaN,NaN,NaN,NaN,NaN,NaN,NaN,SD,WN,B,B,320,1010,NaN,M,50,LAA,
2017041918,01l.2017,ARLENE,TS,NN,32.2,319.5,30,996,51,7,51,7,NaN,NaN,NaN,NaN,NaN,NaN,NaN,NaN,NaN,NaN,SD,WN,B,B,320,1010,NaN,M,50,LAA,
2017042000,01l.2017,ARLENE,TS,NN,32.8,320.5,30,996,48,9,48,9,NaN,NaN,NaN,NaN,NaN,NaN,NaN,NaN,NaN,NaN,SD,WN,B,B,400,1010,NaN,M,40,JPC,
2017042006,01l.2017,ARLENE,TS,NN,33.8,320.8,30,996,34,10,34,10,NaN,NaN,NaN,NaN,NaN,NaN,NaN,NaN,NaN,NaN,SD,WN,B,B,400,1010,NaN,M,40,SRS,
2017042012,01l.2017,ARLENE,TS,NN,35.5,320.4,30,996,358,14,358,14,NaN,NaN,NaN,NaN,NaN,NaN,NaN,NaN,NaN,NaN,TD,WN,B,B,400,1010,NaN,M,40,LAA,
2017042018,01l.2017,ARLENE,TS,NN,37.3,319.3,40,993,341,19,341,19,90,90,90,,,NaN,NaN,NaN,NaN,NaN,TS,WN,B,B,400,1010,NaN,M,40,LAA,
2017042100,01l.2017,ARLENE,TS,NN,39.0,317.0,45,993,322,22,322,22,120,150,90,,,NaN,NaN,NaN,NaN,NaN,TS,WN,B,B,400,1010,NaN,M,40,JLB,
2017042106,01l.2017,ARLENE,TS,NN,40.0,313.7,45,993,302,26,302,26,140,200,100,,120,NaN,NaN,NaN,NaN,NaN,TS,WN,B,B,400,1010,NaN,M,40,SRS,
2017042112,01l.2017,ARLENE,TS,NN,39.9,310.7,45,995,280,25,280,25,140,200,100,,120,NaN,NaN,NaN,NaN,NaN,EX,WN,B,B,400,1010,NaN,M,40,LAA,
2017061612,a2l.2017,BRET,TS,NN,5.1,326.7,20,1009,285,14,285,14,NaN,NaN,NaN,NaN,NaN,NaN,NaN,NaN,NaN,NaN,NT,NW,B,B,150,1011,NaN,S,100,NaN,
2017061618,a2l.2017,BRET,TS,NN,5.5,325.6,25,1009,285,14,285,14,NaN,NaN,NaN,NaN,NaN,NaN,NaN,NaN,NaN,NaN,TD,NW,B,B,150,1011,NaN,S,90,NaN,
2017061700,a2l.2017,BRET,TS,NN,5.8,324.0,25,1009,285,14,285,14,NaN,NaN,NaN,NaN,NaN,NaN,NaN,NaN,NaN,NaN,TD,NW,B,B,150,1011,NaN,S,90,NaN,
2017061706,a2l.2017,BRET,TS,NN,5.9,322.0,25,1009,276,18,276,18,NaN,NaN,NaN,NaN,NaN,NaN,NaN,NaN,NaN,NaN,TD,NW,B,B,150,1011,NaN,S,90,NaN,
2017061712,a2l.2017,BRET,TS,NN,5.8,320.0,25,1009,270,20,270,20,NaN,NaN,NaN,NaN,NaN,NaN,NaN,NaN,NaN,NaN,TD,NW,B,B,150,1011,NaN,S,80,NaN,
2017061718,a2l.2017,BRET,TS,NN,5.8,318.4,25,1009,268,18,268,18,NaN,NaN,NaN,NaN,NaN,NaN,NaN,NaN,NaN,NaN,TD,NW,B,B,150,1011,NaN,S,80,NaN,
2017061800,a2l.2017,BRET,TS,NN,6.1,316.6,25,1009,275,17,275,17,NaN,NaN,NaN,NaN,NaN,NaN,NaN,NaN,NaN,NaN,TD,NW,B,B,150,1011,NaN,S,80,NaN,
2017061806,a2l.2017,BRET,TS,NN,6.5,314.6,25,1009,280,19,280,19,NaN,NaN,NaN,NaN,NaN,NaN,NaN,NaN,NaN,NaN,TD,NW,B,B,150,1011,NaN,S,80,NaN,
2017061812,a2l.2017,BRET,TS,NN,7.0,312.6,30,1009,283,20,283,20,NaN,NaN,NaN,NaN,NaN,NaN,NaN,NaN,NaN,NaN,TD,NW,B,B,150,1011,NaN,S,120,NaN,
2017061818,02l.2017,BRET,TS,NN,7.3,310.6,30,1008,281,20,281,20,NaN,NaN,NaN,NaN,NaN,NaN,NaN,NaN,NaN,NaN,TD,WN,B,B,150,1011,NaN,S,120,MJB,
2017061900,02l.2017,BRET,TS,NN,7.7,308.5,35,1005,280,21,280,21,50,50,,,50,NaN,NaN,NaN,NaN,NaN,TS,WN,B,B,150,1011,NaN,M,50,SRS,
2017061906,02l.2017,BRET,TS,NN,8.1,306.4,35,1005,281,21,281,21,50,50,,,50,NaN,NaN,NaN,NaN,NaN,TS,WN,B,B,100,1011,NaN,M,40,RJP,
2017061912,02l.2017,BRET,TS,NN,8.5,304.1,35,1005,280,22,280,22,60,60,,,60,NaN,NaN,NaN,NaN,NaN,TS,WN,B,B,120,1012,NaN,M,40,CWL,
2017061918,02l.2017,BRET,TS,NN,9.1,301.7,35,1007,282,24,282,24,70,70,,,70,NaN,NaN,NaN,NaN,NaN,TS,WN,B,B,120,1011,NaN,M,50,CWL,
2017062000,02l.2017,BRET,TS,NN,9.7,299.6,35,1008,285,23,285,23,70,70,,,70,NaN,NaN,NaN,NaN,NaN,TS,WN,B,B,120,1011,0.06,M,50,DPR,
2017062006,02l.2017,BRET,TS,NN,10.4,297.9,40,1008,289,20,289,20,100,110,,,90,NaN,NaN,NaN,NaN,NaN,TS,WN,B,B,150,1012,0.13,M,50,RJP,
2017062012,02l.2017,BRET,TS,NN,11.2,296.2,40,1008,294,18,294,18,100,110,,,90,NaN,NaN,NaN,NaN,NaN,TS,WN,B,B,150,1012,0.16,M,50,LAA,
2017062018,02l.2017,BRET,TS,NN,11.7,293.6,35,1008,287,22,287,22,100,100,,,,NaN,NaN,NaN,NaN,NaN,TS,NW,B,B,150,1012,0.01,M,50,NaN,
2017061712,a3l.2017,CINDY,TS,NN,17.2,273.8,25,1008,291,4,291,4,NaN,NaN,NaN,NaN,NaN,NaN,NaN,NaN,NaN,NaN,TD,NW,B,B,180,1010,NaN,S,150,NaN,
2017061718,a3l.2017,CINDY,TS,NN,17.4,273.4,25,1007,291,4,291,4,NaN,NaN,NaN,NaN,NaN,NaN,NaN,NaN,NaN,NaN,TD,NW,B,B,240,1010,NaN,S,180,NaN,
2017061800,a3l.2017,CINDY,TS,NN,17.5,273.0,25,1006,291,4,291,4,NaN,NaN,NaN,NaN,NaN,NaN,NaN,NaN,NaN,NaN,TD,NW,B,B,240,1008,NaN,S,180,NaN,
2017061806,a3l.2017,CINDY,TS,NN,17.6,272.7,25,1006,287,3,287,3,NaN,NaN,NaN,NaN,NaN,NaN,NaN,NaN,NaN,NaN,TD,NW,B,B,240,1008,0.02,S,180,NaN,
2017061812,a3l.2017,CINDY,TS,NN,18.0,272.7,30,1006,330,3,330,3,NaN,NaN,NaN,NaN,NaN,NaN,NaN,NaN,NaN,NaN,TD,NW,B,B,240,1008,0.05,S,180,NaN,
2017061818,a3l.2017,CINDY,TS,NN,18.7,272.7,35,1005,360,5,360,5,250,250,,,,NaN,NaN,NaN,NaN,NaN,TS,NW,B,B,240,1008,0.21,S,200,NaN,
2017061900,a3l.2017,CINDY,TS,NN,19.6,272.6,35,1005,357,8,357,8,250,250,,,,NaN,NaN,NaN,NaN,NaN,TS,NW,B,B,240,1008,0.42,S,200,NaN,
2017061906,a3l.2017,CINDY,TS,NN,21.0,272.1,35,1005,346,12,346,12,250,250,,,,NaN,NaN,NaN,NaN,NaN,TS,NW,B,B,240,1008,1.00,S,200,NaN,
2017061912,a3l.2017,CINDY,TS,NN,23.0,271.8,35,1004,348,17,348,17,210,210,,,,NaN,NaN,NaN,NaN,NaN,TS,NW,B,B,210,1006,NaN,S,180,NaN,
2017061918,03l.2017,CINDY,TS,NN,23.7,271.4,35,1004,347,14,347,14,180,180,,,,NaN,NaN,NaN,NaN,NaN,TS,WN,B,B,240,1006,NaN,S,180,NaN,
2017062000,03l.2017,CINDY,TS,NN,24.0,270.8,35,1000,317,7,317,7,180,180,,,,NaN,NaN,NaN,NaN,NaN,TS,WN,B,B,240,1006,NaN,S,110,SRS,
2017062006,03l.2017,CINDY,TS,NN,24.5,270.1,35,1000,304,7,304,7,180,180,,,,NaN,NaN,NaN,NaN,NaN,TS,WN,B,B,240,1007,NaN,S,110,JLB,
2017062012,03l.2017,CINDY,TS,NN,25.3,269.6,35,999,320,8,320,8,180,180,180,,,NaN,NaN,NaN,NaN,NaN,TS,WN,B,B,210,1007,NaN,M,110,MJB,
2017062018,03l.2017,CINDY,TS,NN,25.7,269.4,40,999,332,7,332,7,120,180,120,,60,NaN,NaN,NaN,NaN,NaN,TS,WN,B,B,210,1007,NaN,M,150,MJB,
2017062100,03l.2017,CINDY,TS,NN,26.3,269.1,50,997,336,5,336,5,132,240,120,50,120,80,,,50,80,TS,WN,B,B,200,1007,NaN,M,80,SRS,
2017062106,03l.2017,CINDY,TS,NN,26.9,268.5,50,997,326,7,326,7,132,240,120,50,120,80,,,50,80,TS,WN,B,B,200,1007,NaN,M,80,RJP,
2017062112,03l.2017,CINDY,TS,NN,27.4,267.6,45,995,309,9,309,9,108,180,100,50,100,NaN,NaN,NaN,NaN,NaN,TS,WN,B,B,200,1008,NaN,M,75,JLB,
2017062118,03l.2017,CINDY,TS,NN,27.8,267.1,45,995,306,8,306,8,88,100,100,50,100,NaN,NaN,NaN,NaN,NaN,TS,WN,B,B,240,1009,NaN,M,75,JLB,
2017062200,03l.2017,CINDY,TS,NN,28.3,266.7,45,992,319,6,319,6,88,100,100,50,100,NaN,NaN,NaN,NaN,NaN,TS,WN,B,B,240,1009,NaN,M,75,SRS,
2017062206,03l.2017,CINDY,TS,NN,29.4,266.4,40,992,339,9,339,9,80,100,100,60,60,NaN,NaN,NaN,NaN,NaN,TS,WN,B,B,200,1006,0.19,M,75,RJP,
2017062212,03l.2017,CINDY,TS,NN,30.5,266.4,35,996,353,11,353,11,100,,100,,,NaN,NaN,NaN,NaN,NaN,TS,WN,B,B,200,1006,0.97,M,75,LAA,
2017070100,a4l.2017,FOUR,TD,NN,10.0,331.5,15,NaN,270,6,270,6,NaN,NaN,NaN,NaN,NaN,NaN,NaN,NaN,NaN,NaN,NT,NW,B,B,NaN,NaN,NaN,NaN,NaN,NaN,
2017070106,a4l.2017,FOUR,TD,NN,10.0,330.8,15,NaN,270,6,270,6,NaN,NaN,NaN,NaN,NaN,NaN,NaN,NaN,NaN,NaN,NT,NW,B,B,NaN,NaN,NaN,NaN,NaN,NaN,
2017070112,a4l.2017,FOUR,TD,NN,10.0,330.2,15,NaN,270,6,270,6,NaN,NaN,NaN,NaN,NaN,NaN,NaN,NaN,NaN,NaN,NT,NW,B,B,NaN,NaN,NaN,NaN,NaN,NaN,
2017070118,a4l.2017,FOUR,TD,NN,10.0,329.6,15,NaN,270,6,270,6,NaN,NaN,NaN,NaN,NaN,NaN,NaN,NaN,NaN,NaN,NT,NW,B,B,NaN,NaN,NaN,NaN,NaN,NaN,
2017070200,a4l.2017,FOUR,TD,NN,10.0,329.0,15,1013,270,6,270,6,NaN,NaN,NaN,NaN,NaN,NaN,NaN,NaN,NaN,NaN,NT,NW,B,B,NaN,NaN,NaN,NaN,NaN,NaN,
2017070206,a4l.2017,FOUR,TD,NN,10.0,328.5,15,1013,270,5,270,5,NaN,NaN,NaN,NaN,NaN,NaN,NaN,NaN,NaN,NaN,NT,NW,B,B,NaN,NaN,NaN,NaN,NaN,NaN,
2017070212,a4l.2017,FOUR,TD,NN,9.9,328.0,20,1012,264,5,264,5,NaN,NaN,NaN,NaN,NaN,NaN,NaN,NaN,NaN,NaN,NT,NW,B,B,NaN,NaN,NaN,NaN,NaN,NaN,
2017070218,a4l.2017,FOUR,TD,NN,9.7,327.6,20,1012,251,5,251,5,NaN,NaN,NaN,NaN,NaN,NaN,NaN,NaN,NaN,NaN,NT,NW,B,B,NaN,NaN,NaN,NaN,NaN,NaN,
2017070300,a4l.2017,FOUR,TD,NN,9.4,327.4,20,1011,230,4,230,4,NaN,NaN,NaN,NaN,NaN,NaN,NaN,NaN,NaN,NaN,NT,NW,B,B,140,1013,NaN,S,70,NaN,
2017070306,a4l.2017,FOUR,TD,NN,9.1,327.3,25,1011,206,3,206,3,NaN,NaN,NaN,NaN,NaN,NaN,NaN,NaN,NaN,NaN,TD,NW,B,B,150,1014,NaN,M,70,NaN,
2017070312,a4l.2017,FOUR,TD,NN,8.9,327.3,25,1011,191,3,191,3,NaN,NaN,NaN,NaN,NaN,NaN,NaN,NaN,NaN,NaN,TD,NW,B,B,150,1014,NaN,M,70,NaN,
2017070318,a4l.2017,FOUR,TD,NN,8.9,327.0,25,1010,236,2,236,2,NaN,NaN,NaN,NaN,NaN,NaN,NaN,NaN,NaN,NaN,TD,NW,B,B,150,1014,NaN,M,60,NaN,
2017070400,a4l.2017,FOUR,TD,NN,9.0,326.6,30,1009,278,3,278,3,NaN,NaN,NaN,NaN,NaN,NaN,NaN,NaN,NaN,NaN,TD,NW,B,B,150,1015,NaN,M,50,NaN,
2017070406,a4l.2017,FOUR,TD,NN,9.2,326.2,30,1009,291,4,291,4,NaN,NaN,NaN,NaN,NaN,NaN,NaN,NaN,NaN,NaN,TD,NW,B,B,150,1014,NaN,M,45,NaN,
2017070412,a4l.2017,FOUR,TD,NN,9.6,326.0,30,1009,315,4,315,4,NaN,NaN,NaN,NaN,NaN,NaN,NaN,NaN,NaN,NaN,TD,NW,B,B,150,1014,NaN,M,45,NaN,
2017070418,a4l.2017,FOUR,TD,NN,9.8,325.9,30,1009,334,3,334,3,NaN,NaN,NaN,NaN,NaN,NaN,NaN,NaN,NaN,NaN,TD,NW,B,B,150,1014,NaN,M,45,NaN,
2017070500,a4l.2017,FOUR,TD,NN,10.5,325.4,30,1009,327,5,327,5,NaN,NaN,NaN,NaN,NaN,NaN,NaN,NaN,NaN,NaN,TD,NW,B,B,150,1014,NaN,M,45,NaN,
2017070506,a4l.2017,FOUR,TD,NN,11.0,324.9,30,1009,321,8,321,8,NaN,NaN,NaN,NaN,NaN,NaN,NaN,NaN,NaN,NaN,TD,NW,B,B,150,1014,NaN,NaN,45,NaN,
2017070512,a4l.2017,FOUR,TD,NN,11.8,324.1,20,1010,316,9,316,9,NaN,NaN,NaN,NaN,NaN,NaN,NaN,NaN,NaN,NaN,NT,NW,B,B,150,1014,NaN,M,45,NaN,
2017070518,a4l.2017,FOUR,TD,NN,12.1,322.9,20,1011,299,11,299,11,NaN,NaN,NaN,NaN,NaN,NaN,NaN,NaN,NaN,NaN,NT,NW,B,B,150,1014,NaN,M,40,NaN,
2017070600,04l.2017,FOUR,TD,NN,12.4,321.4,25,1011,283,14,283,14,NaN,NaN,NaN,NaN,NaN,NaN,NaN,NaN,NaN,NaN,TD,WN,B,B,150,1014,NaN,M,40,JLB,
2017070606,04l.2017,FOUR,TD,NN,12.8,319.7,25,1011,283,16,283,16,NaN,NaN,NaN,NaN,NaN,NaN,NaN,NaN,NaN,NaN,TD,WN,B,B,120,1015,NaN,M,50,RJP,
2017070612,04l.2017,FOUR,TD,NN,13.3,317.8,25,1008,284,18,284,18,NaN,NaN,NaN,NaN,NaN,NaN,NaN,NaN,NaN,NaN,TD,WN,B,B,120,1011,NaN,M,50,DPR,
2017070618,04l.2017,FOUR,TD,NN,13.8,315.9,25,1011,285,19,285,19,NaN,NaN,NaN,NaN,NaN,NaN,NaN,NaN,NaN,NaN,TD,WN,B,B,100,1014,NaN,M,50,RJB,
2017070700,04l.2017,FOUR,TD,NN,14.3,314.0,25,1011,285,19,285,19,NaN,NaN,NaN,NaN,NaN,NaN,NaN,NaN,NaN,NaN,TD,WN,B,B,100,1013,NaN,M,50,JLB,
2017070706,04l.2017,FOUR,TD,NN,14.8,312.1,25,1011,285,19,285,19,NaN,NaN,NaN,NaN,NaN,NaN,NaN,NaN,NaN,NaN,TD,WN,B,B,100,1014,NaN,M,50,SRS,
2017070712,04l.2017,FOUR,TD,NN,15.4,310.3,25,1011,287,19,287,19,NaN,NaN,NaN,NaN,NaN,NaN,NaN,NaN,NaN,NaN,TD,WN,B,B,100,1014,NaN,M,50,LAA,
2017070718,04l.2017,FOUR,TD,NN,16.0,309.0,25,1012,292,16,292,16,NaN,NaN,NaN,NaN,NaN,NaN,NaN,NaN,NaN,NaN,TD,WN,B,B,100,1014,NaN,M,50,LAA,
2017070800,04l.2017,FOUR,TD,NN,16.6,307.6,25,1013,295,14,295,14,NaN,NaN,NaN,NaN,NaN,NaN,NaN,NaN,NaN,NaN,TD,NW,B,B,100,1014,NaN,NaN,50,NaN,
2017070806,04l.2017,FOUR,TD,NN,17.1,306.2,25,1013,292,15,292,15,NaN,NaN,NaN,NaN,NaN,NaN,NaN,NaN,NaN,NaN,TD,NW,B,B,100,1014,NaN,S,50,NaN,
2017070812,04l.2017,FOUR,TD,NN,17.7,305.0,25,1013,294,14,294,14,NaN,NaN,NaN,NaN,NaN,NaN,NaN,NaN,NaN,NaN,TD,NW,B,B,100,1014,NaN,NaN,50,NaN,
2017070818,04l.2017,FOUR,TD,NN,18.4,303.8,25,1013,300,13,300,13,NaN,NaN,NaN,NaN,NaN,NaN,NaN,NaN,NaN,NaN,TD,NW,B,B,100,1014,NaN,NaN,50,NaN,
2017070900,04l.2017,FOUR,TD,NN,19.1,302.6,25,1013,302,13,302,13,NaN,NaN,NaN,NaN,NaN,NaN,NaN,NaN,NaN,NaN,TD,NW,B,B,100,1014,NaN,NaN,50,NaN,
2017070906,04l.2017,FOUR,TD,NN,19.8,301.5,25,1013,303,13,303,13,NaN,NaN,NaN,NaN,NaN,NaN,NaN,NaN,NaN,NaN,TD,NW,B,B,100,1016,NaN,NaN,50,NaN,
2017070912,04l.2017,FOUR,TD,NN,20.5,300.3,25,1013,303,13,303,13,NaN,NaN,NaN,NaN,NaN,NaN,NaN,NaN,NaN,NaN,TD,NW,B,B,100,1016,NaN,NaN,50,NaN,
2017070918,04l.2017,FOUR,TD,NN,21.2,299.2,25,1013,303,13,303,13,NaN,NaN,NaN,NaN,NaN,NaN,NaN,NaN,NaN,NaN,TD,NW,B,B,100,1016,NaN,NaN,50,NaN,
2017071000,04l.2017,FOUR,TD,NN,21.8,298.1,25,1013,302,12,302,12,NaN,NaN,NaN,NaN,NaN,NaN,NaN,NaN,NaN,NaN,TD,NW,B,B,100,1016,NaN,NaN,50,NaN,
2017071006,04l.2017,FOUR,TD,NN,22.1,297.0,25,1013,294,11,294,11,NaN,NaN,NaN,NaN,NaN,NaN,NaN,NaN,NaN,NaN,TD,NW,B,B,100,1016,NaN,NaN,50,NaN,
2017071012,04l.2017,FOUR,TD,NN,22.4,296.1,25,1013,288,10,288,10,NaN,NaN,NaN,NaN,NaN,NaN,NaN,NaN,NaN,NaN,TD,NW,B,B,100,1016,NaN,M,40,NaN,
2017071018,04l.2017,FOUR,TD,NN,22.7,295.0,25,1013,288,10,288,10,NaN,NaN,NaN,NaN,NaN,NaN,NaN,NaN,NaN,NaN,TD,NW,B,B,100,1016,NaN,M,40,NaN,
2017071100,04l.2017,FOUR,TD,NN,22.8,293.9,25,1014,281,10,281,10,NaN,NaN,NaN,NaN,NaN,NaN,NaN,NaN,NaN,NaN,TD,NW,B,B,100,1015,NaN,S,60,NaN,
2017071106,04l.2017,FOUR,TD,NN,22.9,292.8,25,1014,276,10,276,10,NaN,NaN,NaN,NaN,NaN,NaN,NaN,NaN,NaN,NaN,TD,NW,B,B,100,1015,NaN,NaN,60,NaN,
2017071112,04l.2017,FOUR,TD,NN,23.0,291.6,25,1014,275,11,275,11,NaN,NaN,NaN,NaN,NaN,NaN,NaN,NaN,NaN,NaN,TD,NW,B,B,100,1016,NaN,S,60,NaN,
2017071118,04l.2017,FOUR,TD,NN,23.1,290.4,25,1014,275,11,275,11,NaN,NaN,NaN,NaN,NaN,NaN,NaN,NaN,NaN,NaN,TD,NW,B,B,100,1016,NaN,S,60,NaN,
2017071200,04l.2017,FOUR,TD,NN,23.3,289.1,25,1014,277,12,277,12,NaN,NaN,NaN,NaN,NaN,NaN,NaN,NaN,NaN,NaN,TD,NW,B,B,100,1016,NaN,S,60,NaN,
2017071206,04l.2017,FOUR,TD,NN,23.5,287.6,25,1014,279,13,279,13,NaN,NaN,NaN,NaN,NaN,NaN,NaN,NaN,NaN,NaN,TD,NW,B,B,120,1015,NaN,S,90,NaN,
2017071606,a5l.2017,DON,TS,NN,10.5,316.9,20,1011,268,15,268,15,NaN,NaN,NaN,NaN,NaN,NaN,NaN,NaN,NaN,NaN,NT,NW,B,B,140,1013,NaN,S,60,NaN,
2017071612,a5l.2017,DON,TS,NN,10.5,315.4,20,1011,268,15,268,15,NaN,NaN,NaN,NaN,NaN,NaN,NaN,NaN,NaN,NaN,NT,NW,B,B,140,1013,NaN,S,60,NaN,
2017071618,a5l.2017,DON,TS,NN,10.4,313.9,25,1011,268,15,268,15,NaN,NaN,NaN,NaN,NaN,NaN,NaN,NaN,NaN,NaN,TD,NW,B,B,140,1013,NaN,S,60,NaN,
2017071700,a5l.2017,DON,TS,NN,10.4,312.4,25,1011,268,15,268,15,NaN,NaN,NaN,NaN,NaN,NaN,NaN,NaN,NaN,NaN,TD,NW,B,B,140,1013,NaN,S,55,NaN,
2017071706,a5l.2017,DON,TS,NN,10.4,310.9,25,1011,270,15,270,15,NaN,NaN,NaN,NaN,NaN,NaN,NaN,NaN,NaN,NaN,TD,NW,B,B,140,1013,NaN,M,45,NaN,
2017071712,a5l.2017,DON,TS,NN,10.6,309.4,25,1011,274,15,274,15,NaN,NaN,NaN,NaN,NaN,NaN,NaN,NaN,NaN,NaN,TD,NW,B,B,120,1013,NaN,M,30,NaN,
2017071718,05l.2017,DON,TS,NN,11.0,307.7,35,1010,281,16,281,16,20,20,20,,20,NaN,NaN,NaN,NaN,NaN,TS,WN,B,B,90,1013,NaN,M,15,DPB,
2017071800,05l.2017,DON,TS,NN,11.2,306.2,40,1009,281,16,281,16,20,20,20,,20,NaN,NaN,NaN,NaN,NaN,TS,WN,B,B,90,1013,NaN,M,15,RJB,
2017071806,05l.2017,DON,TS,NN,11.3,304.6,40,1009,276,15,276,15,27,30,20,,30,NaN,NaN,NaN,NaN,NaN,TS,WN,B,B,90,1013,NaN,D,15,SRS,
2017071812,05l.2017,DON,TS,NN,11.4,303.0,35,1011,274,16,274,16,27,30,20,,30,NaN,NaN,NaN,NaN,NaN,TS,WN,B,B,90,1013,NaN,M,20,DPB,
2017071818,05l.2017,DON,TS,NN,11.6,301.1,35,1011,275,17,275,17,30,30,,,30,NaN,NaN,NaN,NaN,NaN,TS,WN,B,B,90,1013,NaN,M,30,DPB,
2017071900,05l.2017,DON,TS,NN,11.9,298.6,35,1012,277,22,277,22,30,30,,,30,NaN,NaN,NaN,NaN,NaN,TS,WN,B,B,60,1013,0.03,M,30,RJB,
2017073012,a8l.2017,EMILY,TS,NN,28.5,273.6,25,1010,108,8,108,8,NaN,NaN,NaN,NaN,NaN,NaN,NaN,NaN,NaN,NaN,TD,NW,B,B,80,1013,NaN,M,25,NaN,
2017073018,a8l.2017,EMILY,TS,NN,28.4,274.5,30,1009,108,8,108,8,NaN,NaN,NaN,NaN,NaN,NaN,NaN,NaN,NaN,NaN,TD,NW,B,B,80,1013,NaN,M,25,NaN,
2017073100,a8l.2017,EMILY,TS,NN,28.0,275.3,30,1009,108,8,108,8,NaN,NaN,NaN,NaN,NaN,NaN,NaN,NaN,NaN,NaN,TD,NW,B,B,90,1012,NaN,M,25,NaN,
2017073106,06l.2017,EMILY,TS,NN,27.7,276.0,35,1006,118,7,118,7,33,20,40,40,,NaN,NaN,NaN,NaN,NaN,TS,WN,B,B,90,1012,NaN,M,15,SRS,
2017073112,06l.2017,EMILY,TS,NN,27.5,276.7,40,1005,112,7,112,7,37,20,50,40,,NaN,NaN,NaN,NaN,NaN,TS,WN,B,B,90,1012,NaN,M,10,SRS,
2017073118,06l.2017,EMILY,TS,NN,27.6,277.8,35,1006,94,8,94,8,45,,50,40,,NaN,NaN,NaN,NaN,NaN,TS,WN,B,B,90,1012,0.96,M,15,SRS,
2017080100,06l.2017,EMILY,TS,NN,27.4,278.5,30,1009,94,8,94,8,NaN,NaN,NaN,NaN,NaN,NaN,NaN,NaN,NaN,NaN,TD,WN,B,B,50,1013,0.96,S,15,RJB,
2017080106,06l.2017,EMILY,TS,NN,27.9,279.5,30,1010,79,8,79,8,NaN,NaN,NaN,NaN,NaN,NaN,NaN,NaN,NaN,NaN,TD,WN,B,B,50,1014,0.45,S,25,NaN,
2017080112,06l.2017,EMILY,TS,NN,28.9,280.6,30,1010,51,12,51,12,NaN,NaN,NaN,NaN,NaN,NaN,NaN,NaN,NaN,NaN,TD,WN,B,B,50,1014,NaN,S,30,SRS,
2017080118,06l.2017,EMILY,TS,NN,29.9,281.6,30,1010,43,14,43,14,NaN,NaN,NaN,NaN,NaN,NaN,NaN,NaN,NaN,NaN,TD,WN,B,B,50,1014,NaN,S,30,SRS,
2017080200,06l.2017,EMILY,TS,NN,30.7,281.9,30,1012,32,11,32,11,NaN,NaN,NaN,NaN,NaN,NaN,NaN,NaN,NaN,NaN,TD,WN,B,B,60,1015,NaN,S,30,ESB,
2017080312,b0l.2017,FRANKLIN,TY,NN,12.1,295.7,25,1012,274,15,274,15,NaN,NaN,NaN,NaN,NaN,NaN,NaN,NaN,NaN,NaN,TD,NW,B,B,150,1013,0.01,S,NaN,NaN,
2017080318,b0l.2017,FRANKLIN,TY,NN,12.2,294.2,30,1011,274,15,274,15,NaN,NaN,NaN,NaN,NaN,NaN,NaN,NaN,NaN,NaN,TD,NW,B,B,150,1014,NaN,S,90,NaN,
2017080400,b0l.2017,FRANKLIN,TY,NN,12.3,292.7,30,1011,274,15,274,15,NaN,NaN,NaN,NaN,NaN,NaN,NaN,NaN,NaN,NaN,TD,NW,B,B,150,1014,NaN,S,90,NaN,
2017080406,b0l.2017,FRANKLIN,TY,NN,12.6,291.4,25,1011,278,14,278,14,NaN,NaN,NaN,NaN,NaN,NaN,NaN,NaN,NaN,NaN,TD,NW,B,B,150,1014,0.05,NaN,90,NaN,
2017080412,b0l.2017,FRANKLIN,TY,NN,13.0,290.0,25,1011,285,14,285,14,NaN,NaN,NaN,NaN,NaN,NaN,NaN,NaN,NaN,NaN,TD,NW,B,B,150,1014,0.01,S,90,NaN,
2017080418,b0l.2017,FRANKLIN,TY,NN,13.2,288.5,25,1011,282,14,282,14,NaN,NaN,NaN,NaN,NaN,NaN,NaN,NaN,NaN,NaN,TD,NW,B,B,150,1014,NaN,S,90,NaN,
2017080500,b0l.2017,FRANKLIN,TY,NN,13.3,286.9,25,1009,276,15,276,15,NaN,NaN,NaN,NaN,NaN,NaN,NaN,NaN,NaN,NaN,TD,NW,B,B,150,1011,NaN,S,90,NaN,
2017080506,b0l.2017,FRANKLIN,TY,NN,13.4,285.3,30,1008,274,16,274,16,NaN,NaN,NaN,NaN,NaN,NaN,NaN,NaN,NaN,NaN,TD,NW,B,B,150,1011,NaN,NaN,90,NaN,
2017080512,b0l.2017,FRANKLIN,TY,NN,13.5,284.0,30,1008,274,14,274,14,NaN,NaN,NaN,NaN,NaN,NaN,NaN,NaN,NaN,NaN,TD,NW,B,B,150,1011,NaN,S,90,NaN,
2017080518,b0l.2017,FRANKLIN,TY,NN,13.7,282.8,30,1008,277,12,277,12,NaN,NaN,NaN,NaN,NaN,NaN,NaN,NaN,NaN,NaN,TD,NW,B,B,120,1011,NaN,S,90,NaN,
2017080600,b0l.2017,FRANKLIN,TY,NN,14.1,281.5,30,1008,284,13,284,13,NaN,NaN,NaN,NaN,NaN,NaN,NaN,NaN,NaN,NaN,TD,NW,B,B,120,1011,NaN,S,90,NaN,
2017080606,b0l.2017,FRANKLIN,TY,NN,14.5,280.2,30,1008,288,13,288,13,NaN,NaN,NaN,NaN,NaN,NaN,NaN,NaN,NaN,NaN,TD,NW,B,B,120,1011,NaN,S,90,NaN,
2017080612,07l.2017,FRANKLIN,TY,NN,14.9,279.3,30,1008,291,11,291,11,NaN,NaN,NaN,NaN,NaN,NaN,NaN,NaN,NaN,NaN,TD,WN,B,B,120,1011,NaN,S,90,NaN,
2017080618,07l.2017,FRANKLIN,TY,NN,15.5,278.5,30,1008,301,10,301,10,NaN,NaN,NaN,NaN,NaN,NaN,NaN,NaN,NaN,NaN,TD,WN,B,B,120,1011,NaN,M,90,RJP,
2017080700,07l.2017,FRANKLIN,TY,NN,16.1,277.3,35,1006,302,11,302,11,90,90,,,,NaN,NaN,NaN,NaN,NaN,TS,WN,B,B,120,1009,NaN,M,70,DPB,
2017080706,07l.2017,FRANKLIN,TY,NN,16.7,276.4,40,1005,301,12,301,12,110,100,120,,,NaN,NaN,NaN,NaN,NaN,TS,WN,B,B,140,1010,NaN,M,60,SRS,
2017080712,07l.2017,FRANKLIN,TY,NN,17.4,275.6,45,1004,309,10,309,10,93,100,120,,60,NaN,NaN,NaN,NaN,NaN,TS,WN,B,B,140,1010,NaN,M,50,RJP,
2017080718,07l.2017,FRANKLIN,TY,NN,18.1,274.7,50,999,311,11,311,11,85,120,120,40,60,30,30,,40,,TS,WN,B,B,120,1010,NaN,M,30,RJP,
2017080800,07l.2017,FRANKLIN,TY,NN,18.8,273.4,50,995,304,13,304,13,95,120,120,50,90,30,30,,50,,TS,WN,B,B,120,1009,NaN,M,30,RJB,
2017080806,07l.2017,FRANKLIN,TY,NN,19.3,272.1,50,996,296,14,296,14,88,120,120,40,70,30,30,,40,,TS,WN,B,B,120,1009,0.90,M,30,SRS,
2017080812,07l.2017,FRANKLIN,TY,NN,19.7,271.1,40,1000,293,12,293,12,75,120,120,30,30,NaN,NaN,NaN,NaN,NaN,TS,WN,B,B,150,1010,0.99,M,30,RJP,
2017080818,07l.2017,FRANKLIN,TY,NN,20.0,270.2,35,1001,291,10,291,10,75,120,120,30,30,NaN,NaN,NaN,NaN,NaN,TS,WN,B,B,150,1010,0.99,M,30,RJP,
2017080900,07l.2017,FRANKLIN,TY,NN,20.1,269.2,40,996,283,9,283,9,113,160,60,,120,NaN,NaN,NaN,NaN,NaN,TS,WN,B,B,140,1009,0.06,M,90,RJB,
2017080906,07l.2017,FRANKLIN,TY,NN,20.4,267.9,55,994,280,11,280,11,100,120,60,,120,40,40,,,,TS,WN,B,B,140,1009,NaN,M,40,JLB,
2017080912,07l.2017,FRANKLIN,TY,NN,20.2,266.7,60,987,272,12,272,12,92,120,90,40,120,50,50,50,40,,TS,WN,B,B,180,1010,NaN,M,30,RJP,
2017080918,07l.2017,FRANKLIN,TY,NN,20.2,265.6,65,984,265,11,265,11,92,120,90,40,120,50,50,50,40,,HU,WN,B,B,150,1008,NaN,M,30,RJP,
2017081000,07l.2017,FRANKLIN,TY,NN,20.3,264.5,75,981,273,10,273,10,102,130,90,60,130,42,50,50,60,40,HU,WN,B,B,150,1008,NaN,D,30,LAA,
2017081006,07l.2017,FRANKLIN,TY,NN,20.0,263.2,60,989,265,11,265,11,80,100,90,30,100,43,50,50,30,30,TS,WN,B,B,150,1008,0.85,D,20,JLB,
2017081012,07l.2017,FRANKLIN,TY,NN,19.8,261.7,25,1000,259,13,259,13,NaN,NaN,NaN,NaN,NaN,NaN,NaN,NaN,NaN,NaN,TD,WN,B,B,120,1012,0.99,S,20,RJP,
2017080306,a9l.2017,GERT,TY,NN,10.0,342.1,20,1011,268,16,268,16,NaN,NaN,NaN,NaN,NaN,NaN,NaN,NaN,NaN,NaN,NT,NW,B,B,150,1012,NaN,S,60,NaN,
2017080312,a9l.2017,GERT,TY,NN,9.9,340.5,25,1010,268,16,268,16,NaN,NaN,NaN,NaN,NaN,NaN,NaN,NaN,NaN,NaN,TD,NW,B,B,180,1012,NaN,S,70,NaN,
2017080318,a9l.2017,GERT,TY,NN,9.9,338.9,25,1010,268,16,268,16,NaN,NaN,NaN,NaN,NaN,NaN,NaN,NaN,NaN,NaN,TD,NW,B,B,180,1012,NaN,S,70,NaN,
2017080400,a9l.2017,GERT,TY,NN,9.8,337.3,25,1010,268,16,268,16,NaN,NaN,NaN,NaN,NaN,NaN,NaN,NaN,NaN,NaN,TD,NW,B,B,180,1012,NaN,S,70,NaN,
2017080406,a9l.2017,GERT,TY,NN,9.8,335.4,25,1010,268,17,268,17,NaN,NaN,NaN,NaN,NaN,NaN,NaN,NaN,NaN,NaN,TD,NW,B,B,180,1012,NaN,NaN,70,NaN,
2017080412,a9l.2017,GERT,TY,NN,9.8,333.6,25,1010,270,18,270,18,NaN,NaN,NaN,NaN,NaN,NaN,NaN,NaN,NaN,NaN,TD,NW,B,B,180,1013,NaN,S,70,NaN,
2017080418,a9l.2017,GERT,TY,NN,9.9,331.9,25,1011,272,17,272,17,NaN,NaN,NaN,NaN,NaN,NaN,NaN,NaN,NaN,NaN,TD,NW,B,B,180,1013,NaN,S,70,NaN,
2017080500,a9l.2017,GERT,TY,NN,10.1,330.0,25,1010,275,18,275,18,NaN,NaN,NaN,NaN,NaN,NaN,NaN,NaN,NaN,NaN,TD,NW,B,B,180,1013,NaN,S,100,NaN,
2017080506,a9l.2017,GERT,TY,NN,10.4,328.3,25,1010,278,18,278,18,NaN,NaN,NaN,NaN,NaN,NaN,NaN,NaN,NaN,NaN,TD,NW,B,B,180,1013,NaN,S,100,NaN,
2017080512,a9l.2017,GERT,TY,NN,10.7,326.4,25,1010,280,18,280,18,NaN,NaN,NaN,NaN,NaN,NaN,NaN,NaN,NaN,NaN,TD,NW,B,B,180,1013,NaN,S,100,NaN,
2017080518,a9l.2017,GERT,TY,NN,11.1,324.7,25,1010,281,18,281,18,NaN,NaN,NaN,NaN,NaN,NaN,NaN,NaN,NaN,NaN,TD,NW,B,B,180,1013,NaN,S,100,NaN,
2017080600,a9l.2017,GERT,TY,NN,11.7,323.0,25,1010,287,17,287,17,NaN,NaN,NaN,NaN,NaN,NaN,NaN,NaN,NaN,NaN,TD,NW,B,B,180,1013,NaN,S,90,NaN,
2017080606,a9l.2017,GERT,TY,NN,12.4,321.4,25,1010,292,17,292,17,NaN,NaN,NaN,NaN,NaN,NaN,NaN,NaN,NaN,NaN,TD,NW,B,B,180,1013,NaN,S,90,NaN,
2017080612,a9l.2017,GERT,TY,NN,13.0,320.0,25,1010,294,16,294,16,NaN,NaN,NaN,NaN,NaN,NaN,NaN,NaN,NaN,NaN,TD,NW,B,B,180,1013,NaN,S,90,NaN,
2017080618,a9l.2017,GERT,TY,NN,13.5,318.8,25,1010,293,14,293,14,NaN,NaN,NaN,NaN,NaN,NaN,NaN,NaN,NaN,NaN,TD,NW,B,B,180,1013,NaN,S,90,NaN,
2017080700,a9l.2017,GERT,TY,NN,13.9,317.9,25,1010,294,11,294,11,NaN,NaN,NaN,NaN,NaN,NaN,NaN,NaN,NaN,NaN,TD,NW,B,B,180,1013,NaN,S,90,NaN,
2017080706,a9l.2017,GERT,TY,NN,14.5,316.9,25,1010,298,10,298,10,NaN,NaN,NaN,NaN,NaN,NaN,NaN,NaN,NaN,NaN,TD,NW,B,B,180,1013,NaN,NaN,90,NaN,
2017080712,a9l.2017,GERT,TY,NN,14.9,315.8,25,1010,296,11,296,11,NaN,NaN,NaN,NaN,NaN,NaN,NaN,NaN,NaN,NaN,TD,NW,B,B,180,1013,NaN,S,90,NaN,
2017080718,a9l.2017,GERT,TY,NN,15.1,314.4,25,1010,284,12,284,12,NaN,NaN,NaN,NaN,NaN,NaN,NaN,NaN,NaN,NaN,TD,NW,B,B,180,1013,NaN,S,90,NaN,
2017080800,a9l.2017,GERT,TY,NN,15.2,313.0,25,1011,276,14,276,14,NaN,NaN,NaN,NaN,NaN,NaN,NaN,NaN,NaN,NaN,TD,NW,B,B,180,1013,NaN,NaN,90,NaN,
2017080806,a9l.2017,GERT,TY,NN,15.3,311.5,25,1011,274,14,274,14,NaN,NaN,NaN,NaN,NaN,NaN,NaN,NaN,NaN,NaN,TD,NW,B,B,150,1014,NaN,S,90,NaN,
2017080812,a9l.2017,GERT,TY,NN,15.5,309.9,25,1011,276,15,276,15,NaN,NaN,NaN,NaN,NaN,NaN,NaN,NaN,NaN,NaN,TD,NW,B,B,150,1014,NaN,S,90,NaN,
2017080818,a9l.2017,GERT,TY,NN,15.7,308.2,25,1011,277,16,277,16,NaN,NaN,NaN,NaN,NaN,NaN,NaN,NaN,NaN,NaN,TD,NW,B,B,150,1014,NaN,S,90,NaN,
2017080900,a9l.2017,GERT,TY,NN,16.0,306.7,25,1011,279,16,279,16,NaN,NaN,NaN,NaN,NaN,NaN,NaN,NaN,NaN,NaN,TD,NW,B,B,150,1012,NaN,S,90,NaN,
2017080906,a9l.2017,GERT,TY,NN,16.5,305.5,25,1012,287,14,287,14,NaN,NaN,NaN,NaN,NaN,NaN,NaN,NaN,NaN,NaN,TD,NW,B,B,150,1013,NaN,S,90,NaN,
2017080912,a9l.2017,GERT,TY,NN,17.1,304.3,25,1012,296,13,296,13,NaN,NaN,NaN,NaN,NaN,NaN,NaN,NaN,NaN,NaN,TD,NW,B,B,150,1014,NaN,S,90,NaN,
2017080918,a9l.2017,GERT,TY,NN,17.7,303.4,25,1013,301,12,301,12,NaN,NaN,NaN,NaN,NaN,NaN,NaN,NaN,NaN,NaN,TD,NW,B,B,150,1015,NaN,S,90,NaN,
2017081000,a9l.2017,GERT,TY,NN,18.4,302.2,25,1013,303,12,303,12,NaN,NaN,NaN,NaN,NaN,NaN,NaN,NaN,NaN,NaN,TD,NW,B,B,150,1015,NaN,S,90,NaN,
2017081006,a9l.2017,GERT,TY,NN,19.2,301.2,25,1014,306,13,306,13,NaN,NaN,NaN,NaN,NaN,NaN,NaN,NaN,NaN,NaN,TD,NW,B,B,150,1015,NaN,S,90,NaN,
2017081012,a9l.2017,GERT,TY,NN,19.6,300.0,25,1015,300,12,300,12,NaN,NaN,NaN,NaN,NaN,NaN,NaN,NaN,NaN,NaN,TD,NW,B,B,150,1016,NaN,S,90,NaN,
2017081018,a9l.2017,GERT,TY,NN,20.1,299.3,25,1015,297,10,297,10,NaN,NaN,NaN,NaN,NaN,NaN,NaN,NaN,NaN,NaN,TD,NW,B,B,150,1016,NaN,S,90,NaN,
2017081100,a9l.2017,GERT,TY,NN,21.0,298.0,25,1014,307,12,307,12,NaN,NaN,NaN,NaN,NaN,NaN,NaN,NaN,NaN,NaN,TD,NW,B,B,150,1016,NaN,S,90,NaN,
2017081106,a9l.2017,GERT,TY,NN,21.5,296.7,25,1014,300,14,300,14,NaN,NaN,NaN,NaN,NaN,NaN,NaN,NaN,NaN,NaN,TD,NW,B,B,150,1016,NaN,NaN,90,NaN,
2017081112,a9l.2017,GERT,TY,NN,21.9,295.7,25,1013,293,12,293,12,NaN,NaN,NaN,NaN,NaN,NaN,NaN,NaN,NaN,NaN,TD,NW,B,B,150,1016,NaN,S,90,NaN,
2017081118,a9l.2017,GERT,TY,NN,22.1,293.8,25,1013,283,14,283,14,NaN,NaN,NaN,NaN,NaN,NaN,NaN,NaN,NaN,NaN,TD,NW,B,B,150,1016,NaN,S,90,NaN,
2017081200,a9l.2017,GERT,TY,NN,22.5,292.9,25,1012,283,13,283,13,NaN,NaN,NaN,NaN,NaN,NaN,NaN,NaN,NaN,NaN,TD,NW,B,B,150,1014,NaN,S,90,NaN,
2017081206,a9l.2017,GERT,TY,NN,22.8,292.0,25,1012,293,9,293,9,NaN,NaN,NaN,NaN,NaN,NaN,NaN,NaN,NaN,NaN,TD,NW,B,B,150,1014,NaN,S,75,NaN,
2017081212,a9l.2017,GERT,TY,NN,23.2,291.3,25,1012,295,8,295,8,NaN,NaN,NaN,NaN,NaN,NaN,NaN,NaN,NaN,NaN,TD,NW,B,B,150,1014,NaN,S,75,NaN,
2017081218,a9l.2017,GERT,TY,NN,24.0,290.7,25,1012,315,8,315,8,NaN,NaN,NaN,NaN,NaN,NaN,NaN,NaN,NaN,NaN,TD,NW,B,B,150,1014,NaN,S,75,NaN,
2017081300,08l.2017,GERT,TY,NN,24.9,290.1,30,1011,327,10,327,10,NaN,NaN,NaN,NaN,NaN,NaN,NaN,NaN,NaN,NaN,TD,WN,B,B,120,1014,NaN,S,90,DPB,
2017081306,08l.2017,GERT,TY,NN,25.9,289.4,30,1011,328,11,328,11,NaN,NaN,NaN,NaN,NaN,NaN,NaN,NaN,NaN,NaN,TD,WN,B,B,120,1015,NaN,M,80,SRS,
2017081312,08l.2017,GERT,TY,NN,26.9,288.9,30,1011,332,11,332,11,NaN,NaN,NaN,NaN,NaN,NaN,NaN,NaN,NaN,NaN,TD,WN,B,B,150,1015,NaN,M,80,DPB,
2017081318,08l.2017,GERT,TY,NN,27.7,288.5,35,1010,336,10,336,10,70,70,,,,NaN,NaN,NaN,NaN,NaN,TS,WN,B,B,150,1016,NaN,M,70,JPC,
2017081400,08l.2017,GERT,TY,NN,28.5,288.2,40,1009,339,9,339,9,70,80,60,,,NaN,NaN,NaN,NaN,NaN,TS,WN,B,B,120,1015,NaN,M,70,ESB,
2017081406,08l.2017,GERT,TY,NN,29.3,287.9,40,1009,342,8,342,8,70,80,60,,,NaN,NaN,NaN,NaN,NaN,TS,WN,B,B,120,1015,NaN,M,70,SRS,
2017081412,08l.2017,GERT,TY,NN,29.8,287.8,50,1002,345,7,345,7,70,80,60,,,35,40,30,,,TS,WN,B,B,120,1015,NaN,M,40,DAZ,
2017081418,08l.2017,GERT,TY,NN,30.2,287.7,60,992,349,5,349,5,65,90,80,30,60,40,50,40,30,30,TS,WN,B,B,140,1014,NaN,D,40,DPB,
2017081500,08l.2017,GERT,TY,NN,30.8,287.6,65,986,350,5,350,5,62,90,80,40,40,45,50,40,40,,HU,WN,B,B,140,1013,NaN,D,20,ESB,
2017081506,08l.2017,GERT,TY,NN,31.5,287.6,65,986,356,7,356,7,65,90,80,30,60,40,50,40,30,30,HU,WN,B,B,140,1013,NaN,D,20,LAA,
2017081512,08l.2017,GERT,TY,NN,32.3,287.9,65,986,10,8,10,8,70,90,90,60,40,50,50,50,60,,HU,WN,B,B,140,1013,NaN,D,20,DAZ,
2017081518,08l.2017,GERT,TY,NN,33.1,288.2,70,981,18,8,18,8,75,100,100,60,40,50,50,50,60,,HU,WN,B,B,140,1011,NaN,D,20,RJB,
2017081600,08l.2017,GERT,TY,NN,34.2,289.0,75,979,26,11,26,11,75,100,100,60,40,50,50,50,60,,HU,WN,B,B,140,1011,NaN,D,20,JLB,
2017081606,08l.2017,GERT,TY,NN,35.4,290.5,80,975,40,15,40,15,72,90,100,60,40,50,50,50,60,,HU,WN,B,B,140,1011,NaN,D,25,JPC,
2017081612,08l.2017,GERT,TY,NN,36.8,292.9,80,975,51,21,51,21,78,90,110,70,40,50,50,50,70,,HU,WN,B,B,160,1012,NaN,D,25,RJB,
2017081618,08l.2017,GERT,TY,NN,38.2,295.9,85,970,57,26,57,26,85,90,120,80,50,40,50,60,80,20,HU,WN,B,B,160,1010,NaN,D,25,RJB,
2017081700,08l.2017,GERT,TY,NN,39.5,299.7,90,967,63,30,63,30,85,90,120,80,50,40,50,60,80,20,HU,WN,B,B,140,1008,NaN,D,25,RJP,
2017081706,08l.2017,GERT,TY,NN,40.7,304.0,85,968,68,34,68,34,102,90,150,120,50,42,40,70,120,20,HU,WN,B,B,140,1006,NaN,D,25,JPC,
2017081712,08l.2017,GERT,TY,NN,42.2,308.0,60,982,67,34,67,34,102,90,150,120,50,55,,70,120,,TS,WN,B,B,140,1006,NaN,M,25,DAZ,
2017081718,08l.2017,GERT,TY,NN,44.0,312.0,55,985,61,34,61,34,115,120,200,120,20,50,40,60,120,,EX,WN,B,B,140,1006,NaN,S,25,DAZ,
2017081312,b1l.2017,HARVEY,TY,NN,12.0,332.6,25,1010,274,16,274,16,NaN,NaN,NaN,NaN,NaN,NaN,NaN,NaN,NaN,NaN,TD,NW,B,B,150,1013,NaN,S,80,NaN,
2017081318,b1l.2017,HARVEY,TY,NN,12.0,331.0,25,1010,274,16,274,16,NaN,NaN,NaN,NaN,NaN,NaN,NaN,NaN,NaN,NaN,TD,NW,B,B,150,1013,NaN,S,80,NaN,
2017081400,b1l.2017,HARVEY,TY,NN,12.2,329.3,25,1010,274,16,274,16,NaN,NaN,NaN,NaN,NaN,NaN,NaN,NaN,NaN,NaN,TD,NW,B,B,150,1013,NaN,NaN,80,NaN,
2017081406,b1l.2017,HARVEY,TY,NN,12.4,327.7,25,1010,277,16,277,16,NaN,NaN,NaN,NaN,NaN,NaN,NaN,NaN,NaN,NaN,TD,NW,B,B,150,1013,NaN,S,80,NaN,
2017081412,b1l.2017,HARVEY,TY,NN,12.6,326.0,25,1011,277,16,277,16,NaN,NaN,NaN,NaN,NaN,NaN,NaN,NaN,NaN,NaN,TD,NW,B,B,150,1013,NaN,S,80,NaN,
2017081418,b1l.2017,HARVEY,TY,NN,12.9,324.4,25,1011,279,16,279,16,NaN,NaN,NaN,NaN,NaN,NaN,NaN,NaN,NaN,NaN,TD,NW,B,B,150,1013,NaN,S,80,NaN,
2017081500,b1l.2017,HARVEY,TY,NN,13.2,322.7,25,1011,281,16,281,16,NaN,NaN,NaN,NaN,NaN,NaN,NaN,NaN,NaN,NaN,TD,NW,B,B,120,1013,NaN,S,80,NaN,
2017081506,b1l.2017,HARVEY,TY,NN,13.5,320.7,25,1011,279,18,279,18,NaN,NaN,NaN,NaN,NaN,NaN,NaN,NaN,NaN,NaN,TD,NW,B,B,120,1013,NaN,S,80,NaN,
2017081512,b1l.2017,HARVEY,TY,NN,13.7,318.9,25,1011,278,19,278,19,NaN,NaN,NaN,NaN,NaN,NaN,NaN,NaN,NaN,NaN,TD,NW,B,B,120,1013,NaN,S,80,NaN,
2017081518,b1l.2017,HARVEY,TY,NN,13.8,317.2,25,1011,275,17,275,17,NaN,NaN,NaN,NaN,NaN,NaN,NaN,NaN,NaN,NaN,TD,NW,B,B,120,1012,NaN,S,80,NaN,
2017081600,b1l.2017,HARVEY,TY,NN,13.8,315.7,25,1011,272,16,272,16,NaN,NaN,NaN,NaN,NaN,NaN,NaN,NaN,NaN,NaN,TD,NW,B,B,120,1012,NaN,S,80,NaN,
2017081606,b1l.2017,HARVEY,TY,NN,13.7,314.2,25,1010,268,15,268,15,NaN,NaN,NaN,NaN,NaN,NaN,NaN,NaN,NaN,NaN,TD,NW,B,B,150,1013,NaN,S,80,NaN,
2017081612,b1l.2017,HARVEY,TY,NN,13.7,312.6,25,1010,268,15,268,15,NaN,NaN,NaN,NaN,NaN,NaN,NaN,NaN,NaN,NaN,TD,NW,B,B,150,1013,NaN,S,80,NaN,
2017081618,b1l.2017,HARVEY,TY,NN,13.6,311.0,25,1009,268,16,268,16,NaN,NaN,NaN,NaN,NaN,NaN,NaN,NaN,NaN,NaN,TD,NW,B,B,150,1013,NaN,S,80,NaN,
2017081700,b1l.2017,HARVEY,TY,NN,13.6,309.4,25,1010,268,16,268,16,NaN,NaN,NaN,NaN,NaN,NaN,NaN,NaN,NaN,NaN,TD,NW,B,B,120,1012,NaN,S,80,NaN,
2017081706,b1l.2017,HARVEY,TY,NN,13.4,308.0,25,1008,266,15,266,15,NaN,NaN,NaN,NaN,NaN,NaN,NaN,NaN,NaN,NaN,TD,NW,B,B,120,1012,NaN,M,70,NaN,
2017081712,09l.2017,HARVEY,TY,NN,13.1,306.7,30,1008,259,13,259,13,NaN,NaN,NaN,NaN,NaN,NaN,NaN,NaN,NaN,NaN,TD,WN,B,B,120,1012,NaN,M,70,JLB,
2017081718,09l.2017,HARVEY,TY,NN,13.0,305.0,35,1006,262,15,262,15,30,30,,,30,NaN,NaN,NaN,NaN,NaN,TS,WN,B,B,120,1012,NaN,M,30,JLB,
2017081800,09l.2017,HARVEY,TY,NN,13.0,303.4,35,1005,268,16,268,16,50,50,,,50,NaN,NaN,NaN,NaN,NaN,TS,WN,B,B,120,1010,NaN,M,30,RJP,
2017081806,09l.2017,HARVEY,TY,NN,13.0,301.7,35,1004,270,16,270,16,50,50,,,50,NaN,NaN,NaN,NaN,NaN,TS,WN,B,B,120,1010,NaN,M,30,LAA,
2017081812,09l.2017,HARVEY,TY,NN,13.1,299.8,35,1005,272,18,272,18,60,60,,,60,NaN,NaN,NaN,NaN,NaN,TS,WN,B,B,120,1010,0.03,M,40,JLB,
2017081818,09l.2017,HARVEY,TY,NN,13.4,298.0,35,1005,276,18,276,18,60,60,,,60,NaN,NaN,NaN,NaN,NaN,TS,WN,B,B,120,1010,NaN,M,60,JLB,
2017081900,09l.2017,HARVEY,TY,NN,13.6,296.8,35,1005,280,15,280,15,60,60,,,60,NaN,NaN,NaN,NaN,NaN,TS,WN,B,B,120,1009,NaN,M,60,RJB,
2017081906,09l.2017,HARVEY,TY,NN,13.7,295.0,35,1005,276,15,276,15,60,60,,,60,NaN,NaN,NaN,NaN,NaN,TS,WN,B,B,120,1008,NaN,M,60,ESB,
2017081912,09l.2017,HARVEY,TY,NN,13.8,293.0,35,1007,273,18,273,18,60,,,,60,NaN,NaN,NaN,NaN,NaN,TS,WN,B,B,100,1009,NaN,M,60,JLB,
2017081918,09l.2017,HARVEY,TY,NN,14.0,291.1,30,1007,275,19,275,19,NaN,NaN,NaN,NaN,NaN,NaN,NaN,NaN,NaN,NaN,TD,WN,B,B,100,1009,NaN,M,60,JLB,
2017082000,09l.2017,HARVEY,TY,NN,14.1,289.0,30,1007,274,19,274,19,NaN,NaN,NaN,NaN,NaN,NaN,NaN,NaN,NaN,NaN,TD,WN,B,B,180,1008,NaN,M,60,RJB,
2017082006,09l.2017,HARVEY,TY,NN,14.2,287.0,30,1007,273,20,273,20,NaN,NaN,NaN,NaN,NaN,NaN,NaN,NaN,NaN,NaN,TD,NW,B,B,180,1008,NaN,S,60,NaN,
2017082012,09l.2017,HARVEY,TY,NN,14.4,285.0,30,1006,274,19,274,19,NaN,NaN,NaN,NaN,NaN,NaN,NaN,NaN,NaN,NaN,TD,NW,B,B,150,1009,NaN,S,60,NaN,
2017082018,09l.2017,HARVEY,TY,NN,14.7,283.2,30,1007,278,19,278,19,NaN,NaN,NaN,NaN,NaN,NaN,NaN,NaN,NaN,NaN,TD,NW,B,B,120,1010,NaN,S,60,NaN,
2017082100,09l.2017,HARVEY,TY,NN,15.1,281.4,25,1007,281,18,281,18,NaN,NaN,NaN,NaN,NaN,NaN,NaN,NaN,NaN,NaN,TD,NW,B,B,120,1010,NaN,S,90,NaN,
2017082106,09l.2017,HARVEY,TY,NN,15.7,279.6,25,1008,286,18,286,18,NaN,NaN,NaN,NaN,NaN,NaN,NaN,NaN,NaN,NaN,TD,NW,B,B,120,1010,NaN,S,90,NaN,
2017082112,09l.2017,HARVEY,TY,NN,16.4,277.5,25,1008,289,20,289,20,NaN,NaN,NaN,NaN,NaN,NaN,NaN,NaN,NaN,NaN,TD,NW,B,B,120,1012,NaN,S,90,NaN,
2017082118,09l.2017,HARVEY,TY,NN,17.4,275.4,25,1008,293,22,293,22,NaN,NaN,NaN,NaN,NaN,NaN,NaN,NaN,NaN,NaN,TD,NW,B,B,120,1012,NaN,S,90,NaN,
2017082200,09l.2017,HARVEY,TY,NN,18.0,273.6,25,1008,293,20,293,20,NaN,NaN,NaN,NaN,NaN,NaN,NaN,NaN,NaN,NaN,TD,NW,B,B,120,1012,NaN,S,90,NaN,
2017082206,09l.2017,HARVEY,TY,NN,18.6,272.2,25,1009,292,16,292,16,NaN,NaN,NaN,NaN,NaN,NaN,NaN,NaN,NaN,NaN,TD,NW,B,B,120,1012,0.53,S,90,NaN,
2017082212,09l.2017,HARVEY,TY,NN,19.4,271.2,25,1010,302,13,302,13,NaN,NaN,NaN,NaN,NaN,NaN,NaN,NaN,NaN,NaN,TD,NW,B,B,120,1013,0.99,S,90,NaN,
2017082218,09l.2017,HARVEY,TY,NN,20.0,270.3,25,1010,308,11,308,11,NaN,NaN,NaN,NaN,NaN,NaN,NaN,NaN,NaN,NaN,TD,NW,B,B,120,1013,1.00,S,90,NaN,
2017082300,09l.2017,HARVEY,TY,NN,20.4,269.5,25,1009,302,9,302,9,NaN,NaN,NaN,NaN,NaN,NaN,NaN,NaN,NaN,NaN,TD,NW,B,B,120,1011,0.45,S,90,NaN,
2017082306,09l.2017,HARVEY,TY,NN,20.8,268.5,25,1008,295,9,295,9,NaN,NaN,NaN,NaN,NaN,NaN,NaN,NaN,NaN,NaN,TD,NW,B,B,140,1012,NaN,S,90,NaN,
2017082312,09l.2017,HARVEY,TY,NN,21.4,267.6,30,1006,299,10,299,10,NaN,NaN,NaN,NaN,NaN,NaN,NaN,NaN,NaN,NaN,TD,WN,B,B,150,1011,NaN,S,100,ESB,
2017082318,09l.2017,HARVEY,TY,NN,21.5,267.6,30,1005,310,5,310,5,NaN,NaN,NaN,NaN,NaN,NaN,NaN,NaN,NaN,NaN,TD,WN,B,B,150,1011,NaN,S,100,RJP,
2017082400,09l.2017,HARVEY,TY,NN,22.0,267.5,30,1003,351,3,351,3,NaN,NaN,NaN,NaN,NaN,NaN,NaN,NaN,NaN,NaN,TD,WN,B,B,150,1009,NaN,M,60,JLB,
2017082406,09l.2017,HARVEY,TY,NN,22.6,267.4,40,999,350,6,350,6,75,100,,,50,NaN,NaN,NaN,NaN,NaN,TS,WN,B,B,150,1009,NaN,M,60,LAA,
2017082412,09l.2017,HARVEY,TY,NN,23.7,267.0,60,986,345,9,345,9,45,80,30,20,50,20,30,10,20,20,TS,WN,B,B,180,1008,NaN,D,30,RJB,
2017082418,09l.2017,HARVEY,TY,NN,24.4,266.4,75,979,333,10,333,10,52,80,40,30,60,25,30,20,30,30,HU,WN,B,B,180,1008,NaN,D,15,RJB,
2017082500,09l.2017,HARVEY,TY,NN,25.1,265.5,75,974,316,10,316,10,60,90,50,40,60,25,30,20,40,30,HU,WN,B,B,190,1008,NaN,D,10,JLB,
2017082506,09l.2017,HARVEY,TY,NN,25.6,264.9,90,967,311,9,311,9,75,120,50,40,90,28,30,30,40,30,HU,WN,B,B,190,1008,NaN,D,10,LAA,
2017082512,09l.2017,HARVEY,TY,NN,26.4,264.1,95,950,316,9,316,9,98,120,90,80,100,40,50,40,80,30,HU,WN,B,B,210,1007,NaN,D,10,RJB,
2017082518,09l.2017,HARVEY,TY,NN,27.1,263.7,105,944,324,9,324,9,98,120,90,80,100,42,50,40,80,40,HU,WN,B,B,180,1008,NaN,D,15,RJB,
2017082600,09l.2017,HARVEY,TY,NN,27.8,263.2,115,941,330,8,330,8,90,120,90,80,70,45,60,40,80,40,HU,WN,B,B,180,1009,0.47,D,15,JLB,
2017082606,09l.2017,HARVEY,TY,NN,28.2,262.9,100,950,327,7,327,7,90,120,100,70,70,42,50,50,70,40,HU,WN,B,B,180,1010,0.47,D,10,RJB,
2017082612,09l.2017,HARVEY,TY,NN,28.7,262.8,70,975,339,5,339,5,90,120,100,70,70,42,50,50,70,40,HU,WN,B,B,180,1010,0.83,D,10,LAA,
2017082618,09l.2017,HARVEY,TY,NN,29.1,262.4,60,987,334,5,334,5,64,75,100,30,50,40,50,50,30,40,TS,WN,B,B,180,1010,1.00,D,10,LAA,
2017082700,09l.2017,HARVEY,TY,NN,29.2,262.6,50,992,341,3,341,3,58,50,100,30,50,30,30,,30,30,TS,WN,B,B,180,1008,1.00,D,20,JLB,
2017082706,09l.2017,HARVEY,TY,NN,29.3,262.4,40,998,360,1,360,1,58,50,100,30,50,NaN,NaN,NaN,NaN,NaN,TS,WN,B,B,180,1010,1.00,D,20,RJP,
2017082712,09l.2017,HARVEY,TY,NN,29.0,262.5,35,1000,204,1,204,1,80,150,60,,30,NaN,NaN,NaN,NaN,NaN,TS,WN,B,B,180,1010,1.00,D,100,DPB,
2017082718,09l.2017,HARVEY,TY,NN,29.0,262.8,35,1000,131,2,131,2,68,120,60,30,60,NaN,NaN,NaN,NaN,NaN,TS,WN,B,B,180,1010,0.97,D,90,DPB,
2017082800,09l.2017,HARVEY,TY,NN,28.9,263.2,35,1000,99,3,99,3,68,120,60,30,60,NaN,NaN,NaN,NaN,NaN,TS,WN,B,B,210,1010,0.97,D,90,MJB,
2017082806,09l.2017,HARVEY,TY,NN,28.7,263.6,35,998,113,4,113,4,98,150,150,30,60,NaN,NaN,NaN,NaN,NaN,TS,WN,B,B,180,1008,0.55,D,90,RJP,
2017082812,09l.2017,HARVEY,TY,NN,28.6,263.8,35,997,120,3,120,3,110,150,150,30,,NaN,NaN,NaN,NaN,NaN,TS,WN,B,B,180,1008,0.32,M,60,JLB,
2017082818,09l.2017,HARVEY,TY,NN,28.5,264.1,40,997,114,2,114,2,120,150,150,60,,NaN,NaN,NaN,NaN,NaN,TS,WN,B,B,180,1009,0.32,M,60,JLB,
2017082900,09l.2017,HARVEY,TY,NN,28.2,264.6,40,997,120,4,120,4,105,150,150,60,60,NaN,NaN,NaN,NaN,NaN,TS,WN,B,B,200,1008,NaN,M,60,DPB,
2017082906,09l.2017,HARVEY,TY,NN,28.0,265.0,40,997,122,5,122,5,105,150,150,60,60,NaN,NaN,NaN,NaN,NaN,TS,WN,B,B,200,1008,NaN,M,60,RJP,
2017082912,09l.2017,HARVEY,TY,NN,28.2,265.4,40,997,90,4,90,4,100,140,140,60,60,NaN,NaN,NaN,NaN,NaN,TS,WN,B,B,200,1008,NaN,M,60,LAA,
2017082918,09l.2017,HARVEY,TY,NN,29.1,265.6,45,993,26,6,26,6,90,100,140,60,60,NaN,NaN,NaN,NaN,NaN,TS,WN,B,B,200,1008,0.04,M,60,LAA,
2017083000,09l.2017,HARVEY,TY,NN,28.7,266.1,45,994,51,4,51,4,90,100,140,60,60,NaN,NaN,NaN,NaN,NaN,TS,WN,B,B,200,1008,NaN,M,60,DPB,
2017083006,09l.2017,HARVEY,TY,NN,29.3,266.5,40,990,76,4,76,4,70,70,70,70,70,NaN,NaN,NaN,NaN,NaN,TS,WN,B,B,200,1010,0.19,M,50,RJB,
2017083012,09l.2017,HARVEY,TY,NN,30.2,266.5,40,992,13,8,13,8,55,40,70,70,40,NaN,NaN,NaN,NaN,NaN,TS,WN,B,B,200,1010,0.67,M,40,JLB,
2017083018,09l.2017,HARVEY,TY,NN,30.6,266.7,35,996,8,7,8,7,95,,120,70,,NaN,NaN,NaN,NaN,NaN,TS,WN,B,B,200,1012,0.97,M,70,JLB,
2017083100,09l.2017,HARVEY,TY,NN,31.3,267.4,30,998,35,7,35,7,NaN,NaN,NaN,NaN,NaN,NaN,NaN,NaN,NaN,NaN,TD,WN,B,B,220,1010,0.95,M,80,DPB,
2017081512,b2l.2017,TEN,TS,NN,13.5,329.6,20,1012,278,11,278,11,NaN,NaN,NaN,NaN,NaN,NaN,NaN,NaN,NaN,NaN,NT,NW,B,B,150,1014,NaN,S,90,NaN,
2017081518,b2l.2017,TEN,TS,NN,13.7,328.6,20,1012,278,11,278,11,NaN,NaN,NaN,NaN,NaN,NaN,NaN,NaN,NaN,NaN,NT,NW,B,B,150,1014,NaN,S,90,NaN,
2017081600,b2l.2017,TEN,TS,NN,13.8,327.4,25,1011,278,11,278,11,NaN,NaN,NaN,NaN,NaN,NaN,NaN,NaN,NaN,NaN,TD,NW,B,B,150,1014,NaN,S,90,NaN,
2017081606,b2l.2017,TEN,TS,NN,13.9,326.1,25,1010,275,12,275,12,NaN,NaN,NaN,NaN,NaN,NaN,NaN,NaN,NaN,NaN,TD,NW,B,B,150,1013,NaN,S,90,NaN,
2017081612,b2l.2017,TEN,TS,NN,14.1,324.8,25,1010,277,13,277,13,NaN,NaN,NaN,NaN,NaN,NaN,NaN,NaN,NaN,NaN,TD,NW,B,B,150,1013,NaN,S,90,NaN,
2017081618,b2l.2017,TEN,TS,NN,14.3,323.2,25,1009,278,14,278,14,NaN,NaN,NaN,NaN,NaN,NaN,NaN,NaN,NaN,NaN,TD,NW,B,B,150,1013,NaN,S,90,NaN,
2017081700,b2l.2017,TEN,TS,NN,14.3,321.4,25,1009,273,17,273,17,NaN,NaN,NaN,NaN,NaN,NaN,NaN,NaN,NaN,NaN,TD,NW,B,B,150,1012,NaN,S,90,NaN,
2017081706,b2l.2017,TEN,TS,NN,14.5,319.6,25,1009,273,17,273,17,NaN,NaN,NaN,NaN,NaN,NaN,NaN,NaN,NaN,NaN,TD,NW,B,B,150,1012,NaN,S,90,NaN,
2017081712,b2l.2017,TEN,TS,NN,14.8,317.5,25,1009,278,19,278,19,NaN,NaN,NaN,NaN,NaN,NaN,NaN,NaN,NaN,NaN,TD,NW,B,B,150,1012,NaN,S,90,NaN,
2017081718,b2l.2017,TEN,TS,NN,15.3,315.5,25,1009,281,20,281,20,NaN,NaN,NaN,NaN,NaN,NaN,NaN,NaN,NaN,NaN,TD,NW,B,B,150,1012,NaN,S,90,NaN,
2017081800,b2l.2017,TEN,TS,NN,15.8,313.5,25,1009,285,20,285,20,NaN,NaN,NaN,NaN,NaN,NaN,NaN,NaN,NaN,NaN,TD,NW,B,B,120,1013,NaN,S,90,NaN,
2017081806,b2l.2017,TEN,TS,NN,16.2,311.6,25,1009,283,19,283,19,NaN,NaN,NaN,NaN,NaN,NaN,NaN,NaN,NaN,NaN,TD,NW,B,B,120,1013,NaN,S,90,NaN,
2017081812,b2l.2017,TEN,TS,NN,17.1,309.5,25,1010,289,20,289,20,NaN,NaN,NaN,NaN,NaN,NaN,NaN,NaN,NaN,NaN,TD,NW,B,B,120,1013,NaN,S,90,NaN,
2017081818,b2l.2017,TEN,TS,NN,18.1,307.6,25,1010,296,21,296,21,NaN,NaN,NaN,NaN,NaN,NaN,NaN,NaN,NaN,NaN,TD,NW,B,B,120,1013,NaN,S,90,NaN,
2017081900,b2l.2017,TEN,TS,NN,18.8,305.7,30,1012,295,20,295,20,NaN,NaN,NaN,NaN,NaN,NaN,NaN,NaN,NaN,NaN,TD,NW,B,B,120,1014,NaN,S,90,NaN,
2017081906,b2l.2017,TEN,TS,NN,19.4,303.8,30,1011,290,19,290,19,NaN,NaN,NaN,NaN,NaN,NaN,NaN,NaN,NaN,NaN,TD,NW,B,B,120,1013,NaN,S,70,NaN,
2017081912,b2l.2017,TEN,TS,NN,20.2,301.8,30,1011,291,20,291,20,NaN,NaN,NaN,NaN,NaN,NaN,NaN,NaN,NaN,NaN,TD,NW,B,B,120,1013,NaN,S,70,NaN,
2017081918,b2l.2017,TEN,TS,NN,20.8,299.5,30,1012,289,21,289,21,NaN,NaN,NaN,NaN,NaN,NaN,NaN,NaN,NaN,NaN,TD,NW,B,B,120,1014,NaN,S,70,NaN,
2017082000,b2l.2017,TEN,TS,NN,21.2,297.0,30,1012,283,23,283,23,NaN,NaN,NaN,NaN,NaN,NaN,NaN,NaN,NaN,NaN,TD,NW,B,B,90,1014,NaN,S,70,NaN,
2017082006,b2l.2017,TEN,TS,NN,21.6,295.0,25,1012,281,21,281,21,NaN,NaN,NaN,NaN,NaN,NaN,NaN,NaN,NaN,NaN,TD,NW,B,B,90,1014,NaN,S,70,NaN,
2017082012,b2l.2017,TEN,TS,NN,22.0,293.0,25,1012,282,19,282,19,NaN,NaN,NaN,NaN,NaN,NaN,NaN,NaN,NaN,NaN,TD,NW,B,B,90,1014,NaN,S,70,NaN,
2017082018,b2l.2017,TEN,TS,NN,22.4,291.2,25,1013,283,18,283,18,NaN,NaN,NaN,NaN,NaN,NaN,NaN,NaN,NaN,NaN,TD,NW,B,B,90,1014,NaN,S,70,NaN,
2017082100,b2l.2017,TEN,TS,NN,22.9,289.5,25,1014,286,17,286,17,NaN,NaN,NaN,NaN,NaN,NaN,NaN,NaN,NaN,NaN,TD,NW,B,B,90,1016,NaN,S,70,NaN,
2017082106,b2l.2017,TEN,TS,NN,23.5,287.7,25,1013,289,17,289,17,NaN,NaN,NaN,NaN,NaN,NaN,NaN,NaN,NaN,NaN,TD,NW,B,B,90,1016,NaN,S,70,NaN,
2017082112,b2l.2017,TEN,TS,NN,24.0,285.8,25,1013,288,18,288,18,NaN,NaN,NaN,NaN,NaN,NaN,NaN,NaN,NaN,NaN,TD,NW,B,B,90,1016,NaN,S,70,NaN,
2017082118,b2l.2017,TEN,TS,NN,24.1,284.6,25,1013,282,14,282,14,NaN,NaN,NaN,NaN,NaN,NaN,NaN,NaN,NaN,NaN,TD,NW,B,B,90,1016,0.04,S,70,NaN,
2017082200,b2l.2017,TEN,TS,NN,24.3,283.3,25,1013,277,12,277,12,NaN,NaN,NaN,NaN,NaN,NaN,NaN,NaN,NaN,NaN,TD,NW,B,B,90,1016,0.03,S,70,NaN,
2017082206,b2l.2017,TEN,TS,NN,24.7,282.3,20,1015,286,11,286,11,NaN,NaN,NaN,NaN,NaN,NaN,NaN,NaN,NaN,NaN,NT,NW,B,B,90,1016,0.12,S,70,NaN,
2017082212,b2l.2017,TEN,TS,NN,25.0,281.2,20,1014,290,10,290,10,NaN,NaN,NaN,NaN,NaN,NaN,NaN,NaN,NaN,NaN,NT,NW,B,B,90,1016,NaN,NaN,70,NaN,
2017082218,b2l.2017,TEN,TS,NN,25.3,280.4,20,1014,289,9,289,9,NaN,NaN,NaN,NaN,NaN,NaN,NaN,NaN,NaN,NaN,NT,NW,B,B,90,1016,NaN,NaN,70,NaN,
2017082300,b2l.2017,TEN,TS,NN,25.6,279.5,20,1013,291,8,291,8,NaN,NaN,NaN,NaN,NaN,NaN,NaN,NaN,NaN,NaN,NT,NW,B,B,90,1015,0.58,S,70,NaN,
2017082306,b2l.2017,TEN,TS,NN,25.8,279.2,20,1013,295,6,295,6,NaN,NaN,NaN,NaN,NaN,NaN,NaN,NaN,NaN,NaN,NT,NW,B,B,90,1015,0.91,NaN,70,NaN,
2017082312,b2l.2017,TEN,TS,NN,26.0,278.9,20,1013,307,3,307,3,NaN,NaN,NaN,NaN,NaN,NaN,NaN,NaN,NaN,NaN,NT,NW,B,B,90,1015,0.91,NaN,70,NaN,
2017082318,b2l.2017,TEN,TS,NN,26.2,278.4,20,1012,299,4,299,4,NaN,NaN,NaN,NaN,NaN,NaN,NaN,NaN,NaN,NaN,NT,NW,B,B,90,1015,0.59,NaN,70,NaN,
2017082400,b2l.2017,TEN,TS,NN,26.3,278.2,20,1011,296,3,296,3,NaN,NaN,NaN,NaN,NaN,NaN,NaN,NaN,NaN,NaN,NT,NW,B,B,90,1014,0.48,S,70,NaN,
2017082406,b2l.2017,TEN,TS,NN,26.3,277.9,20,1011,283,2,283,2,NaN,NaN,NaN,NaN,NaN,NaN,NaN,NaN,NaN,NaN,NT,NW,B,B,90,1014,0.48,S,70,NaN,
2017082412,b2l.2017,TEN,TS,NN,26.3,277.5,20,1010,270,3,270,3,NaN,NaN,NaN,NaN,NaN,NaN,NaN,NaN,NaN,NaN,NT,NW,B,B,90,1012,0.08,S,70,NaN,
2017082418,b2l.2017,TEN,TS,NN,26.3,276.9,20,1010,270,4,270,4,NaN,NaN,NaN,NaN,NaN,NaN,NaN,NaN,NaN,NaN,NT,NW,B,B,90,1012,NaN,S,70,NaN,
2017082500,b2l.2017,TEN,TS,NN,26.5,276.6,20,1010,284,4,284,4,NaN,NaN,NaN,NaN,NaN,NaN,NaN,NaN,NaN,NaN,NT,NW,B,B,90,1012,NaN,S,70,NaN,
2017082506,b2l.2017,TEN,TS,NN,26.9,276.6,20,1010,336,3,336,3,NaN,NaN,NaN,NaN,NaN,NaN,NaN,NaN,NaN,NaN,NT,NW,B,B,90,1012,NaN,S,70,NaN,
2017082512,b2l.2017,TEN,TS,NN,27.6,277.1,20,1011,22,6,22,6,NaN,NaN,NaN,NaN,NaN,NaN,NaN,NaN,NaN,NaN,NT,NW,B,B,90,1012,0.09,S,70,NaN,
2017082518,b2l.2017,TEN,TS,NN,28.1,277.5,25,1012,34,7,34,7,NaN,NaN,NaN,NaN,NaN,NaN,NaN,NaN,NaN,NaN,TD,NW,B,B,120,1014,0.66,S,75,NaN,
2017082600,b2l.2017,TEN,TS,NN,28.5,277.8,25,1012,34,5,34,5,NaN,NaN,NaN,NaN,NaN,NaN,NaN,NaN,NaN,NaN,TD,NW,B,B,120,1014,0.94,NaN,75,NaN,
2017082606,b2l.2017,TEN,TS,NN,28.7,278.0,20,1013,36,4,36,4,NaN,NaN,NaN,NaN,NaN,NaN,NaN,NaN,NaN,NaN,NT,NW,B,B,120,1014,0.94,NaN,75,NaN,
2017082612,b2l.2017,TEN,TS,NN,28.8,278.1,20,1013,41,2,41,2,NaN,NaN,NaN,NaN,NaN,NaN,NaN,NaN,NaN,NaN,NT,NW,B,B,120,1014,0.92,S,75,NaN,
2017082618,b2l.2017,TEN,TS,NN,28.9,278.2,20,1013,41,1,41,1,NaN,NaN,NaN,NaN,NaN,NaN,NaN,NaN,NaN,NaN,NT,NW,B,B,120,1014,0.92,S,90,NaN,
2017082700,b2l.2017,TEN,TS,NN,29.1,278.4,20,1011,41,2,41,2,NaN,NaN,NaN,NaN,NaN,NaN,NaN,NaN,NaN,NaN,NT,NW,B,B,150,1013,0.88,S,90,NaN,
2017082706,b2l.2017,TEN,TS,NN,29.3,278.5,20,1011,33,2,33,2,NaN,NaN,NaN,NaN,NaN,NaN,NaN,NaN,NaN,NaN,NT,NW,B,B,130,1013,0.80,S,90,NaN,
2017082712,b2l.2017,TEN,TS,NN,29.6,278.8,20,1011,35,3,35,3,NaN,NaN,NaN,NaN,NaN,NaN,NaN,NaN,NaN,NaN,NT,NW,B,B,130,1013,0.35,S,90,NaN,
2017082718,10l.2017,TEN,TS,NN,30.7,279.3,30,1009,26,8,26,8,NaN,NaN,NaN,NaN,NaN,NaN,NaN,NaN,NaN,NaN,TD,WN,B,B,130,1013,NaN,M,90,MJB,
2017082800,10l.2017,TEN,TS,NN,30.8,279.4,30,1007,23,7,23,7,NaN,NaN,NaN,NaN,NaN,NaN,NaN,NaN,NaN,NaN,TD,WN,B,B,120,1011,NaN,M,70,JPC,
2017082806,10l.2017,TEN,TS,NN,31.0,279.5,30,1007,30,2,30,2,NaN,NaN,NaN,NaN,NaN,NaN,NaN,NaN,NaN,NaN,TD,WN,B,B,120,1010,NaN,M,70,CWL,
2017082812,10l.2017,TEN,TS,NN,31.0,279.5,30,1007,23,1,23,1,NaN,NaN,NaN,NaN,NaN,NaN,NaN,NaN,NaN,NaN,TD,WN,B,B,120,1010,NaN,M,70,LAA,
2017082818,10l.2017,TEN,TS,NN,31.8,279.7,35,1006,12,4,12,4,75,,75,,,NaN,NaN,NaN,NaN,NaN,TS,WN,B,B,120,1010,0.15,M,70,LAA,
2017082900,10l.2017,TEN,TS,NN,32.3,280.0,35,1006,18,7,18,7,80,,80,,,NaN,NaN,NaN,NaN,NaN,TS,WN,B,B,120,1010,0.29,M,70,JPC,
2017082906,10l.2017,TEN,TS,NN,32.8,280.7,35,1006,40,7,40,7,90,,90,,,NaN,NaN,NaN,NaN,NaN,TS,WN,B,B,120,1012,0.45,M,70,CWL,
2017082912,10l.2017,TEN,TS,NN,34.0,282.2,35,1006,47,13,47,13,90,,90,,,NaN,NaN,NaN,NaN,NaN,TS,WN,B,B,130,1012,0.41,M,70,RJB,
2017082918,10l.2017,TEN,TS,NN,35.4,284.6,40,1004,51,21,51,21,75,60,90,,,NaN,NaN,NaN,NaN,NaN,TS,WN,B,B,220,1014,0.11,M,50,RJB,
2017082806,b3l.2017,IRMA,STY,NN,11.6,340.7,25,1009,293,9,293,9,NaN,NaN,NaN,NaN,NaN,NaN,NaN,NaN,NaN,NaN,TD,NW,B,B,150,1011,NaN,S,40,NaN,
2017082812,b3l.2017,IRMA,STY,NN,11.9,339.5,25,1009,293,9,293,9,NaN,NaN,NaN,NaN,NaN,NaN,NaN,NaN,NaN,NaN,TD,NW,B,B,150,1011,NaN,S,40,NaN,
2017082818,b3l.2017,IRMA,STY,NN,12.3,339.0,25,1008,293,9,293,9,NaN,NaN,NaN,NaN,NaN,NaN,NaN,NaN,NaN,NaN,TD,NW,B,B,200,1011,NaN,M,60,NaN,
2017082900,b3l.2017,IRMA,STY,NN,13.0,338.6,25,1008,321,7,321,7,NaN,NaN,NaN,NaN,NaN,NaN,NaN,NaN,NaN,NaN,TD,NW,B,B,200,1011,NaN,M,60,NaN,
2017082906,b3l.2017,IRMA,STY,NN,14.1,337.6,25,1008,323,11,323,11,NaN,NaN,NaN,NaN,NaN,NaN,NaN,NaN,NaN,NaN,TD,NW,B,B,150,1011,NaN,M,60,NaN,
2017082912,b3l.2017,IRMA,STY,NN,15.2,336.3,25,1008,315,16,315,16,NaN,NaN,NaN,NaN,NaN,NaN,NaN,NaN,NaN,NaN,TD,NW,B,B,150,1012,0.12,M,90,NaN,
2017082918,b3l.2017,IRMA,STY,NN,15.5,334.7,25,1008,297,16,297,16,NaN,NaN,NaN,NaN,NaN,NaN,NaN,NaN,NaN,NaN,TD,NW,B,B,180,1012,NaN,M,60,NaN,
2017083000,b3l.2017,IRMA,STY,NN,15.9,333.4,25,1008,284,14,284,14,NaN,NaN,NaN,NaN,NaN,NaN,NaN,NaN,NaN,NaN,TD,NW,B,B,180,1012,NaN,M,60,NaN,
2017083006,b3l.2017,IRMA,STY,NN,16.2,332.0,35,1007,285,13,285,13,30,30,,,,NaN,NaN,NaN,NaN,NaN,TS,NW,B,B,180,1012,NaN,M,60,NaN,
2017083012,11l.2017,IRMA,STY,NN,16.3,330.2,45,1006,277,16,277,16,25,20,,,30,NaN,NaN,NaN,NaN,NaN,TS,WN,B,B,180,1012,NaN,M,20,ESB,
2017083018,11l.2017,IRMA,STY,NN,16.3,329.2,50,1004,272,13,272,13,30,30,30,,30,10,10,,,,TS,WN,B,B,200,1011,NaN,D,15,CWL,
2017083100,11l.2017,IRMA,STY,NN,16.3,328.4,55,999,270,9,270,9,40,50,40,30,40,20,20,20,30,,TS,WN,B,B,180,1012,NaN,D,15,NaN,
2017083106,11l.2017,IRMA,STY,NN,16.4,327.5,65,994,274,8,274,8,40,50,40,30,40,20,20,20,30,,HU,WN,B,B,180,1012,NaN,D,15,RJP,
2017083112,11l.2017,IRMA,STY,NN,16.7,326.6,80,983,283,9,283,9,55,70,50,40,60,25,30,20,40,30,HU,WN,B,B,180,1012,NaN,D,10,ESB,
2017083118,11l.2017,IRMA,STY,NN,17.1,325.7,95,970,292,9,292,9,55,70,50,40,60,25,30,20,40,30,HU,WN,B,B,180,1012,NaN,D,5,ESB,
2017090100,11l.2017,IRMA,STY,NN,17.5,324.9,100,967,296,9,296,9,60,80,60,40,60,30,40,30,40,30,HU,WN,B,B,180,1012,NaN,D,5,DAZ,
2017090106,11l.2017,IRMA,STY,NN,17.9,323.9,95,972,295,9,295,9,60,80,60,40,60,30,40,30,40,30,HU,WN,B,B,180,1012,NaN,D,5,JPC,
2017090112,11l.2017,IRMA,STY,NN,18.4,322.7,95,972,293,11,293,11,60,80,60,40,60,30,40,30,40,30,HU,WN,B,B,180,1013,NaN,D,10,ESB,
2017090118,11l.2017,IRMA,STY,NN,18.8,321.5,100,967,292,12,292,12,65,90,60,40,70,30,40,30,40,30,HU,WN,B,B,180,1013,NaN,D,15,ESB,
2017090200,11l.2017,IRMA,STY,NN,19.1,320.3,100,964,287,12,287,12,52,60,50,40,60,30,40,30,40,30,HU,WN,B,B,180,1013,NaN,D,15,DAZ,
2017090206,11l.2017,IRMA,STY,NN,19.1,318.9,100,967,277,12,277,12,52,60,50,40,60,30,40,30,40,30,HU,WN,B,B,180,1013,NaN,D,15,JPC,
2017090212,11l.2017,IRMA,STY,NN,18.9,317.4,95,973,266,14,266,14,52,60,50,40,60,30,40,30,40,30,HU,WN,B,B,200,1014,NaN,D,15,CWL,
2017090218,11l.2017,IRMA,STY,NN,18.7,315.9,95,973,262,14,262,14,52,60,50,40,60,30,40,30,40,30,HU,WN,B,B,200,1014,NaN,D,15,JLB,
2017090300,11l.2017,IRMA,STY,NN,18.5,314.5,95,973,262,14,262,14,52,60,50,40,60,30,40,30,40,30,HU,WN,B,B,200,1014,NaN,D,15,LAA,
2017090306,11l.2017,IRMA,STY,NN,18.2,313.3,95,973,259,13,259,13,58,60,60,40,70,28,40,20,40,30,HU,WN,B,B,200,1013,NaN,D,15,RJB,
2017090312,11l.2017,IRMA,STY,NN,17.9,312.1,100,969,255,12,255,12,92,120,80,50,120,45,60,40,50,50,HU,WN,B,B,220,1013,NaN,D,15,DPB,
2017090318,11l.2017,IRMA,STY,NN,17.7,310.8,100,965,258,12,258,12,92,120,80,50,120,45,60,40,50,50,HU,WN,B,B,240,1012,NaN,D,15,DPB,
2017090400,11l.2017,IRMA,STY,NN,17.3,309.6,100,959,256,12,256,12,92,120,80,50,120,45,60,40,50,50,HU,WN,B,B,240,1012,NaN,D,15,RJP,
2017090406,11l.2017,IRMA,STY,NN,17.0,308.3,100,961,254,12,254,12,85,120,80,50,90,38,40,40,50,40,HU,WN,B,B,210,1011,NaN,D,15,RJB,
2017090412,11l.2017,IRMA,STY,NN,16.8,307.4,105,944,257,11,257,11,92,120,90,60,100,42,50,40,60,50,HU,WN,B,B,240,1012,NaN,D,15,DPB,
2017090418,11l.2017,IRMA,STY,NN,16.7,306.1,115,944,262,11,262,11,100,120,100,70,110,50,60,50,70,50,HU,WN,B,B,250,1011,NaN,D,15,DPB,
2017090500,11l.2017,IRMA,STY,NN,16.7,304.9,120,943,268,12,268,12,102,120,100,80,110,60,70,60,80,60,HU,WN,B,B,220,1011,NaN,D,15,RJP,
2017090506,11l.2017,IRMA,STY,NN,16.6,303.6,135,929,268,12,268,12,105,120,100,80,120,60,70,60,80,60,HU,WN,B,B,220,1011,NaN,D,15,DPB,
2017090512,11l.2017,IRMA,STY,NN,16.7,302.2,155,929,270,13,270,13,115,140,110,80,130,68,80,70,80,70,HU,WN,B,B,300,1010,NaN,D,15,DPB,
2017090518,11l.2017,IRMA,STY,NN,16.9,300.8,160,926,276,13,276,13,125,150,110,100,140,72,90,70,100,80,HU,WN,B,B,300,1010,NaN,D,15,DPB,
2017090600,11l.2017,IRMA,STY,NN,17.2,299.6,160,915,281,13,281,13,125,150,110,90,150,62,80,60,90,70,HU,WN,B,B,200,1009,NaN,D,15,RJP,
2017090606,11l.2017,IRMA,STY,NN,17.7,298.1,160,914,287,13,287,13,125,150,110,90,150,65,80,60,90,70,HU,WN,B,B,200,1009,0.03,D,15,JLB,
2017090612,11l.2017,IRMA,STY,NN,18.1,296.7,160,918,288,15,288,15,128,160,110,90,150,65,80,60,90,70,HU,WN,B,B,200,1009,0.02,D,15,DPB,
2017090618,11l.2017,IRMA,STY,NN,18.5,295.3,160,918,287,14,287,14,128,160,120,80,150,72,100,70,80,70,HU,WN,B,B,200,1009,0.02,D,15,DPB,
2017090700,11l.2017,IRMA,STY,NN,19.1,294.0,160,916,291,14,291,14,128,160,120,80,150,72,100,70,80,70,HU,WN,B,B,200,1009,NaN,D,15,RJP,
2017090706,11l.2017,IRMA,STY,NN,19.7,292.3,155,921,293,15,293,15,128,160,120,80,150,72,100,70,80,70,HU,WN,B,B,200,1009,NaN,D,15,JLB,
2017090712,11l.2017,IRMA,STY,NN,20.1,291.0,150,921,289,15,289,15,128,160,120,80,150,72,100,70,80,70,HU,WN,B,B,200,1009,NaN,D,15,LAA,
2017090718,11l.2017,IRMA,STY,NN,20.7,289.6,150,922,292,14,292,14,128,160,120,80,150,72,100,70,80,70,HU,WN,B,B,200,1009,NaN,D,15,LAA,
2017090800,11l.2017,IRMA,STY,NN,21.1,288.2,150,919,291,14,291,14,128,160,120,80,150,75,100,70,80,80,HU,WN,B,B,180,1008,NaN,D,15,RJB,
2017090806,11l.2017,IRMA,STY,NN,21.5,286.8,140,925,287,14,287,14,128,160,120,80,150,75,100,70,80,80,HU,WN,B,B,180,1008,0.09,D,30,JLB,
2017090812,11l.2017,IRMA,STY,NN,21.8,285.3,130,927,285,14,285,14,128,160,120,80,150,80,100,90,80,80,HU,WN,B,B,180,1008,0.02,D,30,LAA,
2017090818,11l.2017,IRMA,STY,NN,22.0,284.0,135,925,281,13,281,13,128,160,120,80,150,80,100,90,80,80,HU,NW,B,B,180,1008,NaN,D,30,NaN,
2017090900,11l.2017,IRMA,STY,NN,22.1,282.8,140,924,277,12,277,12,128,160,120,80,150,80,100,90,80,80,HU,NW,B,B,240,1007,0.08,D,20,NaN,
2017090906,11l.2017,IRMA,STY,NN,22.3,281.7,140,930,278,11,278,11,152,160,160,120,170,80,100,90,120,80,HU,NW,B,B,240,1008,0.31,D,15,NaN,
2017090912,11l.2017,IRMA,STY,NN,22.7,280.7,115,941,287,10,287,10,152,160,160,120,170,80,100,90,120,80,HU,NW,B,B,240,1008,0.62,D,15,NaN,
2017090918,11l.2017,IRMA,STY,NN,23.1,279.8,110,938,295,10,295,10,152,160,160,120,170,80,100,90,120,80,HU,NW,B,B,240,1008,0.37,D,15,NaN,
2017091000,11l.2017,IRMA,STY,NN,23.4,279.1,105,932,295,8,295,8,160,170,170,120,180,82,100,100,120,80,HU,NW,B,B,270,1007,0.10,D,15,NaN,
2017091006,11l.2017,IRMA,STY,NN,23.7,278.7,115,930,301,6,301,6,172,190,170,140,190,98,110,110,140,100,HU,NW,B,B,270,1007,0.07,D,10,NaN,
2017091012,11l.2017,IRMA,STY,NN,24.5,278.5,115,931,334,6,334,6,172,190,170,140,190,98,110,110,140,100,HU,NW,B,B,300,1008,0.02,D,10,NaN,
2017091018,11l.2017,IRMA,STY,NN,25.6,278.3,100,936,349,10,349,10,172,190,170,140,190,92,100,100,140,100,HU,NW,B,B,330,1008,0.23,D,15,NaN,
2017091100,11l.2017,IRMA,STY,NN,26.8,278.3,90,942,356,12,356,12,238,360,200,150,240,122,140,140,150,120,HU,NW,B,B,350,1008,0.97,D,15,NaN,
2017091106,11l.2017,IRMA,STY,NN,28.2,277.8,75,961,350,13,350,13,245,360,230,150,240,122,140,140,150,120,HU,NW,B,B,350,1008,0.96,D,20,NaN,
2017091112,11l.2017,IRMA,STY,NN,29.6,277.3,60,970,343,15,343,15,245,360,230,150,240,122,140,140,150,120,TS,NW,B,B,350,1008,0.95,D,40,NaN,
2017091118,11l.2017,IRMA,STY,NN,30.9,276.5,45,980,337,15,337,15,245,360,230,150,240,NaN,NaN,NaN,NaN,NaN,TS,NW,B,B,350,1008,0.98,D,60,NaN,
2017091200,11l.2017,IRMA,STY,NN,31.9,275.6,40,986,328,14,328,14,330,360,300,,,NaN,NaN,NaN,NaN,NaN,TS,NW,B,B,350,1008,1.00,D,60,NaN,
2017090412,b4l.2017,JOSE,STY,NN,10.0,325.0,25,1010,298,12,298,12,NaN,NaN,NaN,NaN,NaN,NaN,NaN,NaN,NaN,NaN,TD,NW,B,B,120,1012,NaN,S,20,NaN,
2017090418,b4l.2017,JOSE,STY,NN,10.6,324.0,25,1010,298,12,298,12,NaN,NaN,NaN,NaN,NaN,NaN,NaN,NaN,NaN,NaN,TD,NW,B,B,120,1012,NaN,S,20,NaN,
2017090500,b4l.2017,JOSE,STY,NN,11.1,322.9,25,1010,298,12,298,12,NaN,NaN,NaN,NaN,NaN,NaN,NaN,NaN,NaN,NaN,TD,NW,B,B,120,1012,NaN,S,60,NaN,
2017090506,b4l.2017,JOSE,STY,NN,11.7,322.0,30,1010,299,11,299,11,NaN,NaN,NaN,NaN,NaN,NaN,NaN,NaN,NaN,NaN,TD,NW,B,B,120,1012,NaN,M,60,NaN,
2017090512,12l.2017,JOSE,STY,NN,12.1,321.4,35,1008,304,9,304,9,40,,40,,,NaN,NaN,NaN,NaN,NaN,TS,WN,B,B,120,1013,NaN,M,30,CWL,
2017090518,12l.2017,JOSE,STY,NN,12.3,320.0,40,1006,287,10,287,10,40,40,40,,,NaN,NaN,NaN,NaN,NaN,TS,WN,B,B,150,1012,NaN,M,30,CWL,
2017090600,12l.2017,JOSE,STY,NN,12.2,318.7,45,1004,272,13,272,13,43,50,40,,40,NaN,NaN,NaN,NaN,NaN,TS,WN,B,B,150,1012,NaN,M,25,JPC,
2017090606,12l.2017,JOSE,STY,NN,12.5,317.6,45,1004,275,12,275,12,43,50,40,,40,NaN,NaN,NaN,NaN,NaN,TS,WN,B,B,150,1012,NaN,M,25,JPC,
2017090612,12l.2017,JOSE,STY,NN,13.1,316.1,55,998,290,13,290,13,40,50,40,30,40,22,30,20,30,20,TS,WN,B,B,150,1012,NaN,M,25,WPC,
2017090618,12l.2017,JOSE,STY,NN,13.6,314.9,65,994,293,14,293,14,50,60,50,30,60,25,30,20,30,30,HU,WN,B,B,150,1012,NaN,D,15,DAZ,
2017090700,12l.2017,JOSE,STY,NN,14.2,313.3,70,994,292,15,292,15,55,70,60,40,50,25,30,30,40,20,HU,WN,B,B,150,1013,NaN,D,15,CWL,
2017090706,12l.2017,JOSE,STY,NN,14.5,311.7,80,986,286,16,286,16,58,70,60,40,60,28,30,30,40,30,HU,WN,B,B,150,1013,NaN,D,15,DPR,
2017090712,12l.2017,JOSE,STY,NN,14.8,310.2,80,986,281,15,281,15,80,100,70,50,100,40,50,30,50,50,HU,WN,B,B,150,1013,NaN,D,15,DAZ,
2017090718,12l.2017,JOSE,STY,NN,15.3,308.4,100,969,284,16,284,16,80,100,70,50,100,40,50,30,50,50,HU,WN,B,B,150,1013,NaN,D,15,NaN,
2017090800,12l.2017,JOSE,STY,NN,15.5,306.8,105,966,282,17,282,17,80,100,70,50,100,40,50,30,50,50,HU,WN,B,B,150,1012,NaN,D,15,JPC,
2017090806,12l.2017,JOSE,STY,NN,15.9,305.3,105,966,281,15,281,15,80,100,70,50,100,40,50,30,50,50,HU,WN,B,B,150,1012,NaN,D,15,DPR,
2017090812,12l.2017,JOSE,STY,NN,16.1,303.6,130,940,281,16,281,16,92,120,80,50,120,45,50,50,50,50,HU,WN,B,B,150,1012,NaN,D,15,DAZ,
2017090818,12l.2017,JOSE,STY,NN,16.4,302.2,130,940,280,15,280,15,92,120,80,50,120,45,50,50,50,50,HU,WN,B,B,150,1012,NaN,D,15,DAZ,
2017090900,12l.2017,JOSE,STY,NN,16.7,301.2,135,938,285,12,285,12,92,120,80,50,120,45,50,50,50,50,HU,WN,B,B,150,1010,NaN,D,15,JPC,
2017090906,12l.2017,JOSE,STY,NN,17.2,300.2,130,940,293,10,293,10,92,120,80,50,120,45,50,50,50,50,HU,WN,B,B,150,1010,NaN,D,15,DPR,
2017090912,12l.2017,JOSE,STY,NN,17.9,299.3,125,944,303,11,303,11,98,120,100,50,120,45,50,50,50,50,HU,WN,B,B,150,1010,NaN,D,10,WPC,
2017090918,12l.2017,JOSE,STY,NN,18.8,298.1,125,945,309,13,309,13,100,130,100,50,120,50,60,50,50,60,HU,WN,B,B,150,1010,NaN,D,10,WPC,
2017091000,12l.2017,JOSE,STY,NN,19.4,297.1,120,946,306,13,306,13,100,130,100,50,120,52,70,50,50,60,HU,WN,B,B,160,1010,NaN,D,10,WPC,
2017091006,12l.2017,JOSE,STY,NN,20.4,296.0,115,944,309,13,309,13,112,140,140,50,120,55,70,60,50,60,HU,WN,B,B,140,1010,NaN,D,10,WPC,
2017091012,12l.2017,JOSE,STY,NN,21.2,294.7,115,944,309,14,309,14,112,140,140,50,120,55,70,60,50,60,HU,WN,B,B,150,1010,NaN,D,10,WPC,
2017091018,12l.2017,JOSE,STY,NN,22.3,293.6,105,956,310,15,310,15,112,140,140,50,120,55,70,60,50,60,HU,WN,B,B,150,1010,NaN,D,15,WPC,
2017091100,12l.2017,JOSE,STY,NN,23.3,292.4,100,962,315,15,315,15,108,140,140,50,100,55,70,60,50,60,HU,WN,B,B,150,1011,NaN,D,10,WPC,
2017091106,12l.2017,JOSE,STY,NN,24.2,291.5,90,968,315,14,315,14,102,130,120,70,90,32,40,40,70,30,HU,WN,B,B,140,1010,NaN,D,10,WPC,
2017091112,12l.2017,JOSE,STY,NN,25.2,290.8,90,968,322,12,322,12,95,120,100,70,90,32,40,40,70,30,HU,WN,B,B,140,1010,NaN,D,10,WPC,
2017091118,12l.2017,JOSE,STY,NN,26.1,290.4,85,973,332,11,332,11,95,120,100,70,90,32,40,40,70,30,HU,WN,B,B,140,1010,NaN,D,10,WPC,
2017091200,12l.2017,JOSE,STY,NN,27.0,290.4,75,982,349,9,349,9,95,120,100,70,90,32,40,40,70,30,HU,WN,B,B,180,1010,NaN,D,10,WPC,
2017091206,12l.2017,JOSE,STY,NN,27.5,291.0,65,987,21,7,21,7,95,120,100,70,90,32,40,40,70,30,HU,WN,B,B,180,1010,NaN,D,10,JLB,
2017091212,12l.2017,JOSE,STY,NN,27.7,291.6,65,987,57,6,57,6,95,120,100,70,90,32,40,40,70,30,HU,WN,B,B,180,1010,NaN,D,10,RJP,
2017091218,12l.2017,JOSE,STY,NN,27.4,292.6,65,987,94,7,94,7,95,120,100,70,90,32,40,40,70,30,HU,WN,B,B,180,1010,NaN,D,10,RJP,
2017091300,12l.2017,JOSE,STY,NN,26.7,293.3,65,985,123,9,123,9,95,120,100,70,90,32,40,40,70,30,HU,WN,B,B,200,1011,NaN,D,15,RJB,
2017091306,12l.2017,JOSE,STY,NN,26.3,293.8,65,985,136,8,136,8,95,120,100,70,90,32,40,40,70,30,HU,WN,B,B,200,1011,NaN,D,15,JLB,
2017091312,12l.2017,JOSE,STY,NN,25.8,294.2,65,985,138,6,138,6,95,120,100,70,90,32,40,40,70,30,HU,WN,B,B,240,1012,NaN,D,15,RJP,
2017091318,12l.2017,JOSE,STY,NN,25.4,294.4,65,985,149,5,149,5,82,100,100,80,50,35,40,40,80,30,HU,WN,B,B,180,1010,NaN,D,15,RJP,
2017091400,12l.2017,JOSE,STY,NN,25.1,294.2,65,985,180,3,180,3,82,100,100,80,50,35,40,40,80,30,HU,WN,B,B,200,1011,NaN,D,15,MJB,
2017091406,12l.2017,JOSE,STY,NN,24.9,294.0,65,986,216,3,216,3,82,100,100,80,50,35,40,40,80,30,HU,WN,B,B,200,1011,NaN,D,15,DAZ,
2017091412,12l.2017,JOSE,STY,NN,24.8,293.7,60,989,237,3,237,3,82,100,100,80,50,35,40,40,80,30,TS,WN,B,B,200,1011,NaN,D,20,ESB,
2017091418,12l.2017,JOSE,STY,NN,25.0,293.1,60,989,277,4,277,4,102,120,110,80,100,38,50,40,80,30,TS,WN,B,B,200,1011,NaN,D,20,ESB,
2017091500,12l.2017,JOSE,STY,NN,25.4,292.4,60,989,297,7,297,7,102,120,110,80,100,38,50,40,80,30,TS,WN,B,B,200,1011,NaN,D,20,DAZ,
2017091506,12l.2017,JOSE,STY,NN,25.8,291.7,60,989,302,7,302,7,102,120,110,80,100,38,50,40,80,30,TS,WN,B,B,200,1011,NaN,D,20,DAZ,
2017091512,12l.2017,JOSE,STY,NN,26.3,291.0,60,987,306,8,306,8,102,120,110,80,100,38,50,40,80,30,TS,WN,B,B,200,1011,NaN,D,20,ESB,
2017091518,12l.2017,JOSE,STY,NN,26.8,290.1,65,983,305,9,305,9,95,120,110,50,100,45,70,60,50,30,HU,WN,B,B,200,1011,NaN,D,15,ESB,
2017091600,12l.2017,JOSE,STY,NN,27.2,289.3,65,983,301,9,301,9,98,130,120,50,90,45,70,60,50,30,HU,WN,B,B,200,1011,NaN,D,15,DAZ,
2017091606,12l.2017,JOSE,STY,NN,27.7,288.6,70,983,304,8,304,8,98,130,120,50,90,45,70,60,50,30,HU,WN,B,B,200,1011,NaN,D,15,DAZ,
2017091612,12l.2017,JOSE,STY,NN,28.2,288.2,70,982,316,7,316,7,98,130,120,50,90,45,70,60,50,30,HU,WN,B,B,180,1012,NaN,D,15,RJB,
2017091618,12l.2017,JOSE,STY,NN,28.6,288.1,70,973,334,5,334,5,132,150,160,120,100,72,90,100,120,70,HU,WN,B,B,180,1012,NaN,D,15,RJB,
2017091700,12l.2017,JOSE,STY,NN,28.9,288.1,70,973,353,4,353,4,132,150,160,120,100,72,90,100,120,70,HU,WN,B,B,210,1012,NaN,D,15,DPB,
2017091706,12l.2017,JOSE,STY,NN,29.6,288.1,70,973,360,5,360,5,122,150,160,80,100,72,90,100,80,70,HU,WN,B,B,210,1012,NaN,D,15,DPR,
2017091712,12l.2017,JOSE,STY,NN,30.5,288.1,80,967,360,8,360,8,130,150,160,90,120,75,90,100,90,70,HU,WN,B,B,240,1012,NaN,D,15,JPC,
2017091718,12l.2017,JOSE,STY,NN,31.2,288.2,80,967,3,8,3,8,145,170,180,100,130,70,80,80,100,70,HU,WN,B,B,240,1012,NaN,D,15,JPC,
2017091800,12l.2017,JOSE,STY,NN,31.9,288.4,80,972,10,7,10,7,145,170,180,100,130,68,80,60,100,80,HU,WN,B,B,260,1012,NaN,D,30,DPB,
2017091806,12l.2017,JOSE,STY,NN,32.6,288.6,75,974,14,7,14,7,145,170,180,100,130,68,80,60,100,80,HU,WN,B,B,260,1012,NaN,D,30,DPR,
2017091812,12l.2017,JOSE,STY,NN,33.5,288.8,65,976,12,8,12,8,160,190,200,110,140,70,80,60,110,80,HU,WN,B,B,260,1012,NaN,D,40,JPC,
2017091818,12l.2017,JOSE,STY,NN,34.1,288.8,65,975,6,8,6,8,160,190,200,110,140,70,80,60,110,80,HU,WN,B,B,300,1012,NaN,D,40,JPC,
2017091900,12l.2017,JOSE,STY,NN,34.8,288.6,65,972,353,7,353,7,192,270,180,140,180,102,120,70,140,130,HU,WN,B,B,300,1012,NaN,D,40,ESB,
2017091906,12l.2017,JOSE,STY,NN,35.7,288.5,65,971,351,8,351,8,192,270,180,140,180,102,120,70,140,130,HU,WN,B,B,300,1012,NaN,D,40,ESB,
2017091912,12l.2017,JOSE,STY,NN,36.4,288.3,65,973,351,8,351,8,202,270,180,180,180,102,120,70,180,130,HU,WN,B,B,300,1012,NaN,D,50,SRS,
2017091918,12l.2017,JOSE,STY,NN,36.9,288.5,65,976,360,6,360,6,210,270,180,190,200,102,120,70,190,130,HU,WN,B,B,300,1012,NaN,D,50,SRS,
2017092000,12l.2017,JOSE,STY,NN,37.6,288.9,60,973,22,6,22,6,188,180,180,190,200,102,120,70,190,130,TS,WN,B,B,300,1012,NaN,D,50,LAA,
2017092006,12l.2017,JOSE,STY,NN,38.1,289.4,55,975,31,7,31,7,185,180,180,180,200,65,60,60,180,70,TS,WN,B,B,300,1012,NaN,D,50,DPR,
2017092012,12l.2017,JOSE,STY,NN,38.7,289.8,60,976,33,7,33,7,170,180,180,160,160,60,60,60,160,60,TS,WN,B,B,300,1012,NaN,D,50,JPC,
2017092018,12l.2017,JOSE,STY,NN,39.2,290.6,60,976,40,7,40,7,172,170,200,180,140,68,60,80,180,50,TS,WN,B,B,300,1012,NaN,D,50,JPC,
2017092100,12l.2017,JOSE,STY,NN,39.4,291.5,50,979,62,7,62,7,172,170,200,180,140,65,50,80,180,50,TS,WN,B,B,280,1012,NaN,D,60,DPB,
2017092106,12l.2017,JOSE,STY,NN,39.8,292.1,50,982,63,7,63,7,170,160,180,180,160,90,,,180,90,TS,WN,B,B,280,1012,NaN,D,90,DAZ,
2017092112,12l.2017,JOSE,STY,NN,39.6,291.9,50,984,57,2,57,2,170,160,180,180,160,90,,,180,90,TS,WN,B,B,280,1012,NaN,D,90,NaN,
2017092118,12l.2017,JOSE,STY,NN,39.5,292.1,50,984,180,2,180,1,155,130,150,160,180,100,,,160,100,TS,WN,B,B,240,1012,NaN,D,100,JPC,
2017092200,12l.2017,JOSE,STY,NN,39.6,291.8,45,987,270,0,270,0,168,190,130,160,190,NaN,NaN,NaN,NaN,NaN,TS,WN,B,B,240,1012,NaN,D,100,DAZ,
2017092206,12l.2017,JOSE,STY,NN,39.6,291.4,45,987,280,3,280,3,168,190,130,160,190,NaN,NaN,NaN,NaN,NaN,TS,WN,B,B,240,1012,NaN,D,100,DAZ,
2017092212,12l.2017,JOSE,STY,NN,39.6,291.0,40,993,270,3,270,3,125,120,120,120,140,NaN,NaN,NaN,NaN,NaN,TS,WN,B,B,240,1012,NaN,D,90,ESB,
2017092218,12l.2017,JOSE,STY,NN,39.7,290.8,40,996,282,2,282,2,115,,,110,120,NaN,NaN,NaN,NaN,NaN,TS,NW,B,B,240,1013,NaN,D,80,NaN,
2017092300,12l.2017,JOSE,STY,NN,39.7,290.6,35,1002,288,2,288,2,110,,,110,110,NaN,NaN,NaN,NaN,NaN,TS,NW,B,B,240,1013,NaN,NaN,80,NaN,
2017092306,12l.2017,JOSE,STY,NN,39.5,290.4,35,1002,237,2,237,2,105,,,100,110,NaN,NaN,NaN,NaN,NaN,TS,NW,B,B,240,1013,NaN,NaN,80,NaN,
2017090400,b5l.2017,KATIA,TY,NN,21.1,265.8,25,1009,282,5,282,5,NaN,NaN,NaN,NaN,NaN,NaN,NaN,NaN,NaN,NaN,TD,NW,B,B,NaN,NaN,NaN,NaN,NaN,NaN,
2017090406,b5l.2017,KATIA,TY,NN,21.2,265.3,25,1009,282,5,282,5,NaN,NaN,NaN,NaN,NaN,NaN,NaN,NaN,NaN,NaN,TD,NW,B,B,NaN,NaN,NaN,NaN,NaN,NaN,
2017090412,b5l.2017,KATIA,TY,NN,21.3,264.8,25,1009,282,5,282,5,NaN,NaN,NaN,NaN,NaN,NaN,NaN,NaN,NaN,NaN,TD,NW,B,B,NaN,NaN,NaN,NaN,NaN,NaN,
2017090418,b5l.2017,KATIA,TY,NN,21.5,264.3,25,1009,288,5,288,5,NaN,NaN,NaN,NaN,NaN,NaN,NaN,NaN,NaN,NaN,TD,NW,B,B,NaN,NaN,NaN,NaN,NaN,NaN,
2017090500,b5l.2017,KATIA,TY,NN,21.7,263.7,25,1010,291,5,291,5,NaN,NaN,NaN,NaN,NaN,NaN,NaN,NaN,NaN,NaN,TD,NW,B,B,180,1012,NaN,S,70,NaN,
2017090506,b5l.2017,KATIA,TY,NN,21.8,262.8,25,1010,282,7,282,7,NaN,NaN,NaN,NaN,NaN,NaN,NaN,NaN,NaN,NaN,TD,NW,B,B,180,1012,0.01,S,70,NaN,
2017090512,b5l.2017,KATIA,TY,NN,22.1,262.9,25,1010,298,4,298,4,NaN,NaN,NaN,NaN,NaN,NaN,NaN,NaN,NaN,NaN,TD,NW,B,B,180,1012,0.01,M,70,NaN,
2017090518,13l.2017,KATIA,TY,NN,22.3,263.2,30,1008,37,3,37,3,NaN,NaN,NaN,NaN,NaN,NaN,NaN,NaN,NaN,NaN,TD,WN,B,B,120,1012,NaN,M,30,ESB,
2017090600,13l.2017,KATIA,TY,NN,22.3,263.4,30,1008,67,3,67,3,NaN,NaN,NaN,NaN,NaN,NaN,NaN,NaN,NaN,NaN,TD,WN,B,B,120,1012,NaN,M,30,ESB,
2017090606,13l.2017,KATIA,TY,NN,22.2,263.6,35,1006,105,2,105,2,30,40,40,20,20,NaN,NaN,NaN,NaN,NaN,TS,WN,B,B,120,1012,NaN,M,30,DPR,
2017090612,13l.2017,KATIA,TY,NN,22.0,264.2,45,1004,112,4,112,4,40,40,40,40,40,NaN,NaN,NaN,NaN,NaN,TS,WN,B,B,120,1012,NaN,M,30,LAA,
2017090618,13l.2017,KATIA,TY,NN,21.8,264.8,65,992,110,6,110,6,42,50,40,40,40,22,30,20,40,20,HU,WN,B,B,120,1012,NaN,M,15,LAA,
2017090700,13l.2017,KATIA,TY,NN,21.7,265.1,70,989,110,4,110,4,30,20,40,40,20,14,15,15,40,10,HU,WN,B,B,120,1012,NaN,M,5,ESB,
2017090706,13l.2017,KATIA,TY,NN,21.6,265.4,70,989,110,3,110,3,40,60,40,40,20,14,15,15,40,10,HU,WN,B,B,120,1012,NaN,M,5,ESB,
2017090712,13l.2017,KATIA,TY,NN,21.6,265.4,70,982,110,1,110,1,38,50,40,40,20,14,15,15,40,10,HU,WN,B,B,120,1010,NaN,M,5,RJP,
2017090718,13l.2017,KATIA,TY,NN,21.6,265.4,70,982,360,0,360,0,38,40,40,40,30,14,15,15,40,10,HU,WN,B,B,120,1010,NaN,M,5,RJP,
2017090800,13l.2017,KATIA,TY,NN,21.5,265.0,75,982,255,2,255,2,48,50,50,50,40,19,20,20,50,15,HU,WN,B,B,120,1010,NaN,D,10,JPC,
2017090806,13l.2017,KATIA,TY,NN,21.4,264.7,80,977,253,3,253,3,48,50,50,50,40,19,20,20,50,15,HU,WN,B,B,120,1010,NaN,D,10,DPR,
2017090812,13l.2017,KATIA,TY,NN,21.1,264.3,85,977,238,4,238,4,52,50,60,55,45,28,20,40,55,25,HU,WN,B,B,120,1010,NaN,D,10,WPC,
2017090818,13l.2017,KATIA,TY,NN,21.1,263.8,90,972,250,4,250,4,52,50,60,55,45,28,20,40,55,25,HU,NW,B,B,120,1011,NaN,D,10,NaN,
2017090900,13l.2017,KATIA,TY,NN,20.8,263.1,70,988,255,6,255,6,49,50,55,50,40,22,15,35,50,20,HU,NW,B,B,80,1010,0.21,D,15,NaN,
2017090906,13l.2017,KATIA,TY,NN,20.3,262.6,35,1001,235,7,235,7,50,50,50,,,NaN,NaN,NaN,NaN,NaN,TS,NW,B,B,80,1010,0.90,M,15,NaN,
2017090912,13l.2017,KATIA,TY,NN,20.1,262.3,30,1004,227,5,227,5,NaN,NaN,NaN,NaN,NaN,NaN,NaN,NaN,NaN,NaN,TD,NW,B,B,80,1010,1.00,S,15,NaN,
2017091412,b7l.2017,LEE,TY,NN,9.7,339.4,25,1011,283,21,283,21,NaN,NaN,NaN,NaN,NaN,NaN,NaN,NaN,NaN,NaN,TD,NW,B,B,120,1013,NaN,S,90,NaN,
2017091418,b7l.2017,LEE,TY,NN,10.2,337.4,25,1011,283,21,283,21,NaN,NaN,NaN,NaN,NaN,NaN,NaN,NaN,NaN,NaN,TD,NW,B,B,120,1014,NaN,S,90,NaN,
2017091500,14l.2017,LEE,TY,NN,10.6,335.3,30,1010,283,21,283,21,NaN,NaN,NaN,NaN,NaN,NaN,NaN,NaN,NaN,NaN,TD,WN,B,B,120,1013,NaN,M,60,DPB,
2017091506,14l.2017,LEE,TY,NN,11.1,333.8,30,1008,284,18,284,18,NaN,NaN,NaN,NaN,NaN,NaN,NaN,NaN,NaN,NaN,TD,WN,B,B,150,1013,NaN,M,60,LAA,
2017091512,14l.2017,LEE,TY,NN,11.7,332.3,30,1008,290,16,290,16,NaN,NaN,NaN,NaN,NaN,NaN,NaN,NaN,NaN,NaN,TD,WN,B,B,150,1013,NaN,M,45,ESB,
2017091518,14l.2017,LEE,TY,NN,12.5,330.9,30,1009,296,16,296,16,NaN,NaN,NaN,NaN,NaN,NaN,NaN,NaN,NaN,NaN,TD,WN,B,B,150,1012,NaN,S,45,DPB,
2017091600,14l.2017,LEE,TY,NN,12.8,329.8,30,1009,294,13,294,13,NaN,NaN,NaN,NaN,NaN,NaN,NaN,NaN,NaN,NaN,TD,WN,B,B,100,1014,NaN,S,40,DPB,
2017091606,14l.2017,LEE,TY,NN,12.7,328.4,30,1008,275,12,275,12,NaN,NaN,NaN,NaN,NaN,NaN,NaN,NaN,NaN,NaN,TD,WN,B,B,100,1014,NaN,S,40,LAA,
2017091612,14l.2017,LEE,TY,NN,12.5,326.8,35,1007,264,15,264,15,60,60,60,,60,NaN,NaN,NaN,NaN,NaN,TS,WN,B,B,150,1013,NaN,S,40,RJB,
2017091618,14l.2017,LEE,TY,NN,12.6,326.1,35,1007,267,11,267,11,87,100,100,,60,NaN,NaN,NaN,NaN,NaN,TS,WN,B,B,150,1013,NaN,S,90,RJB,
2017091700,14l.2017,LEE,TY,NN,12.7,325.3,35,1007,278,7,278,7,45,,40,50,,NaN,NaN,NaN,NaN,NaN,TS,WN,B,B,150,1013,NaN,S,40,JLB,
2017091706,14l.2017,LEE,TY,NN,12.8,324.5,35,1007,277,8,277,8,45,,40,50,,NaN,NaN,NaN,NaN,NaN,TS,WN,B,B,150,1013,NaN,S,40,DPR,
2017091712,14l.2017,LEE,TY,NN,12.9,323.7,30,1007,277,8,277,8,NaN,NaN,NaN,NaN,NaN,NaN,NaN,NaN,NaN,NaN,TD,WN,B,B,180,1013,NaN,S,40,RJB,
2017091718,14l.2017,LEE,TY,NN,13.0,323.1,30,1007,278,7,278,7,NaN,NaN,NaN,NaN,NaN,NaN,NaN,NaN,NaN,NaN,TD,WN,B,B,120,1012,NaN,S,60,RJB,
2017091800,14l.2017,LEE,TY,NN,13.4,322.1,30,1007,288,8,288,8,NaN,NaN,NaN,NaN,NaN,NaN,NaN,NaN,NaN,NaN,TD,WN,B,B,120,1012,NaN,S,60,DPB,
2017091806,14l.2017,LEE,TY,NN,13.7,320.9,30,1007,288,11,288,11,NaN,NaN,NaN,NaN,NaN,NaN,NaN,NaN,NaN,NaN,TD,WN,B,B,120,1012,NaN,S,60,DPR,
2017091812,14l.2017,LEE,TY,NN,14.1,319.8,30,1007,287,12,287,12,NaN,NaN,NaN,NaN,NaN,NaN,NaN,NaN,NaN,NaN,TD,WN,B,B,120,1012,NaN,S,60,JPC,
2017091818,14l.2017,LEE,TY,NN,14.8,318.3,30,1007,294,14,294,14,NaN,NaN,NaN,NaN,NaN,NaN,NaN,NaN,NaN,NaN,TD,WN,B,B,120,1012,NaN,S,60,JPC,
2017091900,14l.2017,LEE,TY,NN,14.8,317.3,25,1007,286,13,286,13,NaN,NaN,NaN,NaN,NaN,NaN,NaN,NaN,NaN,NaN,TD,WN,B,B,120,1012,NaN,S,60,LAA,
2017091906,14l.2017,LEE,TY,NN,15.4,316.8,28,1007,286,13,294,10,NaN,NaN,NaN,NaN,NaN,NaN,NaN,NaN,NaN,NaN,TD,WN,B,B,120,1012,NaN,S,60,LAA,
2017091912,14l.2017,LEE,TY,NN,16.0,316.3,30,1007,302,8,302,8,NaN,NaN,NaN,NaN,NaN,NaN,NaN,NaN,NaN,NaN,TD,NW,B,B,120,1012,NaN,NaN,60,NaN,
2017091918,14l.2017,LEE,TY,NN,16.7,315.7,35,1007,321,8,321,8,35,35,,,,NaN,NaN,NaN,NaN,NaN,TS,NW,B,B,120,1012,NaN,NaN,60,NaN,
2017092000,14l.2017,LEE,TY,NN,17.4,315.1,40,1006,321,9,321,9,70,70,,,,NaN,NaN,NaN,NaN,NaN,TS,NW,B,B,150,1012,NaN,S,60,NaN,
2017092006,14l.2017,LEE,TY,NN,17.9,314.4,40,1006,314,9,314,9,70,70,,,,NaN,NaN,NaN,NaN,NaN,TS,NW,B,B,150,1012,NaN,S,60,NaN,
2017092012,14l.2017,LEE,TY,NN,23.4,313.1,35,1007,343,31,343,31,70,70,,,,NaN,NaN,NaN,NaN,NaN,TS,NW,B,B,150,1012,NaN,S,60,NaN,
2017092018,14l.2017,LEE,TY,NN,24.7,313.1,30,1008,350,35,350,35,NaN,NaN,NaN,NaN,NaN,NaN,NaN,NaN,NaN,NaN,TD,NW,B,B,150,1012,NaN,S,60,NaN,
2017092100,14l.2017,LEE,TY,NN,25.8,313.2,25,1008,2,12,2,12,NaN,NaN,NaN,NaN,NaN,NaN,NaN,NaN,NaN,NaN,TD,NW,B,B,150,1012,NaN,NaN,60,NaN,
2017092106,14l.2017,LEE,TY,NN,26.8,313.3,25,1008,5,11,5,11,NaN,NaN,NaN,NaN,NaN,NaN,NaN,NaN,NaN,NaN,TD,NW,B,B,150,1012,NaN,NaN,60,NaN,
2017092112,14l.2017,LEE,TY,NN,27.8,313.4,25,1008,5,10,5,10,NaN,NaN,NaN,NaN,NaN,NaN,NaN,NaN,NaN,NaN,TD,NW,B,B,150,1012,NaN,S,60,NaN,
2017092118,14l.2017,LEE,TY,NN,28.4,312.7,25,1011,5,10,113,9,NaN,NaN,NaN,NaN,NaN,NaN,NaN,NaN,NaN,NaN,TD,NW,B,B,150,1014,NaN,S,60,NaN,
2017092200,14l.2017,LEE,TY,NN,29.0,312.0,25,1013,5,10,220,9,NaN,NaN,NaN,NaN,NaN,NaN,NaN,NaN,NaN,NaN,TD,NW,B,B,150,1016,NaN,S,60,NaN,
2017092206,14l.2017,LEE,TY,NN,29.6,311.3,25,1016,328,8,328,8,NaN,NaN,NaN,NaN,NaN,NaN,NaN,NaN,NaN,NaN,TD,NW,B,B,150,1018,NaN,NaN,30,NaN,
2017092212,14l.2017,LEE,TY,NN,29.9,311.0,25,1016,315,7,315,7,NaN,NaN,NaN,NaN,NaN,NaN,NaN,NaN,NaN,NaN,TD,NW,B,B,150,1018,NaN,NaN,30,NaN,
2017092218,14l.2017,LEE,TY,NN,30.5,310.9,30,1010,339,5,339,5,NaN,NaN,NaN,NaN,NaN,NaN,NaN,NaN,NaN,NaN,TD,WN,B,B,100,1018,NaN,S,15,ESB,
2017092300,14l.2017,LEE,TY,NN,31.1,310.8,35,1005,352,6,352,6,30,30,30,30,30,NaN,NaN,NaN,NaN,NaN,TS,WN,B,B,100,1016,NaN,D,15,DAZ,
2017092306,14l.2017,LEE,TY,NN,31.6,310.7,35,1009,351,6,351,6,30,30,30,30,30,NaN,NaN,NaN,NaN,NaN,TS,WN,B,B,100,1017,NaN,D,15,DAZ,
2017092312,14l.2017,LEE,TY,NN,31.8,310.6,40,1007,346,4,346,4,30,30,30,30,30,NaN,NaN,NaN,NaN,NaN,TS,WN,B,B,100,1017,NaN,D,15,SRS,
2017092318,14l.2017,LEE,TY,NN,32.0,310.3,40,1007,320,3,320,3,30,30,30,30,30,NaN,NaN,NaN,NaN,NaN,TS,WN,B,B,100,1017,NaN,D,15,SRS,
2017092400,14l.2017,LEE,TY,NN,32.0,309.9,55,997,289,3,289,3,30,30,30,30,30,20,20,20,30,20,TS,WN,B,B,100,1017,NaN,D,15,JLB,
2017092406,14l.2017,LEE,TY,NN,31.9,309.9,65,987,254,2,254,2,30,30,30,30,30,20,20,20,30,20,HU,WN,B,B,100,1017,NaN,D,10,DAZ,
2017092412,14l.2017,LEE,TY,NN,31.5,309.9,75,984,180,2,180,2,30,30,30,30,30,20,20,20,30,20,HU,WN,B,B,110,1017,NaN,D,10,DPB,
2017092418,14l.2017,LEE,TY,NN,31.4,310.1,80,980,161,3,161,3,30,30,30,30,30,20,20,20,30,20,HU,WN,B,B,135,1017,NaN,D,10,CWL,
2017092500,14l.2017,LEE,TY,NN,31.2,310.4,80,980,125,3,125,3,30,30,30,30,30,20,20,20,30,20,HU,WN,B,B,140,1017,NaN,D,10,JPC,
2017092506,14l.2017,LEE,TY,NN,31.1,310.5,80,980,131,2,131,2,30,30,30,30,30,20,20,20,30,20,HU,WN,B,B,140,1017,NaN,D,10,JPC,
2017092512,14l.2017,LEE,TY,NN,30.9,310.3,80,980,196,2,196,2,30,30,30,30,30,20,20,20,30,20,HU,WN,B,B,150,1018,NaN,D,10,CWL,
2017092518,14l.2017,LEE,TY,NN,30.6,309.8,75,983,230,4,230,4,30,30,30,30,30,20,20,20,30,20,HU,WN,B,B,150,1018,NaN,D,10,SRS,
2017092600,14l.2017,LEE,TY,NN,30.4,309.0,80,979,246,6,246,6,40,40,40,40,40,30,30,30,40,30,HU,WN,B,B,150,1018,NaN,D,10,DAZ,
2017092606,14l.2017,LEE,TY,NN,30.1,308.0,85,977,252,8,252,8,40,40,40,40,40,30,30,30,40,30,HU,WN,B,B,150,1018,NaN,D,10,DPR,
2017092612,14l.2017,LEE,TY,NN,29.9,306.8,90,975,255,10,255,10,40,40,40,40,40,30,30,30,40,30,HU,WN,B,B,150,1018,NaN,D,10,ESB,
2017092618,14l.2017,LEE,TY,NN,29.9,305.8,95,971,264,10,264,10,45,50,50,40,40,30,30,30,40,30,HU,WN,B,B,150,1018,NaN,D,10,ESB,
2017092700,14l.2017,LEE,TY,NN,29.9,304.9,95,970,270,8,270,8,45,50,50,40,40,30,30,30,40,30,HU,WN,B,B,150,1016,NaN,D,10,JPC,
2017092706,14l.2017,LEE,TY,NN,30.1,304.0,95,969,277,8,277,8,45,50,50,40,40,30,30,30,40,30,HU,WN,B,B,150,1016,NaN,D,15,DPR,
2017092712,14l.2017,LEE,TY,NN,30.3,303.4,100,963,287,7,287,7,68,80,60,60,70,45,50,40,60,50,HU,WN,B,B,150,1016,NaN,D,15,ESB,
2017092718,14l.2017,LEE,TY,NN,30.8,303.0,100,962,309,6,309,6,68,80,60,60,70,45,50,40,60,50,HU,WN,B,B,150,1015,NaN,D,15,ESB,
2017092800,14l.2017,LEE,TY,NN,31.4,302.8,95,966,335,6,335,6,68,80,60,60,70,45,50,40,60,50,HU,WN,B,B,150,1015,NaN,D,15,JPC,
2017092806,14l.2017,LEE,TY,NN,32.1,302.7,95,966,349,7,349,7,75,80,80,70,70,45,50,50,70,40,HU,WN,B,B,150,1015,NaN,D,15,JPC,
2017092812,14l.2017,LEE,TY,NN,33.0,302.8,85,973,360,8,360,8,75,80,80,70,70,45,50,50,70,40,HU,WN,B,B,150,1015,NaN,D,15,DAZ,
2017092818,14l.2017,LEE,TY,NN,34.3,303.4,80,977,15,11,15,11,75,80,80,70,70,45,50,50,70,40,HU,WN,B,B,150,1015,NaN,D,15,DAZ,
2017092900,14l.2017,LEE,TY,NN,35.7,304.5,75,981,27,15,27,15,78,80,100,80,50,45,40,70,80,20,HU,WN,B,B,150,1015,NaN,D,15,DPR,
2017092906,14l.2017,LEE,TY,NN,37.3,306.2,70,984,37,19,37,19,98,100,120,110,60,52,50,70,110,30,HU,WN,B,B,90,1007,NaN,D,25,RJB,
2017092912,14l.2017,LEE,TY,NN,39.0,308.8,65,988,46,24,46,24,98,100,120,110,60,52,50,70,110,30,HU,WN,B,B,90,1007,NaN,M,30,DAZ,
2017092918,14l.2017,LEE,TY,NN,41.0,311.8,55,996,50,29,50,29,98,100,120,110,60,52,50,70,110,30,TS,WN,B,B,90,1007,NaN,M,40,DAZ,
2017093000,14l.2017,LEE,TY,NN,43.2,315.5,50,998,50,33,50,33,98,100,120,110,60,60,50,70,110,,TS,WN,B,B,140,1007,NaN,S,50,SRS,
2017093006,14l.2017,LEE,TY,NN,45.8,321.1,45,998,55,41,55,41,117,90,130,130,,NaN,NaN,NaN,NaN,NaN,TS,WN,B,B,90,1000,NaN,S,50,RJB,
2017091412,b6l.2017,MARIA,STY,NN,8.5,327.0,20,1012,281,18,281,18,NaN,NaN,NaN,NaN,NaN,NaN,NaN,NaN,NaN,NaN,NT,NW,B,B,150,1014,NaN,S,75,NaN,
2017091418,b6l.2017,MARIA,STY,NN,9.0,325.1,20,1012,281,18,281,18,NaN,NaN,NaN,NaN,NaN,NaN,NaN,NaN,NaN,NaN,NT,NW,B,B,150,1014,NaN,S,75,NaN,
2017091500,b6l.2017,MARIA,STY,NN,9.2,323.4,20,1012,281,18,281,18,NaN,NaN,NaN,NaN,NaN,NaN,NaN,NaN,NaN,NaN,NT,NW,B,B,150,1014,NaN,S,75,NaN,
2017091506,b6l.2017,MARIA,STY,NN,9.9,321.4,20,1012,284,19,284,19,NaN,NaN,NaN,NaN,NaN,NaN,NaN,NaN,NaN,NaN,NT,NW,B,B,150,1014,NaN,S,75,NaN,
2017091512,b6l.2017,MARIA,STY,NN,10.2,318.9,25,1012,283,23,283,23,NaN,NaN,NaN,NaN,NaN,NaN,NaN,NaN,NaN,NaN,TD,NW,B,B,150,1014,NaN,S,75,NaN,
2017091518,b6l.2017,MARIA,STY,NN,10.9,316.4,25,1011,281,25,281,25,NaN,NaN,NaN,NaN,NaN,NaN,NaN,NaN,NaN,NaN,TD,NW,B,B,150,1014,NaN,S,75,NaN,
2017091600,b6l.2017,MARIA,STY,NN,11.6,314.2,30,1011,287,24,287,24,NaN,NaN,NaN,NaN,NaN,NaN,NaN,NaN,NaN,NaN,TD,NW,B,B,150,1014,NaN,S,75,NaN,
2017091606,b6l.2017,MARIA,STY,NN,12.1,312.5,30,1009,287,20,287,20,NaN,NaN,NaN,NaN,NaN,NaN,NaN,NaN,NaN,NaN,TD,NW,B,B,150,1014,NaN,S,75,NaN,
2017091612,15l.2017,MARIA,STY,NN,12.2,310.3,40,1006,279,19,279,19,NaN,NaN,NaN,NaN,NaN,NaN,NaN,NaN,NaN,NaN,TS,WN,B,B,150,1012,NaN,S,40,JPC,
2017091618,15l.2017,MARIA,STY,NN,12.2,308.3,40,1004,271,21,271,21,40,40,,,40,NaN,NaN,NaN,NaN,NaN,TS,WN,B,B,150,1012,NaN,M,40,JPC,
2017091700,15l.2017,MARIA,STY,NN,12.4,306.9,45,1002,273,17,273,17,37,40,30,,40,NaN,NaN,NaN,NaN,NaN,TS,WN,B,B,150,1012,NaN,M,30,JLB,
2017091706,15l.2017,MARIA,STY,NN,12.8,305.7,55,994,283,13,283,13,47,50,40,,50,20,20,20,,20,TS,WN,B,B,150,1010,NaN,M,20,RJP,
2017091712,15l.2017,MARIA,STY,NN,13.3,304.3,60,990,290,13,290,13,45,60,40,30,50,23,30,20,30,20,TS,WN,B,B,180,1011,NaN,M,20,RJB,
2017091718,15l.2017,MARIA,STY,NN,13.6,303.0,65,986,287,14,287,14,58,70,60,40,60,23,30,20,40,20,HU,WN,B,B,180,1010,NaN,D,15,RJB,
2017091800,15l.2017,MARIA,STY,NN,14.0,302.0,75,979,287,12,287,12,65,90,60,40,70,22,30,20,40,20,HU,WN,B,B,180,1009,NaN,D,10,JLB,
2017091806,15l.2017,MARIA,STY,NN,14.3,301.0,80,977,290,10,290,10,65,90,60,40,70,25,30,20,40,30,HU,WN,B,B,180,1010,NaN,D,10,RJP,
2017091812,15l.2017,MARIA,STY,NN,14.5,300.3,100,967,287,9,287,9,90,110,90,70,90,30,30,30,70,30,HU,WN,B,B,180,1010,NaN,D,10,JLB,
2017091818,15l.2017,MARIA,STY,NN,14.9,299.6,110,956,294,7,294,7,92,110,90,80,90,30,30,30,80,30,HU,WN,B,B,180,1010,0.03,D,10,DPB,
2017091900,15l.2017,MARIA,STY,NN,15.3,298.9,140,924,301,8,301,8,98,110,110,80,90,38,40,40,80,40,HU,WN,B,B,180,1010,0.08,D,10,DPB,
2017091906,15l.2017,MARIA,STY,NN,15.8,298.1,135,940,302,9,302,9,98,110,110,70,100,45,50,50,70,50,HU,WN,B,B,180,1010,0.08,D,10,RJP,
2017091912,15l.2017,MARIA,STY,NN,16.1,297.3,140,931,297,9,297,9,102,120,110,80,100,62,80,50,80,80,HU,WN,B,B,180,1010,NaN,D,5,JLB,
2017091918,15l.2017,MARIA,STY,NN,16.6,296.4,145,920,296,9,296,9,102,120,110,80,100,70,80,60,80,80,HU,WN,B,B,180,1010,NaN,D,5,JLB,
2017092000,15l.2017,MARIA,STY,NN,17.0,295.7,150,909,300,9,300,9,112,130,110,100,110,72,80,70,100,80,HU,WN,B,B,180,1010,NaN,D,5,DPB,
2017092006,15l.2017,MARIA,STY,NN,17.6,294.9,140,913,305,9,305,9,112,130,110,100,110,72,80,70,100,80,HU,WN,B,B,180,1010,0.02,D,15,RJP,
2017092012,15l.2017,MARIA,STY,NN,18.2,293.9,125,927,305,10,305,10,112,130,110,100,110,72,80,70,100,80,HU,WN,B,B,180,1009,0.38,D,15,RJB,
2017092018,15l.2017,MARIA,STY,NN,18.6,293.0,95,959,299,10,299,10,112,130,110,100,110,68,70,70,100,70,HU,WN,B,B,180,1008,0.34,D,20,RJB,
2017092100,15l.2017,MARIA,STY,NN,18.9,292.4,95,958,296,8,296,8,111,130,75,130,110,60,70,40,130,70,HU,WN,B,B,180,1008,NaN,D,20,LAA,
2017092106,15l.2017,MARIA,STY,NN,19.4,291.9,100,959,308,7,308,7,120,130,110,130,110,60,70,50,130,70,HU,WN,B,B,180,1008,NaN,D,20,RJP,
2017092112,15l.2017,MARIA,STY,NN,19.9,291.2,100,959,311,8,311,8,115,130,110,110,110,75,80,80,110,80,HU,WN,B,B,180,1008,NaN,D,25,RJB,
2017092118,15l.2017,MARIA,STY,NN,20.5,290.5,105,960,310,9,310,9,122,140,130,110,110,78,90,80,110,80,HU,WN,B,B,180,1008,NaN,D,25,RJB,
2017092200,15l.2017,MARIA,STY,NN,20.8,290.0,110,953,309,7,309,7,120,140,120,100,120,78,90,80,100,80,HU,WN,B,B,180,1008,NaN,D,25,LAA,
2017092206,15l.2017,MARIA,STY,NN,21.2,289.5,110,959,307,6,307,6,122,140,120,100,130,78,90,80,100,80,HU,WN,B,B,180,1007,NaN,D,20,JLB,
2017092212,15l.2017,MARIA,STY,NN,21.9,289.1,110,958,323,7,323,7,122,140,120,100,130,80,90,80,100,90,HU,WN,B,B,180,1008,NaN,D,25,RJB,
2017092218,15l.2017,MARIA,STY,NN,22.8,288.8,110,959,338,9,338,9,120,140,130,90,120,65,80,60,90,70,HU,WN,B,B,180,1008,NaN,D,25,RJB,
2017092300,15l.2017,MARIA,STY,NN,23.7,288.4,110,953,340,10,340,10,125,160,130,90,120,65,80,60,90,70,HU,WN,B,B,180,1008,NaN,D,25,LAA,
2017092306,15l.2017,MARIA,STY,NN,24.4,288.1,105,952,338,9,338,9,140,170,170,100,120,78,90,90,100,70,HU,WN,B,B,180,1008,NaN,D,20,JLB,
2017092312,15l.2017,MARIA,STY,NN,25.0,287.8,100,952,337,7,337,7,148,170,170,100,150,78,90,90,100,70,HU,WN,B,B,210,1008,NaN,D,20,RJB,
2017092318,15l.2017,MARIA,STY,NN,25.9,287.6,100,952,343,8,343,8,165,210,200,100,150,78,90,80,100,80,HU,WN,B,B,210,1008,NaN,D,20,RJB,
2017092400,15l.2017,MARIA,STY,NN,26.6,287.6,100,945,354,8,354,8,165,210,200,100,150,80,100,80,100,80,HU,WN,B,B,210,1008,NaN,D,20,LAA,
2017092406,15l.2017,MARIA,STY,NN,27.5,287.4,100,942,354,8,354,8,172,210,200,120,160,80,100,80,120,80,HU,WN,B,B,210,1008,NaN,D,20,JLB,
2017092412,15l.2017,MARIA,STY,NN,28.4,287.2,95,947,349,9,349,9,172,210,200,120,160,80,100,80,120,80,HU,WN,B,B,210,1008,NaN,D,20,DPB,
2017092418,15l.2017,MARIA,STY,NN,29.1,287.0,90,943,348,8,348,8,175,200,200,140,160,90,100,100,140,90,HU,WN,B,B,240,1010,NaN,D,20,DPB,
2017092500,15l.2017,MARIA,STY,NN,29.7,287.1,85,947,356,7,356,7,175,200,200,140,160,90,100,100,140,90,HU,WN,B,B,240,1010,NaN,D,20,RJP,
2017092506,15l.2017,MARIA,STY,NN,30.3,287.0,75,954,360,6,360,6,182,200,200,160,170,95,100,100,160,90,HU,WN,B,B,240,1010,NaN,D,20,JLB,
2017092512,15l.2017,MARIA,STY,NN,30.8,287.0,70,961,356,6,356,6,180,200,200,160,160,105,120,120,160,90,HU,WN,B,B,250,1010,NaN,D,70,DPB,
2017092518,15l.2017,MARIA,STY,NN,31.4,286.9,70,966,356,6,356,6,170,180,180,160,160,105,120,120,160,90,HU,WN,B,B,250,1010,NaN,D,70,DPB,
2017092600,15l.2017,MARIA,STY,NN,32.0,286.9,70,966,356,6,356,6,170,180,180,160,160,105,120,120,160,90,HU,WN,B,B,250,1010,NaN,D,70,RJP,
2017092606,15l.2017,MARIA,STY,NN,32.6,286.9,65,970,360,6,360,6,182,200,210,160,160,105,120,120,160,90,HU,WN,B,B,250,1010,NaN,D,70,JLB,
2017092612,15l.2017,MARIA,STY,NN,33.3,286.9,65,970,360,7,360,6,182,200,210,160,160,105,120,120,160,90,HU,WN,B,B,300,1012,NaN,D,80,DPB,
2017092618,15l.2017,MARIA,STY,NN,33.9,287.0,60,975,4,7,4,7,180,200,200,160,160,102,120,120,160,90,TS,WN,B,B,275,1010,NaN,D,80,DPB,
2017092700,15l.2017,MARIA,STY,NN,34.4,287.1,60,975,9,6,9,6,180,200,200,160,160,102,120,120,160,90,TS,WN,B,B,275,1010,NaN,D,80,RJP,
2017092706,15l.2017,MARIA,STY,NN,34.9,287.1,60,976,5,5,5,5,182,200,200,180,150,117,120,120,180,110,TS,WN,B,B,320,1011,NaN,D,70,RJB,
2017092712,15l.2017,MARIA,STY,NN,35.4,287.2,65,977,5,5,5,5,178,200,200,160,150,113,120,120,160,100,HU,WN,B,B,280,1010,NaN,D,70,DPB,
2017092718,15l.2017,MARIA,STY,NN,36.0,287.4,65,979,13,6,13,6,175,200,200,150,150,110,120,120,150,90,HU,WN,B,B,280,1009,NaN,D,70,DPB,
2017092800,15l.2017,MARIA,STY,NN,36.6,287.8,65,979,22,6,22,6,175,200,200,150,150,110,120,120,150,90,HU,WN,B,B,280,1009,NaN,D,70,RJP,
2017092806,15l.2017,MARIA,STY,NN,36.7,288.7,60,982,56,6,56,6,175,180,210,160,150,82,90,90,160,80,TS,WN,B,B,210,1006,NaN,D,70,RJB,
2017092812,15l.2017,MARIA,STY,NN,36.8,290.0,60,982,84,9,84,9,175,180,210,160,150,82,90,90,160,80,TS,WN,B,B,210,1006,NaN,D,70,SRS,
2017092818,15l.2017,MARIA,STY,NN,36.8,291.4,55,985,87,11,87,11,175,180,210,160,150,82,90,90,160,80,TS,WN,B,B,210,1006,NaN,D,70,SRS,
2017092900,15l.2017,MARIA,STY,NN,36.9,293.2,55,985,88,13,88,13,172,180,200,160,150,82,90,90,160,80,TS,WN,B,B,210,1004,NaN,D,70,NaN,
2017092906,15l.2017,MARIA,STY,NN,37.0,295.3,50,987,86,16,86,16,178,100,210,220,180,95,,90,220,,TS,WN,B,B,150,1001,NaN,D,90,RJB,
2017092912,15l.2017,MARIA,STY,NN,37.2,298.3,50,988,86,20,86,20,178,100,210,220,180,95,,90,220,,TS,WN,B,B,150,1001,NaN,D,90,LAA,
2017092918,15l.2017,MARIA,STY,NN,37.4,301.0,50,988,85,23,85,23,180,100,220,220,180,100,,100,220,,TS,WN,B,B,150,1001,NaN,D,90,LAA,
2017093000,15l.2017,MARIA,STY,NN,38.1,304.4,50,988,79,25,79,25,180,100,220,220,180,100,,100,220,,TS,WN,B,B,150,1001,NaN,D,90,JLB,
2017093006,15l.2017,MARIA,STY,NN,39.1,307.8,50,988,72,28,72,28,172,110,200,200,180,100,,100,200,,TS,WN,B,B,150,1004,NaN,D,90,RJB,
2017093012,15l.2017,MARIA,STY,NN,40.0,311.2,50,988,70,28,70,28,172,110,200,200,180,100,,100,200,,TS,WN,B,B,150,1004,NaN,D,90,LAA,
2017093018,15l.2017,MARIA,STY,NN,41.4,314.5,45,991,66,28,66,28,165,110,200,200,150,NaN,NaN,NaN,NaN,NaN,TS,WN,B,B,150,1006,NaN,D,90,DAZ,
2017100218,c0l.2017,NATE,TY,NN,9.2,279.1,15,1009,11,5,11,5,NaN,NaN,NaN,NaN,NaN,NaN,NaN,NaN,NaN,NaN,NT,NW,B,B,NaN,NaN,0.37,NaN,NaN,NaN,
2017100300,c0l.2017,NATE,TY,NN,9.7,279.2,20,1009,11,5,11,5,NaN,NaN,NaN,NaN,NaN,NaN,NaN,NaN,NaN,NaN,NT,NW,B,B,NaN,NaN,NaN,NaN,NaN,NaN,
2017100306,c0l.2017,NATE,TY,NN,10.2,279.3,15,1009,11,5,11,5,NaN,NaN,NaN,NaN,NaN,NaN,NaN,NaN,NaN,NaN,NT,NW,B,B,NaN,NaN,NaN,NaN,NaN,NaN,
2017100312,c0l.2017,NATE,TY,NN,10.7,279.2,20,1008,360,5,360,5,NaN,NaN,NaN,NaN,NaN,NaN,NaN,NaN,NaN,NaN,NT,NW,B,B,NaN,NaN,NaN,NaN,NaN,NaN,
2017100318,c0l.2017,NATE,TY,NN,11.1,278.9,25,1007,336,5,336,5,NaN,NaN,NaN,NaN,NaN,NaN,NaN,NaN,NaN,NaN,TD,NW,B,B,150,1010,NaN,S,50,NaN,
2017100400,c0l.2017,NATE,TY,NN,11.4,278.8,25,1007,331,4,331,4,NaN,NaN,NaN,NaN,NaN,NaN,NaN,NaN,NaN,NaN,TD,NW,B,B,150,1010,NaN,S,50,NaN,
2017100406,c0l.2017,NATE,TY,NN,11.7,278.6,25,1006,334,3,334,3,NaN,NaN,NaN,NaN,NaN,NaN,NaN,NaN,NaN,NaN,TD,NW,B,B,150,1008,NaN,S,50,NaN,
2017100412,16l.2017,NATE,TY,NN,12.0,278.2,25,1005,316,4,316,4,NaN,NaN,NaN,NaN,NaN,NaN,NaN,NaN,NaN,NaN,TD,WN,B,B,150,1008,NaN,M,30,ESB,
2017100418,16l.2017,NATE,TY,NN,12.3,277.7,30,1005,304,5,304,5,NaN,NaN,NaN,NaN,NaN,NaN,NaN,NaN,NaN,NaN,TD,WN,B,B,150,1008,NaN,M,10,ESB,
2017100500,16l.2017,NATE,TY,NN,12.6,277.3,30,1004,304,5,304,5,NaN,NaN,NaN,NaN,NaN,NaN,NaN,NaN,NaN,NaN,TD,WN,B,B,150,1007,NaN,M,20,RJB,
2017100506,16l.2017,NATE,TY,NN,13.0,276.9,35,1001,312,5,312,5,30,30,,,,NaN,NaN,NaN,NaN,NaN,TS,WN,B,B,150,1007,NaN,M,20,DPB,
2017100512,16l.2017,NATE,TY,NN,13.9,276.5,35,999,329,8,329,8,45,45,45,,,NaN,NaN,NaN,NaN,NaN,TS,WN,B,B,150,1007,0.56,M,20,JLB,
2017100518,16l.2017,NATE,TY,NN,14.5,276.0,35,1001,330,9,330,9,45,45,,,,NaN,NaN,NaN,NaN,NaN,TS,WN,B,B,150,1007,0.95,M,20,JLB,
2017100600,16l.2017,NATE,TY,NN,15.3,275.5,35,1000,325,9,325,9,50,50,,,,NaN,NaN,NaN,NaN,NaN,TS,WN,B,B,180,1006,0.71,M,20,RJB,
2017100606,16l.2017,NATE,TY,NN,16.2,275.3,40,999,338,9,338,9,80,80,80,,,NaN,NaN,NaN,NaN,NaN,TS,WN,B,B,180,1006,0.27,M,20,LAA,
2017100612,16l.2017,NATE,TY,NN,17.8,275.3,40,996,356,13,356,13,90,100,80,,,NaN,NaN,NaN,NaN,NaN,TS,WN,B,B,210,1007,NaN,M,50,JLB,
2017100618,16l.2017,NATE,TY,NN,19.4,274.8,45,996,352,16,352,16,70,110,80,20,,NaN,NaN,NaN,NaN,NaN,TS,WN,B,B,210,1007,NaN,M,40,JLB,
2017100700,16l.2017,NATE,TY,NN,21.3,274.1,55,990,342,18,342,18,80,110,80,50,,35,30,40,50,,TS,WN,B,B,300,1008,NaN,M,30,RJB,
2017100706,16l.2017,NATE,TY,NN,23.6,273.4,70,987,343,22,343,22,72,110,90,50,40,50,50,50,50,,HU,WN,B,B,300,1008,NaN,M,30,LAA,
2017100712,16l.2017,NATE,TY,NN,25.7,272.1,75,986,337,24,337,24,72,110,90,50,40,55,60,50,50,,HU,WN,B,B,300,1008,NaN,M,30,JLB,
2017100718,16l.2017,NATE,TY,NN,27.6,271.1,80,981,333,23,333,23,85,110,100,50,80,50,60,60,50,30,HU,WN,B,B,300,1008,NaN,M,25,JLB,
2017100800,16l.2017,NATE,TY,NN,29.1,270.9,75,983,343,18,343,18,80,110,100,40,70,40,50,50,40,20,HU,WN,B,B,250,1006,0.09,M,25,RJB,
2017100806,16l.2017,NATE,TY,NN,30.6,271.1,60,984,360,15,360,15,70,60,80,,,25,20,30,,,TS,WN,B,B,250,1006,0.65,M,25,LAA,
2017100812,16l.2017,NATE,TY,NN,32.2,272.0,40,994,17,16,17,16,75,60,90,,,NaN,NaN,NaN,NaN,NaN,TS,WN,B,B,280,1006,0.99,M,40,DPB,
2017100706,c1l.2017,OPHELIA,TY,NN,32.7,321.5,30,1010,215,7,215,7,NaN,NaN,NaN,NaN,NaN,NaN,NaN,NaN,NaN,NaN,TD,NW,B,B,170,1017,NaN,M,120,NaN,
2017100712,c1l.2017,OPHELIA,TY,NN,32.3,320.5,30,1010,215,7,215,7,NaN,NaN,NaN,NaN,NaN,NaN,NaN,NaN,NaN,NaN,TD,NW,B,B,170,1017,NaN,M,120,NaN,
2017100718,c1l.2017,OPHELIA,TY,NN,31.5,320.5,30,1010,215,7,215,7,NaN,NaN,NaN,NaN,NaN,NaN,NaN,NaN,NaN,NaN,TD,NW,B,B,170,1017,NaN,M,120,NaN,
2017100800,c1l.2017,OPHELIA,TY,NN,31.3,320.5,30,1010,180,5,180,5,NaN,NaN,NaN,NaN,NaN,NaN,NaN,NaN,NaN,NaN,TD,NW,B,B,170,1017,NaN,M,50,NaN,
2017100806,c1l.2017,OPHELIA,TY,NN,31.0,320.4,35,1010,190,3,190,3,40,40,,,40,NaN,NaN,NaN,NaN,NaN,TS,NW,B,B,180,1016,NaN,M,40,NaN,
2017100812,c1l.2017,OPHELIA,TY,NN,30.6,320.3,35,1009,194,4,194,4,40,40,,,40,NaN,NaN,NaN,NaN,NaN,TS,NW,B,B,180,1016,NaN,M,35,NaN,
2017100818,c1l.2017,OPHELIA,TY,NN,30.4,319.9,35,1009,216,4,216,4,40,40,,,40,NaN,NaN,NaN,NaN,NaN,TS,NW,B,B,180,1014,NaN,S,35,NaN,
2017100900,c1l.2017,OPHELIA,TY,NN,30.5,319.9,35,1008,254,2,254,2,50,60,,,40,NaN,NaN,NaN,NaN,NaN,TS,NW,B,B,180,1015,NaN,S,50,NaN,
2017100906,17l.2017,OPHELIA,TY,NN,30.9,320.0,35,1008,10,3,10,3,50,60,,,40,NaN,NaN,NaN,NaN,NaN,TS,WN,B,B,180,1015,NaN,M,30,JPC,
2017100912,17l.2017,OPHELIA,TY,NN,31.3,320.0,35,1008,6,4,6,4,50,60,,,40,NaN,NaN,NaN,NaN,NaN,TS,WN,B,B,180,1015,NaN,D,30,SRS,
2017100918,17l.2017,OPHELIA,TY,NN,31.7,320.4,40,1005,23,4,23,4,43,60,40,,30,NaN,NaN,NaN,NaN,NaN,TS,WN,B,B,180,1015,NaN,D,30,SRS,
2017101000,17l.2017,OPHELIA,TY,NN,32.0,320.9,40,1005,48,5,48,5,60,90,60,30,60,NaN,NaN,NaN,NaN,NaN,TS,WN,B,B,180,1016,NaN,D,30,CWL,
2017101006,17l.2017,OPHELIA,TY,NN,31.9,321.2,45,1002,74,4,74,4,55,70,50,30,70,NaN,NaN,NaN,NaN,NaN,TS,WN,B,B,180,1017,NaN,D,30,JPC,
2017101012,17l.2017,OPHELIA,TY,NN,31.6,321.5,45,1002,128,3,128,3,55,50,60,60,50,NaN,NaN,NaN,NaN,NaN,TS,WN,B,B,180,1017,NaN,D,25,SRS,
2017101018,17l.2017,OPHELIA,TY,NN,31.3,321.8,45,1002,140,4,140,4,60,60,60,60,60,NaN,NaN,NaN,NaN,NaN,TS,WN,B,B,180,1017,NaN,D,25,SRS,
2017101100,17l.2017,OPHELIA,TY,NN,30.9,322.2,45,1002,139,5,139,5,40,30,40,50,40,NaN,NaN,NaN,NaN,NaN,TS,WN,B,B,240,1017,NaN,D,25,DPB,
2017101106,17l.2017,OPHELIA,TY,NN,30.4,322.8,50,999,136,6,136,6,40,30,40,50,40,20,,,50,20,TS,WN,B,B,240,1017,NaN,D,20,JLB,
2017101112,17l.2017,OPHELIA,TY,NN,30.0,323.3,55,992,134,7,134,7,53,,50,60,50,30,,30,60,,TS,WN,B,B,240,1017,NaN,D,15,LAA,
2017101118,17l.2017,OPHELIA,TY,NN,29.8,323.8,65,990,125,5,125,5,50,40,50,60,50,25,20,30,60,20,HU,WN,B,B,300,1017,NaN,D,20,DAZ,
2017101200,17l.2017,OPHELIA,TY,NN,29.9,324.2,70,989,97,4,97,4,52,50,60,50,50,25,25,30,50,20,HU,WN,B,B,330,1016,NaN,D,20,ESB,
2017101206,17l.2017,OPHELIA,TY,NN,30.2,324.3,75,986,47,3,47,3,52,50,60,50,50,25,25,30,50,20,HU,WN,B,B,330,1016,NaN,D,20,JLB,
2017101212,17l.2017,OPHELIA,TY,NN,30.4,324.3,80,978,10,3,10,3,60,60,60,60,60,25,25,30,60,20,HU,WN,B,B,290,1014,NaN,D,20,MJB,
2017101218,17l.2017,OPHELIA,TY,NN,30.5,324.4,85,973,16,2,16,2,65,70,70,60,60,26,30,30,60,20,HU,WN,B,B,290,1014,NaN,D,20,DAZ,
2017101300,17l.2017,OPHELIA,TY,NN,30.5,324.9,90,970,79,3,79,3,68,70,80,60,60,26,30,30,60,20,HU,WN,B,B,270,1014,NaN,D,15,ESB,
2017101306,17l.2017,OPHELIA,TY,NN,30.9,325.6,90,970,69,6,69,6,68,70,80,60,60,30,30,40,60,20,HU,WN,B,B,150,1011,NaN,D,20,RJB,
2017101312,17l.2017,OPHELIA,TY,NN,31.4,326.7,90,968,60,9,60,9,70,70,80,70,60,30,30,40,70,20,HU,WN,B,B,150,1011,NaN,D,20,MJB,
2017101318,17l.2017,OPHELIA,TY,NN,32.0,327.5,95,965,56,10,56,10,70,70,80,70,60,30,30,40,70,20,HU,WN,B,B,150,1011,NaN,D,20,DAZ,
2017101400,17l.2017,OPHELIA,TY,NN,32.6,328.5,95,964,52,10,52,10,70,70,80,70,60,30,30,40,70,20,HU,WN,B,B,150,1011,NaN,D,20,LAA,
2017101406,17l.2017,OPHELIA,TY,NN,33.4,330.3,95,963,59,14,59,14,70,70,80,70,60,35,40,40,70,30,HU,WN,B,B,150,1011,NaN,D,15,SRS,
2017101412,17l.2017,OPHELIA,TY,NN,34.2,332.3,100,958,63,18,63,18,70,70,80,70,60,35,40,40,70,30,HU,WN,B,B,150,1011,NaN,D,15,LAA,
2017101418,17l.2017,OPHELIA,TY,NN,35.3,334.9,100,958,63,21,63,21,85,80,110,110,40,48,50,60,110,20,HU,WN,B,B,150,1011,NaN,D,15,DAZ,
2017101500,17l.2017,OPHELIA,TY,NN,36.3,337.3,95,958,63,23,63,23,105,100,130,130,60,58,60,70,130,30,HU,WN,B,B,150,1008,NaN,D,20,DPB,
2017101506,17l.2017,OPHELIA,TY,NN,38.0,340.3,90,960,58,26,58,26,105,100,130,130,60,58,60,70,130,30,HU,WN,B,B,150,1008,NaN,D,20,SRS,
2017101512,17l.2017,OPHELIA,TY,NN,40.1,343.1,85,961,50,30,50,30,105,100,130,130,60,58,60,70,130,30,HU,WN,B,B,150,1008,NaN,D,30,LAA,
2017101518,17l.2017,OPHELIA,TY,NN,43.1,345.7,80,962,39,33,39,33,180,100,220,220,180,80,60,100,220,60,HU,WN,B,B,150,1008,NaN,D,35,DAZ,
2017101600,17l.2017,OPHELIA,TY,NN,47.6,346.6,75,963,19,40,19,40,210,150,240,240,210,98,70,120,240,80,EX,WN,B,B,300,1012,NaN,D,40,RJB,
2017101606,17l.2017,OPHELIA,TY,NN,49.8,347.3,70,964,9,34,9,34,210,150,240,240,210,98,70,120,240,80,EX,NW,B,B,300,1012,NaN,D,45,NaN,
2017101612,17l.2017,OPHELIA,TY,NN,52.1,350.0,70,959,26,25,26,25,210,150,240,240,210,98,70,120,240,80,EX,NW,B,B,300,1012,0.51,NaN,45,NaN,
2017102400,c3l.2017,PHILIPPE,TS,NN,13.4,277.0,30,1006,180,2,180,2,NaN,NaN,NaN,NaN,NaN,NaN,NaN,NaN,NaN,NaN,TD,NW,B,B,180,1010,NaN,S,30,NaN,
2017102406,c3l.2017,PHILIPPE,TS,NN,13.6,277.0,30,1006,180,2,180,2,NaN,NaN,NaN,NaN,NaN,NaN,NaN,NaN,NaN,NaN,TD,NW,B,B,180,1010,NaN,S,30,NaN,
2017102412,c3l.2017,PHILIPPE,TS,NN,13.0,277.0,30,1007,180,2,180,2,NaN,NaN,NaN,NaN,NaN,NaN,NaN,NaN,NaN,NaN,TD,NW,B,B,180,1010,NaN,S,30,NaN,
2017102418,c3l.2017,PHILIPPE,TS,NN,13.0,277.0,30,1007,180,3,180,3,NaN,NaN,NaN,NaN,NaN,NaN,NaN,NaN,NaN,NaN,TD,NW,B,B,180,1010,NaN,S,30,NaN,
2017102500,c3l.2017,PHILIPPE,TS,NN,13.0,276.6,30,1006,270,2,270,2,NaN,NaN,NaN,NaN,NaN,NaN,NaN,NaN,NaN,NaN,TD,NW,B,B,180,1009,0.38,S,30,NaN,
2017102506,c3l.2017,PHILIPPE,TS,NN,13.4,276.6,30,1006,316,3,316,3,NaN,NaN,NaN,NaN,NaN,NaN,NaN,NaN,NaN,NaN,TD,NW,B,B,180,1009,0.42,NaN,30,NaN,
2017102512,c3l.2017,PHILIPPE,TS,NN,13.7,276.7,30,1007,8,4,8,4,NaN,NaN,NaN,NaN,NaN,NaN,NaN,NaN,NaN,NaN,TD,NW,B,B,180,1009,0.42,S,30,NaN,
2017102518,c3l.2017,PHILIPPE,TS,NN,13.8,276.7,30,1007,14,2,14,2,NaN,NaN,NaN,NaN,NaN,NaN,NaN,NaN,NaN,NaN,TD,NW,B,B,180,1009,0.56,S,30,NaN,
2017102600,c3l.2017,PHILIPPE,TS,NN,13.9,276.8,30,1006,26,1,26,1,NaN,NaN,NaN,NaN,NaN,NaN,NaN,NaN,NaN,NaN,TD,NW,B,B,180,1008,0.11,S,30,NaN,
2017102606,c3l.2017,PHILIPPE,TS,NN,14.1,276.9,25,1007,33,2,33,2,NaN,NaN,NaN,NaN,NaN,NaN,NaN,NaN,NaN,NaN,TD,NW,B,B,180,1008,0.11,S,60,NaN,
2017102612,c3l.2017,PHILIPPE,TS,NN,14.5,277.0,25,1008,18,3,18,3,NaN,NaN,NaN,NaN,NaN,NaN,NaN,NaN,NaN,NaN,TD,NW,B,B,180,1009,0.21,S,60,NaN,
2017102618,c3l.2017,PHILIPPE,TS,NN,15.0,276.9,25,1008,360,4,360,5,NaN,NaN,NaN,NaN,NaN,NaN,NaN,NaN,NaN,NaN,TD,NW,B,B,180,1009,0.16,S,70,NaN,
2017102700,c3l.2017,PHILIPPE,TS,NN,15.3,277.2,25,1007,14,4,14,4,NaN,NaN,NaN,NaN,NaN,NaN,NaN,NaN,NaN,NaN,TD,NW,B,B,180,1009,0.05,S,70,NaN,
2017102706,c3l.2017,PHILIPPE,TS,NN,15.6,277.0,25,1006,9,3,9,3,NaN,NaN,NaN,NaN,NaN,NaN,NaN,NaN,NaN,NaN,TD,NW,B,B,180,1009,0.05,S,70,NaN,
2017102712,c3l.2017,PHILIPPE,TS,NN,16.8,276.4,25,1006,333,8,333,8,NaN,NaN,NaN,NaN,NaN,NaN,NaN,NaN,NaN,NaN,TD,NW,B,B,180,1009,NaN,M,70,NaN,
2017102718,18l.2017,PHILIPPE,TS,NN,17.5,275.8,30,1006,329,11,329,11,NaN,NaN,NaN,NaN,NaN,NaN,NaN,NaN,NaN,NaN,TD,WN,B,B,180,1009,NaN,M,70,MJB,
2017102800,18l.2017,PHILIPPE,TS,NN,18.2,275.5,30,1006,328,8,328,8,NaN,NaN,NaN,NaN,NaN,NaN,NaN,NaN,NaN,NaN,TD,WN,B,B,180,1009,NaN,M,70,JLB,
2017102806,18l.2017,PHILIPPE,TS,NN,19.0,275.6,30,1005,353,8,353,8,NaN,NaN,NaN,NaN,NaN,NaN,NaN,NaN,NaN,NaN,TD,WN,B,B,250,1010,NaN,M,100,RJB,
2017102812,18l.2017,PHILIPPE,TS,NN,19.9,276.5,30,1006,29,10,29,10,NaN,NaN,NaN,NaN,NaN,NaN,NaN,NaN,NaN,NaN,TD,WN,B,B,250,1010,NaN,M,90,SRS,
2017102818,18l.2017,PHILIPPE,TS,NN,21.8,277.6,35,1004,34,17,34,17,90,90,90,,,NaN,NaN,NaN,NaN,NaN,TS,WN,B,B,250,1010,0.19,M,90,SRS,
2017102900,18l.2017,PHILIPPE,TS,NN,24.0,277.6,40,1001,14,21,14,21,90,90,90,,,NaN,NaN,NaN,NaN,NaN,TS,WN,B,B,250,1009,NaN,M,90,JLB,
2017102906,18l.2017,PHILIPPE,TS,NN,25.7,278.9,45,999,17,20,17,20,75,100,140,30,30,NaN,NaN,NaN,NaN,NaN,TS,WN,B,B,250,1009,0.61,M,40,RJP,
2017102912,18l.2017,PHILIPPE,TS,NN,27.5,281.1,45,998,42,24,42,24,100,120,170,60,50,NaN,NaN,NaN,NaN,NaN,TS,WN,B,B,250,1009,NaN,D,50,SRS,
2017102918,18l.2017,PHILIPPE,TS,NN,29.0,284.4,50,995,56,29,56,29,133,150,200,50,,100,,100,50,,TS,WN,B,B,250,1009,NaN,D,50,SRS,
2017110400,c5l.2017,RINA,TS,NN,23.6,307.2,25,1013,13,10,13,10,NaN,NaN,NaN,NaN,NaN,NaN,NaN,NaN,NaN,NaN,TD,NW,B,B,100,1015,NaN,S,60,NaN,
2017110406,c5l.2017,RINA,TS,NN,24.5,307.5,25,1013,13,10,13,10,NaN,NaN,NaN,NaN,NaN,NaN,NaN,NaN,NaN,NaN,TD,NW,B,B,100,1015,NaN,S,60,NaN,
2017110412,c5l.2017,RINA,TS,NN,25.6,307.7,25,1013,13,10,13,10,NaN,NaN,NaN,NaN,NaN,NaN,NaN,NaN,NaN,NaN,TD,NW,B,B,100,1015,NaN,S,90,NaN,
2017110418,c5l.2017,RINA,TS,NN,26.5,307.9,25,1013,10,10,10,10,NaN,NaN,NaN,NaN,NaN,NaN,NaN,NaN,NaN,NaN,TD,NW,B,B,120,1015,NaN,S,90,NaN,
2017110500,c5l.2017,RINA,TS,NN,27.5,308.0,25,1014,8,10,8,10,NaN,NaN,NaN,NaN,NaN,NaN,NaN,NaN,NaN,NaN,TD,NW,B,B,150,1015,NaN,S,90,NaN,
2017110506,c5l.2017,RINA,TS,NN,28.4,308.0,25,1014,3,10,3,10,NaN,NaN,NaN,NaN,NaN,NaN,NaN,NaN,NaN,NaN,TD,NW,B,B,150,1017,NaN,S,90,NaN,
2017110512,c5l.2017,RINA,TS,NN,29.0,308.1,25,1014,3,8,3,8,NaN,NaN,NaN,NaN,NaN,NaN,NaN,NaN,NaN,NaN,TD,NW,B,B,150,1017,NaN,M,60,NaN,
2017110518,c5l.2017,RINA,TS,NN,29.2,308.3,30,1013,18,4,18,4,NaN,NaN,NaN,NaN,NaN,NaN,NaN,NaN,NaN,NaN,TD,NW,B,B,150,1017,NaN,M,30,NaN,
2017110600,c5l.2017,RINA,TS,NN,29.0,308.8,30,1013,90,3,90,3,NaN,NaN,NaN,NaN,NaN,NaN,NaN,NaN,NaN,NaN,TD,NW,B,B,150,1017,NaN,M,30,NaN,
2017110606,19l.2017,RINA,TS,NN,29.0,309.4,30,1013,102,5,102,5,NaN,NaN,NaN,NaN,NaN,NaN,NaN,NaN,NaN,NaN,TD,WN,B,B,150,1017,NaN,M,30,NaN,
2017110612,19l.2017,RINA,TS,NN,29.3,309.5,30,1013,64,3,64,3,NaN,NaN,NaN,NaN,NaN,NaN,NaN,NaN,NaN,NaN,TD,WN,B,B,150,1017,NaN,M,30,JPC,
2017110618,19l.2017,RINA,TS,NN,29.5,309.9,30,1013,41,3,41,3,NaN,NaN,NaN,NaN,NaN,NaN,NaN,NaN,NaN,NaN,TD,WN,B,B,150,1017,NaN,M,30,JPC,
2017110700,19l.2017,RINA,TS,NN,30.0,310.0,35,1011,32,4,32,4,50,50,,,,NaN,NaN,NaN,NaN,NaN,TS,WN,B,B,150,1017,NaN,M,50,MJB,
2017110706,19l.2017,RINA,TS,NN,30.9,310.1,40,1009,7,7,7,7,50,50,,,,NaN,NaN,NaN,NaN,NaN,TS,WN,B,B,150,1017,NaN,M,45,SRS,
2017110712,19l.2017,RINA,TS,NN,31.7,310.4,40,1006,11,9,11,9,90,90,90,,,NaN,NaN,NaN,NaN,NaN,TS,WN,B,B,150,1015,NaN,D,50,ESB,
2017110718,19l.2017,RINA,TS,NN,33.0,310.9,40,1006,18,11,18,11,120,120,120,,,NaN,NaN,NaN,NaN,NaN,TS,WN,B,B,150,1013,NaN,D,60,ESB,
2017110800,19l.2017,RINA,TS,NN,34.6,311.3,45,1000,15,15,15,15,110,130,130,,70,NaN,NaN,NaN,NaN,NaN,TS,WN,B,B,150,1013,NaN,D,70,DPB,
2017110806,19l.2017,RINA,TS,NN,36.4,311.3,50,997,6,17,6,17,120,140,140,,80,70,70,70,,,TS,WN,B,B,150,1013,NaN,D,70,SRS,
2017110812,19l.2017,RINA,TS,NN,38.4,311.1,50,997,358,19,358,19,120,140,140,,80,70,70,70,,,TS,WN,B,B,150,1013,NaN,D,70,ESB,
2017110818,19l.2017,RINA,TS,NN,40.0,311.0,45,995,356,18,356,18,120,180,180,60,60,NaN,NaN,NaN,NaN,NaN,TS,WN,B,B,150,1011,NaN,D,35,ESB,
2017110900,19l.2017,RINA,TS,NN,41.4,311.1,45,995,360,15,360,15,120,180,180,60,60,NaN,NaN,NaN,NaN,NaN,TS,WN,B,B,150,1011,NaN,D,35,MJB,
2017110906,19l.2017,RINA,TS,NN,43.5,312.0,40,998,12,18,12,18,100,100,100,,,NaN,NaN,NaN,NaN,NaN,TS,WN,B,B,150,1011,NaN,D,35,LAA,
2017110912,19l.2017,RINA,TS,NN,45.5,313.0,40,998,19,22,19,22,130,120,180,,90,NaN,NaN,NaN,NaN,NaN,TS,WN,B,B,150,1011,NaN,D,60,ESB,
2017050718,a0e.2017,9X-A0E,TS,NN,7.9,271.2,20,1008,270,2,270,2,NaN,NaN,NaN,NaN,NaN,NaN,NaN,NaN,NaN,NaN,DB,NW,B,B,180,1010,NaN,S,120,NaN,
2017050800,a0e.2017,9X-A0E,TS,NN,7.9,271.0,20,1008,270,2,270,2,NaN,NaN,NaN,NaN,NaN,NaN,NaN,NaN,NaN,NaN,DB,NW,B,B,180,1010,NaN,S,120,NaN,
2017050806,a0e.2017,9X-A0E,TS,NN,7.9,270.8,20,1008,270,2,270,2,NaN,NaN,NaN,NaN,NaN,NaN,NaN,NaN,NaN,NaN,DB,NW,B,B,180,1010,NaN,NaN,120,NaN,
2017050812,a0e.2017,9X-A0E,TS,NN,7.9,270.6,20,1008,270,2,270,2,NaN,NaN,NaN,NaN,NaN,NaN,NaN,NaN,NaN,NaN,DB,NW,B,B,180,1010,NaN,S,120,NaN,
2017050818,a0e.2017,9X-A0E,TS,NN,8.0,270.4,25,1008,284,2,284,2,NaN,NaN,NaN,NaN,NaN,NaN,NaN,NaN,NaN,NaN,DB,NW,B,B,180,1010,NaN,S,90,NaN,
2017050900,a0e.2017,9X-A0E,TS,NN,8.2,270.2,25,1007,307,2,307,2,NaN,NaN,NaN,NaN,NaN,NaN,NaN,NaN,NaN,NaN,LO,NW,B,B,180,1010,NaN,S,70,NaN,
2017050906,a0e.2017,9X-A0E,TS,NN,8.5,269.9,25,1007,315,4,315,4,NaN,NaN,NaN,NaN,NaN,NaN,NaN,NaN,NaN,NaN,LO,NW,B,B,180,1010,NaN,NaN,60,NaN,
2017050912,a0e.2017,9X-A0E,TS,NN,8.9,269.5,25,1007,315,5,315,5,NaN,NaN,NaN,NaN,NaN,NaN,NaN,NaN,NaN,NaN,LO,NW,B,B,180,1010,NaN,S,50,NaN,
2017050918,01e.2017,ADRIAN,TS,NN,9.3,268.8,30,1006,297,4,306,7,NaN,NaN,NaN,NaN,NaN,NaN,NaN,NaN,NaN,NaN,TD,WN,B,B,150,1010,NaN,M,40,NaN,
2017051000,01e.2017,ADRIAN,TS,NN,9.5,268.3,35,1005,297,4,297,7,45,,,40,50,NaN,NaN,NaN,NaN,NaN,TS,WN,B,B,150,1010,NaN,M,25,SRS,
2017051006,01e.2017,ADRIAN,TS,NN,9.7,268.0,40,1004,297,4,297,4,45,,,40,50,NaN,NaN,NaN,NaN,NaN,TS,WN,B,B,150,1010,NaN,M,25,LAA,
2017051012,01e.2017,ADRIAN,TS,NN,9.9,267.7,35,1004,304,4,304,4,45,,,40,50,NaN,NaN,NaN,NaN,NaN,TS,WN,B,B,120,1009,NaN,M,25,NaN,
2017051018,01e.2017,ADRIAN,TS,NN,10.2,267.4,35,1004,310,4,310,4,45,,,40,50,NaN,NaN,NaN,NaN,NaN,TS,WN,B,B,120,1009,NaN,M,25,NaN,
2017051100,01e.2017,ADRIAN,TS,NN,10.5,267.1,30,1006,315,4,315,4,NaN,NaN,NaN,NaN,NaN,NaN,NaN,NaN,NaN,NaN,LO,WN,B,B,120,1009,NaN,S,30,SRS,
2017051106,01e.2017,ADRIAN,TS,NN,10.8,266.9,25,1007,321,4,321,4,NaN,NaN,NaN,NaN,NaN,NaN,NaN,NaN,NaN,NaN,LO,WN,B,B,120,1010,NaN,S,30,LAA,
2017051112,01e.2017,ADRIAN,TS,NN,11.2,266.7,25,1008,331,4,331,4,NaN,NaN,NaN,NaN,NaN,NaN,NaN,NaN,NaN,NaN,LO,WN,B,B,120,1011,NaN,S,30,RJP,
2017051118,01e.2017,ADRIAN,TS,NN,11.6,266.2,20,1008,319,5,319,5,NaN,NaN,NaN,NaN,NaN,NaN,NaN,NaN,NaN,NaN,LO,NW,B,B,120,1011,NaN,S,30,NaN,
2017051200,01e.2017,ADRIAN,TS,NN,12.3,265.4,20,1008,311,8,311,8,NaN,NaN,NaN,NaN,NaN,NaN,NaN,NaN,NaN,NaN,LO,NW,B,B,120,1010,NaN,S,40,NaN,
2017051206,01e.2017,ADRIAN,TS,NN,12.9,264.4,20,1008,306,11,306,11,NaN,NaN,NaN,NaN,NaN,NaN,NaN,NaN,NaN,NaN,LO,NW,B,B,140,1011,NaN,NaN,60,NaN,
2017052912,a1e.2017,9X-A1E,TS,NN,11.5,260.8,20,1009,63,2,63,2,NaN,NaN,NaN,NaN,NaN,NaN,NaN,NaN,NaN,NaN,LO,NW,B,B,150,1012,NaN,S,100,NaN,
2017052918,a1e.2017,9X-A1E,TS,NN,11.6,260.9,20,1009,63,2,63,2,NaN,NaN,NaN,NaN,NaN,NaN,NaN,NaN,NaN,NaN,LO,NW,B,B,150,1012,NaN,S,100,NaN,
2017053000,a1e.2017,9X-A1E,TS,NN,11.7,261.2,20,1008,63,2,63,2,NaN,NaN,NaN,NaN,NaN,NaN,NaN,NaN,NaN,NaN,LO,NW,B,B,150,1009,NaN,S,100,NaN,
2017053006,a1e.2017,9X-A1E,TS,NN,12.3,261.4,20,1008,35,4,35,4,NaN,NaN,NaN,NaN,NaN,NaN,NaN,NaN,NaN,NaN,LO,NW,B,B,150,1009,NaN,NaN,100,NaN,
2017053012,a1e.2017,9X-A1E,TS,NN,13.0,261.5,20,1008,13,7,13,7,NaN,NaN,NaN,NaN,NaN,NaN,NaN,NaN,NaN,NaN,LO,NW,B,B,150,1010,NaN,S,100,NaN,
2017053018,a1e.2017,9X-A1E,TS,NN,13.5,261.8,25,1008,18,6,18,6,NaN,NaN,NaN,NaN,NaN,NaN,NaN,NaN,NaN,NaN,LO,NW,B,B,150,1010,NaN,S,100,NaN,
2017053100,a1e.2017,9X-A1E,TS,NN,13.6,261.9,25,1007,33,4,33,4,NaN,NaN,NaN,NaN,NaN,NaN,NaN,NaN,NaN,NaN,LO,NW,B,B,200,1008,NaN,S,100,NaN,
2017053106,a1e.2017,9X-A1E,TS,NN,13.7,262.0,25,1008,44,1,44,1,NaN,NaN,NaN,NaN,NaN,NaN,NaN,NaN,NaN,NaN,LO,NW,B,B,175,1010,NaN,S,110,NaN,
2017053112,02e.2017,BEATRIZ,TS,NN,13.8,262.1,25,1007,44,3,44,1,NaN,NaN,NaN,NaN,NaN,NaN,NaN,NaN,NaN,NaN,TD,WN,B,B,175,1010,NaN,M,90,JLB,
2017053118,02e.2017,BEATRIZ,TS,NN,14.0,262.3,30,1006,44,3,44,2,NaN,NaN,NaN,NaN,NaN,NaN,NaN,NaN,NaN,NaN,TD,WN,B,B,175,1010,NaN,M,90,JLB,
2017060100,02e.2017,BEATRIZ,TS,NN,14.2,262.5,30,1004,44,3,44,3,NaN,NaN,NaN,NaN,NaN,NaN,NaN,NaN,NaN,NaN,TD,WN,B,B,175,1008,NaN,M,70,DPB,
2017060106,02e.2017,BEATRIZ,TS,NN,14.5,262.7,35,1003,38,3,38,3,25,20,20,30,30,NaN,NaN,NaN,NaN,NaN,TS,WN,B,B,175,1008,NaN,M,70,LAA,
2017060112,02e.2017,BEATRIZ,TS,NN,14.8,262.9,40,1001,33,4,33,4,25,20,20,30,30,NaN,NaN,NaN,NaN,NaN,TS,WN,B,B,175,1008,NaN,M,70,JLB,
2017060118,02e.2017,BEATRIZ,TS,NN,15.1,263.1,40,1001,33,4,33,4,25,20,20,30,30,NaN,NaN,NaN,NaN,NaN,TS,WN,B,B,175,1008,NaN,M,30,JLB,
2017060200,02e.2017,BEATRIZ,TS,NN,15.7,263.4,40,1001,28,5,28,5,23,,20,30,20,NaN,NaN,NaN,NaN,NaN,TS,WN,B,B,150,1006,0.29,M,30,DPB,
2017060206,02e.2017,BEATRIZ,TS,NN,16.3,263.7,30,1006,26,7,26,7,NaN,NaN,NaN,NaN,NaN,NaN,NaN,NaN,NaN,NaN,TD,WN,B,B,90,1008,1.00,M,30,RJB,
2017060212,02e.2017,BEATRIZ,TS,NN,16.9,263.8,20,1007,18,6,18,6,NaN,NaN,NaN,NaN,NaN,NaN,NaN,NaN,NaN,NaN,LO,WN,B,B,90,1008,0.97,M,30,JLB,
2017061018,a2e.2017,9X-A2E,TS,NN,13.6,266.1,25,1008,289,3,289,3,NaN,NaN,NaN,NaN,NaN,NaN,NaN,NaN,NaN,NaN,DB,NW,B,B,150,1010,NaN,S,80,NaN,
2017061100,a2e.2017,9X-A2E,TS,NN,13.7,265.8,25,1008,289,3,289,3,NaN,NaN,NaN,NaN,NaN,NaN,NaN,NaN,NaN,NaN,DB,NW,B,B,150,1010,NaN,S,80,NaN,
2017061106,a2e.2017,9X-A2E,TS,NN,13.8,265.5,25,1008,289,3,289,3,NaN,NaN,NaN,NaN,NaN,NaN,NaN,NaN,NaN,NaN,DB,NW,B,B,150,1010,NaN,NaN,80,NaN,
2017061112,a2e.2017,9X-A2E,TS,NN,14.0,265.3,30,1006,348,5,302,3,NaN,NaN,NaN,NaN,NaN,NaN,NaN,NaN,NaN,NaN,TD,NW,B,B,150,1010,NaN,M,80,NaN,
2017061118,03e.2017,CALVIN,TS,NN,14.5,265.2,30,1006,348,5,337,4,NaN,NaN,NaN,NaN,NaN,NaN,NaN,NaN,NaN,NaN,TD,WN,B,B,120,1010,NaN,M,60,RJP,
2017061200,03e.2017,CALVIN,TS,NN,14.9,265.1,30,1006,348,5,348,5,NaN,NaN,NaN,NaN,NaN,NaN,NaN,NaN,NaN,NaN,TD,WN,B,B,120,1010,NaN,M,55,SRS,
2017061206,03e.2017,CALVIN,TS,NN,15.2,265.0,30,1006,345,4,345,4,NaN,NaN,NaN,NaN,NaN,NaN,NaN,NaN,NaN,NaN,TD,WN,B,B,120,1010,NaN,M,55,JLB,
2017061212,03e.2017,CALVIN,TS,NN,15.4,264.8,30,1006,330,3,330,3,NaN,NaN,NaN,NaN,NaN,NaN,NaN,NaN,NaN,NaN,TD,WN,B,B,150,1010,NaN,M,50,RJP,
2017061218,03e.2017,CALVIN,TS,NN,15.6,264.6,35,1005,316,3,316,3,50,50,50,50,,NaN,NaN,NaN,NaN,NaN,TS,WN,B,B,120,1010,0.06,M,40,RJP,
2017061300,03e.2017,CALVIN,TS,NN,15.9,264.3,40,1004,316,3,316,3,50,,50,50,,NaN,NaN,NaN,NaN,NaN,TS,WN,B,B,120,1010,0.48,M,40,SRS,
2017061306,03e.2017,CALVIN,TS,NN,16.2,263.9,30,1007,312,5,312,5,NaN,NaN,NaN,NaN,NaN,NaN,NaN,NaN,NaN,NaN,TD,WN,B,B,100,1008,0.70,M,40,DPB,
2017061312,03e.2017,CALVIN,TS,NN,16.3,263.7,25,1007,305,4,305,4,NaN,NaN,NaN,NaN,NaN,NaN,NaN,NaN,NaN,NaN,TD,WN,B,B,100,1008,1.00,M,50,JPC,
2017062312,a3e.2017,9X-A3E,TY,NN,12.6,264.9,20,1009,278,7,278,7,NaN,NaN,NaN,NaN,NaN,NaN,NaN,NaN,NaN,NaN,DB,NW,B,B,150,1010,NaN,S,50,NaN,
2017062318,a3e.2017,9X-A3E,TY,NN,12.7,264.2,25,1009,278,7,278,7,NaN,NaN,NaN,NaN,NaN,NaN,NaN,NaN,NaN,NaN,DB,NW,B,B,150,1010,NaN,S,80,NaN,
2017062400,a3e.2017,9X-A3E,TY,NN,12.8,263.5,25,1008,286,7,278,7,NaN,NaN,NaN,NaN,NaN,NaN,NaN,NaN,NaN,NaN,LO,NW,B,B,180,1010,NaN,S,60,NaN,
2017062406,a3e.2017,9X-A3E,TY,NN,13.0,262.8,25,1008,286,7,282,7,NaN,NaN,NaN,NaN,NaN,NaN,NaN,NaN,NaN,NaN,LO,NW,B,B,180,1010,NaN,S,60,NaN,
2017062412,a3e.2017,9X-A3E,TY,NN,13.2,262.1,25,1008,286,7,286,7,NaN,NaN,NaN,NaN,NaN,NaN,NaN,NaN,NaN,NaN,LO,NW,B,B,180,1010,NaN,M,60,NaN,
2017062418,a3e.2017,9X-A3E,TY,NN,13.6,261.3,25,1007,292,8,292,8,NaN,NaN,NaN,NaN,NaN,NaN,NaN,NaN,NaN,NaN,TD,NW,B,B,180,1010,NaN,M,60,NaN,
2017062500,04e.2017,DORA,TY,NN,14.0,260.5,30,1006,297,9,297,9,NaN,NaN,NaN,NaN,NaN,NaN,NaN,NaN,NaN,NaN,TD,WN,B,B,90,1009,NaN,M,60,RJB,
2017062506,04e.2017,DORA,TY,NN,14.4,259.6,35,1005,296,9,296,9,40,40,,,,NaN,NaN,NaN,NaN,NaN,TS,WN,B,B,90,1010,NaN,M,40,ESB,
2017062512,04e.2017,DORA,TY,NN,14.9,258.6,40,1003,296,10,296,10,40,40,40,,40,NaN,NaN,NaN,NaN,NaN,TS,WN,B,B,120,1009,NaN,M,40,RJP,
2017062518,04e.2017,DORA,TY,NN,15.5,257.4,45,1001,297,12,297,12,40,40,40,,40,NaN,NaN,NaN,NaN,NaN,TS,WN,B,B,120,1009,NaN,M,40,RJP,
2017062600,04e.2017,DORA,TY,NN,16.1,256.2,55,999,297,13,297,13,45,50,50,30,50,27,30,30,30,20,TS,WN,B,B,120,1009,NaN,D,30,DPB,
2017062606,04e.2017,DORA,TY,NN,16.6,255.2,65,993,297,12,297,12,50,60,50,40,50,28,30,30,40,30,HU,WN,B,B,100,1011,NaN,D,15,ESB,
2017062612,04e.2017,DORA,TY,NN,17.1,254.2,85,978,298,11,298,11,52,70,50,40,50,30,40,30,40,30,HU,WN,B,B,100,1011,NaN,D,15,SRS,
2017062618,04e.2017,DORA,TY,NN,17.6,253.2,90,974,298,11,298,11,52,70,50,40,50,30,40,30,40,30,HU,WN,B,B,100,1011,NaN,D,15,SRS,
2017062700,04e.2017,DORA,TY,NN,18.1,252.2,85,977,298,11,298,11,50,60,50,40,50,30,40,30,40,30,HU,WN,B,B,140,1010,NaN,D,20,DPB,
2017062706,04e.2017,DORA,TY,NN,18.6,251.3,75,984,299,10,299,10,45,50,50,40,40,25,30,30,40,20,HU,WN,B,B,120,1011,NaN,D,15,ESB,
2017062712,04e.2017,DORA,TY,NN,19.0,250.3,65,990,297,10,297,10,40,40,40,40,40,20,20,20,40,20,HU,WN,B,B,140,1011,NaN,D,15,RJP,
2017062718,04e.2017,DORA,TY,NN,19.3,249.3,55,995,290,10,290,10,32,30,30,30,40,20,,,30,20,TS,WN,B,B,140,1011,NaN,D,20,JLB,
2017062800,04e.2017,DORA,TY,NN,19.5,248.3,45,1000,285,10,285,10,32,30,30,30,40,NaN,NaN,NaN,NaN,NaN,TS,WN,B,B,120,1008,NaN,M,25,DPB,
2017062806,04e.2017,DORA,TY,NN,19.7,247.4,35,1005,283,9,283,9,30,30,,,30,NaN,NaN,NaN,NaN,NaN,LO,WN,B,B,140,1011,NaN,M,25,RJB,
2017062812,04e.2017,DORA,TY,NN,19.9,246.5,30,1007,283,9,283,9,NaN,NaN,NaN,NaN,NaN,NaN,NaN,NaN,NaN,NaN,LO,WN,B,B,140,1011,NaN,M,30,SRS,
2017062818,04e.2017,DORA,TY,NN,20.1,245.6,25,1007,283,9,283,9,NaN,NaN,NaN,NaN,NaN,NaN,NaN,NaN,NaN,NaN,LO,NW,B,B,140,1011,NaN,NaN,30,NaN,
2017062900,04e.2017,DORA,TY,NN,20.4,244.7,25,1007,286,9,286,9,NaN,NaN,NaN,NaN,NaN,NaN,NaN,NaN,NaN,NaN,LO,NW,B,B,140,1011,NaN,NaN,30,NaN,
2017062906,04e.2017,DORA,TY,NN,20.7,244.0,20,1008,292,8,292,8,NaN,NaN,NaN,NaN,NaN,NaN,NaN,NaN,NaN,NaN,LO,NW,B,B,140,1011,NaN,NaN,30,NaN,
2017062912,04e.2017,DORA,TY,NN,21.0,243.4,20,1008,296,7,296,7,NaN,NaN,NaN,NaN,NaN,NaN,NaN,NaN,NaN,NaN,LO,NW,B,B,140,1011,NaN,NaN,40,NaN,
2017062918,04e.2017,DORA,TY,NN,21.4,242.9,20,1008,304,6,304,6,NaN,NaN,NaN,NaN,NaN,NaN,NaN,NaN,NaN,NaN,LO,NW,B,B,140,1011,NaN,NaN,50,NaN,
2017063000,04e.2017,DORA,TY,NN,21.4,242.6,15,1009,298,4,298,4,NaN,NaN,NaN,NaN,NaN,NaN,NaN,NaN,NaN,NaN,LO,NW,B,B,140,1011,NaN,NaN,60,NaN,
2017063006,04e.2017,DORA,TY,NN,21.3,242.5,15,1009,255,2,255,2,NaN,NaN,NaN,NaN,NaN,NaN,NaN,NaN,NaN,NaN,LO,NW,B,B,140,1011,NaN,NaN,60,NaN,
2017063012,04e.2017,DORA,TY,NN,21.1,242.4,15,1009,212,2,212,2,NaN,NaN,NaN,NaN,NaN,NaN,NaN,NaN,NaN,NaN,LO,NW,B,B,140,1011,NaN,NaN,60,NaN,
2017063018,04e.2017,DORA,TY,NN,20.6,242.4,15,1010,188,4,188,4,NaN,NaN,NaN,NaN,NaN,NaN,NaN,NaN,NaN,NaN,LO,NW,B,B,140,1011,NaN,NaN,60,NaN,
2017070100,04e.2017,DORA,TY,NN,19.9,242.2,15,1010,189,6,189,6,NaN,NaN,NaN,NaN,NaN,NaN,NaN,NaN,NaN,NaN,LO,NW,B,B,140,1011,NaN,NaN,60,NaN,
2017070600,a5e.2017,9X-A5E,TY,NN,10.8,255.6,20,1009,276,9,276,9,NaN,NaN,NaN,NaN,NaN,NaN,NaN,NaN,NaN,NaN,DB,NW,B,B,150,1010,NaN,S,90,NaN,
2017070606,a5e.2017,9X-A5E,TY,NN,10.9,254.7,20,1009,276,9,276,9,NaN,NaN,NaN,NaN,NaN,NaN,NaN,NaN,NaN,NaN,DB,NW,B,B,180,1011,NaN,M,90,NaN,
2017070612,a5e.2017,9X-A5E,TY,NN,11.0,253.7,20,1009,276,9,276,9,NaN,NaN,NaN,NaN,NaN,NaN,NaN,NaN,NaN,NaN,DB,NW,B,B,180,1011,NaN,M,90,NaN,
2017070618,a5e.2017,9X-A5E,TY,NN,11.1,252.7,25,1008,276,10,276,10,NaN,NaN,NaN,NaN,NaN,NaN,NaN,NaN,NaN,NaN,LO,NW,B,B,180,1011,NaN,M,90,NaN,
2017070700,a5e.2017,9X-A5E,TY,NN,11.1,251.7,25,1008,273,10,273,10,NaN,NaN,NaN,NaN,NaN,NaN,NaN,NaN,NaN,NaN,LO,NW,B,B,180,1010,NaN,M,80,NaN,
2017070706,a5e.2017,9X-A5E,TY,NN,11.1,250.7,25,1008,270,10,270,10,NaN,NaN,NaN,NaN,NaN,NaN,NaN,NaN,NaN,NaN,LO,NW,B,B,180,1010,NaN,M,80,NaN,
2017070712,a5e.2017,9X-A5E,TY,NN,11.2,249.8,25,1008,273,9,273,9,NaN,NaN,NaN,NaN,NaN,NaN,NaN,NaN,NaN,NaN,LO,NW,B,B,180,1010,NaN,M,80,NaN,
2017070718,05e.2017,EUGENE,TY,NN,11.6,249.2,35,1006,289,8,289,8,50,60,40,,,NaN,NaN,NaN,NaN,NaN,TS,WN,B,B,180,1012,NaN,M,60,DPR,
2017070800,05e.2017,EUGENE,TY,NN,12.1,248.7,35,1005,310,7,310,7,50,60,40,,,NaN,NaN,NaN,NaN,NaN,TS,WN,B,B,180,1012,NaN,M,45,JLB,
2017070806,05e.2017,EUGENE,TY,NN,12.6,248.2,40,1005,316,7,316,7,50,60,40,,50,NaN,NaN,NaN,NaN,NaN,TS,WN,B,B,180,1012,NaN,D,30,SRS,
2017070812,05e.2017,EUGENE,TY,NN,13.2,247.4,50,1000,311,8,311,8,50,60,40,,50,20,20,,,20,TS,WN,B,B,180,1012,NaN,D,20,LAA,
2017070818,05e.2017,EUGENE,TY,NN,13.5,246.9,60,995,305,8,305,8,50,60,40,,50,20,20,,,20,TS,WN,B,B,180,1012,NaN,D,20,LAA,
2017070900,05e.2017,EUGENE,TY,NN,14.0,246.7,70,988,320,5,320,5,50,70,50,30,50,23,30,20,30,20,HU,WN,B,B,180,1012,NaN,D,20,JLB,
2017070906,05e.2017,EUGENE,TY,NN,14.8,246.2,85,976,332,7,332,7,88,100,110,60,80,40,50,40,60,40,HU,WN,B,B,210,1011,NaN,D,20,RJB,
2017070912,05e.2017,EUGENE,TY,NN,15.6,245.7,95,976,329,9,329,9,90,110,110,60,80,40,50,40,60,40,HU,WN,B,B,210,1012,NaN,D,20,CWL,
2017070918,05e.2017,EUGENE,TY,NN,16.3,245.0,100,965,322,9,322,9,90,110,110,60,80,40,50,40,60,40,HU,WN,B,B,210,1012,NaN,D,20,LAA,
2017071000,05e.2017,EUGENE,TY,NN,17.1,244.4,90,972,320,10,320,10,82,90,90,70,80,45,50,50,70,40,HU,WN,B,B,200,1010,NaN,D,20,JPC,
2017071006,05e.2017,EUGENE,TY,NN,17.7,243.8,85,976,321,9,321,9,75,90,80,60,70,42,50,50,60,40,HU,WN,B,B,220,1011,NaN,D,20,RJB,
2017071012,05e.2017,EUGENE,TY,NN,18.3,243.1,75,977,314,9,314,9,75,90,80,60,70,42,50,50,60,40,HU,WN,B,B,220,1009,NaN,D,20,CWL,
2017071018,05e.2017,EUGENE,TY,NN,18.9,242.5,70,980,314,9,314,9,78,90,80,70,70,40,50,50,70,30,HU,WN,B,B,220,1009,NaN,D,20,SRS,
2017071100,05e.2017,EUGENE,TY,NN,19.6,242.0,60,990,321,8,321,8,78,90,80,70,70,40,50,50,70,30,TS,WN,B,B,200,1010,NaN,D,20,RJP,
2017071106,05e.2017,EUGENE,TY,NN,20.3,241.5,55,995,326,8,326,8,72,90,70,60,70,33,40,30,60,30,TS,WN,B,B,200,1010,NaN,D,20,RJB,
2017071112,05e.2017,EUGENE,TY,NN,20.9,240.8,50,998,319,9,319,9,72,90,70,60,70,25,30,20,60,,TS,WN,B,B,200,1010,NaN,D,25,CWL,
2017071118,05e.2017,EUGENE,TY,NN,21.4,240.2,45,1001,312,8,312,8,72,90,70,60,70,NaN,NaN,NaN,NaN,NaN,TS,WN,B,B,200,1011,NaN,M,25,CWL,
2017071200,05e.2017,EUGENE,TY,NN,22.0,239.7,40,1004,317,8,317,8,65,80,60,50,70,NaN,NaN,NaN,NaN,NaN,TS,WN,B,B,200,1011,NaN,M,25,SRS,
2017071206,05e.2017,EUGENE,TY,NN,22.6,239.2,35,1005,322,8,322,8,47,50,50,,40,NaN,NaN,NaN,NaN,NaN,TS,WN,B,B,180,1012,NaN,M,25,RJB,
2017071212,05e.2017,EUGENE,TY,NN,23.3,238.5,30,1006,320,9,320,9,NaN,NaN,NaN,NaN,NaN,NaN,NaN,NaN,NaN,NaN,TD,WN,B,B,200,1011,NaN,S,30,CWL,
2017071218,05e.2017,EUGENE,TY,NN,23.8,237.8,30,1006,313,9,313,9,NaN,NaN,NaN,NaN,NaN,NaN,NaN,NaN,NaN,NaN,LO,WN,B,B,200,1011,NaN,S,30,CWL,
2017071012,b6e.2017,9X-B6E,TY,NN,12.0,256.8,20,1010,273,10,273,10,NaN,NaN,NaN,NaN,NaN,NaN,NaN,NaN,NaN,NaN,DB,NW,B,B,NaN,NaN,NaN,NaN,NaN,NaN,
2017071018,b6e.2017,9X-B6E,TY,NN,12.0,255.8,20,1010,273,10,273,10,NaN,NaN,NaN,NaN,NaN,NaN,NaN,NaN,NaN,NaN,DB,NW,B,B,NaN,NaN,NaN,NaN,NaN,NaN,
2017071100,b6e.2017,9X-B6E,TY,NN,12.1,254.7,20,1009,273,10,273,10,NaN,NaN,NaN,NaN,NaN,NaN,NaN,NaN,NaN,NaN,DB,NW,B,B,180,1010,NaN,S,60,NaN,
2017071106,b6e.2017,9X-B6E,TY,NN,12.1,253.7,20,1009,273,10,273,10,NaN,NaN,NaN,NaN,NaN,NaN,NaN,NaN,NaN,NaN,DB,NW,B,B,180,1010,NaN,S,60,NaN,
2017071112,b6e.2017,9X-B6E,TY,NN,12.1,252.7,25,1008,270,10,270,10,NaN,NaN,NaN,NaN,NaN,NaN,NaN,NaN,NaN,NaN,DB,NW,B,B,180,1010,NaN,S,60,NaN,
2017071118,b6e.2017,9X-B6E,TY,NN,12.2,251.6,25,1007,267,9,273,10,NaN,NaN,NaN,NaN,NaN,NaN,NaN,NaN,NaN,NaN,TD,NW,B,B,180,1010,NaN,S,60,NaN,
2017071200,06e.2017,FERNANDA,TY,NN,12.2,250.6,30,1007,267,9,273,10,NaN,NaN,NaN,NaN,NaN,NaN,NaN,NaN,NaN,NaN,TD,WN,B,B,180,1010,NaN,M,40,DPB,
2017071206,06e.2017,FERNANDA,TY,NN,12.1,249.8,30,1007,267,9,267,9,NaN,NaN,NaN,NaN,NaN,NaN,NaN,NaN,NaN,NaN,TD,WN,B,B,180,1011,NaN,M,40,RJB,
2017071212,06e.2017,FERNANDA,TY,NN,12.0,249.0,30,1006,263,8,263,8,NaN,NaN,NaN,NaN,NaN,NaN,NaN,NaN,NaN,NaN,TD,WN,B,B,180,1011,NaN,M,40,JLB,
2017071218,06e.2017,FERNANDA,TY,NN,11.9,248.2,35,1005,263,8,263,8,20,,20,20,20,NaN,NaN,NaN,NaN,NaN,TS,WN,B,B,180,1011,NaN,M,20,JLB,
2017071300,06e.2017,FERNANDA,TY,NN,11.8,247.4,40,1004,263,8,263,8,25,20,20,30,30,NaN,NaN,NaN,NaN,NaN,TS,WN,B,B,150,1010,NaN,M,20,DPB,
2017071306,06e.2017,FERNANDA,TY,NN,11.7,246.5,45,1003,263,8,263,8,32,20,30,40,40,NaN,NaN,NaN,NaN,NaN,TS,WN,B,B,160,1011,NaN,M,15,RJB,
2017071312,06e.2017,FERNANDA,TY,NN,11.5,245.5,55,1000,261,9,261,9,35,20,40,40,40,20,,20,40,,TS,WN,B,B,160,1012,NaN,D,15,DAZ,
2017071318,06e.2017,FERNANDA,TY,NN,11.3,244.5,65,995,258,10,258,10,48,40,50,50,50,22,20,30,50,20,HU,WN,B,B,160,1012,NaN,D,15,JLB,
2017071400,06e.2017,FERNANDA,TY,NN,11.1,243.5,75,987,258,10,258,10,50,50,50,50,50,25,30,30,50,20,HU,WN,B,B,160,1010,NaN,D,15,DPB,
2017071406,06e.2017,FERNANDA,TY,NN,11.0,242.6,85,980,261,9,261,9,50,50,50,50,50,25,30,30,50,20,HU,WN,B,B,160,1010,NaN,D,15,LAA,
2017071412,06e.2017,FERNANDA,TY,NN,10.8,241.7,95,972,260,9,260,9,55,50,60,50,60,25,30,30,50,20,HU,WN,B,B,160,1010,NaN,D,15,DAZ,
2017071418,06e.2017,FERNANDA,TY,NN,10.7,240.7,110,961,261,9,261,9,58,60,60,50,60,32,40,40,50,30,HU,WN,B,B,160,1012,NaN,D,15,RJP,
2017071500,06e.2017,FERNANDA,TY,NN,10.7,239.7,125,948,267,10,267,10,60,60,60,60,60,32,40,40,60,30,HU,WN,B,B,160,1012,NaN,D,10,JLB,
2017071506,06e.2017,FERNANDA,TY,NN,10.8,238.7,125,948,273,10,273,10,60,60,60,60,60,32,40,40,60,30,HU,WN,B,B,160,1012,NaN,D,10,LAA,
2017071512,06e.2017,FERNANDA,TY,NN,11.0,237.7,120,953,279,10,279,10,65,70,60,60,70,32,40,40,60,30,HU,WN,B,B,160,1012,NaN,D,10,DAZ,
2017071518,06e.2017,FERNANDA,TY,NN,11.3,236.5,115,955,283,11,283,11,70,80,70,60,70,32,40,40,60,30,HU,WN,B,B,180,1011,NaN,D,10,JPC,
2017071600,06e.2017,FERNANDA,TY,NN,11.6,235.3,115,955,284,12,284,12,72,90,70,60,70,32,40,40,60,30,HU,WN,B,B,180,1011,NaN,D,10,JLB,
2017071606,06e.2017,FERNANDA,TY,NN,11.9,234.2,115,955,285,12,285,12,78,100,80,60,70,32,40,40,60,30,HU,WN,B,B,180,1011,NaN,D,10,SRS,
2017071612,06e.2017,FERNANDA,TY,NN,12.2,233.1,115,955,286,11,286,11,78,100,80,60,70,38,40,40,60,40,HU,WN,B,B,200,1010,NaN,D,10,DPB,
2017071618,06e.2017,FERNANDA,TY,NN,12.5,232.1,115,955,286,11,286,11,82,100,90,60,80,48,50,50,60,50,HU,WN,B,B,200,1010,NaN,D,10,JPC,
2017071700,06e.2017,FERNANDA,TY,NN,12.8,231.2,110,956,288,10,288,10,85,100,90,70,80,45,50,50,70,40,HU,WN,B,B,180,1010,NaN,D,10,RJP,
2017071706,06e.2017,FERNANDA,TY,NN,13.1,230.3,110,957,289,9,289,9,85,100,90,70,80,45,50,50,70,40,HU,WN,B,B,180,1010,NaN,D,10,JPC,
2017071712,06e.2017,FERNANDA,TY,NN,13.5,229.5,105,959,293,9,293,9,88,100,100,70,80,45,50,50,70,40,HU,WN,B,B,180,1009,NaN,D,10,CWL,
2017071718,06e.2017,FERNANDA,TY,NN,13.9,228.8,100,963,299,8,299,8,88,100,100,70,80,45,50,50,70,40,HU,WN,B,B,180,1010,NaN,D,10,RJP,
2017071800,06e.2017,FERNANDA,TY,NN,14.4,228.2,95,967,306,8,306,8,88,100,100,70,80,45,50,50,70,40,HU,WN,B,B,180,1010,NaN,D,10,DPR,
2017071806,06e.2017,FERNANDA,TY,NN,14.9,227.6,90,971,311,8,311,8,88,100,100,70,80,45,50,50,70,40,HU,WN,B,B,180,1010,NaN,D,10,JPC,
2017071812,06e.2017,FERNANDA,TY,NN,15.4,227.1,90,971,313,7,313,7,85,100,90,70,80,45,50,50,70,40,HU,WN,B,B,180,1009,NaN,D,15,CWL,
2017071818,06e.2017,FERNANDA,TY,NN,15.9,226.5,90,971,313,7,313,7,80,90,80,70,80,45,50,50,70,40,HU,WN,B,B,180,1011,NaN,D,15,CWL,
2017071900,06e.2017,FERNANDA,TY,NN,16.4,225.9,85,976,311,8,311,8,75,80,70,70,80,45,50,50,70,40,HU,WN,B,B,180,1011,NaN,D,15,DPR,
2017071906,06e.2017,FERNANDA,TY,NN,16.8,225.3,80,980,308,7,308,7,68,70,60,60,80,38,40,40,60,40,HU,WN,B,B,180,1011,NaN,D,15,SRS,
2017071912,06e.2017,FERNANDA,TY,NN,17.1,224.7,75,983,301,7,301,7,68,70,60,60,80,38,40,40,60,40,HU,WN,B,B,180,1011,NaN,D,15,JLB,
2017071918,06e.2017,FERNANDA,TY,NN,17.4,224.1,70,987,298,6,298,6,65,70,60,60,70,30,30,30,60,30,HU,WN,B,B,180,1011,NaN,D,15,JLB,
2017072000,06e.2017,FERNANDA,TY,NN,17.7,223.4,65,990,296,7,296,7,65,70,60,60,70,30,30,30,60,30,HU,WN,B,B,180,1011,NaN,D,15,LAA,
2017072006,06e.2017,FERNANDA,TY,NN,18.0,222.5,60,993,291,8,291,8,65,70,60,60,70,25,30,20,60,30,TS,WN,B,B,180,1011,NaN,D,15,SRS,
2017072012,06e.2017,FERNANDA,TY,NN,18.1,221.3,55,999,281,10,281,10,65,80,60,50,70,27,30,20,50,30,TS,WN,B,B,180,1012,NaN,D,20,JLB,
2017072018,06e.2017,FERNANDA,TY,NN,18.1,220.1,45,1004,273,11,273,11,62,80,60,50,60,NaN,NaN,NaN,NaN,NaN,TS,WN,B,B,150,1012,NaN,D,20,JLB,
2017072100,06e.2017,FERNANDA,TY,NN,18.3,219.1,45,1000,275,10,275,10,52,70,40,30,70,NaN,NaN,NaN,NaN,NaN,TS,WN,B,B,120,1011,NaN,S,30,KRK,
2017072106,06e.2017,FERNANDA,TY,NN,18.4,217.9,45,1000,278,11,278,11,52,70,40,30,70,NaN,NaN,NaN,NaN,NaN,TS,WN,B,B,100,1012,NaN,M,30,JRJ,
2017072112,06e.2017,FERNANDA,TY,NN,18.5,216.8,40,1002,275,11,275,11,48,70,30,20,70,NaN,NaN,NaN,NaN,NaN,TS,WN,B,B,90,1012,NaN,M,30,JRJ,
2017072118,06e.2017,FERNANDA,TY,NN,18.6,216.1,35,1004,277,9,277,9,48,70,30,20,70,NaN,NaN,NaN,NaN,NaN,TS,WN,B,B,90,1012,NaN,M,30,JDP,
2017072200,06e.2017,FERNANDA,TY,NN,18.7,215.6,35,1004,280,6,280,6,50,50,,,50,NaN,NaN,NaN,NaN,NaN,TS,WN,B,B,90,1012,NaN,M,30,JDP,
2017072206,06e.2017,FERNANDA,TY,NN,18.9,215.1,35,1004,288,5,288,5,50,50,,,50,NaN,NaN,NaN,NaN,NaN,TS,WN,B,B,90,1012,NaN,M,30,JRJ,
2017072212,06e.2017,FERNANDA,TY,NN,19.1,214.1,35,1005,286,7,286,7,40,40,,,40,NaN,NaN,NaN,NaN,NaN,TS,WN,B,B,80,1012,NaN,S,35,JRJ,
2017072218,06e.2017,FERNANDA,TY,NN,19.4,213.1,30,1009,285,10,285,10,NaN,NaN,NaN,NaN,NaN,NaN,NaN,NaN,NaN,NaN,LO,WN,B,B,80,1013,NaN,S,60,TRB,
2017072300,06e.2017,FERNANDA,TY,NN,19.9,212.1,30,1009,293,10,293,10,NaN,NaN,NaN,NaN,NaN,NaN,NaN,NaN,NaN,NaN,LO,NW,B,B,80,1013,NaN,S,60,NaN,
2017072306,06e.2017,FERNANDA,TY,NN,19.8,210.9,25,1011,281,11,281,11,NaN,NaN,NaN,NaN,NaN,NaN,NaN,NaN,NaN,NaN,LO,NW,B,B,70,1014,NaN,S,50,NaN,
2017072312,06e.2017,FERNANDA,TY,NN,19.8,209.7,25,1012,273,11,267,11,NaN,NaN,NaN,NaN,NaN,NaN,NaN,NaN,NaN,NaN,LO,NW,B,B,60,1013,NaN,S,50,NaN,
2017072318,06e.2017,FERNANDA,TY,NN,20.0,208.8,25,1012,276,10,276,10,NaN,NaN,NaN,NaN,NaN,NaN,NaN,NaN,NaN,NaN,LO,NW,B,B,60,1013,NaN,S,50,NaN,
2017071418,a7e.2017,9X-A7E,TS,NN,12.5,263.0,25,1009,299,11,299,11,NaN,NaN,NaN,NaN,NaN,NaN,NaN,NaN,NaN,NaN,DB,NW,B,B,120,1012,NaN,S,90,NaN,
2017071500,a7e.2017,9X-A7E,TS,NN,13.1,261.9,25,1009,299,11,299,11,NaN,NaN,NaN,NaN,NaN,NaN,NaN,NaN,NaN,NaN,DB,NW,B,B,120,1012,NaN,S,90,NaN,
2017071506,a7e.2017,9X-A7E,TS,NN,13.6,261.0,25,1009,299,11,299,11,NaN,NaN,NaN,NaN,NaN,NaN,NaN,NaN,NaN,NaN,DB,NW,B,B,120,1012,NaN,S,90,NaN,
2017071512,a7e.2017,9X-A7E,TS,NN,13.8,260.3,25,1009,294,9,294,9,NaN,NaN,NaN,NaN,NaN,NaN,NaN,NaN,NaN,NaN,DB,NW,B,B,120,1012,NaN,S,90,NaN,
2017071518,a7e.2017,9X-A7E,TS,NN,13.9,259.5,25,1009,282,7,282,7,NaN,NaN,NaN,NaN,NaN,NaN,NaN,NaN,NaN,NaN,DB,NW,B,B,120,1012,NaN,S,90,NaN,
2017071600,a7e.2017,9X-A7E,TS,NN,14.0,258.7,25,1009,277,8,277,8,NaN,NaN,NaN,NaN,NaN,NaN,NaN,NaN,NaN,NaN,DB,NW,B,B,120,1012,NaN,S,90,NaN,
2017071606,a7e.2017,9X-A7E,TS,NN,14.0,258.0,25,1009,274,7,274,7,NaN,NaN,NaN,NaN,NaN,NaN,NaN,NaN,NaN,NaN,DB,NW,B,B,120,1012,NaN,S,90,NaN,
2017071612,a7e.2017,9X-A7E,TS,NN,14.1,257.1,25,1009,274,8,274,8,NaN,NaN,NaN,NaN,NaN,NaN,NaN,NaN,NaN,NaN,DB,NW,B,B,120,1012,NaN,S,90,NaN,
2017071618,a7e.2017,9X-A7E,TS,NN,14.1,256.4,25,1009,274,8,274,8,NaN,NaN,NaN,NaN,NaN,NaN,NaN,NaN,NaN,NaN,DB,NW,B,B,150,1012,NaN,M,90,NaN,
2017071700,a7e.2017,9X-A7E,TS,NN,14.1,256.0,25,1009,270,5,270,5,NaN,NaN,NaN,NaN,NaN,NaN,NaN,NaN,NaN,NaN,LO,NW,B,B,150,1011,NaN,M,60,NaN,
2017071706,a7e.2017,9X-A7E,TS,NN,14.1,255.6,30,1008,270,4,270,4,NaN,NaN,NaN,NaN,NaN,NaN,NaN,NaN,NaN,NaN,LO,NW,B,B,150,1011,NaN,M,35,NaN,
2017071712,07e.2017,GREG,TS,NN,14.1,255.0,30,1008,274,7,270,5,NaN,NaN,NaN,NaN,NaN,NaN,NaN,NaN,NaN,NaN,TD,WN,B,B,150,1012,NaN,M,35,DPB,
2017071718,07e.2017,GREG,TS,NN,14.1,254.3,30,1007,274,7,270,6,NaN,NaN,NaN,NaN,NaN,NaN,NaN,NaN,NaN,NaN,TD,WN,B,B,150,1011,NaN,M,40,DPB,
2017071800,07e.2017,GREG,TS,NN,14.2,253.6,30,1007,274,7,274,7,NaN,NaN,NaN,NaN,NaN,NaN,NaN,NaN,NaN,NaN,TD,WN,B,B,150,1011,NaN,M,40,DPR,
2017071806,07e.2017,GREG,TS,NN,14.4,252.9,30,1007,282,7,282,7,NaN,NaN,NaN,NaN,NaN,NaN,NaN,NaN,NaN,NaN,TD,WN,B,B,150,1011,NaN,M,40,JPC,
2017071812,07e.2017,GREG,TS,NN,14.5,252.1,35,1006,282,7,282,7,30,,,,30,NaN,NaN,NaN,NaN,NaN,TS,WN,B,B,150,1011,NaN,M,30,RJP,
2017071818,07e.2017,GREG,TS,NN,14.5,251.3,35,1006,274,8,274,8,30,,,,30,NaN,NaN,NaN,NaN,NaN,TS,WN,B,B,150,1011,NaN,M,30,JLB,
2017071900,07e.2017,GREG,TS,NN,14.4,250.4,35,1006,267,8,267,8,30,,,,30,NaN,NaN,NaN,NaN,NaN,TS,WN,B,B,150,1011,NaN,M,30,DAZ,
2017071906,07e.2017,GREG,TS,NN,14.2,249.5,35,1006,260,9,260,9,30,,,,30,NaN,NaN,NaN,NaN,NaN,TS,WN,B,B,150,1011,NaN,M,30,DAZ,
2017071912,07e.2017,GREG,TS,NN,14.1,248.6,40,1005,260,9,260,9,30,,,,30,NaN,NaN,NaN,NaN,NaN,TS,WN,B,B,150,1011,NaN,M,30,DPB,
2017071918,07e.2017,GREG,TS,NN,14.0,247.7,40,1005,263,9,263,9,45,50,,,40,NaN,NaN,NaN,NaN,NaN,TS,WN,B,B,150,1011,NaN,M,30,DPB,
2017072000,07e.2017,GREG,TS,NN,14.0,246.7,35,1006,267,9,267,9,45,50,,,40,NaN,NaN,NaN,NaN,NaN,TS,WN,B,B,150,1011,NaN,M,40,RJB,
2017072006,07e.2017,GREG,TS,NN,14.0,245.7,35,1006,270,10,270,10,50,50,,,50,NaN,NaN,NaN,NaN,NaN,TS,WN,B,B,150,1011,NaN,M,40,DAZ,
2017072012,07e.2017,GREG,TS,NN,14.0,244.8,40,1005,270,9,270,9,50,50,,,50,NaN,NaN,NaN,NaN,NaN,TS,WN,B,B,180,1011,NaN,M,40,ESB,
2017072018,07e.2017,GREG,TS,NN,14.1,243.9,45,1003,273,9,273,9,50,50,,,50,NaN,NaN,NaN,NaN,NaN,TS,WN,B,B,180,1011,NaN,M,40,ESB,
2017072100,07e.2017,GREG,TS,NN,14.2,243.0,50,1000,277,9,277,9,40,50,30,30,50,30,30,,30,30,TS,WN,B,B,150,1011,NaN,M,30,RJB,
2017072106,07e.2017,GREG,TS,NN,14.3,242.1,50,1000,277,9,277,9,40,50,30,30,50,30,30,,30,30,TS,WN,B,B,150,1011,NaN,M,30,DAZ,
2017072112,07e.2017,GREG,TS,NN,14.5,241.0,45,1001,279,10,279,10,40,50,30,30,50,NaN,NaN,NaN,NaN,NaN,TS,WN,B,B,150,1009,NaN,M,20,ESB,
2017072118,07e.2017,GREG,TS,NN,14.7,239.9,45,1001,281,11,281,11,40,50,30,30,50,NaN,NaN,NaN,NaN,NaN,TS,WN,B,B,150,1009,NaN,M,20,ESB,
2017072200,07e.2017,GREG,TS,NN,14.9,238.8,45,1001,281,11,281,11,40,50,30,30,50,NaN,NaN,NaN,NaN,NaN,TS,WN,B,B,150,1009,NaN,M,30,CWL,
2017072206,07e.2017,GREG,TS,NN,15.0,237.7,45,1001,278,11,278,11,40,50,30,30,50,NaN,NaN,NaN,NaN,NaN,TS,WN,B,B,150,1009,NaN,M,30,RJP,
2017072212,07e.2017,GREG,TS,NN,15.0,236.5,45,1001,273,11,273,11,40,50,30,30,50,NaN,NaN,NaN,NaN,NaN,TS,WN,B,B,150,1009,NaN,M,30,ESB,
2017072218,07e.2017,GREG,TS,NN,14.9,235.3,45,1001,268,12,268,12,40,50,30,30,50,NaN,NaN,NaN,NaN,NaN,TS,WN,B,B,150,1009,NaN,M,30,ESB,
2017072300,07e.2017,GREG,TS,NN,14.7,234.1,45,1001,263,12,263,12,40,50,30,30,50,NaN,NaN,NaN,NaN,NaN,TS,WN,B,B,150,1009,NaN,M,30,MJB,
2017072306,07e.2017,GREG,TS,NN,14.4,232.8,45,1001,258,12,258,12,40,50,30,30,50,NaN,NaN,NaN,NaN,NaN,TS,WN,B,B,150,1009,NaN,M,30,DAZ,
2017072312,07e.2017,GREG,TS,NN,14.3,231.6,45,1001,261,12,261,12,48,60,30,30,70,NaN,NaN,NaN,NaN,NaN,TS,WN,B,B,150,1009,NaN,M,30,RJB,
2017072318,07e.2017,GREG,TS,NN,14.3,230.4,45,1001,268,12,268,12,55,70,30,30,90,NaN,NaN,NaN,NaN,NaN,TS,WN,B,B,180,1009,NaN,M,20,RJB,
2017072400,07e.2017,GREG,TS,NN,14.3,229.3,45,1001,270,11,270,11,55,70,30,30,90,NaN,NaN,NaN,NaN,NaN,TS,WN,B,B,180,1009,NaN,M,20,SRS,
2017072406,07e.2017,GREG,TS,NN,14.3,228.2,40,1003,270,11,270,11,70,,,,70,NaN,NaN,NaN,NaN,NaN,TS,WN,B,B,180,1009,NaN,M,20,DAZ,
2017072412,07e.2017,GREG,TS,NN,14.3,227.2,40,1003,270,10,270,10,70,,,,70,NaN,NaN,NaN,NaN,NaN,TS,WN,B,B,150,1009,NaN,M,35,RJB,
2017072418,07e.2017,GREG,TS,NN,14.4,226.2,40,1003,273,10,273,10,60,,,,60,NaN,NaN,NaN,NaN,NaN,TS,WN,B,B,150,1009,NaN,M,35,RJB,
2017072500,07e.2017,GREG,TS,NN,14.6,225.2,40,1003,279,10,279,10,60,,,,60,NaN,NaN,NaN,NaN,NaN,TS,WN,B,B,150,1009,NaN,M,30,JPC,
2017072506,07e.2017,GREG,TS,NN,14.9,224.2,40,1003,284,10,284,10,60,,,,60,NaN,NaN,NaN,NaN,NaN,TS,WN,B,B,150,1009,NaN,M,30,JLB,
2017072512,07e.2017,GREG,TS,NN,15.3,223.3,35,1005,291,10,291,10,60,,,,60,NaN,NaN,NaN,NaN,NaN,TS,WN,B,B,135,1010,NaN,M,30,RJB,
2017072518,07e.2017,GREG,TS,NN,15.9,222.4,35,1005,300,10,300,10,60,,,,60,NaN,NaN,NaN,NaN,NaN,TS,WN,B,B,120,1010,NaN,M,30,RJB,
2017072600,07e.2017,GREG,TS,NN,16.8,221.7,30,1006,314,11,314,11,NaN,NaN,NaN,NaN,NaN,NaN,NaN,NaN,NaN,NaN,TD,WN,B,B,120,1010,NaN,M,30,NaN,
2017072606,07e.2017,GREG,TS,NN,17.5,220.7,30,1007,314,11,314,11,NaN,NaN,NaN,NaN,NaN,NaN,NaN,NaN,NaN,NaN,TD,WN,B,B,120,1011,NaN,M,30,JLB,
2017072612,07e.2017,GREG,TS,NN,18.0,219.5,25,1008,300,12,300,12,NaN,NaN,NaN,NaN,NaN,NaN,NaN,NaN,NaN,NaN,TD,WN,B,B,120,1011,NaN,M,30,LAA,
2017072618,07e.2017,GREG,TS,NN,18.3,218.4,25,1008,290,12,290,12,NaN,NaN,NaN,NaN,NaN,NaN,NaN,NaN,NaN,NaN,LO,WN,B,B,120,1011,NaN,M,30,RAB,
2017072700,07e.2017,GREG,TS,NN,18.1,217.4,25,1009,273,10,273,10,NaN,NaN,NaN,NaN,NaN,NaN,NaN,NaN,NaN,NaN,LO,NW,B,B,120,1011,NaN,NaN,30,NaN,
2017072706,07e.2017,GREG,TS,NN,17.7,216.4,25,1009,252,10,252,10,NaN,NaN,NaN,NaN,NaN,NaN,NaN,NaN,NaN,NaN,LO,NW,B,B,120,1011,NaN,NaN,30,NaN,
2017072712,07e.2017,GREG,TS,NN,18.0,215.2,25,1010,255,11,267,10,NaN,NaN,NaN,NaN,NaN,NaN,NaN,NaN,NaN,NaN,LO,NW,B,B,160,1012,NaN,S,150,NaN,
2017072718,07e.2017,GREG,TS,NN,17.7,214.0,25,1010,256,12,270,11,NaN,NaN,NaN,NaN,NaN,NaN,NaN,NaN,NaN,NaN,LO,NW,B,B,160,1012,NaN,S,150,NaN,
2017072800,07e.2017,GREG,TS,NN,17.5,212.9,25,1010,257,11,257,11,NaN,NaN,NaN,NaN,NaN,NaN,NaN,NaN,NaN,NaN,LO,NW,B,B,105,1012,NaN,S,100,NaN,
2017071612,a8e.2017,9X-A8E,TD,NN,12.2,245.4,25,1010,311,5,311,5,NaN,NaN,NaN,NaN,NaN,NaN,NaN,NaN,NaN,NaN,DB,NW,B,B,120,1012,NaN,S,80,NaN,
2017071618,a8e.2017,9X-A8E,TD,NN,12.5,245.1,25,1010,311,5,311,5,NaN,NaN,NaN,NaN,NaN,NaN,NaN,NaN,NaN,NaN,DB,NW,B,B,120,1012,NaN,S,50,NaN,
2017071700,a8e.2017,9X-A8E,TD,NN,12.8,244.7,25,1010,311,5,311,5,NaN,NaN,NaN,NaN,NaN,NaN,NaN,NaN,NaN,NaN,LO,NW,B,B,120,1012,NaN,S,50,NaN,
2017071706,a8e.2017,9X-A8E,TD,NN,13.1,244.1,25,1009,302,6,302,6,NaN,NaN,NaN,NaN,NaN,NaN,NaN,NaN,NaN,NaN,LO,NW,B,B,120,1011,NaN,M,40,NaN,
2017071712,a8e.2017,9X-A8E,TD,NN,13.4,243.7,25,1009,302,6,302,6,NaN,NaN,NaN,NaN,NaN,NaN,NaN,NaN,NaN,NaN,LO,NW,B,B,120,1012,NaN,M,40,NaN,
2017071718,a8e.2017,9X-A8E,TD,NN,13.7,243.2,25,1009,304,5,304,5,NaN,NaN,NaN,NaN,NaN,NaN,NaN,NaN,NaN,NaN,LO,NW,B,B,120,1012,NaN,M,40,NaN,
2017071800,a8e.2017,9X-A8E,TD,NN,14.1,242.6,25,1008,303,6,303,6,NaN,NaN,NaN,NaN,NaN,NaN,NaN,NaN,NaN,NaN,LO,NW,B,B,150,1011,NaN,M,40,NaN,
2017071806,a8e.2017,9X-A8E,TD,NN,14.4,242.0,30,1007,301,7,301,7,NaN,NaN,NaN,NaN,NaN,NaN,NaN,NaN,NaN,NaN,LO,NW,B,B,150,1011,NaN,M,40,NaN,
2017071812,08e.2017,EIGHT,TD,NN,14.7,241.4,30,1007,297,7,297,7,NaN,NaN,NaN,NaN,NaN,NaN,NaN,NaN,NaN,NaN,TD,WN,B,B,150,1010,NaN,M,40,DPB,
2017071818,08e.2017,EIGHT,TD,NN,14.9,240.8,30,1007,293,6,293,6,NaN,NaN,NaN,NaN,NaN,NaN,NaN,NaN,NaN,NaN,TD,WN,B,B,160,1012,NaN,M,40,DPB,
2017071900,08e.2017,EIGHT,TD,NN,14.9,240.2,30,1007,280,6,280,6,NaN,NaN,NaN,NaN,NaN,NaN,NaN,NaN,NaN,NaN,TD,WN,B,B,160,1011,NaN,M,40,RJB,
2017071906,08e.2017,EIGHT,TD,NN,14.7,239.5,30,1007,261,6,261,6,NaN,NaN,NaN,NaN,NaN,NaN,NaN,NaN,NaN,NaN,TD,WN,B,B,160,1011,NaN,M,40,SRS,
2017071912,08e.2017,EIGHT,TD,NN,14.5,239.0,25,1009,251,6,251,6,NaN,NaN,NaN,NaN,NaN,NaN,NaN,NaN,NaN,NaN,TD,WN,B,B,160,1011,NaN,M,40,ESB,
2017071918,08e.2017,EIGHT,TD,NN,14.3,238.5,25,1009,248,5,248,5,NaN,NaN,NaN,NaN,NaN,NaN,NaN,NaN,NaN,NaN,TD,WN,B,B,150,1011,NaN,S,40,ESB,
2017072000,08e.2017,EIGHT,TD,NN,14.1,238.0,25,1009,248,5,248,5,NaN,NaN,NaN,NaN,NaN,NaN,NaN,NaN,NaN,NaN,TD,WN,B,B,150,1011,NaN,S,40,RJB,
2017072006,08e.2017,EIGHT,TD,NN,13.8,237.6,25,1009,240,5,240,5,NaN,NaN,NaN,NaN,NaN,NaN,NaN,NaN,NaN,NaN,TD,WN,B,B,150,1011,NaN,S,40,DAZ,
2017072012,08e.2017,EIGHT,TD,NN,13.7,237.0,25,1009,248,5,248,5,NaN,NaN,NaN,NaN,NaN,NaN,NaN,NaN,NaN,NaN,TD,WN,B,B,150,1011,NaN,S,40,JLB,
2017072018,08e.2017,EIGHT,TD,NN,13.5,236.3,25,1009,257,6,257,6,NaN,NaN,NaN,NaN,NaN,NaN,NaN,NaN,NaN,NaN,LO,WN,B,B,150,1011,NaN,S,40,JLB,
2017072012,b0e.2017,9X-B0E,TY,NN,7.8,274.1,20,1010,279,16,279,16,NaN,NaN,NaN,NaN,NaN,NaN,NaN,NaN,NaN,NaN,LO,NW,B,B,200,1012,NaN,NaN,90,NaN,
2017072018,b0e.2017,9X-B0E,TY,NN,8.0,272.5,20,1010,279,16,279,16,NaN,NaN,NaN,NaN,NaN,NaN,NaN,NaN,NaN,NaN,LO,NW,B,B,200,1012,NaN,S,80,NaN,
2017072100,b0e.2017,9X-B0E,TY,NN,8.3,270.9,20,1009,279,16,279,16,NaN,NaN,NaN,NaN,NaN,NaN,NaN,NaN,NaN,NaN,LO,NW,B,B,190,1011,NaN,S,70,NaN,
2017072106,b0e.2017,9X-B0E,TY,NN,8.5,269.3,25,1009,279,16,279,16,NaN,NaN,NaN,NaN,NaN,NaN,NaN,NaN,NaN,NaN,LO,NW,B,B,190,1011,NaN,S,60,NaN,
2017072112,09e.2017,HILARY,TY,NN,8.8,267.7,30,1008,279,16,279,16,NaN,NaN,NaN,NaN,NaN,NaN,NaN,NaN,NaN,NaN,TD,WN,B,B,190,1011,NaN,S,50,LAA,
2017072118,09e.2017,HILARY,TY,NN,9.0,266.1,30,1007,279,16,279,16,NaN,NaN,NaN,NaN,NaN,NaN,NaN,NaN,NaN,NaN,TD,WN,B,B,180,1011,NaN,S,40,LAA,
2017072200,09e.2017,HILARY,TY,NN,9.2,264.6,30,1006,277,15,277,15,NaN,NaN,NaN,NaN,NaN,NaN,NaN,NaN,NaN,NaN,TD,WN,B,B,180,1010,NaN,S,30,JLB,
2017072206,09e.2017,HILARY,TY,NN,9.6,263.1,30,1006,281,15,281,15,NaN,NaN,NaN,NaN,NaN,NaN,NaN,NaN,NaN,NaN,TD,WN,B,B,180,1010,NaN,S,30,DAZ,
2017072212,09e.2017,HILARY,TY,NN,10.0,261.7,35,1005,286,15,286,15,35,40,,,30,NaN,NaN,NaN,NaN,NaN,TS,WN,B,B,180,1010,NaN,S,30,LAA,
2017072218,09e.2017,HILARY,TY,NN,10.7,260.6,35,1005,294,13,294,13,35,40,,,30,NaN,NaN,NaN,NaN,NaN,TS,WN,B,B,180,1010,NaN,S,25,LAA,
2017072300,09e.2017,HILARY,TY,NN,11.6,259.9,35,1005,312,12,312,12,35,40,,,30,NaN,NaN,NaN,NaN,NaN,TS,WN,B,B,180,1010,NaN,M,25,JLB,
2017072306,09e.2017,HILARY,TY,NN,12.2,259.0,35,1004,314,11,314,11,33,40,20,,40,NaN,NaN,NaN,NaN,NaN,TS,WN,B,B,150,1010,NaN,M,20,RJP,
2017072312,09e.2017,HILARY,TY,NN,12.6,258.3,40,1003,303,9,303,9,33,40,20,,40,NaN,NaN,NaN,NaN,NaN,TS,WN,B,B,180,1010,NaN,M,20,ESB,
2017072318,09e.2017,HILARY,TY,NN,13.0,257.6,45,1001,300,8,300,8,43,50,30,,50,NaN,NaN,NaN,NaN,NaN,TS,WN,B,B,180,1010,NaN,M,15,ESB,
2017072400,09e.2017,HILARY,TY,NN,13.4,257.0,55,998,302,7,302,7,40,50,40,20,50,20,20,20,20,20,TS,WN,B,B,180,1010,NaN,D,15,SRS,
2017072406,09e.2017,HILARY,TY,NN,13.7,256.5,65,992,303,6,303,6,45,60,40,20,60,18,20,20,20,20,HU,WN,B,B,150,1010,NaN,D,10,RJP,
2017072412,09e.2017,HILARY,TY,NN,14.0,256.0,70,989,302,6,302,6,48,60,40,30,60,22,30,20,30,30,HU,WN,B,B,150,1010,NaN,D,10,ESB,
2017072418,09e.2017,HILARY,TY,NN,14.4,255.4,75,985,303,6,303,6,48,60,40,30,60,18,20,20,30,20,HU,WN,B,B,150,1010,NaN,D,10,ESB,
2017072500,09e.2017,HILARY,TY,NN,14.8,254.6,80,981,301,8,301,8,52,60,50,40,60,25,30,20,40,30,HU,WN,B,B,150,1010,NaN,D,5,SRS,
2017072506,09e.2017,HILARY,TY,NN,15.0,253.7,85,976,290,9,290,9,58,70,60,40,60,25,30,20,40,30,HU,WN,B,B,150,1010,NaN,D,5,RJP,
2017072512,09e.2017,HILARY,TY,NN,15.2,252.7,90,974,282,9,282,9,58,70,60,40,60,28,30,30,40,30,HU,WN,B,B,150,1010,NaN,D,5,ESB,
2017072518,09e.2017,HILARY,TY,NN,15.5,251.7,90,973,285,10,285,10,62,80,50,50,70,28,30,30,50,30,HU,WN,B,B,150,1010,NaN,D,5,ESB,
2017072600,09e.2017,HILARY,TY,NN,15.9,250.7,95,969,290,10,290,10,62,80,50,50,70,28,30,30,50,30,HU,WN,B,B,150,1010,NaN,D,5,SRS,
2017072606,09e.2017,HILARY,TY,NN,16.1,249.6,90,972,287,11,287,11,62,80,50,50,70,28,30,30,50,30,HU,WN,B,B,150,1010,NaN,D,5,JLB,
2017072612,09e.2017,HILARY,TY,NN,16.4,248.4,90,972,283,11,283,11,62,80,50,50,70,28,30,30,50,30,HU,WN,B,B,150,1010,NaN,D,5,ESB,
2017072618,09e.2017,HILARY,TY,NN,16.6,247.4,85,974,283,11,283,11,78,90,80,60,80,38,50,40,60,40,HU,WN,B,B,160,1010,NaN,D,10,ESB,
2017072700,09e.2017,HILARY,TY,NN,16.8,246.4,85,976,282,10,282,10,78,90,80,60,80,38,50,40,60,40,HU,WN,B,B,160,1010,NaN,D,10,JPC,
2017072706,09e.2017,HILARY,TY,NN,17.1,245.4,80,977,285,10,285,10,75,90,80,50,80,38,50,40,50,40,HU,WN,B,B,160,1010,NaN,D,15,JLB,
2017072712,09e.2017,HILARY,TY,NN,17.4,244.6,70,986,289,9,289,9,75,90,80,50,80,38,50,40,50,40,HU,WN,B,B,160,1010,NaN,D,15,DAZ,
2017072718,09e.2017,HILARY,TY,NN,17.7,243.8,65,988,291,8,291,8,78,90,80,60,80,38,50,40,60,40,HU,WN,B,B,160,1010,NaN,D,15,DAZ,
2017072800,09e.2017,HILARY,TY,NN,18.1,243.1,60,990,296,8,296,8,78,90,80,60,80,38,50,40,60,40,TS,WN,B,B,160,1010,NaN,D,15,JPC,
2017072806,09e.2017,HILARY,TY,NN,18.5,242.5,60,992,303,7,303,7,78,90,80,60,80,35,50,40,60,30,TS,WN,B,B,160,1010,NaN,D,20,JLB,
2017072812,09e.2017,HILARY,TY,NN,18.9,242.0,55,994,307,7,307,7,78,90,80,60,80,40,50,40,60,30,TS,WN,B,B,160,1010,NaN,D,25,DAZ,
2017072818,09e.2017,HILARY,TY,NN,19.4,241.4,55,995,311,7,311,7,78,90,80,60,80,33,40,30,60,30,TS,WN,B,B,160,1010,NaN,D,30,DAZ,
2017072900,09e.2017,HILARY,TY,NN,20.0,240.5,55,995,308,9,308,9,70,80,70,50,80,33,40,30,50,30,TS,WN,B,B,160,1010,NaN,D,30,ESB,
2017072906,09e.2017,HILARY,TY,NN,20.5,239.6,55,996,303,10,303,10,65,80,70,40,70,35,40,,40,30,TS,WN,B,B,160,1010,NaN,D,25,JLB,
2017072912,09e.2017,HILARY,TY,NN,21.1,238.8,55,996,305,10,305,10,58,70,60,40,60,30,30,,40,30,TS,WN,B,B,160,1010,NaN,D,25,DAZ,
2017072918,09e.2017,HILARY,TY,NN,21.8,238.0,50,998,311,10,311,10,52,70,50,30,60,30,30,,30,30,TS,WN,B,B,160,1010,NaN,D,30,DAZ,
2017073000,09e.2017,HILARY,TY,NN,22.5,237.0,50,999,310,11,310,11,52,70,50,30,60,30,30,,30,30,TS,WN,B,B,160,1010,NaN,D,30,ESB,
2017073006,09e.2017,HILARY,TY,NN,23.2,235.9,50,1000,306,12,306,12,45,60,40,30,50,30,30,,30,30,TS,WN,B,B,140,1011,NaN,M,30,DPB,
2017073012,09e.2017,HILARY,TY,NN,24.0,234.7,50,1002,305,13,305,13,48,60,40,30,60,30,30,,30,30,TS,WN,B,B,140,1011,NaN,M,30,SRS,
2017073018,09e.2017,HILARY,TY,NN,24.7,233.4,45,1003,303,14,303,14,43,50,40,,40,NaN,NaN,NaN,NaN,NaN,TS,WN,B,B,140,1011,NaN,M,35,SRS,
2017073100,09e.2017,HILARY,TY,NN,25.3,232.1,35,1006,299,13,299,13,40,40,,,40,NaN,NaN,NaN,NaN,NaN,LO,WN,B,B,140,1011,NaN,M,40,ESB,
2017073106,09e.2017,HILARY,TY,NN,26.0,231.0,30,1008,301,13,301,13,NaN,NaN,NaN,NaN,NaN,NaN,NaN,NaN,NaN,NaN,LO,NW,B,B,140,1011,NaN,NaN,40,NaN,
2017073112,09e.2017,HILARY,TY,NN,26.7,230.0,25,1009,307,12,307,12,NaN,NaN,NaN,NaN,NaN,NaN,NaN,NaN,NaN,NaN,LO,NW,B,B,140,1011,NaN,NaN,40,NaN,
2017073118,09e.2017,HILARY,TY,NN,27.2,228.9,25,1010,303,11,303,11,NaN,NaN,NaN,NaN,NaN,NaN,NaN,NaN,NaN,NaN,LO,NW,B,B,140,1011,NaN,NaN,40,NaN,
2017080100,09e.2017,HILARY,TY,NN,27.6,227.9,25,1010,296,10,296,10,NaN,NaN,NaN,NaN,NaN,NaN,NaN,NaN,NaN,NaN,LO,NW,B,B,140,1011,NaN,NaN,40,NaN,
2017072006,a9e.2017,9X-A9E,TY,NN,10.9,257.0,25,1009,283,16,283,16,NaN,NaN,NaN,NaN,NaN,NaN,NaN,NaN,NaN,NaN,LO,NW,B,B,180,1012,NaN,S,80,NaN,
2017072012,a9e.2017,9X-A9E,TY,NN,11.3,255.5,25,1009,283,16,283,16,NaN,NaN,NaN,NaN,NaN,NaN,NaN,NaN,NaN,NaN,LO,NW,B,B,180,1012,NaN,S,80,NaN,
2017072018,a9e.2017,9X-A9E,TY,NN,11.6,253.9,30,1008,283,16,283,16,NaN,NaN,NaN,NaN,NaN,NaN,NaN,NaN,NaN,NaN,LO,NW,B,B,150,1011,NaN,S,40,NaN,
2017072100,a9e.2017,9X-A9E,TY,NN,12.0,252.8,30,1008,285,14,285,14,NaN,NaN,NaN,NaN,NaN,NaN,NaN,NaN,NaN,NaN,LO,NW,B,B,150,1011,NaN,S,40,NaN,
2017072106,a9e.2017,9X-A9E,TY,NN,12.6,252.1,30,1008,300,10,300,10,NaN,NaN,NaN,NaN,NaN,NaN,NaN,NaN,NaN,NaN,LO,NW,B,B,150,1012,NaN,S,40,NaN,
2017072112,a9e.2017,9X-A9E,TY,NN,13.1,251.4,30,1008,309,9,309,9,NaN,NaN,NaN,NaN,NaN,NaN,NaN,NaN,NaN,NaN,LO,NW,B,B,150,1012,NaN,S,40,NaN,
2017072118,a9e.2017,9X-A9E,TY,NN,13.5,250.3,25,1008,297,10,297,10,NaN,NaN,NaN,NaN,NaN,NaN,NaN,NaN,NaN,NaN,LO,NW,B,B,150,1012,NaN,S,40,NaN,
2017072200,a9e.2017,9X-A9E,TY,NN,13.9,249.2,25,1007,291,11,291,11,NaN,NaN,NaN,NaN,NaN,NaN,NaN,NaN,NaN,NaN,LO,NW,B,B,150,1010,NaN,S,40,NaN,
2017072206,a9e.2017,9X-A9E,TY,NN,14.1,248.3,30,1006,285,8,287,10,NaN,NaN,NaN,NaN,NaN,NaN,NaN,NaN,NaN,NaN,TD,NW,B,B,150,1010,NaN,S,40,NaN,
2017072212,10e.2017,IRWIN,TY,NN,14.3,247.6,30,1006,285,8,284,8,NaN,NaN,NaN,NaN,NaN,NaN,NaN,NaN,NaN,NaN,TD,WN,B,B,150,1010,NaN,S,40,LAA,
2017072218,10e.2017,IRWIN,TY,NN,14.5,246.8,30,1006,285,8,285,8,NaN,NaN,NaN,NaN,NaN,NaN,NaN,NaN,NaN,NaN,TD,WN,B,B,180,1012,NaN,S,40,ESB,
2017072300,10e.2017,IRWIN,TY,NN,14.6,246.0,30,1006,281,8,281,8,NaN,NaN,NaN,NaN,NaN,NaN,NaN,NaN,NaN,NaN,TD,WN,B,B,180,1012,NaN,S,40,JLB,
2017072306,10e.2017,IRWIN,TY,NN,14.7,245.2,35,1005,277,8,277,8,30,30,,,,NaN,NaN,NaN,NaN,NaN,TS,WN,B,B,180,1012,NaN,S,25,DAZ,
2017072312,10e.2017,IRWIN,TY,NN,14.8,244.5,35,1004,278,7,278,7,50,50,,,,NaN,NaN,NaN,NaN,NaN,TS,WN,B,B,150,1009,NaN,S,25,RJB,
2017072318,10e.2017,IRWIN,TY,NN,14.8,243.8,40,1003,274,7,274,7,60,70,,,50,NaN,NaN,NaN,NaN,NaN,TS,WN,B,B,150,1009,NaN,M,35,RJB,
2017072400,10e.2017,IRWIN,TY,NN,14.8,243.3,45,1001,270,6,270,6,42,70,30,20,50,NaN,NaN,NaN,NaN,NaN,TS,WN,B,B,150,1009,NaN,M,30,JPC,
2017072406,10e.2017,IRWIN,TY,NN,14.8,243.0,50,999,270,4,270,4,42,70,30,20,50,20,20,,20,,TS,WN,B,B,150,1009,NaN,M,30,DAZ,
2017072412,10e.2017,IRWIN,TY,NN,14.9,242.7,55,996,280,3,280,3,42,70,30,20,50,20,20,,20,,TS,WN,B,B,150,1009,NaN,M,20,RJB,
2017072418,10e.2017,IRWIN,TY,NN,15.0,242.4,60,993,289,3,289,3,48,70,40,30,50,20,20,,30,20,TS,WN,B,B,150,1009,NaN,M,20,RJB,
2017072500,10e.2017,IRWIN,TY,NN,15.2,241.9,65,990,291,4,291,4,48,70,40,30,50,27,30,20,30,30,HU,WN,B,B,150,1009,NaN,M,20,JPC,
2017072506,10e.2017,IRWIN,TY,NN,15.4,241.4,70,986,293,5,293,5,48,70,40,30,50,27,30,20,30,30,HU,WN,B,B,150,1009,NaN,M,20,JLB,
2017072512,10e.2017,IRWIN,TY,NN,15.6,240.8,75,983,291,6,291,6,50,70,40,30,60,22,30,20,30,30,HU,WN,B,B,150,1009,NaN,D,15,RJB,
2017072518,10e.2017,IRWIN,TY,NN,15.8,240.2,80,979,289,6,289,6,50,70,40,30,60,22,30,20,30,30,HU,WN,B,B,150,1009,NaN,D,15,RJB,
2017072600,10e.2017,IRWIN,TY,NN,15.9,239.5,80,979,283,6,283,6,50,70,40,30,60,22,30,20,30,30,HU,WN,B,B,150,1009,NaN,D,10,JPC,
2017072606,10e.2017,IRWIN,TY,NN,15.8,238.8,70,987,270,7,270,7,50,70,30,30,70,25,30,20,30,30,HU,WN,B,B,150,1009,NaN,D,10,DPR,
2017072612,10e.2017,IRWIN,TY,NN,15.6,238.2,55,994,257,6,257,6,55,80,30,40,70,22,20,20,40,30,TS,WN,B,B,150,1009,NaN,D,10,LAA,
2017072618,10e.2017,IRWIN,TY,NN,15.3,237.5,50,999,248,7,248,7,58,80,30,50,70,30,,,50,30,TS,WN,B,B,150,1009,NaN,D,10,LAA,
2017072700,10e.2017,IRWIN,TY,NN,15.0,237.0,50,999,243,7,243,7,58,70,40,50,70,30,,,50,30,TS,WN,B,B,150,1009,NaN,M,15,SRS,
2017072706,10e.2017,IRWIN,TY,NN,14.9,236.5,50,999,247,5,247,5,58,70,50,40,70,20,,,40,20,TS,WN,B,B,150,1009,NaN,M,15,DPR,
2017072712,10e.2017,IRWIN,TY,NN,14.9,236.1,50,999,263,4,263,4,58,70,50,40,70,20,,,40,20,TS,WN,B,B,150,1009,NaN,M,15,LAA,
2017072718,10e.2017,IRWIN,TY,NN,14.9,235.8,50,999,270,3,270,3,52,70,50,30,60,20,20,20,30,,TS,WN,B,B,150,1009,NaN,M,15,LAA,
2017072800,10e.2017,IRWIN,TY,NN,14.9,235.6,50,999,270,2,270,2,48,60,50,30,50,20,20,20,30,,TS,WN,B,B,150,1009,NaN,M,20,SRS,
2017072806,10e.2017,IRWIN,TY,NN,14.9,235.4,50,998,270,2,270,2,60,60,60,,,20,20,20,,,TS,WN,B,B,150,1009,NaN,M,20,DPR,
2017072812,10e.2017,IRWIN,TY,NN,14.8,235.3,50,998,251,2,251,2,60,60,60,,,20,20,20,,,TS,WN,B,B,150,1009,NaN,M,20,LAA,
2017072818,10e.2017,IRWIN,TY,NN,14.7,235.3,50,998,206,1,206,1,50,60,60,30,,20,20,20,30,,TS,WN,B,B,150,1009,NaN,M,20,LAA,
2017072900,10e.2017,IRWIN,TY,NN,14.7,235.4,50,998,136,1,136,1,47,50,60,30,,20,20,20,30,,TS,WN,B,B,150,1009,NaN,M,20,RJB,
2017072906,10e.2017,IRWIN,TY,NN,14.8,235.5,50,998,63,1,63,1,47,50,60,30,,20,20,20,30,,TS,WN,B,B,150,1009,NaN,M,20,JLB,
2017072912,10e.2017,IRWIN,TY,NN,15.0,235.6,50,998,33,2,33,2,47,50,60,30,,20,20,20,30,,TS,WN,B,B,150,1009,NaN,M,20,LAA,
2017072918,10e.2017,IRWIN,TY,NN,15.4,235.6,50,998,9,3,9,3,42,50,60,30,30,20,20,20,30,,TS,WN,B,B,150,1009,NaN,M,20,LAA,
2017073000,10e.2017,IRWIN,TY,NN,16.0,235.5,55,997,354,5,354,5,45,50,60,40,30,30,30,30,40,,TS,WN,B,B,150,1010,NaN,M,30,RJB,
2017073006,10e.2017,IRWIN,TY,NN,16.7,235.3,55,997,347,7,347,7,45,50,60,40,30,30,30,30,40,,TS,WN,B,B,140,1011,NaN,M,30,DPB,
2017073012,10e.2017,IRWIN,TY,NN,17.4,235.1,55,997,345,7,345,7,45,50,60,40,30,30,30,30,40,,TS,WN,B,B,140,1011,NaN,M,30,JPC,
2017073018,10e.2017,IRWIN,TY,NN,18.3,234.6,55,998,337,9,337,9,45,50,60,40,30,30,30,30,40,,TS,WN,B,B,140,1011,NaN,M,30,JPC,
2017073100,10e.2017,IRWIN,TY,NN,19.2,234.0,55,999,330,10,330,10,45,50,60,40,30,30,30,30,40,,TS,WN,B,B,150,1012,NaN,M,30,RJB,
2017073106,10e.2017,IRWIN,TY,NN,20.2,233.5,50,1000,331,11,331,11,45,50,60,40,30,30,30,30,40,,TS,WN,B,B,150,1012,NaN,M,30,DPB,
2017073112,10e.2017,IRWIN,TY,NN,21.2,233.0,50,1001,335,11,335,11,42,50,50,40,30,20,20,20,40,,TS,WN,B,B,150,1012,NaN,M,30,JPC,
2017073118,10e.2017,IRWIN,TY,NN,22.2,232.5,50,1002,335,11,335,11,35,40,40,30,30,20,20,,30,,TS,WN,B,B,150,1013,NaN,M,20,JPC,
2017080100,10e.2017,IRWIN,TY,NN,23.3,232.0,45,1004,336,11,336,11,35,40,40,30,30,NaN,NaN,NaN,NaN,NaN,TS,WN,B,B,150,1013,NaN,M,20,ESB,
2017080106,10e.2017,IRWIN,TY,NN,24.4,231.5,45,1006,337,12,337,12,30,30,30,,30,NaN,NaN,NaN,NaN,NaN,TS,WN,B,B,100,1014,NaN,M,20,DPB,
2017080112,10e.2017,IRWIN,TY,NN,25.5,231.0,35,1008,338,12,338,12,30,30,30,,,NaN,NaN,NaN,NaN,NaN,TS,WN,B,B,100,1014,NaN,M,20,LAA,
2017080118,10e.2017,IRWIN,TY,NN,26.4,230.5,30,1008,336,11,336,11,NaN,NaN,NaN,NaN,NaN,NaN,NaN,NaN,NaN,NaN,LO,WN,B,B,100,1014,NaN,M,20,LAA,
2017080200,10e.2017,IRWIN,TY,NN,27.3,229.9,30,1009,331,10,331,10,NaN,NaN,NaN,NaN,NaN,NaN,NaN,NaN,NaN,NaN,LO,NW,B,B,100,1014,NaN,NaN,20,NaN,
2017080206,10e.2017,IRWIN,TY,NN,27.9,229.2,30,1009,322,9,322,9,NaN,NaN,NaN,NaN,NaN,NaN,NaN,NaN,NaN,NaN,LO,NW,B,B,100,1014,NaN,NaN,20,NaN,
2017080212,10e.2017,IRWIN,TY,NN,28.3,228.6,25,1010,311,8,311,8,NaN,NaN,NaN,NaN,NaN,NaN,NaN,NaN,NaN,NaN,LO,NW,B,B,100,1014,NaN,NaN,20,NaN,
2017080218,10e.2017,IRWIN,TY,NN,28.4,228.4,20,1011,305,4,305,4,NaN,NaN,NaN,NaN,NaN,NaN,NaN,NaN,NaN,NaN,LO,NW,B,B,100,1014,NaN,NaN,20,NaN,
2017080300,10e.2017,IRWIN,TY,NN,28.4,228.4,20,1012,300,1,300,1,NaN,NaN,NaN,NaN,NaN,NaN,NaN,NaN,NaN,NaN,LO,NW,B,B,100,1014,NaN,NaN,20,NaN,
2017080306,10e.2017,IRWIN,TY,NN,28.4,228.4,15,1013,360,0,360,0,NaN,NaN,NaN,NaN,NaN,NaN,NaN,NaN,NaN,NaN,LO,NW,B,B,100,1014,NaN,NaN,20,NaN,
2017080312,10e.2017,IRWIN,TY,NN,28.4,228.7,15,1013,90,1,90,1,NaN,NaN,NaN,NaN,NaN,NaN,NaN,NaN,NaN,NaN,LO,NW,B,B,100,1014,NaN,NaN,20,NaN,
2017073118,c1e.2017,9X-C1E,TD,NN,9.5,269.5,25,1009,270,10,270,10,NaN,NaN,NaN,NaN,NaN,NaN,NaN,NaN,NaN,NaN,DB,NW,B,B,120,1011,NaN,S,90,NaN,
2017080100,c1e.2017,9X-C1E,TD,NN,9.5,268.6,25,1009,270,10,270,10,NaN,NaN,NaN,NaN,NaN,NaN,NaN,NaN,NaN,NaN,DB,NW,B,B,120,1011,NaN,S,90,NaN,
2017080106,c1e.2017,9X-C1E,TD,NN,9.5,267.4,25,1009,270,10,270,10,NaN,NaN,NaN,NaN,NaN,NaN,NaN,NaN,NaN,NaN,DB,NW,B,B,120,1011,NaN,S,90,NaN,
2017080112,c1e.2017,9X-C1E,TD,NN,9.5,266.1,25,1009,270,12,270,12,NaN,NaN,NaN,NaN,NaN,NaN,NaN,NaN,NaN,NaN,DB,NW,B,B,120,1011,NaN,NaN,90,NaN,
2017080118,c1e.2017,9X-C1E,TD,NN,9.5,264.9,25,1009,270,12,270,12,NaN,NaN,NaN,NaN,NaN,NaN,NaN,NaN,NaN,NaN,DB,NW,B,B,120,1011,NaN,NaN,90,NaN,
2017080200,c1e.2017,9X-C1E,TD,NN,9.7,263.8,25,1009,275,11,275,11,NaN,NaN,NaN,NaN,NaN,NaN,NaN,NaN,NaN,NaN,DB,NW,B,B,150,1011,NaN,S,90,NaN,
2017080206,c1e.2017,9X-C1E,TD,NN,10.7,262.8,25,1009,300,12,300,12,NaN,NaN,NaN,NaN,NaN,NaN,NaN,NaN,NaN,NaN,DB,NW,B,B,150,1011,NaN,NaN,90,NaN,
2017080212,c1e.2017,9X-C1E,TD,NN,11.6,261.8,25,1009,314,14,314,14,NaN,NaN,NaN,NaN,NaN,NaN,NaN,NaN,NaN,NaN,DB,NW,B,B,150,1011,NaN,NaN,90,NaN,
2017080218,c1e.2017,9X-C1E,TD,NN,12.5,260.8,25,1009,313,13,313,13,NaN,NaN,NaN,NaN,NaN,NaN,NaN,NaN,NaN,NaN,DB,NW,B,B,150,1011,NaN,S,90,NaN,
2017080300,c1e.2017,9X-C1E,TD,NN,13.0,259.7,25,1009,304,12,304,12,NaN,NaN,NaN,NaN,NaN,NaN,NaN,NaN,NaN,NaN,DB,NW,B,B,150,1011,NaN,S,90,NaN,
2017080306,c1e.2017,9X-C1E,TD,NN,13.7,258.3,25,1009,296,14,296,14,NaN,NaN,NaN,NaN,NaN,NaN,NaN,NaN,NaN,NaN,DB,NW,B,B,150,1011,NaN,NaN,90,NaN,
2017080312,c1e.2017,9X-C1E,TD,NN,14.4,257.0,25,1009,298,15,298,15,NaN,NaN,NaN,NaN,NaN,NaN,NaN,NaN,NaN,NaN,DB,NW,B,B,150,1011,NaN,S,90,NaN,
2017080318,c1e.2017,9X-C1E,TD,NN,15.1,255.5,25,1009,297,15,297,15,NaN,NaN,NaN,NaN,NaN,NaN,NaN,NaN,NaN,NaN,DB,NW,B,B,130,1011,NaN,S,90,NaN,
2017080400,c1e.2017,9X-C1E,TD,NN,15.9,254.0,25,1009,296,14,297,16,NaN,NaN,NaN,NaN,NaN,NaN,NaN,NaN,NaN,NaN,LO,NW,B,B,150,1011,NaN,S,90,NaN,
2017080406,c1e.2017,9X-C1E,TD,NN,16.5,252.7,30,1007,296,14,297,15,NaN,NaN,NaN,NaN,NaN,NaN,NaN,NaN,NaN,NaN,TD,NW,B,B,150,1011,NaN,S,90,NaN,
2017080412,11e.2017,ELEVEN,TD,NN,17.1,251.4,30,1007,296,14,296,14,NaN,NaN,NaN,NaN,NaN,NaN,NaN,NaN,NaN,NaN,TD,WN,B,B,150,1011,NaN,S,90,DAZ,
2017080418,11e.2017,ELEVEN,TD,NN,17.7,250.2,30,1006,297,13,297,13,NaN,NaN,NaN,NaN,NaN,NaN,NaN,NaN,NaN,NaN,TD,WN,B,B,130,1011,NaN,S,60,DAZ,
2017080500,11e.2017,ELEVEN,TD,NN,18.3,249.4,30,1006,302,11,302,11,NaN,NaN,NaN,NaN,NaN,NaN,NaN,NaN,NaN,NaN,TD,WN,B,B,150,1011,NaN,S,30,CWL,
2017080506,11e.2017,ELEVEN,TD,NN,18.9,248.9,30,1006,314,9,314,9,NaN,NaN,NaN,NaN,NaN,NaN,NaN,NaN,NaN,NaN,TD,WN,B,B,150,1011,NaN,S,30,LAA,
2017080512,11e.2017,ELEVEN,TD,NN,19.4,248.6,30,1006,325,7,325,7,NaN,NaN,NaN,NaN,NaN,NaN,NaN,NaN,NaN,NaN,TD,WN,B,B,150,1011,NaN,S,30,DAZ,
2017080518,11e.2017,ELEVEN,TD,NN,20.0,248.4,25,1008,337,6,337,6,NaN,NaN,NaN,NaN,NaN,NaN,NaN,NaN,NaN,NaN,LO,WN,B,B,150,1012,NaN,S,30,DAZ,
2017080600,11e.2017,ELEVEN,TD,NN,20.4,248.0,25,1009,331,6,331,6,NaN,NaN,NaN,NaN,NaN,NaN,NaN,NaN,NaN,NaN,LO,NW,B,B,150,1012,NaN,NaN,30,NaN,
2017080606,11e.2017,ELEVEN,TD,NN,20.6,247.9,20,1010,322,4,322,4,NaN,NaN,NaN,NaN,NaN,NaN,NaN,NaN,NaN,NaN,LO,NW,B,B,150,1012,NaN,NaN,30,NaN,
2017080612,11e.2017,ELEVEN,TD,NN,20.7,247.8,20,1010,328,2,328,2,NaN,NaN,NaN,NaN,NaN,NaN,NaN,NaN,NaN,NaN,LO,NW,B,B,150,1012,NaN,NaN,30,NaN,
2017080618,11e.2017,ELEVEN,TD,NN,20.6,247.7,20,1010,270,1,270,1,NaN,NaN,NaN,NaN,NaN,NaN,NaN,NaN,NaN,NaN,LO,NW,B,B,150,1012,NaN,NaN,30,NaN,
2017080700,11e.2017,ELEVEN,TD,NN,20.5,247.6,15,1010,223,1,223,1,NaN,NaN,NaN,NaN,NaN,NaN,NaN,NaN,NaN,NaN,LO,NW,B,B,150,1012,NaN,NaN,30,NaN,
2017080706,11e.2017,ELEVEN,TD,NN,20.4,247.7,15,1010,180,1,180,1,NaN,NaN,NaN,NaN,NaN,NaN,NaN,NaN,NaN,NaN,LO,NW,B,B,150,1012,NaN,NaN,30,NaN,
2017080712,11e.2017,ELEVEN,TD,NN,20.4,247.9,15,1010,110,1,110,1,NaN,NaN,NaN,NaN,NaN,NaN,NaN,NaN,NaN,NaN,LO,NW,B,B,150,1012,NaN,NaN,30,NaN,
2017080718,11e.2017,ELEVEN,TD,NN,20.6,248.0,15,1010,55,2,55,2,NaN,NaN,NaN,NaN,NaN,NaN,NaN,NaN,NaN,NaN,LO,NW,B,B,150,1012,NaN,NaN,30,NaN,
2017080800,11e.2017,ELEVEN,TD,NN,20.6,248.0,15,1010,25,1,25,1,NaN,NaN,NaN,NaN,NaN,NaN,NaN,NaN,NaN,NaN,LO,NW,B,B,150,1012,NaN,NaN,30,NaN,
2017081106,b2e.2017,9X-B2E,TS,NN,18.3,254.7,25,1006,281,13,281,13,NaN,NaN,NaN,NaN,NaN,NaN,NaN,NaN,NaN,NaN,DB,NW,B,B,75,1008,NaN,S,60,NaN,
2017081112,b2e.2017,9X-B2E,TS,NN,18.5,253.3,30,1004,284,12,281,13,NaN,NaN,NaN,NaN,NaN,NaN,NaN,NaN,NaN,NaN,TD,NW,B,B,75,1008,NaN,S,60,NaN,
2017081118,b2e.2017,9X-B2E,TS,NN,18.8,252.0,35,1003,284,12,281,13,40,40,40,,,NaN,NaN,NaN,NaN,NaN,TS,NW,B,B,75,1008,NaN,S,60,NaN,
2017081200,12e.2017,JOVA,TS,NN,19.1,250.8,35,1003,284,12,284,12,40,40,40,,,NaN,NaN,NaN,NaN,NaN,TS,WN,B,B,120,1007,NaN,M,60,ESB,
2017081206,12e.2017,JOVA,TS,NN,19.6,249.8,35,1003,291,11,291,11,40,40,40,,,NaN,NaN,NaN,NaN,NaN,TS,WN,B,B,120,1007,NaN,M,40,JLB,
2017081212,12e.2017,JOVA,TS,NN,20.0,248.7,35,1003,294,11,294,11,40,40,40,,,NaN,NaN,NaN,NaN,NaN,TS,WN,B,B,120,1007,NaN,M,40,DAZ,
2017081218,12e.2017,JOVA,TS,NN,20.2,247.6,30,1004,286,11,286,11,NaN,NaN,NaN,NaN,NaN,NaN,NaN,NaN,NaN,NaN,TD,WN,B,B,150,1009,NaN,S,40,DAZ,
2017081300,12e.2017,JOVA,TS,NN,20.4,246.3,30,1005,280,11,280,11,NaN,NaN,NaN,NaN,NaN,NaN,NaN,NaN,NaN,NaN,TD,WN,B,B,150,1009,NaN,S,40,ESB,
2017081306,12e.2017,JOVA,TS,NN,20.4,244.9,25,1006,275,13,275,13,NaN,NaN,NaN,NaN,NaN,NaN,NaN,NaN,NaN,NaN,TD,WN,B,B,150,1009,NaN,S,40,SRS,
2017081312,12e.2017,JOVA,TS,NN,20.4,243.4,25,1006,270,14,270,14,NaN,NaN,NaN,NaN,NaN,NaN,NaN,NaN,NaN,NaN,TD,WN,B,B,150,1009,NaN,S,40,DPR,
2017081318,12e.2017,JOVA,TS,NN,20.4,242.0,25,1006,270,14,270,14,NaN,NaN,NaN,NaN,NaN,NaN,NaN,NaN,NaN,NaN,LO,WN,B,B,150,1010,NaN,S,40,DPB,
2017081400,12e.2017,JOVA,TS,NN,20.4,240.7,25,1006,270,13,270,13,NaN,NaN,NaN,NaN,NaN,NaN,NaN,NaN,NaN,NaN,LO,NW,B,B,150,1008,NaN,S,40,NaN,
2017081406,12e.2017,JOVA,TS,NN,20.4,239.5,25,1006,270,12,270,12,NaN,NaN,NaN,NaN,NaN,NaN,NaN,NaN,NaN,NaN,LO,NW,B,B,150,1008,NaN,NaN,40,NaN,
2017081412,12e.2017,JOVA,TS,NN,20.3,238.4,25,1007,267,11,267,11,NaN,NaN,NaN,NaN,NaN,NaN,NaN,NaN,NaN,NaN,LO,NW,B,B,150,1008,NaN,NaN,40,NaN,
2017081418,12e.2017,JOVA,TS,NN,20.3,237.3,25,1007,267,10,267,10,NaN,NaN,NaN,NaN,NaN,NaN,NaN,NaN,NaN,NaN,LO,NW,B,B,150,1008,NaN,NaN,40,NaN,
2017081500,12e.2017,JOVA,TS,NN,20.2,236.2,25,1007,267,10,267,10,NaN,NaN,NaN,NaN,NaN,NaN,NaN,NaN,NaN,NaN,LO,NW,B,B,150,1008,NaN,NaN,40,NaN,
2017081506,12e.2017,JOVA,TS,NN,20.0,235.0,25,1007,262,11,262,11,NaN,NaN,NaN,NaN,NaN,NaN,NaN,NaN,NaN,NaN,LO,NW,B,B,150,1008,NaN,NaN,40,NaN,
2017081512,12e.2017,JOVA,TS,NN,19.8,233.9,20,1008,260,11,260,11,NaN,NaN,NaN,NaN,NaN,NaN,NaN,NaN,NaN,NaN,LO,NW,B,B,150,1008,NaN,NaN,40,NaN,
2017081518,12e.2017,JOVA,TS,NN,19.6,232.7,20,1008,260,11,260,11,NaN,NaN,NaN,NaN,NaN,NaN,NaN,NaN,NaN,NaN,LO,NW,B,B,150,1008,NaN,NaN,40,NaN,
2017081600,12e.2017,JOVA,TS,NN,19.4,231.6,20,1008,260,11,260,11,NaN,NaN,NaN,NaN,NaN,NaN,NaN,NaN,NaN,NaN,LO,NW,B,B,150,1008,NaN,NaN,40,NaN,
2017081606,12e.2017,JOVA,TS,NN,19.2,230.5,20,1008,259,11,259,11,NaN,NaN,NaN,NaN,NaN,NaN,NaN,NaN,NaN,NaN,LO,NW,B,B,150,1008,NaN,NaN,40,NaN,
2017081612,12e.2017,JOVA,TS,NN,19.0,229.4,20,1008,259,11,259,11,NaN,NaN,NaN,NaN,NaN,NaN,NaN,NaN,NaN,NaN,LO,NW,B,B,150,1008,NaN,NaN,40,NaN,
2017081618,12e.2017,JOVA,TS,NN,18.8,228.3,20,1008,259,11,259,11,NaN,NaN,NaN,NaN,NaN,NaN,NaN,NaN,NaN,NaN,LO,NW,B,B,150,1008,NaN,NaN,40,NaN,
2017081700,12e.2017,JOVA,TS,NN,18.6,227.3,20,1008,259,10,259,10,NaN,NaN,NaN,NaN,NaN,NaN,NaN,NaN,NaN,NaN,LO,NW,B,B,150,1008,NaN,NaN,40,NaN,
2017081700,b3e.2017,9X-B3E,TY,NN,12.5,250.6,25,1008,290,10,290,10,NaN,NaN,NaN,NaN,NaN,NaN,NaN,NaN,NaN,NaN,DB,NW,B,B,150,1010,NaN,S,70,NaN,
2017081706,b3e.2017,9X-B3E,TY,NN,12.9,249.6,25,1008,290,10,290,10,NaN,NaN,NaN,NaN,NaN,NaN,NaN,NaN,NaN,NaN,DB,NW,B,B,150,1010,NaN,S,70,NaN,
2017081712,b3e.2017,9X-B3E,TY,NN,13.2,248.6,25,1008,290,10,290,10,NaN,NaN,NaN,NaN,NaN,NaN,NaN,NaN,NaN,NaN,LO,NW,B,B,150,1010,NaN,S,70,NaN,
2017081718,b3e.2017,9X-B3E,TY,NN,13.5,247.6,25,1008,290,10,287,10,NaN,NaN,NaN,NaN,NaN,NaN,NaN,NaN,NaN,NaN,LO,NW,B,B,150,1010,NaN,S,70,NaN,
2017081800,b3e.2017,9X-B3E,TY,NN,13.9,246.6,25,1007,290,10,290,10,NaN,NaN,NaN,NaN,NaN,NaN,NaN,NaN,NaN,NaN,LO,NW,B,B,120,1010,NaN,S,70,NaN,
2017081806,b3e.2017,9X-B3E,TY,NN,14.2,245.4,30,1006,288,11,288,11,NaN,NaN,NaN,NaN,NaN,NaN,NaN,NaN,NaN,NaN,TD,NW,B,B,120,1010,NaN,S,45,NaN,
2017081812,13e.2017,KENNETH,TY,NN,14.5,244.1,30,1006,284,12,284,12,NaN,NaN,NaN,NaN,NaN,NaN,NaN,NaN,NaN,NaN,TD,WN,B,B,120,1010,NaN,S,60,DAZ,
2017081818,13e.2017,KENNETH,TY,NN,14.7,242.8,30,1006,281,13,281,13,NaN,NaN,NaN,NaN,NaN,NaN,NaN,NaN,NaN,NaN,TD,WN,B,B,120,1010,NaN,S,80,DAZ,
2017081900,13e.2017,KENNETH,TY,NN,14.9,241.5,35,1005,279,13,279,13,30,40,20,,30,NaN,NaN,NaN,NaN,NaN,TS,WN,B,B,120,1010,NaN,M,40,DPR,
2017081906,13e.2017,KENNETH,TY,NN,15.1,240.1,40,1004,279,13,279,13,30,40,20,,30,NaN,NaN,NaN,NaN,NaN,TS,WN,B,B,120,1010,NaN,M,40,LAA,
2017081912,13e.2017,KENNETH,TY,NN,15.3,238.6,45,1003,278,14,278,14,28,40,20,20,30,NaN,NaN,NaN,NaN,NaN,TS,WN,B,B,150,1009,NaN,M,40,DPB,
2017081918,13e.2017,KENNETH,TY,NN,15.5,237.1,50,1001,278,15,278,15,35,50,30,20,40,30,30,,20,,TS,WN,B,B,150,1009,NaN,D,30,JPC,
2017082000,13e.2017,KENNETH,TY,NN,15.7,235.7,55,999,278,14,278,14,40,60,40,20,40,30,30,,20,,TS,WN,B,B,150,1009,NaN,D,30,DPR,
2017082006,13e.2017,KENNETH,TY,NN,15.9,234.4,60,995,279,13,279,13,50,70,50,30,50,28,30,30,30,30,TS,WN,B,B,140,1010,NaN,D,20,DPB,
2017082012,13e.2017,KENNETH,TY,NN,16.1,233.2,65,990,279,12,279,12,58,70,60,40,60,28,30,30,40,30,HU,WN,B,B,180,1010,NaN,D,15,JPC,
2017082018,13e.2017,KENNETH,TY,NN,16.3,232.2,80,980,281,11,281,11,68,80,70,50,70,30,40,30,50,30,HU,WN,B,B,180,1010,NaN,D,15,JPC,
2017082100,13e.2017,KENNETH,TY,NN,16.5,231.2,95,967,282,10,282,10,70,80,80,50,70,32,40,30,50,30,HU,WN,B,B,180,1009,NaN,D,15,CWL,
2017082106,13e.2017,KENNETH,TY,NN,16.9,230.3,115,951,288,10,288,10,78,90,80,60,80,40,50,40,60,40,HU,WN,B,B,160,1010,NaN,D,15,DPB,
2017082112,13e.2017,KENNETH,TY,NN,17.5,229.5,115,951,302,10,302,10,78,90,80,60,80,40,50,40,60,40,HU,WN,B,B,160,1010,NaN,D,15,JPC,
2017082118,13e.2017,KENNETH,TY,NN,18.1,228.8,105,959,310,9,310,9,78,90,80,60,80,40,50,40,60,40,HU,WN,B,B,160,1010,NaN,D,15,JPC,
2017082200,13e.2017,KENNETH,TY,NN,18.8,228.2,95,966,316,9,316,9,78,90,80,60,80,40,50,40,60,40,HU,WN,B,B,160,1010,NaN,D,15,CWL,
2017082206,13e.2017,KENNETH,TY,NN,19.5,227.6,85,974,321,9,321,9,75,90,70,60,80,40,50,40,60,40,HU,WN,B,B,140,1010,NaN,D,15,DPB,
2017082212,13e.2017,KENNETH,TY,NN,20.3,227.1,75,980,325,9,325,9,70,80,70,60,70,38,40,40,60,40,HU,WN,B,B,140,1010,NaN,D,15,RJP,
2017082218,13e.2017,KENNETH,TY,NN,21.2,226.6,65,987,331,10,331,10,68,80,60,60,70,38,40,40,60,40,HU,WN,B,B,120,1010,NaN,D,15,RJP,
2017082300,13e.2017,KENNETH,TY,NN,22.2,226.2,60,993,336,10,336,10,65,80,60,50,70,35,40,30,50,40,TS,WN,B,B,120,1012,NaN,D,20,JPC,
2017082306,13e.2017,KENNETH,TY,NN,23.2,225.8,50,999,340,11,340,11,60,70,50,50,70,27,30,20,50,30,TS,WN,B,B,120,1012,NaN,D,20,DPR,
2017082312,13e.2017,KENNETH,TY,NN,24.1,225.2,40,1002,334,11,334,11,60,70,50,50,70,NaN,NaN,NaN,NaN,NaN,LO,WN,B,B,120,1012,NaN,D,20,RJP,
2017082318,13e.2017,KENNETH,TY,NN,24.9,224.6,35,1004,327,10,327,10,60,70,50,50,70,NaN,NaN,NaN,NaN,NaN,LO,WN,B,B,120,1012,NaN,D,20,ESB,
2017082400,13e.2017,KENNETH,TY,NN,25.6,224.0,35,1005,324,9,324,9,58,60,50,50,70,NaN,NaN,NaN,NaN,NaN,LO,NW,B,B,120,1012,NaN,NaN,20,NaN,
2017082406,13e.2017,KENNETH,TY,NN,26.3,223.5,35,1006,325,9,325,9,57,60,50,,60,NaN,NaN,NaN,NaN,NaN,LO,NW,B,B,120,1012,NaN,NaN,20,NaN,
2017082412,13e.2017,KENNETH,TY,NN,27.0,223.3,35,1006,336,8,336,8,53,50,50,,60,NaN,NaN,NaN,NaN,NaN,LO,NW,B,B,120,1012,NaN,NaN,20,NaN,
2017082418,13e.2017,KENNETH,TY,NN,27.6,223.4,35,1006,356,7,356,7,60,,,,60,NaN,NaN,NaN,NaN,NaN,LO,NW,B,B,120,1012,NaN,NaN,20,NaN,
2017082500,13e.2017,KENNETH,TY,NN,28.0,223.7,35,1006,20,5,20,5,60,,,,60,NaN,NaN,NaN,NaN,NaN,LO,NW,B,B,120,1012,NaN,NaN,20,NaN,
2017082506,13e.2017,KENNETH,TY,NN,28.1,224.1,35,1006,51,4,51,4,60,,,,60,NaN,NaN,NaN,NaN,NaN,LO,NW,B,B,120,1012,NaN,NaN,20,NaN,
2017082512,13e.2017,KENNETH,TY,NN,28.2,224.5,35,1006,74,4,74,4,60,,,,60,NaN,NaN,NaN,NaN,NaN,LO,NW,B,B,120,1012,NaN,NaN,20,NaN,
2017082518,13e.2017,KENNETH,TY,NN,28.4,224.9,30,1007,67,4,67,4,NaN,NaN,NaN,NaN,NaN,NaN,NaN,NaN,NaN,NaN,LO,NW,B,B,120,1012,NaN,NaN,20,NaN,
2017082600,13e.2017,KENNETH,TY,NN,28.7,225.1,30,1008,47,4,47,4,NaN,NaN,NaN,NaN,NaN,NaN,NaN,NaN,NaN,NaN,LO,NW,B,B,120,1012,NaN,NaN,20,NaN,
2017082606,13e.2017,KENNETH,TY,NN,28.9,225.0,25,1009,10,3,10,3,NaN,NaN,NaN,NaN,NaN,NaN,NaN,NaN,NaN,NaN,LO,NW,B,B,120,1012,NaN,NaN,20,NaN,
2017082612,13e.2017,KENNETH,TY,NN,29.0,224.8,25,1010,319,2,319,2,NaN,NaN,NaN,NaN,NaN,NaN,NaN,NaN,NaN,NaN,LO,NW,B,B,120,1012,NaN,NaN,20,NaN,
2017082618,13e.2017,KENNETH,TY,NN,29.1,224.6,25,1011,300,2,300,2,NaN,NaN,NaN,NaN,NaN,NaN,NaN,NaN,NaN,NaN,LO,NW,B,B,120,1012,NaN,NaN,20,NaN,
2017082700,13e.2017,KENNETH,TY,NN,29.2,224.5,20,1012,307,2,307,2,NaN,NaN,NaN,NaN,NaN,NaN,NaN,NaN,NaN,NaN,LO,NW,B,B,120,1012,NaN,NaN,20,NaN,
2017082706,13e.2017,KENNETH,TY,NN,29.3,224.4,20,1013,319,1,319,1,NaN,NaN,NaN,NaN,NaN,NaN,NaN,NaN,NaN,NaN,LO,NW,B,B,120,1012,NaN,NaN,20,NaN,
2017082712,13e.2017,KENNETH,TY,NN,29.3,224.3,15,1015,300,1,300,1,NaN,NaN,NaN,NaN,NaN,NaN,NaN,NaN,NaN,NaN,LO,NW,B,B,120,1012,NaN,NaN,20,NaN,
2017082718,13e.2017,KENNETH,TY,NN,29.2,224.2,15,1017,240,1,240,1,NaN,NaN,NaN,NaN,NaN,NaN,NaN,NaN,NaN,NaN,LO,NW,B,B,120,1012,NaN,NaN,20,NaN,
2017082806,b4e.2017,9X-B4E,TS,NN,15.1,257.8,25,1007,293,5,293,5,NaN,NaN,NaN,NaN,NaN,NaN,NaN,NaN,NaN,NaN,DB,NW,B,B,120,1009,NaN,S,120,NaN,
2017082812,b4e.2017,9X-B4E,TS,NN,15.3,257.3,25,1006,293,5,293,5,NaN,NaN,NaN,NaN,NaN,NaN,NaN,NaN,NaN,NaN,DB,NW,B,B,120,1009,NaN,S,90,NaN,
2017082818,b4e.2017,9X-B4E,TS,NN,15.5,256.8,25,1006,293,5,293,5,NaN,NaN,NaN,NaN,NaN,NaN,NaN,NaN,NaN,NaN,DB,NW,B,B,125,1009,NaN,S,120,NaN,
2017082900,b4e.2017,9X-B4E,TS,NN,15.8,256.2,25,1006,295,6,295,6,NaN,NaN,NaN,NaN,NaN,NaN,NaN,NaN,NaN,NaN,DB,NW,B,B,125,1009,NaN,S,120,NaN,
2017082906,b4e.2017,9X-B4E,TS,NN,16.5,255.5,25,1006,309,8,309,8,NaN,NaN,NaN,NaN,NaN,NaN,NaN,NaN,NaN,NaN,DB,NW,B,B,125,1009,NaN,S,120,NaN,
2017082912,b4e.2017,9X-B4E,TS,NN,16.8,254.3,25,1006,299,10,299,10,NaN,NaN,NaN,NaN,NaN,NaN,NaN,NaN,NaN,NaN,DB,NW,B,B,150,1009,NaN,S,120,NaN,
2017082918,14e.2017,LIDIA,TS,NN,17.0,253.0,25,1006,316,8,282,12,NaN,NaN,NaN,NaN,NaN,NaN,NaN,NaN,NaN,NaN,DB,WN,B,B,180,1009,NaN,S,120,ESB,
2017083000,14e.2017,LIDIA,TS,NN,17.5,252.3,25,1006,316,8,290,10,NaN,NaN,NaN,NaN,NaN,NaN,NaN,NaN,NaN,NaN,DB,WN,B,B,180,1009,NaN,S,100,JPC,
2017083006,14e.2017,LIDIA,TS,NN,18.2,251.8,25,1005,316,8,316,8,NaN,NaN,NaN,NaN,NaN,NaN,NaN,NaN,NaN,NaN,DB,WN,B,B,180,1009,NaN,S,100,RJP,
2017083012,14e.2017,LIDIA,TS,NN,19.0,251.5,30,1003,333,8,333,8,NaN,NaN,NaN,NaN,NaN,NaN,NaN,NaN,NaN,NaN,DB,WN,B,B,180,1007,NaN,M,100,ESB,
2017083018,14e.2017,LIDIA,TS,NN,19.8,251.3,35,1001,344,8,344,8,100,100,100,,,NaN,NaN,NaN,NaN,NaN,TS,WN,B,B,180,1007,NaN,M,100,ESB,
2017083100,14e.2017,LIDIA,TS,NN,20.4,251.0,35,998,341,7,341,7,100,100,100,,,NaN,NaN,NaN,NaN,NaN,TS,WN,B,B,180,1007,NaN,M,100,LAA,
2017083106,14e.2017,LIDIA,TS,NN,21.0,250.7,40,996,335,7,335,7,130,140,120,,,NaN,NaN,NaN,NaN,NaN,TS,WN,B,B,180,1007,NaN,M,100,RJB,
2017083112,14e.2017,LIDIA,TS,NN,21.8,250.4,45,994,338,8,338,8,130,140,120,,,NaN,NaN,NaN,NaN,NaN,TS,WN,B,B,180,1007,NaN,M,60,JLB,
2017083118,14e.2017,LIDIA,TS,NN,22.4,250.0,55,991,335,8,335,8,105,160,130,50,80,30,30,30,50,30,TS,WN,B,B,180,1007,0.03,M,30,JLB,
2017090100,14e.2017,LIDIA,TS,NN,22.9,249.7,55,986,330,6,330,6,100,160,130,50,60,30,30,30,50,30,TS,WN,B,B,180,1007,0.09,M,30,LAA,
2017090106,14e.2017,LIDIA,TS,NN,23.4,249.3,55,987,327,6,327,6,102,170,130,50,60,30,30,30,50,30,TS,WN,B,B,200,1007,0.40,M,20,RJB,
2017090112,14e.2017,LIDIA,TS,NN,24.0,249.1,50,990,333,6,333,6,102,170,130,50,60,20,20,20,50,20,TS,WN,B,B,200,1007,0.43,M,20,JLB,
2017090118,14e.2017,LIDIA,TS,NN,25.1,248.4,50,991,334,9,334,9,102,170,130,50,60,20,20,,50,,TS,WN,B,B,200,1007,0.95,M,30,JLB,
2017090200,14e.2017,LIDIA,TS,NN,26.0,247.6,45,993,326,12,326,12,95,150,120,50,60,NaN,NaN,NaN,NaN,NaN,TS,WN,B,B,200,1007,0.32,M,30,LAA,
2017090206,14e.2017,LIDIA,TS,NN,26.8,246.8,40,995,320,11,320,11,117,150,120,,80,NaN,NaN,NaN,NaN,NaN,TS,WN,B,B,160,1008,0.87,M,90,RJB,
2017090212,14e.2017,LIDIA,TS,NN,27.6,246.1,35,997,320,10,320,10,135,150,120,,,NaN,NaN,NaN,NaN,NaN,TS,WN,B,B,160,1008,0.84,M,90,JLB,
2017090218,14e.2017,LIDIA,TS,NN,28.3,245.3,35,1000,318,10,318,10,120,120,120,,,NaN,NaN,NaN,NaN,NaN,TS,WN,B,B,150,1010,0.21,M,90,CWL,
2017090300,14e.2017,LIDIA,TS,NN,28.9,244.6,30,1002,315,9,315,9,NaN,NaN,NaN,NaN,NaN,NaN,NaN,NaN,NaN,NaN,TD,WN,B,B,150,1010,0.02,S,40,NaN,
2017090306,14e.2017,LIDIA,TS,NN,29.3,244.1,30,1003,314,7,314,7,NaN,NaN,NaN,NaN,NaN,NaN,NaN,NaN,NaN,NaN,LO,WN,B,B,120,1011,0.06,S,30,RJB,
2017090312,14e.2017,LIDIA,TS,NN,29.9,243.1,30,1003,307,8,307,8,NaN,NaN,NaN,NaN,NaN,NaN,NaN,NaN,NaN,NaN,LO,NW,B,B,120,1011,NaN,NaN,30,NaN,
2017091018,b5e.2017,9X-B5E,TY,NN,16.4,253.5,20,1009,267,9,270,10,NaN,NaN,NaN,NaN,NaN,NaN,NaN,NaN,NaN,NaN,DB,NW,B,B,120,1012,NaN,S,30,NaN,
2017091100,b5e.2017,9X-B5E,TY,NN,16.3,252.5,20,1009,267,9,270,10,NaN,NaN,NaN,NaN,NaN,NaN,NaN,NaN,NaN,NaN,DB,NW,B,B,120,1012,NaN,S,30,NaN,
2017091106,b5e.2017,9X-B5E,TY,NN,16.4,251.4,25,1009,270,14,270,10,NaN,NaN,NaN,NaN,NaN,NaN,NaN,NaN,NaN,NaN,TD,NW,B,B,120,1012,NaN,S,30,NaN,
2017091112,b5e.2017,9X-B5E,TY,NN,16.5,250.0,25,1007,270,14,275,12,NaN,NaN,NaN,NaN,NaN,NaN,NaN,NaN,NaN,NaN,TD,NW,B,B,150,1010,NaN,S,30,NaN,
2017091118,15e.2017,OTIS,TY,NN,16.4,248.5,25,1006,270,14,270,14,NaN,NaN,NaN,NaN,NaN,NaN,NaN,NaN,NaN,NaN,TD,WN,B,B,120,1009,NaN,S,30,CWL,
2017091200,15e.2017,OTIS,TY,NN,16.2,247.0,25,1006,264,14,264,14,NaN,NaN,NaN,NaN,NaN,NaN,NaN,NaN,NaN,NaN,TD,WN,B,B,170,1009,NaN,S,30,DAZ,
2017091206,15e.2017,OTIS,TY,NN,16.0,245.6,25,1006,262,14,262,14,NaN,NaN,NaN,NaN,NaN,NaN,NaN,NaN,NaN,NaN,TD,WN,B,B,170,1009,NaN,S,30,DPR,
2017091212,15e.2017,OTIS,TY,NN,15.8,244.3,30,1004,261,13,261,13,NaN,NaN,NaN,NaN,NaN,NaN,NaN,NaN,NaN,NaN,TD,WN,B,B,150,1008,NaN,S,30,CWL,
2017091218,15e.2017,OTIS,TY,NN,15.5,243.1,30,1004,258,12,258,12,NaN,NaN,NaN,NaN,NaN,NaN,NaN,NaN,NaN,NaN,TD,WN,B,B,150,1008,NaN,S,30,CWL,
2017091300,15e.2017,OTIS,TY,NN,15.2,242.0,35,1003,255,11,255,11,30,,,,30,NaN,NaN,NaN,NaN,NaN,TS,WN,B,B,150,1008,NaN,M,30,JPC,
2017091306,15e.2017,OTIS,TY,NN,14.9,240.9,35,1003,254,11,254,11,30,,,,30,NaN,NaN,NaN,NaN,NaN,TS,WN,B,B,150,1008,NaN,M,30,DPR,
2017091312,15e.2017,OTIS,TY,NN,14.9,239.9,30,1004,262,10,262,10,NaN,NaN,NaN,NaN,NaN,NaN,NaN,NaN,NaN,NaN,TD,WN,B,B,150,1008,NaN,M,30,LAA,
2017091318,15e.2017,OTIS,TY,NN,15.0,239.1,30,1004,273,9,273,9,NaN,NaN,NaN,NaN,NaN,NaN,NaN,NaN,NaN,NaN,TD,WN,B,B,150,1008,NaN,M,30,LAA,
2017091400,15e.2017,OTIS,TY,NN,15.1,238.5,30,1004,278,7,278,7,NaN,NaN,NaN,NaN,NaN,NaN,NaN,NaN,NaN,NaN,TD,WN,B,B,150,1008,NaN,S,30,DAZ,
2017091406,15e.2017,OTIS,TY,NN,15.2,237.9,30,1004,280,6,280,6,NaN,NaN,NaN,NaN,NaN,NaN,NaN,NaN,NaN,NaN,TD,WN,B,B,150,1008,NaN,S,30,LAA,
2017091412,15e.2017,OTIS,TY,NN,15.3,237.3,30,1005,280,6,280,6,NaN,NaN,NaN,NaN,NaN,NaN,NaN,NaN,NaN,NaN,TD,WN,B,B,150,1009,NaN,S,30,MJB,
2017091418,15e.2017,OTIS,TY,NN,15.5,236.7,30,1005,285,6,285,6,NaN,NaN,NaN,NaN,NaN,NaN,NaN,NaN,NaN,NaN,TD,WN,B,B,150,1009,NaN,S,30,DPB,
2017091500,15e.2017,OTIS,TY,NN,15.7,236.1,30,1006,289,6,289,6,NaN,NaN,NaN,NaN,NaN,NaN,NaN,NaN,NaN,NaN,TD,WN,B,B,150,1010,NaN,S,30,DAZ,
2017091506,15e.2017,OTIS,TY,NN,15.9,235.6,30,1006,291,6,291,6,NaN,NaN,NaN,NaN,NaN,NaN,NaN,NaN,NaN,NaN,TD,WN,B,B,150,1010,NaN,S,30,DAZ,
2017091512,15e.2017,OTIS,TY,NN,16.0,235.2,30,1007,289,5,289,5,NaN,NaN,NaN,NaN,NaN,NaN,NaN,NaN,NaN,NaN,TD,WN,B,B,180,1011,NaN,S,30,RJB,
2017091518,15e.2017,OTIS,TY,NN,16.0,234.8,30,1007,277,4,277,4,NaN,NaN,NaN,NaN,NaN,NaN,NaN,NaN,NaN,NaN,TD,WN,B,B,180,1011,NaN,S,40,RJB,
2017091600,15e.2017,OTIS,TY,NN,15.9,234.5,25,1008,262,3,262,3,NaN,NaN,NaN,NaN,NaN,NaN,NaN,NaN,NaN,NaN,TD,WN,B,B,180,1011,NaN,S,40,DAZ,
2017091606,15e.2017,OTIS,TY,NN,15.8,234.1,25,1008,253,4,253,4,NaN,NaN,NaN,NaN,NaN,NaN,NaN,NaN,NaN,NaN,TD,WN,B,B,180,1011,NaN,S,40,DAZ,
2017091612,15e.2017,OTIS,TY,NN,15.8,233.6,30,1007,263,4,263,4,NaN,NaN,NaN,NaN,NaN,NaN,NaN,NaN,NaN,NaN,TD,WN,B,B,180,1011,NaN,S,40,JPC,
2017091618,15e.2017,OTIS,TY,NN,15.8,233.2,35,1006,270,4,270,4,30,30,,,30,NaN,NaN,NaN,NaN,NaN,TS,WN,B,B,180,1011,NaN,S,30,JPC,
2017091700,15e.2017,OTIS,TY,NN,15.8,232.9,40,1005,270,3,270,3,30,30,30,,30,NaN,NaN,NaN,NaN,NaN,TS,WN,B,B,180,1011,NaN,S,30,DAZ,
2017091706,15e.2017,OTIS,TY,NN,16.0,232.7,50,1001,293,3,293,3,38,40,40,30,40,20,20,,30,,TS,WN,B,B,180,1011,NaN,S,30,DAZ,
2017091712,15e.2017,OTIS,TY,NN,16.3,232.8,65,991,349,3,349,3,38,40,40,30,40,20,20,20,30,20,HU,WN,B,B,180,1011,NaN,M,20,JPC,
2017091718,15e.2017,OTIS,TY,NN,16.8,232.9,80,980,13,4,13,4,52,60,60,40,50,25,30,30,40,20,HU,WN,B,B,180,1011,NaN,D,20,JPC,
2017091800,15e.2017,OTIS,TY,NN,17.6,232.8,100,965,360,7,360,7,52,60,60,40,50,25,30,30,40,20,HU,WN,B,B,180,1011,NaN,D,10,ESB,
2017091806,15e.2017,OTIS,TY,NN,18.3,232.7,90,973,353,8,353,8,52,60,60,40,50,25,30,30,40,20,HU,WN,B,B,180,1011,NaN,D,10,ESB,
2017091812,15e.2017,OTIS,TY,NN,18.7,232.6,65,991,350,6,350,6,52,60,60,40,50,30,30,30,40,,HU,WN,B,B,180,1011,NaN,M,10,DAZ,
2017091818,15e.2017,OTIS,TY,NN,19.0,232.5,45,1002,345,4,345,4,57,60,60,,50,NaN,NaN,NaN,NaN,NaN,TS,WN,B,B,180,1011,NaN,S,10,DAZ,
2017091900,15e.2017,OTIS,TY,NN,19.1,232.4,40,1004,335,2,335,2,57,60,60,,50,NaN,NaN,NaN,NaN,NaN,TS,WN,B,B,180,1011,NaN,S,10,LAA,
2017091906,15e.2017,OTIS,TY,NN,19.1,232.2,35,1006,289,2,289,2,60,60,,,60,NaN,NaN,NaN,NaN,NaN,TS,WN,B,B,180,1011,NaN,S,10,DPR,
2017091912,15e.2017,OTIS,TY,NN,19.0,231.7,30,1007,261,3,261,3,NaN,NaN,NaN,NaN,NaN,NaN,NaN,NaN,NaN,NaN,LO,WN,B,B,150,1011,NaN,S,15,JPC,
2017091918,15e.2017,OTIS,TY,NN,18.6,231.2,30,1007,242,5,242,5,NaN,NaN,NaN,NaN,NaN,NaN,NaN,NaN,NaN,NaN,LO,NW,B,B,150,1011,NaN,NaN,15,NaN,
2017092000,15e.2017,OTIS,TY,NN,18.1,230.6,25,1008,229,7,229,7,NaN,NaN,NaN,NaN,NaN,NaN,NaN,NaN,NaN,NaN,LO,NW,B,B,150,1011,NaN,NaN,15,NaN,
2017092006,15e.2017,OTIS,TY,NN,17.6,230.1,25,1008,226,7,226,7,NaN,NaN,NaN,NaN,NaN,NaN,NaN,NaN,NaN,NaN,LO,NW,B,B,150,1011,NaN,NaN,15,NaN,
2017092012,15e.2017,OTIS,TY,NN,17.1,229.5,25,1008,226,7,226,7,NaN,NaN,NaN,NaN,NaN,NaN,NaN,NaN,NaN,NaN,LO,NW,B,B,150,1011,NaN,NaN,15,NaN,
2017092018,15e.2017,OTIS,TY,NN,16.6,228.9,25,1008,229,8,229,8,NaN,NaN,NaN,NaN,NaN,NaN,NaN,NaN,NaN,NaN,LO,NW,B,B,150,1011,NaN,NaN,15,NaN,
2017092100,15e.2017,OTIS,TY,NN,16.1,228.3,20,1009,229,8,229,8,NaN,NaN,NaN,NaN,NaN,NaN,NaN,NaN,NaN,NaN,LO,NW,B,B,150,1011,NaN,NaN,15,NaN,
2017091218,c6e.2017,9X-C6E,TY,NN,14.0,258.6,30,1008,337,8,337,8,NaN,NaN,NaN,NaN,NaN,NaN,NaN,NaN,NaN,NaN,DB,NW,B,B,120,1010,NaN,M,60,NaN,
2017091300,c6e.2017,9X-C6E,TY,NN,14.6,258.1,30,1008,337,8,337,8,NaN,NaN,NaN,NaN,NaN,NaN,NaN,NaN,NaN,NaN,DB,NW,B,B,120,1010,NaN,M,60,NaN,
2017091306,c6e.2017,9X-C6E,TY,NN,15.4,258.0,25,1008,337,8,337,8,NaN,NaN,NaN,NaN,NaN,NaN,NaN,NaN,NaN,NaN,DB,NW,B,B,120,1010,NaN,M,60,NaN,
2017091312,16e.2017,MAX,TY,NN,15.9,258.2,30,1006,63,3,4,7,NaN,NaN,NaN,NaN,NaN,NaN,NaN,NaN,NaN,NaN,TD,WN,B,B,120,1010,NaN,M,60,LAA,
2017091318,16e.2017,MAX,TY,NN,16.0,258.4,35,1005,63,3,33,4,30,30,30,,,NaN,NaN,NaN,NaN,NaN,TS,WN,B,B,120,1010,NaN,M,30,LAA,
2017091400,16e.2017,MAX,TY,NN,16.2,258.8,45,1002,63,3,63,3,28,30,30,30,20,NaN,NaN,NaN,NaN,NaN,TS,WN,B,B,120,1011,NaN,M,30,MJB,
2017091406,16e.2017,MAX,TY,NN,16.3,259.2,60,995,69,4,69,4,32,40,30,30,30,20,,20,30,20,TS,WN,B,B,120,1011,NaN,M,20,RJB,
2017091412,16e.2017,MAX,TY,NN,16.4,259.8,70,988,78,5,78,5,38,40,40,40,30,20,20,20,40,20,HU,WN,B,B,70,1010,0.11,D,10,RJB,
2017091418,16e.2017,MAX,TY,NN,16.6,260.8,80,980,79,8,79,8,38,40,40,40,30,20,20,20,40,20,HU,WN,B,B,60,1011,0.45,D,10,RJB,
2017091500,16e.2017,MAX,TY,NN,16.8,261.4,60,992,75,8,75,8,32,40,40,30,20,20,20,20,30,,TS,WN,B,B,60,1010,0.98,D,15,DPB,
2017091506,16e.2017,MAX,TY,NN,17.0,261.8,25,1005,67,5,67,5,NaN,NaN,NaN,NaN,NaN,NaN,NaN,NaN,NaN,NaN,TD,WN,B,B,60,1010,0.99,D,15,LAA,
2017091300,b7e.2017,9X-B7E,TY,NN,14.6,251.6,25,1008,291,6,291,6,NaN,NaN,NaN,NaN,NaN,NaN,NaN,NaN,NaN,NaN,DB,NW,B,B,120,1010,NaN,NaN,60,NaN,
2017091306,b7e.2017,9X-B7E,TY,NN,14.7,251.2,25,1008,291,6,291,6,NaN,NaN,NaN,NaN,NaN,NaN,NaN,NaN,NaN,NaN,DB,NW,B,B,120,1010,NaN,NaN,60,NaN,
2017091312,b7e.2017,9X-B7E,TY,NN,15.0,250.5,25,1008,291,6,291,6,NaN,NaN,NaN,NaN,NaN,NaN,NaN,NaN,NaN,NaN,DB,NW,B,B,120,1010,NaN,NaN,60,NaN,
2017091318,b7e.2017,9X-B7E,TY,NN,15.5,250.4,25,1008,316,6,316,6,NaN,NaN,NaN,NaN,NaN,NaN,NaN,NaN,NaN,NaN,DB,NW,B,B,120,1010,NaN,S,60,NaN,
2017091400,b7e.2017,9X-B7E,TY,NN,16.0,250.4,30,1007,354,5,354,5,NaN,NaN,NaN,NaN,NaN,NaN,NaN,NaN,NaN,NaN,DB,NW,B,B,120,1010,NaN,S,60,NaN,
2017091406,b7e.2017,9X-B7E,TY,NN,16.4,250.5,30,1006,11,5,6,5,NaN,NaN,NaN,NaN,NaN,NaN,NaN,NaN,NaN,NaN,TD,NW,B,B,120,1010,NaN,S,60,NaN,
2017091412,17e.2017,NORMA,TY,NN,16.9,250.6,35,1004,11,5,12,5,50,40,60,50,,NaN,NaN,NaN,NaN,NaN,TS,WN,B,B,160,1009,NaN,M,40,RJB,
2017091418,17e.2017,NORMA,TY,NN,17.4,250.7,40,1003,11,5,11,5,48,50,60,50,30,NaN,NaN,NaN,NaN,NaN,TS,WN,B,B,160,1009,NaN,M,40,RJB,
2017091500,17e.2017,NORMA,TY,NN,17.9,250.6,45,1001,360,5,360,5,52,60,60,50,40,NaN,NaN,NaN,NaN,NaN,TS,WN,B,B,160,1009,NaN,M,40,DPB,
2017091506,17e.2017,NORMA,TY,NN,18.3,250.5,50,998,348,5,348,5,55,60,60,50,50,30,30,30,50,,TS,WN,B,B,190,1009,NaN,M,40,LAA,
2017091512,17e.2017,NORMA,TY,NN,18.6,250.3,55,994,338,4,338,4,65,70,70,60,60,30,40,30,60,20,TS,WN,B,B,230,1010,NaN,M,30,RJB,
2017091518,17e.2017,NORMA,TY,NN,18.8,250.0,60,989,317,3,317,3,75,80,80,70,70,38,50,40,70,30,TS,WN,B,B,210,1009,NaN,D,30,RJB,
2017091600,17e.2017,NORMA,TY,NN,18.9,249.9,65,985,308,2,308,2,75,80,80,70,70,38,50,40,70,30,HU,WN,B,B,210,1009,NaN,D,25,DPB,
2017091606,17e.2017,NORMA,TY,NN,19.0,249.8,65,985,317,1,317,1,75,80,80,70,70,38,50,40,70,30,HU,WN,B,B,210,1009,NaN,D,25,LAA,
2017091612,17e.2017,NORMA,TY,NN,19.2,249.8,60,988,343,2,343,2,70,80,70,60,70,38,50,40,60,30,TS,WN,B,B,210,1009,NaN,D,25,CWL,
2017091618,17e.2017,NORMA,TY,NN,19.5,249.8,55,989,360,2,360,2,68,80,60,60,70,35,40,30,60,,TS,WN,B,B,210,1011,NaN,D,30,CWL,
2017091700,17e.2017,NORMA,TY,NN,19.8,249.8,50,997,360,3,360,3,68,80,60,60,70,35,40,30,60,,TS,WN,B,B,210,1011,NaN,D,30,DAZ,
2017091706,17e.2017,NORMA,TY,NN,20.2,249.7,45,999,352,4,352,4,72,80,60,70,80,NaN,NaN,NaN,NaN,NaN,TS,WN,B,B,210,1011,NaN,D,40,DAZ,
2017091712,17e.2017,NORMA,TY,NN,20.6,249.5,45,1001,341,4,341,4,70,70,60,70,80,NaN,NaN,NaN,NaN,NaN,TS,WN,B,B,180,1011,NaN,M,50,CWL,
2017091718,17e.2017,NORMA,TY,NN,21.0,249.2,45,1001,330,5,330,5,62,60,60,60,70,NaN,NaN,NaN,NaN,NaN,TS,WN,B,B,180,1011,NaN,M,40,CWL,
2017091800,17e.2017,NORMA,TY,NN,21.1,248.8,45,999,307,4,307,4,58,60,50,60,60,NaN,NaN,NaN,NaN,NaN,TS,WN,B,B,180,1009,NaN,M,40,ESB,
2017091806,17e.2017,NORMA,TY,NN,21.2,248.4,45,999,285,4,285,4,58,60,50,60,60,NaN,NaN,NaN,NaN,NaN,TS,WN,B,B,180,1009,NaN,M,40,ESB,
2017091812,17e.2017,NORMA,TY,NN,21.3,248.0,45,999,285,4,285,4,58,60,50,60,60,NaN,NaN,NaN,NaN,NaN,TS,WN,B,B,180,1009,NaN,M,40,DAZ,
2017091818,17e.2017,NORMA,TY,NN,21.4,247.5,40,1002,283,4,283,4,58,60,50,60,60,NaN,NaN,NaN,NaN,NaN,TS,WN,B,B,180,1009,NaN,M,40,DAZ,
2017091900,17e.2017,NORMA,TY,NN,21.4,246.9,35,1004,276,5,276,5,48,50,40,50,50,NaN,NaN,NaN,NaN,NaN,TS,WN,B,B,180,1009,NaN,M,40,LAA,
2017091906,17e.2017,NORMA,TY,NN,21.4,246.4,30,1004,270,5,270,5,NaN,NaN,NaN,NaN,NaN,NaN,NaN,NaN,NaN,NaN,TD,WN,B,B,180,1009,NaN,M,40,DPR,
2017091912,17e.2017,NORMA,TY,NN,21.5,245.8,30,1005,276,5,276,5,NaN,NaN,NaN,NaN,NaN,NaN,NaN,NaN,NaN,NaN,TD,WN,B,B,180,1010,NaN,M,30,JPC,
2017091918,17e.2017,NORMA,TY,NN,21.7,245.2,30,1005,285,6,285,6,NaN,NaN,NaN,NaN,NaN,NaN,NaN,NaN,NaN,NaN,TD,WN,B,B,180,1010,NaN,S,30,JPC,
2017092000,17e.2017,NORMA,TY,NN,21.9,244.6,30,1006,290,6,290,6,NaN,NaN,NaN,NaN,NaN,NaN,NaN,NaN,NaN,NaN,LO,WN,B,B,180,1010,NaN,S,30,ESB,
2017092006,17e.2017,NORMA,TY,NN,22.0,244.0,25,1007,285,6,285,6,NaN,NaN,NaN,NaN,NaN,NaN,NaN,NaN,NaN,NaN,LO,NW,B,B,180,1010,NaN,NaN,30,NaN,
2017092012,17e.2017,NORMA,TY,NN,22.1,243.4,25,1007,280,6,280,6,NaN,NaN,NaN,NaN,NaN,NaN,NaN,NaN,NaN,NaN,LO,NW,B,B,180,1010,NaN,NaN,30,NaN,
2017092018,17e.2017,NORMA,TY,NN,22.1,242.8,25,1007,275,6,275,6,NaN,NaN,NaN,NaN,NaN,NaN,NaN,NaN,NaN,NaN,LO,NW,B,B,180,1010,NaN,NaN,30,NaN,
2017092100,17e.2017,NORMA,TY,NN,22.1,242.5,25,1007,270,4,270,4,NaN,NaN,NaN,NaN,NaN,NaN,NaN,NaN,NaN,NaN,LO,NW,B,B,180,1010,NaN,NaN,30,NaN,
2017092106,17e.2017,NORMA,TY,NN,22.4,242.5,25,1007,317,2,317,2,NaN,NaN,NaN,NaN,NaN,NaN,NaN,NaN,NaN,NaN,LO,NW,B,B,180,1010,NaN,NaN,30,NaN,
2017092112,17e.2017,NORMA,TY,NN,22.5,242.7,20,1008,25,2,25,2,NaN,NaN,NaN,NaN,NaN,NaN,NaN,NaN,NaN,NaN,LO,NW,B,B,180,1010,NaN,NaN,30,NaN,
2017092118,17e.2017,NORMA,TY,NN,22.6,243.0,20,1008,67,3,67,3,NaN,NaN,NaN,NaN,NaN,NaN,NaN,NaN,NaN,NaN,LO,NW,B,B,180,1010,NaN,NaN,30,NaN,
2017092200,17e.2017,NORMA,TY,NN,22.5,243.5,20,1010,90,4,90,4,NaN,NaN,NaN,NaN,NaN,NaN,NaN,NaN,NaN,NaN,LO,NW,B,B,180,1010,NaN,NaN,30,NaN,
2017092206,17e.2017,NORMA,TY,NN,22.3,244.0,20,1010,108,5,108,5,NaN,NaN,NaN,NaN,NaN,NaN,NaN,NaN,NaN,NaN,LO,NW,B,B,180,1010,NaN,NaN,30,NaN,
2017092112,b8e.2017,9X-B8E,TS,NN,16.6,257.4,20,1008,278,3,278,3,NaN,NaN,NaN,NaN,NaN,NaN,NaN,NaN,NaN,NaN,LO,NW,B,B,120,1010,NaN,S,30,NaN,
2017092118,b8e.2017,9X-B8E,TS,NN,16.6,257.0,20,1008,278,3,278,3,NaN,NaN,NaN,NaN,NaN,NaN,NaN,NaN,NaN,NaN,LO,NW,B,B,120,1010,NaN,S,30,NaN,
2017092200,b8e.2017,9X-B8E,TS,NN,16.7,256.7,25,1007,289,3,278,3,NaN,NaN,NaN,NaN,NaN,NaN,NaN,NaN,NaN,NaN,LO,NW,B,B,120,1010,NaN,S,60,NaN,
2017092206,b8e.2017,9X-B8E,TS,NN,16.8,256.4,25,1006,289,3,289,3,NaN,NaN,NaN,NaN,NaN,NaN,NaN,NaN,NaN,NaN,LO,NW,B,B,120,1010,NaN,S,55,NaN,
2017092212,18e.2017,PILAR,TS,NN,16.9,256.1,25,1005,289,3,289,3,NaN,NaN,NaN,NaN,NaN,NaN,NaN,NaN,NaN,NaN,LO,WN,B,B,120,1010,NaN,S,50,NaN,
2017092218,18e.2017,PILAR,TS,NN,17.1,255.8,25,1005,298,3,298,3,NaN,NaN,NaN,NaN,NaN,NaN,NaN,NaN,NaN,NaN,LO,NW,B,B,120,1010,NaN,S,45,NaN,
2017092300,18e.2017,PILAR,TS,NN,17.3,255.6,25,1005,310,3,310,3,NaN,NaN,NaN,NaN,NaN,NaN,NaN,NaN,NaN,NaN,LO,NW,B,B,120,1010,NaN,S,45,NaN,
2017092306,18e.2017,PILAR,TS,NN,17.6,255.3,25,1005,316,3,316,3,NaN,NaN,NaN,NaN,NaN,NaN,NaN,NaN,NaN,NaN,LO,NW,B,B,120,1010,NaN,S,40,NaN,
2017092312,18e.2017,PILAR,TS,NN,17.9,255.0,30,1005,316,4,316,4,NaN,NaN,NaN,NaN,NaN,NaN,NaN,NaN,NaN,NaN,TD,NW,B,B,120,1010,NaN,M,35,NaN,
2017092318,18e.2017,PILAR,TS,NN,18.2,254.8,35,1004,322,4,322,4,30,30,30,,,NaN,NaN,NaN,NaN,NaN,TS,WN,B,B,120,1010,NaN,M,30,SRS,
2017092400,18e.2017,PILAR,TS,NN,18.6,254.6,35,1003,332,4,332,4,30,30,30,,,NaN,NaN,NaN,NaN,NaN,TS,WN,B,B,120,1010,NaN,D,30,DAZ,
2017092406,18e.2017,PILAR,TS,NN,19.2,254.3,40,1002,335,6,335,6,37,40,40,,30,NaN,NaN,NaN,NaN,NaN,TS,WN,B,B,120,1010,NaN,D,30,DAZ,
2017092412,18e.2017,PILAR,TS,NN,20.0,254.0,45,1000,338,8,338,8,37,40,40,,30,NaN,NaN,NaN,NaN,NaN,TS,WN,B,B,120,1008,0.05,D,30,CWL,
2017092418,18e.2017,PILAR,TS,NN,20.9,253.7,45,1000,342,9,342,9,37,40,40,,30,NaN,NaN,NaN,NaN,NaN,TS,WN,B,B,120,1007,0.02,D,30,CWL,
2017092500,18e.2017,PILAR,TS,NN,21.8,253.4,40,1002,343,9,343,9,40,40,40,,,NaN,NaN,NaN,NaN,NaN,TS,WN,B,B,120,1007,0.02,D,35,JPC,
2017092506,18e.2017,PILAR,TS,NN,22.3,253.2,35,1003,342,7,342,7,40,40,,,,NaN,NaN,NaN,NaN,NaN,TS,WN,B,B,120,1007,NaN,D,40,JPC,
2017092512,18e.2017,PILAR,TS,NN,22.6,253.0,25,1004,335,4,335,4,NaN,NaN,NaN,NaN,NaN,NaN,NaN,NaN,NaN,NaN,LO,WN,B,B,120,1007,NaN,M,50,SRS,
2017092518,18e.2017,PILAR,TS,NN,23.5,253.0,20,1005,343,8,351,6,NaN,NaN,NaN,NaN,NaN,NaN,NaN,NaN,NaN,NaN,DB,WN,B,B,120,1008,0.18,S,40,CWL,
2017100212,c0e.2017,9X-C0E,TS,NN,12.9,265.9,25,1006,337,4,337,4,NaN,NaN,NaN,NaN,NaN,NaN,NaN,NaN,NaN,NaN,DB,NW,B,B,150,1008,NaN,S,60,NaN,
2017100218,c0e.2017,9X-C0E,TS,NN,13.3,265.8,25,1006,337,4,337,4,NaN,NaN,NaN,NaN,NaN,NaN,NaN,NaN,NaN,NaN,DB,NW,B,B,150,1006,NaN,S,60,NaN,
2017100300,c0e.2017,9X-C0E,TS,NN,13.6,265.6,25,1006,337,4,337,4,NaN,NaN,NaN,NaN,NaN,NaN,NaN,NaN,NaN,NaN,DB,NW,B,B,150,1008,NaN,S,60,NaN,
2017100306,c0e.2017,9X-C0E,TS,NN,13.8,265.4,25,1006,322,3,322,3,NaN,NaN,NaN,NaN,NaN,NaN,NaN,NaN,NaN,NaN,DB,NW,B,B,150,1008,NaN,S,60,NaN,
2017100312,c0e.2017,9X-C0E,TS,NN,13.9,265.2,25,1006,308,2,308,2,NaN,NaN,NaN,NaN,NaN,NaN,NaN,NaN,NaN,NaN,DB,NW,B,B,150,1008,NaN,S,40,NaN,
2017100318,c0e.2017,9X-C0E,TS,NN,13.9,265.1,25,1005,312,5,289,2,NaN,NaN,NaN,NaN,NaN,NaN,NaN,NaN,NaN,NaN,TD,NW,B,B,150,1008,NaN,S,25,NaN,
2017100400,c0e.2017,9X-C0E,TS,NN,14.2,264.8,30,1004,312,5,308,2,NaN,NaN,NaN,NaN,NaN,NaN,NaN,NaN,NaN,NaN,TD,NW,B,B,150,1008,NaN,S,20,NaN,
2017100406,19e.2017,RAMON,TS,NN,14.6,264.3,40,1002,312,5,312,5,30,,,30,30,NaN,NaN,NaN,NaN,NaN,TS,WN,B,B,120,1008,NaN,M,15,DPB,
2017100412,19e.2017,RAMON,TS,NN,14.9,263.6,40,1002,301,7,301,7,30,30,30,30,30,NaN,NaN,NaN,NaN,NaN,TS,WN,B,B,120,1008,NaN,M,15,RJP,
2017100418,19e.2017,RAMON,TS,NN,15.1,262.7,35,1004,288,8,288,8,30,30,30,30,30,NaN,NaN,NaN,NaN,NaN,TS,WN,B,B,100,1008,NaN,M,15,RJP,
2017100500,19e.2017,RAMON,TS,NN,14.8,258.8,30,1004,269,23,269,23,NaN,NaN,NaN,NaN,NaN,NaN,NaN,NaN,NaN,NaN,TD,WN,B,B,100,1008,NaN,M,15,DAZ,
2017100506,19e.2017,RAMON,TS,NN,14.8,258.0,20,1008,266,23,266,23,NaN,NaN,NaN,NaN,NaN,NaN,NaN,NaN,NaN,NaN,DB,WN,B,B,100,1008,NaN,M,15,LAA,
2017102612,c2e.2017,9X-C2E,TS,NN,10.4,271.7,25,1008,270,3,260,3,NaN,NaN,NaN,NaN,NaN,NaN,NaN,NaN,NaN,NaN,DB,NW,B,B,120,1009,NaN,S,60,NaN,
2017102618,c2e.2017,9X-C2E,TS,NN,10.3,271.4,30,1005,289,3,260,3,NaN,NaN,NaN,NaN,NaN,NaN,NaN,NaN,NaN,NaN,LO,NW,B,B,120,1009,NaN,NaN,60,NaN,
2017102700,c2e.2017,9X-C2E,TS,NN,10.3,271.1,30,1005,289,3,260,3,NaN,NaN,NaN,NaN,NaN,NaN,NaN,NaN,NaN,NaN,TD,NW,B,B,120,1009,NaN,S,60,NaN,
2017102706,20e.2017,SELMA,TS,NN,10.5,270.8,35,1004,289,3,289,3,40,,40,,,NaN,NaN,NaN,NaN,NaN,TS,WN,B,B,120,1009,NaN,S,30,ESB,
2017102712,20e.2017,SELMA,TS,NN,10.8,270.7,35,1004,322,3,322,3,40,,40,,,NaN,NaN,NaN,NaN,NaN,TS,WN,B,B,120,1008,NaN,M,30,DPB,
2017102718,20e.2017,SELMA,TS,NN,11.3,270.7,35,1004,353,4,353,4,35,30,40,,,NaN,NaN,NaN,NaN,NaN,TS,WN,B,B,120,1008,NaN,M,30,DPB,
2017102800,20e.2017,SELMA,TS,NN,12.0,270.9,35,1004,9,6,9,6,35,30,40,,,NaN,NaN,NaN,NaN,NaN,TS,WN,B,B,120,1008,NaN,M,30,JPC,
2017102806,20e.2017,SELMA,TS,NN,12.7,271.0,35,1004,12,7,12,7,35,30,40,,,NaN,NaN,NaN,NaN,NaN,TS,WN,B,B,100,1008,NaN,M,20,ESB,
2017102812,20e.2017,SELMA,TS,NN,13.5,271.0,30,1005,4,8,4,8,NaN,NaN,NaN,NaN,NaN,NaN,NaN,NaN,NaN,NaN,TD,WN,B,B,100,1008,0.61,M,20,DPR,
2017102818,20e.2017,SELMA,TS,NN,14.1,271.1,25,1007,360,7,4,7,NaN,NaN,NaN,NaN,NaN,NaN,NaN,NaN,NaN,NaN,LO,WN,B,B,90,1009,0.96,M,20,DPR,
2017041306,a2b.2017,9X-A2B,TS,NN,6.3,85.3,20,1007,16,9,16,9,NaN,NaN,NaN,NaN,NaN,NaN,NaN,NaN,NaN,NaN,DB,NW,B,B,NaN,NaN,NaN,NaN,NaN,NaN,
2017041312,a2b.2017,9X-A2B,TS,NN,7.1,85.7,20,1006,16,9,16,9,NaN,NaN,NaN,NaN,NaN,NaN,NaN,NaN,NaN,NaN,DB,NW,B,B,NaN,NaN,NaN,NaN,NaN,NaN,
2017041318,a2b.2017,9X-A2B,TS,NN,8.0,85.8,25,1004,16,9,16,9,NaN,NaN,NaN,NaN,NaN,NaN,NaN,NaN,NaN,NaN,TD,NW,B,B,NaN,NaN,NaN,NaN,NaN,NaN,
2017041400,a2b.2017,9X-A2B,TS,NN,8.2,85.3,25,1004,34,14,340,6,NaN,NaN,NaN,NaN,NaN,NaN,NaN,NaN,NaN,NaN,TD,NW,B,B,180,1007,NaN,NaN,45,NaN,
2017041406,a2b.2017,9X-A2B,TS,NN,9.4,86.1,25,1005,34,14,12,7,NaN,NaN,NaN,NaN,NaN,NaN,NaN,NaN,NaN,NaN,TD,NW,B,B,180,1007,NaN,S,45,NaN,
2017041412,a2b.2017,9X-A2B,TS,NN,10.5,86.9,25,1005,34,14,34,14,NaN,NaN,NaN,NaN,NaN,NaN,NaN,NaN,NaN,NaN,TD,NW,B,B,180,1007,NaN,S,45,NaN,
2017041418,a2b.2017,9X-A2B,TS,NN,11.3,87.6,25,1005,38,12,38,12,NaN,NaN,NaN,NaN,NaN,NaN,NaN,NaN,NaN,NaN,TD,NW,B,B,180,1007,NaN,S,45,NaN,
2017041500,a2b.2017,9X-A2B,TS,NN,12.3,88.4,30,1000,39,12,39,12,NaN,NaN,NaN,NaN,NaN,NaN,NaN,NaN,NaN,NaN,TD,NW,B,B,200,1006,NaN,S,45,NaN,
2017041506,a2b.2017,9X-A2B,TS,NN,13.4,89.4,35,996,40,14,40,14,115,140,145,95,80,NaN,NaN,NaN,NaN,NaN,TS,NW,B,B,200,1007,NaN,S,45,NaN,
2017041512,01b.2017,MAARUTHA,TS,NN,14.2,90.3,40,999,44,13,44,13,60,80,45,50,65,NaN,NaN,NaN,NaN,NaN,TS,WN,B,B,180,1005,NaN,S,35,CRM,
2017041518,01b.2017,MAARUTHA,TS,NN,14.9,91.1,45,996,48,11,48,11,70,90,55,60,75,NaN,NaN,NaN,NaN,NaN,TS,WN,B,B,220,1004,NaN,S,35,RCB,
2017041600,01b.2017,MAARUTHA,TS,NN,15.8,91.9,50,985,44,11,44,11,70,90,55,60,75,NaN,NaN,NaN,NaN,NaN,TS,WN,B,B,220,1004,NaN,S,35,RCB,
2017041606,01b.2017,MAARUTHA,TS,NN,17.4,92.9,50,985,35,15,35,15,92,115,90,55,110,NaN,NaN,NaN,NaN,NaN,TS,WN,B,B,180,1007,NaN,S,30,CRM,
2017041612,01b.2017,MAARUTHA,TS,NN,18.4,93.6,45,995,32,15,32,15,92,115,90,55,110,NaN,NaN,NaN,NaN,NaN,TS,WN,B,B,160,1005,0.05,S,30,CRM,
2017041618,01b.2017,MAARUTHA,TS,NN,19.2,94.2,35,1001,34,11,34,11,76,95,75,55,80,NaN,NaN,NaN,NaN,NaN,TS,WN,B,B,160,1005,0.61,S,30,RCB,
2017041700,01b.2017,MAARUTHA,TS,NN,20.1,95.3,30,1000,43,12,43,12,NaN,NaN,NaN,NaN,NaN,NaN,NaN,NaN,NaN,NaN,TD,NW,B,B,160,1005,0.99,NaN,30,NaN,
2017041706,01b.2017,MAARUTHA,TS,NN,21.0,96.5,30,1000,50,14,50,14,NaN,NaN,NaN,NaN,NaN,NaN,NaN,NaN,NaN,NaN,TD,NW,B,B,160,1005,0.98,NaN,30,NaN,
2017052706,a4b.2017,9X-A4B,TY,NN,13.9,87.4,25,1000,90,9,90,9,NaN,NaN,NaN,NaN,NaN,NaN,NaN,NaN,NaN,NaN,TD,NW,B,B,180,1003,NaN,S,55,NaN,
2017052712,a4b.2017,9X-A4B,TY,NN,13.8,88.4,30,1000,90,9,90,9,NaN,NaN,NaN,NaN,NaN,NaN,NaN,NaN,NaN,NaN,TD,NW,B,B,180,1003,NaN,S,55,NaN,
2017052718,02b.2017,MORA,TY,NN,13.9,89.2,35,996,90,9,90,9,NaN,NaN,NaN,NaN,NaN,NaN,NaN,NaN,NaN,NaN,TS,WN,B,B,180,1003,NaN,S,35,DMP,
2017052800,02b.2017,MORA,TY,NN,14.3,90.0,35,999,72,8,72,8,48,40,50,50,50,NaN,NaN,NaN,NaN,NaN,TS,WN,B,B,180,1003,NaN,M,45,DMP,
2017052806,02b.2017,MORA,TY,NN,15.2,90.8,35,996,50,10,50,10,45,40,40,50,50,NaN,NaN,NaN,NaN,NaN,TS,WN,B,B,180,1002,NaN,M,45,SJB,
2017052812,02b.2017,MORA,TY,NN,15.8,91.0,40,993,33,9,33,9,62,55,55,70,70,NaN,NaN,NaN,NaN,NaN,TS,WN,B,B,210,1000,NaN,M,40,SJB,
2017052818,02b.2017,MORA,TY,NN,16.3,91.0,45,989,10,6,10,6,62,55,55,70,70,NaN,NaN,NaN,NaN,NaN,TS,WN,B,B,210,1001,NaN,M,40,DMP,
2017052900,02b.2017,MORA,TY,NN,17.0,91.2,50,988,9,6,9,6,82,80,80,80,90,NaN,NaN,NaN,NaN,NaN,TS,WN,B,B,220,1001,NaN,M,45,DMP,
2017052906,02b.2017,MORA,TY,NN,17.7,91.5,55,983,19,7,19,7,135,130,130,130,150,33,,40,130,30,TS,WN,B,B,190,999,NaN,M,40,OHS,
2017052912,02b.2017,MORA,TY,NN,18.7,91.7,60,978,16,9,16,9,135,130,130,130,150,29,15,30,130,40,TS,WN,B,B,190,1000,NaN,M,40,OHS,
2017052918,02b.2017,MORA,TY,NN,19.7,91.7,70,970,5,10,5,10,135,130,130,130,150,29,15,30,130,40,TY,WN,B,B,170,998,NaN,M,30,CRM,
2017053000,02b.2017,MORA,TY,NN,20.9,92.0,80,963,7,11,7,11,115,100,120,120,120,25,10,30,120,30,TY,WN,B,B,180,997,0.28,D,25,CRM,
2017053006,02b.2017,MORA,TY,NN,23.2,92.1,55,980,6,18,6,18,115,100,120,120,120,25,10,30,120,30,TS,NW,B,B,180,997,0.93,D,25,NaN,
2017053012,02b.2017,MORA,TY,NN,25.1,92.5,40,993,6,21,6,21,115,100,120,120,120,NaN,NaN,NaN,NaN,NaN,TS,NW,B,B,180,1000,0.97,M,35,NaN,
2017053018,02b.2017,MORA,TY,NN,26.0,93.3,30,1000,21,15,21,15,NaN,NaN,NaN,NaN,NaN,NaN,NaN,NaN,NaN,NaN,TD,NW,B,B,180,1000,0.99,NaN,35,NaN,
2017112818,b1b.2017,9X-B1B,TY,NN,6.0,82.2,30,1000,266,7,266,7,NaN,NaN,NaN,NaN,NaN,NaN,NaN,NaN,NaN,NaN,TD,NW,B,B,215,1010,0.02,NaN,35,NaN,
2017112900,b1b.2017,9X-B1B,TY,NN,5.9,81.7,30,1000,266,7,266,7,NaN,NaN,NaN,NaN,NaN,NaN,NaN,NaN,NaN,NaN,TD,NW,B,B,215,1010,0.17,S,35,NaN,
2017112906,b1b.2017,9X-B1B,TY,NN,5.9,80.8,30,1000,266,7,266,7,NaN,NaN,NaN,NaN,NaN,NaN,NaN,NaN,NaN,NaN,TD,NW,B,B,210,1008,0.40,S,40,NaN,
2017112912,b1b.2017,9X-B1B,TY,NN,6.2,79.7,35,996,279,10,279,10,NaN,NaN,NaN,NaN,NaN,NaN,NaN,NaN,NaN,NaN,TS,NW,B,B,210,1007,NaN,NaN,40,NaN,
2017112918,03b.2017,OCKHI,TY,NN,6.7,78.8,40,993,292,11,292,11,59,25,70,80,60,NaN,NaN,NaN,NaN,NaN,TS,WN,B,B,180,1007,NaN,M,40,OHS,
2017113000,03b.2017,OCKHI,TY,NN,7.2,77.9,45,989,299,10,299,10,65,50,70,80,60,NaN,NaN,NaN,NaN,NaN,TS,WN,B,B,180,1009,NaN,M,40,OHS,
2017113006,03b.2017,OCKHI,TY,NN,7.8,76.6,50,985,297,12,297,12,68,60,70,80,60,NaN,NaN,NaN,NaN,NaN,TS,WN,B,B,190,1009,NaN,M,40,AES,
2017113012,03b.2017,OCKHI,TY,NN,8.1,75.8,55,995,293,11,293,11,80,90,65,100,65,35,40,25,100,25,TS,WN,B,B,190,1009,NaN,D,40,SJB,
2017113018,03b.2017,OCKHI,TY,NN,8.5,74.9,60,990,293,9,293,9,76,90,70,60,85,46,60,40,60,50,TS,WN,B,B,210,1007,NaN,D,40,OHS,
2017120100,03b.2017,OCKHI,TY,NN,8.7,74.2,65,974,291,8,291,8,99,120,90,80,105,46,60,40,80,50,TY,WN,B,B,175,1007,NaN,D,40,OHS,
2017120106,03b.2017,OCKHI,TY,NN,8.8,73.3,70,970,281,8,281,8,74,65,80,90,60,30,20,30,90,20,TY,WN,B,B,180,1008,NaN,D,40,AES,
2017120112,03b.2017,OCKHI,TY,NN,8.8,72.8,75,967,274,7,274,7,99,120,90,75,110,26,30,20,75,30,TY,WN,B,B,190,1006,NaN,D,10,AES,
2017120118,03b.2017,OCKHI,TY,NN,8.9,72.1,80,975,275,6,275,6,92,80,105,100,85,45,40,55,100,40,TY,WN,B,B,185,1007,NaN,D,15,BCH,
2017120200,03b.2017,OCKHI,TY,NN,9.3,71.5,85,970,291,7,291,7,109,130,100,95,110,55,70,50,95,55,TY,WN,B,B,200,1007,NaN,D,20,BCH,
2017120206,03b.2017,OCKHI,TY,NN,9.8,71.0,90,956,310,7,310,7,109,130,100,95,110,55,70,50,95,55,TY,WN,B,B,200,1008,NaN,D,12,CRM,
2017120212,03b.2017,OCKHI,TY,NN,10.4,70.3,100,948,313,8,313,8,109,130,100,95,110,55,70,50,95,55,TY,WN,B,B,210,1008,NaN,D,15,CRM,
2017120218,03b.2017,OCKHI,TY,NN,10.9,69.7,95,952,311,8,311,8,112,135,110,95,110,54,70,55,95,50,TY,WN,B,B,215,1009,NaN,D,15,DMP,
2017120300,03b.2017,OCKHI,TY,NN,11.3,69.3,90,956,313,7,313,7,122,140,120,110,120,62,80,60,110,60,TY,WN,B,B,215,1009,NaN,D,15,DMP,
2017120306,03b.2017,OCKHI,TY,NN,12.1,68.9,80,975,327,7,327,7,122,140,120,110,120,62,80,60,110,60,TY,WN,B,B,180,1008,NaN,D,15,NaN,
2017120312,03b.2017,OCKHI,TY,NN,12.8,68.7,75,977,339,8,339,8,135,150,110,130,150,61,55,50,130,70,TY,WN,B,B,180,1007,NaN,D,15,CRM,
2017120318,03b.2017,OCKHI,TY,NN,13.5,68.5,75,979,344,7,344,7,112,130,100,110,110,59,60,55,110,60,TY,WN,B,B,180,1008,NaN,D,15,BRS,
2017120400,03b.2017,OCKHI,TY,NN,14.1,68.5,75,967,351,7,351,7,129,155,135,90,135,71,85,85,90,70,TY,WN,B,B,190,1006,NaN,D,15,BRS,
2017120406,03b.2017,OCKHI,TY,NN,14.7,68.7,70,983,9,6,9,6,104,105,95,95,120,46,50,50,95,45,TY,WN,B,B,190,1008,NaN,D,15,CRM,
2017120412,03b.2017,OCKHI,TY,NN,15.5,69.2,65,984,26,8,26,8,111,125,130,85,105,56,65,70,85,50,TY,WN,B,B,190,1007,NaN,D,20,CRM,
2017120418,03b.2017,OCKHI,TY,NN,16.6,70.0,60,978,33,11,33,11,111,130,125,85,105,55,65,65,85,50,TS,WN,B,B,200,1009,NaN,M,20,AES,
2017120500,03b.2017,OCKHI,TY,NN,17.7,70.9,50,985,37,14,37,14,106,120,130,85,90,NaN,NaN,NaN,NaN,NaN,TS,WN,B,B,200,1008,NaN,M,25,AES,
2017120506,03b.2017,OCKHI,TY,NN,18.3,71.5,35,996,40,11,40,11,85,90,100,70,80,NaN,NaN,NaN,NaN,NaN,TS,WN,B,B,200,1008,NaN,M,45,SJB,
2017120512,03b.2017,OCKHI,TY,NN,18.5,71.8,30,1000,47,6,47,6,NaN,NaN,NaN,NaN,NaN,NaN,NaN,NaN,NaN,NaN,EX,NW,B,B,200,1008,NaN,NaN,55,NaN,
2017120518,03b.2017,OCKHI,TY,NN,18.9,72.6,30,1000,61,10,60,6,NaN,NaN,NaN,NaN,NaN,NaN,NaN,NaN,NaN,NaN,EX,NW,B,B,190,1008,0.14,NaN,55,NaN,
2017120600,03b.2017,OCKHI,TY,NN,20.7,73.8,20,1007,42,15,41,14,NaN,NaN,NaN,NaN,NaN,NaN,NaN,NaN,NaN,NaN,EX,NW,B,B,190,1008,0.99,NaN,55,NaN,
2017120518,b2b.2017,9X-B2B,TS,NN,7.5,89.7,25,1004,345,9,345,9,NaN,NaN,NaN,NaN,NaN,NaN,NaN,NaN,NaN,NaN,TD,NW,B,B,NaN,NaN,NaN,NaN,NaN,NaN,
2017120600,b2b.2017,9X-B2B,TS,NN,8.6,89.6,25,1004,345,9,345,9,NaN,NaN,NaN,NaN,NaN,NaN,NaN,NaN,NaN,NaN,TD,NW,B,B,NaN,NaN,NaN,NaN,NaN,NaN,
2017120606,b2b.2017,9X-B2B,TS,NN,9.3,89.2,25,1004,345,9,345,9,NaN,NaN,NaN,NaN,NaN,NaN,NaN,NaN,NaN,NaN,TD,NW,B,B,NaN,NaN,NaN,NaN,NaN,NaN,
2017120612,b2b.2017,9X-B2B,TS,NN,10.1,89.0,25,1004,338,8,338,8,NaN,NaN,NaN,NaN,NaN,NaN,NaN,NaN,NaN,NaN,TD,NW,B,B,NaN,NaN,NaN,NaN,NaN,NaN,
2017120618,b2b.2017,9X-B2B,TS,NN,10.8,88.5,30,1000,335,8,335,8,NaN,NaN,NaN,NaN,NaN,NaN,NaN,NaN,NaN,NaN,TD,NW,B,B,NaN,NaN,NaN,NaN,NaN,NaN,
2017120700,b2b.2017,9X-B2B,TS,NN,11.5,88.3,30,1000,334,8,334,8,NaN,NaN,NaN,NaN,NaN,NaN,NaN,NaN,NaN,NaN,TD,NW,B,B,NaN,NaN,NaN,NaN,NaN,NaN,
2017120706,b2b.2017,9X-B2B,TS,NN,12.2,88.1,30,1004,344,7,344,7,NaN,NaN,NaN,NaN,NaN,NaN,NaN,NaN,NaN,NaN,MD,NW,B,B,240,1009,NaN,S,125,NaN,
2017120712,b2b.2017,9X-B2B,TS,NN,13.0,87.9,30,1004,345,8,345,8,NaN,NaN,NaN,NaN,NaN,NaN,NaN,NaN,NaN,NaN,MD,NW,B,B,240,1008,NaN,S,115,NaN,
2017120718,b2b.2017,9X-B2B,TS,NN,13.8,87.6,30,1003,343,8,343,8,NaN,NaN,NaN,NaN,NaN,NaN,NaN,NaN,NaN,NaN,MD,NW,B,B,250,1008,NaN,S,110,NaN,
2017120800,b2b.2017,9X-B2B,TS,NN,14.5,87.1,30,1003,333,8,333,8,NaN,NaN,NaN,NaN,NaN,NaN,NaN,NaN,NaN,NaN,MD,NW,B,B,270,1008,NaN,S,110,NaN,
2017120806,b2b.2017,9X-B2B,TS,NN,17.2,86.3,40,993,12,5,340,18,NaN,NaN,NaN,NaN,NaN,NaN,NaN,NaN,NaN,NaN,TS,NW,B,B,200,1008,NaN,NaN,120,NaN,
2017120812,b2b.2017,9X-B2B,TS,NN,17.7,86.4,45,989,12,5,348,16,103,115,110,,85,NaN,NaN,NaN,NaN,NaN,TS,NW,B,B,200,1008,NaN,S,120,NaN,
2017120818,04b.2017,FOUR,TS,NN,18.1,86.5,40,999,12,5,12,5,39,20,20,50,65,NaN,NaN,NaN,NaN,NaN,TS,WN,B,B,200,1010,NaN,M,45,AES,
2017120900,04b.2017,FOUR,TS,NN,18.4,86.6,35,996,15,4,15,4,29,25,25,25,40,NaN,NaN,NaN,NaN,NaN,TS,WN,B,B,185,1009,NaN,M,40,AES,
2017120906,04b.2017,FOUR,TS,NN,18.9,86.9,30,1000,25,4,25,4,NaN,NaN,NaN,NaN,NaN,NaN,NaN,NaN,NaN,NaN,TD,WN,B,B,175,1010,NaN,S,45,SJB,
2017120912,04b.2017,FOUR,TS,NN,19.3,87.3,30,1000,36,6,36,6,NaN,NaN,NaN,NaN,NaN,NaN,NaN,NaN,NaN,NaN,TD,NW,B,B,175,1010,NaN,S,45,NaN,
2017120918,04b.2017,FOUR,TS,NN,19.8,87.6,25,1009,36,6,36,6,NaN,NaN,NaN,NaN,NaN,NaN,NaN,NaN,NaN,NaN,TD,NW,B,B,175,1011,NaN,S,45,NaN,
2017121000,04b.2017,FOUR,TS,NN,20.4,88.1,25,1009,34,7,34,7,NaN,NaN,NaN,NaN,NaN,NaN,NaN,NaN,NaN,NaN,TD,NW,B,B,175,1011,NaN,S,45,NaN,
2017121006,04b.2017,FOUR,TS,NN,21.1,88.7,20,1007,38,8,38,8,NaN,NaN,NaN,NaN,NaN,NaN,NaN,NaN,NaN,NaN,TD,NW,B,B,175,1011,NaN,NaN,45,NaN,
2017121012,04b.2017,FOUR,TS,NN,22.2,89.4,20,1007,33,11,34,11,NaN,NaN,NaN,NaN,NaN,NaN,NaN,NaN,NaN,NaN,DB,NW,B,B,175,1011,0.56,NaN,45,NaN,
2016070818,a0s.2017,9X-A0S,TS,NN,-2.9,89.1,15,1010,270,9,270,9,NaN,NaN,NaN,NaN,NaN,NaN,NaN,NaN,NaN,NaN,DB,NW,B,B,NaN,NaN,NaN,NaN,NaN,NaN,
2016070900,a0s.2017,9X-A0S,TS,NN,-2.9,88.0,15,1010,270,9,270,9,NaN,NaN,NaN,NaN,NaN,NaN,NaN,NaN,NaN,NaN,DB,NW,B,B,NaN,NaN,NaN,NaN,NaN,NaN,
2016070906,a0s.2017,9X-A0S,TS,NN,-2.9,87.3,15,1010,270,9,270,9,NaN,NaN,NaN,NaN,NaN,NaN,NaN,NaN,NaN,NaN,DB,NW,B,B,NaN,NaN,NaN,NaN,NaN,NaN,
2016070912,a0s.2017,9X-A0S,TS,NN,-3.2,86.3,15,1010,260,9,260,9,NaN,NaN,NaN,NaN,NaN,NaN,NaN,NaN,NaN,NaN,DB,NW,B,B,NaN,NaN,NaN,NaN,NaN,NaN,
2016070918,a0s.2017,9X-A0S,TS,NN,-3.9,85.2,15,1009,244,12,244,12,NaN,NaN,NaN,NaN,NaN,NaN,NaN,NaN,NaN,NaN,DB,NW,B,B,NaN,NaN,NaN,NaN,NaN,NaN,
2016071000,a0s.2017,9X-A0S,TS,NN,-4.1,84.4,15,1010,245,10,245,10,NaN,NaN,NaN,NaN,NaN,NaN,NaN,NaN,NaN,NaN,DB,NW,B,B,NaN,NaN,NaN,NaN,NaN,NaN,
2016071006,a0s.2017,9X-A0S,TS,NN,-4.2,83.5,15,1009,260,9,260,9,NaN,NaN,NaN,NaN,NaN,NaN,NaN,NaN,NaN,NaN,DB,NW,B,B,NaN,NaN,NaN,NaN,NaN,NaN,
2016071012,a0s.2017,9X-A0S,TS,NN,-4.4,82.2,15,1010,262,11,262,11,NaN,NaN,NaN,NaN,NaN,NaN,NaN,NaN,NaN,NaN,DB,NW,B,B,NaN,NaN,NaN,NaN,NaN,NaN,
2016071018,a0s.2017,9X-A0S,TS,NN,-4.6,80.8,15,1010,262,14,262,14,NaN,NaN,NaN,NaN,NaN,NaN,NaN,NaN,NaN,NaN,DB,NW,B,B,NaN,NaN,NaN,NaN,NaN,NaN,
2016071100,a0s.2017,9X-A0S,TS,NN,-4.6,79.6,20,1007,266,13,266,13,NaN,NaN,NaN,NaN,NaN,NaN,NaN,NaN,NaN,NaN,DB,NW,B,B,175,1008,NaN,NaN,NaN,NaN,
2016071106,a0s.2017,9X-A0S,TS,NN,-4.7,79.0,20,1007,267,9,267,9,NaN,NaN,NaN,NaN,NaN,NaN,NaN,NaN,NaN,NaN,DB,NW,B,B,175,1008,NaN,NaN,NaN,NaN,
2016071112,a0s.2017,9X-A0S,TS,NN,-4.9,78.5,20,1007,255,6,255,6,NaN,NaN,NaN,NaN,NaN,NaN,NaN,NaN,NaN,NaN,DB,NW,B,B,175,1008,NaN,NaN,NaN,NaN,
2016071118,a0s.2017,9X-A0S,TS,NN,-5.2,78.0,20,1007,243,6,243,6,NaN,NaN,NaN,NaN,NaN,NaN,NaN,NaN,NaN,NaN,DB,NW,B,B,175,1008,NaN,NaN,NaN,NaN,
2016071200,a0s.2017,9X-A0S,TS,NN,-5.6,77.4,20,1007,237,6,237,6,NaN,NaN,NaN,NaN,NaN,NaN,NaN,NaN,NaN,NaN,DB,NW,B,B,175,1008,NaN,NaN,NaN,NaN,
2016071206,a0s.2017,9X-A0S,TS,NN,-6.0,76.9,20,1007,234,7,234,7,NaN,NaN,NaN,NaN,NaN,NaN,NaN,NaN,NaN,NaN,DB,NW,B,B,190,1008,NaN,NaN,NaN,NaN,
2016071212,a0s.2017,9X-A0S,TS,NN,-6.5,76.4,20,1007,228,7,228,7,NaN,NaN,NaN,NaN,NaN,NaN,NaN,NaN,NaN,NaN,DB,NW,B,B,190,1008,NaN,NaN,NaN,NaN,
2016071218,a0s.2017,9X-A0S,TS,NN,-7.2,75.7,20,1007,225,8,225,8,NaN,NaN,NaN,NaN,NaN,NaN,NaN,NaN,NaN,NaN,DB,NW,B,B,190,1008,NaN,NaN,NaN,NaN,
2016071300,a0s.2017,9X-A0S,TS,NN,-7.5,75.0,20,1007,234,9,234,9,NaN,NaN,NaN,NaN,NaN,NaN,NaN,NaN,NaN,NaN,DB,NW,B,B,190,1008,NaN,NaN,NaN,NaN,
2016071306,a0s.2017,9X-A0S,TS,NN,-7.8,74.1,25,1005,249,8,249,8,NaN,NaN,NaN,NaN,NaN,NaN,NaN,NaN,NaN,NaN,TD,NW,B,B,190,1008,NaN,S,40,NaN,
2016071312,a0s.2017,9X-A0S,TS,NN,-8.1,73.0,25,1005,253,10,253,10,NaN,NaN,NaN,NaN,NaN,NaN,NaN,NaN,NaN,NaN,TD,NW,B,B,200,1009,NaN,S,40,NaN,
2016071318,a0s.2017,9X-A0S,TS,NN,-8.2,72.0,25,1004,259,11,259,11,NaN,NaN,NaN,NaN,NaN,NaN,NaN,NaN,NaN,NaN,TD,NW,B,B,220,1009,NaN,S,50,NaN,
2016071400,a0s.2017,9X-A0S,TS,NN,-8.4,71.3,25,1004,260,9,260,9,NaN,NaN,NaN,NaN,NaN,NaN,NaN,NaN,NaN,NaN,TD,NW,B,B,220,1008,NaN,S,50,NaN,
2016071406,a0s.2017,9X-A0S,TS,NN,-8.5,70.7,25,1004,257,7,257,7,NaN,NaN,NaN,NaN,NaN,NaN,NaN,NaN,NaN,NaN,TD,NW,B,B,220,1008,NaN,S,50,NaN,
2016071412,a0s.2017,9X-A0S,TS,NN,-8.1,70.1,20,1007,225,2,284,6,NaN,NaN,NaN,NaN,NaN,NaN,NaN,NaN,NaN,NaN,DB,NW,B,B,220,1007,NaN,S,50,NaN,
2016071418,a0s.2017,9X-A0S,TS,NN,-8.3,69.9,20,1007,225,2,284,4,NaN,NaN,NaN,NaN,NaN,NaN,NaN,NaN,NaN,NaN,DB,NW,B,B,220,1007,NaN,S,50,NaN,
2016071500,a0s.2017,9X-A0S,TS,NN,-8.4,69.8,25,1004,225,2,225,2,NaN,NaN,NaN,NaN,NaN,NaN,NaN,NaN,NaN,NaN,TD,NW,B,B,220,1007,NaN,S,50,NaN,
2016071506,a0s.2017,9X-A0S,TS,NN,-8.6,69.9,25,1004,180,1,180,1,NaN,NaN,NaN,NaN,NaN,NaN,NaN,NaN,NaN,NaN,TD,NW,B,B,210,1008,NaN,NaN,45,NaN,
2016071512,a0s.2017,9X-A0S,TS,NN,-8.7,69.9,25,1004,162,2,162,2,NaN,NaN,NaN,NaN,NaN,NaN,NaN,NaN,NaN,NaN,TD,NW,B,B,200,1007,NaN,S,45,NaN,
2016071518,a0s.2017,9X-A0S,TS,NN,-8.8,69.8,30,1000,206,1,206,1,NaN,NaN,NaN,NaN,NaN,NaN,NaN,NaN,NaN,NaN,TD,NW,B,B,230,1010,NaN,S,55,NaN,
2016071600,a0s.2017,9X-A0S,TS,NN,-8.9,69.7,30,1000,225,1,225,1,NaN,NaN,NaN,NaN,NaN,NaN,NaN,NaN,NaN,NaN,TD,NW,B,B,200,1008,NaN,S,55,NaN,
2016071606,01s.2017,ABELA,TS,NN,-9.1,69.7,35,996,198,2,198,2,65,65,,,,NaN,NaN,NaN,NaN,NaN,TS,WN,B,B,190,1009,NaN,M,50,BHD,
2016071612,01s.2017,ABELA,TS,NN,-9.6,68.9,35,996,228,5,228,5,62,65,65,,55,NaN,NaN,NaN,NaN,NaN,TS,WN,B,B,180,1009,NaN,M,50,NaN,
2016071618,01s.2017,ABELA,TS,NN,-10.0,67.9,40,993,243,10,243,10,70,40,100,100,40,NaN,NaN,NaN,NaN,NaN,TS,WN,B,B,165,1010,NaN,M,60,CRM,
2016071700,01s.2017,ABELA,TS,NN,-10.7,66.9,40,993,241,11,241,11,70,40,100,100,40,NaN,NaN,NaN,NaN,NaN,TS,WN,B,B,165,1010,NaN,M,60,NaN,
2016071706,01s.2017,ABELA,TS,NN,-11.5,65.7,45,989,235,13,235,13,88,60,115,100,75,NaN,NaN,NaN,NaN,NaN,TS,WN,B,B,175,1010,NaN,M,50,MEK,
2016071712,01s.2017,ABELA,TS,NN,-12.0,64.3,45,989,243,14,243,14,94,65,125,110,75,NaN,NaN,NaN,NaN,NaN,TS,WN,B,B,175,1012,NaN,M,35,NaN,
2016071718,01s.2017,ABELA,TS,NN,-12.5,63.0,45,989,249,14,249,14,94,65,125,110,75,NaN,NaN,NaN,NaN,NaN,TS,WN,B,B,165,1012,NaN,M,35,CRM,
2016071800,01s.2017,ABELA,TS,NN,-13.0,61.7,50,985,248,14,248,14,94,65,125,110,75,NaN,NaN,NaN,NaN,NaN,TS,WN,B,B,160,1011,NaN,M,35,NaN,
2016071806,01s.2017,ABELA,TS,NN,-13.5,60.5,50,985,248,13,248,13,94,65,125,110,75,NaN,NaN,NaN,NaN,NaN,TS,WN,B,B,180,1011,NaN,M,25,MEK,
2016071812,01s.2017,ABELA,TS,NN,-14.2,59.3,55,982,243,13,243,13,96,75,125,110,75,28,25,30,110,25,TS,WN,B,B,180,1011,NaN,M,20,NaN,
2016071818,01s.2017,ABELA,TS,NN,-14.6,58.2,50,985,244,12,244,12,96,75,125,110,75,NaN,NaN,NaN,NaN,NaN,TS,WN,B,B,145,1012,NaN,M,20,CRM,
2016071900,01s.2017,ABELA,TS,NN,-14.6,56.7,45,989,261,13,261,13,72,50,115,100,25,NaN,NaN,NaN,NaN,NaN,TS,WN,B,B,155,1013,NaN,M,20,NaN,
2016071906,01s.2017,ABELA,TS,NN,-14.6,55.4,40,993,270,14,270,14,72,50,115,100,25,NaN,NaN,NaN,NaN,NaN,TS,WN,B,B,130,1013,NaN,M,20,RCB,
2016071912,01s.2017,ABELA,TS,NN,-14.6,54.5,35,1003,270,11,270,11,72,50,115,100,25,NaN,NaN,NaN,NaN,NaN,TS,WN,B,B,110,1013,NaN,S,20,NaN,
2016071918,01s.2017,ABELA,TS,NN,-14.5,53.6,30,1000,273,9,273,9,NaN,NaN,NaN,NaN,NaN,NaN,NaN,NaN,NaN,NaN,TD,WN,B,B,110,1013,NaN,S,20,OHS,
2016072000,01s.2017,ABELA,TS,NN,-14.9,52.4,30,1000,262,10,262,10,NaN,NaN,NaN,NaN,NaN,NaN,NaN,NaN,NaN,NaN,TD,NW,B,B,110,1013,NaN,NaN,20,NaN,
2016072006,01s.2017,ABELA,TS,NN,-15.1,51.6,30,1000,253,10,253,10,NaN,NaN,NaN,NaN,NaN,NaN,NaN,NaN,NaN,NaN,TD,NW,B,B,110,1013,NaN,NaN,20,NaN,
2016072012,01s.2017,ABELA,TS,NN,-15.3,50.5,30,1000,258,9,258,9,NaN,NaN,NaN,NaN,NaN,NaN,NaN,NaN,NaN,NaN,TD,NW,B,B,110,1013,0.37,NaN,20,NaN,
2016072018,01s.2017,ABELA,TS,NN,-15.6,49.4,20,1007,252,10,257,11,NaN,NaN,NaN,NaN,NaN,NaN,NaN,NaN,NaN,NaN,DB,NW,B,B,110,1013,0.82,NaN,20,NaN,
2016072100,01s.2017,ABELA,TS,NN,-15.9,48.5,15,1010,252,10,253,10,NaN,NaN,NaN,NaN,NaN,NaN,NaN,NaN,NaN,NaN,DB,NW,B,B,110,1013,0.98,NaN,20,NaN,
2016121812,b1s.2017,9X-B1S,TS,NN,-14.7,116.5,25,998,224,6,224,6,NaN,NaN,NaN,NaN,NaN,NaN,NaN,NaN,NaN,NaN,TD,NW,B,B,NaN,NaN,NaN,NaN,NaN,NaN,
2016121818,b1s.2017,9X-B1S,TS,NN,-15.2,116.0,30,997,224,6,224,6,NaN,NaN,NaN,NaN,NaN,NaN,NaN,NaN,NaN,NaN,TD,NW,B,B,NaN,NaN,NaN,NaN,NaN,NaN,
2016121900,b1s.2017,9X-B1S,TS,NN,-15.6,115.6,35,996,224,6,224,6,NaN,NaN,NaN,NaN,NaN,NaN,NaN,NaN,NaN,NaN,TS,NW,B,B,NaN,NaN,NaN,NaN,NaN,NaN,
2016121906,b1s.2017,9X-B1S,TS,NN,-16.0,115.0,35,996,230,6,230,6,NaN,NaN,NaN,NaN,NaN,NaN,NaN,NaN,NaN,NaN,TS,NW,B,B,170,1003,NaN,S,45,NaN,
2016121912,b1s.2017,9X-B1S,TS,NN,-16.0,114.3,35,996,252,7,252,7,NaN,NaN,NaN,NaN,NaN,NaN,NaN,NaN,NaN,NaN,TS,NW,B,B,170,1003,NaN,S,45,NaN,
2016121918,02s.2017,YVETTE,TS,NN,-15.6,113.5,35,996,285,7,285,7,28,25,30,30,25,NaN,NaN,NaN,NaN,NaN,TS,WN,B,B,170,1003,NaN,S,30,QS,
2016122000,02s.2017,YVETTE,TS,NN,-14.8,113.3,35,996,321,8,321,8,36,35,40,30,40,NaN,NaN,NaN,NaN,NaN,TS,WN,B,B,170,1003,NaN,S,30,NaN,
2016122006,02s.2017,YVETTE,TS,NN,-14.4,114.0,35,996,22,6,22,6,44,45,50,30,50,NaN,NaN,NaN,NaN,NaN,TS,WN,B,B,185,1002,NaN,S,30,CRM,
2016122012,02s.2017,YVETTE,TS,NN,-14.6,114.0,40,993,74,4,74,4,56,55,60,50,60,NaN,NaN,NaN,NaN,NaN,TS,WN,B,B,200,1003,NaN,S,30,NaN,
2016122018,02s.2017,YVETTE,TS,NN,-14.6,113.9,40,993,206,1,206,1,70,65,75,75,65,NaN,NaN,NaN,NaN,NaN,TS,WN,B,B,200,1003,NaN,M,30,VWS,
2016122100,02s.2017,YVETTE,TS,NN,-14.6,113.8,45,989,270,1,270,1,82,70,90,100,70,NaN,NaN,NaN,NaN,NaN,TS,WN,B,B,200,1002,NaN,M,25,NaN,
2016122106,02s.2017,YVETTE,TS,NN,-14.3,114.0,45,989,18,2,18,2,82,85,85,80,80,NaN,NaN,NaN,NaN,NaN,TS,WN,B,B,190,1002,NaN,M,25,CRM,
2016122112,02s.2017,YVETTE,TS,NN,-14.1,114.2,50,985,38,3,38,3,82,85,85,80,80,NaN,NaN,NaN,NaN,NaN,TS,WN,B,B,190,1002,NaN,M,25,NaN,
2016122118,02s.2017,YVETTE,TS,NN,-14.3,114.3,45,990,90,1,90,1,88,90,80,80,100,NaN,NaN,NaN,NaN,NaN,TS,WN,B,B,180,1001,NaN,M,20,VDC,
2016122200,02s.2017,YVETTE,TS,NN,-14.4,114.2,45,989,180,1,180,2,88,90,80,80,100,NaN,NaN,NaN,NaN,NaN,TS,WN,B,B,180,1001,NaN,M,20,NaN,
2016122206,02s.2017,YVETTE,TS,NN,-14.3,114.2,45,991,270,0,270,0,88,90,80,80,100,NaN,NaN,NaN,NaN,NaN,TS,WN,B,B,180,1001,NaN,M,35,SJB,
2016122212,02s.2017,YVETTE,TS,NN,-14.4,114.4,40,993,90,1,90,1,88,90,80,80,100,NaN,NaN,NaN,NaN,NaN,TS,WN,B,B,180,1001,NaN,M,35,NaN,
2016122218,02s.2017,YVETTE,TS,NN,-14.3,114.7,40,992,90,2,90,2,66,75,60,55,75,NaN,NaN,NaN,NaN,NaN,TS,WN,B,B,180,1000,NaN,M,35,VDC,
2016122300,02s.2017,YVETTE,TS,NN,-14.2,115.3,35,993,77,4,77,4,66,75,60,55,75,NaN,NaN,NaN,NaN,NaN,TS,WN,B,B,180,1000,NaN,M,35,NaN,
2016122306,02s.2017,YVETTE,TS,NN,-14.6,116.1,35,993,102,7,102,7,60,65,55,55,65,NaN,NaN,NaN,NaN,NaN,TS,WN,B,B,150,998,NaN,S,45,SJB,
2016122312,02s.2017,YVETTE,TS,NN,-14.7,116.5,35,993,113,6,113,6,60,65,55,55,65,NaN,NaN,NaN,NaN,NaN,TS,WN,B,B,150,998,NaN,S,45,NaN,
2016122318,02s.2017,YVETTE,TS,NN,-14.8,117.7,30,994,97,8,97,8,NaN,NaN,NaN,NaN,NaN,NaN,NaN,NaN,NaN,NaN,TD,WN,B,B,150,1010,NaN,S,45,RCB,
2016122400,02s.2017,YVETTE,TS,NN,-15.5,118.9,25,996,109,12,109,12,NaN,NaN,NaN,NaN,NaN,NaN,NaN,NaN,NaN,NaN,TD,NW,B,B,150,1010,NaN,NaN,45,NaN,
2016122406,02s.2017,YVETTE,TS,NN,-16.0,119.4,25,998,126,10,126,10,NaN,NaN,NaN,NaN,NaN,NaN,NaN,NaN,NaN,NaN,TD,NW,B,B,150,1009,NaN,NaN,NaN,NaN,
2016122412,02s.2017,YVETTE,TS,NN,-16.5,120.0,25,998,133,7,133,7,NaN,NaN,NaN,NaN,NaN,NaN,NaN,NaN,NaN,NaN,TD,NW,B,B,150,1009,NaN,NaN,NaN,NaN,
2016122418,02s.2017,YVETTE,TS,NN,-16.8,121.3,25,998,114,10,114,10,NaN,NaN,NaN,NaN,NaN,NaN,NaN,NaN,NaN,NaN,TD,NW,B,B,150,1009,NaN,NaN,NaN,NaN,
2016122500,02s.2017,YVETTE,TS,NN,-17.5,122.4,20,999,114,13,114,13,NaN,NaN,NaN,NaN,NaN,NaN,NaN,NaN,NaN,NaN,DB,NW,B,B,150,1009,0.79,NaN,NaN,NaN,
2016122506,02s.2017,YVETTE,TS,NN,-18.2,124.2,20,1000,117,15,117,15,NaN,NaN,NaN,NaN,NaN,NaN,NaN,NaN,NaN,NaN,DB,NW,B,B,NaN,NaN,0.99,NaN,NaN,NaN,
2017012500,d0p.2017,9X-D0P,TS,NN,-15.8,128.1,20,1003,262,7,262,7,NaN,NaN,NaN,NaN,NaN,NaN,NaN,NaN,NaN,NaN,DB,NW,B,B,200,1007,0.98,NaN,50,NaN,
2017012506,d0p.2017,9X-D0P,TS,NN,-15.8,127.4,20,1002,262,7,262,7,NaN,NaN,NaN,NaN,NaN,NaN,NaN,NaN,NaN,NaN,DB,NW,B,B,200,1007,0.98,NaN,50,NaN,
2017012512,d0p.2017,9X-D0P,TS,NN,-16.0,126.6,20,1007,255,10,262,7,NaN,NaN,NaN,NaN,NaN,NaN,NaN,NaN,NaN,NaN,DB,NW,B,B,190,1006,1.00,S,50,NaN,
2017012518,d0p.2017,9X-D0P,TS,NN,-16.2,125.8,20,1007,255,10,255,8,NaN,NaN,NaN,NaN,NaN,NaN,NaN,NaN,NaN,NaN,DB,NW,B,B,190,1006,1.00,S,50,NaN,
2017012600,d0p.2017,9X-D0P,TS,NN,-16.5,124.6,20,1007,255,10,255,10,NaN,NaN,NaN,NaN,NaN,NaN,NaN,NaN,NaN,NaN,DB,NW,B,B,190,1006,0.78,S,25,NaN,
2017012606,d0p.2017,9X-D0P,TS,NN,-17.0,123.6,25,998,249,11,249,11,NaN,NaN,NaN,NaN,NaN,NaN,NaN,NaN,NaN,NaN,TD,NW,B,B,200,1005,0.54,S,30,NaN,
2017012612,d0p.2017,9X-D0P,TS,NN,-17.1,122.0,25,998,256,13,256,13,NaN,NaN,NaN,NaN,NaN,NaN,NaN,NaN,NaN,NaN,TD,NW,B,B,210,1004,0.15,S,30,NaN,
2017012618,d0p.2017,9X-D0P,TS,NN,-17.4,121.2,25,1004,260,12,260,12,NaN,NaN,NaN,NaN,NaN,NaN,NaN,NaN,NaN,NaN,TD,NW,B,B,190,1001,NaN,S,30,NaN,
2017012700,d0p.2017,9X-D0P,TS,NN,-17.8,120.2,30,998,248,9,248,9,NaN,NaN,NaN,NaN,NaN,NaN,NaN,NaN,NaN,NaN,TD,NW,B,B,190,1002,NaN,M,30,NaN,
2017012706,03s.2017,THREE,TS,NN,-18.3,118.9,35,994,248,12,248,12,35,30,40,40,30,NaN,NaN,NaN,NaN,NaN,TS,WN,B,B,225,1001,NaN,S,30,CRM,
2017012712,03s.2017,THREE,TS,NN,-18.9,117.6,35,994,246,14,246,14,66,60,80,80,45,NaN,NaN,NaN,NaN,NaN,TS,WN,B,B,230,1001,NaN,M,30,CRM,
2017012718,03s.2017,THREE,TS,NN,-19.5,116.4,40,992,243,13,243,13,74,70,90,85,50,NaN,NaN,NaN,NaN,NaN,TS,WN,B,B,250,1001,NaN,M,25,VDC,
2017012800,03s.2017,THREE,TS,NN,-20.3,114.8,50,985,242,15,242,15,74,70,90,85,50,NaN,NaN,NaN,NaN,NaN,TS,WN,B,B,250,1001,0.02,M,25,VDC,
2017012806,03s.2017,THREE,TS,NN,-20.5,113.0,50,985,253,17,253,17,74,70,90,85,50,NaN,NaN,NaN,NaN,NaN,TS,WN,B,B,250,1001,NaN,M,25,SJB,
2017012812,03s.2017,THREE,TS,NN,-20.1,111.6,45,989,274,15,274,15,68,50,85,85,50,NaN,NaN,NaN,NaN,NaN,TS,WN,B,B,230,1002,NaN,M,35,SJB,
2017012818,03s.2017,THREE,TS,NN,-19.8,110.8,40,996,289,11,289,11,66,30,95,95,45,NaN,NaN,NaN,NaN,NaN,TS,WN,B,B,220,1002,NaN,M,35,VDC,
2017012900,03s.2017,THREE,TS,NN,-19.5,110.1,35,998,293,8,293,8,66,30,95,95,45,NaN,NaN,NaN,NaN,NaN,TS,WN,B,B,220,1002,NaN,M,35,NaN,
2017012906,03s.2017,THREE,TS,NN,-19.3,109.6,30,1000,294,6,294,6,NaN,NaN,NaN,NaN,NaN,NaN,NaN,NaN,NaN,NaN,TD,WN,B,B,220,1002,NaN,S,45,SJB,
2017012912,03s.2017,THREE,TS,NN,-19.1,108.8,30,1000,288,6,288,6,NaN,NaN,NaN,NaN,NaN,NaN,NaN,NaN,NaN,NaN,TD,NW,B,B,220,1002,NaN,S,45,NaN,
2017012918,03s.2017,THREE,TS,NN,-19.1,108.0,30,1000,278,8,278,8,NaN,NaN,NaN,NaN,NaN,NaN,NaN,NaN,NaN,NaN,TD,NW,B,B,220,1002,NaN,NaN,45,NaN,
2017013000,03s.2017,THREE,TS,NN,-19.4,107.3,25,1004,258,7,258,7,NaN,NaN,NaN,NaN,NaN,NaN,NaN,NaN,NaN,NaN,TD,NW,B,B,220,1002,NaN,NaN,45,NaN,
2017013006,03s.2017,THREE,TS,NN,-20.0,106.3,25,1000,241,9,241,9,NaN,NaN,NaN,NaN,NaN,NaN,NaN,NaN,NaN,NaN,TD,NW,B,B,220,1002,NaN,S,45,NaN,
2017013012,03s.2017,THREE,TS,NN,-20.5,105.2,25,1004,241,11,241,11,NaN,NaN,NaN,NaN,NaN,NaN,NaN,NaN,NaN,NaN,TD,NW,B,B,220,1002,NaN,NaN,45,NaN,
2017013018,03s.2017,THREE,TS,NN,-20.8,104.4,20,1007,246,10,246,10,NaN,NaN,NaN,NaN,NaN,NaN,NaN,NaN,NaN,NaN,DB,NW,B,B,230,1007,NaN,NaN,65,NaN,
2017013100,03s.2017,THREE,TS,NN,-21.1,103.5,20,999,249,8,249,8,NaN,NaN,NaN,NaN,NaN,NaN,NaN,NaN,NaN,NaN,DB,NW,B,B,240,1005,NaN,NaN,70,NaN,
2017013106,03s.2017,THREE,TS,NN,-21.3,102.6,20,1004,253,9,253,9,NaN,NaN,NaN,NaN,NaN,NaN,NaN,NaN,NaN,NaN,DB,NW,B,B,240,1005,NaN,NaN,70,NaN,
2017013112,03s.2017,THREE,TS,NN,-21.6,101.2,20,1007,257,11,257,11,NaN,NaN,NaN,NaN,NaN,NaN,NaN,NaN,NaN,NaN,DB,NW,B,B,240,1005,NaN,NaN,70,NaN,
2017013118,03s.2017,THREE,TS,NN,-22.1,99.8,20,1002,253,14,253,14,NaN,NaN,NaN,NaN,NaN,NaN,NaN,NaN,NaN,NaN,DB,NW,B,B,240,1007,NaN,NaN,40,NaN,
2017020100,03s.2017,THREE,TS,NN,-22.4,98.6,20,1002,252,13,252,13,NaN,NaN,NaN,NaN,NaN,NaN,NaN,NaN,NaN,NaN,DB,NW,B,B,240,1007,NaN,NaN,40,NaN,
2017020106,03s.2017,THREE,TS,NN,-22.7,97.3,20,1006,255,12,255,12,NaN,NaN,NaN,NaN,NaN,NaN,NaN,NaN,NaN,NaN,DB,NW,B,B,240,1007,NaN,NaN,40,NaN,
2017020112,03s.2017,THREE,TS,NN,-23.1,95.7,20,1006,255,14,255,14,NaN,NaN,NaN,NaN,NaN,NaN,NaN,NaN,NaN,NaN,SD,NW,B,B,240,1008,NaN,NaN,40,NaN,
2017020118,03s.2017,THREE,TS,NN,-23.4,94.6,20,1007,254,13,254,13,NaN,NaN,NaN,NaN,NaN,NaN,NaN,NaN,NaN,NaN,DB,NW,B,B,240,1008,NaN,NaN,40,NaN,
2017020200,03s.2017,THREE,TS,NN,-23.2,93.0,20,1007,268,12,268,12,NaN,NaN,NaN,NaN,NaN,NaN,NaN,NaN,NaN,NaN,SD,NW,B,B,240,1008,NaN,NaN,40,NaN,
2017020206,03s.2017,THREE,TS,NN,-23.5,91.5,20,1007,268,14,268,14,NaN,NaN,NaN,NaN,NaN,NaN,NaN,NaN,NaN,NaN,SD,NW,B,B,240,1008,NaN,NaN,40,NaN,
2017020212,03s.2017,THREE,TS,NN,-23.6,90.1,20,1006,261,13,261,13,NaN,NaN,NaN,NaN,NaN,NaN,NaN,NaN,NaN,NaN,SD,NW,B,B,240,1008,NaN,NaN,40,NaN,
2017020218,03s.2017,THREE,TS,NN,-23.4,88.6,20,1007,272,13,272,13,NaN,NaN,NaN,NaN,NaN,NaN,NaN,NaN,NaN,NaN,SD,NW,B,B,240,1008,NaN,NaN,40,NaN,
2017020300,03s.2017,THREE,TS,NN,-22.9,87.2,20,1007,285,14,285,14,NaN,NaN,NaN,NaN,NaN,NaN,NaN,NaN,NaN,NaN,SD,NW,B,B,240,1008,NaN,NaN,40,NaN,
2017020206,c2s.2017,9X-C2S,TY,NN,-13.8,55.7,20,1007,327,2,327,2,NaN,NaN,NaN,NaN,NaN,NaN,NaN,NaN,NaN,NaN,DB,NW,B,B,175,1010,NaN,NaN,25,NaN,
2017020212,c2s.2017,9X-C2S,TY,NN,-13.7,55.6,20,1007,327,2,327,2,NaN,NaN,NaN,NaN,NaN,NaN,NaN,NaN,NaN,NaN,DB,NW,B,B,175,1010,NaN,NaN,25,NaN,
2017020218,c2s.2017,9X-C2S,TY,NN,-13.5,55.5,20,1007,327,2,327,2,NaN,NaN,NaN,NaN,NaN,NaN,NaN,NaN,NaN,NaN,DB,NW,B,B,175,1010,NaN,S,25,NaN,
2017020300,c2s.2017,9X-C2S,TY,NN,-13.5,55.2,25,1005,297,2,297,2,NaN,NaN,NaN,NaN,NaN,NaN,NaN,NaN,NaN,NaN,TD,NW,B,B,175,1009,NaN,S,25,NaN,
2017020306,c2s.2017,9X-C2S,TY,NN,-13.7,55.2,25,1005,236,2,236,2,NaN,NaN,NaN,NaN,NaN,NaN,NaN,NaN,NaN,NaN,TD,NW,B,B,175,1008,NaN,S,25,NaN,
2017020312,c2s.2017,9X-C2S,TY,NN,-14.2,55.9,30,1003,136,5,136,5,NaN,NaN,NaN,NaN,NaN,NaN,NaN,NaN,NaN,NaN,TD,NW,B,B,165,1009,NaN,S,40,NaN,
2017020318,c2s.2017,9X-C2S,TY,NN,-14.8,56.5,35,996,131,8,131,8,NaN,NaN,NaN,NaN,NaN,NaN,NaN,NaN,NaN,NaN,TS,NW,B,B,175,1011,NaN,S,40,NaN,
2017020400,c2s.2017,9X-C2S,TY,NN,-15.6,56.8,40,993,148,8,148,8,42,55,60,35,20,NaN,NaN,NaN,NaN,NaN,TS,NW,B,B,190,1010,NaN,S,30,NaN,
2017020406,c2s.2017,9X-C2S,TY,NN,-16.2,56.7,40,993,172,7,172,7,39,45,60,35,15,NaN,NaN,NaN,NaN,NaN,TS,NW,B,B,190,1010,NaN,S,30,NaN,
2017020412,04s.2017,CARLOS,TY,NN,-16.6,56.5,45,989,196,5,196,5,42,45,65,35,25,NaN,NaN,NaN,NaN,NaN,TS,WN,B,B,190,1010,NaN,M,30,RCB,
2017020418,04s.2017,CARLOS,TY,NN,-16.9,56.5,45,989,195,4,195,4,45,45,65,40,30,NaN,NaN,NaN,NaN,NaN,TS,WN,B,B,170,1011,NaN,M,20,NaN,
2017020500,04s.2017,CARLOS,TY,NN,-17.1,56.6,50,985,169,3,169,3,50,50,75,45,30,10,10,10,45,10,TS,WN,B,B,160,1010,NaN,M,20,CRM,
2017020506,04s.2017,CARLOS,TY,NN,-17.3,56.8,50,985,144,2,144,2,58,55,80,55,40,10,10,10,55,10,TS,WN,B,B,160,1010,NaN,M,20,NaN,
2017020512,04s.2017,CARLOS,TY,NN,-17.4,57.2,55,982,118,3,118,3,70,65,90,70,55,29,25,40,70,20,TS,WN,B,B,160,1010,NaN,M,20,SST,
2017020518,04s.2017,CARLOS,TY,NN,-17.5,57.6,60,978,105,4,105,4,59,40,85,65,45,20,20,20,65,20,TS,WN,B,B,170,1010,NaN,M,20,NaN,
2017020600,04s.2017,CARLOS,TY,NN,-17.6,57.8,60,978,109,3,109,3,49,40,60,50,45,20,20,20,50,20,TS,WN,B,B,175,1009,NaN,M,20,CRM,
2017020606,04s.2017,CARLOS,TY,NN,-17.7,57.5,55,982,205,1,205,1,49,40,60,50,45,20,20,20,50,20,TS,WN,B,B,175,1009,NaN,M,20,NaN,
2017020612,04s.2017,CARLOS,TY,NN,-18.1,57.2,50,985,229,4,229,4,49,40,60,50,45,20,20,20,50,20,TS,WN,B,B,175,1009,NaN,M,20,RCB,
2017020618,04s.2017,CARLOS,TY,NN,-18.5,56.9,50,985,215,5,215,5,81,85,90,75,75,14,15,20,75,10,TS,WN,B,B,165,1008,NaN,M,20,NaN,
2017020700,04s.2017,CARLOS,TY,NN,-19.0,56.3,45,989,223,6,223,6,81,85,90,75,75,NaN,NaN,NaN,NaN,NaN,TS,WN,B,B,165,1008,NaN,M,20,VDC,
2017020706,04s.2017,CARLOS,TY,NN,-19.4,55.4,45,999,238,8,238,8,68,45,90,90,45,NaN,NaN,NaN,NaN,NaN,TS,WN,B,B,165,1008,NaN,M,20,NaN,
2017020712,04s.2017,CARLOS,TY,NN,-20.0,54.6,45,989,238,9,238,9,68,45,90,90,45,NaN,NaN,NaN,NaN,NaN,TS,WN,B,B,170,1006,NaN,M,30,SJB,
2017020718,04s.2017,CARLOS,TY,NN,-20.6,53.9,45,989,230,9,230,9,68,45,90,90,45,NaN,NaN,NaN,NaN,NaN,TS,WN,B,B,170,1008,NaN,M,30,NaN,
2017020800,04s.2017,CARLOS,TY,NN,-21.4,53.2,45,989,223,10,223,10,68,45,90,90,45,NaN,NaN,NaN,NaN,NaN,TS,WN,B,B,170,1008,NaN,M,30,VDC,
2017020806,04s.2017,CARLOS,TY,NN,-22.1,52.7,45,989,217,9,217,9,104,125,110,95,85,NaN,NaN,NaN,NaN,NaN,TS,WN,B,B,220,1008,NaN,M,30,NaN,
2017020812,04s.2017,CARLOS,TY,NN,-22.3,52.7,50,985,207,5,207,5,96,120,100,85,80,NaN,NaN,NaN,NaN,NaN,TS,WN,B,B,185,1007,NaN,M,30,SJB,
2017020818,04s.2017,CARLOS,TY,NN,-23.0,52.8,55,982,174,5,174,5,89,110,95,75,75,40,55,45,75,30,TS,WN,B,B,190,1009,NaN,M,30,NaN,
2017020900,04s.2017,CARLOS,TY,NN,-23.4,53.1,65,974,161,6,161,6,70,70,90,70,50,17,20,20,70,,TY,WN,B,B,170,1007,NaN,M,20,CRM,
2017020906,04s.2017,CARLOS,TY,NN,-23.9,53.5,70,970,144,6,144,6,70,70,90,70,50,17,20,20,70,,TY,WN,B,B,170,1007,NaN,M,20,NaN,
2017020912,04s.2017,CARLOS,TY,NN,-24.5,54.2,65,974,138,7,138,7,70,70,90,70,50,17,20,20,70,,TY,WN,B,B,170,1007,NaN,M,20,RCB,
2017020918,04s.2017,CARLOS,TY,NN,-25.1,55.0,60,988,131,9,131,9,84,115,90,70,60,32,50,20,70,20,TS,WN,B,B,180,1009,NaN,M,20,NaN,
2017021000,04s.2017,CARLOS,TY,NN,-25.9,56.0,60,978,131,11,131,11,84,115,90,70,60,32,50,20,70,20,TS,WN,B,B,180,1007,NaN,M,20,CRM,
2017021006,04s.2017,CARLOS,TY,NN,-27.0,57.7,55,982,128,15,128,15,84,115,90,70,60,32,50,20,70,20,TS,WN,B,B,180,1007,NaN,M,20,NaN,
2017021012,04s.2017,CARLOS,TY,NN,-28.0,59.3,55,982,126,18,126,18,101,130,105,70,100,49,65,50,70,50,TS,WN,B,B,180,1007,NaN,M,20,RCB,
2017021018,04s.2017,CARLOS,TY,NN,-28.6,61.1,50,985,118,17,118,17,98,125,100,70,95,48,65,50,70,45,TS,WN,B,B,180,1007,NaN,M,20,NaN,
2017021100,04s.2017,CARLOS,TY,NN,-29.2,62.6,50,985,112,16,112,16,99,115,100,80,100,NaN,NaN,NaN,NaN,NaN,TS,WN,B,B,225,1009,NaN,M,20,VDC,
2017021106,04s.2017,CARLOS,TY,NN,-29.9,64.2,50,985,116,15,116,15,98,110,110,85,85,NaN,NaN,NaN,NaN,NaN,TS,WN,B,B,225,1009,NaN,M,20,NaN,
2017021112,04s.2017,CARLOS,TY,NN,-30.3,65.3,45,989,115,13,115,13,98,110,110,85,85,NaN,NaN,NaN,NaN,NaN,TS,WN,B,B,215,1009,NaN,M,30,SJB,
2017021118,04s.2017,CARLOS,TY,NN,-30.6,66.4,40,993,110,10,110,10,98,110,110,85,85,NaN,NaN,NaN,NaN,NaN,SS,NW,B,B,215,1009,NaN,NaN,30,NaN,
2017021200,04s.2017,CARLOS,TY,NN,-31.2,67.1,35,996,120,9,120,9,98,110,110,85,85,NaN,NaN,NaN,NaN,NaN,SS,NW,B,B,215,1009,NaN,NaN,30,NaN,
2017021206,04s.2017,CARLOS,TY,NN,-31.7,67.2,30,1000,148,6,148,6,NaN,NaN,NaN,NaN,NaN,NaN,NaN,NaN,NaN,NaN,SD,NW,B,B,215,1009,NaN,NaN,30,NaN,
2017021212,04s.2017,CARLOS,TY,NN,-32.0,66.7,30,1000,203,4,203,4,NaN,NaN,NaN,NaN,NaN,NaN,NaN,NaN,NaN,NaN,SD,NW,B,B,215,1009,NaN,NaN,30,NaN,
2017021218,04s.2017,CARLOS,TY,NN,-32.1,65.7,30,1000,253,7,253,7,NaN,NaN,NaN,NaN,NaN,NaN,NaN,NaN,NaN,NaN,SD,NW,B,B,215,1009,NaN,NaN,30,NaN,
2017021300,04s.2017,CARLOS,TY,NN,-32.1,64.6,30,1000,267,9,267,9,NaN,NaN,NaN,NaN,NaN,NaN,NaN,NaN,NaN,NaN,SD,NW,B,B,215,1009,NaN,NaN,30,NaN,
2017021118,c8s.2017,9X-C8S,TY,NN,-19.1,40.0,20,1007,171,9,171,9,NaN,NaN,NaN,NaN,NaN,NaN,NaN,NaN,NaN,NaN,DB,NW,B,B,NaN,NaN,NaN,NaN,NaN,NaN,
2017021200,c8s.2017,9X-C8S,TY,NN,-19.8,40.3,20,1007,171,9,171,9,NaN,NaN,NaN,NaN,NaN,NaN,NaN,NaN,NaN,NaN,DB,NW,B,B,NaN,NaN,NaN,NaN,NaN,NaN,
2017021206,c8s.2017,9X-C8S,TY,NN,-20.8,40.3,25,1004,171,9,171,9,NaN,NaN,NaN,NaN,NaN,NaN,NaN,NaN,NaN,NaN,TD,NW,B,B,NaN,NaN,NaN,NaN,NaN,NaN,
2017021212,c8s.2017,9X-C8S,TY,NN,-21.1,40.2,30,1003,184,7,184,7,NaN,NaN,NaN,NaN,NaN,NaN,NaN,NaN,NaN,NaN,TD,NW,B,B,150,1008,NaN,M,25,NaN,
2017021218,c8s.2017,9X-C8S,TY,NN,-21.2,40.1,30,1003,205,2,205,2,NaN,NaN,NaN,NaN,NaN,NaN,NaN,NaN,NaN,NaN,TD,NW,B,B,150,1008,NaN,M,25,NaN,
2017021300,c8s.2017,9X-C8S,TY,NN,-21.3,40.0,30,1003,223,1,223,1,NaN,NaN,NaN,NaN,NaN,NaN,NaN,NaN,NaN,NaN,TD,NW,B,B,150,1008,NaN,M,25,NaN,
2017021306,c8s.2017,9X-C8S,TY,NN,-21.3,39.9,35,996,242,1,242,1,31,50,35,20,20,NaN,NaN,NaN,NaN,NaN,TS,NW,B,B,150,1008,NaN,M,25,NaN,
2017021312,05s.2017,DINEO,TY,NN,-21.5,39.8,40,998,223,1,223,1,31,50,35,20,20,NaN,NaN,NaN,NaN,NaN,TS,WN,B,B,150,1006,NaN,M,15,SJB,
2017021318,05s.2017,DINEO,TY,NN,-21.7,39.5,45,998,223,3,223,3,44,50,85,20,20,NaN,NaN,NaN,NaN,NaN,TS,WN,B,B,150,1008,NaN,M,15,NaN,
2017021400,05s.2017,DINEO,TY,NN,-21.8,39.3,45,995,237,3,237,3,56,60,85,40,40,NaN,NaN,NaN,NaN,NaN,TS,WN,B,B,150,1008,NaN,M,20,RCB,
2017021406,05s.2017,DINEO,TY,NN,-22.1,39.1,55,986,223,3,223,3,78,75,105,90,40,32,,35,90,,TS,WN,B,B,180,1010,NaN,M,20,NaN,
2017021412,05s.2017,DINEO,TY,NN,-22.3,38.8,55,984,223,3,223,3,89,120,105,90,40,32,,35,90,,TS,WN,B,B,170,1007,NaN,M,20,NaN,
2017021418,05s.2017,DINEO,TY,NN,-22.5,38.4,55,989,238,4,238,4,89,120,105,90,40,32,,35,90,,TS,WN,B,B,170,1007,NaN,M,20,NaN,
2017021500,05s.2017,DINEO,TY,NN,-22.7,37.8,60,978,247,5,247,5,90,90,100,110,60,29,25,30,110,25,TS,WN,B,B,170,1007,NaN,M,20,RCB,
2017021506,05s.2017,DINEO,TY,NN,-23.0,37.2,65,980,246,6,246,6,90,90,100,110,60,29,25,30,110,25,TY,WN,B,B,180,1009,NaN,D,20,NaN,
2017021512,05s.2017,DINEO,TY,NN,-23.6,36.2,80,963,239,9,239,9,102,110,120,105,75,58,70,75,105,25,TY,WN,B,B,180,1008,0.01,D,10,CRM,
2017021518,05s.2017,DINEO,TY,NN,-23.4,35.1,75,977,258,10,258,10,102,110,120,105,75,58,70,75,105,25,TY,WN,B,B,180,1008,0.93,D,15,NaN,
2017021600,05s.2017,DINEO,TY,NN,-23.2,34.2,60,988,282,9,282,9,102,110,120,105,75,58,70,75,105,25,TS,WN,B,B,170,1009,0.97,M,25,VDC,
2017021606,05s.2017,DINEO,TY,NN,-23.0,33.3,55,982,284,9,284,9,102,110,120,105,75,58,70,75,105,25,TS,NW,B,B,170,1009,0.95,NaN,25,NaN,
2017021612,05s.2017,DINEO,TY,NN,-22.7,32.2,45,989,285,10,285,10,102,110,120,105,75,NaN,NaN,NaN,NaN,NaN,TS,NW,B,B,170,1009,0.98,NaN,25,NaN,
2017021618,05s.2017,DINEO,TY,NN,-22.0,31.0,45,989,295,12,295,12,102,110,120,105,75,NaN,NaN,NaN,NaN,NaN,TS,NW,B,B,170,1009,0.97,NaN,25,NaN,
2017021518,d1p.2017,9X-D1P,TS,NN,-15.9,140.3,15,1010,278,3,255,4,NaN,NaN,NaN,NaN,NaN,NaN,NaN,NaN,NaN,NaN,DB,NW,B,B,NaN,NaN,NaN,NaN,NaN,NaN,
2017021600,d1p.2017,9X-D1P,TS,NN,-15.8,139.3,25,1004,159,3,255,4,NaN,NaN,NaN,NaN,NaN,NaN,NaN,NaN,NaN,NaN,TD,NW,B,B,NaN,NaN,0.03,NaN,NaN,NaN,
2017021606,d1p.2017,9X-D1P,TS,NN,-16.1,139.5,30,1000,159,3,255,4,NaN,NaN,NaN,NaN,NaN,NaN,NaN,NaN,NaN,NaN,TD,NW,B,B,NaN,NaN,0.03,NaN,NaN,NaN,
2017021612,d1p.2017,9X-D1P,TS,NN,-16.3,139.5,30,1000,159,3,159,3,NaN,NaN,NaN,NaN,NaN,NaN,NaN,NaN,NaN,NaN,TD,NW,B,B,170,1006,0.10,S,30,NaN,
2017021618,d1p.2017,9X-D1P,TS,NN,-16.6,139.2,35,996,210,3,210,3,41,75,60,15,15,NaN,NaN,NaN,NaN,NaN,TS,NW,B,B,150,1007,0.16,S,30,NaN,
2017021700,d1p.2017,9X-D1P,TS,NN,-16.9,138.5,35,996,238,6,238,6,18,20,15,15,20,NaN,NaN,NaN,NaN,NaN,TS,NW,B,B,170,1007,0.72,S,30,NaN,
2017021706,d1p.2017,9X-D1P,TS,NN,-17.0,138.2,30,1002,247,5,247,5,NaN,NaN,NaN,NaN,NaN,NaN,NaN,NaN,NaN,NaN,TD,NW,B,B,170,1006,0.89,S,30,NaN,
2017021712,d1p.2017,9X-D1P,TS,NN,-17.0,137.7,25,1004,263,4,263,4,NaN,NaN,NaN,NaN,NaN,NaN,NaN,NaN,NaN,NaN,TD,NW,B,B,170,1006,0.99,S,30,NaN,
2017021718,d1p.2017,9X-D1P,TS,NN,-16.7,136.7,20,1005,282,7,282,7,NaN,NaN,NaN,NaN,NaN,NaN,NaN,NaN,NaN,NaN,DB,NW,B,B,170,1007,1.00,S,20,NaN,
2017021800,d1p.2017,9X-D1P,TS,NN,-16.4,136.2,20,1005,293,8,293,8,NaN,NaN,NaN,NaN,NaN,NaN,NaN,NaN,NaN,NaN,DB,NW,B,B,170,1007,1.00,S,20,NaN,
2017021806,d1p.2017,9X-D1P,TS,NN,-16.1,135.9,20,1005,308,5,308,5,NaN,NaN,NaN,NaN,NaN,NaN,NaN,NaN,NaN,NaN,DB,NW,B,B,175,1006,0.97,S,20,NaN,
2017021812,d1p.2017,9X-D1P,TS,NN,-15.8,135.9,20,1005,334,3,334,3,NaN,NaN,NaN,NaN,NaN,NaN,NaN,NaN,NaN,NaN,DB,NW,B,B,175,1007,0.97,S,20,NaN,
2017021818,d1p.2017,9X-D1P,TS,NN,-15.5,135.9,20,1005,360,3,360,3,NaN,NaN,NaN,NaN,NaN,NaN,NaN,NaN,NaN,NaN,DB,NW,B,B,175,1007,0.68,S,20,NaN,
2017021900,d1p.2017,9X-D1P,TS,NN,-15.2,135.9,25,1004,360,3,360,3,NaN,NaN,NaN,NaN,NaN,NaN,NaN,NaN,NaN,NaN,TD,NW,B,B,175,1005,0.22,S,20,NaN,
2017021906,d1p.2017,9X-D1P,TS,NN,-15.0,136.1,30,1000,21,3,21,3,NaN,NaN,NaN,NaN,NaN,NaN,NaN,NaN,NaN,NaN,TD,NW,B,B,175,1007,0.22,NaN,20,NaN,
2017021912,d1p.2017,9X-D1P,TS,NN,-15.0,136.4,35,996,67,3,67,3,NaN,NaN,NaN,NaN,NaN,NaN,NaN,NaN,NaN,NaN,TS,NW,B,B,175,1007,0.03,S,20,NaN,
2017021918,d1p.2017,9X-D1P,TS,NN,-15.1,136.7,40,993,100,3,100,3,NaN,NaN,NaN,NaN,NaN,NaN,NaN,NaN,NaN,NaN,TS,NW,B,B,175,1007,0.03,S,20,NaN,
2017022000,06p.2017,ALFRED,TS,NN,-15.3,137.1,50,985,114,4,114,4,44,50,45,40,40,NaN,NaN,NaN,NaN,NaN,TS,WN,B,B,175,1007,0.11,M,20,CRM,
2017022006,06p.2017,ALFRED,TS,NN,-15.8,137.2,50,985,145,4,145,4,44,50,45,40,40,NaN,NaN,NaN,NaN,NaN,TS,WN,B,B,175,1005,0.57,M,20,NaN,
2017022012,06p.2017,ALFRED,TS,NN,-15.6,137.5,40,993,128,2,128,2,44,50,45,40,40,NaN,NaN,NaN,NaN,NaN,TS,WN,B,B,175,1007,0.02,M,20,CRM,
2017022018,06p.2017,ALFRED,TS,NN,-15.6,137.8,35,996,71,3,71,3,44,50,45,40,40,NaN,NaN,NaN,NaN,NaN,TS,NW,B,B,175,1007,NaN,NaN,20,NaN,
2017022100,06p.2017,ALFRED,TS,NN,-16.0,138.0,30,1000,130,3,130,3,NaN,NaN,NaN,NaN,NaN,NaN,NaN,NaN,NaN,NaN,TD,NW,B,B,175,1007,0.07,NaN,20,NaN,
2017022106,06p.2017,ALFRED,TS,NN,-16.6,137.9,25,1004,175,5,175,5,NaN,NaN,NaN,NaN,NaN,NaN,NaN,NaN,NaN,NaN,TD,NW,B,B,175,1007,0.46,NaN,20,NaN,
2017022112,06p.2017,ALFRED,TS,NN,-17.0,137.7,20,1007,196,5,196,5,NaN,NaN,NaN,NaN,NaN,NaN,NaN,NaN,NaN,NaN,DB,NW,B,B,175,1007,0.99,NaN,20,NaN,
2017022118,06p.2017,ALFRED,TS,NN,-17.0,137.4,20,1007,242,3,230,3,NaN,NaN,NaN,NaN,NaN,NaN,NaN,NaN,NaN,NaN,DB,NW,B,B,175,1007,0.99,NaN,20,NaN,
2017022200,06p.2017,ALFRED,TS,NN,-16.7,137.1,20,1007,298,3,298,3,NaN,NaN,NaN,NaN,NaN,NaN,NaN,NaN,NaN,NaN,DB,NW,B,B,175,1007,0.96,NaN,20,NaN,
2017022206,06p.2017,ALFRED,TS,NN,-16.6,137.8,20,1007,44,3,44,3,NaN,NaN,NaN,NaN,NaN,NaN,NaN,NaN,NaN,NaN,DB,NW,B,B,175,1007,0.46,NaN,20,NaN,
2017022212,06p.2017,ALFRED,TS,NN,-17.2,138.3,20,1007,114,6,114,6,NaN,NaN,NaN,NaN,NaN,NaN,NaN,NaN,NaN,NaN,DB,NW,B,B,175,1007,0.72,NaN,20,NaN,
2017022000,d3p.2017,9X-D3P,TS,NN,-17.3,189.6,25,1004,120,10,158,4,NaN,NaN,NaN,NaN,NaN,NaN,NaN,NaN,NaN,NaN,TD,NW,B,B,NaN,NaN,NaN,NaN,NaN,NaN,
2017022006,d3p.2017,9X-D3P,TS,NN,-17.5,188.8,25,1004,115,16,158,4,NaN,NaN,NaN,NaN,NaN,NaN,NaN,NaN,NaN,NaN,TD,NW,B,B,NaN,NaN,NaN,NaN,NaN,NaN,
2017022012,d3p.2017,9X-D3P,TS,NN,-18.0,189.9,30,1000,115,16,158,4,NaN,NaN,NaN,NaN,NaN,NaN,NaN,NaN,NaN,NaN,TD,NW,B,B,NaN,NaN,NaN,NaN,NaN,NaN,
2017022018,d3p.2017,9X-D3P,TS,NN,-18.8,191.8,35,996,115,16,115,16,NaN,NaN,NaN,NaN,NaN,NaN,NaN,NaN,NaN,NaN,TS,NW,B,B,NaN,NaN,NaN,NaN,NaN,NaN,
2017022100,07p.2017,BART,TS,NN,-19.9,194.1,35,998,116,22,116,22,118,160,60,60,190,NaN,NaN,NaN,NaN,NaN,TS,WN,B,B,250,1008,NaN,S,50,SJB,
2017022106,07p.2017,BART,TS,NN,-20.8,195.7,40,999,119,21,119,21,95,140,50,50,140,NaN,NaN,NaN,NaN,NaN,TS,WN,B,B,230,1007,NaN,S,60,NaN,
2017022112,07p.2017,BART,TS,NN,-22.0,197.8,40,999,121,20,121,20,118,160,60,60,190,NaN,NaN,NaN,NaN,NaN,TS,WN,B,B,230,1007,NaN,S,50,VDC,
2017022118,07p.2017,BART,TS,NN,-23.7,200.4,40,993,124,26,124,26,128,160,135,75,140,NaN,NaN,NaN,NaN,NaN,TS,WN,B,B,180,1007,NaN,M,50,NaN,
2017022200,07p.2017,BART,TS,NN,-24.9,202.3,35,996,125,25,125,25,125,170,145,70,115,NaN,NaN,NaN,NaN,NaN,TS,WN,B,B,180,1007,NaN,NaN,50,MEK,
2017022206,07p.2017,BART,TS,NN,-26.2,204.3,35,996,125,22,125,22,125,170,145,70,115,NaN,NaN,NaN,NaN,NaN,TS,NW,B,B,180,1007,NaN,NaN,50,NaN,
2017022212,07p.2017,BART,TS,NN,-27.8,204.9,30,1000,141,19,141,19,NaN,NaN,NaN,NaN,NaN,NaN,NaN,NaN,NaN,NaN,EX,NW,B,B,180,1007,NaN,NaN,50,NaN,
2017022006,d4p.2017,9X-D4P,TS,NN,-15.9,174.6,15,1005,101,13,101,13,NaN,NaN,NaN,NaN,NaN,NaN,NaN,NaN,NaN,NaN,DB,NW,B,B,NaN,NaN,NaN,NaN,NaN,NaN,
2017022012,d4p.2017,9X-D4P,TS,NN,-16.1,176.0,15,1005,101,13,101,13,NaN,NaN,NaN,NaN,NaN,NaN,NaN,NaN,NaN,NaN,DB,NW,B,B,NaN,NaN,NaN,NaN,NaN,NaN,
2017022018,d4p.2017,9X-D4P,TS,NN,-16.4,177.2,20,1007,101,13,101,13,NaN,NaN,NaN,NaN,NaN,NaN,NaN,NaN,NaN,NaN,DB,NW,B,B,NaN,NaN,NaN,NaN,NaN,NaN,
2017022100,d4p.2017,9X-D4P,TS,NN,-16.2,178.4,25,1003,119,25,92,12,NaN,NaN,NaN,NaN,NaN,NaN,NaN,NaN,NaN,NaN,WV,NW,B,B,NaN,NaN,NaN,NaN,NaN,NaN,
2017022106,d4p.2017,9X-D4P,TS,NN,-17.3,180.4,30,1000,119,25,106,16,NaN,NaN,NaN,NaN,NaN,NaN,NaN,NaN,NaN,NaN,WV,NW,B,B,185,1004,NaN,S,50,NaN,
2017022112,d4p.2017,9X-D4P,TS,NN,-18.6,182.9,35,996,119,25,119,25,NaN,NaN,NaN,NaN,NaN,NaN,NaN,NaN,NaN,NaN,TS,NW,B,B,225,1004,NaN,S,50,NaN,
2017022118,d4p.2017,9X-D4P,TS,NN,-20.0,185.7,45,989,118,29,118,29,NaN,NaN,NaN,NaN,NaN,NaN,NaN,NaN,NaN,NaN,TS,NW,B,B,205,1005,NaN,S,50,NaN,
2017022200,08p.2017,EIGHT,TS,NN,-21.5,188.6,45,989,118,30,118,30,144,180,145,75,175,NaN,NaN,NaN,NaN,NaN,TS,WN,B,B,180,1005,NaN,M,50,MEK,
2017022206,08p.2017,EIGHT,TS,NN,-22.9,190.8,40,993,121,28,121,28,144,180,145,75,175,NaN,NaN,NaN,NaN,NaN,TS,WN,B,B,180,1004,NaN,M,50,NaN,
2017022212,08p.2017,EIGHT,TS,NN,-24.5,193.2,35,996,125,26,125,26,144,180,145,75,175,NaN,NaN,NaN,NaN,NaN,SS,WN,B,B,180,1004,NaN,M,50,VDC,
2017022218,08p.2017,EIGHT,TS,NN,-26.1,195.6,30,1000,126,27,126,27,NaN,NaN,NaN,NaN,NaN,NaN,NaN,NaN,NaN,NaN,EX,WN,B,B,180,1004,NaN,M,50,RCB,
2017022300,08p.2017,EIGHT,TS,NN,-27.7,198.7,30,1000,121,29,123,29,NaN,NaN,NaN,NaN,NaN,NaN,NaN,NaN,NaN,NaN,EX,NW,B,B,180,1004,NaN,NaN,50,NaN,
2017022706,d5s.2017,9X-D5S,STY,NN,-6.1,74.1,15,1010,242,8,242,8,NaN,NaN,NaN,NaN,NaN,NaN,NaN,NaN,NaN,NaN,DB,NW,B,B,NaN,NaN,NaN,NaN,NaN,NaN,
2017022712,d5s.2017,9X-D5S,STY,NN,-6.3,73.4,15,1010,242,8,242,8,NaN,NaN,NaN,NaN,NaN,NaN,NaN,NaN,NaN,NaN,DB,NW,B,B,NaN,NaN,NaN,NaN,NaN,NaN,
2017022718,d5s.2017,9X-D5S,STY,NN,-6.9,72.6,15,1006,242,8,242,8,NaN,NaN,NaN,NaN,NaN,NaN,NaN,NaN,NaN,NaN,DB,NW,B,B,NaN,NaN,NaN,NaN,NaN,NaN,
2017022800,d5s.2017,9X-D5S,STY,NN,-7.6,71.7,15,1010,232,11,232,11,NaN,NaN,NaN,NaN,NaN,NaN,NaN,NaN,NaN,NaN,DB,NW,B,B,NaN,NaN,NaN,NaN,NaN,NaN,
2017022806,d5s.2017,9X-D5S,STY,NN,-8.0,70.8,15,1010,238,10,238,10,NaN,NaN,NaN,NaN,NaN,NaN,NaN,NaN,NaN,NaN,DB,NW,B,B,NaN,NaN,NaN,NaN,NaN,NaN,
2017022812,d5s.2017,9X-D5S,STY,NN,-8.2,69.9,20,1007,251,9,251,9,NaN,NaN,NaN,NaN,NaN,NaN,NaN,NaN,NaN,NaN,DB,NW,B,B,NaN,NaN,NaN,NaN,NaN,NaN,
2017022818,d5s.2017,9X-D5S,STY,NN,-8.5,69.3,15,1010,251,8,251,8,NaN,NaN,NaN,NaN,NaN,NaN,NaN,NaN,NaN,NaN,DB,NW,B,B,NaN,NaN,NaN,NaN,NaN,NaN,
2017030100,d5s.2017,9X-D5S,STY,NN,-8.9,68.8,15,1010,237,6,237,6,NaN,NaN,NaN,NaN,NaN,NaN,NaN,NaN,NaN,NaN,DB,NW,B,B,NaN,NaN,NaN,NaN,NaN,NaN,
2017030106,d5s.2017,9X-D5S,STY,NN,-9.4,68.3,15,1006,228,7,228,7,NaN,NaN,NaN,NaN,NaN,NaN,NaN,NaN,NaN,NaN,DB,NW,B,B,120,1008,NaN,S,20,NaN,
2017030112,d5s.2017,9X-D5S,STY,NN,-10.1,67.1,15,1005,234,10,234,10,NaN,NaN,NaN,NaN,NaN,NaN,NaN,NaN,NaN,NaN,DB,NW,B,B,120,1008,NaN,S,20,NaN,
2017030118,d5s.2017,9X-D5S,STY,NN,-10.6,66.0,15,1005,242,13,242,13,NaN,NaN,NaN,NaN,NaN,NaN,NaN,NaN,NaN,NaN,DB,NW,B,B,250,1008,NaN,S,75,NaN,
2017030200,d5s.2017,9X-D5S,STY,NN,-10.8,64.5,20,1005,255,13,255,13,NaN,NaN,NaN,NaN,NaN,NaN,NaN,NaN,NaN,NaN,DB,NW,B,B,250,1008,NaN,NaN,65,NaN,
2017030206,d5s.2017,9X-D5S,STY,NN,-11.4,60.6,20,1006,256,10,261,27,NaN,NaN,NaN,NaN,NaN,NaN,NaN,NaN,NaN,NaN,DB,NW,B,B,240,1009,NaN,S,60,NaN,
2017030212,d5s.2017,9X-D5S,STY,NN,-11.6,59.7,20,1004,256,10,260,24,NaN,NaN,NaN,NaN,NaN,NaN,NaN,NaN,NaN,NaN,DB,NW,B,B,290,1006,NaN,S,50,NaN,
2017030218,d5s.2017,9X-D5S,STY,NN,-11.9,58.6,25,1004,256,10,256,10,NaN,NaN,NaN,NaN,NaN,NaN,NaN,NaN,NaN,NaN,TD,NW,B,B,290,1007,NaN,S,50,NaN,
2017030300,d5s.2017,9X-D5S,STY,NN,-12.2,57.8,30,1000,252,10,252,10,NaN,NaN,NaN,NaN,NaN,NaN,NaN,NaN,NaN,NaN,TD,NW,B,B,305,1008,NaN,S,40,NaN,
2017030306,09s.2017,ENAWO,STY,NN,-12.7,56.9,35,996,244,9,244,9,80,80,105,70,65,NaN,NaN,NaN,NaN,NaN,TS,WN,B,B,295,1007,NaN,M,45,BHD,
2017030312,09s.2017,ENAWO,STY,NN,-12.9,56.6,40,993,239,7,239,7,80,80,105,70,65,NaN,NaN,NaN,NaN,NaN,TS,WN,B,B,280,1004,NaN,M,45,NaN,
2017030318,09s.2017,ENAWO,STY,NN,-13.1,56.4,45,993,231,3,231,3,80,80,105,70,65,NaN,NaN,NaN,NaN,NaN,TS,WN,B,B,210,1004,NaN,M,45,BRS,
2017030400,09s.2017,ENAWO,STY,NN,-13.3,56.4,55,982,206,2,206,2,80,80,105,70,65,NaN,NaN,NaN,NaN,NaN,TS,WN,B,B,200,1006,NaN,M,45,NaN,
2017030406,09s.2017,ENAWO,STY,NN,-13.5,56.7,60,978,144,2,144,2,88,90,105,80,75,25,25,25,80,25,TS,WN,B,B,200,1006,NaN,M,25,RCB,
2017030412,09s.2017,ENAWO,STY,NN,-13.4,56.9,65,983,102,2,102,2,88,90,105,80,75,25,25,25,80,25,TY,WN,B,B,200,1006,NaN,M,25,NaN,
2017030418,09s.2017,ENAWO,STY,NN,-13.4,56.6,70,970,316,1,316,1,134,135,135,135,130,69,70,70,135,65,TY,WN,B,B,210,1004,NaN,D,25,OHS,
2017030500,09s.2017,ENAWO,STY,NN,-13.4,56.3,75,967,270,3,270,3,70,70,60,80,70,25,25,25,80,25,TY,WN,B,B,250,1007,NaN,D,15,NaN,
2017030506,09s.2017,ENAWO,STY,NN,-13.6,56.0,80,963,251,3,251,3,189,170,200,230,155,111,80,125,230,85,TY,WN,B,B,250,1007,NaN,D,20,RCB,
2017030512,09s.2017,ENAWO,STY,NN,-13.8,55.5,85,959,243,4,243,4,189,170,200,230,155,111,80,125,230,85,TY,WN,B,B,250,1007,NaN,D,25,NaN,
2017030518,09s.2017,ENAWO,STY,NN,-13.9,55.1,90,961,251,5,251,5,189,170,200,230,155,111,80,125,230,85,TY,WN,B,B,225,1005,NaN,D,25,OHS,
2017030600,09s.2017,ENAWO,STY,NN,-14.0,54.5,90,963,258,5,258,5,189,170,200,230,155,111,80,125,230,85,TY,WN,B,B,210,1006,NaN,D,25,NaN,
2017030606,09s.2017,ENAWO,STY,NN,-14.0,53.8,95,952,265,6,265,6,189,170,200,230,155,111,80,125,230,85,TY,WN,B,B,210,1006,NaN,D,25,NaN,
2017030612,09s.2017,ENAWO,STY,NN,-14.1,53.0,105,944,266,7,266,7,189,170,200,230,155,111,80,125,230,85,TY,WN,B,B,210,1006,NaN,NaN,25,NaN,
2017030618,09s.2017,ENAWO,STY,NN,-14.4,52.4,125,931,254,7,254,7,172,160,185,190,155,98,90,105,190,85,TY,WN,B,B,225,1005,NaN,D,17,DMP,
2017030700,09s.2017,ENAWO,STY,NN,-14.6,51.5,130,926,251,8,251,8,165,150,190,185,135,94,85,110,185,75,ST,WN,B,B,205,1004,NaN,D,15,NaN,
2017030706,09s.2017,ENAWO,STY,NN,-14.6,50.6,130,926,263,9,263,9,172,190,190,175,135,94,85,110,175,75,ST,WN,B,B,205,1006,0.19,D,15,SJB,
2017030712,09s.2017,ENAWO,STY,NN,-14.5,50.2,115,942,275,6,275,6,168,185,185,165,135,84,85,100,165,65,TY,WN,B,B,205,1006,0.68,D,15,NaN,
2017030718,09s.2017,ENAWO,STY,NN,-15.0,49.8,90,962,243,4,243,4,168,185,185,165,135,84,85,100,165,65,TY,WN,B,B,190,1004,0.80,D,30,VDC,
2017030800,09s.2017,ENAWO,STY,NN,-15.8,49.4,65,974,211,8,211,8,168,185,185,165,135,84,85,100,165,65,TY,WN,B,B,230,1004,0.74,D,30,NaN,
2017030806,09s.2017,ENAWO,STY,NN,-16.4,48.2,55,982,228,10,228,10,168,185,185,165,135,84,85,100,165,65,TS,WN,B,B,230,1004,0.98,D,30,NaN,
2017030812,09s.2017,ENAWO,STY,NN,-17.2,47.4,50,985,234,12,234,12,189,210,220,155,170,NaN,NaN,NaN,NaN,NaN,TS,WN,B,B,230,1004,0.97,D,30,NaN,
2017030818,09s.2017,ENAWO,STY,NN,-18.0,46.8,40,993,220,10,220,10,121,200,200,45,40,NaN,NaN,NaN,NaN,NaN,TS,WN,B,B,170,1003,0.97,D,30,NaN,
2017030900,09s.2017,ENAWO,STY,NN,-19.1,46.4,35,996,207,11,207,11,204,230,240,140,205,NaN,NaN,NaN,NaN,NaN,TS,WN,B,B,170,1002,0.97,M,30,NaN,
2017030906,09s.2017,ENAWO,STY,NN,-20.4,46.1,35,996,195,12,195,12,207,240,245,135,,NaN,NaN,NaN,NaN,NaN,TS,WN,B,B,170,1002,0.99,NaN,30,NaN,
2017030912,09s.2017,ENAWO,STY,NN,-22.9,46.0,35,996,186,19,186,19,235,235,235,,,NaN,NaN,NaN,NaN,NaN,TS,WN,B,B,170,1002,0.99,NaN,30,NaN,
2017030918,09s.2017,ENAWO,STY,NN,-24.6,46.4,40,993,176,21,176,21,171,225,220,140,100,NaN,NaN,NaN,NaN,NaN,TS,WN,B,B,170,1002,0.99,NaN,30,NaN,
2017031000,09s.2017,ENAWO,STY,NN,-26.1,46.9,45,989,166,17,166,17,138,165,160,90,,NaN,NaN,NaN,NaN,NaN,TS,WN,B,B,170,1002,NaN,D,60,BCH,
2017031006,09s.2017,ENAWO,STY,NN,-26.9,48.3,50,985,143,14,143,14,82,70,110,90,60,NaN,NaN,NaN,NaN,NaN,EX,WN,B,B,170,1002,NaN,M,60,NaN,
2017031012,09s.2017,ENAWO,STY,NN,-29.0,49.1,55,982,146,17,146,17,82,70,110,90,60,NaN,NaN,NaN,NaN,NaN,EX,WN,B,B,170,1002,NaN,S,60,NaN,
2017031018,09s.2017,ENAWO,STY,NN,-31.3,49.4,30,1000,167,22,168,23,NaN,NaN,NaN,NaN,NaN,NaN,NaN,NaN,NaN,NaN,TD,NW,B,B,170,1002,NaN,NaN,60,NaN,
2017031100,09s.2017,ENAWO,STY,NN,-33.8,49.2,30,1000,181,29,179,24,NaN,NaN,NaN,NaN,NaN,NaN,NaN,NaN,NaN,NaN,TD,NW,B,B,170,1002,NaN,NaN,60,NaN,
2017030118,d6p.2017,9X-D6P,TS,NN,-6.9,135.2,15,1010,239,3,239,3,NaN,NaN,NaN,NaN,NaN,NaN,NaN,NaN,NaN,NaN,DB,NW,B,B,NaN,NaN,0.03,NaN,NaN,NaN,
2017030200,d6p.2017,9X-D6P,TS,NN,-7.0,134.9,15,1010,239,3,239,3,NaN,NaN,NaN,NaN,NaN,NaN,NaN,NaN,NaN,NaN,DB,NW,B,B,NaN,NaN,0.03,NaN,NaN,NaN,
2017030206,d6p.2017,9X-D6P,TS,NN,-7.2,134.7,15,1010,239,3,239,3,NaN,NaN,NaN,NaN,NaN,NaN,NaN,NaN,NaN,NaN,DB,NW,B,B,NaN,NaN,0.16,NaN,NaN,NaN,
2017030212,d6p.2017,9X-D6P,TS,NN,-7.5,134.5,15,1010,218,3,218,3,NaN,NaN,NaN,NaN,NaN,NaN,NaN,NaN,NaN,NaN,DB,NW,B,B,NaN,NaN,NaN,NaN,NaN,NaN,
2017030218,d6p.2017,9X-D6P,TS,NN,-7.8,134.2,15,1005,220,4,220,4,NaN,NaN,NaN,NaN,NaN,NaN,NaN,NaN,NaN,NaN,DB,NW,B,B,NaN,NaN,NaN,NaN,NaN,NaN,
2017030300,d6p.2017,9X-D6P,TS,NN,-8.0,133.8,20,1003,234,4,234,4,NaN,NaN,NaN,NaN,NaN,NaN,NaN,NaN,NaN,NaN,DB,NW,B,B,220,1005,NaN,S,60,NaN,
2017030306,d6p.2017,9X-D6P,TS,NN,-7.6,133.1,20,1002,202,9,280,6,NaN,NaN,NaN,NaN,NaN,NaN,NaN,NaN,NaN,NaN,DB,NW,B,B,220,1005,NaN,S,60,NaN,
2017030312,d6p.2017,9X-D6P,TS,NN,-8.0,132.9,20,1003,202,9,270,4,NaN,NaN,NaN,NaN,NaN,NaN,NaN,NaN,NaN,NaN,DB,NW,B,B,220,1005,NaN,S,60,NaN,
2017030318,d6p.2017,9X-D6P,TS,NN,-9.3,132.4,25,1004,202,9,202,9,NaN,NaN,NaN,NaN,NaN,NaN,NaN,NaN,NaN,NaN,TD,NW,B,B,200,1005,NaN,S,60,NaN,
2017030400,d6p.2017,9X-D6P,TS,NN,-9.5,132.4,20,1002,198,8,198,8,NaN,NaN,NaN,NaN,NaN,NaN,NaN,NaN,NaN,NaN,DB,NW,B,B,140,1003,NaN,S,60,NaN,
2017030406,d6p.2017,9X-D6P,TS,NN,-10.0,131.8,20,1003,220,5,220,5,NaN,NaN,NaN,NaN,NaN,NaN,NaN,NaN,NaN,NaN,DB,NW,B,B,150,1005,NaN,S,60,NaN,
2017030412,d6p.2017,9X-D6P,TS,NN,-10.4,131.3,20,1002,230,7,230,7,NaN,NaN,NaN,NaN,NaN,NaN,NaN,NaN,NaN,NaN,DB,NW,B,B,150,1006,NaN,S,60,NaN,
2017030418,d6p.2017,9X-D6P,TS,NN,-10.9,130.6,25,1002,233,7,233,7,NaN,NaN,NaN,NaN,NaN,NaN,NaN,NaN,NaN,NaN,TD,NW,B,B,130,1004,0.12,S,60,NaN,
2017030500,d6p.2017,9X-D6P,TS,NN,-11.5,130.0,35,996,229,8,229,8,NaN,NaN,NaN,NaN,NaN,NaN,NaN,NaN,NaN,NaN,TS,NW,B,B,180,1004,0.15,S,50,NaN,
2017030506,d6p.2017,9X-D6P,TS,NN,-12.1,129.4,40,993,224,8,224,8,NaN,NaN,NaN,NaN,NaN,NaN,NaN,NaN,NaN,NaN,TS,NW,B,B,180,1004,NaN,NaN,50,NaN,
2017030512,10s.2017,BLANCHE,TS,NN,-12.7,129.0,45,989,219,8,219,8,45,,50,60,25,NaN,NaN,NaN,NaN,NaN,TS,WN,B,B,180,1003,NaN,S,20,RCB,
2017030518,10s.2017,BLANCHE,TS,NN,-13.3,128.6,50,985,213,7,213,7,45,,50,60,25,NaN,NaN,NaN,NaN,NaN,TS,WN,B,B,160,1004,NaN,M,20,NaN,
2017030600,10s.2017,BLANCHE,TS,NN,-14.0,128.2,55,982,211,8,211,8,45,,50,60,25,NaN,NaN,NaN,NaN,NaN,TS,WN,B,B,150,1003,0.09,M,20,OHS,
2017030606,10s.2017,BLANCHE,TS,NN,-15.0,127.7,45,989,207,10,207,10,45,,50,60,25,NaN,NaN,NaN,NaN,NaN,TS,WN,B,B,150,1003,0.99,M,20,NaN,
2017030612,10s.2017,BLANCHE,TS,NN,-15.9,127.1,35,996,209,11,209,11,45,,50,60,25,NaN,NaN,NaN,NaN,NaN,TS,WN,B,B,150,1003,1.00,M,20,RCB,
2017030618,10s.2017,BLANCHE,TS,NN,-16.6,126.6,20,1007,213,10,213,10,NaN,NaN,NaN,NaN,NaN,NaN,NaN,NaN,NaN,NaN,DB,NW,B,B,150,1005,1.00,S,20,NaN,
2017030700,10s.2017,BLANCHE,TS,NN,-16.4,125.4,20,1003,257,9,253,9,NaN,NaN,NaN,NaN,NaN,NaN,NaN,NaN,NaN,NaN,DB,NW,B,B,150,1005,1.00,NaN,20,NaN,
2017030706,10s.2017,BLANCHE,TS,NN,-16.1,124.3,20,1003,276,10,283,11,NaN,NaN,NaN,NaN,NaN,NaN,NaN,NaN,NaN,NaN,DB,NW,B,B,150,1005,0.54,NaN,20,NaN,
2017030600,d7s.2017,9X-D7S,TS,NN,-14.1,77.8,25,1004,247,6,247,6,NaN,NaN,NaN,NaN,NaN,NaN,NaN,NaN,NaN,NaN,TD,NW,B,B,250,1008,NaN,NaN,25,NaN,
2017030606,d7s.2017,9X-D7S,TS,NN,-14.3,77.2,25,1004,247,6,247,6,NaN,NaN,NaN,NaN,NaN,NaN,NaN,NaN,NaN,NaN,TD,NW,B,B,250,1008,NaN,NaN,25,NaN,
2017030612,d7s.2017,9X-D7S,TS,NN,-14.6,76.6,25,1006,247,6,247,6,NaN,NaN,NaN,NaN,NaN,NaN,NaN,NaN,NaN,NaN,TD,NW,B,B,250,1008,NaN,S,25,NaN,
2017030618,d7s.2017,9X-D7S,TS,NN,-15.1,75.7,30,1004,241,8,241,8,NaN,NaN,NaN,NaN,NaN,NaN,NaN,NaN,NaN,NaN,TD,NW,B,B,250,1007,NaN,S,25,NaN,
2017030700,d7s.2017,9X-D7S,TS,NN,-15.6,74.7,30,1004,241,10,241,10,NaN,NaN,NaN,NaN,NaN,NaN,NaN,NaN,NaN,NaN,TD,NW,B,B,250,1007,NaN,S,25,NaN,
2017030706,d7s.2017,9X-D7S,TS,NN,-15.9,73.8,30,1002,246,10,246,10,NaN,NaN,NaN,NaN,NaN,NaN,NaN,NaN,NaN,NaN,TD,NW,B,B,210,1006,NaN,S,25,NaN,
2017030712,d7s.2017,9X-D7S,TS,NN,-15.9,72.8,30,1002,261,9,261,9,NaN,NaN,NaN,NaN,NaN,NaN,NaN,NaN,NaN,NaN,TD,NW,B,B,210,1006,NaN,S,25,NaN,
2017030718,d7s.2017,9X-D7S,TS,NN,-15.6,72.0,30,1000,280,9,280,9,NaN,NaN,NaN,NaN,NaN,NaN,NaN,NaN,NaN,NaN,TD,NW,B,B,210,1007,NaN,S,25,NaN,
2017030800,d7s.2017,9X-D7S,TS,NN,-15.1,71.3,30,1003,299,8,299,8,NaN,NaN,NaN,NaN,NaN,NaN,NaN,NaN,NaN,NaN,TD,NW,B,B,200,1007,NaN,S,25,NaN,
2017030806,d7s.2017,9X-D7S,TS,NN,-15.1,71.1,30,1002,300,5,300,5,NaN,NaN,NaN,NaN,NaN,NaN,NaN,NaN,NaN,NaN,TD,NW,B,B,200,1007,NaN,S,25,NaN,
2017030812,d7s.2017,9X-D7S,TS,NN,-15.1,70.5,30,1002,270,4,270,4,NaN,NaN,NaN,NaN,NaN,NaN,NaN,NaN,NaN,NaN,TD,NW,B,B,200,1007,NaN,S,25,NaN,
2017030818,11s.2017,FERNANDO,TS,NN,-15.2,70.0,35,1003,265,5,265,5,45,,50,40,,NaN,NaN,NaN,NaN,NaN,TS,WN,B,B,220,1007,NaN,M,25,BCH,
2017030900,11s.2017,FERNANDO,TS,NN,-15.2,69.3,40,998,265,6,265,6,62,35,75,75,,NaN,NaN,NaN,NaN,NaN,TS,WN,B,B,220,1005,NaN,M,35,NaN,
2017030906,11s.2017,FERNANDO,TS,NN,-14.5,68.7,45,989,299,7,299,7,41,35,45,50,35,NaN,NaN,NaN,NaN,NaN,TS,WN,B,B,220,1005,NaN,M,35,RCB,
2017030912,11s.2017,FERNANDO,TS,NN,-14.2,68.9,40,993,339,5,339,5,28,30,25,25,30,NaN,NaN,NaN,NaN,NaN,TS,WN,B,B,220,1005,NaN,M,30,NaN,
2017030918,11s.2017,FERNANDO,TS,NN,-14.6,69.8,40,993,95,5,95,5,55,55,75,60,30,NaN,NaN,NaN,NaN,NaN,TS,WN,B,B,220,1006,NaN,M,30,BCH,
2017031000,11s.2017,FERNANDO,TS,NN,-15.4,70.2,35,996,134,9,134,9,129,115,175,115,110,NaN,NaN,NaN,NaN,NaN,TS,WN,B,B,230,1004,NaN,M,30,NaN,
2017031006,11s.2017,FERNANDO,TS,NN,-16.0,70.6,35,996,151,8,151,8,148,125,200,140,125,NaN,NaN,NaN,NaN,NaN,TS,WN,B,B,230,1004,NaN,M,30,RCB,
2017031012,11s.2017,FERNANDO,TS,NN,-17.6,70.8,35,996,165,11,165,11,NaN,NaN,NaN,NaN,NaN,NaN,NaN,NaN,NaN,NaN,TS,WN,B,B,230,1004,NaN,S,30,NaN,
2017031018,11s.2017,FERNANDO,TS,NN,-18.5,69.8,35,996,197,13,197,13,NaN,NaN,NaN,NaN,NaN,NaN,NaN,NaN,NaN,NaN,TS,WN,B,B,230,1004,NaN,S,30,DMP,
2017031100,11s.2017,FERNANDO,TS,NN,-19.2,67.9,30,1000,240,16,240,16,NaN,NaN,NaN,NaN,NaN,NaN,NaN,NaN,NaN,NaN,SD,NW,B,B,230,1004,NaN,NaN,30,NaN,
2017031106,11s.2017,FERNANDO,TS,NN,-19.6,66.7,30,1000,249,16,249,16,NaN,NaN,NaN,NaN,NaN,NaN,NaN,NaN,NaN,NaN,SD,NW,B,B,230,1004,NaN,NaN,30,NaN,
2017031112,11s.2017,FERNANDO,TS,NN,-20.0,65.8,30,1000,248,11,248,11,NaN,NaN,NaN,NaN,NaN,NaN,NaN,NaN,NaN,NaN,SD,NW,B,B,230,1004,NaN,NaN,30,NaN,
2017031118,11s.2017,FERNANDO,TS,NN,-20.3,64.6,30,1000,250,10,250,10,NaN,NaN,NaN,NaN,NaN,NaN,NaN,NaN,NaN,NaN,SD,NW,B,B,230,1004,NaN,NaN,30,NaN,
2017031200,11s.2017,FERNANDO,TS,NN,-20.6,63.5,30,1000,254,11,254,11,NaN,NaN,NaN,NaN,NaN,NaN,NaN,NaN,NaN,NaN,SD,NW,B,B,230,1004,NaN,NaN,30,NaN,
2017031206,11s.2017,FERNANDO,TS,NN,-21.1,61.9,30,1000,252,13,252,13,NaN,NaN,NaN,NaN,NaN,NaN,NaN,NaN,NaN,NaN,SD,NW,B,B,230,1004,NaN,NaN,30,NaN,
2017031212,11s.2017,FERNANDO,TS,NN,-21.6,60.2,30,1000,252,16,252,16,NaN,NaN,NaN,NaN,NaN,NaN,NaN,NaN,NaN,NaN,SD,NW,B,B,230,1004,NaN,NaN,30,NaN,
2017031218,11s.2017,FERNANDO,TS,NN,-22.1,58.8,30,1000,251,15,251,15,NaN,NaN,NaN,NaN,NaN,NaN,NaN,NaN,NaN,NaN,SD,NW,B,B,230,1004,NaN,NaN,30,NaN,
2017031300,11s.2017,FERNANDO,TS,NN,-22.6,57.4,25,1004,249,14,249,14,NaN,NaN,NaN,NaN,NaN,NaN,NaN,NaN,NaN,NaN,SD,NW,B,B,230,1004,NaN,NaN,30,NaN,
2017031306,11s.2017,FERNANDO,TS,NN,-23.4,56.1,25,1004,242,14,242,14,NaN,NaN,NaN,NaN,NaN,NaN,NaN,NaN,NaN,NaN,SD,NW,B,B,230,1004,NaN,NaN,30,NaN,
2017031312,11s.2017,FERNANDO,TS,NN,-23.8,55.5,25,1004,236,11,236,11,NaN,NaN,NaN,NaN,NaN,NaN,NaN,NaN,NaN,NaN,SD,NW,B,B,200,1006,NaN,NaN,30,NaN,
2017031318,11s.2017,FERNANDO,TS,NN,-24.8,54.5,25,1004,226,10,226,10,NaN,NaN,NaN,NaN,NaN,NaN,NaN,NaN,NaN,NaN,SD,NW,B,B,200,1006,NaN,NaN,30,NaN,
2017031400,11s.2017,FERNANDO,TS,NN,-26.0,53.8,30,1000,215,13,215,13,NaN,NaN,NaN,NaN,NaN,NaN,NaN,NaN,NaN,NaN,SD,NW,B,B,200,1006,NaN,NaN,30,NaN,
2017031406,11s.2017,FERNANDO,TS,NN,-27.3,53.2,35,996,205,14,205,14,NaN,NaN,NaN,NaN,NaN,NaN,NaN,NaN,NaN,NaN,SS,NW,B,B,200,1006,NaN,NaN,30,NaN,
2017031412,11s.2017,FERNANDO,TS,NN,-28.6,52.8,40,993,199,14,199,14,109,80,150,135,70,NaN,NaN,NaN,NaN,NaN,SS,NW,B,B,200,1006,NaN,NaN,30,NaN,
2017031418,11s.2017,FERNANDO,TS,NN,-29.8,52.3,45,995,198,13,198,13,109,80,150,135,70,NaN,NaN,NaN,NaN,NaN,SS,NW,B,B,200,1006,NaN,NaN,30,NaN,
2017031500,11s.2017,FERNANDO,TS,NN,-30.8,52.1,45,995,195,11,195,11,111,80,160,135,70,NaN,NaN,NaN,NaN,NaN,SS,NW,B,B,200,1006,NaN,NaN,30,NaN,
2017031506,11s.2017,FERNANDO,TS,NN,-32.8,51.7,45,989,190,15,190,15,111,80,160,135,70,NaN,NaN,NaN,NaN,NaN,SS,NW,B,B,200,1006,NaN,NaN,30,NaN,
2017031512,11s.2017,FERNANDO,TS,NN,-34.2,51.6,45,989,187,17,187,17,111,80,160,135,70,NaN,NaN,NaN,NaN,NaN,SS,NW,B,B,200,1006,NaN,NaN,30,NaN,
2017031518,11s.2017,FERNANDO,TS,NN,-35.8,51.6,40,993,182,15,182,15,150,165,190,130,115,NaN,NaN,NaN,NaN,NaN,SS,NW,B,B,200,1006,NaN,NaN,30,NaN,
2017032018,f0s.2017,9X-F0S,TS,NN,-9.9,98.7,15,1010,286,4,286,4,NaN,NaN,NaN,NaN,NaN,NaN,NaN,NaN,NaN,NaN,DB,NW,B,B,NaN,NaN,NaN,NaN,NaN,NaN,
2017032100,f0s.2017,9X-F0S,TS,NN,-9.8,98.4,15,1006,286,4,286,4,NaN,NaN,NaN,NaN,NaN,NaN,NaN,NaN,NaN,NaN,DB,NW,B,B,NaN,NaN,NaN,NaN,NaN,NaN,
2017032106,f0s.2017,9X-F0S,TS,NN,-9.7,98.0,20,1006,286,4,286,4,NaN,NaN,NaN,NaN,NaN,NaN,NaN,NaN,NaN,NaN,DB,NW,B,B,NaN,NaN,NaN,NaN,NaN,NaN,
2017032112,f0s.2017,9X-F0S,TS,NN,-9.7,97.2,25,1004,275,6,275,6,NaN,NaN,NaN,NaN,NaN,NaN,NaN,NaN,NaN,NaN,TD,NW,B,B,150,1005,NaN,S,40,NaN,
2017032118,f0s.2017,9X-F0S,TS,NN,-9.9,96.8,25,1004,107,9,260,6,NaN,NaN,NaN,NaN,NaN,NaN,NaN,NaN,NaN,NaN,TD,NW,B,B,125,1007,NaN,S,40,NaN,
2017032200,f0s.2017,9X-F0S,TS,NN,-10.1,97.7,30,1000,107,9,129,3,NaN,NaN,NaN,NaN,NaN,NaN,NaN,NaN,NaN,NaN,TD,NW,B,B,125,1007,NaN,S,40,NaN,
2017032206,f0s.2017,9X-F0S,TS,NN,-10.4,98.5,30,1000,107,9,107,9,NaN,NaN,NaN,NaN,NaN,NaN,NaN,NaN,NaN,NaN,TD,NW,B,B,140,1007,NaN,NaN,40,NaN,
2017032212,f0s.2017,9X-F0S,TS,NN,-10.7,99.1,30,1000,114,8,114,8,NaN,NaN,NaN,NaN,NaN,NaN,NaN,NaN,NaN,NaN,TD,NW,B,B,170,1008,NaN,S,40,NaN,
2017032218,f0s.2017,9X-F0S,TS,NN,-11.2,99.6,30,1000,127,7,127,7,NaN,NaN,NaN,NaN,NaN,NaN,NaN,NaN,NaN,NaN,TD,NW,B,B,170,1008,NaN,S,40,NaN,
2017032300,f0s.2017,9X-F0S,TS,NN,-12.0,100.1,35,996,143,8,143,8,NaN,NaN,NaN,NaN,NaN,NaN,NaN,NaN,NaN,NaN,TS,NW,B,B,170,1008,NaN,S,40,NaN,
2017032306,12s.2017,CALEB,TS,NN,-12.6,100.4,40,996,151,8,151,8,91,95,75,105,90,NaN,NaN,NaN,NaN,NaN,TS,WN,B,B,185,1008,NaN,M,35,CRM,
2017032312,12s.2017,CALEB,TS,NN,-13.1,100.6,40,996,156,6,156,6,91,95,75,105,90,NaN,NaN,NaN,NaN,NaN,TS,WN,B,B,180,1008,NaN,M,35,NaN,
2017032318,12s.2017,CALEB,TS,NN,-13.5,100.8,40,993,157,5,157,5,91,95,75,105,90,NaN,NaN,NaN,NaN,NaN,TS,WN,B,B,180,1008,NaN,M,35,RB,
2017032400,12s.2017,CALEB,TS,NN,-13.9,100.8,40,993,166,4,166,4,89,85,75,105,90,NaN,NaN,NaN,NaN,NaN,TS,WN,B,B,185,1009,NaN,M,35,NaN,
2017032406,12s.2017,CALEB,TS,NN,-14.3,100.8,40,993,180,4,180,4,89,85,75,105,90,NaN,NaN,NaN,NaN,NaN,TS,WN,B,B,180,1008,NaN,M,35,CRM,
2017032412,12s.2017,CALEB,TS,NN,-14.6,100.7,40,993,188,4,188,4,89,85,75,105,90,NaN,NaN,NaN,NaN,NaN,TS,WN,B,B,190,1008,NaN,M,35,NaN,
2017032418,12s.2017,CALEB,TS,NN,-14.9,100.6,45,989,198,3,198,3,80,60,80,120,60,NaN,NaN,NaN,NaN,NaN,TS,WN,B,B,190,1008,NaN,M,35,VDC,
2017032500,12s.2017,CALEB,TS,NN,-15.1,100.5,45,989,201,3,201,3,80,60,80,120,60,NaN,NaN,NaN,NaN,NaN,TS,WN,B,B,190,1008,NaN,M,35,NaN,
2017032506,12s.2017,CALEB,TS,NN,-15.3,100.4,45,989,206,2,206,2,64,60,75,70,50,NaN,NaN,NaN,NaN,NaN,TS,WN,B,B,185,1008,NaN,M,35,BHD,
2017032512,12s.2017,CALEB,TS,NN,-15.5,100.3,45,989,206,2,206,2,70,60,75,80,65,NaN,NaN,NaN,NaN,NaN,TS,WN,B,B,175,1008,NaN,M,35,NaN,
2017032518,12s.2017,CALEB,TS,NN,-15.7,100.1,45,989,216,2,216,2,70,60,75,80,65,NaN,NaN,NaN,NaN,NaN,TS,WN,B,B,160,1008,NaN,S,35,DMP,
2017032600,12s.2017,CALEB,TS,NN,-15.8,99.8,45,989,238,3,238,3,70,60,75,80,65,NaN,NaN,NaN,NaN,NaN,TS,WN,B,B,160,1008,NaN,S,30,NaN,
2017032606,12s.2017,CALEB,TS,NN,-16.0,99.3,40,993,249,4,249,4,68,50,90,80,50,NaN,NaN,NaN,NaN,NaN,TS,WN,B,B,150,1009,NaN,S,25,BHD,
2017032612,12s.2017,CALEB,TS,NN,-15.8,98.7,40,993,270,5,270,5,61,60,65,65,55,NaN,NaN,NaN,NaN,NaN,TS,WN,B,B,150,1009,NaN,S,30,NaN,
2017032618,12s.2017,CALEB,TS,NN,-15.4,98.1,35,996,297,7,297,7,61,60,65,65,55,NaN,NaN,NaN,NaN,NaN,TS,WN,B,B,140,1009,NaN,S,30,DMP,
2017032700,12s.2017,CALEB,TS,NN,-15.4,97.8,35,996,295,5,295,5,61,60,65,65,55,NaN,NaN,NaN,NaN,NaN,TS,WN,B,B,140,1009,NaN,S,30,NaN,
2017032706,12s.2017,CALEB,TS,NN,-15.4,97.3,35,996,270,4,270,4,60,,80,40,,NaN,NaN,NaN,NaN,NaN,TS,WN,B,B,140,1010,NaN,S,40,BHD,
2017032712,12s.2017,CALEB,TS,NN,-15.4,96.9,30,1000,270,4,270,4,NaN,NaN,NaN,NaN,NaN,NaN,NaN,NaN,NaN,NaN,TD,NW,B,B,140,1009,NaN,NaN,40,NaN,
2017032718,12s.2017,CALEB,TS,NN,-15.4,96.5,30,1000,270,4,270,4,NaN,NaN,NaN,NaN,NaN,NaN,NaN,NaN,NaN,NaN,TD,NW,B,B,140,1009,NaN,NaN,40,NaN,
2017032800,12s.2017,CALEB,TS,NN,-15.5,96.1,30,1000,263,4,263,4,NaN,NaN,NaN,NaN,NaN,NaN,NaN,NaN,NaN,NaN,TD,NW,B,B,140,1009,NaN,NaN,40,NaN,
2017032806,12s.2017,CALEB,TS,NN,-15.6,95.7,30,1000,255,4,255,4,NaN,NaN,NaN,NaN,NaN,NaN,NaN,NaN,NaN,NaN,TD,NW,B,B,140,1009,NaN,NaN,40,NaN,
2017032812,12s.2017,CALEB,TS,NN,-15.6,95.3,30,1000,263,4,263,4,NaN,NaN,NaN,NaN,NaN,NaN,NaN,NaN,NaN,NaN,TD,NW,B,B,140,1009,NaN,NaN,40,NaN,
2017032818,12s.2017,CALEB,TS,NN,-15.7,94.8,30,1000,263,4,263,4,NaN,NaN,NaN,NaN,NaN,NaN,NaN,NaN,NaN,NaN,TD,NW,B,B,140,1009,NaN,NaN,40,NaN,
2017032900,12s.2017,CALEB,TS,NN,-15.8,94.3,25,1004,258,5,258,5,NaN,NaN,NaN,NaN,NaN,NaN,NaN,NaN,NaN,NaN,TD,NW,B,B,140,1009,NaN,NaN,40,NaN,
2017032906,12s.2017,CALEB,TS,NN,-16.0,93.4,25,1004,257,7,257,7,NaN,NaN,NaN,NaN,NaN,NaN,NaN,NaN,NaN,NaN,TD,NW,B,B,140,1009,NaN,NaN,40,NaN,
2017032912,12s.2017,CALEB,TS,NN,-16.2,92.8,25,1004,254,7,254,7,NaN,NaN,NaN,NaN,NaN,NaN,NaN,NaN,NaN,NaN,TD,NW,B,B,140,1009,NaN,NaN,40,NaN,
2017032918,12s.2017,CALEB,TS,NN,-16.1,92.0,25,1004,266,7,266,7,NaN,NaN,NaN,NaN,NaN,NaN,NaN,NaN,NaN,NaN,TD,NW,B,B,140,1009,NaN,NaN,40,NaN,
2017033000,12s.2017,CALEB,TS,NN,-16.1,91.2,25,1004,274,8,274,8,NaN,NaN,NaN,NaN,NaN,NaN,NaN,NaN,NaN,NaN,TD,NW,B,B,140,1009,NaN,NaN,40,NaN,
2017033006,12s.2017,CALEB,TS,NN,-16.1,90.8,20,1009,270,6,270,6,NaN,NaN,NaN,NaN,NaN,NaN,NaN,NaN,NaN,NaN,DB,NW,B,B,150,1013,NaN,NaN,45,NaN,
2017033012,12s.2017,CALEB,TS,NN,-16.2,89.9,20,1007,265,6,265,6,NaN,NaN,NaN,NaN,NaN,NaN,NaN,NaN,NaN,NaN,DB,NW,B,B,150,1013,NaN,NaN,45,NaN,
2017033018,12s.2017,CALEB,TS,NN,-16.2,89.1,20,1007,270,8,266,8,NaN,NaN,NaN,NaN,NaN,NaN,NaN,NaN,NaN,NaN,DB,NW,B,B,150,1013,NaN,NaN,45,NaN,
2017033100,12s.2017,CALEB,TS,NN,-16.4,87.4,20,1007,266,13,265,12,NaN,NaN,NaN,NaN,NaN,NaN,NaN,NaN,NaN,NaN,DB,NW,B,B,150,1013,NaN,NaN,45,NaN,
2017032118,e1p.2017,9X-E1P,TY,NN,-11.4,151.4,15,1010,102,10,102,10,NaN,NaN,NaN,NaN,NaN,NaN,NaN,NaN,NaN,NaN,DB,NW,B,B,NaN,NaN,NaN,NaN,NaN,NaN,
2017032200,e1p.2017,9X-E1P,TY,NN,-11.5,152.3,15,1010,102,10,102,10,NaN,NaN,NaN,NaN,NaN,NaN,NaN,NaN,NaN,NaN,DB,NW,B,B,NaN,NaN,NaN,NaN,NaN,NaN,
2017032206,e1p.2017,9X-E1P,TY,NN,-11.8,153.3,15,1010,102,10,102,10,NaN,NaN,NaN,NaN,NaN,NaN,NaN,NaN,NaN,NaN,DB,NW,B,B,NaN,NaN,0.04,NaN,NaN,NaN,
2017032212,e1p.2017,9X-E1P,TY,NN,-12.4,154.0,15,1010,118,9,118,9,NaN,NaN,NaN,NaN,NaN,NaN,NaN,NaN,NaN,NaN,DB,NW,B,B,NaN,NaN,NaN,NaN,NaN,NaN,
2017032218,e1p.2017,9X-E1P,TY,NN,-13.2,153.9,15,1005,157,8,157,8,NaN,NaN,NaN,NaN,NaN,NaN,NaN,NaN,NaN,NaN,DB,NW,B,B,150,1008,NaN,S,NaN,NaN,
2017032300,e1p.2017,9X-E1P,TY,NN,-13.8,152.9,15,1005,217,9,217,9,NaN,NaN,NaN,NaN,NaN,NaN,NaN,NaN,NaN,NaN,DB,NW,B,B,150,1008,NaN,S,NaN,NaN,
2017032306,e1p.2017,9X-E1P,TY,NN,-14.3,151.7,20,1007,168,5,243,12,NaN,NaN,NaN,NaN,NaN,NaN,NaN,NaN,NaN,NaN,DB,NW,B,B,150,1008,NaN,S,NaN,NaN,
2017032312,e1p.2017,9X-E1P,TY,NN,-14.7,151.8,20,1007,168,5,230,7,NaN,NaN,NaN,NaN,NaN,NaN,NaN,NaN,NaN,NaN,DB,NW,B,B,170,1009,NaN,S,NaN,NaN,
2017032318,e1p.2017,9X-E1P,TY,NN,-15.2,151.9,25,1007,168,5,168,5,NaN,NaN,NaN,NaN,NaN,NaN,NaN,NaN,NaN,NaN,TD,NW,B,B,185,1009,NaN,S,NaN,NaN,
2017032400,e1p.2017,9X-E1P,TY,NN,-15.8,151.7,30,1000,185,6,185,6,NaN,NaN,NaN,NaN,NaN,NaN,NaN,NaN,NaN,NaN,TD,NW,B,B,180,1006,NaN,S,35,NaN,
2017032406,e1p.2017,9X-E1P,TY,NN,-16.4,151.7,30,997,189,6,189,6,NaN,NaN,NaN,NaN,NaN,NaN,NaN,NaN,NaN,NaN,TD,NW,B,B,185,1008,NaN,S,35,NaN,
2017032412,e1p.2017,9X-E1P,TY,NN,-16.9,151.8,30,1003,175,6,175,6,NaN,NaN,NaN,NaN,NaN,NaN,NaN,NaN,NaN,NaN,TD,NW,B,B,185,1008,NaN,S,35,NaN,
2017032418,13p.2017,DEBBIE,TY,NN,-17.1,152.1,35,996,151,4,151,4,115,125,130,100,105,NaN,NaN,NaN,NaN,NaN,TS,WN,B,B,275,1008,NaN,M,35,DMP,
2017032500,13p.2017,DEBBIE,TY,NN,-17.3,152.2,45,998,136,3,136,3,69,40,120,80,35,NaN,NaN,NaN,NaN,NaN,TS,WN,B,B,275,1008,NaN,M,35,NaN,
2017032506,13p.2017,DEBBIE,TY,NN,-17.7,152.2,55,988,171,3,171,3,111,140,110,85,110,56,75,55,85,55,TS,WN,B,B,245,1006,NaN,D,30,BHD,
2017032512,13p.2017,DEBBIE,TY,NN,-17.8,152.0,60,978,201,3,201,3,144,150,165,135,125,76,80,90,135,65,TS,WN,B,B,230,1007,NaN,D,30,NaN,
2017032518,13p.2017,DEBBIE,TY,NN,-17.9,151.7,65,982,247,3,247,3,144,150,165,135,125,76,80,90,135,65,TY,WN,B,B,230,1007,NaN,D,30,VDC,
2017032600,13p.2017,DEBBIE,TY,NN,-18.1,151.4,65,982,242,3,242,3,144,150,165,135,125,76,80,90,135,65,TY,WN,B,B,230,1007,NaN,D,30,NaN,
2017032606,13p.2017,DEBBIE,TY,NN,-18.3,151.2,65,974,230,3,230,3,161,160,180,180,125,75,80,75,180,70,TY,WN,B,B,215,1005,NaN,D,30,BHD,
2017032612,13p.2017,DEBBIE,TY,NN,-18.5,150.9,65,974,230,3,230,3,161,160,180,180,125,75,80,75,180,70,TY,WN,B,B,215,1007,NaN,D,30,NaN,
2017032618,13p.2017,DEBBIE,TY,NN,-18.8,150.7,70,970,223,3,223,3,161,160,180,180,125,75,80,75,180,70,TY,WN,B,B,215,1007,NaN,D,30,DMP,
2017032700,13p.2017,DEBBIE,TY,NN,-19.1,150.5,80,963,212,4,212,4,161,160,180,180,125,75,80,75,180,70,TY,WN,B,B,210,1007,NaN,D,30,NaN,
2017032706,13p.2017,DEBBIE,TY,NN,-19.4,150.2,95,952,218,4,218,4,160,150,170,170,150,69,60,75,170,60,TY,WN,B,B,200,1004,NaN,D,12,BHD,
2017032712,13p.2017,DEBBIE,TY,NN,-19.6,149.8,115,937,233,4,233,4,160,150,170,170,150,69,60,75,170,60,TY,WN,B,B,190,1005,NaN,D,15,NaN,
2017032718,13p.2017,DEBBIE,TY,NN,-19.8,149.3,115,937,245,5,245,5,114,125,130,110,90,58,55,65,110,45,TY,WN,B,B,195,1005,NaN,D,15,CRM,
2017032800,13p.2017,DEBBIE,TY,NN,-20.0,148.9,105,960,245,5,245,5,114,125,130,110,90,58,55,65,110,45,TY,WN,B,B,185,1005,0.11,D,10,NaN,
2017032806,13p.2017,DEBBIE,TY,NN,-20.4,148.5,80,963,231,5,231,5,39,35,45,40,35,30,,,40,30,TY,WN,B,B,185,1005,0.72,D,10,RCB,
2017032812,13p.2017,DEBBIE,TY,NN,-20.8,147.8,60,978,232,7,232,7,39,35,45,40,35,NaN,NaN,NaN,NaN,NaN,TS,NW,B,B,185,1005,1.00,NaN,10,NaN,
2017032818,13p.2017,DEBBIE,TY,NN,-21.3,147.2,40,993,233,8,233,8,39,35,45,40,35,NaN,NaN,NaN,NaN,NaN,TS,NW,B,B,185,1005,1.00,NaN,10,NaN,
2017032900,13p.2017,DEBBIE,TY,NN,-21.6,146.9,35,996,226,6,226,6,NaN,NaN,NaN,NaN,NaN,NaN,NaN,NaN,NaN,NaN,TS,NW,B,B,185,1005,1.00,NaN,10,NaN,
2017032906,13p.2017,DEBBIE,TY,NN,-22.2,146.9,30,1000,197,5,197,5,NaN,NaN,NaN,NaN,NaN,NaN,NaN,NaN,NaN,NaN,TD,NW,B,B,185,1005,1.00,NaN,10,NaN,
2017032912,13p.2017,DEBBIE,TY,NN,-23.2,147.1,20,1007,173,8,173,8,NaN,NaN,NaN,NaN,NaN,NaN,NaN,NaN,NaN,NaN,DB,NW,B,B,185,1005,1.00,NaN,10,NaN,
2017032918,13p.2017,DEBBIE,TY,NN,-24.1,147.7,20,1007,158,10,159,10,NaN,NaN,NaN,NaN,NaN,NaN,NaN,NaN,NaN,NaN,DB,NW,B,B,185,1005,1.00,NaN,10,NaN,
2017033000,13p.2017,DEBBIE,TY,NN,-25.1,149.0,20,1007,138,13,138,13,NaN,NaN,NaN,NaN,NaN,NaN,NaN,NaN,NaN,NaN,DB,NW,B,B,185,1005,1.00,NaN,10,NaN,
2017033006,13p.2017,DEBBIE,TY,NN,-26.3,151.0,25,1002,126,19,126,19,NaN,NaN,NaN,NaN,NaN,NaN,NaN,NaN,NaN,NaN,TD,NW,B,B,245,1008,1.00,NaN,25,NaN,
2017033012,13p.2017,DEBBIE,TY,NN,-27.7,153.4,35,996,123,24,123,24,NaN,NaN,NaN,NaN,NaN,NaN,NaN,NaN,NaN,NaN,EX,NW,B,B,245,1008,0.28,NaN,25,NaN,
2017040118,e3p.2017,9X-E3P,TS,NN,-12.1,186.2,15,1010,97,8,97,8,NaN,NaN,NaN,NaN,NaN,NaN,NaN,NaN,NaN,NaN,DB,NW,B,B,NaN,NaN,NaN,NaN,NaN,NaN,
2017040200,e3p.2017,9X-E3P,TS,NN,-12.1,186.9,15,1010,97,8,97,8,NaN,NaN,NaN,NaN,NaN,NaN,NaN,NaN,NaN,NaN,DB,NW,B,B,NaN,NaN,NaN,NaN,NaN,NaN,
2017040206,e3p.2017,9X-E3P,TS,NN,-12.3,187.8,15,1010,97,8,97,8,NaN,NaN,NaN,NaN,NaN,NaN,NaN,NaN,NaN,NaN,DB,NW,B,B,NaN,NaN,NaN,NaN,NaN,NaN,
2017040212,e3p.2017,9X-E3P,TS,NN,-12.8,188.6,15,1010,113,9,113,9,NaN,NaN,NaN,NaN,NaN,NaN,NaN,NaN,NaN,NaN,DB,NW,B,B,NaN,NaN,NaN,NaN,NaN,NaN,
2017040218,e3p.2017,9X-E3P,TS,NN,-13.4,189.4,20,1006,125,10,125,10,NaN,NaN,NaN,NaN,NaN,NaN,NaN,NaN,NaN,NaN,DB,NW,B,B,NaN,NaN,NaN,NaN,NaN,NaN,
2017040300,e3p.2017,9X-E3P,TS,NN,-13.9,190.0,25,1004,129,9,129,9,NaN,NaN,NaN,NaN,NaN,NaN,NaN,NaN,NaN,NaN,TD,NW,B,B,NaN,NaN,NaN,NaN,NaN,NaN,
2017040306,e3p.2017,9X-E3P,TS,NN,-14.4,190.4,25,1006,136,7,136,7,NaN,NaN,NaN,NaN,NaN,NaN,NaN,NaN,NaN,NaN,TD,NW,B,B,150,1008,NaN,S,NaN,NaN,
2017040312,e3p.2017,9X-E3P,TS,NN,-14.7,190.6,25,1005,144,5,144,5,NaN,NaN,NaN,NaN,NaN,NaN,NaN,NaN,NaN,NaN,TD,NW,B,B,150,1008,NaN,S,NaN,NaN,
2017040318,e3p.2017,9X-E3P,TS,NN,-15.6,190.6,25,1004,171,6,171,6,NaN,NaN,NaN,NaN,NaN,NaN,NaN,NaN,NaN,NaN,TD,NW,B,B,150,1008,NaN,NaN,NaN,NaN,
2017040400,e3p.2017,9X-E3P,TS,NN,-16.8,191.0,25,1004,199,9,170,11,NaN,NaN,NaN,NaN,NaN,NaN,NaN,NaN,NaN,NaN,TD,NW,B,B,150,1008,NaN,NaN,NaN,NaN,
2017040406,e3p.2017,9X-E3P,TS,NN,-17.8,190.6,25,1004,199,9,180,11,NaN,NaN,NaN,NaN,NaN,NaN,NaN,NaN,NaN,NaN,TD,NW,B,B,150,1004,NaN,NaN,NaN,NaN,
2017040412,e3p.2017,9X-E3P,TS,NN,-18.5,190.4,30,1000,199,9,199,9,NaN,NaN,NaN,NaN,NaN,NaN,NaN,NaN,NaN,NaN,TD,NW,B,B,160,1007,NaN,S,65,NaN,
2017040418,e3p.2017,9X-E3P,TS,NN,-19.0,190.2,35,996,198,6,198,6,NaN,NaN,NaN,NaN,NaN,NaN,NaN,NaN,NaN,NaN,TS,NW,B,B,150,1006,0.02,S,65,NaN,
2017040500,e3p.2017,9X-E3P,TS,NN,-19.5,189.9,35,996,205,6,205,6,NaN,NaN,NaN,NaN,NaN,NaN,NaN,NaN,NaN,NaN,TS,NW,B,B,150,1006,0.02,S,60,NaN,
2017040506,e3p.2017,9X-E3P,TS,NN,-19.9,189.5,35,996,216,6,216,6,NaN,NaN,NaN,NaN,NaN,NaN,NaN,NaN,NaN,NaN,TS,NW,B,B,150,1005,NaN,S,55,NaN,
2017040512,14p.2017,FOURTEEN,TS,NN,-20.0,189.4,35,998,223,3,223,3,95,,95,,,NaN,NaN,NaN,NaN,NaN,TS,WN,B,B,160,1007,NaN,M,45,BHD,
2017040518,14p.2017,FOURTEEN,TS,NN,-20.2,189.3,35,998,212,2,212,2,95,,95,,,NaN,NaN,NaN,NaN,NaN,TS,WN,B,B,150,1005,NaN,M,45,NaN,
2017040600,14p.2017,FOURTEEN,TS,NN,-20.4,189.5,35,1001,167,2,167,2,68,,95,40,,NaN,NaN,NaN,NaN,NaN,TS,WN,B,B,175,1007,NaN,M,40,CRM,
2017040606,14p.2017,FOURTEEN,TS,NN,-20.7,189.9,35,996,132,4,132,4,68,,95,40,,NaN,NaN,NaN,NaN,NaN,TS,WN,B,B,175,1007,NaN,M,40,NaN,
2017040612,14p.2017,FOURTEEN,TS,NN,-21.1,190.5,35,996,127,6,127,6,68,,95,40,,NaN,NaN,NaN,NaN,NaN,TS,WN,B,B,175,1007,NaN,M,40,RCB,
2017040618,14p.2017,FOURTEEN,TS,NN,-21.5,191.2,35,996,123,7,123,7,68,,95,40,,NaN,NaN,NaN,NaN,NaN,TS,NW,B,B,175,1007,NaN,NaN,40,NaN,
2017040700,14p.2017,FOURTEEN,TS,NN,-22.1,191.4,30,1000,140,7,140,7,NaN,NaN,NaN,NaN,NaN,NaN,NaN,NaN,NaN,NaN,TD,NW,B,B,175,1007,NaN,NaN,40,NaN,
2017040706,14p.2017,FOURTEEN,TS,NN,-21.9,190.9,30,1000,215,2,215,2,NaN,NaN,NaN,NaN,NaN,NaN,NaN,NaN,NaN,NaN,TD,NW,B,B,175,1007,NaN,NaN,40,NaN,
2017040712,14p.2017,FOURTEEN,TS,NN,-21.8,190.5,25,1004,290,4,290,4,NaN,NaN,NaN,NaN,NaN,NaN,NaN,NaN,NaN,NaN,TD,NW,B,B,175,1007,NaN,NaN,40,NaN,
2017040718,14p.2017,FOURTEEN,TS,NN,-21.9,190.5,25,1004,270,2,270,2,NaN,NaN,NaN,NaN,NaN,NaN,NaN,NaN,NaN,NaN,TD,NW,B,B,175,1007,NaN,NaN,40,NaN,
2017040800,14p.2017,FOURTEEN,TS,NN,-22.0,189.6,25,1004,257,4,257,4,NaN,NaN,NaN,NaN,NaN,NaN,NaN,NaN,NaN,NaN,TD,NW,B,B,175,1007,NaN,NaN,40,NaN,
2017040806,14p.2017,FOURTEEN,TS,NN,-21.9,189.0,25,1004,270,7,270,7,NaN,NaN,NaN,NaN,NaN,NaN,NaN,NaN,NaN,NaN,TD,NW,B,B,175,1007,NaN,NaN,40,NaN,
2017040812,14p.2017,FOURTEEN,TS,NN,-21.7,188.5,25,1004,286,5,286,5,NaN,NaN,NaN,NaN,NaN,NaN,NaN,NaN,NaN,NaN,TD,NW,B,B,175,1007,NaN,NaN,40,NaN,
2017040818,14p.2017,FOURTEEN,TS,NN,-21.7,188.0,25,1004,282,5,282,5,NaN,NaN,NaN,NaN,NaN,NaN,NaN,NaN,NaN,NaN,TD,NW,B,B,175,1007,NaN,NaN,40,NaN,
2017040900,14p.2017,FOURTEEN,TS,NN,-21.9,187.2,25,1004,261,6,261,6,NaN,NaN,NaN,NaN,NaN,NaN,NaN,NaN,NaN,NaN,TD,NW,B,B,175,1007,NaN,NaN,40,NaN,
2017040906,14p.2017,FOURTEEN,TS,NN,-22.4,186.6,25,1004,242,7,242,7,NaN,NaN,NaN,NaN,NaN,NaN,NaN,NaN,NaN,NaN,TD,NW,B,B,175,1007,NaN,NaN,40,NaN,
2017040912,14p.2017,FOURTEEN,TS,NN,-23.0,186.3,30,1000,217,7,217,7,NaN,NaN,NaN,NaN,NaN,NaN,NaN,NaN,NaN,NaN,SD,NW,B,B,175,1007,NaN,NaN,40,NaN,
2017040918,14p.2017,FOURTEEN,TS,NN,-23.8,186.5,30,1000,184,7,184,7,NaN,NaN,NaN,NaN,NaN,NaN,NaN,NaN,NaN,NaN,SD,NW,B,B,175,1007,NaN,NaN,40,NaN,
2017041000,14p.2017,FOURTEEN,TS,NN,-24.5,187.0,30,1000,157,8,157,8,NaN,NaN,NaN,NaN,NaN,NaN,NaN,NaN,NaN,NaN,SD,NW,B,B,175,1007,NaN,NaN,40,NaN,
2017041006,14p.2017,FOURTEEN,TS,NN,-24.8,187.8,30,1000,130,8,130,8,NaN,NaN,NaN,NaN,NaN,NaN,NaN,NaN,NaN,NaN,SD,NW,B,B,175,1007,NaN,NaN,40,NaN,
2017041012,14p.2017,FOURTEEN,TS,NN,-25.1,188.7,30,1000,111,8,111,8,NaN,NaN,NaN,NaN,NaN,NaN,NaN,NaN,NaN,NaN,SD,NW,B,B,175,1007,NaN,NaN,40,NaN,
2017041018,14p.2017,FOURTEEN,TS,NN,-25.5,189.8,30,1000,111,10,111,10,NaN,NaN,NaN,NaN,NaN,NaN,NaN,NaN,NaN,NaN,SD,NW,B,B,175,1007,NaN,NaN,40,NaN,
2017041100,14p.2017,FOURTEEN,TS,NN,-25.8,191.1,30,1000,108,11,108,11,NaN,NaN,NaN,NaN,NaN,NaN,NaN,NaN,NaN,NaN,SD,NW,B,B,175,1007,NaN,NaN,40,NaN,
2017041106,14p.2017,FOURTEEN,TS,NN,-25.9,191.6,35,996,104,8,104,8,NaN,NaN,NaN,NaN,NaN,NaN,NaN,NaN,NaN,NaN,SS,NW,B,B,175,1007,NaN,NaN,40,NaN,
2017041112,14p.2017,FOURTEEN,TS,NN,-26.1,191.9,35,996,113,4,113,4,NaN,NaN,NaN,NaN,NaN,NaN,NaN,NaN,NaN,NaN,SS,NW,B,B,175,1007,NaN,NaN,40,NaN,
2017041118,14p.2017,FOURTEEN,TS,NN,-25.8,192.0,40,993,74,2,74,2,160,,160,,,NaN,NaN,NaN,NaN,NaN,SS,NW,B,B,175,1007,NaN,NaN,40,NaN,
2017040418,e4s.2017,9X-E4S,STY,NN,-11.4,114.7,15,1010,258,12,272,12,NaN,NaN,NaN,NaN,NaN,NaN,NaN,NaN,NaN,NaN,DB,NW,B,B,NaN,NaN,NaN,NaN,NaN,NaN,
2017040500,e4s.2017,9X-E4S,STY,NN,-11.6,113.4,15,1010,258,12,272,12,NaN,NaN,NaN,NaN,NaN,NaN,NaN,NaN,NaN,NaN,DB,NW,B,B,NaN,NaN,NaN,NaN,NaN,NaN,
2017040506,e4s.2017,9X-E4S,STY,NN,-11.3,112.2,20,1007,221,7,272,12,NaN,NaN,NaN,NaN,NaN,NaN,NaN,NaN,NaN,NaN,DB,NW,B,B,NaN,NaN,NaN,NaN,NaN,NaN,
2017040512,e4s.2017,9X-E4S,STY,NN,-11.9,111.7,25,1004,221,7,260,8,NaN,NaN,NaN,NaN,NaN,NaN,NaN,NaN,NaN,NaN,TD,NW,B,B,135,1007,NaN,S,40,NaN,
2017040518,e4s.2017,9X-E4S,STY,NN,-12.3,111.3,25,1004,221,7,221,7,NaN,NaN,NaN,NaN,NaN,NaN,NaN,NaN,NaN,NaN,TD,NW,B,B,150,1007,NaN,S,40,NaN,
2017040600,e4s.2017,9X-E4S,STY,NN,-12.9,111.0,35,996,214,6,214,6,NaN,NaN,NaN,NaN,NaN,NaN,NaN,NaN,NaN,NaN,TS,NW,B,B,180,1007,NaN,S,40,NaN,
2017040606,15s.2017,ERNIE,STY,NN,-13.3,110.8,40,993,206,6,206,6,29,20,25,50,20,NaN,NaN,NaN,NaN,NaN,TS,WN,B,B,180,1007,NaN,S,40,RCB,
2017040612,15s.2017,ERNIE,STY,NN,-13.9,110.6,45,989,201,5,201,5,29,20,25,50,20,NaN,NaN,NaN,NaN,NaN,TS,WN,B,B,180,1007,NaN,S,40,NaN,
2017040618,15s.2017,ERNIE,STY,NN,-14.5,110.5,55,982,194,6,194,6,36,35,45,40,25,NaN,NaN,NaN,NaN,NaN,TS,WN,B,B,180,1007,NaN,M,35,CRM,
2017040700,15s.2017,ERNIE,STY,NN,-14.9,110.5,80,963,186,5,186,5,54,40,65,60,50,25,25,25,60,20,TY,WN,B,B,180,1007,NaN,D,10,NaN,
2017040706,15s.2017,ERNIE,STY,NN,-15.3,110.5,115,937,180,4,180,4,84,80,100,90,65,52,50,60,90,45,TY,WN,B,B,170,1007,NaN,D,10,RCB,
2017040712,15s.2017,ERNIE,STY,NN,-15.6,110.5,140,918,180,4,180,3,84,80,100,90,65,52,50,60,90,45,ST,WN,B,B,170,1007,NaN,D,10,NaN,
2017040718,15s.2017,ERNIE,STY,NN,-15.9,110.5,140,918,180,3,180,3,101,100,120,105,80,52,50,60,105,45,ST,WN,B,B,170,1007,NaN,D,7,MBK,
2017040800,15s.2017,ERNIE,STY,NN,-16.2,110.4,120,933,189,3,189,3,101,100,120,105,80,52,50,60,105,45,TY,WN,B,B,180,1008,NaN,D,10,NaN,
2017040806,15s.2017,ERNIE,STY,NN,-16.5,110.0,100,948,219,4,219,4,111,115,120,115,95,59,60,65,115,50,TY,WN,B,B,180,1008,NaN,D,15,BHD,
2017040812,15s.2017,ERNIE,STY,NN,-16.6,109.5,90,956,245,5,245,5,86,80,100,100,65,41,35,50,100,30,TY,WN,B,B,160,1008,NaN,D,20,NaN,
2017040818,15s.2017,ERNIE,STY,NN,-16.8,108.8,90,969,255,6,255,6,75,70,90,75,65,49,50,60,75,30,TY,WN,B,B,170,1008,NaN,D,20,CRM,
2017040900,15s.2017,ERNIE,STY,NN,-17.0,108.3,90,956,251,6,251,6,75,70,90,75,65,49,50,60,75,30,TY,WN,B,B,165,1009,NaN,D,10,NaN,
2017040906,15s.2017,ERNIE,STY,NN,-17.5,107.5,85,959,241,7,241,7,90,100,115,80,65,44,50,60,80,30,TY,WN,B,B,165,1009,NaN,D,15,BHD,
2017040912,15s.2017,ERNIE,STY,NN,-17.8,106.6,70,970,244,9,244,9,79,80,95,90,50,34,35,45,90,15,TY,WN,B,B,150,1008,NaN,D,20,NaN,
2017040918,15s.2017,ERNIE,STY,NN,-17.8,105.3,55,994,262,11,262,11,81,80,100,90,55,36,35,45,90,25,TS,WN,B,B,155,1009,NaN,D,30,MEK,
2017041000,15s.2017,ERNIE,STY,NN,-18.1,104.2,45,1001,263,12,263,12,79,70,100,90,55,NaN,NaN,NaN,NaN,NaN,TS,WN,B,B,155,1010,NaN,M,30,NaN,
2017041006,15s.2017,ERNIE,STY,NN,-18.7,102.8,40,993,249,13,249,13,59,60,65,60,50,NaN,NaN,NaN,NaN,NaN,TS,WN,B,B,155,1009,NaN,M,30,BHD,
2017041012,15s.2017,ERNIE,STY,NN,-18.8,101.9,35,996,252,11,252,11,59,60,65,60,50,NaN,NaN,NaN,NaN,NaN,TS,NW,B,B,140,1009,NaN,M,40,NaN,
2017041018,15s.2017,ERNIE,STY,NN,-19.2,101.0,30,1004,254,9,254,9,NaN,NaN,NaN,NaN,NaN,NaN,NaN,NaN,NaN,NaN,TD,NW,B,B,140,1009,NaN,S,40,NaN,
2017041100,15s.2017,ERNIE,STY,NN,-19.9,100.2,30,1000,236,10,236,10,NaN,NaN,NaN,NaN,NaN,NaN,NaN,NaN,NaN,NaN,TD,NW,B,B,140,1009,NaN,NaN,40,NaN,
2017041106,15s.2017,ERNIE,STY,NN,-20.8,99.4,30,1000,223,11,223,11,NaN,NaN,NaN,NaN,NaN,NaN,NaN,NaN,NaN,NaN,TD,NW,B,B,140,1009,NaN,NaN,40,NaN,
2017041112,15s.2017,ERNIE,STY,NN,-21.6,98.6,25,1004,221,11,221,11,NaN,NaN,NaN,NaN,NaN,NaN,NaN,NaN,NaN,NaN,TD,NW,B,B,140,1009,NaN,NaN,40,NaN,
2017041118,15s.2017,ERNIE,STY,NN,-21.7,98.2,20,1007,231,7,231,7,NaN,NaN,NaN,NaN,NaN,NaN,NaN,NaN,NaN,NaN,DB,NW,B,B,140,1009,NaN,NaN,40,NaN,
2017040600,e5p.2017,9X-E5P,TY,NN,-11.1,169.7,15,1010,145,4,145,4,NaN,NaN,NaN,NaN,NaN,NaN,NaN,NaN,NaN,NaN,DB,NW,B,B,NaN,NaN,NaN,NaN,NaN,NaN,
2017040606,e5p.2017,9X-E5P,TY,NN,-11.4,170.1,15,1010,145,4,145,4,NaN,NaN,NaN,NaN,NaN,NaN,NaN,NaN,NaN,NaN,DB,NW,B,B,NaN,NaN,NaN,NaN,NaN,NaN,
2017040612,e5p.2017,9X-E5P,TY,NN,-11.8,170.2,15,1010,145,4,145,4,NaN,NaN,NaN,NaN,NaN,NaN,NaN,NaN,NaN,NaN,DB,NW,B,B,NaN,NaN,NaN,NaN,NaN,NaN,
2017040618,e5p.2017,9X-E5P,TY,NN,-12.1,170.9,20,1007,217,9,132,5,NaN,NaN,NaN,NaN,NaN,NaN,NaN,NaN,NaN,NaN,DB,NW,B,B,NaN,NaN,NaN,NaN,NaN,NaN,
2017040700,e5p.2017,9X-E5P,TY,NN,-12.8,170.4,25,1004,217,9,169,5,NaN,NaN,NaN,NaN,NaN,NaN,NaN,NaN,NaN,NaN,TD,NW,B,B,140,1007,NaN,S,50,NaN,
2017040706,e5p.2017,9X-E5P,TY,NN,-13.5,169.8,25,1004,217,9,217,9,NaN,NaN,NaN,NaN,NaN,NaN,NaN,NaN,NaN,NaN,TD,NW,B,B,140,1007,NaN,S,50,NaN,
2017040712,e5p.2017,9X-E5P,TY,NN,-14.2,169.0,25,1002,224,10,224,10,NaN,NaN,NaN,NaN,NaN,NaN,NaN,NaN,NaN,NaN,TD,NW,B,B,140,1007,NaN,S,50,NaN,
2017040718,e5p.2017,9X-E5P,TY,NN,-14.8,168.4,30,1004,226,9,226,9,NaN,NaN,NaN,NaN,NaN,NaN,NaN,NaN,NaN,NaN,TD,NW,B,B,190,1008,0.03,S,50,NaN,
2017040800,16p.2017,COOK,TY,NN,-15.4,167.9,35,997,222,8,222,8,78,85,100,85,40,NaN,NaN,NaN,NaN,NaN,TS,WN,B,B,180,1004,0.09,M,40,MEK,
2017040806,16p.2017,COOK,TY,NN,-15.9,167.8,40,993,208,6,208,6,78,85,100,85,40,NaN,NaN,NaN,NaN,NaN,TS,WN,B,B,180,1006,0.17,M,40,NaN,
2017040812,16p.2017,COOK,TY,NN,-16.5,167.7,50,985,190,6,190,6,94,120,95,100,60,40,40,40,100,,TS,WN,B,B,190,1008,0.17,D,35,BHD,
2017040818,16p.2017,COOK,TY,NN,-17.1,167.7,55,988,185,6,185,6,100,130,100,110,60,40,40,40,110,,TS,WN,B,B,180,1006,0.01,M,35,NaN,
2017040900,16p.2017,COOK,TY,NN,-17.6,167.6,60,985,185,6,185,6,100,130,100,110,60,34,40,40,110,15,TS,WN,B,B,180,1007,NaN,M,30,CRM,
2017040906,16p.2017,COOK,TY,NN,-18.0,167.4,65,974,198,5,198,5,86,95,100,75,75,41,45,50,75,35,TY,WN,B,B,175,1007,NaN,D,25,NaN,
2017040912,16p.2017,COOK,TY,NN,-18.6,166.5,70,970,226,7,226,7,119,115,145,140,75,64,60,75,140,35,TY,WN,B,B,170,1007,NaN,D,20,BHD,
2017040918,16p.2017,COOK,TY,NN,-19.2,166.1,80,974,226,9,226,9,115,130,145,110,75,62,55,75,110,55,TY,WN,B,B,190,1007,NaN,D,17,NaN,
2017041000,16p.2017,COOK,TY,NN,-20.4,165.7,90,956,203,10,203,10,106,115,135,80,95,50,60,50,80,50,TY,WN,B,B,200,1005,0.07,D,15,MEK,
2017041006,16p.2017,COOK,TY,NN,-21.6,165.6,85,959,191,12,191,12,114,125,145,95,90,59,65,80,95,45,TY,WN,B,B,200,1005,0.49,D,15,NaN,
2017041012,16p.2017,COOK,TY,NN,-22.8,165.5,75,967,184,12,184,12,112,135,135,115,65,58,70,70,115,30,TY,WN,B,B,190,1005,NaN,D,20,BHD,
2017041018,16p.2017,COOK,TY,NN,-23.6,165.5,65,980,183,10,183,10,112,135,135,115,65,58,70,70,115,30,TY,WN,B,B,190,1005,NaN,D,20,NaN,
2017041100,16p.2017,COOK,TY,NN,-24.7,166.1,55,985,164,10,164,10,112,135,135,115,65,58,70,70,115,30,TS,WN,B,B,190,1005,NaN,M,20,RCB,
2017041106,16p.2017,COOK,TY,NN,-25.6,167.0,50,991,146,12,146,12,112,135,135,115,65,58,70,70,115,30,TS,WN,B,B,190,1008,NaN,M,20,NaN,
2017041112,16p.2017,COOK,TY,NN,-26.0,168.5,45,994,121,13,121,13,114,135,135,115,70,NaN,NaN,NaN,NaN,NaN,EX,WN,B,B,190,1009,NaN,M,30,CRM,
2017041118,16p.2017,COOK,TY,NN,-26.9,170.5,45,989,112,17,112,17,114,135,135,115,70,NaN,NaN,NaN,NaN,NaN,EX,NW,B,B,190,1009,NaN,NaN,30,NaN,
2017041200,16p.2017,COOK,TY,NN,-27.8,172.0,45,989,120,18,120,18,114,135,135,115,70,NaN,NaN,NaN,NaN,NaN,EX,NW,B,B,190,1009,NaN,NaN,30,NaN,
2017041206,16p.2017,COOK,TY,NN,-29.0,173.5,40,993,128,17,128,17,114,135,135,115,70,NaN,NaN,NaN,NaN,NaN,EX,NW,B,B,190,1009,NaN,NaN,30,NaN,
2017042506,e7p.2017,9X-E7P,TY,NN,-7.5,133.4,20,1007,256,4,256,4,NaN,NaN,NaN,NaN,NaN,NaN,NaN,NaN,NaN,NaN,DB,NW,B,B,NaN,NaN,NaN,NaN,NaN,NaN,
2017042512,e7p.2017,9X-E7P,TY,NN,-7.6,133.0,20,1003,256,4,256,4,NaN,NaN,NaN,NaN,NaN,NaN,NaN,NaN,NaN,NaN,DB,NW,B,B,150,1008,NaN,S,NaN,NaN,
2017042518,e7p.2017,9X-E7P,TY,NN,-7.7,132.6,25,1004,256,4,256,4,NaN,NaN,NaN,NaN,NaN,NaN,NaN,NaN,NaN,NaN,TD,NW,B,B,180,1008,NaN,S,50,NaN,
2017042600,e7p.2017,9X-E7P,TY,NN,-7.9,132.2,30,1004,249,4,249,4,NaN,NaN,NaN,NaN,NaN,NaN,NaN,NaN,NaN,NaN,TD,NW,B,B,180,1008,0.03,S,30,NaN,
2017042606,e7p.2017,9X-E7P,TY,NN,-7.6,132.2,20,1007,216,9,284,2,NaN,NaN,NaN,NaN,NaN,NaN,NaN,NaN,NaN,NaN,DB,NW,B,B,180,1008,0.11,NaN,30,NaN,
2017042612,e7p.2017,9X-E7P,TY,NN,-8.4,131.7,25,1004,216,9,225,4,NaN,NaN,NaN,NaN,NaN,NaN,NaN,NaN,NaN,NaN,TD,NW,B,B,180,1008,0.01,S,30,NaN,
2017042618,e7p.2017,9X-E7P,TY,NN,-9.1,131.1,30,1005,216,9,216,9,NaN,NaN,NaN,NaN,NaN,NaN,NaN,NaN,NaN,NaN,TD,NW,B,B,180,1009,NaN,S,30,NaN,
2017042700,17s.2017,FRANCES,TY,NN,-9.8,130.3,35,1005,225,10,225,10,52,45,65,60,40,NaN,NaN,NaN,NaN,NaN,TS,WN,B,B,180,1009,NaN,M,30,VDC,
2017042706,17s.2017,FRANCES,TY,NN,-10.3,129.3,40,1004,236,11,236,11,52,40,65,60,45,NaN,NaN,NaN,NaN,NaN,TS,WN,B,B,160,1010,NaN,M,30,NaN,
2017042712,17s.2017,FRANCES,TY,NN,-10.6,128.3,50,985,248,11,248,11,72,50,90,100,50,NaN,NaN,NaN,NaN,NaN,TS,WN,B,B,160,1008,NaN,M,30,MEK,
2017042718,17s.2017,FRANCES,TY,NN,-11.0,127.5,55,982,248,10,248,10,72,50,90,100,50,22,,20,100,,TS,WN,B,B,160,1008,NaN,M,20,NaN,
2017042800,17s.2017,FRANCES,TY,NN,-11.4,126.4,60,978,247,10,247,10,72,50,90,100,50,22,,20,100,,TS,WN,B,B,160,1008,NaN,M,20,VDC,
2017042806,17s.2017,FRANCES,TY,NN,-11.8,125.6,65,974,247,10,247,10,72,60,90,90,50,26,25,25,90,25,TY,WN,B,B,160,1010,NaN,M,15,NaN,
2017042812,17s.2017,FRANCES,TY,NN,-12.2,125.0,75,967,240,8,240,8,72,60,90,90,50,25,25,30,90,20,TY,WN,B,B,160,1011,NaN,D,10,NaN,
2017042818,17s.2017,FRANCES,TY,NN,-12.6,124.4,80,963,236,7,236,7,72,60,90,90,50,25,25,30,90,20,TY,WN,B,B,170,1010,NaN,D,10,NaN,
2017042900,17s.2017,FRANCES,TY,NN,-12.8,123.9,70,985,241,6,241,6,72,60,90,90,50,25,25,30,90,20,TY,WN,B,B,165,1011,NaN,D,10,CRM,
2017042906,17s.2017,FRANCES,TY,NN,-12.9,123.6,60,978,249,4,249,4,72,60,90,90,50,25,25,30,90,20,TS,WN,B,B,165,1011,NaN,D,10,NaN,
2017042912,17s.2017,FRANCES,TY,NN,-12.9,123.2,50,985,262,3,262,3,72,60,90,90,50,25,25,30,90,20,TS,WN,B,B,165,1011,NaN,M,10,RCB,
2017042918,17s.2017,FRANCES,TY,NN,-13.1,122.7,45,989,257,4,257,4,45,30,55,65,30,NaN,NaN,NaN,NaN,NaN,TS,WN,B,B,150,1011,NaN,M,35,NaN,
2017043000,17s.2017,FRANCES,TY,NN,-13.3,122.3,35,996,245,5,245,5,29,10,45,50,10,NaN,NaN,NaN,NaN,NaN,TS,WN,B,B,150,1012,NaN,M,35,CRM,
2017043006,17s.2017,FRANCES,TY,NN,-13.4,122.0,30,1000,246,4,246,4,NaN,NaN,NaN,NaN,NaN,NaN,NaN,NaN,NaN,NaN,TD,NW,B,B,150,1012,NaN,NaN,35,NaN,
2017043012,17s.2017,FRANCES,TY,NN,-13.6,121.8,25,1004,238,3,238,3,NaN,NaN,NaN,NaN,NaN,NaN,NaN,NaN,NaN,NaN,TD,NW,B,B,150,1012,NaN,NaN,35,NaN,
2017043018,17s.2017,FRANCES,TY,NN,-13.9,121.8,20,1007,201,3,201,3,NaN,NaN,NaN,NaN,NaN,NaN,NaN,NaN,NaN,NaN,DB,NW,B,B,150,1012,NaN,NaN,35,NaN,
2017050100,17s.2017,FRANCES,TY,NN,-14.0,121.6,25,1004,206,2,206,2,NaN,NaN,NaN,NaN,NaN,NaN,NaN,NaN,NaN,NaN,TD,NW,B,B,150,1012,NaN,NaN,35,NaN,
2017050106,17s.2017,FRANCES,TY,NN,-13.9,121.4,25,1004,270,2,270,2,NaN,NaN,NaN,NaN,NaN,NaN,NaN,NaN,NaN,NaN,TD,NW,B,B,150,1012,NaN,NaN,35,NaN,
2017050112,17s.2017,FRANCES,TY,NN,-13.6,120.9,25,1004,300,4,300,4,NaN,NaN,NaN,NaN,NaN,NaN,NaN,NaN,NaN,NaN,TD,NW,B,B,150,1012,NaN,NaN,35,NaN,
2017050118,17s.2017,FRANCES,TY,NN,-13.5,120.6,25,1006,297,4,297,4,NaN,NaN,NaN,NaN,NaN,NaN,NaN,NaN,NaN,NaN,TD,NW,B,B,NaN,NaN,NaN,NaN,35,NaN,
2017050200,17s.2017,FRANCES,TY,NN,-13.5,120.4,20,1007,282,2,282,2,NaN,NaN,NaN,NaN,NaN,NaN,NaN,NaN,NaN,NaN,DB,NW,B,B,NaN,NaN,NaN,NaN,30,NaN,
2017042906,e9p.2017,9X-E9P,TY,NN,-10.5,160.4,15,1008,108,8,108,8,NaN,NaN,NaN,NaN,NaN,NaN,NaN,NaN,NaN,NaN,DB,NW,B,B,NaN,NaN,NaN,NaN,NaN,NaN,
2017042912,e9p.2017,9X-E9P,TY,NN,-10.8,161.2,15,1010,108,8,108,8,NaN,NaN,NaN,NaN,NaN,NaN,NaN,NaN,NaN,NaN,DB,NW,B,B,NaN,NaN,NaN,NaN,NaN,NaN,
2017042918,e9p.2017,9X-E9P,TY,NN,-11.0,162.0,15,1010,108,8,108,8,NaN,NaN,NaN,NaN,NaN,NaN,NaN,NaN,NaN,NaN,DB,NW,B,B,NaN,NaN,0.18,NaN,NaN,NaN,
2017043000,e9p.2017,9X-E9P,TY,NN,-11.2,162.9,15,1010,103,9,103,9,NaN,NaN,NaN,NaN,NaN,NaN,NaN,NaN,NaN,NaN,DB,NW,B,B,NaN,NaN,NaN,NaN,NaN,NaN,
2017043006,e9p.2017,9X-E9P,TY,NN,-11.3,163.7,15,1010,100,8,100,8,NaN,NaN,NaN,NaN,NaN,NaN,NaN,NaN,NaN,NaN,DB,NW,B,B,NaN,NaN,NaN,NaN,NaN,NaN,
2017043012,e9p.2017,9X-E9P,TY,NN,-11.6,164.4,15,1010,105,8,105,8,NaN,NaN,NaN,NaN,NaN,NaN,NaN,NaN,NaN,NaN,DB,NW,B,B,NaN,NaN,NaN,NaN,NaN,NaN,
2017043018,e9p.2017,9X-E9P,TY,NN,-11.8,165.4,15,1010,107,9,107,9,NaN,NaN,NaN,NaN,NaN,NaN,NaN,NaN,NaN,NaN,DB,NW,B,B,NaN,NaN,NaN,NaN,NaN,NaN,
2017050100,e9p.2017,9X-E9P,TY,NN,-11.9,167.6,15,1010,95,16,95,16,NaN,NaN,NaN,NaN,NaN,NaN,NaN,NaN,NaN,NaN,DB,NW,B,B,NaN,NaN,NaN,NaN,NaN,NaN,
2017050106,e9p.2017,9X-E9P,TY,NN,-12.1,169.2,20,1004,95,19,95,19,NaN,NaN,NaN,NaN,NaN,NaN,NaN,NaN,NaN,NaN,DB,NW,B,B,150,1008,NaN,S,NaN,NaN,
2017050112,e9p.2017,9X-E9P,TY,NN,-12.6,169.6,25,1004,110,10,110,10,NaN,NaN,NaN,NaN,NaN,NaN,NaN,NaN,NaN,NaN,TD,NW,B,B,150,1008,NaN,NaN,30,NaN,
2017050118,e9p.2017,9X-E9P,TY,NN,-12.7,170.2,30,1000,122,6,122,6,NaN,NaN,NaN,NaN,NaN,NaN,NaN,NaN,NaN,NaN,TD,NW,B,B,180,1008,NaN,S,20,NaN,
2017050200,e9p.2017,9X-E9P,TY,NN,-12.8,170.7,30,1001,101,5,101,5,NaN,NaN,NaN,NaN,NaN,NaN,NaN,NaN,NaN,NaN,TD,NW,B,B,180,1006,NaN,S,20,NaN,
2017050206,e9p.2017,9X-E9P,TY,NN,-12.8,170.8,25,1004,128,2,100,3,NaN,NaN,NaN,NaN,NaN,NaN,NaN,NaN,NaN,NaN,TD,NW,B,B,190,1008,NaN,S,30,NaN,
2017050212,e9p.2017,9X-E9P,TY,NN,-13.1,170.9,30,1000,128,2,147,2,NaN,NaN,NaN,NaN,NaN,NaN,NaN,NaN,NaN,NaN,TD,NW,B,B,180,1007,NaN,S,30,NaN,
2017050218,18p.2017,DONNA,TY,NN,-13.1,171.2,35,996,128,2,128,2,24,25,20,40,10,NaN,NaN,NaN,NaN,NaN,TS,WN,B,B,200,1009,NaN,S,30,CRM,
2017050300,18p.2017,DONNA,TY,NN,-12.8,171.6,50,995,66,4,66,4,24,25,20,40,10,NaN,NaN,NaN,NaN,NaN,TS,WN,B,B,200,1009,NaN,M,25,NaN,
2017050306,18p.2017,DONNA,TY,NN,-12.6,171.3,55,982,11,3,11,3,68,70,80,70,50,28,25,35,70,20,TS,WN,B,B,225,1008,NaN,M,25,MEK,
2017050312,18p.2017,DONNA,TY,NN,-12.6,170.6,55,992,282,5,282,5,70,70,95,70,45,29,25,35,70,25,TS,WN,B,B,215,1007,NaN,M,20,NaN,
2017050318,18p.2017,DONNA,TY,NN,-12.7,169.5,60,978,267,9,267,9,70,70,95,70,45,29,25,35,70,25,TS,WN,B,B,185,1007,NaN,D,20,CRM,
2017050400,18p.2017,DONNA,TY,NN,-12.5,168.6,70,970,273,10,273,10,69,65,75,70,65,29,30,30,70,20,TY,WN,B,B,195,1008,NaN,D,15,NaN,
2017050406,18p.2017,DONNA,TY,NN,-12.5,168.1,80,963,278,7,278,7,69,65,75,70,65,29,30,30,70,20,TY,WN,B,B,195,1008,NaN,D,15,RCB,
2017050412,18p.2017,DONNA,TY,NN,-12.6,167.4,80,963,265,6,265,6,101,80,120,115,90,46,40,55,115,40,TY,WN,B,B,195,1008,NaN,D,15,NaN,
2017050418,18p.2017,DONNA,TY,NN,-12.8,166.9,85,968,256,6,256,6,101,80,120,115,90,46,40,55,115,40,TY,WN,B,B,205,1008,0.01,D,15,CRM,
2017050500,18p.2017,DONNA,TY,NN,-13.0,166.2,80,963,251,6,251,6,101,80,120,115,90,46,40,55,115,40,TY,WN,B,B,195,1009,NaN,D,15,CRM,
2017050506,18p.2017,DONNA,TY,NN,-13.3,165.7,80,963,247,6,247,6,101,80,120,115,90,46,40,55,115,40,TY,WN,B,B,195,1009,NaN,D,15,RCB,
2017050512,18p.2017,DONNA,TY,NN,-13.6,164.9,85,959,245,7,245,7,101,80,120,115,90,46,40,55,115,40,TY,WN,B,B,195,1009,NaN,NaN,15,RCB,
2017050518,18p.2017,DONNA,TY,NN,-13.3,164.5,90,956,270,6,270,6,119,140,120,115,100,60,70,60,115,50,TY,WN,B,B,195,1009,NaN,D,20,BCH,
2017050600,18p.2017,DONNA,TY,NN,-13.2,164.4,90,956,309,3,309,3,144,140,120,190,125,50,50,45,190,45,TY,WN,B,B,195,1009,NaN,D,20,BCH,
2017050606,18p.2017,DONNA,TY,NN,-13.2,164.3,80,963,297,1,297,1,144,140,120,190,125,50,50,45,190,45,TY,WN,B,B,190,1006,NaN,D,20,SJB,
2017050612,18p.2017,DONNA,TY,NN,-13.4,164.1,85,959,236,2,236,2,158,160,175,165,130,75,70,80,165,70,TY,WN,B,B,220,1007,NaN,D,15,SJB,
2017050618,18p.2017,DONNA,TY,NN,-13.3,164.0,90,964,251,2,251,2,154,160,165,165,125,61,55,60,165,65,TY,WN,B,B,220,1007,NaN,D,15,BRS,
2017050700,18p.2017,DONNA,TY,NN,-13.9,164.2,90,956,169,3,169,3,150,160,155,160,125,62,60,60,160,65,TY,WN,B,B,220,1008,NaN,D,15,BRS,
2017050706,18p.2017,DONNA,TY,NN,-14.6,164.6,90,956,156,7,156,7,150,160,155,160,125,62,60,60,160,65,TY,WN,B,B,215,1008,NaN,D,12,SJB,
2017050712,18p.2017,DONNA,TY,NN,-15.5,164.8,100,948,160,9,160,9,155,130,190,170,130,65,65,65,170,65,TY,WN,B,B,210,1008,NaN,D,15,SJB,
2017050718,18p.2017,DONNA,TY,NN,-16.4,164.7,115,944,177,9,177,9,156,145,180,160,140,72,70,70,160,75,TY,WN,B,B,210,1006,NaN,D,17,BRS,
2017050800,18p.2017,DONNA,TY,NN,-16.9,164.7,125,929,184,7,184,7,148,140,180,160,110,59,50,70,160,55,TY,WN,B,B,210,1008,NaN,D,20,BRS,
2017050806,18p.2017,DONNA,TY,NN,-17.5,165.1,120,933,161,6,161,6,148,140,180,160,110,49,55,45,160,40,TY,WN,B,B,210,1008,NaN,D,15,SJB,
2017050812,18p.2017,DONNA,TY,NN,-18.0,165.5,110,941,145,7,145,7,148,140,180,160,110,49,55,45,160,40,TY,WN,B,B,210,1008,NaN,D,15,SJB,
2017050818,18p.2017,DONNA,TY,NN,-18.6,165.9,100,948,145,7,145,7,140,130,175,150,105,91,100,115,150,65,TY,WN,B,B,210,1009,NaN,D,15,RCB,
2017050900,18p.2017,DONNA,TY,NN,-19.4,166.4,90,956,149,8,149,8,140,130,175,150,105,78,90,95,150,55,TY,WN,B,B,210,1009,NaN,D,15,RCB,
2017050906,18p.2017,DONNA,TY,NN,-20.3,167.2,80,963,144,10,144,10,140,130,175,150,105,78,90,95,150,55,TY,WN,B,B,185,1010,0.08,D,15,CRM,
2017050912,18p.2017,DONNA,TY,NN,-20.5,166.5,70,970,175,6,175,6,140,130,175,150,105,78,90,95,150,55,TY,WN,B,B,175,1010,0.01,D,25,NaN,
2017050918,18p.2017,DONNA,TY,NN,-20.7,167.3,55,982,167,2,167,2,132,130,160,135,105,78,90,95,135,55,TS,WN,B,B,160,1010,0.07,D,25,RCB,
2017051000,18p.2017,DONNA,TY,NN,-21.6,167.9,40,1001,130,9,130,9,118,110,145,120,95,NaN,NaN,NaN,NaN,NaN,TS,WN,B,B,155,1011,0.06,S,30,NaN,
2017051006,18p.2017,DONNA,TY,NN,-22.9,168.0,35,1000,164,11,164,11,118,110,145,120,95,NaN,NaN,NaN,NaN,NaN,TS,WN,B,B,155,1010,NaN,S,40,CRM,
2017051012,18p.2017,DONNA,TY,NN,-24.1,168.0,35,996,178,13,178,13,NaN,NaN,NaN,NaN,NaN,NaN,NaN,NaN,NaN,NaN,TS,NW,B,B,155,1010,NaN,NaN,40,NaN,
2017051018,18p.2017,DONNA,TY,NN,-25.8,167.5,30,1000,189,15,189,15,NaN,NaN,NaN,NaN,NaN,NaN,NaN,NaN,NaN,NaN,TD,NW,B,B,160,1010,NaN,NaN,40,NaN,
2017051100,18p.2017,DONNA,TY,NN,-28.3,165.7,35,996,206,24,206,23,118,110,145,120,95,NaN,NaN,NaN,NaN,NaN,TS,NW,B,B,160,1010,NaN,NaN,40,NaN,
2017050706,f1p.2017,9X-F1P,TY,NN,-17.5,183.8,20,1007,70,9,70,9,NaN,NaN,NaN,NaN,NaN,NaN,NaN,NaN,NaN,NaN,DB,NW,B,B,NaN,NaN,NaN,NaN,NaN,NaN,
2017050712,f1p.2017,9X-F1P,TY,NN,-17.3,184.8,25,1004,70,9,70,9,NaN,NaN,NaN,NaN,NaN,NaN,NaN,NaN,NaN,NaN,TD,NW,B,B,NaN,NaN,NaN,NaN,NaN,NaN,
2017050718,f1p.2017,9X-F1P,TY,NN,-16.9,185.5,30,1000,70,9,70,9,NaN,NaN,NaN,NaN,NaN,NaN,NaN,NaN,NaN,NaN,TD,NW,B,B,NaN,NaN,NaN,NaN,NaN,NaN,
2017050800,f1p.2017,9X-F1P,TY,NN,-16.4,186.4,35,996,60,9,60,9,NaN,NaN,NaN,NaN,NaN,NaN,NaN,NaN,NaN,NaN,TS,NW,B,B,125,1011,NaN,S,30,NaN,
2017050806,f1p.2017,9X-F1P,TY,NN,-16.1,187.4,40,993,66,10,66,10,68,,90,45,,NaN,NaN,NaN,NaN,NaN,TS,NW,B,B,135,1010,NaN,S,45,NaN,
2017050812,f1p.2017,9X-F1P,TY,NN,-15.9,187.6,40,993,67,6,67,6,55,45,80,55,40,NaN,NaN,NaN,NaN,NaN,TS,NW,B,B,155,1010,NaN,S,45,NaN,
2017050818,f1p.2017,9X-F1P,TY,NN,-15.8,187.6,40,993,33,2,33,2,56,40,80,65,40,NaN,NaN,NaN,NaN,NaN,TS,NW,B,B,155,1010,NaN,S,45,NaN,
2017050900,19p.2017,ELLA,TY,NN,-15.2,187.2,45,989,331,4,331,4,45,30,85,35,30,NaN,NaN,NaN,NaN,NaN,TS,WN,B,B,155,1010,NaN,S,35,RCB,
2017050906,19p.2017,ELLA,TY,NN,-15.0,187.0,45,989,324,5,324,5,76,55,130,80,40,NaN,NaN,NaN,NaN,NaN,TS,WN,B,B,125,1010,NaN,S,35,NaN,
2017050912,19p.2017,ELLA,TY,NN,-14.9,186.8,45,988,308,2,308,2,32,30,35,35,30,NaN,NaN,NaN,NaN,NaN,TS,WN,B,B,135,1010,NaN,M,35,CRM,
2017050918,19p.2017,ELLA,TY,NN,-14.9,185.9,45,988,275,5,275,5,32,30,35,35,30,NaN,NaN,NaN,NaN,NaN,TS,WN,B,B,135,1010,NaN,M,35,NaN,
2017051000,19p.2017,ELLA,TY,NN,-14.8,185.0,50,985,273,9,273,9,56,50,80,55,40,NaN,NaN,NaN,NaN,NaN,TS,WN,B,B,120,1010,NaN,M,35,BCH,
2017051006,19p.2017,ELLA,TY,NN,-14.6,184.5,50,985,282,7,282,7,56,50,80,55,40,NaN,NaN,NaN,NaN,NaN,TS,WN,B,B,120,1011,NaN,M,35,NaN,
2017051012,19p.2017,ELLA,TY,NN,-14.3,184.1,50,985,300,5,300,5,60,75,80,55,30,12,10,15,55,,TS,WN,B,B,115,1011,NaN,M,35,CRM,
2017051018,19p.2017,ELLA,TY,NN,-14.3,183.7,55,982,291,4,291,4,60,75,80,55,30,12,10,15,55,,TS,WN,B,B,130,1011,NaN,M,15,NaN,
2017051100,19p.2017,ELLA,TY,NN,-14.2,183.3,55,982,277,4,277,4,61,75,80,55,35,12,10,15,55,,TS,WN,B,B,135,1011,NaN,M,15,BRS,
2017051106,19p.2017,ELLA,TY,NN,-14.1,182.9,60,978,284,4,284,4,61,75,80,55,35,15,15,15,55,15,TS,WN,B,B,135,1010,NaN,D,15,NaN,
2017051112,19p.2017,ELLA,TY,NN,-14.1,182.5,65,974,277,4,277,4,55,65,65,45,45,20,20,20,45,20,TY,WN,B,B,135,1010,NaN,D,15,SJB,
2017051118,19p.2017,ELLA,TY,NN,-14.0,182.2,65,974,278,3,278,3,56,65,70,50,40,20,20,20,50,20,TY,WN,B,B,135,1011,NaN,D,15,NaN,
2017051200,19p.2017,ELLA,TY,NN,-13.8,182.0,70,970,302,3,302,3,60,65,70,60,45,21,25,25,60,15,TY,WN,B,B,135,1011,NaN,D,10,BRS,
2017051206,19p.2017,ELLA,TY,NN,-13.6,181.8,70,970,316,3,316,3,60,65,70,60,45,22,25,25,60,20,TY,WN,B,B,135,1011,NaN,D,10,NaN,
2017051212,19p.2017,ELLA,TY,NN,-13.5,181.5,70,970,302,3,302,3,41,60,45,35,25,20,20,20,35,20,TY,WN,B,B,130,1010,NaN,D,10,SJB,
2017051218,19p.2017,ELLA,TY,NN,-13.6,181.4,65,974,270,2,270,2,41,60,45,35,25,20,20,20,35,20,TY,WN,B,B,125,1010,NaN,D,10,NaN,
2017051300,19p.2017,ELLA,TY,NN,-13.6,181.2,60,978,251,2,251,2,41,60,45,35,25,20,20,20,35,20,TS,WN,B,B,125,1010,NaN,D,10,RCB,
2017051306,19p.2017,ELLA,TY,NN,-13.5,180.9,55,982,282,2,282,2,52,70,60,50,30,16,20,20,50,10,TS,WN,B,B,115,1009,NaN,M,10,NaN,
2017051312,19p.2017,ELLA,TY,NN,-13.4,180.5,50,985,286,4,286,4,52,70,60,50,30,16,20,20,50,10,TS,WN,B,B,150,1011,NaN,M,20,CRM,
2017051318,19p.2017,ELLA,TY,NN,-13.1,180.2,45,989,300,4,300,4,52,70,60,50,30,NaN,NaN,NaN,NaN,NaN,TS,WN,B,B,150,1011,NaN,M,20,NaN,
2017051400,19p.2017,ELLA,TY,NN,-12.9,179.0,40,993,289,8,289,8,38,45,35,40,30,NaN,NaN,NaN,NaN,NaN,TS,WN,B,B,150,1011,NaN,M,20,RCB,
2017051406,19p.2017,ELLA,TY,NN,-12.5,177.6,30,1000,283,13,283,13,NaN,NaN,NaN,NaN,NaN,NaN,NaN,NaN,NaN,NaN,TD,WN,B,B,100,1009,NaN,M,20,NaN,
2017051412,19p.2017,ELLA,TY,NN,-12.1,176.3,25,1004,287,14,287,14,NaN,NaN,NaN,NaN,NaN,NaN,NaN,NaN,NaN,NaN,TD,WN,B,B,90,1009,NaN,NaN,60,CRM,
2017051418,19p.2017,ELLA,TY,NN,-12.1,175.4,20,1007,281,11,281,11,NaN,NaN,NaN,NaN,NaN,NaN,NaN,NaN,NaN,NaN,DB,NW,B,B,90,1009,NaN,NaN,60,NaN,
2017051500,19p.2017,ELLA,TY,NN,-12.4,174.1,20,1007,262,11,262,11,NaN,NaN,NaN,NaN,NaN,NaN,NaN,NaN,NaN,NaN,DB,NW,B,B,90,1009,NaN,NaN,60,NaN,
2017051506,19p.2017,ELLA,TY,NN,-12.9,172.7,20,1007,253,14,253,14,NaN,NaN,NaN,NaN,NaN,NaN,NaN,NaN,NaN,NaN,DB,NW,B,B,90,1009,NaN,NaN,60,NaN,
2017051512,19p.2017,ELLA,TY,NN,-13.0,171.6,20,1007,256,13,256,13,NaN,NaN,NaN,NaN,NaN,NaN,NaN,NaN,NaN,NaN,DB,NW,B,B,90,1009,NaN,NaN,40,NaN,
2017051518,19p.2017,ELLA,TY,NN,-13.1,170.8,25,1004,267,9,264,9,NaN,NaN,NaN,NaN,NaN,NaN,NaN,NaN,NaN,NaN,TD,NW,B,B,90,1009,NaN,NaN,60,NaN,
