dtg,stmid,sname,tcvmax,tctype,rlat,rlon,vmax,pmin,dir,spd,trkdir,trkspd,r34m,r34ne,r34se,r34sw,r34nw,r50m,r50ne,r50se,r50sw,r50nw,tccode,wncode,dirtype,posttype,roci,poci,alf,depth,rmax,tdo,
1948011106,01w.1948,KAREN,STY,NN,7.0,146.8,35,NaN,348,7,348,7,NaN,NaN,NaN,NaN,NaN,NaN,NaN,NaN,NaN,NaN,TS,NW,B,B,NaN,NaN,NaN,NaN,NaN,NaN,
1948011112,01w.1948,KAREN,STY,NN,7.6,146.7,35,NaN,348,7,348,7,NaN,NaN,NaN,NaN,NaN,NaN,NaN,NaN,NaN,NaN,TS,NW,B,B,NaN,NaN,NaN,NaN,NaN,NaN,
1948011118,01w.1948,KAREN,STY,NN,8.4,146.5,35,NaN,348,7,348,7,NaN,NaN,NaN,NaN,NaN,NaN,NaN,NaN,NaN,NaN,TS,NW,B,B,NaN,NaN,NaN,NaN,NaN,NaN,
1948011200,01w.1948,KAREN,STY,NN,9.2,146.1,50,NaN,340,9,340,9,NaN,NaN,NaN,NaN,NaN,NaN,NaN,NaN,NaN,NaN,TS,NW,B,B,NaN,NaN,NaN,NaN,NaN,NaN,
1948011206,01w.1948,KAREN,STY,NN,10.0,145.0,55,NaN,317,11,317,11,NaN,NaN,NaN,NaN,NaN,NaN,NaN,NaN,NaN,NaN,TS,NW,B,B,NaN,NaN,NaN,NaN,NaN,NaN,
1948011212,01w.1948,KAREN,STY,NN,10.4,144.0,55,NaN,300,12,300,12,NaN,NaN,NaN,NaN,NaN,NaN,NaN,NaN,NaN,NaN,TS,NW,B,B,NaN,NaN,NaN,NaN,NaN,NaN,
1948011218,01w.1948,KAREN,STY,NN,10.5,142.9,60,NaN,284,11,284,11,NaN,NaN,NaN,NaN,NaN,NaN,NaN,NaN,NaN,NaN,TS,NW,B,B,NaN,NaN,NaN,NaN,NaN,NaN,
1948011300,01w.1948,KAREN,STY,NN,10.5,142.0,65,NaN,273,10,273,10,NaN,NaN,NaN,NaN,NaN,NaN,NaN,NaN,NaN,NaN,TY,NW,B,B,NaN,NaN,NaN,NaN,NaN,NaN,
1948011306,01w.1948,KAREN,STY,NN,10.6,140.8,70,NaN,273,10,273,10,NaN,NaN,NaN,NaN,NaN,NaN,NaN,NaN,NaN,NaN,TY,NW,B,B,NaN,NaN,NaN,NaN,NaN,NaN,
1948011312,01w.1948,KAREN,STY,NN,10.3,139.8,70,NaN,265,11,265,11,NaN,NaN,NaN,NaN,NaN,NaN,NaN,NaN,NaN,NaN,TY,NW,B,B,NaN,NaN,NaN,NaN,NaN,NaN,
1948011318,01w.1948,KAREN,STY,NN,10.0,138.9,70,NaN,252,10,252,10,NaN,NaN,NaN,NaN,NaN,NaN,NaN,NaN,NaN,NaN,TY,NW,B,B,NaN,NaN,NaN,NaN,NaN,NaN,
1948011400,01w.1948,KAREN,STY,NN,9.7,138.2,75,NaN,249,8,249,8,NaN,NaN,NaN,NaN,NaN,NaN,NaN,NaN,NaN,NaN,TY,NW,B,B,NaN,NaN,0.01,NaN,NaN,NaN,
1948011406,01w.1948,KAREN,STY,NN,9.9,137.2,75,NaN,267,8,267,8,NaN,NaN,NaN,NaN,NaN,NaN,NaN,NaN,NaN,NaN,TY,NW,B,B,NaN,NaN,NaN,NaN,NaN,NaN,
1948011412,01w.1948,KAREN,STY,NN,10.3,136.7,80,NaN,292,8,292,8,NaN,NaN,NaN,NaN,NaN,NaN,NaN,NaN,NaN,NaN,TY,NW,B,B,NaN,NaN,NaN,NaN,NaN,NaN,
1948011418,01w.1948,KAREN,STY,NN,10.6,136.2,80,NaN,305,6,305,6,NaN,NaN,NaN,NaN,NaN,NaN,NaN,NaN,NaN,NaN,TY,NW,B,B,NaN,NaN,NaN,NaN,NaN,NaN,
1948011500,01w.1948,KAREN,STY,NN,10.9,135.6,80,NaN,299,6,299,6,NaN,NaN,NaN,NaN,NaN,NaN,NaN,NaN,NaN,NaN,TY,NW,B,B,NaN,NaN,NaN,NaN,NaN,NaN,
1948011506,01w.1948,KAREN,STY,NN,11.3,135.0,80,NaN,301,7,301,7,NaN,NaN,NaN,NaN,NaN,NaN,NaN,NaN,NaN,NaN,TY,NW,B,B,NaN,NaN,NaN,NaN,NaN,NaN,
1948011512,01w.1948,KAREN,STY,NN,11.6,134.6,95,NaN,306,6,306,6,NaN,NaN,NaN,NaN,NaN,NaN,NaN,NaN,NaN,NaN,TY,NW,B,B,NaN,NaN,NaN,NaN,NaN,NaN,
1948011518,01w.1948,KAREN,STY,NN,11.9,134.2,110,NaN,307,5,307,5,NaN,NaN,NaN,NaN,NaN,NaN,NaN,NaN,NaN,NaN,TY,NW,B,B,NaN,NaN,NaN,NaN,NaN,NaN,
1948011600,01w.1948,KAREN,STY,NN,12.3,134.0,130,NaN,320,5,320,5,NaN,NaN,NaN,NaN,NaN,NaN,NaN,NaN,NaN,NaN,STY,NW,B,B,NaN,NaN,NaN,NaN,NaN,NaN,
1948011606,01w.1948,KAREN,STY,NN,12.8,134.1,130,NaN,354,5,354,5,NaN,NaN,NaN,NaN,NaN,NaN,NaN,NaN,NaN,NaN,STY,NW,B,B,NaN,NaN,NaN,NaN,NaN,NaN,
1948011612,01w.1948,KAREN,STY,NN,13.2,134.4,130,NaN,23,5,23,5,NaN,NaN,NaN,NaN,NaN,NaN,NaN,NaN,NaN,NaN,STY,NW,B,B,NaN,NaN,NaN,NaN,NaN,NaN,
1948011618,01w.1948,KAREN,STY,NN,13.8,135.0,120,NaN,41,7,41,7,NaN,NaN,NaN,NaN,NaN,NaN,NaN,NaN,NaN,NaN,TY,NW,B,B,NaN,NaN,NaN,NaN,NaN,NaN,
1948011700,01w.1948,KAREN,STY,NN,14.3,135.8,100,NaN,51,9,51,9,NaN,NaN,NaN,NaN,NaN,NaN,NaN,NaN,NaN,NaN,TY,NW,B,B,NaN,NaN,NaN,NaN,NaN,NaN,
1948011706,01w.1948,KAREN,STY,NN,14.8,136.6,75,NaN,57,9,57,9,NaN,NaN,NaN,NaN,NaN,NaN,NaN,NaN,NaN,NaN,TY,NW,B,B,NaN,NaN,NaN,NaN,NaN,NaN,
1948011712,01w.1948,KAREN,STY,NN,15.3,137.4,75,NaN,57,9,57,9,NaN,NaN,NaN,NaN,NaN,NaN,NaN,NaN,NaN,NaN,TY,NW,B,B,NaN,NaN,NaN,NaN,NaN,NaN,
1948011718,01w.1948,KAREN,STY,NN,15.6,138.2,75,NaN,63,9,63,9,NaN,NaN,NaN,NaN,NaN,NaN,NaN,NaN,NaN,NaN,TY,NW,B,B,NaN,NaN,NaN,NaN,NaN,NaN,
1948011800,01w.1948,KAREN,STY,NN,16.1,139.2,65,NaN,65,10,65,10,NaN,NaN,NaN,NaN,NaN,NaN,NaN,NaN,NaN,NaN,TY,NW,B,B,NaN,NaN,NaN,NaN,NaN,NaN,
1948011806,01w.1948,KAREN,STY,NN,16.9,141.1,65,NaN,65,15,65,15,NaN,NaN,NaN,NaN,NaN,NaN,NaN,NaN,NaN,NaN,TY,NW,B,B,NaN,NaN,NaN,NaN,NaN,NaN,
1948011812,01w.1948,KAREN,STY,NN,17.7,142.9,60,NaN,66,19,66,19,NaN,NaN,NaN,NaN,NaN,NaN,NaN,NaN,NaN,NaN,TS,NW,B,B,NaN,NaN,NaN,NaN,NaN,NaN,
1948011818,01w.1948,KAREN,STY,NN,18.7,144.8,55,NaN,63,20,63,20,NaN,NaN,NaN,NaN,NaN,NaN,NaN,NaN,NaN,NaN,TS,NW,B,B,NaN,NaN,NaN,NaN,NaN,NaN,
1948011900,01w.1948,KAREN,STY,NN,19.5,146.5,45,NaN,62,19,62,19,NaN,NaN,NaN,NaN,NaN,NaN,NaN,NaN,NaN,NaN,TS,NW,B,B,NaN,NaN,NaN,NaN,NaN,NaN,
1948011906,01w.1948,KAREN,STY,NN,19.6,148.0,40,NaN,73,16,73,16,NaN,NaN,NaN,NaN,NaN,NaN,NaN,NaN,NaN,NaN,TS,NW,B,B,NaN,NaN,NaN,NaN,NaN,NaN,
1948011912,01w.1948,KAREN,STY,NN,19.8,149.5,35,NaN,84,14,84,14,NaN,NaN,NaN,NaN,NaN,NaN,NaN,NaN,NaN,NaN,TS,NW,B,B,NaN,NaN,NaN,NaN,NaN,NaN,
1948011918,01w.1948,KAREN,STY,NN,20.0,151.5,30,NaN,83,17,83,17,NaN,NaN,NaN,NaN,NaN,NaN,NaN,NaN,NaN,NaN,TD,NW,B,B,NaN,NaN,NaN,NaN,NaN,NaN,
1948051612,02w.1948,LANA,TY,NN,10.0,138.0,35,NaN,46,11,46,11,NaN,NaN,NaN,NaN,NaN,NaN,NaN,NaN,NaN,NaN,TS,NW,B,B,NaN,NaN,NaN,NaN,NaN,NaN,
1948051618,02w.1948,LANA,TY,NN,10.7,138.8,55,NaN,46,11,46,11,NaN,NaN,NaN,NaN,NaN,NaN,NaN,NaN,NaN,NaN,TS,NW,B,B,NaN,NaN,NaN,NaN,NaN,NaN,
1948051700,02w.1948,LANA,TY,NN,11.5,139.6,70,NaN,46,11,46,11,NaN,NaN,NaN,NaN,NaN,NaN,NaN,NaN,NaN,NaN,TY,NW,B,B,NaN,NaN,NaN,NaN,NaN,NaN,
1948051706,02w.1948,LANA,TY,NN,12.1,140.2,80,NaN,44,10,44,10,NaN,NaN,NaN,NaN,NaN,NaN,NaN,NaN,NaN,NaN,TY,NW,B,B,NaN,NaN,NaN,NaN,NaN,NaN,
1948051712,02w.1948,LANA,TY,NN,12.7,140.6,80,NaN,39,8,39,8,NaN,NaN,NaN,NaN,NaN,NaN,NaN,NaN,NaN,NaN,TY,NW,B,B,NaN,NaN,NaN,NaN,NaN,NaN,
1948051718,02w.1948,LANA,TY,NN,13.3,141.0,80,NaN,33,7,33,7,NaN,NaN,NaN,NaN,NaN,NaN,NaN,NaN,NaN,NaN,TY,NW,B,B,NaN,NaN,NaN,NaN,NaN,NaN,
1948051800,02w.1948,LANA,TY,NN,14.2,141.4,75,NaN,27,8,27,8,NaN,NaN,NaN,NaN,NaN,NaN,NaN,NaN,NaN,NaN,TY,NW,B,B,NaN,NaN,NaN,NaN,NaN,NaN,
1948051806,02w.1948,LANA,TY,NN,15.2,141.9,65,NaN,25,10,25,10,NaN,NaN,NaN,NaN,NaN,NaN,NaN,NaN,NaN,NaN,TY,NW,B,B,NaN,NaN,NaN,NaN,NaN,NaN,
1948051812,02w.1948,LANA,TY,NN,16.4,142.1,65,NaN,17,12,17,12,NaN,NaN,NaN,NaN,NaN,NaN,NaN,NaN,NaN,NaN,TY,NW,B,B,NaN,NaN,NaN,NaN,NaN,NaN,
1948051818,02w.1948,LANA,TY,NN,18.0,142.3,65,NaN,8,14,8,14,NaN,NaN,NaN,NaN,NaN,NaN,NaN,NaN,NaN,NaN,TY,NW,B,B,NaN,NaN,NaN,NaN,NaN,NaN,
1948051900,02w.1948,LANA,TY,NN,19.3,142.7,70,NaN,11,15,11,15,NaN,NaN,NaN,NaN,NaN,NaN,NaN,NaN,NaN,NaN,TY,NW,B,B,NaN,NaN,NaN,NaN,NaN,NaN,
1948051906,02w.1948,LANA,TY,NN,20.5,142.8,70,NaN,11,13,11,13,NaN,NaN,NaN,NaN,NaN,NaN,NaN,NaN,NaN,NaN,TY,NW,B,B,NaN,NaN,NaN,NaN,NaN,NaN,
1948051912,02w.1948,LANA,TY,NN,21.7,142.9,75,NaN,4,12,4,12,NaN,NaN,NaN,NaN,NaN,NaN,NaN,NaN,NaN,NaN,TY,NW,B,B,NaN,NaN,NaN,NaN,NaN,NaN,
1948051918,02w.1948,LANA,TY,NN,22.6,143.1,70,NaN,8,11,8,11,NaN,NaN,NaN,NaN,NaN,NaN,NaN,NaN,NaN,NaN,TY,NW,B,B,NaN,NaN,NaN,NaN,NaN,NaN,
1948052000,02w.1948,LANA,TY,NN,23.6,143.4,70,NaN,14,10,14,10,NaN,NaN,NaN,NaN,NaN,NaN,NaN,NaN,NaN,NaN,TY,NW,B,B,NaN,NaN,NaN,NaN,NaN,NaN,
1948052006,02w.1948,LANA,TY,NN,24.8,144.2,60,NaN,25,12,25,12,NaN,NaN,NaN,NaN,NaN,NaN,NaN,NaN,NaN,NaN,TS,NW,B,B,NaN,NaN,NaN,NaN,NaN,NaN,
1948052012,02w.1948,LANA,TY,NN,26.0,145.3,55,NaN,36,15,36,15,NaN,NaN,NaN,NaN,NaN,NaN,NaN,NaN,NaN,NaN,TS,NW,B,B,NaN,NaN,NaN,NaN,NaN,NaN,
1948052018,02w.1948,LANA,TY,NN,27.1,146.1,50,NaN,37,14,37,14,NaN,NaN,NaN,NaN,NaN,NaN,NaN,NaN,NaN,NaN,TS,NW,B,B,NaN,NaN,NaN,NaN,NaN,NaN,
1948052900,03w.1948,MABEL,TY,NN,11.9,129.8,50,NaN,354,10,354,10,NaN,NaN,NaN,NaN,NaN,NaN,NaN,NaN,NaN,NaN,TS,NW,B,B,NaN,NaN,NaN,NaN,NaN,NaN,
1948052906,03w.1948,MABEL,TY,NN,12.8,129.7,65,NaN,354,10,354,10,NaN,NaN,NaN,NaN,NaN,NaN,NaN,NaN,NaN,NaN,TY,NW,B,B,NaN,NaN,NaN,NaN,NaN,NaN,
1948052912,03w.1948,MABEL,TY,NN,13.8,129.6,65,NaN,354,10,354,10,NaN,NaN,NaN,NaN,NaN,NaN,NaN,NaN,NaN,NaN,TY,NW,B,B,NaN,NaN,NaN,NaN,NaN,NaN,
1948052918,03w.1948,MABEL,TY,NN,14.8,129.5,65,NaN,354,10,354,10,NaN,NaN,NaN,NaN,NaN,NaN,NaN,NaN,NaN,NaN,TY,NW,B,B,NaN,NaN,NaN,NaN,NaN,NaN,
1948053000,03w.1948,MABEL,TY,NN,15.7,129.4,70,NaN,354,10,354,10,NaN,NaN,NaN,NaN,NaN,NaN,NaN,NaN,NaN,NaN,TY,NW,B,B,NaN,NaN,NaN,NaN,NaN,NaN,
1948053006,03w.1948,MABEL,TY,NN,16.8,129.4,70,NaN,357,10,357,10,NaN,NaN,NaN,NaN,NaN,NaN,NaN,NaN,NaN,NaN,TY,NW,B,B,NaN,NaN,NaN,NaN,NaN,NaN,
1948053012,03w.1948,MABEL,TY,NN,17.9,129.4,70,NaN,360,11,360,11,NaN,NaN,NaN,NaN,NaN,NaN,NaN,NaN,NaN,NaN,TY,NW,B,B,NaN,NaN,NaN,NaN,NaN,NaN,
1948053018,03w.1948,MABEL,TY,NN,19.0,129.6,70,NaN,5,11,5,11,NaN,NaN,NaN,NaN,NaN,NaN,NaN,NaN,NaN,NaN,TY,NW,B,B,NaN,NaN,NaN,NaN,NaN,NaN,
1948053100,03w.1948,MABEL,TY,NN,20.1,129.8,75,NaN,10,11,10,11,NaN,NaN,NaN,NaN,NaN,NaN,NaN,NaN,NaN,NaN,TY,NW,B,B,NaN,NaN,NaN,NaN,NaN,NaN,
1948053106,03w.1948,MABEL,TY,NN,21.1,130.1,80,NaN,13,11,13,11,NaN,NaN,NaN,NaN,NaN,NaN,NaN,NaN,NaN,NaN,TY,NW,B,B,NaN,NaN,NaN,NaN,NaN,NaN,
1948053112,03w.1948,MABEL,TY,NN,22.1,130.8,80,NaN,25,11,25,11,NaN,NaN,NaN,NaN,NaN,NaN,NaN,NaN,NaN,NaN,TY,NW,B,B,NaN,NaN,NaN,NaN,NaN,NaN,
1948053118,03w.1948,MABEL,TY,NN,23.0,131.3,80,NaN,30,11,30,11,NaN,NaN,NaN,NaN,NaN,NaN,NaN,NaN,NaN,NaN,TY,NW,B,B,NaN,NaN,NaN,NaN,NaN,NaN,
1948060100,03w.1948,MABEL,TY,NN,23.8,131.9,65,NaN,31,10,31,10,NaN,NaN,NaN,NaN,NaN,NaN,NaN,NaN,NaN,NaN,TY,NW,B,B,NaN,NaN,NaN,NaN,NaN,NaN,
1948060106,03w.1948,MABEL,TY,NN,25.0,133.0,60,NaN,38,13,38,13,NaN,NaN,NaN,NaN,NaN,NaN,NaN,NaN,NaN,NaN,TS,NW,B,B,NaN,NaN,NaN,NaN,NaN,NaN,
1948060112,03w.1948,MABEL,TY,NN,26.7,134.9,60,NaN,43,20,43,20,NaN,NaN,NaN,NaN,NaN,NaN,NaN,NaN,NaN,NaN,TS,NW,B,B,NaN,NaN,NaN,NaN,NaN,NaN,
1948060118,03w.1948,MABEL,TY,NN,28.3,137.1,55,NaN,48,25,48,25,NaN,NaN,NaN,NaN,NaN,NaN,NaN,NaN,NaN,NaN,TS,NW,B,B,NaN,NaN,NaN,NaN,NaN,NaN,
1948060200,03w.1948,MABEL,TY,NN,30.0,139.4,50,NaN,50,26,50,26,NaN,NaN,NaN,NaN,NaN,NaN,NaN,NaN,NaN,NaN,TS,NW,B,B,NaN,NaN,NaN,NaN,NaN,NaN,
1948060206,03w.1948,MABEL,TY,NN,31.4,142.0,35,NaN,54,26,54,26,NaN,NaN,NaN,NaN,NaN,NaN,NaN,NaN,NaN,NaN,TS,NW,B,B,NaN,NaN,NaN,NaN,NaN,NaN,
1948060900,w04.1948,9X-W04,TS,NN,15.0,138.0,25,NaN,320,5,320,5,NaN,NaN,NaN,NaN,NaN,NaN,NaN,NaN,NaN,NaN,TD,NW,B,B,NaN,NaN,NaN,NaN,NaN,NaN,
1948060906,w04.1948,9X-W04,TS,NN,15.4,137.7,30,NaN,320,5,320,5,NaN,NaN,NaN,NaN,NaN,NaN,NaN,NaN,NaN,NaN,TD,NW,B,B,NaN,NaN,NaN,NaN,NaN,NaN,
1948060912,04w.1948,NADINE,TS,NN,15.8,137.3,40,NaN,320,5,320,5,NaN,NaN,NaN,NaN,NaN,NaN,NaN,NaN,NaN,NaN,TS,NW,B,B,NaN,NaN,NaN,NaN,NaN,NaN,
1948060918,04w.1948,NADINE,TS,NN,16.0,137.0,50,NaN,312,5,312,5,NaN,NaN,NaN,NaN,NaN,NaN,NaN,NaN,NaN,NaN,TS,NW,B,B,NaN,NaN,NaN,NaN,NaN,NaN,
1948061000,04w.1948,NADINE,TS,NN,16.0,136.7,60,NaN,289,3,289,3,NaN,NaN,NaN,NaN,NaN,NaN,NaN,NaN,NaN,NaN,TS,NW,B,B,NaN,NaN,NaN,NaN,NaN,NaN,
1948061006,04w.1948,NADINE,TS,NN,16.4,135.5,50,NaN,286,7,286,7,NaN,NaN,NaN,NaN,NaN,NaN,NaN,NaN,NaN,NaN,TS,NW,B,B,NaN,NaN,NaN,NaN,NaN,NaN,
1948061012,04w.1948,NADINE,TS,NN,17.5,134.7,50,NaN,308,12,308,12,NaN,NaN,NaN,NaN,NaN,NaN,NaN,NaN,NaN,NaN,TS,NW,B,B,NaN,NaN,NaN,NaN,NaN,NaN,
1948061018,04w.1948,NADINE,TS,NN,18.4,134.4,45,NaN,332,11,332,11,NaN,NaN,NaN,NaN,NaN,NaN,NaN,NaN,NaN,NaN,TS,NW,B,B,NaN,NaN,NaN,NaN,NaN,NaN,
1948061100,04w.1948,NADINE,TS,NN,19.9,133.9,40,NaN,342,13,342,13,NaN,NaN,NaN,NaN,NaN,NaN,NaN,NaN,NaN,NaN,TS,NW,B,B,NaN,NaN,NaN,NaN,NaN,NaN,
1948061106,04w.1948,NADINE,TS,NN,21.8,133.4,35,NaN,345,18,345,18,NaN,NaN,NaN,NaN,NaN,NaN,NaN,NaN,NaN,NaN,TS,NW,B,B,NaN,NaN,NaN,NaN,NaN,NaN,
1948061112,04w.1948,NADINE,TS,NN,23.7,133.1,35,NaN,349,19,349,19,NaN,NaN,NaN,NaN,NaN,NaN,NaN,NaN,NaN,NaN,TS,NW,B,B,NaN,NaN,NaN,NaN,NaN,NaN,
1948061118,04w.1948,NADINE,TS,NN,25.7,132.9,30,NaN,353,20,353,20,NaN,NaN,NaN,NaN,NaN,NaN,NaN,NaN,NaN,NaN,TD,NW,B,B,NaN,NaN,NaN,NaN,NaN,NaN,
1948061000,w05.1948,9X-W05,TS,NN,21.0,113.9,30,NaN,300,8,300,8,NaN,NaN,NaN,NaN,NaN,NaN,NaN,NaN,NaN,NaN,TD,NW,B,B,NaN,NaN,NaN,NaN,NaN,NaN,
1948061006,05w.1948,OPHELIA,TS,NN,21.4,113.2,40,NaN,300,8,300,8,NaN,NaN,NaN,NaN,NaN,NaN,NaN,NaN,NaN,NaN,TS,NW,B,B,NaN,NaN,0.10,NaN,NaN,NaN,
1948061012,05w.1948,OPHELIA,TS,NN,21.8,112.4,35,NaN,300,8,300,8,NaN,NaN,NaN,NaN,NaN,NaN,NaN,NaN,NaN,NaN,TS,NW,B,B,NaN,NaN,0.69,NaN,NaN,NaN,
1948061018,05w.1948,OPHELIA,TS,NN,22.2,111.7,30,NaN,300,8,300,8,NaN,NaN,NaN,NaN,NaN,NaN,NaN,NaN,NaN,NaN,TD,NW,B,B,NaN,NaN,0.92,NaN,NaN,NaN,
1948061100,05w.1948,OPHELIA,TS,NN,22.9,110.9,20,NaN,308,9,308,9,NaN,NaN,NaN,NaN,NaN,NaN,NaN,NaN,NaN,NaN,NT,NW,B,B,NaN,NaN,0.97,NaN,NaN,NaN,
1948070100,w06.1948,9X-W06,TY,NN,11.3,145.1,30,NaN,274,13,274,13,NaN,NaN,NaN,NaN,NaN,NaN,NaN,NaN,NaN,NaN,TD,NW,B,B,NaN,NaN,NaN,NaN,NaN,NaN,
1948070106,06w.1948,PEARL,TY,NN,11.5,144.0,35,NaN,274,13,274,13,NaN,NaN,NaN,NaN,NaN,NaN,NaN,NaN,NaN,NaN,TS,NW,B,B,NaN,NaN,NaN,NaN,NaN,NaN,
1948070112,06w.1948,PEARL,TY,NN,11.5,142.4,35,NaN,274,13,274,13,NaN,NaN,NaN,NaN,NaN,NaN,NaN,NaN,NaN,NaN,TS,NW,B,B,NaN,NaN,NaN,NaN,NaN,NaN,
1948070118,06w.1948,PEARL,TY,NN,11.8,140.8,35,NaN,275,16,275,16,NaN,NaN,NaN,NaN,NaN,NaN,NaN,NaN,NaN,NaN,TS,NW,B,B,NaN,NaN,NaN,NaN,NaN,NaN,
1948070200,06w.1948,PEARL,TY,NN,12.2,139.2,55,NaN,283,16,283,16,NaN,NaN,NaN,NaN,NaN,NaN,NaN,NaN,NaN,NaN,TS,NW,B,B,NaN,NaN,NaN,NaN,NaN,NaN,
1948070206,06w.1948,PEARL,TY,NN,12.5,138.0,65,NaN,284,14,284,14,NaN,NaN,NaN,NaN,NaN,NaN,NaN,NaN,NaN,NaN,TY,NW,B,B,NaN,NaN,NaN,NaN,NaN,NaN,
1948070212,06w.1948,PEARL,TY,NN,12.8,136.9,70,NaN,285,12,285,12,NaN,NaN,NaN,NaN,NaN,NaN,NaN,NaN,NaN,NaN,TY,NW,B,B,NaN,NaN,NaN,NaN,NaN,NaN,
1948070218,06w.1948,PEARL,TY,NN,13.2,135.7,70,NaN,287,12,287,12,NaN,NaN,NaN,NaN,NaN,NaN,NaN,NaN,NaN,NaN,TY,NW,B,B,NaN,NaN,NaN,NaN,NaN,NaN,
1948070300,06w.1948,PEARL,TY,NN,13.6,134.5,70,NaN,289,12,289,12,NaN,NaN,NaN,NaN,NaN,NaN,NaN,NaN,NaN,NaN,TY,NW,B,B,NaN,NaN,NaN,NaN,NaN,NaN,
1948070306,06w.1948,PEARL,TY,NN,14.0,133.2,70,NaN,288,13,288,13,NaN,NaN,NaN,NaN,NaN,NaN,NaN,NaN,NaN,NaN,TY,NW,B,B,NaN,NaN,NaN,NaN,NaN,NaN,
1948070312,06w.1948,PEARL,TY,NN,14.9,131.2,70,NaN,292,17,292,17,NaN,NaN,NaN,NaN,NaN,NaN,NaN,NaN,NaN,NaN,TY,NW,B,B,NaN,NaN,NaN,NaN,NaN,NaN,
1948070318,06w.1948,PEARL,TY,NN,16.1,129.6,80,NaN,301,20,301,20,NaN,NaN,NaN,NaN,NaN,NaN,NaN,NaN,NaN,NaN,TY,NW,B,B,NaN,NaN,NaN,NaN,NaN,NaN,
1948070400,06w.1948,PEARL,TY,NN,17.3,128.2,90,NaN,310,19,310,19,NaN,NaN,NaN,NaN,NaN,NaN,NaN,NaN,NaN,NaN,TY,NW,B,B,NaN,NaN,NaN,NaN,NaN,NaN,
1948070406,06w.1948,PEARL,TY,NN,18.3,127.3,90,NaN,315,16,315,16,NaN,NaN,NaN,NaN,NaN,NaN,NaN,NaN,NaN,NaN,TY,NW,B,B,NaN,NaN,NaN,NaN,NaN,NaN,
1948070412,06w.1948,PEARL,TY,NN,19.5,126.1,90,NaN,318,15,318,15,NaN,NaN,NaN,NaN,NaN,NaN,NaN,NaN,NaN,NaN,TY,NW,B,B,NaN,NaN,NaN,NaN,NaN,NaN,
1948070418,06w.1948,PEARL,TY,NN,20.4,125.1,90,NaN,315,15,315,15,NaN,NaN,NaN,NaN,NaN,NaN,NaN,NaN,NaN,NaN,TY,NW,B,B,NaN,NaN,NaN,NaN,NaN,NaN,
1948070500,06w.1948,PEARL,TY,NN,21.7,124.1,90,NaN,320,14,320,14,NaN,NaN,NaN,NaN,NaN,NaN,NaN,NaN,NaN,NaN,TY,NW,B,B,NaN,NaN,NaN,NaN,NaN,NaN,
1948070506,06w.1948,PEARL,TY,NN,22.8,123.2,85,NaN,324,15,324,15,NaN,NaN,NaN,NaN,NaN,NaN,NaN,NaN,NaN,NaN,TY,NW,B,B,NaN,NaN,NaN,NaN,NaN,NaN,
1948070512,06w.1948,PEARL,TY,NN,23.7,122.7,85,NaN,327,12,327,12,NaN,NaN,NaN,NaN,NaN,NaN,NaN,NaN,NaN,NaN,TY,NW,B,B,NaN,NaN,NaN,NaN,NaN,NaN,
1948070518,06w.1948,PEARL,TY,NN,24.8,122.0,85,NaN,331,11,331,11,NaN,NaN,NaN,NaN,NaN,NaN,NaN,NaN,NaN,NaN,TY,NW,B,B,NaN,NaN,0.25,NaN,NaN,NaN,
1948070600,06w.1948,PEARL,TY,NN,26.9,121.3,85,NaN,338,17,338,17,NaN,NaN,NaN,NaN,NaN,NaN,NaN,NaN,NaN,NaN,TY,NW,B,B,NaN,NaN,NaN,NaN,NaN,NaN,
1948070606,06w.1948,PEARL,TY,NN,29.4,121.4,85,NaN,353,23,353,23,NaN,NaN,NaN,NaN,NaN,NaN,NaN,NaN,NaN,NaN,TY,NW,B,B,NaN,NaN,0.79,NaN,NaN,NaN,
1948070612,06w.1948,PEARL,TY,NN,31.8,122.2,75,NaN,9,25,9,25,NaN,NaN,NaN,NaN,NaN,NaN,NaN,NaN,NaN,NaN,TY,NW,B,B,NaN,NaN,0.14,NaN,NaN,NaN,
1948070618,06w.1948,PEARL,TY,NN,33.3,123.2,70,NaN,22,21,22,21,NaN,NaN,NaN,NaN,NaN,NaN,NaN,NaN,NaN,NaN,TY,NW,B,B,NaN,NaN,NaN,NaN,NaN,NaN,
1948070700,06w.1948,PEARL,TY,NN,35.1,124.1,60,NaN,26,18,26,18,NaN,NaN,NaN,NaN,NaN,NaN,NaN,NaN,NaN,NaN,TS,NW,B,B,NaN,NaN,NaN,NaN,NaN,NaN,
1948070706,06w.1948,PEARL,TY,NN,36.7,125.3,50,NaN,27,19,27,19,NaN,NaN,NaN,NaN,NaN,NaN,NaN,NaN,NaN,NaN,TS,NW,B,B,NaN,NaN,NaN,NaN,NaN,NaN,
1948070712,06w.1948,PEARL,TY,NN,38.0,126.5,50,NaN,34,17,34,17,NaN,NaN,NaN,NaN,NaN,NaN,NaN,NaN,NaN,NaN,TS,NW,B,B,NaN,NaN,0.82,NaN,NaN,NaN,
1948070718,06w.1948,PEARL,TY,NN,40.0,126.8,40,NaN,20,18,20,18,NaN,NaN,NaN,NaN,NaN,NaN,NaN,NaN,NaN,NaN,TS,NW,B,B,NaN,NaN,0.98,NaN,NaN,NaN,
1948070800,06w.1948,PEARL,TY,NN,42.0,127.2,35,NaN,8,20,8,20,NaN,NaN,NaN,NaN,NaN,NaN,NaN,NaN,NaN,NaN,TS,NW,B,B,NaN,NaN,0.99,NaN,NaN,NaN,
1948070806,06w.1948,PEARL,TY,NN,43.0,128.0,30,NaN,17,16,17,16,NaN,NaN,NaN,NaN,NaN,NaN,NaN,NaN,NaN,NaN,TD,NW,B,B,NaN,NaN,0.99,NaN,NaN,NaN,
1948072318,w07.1948,9X-W07,TY,NN,11.3,128.6,25,NaN,308,16,308,16,NaN,NaN,NaN,NaN,NaN,NaN,NaN,NaN,NaN,NaN,TD,NW,B,B,NaN,NaN,NaN,NaN,NaN,NaN,
1948072400,07w.1948,ROSE,TY,NN,12.5,127.3,35,NaN,308,16,308,16,NaN,NaN,NaN,NaN,NaN,NaN,NaN,NaN,NaN,NaN,TS,NW,B,B,NaN,NaN,NaN,NaN,NaN,NaN,
1948072406,07w.1948,ROSE,TY,NN,13.3,126.0,50,NaN,308,16,308,16,NaN,NaN,NaN,NaN,NaN,NaN,NaN,NaN,NaN,NaN,TS,NW,B,B,NaN,NaN,NaN,NaN,NaN,NaN,
1948072412,07w.1948,ROSE,TY,NN,13.9,124.8,60,NaN,300,14,300,14,NaN,NaN,NaN,NaN,NaN,NaN,NaN,NaN,NaN,NaN,TS,NW,B,B,NaN,NaN,NaN,NaN,NaN,NaN,
1948072418,07w.1948,ROSE,TY,NN,14.6,123.3,70,NaN,296,15,296,15,NaN,NaN,NaN,NaN,NaN,NaN,NaN,NaN,NaN,NaN,TY,NW,B,B,NaN,NaN,0.02,NaN,NaN,NaN,
1948072500,07w.1948,ROSE,TY,NN,15.0,122.0,60,NaN,292,15,292,15,NaN,NaN,NaN,NaN,NaN,NaN,NaN,NaN,NaN,NaN,TS,NW,B,B,NaN,NaN,0.14,NaN,NaN,NaN,
1948072506,07w.1948,ROSE,TY,NN,15.4,120.6,50,NaN,287,14,287,14,NaN,NaN,NaN,NaN,NaN,NaN,NaN,NaN,NaN,NaN,TS,NW,B,B,NaN,NaN,0.98,NaN,NaN,NaN,
1948072512,07w.1948,ROSE,TY,NN,15.7,119.2,50,NaN,285,14,285,14,NaN,NaN,NaN,NaN,NaN,NaN,NaN,NaN,NaN,NaN,TS,NW,B,B,NaN,NaN,NaN,NaN,NaN,NaN,
1948072518,07w.1948,ROSE,TY,NN,16.5,118.1,50,NaN,295,13,295,13,NaN,NaN,NaN,NaN,NaN,NaN,NaN,NaN,NaN,NaN,TS,NW,B,B,NaN,NaN,NaN,NaN,NaN,NaN,
1948072600,07w.1948,ROSE,TY,NN,17.5,117.3,60,NaN,315,13,315,13,NaN,NaN,NaN,NaN,NaN,NaN,NaN,NaN,NaN,NaN,TS,NW,B,B,NaN,NaN,NaN,NaN,NaN,NaN,
1948072606,07w.1948,ROSE,TY,NN,18.7,117.1,65,NaN,337,12,337,12,NaN,NaN,NaN,NaN,NaN,NaN,NaN,NaN,NaN,NaN,TY,NW,B,B,NaN,NaN,NaN,NaN,NaN,NaN,
1948072612,07w.1948,ROSE,TY,NN,19.6,116.5,55,NaN,340,11,340,11,NaN,NaN,NaN,NaN,NaN,NaN,NaN,NaN,NaN,NaN,TS,NW,B,B,NaN,NaN,NaN,NaN,NaN,NaN,
1948072618,07w.1948,ROSE,TY,NN,20.3,115.7,50,NaN,320,10,320,10,NaN,NaN,NaN,NaN,NaN,NaN,NaN,NaN,NaN,NaN,TS,NW,B,B,NaN,NaN,NaN,NaN,NaN,NaN,
1948072700,07w.1948,ROSE,TY,NN,21.3,115.1,45,NaN,322,11,322,11,NaN,NaN,NaN,NaN,NaN,NaN,NaN,NaN,NaN,NaN,TS,NW,B,B,NaN,NaN,NaN,NaN,NaN,NaN,
1948072706,07w.1948,ROSE,TY,NN,22.2,114.8,40,NaN,336,10,336,10,NaN,NaN,NaN,NaN,NaN,NaN,NaN,NaN,NaN,NaN,TS,NW,B,B,NaN,NaN,NaN,NaN,NaN,NaN,
1948072712,07w.1948,ROSE,TY,NN,23.0,114.5,40,NaN,342,9,342,9,NaN,NaN,NaN,NaN,NaN,NaN,NaN,NaN,NaN,NaN,TS,NW,B,B,NaN,NaN,0.87,NaN,NaN,NaN,
1948072718,07w.1948,ROSE,TY,NN,23.7,113.8,30,NaN,328,9,328,9,NaN,NaN,NaN,NaN,NaN,NaN,NaN,NaN,NaN,NaN,TD,NW,B,B,NaN,NaN,0.96,NaN,NaN,NaN,
1948072800,07w.1948,ROSE,TY,NN,24.2,113.0,25,NaN,311,9,311,9,NaN,NaN,NaN,NaN,NaN,NaN,NaN,NaN,NaN,NaN,TD,NW,B,B,NaN,NaN,0.98,NaN,NaN,NaN,
1948080406,08w.1948,BERTHA,TY,NN,30.3,138.8,45,NaN,55,9,55,9,NaN,NaN,NaN,NaN,NaN,NaN,NaN,NaN,NaN,NaN,TS,NW,B,B,NaN,NaN,NaN,NaN,NaN,NaN,
1948080412,08w.1948,BERTHA,TY,NN,30.8,140.0,50,NaN,55,9,55,9,NaN,NaN,NaN,NaN,NaN,NaN,NaN,NaN,NaN,NaN,TS,NW,B,B,NaN,NaN,NaN,NaN,NaN,NaN,
1948080418,08w.1948,BERTHA,TY,NN,31.4,140.6,60,NaN,55,9,55,9,NaN,NaN,NaN,NaN,NaN,NaN,NaN,NaN,NaN,NaN,TS,NW,B,B,NaN,NaN,NaN,NaN,NaN,NaN,
1948080500,08w.1948,BERTHA,TY,NN,32.0,140.9,70,NaN,33,7,33,7,NaN,NaN,NaN,NaN,NaN,NaN,NaN,NaN,NaN,NaN,TY,NW,B,B,NaN,NaN,NaN,NaN,NaN,NaN,
1948080506,08w.1948,BERTHA,TY,NN,32.5,141.0,65,NaN,17,6,17,6,NaN,NaN,NaN,NaN,NaN,NaN,NaN,NaN,NaN,NaN,TY,NW,B,B,NaN,NaN,NaN,NaN,NaN,NaN,
1948080512,08w.1948,BERTHA,TY,NN,32.9,141.1,60,NaN,11,5,11,5,NaN,NaN,NaN,NaN,NaN,NaN,NaN,NaN,NaN,NaN,TS,NW,B,B,NaN,NaN,NaN,NaN,NaN,NaN,
1948080518,08w.1948,BERTHA,TY,NN,33.1,141.2,45,NaN,16,3,16,3,NaN,NaN,NaN,NaN,NaN,NaN,NaN,NaN,NaN,NaN,TS,NW,B,B,NaN,NaN,NaN,NaN,NaN,NaN,
1948080600,08w.1948,BERTHA,TY,NN,33.4,141.3,45,NaN,19,3,19,3,NaN,NaN,NaN,NaN,NaN,NaN,NaN,NaN,NaN,NaN,TS,NW,B,B,NaN,NaN,NaN,NaN,NaN,NaN,
1948080606,08w.1948,BERTHA,TY,NN,33.7,141.4,40,NaN,16,3,16,3,NaN,NaN,NaN,NaN,NaN,NaN,NaN,NaN,NaN,NaN,TS,NW,B,B,NaN,NaN,NaN,NaN,NaN,NaN,
1948080612,08w.1948,BERTHA,TY,NN,34.6,141.6,40,NaN,12,6,12,6,NaN,NaN,NaN,NaN,NaN,NaN,NaN,NaN,NaN,NaN,TS,NW,B,B,NaN,NaN,NaN,NaN,NaN,NaN,
1948080618,08w.1948,BERTHA,TY,NN,35.6,141.8,35,NaN,10,10,10,10,NaN,NaN,NaN,NaN,NaN,NaN,NaN,NaN,NaN,NaN,TS,NW,B,B,NaN,NaN,NaN,NaN,NaN,NaN,
1948080800,w09.1948,9X-W09,TS,NN,19.0,142.0,20,NaN,335,11,335,11,NaN,NaN,NaN,NaN,NaN,NaN,NaN,NaN,NaN,NaN,NT,NW,B,B,NaN,NaN,NaN,NaN,NaN,NaN,
1948080806,w09.1948,9X-W09,TS,NN,20.0,141.6,25,NaN,335,11,335,11,NaN,NaN,NaN,NaN,NaN,NaN,NaN,NaN,NaN,NaN,TD,NW,B,B,NaN,NaN,NaN,NaN,NaN,NaN,
1948080812,w09.1948,9X-W09,TS,NN,21.0,141.0,25,NaN,335,11,335,11,NaN,NaN,NaN,NaN,NaN,NaN,NaN,NaN,NaN,NaN,TD,NW,B,B,NaN,NaN,NaN,NaN,NaN,NaN,
1948080818,w09.1948,9X-W09,TS,NN,22.0,140.3,30,NaN,329,12,329,12,NaN,NaN,NaN,NaN,NaN,NaN,NaN,NaN,NaN,NaN,TD,NW,B,B,NaN,NaN,NaN,NaN,NaN,NaN,
1948080900,w09.1948,9X-W09,TS,NN,22.5,139.8,30,NaN,323,9,323,9,NaN,NaN,NaN,NaN,NaN,NaN,NaN,NaN,NaN,NaN,TD,NW,B,B,NaN,NaN,NaN,NaN,NaN,NaN,
1948080906,09w.1948,CHRIS,TS,NN,22.9,139.3,35,NaN,314,6,314,6,NaN,NaN,NaN,NaN,NaN,NaN,NaN,NaN,NaN,NaN,TS,NW,B,B,NaN,NaN,NaN,NaN,NaN,NaN,
1948080912,09w.1948,CHRIS,TS,NN,23.2,138.9,40,NaN,310,5,310,5,NaN,NaN,NaN,NaN,NaN,NaN,NaN,NaN,NaN,NaN,TS,NW,B,B,NaN,NaN,NaN,NaN,NaN,NaN,
1948080918,09w.1948,CHRIS,TS,NN,23.7,137.9,40,NaN,302,8,302,8,NaN,NaN,NaN,NaN,NaN,NaN,NaN,NaN,NaN,NaN,TS,NW,B,B,NaN,NaN,NaN,NaN,NaN,NaN,
1948081000,09w.1948,CHRIS,TS,NN,24.0,137.0,50,NaN,295,10,295,10,NaN,NaN,NaN,NaN,NaN,NaN,NaN,NaN,NaN,NaN,TS,NW,B,B,NaN,NaN,NaN,NaN,NaN,NaN,
1948081006,09w.1948,CHRIS,TS,NN,24.0,135.8,45,NaN,279,10,279,10,NaN,NaN,NaN,NaN,NaN,NaN,NaN,NaN,NaN,NaN,TS,NW,B,B,NaN,NaN,NaN,NaN,NaN,NaN,
1948081012,09w.1948,CHRIS,TS,NN,23.8,134.5,40,NaN,265,11,265,11,NaN,NaN,NaN,NaN,NaN,NaN,NaN,NaN,NaN,NaN,TS,NW,B,B,NaN,NaN,NaN,NaN,NaN,NaN,
1948081018,09w.1948,CHRIS,TS,NN,23.6,134.0,40,NaN,256,8,256,8,NaN,NaN,NaN,NaN,NaN,NaN,NaN,NaN,NaN,NaN,TS,NW,B,B,NaN,NaN,NaN,NaN,NaN,NaN,
1948081100,09w.1948,CHRIS,TS,NN,23.4,133.1,40,NaN,253,7,253,7,NaN,NaN,NaN,NaN,NaN,NaN,NaN,NaN,NaN,NaN,TS,NW,B,B,NaN,NaN,NaN,NaN,NaN,NaN,
1948081106,09w.1948,CHRIS,TS,NN,23.3,132.5,50,NaN,258,7,258,7,NaN,NaN,NaN,NaN,NaN,NaN,NaN,NaN,NaN,NaN,TS,NW,B,B,NaN,NaN,NaN,NaN,NaN,NaN,
1948081112,09w.1948,CHRIS,TS,NN,23.2,132.0,50,NaN,259,5,259,5,NaN,NaN,NaN,NaN,NaN,NaN,NaN,NaN,NaN,NaN,TS,NW,B,B,NaN,NaN,NaN,NaN,NaN,NaN,
1948081118,09w.1948,CHRIS,TS,NN,23.2,131.7,45,NaN,262,4,262,4,NaN,NaN,NaN,NaN,NaN,NaN,NaN,NaN,NaN,NaN,TS,NW,B,B,NaN,NaN,NaN,NaN,NaN,NaN,
1948081200,09w.1948,CHRIS,TS,NN,23.2,131.3,35,NaN,270,3,270,3,NaN,NaN,NaN,NaN,NaN,NaN,NaN,NaN,NaN,NaN,TS,NW,B,B,NaN,NaN,NaN,NaN,NaN,NaN,
1948081206,09w.1948,CHRIS,TS,NN,23.2,131.2,35,NaN,270,2,270,2,NaN,NaN,NaN,NaN,NaN,NaN,NaN,NaN,NaN,NaN,TS,NW,B,B,NaN,NaN,NaN,NaN,NaN,NaN,
1948081212,09w.1948,CHRIS,TS,NN,23.0,130.7,35,NaN,250,3,250,3,NaN,NaN,NaN,NaN,NaN,NaN,NaN,NaN,NaN,NaN,TS,NW,B,B,NaN,NaN,NaN,NaN,NaN,NaN,
1948081218,09w.1948,CHRIS,TS,NN,22.6,130.0,35,NaN,242,6,242,6,NaN,NaN,NaN,NaN,NaN,NaN,NaN,NaN,NaN,NaN,TS,NW,B,B,NaN,NaN,NaN,NaN,NaN,NaN,
1948081300,09w.1948,CHRIS,TS,NN,22.4,129.8,30,NaN,234,5,234,5,NaN,NaN,NaN,NaN,NaN,NaN,NaN,NaN,NaN,NaN,TD,NW,B,B,NaN,NaN,NaN,NaN,NaN,NaN,
1948081306,09w.1948,CHRIS,TS,NN,22.2,129.3,30,NaN,238,4,238,4,NaN,NaN,NaN,NaN,NaN,NaN,NaN,NaN,NaN,NaN,TD,NW,B,B,NaN,NaN,NaN,NaN,NaN,NaN,
1948081312,09w.1948,CHRIS,TS,NN,21.5,128.0,25,NaN,242,9,242,9,NaN,NaN,NaN,NaN,NaN,NaN,NaN,NaN,NaN,NaN,TD,NW,B,B,NaN,NaN,NaN,NaN,NaN,NaN,
1948081318,09w.1948,CHRIS,TS,NN,21.5,127.7,25,NaN,245,8,245,8,NaN,NaN,NaN,NaN,NaN,NaN,NaN,NaN,NaN,NaN,TD,NW,B,B,NaN,NaN,NaN,NaN,NaN,NaN,
1948081400,09w.1948,CHRIS,TS,NN,21.3,127.4,25,NaN,250,3,250,3,NaN,NaN,NaN,NaN,NaN,NaN,NaN,NaN,NaN,NaN,TD,NW,B,B,NaN,NaN,NaN,NaN,NaN,NaN,
1948081406,09w.1948,CHRIS,TS,NN,21.0,127.0,25,NaN,233,4,233,4,NaN,NaN,NaN,NaN,NaN,NaN,NaN,NaN,NaN,NaN,TD,NW,B,B,NaN,NaN,NaN,NaN,NaN,NaN,
1948081000,w10.1948,9X-W10,TS,NN,18.1,155.0,30,NaN,292,21,292,21,NaN,NaN,NaN,NaN,NaN,NaN,NaN,NaN,NaN,NaN,TD,NW,B,B,NaN,NaN,NaN,NaN,NaN,NaN,
1948081006,10w.1948,DOLORES,TS,NN,18.7,152.8,35,NaN,292,21,292,21,NaN,NaN,NaN,NaN,NaN,NaN,NaN,NaN,NaN,NaN,TS,NW,B,B,NaN,NaN,NaN,NaN,NaN,NaN,
1948081012,10w.1948,DOLORES,TS,NN,19.7,150.9,35,NaN,292,21,292,21,NaN,NaN,NaN,NaN,NaN,NaN,NaN,NaN,NaN,NaN,TS,NW,B,B,NaN,NaN,NaN,NaN,NaN,NaN,
1948081018,10w.1948,DOLORES,TS,NN,20.8,149.2,40,NaN,302,20,302,20,NaN,NaN,NaN,NaN,NaN,NaN,NaN,NaN,NaN,NaN,TS,NW,B,B,NaN,NaN,NaN,NaN,NaN,NaN,
1948081100,10w.1948,DOLORES,TS,NN,22.1,147.7,40,NaN,309,19,309,19,NaN,NaN,NaN,NaN,NaN,NaN,NaN,NaN,NaN,NaN,TS,NW,B,B,NaN,NaN,NaN,NaN,NaN,NaN,
1948081106,10w.1948,DOLORES,TS,NN,23.0,146.8,40,NaN,315,16,315,16,NaN,NaN,NaN,NaN,NaN,NaN,NaN,NaN,NaN,NaN,TS,NW,B,B,NaN,NaN,NaN,NaN,NaN,NaN,
1948081112,10w.1948,DOLORES,TS,NN,23.9,145.9,40,NaN,317,12,317,12,NaN,NaN,NaN,NaN,NaN,NaN,NaN,NaN,NaN,NaN,TS,NW,B,B,NaN,NaN,NaN,NaN,NaN,NaN,
1948081118,10w.1948,DOLORES,TS,NN,24.8,145.2,40,NaN,321,12,321,12,NaN,NaN,NaN,NaN,NaN,NaN,NaN,NaN,NaN,NaN,TS,NW,B,B,NaN,NaN,NaN,NaN,NaN,NaN,
1948081200,10w.1948,DOLORES,TS,NN,25.9,144.3,40,NaN,324,12,324,12,NaN,NaN,NaN,NaN,NaN,NaN,NaN,NaN,NaN,NaN,TS,NW,B,B,NaN,NaN,NaN,NaN,NaN,NaN,
1948081206,10w.1948,DOLORES,TS,NN,26.9,143.6,45,NaN,326,13,326,13,NaN,NaN,NaN,NaN,NaN,NaN,NaN,NaN,NaN,NaN,TS,NW,B,B,NaN,NaN,NaN,NaN,NaN,NaN,
1948081212,10w.1948,DOLORES,TS,NN,27.9,142.9,40,NaN,328,12,328,12,NaN,NaN,NaN,NaN,NaN,NaN,NaN,NaN,NaN,NaN,TS,NW,B,B,NaN,NaN,NaN,NaN,NaN,NaN,
1948081218,10w.1948,DOLORES,TS,NN,28.9,142.2,40,NaN,328,12,328,12,NaN,NaN,NaN,NaN,NaN,NaN,NaN,NaN,NaN,NaN,TS,NW,B,B,NaN,NaN,NaN,NaN,NaN,NaN,
1948081300,10w.1948,DOLORES,TS,NN,29.9,141.5,40,NaN,329,12,329,12,NaN,NaN,NaN,NaN,NaN,NaN,NaN,NaN,NaN,NaN,TS,NW,B,B,NaN,NaN,NaN,NaN,NaN,NaN,
1948081306,10w.1948,DOLORES,TS,NN,30.9,140.9,35,NaN,331,11,331,11,NaN,NaN,NaN,NaN,NaN,NaN,NaN,NaN,NaN,NaN,TS,NW,B,B,NaN,NaN,NaN,NaN,NaN,NaN,
1948081312,10w.1948,DOLORES,TS,NN,31.9,140.3,30,NaN,333,11,333,11,NaN,NaN,NaN,NaN,NaN,NaN,NaN,NaN,NaN,NaN,TD,NW,B,B,NaN,NaN,NaN,NaN,NaN,NaN,
1948081318,10w.1948,DOLORES,TS,NN,32.9,140.1,30,NaN,341,11,341,11,NaN,NaN,NaN,NaN,NaN,NaN,NaN,NaN,NaN,NaN,TD,NW,B,B,NaN,NaN,NaN,NaN,NaN,NaN,
1948081400,10w.1948,DOLORES,TS,NN,34.0,140.2,25,NaN,358,11,358,11,NaN,NaN,NaN,NaN,NaN,NaN,NaN,NaN,NaN,NaN,TD,NW,B,B,NaN,NaN,NaN,NaN,NaN,NaN,
1948082000,w11.1948,9X-W11,TS,NN,18.4,117.9,30,NaN,266,13,266,13,NaN,NaN,NaN,NaN,NaN,NaN,NaN,NaN,NaN,NaN,TD,NW,B,B,NaN,NaN,NaN,NaN,NaN,NaN,
1948082006,11w.1948,FLO,TS,NN,18.2,116.5,35,NaN,266,13,266,13,NaN,NaN,NaN,NaN,NaN,NaN,NaN,NaN,NaN,NaN,TS,NW,B,B,NaN,NaN,NaN,NaN,NaN,NaN,
1948082012,11w.1948,FLO,TS,NN,18.2,115.2,40,NaN,266,13,266,13,NaN,NaN,NaN,NaN,NaN,NaN,NaN,NaN,NaN,NaN,TS,NW,B,B,NaN,NaN,NaN,NaN,NaN,NaN,
1948082018,11w.1948,FLO,TS,NN,18.2,114.0,45,NaN,270,12,270,12,NaN,NaN,NaN,NaN,NaN,NaN,NaN,NaN,NaN,NaN,TS,NW,B,B,NaN,NaN,NaN,NaN,NaN,NaN,
1948082100,11w.1948,FLO,TS,NN,18.3,112.8,50,NaN,273,11,273,11,NaN,NaN,NaN,NaN,NaN,NaN,NaN,NaN,NaN,NaN,TS,NW,B,B,NaN,NaN,NaN,NaN,NaN,NaN,
1948082106,11w.1948,FLO,TS,NN,18.7,111.7,50,NaN,283,11,283,11,NaN,NaN,NaN,NaN,NaN,NaN,NaN,NaN,NaN,NaN,TS,NW,B,B,NaN,NaN,NaN,NaN,NaN,NaN,
1948082112,11w.1948,FLO,TS,NN,19.1,110.6,50,NaN,291,11,291,11,NaN,NaN,NaN,NaN,NaN,NaN,NaN,NaN,NaN,NaN,TS,NW,B,B,NaN,NaN,0.49,NaN,NaN,NaN,
1948082118,11w.1948,FLO,TS,NN,19.6,109.4,50,NaN,293,12,293,12,NaN,NaN,NaN,NaN,NaN,NaN,NaN,NaN,NaN,NaN,TS,NW,B,B,NaN,NaN,0.85,NaN,NaN,NaN,
1948082200,11w.1948,FLO,TS,NN,20.3,108.3,45,NaN,299,12,299,12,NaN,NaN,NaN,NaN,NaN,NaN,NaN,NaN,NaN,NaN,TS,NW,B,B,NaN,NaN,NaN,NaN,NaN,NaN,
1948082206,11w.1948,FLO,TS,NN,20.8,107.2,40,NaN,300,12,300,12,NaN,NaN,NaN,NaN,NaN,NaN,NaN,NaN,NaN,NaN,TS,NW,B,B,NaN,NaN,0.62,NaN,NaN,NaN,
1948082212,11w.1948,FLO,TS,NN,19.9,106.0,40,NaN,260,11,260,11,NaN,NaN,NaN,NaN,NaN,NaN,NaN,NaN,NaN,NaN,TS,NW,B,B,NaN,NaN,0.63,NaN,NaN,NaN,
1948082218,11w.1948,FLO,TS,NN,19.0,107.0,30,NaN,186,9,186,9,NaN,NaN,NaN,NaN,NaN,NaN,NaN,NaN,NaN,NaN,TD,NW,B,B,NaN,NaN,NaN,NaN,NaN,NaN,
1948082300,11w.1948,FLO,TS,NN,18.5,108.5,30,NaN,121,14,121,14,NaN,NaN,NaN,NaN,NaN,NaN,NaN,NaN,NaN,NaN,TD,NW,B,B,NaN,NaN,0.18,NaN,NaN,NaN,
1948082706,12w.1948,GERTRUD,TY,NN,15.7,137.7,40,NaN,282,12,282,12,NaN,NaN,NaN,NaN,NaN,NaN,NaN,NaN,NaN,NaN,TS,NW,B,B,NaN,NaN,NaN,NaN,NaN,NaN,
1948082712,12w.1948,GERTRUD,TY,NN,15.9,136.5,45,NaN,282,12,282,12,NaN,NaN,NaN,NaN,NaN,NaN,NaN,NaN,NaN,NaN,TS,NW,B,B,NaN,NaN,NaN,NaN,NaN,NaN,
1948082718,12w.1948,GERTRUD,TY,NN,16.2,135.3,50,NaN,282,12,282,12,NaN,NaN,NaN,NaN,NaN,NaN,NaN,NaN,NaN,NaN,TS,NW,B,B,NaN,NaN,NaN,NaN,NaN,NaN,
1948082800,12w.1948,GERTRUD,TY,NN,16.4,134.5,60,NaN,285,10,285,10,NaN,NaN,NaN,NaN,NaN,NaN,NaN,NaN,NaN,NaN,TS,NW,B,B,NaN,NaN,NaN,NaN,NaN,NaN,
1948082806,12w.1948,GERTRUD,TY,NN,16.7,133.4,75,NaN,285,9,285,9,NaN,NaN,NaN,NaN,NaN,NaN,NaN,NaN,NaN,NaN,TY,NW,B,B,NaN,NaN,NaN,NaN,NaN,NaN,
1948082812,12w.1948,GERTRUD,TY,NN,16.9,132.4,85,NaN,284,10,284,10,NaN,NaN,NaN,NaN,NaN,NaN,NaN,NaN,NaN,NaN,TY,NW,B,B,NaN,NaN,NaN,NaN,NaN,NaN,
1948082818,12w.1948,GERTRUD,TY,NN,17.2,131.5,75,NaN,285,9,285,9,NaN,NaN,NaN,NaN,NaN,NaN,NaN,NaN,NaN,NaN,TY,NW,B,B,NaN,NaN,NaN,NaN,NaN,NaN,
1948082900,12w.1948,GERTRUD,TY,NN,17.3,130.2,65,NaN,281,11,281,11,NaN,NaN,NaN,NaN,NaN,NaN,NaN,NaN,NaN,NaN,TY,NW,B,B,NaN,NaN,NaN,NaN,NaN,NaN,
1948082906,12w.1948,GERTRUD,TY,NN,17.3,129.2,65,NaN,273,11,273,11,NaN,NaN,NaN,NaN,NaN,NaN,NaN,NaN,NaN,NaN,TY,NW,B,B,NaN,NaN,NaN,NaN,NaN,NaN,
1948082912,12w.1948,GERTRUD,TY,NN,17.0,128.1,60,NaN,261,10,261,10,NaN,NaN,NaN,NaN,NaN,NaN,NaN,NaN,NaN,NaN,TS,NW,B,B,NaN,NaN,NaN,NaN,NaN,NaN,
1948082918,12w.1948,GERTRUD,TY,NN,16.6,127.1,60,NaN,251,11,251,11,NaN,NaN,NaN,NaN,NaN,NaN,NaN,NaN,NaN,NaN,TS,NW,B,B,NaN,NaN,NaN,NaN,NaN,NaN,
1948083000,12w.1948,GERTRUD,TY,NN,16.2,126.1,65,NaN,247,10,247,10,NaN,NaN,NaN,NaN,NaN,NaN,NaN,NaN,NaN,NaN,TY,NW,B,B,NaN,NaN,NaN,NaN,NaN,NaN,
1948083006,12w.1948,GERTRUD,TY,NN,15.9,125.6,65,NaN,244,8,244,8,NaN,NaN,NaN,NaN,NaN,NaN,NaN,NaN,NaN,NaN,TY,NW,B,B,NaN,NaN,NaN,NaN,NaN,NaN,
1948083012,12w.1948,GERTRUD,TY,NN,15.6,124.8,70,NaN,244,7,244,7,NaN,NaN,NaN,NaN,NaN,NaN,NaN,NaN,NaN,NaN,TY,NW,B,B,NaN,NaN,NaN,NaN,NaN,NaN,
1948083018,12w.1948,GERTRUD,TY,NN,15.5,124.1,70,NaN,255,7,255,7,NaN,NaN,NaN,NaN,NaN,NaN,NaN,NaN,NaN,NaN,TY,NW,B,B,NaN,NaN,NaN,NaN,NaN,NaN,
1948083100,12w.1948,GERTRUD,TY,NN,15.5,123.3,70,NaN,266,7,266,7,NaN,NaN,NaN,NaN,NaN,NaN,NaN,NaN,NaN,NaN,TY,NW,B,B,NaN,NaN,NaN,NaN,NaN,NaN,
1948083106,12w.1948,GERTRUD,TY,NN,15.6,122.6,70,NaN,274,7,274,7,NaN,NaN,NaN,NaN,NaN,NaN,NaN,NaN,NaN,NaN,TY,NW,B,B,NaN,NaN,NaN,NaN,NaN,NaN,
1948083112,12w.1948,GERTRUD,TY,NN,15.7,122.0,60,NaN,279,6,279,6,NaN,NaN,NaN,NaN,NaN,NaN,NaN,NaN,NaN,NaN,TS,NW,B,B,NaN,NaN,0.06,NaN,NaN,NaN,
1948083118,12w.1948,GERTRUD,TY,NN,15.9,121.3,60,NaN,283,6,283,6,NaN,NaN,NaN,NaN,NaN,NaN,NaN,NaN,NaN,NaN,TS,NW,B,B,NaN,NaN,0.76,NaN,NaN,NaN,
1948090100,12w.1948,GERTRUD,TY,NN,16.2,120.8,50,NaN,293,6,293,6,NaN,NaN,NaN,NaN,NaN,NaN,NaN,NaN,NaN,NaN,TS,NW,B,B,NaN,NaN,0.98,NaN,NaN,NaN,
1948090106,12w.1948,GERTRUD,TY,NN,16.5,120.0,45,NaN,296,7,296,7,NaN,NaN,NaN,NaN,NaN,NaN,NaN,NaN,NaN,NaN,TS,NW,B,B,NaN,NaN,0.24,NaN,NaN,NaN,
1948090112,12w.1948,GERTRUD,TY,NN,17.0,119.2,45,NaN,298,9,298,9,NaN,NaN,NaN,NaN,NaN,NaN,NaN,NaN,NaN,NaN,TS,NW,B,B,NaN,NaN,NaN,NaN,NaN,NaN,
1948090118,12w.1948,GERTRUD,TY,NN,17.4,118.4,50,NaN,300,9,300,9,NaN,NaN,NaN,NaN,NaN,NaN,NaN,NaN,NaN,NaN,TS,NW,B,B,NaN,NaN,NaN,NaN,NaN,NaN,
1948090200,12w.1948,GERTRUD,TY,NN,18.0,117.7,60,NaN,305,9,305,9,NaN,NaN,NaN,NaN,NaN,NaN,NaN,NaN,NaN,NaN,TS,NW,B,B,NaN,NaN,NaN,NaN,NaN,NaN,
1948090206,12w.1948,GERTRUD,TY,NN,18.9,116.6,60,NaN,311,11,311,11,NaN,NaN,NaN,NaN,NaN,NaN,NaN,NaN,NaN,NaN,TS,NW,B,B,NaN,NaN,NaN,NaN,NaN,NaN,
1948090212,12w.1948,GERTRUD,TY,NN,19.7,115.4,60,NaN,308,14,308,14,NaN,NaN,NaN,NaN,NaN,NaN,NaN,NaN,NaN,NaN,TS,NW,B,B,NaN,NaN,NaN,NaN,NaN,NaN,
1948090218,12w.1948,GERTRUD,TY,NN,20.6,114.3,60,NaN,308,14,308,14,NaN,NaN,NaN,NaN,NaN,NaN,NaN,NaN,NaN,NaN,TS,NW,B,B,NaN,NaN,NaN,NaN,NaN,NaN,
1948090300,12w.1948,GERTRUD,TY,NN,21.3,113.3,60,NaN,309,13,309,13,NaN,NaN,NaN,NaN,NaN,NaN,NaN,NaN,NaN,NaN,TS,NW,B,B,NaN,NaN,0.01,NaN,NaN,NaN,
1948090306,12w.1948,GERTRUD,TY,NN,22.2,112.3,50,NaN,311,12,311,12,NaN,NaN,NaN,NaN,NaN,NaN,NaN,NaN,NaN,NaN,TS,NW,B,B,NaN,NaN,0.69,NaN,NaN,NaN,
1948090312,12w.1948,GERTRUD,TY,NN,21.5,109.0,40,NaN,273,20,273,20,NaN,NaN,NaN,NaN,NaN,NaN,NaN,NaN,NaN,NaN,TS,NW,B,B,NaN,NaN,0.41,NaN,NaN,NaN,
1948090318,12w.1948,GERTRUD,TY,NN,22.0,107.0,30,NaN,268,25,268,25,NaN,NaN,NaN,NaN,NaN,NaN,NaN,NaN,NaN,NaN,TD,NW,B,B,NaN,NaN,0.99,NaN,NaN,NaN,
1948090400,12w.1948,GERTRUD,TY,NN,22.0,106.0,20,NaN,280,14,280,14,NaN,NaN,NaN,NaN,NaN,NaN,NaN,NaN,NaN,NaN,NT,NW,B,B,NaN,NaN,0.99,NaN,NaN,NaN,
1948090206,13w.1948,HAZEL,TY,NN,14.8,133.7,60,NaN,282,9,282,9,NaN,NaN,NaN,NaN,NaN,NaN,NaN,NaN,NaN,NaN,TS,NW,B,B,NaN,NaN,NaN,NaN,NaN,NaN,
1948090212,13w.1948,HAZEL,TY,NN,14.9,132.8,60,NaN,282,9,282,9,NaN,NaN,NaN,NaN,NaN,NaN,NaN,NaN,NaN,NaN,TS,NW,B,B,NaN,NaN,NaN,NaN,NaN,NaN,
1948090218,13w.1948,HAZEL,TY,NN,15.2,131.8,60,NaN,282,9,282,9,NaN,NaN,NaN,NaN,NaN,NaN,NaN,NaN,NaN,NaN,TS,NW,B,B,NaN,NaN,NaN,NaN,NaN,NaN,
1948090300,13w.1948,HAZEL,TY,NN,15.5,130.7,65,NaN,286,11,286,11,NaN,NaN,NaN,NaN,NaN,NaN,NaN,NaN,NaN,NaN,TY,NW,B,B,NaN,NaN,NaN,NaN,NaN,NaN,
1948090306,13w.1948,HAZEL,TY,NN,15.9,129.9,70,NaN,291,10,291,10,NaN,NaN,NaN,NaN,NaN,NaN,NaN,NaN,NaN,NaN,TY,NW,B,B,NaN,NaN,NaN,NaN,NaN,NaN,
1948090312,13w.1948,HAZEL,TY,NN,16.3,129.0,70,NaN,296,9,296,9,NaN,NaN,NaN,NaN,NaN,NaN,NaN,NaN,NaN,NaN,TY,NW,B,B,NaN,NaN,NaN,NaN,NaN,NaN,
1948090318,13w.1948,HAZEL,TY,NN,16.8,128.0,70,NaN,296,10,296,10,NaN,NaN,NaN,NaN,NaN,NaN,NaN,NaN,NaN,NaN,TY,NW,B,B,NaN,NaN,NaN,NaN,NaN,NaN,
1948090400,13w.1948,HAZEL,TY,NN,17.4,127.2,70,NaN,303,10,303,10,NaN,NaN,NaN,NaN,NaN,NaN,NaN,NaN,NaN,NaN,TY,NW,B,B,NaN,NaN,NaN,NaN,NaN,NaN,
1948090406,13w.1948,HAZEL,TY,NN,18.0,126.3,75,NaN,306,10,306,10,NaN,NaN,NaN,NaN,NaN,NaN,NaN,NaN,NaN,NaN,TY,NW,B,B,NaN,NaN,NaN,NaN,NaN,NaN,
1948090412,13w.1948,HAZEL,TY,NN,18.5,125.5,75,NaN,304,10,304,10,NaN,NaN,NaN,NaN,NaN,NaN,NaN,NaN,NaN,NaN,TY,NW,B,B,NaN,NaN,NaN,NaN,NaN,NaN,
1948090418,13w.1948,HAZEL,TY,NN,19.2,124.6,75,NaN,307,10,307,10,NaN,NaN,NaN,NaN,NaN,NaN,NaN,NaN,NaN,NaN,TY,NW,B,B,NaN,NaN,NaN,NaN,NaN,NaN,
1948090500,13w.1948,HAZEL,TY,NN,20.0,123.7,75,NaN,311,11,311,11,NaN,NaN,NaN,NaN,NaN,NaN,NaN,NaN,NaN,NaN,TY,NW,B,B,NaN,NaN,NaN,NaN,NaN,NaN,
1948090506,13w.1948,HAZEL,TY,NN,21.0,123.0,80,NaN,320,12,320,12,NaN,NaN,NaN,NaN,NaN,NaN,NaN,NaN,NaN,NaN,TY,NW,B,B,NaN,NaN,NaN,NaN,NaN,NaN,
1948090512,13w.1948,HAZEL,TY,NN,22.0,122.5,80,NaN,331,11,331,11,NaN,NaN,NaN,NaN,NaN,NaN,NaN,NaN,NaN,NaN,TY,NW,B,B,NaN,NaN,NaN,NaN,NaN,NaN,
1948090518,13w.1948,HAZEL,TY,NN,23.0,122.2,80,NaN,340,11,340,11,NaN,NaN,NaN,NaN,NaN,NaN,NaN,NaN,NaN,NaN,TY,NW,B,B,NaN,NaN,NaN,NaN,NaN,NaN,
1948090600,13w.1948,HAZEL,TY,NN,24.1,122.0,70,NaN,348,11,348,11,NaN,NaN,NaN,NaN,NaN,NaN,NaN,NaN,NaN,NaN,TY,NW,B,B,NaN,NaN,0.13,NaN,NaN,NaN,
1948090606,13w.1948,HAZEL,TY,NN,25.0,122.0,70,NaN,355,10,355,10,NaN,NaN,NaN,NaN,NaN,NaN,NaN,NaN,NaN,NaN,TY,NW,B,B,NaN,NaN,0.25,NaN,NaN,NaN,
1948090612,13w.1948,HAZEL,TY,NN,26.2,122.1,60,NaN,2,11,2,11,NaN,NaN,NaN,NaN,NaN,NaN,NaN,NaN,NaN,NaN,TS,NW,B,B,NaN,NaN,NaN,NaN,NaN,NaN,
1948090618,13w.1948,HAZEL,TY,NN,27.3,122.4,60,NaN,9,12,9,12,NaN,NaN,NaN,NaN,NaN,NaN,NaN,NaN,NaN,NaN,TS,NW,B,B,NaN,NaN,NaN,NaN,NaN,NaN,
1948090700,13w.1948,HAZEL,TY,NN,28.6,122.9,40,NaN,16,13,16,13,NaN,NaN,NaN,NaN,NaN,NaN,NaN,NaN,NaN,NaN,TS,NW,B,B,NaN,NaN,NaN,NaN,NaN,NaN,
1948090706,13w.1948,HAZEL,TY,NN,29.7,123.4,30,NaN,20,13,20,13,NaN,NaN,NaN,NaN,NaN,NaN,NaN,NaN,NaN,NaN,TD,NW,B,B,NaN,NaN,NaN,NaN,NaN,NaN,
1948091106,14w.1948,IONE,TY,NN,14.3,155.0,40,NaN,275,16,275,16,NaN,NaN,NaN,NaN,NaN,NaN,NaN,NaN,NaN,NaN,TS,NW,B,B,NaN,NaN,NaN,NaN,NaN,NaN,
1948091112,14w.1948,IONE,TY,NN,14.3,153.6,40,NaN,275,16,275,16,NaN,NaN,NaN,NaN,NaN,NaN,NaN,NaN,NaN,NaN,TS,NW,B,B,NaN,NaN,NaN,NaN,NaN,NaN,
1948091118,14w.1948,IONE,TY,NN,14.6,151.7,45,NaN,275,16,275,16,NaN,NaN,NaN,NaN,NaN,NaN,NaN,NaN,NaN,NaN,TS,NW,B,B,NaN,NaN,NaN,NaN,NaN,NaN,
1948091200,14w.1948,IONE,TY,NN,15.0,150.0,50,NaN,281,18,281,18,NaN,NaN,NaN,NaN,NaN,NaN,NaN,NaN,NaN,NaN,TS,NW,B,B,NaN,NaN,NaN,NaN,NaN,NaN,
1948091206,14w.1948,IONE,TY,NN,15.7,148.7,55,NaN,291,15,291,15,NaN,NaN,NaN,NaN,NaN,NaN,NaN,NaN,NaN,NaN,TS,NW,B,B,NaN,NaN,NaN,NaN,NaN,NaN,
1948091212,14w.1948,IONE,TY,NN,16.6,147.4,60,NaN,303,15,303,15,NaN,NaN,NaN,NaN,NaN,NaN,NaN,NaN,NaN,NaN,TS,NW,B,B,NaN,NaN,NaN,NaN,NaN,NaN,
1948091218,14w.1948,IONE,TY,NN,17.8,146.1,60,NaN,310,16,310,16,NaN,NaN,NaN,NaN,NaN,NaN,NaN,NaN,NaN,NaN,TS,NW,B,B,NaN,NaN,NaN,NaN,NaN,NaN,
1948091300,14w.1948,IONE,TY,NN,18.7,145.0,65,NaN,313,16,313,16,NaN,NaN,NaN,NaN,NaN,NaN,NaN,NaN,NaN,NaN,TY,NW,B,B,NaN,NaN,NaN,NaN,NaN,NaN,
1948091306,14w.1948,IONE,TY,NN,19.7,143.8,65,NaN,311,14,311,14,NaN,NaN,NaN,NaN,NaN,NaN,NaN,NaN,NaN,NaN,TY,NW,B,B,NaN,NaN,NaN,NaN,NaN,NaN,
1948091312,14w.1948,IONE,TY,NN,20.7,142.7,75,NaN,313,15,313,15,NaN,NaN,NaN,NaN,NaN,NaN,NaN,NaN,NaN,NaN,TY,NW,B,B,NaN,NaN,NaN,NaN,NaN,NaN,
1948091318,14w.1948,IONE,TY,NN,21.6,141.6,80,NaN,313,14,313,14,NaN,NaN,NaN,NaN,NaN,NaN,NaN,NaN,NaN,NaN,TY,NW,B,B,NaN,NaN,NaN,NaN,NaN,NaN,
1948091400,14w.1948,IONE,TY,NN,22.7,140.7,90,NaN,317,14,317,14,NaN,NaN,NaN,NaN,NaN,NaN,NaN,NaN,NaN,NaN,TY,NW,B,B,NaN,NaN,NaN,NaN,NaN,NaN,
1948091406,14w.1948,IONE,TY,NN,23.8,139.6,100,NaN,320,14,320,14,NaN,NaN,NaN,NaN,NaN,NaN,NaN,NaN,NaN,NaN,TY,NW,B,B,NaN,NaN,NaN,NaN,NaN,NaN,
1948091412,14w.1948,IONE,TY,NN,24.9,138.6,120,NaN,319,15,319,15,NaN,NaN,NaN,NaN,NaN,NaN,NaN,NaN,NaN,NaN,TY,NW,B,B,NaN,NaN,NaN,NaN,NaN,NaN,
1948091418,14w.1948,IONE,TY,NN,26.2,137.6,120,NaN,323,15,323,15,NaN,NaN,NaN,NaN,NaN,NaN,NaN,NaN,NaN,NaN,TY,NW,B,B,NaN,NaN,NaN,NaN,NaN,NaN,
1948091500,14w.1948,IONE,TY,NN,27.4,136.9,110,NaN,329,15,329,15,NaN,NaN,NaN,NaN,NaN,NaN,NaN,NaN,NaN,NaN,TY,NW,B,B,NaN,NaN,NaN,NaN,NaN,NaN,
1948091506,14w.1948,IONE,TY,NN,28.6,136.5,90,NaN,338,13,338,13,NaN,NaN,NaN,NaN,NaN,NaN,NaN,NaN,NaN,NaN,TY,NW,B,B,NaN,NaN,NaN,NaN,NaN,NaN,
1948091512,14w.1948,IONE,TY,NN,30.3,136.3,90,NaN,350,15,350,15,NaN,NaN,NaN,NaN,NaN,NaN,NaN,NaN,NaN,NaN,TY,NW,B,B,NaN,NaN,NaN,NaN,NaN,NaN,
1948091518,14w.1948,IONE,TY,NN,31.9,136.5,90,NaN,360,17,360,16,NaN,NaN,NaN,NaN,NaN,NaN,NaN,NaN,NaN,NaN,TY,NW,B,B,NaN,NaN,NaN,NaN,NaN,NaN,
1948091600,14w.1948,IONE,TY,NN,33.1,137.1,90,NaN,14,14,14,14,NaN,NaN,NaN,NaN,NaN,NaN,NaN,NaN,NaN,NaN,TY,NW,B,B,NaN,NaN,NaN,NaN,NaN,NaN,
1948091606,14w.1948,IONE,TY,NN,34.9,138.8,80,NaN,33,18,33,18,NaN,NaN,NaN,NaN,NaN,NaN,NaN,NaN,NaN,NaN,TY,NW,B,B,NaN,NaN,0.47,NaN,NaN,NaN,
1948091612,14w.1948,IONE,TY,NN,36.7,141.1,70,NaN,42,24,42,24,NaN,NaN,NaN,NaN,NaN,NaN,NaN,NaN,NaN,NaN,TY,NW,B,B,NaN,NaN,0.18,NaN,NaN,NaN,
1948091618,14w.1948,IONE,TY,NN,38.7,143.6,50,NaN,45,27,45,27,NaN,NaN,NaN,NaN,NaN,NaN,NaN,NaN,NaN,NaN,TS,NW,B,B,NaN,NaN,NaN,NaN,NaN,NaN,
1948091700,14w.1948,IONE,TY,NN,40.3,146.3,50,NaN,48,27,48,27,NaN,NaN,NaN,NaN,NaN,NaN,NaN,NaN,NaN,NaN,TS,NW,B,B,NaN,NaN,NaN,NaN,NaN,NaN,
1948091100,15w.1948,JACKIE,TY,NN,17.2,136.7,45,NaN,298,5,298,5,NaN,NaN,NaN,NaN,NaN,NaN,NaN,NaN,NaN,NaN,TS,NW,B,B,NaN,NaN,NaN,NaN,NaN,NaN,
1948091106,15w.1948,JACKIE,TY,NN,17.5,136.0,45,NaN,298,5,298,5,NaN,NaN,NaN,NaN,NaN,NaN,NaN,NaN,NaN,NaN,TS,NW,B,B,NaN,NaN,NaN,NaN,NaN,NaN,
1948091112,15w.1948,JACKIE,TY,NN,17.7,135.7,50,NaN,298,5,298,5,NaN,NaN,NaN,NaN,NaN,NaN,NaN,NaN,NaN,NaN,TS,NW,B,B,NaN,NaN,NaN,NaN,NaN,NaN,
1948091118,15w.1948,JACKIE,TY,NN,18.0,135.0,50,NaN,298,5,298,5,NaN,NaN,NaN,NaN,NaN,NaN,NaN,NaN,NaN,NaN,TS,NW,B,B,NaN,NaN,NaN,NaN,NaN,NaN,
1948091200,15w.1948,JACKIE,TY,NN,18.3,134.5,50,NaN,298,6,298,6,NaN,NaN,NaN,NaN,NaN,NaN,NaN,NaN,NaN,NaN,TS,NW,B,B,NaN,NaN,NaN,NaN,NaN,NaN,
1948091206,15w.1948,JACKIE,TY,NN,18.7,133.8,50,NaN,302,7,302,7,NaN,NaN,NaN,NaN,NaN,NaN,NaN,NaN,NaN,NaN,TS,NW,B,B,NaN,NaN,NaN,NaN,NaN,NaN,
1948091212,15w.1948,JACKIE,TY,NN,19.1,132.9,50,NaN,298,9,298,9,NaN,NaN,NaN,NaN,NaN,NaN,NaN,NaN,NaN,NaN,TS,NW,B,B,NaN,NaN,NaN,NaN,NaN,NaN,
1948091218,15w.1948,JACKIE,TY,NN,19.4,131.8,60,NaN,290,10,290,10,NaN,NaN,NaN,NaN,NaN,NaN,NaN,NaN,NaN,NaN,TS,NW,B,B,NaN,NaN,NaN,NaN,NaN,NaN,
1948091300,15w.1948,JACKIE,TY,NN,19.4,131.1,60,NaN,280,9,280,9,NaN,NaN,NaN,NaN,NaN,NaN,NaN,NaN,NaN,NaN,TS,NW,B,B,NaN,NaN,NaN,NaN,NaN,NaN,
1948091306,15w.1948,JACKIE,TY,NN,19.4,130.3,65,NaN,270,7,270,7,NaN,NaN,NaN,NaN,NaN,NaN,NaN,NaN,NaN,NaN,TY,NW,B,B,NaN,NaN,NaN,NaN,NaN,NaN,
1948091312,15w.1948,JACKIE,TY,NN,19.4,129.7,65,NaN,270,7,270,7,NaN,NaN,NaN,NaN,NaN,NaN,NaN,NaN,NaN,NaN,TY,NW,B,B,NaN,NaN,NaN,NaN,NaN,NaN,
1948091318,15w.1948,JACKIE,TY,NN,19.5,129.1,65,NaN,275,6,275,6,NaN,NaN,NaN,NaN,NaN,NaN,NaN,NaN,NaN,NaN,TY,NW,B,B,NaN,NaN,NaN,NaN,NaN,NaN,
1948091400,15w.1948,JACKIE,TY,NN,19.6,128.8,70,NaN,283,4,283,4,NaN,NaN,NaN,NaN,NaN,NaN,NaN,NaN,NaN,NaN,TY,NW,B,B,NaN,NaN,NaN,NaN,NaN,NaN,
1948091406,15w.1948,JACKIE,TY,NN,19.8,128.4,70,NaN,294,4,294,4,NaN,NaN,NaN,NaN,NaN,NaN,NaN,NaN,NaN,NaN,TY,NW,B,B,NaN,NaN,NaN,NaN,NaN,NaN,
1948091412,15w.1948,JACKIE,TY,NN,20.0,128.1,70,NaN,301,4,301,4,NaN,NaN,NaN,NaN,NaN,NaN,NaN,NaN,NaN,NaN,TY,NW,B,B,NaN,NaN,NaN,NaN,NaN,NaN,
1948091418,15w.1948,JACKIE,TY,NN,20.2,127.8,75,NaN,305,3,305,3,NaN,NaN,NaN,NaN,NaN,NaN,NaN,NaN,NaN,NaN,TY,NW,B,B,NaN,NaN,NaN,NaN,NaN,NaN,
1948091500,15w.1948,JACKIE,TY,NN,20.3,127.4,75,NaN,295,4,295,4,NaN,NaN,NaN,NaN,NaN,NaN,NaN,NaN,NaN,NaN,TY,NW,B,B,NaN,NaN,NaN,NaN,NaN,NaN,
1948091506,15w.1948,JACKIE,TY,NN,20.5,127.0,75,NaN,292,4,292,4,NaN,NaN,NaN,NaN,NaN,NaN,NaN,NaN,NaN,NaN,TY,NW,B,B,NaN,NaN,NaN,NaN,NaN,NaN,
1948091512,15w.1948,JACKIE,TY,NN,20.8,126.6,80,NaN,304,5,304,5,NaN,NaN,NaN,NaN,NaN,NaN,NaN,NaN,NaN,NaN,TY,NW,B,B,NaN,NaN,NaN,NaN,NaN,NaN,
1948091518,15w.1948,JACKIE,TY,NN,21.2,126.1,80,NaN,310,5,310,5,NaN,NaN,NaN,NaN,NaN,NaN,NaN,NaN,NaN,NaN,TY,NW,B,B,NaN,NaN,NaN,NaN,NaN,NaN,
1948091600,15w.1948,JACKIE,TY,NN,21.8,125.3,80,NaN,310,8,310,8,NaN,NaN,NaN,NaN,NaN,NaN,NaN,NaN,NaN,NaN,TY,NW,B,B,NaN,NaN,NaN,NaN,NaN,NaN,
1948091606,15w.1948,JACKIE,TY,NN,22.3,124.5,80,NaN,307,9,307,9,NaN,NaN,NaN,NaN,NaN,NaN,NaN,NaN,NaN,NaN,TY,NW,B,B,NaN,NaN,NaN,NaN,NaN,NaN,
1948091612,15w.1948,JACKIE,TY,NN,22.9,123.9,70,NaN,310,8,310,8,NaN,NaN,NaN,NaN,NaN,NaN,NaN,NaN,NaN,NaN,TY,NW,B,B,NaN,NaN,NaN,NaN,NaN,NaN,
1948091618,15w.1948,JACKIE,TY,NN,23.5,123.2,70,NaN,315,8,315,8,NaN,NaN,NaN,NaN,NaN,NaN,NaN,NaN,NaN,NaN,TY,NW,B,B,NaN,NaN,NaN,NaN,NaN,NaN,
1948091700,15w.1948,JACKIE,TY,NN,24.1,122.4,70,NaN,311,9,311,9,NaN,NaN,NaN,NaN,NaN,NaN,NaN,NaN,NaN,NaN,TY,NW,B,B,NaN,NaN,NaN,NaN,NaN,NaN,
1948091706,15w.1948,JACKIE,TY,NN,24.6,121.8,65,NaN,311,8,311,8,NaN,NaN,NaN,NaN,NaN,NaN,NaN,NaN,NaN,NaN,TY,NW,B,B,NaN,NaN,0.28,NaN,NaN,NaN,
1948091712,15w.1948,JACKIE,TY,NN,25.3,121.0,60,NaN,313,9,313,9,NaN,NaN,NaN,NaN,NaN,NaN,NaN,NaN,NaN,NaN,TS,NW,B,B,NaN,NaN,0.07,NaN,NaN,NaN,
1948091718,15w.1948,JACKIE,TY,NN,25.8,120.0,55,NaN,306,10,306,10,NaN,NaN,NaN,NaN,NaN,NaN,NaN,NaN,NaN,NaN,TS,NW,B,B,NaN,NaN,0.14,NaN,NaN,NaN,
1948091800,15w.1948,JACKIE,TY,NN,26.0,119.0,50,NaN,291,10,291,10,NaN,NaN,NaN,NaN,NaN,NaN,NaN,NaN,NaN,NaN,TS,NW,B,B,NaN,NaN,0.95,NaN,NaN,NaN,
1948091806,15w.1948,JACKIE,TY,NN,26.4,118.2,45,NaN,290,9,290,9,NaN,NaN,NaN,NaN,NaN,NaN,NaN,NaN,NaN,NaN,TS,NW,B,B,NaN,NaN,0.98,NaN,NaN,NaN,
1948092400,16w.1948,KIT,TS,NN,14.7,125.7,55,NaN,296,16,296,16,NaN,NaN,NaN,NaN,NaN,NaN,NaN,NaN,NaN,NaN,TS,NW,B,B,NaN,NaN,NaN,NaN,NaN,NaN,
1948092406,16w.1948,KIT,TS,NN,15.2,124.5,60,NaN,296,16,296,16,NaN,NaN,NaN,NaN,NaN,NaN,NaN,NaN,NaN,NaN,TS,NW,B,B,NaN,NaN,NaN,NaN,NaN,NaN,
1948092412,16w.1948,KIT,TS,NN,16.1,122.7,60,NaN,296,16,296,16,NaN,NaN,NaN,NaN,NaN,NaN,NaN,NaN,NaN,NaN,TS,NW,B,B,NaN,NaN,0.07,NaN,NaN,NaN,
1948092418,16w.1948,KIT,TS,NN,16.5,121.2,45,NaN,292,17,292,17,NaN,NaN,NaN,NaN,NaN,NaN,NaN,NaN,NaN,NaN,TS,NW,B,B,NaN,NaN,0.98,NaN,NaN,NaN,
1948092500,16w.1948,KIT,TS,NN,17.2,119.4,50,NaN,289,17,289,17,NaN,NaN,NaN,NaN,NaN,NaN,NaN,NaN,NaN,NaN,TS,NW,B,B,NaN,NaN,NaN,NaN,NaN,NaN,
1948092506,16w.1948,KIT,TS,NN,17.6,118.0,55,NaN,290,16,290,16,NaN,NaN,NaN,NaN,NaN,NaN,NaN,NaN,NaN,NaN,TS,NW,B,B,NaN,NaN,NaN,NaN,NaN,NaN,
1948092512,16w.1948,KIT,TS,NN,17.9,116.7,60,NaN,285,13,285,13,NaN,NaN,NaN,NaN,NaN,NaN,NaN,NaN,NaN,NaN,TS,NW,B,B,NaN,NaN,NaN,NaN,NaN,NaN,
1948092518,16w.1948,KIT,TS,NN,18.4,115.2,60,NaN,287,14,287,14,NaN,NaN,NaN,NaN,NaN,NaN,NaN,NaN,NaN,NaN,TS,NW,B,B,NaN,NaN,NaN,NaN,NaN,NaN,
1948092600,16w.1948,KIT,TS,NN,19.0,113.8,60,NaN,292,15,292,15,NaN,NaN,NaN,NaN,NaN,NaN,NaN,NaN,NaN,NaN,TS,NW,B,B,NaN,NaN,NaN,NaN,NaN,NaN,
1948092606,16w.1948,KIT,TS,NN,19.7,112.6,60,NaN,298,14,298,14,NaN,NaN,NaN,NaN,NaN,NaN,NaN,NaN,NaN,NaN,TS,NW,B,B,NaN,NaN,NaN,NaN,NaN,NaN,
1948092612,16w.1948,KIT,TS,NN,20.1,111.9,55,NaN,302,11,302,11,NaN,NaN,NaN,NaN,NaN,NaN,NaN,NaN,NaN,NaN,TS,NW,B,B,NaN,NaN,NaN,NaN,NaN,NaN,
1948092618,16w.1948,KIT,TS,NN,20.9,110.7,50,NaN,304,11,304,11,NaN,NaN,NaN,NaN,NaN,NaN,NaN,NaN,NaN,NaN,TS,NW,B,B,NaN,NaN,0.49,NaN,NaN,NaN,
1948092700,16w.1948,KIT,TS,NN,21.6,109.9,40,NaN,309,12,309,12,NaN,NaN,NaN,NaN,NaN,NaN,NaN,NaN,NaN,NaN,TS,NW,B,B,NaN,NaN,0.81,NaN,NaN,NaN,
1948092706,16w.1948,KIT,TS,NN,19.0,110.2,40,NaN,194,10,194,10,NaN,NaN,NaN,NaN,NaN,NaN,NaN,NaN,NaN,NaN,TS,NW,B,B,NaN,NaN,0.91,NaN,NaN,NaN,
1948092712,16w.1948,KIT,TS,NN,18.0,109.5,35,NaN,186,18,186,18,NaN,NaN,NaN,NaN,NaN,NaN,NaN,NaN,NaN,NaN,TS,NW,B,B,NaN,NaN,0.18,NaN,NaN,NaN,
1948092718,16w.1948,KIT,TS,NN,17.5,108.0,30,NaN,234,13,234,13,NaN,NaN,NaN,NaN,NaN,NaN,NaN,NaN,NaN,NaN,TD,NW,B,B,NaN,NaN,NaN,NaN,NaN,NaN,
1948092800,16w.1948,KIT,TS,NN,17.0,107.0,30,NaN,247,13,247,13,NaN,NaN,NaN,NaN,NaN,NaN,NaN,NaN,NaN,NaN,TD,NW,B,B,NaN,NaN,0.62,NaN,NaN,NaN,
1948092806,16w.1948,KIT,TS,NN,16.5,106.0,30,NaN,242,11,242,11,NaN,NaN,NaN,NaN,NaN,NaN,NaN,NaN,NaN,NaN,TD,NW,B,B,NaN,NaN,0.99,NaN,NaN,NaN,
1948092906,17w.1948,LIBBY,TY,NN,24.4,144.0,55,NaN,288,10,288,10,NaN,NaN,NaN,NaN,NaN,NaN,NaN,NaN,NaN,NaN,TS,NW,B,B,NaN,NaN,NaN,NaN,NaN,NaN,
1948092912,17w.1948,LIBBY,TY,NN,24.7,143.1,80,NaN,288,10,288,10,NaN,NaN,NaN,NaN,NaN,NaN,NaN,NaN,NaN,NaN,TY,NW,B,B,NaN,NaN,NaN,NaN,NaN,NaN,
1948092918,17w.1948,LIBBY,TY,NN,25.0,142.0,100,NaN,288,10,288,10,NaN,NaN,NaN,NaN,NaN,NaN,NaN,NaN,NaN,NaN,TY,NW,B,B,NaN,NaN,NaN,NaN,NaN,NaN,
1948093000,17w.1948,LIBBY,TY,NN,25.1,140.8,120,NaN,281,11,281,11,NaN,NaN,NaN,NaN,NaN,NaN,NaN,NaN,NaN,NaN,TY,NW,B,B,NaN,NaN,NaN,NaN,NaN,NaN,
1948093006,17w.1948,LIBBY,TY,NN,25.1,139.8,125,NaN,273,10,273,10,NaN,NaN,NaN,NaN,NaN,NaN,NaN,NaN,NaN,NaN,TY,NW,B,B,NaN,NaN,NaN,NaN,NaN,NaN,
1948093012,17w.1948,LIBBY,TY,NN,25.1,138.6,120,NaN,270,10,270,10,NaN,NaN,NaN,NaN,NaN,NaN,NaN,NaN,NaN,NaN,TY,NW,B,B,NaN,NaN,NaN,NaN,NaN,NaN,
1948093018,17w.1948,LIBBY,TY,NN,25.1,137.6,110,NaN,270,10,270,10,NaN,NaN,NaN,NaN,NaN,NaN,NaN,NaN,NaN,NaN,TY,NW,B,B,NaN,NaN,NaN,NaN,NaN,NaN,
1948100100,17w.1948,LIBBY,TY,NN,25.1,136.5,100,NaN,270,10,270,10,NaN,NaN,NaN,NaN,NaN,NaN,NaN,NaN,NaN,NaN,TY,NW,B,B,NaN,NaN,NaN,NaN,NaN,NaN,
1948100106,17w.1948,LIBBY,TY,NN,25.1,135.4,90,NaN,270,10,270,10,NaN,NaN,NaN,NaN,NaN,NaN,NaN,NaN,NaN,NaN,TY,NW,B,B,NaN,NaN,NaN,NaN,NaN,NaN,
1948100112,17w.1948,LIBBY,TY,NN,25.1,134.3,90,NaN,270,10,270,10,NaN,NaN,NaN,NaN,NaN,NaN,NaN,NaN,NaN,NaN,TY,NW,B,B,NaN,NaN,NaN,NaN,NaN,NaN,
1948100118,17w.1948,LIBBY,TY,NN,25.1,133.6,90,NaN,270,8,270,8,NaN,NaN,NaN,NaN,NaN,NaN,NaN,NaN,NaN,NaN,TY,NW,B,B,NaN,NaN,NaN,NaN,NaN,NaN,
1948100200,17w.1948,LIBBY,TY,NN,25.0,132.9,80,NaN,265,6,265,6,NaN,NaN,NaN,NaN,NaN,NaN,NaN,NaN,NaN,NaN,TY,NW,B,B,NaN,NaN,NaN,NaN,NaN,NaN,
1948100206,17w.1948,LIBBY,TY,NN,25.0,132.0,75,NaN,266,7,266,7,NaN,NaN,NaN,NaN,NaN,NaN,NaN,NaN,NaN,NaN,TY,NW,B,B,NaN,NaN,NaN,NaN,NaN,NaN,
1948100212,17w.1948,LIBBY,TY,NN,25.0,131.1,75,NaN,270,8,270,8,NaN,NaN,NaN,NaN,NaN,NaN,NaN,NaN,NaN,NaN,TY,NW,B,B,NaN,NaN,NaN,NaN,NaN,NaN,
1948100218,17w.1948,LIBBY,TY,NN,25.0,130.1,75,NaN,270,9,270,9,NaN,NaN,NaN,NaN,NaN,NaN,NaN,NaN,NaN,NaN,TY,NW,B,B,NaN,NaN,NaN,NaN,NaN,NaN,
1948100300,17w.1948,LIBBY,TY,NN,25.2,129.2,75,NaN,277,9,277,9,NaN,NaN,NaN,NaN,NaN,NaN,NaN,NaN,NaN,NaN,TY,NW,B,B,NaN,NaN,NaN,NaN,NaN,NaN,
1948100306,17w.1948,LIBBY,TY,NN,25.4,128.6,75,NaN,286,7,286,7,NaN,NaN,NaN,NaN,NaN,NaN,NaN,NaN,NaN,NaN,TY,NW,B,B,NaN,NaN,NaN,NaN,NaN,NaN,
1948100312,17w.1948,LIBBY,TY,NN,25.7,128.2,75,NaN,299,5,299,5,NaN,NaN,NaN,NaN,NaN,NaN,NaN,NaN,NaN,NaN,TY,NW,B,B,NaN,NaN,NaN,NaN,NaN,NaN,
1948100318,17w.1948,LIBBY,TY,NN,25.9,127.9,75,NaN,308,4,308,4,NaN,NaN,NaN,NaN,NaN,NaN,NaN,NaN,NaN,NaN,TY,NW,B,B,NaN,NaN,0.05,NaN,NaN,NaN,
1948100400,17w.1948,LIBBY,TY,NN,26.3,127.7,80,NaN,323,4,323,4,NaN,NaN,NaN,NaN,NaN,NaN,NaN,NaN,NaN,NaN,TY,NW,B,B,NaN,NaN,0.07,NaN,NaN,NaN,
1948100406,17w.1948,LIBBY,TY,NN,26.7,127.9,90,NaN,360,4,360,4,NaN,NaN,NaN,NaN,NaN,NaN,NaN,NaN,NaN,NaN,TY,NW,B,B,NaN,NaN,0.10,NaN,NaN,NaN,
1948100412,17w.1948,LIBBY,TY,NN,27.2,128.3,95,NaN,31,5,31,5,NaN,NaN,NaN,NaN,NaN,NaN,NaN,NaN,NaN,NaN,TY,NW,B,B,NaN,NaN,0.05,NaN,NaN,NaN,
1948100418,17w.1948,LIBBY,TY,NN,27.9,128.9,85,NaN,37,7,37,7,NaN,NaN,NaN,NaN,NaN,NaN,NaN,NaN,NaN,NaN,TY,NW,B,B,NaN,NaN,0.08,NaN,NaN,NaN,
1948100500,17w.1948,LIBBY,TY,NN,28.5,129.5,80,NaN,39,8,39,8,NaN,NaN,NaN,NaN,NaN,NaN,NaN,NaN,NaN,NaN,TY,NW,B,B,NaN,NaN,0.08,NaN,NaN,NaN,
1948100506,17w.1948,LIBBY,TY,NN,29.2,130.2,75,NaN,41,9,41,9,NaN,NaN,NaN,NaN,NaN,NaN,NaN,NaN,NaN,NaN,TY,NW,B,B,NaN,NaN,NaN,NaN,NaN,NaN,
1948100512,17w.1948,LIBBY,TY,NN,30.3,131.4,75,NaN,43,12,43,12,NaN,NaN,NaN,NaN,NaN,NaN,NaN,NaN,NaN,NaN,TY,NW,B,B,NaN,NaN,0.02,NaN,NaN,NaN,
1948100518,17w.1948,LIBBY,TY,NN,31.2,133.0,70,NaN,50,16,50,16,NaN,NaN,NaN,NaN,NaN,NaN,NaN,NaN,NaN,NaN,TY,NW,B,B,NaN,NaN,NaN,NaN,NaN,NaN,
1948100600,17w.1948,LIBBY,TY,NN,32.0,134.6,70,NaN,58,16,58,16,NaN,NaN,NaN,NaN,NaN,NaN,NaN,NaN,NaN,NaN,TY,NW,B,B,NaN,NaN,NaN,NaN,NaN,NaN,
1948100606,17w.1948,LIBBY,TY,NN,32.8,136.1,70,NaN,59,15,59,15,NaN,NaN,NaN,NaN,NaN,NaN,NaN,NaN,NaN,NaN,TY,NW,B,B,NaN,NaN,NaN,NaN,NaN,NaN,
1948100612,17w.1948,LIBBY,TY,NN,33.8,138.0,65,NaN,58,17,58,17,NaN,NaN,NaN,NaN,NaN,NaN,NaN,NaN,NaN,NaN,TY,NW,B,B,NaN,NaN,NaN,NaN,NaN,NaN,
1948100618,17w.1948,LIBBY,TY,NN,34.6,140.0,60,NaN,61,19,61,19,NaN,NaN,NaN,NaN,NaN,NaN,NaN,NaN,NaN,NaN,TS,NW,B,B,NaN,NaN,0.02,NaN,NaN,NaN,
1948100700,17w.1948,LIBBY,TY,NN,35.5,142.7,50,NaN,66,21,66,21,NaN,NaN,NaN,NaN,NaN,NaN,NaN,NaN,NaN,NaN,TS,NW,B,B,NaN,NaN,NaN,NaN,NaN,NaN,
1948100400,18w.1948,MARTHA,TY,NN,25.0,157.0,85,NaN,270,10,270,10,NaN,NaN,NaN,NaN,NaN,NaN,NaN,NaN,NaN,NaN,TY,NW,B,B,NaN,NaN,NaN,NaN,NaN,NaN,
1948100406,18w.1948,MARTHA,TY,NN,25.0,156.0,90,NaN,270,10,270,10,NaN,NaN,NaN,NaN,NaN,NaN,NaN,NaN,NaN,NaN,TY,NW,B,B,NaN,NaN,NaN,NaN,NaN,NaN,
1948100412,18w.1948,MARTHA,TY,NN,25.0,154.8,100,NaN,270,10,270,10,NaN,NaN,NaN,NaN,NaN,NaN,NaN,NaN,NaN,NaN,TY,NW,B,B,NaN,NaN,NaN,NaN,NaN,NaN,
1948100418,18w.1948,MARTHA,TY,NN,25.1,153.5,90,NaN,273,11,273,11,NaN,NaN,NaN,NaN,NaN,NaN,NaN,NaN,NaN,NaN,TY,NW,B,B,NaN,NaN,NaN,NaN,NaN,NaN,
1948100500,18w.1948,MARTHA,TY,NN,25.2,152.3,90,NaN,275,11,275,11,NaN,NaN,NaN,NaN,NaN,NaN,NaN,NaN,NaN,NaN,TY,NW,B,B,NaN,NaN,NaN,NaN,NaN,NaN,
1948100506,18w.1948,MARTHA,TY,NN,25.1,150.6,90,NaN,270,13,270,13,NaN,NaN,NaN,NaN,NaN,NaN,NaN,NaN,NaN,NaN,TY,NW,B,B,NaN,NaN,NaN,NaN,NaN,NaN,
1948100512,18w.1948,MARTHA,TY,NN,25.1,149.3,90,NaN,268,14,268,14,NaN,NaN,NaN,NaN,NaN,NaN,NaN,NaN,NaN,NaN,TY,NW,B,B,NaN,NaN,NaN,NaN,NaN,NaN,
1948100518,18w.1948,MARTHA,TY,NN,25.0,148.3,90,NaN,267,10,267,10,NaN,NaN,NaN,NaN,NaN,NaN,NaN,NaN,NaN,NaN,TY,NW,B,B,NaN,NaN,NaN,NaN,NaN,NaN,
1948100600,18w.1948,MARTHA,TY,NN,25.1,147.4,80,NaN,270,9,270,9,NaN,NaN,NaN,NaN,NaN,NaN,NaN,NaN,NaN,NaN,TY,NW,B,B,NaN,NaN,NaN,NaN,NaN,NaN,
1948100606,18w.1948,MARTHA,TY,NN,25.9,146.5,75,NaN,299,9,299,9,NaN,NaN,NaN,NaN,NaN,NaN,NaN,NaN,NaN,NaN,TY,NW,B,B,NaN,NaN,NaN,NaN,NaN,NaN,
1948100612,18w.1948,MARTHA,TY,NN,26.8,146.4,75,NaN,332,10,332,10,NaN,NaN,NaN,NaN,NaN,NaN,NaN,NaN,NaN,NaN,TY,NW,B,B,NaN,NaN,NaN,NaN,NaN,NaN,
1948100618,18w.1948,MARTHA,TY,NN,27.8,146.5,80,NaN,360,9,360,10,NaN,NaN,NaN,NaN,NaN,NaN,NaN,NaN,NaN,NaN,TY,NW,B,B,NaN,NaN,NaN,NaN,NaN,NaN,
1948100700,18w.1948,MARTHA,TY,NN,29.1,146.7,80,NaN,7,12,7,12,NaN,NaN,NaN,NaN,NaN,NaN,NaN,NaN,NaN,NaN,TY,NW,B,B,NaN,NaN,NaN,NaN,NaN,NaN,
1948100706,18w.1948,MARTHA,TY,NN,30.7,148.1,100,NaN,26,16,26,16,NaN,NaN,NaN,NaN,NaN,NaN,NaN,NaN,NaN,NaN,TY,NW,B,B,NaN,NaN,NaN,NaN,NaN,NaN,
1948100712,18w.1948,MARTHA,TY,NN,31.9,149.5,90,NaN,41,18,41,18,NaN,NaN,NaN,NaN,NaN,NaN,NaN,NaN,NaN,NaN,TY,NW,B,B,NaN,NaN,NaN,NaN,NaN,NaN,
1948100718,18w.1948,MARTHA,TY,NN,33.0,150.7,70,NaN,44,16,44,16,NaN,NaN,NaN,NaN,NaN,NaN,NaN,NaN,NaN,NaN,TY,NW,B,B,NaN,NaN,NaN,NaN,NaN,NaN,
1948100800,18w.1948,MARTHA,TY,NN,34.0,151.7,60,NaN,41,14,41,14,NaN,NaN,NaN,NaN,NaN,NaN,NaN,NaN,NaN,NaN,TS,NW,B,B,NaN,NaN,NaN,NaN,NaN,NaN,
1948100806,18w.1948,MARTHA,TY,NN,35.8,153.0,50,NaN,34,17,34,17,NaN,NaN,NaN,NaN,NaN,NaN,NaN,NaN,NaN,NaN,TS,NW,B,B,NaN,NaN,NaN,NaN,NaN,NaN,
1948100812,18w.1948,MARTHA,TY,NN,36.5,155.0,40,NaN,47,18,47,18,NaN,NaN,NaN,NaN,NaN,NaN,NaN,NaN,NaN,NaN,TS,NW,B,B,NaN,NaN,NaN,NaN,NaN,NaN,
1948100818,18w.1948,MARTHA,TY,NN,37.5,157.0,35,NaN,62,18,62,18,NaN,NaN,NaN,NaN,NaN,NaN,NaN,NaN,NaN,NaN,TS,NW,B,B,NaN,NaN,NaN,NaN,NaN,NaN,
1948101106,19w.1948,NORMA,TS,NN,23.3,144.0,50,NaN,297,8,297,8,NaN,NaN,NaN,NaN,NaN,NaN,NaN,NaN,NaN,NaN,TS,NW,B,B,NaN,NaN,NaN,NaN,NaN,NaN,
1948101112,19w.1948,NORMA,TS,NN,23.7,143.2,50,NaN,297,8,297,8,NaN,NaN,NaN,NaN,NaN,NaN,NaN,NaN,NaN,NaN,TS,NW,B,B,NaN,NaN,NaN,NaN,NaN,NaN,
1948101118,19w.1948,NORMA,TS,NN,24.0,142.5,50,NaN,297,8,297,8,NaN,NaN,NaN,NaN,NaN,NaN,NaN,NaN,NaN,NaN,TS,NW,B,B,NaN,NaN,NaN,NaN,NaN,NaN,
1948101200,19w.1948,NORMA,TS,NN,24.4,142.1,40,NaN,305,6,305,6,NaN,NaN,NaN,NaN,NaN,NaN,NaN,NaN,NaN,NaN,TS,NW,B,B,NaN,NaN,NaN,NaN,NaN,NaN,
1948101206,19w.1948,NORMA,TS,NN,25.1,142.5,40,NaN,360,6,360,6,NaN,NaN,NaN,NaN,NaN,NaN,NaN,NaN,NaN,NaN,TS,NW,B,B,NaN,NaN,NaN,NaN,NaN,NaN,
1948101212,19w.1948,NORMA,TS,NN,25.6,143.4,40,NaN,44,8,44,8,NaN,NaN,NaN,NaN,NaN,NaN,NaN,NaN,NaN,NaN,TS,NW,B,B,NaN,NaN,NaN,NaN,NaN,NaN,
1948101218,19w.1948,NORMA,TS,NN,25.9,144.7,35,NaN,68,11,68,11,NaN,NaN,NaN,NaN,NaN,NaN,NaN,NaN,NaN,NaN,TS,NW,B,B,NaN,NaN,NaN,NaN,NaN,NaN,
1948101612,20w.1948,OLGA,TS,NN,17.0,117.7,50,NaN,270,9,270,9,NaN,NaN,NaN,NaN,NaN,NaN,NaN,NaN,NaN,NaN,TS,NW,B,B,NaN,NaN,NaN,NaN,NaN,NaN,
1948101618,20w.1948,OLGA,TS,NN,17.0,116.8,50,NaN,270,9,270,9,NaN,NaN,NaN,NaN,NaN,NaN,NaN,NaN,NaN,NaN,TS,NW,B,B,NaN,NaN,NaN,NaN,NaN,NaN,
1948101700,20w.1948,OLGA,TS,NN,17.0,115.9,50,NaN,270,9,270,9,NaN,NaN,NaN,NaN,NaN,NaN,NaN,NaN,NaN,NaN,TS,NW,B,B,NaN,NaN,NaN,NaN,NaN,NaN,
1948101706,20w.1948,OLGA,TS,NN,17.0,115.1,50,NaN,270,8,270,8,NaN,NaN,NaN,NaN,NaN,NaN,NaN,NaN,NaN,NaN,TS,NW,B,B,NaN,NaN,NaN,NaN,NaN,NaN,
1948101712,20w.1948,OLGA,TS,NN,17.1,114.2,55,NaN,274,8,274,8,NaN,NaN,NaN,NaN,NaN,NaN,NaN,NaN,NaN,NaN,TS,NW,B,B,NaN,NaN,NaN,NaN,NaN,NaN,
1948101718,20w.1948,OLGA,TS,NN,17.2,113.4,50,NaN,277,8,277,8,NaN,NaN,NaN,NaN,NaN,NaN,NaN,NaN,NaN,NaN,TS,NW,B,B,NaN,NaN,NaN,NaN,NaN,NaN,
1948101800,20w.1948,OLGA,TS,NN,17.2,112.7,55,NaN,274,7,274,7,NaN,NaN,NaN,NaN,NaN,NaN,NaN,NaN,NaN,NaN,TS,NW,B,B,NaN,NaN,NaN,NaN,NaN,NaN,
1948101806,20w.1948,OLGA,TS,NN,17.3,111.9,55,NaN,274,7,274,7,NaN,NaN,NaN,NaN,NaN,NaN,NaN,NaN,NaN,NaN,TS,NW,B,B,NaN,NaN,NaN,NaN,NaN,NaN,
1948101812,20w.1948,OLGA,TS,NN,17.3,111.0,50,NaN,274,8,274,8,NaN,NaN,NaN,NaN,NaN,NaN,NaN,NaN,NaN,NaN,TS,NW,B,B,NaN,NaN,NaN,NaN,NaN,NaN,
1948101818,20w.1948,OLGA,TS,NN,17.4,110.2,40,NaN,274,8,274,8,NaN,NaN,NaN,NaN,NaN,NaN,NaN,NaN,NaN,NaN,TS,NW,B,B,NaN,NaN,NaN,NaN,NaN,NaN,
1948101900,20w.1948,OLGA,TS,NN,17.5,109.0,40,NaN,276,10,276,10,NaN,NaN,NaN,NaN,NaN,NaN,NaN,NaN,NaN,NaN,TS,NW,B,B,NaN,NaN,NaN,NaN,NaN,NaN,
1948101906,20w.1948,OLGA,TS,NN,18.0,109.5,35,NaN,312,4,312,4,NaN,NaN,NaN,NaN,NaN,NaN,NaN,NaN,NaN,NaN,TS,NW,B,B,NaN,NaN,0.18,NaN,NaN,NaN,
1948101912,20w.1948,OLGA,TS,NN,18.0,110.0,30,NaN,62,5,62,5,NaN,NaN,NaN,NaN,NaN,NaN,NaN,NaN,NaN,NaN,TD,NW,B,B,NaN,NaN,0.10,NaN,NaN,NaN,
1948101918,20w.1948,OLGA,TS,NN,17.5,108.0,20,NaN,251,8,251,8,NaN,NaN,NaN,NaN,NaN,NaN,NaN,NaN,NaN,NaN,NT,NW,B,B,NaN,NaN,NaN,NaN,NaN,NaN,
1948102706,21w.1948,PAT,TS,NN,16.0,147.5,40,NaN,284,13,284,13,NaN,NaN,NaN,NaN,NaN,NaN,NaN,NaN,NaN,NaN,TS,NW,B,B,NaN,NaN,NaN,NaN,NaN,NaN,
1948102712,21w.1948,PAT,TS,NN,16.1,146.1,40,NaN,284,13,284,13,NaN,NaN,NaN,NaN,NaN,NaN,NaN,NaN,NaN,NaN,TS,NW,B,B,NaN,NaN,NaN,NaN,NaN,NaN,
1948102718,21w.1948,PAT,TS,NN,16.6,144.9,40,NaN,284,13,284,13,NaN,NaN,NaN,NaN,NaN,NaN,NaN,NaN,NaN,NaN,TS,NW,B,B,NaN,NaN,NaN,NaN,NaN,NaN,
1948102800,21w.1948,PAT,TS,NN,17.0,143.7,40,NaN,291,12,291,12,NaN,NaN,NaN,NaN,NaN,NaN,NaN,NaN,NaN,NaN,TS,NW,B,B,NaN,NaN,NaN,NaN,NaN,NaN,
1948102806,21w.1948,PAT,TS,NN,17.3,142.6,45,NaN,288,12,288,12,NaN,NaN,NaN,NaN,NaN,NaN,NaN,NaN,NaN,NaN,TS,NW,B,B,NaN,NaN,NaN,NaN,NaN,NaN,
1948102812,21w.1948,PAT,TS,NN,18.5,141.3,50,NaN,303,14,303,14,NaN,NaN,NaN,NaN,NaN,NaN,NaN,NaN,NaN,NaN,TS,NW,B,B,NaN,NaN,NaN,NaN,NaN,NaN,
1948102818,21w.1948,PAT,TS,NN,19.8,140.4,50,NaN,320,16,320,16,NaN,NaN,NaN,NaN,NaN,NaN,NaN,NaN,NaN,NaN,TS,NW,B,B,NaN,NaN,NaN,NaN,NaN,NaN,
1948102900,21w.1948,PAT,TS,NN,21.2,139.7,50,NaN,331,15,331,15,NaN,NaN,NaN,NaN,NaN,NaN,NaN,NaN,NaN,NaN,TS,NW,B,B,NaN,NaN,NaN,NaN,NaN,NaN,
1948102906,21w.1948,PAT,TS,NN,21.8,139.3,50,NaN,333,11,333,11,NaN,NaN,NaN,NaN,NaN,NaN,NaN,NaN,NaN,NaN,TS,NW,B,B,NaN,NaN,NaN,NaN,NaN,NaN,
1948102912,21w.1948,PAT,TS,NN,22.8,138.7,60,NaN,330,9,330,9,NaN,NaN,NaN,NaN,NaN,NaN,NaN,NaN,NaN,NaN,TS,NW,B,B,NaN,NaN,NaN,NaN,NaN,NaN,
1948102918,21w.1948,PAT,TS,NN,23.7,138.4,60,NaN,336,10,336,10,NaN,NaN,NaN,NaN,NaN,NaN,NaN,NaN,NaN,NaN,TS,NW,B,B,NaN,NaN,NaN,NaN,NaN,NaN,
1948103000,21w.1948,PAT,TS,NN,24.7,138.4,55,NaN,352,10,352,10,NaN,NaN,NaN,NaN,NaN,NaN,NaN,NaN,NaN,NaN,TS,NW,B,B,NaN,NaN,NaN,NaN,NaN,NaN,
1948103006,21w.1948,PAT,TS,NN,27.0,139.0,50,NaN,9,17,9,17,NaN,NaN,NaN,NaN,NaN,NaN,NaN,NaN,NaN,NaN,TS,NW,B,B,NaN,NaN,NaN,NaN,NaN,NaN,
1948103012,21w.1948,PAT,TS,NN,29.2,140.6,50,NaN,24,25,24,25,NaN,NaN,NaN,NaN,NaN,NaN,NaN,NaN,NaN,NaN,TS,NW,B,B,NaN,NaN,NaN,NaN,NaN,NaN,
1948103018,21w.1948,PAT,TS,NN,30.9,142.3,50,NaN,37,24,37,24,NaN,NaN,NaN,NaN,NaN,NaN,NaN,NaN,NaN,NaN,TS,NW,B,B,NaN,NaN,NaN,NaN,NaN,NaN,
1948103100,21w.1948,PAT,TS,NN,32.4,144.3,50,NaN,45,23,45,23,NaN,NaN,NaN,NaN,NaN,NaN,NaN,NaN,NaN,NaN,TS,NW,B,B,NaN,NaN,NaN,NaN,NaN,NaN,
1948103106,21w.1948,PAT,TS,NN,35.0,148.5,50,NaN,52,33,52,33,NaN,NaN,NaN,NaN,NaN,NaN,NaN,NaN,NaN,NaN,TS,NW,B,B,NaN,NaN,NaN,NaN,NaN,NaN,
1948103112,21w.1948,PAT,TS,NN,38.0,152.5,45,NaN,50,44,50,44,NaN,NaN,NaN,NaN,NaN,NaN,NaN,NaN,NaN,NaN,TS,NW,B,B,NaN,NaN,NaN,NaN,NaN,NaN,
1948103118,21w.1948,PAT,TS,NN,41.0,157.0,40,NaN,48,45,48,45,NaN,NaN,NaN,NaN,NaN,NaN,NaN,NaN,NaN,NaN,TS,NW,B,B,NaN,NaN,NaN,NaN,NaN,NaN,
1948110406,22w.1948,RITA,TY,NN,15.8,136.7,40,NaN,285,18,285,18,NaN,NaN,NaN,NaN,NaN,NaN,NaN,NaN,NaN,NaN,TS,NW,B,B,NaN,NaN,NaN,NaN,NaN,NaN,
1948110412,22w.1948,RITA,TY,NN,16.2,134.8,45,NaN,285,18,285,18,NaN,NaN,NaN,NaN,NaN,NaN,NaN,NaN,NaN,NaN,TS,NW,B,B,NaN,NaN,NaN,NaN,NaN,NaN,
1948110418,22w.1948,RITA,TY,NN,16.7,133.1,50,NaN,285,18,285,18,NaN,NaN,NaN,NaN,NaN,NaN,NaN,NaN,NaN,NaN,TS,NW,B,B,NaN,NaN,NaN,NaN,NaN,NaN,
1948110500,22w.1948,RITA,TY,NN,17.4,131.6,50,NaN,291,16,291,16,NaN,NaN,NaN,NaN,NaN,NaN,NaN,NaN,NaN,NaN,TS,NW,B,B,NaN,NaN,NaN,NaN,NaN,NaN,
1948110506,22w.1948,RITA,TY,NN,17.8,131.2,55,NaN,301,11,301,11,NaN,NaN,NaN,NaN,NaN,NaN,NaN,NaN,NaN,NaN,TS,NW,B,B,NaN,NaN,NaN,NaN,NaN,NaN,
1948110512,22w.1948,RITA,TY,NN,18.0,130.8,55,NaN,308,5,308,5,NaN,NaN,NaN,NaN,NaN,NaN,NaN,NaN,NaN,NaN,TS,NW,B,B,NaN,NaN,NaN,NaN,NaN,NaN,
1948110518,22w.1948,RITA,TY,NN,18.3,130.6,55,NaN,311,4,311,4,NaN,NaN,NaN,NaN,NaN,NaN,NaN,NaN,NaN,NaN,TS,NW,B,B,NaN,NaN,NaN,NaN,NaN,NaN,
1948110600,22w.1948,RITA,TY,NN,18.4,130.3,55,NaN,310,3,310,3,NaN,NaN,NaN,NaN,NaN,NaN,NaN,NaN,NaN,NaN,TS,NW,B,B,NaN,NaN,NaN,NaN,NaN,NaN,
1948110606,22w.1948,RITA,TY,NN,18.6,129.7,55,NaN,289,5,289,5,NaN,NaN,NaN,NaN,NaN,NaN,NaN,NaN,NaN,NaN,TS,NW,B,B,NaN,NaN,NaN,NaN,NaN,NaN,
1948110612,22w.1948,RITA,TY,NN,18.8,129.0,55,NaN,288,6,288,6,NaN,NaN,NaN,NaN,NaN,NaN,NaN,NaN,NaN,NaN,TS,NW,B,B,NaN,NaN,NaN,NaN,NaN,NaN,
1948110618,22w.1948,RITA,TY,NN,18.9,128.2,60,NaN,282,7,282,7,NaN,NaN,NaN,NaN,NaN,NaN,NaN,NaN,NaN,NaN,TS,NW,B,B,NaN,NaN,NaN,NaN,NaN,NaN,
1948110700,22w.1948,RITA,TY,NN,19.0,127.5,80,NaN,278,7,278,7,NaN,NaN,NaN,NaN,NaN,NaN,NaN,NaN,NaN,NaN,TY,NW,B,B,NaN,NaN,NaN,NaN,NaN,NaN,
1948110706,22w.1948,RITA,TY,NN,19.0,126.8,100,NaN,274,7,274,7,NaN,NaN,NaN,NaN,NaN,NaN,NaN,NaN,NaN,NaN,TY,NW,B,B,NaN,NaN,NaN,NaN,NaN,NaN,
1948110712,22w.1948,RITA,TY,NN,19.0,125.9,100,NaN,270,8,270,8,NaN,NaN,NaN,NaN,NaN,NaN,NaN,NaN,NaN,NaN,TY,NW,B,B,NaN,NaN,NaN,NaN,NaN,NaN,
1948110718,22w.1948,RITA,TY,NN,19.0,125.3,90,NaN,270,7,270,7,NaN,NaN,NaN,NaN,NaN,NaN,NaN,NaN,NaN,NaN,TY,NW,B,B,NaN,NaN,NaN,NaN,NaN,NaN,
1948110800,22w.1948,RITA,TY,NN,19.0,124.6,85,NaN,270,6,270,6,NaN,NaN,NaN,NaN,NaN,NaN,NaN,NaN,NaN,NaN,TY,NW,B,B,NaN,NaN,NaN,NaN,NaN,NaN,
1948110806,22w.1948,RITA,TY,NN,19.0,124.0,80,NaN,270,6,270,6,NaN,NaN,NaN,NaN,NaN,NaN,NaN,NaN,NaN,NaN,TY,NW,B,B,NaN,NaN,NaN,NaN,NaN,NaN,
1948110812,22w.1948,RITA,TY,NN,19.1,122.7,65,NaN,273,9,273,9,NaN,NaN,NaN,NaN,NaN,NaN,NaN,NaN,NaN,NaN,TY,NW,B,B,NaN,NaN,NaN,NaN,NaN,NaN,
1948110818,22w.1948,RITA,TY,NN,19.3,121.6,60,NaN,278,11,278,11,NaN,NaN,NaN,NaN,NaN,NaN,NaN,NaN,NaN,NaN,TS,NW,B,B,NaN,NaN,0.06,NaN,NaN,NaN,
1948110900,22w.1948,RITA,TY,NN,19.5,120.3,55,NaN,280,12,280,12,NaN,NaN,NaN,NaN,NaN,NaN,NaN,NaN,NaN,NaN,TS,NW,B,B,NaN,NaN,NaN,NaN,NaN,NaN,
1948110906,22w.1948,RITA,TY,NN,19.8,118.5,45,NaN,280,15,280,15,NaN,NaN,NaN,NaN,NaN,NaN,NaN,NaN,NaN,NaN,TS,NW,B,B,NaN,NaN,NaN,NaN,NaN,NaN,
1948110912,22w.1948,RITA,TY,NN,20.0,117.5,45,NaN,281,13,281,13,NaN,NaN,NaN,NaN,NaN,NaN,NaN,NaN,NaN,NaN,TS,NW,B,B,NaN,NaN,NaN,NaN,NaN,NaN,
1948110918,22w.1948,RITA,TY,NN,20.3,116.7,50,NaN,286,9,286,9,NaN,NaN,NaN,NaN,NaN,NaN,NaN,NaN,NaN,NaN,TS,NW,B,B,NaN,NaN,NaN,NaN,NaN,NaN,
1948111000,22w.1948,RITA,TY,NN,20.5,115.9,50,NaN,288,8,288,8,NaN,NaN,NaN,NaN,NaN,NaN,NaN,NaN,NaN,NaN,TS,NW,B,B,NaN,NaN,NaN,NaN,NaN,NaN,
1948111006,22w.1948,RITA,TY,NN,20.7,115.0,45,NaN,284,8,284,8,NaN,NaN,NaN,NaN,NaN,NaN,NaN,NaN,NaN,NaN,TS,NW,B,B,NaN,NaN,NaN,NaN,NaN,NaN,
1948111012,22w.1948,RITA,TY,NN,20.6,114.0,40,NaN,273,9,273,9,NaN,NaN,NaN,NaN,NaN,NaN,NaN,NaN,NaN,NaN,TS,NW,B,B,NaN,NaN,NaN,NaN,NaN,NaN,
1948111018,22w.1948,RITA,TY,NN,20.5,112.0,30,NaN,266,14,266,14,NaN,NaN,NaN,NaN,NaN,NaN,NaN,NaN,NaN,NaN,TD,NW,B,B,NaN,NaN,NaN,NaN,NaN,NaN,
1948111100,22w.1948,RITA,TY,NN,19.8,110.0,20,NaN,258,19,258,19,NaN,NaN,NaN,NaN,NaN,NaN,NaN,NaN,NaN,NaN,NT,NW,B,B,NaN,NaN,0.61,NaN,NaN,NaN,
1948111300,23w.1948,AGNES,TY,NN,11.0,152.0,50,NaN,300,13,300,13,NaN,NaN,NaN,NaN,NaN,NaN,NaN,NaN,NaN,NaN,TS,NW,B,B,NaN,NaN,NaN,NaN,NaN,NaN,
1948111306,23w.1948,AGNES,TY,NN,11.6,150.8,50,NaN,300,13,300,13,NaN,NaN,NaN,NaN,NaN,NaN,NaN,NaN,NaN,NaN,TS,NW,B,B,NaN,NaN,NaN,NaN,NaN,NaN,
1948111312,23w.1948,AGNES,TY,NN,12.3,149.7,55,NaN,300,13,300,13,NaN,NaN,NaN,NaN,NaN,NaN,NaN,NaN,NaN,NaN,TS,NW,B,B,NaN,NaN,NaN,NaN,NaN,NaN,
1948111318,23w.1948,AGNES,TY,NN,12.9,148.4,55,NaN,299,13,299,13,NaN,NaN,NaN,NaN,NaN,NaN,NaN,NaN,NaN,NaN,TS,NW,B,B,NaN,NaN,NaN,NaN,NaN,NaN,
1948111400,23w.1948,AGNES,TY,NN,13.5,147.2,60,NaN,296,14,296,14,NaN,NaN,NaN,NaN,NaN,NaN,NaN,NaN,NaN,NaN,TS,NW,B,B,NaN,NaN,NaN,NaN,NaN,NaN,
1948111406,23w.1948,AGNES,TY,NN,14.1,145.5,65,NaN,293,15,293,15,NaN,NaN,NaN,NaN,NaN,NaN,NaN,NaN,NaN,NaN,TY,NW,B,B,NaN,NaN,NaN,NaN,NaN,NaN,
1948111412,23w.1948,AGNES,TY,NN,14.5,144.0,65,NaN,288,16,288,16,NaN,NaN,NaN,NaN,NaN,NaN,NaN,NaN,NaN,NaN,TY,NW,B,B,NaN,NaN,NaN,NaN,NaN,NaN,
1948111418,23w.1948,AGNES,TY,NN,15.0,142.3,65,NaN,286,16,286,16,NaN,NaN,NaN,NaN,NaN,NaN,NaN,NaN,NaN,NaN,TY,NW,B,B,NaN,NaN,NaN,NaN,NaN,NaN,
1948111500,23w.1948,AGNES,TY,NN,15.4,140.8,75,NaN,286,16,286,16,NaN,NaN,NaN,NaN,NaN,NaN,NaN,NaN,NaN,NaN,TY,NW,B,B,NaN,NaN,NaN,NaN,NaN,NaN,
1948111506,23w.1948,AGNES,TY,NN,15.9,139.4,90,NaN,288,15,288,15,NaN,NaN,NaN,NaN,NaN,NaN,NaN,NaN,NaN,NaN,TY,NW,B,B,NaN,NaN,NaN,NaN,NaN,NaN,
1948111512,23w.1948,AGNES,TY,NN,16.6,138.0,90,NaN,294,15,294,15,NaN,NaN,NaN,NaN,NaN,NaN,NaN,NaN,NaN,NaN,TY,NW,B,B,NaN,NaN,NaN,NaN,NaN,NaN,
1948111518,23w.1948,AGNES,TY,NN,17.5,136.5,90,NaN,300,16,300,16,NaN,NaN,NaN,NaN,NaN,NaN,NaN,NaN,NaN,NaN,TY,NW,B,B,NaN,NaN,NaN,NaN,NaN,NaN,
1948111600,23w.1948,AGNES,TY,NN,18.6,135.2,90,NaN,307,17,307,17,NaN,NaN,NaN,NaN,NaN,NaN,NaN,NaN,NaN,NaN,TY,NW,B,B,NaN,NaN,NaN,NaN,NaN,NaN,
1948111606,23w.1948,AGNES,TY,NN,19.7,134.1,90,NaN,314,16,314,16,NaN,NaN,NaN,NaN,NaN,NaN,NaN,NaN,NaN,NaN,TY,NW,B,B,NaN,NaN,NaN,NaN,NaN,NaN,
1948111612,23w.1948,AGNES,TY,NN,20.0,133.6,90,NaN,313,10,313,10,NaN,NaN,NaN,NaN,NaN,NaN,NaN,NaN,NaN,NaN,TY,NW,B,B,NaN,NaN,NaN,NaN,NaN,NaN,
1948111618,23w.1948,AGNES,TY,NN,20.4,133.0,90,NaN,304,6,304,6,NaN,NaN,NaN,NaN,NaN,NaN,NaN,NaN,NaN,NaN,TY,NW,B,B,NaN,NaN,NaN,NaN,NaN,NaN,
1948111700,23w.1948,AGNES,TY,NN,21.1,132.6,95,NaN,320,7,320,7,NaN,NaN,NaN,NaN,NaN,NaN,NaN,NaN,NaN,NaN,TY,NW,B,B,NaN,NaN,NaN,NaN,NaN,NaN,
1948111706,23w.1948,AGNES,TY,NN,22.1,131.9,95,NaN,329,10,329,10,NaN,NaN,NaN,NaN,NaN,NaN,NaN,NaN,NaN,NaN,TY,NW,B,B,NaN,NaN,NaN,NaN,NaN,NaN,
1948111712,23w.1948,AGNES,TY,NN,23.1,131.2,95,NaN,327,12,327,12,NaN,NaN,NaN,NaN,NaN,NaN,NaN,NaN,NaN,NaN,TY,NW,B,B,NaN,NaN,NaN,NaN,NaN,NaN,
1948111718,23w.1948,AGNES,TY,NN,24.4,130.7,95,NaN,334,13,334,13,NaN,NaN,NaN,NaN,NaN,NaN,NaN,NaN,NaN,NaN,TY,NW,B,B,NaN,NaN,NaN,NaN,NaN,NaN,
1948111800,23w.1948,AGNES,TY,NN,25.9,130.5,95,NaN,347,14,347,14,NaN,NaN,NaN,NaN,NaN,NaN,NaN,NaN,NaN,NaN,TY,NW,B,B,NaN,NaN,NaN,NaN,NaN,NaN,
1948111806,23w.1948,AGNES,TY,NN,27.5,131.0,85,NaN,5,16,5,16,NaN,NaN,NaN,NaN,NaN,NaN,NaN,NaN,NaN,NaN,TY,NW,B,B,NaN,NaN,NaN,NaN,NaN,NaN,
1948111812,23w.1948,AGNES,TY,NN,29.3,132.0,70,NaN,21,18,21,18,NaN,NaN,NaN,NaN,NaN,NaN,NaN,NaN,NaN,NaN,TY,NW,B,B,NaN,NaN,NaN,NaN,NaN,NaN,
1948111818,23w.1948,AGNES,TY,NN,30.8,133.5,70,NaN,33,20,33,20,NaN,NaN,NaN,NaN,NaN,NaN,NaN,NaN,NaN,NaN,TY,NW,B,B,NaN,NaN,NaN,NaN,NaN,NaN,
1948111900,23w.1948,AGNES,TY,NN,32.1,135.0,65,NaN,43,19,43,19,NaN,NaN,NaN,NaN,NaN,NaN,NaN,NaN,NaN,NaN,TY,NW,B,B,NaN,NaN,NaN,NaN,NaN,NaN,
1948111906,23w.1948,AGNES,TY,NN,34.1,138.1,55,NaN,50,25,50,25,NaN,NaN,NaN,NaN,NaN,NaN,NaN,NaN,NaN,NaN,TS,NW,B,B,NaN,NaN,NaN,NaN,NaN,NaN,
1948111912,23w.1948,AGNES,TY,NN,35.5,141.5,50,NaN,58,32,58,32,NaN,NaN,NaN,NaN,NaN,NaN,NaN,NaN,NaN,NaN,TS,NW,B,B,NaN,NaN,NaN,NaN,NaN,NaN,
1948111918,23w.1948,AGNES,TY,NN,35.2,147.5,40,NaN,82,39,82,39,NaN,NaN,NaN,NaN,NaN,NaN,NaN,NaN,NaN,NaN,TS,NW,B,B,NaN,NaN,NaN,NaN,NaN,NaN,
1948112000,23w.1948,AGNES,TY,NN,35.0,152.0,35,NaN,93,43,93,43,NaN,NaN,NaN,NaN,NaN,NaN,NaN,NaN,NaN,NaN,TS,NW,B,B,NaN,NaN,NaN,NaN,NaN,NaN,
1948112006,23w.1948,AGNES,TY,NN,35.2,157.0,35,NaN,90,39,90,39,NaN,NaN,NaN,NaN,NaN,NaN,NaN,NaN,NaN,NaN,TS,NW,B,B,NaN,NaN,NaN,NaN,NaN,NaN,
1948112012,23w.1948,AGNES,TY,NN,34.9,163.0,30,NaN,91,45,91,45,NaN,NaN,NaN,NaN,NaN,NaN,NaN,NaN,NaN,NaN,TD,NW,B,B,NaN,NaN,NaN,NaN,NaN,NaN,
1948112900,24w.1948,TS4864,TS,NN,9.2,128.0,35,NaN,275,17,275,17,NaN,NaN,NaN,NaN,NaN,NaN,NaN,NaN,NaN,NaN,TS,NW,B,B,NaN,NaN,NaN,NaN,NaN,NaN,
1948112906,24w.1948,TS4864,TS,NN,9.3,126.3,35,NaN,275,17,275,17,NaN,NaN,NaN,NaN,NaN,NaN,NaN,NaN,NaN,NaN,TS,NW,B,B,NaN,NaN,0.08,NaN,NaN,NaN,
1948112912,24w.1948,TS4864,TS,NN,9.5,124.5,35,NaN,275,17,275,17,NaN,NaN,NaN,NaN,NaN,NaN,NaN,NaN,NaN,NaN,TS,NW,B,B,NaN,NaN,0.22,NaN,NaN,NaN,
1948112918,24w.1948,TS4864,TS,NN,9.4,122.9,40,NaN,272,17,272,17,NaN,NaN,NaN,NaN,NaN,NaN,NaN,NaN,NaN,NaN,TS,NW,B,B,NaN,NaN,0.59,NaN,NaN,NaN,
1948113000,24w.1948,TS4864,TS,NN,9.3,121.1,40,NaN,267,17,267,17,NaN,NaN,NaN,NaN,NaN,NaN,NaN,NaN,NaN,NaN,TS,NW,B,B,NaN,NaN,NaN,NaN,NaN,NaN,
1948113006,24w.1948,TS4864,TS,NN,9.7,119.3,40,NaN,275,18,275,18,NaN,NaN,NaN,NaN,NaN,NaN,NaN,NaN,NaN,NaN,TS,NW,B,B,NaN,NaN,NaN,NaN,NaN,NaN,
1948113012,24w.1948,TS4864,TS,NN,10.2,117.6,45,NaN,285,18,285,18,NaN,NaN,NaN,NaN,NaN,NaN,NaN,NaN,NaN,NaN,TS,NW,B,B,NaN,NaN,NaN,NaN,NaN,NaN,
1948113018,24w.1948,TS4864,TS,NN,10.7,115.8,45,NaN,286,18,286,18,NaN,NaN,NaN,NaN,NaN,NaN,NaN,NaN,NaN,NaN,TS,NW,B,B,NaN,NaN,NaN,NaN,NaN,NaN,
1948120100,24w.1948,TS4864,TS,NN,11.3,114.1,45,NaN,288,18,288,18,NaN,NaN,NaN,NaN,NaN,NaN,NaN,NaN,NaN,NaN,TS,NW,B,B,NaN,NaN,NaN,NaN,NaN,NaN,
1948120106,24w.1948,TS4864,TS,NN,11.6,113.2,45,NaN,289,14,289,14,NaN,NaN,NaN,NaN,NaN,NaN,NaN,NaN,NaN,NaN,TS,NW,B,B,NaN,NaN,NaN,NaN,NaN,NaN,
1948120112,24w.1948,TS4864,TS,NN,11.9,112.3,45,NaN,289,9,289,9,NaN,NaN,NaN,NaN,NaN,NaN,NaN,NaN,NaN,NaN,TS,NW,B,B,NaN,NaN,NaN,NaN,NaN,NaN,
1948120118,24w.1948,TS4864,TS,NN,12.1,111.4,45,NaN,286,9,286,9,NaN,NaN,NaN,NaN,NaN,NaN,NaN,NaN,NaN,NaN,TS,NW,B,B,NaN,NaN,NaN,NaN,NaN,NaN,
1948120200,24w.1948,TS4864,TS,NN,12.5,110.6,40,NaN,290,9,290,9,NaN,NaN,NaN,NaN,NaN,NaN,NaN,NaN,NaN,NaN,TS,NW,B,B,NaN,NaN,NaN,NaN,NaN,NaN,
1948120206,24w.1948,TS4864,TS,NN,13.7,110.2,40,NaN,324,10,324,10,NaN,NaN,NaN,NaN,NaN,NaN,NaN,NaN,NaN,NaN,TS,NW,B,B,NaN,NaN,NaN,NaN,NaN,NaN,
1948120212,24w.1948,TS4864,TS,NN,14.7,110.3,40,NaN,352,11,352,11,NaN,NaN,NaN,NaN,NaN,NaN,NaN,NaN,NaN,NaN,TS,NW,B,B,NaN,NaN,NaN,NaN,NaN,NaN,
1948120218,24w.1948,TS4864,TS,NN,15.4,110.8,35,NaN,19,9,19,9,NaN,NaN,NaN,NaN,NaN,NaN,NaN,NaN,NaN,NaN,TS,NW,B,B,NaN,NaN,NaN,NaN,NaN,NaN,
1948120206,25w.1948,BEVERLY,TY,NN,8.9,148.9,50,NaN,287,13,287,13,NaN,NaN,NaN,NaN,NaN,NaN,NaN,NaN,NaN,NaN,TS,NW,B,B,NaN,NaN,NaN,NaN,NaN,NaN,
1948120212,25w.1948,BEVERLY,TY,NN,9.3,147.4,60,NaN,287,13,287,13,NaN,NaN,NaN,NaN,NaN,NaN,NaN,NaN,NaN,NaN,TS,NW,B,B,NaN,NaN,NaN,NaN,NaN,NaN,
1948120218,25w.1948,BEVERLY,TY,NN,9.7,146.3,70,NaN,287,13,287,13,NaN,NaN,NaN,NaN,NaN,NaN,NaN,NaN,NaN,NaN,TY,NW,B,B,NaN,NaN,NaN,NaN,NaN,NaN,
1948120300,25w.1948,BEVERLY,TY,NN,10.6,145.0,75,NaN,299,13,299,13,NaN,NaN,NaN,NaN,NaN,NaN,NaN,NaN,NaN,NaN,TY,NW,B,B,NaN,NaN,NaN,NaN,NaN,NaN,
1948120306,25w.1948,BEVERLY,TY,NN,11.3,143.8,75,NaN,303,15,303,15,NaN,NaN,NaN,NaN,NaN,NaN,NaN,NaN,NaN,NaN,TY,NW,B,B,NaN,NaN,NaN,NaN,NaN,NaN,
1948120312,25w.1948,BEVERLY,TY,NN,11.8,142.8,75,NaN,299,12,299,12,NaN,NaN,NaN,NaN,NaN,NaN,NaN,NaN,NaN,NaN,TY,NW,B,B,NaN,NaN,NaN,NaN,NaN,NaN,
1948120318,25w.1948,BEVERLY,TY,NN,12.2,141.9,75,NaN,296,10,296,10,NaN,NaN,NaN,NaN,NaN,NaN,NaN,NaN,NaN,NaN,TY,NW,B,B,NaN,NaN,NaN,NaN,NaN,NaN,
1948120400,25w.1948,BEVERLY,TY,NN,12.5,141.1,70,NaN,293,9,293,9,NaN,NaN,NaN,NaN,NaN,NaN,NaN,NaN,NaN,NaN,TY,NW,B,B,NaN,NaN,NaN,NaN,NaN,NaN,
1948120406,25w.1948,BEVERLY,TY,NN,12.9,140.3,70,NaN,294,9,294,9,NaN,NaN,NaN,NaN,NaN,NaN,NaN,NaN,NaN,NaN,TY,NW,B,B,NaN,NaN,NaN,NaN,NaN,NaN,
1948120412,25w.1948,BEVERLY,TY,NN,13.1,139.6,70,NaN,292,8,292,8,NaN,NaN,NaN,NaN,NaN,NaN,NaN,NaN,NaN,NaN,TY,NW,B,B,NaN,NaN,NaN,NaN,NaN,NaN,
1948120418,25w.1948,BEVERLY,TY,NN,13.2,139.1,70,NaN,284,6,284,6,NaN,NaN,NaN,NaN,NaN,NaN,NaN,NaN,NaN,NaN,TY,NW,B,B,NaN,NaN,NaN,NaN,NaN,NaN,
1948120500,25w.1948,BEVERLY,TY,NN,13.3,138.6,65,NaN,282,5,282,5,NaN,NaN,NaN,NaN,NaN,NaN,NaN,NaN,NaN,NaN,TY,NW,B,B,NaN,NaN,NaN,NaN,NaN,NaN,
1948120506,25w.1948,BEVERLY,TY,NN,13.4,137.8,70,NaN,279,6,279,6,NaN,NaN,NaN,NaN,NaN,NaN,NaN,NaN,NaN,NaN,TY,NW,B,B,NaN,NaN,NaN,NaN,NaN,NaN,
1948120512,25w.1948,BEVERLY,TY,NN,13.7,136.6,70,NaN,282,10,282,10,NaN,NaN,NaN,NaN,NaN,NaN,NaN,NaN,NaN,NaN,TY,NW,B,B,NaN,NaN,NaN,NaN,NaN,NaN,
1948120518,25w.1948,BEVERLY,TY,NN,14.0,135.2,70,NaN,283,13,283,13,NaN,NaN,NaN,NaN,NaN,NaN,NaN,NaN,NaN,NaN,TY,NW,B,B,NaN,NaN,NaN,NaN,NaN,NaN,
1948120600,25w.1948,BEVERLY,TY,NN,14.2,133.7,80,NaN,280,14,280,14,NaN,NaN,NaN,NaN,NaN,NaN,NaN,NaN,NaN,NaN,TY,NW,B,B,NaN,NaN,NaN,NaN,NaN,NaN,
1948120606,25w.1948,BEVERLY,TY,NN,14.4,132.3,80,NaN,278,14,278,14,NaN,NaN,NaN,NaN,NaN,NaN,NaN,NaN,NaN,NaN,TY,NW,B,B,NaN,NaN,NaN,NaN,NaN,NaN,
1948120612,25w.1948,BEVERLY,TY,NN,14.7,131.2,80,NaN,282,12,282,12,NaN,NaN,NaN,NaN,NaN,NaN,NaN,NaN,NaN,NaN,TY,NW,B,B,NaN,NaN,NaN,NaN,NaN,NaN,
1948120618,25w.1948,BEVERLY,TY,NN,14.9,129.9,80,NaN,282,12,282,12,NaN,NaN,NaN,NaN,NaN,NaN,NaN,NaN,NaN,NaN,TY,NW,B,B,NaN,NaN,NaN,NaN,NaN,NaN,
1948120700,25w.1948,BEVERLY,TY,NN,15.1,128.7,80,NaN,279,12,279,12,NaN,NaN,NaN,NaN,NaN,NaN,NaN,NaN,NaN,NaN,TY,NW,B,B,NaN,NaN,NaN,NaN,NaN,NaN,
1948120706,25w.1948,BEVERLY,TY,NN,15.4,127.4,80,NaN,282,12,282,12,NaN,NaN,NaN,NaN,NaN,NaN,NaN,NaN,NaN,NaN,TY,NW,B,B,NaN,NaN,NaN,NaN,NaN,NaN,
1948120712,25w.1948,BEVERLY,TY,NN,15.7,126.1,80,NaN,283,13,283,13,NaN,NaN,NaN,NaN,NaN,NaN,NaN,NaN,NaN,NaN,TY,NW,B,B,NaN,NaN,NaN,NaN,NaN,NaN,
1948120718,25w.1948,BEVERLY,TY,NN,16.0,124.9,80,NaN,284,12,284,12,NaN,NaN,NaN,NaN,NaN,NaN,NaN,NaN,NaN,NaN,TY,NW,B,B,NaN,NaN,NaN,NaN,NaN,NaN,
1948120800,25w.1948,BEVERLY,TY,NN,16.3,123.8,70,NaN,285,11,285,11,NaN,NaN,NaN,NaN,NaN,NaN,NaN,NaN,NaN,NaN,TY,NW,B,B,NaN,NaN,NaN,NaN,NaN,NaN,
1948120806,25w.1948,BEVERLY,TY,NN,16.5,123.0,70,NaN,285,9,285,9,NaN,NaN,NaN,NaN,NaN,NaN,NaN,NaN,NaN,NaN,TY,NW,B,B,NaN,NaN,NaN,NaN,NaN,NaN,
1948120812,25w.1948,BEVERLY,TY,NN,16.8,121.9,60,NaN,285,9,285,9,NaN,NaN,NaN,NaN,NaN,NaN,NaN,NaN,NaN,NaN,TS,NW,B,B,NaN,NaN,0.86,NaN,NaN,NaN,
1948120818,25w.1948,BEVERLY,TY,NN,17.0,120.8,55,NaN,283,11,283,11,NaN,NaN,NaN,NaN,NaN,NaN,NaN,NaN,NaN,NaN,TS,NW,B,B,NaN,NaN,0.99,NaN,NaN,NaN,
1948120900,25w.1948,BEVERLY,TY,NN,17.3,120.1,45,NaN,286,9,286,9,NaN,NaN,NaN,NaN,NaN,NaN,NaN,NaN,NaN,NaN,TS,NW,B,B,NaN,NaN,0.08,NaN,NaN,NaN,
1948120906,25w.1948,BEVERLY,TY,NN,17.6,119.4,40,NaN,294,7,294,7,NaN,NaN,NaN,NaN,NaN,NaN,NaN,NaN,NaN,NaN,TS,NW,B,B,NaN,NaN,NaN,NaN,NaN,NaN,
1948120912,25w.1948,BEVERLY,TY,NN,17.9,118.9,40,NaN,298,6,298,6,NaN,NaN,NaN,NaN,NaN,NaN,NaN,NaN,NaN,NaN,TS,NW,B,B,NaN,NaN,NaN,NaN,NaN,NaN,
1948120918,25w.1948,BEVERLY,TY,NN,18.3,118.5,40,NaN,309,6,309,6,NaN,NaN,NaN,NaN,NaN,NaN,NaN,NaN,NaN,NaN,TS,NW,B,B,NaN,NaN,NaN,NaN,NaN,NaN,
1948121000,25w.1948,BEVERLY,TY,NN,18.5,118.2,35,NaN,312,4,312,4,NaN,NaN,NaN,NaN,NaN,NaN,NaN,NaN,NaN,NaN,TS,NW,B,B,NaN,NaN,NaN,NaN,NaN,NaN,
1948121006,25w.1948,BEVERLY,TY,NN,18.7,117.9,30,NaN,305,3,305,3,NaN,NaN,NaN,NaN,NaN,NaN,NaN,NaN,NaN,NaN,TD,NW,B,B,NaN,NaN,NaN,NaN,NaN,NaN,
1948121206,w26.1948,9X-W26,TS,NN,8.0,135.7,25,NaN,272,13,272,13,NaN,NaN,NaN,NaN,NaN,NaN,NaN,NaN,NaN,NaN,TD,NW,B,B,NaN,NaN,NaN,NaN,NaN,NaN,
1948121212,w26.1948,9X-W26,TS,NN,8.0,134.4,25,NaN,272,13,272,13,NaN,NaN,NaN,NaN,NaN,NaN,NaN,NaN,NaN,NaN,TD,NW,B,B,NaN,NaN,0.01,NaN,NaN,NaN,
1948121218,w26.1948,9X-W26,TS,NN,8.1,133.1,30,NaN,272,13,272,13,NaN,NaN,NaN,NaN,NaN,NaN,NaN,NaN,NaN,NaN,TD,NW,B,B,NaN,NaN,NaN,NaN,NaN,NaN,
1948121300,26w.1948,TS4865,TS,NN,8.3,131.6,35,NaN,276,14,276,14,NaN,NaN,NaN,NaN,NaN,NaN,NaN,NaN,NaN,NaN,TS,NW,B,B,NaN,NaN,NaN,NaN,NaN,NaN,
1948121306,26w.1948,TS4865,TS,NN,8.5,130.2,40,NaN,278,14,278,14,NaN,NaN,NaN,NaN,NaN,NaN,NaN,NaN,NaN,NaN,TS,NW,B,B,NaN,NaN,NaN,NaN,NaN,NaN,
1948121312,26w.1948,TS4865,TS,NN,8.8,129.0,40,NaN,281,13,281,13,NaN,NaN,NaN,NaN,NaN,NaN,NaN,NaN,NaN,NaN,TS,NW,B,B,NaN,NaN,NaN,NaN,NaN,NaN,
1948121318,26w.1948,TS4865,TS,NN,9.3,127.8,40,NaN,289,13,289,13,NaN,NaN,NaN,NaN,NaN,NaN,NaN,NaN,NaN,NaN,TS,NW,B,B,NaN,NaN,NaN,NaN,NaN,NaN,
1948121400,26w.1948,TS4865,TS,NN,9.7,126.5,40,NaN,290,13,290,13,NaN,NaN,NaN,NaN,NaN,NaN,NaN,NaN,NaN,NaN,TS,NW,B,B,NaN,NaN,0.08,NaN,NaN,NaN,
1948121406,26w.1948,TS4865,TS,NN,10.3,125.2,35,NaN,291,14,291,14,NaN,NaN,NaN,NaN,NaN,NaN,NaN,NaN,NaN,NaN,TS,NW,B,B,NaN,NaN,0.34,NaN,NaN,NaN,
1948121412,26w.1948,TS4865,TS,NN,11.1,124.1,30,NaN,301,14,301,14,NaN,NaN,NaN,NaN,NaN,NaN,NaN,NaN,NaN,NaN,TD,NW,B,B,NaN,NaN,0.25,NaN,NaN,NaN,
1948121418,26w.1948,TS4865,TS,NN,12.0,123.0,25,NaN,308,14,308,14,NaN,NaN,NaN,NaN,NaN,NaN,NaN,NaN,NaN,NaN,TD,NW,B,B,NaN,NaN,0.21,NaN,NaN,NaN,
1948121500,26w.1948,TS4865,TS,NN,12.8,121.3,25,NaN,302,16,302,16,NaN,NaN,NaN,NaN,NaN,NaN,NaN,NaN,NaN,NaN,TD,NW,B,B,NaN,NaN,0.45,NaN,NaN,NaN,
1948121506,26w.1948,TS4865,TS,NN,13.0,120.2,30,NaN,290,15,290,15,NaN,NaN,NaN,NaN,NaN,NaN,NaN,NaN,NaN,NaN,TD,NW,B,B,NaN,NaN,0.02,NaN,NaN,NaN,
1948121512,26w.1948,TS4865,TS,NN,13.2,119.0,30,NaN,280,11,280,11,NaN,NaN,NaN,NaN,NaN,NaN,NaN,NaN,NaN,NaN,TD,NW,B,B,NaN,NaN,NaN,NaN,NaN,NaN,
1948121518,26w.1948,TS4865,TS,NN,13.2,117.9,30,NaN,275,11,275,11,NaN,NaN,NaN,NaN,NaN,NaN,NaN,NaN,NaN,NaN,TD,NW,B,B,NaN,NaN,NaN,NaN,NaN,NaN,
1948121600,26w.1948,TS4865,TS,NN,13.3,116.7,35,NaN,273,11,273,11,NaN,NaN,NaN,NaN,NaN,NaN,NaN,NaN,NaN,NaN,TS,NW,B,B,NaN,NaN,NaN,NaN,NaN,NaN,
1948052206,l01.1948,9X-L01,TS,NN,17.1,286.8,30,NaN,5,11,5,11,NaN,NaN,NaN,NaN,NaN,NaN,NaN,NaN,NaN,NaN,TD,NW,B,B,NaN,NaN,NaN,NaN,NaN,NaN,
1948052212,l01.1948,9X-L01,TS,NN,18.2,286.9,30,NaN,5,11,5,11,NaN,NaN,NaN,NaN,NaN,NaN,NaN,NaN,NaN,NaN,TD,NW,B,B,NaN,NaN,0.26,NaN,NaN,NaN,
1948052218,l01.1948,9X-L01,TS,NN,19.3,287.0,30,NaN,5,11,5,11,NaN,NaN,NaN,NaN,NaN,NaN,NaN,NaN,NaN,NaN,TD,NW,B,B,NaN,NaN,0.44,NaN,NaN,NaN,
1948052300,l01.1948,9X-L01,TS,NN,20.4,287.1,30,NaN,5,11,5,11,NaN,NaN,NaN,NaN,NaN,NaN,NaN,NaN,NaN,NaN,TD,NW,B,B,NaN,NaN,0.03,NaN,NaN,NaN,
1948052306,l01.1948,9X-L01,TS,NN,21.4,287.3,30,NaN,8,11,8,11,NaN,NaN,NaN,NaN,NaN,NaN,NaN,NaN,NaN,NaN,TD,NW,B,B,NaN,NaN,0.02,NaN,NaN,NaN,
1948052312,l01.1948,9X-L01,TS,NN,22.4,287.7,30,NaN,16,10,16,10,NaN,NaN,NaN,NaN,NaN,NaN,NaN,NaN,NaN,NaN,TD,NW,B,B,NaN,NaN,0.01,NaN,NaN,NaN,
1948052318,l01.1948,9X-L01,TS,NN,23.4,288.4,30,NaN,27,11,27,11,NaN,NaN,NaN,NaN,NaN,NaN,NaN,NaN,NaN,NaN,TD,NW,B,B,NaN,NaN,NaN,NaN,NaN,NaN,
1948052400,l01.1948,9X-L01,TS,NN,24.4,289.4,30,NaN,38,13,38,13,NaN,NaN,NaN,NaN,NaN,NaN,NaN,NaN,NaN,NaN,TD,NW,B,B,NaN,NaN,NaN,NaN,NaN,NaN,
1948052406,l01.1948,9X-L01,TS,NN,25.4,290.4,30,NaN,42,14,42,14,NaN,NaN,NaN,NaN,NaN,NaN,NaN,NaN,NaN,NaN,TD,NW,B,B,NaN,NaN,NaN,NaN,NaN,NaN,
1948052412,01l.1948,UNNAMED,TS,NN,26.3,291.0,35,NaN,37,12,37,12,NaN,NaN,NaN,NaN,NaN,NaN,NaN,NaN,NaN,NaN,TS,NW,B,B,NaN,NaN,NaN,NaN,NaN,NaN,
1948052418,01l.1948,UNNAMED,TS,NN,27.2,291.2,35,NaN,22,10,22,10,NaN,NaN,NaN,NaN,NaN,NaN,NaN,NaN,NaN,NaN,TS,NW,B,B,NaN,NaN,NaN,NaN,NaN,NaN,
1948052500,01l.1948,UNNAMED,TS,NN,28.1,291.3,40,NaN,8,9,8,9,NaN,NaN,NaN,NaN,NaN,NaN,NaN,NaN,NaN,NaN,TS,NW,B,B,NaN,NaN,NaN,NaN,NaN,NaN,
1948052506,01l.1948,UNNAMED,TS,NN,28.9,291.1,40,NaN,357,9,357,9,NaN,NaN,NaN,NaN,NaN,NaN,NaN,NaN,NaN,NaN,TS,NW,B,B,NaN,NaN,NaN,NaN,NaN,NaN,
1948052512,01l.1948,UNNAMED,TS,NN,29.4,291.0,45,NaN,349,7,349,7,NaN,NaN,NaN,NaN,NaN,NaN,NaN,NaN,NaN,NaN,TS,NW,B,B,NaN,NaN,NaN,NaN,NaN,NaN,
1948052518,01l.1948,UNNAMED,TS,NN,29.7,291.0,45,NaN,354,4,354,4,NaN,NaN,NaN,NaN,NaN,NaN,NaN,NaN,NaN,NaN,TS,NW,B,B,NaN,NaN,NaN,NaN,NaN,NaN,
1948052600,01l.1948,UNNAMED,TS,NN,29.7,291.1,45,NaN,16,2,16,2,NaN,NaN,NaN,NaN,NaN,NaN,NaN,NaN,NaN,NaN,TS,NW,B,B,NaN,NaN,NaN,NaN,NaN,NaN,
1948052606,01l.1948,UNNAMED,TS,NN,29.5,291.2,45,NaN,139,1,139,1,NaN,NaN,NaN,NaN,NaN,NaN,NaN,NaN,NaN,NaN,TS,NW,B,B,NaN,NaN,NaN,NaN,NaN,NaN,
1948052612,01l.1948,UNNAMED,TS,NN,29.5,291.4,45,NaN,127,2,127,2,NaN,NaN,NaN,NaN,NaN,NaN,NaN,NaN,NaN,NaN,TS,NW,B,B,NaN,NaN,NaN,NaN,NaN,NaN,
1948052618,01l.1948,UNNAMED,TS,NN,29.7,291.6,40,NaN,60,2,60,2,NaN,NaN,NaN,NaN,NaN,NaN,NaN,NaN,NaN,NaN,TS,NW,B,B,NaN,NaN,NaN,NaN,NaN,NaN,
1948052700,01l.1948,UNNAMED,TS,NN,30.1,291.8,40,NaN,30,3,30,3,NaN,NaN,NaN,NaN,NaN,NaN,NaN,NaN,NaN,NaN,TS,NW,B,B,NaN,NaN,NaN,NaN,NaN,NaN,
1948052706,01l.1948,UNNAMED,TS,NN,30.6,291.9,40,NaN,16,5,16,5,NaN,NaN,NaN,NaN,NaN,NaN,NaN,NaN,NaN,NaN,TS,NW,B,B,NaN,NaN,NaN,NaN,NaN,NaN,
1948052712,01l.1948,UNNAMED,TS,NN,31.3,292.0,40,NaN,8,6,8,6,NaN,NaN,NaN,NaN,NaN,NaN,NaN,NaN,NaN,NaN,TS,NW,B,B,NaN,NaN,NaN,NaN,NaN,NaN,
1948052718,01l.1948,UNNAMED,TS,NN,32.0,291.8,40,NaN,357,7,357,7,NaN,NaN,NaN,NaN,NaN,NaN,NaN,NaN,NaN,NaN,TS,NW,B,B,NaN,NaN,NaN,NaN,NaN,NaN,
1948052800,01l.1948,UNNAMED,TS,NN,32.8,291.5,35,NaN,344,8,344,8,NaN,NaN,NaN,NaN,NaN,NaN,NaN,NaN,NaN,NaN,TS,NW,B,B,NaN,NaN,NaN,NaN,NaN,NaN,
1948052806,01l.1948,UNNAMED,TS,NN,33.7,291.2,30,NaN,343,9,343,9,NaN,NaN,NaN,NaN,NaN,NaN,NaN,NaN,NaN,NaN,TD,NW,B,B,NaN,NaN,NaN,NaN,NaN,NaN,
1948052812,01l.1948,UNNAMED,TS,NN,34.6,291.0,30,NaN,347,9,347,9,NaN,NaN,NaN,NaN,NaN,NaN,NaN,NaN,NaN,NaN,TD,NW,B,B,NaN,NaN,NaN,NaN,NaN,NaN,
1948052818,01l.1948,UNNAMED,TS,NN,35.4,291.0,25,NaN,354,9,354,9,NaN,NaN,NaN,NaN,NaN,NaN,NaN,NaN,NaN,NaN,TD,NW,B,B,NaN,NaN,NaN,NaN,NaN,NaN,
1948052900,01l.1948,UNNAMED,TS,NN,36.1,291.0,25,NaN,360,8,360,8,NaN,NaN,NaN,NaN,NaN,NaN,NaN,NaN,NaN,NaN,TD,NW,B,B,NaN,NaN,NaN,NaN,NaN,NaN,
1948070718,l02.1948,9X-L02,TS,NN,27.5,270.6,30,NaN,360,1,360,1,NaN,NaN,NaN,NaN,NaN,NaN,NaN,NaN,NaN,NaN,TD,NW,B,B,NaN,NaN,NaN,NaN,NaN,NaN,
1948070800,l02.1948,9X-L02,TS,NN,27.6,270.6,30,NaN,360,1,360,1,NaN,NaN,NaN,NaN,NaN,NaN,NaN,NaN,NaN,NaN,TD,NW,B,B,NaN,NaN,NaN,NaN,NaN,NaN,
1948070806,l02.1948,9X-L02,TS,NN,27.7,270.6,30,NaN,360,1,360,1,NaN,NaN,NaN,NaN,NaN,NaN,NaN,NaN,NaN,NaN,TD,NW,B,B,NaN,NaN,NaN,NaN,NaN,NaN,
1948070812,l02.1948,9X-L02,TS,NN,28.0,270.8,30,NaN,24,2,24,2,NaN,NaN,NaN,NaN,NaN,NaN,NaN,NaN,NaN,NaN,TD,NW,B,B,NaN,NaN,NaN,NaN,NaN,NaN,
1948070818,l02.1948,9X-L02,TS,NN,28.5,271.2,30,NaN,33,5,33,5,NaN,NaN,NaN,NaN,NaN,NaN,NaN,NaN,NaN,NaN,TD,NW,B,B,NaN,NaN,NaN,NaN,NaN,NaN,
1948070900,02l.1948,UNNAMED,TS,NN,29.2,271.8,35,NaN,36,7,36,7,NaN,NaN,NaN,NaN,NaN,NaN,NaN,NaN,NaN,NaN,TS,NW,B,B,NaN,NaN,NaN,NaN,NaN,NaN,
1948070906,02l.1948,UNNAMED,TS,NN,30.2,272.6,35,NaN,36,10,36,10,NaN,NaN,NaN,NaN,NaN,NaN,NaN,NaN,NaN,NaN,TS,NW,B,B,NaN,NaN,0.12,NaN,NaN,NaN,
1948070912,02l.1948,UNNAMED,TS,NN,30.8,273.1,35,NaN,35,10,35,10,NaN,NaN,NaN,NaN,NaN,NaN,NaN,NaN,NaN,NaN,TS,NW,B,B,NaN,NaN,0.98,NaN,NaN,NaN,
1948070918,02l.1948,UNNAMED,TS,NN,31.3,273.4,30,NaN,32,6,32,6,NaN,NaN,NaN,NaN,NaN,NaN,NaN,NaN,NaN,NaN,TD,NW,B,B,NaN,NaN,1.00,NaN,NaN,NaN,
1948071000,02l.1948,UNNAMED,TS,NN,31.8,273.4,30,NaN,14,5,14,5,NaN,NaN,NaN,NaN,NaN,NaN,NaN,NaN,NaN,NaN,TD,NW,B,B,NaN,NaN,1.00,NaN,NaN,NaN,
1948071006,02l.1948,UNNAMED,TS,NN,32.3,273.5,30,NaN,5,5,5,5,NaN,NaN,NaN,NaN,NaN,NaN,NaN,NaN,NaN,NaN,TD,NW,B,B,NaN,NaN,0.98,NaN,NaN,NaN,
1948071012,02l.1948,UNNAMED,TS,NN,32.7,273.7,25,NaN,16,5,16,5,NaN,NaN,NaN,NaN,NaN,NaN,NaN,NaN,NaN,NaN,TD,NW,B,B,NaN,NaN,0.98,NaN,NaN,NaN,
1948071018,02l.1948,UNNAMED,TS,NN,33.3,273.7,25,NaN,10,5,10,5,NaN,NaN,NaN,NaN,NaN,NaN,NaN,NaN,NaN,NaN,TD,NW,B,B,NaN,NaN,0.98,NaN,NaN,NaN,
1948071100,02l.1948,UNNAMED,TS,NN,34.0,273.5,20,NaN,353,7,353,7,NaN,NaN,NaN,NaN,NaN,NaN,NaN,NaN,NaN,NaN,NT,NW,B,B,NaN,NaN,0.96,NaN,NaN,NaN,
1948071106,02l.1948,UNNAMED,TS,NN,34.6,273.4,20,NaN,349,7,349,7,NaN,NaN,NaN,NaN,NaN,NaN,NaN,NaN,NaN,NaN,NT,NW,B,B,NaN,NaN,0.94,NaN,NaN,NaN,
1948071112,02l.1948,UNNAMED,TS,NN,35.2,273.4,15,NaN,356,6,356,6,NaN,NaN,NaN,NaN,NaN,NaN,NaN,NaN,NaN,NaN,NT,NW,B,B,NaN,NaN,0.97,NaN,NaN,NaN,
1948071118,02l.1948,UNNAMED,TS,NN,35.8,273.4,15,NaN,360,6,360,6,NaN,NaN,NaN,NaN,NaN,NaN,NaN,NaN,NaN,NaN,NT,NW,B,B,NaN,NaN,0.99,NaN,NaN,NaN,
1948082600,03l.1948,UNNAMED,TY,NN,20.4,299.4,55,NaN,314,13,314,13,NaN,NaN,NaN,NaN,NaN,NaN,NaN,NaN,NaN,NaN,TS,NW,B,B,NaN,NaN,NaN,NaN,NaN,NaN,
1948082606,03l.1948,UNNAMED,TY,NN,21.3,298.4,60,NaN,314,13,314,13,NaN,NaN,NaN,NaN,NaN,NaN,NaN,NaN,NaN,NaN,TS,NW,B,B,NaN,NaN,NaN,NaN,NaN,NaN,
1948082612,03l.1948,UNNAMED,TY,NN,22.2,297.4,65,NaN,314,13,314,13,NaN,NaN,NaN,NaN,NaN,NaN,NaN,NaN,NaN,NaN,TY,NW,B,B,NaN,NaN,NaN,NaN,NaN,NaN,
1948082618,03l.1948,UNNAMED,TY,NN,23.0,296.4,70,NaN,313,13,313,13,NaN,NaN,NaN,NaN,NaN,NaN,NaN,NaN,NaN,NaN,TY,NW,B,B,NaN,NaN,NaN,NaN,NaN,NaN,
1948082700,03l.1948,UNNAMED,TY,NN,23.8,295.5,75,NaN,312,12,312,12,NaN,NaN,NaN,NaN,NaN,NaN,NaN,NaN,NaN,NaN,TY,NW,B,B,NaN,NaN,NaN,NaN,NaN,NaN,
1948082706,03l.1948,UNNAMED,TY,NN,24.7,294.6,80,NaN,316,12,316,12,NaN,NaN,NaN,NaN,NaN,NaN,NaN,NaN,NaN,NaN,TY,NW,B,B,NaN,NaN,NaN,NaN,NaN,NaN,
1948082712,03l.1948,UNNAMED,TY,NN,25.5,293.7,85,NaN,316,12,316,12,NaN,NaN,NaN,NaN,NaN,NaN,NaN,NaN,NaN,NaN,TY,NW,B,B,NaN,NaN,NaN,NaN,NaN,NaN,
1948082718,03l.1948,UNNAMED,TY,NN,26.3,292.8,90,NaN,315,11,315,11,NaN,NaN,NaN,NaN,NaN,NaN,NaN,NaN,NaN,NaN,TY,NW,B,B,NaN,NaN,NaN,NaN,NaN,NaN,
1948082800,03l.1948,UNNAMED,TY,NN,26.8,291.9,95,NaN,309,10,309,10,NaN,NaN,NaN,NaN,NaN,NaN,NaN,NaN,NaN,NaN,TY,NW,B,B,NaN,NaN,NaN,NaN,NaN,NaN,
1948082806,03l.1948,UNNAMED,TY,NN,27.2,291.1,95,NaN,301,9,301,9,NaN,NaN,NaN,NaN,NaN,NaN,NaN,NaN,NaN,NaN,TY,NW,B,B,NaN,NaN,NaN,NaN,NaN,NaN,
1948082812,03l.1948,UNNAMED,TY,NN,27.6,290.3,100,NaN,299,8,299,8,NaN,NaN,NaN,NaN,NaN,NaN,NaN,NaN,NaN,NaN,TY,NW,B,B,NaN,NaN,NaN,NaN,NaN,NaN,
1948082818,03l.1948,UNNAMED,TY,NN,28.1,289.4,105,NaN,301,9,301,9,NaN,NaN,NaN,NaN,NaN,NaN,NaN,NaN,NaN,NaN,TY,NW,B,B,NaN,NaN,NaN,NaN,NaN,NaN,
1948082900,03l.1948,UNNAMED,TY,NN,28.6,288.5,105,NaN,302,9,302,9,NaN,NaN,NaN,NaN,NaN,NaN,NaN,NaN,NaN,NaN,TY,NW,B,B,NaN,NaN,NaN,NaN,NaN,NaN,
1948082906,03l.1948,UNNAMED,TY,NN,28.9,287.7,105,NaN,298,8,298,8,NaN,NaN,NaN,NaN,NaN,NaN,NaN,NaN,NaN,NaN,TY,NW,B,B,NaN,NaN,NaN,NaN,NaN,NaN,
1948082912,03l.1948,UNNAMED,TY,NN,29.1,286.9,100,NaN,290,7,290,7,NaN,NaN,NaN,NaN,NaN,NaN,NaN,NaN,NaN,NaN,TY,NW,B,B,NaN,NaN,NaN,NaN,NaN,NaN,
1948082918,03l.1948,UNNAMED,TY,NN,29.5,286.1,100,NaN,293,8,293,8,NaN,NaN,NaN,NaN,NaN,NaN,NaN,NaN,NaN,NaN,TY,NW,B,B,NaN,NaN,NaN,NaN,NaN,NaN,
1948083000,03l.1948,UNNAMED,TY,NN,30.0,285.5,95,NaN,306,8,306,8,NaN,NaN,NaN,NaN,NaN,NaN,NaN,NaN,NaN,NaN,TY,NW,B,B,NaN,NaN,NaN,NaN,NaN,NaN,
1948083006,03l.1948,UNNAMED,TY,NN,30.6,285.1,95,NaN,322,7,322,7,NaN,NaN,NaN,NaN,NaN,NaN,NaN,NaN,NaN,NaN,TY,NW,B,B,NaN,NaN,NaN,NaN,NaN,NaN,
1948083012,03l.1948,UNNAMED,TY,NN,31.2,284.8,90,NaN,333,7,333,7,NaN,NaN,NaN,NaN,NaN,NaN,NaN,NaN,NaN,NaN,TY,NW,B,B,NaN,NaN,NaN,NaN,NaN,NaN,
1948083018,03l.1948,UNNAMED,TY,NN,31.9,284.7,85,NaN,345,7,345,7,NaN,NaN,NaN,NaN,NaN,NaN,NaN,NaN,NaN,NaN,TY,NW,B,B,NaN,NaN,NaN,NaN,NaN,NaN,
1948083100,03l.1948,UNNAMED,TY,NN,32.6,285.1,80,NaN,10,7,10,7,NaN,NaN,NaN,NaN,NaN,NaN,NaN,NaN,NaN,NaN,TY,NW,B,B,NaN,NaN,NaN,NaN,NaN,NaN,
1948083106,03l.1948,UNNAMED,TY,NN,33.3,285.6,75,NaN,28,8,28,8,NaN,NaN,NaN,NaN,NaN,NaN,NaN,NaN,NaN,NaN,TY,NW,B,B,NaN,NaN,NaN,NaN,NaN,NaN,
1948083112,03l.1948,UNNAMED,TY,NN,34.2,286.7,70,NaN,40,10,40,10,NaN,NaN,NaN,NaN,NaN,NaN,NaN,NaN,NaN,NaN,TY,NW,B,B,NaN,NaN,NaN,NaN,NaN,NaN,
1948083118,03l.1948,UNNAMED,TY,NN,35.3,288.4,70,NaN,49,15,49,15,NaN,NaN,NaN,NaN,NaN,NaN,NaN,NaN,NaN,NaN,TY,NW,B,B,NaN,NaN,NaN,NaN,NaN,NaN,
1948090100,03l.1948,UNNAMED,TY,NN,37.0,291.3,65,NaN,53,23,53,23,NaN,NaN,NaN,NaN,NaN,NaN,NaN,NaN,NaN,NaN,TY,NW,B,B,NaN,NaN,NaN,NaN,NaN,NaN,
1948090106,03l.1948,UNNAMED,TY,NN,39.0,294.9,60,NaN,54,32,54,32,NaN,NaN,NaN,NaN,NaN,NaN,NaN,NaN,NaN,NaN,TS,NW,B,B,NaN,NaN,NaN,NaN,NaN,NaN,
1948090112,03l.1948,UNNAMED,TY,NN,41.0,298.0,60,NaN,52,33,52,33,NaN,NaN,NaN,NaN,NaN,NaN,NaN,NaN,NaN,NaN,TS,NW,B,B,NaN,NaN,NaN,NaN,NaN,NaN,
1948090118,03l.1948,UNNAMED,TY,NN,42.9,300.6,60,NaN,48,29,48,29,NaN,NaN,NaN,NaN,NaN,NaN,NaN,NaN,NaN,NaN,TS,NW,B,B,NaN,NaN,NaN,NaN,NaN,NaN,
1948090200,03l.1948,UNNAMED,TY,NN,45.0,302.6,55,NaN,40,26,40,26,NaN,NaN,NaN,NaN,NaN,NaN,NaN,NaN,NaN,NaN,TS,NW,B,B,NaN,NaN,NaN,NaN,NaN,NaN,
1948090206,03l.1948,UNNAMED,TY,NN,48.0,304.0,55,NaN,25,28,25,28,NaN,NaN,NaN,NaN,NaN,NaN,NaN,NaN,NaN,NaN,TS,NW,B,B,NaN,NaN,0.78,NaN,NaN,NaN,
1948090212,03l.1948,UNNAMED,TY,NN,51.0,306.0,50,NaN,21,32,21,32,NaN,NaN,NaN,NaN,NaN,NaN,NaN,NaN,NaN,NaN,TS,NW,B,B,NaN,NaN,NaN,NaN,NaN,NaN,
1948090218,03l.1948,UNNAMED,TY,NN,52.8,308.0,50,NaN,28,27,28,27,NaN,NaN,NaN,NaN,NaN,NaN,NaN,NaN,NaN,NaN,TS,NW,B,B,NaN,NaN,NaN,NaN,NaN,NaN,
1948090300,03l.1948,UNNAMED,TY,NN,53.8,310.0,50,NaN,41,19,41,19,NaN,NaN,NaN,NaN,NaN,NaN,NaN,NaN,NaN,NaN,TS,NW,B,B,NaN,NaN,NaN,NaN,NaN,NaN,
1948090306,03l.1948,UNNAMED,TY,NN,54.9,312.2,50,NaN,50,16,50,16,NaN,NaN,NaN,NaN,NaN,NaN,NaN,NaN,NaN,NaN,TS,NW,B,B,NaN,NaN,NaN,NaN,NaN,NaN,
1948090312,03l.1948,UNNAMED,TY,NN,56.0,314.5,50,NaN,50,17,50,17,NaN,NaN,NaN,NaN,NaN,NaN,NaN,NaN,NaN,NaN,TS,NW,B,B,NaN,NaN,NaN,NaN,NaN,NaN,
1948090318,03l.1948,UNNAMED,TY,NN,57.0,316.5,50,NaN,49,16,49,16,NaN,NaN,NaN,NaN,NaN,NaN,NaN,NaN,NaN,NaN,TS,NW,B,B,NaN,NaN,NaN,NaN,NaN,NaN,
1948090400,03l.1948,UNNAMED,TY,NN,58.0,318.2,45,NaN,45,14,45,14,NaN,NaN,NaN,NaN,NaN,NaN,NaN,NaN,NaN,NaN,TS,NW,B,B,NaN,NaN,NaN,NaN,NaN,NaN,
1948090406,03l.1948,UNNAMED,TY,NN,58.9,320.0,45,NaN,44,13,44,13,NaN,NaN,NaN,NaN,NaN,NaN,NaN,NaN,NaN,NaN,TS,NW,B,B,NaN,NaN,NaN,NaN,NaN,NaN,
1948090412,03l.1948,UNNAMED,TY,NN,59.8,321.8,40,NaN,46,13,46,13,NaN,NaN,NaN,NaN,NaN,NaN,NaN,NaN,NaN,NaN,TS,NW,B,B,NaN,NaN,NaN,NaN,NaN,NaN,
1948090418,03l.1948,UNNAMED,TY,NN,60.6,324.2,40,NaN,51,14,51,14,NaN,NaN,NaN,NaN,NaN,NaN,NaN,NaN,NaN,NaN,TS,NW,B,B,NaN,NaN,NaN,NaN,NaN,NaN,
1948090500,03l.1948,UNNAMED,TY,NN,61.3,327.5,35,NaN,62,16,62,16,NaN,NaN,NaN,NaN,NaN,NaN,NaN,NaN,NaN,NaN,TS,NW,B,B,NaN,NaN,NaN,NaN,NaN,NaN,
1948090506,03l.1948,UNNAMED,TY,NN,61.9,332.0,35,NaN,71,20,71,20,NaN,NaN,NaN,NaN,NaN,NaN,NaN,NaN,NaN,NaN,TS,NW,B,B,NaN,NaN,NaN,NaN,NaN,NaN,
1948090512,03l.1948,UNNAMED,TY,NN,62.5,337.0,30,NaN,75,23,75,23,NaN,NaN,NaN,NaN,NaN,NaN,NaN,NaN,NaN,NaN,TD,NW,B,B,NaN,NaN,NaN,NaN,NaN,NaN,
1948090518,03l.1948,UNNAMED,TY,NN,63.0,343.0,30,NaN,78,26,78,26,NaN,NaN,NaN,NaN,NaN,NaN,NaN,NaN,NaN,NaN,TD,NW,B,B,NaN,NaN,NaN,NaN,NaN,NaN,
1948083018,04l.1948,UNNAMED,TS,NN,12.9,304.6,50,NaN,280,12,280,12,NaN,NaN,NaN,NaN,NaN,NaN,NaN,NaN,NaN,NaN,TS,NW,B,B,NaN,NaN,NaN,NaN,NaN,NaN,
1948083100,04l.1948,UNNAMED,TS,NN,13.1,303.4,50,NaN,280,12,280,12,NaN,NaN,NaN,NaN,NaN,NaN,NaN,NaN,NaN,NaN,TS,NW,B,B,NaN,NaN,NaN,NaN,NaN,NaN,
1948083106,04l.1948,UNNAMED,TS,NN,13.3,302.2,50,NaN,280,12,280,12,NaN,NaN,NaN,NaN,NaN,NaN,NaN,NaN,NaN,NaN,TS,NW,B,B,NaN,NaN,NaN,NaN,NaN,NaN,
1948083112,04l.1948,UNNAMED,TS,NN,13.5,301.0,45,NaN,280,12,280,12,NaN,NaN,NaN,NaN,NaN,NaN,NaN,NaN,NaN,NaN,TS,NW,B,B,NaN,NaN,NaN,NaN,NaN,NaN,
1948083118,04l.1948,UNNAMED,TS,NN,13.7,299.8,40,NaN,280,12,280,12,NaN,NaN,NaN,NaN,NaN,NaN,NaN,NaN,NaN,NaN,TS,NW,B,B,NaN,NaN,0.03,NaN,NaN,NaN,
1948090100,04l.1948,UNNAMED,TS,NN,13.9,298.7,40,NaN,280,11,280,11,NaN,NaN,NaN,NaN,NaN,NaN,NaN,NaN,NaN,NaN,TS,NW,B,B,NaN,NaN,0.02,NaN,NaN,NaN,
1948090106,04l.1948,UNNAMED,TS,NN,14.1,297.7,35,NaN,281,10,281,10,NaN,NaN,NaN,NaN,NaN,NaN,NaN,NaN,NaN,NaN,TS,NW,B,B,NaN,NaN,NaN,NaN,NaN,NaN,
1948090112,04l.1948,UNNAMED,TS,NN,14.2,296.9,30,1007,280,9,280,9,NaN,NaN,NaN,NaN,NaN,NaN,NaN,NaN,NaN,NaN,TD,NW,B,B,NaN,NaN,NaN,NaN,NaN,NaN,
1948090118,04l.1948,UNNAMED,TS,NN,14.3,296.0,25,NaN,277,8,277,8,NaN,NaN,NaN,NaN,NaN,NaN,NaN,NaN,NaN,NaN,TD,NW,B,B,NaN,NaN,NaN,NaN,NaN,NaN,
1948090118,l05.1948,9X-L05,TY,NN,24.3,265.2,25,NaN,360,0,360,0,NaN,NaN,NaN,NaN,NaN,NaN,NaN,NaN,NaN,NaN,TD,NW,B,B,NaN,NaN,NaN,NaN,NaN,NaN,
1948090200,l05.1948,9X-L05,TY,NN,24.3,265.2,30,NaN,360,0,360,0,NaN,NaN,NaN,NaN,NaN,NaN,NaN,NaN,NaN,NaN,TD,NW,B,B,NaN,NaN,NaN,NaN,NaN,NaN,
1948090206,l05.1948,9X-L05,TY,NN,24.3,265.2,30,NaN,360,0,360,0,NaN,NaN,NaN,NaN,NaN,NaN,NaN,NaN,NaN,NaN,TD,NW,B,B,NaN,NaN,NaN,NaN,NaN,NaN,
1948090212,05l.1948,UNNAMED,TY,NN,24.3,265.3,35,NaN,90,0,90,0,NaN,NaN,NaN,NaN,NaN,NaN,NaN,NaN,NaN,NaN,TS,NW,B,B,NaN,NaN,NaN,NaN,NaN,NaN,
1948090218,05l.1948,UNNAMED,TY,NN,24.3,265.7,40,NaN,90,2,90,2,NaN,NaN,NaN,NaN,NaN,NaN,NaN,NaN,NaN,NaN,TS,NW,B,B,NaN,NaN,NaN,NaN,NaN,NaN,
1948090300,05l.1948,UNNAMED,TY,NN,24.5,266.2,40,NaN,76,4,76,4,NaN,NaN,NaN,NaN,NaN,NaN,NaN,NaN,NaN,NaN,TS,NW,B,B,NaN,NaN,NaN,NaN,NaN,NaN,
1948090306,05l.1948,UNNAMED,TY,NN,25.1,266.8,45,NaN,51,6,51,6,NaN,NaN,NaN,NaN,NaN,NaN,NaN,NaN,NaN,NaN,TS,NW,B,B,NaN,NaN,NaN,NaN,NaN,NaN,
1948090312,05l.1948,UNNAMED,TY,NN,25.9,267.4,50,998,38,9,38,9,NaN,NaN,NaN,NaN,NaN,NaN,NaN,NaN,NaN,NaN,TS,NW,B,B,NaN,NaN,NaN,NaN,NaN,NaN,
1948090318,05l.1948,UNNAMED,TY,NN,26.9,268.1,60,990,33,11,33,11,NaN,NaN,NaN,NaN,NaN,NaN,NaN,NaN,NaN,NaN,TS,NW,B,B,NaN,NaN,NaN,NaN,NaN,NaN,
1948090400,05l.1948,UNNAMED,TY,NN,27.9,268.7,65,NaN,30,12,30,12,NaN,NaN,NaN,NaN,NaN,NaN,NaN,NaN,NaN,NaN,TY,NW,B,B,NaN,NaN,NaN,NaN,NaN,NaN,
1948090406,05l.1948,UNNAMED,TY,NN,28.9,269.4,70,983,30,12,30,12,NaN,NaN,NaN,NaN,NaN,NaN,NaN,NaN,NaN,NaN,TY,NW,B,B,NaN,NaN,0.17,NaN,NaN,NaN,
1948090412,05l.1948,UNNAMED,TY,NN,29.9,270.0,60,986,30,12,30,12,NaN,NaN,NaN,NaN,NaN,NaN,NaN,NaN,NaN,NaN,TS,NW,B,B,NaN,NaN,0.60,NaN,NaN,NaN,
1948090418,05l.1948,UNNAMED,TY,NN,31.1,270.6,45,NaN,25,12,25,12,NaN,NaN,NaN,NaN,NaN,NaN,NaN,NaN,NaN,NaN,TS,NW,B,B,NaN,NaN,1.00,NaN,NaN,NaN,
1948090500,05l.1948,UNNAMED,TY,NN,32.3,270.9,35,NaN,18,13,18,13,NaN,NaN,NaN,NaN,NaN,NaN,NaN,NaN,NaN,NaN,TS,NW,B,B,NaN,NaN,1.00,NaN,NaN,NaN,
1948090506,05l.1948,UNNAMED,TY,NN,33.5,270.9,30,NaN,6,12,6,12,NaN,NaN,NaN,NaN,NaN,NaN,NaN,NaN,NaN,NaN,TD,NW,B,B,NaN,NaN,0.99,NaN,NaN,NaN,
1948090512,05l.1948,UNNAMED,TY,NN,34.8,270.8,25,NaN,358,13,358,13,NaN,NaN,NaN,NaN,NaN,NaN,NaN,NaN,NaN,NaN,TD,NW,B,B,NaN,NaN,1.00,NaN,NaN,NaN,
1948090518,05l.1948,UNNAMED,TY,NN,35.8,270.7,25,NaN,356,12,356,12,NaN,NaN,NaN,NaN,NaN,NaN,NaN,NaN,NaN,NaN,TD,NW,B,B,NaN,NaN,0.97,NaN,NaN,NaN,
1948090600,05l.1948,UNNAMED,TY,NN,36.5,270.7,25,NaN,357,9,357,9,NaN,NaN,NaN,NaN,NaN,NaN,NaN,NaN,NaN,NaN,TD,NW,B,B,NaN,NaN,0.96,NaN,NaN,NaN,
1948090606,05l.1948,UNNAMED,TY,NN,37.5,270.9,25,NaN,5,9,5,9,NaN,NaN,NaN,NaN,NaN,NaN,NaN,NaN,NaN,NaN,TD,NW,B,B,NaN,NaN,0.97,NaN,NaN,NaN,
1948090612,05l.1948,UNNAMED,TY,NN,38.8,271.4,20,NaN,14,12,14,12,NaN,NaN,NaN,NaN,NaN,NaN,NaN,NaN,NaN,NaN,NT,NW,B,B,NaN,NaN,1.00,NaN,NaN,NaN,
1948090618,05l.1948,UNNAMED,TY,NN,40.0,272.4,20,NaN,25,14,25,14,NaN,NaN,NaN,NaN,NaN,NaN,NaN,NaN,NaN,NaN,NT,NW,B,B,NaN,NaN,1.00,NaN,NaN,NaN,
1948090406,06l.1948,UNNAMED,TY,NN,14.3,339.8,35,NaN,267,11,267,11,NaN,NaN,NaN,NaN,NaN,NaN,NaN,NaN,NaN,NaN,TS,NW,B,B,NaN,NaN,NaN,NaN,NaN,NaN,
1948090412,06l.1948,UNNAMED,TY,NN,14.2,338.7,40,NaN,267,11,267,11,NaN,NaN,NaN,NaN,NaN,NaN,NaN,NaN,NaN,NaN,TS,NW,B,B,NaN,NaN,NaN,NaN,NaN,NaN,
1948090418,06l.1948,UNNAMED,TY,NN,14.2,337.6,40,NaN,267,11,267,11,NaN,NaN,NaN,NaN,NaN,NaN,NaN,NaN,NaN,NaN,TS,NW,B,B,NaN,NaN,NaN,NaN,NaN,NaN,
1948090500,06l.1948,UNNAMED,TY,NN,14.3,336.4,40,NaN,273,11,273,11,NaN,NaN,NaN,NaN,NaN,NaN,NaN,NaN,NaN,NaN,TS,NW,B,B,NaN,NaN,0.02,NaN,NaN,NaN,
1948090506,06l.1948,UNNAMED,TY,NN,14.4,335.2,40,NaN,275,12,275,12,NaN,NaN,NaN,NaN,NaN,NaN,NaN,NaN,NaN,NaN,TS,NW,B,B,NaN,NaN,NaN,NaN,NaN,NaN,
1948090512,06l.1948,UNNAMED,TY,NN,14.5,334.0,45,NaN,275,12,275,12,NaN,NaN,NaN,NaN,NaN,NaN,NaN,NaN,NaN,NaN,TS,NW,B,B,NaN,NaN,NaN,NaN,NaN,NaN,
1948090518,06l.1948,UNNAMED,TY,NN,14.6,332.7,45,NaN,275,12,275,12,NaN,NaN,NaN,NaN,NaN,NaN,NaN,NaN,NaN,NaN,TS,NW,B,B,NaN,NaN,NaN,NaN,NaN,NaN,
1948090600,06l.1948,UNNAMED,TY,NN,14.8,331.3,45,NaN,277,13,277,13,NaN,NaN,NaN,NaN,NaN,NaN,NaN,NaN,NaN,NaN,TS,NW,B,B,NaN,NaN,NaN,NaN,NaN,NaN,
1948090606,06l.1948,UNNAMED,TY,NN,15.0,329.9,45,NaN,278,14,278,14,NaN,NaN,NaN,NaN,NaN,NaN,NaN,NaN,NaN,NaN,TS,NW,B,B,NaN,NaN,NaN,NaN,NaN,NaN,
1948090612,06l.1948,UNNAMED,TY,NN,15.2,328.5,50,NaN,278,14,278,14,NaN,NaN,NaN,NaN,NaN,NaN,NaN,NaN,NaN,NaN,TS,NW,B,B,NaN,NaN,NaN,NaN,NaN,NaN,
1948090618,06l.1948,UNNAMED,TY,NN,15.5,327.1,50,NaN,280,14,280,14,NaN,NaN,NaN,NaN,NaN,NaN,NaN,NaN,NaN,NaN,TS,NW,B,B,NaN,NaN,NaN,NaN,NaN,NaN,
1948090700,06l.1948,UNNAMED,TY,NN,16.0,325.7,50,NaN,287,14,287,14,NaN,NaN,NaN,NaN,NaN,NaN,NaN,NaN,NaN,NaN,TS,NW,B,B,NaN,NaN,NaN,NaN,NaN,NaN,
1948090706,06l.1948,UNNAMED,TY,NN,16.6,324.3,50,NaN,292,15,292,15,NaN,NaN,NaN,NaN,NaN,NaN,NaN,NaN,NaN,NaN,TS,NW,B,B,NaN,NaN,NaN,NaN,NaN,NaN,
1948090712,06l.1948,UNNAMED,TY,NN,17.0,323.0,50,NaN,291,14,291,14,NaN,NaN,NaN,NaN,NaN,NaN,NaN,NaN,NaN,NaN,TS,NW,B,B,NaN,NaN,NaN,NaN,NaN,NaN,
1948090718,06l.1948,UNNAMED,TY,NN,17.2,321.7,50,NaN,284,13,284,13,NaN,NaN,NaN,NaN,NaN,NaN,NaN,NaN,NaN,NaN,TS,NW,B,B,NaN,NaN,NaN,NaN,NaN,NaN,
1948090800,06l.1948,UNNAMED,TY,NN,17.3,320.4,50,NaN,277,13,277,13,NaN,NaN,NaN,NaN,NaN,NaN,NaN,NaN,NaN,NaN,TS,NW,B,B,NaN,NaN,NaN,NaN,NaN,NaN,
1948090806,06l.1948,UNNAMED,TY,NN,17.3,319.2,50,NaN,272,12,272,12,NaN,NaN,NaN,NaN,NaN,NaN,NaN,NaN,NaN,NaN,TS,NW,B,B,NaN,NaN,NaN,NaN,NaN,NaN,
1948090812,06l.1948,UNNAMED,TY,NN,17.3,318.0,50,NaN,270,11,270,11,NaN,NaN,NaN,NaN,NaN,NaN,NaN,NaN,NaN,NaN,TS,NW,B,B,NaN,NaN,NaN,NaN,NaN,NaN,
1948090818,06l.1948,UNNAMED,TY,NN,17.3,316.8,50,NaN,270,11,270,11,NaN,NaN,NaN,NaN,NaN,NaN,NaN,NaN,NaN,NaN,TS,NW,B,B,NaN,NaN,NaN,NaN,NaN,NaN,
1948090900,06l.1948,UNNAMED,TY,NN,17.3,315.7,50,NaN,270,11,270,11,NaN,NaN,NaN,NaN,NaN,NaN,NaN,NaN,NaN,NaN,TS,NW,B,B,NaN,NaN,NaN,NaN,NaN,NaN,
1948090906,06l.1948,UNNAMED,TY,NN,17.3,314.6,50,NaN,270,11,270,11,NaN,NaN,NaN,NaN,NaN,NaN,NaN,NaN,NaN,NaN,TS,NW,B,B,NaN,NaN,NaN,NaN,NaN,NaN,
1948090912,06l.1948,UNNAMED,TY,NN,17.3,313.4,50,NaN,270,11,270,11,NaN,NaN,NaN,NaN,NaN,NaN,NaN,NaN,NaN,NaN,TS,NW,B,B,NaN,NaN,NaN,NaN,NaN,NaN,
1948090918,06l.1948,UNNAMED,TY,NN,17.3,312.1,50,NaN,270,12,270,12,NaN,NaN,NaN,NaN,NaN,NaN,NaN,NaN,NaN,NaN,TS,NW,B,B,NaN,NaN,NaN,NaN,NaN,NaN,
1948091000,06l.1948,UNNAMED,TY,NN,17.4,310.8,50,NaN,272,12,272,12,NaN,NaN,NaN,NaN,NaN,NaN,NaN,NaN,NaN,NaN,TS,NW,B,B,NaN,NaN,NaN,NaN,NaN,NaN,
1948091006,06l.1948,UNNAMED,TY,NN,17.6,309.5,50,NaN,277,12,277,12,NaN,NaN,NaN,NaN,NaN,NaN,NaN,NaN,NaN,NaN,TS,NW,B,B,NaN,NaN,NaN,NaN,NaN,NaN,
1948091012,06l.1948,UNNAMED,TY,NN,18.0,308.2,50,NaN,284,13,284,13,NaN,NaN,NaN,NaN,NaN,NaN,NaN,NaN,NaN,NaN,TS,NW,B,B,NaN,NaN,NaN,NaN,NaN,NaN,
1948091018,06l.1948,UNNAMED,TY,NN,18.5,306.9,50,NaN,290,13,290,13,NaN,NaN,NaN,NaN,NaN,NaN,NaN,NaN,NaN,NaN,TS,NW,B,B,NaN,NaN,NaN,NaN,NaN,NaN,
1948091100,06l.1948,UNNAMED,TY,NN,19.4,305.5,55,NaN,299,15,299,15,NaN,NaN,NaN,NaN,NaN,NaN,NaN,NaN,NaN,NaN,TS,NW,B,B,NaN,NaN,NaN,NaN,NaN,NaN,
1948091106,06l.1948,UNNAMED,TY,NN,20.4,304.1,65,NaN,306,16,306,16,NaN,NaN,NaN,NaN,NaN,NaN,NaN,NaN,NaN,NaN,TY,NW,B,B,NaN,NaN,NaN,NaN,NaN,NaN,
1948091112,06l.1948,UNNAMED,TY,NN,21.6,302.6,80,NaN,309,17,309,17,NaN,NaN,NaN,NaN,NaN,NaN,NaN,NaN,NaN,NaN,TY,NW,B,B,NaN,NaN,NaN,NaN,NaN,NaN,
1948091118,06l.1948,UNNAMED,TY,NN,22.9,301.0,90,NaN,311,19,311,19,NaN,NaN,NaN,NaN,NaN,NaN,NaN,NaN,NaN,NaN,TY,NW,B,B,NaN,NaN,NaN,NaN,NaN,NaN,
1948091200,06l.1948,UNNAMED,TY,NN,24.0,299.0,100,NaN,306,20,306,20,NaN,NaN,NaN,NaN,NaN,NaN,NaN,NaN,NaN,NaN,TY,NW,B,B,NaN,NaN,NaN,NaN,NaN,NaN,
1948091206,06l.1948,UNNAMED,TY,NN,24.6,298.0,105,NaN,302,16,302,16,NaN,NaN,NaN,NaN,NaN,NaN,NaN,NaN,NaN,NaN,TY,NW,B,B,NaN,NaN,NaN,NaN,NaN,NaN,
1948091212,06l.1948,UNNAMED,TY,NN,25.4,297.2,110,NaN,311,11,311,11,NaN,NaN,NaN,NaN,NaN,NaN,NaN,NaN,NaN,NaN,TY,NW,B,B,NaN,NaN,NaN,NaN,NaN,NaN,
1948091218,06l.1948,UNNAMED,TY,NN,26.8,296.4,110,NaN,327,13,327,13,NaN,NaN,NaN,NaN,NaN,NaN,NaN,NaN,NaN,NaN,TY,NW,B,B,NaN,NaN,NaN,NaN,NaN,NaN,
1948091300,06l.1948,UNNAMED,TY,NN,28.5,295.6,115,NaN,335,17,335,17,NaN,NaN,NaN,NaN,NaN,NaN,NaN,NaN,NaN,NaN,TY,NW,B,B,NaN,NaN,NaN,NaN,NaN,NaN,
1948091306,06l.1948,UNNAMED,TY,NN,29.8,294.8,115,NaN,335,17,335,17,NaN,NaN,NaN,NaN,NaN,NaN,NaN,NaN,NaN,NaN,TY,NW,B,B,NaN,NaN,NaN,NaN,NaN,NaN,
1948091312,06l.1948,UNNAMED,TY,NN,31.0,294.2,115,NaN,334,14,334,14,NaN,NaN,NaN,NaN,NaN,NaN,NaN,NaN,NaN,NaN,TY,NW,B,B,NaN,NaN,NaN,NaN,NaN,NaN,
1948091318,06l.1948,UNNAMED,TY,NN,32.3,294.2,110,NaN,348,13,348,13,NaN,NaN,NaN,NaN,NaN,NaN,NaN,NaN,NaN,NaN,TY,NW,B,B,NaN,NaN,NaN,NaN,NaN,NaN,
1948091400,06l.1948,UNNAMED,TY,NN,33.7,294.5,105,NaN,5,14,5,14,NaN,NaN,NaN,NaN,NaN,NaN,NaN,NaN,NaN,NaN,TY,NW,B,B,NaN,NaN,NaN,NaN,NaN,NaN,
1948091406,06l.1948,UNNAMED,TY,NN,35.1,295.1,100,NaN,15,14,15,14,NaN,NaN,NaN,NaN,NaN,NaN,NaN,NaN,NaN,NaN,TY,NW,B,B,NaN,NaN,NaN,NaN,NaN,NaN,
1948091412,06l.1948,UNNAMED,TY,NN,36.5,296.0,95,NaN,24,15,24,15,NaN,NaN,NaN,NaN,NaN,NaN,NaN,NaN,NaN,NaN,TY,NW,B,B,NaN,NaN,NaN,NaN,NaN,NaN,
1948091418,06l.1948,UNNAMED,TY,NN,38.5,297.4,85,NaN,28,19,28,19,NaN,NaN,NaN,NaN,NaN,NaN,NaN,NaN,NaN,NaN,TY,NW,B,B,NaN,NaN,NaN,NaN,NaN,NaN,
1948091500,06l.1948,UNNAMED,TY,NN,40.3,299.6,80,NaN,37,24,37,24,NaN,NaN,NaN,NaN,NaN,NaN,NaN,NaN,NaN,NaN,TY,NW,B,B,NaN,NaN,NaN,NaN,NaN,NaN,
1948091506,06l.1948,UNNAMED,TY,NN,42.0,302.6,75,NaN,49,26,49,26,NaN,NaN,NaN,NaN,NaN,NaN,NaN,NaN,NaN,NaN,TY,NW,B,B,NaN,NaN,NaN,NaN,NaN,NaN,
1948091512,06l.1948,UNNAMED,TY,NN,44.6,306.6,70,NaN,50,34,50,34,NaN,NaN,NaN,NaN,NaN,NaN,NaN,NaN,NaN,NaN,TY,NW,B,B,NaN,NaN,NaN,NaN,NaN,NaN,
1948091518,06l.1948,UNNAMED,TY,NN,47.1,311.2,65,NaN,50,40,50,40,NaN,NaN,NaN,NaN,NaN,NaN,NaN,NaN,NaN,NaN,TY,NW,B,B,NaN,NaN,NaN,NaN,NaN,NaN,
1948091600,06l.1948,UNNAMED,TY,NN,49.8,315.8,60,NaN,50,41,50,41,NaN,NaN,NaN,NaN,NaN,NaN,NaN,NaN,NaN,NaN,TS,NW,B,B,NaN,NaN,NaN,NaN,NaN,NaN,
1948091606,06l.1948,UNNAMED,TY,NN,53.0,320.0,55,NaN,44,41,44,41,NaN,NaN,NaN,NaN,NaN,NaN,NaN,NaN,NaN,NaN,TS,NW,B,B,NaN,NaN,NaN,NaN,NaN,NaN,
1948091612,06l.1948,UNNAMED,TY,NN,56.3,325.0,55,NaN,40,43,40,43,NaN,NaN,NaN,NaN,NaN,NaN,NaN,NaN,NaN,NaN,TS,NW,B,B,NaN,NaN,NaN,NaN,NaN,NaN,
1948091618,06l.1948,UNNAMED,TY,NN,58.3,331.0,55,NaN,49,41,49,41,NaN,NaN,NaN,NaN,NaN,NaN,NaN,NaN,NaN,NaN,TS,NW,B,B,NaN,NaN,NaN,NaN,NaN,NaN,
1948091700,06l.1948,UNNAMED,TY,NN,60.0,338.0,60,NaN,62,39,62,39,NaN,NaN,NaN,NaN,NaN,NaN,NaN,NaN,NaN,NaN,TS,NW,B,B,NaN,NaN,NaN,NaN,NaN,NaN,
1948091706,06l.1948,UNNAMED,TY,NN,61.5,346.0,60,NaN,67,41,67,41,NaN,NaN,NaN,NaN,NaN,NaN,NaN,NaN,NaN,NaN,TS,NW,B,B,NaN,NaN,NaN,NaN,NaN,NaN,
1948091712,06l.1948,UNNAMED,TY,NN,62.5,354.0,60,NaN,72,40,72,40,NaN,NaN,NaN,NaN,NaN,NaN,NaN,NaN,NaN,NaN,TS,NW,B,B,NaN,NaN,0.01,NaN,NaN,NaN,
1948090712,07l.1948,UNNAMED,TS,NN,36.0,302.0,40,NaN,270,14,270,14,NaN,NaN,NaN,NaN,NaN,NaN,NaN,NaN,NaN,NaN,TS,NW,B,B,NaN,NaN,NaN,NaN,NaN,NaN,
1948090718,07l.1948,UNNAMED,TS,NN,35.8,300.0,45,NaN,270,14,270,14,NaN,NaN,NaN,NaN,NaN,NaN,NaN,NaN,NaN,NaN,TS,NW,B,B,NaN,NaN,NaN,NaN,NaN,NaN,
1948090800,07l.1948,UNNAMED,TS,NN,36.0,298.5,45,NaN,270,14,270,14,NaN,NaN,NaN,NaN,NaN,NaN,NaN,NaN,NaN,NaN,TS,NW,B,B,NaN,NaN,NaN,NaN,NaN,NaN,
1948090806,07l.1948,UNNAMED,TS,NN,36.3,297.5,50,NaN,284,10,284,10,NaN,NaN,NaN,NaN,NaN,NaN,NaN,NaN,NaN,NaN,TS,NW,B,B,NaN,NaN,NaN,NaN,NaN,NaN,
1948090812,07l.1948,UNNAMED,TS,NN,36.8,296.8,50,NaN,300,8,300,8,NaN,NaN,NaN,NaN,NaN,NaN,NaN,NaN,NaN,NaN,TS,NW,B,B,NaN,NaN,NaN,NaN,NaN,NaN,
1948090818,07l.1948,UNNAMED,TS,NN,37.3,296.3,55,NaN,316,7,316,7,NaN,NaN,NaN,NaN,NaN,NaN,NaN,NaN,NaN,NaN,TS,NW,B,B,NaN,NaN,NaN,NaN,NaN,NaN,
1948090900,07l.1948,UNNAMED,TS,NN,37.9,296.0,55,NaN,330,6,330,6,NaN,NaN,NaN,NaN,NaN,NaN,NaN,NaN,NaN,NaN,TS,NW,B,B,NaN,NaN,NaN,NaN,NaN,NaN,
1948090906,07l.1948,UNNAMED,TS,NN,38.5,296.0,50,NaN,349,6,349,6,NaN,NaN,NaN,NaN,NaN,NaN,NaN,NaN,NaN,NaN,TS,NW,B,B,NaN,NaN,NaN,NaN,NaN,NaN,
1948090912,07l.1948,UNNAMED,TS,NN,39.1,296.1,45,NaN,4,6,4,6,NaN,NaN,NaN,NaN,NaN,NaN,NaN,NaN,NaN,NaN,TS,NW,B,B,NaN,NaN,NaN,NaN,NaN,NaN,
1948090918,07l.1948,UNNAMED,TS,NN,40.1,296.6,45,NaN,16,8,16,8,NaN,NaN,NaN,NaN,NaN,NaN,NaN,NaN,NaN,NaN,TS,NW,B,B,NaN,NaN,NaN,NaN,NaN,NaN,
1948091000,07l.1948,UNNAMED,TS,NN,41.3,297.7,40,NaN,29,13,29,13,NaN,NaN,NaN,NaN,NaN,NaN,NaN,NaN,NaN,NaN,TS,NW,B,B,NaN,NaN,NaN,NaN,NaN,NaN,
1948091006,07l.1948,UNNAMED,TS,NN,42.5,299.0,40,NaN,37,15,37,15,NaN,NaN,NaN,NaN,NaN,NaN,NaN,NaN,NaN,NaN,TS,NW,B,B,NaN,NaN,NaN,NaN,NaN,NaN,
1948091012,07l.1948,UNNAMED,TS,NN,44.0,301.5,40,NaN,46,19,46,19,NaN,NaN,NaN,NaN,NaN,NaN,NaN,NaN,NaN,NaN,TS,NW,B,B,NaN,NaN,NaN,NaN,NaN,NaN,
1948091018,07l.1948,UNNAMED,TS,NN,46.0,305.0,35,NaN,51,28,51,28,NaN,NaN,NaN,NaN,NaN,NaN,NaN,NaN,NaN,NaN,TS,NW,B,B,NaN,NaN,NaN,NaN,NaN,NaN,
1948091806,08l.1948,UNNAMED,TY,NN,18.2,280.8,40,NaN,275,6,275,6,NaN,NaN,NaN,NaN,NaN,NaN,NaN,NaN,NaN,NaN,TS,NW,B,B,NaN,NaN,NaN,NaN,NaN,NaN,
1948091812,08l.1948,UNNAMED,TY,NN,18.2,280.2,50,NaN,275,6,275,6,NaN,NaN,NaN,NaN,NaN,NaN,NaN,NaN,NaN,NaN,TS,NW,B,B,NaN,NaN,NaN,NaN,NaN,NaN,
1948091818,08l.1948,UNNAMED,TY,NN,18.3,279.6,60,994,275,6,275,6,NaN,NaN,NaN,NaN,NaN,NaN,NaN,NaN,NaN,NaN,TS,NW,B,B,NaN,NaN,NaN,NaN,NaN,NaN,
1948091900,08l.1948,UNNAMED,TY,NN,18.5,279.2,70,NaN,288,5,288,5,NaN,NaN,NaN,NaN,NaN,NaN,NaN,NaN,NaN,NaN,TY,NW,B,B,NaN,NaN,NaN,NaN,NaN,NaN,
1948091906,08l.1948,UNNAMED,TY,NN,18.8,278.9,80,NaN,307,4,307,4,NaN,NaN,NaN,NaN,NaN,NaN,NaN,NaN,NaN,NaN,TY,NW,B,B,NaN,NaN,0.02,NaN,NaN,NaN,
1948091912,08l.1948,UNNAMED,TY,NN,19.2,278.5,90,NaN,317,5,317,5,NaN,NaN,NaN,NaN,NaN,NaN,NaN,NaN,NaN,NaN,TY,NW,B,B,NaN,NaN,0.02,NaN,NaN,NaN,
1948091918,08l.1948,UNNAMED,TY,NN,19.6,278.1,105,951,317,6,317,6,NaN,NaN,NaN,NaN,NaN,NaN,NaN,NaN,NaN,NaN,TY,NW,B,B,NaN,NaN,NaN,NaN,NaN,NaN,
1948092000,08l.1948,UNNAMED,TY,NN,20.0,277.8,110,NaN,321,5,321,5,NaN,NaN,NaN,NaN,NaN,NaN,NaN,NaN,NaN,NaN,TY,NW,B,B,NaN,NaN,NaN,NaN,NaN,NaN,
1948092006,08l.1948,UNNAMED,TY,NN,20.5,277.7,110,NaN,337,5,337,5,NaN,NaN,NaN,NaN,NaN,NaN,NaN,NaN,NaN,NaN,TY,NW,B,B,NaN,NaN,NaN,NaN,NaN,NaN,
1948092012,08l.1948,UNNAMED,TY,NN,21.2,277.7,110,NaN,356,6,356,6,NaN,NaN,NaN,NaN,NaN,NaN,NaN,NaN,NaN,NaN,TY,NW,B,B,NaN,NaN,0.03,NaN,NaN,NaN,
1948092018,08l.1948,UNNAMED,TY,NN,21.9,277.7,110,NaN,360,7,360,7,NaN,NaN,NaN,NaN,NaN,NaN,NaN,NaN,NaN,NaN,TY,NW,B,B,NaN,NaN,0.19,NaN,NaN,NaN,
1948092100,08l.1948,UNNAMED,TY,NN,22.6,277.9,110,NaN,8,7,8,7,NaN,NaN,NaN,NaN,NaN,NaN,NaN,NaN,NaN,NaN,TY,NW,B,B,NaN,NaN,0.47,NaN,NaN,NaN,
1948092106,08l.1948,UNNAMED,TY,NN,23.3,278.1,100,NaN,15,7,15,7,NaN,NaN,NaN,NaN,NaN,NaN,NaN,NaN,NaN,NaN,TY,NW,B,B,NaN,NaN,0.11,NaN,NaN,NaN,
1948092112,08l.1948,UNNAMED,TY,NN,24.0,278.3,105,NaN,15,7,15,7,NaN,NaN,NaN,NaN,NaN,NaN,NaN,NaN,NaN,NaN,TY,NW,B,B,NaN,NaN,NaN,NaN,NaN,NaN,
1948092118,08l.1948,UNNAMED,TY,NN,24.7,278.5,105,955,15,7,15,7,NaN,NaN,NaN,NaN,NaN,NaN,NaN,NaN,NaN,NaN,TY,NW,B,B,NaN,NaN,0.02,NaN,NaN,NaN,
1948092200,08l.1948,UNNAMED,TY,NN,25.4,278.6,115,NaN,11,7,11,7,NaN,NaN,NaN,NaN,NaN,NaN,NaN,NaN,NaN,NaN,TY,NW,B,B,NaN,NaN,0.23,NaN,NaN,NaN,
1948092206,08l.1948,UNNAMED,TY,NN,26.0,278.8,115,940,12,7,12,7,NaN,NaN,NaN,NaN,NaN,NaN,NaN,NaN,NaN,NaN,TY,NW,B,B,NaN,NaN,0.91,NaN,NaN,NaN,
1948092212,08l.1948,UNNAMED,TY,NN,26.5,279.2,85,NaN,26,6,26,6,NaN,NaN,NaN,NaN,NaN,NaN,NaN,NaN,NaN,NaN,TY,NW,B,B,NaN,NaN,0.91,NaN,NaN,NaN,
1948092218,08l.1948,UNNAMED,TY,NN,27.3,279.9,80,965,37,8,37,8,NaN,NaN,NaN,NaN,NaN,NaN,NaN,NaN,NaN,NaN,TY,NW,B,B,NaN,NaN,0.17,NaN,NaN,NaN,
1948092300,08l.1948,UNNAMED,TY,NN,27.9,281.1,80,NaN,50,11,50,11,NaN,NaN,NaN,NaN,NaN,NaN,NaN,NaN,NaN,NaN,TY,NW,B,B,NaN,NaN,NaN,NaN,NaN,NaN,
1948092306,08l.1948,UNNAMED,TY,NN,28.5,282.4,85,NaN,61,13,61,13,NaN,NaN,NaN,NaN,NaN,NaN,NaN,NaN,NaN,NaN,TY,NW,B,B,NaN,NaN,NaN,NaN,NaN,NaN,
1948092312,08l.1948,UNNAMED,TY,NN,29.6,284.3,90,NaN,59,16,59,16,NaN,NaN,NaN,NaN,NaN,NaN,NaN,NaN,NaN,NaN,TY,NW,B,B,NaN,NaN,NaN,NaN,NaN,NaN,
1948092318,08l.1948,UNNAMED,TY,NN,31.0,286.4,90,NaN,54,21,54,21,NaN,NaN,NaN,NaN,NaN,NaN,NaN,NaN,NaN,NaN,TY,NW,B,B,NaN,NaN,NaN,NaN,NaN,NaN,
1948092400,08l.1948,UNNAMED,TY,NN,33.0,288.4,85,NaN,46,24,46,24,NaN,NaN,NaN,NaN,NaN,NaN,NaN,NaN,NaN,NaN,TY,NW,B,B,NaN,NaN,NaN,NaN,NaN,NaN,
1948092406,08l.1948,UNNAMED,TY,NN,35.1,290.5,75,NaN,40,27,40,27,NaN,NaN,NaN,NaN,NaN,NaN,NaN,NaN,NaN,NaN,TY,NW,B,B,NaN,NaN,NaN,NaN,NaN,NaN,
1948092412,08l.1948,UNNAMED,TY,NN,37.1,293.1,65,NaN,43,28,43,28,NaN,NaN,NaN,NaN,NaN,NaN,NaN,NaN,NaN,NaN,TY,NW,B,B,NaN,NaN,NaN,NaN,NaN,NaN,
1948092418,08l.1948,UNNAMED,TY,NN,39.3,298.0,60,NaN,55,37,55,37,NaN,NaN,NaN,NaN,NaN,NaN,NaN,NaN,NaN,NaN,TS,NW,B,B,NaN,NaN,NaN,NaN,NaN,NaN,
1948092500,08l.1948,UNNAMED,TY,NN,41.5,302.5,55,NaN,59,42,59,42,NaN,NaN,NaN,NaN,NaN,NaN,NaN,NaN,NaN,NaN,TS,NW,B,B,NaN,NaN,NaN,NaN,NaN,NaN,
1948092506,08l.1948,UNNAMED,TY,NN,43.3,307.2,50,NaN,60,40,60,40,NaN,NaN,NaN,NaN,NaN,NaN,NaN,NaN,NaN,NaN,TS,NW,B,B,NaN,NaN,NaN,NaN,NaN,NaN,
1948092512,08l.1948,UNNAMED,TY,NN,44.6,311.4,45,NaN,65,36,65,36,NaN,NaN,NaN,NaN,NaN,NaN,NaN,NaN,NaN,NaN,TS,NW,B,B,NaN,NaN,NaN,NaN,NaN,NaN,
1948092518,08l.1948,UNNAMED,TY,NN,46.0,316.3,45,NaN,67,35,67,35,NaN,NaN,NaN,NaN,NaN,NaN,NaN,NaN,NaN,NaN,TS,NW,B,B,NaN,NaN,NaN,NaN,NaN,NaN,
1948092600,08l.1948,UNNAMED,TY,NN,47.5,321.0,45,NaN,66,36,66,36,NaN,NaN,NaN,NaN,NaN,NaN,NaN,NaN,NaN,NaN,TS,NW,B,B,NaN,NaN,NaN,NaN,NaN,NaN,
1948100312,l09.1948,9X-L09,TY,NN,16.7,276.5,30,NaN,321,9,321,9,NaN,NaN,NaN,NaN,NaN,NaN,NaN,NaN,NaN,NaN,TD,NW,B,B,NaN,NaN,NaN,NaN,NaN,NaN,
1948100318,l09.1948,9X-L09,TY,NN,17.4,275.7,30,NaN,321,9,321,9,NaN,NaN,NaN,NaN,NaN,NaN,NaN,NaN,NaN,NaN,TD,NW,B,B,NaN,NaN,NaN,NaN,NaN,NaN,
1948100400,09l.1948,UNNAMED,TY,NN,18.1,275.3,35,NaN,321,9,321,9,NaN,NaN,NaN,NaN,NaN,NaN,NaN,NaN,NaN,NaN,TS,NW,B,B,NaN,NaN,NaN,NaN,NaN,NaN,
1948100406,09l.1948,UNNAMED,TY,NN,18.8,275.0,45,NaN,335,8,335,8,NaN,NaN,NaN,NaN,NaN,NaN,NaN,NaN,NaN,NaN,TS,NW,B,B,NaN,NaN,NaN,NaN,NaN,NaN,
1948100412,09l.1948,UNNAMED,TY,NN,19.5,274.8,55,NaN,341,7,341,7,NaN,NaN,NaN,NaN,NaN,NaN,NaN,NaN,NaN,NaN,TS,NW,B,B,NaN,NaN,NaN,NaN,NaN,NaN,
1948100418,09l.1948,UNNAMED,TY,NN,20.2,275.0,70,991,360,7,360,7,NaN,NaN,NaN,NaN,NaN,NaN,NaN,NaN,NaN,NaN,TY,NW,B,B,NaN,NaN,NaN,NaN,NaN,NaN,
1948100500,09l.1948,UNNAMED,TY,NN,21.2,275.8,90,NaN,29,10,29,10,NaN,NaN,NaN,NaN,NaN,NaN,NaN,NaN,NaN,NaN,TY,NW,B,B,NaN,NaN,NaN,NaN,NaN,NaN,
1948100506,09l.1948,UNNAMED,TY,NN,22.3,276.7,110,NaN,37,13,37,13,NaN,NaN,NaN,NaN,NaN,NaN,NaN,NaN,NaN,NaN,TY,NW,B,B,NaN,NaN,0.61,NaN,NaN,NaN,
1948100512,09l.1948,UNNAMED,TY,NN,23.5,277.7,105,NaN,37,14,37,14,NaN,NaN,NaN,NaN,NaN,NaN,NaN,NaN,NaN,NaN,TY,NW,B,B,NaN,NaN,0.11,NaN,NaN,NaN,
1948100518,09l.1948,UNNAMED,TY,NN,24.7,278.8,90,NaN,39,15,39,15,NaN,NaN,NaN,NaN,NaN,NaN,NaN,NaN,NaN,NaN,TY,NW,B,B,NaN,NaN,0.01,NaN,NaN,NaN,
1948100600,09l.1948,UNNAMED,TY,NN,25.8,279.8,80,979,40,15,40,15,NaN,NaN,NaN,NaN,NaN,NaN,NaN,NaN,NaN,NaN,TY,NW,B,B,NaN,NaN,0.34,NaN,NaN,NaN,
1948100606,09l.1948,UNNAMED,TY,NN,26.8,280.8,85,NaN,41,14,41,14,NaN,NaN,NaN,NaN,NaN,NaN,NaN,NaN,NaN,NaN,TY,NW,B,B,NaN,NaN,0.04,NaN,NaN,NaN,
1948100612,09l.1948,UNNAMED,TY,NN,27.7,282.1,85,NaN,47,14,47,14,NaN,NaN,NaN,NaN,NaN,NaN,NaN,NaN,NaN,NaN,TY,NW,B,B,NaN,NaN,NaN,NaN,NaN,NaN,
1948100618,09l.1948,UNNAMED,TY,NN,28.7,283.6,85,NaN,53,16,53,16,NaN,NaN,NaN,NaN,NaN,NaN,NaN,NaN,NaN,NaN,TY,NW,B,B,NaN,NaN,NaN,NaN,NaN,NaN,
1948100700,09l.1948,UNNAMED,TY,NN,29.7,285.3,85,NaN,55,17,55,17,NaN,NaN,NaN,NaN,NaN,NaN,NaN,NaN,NaN,NaN,TY,NW,B,B,NaN,NaN,NaN,NaN,NaN,NaN,
1948100706,09l.1948,UNNAMED,TY,NN,30.7,287.2,85,NaN,57,19,57,19,NaN,NaN,NaN,NaN,NaN,NaN,NaN,NaN,NaN,NaN,TY,NW,B,B,NaN,NaN,NaN,NaN,NaN,NaN,
1948100712,09l.1948,UNNAMED,TY,NN,31.4,290.0,90,NaN,67,22,67,22,NaN,NaN,NaN,NaN,NaN,NaN,NaN,NaN,NaN,NaN,TY,NW,B,B,NaN,NaN,NaN,NaN,NaN,NaN,
1948100718,09l.1948,UNNAMED,TY,NN,31.9,293.0,90,NaN,76,25,76,25,NaN,NaN,NaN,NaN,NaN,NaN,NaN,NaN,NaN,NaN,TY,NW,B,B,NaN,NaN,NaN,NaN,NaN,NaN,
1948100800,09l.1948,UNNAMED,TY,NN,32.4,296.4,90,971,80,28,80,28,NaN,NaN,NaN,NaN,NaN,NaN,NaN,NaN,NaN,NaN,TY,NW,B,B,NaN,NaN,NaN,NaN,NaN,NaN,
1948100806,09l.1948,UNNAMED,TY,NN,32.5,299.9,80,NaN,84,29,84,29,NaN,NaN,NaN,NaN,NaN,NaN,NaN,NaN,NaN,NaN,TY,NW,B,B,NaN,NaN,NaN,NaN,NaN,NaN,
1948100812,09l.1948,UNNAMED,TY,NN,32.4,303.4,75,NaN,90,30,90,30,NaN,NaN,NaN,NaN,NaN,NaN,NaN,NaN,NaN,NaN,TY,NW,B,B,NaN,NaN,NaN,NaN,NaN,NaN,
1948100818,09l.1948,UNNAMED,TY,NN,32.1,306.8,70,NaN,94,29,94,29,NaN,NaN,NaN,NaN,NaN,NaN,NaN,NaN,NaN,NaN,TY,NW,B,B,NaN,NaN,NaN,NaN,NaN,NaN,
1948100900,09l.1948,UNNAMED,TY,NN,31.8,309.0,65,NaN,97,24,97,24,NaN,NaN,NaN,NaN,NaN,NaN,NaN,NaN,NaN,NaN,TY,NW,B,B,NaN,NaN,NaN,NaN,NaN,NaN,
1948100906,09l.1948,UNNAMED,TY,NN,31.4,310.8,60,NaN,102,17,102,17,NaN,NaN,NaN,NaN,NaN,NaN,NaN,NaN,NaN,NaN,TS,NW,B,B,NaN,NaN,NaN,NaN,NaN,NaN,
1948100912,09l.1948,UNNAMED,TY,NN,31.0,312.5,55,NaN,105,15,105,15,NaN,NaN,NaN,NaN,NaN,NaN,NaN,NaN,NaN,NaN,TS,NW,B,B,NaN,NaN,NaN,NaN,NaN,NaN,
1948100918,09l.1948,UNNAMED,TY,NN,31.0,314.2,55,NaN,98,15,98,15,NaN,NaN,NaN,NaN,NaN,NaN,NaN,NaN,NaN,NaN,TS,NW,B,B,NaN,NaN,NaN,NaN,NaN,NaN,
1948101000,09l.1948,UNNAMED,TY,NN,31.2,315.9,50,NaN,86,15,86,15,NaN,NaN,NaN,NaN,NaN,NaN,NaN,NaN,NaN,NaN,TS,NW,B,B,NaN,NaN,NaN,NaN,NaN,NaN,
1948101006,09l.1948,UNNAMED,TY,NN,31.5,317.6,50,NaN,80,15,80,15,NaN,NaN,NaN,NaN,NaN,NaN,NaN,NaN,NaN,NaN,TS,NW,B,B,NaN,NaN,NaN,NaN,NaN,NaN,
1948101012,09l.1948,UNNAMED,TY,NN,31.8,319.0,45,NaN,77,14,77,14,NaN,NaN,NaN,NaN,NaN,NaN,NaN,NaN,NaN,NaN,TS,NW,B,B,NaN,NaN,NaN,NaN,NaN,NaN,
1948101018,09l.1948,UNNAMED,TY,NN,31.8,320.0,50,NaN,82,10,82,10,NaN,NaN,NaN,NaN,NaN,NaN,NaN,NaN,NaN,NaN,TS,NW,B,B,NaN,NaN,NaN,NaN,NaN,NaN,
1948101100,09l.1948,UNNAMED,TY,NN,32.0,320.7,50,NaN,82,7,82,7,NaN,NaN,NaN,NaN,NaN,NaN,NaN,NaN,NaN,NaN,TS,NW,B,B,NaN,NaN,NaN,NaN,NaN,NaN,
1948101106,09l.1948,UNNAMED,TY,NN,31.8,321.3,50,NaN,90,6,90,6,NaN,NaN,NaN,NaN,NaN,NaN,NaN,NaN,NaN,NaN,TS,NW,B,B,NaN,NaN,NaN,NaN,NaN,NaN,
1948101112,09l.1948,UNNAMED,TY,NN,31.5,321.8,45,NaN,118,5,118,5,NaN,NaN,NaN,NaN,NaN,NaN,NaN,NaN,NaN,NaN,TS,NW,B,B,NaN,NaN,NaN,NaN,NaN,NaN,
1948101118,09l.1948,UNNAMED,TY,NN,31.0,322.0,45,NaN,143,5,143,5,NaN,NaN,NaN,NaN,NaN,NaN,NaN,NaN,NaN,NaN,TS,NW,B,B,NaN,NaN,NaN,NaN,NaN,NaN,
1948101200,09l.1948,UNNAMED,TY,NN,30.6,321.8,45,NaN,180,4,180,4,NaN,NaN,NaN,NaN,NaN,NaN,NaN,NaN,NaN,NaN,TS,NW,B,B,NaN,NaN,NaN,NaN,NaN,NaN,
1948101206,09l.1948,UNNAMED,TY,NN,30.3,321.5,45,NaN,212,4,212,4,NaN,NaN,NaN,NaN,NaN,NaN,NaN,NaN,NaN,NaN,TS,NW,B,B,NaN,NaN,NaN,NaN,NaN,NaN,
1948101212,09l.1948,UNNAMED,TY,NN,30.2,321.0,45,NaN,240,4,240,4,NaN,NaN,NaN,NaN,NaN,NaN,NaN,NaN,NaN,NaN,TS,NW,B,B,NaN,NaN,NaN,NaN,NaN,NaN,
1948101218,09l.1948,UNNAMED,TY,NN,30.2,320.4,40,NaN,264,5,264,5,NaN,NaN,NaN,NaN,NaN,NaN,NaN,NaN,NaN,NaN,TS,NW,B,B,NaN,NaN,NaN,NaN,NaN,NaN,
1948101300,09l.1948,UNNAMED,TY,NN,30.3,319.7,40,NaN,275,6,275,6,NaN,NaN,NaN,NaN,NaN,NaN,NaN,NaN,NaN,NaN,TS,NW,B,B,NaN,NaN,NaN,NaN,NaN,NaN,
1948101306,09l.1948,UNNAMED,TY,NN,30.5,319.3,35,NaN,288,5,288,5,NaN,NaN,NaN,NaN,NaN,NaN,NaN,NaN,NaN,NaN,TS,NW,B,B,NaN,NaN,NaN,NaN,NaN,NaN,
1948101312,09l.1948,UNNAMED,TY,NN,30.8,318.7,35,NaN,300,5,300,5,NaN,NaN,NaN,NaN,NaN,NaN,NaN,NaN,NaN,NaN,TS,NW,B,B,NaN,NaN,NaN,NaN,NaN,NaN,
1948101318,09l.1948,UNNAMED,TY,NN,31.2,317.4,40,NaN,293,9,293,9,NaN,NaN,NaN,NaN,NaN,NaN,NaN,NaN,NaN,NaN,TS,NW,B,B,NaN,NaN,NaN,NaN,NaN,NaN,
1948101400,09l.1948,UNNAMED,TY,NN,31.6,316.1,45,NaN,290,12,290,12,NaN,NaN,NaN,NaN,NaN,NaN,NaN,NaN,NaN,NaN,TS,NW,B,B,NaN,NaN,NaN,NaN,NaN,NaN,
1948101406,09l.1948,UNNAMED,TY,NN,32.1,314.8,50,NaN,292,12,292,12,NaN,NaN,NaN,NaN,NaN,NaN,NaN,NaN,NaN,NaN,TS,NW,B,B,NaN,NaN,NaN,NaN,NaN,NaN,
1948101412,09l.1948,UNNAMED,TY,NN,32.6,313.6,55,NaN,295,12,295,12,NaN,NaN,NaN,NaN,NaN,NaN,NaN,NaN,NaN,NaN,TS,NW,B,B,NaN,NaN,NaN,NaN,NaN,NaN,
1948101418,09l.1948,UNNAMED,TY,NN,33.4,313.0,60,NaN,311,10,311,10,NaN,NaN,NaN,NaN,NaN,NaN,NaN,NaN,NaN,NaN,TS,NW,B,B,NaN,NaN,NaN,NaN,NaN,NaN,
1948101500,09l.1948,UNNAMED,TY,NN,34.4,312.5,60,989,333,10,333,10,NaN,NaN,NaN,NaN,NaN,NaN,NaN,NaN,NaN,NaN,TS,NW,B,B,NaN,NaN,NaN,NaN,NaN,NaN,
1948101506,09l.1948,UNNAMED,TY,NN,35.4,312.2,55,NaN,342,11,342,11,NaN,NaN,NaN,NaN,NaN,NaN,NaN,NaN,NaN,NaN,TS,NW,B,B,NaN,NaN,NaN,NaN,NaN,NaN,
1948101512,09l.1948,UNNAMED,TY,NN,36.4,312.3,55,NaN,355,10,355,10,NaN,NaN,NaN,NaN,NaN,NaN,NaN,NaN,NaN,NaN,TS,NW,B,B,NaN,NaN,NaN,NaN,NaN,NaN,
1948101518,09l.1948,UNNAMED,TY,NN,38.0,312.1,50,NaN,358,13,358,13,NaN,NaN,NaN,NaN,NaN,NaN,NaN,NaN,NaN,NaN,TS,NW,B,B,NaN,NaN,NaN,NaN,NaN,NaN,
1948101600,09l.1948,UNNAMED,TY,NN,40.7,313.4,50,NaN,11,22,11,22,NaN,NaN,NaN,NaN,NaN,NaN,NaN,NaN,NaN,NaN,TS,NW,B,B,NaN,NaN,NaN,NaN,NaN,NaN,
1948101606,09l.1948,UNNAMED,TY,NN,43.7,317.0,45,NaN,33,34,33,34,NaN,NaN,NaN,NaN,NaN,NaN,NaN,NaN,NaN,NaN,TS,NW,B,B,NaN,NaN,NaN,NaN,NaN,NaN,
1948101612,09l.1948,UNNAMED,TY,NN,46.5,322.5,40,NaN,49,44,49,44,NaN,NaN,NaN,NaN,NaN,NaN,NaN,NaN,NaN,NaN,TS,NW,B,B,NaN,NaN,NaN,NaN,NaN,NaN,
1948011318,01b.1948,TC01B,TD,NN,10.9,87.2,NaN,NaN,270,4,270,4,NaN,NaN,NaN,NaN,NaN,NaN,NaN,NaN,NaN,NaN,NT,NW,B,B,NaN,NaN,NaN,NaN,NaN,NaN,
1948011400,01b.1948,TC01B,TD,NN,10.9,86.8,NaN,NaN,270,4,270,4,NaN,NaN,NaN,NaN,NaN,NaN,NaN,NaN,NaN,NaN,NT,NW,B,B,NaN,NaN,NaN,NaN,NaN,NaN,
1948011406,01b.1948,TC01B,TD,NN,10.9,86.4,NaN,NaN,270,4,270,4,NaN,NaN,NaN,NaN,NaN,NaN,NaN,NaN,NaN,NaN,NT,NW,B,B,NaN,NaN,NaN,NaN,NaN,NaN,
1948011412,01b.1948,TC01B,TD,NN,10.9,85.8,NaN,NaN,270,5,270,5,NaN,NaN,NaN,NaN,NaN,NaN,NaN,NaN,NaN,NaN,NT,NW,B,B,NaN,NaN,NaN,NaN,NaN,NaN,
1948011418,01b.1948,TC01B,TD,NN,10.9,85.2,NaN,NaN,270,6,270,6,NaN,NaN,NaN,NaN,NaN,NaN,NaN,NaN,NaN,NaN,NT,NW,B,B,NaN,NaN,NaN,NaN,NaN,NaN,
1948011500,01b.1948,TC01B,TD,NN,10.9,84.4,NaN,NaN,270,7,270,7,NaN,NaN,NaN,NaN,NaN,NaN,NaN,NaN,NaN,NaN,NT,NW,B,B,NaN,NaN,NaN,NaN,NaN,NaN,
1948040218,02b.1948,TC02B,TD,NN,12.8,93.3,NaN,NaN,73,5,73,5,NaN,NaN,NaN,NaN,NaN,NaN,NaN,NaN,NaN,NaN,NT,NW,B,B,NaN,NaN,0.02,NaN,NaN,NaN,
1948040300,02b.1948,TC02B,TD,NN,12.9,93.8,NaN,NaN,73,5,73,5,NaN,NaN,NaN,NaN,NaN,NaN,NaN,NaN,NaN,NaN,NT,NW,B,B,NaN,NaN,NaN,NaN,NaN,NaN,
1948040306,02b.1948,TC02B,TD,NN,13.1,94.3,NaN,NaN,73,5,73,5,NaN,NaN,NaN,NaN,NaN,NaN,NaN,NaN,NaN,NaN,NT,NW,B,B,NaN,NaN,NaN,NaN,NaN,NaN,
1948040312,02b.1948,TC02B,TD,NN,13.3,94.7,NaN,NaN,65,5,65,5,NaN,NaN,NaN,NaN,NaN,NaN,NaN,NaN,NaN,NaN,NT,NW,B,B,NaN,NaN,NaN,NaN,NaN,NaN,
1948040318,02b.1948,TC02B,TD,NN,13.5,95.0,NaN,NaN,60,4,60,4,NaN,NaN,NaN,NaN,NaN,NaN,NaN,NaN,NaN,NaN,NT,NW,B,B,NaN,NaN,NaN,NaN,NaN,NaN,
1948040400,02b.1948,TC02B,TD,NN,13.8,95.2,NaN,NaN,44,3,44,3,NaN,NaN,NaN,NaN,NaN,NaN,NaN,NaN,NaN,NaN,NT,NW,B,B,NaN,NaN,NaN,NaN,NaN,NaN,
1948040406,02b.1948,TC02B,TD,NN,14.1,95.4,NaN,NaN,33,4,33,4,NaN,NaN,NaN,NaN,NaN,NaN,NaN,NaN,NaN,NaN,NT,NW,B,B,NaN,NaN,NaN,NaN,NaN,NaN,
1948040412,02b.1948,TC02B,TD,NN,14.4,95.6,NaN,NaN,33,4,33,4,NaN,NaN,NaN,NaN,NaN,NaN,NaN,NaN,NaN,NaN,NT,NW,B,B,NaN,NaN,NaN,NaN,NaN,NaN,
1948040418,02b.1948,TC02B,TD,NN,14.7,95.8,NaN,NaN,33,4,33,4,NaN,NaN,NaN,NaN,NaN,NaN,NaN,NaN,NaN,NaN,NT,NW,B,B,NaN,NaN,NaN,NaN,NaN,NaN,
1948040500,02b.1948,TC02B,TD,NN,14.9,95.9,NaN,NaN,30,3,30,3,NaN,NaN,NaN,NaN,NaN,NaN,NaN,NaN,NaN,NaN,NT,NW,B,B,NaN,NaN,NaN,NaN,NaN,NaN,
1948051518,03b.1948,TC03B,TD,NN,14.6,93.2,NaN,NaN,52,10,52,10,NaN,NaN,NaN,NaN,NaN,NaN,NaN,NaN,NaN,NaN,NT,NW,B,B,NaN,NaN,NaN,NaN,NaN,NaN,
1948051600,03b.1948,TC03B,TD,NN,15.0,94.1,NaN,NaN,52,10,52,10,NaN,NaN,NaN,NaN,NaN,NaN,NaN,NaN,NaN,NaN,NT,NW,B,B,NaN,NaN,NaN,NaN,NaN,NaN,
1948051606,03b.1948,TC03B,TD,NN,15.8,94.8,NaN,NaN,52,10,52,10,NaN,NaN,NaN,NaN,NaN,NaN,NaN,NaN,NaN,NaN,NT,NW,B,B,NaN,NaN,0.58,NaN,NaN,NaN,
1948051612,03b.1948,TC03B,TD,NN,16.7,94.9,NaN,NaN,24,9,24,9,NaN,NaN,NaN,NaN,NaN,NaN,NaN,NaN,NaN,NaN,NT,NW,B,B,NaN,NaN,0.87,NaN,NaN,NaN,
1948051618,03b.1948,TC03B,TD,NN,17.6,94.4,NaN,NaN,348,9,348,9,NaN,NaN,NaN,NaN,NaN,NaN,NaN,NaN,NaN,NaN,NT,NW,B,B,NaN,NaN,0.49,NaN,NaN,NaN,
1948051700,03b.1948,TC03B,TD,NN,18.5,93.4,NaN,NaN,322,11,322,11,NaN,NaN,NaN,NaN,NaN,NaN,NaN,NaN,NaN,NaN,NT,NW,B,B,NaN,NaN,0.05,NaN,NaN,NaN,
1948051706,03b.1948,TC03B,TD,NN,19.1,92.9,NaN,NaN,316,10,316,10,NaN,NaN,NaN,NaN,NaN,NaN,NaN,NaN,NaN,NaN,NT,NW,B,B,NaN,NaN,NaN,NaN,NaN,NaN,
1948051712,03b.1948,TC03B,TD,NN,19.6,92.6,NaN,NaN,325,7,325,7,NaN,NaN,NaN,NaN,NaN,NaN,NaN,NaN,NaN,NaN,NT,NW,B,B,NaN,NaN,NaN,NaN,NaN,NaN,
1948051718,03b.1948,TC03B,TD,NN,20.0,92.4,NaN,NaN,332,5,332,5,NaN,NaN,NaN,NaN,NaN,NaN,NaN,NaN,NaN,NaN,NT,NW,B,B,NaN,NaN,0.08,NaN,NaN,NaN,
1948051800,03b.1948,TC03B,TD,NN,20.5,92.1,NaN,NaN,332,5,332,5,NaN,NaN,NaN,NaN,NaN,NaN,NaN,NaN,NaN,NaN,NT,NW,B,B,NaN,NaN,0.07,NaN,NaN,NaN,
1948062318,04b.1948,TC04B,TD,NN,20.5,89.1,NaN,NaN,325,2,325,2,NaN,NaN,NaN,NaN,NaN,NaN,NaN,NaN,NaN,NaN,NT,NW,B,B,NaN,NaN,NaN,NaN,NaN,NaN,
1948062400,04b.1948,TC04B,TD,NN,20.7,89.0,NaN,NaN,325,2,325,2,NaN,NaN,NaN,NaN,NaN,NaN,NaN,NaN,NaN,NaN,NT,NW,B,B,NaN,NaN,NaN,NaN,NaN,NaN,
1948062406,04b.1948,TC04B,TD,NN,20.9,88.8,NaN,NaN,325,2,325,2,NaN,NaN,NaN,NaN,NaN,NaN,NaN,NaN,NaN,NaN,NT,NW,B,B,NaN,NaN,NaN,NaN,NaN,NaN,
1948062412,04b.1948,TC04B,TD,NN,21.3,88.6,NaN,NaN,328,4,328,4,NaN,NaN,NaN,NaN,NaN,NaN,NaN,NaN,NaN,NaN,NT,NW,B,B,NaN,NaN,0.23,NaN,NaN,NaN,
1948062418,04b.1948,TC04B,TD,NN,21.5,88.4,NaN,NaN,328,4,328,4,NaN,NaN,NaN,NaN,NaN,NaN,NaN,NaN,NaN,NaN,NT,NW,B,B,NaN,NaN,0.23,NaN,NaN,NaN,
1948062500,04b.1948,TC04B,TD,NN,21.7,88.3,NaN,NaN,325,2,325,2,NaN,NaN,NaN,NaN,NaN,NaN,NaN,NaN,NaN,NaN,NT,NW,B,B,NaN,NaN,0.23,NaN,NaN,NaN,
1948062506,04b.1948,TC04B,TD,NN,22.0,88.0,NaN,NaN,323,3,323,3,NaN,NaN,NaN,NaN,NaN,NaN,NaN,NaN,NaN,NaN,NT,NW,B,B,NaN,NaN,0.72,NaN,NaN,NaN,
1948062512,04b.1948,TC04B,TD,NN,22.7,87.5,NaN,NaN,323,6,323,6,NaN,NaN,NaN,NaN,NaN,NaN,NaN,NaN,NaN,NaN,NT,NW,B,B,NaN,NaN,0.98,NaN,NaN,NaN,
1948062518,04b.1948,TC04B,TD,NN,23.3,86.8,NaN,NaN,320,9,320,9,NaN,NaN,NaN,NaN,NaN,NaN,NaN,NaN,NaN,NaN,NT,NW,B,B,NaN,NaN,0.98,NaN,NaN,NaN,
1948062600,04b.1948,TC04B,TD,NN,23.8,86.1,NaN,NaN,311,8,311,8,NaN,NaN,NaN,NaN,NaN,NaN,NaN,NaN,NaN,NaN,NT,NW,B,B,NaN,NaN,0.99,NaN,NaN,NaN,
1948062606,04b.1948,TC04B,TD,NN,23.9,85.6,NaN,NaN,299,6,299,6,NaN,NaN,NaN,NaN,NaN,NaN,NaN,NaN,NaN,NaN,NT,NW,B,B,NaN,NaN,0.99,NaN,NaN,NaN,
1948062612,04b.1948,TC04B,TD,NN,24.0,85.4,NaN,NaN,287,3,287,3,NaN,NaN,NaN,NaN,NaN,NaN,NaN,NaN,NaN,NaN,NT,NW,B,B,NaN,NaN,0.99,NaN,NaN,NaN,
1948062618,04b.1948,TC04B,TD,NN,24.0,85.2,NaN,NaN,285,2,285,2,NaN,NaN,NaN,NaN,NaN,NaN,NaN,NaN,NaN,NaN,NT,NW,B,B,NaN,NaN,0.99,NaN,NaN,NaN,
1948062700,04b.1948,TC04B,TD,NN,24.1,85.0,NaN,NaN,285,2,285,2,NaN,NaN,NaN,NaN,NaN,NaN,NaN,NaN,NaN,NaN,NT,NW,B,B,NaN,NaN,0.99,NaN,NaN,NaN,
1948061118,05a.1948,TC05A,TD,NN,15.5,71.8,NaN,NaN,22,4,22,4,NaN,NaN,NaN,NaN,NaN,NaN,NaN,NaN,NaN,NaN,NT,NW,B,B,NaN,NaN,NaN,NaN,NaN,NaN,
1948061200,05a.1948,TC05A,TD,NN,15.7,71.9,NaN,NaN,22,4,22,4,NaN,NaN,NaN,NaN,NaN,NaN,NaN,NaN,NaN,NaN,NT,NW,B,B,NaN,NaN,NaN,NaN,NaN,NaN,
1948061206,05a.1948,TC05A,TD,NN,16.2,72.1,NaN,NaN,22,4,22,4,NaN,NaN,NaN,NaN,NaN,NaN,NaN,NaN,NaN,NaN,NT,NW,B,B,NaN,NaN,NaN,NaN,NaN,NaN,
1948061212,05a.1948,TC05A,TD,NN,16.7,72.3,NaN,NaN,21,5,21,5,NaN,NaN,NaN,NaN,NaN,NaN,NaN,NaN,NaN,NaN,NT,NW,B,B,NaN,NaN,NaN,NaN,NaN,NaN,
1948061218,05a.1948,TC05A,TD,NN,17.3,72.5,NaN,NaN,19,6,19,6,NaN,NaN,NaN,NaN,NaN,NaN,NaN,NaN,NaN,NaN,NT,NW,B,B,NaN,NaN,NaN,NaN,NaN,NaN,
1948061300,05a.1948,TC05A,TD,NN,17.8,72.8,NaN,NaN,23,6,23,6,NaN,NaN,NaN,NaN,NaN,NaN,NaN,NaN,NaN,NaN,NT,NW,B,B,NaN,NaN,0.45,NaN,NaN,NaN,
1948060418,06a.1948,TC06A,TD,NN,17.4,63.0,NaN,NaN,360,4,360,4,NaN,NaN,NaN,NaN,NaN,NaN,NaN,NaN,NaN,NaN,NT,NW,B,B,NaN,NaN,NaN,NaN,NaN,NaN,
1948060500,06a.1948,TC06A,TD,NN,17.8,63.0,NaN,NaN,360,4,360,4,NaN,NaN,NaN,NaN,NaN,NaN,NaN,NaN,NaN,NaN,NT,NW,B,B,NaN,NaN,NaN,NaN,NaN,NaN,
1948060506,06a.1948,TC06A,TD,NN,18.2,63.0,NaN,NaN,360,4,360,4,NaN,NaN,NaN,NaN,NaN,NaN,NaN,NaN,NaN,NaN,NT,NW,B,B,NaN,NaN,NaN,NaN,NaN,NaN,
1948060512,06a.1948,TC06A,TD,NN,18.5,63.0,NaN,NaN,360,3,360,3,NaN,NaN,NaN,NaN,NaN,NaN,NaN,NaN,NaN,NaN,NT,NW,B,B,NaN,NaN,NaN,NaN,NaN,NaN,
1948060518,06a.1948,TC06A,TD,NN,18.9,63.0,NaN,NaN,360,4,360,3,NaN,NaN,NaN,NaN,NaN,NaN,NaN,NaN,NaN,NaN,NT,NW,B,B,NaN,NaN,NaN,NaN,NaN,NaN,
1948060600,06a.1948,TC06A,TD,NN,19.3,63.0,NaN,NaN,360,4,360,4,NaN,NaN,NaN,NaN,NaN,NaN,NaN,NaN,NaN,NaN,NT,NW,B,B,NaN,NaN,NaN,NaN,NaN,NaN,
1948060606,06a.1948,TC06A,TD,NN,19.7,63.0,NaN,NaN,360,4,360,4,NaN,NaN,NaN,NaN,NaN,NaN,NaN,NaN,NaN,NaN,NT,NW,B,B,NaN,NaN,NaN,NaN,NaN,NaN,
1948060612,06a.1948,TC06A,TD,NN,20.3,63.0,NaN,NaN,360,5,360,5,NaN,NaN,NaN,NaN,NaN,NaN,NaN,NaN,NaN,NaN,NT,NW,B,B,NaN,NaN,NaN,NaN,NaN,NaN,
1948060618,06a.1948,TC06A,TD,NN,20.9,63.0,NaN,NaN,360,6,360,6,NaN,NaN,NaN,NaN,NaN,NaN,NaN,NaN,NaN,NaN,NT,NW,B,B,NaN,NaN,NaN,NaN,NaN,NaN,
1948060700,06a.1948,TC06A,TD,NN,21.7,63.0,NaN,NaN,360,7,360,7,NaN,NaN,NaN,NaN,NaN,NaN,NaN,NaN,NaN,NaN,NT,NW,B,B,NaN,NaN,NaN,NaN,NaN,NaN,
1948060706,06a.1948,TC06A,TD,NN,22.3,63.0,NaN,NaN,360,7,360,7,NaN,NaN,NaN,NaN,NaN,NaN,NaN,NaN,NaN,NaN,NT,NW,B,B,NaN,NaN,NaN,NaN,NaN,NaN,
1948060712,06a.1948,TC06A,TD,NN,23.0,62.9,NaN,NaN,356,7,356,7,NaN,NaN,NaN,NaN,NaN,NaN,NaN,NaN,NaN,NaN,NT,NW,B,B,NaN,NaN,NaN,NaN,NaN,NaN,
1948060718,06a.1948,TC06A,TD,NN,23.8,62.9,NaN,NaN,356,8,356,8,NaN,NaN,NaN,NaN,NaN,NaN,NaN,NaN,NaN,NaN,NT,NW,B,B,NaN,NaN,NaN,NaN,NaN,NaN,
1948060800,06a.1948,TC06A,TD,NN,24.6,62.9,NaN,NaN,360,8,360,8,NaN,NaN,NaN,NaN,NaN,NaN,NaN,NaN,NaN,NaN,NT,NW,B,B,NaN,NaN,NaN,NaN,NaN,NaN,
1948060806,06a.1948,TC06A,TD,NN,25.3,63.1,NaN,NaN,7,8,7,8,NaN,NaN,NaN,NaN,NaN,NaN,NaN,NaN,NaN,NaN,NT,NW,B,B,NaN,NaN,0.75,NaN,NaN,NaN,
1948060812,06a.1948,TC06A,TD,NN,25.9,63.8,NaN,NaN,32,8,32,8,NaN,NaN,NaN,NaN,NaN,NaN,NaN,NaN,NaN,NaN,NT,NW,B,B,NaN,NaN,0.99,NaN,NaN,NaN,
1948060818,06a.1948,TC06A,TD,NN,26.4,64.6,NaN,NaN,51,9,51,9,NaN,NaN,NaN,NaN,NaN,NaN,NaN,NaN,NaN,NaN,NT,NW,B,B,NaN,NaN,0.99,NaN,NaN,NaN,
1948060900,06a.1948,TC06A,TD,NN,26.8,65.5,NaN,NaN,59,9,59,9,NaN,NaN,NaN,NaN,NaN,NaN,NaN,NaN,NaN,NaN,NT,NW,B,B,NaN,NaN,0.99,NaN,NaN,NaN,
1948070518,07b.1948,TC07B,TD,NN,20.1,88.3,NaN,NaN,290,1,290,1,NaN,NaN,NaN,NaN,NaN,NaN,NaN,NaN,NaN,NaN,NT,NW,B,B,NaN,NaN,NaN,NaN,NaN,NaN,
1948070600,07b.1948,TC07B,TD,NN,20.2,88.0,NaN,NaN,290,1,290,1,NaN,NaN,NaN,NaN,NaN,NaN,NaN,NaN,NaN,NaN,NT,NW,B,B,NaN,NaN,NaN,NaN,NaN,NaN,
1948070606,07b.1948,TC07B,TD,NN,20.2,88.0,NaN,NaN,290,1,290,1,NaN,NaN,NaN,NaN,NaN,NaN,NaN,NaN,NaN,NaN,NT,NW,B,B,NaN,NaN,NaN,NaN,NaN,NaN,
1948070612,07b.1948,TC07B,TD,NN,20.2,88.0,NaN,NaN,360,0,360,0,NaN,NaN,NaN,NaN,NaN,NaN,NaN,NaN,NaN,NaN,NT,NW,B,B,NaN,NaN,NaN,NaN,NaN,NaN,
1948070618,07b.1948,TC07B,TD,NN,20.2,88.0,NaN,NaN,360,0,360,0,NaN,NaN,NaN,NaN,NaN,NaN,NaN,NaN,NaN,NaN,NT,NW,B,B,NaN,NaN,NaN,NaN,NaN,NaN,
1948070700,07b.1948,TC07B,TD,NN,20.2,88.0,NaN,NaN,360,0,360,0,NaN,NaN,NaN,NaN,NaN,NaN,NaN,NaN,NaN,NaN,NT,NW,B,B,NaN,NaN,NaN,NaN,NaN,NaN,
1948070706,07b.1948,TC07B,TD,NN,20.3,87.7,NaN,NaN,290,1,290,1,NaN,NaN,NaN,NaN,NaN,NaN,NaN,NaN,NaN,NaN,NT,NW,B,B,NaN,NaN,NaN,NaN,NaN,NaN,
1948070712,07b.1948,TC07B,TD,NN,20.9,85.9,NaN,NaN,290,10,290,10,NaN,NaN,NaN,NaN,NaN,NaN,NaN,NaN,NaN,NaN,NT,NW,B,B,NaN,NaN,0.98,NaN,NaN,NaN,
1948070718,07b.1948,TC07B,TD,NN,21.5,84.3,NaN,NaN,291,17,291,17,NaN,NaN,NaN,NaN,NaN,NaN,NaN,NaN,NaN,NaN,NT,NW,B,B,NaN,NaN,0.99,NaN,NaN,NaN,
1948070800,07b.1948,TC07B,TD,NN,22.1,83.0,NaN,NaN,294,15,294,15,NaN,NaN,NaN,NaN,NaN,NaN,NaN,NaN,NaN,NaN,NT,NW,B,B,NaN,NaN,0.99,NaN,NaN,NaN,
1948072618,08b.1948,TC08B,TD,NN,19.5,90.4,NaN,NaN,335,4,335,4,NaN,NaN,NaN,NaN,NaN,NaN,NaN,NaN,NaN,NaN,NT,NW,B,B,NaN,NaN,NaN,NaN,NaN,NaN,
1948072700,08b.1948,TC08B,TD,NN,19.6,90.4,NaN,NaN,335,4,335,4,NaN,NaN,NaN,NaN,NaN,NaN,NaN,NaN,NaN,NaN,NT,NW,B,B,NaN,NaN,NaN,NaN,NaN,NaN,
1948072706,08b.1948,TC08B,TD,NN,20.3,90.0,NaN,NaN,335,4,335,4,NaN,NaN,NaN,NaN,NaN,NaN,NaN,NaN,NaN,NaN,NT,NW,B,B,NaN,NaN,NaN,NaN,NaN,NaN,
1948072712,08b.1948,TC08B,TD,NN,21.0,89.4,NaN,NaN,326,8,326,8,NaN,NaN,NaN,NaN,NaN,NaN,NaN,NaN,NaN,NaN,NT,NW,B,B,NaN,NaN,NaN,NaN,NaN,NaN,
1948072718,08b.1948,TC08B,TD,NN,21.8,88.8,NaN,NaN,323,9,323,9,NaN,NaN,NaN,NaN,NaN,NaN,NaN,NaN,NaN,NaN,NT,NW,B,B,NaN,NaN,0.64,NaN,NaN,NaN,
1948072800,08b.1948,TC08B,TD,NN,22.5,88.0,NaN,NaN,319,10,319,10,NaN,NaN,NaN,NaN,NaN,NaN,NaN,NaN,NaN,NaN,NT,NW,B,B,NaN,NaN,0.95,NaN,NaN,NaN,
1948072806,08b.1948,TC08B,TD,NN,23.1,86.9,NaN,NaN,307,11,307,11,NaN,NaN,NaN,NaN,NaN,NaN,NaN,NaN,NaN,NaN,NT,NW,B,B,NaN,NaN,0.99,NaN,NaN,NaN,
1948072812,08b.1948,TC08B,TD,NN,23.5,85.3,NaN,NaN,292,13,292,13,NaN,NaN,NaN,NaN,NaN,NaN,NaN,NaN,NaN,NaN,NT,NW,B,B,NaN,NaN,0.99,NaN,NaN,NaN,
1948072818,08b.1948,TC08B,TD,NN,23.9,83.5,NaN,NaN,284,16,284,16,NaN,NaN,NaN,NaN,NaN,NaN,NaN,NaN,NaN,NaN,NT,NW,B,B,NaN,NaN,0.99,NaN,NaN,NaN,
1948072900,08b.1948,TC08B,TD,NN,24.2,81.5,NaN,NaN,281,18,281,18,NaN,NaN,NaN,NaN,NaN,NaN,NaN,NaN,NaN,NaN,NT,NW,B,B,NaN,NaN,0.98,NaN,NaN,NaN,
1948081118,09b.1948,TC09B,TD,NN,17.8,86.5,NaN,NaN,44,1,44,1,NaN,NaN,NaN,NaN,NaN,NaN,NaN,NaN,NaN,NaN,NT,NW,B,B,NaN,NaN,NaN,NaN,NaN,NaN,
1948081200,09b.1948,TC09B,TD,NN,17.9,86.6,NaN,NaN,44,1,44,1,NaN,NaN,NaN,NaN,NaN,NaN,NaN,NaN,NaN,NaN,NT,NW,B,B,NaN,NaN,NaN,NaN,NaN,NaN,
1948081206,09b.1948,TC09B,TD,NN,18.0,86.7,NaN,NaN,44,1,44,1,NaN,NaN,NaN,NaN,NaN,NaN,NaN,NaN,NaN,NaN,NT,NW,B,B,NaN,NaN,NaN,NaN,NaN,NaN,
1948081212,09b.1948,TC09B,TD,NN,18.1,86.8,NaN,NaN,44,1,44,1,NaN,NaN,NaN,NaN,NaN,NaN,NaN,NaN,NaN,NaN,NT,NW,B,B,NaN,NaN,NaN,NaN,NaN,NaN,
1948081218,09b.1948,TC09B,TD,NN,18.2,86.9,NaN,NaN,44,1,44,1,NaN,NaN,NaN,NaN,NaN,NaN,NaN,NaN,NaN,NaN,NT,NW,B,B,NaN,NaN,NaN,NaN,NaN,NaN,
1948081300,09b.1948,TC09B,TD,NN,18.3,87.0,NaN,NaN,44,1,44,1,NaN,NaN,NaN,NaN,NaN,NaN,NaN,NaN,NaN,NaN,NT,NW,B,B,NaN,NaN,NaN,NaN,NaN,NaN,
1948081306,09b.1948,TC09B,TD,NN,18.6,87.1,NaN,NaN,25,2,25,2,NaN,NaN,NaN,NaN,NaN,NaN,NaN,NaN,NaN,NaN,NT,NW,B,B,NaN,NaN,NaN,NaN,NaN,NaN,
1948081312,09b.1948,TC09B,TD,NN,19.2,87.2,NaN,NaN,12,5,12,5,NaN,NaN,NaN,NaN,NaN,NaN,NaN,NaN,NaN,NaN,NT,NW,B,B,NaN,NaN,NaN,NaN,NaN,NaN,
1948081318,09b.1948,TC09B,TD,NN,19.6,87.3,NaN,NaN,11,5,11,5,NaN,NaN,NaN,NaN,NaN,NaN,NaN,NaN,NaN,NaN,NT,NW,B,B,NaN,NaN,NaN,NaN,NaN,NaN,
1948081400,09b.1948,TC09B,TD,NN,19.8,87.2,NaN,NaN,360,3,360,3,NaN,NaN,NaN,NaN,NaN,NaN,NaN,NaN,NaN,NaN,NT,NW,B,B,NaN,NaN,0.06,NaN,NaN,NaN,
1948081406,09b.1948,TC09B,TD,NN,20.1,86.8,NaN,NaN,317,3,317,3,NaN,NaN,NaN,NaN,NaN,NaN,NaN,NaN,NaN,NaN,NT,NW,B,B,NaN,NaN,0.06,NaN,NaN,NaN,
1948081412,09b.1948,TC09B,TD,NN,20.6,86.2,NaN,NaN,310,6,310,6,NaN,NaN,NaN,NaN,NaN,NaN,NaN,NaN,NaN,NaN,NT,NW,B,B,NaN,NaN,0.96,NaN,NaN,NaN,
1948081418,09b.1948,TC09B,TD,NN,21.0,85.6,NaN,NaN,309,7,309,7,NaN,NaN,NaN,NaN,NaN,NaN,NaN,NaN,NaN,NaN,NT,NW,B,B,NaN,NaN,0.99,NaN,NaN,NaN,
1948081500,09b.1948,TC09B,TD,NN,21.4,84.9,NaN,NaN,303,7,303,7,NaN,NaN,NaN,NaN,NaN,NaN,NaN,NaN,NaN,NaN,NT,NW,B,B,NaN,NaN,0.99,NaN,NaN,NaN,
1948081506,09b.1948,TC09B,TD,NN,21.8,84.1,NaN,NaN,300,8,300,8,NaN,NaN,NaN,NaN,NaN,NaN,NaN,NaN,NaN,NaN,NT,NW,B,B,NaN,NaN,0.99,NaN,NaN,NaN,
1948081512,09b.1948,TC09B,TD,NN,22.1,83.2,NaN,NaN,294,9,294,9,NaN,NaN,NaN,NaN,NaN,NaN,NaN,NaN,NaN,NaN,NT,NW,B,B,NaN,NaN,0.99,NaN,NaN,NaN,
1948081518,09b.1948,TC09B,TD,NN,22.5,82.4,NaN,NaN,294,9,294,9,NaN,NaN,NaN,NaN,NaN,NaN,NaN,NaN,NaN,NaN,NT,NW,B,B,NaN,NaN,0.99,NaN,NaN,NaN,
1948081600,09b.1948,TC09B,TD,NN,22.9,81.9,NaN,NaN,304,7,304,7,NaN,NaN,NaN,NaN,NaN,NaN,NaN,NaN,NaN,NaN,NT,NW,B,B,NaN,NaN,1.00,NaN,NaN,NaN,
1948082218,10b.1948,TC10B,TD,NN,20.8,88.7,NaN,NaN,306,2,306,2,NaN,NaN,NaN,NaN,NaN,NaN,NaN,NaN,NaN,NaN,NT,NW,B,B,NaN,NaN,NaN,NaN,NaN,NaN,
1948082300,10b.1948,TC10B,TD,NN,20.9,88.6,NaN,NaN,306,2,306,2,NaN,NaN,NaN,NaN,NaN,NaN,NaN,NaN,NaN,NaN,NT,NW,B,B,NaN,NaN,NaN,NaN,NaN,NaN,
1948082306,10b.1948,TC10B,TD,NN,21.0,88.4,NaN,NaN,306,2,306,2,NaN,NaN,NaN,NaN,NaN,NaN,NaN,NaN,NaN,NaN,NT,NW,B,B,NaN,NaN,NaN,NaN,NaN,NaN,
1948082312,10b.1948,TC10B,TD,NN,21.1,88.1,NaN,NaN,293,3,293,3,NaN,NaN,NaN,NaN,NaN,NaN,NaN,NaN,NaN,NaN,NT,NW,B,B,NaN,NaN,NaN,NaN,NaN,NaN,
1948082318,10b.1948,TC10B,TD,NN,21.2,87.9,NaN,NaN,293,3,293,3,NaN,NaN,NaN,NaN,NaN,NaN,NaN,NaN,NaN,NaN,NT,NW,B,B,NaN,NaN,NaN,NaN,NaN,NaN,
1948082400,10b.1948,TC10B,TD,NN,21.3,87.7,NaN,NaN,298,2,298,2,NaN,NaN,NaN,NaN,NaN,NaN,NaN,NaN,NaN,NaN,NT,NW,B,B,NaN,NaN,0.36,NaN,NaN,NaN,
1948092618,11b.1948,TC11B,TD,NN,17.1,88.3,NaN,NaN,308,2,308,2,NaN,NaN,NaN,NaN,NaN,NaN,NaN,NaN,NaN,NaN,NT,NW,B,B,NaN,NaN,NaN,NaN,NaN,NaN,
1948092700,11b.1948,TC11B,TD,NN,17.2,88.1,NaN,NaN,308,2,308,2,NaN,NaN,NaN,NaN,NaN,NaN,NaN,NaN,NaN,NaN,NT,NW,B,B,NaN,NaN,NaN,NaN,NaN,NaN,
1948092706,11b.1948,TC11B,TD,NN,17.4,87.9,NaN,NaN,308,2,308,2,NaN,NaN,NaN,NaN,NaN,NaN,NaN,NaN,NaN,NaN,NT,NW,B,B,NaN,NaN,NaN,NaN,NaN,NaN,
1948092712,11b.1948,TC11B,TD,NN,17.7,87.6,NaN,NaN,316,3,316,3,NaN,NaN,NaN,NaN,NaN,NaN,NaN,NaN,NaN,NaN,NT,NW,B,B,NaN,NaN,NaN,NaN,NaN,NaN,
1948092718,11b.1948,TC11B,TD,NN,18.0,87.4,NaN,NaN,322,4,322,4,NaN,NaN,NaN,NaN,NaN,NaN,NaN,NaN,NaN,NaN,NT,NW,B,B,NaN,NaN,NaN,NaN,NaN,NaN,
1948092800,11b.1948,TC11B,TD,NN,18.3,87.1,NaN,NaN,322,4,322,4,NaN,NaN,NaN,NaN,NaN,NaN,NaN,NaN,NaN,NaN,NT,NW,B,B,NaN,NaN,NaN,NaN,NaN,NaN,
1948091818,12b.1948,TC12B,TD,NN,16.8,86.0,NaN,NaN,289,3,289,3,NaN,NaN,NaN,NaN,NaN,NaN,NaN,NaN,NaN,NaN,NT,NW,B,B,NaN,NaN,NaN,NaN,NaN,NaN,
1948091900,12b.1948,TC12B,TD,NN,16.9,85.8,NaN,NaN,289,3,289,3,NaN,NaN,NaN,NaN,NaN,NaN,NaN,NaN,NaN,NaN,NT,NW,B,B,NaN,NaN,NaN,NaN,NaN,NaN,
1948091906,12b.1948,TC12B,TD,NN,17.0,85.4,NaN,NaN,289,3,289,3,NaN,NaN,NaN,NaN,NaN,NaN,NaN,NaN,NaN,NaN,NT,NW,B,B,NaN,NaN,NaN,NaN,NaN,NaN,
1948091912,12b.1948,TC12B,TD,NN,17.1,84.8,NaN,NaN,282,5,282,5,NaN,NaN,NaN,NaN,NaN,NaN,NaN,NaN,NaN,NaN,NT,NW,B,B,NaN,NaN,NaN,NaN,NaN,NaN,
1948091918,12b.1948,TC12B,TD,NN,17.3,84.4,NaN,NaN,287,5,287,5,NaN,NaN,NaN,NaN,NaN,NaN,NaN,NaN,NaN,NaN,NT,NW,B,B,NaN,NaN,NaN,NaN,NaN,NaN,
1948092000,12b.1948,TC12B,TD,NN,17.4,84.0,NaN,NaN,291,4,291,4,NaN,NaN,NaN,NaN,NaN,NaN,NaN,NaN,NaN,NaN,NT,NW,B,B,NaN,NaN,NaN,NaN,NaN,NaN,
1948092006,12b.1948,TC12B,TD,NN,17.5,83.8,NaN,NaN,289,3,289,3,NaN,NaN,NaN,NaN,NaN,NaN,NaN,NaN,NaN,NaN,NT,NW,B,B,NaN,NaN,NaN,NaN,NaN,NaN,
1948092012,12b.1948,TC12B,TD,NN,17.6,83.7,NaN,NaN,305,2,305,2,NaN,NaN,NaN,NaN,NaN,NaN,NaN,NaN,NaN,NaN,NT,NW,B,B,NaN,NaN,0.17,NaN,NaN,NaN,
1948092018,12b.1948,TC12B,TD,NN,17.6,83.6,NaN,NaN,298,1,298,1,NaN,NaN,NaN,NaN,NaN,NaN,NaN,NaN,NaN,NaN,NT,NW,B,B,NaN,NaN,0.17,NaN,NaN,NaN,
1948092100,12b.1948,TC12B,TD,NN,17.7,83.5,NaN,NaN,298,1,298,1,NaN,NaN,NaN,NaN,NaN,NaN,NaN,NaN,NaN,NaN,NT,NW,B,B,NaN,NaN,0.17,NaN,NaN,NaN,
1948092106,12b.1948,TC12B,TD,NN,17.7,83.1,NaN,NaN,282,2,282,2,NaN,NaN,NaN,NaN,NaN,NaN,NaN,NaN,NaN,NaN,NT,NW,B,B,NaN,NaN,0.49,NaN,NaN,NaN,
1948092112,12b.1948,TC12B,TD,NN,17.8,82.0,NaN,NaN,274,7,274,7,NaN,NaN,NaN,NaN,NaN,NaN,NaN,NaN,NaN,NaN,NT,NW,B,B,NaN,NaN,0.99,NaN,NaN,NaN,
1948092118,12b.1948,TC12B,TD,NN,17.9,81.1,NaN,NaN,276,10,276,10,NaN,NaN,NaN,NaN,NaN,NaN,NaN,NaN,NaN,NaN,NT,NW,B,B,NaN,NaN,0.98,NaN,NaN,NaN,
1948092200,12b.1948,TC12B,TD,NN,18.0,80.5,NaN,NaN,278,7,278,7,NaN,NaN,NaN,NaN,NaN,NaN,NaN,NaN,NaN,NaN,NT,NW,B,B,NaN,NaN,0.98,NaN,NaN,NaN,
1948092206,12b.1948,TC12B,TD,NN,18.1,79.2,NaN,NaN,276,9,276,9,NaN,NaN,NaN,NaN,NaN,NaN,NaN,NaN,NaN,NaN,NT,NW,B,B,NaN,NaN,0.99,NaN,NaN,NaN,
1948092212,12b.1948,TC12B,TD,NN,17.9,77.2,NaN,NaN,268,16,268,16,NaN,NaN,NaN,NaN,NaN,NaN,NaN,NaN,NaN,NaN,NT,NW,B,B,NaN,NaN,0.99,NaN,NaN,NaN,
1948092218,12b.1948,TC12B,TD,NN,18.0,75.2,NaN,NaN,268,19,268,19,NaN,NaN,NaN,NaN,NaN,NaN,NaN,NaN,NaN,NaN,NT,NW,B,B,NaN,NaN,0.98,NaN,NaN,NaN,
1948092300,12b.1948,TC12B,TD,NN,18.2,73.3,NaN,NaN,275,19,275,19,NaN,NaN,NaN,NaN,NaN,NaN,NaN,NaN,NaN,NaN,NT,NW,B,B,NaN,NaN,0.91,NaN,NaN,NaN,
1948092306,12b.1948,TC12B,TD,NN,18.4,72.6,NaN,NaN,279,13,279,13,NaN,NaN,NaN,NaN,NaN,NaN,NaN,NaN,NaN,NaN,NT,NW,B,B,NaN,NaN,0.07,NaN,NaN,NaN,
1948092312,12b.1948,TC12B,TD,NN,18.7,72.4,NaN,NaN,300,5,300,5,NaN,NaN,NaN,NaN,NaN,NaN,NaN,NaN,NaN,NaN,NT,NW,B,B,NaN,NaN,0.07,NaN,NaN,NaN,
1948092318,12b.1948,TC12B,TD,NN,19.0,72.2,NaN,NaN,328,4,328,4,NaN,NaN,NaN,NaN,NaN,NaN,NaN,NaN,NaN,NaN,NT,NW,B,B,NaN,NaN,NaN,NaN,NaN,NaN,
1948092400,12b.1948,TC12B,TD,NN,19.3,72.0,NaN,NaN,328,4,328,4,NaN,NaN,NaN,NaN,NaN,NaN,NaN,NaN,NaN,NaN,NT,NW,B,B,NaN,NaN,NaN,NaN,NaN,NaN,
1948092406,12b.1948,TC12B,TD,NN,19.7,71.7,NaN,NaN,326,4,326,4,NaN,NaN,NaN,NaN,NaN,NaN,NaN,NaN,NaN,NaN,NT,NW,B,B,NaN,NaN,NaN,NaN,NaN,NaN,
1948092412,12b.1948,TC12B,TD,NN,20.3,71.2,NaN,NaN,323,6,323,6,NaN,NaN,NaN,NaN,NaN,NaN,NaN,NaN,NaN,NaN,NT,NW,B,B,NaN,NaN,0.22,NaN,NaN,NaN,
1948092418,12b.1948,TC12B,TD,NN,20.8,70.6,NaN,NaN,317,8,317,8,NaN,NaN,NaN,NaN,NaN,NaN,NaN,NaN,NaN,NaN,NT,NW,B,B,NaN,NaN,0.63,NaN,NaN,NaN,
1948092500,12b.1948,TC12B,TD,NN,21.3,69.8,NaN,NaN,307,8,307,8,NaN,NaN,NaN,NaN,NaN,NaN,NaN,NaN,NaN,NaN,NT,NW,B,B,NaN,NaN,0.73,NaN,NaN,NaN,
1948092506,12b.1948,TC12B,TD,NN,21.5,69.5,NaN,NaN,304,6,304,6,NaN,NaN,NaN,NaN,NaN,NaN,NaN,NaN,NaN,NaN,NT,NW,B,B,NaN,NaN,0.30,NaN,NaN,NaN,
1948092512,12b.1948,TC12B,TD,NN,21.5,69.2,NaN,NaN,290,3,290,3,NaN,NaN,NaN,NaN,NaN,NaN,NaN,NaN,NaN,NaN,NT,NW,B,B,NaN,NaN,0.05,NaN,NaN,NaN,
1948092518,12b.1948,TC12B,TD,NN,21.5,69.0,NaN,NaN,270,2,270,2,NaN,NaN,NaN,NaN,NaN,NaN,NaN,NaN,NaN,NaN,NT,NW,B,B,NaN,NaN,0.05,NaN,NaN,NaN,
1948092600,12b.1948,TC12B,TD,NN,21.5,68.7,NaN,NaN,270,2,270,2,NaN,NaN,NaN,NaN,NaN,NaN,NaN,NaN,NaN,NaN,NT,NW,B,B,NaN,NaN,NaN,NaN,NaN,NaN,
1948092606,12b.1948,TC12B,TD,NN,21.5,68.5,NaN,NaN,270,2,270,2,NaN,NaN,NaN,NaN,NaN,NaN,NaN,NaN,NaN,NaN,NT,NW,B,B,NaN,NaN,NaN,NaN,NaN,NaN,
1948092612,12b.1948,TC12B,TD,NN,21.5,68.2,NaN,NaN,270,2,270,2,NaN,NaN,NaN,NaN,NaN,NaN,NaN,NaN,NaN,NaN,NT,NW,B,B,NaN,NaN,NaN,NaN,NaN,NaN,
1948092618,12b.1948,TC12B,TD,NN,21.5,68.0,NaN,NaN,270,2,270,2,NaN,NaN,NaN,NaN,NaN,NaN,NaN,NaN,NaN,NaN,NT,NW,B,B,NaN,NaN,NaN,NaN,NaN,NaN,
1948092700,12b.1948,TC12B,TD,NN,21.5,67.7,NaN,NaN,270,2,270,2,NaN,NaN,NaN,NaN,NaN,NaN,NaN,NaN,NaN,NaN,NT,NW,B,B,NaN,NaN,NaN,NaN,NaN,NaN,
1948092706,12b.1948,TC12B,TD,NN,21.5,67.5,NaN,NaN,270,2,270,2,NaN,NaN,NaN,NaN,NaN,NaN,NaN,NaN,NaN,NaN,NT,NW,B,B,NaN,NaN,NaN,NaN,NaN,NaN,
1948092712,12b.1948,TC12B,TD,NN,21.5,67.2,NaN,NaN,270,2,270,2,NaN,NaN,NaN,NaN,NaN,NaN,NaN,NaN,NaN,NaN,NT,NW,B,B,NaN,NaN,NaN,NaN,NaN,NaN,
1948092718,12b.1948,TC12B,TD,NN,21.5,67.0,NaN,NaN,270,2,270,2,NaN,NaN,NaN,NaN,NaN,NaN,NaN,NaN,NaN,NaN,NT,NW,B,B,NaN,NaN,NaN,NaN,NaN,NaN,
1948092800,12b.1948,TC12B,TD,NN,21.5,66.7,NaN,NaN,270,2,270,2,NaN,NaN,NaN,NaN,NaN,NaN,NaN,NaN,NaN,NaN,NT,NW,B,B,NaN,NaN,NaN,NaN,NaN,NaN,
1948092806,12b.1948,TC12B,TD,NN,21.5,66.4,NaN,NaN,270,3,270,3,NaN,NaN,NaN,NaN,NaN,NaN,NaN,NaN,NaN,NaN,NT,NW,B,B,NaN,NaN,NaN,NaN,NaN,NaN,
1948092812,12b.1948,TC12B,TD,NN,21.5,66.0,NaN,NaN,270,3,270,3,NaN,NaN,NaN,NaN,NaN,NaN,NaN,NaN,NaN,NaN,NT,NW,B,B,NaN,NaN,NaN,NaN,NaN,NaN,
1948092818,12b.1948,TC12B,TD,NN,21.5,65.6,NaN,NaN,270,4,270,4,NaN,NaN,NaN,NaN,NaN,NaN,NaN,NaN,NaN,NaN,NT,NW,B,B,NaN,NaN,NaN,NaN,NaN,NaN,
1948092900,12b.1948,TC12B,TD,NN,21.5,65.3,NaN,NaN,270,3,270,3,NaN,NaN,NaN,NaN,NaN,NaN,NaN,NaN,NaN,NaN,NT,NW,B,B,NaN,NaN,NaN,NaN,NaN,NaN,
1948092906,12b.1948,TC12B,TD,NN,21.5,64.9,NaN,NaN,270,3,270,3,NaN,NaN,NaN,NaN,NaN,NaN,NaN,NaN,NaN,NaN,NT,NW,B,B,NaN,NaN,NaN,NaN,NaN,NaN,
1948092912,12b.1948,TC12B,TD,NN,21.5,64.4,NaN,NaN,270,4,270,4,NaN,NaN,NaN,NaN,NaN,NaN,NaN,NaN,NaN,NaN,NT,NW,B,B,NaN,NaN,NaN,NaN,NaN,NaN,
1948092918,12b.1948,TC12B,TD,NN,21.5,64.0,NaN,NaN,270,4,270,4,NaN,NaN,NaN,NaN,NaN,NaN,NaN,NaN,NaN,NaN,NT,NW,B,B,NaN,NaN,NaN,NaN,NaN,NaN,
1948093000,12b.1948,TC12B,TD,NN,21.5,63.5,NaN,NaN,270,4,270,4,NaN,NaN,NaN,NaN,NaN,NaN,NaN,NaN,NaN,NaN,NT,NW,B,B,NaN,NaN,NaN,NaN,NaN,NaN,
1948093006,12b.1948,TC12B,TD,NN,21.5,63.0,NaN,NaN,270,5,270,5,NaN,NaN,NaN,NaN,NaN,NaN,NaN,NaN,NaN,NaN,NT,NW,B,B,NaN,NaN,NaN,NaN,NaN,NaN,
1948093012,12b.1948,TC12B,TD,NN,21.5,62.5,NaN,NaN,270,5,270,5,NaN,NaN,NaN,NaN,NaN,NaN,NaN,NaN,NaN,NaN,NT,NW,B,B,NaN,NaN,NaN,NaN,NaN,NaN,
1948093018,12b.1948,TC12B,TD,NN,21.5,62.0,NaN,NaN,270,5,270,5,NaN,NaN,NaN,NaN,NaN,NaN,NaN,NaN,NaN,NaN,NT,NW,B,B,NaN,NaN,NaN,NaN,NaN,NaN,
1948100100,12b.1948,TC12B,TD,NN,21.5,61.5,NaN,NaN,270,5,270,5,NaN,NaN,NaN,NaN,NaN,NaN,NaN,NaN,NaN,NaN,NT,NW,B,B,NaN,NaN,NaN,NaN,NaN,NaN,
1948102818,13b.1948,TC13B,TD,NN,8.5,91.0,NaN,NaN,351,3,351,3,NaN,NaN,NaN,NaN,NaN,NaN,NaN,NaN,NaN,NaN,NT,NW,B,B,NaN,NaN,NaN,NaN,NaN,NaN,
1948102900,13b.1948,TC13B,TD,NN,8.8,90.9,NaN,NaN,351,3,351,3,NaN,NaN,NaN,NaN,NaN,NaN,NaN,NaN,NaN,NaN,NT,NW,B,B,NaN,NaN,NaN,NaN,NaN,NaN,
1948102906,13b.1948,TC13B,TD,NN,9.1,90.9,NaN,NaN,351,3,351,3,NaN,NaN,NaN,NaN,NaN,NaN,NaN,NaN,NaN,NaN,NT,NW,B,B,NaN,NaN,NaN,NaN,NaN,NaN,
1948102912,13b.1948,TC13B,TD,NN,9.4,90.8,NaN,NaN,351,3,351,3,NaN,NaN,NaN,NaN,NaN,NaN,NaN,NaN,NaN,NaN,NT,NW,B,B,NaN,NaN,NaN,NaN,NaN,NaN,
1948102918,13b.1948,TC13B,TD,NN,9.7,90.7,NaN,NaN,342,3,342,3,NaN,NaN,NaN,NaN,NaN,NaN,NaN,NaN,NaN,NaN,NT,NW,B,B,NaN,NaN,NaN,NaN,NaN,NaN,
1948103000,13b.1948,TC13B,TD,NN,9.9,90.5,NaN,NaN,329,3,329,3,NaN,NaN,NaN,NaN,NaN,NaN,NaN,NaN,NaN,NaN,NT,NW,B,B,NaN,NaN,NaN,NaN,NaN,NaN,
1948103006,13b.1948,TC13B,TD,NN,10.4,90.2,NaN,NaN,325,4,325,4,NaN,NaN,NaN,NaN,NaN,NaN,NaN,NaN,NaN,NaN,NT,NW,B,B,NaN,NaN,NaN,NaN,NaN,NaN,
1948103012,13b.1948,TC13B,TD,NN,10.9,89.7,NaN,NaN,322,6,322,6,NaN,NaN,NaN,NaN,NaN,NaN,NaN,NaN,NaN,NaN,NT,NW,B,B,NaN,NaN,NaN,NaN,NaN,NaN,
1948103018,13b.1948,TC13B,TD,NN,11.4,89.1,NaN,NaN,313,7,313,7,NaN,NaN,NaN,NaN,NaN,NaN,NaN,NaN,NaN,NaN,NT,NW,B,B,NaN,NaN,NaN,NaN,NaN,NaN,
1948103100,13b.1948,TC13B,TD,NN,11.9,88.6,NaN,NaN,313,7,313,7,NaN,NaN,NaN,NaN,NaN,NaN,NaN,NaN,NaN,NaN,NT,NW,B,B,NaN,NaN,NaN,NaN,NaN,NaN,
1948103106,13b.1948,TC13B,TD,NN,12.5,88.0,NaN,NaN,316,8,316,8,NaN,NaN,NaN,NaN,NaN,NaN,NaN,NaN,NaN,NaN,NT,NW,B,B,NaN,NaN,NaN,NaN,NaN,NaN,
1948103112,13b.1948,TC13B,TD,NN,13.1,87.2,NaN,NaN,311,9,311,9,NaN,NaN,NaN,NaN,NaN,NaN,NaN,NaN,NaN,NaN,NT,NW,B,B,NaN,NaN,NaN,NaN,NaN,NaN,
1948103118,13b.1948,TC13B,TD,NN,13.7,86.6,NaN,NaN,311,9,311,9,NaN,NaN,NaN,NaN,NaN,NaN,NaN,NaN,NaN,NaN,NT,NW,B,B,NaN,NaN,NaN,NaN,NaN,NaN,
1948110100,13b.1948,TC13B,TD,NN,14.4,86.0,NaN,NaN,318,9,318,9,NaN,NaN,NaN,NaN,NaN,NaN,NaN,NaN,NaN,NaN,NT,NW,B,B,NaN,NaN,NaN,NaN,NaN,NaN,
1948110106,13b.1948,TC13B,TD,NN,15.0,85.3,NaN,NaN,316,9,316,9,NaN,NaN,NaN,NaN,NaN,NaN,NaN,NaN,NaN,NaN,NT,NW,B,B,NaN,NaN,NaN,NaN,NaN,NaN,
1948110112,13b.1948,TC13B,TD,NN,15.5,84.5,NaN,NaN,307,9,307,9,NaN,NaN,NaN,NaN,NaN,NaN,NaN,NaN,NaN,NaN,NT,NW,B,B,NaN,NaN,NaN,NaN,NaN,NaN,
1948110118,13b.1948,TC13B,TD,NN,16.0,83.4,NaN,NaN,299,10,299,10,NaN,NaN,NaN,NaN,NaN,NaN,NaN,NaN,NaN,NaN,NT,NW,B,B,NaN,NaN,NaN,NaN,NaN,NaN,
1948110200,13b.1948,TC13B,TD,NN,16.5,81.9,NaN,NaN,292,13,292,13,NaN,NaN,NaN,NaN,NaN,NaN,NaN,NaN,NaN,NaN,NT,NW,B,B,NaN,NaN,0.46,NaN,NaN,NaN,
1948110206,13b.1948,TC13B,TD,NN,16.6,81.2,NaN,NaN,286,11,286,11,NaN,NaN,NaN,NaN,NaN,NaN,NaN,NaN,NaN,NaN,NT,NW,B,B,NaN,NaN,0.86,NaN,NaN,NaN,
1948110212,13b.1948,TC13B,TD,NN,16.7,80.7,NaN,NaN,280,6,280,6,NaN,NaN,NaN,NaN,NaN,NaN,NaN,NaN,NaN,NaN,NT,NW,B,B,NaN,NaN,0.98,NaN,NaN,NaN,
1948110218,13b.1948,TC13B,TD,NN,16.7,80.2,NaN,NaN,276,5,276,5,NaN,NaN,NaN,NaN,NaN,NaN,NaN,NaN,NaN,NaN,NT,NW,B,B,NaN,NaN,0.98,NaN,NaN,NaN,
1948110300,13b.1948,TC13B,TD,NN,16.8,79.7,NaN,NaN,276,5,276,5,NaN,NaN,NaN,NaN,NaN,NaN,NaN,NaN,NaN,NaN,NT,NW,B,B,NaN,NaN,0.98,NaN,NaN,NaN,
1948101918,14a.1948,TC14A,TD,NN,7.7,72.3,NaN,NaN,315,3,315,3,NaN,NaN,NaN,NaN,NaN,NaN,NaN,NaN,NaN,NaN,NT,NW,B,B,NaN,NaN,NaN,NaN,NaN,NaN,
1948102000,14a.1948,TC14A,TD,NN,7.9,72.1,NaN,NaN,315,3,315,3,NaN,NaN,NaN,NaN,NaN,NaN,NaN,NaN,NaN,NaN,NT,NW,B,B,NaN,NaN,NaN,NaN,NaN,NaN,
1948102006,14a.1948,TC14A,TD,NN,8.1,71.9,NaN,NaN,315,3,315,3,NaN,NaN,NaN,NaN,NaN,NaN,NaN,NaN,NaN,NaN,NT,NW,B,B,NaN,NaN,NaN,NaN,NaN,NaN,
1948102012,14a.1948,TC14A,TD,NN,8.3,71.7,NaN,NaN,315,3,315,3,NaN,NaN,NaN,NaN,NaN,NaN,NaN,NaN,NaN,NaN,NT,NW,B,B,NaN,NaN,NaN,NaN,NaN,NaN,
1948102018,14a.1948,TC14A,TD,NN,8.5,71.5,NaN,NaN,315,3,315,3,NaN,NaN,NaN,NaN,NaN,NaN,NaN,NaN,NaN,NaN,NT,NW,B,B,NaN,NaN,NaN,NaN,NaN,NaN,
1948102100,14a.1948,TC14A,TD,NN,8.7,71.3,NaN,NaN,315,3,315,3,NaN,NaN,NaN,NaN,NaN,NaN,NaN,NaN,NaN,NaN,NT,NW,B,B,NaN,NaN,NaN,NaN,NaN,NaN,
1948102106,14a.1948,TC14A,TD,NN,9.0,70.9,NaN,NaN,310,4,310,4,NaN,NaN,NaN,NaN,NaN,NaN,NaN,NaN,NaN,NaN,NT,NW,B,B,NaN,NaN,NaN,NaN,NaN,NaN,
1948102112,14a.1948,TC14A,TD,NN,9.5,69.5,NaN,NaN,294,10,294,10,NaN,NaN,NaN,NaN,NaN,NaN,NaN,NaN,NaN,NaN,NT,NW,B,B,NaN,NaN,NaN,NaN,NaN,NaN,
1948102118,14a.1948,TC14A,TD,NN,10.1,68.1,NaN,NaN,292,15,292,15,NaN,NaN,NaN,NaN,NaN,NaN,NaN,NaN,NaN,NaN,NT,NW,B,B,NaN,NaN,NaN,NaN,NaN,NaN,
1948102200,14a.1948,TC14A,TD,NN,10.6,66.8,NaN,NaN,292,14,292,14,NaN,NaN,NaN,NaN,NaN,NaN,NaN,NaN,NaN,NaN,NT,NW,B,B,NaN,NaN,NaN,NaN,NaN,NaN,
1948102206,14a.1948,TC14A,TD,NN,11.1,65.6,NaN,NaN,292,13,292,13,NaN,NaN,NaN,NaN,NaN,NaN,NaN,NaN,NaN,NaN,NT,NW,B,B,NaN,NaN,NaN,NaN,NaN,NaN,
1948102212,14a.1948,TC14A,TD,NN,11.5,64.6,NaN,NaN,293,12,293,12,NaN,NaN,NaN,NaN,NaN,NaN,NaN,NaN,NaN,NaN,NT,NW,B,B,NaN,NaN,NaN,NaN,NaN,NaN,
1948102218,14a.1948,TC14A,TD,NN,11.9,63.8,NaN,NaN,294,10,294,10,NaN,NaN,NaN,NaN,NaN,NaN,NaN,NaN,NaN,NaN,NT,NW,B,B,NaN,NaN,NaN,NaN,NaN,NaN,
1948102300,14a.1948,TC14A,TD,NN,12.4,63.0,NaN,NaN,300,9,300,9,NaN,NaN,NaN,NaN,NaN,NaN,NaN,NaN,NaN,NaN,NT,NW,B,B,NaN,NaN,NaN,NaN,NaN,NaN,
1948102306,14a.1948,TC14A,TD,NN,12.9,62.2,NaN,NaN,303,9,303,9,NaN,NaN,NaN,NaN,NaN,NaN,NaN,NaN,NaN,NaN,NT,NW,B,B,NaN,NaN,NaN,NaN,NaN,NaN,
1948102312,14a.1948,TC14A,TD,NN,13.4,61.3,NaN,NaN,301,10,301,10,NaN,NaN,NaN,NaN,NaN,NaN,NaN,NaN,NaN,NaN,NT,NW,B,B,NaN,NaN,NaN,NaN,NaN,NaN,
1948102318,14a.1948,TC14A,TD,NN,13.9,60.5,NaN,NaN,301,10,301,10,NaN,NaN,NaN,NaN,NaN,NaN,NaN,NaN,NaN,NaN,NT,NW,B,B,NaN,NaN,NaN,NaN,NaN,NaN,
1948102400,14a.1948,TC14A,TD,NN,14.4,59.7,NaN,NaN,303,9,303,9,NaN,NaN,NaN,NaN,NaN,NaN,NaN,NaN,NaN,NaN,NT,NW,B,B,NaN,NaN,NaN,NaN,NaN,NaN,
1948102406,14a.1948,TC14A,TD,NN,14.9,58.8,NaN,NaN,301,10,301,10,NaN,NaN,NaN,NaN,NaN,NaN,NaN,NaN,NaN,NaN,NT,NW,B,B,NaN,NaN,NaN,NaN,NaN,NaN,
1948102412,14a.1948,TC14A,TD,NN,15.5,57.8,NaN,NaN,301,11,301,11,NaN,NaN,NaN,NaN,NaN,NaN,NaN,NaN,NaN,NaN,NT,NW,B,B,NaN,NaN,NaN,NaN,NaN,NaN,
1948102418,14a.1948,TC14A,TD,NN,16.1,56.9,NaN,NaN,303,11,303,11,NaN,NaN,NaN,NaN,NaN,NaN,NaN,NaN,NaN,NaN,NT,NW,B,B,NaN,NaN,NaN,NaN,NaN,NaN,
1948102500,14a.1948,TC14A,TD,NN,16.7,56.2,NaN,NaN,308,10,308,10,NaN,NaN,NaN,NaN,NaN,NaN,NaN,NaN,NaN,NaN,NT,NW,B,B,NaN,NaN,NaN,NaN,NaN,NaN,
1948102506,14a.1948,TC14A,TD,NN,18.0,55.4,NaN,NaN,323,12,323,12,NaN,NaN,NaN,NaN,NaN,NaN,NaN,NaN,NaN,NaN,NT,NW,B,B,NaN,NaN,0.70,NaN,NaN,NaN,
1948102512,14a.1948,TC14A,TD,NN,19.7,54.6,NaN,NaN,333,17,333,17,NaN,NaN,NaN,NaN,NaN,NaN,NaN,NaN,NaN,NaN,NT,NW,B,B,NaN,NaN,1.00,NaN,NaN,NaN,
1948102518,14a.1948,TC14A,TD,NN,21.4,54.0,NaN,NaN,339,18,339,18,NaN,NaN,NaN,NaN,NaN,NaN,NaN,NaN,NaN,NaN,NT,NW,B,B,NaN,NaN,1.00,NaN,NaN,NaN,
1948102600,14a.1948,TC14A,TD,NN,23.1,54.1,NaN,NaN,352,17,352,17,NaN,NaN,NaN,NaN,NaN,NaN,NaN,NaN,NaN,NaN,NT,NW,B,B,NaN,NaN,1.00,NaN,NaN,NaN,
1948100518,16b.1948,TC16B,TD,NN,15.7,95.2,NaN,NaN,309,11,309,11,NaN,NaN,NaN,NaN,NaN,NaN,NaN,NaN,NaN,NaN,NT,NW,B,B,NaN,NaN,0.17,NaN,NaN,NaN,
1948100600,16b.1948,TC16B,TD,NN,16.7,93.9,NaN,NaN,309,11,309,11,NaN,NaN,NaN,NaN,NaN,NaN,NaN,NaN,NaN,NaN,NT,NW,B,B,NaN,NaN,0.22,NaN,NaN,NaN,
1948100606,16b.1948,TC16B,TD,NN,17.1,93.4,NaN,NaN,309,11,309,11,NaN,NaN,NaN,NaN,NaN,NaN,NaN,NaN,NaN,NaN,NT,NW,B,B,NaN,NaN,NaN,NaN,NaN,NaN,
1948100612,16b.1948,TC16B,TD,NN,17.4,93.1,NaN,NaN,312,5,312,5,NaN,NaN,NaN,NaN,NaN,NaN,NaN,NaN,NaN,NaN,NT,NW,B,B,NaN,NaN,NaN,NaN,NaN,NaN,
1948100618,16b.1948,TC16B,TD,NN,17.6,92.9,NaN,NaN,316,3,316,3,NaN,NaN,NaN,NaN,NaN,NaN,NaN,NaN,NaN,NaN,NT,NW,B,B,NaN,NaN,NaN,NaN,NaN,NaN,
1948100700,16b.1948,TC16B,TD,NN,17.8,92.6,NaN,NaN,310,3,310,3,NaN,NaN,NaN,NaN,NaN,NaN,NaN,NaN,NaN,NaN,NT,NW,B,B,NaN,NaN,NaN,NaN,NaN,NaN,
1948100706,16b.1948,TC16B,TD,NN,18.2,92.4,NaN,NaN,322,4,322,4,NaN,NaN,NaN,NaN,NaN,NaN,NaN,NaN,NaN,NaN,NT,NW,B,B,NaN,NaN,NaN,NaN,NaN,NaN,
1948100712,16b.1948,TC16B,TD,NN,18.7,92.3,NaN,NaN,342,5,342,5,NaN,NaN,NaN,NaN,NaN,NaN,NaN,NaN,NaN,NaN,NT,NW,B,B,NaN,NaN,NaN,NaN,NaN,NaN,
1948100718,16b.1948,TC16B,TD,NN,19.2,92.3,NaN,NaN,355,5,355,5,NaN,NaN,NaN,NaN,NaN,NaN,NaN,NaN,NaN,NaN,NT,NW,B,B,NaN,NaN,NaN,NaN,NaN,NaN,
1948100800,16b.1948,TC16B,TD,NN,19.7,92.5,NaN,NaN,11,5,11,5,NaN,NaN,NaN,NaN,NaN,NaN,NaN,NaN,NaN,NaN,NT,NW,B,B,NaN,NaN,NaN,NaN,NaN,NaN,
1948100118,17b.1948,TC17B,TD,NN,20.0,90.3,NaN,NaN,330,5,330,5,NaN,NaN,NaN,NaN,NaN,NaN,NaN,NaN,NaN,NaN,NT,NW,B,B,NaN,NaN,NaN,NaN,NaN,NaN,
1948100200,17b.1948,TC17B,TD,NN,20.1,90.2,NaN,NaN,330,5,330,5,NaN,NaN,NaN,NaN,NaN,NaN,NaN,NaN,NaN,NaN,NT,NW,B,B,NaN,NaN,NaN,NaN,NaN,NaN,
1948100206,17b.1948,TC17B,TD,NN,20.8,89.8,NaN,NaN,330,5,330,5,NaN,NaN,NaN,NaN,NaN,NaN,NaN,NaN,NaN,NaN,NT,NW,B,B,NaN,NaN,NaN,NaN,NaN,NaN,
1948100212,17b.1948,TC17B,TD,NN,21.6,89.4,NaN,NaN,334,8,334,8,NaN,NaN,NaN,NaN,NaN,NaN,NaN,NaN,NaN,NaN,NT,NW,B,B,NaN,NaN,0.15,NaN,NaN,NaN,
1948100218,17b.1948,TC17B,TD,NN,22.4,88.8,NaN,NaN,330,9,330,9,NaN,NaN,NaN,NaN,NaN,NaN,NaN,NaN,NaN,NaN,NT,NW,B,B,NaN,NaN,0.89,NaN,NaN,NaN,
1948100300,17b.1948,TC17B,TD,NN,23.1,88.3,NaN,NaN,326,9,326,9,NaN,NaN,NaN,NaN,NaN,NaN,NaN,NaN,NaN,NaN,NT,NW,B,B,NaN,NaN,0.96,NaN,NaN,NaN,
1948111718,18a.1948,TC18A,TD,NN,10.4,70.7,NaN,NaN,313,7,313,7,NaN,NaN,NaN,NaN,NaN,NaN,NaN,NaN,NaN,NaN,NT,NW,B,B,NaN,NaN,NaN,NaN,NaN,NaN,
1948111800,18a.1948,TC18A,TD,NN,10.5,70.6,NaN,NaN,313,7,313,7,NaN,NaN,NaN,NaN,NaN,NaN,NaN,NaN,NaN,NaN,NT,NW,B,B,NaN,NaN,NaN,NaN,NaN,NaN,
1948111806,18a.1948,TC18A,TD,NN,11.3,69.7,NaN,NaN,313,7,313,7,NaN,NaN,NaN,NaN,NaN,NaN,NaN,NaN,NaN,NaN,NT,NW,B,B,NaN,NaN,NaN,NaN,NaN,NaN,
1948111812,18a.1948,TC18A,TD,NN,12.4,68.5,NaN,NaN,313,14,313,14,NaN,NaN,NaN,NaN,NaN,NaN,NaN,NaN,NaN,NaN,NT,NW,B,B,NaN,NaN,NaN,NaN,NaN,NaN,
1948111818,18a.1948,TC18A,TD,NN,13.7,67.5,NaN,NaN,318,16,318,16,NaN,NaN,NaN,NaN,NaN,NaN,NaN,NaN,NaN,NaN,NT,NW,B,B,NaN,NaN,NaN,NaN,NaN,NaN,
1948111900,18a.1948,TC18A,TD,NN,15.3,66.4,NaN,NaN,325,18,325,18,NaN,NaN,NaN,NaN,NaN,NaN,NaN,NaN,NaN,NaN,NT,NW,B,B,NaN,NaN,NaN,NaN,NaN,NaN,
1948111906,18a.1948,TC18A,TD,NN,16.1,66.0,NaN,NaN,329,14,329,14,NaN,NaN,NaN,NaN,NaN,NaN,NaN,NaN,NaN,NaN,NT,NW,B,B,NaN,NaN,NaN,NaN,NaN,NaN,
1948111912,18a.1948,TC18A,TD,NN,16.6,66.1,NaN,NaN,347,7,347,7,NaN,NaN,NaN,NaN,NaN,NaN,NaN,NaN,NaN,NaN,NT,NW,B,B,NaN,NaN,NaN,NaN,NaN,NaN,
1948111918,18a.1948,TC18A,TD,NN,17.2,66.3,NaN,NaN,15,6,15,6,NaN,NaN,NaN,NaN,NaN,NaN,NaN,NaN,NaN,NaN,NT,NW,B,B,NaN,NaN,NaN,NaN,NaN,NaN,
1948112000,18a.1948,TC18A,TD,NN,17.7,66.5,NaN,NaN,19,6,19,6,NaN,NaN,NaN,NaN,NaN,NaN,NaN,NaN,NaN,NaN,NT,NW,B,B,NaN,NaN,NaN,NaN,NaN,NaN,
1948112006,18a.1948,TC18A,TD,NN,18.1,66.8,NaN,NaN,28,5,28,5,NaN,NaN,NaN,NaN,NaN,NaN,NaN,NaN,NaN,NaN,NT,NW,B,B,NaN,NaN,NaN,NaN,NaN,NaN,
1948112012,18a.1948,TC18A,TD,NN,18.5,67.4,NaN,NaN,47,6,47,6,NaN,NaN,NaN,NaN,NaN,NaN,NaN,NaN,NaN,NaN,NT,NW,B,B,NaN,NaN,NaN,NaN,NaN,NaN,
1948112018,18a.1948,TC18A,TD,NN,18.9,68.2,NaN,NaN,59,8,59,8,NaN,NaN,NaN,NaN,NaN,NaN,NaN,NaN,NaN,NaN,NT,NW,B,B,NaN,NaN,NaN,NaN,NaN,NaN,
1948112100,18a.1948,TC18A,TD,NN,19.1,69.1,NaN,NaN,70,9,70,9,NaN,NaN,NaN,NaN,NaN,NaN,NaN,NaN,NaN,NaN,NT,NW,B,B,NaN,NaN,NaN,NaN,NaN,NaN,
1948112106,18a.1948,TC18A,TD,NN,19.3,69.9,NaN,NaN,76,8,76,8,NaN,NaN,NaN,NaN,NaN,NaN,NaN,NaN,NaN,NaN,NT,NW,B,B,NaN,NaN,NaN,NaN,NaN,NaN,
1948112112,18a.1948,TC18A,TD,NN,19.4,70.8,NaN,NaN,79,8,79,8,NaN,NaN,NaN,NaN,NaN,NaN,NaN,NaN,NaN,NaN,NT,NW,B,B,NaN,NaN,NaN,NaN,NaN,NaN,
1948112118,18a.1948,TC18A,TD,NN,19.4,71.6,NaN,NaN,86,8,86,8,NaN,NaN,NaN,NaN,NaN,NaN,NaN,NaN,NaN,NaN,NT,NW,B,B,NaN,NaN,NaN,NaN,NaN,NaN,
1948112200,18a.1948,TC18A,TD,NN,19.5,72.2,NaN,NaN,86,7,86,7,NaN,NaN,NaN,NaN,NaN,NaN,NaN,NaN,NaN,NaN,NT,NW,B,B,NaN,NaN,NaN,NaN,NaN,NaN,
1948112206,18a.1948,TC18A,TD,NN,19.5,72.8,NaN,NaN,85,6,85,6,NaN,NaN,NaN,NaN,NaN,NaN,NaN,NaN,NaN,NaN,NT,NW,B,B,NaN,NaN,0.72,NaN,NaN,NaN,
1948112212,18a.1948,TC18A,TD,NN,19.6,73.5,NaN,NaN,85,6,85,6,NaN,NaN,NaN,NaN,NaN,NaN,NaN,NaN,NaN,NaN,NT,NW,B,B,NaN,NaN,0.97,NaN,NaN,NaN,
1948112218,18a.1948,TC18A,TD,NN,19.7,74.2,NaN,NaN,81,7,81,7,NaN,NaN,NaN,NaN,NaN,NaN,NaN,NaN,NaN,NaN,NT,NW,B,B,NaN,NaN,0.98,NaN,NaN,NaN,
1948112300,18a.1948,TC18A,TD,NN,19.8,74.9,NaN,NaN,81,7,81,7,NaN,NaN,NaN,NaN,NaN,NaN,NaN,NaN,NaN,NaN,NT,NW,B,B,NaN,NaN,0.99,NaN,NaN,NaN,
1947122800,01s.1948,TC01S,TD,NN,-15.2,120.0,NaN,NaN,194,8,194,8,NaN,NaN,NaN,NaN,NaN,NaN,NaN,NaN,NaN,NaN,NT,NW,B,B,NaN,NaN,NaN,NaN,NaN,NaN,
1947122806,01s.1948,TC01S,TD,NN,-16.0,119.8,NaN,NaN,194,8,194,8,NaN,NaN,NaN,NaN,NaN,NaN,NaN,NaN,NaN,NaN,NT,NW,B,B,NaN,NaN,NaN,NaN,NaN,NaN,
1947122812,01s.1948,TC01S,TD,NN,-16.7,119.6,NaN,NaN,194,8,194,8,NaN,NaN,NaN,NaN,NaN,NaN,NaN,NaN,NaN,NaN,NT,NW,B,B,NaN,NaN,NaN,NaN,NaN,NaN,
1947122818,01s.1948,TC01S,TD,NN,-17.6,119.2,NaN,NaN,200,8,200,8,NaN,NaN,NaN,NaN,NaN,NaN,NaN,NaN,NaN,NaN,NT,NW,B,B,NaN,NaN,NaN,NaN,NaN,NaN,
1947122900,01s.1948,TC01S,TD,NN,-18.3,118.9,NaN,NaN,203,9,203,9,NaN,NaN,NaN,NaN,NaN,NaN,NaN,NaN,NaN,NaN,NT,NW,B,B,NaN,NaN,NaN,NaN,NaN,NaN,
1947122906,01s.1948,TC01S,TD,NN,-19.0,118.7,NaN,NaN,199,7,199,7,NaN,NaN,NaN,NaN,NaN,NaN,NaN,NaN,NaN,NaN,NT,NW,B,B,NaN,NaN,NaN,NaN,NaN,NaN,
1947122912,01s.1948,TC01S,TD,NN,-19.7,118.7,NaN,NaN,188,7,188,7,NaN,NaN,NaN,NaN,NaN,NaN,NaN,NaN,NaN,NaN,NT,NW,B,B,NaN,NaN,NaN,NaN,NaN,NaN,
1947122918,01s.1948,TC01S,TD,NN,-20.4,118.7,NaN,NaN,180,7,180,7,NaN,NaN,NaN,NaN,NaN,NaN,NaN,NaN,NaN,NaN,NT,NW,B,B,NaN,NaN,0.69,NaN,NaN,NaN,
1947123000,01s.1948,TC01S,TD,NN,-21.1,119.0,NaN,NaN,169,7,169,7,NaN,NaN,NaN,NaN,NaN,NaN,NaN,NaN,NaN,NaN,NT,NW,B,B,NaN,NaN,1.00,NaN,NaN,NaN,
1947123006,01s.1948,TC01S,TD,NN,-21.7,119.5,NaN,NaN,150,7,150,7,NaN,NaN,NaN,NaN,NaN,NaN,NaN,NaN,NaN,NaN,NT,NW,B,B,NaN,NaN,1.00,NaN,NaN,NaN,
1947123012,01s.1948,TC01S,TD,NN,-22.2,120.2,NaN,NaN,135,8,135,8,NaN,NaN,NaN,NaN,NaN,NaN,NaN,NaN,NaN,NaN,NT,NW,B,B,NaN,NaN,1.00,NaN,NaN,NaN,
1947123018,01s.1948,TC01S,TD,NN,-22.4,121.1,NaN,NaN,115,8,115,8,NaN,NaN,NaN,NaN,NaN,NaN,NaN,NaN,NaN,NaN,NT,NW,B,B,NaN,NaN,1.00,NaN,NaN,NaN,
1948010700,02s.1948,TC02S,TD,NN,-11.4,144.0,NaN,NaN,147,13,147,13,NaN,NaN,NaN,NaN,NaN,NaN,NaN,NaN,NaN,NaN,NT,NW,B,B,NaN,NaN,NaN,NaN,NaN,NaN,
1948010706,02s.1948,TC02S,TD,NN,-12.4,144.7,NaN,NaN,147,13,147,13,NaN,NaN,NaN,NaN,NaN,NaN,NaN,NaN,NaN,NaN,NT,NW,B,B,NaN,NaN,NaN,NaN,NaN,NaN,
1948010712,02s.1948,TC02S,TD,NN,-13.5,145.4,NaN,NaN,147,13,147,13,NaN,NaN,NaN,NaN,NaN,NaN,NaN,NaN,NaN,NaN,NT,NW,B,B,NaN,NaN,NaN,NaN,NaN,NaN,
1948010718,02s.1948,TC02S,TD,NN,-14.5,146.2,NaN,NaN,145,13,145,13,NaN,NaN,NaN,NaN,NaN,NaN,NaN,NaN,NaN,NaN,NT,NW,B,B,NaN,NaN,NaN,NaN,NaN,NaN,
1948011012,03s.1948,TC03S,TD,NN,-20.0,157.4,NaN,NaN,90,4,90,4,NaN,NaN,NaN,NaN,NaN,NaN,NaN,NaN,NaN,NaN,NT,NW,B,B,NaN,NaN,NaN,NaN,NaN,NaN,
1948011018,03s.1948,TC03S,TD,NN,-20.0,157.9,NaN,NaN,90,4,90,4,NaN,NaN,NaN,NaN,NaN,NaN,NaN,NaN,NaN,NaN,NT,NW,B,B,NaN,NaN,NaN,NaN,NaN,NaN,
1948011100,03s.1948,TC03S,TD,NN,-20.0,158.2,NaN,NaN,90,4,90,4,NaN,NaN,NaN,NaN,NaN,NaN,NaN,NaN,NaN,NaN,NT,NW,B,B,NaN,NaN,NaN,NaN,NaN,NaN,
1948011106,03s.1948,TC03S,TD,NN,-19.9,158.4,NaN,NaN,78,2,78,2,NaN,NaN,NaN,NaN,NaN,NaN,NaN,NaN,NaN,NaN,NT,NW,B,B,NaN,NaN,NaN,NaN,NaN,NaN,
1948011112,03s.1948,TC03S,TD,NN,-19.8,158.7,NaN,NaN,67,3,67,3,NaN,NaN,NaN,NaN,NaN,NaN,NaN,NaN,NaN,NaN,NT,NW,B,B,NaN,NaN,NaN,NaN,NaN,NaN,
1948011118,03s.1948,TC03S,TD,NN,-19.8,158.9,NaN,NaN,78,2,78,2,NaN,NaN,NaN,NaN,NaN,NaN,NaN,NaN,NaN,NaN,NT,NW,B,B,NaN,NaN,NaN,NaN,NaN,NaN,
1948011200,03s.1948,TC03S,TD,NN,-19.7,159.2,NaN,NaN,78,2,78,2,NaN,NaN,NaN,NaN,NaN,NaN,NaN,NaN,NaN,NaN,NT,NW,B,B,NaN,NaN,NaN,NaN,NaN,NaN,
1948011206,03s.1948,TC03S,TD,NN,-19.6,159.4,NaN,NaN,67,3,67,3,NaN,NaN,NaN,NaN,NaN,NaN,NaN,NaN,NaN,NaN,NT,NW,B,B,NaN,NaN,0.01,NaN,NaN,NaN,
1948011212,03s.1948,TC03S,TD,NN,-19.5,159.5,NaN,NaN,55,2,55,2,NaN,NaN,NaN,NaN,NaN,NaN,NaN,NaN,NaN,NaN,NT,NW,B,B,NaN,NaN,0.01,NaN,NaN,NaN,
1948011218,03s.1948,TC03S,TD,NN,-19.4,159.7,NaN,NaN,55,2,55,2,NaN,NaN,NaN,NaN,NaN,NaN,NaN,NaN,NaN,NaN,NT,NW,B,B,NaN,NaN,0.01,NaN,NaN,NaN,
1948011300,03s.1948,TC03S,TD,NN,-19.3,160.0,NaN,NaN,67,3,67,3,NaN,NaN,NaN,NaN,NaN,NaN,NaN,NaN,NaN,NaN,NT,NW,B,B,NaN,NaN,0.01,NaN,NaN,NaN,
1948011306,03s.1948,TC03S,TD,NN,-18.8,160.6,NaN,NaN,55,5,55,5,NaN,NaN,NaN,NaN,NaN,NaN,NaN,NaN,NaN,NaN,NT,NW,B,B,NaN,NaN,NaN,NaN,NaN,NaN,
1948011312,03s.1948,TC03S,TD,NN,-18.0,161.5,NaN,NaN,48,10,48,10,NaN,NaN,NaN,NaN,NaN,NaN,NaN,NaN,NaN,NaN,NT,NW,B,B,NaN,NaN,NaN,NaN,NaN,NaN,
1948011318,03s.1948,TC03S,TD,NN,-17.5,162.4,NaN,NaN,53,11,53,11,NaN,NaN,NaN,NaN,NaN,NaN,NaN,NaN,NaN,NaN,NT,NW,B,B,NaN,NaN,NaN,NaN,NaN,NaN,
1948011400,03s.1948,TC03S,TD,NN,-17.4,163.4,NaN,NaN,72,10,72,10,NaN,NaN,NaN,NaN,NaN,NaN,NaN,NaN,NaN,NaN,NT,NW,B,B,NaN,NaN,NaN,NaN,NaN,NaN,
1948011406,03s.1948,TC03S,TD,NN,-18.1,164.5,NaN,NaN,107,10,107,10,NaN,NaN,NaN,NaN,NaN,NaN,NaN,NaN,NaN,NaN,NT,NW,B,B,NaN,NaN,NaN,NaN,NaN,NaN,
1948011412,03s.1948,TC03S,TD,NN,-19.0,165.6,NaN,NaN,127,13,127,13,NaN,NaN,NaN,NaN,NaN,NaN,NaN,NaN,NaN,NaN,NT,NW,B,B,NaN,NaN,NaN,NaN,NaN,NaN,
1948011418,03s.1948,TC03S,TD,NN,-20.0,166.6,NaN,NaN,134,14,134,14,NaN,NaN,NaN,NaN,NaN,NaN,NaN,NaN,NaN,NaN,NT,NW,B,B,NaN,NaN,NaN,NaN,NaN,NaN,
1948011500,03s.1948,TC03S,TD,NN,-21.0,167.3,NaN,NaN,141,13,141,13,NaN,NaN,NaN,NaN,NaN,NaN,NaN,NaN,NaN,NaN,NT,NW,B,B,NaN,NaN,0.12,NaN,NaN,NaN,
1948011506,03s.1948,TC03S,TD,NN,-21.8,167.9,NaN,NaN,146,11,146,11,NaN,NaN,NaN,NaN,NaN,NaN,NaN,NaN,NaN,NaN,NT,NW,B,B,NaN,NaN,0.04,NaN,NaN,NaN,
1948011512,03s.1948,TC03S,TD,NN,-22.5,168.4,NaN,NaN,146,9,146,9,NaN,NaN,NaN,NaN,NaN,NaN,NaN,NaN,NaN,NaN,NT,NW,B,B,NaN,NaN,NaN,NaN,NaN,NaN,
1948011518,03s.1948,TC03S,TD,NN,-23.2,169.0,NaN,NaN,144,9,144,9,NaN,NaN,NaN,NaN,NaN,NaN,NaN,NaN,NaN,NaN,NT,NW,B,B,NaN,NaN,NaN,NaN,NaN,NaN,
1948011600,03s.1948,TC03S,TD,NN,-23.9,169.6,NaN,NaN,142,9,142,9,NaN,NaN,NaN,NaN,NaN,NaN,NaN,NaN,NaN,NaN,NT,NW,B,B,NaN,NaN,NaN,NaN,NaN,NaN,
1948011100,04s.1948,TC04S,TD,NN,-16.0,139.8,NaN,NaN,243,2,243,2,NaN,NaN,NaN,NaN,NaN,NaN,NaN,NaN,NaN,NaN,NT,NW,B,B,NaN,NaN,0.02,NaN,NaN,NaN,
1948011106,04s.1948,TC04S,TD,NN,-16.1,139.6,NaN,NaN,243,2,243,2,NaN,NaN,NaN,NaN,NaN,NaN,NaN,NaN,NaN,NaN,NT,NW,B,B,NaN,NaN,0.03,NaN,NaN,NaN,
1948011112,04s.1948,TC04S,TD,NN,-16.2,139.4,NaN,NaN,243,2,243,2,NaN,NaN,NaN,NaN,NaN,NaN,NaN,NaN,NaN,NaN,NT,NW,B,B,NaN,NaN,0.03,NaN,NaN,NaN,
1948011118,04s.1948,TC04S,TD,NN,-16.4,139.2,NaN,NaN,232,2,232,2,NaN,NaN,NaN,NaN,NaN,NaN,NaN,NaN,NaN,NaN,NT,NW,B,B,NaN,NaN,0.16,NaN,NaN,NaN,
1948011200,04s.1948,TC04S,TD,NN,-16.6,139.2,NaN,NaN,206,2,206,2,NaN,NaN,NaN,NaN,NaN,NaN,NaN,NaN,NaN,NaN,NT,NW,B,B,NaN,NaN,0.16,NaN,NaN,NaN,
1948011206,04s.1948,TC04S,TD,NN,-17.0,139.7,NaN,NaN,141,4,141,4,NaN,NaN,NaN,NaN,NaN,NaN,NaN,NaN,NaN,NaN,NT,NW,B,B,NaN,NaN,0.21,NaN,NaN,NaN,
1948011212,04s.1948,TC04S,TD,NN,-17.2,140.3,NaN,NaN,120,6,120,6,NaN,NaN,NaN,NaN,NaN,NaN,NaN,NaN,NaN,NaN,NT,NW,B,B,NaN,NaN,0.04,NaN,NaN,NaN,
1948011218,04s.1948,TC04S,TD,NN,-17.5,140.7,NaN,NaN,118,5,118,5,NaN,NaN,NaN,NaN,NaN,NaN,NaN,NaN,NaN,NaN,NT,NW,B,B,NaN,NaN,0.39,NaN,NaN,NaN,
1948011300,04s.1948,TC04S,TD,NN,-17.6,141.0,NaN,NaN,121,4,121,4,NaN,NaN,NaN,NaN,NaN,NaN,NaN,NaN,NaN,NaN,NT,NW,B,B,NaN,NaN,0.75,NaN,NaN,NaN,
1948011306,04s.1948,TC04S,TD,NN,-17.7,141.3,NaN,NaN,109,3,109,3,NaN,NaN,NaN,NaN,NaN,NaN,NaN,NaN,NaN,NaN,NT,NW,B,B,NaN,NaN,1.00,NaN,NaN,NaN,
1948011312,04s.1948,TC04S,TD,NN,-17.8,141.5,NaN,NaN,113,3,113,3,NaN,NaN,NaN,NaN,NaN,NaN,NaN,NaN,NaN,NaN,NT,NW,B,B,NaN,NaN,1.00,NaN,NaN,NaN,
1948011318,04s.1948,TC04S,TD,NN,-17.9,141.8,NaN,NaN,113,3,113,3,NaN,NaN,NaN,NaN,NaN,NaN,NaN,NaN,NaN,NaN,NT,NW,B,B,NaN,NaN,1.00,NaN,NaN,NaN,
1948011400,04s.1948,TC04S,TD,NN,-18.0,142.1,NaN,NaN,109,3,109,3,NaN,NaN,NaN,NaN,NaN,NaN,NaN,NaN,NaN,NaN,NT,NW,B,B,NaN,NaN,1.00,NaN,NaN,NaN,
1948011406,04s.1948,TC04S,TD,NN,-18.2,143.6,NaN,NaN,100,9,100,9,NaN,NaN,NaN,NaN,NaN,NaN,NaN,NaN,NaN,NaN,NT,NW,B,B,NaN,NaN,1.00,NaN,NaN,NaN,
1948011412,04s.1948,TC04S,TD,NN,-18.3,145.5,NaN,NaN,95,16,95,16,NaN,NaN,NaN,NaN,NaN,NaN,NaN,NaN,NaN,NaN,NT,NW,B,B,NaN,NaN,0.99,NaN,NaN,NaN,
1948011418,04s.1948,TC04S,TD,NN,-18.2,147.2,NaN,NaN,90,17,90,17,NaN,NaN,NaN,NaN,NaN,NaN,NaN,NaN,NaN,NaN,NT,NW,B,B,NaN,NaN,NaN,NaN,NaN,NaN,
1948011500,04s.1948,TC04S,TD,NN,-18.3,148.9,NaN,NaN,90,16,90,16,NaN,NaN,NaN,NaN,NaN,NaN,NaN,NaN,NaN,NaN,NT,NW,B,B,NaN,NaN,NaN,NaN,NaN,NaN,
1948011506,04s.1948,TC04S,TD,NN,-18.8,150.4,NaN,NaN,101,15,101,15,NaN,NaN,NaN,NaN,NaN,NaN,NaN,NaN,NaN,NaN,NT,NW,B,B,NaN,NaN,NaN,NaN,NaN,NaN,
1948011512,04s.1948,TC04S,TD,NN,-19.5,151.7,NaN,NaN,114,15,114,15,NaN,NaN,NaN,NaN,NaN,NaN,NaN,NaN,NaN,NaN,NT,NW,B,B,NaN,NaN,NaN,NaN,NaN,NaN,
1948011518,04s.1948,TC04S,TD,NN,-20.3,152.8,NaN,NaN,124,14,124,14,NaN,NaN,NaN,NaN,NaN,NaN,NaN,NaN,NaN,NaN,NT,NW,B,B,NaN,NaN,NaN,NaN,NaN,NaN,
1948011600,04s.1948,TC04S,TD,NN,-21.1,154.0,NaN,NaN,127,13,127,13,NaN,NaN,NaN,NaN,NaN,NaN,NaN,NaN,NaN,NaN,NT,NW,B,B,NaN,NaN,NaN,NaN,NaN,NaN,
1948011606,04s.1948,TC04S,TD,NN,-21.9,155.6,NaN,NaN,121,15,121,15,NaN,NaN,NaN,NaN,NaN,NaN,NaN,NaN,NaN,NaN,NT,NW,B,B,NaN,NaN,NaN,NaN,NaN,NaN,
1948011612,04s.1948,TC04S,TD,NN,-22.7,157.3,NaN,NaN,118,17,118,17,NaN,NaN,NaN,NaN,NaN,NaN,NaN,NaN,NaN,NaN,NT,NW,B,B,NaN,NaN,NaN,NaN,NaN,NaN,
1948011618,04s.1948,TC04S,TD,NN,-23.5,159.1,NaN,NaN,116,18,116,18,NaN,NaN,NaN,NaN,NaN,NaN,NaN,NaN,NaN,NaN,NT,NW,B,B,NaN,NaN,NaN,NaN,NaN,NaN,
1948011806,05s.1948,TC05S,TD,NN,-11.7,72.4,NaN,NaN,270,4,270,4,NaN,NaN,NaN,NaN,NaN,NaN,NaN,NaN,NaN,NaN,NT,NW,B,B,NaN,NaN,NaN,NaN,NaN,NaN,
1948011812,05s.1948,TC05S,TD,NN,-11.6,72.0,NaN,NaN,270,4,270,4,NaN,NaN,NaN,NaN,NaN,NaN,NaN,NaN,NaN,NaN,NT,NW,B,B,NaN,NaN,NaN,NaN,NaN,NaN,
1948011818,05s.1948,TC05S,TD,NN,-11.7,71.6,NaN,NaN,270,4,270,4,NaN,NaN,NaN,NaN,NaN,NaN,NaN,NaN,NaN,NaN,NT,NW,B,B,NaN,NaN,NaN,NaN,NaN,NaN,
1948011900,05s.1948,TC05S,TD,NN,-11.9,71.2,NaN,NaN,249,4,249,4,NaN,NaN,NaN,NaN,NaN,NaN,NaN,NaN,NaN,NaN,NT,NW,B,B,NaN,NaN,NaN,NaN,NaN,NaN,
1948011906,05s.1948,TC05S,TD,NN,-12.1,70.8,NaN,NaN,243,4,243,4,NaN,NaN,NaN,NaN,NaN,NaN,NaN,NaN,NaN,NaN,NT,NW,B,B,NaN,NaN,NaN,NaN,NaN,NaN,
1948011912,05s.1948,TC05S,TD,NN,-12.2,70.5,NaN,NaN,246,4,246,4,NaN,NaN,NaN,NaN,NaN,NaN,NaN,NaN,NaN,NaN,NT,NW,B,B,NaN,NaN,NaN,NaN,NaN,NaN,
1948011918,05s.1948,TC05S,TD,NN,-12.3,70.1,NaN,NaN,254,4,254,4,NaN,NaN,NaN,NaN,NaN,NaN,NaN,NaN,NaN,NaN,NT,NW,B,B,NaN,NaN,NaN,NaN,NaN,NaN,
1948012000,05s.1948,TC05S,TD,NN,-12.6,69.7,NaN,NaN,243,4,243,4,NaN,NaN,NaN,NaN,NaN,NaN,NaN,NaN,NaN,NaN,NT,NW,B,B,NaN,NaN,NaN,NaN,NaN,NaN,
1948012006,05s.1948,TC05S,TD,NN,-12.8,69.2,NaN,NaN,240,5,240,5,NaN,NaN,NaN,NaN,NaN,NaN,NaN,NaN,NaN,NaN,NT,NW,B,B,NaN,NaN,NaN,NaN,NaN,NaN,
1948012012,05s.1948,TC05S,TD,NN,-12.9,68.8,NaN,NaN,251,5,251,5,NaN,NaN,NaN,NaN,NaN,NaN,NaN,NaN,NaN,NaN,NT,NW,B,B,NaN,NaN,NaN,NaN,NaN,NaN,
1948012018,05s.1948,TC05S,TD,NN,-13.1,68.4,NaN,NaN,249,4,249,4,NaN,NaN,NaN,NaN,NaN,NaN,NaN,NaN,NaN,NaN,NT,NW,B,B,NaN,NaN,NaN,NaN,NaN,NaN,
1948012100,05s.1948,TC05S,TD,NN,-13.2,68.0,NaN,NaN,249,4,249,4,NaN,NaN,NaN,NaN,NaN,NaN,NaN,NaN,NaN,NaN,NT,NW,B,B,NaN,NaN,NaN,NaN,NaN,NaN,
1948012106,05s.1948,TC05S,TD,NN,-13.4,67.5,NaN,NaN,251,5,251,5,NaN,NaN,NaN,NaN,NaN,NaN,NaN,NaN,NaN,NaN,NT,NW,B,B,NaN,NaN,NaN,NaN,NaN,NaN,
1948012112,05s.1948,TC05S,TD,NN,-13.6,67.1,NaN,NaN,245,5,245,5,NaN,NaN,NaN,NaN,NaN,NaN,NaN,NaN,NaN,NaN,NT,NW,B,B,NaN,NaN,NaN,NaN,NaN,NaN,
1948012118,05s.1948,TC05S,TD,NN,-13.8,66.6,NaN,NaN,245,5,245,5,NaN,NaN,NaN,NaN,NaN,NaN,NaN,NaN,NaN,NaN,NT,NW,B,B,NaN,NaN,NaN,NaN,NaN,NaN,
1948012200,05s.1948,TC05S,TD,NN,-14.0,66.2,NaN,NaN,245,5,245,5,NaN,NaN,NaN,NaN,NaN,NaN,NaN,NaN,NaN,NaN,NT,NW,B,B,NaN,NaN,NaN,NaN,NaN,NaN,
1948012206,05s.1948,TC05S,TD,NN,-14.2,65.8,NaN,NaN,243,4,243,4,NaN,NaN,NaN,NaN,NaN,NaN,NaN,NaN,NaN,NaN,NT,NW,B,B,NaN,NaN,NaN,NaN,NaN,NaN,
1948012212,05s.1948,TC05S,TD,NN,-14.6,65.3,NaN,NaN,235,5,235,5,NaN,NaN,NaN,NaN,NaN,NaN,NaN,NaN,NaN,NaN,NT,NW,B,B,NaN,NaN,NaN,NaN,NaN,NaN,
1948012218,05s.1948,TC05S,TD,NN,-15.0,64.6,NaN,NaN,235,7,235,7,NaN,NaN,NaN,NaN,NaN,NaN,NaN,NaN,NaN,NaN,NT,NW,B,B,NaN,NaN,NaN,NaN,NaN,NaN,
1948012300,05s.1948,TC05S,TD,NN,-15.4,63.7,NaN,NaN,243,9,243,9,NaN,NaN,NaN,NaN,NaN,NaN,NaN,NaN,NaN,NaN,NT,NW,B,B,NaN,NaN,NaN,NaN,NaN,NaN,
1948012306,05s.1948,TC05S,TD,NN,-15.8,62.8,NaN,NaN,245,10,245,10,NaN,NaN,NaN,NaN,NaN,NaN,NaN,NaN,NaN,NaN,NT,NW,B,B,NaN,NaN,NaN,NaN,NaN,NaN,
1948012312,05s.1948,TC05S,TD,NN,-16.1,62.0,NaN,NaN,247,9,247,9,NaN,NaN,NaN,NaN,NaN,NaN,NaN,NaN,NaN,NaN,NT,NW,B,B,NaN,NaN,NaN,NaN,NaN,NaN,
1948012318,05s.1948,TC05S,TD,NN,-16.3,61.2,NaN,NaN,252,8,252,8,NaN,NaN,NaN,NaN,NaN,NaN,NaN,NaN,NaN,NaN,NT,NW,B,B,NaN,NaN,NaN,NaN,NaN,NaN,
1948012400,05s.1948,TC05S,TD,NN,-16.5,60.4,NaN,NaN,255,8,255,8,NaN,NaN,NaN,NaN,NaN,NaN,NaN,NaN,NaN,NaN,NT,NW,B,B,NaN,NaN,NaN,NaN,NaN,NaN,
1948012406,05s.1948,TC05S,TD,NN,-16.8,59.6,NaN,NaN,252,8,252,8,NaN,NaN,NaN,NaN,NaN,NaN,NaN,NaN,NaN,NaN,NT,NW,B,B,NaN,NaN,NaN,NaN,NaN,NaN,
1948012412,05s.1948,TC05S,TD,NN,-16.9,59.0,NaN,NaN,253,7,253,7,NaN,NaN,NaN,NaN,NaN,NaN,NaN,NaN,NaN,NaN,NT,NW,B,B,NaN,NaN,NaN,NaN,NaN,NaN,
1948012418,05s.1948,TC05S,TD,NN,-17.0,58.5,NaN,NaN,259,5,259,5,NaN,NaN,NaN,NaN,NaN,NaN,NaN,NaN,NaN,NaN,NT,NW,B,B,NaN,NaN,NaN,NaN,NaN,NaN,
1948012500,05s.1948,TC05S,TD,NN,-17.0,57.7,NaN,NaN,265,6,265,6,NaN,NaN,NaN,NaN,NaN,NaN,NaN,NaN,NaN,NaN,NT,NW,B,B,NaN,NaN,NaN,NaN,NaN,NaN,
1948012506,05s.1948,TC05S,TD,NN,-17.0,56.9,NaN,NaN,270,8,270,8,NaN,NaN,NaN,NaN,NaN,NaN,NaN,NaN,NaN,NaN,NT,NW,B,B,NaN,NaN,NaN,NaN,NaN,NaN,
1948012512,05s.1948,TC05S,TD,NN,-17.2,56.1,NaN,NaN,263,8,263,8,NaN,NaN,NaN,NaN,NaN,NaN,NaN,NaN,NaN,NaN,NT,NW,B,B,NaN,NaN,NaN,NaN,NaN,NaN,
1948012518,05s.1948,TC05S,TD,NN,-17.7,55.4,NaN,NaN,244,8,244,8,NaN,NaN,NaN,NaN,NaN,NaN,NaN,NaN,NaN,NaN,NT,NW,B,B,NaN,NaN,NaN,NaN,NaN,NaN,
1948012600,05s.1948,TC05S,TD,NN,-18.4,55.0,NaN,NaN,221,8,221,8,NaN,NaN,NaN,NaN,NaN,NaN,NaN,NaN,NaN,NaN,NT,NW,B,B,NaN,NaN,NaN,NaN,NaN,NaN,
1948012606,05s.1948,TC05S,TD,NN,-19.2,54.9,NaN,NaN,198,8,198,8,NaN,NaN,NaN,NaN,NaN,NaN,NaN,NaN,NaN,NaN,NT,NW,B,B,NaN,NaN,NaN,NaN,NaN,NaN,
1948012612,05s.1948,TC05S,TD,NN,-19.9,54.8,NaN,NaN,187,8,187,8,NaN,NaN,NaN,NaN,NaN,NaN,NaN,NaN,NaN,NaN,NT,NW,B,B,NaN,NaN,NaN,NaN,NaN,NaN,
1948012618,05s.1948,TC05S,TD,NN,-20.5,54.7,NaN,NaN,188,7,188,7,NaN,NaN,NaN,NaN,NaN,NaN,NaN,NaN,NaN,NaN,NT,NW,B,B,NaN,NaN,NaN,NaN,NaN,NaN,
1948012700,05s.1948,TC05S,TD,NN,-21.1,54.8,NaN,NaN,180,6,180,6,NaN,NaN,NaN,NaN,NaN,NaN,NaN,NaN,NaN,NaN,NT,NW,B,B,NaN,NaN,0.09,NaN,NaN,NaN,
1948012706,05s.1948,TC05S,TD,NN,-21.7,54.9,NaN,NaN,171,6,171,6,NaN,NaN,NaN,NaN,NaN,NaN,NaN,NaN,NaN,NaN,NT,NW,B,B,NaN,NaN,0.06,NaN,NaN,NaN,
1948012712,05s.1948,TC05S,TD,NN,-22.7,55.0,NaN,NaN,173,8,173,8,NaN,NaN,NaN,NaN,NaN,NaN,NaN,NaN,NaN,NaN,NT,NW,B,B,NaN,NaN,NaN,NaN,NaN,NaN,
1948012718,05s.1948,TC05S,TD,NN,-23.8,55.2,NaN,NaN,172,11,172,11,NaN,NaN,NaN,NaN,NaN,NaN,NaN,NaN,NaN,NaN,NT,NW,B,B,NaN,NaN,NaN,NaN,NaN,NaN,
1948012800,05s.1948,TC05S,TD,NN,-24.8,55.8,NaN,NaN,161,11,161,11,NaN,NaN,NaN,NaN,NaN,NaN,NaN,NaN,NaN,NaN,NT,NW,B,B,NaN,NaN,NaN,NaN,NaN,NaN,
1948012806,05s.1948,TC05S,TD,NN,-25.8,56.8,NaN,NaN,144,12,144,12,NaN,NaN,NaN,NaN,NaN,NaN,NaN,NaN,NaN,NaN,NT,NW,B,B,NaN,NaN,NaN,NaN,NaN,NaN,
1948012100,06s.1948,TC06S,TD,NN,-8.0,178.0,NaN,NaN,238,9,238,9,NaN,NaN,NaN,NaN,NaN,NaN,NaN,NaN,NaN,NaN,NT,NW,B,B,NaN,NaN,NaN,NaN,NaN,NaN,
1948012106,06s.1948,TC06S,TD,NN,-8.5,177.2,NaN,NaN,238,9,238,9,NaN,NaN,NaN,NaN,NaN,NaN,NaN,NaN,NaN,NaN,NT,NW,B,B,NaN,NaN,NaN,NaN,NaN,NaN,
1948012112,06s.1948,TC06S,TD,NN,-9.0,176.4,NaN,NaN,238,9,238,9,NaN,NaN,NaN,NaN,NaN,NaN,NaN,NaN,NaN,NaN,NT,NW,B,B,NaN,NaN,NaN,NaN,NaN,NaN,
1948012118,06s.1948,TC06S,TD,NN,-9.5,175.6,NaN,NaN,238,9,238,9,NaN,NaN,NaN,NaN,NaN,NaN,NaN,NaN,NaN,NaN,NT,NW,B,B,NaN,NaN,NaN,NaN,NaN,NaN,
1948012200,06s.1948,TC06S,TD,NN,-10.2,174.8,NaN,NaN,233,10,233,10,NaN,NaN,NaN,NaN,NaN,NaN,NaN,NaN,NaN,NaN,NT,NW,B,B,NaN,NaN,NaN,NaN,NaN,NaN,
1948012206,06s.1948,TC06S,TD,NN,-11.1,173.8,NaN,NaN,228,12,228,12,NaN,NaN,NaN,NaN,NaN,NaN,NaN,NaN,NaN,NaN,NT,NW,B,B,NaN,NaN,NaN,NaN,NaN,NaN,
1948012212,06s.1948,TC06S,TD,NN,-12.0,172.8,NaN,NaN,227,13,227,13,NaN,NaN,NaN,NaN,NaN,NaN,NaN,NaN,NaN,NaN,NT,NW,B,B,NaN,NaN,NaN,NaN,NaN,NaN,
1948012218,06s.1948,TC06S,TD,NN,-12.8,172.1,NaN,NaN,224,12,224,12,NaN,NaN,NaN,NaN,NaN,NaN,NaN,NaN,NaN,NaN,NT,NW,B,B,NaN,NaN,NaN,NaN,NaN,NaN,
1948012300,06s.1948,TC06S,TD,NN,-13.7,171.5,NaN,NaN,217,11,217,11,NaN,NaN,NaN,NaN,NaN,NaN,NaN,NaN,NaN,NaN,NT,NW,B,B,NaN,NaN,NaN,NaN,NaN,NaN,
1948012306,06s.1948,TC06S,TD,NN,-14.8,170.9,NaN,NaN,210,12,210,12,NaN,NaN,NaN,NaN,NaN,NaN,NaN,NaN,NaN,NaN,NT,NW,B,B,NaN,NaN,NaN,NaN,NaN,NaN,
1948012312,06s.1948,TC06S,TD,NN,-16.0,170.4,NaN,NaN,205,13,205,13,NaN,NaN,NaN,NaN,NaN,NaN,NaN,NaN,NaN,NaN,NT,NW,B,B,NaN,NaN,NaN,NaN,NaN,NaN,
1948012318,06s.1948,TC06S,TD,NN,-17.2,170.1,NaN,NaN,198,13,198,13,NaN,NaN,NaN,NaN,NaN,NaN,NaN,NaN,NaN,NaN,NT,NW,B,B,NaN,NaN,NaN,NaN,NaN,NaN,
1948012400,06s.1948,TC06S,TD,NN,-18.6,170.2,NaN,NaN,184,13,184,13,NaN,NaN,NaN,NaN,NaN,NaN,NaN,NaN,NaN,NaN,NT,NW,B,B,NaN,NaN,NaN,NaN,NaN,NaN,
1948012406,06s.1948,TC06S,TD,NN,-20.9,171.0,NaN,NaN,167,19,167,19,NaN,NaN,NaN,NaN,NaN,NaN,NaN,NaN,NaN,NaN,NT,NW,B,B,NaN,NaN,NaN,NaN,NaN,NaN,
1948012412,06s.1948,TC06S,TD,NN,-23.5,172.2,NaN,NaN,159,26,159,26,NaN,NaN,NaN,NaN,NaN,NaN,NaN,NaN,NaN,NaN,NT,NW,B,B,NaN,NaN,NaN,NaN,NaN,NaN,
1948012418,06s.1948,TC06S,TD,NN,-25.5,173.5,NaN,NaN,153,26,153,26,NaN,NaN,NaN,NaN,NaN,NaN,NaN,NaN,NaN,NaN,NT,NW,B,B,NaN,NaN,NaN,NaN,NaN,NaN,
1948012500,06s.1948,TC06S,TD,NN,-27.3,175.0,NaN,NaN,146,23,146,23,NaN,NaN,NaN,NaN,NaN,NaN,NaN,NaN,NaN,NaN,NT,NW,B,B,NaN,NaN,NaN,NaN,NaN,NaN,
1948012400,07s.1948,TC07S,TD,NN,-13.0,169.9,NaN,NaN,204,16,204,16,NaN,NaN,NaN,NaN,NaN,NaN,NaN,NaN,NaN,NaN,NT,NW,B,B,NaN,NaN,NaN,NaN,NaN,NaN,
1948012406,07s.1948,TC07S,TD,NN,-14.6,169.3,NaN,NaN,204,16,204,16,NaN,NaN,NaN,NaN,NaN,NaN,NaN,NaN,NaN,NaN,NT,NW,B,B,NaN,NaN,NaN,NaN,NaN,NaN,
1948012412,07s.1948,TC07S,TD,NN,-16.0,168.5,NaN,NaN,204,16,204,16,NaN,NaN,NaN,NaN,NaN,NaN,NaN,NaN,NaN,NaN,NT,NW,B,B,NaN,NaN,0.09,NaN,NaN,NaN,
1948012418,07s.1948,TC07S,TD,NN,-17.1,167.5,NaN,NaN,215,15,215,15,NaN,NaN,NaN,NaN,NaN,NaN,NaN,NaN,NaN,NaN,NT,NW,B,B,NaN,NaN,0.01,NaN,NaN,NaN,
1948012500,07s.1948,TC07S,TD,NN,-18.0,166.6,NaN,NaN,222,14,222,14,NaN,NaN,NaN,NaN,NaN,NaN,NaN,NaN,NaN,NaN,NT,NW,B,B,NaN,NaN,NaN,NaN,NaN,NaN,
1948012506,07s.1948,TC07S,TD,NN,-18.7,165.8,NaN,NaN,225,11,225,11,NaN,NaN,NaN,NaN,NaN,NaN,NaN,NaN,NaN,NaN,NT,NW,B,B,NaN,NaN,NaN,NaN,NaN,NaN,
1948012512,07s.1948,TC07S,TD,NN,-19.3,165.2,NaN,NaN,226,9,226,9,NaN,NaN,NaN,NaN,NaN,NaN,NaN,NaN,NaN,NaN,NT,NW,B,B,NaN,NaN,NaN,NaN,NaN,NaN,
1948012518,07s.1948,TC07S,TD,NN,-19.8,164.7,NaN,NaN,223,8,223,8,NaN,NaN,NaN,NaN,NaN,NaN,NaN,NaN,NaN,NaN,NT,NW,B,B,NaN,NaN,0.11,NaN,NaN,NaN,
1948012600,07s.1948,TC07S,TD,NN,-20.3,164.2,NaN,NaN,223,7,223,7,NaN,NaN,NaN,NaN,NaN,NaN,NaN,NaN,NaN,NaN,NT,NW,B,B,NaN,NaN,0.15,NaN,NaN,NaN,
1948013100,08s.1948,TC08S,TD,NN,-12.3,180.3,NaN,NaN,246,4,246,4,NaN,NaN,NaN,NaN,NaN,NaN,NaN,NaN,NaN,NaN,NT,NW,B,B,NaN,NaN,NaN,NaN,NaN,NaN,
1948013106,08s.1948,TC08S,TD,NN,-12.4,180.0,NaN,NaN,246,4,246,4,NaN,NaN,NaN,NaN,NaN,NaN,NaN,NaN,NaN,NaN,NT,NW,B,B,NaN,NaN,NaN,NaN,NaN,NaN,
1948013112,08s.1948,TC08S,TD,NN,-12.6,179.6,NaN,NaN,246,4,246,4,NaN,NaN,NaN,NaN,NaN,NaN,NaN,NaN,NaN,NaN,NT,NW,B,B,NaN,NaN,NaN,NaN,NaN,NaN,
1948020100,09s.1948,TC09S,TD,NN,-13.0,178.9,NaN,NaN,237,9,237,9,NaN,NaN,NaN,NaN,NaN,NaN,NaN,NaN,NaN,NaN,NT,NW,B,B,NaN,NaN,NaN,NaN,NaN,NaN,
1948020106,09s.1948,TC09S,TD,NN,-13.5,178.0,NaN,NaN,237,9,237,9,NaN,NaN,NaN,NaN,NaN,NaN,NaN,NaN,NaN,NaN,NT,NW,B,B,NaN,NaN,NaN,NaN,NaN,NaN,
1948020112,09s.1948,TC09S,TD,NN,-14.0,177.3,NaN,NaN,237,9,237,9,NaN,NaN,NaN,NaN,NaN,NaN,NaN,NaN,NaN,NaN,NT,NW,B,B,NaN,NaN,NaN,NaN,NaN,NaN,
1948020118,09s.1948,TC09S,TD,NN,-14.5,176.9,NaN,NaN,227,7,227,7,NaN,NaN,NaN,NaN,NaN,NaN,NaN,NaN,NaN,NaN,NT,NW,B,B,NaN,NaN,NaN,NaN,NaN,NaN,
1948020200,09s.1948,TC09S,TD,NN,-15.0,176.5,NaN,NaN,218,6,218,6,NaN,NaN,NaN,NaN,NaN,NaN,NaN,NaN,NaN,NaN,NT,NW,B,B,NaN,NaN,NaN,NaN,NaN,NaN,
1948020206,09s.1948,TC09S,TD,NN,-15.6,176.1,NaN,NaN,215,7,215,7,NaN,NaN,NaN,NaN,NaN,NaN,NaN,NaN,NaN,NaN,NT,NW,B,B,NaN,NaN,NaN,NaN,NaN,NaN,
1948020212,09s.1948,TC09S,TD,NN,-16.3,175.8,NaN,NaN,207,7,207,7,NaN,NaN,NaN,NaN,NaN,NaN,NaN,NaN,NaN,NaN,NT,NW,B,B,NaN,NaN,NaN,NaN,NaN,NaN,
1948020218,09s.1948,TC09S,TD,NN,-16.9,175.5,NaN,NaN,204,7,204,7,NaN,NaN,NaN,NaN,NaN,NaN,NaN,NaN,NaN,NaN,NT,NW,B,B,NaN,NaN,NaN,NaN,NaN,NaN,
1948020300,09s.1948,TC09S,TD,NN,-17.5,175.4,NaN,NaN,198,6,198,6,NaN,NaN,NaN,NaN,NaN,NaN,NaN,NaN,NaN,NaN,NT,NW,B,B,NaN,NaN,NaN,NaN,NaN,NaN,
1948020306,09s.1948,TC09S,TD,NN,-18.4,175.7,NaN,NaN,173,8,173,8,NaN,NaN,NaN,NaN,NaN,NaN,NaN,NaN,NaN,NaN,NT,NW,B,B,NaN,NaN,NaN,NaN,NaN,NaN,
1948020312,09s.1948,TC09S,TD,NN,-19.5,176.4,NaN,NaN,155,11,155,11,NaN,NaN,NaN,NaN,NaN,NaN,NaN,NaN,NaN,NaN,NT,NW,B,B,NaN,NaN,NaN,NaN,NaN,NaN,
1948020318,09s.1948,TC09S,TD,NN,-20.2,177.1,NaN,NaN,144,11,144,11,NaN,NaN,NaN,NaN,NaN,NaN,NaN,NaN,NaN,NaN,NT,NW,B,B,NaN,NaN,NaN,NaN,NaN,NaN,
1948020400,09s.1948,TC09S,TD,NN,-21.0,178.0,NaN,NaN,135,11,135,11,NaN,NaN,NaN,NaN,NaN,NaN,NaN,NaN,NaN,NaN,NT,NW,B,B,NaN,NaN,NaN,NaN,NaN,NaN,
1948020406,09s.1948,TC09S,TD,NN,-22.1,179.5,NaN,NaN,130,15,130,15,NaN,NaN,NaN,NaN,NaN,NaN,NaN,NaN,NaN,NaN,NT,NW,B,B,NaN,NaN,NaN,NaN,NaN,NaN,
1948020412,09s.1948,TC09S,TD,NN,-23.5,181.0,NaN,NaN,132,19,132,19,NaN,NaN,NaN,NaN,NaN,NaN,NaN,NaN,NaN,NaN,NT,NW,B,B,NaN,NaN,NaN,NaN,NaN,NaN,
1948020418,09s.1948,TC09S,TD,NN,-25.0,182.3,NaN,NaN,138,19,138,19,NaN,NaN,NaN,NaN,NaN,NaN,NaN,NaN,NaN,NaN,NT,NW,B,B,NaN,NaN,NaN,NaN,NaN,NaN,
1948020500,09s.1948,TC09S,TD,NN,-26.6,183.4,NaN,NaN,145,19,145,19,NaN,NaN,NaN,NaN,NaN,NaN,NaN,NaN,NaN,NaN,NT,NW,B,B,NaN,NaN,NaN,NaN,NaN,NaN,
1948020506,09s.1948,TC09S,TD,NN,-28.1,184.4,NaN,NaN,149,18,149,18,NaN,NaN,NaN,NaN,NaN,NaN,NaN,NaN,NaN,NaN,NT,NW,B,B,NaN,NaN,NaN,NaN,NaN,NaN,
1948020512,09s.1948,TC09S,TD,NN,-29.7,185.2,NaN,NaN,153,17,153,17,NaN,NaN,NaN,NaN,NaN,NaN,NaN,NaN,NaN,NaN,NT,NW,B,B,NaN,NaN,NaN,NaN,NaN,NaN,
1948020518,09s.1948,TC09S,TD,NN,-31.2,185.9,NaN,NaN,157,17,157,17,NaN,NaN,NaN,NaN,NaN,NaN,NaN,NaN,NaN,NaN,NT,NW,B,B,NaN,NaN,NaN,NaN,NaN,NaN,
1948020600,09s.1948,TC09S,TD,NN,-32.5,186.4,NaN,NaN,160,15,160,15,NaN,NaN,NaN,NaN,NaN,NaN,NaN,NaN,NaN,NaN,NT,NW,B,B,NaN,NaN,NaN,NaN,NaN,NaN,
1948020306,10s.1948,TC10S,TD,NN,-10.3,63.9,NaN,NaN,218,6,218,6,NaN,NaN,NaN,NaN,NaN,NaN,NaN,NaN,NaN,NaN,NT,NW,B,B,NaN,NaN,NaN,NaN,NaN,NaN,
1948020312,10s.1948,TC10S,TD,NN,-10.8,63.5,NaN,NaN,218,6,218,6,NaN,NaN,NaN,NaN,NaN,NaN,NaN,NaN,NaN,NaN,NT,NW,B,B,NaN,NaN,NaN,NaN,NaN,NaN,
1948020318,10s.1948,TC10S,TD,NN,-11.3,63.1,NaN,NaN,218,6,218,6,NaN,NaN,NaN,NaN,NaN,NaN,NaN,NaN,NaN,NaN,NT,NW,B,B,NaN,NaN,NaN,NaN,NaN,NaN,
1948020400,10s.1948,TC10S,TD,NN,-11.7,62.7,NaN,NaN,221,6,221,6,NaN,NaN,NaN,NaN,NaN,NaN,NaN,NaN,NaN,NaN,NT,NW,B,B,NaN,NaN,NaN,NaN,NaN,NaN,
1948020406,10s.1948,TC10S,TD,NN,-12.2,62.4,NaN,NaN,217,6,217,6,NaN,NaN,NaN,NaN,NaN,NaN,NaN,NaN,NaN,NaN,NT,NW,B,B,NaN,NaN,NaN,NaN,NaN,NaN,
1948020412,10s.1948,TC10S,TD,NN,-13.0,62.0,NaN,NaN,208,7,208,7,NaN,NaN,NaN,NaN,NaN,NaN,NaN,NaN,NaN,NaN,NT,NW,B,B,NaN,NaN,NaN,NaN,NaN,NaN,
1948020418,10s.1948,TC10S,TD,NN,-13.9,61.5,NaN,NaN,207,10,207,10,NaN,NaN,NaN,NaN,NaN,NaN,NaN,NaN,NaN,NaN,NT,NW,B,B,NaN,NaN,NaN,NaN,NaN,NaN,
1948020500,10s.1948,TC10S,TD,NN,-14.6,61.2,NaN,NaN,206,9,206,9,NaN,NaN,NaN,NaN,NaN,NaN,NaN,NaN,NaN,NaN,NT,NW,B,B,NaN,NaN,NaN,NaN,NaN,NaN,
1948020506,10s.1948,TC10S,TD,NN,-15.4,60.9,NaN,NaN,201,8,201,8,NaN,NaN,NaN,NaN,NaN,NaN,NaN,NaN,NaN,NaN,NT,NW,B,B,NaN,NaN,NaN,NaN,NaN,NaN,
1948020512,10s.1948,TC10S,TD,NN,-16.4,60.7,NaN,NaN,195,9,195,9,NaN,NaN,NaN,NaN,NaN,NaN,NaN,NaN,NaN,NaN,NT,NW,B,B,NaN,NaN,NaN,NaN,NaN,NaN,
1948020518,10s.1948,TC10S,TD,NN,-17.5,60.6,NaN,NaN,188,11,188,11,NaN,NaN,NaN,NaN,NaN,NaN,NaN,NaN,NaN,NaN,NT,NW,B,B,NaN,NaN,NaN,NaN,NaN,NaN,
1948020600,10s.1948,TC10S,TD,NN,-18.5,60.6,NaN,NaN,183,11,183,11,NaN,NaN,NaN,NaN,NaN,NaN,NaN,NaN,NaN,NaN,NT,NW,B,B,NaN,NaN,NaN,NaN,NaN,NaN,
1948020606,10s.1948,TC10S,TD,NN,-19.3,60.6,NaN,NaN,180,9,180,9,NaN,NaN,NaN,NaN,NaN,NaN,NaN,NaN,NaN,NaN,NT,NW,B,B,NaN,NaN,NaN,NaN,NaN,NaN,
1948020612,10s.1948,TC10S,TD,NN,-20.0,60.6,NaN,NaN,180,8,180,8,NaN,NaN,NaN,NaN,NaN,NaN,NaN,NaN,NaN,NaN,NT,NW,B,B,NaN,NaN,NaN,NaN,NaN,NaN,
1948020618,10s.1948,TC10S,TD,NN,-20.5,60.6,NaN,NaN,180,6,180,6,NaN,NaN,NaN,NaN,NaN,NaN,NaN,NaN,NaN,NaN,NT,NW,B,B,NaN,NaN,NaN,NaN,NaN,NaN,
1948020700,10s.1948,TC10S,TD,NN,-21.0,60.7,NaN,NaN,175,5,175,5,NaN,NaN,NaN,NaN,NaN,NaN,NaN,NaN,NaN,NaN,NT,NW,B,B,NaN,NaN,NaN,NaN,NaN,NaN,
1948020706,10s.1948,TC10S,TD,NN,-21.4,61.0,NaN,NaN,157,5,157,5,NaN,NaN,NaN,NaN,NaN,NaN,NaN,NaN,NaN,NaN,NT,NW,B,B,NaN,NaN,NaN,NaN,NaN,NaN,
1948021006,11s.1948,TC11S,TD,NN,-13.3,69.6,NaN,NaN,229,8,229,8,NaN,NaN,NaN,NaN,NaN,NaN,NaN,NaN,NaN,NaN,NT,NW,B,B,NaN,NaN,NaN,NaN,NaN,NaN,
1948021012,11s.1948,TC11S,TD,NN,-13.9,68.9,NaN,NaN,229,8,229,8,NaN,NaN,NaN,NaN,NaN,NaN,NaN,NaN,NaN,NaN,NT,NW,B,B,NaN,NaN,NaN,NaN,NaN,NaN,
1948021018,11s.1948,TC11S,TD,NN,-14.4,68.3,NaN,NaN,229,8,229,8,NaN,NaN,NaN,NaN,NaN,NaN,NaN,NaN,NaN,NaN,NT,NW,B,B,NaN,NaN,NaN,NaN,NaN,NaN,
1948021100,11s.1948,TC11S,TD,NN,-14.8,67.7,NaN,NaN,232,7,232,7,NaN,NaN,NaN,NaN,NaN,NaN,NaN,NaN,NaN,NaN,NT,NW,B,B,NaN,NaN,NaN,NaN,NaN,NaN,
1948021106,11s.1948,TC11S,TD,NN,-15.3,67.1,NaN,NaN,232,7,232,7,NaN,NaN,NaN,NaN,NaN,NaN,NaN,NaN,NaN,NaN,NT,NW,B,B,NaN,NaN,NaN,NaN,NaN,NaN,
1948021112,11s.1948,TC11S,TD,NN,-15.8,66.6,NaN,NaN,227,7,227,7,NaN,NaN,NaN,NaN,NaN,NaN,NaN,NaN,NaN,NaN,NT,NW,B,B,NaN,NaN,NaN,NaN,NaN,NaN,
1948021118,11s.1948,TC11S,TD,NN,-16.4,66.2,NaN,NaN,218,7,218,7,NaN,NaN,NaN,NaN,NaN,NaN,NaN,NaN,NaN,NaN,NT,NW,B,B,NaN,NaN,NaN,NaN,NaN,NaN,
1948021200,11s.1948,TC11S,TD,NN,-16.8,65.9,NaN,NaN,214,6,214,6,NaN,NaN,NaN,NaN,NaN,NaN,NaN,NaN,NaN,NaN,NT,NW,B,B,NaN,NaN,NaN,NaN,NaN,NaN,
1948021206,11s.1948,TC11S,TD,NN,-17.3,65.5,NaN,NaN,217,6,217,6,NaN,NaN,NaN,NaN,NaN,NaN,NaN,NaN,NaN,NaN,NT,NW,B,B,NaN,NaN,NaN,NaN,NaN,NaN,
1948021212,11s.1948,TC11S,TD,NN,-18.0,65.1,NaN,NaN,212,7,212,7,NaN,NaN,NaN,NaN,NaN,NaN,NaN,NaN,NaN,NaN,NT,NW,B,B,NaN,NaN,NaN,NaN,NaN,NaN,
1948021218,11s.1948,TC11S,TD,NN,-18.7,64.7,NaN,NaN,209,8,209,8,NaN,NaN,NaN,NaN,NaN,NaN,NaN,NaN,NaN,NaN,NT,NW,B,B,NaN,NaN,NaN,NaN,NaN,NaN,
1948021300,11s.1948,TC11S,TD,NN,-19.4,64.3,NaN,NaN,208,8,208,8,NaN,NaN,NaN,NaN,NaN,NaN,NaN,NaN,NaN,NaN,NT,NW,B,B,NaN,NaN,NaN,NaN,NaN,NaN,
1948021306,11s.1948,TC11S,TD,NN,-20.1,63.9,NaN,NaN,208,8,208,8,NaN,NaN,NaN,NaN,NaN,NaN,NaN,NaN,NaN,NaN,NT,NW,B,B,NaN,NaN,NaN,NaN,NaN,NaN,
1948021012,12s.1948,TC12S,TD,NN,-14.8,147.6,NaN,NaN,148,6,148,6,NaN,NaN,NaN,NaN,NaN,NaN,NaN,NaN,NaN,NaN,NT,NW,B,B,NaN,NaN,NaN,NaN,NaN,NaN,
1948021018,12s.1948,TC12S,TD,NN,-15.4,148.0,NaN,NaN,148,6,148,6,NaN,NaN,NaN,NaN,NaN,NaN,NaN,NaN,NaN,NaN,NT,NW,B,B,NaN,NaN,NaN,NaN,NaN,NaN,
1948021100,12s.1948,TC12S,TD,NN,-15.9,148.3,NaN,NaN,148,6,148,6,NaN,NaN,NaN,NaN,NaN,NaN,NaN,NaN,NaN,NaN,NT,NW,B,B,NaN,NaN,NaN,NaN,NaN,NaN,
1948021106,12s.1948,TC12S,TD,NN,-16.3,148.6,NaN,NaN,147,5,147,5,NaN,NaN,NaN,NaN,NaN,NaN,NaN,NaN,NaN,NaN,NT,NW,B,B,NaN,NaN,NaN,NaN,NaN,NaN,
1948021112,12s.1948,TC12S,TD,NN,-16.7,148.8,NaN,NaN,149,5,149,5,NaN,NaN,NaN,NaN,NaN,NaN,NaN,NaN,NaN,NaN,NT,NW,B,B,NaN,NaN,NaN,NaN,NaN,NaN,
1948021118,12s.1948,TC12S,TD,NN,-17.0,148.9,NaN,NaN,158,4,158,4,NaN,NaN,NaN,NaN,NaN,NaN,NaN,NaN,NaN,NaN,NT,NW,B,B,NaN,NaN,NaN,NaN,NaN,NaN,
1948021200,12s.1948,TC12S,TD,NN,-17.4,148.9,NaN,NaN,172,4,172,4,NaN,NaN,NaN,NaN,NaN,NaN,NaN,NaN,NaN,NaN,NT,NW,B,B,NaN,NaN,NaN,NaN,NaN,NaN,
1948021206,12s.1948,TC12S,TD,NN,-17.8,148.9,NaN,NaN,180,4,180,4,NaN,NaN,NaN,NaN,NaN,NaN,NaN,NaN,NaN,NaN,NT,NW,B,B,NaN,NaN,NaN,NaN,NaN,NaN,
1948021212,12s.1948,TC12S,TD,NN,-18.3,148.8,NaN,NaN,186,5,186,5,NaN,NaN,NaN,NaN,NaN,NaN,NaN,NaN,NaN,NaN,NT,NW,B,B,NaN,NaN,NaN,NaN,NaN,NaN,
1948021218,12s.1948,TC12S,TD,NN,-18.7,148.8,NaN,NaN,186,5,186,5,NaN,NaN,NaN,NaN,NaN,NaN,NaN,NaN,NaN,NaN,NT,NW,B,B,NaN,NaN,NaN,NaN,NaN,NaN,
1948021300,12s.1948,TC12S,TD,NN,-19.1,148.7,NaN,NaN,187,4,187,4,NaN,NaN,NaN,NaN,NaN,NaN,NaN,NaN,NaN,NaN,NT,NW,B,B,NaN,NaN,NaN,NaN,NaN,NaN,
1948021306,12s.1948,TC12S,TD,NN,-19.4,148.6,NaN,NaN,195,4,195,4,NaN,NaN,NaN,NaN,NaN,NaN,NaN,NaN,NaN,NaN,NT,NW,B,B,NaN,NaN,0.02,NaN,NaN,NaN,
1948021312,12s.1948,TC12S,TD,NN,-19.6,148.4,NaN,NaN,210,3,210,3,NaN,NaN,NaN,NaN,NaN,NaN,NaN,NaN,NaN,NaN,NT,NW,B,B,NaN,NaN,0.02,NaN,NaN,NaN,
1948021318,12s.1948,TC12S,TD,NN,-19.9,148.3,NaN,NaN,209,3,209,3,NaN,NaN,NaN,NaN,NaN,NaN,NaN,NaN,NaN,NaN,NT,NW,B,B,NaN,NaN,0.34,NaN,NaN,NaN,
1948021400,12s.1948,TC12S,TD,NN,-20.2,148.1,NaN,NaN,205,3,205,3,NaN,NaN,NaN,NaN,NaN,NaN,NaN,NaN,NaN,NaN,NT,NW,B,B,NaN,NaN,0.59,NaN,NaN,NaN,
1948021212,13s.1948,TC13S,TD,NN,-21.0,40.8,NaN,NaN,148,2,148,2,NaN,NaN,NaN,NaN,NaN,NaN,NaN,NaN,NaN,NaN,NT,NW,B,B,NaN,NaN,NaN,NaN,NaN,NaN,
1948021218,13s.1948,TC13S,TD,NN,-21.0,40.8,NaN,NaN,148,2,148,2,NaN,NaN,NaN,NaN,NaN,NaN,NaN,NaN,NaN,NaN,NT,NW,B,B,NaN,NaN,NaN,NaN,NaN,NaN,
1948021300,13s.1948,TC13S,TD,NN,-21.3,41.0,NaN,NaN,148,2,148,2,NaN,NaN,NaN,NaN,NaN,NaN,NaN,NaN,NaN,NaN,NT,NW,B,B,NaN,NaN,NaN,NaN,NaN,NaN,
1948021306,13s.1948,TC13S,TD,NN,-21.9,41.3,NaN,NaN,153,5,153,5,NaN,NaN,NaN,NaN,NaN,NaN,NaN,NaN,NaN,NaN,NT,NW,B,B,NaN,NaN,NaN,NaN,NaN,NaN,
1948021312,13s.1948,TC13S,TD,NN,-22.6,41.6,NaN,NaN,157,7,157,7,NaN,NaN,NaN,NaN,NaN,NaN,NaN,NaN,NaN,NaN,NT,NW,B,B,NaN,NaN,NaN,NaN,NaN,NaN,
1948021318,13s.1948,TC13S,TD,NN,-23.2,41.9,NaN,NaN,157,7,157,7,NaN,NaN,NaN,NaN,NaN,NaN,NaN,NaN,NaN,NaN,NT,NW,B,B,NaN,NaN,NaN,NaN,NaN,NaN,
1948021400,13s.1948,TC13S,TD,NN,-23.7,42.3,NaN,NaN,150,6,150,6,NaN,NaN,NaN,NaN,NaN,NaN,NaN,NaN,NaN,NaN,NT,NW,B,B,NaN,NaN,NaN,NaN,NaN,NaN,
1948021800,14s.1948,TC14S,TD,NN,-15.1,119.0,NaN,NaN,170,6,170,6,NaN,NaN,NaN,NaN,NaN,NaN,NaN,NaN,NaN,NaN,NT,NW,B,B,NaN,NaN,NaN,NaN,NaN,NaN,
1948021806,14s.1948,TC14S,TD,NN,-15.7,119.2,NaN,NaN,170,6,170,6,NaN,NaN,NaN,NaN,NaN,NaN,NaN,NaN,NaN,NaN,NT,NW,B,B,NaN,NaN,NaN,NaN,NaN,NaN,
1948021812,14s.1948,TC14S,TD,NN,-16.2,119.2,NaN,NaN,170,6,170,6,NaN,NaN,NaN,NaN,NaN,NaN,NaN,NaN,NaN,NaN,NT,NW,B,B,NaN,NaN,NaN,NaN,NaN,NaN,
1948021818,14s.1948,TC14S,TD,NN,-16.7,119.1,NaN,NaN,185,5,185,5,NaN,NaN,NaN,NaN,NaN,NaN,NaN,NaN,NaN,NaN,NT,NW,B,B,NaN,NaN,NaN,NaN,NaN,NaN,
1948021900,14s.1948,TC14S,TD,NN,-17.2,118.9,NaN,NaN,196,5,196,5,NaN,NaN,NaN,NaN,NaN,NaN,NaN,NaN,NaN,NaN,NT,NW,B,B,NaN,NaN,NaN,NaN,NaN,NaN,
1948021906,14s.1948,TC14S,TD,NN,-17.9,118.5,NaN,NaN,206,7,206,7,NaN,NaN,NaN,NaN,NaN,NaN,NaN,NaN,NaN,NaN,NT,NW,B,B,NaN,NaN,NaN,NaN,NaN,NaN,
1948021912,14s.1948,TC14S,TD,NN,-18.5,118.1,NaN,NaN,210,8,210,8,NaN,NaN,NaN,NaN,NaN,NaN,NaN,NaN,NaN,NaN,NT,NW,B,B,NaN,NaN,NaN,NaN,NaN,NaN,
1948021918,14s.1948,TC14S,TD,NN,-19.1,117.6,NaN,NaN,215,7,215,7,NaN,NaN,NaN,NaN,NaN,NaN,NaN,NaN,NaN,NaN,NT,NW,B,B,NaN,NaN,NaN,NaN,NaN,NaN,
1948022000,14s.1948,TC14S,TD,NN,-19.7,117.1,NaN,NaN,218,8,218,8,NaN,NaN,NaN,NaN,NaN,NaN,NaN,NaN,NaN,NaN,NT,NW,B,B,NaN,NaN,NaN,NaN,NaN,NaN,
1948022006,14s.1948,TC14S,TD,NN,-20.4,116.6,NaN,NaN,216,8,216,8,NaN,NaN,NaN,NaN,NaN,NaN,NaN,NaN,NaN,NaN,NT,NW,B,B,NaN,NaN,0.21,NaN,NaN,NaN,
1948022012,14s.1948,TC14S,TD,NN,-21.1,116.0,NaN,NaN,216,9,216,9,NaN,NaN,NaN,NaN,NaN,NaN,NaN,NaN,NaN,NaN,NT,NW,B,B,NaN,NaN,0.41,NaN,NaN,NaN,
1948022018,14s.1948,TC14S,TD,NN,-21.9,115.5,NaN,NaN,214,9,214,9,NaN,NaN,NaN,NaN,NaN,NaN,NaN,NaN,NaN,NaN,NT,NW,B,B,NaN,NaN,0.77,NaN,NaN,NaN,
1948022100,14s.1948,TC14S,TD,NN,-22.9,115.0,NaN,NaN,207,10,207,10,NaN,NaN,NaN,NaN,NaN,NaN,NaN,NaN,NaN,NaN,NT,NW,B,B,NaN,NaN,0.93,NaN,NaN,NaN,
1948022106,14s.1948,TC14S,TD,NN,-24.2,115.3,NaN,NaN,185,12,185,12,NaN,NaN,NaN,NaN,NaN,NaN,NaN,NaN,NaN,NaN,NT,NW,B,B,NaN,NaN,1.00,NaN,NaN,NaN,
1948022112,14s.1948,TC14S,TD,NN,-25.5,116.0,NaN,NaN,161,14,161,14,NaN,NaN,NaN,NaN,NaN,NaN,NaN,NaN,NaN,NaN,NT,NW,B,B,NaN,NaN,1.00,NaN,NaN,NaN,
1948022118,14s.1948,TC14S,TD,NN,-26.6,117.0,NaN,NaN,147,14,147,14,NaN,NaN,NaN,NaN,NaN,NaN,NaN,NaN,NaN,NaN,NT,NW,B,B,NaN,NaN,1.00,NaN,NaN,NaN,
1948022200,14s.1948,TC14S,TD,NN,-27.7,118.2,NaN,NaN,138,15,138,15,NaN,NaN,NaN,NaN,NaN,NaN,NaN,NaN,NaN,NaN,NT,NW,B,B,NaN,NaN,1.00,NaN,NaN,NaN,
1948022206,14s.1948,TC14S,TD,NN,-28.7,119.6,NaN,NaN,132,16,132,16,NaN,NaN,NaN,NaN,NaN,NaN,NaN,NaN,NaN,NaN,NT,NW,B,B,NaN,NaN,1.00,NaN,NaN,NaN,
1948022212,14s.1948,TC14S,TD,NN,-29.8,121.2,NaN,NaN,129,17,129,17,NaN,NaN,NaN,NaN,NaN,NaN,NaN,NaN,NaN,NaN,NT,NW,B,B,NaN,NaN,1.00,NaN,NaN,NaN,
1948022218,14s.1948,TC14S,TD,NN,-30.6,122.8,NaN,NaN,124,17,124,17,NaN,NaN,NaN,NaN,NaN,NaN,NaN,NaN,NaN,NaN,NT,NW,B,B,NaN,NaN,1.00,NaN,NaN,NaN,
1948021912,15s.1948,TC15S,TD,NN,-13.3,167.2,NaN,NaN,100,3,100,3,NaN,NaN,NaN,NaN,NaN,NaN,NaN,NaN,NaN,NaN,NT,NW,B,B,NaN,NaN,0.04,NaN,NaN,NaN,
1948021918,15s.1948,TC15S,TD,NN,-13.3,167.3,NaN,NaN,100,3,100,3,NaN,NaN,NaN,NaN,NaN,NaN,NaN,NaN,NaN,NaN,NT,NW,B,B,NaN,NaN,0.04,NaN,NaN,NaN,
1948022000,15s.1948,TC15S,TD,NN,-13.4,167.8,NaN,NaN,100,3,100,3,NaN,NaN,NaN,NaN,NaN,NaN,NaN,NaN,NaN,NaN,NT,NW,B,B,NaN,NaN,0.01,NaN,NaN,NaN,
1948022006,15s.1948,TC15S,TD,NN,-13.7,168.9,NaN,NaN,104,8,104,8,NaN,NaN,NaN,NaN,NaN,NaN,NaN,NaN,NaN,NaN,NT,NW,B,B,NaN,NaN,NaN,NaN,NaN,NaN,
1948022012,15s.1948,TC15S,TD,NN,-14.2,170.0,NaN,NaN,111,11,111,11,NaN,NaN,NaN,NaN,NaN,NaN,NaN,NaN,NaN,NaN,NT,NW,B,B,NaN,NaN,NaN,NaN,NaN,NaN,
1948022018,15s.1948,TC15S,TD,NN,-14.8,170.8,NaN,NaN,121,11,121,11,NaN,NaN,NaN,NaN,NaN,NaN,NaN,NaN,NaN,NaN,NT,NW,B,B,NaN,NaN,NaN,NaN,NaN,NaN,
1948022100,15s.1948,TC15S,TD,NN,-15.4,171.4,NaN,NaN,132,9,132,9,NaN,NaN,NaN,NaN,NaN,NaN,NaN,NaN,NaN,NaN,NT,NW,B,B,NaN,NaN,NaN,NaN,NaN,NaN,
1948022106,15s.1948,TC15S,TD,NN,-15.9,171.7,NaN,NaN,142,7,142,7,NaN,NaN,NaN,NaN,NaN,NaN,NaN,NaN,NaN,NaN,NT,NW,B,B,NaN,NaN,NaN,NaN,NaN,NaN,
1948022112,15s.1948,TC15S,TD,NN,-16.5,172.0,NaN,NaN,152,6,152,6,NaN,NaN,NaN,NaN,NaN,NaN,NaN,NaN,NaN,NaN,NT,NW,B,B,NaN,NaN,NaN,NaN,NaN,NaN,
1948022118,15s.1948,TC15S,TD,NN,-17.0,172.2,NaN,NaN,156,6,156,6,NaN,NaN,NaN,NaN,NaN,NaN,NaN,NaN,NaN,NaN,NT,NW,B,B,NaN,NaN,NaN,NaN,NaN,NaN,
1948022200,15s.1948,TC15S,TD,NN,-17.6,172.5,NaN,NaN,157,6,157,6,NaN,NaN,NaN,NaN,NaN,NaN,NaN,NaN,NaN,NaN,NT,NW,B,B,NaN,NaN,NaN,NaN,NaN,NaN,
1948022206,15s.1948,TC15S,TD,NN,-18.1,172.9,NaN,NaN,149,6,149,6,NaN,NaN,NaN,NaN,NaN,NaN,NaN,NaN,NaN,NaN,NT,NW,B,B,NaN,NaN,NaN,NaN,NaN,NaN,
1948022212,15s.1948,TC15S,TD,NN,-18.7,173.3,NaN,NaN,145,7,145,7,NaN,NaN,NaN,NaN,NaN,NaN,NaN,NaN,NaN,NaN,NT,NW,B,B,NaN,NaN,NaN,NaN,NaN,NaN,
1948022218,15s.1948,TC15S,TD,NN,-19.1,173.8,NaN,NaN,140,7,140,7,NaN,NaN,NaN,NaN,NaN,NaN,NaN,NaN,NaN,NaN,NT,NW,B,B,NaN,NaN,NaN,NaN,NaN,NaN,
1948022300,15s.1948,TC15S,TD,NN,-19.3,174.6,NaN,NaN,116,7,116,7,NaN,NaN,NaN,NaN,NaN,NaN,NaN,NaN,NaN,NaN,NT,NW,B,B,NaN,NaN,NaN,NaN,NaN,NaN,
1948022306,15s.1948,TC15S,TD,NN,-19.4,175.9,NaN,NaN,99,10,99,10,NaN,NaN,NaN,NaN,NaN,NaN,NaN,NaN,NaN,NaN,NT,NW,B,B,NaN,NaN,NaN,NaN,NaN,NaN,
1948022312,15s.1948,TC15S,TD,NN,-19.5,177.2,NaN,NaN,95,12,95,12,NaN,NaN,NaN,NaN,NaN,NaN,NaN,NaN,NaN,NaN,NT,NW,B,B,NaN,NaN,NaN,NaN,NaN,NaN,
1948022318,15s.1948,TC15S,TD,NN,-19.7,178.4,NaN,NaN,97,12,97,12,NaN,NaN,NaN,NaN,NaN,NaN,NaN,NaN,NaN,NaN,NT,NW,B,B,NaN,NaN,0.03,NaN,NaN,NaN,
1948022400,15s.1948,TC15S,TD,NN,-20.0,179.5,NaN,NaN,103,11,103,11,NaN,NaN,NaN,NaN,NaN,NaN,NaN,NaN,NaN,NaN,NT,NW,B,B,NaN,NaN,NaN,NaN,NaN,NaN,
1948022406,15s.1948,TC15S,TD,NN,-20.2,180.5,NaN,NaN,104,10,104,10,NaN,NaN,NaN,NaN,NaN,NaN,NaN,NaN,NaN,NaN,NT,NW,B,B,NaN,NaN,NaN,NaN,NaN,NaN,
1948022412,15s.1948,TC15S,TD,NN,-20.5,181.5,NaN,NaN,105,10,105,10,NaN,NaN,NaN,NaN,NaN,NaN,NaN,NaN,NaN,NaN,NT,NW,B,B,NaN,NaN,NaN,NaN,NaN,NaN,
1948022418,15s.1948,TC15S,TD,NN,-20.6,182.3,NaN,NaN,103,9,103,9,NaN,NaN,NaN,NaN,NaN,NaN,NaN,NaN,NaN,NaN,NT,NW,B,B,NaN,NaN,NaN,NaN,NaN,NaN,
1948022500,15s.1948,TC15S,TD,NN,-20.6,183.0,NaN,NaN,94,7,94,7,NaN,NaN,NaN,NaN,NaN,NaN,NaN,NaN,NaN,NaN,NT,NW,B,B,NaN,NaN,NaN,NaN,NaN,NaN,
1948030900,16s.1948,TC16S,TD,NN,-14.8,123.7,NaN,NaN,195,11,195,11,NaN,NaN,NaN,NaN,NaN,NaN,NaN,NaN,NaN,NaN,NT,NW,B,B,NaN,NaN,NaN,NaN,NaN,NaN,
1948030906,16s.1948,TC16S,TD,NN,-16.0,123.6,NaN,NaN,195,11,195,11,NaN,NaN,NaN,NaN,NaN,NaN,NaN,NaN,NaN,NaN,NT,NW,B,B,NaN,NaN,0.11,NaN,NaN,NaN,
1948030912,16s.1948,TC16S,TD,NN,-16.9,123.1,NaN,NaN,195,11,195,11,NaN,NaN,NaN,NaN,NaN,NaN,NaN,NaN,NaN,NaN,NT,NW,B,B,NaN,NaN,0.64,NaN,NaN,NaN,
1948030918,16s.1948,TC16S,TD,NN,-17.8,122.3,NaN,NaN,215,11,215,11,NaN,NaN,NaN,NaN,NaN,NaN,NaN,NaN,NaN,NaN,NT,NW,B,B,NaN,NaN,0.81,NaN,NaN,NaN,
1948031000,16s.1948,TC16S,TD,NN,-18.6,121.5,NaN,NaN,222,11,222,11,NaN,NaN,NaN,NaN,NaN,NaN,NaN,NaN,NaN,NaN,NT,NW,B,B,NaN,NaN,0.18,NaN,NaN,NaN,
1948031006,16s.1948,TC16S,TD,NN,-19.4,120.8,NaN,NaN,222,11,222,11,NaN,NaN,NaN,NaN,NaN,NaN,NaN,NaN,NaN,NaN,NT,NW,B,B,NaN,NaN,0.45,NaN,NaN,NaN,
1948031012,16s.1948,TC16S,TD,NN,-20.2,120.1,NaN,NaN,220,10,220,10,NaN,NaN,NaN,NaN,NaN,NaN,NaN,NaN,NaN,NaN,NT,NW,B,B,NaN,NaN,0.55,NaN,NaN,NaN,
1948031018,16s.1948,TC16S,TD,NN,-21.0,119.1,NaN,NaN,225,11,225,11,NaN,NaN,NaN,NaN,NaN,NaN,NaN,NaN,NaN,NaN,NT,NW,B,B,NaN,NaN,1.00,NaN,NaN,NaN,
1948031100,16s.1948,TC16S,TD,NN,-21.8,118.3,NaN,NaN,226,12,226,12,NaN,NaN,NaN,NaN,NaN,NaN,NaN,NaN,NaN,NaN,NT,NW,B,B,NaN,NaN,1.00,NaN,NaN,NaN,
1948031106,16s.1948,TC16S,TD,NN,-22.0,118.0,NaN,NaN,226,7,226,7,NaN,NaN,NaN,NaN,NaN,NaN,NaN,NaN,NaN,NaN,NT,NW,B,B,NaN,NaN,1.00,NaN,NaN,NaN,
1948031112,16s.1948,TC16S,TD,NN,-21.9,117.7,NaN,NaN,260,3,260,3,NaN,NaN,NaN,NaN,NaN,NaN,NaN,NaN,NaN,NaN,NT,NW,B,B,NaN,NaN,1.00,NaN,NaN,NaN,
1948031118,16s.1948,TC16S,TD,NN,-22.0,117.4,NaN,NaN,270,3,270,3,NaN,NaN,NaN,NaN,NaN,NaN,NaN,NaN,NaN,NaN,NT,NW,B,B,NaN,NaN,1.00,NaN,NaN,NaN,
1948031000,17s.1948,TC17S,TD,NN,-14.7,165.6,NaN,NaN,210,3,210,3,NaN,NaN,NaN,NaN,NaN,NaN,NaN,NaN,NaN,NaN,NT,NW,B,B,NaN,NaN,NaN,NaN,NaN,NaN,
1948031006,17s.1948,TC17S,TD,NN,-14.9,165.4,NaN,NaN,210,3,210,3,NaN,NaN,NaN,NaN,NaN,NaN,NaN,NaN,NaN,NaN,NT,NW,B,B,NaN,NaN,NaN,NaN,NaN,NaN,
1948031012,17s.1948,TC17S,TD,NN,-15.2,165.3,NaN,NaN,210,3,210,3,NaN,NaN,NaN,NaN,NaN,NaN,NaN,NaN,NaN,NaN,NT,NW,B,B,NaN,NaN,NaN,NaN,NaN,NaN,
1948031018,17s.1948,TC17S,TD,NN,-15.5,165.3,NaN,NaN,189,3,189,3,NaN,NaN,NaN,NaN,NaN,NaN,NaN,NaN,NaN,NaN,NT,NW,B,B,NaN,NaN,NaN,NaN,NaN,NaN,
1948031100,17s.1948,TC17S,TD,NN,-15.8,165.2,NaN,NaN,189,3,189,3,NaN,NaN,NaN,NaN,NaN,NaN,NaN,NaN,NaN,NaN,NT,NW,B,B,NaN,NaN,NaN,NaN,NaN,NaN,
1948031106,17s.1948,TC17S,TD,NN,-15.9,165.2,NaN,NaN,194,2,194,2,NaN,NaN,NaN,NaN,NaN,NaN,NaN,NaN,NaN,NaN,NT,NW,B,B,NaN,NaN,NaN,NaN,NaN,NaN,
1948031112,17s.1948,TC17S,TD,NN,-16.1,165.1,NaN,NaN,198,2,198,2,NaN,NaN,NaN,NaN,NaN,NaN,NaN,NaN,NaN,NaN,NT,NW,B,B,NaN,NaN,NaN,NaN,NaN,NaN,
1948031118,17s.1948,TC17S,TD,NN,-16.4,165.1,NaN,NaN,191,3,191,3,NaN,NaN,NaN,NaN,NaN,NaN,NaN,NaN,NaN,NaN,NT,NW,B,B,NaN,NaN,NaN,NaN,NaN,NaN,
1948031200,17s.1948,TC17S,TD,NN,-16.7,165.0,NaN,NaN,189,3,189,3,NaN,NaN,NaN,NaN,NaN,NaN,NaN,NaN,NaN,NaN,NT,NW,B,B,NaN,NaN,NaN,NaN,NaN,NaN,
1948031206,17s.1948,TC17S,TD,NN,-17.0,164.9,NaN,NaN,198,3,198,3,NaN,NaN,NaN,NaN,NaN,NaN,NaN,NaN,NaN,NaN,NT,NW,B,B,NaN,NaN,NaN,NaN,NaN,NaN,
1948031212,17s.1948,TC17S,TD,NN,-17.3,164.8,NaN,NaN,198,3,198,3,NaN,NaN,NaN,NaN,NaN,NaN,NaN,NaN,NaN,NaN,NT,NW,B,B,NaN,NaN,NaN,NaN,NaN,NaN,
1948031218,17s.1948,TC17S,TD,NN,-17.4,164.7,NaN,NaN,206,2,206,2,NaN,NaN,NaN,NaN,NaN,NaN,NaN,NaN,NaN,NaN,NT,NW,B,B,NaN,NaN,NaN,NaN,NaN,NaN,
1948031300,17s.1948,TC17S,TD,NN,-17.7,164.7,NaN,NaN,193,2,193,2,NaN,NaN,NaN,NaN,NaN,NaN,NaN,NaN,NaN,NaN,NT,NW,B,B,NaN,NaN,NaN,NaN,NaN,NaN,
1948031306,17s.1948,TC17S,TD,NN,-18.5,164.6,NaN,NaN,185,6,185,6,NaN,NaN,NaN,NaN,NaN,NaN,NaN,NaN,NaN,NaN,NT,NW,B,B,NaN,NaN,NaN,NaN,NaN,NaN,
1948031312,17s.1948,TC17S,TD,NN,-19.5,164.4,NaN,NaN,189,9,189,9,NaN,NaN,NaN,NaN,NaN,NaN,NaN,NaN,NaN,NaN,NT,NW,B,B,NaN,NaN,NaN,NaN,NaN,NaN,
1948031318,17s.1948,TC17S,TD,NN,-20.4,164.4,NaN,NaN,186,10,186,10,NaN,NaN,NaN,NaN,NaN,NaN,NaN,NaN,NaN,NaN,NT,NW,B,B,NaN,NaN,0.37,NaN,NaN,NaN,
1948031400,17s.1948,TC17S,TD,NN,-21.4,164.6,NaN,NaN,174,10,174,10,NaN,NaN,NaN,NaN,NaN,NaN,NaN,NaN,NaN,NaN,NT,NW,B,B,NaN,NaN,0.05,NaN,NaN,NaN,
1948031406,17s.1948,TC17S,TD,NN,-23.3,165.7,NaN,NaN,157,16,157,16,NaN,NaN,NaN,NaN,NaN,NaN,NaN,NaN,NaN,NaN,NT,NW,B,B,NaN,NaN,NaN,NaN,NaN,NaN,
1948031412,17s.1948,TC17S,TD,NN,-25.5,167.3,NaN,NaN,149,24,149,24,NaN,NaN,NaN,NaN,NaN,NaN,NaN,NaN,NaN,NaN,NT,NW,B,B,NaN,NaN,NaN,NaN,NaN,NaN,
1948031418,17s.1948,TC17S,TD,NN,-27.1,169.5,NaN,NaN,138,26,138,26,NaN,NaN,NaN,NaN,NaN,NaN,NaN,NaN,NaN,NaN,NT,NW,B,B,NaN,NaN,NaN,NaN,NaN,NaN,
1948031500,17s.1948,TC17S,TD,NN,-27.8,171.2,NaN,NaN,123,21,123,21,NaN,NaN,NaN,NaN,NaN,NaN,NaN,NaN,NaN,NaN,NT,NW,B,B,NaN,NaN,NaN,NaN,NaN,NaN,
1948031506,17s.1948,TC17S,TD,NN,-27.8,171.5,NaN,NaN,112,10,112,10,NaN,NaN,NaN,NaN,NaN,NaN,NaN,NaN,NaN,NaN,NT,NW,B,B,NaN,NaN,NaN,NaN,NaN,NaN,
1948031512,17s.1948,TC17S,TD,NN,-27.8,171.8,NaN,NaN,90,3,90,3,NaN,NaN,NaN,NaN,NaN,NaN,NaN,NaN,NaN,NaN,NT,NW,B,B,NaN,NaN,NaN,NaN,NaN,NaN,
1948031518,17s.1948,TC17S,TD,NN,-27.8,172.1,NaN,NaN,90,3,90,3,NaN,NaN,NaN,NaN,NaN,NaN,NaN,NaN,NaN,NaN,NT,NW,B,B,NaN,NaN,NaN,NaN,NaN,NaN,
1948031600,17s.1948,TC17S,TD,NN,-27.8,172.5,NaN,NaN,90,3,90,3,NaN,NaN,NaN,NaN,NaN,NaN,NaN,NaN,NaN,NaN,NT,NW,B,B,NaN,NaN,NaN,NaN,NaN,NaN,
1948031606,17s.1948,TC17S,TD,NN,-27.8,172.8,NaN,NaN,90,3,90,3,NaN,NaN,NaN,NaN,NaN,NaN,NaN,NaN,NaN,NaN,NT,NW,B,B,NaN,NaN,NaN,NaN,NaN,NaN,
1948031612,17s.1948,TC17S,TD,NN,-27.8,173.2,NaN,NaN,90,3,90,3,NaN,NaN,NaN,NaN,NaN,NaN,NaN,NaN,NaN,NaN,NT,NW,B,B,NaN,NaN,NaN,NaN,NaN,NaN,
1948031618,17s.1948,TC17S,TD,NN,-27.7,173.5,NaN,NaN,81,3,81,3,NaN,NaN,NaN,NaN,NaN,NaN,NaN,NaN,NaN,NaN,NT,NW,B,B,NaN,NaN,NaN,NaN,NaN,NaN,
1948031700,17s.1948,TC17S,TD,NN,-27.5,173.7,NaN,NaN,56,3,56,3,NaN,NaN,NaN,NaN,NaN,NaN,NaN,NaN,NaN,NaN,NT,NW,B,B,NaN,NaN,NaN,NaN,NaN,NaN,
1948031706,17s.1948,TC17S,TD,NN,-27.5,174.0,NaN,NaN,66,2,66,2,NaN,NaN,NaN,NaN,NaN,NaN,NaN,NaN,NaN,NaN,NT,NW,B,B,NaN,NaN,NaN,NaN,NaN,NaN,
1948031712,17s.1948,TC17S,TD,NN,-27.4,174.3,NaN,NaN,79,3,79,3,NaN,NaN,NaN,NaN,NaN,NaN,NaN,NaN,NaN,NaN,NT,NW,B,B,NaN,NaN,NaN,NaN,NaN,NaN,
1948031718,17s.1948,TC17S,TD,NN,-27.4,174.5,NaN,NaN,77,2,77,2,NaN,NaN,NaN,NaN,NaN,NaN,NaN,NaN,NaN,NaN,NT,NW,B,B,NaN,NaN,NaN,NaN,NaN,NaN,
1948031800,17s.1948,TC17S,TD,NN,-27.3,174.7,NaN,NaN,74,2,74,2,NaN,NaN,NaN,NaN,NaN,NaN,NaN,NaN,NaN,NaN,NT,NW,B,B,NaN,NaN,NaN,NaN,NaN,NaN,
1948031806,17s.1948,TC17S,TD,NN,-27.3,174.9,NaN,NaN,74,2,74,2,NaN,NaN,NaN,NaN,NaN,NaN,NaN,NaN,NaN,NaN,NT,NW,B,B,NaN,NaN,NaN,NaN,NaN,NaN,
1948031812,17s.1948,TC17S,TD,NN,-27.2,175.1,NaN,NaN,74,2,74,2,NaN,NaN,NaN,NaN,NaN,NaN,NaN,NaN,NaN,NaN,NT,NW,B,B,NaN,NaN,NaN,NaN,NaN,NaN,
1948031818,17s.1948,TC17S,TD,NN,-27.1,175.4,NaN,NaN,66,2,66,2,NaN,NaN,NaN,NaN,NaN,NaN,NaN,NaN,NaN,NaN,NT,NW,B,B,NaN,NaN,NaN,NaN,NaN,NaN,
1948031900,17s.1948,TC17S,TD,NN,-26.9,175.9,NaN,NaN,67,4,67,4,NaN,NaN,NaN,NaN,NaN,NaN,NaN,NaN,NaN,NaN,NT,NW,B,B,NaN,NaN,NaN,NaN,NaN,NaN,
1948031612,18s.1948,TC18S,TD,NN,-15.4,43.3,NaN,NaN,278,3,278,3,NaN,NaN,NaN,NaN,NaN,NaN,NaN,NaN,NaN,NaN,NT,NW,B,B,NaN,NaN,NaN,NaN,NaN,NaN,
1948031618,18s.1948,TC18S,TD,NN,-15.3,43.0,NaN,NaN,278,3,278,3,NaN,NaN,NaN,NaN,NaN,NaN,NaN,NaN,NaN,NaN,NT,NW,B,B,NaN,NaN,NaN,NaN,NaN,NaN,
1948031700,18s.1948,TC18S,TD,NN,-15.3,42.6,NaN,NaN,278,3,278,3,NaN,NaN,NaN,NaN,NaN,NaN,NaN,NaN,NaN,NaN,NT,NW,B,B,NaN,NaN,NaN,NaN,NaN,NaN,
1948031706,18s.1948,TC18S,TD,NN,-15.4,42.3,NaN,NaN,262,3,262,3,NaN,NaN,NaN,NaN,NaN,NaN,NaN,NaN,NaN,NaN,NT,NW,B,B,NaN,NaN,NaN,NaN,NaN,NaN,
1948031712,18s.1948,TC18S,TD,NN,-15.6,41.9,NaN,NaN,246,4,246,4,NaN,NaN,NaN,NaN,NaN,NaN,NaN,NaN,NaN,NaN,NT,NW,B,B,NaN,NaN,NaN,NaN,NaN,NaN,
1948031718,18s.1948,TC18S,TD,NN,-15.8,41.5,NaN,NaN,243,4,243,4,NaN,NaN,NaN,NaN,NaN,NaN,NaN,NaN,NaN,NaN,NT,NW,B,B,NaN,NaN,NaN,NaN,NaN,NaN,
1948031800,18s.1948,TC18S,TD,NN,-16.0,41.0,NaN,NaN,245,5,245,5,NaN,NaN,NaN,NaN,NaN,NaN,NaN,NaN,NaN,NaN,NT,NW,B,B,NaN,NaN,NaN,NaN,NaN,NaN,
1948031806,18s.1948,TC18S,TD,NN,-16.3,40.4,NaN,NaN,245,6,245,6,NaN,NaN,NaN,NaN,NaN,NaN,NaN,NaN,NaN,NaN,NT,NW,B,B,NaN,NaN,0.01,NaN,NaN,NaN,
1948031812,18s.1948,TC18S,TD,NN,-16.7,39.8,NaN,NaN,239,7,239,7,NaN,NaN,NaN,NaN,NaN,NaN,NaN,NaN,NaN,NaN,NT,NW,B,B,NaN,NaN,0.20,NaN,NaN,NaN,
1948031818,18s.1948,TC18S,TD,NN,-17.1,39.2,NaN,NaN,235,7,235,7,NaN,NaN,NaN,NaN,NaN,NaN,NaN,NaN,NaN,NaN,NT,NW,B,B,NaN,NaN,0.41,NaN,NaN,NaN,
1948031900,18s.1948,TC18S,TD,NN,-17.5,38.7,NaN,NaN,233,7,233,7,NaN,NaN,NaN,NaN,NaN,NaN,NaN,NaN,NaN,NaN,NT,NW,B,B,NaN,NaN,0.12,NaN,NaN,NaN,
1948032000,19s.1948,TC19S,TD,NN,-12.1,155.5,NaN,NaN,204,6,204,6,NaN,NaN,NaN,NaN,NaN,NaN,NaN,NaN,NaN,NaN,NT,NW,B,B,NaN,NaN,NaN,NaN,NaN,NaN,
1948032006,19s.1948,TC19S,TD,NN,-12.6,155.2,NaN,NaN,204,6,204,6,NaN,NaN,NaN,NaN,NaN,NaN,NaN,NaN,NaN,NaN,NT,NW,B,B,NaN,NaN,NaN,NaN,NaN,NaN,
1948032012,19s.1948,TC19S,TD,NN,-13.2,155.0,NaN,NaN,204,6,204,6,NaN,NaN,NaN,NaN,NaN,NaN,NaN,NaN,NaN,NaN,NT,NW,B,B,NaN,NaN,NaN,NaN,NaN,NaN,
1948032018,19s.1948,TC19S,TD,NN,-13.8,154.7,NaN,NaN,202,6,202,6,NaN,NaN,NaN,NaN,NaN,NaN,NaN,NaN,NaN,NaN,NT,NW,B,B,NaN,NaN,NaN,NaN,NaN,NaN,
1948032100,19s.1948,TC19S,TD,NN,-14.4,154.4,NaN,NaN,206,7,206,7,NaN,NaN,NaN,NaN,NaN,NaN,NaN,NaN,NaN,NaN,NT,NW,B,B,NaN,NaN,NaN,NaN,NaN,NaN,
1948032106,19s.1948,TC19S,TD,NN,-15.1,154.1,NaN,NaN,204,7,204,7,NaN,NaN,NaN,NaN,NaN,NaN,NaN,NaN,NaN,NaN,NT,NW,B,B,NaN,NaN,NaN,NaN,NaN,NaN,
1948032112,19s.1948,TC19S,TD,NN,-15.8,153.9,NaN,NaN,199,7,199,7,NaN,NaN,NaN,NaN,NaN,NaN,NaN,NaN,NaN,NaN,NT,NW,B,B,NaN,NaN,NaN,NaN,NaN,NaN,
1948032118,19s.1948,TC19S,TD,NN,-16.6,153.7,NaN,NaN,194,8,194,8,NaN,NaN,NaN,NaN,NaN,NaN,NaN,NaN,NaN,NaN,NT,NW,B,B,NaN,NaN,NaN,NaN,NaN,NaN,
1948032200,19s.1948,TC19S,TD,NN,-17.3,153.6,NaN,NaN,191,8,191,8,NaN,NaN,NaN,NaN,NaN,NaN,NaN,NaN,NaN,NaN,NT,NW,B,B,NaN,NaN,NaN,NaN,NaN,NaN,
1948032206,19s.1948,TC19S,TD,NN,-18.1,153.3,NaN,NaN,194,8,194,8,NaN,NaN,NaN,NaN,NaN,NaN,NaN,NaN,NaN,NaN,NT,NW,B,B,NaN,NaN,NaN,NaN,NaN,NaN,
1948032212,19s.1948,TC19S,TD,NN,-18.9,153.1,NaN,NaN,197,8,197,8,NaN,NaN,NaN,NaN,NaN,NaN,NaN,NaN,NaN,NaN,NT,NW,B,B,NaN,NaN,NaN,NaN,NaN,NaN,
1948032218,19s.1948,TC19S,TD,NN,-19.7,152.9,NaN,NaN,193,8,193,8,NaN,NaN,NaN,NaN,NaN,NaN,NaN,NaN,NaN,NaN,NT,NW,B,B,NaN,NaN,NaN,NaN,NaN,NaN,
1948032300,19s.1948,TC19S,TD,NN,-20.4,152.8,NaN,NaN,191,8,191,8,NaN,NaN,NaN,NaN,NaN,NaN,NaN,NaN,NaN,NaN,NT,NW,B,B,NaN,NaN,NaN,NaN,NaN,NaN,
1948032306,19s.1948,TC19S,TD,NN,-21.3,152.7,NaN,NaN,187,8,187,8,NaN,NaN,NaN,NaN,NaN,NaN,NaN,NaN,NaN,NaN,NT,NW,B,B,NaN,NaN,NaN,NaN,NaN,NaN,
1948032312,19s.1948,TC19S,TD,NN,-22.1,152.6,NaN,NaN,186,9,186,9,NaN,NaN,NaN,NaN,NaN,NaN,NaN,NaN,NaN,NaN,NT,NW,B,B,NaN,NaN,NaN,NaN,NaN,NaN,
1948032318,19s.1948,TC19S,TD,NN,-22.8,152.7,NaN,NaN,180,8,180,8,NaN,NaN,NaN,NaN,NaN,NaN,NaN,NaN,NaN,NaN,NT,NW,B,B,NaN,NaN,NaN,NaN,NaN,NaN,
1948032400,19s.1948,TC19S,TD,NN,-23.4,152.8,NaN,NaN,172,7,172,7,NaN,NaN,NaN,NaN,NaN,NaN,NaN,NaN,NaN,NaN,NT,NW,B,B,NaN,NaN,NaN,NaN,NaN,NaN,
1948032406,19s.1948,TC19S,TD,NN,-24.3,153.1,NaN,NaN,166,8,166,8,NaN,NaN,NaN,NaN,NaN,NaN,NaN,NaN,NaN,NaN,NT,NW,B,B,NaN,NaN,0.03,NaN,NaN,NaN,
1948032412,19s.1948,TC19S,TD,NN,-25.0,153.5,NaN,NaN,158,9,158,9,NaN,NaN,NaN,NaN,NaN,NaN,NaN,NaN,NaN,NaN,NT,NW,B,B,NaN,NaN,0.12,NaN,NaN,NaN,
1948032418,19s.1948,TC19S,TD,NN,-25.5,154.0,NaN,NaN,146,7,146,7,NaN,NaN,NaN,NaN,NaN,NaN,NaN,NaN,NaN,NaN,NT,NW,B,B,NaN,NaN,NaN,NaN,NaN,NaN,
1948032500,19s.1948,TC19S,TD,NN,-26.1,155.1,NaN,NaN,127,9,127,9,NaN,NaN,NaN,NaN,NaN,NaN,NaN,NaN,NaN,NaN,NT,NW,B,B,NaN,NaN,NaN,NaN,NaN,NaN,
1948032506,19s.1948,TC19S,TD,NN,-26.6,156.5,NaN,NaN,116,13,116,13,NaN,NaN,NaN,NaN,NaN,NaN,NaN,NaN,NaN,NaN,NT,NW,B,B,NaN,NaN,NaN,NaN,NaN,NaN,
1948032512,19s.1948,TC19S,TD,NN,-27.2,158.1,NaN,NaN,112,14,112,14,NaN,NaN,NaN,NaN,NaN,NaN,NaN,NaN,NaN,NaN,NT,NW,B,B,NaN,NaN,NaN,NaN,NaN,NaN,
1948032518,19s.1948,TC19S,TD,NN,-27.7,159.6,NaN,NaN,112,15,112,15,NaN,NaN,NaN,NaN,NaN,NaN,NaN,NaN,NaN,NaN,NT,NW,B,B,NaN,NaN,NaN,NaN,NaN,NaN,
1948032600,19s.1948,TC19S,TD,NN,-28.2,161.1,NaN,NaN,111,14,111,14,NaN,NaN,NaN,NaN,NaN,NaN,NaN,NaN,NaN,NaN,NT,NW,B,B,NaN,NaN,NaN,NaN,NaN,NaN,
1948032606,19s.1948,TC19S,TD,NN,-28.9,162.4,NaN,NaN,116,14,116,14,NaN,NaN,NaN,NaN,NaN,NaN,NaN,NaN,NaN,NaN,NT,NW,B,B,NaN,NaN,NaN,NaN,NaN,NaN,
1948032612,19s.1948,TC19S,TD,NN,-29.8,163.2,NaN,NaN,131,12,131,12,NaN,NaN,NaN,NaN,NaN,NaN,NaN,NaN,NaN,NaN,NT,NW,B,B,NaN,NaN,NaN,NaN,NaN,NaN,
1948032618,19s.1948,TC19S,TD,NN,-31.0,163.5,NaN,NaN,156,12,156,12,NaN,NaN,NaN,NaN,NaN,NaN,NaN,NaN,NaN,NaN,NT,NW,B,B,NaN,NaN,NaN,NaN,NaN,NaN,
1948032012,20s.1948,TC20S,TD,NN,-14.1,151.8,NaN,NaN,137,14,137,14,NaN,NaN,NaN,NaN,NaN,NaN,NaN,NaN,NaN,NaN,NT,NW,B,B,NaN,NaN,NaN,NaN,NaN,NaN,
1948032018,20s.1948,TC20S,TD,NN,-15.3,153.0,NaN,NaN,137,14,137,14,NaN,NaN,NaN,NaN,NaN,NaN,NaN,NaN,NaN,NaN,NT,NW,B,B,NaN,NaN,NaN,NaN,NaN,NaN,
1948032100,20s.1948,TC20S,TD,NN,-16.1,153.7,NaN,NaN,137,14,137,14,NaN,NaN,NaN,NaN,NaN,NaN,NaN,NaN,NaN,NaN,NT,NW,B,B,NaN,NaN,NaN,NaN,NaN,NaN,
1948032106,20s.1948,TC20S,TD,NN,-16.6,153.9,NaN,NaN,146,8,146,8,NaN,NaN,NaN,NaN,NaN,NaN,NaN,NaN,NaN,NaN,NT,NW,B,B,NaN,NaN,NaN,NaN,NaN,NaN,
1948032112,20s.1948,TC20S,TD,NN,-17.0,154.2,NaN,NaN,152,5,152,5,NaN,NaN,NaN,NaN,NaN,NaN,NaN,NaN,NaN,NaN,NT,NW,B,B,NaN,NaN,NaN,NaN,NaN,NaN,
1948032118,20s.1948,TC20S,TD,NN,-17.5,154.5,NaN,NaN,147,5,147,5,NaN,NaN,NaN,NaN,NaN,NaN,NaN,NaN,NaN,NaN,NT,NW,B,B,NaN,NaN,NaN,NaN,NaN,NaN,
1948032200,20s.1948,TC20S,TD,NN,-18.0,154.8,NaN,NaN,150,6,150,6,NaN,NaN,NaN,NaN,NaN,NaN,NaN,NaN,NaN,NaN,NT,NW,B,B,NaN,NaN,NaN,NaN,NaN,NaN,
1948032206,20s.1948,TC20S,TD,NN,-18.8,155.1,NaN,NaN,156,7,156,7,NaN,NaN,NaN,NaN,NaN,NaN,NaN,NaN,NaN,NaN,NT,NW,B,B,NaN,NaN,NaN,NaN,NaN,NaN,
1948032212,20s.1948,TC20S,TD,NN,-19.6,155.3,NaN,NaN,164,8,164,8,NaN,NaN,NaN,NaN,NaN,NaN,NaN,NaN,NaN,NaN,NT,NW,B,B,NaN,NaN,NaN,NaN,NaN,NaN,
1948032218,20s.1948,TC20S,TD,NN,-20.4,155.3,NaN,NaN,173,8,173,8,NaN,NaN,NaN,NaN,NaN,NaN,NaN,NaN,NaN,NaN,NT,NW,B,B,NaN,NaN,NaN,NaN,NaN,NaN,
1948032300,20s.1948,TC20S,TD,NN,-21.1,155.2,NaN,NaN,184,8,184,8,NaN,NaN,NaN,NaN,NaN,NaN,NaN,NaN,NaN,NaN,NT,NW,B,B,NaN,NaN,NaN,NaN,NaN,NaN,
1948032306,20s.1948,TC20S,TD,NN,-21.8,155.2,NaN,NaN,184,7,184,7,NaN,NaN,NaN,NaN,NaN,NaN,NaN,NaN,NaN,NaN,NT,NW,B,B,NaN,NaN,NaN,NaN,NaN,NaN,
1948032312,20s.1948,TC20S,TD,NN,-22.4,155.2,NaN,NaN,180,7,180,6,NaN,NaN,NaN,NaN,NaN,NaN,NaN,NaN,NaN,NaN,NT,NW,B,B,NaN,NaN,NaN,NaN,NaN,NaN,
1948032318,20s.1948,TC20S,TD,NN,-22.9,155.3,NaN,NaN,175,6,175,6,NaN,NaN,NaN,NaN,NaN,NaN,NaN,NaN,NaN,NaN,NT,NW,B,B,NaN,NaN,NaN,NaN,NaN,NaN,
1948032400,20s.1948,TC20S,TD,NN,-23.3,155.6,NaN,NaN,158,5,158,5,NaN,NaN,NaN,NaN,NaN,NaN,NaN,NaN,NaN,NaN,NT,NW,B,B,NaN,NaN,NaN,NaN,NaN,NaN,
1948032406,20s.1948,TC20S,TD,NN,-24.0,156.0,NaN,NaN,150,6,150,6,NaN,NaN,NaN,NaN,NaN,NaN,NaN,NaN,NaN,NaN,NT,NW,B,B,NaN,NaN,NaN,NaN,NaN,NaN,
1948032412,20s.1948,TC20S,TD,NN,-24.6,156.4,NaN,NaN,151,7,151,7,NaN,NaN,NaN,NaN,NaN,NaN,NaN,NaN,NaN,NaN,NT,NW,B,B,NaN,NaN,NaN,NaN,NaN,NaN,
1948032418,20s.1948,TC20S,TD,NN,-25.1,156.9,NaN,NaN,143,7,143,7,NaN,NaN,NaN,NaN,NaN,NaN,NaN,NaN,NaN,NaN,NT,NW,B,B,NaN,NaN,NaN,NaN,NaN,NaN,
1948032500,20s.1948,TC20S,TD,NN,-25.5,157.5,NaN,NaN,132,7,132,7,NaN,NaN,NaN,NaN,NaN,NaN,NaN,NaN,NaN,NaN,NT,NW,B,B,NaN,NaN,NaN,NaN,NaN,NaN,
1948032506,20s.1948,TC20S,TD,NN,-26.0,158.2,NaN,NaN,128,7,128,7,NaN,NaN,NaN,NaN,NaN,NaN,NaN,NaN,NaN,NaN,NT,NW,B,B,NaN,NaN,NaN,NaN,NaN,NaN,
1948032512,20s.1948,TC20S,TD,NN,-26.6,159.0,NaN,NaN,129,9,129,9,NaN,NaN,NaN,NaN,NaN,NaN,NaN,NaN,NaN,NaN,NT,NW,B,B,NaN,NaN,NaN,NaN,NaN,NaN,
1948032518,20s.1948,TC20S,TD,NN,-26.8,159.1,NaN,NaN,135,6,135,6,NaN,NaN,NaN,NaN,NaN,NaN,NaN,NaN,NaN,NaN,NT,NW,B,B,NaN,NaN,NaN,NaN,NaN,NaN,
1948032600,20s.1948,TC20S,TD,NN,-27.3,159.8,NaN,NaN,134,5,134,5,NaN,NaN,NaN,NaN,NaN,NaN,NaN,NaN,NaN,NaN,NT,NW,B,B,NaN,NaN,NaN,NaN,NaN,NaN,
1948032606,20s.1948,TC20S,TD,NN,-28.8,161.6,NaN,NaN,132,15,132,15,NaN,NaN,NaN,NaN,NaN,NaN,NaN,NaN,NaN,NaN,NT,NW,B,B,NaN,NaN,NaN,NaN,NaN,NaN,
1948032612,20s.1948,TC20S,TD,NN,-30.5,163.5,NaN,NaN,135,23,135,23,NaN,NaN,NaN,NaN,NaN,NaN,NaN,NaN,NaN,NaN,NT,NW,B,B,NaN,NaN,NaN,NaN,NaN,NaN,
1948032618,20s.1948,TC20S,TD,NN,-32.0,165.3,NaN,NaN,135,23,135,23,NaN,NaN,NaN,NaN,NaN,NaN,NaN,NaN,NaN,NaN,NT,NW,B,B,NaN,NaN,NaN,NaN,NaN,NaN,
1948032700,20s.1948,TC20S,TD,NN,-33.4,167.2,NaN,NaN,133,21,133,21,NaN,NaN,NaN,NaN,NaN,NaN,NaN,NaN,NaN,NaN,NT,NW,B,B,NaN,NaN,NaN,NaN,NaN,NaN,
1948032806,21s.1948,TC21S,TD,NN,-12.6,68.4,NaN,NaN,214,10,214,10,NaN,NaN,NaN,NaN,NaN,NaN,NaN,NaN,NaN,NaN,NT,NW,B,B,NaN,NaN,NaN,NaN,NaN,NaN,
1948032812,21s.1948,TC21S,TD,NN,-13.4,67.8,NaN,NaN,214,10,214,10,NaN,NaN,NaN,NaN,NaN,NaN,NaN,NaN,NaN,NaN,NT,NW,B,B,NaN,NaN,NaN,NaN,NaN,NaN,
1948032818,21s.1948,TC21S,TD,NN,-14.3,67.2,NaN,NaN,214,10,214,10,NaN,NaN,NaN,NaN,NaN,NaN,NaN,NaN,NaN,NaN,NT,NW,B,B,NaN,NaN,NaN,NaN,NaN,NaN,
1948032900,21s.1948,TC21S,TD,NN,-15.3,66.7,NaN,NaN,209,11,209,11,NaN,NaN,NaN,NaN,NaN,NaN,NaN,NaN,NaN,NaN,NT,NW,B,B,NaN,NaN,NaN,NaN,NaN,NaN,
1948032906,21s.1948,TC21S,TD,NN,-16.3,66.2,NaN,NaN,206,11,206,11,NaN,NaN,NaN,NaN,NaN,NaN,NaN,NaN,NaN,NaN,NT,NW,B,B,NaN,NaN,NaN,NaN,NaN,NaN,
1948032912,21s.1948,TC21S,TD,NN,-17.1,65.9,NaN,NaN,203,10,203,10,NaN,NaN,NaN,NaN,NaN,NaN,NaN,NaN,NaN,NaN,NT,NW,B,B,NaN,NaN,NaN,NaN,NaN,NaN,
1948032918,21s.1948,TC21S,TD,NN,-18.0,65.6,NaN,NaN,199,9,199,9,NaN,NaN,NaN,NaN,NaN,NaN,NaN,NaN,NaN,NaN,NT,NW,B,B,NaN,NaN,NaN,NaN,NaN,NaN,
1948033000,21s.1948,TC21S,TD,NN,-18.8,65.3,NaN,NaN,199,9,199,9,NaN,NaN,NaN,NaN,NaN,NaN,NaN,NaN,NaN,NaN,NT,NW,B,B,NaN,NaN,NaN,NaN,NaN,NaN,
1948033006,21s.1948,TC21S,TD,NN,-19.7,64.7,NaN,NaN,207,10,207,10,NaN,NaN,NaN,NaN,NaN,NaN,NaN,NaN,NaN,NaN,NT,NW,B,B,NaN,NaN,NaN,NaN,NaN,NaN,
1948033012,21s.1948,TC21S,TD,NN,-20.6,63.7,NaN,NaN,220,12,220,12,NaN,NaN,NaN,NaN,NaN,NaN,NaN,NaN,NaN,NaN,NT,NW,B,B,NaN,NaN,NaN,NaN,NaN,NaN,
1948033018,21s.1948,TC21S,TD,NN,-21.6,62.5,NaN,NaN,227,14,227,14,NaN,NaN,NaN,NaN,NaN,NaN,NaN,NaN,NaN,NaN,NT,NW,B,B,NaN,NaN,NaN,NaN,NaN,NaN,
1948033100,21s.1948,TC21S,TD,NN,-22.4,61.3,NaN,NaN,231,14,231,14,NaN,NaN,NaN,NaN,NaN,NaN,NaN,NaN,NaN,NaN,NT,NW,B,B,NaN,NaN,NaN,NaN,NaN,NaN,
1948033106,21s.1948,TC21S,TD,NN,-23.1,60.0,NaN,NaN,237,14,237,14,NaN,NaN,NaN,NaN,NaN,NaN,NaN,NaN,NaN,NaN,NT,NW,B,B,NaN,NaN,NaN,NaN,NaN,NaN,
1948040900,22s.1948,TC22S,TD,NN,-16.0,124.5,NaN,NaN,252,7,252,7,NaN,NaN,NaN,NaN,NaN,NaN,NaN,NaN,NaN,NaN,NT,NW,B,B,NaN,NaN,0.54,NaN,NaN,NaN,
1948040906,22s.1948,TC22S,TD,NN,-16.3,123.8,NaN,NaN,252,7,252,7,NaN,NaN,NaN,NaN,NaN,NaN,NaN,NaN,NaN,NaN,NT,NW,B,B,NaN,NaN,0.56,NaN,NaN,NaN,
1948040912,22s.1948,TC22S,TD,NN,-16.4,123.2,NaN,NaN,252,7,252,7,NaN,NaN,NaN,NaN,NaN,NaN,NaN,NaN,NaN,NaN,NT,NW,B,B,NaN,NaN,0.23,NaN,NaN,NaN,
1948040918,22s.1948,TC22S,TD,NN,-16.4,122.4,NaN,NaN,266,7,266,7,NaN,NaN,NaN,NaN,NaN,NaN,NaN,NaN,NaN,NaN,NT,NW,B,B,NaN,NaN,0.18,NaN,NaN,NaN,
1948041000,22s.1948,TC22S,TD,NN,-16.3,121.9,NaN,NaN,275,6,275,6,NaN,NaN,NaN,NaN,NaN,NaN,NaN,NaN,NaN,NaN,NT,NW,B,B,NaN,NaN,NaN,NaN,NaN,NaN,
1948041006,22s.1948,TC22S,TD,NN,-16.2,121.8,NaN,NaN,289,3,289,3,NaN,NaN,NaN,NaN,NaN,NaN,NaN,NaN,NaN,NaN,NT,NW,B,B,NaN,NaN,NaN,NaN,NaN,NaN,
1948041012,22s.1948,TC22S,TD,NN,-16.1,121.9,NaN,NaN,360,1,360,1,NaN,NaN,NaN,NaN,NaN,NaN,NaN,NaN,NaN,NaN,NT,NW,B,B,NaN,NaN,NaN,NaN,NaN,NaN,
1948041018,22s.1948,TC22S,TD,NN,-16.0,121.9,NaN,NaN,26,1,26,1,NaN,NaN,NaN,NaN,NaN,NaN,NaN,NaN,NaN,NaN,NT,NW,B,B,NaN,NaN,NaN,NaN,NaN,NaN,
1948041100,22s.1948,TC22S,TD,NN,-15.7,122.0,NaN,NaN,14,2,14,2,NaN,NaN,NaN,NaN,NaN,NaN,NaN,NaN,NaN,NaN,NT,NW,B,B,NaN,NaN,NaN,NaN,NaN,NaN,
1948041106,22s.1948,TC22S,TD,NN,-15.2,122.4,NaN,NaN,31,5,31,5,NaN,NaN,NaN,NaN,NaN,NaN,NaN,NaN,NaN,NaN,NT,NW,B,B,NaN,NaN,NaN,NaN,NaN,NaN,
1948041112,22s.1948,TC22S,TD,NN,-14.6,122.6,NaN,NaN,28,6,28,6,NaN,NaN,NaN,NaN,NaN,NaN,NaN,NaN,NaN,NaN,NT,NW,B,B,NaN,NaN,NaN,NaN,NaN,NaN,
1948041118,22s.1948,TC22S,TD,NN,-14.0,122.4,NaN,NaN,360,6,360,6,NaN,NaN,NaN,NaN,NaN,NaN,NaN,NaN,NaN,NaN,NT,NW,B,B,NaN,NaN,NaN,NaN,NaN,NaN,
1948041200,22s.1948,TC22S,TD,NN,-13.7,122.1,NaN,NaN,332,5,332,5,NaN,NaN,NaN,NaN,NaN,NaN,NaN,NaN,NaN,NaN,NT,NW,B,B,NaN,NaN,NaN,NaN,NaN,NaN,
1948041206,22s.1948,TC22S,TD,NN,-14.2,121.8,NaN,NaN,251,3,251,3,NaN,NaN,NaN,NaN,NaN,NaN,NaN,NaN,NaN,NaN,NT,NW,B,B,NaN,NaN,NaN,NaN,NaN,NaN,
1948041212,22s.1948,TC22S,TD,NN,-14.8,121.4,NaN,NaN,212,6,212,6,NaN,NaN,NaN,NaN,NaN,NaN,NaN,NaN,NaN,NaN,NT,NW,B,B,NaN,NaN,NaN,NaN,NaN,NaN,
1948041218,22s.1948,TC22S,TD,NN,-15.2,121.1,NaN,NaN,214,6,214,6,NaN,NaN,NaN,NaN,NaN,NaN,NaN,NaN,NaN,NaN,NT,NW,B,B,NaN,NaN,NaN,NaN,NaN,NaN,
1948041300,22s.1948,TC22S,TD,NN,-15.7,120.7,NaN,NaN,217,6,217,6,NaN,NaN,NaN,NaN,NaN,NaN,NaN,NaN,NaN,NaN,NT,NW,B,B,NaN,NaN,NaN,NaN,NaN,NaN,
1948041306,22s.1948,TC22S,TD,NN,-16.1,120.2,NaN,NaN,224,6,224,6,NaN,NaN,NaN,NaN,NaN,NaN,NaN,NaN,NaN,NaN,NT,NW,B,B,NaN,NaN,NaN,NaN,NaN,NaN,
1948041312,22s.1948,TC22S,TD,NN,-16.5,119.6,NaN,NaN,233,7,233,7,NaN,NaN,NaN,NaN,NaN,NaN,NaN,NaN,NaN,NaN,NT,NW,B,B,NaN,NaN,NaN,NaN,NaN,NaN,
1948041318,22s.1948,TC22S,TD,NN,-16.9,118.9,NaN,NaN,237,7,237,7,NaN,NaN,NaN,NaN,NaN,NaN,NaN,NaN,NaN,NaN,NT,NW,B,B,NaN,NaN,NaN,NaN,NaN,NaN,
1948043000,23s.1948,TC23S,TD,NN,-22.2,153.0,NaN,NaN,234,3,234,3,NaN,NaN,NaN,NaN,NaN,NaN,NaN,NaN,NaN,NaN,NT,NW,B,B,NaN,NaN,NaN,NaN,NaN,NaN,
1948043006,23s.1948,TC23S,TD,NN,-22.4,152.7,NaN,NaN,234,3,234,3,NaN,NaN,NaN,NaN,NaN,NaN,NaN,NaN,NaN,NaN,NT,NW,B,B,NaN,NaN,NaN,NaN,NaN,NaN,
1948043012,23s.1948,TC23S,TD,NN,-22.6,152.4,NaN,NaN,234,3,234,3,NaN,NaN,NaN,NaN,NaN,NaN,NaN,NaN,NaN,NaN,NT,NW,B,B,NaN,NaN,NaN,NaN,NaN,NaN,
1948043018,23s.1948,TC23S,TD,NN,-22.9,152.1,NaN,NaN,228,4,228,4,NaN,NaN,NaN,NaN,NaN,NaN,NaN,NaN,NaN,NaN,NT,NW,B,B,NaN,NaN,NaN,NaN,NaN,NaN,
1948050100,23s.1948,TC23S,TD,NN,-23.1,151.8,NaN,NaN,228,4,228,4,NaN,NaN,NaN,NaN,NaN,NaN,NaN,NaN,NaN,NaN,NT,NW,B,B,NaN,NaN,NaN,NaN,NaN,NaN,
1948050106,23s.1948,TC23S,TD,NN,-23.4,151.4,NaN,NaN,232,4,232,4,NaN,NaN,NaN,NaN,NaN,NaN,NaN,NaN,NaN,NaN,NT,NW,B,B,NaN,NaN,0.12,NaN,NaN,NaN,
1948050112,23s.1948,TC23S,TD,NN,-23.8,150.9,NaN,NaN,230,5,230,5,NaN,NaN,NaN,NaN,NaN,NaN,NaN,NaN,NaN,NaN,NT,NW,B,B,NaN,NaN,0.84,NaN,NaN,NaN,
1948050118,23s.1948,TC23S,TD,NN,-24.2,150.3,NaN,NaN,232,6,232,6,NaN,NaN,NaN,NaN,NaN,NaN,NaN,NaN,NaN,NaN,NT,NW,B,B,NaN,NaN,0.98,NaN,NaN,NaN,
