dtg,stmid,sname,tcvmax,tctype,rlat,rlon,vmax,pmin,dir,spd,trkdir,trkspd,r34m,r34ne,r34se,r34sw,r34nw,r50m,r50ne,r50se,r50sw,r50nw,tccode,wncode,dirtype,posttype,roci,poci,alf,depth,rmax,tdo,
1980031800,w01.1980,9X-W01,TD,NN,6.4,140.9,15,NaN,315,8,315,8,NaN,NaN,NaN,NaN,NaN,NaN,NaN,NaN,NaN,NaN,NT,NW,b,b,NaN,NaN,NaN,NaN,NaN,NaN,
1980031806,w01.1980,9X-W01,TD,NN,6.8,140.5,20,NaN,315,8,315,8,NaN,NaN,NaN,NaN,NaN,NaN,NaN,NaN,NaN,NaN,NT,NW,b,b,NaN,NaN,NaN,NaN,NaN,NaN,
1980031812,w01.1980,9X-W01,TD,NN,7.6,139.7,20,NaN,315,8,315,8,NaN,NaN,NaN,NaN,NaN,NaN,NaN,NaN,NaN,NaN,NT,NW,b,b,NaN,NaN,NaN,NaN,NaN,NaN,
1980031818,w01.1980,9X-W01,TD,NN,8.2,139.0,20,NaN,313,10,313,10,NaN,NaN,NaN,NaN,NaN,NaN,NaN,NaN,NaN,NaN,NT,NW,b,b,NaN,NaN,NaN,NaN,NaN,NaN,
1980031900,w01.1980,9X-W01,TD,NN,8.7,138.3,20,NaN,308,9,308,9,NaN,NaN,NaN,NaN,NaN,NaN,NaN,NaN,NaN,NaN,NT,NW,b,b,NaN,NaN,NaN,NaN,NaN,NaN,
1980031906,w01.1980,9X-W01,TD,NN,8.8,137.9,20,NaN,299,6,299,6,NaN,NaN,NaN,NaN,NaN,NaN,NaN,NaN,NaN,NaN,NT,NW,b,b,NaN,NaN,NaN,NaN,NaN,NaN,
1980031912,w01.1980,9X-W01,TD,NN,9.0,137.3,20,NaN,287,5,287,5,NaN,NaN,NaN,NaN,NaN,NaN,NaN,NaN,NaN,NaN,NT,NW,b,b,NaN,NaN,NaN,NaN,NaN,NaN,
1980031918,w01.1980,9X-W01,TD,NN,9.0,136.7,20,NaN,280,6,280,6,NaN,NaN,NaN,NaN,NaN,NaN,NaN,NaN,NaN,NaN,NT,NW,b,b,NaN,NaN,NaN,NaN,NaN,NaN,
1980032000,w01.1980,9X-W01,TD,NN,9.0,136.2,25,NaN,270,5,270,5,NaN,NaN,NaN,NaN,NaN,NaN,NaN,NaN,NaN,NaN,TD,NW,b,b,NaN,NaN,NaN,NaN,NaN,NaN,
1980032006,01w.1980,NONAME,TD,NN,8.9,135.1,25,NaN,278,7,266,8,NaN,NaN,NaN,NaN,NaN,NaN,NaN,NaN,NaN,NaN,TD,WN,c,c,NaN,NaN,NaN,NaN,NaN,NaN,
1980032012,01w.1980,NONAME,TD,NN,9.0,134.6,25,NaN,275,6,270,8,NaN,NaN,NaN,NaN,NaN,NaN,NaN,NaN,NaN,NaN,TD,WN,c,c,NaN,NaN,NaN,NaN,NaN,NaN,
1980032018,01w.1980,NONAME,TD,NN,9.2,134.4,30,NaN,291,7,293,4,NaN,NaN,NaN,NaN,NaN,NaN,NaN,NaN,NaN,NaN,TD,WN,c,c,NaN,NaN,NaN,NaN,NaN,NaN,
1980032100,01w.1980,NONAME,TD,NN,9.4,133.6,30,NaN,289,6,292,5,NaN,NaN,NaN,NaN,NaN,NaN,NaN,NaN,NaN,NaN,TD,WN,c,c,NaN,NaN,NaN,NaN,NaN,NaN,
1980032106,01w.1980,NONAME,TD,NN,9.0,133.4,30,NaN,270,4,259,5,NaN,NaN,NaN,NaN,NaN,NaN,NaN,NaN,NaN,NaN,TD,WN,c,c,NaN,NaN,NaN,NaN,NaN,NaN,
1980032112,01w.1980,NONAME,TD,NN,9.6,133.1,30,NaN,293,6,292,3,NaN,NaN,NaN,NaN,NaN,NaN,NaN,NaN,NaN,NaN,TD,WN,c,c,NaN,NaN,NaN,NaN,NaN,NaN,
1980032118,01w.1980,NONAME,TD,NN,9.7,132.3,30,NaN,289,8,303,6,NaN,NaN,NaN,NaN,NaN,NaN,NaN,NaN,NaN,NaN,TD,WN,c,c,NaN,NaN,NaN,NaN,NaN,NaN,
1980032200,01w.1980,NONAME,TD,NN,10.4,127.6,30,NaN,297,8,278,27,NaN,NaN,NaN,NaN,NaN,NaN,NaN,NaN,NaN,NaN,TD,WN,c,c,NaN,NaN,NaN,NaN,NaN,NaN,
1980032206,01w.1980,NONAME,TD,NN,10.7,129.1,30,NaN,288,11,288,17,NaN,NaN,NaN,NaN,NaN,NaN,NaN,NaN,NaN,NaN,TD,WN,c,c,NaN,NaN,NaN,NaN,NaN,NaN,
1980032212,01w.1980,NONAME,TD,NN,11.1,128.4,30,NaN,294,12,48,5,NaN,NaN,NaN,NaN,NaN,NaN,NaN,NaN,NaN,NaN,TD,WN,c,c,NaN,NaN,NaN,NaN,NaN,NaN,
1980032218,01w.1980,NONAME,TD,NN,11.2,127.9,30,NaN,295,8,293,6,NaN,NaN,NaN,NaN,NaN,NaN,NaN,NaN,NaN,NaN,TD,WN,c,c,NaN,NaN,NaN,NaN,NaN,NaN,
1980032300,01w.1980,NONAME,TD,NN,11.0,127.7,20,NaN,286,6,262,3,NaN,NaN,NaN,NaN,NaN,NaN,NaN,NaN,NaN,NaN,NT,WN,c,c,NaN,NaN,NaN,NaN,NaN,NaN,
1980032306,01w.1980,NONAME,TD,NN,11.2,127.5,20,NaN,297,6,270,2,NaN,NaN,NaN,NaN,NaN,NaN,NaN,NaN,NaN,NaN,NT,WN,c,c,NaN,NaN,NaN,NaN,NaN,NaN,
1980032312,01w.1980,NONAME,TD,NN,12.1,126.1,20,NaN,301,9,305,10,NaN,NaN,NaN,NaN,NaN,NaN,NaN,NaN,NaN,NaN,NT,WN,c,c,NaN,NaN,NaN,NaN,NaN,NaN,
1980032318,01w.1980,NONAME,TD,NN,12.5,124.9,30,NaN,297,14,297,14,NaN,NaN,NaN,NaN,NaN,NaN,NaN,NaN,NaN,NaN,TD,WN,b,b,NaN,NaN,0.45,NaN,NaN,NaN,
1980032400,01w.1980,NONAME,TD,NN,13.5,123.9,20,NaN,302,12,303,13,NaN,NaN,NaN,NaN,NaN,NaN,NaN,NaN,NaN,NaN,NT,WN,c,c,NaN,NaN,0.39,NaN,NaN,NaN,
1980032406,01w.1980,NONAME,TD,NN,13.8,122.2,20,NaN,296,15,296,15,NaN,NaN,NaN,NaN,NaN,NaN,NaN,NaN,NaN,NaN,NT,WN,b,b,NaN,NaN,0.40,NaN,NaN,NaN,
1980032412,01w.1980,NONAME,TD,NN,14.0,121.5,20,NaN,282,12,282,12,NaN,NaN,NaN,NaN,NaN,NaN,NaN,NaN,NaN,NaN,NT,NW,b,b,NaN,NaN,0.50,NaN,NaN,NaN,
1980032418,01w.1980,NONAME,TD,NN,14.2,120.7,15,NaN,285,8,285,8,NaN,NaN,NaN,NaN,NaN,NaN,NaN,NaN,NaN,NaN,NT,NW,b,b,NaN,NaN,0.24,NaN,NaN,NaN,
1980032500,01w.1980,NONAME,TD,NN,14.3,119.8,15,NaN,280,8,280,8,NaN,NaN,NaN,NaN,NaN,NaN,NaN,NaN,NaN,NaN,NT,NW,b,b,NaN,NaN,0.15,NaN,NaN,NaN,
1980040400,w02.1980,9X-W02,TS,NN,4.7,181.4,20,NaN,353,13,353,13,NaN,NaN,NaN,NaN,NaN,NaN,NaN,NaN,NaN,NaN,NT,NW,b,b,NaN,NaN,NaN,NaN,NaN,NaN,
1980040406,w02.1980,9X-W02,TS,NN,6.0,181.2,25,NaN,353,13,353,13,NaN,NaN,NaN,NaN,NaN,NaN,NaN,NaN,NaN,NaN,TD,NW,b,b,NaN,NaN,NaN,NaN,NaN,NaN,
1980040412,w02.1980,9X-W02,TS,NN,7.2,181.1,30,NaN,353,13,353,13,NaN,NaN,NaN,NaN,NaN,NaN,NaN,NaN,NaN,NaN,TD,NW,b,b,NaN,NaN,NaN,NaN,NaN,NaN,
1980040418,w02.1980,9X-W02,TS,NN,8.3,180.4,35,NaN,341,12,341,12,NaN,NaN,NaN,NaN,NaN,NaN,NaN,NaN,NaN,NaN,TS,NW,b,b,NaN,NaN,NaN,NaN,NaN,NaN,
1980040500,02w.1980,CARMEN,TS,NN,9.6,180.2,30,NaN,340,13,340,13,NaN,NaN,NaN,NaN,NaN,NaN,NaN,NaN,NaN,NaN,TD,WN,c,c,NaN,NaN,NaN,NaN,NaN,NaN,
1980040506,02w.1980,CARMEN,TS,NN,10.0,172.8,30,NaN,6,9,283,38,NaN,NaN,NaN,NaN,NaN,NaN,NaN,NaN,NaN,NaN,TD,WN,c,c,NaN,NaN,NaN,NaN,NaN,NaN,
1980040512,02w.1980,CARMEN,TS,NN,11.0,178.2,40,NaN,323,11,305,12,NaN,NaN,NaN,NaN,NaN,NaN,NaN,NaN,NaN,NaN,TS,WN,c,c,NaN,NaN,NaN,NaN,NaN,NaN,
1980040518,02w.1980,CARMEN,TS,NN,14.0,177.8,45,NaN,336,15,51,32,NaN,NaN,NaN,NaN,NaN,NaN,NaN,NaN,NaN,NaN,TS,WN,c,c,NaN,NaN,NaN,NaN,NaN,NaN,
1980040600,02w.1980,CARMEN,TS,NN,14.7,176.7,45,NaN,330,14,338,20,NaN,NaN,NaN,NaN,NaN,NaN,NaN,NaN,NaN,NaN,TS,WN,c,c,NaN,NaN,NaN,NaN,NaN,NaN,
1980040606,02w.1980,CARMEN,TS,NN,14.5,177.2,45,NaN,334,13,311,4,NaN,NaN,NaN,NaN,NaN,NaN,NaN,NaN,NaN,NaN,TS,WN,c,c,NaN,NaN,NaN,NaN,NaN,NaN,
1980040612,02w.1980,CARMEN,TS,NN,17.4,177.9,60,NaN,23,12,23,15,NaN,NaN,NaN,NaN,NaN,NaN,NaN,NaN,NaN,NaN,TS,WN,c,c,NaN,NaN,NaN,NaN,NaN,NaN,
1980040618,02w.1980,CARMEN,TS,NN,18.5,178.8,50,NaN,31,12,21,21,NaN,NaN,NaN,NaN,NaN,NaN,NaN,NaN,NaN,NaN,TS,WN,c,c,NaN,NaN,NaN,NaN,NaN,NaN,
1980040700,02w.1980,CARMEN,TS,NN,18.8,179.0,45,NaN,37,9,37,9,NaN,NaN,NaN,NaN,NaN,NaN,NaN,NaN,NaN,NaN,TS,WN,b,b,NaN,NaN,NaN,NaN,NaN,NaN,
1980040706,02w.1980,CARMEN,TS,NN,19.4,179.7,45,NaN,43,6,43,6,NaN,NaN,NaN,NaN,NaN,NaN,NaN,NaN,NaN,NaN,TS,NW,b,b,NaN,NaN,NaN,NaN,NaN,NaN,
1980040712,02w.1980,CARMEN,TS,NN,19.7,180.0,40,NaN,46,7,46,7,NaN,NaN,NaN,NaN,NaN,NaN,NaN,NaN,NaN,NaN,TS,NW,b,b,NaN,NaN,NaN,NaN,NaN,NaN,
1980040718,02w.1980,CARMEN,TS,NN,20.0,180.2,40,NaN,38,4,38,4,NaN,NaN,NaN,NaN,NaN,NaN,NaN,NaN,NaN,NaN,TS,NW,b,b,NaN,NaN,NaN,NaN,NaN,NaN,
1980040800,02w.1980,CARMEN,TS,NN,20.3,180.4,35,NaN,32,4,32,4,NaN,NaN,NaN,NaN,NaN,NaN,NaN,NaN,NaN,NaN,TS,NW,b,b,NaN,NaN,NaN,NaN,NaN,NaN,
1980040806,02w.1980,CARMEN,TS,NN,20.6,180.6,35,NaN,32,4,32,4,NaN,NaN,NaN,NaN,NaN,NaN,NaN,NaN,NaN,NaN,TS,NW,b,b,NaN,NaN,NaN,NaN,NaN,NaN,
1980040812,02w.1980,CARMEN,TS,NN,20.9,181.1,30,NaN,48,4,48,4,NaN,NaN,NaN,NaN,NaN,NaN,NaN,NaN,NaN,NaN,TD,NW,b,b,NaN,NaN,NaN,NaN,NaN,NaN,
1980040818,02w.1980,CARMEN,TS,NN,21.2,181.6,30,NaN,57,6,57,6,NaN,NaN,NaN,NaN,NaN,NaN,NaN,NaN,NaN,NaN,TD,NW,b,b,NaN,NaN,NaN,NaN,NaN,NaN,
1980040900,02w.1980,CARMEN,TS,NN,21.4,182.0,25,NaN,59,5,59,5,NaN,NaN,NaN,NaN,NaN,NaN,NaN,NaN,NaN,NaN,TD,NW,b,b,NaN,NaN,NaN,NaN,NaN,NaN,
1980050800,w03.1980,9X-W03,TY,NN,8.2,142.6,20,NaN,267,8,267,8,NaN,NaN,NaN,NaN,NaN,NaN,NaN,NaN,NaN,NaN,NT,NW,b,b,NaN,NaN,NaN,NaN,NaN,NaN,
1980050806,w03.1980,9X-W03,TY,NN,8.2,141.8,20,NaN,267,8,267,8,NaN,NaN,NaN,NaN,NaN,NaN,NaN,NaN,NaN,NaN,NT,NW,b,b,NaN,NaN,NaN,NaN,NaN,NaN,
1980050812,w03.1980,9X-W03,TY,NN,8.1,140.9,20,NaN,267,8,267,8,NaN,NaN,NaN,NaN,NaN,NaN,NaN,NaN,NaN,NaN,NT,NW,b,b,NaN,NaN,NaN,NaN,NaN,NaN,
1980050818,w03.1980,9X-W03,TY,NN,7.9,140.2,20,NaN,259,8,259,8,NaN,NaN,NaN,NaN,NaN,NaN,NaN,NaN,NaN,NaN,NT,NW,b,b,NaN,NaN,NaN,NaN,NaN,NaN,
1980050900,w03.1980,9X-W03,TY,NN,7.7,139.2,25,NaN,257,9,257,9,NaN,NaN,NaN,NaN,NaN,NaN,NaN,NaN,NaN,NaN,TD,NW,b,b,NaN,NaN,NaN,NaN,NaN,NaN,
1980050906,w03.1980,9X-W03,TY,NN,8.3,138.2,25,NaN,281,10,281,10,NaN,NaN,NaN,NaN,NaN,NaN,NaN,NaN,NaN,NaN,TD,NW,b,b,NaN,NaN,NaN,NaN,NaN,NaN,
1980050912,w03.1980,9X-W03,TY,NN,9.1,137.4,25,NaN,308,11,308,11,NaN,NaN,NaN,NaN,NaN,NaN,NaN,NaN,NaN,NaN,TD,NW,b,b,NaN,NaN,NaN,NaN,NaN,NaN,
1980050918,w03.1980,9X-W03,TY,NN,9.9,136.6,30,NaN,315,11,315,11,NaN,NaN,NaN,NaN,NaN,NaN,NaN,NaN,NaN,NaN,TD,NW,b,b,NaN,NaN,NaN,NaN,NaN,NaN,
1980051000,w03.1980,9X-W03,TY,NN,10.2,135.7,30,NaN,303,10,303,10,NaN,NaN,NaN,NaN,NaN,NaN,NaN,NaN,NaN,NaN,TD,NW,b,b,NaN,NaN,NaN,NaN,NaN,NaN,
1980051006,w03.1980,9X-W03,TY,NN,10.3,134.8,30,NaN,283,9,283,9,NaN,NaN,NaN,NaN,NaN,NaN,NaN,NaN,NaN,NaN,TD,NW,b,b,NaN,NaN,NaN,NaN,NaN,NaN,
1980051012,w03.1980,9X-W03,TY,NN,11.0,133.7,30,NaN,292,11,292,11,NaN,NaN,NaN,NaN,NaN,NaN,NaN,NaN,NaN,NaN,TD,NW,b,b,NaN,NaN,NaN,NaN,NaN,NaN,
1980051018,03w.1980,DOM,TY,NN,11.3,132.3,35,NaN,292,13,292,13,NaN,NaN,NaN,NaN,NaN,NaN,NaN,NaN,NaN,NaN,TS,NW,b,b,NaN,NaN,NaN,NaN,NaN,NaN,
1980051100,03w.1980,DOM,TY,NN,11.5,131.5,40,NaN,283,11,283,11,NaN,NaN,NaN,NaN,NaN,NaN,NaN,NaN,NaN,NaN,TS,NW,b,b,NaN,NaN,NaN,NaN,NaN,NaN,
1980051106,03w.1980,DOM,TY,NN,11.8,130.4,45,NaN,285,10,285,10,NaN,NaN,NaN,NaN,NaN,NaN,NaN,NaN,NaN,NaN,TS,NW,b,b,NaN,NaN,NaN,NaN,NaN,NaN,
1980051112,03w.1980,DOM,TY,NN,12.3,129.3,50,NaN,290,11,290,11,NaN,NaN,NaN,NaN,NaN,NaN,NaN,NaN,NaN,NaN,TS,NW,b,b,NaN,NaN,NaN,NaN,NaN,NaN,
1980051118,03w.1980,DOM,TY,NN,13.0,128.0,55,NaN,297,13,297,13,NaN,NaN,NaN,NaN,NaN,NaN,NaN,NaN,NaN,NaN,TS,NW,b,b,NaN,NaN,NaN,NaN,NaN,NaN,
1980051200,03w.1980,DOM,TY,NN,13.6,126.9,60,NaN,299,13,299,13,NaN,NaN,NaN,NaN,NaN,NaN,NaN,NaN,NaN,NaN,TS,NW,b,b,NaN,NaN,NaN,NaN,NaN,NaN,
1980051206,03w.1980,DOM,TY,NN,14.1,125.9,65,NaN,298,12,298,12,NaN,NaN,NaN,NaN,NaN,NaN,NaN,NaN,NaN,NaN,TY,NW,b,b,NaN,NaN,NaN,NaN,NaN,NaN,
1980051212,03w.1980,DOM,TY,NN,14.9,125.0,70,NaN,305,11,305,11,NaN,NaN,NaN,NaN,NaN,NaN,NaN,NaN,NaN,NaN,TY,NW,b,b,NaN,NaN,NaN,NaN,NaN,NaN,
1980051218,03w.1980,DOM,TY,NN,15.5,124.3,75,NaN,312,10,312,10,NaN,NaN,NaN,NaN,NaN,NaN,NaN,NaN,NaN,NaN,TY,NW,b,b,NaN,NaN,NaN,NaN,NaN,NaN,
1980051300,03w.1980,DOM,TY,NN,15.9,123.9,80,NaN,313,7,313,7,NaN,NaN,NaN,NaN,NaN,NaN,NaN,NaN,NaN,NaN,TY,NW,b,b,NaN,NaN,NaN,NaN,NaN,NaN,
1980051306,03w.1980,DOM,TY,NN,16.3,123.6,90,NaN,320,5,320,5,NaN,NaN,NaN,NaN,NaN,NaN,NaN,NaN,NaN,NaN,TY,NW,b,b,NaN,NaN,NaN,NaN,NaN,NaN,
1980051312,03w.1980,DOM,TY,NN,16.6,123.3,85,NaN,321,5,321,5,NaN,NaN,NaN,NaN,NaN,NaN,NaN,NaN,NaN,NaN,TY,NW,b,b,NaN,NaN,NaN,NaN,NaN,NaN,
1980051318,03w.1980,DOM,TY,NN,16.9,123.1,80,NaN,321,4,321,4,NaN,NaN,NaN,NaN,NaN,NaN,NaN,NaN,NaN,NaN,TY,NW,b,b,NaN,NaN,NaN,NaN,NaN,NaN,
1980051400,03w.1980,DOM,TY,NN,17.2,122.8,75,NaN,321,4,321,4,NaN,NaN,NaN,NaN,NaN,NaN,NaN,NaN,NaN,NaN,TY,NW,b,b,NaN,NaN,NaN,NaN,NaN,NaN,
1980051406,03w.1980,DOM,TY,NN,17.3,122.7,65,NaN,316,3,316,3,NaN,NaN,NaN,NaN,NaN,NaN,NaN,NaN,NaN,NaN,TY,NW,b,b,NaN,NaN,0.27,NaN,NaN,NaN,
1980051412,03w.1980,DOM,TY,NN,17.5,122.5,55,NaN,316,2,316,2,NaN,NaN,NaN,NaN,NaN,NaN,NaN,NaN,NaN,NaN,TS,NW,b,b,NaN,NaN,0.27,NaN,NaN,NaN,
1980051418,03w.1980,DOM,TY,NN,17.7,122.4,50,NaN,324,2,324,2,NaN,NaN,NaN,NaN,NaN,NaN,NaN,NaN,NaN,NaN,TS,NW,b,b,NaN,NaN,0.27,NaN,NaN,NaN,
1980051500,03w.1980,DOM,TY,NN,18.0,122.4,45,NaN,349,3,349,3,NaN,NaN,NaN,NaN,NaN,NaN,NaN,NaN,NaN,NaN,TS,NW,b,b,NaN,NaN,0.19,NaN,NaN,NaN,
1980051506,03w.1980,DOM,TY,NN,18.3,122.4,50,NaN,360,3,360,3,NaN,NaN,NaN,NaN,NaN,NaN,NaN,NaN,NaN,NaN,TS,NW,b,b,NaN,NaN,0.12,NaN,NaN,NaN,
1980051512,03w.1980,DOM,TY,NN,18.6,122.5,55,NaN,9,3,9,3,NaN,NaN,NaN,NaN,NaN,NaN,NaN,NaN,NaN,NaN,TS,NW,b,b,NaN,NaN,0.12,NaN,NaN,NaN,
1980051518,03w.1980,DOM,TY,NN,19.1,122.6,60,NaN,13,4,13,4,NaN,NaN,NaN,NaN,NaN,NaN,NaN,NaN,NaN,NaN,TS,NW,b,b,NaN,NaN,NaN,NaN,NaN,NaN,
1980051600,03w.1980,DOM,TY,NN,19.4,122.9,65,NaN,25,4,25,4,NaN,NaN,NaN,NaN,NaN,NaN,NaN,NaN,NaN,NaN,TY,NW,b,b,NaN,NaN,NaN,NaN,NaN,NaN,
1980051606,03w.1980,DOM,TY,NN,19.7,123.2,65,NaN,43,4,43,4,NaN,NaN,NaN,NaN,NaN,NaN,NaN,NaN,NaN,NaN,TY,NW,b,b,NaN,NaN,NaN,NaN,NaN,NaN,
1980051612,03w.1980,DOM,TY,NN,19.9,123.9,65,NaN,62,5,62,5,NaN,NaN,NaN,NaN,NaN,NaN,NaN,NaN,NaN,NaN,TY,NW,b,b,NaN,NaN,NaN,NaN,NaN,NaN,
1980051618,03w.1980,DOM,TY,NN,20.2,124.7,65,NaN,70,7,70,7,NaN,NaN,NaN,NaN,NaN,NaN,NaN,NaN,NaN,NaN,TY,NW,b,b,NaN,NaN,NaN,NaN,NaN,NaN,
1980051700,03w.1980,DOM,TY,NN,20.6,125.3,60,NaN,62,7,62,7,NaN,NaN,NaN,NaN,NaN,NaN,NaN,NaN,NaN,NaN,TS,NW,b,b,NaN,NaN,NaN,NaN,NaN,NaN,
1980051706,03w.1980,DOM,TY,NN,20.9,125.8,60,NaN,56,6,56,6,NaN,NaN,NaN,NaN,NaN,NaN,NaN,NaN,NaN,NaN,TS,NW,b,b,NaN,NaN,NaN,NaN,NaN,NaN,
1980051712,03w.1980,DOM,TY,NN,21.2,126.4,55,NaN,60,6,60,6,NaN,NaN,NaN,NaN,NaN,NaN,NaN,NaN,NaN,NaN,TS,NW,b,b,NaN,NaN,NaN,NaN,NaN,NaN,
1980051718,03w.1980,DOM,TY,NN,21.3,126.9,50,NaN,69,6,69,6,NaN,NaN,NaN,NaN,NaN,NaN,NaN,NaN,NaN,NaN,TS,NW,b,b,NaN,NaN,NaN,NaN,NaN,NaN,
1980051800,03w.1980,DOM,TY,NN,21.1,127.4,45,NaN,96,5,96,5,NaN,NaN,NaN,NaN,NaN,NaN,NaN,NaN,NaN,NaN,TS,NW,b,b,NaN,NaN,NaN,NaN,NaN,NaN,
1980051806,03w.1980,DOM,TY,NN,20.8,127.1,40,NaN,160,3,160,3,NaN,NaN,NaN,NaN,NaN,NaN,NaN,NaN,NaN,NaN,TS,NW,b,b,NaN,NaN,NaN,NaN,NaN,NaN,
1980051812,03w.1980,DOM,TY,NN,20.7,126.7,35,NaN,239,4,239,4,NaN,NaN,NaN,NaN,NaN,NaN,NaN,NaN,NaN,NaN,TS,NW,b,b,NaN,NaN,NaN,NaN,NaN,NaN,
1980051818,03w.1980,DOM,TY,NN,20.6,126.4,30,NaN,253,3,253,3,NaN,NaN,NaN,NaN,NaN,NaN,NaN,NaN,NaN,NaN,TD,NW,b,b,NaN,NaN,NaN,NaN,NaN,NaN,
1980051900,03w.1980,DOM,TY,NN,20.8,126.1,30,NaN,280,3,280,3,NaN,NaN,NaN,NaN,NaN,NaN,NaN,NaN,NaN,NaN,TD,NW,b,b,NaN,NaN,NaN,NaN,NaN,NaN,
1980051906,03w.1980,DOM,TY,NN,21.0,125.9,25,NaN,311,3,311,3,NaN,NaN,NaN,NaN,NaN,NaN,NaN,NaN,NaN,NaN,TD,NW,b,b,NaN,NaN,NaN,NaN,NaN,NaN,
1980051912,03w.1980,DOM,TY,NN,21.3,126.0,25,NaN,349,3,349,3,NaN,NaN,NaN,NaN,NaN,NaN,NaN,NaN,NaN,NaN,TD,NW,b,b,NaN,NaN,NaN,NaN,NaN,NaN,
1980051918,03w.1980,DOM,TY,NN,21.5,126.2,20,NaN,29,3,29,3,NaN,NaN,NaN,NaN,NaN,NaN,NaN,NaN,NaN,NaN,NT,NW,b,b,NaN,NaN,NaN,NaN,NaN,NaN,
1980052000,03w.1980,DOM,TY,NN,21.7,126.5,20,NaN,49,3,49,3,NaN,NaN,NaN,NaN,NaN,NaN,NaN,NaN,NaN,NaN,NT,NW,b,b,NaN,NaN,NaN,NaN,NaN,NaN,
1980051112,w04.1980,9X-W04,TY,NN,6.9,148.5,15,NaN,275,5,275,5,NaN,NaN,NaN,NaN,NaN,NaN,NaN,NaN,NaN,NaN,NT,NW,b,b,NaN,NaN,NaN,NaN,NaN,NaN,
1980051118,w04.1980,9X-W04,TY,NN,6.9,147.9,15,NaN,275,5,275,5,NaN,NaN,NaN,NaN,NaN,NaN,NaN,NaN,NaN,NaN,NT,NW,b,b,NaN,NaN,NaN,NaN,NaN,NaN,
1980051200,w04.1980,9X-W04,TY,NN,7.0,147.4,20,NaN,275,5,275,5,NaN,NaN,NaN,NaN,NaN,NaN,NaN,NaN,NaN,NaN,NT,NW,b,b,NaN,NaN,NaN,NaN,NaN,NaN,
1980051206,w04.1980,9X-W04,TY,NN,7.0,146.7,25,NaN,275,6,275,6,NaN,NaN,NaN,NaN,NaN,NaN,NaN,NaN,NaN,NaN,TD,NW,b,b,NaN,NaN,NaN,NaN,NaN,NaN,
1980051212,w04.1980,9X-W04,TY,NN,7.0,146.1,30,NaN,270,6,270,6,NaN,NaN,NaN,NaN,NaN,NaN,NaN,NaN,NaN,NaN,TD,NW,b,b,NaN,NaN,NaN,NaN,NaN,NaN,
1980051218,w04.1980,9X-W04,TY,NN,7.1,145.4,35,NaN,274,6,274,6,NaN,NaN,NaN,NaN,NaN,NaN,NaN,NaN,NaN,NaN,TS,NW,b,b,NaN,NaN,NaN,NaN,NaN,NaN,
1980051300,w04.1980,9X-W04,TY,NN,7.2,144.8,40,NaN,279,7,279,7,NaN,NaN,NaN,NaN,NaN,NaN,NaN,NaN,NaN,NaN,TS,NW,b,b,NaN,NaN,NaN,NaN,NaN,NaN,
1980051306,04w.1980,ELLEN,TY,NN,7.4,144.0,40,NaN,270,5,282,7,NaN,NaN,NaN,NaN,NaN,NaN,NaN,NaN,NaN,NaN,TS,WN,c,c,NaN,NaN,NaN,NaN,NaN,NaN,
1980051312,04w.1980,ELLEN,TY,NN,7.6,143.1,50,NaN,279,10,283,9,NaN,NaN,NaN,NaN,NaN,NaN,NaN,NaN,NaN,NaN,TS,WN,c,c,NaN,NaN,NaN,NaN,NaN,NaN,
1980051318,04w.1980,ELLEN,TY,NN,7.4,143.1,50,NaN,275,6,270,4,NaN,NaN,NaN,NaN,NaN,NaN,NaN,NaN,NaN,NaN,TS,WN,c,c,NaN,NaN,NaN,NaN,NaN,NaN,
1980051400,04w.1980,ELLEN,TY,NN,8.2,143.3,45,NaN,302,5,18,3,NaN,NaN,NaN,NaN,NaN,NaN,NaN,NaN,NaN,NaN,TS,WN,c,c,NaN,NaN,NaN,NaN,NaN,NaN,
1980051406,04w.1980,ELLEN,TY,NN,8.2,142.9,45,NaN,301,6,346,4,NaN,NaN,NaN,NaN,NaN,NaN,NaN,NaN,NaN,NaN,TS,WN,c,c,NaN,NaN,NaN,NaN,NaN,NaN,
1980051412,04w.1980,ELLEN,TY,NN,7.6,144.3,45,NaN,295,12,121,6,NaN,NaN,NaN,NaN,NaN,NaN,NaN,NaN,NaN,NaN,TS,WN,c,c,NaN,NaN,NaN,NaN,NaN,NaN,
1980051418,04w.1980,ELLEN,TY,NN,8.5,142.0,50,NaN,289,5,289,5,NaN,NaN,NaN,NaN,NaN,NaN,NaN,NaN,NaN,NaN,TS,WN,c,c,NaN,NaN,NaN,NaN,NaN,NaN,
1980051500,04w.1980,ELLEN,TY,NN,8.0,142.0,65,NaN,315,4,280,12,NaN,NaN,NaN,NaN,NaN,NaN,NaN,NaN,NaN,NaN,TY,WN,c,c,NaN,NaN,NaN,NaN,NaN,NaN,
1980051506,04w.1980,ELLEN,TY,NN,10.6,142.3,75,NaN,350,6,8,11,NaN,NaN,NaN,NaN,NaN,NaN,NaN,NaN,NaN,NaN,TY,WN,c,c,NaN,NaN,NaN,NaN,NaN,NaN,
1980051512,04w.1980,ELLEN,TY,NN,11.5,141.8,80,NaN,360,8,357,18,NaN,NaN,NaN,NaN,NaN,NaN,NaN,NaN,NaN,NaN,TY,WN,c,c,NaN,NaN,NaN,NaN,NaN,NaN,
1980051518,04w.1980,ELLEN,TY,NN,11.8,142.0,100,NaN,9,7,346,6,NaN,NaN,NaN,NaN,NaN,NaN,NaN,NaN,NaN,NaN,TY,WN,c,c,NaN,NaN,NaN,NaN,NaN,NaN,
1980051600,04w.1980,ELLEN,TY,NN,12.5,141.4,110,NaN,351,7,339,5,NaN,NaN,NaN,NaN,NaN,NaN,NaN,NaN,NaN,NaN,TY,WN,c,c,NaN,NaN,NaN,NaN,NaN,NaN,
1980051606,04w.1980,ELLEN,TY,NN,12.5,141.2,110,NaN,337,5,312,5,NaN,NaN,NaN,NaN,NaN,NaN,NaN,NaN,NaN,NaN,TY,WN,c,c,NaN,NaN,NaN,NaN,NaN,NaN,
1980051612,04w.1980,ELLEN,TY,NN,12.8,141.3,105,NaN,339,3,342,2,NaN,NaN,NaN,NaN,NaN,NaN,NaN,NaN,NaN,NaN,TY,WN,c,c,NaN,NaN,NaN,NaN,NaN,NaN,
1980051618,04w.1980,ELLEN,TY,NN,13.0,141.3,105,NaN,360,3,11,3,NaN,NaN,NaN,NaN,NaN,NaN,NaN,NaN,NaN,NaN,TY,WN,c,c,NaN,NaN,NaN,NaN,NaN,NaN,
1980051700,04w.1980,ELLEN,TY,NN,13.4,141.3,110,NaN,352,4,360,3,NaN,NaN,NaN,NaN,NaN,NaN,NaN,NaN,NaN,NaN,TY,WN,c,c,NaN,NaN,NaN,NaN,NaN,NaN,
1980051706,04w.1980,ELLEN,TY,NN,13.9,141.2,110,NaN,360,3,354,5,NaN,NaN,NaN,NaN,NaN,NaN,NaN,NaN,NaN,NaN,TY,WN,c,c,NaN,NaN,NaN,NaN,NaN,NaN,
1980051712,04w.1980,ELLEN,TY,NN,14.5,141.1,110,NaN,360,5,350,6,NaN,NaN,NaN,NaN,NaN,NaN,NaN,NaN,NaN,NaN,TY,WN,c,c,NaN,NaN,NaN,NaN,NaN,NaN,
1980051718,04w.1980,ELLEN,TY,NN,17.0,159.3,105,NaN,274,46,80,89,NaN,NaN,NaN,NaN,NaN,NaN,NaN,NaN,NaN,NaN,TY,WN,c,c,NaN,NaN,NaN,NaN,NaN,NaN,
1980051800,04w.1980,ELLEN,TY,NN,15.5,140.5,110,NaN,332,6,330,6,NaN,NaN,NaN,NaN,NaN,NaN,NaN,NaN,NaN,NaN,TY,WN,c,c,NaN,NaN,NaN,NaN,NaN,NaN,
1980051806,04w.1980,ELLEN,TY,NN,16.1,140.2,110,NaN,326,6,267,92,NaN,NaN,NaN,NaN,NaN,NaN,NaN,NaN,NaN,NaN,TY,WN,c,c,NaN,NaN,NaN,NaN,NaN,NaN,
1980051812,04w.1980,ELLEN,TY,NN,17.0,139.5,105,NaN,327,9,327,9,NaN,NaN,NaN,NaN,NaN,NaN,NaN,NaN,NaN,NaN,TY,WN,c,c,NaN,NaN,NaN,NaN,NaN,NaN,
1980051818,04w.1980,ELLEN,TY,NN,17.6,138.5,105,NaN,320,10,313,11,NaN,NaN,NaN,NaN,NaN,NaN,NaN,NaN,NaN,NaN,TY,WN,c,c,NaN,NaN,NaN,NaN,NaN,NaN,
1980051900,04w.1980,ELLEN,TY,NN,18.0,138.5,100,NaN,309,8,316,7,NaN,NaN,NaN,NaN,NaN,NaN,NaN,NaN,NaN,NaN,TY,WN,c,c,NaN,NaN,NaN,NaN,NaN,NaN,
1980051906,04w.1980,ELLEN,TY,NN,18.8,137.2,100,NaN,314,7,314,9,NaN,NaN,NaN,NaN,NaN,NaN,NaN,NaN,NaN,NaN,TY,WN,c,c,NaN,NaN,NaN,NaN,NaN,NaN,
1980051912,04w.1980,ELLEN,TY,NN,19.9,137.3,95,NaN,329,11,329,11,NaN,NaN,NaN,NaN,NaN,NaN,NaN,NaN,NaN,NaN,TY,WN,b,b,NaN,NaN,NaN,NaN,NaN,NaN,
1980051918,04w.1980,ELLEN,TY,NN,21.9,136.7,95,NaN,334,13,351,16,NaN,NaN,NaN,NaN,NaN,NaN,NaN,NaN,NaN,NaN,TY,WN,c,c,NaN,NaN,NaN,NaN,NaN,NaN,
1980052000,04w.1980,ELLEN,TY,NN,22.4,135.8,85,NaN,326,12,331,14,NaN,NaN,NaN,NaN,NaN,NaN,NaN,NaN,NaN,NaN,TY,WN,c,c,NaN,NaN,NaN,NaN,NaN,NaN,
1980052006,04w.1980,ELLEN,TY,NN,23.8,135.1,75,NaN,333,11,322,12,NaN,NaN,NaN,NaN,NaN,NaN,NaN,NaN,NaN,NaN,TY,WN,c,c,NaN,NaN,NaN,NaN,NaN,NaN,
1980052012,04w.1980,ELLEN,TY,NN,25.6,135.5,65,NaN,360,16,355,16,NaN,NaN,NaN,NaN,NaN,NaN,NaN,NaN,NaN,NaN,TY,WN,c,c,NaN,NaN,NaN,NaN,NaN,NaN,
1980052018,04w.1980,ELLEN,TY,NN,27.5,135.9,60,NaN,11,19,11,19,NaN,NaN,NaN,NaN,NaN,NaN,NaN,NaN,NaN,NaN,TS,WN,b,b,NaN,NaN,NaN,NaN,NaN,NaN,
1980052100,04w.1980,ELLEN,TY,NN,29.8,137.0,55,NaN,42,20,18,22,NaN,NaN,NaN,NaN,NaN,NaN,NaN,NaN,NaN,NaN,TS,WN,c,c,NaN,NaN,NaN,NaN,NaN,NaN,
1980052106,04w.1980,ELLEN,TY,NN,32.1,138.1,45,NaN,52,24,23,25,NaN,NaN,NaN,NaN,NaN,NaN,NaN,NaN,NaN,NaN,TS,WN,c,c,NaN,NaN,NaN,NaN,NaN,NaN,
1980052112,04w.1980,ELLEN,TY,NN,34.3,141.3,35,NaN,39,29,39,29,NaN,NaN,NaN,NaN,NaN,NaN,NaN,NaN,NaN,NaN,TS,WN,b,b,NaN,NaN,NaN,NaN,NaN,NaN,
1980052118,04w.1980,ELLEN,TY,NN,38.1,145.1,30,NaN,44,41,44,41,NaN,NaN,NaN,NaN,NaN,NaN,NaN,NaN,NaN,NaN,TD,NW,b,b,NaN,NaN,NaN,NaN,NaN,NaN,
1980051900,w05.1980,9X-W05,TS,NN,6.4,154.6,20,NaN,286,7,286,7,NaN,NaN,NaN,NaN,NaN,NaN,NaN,NaN,NaN,NaN,NT,NW,b,b,NaN,NaN,NaN,NaN,NaN,NaN,
1980051906,w05.1980,9X-W05,TS,NN,6.7,153.9,20,NaN,286,7,286,7,NaN,NaN,NaN,NaN,NaN,NaN,NaN,NaN,NaN,NaN,NT,NW,b,b,NaN,NaN,NaN,NaN,NaN,NaN,
1980051912,w05.1980,9X-W05,TS,NN,6.8,153.2,25,NaN,286,7,286,7,NaN,NaN,NaN,NaN,NaN,NaN,NaN,NaN,NaN,NaN,TD,NW,b,b,NaN,NaN,NaN,NaN,NaN,NaN,
1980051918,w05.1980,9X-W05,TS,NN,6.9,152.4,25,NaN,278,8,278,8,NaN,NaN,NaN,NaN,NaN,NaN,NaN,NaN,NaN,NaN,TD,NW,b,b,NaN,NaN,NaN,NaN,NaN,NaN,
1980052000,05w.1980,FORREST,TS,NN,6.7,151.5,35,NaN,270,9,267,8,NaN,NaN,NaN,NaN,NaN,NaN,NaN,NaN,NaN,NaN,TS,WN,c,c,NaN,NaN,NaN,NaN,NaN,NaN,
1980052006,05w.1980,FORREST,TS,NN,7.6,149.8,35,NaN,287,12,285,13,NaN,NaN,NaN,NaN,NaN,NaN,NaN,NaN,NaN,NaN,TS,WN,c,c,NaN,NaN,NaN,NaN,NaN,NaN,
1980052012,05w.1980,FORREST,TS,NN,12.9,127.0,35,NaN,105,17,284,125,NaN,NaN,NaN,NaN,NaN,NaN,NaN,NaN,NaN,NaN,TS,WN,c,c,NaN,NaN,NaN,NaN,NaN,NaN,
1980052018,05w.1980,FORREST,TS,NN,8.4,145.8,40,NaN,284,20,281,20,NaN,NaN,NaN,NaN,NaN,NaN,NaN,NaN,NaN,NaN,TS,WN,c,c,NaN,NaN,NaN,NaN,NaN,NaN,
1980052100,05w.1980,FORREST,TS,NN,8.9,145.1,40,NaN,293,16,103,91,NaN,NaN,NaN,NaN,NaN,NaN,NaN,NaN,NaN,NaN,TS,WN,c,c,NaN,NaN,NaN,NaN,NaN,NaN,
1980052106,05w.1980,FORREST,TS,NN,9.4,143.5,45,NaN,287,15,294,12,NaN,NaN,NaN,NaN,NaN,NaN,NaN,NaN,NaN,NaN,TS,WN,c,c,NaN,NaN,NaN,NaN,NaN,NaN,
1980052112,05w.1980,FORREST,TS,NN,9.2,142.1,45,NaN,278,14,276,15,NaN,NaN,NaN,NaN,NaN,NaN,NaN,NaN,NaN,NaN,TS,WN,c,c,NaN,NaN,NaN,NaN,NaN,NaN,
1980052118,05w.1980,FORREST,TS,NN,9.7,140.8,45,NaN,280,15,276,13,NaN,NaN,NaN,NaN,NaN,NaN,NaN,NaN,NaN,NaN,TS,WN,c,c,NaN,NaN,NaN,NaN,NaN,NaN,
1980052200,05w.1980,FORREST,TS,NN,10.4,138.6,40,NaN,289,18,289,18,NaN,NaN,NaN,NaN,NaN,NaN,NaN,NaN,NaN,NaN,TS,WN,c,c,NaN,NaN,NaN,NaN,NaN,NaN,
1980052206,05w.1980,FORREST,TS,NN,11.1,137.1,45,NaN,288,19,291,19,NaN,NaN,NaN,NaN,NaN,NaN,NaN,NaN,NaN,NaN,TS,WN,c,c,NaN,NaN,NaN,NaN,NaN,NaN,
1980052212,05w.1980,FORREST,TS,NN,10.9,136.5,45,NaN,282,15,284,11,NaN,NaN,NaN,NaN,NaN,NaN,NaN,NaN,NaN,NaN,TS,WN,c,c,NaN,NaN,NaN,NaN,NaN,NaN,
1980052218,05w.1980,FORREST,TS,NN,11.1,134.4,45,NaN,283,16,270,13,NaN,NaN,NaN,NaN,NaN,NaN,NaN,NaN,NaN,NaN,TS,WN,c,c,NaN,NaN,NaN,NaN,NaN,NaN,
1980052300,05w.1980,FORREST,TS,NN,10.7,132.5,50,NaN,270,17,267,20,NaN,NaN,NaN,NaN,NaN,NaN,NaN,NaN,NaN,NaN,TS,WN,c,c,NaN,NaN,NaN,NaN,NaN,NaN,
1980052306,05w.1980,FORREST,TS,NN,10.8,136.0,50,NaN,270,29,101,8,NaN,NaN,NaN,NaN,NaN,NaN,NaN,NaN,NaN,NaN,TS,WN,c,c,NaN,NaN,NaN,NaN,NaN,NaN,
1980052312,05w.1980,FORREST,TS,NN,11.4,129.9,45,NaN,279,13,285,13,NaN,NaN,NaN,NaN,NaN,NaN,NaN,NaN,NaN,NaN,TS,WN,c,c,NaN,NaN,NaN,NaN,NaN,NaN,
1980052318,05w.1980,FORREST,TS,NN,9.4,128.1,45,NaN,285,17,260,40,NaN,NaN,NaN,NaN,NaN,NaN,NaN,NaN,NaN,NaN,TS,WN,c,c,NaN,NaN,NaN,NaN,NaN,NaN,
1980052400,05w.1980,FORREST,TS,NN,12.6,139.3,50,NaN,282,25,83,46,NaN,NaN,NaN,NaN,NaN,NaN,NaN,NaN,NaN,NaN,TS,WN,c,c,NaN,NaN,NaN,NaN,NaN,NaN,
1980052406,05w.1980,FORREST,TS,NN,13.2,125.1,55,NaN,289,15,322,24,NaN,NaN,NaN,NaN,NaN,NaN,NaN,NaN,NaN,NaN,TS,WN,c,c,NaN,NaN,0.03,NaN,NaN,NaN,
1980052412,05w.1980,FORREST,TS,NN,13.9,124.3,55,NaN,296,12,275,73,NaN,NaN,NaN,NaN,NaN,NaN,NaN,NaN,NaN,NaN,TS,WN,c,c,NaN,NaN,0.12,NaN,NaN,NaN,
1980052418,05w.1980,FORREST,TS,NN,15.0,122.2,55,NaN,301,15,303,17,NaN,NaN,NaN,NaN,NaN,NaN,NaN,NaN,NaN,NaN,TS,WN,c,c,NaN,NaN,0.14,NaN,NaN,NaN,
1980052500,05w.1980,FORREST,TS,NN,15.5,122.0,50,NaN,300,11,306,14,NaN,NaN,NaN,NaN,NaN,NaN,NaN,NaN,NaN,NaN,TS,WN,c,c,NaN,NaN,0.06,NaN,NaN,NaN,
1980052506,05w.1980,FORREST,TS,NN,15.5,121.5,45,NaN,309,8,307,4,NaN,NaN,NaN,NaN,NaN,NaN,NaN,NaN,NaN,NaN,TS,WN,c,c,NaN,NaN,0.53,NaN,NaN,NaN,
1980052512,05w.1980,FORREST,TS,NN,15.5,120.6,35,NaN,285,8,270,7,NaN,NaN,NaN,NaN,NaN,NaN,NaN,NaN,NaN,NaN,TS,WN,c,c,NaN,NaN,0.98,NaN,NaN,NaN,
1980052518,05w.1980,FORREST,TS,NN,16.2,119.5,35,NaN,293,9,290,10,NaN,NaN,NaN,NaN,NaN,NaN,NaN,NaN,NaN,NaN,TS,WN,c,c,NaN,NaN,0.13,NaN,NaN,NaN,
1980052600,05w.1980,FORREST,TS,NN,20.0,120.5,20,NaN,359,23,359,23,NaN,NaN,NaN,NaN,NaN,NaN,NaN,NaN,NaN,NaN,NT,WN,b,b,NaN,NaN,NaN,NaN,NaN,NaN,
1980052606,05w.1980,FORREST,TS,NN,21.0,121.5,20,NaN,22,26,22,26,NaN,NaN,NaN,NaN,NaN,NaN,NaN,NaN,NaN,NaN,NT,WN,b,b,NaN,NaN,0.01,NaN,NaN,NaN,
1980051912,w06.1980,9X-W06,TS,NN,15.5,115.0,20,NaN,243,5,243,5,NaN,NaN,NaN,NaN,NaN,NaN,NaN,NaN,NaN,NaN,NT,NW,b,b,NaN,NaN,NaN,NaN,NaN,NaN,
1980051918,w06.1980,9X-W06,TS,NN,15.3,114.4,20,NaN,243,5,243,5,NaN,NaN,NaN,NaN,NaN,NaN,NaN,NaN,NaN,NaN,NT,NW,b,b,NaN,NaN,NaN,NaN,NaN,NaN,
1980052000,w06.1980,9X-W06,TS,NN,15.0,114.0,20,NaN,243,5,243,5,NaN,NaN,NaN,NaN,NaN,NaN,NaN,NaN,NaN,NaN,NT,NW,b,b,NaN,NaN,NaN,NaN,NaN,NaN,
1980052006,w06.1980,9X-W06,TS,NN,14.4,114.4,20,NaN,180,5,180,5,NaN,NaN,NaN,NaN,NaN,NaN,NaN,NaN,NaN,NaN,NT,NW,b,b,NaN,NaN,NaN,NaN,NaN,NaN,
1980052012,w06.1980,9X-W06,TS,NN,14.0,115.0,25,NaN,136,7,136,7,NaN,NaN,NaN,NaN,NaN,NaN,NaN,NaN,NaN,NaN,TD,NW,b,b,NaN,NaN,NaN,NaN,NaN,NaN,
1980052018,w06.1980,9X-W06,TS,NN,13.9,115.8,25,NaN,110,7,110,7,NaN,NaN,NaN,NaN,NaN,NaN,NaN,NaN,NaN,NaN,TD,NW,b,b,NaN,NaN,NaN,NaN,NaN,NaN,
1980052100,w06.1980,9X-W06,TS,NN,14.5,116.4,25,NaN,70,7,70,7,NaN,NaN,NaN,NaN,NaN,NaN,NaN,NaN,NaN,NaN,TD,NW,b,b,NaN,NaN,NaN,NaN,NaN,NaN,
1980052106,06w.1980,GEORGIA,TS,NN,15.5,116.4,30,NaN,31,5,20,9,NaN,NaN,NaN,NaN,NaN,NaN,NaN,NaN,NaN,NaN,TD,WN,c,c,NaN,NaN,NaN,NaN,NaN,NaN,
1980052112,06w.1980,GEORGIA,TS,NN,15.8,116.6,30,NaN,29,4,8,7,NaN,NaN,NaN,NaN,NaN,NaN,NaN,NaN,NaN,NaN,TD,WN,c,c,NaN,NaN,NaN,NaN,NaN,NaN,
1980052118,06w.1980,GEORGIA,TS,NN,16.0,115.7,30,NaN,342,5,307,4,NaN,NaN,NaN,NaN,NaN,NaN,NaN,NaN,NaN,NaN,TD,WN,c,c,NaN,NaN,NaN,NaN,NaN,NaN,
1980052200,06w.1980,GEORGIA,TS,NN,16.8,115.8,30,NaN,5,6,322,6,NaN,NaN,NaN,NaN,NaN,NaN,NaN,NaN,NaN,NaN,TD,WN,c,c,NaN,NaN,NaN,NaN,NaN,NaN,
1980052206,06w.1980,GEORGIA,TS,NN,17.4,114.4,50,NaN,318,9,318,9,NaN,NaN,NaN,NaN,NaN,NaN,NaN,NaN,NaN,NaN,TS,WN,b,b,NaN,NaN,NaN,NaN,NaN,NaN,
1980052212,06w.1980,GEORGIA,TS,NN,17.9,115.0,45,NaN,360,6,325,7,NaN,NaN,NaN,NaN,NaN,NaN,NaN,NaN,NaN,NaN,TS,WN,c,c,NaN,NaN,NaN,NaN,NaN,NaN,
1980052218,06w.1980,GEORGIA,TS,NN,18.6,115.2,45,NaN,35,7,32,7,NaN,NaN,NaN,NaN,NaN,NaN,NaN,NaN,NaN,NaN,TS,WN,c,c,NaN,NaN,NaN,NaN,NaN,NaN,
1980052300,06w.1980,GEORGIA,TS,NN,20.5,115.0,50,NaN,17,3,360,13,NaN,NaN,NaN,NaN,NaN,NaN,NaN,NaN,NaN,NaN,TS,WN,c,c,NaN,NaN,NaN,NaN,NaN,NaN,
1980052306,06w.1980,GEORGIA,TS,NN,20.5,114.8,50,NaN,360,8,349,10,NaN,NaN,NaN,NaN,NaN,NaN,NaN,NaN,NaN,NaN,TS,WN,c,c,NaN,NaN,NaN,NaN,NaN,NaN,
1980052312,06w.1980,GEORGIA,TS,NN,21.5,115.5,55,NaN,19,8,25,6,NaN,NaN,NaN,NaN,NaN,NaN,NaN,NaN,NaN,NaN,TS,WN,c,c,NaN,NaN,NaN,NaN,NaN,NaN,
1980052318,06w.1980,GEORGIA,TS,NN,22.4,116.1,55,NaN,28,8,32,11,NaN,NaN,NaN,NaN,NaN,NaN,NaN,NaN,NaN,NaN,TS,WN,c,c,NaN,NaN,0.12,NaN,NaN,NaN,
1980052400,06w.1980,GEORGIA,TS,NN,23.0,116.5,30,NaN,35,8,32,9,NaN,NaN,NaN,NaN,NaN,NaN,NaN,NaN,NaN,NaN,TD,WN,c,c,NaN,NaN,0.36,NaN,NaN,NaN,
1980052406,06w.1980,GEORGIA,TS,NN,24.3,117.4,45,NaN,32,11,32,11,NaN,NaN,NaN,NaN,NaN,NaN,NaN,NaN,NaN,NaN,TS,NW,b,b,NaN,NaN,0.95,NaN,NaN,NaN,
1980052412,06w.1980,GEORGIA,TS,NN,24.9,118.3,30,NaN,41,13,41,13,NaN,NaN,NaN,NaN,NaN,NaN,NaN,NaN,NaN,NaN,TD,NW,b,b,NaN,NaN,0.77,NaN,NaN,NaN,
1980061900,w07.1980,9X-W07,TS,NN,6.0,141.8,10,NaN,291,10,291,10,NaN,NaN,NaN,NaN,NaN,NaN,NaN,NaN,NaN,NaN,NT,NW,b,b,NaN,NaN,NaN,NaN,NaN,NaN,
1980061906,w07.1980,9X-W07,TS,NN,6.3,141.0,10,NaN,291,10,291,10,NaN,NaN,NaN,NaN,NaN,NaN,NaN,NaN,NaN,NaN,NT,NW,b,b,NaN,NaN,NaN,NaN,NaN,NaN,
1980061912,w07.1980,9X-W07,TS,NN,6.7,140.0,10,NaN,291,10,291,10,NaN,NaN,NaN,NaN,NaN,NaN,NaN,NaN,NaN,NaN,NT,NW,b,b,NaN,NaN,NaN,NaN,NaN,NaN,
1980061918,w07.1980,9X-W07,TS,NN,7.0,139.3,15,NaN,293,9,293,9,NaN,NaN,NaN,NaN,NaN,NaN,NaN,NaN,NaN,NaN,NT,NW,b,b,NaN,NaN,NaN,NaN,NaN,NaN,
1980062000,w07.1980,9X-W07,TS,NN,7.2,138.5,15,NaN,289,8,289,8,NaN,NaN,NaN,NaN,NaN,NaN,NaN,NaN,NaN,NaN,NT,NW,b,b,NaN,NaN,NaN,NaN,NaN,NaN,
1980062006,w07.1980,9X-W07,TS,NN,7.6,137.9,15,NaN,293,8,293,8,NaN,NaN,NaN,NaN,NaN,NaN,NaN,NaN,NaN,NaN,NT,NW,b,b,NaN,NaN,NaN,NaN,NaN,NaN,
1980062012,w07.1980,9X-W07,TS,NN,7.8,137.1,15,NaN,293,8,293,8,NaN,NaN,NaN,NaN,NaN,NaN,NaN,NaN,NaN,NaN,NT,NW,b,b,NaN,NaN,NaN,NaN,NaN,NaN,
1980062018,w07.1980,9X-W07,TS,NN,8.1,136.2,15,NaN,287,9,287,9,NaN,NaN,NaN,NaN,NaN,NaN,NaN,NaN,NaN,NaN,NT,NW,b,b,NaN,NaN,NaN,NaN,NaN,NaN,
1980062100,w07.1980,9X-W07,TS,NN,8.3,135.2,15,NaN,285,10,285,10,NaN,NaN,NaN,NaN,NaN,NaN,NaN,NaN,NaN,NaN,NT,NW,b,b,NaN,NaN,NaN,NaN,NaN,NaN,
1980062106,w07.1980,9X-W07,TS,NN,8.6,134.1,15,NaN,284,11,284,11,NaN,NaN,NaN,NaN,NaN,NaN,NaN,NaN,NaN,NaN,NT,NW,b,b,NaN,NaN,NaN,NaN,NaN,NaN,
1980062112,w07.1980,9X-W07,TS,NN,8.9,133.0,15,NaN,285,11,285,11,NaN,NaN,NaN,NaN,NaN,NaN,NaN,NaN,NaN,NaN,NT,NW,b,b,NaN,NaN,NaN,NaN,NaN,NaN,
1980062118,w07.1980,9X-W07,TS,NN,9.1,131.9,20,NaN,283,11,283,11,NaN,NaN,NaN,NaN,NaN,NaN,NaN,NaN,NaN,NaN,NT,NW,b,b,NaN,NaN,NaN,NaN,NaN,NaN,
1980062200,w07.1980,9X-W07,TS,NN,9.3,130.9,20,NaN,281,11,281,11,NaN,NaN,NaN,NaN,NaN,NaN,NaN,NaN,NaN,NaN,NT,NW,b,b,NaN,NaN,NaN,NaN,NaN,NaN,
1980062206,w07.1980,9X-W07,TS,NN,9.6,129.8,25,NaN,284,11,284,11,NaN,NaN,NaN,NaN,NaN,NaN,NaN,NaN,NaN,NaN,TD,NW,b,b,NaN,NaN,NaN,NaN,NaN,NaN,
1980062212,w07.1980,9X-W07,TS,NN,9.8,128.6,25,NaN,282,12,282,12,NaN,NaN,NaN,NaN,NaN,NaN,NaN,NaN,NaN,NaN,TD,NW,b,b,NaN,NaN,NaN,NaN,NaN,NaN,
1980062218,w07.1980,9X-W07,TS,NN,10.2,127.4,25,NaN,284,12,284,12,NaN,NaN,NaN,NaN,NaN,NaN,NaN,NaN,NaN,NaN,TD,NW,b,b,NaN,NaN,NaN,NaN,NaN,NaN,
1980062300,w07.1980,9X-W07,TS,NN,10.5,126.0,25,NaN,285,13,285,13,NaN,NaN,NaN,NaN,NaN,NaN,NaN,NaN,NaN,NaN,TD,NW,b,b,NaN,NaN,0.08,NaN,NaN,NaN,
1980062306,w07.1980,9X-W07,TS,NN,11.1,124.8,25,NaN,289,14,289,14,NaN,NaN,NaN,NaN,NaN,NaN,NaN,NaN,NaN,NaN,TD,NW,b,b,NaN,NaN,0.52,NaN,NaN,NaN,
1980062312,w07.1980,9X-W07,TS,NN,11.6,123.5,25,NaN,294,13,294,13,NaN,NaN,NaN,NaN,NaN,NaN,NaN,NaN,NaN,NaN,TD,NW,b,b,NaN,NaN,0.11,NaN,NaN,NaN,
1980062318,w07.1980,9X-W07,TS,NN,12.0,122.2,30,NaN,289,14,289,14,NaN,NaN,NaN,NaN,NaN,NaN,NaN,NaN,NaN,NaN,TD,NW,b,b,NaN,NaN,0.21,NaN,NaN,NaN,
1980062400,w07.1980,9X-W07,TS,NN,12.3,120.7,35,NaN,284,14,284,14,NaN,NaN,NaN,NaN,NaN,NaN,NaN,NaN,NaN,NaN,TS,NW,b,b,NaN,NaN,0.15,NaN,NaN,NaN,
1980062406,w07.1980,9X-W07,TS,NN,12.3,119.2,40,NaN,276,15,276,15,NaN,NaN,NaN,NaN,NaN,NaN,NaN,NaN,NaN,NaN,TS,NW,b,b,NaN,NaN,NaN,NaN,NaN,NaN,
1980062412,07w.1980,HERBERT,TS,NN,12.5,118.0,35,NaN,276,15,274,13,NaN,NaN,NaN,NaN,NaN,NaN,NaN,NaN,NaN,NaN,TS,WN,c,c,NaN,NaN,NaN,NaN,NaN,NaN,
1980062418,07w.1980,HERBERT,TS,NN,13.1,116.8,35,NaN,284,14,289,12,NaN,NaN,NaN,NaN,NaN,NaN,NaN,NaN,NaN,NaN,TS,WN,c,c,NaN,NaN,NaN,NaN,NaN,NaN,
1980062500,07w.1980,HERBERT,TS,NN,14.5,115.0,35,NaN,303,14,304,18,NaN,NaN,NaN,NaN,NaN,NaN,NaN,NaN,NaN,NaN,TS,WN,c,c,NaN,NaN,NaN,NaN,NaN,NaN,
1980062506,07w.1980,HERBERT,TS,NN,15.1,113.6,40,NaN,300,16,303,18,NaN,NaN,NaN,NaN,NaN,NaN,NaN,NaN,NaN,NaN,TS,WN,c,c,NaN,NaN,NaN,NaN,NaN,NaN,
1980062512,07w.1980,HERBERT,TS,NN,15.9,113.4,45,NaN,318,11,312,10,NaN,NaN,NaN,NaN,NaN,NaN,NaN,NaN,NaN,NaN,TS,WN,c,c,NaN,NaN,NaN,NaN,NaN,NaN,
1980062518,07w.1980,HERBERT,TS,NN,16.8,112.1,50,NaN,313,12,320,11,NaN,NaN,NaN,NaN,NaN,NaN,NaN,NaN,NaN,NaN,TS,WN,c,c,NaN,NaN,NaN,NaN,NaN,NaN,
1980062600,07w.1980,HERBERT,TS,NN,17.1,111.1,45,NaN,307,11,299,13,NaN,NaN,NaN,NaN,NaN,NaN,NaN,NaN,NaN,NaN,TS,WN,c,c,NaN,NaN,NaN,NaN,NaN,NaN,
1980062606,07w.1980,HERBERT,TS,NN,17.2,110.3,45,NaN,316,6,283,9,NaN,NaN,NaN,NaN,NaN,NaN,NaN,NaN,NaN,NaN,TS,WN,c,c,NaN,NaN,NaN,NaN,NaN,NaN,
1980062612,07w.1980,HERBERT,TS,NN,18.7,110.6,40,NaN,336,8,343,8,NaN,NaN,NaN,NaN,NaN,NaN,NaN,NaN,NaN,NaN,TS,WN,c,c,NaN,NaN,0.19,NaN,NaN,NaN,
1980062618,07w.1980,HERBERT,TS,NN,18.8,110.1,40,NaN,330,8,353,8,NaN,NaN,NaN,NaN,NaN,NaN,NaN,NaN,NaN,NaN,TS,WN,c,c,NaN,NaN,0.91,NaN,NaN,NaN,
1980062700,07w.1980,HERBERT,TS,NN,19.2,109.8,35,NaN,314,7,303,5,NaN,NaN,NaN,NaN,NaN,NaN,NaN,NaN,NaN,NaN,TS,WN,c,c,NaN,NaN,0.91,NaN,NaN,NaN,
1980062706,07w.1980,HERBERT,TS,NN,19.5,109.6,35,NaN,333,6,326,4,NaN,NaN,NaN,NaN,NaN,NaN,NaN,NaN,NaN,NaN,TS,WN,c,c,NaN,NaN,0.85,NaN,NaN,NaN,
1980062712,07w.1980,HERBERT,TS,NN,20.2,109.6,45,NaN,349,5,349,5,NaN,NaN,NaN,NaN,NaN,NaN,NaN,NaN,NaN,NaN,TS,WN,b,b,NaN,NaN,0.38,NaN,NaN,NaN,
1980062718,07w.1980,HERBERT,TS,NN,20.6,109.5,45,NaN,355,6,355,6,NaN,NaN,NaN,NaN,NaN,NaN,NaN,NaN,NaN,NaN,TS,WN,b,b,NaN,NaN,0.14,NaN,NaN,NaN,
1980062800,07w.1980,HERBERT,TS,NN,21.1,109.2,45,NaN,337,5,337,5,NaN,NaN,NaN,NaN,NaN,NaN,NaN,NaN,NaN,NaN,TS,WN,b,b,NaN,NaN,0.02,NaN,NaN,NaN,
1980062806,07w.1980,HERBERT,TS,NN,21.7,108.2,40,NaN,312,8,312,8,NaN,NaN,NaN,NaN,NaN,NaN,NaN,NaN,NaN,NaN,TS,NW,b,b,NaN,NaN,0.53,NaN,NaN,NaN,
1980062812,07w.1980,HERBERT,TS,NN,21.9,106.9,20,NaN,290,11,290,11,NaN,NaN,NaN,NaN,NaN,NaN,NaN,NaN,NaN,NaN,NT,NW,b,b,NaN,NaN,0.99,NaN,NaN,NaN,
1980062818,07w.1980,HERBERT,TS,NN,22.4,105.6,15,NaN,286,13,286,13,NaN,NaN,NaN,NaN,NaN,NaN,NaN,NaN,NaN,NaN,NT,NW,b,b,NaN,NaN,0.99,NaN,NaN,NaN,
1980062900,07w.1980,HERBERT,TS,NN,22.9,104.2,10,NaN,292,13,292,13,NaN,NaN,NaN,NaN,NaN,NaN,NaN,NaN,NaN,NaN,NT,NW,b,b,NaN,NaN,0.99,NaN,NaN,NaN,
1980070606,w08.1980,9X-W08,TS,NN,12.5,139.9,25,NaN,318,8,318,8,NaN,NaN,NaN,NaN,NaN,NaN,NaN,NaN,NaN,NaN,TD,NW,b,b,NaN,NaN,NaN,NaN,NaN,NaN,
1980070612,08w.1980,IDA,TS,NN,13.0,139.9,25,NaN,310,10,318,8,NaN,NaN,NaN,NaN,NaN,NaN,NaN,NaN,NaN,NaN,TD,WN,c,c,NaN,NaN,NaN,NaN,NaN,NaN,
1980070618,08w.1980,IDA,TS,NN,13.7,138.8,30,NaN,306,10,318,8,NaN,NaN,NaN,NaN,NaN,NaN,NaN,NaN,NaN,NaN,TD,WN,c,c,NaN,NaN,NaN,NaN,NaN,NaN,
1980070700,08w.1980,IDA,TS,NN,14.5,136.0,40,NaN,296,15,292,20,NaN,NaN,NaN,NaN,NaN,NaN,NaN,NaN,NaN,NaN,TS,WN,c,c,NaN,NaN,NaN,NaN,NaN,NaN,
1980070706,08w.1980,IDA,TS,NN,15.7,135.2,40,NaN,299,14,300,20,NaN,NaN,NaN,NaN,NaN,NaN,NaN,NaN,NaN,NaN,TS,WN,c,c,NaN,NaN,NaN,NaN,NaN,NaN,
1980070712,08w.1980,IDA,TS,NN,16.6,133.7,40,NaN,303,16,313,15,NaN,NaN,NaN,NaN,NaN,NaN,NaN,NaN,NaN,NaN,TS,WN,c,c,NaN,NaN,NaN,NaN,NaN,NaN,
1980070718,08w.1980,IDA,TS,NN,17.2,132.0,45,NaN,298,18,296,17,NaN,NaN,NaN,NaN,NaN,NaN,NaN,NaN,NaN,NaN,TS,WN,c,c,NaN,NaN,NaN,NaN,NaN,NaN,
1980070800,08w.1980,IDA,TS,NN,18.2,130.4,45,NaN,294,18,297,18,NaN,NaN,NaN,NaN,NaN,NaN,NaN,NaN,NaN,NaN,TS,WN,c,c,NaN,NaN,NaN,NaN,NaN,NaN,
1980070806,08w.1980,IDA,TS,NN,18.5,128.7,50,NaN,289,17,292,17,NaN,NaN,NaN,NaN,NaN,NaN,NaN,NaN,NaN,NaN,TS,WN,c,c,NaN,NaN,NaN,NaN,NaN,NaN,
1980070812,08w.1980,IDA,TS,NN,18.8,127.1,55,NaN,288,16,281,16,NaN,NaN,NaN,NaN,NaN,NaN,NaN,NaN,NaN,NaN,TS,WN,c,c,NaN,NaN,NaN,NaN,NaN,NaN,
1980070818,08w.1980,IDA,TS,NN,18.9,125.8,55,NaN,278,14,278,14,NaN,NaN,NaN,NaN,NaN,NaN,NaN,NaN,NaN,NaN,TS,WN,b,b,NaN,NaN,NaN,NaN,NaN,NaN,
1980070900,08w.1980,IDA,TS,NN,17.2,124.8,60,NaN,295,14,234,14,NaN,NaN,NaN,NaN,NaN,NaN,NaN,NaN,NaN,NaN,TS,WN,c,c,NaN,NaN,NaN,NaN,NaN,NaN,
1980070906,08w.1980,IDA,TS,NN,24.8,123.2,60,NaN,230,14,338,32,NaN,NaN,NaN,NaN,NaN,NaN,NaN,NaN,NaN,NaN,TS,WN,c,c,NaN,NaN,NaN,NaN,NaN,NaN,
1980070912,08w.1980,IDA,TS,NN,20.1,122.2,60,NaN,296,13,320,19,NaN,NaN,NaN,NaN,NaN,NaN,NaN,NaN,NaN,NaN,TS,WN,c,c,NaN,NaN,0.02,NaN,NaN,NaN,
1980070918,08w.1980,IDA,TS,NN,20.8,120.7,60,NaN,292,14,210,23,NaN,NaN,NaN,NaN,NaN,NaN,NaN,NaN,NaN,NaN,TS,WN,c,c,NaN,NaN,NaN,NaN,NaN,NaN,
1980071000,08w.1980,IDA,TS,NN,20.8,121.6,55,NaN,296,8,321,4,NaN,NaN,NaN,NaN,NaN,NaN,NaN,NaN,NaN,NaN,TS,WN,c,c,NaN,NaN,0.01,NaN,NaN,NaN,
1980071006,08w.1980,IDA,TS,NN,21.0,119.8,55,NaN,290,9,283,4,NaN,NaN,NaN,NaN,NaN,NaN,NaN,NaN,NaN,NaN,TS,WN,c,c,NaN,NaN,NaN,NaN,NaN,NaN,
1980071012,08w.1980,IDA,TS,NN,21.8,118.8,55,NaN,293,10,291,14,NaN,NaN,NaN,NaN,NaN,NaN,NaN,NaN,NaN,NaN,TS,WN,c,c,NaN,NaN,NaN,NaN,NaN,NaN,
1980071018,08w.1980,IDA,TS,NN,22.3,118.0,55,NaN,306,10,308,11,NaN,NaN,NaN,NaN,NaN,NaN,NaN,NaN,NaN,NaN,TS,WN,c,c,NaN,NaN,NaN,NaN,NaN,NaN,
1980071100,08w.1980,IDA,TS,NN,22.6,117.0,45,NaN,300,8,296,9,NaN,NaN,NaN,NaN,NaN,NaN,NaN,NaN,NaN,NaN,TS,WN,c,c,NaN,NaN,NaN,NaN,NaN,NaN,
1980071106,08w.1980,IDA,TS,NN,22.8,117.1,45,NaN,302,7,301,5,NaN,NaN,NaN,NaN,NaN,NaN,NaN,NaN,NaN,NaN,TS,WN,c,c,NaN,NaN,0.09,NaN,NaN,NaN,
1980071112,08w.1980,IDA,TS,NN,23.2,116.6,45,NaN,328,4,328,4,NaN,NaN,NaN,NaN,NaN,NaN,NaN,NaN,NaN,NaN,TS,WN,b,b,NaN,NaN,0.36,NaN,NaN,NaN,
1980071118,08w.1980,IDA,TS,NN,23.8,116.2,30,NaN,320,6,320,6,NaN,NaN,NaN,NaN,NaN,NaN,NaN,NaN,NaN,NaN,TD,WN,b,b,NaN,NaN,0.99,NaN,NaN,NaN,
1980071600,w09.1980,9X-W09,TY,NN,9.2,148.3,15,NaN,308,14,308,14,NaN,NaN,NaN,NaN,NaN,NaN,NaN,NaN,NaN,NaN,NT,NW,b,b,NaN,NaN,NaN,NaN,NaN,NaN,
1980071606,w09.1980,9X-W09,TY,NN,10.1,147.2,20,NaN,308,14,308,14,NaN,NaN,NaN,NaN,NaN,NaN,NaN,NaN,NaN,NaN,NT,NW,b,b,NaN,NaN,NaN,NaN,NaN,NaN,
1980071612,w09.1980,9X-W09,TY,NN,11.0,146.0,20,NaN,308,14,308,14,NaN,NaN,NaN,NaN,NaN,NaN,NaN,NaN,NaN,NaN,NT,NW,b,b,NaN,NaN,NaN,NaN,NaN,NaN,
1980071618,w09.1980,9X-W09,TY,NN,11.9,145.1,25,NaN,311,14,311,14,NaN,NaN,NaN,NaN,NaN,NaN,NaN,NaN,NaN,NaN,TD,NW,b,b,NaN,NaN,NaN,NaN,NaN,NaN,
1980071700,09w.1980,JOE,TY,NN,12.6,143.4,20,NaN,311,14,302,15,NaN,NaN,NaN,NaN,NaN,NaN,NaN,NaN,NaN,NaN,NT,WN,c,c,NaN,NaN,NaN,NaN,NaN,NaN,
1980071706,09w.1980,JOE,TY,NN,13.2,142.8,20,NaN,302,12,300,13,NaN,NaN,NaN,NaN,NaN,NaN,NaN,NaN,NaN,NaN,NT,WN,c,c,NaN,NaN,NaN,NaN,NaN,NaN,
1980071712,09w.1980,JOE,TY,NN,12.9,142.7,20,NaN,286,7,294,4,NaN,NaN,NaN,NaN,NaN,NaN,NaN,NaN,NaN,NaN,NT,WN,c,c,NaN,NaN,NaN,NaN,NaN,NaN,
1980071718,09w.1980,JOE,TY,NN,13.2,140.1,20,NaN,275,12,270,13,NaN,NaN,NaN,NaN,NaN,NaN,NaN,NaN,NaN,NaN,NT,WN,c,c,NaN,NaN,NaN,NaN,NaN,NaN,
1980071800,09w.1980,JOE,TY,NN,12.0,138.5,25,NaN,294,11,258,21,NaN,NaN,NaN,NaN,NaN,NaN,NaN,NaN,NaN,NaN,TD,WN,c,c,NaN,NaN,NaN,NaN,NaN,NaN,
1980071806,09w.1980,JOE,TY,NN,14.1,137.4,35,NaN,282,15,289,14,NaN,NaN,NaN,NaN,NaN,NaN,NaN,NaN,NaN,NaN,TS,WN,c,c,NaN,NaN,NaN,NaN,NaN,NaN,
1980071812,09w.1980,JOE,TY,NN,14.2,136.4,40,NaN,282,12,317,15,NaN,NaN,NaN,NaN,NaN,NaN,NaN,NaN,NaN,NaN,TS,WN,c,c,NaN,NaN,NaN,NaN,NaN,NaN,
1980071818,09w.1980,JOE,TY,NN,14.2,135.3,45,NaN,282,12,273,10,NaN,NaN,NaN,NaN,NaN,NaN,NaN,NaN,NaN,NaN,TS,WN,c,c,NaN,NaN,NaN,NaN,NaN,NaN,
1980071900,09w.1980,JOE,TY,NN,14.5,133.3,50,NaN,278,15,276,15,NaN,NaN,NaN,NaN,NaN,NaN,NaN,NaN,NaN,NaN,TS,WN,c,c,NaN,NaN,NaN,NaN,NaN,NaN,
1980071906,09w.1980,JOE,TY,NN,14.7,131.8,55,NaN,281,16,278,17,NaN,NaN,NaN,NaN,NaN,NaN,NaN,NaN,NaN,NaN,TS,WN,c,c,NaN,NaN,NaN,NaN,NaN,NaN,
1980071912,09w.1980,JOE,TY,NN,15.3,130.1,65,NaN,283,16,285,16,NaN,NaN,NaN,NaN,NaN,NaN,NaN,NaN,NaN,NaN,TY,WN,c,c,NaN,NaN,NaN,NaN,NaN,NaN,
1980071918,09w.1980,JOE,TY,NN,15.6,128.8,70,NaN,285,15,287,15,NaN,NaN,NaN,NaN,NaN,NaN,NaN,NaN,NaN,NaN,TY,WN,c,c,NaN,NaN,NaN,NaN,NaN,NaN,
1980072000,09w.1980,JOE,TY,NN,15.5,126.8,80,NaN,280,17,274,16,NaN,NaN,NaN,NaN,NaN,NaN,NaN,NaN,NaN,NaN,TY,WN,c,c,NaN,NaN,NaN,NaN,NaN,NaN,
1980072006,09w.1980,JOE,TY,NN,16.2,125.0,85,NaN,281,18,279,19,NaN,NaN,NaN,NaN,NaN,NaN,NaN,NaN,NaN,NaN,TY,WN,c,c,NaN,NaN,NaN,NaN,NaN,NaN,
1980072012,09w.1980,JOE,TY,NN,16.4,123.4,90,NaN,280,17,285,17,NaN,NaN,NaN,NaN,NaN,NaN,NaN,NaN,NaN,NaN,TY,WN,c,c,NaN,NaN,NaN,NaN,NaN,NaN,
1980072018,09w.1980,JOE,TY,NN,17.0,122.2,95,NaN,292,15,287,14,NaN,NaN,NaN,NaN,NaN,NaN,NaN,NaN,NaN,NaN,TY,WN,c,c,NaN,NaN,0.86,NaN,NaN,NaN,
1980072100,09w.1980,JOE,TY,NN,17.6,120.8,65,NaN,287,14,296,14,NaN,NaN,NaN,NaN,NaN,NaN,NaN,NaN,NaN,NaN,TY,WN,c,c,NaN,NaN,0.99,NaN,NaN,NaN,
1980072106,09w.1980,JOE,TY,NN,17.9,119.0,85,NaN,281,16,286,16,NaN,NaN,NaN,NaN,NaN,NaN,NaN,NaN,NaN,NaN,TY,WN,c,c,NaN,NaN,NaN,NaN,NaN,NaN,
1980072112,09w.1980,JOE,TY,NN,18.3,117.5,75,NaN,296,16,283,16,NaN,NaN,NaN,NaN,NaN,NaN,NaN,NaN,NaN,NaN,TY,WN,c,c,NaN,NaN,NaN,NaN,NaN,NaN,
1980072118,09w.1980,JOE,TY,NN,18.8,114.9,75,NaN,298,18,283,20,NaN,NaN,NaN,NaN,NaN,NaN,NaN,NaN,NaN,NaN,TY,WN,c,c,NaN,NaN,NaN,NaN,NaN,NaN,
1980072200,09w.1980,JOE,TY,NN,19.4,113.7,90,NaN,287,19,287,19,NaN,NaN,NaN,NaN,NaN,NaN,NaN,NaN,NaN,NaN,TY,WN,b,b,NaN,NaN,NaN,NaN,NaN,NaN,
1980072206,09w.1980,JOE,TY,NN,19.8,101.2,80,NaN,50,12,274,65,NaN,NaN,NaN,NaN,NaN,NaN,NaN,NaN,NaN,NaN,TY,WN,c,c,NaN,NaN,0.99,NaN,NaN,NaN,
1980072212,09w.1980,JOE,TY,NN,20.4,110.2,70,NaN,287,17,287,17,NaN,NaN,NaN,NaN,NaN,NaN,NaN,NaN,NaN,NaN,TY,WN,b,b,NaN,NaN,0.42,NaN,NaN,NaN,
1980072218,09w.1980,JOE,TY,NN,20.8,108.4,65,NaN,82,34,82,34,NaN,NaN,NaN,NaN,NaN,NaN,NaN,NaN,NaN,NaN,TY,WN,b,b,NaN,NaN,NaN,NaN,NaN,NaN,
1980072300,09w.1980,JOE,TY,NN,21.2,106.6,25,NaN,283,17,283,17,NaN,NaN,NaN,NaN,NaN,NaN,NaN,NaN,NaN,NaN,TD,WN,b,b,NaN,NaN,0.85,NaN,NaN,NaN,
1980071518,w10.1980,9X-W10,TD,NN,14.0,125.4,20,NaN,274,16,274,16,NaN,NaN,NaN,NaN,NaN,NaN,NaN,NaN,NaN,NaN,NT,NW,b,b,NaN,NaN,NaN,NaN,NaN,NaN,
1980071600,w10.1980,9X-W10,TD,NN,14.0,123.9,20,NaN,274,16,274,16,NaN,NaN,NaN,NaN,NaN,NaN,NaN,NaN,NaN,NaN,NT,NW,b,b,NaN,NaN,0.22,NaN,NaN,NaN,
1980071606,w10.1980,9X-W10,TD,NN,14.2,122.2,20,NaN,274,16,274,16,NaN,NaN,NaN,NaN,NaN,NaN,NaN,NaN,NaN,NaN,NT,NW,b,b,NaN,NaN,0.40,NaN,NaN,NaN,
1980071612,w10.1980,9X-W10,TD,NN,14.4,120.8,25,NaN,278,15,278,15,NaN,NaN,NaN,NaN,NaN,NaN,NaN,NaN,NaN,NaN,TD,NW,b,b,NaN,NaN,0.70,NaN,NaN,NaN,
1980071618,w10.1980,9X-W10,TD,NN,14.7,119.2,25,NaN,280,15,280,15,NaN,NaN,NaN,NaN,NaN,NaN,NaN,NaN,NaN,NaN,TD,NW,b,b,NaN,NaN,NaN,NaN,NaN,NaN,
1980071700,w10.1980,9X-W10,TD,NN,15.2,117.8,30,NaN,285,15,285,15,NaN,NaN,NaN,NaN,NaN,NaN,NaN,NaN,NaN,NaN,TD,NW,b,b,NaN,NaN,NaN,NaN,NaN,NaN,
1980071706,w10.1980,9X-W10,TD,NN,16.0,116.3,30,NaN,295,15,295,15,NaN,NaN,NaN,NaN,NaN,NaN,NaN,NaN,NaN,NaN,TD,NW,b,b,NaN,NaN,NaN,NaN,NaN,NaN,
1980071712,10w.1980,NONAME,TD,NN,17.2,114.9,30,NaN,308,14,306,17,NaN,NaN,NaN,NaN,NaN,NaN,NaN,NaN,NaN,NaN,TD,WN,c,c,NaN,NaN,NaN,NaN,NaN,NaN,
1980071718,10w.1980,NONAME,TD,NN,17.8,113.9,30,NaN,309,11,308,15,NaN,NaN,NaN,NaN,NaN,NaN,NaN,NaN,NaN,NaN,TD,WN,c,c,NaN,NaN,NaN,NaN,NaN,NaN,
1980071800,10w.1980,NONAME,TD,NN,20.0,114.8,25,NaN,350,11,358,14,NaN,NaN,NaN,NaN,NaN,NaN,NaN,NaN,NaN,NaN,TD,WN,c,c,NaN,NaN,NaN,NaN,NaN,NaN,
1980071806,10w.1980,NONAME,TD,NN,19.9,113.5,30,NaN,350,11,350,11,NaN,NaN,NaN,NaN,NaN,NaN,NaN,NaN,NaN,NaN,TD,WN,b,b,NaN,NaN,NaN,NaN,NaN,NaN,
1980071812,10w.1980,NONAME,TD,NN,21.8,113.2,25,NaN,334,12,320,12,NaN,NaN,NaN,NaN,NaN,NaN,NaN,NaN,NaN,NaN,TD,WN,c,c,NaN,NaN,0.52,NaN,NaN,NaN,
1980071818,10w.1980,NONAME,TD,NN,22.0,112.7,20,NaN,341,6,340,11,NaN,NaN,NaN,NaN,NaN,NaN,NaN,NaN,NaN,NaN,NT,WN,c,c,NaN,NaN,0.69,NaN,NaN,NaN,
1980071900,10w.1980,NONAME,TD,NN,21.8,112.5,30,NaN,270,3,270,3,NaN,NaN,NaN,NaN,NaN,NaN,NaN,NaN,NaN,NaN,TD,WN,b,b,NaN,NaN,0.69,NaN,NaN,NaN,
1980071906,10w.1980,NONAME,TD,NN,22.6,112.3,20,NaN,328,4,328,4,NaN,NaN,NaN,NaN,NaN,NaN,NaN,NaN,NaN,NaN,NT,NW,b,b,NaN,NaN,0.98,NaN,NaN,NaN,
1980071900,w11.1980,9X-W11,TY,NN,7.5,155.2,15,NaN,283,14,283,14,NaN,NaN,NaN,NaN,NaN,NaN,NaN,NaN,NaN,NaN,NT,NW,b,b,NaN,NaN,NaN,NaN,NaN,NaN,
1980071906,w11.1980,9X-W11,TY,NN,7.8,153.8,20,NaN,283,14,283,14,NaN,NaN,NaN,NaN,NaN,NaN,NaN,NaN,NaN,NaN,NT,NW,b,b,NaN,NaN,NaN,NaN,NaN,NaN,
1980071912,w11.1980,9X-W11,TY,NN,8.1,152.5,20,NaN,283,14,283,14,NaN,NaN,NaN,NaN,NaN,NaN,NaN,NaN,NaN,NaN,NT,NW,b,b,NaN,NaN,NaN,NaN,NaN,NaN,
1980071918,w11.1980,9X-W11,TY,NN,8.2,151.1,20,NaN,279,14,279,14,NaN,NaN,NaN,NaN,NaN,NaN,NaN,NaN,NaN,NaN,NT,NW,b,b,NaN,NaN,NaN,NaN,NaN,NaN,
1980072000,w11.1980,9X-W11,TY,NN,8.3,149.7,25,NaN,274,14,274,14,NaN,NaN,NaN,NaN,NaN,NaN,NaN,NaN,NaN,NaN,TD,NW,b,b,NaN,NaN,NaN,NaN,NaN,NaN,
1980072006,w11.1980,9X-W11,TY,NN,8.3,148.5,25,NaN,272,13,272,13,NaN,NaN,NaN,NaN,NaN,NaN,NaN,NaN,NaN,NaN,TD,NW,b,b,NaN,NaN,NaN,NaN,NaN,NaN,
1980072012,11w.1980,KIM,TY,NN,8.4,147.3,30,NaN,272,12,272,12,NaN,NaN,NaN,NaN,NaN,NaN,NaN,NaN,NaN,NaN,TD,WN,c,c,NaN,NaN,NaN,NaN,NaN,NaN,
1980072018,11w.1980,KIM,TY,NN,8.8,145.6,30,NaN,280,15,280,15,NaN,NaN,NaN,NaN,NaN,NaN,NaN,NaN,NaN,NaN,TD,WN,c,c,NaN,NaN,NaN,NaN,NaN,NaN,
1980072100,11w.1980,KIM,TY,NN,9.4,143.8,30,NaN,288,17,286,18,NaN,NaN,NaN,NaN,NaN,NaN,NaN,NaN,NaN,NaN,TD,WN,c,c,NaN,NaN,NaN,NaN,NaN,NaN,
1980072106,11w.1980,KIM,TY,NN,9.9,142.2,30,NaN,286,16,288,18,NaN,NaN,NaN,NaN,NaN,NaN,NaN,NaN,NaN,NaN,TD,WN,c,c,NaN,NaN,NaN,NaN,NaN,NaN,
1980072112,11w.1980,KIM,TY,NN,10.3,140.3,30,NaN,276,19,285,18,NaN,NaN,NaN,NaN,NaN,NaN,NaN,NaN,NaN,NaN,TD,WN,c,c,NaN,NaN,NaN,NaN,NaN,NaN,
1980072118,11w.1980,KIM,TY,NN,10.9,139.0,30,NaN,282,17,288,17,NaN,NaN,NaN,NaN,NaN,NaN,NaN,NaN,NaN,NaN,TD,WN,c,c,NaN,NaN,NaN,NaN,NaN,NaN,
1980072200,11w.1980,KIM,TY,NN,11.0,136.5,40,NaN,290,16,281,19,NaN,NaN,NaN,NaN,NaN,NaN,NaN,NaN,NaN,NaN,TS,WN,c,c,NaN,NaN,NaN,NaN,NaN,NaN,
1980072206,11w.1980,KIM,TY,NN,11.7,135.7,40,NaN,288,16,284,17,NaN,NaN,NaN,NaN,NaN,NaN,NaN,NaN,NaN,NaN,TS,WN,c,c,NaN,NaN,NaN,NaN,NaN,NaN,
1980072212,11w.1980,KIM,TY,NN,11.4,134.5,40,NaN,279,16,282,10,NaN,NaN,NaN,NaN,NaN,NaN,NaN,NaN,NaN,NaN,TS,WN,c,c,NaN,NaN,NaN,NaN,NaN,NaN,
1980072218,11w.1980,KIM,TY,NN,12.2,132.3,50,NaN,279,17,279,17,NaN,NaN,NaN,NaN,NaN,NaN,NaN,NaN,NaN,NaN,TS,WN,b,b,NaN,NaN,NaN,NaN,NaN,NaN,
1980072300,11w.1980,KIM,TY,NN,13.0,130.5,60,NaN,298,17,292,21,NaN,NaN,NaN,NaN,NaN,NaN,NaN,NaN,NaN,NaN,TS,WN,c,c,NaN,NaN,NaN,NaN,NaN,NaN,
1980072306,11w.1980,KIM,TY,NN,14.2,129.1,65,NaN,300,18,303,19,NaN,NaN,NaN,NaN,NaN,NaN,NaN,NaN,NaN,NaN,TY,WN,c,c,NaN,NaN,NaN,NaN,NaN,NaN,
1980072312,11w.1980,KIM,TY,NN,13.6,128.0,70,NaN,284,14,284,13,NaN,NaN,NaN,NaN,NaN,NaN,NaN,NaN,NaN,NaN,TY,WN,c,c,NaN,NaN,NaN,NaN,NaN,NaN,
1980072318,11w.1980,KIM,TY,NN,13.7,126.8,70,NaN,284,13,257,11,NaN,NaN,NaN,NaN,NaN,NaN,NaN,NaN,NaN,NaN,TY,WN,c,c,NaN,NaN,NaN,NaN,NaN,NaN,
1980072400,11w.1980,KIM,TY,NN,13.6,128.2,85,NaN,288,17,90,1,NaN,NaN,NaN,NaN,NaN,NaN,NaN,NaN,NaN,NaN,TY,WN,c,c,NaN,NaN,NaN,NaN,NaN,NaN,
1980072406,11w.1980,KIM,TY,NN,14.7,124.6,90,NaN,292,12,295,12,NaN,NaN,NaN,NaN,NaN,NaN,NaN,NaN,NaN,NaN,TY,WN,c,c,NaN,NaN,0.01,NaN,NaN,NaN,
1980072412,11w.1980,KIM,TY,NN,15.3,124.5,110,NaN,296,8,295,20,NaN,NaN,NaN,NaN,NaN,NaN,NaN,NaN,NaN,NaN,TY,WN,c,c,NaN,NaN,NaN,NaN,NaN,NaN,
1980072418,11w.1980,KIM,TY,NN,16.0,123.3,120,NaN,299,10,316,9,NaN,NaN,NaN,NaN,NaN,NaN,NaN,NaN,NaN,NaN,TY,WN,c,c,NaN,NaN,NaN,NaN,NaN,NaN,
1980072500,11w.1980,KIM,TY,NN,17.8,121.0,90,NaN,304,8,307,21,NaN,NaN,NaN,NaN,NaN,NaN,NaN,NaN,NaN,NaN,TY,WN,c,c,NaN,NaN,0.95,NaN,NaN,NaN,
1980072506,11w.1980,KIM,TY,NN,17.2,121.3,65,NaN,289,11,302,11,NaN,NaN,NaN,NaN,NaN,NaN,NaN,NaN,NaN,NaN,TY,WN,c,c,NaN,NaN,0.97,NaN,NaN,NaN,
1980072512,11w.1980,KIM,TY,NN,17.6,120.1,75,NaN,289,13,257,4,NaN,NaN,NaN,NaN,NaN,NaN,NaN,NaN,NaN,NaN,TY,WN,c,c,NaN,NaN,0.08,NaN,NaN,NaN,
1980072518,11w.1980,KIM,TY,NN,18.3,119.5,55,NaN,302,11,303,10,NaN,NaN,NaN,NaN,NaN,NaN,NaN,NaN,NaN,NaN,TS,WN,c,c,NaN,NaN,NaN,NaN,NaN,NaN,
1980072600,11w.1980,KIM,TY,NN,19.3,118.5,55,NaN,306,12,318,11,NaN,NaN,NaN,NaN,NaN,NaN,NaN,NaN,NaN,NaN,TS,WN,c,c,NaN,NaN,NaN,NaN,NaN,NaN,
1980072606,11w.1980,KIM,TY,NN,19.5,118.0,60,NaN,303,7,310,9,NaN,NaN,NaN,NaN,NaN,NaN,NaN,NaN,NaN,NaN,TS,WN,c,c,NaN,NaN,NaN,NaN,NaN,NaN,
1980072612,11w.1980,KIM,TY,NN,20.4,117.1,50,NaN,307,10,310,9,NaN,NaN,NaN,NaN,NaN,NaN,NaN,NaN,NaN,NaN,TS,WN,c,c,NaN,NaN,NaN,NaN,NaN,NaN,
1980072618,11w.1980,KIM,TY,NN,21.1,115.3,45,NaN,297,14,302,15,NaN,NaN,NaN,NaN,NaN,NaN,NaN,NaN,NaN,NaN,TS,WN,c,c,NaN,NaN,NaN,NaN,NaN,NaN,
1980072700,11w.1980,KIM,TY,NN,21.7,115.8,45,NaN,322,13,317,9,NaN,NaN,NaN,NaN,NaN,NaN,NaN,NaN,NaN,NaN,TS,WN,c,c,NaN,NaN,NaN,NaN,NaN,NaN,
1980072706,11w.1980,KIM,TY,NN,22.7,115.8,45,NaN,16,8,16,8,NaN,NaN,NaN,NaN,NaN,NaN,NaN,NaN,NaN,NaN,TS,WN,b,b,NaN,NaN,0.12,NaN,NaN,NaN,
1980072712,11w.1980,KIM,TY,NN,23.6,115.5,30,NaN,352,10,352,10,NaN,NaN,NaN,NaN,NaN,NaN,NaN,NaN,NaN,NaN,TD,WN,b,b,NaN,NaN,0.99,NaN,NaN,NaN,
1980072718,11w.1980,KIM,TY,NN,24.5,115.3,20,NaN,346,9,346,9,NaN,NaN,NaN,NaN,NaN,NaN,NaN,NaN,NaN,NaN,NT,NW,b,b,NaN,NaN,0.99,NaN,NaN,NaN,
1980072606,w12.1980,9X-W12,TY,NN,22.5,152.8,20,NaN,270,5,270,5,NaN,NaN,NaN,NaN,NaN,NaN,NaN,NaN,NaN,NaN,NT,NW,b,b,NaN,NaN,NaN,NaN,NaN,NaN,
1980072612,w12.1980,9X-W12,TY,NN,22.5,152.3,20,NaN,270,5,270,5,NaN,NaN,NaN,NaN,NaN,NaN,NaN,NaN,NaN,NaN,NT,NW,b,b,NaN,NaN,NaN,NaN,NaN,NaN,
1980072618,w12.1980,9X-W12,TY,NN,22.5,151.8,20,NaN,270,5,270,5,NaN,NaN,NaN,NaN,NaN,NaN,NaN,NaN,NaN,NaN,NT,NW,b,b,NaN,NaN,NaN,NaN,NaN,NaN,
1980072700,w12.1980,9X-W12,TY,NN,22.5,151.3,20,NaN,270,5,270,5,NaN,NaN,NaN,NaN,NaN,NaN,NaN,NaN,NaN,NaN,NT,NW,b,b,NaN,NaN,NaN,NaN,NaN,NaN,
1980072706,w12.1980,9X-W12,TY,NN,22.5,150.7,20,NaN,270,5,270,5,NaN,NaN,NaN,NaN,NaN,NaN,NaN,NaN,NaN,NaN,NT,NW,b,b,NaN,NaN,NaN,NaN,NaN,NaN,
1980072712,w12.1980,9X-W12,TY,NN,22.5,150.1,20,NaN,270,6,270,6,NaN,NaN,NaN,NaN,NaN,NaN,NaN,NaN,NaN,NaN,NT,NW,b,b,NaN,NaN,NaN,NaN,NaN,NaN,
1980072718,w12.1980,9X-W12,TY,NN,22.6,149.6,20,NaN,276,5,276,5,NaN,NaN,NaN,NaN,NaN,NaN,NaN,NaN,NaN,NaN,NT,NW,b,b,NaN,NaN,NaN,NaN,NaN,NaN,
1980072800,w12.1980,9X-W12,TY,NN,22.7,149.0,20,NaN,281,5,281,5,NaN,NaN,NaN,NaN,NaN,NaN,NaN,NaN,NaN,NaN,NT,NW,b,b,NaN,NaN,NaN,NaN,NaN,NaN,
1980072806,w12.1980,9X-W12,TY,NN,22.8,148.5,20,NaN,281,5,281,5,NaN,NaN,NaN,NaN,NaN,NaN,NaN,NaN,NaN,NaN,NT,NW,b,b,NaN,NaN,NaN,NaN,NaN,NaN,
1980072812,w12.1980,9X-W12,TY,NN,23.0,148.0,20,NaN,288,5,288,5,NaN,NaN,NaN,NaN,NaN,NaN,NaN,NaN,NaN,NaN,NT,NW,b,b,NaN,NaN,NaN,NaN,NaN,NaN,
1980072818,w12.1980,9X-W12,TY,NN,23.4,148.2,25,NaN,335,3,335,3,NaN,NaN,NaN,NaN,NaN,NaN,NaN,NaN,NaN,NaN,TD,NW,b,b,NaN,NaN,NaN,NaN,NaN,NaN,
1980072900,w12.1980,9X-W12,TY,NN,23.7,148.4,25,NaN,28,4,28,4,NaN,NaN,NaN,NaN,NaN,NaN,NaN,NaN,NaN,NaN,TD,NW,b,b,NaN,NaN,NaN,NaN,NaN,NaN,
1980072906,12w.1980,LEX,TY,NN,24.1,148.5,30,NaN,360,3,21,4,NaN,NaN,NaN,NaN,NaN,NaN,NaN,NaN,NaN,NaN,TD,WN,c,c,NaN,NaN,NaN,NaN,NaN,NaN,
1980072912,12w.1980,LEX,TY,NN,24.6,148.3,30,NaN,347,4,354,5,NaN,NaN,NaN,NaN,NaN,NaN,NaN,NaN,NaN,NaN,TD,WN,c,c,NaN,NaN,NaN,NaN,NaN,NaN,
1980072918,12w.1980,LEX,TY,NN,24.7,148.3,35,NaN,353,4,343,3,NaN,NaN,NaN,NaN,NaN,NaN,NaN,NaN,NaN,NaN,TS,WN,c,c,NaN,NaN,NaN,NaN,NaN,NaN,
1980073000,12w.1980,LEX,TY,NN,25.0,149.2,45,NaN,37,4,64,5,NaN,NaN,NaN,NaN,NaN,NaN,NaN,NaN,NaN,NaN,TS,WN,c,c,NaN,NaN,NaN,NaN,NaN,NaN,
1980073006,12w.1980,LEX,TY,NN,25.6,149.8,45,NaN,56,8,56,8,NaN,NaN,NaN,NaN,NaN,NaN,NaN,NaN,NaN,NaN,TS,WN,b,b,NaN,NaN,NaN,NaN,NaN,NaN,
1980073012,12w.1980,LEX,TY,NN,25.2,149.3,55,NaN,10,3,24,1,NaN,NaN,NaN,NaN,NaN,NaN,NaN,NaN,NaN,NaN,TS,WN,c,c,NaN,NaN,NaN,NaN,NaN,NaN,
1980073018,12w.1980,LEX,TY,NN,25.5,149.3,55,NaN,20,3,258,2,NaN,NaN,NaN,NaN,NaN,NaN,NaN,NaN,NaN,NaN,TS,WN,c,c,NaN,NaN,NaN,NaN,NaN,NaN,
1980073100,12w.1980,LEX,TY,NN,25.0,148.7,60,NaN,241,3,250,3,NaN,NaN,NaN,NaN,NaN,NaN,NaN,NaN,NaN,NaN,TS,WN,c,c,NaN,NaN,NaN,NaN,NaN,NaN,
1980073106,12w.1980,LEX,TY,NN,25.0,148.1,60,NaN,252,3,245,6,NaN,NaN,NaN,NaN,NaN,NaN,NaN,NaN,NaN,NaN,TS,WN,c,c,NaN,NaN,NaN,NaN,NaN,NaN,
1980073112,12w.1980,LEX,TY,NN,25.2,147.5,65,NaN,270,5,280,6,NaN,NaN,NaN,NaN,NaN,NaN,NaN,NaN,NaN,NaN,TY,WN,c,c,NaN,NaN,NaN,NaN,NaN,NaN,
1980073118,12w.1980,LEX,TY,NN,24.8,151.8,65,NaN,265,6,93,17,NaN,NaN,NaN,NaN,NaN,NaN,NaN,NaN,NaN,NaN,TY,WN,c,c,NaN,NaN,NaN,NaN,NaN,NaN,
1980080100,12w.1980,LEX,TY,NN,24.4,146.8,65,NaN,248,5,218,5,NaN,NaN,NaN,NaN,NaN,NaN,NaN,NaN,NaN,NaN,TY,WN,c,c,NaN,NaN,NaN,NaN,NaN,NaN,
1980080106,12w.1980,LEX,TY,NN,24.7,145.6,65,NaN,270,7,269,28,NaN,NaN,NaN,NaN,NaN,NaN,NaN,NaN,NaN,NaN,TY,WN,c,c,NaN,NaN,NaN,NaN,NaN,NaN,
1980080112,12w.1980,LEX,TY,NN,24.0,145.5,70,NaN,248,5,251,6,NaN,NaN,NaN,NaN,NaN,NaN,NaN,NaN,NaN,NaN,TY,WN,c,c,NaN,NaN,NaN,NaN,NaN,NaN,
1980080118,12w.1980,LEX,TY,NN,23.9,145.2,70,NaN,265,6,204,4,NaN,NaN,NaN,NaN,NaN,NaN,NaN,NaN,NaN,NaN,TY,WN,c,c,NaN,NaN,NaN,NaN,NaN,NaN,
1980080200,12w.1980,LEX,TY,NN,23.5,144.5,75,NaN,248,5,241,5,NaN,NaN,NaN,NaN,NaN,NaN,NaN,NaN,NaN,NaN,TY,WN,c,c,NaN,NaN,NaN,NaN,NaN,NaN,
1980080206,12w.1980,LEX,TY,NN,23.2,144.0,75,NaN,256,6,238,7,NaN,NaN,NaN,NaN,NaN,NaN,NaN,NaN,NaN,NaN,TY,WN,c,c,NaN,NaN,NaN,NaN,NaN,NaN,
1980080212,12w.1980,LEX,TY,NN,23.7,144.3,75,NaN,270,1,317,1,NaN,NaN,NaN,NaN,NaN,NaN,NaN,NaN,NaN,NaN,TY,WN,c,c,NaN,NaN,NaN,NaN,NaN,NaN,
1980080218,12w.1980,LEX,TY,NN,23.9,143.8,80,NaN,261,3,345,4,NaN,NaN,NaN,NaN,NaN,NaN,NaN,NaN,NaN,NaN,TY,WN,c,c,NaN,NaN,NaN,NaN,NaN,NaN,
1980080300,12w.1980,LEX,TY,NN,25.6,144.0,80,NaN,336,5,352,10,NaN,NaN,NaN,NaN,NaN,NaN,NaN,NaN,NaN,NaN,TY,WN,c,c,NaN,NaN,NaN,NaN,NaN,NaN,
1980080306,12w.1980,LEX,TY,NN,26.3,144.1,80,NaN,357,9,6,12,NaN,NaN,NaN,NaN,NaN,NaN,NaN,NaN,NaN,NaN,TY,WN,c,c,NaN,NaN,NaN,NaN,NaN,NaN,
1980080312,12w.1980,LEX,TY,NN,26.8,144.5,80,NaN,3,8,20,6,NaN,NaN,NaN,NaN,NaN,NaN,NaN,NaN,NaN,NaN,TY,WN,c,c,NaN,NaN,NaN,NaN,NaN,NaN,
1980080318,12w.1980,LEX,TY,NN,17.9,144.5,75,NaN,360,20,177,42,NaN,NaN,NaN,NaN,NaN,NaN,NaN,NaN,NaN,NaN,TY,WN,c,c,NaN,NaN,NaN,NaN,NaN,NaN,
1980080400,12w.1980,LEX,TY,NN,28.0,144.4,70,NaN,360,5,356,6,NaN,NaN,NaN,NaN,NaN,NaN,NaN,NaN,NaN,NaN,TY,WN,c,c,NaN,NaN,NaN,NaN,NaN,NaN,
1980080406,12w.1980,LEX,TY,NN,28.6,144.7,65,NaN,1,54,1,54,NaN,NaN,NaN,NaN,NaN,NaN,NaN,NaN,NaN,NaN,TY,WN,b,b,NaN,NaN,NaN,NaN,NaN,NaN,
1980080412,12w.1980,LEX,TY,NN,29.7,145.0,65,NaN,16,8,17,9,NaN,NaN,NaN,NaN,NaN,NaN,NaN,NaN,NaN,NaN,TY,WN,c,c,NaN,NaN,NaN,NaN,NaN,NaN,
1980080418,12w.1980,LEX,TY,NN,30.0,145.4,60,NaN,25,7,24,8,NaN,NaN,NaN,NaN,NaN,NaN,NaN,NaN,NaN,NaN,TS,WN,c,c,NaN,NaN,NaN,NaN,NaN,NaN,
1980080500,12w.1980,LEX,TY,NN,30.2,146.3,60,NaN,66,6,66,6,NaN,NaN,NaN,NaN,NaN,NaN,NaN,NaN,NaN,NaN,TS,WN,b,b,NaN,NaN,NaN,NaN,NaN,NaN,
1980080506,12w.1980,LEX,TY,NN,30.8,147.1,60,NaN,46,8,61,8,NaN,NaN,NaN,NaN,NaN,NaN,NaN,NaN,NaN,NaN,TS,WN,c,c,NaN,NaN,NaN,NaN,NaN,NaN,
1980080512,12w.1980,LEX,TY,NN,31.1,147.4,60,NaN,56,7,46,7,NaN,NaN,NaN,NaN,NaN,NaN,NaN,NaN,NaN,NaN,TS,WN,c,c,NaN,NaN,NaN,NaN,NaN,NaN,
1980080518,12w.1980,LEX,TY,NN,31.4,148.6,60,NaN,60,8,65,7,NaN,NaN,NaN,NaN,NaN,NaN,NaN,NaN,NaN,NaN,TS,WN,c,c,NaN,NaN,NaN,NaN,NaN,NaN,
1980080600,12w.1980,LEX,TY,NN,32.3,149.4,60,NaN,49,9,55,10,NaN,NaN,NaN,NaN,NaN,NaN,NaN,NaN,NaN,NaN,TS,WN,c,c,NaN,NaN,NaN,NaN,NaN,NaN,
1980080606,12w.1980,LEX,TY,NN,34.0,150.5,60,NaN,57,7,32,15,NaN,NaN,NaN,NaN,NaN,NaN,NaN,NaN,NaN,NaN,TS,WN,c,c,NaN,NaN,NaN,NaN,NaN,NaN,
1980080612,12w.1980,LEX,TY,NN,33.2,151.5,55,NaN,63,10,63,10,NaN,NaN,NaN,NaN,NaN,NaN,NaN,NaN,NaN,NaN,TS,WN,b,b,NaN,NaN,NaN,NaN,NaN,NaN,
1980080618,12w.1980,LEX,TY,NN,33.8,152.9,50,NaN,96,10,96,10,NaN,NaN,NaN,NaN,NaN,NaN,NaN,NaN,NaN,NaN,TS,WN,b,b,NaN,NaN,NaN,NaN,NaN,NaN,
1980080700,12w.1980,LEX,TY,NN,34.8,154.4,50,NaN,56,14,56,14,NaN,NaN,NaN,NaN,NaN,NaN,NaN,NaN,NaN,NaN,TS,WN,b,b,NaN,NaN,NaN,NaN,NaN,NaN,
1980080706,12w.1980,LEX,TY,NN,36.0,155.0,40,NaN,38,14,38,14,NaN,NaN,NaN,NaN,NaN,NaN,NaN,NaN,NaN,NaN,TS,NW,b,b,NaN,NaN,NaN,NaN,NaN,NaN,
1980080712,w13.1980,9X-W13,TY,NN,14.3,159.1,20,NaN,265,5,265,5,NaN,NaN,NaN,NaN,NaN,NaN,NaN,NaN,NaN,NaN,NT,NW,b,b,NaN,NaN,NaN,NaN,NaN,NaN,
1980080718,w13.1980,9X-W13,TY,NN,14.3,158.5,25,NaN,265,5,265,5,NaN,NaN,NaN,NaN,NaN,NaN,NaN,NaN,NaN,NaN,TD,NW,b,b,NaN,NaN,NaN,NaN,NaN,NaN,
1980080800,w13.1980,9X-W13,TY,NN,14.2,158.0,30,NaN,265,5,265,5,NaN,NaN,NaN,NaN,NaN,NaN,NaN,NaN,NaN,NaN,TD,NW,b,b,NaN,NaN,NaN,NaN,NaN,NaN,
1980080806,13w.1980,MARGE,TY,NN,14.5,157.2,35,NaN,275,5,279,6,NaN,NaN,NaN,NaN,NaN,NaN,NaN,NaN,NaN,NaN,TS,WN,c,c,NaN,NaN,NaN,NaN,NaN,NaN,
1980080812,13w.1980,MARGE,TY,NN,14.3,155.9,40,NaN,264,5,273,10,NaN,NaN,NaN,NaN,NaN,NaN,NaN,NaN,NaN,NaN,TS,WN,c,c,NaN,NaN,NaN,NaN,NaN,NaN,
1980080818,13w.1980,MARGE,TY,NN,14.2,156.4,40,NaN,270,6,249,4,NaN,NaN,NaN,NaN,NaN,NaN,NaN,NaN,NaN,NaN,TS,WN,c,c,NaN,NaN,NaN,NaN,NaN,NaN,
1980080900,13w.1980,MARGE,TY,NN,14.2,155.9,40,NaN,265,5,180,1,NaN,NaN,NaN,NaN,NaN,NaN,NaN,NaN,NaN,NaN,TS,WN,c,c,NaN,NaN,NaN,NaN,NaN,NaN,
1980080906,13w.1980,MARGE,TY,NN,14.7,155.8,45,NaN,283,4,311,4,NaN,NaN,NaN,NaN,NaN,NaN,NaN,NaN,NaN,NaN,TS,WN,c,c,NaN,NaN,NaN,NaN,NaN,NaN,
1980080912,13w.1980,MARGE,TY,NN,15.9,155.8,45,NaN,334,8,357,9,NaN,NaN,NaN,NaN,NaN,NaN,NaN,NaN,NaN,NaN,TS,WN,c,c,NaN,NaN,NaN,NaN,NaN,NaN,
1980080918,13w.1980,MARGE,TY,NN,16.7,155.5,45,NaN,334,6,352,10,NaN,NaN,NaN,NaN,NaN,NaN,NaN,NaN,NaN,NaN,TS,WN,c,c,NaN,NaN,NaN,NaN,NaN,NaN,
1980081000,13w.1980,MARGE,TY,NN,18.6,154.7,65,NaN,340,11,339,14,NaN,NaN,NaN,NaN,NaN,NaN,NaN,NaN,NaN,NaN,TY,WN,c,c,NaN,NaN,NaN,NaN,NaN,NaN,
1980081006,13w.1980,MARGE,TY,NN,19.9,155.1,70,NaN,353,12,353,16,NaN,NaN,NaN,NaN,NaN,NaN,NaN,NaN,NaN,NaN,TY,WN,c,c,NaN,NaN,NaN,NaN,NaN,NaN,
1980081012,13w.1980,MARGE,TY,NN,21.5,155.2,110,NaN,358,14,9,15,NaN,NaN,NaN,NaN,NaN,NaN,NaN,NaN,NaN,NaN,TY,WN,c,c,NaN,NaN,NaN,NaN,NaN,NaN,
1980081018,13w.1980,MARGE,TY,NN,22.8,155.2,110,NaN,4,14,2,15,NaN,NaN,NaN,NaN,NaN,NaN,NaN,NaN,NaN,NaN,TY,WN,c,c,NaN,NaN,NaN,NaN,NaN,NaN,
1980081100,13w.1980,MARGE,TY,NN,24.3,155.6,110,NaN,8,13,7,14,NaN,NaN,NaN,NaN,NaN,NaN,NaN,NaN,NaN,NaN,TY,WN,c,c,NaN,NaN,NaN,NaN,NaN,NaN,
1980081106,13w.1980,MARGE,TY,NN,27.3,155.5,110,NaN,15,9,3,23,NaN,NaN,NaN,NaN,NaN,NaN,NaN,NaN,NaN,NaN,TY,WN,c,c,NaN,NaN,NaN,NaN,NaN,NaN,
1980081112,13w.1980,MARGE,TY,NN,26.8,155.6,100,NaN,6,12,360,12,NaN,NaN,NaN,NaN,NaN,NaN,NaN,NaN,NaN,NaN,TY,WN,c,c,NaN,NaN,NaN,NaN,NaN,NaN,
1980081118,13w.1980,MARGE,TY,NN,26.0,156.0,95,NaN,4,13,161,7,NaN,NaN,NaN,NaN,NaN,NaN,NaN,NaN,NaN,NaN,TY,WN,c,c,NaN,NaN,NaN,NaN,NaN,NaN,
1980081200,13w.1980,MARGE,TY,NN,28.7,156.0,95,NaN,6,5,11,10,NaN,NaN,NaN,NaN,NaN,NaN,NaN,NaN,NaN,NaN,TY,WN,c,c,NaN,NaN,NaN,NaN,NaN,NaN,
1980081206,13w.1980,MARGE,TY,NN,29.2,155.8,95,NaN,7,7,357,16,NaN,NaN,NaN,NaN,NaN,NaN,NaN,NaN,NaN,NaN,TY,WN,c,c,NaN,NaN,NaN,NaN,NaN,NaN,
1980081212,13w.1980,MARGE,TY,NN,30.1,157.8,95,NaN,360,7,48,11,NaN,NaN,NaN,NaN,NaN,NaN,NaN,NaN,NaN,NaN,TY,WN,c,c,NaN,NaN,NaN,NaN,NaN,NaN,
1980081218,13w.1980,MARGE,TY,NN,30.1,156.0,80,NaN,6,9,11,5,NaN,NaN,NaN,NaN,NaN,NaN,NaN,NaN,NaN,NaN,TY,WN,c,c,NaN,NaN,NaN,NaN,NaN,NaN,
1980081300,13w.1980,MARGE,TY,NN,31.0,155.9,80,NaN,360,6,299,9,NaN,NaN,NaN,NaN,NaN,NaN,NaN,NaN,NaN,NaN,TY,WN,c,c,NaN,NaN,NaN,NaN,NaN,NaN,
1980081306,13w.1980,MARGE,TY,NN,31.9,156.0,75,NaN,8,6,360,9,NaN,NaN,NaN,NaN,NaN,NaN,NaN,NaN,NaN,NaN,TY,WN,c,c,NaN,NaN,NaN,NaN,NaN,NaN,
1980081312,13w.1980,MARGE,TY,NN,32.1,156.2,70,NaN,8,6,13,6,NaN,NaN,NaN,NaN,NaN,NaN,NaN,NaN,NaN,NaN,TY,WN,c,c,NaN,NaN,NaN,NaN,NaN,NaN,
1980081318,13w.1980,MARGE,TY,NN,32.7,156.6,65,NaN,19,6,32,5,NaN,NaN,NaN,NaN,NaN,NaN,NaN,NaN,NaN,NaN,TY,WN,c,c,NaN,NaN,NaN,NaN,NaN,NaN,
1980081400,13w.1980,MARGE,TY,NN,32.7,157.7,65,NaN,67,6,65,7,NaN,NaN,NaN,NaN,NaN,NaN,NaN,NaN,NaN,NaN,TY,WN,c,c,NaN,NaN,NaN,NaN,NaN,NaN,
1980081406,13w.1980,MARGE,TY,NN,32.9,159.2,65,NaN,77,9,85,11,NaN,NaN,NaN,NaN,NaN,NaN,NaN,NaN,NaN,NaN,TY,WN,c,c,NaN,NaN,NaN,NaN,NaN,NaN,
1980081412,13w.1980,MARGE,TY,NN,33.1,160.9,60,NaN,82,14,82,14,NaN,NaN,NaN,NaN,NaN,NaN,NaN,NaN,NaN,NaN,TS,WN,b,b,NaN,NaN,NaN,NaN,NaN,NaN,
1980081418,13w.1980,MARGE,TY,NN,33.3,162.2,60,NaN,81,13,81,13,NaN,NaN,NaN,NaN,NaN,NaN,NaN,NaN,NaN,NaN,TS,WN,b,b,NaN,NaN,NaN,NaN,NaN,NaN,
1980081500,13w.1980,MARGE,TY,NN,33.5,163.5,55,NaN,80,11,80,11,NaN,NaN,NaN,NaN,NaN,NaN,NaN,NaN,NaN,NaN,TS,WN,b,b,NaN,NaN,NaN,NaN,NaN,NaN,
1980081506,13w.1980,MARGE,TY,NN,33.8,165.2,55,NaN,79,13,79,13,NaN,NaN,NaN,NaN,NaN,NaN,NaN,NaN,NaN,NaN,TS,WN,b,b,NaN,NaN,NaN,NaN,NaN,NaN,
1980081512,13w.1980,MARGE,TY,NN,34.4,167.5,50,NaN,75,17,75,17,NaN,NaN,NaN,NaN,NaN,NaN,NaN,NaN,NaN,NaN,TS,WN,b,b,NaN,NaN,NaN,NaN,NaN,NaN,
1980081518,13w.1980,MARGE,TY,NN,35.3,170.8,45,NaN,72,24,72,24,NaN,NaN,NaN,NaN,NaN,NaN,NaN,NaN,NaN,NaN,TS,WN,b,b,NaN,NaN,NaN,NaN,NaN,NaN,
1980081418,w14.1980,9X-W14,TD,NN,14.6,125.3,20,NaN,291,19,291,19,NaN,NaN,NaN,NaN,NaN,NaN,NaN,NaN,NaN,NaN,NT,NW,b,b,NaN,NaN,NaN,NaN,NaN,NaN,
1980081500,14w.1980,NONAME,TD,NN,15.4,123.8,30,NaN,294,20,291,19,NaN,NaN,NaN,NaN,NaN,NaN,NaN,NaN,NaN,NaN,TD,WN,c,c,NaN,NaN,NaN,NaN,NaN,NaN,
1980081506,14w.1980,NONAME,TD,NN,16.0,121.6,15,NaN,291,19,291,19,NaN,NaN,NaN,NaN,NaN,NaN,NaN,NaN,NaN,NaN,NT,WN,b,b,NaN,NaN,0.76,NaN,NaN,NaN,
1980081512,14w.1980,NONAME,TD,NN,16.6,121.1,20,NaN,280,9,295,14,NaN,NaN,NaN,NaN,NaN,NaN,NaN,NaN,NaN,NaN,NT,WN,c,c,NaN,NaN,0.98,NaN,NaN,NaN,
1980081518,14w.1980,NONAME,TD,NN,17.2,120.5,20,NaN,296,10,319,8,NaN,NaN,NaN,NaN,NaN,NaN,NaN,NaN,NaN,NaN,NT,WN,c,c,NaN,NaN,0.60,NaN,NaN,NaN,
1980081600,14w.1980,NONAME,TD,NN,18.4,119.3,20,NaN,304,13,316,12,NaN,NaN,NaN,NaN,NaN,NaN,NaN,NaN,NaN,NaN,NT,WN,c,c,NaN,NaN,NaN,NaN,NaN,NaN,
1980081606,14w.1980,NONAME,TD,NN,20.7,119.8,25,NaN,335,13,349,18,NaN,NaN,NaN,NaN,NaN,NaN,NaN,NaN,NaN,NaN,TD,WN,c,c,NaN,NaN,NaN,NaN,NaN,NaN,
1980082300,w15.1980,9X-W15,TY,NN,15.2,143.6,20,NaN,288,15,288,15,NaN,NaN,NaN,NaN,NaN,NaN,NaN,NaN,NaN,NaN,NT,NW,b,b,NaN,NaN,NaN,NaN,NaN,NaN,
1980082306,w15.1980,9X-W15,TY,NN,15.8,142.2,20,NaN,288,15,288,15,NaN,NaN,NaN,NaN,NaN,NaN,NaN,NaN,NaN,NaN,NT,NW,b,b,NaN,NaN,NaN,NaN,NaN,NaN,
1980082312,w15.1980,9X-W15,TY,NN,16.1,140.7,20,NaN,288,15,288,15,NaN,NaN,NaN,NaN,NaN,NaN,NaN,NaN,NaN,NaN,NT,NW,b,b,NaN,NaN,NaN,NaN,NaN,NaN,
1980082318,w15.1980,9X-W15,TY,NN,16.4,139.4,25,NaN,283,14,283,14,NaN,NaN,NaN,NaN,NaN,NaN,NaN,NaN,NaN,NaN,TD,NW,b,b,NaN,NaN,NaN,NaN,NaN,NaN,
1980082400,15w.1980,NORRIS,TY,NN,16.5,138.6,30,NaN,285,12,281,10,NaN,NaN,NaN,NaN,NaN,NaN,NaN,NaN,NaN,NaN,TD,WN,c,c,NaN,NaN,NaN,NaN,NaN,NaN,
1980082406,15w.1980,NORRIS,TY,NN,17.0,137.1,30,NaN,284,12,285,11,NaN,NaN,NaN,NaN,NaN,NaN,NaN,NaN,NaN,NaN,TD,WN,c,c,NaN,NaN,NaN,NaN,NaN,NaN,
1980082412,15w.1980,NORRIS,TY,NN,16.9,137.1,30,NaN,289,6,286,7,NaN,NaN,NaN,NaN,NaN,NaN,NaN,NaN,NaN,NaN,TD,WN,c,c,NaN,NaN,NaN,NaN,NaN,NaN,
1980082418,15w.1980,NORRIS,TY,NN,18.0,141.5,30,NaN,284,23,77,22,NaN,NaN,NaN,NaN,NaN,NaN,NaN,NaN,NaN,NaN,TD,WN,c,c,NaN,NaN,NaN,NaN,NaN,NaN,
1980082500,15w.1980,NORRIS,TY,NN,19.1,134.9,30,NaN,312,10,316,15,NaN,NaN,NaN,NaN,NaN,NaN,NaN,NaN,NaN,NaN,TD,WN,c,c,NaN,NaN,NaN,NaN,NaN,NaN,
1980082506,15w.1980,NORRIS,TY,NN,18.7,133.4,35,NaN,289,11,275,39,NaN,NaN,NaN,NaN,NaN,NaN,NaN,NaN,NaN,NaN,TS,WN,c,c,NaN,NaN,NaN,NaN,NaN,NaN,
1980082512,15w.1980,NORRIS,TY,NN,19.1,132.3,40,NaN,291,11,270,12,NaN,NaN,NaN,NaN,NaN,NaN,NaN,NaN,NaN,NaN,TS,WN,c,c,NaN,NaN,NaN,NaN,NaN,NaN,
1980082518,15w.1980,NORRIS,TY,NN,19.8,131.0,40,NaN,291,13,296,13,NaN,NaN,NaN,NaN,NaN,NaN,NaN,NaN,NaN,NaN,TS,WN,c,c,NaN,NaN,NaN,NaN,NaN,NaN,
1980082600,15w.1980,NORRIS,TY,NN,20.5,129.6,45,NaN,282,14,299,15,NaN,NaN,NaN,NaN,NaN,NaN,NaN,NaN,NaN,NaN,TS,WN,c,c,NaN,NaN,NaN,NaN,NaN,NaN,
1980082606,15w.1980,NORRIS,TY,NN,20.9,128.4,55,NaN,294,11,294,13,NaN,NaN,NaN,NaN,NaN,NaN,NaN,NaN,NaN,NaN,TS,WN,c,c,NaN,NaN,NaN,NaN,NaN,NaN,
1980082612,15w.1980,NORRIS,TY,NN,21.4,127.3,60,NaN,291,13,293,12,NaN,NaN,NaN,NaN,NaN,NaN,NaN,NaN,NaN,NaN,TS,WN,c,c,NaN,NaN,NaN,NaN,NaN,NaN,
1980082618,15w.1980,NORRIS,TY,NN,22.3,126.3,65,NaN,303,15,306,12,NaN,NaN,NaN,NaN,NaN,NaN,NaN,NaN,NaN,NaN,TY,WN,c,c,NaN,NaN,NaN,NaN,NaN,NaN,
1980082700,15w.1980,NORRIS,TY,NN,23.6,124.8,75,NaN,310,14,314,16,NaN,NaN,NaN,NaN,NaN,NaN,NaN,NaN,NaN,NaN,TY,WN,c,c,NaN,NaN,NaN,NaN,NaN,NaN,
1980082706,15w.1980,NORRIS,TY,NN,24.0,123.9,85,NaN,303,14,308,14,NaN,NaN,NaN,NaN,NaN,NaN,NaN,NaN,NaN,NaN,TY,WN,c,c,NaN,NaN,0.05,NaN,NaN,NaN,
1980082712,15w.1980,NORRIS,TY,NN,24.5,123.0,85,NaN,298,11,299,9,NaN,NaN,NaN,NaN,NaN,NaN,NaN,NaN,NaN,NaN,TY,WN,c,c,NaN,NaN,NaN,NaN,NaN,NaN,
1980082718,15w.1980,NORRIS,TY,NN,24.5,121.4,60,NaN,282,12,282,12,NaN,NaN,NaN,NaN,NaN,NaN,NaN,NaN,NaN,NaN,TS,WN,b,b,NaN,NaN,0.77,NaN,NaN,NaN,
1980082800,15w.1980,NORRIS,TY,NN,15.0,120.6,55,NaN,324,21,193,49,NaN,NaN,NaN,NaN,NaN,NaN,NaN,NaN,NaN,NaN,TS,WN,c,c,NaN,NaN,0.76,NaN,NaN,NaN,
1980082806,15w.1980,NORRIS,TY,NN,25.8,120.2,55,NaN,313,9,320,8,NaN,NaN,NaN,NaN,NaN,NaN,NaN,NaN,NaN,NaN,TS,WN,c,c,NaN,NaN,0.14,NaN,NaN,NaN,
1980082812,15w.1980,NORRIS,TY,NN,26.8,118.8,40,NaN,311,11,352,60,NaN,NaN,NaN,NaN,NaN,NaN,NaN,NaN,NaN,NaN,TS,WN,c,c,NaN,NaN,0.98,NaN,NaN,NaN,
1980082818,15w.1980,NORRIS,TY,NN,27.4,117.9,30,NaN,298,11,308,13,NaN,NaN,NaN,NaN,NaN,NaN,NaN,NaN,NaN,NaN,TD,WN,c,c,NaN,NaN,0.99,NaN,NaN,NaN,
1980082900,15w.1980,NORRIS,TY,NN,27.6,116.6,15,NaN,292,11,292,11,NaN,NaN,NaN,NaN,NaN,NaN,NaN,NaN,NaN,NaN,NT,NW,b,b,NaN,NaN,0.98,NaN,NaN,NaN,
1980090118,w16.1980,9X-W16,TD,NN,4.9,150.8,15,NaN,323,8,323,8,NaN,NaN,NaN,NaN,NaN,NaN,NaN,NaN,NaN,NaN,NT,NW,b,b,NaN,NaN,NaN,NaN,NaN,NaN,
1980090200,w16.1980,9X-W16,TD,NN,5.5,150.1,15,NaN,323,8,323,8,NaN,NaN,NaN,NaN,NaN,NaN,NaN,NaN,NaN,NaN,NT,NW,b,b,NaN,NaN,NaN,NaN,NaN,NaN,
1980090206,w16.1980,9X-W16,TD,NN,6.2,149.8,15,NaN,323,8,323,8,NaN,NaN,NaN,NaN,NaN,NaN,NaN,NaN,NaN,NaN,NT,NW,b,b,NaN,NaN,NaN,NaN,NaN,NaN,
1980090212,w16.1980,9X-W16,TD,NN,6.9,149.1,15,NaN,325,9,325,9,NaN,NaN,NaN,NaN,NaN,NaN,NaN,NaN,NaN,NaN,NT,NW,b,b,NaN,NaN,NaN,NaN,NaN,NaN,
1980090218,w16.1980,9X-W16,TD,NN,7.5,148.5,20,NaN,315,9,315,9,NaN,NaN,NaN,NaN,NaN,NaN,NaN,NaN,NaN,NaN,NT,NW,b,b,NaN,NaN,NaN,NaN,NaN,NaN,
1980090300,w16.1980,9X-W16,TD,NN,7.8,148.0,20,NaN,310,7,310,7,NaN,NaN,NaN,NaN,NaN,NaN,NaN,NaN,NaN,NaN,NT,NW,b,b,NaN,NaN,NaN,NaN,NaN,NaN,
1980090306,w16.1980,9X-W16,TD,NN,7.9,147.5,20,NaN,292,5,292,5,NaN,NaN,NaN,NaN,NaN,NaN,NaN,NaN,NaN,NaN,NT,NW,b,b,NaN,NaN,NaN,NaN,NaN,NaN,
1980090312,w16.1980,9X-W16,TD,NN,8.2,147.2,20,NaN,297,4,297,4,NaN,NaN,NaN,NaN,NaN,NaN,NaN,NaN,NaN,NaN,NT,NW,b,b,NaN,NaN,NaN,NaN,NaN,NaN,
1980090318,w16.1980,9X-W16,TD,NN,8.4,147.1,20,NaN,322,3,322,3,NaN,NaN,NaN,NaN,NaN,NaN,NaN,NaN,NaN,NaN,NT,NW,b,b,NaN,NaN,NaN,NaN,NaN,NaN,
1980090400,w16.1980,9X-W16,TD,NN,8.9,146.9,25,NaN,337,4,337,4,NaN,NaN,NaN,NaN,NaN,NaN,NaN,NaN,NaN,NaN,TD,NW,b,b,NaN,NaN,NaN,NaN,NaN,NaN,
1980090406,16w.1980,NONAME,TD,NN,8.1,146.5,25,NaN,322,6,243,3,NaN,NaN,NaN,NaN,NaN,NaN,NaN,NaN,NaN,NaN,TD,WN,c,c,NaN,NaN,NaN,NaN,NaN,NaN,
1980090412,16w.1980,NONAME,TD,NN,9.5,146.4,30,NaN,302,5,321,4,NaN,NaN,NaN,NaN,NaN,NaN,NaN,NaN,NaN,NaN,TD,WN,c,c,NaN,NaN,NaN,NaN,NaN,NaN,
1980090418,16w.1980,NONAME,TD,NN,10.0,145.7,30,NaN,302,8,337,10,NaN,NaN,NaN,NaN,NaN,NaN,NaN,NaN,NaN,NaN,TD,WN,c,c,NaN,NaN,NaN,NaN,NaN,NaN,
1980090500,16w.1980,NONAME,TD,NN,10.7,143.1,30,NaN,292,13,290,17,NaN,NaN,NaN,NaN,NaN,NaN,NaN,NaN,NaN,NaN,TD,WN,c,c,NaN,NaN,NaN,NaN,NaN,NaN,
1980090506,16w.1980,NONAME,TD,NN,11.1,141.8,30,NaN,287,14,286,20,NaN,NaN,NaN,NaN,NaN,NaN,NaN,NaN,NaN,NaN,TD,WN,c,c,NaN,NaN,NaN,NaN,NaN,NaN,
1980090512,16w.1980,NONAME,TD,NN,12.5,142.0,30,NaN,306,11,329,10,NaN,NaN,NaN,NaN,NaN,NaN,NaN,NaN,NaN,NaN,TD,WN,c,c,NaN,NaN,NaN,NaN,NaN,NaN,
1980090518,16w.1980,NONAME,TD,NN,13.0,141.3,30,NaN,306,11,346,10,NaN,NaN,NaN,NaN,NaN,NaN,NaN,NaN,NaN,NaN,TD,WN,c,c,NaN,NaN,NaN,NaN,NaN,NaN,
1980090600,16w.1980,NONAME,TD,NN,13.5,141.9,25,NaN,297,12,354,5,NaN,NaN,NaN,NaN,NaN,NaN,NaN,NaN,NaN,NaN,TD,WN,c,c,NaN,NaN,NaN,NaN,NaN,NaN,
1980090600,w17.1980,9X-W17,TY,NN,14.7,145.2,25,NaN,345,7,345,7,NaN,NaN,NaN,NaN,NaN,NaN,NaN,NaN,NaN,NaN,TD,NW,b,b,NaN,NaN,NaN,NaN,NaN,NaN,
1980090606,w17.1980,9X-W17,TY,NN,15.2,145.1,30,NaN,345,7,345,7,NaN,NaN,NaN,NaN,NaN,NaN,NaN,NaN,NaN,NaN,TD,NW,b,b,NaN,NaN,NaN,NaN,NaN,NaN,
1980090612,w17.1980,9X-W17,TY,NN,16.1,144.8,35,NaN,345,7,345,7,NaN,NaN,NaN,NaN,NaN,NaN,NaN,NaN,NaN,NaN,TS,NW,b,b,NaN,NaN,NaN,NaN,NaN,NaN,
1980090618,w17.1980,9X-W17,TY,NN,17.1,143.9,40,NaN,329,11,329,11,NaN,NaN,NaN,NaN,NaN,NaN,NaN,NaN,NaN,NaN,TS,NW,b,b,NaN,NaN,NaN,NaN,NaN,NaN,
1980090700,17w.1980,ORCHID,TY,NN,18.0,144.1,40,NaN,345,9,341,10,NaN,NaN,NaN,NaN,NaN,NaN,NaN,NaN,NaN,NaN,TS,WN,c,c,NaN,NaN,NaN,NaN,NaN,NaN,
1980090706,17w.1980,ORCHID,TY,NN,19.7,141.8,45,NaN,324,14,323,16,NaN,NaN,NaN,NaN,NaN,NaN,NaN,NaN,NaN,NaN,TS,WN,c,c,NaN,NaN,NaN,NaN,NaN,NaN,
1980090712,17w.1980,ORCHID,TY,NN,19.5,140.8,55,NaN,313,15,296,17,NaN,NaN,NaN,NaN,NaN,NaN,NaN,NaN,NaN,NaN,TS,WN,c,c,NaN,NaN,NaN,NaN,NaN,NaN,
1980090718,17w.1980,ORCHID,TY,NN,19.5,138.6,55,NaN,284,13,266,15,NaN,NaN,NaN,NaN,NaN,NaN,NaN,NaN,NaN,NaN,TS,WN,c,c,NaN,NaN,NaN,NaN,NaN,NaN,
1980090800,17w.1980,ORCHID,TY,NN,19.8,137.3,55,NaN,288,15,275,17,NaN,NaN,NaN,NaN,NaN,NaN,NaN,NaN,NaN,NaN,TS,WN,c,c,NaN,NaN,NaN,NaN,NaN,NaN,
1980090806,17w.1980,ORCHID,TY,NN,20.8,138.6,60,NaN,284,17,360,7,NaN,NaN,NaN,NaN,NaN,NaN,NaN,NaN,NaN,NaN,TS,WN,c,c,NaN,NaN,NaN,NaN,NaN,NaN,
1980090812,17w.1980,ORCHID,TY,NN,21.2,136.7,60,NaN,307,10,338,8,NaN,NaN,NaN,NaN,NaN,NaN,NaN,NaN,NaN,NaN,TS,WN,c,c,NaN,NaN,NaN,NaN,NaN,NaN,
1980090818,17w.1980,ORCHID,TY,NN,22.5,135.5,60,NaN,309,13,301,17,NaN,NaN,NaN,NaN,NaN,NaN,NaN,NaN,NaN,NaN,TS,WN,c,c,NaN,NaN,NaN,NaN,NaN,NaN,
1980090900,17w.1980,ORCHID,TY,NN,23.1,134.7,60,NaN,307,11,316,13,NaN,NaN,NaN,NaN,NaN,NaN,NaN,NaN,NaN,NaN,TS,WN,c,c,NaN,NaN,NaN,NaN,NaN,NaN,
1980090906,17w.1980,ORCHID,TY,NN,23.8,133.5,65,NaN,303,11,305,11,NaN,NaN,NaN,NaN,NaN,NaN,NaN,NaN,NaN,NaN,TY,WN,c,c,NaN,NaN,NaN,NaN,NaN,NaN,
1980090912,17w.1980,ORCHID,TY,NN,24.2,132.1,65,NaN,302,13,295,13,NaN,NaN,NaN,NaN,NaN,NaN,NaN,NaN,NaN,NaN,TY,WN,c,c,NaN,NaN,NaN,NaN,NaN,NaN,
1980090918,17w.1980,ORCHID,TY,NN,25.5,131.4,75,NaN,312,13,312,13,NaN,NaN,NaN,NaN,NaN,NaN,NaN,NaN,NaN,NaN,TY,WN,b,b,NaN,NaN,NaN,NaN,NaN,NaN,
1980091000,17w.1980,ORCHID,TY,NN,25.4,129.8,70,NaN,305,12,300,12,NaN,NaN,NaN,NaN,NaN,NaN,NaN,NaN,NaN,NaN,TY,WN,c,c,NaN,NaN,NaN,NaN,NaN,NaN,
1980091006,17w.1980,ORCHID,TY,NN,27.3,130.6,75,NaN,345,12,338,10,NaN,NaN,NaN,NaN,NaN,NaN,NaN,NaN,NaN,NaN,TY,WN,c,c,NaN,NaN,NaN,NaN,NaN,NaN,
1980091012,17w.1980,ORCHID,TY,NN,27.8,130.9,80,NaN,22,13,22,13,NaN,NaN,NaN,NaN,NaN,NaN,NaN,NaN,NaN,NaN,TY,WN,b,b,NaN,NaN,NaN,NaN,NaN,NaN,
1980091018,17w.1980,ORCHID,TY,NN,30.3,130.6,80,NaN,346,13,360,15,NaN,NaN,NaN,NaN,NaN,NaN,NaN,NaN,NaN,NaN,TY,WN,c,c,NaN,NaN,0.08,NaN,NaN,NaN,
1980091100,17w.1980,ORCHID,TY,NN,31.5,130.5,60,NaN,347,15,355,19,NaN,NaN,NaN,NaN,NaN,NaN,NaN,NaN,NaN,NaN,TS,WN,c,c,NaN,NaN,0.52,NaN,NaN,NaN,
1980091106,17w.1980,ORCHID,TY,NN,34.3,131.6,55,NaN,12,20,12,20,NaN,NaN,NaN,NaN,NaN,NaN,NaN,NaN,NaN,NaN,TS,WN,b,b,NaN,NaN,0.53,NaN,NaN,NaN,
1980091112,17w.1980,ORCHID,TY,NN,37.3,132.4,40,NaN,15,30,15,30,NaN,NaN,NaN,NaN,NaN,NaN,NaN,NaN,NaN,NaN,TS,WN,b,b,NaN,NaN,NaN,NaN,NaN,NaN,
1980091118,17w.1980,ORCHID,TY,NN,40.0,133.0,30,NaN,11,29,11,29,NaN,NaN,NaN,NaN,NaN,NaN,NaN,NaN,NaN,NaN,TD,NW,b,b,NaN,NaN,NaN,NaN,NaN,NaN,
1980091300,w18.1980,9X-W18,TY,NN,19.0,113.8,30,NaN,195,4,195,4,NaN,NaN,NaN,NaN,NaN,NaN,NaN,NaN,NaN,NaN,TD,NW,b,b,NaN,NaN,NaN,NaN,NaN,NaN,
1980091306,18w.1980,RUTH,TY,NN,18.9,113.8,30,NaN,289,2,195,4,NaN,NaN,NaN,NaN,NaN,NaN,NaN,NaN,NaN,NaN,TD,WN,c,c,NaN,NaN,NaN,NaN,NaN,NaN,
1980091312,18w.1980,RUTH,TY,NN,18.3,113.6,30,NaN,193,4,195,4,NaN,NaN,NaN,NaN,NaN,NaN,NaN,NaN,NaN,NaN,TD,WN,c,c,NaN,NaN,NaN,NaN,NaN,NaN,
1980091318,18w.1980,RUTH,TY,NN,18.1,112.8,30,NaN,237,5,230,6,NaN,NaN,NaN,NaN,NaN,NaN,NaN,NaN,NaN,NaN,TD,WN,c,c,NaN,NaN,NaN,NaN,NaN,NaN,
1980091400,18w.1980,RUTH,TY,NN,18.4,113.6,30,NaN,360,0,360,0,NaN,NaN,NaN,NaN,NaN,NaN,NaN,NaN,NaN,NaN,TD,WN,c,c,NaN,NaN,NaN,NaN,NaN,NaN,
1980091406,18w.1980,RUTH,TY,NN,18.4,113.3,40,NaN,360,0,58,3,NaN,NaN,NaN,NaN,NaN,NaN,NaN,NaN,NaN,NaN,TS,WN,c,c,NaN,NaN,NaN,NaN,NaN,NaN,
1980091412,18w.1980,RUTH,TY,NN,19.3,112.3,40,NaN,326,6,306,8,NaN,NaN,NaN,NaN,NaN,NaN,NaN,NaN,NaN,NaN,TS,WN,c,c,NaN,NaN,NaN,NaN,NaN,NaN,
1980091418,18w.1980,RUTH,TY,NN,20.2,110.8,40,NaN,307,6,307,15,NaN,NaN,NaN,NaN,NaN,NaN,NaN,NaN,NaN,NaN,TS,WN,c,c,NaN,NaN,0.25,NaN,NaN,NaN,
1980091500,18w.1980,RUTH,TY,NN,19.6,109.8,35,NaN,280,9,277,12,NaN,NaN,NaN,NaN,NaN,NaN,NaN,NaN,NaN,NaN,TS,WN,c,c,NaN,NaN,0.95,NaN,NaN,NaN,
1980091506,18w.1980,RUTH,TY,NN,19.6,108.8,45,NaN,280,9,252,10,NaN,NaN,NaN,NaN,NaN,NaN,NaN,NaN,NaN,NaN,TS,WN,c,c,NaN,NaN,0.55,NaN,NaN,NaN,
1980091512,18w.1980,RUTH,TY,NN,19.8,108.0,50,NaN,283,9,277,9,NaN,NaN,NaN,NaN,NaN,NaN,NaN,NaN,NaN,NaN,TS,WN,c,c,NaN,NaN,NaN,NaN,NaN,NaN,
1980091518,18w.1980,RUTH,TY,NN,19.8,106.7,65,NaN,276,10,276,10,NaN,NaN,NaN,NaN,NaN,NaN,NaN,NaN,NaN,NaN,TY,WN,b,b,NaN,NaN,0.21,NaN,NaN,NaN,
1980091600,18w.1980,RUTH,TY,NN,19.6,105.5,55,NaN,265,12,265,12,NaN,NaN,NaN,NaN,NaN,NaN,NaN,NaN,NaN,NaN,TS,WN,b,b,NaN,NaN,0.81,NaN,NaN,NaN,
1980091606,18w.1980,RUTH,TY,NN,19.2,104.4,30,NaN,255,11,255,11,NaN,NaN,NaN,NaN,NaN,NaN,NaN,NaN,NaN,NaN,TD,WN,b,b,NaN,NaN,0.99,NaN,NaN,NaN,
1980091312,w19.1980,9X-W19,TY,NN,16.4,131.5,30,NaN,360,6,360,7,NaN,NaN,NaN,NaN,NaN,NaN,NaN,NaN,NaN,NaN,TD,NW,b,b,NaN,NaN,NaN,NaN,NaN,NaN,
1980091318,w19.1980,9X-W19,TY,NN,17.1,131.3,35,NaN,360,6,360,7,NaN,NaN,NaN,NaN,NaN,NaN,NaN,NaN,NaN,NaN,TS,NW,b,b,NaN,NaN,NaN,NaN,NaN,NaN,
1980091400,w19.1980,9X-W19,TY,NN,17.7,131.5,40,NaN,360,6,360,7,NaN,NaN,NaN,NaN,NaN,NaN,NaN,NaN,NaN,NaN,TS,NW,b,b,NaN,NaN,NaN,NaN,NaN,NaN,
1980091406,19w.1980,PERCY,TY,NN,20.3,131.8,45,NaN,360,4,8,16,NaN,NaN,NaN,NaN,NaN,NaN,NaN,NaN,NaN,NaN,TS,WN,c,c,NaN,NaN,NaN,NaN,NaN,NaN,
1980091412,19w.1980,PERCY,TY,NN,19.2,131.5,45,NaN,333,8,360,8,NaN,NaN,NaN,NaN,NaN,NaN,NaN,NaN,NaN,NaN,TS,WN,c,c,NaN,NaN,NaN,NaN,NaN,NaN,
1980091418,19w.1980,PERCY,TY,NN,18.7,128.9,45,NaN,270,11,240,16,NaN,NaN,NaN,NaN,NaN,NaN,NaN,NaN,NaN,NaN,TS,WN,c,c,NaN,NaN,NaN,NaN,NaN,NaN,
1980091500,19w.1980,PERCY,TY,NN,19.0,128.3,50,NaN,275,10,266,15,NaN,NaN,NaN,NaN,NaN,NaN,NaN,NaN,NaN,NaN,TS,WN,c,c,NaN,NaN,NaN,NaN,NaN,NaN,
1980091506,19w.1980,PERCY,TY,NN,19.8,127.1,50,NaN,284,11,303,10,NaN,NaN,NaN,NaN,NaN,NaN,NaN,NaN,NaN,NaN,TS,WN,c,c,NaN,NaN,NaN,NaN,NaN,NaN,
1980091512,19w.1980,PERCY,TY,NN,20.4,126.6,50,NaN,296,10,311,11,NaN,NaN,NaN,NaN,NaN,NaN,NaN,NaN,NaN,NaN,TS,WN,c,c,NaN,NaN,NaN,NaN,NaN,NaN,
1980091518,19w.1980,PERCY,TY,NN,18.6,126.1,55,NaN,251,6,218,8,NaN,NaN,NaN,NaN,NaN,NaN,NaN,NaN,NaN,NaN,TS,WN,c,c,NaN,NaN,NaN,NaN,NaN,NaN,
1980091600,19w.1980,PERCY,TY,NN,18.8,126.0,55,NaN,260,3,199,8,NaN,NaN,NaN,NaN,NaN,NaN,NaN,NaN,NaN,NaN,TS,WN,c,c,NaN,NaN,NaN,NaN,NaN,NaN,
1980091606,19w.1980,PERCY,TY,NN,19.0,126.0,70,NaN,287,10,347,2,NaN,NaN,NaN,NaN,NaN,NaN,NaN,NaN,NaN,NaN,TY,WN,c,c,NaN,NaN,NaN,NaN,NaN,NaN,
1980091612,19w.1980,PERCY,TY,NN,19.0,125.8,75,NaN,302,6,317,1,NaN,NaN,NaN,NaN,NaN,NaN,NaN,NaN,NaN,NaN,TY,WN,c,c,NaN,NaN,NaN,NaN,NaN,NaN,
1980091618,19w.1980,PERCY,TY,NN,19.9,125.6,80,NaN,329,5,337,5,NaN,NaN,NaN,NaN,NaN,NaN,NaN,NaN,NaN,NaN,TY,WN,c,c,NaN,NaN,NaN,NaN,NaN,NaN,
1980091700,19w.1980,PERCY,TY,NN,20.1,125.1,80,NaN,305,7,329,6,NaN,NaN,NaN,NaN,NaN,NaN,NaN,NaN,NaN,NaN,TY,WN,c,c,NaN,NaN,NaN,NaN,NaN,NaN,
1980091706,19w.1980,PERCY,TY,NN,20.5,124.1,100,NaN,308,7,293,8,NaN,NaN,NaN,NaN,NaN,NaN,NaN,NaN,NaN,NaN,TY,WN,c,c,NaN,NaN,NaN,NaN,NaN,NaN,
1980091712,19w.1980,PERCY,TY,NN,21.1,123.8,110,NaN,312,8,309,8,NaN,NaN,NaN,NaN,NaN,NaN,NaN,NaN,NaN,NaN,TY,WN,c,c,NaN,NaN,NaN,NaN,NaN,NaN,
1980091718,19w.1980,PERCY,TY,NN,21.2,122.5,120,NaN,293,9,295,8,NaN,NaN,NaN,NaN,NaN,NaN,NaN,NaN,NaN,NaN,TY,WN,c,c,NaN,NaN,NaN,NaN,NaN,NaN,
1980091800,19w.1980,PERCY,TY,NN,21.8,121.5,125,NaN,301,10,288,11,NaN,NaN,NaN,NaN,NaN,NaN,NaN,NaN,NaN,NaN,TY,WN,c,c,NaN,NaN,NaN,NaN,NaN,NaN,
1980091806,19w.1980,PERCY,TY,NN,23.3,119.9,100,NaN,304,15,311,16,NaN,NaN,NaN,NaN,NaN,NaN,NaN,NaN,NaN,NaN,TY,WN,c,c,NaN,NaN,0.33,NaN,NaN,NaN,
1980091812,19w.1980,PERCY,TY,NN,23.3,118.5,90,NaN,291,13,298,16,NaN,NaN,NaN,NaN,NaN,NaN,NaN,NaN,NaN,NaN,TY,WN,c,c,NaN,NaN,NaN,NaN,NaN,NaN,
1980091818,19w.1980,PERCY,TY,NN,23.7,118.0,55,NaN,300,10,283,9,NaN,NaN,NaN,NaN,NaN,NaN,NaN,NaN,NaN,NaN,TS,WN,c,c,NaN,NaN,0.03,NaN,NaN,NaN,
1980091900,19w.1980,PERCY,TY,NN,24.2,116.8,35,NaN,300,9,300,9,NaN,NaN,NaN,NaN,NaN,NaN,NaN,NaN,NaN,NaN,TS,WN,b,b,NaN,NaN,0.88,NaN,NaN,NaN,
1980091906,19w.1980,PERCY,TY,NN,24.9,115.8,30,NaN,301,12,301,12,NaN,NaN,NaN,NaN,NaN,NaN,NaN,NaN,NaN,NaN,TD,NW,b,b,NaN,NaN,0.99,NaN,NaN,NaN,
1980091912,19w.1980,PERCY,TY,NN,25.7,114.9,20,NaN,311,11,311,11,NaN,NaN,NaN,NaN,NaN,NaN,NaN,NaN,NaN,NaN,NT,NW,b,b,NaN,NaN,0.99,NaN,NaN,NaN,
1980091206,w20.1980,9X-W20,TY,NN,10.1,153.7,15,NaN,313,7,313,7,NaN,NaN,NaN,NaN,NaN,NaN,NaN,NaN,NaN,NaN,NT,NW,b,b,NaN,NaN,NaN,NaN,NaN,NaN,
1980091212,w20.1980,9X-W20,TY,NN,10.5,153.1,15,NaN,313,7,313,7,NaN,NaN,NaN,NaN,NaN,NaN,NaN,NaN,NaN,NaN,NT,NW,b,b,NaN,NaN,NaN,NaN,NaN,NaN,
1980091218,w20.1980,9X-W20,TY,NN,11.1,152.6,20,NaN,313,7,313,7,NaN,NaN,NaN,NaN,NaN,NaN,NaN,NaN,NaN,NaN,NT,NW,b,b,NaN,NaN,NaN,NaN,NaN,NaN,
1980091300,w20.1980,9X-W20,TY,NN,12.2,152.5,20,NaN,341,9,341,9,NaN,NaN,NaN,NaN,NaN,NaN,NaN,NaN,NaN,NaN,NT,NW,b,b,NaN,NaN,NaN,NaN,NaN,NaN,
1980091306,w20.1980,9X-W20,TY,NN,13.2,152.8,20,NaN,5,11,5,11,NaN,NaN,NaN,NaN,NaN,NaN,NaN,NaN,NaN,NaN,NT,NW,b,b,NaN,NaN,NaN,NaN,NaN,NaN,
1980091312,w20.1980,9X-W20,TY,NN,14.2,152.7,20,NaN,6,10,6,10,NaN,NaN,NaN,NaN,NaN,NaN,NaN,NaN,NaN,NaN,NT,NW,b,b,NaN,NaN,NaN,NaN,NaN,NaN,
1980091318,w20.1980,9X-W20,TY,NN,15.1,152.4,20,NaN,348,10,348,10,NaN,NaN,NaN,NaN,NaN,NaN,NaN,NaN,NaN,NaN,NT,NW,b,b,NaN,NaN,NaN,NaN,NaN,NaN,
1980091400,w20.1980,9X-W20,TY,NN,16.0,152.0,25,NaN,339,10,339,10,NaN,NaN,NaN,NaN,NaN,NaN,NaN,NaN,NaN,NaN,TD,NW,b,b,NaN,NaN,NaN,NaN,NaN,NaN,
1980091406,w20.1980,9X-W20,TY,NN,17.1,151.2,25,NaN,330,12,330,12,NaN,NaN,NaN,NaN,NaN,NaN,NaN,NaN,NaN,NaN,TD,NW,b,b,NaN,NaN,NaN,NaN,NaN,NaN,
1980091412,w20.1980,9X-W20,TY,NN,18.3,150.3,30,NaN,325,14,325,14,NaN,NaN,NaN,NaN,NaN,NaN,NaN,NaN,NaN,NaN,TD,NW,b,b,NaN,NaN,NaN,NaN,NaN,NaN,
1980091418,w20.1980,9X-W20,TY,NN,19.3,149.0,30,NaN,316,15,316,15,NaN,NaN,NaN,NaN,NaN,NaN,NaN,NaN,NaN,NaN,TD,NW,b,b,NaN,NaN,NaN,NaN,NaN,NaN,
1980091500,20w.1980,SPERRY,TY,NN,20.0,147.8,30,NaN,291,13,306,15,NaN,NaN,NaN,NaN,NaN,NaN,NaN,NaN,NaN,NaN,TD,WN,c,c,NaN,NaN,NaN,NaN,NaN,NaN,
1980091506,20w.1980,SPERRY,TY,NN,20.3,145.9,40,NaN,288,14,289,15,NaN,NaN,NaN,NaN,NaN,NaN,NaN,NaN,NaN,NaN,TS,WN,c,c,NaN,NaN,NaN,NaN,NaN,NaN,
1980091512,20w.1980,SPERRY,TY,NN,21.4,144.5,45,NaN,292,16,294,17,NaN,NaN,NaN,NaN,NaN,NaN,NaN,NaN,NaN,NaN,TS,WN,c,c,NaN,NaN,NaN,NaN,NaN,NaN,
1980091518,20w.1980,SPERRY,TY,NN,21.8,142.8,50,NaN,294,16,297,16,NaN,NaN,NaN,NaN,NaN,NaN,NaN,NaN,NaN,NaN,TS,WN,c,c,NaN,NaN,NaN,NaN,NaN,NaN,
1980091600,20w.1980,SPERRY,TY,NN,21.9,140.8,45,NaN,283,18,278,17,NaN,NaN,NaN,NaN,NaN,NaN,NaN,NaN,NaN,NaN,TS,WN,c,c,NaN,NaN,NaN,NaN,NaN,NaN,
1980091606,20w.1980,SPERRY,TY,NN,22.9,139.3,45,NaN,286,17,289,17,NaN,NaN,NaN,NaN,NaN,NaN,NaN,NaN,NaN,NaN,TS,WN,c,c,NaN,NaN,NaN,NaN,NaN,NaN,
1980091612,20w.1980,SPERRY,TY,NN,23.3,138.3,45,NaN,291,12,301,13,NaN,NaN,NaN,NaN,NaN,NaN,NaN,NaN,NaN,NaN,TS,WN,c,c,NaN,NaN,NaN,NaN,NaN,NaN,
1980091618,20w.1980,SPERRY,TY,NN,24.2,137.5,50,NaN,309,18,308,11,NaN,NaN,NaN,NaN,NaN,NaN,NaN,NaN,NaN,NaN,TS,WN,c,c,NaN,NaN,NaN,NaN,NaN,NaN,
1980091700,20w.1980,SPERRY,TY,NN,25.9,136.1,55,NaN,308,14,322,16,NaN,NaN,NaN,NaN,NaN,NaN,NaN,NaN,NaN,NaN,TS,WN,c,c,NaN,NaN,NaN,NaN,NaN,NaN,
1980091706,20w.1980,SPERRY,TY,NN,27.3,136.1,55,NaN,337,10,338,17,NaN,NaN,NaN,NaN,NaN,NaN,NaN,NaN,NaN,NaN,TS,WN,c,c,NaN,NaN,NaN,NaN,NaN,NaN,
1980091712,20w.1980,SPERRY,TY,NN,28.4,136.0,55,NaN,349,12,358,13,NaN,NaN,NaN,NaN,NaN,NaN,NaN,NaN,NaN,NaN,TS,WN,c,c,NaN,NaN,NaN,NaN,NaN,NaN,
1980091718,20w.1980,SPERRY,TY,NN,29.6,136.9,55,NaN,17,12,17,12,NaN,NaN,NaN,NaN,NaN,NaN,NaN,NaN,NaN,NaN,TS,WN,b,b,NaN,NaN,NaN,NaN,NaN,NaN,
1980091800,20w.1980,SPERRY,TY,NN,30.3,137.8,60,NaN,40,12,40,12,NaN,NaN,NaN,NaN,NaN,NaN,NaN,NaN,NaN,NaN,TS,WN,b,b,NaN,NaN,NaN,NaN,NaN,NaN,
1980091806,20w.1980,SPERRY,TY,NN,31.0,138.8,65,NaN,54,11,50,11,NaN,NaN,NaN,NaN,NaN,NaN,NaN,NaN,NaN,NaN,TY,WN,c,c,NaN,NaN,NaN,NaN,NaN,NaN,
1980091812,20w.1980,SPERRY,TY,NN,31.1,139.6,65,NaN,66,10,63,9,NaN,NaN,NaN,NaN,NaN,NaN,NaN,NaN,NaN,NaN,TY,WN,c,c,NaN,NaN,NaN,NaN,NaN,NaN,
1980091818,20w.1980,SPERRY,TY,NN,31.5,141.1,65,NaN,74,11,76,10,NaN,NaN,NaN,NaN,NaN,NaN,NaN,NaN,NaN,NaN,TY,WN,c,c,NaN,NaN,NaN,NaN,NaN,NaN,
1980091900,20w.1980,SPERRY,TY,NN,31.2,142.4,65,NaN,74,13,88,12,NaN,NaN,NaN,NaN,NaN,NaN,NaN,NaN,NaN,NaN,TY,WN,c,c,NaN,NaN,NaN,NaN,NaN,NaN,
1980091906,20w.1980,SPERRY,TY,NN,31.1,144.0,65,NaN,82,11,99,13,NaN,NaN,NaN,NaN,NaN,NaN,NaN,NaN,NaN,NaN,TY,WN,c,c,NaN,NaN,NaN,NaN,NaN,NaN,
1980091912,20w.1980,SPERRY,TY,NN,31.4,145.5,65,NaN,83,12,86,13,NaN,NaN,NaN,NaN,NaN,NaN,NaN,NaN,NaN,NaN,TY,WN,c,c,NaN,NaN,NaN,NaN,NaN,NaN,
1980091918,20w.1980,SPERRY,TY,NN,31.5,146.0,60,NaN,87,9,77,9,NaN,NaN,NaN,NaN,NaN,NaN,NaN,NaN,NaN,NaN,TS,WN,c,c,NaN,NaN,NaN,NaN,NaN,NaN,
1980092000,20w.1980,SPERRY,TY,NN,30.6,146.7,55,NaN,128,7,128,7,NaN,NaN,NaN,NaN,NaN,NaN,NaN,NaN,NaN,NaN,TS,WN,b,b,NaN,NaN,NaN,NaN,NaN,NaN,
1980092006,20w.1980,SPERRY,TY,NN,30.6,147.7,50,NaN,122,9,122,9,NaN,NaN,NaN,NaN,NaN,NaN,NaN,NaN,NaN,NaN,TS,WN,b,b,NaN,NaN,NaN,NaN,NaN,NaN,
1980092012,20w.1980,SPERRY,TY,NN,31.2,148.3,45,NaN,66,7,66,7,NaN,NaN,NaN,NaN,NaN,NaN,NaN,NaN,NaN,NaN,TS,NW,b,b,NaN,NaN,NaN,NaN,NaN,NaN,
1980092018,20w.1980,SPERRY,TY,NN,31.8,148.9,45,NaN,41,8,41,8,NaN,NaN,NaN,NaN,NaN,NaN,NaN,NaN,NaN,NaN,TS,NW,b,b,NaN,NaN,NaN,NaN,NaN,NaN,
1980092100,20w.1980,SPERRY,TY,NN,32.5,149.4,40,NaN,36,8,36,8,NaN,NaN,NaN,NaN,NaN,NaN,NaN,NaN,NaN,NaN,TS,NW,b,b,NaN,NaN,NaN,NaN,NaN,NaN,
1980092106,20w.1980,SPERRY,TY,NN,33.1,149.9,40,NaN,33,8,33,8,NaN,NaN,NaN,NaN,NaN,NaN,NaN,NaN,NaN,NaN,TS,NW,b,b,NaN,NaN,NaN,NaN,NaN,NaN,
1980092112,20w.1980,SPERRY,TY,NN,33.6,150.6,40,NaN,42,7,42,7,NaN,NaN,NaN,NaN,NaN,NaN,NaN,NaN,NaN,NaN,TS,NW,b,b,NaN,NaN,NaN,NaN,NaN,NaN,
1980092118,20w.1980,SPERRY,TY,NN,34.0,151.4,35,NaN,54,8,54,8,NaN,NaN,NaN,NaN,NaN,NaN,NaN,NaN,NaN,NaN,TS,NW,b,b,NaN,NaN,NaN,NaN,NaN,NaN,
1980092200,20w.1980,SPERRY,TY,NN,34.3,152.3,30,NaN,64,8,64,8,NaN,NaN,NaN,NaN,NaN,NaN,NaN,NaN,NaN,NaN,TD,NW,b,b,NaN,NaN,NaN,NaN,NaN,NaN,
1980092500,w21.1980,9X-W21,TS,NN,15.5,147.0,15,NaN,308,2,308,2,NaN,NaN,NaN,NaN,NaN,NaN,NaN,NaN,NaN,NaN,NT,NW,b,b,NaN,NaN,NaN,NaN,NaN,NaN,
1980092506,w21.1980,9X-W21,TS,NN,15.6,146.8,15,NaN,308,2,308,2,NaN,NaN,NaN,NaN,NaN,NaN,NaN,NaN,NaN,NaN,NT,NW,b,b,NaN,NaN,NaN,NaN,NaN,NaN,
1980092512,w21.1980,9X-W21,TS,NN,15.8,146.6,15,NaN,308,2,308,2,NaN,NaN,NaN,NaN,NaN,NaN,NaN,NaN,NaN,NaN,NT,NW,b,b,NaN,NaN,NaN,NaN,NaN,NaN,
1980092518,w21.1980,9X-W21,TS,NN,16.1,146.3,15,NaN,316,3,316,3,NaN,NaN,NaN,NaN,NaN,NaN,NaN,NaN,NaN,NaN,NT,NW,b,b,NaN,NaN,NaN,NaN,NaN,NaN,
1980092600,w21.1980,9X-W21,TS,NN,16.3,146.1,20,NaN,316,3,316,3,NaN,NaN,NaN,NaN,NaN,NaN,NaN,NaN,NaN,NaN,NT,NW,b,b,NaN,NaN,NaN,NaN,NaN,NaN,
1980092606,w21.1980,9X-W21,TS,NN,16.7,145.6,25,NaN,312,5,312,5,NaN,NaN,NaN,NaN,NaN,NaN,NaN,NaN,NaN,NaN,TD,NW,b,b,NaN,NaN,NaN,NaN,NaN,NaN,
1980092612,w21.1980,9X-W21,TS,NN,17.3,145.1,25,NaN,316,7,316,7,NaN,NaN,NaN,NaN,NaN,NaN,NaN,NaN,NaN,NaN,TD,NW,b,b,NaN,NaN,NaN,NaN,NaN,NaN,
1980092618,21w.1980,THELMA,TS,NN,17.1,143.2,30,NaN,290,9,280,12,NaN,NaN,NaN,NaN,NaN,NaN,NaN,NaN,NaN,NaN,TD,WN,c,c,NaN,NaN,NaN,NaN,NaN,NaN,
1980092700,21w.1980,THELMA,TS,NN,17.8,142.9,30,NaN,300,6,283,11,NaN,NaN,NaN,NaN,NaN,NaN,NaN,NaN,NaN,NaN,TD,WN,c,c,NaN,NaN,NaN,NaN,NaN,NaN,
1980092706,21w.1980,THELMA,TS,NN,18.0,142.4,30,NaN,296,6,320,6,NaN,NaN,NaN,NaN,NaN,NaN,NaN,NaN,NaN,NaN,TD,WN,c,c,NaN,NaN,NaN,NaN,NaN,NaN,
1980092712,21w.1980,THELMA,TS,NN,20.5,143.9,30,NaN,5,11,19,14,NaN,NaN,NaN,NaN,NaN,NaN,NaN,NaN,NaN,NaN,TD,WN,c,c,NaN,NaN,NaN,NaN,NaN,NaN,
1980092718,21w.1980,THELMA,TS,NN,23.1,141.6,45,NaN,328,15,352,26,NaN,NaN,NaN,NaN,NaN,NaN,NaN,NaN,NaN,NaN,TS,WN,c,c,NaN,NaN,NaN,NaN,NaN,NaN,
1980092800,21w.1980,THELMA,TS,NN,21.7,142.2,35,NaN,307,10,307,10,NaN,NaN,NaN,NaN,NaN,NaN,NaN,NaN,NaN,NaN,TS,WN,b,b,NaN,NaN,NaN,NaN,NaN,NaN,
1980092806,21w.1980,THELMA,TS,NN,22.6,142.3,35,NaN,360,8,128,4,NaN,NaN,NaN,NaN,NaN,NaN,NaN,NaN,NaN,NaN,TS,WN,c,c,NaN,NaN,NaN,NaN,NaN,NaN,
1980092812,21w.1980,THELMA,TS,NN,24.8,142.3,30,NaN,2,12,2,16,NaN,NaN,NaN,NaN,NaN,NaN,NaN,NaN,NaN,NaN,TD,WN,c,c,NaN,NaN,NaN,NaN,NaN,NaN,
1980092818,21w.1980,THELMA,TS,NN,26.3,143.1,40,NaN,16,13,11,19,NaN,NaN,NaN,NaN,NaN,NaN,NaN,NaN,NaN,NaN,TS,WN,c,c,NaN,NaN,NaN,NaN,NaN,NaN,
1980092900,21w.1980,THELMA,TS,NN,27.5,143.6,50,NaN,26,11,23,15,NaN,NaN,NaN,NaN,NaN,NaN,NaN,NaN,NaN,NaN,TS,WN,c,c,NaN,NaN,NaN,NaN,NaN,NaN,
1980092906,21w.1980,THELMA,TS,NN,27.1,148.4,55,NaN,314,9,80,24,NaN,NaN,NaN,NaN,NaN,NaN,NaN,NaN,NaN,NaN,TS,WN,c,c,NaN,NaN,NaN,NaN,NaN,NaN,
1980092912,21w.1980,THELMA,TS,NN,28.0,144.0,55,NaN,37,9,35,3,NaN,NaN,NaN,NaN,NaN,NaN,NaN,NaN,NaN,NaN,TS,WN,c,c,NaN,NaN,NaN,NaN,NaN,NaN,
1980092918,21w.1980,THELMA,TS,NN,30.7,144.8,55,NaN,31,15,319,24,NaN,NaN,NaN,NaN,NaN,NaN,NaN,NaN,NaN,NaN,TS,WN,c,c,NaN,NaN,NaN,NaN,NaN,NaN,
1980093000,21w.1980,THELMA,TS,NN,31.9,146.0,55,NaN,37,15,24,21,NaN,NaN,NaN,NaN,NaN,NaN,NaN,NaN,NaN,NaN,TS,WN,c,c,NaN,NaN,NaN,NaN,NaN,NaN,
1980093006,21w.1980,THELMA,TS,NN,35.2,151.7,45,NaN,52,37,52,37,NaN,NaN,NaN,NaN,NaN,NaN,NaN,NaN,NaN,NaN,TS,WN,b,b,NaN,NaN,NaN,NaN,NaN,NaN,
1980093012,21w.1980,THELMA,TS,NN,37.3,155.8,45,NaN,56,49,56,49,NaN,NaN,NaN,NaN,NaN,NaN,NaN,NaN,NaN,NaN,TS,WN,b,b,NaN,NaN,NaN,NaN,NaN,NaN,
1980092700,w22.1980,9X-W22,TY,NN,12.2,161.2,20,NaN,274,7,274,7,NaN,NaN,NaN,NaN,NaN,NaN,NaN,NaN,NaN,NaN,NT,NW,b,b,NaN,NaN,NaN,NaN,NaN,NaN,
1980092706,w22.1980,9X-W22,TY,NN,12.2,160.4,25,NaN,274,7,274,7,NaN,NaN,NaN,NaN,NaN,NaN,NaN,NaN,NaN,NaN,TD,NW,b,b,NaN,NaN,NaN,NaN,NaN,NaN,
1980092712,w22.1980,9X-W22,TY,NN,12.3,159.8,25,NaN,274,7,274,7,NaN,NaN,NaN,NaN,NaN,NaN,NaN,NaN,NaN,NaN,TD,NW,b,b,NaN,NaN,NaN,NaN,NaN,NaN,
1980092718,22w.1980,VERNON,TY,NN,12.6,155.0,30,NaN,276,4,274,26,NaN,NaN,NaN,NaN,NaN,NaN,NaN,NaN,NaN,NaN,TD,WN,c,c,NaN,NaN,NaN,NaN,NaN,NaN,
1980092800,22w.1980,VERNON,TY,NN,12.9,157.8,30,NaN,286,11,287,10,NaN,NaN,NaN,NaN,NaN,NaN,NaN,NaN,NaN,NaN,TD,WN,c,c,NaN,NaN,NaN,NaN,NaN,NaN,
1980092806,22w.1980,VERNON,TY,NN,12.8,157.4,30,NaN,284,8,85,12,NaN,NaN,NaN,NaN,NaN,NaN,NaN,NaN,NaN,NaN,TD,WN,c,c,NaN,NaN,NaN,NaN,NaN,NaN,
1980092812,22w.1980,VERNON,TY,NN,13.1,156.5,30,NaN,284,8,279,6,NaN,NaN,NaN,NaN,NaN,NaN,NaN,NaN,NaN,NaN,TD,WN,c,c,NaN,NaN,NaN,NaN,NaN,NaN,
1980092818,22w.1980,VERNON,TY,NN,14.5,154.8,40,NaN,297,12,304,15,NaN,NaN,NaN,NaN,NaN,NaN,NaN,NaN,NaN,NaN,TS,WN,c,c,NaN,NaN,NaN,NaN,NaN,NaN,
1980092900,22w.1980,VERNON,TY,NN,14.9,154.4,50,NaN,310,11,311,14,NaN,NaN,NaN,NaN,NaN,NaN,NaN,NaN,NaN,NaN,TS,WN,c,c,NaN,NaN,NaN,NaN,NaN,NaN,
1980092906,22w.1980,VERNON,TY,NN,15.0,155.8,55,NaN,318,9,63,5,NaN,NaN,NaN,NaN,NaN,NaN,NaN,NaN,NaN,NaN,TS,WN,c,c,NaN,NaN,NaN,NaN,NaN,NaN,
1980092912,22w.1980,VERNON,TY,NN,16.4,155.3,60,NaN,341,7,30,9,NaN,NaN,NaN,NaN,NaN,NaN,NaN,NaN,NaN,NaN,TS,WN,c,c,NaN,NaN,NaN,NaN,NaN,NaN,
1980092918,22w.1980,VERNON,TY,NN,17.3,154.9,65,NaN,340,9,339,12,NaN,NaN,NaN,NaN,NaN,NaN,NaN,NaN,NaN,NaN,TY,WN,c,c,NaN,NaN,NaN,NaN,NaN,NaN,
1980093000,22w.1980,VERNON,TY,NN,17.3,154.9,65,NaN,340,9,337,5,NaN,NaN,NaN,NaN,NaN,NaN,NaN,NaN,NaN,NaN,TY,WN,c,c,NaN,NaN,NaN,NaN,NaN,NaN,
1980093006,22w.1980,VERNON,TY,NN,19.0,153.9,75,NaN,331,10,331,10,NaN,NaN,NaN,NaN,NaN,NaN,NaN,NaN,NaN,NaN,TY,WN,b,b,NaN,NaN,NaN,NaN,NaN,NaN,
1980093012,22w.1980,VERNON,TY,NN,20.0,153.5,75,NaN,332,10,334,15,NaN,NaN,NaN,NaN,NaN,NaN,NaN,NaN,NaN,NaN,TY,WN,c,c,NaN,NaN,NaN,NaN,NaN,NaN,
1980093018,22w.1980,VERNON,TY,NN,21.6,152.2,80,NaN,318,13,328,15,NaN,NaN,NaN,NaN,NaN,NaN,NaN,NaN,NaN,NaN,TY,WN,c,c,NaN,NaN,NaN,NaN,NaN,NaN,
1980100100,22w.1980,VERNON,TY,NN,22.5,152.5,85,NaN,341,12,340,13,NaN,NaN,NaN,NaN,NaN,NaN,NaN,NaN,NaN,NaN,TY,WN,c,c,NaN,NaN,NaN,NaN,NaN,NaN,
1980100106,22w.1980,VERNON,TY,NN,23.5,151.2,100,NaN,339,13,334,11,NaN,NaN,NaN,NaN,NaN,NaN,NaN,NaN,NaN,NaN,TY,WN,c,c,NaN,NaN,NaN,NaN,NaN,NaN,
1980100112,22w.1980,VERNON,TY,NN,24.5,150.3,100,NaN,335,13,315,14,NaN,NaN,NaN,NaN,NaN,NaN,NaN,NaN,NaN,NaN,TY,WN,c,c,NaN,NaN,NaN,NaN,NaN,NaN,
1980100118,22w.1980,VERNON,TY,NN,26.3,149.5,105,NaN,338,17,331,16,NaN,NaN,NaN,NaN,NaN,NaN,NaN,NaN,NaN,NaN,TY,WN,c,c,NaN,NaN,NaN,NaN,NaN,NaN,
1980100200,22w.1980,VERNON,TY,NN,27.2,148.7,110,NaN,327,16,332,15,NaN,NaN,NaN,NaN,NaN,NaN,NaN,NaN,NaN,NaN,TY,WN,c,c,NaN,NaN,NaN,NaN,NaN,NaN,
1980100206,22w.1980,VERNON,TY,NN,26.5,148.7,110,NaN,330,8,286,4,NaN,NaN,NaN,NaN,NaN,NaN,NaN,NaN,NaN,NaN,TY,WN,c,c,NaN,NaN,NaN,NaN,NaN,NaN,
1980100212,22w.1980,VERNON,TY,NN,28.4,148.3,110,NaN,357,10,344,6,NaN,NaN,NaN,NaN,NaN,NaN,NaN,NaN,NaN,NaN,TY,WN,c,c,NaN,NaN,NaN,NaN,NaN,NaN,
1980100218,22w.1980,VERNON,TY,NN,29.9,148.7,105,NaN,4,12,360,17,NaN,NaN,NaN,NaN,NaN,NaN,NaN,NaN,NaN,NaN,TY,WN,c,c,NaN,NaN,NaN,NaN,NaN,NaN,
1980100300,22w.1980,VERNON,TY,NN,31.2,147.4,100,NaN,36,17,344,15,NaN,NaN,NaN,NaN,NaN,NaN,NaN,NaN,NaN,NaN,TY,WN,c,c,NaN,NaN,NaN,NaN,NaN,NaN,
1980100306,22w.1980,VERNON,TY,NN,33.6,152.0,90,NaN,35,15,37,23,NaN,NaN,NaN,NaN,NaN,NaN,NaN,NaN,NaN,NaN,TY,WN,c,c,NaN,NaN,NaN,NaN,NaN,NaN,
1980100312,22w.1980,VERNON,TY,NN,36.0,154.6,60,NaN,51,38,51,38,NaN,NaN,NaN,NaN,NaN,NaN,NaN,NaN,NaN,NaN,TS,WN,b,b,NaN,NaN,NaN,NaN,NaN,NaN,
1980100318,22w.1980,VERNON,TY,NN,39.1,159.3,55,NaN,47,40,47,40,NaN,NaN,NaN,NaN,NaN,NaN,NaN,NaN,NaN,NaN,TS,WN,b,b,NaN,NaN,NaN,NaN,NaN,NaN,
1980100212,w23.1980,9X-W23,STY,NN,9.4,156.5,20,NaN,219,12,219,12,NaN,NaN,NaN,NaN,NaN,NaN,NaN,NaN,NaN,NaN,NT,NW,b,b,NaN,NaN,NaN,NaN,NaN,NaN,
1980100218,w23.1980,9X-W23,STY,NN,8.4,155.7,20,NaN,219,12,219,12,NaN,NaN,NaN,NaN,NaN,NaN,NaN,NaN,NaN,NaN,NT,NW,b,b,NaN,NaN,NaN,NaN,NaN,NaN,
1980100300,w23.1980,9X-W23,STY,NN,7.6,155.0,25,NaN,219,12,219,12,NaN,NaN,NaN,NaN,NaN,NaN,NaN,NaN,NaN,NaN,TD,NW,b,b,NaN,NaN,NaN,NaN,NaN,NaN,
1980100306,w23.1980,9X-W23,STY,NN,7.0,154.2,35,NaN,227,10,227,10,NaN,NaN,NaN,NaN,NaN,NaN,NaN,NaN,NaN,NaN,TS,NW,b,b,NaN,NaN,NaN,NaN,NaN,NaN,
1980100312,w23.1980,9X-W23,STY,NN,6.6,153.7,50,NaN,232,8,232,8,NaN,NaN,NaN,NaN,NaN,NaN,NaN,NaN,NaN,NaN,TS,NW,b,b,NaN,NaN,NaN,NaN,NaN,NaN,
1980100318,w23.1980,9X-W23,STY,NN,6.2,152.9,60,NaN,238,8,238,8,NaN,NaN,NaN,NaN,NaN,NaN,NaN,NaN,NaN,NaN,TS,NW,b,b,NaN,NaN,NaN,NaN,NaN,NaN,
1980100400,23w.1980,WYNNE,STY,NN,6.8,151.9,55,NaN,240,9,276,9,NaN,NaN,NaN,NaN,NaN,NaN,NaN,NaN,NaN,NaN,TS,WN,c,c,NaN,NaN,NaN,NaN,NaN,NaN,
1980100406,23w.1980,WYNNE,STY,NN,6.3,151.3,60,NaN,274,7,274,8,NaN,NaN,NaN,NaN,NaN,NaN,NaN,NaN,NaN,NaN,TS,WN,c,c,NaN,NaN,NaN,NaN,NaN,NaN,
1980100412,23w.1980,WYNNE,STY,NN,6.2,150.8,60,NaN,274,7,241,6,NaN,NaN,NaN,NaN,NaN,NaN,NaN,NaN,NaN,NaN,TS,WN,c,c,NaN,NaN,NaN,NaN,NaN,NaN,
1980100418,23w.1980,WYNNE,STY,NN,7.3,149.3,50,NaN,301,10,297,11,NaN,NaN,NaN,NaN,NaN,NaN,NaN,NaN,NaN,NaN,TS,WN,c,c,NaN,NaN,NaN,NaN,NaN,NaN,
1980100500,23w.1980,WYNNE,STY,NN,7.7,149.5,45,NaN,318,7,319,10,NaN,NaN,NaN,NaN,NaN,NaN,NaN,NaN,NaN,NaN,TS,WN,c,c,NaN,NaN,NaN,NaN,NaN,NaN,
1980100506,23w.1980,WYNNE,STY,NN,8.7,149.1,50,NaN,334,8,352,7,NaN,NaN,NaN,NaN,NaN,NaN,NaN,NaN,NaN,NaN,TS,WN,c,c,NaN,NaN,NaN,NaN,NaN,NaN,
1980100512,23w.1980,WYNNE,STY,NN,8.7,149.1,50,NaN,334,8,338,5,NaN,NaN,NaN,NaN,NaN,NaN,NaN,NaN,NaN,NaN,TS,WN,c,c,NaN,NaN,NaN,NaN,NaN,NaN,
1980100518,23w.1980,WYNNE,STY,NN,10.7,147.1,40,NaN,314,13,315,14,NaN,NaN,NaN,NaN,NaN,NaN,NaN,NaN,NaN,NaN,TS,WN,c,c,NaN,NaN,NaN,NaN,NaN,NaN,
1980100600,23w.1980,WYNNE,STY,NN,11.5,146.4,45,NaN,311,14,316,19,NaN,NaN,NaN,NaN,NaN,NaN,NaN,NaN,NaN,NaN,TS,WN,c,c,NaN,NaN,NaN,NaN,NaN,NaN,
1980100606,23w.1980,WYNNE,STY,NN,12.6,146.0,50,NaN,319,11,330,11,NaN,NaN,NaN,NaN,NaN,NaN,NaN,NaN,NaN,NaN,TS,WN,c,c,NaN,NaN,NaN,NaN,NaN,NaN,
1980100612,23w.1980,WYNNE,STY,NN,13.7,145.5,50,NaN,328,10,338,12,NaN,NaN,NaN,NaN,NaN,NaN,NaN,NaN,NaN,NaN,TS,WN,c,c,NaN,NaN,NaN,NaN,NaN,NaN,
1980100618,23w.1980,WYNNE,STY,NN,15.0,144.9,40,NaN,323,12,336,13,NaN,NaN,NaN,NaN,NaN,NaN,NaN,NaN,NaN,NaN,TS,WN,c,c,NaN,NaN,NaN,NaN,NaN,NaN,
1980100700,23w.1980,WYNNE,STY,NN,15.4,144.2,45,NaN,326,10,323,11,NaN,NaN,NaN,NaN,NaN,NaN,NaN,NaN,NaN,NaN,TS,WN,c,c,NaN,NaN,NaN,NaN,NaN,NaN,
1980100706,23w.1980,WYNNE,STY,NN,15.8,144.0,50,NaN,327,5,313,6,NaN,NaN,NaN,NaN,NaN,NaN,NaN,NaN,NaN,NaN,TS,WN,c,c,NaN,NaN,NaN,NaN,NaN,NaN,
1980100712,23w.1980,WYNNE,STY,NN,16.6,143.3,50,NaN,324,8,324,7,NaN,NaN,NaN,NaN,NaN,NaN,NaN,NaN,NaN,NaN,TS,WN,c,c,NaN,NaN,NaN,NaN,NaN,NaN,
1980100718,23w.1980,WYNNE,STY,NN,16.8,143.1,55,NaN,321,8,319,7,NaN,NaN,NaN,NaN,NaN,NaN,NaN,NaN,NaN,NaN,TS,WN,c,c,NaN,NaN,NaN,NaN,NaN,NaN,
1980100800,23w.1980,WYNNE,STY,NN,17.3,142.6,60,NaN,323,6,316,5,NaN,NaN,NaN,NaN,NaN,NaN,NaN,NaN,NaN,NaN,TS,WN,c,c,NaN,NaN,NaN,NaN,NaN,NaN,
1980100806,23w.1980,WYNNE,STY,NN,17.6,141.1,65,NaN,293,9,293,10,NaN,NaN,NaN,NaN,NaN,NaN,NaN,NaN,NaN,NaN,TY,WN,c,c,NaN,NaN,NaN,NaN,NaN,NaN,
1980100812,23w.1980,WYNNE,STY,NN,17.8,140.2,70,NaN,292,9,282,12,NaN,NaN,NaN,NaN,NaN,NaN,NaN,NaN,NaN,NaN,TY,WN,c,c,NaN,NaN,NaN,NaN,NaN,NaN,
1980100818,23w.1980,WYNNE,STY,NN,18.5,139.2,95,NaN,299,11,296,10,NaN,NaN,NaN,NaN,NaN,NaN,NaN,NaN,NaN,NaN,TY,WN,c,c,NaN,NaN,NaN,NaN,NaN,NaN,
1980100900,23w.1980,WYNNE,STY,NN,18.9,138.1,140,NaN,297,11,299,11,NaN,NaN,NaN,NaN,NaN,NaN,NaN,NaN,NaN,NaN,STY,WN,c,c,NaN,NaN,NaN,NaN,NaN,NaN,
1980100906,23w.1980,WYNNE,STY,NN,18.9,136.5,150,NaN,289,14,279,13,NaN,NaN,NaN,NaN,NaN,NaN,NaN,NaN,NaN,NaN,STY,WN,c,c,NaN,NaN,NaN,NaN,NaN,NaN,
1980100912,23w.1980,WYNNE,STY,NN,19.3,136.3,150,NaN,292,9,283,9,NaN,NaN,NaN,NaN,NaN,NaN,NaN,NaN,NaN,NaN,STY,WN,c,c,NaN,NaN,NaN,NaN,NaN,NaN,
1980100918,23w.1980,WYNNE,STY,NN,22.8,135.0,140,NaN,261,10,340,21,NaN,NaN,NaN,NaN,NaN,NaN,NaN,NaN,NaN,NaN,STY,WN,c,c,NaN,NaN,NaN,NaN,NaN,NaN,
1980101000,23w.1980,WYNNE,STY,NN,20.5,133.9,140,NaN,297,12,298,13,NaN,NaN,NaN,NaN,NaN,NaN,NaN,NaN,NaN,NaN,STY,WN,c,c,NaN,NaN,NaN,NaN,NaN,NaN,
1980101006,23w.1980,WYNNE,STY,NN,20.6,132.2,130,NaN,289,12,230,17,NaN,NaN,NaN,NaN,NaN,NaN,NaN,NaN,NaN,NaN,STY,WN,c,c,NaN,NaN,NaN,NaN,NaN,NaN,
1980101012,23w.1980,WYNNE,STY,NN,21.4,130.8,125,NaN,290,13,287,15,NaN,NaN,NaN,NaN,NaN,NaN,NaN,NaN,NaN,NaN,TY,WN,c,c,NaN,NaN,NaN,NaN,NaN,NaN,
1980101018,23w.1980,WYNNE,STY,NN,22.2,129.5,125,NaN,297,13,302,15,NaN,NaN,NaN,NaN,NaN,NaN,NaN,NaN,NaN,NaN,TY,WN,c,c,NaN,NaN,NaN,NaN,NaN,NaN,
1980101100,23w.1980,WYNNE,STY,NN,22.5,128.8,125,NaN,301,11,301,11,NaN,NaN,NaN,NaN,NaN,NaN,NaN,NaN,NaN,NaN,TY,WN,c,c,NaN,NaN,NaN,NaN,NaN,NaN,
1980101106,23w.1980,WYNNE,STY,NN,23.6,128.0,115,NaN,319,11,315,10,NaN,NaN,NaN,NaN,NaN,NaN,NaN,NaN,NaN,NaN,TY,WN,c,c,NaN,NaN,NaN,NaN,NaN,NaN,
1980101112,23w.1980,WYNNE,STY,NN,23.9,127.6,110,NaN,317,6,322,9,NaN,NaN,NaN,NaN,NaN,NaN,NaN,NaN,NaN,NaN,TY,WN,c,c,NaN,NaN,NaN,NaN,NaN,NaN,
1980101118,23w.1980,WYNNE,STY,NN,24.9,126.2,110,NaN,318,9,308,10,NaN,NaN,NaN,NaN,NaN,NaN,NaN,NaN,NaN,NaN,TY,WN,c,c,NaN,NaN,NaN,NaN,NaN,NaN,
1980101200,23w.1980,WYNNE,STY,NN,24.8,126.0,105,NaN,306,7,302,9,NaN,NaN,NaN,NaN,NaN,NaN,NaN,NaN,NaN,NaN,TY,WN,c,c,NaN,NaN,NaN,NaN,NaN,NaN,
1980101206,23w.1980,WYNNE,STY,NN,25.4,125.4,100,NaN,312,7,305,4,NaN,NaN,NaN,NaN,NaN,NaN,NaN,NaN,NaN,NaN,TY,WN,c,c,NaN,NaN,NaN,NaN,NaN,NaN,
1980101212,23w.1980,WYNNE,STY,NN,26.3,125.6,100,NaN,340,8,346,8,NaN,NaN,NaN,NaN,NaN,NaN,NaN,NaN,NaN,NaN,TY,WN,c,c,NaN,NaN,NaN,NaN,NaN,NaN,
1980101218,23w.1980,WYNNE,STY,NN,27.2,125.5,100,NaN,360,9,3,9,NaN,NaN,NaN,NaN,NaN,NaN,NaN,NaN,NaN,NaN,TY,WN,c,c,NaN,NaN,NaN,NaN,NaN,NaN,
1980101300,23w.1980,WYNNE,STY,NN,28.0,126.4,100,NaN,21,9,23,9,NaN,NaN,NaN,NaN,NaN,NaN,NaN,NaN,NaN,NaN,TY,WN,c,c,NaN,NaN,NaN,NaN,NaN,NaN,
1980101306,23w.1980,WYNNE,STY,NN,29.1,126.9,90,NaN,27,10,33,11,NaN,NaN,NaN,NaN,NaN,NaN,NaN,NaN,NaN,NaN,TY,WN,c,c,NaN,NaN,NaN,NaN,NaN,NaN,
1980101312,23w.1980,WYNNE,STY,NN,29.5,128.8,85,NaN,46,13,55,13,NaN,NaN,NaN,NaN,NaN,NaN,NaN,NaN,NaN,NaN,TY,WN,c,c,NaN,NaN,NaN,NaN,NaN,NaN,
1980101318,23w.1980,WYNNE,STY,NN,30.1,130.0,80,NaN,61,13,70,14,NaN,NaN,NaN,NaN,NaN,NaN,NaN,NaN,NaN,NaN,TY,WN,c,c,NaN,NaN,0.03,NaN,NaN,NaN,
1980101400,23w.1980,WYNNE,STY,NN,31.5,133.5,75,NaN,66,23,64,23,NaN,NaN,NaN,NaN,NaN,NaN,NaN,NaN,NaN,NaN,TY,WN,c,c,NaN,NaN,NaN,NaN,NaN,NaN,
1980101406,23w.1980,WYNNE,STY,NN,32.3,136.3,75,NaN,70,26,68,29,NaN,NaN,NaN,NaN,NaN,NaN,NaN,NaN,NaN,NaN,TY,WN,c,c,NaN,NaN,NaN,NaN,NaN,NaN,
1980101412,23w.1980,WYNNE,STY,NN,34.3,143.1,75,NaN,60,25,71,43,NaN,NaN,NaN,NaN,NaN,NaN,NaN,NaN,NaN,NaN,TY,WN,c,c,NaN,NaN,NaN,NaN,NaN,NaN,
1980101418,23w.1980,WYNNE,STY,NN,35.5,145.0,60,NaN,66,39,66,39,NaN,NaN,NaN,NaN,NaN,NaN,NaN,NaN,NaN,NaN,TS,WN,b,b,NaN,NaN,NaN,NaN,NaN,NaN,
1980101500,23w.1980,WYNNE,STY,NN,36.0,149.2,50,NaN,71,26,71,26,NaN,NaN,NaN,NaN,NaN,NaN,NaN,NaN,NaN,NaN,TS,NW,b,b,NaN,NaN,NaN,NaN,NaN,NaN,
1980100806,w24.1980,9X-W24,TS,NN,19.1,162.0,15,NaN,229,11,229,11,NaN,NaN,NaN,NaN,NaN,NaN,NaN,NaN,NaN,NaN,NT,NW,b,b,NaN,NaN,NaN,NaN,NaN,NaN,
1980100812,w24.1980,9X-W24,TS,NN,18.3,161.1,15,NaN,229,11,229,11,NaN,NaN,NaN,NaN,NaN,NaN,NaN,NaN,NaN,NaN,NT,NW,b,b,NaN,NaN,NaN,NaN,NaN,NaN,
1980100818,w24.1980,9X-W24,TS,NN,17.7,160.3,15,NaN,229,11,229,11,NaN,NaN,NaN,NaN,NaN,NaN,NaN,NaN,NaN,NaN,NT,NW,b,b,NaN,NaN,NaN,NaN,NaN,NaN,
1980100900,w24.1980,9X-W24,TS,NN,17.8,159.5,15,NaN,252,8,252,8,NaN,NaN,NaN,NaN,NaN,NaN,NaN,NaN,NaN,NaN,NT,NW,b,b,NaN,NaN,NaN,NaN,NaN,NaN,
1980100906,w24.1980,9X-W24,TS,NN,18.0,158.8,15,NaN,282,7,282,7,NaN,NaN,NaN,NaN,NaN,NaN,NaN,NaN,NaN,NaN,NT,NW,b,b,NaN,NaN,NaN,NaN,NaN,NaN,
1980100912,w24.1980,9X-W24,TS,NN,18.3,158.2,15,NaN,292,7,292,7,NaN,NaN,NaN,NaN,NaN,NaN,NaN,NaN,NaN,NaN,NT,NW,b,b,NaN,NaN,NaN,NaN,NaN,NaN,
1980100918,w24.1980,9X-W24,TS,NN,18.6,157.4,20,NaN,294,7,294,7,NaN,NaN,NaN,NaN,NaN,NaN,NaN,NaN,NaN,NaN,NT,NW,b,b,NaN,NaN,NaN,NaN,NaN,NaN,
1980101000,w24.1980,9X-W24,TS,NN,19.1,155.9,20,NaN,290,12,290,12,NaN,NaN,NaN,NaN,NaN,NaN,NaN,NaN,NaN,NaN,NT,NW,b,b,NaN,NaN,NaN,NaN,NaN,NaN,
1980101006,w24.1980,9X-W24,TS,NN,19.4,154.8,20,NaN,288,13,288,13,NaN,NaN,NaN,NaN,NaN,NaN,NaN,NaN,NaN,NaN,NT,NW,b,b,NaN,NaN,NaN,NaN,NaN,NaN,
1980101012,w24.1980,9X-W24,TS,NN,20.0,153.7,20,NaN,293,11,293,11,NaN,NaN,NaN,NaN,NaN,NaN,NaN,NaN,NaN,NaN,NT,NW,b,b,NaN,NaN,NaN,NaN,NaN,NaN,
1980101018,w24.1980,9X-W24,TS,NN,20.7,152.6,20,NaN,302,12,302,12,NaN,NaN,NaN,NaN,NaN,NaN,NaN,NaN,NaN,NaN,NT,NW,b,b,NaN,NaN,NaN,NaN,NaN,NaN,
1980101100,w24.1980,9X-W24,TS,NN,21.4,151.3,20,NaN,302,13,302,13,NaN,NaN,NaN,NaN,NaN,NaN,NaN,NaN,NaN,NaN,NT,NW,b,b,NaN,NaN,NaN,NaN,NaN,NaN,
1980101106,w24.1980,9X-W24,TS,NN,22.3,150.3,20,NaN,307,13,307,13,NaN,NaN,NaN,NaN,NaN,NaN,NaN,NaN,NaN,NaN,NT,NW,b,b,NaN,NaN,NaN,NaN,NaN,NaN,
1980101112,w24.1980,9X-W24,TS,NN,22.6,149.1,25,NaN,300,12,300,12,NaN,NaN,NaN,NaN,NaN,NaN,NaN,NaN,NaN,NaN,TD,NW,b,b,NaN,NaN,NaN,NaN,NaN,NaN,
1980101118,w24.1980,9X-W24,TS,NN,22.8,147.7,25,NaN,282,12,282,12,NaN,NaN,NaN,NaN,NaN,NaN,NaN,NaN,NaN,NaN,TD,NW,b,b,NaN,NaN,NaN,NaN,NaN,NaN,
1980101200,w24.1980,9X-W24,TS,NN,23.2,146.6,25,NaN,285,12,285,12,NaN,NaN,NaN,NaN,NaN,NaN,NaN,NaN,NaN,NaN,TD,NW,b,b,NaN,NaN,NaN,NaN,NaN,NaN,
1980101206,24w.1980,ALEX,TS,NN,23.6,144.8,30,NaN,286,13,287,14,NaN,NaN,NaN,NaN,NaN,NaN,NaN,NaN,NaN,NaN,TD,WN,c,c,NaN,NaN,NaN,NaN,NaN,NaN,
1980101212,24w.1980,ALEX,TS,NN,24.0,144.5,30,NaN,301,10,293,10,NaN,NaN,NaN,NaN,NaN,NaN,NaN,NaN,NaN,NaN,TD,WN,c,c,NaN,NaN,NaN,NaN,NaN,NaN,
1980101218,24w.1980,ALEX,TS,NN,25.7,143.1,30,NaN,305,12,324,13,NaN,NaN,NaN,NaN,NaN,NaN,NaN,NaN,NaN,NaN,TD,WN,c,c,NaN,NaN,NaN,NaN,NaN,NaN,
1980101300,24w.1980,ALEX,TS,NN,26.9,141.4,30,NaN,311,16,316,20,NaN,NaN,NaN,NaN,NaN,NaN,NaN,NaN,NaN,NaN,TD,WN,c,c,NaN,NaN,NaN,NaN,NaN,NaN,
1980101306,24w.1980,ALEX,TS,NN,27.3,140.8,35,NaN,314,12,308,13,NaN,NaN,NaN,NaN,NaN,NaN,NaN,NaN,NaN,NaN,TS,WN,c,c,NaN,NaN,NaN,NaN,NaN,NaN,
1980101312,24w.1980,ALEX,TS,NN,28.3,139.8,35,NaN,317,12,315,10,NaN,NaN,NaN,NaN,NaN,NaN,NaN,NaN,NaN,NaN,TS,WN,c,c,NaN,NaN,NaN,NaN,NaN,NaN,
1980101318,24w.1980,ALEX,TS,NN,30.1,141.8,30,NaN,15,17,17,15,NaN,NaN,NaN,NaN,NaN,NaN,NaN,NaN,NaN,NaN,TD,WN,c,c,NaN,NaN,NaN,NaN,NaN,NaN,
1980101400,24w.1980,ALEX,TS,NN,33.7,143.7,25,NaN,32,32,32,32,NaN,NaN,NaN,NaN,NaN,NaN,NaN,NaN,NaN,NaN,TD,WN,b,b,NaN,NaN,NaN,NaN,NaN,NaN,
1980102812,w25.1980,9X-W25,TY,NN,7.1,151.3,25,NaN,55,10,55,10,NaN,NaN,NaN,NaN,NaN,NaN,NaN,NaN,NaN,NaN,TD,NW,b,b,NaN,NaN,NaN,NaN,NaN,NaN,
1980102818,w25.1980,9X-W25,TY,NN,7.3,152.7,25,NaN,55,10,55,10,NaN,NaN,NaN,NaN,NaN,NaN,NaN,NaN,NaN,NaN,TD,NW,b,b,NaN,NaN,NaN,NaN,NaN,NaN,
1980102900,25w.1980,BETTY,TY,NN,8.2,152.9,35,NaN,349,10,55,10,NaN,NaN,NaN,NaN,NaN,NaN,NaN,NaN,NaN,NaN,TS,WN,c,c,NaN,NaN,NaN,NaN,NaN,NaN,
1980102906,25w.1980,BETTY,TY,NN,9.1,153.8,35,NaN,35,14,31,11,NaN,NaN,NaN,NaN,NaN,NaN,NaN,NaN,NaN,NaN,TS,WN,c,c,NaN,NaN,NaN,NaN,NaN,NaN,
1980102912,25w.1980,BETTY,TY,NN,9.5,153.0,40,NaN,330,11,4,7,NaN,NaN,NaN,NaN,NaN,NaN,NaN,NaN,NaN,NaN,TS,WN,c,c,NaN,NaN,NaN,NaN,NaN,NaN,
1980102918,25w.1980,BETTY,TY,NN,11.0,152.0,50,NaN,312,13,317,13,NaN,NaN,NaN,NaN,NaN,NaN,NaN,NaN,NaN,NaN,TS,WN,c,c,NaN,NaN,NaN,NaN,NaN,NaN,
1980103000,25w.1980,BETTY,TY,NN,10.8,151.4,50,NaN,296,11,310,10,NaN,NaN,NaN,NaN,NaN,NaN,NaN,NaN,NaN,NaN,TS,WN,c,c,NaN,NaN,NaN,NaN,NaN,NaN,
1980103006,25w.1980,BETTY,TY,NN,11.5,149.1,60,NaN,304,16,280,14,NaN,NaN,NaN,NaN,NaN,NaN,NaN,NaN,NaN,NaN,TS,WN,c,c,NaN,NaN,NaN,NaN,NaN,NaN,
1980103012,25w.1980,BETTY,TY,NN,12.7,147.5,60,NaN,293,16,296,21,NaN,NaN,NaN,NaN,NaN,NaN,NaN,NaN,NaN,NaN,TS,WN,c,c,NaN,NaN,NaN,NaN,NaN,NaN,
1980103018,25w.1980,BETTY,TY,NN,12.6,145.9,65,NaN,288,18,289,17,NaN,NaN,NaN,NaN,NaN,NaN,NaN,NaN,NaN,NaN,TY,WN,c,c,NaN,NaN,NaN,NaN,NaN,NaN,
1980103100,25w.1980,BETTY,TY,NN,13.0,143.6,70,NaN,288,21,275,19,NaN,NaN,NaN,NaN,NaN,NaN,NaN,NaN,NaN,NaN,TY,WN,c,c,NaN,NaN,NaN,NaN,NaN,NaN,
1980103106,25w.1980,BETTY,TY,NN,13.5,141.8,80,NaN,283,20,283,20,NaN,NaN,NaN,NaN,NaN,NaN,NaN,NaN,NaN,NaN,TY,WN,c,c,NaN,NaN,NaN,NaN,NaN,NaN,
1980103112,25w.1980,BETTY,TY,NN,14.0,139.3,85,NaN,283,21,283,21,NaN,NaN,NaN,NaN,NaN,NaN,NaN,NaN,NaN,NaN,TY,WN,c,c,NaN,NaN,NaN,NaN,NaN,NaN,
1980103118,25w.1980,BETTY,TY,NN,13.6,137.5,85,NaN,274,20,271,21,NaN,NaN,NaN,NaN,NaN,NaN,NaN,NaN,NaN,NaN,TY,WN,c,c,NaN,NaN,NaN,NaN,NaN,NaN,
1980110100,25w.1980,BETTY,TY,NN,14.0,136.2,95,NaN,270,15,270,15,NaN,NaN,NaN,NaN,NaN,NaN,NaN,NaN,NaN,NaN,TY,WN,b,b,NaN,NaN,NaN,NaN,NaN,NaN,
1980110106,25w.1980,BETTY,TY,NN,14.0,134.3,90,NaN,275,17,277,16,NaN,NaN,NaN,NaN,NaN,NaN,NaN,NaN,NaN,NaN,TY,WN,c,c,NaN,NaN,NaN,NaN,NaN,NaN,
1980110112,25w.1980,BETTY,TY,NN,14.2,131.0,90,NaN,279,15,272,25,NaN,NaN,NaN,NaN,NaN,NaN,NaN,NaN,NaN,NaN,TY,WN,c,c,NaN,NaN,NaN,NaN,NaN,NaN,
1980110118,25w.1980,BETTY,TY,NN,14.7,131.9,85,NaN,284,15,287,12,NaN,NaN,NaN,NaN,NaN,NaN,NaN,NaN,NaN,NaN,TY,WN,c,c,NaN,NaN,NaN,NaN,NaN,NaN,
1980110200,25w.1980,BETTY,TY,NN,15.1,130.5,85,NaN,282,15,332,5,NaN,NaN,NaN,NaN,NaN,NaN,NaN,NaN,NaN,NaN,TY,WN,c,c,NaN,NaN,NaN,NaN,NaN,NaN,
1980110206,25w.1980,BETTY,TY,NN,14.9,130.4,100,NaN,282,9,278,7,NaN,NaN,NaN,NaN,NaN,NaN,NaN,NaN,NaN,NaN,TY,WN,c,c,NaN,NaN,NaN,NaN,NaN,NaN,
1980110212,25w.1980,BETTY,TY,NN,15.0,129.4,100,NaN,290,9,265,5,NaN,NaN,NaN,NaN,NaN,NaN,NaN,NaN,NaN,NaN,TY,WN,c,c,NaN,NaN,NaN,NaN,NaN,NaN,
1980110218,25w.1980,BETTY,TY,NN,15.1,128.6,105,NaN,282,9,277,9,NaN,NaN,NaN,NaN,NaN,NaN,NaN,NaN,NaN,NaN,TY,WN,c,c,NaN,NaN,NaN,NaN,NaN,NaN,
1980110300,25w.1980,BETTY,TY,NN,14.2,128.1,110,NaN,238,7,238,7,NaN,NaN,NaN,NaN,NaN,NaN,NaN,NaN,NaN,NaN,TY,WN,b,b,NaN,NaN,NaN,NaN,NaN,NaN,
1980110306,25w.1980,BETTY,TY,NN,14.4,127.8,110,NaN,253,5,228,5,NaN,NaN,NaN,NaN,NaN,NaN,NaN,NaN,NaN,NaN,TY,WN,c,c,NaN,NaN,NaN,NaN,NaN,NaN,
1980110312,25w.1980,BETTY,TY,NN,14.6,126.6,115,NaN,289,8,285,8,NaN,NaN,NaN,NaN,NaN,NaN,NaN,NaN,NaN,NaN,TY,WN,c,c,NaN,NaN,NaN,NaN,NaN,NaN,
1980110318,25w.1980,BETTY,TY,NN,14.5,125.9,115,NaN,286,7,273,9,NaN,NaN,NaN,NaN,NaN,NaN,NaN,NaN,NaN,NaN,TY,WN,c,c,NaN,NaN,NaN,NaN,NaN,NaN,
1980110400,25w.1980,BETTY,TY,NN,14.7,124.8,115,NaN,277,8,273,9,NaN,NaN,NaN,NaN,NaN,NaN,NaN,NaN,NaN,NaN,TY,WN,c,c,NaN,NaN,NaN,NaN,NaN,NaN,
1980110406,25w.1980,BETTY,TY,NN,15.1,123.6,120,NaN,281,11,285,12,NaN,NaN,NaN,NaN,NaN,NaN,NaN,NaN,NaN,NaN,TY,WN,c,c,NaN,NaN,NaN,NaN,NaN,NaN,
1980110412,25w.1980,BETTY,TY,NN,15.9,122.6,120,NaN,295,12,299,12,NaN,NaN,NaN,NaN,NaN,NaN,NaN,NaN,NaN,NaN,TY,WN,c,c,NaN,NaN,0.07,NaN,NaN,NaN,
1980110418,25w.1980,BETTY,TY,NN,16.0,121.1,100,NaN,289,12,290,13,NaN,NaN,NaN,NaN,NaN,NaN,NaN,NaN,NaN,NaN,TY,WN,c,c,NaN,NaN,0.98,NaN,NaN,NaN,
1980110500,25w.1980,BETTY,TY,NN,16.3,120.5,65,NaN,285,11,281,10,NaN,NaN,NaN,NaN,NaN,NaN,NaN,NaN,NaN,NaN,TY,WN,c,c,NaN,NaN,0.65,NaN,NaN,NaN,
1980110506,25w.1980,BETTY,TY,NN,17.7,122.4,40,NaN,310,9,36,11,NaN,NaN,NaN,NaN,NaN,NaN,NaN,NaN,NaN,NaN,TS,WN,c,c,NaN,NaN,0.27,NaN,NaN,NaN,
1980110512,25w.1980,BETTY,TY,NN,18.7,120.3,45,NaN,347,10,355,12,NaN,NaN,NaN,NaN,NaN,NaN,NaN,NaN,NaN,NaN,TS,WN,c,c,NaN,NaN,0.27,NaN,NaN,NaN,
1980110518,25w.1980,BETTY,TY,NN,19.2,120.6,45,NaN,311,11,311,11,NaN,NaN,NaN,NaN,NaN,NaN,NaN,NaN,NaN,NaN,TS,WN,b,b,NaN,NaN,0.05,NaN,NaN,NaN,
1980110600,25w.1980,BETTY,TY,NN,19.4,120.8,45,NaN,9,6,34,4,NaN,NaN,NaN,NaN,NaN,NaN,NaN,NaN,NaN,NaN,TS,WN,c,c,NaN,NaN,0.04,NaN,NaN,NaN,
1980110606,25w.1980,BETTY,TY,NN,20.7,121.6,40,NaN,18,9,32,9,NaN,NaN,NaN,NaN,NaN,NaN,NaN,NaN,NaN,NaN,TS,WN,c,c,NaN,NaN,0.03,NaN,NaN,NaN,
1980110612,25w.1980,BETTY,TY,NN,21.5,122.5,35,NaN,36,13,37,13,NaN,NaN,NaN,NaN,NaN,NaN,NaN,NaN,NaN,NaN,TS,WN,c,c,NaN,NaN,NaN,NaN,NaN,NaN,
1980110618,25w.1980,BETTY,TY,NN,22.6,123.5,25,NaN,49,14,43,13,NaN,NaN,NaN,NaN,NaN,NaN,NaN,NaN,NaN,NaN,TD,WN,c,c,NaN,NaN,NaN,NaN,NaN,NaN,
1980110700,25w.1980,BETTY,TY,NN,23.3,125.3,40,NaN,54,16,55,16,NaN,NaN,NaN,NaN,NaN,NaN,NaN,NaN,NaN,NaN,TS,WN,c,c,NaN,NaN,NaN,NaN,NaN,NaN,
1980110706,25w.1980,BETTY,TY,NN,24.7,126.5,40,NaN,54,16,53,17,NaN,NaN,NaN,NaN,NaN,NaN,NaN,NaN,NaN,NaN,TS,WN,c,c,NaN,NaN,NaN,NaN,NaN,NaN,
1980110712,25w.1980,BETTY,TY,NN,25.2,128.8,35,NaN,62,18,59,19,NaN,NaN,NaN,NaN,NaN,NaN,NaN,NaN,NaN,NaN,TS,WN,c,c,NaN,NaN,NaN,NaN,NaN,NaN,
1980110718,25w.1980,BETTY,TY,NN,26.9,131.6,35,NaN,64,25,64,25,NaN,NaN,NaN,NaN,NaN,NaN,NaN,NaN,NaN,NaN,TS,NW,b,b,NaN,NaN,NaN,NaN,NaN,NaN,
1980102818,w26.1980,9X-W26,TS,NN,13.0,124.5,25,NaN,294,19,294,19,NaN,NaN,NaN,NaN,NaN,NaN,NaN,NaN,NaN,NaN,TD,NW,b,b,NaN,NaN,0.10,NaN,NaN,NaN,
1980102900,w26.1980,9X-W26,TS,NN,13.8,122.5,25,NaN,294,19,294,19,NaN,NaN,NaN,NaN,NaN,NaN,NaN,NaN,NaN,NaN,TD,NW,b,b,NaN,NaN,0.49,NaN,NaN,NaN,
1980102906,w26.1980,9X-W26,TS,NN,14.5,121.0,25,NaN,294,19,294,19,NaN,NaN,NaN,NaN,NaN,NaN,NaN,NaN,NaN,NaN,TD,NW,b,b,NaN,NaN,0.70,NaN,NaN,NaN,
1980102912,26w.1980,CARY,TS,NN,14.6,121.3,25,NaN,293,17,305,7,NaN,NaN,NaN,NaN,NaN,NaN,NaN,NaN,NaN,NaN,TD,WN,c,c,NaN,NaN,0.64,NaN,NaN,NaN,
1980102918,26w.1980,CARY,TS,NN,15.6,118.2,40,NaN,293,14,292,15,NaN,NaN,NaN,NaN,NaN,NaN,NaN,NaN,NaN,NaN,TS,WN,c,c,NaN,NaN,NaN,NaN,NaN,NaN,
1980103000,26w.1980,CARY,TS,NN,16.1,117.1,40,NaN,294,14,290,22,NaN,NaN,NaN,NaN,NaN,NaN,NaN,NaN,NaN,NaN,TS,WN,c,c,NaN,NaN,NaN,NaN,NaN,NaN,
1980103006,26w.1980,CARY,TS,NN,17.0,115.8,50,NaN,298,14,301,13,NaN,NaN,NaN,NaN,NaN,NaN,NaN,NaN,NaN,NaN,TS,WN,c,c,NaN,NaN,NaN,NaN,NaN,NaN,
1980103012,26w.1980,CARY,TS,NN,17.0,114.6,50,NaN,311,15,291,13,NaN,NaN,NaN,NaN,NaN,NaN,NaN,NaN,NaN,NaN,TS,WN,c,c,NaN,NaN,NaN,NaN,NaN,NaN,
1980103018,26w.1980,CARY,TS,NN,16.6,115.1,40,NaN,282,7,239,4,NaN,NaN,NaN,NaN,NaN,NaN,NaN,NaN,NaN,NaN,TS,WN,c,c,NaN,NaN,NaN,NaN,NaN,NaN,
1980103100,26w.1980,CARY,TS,NN,16.8,114.1,45,NaN,298,8,247,3,NaN,NaN,NaN,NaN,NaN,NaN,NaN,NaN,NaN,NaN,TS,WN,c,c,NaN,NaN,NaN,NaN,NaN,NaN,
1980103106,26w.1980,CARY,TS,NN,15.6,114.4,45,NaN,247,5,214,6,NaN,NaN,NaN,NaN,NaN,NaN,NaN,NaN,NaN,NaN,TS,WN,c,c,NaN,NaN,NaN,NaN,NaN,NaN,
1980103112,26w.1980,CARY,TS,NN,15.1,113.3,45,NaN,244,8,204,9,NaN,NaN,NaN,NaN,NaN,NaN,NaN,NaN,NaN,NaN,TS,WN,c,c,NaN,NaN,NaN,NaN,NaN,NaN,
1980103118,26w.1980,CARY,TS,NN,14.7,113.0,35,NaN,236,8,236,8,NaN,NaN,NaN,NaN,NaN,NaN,NaN,NaN,NaN,NaN,TS,WN,b,b,NaN,NaN,NaN,NaN,NaN,NaN,
1980110100,26w.1980,CARY,TS,NN,14.6,112.0,35,NaN,248,7,248,7,NaN,NaN,NaN,NaN,NaN,NaN,NaN,NaN,NaN,NaN,TS,WN,b,b,NaN,NaN,NaN,NaN,NaN,NaN,
1980110106,26w.1980,CARY,TS,NN,14.4,111.0,35,NaN,267,10,261,10,NaN,NaN,NaN,NaN,NaN,NaN,NaN,NaN,NaN,NaN,TS,WN,c,c,NaN,NaN,NaN,NaN,NaN,NaN,
1980110112,26w.1980,CARY,TS,NN,13.1,110.1,30,NaN,231,12,231,12,NaN,NaN,NaN,NaN,NaN,NaN,NaN,NaN,NaN,NaN,TD,WN,b,b,NaN,NaN,NaN,NaN,NaN,NaN,
1980110118,26w.1980,CARY,TS,NN,12.4,109.2,25,NaN,221,13,221,13,NaN,NaN,NaN,NaN,NaN,NaN,NaN,NaN,NaN,NaN,TD,WN,b,b,NaN,NaN,0.76,NaN,NaN,NaN,
1980110200,26w.1980,CARY,TS,NN,11.9,108.2,20,NaN,237,11,237,11,NaN,NaN,NaN,NaN,NaN,NaN,NaN,NaN,NaN,NaN,NT,NW,b,b,NaN,NaN,0.99,NaN,NaN,NaN,
1980111806,w27.1980,9X-W27,TY,NN,4.3,180.1,20,NaN,251,23,251,23,NaN,NaN,NaN,NaN,NaN,NaN,NaN,NaN,NaN,NaN,NT,NW,b,b,NaN,NaN,NaN,NaN,NaN,NaN,
1980111812,w27.1980,9X-W27,TY,NN,3.8,177.5,20,NaN,251,23,251,23,NaN,NaN,NaN,NaN,NaN,NaN,NaN,NaN,NaN,NaN,NT,NW,b,b,NaN,NaN,NaN,NaN,NaN,NaN,
1980111818,w27.1980,9X-W27,TY,NN,2.8,175.7,20,NaN,251,23,251,23,NaN,NaN,NaN,NaN,NaN,NaN,NaN,NaN,NaN,NaN,NT,NW,b,b,NaN,NaN,NaN,NaN,NaN,NaN,
1980111900,w27.1980,9X-W27,TY,NN,2.4,173.9,20,NaN,249,19,249,19,NaN,NaN,NaN,NaN,NaN,NaN,NaN,NaN,NaN,NaN,NT,NW,b,b,NaN,NaN,NaN,NaN,NaN,NaN,
1980111906,w27.1980,9X-W27,TY,NN,2.7,172.3,20,NaN,268,17,268,17,NaN,NaN,NaN,NaN,NaN,NaN,NaN,NaN,NaN,NaN,NT,NW,b,b,NaN,NaN,NaN,NaN,NaN,NaN,
1980111912,w27.1980,9X-W27,TY,NN,3.3,170.8,20,NaN,286,16,286,16,NaN,NaN,NaN,NaN,NaN,NaN,NaN,NaN,NaN,NaN,NT,NW,b,b,NaN,NaN,NaN,NaN,NaN,NaN,
1980111918,w27.1980,9X-W27,TY,NN,4.0,169.5,25,NaN,295,15,295,15,NaN,NaN,NaN,NaN,NaN,NaN,NaN,NaN,NaN,NaN,TD,NW,b,b,NaN,NaN,NaN,NaN,NaN,NaN,
1980112000,w27.1980,9X-W27,TY,NN,4.8,168.1,25,NaN,299,15,299,15,NaN,NaN,NaN,NaN,NaN,NaN,NaN,NaN,NaN,NaN,TD,NW,b,b,NaN,NaN,NaN,NaN,NaN,NaN,
1980112006,w27.1980,9X-W27,TY,NN,5.7,166.5,30,NaN,300,17,300,17,NaN,NaN,NaN,NaN,NaN,NaN,NaN,NaN,NaN,NaN,TD,NW,b,b,NaN,NaN,NaN,NaN,NaN,NaN,
1980112012,w27.1980,9X-W27,TY,NN,7.3,164.7,30,NaN,306,21,306,21,NaN,NaN,NaN,NaN,NaN,NaN,NaN,NaN,NaN,NaN,TD,NW,b,b,NaN,NaN,NaN,NaN,NaN,NaN,
1980112018,w27.1980,9X-W27,TY,NN,8.6,162.6,35,NaN,307,24,307,24,NaN,NaN,NaN,NaN,NaN,NaN,NaN,NaN,NaN,NaN,TS,NW,b,b,NaN,NaN,NaN,NaN,NaN,NaN,
1980112100,w27.1980,9X-W27,TY,NN,9.5,160.1,40,NaN,296,25,296,25,NaN,NaN,NaN,NaN,NaN,NaN,NaN,NaN,NaN,NaN,TS,NW,b,b,NaN,NaN,NaN,NaN,NaN,NaN,
1980112106,27w.1980,DINAH,TY,NN,11.0,157.8,35,NaN,286,27,297,27,NaN,NaN,NaN,NaN,NaN,NaN,NaN,NaN,NaN,NaN,TS,WN,c,c,NaN,NaN,NaN,NaN,NaN,NaN,
1980112112,27w.1980,DINAH,TY,NN,11.3,155.6,40,NaN,282,20,292,24,NaN,NaN,NaN,NaN,NaN,NaN,NaN,NaN,NaN,NaN,TS,WN,c,c,NaN,NaN,NaN,NaN,NaN,NaN,
1980112118,27w.1980,DINAH,TY,NN,11.4,153.3,60,NaN,276,20,275,22,NaN,NaN,NaN,NaN,NaN,NaN,NaN,NaN,NaN,NaN,TS,WN,c,c,NaN,NaN,NaN,NaN,NaN,NaN,
1980112200,27w.1980,DINAH,TY,NN,11.9,141.0,70,NaN,59,6,272,72,NaN,NaN,NaN,NaN,NaN,NaN,NaN,NaN,NaN,NaN,TY,WN,c,c,NaN,NaN,NaN,NaN,NaN,NaN,
1980112206,27w.1980,DINAH,TY,NN,12.7,150.1,80,NaN,285,21,293,17,NaN,NaN,NaN,NaN,NaN,NaN,NaN,NaN,NaN,NaN,TY,WN,c,c,NaN,NaN,NaN,NaN,NaN,NaN,
1980112212,27w.1980,DINAH,TY,NN,14.3,148.0,75,NaN,295,24,71,36,NaN,NaN,NaN,NaN,NaN,NaN,NaN,NaN,NaN,NaN,TY,WN,c,c,NaN,NaN,NaN,NaN,NaN,NaN,
1980112218,27w.1980,DINAH,TY,NN,15.7,145.8,80,NaN,295,23,306,26,NaN,NaN,NaN,NaN,NaN,NaN,NaN,NaN,NaN,NaN,TY,WN,c,c,NaN,NaN,0.02,NaN,NaN,NaN,
1980112300,27w.1980,DINAH,TY,NN,16.4,145.1,100,NaN,307,17,307,17,NaN,NaN,NaN,NaN,NaN,NaN,NaN,NaN,NaN,NaN,TY,WN,c,c,NaN,NaN,NaN,NaN,NaN,NaN,
1980112306,27w.1980,DINAH,TY,NN,17.1,144.3,100,NaN,316,12,314,10,NaN,NaN,NaN,NaN,NaN,NaN,NaN,NaN,NaN,NaN,TY,WN,c,c,NaN,NaN,NaN,NaN,NaN,NaN,
1980112312,27w.1980,DINAH,TY,NN,18.5,144.0,90,NaN,338,13,333,12,NaN,NaN,NaN,NaN,NaN,NaN,NaN,NaN,NaN,NaN,TY,WN,c,c,NaN,NaN,NaN,NaN,NaN,NaN,
1980112318,27w.1980,DINAH,TY,NN,20.4,144.1,85,NaN,357,16,357,17,NaN,NaN,NaN,NaN,NaN,NaN,NaN,NaN,NaN,NaN,TY,WN,c,c,NaN,NaN,NaN,NaN,NaN,NaN,
1980112400,27w.1980,DINAH,TY,NN,21.6,144.8,95,NaN,16,17,14,16,NaN,NaN,NaN,NaN,NaN,NaN,NaN,NaN,NaN,NaN,TY,WN,c,c,NaN,NaN,NaN,NaN,NaN,NaN,
1980112406,27w.1980,DINAH,TY,NN,23.0,145.8,90,NaN,44,17,31,15,NaN,NaN,NaN,NaN,NaN,NaN,NaN,NaN,NaN,NaN,TY,WN,c,c,NaN,NaN,NaN,NaN,NaN,NaN,
1980112412,27w.1980,DINAH,TY,NN,23.8,149.0,85,NaN,56,26,60,22,NaN,NaN,NaN,NaN,NaN,NaN,NaN,NaN,NaN,NaN,TY,WN,c,c,NaN,NaN,NaN,NaN,NaN,NaN,
1980112418,27w.1980,DINAH,TY,NN,25.9,150.4,80,NaN,62,30,55,25,NaN,NaN,NaN,NaN,NaN,NaN,NaN,NaN,NaN,NaN,TY,WN,c,c,NaN,NaN,NaN,NaN,NaN,NaN,
1980112500,27w.1980,DINAH,TY,NN,27.4,154.8,60,NaN,55,32,55,32,NaN,NaN,NaN,NaN,NaN,NaN,NaN,NaN,NaN,NaN,TS,WN,b,b,NaN,NaN,NaN,NaN,NaN,NaN,
1980112506,27w.1980,DINAH,TY,NN,28.8,158.5,50,NaN,68,39,68,39,NaN,NaN,NaN,NaN,NaN,NaN,NaN,NaN,NaN,NaN,TS,WN,b,b,NaN,NaN,NaN,NaN,NaN,NaN,
1980121400,w28.1980,9X-W28,TS,NN,9.8,138.0,15,NaN,289,14,289,14,NaN,NaN,NaN,NaN,NaN,NaN,NaN,NaN,NaN,NaN,NT,NW,b,b,NaN,NaN,NaN,NaN,NaN,NaN,
1980121406,w28.1980,9X-W28,TS,NN,10.3,136.5,15,NaN,289,14,289,14,NaN,NaN,NaN,NaN,NaN,NaN,NaN,NaN,NaN,NaN,NT,NW,b,b,NaN,NaN,NaN,NaN,NaN,NaN,
1980121412,w28.1980,9X-W28,TS,NN,10.7,135.4,15,NaN,289,14,289,14,NaN,NaN,NaN,NaN,NaN,NaN,NaN,NaN,NaN,NaN,NT,NW,b,b,NaN,NaN,NaN,NaN,NaN,NaN,
1980121418,w28.1980,9X-W28,TS,NN,11.2,133.9,15,NaN,289,14,289,14,NaN,NaN,NaN,NaN,NaN,NaN,NaN,NaN,NaN,NaN,NT,NW,b,b,NaN,NaN,NaN,NaN,NaN,NaN,
1980121500,w28.1980,9X-W28,TS,NN,11.4,132.7,20,NaN,285,14,285,14,NaN,NaN,NaN,NaN,NaN,NaN,NaN,NaN,NaN,NaN,NT,NW,b,b,NaN,NaN,NaN,NaN,NaN,NaN,
1980121506,w28.1980,9X-W28,TS,NN,11.7,131.5,25,NaN,282,12,282,12,NaN,NaN,NaN,NaN,NaN,NaN,NaN,NaN,NaN,NaN,TD,NW,b,b,NaN,NaN,NaN,NaN,NaN,NaN,
1980121512,w28.1980,9X-W28,TS,NN,11.9,130.7,35,NaN,284,10,284,10,NaN,NaN,NaN,NaN,NaN,NaN,NaN,NaN,NaN,NaN,TS,NW,b,b,NaN,NaN,NaN,NaN,NaN,NaN,
1980121518,w28.1980,9X-W28,TS,NN,12.1,129.9,40,NaN,284,8,284,8,NaN,NaN,NaN,NaN,NaN,NaN,NaN,NaN,NaN,NaN,TS,NW,b,b,NaN,NaN,NaN,NaN,NaN,NaN,
1980121600,w28.1980,9X-W28,TS,NN,12.3,129.2,45,NaN,285,8,285,8,NaN,NaN,NaN,NaN,NaN,NaN,NaN,NaN,NaN,NaN,TS,NW,b,b,NaN,NaN,NaN,NaN,NaN,NaN,
1980121606,28w.1980,ED,TS,NN,12.7,128.7,40,NaN,299,7,297,7,NaN,NaN,NaN,NaN,NaN,NaN,NaN,NaN,NaN,NaN,TS,WN,c,c,NaN,NaN,NaN,NaN,NaN,NaN,
1980121612,28w.1980,ED,TS,NN,13.2,127.9,40,NaN,302,9,305,8,NaN,NaN,NaN,NaN,NaN,NaN,NaN,NaN,NaN,NaN,TS,WN,c,c,NaN,NaN,NaN,NaN,NaN,NaN,
1980121618,28w.1980,ED,TS,NN,13.7,127.6,50,NaN,309,6,313,7,NaN,NaN,NaN,NaN,NaN,NaN,NaN,NaN,NaN,NaN,TS,WN,c,c,NaN,NaN,NaN,NaN,NaN,NaN,
1980121700,28w.1980,ED,TS,NN,13.8,127.1,50,NaN,306,6,308,5,NaN,NaN,NaN,NaN,NaN,NaN,NaN,NaN,NaN,NaN,TS,WN,c,c,NaN,NaN,NaN,NaN,NaN,NaN,
1980121706,28w.1980,ED,TS,NN,13.5,127.1,50,NaN,321,4,248,3,NaN,NaN,NaN,NaN,NaN,NaN,NaN,NaN,NaN,NaN,TS,WN,c,c,NaN,NaN,NaN,NaN,NaN,NaN,
1980121712,28w.1980,ED,TS,NN,14.0,126.8,50,NaN,306,4,304,2,NaN,NaN,NaN,NaN,NaN,NaN,NaN,NaN,NaN,NaN,TS,WN,c,c,NaN,NaN,NaN,NaN,NaN,NaN,
1980121718,28w.1980,ED,TS,NN,14.4,126.8,45,NaN,321,4,342,5,NaN,NaN,NaN,NaN,NaN,NaN,NaN,NaN,NaN,NaN,TS,WN,c,c,NaN,NaN,NaN,NaN,NaN,NaN,
1980121800,28w.1980,ED,TS,NN,14.2,126.0,45,NaN,297,5,284,4,NaN,NaN,NaN,NaN,NaN,NaN,NaN,NaN,NaN,NaN,TS,WN,c,c,NaN,NaN,NaN,NaN,NaN,NaN,
1980121806,28w.1980,ED,TS,NN,13.7,126.9,45,NaN,304,4,172,4,NaN,NaN,NaN,NaN,NaN,NaN,NaN,NaN,NaN,NaN,TS,WN,c,c,NaN,NaN,NaN,NaN,NaN,NaN,
1980121812,28w.1980,ED,TS,NN,13.9,126.9,45,NaN,331,4,109,5,NaN,NaN,NaN,NaN,NaN,NaN,NaN,NaN,NaN,NaN,TS,WN,c,c,NaN,NaN,NaN,NaN,NaN,NaN,
1980121818,28w.1980,ED,TS,NN,14.0,127.6,45,NaN,26,3,66,4,NaN,NaN,NaN,NaN,NaN,NaN,NaN,NaN,NaN,NaN,TS,WN,c,c,NaN,NaN,NaN,NaN,NaN,NaN,
1980121900,28w.1980,ED,TS,NN,14.8,127.6,45,NaN,8,4,37,6,NaN,NaN,NaN,NaN,NaN,NaN,NaN,NaN,NaN,NaN,TS,WN,c,c,NaN,NaN,NaN,NaN,NaN,NaN,
1980121906,28w.1980,ED,TS,NN,13.7,127.2,45,NaN,316,4,232,2,NaN,NaN,NaN,NaN,NaN,NaN,NaN,NaN,NaN,NaN,TS,WN,c,c,NaN,NaN,NaN,NaN,NaN,NaN,
1980121912,28w.1980,ED,TS,NN,14.0,127.2,45,NaN,270,2,206,4,NaN,NaN,NaN,NaN,NaN,NaN,NaN,NaN,NaN,NaN,TS,WN,c,c,NaN,NaN,NaN,NaN,NaN,NaN,
1980121918,28w.1980,ED,TS,NN,14.3,127.4,40,NaN,360,2,18,3,NaN,NaN,NaN,NaN,NaN,NaN,NaN,NaN,NaN,NaN,TS,WN,c,c,NaN,NaN,NaN,NaN,NaN,NaN,
1980122000,28w.1980,ED,TS,NN,14.1,128.1,35,NaN,83,4,83,4,NaN,NaN,NaN,NaN,NaN,NaN,NaN,NaN,NaN,NaN,TS,WN,b,b,NaN,NaN,NaN,NaN,NaN,NaN,
1980122006,28w.1980,ED,TS,NN,14.1,127.8,35,NaN,224,1,117,2,NaN,NaN,NaN,NaN,NaN,NaN,NaN,NaN,NaN,NaN,TS,WN,c,c,NaN,NaN,NaN,NaN,NaN,NaN,
1980122012,28w.1980,ED,TS,NN,12.9,127.7,30,NaN,198,6,198,6,NaN,NaN,NaN,NaN,NaN,NaN,NaN,NaN,NaN,NaN,TD,WN,b,b,NaN,NaN,NaN,NaN,NaN,NaN,
1980122018,28w.1980,ED,TS,NN,12.4,127.4,25,NaN,193,9,193,9,NaN,NaN,NaN,NaN,NaN,NaN,NaN,NaN,NaN,NaN,TD,WN,b,b,NaN,NaN,NaN,NaN,NaN,NaN,
1980122100,28w.1980,ED,TS,NN,12.0,127.0,20,NaN,217,6,217,6,NaN,NaN,NaN,NaN,NaN,NaN,NaN,NaN,NaN,NaN,NT,WN,b,b,NaN,NaN,NaN,NaN,NaN,NaN,
1980071700,01l.1980,UNNAMED,TD,NN,30.5,283.5,20,NaN,249,7,249,7,NaN,NaN,NaN,NaN,NaN,NaN,NaN,NaN,NaN,NaN,NT,NW,b,b,NaN,NaN,NaN,NaN,NaN,NaN,
1980071706,01l.1980,UNNAMED,TD,NN,30.2,282.8,25,NaN,249,7,249,7,NaN,NaN,NaN,NaN,NaN,NaN,NaN,NaN,NaN,NaN,TD,NW,b,b,NaN,NaN,NaN,NaN,NaN,NaN,
1980071712,01l.1980,UNNAMED,TD,NN,30.0,282.0,25,NaN,249,7,249,7,NaN,NaN,NaN,NaN,NaN,NaN,NaN,NaN,NaN,NaN,TD,NW,b,b,NaN,NaN,NaN,NaN,NaN,NaN,
1980071718,01l.1980,UNNAMED,TD,NN,29.9,280.7,25,NaN,261,9,261,9,NaN,NaN,NaN,NaN,NaN,NaN,NaN,NaN,NaN,NaN,TD,NW,b,b,NaN,NaN,NaN,NaN,NaN,NaN,
1980071800,01l.1980,UNNAMED,TD,NN,29.8,279.8,25,NaN,264,10,264,10,NaN,NaN,NaN,NaN,NaN,NaN,NaN,NaN,NaN,NaN,TD,NW,b,b,NaN,NaN,NaN,NaN,NaN,NaN,
1980071806,01l.1980,UNNAMED,TD,NN,29.5,278.9,25,NaN,256,8,256,8,NaN,NaN,NaN,NaN,NaN,NaN,NaN,NaN,NaN,NaN,TD,NW,b,b,NaN,NaN,0.35,NaN,NaN,NaN,
1980071812,01l.1980,UNNAMED,TD,NN,29.5,278.0,20,NaN,259,8,259,8,NaN,NaN,NaN,NaN,NaN,NaN,NaN,NaN,NaN,NaN,NT,NW,b,b,NaN,NaN,0.94,NaN,NaN,NaN,
1980071818,01l.1980,UNNAMED,TD,NN,29.4,277.0,20,NaN,267,8,267,8,NaN,NaN,NaN,NaN,NaN,NaN,NaN,NaN,NaN,NaN,NT,NW,b,b,NaN,NaN,0.75,NaN,NaN,NaN,
1980071900,01l.1980,UNNAMED,TD,NN,29.4,276.0,20,NaN,267,9,267,9,NaN,NaN,NaN,NaN,NaN,NaN,NaN,NaN,NaN,NaN,NT,NW,b,b,NaN,NaN,0.05,NaN,NaN,NaN,
1980071906,01l.1980,UNNAMED,TD,NN,29.5,275.3,20,NaN,274,7,274,7,NaN,NaN,NaN,NaN,NaN,NaN,NaN,NaN,NaN,NaN,NT,NW,b,b,NaN,NaN,0.13,NaN,NaN,NaN,
1980071912,01l.1980,UNNAMED,TD,NN,29.6,274.2,25,NaN,277,8,277,8,NaN,NaN,NaN,NaN,NaN,NaN,NaN,NaN,NaN,NaN,TD,NW,b,b,NaN,NaN,NaN,NaN,NaN,NaN,
1980071918,01l.1980,UNNAMED,TD,NN,29.7,273.6,25,NaN,278,7,278,7,NaN,NaN,NaN,NaN,NaN,NaN,NaN,NaN,NaN,NaN,TD,NW,b,b,NaN,NaN,NaN,NaN,NaN,NaN,
1980072000,01l.1980,UNNAMED,TD,NN,29.8,273.0,25,NaN,281,5,281,5,NaN,NaN,NaN,NaN,NaN,NaN,NaN,NaN,NaN,NaN,TD,NW,b,b,NaN,NaN,0.08,NaN,NaN,NaN,
1980072006,01l.1980,UNNAMED,TD,NN,29.9,272.2,25,NaN,279,6,279,6,NaN,NaN,NaN,NaN,NaN,NaN,NaN,NaN,NaN,NaN,TD,NW,b,b,NaN,NaN,0.13,NaN,NaN,NaN,
1980072012,01l.1980,UNNAMED,TD,NN,30.0,271.5,25,NaN,279,7,279,7,NaN,NaN,NaN,NaN,NaN,NaN,NaN,NaN,NaN,NaN,TD,NW,b,b,NaN,NaN,0.12,NaN,NaN,NaN,
1980072018,01l.1980,UNNAMED,TD,NN,30.4,270.8,20,NaN,292,7,292,7,NaN,NaN,NaN,NaN,NaN,NaN,NaN,NaN,NaN,NaN,NT,NW,b,b,NaN,NaN,0.65,NaN,NaN,NaN,
1980072100,01l.1980,UNNAMED,TD,NN,30.8,270.0,25,NaN,302,8,302,8,NaN,NaN,NaN,NaN,NaN,NaN,NaN,NaN,NaN,NaN,TD,NW,b,b,NaN,NaN,1.00,NaN,NaN,NaN,
1980071712,02l.1980,UNNAMED,TD,NN,25.0,270.0,20,NaN,296,5,296,5,NaN,NaN,NaN,NaN,NaN,NaN,NaN,NaN,NaN,NaN,NT,NW,b,b,NaN,NaN,NaN,NaN,NaN,NaN,
1980071718,02l.1980,UNNAMED,TD,NN,25.2,269.6,25,NaN,296,5,296,5,NaN,NaN,NaN,NaN,NaN,NaN,NaN,NaN,NaN,NaN,TD,NW,b,b,NaN,NaN,NaN,NaN,NaN,NaN,
1980071800,02l.1980,UNNAMED,TD,NN,25.4,269.1,25,NaN,296,5,296,5,NaN,NaN,NaN,NaN,NaN,NaN,NaN,NaN,NaN,NaN,TD,NW,b,b,NaN,NaN,NaN,NaN,NaN,NaN,
1980071806,02l.1980,UNNAMED,TD,NN,25.7,268.8,30,NaN,305,4,305,4,NaN,NaN,NaN,NaN,NaN,NaN,NaN,NaN,NaN,NaN,TD,NW,b,b,NaN,NaN,NaN,NaN,NaN,NaN,
1980071812,02l.1980,UNNAMED,TD,NN,26.0,268.2,30,NaN,306,5,306,5,NaN,NaN,NaN,NaN,NaN,NaN,NaN,NaN,NaN,NaN,TD,NW,b,b,NaN,NaN,NaN,NaN,NaN,NaN,
1980071818,02l.1980,UNNAMED,TD,NN,26.2,267.9,30,NaN,302,5,302,5,NaN,NaN,NaN,NaN,NaN,NaN,NaN,NaN,NaN,NaN,TD,NW,b,b,NaN,NaN,NaN,NaN,NaN,NaN,
1980071900,02l.1980,UNNAMED,TD,NN,26.4,267.3,30,NaN,296,5,296,5,NaN,NaN,NaN,NaN,NaN,NaN,NaN,NaN,NaN,NaN,TD,NW,b,b,NaN,NaN,NaN,NaN,NaN,NaN,
1980071906,02l.1980,UNNAMED,TD,NN,26.8,267.0,30,NaN,307,5,307,5,NaN,NaN,NaN,NaN,NaN,NaN,NaN,NaN,NaN,NaN,TD,NW,b,b,NaN,NaN,NaN,NaN,NaN,NaN,
1980071912,02l.1980,UNNAMED,TD,NN,27.0,266.5,30,NaN,310,5,310,5,NaN,NaN,NaN,NaN,NaN,NaN,NaN,NaN,NaN,NaN,TD,NW,b,b,NaN,NaN,NaN,NaN,NaN,NaN,
1980071918,02l.1980,UNNAMED,TD,NN,27.4,266.0,30,NaN,304,5,304,5,NaN,NaN,NaN,NaN,NaN,NaN,NaN,NaN,NaN,NaN,TD,NW,b,b,NaN,NaN,NaN,NaN,NaN,NaN,
1980072000,02l.1980,UNNAMED,TD,NN,27.8,265.5,30,NaN,312,6,312,6,NaN,NaN,NaN,NaN,NaN,NaN,NaN,NaN,NaN,NaN,TD,NW,b,b,NaN,NaN,NaN,NaN,NaN,NaN,
1980072006,02l.1980,UNNAMED,TD,NN,28.0,265.1,30,NaN,307,5,307,5,NaN,NaN,NaN,NaN,NaN,NaN,NaN,NaN,NaN,NaN,TD,NW,b,b,NaN,NaN,NaN,NaN,NaN,NaN,
1980072012,02l.1980,UNNAMED,TD,NN,28.5,264.8,30,NaN,319,5,319,5,NaN,NaN,NaN,NaN,NaN,NaN,NaN,NaN,NaN,NaN,TD,NW,b,b,NaN,NaN,NaN,NaN,NaN,NaN,
1980072018,02l.1980,UNNAMED,TD,NN,29.0,264.3,25,NaN,325,6,325,6,NaN,NaN,NaN,NaN,NaN,NaN,NaN,NaN,NaN,NaN,TD,NW,b,b,NaN,NaN,0.59,NaN,NaN,NaN,
1980072100,02l.1980,UNNAMED,TD,NN,29.5,264.3,25,NaN,336,5,336,5,NaN,NaN,NaN,NaN,NaN,NaN,NaN,NaN,NaN,NaN,TD,NW,b,b,NaN,NaN,0.94,NaN,NaN,NaN,
1980072106,02l.1980,UNNAMED,TD,NN,30.0,264.5,25,NaN,10,5,10,5,NaN,NaN,NaN,NaN,NaN,NaN,NaN,NaN,NaN,NaN,TD,NW,b,b,NaN,NaN,0.99,NaN,NaN,NaN,
1980072112,02l.1980,UNNAMED,TD,NN,30.5,265.0,25,NaN,31,6,31,6,NaN,NaN,NaN,NaN,NaN,NaN,NaN,NaN,NaN,NaN,TD,NW,b,b,NaN,NaN,0.99,NaN,NaN,NaN,
1980072200,03l.1980,UNNAMED,TD,NN,23.2,286.5,20,NaN,318,13,318,13,NaN,NaN,NaN,NaN,NaN,NaN,NaN,NaN,NaN,NaN,NT,NW,b,b,NaN,NaN,0.02,NaN,NaN,NaN,
1980072206,03l.1980,UNNAMED,TD,NN,24.0,285.5,25,NaN,318,13,318,13,NaN,NaN,NaN,NaN,NaN,NaN,NaN,NaN,NaN,NaN,TD,NW,b,b,NaN,NaN,0.02,NaN,NaN,NaN,
1980072212,03l.1980,UNNAMED,TD,NN,25.1,284.6,25,NaN,318,13,318,13,NaN,NaN,NaN,NaN,NaN,NaN,NaN,NaN,NaN,NaN,TD,NW,b,b,NaN,NaN,NaN,NaN,NaN,NaN,
1980072218,03l.1980,UNNAMED,TD,NN,26.2,283.8,30,NaN,325,13,325,13,NaN,NaN,NaN,NaN,NaN,NaN,NaN,NaN,NaN,NaN,TD,NW,b,b,NaN,NaN,NaN,NaN,NaN,NaN,
1980072300,03l.1980,UNNAMED,TD,NN,27.0,283.2,30,NaN,326,11,326,11,NaN,NaN,NaN,NaN,NaN,NaN,NaN,NaN,NaN,NaN,TD,NW,b,b,NaN,NaN,0.02,NaN,NaN,NaN,
1980072306,03l.1980,UNNAMED,TD,NN,28.2,282.6,30,NaN,332,11,332,11,NaN,NaN,NaN,NaN,NaN,NaN,NaN,NaN,NaN,NaN,TD,NW,b,b,NaN,NaN,NaN,NaN,NaN,NaN,
1980072312,03l.1980,UNNAMED,TD,NN,29.3,282.2,30,NaN,339,12,339,12,NaN,NaN,NaN,NaN,NaN,NaN,NaN,NaN,NaN,NaN,TD,NW,b,b,NaN,NaN,NaN,NaN,NaN,NaN,
1980072318,03l.1980,UNNAMED,TD,NN,30.8,282.3,30,NaN,354,13,354,13,NaN,NaN,NaN,NaN,NaN,NaN,NaN,NaN,NaN,NaN,TD,NW,b,b,NaN,NaN,NaN,NaN,NaN,NaN,
1980072400,03l.1980,UNNAMED,TD,NN,31.8,282.6,30,NaN,8,13,8,13,NaN,NaN,NaN,NaN,NaN,NaN,NaN,NaN,NaN,NaN,TD,NW,b,b,NaN,NaN,NaN,NaN,NaN,NaN,
1980072406,03l.1980,UNNAMED,TD,NN,33.0,283.2,30,NaN,19,12,19,12,NaN,NaN,NaN,NaN,NaN,NaN,NaN,NaN,NaN,NaN,TD,NW,b,b,NaN,NaN,NaN,NaN,NaN,NaN,
1980072412,03l.1980,UNNAMED,TD,NN,34.0,284.2,30,NaN,31,13,31,13,NaN,NaN,NaN,NaN,NaN,NaN,NaN,NaN,NaN,NaN,TD,NW,b,b,NaN,NaN,NaN,NaN,NaN,NaN,
1980072418,03l.1980,UNNAMED,TD,NN,35.1,286.1,25,NaN,49,16,49,16,NaN,NaN,NaN,NaN,NaN,NaN,NaN,NaN,NaN,NaN,TD,NW,b,b,NaN,NaN,NaN,NaN,NaN,NaN,
1980072500,03l.1980,UNNAMED,TD,NN,36.0,288.0,25,NaN,57,18,57,18,NaN,NaN,NaN,NaN,NaN,NaN,NaN,NaN,NaN,NaN,TD,NW,b,b,NaN,NaN,NaN,NaN,NaN,NaN,
1980072506,03l.1980,UNNAMED,TD,NN,36.5,290.0,25,NaN,66,17,66,17,NaN,NaN,NaN,NaN,NaN,NaN,NaN,NaN,NaN,NaN,TD,NW,b,b,NaN,NaN,NaN,NaN,NaN,NaN,
1980072512,03l.1980,UNNAMED,TD,NN,37.0,291.8,25,NaN,72,16,72,16,NaN,NaN,NaN,NaN,NaN,NaN,NaN,NaN,NaN,NaN,TD,NW,b,b,NaN,NaN,NaN,NaN,NaN,NaN,
1980072518,03l.1980,UNNAMED,TD,NN,37.2,294.0,20,NaN,78,16,78,16,NaN,NaN,NaN,NaN,NaN,NaN,NaN,NaN,NaN,NaN,NT,NW,b,b,NaN,NaN,NaN,NaN,NaN,NaN,
1980072600,03l.1980,UNNAMED,TD,NN,37.6,296.0,20,NaN,80,17,80,17,NaN,NaN,NaN,NaN,NaN,NaN,NaN,NaN,NaN,NaN,NT,NW,b,b,NaN,NaN,NaN,NaN,NaN,NaN,
1980073112,l04.1980,9X-L04,STY,NN,11.0,330.0,25,NaN,267,21,267,21,NaN,NaN,NaN,NaN,NaN,NaN,NaN,NaN,NaN,NaN,TD,NW,b,b,NaN,NaN,NaN,NaN,NaN,NaN,
1980073118,l04.1980,9X-L04,STY,NN,10.9,327.8,25,NaN,267,21,267,21,NaN,NaN,NaN,NaN,NaN,NaN,NaN,NaN,NaN,NaN,TD,NW,b,b,NaN,NaN,NaN,NaN,NaN,NaN,
1980080100,l04.1980,9X-L04,STY,NN,10.8,325.7,30,1010,267,21,267,21,NaN,NaN,NaN,NaN,NaN,NaN,NaN,NaN,NaN,NaN,TD,NW,b,b,NaN,NaN,NaN,NaN,NaN,NaN,
1980080106,l04.1980,9X-L04,STY,NN,10.7,323.6,30,1009,267,21,267,21,NaN,NaN,NaN,NaN,NaN,NaN,NaN,NaN,NaN,NaN,TD,NW,b,b,NaN,NaN,NaN,NaN,NaN,NaN,
1980080112,l04.1980,9X-L04,STY,NN,10.7,321.4,30,1008,269,21,269,21,NaN,NaN,NaN,NaN,NaN,NaN,NaN,NaN,NaN,NaN,TD,NW,b,b,NaN,NaN,NaN,NaN,NaN,NaN,
1980080118,l04.1980,9X-L04,STY,NN,10.7,319.3,30,1006,270,21,270,21,NaN,NaN,NaN,NaN,NaN,NaN,NaN,NaN,NaN,NaN,TD,NW,b,b,NaN,NaN,NaN,NaN,NaN,NaN,
1980080200,04l.1980,ALLEN,STY,NN,11.0,317.0,35,1005,274,22,274,22,NaN,NaN,NaN,NaN,NaN,NaN,NaN,NaN,NaN,NaN,TS,WN,b,b,NaN,NaN,NaN,NaN,NaN,NaN,
1980080206,04l.1980,ALLEN,STY,NN,11.6,314.5,45,1000,281,24,281,24,NaN,NaN,NaN,NaN,NaN,NaN,NaN,NaN,NaN,NaN,TS,WN,b,b,NaN,NaN,NaN,NaN,NaN,NaN,
1980080212,04l.1980,ALLEN,STY,NN,11.9,313.1,55,995,283,20,283,20,NaN,NaN,NaN,NaN,NaN,NaN,NaN,NaN,NaN,NaN,TS,WN,b,b,NaN,NaN,NaN,NaN,NaN,NaN,
1980080218,04l.1980,ALLEN,STY,NN,12.3,311.1,60,990,282,17,282,17,NaN,NaN,NaN,NaN,NaN,NaN,NaN,NaN,NaN,NaN,TS,WN,b,b,NaN,NaN,NaN,NaN,NaN,NaN,
1980080300,04l.1980,ALLEN,STY,NN,12.5,309.0,65,985,279,20,279,20,NaN,NaN,NaN,NaN,NaN,NaN,NaN,NaN,NaN,NaN,TY,WN,b,b,NaN,NaN,NaN,NaN,NaN,NaN,
1980080306,04l.1980,ALLEN,STY,NN,12.5,306.8,70,980,273,21,273,21,NaN,NaN,NaN,NaN,NaN,NaN,NaN,NaN,NaN,NaN,TY,WN,b,b,NaN,NaN,NaN,NaN,NaN,NaN,
1980080312,04l.1980,ALLEN,STY,NN,12.7,304.2,80,975,272,23,272,23,NaN,NaN,NaN,NaN,NaN,NaN,NaN,NaN,NaN,NaN,TY,WN,b,b,NaN,NaN,NaN,NaN,NaN,NaN,
1980080318,04l.1980,ALLEN,STY,NN,13.0,302.5,95,965,277,21,277,21,NaN,NaN,NaN,NaN,NaN,NaN,NaN,NaN,NaN,NaN,TY,WN,b,b,NaN,NaN,NaN,NaN,NaN,NaN,
1980080400,04l.1980,ALLEN,STY,NN,13.2,300.5,110,950,278,18,278,18,NaN,NaN,NaN,NaN,NaN,NaN,NaN,NaN,NaN,NaN,TY,WN,b,b,NaN,NaN,0.04,NaN,NaN,NaN,
1980080406,04l.1980,ALLEN,STY,NN,13.6,299.0,115,948,280,17,280,17,NaN,NaN,NaN,NaN,NaN,NaN,NaN,NaN,NaN,NaN,TY,WN,b,b,NaN,NaN,0.07,NaN,NaN,NaN,
1980080412,04l.1980,ALLEN,STY,NN,14.0,296.7,125,945,282,19,282,19,NaN,NaN,NaN,NaN,NaN,NaN,NaN,NaN,NaN,NaN,TY,WN,b,b,NaN,NaN,NaN,NaN,NaN,NaN,
1980080418,04l.1980,ALLEN,STY,NN,14.4,295.0,130,930,282,20,282,20,NaN,NaN,NaN,NaN,NaN,NaN,NaN,NaN,NaN,NaN,STY,WN,b,b,NaN,NaN,NaN,NaN,NaN,NaN,
1980080500,04l.1980,ALLEN,STY,NN,14.9,293.3,140,911,285,17,285,17,NaN,NaN,NaN,NaN,NaN,NaN,NaN,NaN,NaN,NaN,STY,WN,b,b,NaN,NaN,NaN,NaN,NaN,NaN,
1980080506,04l.1980,ALLEN,STY,NN,15.5,291.3,145,916,287,19,287,19,NaN,NaN,NaN,NaN,NaN,NaN,NaN,NaN,NaN,NaN,STY,WN,b,b,NaN,NaN,NaN,NaN,NaN,NaN,
1980080512,04l.1980,ALLEN,STY,NN,15.9,289.5,155,932,285,19,285,19,NaN,NaN,NaN,NaN,NaN,NaN,NaN,NaN,NaN,NaN,STY,WN,b,b,NaN,NaN,NaN,NaN,NaN,NaN,
1980080518,04l.1980,ALLEN,STY,NN,16.5,287.6,150,940,286,18,286,18,NaN,NaN,NaN,NaN,NaN,NaN,NaN,NaN,NaN,NaN,STY,WN,b,b,NaN,NaN,NaN,NaN,NaN,NaN,
1980080600,04l.1980,ALLEN,STY,NN,17.6,286.2,140,945,298,18,298,18,NaN,NaN,NaN,NaN,NaN,NaN,NaN,NaN,NaN,NaN,STY,WN,b,b,NaN,NaN,NaN,NaN,NaN,NaN,
1980080606,04l.1980,ALLEN,STY,NN,18.4,284.0,115,955,299,20,299,20,NaN,NaN,NaN,NaN,NaN,NaN,NaN,NaN,NaN,NaN,TY,WN,b,b,NaN,NaN,0.04,NaN,NaN,NaN,
1980080612,04l.1980,ALLEN,STY,NN,19.2,282.0,115,955,292,21,292,21,NaN,NaN,NaN,NaN,NaN,NaN,NaN,NaN,NaN,NaN,TY,WN,b,b,NaN,NaN,NaN,NaN,NaN,NaN,
1980080618,04l.1980,ALLEN,STY,NN,20.0,280.0,125,955,293,21,293,21,NaN,NaN,NaN,NaN,NaN,NaN,NaN,NaN,NaN,NaN,TY,WN,b,b,NaN,NaN,NaN,NaN,NaN,NaN,
1980080700,04l.1980,ALLEN,STY,NN,20.3,278.0,135,945,286,20,286,20,NaN,NaN,NaN,NaN,NaN,NaN,NaN,NaN,NaN,NaN,STY,WN,b,b,NaN,NaN,NaN,NaN,NaN,NaN,
1980080706,04l.1980,ALLEN,STY,NN,20.4,276.4,145,935,277,17,277,17,NaN,NaN,NaN,NaN,NaN,NaN,NaN,NaN,NaN,NaN,STY,WN,b,b,NaN,NaN,NaN,NaN,NaN,NaN,
1980080712,04l.1980,ALLEN,STY,NN,21.0,275.2,155,910,285,14,285,14,NaN,NaN,NaN,NaN,NaN,NaN,NaN,NaN,NaN,NaN,STY,WN,b,b,NaN,NaN,NaN,NaN,NaN,NaN,
1980080718,04l.1980,ALLEN,STY,NN,21.6,273.9,165,899,297,13,297,13,NaN,NaN,NaN,NaN,NaN,NaN,NaN,NaN,NaN,NaN,STY,WN,b,b,NaN,NaN,NaN,NaN,NaN,NaN,
1980080800,04l.1980,ALLEN,STY,NN,22.4,272.0,155,920,295,16,295,16,NaN,NaN,NaN,NaN,NaN,NaN,NaN,NaN,NaN,NaN,STY,WN,b,b,NaN,NaN,NaN,NaN,NaN,NaN,
1980080806,04l.1980,ALLEN,STY,NN,22.5,270.9,130,945,288,15,288,15,NaN,NaN,NaN,NaN,NaN,NaN,NaN,NaN,NaN,NaN,STY,WN,b,b,NaN,NaN,NaN,NaN,NaN,NaN,
1980080812,04l.1980,ALLEN,STY,NN,23.4,269.5,115,960,293,13,293,13,NaN,NaN,NaN,NaN,NaN,NaN,NaN,NaN,NaN,NaN,TY,WN,b,b,NaN,NaN,NaN,NaN,NaN,NaN,
1980080818,04l.1980,ALLEN,STY,NN,24.0,268.2,130,940,301,14,301,14,NaN,NaN,NaN,NaN,NaN,NaN,NaN,NaN,NaN,NaN,STY,WN,b,b,NaN,NaN,NaN,NaN,NaN,NaN,
1980080900,04l.1980,ALLEN,STY,NN,24.4,267.1,145,912,295,12,295,12,NaN,NaN,NaN,NaN,NaN,NaN,NaN,NaN,NaN,NaN,STY,WN,b,b,NaN,NaN,NaN,NaN,NaN,NaN,
1980080906,04l.1980,ALLEN,STY,NN,25.0,265.7,155,909,294,12,294,12,NaN,NaN,NaN,NaN,NaN,NaN,NaN,NaN,NaN,NaN,STY,WN,b,b,NaN,NaN,NaN,NaN,NaN,NaN,
1980080912,04l.1980,ALLEN,STY,NN,25.2,264.5,140,916,289,12,289,12,NaN,NaN,NaN,NaN,NaN,NaN,NaN,NaN,NaN,NaN,STY,WN,b,b,NaN,NaN,NaN,NaN,NaN,NaN,
1980080918,04l.1980,ALLEN,STY,NN,25.4,263.8,125,925,283,9,283,9,NaN,NaN,NaN,NaN,NaN,NaN,NaN,NaN,NaN,NaN,TY,WN,b,b,NaN,NaN,NaN,NaN,NaN,NaN,
1980081000,04l.1980,ALLEN,STY,NN,25.7,263.3,110,935,295,6,295,6,NaN,NaN,NaN,NaN,NaN,NaN,NaN,NaN,NaN,NaN,TY,WN,b,b,NaN,NaN,NaN,NaN,NaN,NaN,
1980081006,04l.1980,ALLEN,STY,NN,26.2,262.7,100,945,309,6,309,6,NaN,NaN,NaN,NaN,NaN,NaN,NaN,NaN,NaN,NaN,TY,WN,b,b,NaN,NaN,0.69,NaN,NaN,NaN,
1980081012,04l.1980,ALLEN,STY,NN,26.8,262.0,85,960,313,8,313,8,NaN,NaN,NaN,NaN,NaN,NaN,NaN,NaN,NaN,NaN,TY,WN,b,b,NaN,NaN,0.96,NaN,NaN,NaN,
1980081018,04l.1980,ALLEN,STY,NN,27.3,261.1,70,970,308,9,308,9,NaN,NaN,NaN,NaN,NaN,NaN,NaN,NaN,NaN,NaN,TY,WN,b,b,NaN,NaN,1.00,NaN,NaN,NaN,
1980081100,04l.1980,ALLEN,STY,NN,27.7,259.5,60,990,292,12,292,12,NaN,NaN,NaN,NaN,NaN,NaN,NaN,NaN,NaN,NaN,TS,WN,b,b,NaN,NaN,1.00,NaN,NaN,NaN,
1980081106,04l.1980,ALLEN,STY,NN,28.0,259.0,45,1000,291,10,291,10,NaN,NaN,NaN,NaN,NaN,NaN,NaN,NaN,NaN,NaN,TS,WN,b,b,NaN,NaN,1.00,NaN,NaN,NaN,
1980081112,04l.1980,ALLEN,STY,NN,28.5,258.1,30,1005,303,7,303,7,NaN,NaN,NaN,NaN,NaN,NaN,NaN,NaN,NaN,NaN,TD,NW,b,b,NaN,NaN,1.00,NaN,NaN,NaN,
1980081118,04l.1980,ALLEN,STY,NN,28.9,257.1,30,1008,298,9,298,9,NaN,NaN,NaN,NaN,NaN,NaN,NaN,NaN,NaN,NaN,TD,NW,b,b,NaN,NaN,1.00,NaN,NaN,NaN,
1980081300,05l.1980,UNNAMED,TD,NN,15.0,339.0,20,NaN,285,16,285,16,NaN,NaN,NaN,NaN,NaN,NaN,NaN,NaN,NaN,NaN,NT,NW,b,b,NaN,NaN,NaN,NaN,NaN,NaN,
1980081306,05l.1980,UNNAMED,TD,NN,15.2,337.5,25,NaN,285,16,285,16,NaN,NaN,NaN,NaN,NaN,NaN,NaN,NaN,NaN,NaN,TD,NW,b,b,NaN,NaN,NaN,NaN,NaN,NaN,
1980081312,05l.1980,UNNAMED,TD,NN,15.8,335.8,25,NaN,285,16,285,16,NaN,NaN,NaN,NaN,NaN,NaN,NaN,NaN,NaN,NaN,TD,NW,b,b,NaN,NaN,NaN,NaN,NaN,NaN,
1980081318,05l.1980,UNNAMED,TD,NN,16.7,334.1,30,NaN,295,18,295,18,NaN,NaN,NaN,NaN,NaN,NaN,NaN,NaN,NaN,NaN,TD,NW,b,b,NaN,NaN,NaN,NaN,NaN,NaN,
1980081400,05l.1980,UNNAMED,TD,NN,17.8,332.9,30,NaN,306,17,306,17,NaN,NaN,NaN,NaN,NaN,NaN,NaN,NaN,NaN,NaN,TD,NW,b,b,NaN,NaN,NaN,NaN,NaN,NaN,
1980081406,05l.1980,UNNAMED,TD,NN,18.8,331.3,30,NaN,308,17,308,17,NaN,NaN,NaN,NaN,NaN,NaN,NaN,NaN,NaN,NaN,TD,NW,b,b,NaN,NaN,NaN,NaN,NaN,NaN,
1980081412,05l.1980,UNNAMED,TD,NN,20.0,330.0,30,NaN,309,18,309,18,NaN,NaN,NaN,NaN,NaN,NaN,NaN,NaN,NaN,NaN,TD,NW,b,b,NaN,NaN,NaN,NaN,NaN,NaN,
1980081418,05l.1980,UNNAMED,TD,NN,21.0,328.3,30,NaN,308,18,308,18,NaN,NaN,NaN,NaN,NaN,NaN,NaN,NaN,NaN,NaN,TD,NW,b,b,NaN,NaN,NaN,NaN,NaN,NaN,
1980081500,05l.1980,UNNAMED,TD,NN,22.0,327.0,30,NaN,306,17,306,17,NaN,NaN,NaN,NaN,NaN,NaN,NaN,NaN,NaN,NaN,TD,NW,b,b,NaN,NaN,NaN,NaN,NaN,NaN,
1980081506,05l.1980,UNNAMED,TD,NN,23.2,325.7,30,NaN,312,16,312,16,NaN,NaN,NaN,NaN,NaN,NaN,NaN,NaN,NaN,NaN,TD,NW,b,b,NaN,NaN,NaN,NaN,NaN,NaN,
1980081512,05l.1980,UNNAMED,TD,NN,24.8,324.1,30,NaN,316,19,316,19,NaN,NaN,NaN,NaN,NaN,NaN,NaN,NaN,NaN,NaN,TD,NW,b,b,NaN,NaN,NaN,NaN,NaN,NaN,
1980081518,05l.1980,UNNAMED,TD,NN,27.3,322.8,30,NaN,327,24,327,24,NaN,NaN,NaN,NaN,NaN,NaN,NaN,NaN,NaN,NaN,TD,NW,b,b,NaN,NaN,NaN,NaN,NaN,NaN,
1980081600,05l.1980,UNNAMED,TD,NN,30.0,323.4,30,NaN,353,26,353,26,NaN,NaN,NaN,NaN,NaN,NaN,NaN,NaN,NaN,NaN,TD,NW,b,b,NaN,NaN,NaN,NaN,NaN,NaN,
1980081606,05l.1980,UNNAMED,TD,NN,32.1,325.6,25,NaN,27,27,27,27,NaN,NaN,NaN,NaN,NaN,NaN,NaN,NaN,NaN,NaN,TD,NW,b,b,NaN,NaN,NaN,NaN,NaN,NaN,
1980081612,05l.1980,UNNAMED,TD,NN,33.8,328.1,25,NaN,46,28,46,28,NaN,NaN,NaN,NaN,NaN,NaN,NaN,NaN,NaN,NaN,TD,NW,b,b,NaN,NaN,NaN,NaN,NaN,NaN,
1980081618,05l.1980,UNNAMED,TD,NN,35.2,331.0,25,NaN,55,27,55,27,NaN,NaN,NaN,NaN,NaN,NaN,NaN,NaN,NaN,NaN,TD,NW,b,b,NaN,NaN,NaN,NaN,NaN,NaN,
1980081700,05l.1980,UNNAMED,TD,NN,36.7,333.8,20,NaN,58,27,58,27,NaN,NaN,NaN,NaN,NaN,NaN,NaN,NaN,NaN,NaN,NT,NW,b,b,NaN,NaN,NaN,NaN,NaN,NaN,
1980081400,l06.1980,9X-L06,TY,NN,12.7,324.5,25,1010,319,13,319,13,NaN,NaN,NaN,NaN,NaN,NaN,NaN,NaN,NaN,NaN,TD,NW,b,b,NaN,NaN,NaN,NaN,NaN,NaN,
1980081406,l06.1980,9X-L06,TY,NN,13.5,323.4,30,1008,319,13,319,13,NaN,NaN,NaN,NaN,NaN,NaN,NaN,NaN,NaN,NaN,TD,NW,b,b,NaN,NaN,NaN,NaN,NaN,NaN,
1980081412,l06.1980,9X-L06,TY,NN,14.7,322.7,35,1005,319,13,319,13,NaN,NaN,NaN,NaN,NaN,NaN,NaN,NaN,NaN,NaN,TS,NW,b,b,NaN,NaN,NaN,NaN,NaN,NaN,
1980081418,06l.1980,BONNIE,TY,NN,15.5,322.5,45,1000,336,11,336,11,NaN,NaN,NaN,NaN,NaN,NaN,NaN,NaN,NaN,NaN,TS,WN,b,b,NaN,NaN,NaN,NaN,NaN,NaN,
1980081500,06l.1980,BONNIE,TY,NN,16.2,321.5,45,1000,322,9,322,9,NaN,NaN,NaN,NaN,NaN,NaN,NaN,NaN,NaN,NaN,TS,WN,b,b,NaN,NaN,NaN,NaN,NaN,NaN,
1980081506,06l.1980,BONNIE,TY,NN,17.8,322.1,45,1000,351,12,351,12,NaN,NaN,NaN,NaN,NaN,NaN,NaN,NaN,NaN,NaN,TS,WN,b,b,NaN,NaN,NaN,NaN,NaN,NaN,
1980081512,06l.1980,BONNIE,TY,NN,18.9,321.9,45,1000,8,14,8,14,NaN,NaN,NaN,NaN,NaN,NaN,NaN,NaN,NaN,NaN,TS,WN,b,b,NaN,NaN,NaN,NaN,NaN,NaN,
1980081518,06l.1980,BONNIE,TY,NN,20.4,321.4,55,995,346,13,346,13,NaN,NaN,NaN,NaN,NaN,NaN,NaN,NaN,NaN,NaN,TS,WN,b,b,NaN,NaN,NaN,NaN,NaN,NaN,
1980081600,06l.1980,BONNIE,TY,NN,21.9,321.3,75,985,349,15,349,15,NaN,NaN,NaN,NaN,NaN,NaN,NaN,NaN,NaN,NaN,TY,WN,b,b,NaN,NaN,NaN,NaN,NaN,NaN,
1980081606,06l.1980,BONNIE,TY,NN,23.6,321.1,85,975,355,16,355,16,NaN,NaN,NaN,NaN,NaN,NaN,NaN,NaN,NaN,NaN,TY,WN,b,b,NaN,NaN,NaN,NaN,NaN,NaN,
1980081612,06l.1980,BONNIE,TY,NN,24.7,321.0,85,975,354,14,354,14,NaN,NaN,NaN,NaN,NaN,NaN,NaN,NaN,NaN,NaN,TY,WN,b,b,NaN,NaN,NaN,NaN,NaN,NaN,
1980081618,06l.1980,BONNIE,TY,NN,26.2,321.1,85,975,360,13,360,13,NaN,NaN,NaN,NaN,NaN,NaN,NaN,NaN,NaN,NaN,TY,WN,b,b,NaN,NaN,NaN,NaN,NaN,NaN,
1980081700,06l.1980,BONNIE,TY,NN,27.7,321.4,75,985,7,15,7,15,NaN,NaN,NaN,NaN,NaN,NaN,NaN,NaN,NaN,NaN,TY,WN,b,b,NaN,NaN,NaN,NaN,NaN,NaN,
1980081706,06l.1980,BONNIE,TY,NN,28.1,320.0,65,990,333,11,333,11,NaN,NaN,NaN,NaN,NaN,NaN,NaN,NaN,NaN,NaN,TY,WN,b,b,NaN,NaN,NaN,NaN,NaN,NaN,
1980081712,06l.1980,BONNIE,TY,NN,28.7,319.5,65,990,301,10,301,10,NaN,NaN,NaN,NaN,NaN,NaN,NaN,NaN,NaN,NaN,TY,WN,b,b,NaN,NaN,NaN,NaN,NaN,NaN,
1980081718,06l.1980,BONNIE,TY,NN,30.0,319.5,65,990,347,10,347,10,NaN,NaN,NaN,NaN,NaN,NaN,NaN,NaN,NaN,NaN,TY,WN,b,b,NaN,NaN,NaN,NaN,NaN,NaN,
1980081800,06l.1980,BONNIE,TY,NN,30.9,319.5,65,990,360,11,360,11,NaN,NaN,NaN,NaN,NaN,NaN,NaN,NaN,NaN,NaN,TY,WN,b,b,NaN,NaN,NaN,NaN,NaN,NaN,
1980081806,06l.1980,BONNIE,TY,NN,32.5,319.7,65,990,4,13,4,13,NaN,NaN,NaN,NaN,NaN,NaN,NaN,NaN,NaN,NaN,TY,WN,b,b,NaN,NaN,NaN,NaN,NaN,NaN,
1980081812,06l.1980,BONNIE,TY,NN,34.0,319.5,65,990,360,15,360,16,NaN,NaN,NaN,NaN,NaN,NaN,NaN,NaN,NaN,NaN,TY,WN,b,b,NaN,NaN,NaN,NaN,NaN,NaN,
1980081818,06l.1980,BONNIE,TY,NN,35.9,319.5,65,990,357,17,357,17,NaN,NaN,NaN,NaN,NaN,NaN,NaN,NaN,NaN,NaN,TY,WN,b,b,NaN,NaN,NaN,NaN,NaN,NaN,
1980081900,06l.1980,BONNIE,TY,NN,38.1,319.9,65,990,5,21,5,21,NaN,NaN,NaN,NaN,NaN,NaN,NaN,NaN,NaN,NaN,TY,WN,b,b,NaN,NaN,NaN,NaN,NaN,NaN,
1980081906,06l.1980,BONNIE,TY,NN,42.0,320.2,65,990,5,31,5,31,NaN,NaN,NaN,NaN,NaN,NaN,NaN,NaN,NaN,NaN,TY,WN,b,b,NaN,NaN,NaN,NaN,NaN,NaN,
1980081912,06l.1980,BONNIE,TY,NN,50.0,323.0,65,995,11,61,11,61,NaN,NaN,NaN,NaN,NaN,NaN,NaN,NaN,NaN,NaN,TY,WN,b,b,NaN,NaN,NaN,NaN,NaN,NaN,
1980081918,06l.1980,BONNIE,TY,NN,51.0,324.0,45,1000,16,47,16,47,NaN,NaN,NaN,NaN,NaN,NaN,NaN,NaN,NaN,NaN,TS,NW,b,b,NaN,NaN,NaN,NaN,NaN,NaN,
1980082012,l07.1980,9X-L07,TY,NN,36.0,287.0,25,1010,141,13,141,13,NaN,NaN,NaN,NaN,NaN,NaN,NaN,NaN,NaN,NaN,TD,NW,b,b,NaN,NaN,NaN,NaN,NaN,NaN,
1980082018,l07.1980,9X-L07,TY,NN,35.0,288.0,25,1008,141,13,141,13,NaN,NaN,NaN,NaN,NaN,NaN,NaN,NaN,NaN,NaN,TD,NW,b,b,NaN,NaN,NaN,NaN,NaN,NaN,
1980082100,l07.1980,9X-L07,TY,NN,34.0,289.0,30,1006,141,13,141,13,NaN,NaN,NaN,NaN,NaN,NaN,NaN,NaN,NaN,NaN,TD,NW,b,b,NaN,NaN,NaN,NaN,NaN,NaN,
1980082106,l07.1980,9X-L07,TY,NN,33.4,290.5,30,1005,128,13,128,13,NaN,NaN,NaN,NaN,NaN,NaN,NaN,NaN,NaN,NaN,TD,NW,b,b,NaN,NaN,NaN,NaN,NaN,NaN,
1980082112,l07.1980,9X-L07,TY,NN,34.0,292.0,35,1003,90,12,90,12,NaN,NaN,NaN,NaN,NaN,NaN,NaN,NaN,NaN,NaN,TS,NW,b,b,NaN,NaN,NaN,NaN,NaN,NaN,
1980082118,l07.1980,9X-L07,TY,NN,34.8,293.2,40,1002,58,13,58,13,NaN,NaN,NaN,NaN,NaN,NaN,NaN,NaN,NaN,NaN,TS,NW,b,b,NaN,NaN,NaN,NaN,NaN,NaN,
1980082200,l07.1980,9X-L07,TY,NN,35.8,294.3,45,1000,46,13,46,13,NaN,NaN,NaN,NaN,NaN,NaN,NaN,NaN,NaN,NaN,TS,NW,b,b,NaN,NaN,NaN,NaN,NaN,NaN,
1980082206,l07.1980,9X-L07,TY,NN,37.0,295.2,50,998,36,14,36,14,NaN,NaN,NaN,NaN,NaN,NaN,NaN,NaN,NaN,NaN,TS,NW,b,b,NaN,NaN,NaN,NaN,NaN,NaN,
1980082212,l07.1980,9X-L07,TY,NN,38.3,295.3,55,996,18,13,18,13,NaN,NaN,NaN,NaN,NaN,NaN,NaN,NaN,NaN,NaN,TS,NW,b,b,NaN,NaN,NaN,NaN,NaN,NaN,
1980082218,l07.1980,9X-L07,TY,NN,39.1,295.1,60,994,358,11,358,11,NaN,NaN,NaN,NaN,NaN,NaN,NaN,NaN,NaN,NaN,TS,NW,b,b,NaN,NaN,NaN,NaN,NaN,NaN,
1980082300,l07.1980,9X-L07,TY,NN,39.6,294.1,65,992,324,8,324,8,NaN,NaN,NaN,NaN,NaN,NaN,NaN,NaN,NaN,NaN,TY,NW,b,b,NaN,NaN,NaN,NaN,NaN,NaN,
1980082306,l07.1980,9X-L07,TY,NN,38.9,293.3,70,990,262,7,262,7,NaN,NaN,NaN,NaN,NaN,NaN,NaN,NaN,NaN,NaN,TY,NW,b,b,NaN,NaN,NaN,NaN,NaN,NaN,
1980082312,07l.1980,CHARLEY,TY,NN,38.0,293.3,70,989,201,9,201,9,NaN,NaN,NaN,NaN,NaN,NaN,NaN,NaN,NaN,NaN,TY,WN,b,b,NaN,NaN,NaN,NaN,NaN,NaN,
1980082318,07l.1980,CHARLEY,TY,NN,38.0,294.8,70,990,127,7,127,7,NaN,NaN,NaN,NaN,NaN,NaN,NaN,NaN,NaN,NaN,TY,WN,b,b,NaN,NaN,NaN,NaN,NaN,NaN,
1980082400,07l.1980,CHARLEY,TY,NN,37.8,295.8,65,991,96,10,96,10,NaN,NaN,NaN,NaN,NaN,NaN,NaN,NaN,NaN,NaN,TY,WN,b,b,NaN,NaN,NaN,NaN,NaN,NaN,
1980082406,07l.1980,CHARLEY,TY,NN,37.2,298.3,60,994,106,14,106,14,NaN,NaN,NaN,NaN,NaN,NaN,NaN,NaN,NaN,NaN,TS,WN,b,b,NaN,NaN,NaN,NaN,NaN,NaN,
1980082412,07l.1980,CHARLEY,TY,NN,37.9,299.8,55,998,88,16,88,16,NaN,NaN,NaN,NaN,NaN,NaN,NaN,NaN,NaN,NaN,TS,WN,b,b,NaN,NaN,NaN,NaN,NaN,NaN,
1980082418,07l.1980,CHARLEY,TY,NN,37.8,301.3,45,1000,76,12,76,12,NaN,NaN,NaN,NaN,NaN,NaN,NaN,NaN,NaN,NaN,TS,WN,b,b,NaN,NaN,NaN,NaN,NaN,NaN,
1980082500,07l.1980,CHARLEY,TY,NN,38.0,304.0,35,1001,88,17,88,17,NaN,NaN,NaN,NaN,NaN,NaN,NaN,NaN,NaN,NaN,TS,WN,b,b,NaN,NaN,NaN,NaN,NaN,NaN,
1980082506,07l.1980,CHARLEY,TY,NN,38.0,307.2,35,1002,88,23,88,23,NaN,NaN,NaN,NaN,NaN,NaN,NaN,NaN,NaN,NaN,TS,WN,b,b,NaN,NaN,NaN,NaN,NaN,NaN,
1980082512,07l.1980,CHARLEY,TY,NN,38.0,312.0,35,1004,90,32,90,32,NaN,NaN,NaN,NaN,NaN,NaN,NaN,NaN,NaN,NaN,TS,WN,b,b,NaN,NaN,NaN,NaN,NaN,NaN,
1980082518,07l.1980,CHARLEY,TY,NN,38.5,317.5,35,1005,86,41,86,41,NaN,NaN,NaN,NaN,NaN,NaN,NaN,NaN,NaN,NaN,TS,WN,b,b,NaN,NaN,NaN,NaN,NaN,NaN,
1980082500,08l.1980,UNNAMED,TD,NN,15.9,328.4,20,NaN,267,18,267,18,NaN,NaN,NaN,NaN,NaN,NaN,NaN,NaN,NaN,NaN,NT,NW,b,b,NaN,NaN,NaN,NaN,NaN,NaN,
1980082506,08l.1980,UNNAMED,TD,NN,15.8,326.0,25,NaN,267,18,267,18,NaN,NaN,NaN,NaN,NaN,NaN,NaN,NaN,NaN,NaN,TD,NW,b,b,NaN,NaN,NaN,NaN,NaN,NaN,
1980082512,08l.1980,UNNAMED,TD,NN,15.7,324.7,25,NaN,267,18,267,18,NaN,NaN,NaN,NaN,NaN,NaN,NaN,NaN,NaN,NaN,TD,NW,b,b,NaN,NaN,NaN,NaN,NaN,NaN,
1980082518,08l.1980,UNNAMED,TD,NN,15.6,323.1,25,NaN,266,14,266,14,NaN,NaN,NaN,NaN,NaN,NaN,NaN,NaN,NaN,NaN,TD,NW,b,b,NaN,NaN,NaN,NaN,NaN,NaN,
1980082600,08l.1980,UNNAMED,TD,NN,15.5,321.7,25,NaN,266,14,266,14,NaN,NaN,NaN,NaN,NaN,NaN,NaN,NaN,NaN,NaN,TD,NW,b,b,NaN,NaN,NaN,NaN,NaN,NaN,
1980082606,08l.1980,UNNAMED,TD,NN,15.4,320.2,25,NaN,266,14,266,14,NaN,NaN,NaN,NaN,NaN,NaN,NaN,NaN,NaN,NaN,TD,NW,b,b,NaN,NaN,NaN,NaN,NaN,NaN,
1980082612,08l.1980,UNNAMED,TD,NN,15.4,319.0,25,NaN,268,13,268,13,NaN,NaN,NaN,NaN,NaN,NaN,NaN,NaN,NaN,NaN,TD,NW,b,b,NaN,NaN,NaN,NaN,NaN,NaN,
1980082618,08l.1980,UNNAMED,TD,NN,15.3,317.0,30,NaN,268,15,268,15,NaN,NaN,NaN,NaN,NaN,NaN,NaN,NaN,NaN,NaN,TD,NW,b,b,NaN,NaN,NaN,NaN,NaN,NaN,
1980082700,08l.1980,UNNAMED,TD,NN,15.4,315.1,30,NaN,270,19,270,19,NaN,NaN,NaN,NaN,NaN,NaN,NaN,NaN,NaN,NaN,TD,NW,b,b,NaN,NaN,NaN,NaN,NaN,NaN,
1980082706,08l.1980,UNNAMED,TD,NN,15.8,313.2,30,NaN,278,18,278,18,NaN,NaN,NaN,NaN,NaN,NaN,NaN,NaN,NaN,NaN,TD,NW,b,b,NaN,NaN,NaN,NaN,NaN,NaN,
1980082712,08l.1980,UNNAMED,TD,NN,16.0,311.2,30,NaN,279,19,279,19,NaN,NaN,NaN,NaN,NaN,NaN,NaN,NaN,NaN,NaN,TD,NW,b,b,NaN,NaN,NaN,NaN,NaN,NaN,
1980082718,08l.1980,UNNAMED,TD,NN,16.7,309.2,30,NaN,283,20,283,20,NaN,NaN,NaN,NaN,NaN,NaN,NaN,NaN,NaN,NaN,TD,NW,b,b,NaN,NaN,NaN,NaN,NaN,NaN,
1980082800,08l.1980,UNNAMED,TD,NN,17.8,307.3,30,NaN,296,21,296,21,NaN,NaN,NaN,NaN,NaN,NaN,NaN,NaN,NaN,NaN,TD,NW,b,b,NaN,NaN,NaN,NaN,NaN,NaN,
1980082806,08l.1980,UNNAMED,TD,NN,19.0,305.7,30,NaN,305,20,305,20,NaN,NaN,NaN,NaN,NaN,NaN,NaN,NaN,NaN,NaN,TD,NW,b,b,NaN,NaN,NaN,NaN,NaN,NaN,
1980082812,08l.1980,UNNAMED,TD,NN,20.5,304.0,25,NaN,311,21,311,21,NaN,NaN,NaN,NaN,NaN,NaN,NaN,NaN,NaN,NaN,TD,NW,b,b,NaN,NaN,NaN,NaN,NaN,NaN,
1980082818,08l.1980,UNNAMED,TD,NN,22.0,302.0,25,NaN,311,23,311,23,NaN,NaN,NaN,NaN,NaN,NaN,NaN,NaN,NaN,NaN,TD,NW,b,b,NaN,NaN,NaN,NaN,NaN,NaN,
1980082900,08l.1980,UNNAMED,TD,NN,22.5,300.0,20,NaN,298,21,298,21,NaN,NaN,NaN,NaN,NaN,NaN,NaN,NaN,NaN,NaN,NT,NW,b,b,NaN,NaN,NaN,NaN,NaN,NaN,
1980090100,l09.1980,9X-L09,TY,NN,15.6,322.0,30,1010,285,14,285,14,NaN,NaN,NaN,NaN,NaN,NaN,NaN,NaN,NaN,NaN,TD,NW,b,b,NaN,NaN,NaN,NaN,NaN,NaN,
1980090106,l09.1980,9X-L09,TY,NN,15.9,320.6,30,1010,285,14,285,14,NaN,NaN,NaN,NaN,NaN,NaN,NaN,NaN,NaN,NaN,TD,NW,b,b,NaN,NaN,NaN,NaN,NaN,NaN,
1980090112,l09.1980,9X-L09,TY,NN,16.3,319.2,30,1010,285,14,285,14,NaN,NaN,NaN,NaN,NaN,NaN,NaN,NaN,NaN,NaN,TD,NW,b,b,NaN,NaN,NaN,NaN,NaN,NaN,
1980090118,l09.1980,9X-L09,TY,NN,16.8,317.9,30,1010,289,14,289,14,NaN,NaN,NaN,NaN,NaN,NaN,NaN,NaN,NaN,NaN,TD,NW,b,b,NaN,NaN,NaN,NaN,NaN,NaN,
1980090200,l09.1980,9X-L09,TY,NN,17.3,316.3,30,1010,290,15,290,15,NaN,NaN,NaN,NaN,NaN,NaN,NaN,NaN,NaN,NaN,TD,NW,b,b,NaN,NaN,NaN,NaN,NaN,NaN,
1980090206,l09.1980,9X-L09,TY,NN,17.5,314.3,30,1010,282,18,282,18,NaN,NaN,NaN,NaN,NaN,NaN,NaN,NaN,NaN,NaN,TD,NW,b,b,NaN,NaN,NaN,NaN,NaN,NaN,
1980090212,l09.1980,9X-L09,TY,NN,17.7,311.9,30,1010,275,21,275,21,NaN,NaN,NaN,NaN,NaN,NaN,NaN,NaN,NaN,NaN,TD,NW,b,b,NaN,NaN,NaN,NaN,NaN,NaN,
1980090218,l09.1980,9X-L09,TY,NN,17.8,309.7,30,1010,274,22,274,22,NaN,NaN,NaN,NaN,NaN,NaN,NaN,NaN,NaN,NaN,TD,NW,b,b,NaN,NaN,NaN,NaN,NaN,NaN,
1980090300,l09.1980,9X-L09,TY,NN,17.9,307.6,30,1010,273,20,273,20,NaN,NaN,NaN,NaN,NaN,NaN,NaN,NaN,NaN,NaN,TD,NW,b,b,NaN,NaN,NaN,NaN,NaN,NaN,
1980090306,l09.1980,9X-L09,TY,NN,18.0,305.5,30,1010,273,20,273,20,NaN,NaN,NaN,NaN,NaN,NaN,NaN,NaN,NaN,NaN,TD,NW,b,b,NaN,NaN,NaN,NaN,NaN,NaN,
1980090312,l09.1980,9X-L09,TY,NN,18.6,303.1,30,1010,279,22,279,22,NaN,NaN,NaN,NaN,NaN,NaN,NaN,NaN,NaN,NaN,TD,NW,b,b,NaN,NaN,NaN,NaN,NaN,NaN,
1980090318,l09.1980,9X-L09,TY,NN,19.7,301.0,25,1011,292,23,292,23,NaN,NaN,NaN,NaN,NaN,NaN,NaN,NaN,NaN,NaN,TD,NW,b,b,NaN,NaN,NaN,NaN,NaN,NaN,
1980090400,l09.1980,9X-L09,TY,NN,21.0,299.0,20,1012,302,23,302,23,NaN,NaN,NaN,NaN,NaN,NaN,NaN,NaN,NaN,NaN,NT,NW,b,b,NaN,NaN,NaN,NaN,NaN,NaN,
1980090406,l09.1980,9X-L09,TY,NN,22.1,297.7,20,1012,308,20,308,20,NaN,NaN,NaN,NaN,NaN,NaN,NaN,NaN,NaN,NaN,NT,NW,b,b,NaN,NaN,NaN,NaN,NaN,NaN,
1980090412,l09.1980,9X-L09,TY,NN,23.4,296.4,20,1013,315,17,315,17,NaN,NaN,NaN,NaN,NaN,NaN,NaN,NaN,NaN,NaN,NT,NW,b,b,NaN,NaN,NaN,NaN,NaN,NaN,
1980090418,l09.1980,9X-L09,TY,NN,24.8,295.2,20,1013,320,18,320,18,NaN,NaN,NaN,NaN,NaN,NaN,NaN,NaN,NaN,NaN,NT,NW,b,b,NaN,NaN,NaN,NaN,NaN,NaN,
1980090500,l09.1980,9X-L09,TY,NN,26.1,294.2,20,1014,324,17,324,17,NaN,NaN,NaN,NaN,NaN,NaN,NaN,NaN,NaN,NaN,NT,NW,b,b,NaN,NaN,NaN,NaN,NaN,NaN,
1980090506,l09.1980,9X-L09,TY,NN,27.5,293.0,20,1014,324,17,324,17,NaN,NaN,NaN,NaN,NaN,NaN,NaN,NaN,NaN,NaN,NT,NW,b,b,NaN,NaN,NaN,NaN,NaN,NaN,
1980090512,l09.1980,9X-L09,TY,NN,28.5,291.4,25,1014,314,17,314,17,NaN,NaN,NaN,NaN,NaN,NaN,NaN,NaN,NaN,NaN,TD,NW,b,b,NaN,NaN,NaN,NaN,NaN,NaN,
1980090518,l09.1980,9X-L09,TY,NN,29.0,290.6,30,1013,305,13,305,13,NaN,NaN,NaN,NaN,NaN,NaN,NaN,NaN,NaN,NaN,TD,NW,b,b,NaN,NaN,NaN,NaN,NaN,NaN,
1980090600,l09.1980,9X-L09,TY,NN,29.7,290.0,30,1013,314,9,314,9,NaN,NaN,NaN,NaN,NaN,NaN,NaN,NaN,NaN,NaN,TD,NW,b,b,NaN,NaN,NaN,NaN,NaN,NaN,
1980090606,l09.1980,9X-L09,TY,NN,30.6,290.0,30,1010,342,8,342,8,NaN,NaN,NaN,NaN,NaN,NaN,NaN,NaN,NaN,NaN,TD,NW,b,b,NaN,NaN,NaN,NaN,NaN,NaN,
1980090612,l09.1980,9X-L09,TY,NN,31.7,290.4,30,1008,10,10,10,10,NaN,NaN,NaN,NaN,NaN,NaN,NaN,NaN,NaN,NaN,TD,NW,b,b,NaN,NaN,NaN,NaN,NaN,NaN,
1980090618,l09.1980,9X-L09,TY,NN,32.9,290.9,30,1007,18,12,18,12,NaN,NaN,NaN,NaN,NaN,NaN,NaN,NaN,NaN,NaN,TD,NW,b,b,NaN,NaN,NaN,NaN,NaN,NaN,
1980090700,09l.1980,GEORGES,TY,NN,34.4,291.5,40,1004,19,14,19,14,NaN,NaN,NaN,NaN,NaN,NaN,NaN,NaN,NaN,NaN,TS,WN,b,b,NaN,NaN,NaN,NaN,NaN,NaN,
1980090706,09l.1980,GEORGES,TY,NN,36.0,294.0,45,1002,40,20,40,20,NaN,NaN,NaN,NaN,NaN,NaN,NaN,NaN,NaN,NaN,TS,WN,b,b,NaN,NaN,NaN,NaN,NaN,NaN,
1980090712,09l.1980,GEORGES,TY,NN,37.3,296.3,50,1000,53,24,53,24,NaN,NaN,NaN,NaN,NaN,NaN,NaN,NaN,NaN,NaN,TS,WN,b,b,NaN,NaN,NaN,NaN,NaN,NaN,
1980090718,09l.1980,GEORGES,TY,NN,38.2,298.5,55,997,58,21,58,21,NaN,NaN,NaN,NaN,NaN,NaN,NaN,NaN,NaN,NaN,TS,WN,b,b,NaN,NaN,NaN,NaN,NaN,NaN,
1980090800,09l.1980,GEORGES,TY,NN,40.5,300.5,70,993,46,23,46,23,NaN,NaN,NaN,NaN,NaN,NaN,NaN,NaN,NaN,NaN,TY,WN,b,b,NaN,NaN,NaN,NaN,NaN,NaN,
1980090806,09l.1980,GEORGES,TY,NN,42.5,305.0,70,993,49,33,49,33,NaN,NaN,NaN,NaN,NaN,NaN,NaN,NaN,NaN,NaN,TY,WN,b,b,NaN,NaN,NaN,NaN,NaN,NaN,
1980090812,09l.1980,GEORGES,TY,NN,45.5,309.0,70,993,51,40,51,40,NaN,NaN,NaN,NaN,NaN,NaN,NaN,NaN,NaN,NaN,TY,WN,b,b,NaN,NaN,NaN,NaN,NaN,NaN,
1980090818,09l.1980,GEORGES,TY,NN,47.4,313.5,65,993,51,39,51,39,NaN,NaN,NaN,NaN,NaN,NaN,NaN,NaN,NaN,NaN,TY,NW,b,b,NaN,NaN,NaN,NaN,NaN,NaN,
1980090412,l10.1980,9X-L10,TY,NN,17.7,336.0,25,1008,267,17,267,17,NaN,NaN,NaN,NaN,NaN,NaN,NaN,NaN,NaN,NaN,TD,NW,b,b,NaN,NaN,NaN,NaN,NaN,NaN,
1980090418,l10.1980,9X-L10,TY,NN,17.4,334.7,30,1006,267,17,267,17,NaN,NaN,NaN,NaN,NaN,NaN,NaN,NaN,NaN,NaN,TD,NW,b,b,NaN,NaN,0.05,NaN,NaN,NaN,
1980090500,10l.1980,EARL,TY,NN,17.5,332.5,35,1003,267,17,267,17,NaN,NaN,NaN,NaN,NaN,NaN,NaN,NaN,NaN,NaN,TS,WN,b,b,NaN,NaN,NaN,NaN,NaN,NaN,
1980090506,10l.1980,EARL,TY,NN,17.2,332.0,40,1000,266,13,266,13,NaN,NaN,NaN,NaN,NaN,NaN,NaN,NaN,NaN,NaN,TS,WN,b,b,NaN,NaN,NaN,NaN,NaN,NaN,
1980090512,10l.1980,EARL,TY,NN,18.7,329.5,40,999,293,15,293,15,NaN,NaN,NaN,NaN,NaN,NaN,NaN,NaN,NaN,NaN,TS,WN,b,b,NaN,NaN,NaN,NaN,NaN,NaN,
1980090518,10l.1980,EARL,TY,NN,19.0,328.0,40,999,295,21,295,21,NaN,NaN,NaN,NaN,NaN,NaN,NaN,NaN,NaN,NaN,TS,WN,b,b,NaN,NaN,NaN,NaN,NaN,NaN,
1980090600,10l.1980,EARL,TY,NN,19.5,328.0,40,999,299,8,299,8,NaN,NaN,NaN,NaN,NaN,NaN,NaN,NaN,NaN,NaN,TS,WN,b,b,NaN,NaN,NaN,NaN,NaN,NaN,
1980090606,10l.1980,EARL,TY,NN,20.0,326.0,40,999,298,11,298,11,NaN,NaN,NaN,NaN,NaN,NaN,NaN,NaN,NaN,NaN,TS,WN,b,b,NaN,NaN,NaN,NaN,NaN,NaN,
1980090612,10l.1980,EARL,TY,NN,21.0,324.5,45,998,295,18,295,18,NaN,NaN,NaN,NaN,NaN,NaN,NaN,NaN,NaN,NaN,TS,WN,b,b,NaN,NaN,NaN,NaN,NaN,NaN,
1980090618,10l.1980,EARL,TY,NN,21.7,323.5,45,997,306,14,306,14,NaN,NaN,NaN,NaN,NaN,NaN,NaN,NaN,NaN,NaN,TS,WN,b,b,NaN,NaN,NaN,NaN,NaN,NaN,
1980090700,10l.1980,EARL,TY,NN,22.3,322.0,45,996,299,13,299,13,NaN,NaN,NaN,NaN,NaN,NaN,NaN,NaN,NaN,NaN,TS,WN,b,b,NaN,NaN,NaN,NaN,NaN,NaN,
1980090706,10l.1980,EARL,TY,NN,24.0,321.0,45,996,315,16,315,16,NaN,NaN,NaN,NaN,NaN,NaN,NaN,NaN,NaN,NaN,TS,WN,b,b,NaN,NaN,NaN,NaN,NaN,NaN,
1980090712,10l.1980,EARL,TY,NN,25.0,320.3,45,995,330,16,330,16,NaN,NaN,NaN,NaN,NaN,NaN,NaN,NaN,NaN,NaN,TS,WN,b,b,NaN,NaN,NaN,NaN,NaN,NaN,
1980090718,10l.1980,EARL,TY,NN,27.0,320.2,50,993,346,15,346,15,NaN,NaN,NaN,NaN,NaN,NaN,NaN,NaN,NaN,NaN,TS,WN,b,b,NaN,NaN,NaN,NaN,NaN,NaN,
1980090800,10l.1980,EARL,TY,NN,28.7,318.8,60,992,340,20,340,20,NaN,NaN,NaN,NaN,NaN,NaN,NaN,NaN,NaN,NaN,TS,WN,b,b,NaN,NaN,NaN,NaN,NaN,NaN,
1980090806,10l.1980,EARL,TY,NN,31.0,317.0,65,988,325,24,325,24,NaN,NaN,NaN,NaN,NaN,NaN,NaN,NaN,NaN,NaN,TY,WN,b,b,NaN,NaN,NaN,NaN,NaN,NaN,
1980090812,10l.1980,EARL,TY,NN,32.0,316.3,65,985,327,20,327,20,NaN,NaN,NaN,NaN,NaN,NaN,NaN,NaN,NaN,NaN,TY,WN,b,b,NaN,NaN,NaN,NaN,NaN,NaN,
1980090818,10l.1980,EARL,TY,NN,33.5,315.8,65,986,338,13,338,13,NaN,NaN,NaN,NaN,NaN,NaN,NaN,NaN,NaN,NaN,TY,WN,b,b,NaN,NaN,NaN,NaN,NaN,NaN,
1980090900,10l.1980,EARL,TY,NN,34.8,315.6,65,988,348,14,348,14,NaN,NaN,NaN,NaN,NaN,NaN,NaN,NaN,NaN,NaN,TY,WN,b,b,NaN,NaN,NaN,NaN,NaN,NaN,
1980090906,10l.1980,EARL,TY,NN,36.3,316.0,65,990,3,14,3,14,NaN,NaN,NaN,NaN,NaN,NaN,NaN,NaN,NaN,NaN,TY,WN,b,b,NaN,NaN,NaN,NaN,NaN,NaN,
1980090912,10l.1980,EARL,TY,NN,38.0,316.2,65,991,9,16,9,16,NaN,NaN,NaN,NaN,NaN,NaN,NaN,NaN,NaN,NaN,TY,WN,b,b,NaN,NaN,NaN,NaN,NaN,NaN,
1980090918,10l.1980,EARL,TY,NN,40.3,319.0,65,992,30,23,30,23,NaN,NaN,NaN,NaN,NaN,NaN,NaN,NaN,NaN,NaN,TY,WN,b,b,NaN,NaN,NaN,NaN,NaN,NaN,
1980091000,10l.1980,EARL,TY,NN,43.0,321.5,65,994,39,32,39,32,NaN,NaN,NaN,NaN,NaN,NaN,NaN,NaN,NaN,NaN,TY,WN,b,b,NaN,NaN,NaN,NaN,NaN,NaN,
1980091006,10l.1980,EARL,TY,NN,45.8,323.9,65,995,33,33,33,33,NaN,NaN,NaN,NaN,NaN,NaN,NaN,NaN,NaN,NaN,TY,WN,b,b,NaN,NaN,NaN,NaN,NaN,NaN,
1980091012,10l.1980,EARL,TY,NN,47.5,327.5,55,NaN,43,31,43,31,NaN,NaN,NaN,NaN,NaN,NaN,NaN,NaN,NaN,NaN,TS,WN,b,b,NaN,NaN,NaN,NaN,NaN,NaN,
1980091018,10l.1980,EARL,TY,NN,49.5,331.5,55,NaN,54,32,54,32,NaN,NaN,NaN,NaN,NaN,NaN,NaN,NaN,NaN,NaN,TS,NW,b,b,NaN,NaN,NaN,NaN,NaN,NaN,
1980091100,10l.1980,EARL,TY,NN,51.5,336.5,55,NaN,56,35,56,35,NaN,NaN,NaN,NaN,NaN,NaN,NaN,NaN,NaN,NaN,TS,NW,b,b,NaN,NaN,NaN,NaN,NaN,NaN,
1980090418,l11.1980,9X-L11,TS,NN,28.3,269.4,25,1010,275,5,275,5,NaN,NaN,NaN,NaN,NaN,NaN,NaN,NaN,NaN,NaN,TD,NW,b,b,NaN,NaN,NaN,NaN,NaN,NaN,
1980090500,l11.1980,9X-L11,TS,NN,28.3,268.7,25,1010,275,5,275,5,NaN,NaN,NaN,NaN,NaN,NaN,NaN,NaN,NaN,NaN,TD,NW,b,b,NaN,NaN,NaN,NaN,NaN,NaN,
1980090506,l11.1980,9X-L11,TS,NN,28.4,268.2,25,1009,275,5,275,5,NaN,NaN,NaN,NaN,NaN,NaN,NaN,NaN,NaN,NaN,TD,NW,b,b,NaN,NaN,NaN,NaN,NaN,NaN,
1980090512,l11.1980,9X-L11,TS,NN,28.8,267.6,30,1008,297,5,297,5,NaN,NaN,NaN,NaN,NaN,NaN,NaN,NaN,NaN,NaN,TD,NW,b,b,NaN,NaN,NaN,NaN,NaN,NaN,
1980090518,11l.1980,DANIELLE,TS,NN,29.5,266.6,50,1004,308,9,308,9,NaN,NaN,NaN,NaN,NaN,NaN,NaN,NaN,NaN,NaN,TS,WN,b,b,NaN,NaN,0.19,NaN,NaN,NaN,
1980090600,11l.1980,DANIELLE,TS,NN,29.5,265.4,40,1004,290,10,290,10,NaN,NaN,NaN,NaN,NaN,NaN,NaN,NaN,NaN,NaN,TS,WN,b,b,NaN,NaN,0.41,NaN,NaN,NaN,
1980090606,11l.1980,DANIELLE,TS,NN,29.2,263.2,35,1008,264,15,264,15,NaN,NaN,NaN,NaN,NaN,NaN,NaN,NaN,NaN,NaN,TS,WN,b,b,NaN,NaN,0.97,NaN,NaN,NaN,
1980090612,11l.1980,DANIELLE,TS,NN,29.1,263.0,30,1008,259,11,259,11,NaN,NaN,NaN,NaN,NaN,NaN,NaN,NaN,NaN,NaN,TD,NW,b,b,NaN,NaN,0.97,NaN,NaN,NaN,
1980090618,11l.1980,DANIELLE,TS,NN,29.0,262.2,25,1008,257,4,257,4,NaN,NaN,NaN,NaN,NaN,NaN,NaN,NaN,NaN,NaN,TD,NW,b,b,NaN,NaN,1.00,NaN,NaN,NaN,
1980090700,11l.1980,DANIELLE,TS,NN,29.0,261.7,20,1010,265,6,265,6,NaN,NaN,NaN,NaN,NaN,NaN,NaN,NaN,NaN,NaN,NT,NW,b,b,NaN,NaN,1.00,NaN,NaN,NaN,
1980090706,11l.1980,DANIELLE,TS,NN,29.0,261.0,20,1010,270,5,270,5,NaN,NaN,NaN,NaN,NaN,NaN,NaN,NaN,NaN,NaN,NT,NW,b,b,NaN,NaN,1.00,NaN,NaN,NaN,
1980090712,11l.1980,DANIELLE,TS,NN,29.0,260.0,20,1010,270,7,270,7,NaN,NaN,NaN,NaN,NaN,NaN,NaN,NaN,NaN,NaN,NT,NW,b,b,NaN,NaN,1.00,NaN,NaN,NaN,
1980090600,l12.1980,9X-L12,TY,NN,12.5,341.0,25,1010,273,10,273,10,NaN,NaN,NaN,NaN,NaN,NaN,NaN,NaN,NaN,NaN,TD,NW,b,b,NaN,NaN,NaN,NaN,NaN,NaN,
1980090606,l12.1980,9X-L12,TY,NN,12.5,340.0,25,1009,273,10,273,10,NaN,NaN,NaN,NaN,NaN,NaN,NaN,NaN,NaN,NaN,TD,NW,b,b,NaN,NaN,NaN,NaN,NaN,NaN,
1980090612,l12.1980,9X-L12,TY,NN,12.6,339.0,30,1008,273,10,273,10,NaN,NaN,NaN,NaN,NaN,NaN,NaN,NaN,NaN,NaN,TD,NW,b,b,NaN,NaN,NaN,NaN,NaN,NaN,
1980090618,l12.1980,9X-L12,TY,NN,12.7,338.2,35,1005,276,9,276,9,NaN,NaN,NaN,NaN,NaN,NaN,NaN,NaN,NaN,NaN,TS,NW,b,b,NaN,NaN,NaN,NaN,NaN,NaN,
1980090700,l12.1980,9X-L12,TY,NN,12.8,337.5,40,1002,278,7,278,7,NaN,NaN,NaN,NaN,NaN,NaN,NaN,NaN,NaN,NaN,TS,NW,b,b,NaN,NaN,NaN,NaN,NaN,NaN,
1980090706,l12.1980,9X-L12,TY,NN,12.9,336.8,45,998,278,7,278,7,NaN,NaN,NaN,NaN,NaN,NaN,NaN,NaN,NaN,NaN,TS,NW,b,b,NaN,NaN,NaN,NaN,NaN,NaN,
1980090712,12l.1980,FRANCES,TY,NN,13.4,336.4,55,994,299,6,299,6,NaN,NaN,NaN,NaN,NaN,NaN,NaN,NaN,NaN,NaN,TS,WN,b,b,NaN,NaN,NaN,NaN,NaN,NaN,
1980090718,12l.1980,FRANCES,TY,NN,13.2,335.5,60,990,283,7,283,7,NaN,NaN,NaN,NaN,NaN,NaN,NaN,NaN,NaN,NaN,TS,WN,b,b,NaN,NaN,NaN,NaN,NaN,NaN,
1980090800,12l.1980,FRANCES,TY,NN,13.1,334.5,65,986,261,9,261,9,NaN,NaN,NaN,NaN,NaN,NaN,NaN,NaN,NaN,NaN,TY,WN,b,b,NaN,NaN,NaN,NaN,NaN,NaN,
1980090806,12l.1980,FRANCES,TY,NN,13.0,333.0,70,978,265,12,265,12,NaN,NaN,NaN,NaN,NaN,NaN,NaN,NaN,NaN,NaN,TY,WN,b,b,NaN,NaN,NaN,NaN,NaN,NaN,
1980090812,12l.1980,FRANCES,TY,NN,13.0,332.0,80,970,268,12,268,12,NaN,NaN,NaN,NaN,NaN,NaN,NaN,NaN,NaN,NaN,TY,WN,b,b,NaN,NaN,NaN,NaN,NaN,NaN,
1980090818,12l.1980,FRANCES,TY,NN,12.7,331.0,90,965,261,10,261,10,NaN,NaN,NaN,NaN,NaN,NaN,NaN,NaN,NaN,NaN,TY,WN,b,b,NaN,NaN,NaN,NaN,NaN,NaN,
1980090900,12l.1980,FRANCES,TY,NN,12.5,330.0,100,960,256,10,256,10,NaN,NaN,NaN,NaN,NaN,NaN,NaN,NaN,NaN,NaN,TY,WN,b,b,NaN,NaN,NaN,NaN,NaN,NaN,
1980090906,12l.1980,FRANCES,TY,NN,12.7,329.5,100,958,270,7,270,7,NaN,NaN,NaN,NaN,NaN,NaN,NaN,NaN,NaN,NaN,TY,WN,b,b,NaN,NaN,NaN,NaN,NaN,NaN,
1980090912,12l.1980,FRANCES,TY,NN,13.0,328.5,100,960,289,8,289,8,NaN,NaN,NaN,NaN,NaN,NaN,NaN,NaN,NaN,NaN,TY,WN,b,b,NaN,NaN,NaN,NaN,NaN,NaN,
1980090918,12l.1980,FRANCES,TY,NN,13.3,327.7,90,965,289,9,289,9,NaN,NaN,NaN,NaN,NaN,NaN,NaN,NaN,NaN,NaN,TY,WN,b,b,NaN,NaN,NaN,NaN,NaN,NaN,
1980091000,12l.1980,FRANCES,TY,NN,13.6,327.4,90,966,299,6,299,6,NaN,NaN,NaN,NaN,NaN,NaN,NaN,NaN,NaN,NaN,TY,WN,b,b,NaN,NaN,NaN,NaN,NaN,NaN,
1980091006,12l.1980,FRANCES,TY,NN,13.8,326.1,90,967,288,8,288,8,NaN,NaN,NaN,NaN,NaN,NaN,NaN,NaN,NaN,NaN,TY,WN,b,b,NaN,NaN,NaN,NaN,NaN,NaN,
1980091012,12l.1980,FRANCES,TY,NN,14.2,326.0,85,968,294,7,294,7,NaN,NaN,NaN,NaN,NaN,NaN,NaN,NaN,NaN,NaN,TY,WN,b,b,NaN,NaN,NaN,NaN,NaN,NaN,
1980091018,12l.1980,FRANCES,TY,NN,15.0,325.2,80,970,324,7,324,7,NaN,NaN,NaN,NaN,NaN,NaN,NaN,NaN,NaN,NaN,TY,WN,b,b,NaN,NaN,NaN,NaN,NaN,NaN,
1980091100,12l.1980,FRANCES,TY,NN,15.4,325.0,85,968,321,8,321,8,NaN,NaN,NaN,NaN,NaN,NaN,NaN,NaN,NaN,NaN,TY,WN,b,b,NaN,NaN,NaN,NaN,NaN,NaN,
1980091106,12l.1980,FRANCES,TY,NN,15.6,325.0,90,965,342,3,342,3,NaN,NaN,NaN,NaN,NaN,NaN,NaN,NaN,NaN,NaN,TY,WN,b,b,NaN,NaN,NaN,NaN,NaN,NaN,
1980091112,12l.1980,FRANCES,TY,NN,16.4,324.6,90,967,339,5,339,5,NaN,NaN,NaN,NaN,NaN,NaN,NaN,NaN,NaN,NaN,TY,WN,b,b,NaN,NaN,NaN,NaN,NaN,NaN,
1980091118,12l.1980,FRANCES,TY,NN,16.5,324.1,85,968,316,6,316,6,NaN,NaN,NaN,NaN,NaN,NaN,NaN,NaN,NaN,NaN,TY,WN,b,b,NaN,NaN,NaN,NaN,NaN,NaN,
1980091200,12l.1980,FRANCES,TY,NN,16.9,323.8,80,970,303,5,303,5,NaN,NaN,NaN,NaN,NaN,NaN,NaN,NaN,NaN,NaN,TY,WN,b,b,NaN,NaN,NaN,NaN,NaN,NaN,
1980091206,12l.1980,FRANCES,TY,NN,17.5,323.0,80,970,314,7,314,7,NaN,NaN,NaN,NaN,NaN,NaN,NaN,NaN,NaN,NaN,TY,WN,b,b,NaN,NaN,NaN,NaN,NaN,NaN,
1980091212,12l.1980,FRANCES,TY,NN,17.8,322.2,80,970,301,9,301,9,NaN,NaN,NaN,NaN,NaN,NaN,NaN,NaN,NaN,NaN,TY,WN,b,b,NaN,NaN,NaN,NaN,NaN,NaN,
1980091218,12l.1980,FRANCES,TY,NN,18.4,321.3,80,970,299,9,299,9,NaN,NaN,NaN,NaN,NaN,NaN,NaN,NaN,NaN,NaN,TY,WN,b,b,NaN,NaN,NaN,NaN,NaN,NaN,
1980091300,12l.1980,FRANCES,TY,NN,18.6,320.5,80,970,296,9,296,9,NaN,NaN,NaN,NaN,NaN,NaN,NaN,NaN,NaN,NaN,TY,WN,b,b,NaN,NaN,NaN,NaN,NaN,NaN,
1980091306,12l.1980,FRANCES,TY,NN,18.6,319.3,85,968,276,10,276,10,NaN,NaN,NaN,NaN,NaN,NaN,NaN,NaN,NaN,NaN,TY,WN,b,b,NaN,NaN,NaN,NaN,NaN,NaN,
1980091312,12l.1980,FRANCES,TY,NN,18.8,318.0,90,965,275,12,275,12,NaN,NaN,NaN,NaN,NaN,NaN,NaN,NaN,NaN,NaN,TY,WN,b,b,NaN,NaN,NaN,NaN,NaN,NaN,
1980091318,12l.1980,FRANCES,TY,NN,19.4,316.7,90,965,288,13,288,13,NaN,NaN,NaN,NaN,NaN,NaN,NaN,NaN,NaN,NaN,TY,WN,b,b,NaN,NaN,NaN,NaN,NaN,NaN,
1980091400,12l.1980,FRANCES,TY,NN,19.9,315.3,90,965,293,14,293,14,NaN,NaN,NaN,NaN,NaN,NaN,NaN,NaN,NaN,NaN,TY,WN,b,b,NaN,NaN,NaN,NaN,NaN,NaN,
1980091406,12l.1980,FRANCES,TY,NN,20.1,314.5,90,965,289,11,289,11,NaN,NaN,NaN,NaN,NaN,NaN,NaN,NaN,NaN,NaN,TY,WN,b,b,NaN,NaN,NaN,NaN,NaN,NaN,
1980091412,12l.1980,FRANCES,TY,NN,20.6,313.2,90,965,290,10,290,10,NaN,NaN,NaN,NaN,NaN,NaN,NaN,NaN,NaN,NaN,TY,WN,b,b,NaN,NaN,NaN,NaN,NaN,NaN,
1980091418,12l.1980,FRANCES,TY,NN,21.5,312.0,90,965,301,14,301,14,NaN,NaN,NaN,NaN,NaN,NaN,NaN,NaN,NaN,NaN,TY,WN,b,b,NaN,NaN,NaN,NaN,NaN,NaN,
1980091500,12l.1980,FRANCES,TY,NN,22.5,311.0,90,965,313,14,313,14,NaN,NaN,NaN,NaN,NaN,NaN,NaN,NaN,NaN,NaN,TY,WN,b,b,NaN,NaN,NaN,NaN,NaN,NaN,
1980091506,12l.1980,FRANCES,TY,NN,23.4,310.4,90,965,322,12,322,12,NaN,NaN,NaN,NaN,NaN,NaN,NaN,NaN,NaN,NaN,TY,WN,b,b,NaN,NaN,NaN,NaN,NaN,NaN,
1980091512,12l.1980,FRANCES,TY,NN,24.5,309.7,90,965,329,12,329,12,NaN,NaN,NaN,NaN,NaN,NaN,NaN,NaN,NaN,NaN,TY,WN,b,b,NaN,NaN,NaN,NaN,NaN,NaN,
1980091518,12l.1980,FRANCES,TY,NN,25.8,309.2,90,965,336,13,336,13,NaN,NaN,NaN,NaN,NaN,NaN,NaN,NaN,NaN,NaN,TY,WN,b,b,NaN,NaN,NaN,NaN,NaN,NaN,
1980091600,12l.1980,FRANCES,TY,NN,27.4,309.4,90,965,355,15,355,15,NaN,NaN,NaN,NaN,NaN,NaN,NaN,NaN,NaN,NaN,TY,WN,b,b,NaN,NaN,NaN,NaN,NaN,NaN,
1980091606,12l.1980,FRANCES,TY,NN,28.8,309.5,90,965,5,15,5,15,NaN,NaN,NaN,NaN,NaN,NaN,NaN,NaN,NaN,NaN,TY,WN,b,b,NaN,NaN,NaN,NaN,NaN,NaN,
1980091612,12l.1980,FRANCES,TY,NN,30.3,310.2,90,965,14,15,14,15,NaN,NaN,NaN,NaN,NaN,NaN,NaN,NaN,NaN,NaN,TY,WN,b,b,NaN,NaN,NaN,NaN,NaN,NaN,
1980091618,12l.1980,FRANCES,TY,NN,31.6,311.0,90,965,25,15,25,15,NaN,NaN,NaN,NaN,NaN,NaN,NaN,NaN,NaN,NaN,TY,WN,b,b,NaN,NaN,NaN,NaN,NaN,NaN,
1980091700,12l.1980,FRANCES,TY,NN,32.9,311.9,90,965,29,15,29,15,NaN,NaN,NaN,NaN,NaN,NaN,NaN,NaN,NaN,NaN,TY,WN,b,b,NaN,NaN,NaN,NaN,NaN,NaN,
1980091706,12l.1980,FRANCES,TY,NN,33.8,313.0,85,968,37,14,37,14,NaN,NaN,NaN,NaN,NaN,NaN,NaN,NaN,NaN,NaN,TY,WN,b,b,NaN,NaN,NaN,NaN,NaN,NaN,
1980091712,12l.1980,FRANCES,TY,NN,34.7,313.6,80,970,38,11,38,11,NaN,NaN,NaN,NaN,NaN,NaN,NaN,NaN,NaN,NaN,TY,WN,b,b,NaN,NaN,NaN,NaN,NaN,NaN,
1980091718,12l.1980,FRANCES,TY,NN,35.6,314.2,80,970,29,10,29,10,NaN,NaN,NaN,NaN,NaN,NaN,NaN,NaN,NaN,NaN,TY,WN,b,b,NaN,NaN,NaN,NaN,NaN,NaN,
1980091800,12l.1980,FRANCES,TY,NN,36.7,314.3,80,970,16,10,16,10,NaN,NaN,NaN,NaN,NaN,NaN,NaN,NaN,NaN,NaN,TY,WN,b,b,NaN,NaN,NaN,NaN,NaN,NaN,
1980091806,12l.1980,FRANCES,TY,NN,37.3,314.5,80,970,8,9,8,9,NaN,NaN,NaN,NaN,NaN,NaN,NaN,NaN,NaN,NaN,TY,WN,b,b,NaN,NaN,NaN,NaN,NaN,NaN,
1980091812,12l.1980,FRANCES,TY,NN,38.9,313.7,80,970,348,11,348,11,NaN,NaN,NaN,NaN,NaN,NaN,NaN,NaN,NaN,NaN,TY,WN,b,b,NaN,NaN,NaN,NaN,NaN,NaN,
1980091818,12l.1980,FRANCES,TY,NN,40.1,313.4,80,972,343,15,343,15,NaN,NaN,NaN,NaN,NaN,NaN,NaN,NaN,NaN,NaN,TY,WN,b,b,NaN,NaN,NaN,NaN,NaN,NaN,
1980091900,12l.1980,FRANCES,TY,NN,41.2,313.5,75,974,356,12,356,12,NaN,NaN,NaN,NaN,NaN,NaN,NaN,NaN,NaN,NaN,TY,WN,b,b,NaN,NaN,NaN,NaN,NaN,NaN,
1980091906,12l.1980,FRANCES,TY,NN,41.8,314.0,70,978,15,9,15,9,NaN,NaN,NaN,NaN,NaN,NaN,NaN,NaN,NaN,NaN,TY,WN,b,b,NaN,NaN,NaN,NaN,NaN,NaN,
1980091912,12l.1980,FRANCES,TY,NN,43.5,315.0,65,986,26,13,26,13,NaN,NaN,NaN,NaN,NaN,NaN,NaN,NaN,NaN,NaN,TY,WN,b,b,NaN,NaN,NaN,NaN,NaN,NaN,
1980091918,12l.1980,FRANCES,TY,NN,44.5,316.7,65,986,36,17,36,17,NaN,NaN,NaN,NaN,NaN,NaN,NaN,NaN,NaN,NaN,TY,WN,b,b,NaN,NaN,NaN,NaN,NaN,NaN,
1980092000,12l.1980,FRANCES,TY,NN,45.4,318.5,65,988,53,16,53,16,NaN,NaN,NaN,NaN,NaN,NaN,NaN,NaN,NaN,NaN,TY,WN,b,b,NaN,NaN,NaN,NaN,NaN,NaN,
1980092006,12l.1980,FRANCES,TY,NN,46.5,320.5,60,990,53,17,53,17,NaN,NaN,NaN,NaN,NaN,NaN,NaN,NaN,NaN,NaN,TS,WN,b,b,NaN,NaN,NaN,NaN,NaN,NaN,
1980092012,12l.1980,FRANCES,TY,NN,49.5,324.5,55,994,45,29,45,29,NaN,NaN,NaN,NaN,NaN,NaN,NaN,NaN,NaN,NaN,TS,WN,b,b,NaN,NaN,NaN,NaN,NaN,NaN,
1980092018,12l.1980,FRANCES,TY,NN,51.3,328.0,50,998,46,34,46,34,NaN,NaN,NaN,NaN,NaN,NaN,NaN,NaN,NaN,NaN,TS,WN,b,b,NaN,NaN,NaN,NaN,NaN,NaN,
1980092100,12l.1980,FRANCES,TY,NN,54.0,331.0,45,1000,42,30,42,30,NaN,NaN,NaN,NaN,NaN,NaN,NaN,NaN,NaN,NaN,TS,NW,b,b,NaN,NaN,NaN,NaN,NaN,NaN,
1980092012,l13.1980,9X-L13,TS,NN,14.6,282.8,25,1008,278,15,278,15,NaN,NaN,NaN,NaN,NaN,NaN,NaN,NaN,NaN,NaN,TD,NW,b,b,NaN,NaN,NaN,NaN,NaN,NaN,
1980092018,l13.1980,9X-L13,TS,NN,14.8,281.3,25,1007,278,15,278,15,NaN,NaN,NaN,NaN,NaN,NaN,NaN,NaN,NaN,NaN,TD,NW,b,b,NaN,NaN,NaN,NaN,NaN,NaN,
1980092100,l13.1980,9X-L13,TS,NN,15.0,279.8,30,1006,278,15,278,15,NaN,NaN,NaN,NaN,NaN,NaN,NaN,NaN,NaN,NaN,TD,NW,b,b,NaN,NaN,NaN,NaN,NaN,NaN,
1980092106,13l.1980,HERMINE,TS,NN,15.0,279.5,35,1003,277,9,277,9,NaN,NaN,NaN,NaN,NaN,NaN,NaN,NaN,NaN,NaN,TS,WN,b,b,NaN,NaN,NaN,NaN,NaN,NaN,
1980092112,13l.1980,HERMINE,TS,NN,15.5,276.0,40,1000,278,19,278,19,NaN,NaN,NaN,NaN,NaN,NaN,NaN,NaN,NaN,NaN,TS,WN,b,b,NaN,NaN,0.43,NaN,NaN,NaN,
1980092118,13l.1980,HERMINE,TS,NN,16.2,275.0,45,998,285,22,285,22,NaN,NaN,NaN,NaN,NaN,NaN,NaN,NaN,NaN,NaN,TS,WN,b,b,NaN,NaN,0.35,NaN,NaN,NaN,
1980092200,13l.1980,HERMINE,TS,NN,16.3,273.8,50,996,291,11,291,11,NaN,NaN,NaN,NaN,NaN,NaN,NaN,NaN,NaN,NaN,TS,WN,b,b,NaN,NaN,0.02,NaN,NaN,NaN,
1980092206,13l.1980,HERMINE,TS,NN,17.0,273.3,55,995,296,9,296,9,NaN,NaN,NaN,NaN,NaN,NaN,NaN,NaN,NaN,NaN,TS,WN,b,b,NaN,NaN,NaN,NaN,NaN,NaN,
1980092212,13l.1980,HERMINE,TS,NN,17.7,272.3,60,994,314,10,314,10,NaN,NaN,NaN,NaN,NaN,NaN,NaN,NaN,NaN,NaN,TS,WN,b,b,NaN,NaN,0.02,NaN,NaN,NaN,
1980092218,13l.1980,HERMINE,TS,NN,18.5,271.0,55,994,304,13,304,13,NaN,NaN,NaN,NaN,NaN,NaN,NaN,NaN,NaN,NaN,TS,WN,b,b,NaN,NaN,0.98,NaN,NaN,NaN,
1980092300,13l.1980,HERMINE,TS,NN,19.0,269.7,50,995,298,14,298,14,NaN,NaN,NaN,NaN,NaN,NaN,NaN,NaN,NaN,NaN,TS,WN,b,b,NaN,NaN,0.92,NaN,NaN,NaN,
1980092306,13l.1980,HERMINE,TS,NN,19.1,268.8,45,995,286,11,286,11,NaN,NaN,NaN,NaN,NaN,NaN,NaN,NaN,NaN,NaN,TS,WN,b,b,NaN,NaN,0.60,NaN,NaN,NaN,
1980092312,13l.1980,HERMINE,TS,NN,19.1,267.4,50,995,273,11,273,11,NaN,NaN,NaN,NaN,NaN,NaN,NaN,NaN,NaN,NaN,TS,WN,b,b,NaN,NaN,0.10,NaN,NaN,NaN,
1980092318,13l.1980,HERMINE,TS,NN,19.3,266.5,55,994,275,11,275,11,NaN,NaN,NaN,NaN,NaN,NaN,NaN,NaN,NaN,NaN,TS,WN,b,b,NaN,NaN,NaN,NaN,NaN,NaN,
1980092400,13l.1980,HERMINE,TS,NN,19.0,266.0,60,993,266,7,266,7,NaN,NaN,NaN,NaN,NaN,NaN,NaN,NaN,NaN,NaN,TS,WN,b,b,NaN,NaN,NaN,NaN,NaN,NaN,
1980092406,13l.1980,HERMINE,TS,NN,18.5,265.5,60,993,230,6,230,6,NaN,NaN,NaN,NaN,NaN,NaN,NaN,NaN,NaN,NaN,TS,WN,b,b,NaN,NaN,0.28,NaN,NaN,NaN,
1980092412,13l.1980,HERMINE,TS,NN,18.3,265.2,55,994,227,5,227,5,NaN,NaN,NaN,NaN,NaN,NaN,NaN,NaN,NaN,NaN,TS,WN,b,b,NaN,NaN,0.52,NaN,NaN,NaN,
1980092418,13l.1980,HERMINE,TS,NN,18.5,265.3,50,997,270,1,270,1,NaN,NaN,NaN,NaN,NaN,NaN,NaN,NaN,NaN,NaN,TS,WN,b,b,NaN,NaN,0.28,NaN,NaN,NaN,
1980092500,13l.1980,HERMINE,TS,NN,18.3,264.9,45,1000,270,1,270,1,NaN,NaN,NaN,NaN,NaN,NaN,NaN,NaN,NaN,NaN,TS,WN,b,b,NaN,NaN,0.52,NaN,NaN,NaN,
1980092506,13l.1980,HERMINE,TS,NN,17.3,264.2,40,1003,221,8,221,8,NaN,NaN,NaN,NaN,NaN,NaN,NaN,NaN,NaN,NaN,TS,NW,b,b,NaN,NaN,0.89,NaN,NaN,NaN,
1980092512,13l.1980,HERMINE,TS,NN,17.0,264.0,35,1005,213,8,213,8,NaN,NaN,NaN,NaN,NaN,NaN,NaN,NaN,NaN,NaN,TS,NW,b,b,NaN,NaN,0.97,NaN,NaN,NaN,
1980092518,13l.1980,HERMINE,TS,NN,17.0,264.0,30,1007,212,2,212,2,NaN,NaN,NaN,NaN,NaN,NaN,NaN,NaN,NaN,NaN,TD,NW,b,b,NaN,NaN,0.97,NaN,NaN,NaN,
1980092600,13l.1980,HERMINE,TS,NN,17.0,264.0,25,1008,360,0,360,0,NaN,NaN,NaN,NaN,NaN,NaN,NaN,NaN,NaN,NaN,TD,NW,b,b,NaN,NaN,0.97,NaN,NaN,NaN,
1980100100,l14.1980,9X-L14,TY,NN,33.6,340.0,25,1010,279,6,279,6,NaN,NaN,NaN,NaN,NaN,NaN,NaN,NaN,NaN,NaN,TD,NW,b,b,NaN,NaN,NaN,NaN,NaN,NaN,
1980100106,l14.1980,9X-L14,TY,NN,33.7,339.3,25,1010,279,6,279,6,NaN,NaN,NaN,NaN,NaN,NaN,NaN,NaN,NaN,NaN,TD,NW,b,b,NaN,NaN,NaN,NaN,NaN,NaN,
1980100112,l14.1980,9X-L14,TY,NN,33.8,338.5,25,1010,279,6,279,6,NaN,NaN,NaN,NaN,NaN,NaN,NaN,NaN,NaN,NaN,TD,NW,b,b,NaN,NaN,NaN,NaN,NaN,NaN,
1980100118,l14.1980,9X-L14,TY,NN,34.1,337.8,25,1010,288,7,288,7,NaN,NaN,NaN,NaN,NaN,NaN,NaN,NaN,NaN,NaN,TD,NW,b,b,NaN,NaN,NaN,NaN,NaN,NaN,
1980100200,l14.1980,9X-L14,TY,NN,34.5,337.2,25,1010,303,6,303,6,NaN,NaN,NaN,NaN,NaN,NaN,NaN,NaN,NaN,NaN,TD,NW,b,b,NaN,NaN,NaN,NaN,NaN,NaN,
1980100206,l14.1980,9X-L14,TY,NN,35.0,336.7,25,1009,315,6,315,6,NaN,NaN,NaN,NaN,NaN,NaN,NaN,NaN,NaN,NaN,TD,NW,b,b,NaN,NaN,NaN,NaN,NaN,NaN,
1980100212,l14.1980,9X-L14,TY,NN,35.7,336.3,25,1009,328,7,328,7,NaN,NaN,NaN,NaN,NaN,NaN,NaN,NaN,NaN,NaN,TD,NW,b,b,NaN,NaN,NaN,NaN,NaN,NaN,
1980100218,l14.1980,9X-L14,TY,NN,36.5,336.2,25,1009,345,8,345,8,NaN,NaN,NaN,NaN,NaN,NaN,NaN,NaN,NaN,NaN,TD,NW,b,b,NaN,NaN,NaN,NaN,NaN,NaN,
1980100300,l14.1980,9X-L14,TY,NN,37.2,336.5,25,1009,6,8,6,8,NaN,NaN,NaN,NaN,NaN,NaN,NaN,NaN,NaN,NaN,TD,NW,b,b,NaN,NaN,NaN,NaN,NaN,NaN,
1980100306,l14.1980,9X-L14,TY,NN,37.8,336.9,25,1009,23,7,23,7,NaN,NaN,NaN,NaN,NaN,NaN,NaN,NaN,NaN,NaN,TD,NW,b,b,NaN,NaN,NaN,NaN,NaN,NaN,
1980100312,l14.1980,9X-L14,TY,NN,38.7,337.5,25,1008,28,8,28,8,NaN,NaN,NaN,NaN,NaN,NaN,NaN,NaN,NaN,NaN,TD,NW,b,b,NaN,NaN,NaN,NaN,NaN,NaN,
1980100318,l14.1980,9X-L14,TY,NN,38.5,338.6,25,1007,62,8,62,8,NaN,NaN,NaN,NaN,NaN,NaN,NaN,NaN,NaN,NaN,TD,NW,b,b,NaN,NaN,NaN,NaN,NaN,NaN,
1980100400,l14.1980,9X-L14,TY,NN,37.7,338.2,25,1006,151,6,151,6,NaN,NaN,NaN,NaN,NaN,NaN,NaN,NaN,NaN,NaN,TD,NW,b,b,NaN,NaN,NaN,NaN,NaN,NaN,
1980100406,l14.1980,9X-L14,TY,NN,37.0,337.3,25,1005,214,9,214,9,NaN,NaN,NaN,NaN,NaN,NaN,NaN,NaN,NaN,NaN,TD,NW,b,b,NaN,NaN,NaN,NaN,NaN,NaN,
1980100412,l14.1980,9X-L14,TY,NN,36.5,336.5,30,1000,228,9,228,9,NaN,NaN,NaN,NaN,NaN,NaN,NaN,NaN,NaN,NaN,TD,NW,b,b,NaN,NaN,NaN,NaN,NaN,NaN,
1980100418,l14.1980,9X-L14,TY,NN,35.6,335.4,40,998,228,10,228,10,NaN,NaN,NaN,NaN,NaN,NaN,NaN,NaN,NaN,NaN,TS,NW,b,b,NaN,NaN,NaN,NaN,NaN,NaN,
1980100500,l14.1980,9X-L14,TY,NN,34.4,334.3,50,996,220,14,220,14,NaN,NaN,NaN,NaN,NaN,NaN,NaN,NaN,NaN,NaN,TS,NW,b,b,NaN,NaN,NaN,NaN,NaN,NaN,
1980100506,l14.1980,9X-L14,TY,NN,33.4,333.2,55,995,219,14,219,14,NaN,NaN,NaN,NaN,NaN,NaN,NaN,NaN,NaN,NaN,TS,NW,b,b,NaN,NaN,NaN,NaN,NaN,NaN,
1980100512,14l.1980,IVAN,TY,NN,32.4,331.7,60,994,227,15,227,15,NaN,NaN,NaN,NaN,NaN,NaN,NaN,NaN,NaN,NaN,TS,WN,b,b,NaN,NaN,NaN,NaN,NaN,NaN,
1980100518,14l.1980,IVAN,TY,NN,31.3,330.4,60,993,228,16,228,16,NaN,NaN,NaN,NaN,NaN,NaN,NaN,NaN,NaN,NaN,TS,WN,b,b,NaN,NaN,NaN,NaN,NaN,NaN,
1980100600,14l.1980,IVAN,TY,NN,30.0,329.4,65,992,219,16,219,16,NaN,NaN,NaN,NaN,NaN,NaN,NaN,NaN,NaN,NaN,TY,WN,b,b,NaN,NaN,NaN,NaN,NaN,NaN,
1980100606,14l.1980,IVAN,TY,NN,29.1,328.8,75,985,212,13,212,13,NaN,NaN,NaN,NaN,NaN,NaN,NaN,NaN,NaN,NaN,TY,WN,b,b,NaN,NaN,NaN,NaN,NaN,NaN,
1980100612,14l.1980,IVAN,TY,NN,28.5,328.5,85,976,208,8,208,8,NaN,NaN,NaN,NaN,NaN,NaN,NaN,NaN,NaN,NaN,TY,WN,b,b,NaN,NaN,NaN,NaN,NaN,NaN,
1980100618,14l.1980,IVAN,TY,NN,28.0,329.0,90,970,171,6,171,6,NaN,NaN,NaN,NaN,NaN,NaN,NaN,NaN,NaN,NaN,TY,WN,b,b,NaN,NaN,NaN,NaN,NaN,NaN,
1980100700,14l.1980,IVAN,TY,NN,28.0,329.1,90,970,133,4,133,4,NaN,NaN,NaN,NaN,NaN,NaN,NaN,NaN,NaN,NaN,TY,WN,b,b,NaN,NaN,NaN,NaN,NaN,NaN,
1980100706,14l.1980,IVAN,TY,NN,28.5,329.3,90,970,28,3,28,3,NaN,NaN,NaN,NaN,NaN,NaN,NaN,NaN,NaN,NaN,TY,WN,b,b,NaN,NaN,NaN,NaN,NaN,NaN,
1980100712,14l.1980,IVAN,TY,NN,29.3,328.5,90,970,338,7,338,7,NaN,NaN,NaN,NaN,NaN,NaN,NaN,NaN,NaN,NaN,TY,WN,b,b,NaN,NaN,NaN,NaN,NaN,NaN,
1980100718,14l.1980,IVAN,TY,NN,29.9,327.4,90,970,310,11,310,11,NaN,NaN,NaN,NaN,NaN,NaN,NaN,NaN,NaN,NaN,TY,WN,b,b,NaN,NaN,NaN,NaN,NaN,NaN,
1980100800,14l.1980,IVAN,TY,NN,30.0,325.7,90,970,286,13,286,13,NaN,NaN,NaN,NaN,NaN,NaN,NaN,NaN,NaN,NaN,TY,WN,b,b,NaN,NaN,NaN,NaN,NaN,NaN,
1980100806,14l.1980,IVAN,TY,NN,30.6,323.8,90,970,283,16,283,16,NaN,NaN,NaN,NaN,NaN,NaN,NaN,NaN,NaN,NaN,TY,WN,b,b,NaN,NaN,NaN,NaN,NaN,NaN,
1980100812,14l.1980,IVAN,TY,NN,31.2,322.8,90,970,296,14,296,14,NaN,NaN,NaN,NaN,NaN,NaN,NaN,NaN,NaN,NaN,TY,WN,b,b,NaN,NaN,NaN,NaN,NaN,NaN,
1980100818,14l.1980,IVAN,TY,NN,31.5,320.6,90,970,288,14,288,14,NaN,NaN,NaN,NaN,NaN,NaN,NaN,NaN,NaN,NaN,TY,WN,b,b,NaN,NaN,NaN,NaN,NaN,NaN,
1980100900,14l.1980,IVAN,TY,NN,31.6,319.6,90,970,278,14,278,14,NaN,NaN,NaN,NaN,NaN,NaN,NaN,NaN,NaN,NaN,TY,WN,b,b,NaN,NaN,NaN,NaN,NaN,NaN,
1980100906,14l.1980,IVAN,TY,NN,32.2,319.0,90,971,297,8,297,8,NaN,NaN,NaN,NaN,NaN,NaN,NaN,NaN,NaN,NaN,TY,WN,b,b,NaN,NaN,NaN,NaN,NaN,NaN,
1980100912,14l.1980,IVAN,TY,NN,32.9,319.0,90,973,339,7,339,7,NaN,NaN,NaN,NaN,NaN,NaN,NaN,NaN,NaN,NaN,TY,WN,b,b,NaN,NaN,NaN,NaN,NaN,NaN,
1980100918,14l.1980,IVAN,TY,NN,33.7,318.9,90,975,357,8,357,8,NaN,NaN,NaN,NaN,NaN,NaN,NaN,NaN,NaN,NaN,TY,WN,b,b,NaN,NaN,NaN,NaN,NaN,NaN,
1980101000,14l.1980,IVAN,TY,NN,35.0,318.7,90,977,353,11,353,11,NaN,NaN,NaN,NaN,NaN,NaN,NaN,NaN,NaN,NaN,TY,WN,b,b,NaN,NaN,NaN,NaN,NaN,NaN,
1980101006,14l.1980,IVAN,TY,NN,36.3,320.0,90,978,19,14,19,14,NaN,NaN,NaN,NaN,NaN,NaN,NaN,NaN,NaN,NaN,TY,WN,b,b,NaN,NaN,NaN,NaN,NaN,NaN,
1980101012,14l.1980,IVAN,TY,NN,37.6,320.7,90,978,32,15,32,15,NaN,NaN,NaN,NaN,NaN,NaN,NaN,NaN,NaN,NaN,TY,WN,b,b,NaN,NaN,NaN,NaN,NaN,NaN,
1980101018,14l.1980,IVAN,TY,NN,39.6,322.1,80,980,27,18,27,18,NaN,NaN,NaN,NaN,NaN,NaN,NaN,NaN,NaN,NaN,TY,WN,b,b,NaN,NaN,NaN,NaN,NaN,NaN,
1980101100,14l.1980,IVAN,TY,NN,41.9,323.9,75,985,30,25,30,25,NaN,NaN,NaN,NaN,NaN,NaN,NaN,NaN,NaN,NaN,TY,WN,b,b,NaN,NaN,NaN,NaN,NaN,NaN,
1980101106,14l.1980,IVAN,TY,NN,44.5,326.0,70,988,31,28,31,28,NaN,NaN,NaN,NaN,NaN,NaN,NaN,NaN,NaN,NaN,TY,WN,b,b,NaN,NaN,NaN,NaN,NaN,NaN,
1980101112,14l.1980,IVAN,TY,NN,46.8,328.5,65,990,34,30,34,30,NaN,NaN,NaN,NaN,NaN,NaN,NaN,NaN,NaN,NaN,TY,WN,b,b,NaN,NaN,NaN,NaN,NaN,NaN,
1980101118,14l.1980,IVAN,TY,NN,49.7,332.5,65,990,40,34,40,34,NaN,NaN,NaN,NaN,NaN,NaN,NaN,NaN,NaN,NaN,TY,WN,b,b,NaN,NaN,NaN,NaN,NaN,NaN,
1980101200,14l.1980,IVAN,TY,NN,52.5,335.5,60,990,38,36,38,36,NaN,NaN,NaN,NaN,NaN,NaN,NaN,NaN,NaN,NaN,TS,NW,b,b,NaN,NaN,NaN,NaN,NaN,NaN,
1980101600,15l.1980,UNNAMED,TD,NN,16.2,274.8,20,NaN,270,3,270,3,NaN,NaN,NaN,NaN,NaN,NaN,NaN,NaN,NaN,NaN,NT,NW,b,b,NaN,NaN,0.35,NaN,NaN,NaN,
1980101606,15l.1980,UNNAMED,TD,NN,16.2,274.5,25,NaN,270,3,270,3,NaN,NaN,NaN,NaN,NaN,NaN,NaN,NaN,NaN,NaN,TD,NW,b,b,NaN,NaN,0.37,NaN,NaN,NaN,
1980101612,15l.1980,UNNAMED,TD,NN,16.2,274.1,25,NaN,270,3,270,3,NaN,NaN,NaN,NaN,NaN,NaN,NaN,NaN,NaN,NaN,TD,NW,b,b,NaN,NaN,0.37,NaN,NaN,NaN,
1980101618,15l.1980,UNNAMED,TD,NN,16.2,273.7,25,NaN,270,4,270,4,NaN,NaN,NaN,NaN,NaN,NaN,NaN,NaN,NaN,NaN,TD,NW,b,b,NaN,NaN,0.34,NaN,NaN,NaN,
1980101700,15l.1980,UNNAMED,TD,NN,16.2,273.4,25,NaN,270,3,270,3,NaN,NaN,NaN,NaN,NaN,NaN,NaN,NaN,NaN,NaN,TD,NW,b,b,NaN,NaN,0.34,NaN,NaN,NaN,
1980101706,15l.1980,UNNAMED,TD,NN,16.2,273.2,25,NaN,270,2,270,2,NaN,NaN,NaN,NaN,NaN,NaN,NaN,NaN,NaN,NaN,TD,NW,b,b,NaN,NaN,0.30,NaN,NaN,NaN,
1980101712,15l.1980,UNNAMED,TD,NN,16.3,273.0,25,NaN,285,2,285,2,NaN,NaN,NaN,NaN,NaN,NaN,NaN,NaN,NaN,NaN,TD,NW,b,b,NaN,NaN,0.01,NaN,NaN,NaN,
1980101718,15l.1980,UNNAMED,TD,NN,16.4,272.6,20,NaN,289,3,289,3,NaN,NaN,NaN,NaN,NaN,NaN,NaN,NaN,NaN,NaN,NT,NW,b,b,NaN,NaN,NaN,NaN,NaN,NaN,
1980101800,15l.1980,UNNAMED,TD,NN,16.5,272.2,20,NaN,285,4,285,4,NaN,NaN,NaN,NaN,NaN,NaN,NaN,NaN,NaN,NaN,NT,NW,b,b,NaN,NaN,0.10,NaN,NaN,NaN,
1980110718,l16.1980,9X-L16,TY,NN,13.6,277.4,20,1008,342,13,342,13,NaN,NaN,NaN,NaN,NaN,NaN,NaN,NaN,NaN,NaN,NT,NW,b,b,NaN,NaN,NaN,NaN,NaN,NaN,
1980110800,l16.1980,9X-L16,TY,NN,14.7,277.0,20,1006,342,13,342,13,NaN,NaN,NaN,NaN,NaN,NaN,NaN,NaN,NaN,NaN,NT,NW,b,b,NaN,NaN,0.21,NaN,NaN,NaN,
1980110806,l16.1980,9X-L16,TY,NN,16.0,276.6,20,1006,342,13,342,13,NaN,NaN,NaN,NaN,NaN,NaN,NaN,NaN,NaN,NaN,NT,NW,b,b,NaN,NaN,NaN,NaN,NaN,NaN,
1980110812,l16.1980,9X-L16,TY,NN,17.3,276.1,25,1006,342,14,342,14,NaN,NaN,NaN,NaN,NaN,NaN,NaN,NaN,NaN,NaN,TD,NW,b,b,NaN,NaN,NaN,NaN,NaN,NaN,
1980110818,l16.1980,9X-L16,TY,NN,18.6,275.7,30,1005,342,14,342,14,NaN,NaN,NaN,NaN,NaN,NaN,NaN,NaN,NaN,NaN,TD,NW,b,b,NaN,NaN,NaN,NaN,NaN,NaN,
1980110900,l16.1980,9X-L16,TY,NN,19.3,275.4,30,1005,342,11,342,11,NaN,NaN,NaN,NaN,NaN,NaN,NaN,NaN,NaN,NaN,TD,NW,b,b,NaN,NaN,NaN,NaN,NaN,NaN,
1980110906,l16.1980,9X-L16,TY,NN,20.0,275.2,30,1004,341,7,341,7,NaN,NaN,NaN,NaN,NaN,NaN,NaN,NaN,NaN,NaN,TD,NW,b,b,NaN,NaN,NaN,NaN,NaN,NaN,
1980110912,16l.1980,JEANNE,TY,NN,21.5,275.2,40,1000,355,11,355,11,NaN,NaN,NaN,NaN,NaN,NaN,NaN,NaN,NaN,NaN,TS,WN,b,b,NaN,NaN,0.03,NaN,NaN,NaN,
1980110918,16l.1980,JEANNE,TY,NN,21.2,274.8,45,999,343,6,343,6,NaN,NaN,NaN,NaN,NaN,NaN,NaN,NaN,NaN,NaN,TS,WN,b,b,NaN,NaN,NaN,NaN,NaN,NaN,
1980111000,16l.1980,JEANNE,TY,NN,21.7,274.2,50,999,282,5,282,5,NaN,NaN,NaN,NaN,NaN,NaN,NaN,NaN,NaN,NaN,TS,WN,b,b,NaN,NaN,NaN,NaN,NaN,NaN,
1980111006,16l.1980,JEANNE,TY,NN,21.7,274.3,50,999,317,3,317,3,NaN,NaN,NaN,NaN,NaN,NaN,NaN,NaN,NaN,NaN,TS,WN,b,b,NaN,NaN,NaN,NaN,NaN,NaN,
1980111012,16l.1980,JEANNE,TY,NN,22.6,274.5,50,999,17,5,17,5,NaN,NaN,NaN,NaN,NaN,NaN,NaN,NaN,NaN,NaN,TS,WN,b,b,NaN,NaN,NaN,NaN,NaN,NaN,
1980111018,16l.1980,JEANNE,TY,NN,23.1,273.9,50,999,345,7,345,7,NaN,NaN,NaN,NaN,NaN,NaN,NaN,NaN,NaN,NaN,TS,WN,b,b,NaN,NaN,NaN,NaN,NaN,NaN,
1980111100,16l.1980,JEANNE,TY,NN,23.7,273.9,55,998,333,6,333,6,NaN,NaN,NaN,NaN,NaN,NaN,NaN,NaN,NaN,NaN,TS,WN,b,b,NaN,NaN,NaN,NaN,NaN,NaN,
1980111106,16l.1980,JEANNE,TY,NN,24.0,273.0,60,997,317,6,317,6,NaN,NaN,NaN,NaN,NaN,NaN,NaN,NaN,NaN,NaN,TS,WN,b,b,NaN,NaN,NaN,NaN,NaN,NaN,
1980111112,16l.1980,JEANNE,TY,NN,24.4,273.2,65,992,318,5,318,5,NaN,NaN,NaN,NaN,NaN,NaN,NaN,NaN,NaN,NaN,TY,WN,b,b,NaN,NaN,NaN,NaN,NaN,NaN,
1980111118,16l.1980,JEANNE,TY,NN,24.1,272.7,75,986,290,1,290,1,NaN,NaN,NaN,NaN,NaN,NaN,NaN,NaN,NaN,NaN,TY,WN,b,b,NaN,NaN,NaN,NaN,NaN,NaN,
1980111200,16l.1980,JEANNE,TY,NN,24.0,272.7,85,988,229,3,229,3,NaN,NaN,NaN,NaN,NaN,NaN,NaN,NaN,NaN,NaN,TY,WN,b,b,NaN,NaN,NaN,NaN,NaN,NaN,
1980111206,16l.1980,JEANNE,TY,NN,23.9,271.5,70,992,260,6,260,6,NaN,NaN,NaN,NaN,NaN,NaN,NaN,NaN,NaN,NaN,TY,WN,b,b,NaN,NaN,NaN,NaN,NaN,NaN,
1980111212,16l.1980,JEANNE,TY,NN,23.7,270.6,65,994,261,10,261,10,NaN,NaN,NaN,NaN,NaN,NaN,NaN,NaN,NaN,NaN,TY,WN,b,b,NaN,NaN,NaN,NaN,NaN,NaN,
1980111218,16l.1980,JEANNE,TY,NN,24.0,270.5,65,995,276,5,276,5,NaN,NaN,NaN,NaN,NaN,NaN,NaN,NaN,NaN,NaN,TY,WN,b,b,NaN,NaN,NaN,NaN,NaN,NaN,
1980111300,16l.1980,JEANNE,TY,NN,24.0,269.9,55,999,295,4,295,4,NaN,NaN,NaN,NaN,NaN,NaN,NaN,NaN,NaN,NaN,TS,WN,b,b,NaN,NaN,NaN,NaN,NaN,NaN,
1980111306,16l.1980,JEANNE,TY,NN,25.0,269.0,55,997,306,8,306,8,NaN,NaN,NaN,NaN,NaN,NaN,NaN,NaN,NaN,NaN,TS,WN,b,b,NaN,NaN,NaN,NaN,NaN,NaN,
1980111312,16l.1980,JEANNE,TY,NN,25.6,267.0,60,993,301,15,301,15,NaN,NaN,NaN,NaN,NaN,NaN,NaN,NaN,NaN,NaN,TS,WN,b,b,NaN,NaN,NaN,NaN,NaN,NaN,
1980111318,16l.1980,JEANNE,TY,NN,25.7,265.8,60,994,284,15,284,15,NaN,NaN,NaN,NaN,NaN,NaN,NaN,NaN,NaN,NaN,TS,WN,b,b,NaN,NaN,NaN,NaN,NaN,NaN,
1980111400,16l.1980,JEANNE,TY,NN,25.5,265.1,55,996,267,9,267,9,NaN,NaN,NaN,NaN,NaN,NaN,NaN,NaN,NaN,NaN,TS,WN,b,b,NaN,NaN,NaN,NaN,NaN,NaN,
1980111406,16l.1980,JEANNE,TY,NN,25.5,264.8,50,998,257,5,257,5,NaN,NaN,NaN,NaN,NaN,NaN,NaN,NaN,NaN,NaN,TS,WN,b,b,NaN,NaN,NaN,NaN,NaN,NaN,
1980111412,16l.1980,JEANNE,TY,NN,25.7,264.8,50,1002,306,2,306,2,NaN,NaN,NaN,NaN,NaN,NaN,NaN,NaN,NaN,NaN,TS,WN,b,b,NaN,NaN,NaN,NaN,NaN,NaN,
1980111418,16l.1980,JEANNE,TY,NN,25.8,265.2,40,1002,50,2,50,2,NaN,NaN,NaN,NaN,NaN,NaN,NaN,NaN,NaN,NaN,TS,WN,b,b,NaN,NaN,NaN,NaN,NaN,NaN,
1980111500,16l.1980,JEANNE,TY,NN,26.2,265.6,30,1004,55,4,55,4,NaN,NaN,NaN,NaN,NaN,NaN,NaN,NaN,NaN,NaN,TD,NW,b,b,NaN,NaN,NaN,NaN,NaN,NaN,
1980111506,16l.1980,JEANNE,TY,NN,26.3,266.3,30,1004,63,6,63,6,NaN,NaN,NaN,NaN,NaN,NaN,NaN,NaN,NaN,NaN,TD,NW,b,b,NaN,NaN,NaN,NaN,NaN,NaN,
1980111512,16l.1980,JEANNE,TY,NN,26.2,266.8,25,1005,90,5,90,5,NaN,NaN,NaN,NaN,NaN,NaN,NaN,NaN,NaN,NaN,TD,NW,b,b,NaN,NaN,NaN,NaN,NaN,NaN,
1980111518,16l.1980,JEANNE,TY,NN,25.9,267.1,20,1006,119,4,119,4,NaN,NaN,NaN,NaN,NaN,NaN,NaN,NaN,NaN,NaN,NT,NW,b,b,NaN,NaN,NaN,NaN,NaN,NaN,
1980111600,16l.1980,JEANNE,TY,NN,25.4,267.0,20,1007,167,4,167,4,NaN,NaN,NaN,NaN,NaN,NaN,NaN,NaN,NaN,NaN,NT,NW,b,b,NaN,NaN,NaN,NaN,NaN,NaN,
1980111606,16l.1980,JEANNE,TY,NN,25.2,266.9,20,1007,194,4,194,4,NaN,NaN,NaN,NaN,NaN,NaN,NaN,NaN,NaN,NaN,NT,NW,b,b,NaN,NaN,NaN,NaN,NaN,NaN,
1980111212,17l.1980,UNNAMED,TD,NN,13.0,280.0,20,NaN,311,8,311,8,NaN,NaN,NaN,NaN,NaN,NaN,NaN,NaN,NaN,NaN,NT,NW,b,b,NaN,NaN,NaN,NaN,NaN,NaN,
1980111218,17l.1980,UNNAMED,TD,NN,13.4,279.3,20,NaN,311,8,311,8,NaN,NaN,NaN,NaN,NaN,NaN,NaN,NaN,NaN,NaN,NT,NW,b,b,NaN,NaN,NaN,NaN,NaN,NaN,
1980111300,17l.1980,UNNAMED,TD,NN,14.0,278.8,25,NaN,311,8,311,8,NaN,NaN,NaN,NaN,NaN,NaN,NaN,NaN,NaN,NaN,TD,NW,b,b,NaN,NaN,NaN,NaN,NaN,NaN,
1980111306,17l.1980,UNNAMED,TD,NN,14.4,278.1,25,NaN,311,8,311,8,NaN,NaN,NaN,NaN,NaN,NaN,NaN,NaN,NaN,NaN,TD,NW,b,b,NaN,NaN,NaN,NaN,NaN,NaN,
1980111312,17l.1980,UNNAMED,TD,NN,15.0,277.6,30,NaN,311,8,311,8,NaN,NaN,NaN,NaN,NaN,NaN,NaN,NaN,NaN,NaN,TD,NW,b,b,NaN,NaN,NaN,NaN,NaN,NaN,
1980111318,17l.1980,UNNAMED,TD,NN,15.9,277.0,30,NaN,325,9,325,9,NaN,NaN,NaN,NaN,NaN,NaN,NaN,NaN,NaN,NaN,TD,NW,b,b,NaN,NaN,NaN,NaN,NaN,NaN,
1980111400,17l.1980,UNNAMED,TD,NN,16.4,276.5,30,NaN,323,9,323,9,NaN,NaN,NaN,NaN,NaN,NaN,NaN,NaN,NaN,NaN,TD,NW,b,b,NaN,NaN,NaN,NaN,NaN,NaN,
1980111406,17l.1980,UNNAMED,TD,NN,17.1,276.2,30,NaN,327,7,327,7,NaN,NaN,NaN,NaN,NaN,NaN,NaN,NaN,NaN,NaN,TD,NW,b,b,NaN,NaN,NaN,NaN,NaN,NaN,
1980111412,17l.1980,UNNAMED,TD,NN,18.0,276.1,30,NaN,347,8,347,8,NaN,NaN,NaN,NaN,NaN,NaN,NaN,NaN,NaN,NaN,TD,NW,b,b,NaN,NaN,NaN,NaN,NaN,NaN,
1980111418,17l.1980,UNNAMED,TD,NN,18.8,276.2,30,NaN,360,8,360,8,NaN,NaN,NaN,NaN,NaN,NaN,NaN,NaN,NaN,NaN,TD,NW,b,b,NaN,NaN,NaN,NaN,NaN,NaN,
1980111500,17l.1980,UNNAMED,TD,NN,19.4,276.4,30,NaN,11,7,11,7,NaN,NaN,NaN,NaN,NaN,NaN,NaN,NaN,NaN,NaN,TD,NW,b,b,NaN,NaN,NaN,NaN,NaN,NaN,
1980111506,17l.1980,UNNAMED,TD,NN,20.0,276.7,30,NaN,21,6,21,6,NaN,NaN,NaN,NaN,NaN,NaN,NaN,NaN,NaN,NaN,TD,NW,b,b,NaN,NaN,NaN,NaN,NaN,NaN,
1980111512,17l.1980,UNNAMED,TD,NN,20.7,277.0,30,NaN,23,7,23,7,NaN,NaN,NaN,NaN,NaN,NaN,NaN,NaN,NaN,NaN,TD,NW,b,b,NaN,NaN,NaN,NaN,NaN,NaN,
1980111518,17l.1980,UNNAMED,TD,NN,21.1,277.1,30,NaN,19,6,19,6,NaN,NaN,NaN,NaN,NaN,NaN,NaN,NaN,NaN,NaN,TD,NW,b,b,NaN,NaN,0.04,NaN,NaN,NaN,
1980111600,17l.1980,UNNAMED,TD,NN,21.7,277.2,25,NaN,11,5,11,5,NaN,NaN,NaN,NaN,NaN,NaN,NaN,NaN,NaN,NaN,TD,NW,b,b,NaN,NaN,0.23,NaN,NaN,NaN,
1980111606,17l.1980,UNNAMED,TD,NN,22.2,277.3,25,NaN,10,6,10,6,NaN,NaN,NaN,NaN,NaN,NaN,NaN,NaN,NaN,NaN,TD,NW,b,b,NaN,NaN,0.19,NaN,NaN,NaN,
1980111612,17l.1980,UNNAMED,TD,NN,22.9,277.2,25,NaN,360,6,360,6,NaN,NaN,NaN,NaN,NaN,NaN,NaN,NaN,NaN,NaN,TD,NW,b,b,NaN,NaN,0.43,NaN,NaN,NaN,
1980111618,17l.1980,UNNAMED,TD,NN,23.9,277.1,30,NaN,354,9,354,9,NaN,NaN,NaN,NaN,NaN,NaN,NaN,NaN,NaN,NaN,TD,NW,b,b,NaN,NaN,NaN,NaN,NaN,NaN,
1980111700,17l.1980,UNNAMED,TD,NN,24.4,277.0,30,NaN,353,8,353,8,NaN,NaN,NaN,NaN,NaN,NaN,NaN,NaN,NaN,NaN,TD,NW,b,b,NaN,NaN,NaN,NaN,NaN,NaN,
1980111706,17l.1980,UNNAMED,TD,NN,25.2,276.8,30,NaN,348,7,348,7,NaN,NaN,NaN,NaN,NaN,NaN,NaN,NaN,NaN,NaN,TD,NW,b,b,NaN,NaN,NaN,NaN,NaN,NaN,
1980111712,17l.1980,UNNAMED,TD,NN,26.0,276.5,30,NaN,344,8,344,8,NaN,NaN,NaN,NaN,NaN,NaN,NaN,NaN,NaN,NaN,TD,NW,b,b,NaN,NaN,NaN,NaN,NaN,NaN,
1980111718,17l.1980,UNNAMED,TD,NN,27.2,276.8,25,NaN,360,10,360,10,NaN,NaN,NaN,NaN,NaN,NaN,NaN,NaN,NaN,NaN,TD,NW,b,b,NaN,NaN,0.02,NaN,NaN,NaN,
1980111800,17l.1980,UNNAMED,TD,NN,28.0,277.0,25,NaN,13,10,13,10,NaN,NaN,NaN,NaN,NaN,NaN,NaN,NaN,NaN,NaN,TD,NW,b,b,NaN,NaN,0.18,NaN,NaN,NaN,
1980111806,17l.1980,UNNAMED,TD,NN,29.0,278.0,20,NaN,30,10,30,10,NaN,NaN,NaN,NaN,NaN,NaN,NaN,NaN,NaN,NaN,NT,NW,b,b,NaN,NaN,0.92,NaN,NaN,NaN,
1980111812,17l.1980,UNNAMED,TD,NN,30.0,279.0,20,NaN,41,13,41,13,NaN,NaN,NaN,NaN,NaN,NaN,NaN,NaN,NaN,NaN,NT,NW,b,b,NaN,NaN,0.18,NaN,NaN,NaN,
1980112500,l18.1980,9X-L18,TY,NN,36.0,314.0,50,988,45,9,45,9,NaN,NaN,NaN,NaN,NaN,NaN,NaN,NaN,NaN,NaN,TS,NW,b,b,NaN,NaN,NaN,NaN,NaN,NaN,
1980112506,l18.1980,9X-L18,TY,NN,36.8,315.2,50,988,45,9,45,9,NaN,NaN,NaN,NaN,NaN,NaN,NaN,NaN,NaN,NaN,TS,NW,b,b,NaN,NaN,NaN,NaN,NaN,NaN,
1980112512,l18.1980,9X-L18,TY,NN,37.2,315.5,55,988,45,9,45,9,NaN,NaN,NaN,NaN,NaN,NaN,NaN,NaN,NaN,NaN,TS,NW,b,b,NaN,NaN,NaN,NaN,NaN,NaN,
1980112518,18l.1980,KARL,TY,NN,37.6,315.4,65,988,11,4,11,4,NaN,NaN,NaN,NaN,NaN,NaN,NaN,NaN,NaN,NaN,TY,WN,b,b,NaN,NaN,NaN,NaN,NaN,NaN,
1980112600,18l.1980,KARL,TY,NN,37.5,315.3,70,988,332,2,332,2,NaN,NaN,NaN,NaN,NaN,NaN,NaN,NaN,NaN,NaN,TY,WN,b,b,NaN,NaN,NaN,NaN,NaN,NaN,
1980112606,18l.1980,KARL,TY,NN,37.0,315.8,75,985,152,3,152,3,NaN,NaN,NaN,NaN,NaN,NaN,NaN,NaN,NaN,NaN,TY,WN,b,b,NaN,NaN,NaN,NaN,NaN,NaN,
1980112612,18l.1980,KARL,TY,NN,36.7,316.7,75,985,126,7,126,7,NaN,NaN,NaN,NaN,NaN,NaN,NaN,NaN,NaN,NaN,TY,WN,b,b,NaN,NaN,NaN,NaN,NaN,NaN,
1980112618,18l.1980,KARL,TY,NN,37.0,319.5,75,985,90,15,90,15,NaN,NaN,NaN,NaN,NaN,NaN,NaN,NaN,NaN,NaN,TY,WN,b,b,NaN,NaN,NaN,NaN,NaN,NaN,
1980112700,18l.1980,KARL,TY,NN,37.6,321.7,70,988,77,20,77,20,NaN,NaN,NaN,NaN,NaN,NaN,NaN,NaN,NaN,NaN,TY,WN,b,b,NaN,NaN,NaN,NaN,NaN,NaN,
1980112706,18l.1980,KARL,TY,NN,38.7,323.3,65,990,60,17,60,17,NaN,NaN,NaN,NaN,NaN,NaN,NaN,NaN,NaN,NaN,TY,WN,b,b,NaN,NaN,NaN,NaN,NaN,NaN,
1980112712,18l.1980,KARL,TY,NN,40.0,325.2,65,990,49,18,49,18,NaN,NaN,NaN,NaN,NaN,NaN,NaN,NaN,NaN,NaN,TY,NW,b,b,NaN,NaN,NaN,NaN,NaN,NaN,
1980112718,18l.1980,KARL,TY,NN,42.2,327.3,65,990,41,23,41,23,NaN,NaN,NaN,NaN,NaN,NaN,NaN,NaN,NaN,NaN,TY,NW,b,b,NaN,NaN,NaN,NaN,NaN,NaN,
1980112800,18l.1980,KARL,TY,NN,45.0,328.0,65,990,22,27,22,27,NaN,NaN,NaN,NaN,NaN,NaN,NaN,NaN,NaN,NaN,TY,NW,b,b,NaN,NaN,NaN,NaN,NaN,NaN,
1980060900,e01.1980,9X-E01,TY,NN,8.9,249.0,30,NaN,257,9,257,9,NaN,NaN,NaN,NaN,NaN,NaN,NaN,NaN,NaN,NaN,TD,NW,b,b,NaN,NaN,NaN,NaN,NaN,NaN,
1980060906,e01.1980,9X-E01,TY,NN,8.7,248.2,30,NaN,257,9,257,9,NaN,NaN,NaN,NaN,NaN,NaN,NaN,NaN,NaN,NaN,TD,NW,b,b,NaN,NaN,NaN,NaN,NaN,NaN,
1980060912,e01.1980,9X-E01,TY,NN,8.5,247.2,30,NaN,257,9,257,9,NaN,NaN,NaN,NaN,NaN,NaN,NaN,NaN,NaN,NaN,TD,NW,b,b,NaN,NaN,NaN,NaN,NaN,NaN,
1980060918,01e.1980,AGATHA,TY,NN,8.3,246.3,45,NaN,258,10,258,10,NaN,NaN,NaN,NaN,NaN,NaN,NaN,NaN,NaN,NaN,TS,NW,b,b,NaN,NaN,NaN,NaN,NaN,NaN,
1980061000,01e.1980,AGATHA,TY,NN,8.4,245.5,45,NaN,267,8,267,8,NaN,NaN,NaN,NaN,NaN,NaN,NaN,NaN,NaN,NaN,TS,NW,b,b,NaN,NaN,NaN,NaN,NaN,NaN,
1980061006,01e.1980,AGATHA,TY,NN,8.9,245.3,55,NaN,301,6,301,6,NaN,NaN,NaN,NaN,NaN,NaN,NaN,NaN,NaN,NaN,TS,NW,b,b,NaN,NaN,NaN,NaN,NaN,NaN,
1980061012,01e.1980,AGATHA,TY,NN,9.5,245.2,60,NaN,345,6,345,6,NaN,NaN,NaN,NaN,NaN,NaN,NaN,NaN,NaN,NaN,TS,NW,b,b,NaN,NaN,NaN,NaN,NaN,NaN,
1980061018,01e.1980,AGATHA,TY,NN,9.9,245.1,70,NaN,349,5,349,5,NaN,NaN,NaN,NaN,NaN,NaN,NaN,NaN,NaN,NaN,TY,NW,b,b,NaN,NaN,NaN,NaN,NaN,NaN,
1980061100,01e.1980,AGATHA,TY,NN,10.2,244.8,70,NaN,331,4,331,4,NaN,NaN,NaN,NaN,NaN,NaN,NaN,NaN,NaN,NaN,TY,NW,b,b,NaN,NaN,NaN,NaN,NaN,NaN,
1980061106,01e.1980,AGATHA,TY,NN,10.8,244.0,70,NaN,310,7,310,7,NaN,NaN,NaN,NaN,NaN,NaN,NaN,NaN,NaN,NaN,TY,NW,b,b,NaN,NaN,NaN,NaN,NaN,NaN,
1980061112,01e.1980,AGATHA,TY,NN,11.4,243.2,75,NaN,307,10,307,10,NaN,NaN,NaN,NaN,NaN,NaN,NaN,NaN,NaN,NaN,TY,NW,b,b,NaN,NaN,NaN,NaN,NaN,NaN,
1980061118,01e.1980,AGATHA,TY,NN,12.1,242.2,85,NaN,306,11,306,11,NaN,NaN,NaN,NaN,NaN,NaN,NaN,NaN,NaN,NaN,TY,NW,b,b,NaN,NaN,NaN,NaN,NaN,NaN,
1980061200,01e.1980,AGATHA,TY,NN,12.8,241.3,100,NaN,307,12,307,12,NaN,NaN,NaN,NaN,NaN,NaN,NaN,NaN,NaN,NaN,TY,NW,b,b,NaN,NaN,NaN,NaN,NaN,NaN,
1980061206,01e.1980,AGATHA,TY,NN,13.4,240.1,95,NaN,302,12,302,12,NaN,NaN,NaN,NaN,NaN,NaN,NaN,NaN,NaN,NaN,TY,NW,b,b,NaN,NaN,NaN,NaN,NaN,NaN,
1980061212,01e.1980,AGATHA,TY,NN,14.1,239.0,90,NaN,300,13,300,13,NaN,NaN,NaN,NaN,NaN,NaN,NaN,NaN,NaN,NaN,TY,NW,b,b,NaN,NaN,NaN,NaN,NaN,NaN,
1980061218,01e.1980,AGATHA,TY,NN,14.9,237.9,85,NaN,305,13,305,13,NaN,NaN,NaN,NaN,NaN,NaN,NaN,NaN,NaN,NaN,TY,NW,b,b,NaN,NaN,NaN,NaN,NaN,NaN,
1980061300,01e.1980,AGATHA,TY,NN,15.5,236.8,70,NaN,303,13,303,13,NaN,NaN,NaN,NaN,NaN,NaN,NaN,NaN,NaN,NaN,TY,NW,b,b,NaN,NaN,NaN,NaN,NaN,NaN,
1980061306,01e.1980,AGATHA,TY,NN,16.2,235.7,65,NaN,302,12,302,12,NaN,NaN,NaN,NaN,NaN,NaN,NaN,NaN,NaN,NaN,TY,NW,b,b,NaN,NaN,NaN,NaN,NaN,NaN,
1980061312,01e.1980,AGATHA,TY,NN,16.5,234.4,65,NaN,293,13,293,13,NaN,NaN,NaN,NaN,NaN,NaN,NaN,NaN,NaN,NaN,TY,NW,b,b,NaN,NaN,NaN,NaN,NaN,NaN,
1980061318,01e.1980,AGATHA,TY,NN,16.9,233.2,50,NaN,286,12,286,12,NaN,NaN,NaN,NaN,NaN,NaN,NaN,NaN,NaN,NaN,TS,NW,b,b,NaN,NaN,NaN,NaN,NaN,NaN,
1980061400,01e.1980,AGATHA,TY,NN,16.9,231.8,45,NaN,279,13,279,13,NaN,NaN,NaN,NaN,NaN,NaN,NaN,NaN,NaN,NaN,TS,NW,b,b,NaN,NaN,NaN,NaN,NaN,NaN,
1980061406,01e.1980,AGATHA,TY,NN,17.0,230.6,35,NaN,272,12,272,12,NaN,NaN,NaN,NaN,NaN,NaN,NaN,NaN,NaN,NaN,TS,NW,b,b,NaN,NaN,NaN,NaN,NaN,NaN,
1980061412,01e.1980,AGATHA,TY,NN,17.2,229.3,30,NaN,277,12,277,12,NaN,NaN,NaN,NaN,NaN,NaN,NaN,NaN,NaN,NaN,TD,NW,b,b,NaN,NaN,NaN,NaN,NaN,NaN,
1980061418,01e.1980,AGATHA,TY,NN,17.6,228.3,30,NaN,285,11,285,11,NaN,NaN,NaN,NaN,NaN,NaN,NaN,NaN,NaN,NaN,TD,NW,b,b,NaN,NaN,NaN,NaN,NaN,NaN,
1980061500,01e.1980,AGATHA,TY,NN,17.9,227.2,30,NaN,289,11,289,11,NaN,NaN,NaN,NaN,NaN,NaN,NaN,NaN,NaN,NaN,TD,NW,b,b,NaN,NaN,NaN,NaN,NaN,NaN,
1980061506,01e.1980,AGATHA,TY,NN,18.1,226.2,25,NaN,284,10,284,10,NaN,NaN,NaN,NaN,NaN,NaN,NaN,NaN,NaN,NaN,TD,NW,b,b,NaN,NaN,NaN,NaN,NaN,NaN,
1980061512,01e.1980,AGATHA,TY,NN,18.0,225.2,25,NaN,273,10,273,10,NaN,NaN,NaN,NaN,NaN,NaN,NaN,NaN,NaN,NaN,TD,NW,b,b,NaN,NaN,NaN,NaN,NaN,NaN,
1980061518,01e.1980,AGATHA,TY,NN,17.9,224.0,25,NaN,265,11,265,11,NaN,NaN,NaN,NaN,NaN,NaN,NaN,NaN,NaN,NaN,TD,NW,b,b,NaN,NaN,NaN,NaN,NaN,NaN,
1980061618,02e.1980,BLAS,TS,NN,11.8,250.1,35,NaN,308,7,308,7,NaN,NaN,NaN,NaN,NaN,NaN,NaN,NaN,NaN,NaN,TS,NW,b,b,NaN,NaN,NaN,NaN,NaN,NaN,
1980061700,02e.1980,BLAS,TS,NN,12.3,249.5,50,NaN,308,7,308,7,NaN,NaN,NaN,NaN,NaN,NaN,NaN,NaN,NaN,NaN,TS,NW,b,b,NaN,NaN,NaN,NaN,NaN,NaN,
1980061706,02e.1980,BLAS,TS,NN,12.7,248.9,50,NaN,308,7,308,7,NaN,NaN,NaN,NaN,NaN,NaN,NaN,NaN,NaN,NaN,TS,NW,b,b,NaN,NaN,NaN,NaN,NaN,NaN,
1980061712,02e.1980,BLAS,TS,NN,13.0,248.2,50,NaN,299,7,299,7,NaN,NaN,NaN,NaN,NaN,NaN,NaN,NaN,NaN,NaN,TS,NW,b,b,NaN,NaN,NaN,NaN,NaN,NaN,
1980061718,02e.1980,BLAS,TS,NN,13.5,247.5,35,NaN,300,8,300,8,NaN,NaN,NaN,NaN,NaN,NaN,NaN,NaN,NaN,NaN,TS,NW,b,b,NaN,NaN,NaN,NaN,NaN,NaN,
1980061800,02e.1980,BLAS,TS,NN,14.2,247.0,45,NaN,316,8,316,8,NaN,NaN,NaN,NaN,NaN,NaN,NaN,NaN,NaN,NaN,TS,NW,b,b,NaN,NaN,NaN,NaN,NaN,NaN,
1980061806,02e.1980,BLAS,TS,NN,14.7,246.3,45,NaN,316,8,316,8,NaN,NaN,NaN,NaN,NaN,NaN,NaN,NaN,NaN,NaN,TS,NW,b,b,NaN,NaN,NaN,NaN,NaN,NaN,
1980061812,02e.1980,BLAS,TS,NN,15.1,245.8,45,NaN,308,7,308,7,NaN,NaN,NaN,NaN,NaN,NaN,NaN,NaN,NaN,NaN,TS,NW,b,b,NaN,NaN,NaN,NaN,NaN,NaN,
1980061818,02e.1980,BLAS,TS,NN,15.5,245.0,35,NaN,303,7,303,7,NaN,NaN,NaN,NaN,NaN,NaN,NaN,NaN,NaN,NaN,TS,NW,b,b,NaN,NaN,NaN,NaN,NaN,NaN,
1980061900,02e.1980,BLAS,TS,NN,15.5,244.6,35,NaN,289,6,289,6,NaN,NaN,NaN,NaN,NaN,NaN,NaN,NaN,NaN,NaN,TS,NW,b,b,NaN,NaN,NaN,NaN,NaN,NaN,
1980061906,02e.1980,BLAS,TS,NN,15.5,244.1,35,NaN,270,4,270,4,NaN,NaN,NaN,NaN,NaN,NaN,NaN,NaN,NaN,NaN,TS,NW,b,b,NaN,NaN,NaN,NaN,NaN,NaN,
1980061912,02e.1980,BLAS,TS,NN,15.6,243.7,30,NaN,277,4,277,4,NaN,NaN,NaN,NaN,NaN,NaN,NaN,NaN,NaN,NaN,TD,NW,b,b,NaN,NaN,NaN,NaN,NaN,NaN,
1980061918,02e.1980,BLAS,TS,NN,15.7,243.3,30,NaN,285,4,285,4,NaN,NaN,NaN,NaN,NaN,NaN,NaN,NaN,NaN,NaN,TD,NW,b,b,NaN,NaN,NaN,NaN,NaN,NaN,
1980062506,e03.1980,9X-E03,TY,NN,13.5,258.6,25,NaN,288,11,288,11,NaN,NaN,NaN,NaN,NaN,NaN,NaN,NaN,NaN,NaN,TD,NW,b,b,NaN,NaN,NaN,NaN,NaN,NaN,
1980062512,e03.1980,9X-E03,TY,NN,13.8,257.5,25,NaN,288,11,288,11,NaN,NaN,NaN,NaN,NaN,NaN,NaN,NaN,NaN,NaN,TD,NW,b,b,NaN,NaN,NaN,NaN,NaN,NaN,
1980062518,03e.1980,CELIA,TY,NN,14.2,256.4,40,NaN,288,11,288,11,NaN,NaN,NaN,NaN,NaN,NaN,NaN,NaN,NaN,NaN,TS,NW,b,b,NaN,NaN,NaN,NaN,NaN,NaN,
1980062600,03e.1980,CELIA,TY,NN,14.6,255.3,45,NaN,291,11,291,11,NaN,NaN,NaN,NaN,NaN,NaN,NaN,NaN,NaN,NaN,TS,NW,b,b,NaN,NaN,NaN,NaN,NaN,NaN,
1980062606,03e.1980,CELIA,TY,NN,14.8,254.2,55,NaN,286,11,286,11,NaN,NaN,NaN,NaN,NaN,NaN,NaN,NaN,NaN,NaN,TS,NW,b,b,NaN,NaN,NaN,NaN,NaN,NaN,
1980062612,03e.1980,CELIA,TY,NN,15.0,253.0,60,NaN,280,11,280,11,NaN,NaN,NaN,NaN,NaN,NaN,NaN,NaN,NaN,NaN,TS,NW,b,b,NaN,NaN,NaN,NaN,NaN,NaN,
1980062618,03e.1980,CELIA,TY,NN,15.3,251.7,65,NaN,282,12,282,12,NaN,NaN,NaN,NaN,NaN,NaN,NaN,NaN,NaN,NaN,TY,NW,b,b,NaN,NaN,NaN,NaN,NaN,NaN,
1980062700,03e.1980,CELIA,TY,NN,15.6,250.5,65,NaN,284,12,284,12,NaN,NaN,NaN,NaN,NaN,NaN,NaN,NaN,NaN,NaN,TY,NW,b,b,NaN,NaN,NaN,NaN,NaN,NaN,
1980062706,03e.1980,CELIA,TY,NN,16.0,249.3,65,NaN,287,12,287,12,NaN,NaN,NaN,NaN,NaN,NaN,NaN,NaN,NaN,NaN,TY,NW,b,b,NaN,NaN,NaN,NaN,NaN,NaN,
1980062712,03e.1980,CELIA,TY,NN,16.5,248.2,65,NaN,292,12,292,12,NaN,NaN,NaN,NaN,NaN,NaN,NaN,NaN,NaN,NaN,TY,NW,b,b,NaN,NaN,NaN,NaN,NaN,NaN,
1980062718,03e.1980,CELIA,TY,NN,17.2,247.2,65,NaN,301,12,301,12,NaN,NaN,NaN,NaN,NaN,NaN,NaN,NaN,NaN,NaN,TY,NW,b,b,NaN,NaN,NaN,NaN,NaN,NaN,
1980062800,03e.1980,CELIA,TY,NN,17.7,246.2,65,NaN,302,11,302,11,NaN,NaN,NaN,NaN,NaN,NaN,NaN,NaN,NaN,NaN,TY,NW,b,b,NaN,NaN,NaN,NaN,NaN,NaN,
1980062806,03e.1980,CELIA,TY,NN,18.2,245.3,65,NaN,299,10,299,10,NaN,NaN,NaN,NaN,NaN,NaN,NaN,NaN,NaN,NaN,TY,NW,b,b,NaN,NaN,NaN,NaN,NaN,NaN,
1980062812,03e.1980,CELIA,TY,NN,18.6,244.4,65,NaN,298,10,298,10,NaN,NaN,NaN,NaN,NaN,NaN,NaN,NaN,NaN,NaN,TY,NW,b,b,NaN,NaN,NaN,NaN,NaN,NaN,
1980062818,03e.1980,CELIA,TY,NN,19.2,243.4,55,NaN,299,10,299,10,NaN,NaN,NaN,NaN,NaN,NaN,NaN,NaN,NaN,NaN,TS,NW,b,b,NaN,NaN,NaN,NaN,NaN,NaN,
1980062900,03e.1980,CELIA,TY,NN,19.8,242.5,50,NaN,304,11,304,11,NaN,NaN,NaN,NaN,NaN,NaN,NaN,NaN,NaN,NaN,TS,NW,b,b,NaN,NaN,NaN,NaN,NaN,NaN,
1980062906,03e.1980,CELIA,TY,NN,20.5,241.7,30,NaN,309,10,309,10,NaN,NaN,NaN,NaN,NaN,NaN,NaN,NaN,NaN,NaN,TD,NW,b,b,NaN,NaN,NaN,NaN,NaN,NaN,
1980062912,03e.1980,CELIA,TY,NN,21.4,240.8,30,NaN,315,11,315,11,NaN,NaN,NaN,NaN,NaN,NaN,NaN,NaN,NaN,NaN,TD,NW,b,b,NaN,NaN,NaN,NaN,NaN,NaN,
1980062918,03e.1980,CELIA,TY,NN,22.1,240.1,25,NaN,317,11,317,11,NaN,NaN,NaN,NaN,NaN,NaN,NaN,NaN,NaN,NaN,TD,NW,b,b,NaN,NaN,NaN,NaN,NaN,NaN,
1980070100,e04.1980,9X-E04,TS,NN,13.2,249.6,30,NaN,260,15,260,15,NaN,NaN,NaN,NaN,NaN,NaN,NaN,NaN,NaN,NaN,TD,NW,b,b,NaN,NaN,NaN,NaN,NaN,NaN,
1980070106,e04.1980,9X-E04,TS,NN,13.0,248.2,30,NaN,260,15,260,15,NaN,NaN,NaN,NaN,NaN,NaN,NaN,NaN,NaN,NaN,TD,NW,b,b,NaN,NaN,NaN,NaN,NaN,NaN,
1980070112,e04.1980,9X-E04,TS,NN,12.7,246.6,30,NaN,260,15,260,15,NaN,NaN,NaN,NaN,NaN,NaN,NaN,NaN,NaN,NaN,TD,NW,b,b,NaN,NaN,NaN,NaN,NaN,NaN,
1980070118,e04.1980,9X-E04,TS,NN,12.6,245.2,30,NaN,262,15,262,15,NaN,NaN,NaN,NaN,NaN,NaN,NaN,NaN,NaN,NaN,TD,NW,b,b,NaN,NaN,NaN,NaN,NaN,NaN,
1980070200,e04.1980,9X-E04,TS,NN,12.8,243.3,30,NaN,272,16,272,16,NaN,NaN,NaN,NaN,NaN,NaN,NaN,NaN,NaN,NaN,TD,NW,b,b,NaN,NaN,NaN,NaN,NaN,NaN,
1980070206,04e.1980,DARBY,TS,NN,12.8,241.6,35,NaN,273,18,273,18,NaN,NaN,NaN,NaN,NaN,NaN,NaN,NaN,NaN,NaN,TS,NW,b,b,NaN,NaN,NaN,NaN,NaN,NaN,
1980070212,04e.1980,DARBY,TS,NN,13.3,240.0,45,NaN,279,16,279,16,NaN,NaN,NaN,NaN,NaN,NaN,NaN,NaN,NaN,NaN,TS,NW,b,b,NaN,NaN,NaN,NaN,NaN,NaN,
1980070218,04e.1980,DARBY,TS,NN,14.5,238.7,45,NaN,301,16,301,16,NaN,NaN,NaN,NaN,NaN,NaN,NaN,NaN,NaN,NaN,TS,NW,b,b,NaN,NaN,NaN,NaN,NaN,NaN,
1980070300,04e.1980,DARBY,TS,NN,14.4,236.9,30,NaN,290,16,290,16,NaN,NaN,NaN,NaN,NaN,NaN,NaN,NaN,NaN,NaN,TD,NW,b,b,NaN,NaN,NaN,NaN,NaN,NaN,
1980070306,04e.1980,DARBY,TS,NN,14.4,235.0,25,NaN,268,18,268,18,NaN,NaN,NaN,NaN,NaN,NaN,NaN,NaN,NaN,NaN,TD,NW,b,b,NaN,NaN,NaN,NaN,NaN,NaN,
1980070312,04e.1980,DARBY,TS,NN,14.4,233.3,25,NaN,270,17,270,17,NaN,NaN,NaN,NaN,NaN,NaN,NaN,NaN,NaN,NaN,TD,NW,b,b,NaN,NaN,NaN,NaN,NaN,NaN,
1980070318,04e.1980,DARBY,TS,NN,14.4,231.6,25,NaN,270,16,270,16,NaN,NaN,NaN,NaN,NaN,NaN,NaN,NaN,NaN,NaN,TD,NW,b,b,NaN,NaN,NaN,NaN,NaN,NaN,
1980071200,05e.1980,ESTELLE,TS,NN,15.6,252.3,35,NaN,277,12,277,12,NaN,NaN,NaN,NaN,NaN,NaN,NaN,NaN,NaN,NaN,TS,NW,b,b,NaN,NaN,NaN,NaN,NaN,NaN,
1980071206,05e.1980,ESTELLE,TS,NN,15.7,251.2,40,NaN,277,12,277,12,NaN,NaN,NaN,NaN,NaN,NaN,NaN,NaN,NaN,NaN,TS,NW,b,b,NaN,NaN,NaN,NaN,NaN,NaN,
1980071212,05e.1980,ESTELLE,TS,NN,15.9,249.9,35,NaN,277,12,277,12,NaN,NaN,NaN,NaN,NaN,NaN,NaN,NaN,NaN,NaN,TS,NW,b,b,NaN,NaN,NaN,NaN,NaN,NaN,
1980071218,05e.1980,ESTELLE,TS,NN,16.5,248.7,25,NaN,288,13,288,13,NaN,NaN,NaN,NaN,NaN,NaN,NaN,NaN,NaN,NaN,TD,NW,b,b,NaN,NaN,NaN,NaN,NaN,NaN,
1980071300,05e.1980,ESTELLE,TS,NN,17.2,247.5,25,NaN,299,13,299,13,NaN,NaN,NaN,NaN,NaN,NaN,NaN,NaN,NaN,NaN,TD,NW,b,b,NaN,NaN,NaN,NaN,NaN,NaN,
1980071806,e06.1980,9X-E06,TS,NN,13.1,249.0,30,NaN,316,6,316,6,NaN,NaN,NaN,NaN,NaN,NaN,NaN,NaN,NaN,NaN,TD,NW,b,b,NaN,NaN,NaN,NaN,NaN,NaN,
1980071812,e06.1980,9X-E06,TS,NN,13.5,248.5,30,NaN,316,6,316,6,NaN,NaN,NaN,NaN,NaN,NaN,NaN,NaN,NaN,NaN,TD,NW,b,b,NaN,NaN,NaN,NaN,NaN,NaN,
1980071818,e06.1980,9X-E06,TS,NN,14.0,248.1,30,NaN,316,6,316,6,NaN,NaN,NaN,NaN,NaN,NaN,NaN,NaN,NaN,NaN,TD,NW,b,b,NaN,NaN,NaN,NaN,NaN,NaN,
1980071900,e06.1980,9X-E06,TS,NN,14.6,247.7,30,NaN,325,7,325,7,NaN,NaN,NaN,NaN,NaN,NaN,NaN,NaN,NaN,NaN,TD,NW,b,b,NaN,NaN,NaN,NaN,NaN,NaN,
1980071906,e06.1980,9X-E06,TS,NN,15.0,247.2,30,NaN,319,7,319,7,NaN,NaN,NaN,NaN,NaN,NaN,NaN,NaN,NaN,NaN,TD,NW,b,b,NaN,NaN,NaN,NaN,NaN,NaN,
1980071912,e06.1980,9X-E06,TS,NN,15.4,246.6,30,NaN,307,7,307,7,NaN,NaN,NaN,NaN,NaN,NaN,NaN,NaN,NaN,NaN,TD,NW,b,b,NaN,NaN,NaN,NaN,NaN,NaN,
1980071918,e06.1980,9X-E06,TS,NN,15.8,246.2,25,NaN,310,6,310,6,NaN,NaN,NaN,NaN,NaN,NaN,NaN,NaN,NaN,NaN,TD,NW,b,b,NaN,NaN,NaN,NaN,NaN,NaN,
1980072000,e06.1980,9X-E06,TS,NN,16.3,245.7,30,NaN,316,6,316,6,NaN,NaN,NaN,NaN,NaN,NaN,NaN,NaN,NaN,NaN,TD,NW,b,b,NaN,NaN,NaN,NaN,NaN,NaN,
1980072006,e06.1980,9X-E06,TS,NN,16.6,245.3,30,NaN,313,6,313,6,NaN,NaN,NaN,NaN,NaN,NaN,NaN,NaN,NaN,NaN,TD,NW,b,b,NaN,NaN,NaN,NaN,NaN,NaN,
1980072012,06e.1980,FRANK,TS,NN,16.9,244.8,40,NaN,305,5,305,5,NaN,NaN,NaN,NaN,NaN,NaN,NaN,NaN,NaN,NaN,TS,NW,b,b,NaN,NaN,NaN,NaN,NaN,NaN,
1980072018,06e.1980,FRANK,TS,NN,17.3,244.3,45,NaN,306,6,306,6,NaN,NaN,NaN,NaN,NaN,NaN,NaN,NaN,NaN,NaN,TS,NW,b,b,NaN,NaN,NaN,NaN,NaN,NaN,
1980072100,06e.1980,FRANK,TS,NN,17.8,244.0,35,NaN,320,6,320,6,NaN,NaN,NaN,NaN,NaN,NaN,NaN,NaN,NaN,NaN,TS,NW,b,b,NaN,NaN,NaN,NaN,NaN,NaN,
1980072106,06e.1980,FRANK,TS,NN,18.2,243.6,35,NaN,323,6,323,6,NaN,NaN,NaN,NaN,NaN,NaN,NaN,NaN,NaN,NaN,TS,NW,b,b,NaN,NaN,NaN,NaN,NaN,NaN,
1980072112,06e.1980,FRANK,TS,NN,18.4,242.9,35,NaN,300,6,300,6,NaN,NaN,NaN,NaN,NaN,NaN,NaN,NaN,NaN,NaN,TS,NW,b,b,NaN,NaN,NaN,NaN,NaN,NaN,
1980072118,06e.1980,FRANK,TS,NN,18.4,242.4,30,NaN,280,6,280,6,NaN,NaN,NaN,NaN,NaN,NaN,NaN,NaN,NaN,NaN,TD,NW,b,b,NaN,NaN,NaN,NaN,NaN,NaN,
1980072200,06e.1980,FRANK,TS,NN,18.4,241.7,30,NaN,270,6,270,6,NaN,NaN,NaN,NaN,NaN,NaN,NaN,NaN,NaN,NaN,TD,NW,b,b,NaN,NaN,NaN,NaN,NaN,NaN,
1980072206,06e.1980,FRANK,TS,NN,18.5,241.2,25,NaN,275,6,275,6,NaN,NaN,NaN,NaN,NaN,NaN,NaN,NaN,NaN,NaN,TD,NW,b,b,NaN,NaN,NaN,NaN,NaN,NaN,
1980072212,06e.1980,FRANK,TS,NN,18.5,240.5,20,NaN,275,6,275,6,NaN,NaN,NaN,NaN,NaN,NaN,NaN,NaN,NaN,NaN,NT,NW,b,b,NaN,NaN,NaN,NaN,NaN,NaN,
1980072806,e07.1980,9X-E07,TY,NN,16.8,251.0,25,NaN,293,10,293,10,NaN,NaN,NaN,NaN,NaN,NaN,NaN,NaN,NaN,NaN,TD,NW,b,b,NaN,NaN,NaN,NaN,NaN,NaN,
1980072812,e07.1980,9X-E07,TY,NN,17.1,250.0,25,NaN,293,10,293,10,NaN,NaN,NaN,NaN,NaN,NaN,NaN,NaN,NaN,NaN,TD,NW,b,b,NaN,NaN,NaN,NaN,NaN,NaN,
1980072818,e07.1980,9X-E07,TY,NN,17.6,249.0,30,NaN,293,10,293,10,NaN,NaN,NaN,NaN,NaN,NaN,NaN,NaN,NaN,NaN,TD,NW,b,b,NaN,NaN,NaN,NaN,NaN,NaN,
1980072900,07e.1980,GEORGETTE,TY,NN,18.1,248.1,35,NaN,299,10,299,10,NaN,NaN,NaN,NaN,NaN,NaN,NaN,NaN,NaN,NaN,TS,NW,b,b,NaN,NaN,NaN,NaN,NaN,NaN,
1980072906,07e.1980,GEORGETTE,TY,NN,18.6,247.2,40,NaN,300,10,300,10,NaN,NaN,NaN,NaN,NaN,NaN,NaN,NaN,NaN,NaN,TS,NW,b,b,NaN,NaN,NaN,NaN,NaN,NaN,
1980072912,07e.1980,GEORGETTE,TY,NN,19.3,246.4,40,NaN,307,10,307,10,NaN,NaN,NaN,NaN,NaN,NaN,NaN,NaN,NaN,NaN,TS,NW,b,b,NaN,NaN,NaN,NaN,NaN,NaN,
1980072918,07e.1980,GEORGETTE,TY,NN,19.9,245.5,65,NaN,309,10,309,10,NaN,NaN,NaN,NaN,NaN,NaN,NaN,NaN,NaN,NaN,TY,NW,b,b,NaN,NaN,NaN,NaN,NaN,NaN,
1980073000,07e.1980,GEORGETTE,TY,NN,20.5,244.5,55,NaN,304,11,304,11,NaN,NaN,NaN,NaN,NaN,NaN,NaN,NaN,NaN,NaN,TS,NW,b,b,NaN,NaN,NaN,NaN,NaN,NaN,
1980073006,07e.1980,GEORGETTE,TY,NN,22.4,243.2,50,NaN,319,16,319,16,NaN,NaN,NaN,NaN,NaN,NaN,NaN,NaN,NaN,NaN,TS,NW,b,b,NaN,NaN,NaN,NaN,NaN,NaN,
1980073012,07e.1980,GEORGETTE,TY,NN,22.7,242.0,45,NaN,313,16,313,16,NaN,NaN,NaN,NaN,NaN,NaN,NaN,NaN,NaN,NaN,TS,NW,b,b,NaN,NaN,NaN,NaN,NaN,NaN,
1980073018,07e.1980,GEORGETTE,TY,NN,22.6,240.7,40,NaN,275,12,275,12,NaN,NaN,NaN,NaN,NaN,NaN,NaN,NaN,NaN,NaN,TS,NW,b,b,NaN,NaN,NaN,NaN,NaN,NaN,
1980073100,07e.1980,GEORGETTE,TY,NN,22.0,239.6,30,NaN,252,12,252,12,NaN,NaN,NaN,NaN,NaN,NaN,NaN,NaN,NaN,NaN,TD,NW,b,b,NaN,NaN,NaN,NaN,NaN,NaN,
1980073106,07e.1980,GEORGETTE,TY,NN,22.4,238.3,30,NaN,265,11,265,11,NaN,NaN,NaN,NaN,NaN,NaN,NaN,NaN,NaN,NaN,TD,NW,b,b,NaN,NaN,NaN,NaN,NaN,NaN,
1980073112,07e.1980,GEORGETTE,TY,NN,22.7,237.1,30,NaN,287,12,287,12,NaN,NaN,NaN,NaN,NaN,NaN,NaN,NaN,NaN,NaN,TD,NW,b,b,NaN,NaN,NaN,NaN,NaN,NaN,
1980073118,07e.1980,GEORGETTE,TY,NN,22.6,235.8,25,NaN,275,12,275,12,NaN,NaN,NaN,NaN,NaN,NaN,NaN,NaN,NaN,NaN,TD,NW,b,b,NaN,NaN,NaN,NaN,NaN,NaN,
1980073100,e08.1980,9X-E08,TY,NN,11.0,256.1,30,NaN,274,7,274,7,NaN,NaN,NaN,NaN,NaN,NaN,NaN,NaN,NaN,NaN,TD,NW,b,b,NaN,NaN,NaN,NaN,NaN,NaN,
1980073106,e08.1980,9X-E08,TY,NN,11.0,255.3,30,NaN,274,7,274,7,NaN,NaN,NaN,NaN,NaN,NaN,NaN,NaN,NaN,NaN,TD,NW,b,b,NaN,NaN,NaN,NaN,NaN,NaN,
1980073112,08e.1980,HOWARD,TY,NN,11.1,254.7,40,NaN,274,7,274,7,NaN,NaN,NaN,NaN,NaN,NaN,NaN,NaN,NaN,NaN,TS,NW,b,b,NaN,NaN,NaN,NaN,NaN,NaN,
1980073118,08e.1980,HOWARD,TY,NN,11.2,254.0,40,NaN,279,6,279,6,NaN,NaN,NaN,NaN,NaN,NaN,NaN,NaN,NaN,NaN,TS,NW,b,b,NaN,NaN,NaN,NaN,NaN,NaN,
1980080100,08e.1980,HOWARD,TY,NN,11.3,253.2,50,NaN,278,7,278,7,NaN,NaN,NaN,NaN,NaN,NaN,NaN,NaN,NaN,NaN,TS,NW,b,b,NaN,NaN,NaN,NaN,NaN,NaN,
1980080106,08e.1980,HOWARD,TY,NN,11.5,252.1,55,NaN,279,9,279,9,NaN,NaN,NaN,NaN,NaN,NaN,NaN,NaN,NaN,NaN,TS,NW,b,b,NaN,NaN,NaN,NaN,NaN,NaN,
1980080112,08e.1980,HOWARD,TY,NN,11.7,251.0,60,NaN,281,11,281,11,NaN,NaN,NaN,NaN,NaN,NaN,NaN,NaN,NaN,NaN,TS,NW,b,b,NaN,NaN,NaN,NaN,NaN,NaN,
1980080118,08e.1980,HOWARD,TY,NN,11.9,249.9,60,NaN,281,11,281,11,NaN,NaN,NaN,NaN,NaN,NaN,NaN,NaN,NaN,NaN,TS,NW,b,b,NaN,NaN,NaN,NaN,NaN,NaN,
1980080200,08e.1980,HOWARD,TY,NN,12.6,248.9,70,NaN,294,11,294,11,NaN,NaN,NaN,NaN,NaN,NaN,NaN,NaN,NaN,NaN,TY,NW,b,b,NaN,NaN,NaN,NaN,NaN,NaN,
1980080206,08e.1980,HOWARD,TY,NN,13.1,247.8,75,NaN,300,12,300,12,NaN,NaN,NaN,NaN,NaN,NaN,NaN,NaN,NaN,NaN,TY,NW,b,b,NaN,NaN,NaN,NaN,NaN,NaN,
1980080212,08e.1980,HOWARD,TY,NN,13.8,246.8,75,NaN,300,12,300,12,NaN,NaN,NaN,NaN,NaN,NaN,NaN,NaN,NaN,NaN,TY,NW,b,b,NaN,NaN,NaN,NaN,NaN,NaN,
1980080218,08e.1980,HOWARD,TY,NN,14.6,246.0,75,NaN,311,12,311,12,NaN,NaN,NaN,NaN,NaN,NaN,NaN,NaN,NaN,NaN,TY,NW,b,b,NaN,NaN,NaN,NaN,NaN,NaN,
1980080300,08e.1980,HOWARD,TY,NN,15.5,245.2,80,NaN,318,11,318,11,NaN,NaN,NaN,NaN,NaN,NaN,NaN,NaN,NaN,NaN,TY,NW,b,b,NaN,NaN,NaN,NaN,NaN,NaN,
1980080306,08e.1980,HOWARD,TY,NN,16.2,244.8,80,NaN,324,10,324,10,NaN,NaN,NaN,NaN,NaN,NaN,NaN,NaN,NaN,NaN,TY,NW,b,b,NaN,NaN,NaN,NaN,NaN,NaN,
1980080312,08e.1980,HOWARD,TY,NN,16.9,244.1,80,NaN,323,9,323,9,NaN,NaN,NaN,NaN,NaN,NaN,NaN,NaN,NaN,NaN,TY,NW,b,b,NaN,NaN,NaN,NaN,NaN,NaN,
1980080318,08e.1980,HOWARD,TY,NN,17.4,243.6,70,NaN,316,8,316,8,NaN,NaN,NaN,NaN,NaN,NaN,NaN,NaN,NaN,NaN,TY,NW,b,b,NaN,NaN,NaN,NaN,NaN,NaN,
1980080400,08e.1980,HOWARD,TY,NN,18.0,243.4,85,NaN,329,6,329,6,NaN,NaN,NaN,NaN,NaN,NaN,NaN,NaN,NaN,NaN,TY,NW,b,b,NaN,NaN,NaN,NaN,NaN,NaN,
1980080406,08e.1980,HOWARD,TY,NN,18.6,243.3,90,NaN,347,6,347,6,NaN,NaN,NaN,NaN,NaN,NaN,NaN,NaN,NaN,NaN,TY,NW,b,b,NaN,NaN,NaN,NaN,NaN,NaN,
1980080412,08e.1980,HOWARD,TY,NN,19.3,242.8,80,NaN,336,7,336,7,NaN,NaN,NaN,NaN,NaN,NaN,NaN,NaN,NaN,NaN,TY,NW,b,b,NaN,NaN,NaN,NaN,NaN,NaN,
1980080418,08e.1980,HOWARD,TY,NN,19.9,242.3,80,NaN,324,8,324,8,NaN,NaN,NaN,NaN,NaN,NaN,NaN,NaN,NaN,NaN,TY,NW,b,b,NaN,NaN,NaN,NaN,NaN,NaN,
1980080500,08e.1980,HOWARD,TY,NN,20.5,241.9,80,NaN,325,7,325,7,NaN,NaN,NaN,NaN,NaN,NaN,NaN,NaN,NaN,NaN,TY,NW,b,b,NaN,NaN,NaN,NaN,NaN,NaN,
1980080506,08e.1980,HOWARD,TY,NN,20.9,241.5,70,NaN,323,6,323,6,NaN,NaN,NaN,NaN,NaN,NaN,NaN,NaN,NaN,NaN,TY,NW,b,b,NaN,NaN,NaN,NaN,NaN,NaN,
1980080512,08e.1980,HOWARD,TY,NN,21.3,241.1,65,NaN,317,5,317,5,NaN,NaN,NaN,NaN,NaN,NaN,NaN,NaN,NaN,NaN,TY,NW,b,b,NaN,NaN,NaN,NaN,NaN,NaN,
1980080518,08e.1980,HOWARD,TY,NN,21.8,240.8,65,NaN,324,6,324,6,NaN,NaN,NaN,NaN,NaN,NaN,NaN,NaN,NaN,NaN,TY,NW,b,b,NaN,NaN,NaN,NaN,NaN,NaN,
1980080600,08e.1980,HOWARD,TY,NN,22.3,240.3,60,NaN,323,6,323,6,NaN,NaN,NaN,NaN,NaN,NaN,NaN,NaN,NaN,NaN,TS,NW,b,b,NaN,NaN,NaN,NaN,NaN,NaN,
1980080606,08e.1980,HOWARD,TY,NN,23.0,240.0,50,NaN,328,7,328,7,NaN,NaN,NaN,NaN,NaN,NaN,NaN,NaN,NaN,NaN,TS,NW,b,b,NaN,NaN,NaN,NaN,NaN,NaN,
1980080612,08e.1980,HOWARD,TY,NN,23.6,239.7,45,NaN,337,7,337,7,NaN,NaN,NaN,NaN,NaN,NaN,NaN,NaN,NaN,NaN,TS,NW,b,b,NaN,NaN,NaN,NaN,NaN,NaN,
1980080618,08e.1980,HOWARD,TY,NN,24.3,239.3,40,NaN,334,7,334,7,NaN,NaN,NaN,NaN,NaN,NaN,NaN,NaN,NaN,NaN,TS,NW,b,b,NaN,NaN,NaN,NaN,NaN,NaN,
1980080700,08e.1980,HOWARD,TY,NN,24.8,239.1,35,NaN,335,7,335,7,NaN,NaN,NaN,NaN,NaN,NaN,NaN,NaN,NaN,NaN,TS,NW,b,b,NaN,NaN,NaN,NaN,NaN,NaN,
1980080706,08e.1980,HOWARD,TY,NN,25.3,238.8,25,NaN,336,5,336,5,NaN,NaN,NaN,NaN,NaN,NaN,NaN,NaN,NaN,NaN,TD,NW,b,b,NaN,NaN,NaN,NaN,NaN,NaN,
1980080518,e09.1980,9X-E09,TY,NN,14.9,257.9,25,NaN,270,5,270,5,NaN,NaN,NaN,NaN,NaN,NaN,NaN,NaN,NaN,NaN,TD,NW,b,b,NaN,NaN,NaN,NaN,NaN,NaN,
1980080600,e09.1980,9X-E09,TY,NN,14.8,257.4,25,NaN,270,5,270,5,NaN,NaN,NaN,NaN,NaN,NaN,NaN,NaN,NaN,NaN,TD,NW,b,b,NaN,NaN,NaN,NaN,NaN,NaN,
1980080606,09e.1980,ISIS,TY,NN,14.9,256.8,35,NaN,270,5,270,5,NaN,NaN,NaN,NaN,NaN,NaN,NaN,NaN,NaN,NaN,TS,NW,b,b,NaN,NaN,NaN,NaN,NaN,NaN,
1980080612,09e.1980,ISIS,TY,NN,15.1,256.4,50,NaN,287,5,287,5,NaN,NaN,NaN,NaN,NaN,NaN,NaN,NaN,NaN,NaN,TS,NW,b,b,NaN,NaN,NaN,NaN,NaN,NaN,
1980080618,09e.1980,ISIS,TY,NN,15.4,255.8,55,NaN,297,5,297,5,NaN,NaN,NaN,NaN,NaN,NaN,NaN,NaN,NaN,NaN,TS,NW,b,b,NaN,NaN,NaN,NaN,NaN,NaN,
1980080700,09e.1980,ISIS,TY,NN,15.7,255.4,60,NaN,302,6,302,6,NaN,NaN,NaN,NaN,NaN,NaN,NaN,NaN,NaN,NaN,TS,NW,b,b,NaN,NaN,NaN,NaN,NaN,NaN,
1980080706,09e.1980,ISIS,TY,NN,16.2,254.8,60,NaN,310,6,310,6,NaN,NaN,NaN,NaN,NaN,NaN,NaN,NaN,NaN,NaN,TS,NW,b,b,NaN,NaN,NaN,NaN,NaN,NaN,
1980080712,09e.1980,ISIS,TY,NN,16.8,254.1,65,NaN,311,8,311,8,NaN,NaN,NaN,NaN,NaN,NaN,NaN,NaN,NaN,NaN,TY,NW,b,b,NaN,NaN,NaN,NaN,NaN,NaN,
1980080718,09e.1980,ISIS,TY,NN,17.4,253.3,70,NaN,310,9,310,9,NaN,NaN,NaN,NaN,NaN,NaN,NaN,NaN,NaN,NaN,TY,NW,b,b,NaN,NaN,NaN,NaN,NaN,NaN,
1980080800,09e.1980,ISIS,TY,NN,18.3,252.5,75,NaN,315,11,315,11,NaN,NaN,NaN,NaN,NaN,NaN,NaN,NaN,NaN,NaN,TY,NW,b,b,NaN,NaN,NaN,NaN,NaN,NaN,
1980080806,09e.1980,ISIS,TY,NN,18.8,251.5,75,NaN,309,11,309,11,NaN,NaN,NaN,NaN,NaN,NaN,NaN,NaN,NaN,NaN,TY,NW,b,b,NaN,NaN,NaN,NaN,NaN,NaN,
1980080812,09e.1980,ISIS,TY,NN,19.3,250.6,80,NaN,299,10,299,10,NaN,NaN,NaN,NaN,NaN,NaN,NaN,NaN,NaN,NaN,TY,NW,b,b,NaN,NaN,NaN,NaN,NaN,NaN,
1980080818,09e.1980,ISIS,TY,NN,19.6,249.7,85,NaN,295,9,295,9,NaN,NaN,NaN,NaN,NaN,NaN,NaN,NaN,NaN,NaN,TY,NW,b,b,NaN,NaN,NaN,NaN,NaN,NaN,
1980080900,09e.1980,ISIS,TY,NN,19.9,249.1,80,NaN,293,8,293,8,NaN,NaN,NaN,NaN,NaN,NaN,NaN,NaN,NaN,NaN,TY,NW,b,b,NaN,NaN,NaN,NaN,NaN,NaN,
1980080906,09e.1980,ISIS,TY,NN,20.3,248.2,75,NaN,296,8,296,8,NaN,NaN,NaN,NaN,NaN,NaN,NaN,NaN,NaN,NaN,TY,NW,b,b,NaN,NaN,NaN,NaN,NaN,NaN,
1980080912,09e.1980,ISIS,TY,NN,20.6,247.6,75,NaN,296,8,296,8,NaN,NaN,NaN,NaN,NaN,NaN,NaN,NaN,NaN,NaN,TY,NW,b,b,NaN,NaN,NaN,NaN,NaN,NaN,
1980080918,09e.1980,ISIS,TY,NN,21.0,246.8,65,NaN,298,7,298,7,NaN,NaN,NaN,NaN,NaN,NaN,NaN,NaN,NaN,NaN,TY,NW,b,b,NaN,NaN,NaN,NaN,NaN,NaN,
1980081000,09e.1980,ISIS,TY,NN,21.3,246.2,60,NaN,298,7,298,7,NaN,NaN,NaN,NaN,NaN,NaN,NaN,NaN,NaN,NaN,TS,NW,b,b,NaN,NaN,NaN,NaN,NaN,NaN,
1980081006,09e.1980,ISIS,TY,NN,21.6,245.5,60,NaN,296,7,296,7,NaN,NaN,NaN,NaN,NaN,NaN,NaN,NaN,NaN,NaN,TS,NW,b,b,NaN,NaN,NaN,NaN,NaN,NaN,
1980081012,09e.1980,ISIS,TY,NN,21.8,245.0,55,NaN,294,6,294,6,NaN,NaN,NaN,NaN,NaN,NaN,NaN,NaN,NaN,NaN,TS,NW,b,b,NaN,NaN,NaN,NaN,NaN,NaN,
1980081018,09e.1980,ISIS,TY,NN,21.8,244.1,45,NaN,279,7,279,7,NaN,NaN,NaN,NaN,NaN,NaN,NaN,NaN,NaN,NaN,TS,NW,b,b,NaN,NaN,NaN,NaN,NaN,NaN,
1980081100,09e.1980,ISIS,TY,NN,21.8,243.4,40,NaN,270,7,270,7,NaN,NaN,NaN,NaN,NaN,NaN,NaN,NaN,NaN,NaN,TS,NW,b,b,NaN,NaN,NaN,NaN,NaN,NaN,
1980081106,09e.1980,ISIS,TY,NN,21.8,243.1,30,NaN,270,5,270,5,NaN,NaN,NaN,NaN,NaN,NaN,NaN,NaN,NaN,NaN,TD,NW,b,b,NaN,NaN,NaN,NaN,NaN,NaN,
1980081112,09e.1980,ISIS,TY,NN,21.8,242.8,30,NaN,270,3,270,3,NaN,NaN,NaN,NaN,NaN,NaN,NaN,NaN,NaN,NaN,TD,NW,b,b,NaN,NaN,NaN,NaN,NaN,NaN,
1980082218,e10.1980,9X-E10,TY,NN,13.3,255.3,25,NaN,297,10,297,10,NaN,NaN,NaN,NaN,NaN,NaN,NaN,NaN,NaN,NaN,TD,NW,b,b,NaN,NaN,NaN,NaN,NaN,NaN,
1980082300,e10.1980,9X-E10,TY,NN,13.8,254.5,30,NaN,297,10,297,10,NaN,NaN,NaN,NaN,NaN,NaN,NaN,NaN,NaN,NaN,TD,NW,b,b,NaN,NaN,NaN,NaN,NaN,NaN,
1980082306,e10.1980,9X-E10,TY,NN,14.2,253.5,30,NaN,297,10,297,10,NaN,NaN,NaN,NaN,NaN,NaN,NaN,NaN,NaN,NaN,TD,NW,b,b,NaN,NaN,NaN,NaN,NaN,NaN,
1980082312,10e.1980,JAVIER,TY,NN,14.6,252.5,45,NaN,292,10,292,10,NaN,NaN,NaN,NaN,NaN,NaN,NaN,NaN,NaN,NaN,TS,NW,b,b,NaN,NaN,NaN,NaN,NaN,NaN,
1980082318,10e.1980,JAVIER,TY,NN,15.0,251.5,50,NaN,292,10,292,10,NaN,NaN,NaN,NaN,NaN,NaN,NaN,NaN,NaN,NaN,TS,NW,b,b,NaN,NaN,NaN,NaN,NaN,NaN,
1980082400,10e.1980,JAVIER,TY,NN,15.5,250.6,65,NaN,296,10,296,10,NaN,NaN,NaN,NaN,NaN,NaN,NaN,NaN,NaN,NaN,TY,NW,b,b,NaN,NaN,NaN,NaN,NaN,NaN,
1980082406,10e.1980,JAVIER,TY,NN,15.9,249.4,70,NaN,294,11,294,11,NaN,NaN,NaN,NaN,NaN,NaN,NaN,NaN,NaN,NaN,TY,NW,b,b,NaN,NaN,NaN,NaN,NaN,NaN,
1980082412,10e.1980,JAVIER,TY,NN,16.1,248.2,70,NaN,285,12,285,12,NaN,NaN,NaN,NaN,NaN,NaN,NaN,NaN,NaN,NaN,TY,NW,b,b,NaN,NaN,NaN,NaN,NaN,NaN,
1980082418,10e.1980,JAVIER,TY,NN,16.4,247.1,95,NaN,283,11,283,11,NaN,NaN,NaN,NaN,NaN,NaN,NaN,NaN,NaN,NaN,TY,NW,b,b,NaN,NaN,NaN,NaN,NaN,NaN,
1980082500,10e.1980,JAVIER,TY,NN,16.7,245.9,100,NaN,285,11,285,11,NaN,NaN,NaN,NaN,NaN,NaN,NaN,NaN,NaN,NaN,TY,NW,b,b,NaN,NaN,NaN,NaN,NaN,NaN,
1980082506,10e.1980,JAVIER,TY,NN,17.2,245.0,100,NaN,292,11,292,11,NaN,NaN,NaN,NaN,NaN,NaN,NaN,NaN,NaN,NaN,TY,NW,b,b,NaN,NaN,NaN,NaN,NaN,NaN,
1980082512,10e.1980,JAVIER,TY,NN,17.6,243.9,100,NaN,295,11,295,11,NaN,NaN,NaN,NaN,NaN,NaN,NaN,NaN,NaN,NaN,TY,NW,b,b,NaN,NaN,NaN,NaN,NaN,NaN,
1980082518,10e.1980,JAVIER,TY,NN,18.0,243.0,90,NaN,293,10,293,10,NaN,NaN,NaN,NaN,NaN,NaN,NaN,NaN,NaN,NaN,TY,NW,b,b,NaN,NaN,NaN,NaN,NaN,NaN,
1980082600,10e.1980,JAVIER,TY,NN,18.4,242.0,75,NaN,294,10,294,10,NaN,NaN,NaN,NaN,NaN,NaN,NaN,NaN,NaN,NaN,TY,NW,b,b,NaN,NaN,NaN,NaN,NaN,NaN,
1980082606,10e.1980,JAVIER,TY,NN,18.7,240.9,70,NaN,289,11,289,11,NaN,NaN,NaN,NaN,NaN,NaN,NaN,NaN,NaN,NaN,TY,NW,b,b,NaN,NaN,NaN,NaN,NaN,NaN,
1980082612,10e.1980,JAVIER,TY,NN,19.1,239.9,70,NaN,289,11,289,11,NaN,NaN,NaN,NaN,NaN,NaN,NaN,NaN,NaN,NaN,TY,NW,b,b,NaN,NaN,NaN,NaN,NaN,NaN,
1980082618,10e.1980,JAVIER,TY,NN,19.4,238.9,65,NaN,290,10,290,10,NaN,NaN,NaN,NaN,NaN,NaN,NaN,NaN,NaN,NaN,TY,NW,b,b,NaN,NaN,NaN,NaN,NaN,NaN,
1980082700,10e.1980,JAVIER,TY,NN,19.7,237.9,65,NaN,288,10,288,10,NaN,NaN,NaN,NaN,NaN,NaN,NaN,NaN,NaN,NaN,TY,NW,b,b,NaN,NaN,NaN,NaN,NaN,NaN,
1980082706,10e.1980,JAVIER,TY,NN,20.1,236.9,55,NaN,290,10,290,10,NaN,NaN,NaN,NaN,NaN,NaN,NaN,NaN,NaN,NaN,TS,NW,b,b,NaN,NaN,NaN,NaN,NaN,NaN,
1980082712,10e.1980,JAVIER,TY,NN,20.4,236.0,45,NaN,291,10,291,10,NaN,NaN,NaN,NaN,NaN,NaN,NaN,NaN,NaN,NaN,TS,NW,b,b,NaN,NaN,NaN,NaN,NaN,NaN,
1980082718,10e.1980,JAVIER,TY,NN,20.7,235.0,35,NaN,289,9,289,9,NaN,NaN,NaN,NaN,NaN,NaN,NaN,NaN,NaN,NaN,TS,NW,b,b,NaN,NaN,NaN,NaN,NaN,NaN,
1980082800,10e.1980,JAVIER,TY,NN,21.4,234.3,30,NaN,302,9,302,9,NaN,NaN,NaN,NaN,NaN,NaN,NaN,NaN,NaN,NaN,TD,NW,b,b,NaN,NaN,NaN,NaN,NaN,NaN,
1980082806,10e.1980,JAVIER,TY,NN,22.1,233.8,30,NaN,321,9,321,9,NaN,NaN,NaN,NaN,NaN,NaN,NaN,NaN,NaN,NaN,TD,NW,b,b,NaN,NaN,NaN,NaN,NaN,NaN,
1980082812,10e.1980,JAVIER,TY,NN,22.8,233.2,25,NaN,324,9,324,9,NaN,NaN,NaN,NaN,NaN,NaN,NaN,NaN,NaN,NaN,TD,NW,b,b,NaN,NaN,NaN,NaN,NaN,NaN,
1980082818,10e.1980,JAVIER,TY,NN,23.5,232.7,25,NaN,324,9,324,9,NaN,NaN,NaN,NaN,NaN,NaN,NaN,NaN,NaN,NaN,TD,NW,b,b,NaN,NaN,NaN,NaN,NaN,NaN,
1980082900,10e.1980,JAVIER,TY,NN,24.3,232.2,20,NaN,329,9,329,9,NaN,NaN,NaN,NaN,NaN,NaN,NaN,NaN,NaN,NaN,NT,NW,b,b,NaN,NaN,NaN,NaN,NaN,NaN,
1980091606,e11.1980,9X-E11,TY,NN,12.7,256.2,30,NaN,285,8,285,8,NaN,NaN,NaN,NaN,NaN,NaN,NaN,NaN,NaN,NaN,TD,NW,b,b,NaN,NaN,NaN,NaN,NaN,NaN,
1980091612,11e.1980,KAY,TY,NN,12.8,255.4,35,NaN,285,8,285,8,NaN,NaN,NaN,NaN,NaN,NaN,NaN,NaN,NaN,NaN,TS,NW,b,b,NaN,NaN,NaN,NaN,NaN,NaN,
1980091618,11e.1980,KAY,TY,NN,13.1,254.7,50,NaN,285,8,285,8,NaN,NaN,NaN,NaN,NaN,NaN,NaN,NaN,NaN,NaN,TS,NW,b,b,NaN,NaN,NaN,NaN,NaN,NaN,
1980091700,11e.1980,KAY,TY,NN,13.5,254.2,60,NaN,301,7,301,7,NaN,NaN,NaN,NaN,NaN,NaN,NaN,NaN,NaN,NaN,TS,NW,b,b,NaN,NaN,NaN,NaN,NaN,NaN,
1980091706,11e.1980,KAY,TY,NN,13.9,253.6,65,NaN,307,7,307,7,NaN,NaN,NaN,NaN,NaN,NaN,NaN,NaN,NaN,NaN,TY,NW,b,b,NaN,NaN,NaN,NaN,NaN,NaN,
1980091712,11e.1980,KAY,TY,NN,14.3,253.0,90,NaN,304,7,304,7,NaN,NaN,NaN,NaN,NaN,NaN,NaN,NaN,NaN,NaN,TY,NW,b,b,NaN,NaN,NaN,NaN,NaN,NaN,
1980091718,11e.1980,KAY,TY,NN,15.1,252.0,90,NaN,308,10,308,10,NaN,NaN,NaN,NaN,NaN,NaN,NaN,NaN,NaN,NaN,TY,NW,b,b,NaN,NaN,NaN,NaN,NaN,NaN,
1980091800,11e.1980,KAY,TY,NN,15.6,250.9,100,NaN,303,12,303,12,NaN,NaN,NaN,NaN,NaN,NaN,NaN,NaN,NaN,NaN,TY,NW,b,b,NaN,NaN,NaN,NaN,NaN,NaN,
1980091806,11e.1980,KAY,TY,NN,16.1,249.6,105,NaN,293,13,293,13,NaN,NaN,NaN,NaN,NaN,NaN,NaN,NaN,NaN,NaN,TY,NW,b,b,NaN,NaN,NaN,NaN,NaN,NaN,
1980091812,11e.1980,KAY,TY,NN,16.6,248.0,115,NaN,290,15,290,15,NaN,NaN,NaN,NaN,NaN,NaN,NaN,NaN,NaN,NaN,TY,NW,b,b,NaN,NaN,NaN,NaN,NaN,NaN,
1980091818,11e.1980,KAY,TY,NN,17.0,246.1,120,NaN,285,17,285,17,NaN,NaN,NaN,NaN,NaN,NaN,NaN,NaN,NaN,NaN,TY,NW,b,b,NaN,NaN,NaN,NaN,NaN,NaN,
1980091900,11e.1980,KAY,TY,NN,17.2,244.3,115,NaN,280,18,280,18,NaN,NaN,NaN,NaN,NaN,NaN,NaN,NaN,NaN,NaN,TY,NW,b,b,NaN,NaN,NaN,NaN,NaN,NaN,
1980091906,11e.1980,KAY,TY,NN,17.3,242.6,100,NaN,275,17,275,17,NaN,NaN,NaN,NaN,NaN,NaN,NaN,NaN,NaN,NaN,TY,NW,b,b,NaN,NaN,NaN,NaN,NaN,NaN,
1980091912,11e.1980,KAY,TY,NN,17.5,241.1,100,NaN,276,15,276,15,NaN,NaN,NaN,NaN,NaN,NaN,NaN,NaN,NaN,NaN,TY,NW,b,b,NaN,NaN,NaN,NaN,NaN,NaN,
1980091918,11e.1980,KAY,TY,NN,17.7,240.0,95,NaN,279,13,279,13,NaN,NaN,NaN,NaN,NaN,NaN,NaN,NaN,NaN,NaN,TY,NW,b,b,NaN,NaN,NaN,NaN,NaN,NaN,
1980092000,11e.1980,KAY,TY,NN,17.9,239.1,80,NaN,282,10,282,10,NaN,NaN,NaN,NaN,NaN,NaN,NaN,NaN,NaN,NaN,TY,NW,b,b,NaN,NaN,NaN,NaN,NaN,NaN,
1980092006,11e.1980,KAY,TY,NN,18.0,238.0,65,NaN,279,10,279,10,NaN,NaN,NaN,NaN,NaN,NaN,NaN,NaN,NaN,NaN,TY,NW,b,b,NaN,NaN,NaN,NaN,NaN,NaN,
1980092012,11e.1980,KAY,TY,NN,18.1,237.0,55,NaN,276,10,276,10,NaN,NaN,NaN,NaN,NaN,NaN,NaN,NaN,NaN,NaN,TS,NW,b,b,NaN,NaN,NaN,NaN,NaN,NaN,
1980092018,11e.1980,KAY,TY,NN,18.1,235.9,45,NaN,273,10,273,10,NaN,NaN,NaN,NaN,NaN,NaN,NaN,NaN,NaN,NaN,TS,NW,b,b,NaN,NaN,NaN,NaN,NaN,NaN,
1980092100,11e.1980,KAY,TY,NN,18.1,234.8,45,NaN,270,10,270,10,NaN,NaN,NaN,NaN,NaN,NaN,NaN,NaN,NaN,NaN,TS,NW,b,b,NaN,NaN,NaN,NaN,NaN,NaN,
1980092106,11e.1980,KAY,TY,NN,18.0,233.7,45,NaN,267,10,267,10,NaN,NaN,NaN,NaN,NaN,NaN,NaN,NaN,NaN,NaN,TS,NW,b,b,NaN,NaN,NaN,NaN,NaN,NaN,
1980092112,11e.1980,KAY,TY,NN,17.8,232.6,45,NaN,262,11,262,11,NaN,NaN,NaN,NaN,NaN,NaN,NaN,NaN,NaN,NaN,TS,NW,b,b,NaN,NaN,NaN,NaN,NaN,NaN,
1980092118,11e.1980,KAY,TY,NN,17.5,231.5,55,NaN,257,11,257,11,NaN,NaN,NaN,NaN,NaN,NaN,NaN,NaN,NaN,NaN,TS,NW,b,b,NaN,NaN,NaN,NaN,NaN,NaN,
1980092200,11e.1980,KAY,TY,NN,17.3,230.3,60,NaN,257,11,257,11,NaN,NaN,NaN,NaN,NaN,NaN,NaN,NaN,NaN,NaN,TS,NW,b,b,NaN,NaN,NaN,NaN,NaN,NaN,
1980092206,11e.1980,KAY,TY,NN,17.3,229.5,55,NaN,264,10,264,10,NaN,NaN,NaN,NaN,NaN,NaN,NaN,NaN,NaN,NaN,TS,NW,b,b,NaN,NaN,NaN,NaN,NaN,NaN,
1980092212,11e.1980,KAY,TY,NN,17.6,228.6,50,NaN,280,8,280,8,NaN,NaN,NaN,NaN,NaN,NaN,NaN,NaN,NaN,NaN,TS,NW,b,b,NaN,NaN,NaN,NaN,NaN,NaN,
1980092218,11e.1980,KAY,TY,NN,18.0,227.6,60,NaN,291,10,291,10,NaN,NaN,NaN,NaN,NaN,NaN,NaN,NaN,NaN,NaN,TS,NW,b,b,NaN,NaN,NaN,NaN,NaN,NaN,
1980092300,11e.1980,KAY,TY,NN,18.5,226.5,70,NaN,294,11,294,11,NaN,NaN,NaN,NaN,NaN,NaN,NaN,NaN,NaN,NaN,TY,NW,b,b,NaN,NaN,NaN,NaN,NaN,NaN,
1980092306,11e.1980,KAY,TY,NN,18.8,225.4,70,NaN,291,11,291,11,NaN,NaN,NaN,NaN,NaN,NaN,NaN,NaN,NaN,NaN,TY,NW,b,b,NaN,NaN,NaN,NaN,NaN,NaN,
1980092312,11e.1980,KAY,TY,NN,19.2,224.3,70,NaN,289,11,289,11,NaN,NaN,NaN,NaN,NaN,NaN,NaN,NaN,NaN,NaN,TY,NW,b,b,NaN,NaN,NaN,NaN,NaN,NaN,
1980092318,11e.1980,KAY,TY,NN,19.5,223.2,70,NaN,289,11,289,11,NaN,NaN,NaN,NaN,NaN,NaN,NaN,NaN,NaN,NaN,TY,NW,b,b,NaN,NaN,NaN,NaN,NaN,NaN,
1980092400,11e.1980,KAY,TY,NN,19.8,222.1,75,NaN,286,11,286,11,NaN,NaN,NaN,NaN,NaN,NaN,NaN,NaN,NaN,NaN,TY,NW,b,b,NaN,NaN,NaN,NaN,NaN,NaN,
1980092406,11e.1980,KAY,TY,NN,20.0,221.2,80,NaN,285,10,285,10,NaN,NaN,NaN,NaN,NaN,NaN,NaN,NaN,NaN,NaN,TY,NW,b,b,NaN,NaN,NaN,NaN,NaN,NaN,
1980092412,11e.1980,KAY,TY,NN,20.3,220.2,80,NaN,286,9,286,9,NaN,NaN,NaN,NaN,NaN,NaN,NaN,NaN,NaN,NaN,TY,NW,b,b,NaN,NaN,NaN,NaN,NaN,NaN,
1980092418,11e.1980,KAY,TY,NN,20.5,219.8,75,NaN,291,7,291,7,NaN,NaN,NaN,NaN,NaN,NaN,NaN,NaN,NaN,NaN,TY,NW,b,b,NaN,NaN,NaN,NaN,NaN,NaN,
1980092500,11e.1980,KAY,TY,NN,21.2,218.8,75,NaN,305,8,305,8,NaN,NaN,NaN,NaN,NaN,NaN,NaN,NaN,NaN,NaN,TY,NW,b,b,NaN,NaN,NaN,NaN,NaN,NaN,
1980092506,11e.1980,KAY,TY,NN,21.7,218.2,75,NaN,309,10,309,10,NaN,NaN,NaN,NaN,NaN,NaN,NaN,NaN,NaN,NaN,TY,NW,b,b,NaN,NaN,NaN,NaN,NaN,NaN,
1980092512,11e.1980,KAY,TY,NN,22.1,217.8,70,NaN,314,6,314,6,NaN,NaN,NaN,NaN,NaN,NaN,NaN,NaN,NaN,NaN,TY,NW,b,b,NaN,NaN,NaN,NaN,NaN,NaN,
1980092518,11e.1980,KAY,TY,NN,22.5,217.5,70,NaN,321,5,321,5,NaN,NaN,NaN,NaN,NaN,NaN,NaN,NaN,NaN,NaN,TY,NW,b,b,NaN,NaN,NaN,NaN,NaN,NaN,
1980092600,11e.1980,KAY,TY,NN,22.9,217.2,70,NaN,325,5,325,5,NaN,NaN,NaN,NaN,NaN,NaN,NaN,NaN,NaN,NaN,TY,NW,b,b,NaN,NaN,NaN,NaN,NaN,NaN,
1980092606,11e.1980,KAY,TY,NN,23.1,216.8,65,NaN,313,4,313,4,NaN,NaN,NaN,NaN,NaN,NaN,NaN,NaN,NaN,NaN,TY,NW,b,b,NaN,NaN,NaN,NaN,NaN,NaN,
1980092612,11e.1980,KAY,TY,NN,23.3,216.7,80,NaN,311,3,311,3,NaN,NaN,NaN,NaN,NaN,NaN,NaN,NaN,NaN,NaN,TY,NW,b,b,NaN,NaN,NaN,NaN,NaN,NaN,
1980092618,11e.1980,KAY,TY,NN,23.3,216.7,65,NaN,335,1,335,1,NaN,NaN,NaN,NaN,NaN,NaN,NaN,NaN,NaN,NaN,TY,NW,b,b,NaN,NaN,NaN,NaN,NaN,NaN,
1980092700,11e.1980,KAY,TY,NN,23.3,216.7,65,NaN,360,0,360,0,NaN,NaN,NaN,NaN,NaN,NaN,NaN,NaN,NaN,NaN,TY,NW,b,b,NaN,NaN,NaN,NaN,NaN,NaN,
1980092706,11e.1980,KAY,TY,NN,23.3,216.7,65,NaN,360,0,360,0,NaN,NaN,NaN,NaN,NaN,NaN,NaN,NaN,NaN,NaN,TY,NW,b,b,NaN,NaN,NaN,NaN,NaN,NaN,
1980092712,11e.1980,KAY,TY,NN,23.4,216.0,55,NaN,279,3,279,3,NaN,NaN,NaN,NaN,NaN,NaN,NaN,NaN,NaN,NaN,TS,NW,b,b,NaN,NaN,NaN,NaN,NaN,NaN,
1980092718,11e.1980,KAY,TY,NN,23.1,215.3,50,NaN,261,7,261,7,NaN,NaN,NaN,NaN,NaN,NaN,NaN,NaN,NaN,NaN,TS,NW,b,b,NaN,NaN,NaN,NaN,NaN,NaN,
1980092800,11e.1980,KAY,TY,NN,22.7,214.1,45,NaN,248,9,248,9,NaN,NaN,NaN,NaN,NaN,NaN,NaN,NaN,NaN,NaN,TS,NW,b,b,NaN,NaN,NaN,NaN,NaN,NaN,
1980092806,11e.1980,KAY,TY,NN,22.5,213.1,40,NaN,254,11,254,11,NaN,NaN,NaN,NaN,NaN,NaN,NaN,NaN,NaN,NaN,TS,NW,b,b,NaN,NaN,NaN,NaN,NaN,NaN,
1980092812,11e.1980,KAY,TY,NN,22.5,212.0,40,NaN,264,10,264,10,NaN,NaN,NaN,NaN,NaN,NaN,NaN,NaN,NaN,NaN,TS,NW,b,b,NaN,NaN,NaN,NaN,NaN,NaN,
1980092818,11e.1980,KAY,TY,NN,23.1,210.7,35,NaN,285,11,285,11,NaN,NaN,NaN,NaN,NaN,NaN,NaN,NaN,NaN,NaN,TS,NW,b,b,NaN,NaN,NaN,NaN,NaN,NaN,
1980092900,11e.1980,KAY,TY,NN,23.5,209.5,35,NaN,293,13,293,13,NaN,NaN,NaN,NaN,NaN,NaN,NaN,NaN,NaN,NaN,TS,NW,b,b,NaN,NaN,NaN,NaN,NaN,NaN,
1980092906,11e.1980,KAY,TY,NN,23.5,208.5,30,NaN,281,10,281,10,NaN,NaN,NaN,NaN,NaN,NaN,NaN,NaN,NaN,NaN,TD,NW,b,b,NaN,NaN,NaN,NaN,NaN,NaN,
1980092912,11e.1980,KAY,TY,NN,23.5,207.4,30,NaN,270,10,270,10,NaN,NaN,NaN,NaN,NaN,NaN,NaN,NaN,NaN,NaN,TD,NW,b,b,NaN,NaN,NaN,NaN,NaN,NaN,
1980092918,11e.1980,KAY,TY,NN,23.8,205.6,30,NaN,276,13,276,13,NaN,NaN,NaN,NaN,NaN,NaN,NaN,NaN,NaN,NaN,TD,NW,b,b,NaN,NaN,NaN,NaN,NaN,NaN,
1980093000,11e.1980,KAY,TY,NN,24.1,204.5,30,NaN,283,14,283,14,NaN,NaN,NaN,NaN,NaN,NaN,NaN,NaN,NaN,NaN,TD,NW,b,b,NaN,NaN,NaN,NaN,NaN,NaN,
1980093006,11e.1980,KAY,TY,NN,24.8,203.1,30,NaN,294,12,294,12,NaN,NaN,NaN,NaN,NaN,NaN,NaN,NaN,NaN,NaN,TD,NW,b,b,NaN,NaN,NaN,NaN,NaN,NaN,
1980093012,11e.1980,KAY,TY,NN,26.3,202.2,25,NaN,317,15,317,15,NaN,NaN,NaN,NaN,NaN,NaN,NaN,NaN,NaN,NaN,TD,NW,b,b,NaN,NaN,NaN,NaN,NaN,NaN,
1980092118,e12.1980,9X-E12,TS,NN,16.2,256.9,30,NaN,278,10,278,10,NaN,NaN,NaN,NaN,NaN,NaN,NaN,NaN,NaN,NaN,TD,NW,b,b,NaN,NaN,NaN,NaN,NaN,NaN,
1980092200,e12.1980,9X-E12,TS,NN,16.5,255.9,30,NaN,278,10,278,10,NaN,NaN,NaN,NaN,NaN,NaN,NaN,NaN,NaN,NaN,TD,NW,b,b,NaN,NaN,NaN,NaN,NaN,NaN,
1980092206,e12.1980,9X-E12,TS,NN,16.5,254.8,30,NaN,278,10,278,10,NaN,NaN,NaN,NaN,NaN,NaN,NaN,NaN,NaN,NaN,TD,NW,b,b,NaN,NaN,NaN,NaN,NaN,NaN,
1980092212,e12.1980,9X-E12,TS,NN,16.7,253.7,30,NaN,275,11,275,11,NaN,NaN,NaN,NaN,NaN,NaN,NaN,NaN,NaN,NaN,TD,NW,b,b,NaN,NaN,NaN,NaN,NaN,NaN,
1980092218,12e.1980,LESTER,TS,NN,16.8,252.6,35,NaN,278,11,278,11,NaN,NaN,NaN,NaN,NaN,NaN,NaN,NaN,NaN,NaN,TS,NW,b,b,NaN,NaN,NaN,NaN,NaN,NaN,
1980092300,12e.1980,LESTER,TS,NN,17.0,251.5,35,NaN,278,11,278,11,NaN,NaN,NaN,NaN,NaN,NaN,NaN,NaN,NaN,NaN,TS,NW,b,b,NaN,NaN,NaN,NaN,NaN,NaN,
1980092306,12e.1980,LESTER,TS,NN,17.3,250.9,35,NaN,287,9,287,9,NaN,NaN,NaN,NaN,NaN,NaN,NaN,NaN,NaN,NaN,TS,NW,b,b,NaN,NaN,NaN,NaN,NaN,NaN,
1980092312,12e.1980,LESTER,TS,NN,17.4,250.4,35,NaN,291,6,291,6,NaN,NaN,NaN,NaN,NaN,NaN,NaN,NaN,NaN,NaN,TS,NW,b,b,NaN,NaN,NaN,NaN,NaN,NaN,
1980092318,12e.1980,LESTER,TS,NN,17.5,250.0,35,NaN,283,4,283,4,NaN,NaN,NaN,NaN,NaN,NaN,NaN,NaN,NaN,NaN,TS,NW,b,b,NaN,NaN,NaN,NaN,NaN,NaN,
1980092400,12e.1980,LESTER,TS,NN,17.6,249.8,35,NaN,289,3,289,3,NaN,NaN,NaN,NaN,NaN,NaN,NaN,NaN,NaN,NaN,TS,NW,b,b,NaN,NaN,NaN,NaN,NaN,NaN,
1980092406,12e.1980,LESTER,TS,NN,17.5,249.4,35,NaN,270,3,270,3,NaN,NaN,NaN,NaN,NaN,NaN,NaN,NaN,NaN,NaN,TS,NW,b,b,NaN,NaN,NaN,NaN,NaN,NaN,
1980092412,12e.1980,LESTER,TS,NN,17.5,249.6,30,NaN,242,1,242,1,NaN,NaN,NaN,NaN,NaN,NaN,NaN,NaN,NaN,NaN,TD,NW,b,b,NaN,NaN,NaN,NaN,NaN,NaN,
1980092418,12e.1980,LESTER,TS,NN,17.5,249.8,30,NaN,90,2,90,2,NaN,NaN,NaN,NaN,NaN,NaN,NaN,NaN,NaN,NaN,TD,NW,b,b,NaN,NaN,NaN,NaN,NaN,NaN,
1980092500,12e.1980,LESTER,TS,NN,17.5,250.0,25,NaN,90,2,90,2,NaN,NaN,NaN,NaN,NaN,NaN,NaN,NaN,NaN,NaN,TD,NW,b,b,NaN,NaN,NaN,NaN,NaN,NaN,
1980101100,e13.1980,9X-E13,TS,NN,12.5,251.8,25,NaN,302,7,302,7,NaN,NaN,NaN,NaN,NaN,NaN,NaN,NaN,NaN,NaN,TD,NW,b,b,NaN,NaN,NaN,NaN,NaN,NaN,
1980101106,13e.1980,MADELINE,TS,NN,12.8,251.2,35,NaN,302,7,302,7,NaN,NaN,NaN,NaN,NaN,NaN,NaN,NaN,NaN,NaN,TS,NW,b,b,NaN,NaN,NaN,NaN,NaN,NaN,
1980101112,13e.1980,MADELINE,TS,NN,13.3,250.5,45,NaN,302,7,302,7,NaN,NaN,NaN,NaN,NaN,NaN,NaN,NaN,NaN,NaN,TS,NW,b,b,NaN,NaN,NaN,NaN,NaN,NaN,
1980101118,13e.1980,MADELINE,TS,NN,14.1,250.0,45,NaN,318,9,318,9,NaN,NaN,NaN,NaN,NaN,NaN,NaN,NaN,NaN,NaN,TS,NW,b,b,NaN,NaN,NaN,NaN,NaN,NaN,
1980101200,13e.1980,MADELINE,TS,NN,14.9,249.5,30,NaN,329,9,329,9,NaN,NaN,NaN,NaN,NaN,NaN,NaN,NaN,NaN,NaN,TD,NW,b,b,NaN,NaN,NaN,NaN,NaN,NaN,
1980101206,13e.1980,MADELINE,TS,NN,15.8,249.0,25,NaN,330,10,330,10,NaN,NaN,NaN,NaN,NaN,NaN,NaN,NaN,NaN,NaN,TD,NW,b,b,NaN,NaN,NaN,NaN,NaN,NaN,
1980102806,14e.1980,NEWTON,TS,NN,16.9,250.1,35,NaN,34,8,34,8,NaN,NaN,NaN,NaN,NaN,NaN,NaN,NaN,NaN,NaN,TS,NW,b,b,NaN,NaN,NaN,NaN,NaN,NaN,
1980102812,14e.1980,NEWTON,TS,NN,17.5,250.5,35,NaN,34,8,34,8,NaN,NaN,NaN,NaN,NaN,NaN,NaN,NaN,NaN,NaN,TS,NW,b,b,NaN,NaN,NaN,NaN,NaN,NaN,
1980102818,14e.1980,NEWTON,TS,NN,18.3,251.1,35,NaN,34,8,34,8,NaN,NaN,NaN,NaN,NaN,NaN,NaN,NaN,NaN,NaN,TS,NW,b,b,NaN,NaN,NaN,NaN,NaN,NaN,
1980102900,14e.1980,NEWTON,TS,NN,19.0,251.6,35,NaN,35,9,35,9,NaN,NaN,NaN,NaN,NaN,NaN,NaN,NaN,NaN,NaN,TS,NW,b,b,NaN,NaN,NaN,NaN,NaN,NaN,
1980102906,14e.1980,NEWTON,TS,NN,19.8,252.1,30,NaN,32,9,32,9,NaN,NaN,NaN,NaN,NaN,NaN,NaN,NaN,NaN,NaN,TD,NW,b,b,NaN,NaN,NaN,NaN,NaN,NaN,
1980102912,14e.1980,NEWTON,TS,NN,20.5,253.0,25,NaN,41,10,41,10,NaN,NaN,NaN,NaN,NaN,NaN,NaN,NaN,NaN,NaN,TD,NW,b,b,NaN,NaN,NaN,NaN,NaN,NaN,
1980101006,b01.1980,9X-B01,TS,NN,8.8,92.3,25,NaN,71,5,71,5,NaN,NaN,NaN,NaN,NaN,NaN,NaN,NaN,NaN,NaN,TD,NW,b,b,NaN,NaN,NaN,NaN,NaN,NaN,
1980101012,b01.1980,9X-B01,TS,NN,8.9,92.8,25,NaN,71,5,71,5,NaN,NaN,NaN,NaN,NaN,NaN,NaN,NaN,NaN,NaN,TD,NW,b,b,NaN,NaN,NaN,NaN,NaN,NaN,
1980101018,b01.1980,9X-B01,TS,NN,9.1,93.2,25,NaN,71,5,71,5,NaN,NaN,NaN,NaN,NaN,NaN,NaN,NaN,NaN,NaN,TD,NW,b,b,NaN,NaN,NaN,NaN,NaN,NaN,
1980101100,b01.1980,9X-B01,TS,NN,9.4,93.5,20,NaN,54,4,54,4,NaN,NaN,NaN,NaN,NaN,NaN,NaN,NaN,NaN,NaN,NT,NW,b,b,NaN,NaN,NaN,NaN,NaN,NaN,
1980101106,b01.1980,9X-B01,TS,NN,9.6,93.3,20,NaN,11,3,11,3,NaN,NaN,NaN,NaN,NaN,NaN,NaN,NaN,NaN,NaN,NT,NW,b,b,NaN,NaN,NaN,NaN,NaN,NaN,
1980101112,b01.1980,9X-B01,TS,NN,9.7,92.9,25,NaN,297,3,297,3,NaN,NaN,NaN,NaN,NaN,NaN,NaN,NaN,NaN,NaN,TD,NW,b,b,NaN,NaN,NaN,NaN,NaN,NaN,
1980101118,b01.1980,9X-B01,TS,NN,9.7,92.5,25,NaN,277,4,277,4,NaN,NaN,NaN,NaN,NaN,NaN,NaN,NaN,NaN,NaN,TD,NW,b,b,NaN,NaN,NaN,NaN,NaN,NaN,
1980101200,b01.1980,9X-B01,TS,NN,9.8,92.1,25,NaN,277,4,277,4,NaN,NaN,NaN,NaN,NaN,NaN,NaN,NaN,NaN,NaN,TD,NW,b,b,NaN,NaN,NaN,NaN,NaN,NaN,
1980101206,b01.1980,9X-B01,TS,NN,10.1,91.8,25,NaN,300,4,300,4,NaN,NaN,NaN,NaN,NaN,NaN,NaN,NaN,NaN,NaN,TD,NW,b,b,NaN,NaN,NaN,NaN,NaN,NaN,
1980101212,b01.1980,9X-B01,TS,NN,10.7,91.7,25,NaN,336,5,336,5,NaN,NaN,NaN,NaN,NaN,NaN,NaN,NaN,NaN,NaN,TD,NW,b,b,NaN,NaN,NaN,NaN,NaN,NaN,
1980101218,b01.1980,9X-B01,TS,NN,11.0,92.0,25,NaN,12,5,12,5,NaN,NaN,NaN,NaN,NaN,NaN,NaN,NaN,NaN,NaN,TD,NW,b,b,NaN,NaN,0.04,NaN,NaN,NaN,
1980101300,b01.1980,9X-B01,TS,NN,11.2,92.4,25,NaN,54,4,54,4,NaN,NaN,NaN,NaN,NaN,NaN,NaN,NaN,NaN,NaN,TD,NW,b,b,NaN,NaN,0.07,NaN,NaN,NaN,
1980101306,b01.1980,9X-B01,TS,NN,11.3,93.0,25,NaN,73,5,73,5,NaN,NaN,NaN,NaN,NaN,NaN,NaN,NaN,NaN,NaN,TD,NW,b,b,NaN,NaN,0.10,NaN,NaN,NaN,
1980101312,b01.1980,9X-B01,TS,NN,11.4,93.5,25,NaN,79,5,79,5,NaN,NaN,NaN,NaN,NaN,NaN,NaN,NaN,NaN,NaN,TD,NW,b,b,NaN,NaN,NaN,NaN,NaN,NaN,
1980101318,b01.1980,9X-B01,TS,NN,11.1,93.9,25,NaN,103,5,103,5,NaN,NaN,NaN,NaN,NaN,NaN,NaN,NaN,NaN,NaN,TD,NW,b,b,NaN,NaN,NaN,NaN,NaN,NaN,
1980101400,b01.1980,9X-B01,TS,NN,10.9,94.0,25,NaN,136,4,136,4,NaN,NaN,NaN,NaN,NaN,NaN,NaN,NaN,NaN,NaN,TD,NW,b,b,NaN,NaN,NaN,NaN,NaN,NaN,
1980101406,b01.1980,9X-B01,TS,NN,10.6,93.9,25,NaN,180,2,180,2,NaN,NaN,NaN,NaN,NaN,NaN,NaN,NaN,NaN,NaN,TD,NW,b,b,NaN,NaN,NaN,NaN,NaN,NaN,
1980101412,b01.1980,9X-B01,TS,NN,10.4,93.6,25,NaN,218,3,218,3,NaN,NaN,NaN,NaN,NaN,NaN,NaN,NaN,NaN,NaN,TD,NW,b,b,NaN,NaN,NaN,NaN,NaN,NaN,
1980101418,b01.1980,9X-B01,TS,NN,10.1,92.7,25,NaN,247,6,247,6,NaN,NaN,NaN,NaN,NaN,NaN,NaN,NaN,NaN,NaN,TD,NW,b,b,NaN,NaN,NaN,NaN,NaN,NaN,
1980101500,b01.1980,9X-B01,TS,NN,9.9,91.5,25,NaN,256,11,256,11,NaN,NaN,NaN,NaN,NaN,NaN,NaN,NaN,NaN,NaN,TD,NW,b,b,NaN,NaN,NaN,NaN,NaN,NaN,
1980101506,b01.1980,9X-B01,TS,NN,9.8,90.2,25,NaN,263,12,263,12,NaN,NaN,NaN,NaN,NaN,NaN,NaN,NaN,NaN,NaN,TD,NW,b,b,NaN,NaN,NaN,NaN,NaN,NaN,
1980101512,b01.1980,9X-B01,TS,NN,10.1,88.9,25,NaN,274,13,274,13,NaN,NaN,NaN,NaN,NaN,NaN,NaN,NaN,NaN,NaN,TD,NW,b,b,NaN,NaN,NaN,NaN,NaN,NaN,
1980101518,b01.1980,9X-B01,TS,NN,9.7,87.6,25,NaN,268,13,268,13,NaN,NaN,NaN,NaN,NaN,NaN,NaN,NaN,NaN,NaN,TD,NW,b,b,NaN,NaN,NaN,NaN,NaN,NaN,
1980101600,b01.1980,9X-B01,TS,NN,8.9,86.1,30,NaN,247,15,247,15,NaN,NaN,NaN,NaN,NaN,NaN,NaN,NaN,NaN,NaN,TD,NW,b,b,NaN,NaN,NaN,NaN,NaN,NaN,
1980101606,b01.1980,9X-B01,TS,NN,8.7,84.9,30,NaN,249,14,249,14,NaN,NaN,NaN,NaN,NaN,NaN,NaN,NaN,NaN,NaN,TD,NW,b,b,NaN,NaN,NaN,NaN,NaN,NaN,
1980101612,01b.1980,TC01B,TS,NN,8.6,83.8,35,NaN,262,11,262,11,NaN,NaN,NaN,NaN,NaN,NaN,NaN,NaN,NaN,NaN,TS,NW,b,b,NaN,NaN,NaN,NaN,NaN,NaN,
1980101618,01b.1980,TC01B,TS,NN,8.5,82.9,35,NaN,264,10,264,10,NaN,NaN,NaN,NaN,NaN,NaN,NaN,NaN,NaN,NaN,TS,NW,b,b,NaN,NaN,NaN,NaN,NaN,NaN,
1980101700,01b.1980,TC01B,TS,NN,8.4,82.1,35,NaN,263,8,263,8,NaN,NaN,NaN,NaN,NaN,NaN,NaN,NaN,NaN,NaN,TS,NW,b,b,NaN,NaN,NaN,NaN,NaN,NaN,
1980101706,01b.1980,TC01B,TS,NN,8.3,81.3,30,NaN,263,8,263,8,NaN,NaN,NaN,NaN,NaN,NaN,NaN,NaN,NaN,NaN,TD,NW,b,b,NaN,NaN,0.25,NaN,NaN,NaN,
1980101712,01b.1980,TC01B,TS,NN,8.2,80.5,25,NaN,263,8,263,8,NaN,NaN,NaN,NaN,NaN,NaN,NaN,NaN,NaN,NaN,TD,NW,b,b,NaN,NaN,0.97,NaN,NaN,NaN,
1980101718,01b.1980,TC01B,TS,NN,8.0,79.3,25,NaN,261,10,261,10,NaN,NaN,NaN,NaN,NaN,NaN,NaN,NaN,NaN,NaN,TD,NW,b,b,NaN,NaN,0.19,NaN,NaN,NaN,
1980101800,01b.1980,TC01B,TS,NN,7.8,77.5,25,NaN,262,15,262,15,NaN,NaN,NaN,NaN,NaN,NaN,NaN,NaN,NaN,NaN,TD,NW,b,b,NaN,NaN,0.30,NaN,NaN,NaN,
1980101806,01b.1980,TC01B,TS,NN,7.6,76.2,25,NaN,263,15,263,15,NaN,NaN,NaN,NaN,NaN,NaN,NaN,NaN,NaN,NaN,TD,NW,b,b,NaN,NaN,NaN,NaN,NaN,NaN,
1980101812,01b.1980,TC01B,TS,NN,7.7,75.0,25,NaN,268,12,268,12,NaN,NaN,NaN,NaN,NaN,NaN,NaN,NaN,NaN,NaN,TD,NW,b,b,NaN,NaN,NaN,NaN,NaN,NaN,
1980101818,01b.1980,TC01B,TS,NN,7.8,74.1,25,NaN,275,10,275,10,NaN,NaN,NaN,NaN,NaN,NaN,NaN,NaN,NaN,NaN,TD,NW,b,b,NaN,NaN,NaN,NaN,NaN,NaN,
1980101900,01b.1980,TC01B,TS,NN,8.0,73.2,25,NaN,280,9,280,9,NaN,NaN,NaN,NaN,NaN,NaN,NaN,NaN,NaN,NaN,TD,NW,b,b,NaN,NaN,NaN,NaN,NaN,NaN,
1980101906,01b.1980,TC01B,TS,NN,8.3,72.2,25,NaN,285,10,285,10,NaN,NaN,NaN,NaN,NaN,NaN,NaN,NaN,NaN,NaN,TD,NW,b,b,NaN,NaN,NaN,NaN,NaN,NaN,
1980101912,01b.1980,TC01B,TS,NN,8.9,71.1,25,NaN,293,11,293,11,NaN,NaN,NaN,NaN,NaN,NaN,NaN,NaN,NaN,NaN,TD,NW,b,b,NaN,NaN,NaN,NaN,NaN,NaN,
1980101918,01b.1980,TC01B,TS,NN,9.6,70.0,25,NaN,301,13,301,13,NaN,NaN,NaN,NaN,NaN,NaN,NaN,NaN,NaN,NaN,TD,NW,b,b,NaN,NaN,NaN,NaN,NaN,NaN,
1980102000,01b.1980,TC01B,TS,NN,10.5,69.1,25,NaN,309,13,309,13,NaN,NaN,NaN,NaN,NaN,NaN,NaN,NaN,NaN,NaN,TD,NW,b,b,NaN,NaN,NaN,NaN,NaN,NaN,
1980101600,02a.1980,TC02B,TD,NN,10.1,88.0,NaN,NaN,295,16,295,16,NaN,NaN,NaN,NaN,NaN,NaN,NaN,NaN,NaN,NaN,NT,NW,b,b,NaN,NaN,NaN,NaN,NaN,NaN,
1980101606,02a.1980,TC02B,TD,NN,10.7,86.4,NaN,NaN,295,16,295,16,NaN,NaN,NaN,NaN,NaN,NaN,NaN,NaN,NaN,NaN,NT,NW,b,b,NaN,NaN,NaN,NaN,NaN,NaN,
1980101612,02a.1980,TC02B,TD,NN,11.5,85.0,NaN,NaN,295,16,295,16,NaN,NaN,NaN,NaN,NaN,NaN,NaN,NaN,NaN,NaN,NT,NW,b,b,NaN,NaN,NaN,NaN,NaN,NaN,
1980101618,02a.1980,TC02B,TD,NN,12.7,83.8,NaN,NaN,308,16,308,16,NaN,NaN,NaN,NaN,NaN,NaN,NaN,NaN,NaN,NaN,NT,NW,b,b,NaN,NaN,NaN,NaN,NaN,NaN,
1980101700,02a.1980,TC02B,TD,NN,14.1,82.8,NaN,NaN,320,17,320,17,NaN,NaN,NaN,NaN,NaN,NaN,NaN,NaN,NaN,NaN,NT,NW,b,b,NaN,NaN,NaN,NaN,NaN,NaN,
1980101706,02a.1980,TC02B,TD,NN,15.0,82.3,NaN,NaN,328,14,328,14,NaN,NaN,NaN,NaN,NaN,NaN,NaN,NaN,NaN,NaN,NT,NW,b,b,NaN,NaN,NaN,NaN,NaN,NaN,
1980101712,02a.1980,TC02B,TD,NN,15.5,82.0,NaN,NaN,331,8,331,8,NaN,NaN,NaN,NaN,NaN,NaN,NaN,NaN,NaN,NaN,NT,NW,b,b,NaN,NaN,NaN,NaN,NaN,NaN,
1980101718,02a.1980,TC02B,TD,NN,15.9,81.8,NaN,NaN,332,5,332,5,NaN,NaN,NaN,NaN,NaN,NaN,NaN,NaN,NaN,NaN,NT,NW,b,b,NaN,NaN,0.08,NaN,NaN,NaN,
1980101800,02a.1980,TC02B,TD,NN,16.2,81.7,NaN,NaN,338,4,338,4,NaN,NaN,NaN,NaN,NaN,NaN,NaN,NaN,NaN,NaN,NT,NW,b,b,NaN,NaN,0.23,NaN,NaN,NaN,
1980101806,02a.1980,TC02B,TD,NN,16.3,81.5,NaN,NaN,324,2,324,2,NaN,NaN,NaN,NaN,NaN,NaN,NaN,NaN,NaN,NaN,NT,NW,b,b,NaN,NaN,0.68,NaN,NaN,NaN,
1980101812,02a.1980,TC02B,TD,NN,16.3,81.4,NaN,NaN,289,2,289,2,NaN,NaN,NaN,NaN,NaN,NaN,NaN,NaN,NaN,NaN,NT,NW,b,b,NaN,NaN,0.68,NaN,NaN,NaN,
1980101818,02a.1980,TC02B,TD,NN,16.5,81.3,NaN,NaN,316,1,316,1,NaN,NaN,NaN,NaN,NaN,NaN,NaN,NaN,NaN,NaN,NT,NW,b,b,NaN,NaN,0.68,NaN,NaN,NaN,
1980101900,02a.1980,TC02B,TD,NN,16.8,81.2,NaN,NaN,339,3,339,3,NaN,NaN,NaN,NaN,NaN,NaN,NaN,NaN,NaN,NaN,NT,NW,b,b,NaN,NaN,0.97,NaN,NaN,NaN,
1980111206,b03.1980,9X-B03,TS,NN,11.3,74.3,20,NaN,275,5,275,5,NaN,NaN,NaN,NaN,NaN,NaN,NaN,NaN,NaN,NaN,NT,NW,b,b,NaN,NaN,NaN,NaN,NaN,NaN,
1980111212,b03.1980,9X-B03,TS,NN,11.4,73.7,25,NaN,275,5,275,5,NaN,NaN,NaN,NaN,NaN,NaN,NaN,NaN,NaN,NaN,TD,NW,b,b,NaN,NaN,NaN,NaN,NaN,NaN,
1980111218,b03.1980,9X-B03,TS,NN,11.4,73.2,25,NaN,275,5,275,5,NaN,NaN,NaN,NaN,NaN,NaN,NaN,NaN,NaN,NaN,TD,NW,b,b,NaN,NaN,NaN,NaN,NaN,NaN,
1980111300,b03.1980,9X-B03,TS,NN,11.5,72.7,25,NaN,276,5,276,5,NaN,NaN,NaN,NaN,NaN,NaN,NaN,NaN,NaN,NaN,TD,NW,b,b,NaN,NaN,NaN,NaN,NaN,NaN,
1980111306,b03.1980,9X-B03,TS,NN,11.7,72.2,25,NaN,287,5,287,5,NaN,NaN,NaN,NaN,NaN,NaN,NaN,NaN,NaN,NaN,TD,NW,b,b,NaN,NaN,NaN,NaN,NaN,NaN,
1980111312,b03.1980,9X-B03,TS,NN,11.9,71.7,25,NaN,292,5,292,5,NaN,NaN,NaN,NaN,NaN,NaN,NaN,NaN,NaN,NaN,TD,NW,b,b,NaN,NaN,NaN,NaN,NaN,NaN,
1980111318,b03.1980,9X-B03,TS,NN,12.1,71.4,25,NaN,297,4,297,4,NaN,NaN,NaN,NaN,NaN,NaN,NaN,NaN,NaN,NaN,TD,NW,b,b,NaN,NaN,NaN,NaN,NaN,NaN,
1980111400,b03.1980,9X-B03,TS,NN,12.3,71.2,25,NaN,309,3,309,3,NaN,NaN,NaN,NaN,NaN,NaN,NaN,NaN,NaN,NaN,TD,NW,b,b,NaN,NaN,NaN,NaN,NaN,NaN,
1980111406,b03.1980,9X-B03,TS,NN,12.5,70.9,25,NaN,309,3,309,3,NaN,NaN,NaN,NaN,NaN,NaN,NaN,NaN,NaN,NaN,TD,NW,b,b,NaN,NaN,NaN,NaN,NaN,NaN,
1980111412,b03.1980,9X-B03,TS,NN,12.8,70.6,25,NaN,310,4,310,4,NaN,NaN,NaN,NaN,NaN,NaN,NaN,NaN,NaN,NaN,TD,NW,b,b,NaN,NaN,NaN,NaN,NaN,NaN,
1980111418,b03.1980,9X-B03,TS,NN,13.1,70.3,25,NaN,316,4,316,4,NaN,NaN,NaN,NaN,NaN,NaN,NaN,NaN,NaN,NaN,TD,NW,b,b,NaN,NaN,NaN,NaN,NaN,NaN,
1980111500,b03.1980,9X-B03,TS,NN,13.4,70.0,30,NaN,316,4,316,4,NaN,NaN,NaN,NaN,NaN,NaN,NaN,NaN,NaN,NaN,TD,NW,b,b,NaN,NaN,NaN,NaN,NaN,NaN,
1980111506,b03.1980,9X-B03,TS,NN,13.7,69.8,30,NaN,321,4,321,4,NaN,NaN,NaN,NaN,NaN,NaN,NaN,NaN,NaN,NaN,TD,NW,b,b,NaN,NaN,NaN,NaN,NaN,NaN,
1980111512,b03.1980,9X-B03,TS,NN,14.0,69.6,30,NaN,327,4,327,4,NaN,NaN,NaN,NaN,NaN,NaN,NaN,NaN,NaN,NaN,TD,NW,b,b,NaN,NaN,NaN,NaN,NaN,NaN,
1980111518,b03.1980,9X-B03,TS,NN,14.3,69.2,30,NaN,316,4,316,4,NaN,NaN,NaN,NaN,NaN,NaN,NaN,NaN,NaN,NaN,TD,NW,b,b,NaN,NaN,NaN,NaN,NaN,NaN,
1980111600,b03.1980,9X-B03,TS,NN,14.6,68.8,30,NaN,308,5,308,5,NaN,NaN,NaN,NaN,NaN,NaN,NaN,NaN,NaN,NaN,TD,NW,b,b,NaN,NaN,NaN,NaN,NaN,NaN,
1980111606,b03.1980,9X-B03,TS,NN,14.8,68.5,30,NaN,306,4,306,4,NaN,NaN,NaN,NaN,NaN,NaN,NaN,NaN,NaN,NaN,TD,NW,b,b,NaN,NaN,NaN,NaN,NaN,NaN,
1980111612,b03.1980,9X-B03,TS,NN,15.0,68.1,30,NaN,301,4,301,4,NaN,NaN,NaN,NaN,NaN,NaN,NaN,NaN,NaN,NaN,TD,NW,b,b,NaN,NaN,NaN,NaN,NaN,NaN,
1980111618,b03.1980,9X-B03,TS,NN,15.1,67.7,30,NaN,291,4,291,4,NaN,NaN,NaN,NaN,NaN,NaN,NaN,NaN,NaN,NaN,TD,NW,b,b,NaN,NaN,NaN,NaN,NaN,NaN,
1980111700,b03.1980,9X-B03,TS,NN,15.3,67.3,35,NaN,291,4,291,4,NaN,NaN,NaN,NaN,NaN,NaN,NaN,NaN,NaN,NaN,TS,NW,b,b,NaN,NaN,NaN,NaN,NaN,NaN,
1980111706,b03.1980,9X-B03,TS,NN,15.8,66.9,35,NaN,312,5,312,5,NaN,NaN,NaN,NaN,NaN,NaN,NaN,NaN,NaN,NaN,TS,NW,b,b,NaN,NaN,NaN,NaN,NaN,NaN,
1980111712,03b.1980,TC03A,TS,NN,15.9,66.5,35,NaN,300,5,308,5,NaN,NaN,NaN,NaN,NaN,NaN,NaN,NaN,NaN,NaN,TS,WN,c,c,NaN,NaN,NaN,NaN,NaN,NaN,
1980111718,03b.1980,TC03A,TS,NN,17.2,67.4,35,NaN,33,7,19,7,NaN,NaN,NaN,NaN,NaN,NaN,NaN,NaN,NaN,NaN,TS,WN,c,c,NaN,NaN,NaN,NaN,NaN,NaN,
1980111800,03b.1980,TC03A,TS,NN,17.4,67.9,35,NaN,52,7,42,10,NaN,NaN,NaN,NaN,NaN,NaN,NaN,NaN,NaN,NaN,TS,WN,c,c,NaN,NaN,NaN,NaN,NaN,NaN,
1980111806,03b.1980,TC03A,TS,NN,18.1,68.5,35,NaN,53,7,49,7,NaN,NaN,NaN,NaN,NaN,NaN,NaN,NaN,NaN,NaN,TS,WN,c,c,NaN,NaN,NaN,NaN,NaN,NaN,
1980111812,03b.1980,TC03A,TS,NN,19.3,68.8,30,NaN,46,7,24,10,NaN,NaN,NaN,NaN,NaN,NaN,NaN,NaN,NaN,NaN,TD,WN,c,c,NaN,NaN,NaN,NaN,NaN,NaN,
1980111818,03b.1980,TC03A,TS,NN,19.4,69.1,25,NaN,24,7,24,7,NaN,NaN,NaN,NaN,NaN,NaN,NaN,NaN,NaN,NaN,TD,WN,b,b,NaN,NaN,NaN,NaN,NaN,NaN,
1980111900,03b.1980,TC03A,TS,NN,20.0,69.7,20,NaN,49,7,50,5,NaN,NaN,NaN,NaN,NaN,NaN,NaN,NaN,NaN,NaN,NT,WN,c,c,NaN,NaN,NaN,NaN,NaN,NaN,
1980111906,03b.1980,TC03A,TS,NN,20.2,70.4,20,NaN,57,7,57,7,NaN,NaN,NaN,NaN,NaN,NaN,NaN,NaN,NaN,NaN,NT,WN,b,b,NaN,NaN,NaN,NaN,NaN,NaN,
1980120300,04b.1980,TC04B,TD,NN,9.4,84.6,NaN,NaN,315,4,315,4,NaN,NaN,NaN,NaN,NaN,NaN,NaN,NaN,NaN,NaN,NT,NW,b,b,NaN,NaN,NaN,NaN,NaN,NaN,
1980120306,04b.1980,TC04B,TD,NN,9.7,84.3,NaN,NaN,315,4,315,4,NaN,NaN,NaN,NaN,NaN,NaN,NaN,NaN,NaN,NaN,NT,NW,b,b,NaN,NaN,NaN,NaN,NaN,NaN,
1980120312,04b.1980,TC04B,TD,NN,10.0,84.0,NaN,NaN,315,4,315,4,NaN,NaN,NaN,NaN,NaN,NaN,NaN,NaN,NaN,NaN,NT,NW,b,b,NaN,NaN,NaN,NaN,NaN,NaN,
1980120318,04b.1980,TC04B,TD,NN,10.4,83.6,NaN,NaN,315,5,315,5,NaN,NaN,NaN,NaN,NaN,NaN,NaN,NaN,NaN,NaN,NT,NW,b,b,NaN,NaN,NaN,NaN,NaN,NaN,
1980120400,04b.1980,TC04B,TD,NN,10.8,83.2,NaN,NaN,315,6,315,6,NaN,NaN,NaN,NaN,NaN,NaN,NaN,NaN,NaN,NaN,NT,NW,b,b,NaN,NaN,NaN,NaN,NaN,NaN,
1980120406,04b.1980,TC04B,TD,NN,11.3,82.8,NaN,NaN,319,6,319,6,NaN,NaN,NaN,NaN,NaN,NaN,NaN,NaN,NaN,NaN,NT,NW,b,b,NaN,NaN,NaN,NaN,NaN,NaN,
1980120412,04b.1980,TC04B,TD,NN,12.0,82.5,NaN,NaN,330,7,330,7,NaN,NaN,NaN,NaN,NaN,NaN,NaN,NaN,NaN,NaN,NT,NW,b,b,NaN,NaN,NaN,NaN,NaN,NaN,
1980120418,04b.1980,TC04B,TD,NN,12.4,82.5,NaN,NaN,345,6,345,6,NaN,NaN,NaN,NaN,NaN,NaN,NaN,NaN,NaN,NaN,NT,NW,b,b,NaN,NaN,NaN,NaN,NaN,NaN,
1980120500,04b.1980,TC04B,TD,NN,12.8,82.8,NaN,NaN,20,4,20,4,NaN,NaN,NaN,NaN,NaN,NaN,NaN,NaN,NaN,NaN,NT,NW,b,b,NaN,NaN,NaN,NaN,NaN,NaN,
1980120506,04b.1980,TC04B,TD,NN,13.2,83.2,NaN,NaN,40,5,40,5,NaN,NaN,NaN,NaN,NaN,NaN,NaN,NaN,NaN,NaN,NT,NW,b,b,NaN,NaN,NaN,NaN,NaN,NaN,
1980120512,04b.1980,TC04B,TD,NN,13.5,83.5,NaN,NaN,44,5,44,5,NaN,NaN,NaN,NaN,NaN,NaN,NaN,NaN,NaN,NaN,NT,NW,b,b,NaN,NaN,NaN,NaN,NaN,NaN,
1980120518,04b.1980,TC04B,TD,NN,13.7,83.7,NaN,NaN,44,3,44,3,NaN,NaN,NaN,NaN,NaN,NaN,NaN,NaN,NaN,NaN,NT,NW,b,b,NaN,NaN,NaN,NaN,NaN,NaN,
1980120600,04b.1980,TC04B,TD,NN,13.9,83.9,NaN,NaN,44,3,44,3,NaN,NaN,NaN,NaN,NaN,NaN,NaN,NaN,NaN,NaN,NT,NW,b,b,NaN,NaN,NaN,NaN,NaN,NaN,
1980120606,04b.1980,TC04B,TD,NN,14.2,84.3,NaN,NaN,49,4,49,4,NaN,NaN,NaN,NaN,NaN,NaN,NaN,NaN,NaN,NaN,NT,NW,b,b,NaN,NaN,NaN,NaN,NaN,NaN,
1980120612,04b.1980,TC04B,TD,NN,14.8,85.0,NaN,NaN,50,7,50,7,NaN,NaN,NaN,NaN,NaN,NaN,NaN,NaN,NaN,NaN,NT,NW,b,b,NaN,NaN,NaN,NaN,NaN,NaN,
1980120618,04b.1980,TC04B,TD,NN,15.1,85.4,NaN,NaN,50,7,50,7,NaN,NaN,NaN,NaN,NaN,NaN,NaN,NaN,NaN,NaN,NT,NW,b,b,NaN,NaN,NaN,NaN,NaN,NaN,
1980120700,04b.1980,TC04B,TD,NN,15.5,85.8,NaN,NaN,48,5,48,5,NaN,NaN,NaN,NaN,NaN,NaN,NaN,NaN,NaN,NaN,NT,NW,b,b,NaN,NaN,NaN,NaN,NaN,NaN,
1980120706,04b.1980,TC04B,TD,NN,15.7,86.2,NaN,NaN,52,5,52,5,NaN,NaN,NaN,NaN,NaN,NaN,NaN,NaN,NaN,NaN,NT,NW,b,b,NaN,NaN,NaN,NaN,NaN,NaN,
1980120712,04b.1980,TC04B,TD,NN,16.0,86.6,NaN,NaN,57,5,57,5,NaN,NaN,NaN,NaN,NaN,NaN,NaN,NaN,NaN,NaN,NT,NW,b,b,NaN,NaN,NaN,NaN,NaN,NaN,
1979112500,s01.1980,9X-S01,TY,NN,-7.0,86.0,25,NaN,195,9,195,9,NaN,NaN,NaN,NaN,NaN,NaN,NaN,NaN,NaN,NaN,TD,NW,b,b,NaN,NaN,NaN,NaN,NaN,NaN,
1979112506,s01.1980,9X-S01,TY,NN,-7.9,85.8,25,NaN,195,9,195,9,NaN,NaN,NaN,NaN,NaN,NaN,NaN,NaN,NaN,NaN,TD,NW,b,b,NaN,NaN,NaN,NaN,NaN,NaN,
1979112512,s01.1980,9X-S01,TY,NN,-8.8,85.5,25,NaN,195,9,195,9,NaN,NaN,NaN,NaN,NaN,NaN,NaN,NaN,NaN,NaN,TD,NW,b,b,NaN,NaN,NaN,NaN,NaN,NaN,
1979112518,s01.1980,9X-S01,TY,NN,-9.7,85.1,25,NaN,201,10,201,10,NaN,NaN,NaN,NaN,NaN,NaN,NaN,NaN,NaN,NaN,TD,NW,b,b,NaN,NaN,NaN,NaN,NaN,NaN,
1979112600,s01.1980,9X-S01,TY,NN,-10.4,84.4,30,NaN,214,10,214,10,NaN,NaN,NaN,NaN,NaN,NaN,NaN,NaN,NaN,NaN,TD,NW,b,b,NaN,NaN,NaN,NaN,NaN,NaN,
1979112606,s01.1980,9X-S01,TY,NN,-10.3,83.0,30,NaN,254,11,254,11,NaN,NaN,NaN,NaN,NaN,NaN,NaN,NaN,NaN,NaN,TD,NW,b,b,NaN,NaN,NaN,NaN,NaN,NaN,
1979112612,01s.1980,TC01S,TY,NN,-10.0,81.5,35,NaN,278,14,278,14,NaN,NaN,NaN,NaN,NaN,NaN,NaN,NaN,NaN,NaN,TS,NW,b,b,NaN,NaN,NaN,NaN,NaN,NaN,
1979112618,01s.1980,TC01S,TY,NN,-9.9,80.7,35,NaN,280,11,280,11,NaN,NaN,NaN,NaN,NaN,NaN,NaN,NaN,NaN,NaN,TS,NW,b,b,NaN,NaN,NaN,NaN,NaN,NaN,
1979112700,01s.1980,TC01S,TY,NN,-9.8,80.0,35,NaN,278,7,278,7,NaN,NaN,NaN,NaN,NaN,NaN,NaN,NaN,NaN,NaN,TS,NW,b,b,NaN,NaN,NaN,NaN,NaN,NaN,
1979112706,01s.1980,TC01S,TY,NN,-9.9,79.4,40,NaN,270,6,270,6,NaN,NaN,NaN,NaN,NaN,NaN,NaN,NaN,NaN,NaN,TS,NW,b,b,NaN,NaN,NaN,NaN,NaN,NaN,
1979112712,01s.1980,TC01S,TY,NN,-10.1,78.9,45,NaN,255,6,255,6,NaN,NaN,NaN,NaN,NaN,NaN,NaN,NaN,NaN,NaN,TS,NW,b,b,NaN,NaN,NaN,NaN,NaN,NaN,
1979112718,01s.1980,TC01S,TY,NN,-10.2,78.5,45,NaN,251,5,251,5,NaN,NaN,NaN,NaN,NaN,NaN,NaN,NaN,NaN,NaN,TS,NW,b,b,NaN,NaN,NaN,NaN,NaN,NaN,
1979112800,01s.1980,TC01S,TY,NN,-10.3,78.0,50,NaN,257,5,257,5,NaN,NaN,NaN,NaN,NaN,NaN,NaN,NaN,NaN,NaN,TS,NW,b,b,NaN,NaN,NaN,NaN,NaN,NaN,
1979112806,01s.1980,TC01S,TY,NN,-10.7,77.5,50,NaN,243,6,243,6,NaN,NaN,NaN,NaN,NaN,NaN,NaN,NaN,NaN,NaN,TS,NW,b,b,NaN,NaN,NaN,NaN,NaN,NaN,
1979112812,01s.1980,TC01S,TY,NN,-11.1,76.9,55,NaN,233,7,233,7,NaN,NaN,NaN,NaN,NaN,NaN,NaN,NaN,NaN,NaN,TS,NW,b,b,NaN,NaN,NaN,NaN,NaN,NaN,
1979112818,01s.1980,TC01S,TY,NN,-11.4,76.2,55,NaN,241,7,241,7,NaN,NaN,NaN,NaN,NaN,NaN,NaN,NaN,NaN,NaN,TS,NW,b,b,NaN,NaN,NaN,NaN,NaN,NaN,
1979112900,01s.1980,TC01S,TY,NN,-11.7,75.5,60,NaN,246,7,246,7,NaN,NaN,NaN,NaN,NaN,NaN,NaN,NaN,NaN,NaN,TS,NW,b,b,NaN,NaN,NaN,NaN,NaN,NaN,
1979112906,01s.1980,TC01S,TY,NN,-12.0,74.8,65,NaN,246,7,246,7,NaN,NaN,NaN,NaN,NaN,NaN,NaN,NaN,NaN,NaN,TY,NW,b,b,NaN,NaN,NaN,NaN,NaN,NaN,
1979112912,01s.1980,TC01S,TY,NN,-12.2,74.0,70,NaN,251,8,251,8,NaN,NaN,NaN,NaN,NaN,NaN,NaN,NaN,NaN,NaN,TY,NW,b,b,NaN,NaN,NaN,NaN,NaN,NaN,
1979112918,01s.1980,TC01S,TY,NN,-12.5,73.3,85,NaN,251,8,251,8,NaN,NaN,NaN,NaN,NaN,NaN,NaN,NaN,NaN,NaN,TY,NW,b,b,NaN,NaN,NaN,NaN,NaN,NaN,
1979113000,01s.1980,TC01S,TY,NN,-12.8,72.5,100,NaN,248,8,248,8,NaN,NaN,NaN,NaN,NaN,NaN,NaN,NaN,NaN,NaN,TY,NW,b,b,NaN,NaN,NaN,NaN,NaN,NaN,
1979113006,01s.1980,TC01S,TY,NN,-13.3,71.9,100,NaN,240,8,240,8,NaN,NaN,NaN,NaN,NaN,NaN,NaN,NaN,NaN,NaN,TY,NW,b,b,NaN,NaN,NaN,NaN,NaN,NaN,
1979113012,01s.1980,TC01S,TY,NN,-13.9,71.5,100,NaN,221,7,221,7,NaN,NaN,NaN,NaN,NaN,NaN,NaN,NaN,NaN,NaN,TY,NW,b,b,NaN,NaN,NaN,NaN,NaN,NaN,
1979113018,01s.1980,TC01S,TY,NN,-14.8,72.1,100,NaN,173,8,173,8,NaN,NaN,NaN,NaN,NaN,NaN,NaN,NaN,NaN,NaN,TY,NW,b,b,NaN,NaN,NaN,NaN,NaN,NaN,
1979120100,01s.1980,TC01S,TY,NN,-15.8,72.5,100,NaN,153,11,153,11,NaN,NaN,NaN,NaN,NaN,NaN,NaN,NaN,NaN,NaN,TY,NW,b,b,NaN,NaN,NaN,NaN,NaN,NaN,
1979120106,01s.1980,TC01S,TY,NN,-16.5,71.8,95,NaN,190,9,190,9,NaN,NaN,NaN,NaN,NaN,NaN,NaN,NaN,NaN,NaN,TY,NW,b,b,NaN,NaN,NaN,NaN,NaN,NaN,
1979120112,01s.1980,TC01S,TY,NN,-17.0,71.0,90,NaN,230,9,230,9,NaN,NaN,NaN,NaN,NaN,NaN,NaN,NaN,NaN,NaN,TY,NW,b,b,NaN,NaN,NaN,NaN,NaN,NaN,
1979120118,01s.1980,TC01S,TY,NN,-17.2,70.3,85,NaN,244,8,244,8,NaN,NaN,NaN,NaN,NaN,NaN,NaN,NaN,NaN,NaN,TY,NW,b,b,NaN,NaN,NaN,NaN,NaN,NaN,
1979120200,01s.1980,TC01S,TY,NN,-17.5,69.5,80,NaN,251,8,251,8,NaN,NaN,NaN,NaN,NaN,NaN,NaN,NaN,NaN,NaN,TY,NW,b,b,NaN,NaN,NaN,NaN,NaN,NaN,
1979120206,01s.1980,TC01S,TY,NN,-17.7,68.7,80,NaN,252,8,252,8,NaN,NaN,NaN,NaN,NaN,NaN,NaN,NaN,NaN,NaN,TY,NW,b,b,NaN,NaN,NaN,NaN,NaN,NaN,
1979120212,01s.1980,TC01S,TY,NN,-18.0,68.0,80,NaN,251,8,251,8,NaN,NaN,NaN,NaN,NaN,NaN,NaN,NaN,NaN,NaN,TY,NW,b,b,NaN,NaN,NaN,NaN,NaN,NaN,
1979120218,01s.1980,TC01S,TY,NN,-18.4,67.9,75,NaN,227,5,227,5,NaN,NaN,NaN,NaN,NaN,NaN,NaN,NaN,NaN,NaN,TY,NW,b,b,NaN,NaN,NaN,NaN,NaN,NaN,
1979120300,01s.1980,TC01S,TY,NN,-18.9,67.9,65,NaN,186,5,186,5,NaN,NaN,NaN,NaN,NaN,NaN,NaN,NaN,NaN,NaN,TY,NW,b,b,NaN,NaN,NaN,NaN,NaN,NaN,
1979120306,01s.1980,TC01S,TY,NN,-19.5,67.9,60,NaN,180,5,180,6,NaN,NaN,NaN,NaN,NaN,NaN,NaN,NaN,NaN,NaN,TS,NW,b,b,NaN,NaN,NaN,NaN,NaN,NaN,
1979120312,01s.1980,TC01S,TY,NN,-20.1,67.8,60,NaN,184,6,184,6,NaN,NaN,NaN,NaN,NaN,NaN,NaN,NaN,NaN,NaN,TS,NW,b,b,NaN,NaN,NaN,NaN,NaN,NaN,
1979120318,01s.1980,TC01S,TY,NN,-20.7,67.8,60,NaN,184,6,184,6,NaN,NaN,NaN,NaN,NaN,NaN,NaN,NaN,NaN,NaN,TS,NW,b,b,NaN,NaN,NaN,NaN,NaN,NaN,
1979120400,01s.1980,TC01S,TY,NN,-21.3,67.7,60,NaN,184,6,184,6,NaN,NaN,NaN,NaN,NaN,NaN,NaN,NaN,NaN,NaN,TS,NW,b,b,NaN,NaN,NaN,NaN,NaN,NaN,
1979120406,01s.1980,TC01S,TY,NN,-21.8,67.5,55,NaN,194,6,194,6,NaN,NaN,NaN,NaN,NaN,NaN,NaN,NaN,NaN,NaN,TS,NW,b,b,NaN,NaN,NaN,NaN,NaN,NaN,
1979120412,01s.1980,TC01S,TY,NN,-22.3,67.2,45,NaN,205,6,205,6,NaN,NaN,NaN,NaN,NaN,NaN,NaN,NaN,NaN,NaN,TS,NW,b,b,NaN,NaN,NaN,NaN,NaN,NaN,
1979120418,01s.1980,TC01S,TY,NN,-22.6,67.1,45,NaN,205,4,205,4,NaN,NaN,NaN,NaN,NaN,NaN,NaN,NaN,NaN,NaN,TS,NW,b,b,NaN,NaN,NaN,NaN,NaN,NaN,
1979120500,01s.1980,TC01S,TY,NN,-23.0,67.0,45,NaN,195,4,195,4,NaN,NaN,NaN,NaN,NaN,NaN,NaN,NaN,NaN,NaN,TS,NW,b,b,NaN,NaN,NaN,NaN,NaN,NaN,
1979120506,01s.1980,TC01S,TY,NN,-23.9,66.9,40,NaN,188,7,188,7,NaN,NaN,NaN,NaN,NaN,NaN,NaN,NaN,NaN,NaN,TS,NW,b,b,NaN,NaN,NaN,NaN,NaN,NaN,
1979120512,01s.1980,TC01S,TY,NN,-25.2,66.9,35,NaN,182,11,182,11,NaN,NaN,NaN,NaN,NaN,NaN,NaN,NaN,NaN,NaN,TS,NW,b,b,NaN,NaN,NaN,NaN,NaN,NaN,
1979120518,01s.1980,TC01S,TY,NN,-26.8,68.0,30,NaN,161,15,161,15,NaN,NaN,NaN,NaN,NaN,NaN,NaN,NaN,NaN,NaN,TD,NW,b,b,NaN,NaN,NaN,NaN,NaN,NaN,
1979120600,01s.1980,TC01S,TY,NN,-28.3,70.0,25,NaN,138,21,138,21,NaN,NaN,NaN,NaN,NaN,NaN,NaN,NaN,NaN,NaN,TD,NW,b,b,NaN,NaN,NaN,NaN,NaN,NaN,
1979120606,01s.1980,TC01S,TY,NN,-29.5,72.0,25,NaN,127,22,127,22,NaN,NaN,NaN,NaN,NaN,NaN,NaN,NaN,NaN,NaN,TD,NW,b,b,NaN,NaN,NaN,NaN,NaN,NaN,
1979121000,s02.1980,9X-S02,TY,NN,-8.6,90.8,25,NaN,135,8,135,8,NaN,NaN,NaN,NaN,NaN,NaN,NaN,NaN,NaN,NaN,TD,NW,b,b,NaN,NaN,NaN,NaN,NaN,NaN,
1979121006,s02.1980,9X-S02,TY,NN,-9.4,91.7,30,NaN,135,8,135,8,NaN,NaN,NaN,NaN,NaN,NaN,NaN,NaN,NaN,NaN,TD,NW,b,b,NaN,NaN,NaN,NaN,NaN,NaN,
1979121012,s02.1980,9X-S02,TY,NN,-9.8,92.0,30,NaN,135,8,135,8,NaN,NaN,NaN,NaN,NaN,NaN,NaN,NaN,NaN,NaN,TD,NW,b,b,NaN,NaN,NaN,NaN,NaN,NaN,
1979121018,s02.1980,9X-S02,TY,NN,-9.9,91.7,30,NaN,180,2,180,2,NaN,NaN,NaN,NaN,NaN,NaN,NaN,NaN,NaN,NaN,TD,NW,b,b,NaN,NaN,NaN,NaN,NaN,NaN,
1979121100,s02.1980,9X-S02,TY,NN,-10.0,91.3,30,NaN,254,4,254,4,NaN,NaN,NaN,NaN,NaN,NaN,NaN,NaN,NaN,NaN,TD,NW,b,b,NaN,NaN,NaN,NaN,NaN,NaN,
1979121106,s02.1980,9X-S02,TY,NN,-10.3,91.1,30,NaN,236,4,236,4,NaN,NaN,NaN,NaN,NaN,NaN,NaN,NaN,NaN,NaN,TD,NW,b,b,NaN,NaN,NaN,NaN,NaN,NaN,
1979121112,s02.1980,9X-S02,TY,NN,-10.5,90.8,30,NaN,225,4,225,4,NaN,NaN,NaN,NaN,NaN,NaN,NaN,NaN,NaN,NaN,TD,NW,b,b,NaN,NaN,NaN,NaN,NaN,NaN,
1979121118,s02.1980,9X-S02,TY,NN,-10.7,90.1,30,NaN,248,5,248,5,NaN,NaN,NaN,NaN,NaN,NaN,NaN,NaN,NaN,NaN,TD,NW,b,b,NaN,NaN,NaN,NaN,NaN,NaN,
1979121200,s02.1980,9X-S02,TY,NN,-10.8,89.5,30,NaN,257,7,257,7,NaN,NaN,NaN,NaN,NaN,NaN,NaN,NaN,NaN,NaN,TD,NW,b,b,NaN,NaN,NaN,NaN,NaN,NaN,
1979121206,s02.1980,9X-S02,TY,NN,-10.6,89.3,30,NaN,277,4,277,4,NaN,NaN,NaN,NaN,NaN,NaN,NaN,NaN,NaN,NaN,TD,NW,b,b,NaN,NaN,NaN,NaN,NaN,NaN,
1979121212,s02.1980,9X-S02,TY,NN,-10.4,89.0,30,NaN,309,3,309,3,NaN,NaN,NaN,NaN,NaN,NaN,NaN,NaN,NaN,NaN,TD,NW,b,b,NaN,NaN,NaN,NaN,NaN,NaN,
1979121218,02s.1980,TC02S,TY,NN,-10.3,88.8,35,NaN,301,3,301,3,NaN,NaN,NaN,NaN,NaN,NaN,NaN,NaN,NaN,NaN,TS,NW,b,b,NaN,NaN,NaN,NaN,NaN,NaN,
1979121300,02s.1980,TC02S,TY,NN,-10.3,88.5,40,NaN,281,3,281,3,NaN,NaN,NaN,NaN,NaN,NaN,NaN,NaN,NaN,NaN,TS,NW,b,b,NaN,NaN,NaN,NaN,NaN,NaN,
1979121306,02s.1980,TC02S,TY,NN,-10.3,88.2,40,NaN,270,3,270,3,NaN,NaN,NaN,NaN,NaN,NaN,NaN,NaN,NaN,NaN,TS,NW,b,b,NaN,NaN,NaN,NaN,NaN,NaN,
1979121312,02s.1980,TC02S,TY,NN,-10.3,87.9,45,NaN,270,3,270,3,NaN,NaN,NaN,NaN,NaN,NaN,NaN,NaN,NaN,NaN,TS,NW,b,b,NaN,NaN,NaN,NaN,NaN,NaN,
1979121318,02s.1980,TC02S,TY,NN,-10.2,87.6,45,NaN,280,3,280,3,NaN,NaN,NaN,NaN,NaN,NaN,NaN,NaN,NaN,NaN,TS,NW,b,b,NaN,NaN,NaN,NaN,NaN,NaN,
1979121400,02s.1980,TC02S,TY,NN,-10.0,87.2,50,NaN,294,4,294,4,NaN,NaN,NaN,NaN,NaN,NaN,NaN,NaN,NaN,NaN,TS,NW,b,b,NaN,NaN,NaN,NaN,NaN,NaN,
1979121406,02s.1980,TC02S,TY,NN,-9.8,86.9,50,NaN,300,4,300,4,NaN,NaN,NaN,NaN,NaN,NaN,NaN,NaN,NaN,NaN,TS,NW,b,b,NaN,NaN,NaN,NaN,NaN,NaN,
1979121412,02s.1980,TC02S,TY,NN,-9.5,86.5,55,NaN,306,4,306,4,NaN,NaN,NaN,NaN,NaN,NaN,NaN,NaN,NaN,NaN,TS,NW,b,b,NaN,NaN,NaN,NaN,NaN,NaN,
1979121418,02s.1980,TC02S,TY,NN,-9.3,86.0,55,NaN,299,5,299,5,NaN,NaN,NaN,NaN,NaN,NaN,NaN,NaN,NaN,NaN,TS,NW,b,b,NaN,NaN,NaN,NaN,NaN,NaN,
1979121500,02s.1980,TC02S,TY,NN,-9.0,85.5,60,NaN,297,6,297,6,NaN,NaN,NaN,NaN,NaN,NaN,NaN,NaN,NaN,NaN,TS,NW,b,b,NaN,NaN,NaN,NaN,NaN,NaN,
1979121506,02s.1980,TC02S,TY,NN,-9.1,85.1,65,NaN,283,5,283,5,NaN,NaN,NaN,NaN,NaN,NaN,NaN,NaN,NaN,NaN,TY,NW,b,b,NaN,NaN,NaN,NaN,NaN,NaN,
1979121512,02s.1980,TC02S,TY,NN,-9.5,84.8,70,NaN,234,4,234,4,NaN,NaN,NaN,NaN,NaN,NaN,NaN,NaN,NaN,NaN,TY,NW,b,b,NaN,NaN,NaN,NaN,NaN,NaN,
1979121518,02s.1980,TC02S,TY,NN,-9.7,84.6,80,NaN,219,4,219,4,NaN,NaN,NaN,NaN,NaN,NaN,NaN,NaN,NaN,NaN,TY,NW,b,b,NaN,NaN,NaN,NaN,NaN,NaN,
1979121600,02s.1980,TC02S,TY,NN,-9.9,84.5,85,NaN,216,2,216,2,NaN,NaN,NaN,NaN,NaN,NaN,NaN,NaN,NaN,NaN,TY,NW,b,b,NaN,NaN,NaN,NaN,NaN,NaN,
1979121606,02s.1980,TC02S,TY,NN,-10.2,84.4,90,NaN,202,3,202,3,NaN,NaN,NaN,NaN,NaN,NaN,NaN,NaN,NaN,NaN,TY,NW,b,b,NaN,NaN,NaN,NaN,NaN,NaN,
1979121612,02s.1980,TC02S,TY,NN,-10.6,84.3,90,NaN,196,4,196,4,NaN,NaN,NaN,NaN,NaN,NaN,NaN,NaN,NaN,NaN,TY,NW,b,b,NaN,NaN,NaN,NaN,NaN,NaN,
1979121618,02s.1980,TC02S,TY,NN,-10.7,84.2,90,NaN,201,3,201,3,NaN,NaN,NaN,NaN,NaN,NaN,NaN,NaN,NaN,NaN,TY,NW,b,b,NaN,NaN,NaN,NaN,NaN,NaN,
1979121700,02s.1980,TC02S,TY,NN,-10.9,84.1,90,NaN,213,2,213,2,NaN,NaN,NaN,NaN,NaN,NaN,NaN,NaN,NaN,NaN,TY,NW,b,b,NaN,NaN,NaN,NaN,NaN,NaN,
1979121706,02s.1980,TC02S,TY,NN,-11.2,83.5,100,NaN,234,4,234,4,NaN,NaN,NaN,NaN,NaN,NaN,NaN,NaN,NaN,NaN,TY,NW,b,b,NaN,NaN,NaN,NaN,NaN,NaN,
1979121712,02s.1980,TC02S,TY,NN,-11.5,82.5,110,NaN,249,8,249,8,NaN,NaN,NaN,NaN,NaN,NaN,NaN,NaN,NaN,NaN,TY,NW,b,b,NaN,NaN,NaN,NaN,NaN,NaN,
1979121718,02s.1980,TC02S,TY,NN,-11.8,81.6,110,NaN,252,10,252,10,NaN,NaN,NaN,NaN,NaN,NaN,NaN,NaN,NaN,NaN,TY,NW,b,b,NaN,NaN,NaN,NaN,NaN,NaN,
1979121800,02s.1980,TC02S,TY,NN,-12.0,80.5,110,NaN,256,10,256,10,NaN,NaN,NaN,NaN,NaN,NaN,NaN,NaN,NaN,NaN,TY,NW,b,b,NaN,NaN,NaN,NaN,NaN,NaN,
1979121806,02s.1980,TC02S,TY,NN,-12.1,79.3,110,NaN,262,11,262,11,NaN,NaN,NaN,NaN,NaN,NaN,NaN,NaN,NaN,NaN,TY,NW,b,b,NaN,NaN,NaN,NaN,NaN,NaN,
1979121812,02s.1980,TC02S,TY,NN,-12.2,78.1,110,NaN,265,12,265,12,NaN,NaN,NaN,NaN,NaN,NaN,NaN,NaN,NaN,NaN,TY,NW,b,b,NaN,NaN,NaN,NaN,NaN,NaN,
1979121818,02s.1980,TC02S,TY,NN,-12.5,77.0,110,NaN,260,11,260,11,NaN,NaN,NaN,NaN,NaN,NaN,NaN,NaN,NaN,NaN,TY,NW,b,b,NaN,NaN,NaN,NaN,NaN,NaN,
1979121900,02s.1980,TC02S,TY,NN,-12.7,75.8,110,NaN,257,12,257,12,NaN,NaN,NaN,NaN,NaN,NaN,NaN,NaN,NaN,NaN,TY,NW,b,b,NaN,NaN,NaN,NaN,NaN,NaN,
1979121906,02s.1980,TC02S,TY,NN,-12.8,74.5,110,NaN,263,12,263,12,NaN,NaN,NaN,NaN,NaN,NaN,NaN,NaN,NaN,NaN,TY,NW,b,b,NaN,NaN,NaN,NaN,NaN,NaN,
1979121912,02s.1980,TC02S,TY,NN,-12.9,73.2,110,NaN,265,13,265,13,NaN,NaN,NaN,NaN,NaN,NaN,NaN,NaN,NaN,NaN,TY,NW,b,b,NaN,NaN,NaN,NaN,NaN,NaN,
1979121918,02s.1980,TC02S,TY,NN,-13.1,72.1,105,NaN,263,12,263,12,NaN,NaN,NaN,NaN,NaN,NaN,NaN,NaN,NaN,NaN,TY,NW,b,b,NaN,NaN,NaN,NaN,NaN,NaN,
1979122000,02s.1980,TC02S,TY,NN,-13.3,71.0,100,NaN,259,11,259,11,NaN,NaN,NaN,NaN,NaN,NaN,NaN,NaN,NaN,NaN,TY,NW,b,b,NaN,NaN,NaN,NaN,NaN,NaN,
1979122006,02s.1980,TC02S,TY,NN,-13.4,69.7,100,NaN,263,12,263,12,NaN,NaN,NaN,NaN,NaN,NaN,NaN,NaN,NaN,NaN,TY,NW,b,b,NaN,NaN,NaN,NaN,NaN,NaN,
1979122012,02s.1980,TC02S,TY,NN,-13.6,68.2,100,NaN,264,14,264,14,NaN,NaN,NaN,NaN,NaN,NaN,NaN,NaN,NaN,NaN,TY,NW,b,b,NaN,NaN,NaN,NaN,NaN,NaN,
1979122018,02s.1980,TC02S,TY,NN,-13.9,66.6,100,NaN,261,15,261,15,NaN,NaN,NaN,NaN,NaN,NaN,NaN,NaN,NaN,NaN,TY,NW,b,b,NaN,NaN,NaN,NaN,NaN,NaN,
1979122100,02s.1980,TC02S,TY,NN,-14.3,64.9,100,NaN,258,16,258,16,NaN,NaN,NaN,NaN,NaN,NaN,NaN,NaN,NaN,NaN,TY,NW,b,b,NaN,NaN,NaN,NaN,NaN,NaN,
1979122106,02s.1980,TC02S,TY,NN,-14.8,63.5,95,NaN,253,16,253,16,NaN,NaN,NaN,NaN,NaN,NaN,NaN,NaN,NaN,NaN,TY,NW,b,b,NaN,NaN,NaN,NaN,NaN,NaN,
1979122112,02s.1980,TC02S,TY,NN,-15.5,62.2,90,NaN,245,14,245,14,NaN,NaN,NaN,NaN,NaN,NaN,NaN,NaN,NaN,NaN,TY,NW,b,b,NaN,NaN,NaN,NaN,NaN,NaN,
1979122118,02s.1980,TC02S,TY,NN,-16.2,61.1,85,NaN,239,14,239,14,NaN,NaN,NaN,NaN,NaN,NaN,NaN,NaN,NaN,NaN,TY,NW,b,b,NaN,NaN,NaN,NaN,NaN,NaN,
1979122200,02s.1980,TC02S,TY,NN,-17.0,60.2,85,NaN,232,12,232,12,NaN,NaN,NaN,NaN,NaN,NaN,NaN,NaN,NaN,NaN,TY,NW,b,b,NaN,NaN,NaN,NaN,NaN,NaN,
1979122206,02s.1980,TC02S,TY,NN,-17.7,59.5,85,NaN,226,11,226,11,NaN,NaN,NaN,NaN,NaN,NaN,NaN,NaN,NaN,NaN,TY,NW,b,b,NaN,NaN,NaN,NaN,NaN,NaN,
1979122212,02s.1980,TC02S,TY,NN,-18.5,58.8,85,NaN,222,10,222,10,NaN,NaN,NaN,NaN,NaN,NaN,NaN,NaN,NaN,NaN,TY,NW,b,b,NaN,NaN,NaN,NaN,NaN,NaN,
1979122218,02s.1980,TC02S,TY,NN,-19.4,58.1,75,NaN,218,11,218,11,NaN,NaN,NaN,NaN,NaN,NaN,NaN,NaN,NaN,NaN,TY,NW,b,b,NaN,NaN,NaN,NaN,NaN,NaN,
1979122300,02s.1980,TC02S,TY,NN,-20.5,57.5,70,NaN,211,12,211,12,NaN,NaN,NaN,NaN,NaN,NaN,NaN,NaN,NaN,NaN,TY,NW,b,b,NaN,NaN,0.16,NaN,NaN,NaN,
1979122306,02s.1980,TC02S,TY,NN,-21.7,57.1,70,NaN,202,12,202,12,NaN,NaN,NaN,NaN,NaN,NaN,NaN,NaN,NaN,NaN,TY,NW,b,b,NaN,NaN,NaN,NaN,NaN,NaN,
1979122312,02s.1980,TC02S,TY,NN,-22.9,57.2,70,NaN,187,12,187,12,NaN,NaN,NaN,NaN,NaN,NaN,NaN,NaN,NaN,NaN,TY,NW,b,b,NaN,NaN,NaN,NaN,NaN,NaN,
1979122318,02s.1980,TC02S,TY,NN,-24.1,57.5,70,NaN,171,12,171,12,NaN,NaN,NaN,NaN,NaN,NaN,NaN,NaN,NaN,NaN,TY,NW,b,b,NaN,NaN,NaN,NaN,NaN,NaN,
1979122400,02s.1980,TC02S,TY,NN,-25.3,57.9,70,NaN,165,12,165,12,NaN,NaN,NaN,NaN,NaN,NaN,NaN,NaN,NaN,NaN,TY,NW,b,b,NaN,NaN,NaN,NaN,NaN,NaN,
1979122406,02s.1980,TC02S,TY,NN,-26.4,58.3,70,NaN,163,12,163,12,NaN,NaN,NaN,NaN,NaN,NaN,NaN,NaN,NaN,NaN,TY,NW,b,b,NaN,NaN,NaN,NaN,NaN,NaN,
1979122412,02s.1980,TC02S,TY,NN,-27.5,58.8,65,NaN,160,12,160,12,NaN,NaN,NaN,NaN,NaN,NaN,NaN,NaN,NaN,NaN,TY,NW,b,b,NaN,NaN,NaN,NaN,NaN,NaN,
1979122418,02s.1980,TC02S,TY,NN,-28.8,59.6,60,NaN,154,13,154,13,NaN,NaN,NaN,NaN,NaN,NaN,NaN,NaN,NaN,NaN,TS,NW,b,b,NaN,NaN,NaN,NaN,NaN,NaN,
1979122500,02s.1980,TC02S,TY,NN,-30.0,60.8,55,NaN,145,15,145,15,NaN,NaN,NaN,NaN,NaN,NaN,NaN,NaN,NaN,NaN,TS,NW,b,b,NaN,NaN,NaN,NaN,NaN,NaN,
1979122506,02s.1980,TC02S,TY,NN,-30.7,62.3,50,NaN,129,15,129,15,NaN,NaN,NaN,NaN,NaN,NaN,NaN,NaN,NaN,NaN,TS,NW,b,b,NaN,NaN,NaN,NaN,NaN,NaN,
1979122512,02s.1980,TC02S,TY,NN,-30.9,63.8,45,NaN,109,14,109,14,NaN,NaN,NaN,NaN,NaN,NaN,NaN,NaN,NaN,NaN,TS,NW,b,b,NaN,NaN,NaN,NaN,NaN,NaN,
1979122518,02s.1980,TC02S,TY,NN,-30.7,64.4,45,NaN,90,9,90,9,NaN,NaN,NaN,NaN,NaN,NaN,NaN,NaN,NaN,NaN,TS,NW,b,b,NaN,NaN,NaN,NaN,NaN,NaN,
1979122600,02s.1980,TC02S,TY,NN,-30.5,65.0,40,NaN,69,6,69,6,NaN,NaN,NaN,NaN,NaN,NaN,NaN,NaN,NaN,NaN,TS,NW,b,b,NaN,NaN,NaN,NaN,NaN,NaN,
1979122606,02s.1980,TC02S,TY,NN,-30.1,66.2,35,NaN,69,8,69,8,NaN,NaN,NaN,NaN,NaN,NaN,NaN,NaN,NaN,NaN,TS,NW,b,b,NaN,NaN,NaN,NaN,NaN,NaN,
1979122612,02s.1980,TC02S,TY,NN,-29.8,67.8,35,NaN,74,13,74,13,NaN,NaN,NaN,NaN,NaN,NaN,NaN,NaN,NaN,NaN,TS,NW,b,b,NaN,NaN,NaN,NaN,NaN,NaN,
1979122618,02s.1980,TC02S,TY,NN,-29.8,69.9,35,NaN,85,16,85,16,NaN,NaN,NaN,NaN,NaN,NaN,NaN,NaN,NaN,NaN,TS,NW,b,b,NaN,NaN,NaN,NaN,NaN,NaN,
1979122700,02s.1980,TC02S,TY,NN,-30.5,72.0,30,NaN,101,18,101,18,NaN,NaN,NaN,NaN,NaN,NaN,NaN,NaN,NaN,NaN,TD,NW,b,b,NaN,NaN,NaN,NaN,NaN,NaN,
1979122706,02s.1980,TC02S,TY,NN,-31.7,73.6,30,NaN,121,19,121,19,NaN,NaN,NaN,NaN,NaN,NaN,NaN,NaN,NaN,NaN,TD,NW,b,b,NaN,NaN,NaN,NaN,NaN,NaN,
1979122712,02s.1980,TC02S,TY,NN,-32.9,74.7,30,NaN,136,17,136,17,NaN,NaN,NaN,NaN,NaN,NaN,NaN,NaN,NaN,NaN,TD,NW,b,b,NaN,NaN,NaN,NaN,NaN,NaN,
1979122718,02s.1980,TC02S,TY,NN,-33.9,75.4,30,NaN,145,13,145,13,NaN,NaN,NaN,NaN,NaN,NaN,NaN,NaN,NaN,NaN,TD,NW,b,b,NaN,NaN,NaN,NaN,NaN,NaN,
1979122800,02s.1980,TC02S,TY,NN,-35.0,76.2,30,NaN,149,12,149,12,NaN,NaN,NaN,NaN,NaN,NaN,NaN,NaN,NaN,NaN,TD,NW,b,b,NaN,NaN,NaN,NaN,NaN,NaN,
1979122806,02s.1980,TC02S,TY,NN,-36.2,77.0,30,NaN,150,13,150,13,NaN,NaN,NaN,NaN,NaN,NaN,NaN,NaN,NaN,NaN,TD,NW,b,b,NaN,NaN,NaN,NaN,NaN,NaN,
1979121512,03p.1980,TC03P,TS,NN,-17.0,53.0,35,NaN,211,19,211,19,NaN,NaN,NaN,NaN,NaN,NaN,NaN,NaN,NaN,NaN,TS,NW,b,b,NaN,NaN,NaN,NaN,NaN,NaN,
1979121518,03p.1980,TC03P,TS,NN,-18.8,51.8,35,NaN,211,19,211,19,NaN,NaN,NaN,NaN,NaN,NaN,NaN,NaN,NaN,NaN,TS,NW,b,b,NaN,NaN,NaN,NaN,NaN,NaN,
1979121600,03p.1980,TC03P,TS,NN,-20.2,51.0,35,NaN,211,19,211,19,NaN,NaN,NaN,NaN,NaN,NaN,NaN,NaN,NaN,NaN,TS,NW,b,b,NaN,NaN,NaN,NaN,NaN,NaN,
1979121606,03p.1980,TC03P,TS,NN,-21.3,50.7,35,NaN,202,14,202,14,NaN,NaN,NaN,NaN,NaN,NaN,NaN,NaN,NaN,NaN,TS,NW,b,b,NaN,NaN,NaN,NaN,NaN,NaN,
1979121612,03p.1980,TC03P,TS,NN,-22.1,50.5,35,NaN,194,10,194,10,NaN,NaN,NaN,NaN,NaN,NaN,NaN,NaN,NaN,NaN,TS,NW,b,b,NaN,NaN,NaN,NaN,NaN,NaN,
1979121618,03p.1980,TC03P,TS,NN,-22.6,50.5,35,NaN,188,7,188,7,NaN,NaN,NaN,NaN,NaN,NaN,NaN,NaN,NaN,NaN,TS,NW,b,b,NaN,NaN,NaN,NaN,NaN,NaN,
1979121700,03p.1980,TC03P,TS,NN,-22.9,50.5,35,NaN,180,4,180,4,NaN,NaN,NaN,NaN,NaN,NaN,NaN,NaN,NaN,NaN,TS,NW,b,b,NaN,NaN,NaN,NaN,NaN,NaN,
1979121706,03p.1980,TC03P,TS,NN,-22.9,50.6,35,NaN,163,2,163,2,NaN,NaN,NaN,NaN,NaN,NaN,NaN,NaN,NaN,NaN,TS,NW,b,b,NaN,NaN,NaN,NaN,NaN,NaN,
1979121712,03p.1980,TC03P,TS,NN,-23.0,50.8,35,NaN,110,1,110,1,NaN,NaN,NaN,NaN,NaN,NaN,NaN,NaN,NaN,NaN,TS,NW,b,b,NaN,NaN,NaN,NaN,NaN,NaN,
1979121718,03p.1980,TC03P,TS,NN,-24.3,50.9,35,NaN,169,7,169,7,NaN,NaN,NaN,NaN,NaN,NaN,NaN,NaN,NaN,NaN,TS,NW,b,b,NaN,NaN,NaN,NaN,NaN,NaN,
1979121800,03p.1980,TC03P,TS,NN,-25.8,51.0,35,NaN,176,14,176,14,NaN,NaN,NaN,NaN,NaN,NaN,NaN,NaN,NaN,NaN,TS,NW,b,b,NaN,NaN,NaN,NaN,NaN,NaN,
1979121806,03p.1980,TC03P,TS,NN,-26.7,51.3,35,NaN,171,12,171,12,NaN,NaN,NaN,NaN,NaN,NaN,NaN,NaN,NaN,NaN,TS,NW,b,b,NaN,NaN,NaN,NaN,NaN,NaN,
1979121812,03p.1980,TC03P,TS,NN,-27.3,52.2,35,NaN,144,9,144,9,NaN,NaN,NaN,NaN,NaN,NaN,NaN,NaN,NaN,NaN,TS,NW,b,b,NaN,NaN,NaN,NaN,NaN,NaN,
1979121818,03p.1980,TC03P,TS,NN,-27.6,53.7,35,NaN,113,12,113,12,NaN,NaN,NaN,NaN,NaN,NaN,NaN,NaN,NaN,NaN,TS,NW,b,b,NaN,NaN,NaN,NaN,NaN,NaN,
1979121900,03p.1980,TC03P,TS,NN,-27.6,55.3,35,NaN,96,14,96,14,NaN,NaN,NaN,NaN,NaN,NaN,NaN,NaN,NaN,NaN,TS,NW,b,b,NaN,NaN,NaN,NaN,NaN,NaN,
1979121906,03p.1980,TC03P,TS,NN,-27.2,56.7,35,NaN,81,13,81,13,NaN,NaN,NaN,NaN,NaN,NaN,NaN,NaN,NaN,NaN,TS,NW,b,b,NaN,NaN,NaN,NaN,NaN,NaN,
1979121912,03p.1980,TC03P,TS,NN,-26.8,58.2,35,NaN,73,14,73,14,NaN,NaN,NaN,NaN,NaN,NaN,NaN,NaN,NaN,NaN,TS,NW,b,b,NaN,NaN,NaN,NaN,NaN,NaN,
1979121918,03p.1980,TC03P,TS,NN,-26.8,60.0,35,NaN,82,15,82,15,NaN,NaN,NaN,NaN,NaN,NaN,NaN,NaN,NaN,NaN,TS,NW,b,b,NaN,NaN,NaN,NaN,NaN,NaN,
1979122000,03p.1980,TC03P,TS,NN,-27.2,62.0,35,NaN,97,17,97,17,NaN,NaN,NaN,NaN,NaN,NaN,NaN,NaN,NaN,NaN,TS,NW,b,b,NaN,NaN,NaN,NaN,NaN,NaN,
1979122006,03p.1980,TC03P,TS,NN,-28.0,64.2,35,NaN,108,20,108,20,NaN,NaN,NaN,NaN,NaN,NaN,NaN,NaN,NaN,NaN,TS,NW,b,b,NaN,NaN,NaN,NaN,NaN,NaN,
1979122012,03p.1980,TC03P,TS,NN,-28.9,66.7,35,NaN,112,22,112,22,NaN,NaN,NaN,NaN,NaN,NaN,NaN,NaN,NaN,NaN,TS,NW,b,b,NaN,NaN,NaN,NaN,NaN,NaN,
1979122018,03p.1980,TC03P,TS,NN,-29.4,70.0,35,NaN,105,26,105,26,NaN,NaN,NaN,NaN,NaN,NaN,NaN,NaN,NaN,NaN,TS,NW,b,b,NaN,NaN,NaN,NaN,NaN,NaN,
1979122100,03p.1980,TC03P,TS,NN,-30.0,73.5,35,NaN,101,30,101,30,NaN,NaN,NaN,NaN,NaN,NaN,NaN,NaN,NaN,NaN,TS,NW,b,b,NaN,NaN,NaN,NaN,NaN,NaN,
1979122106,03p.1980,TC03P,TS,NN,-32.5,76.0,NaN,NaN,121,30,121,30,NaN,NaN,NaN,NaN,NaN,NaN,NaN,NaN,NaN,NaN,NT,NW,b,b,NaN,NaN,NaN,NaN,NaN,NaN,
1979122112,03p.1980,TC03P,TS,NN,-37.0,78.0,NaN,NaN,152,40,152,40,NaN,NaN,NaN,NaN,NaN,NaN,NaN,NaN,NaN,NaN,NT,NW,b,b,NaN,NaN,NaN,NaN,NaN,NaN,
1979122412,s04.1980,9X-S04,TS,NN,-13.0,93.0,30,NaN,304,7,304,7,NaN,NaN,NaN,NaN,NaN,NaN,NaN,NaN,NaN,NaN,TD,NW,b,b,NaN,NaN,NaN,NaN,NaN,NaN,
1979122418,s04.1980,9X-S04,TS,NN,-12.6,92.5,30,NaN,304,7,304,7,NaN,NaN,NaN,NaN,NaN,NaN,NaN,NaN,NaN,NaN,TD,NW,b,b,NaN,NaN,NaN,NaN,NaN,NaN,
1979122500,s04.1980,9X-S04,TS,NN,-12.2,91.8,30,NaN,304,7,304,7,NaN,NaN,NaN,NaN,NaN,NaN,NaN,NaN,NaN,NaN,TD,NW,b,b,NaN,NaN,NaN,NaN,NaN,NaN,
1979122506,s04.1980,9X-S04,TS,NN,-11.8,90.9,30,NaN,297,9,297,9,NaN,NaN,NaN,NaN,NaN,NaN,NaN,NaN,NaN,NaN,TD,NW,b,b,NaN,NaN,NaN,NaN,NaN,NaN,
1979122512,s04.1980,9X-S04,TS,NN,-11.5,90.0,30,NaN,292,9,292,9,NaN,NaN,NaN,NaN,NaN,NaN,NaN,NaN,NaN,NaN,TD,NW,b,b,NaN,NaN,NaN,NaN,NaN,NaN,
1979122518,s04.1980,9X-S04,TS,NN,-11.4,89.6,30,NaN,287,7,287,7,NaN,NaN,NaN,NaN,NaN,NaN,NaN,NaN,NaN,NaN,TD,NW,b,b,NaN,NaN,NaN,NaN,NaN,NaN,
1979122600,04s.1980,TC04S,TS,NN,-11.4,89.3,35,NaN,278,3,278,3,NaN,NaN,NaN,NaN,NaN,NaN,NaN,NaN,NaN,NaN,TS,NW,b,b,NaN,NaN,NaN,NaN,NaN,NaN,
1979122606,04s.1980,TC04S,TS,NN,-11.6,89.0,35,NaN,251,3,251,3,NaN,NaN,NaN,NaN,NaN,NaN,NaN,NaN,NaN,NaN,TS,NW,b,b,NaN,NaN,NaN,NaN,NaN,NaN,
1979122612,04s.1980,TC04S,TS,NN,-12.0,89.0,35,NaN,206,3,206,3,NaN,NaN,NaN,NaN,NaN,NaN,NaN,NaN,NaN,NaN,TS,NW,b,b,NaN,NaN,NaN,NaN,NaN,NaN,
1979122618,04s.1980,TC04S,TS,NN,-13.0,89.7,35,NaN,154,8,154,8,NaN,NaN,NaN,NaN,NaN,NaN,NaN,NaN,NaN,NaN,TS,NW,b,b,NaN,NaN,NaN,NaN,NaN,NaN,
1979122700,04s.1980,TC04S,TS,NN,-13.8,90.6,40,NaN,139,12,139,12,NaN,NaN,NaN,NaN,NaN,NaN,NaN,NaN,NaN,NaN,TS,NW,b,b,NaN,NaN,NaN,NaN,NaN,NaN,
1979122706,04s.1980,TC04S,TS,NN,-14.1,90.9,40,NaN,133,8,133,8,NaN,NaN,NaN,NaN,NaN,NaN,NaN,NaN,NaN,NaN,TS,NW,b,b,NaN,NaN,NaN,NaN,NaN,NaN,
1979122712,04s.1980,TC04S,TS,NN,-14.3,91.3,45,NaN,126,4,126,4,NaN,NaN,NaN,NaN,NaN,NaN,NaN,NaN,NaN,NaN,TS,NW,b,b,NaN,NaN,NaN,NaN,NaN,NaN,
1979122718,04s.1980,TC04S,TS,NN,-14.5,91.7,45,NaN,117,4,117,4,NaN,NaN,NaN,NaN,NaN,NaN,NaN,NaN,NaN,NaN,TS,NW,b,b,NaN,NaN,NaN,NaN,NaN,NaN,
1979122800,04s.1980,TC04S,TS,NN,-14.7,92.2,45,NaN,115,5,115,5,NaN,NaN,NaN,NaN,NaN,NaN,NaN,NaN,NaN,NaN,TS,NW,b,b,NaN,NaN,NaN,NaN,NaN,NaN,
1979122806,04s.1980,TC04S,TS,NN,-15.3,92.6,50,NaN,133,6,133,6,NaN,NaN,NaN,NaN,NaN,NaN,NaN,NaN,NaN,NaN,TS,NW,b,b,NaN,NaN,NaN,NaN,NaN,NaN,
1979122812,04s.1980,TC04S,TS,NN,-16.0,93.1,55,NaN,146,8,146,8,NaN,NaN,NaN,NaN,NaN,NaN,NaN,NaN,NaN,NaN,TS,NW,b,b,NaN,NaN,NaN,NaN,NaN,NaN,
1979122818,04s.1980,TC04S,TS,NN,-16.5,93.0,55,NaN,162,6,162,6,NaN,NaN,NaN,NaN,NaN,NaN,NaN,NaN,NaN,NaN,TS,NW,b,b,NaN,NaN,NaN,NaN,NaN,NaN,
1979122900,04s.1980,TC04S,TS,NN,-16.8,92.2,55,NaN,227,6,227,6,NaN,NaN,NaN,NaN,NaN,NaN,NaN,NaN,NaN,NaN,TS,NW,b,b,NaN,NaN,NaN,NaN,NaN,NaN,
1979122906,04s.1980,TC04S,TS,NN,-16.6,91.2,50,NaN,267,9,267,9,NaN,NaN,NaN,NaN,NaN,NaN,NaN,NaN,NaN,NaN,TS,NW,b,b,NaN,NaN,NaN,NaN,NaN,NaN,
1979122912,04s.1980,TC04S,TS,NN,-16.3,90.4,45,NaN,286,9,286,9,NaN,NaN,NaN,NaN,NaN,NaN,NaN,NaN,NaN,NaN,TS,NW,b,b,NaN,NaN,NaN,NaN,NaN,NaN,
1979122918,04s.1980,TC04S,TS,NN,-16.5,89.9,40,NaN,275,6,275,6,NaN,NaN,NaN,NaN,NaN,NaN,NaN,NaN,NaN,NaN,TS,NW,b,b,NaN,NaN,NaN,NaN,NaN,NaN,
1979123000,04s.1980,TC04S,TS,NN,-16.7,89.5,40,NaN,245,5,245,5,NaN,NaN,NaN,NaN,NaN,NaN,NaN,NaN,NaN,NaN,TS,NW,b,b,NaN,NaN,NaN,NaN,NaN,NaN,
1979123006,04s.1980,TC04S,TS,NN,-16.5,89.1,40,NaN,270,4,270,4,NaN,NaN,NaN,NaN,NaN,NaN,NaN,NaN,NaN,NaN,TS,NW,b,b,NaN,NaN,NaN,NaN,NaN,NaN,
1979123012,04s.1980,TC04S,TS,NN,-16.3,88.5,40,NaN,293,5,293,5,NaN,NaN,NaN,NaN,NaN,NaN,NaN,NaN,NaN,NaN,TS,NW,b,b,NaN,NaN,NaN,NaN,NaN,NaN,
1979123018,04s.1980,TC04S,TS,NN,-16.4,87.6,40,NaN,274,7,274,7,NaN,NaN,NaN,NaN,NaN,NaN,NaN,NaN,NaN,NaN,TS,NW,b,b,NaN,NaN,NaN,NaN,NaN,NaN,
1979123100,04s.1980,TC04S,TS,NN,-16.5,86.5,40,NaN,264,10,264,10,NaN,NaN,NaN,NaN,NaN,NaN,NaN,NaN,NaN,NaN,TS,NW,b,b,NaN,NaN,NaN,NaN,NaN,NaN,
1979123106,04s.1980,TC04S,TS,NN,-16.3,85.6,45,NaN,273,10,273,10,NaN,NaN,NaN,NaN,NaN,NaN,NaN,NaN,NaN,NaN,TS,NW,b,b,NaN,NaN,NaN,NaN,NaN,NaN,
1979123112,04s.1980,TC04S,TS,NN,-16.2,84.6,45,NaN,279,9,279,9,NaN,NaN,NaN,NaN,NaN,NaN,NaN,NaN,NaN,NaN,TS,NW,b,b,NaN,NaN,NaN,NaN,NaN,NaN,
1979123118,04s.1980,TC04S,TS,NN,-16.1,83.3,40,NaN,275,11,275,11,NaN,NaN,NaN,NaN,NaN,NaN,NaN,NaN,NaN,NaN,TS,NW,b,b,NaN,NaN,NaN,NaN,NaN,NaN,
1980010100,04s.1980,TC04S,TS,NN,-16.1,82.0,35,NaN,272,12,272,12,NaN,NaN,NaN,NaN,NaN,NaN,NaN,NaN,NaN,NaN,TS,NW,b,b,NaN,NaN,NaN,NaN,NaN,NaN,
1980010106,04s.1980,TC04S,TS,NN,-16.1,81.0,35,NaN,270,11,270,11,NaN,NaN,NaN,NaN,NaN,NaN,NaN,NaN,NaN,NaN,TS,NW,b,b,NaN,NaN,NaN,NaN,NaN,NaN,
1980010112,04s.1980,TC04S,TS,NN,-16.1,79.9,30,NaN,270,10,270,10,NaN,NaN,NaN,NaN,NaN,NaN,NaN,NaN,NaN,NaN,TD,NW,b,b,NaN,NaN,NaN,NaN,NaN,NaN,
1980010118,04s.1980,TC04S,TS,NN,-16.1,78.6,30,NaN,270,12,270,12,NaN,NaN,NaN,NaN,NaN,NaN,NaN,NaN,NaN,NaN,TD,NW,b,b,NaN,NaN,NaN,NaN,NaN,NaN,
1980010200,04s.1980,TC04S,TS,NN,-16.0,77.2,25,NaN,272,13,272,13,NaN,NaN,NaN,NaN,NaN,NaN,NaN,NaN,NaN,NaN,TD,NW,b,b,NaN,NaN,NaN,NaN,NaN,NaN,
1980010206,04s.1980,TC04S,TS,NN,-15.8,76.0,25,NaN,277,13,277,13,NaN,NaN,NaN,NaN,NaN,NaN,NaN,NaN,NaN,NaN,TD,NW,b,b,NaN,NaN,NaN,NaN,NaN,NaN,
1980010212,04s.1980,TC04S,TS,NN,-15.5,75.0,25,NaN,283,11,283,11,NaN,NaN,NaN,NaN,NaN,NaN,NaN,NaN,NaN,NaN,TD,NW,b,b,NaN,NaN,NaN,NaN,NaN,NaN,
1980010100,s05.1980,9X-S05,TY,NN,-12.5,172.5,25,NaN,360,5,360,5,NaN,NaN,NaN,NaN,NaN,NaN,NaN,NaN,NaN,NaN,TD,NW,b,b,NaN,NaN,NaN,NaN,NaN,NaN,
1980010106,s05.1980,9X-S05,TY,NN,-11.9,172.4,25,NaN,360,5,360,5,NaN,NaN,NaN,NaN,NaN,NaN,NaN,NaN,NaN,NaN,TD,NW,b,b,NaN,NaN,NaN,NaN,NaN,NaN,
1980010112,s05.1980,9X-S05,TY,NN,-11.5,172.5,25,NaN,360,5,360,5,NaN,NaN,NaN,NaN,NaN,NaN,NaN,NaN,NaN,NaN,TD,NW,b,b,NaN,NaN,NaN,NaN,NaN,NaN,
1980010118,s05.1980,9X-S05,TY,NN,-11.2,172.7,30,NaN,23,4,23,4,NaN,NaN,NaN,NaN,NaN,NaN,NaN,NaN,NaN,NaN,TD,NW,b,b,NaN,NaN,NaN,NaN,NaN,NaN,
1980010200,s05.1980,9X-S05,TY,NN,-11.2,173.0,30,NaN,59,3,59,3,NaN,NaN,NaN,NaN,NaN,NaN,NaN,NaN,NaN,NaN,TD,NW,b,b,NaN,NaN,NaN,NaN,NaN,NaN,
1980010206,s05.1980,9X-S05,TY,NN,-11.6,173.2,30,NaN,129,3,129,3,NaN,NaN,NaN,NaN,NaN,NaN,NaN,NaN,NaN,NaN,TD,NW,b,b,NaN,NaN,NaN,NaN,NaN,NaN,
1980010212,05s.1980,TC05S,TY,NN,-12.0,173.5,35,NaN,149,5,149,5,NaN,NaN,NaN,NaN,NaN,NaN,NaN,NaN,NaN,NaN,TS,NW,b,b,NaN,NaN,NaN,NaN,NaN,NaN,
1980010218,05s.1980,TC05S,TY,NN,-12.5,174.0,35,NaN,139,6,139,6,NaN,NaN,NaN,NaN,NaN,NaN,NaN,NaN,NaN,NaN,TS,NW,b,b,NaN,NaN,NaN,NaN,NaN,NaN,
1980010300,05s.1980,TC05S,TY,NN,-13.0,174.5,35,NaN,136,7,136,7,NaN,NaN,NaN,NaN,NaN,NaN,NaN,NaN,NaN,NaN,TS,NW,b,b,NaN,NaN,NaN,NaN,NaN,NaN,
1980010306,05s.1980,TC05S,TY,NN,-13.9,174.8,40,NaN,151,8,151,8,NaN,NaN,NaN,NaN,NaN,NaN,NaN,NaN,NaN,NaN,TS,NW,b,b,NaN,NaN,NaN,NaN,NaN,NaN,
1980010312,05s.1980,TC05S,TY,NN,-15.0,175.0,50,NaN,166,10,166,10,NaN,NaN,NaN,NaN,NaN,NaN,NaN,NaN,NaN,NaN,TS,NW,b,b,NaN,NaN,NaN,NaN,NaN,NaN,
1980010318,05s.1980,TC05S,TY,NN,-16.2,175.3,60,NaN,168,12,168,12,NaN,NaN,NaN,NaN,NaN,NaN,NaN,NaN,NaN,NaN,TS,NW,b,b,NaN,NaN,NaN,NaN,NaN,NaN,
1980010400,05s.1980,TC05S,TY,NN,-17.5,175.8,65,NaN,163,13,163,13,NaN,NaN,NaN,NaN,NaN,NaN,NaN,NaN,NaN,NaN,TY,NW,b,b,NaN,NaN,NaN,NaN,NaN,NaN,
1980010406,05s.1980,TC05S,TY,NN,-18.6,176.8,60,NaN,149,14,149,14,NaN,NaN,NaN,NaN,NaN,NaN,NaN,NaN,NaN,NaN,TS,NW,b,b,NaN,NaN,0.03,NaN,NaN,NaN,
1980010412,05s.1980,TC05S,TY,NN,-19.5,178.0,50,NaN,134,14,134,14,NaN,NaN,NaN,NaN,NaN,NaN,NaN,NaN,NaN,NaN,TS,NW,b,b,NaN,NaN,0.03,NaN,NaN,NaN,
1980010418,05s.1980,TC05S,TY,NN,-19.6,179.2,35,NaN,114,12,114,12,NaN,NaN,NaN,NaN,NaN,NaN,NaN,NaN,NaN,NaN,TS,NW,b,b,NaN,NaN,NaN,NaN,NaN,NaN,
1980010500,05s.1980,TC05S,TY,NN,-19.6,180.7,30,NaN,92,13,92,13,NaN,NaN,NaN,NaN,NaN,NaN,NaN,NaN,NaN,NaN,TD,NW,b,b,NaN,NaN,NaN,NaN,NaN,NaN,
1980010506,05s.1980,TC05S,TY,NN,-20.2,182.8,25,NaN,100,17,100,17,NaN,NaN,NaN,NaN,NaN,NaN,NaN,NaN,NaN,NaN,TD,NW,b,b,NaN,NaN,NaN,NaN,NaN,NaN,
1980010512,05s.1980,TC05S,TY,NN,-20.8,185.0,25,NaN,107,21,107,21,NaN,NaN,NaN,NaN,NaN,NaN,NaN,NaN,NaN,NaN,TD,NW,b,b,NaN,NaN,0.03,NaN,NaN,NaN,
1980010518,05s.1980,TC05S,TY,NN,-21.4,187.2,25,NaN,106,21,106,21,NaN,NaN,NaN,NaN,NaN,NaN,NaN,NaN,NaN,NaN,TD,NW,b,b,NaN,NaN,NaN,NaN,NaN,NaN,
1980010600,05s.1980,TC05S,TY,NN,-22.0,189.5,30,NaN,106,22,106,22,NaN,NaN,NaN,NaN,NaN,NaN,NaN,NaN,NaN,NaN,TD,NW,b,b,NaN,NaN,NaN,NaN,NaN,NaN,
1980010300,s06.1980,9X-S06,TS,NN,-14.0,136.0,25,NaN,136,10,136,10,NaN,NaN,NaN,NaN,NaN,NaN,NaN,NaN,NaN,NaN,TD,NW,b,b,NaN,NaN,0.39,NaN,NaN,NaN,
1980010306,s06.1980,9X-S06,TS,NN,-14.8,136.8,25,NaN,136,10,136,10,NaN,NaN,NaN,NaN,NaN,NaN,NaN,NaN,NaN,NaN,TD,NW,b,b,NaN,NaN,NaN,NaN,NaN,NaN,
1980010312,s06.1980,9X-S06,TS,NN,-15.5,137.5,25,NaN,136,10,136,10,NaN,NaN,NaN,NaN,NaN,NaN,NaN,NaN,NaN,NaN,TD,NW,b,b,NaN,NaN,0.02,NaN,NaN,NaN,
1980010318,s06.1980,9X-S06,TS,NN,-16.1,138.1,30,NaN,136,9,136,9,NaN,NaN,NaN,NaN,NaN,NaN,NaN,NaN,NaN,NaN,TD,NW,b,b,NaN,NaN,0.07,NaN,NaN,NaN,
1980010400,s06.1980,9X-S06,TS,NN,-16.5,138.5,30,NaN,136,7,136,7,NaN,NaN,NaN,NaN,NaN,NaN,NaN,NaN,NaN,NaN,TD,NW,b,b,NaN,NaN,0.22,NaN,NaN,NaN,
1980010406,s06.1980,9X-S06,TS,NN,-16.7,138.7,30,NaN,136,4,136,4,NaN,NaN,NaN,NaN,NaN,NaN,NaN,NaN,NaN,NaN,TD,NW,b,b,NaN,NaN,0.22,NaN,NaN,NaN,
1980010412,s06.1980,9X-S06,TS,NN,-16.8,139.0,30,NaN,122,3,122,3,NaN,NaN,NaN,NaN,NaN,NaN,NaN,NaN,NaN,NaN,TD,NW,b,b,NaN,NaN,0.53,NaN,NaN,NaN,
1980010418,06s.1980,TC06S,TS,NN,-16.9,139.2,35,NaN,113,3,113,3,NaN,NaN,NaN,NaN,NaN,NaN,NaN,NaN,NaN,NaN,TS,NW,b,b,NaN,NaN,0.53,NaN,NaN,NaN,
1980010500,06s.1980,TC06S,TS,NN,-17.2,139.5,35,NaN,130,3,130,3,NaN,NaN,NaN,NaN,NaN,NaN,NaN,NaN,NaN,NaN,TS,NW,b,b,NaN,NaN,0.21,NaN,NaN,NaN,
1980010506,06s.1980,TC06S,TS,NN,-17.6,139.9,35,NaN,136,5,136,5,NaN,NaN,NaN,NaN,NaN,NaN,NaN,NaN,NaN,NaN,TS,NW,b,b,NaN,NaN,0.34,NaN,NaN,NaN,
1980010512,06s.1980,TC06S,TS,NN,-18.0,140.5,40,NaN,130,6,130,6,NaN,NaN,NaN,NaN,NaN,NaN,NaN,NaN,NaN,NaN,TS,NW,b,b,NaN,NaN,0.85,NaN,NaN,NaN,
1980010518,06s.1980,TC06S,TS,NN,-18.4,141.0,40,NaN,127,7,127,7,NaN,NaN,NaN,NaN,NaN,NaN,NaN,NaN,NaN,NaN,TS,NW,b,b,NaN,NaN,1.00,NaN,NaN,NaN,
1980010600,06s.1980,TC06S,TS,NN,-18.8,141.7,45,NaN,125,7,125,7,NaN,NaN,NaN,NaN,NaN,NaN,NaN,NaN,NaN,NaN,TS,NW,b,b,NaN,NaN,1.00,NaN,NaN,NaN,
1980010606,06s.1980,TC06S,TS,NN,-19.3,143.9,50,NaN,108,14,108,14,NaN,NaN,NaN,NaN,NaN,NaN,NaN,NaN,NaN,NaN,TS,NW,b,b,NaN,NaN,1.00,NaN,NaN,NaN,
1980010612,06s.1980,TC06S,TS,NN,-20.0,146.5,50,NaN,105,23,105,23,NaN,NaN,NaN,NaN,NaN,NaN,NaN,NaN,NaN,NaN,TS,NW,b,b,NaN,NaN,0.99,NaN,NaN,NaN,
1980010618,06s.1980,TC06S,TS,NN,-20.7,147.7,55,NaN,111,19,111,19,NaN,NaN,NaN,NaN,NaN,NaN,NaN,NaN,NaN,NaN,TS,NW,b,b,NaN,NaN,0.99,NaN,NaN,NaN,
1980010700,06s.1980,TC06S,TS,NN,-21.5,149.0,60,NaN,123,14,123,14,NaN,NaN,NaN,NaN,NaN,NaN,NaN,NaN,NaN,NaN,TS,NW,b,b,NaN,NaN,0.83,NaN,NaN,NaN,
1980010706,06s.1980,TC06S,TS,NN,-22.5,151.4,60,NaN,118,19,118,19,NaN,NaN,NaN,NaN,NaN,NaN,NaN,NaN,NaN,NaN,TS,NW,b,b,NaN,NaN,NaN,NaN,NaN,NaN,
1980010712,06s.1980,TC06S,TS,NN,-23.6,153.6,55,NaN,116,24,116,24,NaN,NaN,NaN,NaN,NaN,NaN,NaN,NaN,NaN,NaN,TS,NW,b,b,NaN,NaN,NaN,NaN,NaN,NaN,
1980010718,06s.1980,TC06S,TS,NN,-24.5,154.8,45,NaN,123,19,123,19,NaN,NaN,NaN,NaN,NaN,NaN,NaN,NaN,NaN,NaN,TS,NW,b,b,NaN,NaN,NaN,NaN,NaN,NaN,
1980010800,06s.1980,TC06S,TS,NN,-25.6,155.9,45,NaN,134,14,134,14,NaN,NaN,NaN,NaN,NaN,NaN,NaN,NaN,NaN,NaN,TS,NW,b,b,NaN,NaN,NaN,NaN,NaN,NaN,
1980010806,06s.1980,TC06S,TS,NN,-27.6,157.5,45,NaN,142,20,142,20,NaN,NaN,NaN,NaN,NaN,NaN,NaN,NaN,NaN,NaN,TS,NW,b,b,NaN,NaN,NaN,NaN,NaN,NaN,
1980010812,06s.1980,TC06S,TS,NN,-29.9,159.1,50,NaN,147,26,147,26,NaN,NaN,NaN,NaN,NaN,NaN,NaN,NaN,NaN,NaN,TS,NW,b,b,NaN,NaN,NaN,NaN,NaN,NaN,
1980010818,06s.1980,TC06S,TS,NN,-32.0,160.5,55,NaN,149,26,149,26,NaN,NaN,NaN,NaN,NaN,NaN,NaN,NaN,NaN,NaN,TS,NW,b,b,NaN,NaN,NaN,NaN,NaN,NaN,
1980010900,06s.1980,TC06S,TS,NN,-34.0,160.9,60,NaN,160,22,160,22,NaN,NaN,NaN,NaN,NaN,NaN,NaN,NaN,NaN,NaN,TS,NW,b,b,NaN,NaN,NaN,NaN,NaN,NaN,
1980010906,06s.1980,TC06S,TS,NN,-35.9,160.2,60,NaN,184,20,184,20,NaN,NaN,NaN,NaN,NaN,NaN,NaN,NaN,NaN,NaN,TS,NW,b,b,NaN,NaN,NaN,NaN,NaN,NaN,
1980010912,06s.1980,TC06S,TS,NN,-37.5,159.0,60,NaN,204,19,204,19,NaN,NaN,NaN,NaN,NaN,NaN,NaN,NaN,NaN,NaN,TS,NW,b,b,NaN,NaN,NaN,NaN,NaN,NaN,
1980010918,06s.1980,TC06S,TS,NN,-38.3,157.8,60,NaN,219,15,219,15,NaN,NaN,NaN,NaN,NaN,NaN,NaN,NaN,NaN,NaN,TS,NW,b,b,NaN,NaN,NaN,NaN,NaN,NaN,
1980011000,06s.1980,TC06S,TS,NN,-39.0,156.5,55,NaN,233,12,233,12,NaN,NaN,NaN,NaN,NaN,NaN,NaN,NaN,NaN,NaN,TS,NW,b,b,NaN,NaN,NaN,NaN,NaN,NaN,
1980011006,06s.1980,TC06S,TS,NN,-40.3,155.3,45,NaN,224,14,224,14,NaN,NaN,NaN,NaN,NaN,NaN,NaN,NaN,NaN,NaN,TS,NW,b,b,NaN,NaN,NaN,NaN,NaN,NaN,
1980011012,06s.1980,TC06S,TS,NN,-41.6,154.0,35,NaN,216,16,216,16,NaN,NaN,NaN,NaN,NaN,NaN,NaN,NaN,NaN,NaN,TS,NW,b,b,NaN,NaN,NaN,NaN,NaN,NaN,
1980011018,06s.1980,TC06S,TS,NN,-43.1,152.9,30,NaN,213,17,213,17,NaN,NaN,NaN,NaN,NaN,NaN,NaN,NaN,NaN,NaN,TD,NW,b,b,NaN,NaN,NaN,NaN,NaN,NaN,
1980011100,06s.1980,TC06S,TS,NN,-44.5,152.0,30,NaN,207,16,207,16,NaN,NaN,NaN,NaN,NaN,NaN,NaN,NaN,NaN,NaN,TD,NW,b,b,NaN,NaN,NaN,NaN,NaN,NaN,
1980011106,06s.1980,TC06S,TS,NN,-45.1,151.6,30,NaN,205,11,205,11,NaN,NaN,NaN,NaN,NaN,NaN,NaN,NaN,NaN,NaN,TD,NW,b,b,NaN,NaN,NaN,NaN,NaN,NaN,
1980011112,06s.1980,TC06S,TS,NN,-45.5,152.0,30,NaN,180,5,180,5,NaN,NaN,NaN,NaN,NaN,NaN,NaN,NaN,NaN,NaN,TD,NW,b,b,NaN,NaN,NaN,NaN,NaN,NaN,
1980011118,06s.1980,TC06S,TS,NN,-46.3,153.1,25,NaN,139,8,139,8,NaN,NaN,NaN,NaN,NaN,NaN,NaN,NaN,NaN,NaN,TD,NW,b,b,NaN,NaN,NaN,NaN,NaN,NaN,
1980011200,06s.1980,TC06S,TS,NN,-47.0,155.0,25,NaN,126,13,126,13,NaN,NaN,NaN,NaN,NaN,NaN,NaN,NaN,NaN,NaN,TD,NW,b,b,NaN,NaN,NaN,NaN,NaN,NaN,
1980011206,06s.1980,TC06S,TS,NN,-47.2,157.6,25,NaN,106,16,106,16,NaN,NaN,NaN,NaN,NaN,NaN,NaN,NaN,NaN,NaN,TD,NW,b,b,NaN,NaN,NaN,NaN,NaN,NaN,
1980011212,06s.1980,TC06S,TS,NN,-47.0,161.0,25,NaN,90,20,90,20,NaN,NaN,NaN,NaN,NaN,NaN,NaN,NaN,NaN,NaN,TD,NW,b,b,NaN,NaN,NaN,NaN,NaN,NaN,
1980010412,07p.1980,TC07P,TY,NN,-13.2,120.0,40,NaN,200,7,200,7,NaN,NaN,NaN,NaN,NaN,NaN,NaN,NaN,NaN,NaN,TS,NW,b,b,NaN,NaN,NaN,NaN,NaN,NaN,
1980010418,07p.1980,TC07P,TY,NN,-14.0,119.7,40,NaN,200,7,200,7,NaN,NaN,NaN,NaN,NaN,NaN,NaN,NaN,NaN,NaN,TS,NW,b,b,NaN,NaN,NaN,NaN,NaN,NaN,
1980010500,07p.1980,TC07P,TY,NN,-14.5,119.5,40,NaN,200,7,200,7,NaN,NaN,NaN,NaN,NaN,NaN,NaN,NaN,NaN,NaN,TS,NW,b,b,NaN,NaN,NaN,NaN,NaN,NaN,
1980010506,07p.1980,TC07P,TY,NN,-14.7,119.6,40,NaN,188,4,188,4,NaN,NaN,NaN,NaN,NaN,NaN,NaN,NaN,NaN,NaN,TS,NW,b,b,NaN,NaN,NaN,NaN,NaN,NaN,
1980010512,07p.1980,TC07P,TY,NN,-14.8,119.6,40,NaN,162,2,162,2,NaN,NaN,NaN,NaN,NaN,NaN,NaN,NaN,NaN,NaN,TS,NW,b,b,NaN,NaN,NaN,NaN,NaN,NaN,
1980010518,07p.1980,TC07P,TY,NN,-15.1,119.4,40,NaN,206,2,206,2,NaN,NaN,NaN,NaN,NaN,NaN,NaN,NaN,NaN,NaN,TS,NW,b,b,NaN,NaN,NaN,NaN,NaN,NaN,
1980010600,07p.1980,TC07P,TY,NN,-15.2,119.0,45,NaN,235,4,235,4,NaN,NaN,NaN,NaN,NaN,NaN,NaN,NaN,NaN,NaN,TS,NW,b,b,NaN,NaN,NaN,NaN,NaN,NaN,
1980010606,07p.1980,TC07P,TY,NN,-15.1,118.4,45,NaN,270,5,270,5,NaN,NaN,NaN,NaN,NaN,NaN,NaN,NaN,NaN,NaN,TS,NW,b,b,NaN,NaN,NaN,NaN,NaN,NaN,
1980010612,07p.1980,TC07P,TY,NN,-15.0,118.0,50,NaN,282,5,282,5,NaN,NaN,NaN,NaN,NaN,NaN,NaN,NaN,NaN,NaN,TS,NW,b,b,NaN,NaN,NaN,NaN,NaN,NaN,
1980010618,07p.1980,TC07P,TY,NN,-14.9,118.1,50,NaN,305,2,305,2,NaN,NaN,NaN,NaN,NaN,NaN,NaN,NaN,NaN,NaN,TS,NW,b,b,NaN,NaN,NaN,NaN,NaN,NaN,
1980010700,07p.1980,TC07P,TY,NN,-14.8,118.2,55,NaN,44,1,44,1,NaN,NaN,NaN,NaN,NaN,NaN,NaN,NaN,NaN,NaN,TS,NW,b,b,NaN,NaN,NaN,NaN,NaN,NaN,
1980010706,07p.1980,TC07P,TY,NN,-15.3,118.2,55,NaN,166,2,166,2,NaN,NaN,NaN,NaN,NaN,NaN,NaN,NaN,NaN,NaN,TS,NW,b,b,NaN,NaN,NaN,NaN,NaN,NaN,
1980010712,07p.1980,TC07P,TY,NN,-16.1,118.3,60,NaN,176,7,176,7,NaN,NaN,NaN,NaN,NaN,NaN,NaN,NaN,NaN,NaN,TS,NW,b,b,NaN,NaN,NaN,NaN,NaN,NaN,
1980010718,07p.1980,TC07P,TY,NN,-16.8,118.5,60,NaN,169,8,169,8,NaN,NaN,NaN,NaN,NaN,NaN,NaN,NaN,NaN,NaN,TS,NW,b,b,NaN,NaN,NaN,NaN,NaN,NaN,
1980010800,07p.1980,TC07P,TY,NN,-17.5,118.8,65,NaN,161,7,161,7,NaN,NaN,NaN,NaN,NaN,NaN,NaN,NaN,NaN,NaN,TY,NW,b,b,NaN,NaN,NaN,NaN,NaN,NaN,
1980010806,07p.1980,TC07P,TY,NN,-17.9,118.8,70,NaN,165,6,165,6,NaN,NaN,NaN,NaN,NaN,NaN,NaN,NaN,NaN,NaN,TY,NW,b,b,NaN,NaN,NaN,NaN,NaN,NaN,
1980010812,07p.1980,TC07P,TY,NN,-18.2,118.8,75,NaN,180,3,180,3,NaN,NaN,NaN,NaN,NaN,NaN,NaN,NaN,NaN,NaN,TY,NW,b,b,NaN,NaN,NaN,NaN,NaN,NaN,
1980010818,07p.1980,TC07P,TY,NN,-18.6,119.1,90,NaN,158,4,158,4,NaN,NaN,NaN,NaN,NaN,NaN,NaN,NaN,NaN,NaN,TY,NW,b,b,NaN,NaN,NaN,NaN,NaN,NaN,
1980010900,07p.1980,TC07P,TY,NN,-19.0,119.3,100,NaN,149,5,149,5,NaN,NaN,NaN,NaN,NaN,NaN,NaN,NaN,NaN,NaN,TY,NW,b,b,NaN,NaN,NaN,NaN,NaN,NaN,
1980010906,07p.1980,TC07P,TY,NN,-19.4,119.3,100,NaN,167,4,167,4,NaN,NaN,NaN,NaN,NaN,NaN,NaN,NaN,NaN,NaN,TY,NW,b,b,NaN,NaN,0.02,NaN,NaN,NaN,
1980010912,07p.1980,TC07P,TY,NN,-19.8,119.3,90,NaN,180,4,180,4,NaN,NaN,NaN,NaN,NaN,NaN,NaN,NaN,NaN,NaN,TY,NW,b,b,NaN,NaN,0.49,NaN,NaN,NaN,
1980010918,07p.1980,TC07P,TY,NN,-19.9,119.5,75,NaN,159,3,159,3,NaN,NaN,NaN,NaN,NaN,NaN,NaN,NaN,NaN,NaN,TY,NW,b,b,NaN,NaN,0.49,NaN,NaN,NaN,
1980011000,07p.1980,TC07P,TY,NN,-19.9,119.7,60,NaN,105,2,105,2,NaN,NaN,NaN,NaN,NaN,NaN,NaN,NaN,NaN,NaN,TS,NW,b,b,NaN,NaN,0.49,NaN,NaN,NaN,
1980011006,07p.1980,TC07P,TY,NN,-20.3,119.9,45,NaN,137,3,137,3,NaN,NaN,NaN,NaN,NaN,NaN,NaN,NaN,NaN,NaN,TS,NW,b,b,NaN,NaN,0.97,NaN,NaN,NaN,
1980011012,07p.1980,TC07P,TY,NN,-21.0,120.0,30,NaN,166,6,166,6,NaN,NaN,NaN,NaN,NaN,NaN,NaN,NaN,NaN,NaN,TD,NW,b,b,NaN,NaN,0.99,NaN,NaN,NaN,
1980011018,07p.1980,TC07P,TY,NN,-21.8,119.4,NaN,NaN,197,8,197,8,NaN,NaN,NaN,NaN,NaN,NaN,NaN,NaN,NaN,NaN,NT,NW,b,b,NaN,NaN,1.00,NaN,NaN,NaN,
1980011100,07p.1980,TC07P,TY,NN,-22.7,117.8,NaN,NaN,230,13,230,13,NaN,NaN,NaN,NaN,NaN,NaN,NaN,NaN,NaN,NaN,NT,NW,b,b,NaN,NaN,1.00,NaN,NaN,NaN,
1980011700,p08.1980,9X-P08,TY,NN,-19.3,57.1,30,NaN,245,5,245,5,NaN,NaN,NaN,NaN,NaN,NaN,NaN,NaN,NaN,NaN,TD,NW,b,b,NaN,NaN,NaN,NaN,NaN,NaN,
1980011706,08p.1980,TC08P,TY,NN,-19.5,56.6,40,NaN,245,5,245,5,NaN,NaN,NaN,NaN,NaN,NaN,NaN,NaN,NaN,NaN,TS,NW,b,b,NaN,NaN,NaN,NaN,NaN,NaN,
1980011712,08p.1980,TC08P,TY,NN,-19.7,56.2,45,NaN,245,5,245,5,NaN,NaN,NaN,NaN,NaN,NaN,NaN,NaN,NaN,NaN,TS,NW,b,b,NaN,NaN,NaN,NaN,NaN,NaN,
1980011718,08p.1980,TC08P,TY,NN,-19.8,55.9,50,NaN,246,4,246,4,NaN,NaN,NaN,NaN,NaN,NaN,NaN,NaN,NaN,NaN,TS,NW,b,b,NaN,NaN,NaN,NaN,NaN,NaN,
1980011800,08p.1980,TC08P,TY,NN,-19.9,55.5,55,NaN,253,3,253,3,NaN,NaN,NaN,NaN,NaN,NaN,NaN,NaN,NaN,NaN,TS,NW,b,b,NaN,NaN,NaN,NaN,NaN,NaN,
1980011806,08p.1980,TC08P,TY,NN,-20.1,54.9,55,NaN,252,5,252,5,NaN,NaN,NaN,NaN,NaN,NaN,NaN,NaN,NaN,NaN,TS,NW,b,b,NaN,NaN,NaN,NaN,NaN,NaN,
1980011812,08p.1980,TC08P,TY,NN,-20.3,54.2,55,NaN,252,6,252,6,NaN,NaN,NaN,NaN,NaN,NaN,NaN,NaN,NaN,NaN,TS,NW,b,b,NaN,NaN,NaN,NaN,NaN,NaN,
1980011818,08p.1980,TC08P,TY,NN,-20.1,53.3,55,NaN,270,8,270,8,NaN,NaN,NaN,NaN,NaN,NaN,NaN,NaN,NaN,NaN,TS,NW,b,b,NaN,NaN,NaN,NaN,NaN,NaN,
1980011900,08p.1980,TC08P,TY,NN,-19.7,52.5,55,NaN,291,9,291,9,NaN,NaN,NaN,NaN,NaN,NaN,NaN,NaN,NaN,NaN,TS,NW,b,b,NaN,NaN,NaN,NaN,NaN,NaN,
1980011906,08p.1980,TC08P,TY,NN,-19.1,51.9,55,NaN,307,8,307,8,NaN,NaN,NaN,NaN,NaN,NaN,NaN,NaN,NaN,NaN,TS,NW,b,b,NaN,NaN,NaN,NaN,NaN,NaN,
1980011912,08p.1980,TC08P,TY,NN,-18.5,51.5,60,NaN,322,8,322,8,NaN,NaN,NaN,NaN,NaN,NaN,NaN,NaN,NaN,NaN,TS,NW,b,b,NaN,NaN,NaN,NaN,NaN,NaN,
1980011918,08p.1980,TC08P,TY,NN,-18.1,51.1,60,NaN,323,6,323,6,NaN,NaN,NaN,NaN,NaN,NaN,NaN,NaN,NaN,NaN,TS,NW,b,b,NaN,NaN,NaN,NaN,NaN,NaN,
1980012000,08p.1980,TC08P,TY,NN,-17.8,50.8,60,NaN,316,5,316,5,NaN,NaN,NaN,NaN,NaN,NaN,NaN,NaN,NaN,NaN,TS,NW,b,b,NaN,NaN,NaN,NaN,NaN,NaN,
1980012006,08p.1980,TC08P,TY,NN,-17.5,50.3,60,NaN,308,5,308,5,NaN,NaN,NaN,NaN,NaN,NaN,NaN,NaN,NaN,NaN,TS,NW,b,b,NaN,NaN,NaN,NaN,NaN,NaN,
1980012012,08p.1980,TC08P,TY,NN,-17.3,49.8,55,NaN,298,5,298,5,NaN,NaN,NaN,NaN,NaN,NaN,NaN,NaN,NaN,NaN,TS,NW,b,b,NaN,NaN,NaN,NaN,NaN,NaN,
1980012018,08p.1980,TC08P,TY,NN,-17.1,49.7,50,NaN,305,3,305,3,NaN,NaN,NaN,NaN,NaN,NaN,NaN,NaN,NaN,NaN,TS,NW,b,b,NaN,NaN,0.60,NaN,NaN,NaN,
1980012100,08p.1980,TC08P,TY,NN,-16.9,49.9,50,NaN,13,2,13,2,NaN,NaN,NaN,NaN,NaN,NaN,NaN,NaN,NaN,NaN,TS,NW,b,b,NaN,NaN,0.13,NaN,NaN,NaN,
1980012106,08p.1980,TC08P,TY,NN,-16.9,50.2,50,NaN,67,3,67,3,NaN,NaN,NaN,NaN,NaN,NaN,NaN,NaN,NaN,NaN,TS,NW,b,b,NaN,NaN,0.13,NaN,NaN,NaN,
1980012112,08p.1980,TC08P,TY,NN,-17.3,50.5,50,NaN,125,3,125,3,NaN,NaN,NaN,NaN,NaN,NaN,NaN,NaN,NaN,NaN,TS,NW,b,b,NaN,NaN,NaN,NaN,NaN,NaN,
1980012118,08p.1980,TC08P,TY,NN,-18.2,50.7,50,NaN,160,7,160,7,NaN,NaN,NaN,NaN,NaN,NaN,NaN,NaN,NaN,NaN,TS,NW,b,b,NaN,NaN,NaN,NaN,NaN,NaN,
1980012200,08p.1980,TC08P,TY,NN,-19.2,50.8,50,NaN,171,10,171,10,NaN,NaN,NaN,NaN,NaN,NaN,NaN,NaN,NaN,NaN,TS,NW,b,b,NaN,NaN,NaN,NaN,NaN,NaN,
1980012206,08p.1980,TC08P,TY,NN,-19.9,50.8,50,NaN,177,9,177,9,NaN,NaN,NaN,NaN,NaN,NaN,NaN,NaN,NaN,NaN,TS,NW,b,b,NaN,NaN,NaN,NaN,NaN,NaN,
1980012212,08p.1980,TC08P,TY,NN,-20.5,50.8,45,NaN,180,6,180,7,NaN,NaN,NaN,NaN,NaN,NaN,NaN,NaN,NaN,NaN,TS,NW,b,b,NaN,NaN,NaN,NaN,NaN,NaN,
1980012218,08p.1980,TC08P,TY,NN,-21.0,50.7,40,NaN,185,6,185,6,NaN,NaN,NaN,NaN,NaN,NaN,NaN,NaN,NaN,NaN,TS,NW,b,b,NaN,NaN,NaN,NaN,NaN,NaN,
1980012300,08p.1980,TC08P,TY,NN,-21.5,50.5,40,NaN,196,5,196,5,NaN,NaN,NaN,NaN,NaN,NaN,NaN,NaN,NaN,NaN,TS,NW,b,b,NaN,NaN,NaN,NaN,NaN,NaN,
1980012306,08p.1980,TC08P,TY,NN,-22.0,50.5,45,NaN,191,5,191,5,NaN,NaN,NaN,NaN,NaN,NaN,NaN,NaN,NaN,NaN,TS,NW,b,b,NaN,NaN,NaN,NaN,NaN,NaN,
1980012312,08p.1980,TC08P,TY,NN,-22.5,50.8,50,NaN,164,5,164,5,NaN,NaN,NaN,NaN,NaN,NaN,NaN,NaN,NaN,NaN,TS,NW,b,b,NaN,NaN,NaN,NaN,NaN,NaN,
1980012318,08p.1980,TC08P,TY,NN,-22.7,51.7,60,NaN,122,7,122,7,NaN,NaN,NaN,NaN,NaN,NaN,NaN,NaN,NaN,NaN,TS,NW,b,b,NaN,NaN,NaN,NaN,NaN,NaN,
1980012400,08p.1980,TC08P,TY,NN,-22.5,52.8,65,NaN,90,9,90,9,NaN,NaN,NaN,NaN,NaN,NaN,NaN,NaN,NaN,NaN,TY,NW,b,b,NaN,NaN,NaN,NaN,NaN,NaN,
1980012406,08p.1980,TC08P,TY,NN,-22.1,53.6,65,NaN,71,9,71,9,NaN,NaN,NaN,NaN,NaN,NaN,NaN,NaN,NaN,NaN,TY,NW,b,b,NaN,NaN,NaN,NaN,NaN,NaN,
1980012412,08p.1980,TC08P,TY,NN,-21.8,53.8,65,NaN,53,6,53,6,NaN,NaN,NaN,NaN,NaN,NaN,NaN,NaN,NaN,NaN,TY,NW,b,b,NaN,NaN,NaN,NaN,NaN,NaN,
1980012418,08p.1980,TC08P,TY,NN,-21.5,53.5,65,NaN,351,3,351,3,NaN,NaN,NaN,NaN,NaN,NaN,NaN,NaN,NaN,NaN,TY,NW,b,b,NaN,NaN,NaN,NaN,NaN,NaN,
1980012500,08p.1980,TC08P,TY,NN,-21.2,53.1,65,NaN,313,4,313,4,NaN,NaN,NaN,NaN,NaN,NaN,NaN,NaN,NaN,NaN,TY,NW,b,b,NaN,NaN,NaN,NaN,NaN,NaN,
1980012506,08p.1980,TC08P,TY,NN,-21.0,52.8,65,NaN,307,4,307,4,NaN,NaN,NaN,NaN,NaN,NaN,NaN,NaN,NaN,NaN,TY,NW,b,b,NaN,NaN,NaN,NaN,NaN,NaN,
1980012512,08p.1980,TC08P,TY,NN,-20.8,52.4,70,NaN,301,4,301,4,NaN,NaN,NaN,NaN,NaN,NaN,NaN,NaN,NaN,NaN,TY,NW,b,b,NaN,NaN,NaN,NaN,NaN,NaN,
1980012518,08p.1980,TC08P,TY,NN,-20.6,52.1,70,NaN,301,4,301,4,NaN,NaN,NaN,NaN,NaN,NaN,NaN,NaN,NaN,NaN,TY,NW,b,b,NaN,NaN,NaN,NaN,NaN,NaN,
1980012600,08p.1980,TC08P,TY,NN,-20.6,51.9,70,NaN,293,3,293,3,NaN,NaN,NaN,NaN,NaN,NaN,NaN,NaN,NaN,NaN,TY,NW,b,b,NaN,NaN,NaN,NaN,NaN,NaN,
1980012606,08p.1980,TC08P,TY,NN,-21.1,52.0,70,NaN,191,3,191,3,NaN,NaN,NaN,NaN,NaN,NaN,NaN,NaN,NaN,NaN,TY,NW,b,b,NaN,NaN,NaN,NaN,NaN,NaN,
1980012612,08p.1980,TC08P,TY,NN,-21.6,52.4,65,NaN,155,6,155,6,NaN,NaN,NaN,NaN,NaN,NaN,NaN,NaN,NaN,NaN,TY,NW,b,b,NaN,NaN,NaN,NaN,NaN,NaN,
1980012618,08p.1980,TC08P,TY,NN,-21.7,53.1,65,NaN,120,6,120,6,NaN,NaN,NaN,NaN,NaN,NaN,NaN,NaN,NaN,NaN,TY,NW,b,b,NaN,NaN,NaN,NaN,NaN,NaN,
1980012700,08p.1980,TC08P,TY,NN,-21.8,54.0,60,NaN,98,8,98,8,NaN,NaN,NaN,NaN,NaN,NaN,NaN,NaN,NaN,NaN,TS,NW,b,b,NaN,NaN,NaN,NaN,NaN,NaN,
1980012706,08p.1980,TC08P,TY,NN,-22.0,55.2,55,NaN,99,10,99,10,NaN,NaN,NaN,NaN,NaN,NaN,NaN,NaN,NaN,NaN,TS,NW,b,b,NaN,NaN,NaN,NaN,NaN,NaN,
1980012712,08p.1980,TC08P,TY,NN,-22.2,56.4,55,NaN,100,11,100,11,NaN,NaN,NaN,NaN,NaN,NaN,NaN,NaN,NaN,NaN,TS,NW,b,b,NaN,NaN,NaN,NaN,NaN,NaN,
1980012718,08p.1980,TC08P,TY,NN,-22.8,57.3,50,NaN,112,10,112,10,NaN,NaN,NaN,NaN,NaN,NaN,NaN,NaN,NaN,NaN,TS,NW,b,b,NaN,NaN,NaN,NaN,NaN,NaN,
1980012800,08p.1980,TC08P,TY,NN,-23.7,58.1,45,NaN,134,11,134,11,NaN,NaN,NaN,NaN,NaN,NaN,NaN,NaN,NaN,NaN,TS,NW,b,b,NaN,NaN,NaN,NaN,NaN,NaN,
1980012806,08p.1980,TC08P,TY,NN,-24.7,58.6,NaN,NaN,148,11,148,11,NaN,NaN,NaN,NaN,NaN,NaN,NaN,NaN,NaN,NaN,NT,NW,b,b,NaN,NaN,NaN,NaN,NaN,NaN,
1980012812,08p.1980,TC08P,TY,NN,-26.0,58.9,NaN,NaN,162,12,162,12,NaN,NaN,NaN,NaN,NaN,NaN,NaN,NaN,NaN,NaN,NT,NW,b,b,NaN,NaN,NaN,NaN,NaN,NaN,
1980012818,08p.1980,TC08P,TY,NN,-27.6,58.9,NaN,NaN,175,15,175,15,NaN,NaN,NaN,NaN,NaN,NaN,NaN,NaN,NaN,NaN,NT,NW,b,b,NaN,NaN,NaN,NaN,NaN,NaN,
1980012900,08p.1980,TC08P,TY,NN,-29.5,58.5,NaN,NaN,186,18,186,18,NaN,NaN,NaN,NaN,NaN,NaN,NaN,NaN,NaN,NaN,NT,NW,b,b,NaN,NaN,NaN,NaN,NaN,NaN,
1980011912,s09.1980,9X-S09,TY,NN,-13.3,125.0,30,NaN,256,15,256,15,NaN,NaN,NaN,NaN,NaN,NaN,NaN,NaN,NaN,NaN,TD,NW,b,b,NaN,NaN,NaN,NaN,NaN,NaN,
1980011918,09s.1980,TC09S,TY,NN,-13.7,123.5,35,NaN,256,15,256,15,NaN,NaN,NaN,NaN,NaN,NaN,NaN,NaN,NaN,NaN,TS,NW,b,b,NaN,NaN,NaN,NaN,NaN,NaN,
1980012000,09s.1980,TC09S,TY,NN,-14.0,122.0,40,NaN,256,15,256,15,NaN,NaN,NaN,NaN,NaN,NaN,NaN,NaN,NaN,NaN,TS,NW,b,b,NaN,NaN,NaN,NaN,NaN,NaN,
1980012006,09s.1980,TC09S,TY,NN,-14.3,120.9,50,NaN,257,13,257,13,NaN,NaN,NaN,NaN,NaN,NaN,NaN,NaN,NaN,NaN,TS,NW,b,b,NaN,NaN,NaN,NaN,NaN,NaN,
1980012012,09s.1980,TC09S,TY,NN,-14.5,119.5,55,NaN,258,12,258,12,NaN,NaN,NaN,NaN,NaN,NaN,NaN,NaN,NaN,NaN,TS,NW,b,b,NaN,NaN,NaN,NaN,NaN,NaN,
1980012018,09s.1980,TC09S,TY,NN,-15.2,117.5,55,NaN,255,17,255,17,NaN,NaN,NaN,NaN,NaN,NaN,NaN,NaN,NaN,NaN,TS,NW,b,b,NaN,NaN,NaN,NaN,NaN,NaN,
1980012100,09s.1980,TC09S,TY,NN,-16.0,115.5,60,NaN,249,21,249,21,NaN,NaN,NaN,NaN,NaN,NaN,NaN,NaN,NaN,NaN,TS,NW,b,b,NaN,NaN,NaN,NaN,NaN,NaN,
1980012106,09s.1980,TC09S,TY,NN,-16.1,113.5,60,NaN,257,20,257,20,NaN,NaN,NaN,NaN,NaN,NaN,NaN,NaN,NaN,NaN,TS,NW,b,b,NaN,NaN,NaN,NaN,NaN,NaN,
1980012112,09s.1980,TC09S,TY,NN,-16.2,111.5,65,NaN,267,19,267,19,NaN,NaN,NaN,NaN,NaN,NaN,NaN,NaN,NaN,NaN,TY,NW,b,b,NaN,NaN,NaN,NaN,NaN,NaN,
1980012118,09s.1980,TC09S,TY,NN,-16.6,110.0,75,NaN,262,17,262,17,NaN,NaN,NaN,NaN,NaN,NaN,NaN,NaN,NaN,NaN,TY,NW,b,b,NaN,NaN,NaN,NaN,NaN,NaN,
1980012200,09s.1980,TC09S,TY,NN,-17.0,108.8,85,NaN,253,14,253,14,NaN,NaN,NaN,NaN,NaN,NaN,NaN,NaN,NaN,NaN,TY,NW,b,b,NaN,NaN,NaN,NaN,NaN,NaN,
1980012206,09s.1980,TC09S,TY,NN,-17.4,107.4,90,NaN,252,13,252,13,NaN,NaN,NaN,NaN,NaN,NaN,NaN,NaN,NaN,NaN,TY,NW,b,b,NaN,NaN,NaN,NaN,NaN,NaN,
1980012212,09s.1980,TC09S,TY,NN,-17.8,106.0,90,NaN,253,14,253,14,NaN,NaN,NaN,NaN,NaN,NaN,NaN,NaN,NaN,NaN,TY,NW,b,b,NaN,NaN,NaN,NaN,NaN,NaN,
1980012218,09s.1980,TC09S,TY,NN,-17.9,104.5,90,NaN,260,14,260,14,NaN,NaN,NaN,NaN,NaN,NaN,NaN,NaN,NaN,NaN,TY,NW,b,b,NaN,NaN,NaN,NaN,NaN,NaN,
1980012300,09s.1980,TC09S,TY,NN,-18.0,103.0,90,NaN,266,14,266,14,NaN,NaN,NaN,NaN,NaN,NaN,NaN,NaN,NaN,NaN,TY,NW,b,b,NaN,NaN,NaN,NaN,NaN,NaN,
1980012306,09s.1980,TC09S,TY,NN,-18.5,101.8,90,NaN,257,13,257,13,NaN,NaN,NaN,NaN,NaN,NaN,NaN,NaN,NaN,NaN,TY,NW,b,b,NaN,NaN,NaN,NaN,NaN,NaN,
1980012312,09s.1980,TC09S,TY,NN,-19.2,100.8,90,NaN,240,12,240,12,NaN,NaN,NaN,NaN,NaN,NaN,NaN,NaN,NaN,NaN,TY,NW,b,b,NaN,NaN,NaN,NaN,NaN,NaN,
1980012318,09s.1980,TC09S,TY,NN,-19.9,99.9,90,NaN,232,11,232,11,NaN,NaN,NaN,NaN,NaN,NaN,NaN,NaN,NaN,NaN,TY,NW,b,b,NaN,NaN,NaN,NaN,NaN,NaN,
1980012400,09s.1980,TC09S,TY,NN,-20.8,99.0,85,NaN,227,12,227,12,NaN,NaN,NaN,NaN,NaN,NaN,NaN,NaN,NaN,NaN,TY,NW,b,b,NaN,NaN,NaN,NaN,NaN,NaN,
1980012406,09s.1980,TC09S,TY,NN,-21.8,97.1,80,NaN,234,16,234,16,NaN,NaN,NaN,NaN,NaN,NaN,NaN,NaN,NaN,NaN,TY,NW,b,b,NaN,NaN,NaN,NaN,NaN,NaN,
1980012412,09s.1980,TC09S,TY,NN,-22.8,95.1,70,NaN,241,21,241,21,NaN,NaN,NaN,NaN,NaN,NaN,NaN,NaN,NaN,NaN,TY,NW,b,b,NaN,NaN,NaN,NaN,NaN,NaN,
1980012418,09s.1980,TC09S,TY,NN,-23.8,94.1,65,NaN,234,17,234,17,NaN,NaN,NaN,NaN,NaN,NaN,NaN,NaN,NaN,NaN,TY,NW,b,b,NaN,NaN,NaN,NaN,NaN,NaN,
1980012500,09s.1980,TC09S,TY,NN,-24.8,93.5,60,NaN,216,12,216,12,NaN,NaN,NaN,NaN,NaN,NaN,NaN,NaN,NaN,NaN,TS,NW,b,b,NaN,NaN,NaN,NaN,NaN,NaN,
1980012506,09s.1980,TC09S,TY,NN,-26.2,93.3,55,NaN,197,13,197,13,NaN,NaN,NaN,NaN,NaN,NaN,NaN,NaN,NaN,NaN,TS,NW,b,b,NaN,NaN,NaN,NaN,NaN,NaN,
1980012512,09s.1980,TC09S,TY,NN,-28.0,93.5,50,NaN,180,16,180,16,NaN,NaN,NaN,NaN,NaN,NaN,NaN,NaN,NaN,NaN,TS,NW,b,b,NaN,NaN,NaN,NaN,NaN,NaN,
1980012500,10s.1980,TC10S,TD,NN,-14.6,104.5,NaN,NaN,78,15,78,15,NaN,NaN,NaN,NaN,NaN,NaN,NaN,NaN,NaN,NaN,NT,NW,b,b,NaN,NaN,NaN,NaN,NaN,NaN,
1980012506,10s.1980,TC10S,TD,NN,-14.3,106.0,NaN,NaN,78,15,78,15,NaN,NaN,NaN,NaN,NaN,NaN,NaN,NaN,NaN,NaN,NT,NW,b,b,NaN,NaN,NaN,NaN,NaN,NaN,
1980012512,10s.1980,TC10S,TD,NN,-14.0,107.5,NaN,NaN,78,15,78,15,NaN,NaN,NaN,NaN,NaN,NaN,NaN,NaN,NaN,NaN,NT,NW,b,b,NaN,NaN,NaN,NaN,NaN,NaN,
1980012518,10s.1980,TC10S,TD,NN,-13.8,109.0,NaN,NaN,80,15,80,15,NaN,NaN,NaN,NaN,NaN,NaN,NaN,NaN,NaN,NaN,NT,NW,b,b,NaN,NaN,NaN,NaN,NaN,NaN,
1980012600,10s.1980,TC10S,TD,NN,-13.9,110.4,NaN,NaN,88,14,88,14,NaN,NaN,NaN,NaN,NaN,NaN,NaN,NaN,NaN,NaN,NT,NW,b,b,NaN,NaN,NaN,NaN,NaN,NaN,
1980012606,10s.1980,TC10S,TD,NN,-14.7,111.9,NaN,NaN,108,15,108,15,NaN,NaN,NaN,NaN,NaN,NaN,NaN,NaN,NaN,NaN,NT,NW,b,b,NaN,NaN,NaN,NaN,NaN,NaN,
1980012612,10s.1980,TC10S,TD,NN,-16.0,113.0,NaN,NaN,130,16,130,16,NaN,NaN,NaN,NaN,NaN,NaN,NaN,NaN,NaN,NaN,NT,NW,b,b,NaN,NaN,NaN,NaN,NaN,NaN,
1980012618,10s.1980,TC10S,TD,NN,-17.5,112.5,NaN,NaN,168,14,168,14,NaN,NaN,NaN,NaN,NaN,NaN,NaN,NaN,NaN,NaN,NT,NW,b,b,NaN,NaN,NaN,NaN,NaN,NaN,
1980012700,10s.1980,TC10S,TD,NN,-19.0,111.0,NaN,NaN,212,18,212,18,NaN,NaN,NaN,NaN,NaN,NaN,NaN,NaN,NaN,NaN,NT,NW,b,b,NaN,NaN,NaN,NaN,NaN,NaN,
1980012706,10s.1980,TC10S,TD,NN,-20.5,109.5,NaN,NaN,223,21,223,21,NaN,NaN,NaN,NaN,NaN,NaN,NaN,NaN,NaN,NaN,NT,NW,b,b,NaN,NaN,NaN,NaN,NaN,NaN,
1980012712,10s.1980,TC10S,TD,NN,-22.0,108.0,NaN,NaN,223,21,223,21,NaN,NaN,NaN,NaN,NaN,NaN,NaN,NaN,NaN,NaN,NT,NW,b,b,NaN,NaN,NaN,NaN,NaN,NaN,
1980012718,10s.1980,TC10S,TD,NN,-22.9,107.0,NaN,NaN,224,17,224,17,NaN,NaN,NaN,NaN,NaN,NaN,NaN,NaN,NaN,NaN,NT,NW,b,b,NaN,NaN,NaN,NaN,NaN,NaN,
1980012800,10s.1980,TC10S,TD,NN,-23.1,106.5,NaN,NaN,232,9,232,9,NaN,NaN,NaN,NaN,NaN,NaN,NaN,NaN,NaN,NaN,NT,NW,b,b,NaN,NaN,NaN,NaN,NaN,NaN,
1980012812,s11.1980,9X-S11,TY,NN,-11.5,125.5,30,NaN,253,14,253,14,NaN,NaN,NaN,NaN,NaN,NaN,NaN,NaN,NaN,NaN,TD,NW,b,b,NaN,NaN,NaN,NaN,NaN,NaN,
1980012818,s11.1980,9X-S11,TY,NN,-12.0,124.0,30,NaN,253,14,253,14,NaN,NaN,NaN,NaN,NaN,NaN,NaN,NaN,NaN,NaN,TD,NW,b,b,NaN,NaN,NaN,NaN,NaN,NaN,
1980012900,11s.1980,TC11S,TY,NN,-12.3,122.8,35,NaN,253,14,253,14,NaN,NaN,NaN,NaN,NaN,NaN,NaN,NaN,NaN,NaN,TS,NW,b,b,NaN,NaN,NaN,NaN,NaN,NaN,
1980012906,11s.1980,TC11S,TY,NN,-12.1,121.8,35,NaN,267,11,267,11,NaN,NaN,NaN,NaN,NaN,NaN,NaN,NaN,NaN,NaN,TS,NW,b,b,NaN,NaN,NaN,NaN,NaN,NaN,
1980012912,11s.1980,TC11S,TY,NN,-12.0,120.8,40,NaN,279,10,279,10,NaN,NaN,NaN,NaN,NaN,NaN,NaN,NaN,NaN,NaN,TS,NW,b,b,NaN,NaN,NaN,NaN,NaN,NaN,
1980012918,11s.1980,TC11S,TY,NN,-12.5,119.8,45,NaN,258,10,258,10,NaN,NaN,NaN,NaN,NaN,NaN,NaN,NaN,NaN,NaN,TS,NW,b,b,NaN,NaN,NaN,NaN,NaN,NaN,
1980013000,11s.1980,TC11S,TY,NN,-13.2,118.7,50,NaN,240,12,240,12,NaN,NaN,NaN,NaN,NaN,NaN,NaN,NaN,NaN,NaN,TS,NW,b,b,NaN,NaN,NaN,NaN,NaN,NaN,
1980013006,11s.1980,TC11S,TY,NN,-14.0,117.7,60,NaN,234,13,234,13,NaN,NaN,NaN,NaN,NaN,NaN,NaN,NaN,NaN,NaN,TS,NW,b,b,NaN,NaN,NaN,NaN,NaN,NaN,
1980013012,11s.1980,TC11S,TY,NN,-14.8,116.9,65,NaN,228,12,228,12,NaN,NaN,NaN,NaN,NaN,NaN,NaN,NaN,NaN,NaN,TY,NW,b,b,NaN,NaN,NaN,NaN,NaN,NaN,
1980013018,11s.1980,TC11S,TY,NN,-15.3,116.3,70,NaN,226,9,226,9,NaN,NaN,NaN,NaN,NaN,NaN,NaN,NaN,NaN,NaN,TY,NW,b,b,NaN,NaN,NaN,NaN,NaN,NaN,
1980013100,11s.1980,TC11S,TY,NN,-15.8,116.2,70,NaN,214,6,214,6,NaN,NaN,NaN,NaN,NaN,NaN,NaN,NaN,NaN,NaN,TY,NW,b,b,NaN,NaN,NaN,NaN,NaN,NaN,
1980013106,11s.1980,TC11S,TY,NN,-16.6,116.6,75,NaN,167,7,167,7,NaN,NaN,NaN,NaN,NaN,NaN,NaN,NaN,NaN,NaN,TY,NW,b,b,NaN,NaN,NaN,NaN,NaN,NaN,
1980013112,11s.1980,TC11S,TY,NN,-17.5,117.1,85,NaN,153,10,153,10,NaN,NaN,NaN,NaN,NaN,NaN,NaN,NaN,NaN,NaN,TY,NW,b,b,NaN,NaN,NaN,NaN,NaN,NaN,
1980013118,11s.1980,TC11S,TY,NN,-18.6,117.6,85,NaN,155,11,155,11,NaN,NaN,NaN,NaN,NaN,NaN,NaN,NaN,NaN,NaN,TY,NW,b,b,NaN,NaN,NaN,NaN,NaN,NaN,
1980020100,11s.1980,TC11S,TY,NN,-19.8,118.1,75,NaN,158,12,158,12,NaN,NaN,NaN,NaN,NaN,NaN,NaN,NaN,NaN,NaN,TY,NW,b,b,NaN,NaN,0.07,NaN,NaN,NaN,
1980020106,11s.1980,TC11S,TY,NN,-21.3,118.9,NaN,NaN,156,15,156,15,NaN,NaN,NaN,NaN,NaN,NaN,NaN,NaN,NaN,NaN,NT,NW,b,b,NaN,NaN,1.00,NaN,NaN,NaN,
1980020112,11s.1980,TC11S,TY,NN,-23.0,120.0,NaN,NaN,151,18,151,18,NaN,NaN,NaN,NaN,NaN,NaN,NaN,NaN,NaN,NaN,NT,NW,b,b,NaN,NaN,1.00,NaN,NaN,NaN,
1980020112,s12.1980,9X-S12,TY,NN,-14.0,70.0,30,NaN,265,11,265,11,NaN,NaN,NaN,NaN,NaN,NaN,NaN,NaN,NaN,NaN,TD,NW,b,b,NaN,NaN,NaN,NaN,NaN,NaN,
1980020118,12s.1980,TC12S,TY,NN,-14.1,68.9,35,NaN,265,11,265,11,NaN,NaN,NaN,NaN,NaN,NaN,NaN,NaN,NaN,NaN,TS,NW,b,b,NaN,NaN,NaN,NaN,NaN,NaN,
1980020200,12s.1980,TC12S,TY,NN,-14.2,67.8,40,NaN,265,11,265,11,NaN,NaN,NaN,NaN,NaN,NaN,NaN,NaN,NaN,NaN,TS,NW,b,b,NaN,NaN,NaN,NaN,NaN,NaN,
1980020206,12s.1980,TC12S,TY,NN,-14.4,66.8,50,NaN,262,10,262,10,NaN,NaN,NaN,NaN,NaN,NaN,NaN,NaN,NaN,NaN,TS,NW,b,b,NaN,NaN,NaN,NaN,NaN,NaN,
1980020212,12s.1980,TC12S,TY,NN,-14.7,65.9,55,NaN,255,10,255,10,NaN,NaN,NaN,NaN,NaN,NaN,NaN,NaN,NaN,NaN,TS,NW,b,b,NaN,NaN,NaN,NaN,NaN,NaN,
1980020218,12s.1980,TC12S,TY,NN,-16.0,64.6,65,NaN,233,13,233,13,NaN,NaN,NaN,NaN,NaN,NaN,NaN,NaN,NaN,NaN,TY,NW,b,b,NaN,NaN,NaN,NaN,NaN,NaN,
1980020300,12s.1980,TC12S,TY,NN,-17.5,63.3,75,NaN,222,19,222,19,NaN,NaN,NaN,NaN,NaN,NaN,NaN,NaN,NaN,NaN,TY,NW,b,b,NaN,NaN,NaN,NaN,NaN,NaN,
1980020306,12s.1980,TC12S,TY,NN,-18.3,62.4,85,NaN,222,16,222,16,NaN,NaN,NaN,NaN,NaN,NaN,NaN,NaN,NaN,NaN,TY,NW,b,b,NaN,NaN,NaN,NaN,NaN,NaN,
1980020312,12s.1980,TC12S,TY,NN,-19.0,61.6,95,NaN,227,11,227,11,NaN,NaN,NaN,NaN,NaN,NaN,NaN,NaN,NaN,NaN,TY,NW,b,b,NaN,NaN,NaN,NaN,NaN,NaN,
1980020318,12s.1980,TC12S,TY,NN,-19.6,60.7,100,NaN,231,10,231,10,NaN,NaN,NaN,NaN,NaN,NaN,NaN,NaN,NaN,NaN,TY,NW,b,b,NaN,NaN,NaN,NaN,NaN,NaN,
1980020400,12s.1980,TC12S,TY,NN,-20.2,59.8,100,NaN,235,10,235,10,NaN,NaN,NaN,NaN,NaN,NaN,NaN,NaN,NaN,NaN,TY,NW,b,b,NaN,NaN,NaN,NaN,NaN,NaN,
1980020406,12s.1980,TC12S,TY,NN,-21.2,59.1,95,NaN,223,11,223,11,NaN,NaN,NaN,NaN,NaN,NaN,NaN,NaN,NaN,NaN,TY,NW,b,b,NaN,NaN,NaN,NaN,NaN,NaN,
1980020412,12s.1980,TC12S,TY,NN,-22.2,58.5,95,NaN,211,12,211,12,NaN,NaN,NaN,NaN,NaN,NaN,NaN,NaN,NaN,NaN,TY,NW,b,b,NaN,NaN,NaN,NaN,NaN,NaN,
1980020418,12s.1980,TC12S,TY,NN,-23.1,58.1,90,NaN,206,11,206,11,NaN,NaN,NaN,NaN,NaN,NaN,NaN,NaN,NaN,NaN,TY,NW,b,b,NaN,NaN,NaN,NaN,NaN,NaN,
1980020500,12s.1980,TC12S,TY,NN,-24.0,58.0,85,NaN,194,9,194,9,NaN,NaN,NaN,NaN,NaN,NaN,NaN,NaN,NaN,NaN,TY,NW,b,b,NaN,NaN,NaN,NaN,NaN,NaN,
1980020506,12s.1980,TC12S,TY,NN,-25.3,58.3,80,NaN,175,11,175,11,NaN,NaN,NaN,NaN,NaN,NaN,NaN,NaN,NaN,NaN,TY,NW,b,b,NaN,NaN,NaN,NaN,NaN,NaN,
1980020512,12s.1980,TC12S,TY,NN,-26.5,59.0,80,NaN,160,13,160,13,NaN,NaN,NaN,NaN,NaN,NaN,NaN,NaN,NaN,NaN,TY,NW,b,b,NaN,NaN,NaN,NaN,NaN,NaN,
1980020518,12s.1980,TC12S,TY,NN,-27.2,59.9,75,NaN,143,12,143,12,NaN,NaN,NaN,NaN,NaN,NaN,NaN,NaN,NaN,NaN,TY,NW,b,b,NaN,NaN,NaN,NaN,NaN,NaN,
1980020600,12s.1980,TC12S,TY,NN,-27.8,60.8,70,NaN,129,10,129,10,NaN,NaN,NaN,NaN,NaN,NaN,NaN,NaN,NaN,NaN,TY,NW,b,b,NaN,NaN,NaN,NaN,NaN,NaN,
1980020606,12s.1980,TC12S,TY,NN,-28.4,61.8,60,NaN,126,10,126,10,NaN,NaN,NaN,NaN,NaN,NaN,NaN,NaN,NaN,NaN,TS,NW,b,b,NaN,NaN,NaN,NaN,NaN,NaN,
1980020612,12s.1980,TC12S,TY,NN,-29.0,63.0,50,NaN,122,11,122,11,NaN,NaN,NaN,NaN,NaN,NaN,NaN,NaN,NaN,NaN,TS,NW,b,b,NaN,NaN,NaN,NaN,NaN,NaN,
1980020618,12s.1980,TC12S,TY,NN,-29.2,64.6,45,NaN,108,13,108,13,NaN,NaN,NaN,NaN,NaN,NaN,NaN,NaN,NaN,NaN,TS,NW,b,b,NaN,NaN,NaN,NaN,NaN,NaN,
1980020700,12s.1980,TC12S,TY,NN,-29.0,66.8,50,NaN,90,17,90,17,NaN,NaN,NaN,NaN,NaN,NaN,NaN,NaN,NaN,NaN,TS,NW,b,b,NaN,NaN,NaN,NaN,NaN,NaN,
1980020200,s13.1980,9X-S13,TS,NN,-12.2,161.0,30,NaN,119,17,119,17,NaN,NaN,NaN,NaN,NaN,NaN,NaN,NaN,NaN,NaN,TD,NW,b,b,NaN,NaN,NaN,NaN,NaN,NaN,
1980020206,s13.1980,9X-S13,TS,NN,-13.3,162.3,30,NaN,119,17,119,17,NaN,NaN,NaN,NaN,NaN,NaN,NaN,NaN,NaN,NaN,TD,NW,b,b,NaN,NaN,NaN,NaN,NaN,NaN,
1980020212,s13.1980,9X-S13,TS,NN,-13.8,164.0,30,NaN,119,17,119,17,NaN,NaN,NaN,NaN,NaN,NaN,NaN,NaN,NaN,NaN,TD,NW,b,b,NaN,NaN,NaN,NaN,NaN,NaN,
1980020218,s13.1980,9X-S13,TS,NN,-13.3,166.3,30,NaN,90,19,90,19,NaN,NaN,NaN,NaN,NaN,NaN,NaN,NaN,NaN,NaN,TD,NW,b,b,NaN,NaN,0.01,NaN,NaN,NaN,
1980020300,s13.1980,9X-S13,TS,NN,-13.1,168.4,30,NaN,81,22,81,22,NaN,NaN,NaN,NaN,NaN,NaN,NaN,NaN,NaN,NaN,TD,NW,b,b,NaN,NaN,NaN,NaN,NaN,NaN,
1980020306,s13.1980,9X-S13,TS,NN,-14.0,169.5,30,NaN,103,16,103,16,NaN,NaN,NaN,NaN,NaN,NaN,NaN,NaN,NaN,NaN,TD,NW,b,b,NaN,NaN,NaN,NaN,NaN,NaN,
1980020312,13s.1980,TC13S,TS,NN,-15.0,170.5,35,NaN,133,14,133,14,NaN,NaN,NaN,NaN,NaN,NaN,NaN,NaN,NaN,NaN,TS,NW,b,b,NaN,NaN,NaN,NaN,NaN,NaN,
1980020318,13s.1980,TC13S,TS,NN,-15.9,171.5,35,NaN,135,14,135,14,NaN,NaN,NaN,NaN,NaN,NaN,NaN,NaN,NaN,NaN,TS,NW,b,b,NaN,NaN,NaN,NaN,NaN,NaN,
1980020400,13s.1980,TC13S,TS,NN,-16.9,172.4,40,NaN,136,13,136,13,NaN,NaN,NaN,NaN,NaN,NaN,NaN,NaN,NaN,NaN,TS,NW,b,b,NaN,NaN,NaN,NaN,NaN,NaN,
1980020406,13s.1980,TC13S,TS,NN,-17.9,173.1,40,NaN,143,13,143,13,NaN,NaN,NaN,NaN,NaN,NaN,NaN,NaN,NaN,NaN,TS,NW,b,b,NaN,NaN,NaN,NaN,NaN,NaN,
1980020412,13s.1980,TC13S,TS,NN,-18.9,173.7,35,NaN,148,12,148,12,NaN,NaN,NaN,NaN,NaN,NaN,NaN,NaN,NaN,NaN,TS,NW,b,b,NaN,NaN,NaN,NaN,NaN,NaN,
1980020418,13s.1980,TC13S,TS,NN,-19.6,174.1,35,NaN,151,10,151,10,NaN,NaN,NaN,NaN,NaN,NaN,NaN,NaN,NaN,NaN,TS,NW,b,b,NaN,NaN,NaN,NaN,NaN,NaN,
1980020500,13s.1980,TC13S,TS,NN,-20.3,174.5,30,NaN,152,8,152,8,NaN,NaN,NaN,NaN,NaN,NaN,NaN,NaN,NaN,NaN,TD,NW,b,b,NaN,NaN,NaN,NaN,NaN,NaN,
1980020506,13s.1980,TC13S,TS,NN,-21.1,175.4,30,NaN,141,10,141,10,NaN,NaN,NaN,NaN,NaN,NaN,NaN,NaN,NaN,NaN,TD,NW,b,b,NaN,NaN,NaN,NaN,NaN,NaN,
1980020512,13s.1980,TC13S,TS,NN,-22.0,176.8,30,NaN,128,14,128,14,NaN,NaN,NaN,NaN,NaN,NaN,NaN,NaN,NaN,NaN,TD,NW,b,b,NaN,NaN,NaN,NaN,NaN,NaN,
1980021100,s14.1980,9X-S14,TS,NN,-16.2,148.1,25,NaN,123,12,123,12,NaN,NaN,NaN,NaN,NaN,NaN,NaN,NaN,NaN,NaN,TD,NW,b,b,NaN,NaN,NaN,NaN,NaN,NaN,
1980021106,s14.1980,9X-S14,TS,NN,-16.9,149.0,25,NaN,123,12,123,12,NaN,NaN,NaN,NaN,NaN,NaN,NaN,NaN,NaN,NaN,TD,NW,b,b,NaN,NaN,NaN,NaN,NaN,NaN,
1980021112,s14.1980,9X-S14,TS,NN,-17.5,150.2,25,NaN,123,12,123,12,NaN,NaN,NaN,NaN,NaN,NaN,NaN,NaN,NaN,NaN,TD,NW,b,b,NaN,NaN,NaN,NaN,NaN,NaN,
1980021118,s14.1980,9X-S14,TS,NN,-18.1,151.7,25,NaN,115,14,115,14,NaN,NaN,NaN,NaN,NaN,NaN,NaN,NaN,NaN,NaN,TD,NW,b,b,NaN,NaN,NaN,NaN,NaN,NaN,
1980021200,s14.1980,9X-S14,TS,NN,-18.5,153.3,30,NaN,109,16,109,16,NaN,NaN,NaN,NaN,NaN,NaN,NaN,NaN,NaN,NaN,TD,NW,b,b,NaN,NaN,NaN,NaN,NaN,NaN,
1980021206,14s.1980,TC14S,TS,NN,-18.7,154.2,35,NaN,104,12,104,12,NaN,NaN,NaN,NaN,NaN,NaN,NaN,NaN,NaN,NaN,TS,NW,b,b,NaN,NaN,NaN,NaN,NaN,NaN,
1980021212,14s.1980,TC14S,TS,NN,-18.8,155.0,45,NaN,101,8,101,8,NaN,NaN,NaN,NaN,NaN,NaN,NaN,NaN,NaN,NaN,TS,NW,b,b,NaN,NaN,NaN,NaN,NaN,NaN,
1980021218,14s.1980,TC14S,TS,NN,-19.0,156.8,50,NaN,97,12,97,12,NaN,NaN,NaN,NaN,NaN,NaN,NaN,NaN,NaN,NaN,TS,NW,b,b,NaN,NaN,NaN,NaN,NaN,NaN,
1980021300,14s.1980,TC14S,TS,NN,-19.2,158.5,55,NaN,97,17,97,17,NaN,NaN,NaN,NaN,NaN,NaN,NaN,NaN,NaN,NaN,TS,NW,b,b,NaN,NaN,NaN,NaN,NaN,NaN,
1980021306,14s.1980,TC14S,TS,NN,-20.0,159.1,55,NaN,115,12,115,12,NaN,NaN,NaN,NaN,NaN,NaN,NaN,NaN,NaN,NaN,TS,NW,b,b,NaN,NaN,NaN,NaN,NaN,NaN,
1980021312,14s.1980,TC14S,TS,NN,-20.8,159.0,50,NaN,164,8,164,8,NaN,NaN,NaN,NaN,NaN,NaN,NaN,NaN,NaN,NaN,TS,NW,b,b,NaN,NaN,NaN,NaN,NaN,NaN,
1980021318,14s.1980,TC14S,TS,NN,-20.4,158.4,45,NaN,239,4,239,4,NaN,NaN,NaN,NaN,NaN,NaN,NaN,NaN,NaN,NaN,TS,NW,b,b,NaN,NaN,NaN,NaN,NaN,NaN,
1980021400,14s.1980,TC14S,TS,NN,-20.0,157.9,40,NaN,308,7,308,7,NaN,NaN,NaN,NaN,NaN,NaN,NaN,NaN,NaN,NaN,TS,NW,b,b,NaN,NaN,NaN,NaN,NaN,NaN,
1980021406,14s.1980,TC14S,TS,NN,-20.5,157.7,40,NaN,261,3,261,3,NaN,NaN,NaN,NaN,NaN,NaN,NaN,NaN,NaN,NaN,TS,NW,b,b,NaN,NaN,NaN,NaN,NaN,NaN,
1980021412,14s.1980,TC14S,TS,NN,-20.8,157.5,35,NaN,205,4,205,4,NaN,NaN,NaN,NaN,NaN,NaN,NaN,NaN,NaN,NaN,TS,NW,b,b,NaN,NaN,NaN,NaN,NaN,NaN,
1980021418,14s.1980,TC14S,TS,NN,-20.5,157.2,35,NaN,270,2,270,2,NaN,NaN,NaN,NaN,NaN,NaN,NaN,NaN,NaN,NaN,TS,NW,b,b,NaN,NaN,NaN,NaN,NaN,NaN,
1980021500,14s.1980,TC14S,TS,NN,-20.2,156.9,35,NaN,317,4,317,4,NaN,NaN,NaN,NaN,NaN,NaN,NaN,NaN,NaN,NaN,TS,NW,b,b,NaN,NaN,NaN,NaN,NaN,NaN,
1980021506,14s.1980,TC14S,TS,NN,-20.0,156.9,35,NaN,331,3,331,3,NaN,NaN,NaN,NaN,NaN,NaN,NaN,NaN,NaN,NaN,TS,NW,b,b,NaN,NaN,NaN,NaN,NaN,NaN,
1980021512,14s.1980,TC14S,TS,NN,-19.8,157.0,30,NaN,13,2,13,2,NaN,NaN,NaN,NaN,NaN,NaN,NaN,NaN,NaN,NaN,TD,NW,b,b,NaN,NaN,NaN,NaN,NaN,NaN,
1980021518,14s.1980,TC14S,TS,NN,-19.6,157.1,30,NaN,25,2,25,2,NaN,NaN,NaN,NaN,NaN,NaN,NaN,NaN,NaN,NaN,TD,NW,b,b,NaN,NaN,NaN,NaN,NaN,NaN,
1980021600,14s.1980,TC14S,TS,NN,-19.6,157.5,30,NaN,67,3,67,3,NaN,NaN,NaN,NaN,NaN,NaN,NaN,NaN,NaN,NaN,TD,NW,b,b,NaN,NaN,NaN,NaN,NaN,NaN,
1980021606,14s.1980,TC14S,TS,NN,-19.9,158.2,30,NaN,106,5,106,5,NaN,NaN,NaN,NaN,NaN,NaN,NaN,NaN,NaN,NaN,TD,NW,b,b,NaN,NaN,NaN,NaN,NaN,NaN,
1980021612,14s.1980,TC14S,TS,NN,-20.5,159.0,30,NaN,123,8,123,8,NaN,NaN,NaN,NaN,NaN,NaN,NaN,NaN,NaN,NaN,TD,NW,b,b,NaN,NaN,NaN,NaN,NaN,NaN,
1980021618,14s.1980,TC14S,TS,NN,-21.2,159.7,30,NaN,133,10,133,10,NaN,NaN,NaN,NaN,NaN,NaN,NaN,NaN,NaN,NaN,TD,NW,b,b,NaN,NaN,NaN,NaN,NaN,NaN,
1980021700,14s.1980,TC14S,TS,NN,-21.9,160.5,25,NaN,135,10,135,10,NaN,NaN,NaN,NaN,NaN,NaN,NaN,NaN,NaN,NaN,TD,NW,b,b,NaN,NaN,NaN,NaN,NaN,NaN,
1980021706,14s.1980,TC14S,TS,NN,-22.2,159.9,25,NaN,169,5,169,5,NaN,NaN,NaN,NaN,NaN,NaN,NaN,NaN,NaN,NaN,TD,NW,b,b,NaN,NaN,NaN,NaN,NaN,NaN,
1980021712,14s.1980,TC14S,TS,NN,-22.2,158.6,25,NaN,260,9,260,9,NaN,NaN,NaN,NaN,NaN,NaN,NaN,NaN,NaN,NaN,TD,NW,b,b,NaN,NaN,NaN,NaN,NaN,NaN,
1980021718,14s.1980,TC14S,TS,NN,-22.2,157.8,25,NaN,270,10,270,10,NaN,NaN,NaN,NaN,NaN,NaN,NaN,NaN,NaN,NaN,TD,NW,b,b,NaN,NaN,NaN,NaN,NaN,NaN,
1980021800,14s.1980,TC14S,TS,NN,-22.0,157.0,25,NaN,278,7,278,7,NaN,NaN,NaN,NaN,NaN,NaN,NaN,NaN,NaN,NaN,TD,NW,b,b,NaN,NaN,NaN,NaN,NaN,NaN,
1980021412,p15.1980,9X-P15,TY,NN,-17.0,125.0,30,NaN,265,11,265,11,NaN,NaN,NaN,NaN,NaN,NaN,NaN,NaN,NaN,NaN,TD,NW,b,b,NaN,NaN,1.00,NaN,NaN,NaN,
1980021418,15p.1980,TC15P,TY,NN,-17.0,123.9,50,NaN,265,11,265,11,NaN,NaN,NaN,NaN,NaN,NaN,NaN,NaN,NaN,NaN,TS,NW,b,b,NaN,NaN,0.80,NaN,NaN,NaN,
1980021500,15p.1980,TC15P,TY,NN,-17.2,122.8,60,NaN,265,11,265,11,NaN,NaN,NaN,NaN,NaN,NaN,NaN,NaN,NaN,NaN,TS,NW,b,b,NaN,NaN,0.64,NaN,NaN,NaN,
1980021506,15p.1980,TC15P,TY,NN,-17.6,121.6,65,NaN,255,11,255,11,NaN,NaN,NaN,NaN,NaN,NaN,NaN,NaN,NaN,NaN,TY,NW,b,b,NaN,NaN,NaN,NaN,NaN,NaN,
1980021512,15p.1980,TC15P,TY,NN,-18.0,120.5,70,NaN,250,12,250,12,NaN,NaN,NaN,NaN,NaN,NaN,NaN,NaN,NaN,NaN,TY,NW,b,b,NaN,NaN,NaN,NaN,NaN,NaN,
1980021518,15p.1980,TC15P,TY,NN,-18.1,120.5,75,NaN,244,6,244,6,NaN,NaN,NaN,NaN,NaN,NaN,NaN,NaN,NaN,NaN,TY,NW,b,b,NaN,NaN,NaN,NaN,NaN,NaN,
1980021600,15p.1980,TC15P,TY,NN,-18.2,121.0,80,NaN,113,3,113,3,NaN,NaN,NaN,NaN,NaN,NaN,NaN,NaN,NaN,NaN,TY,NW,b,b,NaN,NaN,NaN,NaN,NaN,NaN,
1980021606,15p.1980,TC15P,TY,NN,-18.4,120.9,80,NaN,128,2,128,2,NaN,NaN,NaN,NaN,NaN,NaN,NaN,NaN,NaN,NaN,TY,NW,b,b,NaN,NaN,NaN,NaN,NaN,NaN,
1980021612,15p.1980,TC15P,TY,NN,-18.7,120.7,65,NaN,210,3,210,3,NaN,NaN,NaN,NaN,NaN,NaN,NaN,NaN,NaN,NaN,TY,NW,b,b,NaN,NaN,NaN,NaN,NaN,NaN,
1980021618,15p.1980,TC15P,TY,NN,-19.0,120.5,45,NaN,212,4,212,4,NaN,NaN,NaN,NaN,NaN,NaN,NaN,NaN,NaN,NaN,TS,NW,b,b,NaN,NaN,NaN,NaN,NaN,NaN,
1980021700,15p.1980,TC15P,TY,NN,-19.5,120.2,NaN,NaN,211,5,211,5,NaN,NaN,NaN,NaN,NaN,NaN,NaN,NaN,NaN,NaN,NT,NW,b,b,NaN,NaN,0.07,NaN,NaN,NaN,
1980021706,15p.1980,TC15P,TY,NN,-20.2,120.1,NaN,NaN,197,6,197,6,NaN,NaN,NaN,NaN,NaN,NaN,NaN,NaN,NaN,NaN,NT,NW,b,b,NaN,NaN,0.55,NaN,NaN,NaN,
1980021712,15p.1980,TC15P,TY,NN,-21.0,120.2,NaN,NaN,180,8,180,8,NaN,NaN,NaN,NaN,NaN,NaN,NaN,NaN,NaN,NaN,NT,NW,b,b,NaN,NaN,0.99,NaN,NaN,NaN,
1980021718,15p.1980,TC15P,TY,NN,-21.7,121.2,NaN,NaN,146,9,146,9,NaN,NaN,NaN,NaN,NaN,NaN,NaN,NaN,NaN,NaN,NT,NW,b,b,NaN,NaN,1.00,NaN,NaN,NaN,
1980022012,16p.1980,TC16P,TY,NN,-12.0,103.5,40,NaN,172,4,172,4,NaN,NaN,NaN,NaN,NaN,NaN,NaN,NaN,NaN,NaN,TS,NW,b,b,NaN,NaN,NaN,NaN,NaN,NaN,
1980022018,16p.1980,TC16P,TY,NN,-12.4,103.6,40,NaN,172,4,172,4,NaN,NaN,NaN,NaN,NaN,NaN,NaN,NaN,NaN,NaN,TS,NW,b,b,NaN,NaN,NaN,NaN,NaN,NaN,
1980022100,16p.1980,TC16P,TY,NN,-12.7,103.6,45,NaN,172,4,172,4,NaN,NaN,NaN,NaN,NaN,NaN,NaN,NaN,NaN,NaN,TS,NW,b,b,NaN,NaN,NaN,NaN,NaN,NaN,
1980022106,16p.1980,TC16P,TY,NN,-13.0,103.4,50,NaN,198,3,198,3,NaN,NaN,NaN,NaN,NaN,NaN,NaN,NaN,NaN,NaN,TS,NW,b,b,NaN,NaN,NaN,NaN,NaN,NaN,
1980022112,16p.1980,TC16P,TY,NN,-13.3,103.1,55,NaN,219,4,219,4,NaN,NaN,NaN,NaN,NaN,NaN,NaN,NaN,NaN,NaN,TS,NW,b,b,NaN,NaN,NaN,NaN,NaN,NaN,
1980022118,16p.1980,TC16P,TY,NN,-13.6,102.4,70,NaN,238,6,238,6,NaN,NaN,NaN,NaN,NaN,NaN,NaN,NaN,NaN,NaN,TY,NW,b,b,NaN,NaN,NaN,NaN,NaN,NaN,
1980022200,16p.1980,TC16P,TY,NN,-13.7,101.8,80,NaN,252,7,252,7,NaN,NaN,NaN,NaN,NaN,NaN,NaN,NaN,NaN,NaN,TY,NW,b,b,NaN,NaN,NaN,NaN,NaN,NaN,
1980022206,16p.1980,TC16P,TY,NN,-13.6,101.5,85,NaN,270,4,270,4,NaN,NaN,NaN,NaN,NaN,NaN,NaN,NaN,NaN,NaN,TY,NW,b,b,NaN,NaN,NaN,NaN,NaN,NaN,
1980022212,16p.1980,TC16P,TY,NN,-13.5,101.2,85,NaN,289,3,289,3,NaN,NaN,NaN,NaN,NaN,NaN,NaN,NaN,NaN,NaN,TY,NW,b,b,NaN,NaN,NaN,NaN,NaN,NaN,
1980022218,16p.1980,TC16P,TY,NN,-13.4,100.8,85,NaN,286,4,286,4,NaN,NaN,NaN,NaN,NaN,NaN,NaN,NaN,NaN,NaN,TY,NW,b,b,NaN,NaN,NaN,NaN,NaN,NaN,
1980022300,16p.1980,TC16P,TY,NN,-13.5,100.2,85,NaN,270,5,270,5,NaN,NaN,NaN,NaN,NaN,NaN,NaN,NaN,NaN,NaN,TY,NW,b,b,NaN,NaN,NaN,NaN,NaN,NaN,
1980022306,16p.1980,TC16P,TY,NN,-13.7,99.4,85,NaN,258,7,258,7,NaN,NaN,NaN,NaN,NaN,NaN,NaN,NaN,NaN,NaN,TY,NW,b,b,NaN,NaN,NaN,NaN,NaN,NaN,
1980022312,16p.1980,TC16P,TY,NN,-14.0,98.5,90,NaN,253,9,253,9,NaN,NaN,NaN,NaN,NaN,NaN,NaN,NaN,NaN,NaN,TY,NW,b,b,NaN,NaN,NaN,NaN,NaN,NaN,
1980022318,16p.1980,TC16P,TY,NN,-14.2,97.4,90,NaN,256,10,256,10,NaN,NaN,NaN,NaN,NaN,NaN,NaN,NaN,NaN,NaN,TY,NW,b,b,NaN,NaN,NaN,NaN,NaN,NaN,
1980022400,16p.1980,TC16P,TY,NN,-14.5,96.2,90,NaN,257,11,257,11,NaN,NaN,NaN,NaN,NaN,NaN,NaN,NaN,NaN,NaN,TY,NW,b,b,NaN,NaN,NaN,NaN,NaN,NaN,
1980022406,16p.1980,TC16P,TY,NN,-14.9,94.7,90,NaN,255,14,255,14,NaN,NaN,NaN,NaN,NaN,NaN,NaN,NaN,NaN,NaN,TY,NW,b,b,NaN,NaN,NaN,NaN,NaN,NaN,
1980022412,16p.1980,TC16P,TY,NN,-15.5,93.2,85,NaN,251,15,251,15,NaN,NaN,NaN,NaN,NaN,NaN,NaN,NaN,NaN,NaN,TY,NW,b,b,NaN,NaN,NaN,NaN,NaN,NaN,
1980022418,16p.1980,TC16P,TY,NN,-16.2,92.1,90,NaN,243,14,243,14,NaN,NaN,NaN,NaN,NaN,NaN,NaN,NaN,NaN,NaN,TY,NW,b,b,NaN,NaN,NaN,NaN,NaN,NaN,
1980022500,16p.1980,TC16P,TY,NN,-16.8,91.0,95,NaN,238,12,238,12,NaN,NaN,NaN,NaN,NaN,NaN,NaN,NaN,NaN,NaN,TY,NW,b,b,NaN,NaN,NaN,NaN,NaN,NaN,
1980022506,16p.1980,TC16P,TY,NN,-17.4,90.0,90,NaN,239,12,239,12,NaN,NaN,NaN,NaN,NaN,NaN,NaN,NaN,NaN,NaN,TY,NW,b,b,NaN,NaN,NaN,NaN,NaN,NaN,
1980022512,16p.1980,TC16P,TY,NN,-18.0,89.0,80,NaN,238,11,238,11,NaN,NaN,NaN,NaN,NaN,NaN,NaN,NaN,NaN,NaN,TY,NW,b,b,NaN,NaN,NaN,NaN,NaN,NaN,
1980022518,16p.1980,TC16P,TY,NN,-18.6,87.8,70,NaN,240,12,240,12,NaN,NaN,NaN,NaN,NaN,NaN,NaN,NaN,NaN,NaN,TY,NW,b,b,NaN,NaN,NaN,NaN,NaN,NaN,
1980022600,16p.1980,TC16P,TY,NN,-19.3,86.8,60,NaN,238,12,238,12,NaN,NaN,NaN,NaN,NaN,NaN,NaN,NaN,NaN,NaN,TS,NW,b,b,NaN,NaN,NaN,NaN,NaN,NaN,
1980022606,16p.1980,TC16P,TY,NN,-20.4,86.8,55,NaN,208,10,208,10,NaN,NaN,NaN,NaN,NaN,NaN,NaN,NaN,NaN,NaN,TS,NW,b,b,NaN,NaN,NaN,NaN,NaN,NaN,
1980022612,16p.1980,TC16P,TY,NN,-21.5,87.0,55,NaN,175,11,175,11,NaN,NaN,NaN,NaN,NaN,NaN,NaN,NaN,NaN,NaN,TS,NW,b,b,NaN,NaN,NaN,NaN,NaN,NaN,
1980022618,16p.1980,TC16P,TY,NN,-21.6,87.0,45,NaN,171,6,171,6,NaN,NaN,NaN,NaN,NaN,NaN,NaN,NaN,NaN,NaN,TS,NW,b,b,NaN,NaN,NaN,NaN,NaN,NaN,
1980022700,16p.1980,TC16P,TY,NN,-21.7,87.0,35,NaN,180,1,180,1,NaN,NaN,NaN,NaN,NaN,NaN,NaN,NaN,NaN,NaN,TS,NW,b,b,NaN,NaN,NaN,NaN,NaN,NaN,
1980022706,16p.1980,TC16P,TY,NN,-22.8,86.8,30,NaN,189,6,189,6,NaN,NaN,NaN,NaN,NaN,NaN,NaN,NaN,NaN,NaN,TD,NW,b,b,NaN,NaN,NaN,NaN,NaN,NaN,
1980022712,16p.1980,TC16P,TY,NN,-24.0,86.5,25,NaN,191,12,191,12,NaN,NaN,NaN,NaN,NaN,NaN,NaN,NaN,NaN,NaN,TD,NW,b,b,NaN,NaN,NaN,NaN,NaN,NaN,
1980022718,16p.1980,TC16P,TY,NN,-25.3,87.0,NaN,NaN,176,13,176,13,NaN,NaN,NaN,NaN,NaN,NaN,NaN,NaN,NaN,NaN,NT,NW,b,b,NaN,NaN,NaN,NaN,NaN,NaN,
1980022800,16p.1980,TC16P,TY,NN,-26.7,88.1,NaN,NaN,152,15,152,15,NaN,NaN,NaN,NaN,NaN,NaN,NaN,NaN,NaN,NaN,NT,NW,b,b,NaN,NaN,NaN,NaN,NaN,NaN,
1980022100,17s.1980,TC17S,TY,NN,-16.0,155.0,35,NaN,191,5,191,5,NaN,NaN,NaN,NaN,NaN,NaN,NaN,NaN,NaN,NaN,TS,NW,b,b,NaN,NaN,NaN,NaN,NaN,NaN,
1980022106,17s.1980,TC17S,TY,NN,-16.5,155.1,35,NaN,191,5,191,5,NaN,NaN,NaN,NaN,NaN,NaN,NaN,NaN,NaN,NaN,TS,NW,b,b,NaN,NaN,NaN,NaN,NaN,NaN,
1980022112,17s.1980,TC17S,TY,NN,-17.0,154.8,35,NaN,191,5,191,5,NaN,NaN,NaN,NaN,NaN,NaN,NaN,NaN,NaN,NaN,TS,NW,b,b,NaN,NaN,NaN,NaN,NaN,NaN,
1980022118,17s.1980,TC17S,TY,NN,-17.3,154.1,40,NaN,230,6,230,6,NaN,NaN,NaN,NaN,NaN,NaN,NaN,NaN,NaN,NaN,TS,NW,b,b,NaN,NaN,NaN,NaN,NaN,NaN,
1980022200,17s.1980,TC17S,TY,NN,-17.7,153.5,50,NaN,241,7,241,7,NaN,NaN,NaN,NaN,NaN,NaN,NaN,NaN,NaN,NaN,TS,NW,b,b,NaN,NaN,NaN,NaN,NaN,NaN,
1980022206,17s.1980,TC17S,TY,NN,-18.5,153.1,65,NaN,218,8,218,8,NaN,NaN,NaN,NaN,NaN,NaN,NaN,NaN,NaN,NaN,TY,NW,b,b,NaN,NaN,NaN,NaN,NaN,NaN,
1980022212,17s.1980,TC17S,TY,NN,-19.3,152.7,80,NaN,205,9,205,9,NaN,NaN,NaN,NaN,NaN,NaN,NaN,NaN,NaN,NaN,TY,NW,b,b,NaN,NaN,NaN,NaN,NaN,NaN,
1980022218,17s.1980,TC17S,TY,NN,-20.1,152.3,95,NaN,205,9,205,9,NaN,NaN,NaN,NaN,NaN,NaN,NaN,NaN,NaN,NaN,TY,NW,b,b,NaN,NaN,NaN,NaN,NaN,NaN,
1980022300,17s.1980,TC17S,TY,NN,-20.8,151.8,100,NaN,209,9,209,9,NaN,NaN,NaN,NaN,NaN,NaN,NaN,NaN,NaN,NaN,TY,NW,b,b,NaN,NaN,NaN,NaN,NaN,NaN,
1980022306,17s.1980,TC17S,TY,NN,-21.3,151.4,100,NaN,215,7,215,7,NaN,NaN,NaN,NaN,NaN,NaN,NaN,NaN,NaN,NaN,TY,NW,b,b,NaN,NaN,NaN,NaN,NaN,NaN,
1980022312,17s.1980,TC17S,TY,NN,-21.6,151.2,95,NaN,215,5,215,5,NaN,NaN,NaN,NaN,NaN,NaN,NaN,NaN,NaN,NaN,TY,NW,b,b,NaN,NaN,NaN,NaN,NaN,NaN,
1980022318,17s.1980,TC17S,TY,NN,-22.0,151.4,90,NaN,180,3,180,3,NaN,NaN,NaN,NaN,NaN,NaN,NaN,NaN,NaN,NaN,TY,NW,b,b,NaN,NaN,NaN,NaN,NaN,NaN,
1980022400,17s.1980,TC17S,TY,NN,-22.3,151.8,85,NaN,142,4,142,4,NaN,NaN,NaN,NaN,NaN,NaN,NaN,NaN,NaN,NaN,TY,NW,b,b,NaN,NaN,NaN,NaN,NaN,NaN,
1980022406,17s.1980,TC17S,TY,NN,-22.6,151.4,80,NaN,180,3,180,3,NaN,NaN,NaN,NaN,NaN,NaN,NaN,NaN,NaN,NaN,TY,NW,b,b,NaN,NaN,NaN,NaN,NaN,NaN,
1980022412,17s.1980,TC17S,TY,NN,-22.8,151.2,80,NaN,228,4,228,4,NaN,NaN,NaN,NaN,NaN,NaN,NaN,NaN,NaN,NaN,TY,NW,b,b,NaN,NaN,0.27,NaN,NaN,NaN,
1980022418,17s.1980,TC17S,TY,NN,-22.9,151.6,75,NaN,148,2,148,2,NaN,NaN,NaN,NaN,NaN,NaN,NaN,NaN,NaN,NaN,TY,NW,b,b,NaN,NaN,NaN,NaN,NaN,NaN,
1980022500,17s.1980,TC17S,TY,NN,-23.0,152.0,75,NaN,105,4,105,4,NaN,NaN,NaN,NaN,NaN,NaN,NaN,NaN,NaN,NaN,TY,NW,b,b,NaN,NaN,NaN,NaN,NaN,NaN,
1980022506,17s.1980,TC17S,TY,NN,-23.0,152.3,75,NaN,99,3,99,3,NaN,NaN,NaN,NaN,NaN,NaN,NaN,NaN,NaN,NaN,TY,NW,b,b,NaN,NaN,NaN,NaN,NaN,NaN,
1980022512,17s.1980,TC17S,TY,NN,-23.1,152.6,70,NaN,100,3,100,3,NaN,NaN,NaN,NaN,NaN,NaN,NaN,NaN,NaN,NaN,TY,NW,b,b,NaN,NaN,NaN,NaN,NaN,NaN,
1980022518,17s.1980,TC17S,TY,NN,-23.2,152.6,70,NaN,126,2,126,2,NaN,NaN,NaN,NaN,NaN,NaN,NaN,NaN,NaN,NaN,TY,NW,b,b,NaN,NaN,NaN,NaN,NaN,NaN,
1980022600,17s.1980,TC17S,TY,NN,-23.4,152.5,70,NaN,197,2,197,2,NaN,NaN,NaN,NaN,NaN,NaN,NaN,NaN,NaN,NaN,TY,NW,b,b,NaN,NaN,NaN,NaN,NaN,NaN,
1980022606,17s.1980,TC17S,TY,NN,-23.7,152.8,65,NaN,160,3,160,3,NaN,NaN,NaN,NaN,NaN,NaN,NaN,NaN,NaN,NaN,TY,NW,b,b,NaN,NaN,NaN,NaN,NaN,NaN,
1980022612,17s.1980,TC17S,TY,NN,-24.0,153.1,55,NaN,138,4,138,4,NaN,NaN,NaN,NaN,NaN,NaN,NaN,NaN,NaN,NaN,TS,NW,b,b,NaN,NaN,NaN,NaN,NaN,NaN,
1980022618,17s.1980,TC17S,TY,NN,-24.3,153.2,50,NaN,149,4,149,4,NaN,NaN,NaN,NaN,NaN,NaN,NaN,NaN,NaN,NaN,TS,NW,b,b,NaN,NaN,0.03,NaN,NaN,NaN,
1980022700,17s.1980,TC17S,TY,NN,-24.7,153.5,45,NaN,152,4,152,4,NaN,NaN,NaN,NaN,NaN,NaN,NaN,NaN,NaN,NaN,TS,NW,b,b,NaN,NaN,0.03,NaN,NaN,NaN,
1980022706,17s.1980,TC17S,TY,NN,-25.5,154.4,45,NaN,138,8,138,8,NaN,NaN,NaN,NaN,NaN,NaN,NaN,NaN,NaN,NaN,TS,NW,b,b,NaN,NaN,NaN,NaN,NaN,NaN,
1980022712,17s.1980,TC17S,TY,NN,-26.5,155.4,45,NaN,136,12,136,12,NaN,NaN,NaN,NaN,NaN,NaN,NaN,NaN,NaN,NaN,TS,NW,b,b,NaN,NaN,NaN,NaN,NaN,NaN,
1980022718,17s.1980,TC17S,TY,NN,-27.3,156.3,50,NaN,137,12,137,12,NaN,NaN,NaN,NaN,NaN,NaN,NaN,NaN,NaN,NaN,TS,NW,b,b,NaN,NaN,NaN,NaN,NaN,NaN,
1980022800,17s.1980,TC17S,TY,NN,-28.1,157.2,50,NaN,135,11,135,11,NaN,NaN,NaN,NaN,NaN,NaN,NaN,NaN,NaN,NaN,TS,NW,b,b,NaN,NaN,NaN,NaN,NaN,NaN,
1980022806,17s.1980,TC17S,TY,NN,-29.4,158.4,50,NaN,139,14,139,14,NaN,NaN,NaN,NaN,NaN,NaN,NaN,NaN,NaN,NaN,TS,NW,b,b,NaN,NaN,NaN,NaN,NaN,NaN,
1980022812,17s.1980,TC17S,TY,NN,-31.0,160.0,50,NaN,140,19,140,19,NaN,NaN,NaN,NaN,NaN,NaN,NaN,NaN,NaN,NaN,TS,NW,b,b,NaN,NaN,NaN,NaN,NaN,NaN,
1980022818,17s.1980,TC17S,TY,NN,-32.8,162.0,50,NaN,138,23,138,23,NaN,NaN,NaN,NaN,NaN,NaN,NaN,NaN,NaN,NaN,TS,NW,b,b,NaN,NaN,NaN,NaN,NaN,NaN,
1980022900,17s.1980,TC17S,TY,NN,-34.5,164.0,50,NaN,136,24,136,24,NaN,NaN,NaN,NaN,NaN,NaN,NaN,NaN,NaN,NaN,TS,NW,b,b,NaN,NaN,NaN,NaN,NaN,NaN,
1980022906,17s.1980,TC17S,TY,NN,-35.6,165.7,50,NaN,132,21,132,21,NaN,NaN,NaN,NaN,NaN,NaN,NaN,NaN,NaN,NaN,TS,NW,b,b,NaN,NaN,NaN,NaN,NaN,NaN,
1980022912,17s.1980,TC17S,TY,NN,-36.3,167.3,50,NaN,124,16,124,16,NaN,NaN,NaN,NaN,NaN,NaN,NaN,NaN,NaN,NaN,TS,NW,b,b,NaN,NaN,NaN,NaN,NaN,NaN,
1980022918,17s.1980,TC17S,TY,NN,-36.9,168.7,50,NaN,118,14,118,14,NaN,NaN,NaN,NaN,NaN,NaN,NaN,NaN,NaN,NaN,TS,NW,b,b,NaN,NaN,NaN,NaN,NaN,NaN,
1980030100,17s.1980,TC17S,TY,NN,-37.5,170.0,45,NaN,119,12,119,12,NaN,NaN,NaN,NaN,NaN,NaN,NaN,NaN,NaN,NaN,TS,NW,b,b,NaN,NaN,NaN,NaN,NaN,NaN,
1980030106,17s.1980,TC17S,TY,NN,-38.1,171.3,45,NaN,120,12,120,12,NaN,NaN,NaN,NaN,NaN,NaN,NaN,NaN,NaN,NaN,TS,NW,b,b,NaN,NaN,NaN,NaN,NaN,NaN,
1980030112,17s.1980,TC17S,TY,NN,-38.5,172.5,45,NaN,117,11,117,11,NaN,NaN,NaN,NaN,NaN,NaN,NaN,NaN,NaN,NaN,TS,NW,b,b,NaN,NaN,NaN,NaN,NaN,NaN,
1980030118,17s.1980,TC17S,TY,NN,-38.5,173.5,45,NaN,103,9,103,9,NaN,NaN,NaN,NaN,NaN,NaN,NaN,NaN,NaN,NaN,TS,NW,b,b,NaN,NaN,NaN,NaN,NaN,NaN,
1980030200,17s.1980,TC17S,TY,NN,-38.5,174.5,45,NaN,90,8,90,8,NaN,NaN,NaN,NaN,NaN,NaN,NaN,NaN,NaN,NaN,TS,NW,b,b,NaN,NaN,0.39,NaN,NaN,NaN,
1980030206,17s.1980,TC17S,TY,NN,-38.5,178.1,40,NaN,90,18,90,18,NaN,NaN,NaN,NaN,NaN,NaN,NaN,NaN,NaN,NaN,TS,NW,b,b,NaN,NaN,0.69,NaN,NaN,NaN,
1980030212,17s.1980,TC17S,TY,NN,-38.5,182.0,40,NaN,90,29,90,29,NaN,NaN,NaN,NaN,NaN,NaN,NaN,NaN,NaN,NaN,TS,NW,b,b,NaN,NaN,NaN,NaN,NaN,NaN,
1980030218,17s.1980,TC17S,TY,NN,-38.3,183.6,NaN,NaN,87,22,87,22,NaN,NaN,NaN,NaN,NaN,NaN,NaN,NaN,NaN,NaN,NT,NW,b,b,NaN,NaN,NaN,NaN,NaN,NaN,
1980030300,17s.1980,TC17S,TY,NN,-38.0,184.5,NaN,NaN,76,10,76,10,NaN,NaN,NaN,NaN,NaN,NaN,NaN,NaN,NaN,NaN,NT,NW,b,b,NaN,NaN,NaN,NaN,NaN,NaN,
1980030306,17s.1980,TC17S,TY,NN,-37.6,184.9,NaN,NaN,56,6,56,6,NaN,NaN,NaN,NaN,NaN,NaN,NaN,NaN,NaN,NaN,NT,NW,b,b,NaN,NaN,NaN,NaN,NaN,NaN,
1980030312,17s.1980,TC17S,TY,NN,-37.0,185.0,NaN,NaN,22,5,22,5,NaN,NaN,NaN,NaN,NaN,NaN,NaN,NaN,NaN,NaN,NT,NW,b,b,NaN,NaN,NaN,NaN,NaN,NaN,
1980022512,18s.1980,TC18S,TS,NN,-14.6,59.3,60,NaN,109,2,109,2,NaN,NaN,NaN,NaN,NaN,NaN,NaN,NaN,NaN,NaN,TS,NW,b,b,NaN,NaN,NaN,NaN,NaN,NaN,
1980022518,18s.1980,TC18S,TS,NN,-14.6,59.4,60,NaN,109,2,109,2,NaN,NaN,NaN,NaN,NaN,NaN,NaN,NaN,NaN,NaN,TS,NW,b,b,NaN,NaN,NaN,NaN,NaN,NaN,
1980022600,18s.1980,TC18S,TS,NN,-14.7,59.6,60,NaN,109,2,109,2,NaN,NaN,NaN,NaN,NaN,NaN,NaN,NaN,NaN,NaN,TS,NW,b,b,NaN,NaN,NaN,NaN,NaN,NaN,
1980022606,18s.1980,TC18S,TS,NN,-14.7,59.9,60,NaN,102,2,102,2,NaN,NaN,NaN,NaN,NaN,NaN,NaN,NaN,NaN,NaN,TS,NW,b,b,NaN,NaN,NaN,NaN,NaN,NaN,
1980022612,18s.1980,TC18S,TS,NN,-14.8,60.2,60,NaN,100,3,100,3,NaN,NaN,NaN,NaN,NaN,NaN,NaN,NaN,NaN,NaN,TS,NW,b,b,NaN,NaN,NaN,NaN,NaN,NaN,
1980022618,18s.1980,TC18S,TS,NN,-14.8,60.2,60,NaN,109,2,109,2,NaN,NaN,NaN,NaN,NaN,NaN,NaN,NaN,NaN,NaN,TS,NW,b,b,NaN,NaN,NaN,NaN,NaN,NaN,
1980022700,18s.1980,TC18S,TS,NN,-14.8,60.2,60,NaN,360,0,360,0,NaN,NaN,NaN,NaN,NaN,NaN,NaN,NaN,NaN,NaN,TS,NW,b,b,NaN,NaN,NaN,NaN,NaN,NaN,
1980022706,18s.1980,TC18S,TS,NN,-14.9,60.3,60,NaN,136,1,136,1,NaN,NaN,NaN,NaN,NaN,NaN,NaN,NaN,NaN,NaN,TS,NW,b,b,NaN,NaN,NaN,NaN,NaN,NaN,
1980022712,18s.1980,TC18S,TS,NN,-15.1,60.4,60,NaN,147,2,147,2,NaN,NaN,NaN,NaN,NaN,NaN,NaN,NaN,NaN,NaN,TS,NW,b,b,NaN,NaN,NaN,NaN,NaN,NaN,
1980022718,18s.1980,TC18S,TS,NN,-15.1,60.4,60,NaN,154,1,154,1,NaN,NaN,NaN,NaN,NaN,NaN,NaN,NaN,NaN,NaN,TS,NW,b,b,NaN,NaN,NaN,NaN,NaN,NaN,
1980022800,18s.1980,TC18S,TS,NN,-15.1,60.3,60,NaN,270,0,270,0,NaN,NaN,NaN,NaN,NaN,NaN,NaN,NaN,NaN,NaN,TS,NW,b,b,NaN,NaN,NaN,NaN,NaN,NaN,
1980022806,18s.1980,TC18S,TS,NN,-15.2,60.5,60,NaN,136,1,136,1,NaN,NaN,NaN,NaN,NaN,NaN,NaN,NaN,NaN,NaN,TS,NW,b,b,NaN,NaN,NaN,NaN,NaN,NaN,
1980022812,18s.1980,TC18S,TS,NN,-15.4,60.8,60,NaN,122,3,122,3,NaN,NaN,NaN,NaN,NaN,NaN,NaN,NaN,NaN,NaN,TS,NW,b,b,NaN,NaN,NaN,NaN,NaN,NaN,
1980022818,18s.1980,TC18S,TS,NN,-15.3,60.6,60,NaN,136,1,136,1,NaN,NaN,NaN,NaN,NaN,NaN,NaN,NaN,NaN,NaN,TS,NW,b,b,NaN,NaN,NaN,NaN,NaN,NaN,
1980022900,18s.1980,TC18S,TS,NN,-15.3,60.5,60,NaN,289,2,289,2,NaN,NaN,NaN,NaN,NaN,NaN,NaN,NaN,NaN,NaN,TS,NW,b,b,NaN,NaN,NaN,NaN,NaN,NaN,
1980022906,18s.1980,TC18S,TS,NN,-15.4,60.6,60,NaN,180,0,180,0,NaN,NaN,NaN,NaN,NaN,NaN,NaN,NaN,NaN,NaN,TS,NW,b,b,NaN,NaN,NaN,NaN,NaN,NaN,
1980022912,18s.1980,TC18S,TS,NN,-15.6,60.8,60,NaN,136,2,136,2,NaN,NaN,NaN,NaN,NaN,NaN,NaN,NaN,NaN,NaN,TS,NW,b,b,NaN,NaN,NaN,NaN,NaN,NaN,
1980022918,18s.1980,TC18S,TS,NN,-15.7,60.9,60,NaN,136,2,136,2,NaN,NaN,NaN,NaN,NaN,NaN,NaN,NaN,NaN,NaN,TS,NW,b,b,NaN,NaN,NaN,NaN,NaN,NaN,
1980030100,18s.1980,TC18S,TS,NN,-15.9,60.8,60,NaN,180,1,180,2,NaN,NaN,NaN,NaN,NaN,NaN,NaN,NaN,NaN,NaN,TS,NW,b,b,NaN,NaN,NaN,NaN,NaN,NaN,
1980030106,18s.1980,TC18S,TS,NN,-16.9,60.2,60,NaN,209,7,209,7,NaN,NaN,NaN,NaN,NaN,NaN,NaN,NaN,NaN,NaN,TS,NW,b,b,NaN,NaN,NaN,NaN,NaN,NaN,
1980030112,18s.1980,TC18S,TS,NN,-17.8,59.5,60,NaN,213,11,213,11,NaN,NaN,NaN,NaN,NaN,NaN,NaN,NaN,NaN,NaN,TS,NW,b,b,NaN,NaN,NaN,NaN,NaN,NaN,
1980030118,18s.1980,TC18S,TS,NN,-17.8,59.2,60,NaN,227,7,227,7,NaN,NaN,NaN,NaN,NaN,NaN,NaN,NaN,NaN,NaN,TS,NW,b,b,NaN,NaN,NaN,NaN,NaN,NaN,
1980030200,18s.1980,TC18S,TS,NN,-17.9,58.9,55,NaN,260,3,260,3,NaN,NaN,NaN,NaN,NaN,NaN,NaN,NaN,NaN,NaN,TS,NW,b,b,NaN,NaN,NaN,NaN,NaN,NaN,
1980030206,18s.1980,TC18S,TS,NN,-17.9,58.4,50,NaN,263,4,263,4,NaN,NaN,NaN,NaN,NaN,NaN,NaN,NaN,NaN,NaN,TS,NW,b,b,NaN,NaN,NaN,NaN,NaN,NaN,
1980030212,18s.1980,TC18S,TS,NN,-18.0,57.9,50,NaN,264,5,264,5,NaN,NaN,NaN,NaN,NaN,NaN,NaN,NaN,NaN,NaN,TS,NW,b,b,NaN,NaN,NaN,NaN,NaN,NaN,
1980030218,18s.1980,TC18S,TS,NN,-17.9,57.4,50,NaN,270,5,270,5,NaN,NaN,NaN,NaN,NaN,NaN,NaN,NaN,NaN,NaN,TS,NW,b,b,NaN,NaN,NaN,NaN,NaN,NaN,
1980030300,18s.1980,TC18S,TS,NN,-17.8,57.0,50,NaN,283,4,283,4,NaN,NaN,NaN,NaN,NaN,NaN,NaN,NaN,NaN,NaN,TS,NW,b,b,NaN,NaN,NaN,NaN,NaN,NaN,
1980030306,18s.1980,TC18S,TS,NN,-17.6,57.4,50,NaN,360,2,360,1,NaN,NaN,NaN,NaN,NaN,NaN,NaN,NaN,NaN,NaN,TS,NW,b,b,NaN,NaN,NaN,NaN,NaN,NaN,
1980030312,18s.1980,TC18S,TS,NN,-17.5,58.1,50,NaN,74,5,74,5,NaN,NaN,NaN,NaN,NaN,NaN,NaN,NaN,NaN,NaN,TS,NW,b,b,NaN,NaN,NaN,NaN,NaN,NaN,
1980030318,18s.1980,TC18S,TS,NN,-18.0,58.3,50,NaN,115,5,115,5,NaN,NaN,NaN,NaN,NaN,NaN,NaN,NaN,NaN,NaN,TS,NW,b,b,NaN,NaN,NaN,NaN,NaN,NaN,
1980030400,18s.1980,TC18S,TS,NN,-18.8,58.5,50,NaN,164,7,164,7,NaN,NaN,NaN,NaN,NaN,NaN,NaN,NaN,NaN,NaN,TS,NW,b,b,NaN,NaN,NaN,NaN,NaN,NaN,
1980030406,18s.1980,TC18S,TS,NN,-19.0,58.6,50,NaN,164,5,164,5,NaN,NaN,NaN,NaN,NaN,NaN,NaN,NaN,NaN,NaN,TS,NW,b,b,NaN,NaN,NaN,NaN,NaN,NaN,
1980030412,18s.1980,TC18S,TS,NN,-19.2,58.7,50,NaN,155,2,155,2,NaN,NaN,NaN,NaN,NaN,NaN,NaN,NaN,NaN,NaN,TS,NW,b,b,NaN,NaN,NaN,NaN,NaN,NaN,
1980030418,18s.1980,TC18S,TS,NN,-20.2,58.6,50,NaN,180,6,180,6,NaN,NaN,NaN,NaN,NaN,NaN,NaN,NaN,NaN,NaN,TS,NW,b,b,NaN,NaN,NaN,NaN,NaN,NaN,
1980030500,18s.1980,TC18S,TS,NN,-21.2,58.3,50,NaN,191,10,191,10,NaN,NaN,NaN,NaN,NaN,NaN,NaN,NaN,NaN,NaN,TS,NW,b,b,NaN,NaN,NaN,NaN,NaN,NaN,
1980030506,18s.1980,TC18S,TS,NN,-21.7,57.7,50,NaN,209,9,209,9,NaN,NaN,NaN,NaN,NaN,NaN,NaN,NaN,NaN,NaN,TS,NW,b,b,NaN,NaN,NaN,NaN,NaN,NaN,
1980030512,18s.1980,TC18S,TS,NN,-21.8,57.0,50,NaN,244,7,244,7,NaN,NaN,NaN,NaN,NaN,NaN,NaN,NaN,NaN,NaN,TS,NW,b,b,NaN,NaN,NaN,NaN,NaN,NaN,
1980030518,18s.1980,TC18S,TS,NN,-21.0,56.6,50,NaN,304,6,304,6,NaN,NaN,NaN,NaN,NaN,NaN,NaN,NaN,NaN,NaN,TS,NW,b,b,NaN,NaN,NaN,NaN,NaN,NaN,
1980030600,18s.1980,TC18S,TS,NN,-20.3,56.3,50,NaN,336,8,336,8,NaN,NaN,NaN,NaN,NaN,NaN,NaN,NaN,NaN,NaN,TS,NW,b,b,NaN,NaN,NaN,NaN,NaN,NaN,
1980030606,18s.1980,TC18S,TS,NN,-20.7,56.2,50,NaN,309,2,309,2,NaN,NaN,NaN,NaN,NaN,NaN,NaN,NaN,NaN,NaN,TS,NW,b,b,NaN,NaN,0.02,NaN,NaN,NaN,
1980030612,18s.1980,TC18S,TS,NN,-21.5,56.0,50,NaN,193,6,193,6,NaN,NaN,NaN,NaN,NaN,NaN,NaN,NaN,NaN,NaN,TS,NW,b,b,NaN,NaN,0.11,NaN,NaN,NaN,
1980030618,18s.1980,TC18S,TS,NN,-22.6,55.6,50,NaN,196,10,196,10,NaN,NaN,NaN,NaN,NaN,NaN,NaN,NaN,NaN,NaN,TS,NW,b,b,NaN,NaN,NaN,NaN,NaN,NaN,
1980030700,18s.1980,TC18S,TS,NN,-23.7,55.0,55,NaN,203,12,203,12,NaN,NaN,NaN,NaN,NaN,NaN,NaN,NaN,NaN,NaN,TS,NW,b,b,NaN,NaN,NaN,NaN,NaN,NaN,
1980030706,18s.1980,TC18S,TS,NN,-24.6,54.3,60,NaN,211,12,211,12,NaN,NaN,NaN,NaN,NaN,NaN,NaN,NaN,NaN,NaN,TS,NW,b,b,NaN,NaN,NaN,NaN,NaN,NaN,
1980030712,18s.1980,TC18S,TS,NN,-25.4,53.5,60,NaN,219,11,219,11,NaN,NaN,NaN,NaN,NaN,NaN,NaN,NaN,NaN,NaN,TS,NW,b,b,NaN,NaN,NaN,NaN,NaN,NaN,
1980030718,18s.1980,TC18S,TS,NN,-26.3,51.9,60,NaN,232,14,232,14,NaN,NaN,NaN,NaN,NaN,NaN,NaN,NaN,NaN,NaN,TS,NW,b,b,NaN,NaN,NaN,NaN,NaN,NaN,
1980030800,18s.1980,TC18S,TS,NN,-27.0,50.2,55,NaN,242,17,242,17,NaN,NaN,NaN,NaN,NaN,NaN,NaN,NaN,NaN,NaN,TS,NW,b,b,NaN,NaN,NaN,NaN,NaN,NaN,
1980030806,18s.1980,TC18S,TS,NN,-27.3,49.3,50,NaN,247,13,247,13,NaN,NaN,NaN,NaN,NaN,NaN,NaN,NaN,NaN,NaN,TS,NW,b,b,NaN,NaN,NaN,NaN,NaN,NaN,
1980030812,18s.1980,TC18S,TS,NN,-27.5,48.5,50,NaN,252,8,252,8,NaN,NaN,NaN,NaN,NaN,NaN,NaN,NaN,NaN,NaN,TS,NW,b,b,NaN,NaN,NaN,NaN,NaN,NaN,
1980030818,18s.1980,TC18S,TS,NN,-27.8,47.3,50,NaN,254,9,254,9,NaN,NaN,NaN,NaN,NaN,NaN,NaN,NaN,NaN,NaN,TS,NW,b,b,NaN,NaN,NaN,NaN,NaN,NaN,
1980030900,18s.1980,TC18S,TS,NN,-28.2,46.2,55,NaN,251,11,251,11,NaN,NaN,NaN,NaN,NaN,NaN,NaN,NaN,NaN,NaN,TS,NW,b,b,NaN,NaN,NaN,NaN,NaN,NaN,
1980030906,18s.1980,TC18S,TS,NN,-28.6,45.5,60,NaN,243,9,243,9,NaN,NaN,NaN,NaN,NaN,NaN,NaN,NaN,NaN,NaN,TS,NW,b,b,NaN,NaN,NaN,NaN,NaN,NaN,
1980030912,18s.1980,TC18S,TS,NN,-29.0,44.9,60,NaN,235,7,235,7,NaN,NaN,NaN,NaN,NaN,NaN,NaN,NaN,NaN,NaN,TS,NW,b,b,NaN,NaN,NaN,NaN,NaN,NaN,
1980030918,18s.1980,TC18S,TS,NN,-29.2,44.0,60,NaN,245,7,245,7,NaN,NaN,NaN,NaN,NaN,NaN,NaN,NaN,NaN,NaN,TS,NW,b,b,NaN,NaN,NaN,NaN,NaN,NaN,
1980031000,18s.1980,TC18S,TS,NN,-29.1,43.2,60,NaN,266,7,266,7,NaN,NaN,NaN,NaN,NaN,NaN,NaN,NaN,NaN,NaN,TS,NW,b,b,NaN,NaN,NaN,NaN,NaN,NaN,
1980031006,18s.1980,TC18S,TS,NN,-28.6,43.0,60,NaN,304,5,304,5,NaN,NaN,NaN,NaN,NaN,NaN,NaN,NaN,NaN,NaN,TS,NW,b,b,NaN,NaN,NaN,NaN,NaN,NaN,
1980031012,18s.1980,TC18S,TS,NN,-28.0,42.9,60,NaN,347,6,347,6,NaN,NaN,NaN,NaN,NaN,NaN,NaN,NaN,NaN,NaN,TS,NW,b,b,NaN,NaN,NaN,NaN,NaN,NaN,
1980031018,18s.1980,TC18S,TS,NN,-27.5,42.6,60,NaN,342,6,342,6,NaN,NaN,NaN,NaN,NaN,NaN,NaN,NaN,NaN,NaN,TS,NW,b,b,NaN,NaN,NaN,NaN,NaN,NaN,
1980031100,18s.1980,TC18S,TS,NN,-27.2,42.2,60,NaN,322,5,322,5,NaN,NaN,NaN,NaN,NaN,NaN,NaN,NaN,NaN,NaN,TS,NW,b,b,NaN,NaN,NaN,NaN,NaN,NaN,
1980031106,18s.1980,TC18S,TS,NN,-27.8,41.9,60,NaN,244,3,244,3,NaN,NaN,NaN,NaN,NaN,NaN,NaN,NaN,NaN,NaN,TS,NW,b,b,NaN,NaN,NaN,NaN,NaN,NaN,
1980031112,18s.1980,TC18S,TS,NN,-28.5,42.0,60,NaN,188,7,188,7,NaN,NaN,NaN,NaN,NaN,NaN,NaN,NaN,NaN,NaN,TS,NW,b,b,NaN,NaN,NaN,NaN,NaN,NaN,
1980031118,18s.1980,TC18S,TS,NN,-28.5,43.3,60,NaN,120,7,120,7,NaN,NaN,NaN,NaN,NaN,NaN,NaN,NaN,NaN,NaN,TS,NW,b,b,NaN,NaN,NaN,NaN,NaN,NaN,
1980031200,18s.1980,TC18S,TS,NN,-28.1,45.0,60,NaN,81,13,81,13,NaN,NaN,NaN,NaN,NaN,NaN,NaN,NaN,NaN,NaN,TS,NW,b,b,NaN,NaN,NaN,NaN,NaN,NaN,
1980031206,18s.1980,TC18S,TS,NN,-27.5,45.9,60,NaN,66,13,66,13,NaN,NaN,NaN,NaN,NaN,NaN,NaN,NaN,NaN,NaN,TS,NW,b,b,NaN,NaN,NaN,NaN,NaN,NaN,
1980031212,18s.1980,TC18S,TS,NN,-26.8,46.5,60,NaN,46,9,46,9,NaN,NaN,NaN,NaN,NaN,NaN,NaN,NaN,NaN,NaN,TS,NW,b,b,NaN,NaN,NaN,NaN,NaN,NaN,
1980031218,18s.1980,TC18S,TS,NN,-26.0,46.5,NaN,NaN,20,8,20,8,NaN,NaN,NaN,NaN,NaN,NaN,NaN,NaN,NaN,NaN,NT,NW,b,b,NaN,NaN,NaN,NaN,NaN,NaN,
1980031300,18s.1980,TC18S,TS,NN,-25.0,46.0,NaN,NaN,346,9,346,9,NaN,NaN,NaN,NaN,NaN,NaN,NaN,NaN,NaN,NaN,NT,NW,b,b,NaN,NaN,0.82,NaN,NaN,NaN,
1980030800,19p.1980,TC19P,TY,NN,-12.5,67.5,50,NaN,245,10,245,10,NaN,NaN,NaN,NaN,NaN,NaN,NaN,NaN,NaN,NaN,TS,NW,b,b,NaN,NaN,NaN,NaN,NaN,NaN,
1980030806,19p.1980,TC19P,TY,NN,-13.1,66.7,50,NaN,245,10,245,10,NaN,NaN,NaN,NaN,NaN,NaN,NaN,NaN,NaN,NaN,TS,NW,b,b,NaN,NaN,NaN,NaN,NaN,NaN,
1980030812,19p.1980,TC19P,TY,NN,-13.3,65.7,50,NaN,245,10,245,10,NaN,NaN,NaN,NaN,NaN,NaN,NaN,NaN,NaN,NaN,TS,NW,b,b,NaN,NaN,NaN,NaN,NaN,NaN,
1980030818,19p.1980,TC19P,TY,NN,-13.3,64.3,50,NaN,265,12,265,12,NaN,NaN,NaN,NaN,NaN,NaN,NaN,NaN,NaN,NaN,TS,NW,b,b,NaN,NaN,NaN,NaN,NaN,NaN,
1980030900,19p.1980,TC19P,TY,NN,-13.0,63.0,50,NaN,277,13,277,13,NaN,NaN,NaN,NaN,NaN,NaN,NaN,NaN,NaN,NaN,TS,NW,b,b,NaN,NaN,NaN,NaN,NaN,NaN,
1980030906,19p.1980,TC19P,TY,NN,-12.6,61.9,50,NaN,287,12,287,12,NaN,NaN,NaN,NaN,NaN,NaN,NaN,NaN,NaN,NaN,TS,NW,b,b,NaN,NaN,NaN,NaN,NaN,NaN,
1980030912,19p.1980,TC19P,TY,NN,-12.1,60.8,50,NaN,293,12,293,12,NaN,NaN,NaN,NaN,NaN,NaN,NaN,NaN,NaN,NaN,TS,NW,b,b,NaN,NaN,NaN,NaN,NaN,NaN,
1980030918,19p.1980,TC19P,TY,NN,-11.8,59.7,50,NaN,290,11,290,11,NaN,NaN,NaN,NaN,NaN,NaN,NaN,NaN,NaN,NaN,TS,NW,b,b,NaN,NaN,NaN,NaN,NaN,NaN,
1980031000,19p.1980,TC19P,TY,NN,-11.6,58.5,50,NaN,283,12,283,12,NaN,NaN,NaN,NaN,NaN,NaN,NaN,NaN,NaN,NaN,TS,NW,b,b,NaN,NaN,NaN,NaN,NaN,NaN,
1980031006,19p.1980,TC19P,TY,NN,-11.7,57.4,50,NaN,273,11,273,11,NaN,NaN,NaN,NaN,NaN,NaN,NaN,NaN,NaN,NaN,TS,NW,b,b,NaN,NaN,NaN,NaN,NaN,NaN,
1980031012,19p.1980,TC19P,TY,NN,-12.1,56.8,50,NaN,253,9,253,9,NaN,NaN,NaN,NaN,NaN,NaN,NaN,NaN,NaN,NaN,TS,NW,b,b,NaN,NaN,NaN,NaN,NaN,NaN,
1980031018,19p.1980,TC19P,TY,NN,-12.8,56.6,50,NaN,215,7,215,7,NaN,NaN,NaN,NaN,NaN,NaN,NaN,NaN,NaN,NaN,TS,NW,b,b,NaN,NaN,NaN,NaN,NaN,NaN,
1980031100,19p.1980,TC19P,TY,NN,-13.5,56.4,50,NaN,196,7,196,7,NaN,NaN,NaN,NaN,NaN,NaN,NaN,NaN,NaN,NaN,TS,NW,b,b,NaN,NaN,NaN,NaN,NaN,NaN,
1980031106,19p.1980,TC19P,TY,NN,-14.1,56.2,55,NaN,197,7,197,7,NaN,NaN,NaN,NaN,NaN,NaN,NaN,NaN,NaN,NaN,TS,NW,b,b,NaN,NaN,NaN,NaN,NaN,NaN,
1980031112,19p.1980,TC19P,TY,NN,-14.7,56.0,60,NaN,198,6,198,6,NaN,NaN,NaN,NaN,NaN,NaN,NaN,NaN,NaN,NaN,TS,NW,b,b,NaN,NaN,NaN,NaN,NaN,NaN,
1980031118,19p.1980,TC19P,TY,NN,-15.3,55.9,65,NaN,194,6,194,6,NaN,NaN,NaN,NaN,NaN,NaN,NaN,NaN,NaN,NaN,TY,NW,b,b,NaN,NaN,NaN,NaN,NaN,NaN,
1980031200,19p.1980,TC19P,TY,NN,-16.0,56.0,70,NaN,180,6,180,7,NaN,NaN,NaN,NaN,NaN,NaN,NaN,NaN,NaN,NaN,TY,NW,b,b,NaN,NaN,NaN,NaN,NaN,NaN,
1980031206,19p.1980,TC19P,TY,NN,-16.7,56.3,75,NaN,165,7,165,7,NaN,NaN,NaN,NaN,NaN,NaN,NaN,NaN,NaN,NaN,TY,NW,b,b,NaN,NaN,NaN,NaN,NaN,NaN,
1980031212,19p.1980,TC19P,TY,NN,-17.5,56.8,80,NaN,153,8,153,8,NaN,NaN,NaN,NaN,NaN,NaN,NaN,NaN,NaN,NaN,TY,NW,b,b,NaN,NaN,NaN,NaN,NaN,NaN,
1980031218,19p.1980,TC19P,TY,NN,-18.3,57.3,90,NaN,149,9,149,9,NaN,NaN,NaN,NaN,NaN,NaN,NaN,NaN,NaN,NaN,TY,NW,b,b,NaN,NaN,NaN,NaN,NaN,NaN,
1980031300,19p.1980,TC19P,TY,NN,-19.2,57.8,100,NaN,151,10,151,10,NaN,NaN,NaN,NaN,NaN,NaN,NaN,NaN,NaN,NaN,TY,NW,b,b,NaN,NaN,NaN,NaN,NaN,NaN,
1980031306,19p.1980,TC19P,TY,NN,-20.3,58.3,100,NaN,155,11,155,11,NaN,NaN,NaN,NaN,NaN,NaN,NaN,NaN,NaN,NaN,TY,NW,b,b,NaN,NaN,NaN,NaN,NaN,NaN,
1980031312,19p.1980,TC19P,TY,NN,-21.2,58.8,100,NaN,155,11,155,11,NaN,NaN,NaN,NaN,NaN,NaN,NaN,NaN,NaN,NaN,TY,NW,b,b,NaN,NaN,NaN,NaN,NaN,NaN,
1980031318,19p.1980,TC19P,TY,NN,-21.8,59.5,95,NaN,143,9,143,9,NaN,NaN,NaN,NaN,NaN,NaN,NaN,NaN,NaN,NaN,TY,NW,b,b,NaN,NaN,NaN,NaN,NaN,NaN,
1980031400,19p.1980,TC19P,TY,NN,-22.5,60.3,90,NaN,133,10,133,10,NaN,NaN,NaN,NaN,NaN,NaN,NaN,NaN,NaN,NaN,TY,NW,b,b,NaN,NaN,NaN,NaN,NaN,NaN,
1980031406,19p.1980,TC19P,TY,NN,-23.1,61.1,80,NaN,131,10,131,10,NaN,NaN,NaN,NaN,NaN,NaN,NaN,NaN,NaN,NaN,TY,NW,b,b,NaN,NaN,NaN,NaN,NaN,NaN,
1980031412,19p.1980,TC19P,TY,NN,-23.8,61.9,75,NaN,131,10,131,10,NaN,NaN,NaN,NaN,NaN,NaN,NaN,NaN,NaN,NaN,TY,NW,b,b,NaN,NaN,NaN,NaN,NaN,NaN,
1980031418,19p.1980,TC19P,TY,NN,-24.6,62.1,70,NaN,149,9,149,9,NaN,NaN,NaN,NaN,NaN,NaN,NaN,NaN,NaN,NaN,TY,NW,b,b,NaN,NaN,NaN,NaN,NaN,NaN,
1980031500,19p.1980,TC19P,TY,NN,-25.5,62.2,65,NaN,171,9,171,9,NaN,NaN,NaN,NaN,NaN,NaN,NaN,NaN,NaN,NaN,TY,NW,b,b,NaN,NaN,NaN,NaN,NaN,NaN,
1980031506,19p.1980,TC19P,TY,NN,-26.5,62.4,60,NaN,172,10,172,10,NaN,NaN,NaN,NaN,NaN,NaN,NaN,NaN,NaN,NaN,TS,NW,b,b,NaN,NaN,NaN,NaN,NaN,NaN,
1980031512,19p.1980,TC19P,TY,NN,-27.5,62.7,60,NaN,167,10,167,10,NaN,NaN,NaN,NaN,NaN,NaN,NaN,NaN,NaN,NaN,TS,NW,b,b,NaN,NaN,NaN,NaN,NaN,NaN,
1980031518,19p.1980,TC19P,TY,NN,-28.4,62.9,55,NaN,167,10,167,10,NaN,NaN,NaN,NaN,NaN,NaN,NaN,NaN,NaN,NaN,TS,NW,b,b,NaN,NaN,NaN,NaN,NaN,NaN,
1980031600,19p.1980,TC19P,TY,NN,-29.3,63.2,50,NaN,166,9,166,9,NaN,NaN,NaN,NaN,NaN,NaN,NaN,NaN,NaN,NaN,TS,NW,b,b,NaN,NaN,NaN,NaN,NaN,NaN,
1980031606,19p.1980,TC19P,TY,NN,-30.0,63.7,50,NaN,156,9,156,9,NaN,NaN,NaN,NaN,NaN,NaN,NaN,NaN,NaN,NaN,TS,NW,b,b,NaN,NaN,NaN,NaN,NaN,NaN,
1980031612,19p.1980,TC19P,TY,NN,-30.7,64.5,50,NaN,141,9,141,9,NaN,NaN,NaN,NaN,NaN,NaN,NaN,NaN,NaN,NaN,TS,NW,b,b,NaN,NaN,NaN,NaN,NaN,NaN,
1980031618,19p.1980,TC19P,TY,NN,-31.4,65.2,45,NaN,137,10,137,10,NaN,NaN,NaN,NaN,NaN,NaN,NaN,NaN,NaN,NaN,TS,NW,b,b,NaN,NaN,NaN,NaN,NaN,NaN,
1980031700,19p.1980,TC19P,TY,NN,-32.2,66.0,35,NaN,140,10,140,10,NaN,NaN,NaN,NaN,NaN,NaN,NaN,NaN,NaN,NaN,TS,NW,b,b,NaN,NaN,NaN,NaN,NaN,NaN,
1980031000,s20.1980,9X-S20,TY,NN,-13.5,158.8,30,NaN,156,8,156,8,NaN,NaN,NaN,NaN,NaN,NaN,NaN,NaN,NaN,NaN,TD,NW,b,b,NaN,NaN,NaN,NaN,NaN,NaN,
1980031006,s20.1980,9X-S20,TY,NN,-14.3,159.2,30,NaN,156,8,156,8,NaN,NaN,NaN,NaN,NaN,NaN,NaN,NaN,NaN,NaN,TD,NW,b,b,NaN,NaN,NaN,NaN,NaN,NaN,
1980031012,s20.1980,9X-S20,TY,NN,-15.0,159.5,30,NaN,156,8,156,8,NaN,NaN,NaN,NaN,NaN,NaN,NaN,NaN,NaN,NaN,TD,NW,b,b,NaN,NaN,NaN,NaN,NaN,NaN,
1980031018,s20.1980,9X-S20,TY,NN,-15.5,159.8,30,NaN,154,7,154,7,NaN,NaN,NaN,NaN,NaN,NaN,NaN,NaN,NaN,NaN,TD,NW,b,b,NaN,NaN,NaN,NaN,NaN,NaN,
1980031100,s20.1980,9X-S20,TY,NN,-16.0,160.0,30,NaN,154,6,154,6,NaN,NaN,NaN,NaN,NaN,NaN,NaN,NaN,NaN,NaN,TD,NW,b,b,NaN,NaN,NaN,NaN,NaN,NaN,
1980031106,20s.1980,TC20S,TY,NN,-16.6,160.1,35,NaN,165,6,165,6,NaN,NaN,NaN,NaN,NaN,NaN,NaN,NaN,NaN,NaN,TS,NW,b,b,NaN,NaN,NaN,NaN,NaN,NaN,
1980031112,20s.1980,TC20S,TY,NN,-17.2,160.2,35,NaN,171,6,171,6,NaN,NaN,NaN,NaN,NaN,NaN,NaN,NaN,NaN,NaN,TS,NW,b,b,NaN,NaN,NaN,NaN,NaN,NaN,
1980031118,20s.1980,TC20S,TY,NN,-17.8,160.3,40,NaN,171,6,171,6,NaN,NaN,NaN,NaN,NaN,NaN,NaN,NaN,NaN,NaN,TS,NW,b,b,NaN,NaN,NaN,NaN,NaN,NaN,
1980031200,20s.1980,TC20S,TY,NN,-18.5,160.4,45,NaN,172,7,172,7,NaN,NaN,NaN,NaN,NaN,NaN,NaN,NaN,NaN,NaN,TS,NW,b,b,NaN,NaN,NaN,NaN,NaN,NaN,
1980031206,20s.1980,TC20S,TY,NN,-19.1,160.5,45,NaN,172,7,172,7,NaN,NaN,NaN,NaN,NaN,NaN,NaN,NaN,NaN,NaN,TS,NW,b,b,NaN,NaN,NaN,NaN,NaN,NaN,
1980031212,20s.1980,TC20S,TY,NN,-20.0,161.2,50,NaN,153,8,153,8,NaN,NaN,NaN,NaN,NaN,NaN,NaN,NaN,NaN,NaN,TS,NW,b,b,NaN,NaN,NaN,NaN,NaN,NaN,
1980031218,20s.1980,TC20S,TY,NN,-21.4,162.6,55,NaN,139,15,139,15,NaN,NaN,NaN,NaN,NaN,NaN,NaN,NaN,NaN,NaN,TS,NW,b,b,NaN,NaN,NaN,NaN,NaN,NaN,
1980031300,20s.1980,TC20S,TY,NN,-22.8,164.2,65,NaN,135,20,135,20,NaN,NaN,NaN,NaN,NaN,NaN,NaN,NaN,NaN,NaN,TY,NW,b,b,NaN,NaN,NaN,NaN,NaN,NaN,
1980031306,20s.1980,TC20S,TY,NN,-24.1,166.0,70,NaN,131,21,131,21,NaN,NaN,NaN,NaN,NaN,NaN,NaN,NaN,NaN,NaN,TY,NW,b,b,NaN,NaN,NaN,NaN,NaN,NaN,
1980031312,20s.1980,TC20S,TY,NN,-25.5,167.5,70,NaN,132,20,132,20,NaN,NaN,NaN,NaN,NaN,NaN,NaN,NaN,NaN,NaN,TY,NW,b,b,NaN,NaN,NaN,NaN,NaN,NaN,
1980031318,20s.1980,TC20S,TY,NN,-27.0,168.5,60,NaN,142,18,142,18,NaN,NaN,NaN,NaN,NaN,NaN,NaN,NaN,NaN,NaN,TS,NW,b,b,NaN,NaN,NaN,NaN,NaN,NaN,
1980031400,20s.1980,TC20S,TY,NN,-28.5,169.5,50,NaN,149,17,149,17,NaN,NaN,NaN,NaN,NaN,NaN,NaN,NaN,NaN,NaN,TS,NW,b,b,NaN,NaN,NaN,NaN,NaN,NaN,
1980031406,20s.1980,TC20S,TY,NN,-30.0,170.5,50,NaN,150,17,150,17,NaN,NaN,NaN,NaN,NaN,NaN,NaN,NaN,NaN,NaN,TS,NW,b,b,NaN,NaN,NaN,NaN,NaN,NaN,
1980031412,20s.1980,TC20S,TY,NN,-31.5,171.5,45,NaN,150,17,150,17,NaN,NaN,NaN,NaN,NaN,NaN,NaN,NaN,NaN,NaN,TS,NW,b,b,NaN,NaN,NaN,NaN,NaN,NaN,
1980031418,20s.1980,TC20S,TY,NN,-33.3,172.6,45,NaN,152,19,152,19,NaN,NaN,NaN,NaN,NaN,NaN,NaN,NaN,NaN,NaN,TS,NW,b,b,NaN,NaN,NaN,NaN,NaN,NaN,
1980031500,20s.1980,TC20S,TY,NN,-35.5,174.0,40,NaN,152,23,152,23,NaN,NaN,NaN,NaN,NaN,NaN,NaN,NaN,NaN,NaN,TS,NW,b,b,NaN,NaN,0.77,NaN,NaN,NaN,
1980031506,20s.1980,TC20S,TY,NN,-37.7,177.3,45,NaN,139,29,139,29,NaN,NaN,NaN,NaN,NaN,NaN,NaN,NaN,NaN,NaN,TS,NW,b,b,NaN,NaN,0.18,NaN,NaN,NaN,
1980031512,20s.1980,TC20S,TY,NN,-40.0,181.0,50,NaN,129,36,129,36,NaN,NaN,NaN,NaN,NaN,NaN,NaN,NaN,NaN,NaN,TS,NW,b,b,NaN,NaN,NaN,NaN,NaN,NaN,
1980031518,20s.1980,TC20S,TY,NN,-42.0,183.3,50,NaN,133,31,133,31,NaN,NaN,NaN,NaN,NaN,NaN,NaN,NaN,NaN,NaN,TS,NW,b,b,NaN,NaN,NaN,NaN,NaN,NaN,
1980031600,20s.1980,TC20S,TY,NN,-44.0,185.0,50,NaN,143,25,143,25,NaN,NaN,NaN,NaN,NaN,NaN,NaN,NaN,NaN,NaN,TS,NW,b,b,NaN,NaN,NaN,NaN,NaN,NaN,
1980031606,20s.1980,TC20S,TY,NN,-46.7,186.2,50,NaN,156,26,156,26,NaN,NaN,NaN,NaN,NaN,NaN,NaN,NaN,NaN,NaN,TS,NW,b,b,NaN,NaN,NaN,NaN,NaN,NaN,
1980031612,20s.1980,TC20S,TY,NN,-50.0,187.0,45,NaN,167,31,167,31,NaN,NaN,NaN,NaN,NaN,NaN,NaN,NaN,NaN,NaN,TS,NW,b,b,NaN,NaN,NaN,NaN,NaN,NaN,
1980031400,s21.1980,9X-S21,TS,NN,-10.0,133.8,30,NaN,63,2,63,2,NaN,NaN,NaN,NaN,NaN,NaN,NaN,NaN,NaN,NaN,TD,NW,b,b,NaN,NaN,NaN,NaN,NaN,NaN,
1980031406,s21.1980,9X-S21,TS,NN,-9.9,134.0,30,NaN,63,2,63,2,NaN,NaN,NaN,NaN,NaN,NaN,NaN,NaN,NaN,NaN,TD,NW,b,b,NaN,NaN,NaN,NaN,NaN,NaN,
1980031412,s21.1980,9X-S21,TS,NN,-9.8,134.2,30,NaN,63,2,63,2,NaN,NaN,NaN,NaN,NaN,NaN,NaN,NaN,NaN,NaN,TD,NW,b,b,NaN,NaN,NaN,NaN,NaN,NaN,
1980031418,s21.1980,9X-S21,TS,NN,-9.8,134.5,30,NaN,79,3,79,3,NaN,NaN,NaN,NaN,NaN,NaN,NaN,NaN,NaN,NaN,TD,NW,b,b,NaN,NaN,NaN,NaN,NaN,NaN,
1980031500,s21.1980,9X-S21,TS,NN,-9.8,135.0,30,NaN,90,4,90,4,NaN,NaN,NaN,NaN,NaN,NaN,NaN,NaN,NaN,NaN,TD,NW,b,b,NaN,NaN,NaN,NaN,NaN,NaN,
1980031506,s21.1980,9X-S21,TS,NN,-10.0,135.7,30,NaN,100,6,100,6,NaN,NaN,NaN,NaN,NaN,NaN,NaN,NaN,NaN,NaN,TD,NW,b,b,NaN,NaN,NaN,NaN,NaN,NaN,
1980031512,21s.1980,TC21S,TS,NN,-10.3,136.3,35,NaN,111,7,111,7,NaN,NaN,NaN,NaN,NaN,NaN,NaN,NaN,NaN,NaN,TS,NW,b,b,NaN,NaN,NaN,NaN,NaN,NaN,
1980031518,21s.1980,TC21S,TS,NN,-10.7,136.6,40,NaN,128,6,128,6,NaN,NaN,NaN,NaN,NaN,NaN,NaN,NaN,NaN,NaN,TS,NW,b,b,NaN,NaN,NaN,NaN,NaN,NaN,
1980031600,21s.1980,TC21S,TS,NN,-11.1,137.0,45,NaN,139,5,139,5,NaN,NaN,NaN,NaN,NaN,NaN,NaN,NaN,NaN,NaN,TS,NW,b,b,NaN,NaN,0.02,NaN,NaN,NaN,
1980031606,21s.1980,TC21S,TS,NN,-11.5,137.3,45,NaN,139,5,139,5,NaN,NaN,NaN,NaN,NaN,NaN,NaN,NaN,NaN,NaN,TS,NW,b,b,NaN,NaN,NaN,NaN,NaN,NaN,
1980031612,21s.1980,TC21S,TS,NN,-12.0,137.7,45,NaN,143,6,143,6,NaN,NaN,NaN,NaN,NaN,NaN,NaN,NaN,NaN,NaN,TS,NW,b,b,NaN,NaN,NaN,NaN,NaN,NaN,
1980031618,21s.1980,TC21S,TS,NN,-12.6,137.7,40,NaN,160,6,160,6,NaN,NaN,NaN,NaN,NaN,NaN,NaN,NaN,NaN,NaN,TS,NW,b,b,NaN,NaN,NaN,NaN,NaN,NaN,
1980031700,21s.1980,TC21S,TS,NN,-13.1,137.4,40,NaN,195,6,195,6,NaN,NaN,NaN,NaN,NaN,NaN,NaN,NaN,NaN,NaN,TS,NW,b,b,NaN,NaN,NaN,NaN,NaN,NaN,
1980031706,21s.1980,TC21S,TS,NN,-13.3,136.9,40,NaN,228,5,228,5,NaN,NaN,NaN,NaN,NaN,NaN,NaN,NaN,NaN,NaN,TS,NW,b,b,NaN,NaN,0.07,NaN,NaN,NaN,
1980031712,21s.1980,TC21S,TS,NN,-13.4,136.5,35,NaN,251,5,251,5,NaN,NaN,NaN,NaN,NaN,NaN,NaN,NaN,NaN,NaN,TS,NW,b,b,NaN,NaN,0.22,NaN,NaN,NaN,
1980031718,21s.1980,TC21S,TS,NN,-13.5,136.2,30,NaN,254,4,254,4,NaN,NaN,NaN,NaN,NaN,NaN,NaN,NaN,NaN,NaN,TD,NW,b,b,NaN,NaN,0.58,NaN,NaN,NaN,
1980031800,21s.1980,TC21S,TS,NN,-13.6,135.9,30,NaN,251,3,251,3,NaN,NaN,NaN,NaN,NaN,NaN,NaN,NaN,NaN,NaN,TD,NW,b,b,NaN,NaN,0.58,NaN,NaN,NaN,
1980031806,21s.1980,TC21S,TS,NN,-13.7,135.5,30,NaN,254,4,254,4,NaN,NaN,NaN,NaN,NaN,NaN,NaN,NaN,NaN,NaN,TD,NW,b,b,NaN,NaN,0.93,NaN,NaN,NaN,
1980031812,21s.1980,TC21S,TS,NN,-13.7,135.1,30,NaN,263,4,263,4,NaN,NaN,NaN,NaN,NaN,NaN,NaN,NaN,NaN,NaN,TD,NW,b,b,NaN,NaN,0.99,NaN,NaN,NaN,
1980031818,21s.1980,TC21S,TS,NN,-13.7,134.7,30,NaN,270,4,270,4,NaN,NaN,NaN,NaN,NaN,NaN,NaN,NaN,NaN,NaN,TD,NW,b,b,NaN,NaN,0.99,NaN,NaN,NaN,
1980031900,21s.1980,TC21S,TS,NN,-13.6,134.2,30,NaN,277,4,277,4,NaN,NaN,NaN,NaN,NaN,NaN,NaN,NaN,NaN,NaN,TD,NW,b,b,NaN,NaN,0.99,NaN,NaN,NaN,
1980031412,p22.1980,9X-P22,TS,NN,-10.8,71.5,25,NaN,281,15,281,15,NaN,NaN,NaN,NaN,NaN,NaN,NaN,NaN,NaN,NaN,TD,NW,b,b,NaN,NaN,NaN,NaN,NaN,NaN,
1980031418,p22.1980,9X-P22,TS,NN,-10.2,69.7,25,NaN,281,15,281,15,NaN,NaN,NaN,NaN,NaN,NaN,NaN,NaN,NaN,NaN,TD,NW,b,b,NaN,NaN,NaN,NaN,NaN,NaN,
1980031500,p22.1980,9X-P22,TS,NN,-10.2,68.5,30,NaN,281,15,281,15,NaN,NaN,NaN,NaN,NaN,NaN,NaN,NaN,NaN,NaN,TD,NW,b,b,NaN,NaN,NaN,NaN,NaN,NaN,
1980031506,p22.1980,9X-P22,TS,NN,-11.1,67.8,30,NaN,244,10,244,10,NaN,NaN,NaN,NaN,NaN,NaN,NaN,NaN,NaN,NaN,TD,NW,b,b,NaN,NaN,NaN,NaN,NaN,NaN,
1980031512,22p.1980,TC22P,TS,NN,-12.0,67.1,35,NaN,217,11,217,11,NaN,NaN,NaN,NaN,NaN,NaN,NaN,NaN,NaN,NaN,TS,NW,b,b,NaN,NaN,NaN,NaN,NaN,NaN,
1980031518,22p.1980,TC22P,TS,NN,-12.4,66.1,35,NaN,232,11,232,11,NaN,NaN,NaN,NaN,NaN,NaN,NaN,NaN,NaN,NaN,TS,NW,b,b,NaN,NaN,NaN,NaN,NaN,NaN,
1980031600,22p.1980,TC22P,TS,NN,-12.6,65.2,35,NaN,252,10,252,10,NaN,NaN,NaN,NaN,NaN,NaN,NaN,NaN,NaN,NaN,TS,NW,b,b,NaN,NaN,NaN,NaN,NaN,NaN,
1980031606,22p.1980,TC22P,TS,NN,-12.6,64.9,40,NaN,260,6,260,6,NaN,NaN,NaN,NaN,NaN,NaN,NaN,NaN,NaN,NaN,TS,NW,b,b,NaN,NaN,NaN,NaN,NaN,NaN,
1980031612,22p.1980,TC22P,TS,NN,-12.5,64.8,40,NaN,284,2,284,2,NaN,NaN,NaN,NaN,NaN,NaN,NaN,NaN,NaN,NaN,TS,NW,b,b,NaN,NaN,NaN,NaN,NaN,NaN,
1980031618,22p.1980,TC22P,TS,NN,-11.6,64.5,40,NaN,339,5,339,5,NaN,NaN,NaN,NaN,NaN,NaN,NaN,NaN,NaN,NaN,TS,NW,b,b,NaN,NaN,NaN,NaN,NaN,NaN,
1980031700,22p.1980,TC22P,TS,NN,-11.0,64.0,35,NaN,332,8,332,8,NaN,NaN,NaN,NaN,NaN,NaN,NaN,NaN,NaN,NaN,TS,NW,b,b,NaN,NaN,NaN,NaN,NaN,NaN,
1980031706,22p.1980,TC22P,TS,NN,-11.5,63.2,35,NaN,274,6,274,6,NaN,NaN,NaN,NaN,NaN,NaN,NaN,NaN,NaN,NaN,TS,NW,b,b,NaN,NaN,NaN,NaN,NaN,NaN,
1980031712,22p.1980,TC22P,TS,NN,-12.0,62.0,35,NaN,243,11,243,11,NaN,NaN,NaN,NaN,NaN,NaN,NaN,NaN,NaN,NaN,TS,NW,b,b,NaN,NaN,NaN,NaN,NaN,NaN,
1980031718,22p.1980,TC22P,TS,NN,-12.5,60.4,35,NaN,250,15,250,15,NaN,NaN,NaN,NaN,NaN,NaN,NaN,NaN,NaN,NaN,TS,NW,b,b,NaN,NaN,NaN,NaN,NaN,NaN,
1980031800,22p.1980,TC22P,TS,NN,-13.0,58.8,35,NaN,252,16,252,16,NaN,NaN,NaN,NaN,NaN,NaN,NaN,NaN,NaN,NaN,TS,NW,b,b,NaN,NaN,NaN,NaN,NaN,NaN,
1980031806,22p.1980,TC22P,TS,NN,-13.3,57.8,35,NaN,252,13,252,13,NaN,NaN,NaN,NaN,NaN,NaN,NaN,NaN,NaN,NaN,TS,NW,b,b,NaN,NaN,NaN,NaN,NaN,NaN,
1980031812,22p.1980,TC22P,TS,NN,-13.5,56.8,40,NaN,256,10,256,10,NaN,NaN,NaN,NaN,NaN,NaN,NaN,NaN,NaN,NaN,TS,NW,b,b,NaN,NaN,NaN,NaN,NaN,NaN,
1980031818,22p.1980,TC22P,TS,NN,-13.6,55.6,40,NaN,262,11,262,11,NaN,NaN,NaN,NaN,NaN,NaN,NaN,NaN,NaN,NaN,TS,NW,b,b,NaN,NaN,NaN,NaN,NaN,NaN,
1980031900,22p.1980,TC22P,TS,NN,-13.8,54.5,40,NaN,262,11,262,11,NaN,NaN,NaN,NaN,NaN,NaN,NaN,NaN,NaN,NaN,TS,NW,b,b,NaN,NaN,NaN,NaN,NaN,NaN,
1980031906,22p.1980,TC22P,TS,NN,-14.0,53.5,40,NaN,259,10,259,10,NaN,NaN,NaN,NaN,NaN,NaN,NaN,NaN,NaN,NaN,TS,NW,b,b,NaN,NaN,NaN,NaN,NaN,NaN,
1980031912,22p.1980,TC22P,TS,NN,-14.3,52.5,40,NaN,256,10,256,10,NaN,NaN,NaN,NaN,NaN,NaN,NaN,NaN,NaN,NaN,TS,NW,b,b,NaN,NaN,NaN,NaN,NaN,NaN,
1980031918,22p.1980,TC22P,TS,NN,-14.6,51.3,35,NaN,254,11,254,11,NaN,NaN,NaN,NaN,NaN,NaN,NaN,NaN,NaN,NaN,TS,NW,b,b,NaN,NaN,NaN,NaN,NaN,NaN,
1980032000,22p.1980,TC22P,TS,NN,-15.0,50.0,35,NaN,254,13,254,13,NaN,NaN,NaN,NaN,NaN,NaN,NaN,NaN,NaN,NaN,TS,NW,b,b,NaN,NaN,0.80,NaN,NaN,NaN,
1980032100,s23.1980,9X-S23,TS,NN,-12.0,169.5,30,NaN,90,7,90,7,NaN,NaN,NaN,NaN,NaN,NaN,NaN,NaN,NaN,NaN,TD,NW,b,b,NaN,NaN,NaN,NaN,NaN,NaN,
1980032106,s23.1980,9X-S23,TS,NN,-12.0,170.3,30,NaN,90,7,90,7,NaN,NaN,NaN,NaN,NaN,NaN,NaN,NaN,NaN,NaN,TD,NW,b,b,NaN,NaN,NaN,NaN,NaN,NaN,
1980032112,s23.1980,9X-S23,TS,NN,-12.0,171.0,30,NaN,90,7,90,7,NaN,NaN,NaN,NaN,NaN,NaN,NaN,NaN,NaN,NaN,TD,NW,b,b,NaN,NaN,NaN,NaN,NaN,NaN,
1980032118,s23.1980,9X-S23,TS,NN,-12.0,171.5,30,NaN,90,6,90,6,NaN,NaN,NaN,NaN,NaN,NaN,NaN,NaN,NaN,NaN,TD,NW,b,b,NaN,NaN,NaN,NaN,NaN,NaN,
1980032200,s23.1980,9X-S23,TS,NN,-12.1,172.0,30,NaN,96,5,96,5,NaN,NaN,NaN,NaN,NaN,NaN,NaN,NaN,NaN,NaN,TD,NW,b,b,NaN,NaN,NaN,NaN,NaN,NaN,
1980032206,s23.1980,9X-S23,TS,NN,-12.2,173.0,30,NaN,98,7,98,7,NaN,NaN,NaN,NaN,NaN,NaN,NaN,NaN,NaN,NaN,TD,NW,b,b,NaN,NaN,NaN,NaN,NaN,NaN,
1980032212,s23.1980,9X-S23,TS,NN,-12.5,174.0,30,NaN,102,10,102,10,NaN,NaN,NaN,NaN,NaN,NaN,NaN,NaN,NaN,NaN,TD,NW,b,b,NaN,NaN,NaN,NaN,NaN,NaN,
1980032218,s23.1980,9X-S23,TS,NN,-13.2,175.1,30,NaN,116,11,116,11,NaN,NaN,NaN,NaN,NaN,NaN,NaN,NaN,NaN,NaN,TD,NW,b,b,NaN,NaN,NaN,NaN,NaN,NaN,
1980032300,s23.1980,9X-S23,TS,NN,-14.0,176.2,30,NaN,125,13,125,13,NaN,NaN,NaN,NaN,NaN,NaN,NaN,NaN,NaN,NaN,TD,NW,b,b,NaN,NaN,NaN,NaN,NaN,NaN,
1980032306,s23.1980,9X-S23,TS,NN,-14.5,176.7,30,NaN,130,10,130,10,NaN,NaN,NaN,NaN,NaN,NaN,NaN,NaN,NaN,NaN,TD,NW,b,b,NaN,NaN,NaN,NaN,NaN,NaN,
1980032312,23s.1980,TC23S,TS,NN,-15.0,177.2,35,NaN,136,7,136,7,NaN,NaN,NaN,NaN,NaN,NaN,NaN,NaN,NaN,NaN,TS,NW,b,b,NaN,NaN,NaN,NaN,NaN,NaN,
1980032318,23s.1980,TC23S,TS,NN,-15.9,178.2,50,NaN,134,10,134,10,NaN,NaN,NaN,NaN,NaN,NaN,NaN,NaN,NaN,NaN,TS,NW,b,b,NaN,NaN,NaN,NaN,NaN,NaN,
1980032400,23s.1980,TC23S,TS,NN,-16.8,179.5,60,NaN,129,14,129,14,NaN,NaN,NaN,NaN,NaN,NaN,NaN,NaN,NaN,NaN,TS,NW,b,b,NaN,NaN,0.23,NaN,NaN,NaN,
1980032406,23s.1980,TC23S,TS,NN,-17.4,181.0,55,NaN,119,15,119,15,NaN,NaN,NaN,NaN,NaN,NaN,NaN,NaN,NaN,NaN,TS,NW,b,b,NaN,NaN,0.01,NaN,NaN,NaN,
1980032412,23s.1980,TC23S,TS,NN,-18.0,182.5,45,NaN,113,16,113,16,NaN,NaN,NaN,NaN,NaN,NaN,NaN,NaN,NaN,NaN,TS,NW,b,b,NaN,NaN,NaN,NaN,NaN,NaN,
1980032418,23s.1980,TC23S,TS,NN,-18.7,184.0,50,NaN,115,16,115,16,NaN,NaN,NaN,NaN,NaN,NaN,NaN,NaN,NaN,NaN,TS,NW,b,b,NaN,NaN,NaN,NaN,NaN,NaN,
1980032500,23s.1980,TC23S,TS,NN,-19.5,185.5,50,NaN,118,16,118,16,NaN,NaN,NaN,NaN,NaN,NaN,NaN,NaN,NaN,NaN,TS,NW,b,b,NaN,NaN,NaN,NaN,NaN,NaN,
1980032506,23s.1980,TC23S,TS,NN,-20.0,187.6,50,NaN,111,18,111,18,NaN,NaN,NaN,NaN,NaN,NaN,NaN,NaN,NaN,NaN,TS,NW,b,b,NaN,NaN,NaN,NaN,NaN,NaN,
1980032512,23s.1980,TC23S,TS,NN,-20.5,190.0,45,NaN,103,22,103,22,NaN,NaN,NaN,NaN,NaN,NaN,NaN,NaN,NaN,NaN,TS,NW,b,b,NaN,NaN,NaN,NaN,NaN,NaN,
1980032518,23s.1980,TC23S,TS,NN,-21.4,191.8,40,NaN,110,21,110,21,NaN,NaN,NaN,NaN,NaN,NaN,NaN,NaN,NaN,NaN,TS,NW,b,b,NaN,NaN,NaN,NaN,NaN,NaN,
1980032600,23s.1980,TC23S,TS,NN,-22.5,193.5,40,NaN,122,19,122,19,NaN,NaN,NaN,NaN,NaN,NaN,NaN,NaN,NaN,NaN,TS,NW,b,b,NaN,NaN,NaN,NaN,NaN,NaN,
1980032606,23s.1980,TC23S,TS,NN,-23.6,194.8,40,NaN,128,18,128,18,NaN,NaN,NaN,NaN,NaN,NaN,NaN,NaN,NaN,NaN,TS,NW,b,b,NaN,NaN,NaN,NaN,NaN,NaN,
1980032612,23s.1980,TC23S,TS,NN,-25.0,196.0,35,NaN,138,17,138,17,NaN,NaN,NaN,NaN,NaN,NaN,NaN,NaN,NaN,NaN,TS,NW,b,b,NaN,NaN,NaN,NaN,NaN,NaN,
1980032618,23s.1980,TC23S,TS,NN,-26.9,197.8,35,NaN,141,21,141,21,NaN,NaN,NaN,NaN,NaN,NaN,NaN,NaN,NaN,NaN,TS,NW,b,b,NaN,NaN,NaN,NaN,NaN,NaN,
1980032700,23s.1980,TC23S,TS,NN,-28.8,200.0,35,NaN,137,26,137,26,NaN,NaN,NaN,NaN,NaN,NaN,NaN,NaN,NaN,NaN,TS,NW,b,b,NaN,NaN,NaN,NaN,NaN,NaN,
1980032706,23s.1980,TC23S,TS,NN,-30.5,202.7,30,NaN,130,28,130,28,NaN,NaN,NaN,NaN,NaN,NaN,NaN,NaN,NaN,NaN,TD,NW,b,b,NaN,NaN,NaN,NaN,NaN,NaN,
1980032712,23s.1980,TC23S,TS,NN,-32.0,206.0,30,NaN,122,30,122,30,NaN,NaN,NaN,NaN,NaN,NaN,NaN,NaN,NaN,NaN,TD,NW,b,b,NaN,NaN,NaN,NaN,NaN,NaN,
1980032112,s24.1980,9X-S24,TY,NN,-19.0,117.5,30,NaN,305,9,305,9,NaN,NaN,NaN,NaN,NaN,NaN,NaN,NaN,NaN,NaN,TD,NW,b,b,NaN,NaN,NaN,NaN,NaN,NaN,
1980032118,24s.1980,TC24S,TY,NN,-18.6,116.9,35,NaN,305,9,305,9,NaN,NaN,NaN,NaN,NaN,NaN,NaN,NaN,NaN,NaN,TS,NW,b,b,NaN,NaN,NaN,NaN,NaN,NaN,
1980032200,24s.1980,TC24S,TY,NN,-18.0,116.0,35,NaN,305,9,305,9,NaN,NaN,NaN,NaN,NaN,NaN,NaN,NaN,NaN,NaN,TS,NW,b,b,NaN,NaN,NaN,NaN,NaN,NaN,
1980032206,24s.1980,TC24S,TY,NN,-16.8,114.9,40,NaN,313,13,313,13,NaN,NaN,NaN,NaN,NaN,NaN,NaN,NaN,NaN,NaN,TS,NW,b,b,NaN,NaN,NaN,NaN,NaN,NaN,
1980032212,24s.1980,TC24S,TY,NN,-16.0,113.5,45,NaN,310,16,310,16,NaN,NaN,NaN,NaN,NaN,NaN,NaN,NaN,NaN,NaN,TS,NW,b,b,NaN,NaN,NaN,NaN,NaN,NaN,
1980032218,24s.1980,TC24S,TY,NN,-16.2,111.7,45,NaN,281,16,281,16,NaN,NaN,NaN,NaN,NaN,NaN,NaN,NaN,NaN,NaN,TS,NW,b,b,NaN,NaN,NaN,NaN,NaN,NaN,
1980032300,24s.1980,TC24S,TY,NN,-16.5,110.0,50,NaN,262,17,262,17,NaN,NaN,NaN,NaN,NaN,NaN,NaN,NaN,NaN,NaN,TS,NW,b,b,NaN,NaN,NaN,NaN,NaN,NaN,
1980032306,24s.1980,TC24S,TY,NN,-16.6,108.9,55,NaN,262,14,262,14,NaN,NaN,NaN,NaN,NaN,NaN,NaN,NaN,NaN,NaN,TS,NW,b,b,NaN,NaN,NaN,NaN,NaN,NaN,
1980032312,24s.1980,TC24S,TY,NN,-16.7,107.8,55,NaN,265,11,265,11,NaN,NaN,NaN,NaN,NaN,NaN,NaN,NaN,NaN,NaN,TS,NW,b,b,NaN,NaN,NaN,NaN,NaN,NaN,
1980032318,24s.1980,TC24S,TY,NN,-16.7,106.5,60,NaN,268,12,268,12,NaN,NaN,NaN,NaN,NaN,NaN,NaN,NaN,NaN,NaN,TS,NW,b,b,NaN,NaN,NaN,NaN,NaN,NaN,
1980032400,24s.1980,TC24S,TY,NN,-16.7,105.3,65,NaN,270,12,270,12,NaN,NaN,NaN,NaN,NaN,NaN,NaN,NaN,NaN,NaN,TY,NW,b,b,NaN,NaN,NaN,NaN,NaN,NaN,
1980032406,24s.1980,TC24S,TY,NN,-16.8,104.6,70,NaN,267,9,267,9,NaN,NaN,NaN,NaN,NaN,NaN,NaN,NaN,NaN,NaN,TY,NW,b,b,NaN,NaN,NaN,NaN,NaN,NaN,
1980032412,24s.1980,TC24S,TY,NN,-16.9,104.0,75,NaN,261,6,261,6,NaN,NaN,NaN,NaN,NaN,NaN,NaN,NaN,NaN,NaN,TY,NW,b,b,NaN,NaN,NaN,NaN,NaN,NaN,
1980032418,24s.1980,TC24S,TY,NN,-17.0,102.9,80,NaN,263,8,263,8,NaN,NaN,NaN,NaN,NaN,NaN,NaN,NaN,NaN,NaN,TY,NW,b,b,NaN,NaN,NaN,NaN,NaN,NaN,
1980032500,24s.1980,TC24S,TY,NN,-17.0,101.8,85,NaN,267,11,267,11,NaN,NaN,NaN,NaN,NaN,NaN,NaN,NaN,NaN,NaN,TY,NW,b,b,NaN,NaN,NaN,NaN,NaN,NaN,
1980032506,24s.1980,TC24S,TY,NN,-17.1,100.9,90,NaN,267,10,267,10,NaN,NaN,NaN,NaN,NaN,NaN,NaN,NaN,NaN,NaN,TY,NW,b,b,NaN,NaN,NaN,NaN,NaN,NaN,
1980032512,24s.1980,TC24S,TY,NN,-17.2,100.3,95,NaN,262,7,262,7,NaN,NaN,NaN,NaN,NaN,NaN,NaN,NaN,NaN,NaN,TY,NW,b,b,NaN,NaN,NaN,NaN,NaN,NaN,
1980032518,24s.1980,TC24S,TY,NN,-17.4,100.1,105,NaN,249,4,249,4,NaN,NaN,NaN,NaN,NaN,NaN,NaN,NaN,NaN,NaN,TY,NW,b,b,NaN,NaN,NaN,NaN,NaN,NaN,
1980032600,24s.1980,TC24S,TY,NN,-17.8,100.0,110,NaN,205,3,205,3,NaN,NaN,NaN,NaN,NaN,NaN,NaN,NaN,NaN,NaN,TY,NW,b,b,NaN,NaN,NaN,NaN,NaN,NaN,
1980032606,24s.1980,TC24S,TY,NN,-19.1,99.7,110,NaN,193,9,193,9,NaN,NaN,NaN,NaN,NaN,NaN,NaN,NaN,NaN,NaN,TY,NW,b,b,NaN,NaN,NaN,NaN,NaN,NaN,
1980032612,24s.1980,TC24S,TY,NN,-20.5,99.5,110,NaN,190,14,190,14,NaN,NaN,NaN,NaN,NaN,NaN,NaN,NaN,NaN,NaN,TY,NW,b,b,NaN,NaN,NaN,NaN,NaN,NaN,
1980032618,24s.1980,TC24S,TY,NN,-21.5,99.4,105,NaN,187,12,187,12,NaN,NaN,NaN,NaN,NaN,NaN,NaN,NaN,NaN,NaN,TY,NW,b,b,NaN,NaN,NaN,NaN,NaN,NaN,
1980032700,24s.1980,TC24S,TY,NN,-22.5,99.5,95,NaN,180,10,180,10,NaN,NaN,NaN,NaN,NaN,NaN,NaN,NaN,NaN,NaN,TY,NW,b,b,NaN,NaN,NaN,NaN,NaN,NaN,
1980032706,24s.1980,TC24S,TY,NN,-23.7,100.1,80,NaN,164,11,164,11,NaN,NaN,NaN,NaN,NaN,NaN,NaN,NaN,NaN,NaN,TY,NW,b,b,NaN,NaN,NaN,NaN,NaN,NaN,
1980032712,24s.1980,TC24S,TY,NN,-25.0,100.8,60,NaN,155,14,155,14,NaN,NaN,NaN,NaN,NaN,NaN,NaN,NaN,NaN,NaN,TS,NW,b,b,NaN,NaN,NaN,NaN,NaN,NaN,
1980032718,24s.1980,TC24S,TY,NN,-27.0,101.2,55,NaN,163,17,163,17,NaN,NaN,NaN,NaN,NaN,NaN,NaN,NaN,NaN,NaN,TS,NW,b,b,NaN,NaN,NaN,NaN,NaN,NaN,
1980032800,24s.1980,TC24S,TY,NN,-29.8,101.6,55,NaN,172,24,172,24,NaN,NaN,NaN,NaN,NaN,NaN,NaN,NaN,NaN,NaN,TS,NW,b,b,NaN,NaN,NaN,NaN,NaN,NaN,
1980032500,25p.1980,TC25P,TD,NN,-11.0,134.5,NaN,NaN,127,12,127,12,NaN,NaN,NaN,NaN,NaN,NaN,NaN,NaN,NaN,NaN,NT,NW,b,b,NaN,NaN,NaN,NaN,NaN,NaN,
1980032506,25p.1980,TC25P,TD,NN,-11.8,135.5,NaN,NaN,127,12,127,12,NaN,NaN,NaN,NaN,NaN,NaN,NaN,NaN,NaN,NaN,NT,NW,b,b,NaN,NaN,0.34,NaN,NaN,NaN,
1980032512,25p.1980,TC25P,TD,NN,-12.5,136.5,NaN,NaN,127,12,127,12,NaN,NaN,NaN,NaN,NaN,NaN,NaN,NaN,NaN,NaN,NT,NW,b,b,NaN,NaN,0.58,NaN,NaN,NaN,
1980032518,25p.1980,TC25P,TD,NN,-13.0,137.6,NaN,NaN,120,12,120,12,NaN,NaN,NaN,NaN,NaN,NaN,NaN,NaN,NaN,NaN,NT,NW,b,b,NaN,NaN,NaN,NaN,NaN,NaN,
1980032600,25p.1980,TC25P,TD,NN,-13.5,138.7,NaN,NaN,115,12,115,12,NaN,NaN,NaN,NaN,NaN,NaN,NaN,NaN,NaN,NaN,NT,NW,b,b,NaN,NaN,NaN,NaN,NaN,NaN,
1980032606,25p.1980,TC25P,TD,NN,-14.0,139.3,NaN,NaN,121,10,121,10,NaN,NaN,NaN,NaN,NaN,NaN,NaN,NaN,NaN,NaN,NT,NW,b,b,NaN,NaN,NaN,NaN,NaN,NaN,
1980032612,25p.1980,TC25P,TD,NN,-14.5,139.4,NaN,NaN,146,6,146,6,NaN,NaN,NaN,NaN,NaN,NaN,NaN,NaN,NaN,NaN,NT,NW,b,b,NaN,NaN,NaN,NaN,NaN,NaN,
1980032618,25p.1980,TC25P,TD,NN,-15.1,139.3,NaN,NaN,180,6,180,5,NaN,NaN,NaN,NaN,NaN,NaN,NaN,NaN,NaN,NaN,NT,NW,b,b,NaN,NaN,NaN,NaN,NaN,NaN,
1980032700,25p.1980,TC25P,TD,NN,-15.8,139.0,NaN,NaN,197,7,197,7,NaN,NaN,NaN,NaN,NaN,NaN,NaN,NaN,NaN,NaN,NT,NW,b,b,NaN,NaN,0.01,NaN,NaN,NaN,
1980032500,p26.1980,9X-P26,TS,NN,-9.0,170.0,30,NaN,103,23,103,23,NaN,NaN,NaN,NaN,NaN,NaN,NaN,NaN,NaN,NaN,TD,NW,b,b,NaN,NaN,NaN,NaN,NaN,NaN,
1980032506,p26.1980,9X-P26,TS,NN,-9.4,172.5,30,NaN,103,23,103,23,NaN,NaN,NaN,NaN,NaN,NaN,NaN,NaN,NaN,NaN,TD,NW,b,b,NaN,NaN,NaN,NaN,NaN,NaN,
1980032512,p26.1980,9X-P26,TS,NN,-10.0,174.5,30,NaN,103,23,103,23,NaN,NaN,NaN,NaN,NaN,NaN,NaN,NaN,NaN,NaN,TD,NW,b,b,NaN,NaN,NaN,NaN,NaN,NaN,
1980032518,p26.1980,9X-P26,TS,NN,-10.7,176.0,30,NaN,111,18,111,18,NaN,NaN,NaN,NaN,NaN,NaN,NaN,NaN,NaN,NaN,TD,NW,b,b,NaN,NaN,NaN,NaN,NaN,NaN,
1980032600,p26.1980,9X-P26,TS,NN,-11.5,177.5,30,NaN,117,17,117,17,NaN,NaN,NaN,NaN,NaN,NaN,NaN,NaN,NaN,NaN,TD,NW,b,b,NaN,NaN,NaN,NaN,NaN,NaN,
1980032606,p26.1980,9X-P26,TS,NN,-12.5,179.0,30,NaN,121,17,121,17,NaN,NaN,NaN,NaN,NaN,NaN,NaN,NaN,NaN,NaN,TD,NW,b,b,NaN,NaN,NaN,NaN,NaN,NaN,
1980032612,26p.1980,TC26P,TS,NN,-13.5,180.5,35,NaN,124,18,124,18,NaN,NaN,NaN,NaN,NaN,NaN,NaN,NaN,NaN,NaN,TS,NW,b,b,NaN,NaN,NaN,NaN,NaN,NaN,
1980032618,26p.1980,TC26P,TS,NN,-14.3,181.8,50,NaN,123,16,123,16,NaN,NaN,NaN,NaN,NaN,NaN,NaN,NaN,NaN,NaN,TS,NW,b,b,NaN,NaN,NaN,NaN,NaN,NaN,
1980032700,26p.1980,TC26P,TS,NN,-15.0,183.0,60,NaN,122,14,122,14,NaN,NaN,NaN,NaN,NaN,NaN,NaN,NaN,NaN,NaN,TS,NW,b,b,NaN,NaN,NaN,NaN,NaN,NaN,
1980032706,26p.1980,TC26P,TS,NN,-15.7,184.2,55,NaN,121,14,121,14,NaN,NaN,NaN,NaN,NaN,NaN,NaN,NaN,NaN,NaN,TS,NW,b,b,NaN,NaN,NaN,NaN,NaN,NaN,
1980032712,26p.1980,TC26P,TS,NN,-16.3,185.5,45,NaN,118,14,118,14,NaN,NaN,NaN,NaN,NaN,NaN,NaN,NaN,NaN,NaN,TS,NW,b,b,NaN,NaN,NaN,NaN,NaN,NaN,
1980032718,26p.1980,TC26P,TS,NN,-16.9,186.7,40,NaN,117,13,117,13,NaN,NaN,NaN,NaN,NaN,NaN,NaN,NaN,NaN,NaN,TS,NW,b,b,NaN,NaN,NaN,NaN,NaN,NaN,
1980032800,26p.1980,TC26P,TS,NN,-17.5,188.0,35,NaN,117,13,117,13,NaN,NaN,NaN,NaN,NaN,NaN,NaN,NaN,NaN,NaN,TS,NW,b,b,NaN,NaN,NaN,NaN,NaN,NaN,
1980032806,26p.1980,TC26P,TS,NN,-17.9,189.8,30,NaN,109,16,109,16,NaN,NaN,NaN,NaN,NaN,NaN,NaN,NaN,NaN,NaN,TD,NW,b,b,NaN,NaN,NaN,NaN,NaN,NaN,
1980032812,26p.1980,TC26P,TS,NN,-18.2,191.7,30,NaN,101,18,101,18,NaN,NaN,NaN,NaN,NaN,NaN,NaN,NaN,NaN,NaN,TD,NW,b,b,NaN,NaN,NaN,NaN,NaN,NaN,
1980032818,26p.1980,TC26P,TS,NN,-18.5,193.0,30,NaN,101,15,101,15,NaN,NaN,NaN,NaN,NaN,NaN,NaN,NaN,NaN,NaN,TD,NW,b,b,NaN,NaN,NaN,NaN,NaN,NaN,
1980032900,26p.1980,TC26P,TS,NN,-18.7,194.0,30,NaN,103,11,103,11,NaN,NaN,NaN,NaN,NaN,NaN,NaN,NaN,NaN,NaN,TD,NW,b,b,NaN,NaN,NaN,NaN,NaN,NaN,
1980032712,27p.1980,TC27P,TD,NN,-14.3,139.8,NaN,NaN,289,9,289,9,NaN,NaN,NaN,NaN,NaN,NaN,NaN,NaN,NaN,NaN,NT,NW,b,b,NaN,NaN,NaN,NaN,NaN,NaN,
1980032718,27p.1980,TC27P,TD,NN,-14.0,138.6,NaN,NaN,289,9,289,9,NaN,NaN,NaN,NaN,NaN,NaN,NaN,NaN,NaN,NaN,NT,NW,b,b,NaN,NaN,NaN,NaN,NaN,NaN,
1980032800,27p.1980,TC27P,TD,NN,-13.7,138.0,NaN,NaN,289,9,289,9,NaN,NaN,NaN,NaN,NaN,NaN,NaN,NaN,NaN,NaN,NT,NW,b,b,NaN,NaN,NaN,NaN,NaN,NaN,
1980032806,27p.1980,TC27P,TD,NN,-13.4,138.0,NaN,NaN,316,4,316,4,NaN,NaN,NaN,NaN,NaN,NaN,NaN,NaN,NaN,NaN,NT,NW,b,b,NaN,NaN,NaN,NaN,NaN,NaN,
1980032812,27p.1980,TC27P,TD,NN,-13.0,138.1,NaN,NaN,8,4,8,4,NaN,NaN,NaN,NaN,NaN,NaN,NaN,NaN,NaN,NaN,NT,NW,b,b,NaN,NaN,NaN,NaN,NaN,NaN,
1980032818,27p.1980,TC27P,TD,NN,-12.6,138.2,NaN,NaN,14,4,14,4,NaN,NaN,NaN,NaN,NaN,NaN,NaN,NaN,NaN,NaN,NT,NW,b,b,NaN,NaN,NaN,NaN,NaN,NaN,
1980032900,27p.1980,TC27P,TD,NN,-12.2,138.3,NaN,NaN,14,4,14,4,NaN,NaN,NaN,NaN,NaN,NaN,NaN,NaN,NaN,NaN,NT,NW,b,b,NaN,NaN,NaN,NaN,NaN,NaN,
1980032906,27p.1980,TC27P,TD,NN,-12.0,137.8,NaN,NaN,327,4,327,4,NaN,NaN,NaN,NaN,NaN,NaN,NaN,NaN,NaN,NaN,NT,NW,b,b,NaN,NaN,NaN,NaN,NaN,NaN,
1980032912,27p.1980,TC27P,TD,NN,-11.8,137.0,NaN,NaN,287,7,287,7,NaN,NaN,NaN,NaN,NaN,NaN,NaN,NaN,NaN,NaN,NT,NW,b,b,NaN,NaN,0.13,NaN,NaN,NaN,
1980032918,27p.1980,TC27P,TD,NN,-11.5,136.6,NaN,NaN,293,6,293,6,NaN,NaN,NaN,NaN,NaN,NaN,NaN,NaN,NaN,NaN,NT,NW,b,b,NaN,NaN,0.05,NaN,NaN,NaN,
1980033000,27p.1980,TC27P,TD,NN,-11.1,136.1,NaN,NaN,308,6,308,6,NaN,NaN,NaN,NaN,NaN,NaN,NaN,NaN,NaN,NaN,NT,NW,b,b,NaN,NaN,NaN,NaN,NaN,NaN,
1980033006,27p.1980,TC27P,TD,NN,-10.8,135.4,NaN,NaN,301,7,301,7,NaN,NaN,NaN,NaN,NaN,NaN,NaN,NaN,NaN,NaN,NT,NW,b,b,NaN,NaN,NaN,NaN,NaN,NaN,
1980033012,27p.1980,TC27P,TD,NN,-10.4,134.5,NaN,NaN,294,9,294,9,NaN,NaN,NaN,NaN,NaN,NaN,NaN,NaN,NaN,NaN,NT,NW,b,b,NaN,NaN,NaN,NaN,NaN,NaN,
1980040100,p28.1980,9X-P28,TS,NN,-15.2,182.5,30,NaN,289,6,289,6,NaN,NaN,NaN,NaN,NaN,NaN,NaN,NaN,NaN,NaN,TD,NW,b,b,NaN,NaN,NaN,NaN,NaN,NaN,
1980040106,p28.1980,9X-P28,TS,NN,-15.0,181.9,30,NaN,289,6,289,6,NaN,NaN,NaN,NaN,NaN,NaN,NaN,NaN,NaN,NaN,TD,NW,b,b,NaN,NaN,NaN,NaN,NaN,NaN,
1980040112,p28.1980,9X-P28,TS,NN,-14.8,181.3,30,NaN,289,6,289,6,NaN,NaN,NaN,NaN,NaN,NaN,NaN,NaN,NaN,NaN,TD,NW,b,b,NaN,NaN,NaN,NaN,NaN,NaN,
1980040118,p28.1980,9X-P28,TS,NN,-14.5,180.8,30,NaN,295,6,295,6,NaN,NaN,NaN,NaN,NaN,NaN,NaN,NaN,NaN,NaN,TD,NW,b,b,NaN,NaN,NaN,NaN,NaN,NaN,
1980040200,p28.1980,9X-P28,TS,NN,-14.3,180.5,30,NaN,303,5,303,5,NaN,NaN,NaN,NaN,NaN,NaN,NaN,NaN,NaN,NaN,TD,NW,b,b,NaN,NaN,NaN,NaN,NaN,NaN,
1980040206,p28.1980,9X-P28,TS,NN,-14.5,180.3,30,NaN,270,2,270,2,NaN,NaN,NaN,NaN,NaN,NaN,NaN,NaN,NaN,NaN,TD,NW,b,b,NaN,NaN,NaN,NaN,NaN,NaN,
1980040212,28p.1980,TC28P,TS,NN,-14.8,180.2,35,NaN,210,3,210,3,NaN,NaN,NaN,NaN,NaN,NaN,NaN,NaN,NaN,NaN,TS,NW,b,b,NaN,NaN,NaN,NaN,NaN,NaN,
1980040218,28p.1980,TC28P,TS,NN,-14.9,179.8,35,NaN,230,3,230,3,NaN,NaN,NaN,NaN,NaN,NaN,NaN,NaN,NaN,NaN,TS,NW,b,b,NaN,NaN,NaN,NaN,NaN,NaN,
1980040300,28p.1980,TC28P,TS,NN,-15.0,179.5,40,NaN,254,4,254,4,NaN,NaN,NaN,NaN,NaN,NaN,NaN,NaN,NaN,NaN,TS,NW,b,b,NaN,NaN,NaN,NaN,NaN,NaN,
1980040306,28p.1980,TC28P,TS,NN,-15.1,179.4,40,NaN,243,2,243,2,NaN,NaN,NaN,NaN,NaN,NaN,NaN,NaN,NaN,NaN,TS,NW,b,b,NaN,NaN,NaN,NaN,NaN,NaN,
1980040312,28p.1980,TC28P,TS,NN,-15.1,179.2,45,NaN,251,2,251,2,NaN,NaN,NaN,NaN,NaN,NaN,NaN,NaN,NaN,NaN,TS,NW,b,b,NaN,NaN,NaN,NaN,NaN,NaN,
1980040318,28p.1980,TC28P,TS,NN,-15.2,179.1,45,NaN,251,2,251,2,NaN,NaN,NaN,NaN,NaN,NaN,NaN,NaN,NaN,NaN,TS,NW,b,b,NaN,NaN,NaN,NaN,NaN,NaN,
1980040400,28p.1980,TC28P,TS,NN,-15.3,178.9,50,NaN,235,2,235,2,NaN,NaN,NaN,NaN,NaN,NaN,NaN,NaN,NaN,NaN,TS,NW,b,b,NaN,NaN,NaN,NaN,NaN,NaN,
1980040406,28p.1980,TC28P,TS,NN,-15.7,178.4,50,NaN,233,4,233,4,NaN,NaN,NaN,NaN,NaN,NaN,NaN,NaN,NaN,NaN,TS,NW,b,b,NaN,NaN,NaN,NaN,NaN,NaN,
1980040412,28p.1980,TC28P,TS,NN,-16.1,177.9,50,NaN,230,6,230,6,NaN,NaN,NaN,NaN,NaN,NaN,NaN,NaN,NaN,NaN,TS,NW,b,b,NaN,NaN,NaN,NaN,NaN,NaN,
1980040418,28p.1980,TC28P,TS,NN,-16.5,177.8,50,NaN,216,5,216,5,NaN,NaN,NaN,NaN,NaN,NaN,NaN,NaN,NaN,NaN,TS,NW,b,b,NaN,NaN,NaN,NaN,NaN,NaN,
1980040500,28p.1980,TC28P,TS,NN,-17.0,177.7,50,NaN,192,5,192,5,NaN,NaN,NaN,NaN,NaN,NaN,NaN,NaN,NaN,NaN,TS,NW,b,b,NaN,NaN,0.03,NaN,NaN,NaN,
1980040506,28p.1980,TC28P,TS,NN,-17.9,177.6,50,NaN,188,7,188,7,NaN,NaN,NaN,NaN,NaN,NaN,NaN,NaN,NaN,NaN,TS,NW,b,b,NaN,NaN,0.44,NaN,NaN,NaN,
1980040512,28p.1980,TC28P,TS,NN,-19.3,177.5,45,NaN,185,12,185,12,NaN,NaN,NaN,NaN,NaN,NaN,NaN,NaN,NaN,NaN,TS,NW,b,b,NaN,NaN,NaN,NaN,NaN,NaN,
1980040518,28p.1980,TC28P,TS,NN,-21.0,178.1,45,NaN,171,16,171,16,NaN,NaN,NaN,NaN,NaN,NaN,NaN,NaN,NaN,NaN,TS,NW,b,b,NaN,NaN,NaN,NaN,NaN,NaN,
1980040600,28p.1980,TC28P,TS,NN,-22.6,179.5,40,NaN,150,19,150,19,NaN,NaN,NaN,NaN,NaN,NaN,NaN,NaN,NaN,NaN,TS,NW,b,b,NaN,NaN,NaN,NaN,NaN,NaN,
1980040606,28p.1980,TC28P,TS,NN,-24.1,180.9,35,NaN,140,20,140,20,NaN,NaN,NaN,NaN,NaN,NaN,NaN,NaN,NaN,NaN,TS,NW,b,b,NaN,NaN,NaN,NaN,NaN,NaN,
1980040612,28p.1980,TC28P,TS,NN,-25.6,183.0,30,NaN,133,22,133,22,NaN,NaN,NaN,NaN,NaN,NaN,NaN,NaN,NaN,NaN,TD,NW,b,b,NaN,NaN,NaN,NaN,NaN,NaN,
1980040618,28p.1980,TC28P,TS,NN,-27.1,186.2,30,NaN,122,28,122,28,NaN,NaN,NaN,NaN,NaN,NaN,NaN,NaN,NaN,NaN,TD,NW,b,b,NaN,NaN,NaN,NaN,NaN,NaN,
1980040700,28p.1980,TC28P,TS,NN,-28.2,189.4,30,NaN,114,31,114,31,NaN,NaN,NaN,NaN,NaN,NaN,NaN,NaN,NaN,NaN,TD,NW,b,b,NaN,NaN,NaN,NaN,NaN,NaN,
1980040706,28p.1980,TC28P,TS,NN,-28.6,192.2,30,NaN,106,28,106,28,NaN,NaN,NaN,NaN,NaN,NaN,NaN,NaN,NaN,NaN,TD,NW,b,b,NaN,NaN,NaN,NaN,NaN,NaN,
1980040712,28p.1980,TC28P,TS,NN,-28.6,195.0,30,NaN,95,25,95,25,NaN,NaN,NaN,NaN,NaN,NaN,NaN,NaN,NaN,NaN,TD,NW,b,b,NaN,NaN,NaN,NaN,NaN,NaN,
1980040718,28p.1980,TC28P,TS,NN,-28.6,198.0,30,NaN,90,25,90,25,NaN,NaN,NaN,NaN,NaN,NaN,NaN,NaN,NaN,NaN,TD,NW,b,b,NaN,NaN,NaN,NaN,NaN,NaN,
1980040800,28p.1980,TC28P,TS,NN,-28.5,201.0,30,NaN,89,26,89,26,NaN,NaN,NaN,NaN,NaN,NaN,NaN,NaN,NaN,NaN,TD,NW,b,b,NaN,NaN,NaN,NaN,NaN,NaN,
