dtg,stmid,sname,tcvmax,tctype,rlat,rlon,vmax,pmin,dir,spd,trkdir,trkspd,r34m,r34ne,r34se,r34sw,r34nw,r50m,r50ne,r50se,r50sw,r50nw,tccode,wncode,dirtype,posttype,roci,poci,alf,depth,rmax,tdo,
1959022700,01w.1959,RUBY,TS,NN,8.8,140.0,50,NaN,253,5,253,5,NaN,NaN,NaN,NaN,NaN,NaN,NaN,NaN,NaN,NaN,TS,NW,B,B,NaN,NaN,NaN,NaN,NaN,NaN,
1959022706,01w.1959,RUBY,TS,NN,8.8,139.5,50,NaN,253,5,253,5,NaN,NaN,NaN,NaN,NaN,NaN,NaN,NaN,NaN,NaN,TS,NW,B,B,NaN,NaN,NaN,NaN,NaN,NaN,
1959022712,01w.1959,RUBY,TS,NN,8.5,139.0,50,NaN,253,5,253,5,NaN,NaN,NaN,NaN,NaN,NaN,NaN,NaN,NaN,NaN,TS,NW,B,B,NaN,NaN,NaN,NaN,NaN,NaN,
1959022718,01w.1959,RUBY,TS,NN,8.3,137.0,50,NaN,259,13,259,13,NaN,NaN,NaN,NaN,NaN,NaN,NaN,NaN,NaN,NaN,TS,NW,B,B,NaN,NaN,NaN,NaN,NaN,NaN,
1959022800,01w.1959,RUBY,TS,NN,8.2,136.3,50,NaN,264,13,264,13,NaN,NaN,NaN,NaN,NaN,NaN,NaN,NaN,NaN,NaN,TS,NW,B,B,NaN,NaN,NaN,NaN,NaN,NaN,
1959022806,01w.1959,RUBY,TS,NN,8.7,134.9,45,NaN,281,11,281,11,NaN,NaN,NaN,NaN,NaN,NaN,NaN,NaN,NaN,NaN,TS,NW,B,B,NaN,NaN,NaN,NaN,NaN,NaN,
1959022812,01w.1959,RUBY,TS,NN,9.0,133.7,40,NaN,287,13,287,13,NaN,NaN,NaN,NaN,NaN,NaN,NaN,NaN,NaN,NaN,TS,NW,B,B,NaN,NaN,NaN,NaN,NaN,NaN,
1959022818,01w.1959,RUBY,TS,NN,9.2,132.5,35,NaN,282,12,282,12,NaN,NaN,NaN,NaN,NaN,NaN,NaN,NaN,NaN,NaN,TS,NW,B,B,NaN,NaN,NaN,NaN,NaN,NaN,
1959030100,01w.1959,RUBY,TS,NN,9.0,131.2,30,NaN,270,12,270,12,NaN,NaN,NaN,NaN,NaN,NaN,NaN,NaN,NaN,NaN,TD,NW,B,B,NaN,NaN,NaN,NaN,NaN,NaN,
1959030106,01w.1959,RUBY,TS,NN,8.0,130.0,25,NaN,244,14,244,14,NaN,NaN,NaN,NaN,NaN,NaN,NaN,NaN,NaN,NaN,TD,NW,B,B,NaN,NaN,NaN,NaN,NaN,NaN,
1959030406,02w.1959,SALLY,TS,NN,5.2,164.2,55,NaN,313,10,313,10,NaN,NaN,NaN,NaN,NaN,NaN,NaN,NaN,NaN,NaN,TS,NW,B,B,NaN,NaN,NaN,NaN,NaN,NaN,
1959030412,02w.1959,SALLY,TS,NN,5.9,163.7,55,NaN,313,10,313,10,NaN,NaN,NaN,NaN,NaN,NaN,NaN,NaN,NaN,NaN,TS,NW,B,B,NaN,NaN,NaN,NaN,NaN,NaN,
1959030418,02w.1959,SALLY,TS,NN,6.5,162.8,55,NaN,313,10,313,10,NaN,NaN,NaN,NaN,NaN,NaN,NaN,NaN,NaN,NaN,TS,NW,B,B,NaN,NaN,NaN,NaN,NaN,NaN,
1959030500,02w.1959,SALLY,TS,NN,6.9,161.9,55,NaN,299,10,299,10,NaN,NaN,NaN,NaN,NaN,NaN,NaN,NaN,NaN,NaN,TS,NW,B,B,NaN,NaN,NaN,NaN,NaN,NaN,
1959030506,02w.1959,SALLY,TS,NN,6.8,161.0,55,NaN,280,9,280,9,NaN,NaN,NaN,NaN,NaN,NaN,NaN,NaN,NaN,NaN,TS,NW,B,B,NaN,NaN,NaN,NaN,NaN,NaN,
1959030512,02w.1959,SALLY,TS,NN,6.3,160.0,50,NaN,252,10,252,10,NaN,NaN,NaN,NaN,NaN,NaN,NaN,NaN,NaN,NaN,TS,NW,B,B,NaN,NaN,NaN,NaN,NaN,NaN,
1959030518,02w.1959,SALLY,TS,NN,6.3,159.3,45,NaN,254,9,254,9,NaN,NaN,NaN,NaN,NaN,NaN,NaN,NaN,NaN,NaN,TS,NW,B,B,NaN,NaN,NaN,NaN,NaN,NaN,
1959030600,02w.1959,SALLY,TS,NN,6.2,158.5,45,NaN,266,7,266,7,NaN,NaN,NaN,NaN,NaN,NaN,NaN,NaN,NaN,NaN,TS,NW,B,B,NaN,NaN,NaN,NaN,NaN,NaN,
1959030606,02w.1959,SALLY,TS,NN,6.2,158.0,45,NaN,266,6,266,6,NaN,NaN,NaN,NaN,NaN,NaN,NaN,NaN,NaN,NaN,TS,NW,B,B,NaN,NaN,NaN,NaN,NaN,NaN,
1959030612,02w.1959,SALLY,TS,NN,6.2,157.6,50,NaN,270,4,270,4,NaN,NaN,NaN,NaN,NaN,NaN,NaN,NaN,NaN,NaN,TS,NW,B,B,NaN,NaN,NaN,NaN,NaN,NaN,
1959030618,02w.1959,SALLY,TS,NN,6.2,156.8,50,NaN,270,6,270,6,NaN,NaN,NaN,NaN,NaN,NaN,NaN,NaN,NaN,NaN,TS,NW,B,B,NaN,NaN,NaN,NaN,NaN,NaN,
1959030700,02w.1959,SALLY,TS,NN,6.1,156.0,50,NaN,266,8,266,8,NaN,NaN,NaN,NaN,NaN,NaN,NaN,NaN,NaN,NaN,TS,NW,B,B,NaN,NaN,NaN,NaN,NaN,NaN,
1959030706,02w.1959,SALLY,TS,NN,6.0,154.6,50,NaN,265,11,265,11,NaN,NaN,NaN,NaN,NaN,NaN,NaN,NaN,NaN,NaN,TS,NW,B,B,NaN,NaN,NaN,NaN,NaN,NaN,
1959030712,02w.1959,SALLY,TS,NN,5.9,153.1,45,NaN,266,14,266,14,NaN,NaN,NaN,NaN,NaN,NaN,NaN,NaN,NaN,NaN,TS,NW,B,B,NaN,NaN,NaN,NaN,NaN,NaN,
1959030718,02w.1959,SALLY,TS,NN,5.9,152.0,45,NaN,268,13,268,13,NaN,NaN,NaN,NaN,NaN,NaN,NaN,NaN,NaN,NaN,TS,NW,B,B,NaN,NaN,NaN,NaN,NaN,NaN,
1959030800,02w.1959,SALLY,TS,NN,5.8,150.5,45,NaN,268,13,268,13,NaN,NaN,NaN,NaN,NaN,NaN,NaN,NaN,NaN,NaN,TS,NW,B,B,NaN,NaN,NaN,NaN,NaN,NaN,
1959030806,02w.1959,SALLY,TS,NN,5.8,149.2,45,NaN,268,14,268,14,NaN,NaN,NaN,NaN,NaN,NaN,NaN,NaN,NaN,NaN,TS,NW,B,B,NaN,NaN,NaN,NaN,NaN,NaN,
1959030812,02w.1959,SALLY,TS,NN,5.9,148.2,40,NaN,273,11,273,11,NaN,NaN,NaN,NaN,NaN,NaN,NaN,NaN,NaN,NaN,TS,NW,B,B,NaN,NaN,NaN,NaN,NaN,NaN,
1959030818,02w.1959,SALLY,TS,NN,6.0,146.7,40,NaN,275,12,275,12,NaN,NaN,NaN,NaN,NaN,NaN,NaN,NaN,NaN,NaN,TS,NW,B,B,NaN,NaN,NaN,NaN,NaN,NaN,
1959030900,02w.1959,SALLY,TS,NN,6.1,144.9,40,NaN,273,16,273,16,NaN,NaN,NaN,NaN,NaN,NaN,NaN,NaN,NaN,NaN,TS,NW,B,B,NaN,NaN,NaN,NaN,NaN,NaN,
1959030906,02w.1959,SALLY,TS,NN,6.5,143.0,40,NaN,278,19,278,19,NaN,NaN,NaN,NaN,NaN,NaN,NaN,NaN,NaN,NaN,TS,NW,B,B,NaN,NaN,NaN,NaN,NaN,NaN,
1959030912,02w.1959,SALLY,TS,NN,7.0,141.5,40,NaN,285,17,285,17,NaN,NaN,NaN,NaN,NaN,NaN,NaN,NaN,NaN,NaN,TS,NW,B,B,NaN,NaN,NaN,NaN,NaN,NaN,
1959030918,02w.1959,SALLY,TS,NN,7.0,140.2,45,NaN,280,14,280,14,NaN,NaN,NaN,NaN,NaN,NaN,NaN,NaN,NaN,NaN,TS,NW,B,B,NaN,NaN,NaN,NaN,NaN,NaN,
1959031000,02w.1959,SALLY,TS,NN,7.0,139.1,50,NaN,270,12,270,12,NaN,NaN,NaN,NaN,NaN,NaN,NaN,NaN,NaN,NaN,TS,NW,B,B,NaN,NaN,NaN,NaN,NaN,NaN,
1959031006,02w.1959,SALLY,TS,NN,7.0,138.2,45,NaN,270,10,270,10,NaN,NaN,NaN,NaN,NaN,NaN,NaN,NaN,NaN,NaN,TS,NW,B,B,NaN,NaN,NaN,NaN,NaN,NaN,
1959031012,02w.1959,SALLY,TS,NN,7.1,137.0,45,NaN,273,10,273,10,NaN,NaN,NaN,NaN,NaN,NaN,NaN,NaN,NaN,NaN,TS,NW,B,B,NaN,NaN,NaN,NaN,NaN,NaN,
1959031018,02w.1959,SALLY,TS,NN,7.3,136.4,45,NaN,280,9,280,9,NaN,NaN,NaN,NaN,NaN,NaN,NaN,NaN,NaN,NaN,TS,NW,B,B,NaN,NaN,NaN,NaN,NaN,NaN,
1959031100,02w.1959,SALLY,TS,NN,7.7,136.0,45,NaN,301,6,301,6,NaN,NaN,NaN,NaN,NaN,NaN,NaN,NaN,NaN,NaN,TS,NW,B,B,NaN,NaN,NaN,NaN,NaN,NaN,
1959031106,02w.1959,SALLY,TS,NN,8.1,135.4,40,NaN,309,6,309,6,NaN,NaN,NaN,NaN,NaN,NaN,NaN,NaN,NaN,NaN,TS,NW,B,B,NaN,NaN,NaN,NaN,NaN,NaN,
1959031112,02w.1959,SALLY,TS,NN,8.5,135.0,40,NaN,309,6,309,6,NaN,NaN,NaN,NaN,NaN,NaN,NaN,NaN,NaN,NaN,TS,NW,B,B,NaN,NaN,NaN,NaN,NaN,NaN,
1959031118,02w.1959,SALLY,TS,NN,8.9,134.2,40,NaN,304,7,304,7,NaN,NaN,NaN,NaN,NaN,NaN,NaN,NaN,NaN,NaN,TS,NW,B,B,NaN,NaN,NaN,NaN,NaN,NaN,
1959031200,02w.1959,SALLY,TS,NN,9.5,133.3,50,NaN,301,10,301,10,NaN,NaN,NaN,NaN,NaN,NaN,NaN,NaN,NaN,NaN,TS,NW,B,B,NaN,NaN,NaN,NaN,NaN,NaN,
1959031206,02w.1959,SALLY,TS,NN,9.6,133.0,40,NaN,301,7,301,7,NaN,NaN,NaN,NaN,NaN,NaN,NaN,NaN,NaN,NaN,TS,NW,B,B,NaN,NaN,NaN,NaN,NaN,NaN,
1959031212,02w.1959,SALLY,TS,NN,9.7,132.6,35,NaN,286,4,286,4,NaN,NaN,NaN,NaN,NaN,NaN,NaN,NaN,NaN,NaN,TS,NW,B,B,NaN,NaN,NaN,NaN,NaN,NaN,
1959031218,02w.1959,SALLY,TS,NN,9.7,131.0,30,NaN,273,10,273,10,NaN,NaN,NaN,NaN,NaN,NaN,NaN,NaN,NaN,NaN,TD,NW,B,B,NaN,NaN,NaN,NaN,NaN,NaN,
1959031300,02w.1959,SALLY,TS,NN,9.0,129.0,25,NaN,259,18,259,18,NaN,NaN,NaN,NaN,NaN,NaN,NaN,NaN,NaN,NaN,TD,NW,B,B,NaN,NaN,NaN,NaN,NaN,NaN,
1959041400,03w.1959,TILDA,TY,NN,5.6,148.3,35,NaN,312,7,312,7,NaN,NaN,NaN,NaN,NaN,NaN,NaN,NaN,NaN,NaN,TS,NW,B,B,NaN,NaN,NaN,NaN,NaN,NaN,
1959041406,03w.1959,TILDA,TY,NN,6.1,147.8,40,NaN,312,7,312,7,NaN,NaN,NaN,NaN,NaN,NaN,NaN,NaN,NaN,NaN,TS,NW,B,B,NaN,NaN,NaN,NaN,NaN,NaN,
1959041412,03w.1959,TILDA,TY,NN,6.5,147.3,50,NaN,312,7,312,7,NaN,NaN,NaN,NaN,NaN,NaN,NaN,NaN,NaN,NaN,TS,NW,B,B,NaN,NaN,NaN,NaN,NaN,NaN,
1959041418,03w.1959,TILDA,TY,NN,7.1,146.7,50,NaN,312,7,312,7,NaN,NaN,NaN,NaN,NaN,NaN,NaN,NaN,NaN,NaN,TS,NW,B,B,NaN,NaN,NaN,NaN,NaN,NaN,
1959041500,03w.1959,TILDA,TY,NN,7.3,146.6,55,NaN,319,5,319,5,NaN,NaN,NaN,NaN,NaN,NaN,NaN,NaN,NaN,NaN,TS,NW,B,B,NaN,NaN,NaN,NaN,NaN,NaN,
1959041506,03w.1959,TILDA,TY,NN,7.6,146.6,60,NaN,349,3,349,3,NaN,NaN,NaN,NaN,NaN,NaN,NaN,NaN,NaN,NaN,TS,NW,B,B,NaN,NaN,NaN,NaN,NaN,NaN,
1959041512,03w.1959,TILDA,TY,NN,8.1,146.1,65,NaN,328,5,328,5,NaN,NaN,NaN,NaN,NaN,NaN,NaN,NaN,NaN,NaN,TY,NW,B,B,NaN,NaN,NaN,NaN,NaN,NaN,
1959041518,03w.1959,TILDA,TY,NN,8.6,145.8,70,NaN,322,6,322,6,NaN,NaN,NaN,NaN,NaN,NaN,NaN,NaN,NaN,NaN,TY,NW,B,B,NaN,NaN,NaN,NaN,NaN,NaN,
1959041600,03w.1959,TILDA,TY,NN,9.3,145.3,70,NaN,327,7,327,7,NaN,NaN,NaN,NaN,NaN,NaN,NaN,NaN,NaN,NaN,TY,NW,B,B,NaN,NaN,NaN,NaN,NaN,NaN,
1959041606,03w.1959,TILDA,TY,NN,9.7,144.6,80,NaN,313,8,313,8,NaN,NaN,NaN,NaN,NaN,NaN,NaN,NaN,NaN,NaN,TY,NW,B,B,NaN,NaN,NaN,NaN,NaN,NaN,
1959041612,03w.1959,TILDA,TY,NN,9.9,143.8,85,NaN,292,8,292,8,NaN,NaN,NaN,NaN,NaN,NaN,NaN,NaN,NaN,NaN,TY,NW,B,B,NaN,NaN,NaN,NaN,NaN,NaN,
1959041618,03w.1959,TILDA,TY,NN,10.0,143.2,85,NaN,282,7,282,7,NaN,NaN,NaN,NaN,NaN,NaN,NaN,NaN,NaN,NaN,TY,NW,B,B,NaN,NaN,NaN,NaN,NaN,NaN,
1959041700,03w.1959,TILDA,TY,NN,10.3,142.6,85,NaN,289,6,289,6,NaN,NaN,NaN,NaN,NaN,NaN,NaN,NaN,NaN,NaN,TY,NW,B,B,NaN,NaN,NaN,NaN,NaN,NaN,
1959041706,03w.1959,TILDA,TY,NN,10.6,142.1,85,NaN,299,6,299,6,NaN,NaN,NaN,NaN,NaN,NaN,NaN,NaN,NaN,NaN,TY,NW,B,B,NaN,NaN,NaN,NaN,NaN,NaN,
1959041712,03w.1959,TILDA,TY,NN,11.3,141.4,85,NaN,310,8,310,8,NaN,NaN,NaN,NaN,NaN,NaN,NaN,NaN,NaN,NaN,TY,NW,B,B,NaN,NaN,NaN,NaN,NaN,NaN,
1959041718,03w.1959,TILDA,TY,NN,11.9,140.7,85,NaN,313,9,313,9,NaN,NaN,NaN,NaN,NaN,NaN,NaN,NaN,NaN,NaN,TY,NW,B,B,NaN,NaN,NaN,NaN,NaN,NaN,
1959041800,03w.1959,TILDA,TY,NN,12.2,139.8,85,NaN,300,9,300,9,NaN,NaN,NaN,NaN,NaN,NaN,NaN,NaN,NaN,NaN,TY,NW,B,B,NaN,NaN,NaN,NaN,NaN,NaN,
1959041806,03w.1959,TILDA,TY,NN,12.4,139.1,100,NaN,288,8,288,8,NaN,NaN,NaN,NaN,NaN,NaN,NaN,NaN,NaN,NaN,TY,NW,B,B,NaN,NaN,NaN,NaN,NaN,NaN,
1959041812,03w.1959,TILDA,TY,NN,12.8,138.4,120,NaN,294,7,294,7,NaN,NaN,NaN,NaN,NaN,NaN,NaN,NaN,NaN,NaN,TY,NW,B,B,NaN,NaN,NaN,NaN,NaN,NaN,
1959041818,03w.1959,TILDA,TY,NN,13.3,137.9,120,NaN,308,7,308,7,NaN,NaN,NaN,NaN,NaN,NaN,NaN,NaN,NaN,NaN,TY,NW,B,B,NaN,NaN,NaN,NaN,NaN,NaN,
1959041900,03w.1959,TILDA,TY,NN,13.9,137.5,120,NaN,321,7,321,7,NaN,NaN,NaN,NaN,NaN,NaN,NaN,NaN,NaN,NaN,TY,NW,B,B,NaN,NaN,NaN,NaN,NaN,NaN,
1959041906,03w.1959,TILDA,TY,NN,14.5,137.2,125,NaN,330,7,330,7,NaN,NaN,NaN,NaN,NaN,NaN,NaN,NaN,NaN,NaN,TY,NW,B,B,NaN,NaN,NaN,NaN,NaN,NaN,
1959041912,03w.1959,TILDA,TY,NN,15.3,136.8,120,NaN,334,8,334,8,NaN,NaN,NaN,NaN,NaN,NaN,NaN,NaN,NaN,NaN,TY,NW,B,B,NaN,NaN,NaN,NaN,NaN,NaN,
1959041918,03w.1959,TILDA,TY,NN,16.2,136.6,110,NaN,341,9,341,9,NaN,NaN,NaN,NaN,NaN,NaN,NaN,NaN,NaN,NaN,TY,NW,B,B,NaN,NaN,NaN,NaN,NaN,NaN,
1959042000,03w.1959,TILDA,TY,NN,17.1,136.7,110,NaN,357,9,357,9,NaN,NaN,NaN,NaN,NaN,NaN,NaN,NaN,NaN,NaN,TY,NW,B,B,NaN,NaN,NaN,NaN,NaN,NaN,
1959042006,03w.1959,TILDA,TY,NN,17.8,137.1,105,NaN,17,8,17,8,NaN,NaN,NaN,NaN,NaN,NaN,NaN,NaN,NaN,NaN,TY,NW,B,B,NaN,NaN,NaN,NaN,NaN,NaN,
1959042012,03w.1959,TILDA,TY,NN,18.6,137.4,105,NaN,24,8,24,8,NaN,NaN,NaN,NaN,NaN,NaN,NaN,NaN,NaN,NaN,TY,NW,B,B,NaN,NaN,NaN,NaN,NaN,NaN,
1959042018,03w.1959,TILDA,TY,NN,18.7,137.3,100,NaN,12,5,12,5,NaN,NaN,NaN,NaN,NaN,NaN,NaN,NaN,NaN,NaN,TY,NW,B,B,NaN,NaN,NaN,NaN,NaN,NaN,
1959042100,03w.1959,TILDA,TY,NN,18.7,137.3,90,NaN,317,1,317,1,NaN,NaN,NaN,NaN,NaN,NaN,NaN,NaN,NaN,NaN,TY,NW,B,B,NaN,NaN,NaN,NaN,NaN,NaN,
1959042106,03w.1959,TILDA,TY,NN,18.7,137.3,75,NaN,360,0,360,0,NaN,NaN,NaN,NaN,NaN,NaN,NaN,NaN,NaN,NaN,TY,NW,B,B,NaN,NaN,NaN,NaN,NaN,NaN,
1959042112,03w.1959,TILDA,TY,NN,18.7,137.3,75,NaN,360,0,360,0,NaN,NaN,NaN,NaN,NaN,NaN,NaN,NaN,NaN,NaN,TY,NW,B,B,NaN,NaN,NaN,NaN,NaN,NaN,
1959042118,03w.1959,TILDA,TY,NN,18.7,137.3,75,NaN,360,0,360,0,NaN,NaN,NaN,NaN,NaN,NaN,NaN,NaN,NaN,NaN,TY,NW,B,B,NaN,NaN,NaN,NaN,NaN,NaN,
1959042200,03w.1959,TILDA,TY,NN,19.3,137.1,75,NaN,343,3,343,3,NaN,NaN,NaN,NaN,NaN,NaN,NaN,NaN,NaN,NaN,TY,NW,B,B,NaN,NaN,NaN,NaN,NaN,NaN,
1959042206,03w.1959,TILDA,TY,NN,20.7,137.0,60,NaN,352,10,352,10,NaN,NaN,NaN,NaN,NaN,NaN,NaN,NaN,NaN,NaN,TS,NW,B,B,NaN,NaN,NaN,NaN,NaN,NaN,
1959042212,03w.1959,TILDA,TY,NN,22.0,137.6,40,NaN,10,14,10,14,NaN,NaN,NaN,NaN,NaN,NaN,NaN,NaN,NaN,NaN,TS,NW,B,B,NaN,NaN,NaN,NaN,NaN,NaN,
1959042218,03w.1959,TILDA,TY,NN,23.3,138.3,40,NaN,25,14,25,14,NaN,NaN,NaN,NaN,NaN,NaN,NaN,NaN,NaN,NaN,TS,NW,B,B,NaN,NaN,NaN,NaN,NaN,NaN,
1959042300,03w.1959,TILDA,TY,NN,24.3,139.3,35,NaN,34,14,34,14,NaN,NaN,NaN,NaN,NaN,NaN,NaN,NaN,NaN,NaN,TS,NW,B,B,NaN,NaN,NaN,NaN,NaN,NaN,
1959070418,04w.1959,WILDA,TD,NN,16.5,115.9,NaN,NaN,23,14,23,14,NaN,NaN,NaN,NaN,NaN,NaN,NaN,NaN,NaN,NaN,NT,NW,B,B,NaN,NaN,NaN,NaN,NaN,NaN,
1959070500,04w.1959,WILDA,TD,NN,17.3,117.0,NaN,NaN,23,14,23,14,NaN,NaN,NaN,NaN,NaN,NaN,NaN,NaN,NaN,NaN,NT,NW,B,B,NaN,NaN,NaN,NaN,NaN,NaN,
1959070506,04w.1959,WILDA,TD,NN,19.0,117.0,NaN,NaN,23,14,23,14,NaN,NaN,NaN,NaN,NaN,NaN,NaN,NaN,NaN,NaN,NT,NW,B,B,NaN,NaN,NaN,NaN,NaN,NaN,
1959070512,04w.1959,WILDA,TD,NN,21.0,116.0,NaN,NaN,346,19,346,19,NaN,NaN,NaN,NaN,NaN,NaN,NaN,NaN,NaN,NaN,NT,NW,B,B,NaN,NaN,NaN,NaN,NaN,NaN,
1959070518,04w.1959,WILDA,TD,NN,21.7,115.9,NaN,NaN,339,14,339,14,NaN,NaN,NaN,NaN,NaN,NaN,NaN,NaN,NaN,NaN,NT,NW,B,B,NaN,NaN,NaN,NaN,NaN,NaN,
1959070600,04w.1959,WILDA,TD,NN,23.0,115.9,NaN,NaN,357,10,357,10,NaN,NaN,NaN,NaN,NaN,NaN,NaN,NaN,NaN,NaN,NT,NW,B,B,NaN,NaN,0.61,NaN,NaN,NaN,
1959070606,04w.1959,WILDA,TD,NN,24.0,115.9,NaN,NaN,360,11,360,12,NaN,NaN,NaN,NaN,NaN,NaN,NaN,NaN,NaN,NaN,NT,NW,B,B,NaN,NaN,0.99,NaN,NaN,NaN,
1959071200,w05.1959,9X-W05,TY,NN,12.6,131.7,30,NaN,318,11,318,11,NaN,NaN,NaN,NaN,NaN,NaN,NaN,NaN,NaN,NaN,TD,NW,B,B,NaN,NaN,NaN,NaN,NaN,NaN,
1959071206,w05.1959,9X-W05,TY,NN,13.4,130.8,30,NaN,318,11,318,11,NaN,NaN,NaN,NaN,NaN,NaN,NaN,NaN,NaN,NaN,TD,NW,B,B,NaN,NaN,NaN,NaN,NaN,NaN,
1959071212,05w.1959,BILLIE,TY,NN,14.2,130.2,35,NaN,318,11,318,11,NaN,NaN,NaN,NaN,NaN,NaN,NaN,NaN,NaN,NaN,TS,NW,B,B,NaN,NaN,NaN,NaN,NaN,NaN,
1959071218,05w.1959,BILLIE,TY,NN,15.0,129.6,40,NaN,324,10,324,10,NaN,NaN,NaN,NaN,NaN,NaN,NaN,NaN,NaN,NaN,TS,NW,B,B,NaN,NaN,NaN,NaN,NaN,NaN,
1959071300,05w.1959,BILLIE,TY,NN,15.7,129.1,50,NaN,325,9,325,9,NaN,NaN,NaN,NaN,NaN,NaN,NaN,NaN,NaN,NaN,TS,NW,B,B,NaN,NaN,NaN,NaN,NaN,NaN,
1959071306,05w.1959,BILLIE,TY,NN,16.3,128.6,60,NaN,323,8,323,8,NaN,NaN,NaN,NaN,NaN,NaN,NaN,NaN,NaN,NaN,TS,NW,B,B,NaN,NaN,NaN,NaN,NaN,NaN,
1959071312,05w.1959,BILLIE,TY,NN,17.2,128.0,70,NaN,325,9,325,9,NaN,NaN,NaN,NaN,NaN,NaN,NaN,NaN,NaN,NaN,TY,NW,B,B,NaN,NaN,NaN,NaN,NaN,NaN,
1959071318,05w.1959,BILLIE,TY,NN,18.2,127.2,70,NaN,325,12,325,12,NaN,NaN,NaN,NaN,NaN,NaN,NaN,NaN,NaN,NaN,TY,NW,B,B,NaN,NaN,NaN,NaN,NaN,NaN,
1959071400,05w.1959,BILLIE,TY,NN,19.2,126.5,80,NaN,325,12,325,12,NaN,NaN,NaN,NaN,NaN,NaN,NaN,NaN,NaN,NaN,TY,NW,B,B,NaN,NaN,NaN,NaN,NaN,NaN,
1959071406,05w.1959,BILLIE,TY,NN,20.3,125.9,80,NaN,330,12,330,12,NaN,NaN,NaN,NaN,NaN,NaN,NaN,NaN,NaN,NaN,TY,NW,B,B,NaN,NaN,NaN,NaN,NaN,NaN,
1959071412,05w.1959,BILLIE,TY,NN,21.5,125.2,90,NaN,332,13,332,13,NaN,NaN,NaN,NaN,NaN,NaN,NaN,NaN,NaN,NaN,TY,NW,B,B,NaN,NaN,NaN,NaN,NaN,NaN,
1959071418,05w.1959,BILLIE,TY,NN,22.7,124.5,90,NaN,332,14,332,14,NaN,NaN,NaN,NaN,NaN,NaN,NaN,NaN,NaN,NaN,TY,NW,B,B,NaN,NaN,NaN,NaN,NaN,NaN,
1959071500,05w.1959,BILLIE,TY,NN,23.7,123.7,90,NaN,328,13,328,13,NaN,NaN,NaN,NaN,NaN,NaN,NaN,NaN,NaN,NaN,TY,NW,B,B,NaN,NaN,NaN,NaN,NaN,NaN,
1959071506,05w.1959,BILLIE,TY,NN,24.7,122.7,90,NaN,321,13,321,13,NaN,NaN,NaN,NaN,NaN,NaN,NaN,NaN,NaN,NaN,TY,NW,B,B,NaN,NaN,NaN,NaN,NaN,NaN,
1959071512,05w.1959,BILLIE,TY,NN,25.4,121.8,80,NaN,315,12,315,12,NaN,NaN,NaN,NaN,NaN,NaN,NaN,NaN,NaN,NaN,TY,NW,B,B,NaN,NaN,0.08,NaN,NaN,NaN,
1959071518,05w.1959,BILLIE,TY,NN,26.1,120.9,70,NaN,311,11,311,11,NaN,NaN,NaN,NaN,NaN,NaN,NaN,NaN,NaN,NaN,TY,NW,B,B,NaN,NaN,NaN,NaN,NaN,NaN,
1959071600,05w.1959,BILLIE,TY,NN,27.0,120.2,65,NaN,318,11,318,11,NaN,NaN,NaN,NaN,NaN,NaN,NaN,NaN,NaN,NaN,TY,NW,B,B,NaN,NaN,0.65,NaN,NaN,NaN,
1959071606,05w.1959,BILLIE,TY,NN,28.1,120.1,60,NaN,340,11,340,11,NaN,NaN,NaN,NaN,NaN,NaN,NaN,NaN,NaN,NaN,TS,NW,B,B,NaN,NaN,0.98,NaN,NaN,NaN,
1959071612,05w.1959,BILLIE,TY,NN,29.3,120.5,60,NaN,7,12,7,12,NaN,NaN,NaN,NaN,NaN,NaN,NaN,NaN,NaN,NaN,TS,NW,B,B,NaN,NaN,0.98,NaN,NaN,NaN,
1959071618,05w.1959,BILLIE,TY,NN,30.7,121.2,55,NaN,20,14,20,14,NaN,NaN,NaN,NaN,NaN,NaN,NaN,NaN,NaN,NaN,TS,NW,B,B,NaN,NaN,0.64,NaN,NaN,NaN,
1959071700,05w.1959,BILLIE,TY,NN,32.4,122.2,50,NaN,25,17,25,17,NaN,NaN,NaN,NaN,NaN,NaN,NaN,NaN,NaN,NaN,TS,NW,B,B,NaN,NaN,0.02,NaN,NaN,NaN,
1959071706,05w.1959,BILLIE,TY,NN,34.7,123.5,50,NaN,26,22,26,22,NaN,NaN,NaN,NaN,NaN,NaN,NaN,NaN,NaN,NaN,TS,NW,B,B,NaN,NaN,NaN,NaN,NaN,NaN,
1959071712,05w.1959,BILLIE,TY,NN,37.9,125.7,45,NaN,27,31,27,31,NaN,NaN,NaN,NaN,NaN,NaN,NaN,NaN,NaN,NaN,TS,NW,B,B,NaN,NaN,0.57,NaN,NaN,NaN,
1959071718,05w.1959,BILLIE,TY,NN,39.7,127.5,45,NaN,32,30,32,30,NaN,NaN,NaN,NaN,NaN,NaN,NaN,NaN,NaN,NaN,TS,NW,B,B,NaN,NaN,0.58,NaN,NaN,NaN,
1959071800,05w.1959,BILLIE,TY,NN,41.3,130.5,40,NaN,47,25,47,25,NaN,NaN,NaN,NaN,NaN,NaN,NaN,NaN,NaN,NaN,TS,NW,B,B,NaN,NaN,NaN,NaN,NaN,NaN,
1959080206,w06.1959,9X-W06,TY,NN,19.1,138.1,25,NaN,322,12,322,12,NaN,NaN,NaN,NaN,NaN,NaN,NaN,NaN,NaN,NaN,TD,NW,B,B,NaN,NaN,NaN,NaN,NaN,NaN,
1959080212,w06.1959,9X-W06,TY,NN,20.1,137.3,30,NaN,322,12,322,12,NaN,NaN,NaN,NaN,NaN,NaN,NaN,NaN,NaN,NaN,TD,NW,B,B,NaN,NaN,NaN,NaN,NaN,NaN,
1959080218,06w.1959,ELLEN,TY,NN,21.0,136.5,40,NaN,322,12,322,12,NaN,NaN,NaN,NaN,NaN,NaN,NaN,NaN,NaN,NaN,TS,NW,B,B,NaN,NaN,NaN,NaN,NaN,NaN,
1959080300,06w.1959,ELLEN,TY,NN,21.9,135.7,40,NaN,320,12,320,12,NaN,NaN,NaN,NaN,NaN,NaN,NaN,NaN,NaN,NaN,TS,NW,B,B,NaN,NaN,NaN,NaN,NaN,NaN,
1959080306,06w.1959,ELLEN,TY,NN,22.7,134.7,55,NaN,315,12,315,12,NaN,NaN,NaN,NaN,NaN,NaN,NaN,NaN,NaN,NaN,TS,NW,B,B,NaN,NaN,NaN,NaN,NaN,NaN,
1959080312,06w.1959,ELLEN,TY,NN,23.3,133.5,65,NaN,305,12,305,12,NaN,NaN,NaN,NaN,NaN,NaN,NaN,NaN,NaN,NaN,TY,NW,B,B,NaN,NaN,NaN,NaN,NaN,NaN,
1959080318,06w.1959,ELLEN,TY,NN,23.8,132.3,80,NaN,297,12,297,12,NaN,NaN,NaN,NaN,NaN,NaN,NaN,NaN,NaN,NaN,TY,NW,B,B,NaN,NaN,NaN,NaN,NaN,NaN,
1959080400,06w.1959,ELLEN,TY,NN,24.0,131.0,80,NaN,287,12,287,12,NaN,NaN,NaN,NaN,NaN,NaN,NaN,NaN,NaN,NaN,TY,NW,B,B,NaN,NaN,NaN,NaN,NaN,NaN,
1959080406,06w.1959,ELLEN,TY,NN,24.3,130.2,90,NaN,285,10,285,10,NaN,NaN,NaN,NaN,NaN,NaN,NaN,NaN,NaN,NaN,TY,NW,B,B,NaN,NaN,NaN,NaN,NaN,NaN,
1959080412,06w.1959,ELLEN,TY,NN,24.8,129.4,100,NaN,299,8,299,8,NaN,NaN,NaN,NaN,NaN,NaN,NaN,NaN,NaN,NaN,TY,NW,B,B,NaN,NaN,NaN,NaN,NaN,NaN,
1959080418,06w.1959,ELLEN,TY,NN,25.4,128.8,100,NaN,311,8,311,8,NaN,NaN,NaN,NaN,NaN,NaN,NaN,NaN,NaN,NaN,TY,NW,B,B,NaN,NaN,NaN,NaN,NaN,NaN,
1959080500,06w.1959,ELLEN,TY,NN,26.2,128.6,100,NaN,333,8,333,8,NaN,NaN,NaN,NaN,NaN,NaN,NaN,NaN,NaN,NaN,TY,NW,B,B,NaN,NaN,NaN,NaN,NaN,NaN,
1959080506,06w.1959,ELLEN,TY,NN,27.8,128.2,100,NaN,347,12,347,12,NaN,NaN,NaN,NaN,NaN,NaN,NaN,NaN,NaN,NaN,TY,NW,B,B,NaN,NaN,NaN,NaN,NaN,NaN,
1959080512,06w.1959,ELLEN,TY,NN,28.7,127.6,95,NaN,340,13,340,13,NaN,NaN,NaN,NaN,NaN,NaN,NaN,NaN,NaN,NaN,TY,NW,B,B,NaN,NaN,NaN,NaN,NaN,NaN,
1959080518,06w.1959,ELLEN,TY,NN,29.3,127.3,90,NaN,332,8,332,8,NaN,NaN,NaN,NaN,NaN,NaN,NaN,NaN,NaN,NaN,TY,NW,B,B,NaN,NaN,NaN,NaN,NaN,NaN,
1959080600,06w.1959,ELLEN,TY,NN,29.8,127.1,90,NaN,338,6,338,6,NaN,NaN,NaN,NaN,NaN,NaN,NaN,NaN,NaN,NaN,TY,NW,B,B,NaN,NaN,NaN,NaN,NaN,NaN,
1959080606,06w.1959,ELLEN,TY,NN,30.3,126.9,85,NaN,341,5,341,5,NaN,NaN,NaN,NaN,NaN,NaN,NaN,NaN,NaN,NaN,TY,NW,B,B,NaN,NaN,NaN,NaN,NaN,NaN,
1959080612,06w.1959,ELLEN,TY,NN,30.8,126.9,80,NaN,350,5,350,5,NaN,NaN,NaN,NaN,NaN,NaN,NaN,NaN,NaN,NaN,TY,NW,B,B,NaN,NaN,NaN,NaN,NaN,NaN,
1959080618,06w.1959,ELLEN,TY,NN,31.6,127.4,80,NaN,18,7,18,7,NaN,NaN,NaN,NaN,NaN,NaN,NaN,NaN,NaN,NaN,TY,NW,B,B,NaN,NaN,NaN,NaN,NaN,NaN,
1959080700,06w.1959,ELLEN,TY,NN,31.6,128.2,75,NaN,54,7,54,7,NaN,NaN,NaN,NaN,NaN,NaN,NaN,NaN,NaN,NaN,TY,NW,B,B,NaN,NaN,NaN,NaN,NaN,NaN,
1959080706,06w.1959,ELLEN,TY,NN,30.8,128.7,75,NaN,126,7,126,7,NaN,NaN,NaN,NaN,NaN,NaN,NaN,NaN,NaN,NaN,TY,NW,B,B,NaN,NaN,NaN,NaN,NaN,NaN,
1959080712,06w.1959,ELLEN,TY,NN,30.6,129.2,70,NaN,139,7,139,7,NaN,NaN,NaN,NaN,NaN,NaN,NaN,NaN,NaN,NaN,TY,NW,B,B,NaN,NaN,NaN,NaN,NaN,NaN,
1959080718,06w.1959,ELLEN,TY,NN,30.8,130.0,70,NaN,90,6,90,6,NaN,NaN,NaN,NaN,NaN,NaN,NaN,NaN,NaN,NaN,TY,NW,B,B,NaN,NaN,0.07,NaN,NaN,NaN,
1959080800,06w.1959,ELLEN,TY,NN,31.5,131.1,70,NaN,61,9,61,9,NaN,NaN,NaN,NaN,NaN,NaN,NaN,NaN,NaN,NaN,TY,NW,B,B,NaN,NaN,0.60,NaN,NaN,NaN,
1959080806,06w.1959,ELLEN,TY,NN,32.3,132.3,65,NaN,53,12,53,12,NaN,NaN,NaN,NaN,NaN,NaN,NaN,NaN,NaN,NaN,TY,NW,B,B,NaN,NaN,0.09,NaN,NaN,NaN,
1959080812,06w.1959,ELLEN,TY,NN,33.3,133.7,60,NaN,51,14,51,14,NaN,NaN,NaN,NaN,NaN,NaN,NaN,NaN,NaN,NaN,TS,NW,B,B,NaN,NaN,0.61,NaN,NaN,NaN,
1959080818,06w.1959,ELLEN,TY,NN,34.2,135.3,60,NaN,53,16,53,16,NaN,NaN,NaN,NaN,NaN,NaN,NaN,NaN,NaN,NaN,TS,NW,B,B,NaN,NaN,0.76,NaN,NaN,NaN,
1959080900,06w.1959,ELLEN,TY,NN,34.9,137.1,55,NaN,60,16,60,16,NaN,NaN,NaN,NaN,NaN,NaN,NaN,NaN,NaN,NaN,TS,NW,B,B,NaN,NaN,0.70,NaN,NaN,NaN,
1959080906,06w.1959,ELLEN,TY,NN,35.4,138.9,50,NaN,68,16,68,16,NaN,NaN,NaN,NaN,NaN,NaN,NaN,NaN,NaN,NaN,TS,NW,B,B,NaN,NaN,0.84,NaN,NaN,NaN,
1959080912,06w.1959,ELLEN,TY,NN,36.0,141.3,50,NaN,72,18,72,18,NaN,NaN,NaN,NaN,NaN,NaN,NaN,NaN,NaN,NaN,TS,NW,B,B,NaN,NaN,NaN,NaN,NaN,NaN,
1959080918,06w.1959,ELLEN,TY,NN,36.5,143.5,40,NaN,74,19,74,19,NaN,NaN,NaN,NaN,NaN,NaN,NaN,NaN,NaN,NaN,TS,NW,B,B,NaN,NaN,NaN,NaN,NaN,NaN,
1959081000,06w.1959,ELLEN,TY,NN,37.2,145.5,35,NaN,70,18,70,18,NaN,NaN,NaN,NaN,NaN,NaN,NaN,NaN,NaN,NaN,TS,NW,B,B,NaN,NaN,NaN,NaN,NaN,NaN,
1959081006,06w.1959,ELLEN,TY,NN,38.3,147.0,35,NaN,57,17,57,17,NaN,NaN,NaN,NaN,NaN,NaN,NaN,NaN,NaN,NaN,TS,NW,B,B,NaN,NaN,NaN,NaN,NaN,NaN,
1959081012,06w.1959,ELLEN,TY,NN,40.0,148.0,40,NaN,35,17,35,17,NaN,NaN,NaN,NaN,NaN,NaN,NaN,NaN,NaN,NaN,TS,NW,B,B,NaN,NaN,NaN,NaN,NaN,NaN,
1959081018,06w.1959,ELLEN,TY,NN,40.5,150.2,45,NaN,48,17,48,17,NaN,NaN,NaN,NaN,NaN,NaN,NaN,NaN,NaN,NaN,TS,NW,B,B,NaN,NaN,NaN,NaN,NaN,NaN,
1959081100,06w.1959,ELLEN,TY,NN,41.8,152.0,45,NaN,59,18,59,18,NaN,NaN,NaN,NaN,NaN,NaN,NaN,NaN,NaN,NaN,TS,NW,B,B,NaN,NaN,NaN,NaN,NaN,NaN,
1959081106,06w.1959,ELLEN,TY,NN,42.5,153.0,45,NaN,46,14,46,14,NaN,NaN,NaN,NaN,NaN,NaN,NaN,NaN,NaN,NaN,TS,NW,B,B,NaN,NaN,NaN,NaN,NaN,NaN,
1959081112,06w.1959,ELLEN,TY,NN,43.2,155.0,40,NaN,58,13,58,13,NaN,NaN,NaN,NaN,NaN,NaN,NaN,NaN,NaN,NaN,TS,NW,B,B,NaN,NaN,NaN,NaN,NaN,NaN,
1959081118,06w.1959,ELLEN,TY,NN,43.5,158.0,40,NaN,75,19,75,19,NaN,NaN,NaN,NaN,NaN,NaN,NaN,NaN,NaN,NaN,TS,NW,B,B,NaN,NaN,NaN,NaN,NaN,NaN,
1959081200,06w.1959,ELLEN,TY,NN,44.0,161.0,40,NaN,80,22,80,22,NaN,NaN,NaN,NaN,NaN,NaN,NaN,NaN,NaN,NaN,TS,NW,B,B,NaN,NaN,NaN,NaN,NaN,NaN,
1959081206,06w.1959,ELLEN,TY,NN,44.2,164.5,35,NaN,82,24,82,24,NaN,NaN,NaN,NaN,NaN,NaN,NaN,NaN,NaN,NaN,TS,NW,B,B,NaN,NaN,NaN,NaN,NaN,NaN,
1959081212,06w.1959,ELLEN,TY,NN,44.5,166.5,35,NaN,83,20,83,20,NaN,NaN,NaN,NaN,NaN,NaN,NaN,NaN,NaN,NaN,TS,NW,B,B,NaN,NaN,NaN,NaN,NaN,NaN,
1959081200,07w.1959,GEORGIA,TY,NN,22.4,145.5,60,NaN,308,18,308,18,NaN,NaN,NaN,NaN,NaN,NaN,NaN,NaN,NaN,NaN,TS,NW,B,B,NaN,NaN,NaN,NaN,NaN,NaN,
1959081206,07w.1959,GEORGIA,TY,NN,23.0,144.0,65,NaN,308,18,308,18,NaN,NaN,NaN,NaN,NaN,NaN,NaN,NaN,NaN,NaN,TY,NW,B,B,NaN,NaN,NaN,NaN,NaN,NaN,
1959081212,07w.1959,GEORGIA,TY,NN,24.6,142.4,70,NaN,308,18,308,18,NaN,NaN,NaN,NaN,NaN,NaN,NaN,NaN,NaN,NaN,TY,NW,B,B,NaN,NaN,NaN,NaN,NaN,NaN,
1959081218,07w.1959,GEORGIA,TY,NN,25.7,141.7,85,NaN,322,17,322,17,NaN,NaN,NaN,NaN,NaN,NaN,NaN,NaN,NaN,NaN,TY,NW,B,B,NaN,NaN,NaN,NaN,NaN,NaN,
1959081300,07w.1959,GEORGIA,TY,NN,26.9,141.1,100,NaN,333,13,333,13,NaN,NaN,NaN,NaN,NaN,NaN,NaN,NaN,NaN,NaN,TY,NW,B,B,NaN,NaN,NaN,NaN,NaN,NaN,
1959081306,07w.1959,GEORGIA,TY,NN,28.9,140.3,110,NaN,339,17,339,17,NaN,NaN,NaN,NaN,NaN,NaN,NaN,NaN,NaN,NaN,TY,NW,B,B,NaN,NaN,NaN,NaN,NaN,NaN,
1959081312,07w.1959,GEORGIA,TY,NN,31.0,139.7,110,NaN,343,21,343,21,NaN,NaN,NaN,NaN,NaN,NaN,NaN,NaN,NaN,NaN,TY,NW,B,B,NaN,NaN,NaN,NaN,NaN,NaN,
1959081318,07w.1959,GEORGIA,TY,NN,33.5,139.2,90,NaN,348,23,348,23,NaN,NaN,NaN,NaN,NaN,NaN,NaN,NaN,NaN,NaN,TY,NW,B,B,NaN,NaN,NaN,NaN,NaN,NaN,
1959081400,07w.1959,GEORGIA,TY,NN,36.9,138.2,75,NaN,348,30,348,30,NaN,NaN,NaN,NaN,NaN,NaN,NaN,NaN,NaN,NaN,TY,NW,B,B,NaN,NaN,0.60,NaN,NaN,NaN,
1959081406,07w.1959,GEORGIA,TY,NN,40.3,137.4,60,NaN,348,35,348,35,NaN,NaN,NaN,NaN,NaN,NaN,NaN,NaN,NaN,NaN,TS,NW,B,B,NaN,NaN,NaN,NaN,NaN,NaN,
1959081412,07w.1959,GEORGIA,TY,NN,43.9,137.2,50,NaN,354,35,354,35,NaN,NaN,NaN,NaN,NaN,NaN,NaN,NaN,NaN,NaN,TS,NW,B,B,NaN,NaN,NaN,NaN,NaN,NaN,
1959081418,07w.1959,GEORGIA,TY,NN,44.5,137.7,50,NaN,3,21,3,21,NaN,NaN,NaN,NaN,NaN,NaN,NaN,NaN,NaN,NaN,TS,NW,B,B,NaN,NaN,NaN,NaN,NaN,NaN,
1959081500,07w.1959,GEORGIA,TY,NN,44.7,138.1,45,NaN,39,5,39,5,NaN,NaN,NaN,NaN,NaN,NaN,NaN,NaN,NaN,NaN,TS,NW,B,B,NaN,NaN,NaN,NaN,NaN,NaN,
1959081506,07w.1959,GEORGIA,TY,NN,45.0,138.5,40,NaN,49,4,49,4,NaN,NaN,NaN,NaN,NaN,NaN,NaN,NaN,NaN,NaN,TS,NW,B,B,NaN,NaN,NaN,NaN,NaN,NaN,
1959081512,07w.1959,GEORGIA,TY,NN,46.0,139.0,40,NaN,26,7,26,7,NaN,NaN,NaN,NaN,NaN,NaN,NaN,NaN,NaN,NaN,TS,NW,B,B,NaN,NaN,NaN,NaN,NaN,NaN,
1959081518,07w.1959,GEORGIA,TY,NN,46.5,139.5,30,NaN,25,8,25,8,NaN,NaN,NaN,NaN,NaN,NaN,NaN,NaN,NaN,NaN,TD,NW,B,B,NaN,NaN,NaN,NaN,NaN,NaN,
1959081900,08w.1959,IRIS,TY,NN,16.2,128.4,45,NaN,275,5,275,5,NaN,NaN,NaN,NaN,NaN,NaN,NaN,NaN,NaN,NaN,TS,NW,B,B,NaN,NaN,NaN,NaN,NaN,NaN,
1959081906,08w.1959,IRIS,TY,NN,16.2,128.0,45,NaN,275,5,275,5,NaN,NaN,NaN,NaN,NaN,NaN,NaN,NaN,NaN,NaN,TS,NW,B,B,NaN,NaN,NaN,NaN,NaN,NaN,
1959081912,08w.1959,IRIS,TY,NN,16.3,127.3,50,NaN,275,5,275,5,NaN,NaN,NaN,NaN,NaN,NaN,NaN,NaN,NaN,NaN,TS,NW,B,B,NaN,NaN,NaN,NaN,NaN,NaN,
1959081918,08w.1959,IRIS,TY,NN,16.3,126.8,55,NaN,275,6,275,6,NaN,NaN,NaN,NaN,NaN,NaN,NaN,NaN,NaN,NaN,TS,NW,B,B,NaN,NaN,NaN,NaN,NaN,NaN,
1959082000,08w.1959,IRIS,TY,NN,16.4,126.1,60,NaN,275,6,275,6,NaN,NaN,NaN,NaN,NaN,NaN,NaN,NaN,NaN,NaN,TS,NW,B,B,NaN,NaN,NaN,NaN,NaN,NaN,
1959082006,08w.1959,IRIS,TY,NN,16.6,125.5,70,NaN,284,6,284,6,NaN,NaN,NaN,NaN,NaN,NaN,NaN,NaN,NaN,NaN,TY,NW,B,B,NaN,NaN,NaN,NaN,NaN,NaN,
1959082012,08w.1959,IRIS,TY,NN,16.8,124.8,70,NaN,288,7,288,7,NaN,NaN,NaN,NaN,NaN,NaN,NaN,NaN,NaN,NaN,TY,NW,B,B,NaN,NaN,NaN,NaN,NaN,NaN,
1959082018,08w.1959,IRIS,TY,NN,17.2,124.1,70,NaN,294,7,294,7,NaN,NaN,NaN,NaN,NaN,NaN,NaN,NaN,NaN,NaN,TY,NW,B,B,NaN,NaN,NaN,NaN,NaN,NaN,
1959082100,08w.1959,IRIS,TY,NN,17.4,123.7,80,NaN,300,6,300,6,NaN,NaN,NaN,NaN,NaN,NaN,NaN,NaN,NaN,NaN,TY,NW,B,B,NaN,NaN,NaN,NaN,NaN,NaN,
1959082106,08w.1959,IRIS,TY,NN,17.9,123.2,80,NaN,309,6,309,6,NaN,NaN,NaN,NaN,NaN,NaN,NaN,NaN,NaN,NaN,TY,NW,B,B,NaN,NaN,NaN,NaN,NaN,NaN,
1959082112,08w.1959,IRIS,TY,NN,18.5,122.5,80,NaN,314,8,314,8,NaN,NaN,NaN,NaN,NaN,NaN,NaN,NaN,NaN,NaN,TY,NW,B,B,NaN,NaN,0.12,NaN,NaN,NaN,
1959082118,08w.1959,IRIS,TY,NN,19.4,121.6,85,NaN,315,11,315,11,NaN,NaN,NaN,NaN,NaN,NaN,NaN,NaN,NaN,NaN,TY,NW,B,B,NaN,NaN,0.06,NaN,NaN,NaN,
1959082200,08w.1959,IRIS,TY,NN,20.3,120.9,90,NaN,320,12,320,12,NaN,NaN,NaN,NaN,NaN,NaN,NaN,NaN,NaN,NaN,TY,NW,B,B,NaN,NaN,NaN,NaN,NaN,NaN,
1959082206,08w.1959,IRIS,TY,NN,21.4,120.2,90,NaN,327,12,327,12,NaN,NaN,NaN,NaN,NaN,NaN,NaN,NaN,NaN,NaN,TY,NW,B,B,NaN,NaN,NaN,NaN,NaN,NaN,
1959082212,08w.1959,IRIS,TY,NN,22.6,119.3,80,NaN,327,14,327,14,NaN,NaN,NaN,NaN,NaN,NaN,NaN,NaN,NaN,NaN,TY,NW,B,B,NaN,NaN,NaN,NaN,NaN,NaN,
1959082218,08w.1959,IRIS,TY,NN,23.9,118.4,60,NaN,326,15,326,15,NaN,NaN,NaN,NaN,NaN,NaN,NaN,NaN,NaN,NaN,TS,NW,B,B,NaN,NaN,0.03,NaN,NaN,NaN,
1959082300,08w.1959,IRIS,TY,NN,25.0,117.3,50,NaN,323,15,323,15,NaN,NaN,NaN,NaN,NaN,NaN,NaN,NaN,NaN,NaN,TS,NW,B,B,NaN,NaN,0.99,NaN,NaN,NaN,
1959082306,08w.1959,IRIS,TY,NN,27.0,114.0,40,NaN,308,25,308,25,NaN,NaN,NaN,NaN,NaN,NaN,NaN,NaN,NaN,NaN,TS,NW,B,B,NaN,NaN,0.99,NaN,NaN,NaN,
1959082312,08w.1959,IRIS,TY,NN,28.5,111.0,35,NaN,302,33,302,33,NaN,NaN,NaN,NaN,NaN,NaN,NaN,NaN,NaN,NaN,TS,NW,B,B,NaN,NaN,0.97,NaN,NaN,NaN,
1959082318,08w.1959,IRIS,TY,NN,30.5,108.0,30,NaN,304,32,304,32,NaN,NaN,NaN,NaN,NaN,NaN,NaN,NaN,NaN,NaN,TD,NW,B,B,NaN,NaN,0.96,NaN,NaN,NaN,
1959082506,09w.1959,JOAN,STY,NN,15.5,143.2,45,NaN,273,10,273,10,NaN,NaN,NaN,NaN,NaN,NaN,NaN,NaN,NaN,NaN,TS,NW,B,B,NaN,NaN,NaN,NaN,NaN,NaN,
1959082512,09w.1959,JOAN,STY,NN,15.5,142.2,50,NaN,273,10,273,10,NaN,NaN,NaN,NaN,NaN,NaN,NaN,NaN,NaN,NaN,TS,NW,B,B,NaN,NaN,NaN,NaN,NaN,NaN,
1959082518,09w.1959,JOAN,STY,NN,15.6,141.1,50,NaN,273,10,273,10,NaN,NaN,NaN,NaN,NaN,NaN,NaN,NaN,NaN,NaN,TS,NW,B,B,NaN,NaN,NaN,NaN,NaN,NaN,
1959082600,09w.1959,JOAN,STY,NN,15.7,140.1,70,NaN,276,10,276,10,NaN,NaN,NaN,NaN,NaN,NaN,NaN,NaN,NaN,NaN,TY,NW,B,B,NaN,NaN,NaN,NaN,NaN,NaN,
1959082606,09w.1959,JOAN,STY,NN,15.8,139.0,90,NaN,276,10,276,10,NaN,NaN,NaN,NaN,NaN,NaN,NaN,NaN,NaN,NaN,TY,NW,B,B,NaN,NaN,NaN,NaN,NaN,NaN,
1959082612,09w.1959,JOAN,STY,NN,15.9,137.8,90,NaN,275,11,275,11,NaN,NaN,NaN,NaN,NaN,NaN,NaN,NaN,NaN,NaN,TY,NW,B,B,NaN,NaN,NaN,NaN,NaN,NaN,
1959082618,09w.1959,JOAN,STY,NN,16.2,136.7,100,NaN,280,11,280,11,NaN,NaN,NaN,NaN,NaN,NaN,NaN,NaN,NaN,NaN,TY,NW,B,B,NaN,NaN,NaN,NaN,NaN,NaN,
1959082700,09w.1959,JOAN,STY,NN,16.4,135.7,100,NaN,284,10,284,10,NaN,NaN,NaN,NaN,NaN,NaN,NaN,NaN,NaN,NaN,TY,NW,B,B,NaN,NaN,NaN,NaN,NaN,NaN,
1959082706,09w.1959,JOAN,STY,NN,16.8,134.5,100,NaN,286,11,286,11,NaN,NaN,NaN,NaN,NaN,NaN,NaN,NaN,NaN,NaN,TY,NW,B,B,NaN,NaN,NaN,NaN,NaN,NaN,
1959082712,09w.1959,JOAN,STY,NN,17.2,133.3,105,NaN,289,12,289,12,NaN,NaN,NaN,NaN,NaN,NaN,NaN,NaN,NaN,NaN,TY,NW,B,B,NaN,NaN,NaN,NaN,NaN,NaN,
1959082718,09w.1959,JOAN,STY,NN,17.7,132.0,110,NaN,291,13,291,13,NaN,NaN,NaN,NaN,NaN,NaN,NaN,NaN,NaN,NaN,TY,NW,B,B,NaN,NaN,NaN,NaN,NaN,NaN,
1959082800,09w.1959,JOAN,STY,NN,18.4,130.4,120,NaN,293,15,293,15,NaN,NaN,NaN,NaN,NaN,NaN,NaN,NaN,NaN,NaN,TY,NW,B,B,NaN,NaN,NaN,NaN,NaN,NaN,
1959082806,09w.1959,JOAN,STY,NN,19.2,128.8,135,NaN,296,17,296,17,NaN,NaN,NaN,NaN,NaN,NaN,NaN,NaN,NaN,NaN,STY,NW,B,B,NaN,NaN,NaN,NaN,NaN,NaN,
1959082812,09w.1959,JOAN,STY,NN,20.0,127.2,150,NaN,298,17,298,17,NaN,NaN,NaN,NaN,NaN,NaN,NaN,NaN,NaN,NaN,STY,NW,B,B,NaN,NaN,NaN,NaN,NaN,NaN,
1959082818,09w.1959,JOAN,STY,NN,20.8,125.6,155,NaN,298,17,298,17,NaN,NaN,NaN,NaN,NaN,NaN,NaN,NaN,NaN,NaN,STY,NW,B,B,NaN,NaN,NaN,NaN,NaN,NaN,
1959082900,09w.1959,JOAN,STY,NN,21.5,124.5,165,NaN,301,15,301,15,NaN,NaN,NaN,NaN,NaN,NaN,NaN,NaN,NaN,NaN,STY,NW,B,B,NaN,NaN,NaN,NaN,NaN,NaN,
1959082906,09w.1959,JOAN,STY,NN,22.2,123.5,170,NaN,306,12,306,12,NaN,NaN,NaN,NaN,NaN,NaN,NaN,NaN,NaN,NaN,STY,NW,B,B,NaN,NaN,NaN,NaN,NaN,NaN,
1959082912,09w.1959,JOAN,STY,NN,23.2,122.0,160,NaN,306,14,306,14,NaN,NaN,NaN,NaN,NaN,NaN,NaN,NaN,NaN,NaN,STY,NW,B,B,NaN,NaN,NaN,NaN,NaN,NaN,
1959082918,09w.1959,JOAN,STY,NN,23.9,120.9,135,NaN,305,15,305,15,NaN,NaN,NaN,NaN,NaN,NaN,NaN,NaN,NaN,NaN,STY,NW,B,B,NaN,NaN,0.96,NaN,NaN,NaN,
1959083000,09w.1959,JOAN,STY,NN,24.7,119.9,110,NaN,308,12,308,12,NaN,NaN,NaN,NaN,NaN,NaN,NaN,NaN,NaN,NaN,TY,NW,B,B,NaN,NaN,0.02,NaN,NaN,NaN,
1959083006,09w.1959,JOAN,STY,NN,25.4,118.9,95,NaN,310,12,310,12,NaN,NaN,NaN,NaN,NaN,NaN,NaN,NaN,NaN,NaN,TY,NW,B,B,NaN,NaN,0.76,NaN,NaN,NaN,
1959083012,09w.1959,JOAN,STY,NN,26.2,117.9,80,NaN,310,12,310,12,NaN,NaN,NaN,NaN,NaN,NaN,NaN,NaN,NaN,NaN,TY,NW,B,B,NaN,NaN,0.99,NaN,NaN,NaN,
1959083018,09w.1959,JOAN,STY,NN,26.9,116.8,70,NaN,309,12,309,12,NaN,NaN,NaN,NaN,NaN,NaN,NaN,NaN,NaN,NaN,TY,NW,B,B,NaN,NaN,0.99,NaN,NaN,NaN,
1959083100,09w.1959,JOAN,STY,NN,28.2,117.5,60,NaN,350,10,350,10,NaN,NaN,NaN,NaN,NaN,NaN,NaN,NaN,NaN,NaN,TS,NW,B,B,NaN,NaN,0.98,NaN,NaN,NaN,
1959083106,09w.1959,JOAN,STY,NN,29.6,118.2,50,NaN,25,15,25,15,NaN,NaN,NaN,NaN,NaN,NaN,NaN,NaN,NaN,NaN,TS,NW,B,B,NaN,NaN,0.99,NaN,NaN,NaN,
1959083112,09w.1959,JOAN,STY,NN,30.5,119.7,35,NaN,40,15,40,15,NaN,NaN,NaN,NaN,NaN,NaN,NaN,NaN,NaN,NaN,TS,NW,B,B,NaN,NaN,0.99,NaN,NaN,NaN,
1959082500,10w.1959,KATE,TS,NN,14.5,128.1,40,NaN,261,6,261,6,NaN,NaN,NaN,NaN,NaN,NaN,NaN,NaN,NaN,NaN,TS,NW,B,B,NaN,NaN,NaN,NaN,NaN,NaN,
1959082506,10w.1959,KATE,TS,NN,14.4,127.5,35,NaN,261,6,261,6,NaN,NaN,NaN,NaN,NaN,NaN,NaN,NaN,NaN,NaN,TS,NW,B,B,NaN,NaN,NaN,NaN,NaN,NaN,
1959082512,10w.1959,KATE,TS,NN,14.3,126.8,35,NaN,261,6,261,6,NaN,NaN,NaN,NaN,NaN,NaN,NaN,NaN,NaN,NaN,TS,NW,B,B,NaN,NaN,NaN,NaN,NaN,NaN,
1959082518,10w.1959,KATE,TS,NN,14.4,126.2,35,NaN,270,6,270,6,NaN,NaN,NaN,NaN,NaN,NaN,NaN,NaN,NaN,NaN,TS,NW,B,B,NaN,NaN,NaN,NaN,NaN,NaN,
1959082600,10w.1959,KATE,TS,NN,14.5,125.5,30,NaN,279,6,279,6,NaN,NaN,NaN,NaN,NaN,NaN,NaN,NaN,NaN,NaN,TD,NW,B,B,NaN,NaN,NaN,NaN,NaN,NaN,
1959082606,10w.1959,KATE,TS,NN,14.6,124.7,30,NaN,278,7,278,7,NaN,NaN,NaN,NaN,NaN,NaN,NaN,NaN,NaN,NaN,TD,NW,B,B,NaN,NaN,0.01,NaN,NaN,NaN,
1959082612,10w.1959,KATE,TS,NN,14.8,124.0,30,NaN,282,7,282,7,NaN,NaN,NaN,NaN,NaN,NaN,NaN,NaN,NaN,NaN,TD,NW,B,B,NaN,NaN,NaN,NaN,NaN,NaN,
1959082618,10w.1959,KATE,TS,NN,15.5,123.4,25,NaN,306,8,306,8,NaN,NaN,NaN,NaN,NaN,NaN,NaN,NaN,NaN,NaN,TD,NW,B,B,NaN,NaN,NaN,NaN,NaN,NaN,
1959082700,10w.1959,KATE,TS,NN,16.0,123.2,20,NaN,327,7,327,7,NaN,NaN,NaN,NaN,NaN,NaN,NaN,NaN,NaN,NaN,NT,NW,B,B,NaN,NaN,NaN,NaN,NaN,NaN,
1959082706,10w.1959,KATE,TS,NN,16.5,123.3,20,NaN,355,5,355,5,NaN,NaN,NaN,NaN,NaN,NaN,NaN,NaN,NaN,NaN,NT,NW,B,B,NaN,NaN,NaN,NaN,NaN,NaN,
1959082712,10w.1959,KATE,TS,NN,17.0,123.5,20,NaN,16,5,16,5,NaN,NaN,NaN,NaN,NaN,NaN,NaN,NaN,NaN,NaN,NT,NW,B,B,NaN,NaN,NaN,NaN,NaN,NaN,
1959082718,10w.1959,KATE,TS,NN,17.5,124.0,20,NaN,34,6,34,6,NaN,NaN,NaN,NaN,NaN,NaN,NaN,NaN,NaN,NaN,NT,NW,B,B,NaN,NaN,NaN,NaN,NaN,NaN,
1959083000,w11.1959,9X-W11,TY,NN,14.4,141.2,20,NaN,272,12,272,12,NaN,NaN,NaN,NaN,NaN,NaN,NaN,NaN,NaN,NaN,NT,NW,B,B,NaN,NaN,NaN,NaN,NaN,NaN,
1959083006,w11.1959,9X-W11,TY,NN,14.5,140.0,20,NaN,272,12,272,12,NaN,NaN,NaN,NaN,NaN,NaN,NaN,NaN,NaN,NaN,NT,NW,B,B,NaN,NaN,NaN,NaN,NaN,NaN,
1959083012,w11.1959,9X-W11,TY,NN,14.5,138.8,20,NaN,272,12,272,12,NaN,NaN,NaN,NaN,NaN,NaN,NaN,NaN,NaN,NaN,NT,NW,B,B,NaN,NaN,NaN,NaN,NaN,NaN,
1959083018,w11.1959,9X-W11,TY,NN,14.5,137.7,25,NaN,270,11,270,11,NaN,NaN,NaN,NaN,NaN,NaN,NaN,NaN,NaN,NaN,TD,NW,B,B,NaN,NaN,NaN,NaN,NaN,NaN,
1959083100,w11.1959,9X-W11,TY,NN,14.5,136.6,30,NaN,270,11,270,11,NaN,NaN,NaN,NaN,NaN,NaN,NaN,NaN,NaN,NaN,TD,NW,B,B,NaN,NaN,NaN,NaN,NaN,NaN,
1959083106,w11.1959,9X-W11,TY,NN,14.5,135.2,30,NaN,270,12,270,12,NaN,NaN,NaN,NaN,NaN,NaN,NaN,NaN,NaN,NaN,TD,NW,B,B,NaN,NaN,NaN,NaN,NaN,NaN,
1959083112,w11.1959,9X-W11,TY,NN,14.6,133.9,30,NaN,272,13,272,13,NaN,NaN,NaN,NaN,NaN,NaN,NaN,NaN,NaN,NaN,TD,NW,B,B,NaN,NaN,NaN,NaN,NaN,NaN,
1959083118,11w.1959,LOUISE,TY,NN,14.7,132.6,40,NaN,275,13,275,13,NaN,NaN,NaN,NaN,NaN,NaN,NaN,NaN,NaN,NaN,TS,NW,B,B,NaN,NaN,NaN,NaN,NaN,NaN,
1959090100,11w.1959,LOUISE,TY,NN,14.9,131.2,40,NaN,277,13,277,13,NaN,NaN,NaN,NaN,NaN,NaN,NaN,NaN,NaN,NaN,TS,NW,B,B,NaN,NaN,NaN,NaN,NaN,NaN,
1959090106,11w.1959,LOUISE,TY,NN,15.2,130.0,55,NaN,281,13,281,13,NaN,NaN,NaN,NaN,NaN,NaN,NaN,NaN,NaN,NaN,TS,NW,B,B,NaN,NaN,NaN,NaN,NaN,NaN,
1959090112,11w.1959,LOUISE,TY,NN,15.5,128.8,70,NaN,285,12,285,12,NaN,NaN,NaN,NaN,NaN,NaN,NaN,NaN,NaN,NaN,TY,NW,B,B,NaN,NaN,NaN,NaN,NaN,NaN,
1959090118,11w.1959,LOUISE,TY,NN,16.0,127.6,70,NaN,289,12,289,12,NaN,NaN,NaN,NaN,NaN,NaN,NaN,NaN,NaN,NaN,TY,NW,B,B,NaN,NaN,NaN,NaN,NaN,NaN,
1959090200,11w.1959,LOUISE,TY,NN,16.8,126.3,75,NaN,298,14,298,14,NaN,NaN,NaN,NaN,NaN,NaN,NaN,NaN,NaN,NaN,TY,NW,B,B,NaN,NaN,NaN,NaN,NaN,NaN,
1959090206,11w.1959,LOUISE,TY,NN,17.8,127.3,75,NaN,351,9,351,9,NaN,NaN,NaN,NaN,NaN,NaN,NaN,NaN,NaN,NaN,TY,NW,B,B,NaN,NaN,NaN,NaN,NaN,NaN,
1959090212,11w.1959,LOUISE,TY,NN,18.9,124.5,80,NaN,321,14,321,14,NaN,NaN,NaN,NaN,NaN,NaN,NaN,NaN,NaN,NaN,TY,NW,B,B,NaN,NaN,NaN,NaN,NaN,NaN,
1959090218,11w.1959,LOUISE,TY,NN,20.1,123.7,90,NaN,304,21,304,21,NaN,NaN,NaN,NaN,NaN,NaN,NaN,NaN,NaN,NaN,TY,NW,B,B,NaN,NaN,NaN,NaN,NaN,NaN,
1959090300,11w.1959,LOUISE,TY,NN,21.5,123.1,110,NaN,333,15,333,15,NaN,NaN,NaN,NaN,NaN,NaN,NaN,NaN,NaN,NaN,TY,NW,B,B,NaN,NaN,NaN,NaN,NaN,NaN,
1959090306,11w.1959,LOUISE,TY,NN,22.8,122.4,120,NaN,336,15,336,15,NaN,NaN,NaN,NaN,NaN,NaN,NaN,NaN,NaN,NaN,TY,NW,B,B,NaN,NaN,NaN,NaN,NaN,NaN,
1959090312,11w.1959,LOUISE,TY,NN,23.9,121.6,110,NaN,330,14,330,14,NaN,NaN,NaN,NaN,NaN,NaN,NaN,NaN,NaN,NaN,TY,NW,B,B,NaN,NaN,0.63,NaN,NaN,NaN,
1959090318,11w.1959,LOUISE,TY,NN,24.6,121.1,100,NaN,327,11,327,11,NaN,NaN,NaN,NaN,NaN,NaN,NaN,NaN,NaN,NaN,TY,NW,B,B,NaN,NaN,0.78,NaN,NaN,NaN,
1959090400,11w.1959,LOUISE,TY,NN,25.2,120.6,80,NaN,325,8,325,8,NaN,NaN,NaN,NaN,NaN,NaN,NaN,NaN,NaN,NaN,TY,NW,B,B,NaN,NaN,0.07,NaN,NaN,NaN,
1959090406,11w.1959,LOUISE,TY,NN,25.7,120.2,50,NaN,323,7,323,7,NaN,NaN,NaN,NaN,NaN,NaN,NaN,NaN,NaN,NaN,TS,NW,B,B,NaN,NaN,0.07,NaN,NaN,NaN,
1959090412,11w.1959,LOUISE,TY,NN,26.2,120.1,40,NaN,336,5,336,5,NaN,NaN,NaN,NaN,NaN,NaN,NaN,NaN,NaN,NaN,TS,NW,B,B,NaN,NaN,0.14,NaN,NaN,NaN,
1959090418,11w.1959,LOUISE,TY,NN,26.7,120.0,35,NaN,350,5,350,5,NaN,NaN,NaN,NaN,NaN,NaN,NaN,NaN,NaN,NaN,TS,NW,B,B,NaN,NaN,0.29,NaN,NaN,NaN,
1959090500,11w.1959,LOUISE,TY,NN,27.2,120.0,30,NaN,355,5,355,5,NaN,NaN,NaN,NaN,NaN,NaN,NaN,NaN,NaN,NaN,TD,NW,B,B,NaN,NaN,0.65,NaN,NaN,NaN,
1959090506,11w.1959,LOUISE,TY,NN,28.0,120.2,25,NaN,8,7,8,7,NaN,NaN,NaN,NaN,NaN,NaN,NaN,NaN,NaN,NaN,TD,NW,B,B,NaN,NaN,0.98,NaN,NaN,NaN,
1959090512,11w.1959,LOUISE,TY,NN,29.0,120.5,20,NaN,14,9,14,9,NaN,NaN,NaN,NaN,NaN,NaN,NaN,NaN,NaN,NaN,NT,NW,B,B,NaN,NaN,0.99,NaN,NaN,NaN,
1959090518,11w.1959,LOUISE,TY,NN,30.2,121.1,20,NaN,20,12,20,12,NaN,NaN,NaN,NaN,NaN,NaN,NaN,NaN,NaN,NaN,NT,NW,B,B,NaN,NaN,0.75,NaN,NaN,NaN,
1959090600,11w.1959,LOUISE,TY,NN,31.3,121.8,25,NaN,26,13,26,13,NaN,NaN,NaN,NaN,NaN,NaN,NaN,NaN,NaN,NaN,TD,NW,B,B,NaN,NaN,0.22,NaN,NaN,NaN,
1959090606,11w.1959,LOUISE,TY,NN,32.6,122.2,30,NaN,21,13,21,13,NaN,NaN,NaN,NaN,NaN,NaN,NaN,NaN,NaN,NaN,TD,NW,B,B,NaN,NaN,0.02,NaN,NaN,NaN,
1959090612,11w.1959,LOUISE,TY,NN,33.8,122.5,30,NaN,13,13,13,13,NaN,NaN,NaN,NaN,NaN,NaN,NaN,NaN,NaN,NaN,TD,NW,B,B,NaN,NaN,NaN,NaN,NaN,NaN,
1959090618,11w.1959,LOUISE,TY,NN,35.2,122.8,35,NaN,11,13,11,13,NaN,NaN,NaN,NaN,NaN,NaN,NaN,NaN,NaN,NaN,TS,NW,B,B,NaN,NaN,NaN,NaN,NaN,NaN,
1959090700,11w.1959,LOUISE,TY,NN,36.3,123.4,40,NaN,16,13,16,13,NaN,NaN,NaN,NaN,NaN,NaN,NaN,NaN,NaN,NaN,TS,NW,B,B,NaN,NaN,NaN,NaN,NaN,NaN,
1959090706,11w.1959,LOUISE,TY,NN,37.7,124.7,40,NaN,31,15,31,15,NaN,NaN,NaN,NaN,NaN,NaN,NaN,NaN,NaN,NaN,TS,NW,B,B,NaN,NaN,NaN,NaN,NaN,NaN,
1959090712,11w.1959,LOUISE,TY,NN,38.5,127.0,35,NaN,52,18,52,18,NaN,NaN,NaN,NaN,NaN,NaN,NaN,NaN,NaN,NaN,TS,NW,B,B,NaN,NaN,1.00,NaN,NaN,NaN,
1959090512,w12.1959,9X-W12,TS,NN,12.8,131.3,20,NaN,318,20,318,20,NaN,NaN,NaN,NaN,NaN,NaN,NaN,NaN,NaN,NaN,NT,NW,B,B,NaN,NaN,NaN,NaN,NaN,NaN,
1959090518,w12.1959,9X-W12,TS,NN,14.1,130.0,20,NaN,318,20,318,20,NaN,NaN,NaN,NaN,NaN,NaN,NaN,NaN,NaN,NaN,NT,NW,B,B,NaN,NaN,NaN,NaN,NaN,NaN,
1959090600,w12.1959,9X-W12,TS,NN,15.8,128.5,20,NaN,318,20,318,20,NaN,NaN,NaN,NaN,NaN,NaN,NaN,NaN,NaN,NaN,NT,NW,B,B,NaN,NaN,NaN,NaN,NaN,NaN,
1959090606,w12.1959,9X-W12,TS,NN,15.9,128.2,30,NaN,316,13,316,13,NaN,NaN,NaN,NaN,NaN,NaN,NaN,NaN,NaN,NaN,TD,NW,B,B,NaN,NaN,NaN,NaN,NaN,NaN,
1959090612,w12.1959,9X-W12,TS,NN,16.0,128.0,30,NaN,293,3,293,3,NaN,NaN,NaN,NaN,NaN,NaN,NaN,NaN,NaN,NaN,TD,NW,B,B,NaN,NaN,NaN,NaN,NaN,NaN,
1959090618,w12.1959,9X-W12,TS,NN,16.1,126.8,30,NaN,278,7,278,7,NaN,NaN,NaN,NaN,NaN,NaN,NaN,NaN,NaN,NaN,TD,NW,B,B,NaN,NaN,NaN,NaN,NaN,NaN,
1959090700,w12.1959,9X-W12,TS,NN,16.2,125.9,30,NaN,276,10,276,10,NaN,NaN,NaN,NaN,NaN,NaN,NaN,NaN,NaN,NaN,TD,NW,B,B,NaN,NaN,NaN,NaN,NaN,NaN,
1959090706,w12.1959,9X-W12,TS,NN,16.9,124.8,25,NaN,293,10,293,10,NaN,NaN,NaN,NaN,NaN,NaN,NaN,NaN,NaN,NaN,TD,NW,B,B,NaN,NaN,NaN,NaN,NaN,NaN,
1959090712,w12.1959,9X-W12,TS,NN,17.7,123.6,25,NaN,304,13,304,13,NaN,NaN,NaN,NaN,NaN,NaN,NaN,NaN,NaN,NaN,TD,NW,B,B,NaN,NaN,NaN,NaN,NaN,NaN,
1959090718,w12.1959,9X-W12,TS,NN,18.1,122.3,20,NaN,297,13,297,13,NaN,NaN,NaN,NaN,NaN,NaN,NaN,NaN,NaN,NaN,NT,NW,B,B,NaN,NaN,0.19,NaN,NaN,NaN,
1959090800,w12.1959,9X-W12,TS,NN,18.5,121.3,20,NaN,290,12,290,12,NaN,NaN,NaN,NaN,NaN,NaN,NaN,NaN,NaN,NaN,NT,NW,B,B,NaN,NaN,0.44,NaN,NaN,NaN,
1959090806,w12.1959,9X-W12,TS,NN,18.8,120.1,20,NaN,289,11,289,11,NaN,NaN,NaN,NaN,NaN,NaN,NaN,NaN,NaN,NaN,NT,NW,B,B,NaN,NaN,NaN,NaN,NaN,NaN,
1959090812,w12.1959,9X-W12,TS,NN,19.0,119.2,25,NaN,284,10,284,10,NaN,NaN,NaN,NaN,NaN,NaN,NaN,NaN,NaN,NaN,TD,NW,B,B,NaN,NaN,NaN,NaN,NaN,NaN,
1959090818,w12.1959,9X-W12,TS,NN,19.3,118.0,30,NaN,284,10,284,10,NaN,NaN,NaN,NaN,NaN,NaN,NaN,NaN,NaN,NaN,TD,NW,B,B,NaN,NaN,NaN,NaN,NaN,NaN,
1959090900,12w.1959,NORA,TS,NN,19.5,117.0,35,NaN,284,11,284,11,NaN,NaN,NaN,NaN,NaN,NaN,NaN,NaN,NaN,NaN,TS,NW,B,B,NaN,NaN,NaN,NaN,NaN,NaN,
1959090906,12w.1959,NORA,TS,NN,19.7,116.0,40,NaN,282,10,282,10,NaN,NaN,NaN,NaN,NaN,NaN,NaN,NaN,NaN,NaN,TS,NW,B,B,NaN,NaN,NaN,NaN,NaN,NaN,
1959090912,12w.1959,NORA,TS,NN,19.9,114.9,45,NaN,281,10,281,10,NaN,NaN,NaN,NaN,NaN,NaN,NaN,NaN,NaN,NaN,TS,NW,B,B,NaN,NaN,NaN,NaN,NaN,NaN,
1959090918,12w.1959,NORA,TS,NN,20.2,114.3,50,NaN,287,8,287,8,NaN,NaN,NaN,NaN,NaN,NaN,NaN,NaN,NaN,NaN,TS,NW,B,B,NaN,NaN,NaN,NaN,NaN,NaN,
1959091000,12w.1959,NORA,TS,NN,20.5,114.2,50,NaN,312,4,312,4,NaN,NaN,NaN,NaN,NaN,NaN,NaN,NaN,NaN,NaN,TS,NW,B,B,NaN,NaN,NaN,NaN,NaN,NaN,
1959091006,12w.1959,NORA,TS,NN,21.1,114.5,50,NaN,12,5,12,5,NaN,NaN,NaN,NaN,NaN,NaN,NaN,NaN,NaN,NaN,TS,NW,B,B,NaN,NaN,NaN,NaN,NaN,NaN,
1959091012,12w.1959,NORA,TS,NN,21.9,115.0,45,NaN,28,8,28,8,NaN,NaN,NaN,NaN,NaN,NaN,NaN,NaN,NaN,NaN,TS,NW,B,B,NaN,NaN,NaN,NaN,NaN,NaN,
1959091018,12w.1959,NORA,TS,NN,22.1,115.2,40,NaN,33,6,33,6,NaN,NaN,NaN,NaN,NaN,NaN,NaN,NaN,NaN,NaN,TS,NW,B,B,NaN,NaN,NaN,NaN,NaN,NaN,
1959091100,12w.1959,NORA,TS,NN,23.0,115.9,35,NaN,37,7,37,7,NaN,NaN,NaN,NaN,NaN,NaN,NaN,NaN,NaN,NaN,TS,NW,B,B,NaN,NaN,0.61,NaN,NaN,NaN,
1959091106,12w.1959,NORA,TS,NN,24.0,116.5,35,NaN,32,11,32,11,NaN,NaN,NaN,NaN,NaN,NaN,NaN,NaN,NaN,NaN,TS,NW,B,B,NaN,NaN,0.96,NaN,NaN,NaN,
1959091112,12w.1959,NORA,TS,NN,24.8,117.5,30,NaN,39,12,39,12,NaN,NaN,NaN,NaN,NaN,NaN,NaN,NaN,NaN,NaN,TD,NW,B,B,NaN,NaN,0.99,NaN,NaN,NaN,
1959091118,12w.1959,NORA,TS,NN,26.0,119.5,30,NaN,54,17,54,17,NaN,NaN,NaN,NaN,NaN,NaN,NaN,NaN,NaN,NaN,TD,NW,B,B,NaN,NaN,0.60,NaN,NaN,NaN,
1959091200,12w.1959,NORA,TS,NN,27.0,121.0,25,NaN,55,19,55,19,NaN,NaN,NaN,NaN,NaN,NaN,NaN,NaN,NaN,NaN,TD,NW,B,B,NaN,NaN,0.03,NaN,NaN,NaN,
1959091206,12w.1959,NORA,TS,NN,28.1,122.3,25,NaN,50,16,50,16,NaN,NaN,NaN,NaN,NaN,NaN,NaN,NaN,NaN,NaN,TD,NW,B,B,NaN,NaN,NaN,NaN,NaN,NaN,
1959091212,12w.1959,NORA,TS,NN,29.3,123.5,25,NaN,44,16,44,16,NaN,NaN,NaN,NaN,NaN,NaN,NaN,NaN,NaN,NaN,TD,NW,B,B,NaN,NaN,NaN,NaN,NaN,NaN,
1959091218,12w.1959,NORA,TS,NN,31.1,124.5,20,NaN,33,18,33,18,NaN,NaN,NaN,NaN,NaN,NaN,NaN,NaN,NaN,NaN,NT,NW,B,B,NaN,NaN,NaN,NaN,NaN,NaN,
1959090506,w13.1959,9X-W13,TS,NN,8.7,159.8,25,NaN,289,8,289,8,NaN,NaN,NaN,NaN,NaN,NaN,NaN,NaN,NaN,NaN,TD,NW,B,B,NaN,NaN,NaN,NaN,NaN,NaN,
1959090512,w13.1959,9X-W13,TS,NN,9.0,159.0,30,NaN,289,8,289,8,NaN,NaN,NaN,NaN,NaN,NaN,NaN,NaN,NaN,NaN,TD,NW,B,B,NaN,NaN,NaN,NaN,NaN,NaN,
1959090518,13w.1959,OPAL,TS,NN,9.2,158.3,35,NaN,289,8,289,8,NaN,NaN,NaN,NaN,NaN,NaN,NaN,NaN,NaN,NaN,TS,NW,B,B,NaN,NaN,NaN,NaN,NaN,NaN,
1959090600,13w.1959,OPAL,TS,NN,9.3,157.8,30,NaN,284,6,284,6,NaN,NaN,NaN,NaN,NaN,NaN,NaN,NaN,NaN,NaN,TD,NW,B,B,NaN,NaN,NaN,NaN,NaN,NaN,
1959090606,13w.1959,OPAL,TS,NN,9.2,157.2,25,NaN,270,5,270,5,NaN,NaN,NaN,NaN,NaN,NaN,NaN,NaN,NaN,NaN,TD,NW,B,B,NaN,NaN,NaN,NaN,NaN,NaN,
1959091100,w14.1959,9X-W14,STY,NN,13.8,146.4,20,NaN,262,10,262,10,NaN,NaN,NaN,NaN,NaN,NaN,NaN,NaN,NaN,NaN,NT,NW,B,B,NaN,NaN,NaN,NaN,NaN,NaN,
1959091106,w14.1959,9X-W14,STY,NN,13.6,145.6,20,NaN,262,10,262,10,NaN,NaN,NaN,NaN,NaN,NaN,NaN,NaN,NaN,NaN,NT,NW,B,B,NaN,NaN,NaN,NaN,NaN,NaN,
1959091112,w14.1959,9X-W14,STY,NN,13.5,144.3,20,NaN,262,10,262,10,NaN,NaN,NaN,NaN,NaN,NaN,NaN,NaN,NaN,NaN,NT,NW,B,B,NaN,NaN,0.05,NaN,NaN,NaN,
1959091118,w14.1959,9X-W14,STY,NN,13.4,143.0,30,NaN,265,13,265,13,NaN,NaN,NaN,NaN,NaN,NaN,NaN,NaN,NaN,NaN,TD,NW,B,B,NaN,NaN,NaN,NaN,NaN,NaN,
1959091200,14w.1959,SARAH,STY,NN,13.5,141.5,50,NaN,270,14,270,14,NaN,NaN,NaN,NaN,NaN,NaN,NaN,NaN,NaN,NaN,TS,NW,B,B,NaN,NaN,NaN,NaN,NaN,NaN,
1959091206,14w.1959,SARAH,STY,NN,14.0,140.1,60,NaN,282,14,282,14,NaN,NaN,NaN,NaN,NaN,NaN,NaN,NaN,NaN,NaN,TS,NW,B,B,NaN,NaN,NaN,NaN,NaN,NaN,
1959091212,14w.1959,SARAH,STY,NN,14.7,138.7,70,NaN,294,15,294,15,NaN,NaN,NaN,NaN,NaN,NaN,NaN,NaN,NaN,NaN,TY,NW,B,B,NaN,NaN,NaN,NaN,NaN,NaN,
1959091218,14w.1959,SARAH,STY,NN,15.5,137.1,70,NaN,297,16,297,16,NaN,NaN,NaN,NaN,NaN,NaN,NaN,NaN,NaN,NaN,TY,NW,B,B,NaN,NaN,NaN,NaN,NaN,NaN,
1959091300,14w.1959,SARAH,STY,NN,16.4,135.6,100,NaN,300,17,300,17,NaN,NaN,NaN,NaN,NaN,NaN,NaN,NaN,NaN,NaN,TY,NW,B,B,NaN,NaN,NaN,NaN,NaN,NaN,
1959091306,14w.1959,SARAH,STY,NN,17.3,134.1,110,NaN,302,17,302,17,NaN,NaN,NaN,NaN,NaN,NaN,NaN,NaN,NaN,NaN,TY,NW,B,B,NaN,NaN,NaN,NaN,NaN,NaN,
1959091312,14w.1959,SARAH,STY,NN,18.2,132.6,115,NaN,302,17,302,17,NaN,NaN,NaN,NaN,NaN,NaN,NaN,NaN,NaN,NaN,TY,NW,B,B,NaN,NaN,NaN,NaN,NaN,NaN,
1959091318,14w.1959,SARAH,STY,NN,18.9,131.2,120,NaN,300,16,300,16,NaN,NaN,NaN,NaN,NaN,NaN,NaN,NaN,NaN,NaN,TY,NW,B,B,NaN,NaN,NaN,NaN,NaN,NaN,
1959091400,14w.1959,SARAH,STY,NN,19.7,129.8,120,NaN,300,15,300,15,NaN,NaN,NaN,NaN,NaN,NaN,NaN,NaN,NaN,NaN,TY,NW,B,B,NaN,NaN,NaN,NaN,NaN,NaN,
1959091406,14w.1959,SARAH,STY,NN,20.5,128.6,125,NaN,303,15,303,15,NaN,NaN,NaN,NaN,NaN,NaN,NaN,NaN,NaN,NaN,TY,NW,B,B,NaN,NaN,NaN,NaN,NaN,NaN,
1959091412,14w.1959,SARAH,STY,NN,21.2,127.7,140,NaN,307,12,307,12,NaN,NaN,NaN,NaN,NaN,NaN,NaN,NaN,NaN,NaN,STY,NW,B,B,NaN,NaN,NaN,NaN,NaN,NaN,
1959091418,14w.1959,SARAH,STY,NN,21.9,126.9,150,NaN,311,11,311,11,NaN,NaN,NaN,NaN,NaN,NaN,NaN,NaN,NaN,NaN,STY,NW,B,B,NaN,NaN,NaN,NaN,NaN,NaN,
1959091500,14w.1959,SARAH,STY,NN,22.8,126.3,160,NaN,321,10,321,10,NaN,NaN,NaN,NaN,NaN,NaN,NaN,NaN,NaN,NaN,STY,NW,B,B,NaN,NaN,NaN,NaN,NaN,NaN,
1959091506,14w.1959,SARAH,STY,NN,23.9,125.7,165,NaN,331,11,331,11,NaN,NaN,NaN,NaN,NaN,NaN,NaN,NaN,NaN,NaN,STY,NW,B,B,NaN,NaN,NaN,NaN,NaN,NaN,
1959091512,14w.1959,SARAH,STY,NN,25.2,125.2,140,NaN,337,13,337,13,NaN,NaN,NaN,NaN,NaN,NaN,NaN,NaN,NaN,NaN,STY,NW,B,B,NaN,NaN,0.03,NaN,NaN,NaN,
1959091518,14w.1959,SARAH,STY,NN,26.2,125.0,115,NaN,345,12,345,12,NaN,NaN,NaN,NaN,NaN,NaN,NaN,NaN,NaN,NaN,TY,NW,B,B,NaN,NaN,NaN,NaN,NaN,NaN,
1959091600,14w.1959,SARAH,STY,NN,27.4,124.9,110,NaN,353,11,353,11,NaN,NaN,NaN,NaN,NaN,NaN,NaN,NaN,NaN,NaN,TY,NW,B,B,NaN,NaN,NaN,NaN,NaN,NaN,
1959091606,14w.1959,SARAH,STY,NN,28.7,125.1,100,NaN,2,13,2,13,NaN,NaN,NaN,NaN,NaN,NaN,NaN,NaN,NaN,NaN,TY,NW,B,B,NaN,NaN,NaN,NaN,NaN,NaN,
1959091612,14w.1959,SARAH,STY,NN,30.2,125.8,110,NaN,16,15,16,15,NaN,NaN,NaN,NaN,NaN,NaN,NaN,NaN,NaN,NaN,TY,NW,B,B,NaN,NaN,NaN,NaN,NaN,NaN,
1959091618,14w.1959,SARAH,STY,NN,32.1,126.8,115,NaN,23,19,23,19,NaN,NaN,NaN,NaN,NaN,NaN,NaN,NaN,NaN,NaN,TY,NW,B,B,NaN,NaN,NaN,NaN,NaN,NaN,
1959091700,14w.1959,SARAH,STY,NN,34.2,128.1,100,NaN,26,22,26,22,NaN,NaN,NaN,NaN,NaN,NaN,NaN,NaN,NaN,NaN,TY,NW,B,B,NaN,NaN,NaN,NaN,NaN,NaN,
1959091706,14w.1959,SARAH,STY,NN,36.2,129.8,95,NaN,31,24,31,24,NaN,NaN,NaN,NaN,NaN,NaN,NaN,NaN,NaN,NaN,TY,NW,B,B,NaN,NaN,0.01,NaN,NaN,NaN,
1959091712,14w.1959,SARAH,STY,NN,38.0,132.0,85,NaN,40,25,40,25,NaN,NaN,NaN,NaN,NaN,NaN,NaN,NaN,NaN,NaN,TY,NW,B,B,NaN,NaN,NaN,NaN,NaN,NaN,
1959091718,14w.1959,SARAH,STY,NN,40.1,134.8,80,NaN,45,28,45,28,NaN,NaN,NaN,NaN,NaN,NaN,NaN,NaN,NaN,NaN,TY,NW,B,B,NaN,NaN,NaN,NaN,NaN,NaN,
1959091800,14w.1959,SARAH,STY,NN,41.9,138.0,70,NaN,50,30,50,30,NaN,NaN,NaN,NaN,NaN,NaN,NaN,NaN,NaN,NaN,TY,NW,B,B,NaN,NaN,NaN,NaN,NaN,NaN,
1959091806,14w.1959,SARAH,STY,NN,43.1,141.1,70,NaN,58,28,58,28,NaN,NaN,NaN,NaN,NaN,NaN,NaN,NaN,NaN,NaN,TY,NW,B,B,NaN,NaN,0.69,NaN,NaN,NaN,
1959091812,14w.1959,SARAH,STY,NN,44.8,143.6,75,NaN,55,25,55,25,NaN,NaN,NaN,NaN,NaN,NaN,NaN,NaN,NaN,NaN,TY,NW,B,B,NaN,NaN,NaN,NaN,NaN,NaN,
1959091818,14w.1959,SARAH,STY,NN,46.8,145.5,65,NaN,40,24,40,24,NaN,NaN,NaN,NaN,NaN,NaN,NaN,NaN,NaN,NaN,TY,NW,B,B,NaN,NaN,NaN,NaN,NaN,NaN,
1959091900,14w.1959,SARAH,STY,NN,48.8,146.8,55,NaN,29,23,29,23,NaN,NaN,NaN,NaN,NaN,NaN,NaN,NaN,NaN,NaN,TS,NW,B,B,NaN,NaN,NaN,NaN,NaN,NaN,
1959091906,14w.1959,SARAH,STY,NN,50.4,147.3,45,NaN,18,19,18,19,NaN,NaN,NaN,NaN,NaN,NaN,NaN,NaN,NaN,NaN,TS,NW,B,B,NaN,NaN,NaN,NaN,NaN,NaN,
1959091912,14w.1959,SARAH,STY,NN,48.5,143.0,35,NaN,263,13,263,13,NaN,NaN,NaN,NaN,NaN,NaN,NaN,NaN,NaN,NaN,TS,NW,B,B,NaN,NaN,0.25,NaN,NaN,NaN,
1959091918,14w.1959,SARAH,STY,NN,49.0,143.0,30,NaN,243,16,243,16,NaN,NaN,NaN,NaN,NaN,NaN,NaN,NaN,NaN,NaN,TD,NW,B,B,NaN,NaN,0.53,NaN,NaN,NaN,
1959092118,15w.1959,VERA,STY,NN,15.8,148.5,35,NaN,295,10,295,10,NaN,NaN,NaN,NaN,NaN,NaN,NaN,NaN,NaN,NaN,TS,NW,B,B,NaN,NaN,NaN,NaN,NaN,NaN,
1959092200,15w.1959,VERA,STY,NN,16.2,147.6,40,NaN,295,10,295,10,NaN,NaN,NaN,NaN,NaN,NaN,NaN,NaN,NaN,NaN,TS,NW,B,B,NaN,NaN,NaN,NaN,NaN,NaN,
1959092206,15w.1959,VERA,STY,NN,16.6,146.7,50,NaN,295,10,295,10,NaN,NaN,NaN,NaN,NaN,NaN,NaN,NaN,NaN,NaN,TS,NW,B,B,NaN,NaN,NaN,NaN,NaN,NaN,
1959092212,15w.1959,VERA,STY,NN,17.1,145.8,60,NaN,298,10,298,10,NaN,NaN,NaN,NaN,NaN,NaN,NaN,NaN,NaN,NaN,TS,NW,B,B,NaN,NaN,NaN,NaN,NaN,NaN,
1959092218,15w.1959,VERA,STY,NN,17.5,144.9,70,NaN,298,10,298,10,NaN,NaN,NaN,NaN,NaN,NaN,NaN,NaN,NaN,NaN,TY,NW,B,B,NaN,NaN,NaN,NaN,NaN,NaN,
1959092300,15w.1959,VERA,STY,NN,18.2,143.9,110,NaN,301,11,301,11,NaN,NaN,NaN,NaN,NaN,NaN,NaN,NaN,NaN,NaN,TY,NW,B,B,NaN,NaN,NaN,NaN,NaN,NaN,
1959092306,15w.1959,VERA,STY,NN,18.8,142.9,155,NaN,304,12,304,12,NaN,NaN,NaN,NaN,NaN,NaN,NaN,NaN,NaN,NaN,STY,NW,B,B,NaN,NaN,NaN,NaN,NaN,NaN,
1959092312,15w.1959,VERA,STY,NN,19.5,142.0,165,NaN,306,11,306,11,NaN,NaN,NaN,NaN,NaN,NaN,NaN,NaN,NaN,NaN,STY,NW,B,B,NaN,NaN,NaN,NaN,NaN,NaN,
1959092318,15w.1959,VERA,STY,NN,20.2,141.0,165,NaN,308,11,308,11,NaN,NaN,NaN,NaN,NaN,NaN,NaN,NaN,NaN,NaN,STY,NW,B,B,NaN,NaN,NaN,NaN,NaN,NaN,
1959092400,15w.1959,VERA,STY,NN,20.8,140.0,155,NaN,305,11,305,11,NaN,NaN,NaN,NaN,NaN,NaN,NaN,NaN,NaN,NaN,STY,NW,B,B,NaN,NaN,NaN,NaN,NaN,NaN,
1959092406,15w.1959,VERA,STY,NN,21.6,139.0,155,NaN,307,12,307,12,NaN,NaN,NaN,NaN,NaN,NaN,NaN,NaN,NaN,NaN,STY,NW,B,B,NaN,NaN,NaN,NaN,NaN,NaN,
1959092412,15w.1959,VERA,STY,NN,22.4,138.1,155,NaN,312,12,312,12,NaN,NaN,NaN,NaN,NaN,NaN,NaN,NaN,NaN,NaN,STY,NW,B,B,NaN,NaN,NaN,NaN,NaN,NaN,
1959092418,15w.1959,VERA,STY,NN,23.4,137.2,155,NaN,317,12,317,12,NaN,NaN,NaN,NaN,NaN,NaN,NaN,NaN,NaN,NaN,STY,NW,B,B,NaN,NaN,NaN,NaN,NaN,NaN,
1959092500,15w.1959,VERA,STY,NN,24.4,136.4,155,NaN,322,13,322,13,NaN,NaN,NaN,NaN,NaN,NaN,NaN,NaN,NaN,NaN,STY,NW,B,B,NaN,NaN,NaN,NaN,NaN,NaN,
1959092506,15w.1959,VERA,STY,NN,25.6,135.7,140,NaN,328,13,328,13,NaN,NaN,NaN,NaN,NaN,NaN,NaN,NaN,NaN,NaN,STY,NW,B,B,NaN,NaN,NaN,NaN,NaN,NaN,
1959092512,15w.1959,VERA,STY,NN,26.8,135.7,140,NaN,345,12,345,12,NaN,NaN,NaN,NaN,NaN,NaN,NaN,NaN,NaN,NaN,STY,NW,B,B,NaN,NaN,NaN,NaN,NaN,NaN,
1959092518,15w.1959,VERA,STY,NN,28.3,134.9,140,NaN,345,14,345,14,NaN,NaN,NaN,NaN,NaN,NaN,NaN,NaN,NaN,NaN,STY,NW,B,B,NaN,NaN,NaN,NaN,NaN,NaN,
1959092600,15w.1959,VERA,STY,NN,30.1,134.9,140,NaN,348,17,348,17,NaN,NaN,NaN,NaN,NaN,NaN,NaN,NaN,NaN,NaN,STY,NW,B,B,NaN,NaN,NaN,NaN,NaN,NaN,
1959092606,15w.1959,VERA,STY,NN,32.2,135.3,140,NaN,5,20,5,20,NaN,NaN,NaN,NaN,NaN,NaN,NaN,NaN,NaN,NaN,STY,NW,B,B,NaN,NaN,NaN,NaN,NaN,NaN,
1959092612,15w.1959,VERA,STY,NN,35.3,136.6,110,NaN,15,27,15,27,NaN,NaN,NaN,NaN,NaN,NaN,NaN,NaN,NaN,NaN,TY,NW,B,B,NaN,NaN,0.92,NaN,NaN,NaN,
1959092618,15w.1959,VERA,STY,NN,38.3,138.9,90,NaN,26,34,26,34,NaN,NaN,NaN,NaN,NaN,NaN,NaN,NaN,NaN,NaN,TY,NW,B,B,NaN,NaN,0.03,NaN,NaN,NaN,
1959092700,15w.1959,VERA,STY,NN,40.6,142.2,75,NaN,40,34,40,34,NaN,NaN,NaN,NaN,NaN,NaN,NaN,NaN,NaN,NaN,TY,NW,B,B,NaN,NaN,0.15,NaN,NaN,NaN,
1959092706,15w.1959,VERA,STY,NN,40.2,146.5,70,NaN,72,31,72,31,NaN,NaN,NaN,NaN,NaN,NaN,NaN,NaN,NaN,NaN,TY,NW,B,B,NaN,NaN,NaN,NaN,NaN,NaN,
1959092712,15w.1959,VERA,STY,NN,43.0,150.0,50,NaN,68,31,68,31,NaN,NaN,NaN,NaN,NaN,NaN,NaN,NaN,NaN,NaN,TS,NW,B,B,NaN,NaN,NaN,NaN,NaN,NaN,
1959092718,15w.1959,VERA,STY,NN,42.2,154.0,45,NaN,70,30,70,30,NaN,NaN,NaN,NaN,NaN,NaN,NaN,NaN,NaN,NaN,TS,NW,B,B,NaN,NaN,NaN,NaN,NaN,NaN,
1959092800,15w.1959,VERA,STY,NN,41.5,158.0,40,NaN,104,31,104,31,NaN,NaN,NaN,NaN,NaN,NaN,NaN,NaN,NaN,NaN,TS,NW,B,B,NaN,NaN,NaN,NaN,NaN,NaN,
1959092806,15w.1959,VERA,STY,NN,40.8,162.0,40,NaN,103,31,103,31,NaN,NaN,NaN,NaN,NaN,NaN,NaN,NaN,NaN,NaN,TS,NW,B,B,NaN,NaN,NaN,NaN,NaN,NaN,
1959092812,15w.1959,VERA,STY,NN,40.0,167.0,35,NaN,102,35,102,35,NaN,NaN,NaN,NaN,NaN,NaN,NaN,NaN,NaN,NaN,TS,NW,B,B,NaN,NaN,NaN,NaN,NaN,NaN,
1959100306,w16.1959,9X-W16,TY,NN,17.2,123.8,30,NaN,67,3,67,3,NaN,NaN,NaN,NaN,NaN,NaN,NaN,NaN,NaN,NaN,TD,NW,B,B,NaN,NaN,NaN,NaN,NaN,NaN,
1959100312,w16.1959,9X-W16,TY,NN,17.3,124.1,30,NaN,67,3,67,3,NaN,NaN,NaN,NaN,NaN,NaN,NaN,NaN,NaN,NaN,TD,NW,B,B,NaN,NaN,NaN,NaN,NaN,NaN,
1959100318,w16.1959,9X-W16,TY,NN,17.4,124.3,30,NaN,67,3,67,3,NaN,NaN,NaN,NaN,NaN,NaN,NaN,NaN,NaN,NaN,TD,NW,B,B,NaN,NaN,NaN,NaN,NaN,NaN,
1959100400,w16.1959,9X-W16,TY,NN,17.6,124.6,30,NaN,58,3,58,3,NaN,NaN,NaN,NaN,NaN,NaN,NaN,NaN,NaN,NaN,TD,NW,B,B,NaN,NaN,NaN,NaN,NaN,NaN,
1959100406,16w.1959,AMY,TY,NN,17.8,124.9,35,NaN,55,3,55,3,NaN,NaN,NaN,NaN,NaN,NaN,NaN,NaN,NaN,NaN,TS,NW,B,B,NaN,NaN,NaN,NaN,NaN,NaN,
1959100412,16w.1959,AMY,TY,NN,18.4,125.4,40,NaN,44,6,44,6,NaN,NaN,NaN,NaN,NaN,NaN,NaN,NaN,NaN,NaN,TS,NW,B,B,NaN,NaN,NaN,NaN,NaN,NaN,
1959100418,16w.1959,AMY,TY,NN,19.1,125.8,50,NaN,33,8,33,8,NaN,NaN,NaN,NaN,NaN,NaN,NaN,NaN,NaN,NaN,TS,NW,B,B,NaN,NaN,NaN,NaN,NaN,NaN,
1959100500,16w.1959,AMY,TY,NN,19.9,126.2,60,NaN,27,8,27,8,NaN,NaN,NaN,NaN,NaN,NaN,NaN,NaN,NaN,NaN,TS,NW,B,B,NaN,NaN,NaN,NaN,NaN,NaN,
1959100506,16w.1959,AMY,TY,NN,20.9,126.5,65,NaN,20,10,20,10,NaN,NaN,NaN,NaN,NaN,NaN,NaN,NaN,NaN,NaN,TY,NW,B,B,NaN,NaN,NaN,NaN,NaN,NaN,
1959100512,16w.1959,AMY,TY,NN,22.2,126.8,65,NaN,14,12,14,12,NaN,NaN,NaN,NaN,NaN,NaN,NaN,NaN,NaN,NaN,TY,NW,B,B,NaN,NaN,NaN,NaN,NaN,NaN,
1959100518,16w.1959,AMY,TY,NN,23.8,127.0,65,NaN,9,15,9,15,NaN,NaN,NaN,NaN,NaN,NaN,NaN,NaN,NaN,NaN,TY,NW,B,B,NaN,NaN,NaN,NaN,NaN,NaN,
1959100600,16w.1959,AMY,TY,NN,26.0,127.9,65,NaN,15,20,15,20,NaN,NaN,NaN,NaN,NaN,NaN,NaN,NaN,NaN,NaN,TY,NW,B,B,NaN,NaN,0.05,NaN,NaN,NaN,
1959100606,16w.1959,AMY,TY,NN,28.6,129.1,60,NaN,21,26,21,26,NaN,NaN,NaN,NaN,NaN,NaN,NaN,NaN,NaN,NaN,TS,NW,B,B,NaN,NaN,0.05,NaN,NaN,NaN,
1959100612,16w.1959,AMY,TY,NN,30.7,130.4,60,NaN,25,26,25,26,NaN,NaN,NaN,NaN,NaN,NaN,NaN,NaN,NaN,NaN,TS,NW,B,B,NaN,NaN,0.08,NaN,NaN,NaN,
1959100618,16w.1959,AMY,TY,NN,32.4,132.0,60,NaN,33,23,33,23,NaN,NaN,NaN,NaN,NaN,NaN,NaN,NaN,NaN,NaN,TS,NW,B,B,NaN,NaN,0.22,NaN,NaN,NaN,
1959100700,16w.1959,AMY,TY,NN,33.8,133.9,60,NaN,44,21,44,21,NaN,NaN,NaN,NaN,NaN,NaN,NaN,NaN,NaN,NaN,TS,NW,B,B,NaN,NaN,0.74,NaN,NaN,NaN,
1959100706,16w.1959,AMY,TY,NN,34.4,136.4,45,NaN,61,21,61,21,NaN,NaN,NaN,NaN,NaN,NaN,NaN,NaN,NaN,NaN,TS,NW,B,B,NaN,NaN,0.61,NaN,NaN,NaN,
1959100712,16w.1959,AMY,TY,NN,35.0,142.0,40,NaN,80,34,80,34,NaN,NaN,NaN,NaN,NaN,NaN,NaN,NaN,NaN,NaN,TS,NW,B,B,NaN,NaN,NaN,NaN,NaN,NaN,
1959100718,16w.1959,AMY,TY,NN,36.0,146.0,40,NaN,78,40,78,40,NaN,NaN,NaN,NaN,NaN,NaN,NaN,NaN,NaN,NaN,TS,NW,B,B,NaN,NaN,NaN,NaN,NaN,NaN,
1959100800,16w.1959,AMY,TY,NN,37.0,149.0,45,NaN,71,30,71,30,NaN,NaN,NaN,NaN,NaN,NaN,NaN,NaN,NaN,NaN,TS,NW,B,B,NaN,NaN,NaN,NaN,NaN,NaN,
1959100806,16w.1959,AMY,TY,NN,38.0,152.5,50,NaN,69,28,69,28,NaN,NaN,NaN,NaN,NaN,NaN,NaN,NaN,NaN,NaN,TS,NW,B,B,NaN,NaN,NaN,NaN,NaN,NaN,
1959100812,16w.1959,AMY,TY,NN,40.0,156.0,50,NaN,61,31,61,31,NaN,NaN,NaN,NaN,NaN,NaN,NaN,NaN,NaN,NaN,TS,NW,B,B,NaN,NaN,NaN,NaN,NaN,NaN,
1959100818,16w.1959,AMY,TY,NN,40.3,161.0,40,NaN,71,35,71,35,NaN,NaN,NaN,NaN,NaN,NaN,NaN,NaN,NaN,NaN,TS,NW,B,B,NaN,NaN,NaN,NaN,NaN,NaN,
1959100900,16w.1959,AMY,TY,NN,40.6,165.0,35,NaN,85,34,85,34,NaN,NaN,NaN,NaN,NaN,NaN,NaN,NaN,NaN,NaN,TS,NW,B,B,NaN,NaN,NaN,NaN,NaN,NaN,
1959100512,w17.1959,9X-W17,TS,NN,14.5,118.5,20,NaN,82,7,82,7,NaN,NaN,NaN,NaN,NaN,NaN,NaN,NaN,NaN,NaN,NT,NW,B,B,NaN,NaN,NaN,NaN,NaN,NaN,
1959100518,w17.1959,9X-W17,TS,NN,14.5,119.3,20,NaN,82,7,82,7,NaN,NaN,NaN,NaN,NaN,NaN,NaN,NaN,NaN,NaN,NT,NW,B,B,NaN,NaN,NaN,NaN,NaN,NaN,
1959100600,w17.1959,9X-W17,TS,NN,14.7,119.9,20,NaN,82,7,82,7,NaN,NaN,NaN,NaN,NaN,NaN,NaN,NaN,NaN,NaN,NT,NW,B,B,NaN,NaN,0.15,NaN,NaN,NaN,
1959100606,w17.1959,9X-W17,TS,NN,15.5,120.2,25,NaN,41,7,41,7,NaN,NaN,NaN,NaN,NaN,NaN,NaN,NaN,NaN,NaN,TD,NW,B,B,NaN,NaN,0.55,NaN,NaN,NaN,
1959100612,w17.1959,9X-W17,TS,NN,16.4,120.2,25,NaN,10,9,10,9,NaN,NaN,NaN,NaN,NaN,NaN,NaN,NaN,NaN,NaN,TD,NW,B,B,NaN,NaN,0.24,NaN,NaN,NaN,
1959100618,w17.1959,9X-W17,TS,NN,16.9,120.0,25,NaN,352,7,352,7,NaN,NaN,NaN,NaN,NaN,NaN,NaN,NaN,NaN,NaN,TD,NW,B,B,NaN,NaN,0.10,NaN,NaN,NaN,
1959100700,w17.1959,9X-W17,TS,NN,17.1,120.0,25,NaN,345,4,345,4,NaN,NaN,NaN,NaN,NaN,NaN,NaN,NaN,NaN,NaN,TD,NW,B,B,NaN,NaN,0.10,NaN,NaN,NaN,
1959100706,w17.1959,9X-W17,TS,NN,18.0,119.5,30,NaN,337,6,337,6,NaN,NaN,NaN,NaN,NaN,NaN,NaN,NaN,NaN,NaN,TD,NW,B,B,NaN,NaN,NaN,NaN,NaN,NaN,
1959100712,w17.1959,9X-W17,TS,NN,18.5,119.1,30,NaN,329,8,329,8,NaN,NaN,NaN,NaN,NaN,NaN,NaN,NaN,NaN,NaN,TD,NW,B,B,NaN,NaN,NaN,NaN,NaN,NaN,
1959100718,w17.1959,9X-W17,TS,NN,19.1,118.9,30,NaN,333,6,333,6,NaN,NaN,NaN,NaN,NaN,NaN,NaN,NaN,NaN,NaN,TD,NW,B,B,NaN,NaN,NaN,NaN,NaN,NaN,
1959100800,w17.1959,9X-W17,TS,NN,19.8,118.8,30,NaN,348,7,348,7,NaN,NaN,NaN,NaN,NaN,NaN,NaN,NaN,NaN,NaN,TD,NW,B,B,NaN,NaN,NaN,NaN,NaN,NaN,
1959100806,w17.1959,9X-W17,TS,NN,20.3,118.8,30,NaN,356,6,356,6,NaN,NaN,NaN,NaN,NaN,NaN,NaN,NaN,NaN,NaN,TD,NW,B,B,NaN,NaN,NaN,NaN,NaN,NaN,
1959100812,17w.1959,BABS,TS,NN,21.0,118.9,40,NaN,4,6,4,6,NaN,NaN,NaN,NaN,NaN,NaN,NaN,NaN,NaN,NaN,TS,NW,B,B,NaN,NaN,NaN,NaN,NaN,NaN,
1959100818,17w.1959,BABS,TS,NN,21.2,119.7,40,NaN,43,6,43,6,NaN,NaN,NaN,NaN,NaN,NaN,NaN,NaN,NaN,NaN,TS,NW,B,B,NaN,NaN,NaN,NaN,NaN,NaN,
1959100900,17w.1959,BABS,TS,NN,21.3,120.8,40,NaN,80,9,80,9,NaN,NaN,NaN,NaN,NaN,NaN,NaN,NaN,NaN,NaN,TS,NW,B,B,NaN,NaN,NaN,NaN,NaN,NaN,
1959100906,17w.1959,BABS,TS,NN,21.9,121.8,35,NaN,70,10,70,10,NaN,NaN,NaN,NaN,NaN,NaN,NaN,NaN,NaN,NaN,TS,NW,B,B,NaN,NaN,NaN,NaN,NaN,NaN,
1959100912,17w.1959,BABS,TS,NN,22.2,122.1,30,NaN,53,8,53,8,NaN,NaN,NaN,NaN,NaN,NaN,NaN,NaN,NaN,NaN,TD,NW,B,B,NaN,NaN,NaN,NaN,NaN,NaN,
1959100918,17w.1959,BABS,TS,NN,22.9,123.0,30,NaN,48,7,48,7,NaN,NaN,NaN,NaN,NaN,NaN,NaN,NaN,NaN,NaN,TD,NW,B,B,NaN,NaN,NaN,NaN,NaN,NaN,
1959101000,17w.1959,BABS,TS,NN,23.2,123.9,25,NaN,59,10,59,10,NaN,NaN,NaN,NaN,NaN,NaN,NaN,NaN,NaN,NaN,TD,NW,B,B,NaN,NaN,NaN,NaN,NaN,NaN,
1959100900,w18.1959,9X-W18,STY,NN,10.2,137.6,25,NaN,311,9,311,9,NaN,NaN,NaN,NaN,NaN,NaN,NaN,NaN,NaN,NaN,TD,NW,B,B,NaN,NaN,NaN,NaN,NaN,NaN,
1959100906,w18.1959,9X-W18,STY,NN,10.8,136.9,30,NaN,311,9,311,9,NaN,NaN,NaN,NaN,NaN,NaN,NaN,NaN,NaN,NaN,TD,NW,B,B,NaN,NaN,NaN,NaN,NaN,NaN,
1959100912,w18.1959,9X-W18,STY,NN,11.4,136.2,30,NaN,311,9,311,9,NaN,NaN,NaN,NaN,NaN,NaN,NaN,NaN,NaN,NaN,TD,NW,B,B,NaN,NaN,NaN,NaN,NaN,NaN,
1959100918,w18.1959,9X-W18,STY,NN,11.9,135.5,30,NaN,309,9,309,9,NaN,NaN,NaN,NaN,NaN,NaN,NaN,NaN,NaN,NaN,TD,NW,B,B,NaN,NaN,NaN,NaN,NaN,NaN,
1959101000,18w.1959,CHARLOTTE,STY,NN,12.5,134.8,35,NaN,309,9,309,9,NaN,NaN,NaN,NaN,NaN,NaN,NaN,NaN,NaN,NaN,TS,NW,B,B,NaN,NaN,NaN,NaN,NaN,NaN,
1959101006,18w.1959,CHARLOTTE,STY,NN,15.0,134.1,50,NaN,336,17,336,17,NaN,NaN,NaN,NaN,NaN,NaN,NaN,NaN,NaN,NaN,TS,NW,B,B,NaN,NaN,NaN,NaN,NaN,NaN,
1959101012,18w.1959,CHARLOTTE,STY,NN,15.4,133.6,60,NaN,338,16,338,16,NaN,NaN,NaN,NaN,NaN,NaN,NaN,NaN,NaN,NaN,TS,NW,B,B,NaN,NaN,NaN,NaN,NaN,NaN,
1959101018,18w.1959,CHARLOTTE,STY,NN,13.7,133.1,80,NaN,217,8,217,8,NaN,NaN,NaN,NaN,NaN,NaN,NaN,NaN,NaN,NaN,TY,NW,B,B,NaN,NaN,NaN,NaN,NaN,NaN,
1959101100,18w.1959,CHARLOTTE,STY,NN,14.2,132.2,80,NaN,228,9,228,9,NaN,NaN,NaN,NaN,NaN,NaN,NaN,NaN,NaN,NaN,TY,NW,B,B,NaN,NaN,NaN,NaN,NaN,NaN,
1959101106,18w.1959,CHARLOTTE,STY,NN,14.5,131.4,90,NaN,296,9,296,9,NaN,NaN,NaN,NaN,NaN,NaN,NaN,NaN,NaN,NaN,TY,NW,B,B,NaN,NaN,NaN,NaN,NaN,NaN,
1959101112,18w.1959,CHARLOTTE,STY,NN,14.9,130.6,90,NaN,294,8,294,8,NaN,NaN,NaN,NaN,NaN,NaN,NaN,NaN,NaN,NaN,TY,NW,B,B,NaN,NaN,NaN,NaN,NaN,NaN,
1959101118,18w.1959,CHARLOTTE,STY,NN,15.2,129.8,100,NaN,294,8,294,8,NaN,NaN,NaN,NaN,NaN,NaN,NaN,NaN,NaN,NaN,TY,NW,B,B,NaN,NaN,NaN,NaN,NaN,NaN,
1959101200,18w.1959,CHARLOTTE,STY,NN,15.6,128.9,110,NaN,293,9,293,9,NaN,NaN,NaN,NaN,NaN,NaN,NaN,NaN,NaN,NaN,TY,NW,B,B,NaN,NaN,NaN,NaN,NaN,NaN,
1959101206,18w.1959,CHARLOTTE,STY,NN,16.0,128.1,115,NaN,296,9,296,9,NaN,NaN,NaN,NaN,NaN,NaN,NaN,NaN,NaN,NaN,TY,NW,B,B,NaN,NaN,NaN,NaN,NaN,NaN,
1959101212,18w.1959,CHARLOTTE,STY,NN,16.5,127.3,120,NaN,300,9,300,9,NaN,NaN,NaN,NaN,NaN,NaN,NaN,NaN,NaN,NaN,TY,NW,B,B,NaN,NaN,NaN,NaN,NaN,NaN,
1959101218,18w.1959,CHARLOTTE,STY,NN,17.0,126.6,125,NaN,305,9,305,9,NaN,NaN,NaN,NaN,NaN,NaN,NaN,NaN,NaN,NaN,TY,NW,B,B,NaN,NaN,NaN,NaN,NaN,NaN,
1959101300,18w.1959,CHARLOTTE,STY,NN,17.7,125.9,130,NaN,312,9,312,9,NaN,NaN,NaN,NaN,NaN,NaN,NaN,NaN,NaN,NaN,STY,NW,B,B,NaN,NaN,NaN,NaN,NaN,NaN,
1959101306,18w.1959,CHARLOTTE,STY,NN,18.2,125.6,140,NaN,322,8,322,8,NaN,NaN,NaN,NaN,NaN,NaN,NaN,NaN,NaN,NaN,STY,NW,B,B,NaN,NaN,NaN,NaN,NaN,NaN,
1959101312,18w.1959,CHARLOTTE,STY,NN,18.7,125.3,145,NaN,330,6,330,6,NaN,NaN,NaN,NaN,NaN,NaN,NaN,NaN,NaN,NaN,STY,NW,B,B,NaN,NaN,NaN,NaN,NaN,NaN,
1959101318,18w.1959,CHARLOTTE,STY,NN,19.2,125.0,140,NaN,330,6,330,6,NaN,NaN,NaN,NaN,NaN,NaN,NaN,NaN,NaN,NaN,STY,NW,B,B,NaN,NaN,NaN,NaN,NaN,NaN,
1959101400,18w.1959,CHARLOTTE,STY,NN,19.5,124.9,140,NaN,335,4,335,4,NaN,NaN,NaN,NaN,NaN,NaN,NaN,NaN,NaN,NaN,STY,NW,B,B,NaN,NaN,NaN,NaN,NaN,NaN,
1959101406,18w.1959,CHARLOTTE,STY,NN,20.1,124.6,140,NaN,337,5,337,5,NaN,NaN,NaN,NaN,NaN,NaN,NaN,NaN,NaN,NaN,STY,NW,B,B,NaN,NaN,NaN,NaN,NaN,NaN,
1959101412,18w.1959,CHARLOTTE,STY,NN,20.7,124.3,140,NaN,335,7,335,7,NaN,NaN,NaN,NaN,NaN,NaN,NaN,NaN,NaN,NaN,STY,NW,B,B,NaN,NaN,NaN,NaN,NaN,NaN,
1959101418,18w.1959,CHARLOTTE,STY,NN,21.3,124.3,135,NaN,347,6,347,6,NaN,NaN,NaN,NaN,NaN,NaN,NaN,NaN,NaN,NaN,STY,NW,B,B,NaN,NaN,NaN,NaN,NaN,NaN,
1959101500,18w.1959,CHARLOTTE,STY,NN,21.7,124.4,130,NaN,5,5,5,5,NaN,NaN,NaN,NaN,NaN,NaN,NaN,NaN,NaN,NaN,STY,NW,B,B,NaN,NaN,NaN,NaN,NaN,NaN,
1959101506,18w.1959,CHARLOTTE,STY,NN,22.3,124.7,120,NaN,20,5,20,5,NaN,NaN,NaN,NaN,NaN,NaN,NaN,NaN,NaN,NaN,TY,NW,B,B,NaN,NaN,NaN,NaN,NaN,NaN,
1959101512,18w.1959,CHARLOTTE,STY,NN,23.0,125.1,115,NaN,26,7,26,7,NaN,NaN,NaN,NaN,NaN,NaN,NaN,NaN,NaN,NaN,TY,NW,B,B,NaN,NaN,NaN,NaN,NaN,NaN,
1959101518,18w.1959,CHARLOTTE,STY,NN,23.7,125.7,110,NaN,33,8,33,8,NaN,NaN,NaN,NaN,NaN,NaN,NaN,NaN,NaN,NaN,TY,NW,B,B,NaN,NaN,NaN,NaN,NaN,NaN,
1959101600,18w.1959,CHARLOTTE,STY,NN,24.5,126.5,100,NaN,41,10,41,10,NaN,NaN,NaN,NaN,NaN,NaN,NaN,NaN,NaN,NaN,TY,NW,B,B,NaN,NaN,NaN,NaN,NaN,NaN,
1959101606,18w.1959,CHARLOTTE,STY,NN,25.1,127.4,100,NaN,48,10,48,10,NaN,NaN,NaN,NaN,NaN,NaN,NaN,NaN,NaN,NaN,TY,NW,B,B,NaN,NaN,NaN,NaN,NaN,NaN,
1959101612,18w.1959,CHARLOTTE,STY,NN,25.6,128.2,90,NaN,54,9,54,9,NaN,NaN,NaN,NaN,NaN,NaN,NaN,NaN,NaN,NaN,TY,NW,B,B,NaN,NaN,NaN,NaN,NaN,NaN,
1959101618,18w.1959,CHARLOTTE,STY,NN,26.2,128.8,90,NaN,49,8,49,8,NaN,NaN,NaN,NaN,NaN,NaN,NaN,NaN,NaN,NaN,TY,NW,B,B,NaN,NaN,NaN,NaN,NaN,NaN,
1959101700,18w.1959,CHARLOTTE,STY,NN,26.5,129.5,90,NaN,52,7,52,7,NaN,NaN,NaN,NaN,NaN,NaN,NaN,NaN,NaN,NaN,TY,NW,B,B,NaN,NaN,NaN,NaN,NaN,NaN,
1959101706,18w.1959,CHARLOTTE,STY,NN,27.0,130.1,80,NaN,55,7,55,7,NaN,NaN,NaN,NaN,NaN,NaN,NaN,NaN,NaN,NaN,TY,NW,B,B,NaN,NaN,NaN,NaN,NaN,NaN,
1959101712,18w.1959,CHARLOTTE,STY,NN,27.4,130.7,80,NaN,50,7,50,7,NaN,NaN,NaN,NaN,NaN,NaN,NaN,NaN,NaN,NaN,TY,NW,B,B,NaN,NaN,NaN,NaN,NaN,NaN,
1959101718,18w.1959,CHARLOTTE,STY,NN,27.8,131.4,75,NaN,55,7,55,7,NaN,NaN,NaN,NaN,NaN,NaN,NaN,NaN,NaN,NaN,TY,NW,B,B,NaN,NaN,NaN,NaN,NaN,NaN,
1959101800,18w.1959,CHARLOTTE,STY,NN,28.7,132.7,80,NaN,54,11,54,11,NaN,NaN,NaN,NaN,NaN,NaN,NaN,NaN,NaN,NaN,TY,NW,B,B,NaN,NaN,NaN,NaN,NaN,NaN,
1959101806,18w.1959,CHARLOTTE,STY,NN,30.0,134.6,75,NaN,52,18,52,18,NaN,NaN,NaN,NaN,NaN,NaN,NaN,NaN,NaN,NaN,TY,NW,B,B,NaN,NaN,NaN,NaN,NaN,NaN,
1959101812,18w.1959,CHARLOTTE,STY,NN,31.2,136.4,70,NaN,52,20,52,20,NaN,NaN,NaN,NaN,NaN,NaN,NaN,NaN,NaN,NaN,TY,NW,B,B,NaN,NaN,NaN,NaN,NaN,NaN,
1959101818,18w.1959,CHARLOTTE,STY,NN,32.8,139.3,60,NaN,55,24,55,24,NaN,NaN,NaN,NaN,NaN,NaN,NaN,NaN,NaN,NaN,TS,NW,B,B,NaN,NaN,NaN,NaN,NaN,NaN,
1959101900,18w.1959,CHARLOTTE,STY,NN,34.8,142.8,60,NaN,56,32,56,32,NaN,NaN,NaN,NaN,NaN,NaN,NaN,NaN,NaN,NaN,TS,NW,B,B,NaN,NaN,NaN,NaN,NaN,NaN,
1959101906,18w.1959,CHARLOTTE,STY,NN,34.7,144.6,50,NaN,67,24,67,24,NaN,NaN,NaN,NaN,NaN,NaN,NaN,NaN,NaN,NaN,TS,NW,B,B,NaN,NaN,NaN,NaN,NaN,NaN,
1959101912,18w.1959,CHARLOTTE,STY,NN,34.5,147.0,40,NaN,95,17,95,17,NaN,NaN,NaN,NaN,NaN,NaN,NaN,NaN,NaN,NaN,TS,NW,B,B,NaN,NaN,NaN,NaN,NaN,NaN,
1959101918,18w.1959,CHARLOTTE,STY,NN,35.0,152.0,30,NaN,87,30,87,30,NaN,NaN,NaN,NaN,NaN,NaN,NaN,NaN,NaN,NaN,TD,NW,B,B,NaN,NaN,NaN,NaN,NaN,NaN,
1959101418,19w.1959,DINAH,STY,NN,9.7,155.1,40,NaN,275,12,275,12,NaN,NaN,NaN,NaN,NaN,NaN,NaN,NaN,NaN,NaN,TS,NW,B,B,NaN,NaN,NaN,NaN,NaN,NaN,
1959101500,19w.1959,DINAH,STY,NN,9.8,154.0,40,NaN,275,12,275,12,NaN,NaN,NaN,NaN,NaN,NaN,NaN,NaN,NaN,NaN,TS,NW,B,B,NaN,NaN,NaN,NaN,NaN,NaN,
1959101506,19w.1959,DINAH,STY,NN,9.9,152.7,50,NaN,275,12,275,12,NaN,NaN,NaN,NaN,NaN,NaN,NaN,NaN,NaN,NaN,TS,NW,B,B,NaN,NaN,NaN,NaN,NaN,NaN,
1959101512,19w.1959,DINAH,STY,NN,10.0,151.2,60,NaN,274,14,274,14,NaN,NaN,NaN,NaN,NaN,NaN,NaN,NaN,NaN,NaN,TS,NW,B,B,NaN,NaN,NaN,NaN,NaN,NaN,
1959101518,19w.1959,DINAH,STY,NN,10.1,149.6,80,NaN,274,15,274,15,NaN,NaN,NaN,NaN,NaN,NaN,NaN,NaN,NaN,NaN,TY,NW,B,B,NaN,NaN,NaN,NaN,NaN,NaN,
1959101600,19w.1959,DINAH,STY,NN,10.5,147.9,110,NaN,279,16,279,16,NaN,NaN,NaN,NaN,NaN,NaN,NaN,NaN,NaN,NaN,TY,NW,B,B,NaN,NaN,NaN,NaN,NaN,NaN,
1959101606,19w.1959,DINAH,STY,NN,11.0,145.9,125,NaN,284,19,284,19,NaN,NaN,NaN,NaN,NaN,NaN,NaN,NaN,NaN,NaN,TY,NW,B,B,NaN,NaN,NaN,NaN,NaN,NaN,
1959101612,19w.1959,DINAH,STY,NN,11.7,143.9,125,NaN,287,21,287,21,NaN,NaN,NaN,NaN,NaN,NaN,NaN,NaN,NaN,NaN,TY,NW,B,B,NaN,NaN,NaN,NaN,NaN,NaN,
1959101618,19w.1959,DINAH,STY,NN,12.3,141.8,125,NaN,288,21,288,21,NaN,NaN,NaN,NaN,NaN,NaN,NaN,NaN,NaN,NaN,TY,NW,B,B,NaN,NaN,NaN,NaN,NaN,NaN,
1959101700,19w.1959,DINAH,STY,NN,12.8,140.1,130,NaN,287,19,287,19,NaN,NaN,NaN,NaN,NaN,NaN,NaN,NaN,NaN,NaN,STY,NW,B,B,NaN,NaN,NaN,NaN,NaN,NaN,
1959101706,19w.1959,DINAH,STY,NN,13.3,138.6,140,NaN,288,16,288,16,NaN,NaN,NaN,NaN,NaN,NaN,NaN,NaN,NaN,NaN,STY,NW,B,B,NaN,NaN,NaN,NaN,NaN,NaN,
1959101712,19w.1959,DINAH,STY,NN,13.7,137.2,150,NaN,288,15,288,15,NaN,NaN,NaN,NaN,NaN,NaN,NaN,NaN,NaN,NaN,STY,NW,B,B,NaN,NaN,NaN,NaN,NaN,NaN,
1959101718,19w.1959,DINAH,STY,NN,14.2,136.2,150,NaN,291,12,291,12,NaN,NaN,NaN,NaN,NaN,NaN,NaN,NaN,NaN,NaN,STY,NW,B,B,NaN,NaN,NaN,NaN,NaN,NaN,
1959101800,19w.1959,DINAH,STY,NN,14.7,135.5,145,NaN,301,10,301,10,NaN,NaN,NaN,NaN,NaN,NaN,NaN,NaN,NaN,NaN,STY,NW,B,B,NaN,NaN,NaN,NaN,NaN,NaN,
1959101806,19w.1959,DINAH,STY,NN,15.4,135.1,140,NaN,318,8,318,8,NaN,NaN,NaN,NaN,NaN,NaN,NaN,NaN,NaN,NaN,STY,NW,B,B,NaN,NaN,NaN,NaN,NaN,NaN,
1959101812,19w.1959,DINAH,STY,NN,16.2,134.9,140,NaN,339,8,339,8,NaN,NaN,NaN,NaN,NaN,NaN,NaN,NaN,NaN,NaN,STY,NW,B,B,NaN,NaN,NaN,NaN,NaN,NaN,
1959101818,19w.1959,DINAH,STY,NN,17.0,134.8,140,NaN,350,8,350,8,NaN,NaN,NaN,NaN,NaN,NaN,NaN,NaN,NaN,NaN,STY,NW,B,B,NaN,NaN,NaN,NaN,NaN,NaN,
1959101900,19w.1959,DINAH,STY,NN,17.8,134.7,145,NaN,353,8,353,8,NaN,NaN,NaN,NaN,NaN,NaN,NaN,NaN,NaN,NaN,STY,NW,B,B,NaN,NaN,NaN,NaN,NaN,NaN,
1959101906,19w.1959,DINAH,STY,NN,18.8,134.8,150,NaN,360,9,360,9,NaN,NaN,NaN,NaN,NaN,NaN,NaN,NaN,NaN,NaN,STY,NW,B,B,NaN,NaN,NaN,NaN,NaN,NaN,
1959101912,19w.1959,DINAH,STY,NN,19.8,134.9,150,NaN,5,10,5,10,NaN,NaN,NaN,NaN,NaN,NaN,NaN,NaN,NaN,NaN,STY,NW,B,B,NaN,NaN,NaN,NaN,NaN,NaN,
1959101918,19w.1959,DINAH,STY,NN,20.8,135.1,150,NaN,8,10,8,10,NaN,NaN,NaN,NaN,NaN,NaN,NaN,NaN,NaN,NaN,STY,NW,B,B,NaN,NaN,NaN,NaN,NaN,NaN,
1959102000,19w.1959,DINAH,STY,NN,22.1,135.2,150,NaN,7,12,7,12,NaN,NaN,NaN,NaN,NaN,NaN,NaN,NaN,NaN,NaN,STY,NW,B,B,NaN,NaN,NaN,NaN,NaN,NaN,
1959102006,19w.1959,DINAH,STY,NN,23.6,135.2,150,NaN,2,14,2,14,NaN,NaN,NaN,NaN,NaN,NaN,NaN,NaN,NaN,NaN,STY,NW,B,B,NaN,NaN,NaN,NaN,NaN,NaN,
1959102012,19w.1959,DINAH,STY,NN,25.3,135.3,150,NaN,2,16,2,16,NaN,NaN,NaN,NaN,NaN,NaN,NaN,NaN,NaN,NaN,STY,NW,B,B,NaN,NaN,NaN,NaN,NaN,NaN,
1959102018,19w.1959,DINAH,STY,NN,27.1,136.3,145,NaN,16,18,16,18,NaN,NaN,NaN,NaN,NaN,NaN,NaN,NaN,NaN,NaN,STY,NW,B,B,NaN,NaN,NaN,NaN,NaN,NaN,
1959102100,19w.1959,DINAH,STY,NN,29.0,138.2,135,NaN,35,23,35,23,NaN,NaN,NaN,NaN,NaN,NaN,NaN,NaN,NaN,NaN,STY,NW,B,B,NaN,NaN,NaN,NaN,NaN,NaN,
1959102106,19w.1959,DINAH,STY,NN,30.7,140.1,120,NaN,43,25,43,25,NaN,NaN,NaN,NaN,NaN,NaN,NaN,NaN,NaN,NaN,TY,NW,B,B,NaN,NaN,NaN,NaN,NaN,NaN,
1959102112,19w.1959,DINAH,STY,NN,32.7,142.5,95,NaN,45,26,45,26,NaN,NaN,NaN,NaN,NaN,NaN,NaN,NaN,NaN,NaN,TY,NW,B,B,NaN,NaN,NaN,NaN,NaN,NaN,
1959102118,19w.1959,DINAH,STY,NN,34.8,144.8,80,NaN,44,28,44,28,NaN,NaN,NaN,NaN,NaN,NaN,NaN,NaN,NaN,NaN,TY,NW,B,B,NaN,NaN,NaN,NaN,NaN,NaN,
1959102200,19w.1959,DINAH,STY,NN,36.2,147.5,40,NaN,50,27,50,27,NaN,NaN,NaN,NaN,NaN,NaN,NaN,NaN,NaN,NaN,TS,NW,B,B,NaN,NaN,NaN,NaN,NaN,NaN,
1959102206,19w.1959,DINAH,STY,NN,37.0,153.0,45,NaN,72,35,72,35,NaN,NaN,NaN,NaN,NaN,NaN,NaN,NaN,NaN,NaN,TS,NW,B,B,NaN,NaN,NaN,NaN,NaN,NaN,
1959102212,19w.1959,DINAH,STY,NN,38.5,158.0,50,NaN,75,43,75,43,NaN,NaN,NaN,NaN,NaN,NaN,NaN,NaN,NaN,NaN,TS,NW,B,B,NaN,NaN,NaN,NaN,NaN,NaN,
1959102218,19w.1959,DINAH,STY,NN,40.0,161.2,50,NaN,65,35,65,35,NaN,NaN,NaN,NaN,NaN,NaN,NaN,NaN,NaN,NaN,TS,NW,B,B,NaN,NaN,NaN,NaN,NaN,NaN,
1959102300,19w.1959,DINAH,STY,NN,42.0,164.0,50,NaN,53,29,53,29,NaN,NaN,NaN,NaN,NaN,NaN,NaN,NaN,NaN,NaN,TS,NW,B,B,NaN,NaN,NaN,NaN,NaN,NaN,
1959102306,19w.1959,DINAH,STY,NN,43.0,167.0,50,NaN,55,26,55,26,NaN,NaN,NaN,NaN,NaN,NaN,NaN,NaN,NaN,NaN,TS,NW,B,B,NaN,NaN,NaN,NaN,NaN,NaN,
1959102312,19w.1959,DINAH,STY,NN,44.0,170.0,50,NaN,65,24,65,24,NaN,NaN,NaN,NaN,NaN,NaN,NaN,NaN,NaN,NaN,TS,NW,B,B,NaN,NaN,NaN,NaN,NaN,NaN,
1959102318,19w.1959,DINAH,STY,NN,44.5,174.5,50,NaN,75,28,75,28,NaN,NaN,NaN,NaN,NaN,NaN,NaN,NaN,NaN,NaN,TS,NW,B,B,NaN,NaN,NaN,NaN,NaN,NaN,
1959102400,19w.1959,DINAH,STY,NN,45.0,182.0,50,NaN,83,43,83,43,NaN,NaN,NaN,NaN,NaN,NaN,NaN,NaN,NaN,NaN,TS,NW,B,B,NaN,NaN,NaN,NaN,NaN,NaN,
1959102406,19w.1959,DINAH,STY,NN,45.2,186.5,50,NaN,85,43,85,43,NaN,NaN,NaN,NaN,NaN,NaN,NaN,NaN,NaN,NaN,TS,NW,B,B,NaN,NaN,NaN,NaN,NaN,NaN,
1959102412,19w.1959,DINAH,STY,NN,45.5,191.5,50,NaN,86,34,86,34,NaN,NaN,NaN,NaN,NaN,NaN,NaN,NaN,NaN,NaN,TS,NW,B,B,NaN,NaN,NaN,NaN,NaN,NaN,
1959102418,19w.1959,DINAH,STY,NN,46.0,194.0,45,NaN,81,27,81,27,NaN,NaN,NaN,NaN,NaN,NaN,NaN,NaN,NaN,NaN,TS,NW,B,B,NaN,NaN,NaN,NaN,NaN,NaN,
1959102500,19w.1959,DINAH,STY,NN,47.0,197.0,40,NaN,68,20,68,20,NaN,NaN,NaN,NaN,NaN,NaN,NaN,NaN,NaN,NaN,TS,NW,B,B,NaN,NaN,NaN,NaN,NaN,NaN,
1959102506,19w.1959,DINAH,STY,NN,47.5,200.0,35,NaN,70,22,70,22,NaN,NaN,NaN,NaN,NaN,NaN,NaN,NaN,NaN,NaN,TS,NW,B,B,NaN,NaN,NaN,NaN,NaN,NaN,
1959102512,19w.1959,DINAH,STY,NN,48.0,203.0,30,NaN,76,21,76,21,NaN,NaN,NaN,NaN,NaN,NaN,NaN,NaN,NaN,NaN,TD,NW,B,B,NaN,NaN,NaN,NaN,NaN,NaN,
1959110506,w20.1959,9X-W20,TY,NN,11.8,148.2,25,NaN,287,9,287,9,NaN,NaN,NaN,NaN,NaN,NaN,NaN,NaN,NaN,NaN,TD,NW,B,B,NaN,NaN,NaN,NaN,NaN,NaN,
1959110512,w20.1959,9X-W20,TY,NN,12.0,147.3,25,NaN,287,9,287,9,NaN,NaN,NaN,NaN,NaN,NaN,NaN,NaN,NaN,NaN,TD,NW,B,B,NaN,NaN,NaN,NaN,NaN,NaN,
1959110518,w20.1959,9X-W20,TY,NN,12.3,146.5,25,NaN,287,9,287,9,NaN,NaN,NaN,NaN,NaN,NaN,NaN,NaN,NaN,NaN,TD,NW,B,B,NaN,NaN,NaN,NaN,NaN,NaN,
1959110600,w20.1959,9X-W20,TY,NN,12.7,145.6,30,NaN,293,9,293,9,NaN,NaN,NaN,NaN,NaN,NaN,NaN,NaN,NaN,NaN,TD,NW,B,B,NaN,NaN,NaN,NaN,NaN,NaN,
1959110606,w20.1959,9X-W20,TY,NN,12.9,144.7,30,NaN,289,9,289,9,NaN,NaN,NaN,NaN,NaN,NaN,NaN,NaN,NaN,NaN,TD,NW,B,B,NaN,NaN,0.03,NaN,NaN,NaN,
1959110612,w20.1959,9X-W20,TY,NN,13.2,143.7,30,NaN,285,10,285,10,NaN,NaN,NaN,NaN,NaN,NaN,NaN,NaN,NaN,NaN,TD,NW,B,B,NaN,NaN,NaN,NaN,NaN,NaN,
1959110618,20w.1959,EMMA,TY,NN,13.4,142.6,45,NaN,284,11,284,11,NaN,NaN,NaN,NaN,NaN,NaN,NaN,NaN,NaN,NaN,TS,NW,B,B,NaN,NaN,NaN,NaN,NaN,NaN,
1959110700,20w.1959,EMMA,TY,NN,13.6,141.3,45,NaN,280,12,280,12,NaN,NaN,NaN,NaN,NaN,NaN,NaN,NaN,NaN,NaN,TS,NW,B,B,NaN,NaN,NaN,NaN,NaN,NaN,
1959110706,20w.1959,EMMA,TY,NN,13.7,140.0,45,NaN,277,13,277,13,NaN,NaN,NaN,NaN,NaN,NaN,NaN,NaN,NaN,NaN,TS,NW,B,B,NaN,NaN,NaN,NaN,NaN,NaN,
1959110712,20w.1959,EMMA,TY,NN,13.9,138.9,45,NaN,277,12,277,12,NaN,NaN,NaN,NaN,NaN,NaN,NaN,NaN,NaN,NaN,TS,NW,B,B,NaN,NaN,NaN,NaN,NaN,NaN,
1959110718,20w.1959,EMMA,TY,NN,14.2,138.2,50,NaN,286,9,286,9,NaN,NaN,NaN,NaN,NaN,NaN,NaN,NaN,NaN,NaN,TS,NW,B,B,NaN,NaN,NaN,NaN,NaN,NaN,
1959110800,20w.1959,EMMA,TY,NN,14.5,137.8,50,NaN,299,6,299,6,NaN,NaN,NaN,NaN,NaN,NaN,NaN,NaN,NaN,NaN,TS,NW,B,B,NaN,NaN,NaN,NaN,NaN,NaN,
1959110806,20w.1959,EMMA,TY,NN,14.7,137.6,50,NaN,311,4,311,4,NaN,NaN,NaN,NaN,NaN,NaN,NaN,NaN,NaN,NaN,TS,NW,B,B,NaN,NaN,NaN,NaN,NaN,NaN,
1959110812,20w.1959,EMMA,TY,NN,15.1,136.6,50,NaN,297,7,297,7,NaN,NaN,NaN,NaN,NaN,NaN,NaN,NaN,NaN,NaN,TS,NW,B,B,NaN,NaN,NaN,NaN,NaN,NaN,
1959110818,20w.1959,EMMA,TY,NN,15.3,135.2,50,NaN,285,12,285,12,NaN,NaN,NaN,NaN,NaN,NaN,NaN,NaN,NaN,NaN,TS,NW,B,B,NaN,NaN,NaN,NaN,NaN,NaN,
1959110900,20w.1959,EMMA,TY,NN,15.5,133.9,50,NaN,279,13,279,13,NaN,NaN,NaN,NaN,NaN,NaN,NaN,NaN,NaN,NaN,TS,NW,B,B,NaN,NaN,NaN,NaN,NaN,NaN,
1959110906,20w.1959,EMMA,TY,NN,15.5,132.5,50,NaN,274,13,274,13,NaN,NaN,NaN,NaN,NaN,NaN,NaN,NaN,NaN,NaN,TS,NW,B,B,NaN,NaN,NaN,NaN,NaN,NaN,
1959110912,20w.1959,EMMA,TY,NN,15.6,131.3,55,NaN,272,13,272,13,NaN,NaN,NaN,NaN,NaN,NaN,NaN,NaN,NaN,NaN,TS,NW,B,B,NaN,NaN,NaN,NaN,NaN,NaN,
1959110918,20w.1959,EMMA,TY,NN,15.7,130.3,60,NaN,275,11,275,11,NaN,NaN,NaN,NaN,NaN,NaN,NaN,NaN,NaN,NaN,TS,NW,B,B,NaN,NaN,NaN,NaN,NaN,NaN,
1959111000,20w.1959,EMMA,TY,NN,15.8,129.2,60,NaN,276,10,276,10,NaN,NaN,NaN,NaN,NaN,NaN,NaN,NaN,NaN,NaN,TS,NW,B,B,NaN,NaN,NaN,NaN,NaN,NaN,
1959111006,20w.1959,EMMA,TY,NN,16.1,128.3,60,NaN,282,10,282,10,NaN,NaN,NaN,NaN,NaN,NaN,NaN,NaN,NaN,NaN,TS,NW,B,B,NaN,NaN,NaN,NaN,NaN,NaN,
1959111012,20w.1959,EMMA,TY,NN,16.6,127.4,60,NaN,295,10,295,10,NaN,NaN,NaN,NaN,NaN,NaN,NaN,NaN,NaN,NaN,TS,NW,B,B,NaN,NaN,NaN,NaN,NaN,NaN,
1959111018,20w.1959,EMMA,TY,NN,17.2,126.4,60,NaN,301,11,301,11,NaN,NaN,NaN,NaN,NaN,NaN,NaN,NaN,NaN,NaN,TS,NW,B,B,NaN,NaN,NaN,NaN,NaN,NaN,
1959111100,20w.1959,EMMA,TY,NN,18.0,125.5,65,NaN,308,11,308,11,NaN,NaN,NaN,NaN,NaN,NaN,NaN,NaN,NaN,NaN,TY,NW,B,B,NaN,NaN,NaN,NaN,NaN,NaN,
1959111106,20w.1959,EMMA,TY,NN,19.0,124.9,65,NaN,322,11,322,11,NaN,NaN,NaN,NaN,NaN,NaN,NaN,NaN,NaN,NaN,TY,NW,B,B,NaN,NaN,NaN,NaN,NaN,NaN,
1959111112,20w.1959,EMMA,TY,NN,20.2,124.4,65,NaN,335,12,335,12,NaN,NaN,NaN,NaN,NaN,NaN,NaN,NaN,NaN,NaN,TY,NW,B,B,NaN,NaN,NaN,NaN,NaN,NaN,
1959111118,20w.1959,EMMA,TY,NN,21.2,124.2,110,NaN,343,11,343,11,NaN,NaN,NaN,NaN,NaN,NaN,NaN,NaN,NaN,NaN,TY,NW,B,B,NaN,NaN,NaN,NaN,NaN,NaN,
1959111200,20w.1959,EMMA,TY,NN,22.2,124.2,110,NaN,355,10,355,10,NaN,NaN,NaN,NaN,NaN,NaN,NaN,NaN,NaN,NaN,TY,NW,B,B,NaN,NaN,NaN,NaN,NaN,NaN,
1959111206,20w.1959,EMMA,TY,NN,23.3,124.8,110,NaN,15,11,15,11,NaN,NaN,NaN,NaN,NaN,NaN,NaN,NaN,NaN,NaN,TY,NW,B,B,NaN,NaN,NaN,NaN,NaN,NaN,
1959111212,20w.1959,EMMA,TY,NN,24.3,126.2,90,NaN,41,14,41,14,NaN,NaN,NaN,NaN,NaN,NaN,NaN,NaN,NaN,NaN,TY,NW,B,B,NaN,NaN,NaN,NaN,NaN,NaN,
1959111218,20w.1959,EMMA,TY,NN,25.7,128.2,90,NaN,52,20,52,20,NaN,NaN,NaN,NaN,NaN,NaN,NaN,NaN,NaN,NaN,TY,NW,B,B,NaN,NaN,NaN,NaN,NaN,NaN,
1959111300,20w.1959,EMMA,TY,NN,26.8,130.5,90,NaN,57,23,57,23,NaN,NaN,NaN,NaN,NaN,NaN,NaN,NaN,NaN,NaN,TY,NW,B,B,NaN,NaN,NaN,NaN,NaN,NaN,
1959111306,20w.1959,EMMA,TY,NN,27.7,133.3,80,NaN,66,25,66,25,NaN,NaN,NaN,NaN,NaN,NaN,NaN,NaN,NaN,NaN,TY,NW,B,B,NaN,NaN,NaN,NaN,NaN,NaN,
1959111312,20w.1959,EMMA,TY,NN,28.4,136.3,70,NaN,73,27,73,27,NaN,NaN,NaN,NaN,NaN,NaN,NaN,NaN,NaN,NaN,TY,NW,B,B,NaN,NaN,NaN,NaN,NaN,NaN,
1959111318,20w.1959,EMMA,TY,NN,29.4,140.3,65,NaN,75,32,75,32,NaN,NaN,NaN,NaN,NaN,NaN,NaN,NaN,NaN,NaN,TY,NW,B,B,NaN,NaN,NaN,NaN,NaN,NaN,
1959111400,20w.1959,EMMA,TY,NN,29.0,141.5,55,NaN,83,23,83,23,NaN,NaN,NaN,NaN,NaN,NaN,NaN,NaN,NaN,NaN,TS,NW,B,B,NaN,NaN,NaN,NaN,NaN,NaN,
1959111406,20w.1959,EMMA,TY,NN,28.8,143.0,45,NaN,104,12,104,12,NaN,NaN,NaN,NaN,NaN,NaN,NaN,NaN,NaN,NaN,TS,NW,B,B,NaN,NaN,NaN,NaN,NaN,NaN,
1959111412,20w.1959,EMMA,TY,NN,27.5,146.5,40,NaN,109,23,109,23,NaN,NaN,NaN,NaN,NaN,NaN,NaN,NaN,NaN,NaN,TS,NW,B,B,NaN,NaN,NaN,NaN,NaN,NaN,
1959111418,20w.1959,EMMA,TY,NN,28.0,150.5,35,NaN,97,33,97,33,NaN,NaN,NaN,NaN,NaN,NaN,NaN,NaN,NaN,NaN,TS,NW,B,B,NaN,NaN,NaN,NaN,NaN,NaN,
1959111500,20w.1959,EMMA,TY,NN,28.5,153.5,30,NaN,81,31,81,31,NaN,NaN,NaN,NaN,NaN,NaN,NaN,NaN,NaN,NaN,TD,NW,B,B,NaN,NaN,NaN,NaN,NaN,NaN,
1959111300,21w.1959,FREDA,TY,NN,9.1,137.5,60,NaN,280,15,280,15,NaN,NaN,NaN,NaN,NaN,NaN,NaN,NaN,NaN,NaN,TS,NW,B,B,NaN,NaN,NaN,NaN,NaN,NaN,
1959111306,21w.1959,FREDA,TY,NN,9.4,136.1,60,NaN,280,15,280,15,NaN,NaN,NaN,NaN,NaN,NaN,NaN,NaN,NaN,NaN,TS,NW,B,B,NaN,NaN,NaN,NaN,NaN,NaN,
1959111312,21w.1959,FREDA,TY,NN,9.6,134.6,60,NaN,280,15,280,15,NaN,NaN,NaN,NaN,NaN,NaN,NaN,NaN,NaN,NaN,TS,NW,B,B,NaN,NaN,NaN,NaN,NaN,NaN,
1959111318,21w.1959,FREDA,TY,NN,9.7,133.4,60,NaN,276,13,276,13,NaN,NaN,NaN,NaN,NaN,NaN,NaN,NaN,NaN,NaN,TS,NW,B,B,NaN,NaN,NaN,NaN,NaN,NaN,
1959111400,21w.1959,FREDA,TY,NN,9.8,132.4,60,NaN,275,11,275,11,NaN,NaN,NaN,NaN,NaN,NaN,NaN,NaN,NaN,NaN,TS,NW,B,B,NaN,NaN,NaN,NaN,NaN,NaN,
1959111406,21w.1959,FREDA,TY,NN,10.0,131.5,60,NaN,279,9,279,9,NaN,NaN,NaN,NaN,NaN,NaN,NaN,NaN,NaN,NaN,TS,NW,B,B,NaN,NaN,NaN,NaN,NaN,NaN,
1959111412,21w.1959,FREDA,TY,NN,10.2,130.6,70,NaN,283,9,283,9,NaN,NaN,NaN,NaN,NaN,NaN,NaN,NaN,NaN,NaN,TY,NW,B,B,NaN,NaN,NaN,NaN,NaN,NaN,
1959111418,21w.1959,FREDA,TY,NN,10.6,129.6,70,NaN,288,10,288,10,NaN,NaN,NaN,NaN,NaN,NaN,NaN,NaN,NaN,NaN,TY,NW,B,B,NaN,NaN,NaN,NaN,NaN,NaN,
1959111500,21w.1959,FREDA,TY,NN,11.0,128.7,80,NaN,293,10,293,10,NaN,NaN,NaN,NaN,NaN,NaN,NaN,NaN,NaN,NaN,TY,NW,B,B,NaN,NaN,NaN,NaN,NaN,NaN,
1959111506,21w.1959,FREDA,TY,NN,11.6,127.7,80,NaN,298,11,298,11,NaN,NaN,NaN,NaN,NaN,NaN,NaN,NaN,NaN,NaN,TY,NW,B,B,NaN,NaN,NaN,NaN,NaN,NaN,
1959111512,21w.1959,FREDA,TY,NN,12.1,126.7,85,NaN,299,11,299,11,NaN,NaN,NaN,NaN,NaN,NaN,NaN,NaN,NaN,NaN,TY,NW,B,B,NaN,NaN,NaN,NaN,NaN,NaN,
1959111518,21w.1959,FREDA,TY,NN,12.7,125.8,90,NaN,301,11,301,11,NaN,NaN,NaN,NaN,NaN,NaN,NaN,NaN,NaN,NaN,TY,NW,B,B,NaN,NaN,NaN,NaN,NaN,NaN,
1959111600,21w.1959,FREDA,TY,NN,13.3,124.8,95,NaN,303,11,303,11,NaN,NaN,NaN,NaN,NaN,NaN,NaN,NaN,NaN,NaN,TY,NW,B,B,NaN,NaN,NaN,NaN,NaN,NaN,
1959111606,21w.1959,FREDA,TY,NN,13.9,123.9,95,NaN,303,11,303,11,NaN,NaN,NaN,NaN,NaN,NaN,NaN,NaN,NaN,NaN,TY,NW,B,B,NaN,NaN,0.22,NaN,NaN,NaN,
1959111612,21w.1959,FREDA,TY,NN,14.6,123.0,115,NaN,307,11,307,11,NaN,NaN,NaN,NaN,NaN,NaN,NaN,NaN,NaN,NaN,TY,NW,B,B,NaN,NaN,0.16,NaN,NaN,NaN,
1959111618,21w.1959,FREDA,TY,NN,15.4,122.3,105,NaN,314,11,314,11,NaN,NaN,NaN,NaN,NaN,NaN,NaN,NaN,NaN,NaN,TY,NW,B,B,NaN,NaN,NaN,NaN,NaN,NaN,
1959111700,21w.1959,FREDA,TY,NN,16.3,121.7,95,NaN,324,11,324,11,NaN,NaN,NaN,NaN,NaN,NaN,NaN,NaN,NaN,NaN,TY,NW,B,B,NaN,NaN,0.95,NaN,NaN,NaN,
1959111706,21w.1959,FREDA,TY,NN,17.2,121.3,90,NaN,332,10,332,10,NaN,NaN,NaN,NaN,NaN,NaN,NaN,NaN,NaN,NaN,TY,NW,B,B,NaN,NaN,0.97,NaN,NaN,NaN,
1959111712,21w.1959,FREDA,TY,NN,18.2,120.8,75,NaN,336,10,336,10,NaN,NaN,NaN,NaN,NaN,NaN,NaN,NaN,NaN,NaN,TY,NW,B,B,NaN,NaN,0.95,NaN,NaN,NaN,
1959111718,21w.1959,FREDA,TY,NN,19.4,120.5,60,NaN,341,12,341,12,NaN,NaN,NaN,NaN,NaN,NaN,NaN,NaN,NaN,NaN,TS,NW,B,B,NaN,NaN,NaN,NaN,NaN,NaN,
1959111800,21w.1959,FREDA,TY,NN,20.6,120.4,60,NaN,351,12,351,12,NaN,NaN,NaN,NaN,NaN,NaN,NaN,NaN,NaN,NaN,TS,NW,B,B,NaN,NaN,NaN,NaN,NaN,NaN,
1959111806,21w.1959,FREDA,TY,NN,21.8,120.7,60,NaN,4,12,4,12,NaN,NaN,NaN,NaN,NaN,NaN,NaN,NaN,NaN,NaN,TS,NW,B,B,NaN,NaN,0.15,NaN,NaN,NaN,
1959111812,21w.1959,FREDA,TY,NN,22.9,121.5,60,NaN,24,13,24,13,NaN,NaN,NaN,NaN,NaN,NaN,NaN,NaN,NaN,NaN,TS,NW,B,B,NaN,NaN,0.27,NaN,NaN,NaN,
1959111818,21w.1959,FREDA,TY,NN,24.0,122.6,60,NaN,39,14,39,14,NaN,NaN,NaN,NaN,NaN,NaN,NaN,NaN,NaN,NaN,TS,NW,B,B,NaN,NaN,NaN,NaN,NaN,NaN,
1959111900,21w.1959,FREDA,TY,NN,25.0,124.3,50,NaN,51,17,51,17,NaN,NaN,NaN,NaN,NaN,NaN,NaN,NaN,NaN,NaN,TS,NW,B,B,NaN,NaN,NaN,NaN,NaN,NaN,
1959111906,21w.1959,FREDA,TY,NN,25.9,126.6,50,NaN,62,20,62,20,NaN,NaN,NaN,NaN,NaN,NaN,NaN,NaN,NaN,NaN,TS,NW,B,B,NaN,NaN,NaN,NaN,NaN,NaN,
1959111912,21w.1959,FREDA,TY,NN,26.9,130.2,50,NaN,70,28,70,28,NaN,NaN,NaN,NaN,NaN,NaN,NaN,NaN,NaN,NaN,TS,NW,B,B,NaN,NaN,NaN,NaN,NaN,NaN,
1959111918,21w.1959,FREDA,TY,NN,28.0,134.1,50,NaN,73,35,73,35,NaN,NaN,NaN,NaN,NaN,NaN,NaN,NaN,NaN,NaN,TS,NW,B,B,NaN,NaN,NaN,NaN,NaN,NaN,
1959112000,21w.1959,FREDA,TY,NN,29.0,138.5,45,NaN,74,38,74,38,NaN,NaN,NaN,NaN,NaN,NaN,NaN,NaN,NaN,NaN,TS,NW,B,B,NaN,NaN,NaN,NaN,NaN,NaN,
1959112006,21w.1959,FREDA,TY,NN,30.0,142.5,40,NaN,75,38,75,38,NaN,NaN,NaN,NaN,NaN,NaN,NaN,NaN,NaN,NaN,TS,NW,B,B,NaN,NaN,NaN,NaN,NaN,NaN,
1959112012,21w.1959,FREDA,TY,NN,31.0,148.0,35,NaN,76,42,76,42,NaN,NaN,NaN,NaN,NaN,NaN,NaN,NaN,NaN,NaN,TS,NW,B,B,NaN,NaN,NaN,NaN,NaN,NaN,
1959112018,21w.1959,FREDA,TY,NN,30.5,155.0,30,NaN,87,54,87,54,NaN,NaN,NaN,NaN,NaN,NaN,NaN,NaN,NaN,NaN,TD,NW,B,B,NaN,NaN,NaN,NaN,NaN,NaN,
1959112100,21w.1959,FREDA,TY,NN,30.0,160.0,25,NaN,96,52,96,52,NaN,NaN,NaN,NaN,NaN,NaN,NaN,NaN,NaN,NaN,TD,NW,B,B,NaN,NaN,NaN,NaN,NaN,NaN,
1959121300,22w.1959,GILDA,STY,NN,7.1,143.4,35,NaN,280,6,280,6,NaN,NaN,NaN,NaN,NaN,NaN,NaN,NaN,NaN,NaN,TS,NW,B,B,NaN,NaN,NaN,NaN,NaN,NaN,
1959121306,22w.1959,GILDA,STY,NN,7.2,142.9,40,NaN,280,6,280,6,NaN,NaN,NaN,NaN,NaN,NaN,NaN,NaN,NaN,NaN,TS,NW,B,B,NaN,NaN,NaN,NaN,NaN,NaN,
1959121312,22w.1959,GILDA,STY,NN,7.3,142.3,50,NaN,280,6,280,6,NaN,NaN,NaN,NaN,NaN,NaN,NaN,NaN,NaN,NaN,TS,NW,B,B,NaN,NaN,NaN,NaN,NaN,NaN,
1959121318,22w.1959,GILDA,STY,NN,7.3,141.5,60,NaN,274,7,274,7,NaN,NaN,NaN,NaN,NaN,NaN,NaN,NaN,NaN,NaN,TS,NW,B,B,NaN,NaN,NaN,NaN,NaN,NaN,
1959121400,22w.1959,GILDA,STY,NN,7.4,140.5,70,NaN,273,9,273,9,NaN,NaN,NaN,NaN,NaN,NaN,NaN,NaN,NaN,NaN,TY,NW,B,B,NaN,NaN,NaN,NaN,NaN,NaN,
1959121406,22w.1959,GILDA,STY,NN,7.6,139.5,80,NaN,279,10,279,10,NaN,NaN,NaN,NaN,NaN,NaN,NaN,NaN,NaN,NaN,TY,NW,B,B,NaN,NaN,NaN,NaN,NaN,NaN,
1959121412,22w.1959,GILDA,STY,NN,7.8,138.5,90,NaN,281,10,281,10,NaN,NaN,NaN,NaN,NaN,NaN,NaN,NaN,NaN,NaN,TY,NW,B,B,NaN,NaN,NaN,NaN,NaN,NaN,
1959121418,22w.1959,GILDA,STY,NN,8.0,137.5,90,NaN,281,10,281,10,NaN,NaN,NaN,NaN,NaN,NaN,NaN,NaN,NaN,NaN,TY,NW,B,B,NaN,NaN,NaN,NaN,NaN,NaN,
1959121500,22w.1959,GILDA,STY,NN,8.1,136.6,100,NaN,279,10,279,10,NaN,NaN,NaN,NaN,NaN,NaN,NaN,NaN,NaN,NaN,TY,NW,B,B,NaN,NaN,NaN,NaN,NaN,NaN,
1959121506,22w.1959,GILDA,STY,NN,8.3,135.8,105,NaN,280,9,280,9,NaN,NaN,NaN,NaN,NaN,NaN,NaN,NaN,NaN,NaN,TY,NW,B,B,NaN,NaN,NaN,NaN,NaN,NaN,
1959121512,22w.1959,GILDA,STY,NN,8.5,134.9,110,NaN,283,9,283,9,NaN,NaN,NaN,NaN,NaN,NaN,NaN,NaN,NaN,NaN,TY,NW,B,B,NaN,NaN,NaN,NaN,NaN,NaN,
1959121518,22w.1959,GILDA,STY,NN,8.8,133.9,120,NaN,285,10,285,10,NaN,NaN,NaN,NaN,NaN,NaN,NaN,NaN,NaN,NaN,TY,NW,B,B,NaN,NaN,NaN,NaN,NaN,NaN,
1959121600,22w.1959,GILDA,STY,NN,9.3,132.7,120,NaN,290,12,290,12,NaN,NaN,NaN,NaN,NaN,NaN,NaN,NaN,NaN,NaN,TY,NW,B,B,NaN,NaN,NaN,NaN,NaN,NaN,
1959121606,22w.1959,GILDA,STY,NN,9.9,131.5,130,NaN,295,13,295,13,NaN,NaN,NaN,NaN,NaN,NaN,NaN,NaN,NaN,NaN,STY,NW,B,B,NaN,NaN,NaN,NaN,NaN,NaN,
1959121612,22w.1959,GILDA,STY,NN,10.4,130.2,130,NaN,294,13,294,13,NaN,NaN,NaN,NaN,NaN,NaN,NaN,NaN,NaN,NaN,STY,NW,B,B,NaN,NaN,NaN,NaN,NaN,NaN,
1959121618,22w.1959,GILDA,STY,NN,10.9,129.2,140,NaN,294,12,294,12,NaN,NaN,NaN,NaN,NaN,NaN,NaN,NaN,NaN,NaN,STY,NW,B,B,NaN,NaN,NaN,NaN,NaN,NaN,
1959121700,22w.1959,GILDA,STY,NN,11.2,128.4,145,NaN,294,10,294,10,NaN,NaN,NaN,NaN,NaN,NaN,NaN,NaN,NaN,NaN,STY,NW,B,B,NaN,NaN,NaN,NaN,NaN,NaN,
1959121706,22w.1959,GILDA,STY,NN,11.5,127.8,150,NaN,294,7,294,7,NaN,NaN,NaN,NaN,NaN,NaN,NaN,NaN,NaN,NaN,STY,NW,B,B,NaN,NaN,NaN,NaN,NaN,NaN,
1959121712,22w.1959,GILDA,STY,NN,11.7,127.3,150,NaN,295,6,295,6,NaN,NaN,NaN,NaN,NaN,NaN,NaN,NaN,NaN,NaN,STY,NW,B,B,NaN,NaN,NaN,NaN,NaN,NaN,
1959121718,22w.1959,GILDA,STY,NN,12.0,126.6,150,NaN,293,6,293,6,NaN,NaN,NaN,NaN,NaN,NaN,NaN,NaN,NaN,NaN,STY,NW,B,B,NaN,NaN,NaN,NaN,NaN,NaN,
1959121800,22w.1959,GILDA,STY,NN,12.2,125.7,140,NaN,288,8,288,8,NaN,NaN,NaN,NaN,NaN,NaN,NaN,NaN,NaN,NaN,STY,NW,B,B,NaN,NaN,0.39,NaN,NaN,NaN,
1959121806,22w.1959,GILDA,STY,NN,12.2,124.7,130,NaN,276,9,276,9,NaN,NaN,NaN,NaN,NaN,NaN,NaN,NaN,NaN,NaN,STY,NW,B,B,NaN,NaN,0.48,NaN,NaN,NaN,
1959121812,22w.1959,GILDA,STY,NN,12.2,123.5,115,NaN,270,11,270,11,NaN,NaN,NaN,NaN,NaN,NaN,NaN,NaN,NaN,NaN,TY,NW,B,B,NaN,NaN,0.27,NaN,NaN,NaN,
1959121818,22w.1959,GILDA,STY,NN,12.2,122.4,110,NaN,270,11,270,11,NaN,NaN,NaN,NaN,NaN,NaN,NaN,NaN,NaN,NaN,TY,NW,B,B,NaN,NaN,0.25,NaN,NaN,NaN,
1959121900,22w.1959,GILDA,STY,NN,12.2,121.2,115,NaN,270,11,270,11,NaN,NaN,NaN,NaN,NaN,NaN,NaN,NaN,NaN,NaN,TY,NW,B,B,NaN,NaN,0.11,NaN,NaN,NaN,
1959121906,22w.1959,GILDA,STY,NN,12.2,120.1,100,NaN,270,11,270,11,NaN,NaN,NaN,NaN,NaN,NaN,NaN,NaN,NaN,NaN,TY,NW,B,B,NaN,NaN,0.14,NaN,NaN,NaN,
1959121912,22w.1959,GILDA,STY,NN,12.3,118.9,90,NaN,273,11,273,11,NaN,NaN,NaN,NaN,NaN,NaN,NaN,NaN,NaN,NaN,TY,NW,B,B,NaN,NaN,NaN,NaN,NaN,NaN,
1959121918,22w.1959,GILDA,STY,NN,12.5,117.8,90,NaN,278,11,278,11,NaN,NaN,NaN,NaN,NaN,NaN,NaN,NaN,NaN,NaN,TY,NW,B,B,NaN,NaN,NaN,NaN,NaN,NaN,
1959122000,22w.1959,GILDA,STY,NN,12.6,116.7,90,NaN,278,11,278,11,NaN,NaN,NaN,NaN,NaN,NaN,NaN,NaN,NaN,NaN,TY,NW,B,B,NaN,NaN,NaN,NaN,NaN,NaN,
1959122006,22w.1959,GILDA,STY,NN,12.6,115.5,90,NaN,273,11,273,11,NaN,NaN,NaN,NaN,NaN,NaN,NaN,NaN,NaN,NaN,TY,NW,B,B,NaN,NaN,NaN,NaN,NaN,NaN,
1959122012,22w.1959,GILDA,STY,NN,12.6,114.3,90,NaN,270,12,270,12,NaN,NaN,NaN,NaN,NaN,NaN,NaN,NaN,NaN,NaN,TY,NW,B,B,NaN,NaN,NaN,NaN,NaN,NaN,
1959122018,22w.1959,GILDA,STY,NN,12.6,112.8,85,NaN,270,13,270,13,NaN,NaN,NaN,NaN,NaN,NaN,NaN,NaN,NaN,NaN,TY,NW,B,B,NaN,NaN,NaN,NaN,NaN,NaN,
1959122100,22w.1959,GILDA,STY,NN,12.4,111.4,85,NaN,266,14,266,14,NaN,NaN,NaN,NaN,NaN,NaN,NaN,NaN,NaN,NaN,TY,NW,B,B,NaN,NaN,NaN,NaN,NaN,NaN,
1959122106,22w.1959,GILDA,STY,NN,12.1,110.1,70,NaN,259,13,259,13,NaN,NaN,NaN,NaN,NaN,NaN,NaN,NaN,NaN,NaN,TY,NW,B,B,NaN,NaN,NaN,NaN,NaN,NaN,
1959122112,22w.1959,GILDA,STY,NN,11.8,109.1,60,NaN,255,12,255,12,NaN,NaN,NaN,NaN,NaN,NaN,NaN,NaN,NaN,NaN,TS,NW,B,B,NaN,NaN,0.69,NaN,NaN,NaN,
1959122118,22w.1959,GILDA,STY,NN,11.6,108.5,50,NaN,252,8,252,8,NaN,NaN,NaN,NaN,NaN,NaN,NaN,NaN,NaN,NaN,TS,NW,B,B,NaN,NaN,0.87,NaN,NaN,NaN,
1959122200,22w.1959,GILDA,STY,NN,11.6,106.5,40,NaN,266,13,266,13,NaN,NaN,NaN,NaN,NaN,NaN,NaN,NaN,NaN,NaN,TS,NW,B,B,NaN,NaN,0.99,NaN,NaN,NaN,
1959122206,22w.1959,GILDA,STY,NN,11.5,105.0,30,NaN,268,17,268,17,NaN,NaN,NaN,NaN,NaN,NaN,NaN,NaN,NaN,NaN,TD,NW,B,B,NaN,NaN,0.94,NaN,NaN,NaN,
1959122212,22w.1959,GILDA,STY,NN,11.4,103.5,20,NaN,266,15,266,15,NaN,NaN,NaN,NaN,NaN,NaN,NaN,NaN,NaN,NaN,NT,NW,B,B,NaN,NaN,0.92,NaN,NaN,NaN,
1959122400,23w.1959,HARRIET,STY,NN,2.9,154.1,50,NaN,300,7,300,7,NaN,NaN,NaN,NaN,NaN,NaN,NaN,NaN,NaN,NaN,TS,NW,B,B,NaN,NaN,NaN,NaN,NaN,NaN,
1959122406,23w.1959,HARRIET,STY,NN,3.3,153.5,50,NaN,300,7,300,7,NaN,NaN,NaN,NaN,NaN,NaN,NaN,NaN,NaN,NaN,TS,NW,B,B,NaN,NaN,NaN,NaN,NaN,NaN,
1959122412,23w.1959,HARRIET,STY,NN,3.6,152.9,55,NaN,300,7,300,7,NaN,NaN,NaN,NaN,NaN,NaN,NaN,NaN,NaN,NaN,TS,NW,B,B,NaN,NaN,NaN,NaN,NaN,NaN,
1959122418,23w.1959,HARRIET,STY,NN,4.1,152.4,55,NaN,306,7,306,7,NaN,NaN,NaN,NaN,NaN,NaN,NaN,NaN,NaN,NaN,TS,NW,B,B,NaN,NaN,NaN,NaN,NaN,NaN,
1959122500,23w.1959,HARRIET,STY,NN,4.7,151.7,55,NaN,313,8,313,8,NaN,NaN,NaN,NaN,NaN,NaN,NaN,NaN,NaN,NaN,TS,NW,B,B,NaN,NaN,NaN,NaN,NaN,NaN,
1959122506,23w.1959,HARRIET,STY,NN,5.4,150.9,65,NaN,311,10,311,10,NaN,NaN,NaN,NaN,NaN,NaN,NaN,NaN,NaN,NaN,TY,NW,B,B,NaN,NaN,NaN,NaN,NaN,NaN,
1959122512,23w.1959,HARRIET,STY,NN,6.0,150.2,75,NaN,311,10,311,10,NaN,NaN,NaN,NaN,NaN,NaN,NaN,NaN,NaN,NaN,TY,NW,B,B,NaN,NaN,NaN,NaN,NaN,NaN,
1959122518,23w.1959,HARRIET,STY,NN,6.7,149.3,80,NaN,309,10,309,10,NaN,NaN,NaN,NaN,NaN,NaN,NaN,NaN,NaN,NaN,TY,NW,B,B,NaN,NaN,NaN,NaN,NaN,NaN,
1959122600,23w.1959,HARRIET,STY,NN,7.5,148.3,80,NaN,308,12,308,12,NaN,NaN,NaN,NaN,NaN,NaN,NaN,NaN,NaN,NaN,TY,NW,B,B,NaN,NaN,NaN,NaN,NaN,NaN,
1959122606,23w.1959,HARRIET,STY,NN,8.3,147.4,80,NaN,310,12,310,12,NaN,NaN,NaN,NaN,NaN,NaN,NaN,NaN,NaN,NaN,TY,NW,B,B,NaN,NaN,NaN,NaN,NaN,NaN,
1959122612,23w.1959,HARRIET,STY,NN,9.3,146.2,85,NaN,311,14,311,14,NaN,NaN,NaN,NaN,NaN,NaN,NaN,NaN,NaN,NaN,TY,NW,B,B,NaN,NaN,NaN,NaN,NaN,NaN,
1959122618,23w.1959,HARRIET,STY,NN,10.2,144.6,90,NaN,305,17,305,17,NaN,NaN,NaN,NaN,NaN,NaN,NaN,NaN,NaN,NaN,TY,NW,B,B,NaN,NaN,NaN,NaN,NaN,NaN,
1959122700,23w.1959,HARRIET,STY,NN,10.5,142.9,95,NaN,290,17,290,17,NaN,NaN,NaN,NaN,NaN,NaN,NaN,NaN,NaN,NaN,TY,NW,B,B,NaN,NaN,NaN,NaN,NaN,NaN,
1959122706,23w.1959,HARRIET,STY,NN,11.2,141.3,95,NaN,287,17,287,17,NaN,NaN,NaN,NaN,NaN,NaN,NaN,NaN,NaN,NaN,TY,NW,B,B,NaN,NaN,NaN,NaN,NaN,NaN,
1959122712,23w.1959,HARRIET,STY,NN,11.8,139.8,100,NaN,293,17,293,17,NaN,NaN,NaN,NaN,NaN,NaN,NaN,NaN,NaN,NaN,TY,NW,B,B,NaN,NaN,NaN,NaN,NaN,NaN,
1959122718,23w.1959,HARRIET,STY,NN,12.4,138.1,110,NaN,291,17,291,17,NaN,NaN,NaN,NaN,NaN,NaN,NaN,NaN,NaN,NaN,TY,NW,B,B,NaN,NaN,NaN,NaN,NaN,NaN,
1959122800,23w.1959,HARRIET,STY,NN,12.9,136.4,120,NaN,288,17,288,17,NaN,NaN,NaN,NaN,NaN,NaN,NaN,NaN,NaN,NaN,TY,NW,B,B,NaN,NaN,NaN,NaN,NaN,NaN,
1959122806,23w.1959,HARRIET,STY,NN,13.3,135.0,120,NaN,287,16,287,16,NaN,NaN,NaN,NaN,NaN,NaN,NaN,NaN,NaN,NaN,TY,NW,B,B,NaN,NaN,NaN,NaN,NaN,NaN,
1959122812,23w.1959,HARRIET,STY,NN,13.8,133.8,120,NaN,290,13,290,13,NaN,NaN,NaN,NaN,NaN,NaN,NaN,NaN,NaN,NaN,TY,NW,B,B,NaN,NaN,NaN,NaN,NaN,NaN,
1959122818,23w.1959,HARRIET,STY,NN,14.2,132.5,125,NaN,290,13,290,13,NaN,NaN,NaN,NaN,NaN,NaN,NaN,NaN,NaN,NaN,TY,NW,B,B,NaN,NaN,NaN,NaN,NaN,NaN,
1959122900,23w.1959,HARRIET,STY,NN,14.5,130.9,125,NaN,284,14,284,14,NaN,NaN,NaN,NaN,NaN,NaN,NaN,NaN,NaN,NaN,TY,NW,B,B,NaN,NaN,NaN,NaN,NaN,NaN,
1959122906,23w.1959,HARRIET,STY,NN,14.5,129.8,125,NaN,277,13,277,13,NaN,NaN,NaN,NaN,NaN,NaN,NaN,NaN,NaN,NaN,TY,NW,B,B,NaN,NaN,NaN,NaN,NaN,NaN,
1959122912,23w.1959,HARRIET,STY,NN,14.4,129.0,120,NaN,267,9,267,9,NaN,NaN,NaN,NaN,NaN,NaN,NaN,NaN,NaN,NaN,TY,NW,B,B,NaN,NaN,NaN,NaN,NaN,NaN,
1959122918,23w.1959,HARRIET,STY,NN,14.3,128.2,120,NaN,263,8,263,8,NaN,NaN,NaN,NaN,NaN,NaN,NaN,NaN,NaN,NaN,TY,NW,B,B,NaN,NaN,NaN,NaN,NaN,NaN,
1959123000,23w.1959,HARRIET,STY,NN,14.2,127.4,120,NaN,263,8,263,8,NaN,NaN,NaN,NaN,NaN,NaN,NaN,NaN,NaN,NaN,TY,NW,B,B,NaN,NaN,NaN,NaN,NaN,NaN,
1959123006,23w.1959,HARRIET,STY,NN,14.0,126.5,130,NaN,260,8,260,8,NaN,NaN,NaN,NaN,NaN,NaN,NaN,NaN,NaN,NaN,STY,NW,B,B,NaN,NaN,NaN,NaN,NaN,NaN,
1959123012,23w.1959,HARRIET,STY,NN,13.9,125.7,130,NaN,260,8,260,8,NaN,NaN,NaN,NaN,NaN,NaN,NaN,NaN,NaN,NaN,STY,NW,B,B,NaN,NaN,NaN,NaN,NaN,NaN,
1959123018,23w.1959,HARRIET,STY,NN,13.9,124.9,125,NaN,266,8,266,8,NaN,NaN,NaN,NaN,NaN,NaN,NaN,NaN,NaN,NaN,TY,NW,B,B,NaN,NaN,NaN,NaN,NaN,NaN,
1959123100,23w.1959,HARRIET,STY,NN,13.8,124.1,120,NaN,266,8,266,8,NaN,NaN,NaN,NaN,NaN,NaN,NaN,NaN,NaN,NaN,TY,NW,B,B,NaN,NaN,0.22,NaN,NaN,NaN,
1959123106,23w.1959,HARRIET,STY,NN,13.7,123.3,115,NaN,263,8,263,8,NaN,NaN,NaN,NaN,NaN,NaN,NaN,NaN,NaN,NaN,TY,NW,B,B,NaN,NaN,0.57,NaN,NaN,NaN,
1959123112,23w.1959,HARRIET,STY,NN,13.6,122.5,105,NaN,263,8,263,8,NaN,NaN,NaN,NaN,NaN,NaN,NaN,NaN,NaN,NaN,TY,NW,B,B,NaN,NaN,0.36,NaN,NaN,NaN,
1959123118,23w.1959,HARRIET,STY,NN,13.3,121.6,90,NaN,256,9,256,9,NaN,NaN,NaN,NaN,NaN,NaN,NaN,NaN,NaN,NaN,TY,NW,B,B,NaN,NaN,0.40,NaN,NaN,NaN,
1960010100,23w.1959,HARRIET,STY,NN,12.9,120.7,60,NaN,248,9,248,9,NaN,NaN,NaN,NaN,NaN,NaN,NaN,NaN,NaN,NaN,TS,NW,B,B,NaN,NaN,0.30,NaN,NaN,NaN,
1960010106,23w.1959,HARRIET,STY,NN,12.4,120.0,60,NaN,240,9,240,9,NaN,NaN,NaN,NaN,NaN,NaN,NaN,NaN,NaN,NaN,TS,NW,B,B,NaN,NaN,0.09,NaN,NaN,NaN,
1960010112,23w.1959,HARRIET,STY,NN,11.8,119.2,50,NaN,233,9,233,9,NaN,NaN,NaN,NaN,NaN,NaN,NaN,NaN,NaN,NaN,TS,NW,B,B,NaN,NaN,NaN,NaN,NaN,NaN,
1960010118,23w.1959,HARRIET,STY,NN,11.2,118.5,50,NaN,231,9,231,9,NaN,NaN,NaN,NaN,NaN,NaN,NaN,NaN,NaN,NaN,TS,NW,B,B,NaN,NaN,NaN,NaN,NaN,NaN,
1960010200,23w.1959,HARRIET,STY,NN,10.5,117.4,50,NaN,234,11,234,11,NaN,NaN,NaN,NaN,NaN,NaN,NaN,NaN,NaN,NaN,TS,NW,B,B,NaN,NaN,NaN,NaN,NaN,NaN,
1960010206,23w.1959,HARRIET,STY,NN,11.5,116.5,40,NaN,279,10,279,10,NaN,NaN,NaN,NaN,NaN,NaN,NaN,NaN,NaN,NaN,TS,NW,B,B,NaN,NaN,NaN,NaN,NaN,NaN,
1960010212,23w.1959,HARRIET,STY,NN,12.0,115.0,30,NaN,303,14,303,14,NaN,NaN,NaN,NaN,NaN,NaN,NaN,NaN,NaN,NaN,TD,NW,B,B,NaN,NaN,NaN,NaN,NaN,NaN,
1960010218,23w.1959,HARRIET,STY,NN,11.1,113.0,20,NaN,263,17,263,17,NaN,NaN,NaN,NaN,NaN,NaN,NaN,NaN,NaN,NaN,NT,NW,B,B,NaN,NaN,NaN,NaN,NaN,NaN,
1959052806,l01.1959,9X-L01,TS,NN,23.3,273.5,25,NaN,327,8,327,8,NaN,NaN,NaN,NaN,NaN,NaN,NaN,NaN,NaN,NaN,TD,NW,B,B,NaN,NaN,NaN,NaN,NaN,NaN,
1959052812,l01.1959,9X-L01,TS,NN,24.0,273.0,30,NaN,327,8,327,8,NaN,NaN,NaN,NaN,NaN,NaN,NaN,NaN,NaN,NaN,TD,NW,B,B,NaN,NaN,NaN,NaN,NaN,NaN,
1959052818,l01.1959,9X-L01,TS,NN,24.7,272.5,30,NaN,327,8,327,8,NaN,NaN,NaN,NaN,NaN,NaN,NaN,NaN,NaN,NaN,TD,NW,B,B,NaN,NaN,NaN,NaN,NaN,NaN,
1959052900,l01.1959,9X-L01,TS,NN,25.5,271.8,35,NaN,324,9,324,9,NaN,NaN,NaN,NaN,NaN,NaN,NaN,NaN,NaN,NaN,TS,NW,B,B,NaN,NaN,NaN,NaN,NaN,NaN,
1959052906,01l.1959,ARLENE,TS,NN,26.5,271.0,40,NaN,323,11,323,11,NaN,NaN,NaN,NaN,NaN,NaN,NaN,NaN,NaN,NaN,TS,WN,B,B,NaN,NaN,NaN,NaN,NaN,NaN,
1959052912,01l.1959,ARLENE,TS,NN,27.4,269.9,45,1000,318,13,318,13,NaN,NaN,NaN,NaN,NaN,NaN,NaN,NaN,NaN,NaN,TS,WN,B,B,NaN,NaN,NaN,NaN,NaN,NaN,
1959052918,01l.1959,ARLENE,TS,NN,27.7,268.8,45,1002,301,11,301,11,NaN,NaN,NaN,NaN,NaN,NaN,NaN,NaN,NaN,NaN,TS,WN,B,B,NaN,NaN,NaN,NaN,NaN,NaN,
1959053000,01l.1959,ARLENE,TS,NN,27.8,268.2,45,1000,285,8,285,8,NaN,NaN,NaN,NaN,NaN,NaN,NaN,NaN,NaN,NaN,TS,WN,B,B,NaN,NaN,NaN,NaN,NaN,NaN,
1959053006,01l.1959,ARLENE,TS,NN,28.0,268.1,45,999,296,3,296,3,NaN,NaN,NaN,NaN,NaN,NaN,NaN,NaN,NaN,NaN,TS,WN,B,B,NaN,NaN,NaN,NaN,NaN,NaN,
1959053012,01l.1959,ARLENE,TS,NN,28.5,268.1,50,996,353,4,353,4,NaN,NaN,NaN,NaN,NaN,NaN,NaN,NaN,NaN,NaN,TS,WN,B,B,NaN,NaN,NaN,NaN,NaN,NaN,
1959053018,01l.1959,ARLENE,TS,NN,29.2,268.2,55,993,4,6,4,6,NaN,NaN,NaN,NaN,NaN,NaN,NaN,NaN,NaN,NaN,TS,WN,B,B,NaN,NaN,NaN,NaN,NaN,NaN,
1959053100,01l.1959,ARLENE,TS,NN,29.8,268.4,55,NaN,11,7,11,7,NaN,NaN,NaN,NaN,NaN,NaN,NaN,NaN,NaN,NaN,TS,NW,B,B,NaN,NaN,0.77,NaN,NaN,NaN,
1959053106,01l.1959,ARLENE,TS,NN,30.4,268.6,40,NaN,16,6,16,6,NaN,NaN,NaN,NaN,NaN,NaN,NaN,NaN,NaN,NaN,TS,NW,B,B,NaN,NaN,0.91,NaN,NaN,NaN,
1959053112,01l.1959,ARLENE,TS,NN,30.9,268.8,30,NaN,17,6,17,6,NaN,NaN,NaN,NaN,NaN,NaN,NaN,NaN,NaN,NaN,TD,NW,B,B,NaN,NaN,0.99,NaN,NaN,NaN,
1959053118,01l.1959,ARLENE,TS,NN,31.5,269.1,25,NaN,21,6,21,6,NaN,NaN,NaN,NaN,NaN,NaN,NaN,NaN,NaN,NaN,TD,NW,B,B,NaN,NaN,0.99,NaN,NaN,NaN,
1959060100,01l.1959,ARLENE,TS,NN,32.1,269.5,25,NaN,26,7,26,7,NaN,NaN,NaN,NaN,NaN,NaN,NaN,NaN,NaN,NaN,TD,NW,B,B,NaN,NaN,0.99,NaN,NaN,NaN,
1959060106,01l.1959,ARLENE,TS,NN,32.4,270.1,25,NaN,43,6,43,6,NaN,NaN,NaN,NaN,NaN,NaN,NaN,NaN,NaN,NaN,TD,NW,B,B,NaN,NaN,0.98,NaN,NaN,NaN,
1959060112,01l.1959,ARLENE,TS,NN,32.6,270.9,25,NaN,67,6,67,6,NaN,NaN,NaN,NaN,NaN,NaN,NaN,NaN,NaN,NaN,TD,NW,B,B,NaN,NaN,1.00,NaN,NaN,NaN,
1959060118,01l.1959,ARLENE,TS,NN,32.7,271.7,25,NaN,77,7,77,7,NaN,NaN,NaN,NaN,NaN,NaN,NaN,NaN,NaN,NaN,TD,NW,B,B,NaN,NaN,1.00,NaN,NaN,NaN,
1959060200,01l.1959,ARLENE,TS,NN,32.8,272.8,20,NaN,83,8,83,8,NaN,NaN,NaN,NaN,NaN,NaN,NaN,NaN,NaN,NaN,NT,NW,B,B,NaN,NaN,0.99,NaN,NaN,NaN,
1959060206,01l.1959,ARLENE,TS,NN,32.9,275.0,20,NaN,86,14,86,14,NaN,NaN,NaN,NaN,NaN,NaN,NaN,NaN,NaN,NaN,NT,NW,B,B,NaN,NaN,1.00,NaN,NaN,NaN,
1959060212,01l.1959,ARLENE,TS,NN,33.5,277.3,20,NaN,79,19,79,19,NaN,NaN,NaN,NaN,NaN,NaN,NaN,NaN,NaN,NaN,NT,NW,B,B,NaN,NaN,0.97,NaN,NaN,NaN,
1959060218,01l.1959,ARLENE,TS,NN,34.4,280.0,20,NaN,70,22,70,22,NaN,NaN,NaN,NaN,NaN,NaN,NaN,NaN,NaN,NaN,NT,NW,B,B,NaN,NaN,0.99,NaN,NaN,NaN,
1959061518,l02.1959,9X-L02,TS,NN,21.1,265.3,35,NaN,317,7,317,7,NaN,NaN,NaN,NaN,NaN,NaN,NaN,NaN,NaN,NaN,TS,NW,B,B,NaN,NaN,NaN,NaN,NaN,NaN,
1959061600,l02.1959,9X-L02,TS,NN,21.6,264.8,40,NaN,317,7,317,7,NaN,NaN,NaN,NaN,NaN,NaN,NaN,NaN,NaN,NaN,TS,NW,B,B,NaN,NaN,NaN,NaN,NaN,NaN,
1959061606,l02.1959,9X-L02,TS,NN,22.1,264.3,50,NaN,317,7,317,7,NaN,NaN,NaN,NaN,NaN,NaN,NaN,NaN,NaN,NaN,TS,NW,B,B,NaN,NaN,NaN,NaN,NaN,NaN,
1959061612,l02.1959,9X-L02,TS,NN,22.5,263.9,55,NaN,317,6,317,6,NaN,NaN,NaN,NaN,NaN,NaN,NaN,NaN,NaN,NaN,TS,NW,B,B,NaN,NaN,NaN,NaN,NaN,NaN,
1959061618,02l.1959,BEULAH,TS,NN,22.8,263.7,60,987,322,4,322,4,NaN,NaN,NaN,NaN,NaN,NaN,NaN,NaN,NaN,NaN,TS,WN,B,B,NaN,NaN,NaN,NaN,NaN,NaN,
1959061700,02l.1959,BEULAH,TS,NN,22.9,263.6,60,NaN,325,2,325,2,NaN,NaN,NaN,NaN,NaN,NaN,NaN,NaN,NaN,NaN,TS,WN,B,B,NaN,NaN,NaN,NaN,NaN,NaN,
1959061706,02l.1959,BEULAH,TS,NN,23.0,263.5,60,985,317,1,317,1,NaN,NaN,NaN,NaN,NaN,NaN,NaN,NaN,NaN,NaN,TS,WN,B,B,NaN,NaN,NaN,NaN,NaN,NaN,
1959061712,02l.1959,BEULAH,TS,NN,23.0,263.3,50,992,290,1,290,1,NaN,NaN,NaN,NaN,NaN,NaN,NaN,NaN,NaN,NaN,TS,WN,B,B,NaN,NaN,NaN,NaN,NaN,NaN,
1959061718,02l.1959,BEULAH,TS,NN,22.9,263.1,50,992,255,2,255,2,NaN,NaN,NaN,NaN,NaN,NaN,NaN,NaN,NaN,NaN,TS,WN,B,B,NaN,NaN,NaN,NaN,NaN,NaN,
1959061800,02l.1959,BEULAH,TS,NN,22.6,263.0,45,997,215,2,215,2,NaN,NaN,NaN,NaN,NaN,NaN,NaN,NaN,NaN,NaN,TS,NW,B,B,NaN,NaN,NaN,NaN,NaN,NaN,
1959061806,02l.1959,BEULAH,TS,NN,22.3,262.9,40,NaN,197,3,197,3,NaN,NaN,NaN,NaN,NaN,NaN,NaN,NaN,NaN,NaN,TS,NW,B,B,NaN,NaN,NaN,NaN,NaN,NaN,
1959061812,02l.1959,BEULAH,TS,NN,22.1,262.8,35,1001,200,3,200,3,NaN,NaN,NaN,NaN,NaN,NaN,NaN,NaN,NaN,NaN,TS,NW,B,B,NaN,NaN,0.01,NaN,NaN,NaN,
1959061818,02l.1959,BEULAH,TS,NN,22.0,262.7,35,1001,212,2,212,2,NaN,NaN,NaN,NaN,NaN,NaN,NaN,NaN,NaN,NaN,TS,NW,B,B,NaN,NaN,0.25,NaN,NaN,NaN,
1959061900,02l.1959,BEULAH,TS,NN,21.8,262.6,30,NaN,212,2,212,2,NaN,NaN,NaN,NaN,NaN,NaN,NaN,NaN,NaN,NaN,TD,NW,B,B,NaN,NaN,0.25,NaN,NaN,NaN,
1959061906,02l.1959,BEULAH,TS,NN,21.4,262.4,25,NaN,205,3,205,3,NaN,NaN,NaN,NaN,NaN,NaN,NaN,NaN,NaN,NaN,TD,NW,B,B,NaN,NaN,0.48,NaN,NaN,NaN,
1959061800,03l.1959,UNNAMED,TY,NN,26.3,273.7,35,NaN,62,29,62,29,NaN,NaN,NaN,NaN,NaN,NaN,NaN,NaN,NaN,NaN,TS,NW,B,B,NaN,NaN,NaN,NaN,NaN,NaN,
1959061806,03l.1959,UNNAMED,TY,NN,27.7,276.3,40,1002,62,29,62,29,NaN,NaN,NaN,NaN,NaN,NaN,NaN,NaN,NaN,NaN,TS,NW,B,B,NaN,NaN,NaN,NaN,NaN,NaN,
1959061812,03l.1959,UNNAMED,TY,NN,29.0,279.5,40,NaN,62,29,62,29,NaN,NaN,NaN,NaN,NaN,NaN,NaN,NaN,NaN,NaN,TS,NW,B,B,NaN,NaN,0.11,NaN,NaN,NaN,
1959061818,03l.1959,UNNAMED,TY,NN,30.4,282.5,45,NaN,64,30,64,30,NaN,NaN,NaN,NaN,NaN,NaN,NaN,NaN,NaN,NaN,TS,NW,B,B,NaN,NaN,NaN,NaN,NaN,NaN,
1959061900,03l.1959,UNNAMED,TY,NN,32.0,286.0,55,NaN,62,32,62,32,NaN,NaN,NaN,NaN,NaN,NaN,NaN,NaN,NaN,NaN,TS,NW,B,B,NaN,NaN,NaN,NaN,NaN,NaN,
1959061906,03l.1959,UNNAMED,TY,NN,34.5,290.0,65,NaN,57,38,57,38,NaN,NaN,NaN,NaN,NaN,NaN,NaN,NaN,NaN,NaN,TY,NW,B,B,NaN,NaN,NaN,NaN,NaN,NaN,
1959061912,03l.1959,UNNAMED,TY,NN,38.4,295.0,75,974,49,49,49,49,NaN,NaN,NaN,NaN,NaN,NaN,NaN,NaN,NaN,NaN,TY,NW,B,B,NaN,NaN,NaN,NaN,NaN,NaN,
1959061918,03l.1959,UNNAMED,TY,NN,41.2,297.5,75,NaN,41,45,41,45,NaN,NaN,NaN,NaN,NaN,NaN,NaN,NaN,NaN,NaN,TY,NW,B,B,NaN,NaN,NaN,NaN,NaN,NaN,
1959062000,03l.1959,UNNAMED,TY,NN,43.7,299.0,70,NaN,30,30,30,30,NaN,NaN,NaN,NaN,NaN,NaN,NaN,NaN,NaN,NaN,TY,NW,B,B,NaN,NaN,NaN,NaN,NaN,NaN,
1959062006,03l.1959,UNNAMED,TY,NN,45.5,298.0,60,NaN,5,22,5,22,NaN,NaN,NaN,NaN,NaN,NaN,NaN,NaN,NaN,NaN,TS,NW,B,B,NaN,NaN,0.65,NaN,NaN,NaN,
1959062012,03l.1959,UNNAMED,TY,NN,46.0,297.0,50,NaN,328,14,328,14,NaN,NaN,NaN,NaN,NaN,NaN,NaN,NaN,NaN,NaN,TS,NW,B,B,NaN,NaN,0.58,NaN,NaN,NaN,
1959062018,03l.1959,UNNAMED,TY,NN,45.6,297.0,50,NaN,278,4,278,4,NaN,NaN,NaN,NaN,NaN,NaN,NaN,NaN,NaN,NaN,TS,NW,B,B,NaN,NaN,0.76,NaN,NaN,NaN,
1959062100,03l.1959,UNNAMED,TY,NN,45.4,298.0,45,NaN,131,5,131,5,NaN,NaN,NaN,NaN,NaN,NaN,NaN,NaN,NaN,NaN,TS,NW,B,B,NaN,NaN,0.65,NaN,NaN,NaN,
1959062106,03l.1959,UNNAMED,TY,NN,46.3,302.0,45,NaN,79,18,79,18,NaN,NaN,NaN,NaN,NaN,NaN,NaN,NaN,NaN,NaN,TS,NW,B,B,NaN,NaN,NaN,NaN,NaN,NaN,
1959062112,03l.1959,UNNAMED,TY,NN,47.3,305.5,40,NaN,70,28,70,28,NaN,NaN,NaN,NaN,NaN,NaN,NaN,NaN,NaN,NaN,TS,NW,B,B,NaN,NaN,0.45,NaN,NaN,NaN,
1959062118,03l.1959,UNNAMED,TY,NN,48.2,308.5,35,NaN,67,24,67,24,NaN,NaN,NaN,NaN,NaN,NaN,NaN,NaN,NaN,NaN,TS,NW,B,B,NaN,NaN,NaN,NaN,NaN,NaN,
1959062200,03l.1959,UNNAMED,TY,NN,48.8,311.0,35,NaN,68,20,68,20,NaN,NaN,NaN,NaN,NaN,NaN,NaN,NaN,NaN,NaN,TS,NW,B,B,NaN,NaN,NaN,NaN,NaN,NaN,
1959062206,03l.1959,UNNAMED,TY,NN,49.0,313.0,30,NaN,75,15,75,15,NaN,NaN,NaN,NaN,NaN,NaN,NaN,NaN,NaN,NaN,TD,NW,B,B,NaN,NaN,NaN,NaN,NaN,NaN,
1959062212,03l.1959,UNNAMED,TY,NN,49.0,315.0,30,NaN,86,13,86,13,NaN,NaN,NaN,NaN,NaN,NaN,NaN,NaN,NaN,NaN,TD,NW,B,B,NaN,NaN,NaN,NaN,NaN,NaN,
1959070412,l04.1959,9X-L04,TY,NN,31.5,281.0,25,NaN,175,5,175,5,NaN,NaN,NaN,NaN,NaN,NaN,NaN,NaN,NaN,NaN,TD,NW,B,B,NaN,NaN,NaN,NaN,NaN,NaN,
1959070418,l04.1959,9X-L04,TY,NN,31.0,281.0,25,NaN,175,5,175,5,NaN,NaN,NaN,NaN,NaN,NaN,NaN,NaN,NaN,NaN,TD,NW,B,B,NaN,NaN,NaN,NaN,NaN,NaN,
1959070500,l04.1959,9X-L04,TY,NN,30.5,281.1,25,NaN,175,5,175,5,NaN,NaN,NaN,NaN,NaN,NaN,NaN,NaN,NaN,NaN,TD,NW,B,B,NaN,NaN,NaN,NaN,NaN,NaN,
1959070506,l04.1959,9X-L04,TY,NN,30.0,281.3,25,NaN,166,5,166,5,NaN,NaN,NaN,NaN,NaN,NaN,NaN,NaN,NaN,NaN,TD,NW,B,B,NaN,NaN,NaN,NaN,NaN,NaN,
1959070512,l04.1959,9X-L04,TY,NN,29.8,281.5,25,NaN,154,4,154,4,NaN,NaN,NaN,NaN,NaN,NaN,NaN,NaN,NaN,NaN,TD,NW,B,B,NaN,NaN,NaN,NaN,NaN,NaN,
1959070518,l04.1959,9X-L04,TY,NN,29.8,281.7,25,NaN,120,2,120,2,NaN,NaN,NaN,NaN,NaN,NaN,NaN,NaN,NaN,NaN,TD,NW,B,B,NaN,NaN,NaN,NaN,NaN,NaN,
1959070600,l04.1959,9X-L04,TY,NN,30.0,281.8,25,NaN,52,2,52,2,NaN,NaN,NaN,NaN,NaN,NaN,NaN,NaN,NaN,NaN,TD,NW,B,B,NaN,NaN,NaN,NaN,NaN,NaN,
1959070606,l04.1959,9X-L04,TY,NN,30.3,282.0,25,NaN,27,3,27,3,NaN,NaN,NaN,NaN,NaN,NaN,NaN,NaN,NaN,NaN,TD,NW,B,B,NaN,NaN,NaN,NaN,NaN,NaN,
1959070612,l04.1959,9X-L04,TY,NN,30.5,282.1,30,NaN,27,3,27,3,NaN,NaN,NaN,NaN,NaN,NaN,NaN,NaN,NaN,NaN,TD,NW,B,B,NaN,NaN,NaN,NaN,NaN,NaN,
1959070618,l04.1959,9X-L04,TY,NN,30.8,282.3,35,NaN,27,3,27,3,NaN,NaN,NaN,NaN,NaN,NaN,NaN,NaN,NaN,NaN,TS,NW,B,B,NaN,NaN,NaN,NaN,NaN,NaN,
1959070700,l04.1959,9X-L04,TY,NN,31.3,282.6,40,NaN,28,5,28,5,NaN,NaN,NaN,NaN,NaN,NaN,NaN,NaN,NaN,NaN,TS,NW,B,B,NaN,NaN,NaN,NaN,NaN,NaN,
1959070706,l04.1959,9X-L04,TY,NN,31.8,282.8,40,NaN,23,5,23,5,NaN,NaN,NaN,NaN,NaN,NaN,NaN,NaN,NaN,NaN,TS,NW,B,B,NaN,NaN,NaN,NaN,NaN,NaN,
1959070712,l04.1959,9X-L04,TY,NN,32.0,283.0,45,NaN,26,4,26,4,NaN,NaN,NaN,NaN,NaN,NaN,NaN,NaN,NaN,NaN,TS,NW,B,B,NaN,NaN,NaN,NaN,NaN,NaN,
1959070718,l04.1959,9X-L04,TY,NN,32.1,283.1,50,NaN,40,2,40,2,NaN,NaN,NaN,NaN,NaN,NaN,NaN,NaN,NaN,NaN,TS,NW,B,B,NaN,NaN,NaN,NaN,NaN,NaN,
1959070800,04l.1959,CINDY,TY,NN,32.2,283.0,55,997,360,1,360,1,NaN,NaN,NaN,NaN,NaN,NaN,NaN,NaN,NaN,NaN,TS,WN,B,B,NaN,NaN,NaN,NaN,NaN,NaN,
1959070806,04l.1959,CINDY,TY,NN,32.3,282.5,60,NaN,292,3,292,3,NaN,NaN,NaN,NaN,NaN,NaN,NaN,NaN,NaN,NaN,TS,WN,B,B,NaN,NaN,NaN,NaN,NaN,NaN,
1959070812,04l.1959,CINDY,TY,NN,32.4,281.9,65,995,282,5,282,5,NaN,NaN,NaN,NaN,NaN,NaN,NaN,NaN,NaN,NaN,TY,WN,B,B,NaN,NaN,NaN,NaN,NaN,NaN,
1959070818,04l.1959,CINDY,TY,NN,32.4,281.3,65,NaN,276,5,276,5,NaN,NaN,NaN,NaN,NaN,NaN,NaN,NaN,NaN,NaN,TY,WN,B,B,NaN,NaN,NaN,NaN,NaN,NaN,
1959070900,04l.1959,CINDY,TY,NN,32.6,280.7,65,995,281,5,281,5,NaN,NaN,NaN,NaN,NaN,NaN,NaN,NaN,NaN,NaN,TY,WN,B,B,NaN,NaN,0.08,NaN,NaN,NaN,
1959070906,04l.1959,CINDY,TY,NN,33.2,280.2,50,NaN,311,6,311,6,NaN,NaN,NaN,NaN,NaN,NaN,NaN,NaN,NaN,NaN,TS,WN,B,B,NaN,NaN,0.74,NaN,NaN,NaN,
1959070912,04l.1959,CINDY,TY,NN,33.7,279.9,35,NaN,329,6,329,6,NaN,NaN,NaN,NaN,NaN,NaN,NaN,NaN,NaN,NaN,TS,NW,B,B,NaN,NaN,0.95,NaN,NaN,NaN,
1959070918,04l.1959,CINDY,TY,NN,34.1,279.7,30,NaN,335,5,335,5,NaN,NaN,NaN,NaN,NaN,NaN,NaN,NaN,NaN,NaN,TD,NW,B,B,NaN,NaN,0.97,NaN,NaN,NaN,
1959071000,04l.1959,CINDY,TY,NN,34.5,280.1,30,NaN,12,4,12,4,NaN,NaN,NaN,NaN,NaN,NaN,NaN,NaN,NaN,NaN,TD,NW,B,B,NaN,NaN,0.99,NaN,NaN,NaN,
1959071006,04l.1959,CINDY,TY,NN,35.1,280.8,30,NaN,42,7,42,7,NaN,NaN,NaN,NaN,NaN,NaN,NaN,NaN,NaN,NaN,TD,NW,B,B,NaN,NaN,1.00,NaN,NaN,NaN,
1959071012,04l.1959,CINDY,TY,NN,35.9,282.1,35,NaN,49,11,49,11,NaN,NaN,NaN,NaN,NaN,NaN,NaN,NaN,NaN,NaN,TS,NW,B,B,NaN,NaN,0.97,NaN,NaN,NaN,
1959071018,04l.1959,CINDY,TY,NN,36.9,283.6,40,NaN,52,14,52,14,NaN,NaN,NaN,NaN,NaN,NaN,NaN,NaN,NaN,NaN,TS,NW,B,B,NaN,NaN,0.67,NaN,NaN,NaN,
1959071100,04l.1959,CINDY,TY,NN,38.0,285.4,45,NaN,51,17,51,17,NaN,NaN,NaN,NaN,NaN,NaN,NaN,NaN,NaN,NaN,TS,NW,B,B,NaN,NaN,NaN,NaN,NaN,NaN,
1959071106,04l.1959,CINDY,TY,NN,39.5,287.3,50,NaN,48,20,48,20,NaN,NaN,NaN,NaN,NaN,NaN,NaN,NaN,NaN,NaN,TS,NW,B,B,NaN,NaN,NaN,NaN,NaN,NaN,
1959071112,04l.1959,CINDY,TY,NN,41.7,289.3,50,998,39,24,39,24,NaN,NaN,NaN,NaN,NaN,NaN,NaN,NaN,NaN,NaN,TS,NW,B,B,NaN,NaN,0.29,NaN,NaN,NaN,
1959071118,04l.1959,CINDY,TY,NN,44.3,292.3,45,1000,38,30,38,30,NaN,NaN,NaN,NaN,NaN,NaN,NaN,NaN,NaN,NaN,TS,NW,B,B,NaN,NaN,0.35,NaN,NaN,NaN,
1959071200,04l.1959,CINDY,TY,NN,46.3,295.1,40,NaN,42,31,42,31,NaN,NaN,NaN,NaN,NaN,NaN,NaN,NaN,NaN,NaN,TS,NW,B,B,NaN,NaN,0.87,NaN,NaN,NaN,
1959071206,04l.1959,CINDY,TY,NN,48.3,298.0,35,NaN,45,28,45,28,NaN,NaN,NaN,NaN,NaN,NaN,NaN,NaN,NaN,NaN,TS,NW,B,B,NaN,NaN,NaN,NaN,NaN,NaN,
1959071212,04l.1959,CINDY,TY,NN,50.5,300.9,30,NaN,42,28,42,28,NaN,NaN,NaN,NaN,NaN,NaN,NaN,NaN,NaN,NaN,TD,NW,B,B,NaN,NaN,0.13,NaN,NaN,NaN,
1959071218,04l.1959,CINDY,TY,NN,53.0,303.8,25,NaN,38,30,38,30,NaN,NaN,NaN,NaN,NaN,NaN,NaN,NaN,NaN,NaN,TD,NW,B,B,NaN,NaN,0.55,NaN,NaN,NaN,
1959072218,l05.1959,9X-L05,TY,NN,27.5,268.8,25,NaN,292,5,292,5,NaN,NaN,NaN,NaN,NaN,NaN,NaN,NaN,NaN,NaN,TD,NW,B,B,NaN,NaN,NaN,NaN,NaN,NaN,
1959072300,l05.1959,9X-L05,TY,NN,27.6,268.3,25,NaN,292,5,292,5,NaN,NaN,NaN,NaN,NaN,NaN,NaN,NaN,NaN,NaN,TD,NW,B,B,NaN,NaN,NaN,NaN,NaN,NaN,
1959072306,l05.1959,9X-L05,TY,NN,27.9,267.7,30,NaN,292,5,292,5,NaN,NaN,NaN,NaN,NaN,NaN,NaN,NaN,NaN,NaN,TD,NW,B,B,NaN,NaN,NaN,NaN,NaN,NaN,
1959072312,l05.1959,9X-L05,TY,NN,28.2,267.1,30,NaN,299,6,299,6,NaN,NaN,NaN,NaN,NaN,NaN,NaN,NaN,NaN,NaN,TD,NW,B,B,NaN,NaN,NaN,NaN,NaN,NaN,
1959072318,l05.1959,9X-L05,TY,NN,28.5,266.5,30,NaN,300,6,300,6,NaN,NaN,NaN,NaN,NaN,NaN,NaN,NaN,NaN,NaN,TD,NW,B,B,NaN,NaN,NaN,NaN,NaN,NaN,
1959072400,05l.1959,DEBRA,TY,NN,28.5,265.9,35,NaN,286,5,286,5,NaN,NaN,NaN,NaN,NaN,NaN,NaN,NaN,NaN,NaN,TS,NW,B,B,NaN,NaN,NaN,NaN,NaN,NaN,
1959072406,05l.1959,DEBRA,TY,NN,28.3,265.4,50,NaN,258,5,258,5,NaN,NaN,NaN,NaN,NaN,NaN,NaN,NaN,NaN,NaN,TS,NW,B,B,NaN,NaN,NaN,NaN,NaN,NaN,
1959072412,05l.1959,DEBRA,TY,NN,28.3,265.0,65,NaN,256,4,256,4,NaN,NaN,NaN,NaN,NaN,NaN,NaN,NaN,NaN,NaN,TY,NW,B,B,NaN,NaN,NaN,NaN,NaN,NaN,
1959072418,05l.1959,DEBRA,TY,NN,28.4,264.8,65,985,281,3,281,3,NaN,NaN,NaN,NaN,NaN,NaN,NaN,NaN,NaN,NaN,TY,NW,B,B,NaN,NaN,NaN,NaN,NaN,NaN,
1959072500,05l.1959,DEBRA,TY,NN,28.7,264.8,70,984,336,2,336,2,NaN,NaN,NaN,NaN,NaN,NaN,NaN,NaN,NaN,NaN,TY,NW,B,B,NaN,NaN,NaN,NaN,NaN,NaN,
1959072506,05l.1959,DEBRA,TY,NN,29.2,264.8,75,980,360,4,360,4,NaN,NaN,NaN,NaN,NaN,NaN,NaN,NaN,NaN,NaN,TY,NW,B,B,NaN,NaN,0.25,NaN,NaN,NaN,
1959072512,05l.1959,DEBRA,TY,NN,29.5,264.9,55,986,6,4,6,4,NaN,NaN,NaN,NaN,NaN,NaN,NaN,NaN,NaN,NaN,TS,NW,B,B,NaN,NaN,0.66,NaN,NaN,NaN,
1959072518,05l.1959,DEBRA,TY,NN,30.0,264.9,50,NaN,6,4,6,4,NaN,NaN,NaN,NaN,NaN,NaN,NaN,NaN,NaN,NaN,TS,NW,B,B,NaN,NaN,0.90,NaN,NaN,NaN,
1959072600,05l.1959,DEBRA,TY,NN,30.6,264.9,40,NaN,360,6,360,6,NaN,NaN,NaN,NaN,NaN,NaN,NaN,NaN,NaN,NaN,TS,NW,B,B,NaN,NaN,0.99,NaN,NaN,NaN,
1959072606,05l.1959,DEBRA,TY,NN,31.3,264.8,30,NaN,356,7,356,7,NaN,NaN,NaN,NaN,NaN,NaN,NaN,NaN,NaN,NaN,TD,NW,B,B,NaN,NaN,0.99,NaN,NaN,NaN,
1959072612,05l.1959,DEBRA,TY,NN,32.1,264.6,30,NaN,350,8,350,8,NaN,NaN,NaN,NaN,NaN,NaN,NaN,NaN,NaN,NaN,TD,NW,B,B,NaN,NaN,0.99,NaN,NaN,NaN,
1959072618,05l.1959,DEBRA,TY,NN,33.1,264.4,25,NaN,349,9,349,9,NaN,NaN,NaN,NaN,NaN,NaN,NaN,NaN,NaN,NaN,TD,NW,B,B,NaN,NaN,0.99,NaN,NaN,NaN,
1959072700,05l.1959,DEBRA,TY,NN,34.1,263.8,25,NaN,341,11,341,11,NaN,NaN,NaN,NaN,NaN,NaN,NaN,NaN,NaN,NaN,TD,NW,B,B,NaN,NaN,0.99,NaN,NaN,NaN,
1959072706,05l.1959,DEBRA,TY,NN,35.0,262.9,25,NaN,327,11,327,11,NaN,NaN,NaN,NaN,NaN,NaN,NaN,NaN,NaN,NaN,TD,NW,B,B,NaN,NaN,0.99,NaN,NaN,NaN,
1959072712,05l.1959,DEBRA,TY,NN,35.8,262.0,25,NaN,319,11,319,11,NaN,NaN,NaN,NaN,NaN,NaN,NaN,NaN,NaN,NaN,TD,NW,B,B,NaN,NaN,1.00,NaN,NaN,NaN,
1959072718,05l.1959,DEBRA,TY,NN,36.2,261.2,25,NaN,311,9,311,9,NaN,NaN,NaN,NaN,NaN,NaN,NaN,NaN,NaN,NaN,TD,NW,B,B,NaN,NaN,0.99,NaN,NaN,NaN,
1959081800,06l.1959,EDITH,TS,NN,14.3,302.1,35,1007,288,20,288,20,NaN,NaN,NaN,NaN,NaN,NaN,NaN,NaN,NaN,NaN,TS,WN,B,B,NaN,NaN,NaN,NaN,NaN,NaN,
1959081806,06l.1959,EDITH,TS,NN,14.9,300.1,40,NaN,288,20,288,20,NaN,NaN,NaN,NaN,NaN,NaN,NaN,NaN,NaN,NaN,TS,WN,B,B,NaN,NaN,NaN,NaN,NaN,NaN,
1959081812,06l.1959,EDITH,TS,NN,15.5,298.2,50,NaN,288,20,288,20,NaN,NaN,NaN,NaN,NaN,NaN,NaN,NaN,NaN,NaN,TS,NW,B,B,NaN,NaN,NaN,NaN,NaN,NaN,
1959081818,06l.1959,EDITH,TS,NN,16.1,296.3,40,NaN,288,19,288,19,NaN,NaN,NaN,NaN,NaN,NaN,NaN,NaN,NaN,NaN,TS,NW,B,B,NaN,NaN,NaN,NaN,NaN,NaN,
1959081900,06l.1959,EDITH,TS,NN,16.7,294.5,35,NaN,289,19,289,19,NaN,NaN,NaN,NaN,NaN,NaN,NaN,NaN,NaN,NaN,TS,NW,B,B,NaN,NaN,NaN,NaN,NaN,NaN,
1959090906,l07.1959,9X-L07,TY,NN,16.8,314.2,25,NaN,342,14,342,14,NaN,NaN,NaN,NaN,NaN,NaN,NaN,NaN,NaN,NaN,TD,NW,B,B,NaN,NaN,NaN,NaN,NaN,NaN,
1959090912,l07.1959,9X-L07,TY,NN,18.2,313.5,25,NaN,342,14,342,14,NaN,NaN,NaN,NaN,NaN,NaN,NaN,NaN,NaN,NaN,TD,NW,B,B,NaN,NaN,NaN,NaN,NaN,NaN,
1959090918,l07.1959,9X-L07,TY,NN,19.5,313.3,25,NaN,342,14,342,14,NaN,NaN,NaN,NaN,NaN,NaN,NaN,NaN,NaN,NaN,TD,NW,B,B,NaN,NaN,NaN,NaN,NaN,NaN,
1959091000,l07.1959,9X-L07,TY,NN,20.8,313.5,30,NaN,360,13,360,13,NaN,NaN,NaN,NaN,NaN,NaN,NaN,NaN,NaN,NaN,TD,NW,B,B,NaN,NaN,NaN,NaN,NaN,NaN,
1959091006,l07.1959,9X-L07,TY,NN,22.0,314.0,35,NaN,15,13,15,13,NaN,NaN,NaN,NaN,NaN,NaN,NaN,NaN,NaN,NaN,TS,NW,B,B,NaN,NaN,NaN,NaN,NaN,NaN,
1959091012,l07.1959,9X-L07,TY,NN,23.1,314.6,40,NaN,24,13,24,13,NaN,NaN,NaN,NaN,NaN,NaN,NaN,NaN,NaN,NaN,TS,NW,B,B,NaN,NaN,NaN,NaN,NaN,NaN,
1959091018,07l.1959,FLORA,TY,NN,24.3,315.2,45,1008,26,13,26,13,NaN,NaN,NaN,NaN,NaN,NaN,NaN,NaN,NaN,NaN,TS,WN,B,B,NaN,NaN,NaN,NaN,NaN,NaN,
1959091100,07l.1959,FLORA,TY,NN,25.5,315.8,55,NaN,24,13,24,13,NaN,NaN,NaN,NaN,NaN,NaN,NaN,NaN,NaN,NaN,TS,WN,B,B,NaN,NaN,NaN,NaN,NaN,NaN,
1959091106,07l.1959,FLORA,TY,NN,26.9,316.4,60,NaN,23,14,23,14,NaN,NaN,NaN,NaN,NaN,NaN,NaN,NaN,NaN,NaN,TS,WN,B,B,NaN,NaN,NaN,NaN,NaN,NaN,
1959091112,07l.1959,FLORA,TY,NN,28.5,317.4,65,NaN,25,17,25,17,NaN,NaN,NaN,NaN,NaN,NaN,NaN,NaN,NaN,NaN,TY,WN,B,B,NaN,NaN,NaN,NaN,NaN,NaN,
1959091118,07l.1959,FLORA,TY,NN,30.0,319.3,55,1001,39,20,39,20,NaN,NaN,NaN,NaN,NaN,NaN,NaN,NaN,NaN,NaN,TS,WN,B,B,NaN,NaN,NaN,NaN,NaN,NaN,
1959091200,07l.1959,FLORA,TY,NN,31.7,321.5,50,NaN,48,24,48,24,NaN,NaN,NaN,NaN,NaN,NaN,NaN,NaN,NaN,NaN,TS,WN,B,B,NaN,NaN,NaN,NaN,NaN,NaN,
1959091206,07l.1959,FLORA,TY,NN,33.5,325.0,50,NaN,54,30,54,30,NaN,NaN,NaN,NaN,NaN,NaN,NaN,NaN,NaN,NaN,TS,WN,B,B,NaN,NaN,NaN,NaN,NaN,NaN,
1959091212,07l.1959,FLORA,TY,NN,35.2,328.8,50,NaN,60,35,60,35,NaN,NaN,NaN,NaN,NaN,NaN,NaN,NaN,NaN,NaN,TS,WN,B,B,NaN,NaN,NaN,NaN,NaN,NaN,
1959091218,07l.1959,FLORA,TY,NN,36.8,331.9,50,994,60,33,60,33,NaN,NaN,NaN,NaN,NaN,NaN,NaN,NaN,NaN,NaN,TS,NW,B,B,NaN,NaN,NaN,NaN,NaN,NaN,
1959091300,07l.1959,FLORA,TY,NN,38.7,335.9,50,NaN,58,33,58,33,NaN,NaN,NaN,NaN,NaN,NaN,NaN,NaN,NaN,NaN,TS,NW,B,B,NaN,NaN,NaN,NaN,NaN,NaN,
1959092012,l08.1959,9X-L08,TY,NN,19.8,291.7,25,1009,277,13,277,13,NaN,NaN,NaN,NaN,NaN,NaN,NaN,NaN,NaN,NaN,TD,NW,B,B,NaN,NaN,NaN,NaN,NaN,NaN,
1959092018,l08.1959,9X-L08,TY,NN,19.9,290.4,25,1008,277,13,277,13,NaN,NaN,NaN,NaN,NaN,NaN,NaN,NaN,NaN,NaN,TD,NW,B,B,NaN,NaN,0.02,NaN,NaN,NaN,
1959092100,l08.1959,9X-L08,TY,NN,20.1,289.0,25,NaN,277,13,277,13,NaN,NaN,NaN,NaN,NaN,NaN,NaN,NaN,NaN,NaN,TD,NW,B,B,NaN,NaN,0.35,NaN,NaN,NaN,
1959092106,l08.1959,9X-L08,TY,NN,20.3,287.6,30,NaN,279,13,279,13,NaN,NaN,NaN,NaN,NaN,NaN,NaN,NaN,NaN,NaN,TD,NW,B,B,NaN,NaN,0.02,NaN,NaN,NaN,
1959092112,l08.1959,9X-L08,TY,NN,20.6,286.3,30,1011,281,13,281,13,NaN,NaN,NaN,NaN,NaN,NaN,NaN,NaN,NaN,NaN,TD,NW,B,B,NaN,NaN,0.03,NaN,NaN,NaN,
1959092118,l08.1959,9X-L08,TY,NN,21.2,285.9,30,1009,300,9,300,9,NaN,NaN,NaN,NaN,NaN,NaN,NaN,NaN,NaN,NaN,TD,NW,B,B,NaN,NaN,0.02,NaN,NaN,NaN,
1959092200,l08.1959,9X-L08,TY,NN,21.8,285.9,35,NaN,343,6,343,6,NaN,NaN,NaN,NaN,NaN,NaN,NaN,NaN,NaN,NaN,TS,NW,B,B,NaN,NaN,0.02,NaN,NaN,NaN,
1959092206,l08.1959,9X-L08,TY,NN,22.2,286.4,45,NaN,25,6,25,6,NaN,NaN,NaN,NaN,NaN,NaN,NaN,NaN,NaN,NaN,TS,NW,B,B,NaN,NaN,0.02,NaN,NaN,NaN,
1959092212,l08.1959,9X-L08,TY,NN,22.6,286.8,55,NaN,46,6,46,6,NaN,NaN,NaN,NaN,NaN,NaN,NaN,NaN,NaN,NaN,TS,NW,B,B,NaN,NaN,0.02,NaN,NaN,NaN,
1959092218,08l.1959,GRACIE,TY,NN,23.2,287.0,65,997,29,6,29,6,NaN,NaN,NaN,NaN,NaN,NaN,NaN,NaN,NaN,NaN,TY,WN,B,B,NaN,NaN,NaN,NaN,NaN,NaN,
1959092300,08l.1959,GRACIE,TY,NN,23.9,287.0,65,1000,8,7,8,7,NaN,NaN,NaN,NaN,NaN,NaN,NaN,NaN,NaN,NaN,TY,WN,B,B,NaN,NaN,NaN,NaN,NaN,NaN,
1959092306,08l.1959,GRACIE,TY,NN,24.4,286.8,65,1002,351,6,351,6,NaN,NaN,NaN,NaN,NaN,NaN,NaN,NaN,NaN,NaN,TY,WN,B,B,NaN,NaN,NaN,NaN,NaN,NaN,
1959092312,08l.1959,GRACIE,TY,NN,24.9,286.5,65,NaN,336,5,336,5,NaN,NaN,NaN,NaN,NaN,NaN,NaN,NaN,NaN,NaN,TY,WN,B,B,NaN,NaN,NaN,NaN,NaN,NaN,
1959092318,08l.1959,GRACIE,TY,NN,25.4,286.0,60,NaN,324,6,324,6,NaN,NaN,NaN,NaN,NaN,NaN,NaN,NaN,NaN,NaN,TS,WN,B,B,NaN,NaN,NaN,NaN,NaN,NaN,
1959092400,08l.1959,GRACIE,TY,NN,25.8,285.4,55,1001,312,7,312,7,NaN,NaN,NaN,NaN,NaN,NaN,NaN,NaN,NaN,NaN,TS,WN,B,B,NaN,NaN,NaN,NaN,NaN,NaN,
1959092406,08l.1959,GRACIE,TY,NN,26.2,284.9,55,NaN,309,6,309,6,NaN,NaN,NaN,NaN,NaN,NaN,NaN,NaN,NaN,NaN,TS,WN,B,B,NaN,NaN,NaN,NaN,NaN,NaN,
1959092412,08l.1959,GRACIE,TY,NN,26.5,284.6,55,1000,314,5,314,5,NaN,NaN,NaN,NaN,NaN,NaN,NaN,NaN,NaN,NaN,TS,WN,B,B,NaN,NaN,NaN,NaN,NaN,NaN,
1959092418,08l.1959,GRACIE,TY,NN,26.9,284.5,50,NaN,333,4,333,4,NaN,NaN,NaN,NaN,NaN,NaN,NaN,NaN,NaN,NaN,TS,WN,B,B,NaN,NaN,NaN,NaN,NaN,NaN,
1959092500,08l.1959,GRACIE,TY,NN,27.4,284.6,45,1004,360,5,360,4,NaN,NaN,NaN,NaN,NaN,NaN,NaN,NaN,NaN,NaN,TS,WN,B,B,NaN,NaN,NaN,NaN,NaN,NaN,
1959092506,08l.1959,GRACIE,TY,NN,27.7,284.8,45,1000,18,4,18,4,NaN,NaN,NaN,NaN,NaN,NaN,NaN,NaN,NaN,NaN,TS,WN,B,B,NaN,NaN,NaN,NaN,NaN,NaN,
1959092512,08l.1959,GRACIE,TY,NN,27.9,285.0,50,NaN,35,3,35,3,NaN,NaN,NaN,NaN,NaN,NaN,NaN,NaN,NaN,NaN,TS,WN,B,B,NaN,NaN,NaN,NaN,NaN,NaN,
1959092518,08l.1959,GRACIE,TY,NN,28.0,285.2,50,997,50,2,50,2,NaN,NaN,NaN,NaN,NaN,NaN,NaN,NaN,NaN,NaN,TS,WN,B,B,NaN,NaN,NaN,NaN,NaN,NaN,
1959092600,08l.1959,GRACIE,TY,NN,27.8,285.5,45,1000,103,2,103,2,NaN,NaN,NaN,NaN,NaN,NaN,NaN,NaN,NaN,NaN,TS,WN,B,B,NaN,NaN,NaN,NaN,NaN,NaN,
1959092606,08l.1959,GRACIE,TY,NN,27.8,285.9,50,NaN,108,3,108,3,NaN,NaN,NaN,NaN,NaN,NaN,NaN,NaN,NaN,NaN,TS,WN,B,B,NaN,NaN,NaN,NaN,NaN,NaN,
1959092612,08l.1959,GRACIE,TY,NN,27.8,286.5,55,NaN,90,4,90,4,NaN,NaN,NaN,NaN,NaN,NaN,NaN,NaN,NaN,NaN,TS,WN,B,B,NaN,NaN,NaN,NaN,NaN,NaN,
1959092618,08l.1959,GRACIE,TY,NN,27.9,287.0,60,NaN,84,5,84,5,NaN,NaN,NaN,NaN,NaN,NaN,NaN,NaN,NaN,NaN,TS,WN,B,B,NaN,NaN,NaN,NaN,NaN,NaN,
1959092700,08l.1959,GRACIE,TY,NN,28.0,287.0,60,997,66,2,66,2,NaN,NaN,NaN,NaN,NaN,NaN,NaN,NaN,NaN,NaN,TS,WN,B,B,NaN,NaN,NaN,NaN,NaN,NaN,
1959092706,08l.1959,GRACIE,TY,NN,28.2,286.5,65,NaN,304,3,304,3,NaN,NaN,NaN,NaN,NaN,NaN,NaN,NaN,NaN,NaN,TY,WN,B,B,NaN,NaN,NaN,NaN,NaN,NaN,
1959092712,08l.1959,GRACIE,TY,NN,28.4,286.0,65,NaN,294,5,294,5,NaN,NaN,NaN,NaN,NaN,NaN,NaN,NaN,NaN,NaN,TY,WN,B,B,NaN,NaN,NaN,NaN,NaN,NaN,
1959092718,08l.1959,GRACIE,TY,NN,28.5,285.5,70,NaN,289,5,289,5,NaN,NaN,NaN,NaN,NaN,NaN,NaN,NaN,NaN,NaN,TY,WN,B,B,NaN,NaN,NaN,NaN,NaN,NaN,
1959092800,08l.1959,GRACIE,TY,NN,28.5,285.0,75,981,276,4,276,4,NaN,NaN,NaN,NaN,NaN,NaN,NaN,NaN,NaN,NaN,TY,WN,B,B,NaN,NaN,NaN,NaN,NaN,NaN,
1959092806,08l.1959,GRACIE,TY,NN,28.7,284.5,80,979,283,5,283,5,NaN,NaN,NaN,NaN,NaN,NaN,NaN,NaN,NaN,NaN,TY,WN,B,B,NaN,NaN,NaN,NaN,NaN,NaN,
1959092812,08l.1959,GRACIE,TY,NN,28.9,283.7,90,NaN,289,6,289,6,NaN,NaN,NaN,NaN,NaN,NaN,NaN,NaN,NaN,NaN,TY,WN,B,B,NaN,NaN,NaN,NaN,NaN,NaN,
1959092818,08l.1959,GRACIE,TY,NN,29.4,282.9,105,964,297,8,297,8,NaN,NaN,NaN,NaN,NaN,NaN,NaN,NaN,NaN,NaN,TY,WN,B,B,NaN,NaN,NaN,NaN,NaN,NaN,
1959092900,08l.1959,GRACIE,TY,NN,30.0,281.9,110,957,305,10,305,10,NaN,NaN,NaN,NaN,NaN,NaN,NaN,NaN,NaN,NaN,TY,WN,B,B,NaN,NaN,NaN,NaN,NaN,NaN,
1959092906,08l.1959,GRACIE,TY,NN,30.6,280.9,115,951,305,11,305,11,NaN,NaN,NaN,NaN,NaN,NaN,NaN,NaN,NaN,NaN,TY,WN,B,B,NaN,NaN,NaN,NaN,NaN,NaN,
1959092912,08l.1959,GRACIE,TY,NN,31.6,280.2,115,NaN,318,11,318,11,NaN,NaN,NaN,NaN,NaN,NaN,NaN,NaN,NaN,NaN,TY,WN,B,B,NaN,NaN,NaN,NaN,NaN,NaN,
1959092918,08l.1959,GRACIE,TY,NN,32.5,279.4,115,951,326,11,326,11,NaN,NaN,NaN,NaN,NaN,NaN,NaN,NaN,NaN,NaN,TY,WN,B,B,NaN,NaN,0.58,NaN,NaN,NaN,
1959093000,08l.1959,GRACIE,TY,NN,33.7,279.1,65,NaN,336,11,336,11,NaN,NaN,NaN,NaN,NaN,NaN,NaN,NaN,NaN,NaN,TY,WN,B,B,NaN,NaN,0.99,NaN,NaN,NaN,
1959093006,08l.1959,GRACIE,TY,NN,34.8,278.7,45,NaN,346,12,346,12,NaN,NaN,NaN,NaN,NaN,NaN,NaN,NaN,NaN,NaN,TS,WN,B,B,NaN,NaN,0.99,NaN,NaN,NaN,
1959093012,08l.1959,GRACIE,TY,NN,36.0,278.4,35,NaN,346,12,346,12,NaN,NaN,NaN,NaN,NaN,NaN,NaN,NaN,NaN,NaN,TS,NW,B,B,NaN,NaN,0.99,NaN,NaN,NaN,
1959093018,08l.1959,GRACIE,TY,NN,37.7,278.3,30,NaN,354,15,354,15,NaN,NaN,NaN,NaN,NaN,NaN,NaN,NaN,NaN,NaN,TD,NW,B,B,NaN,NaN,1.00,NaN,NaN,NaN,
1959100100,08l.1959,GRACIE,TY,NN,39.3,279.0,25,NaN,8,17,8,17,NaN,NaN,NaN,NaN,NaN,NaN,NaN,NaN,NaN,NaN,TD,NW,B,B,NaN,NaN,0.98,NaN,NaN,NaN,
1959100106,08l.1959,GRACIE,TY,NN,40.6,280.9,25,NaN,35,18,35,18,NaN,NaN,NaN,NaN,NaN,NaN,NaN,NaN,NaN,NaN,TD,NW,B,B,NaN,NaN,1.00,NaN,NaN,NaN,
1959100112,08l.1959,GRACIE,TY,NN,41.7,283.0,25,NaN,52,19,52,19,NaN,NaN,NaN,NaN,NaN,NaN,NaN,NaN,NaN,NaN,TD,NW,B,B,NaN,NaN,1.00,NaN,NaN,NaN,
1959100118,08l.1959,GRACIE,TY,NN,42.5,285.2,25,NaN,59,19,59,19,NaN,NaN,NaN,NaN,NaN,NaN,NaN,NaN,NaN,NaN,TD,NW,B,B,NaN,NaN,0.98,NaN,NaN,NaN,
1959100200,08l.1959,GRACIE,TY,NN,42.9,288.0,25,NaN,72,19,72,19,NaN,NaN,NaN,NaN,NaN,NaN,NaN,NaN,NaN,NaN,TD,NW,B,B,NaN,NaN,0.96,NaN,NaN,NaN,
1959100206,08l.1959,GRACIE,TY,NN,43.0,292.0,25,NaN,84,25,84,25,NaN,NaN,NaN,NaN,NaN,NaN,NaN,NaN,NaN,NaN,TD,NW,B,B,NaN,NaN,NaN,NaN,NaN,NaN,
1959100212,08l.1959,GRACIE,TY,NN,43.0,296.6,25,NaN,89,31,89,31,NaN,NaN,NaN,NaN,NaN,NaN,NaN,NaN,NaN,NaN,TD,NW,B,B,NaN,NaN,NaN,NaN,NaN,NaN,
1959092712,l09.1959,9X-L09,TY,NN,26.8,310.1,30,NaN,280,6,280,6,NaN,NaN,NaN,NaN,NaN,NaN,NaN,NaN,NaN,NaN,TD,NW,B,B,NaN,NaN,NaN,NaN,NaN,NaN,
1959092718,l09.1959,9X-L09,TY,NN,26.9,309.5,30,NaN,280,6,280,6,NaN,NaN,NaN,NaN,NaN,NaN,NaN,NaN,NaN,NaN,TD,NW,B,B,NaN,NaN,NaN,NaN,NaN,NaN,
1959092800,l09.1959,9X-L09,TY,NN,27.0,308.8,35,NaN,280,6,280,6,NaN,NaN,NaN,NaN,NaN,NaN,NaN,NaN,NaN,NaN,TS,NW,B,B,NaN,NaN,NaN,NaN,NaN,NaN,
1959092806,l09.1959,9X-L09,TY,NN,27.2,308.1,40,NaN,284,6,284,6,NaN,NaN,NaN,NaN,NaN,NaN,NaN,NaN,NaN,NaN,TS,NW,B,B,NaN,NaN,NaN,NaN,NaN,NaN,
1959092812,l09.1959,9X-L09,TY,NN,27.5,307.2,45,NaN,289,8,289,8,NaN,NaN,NaN,NaN,NaN,NaN,NaN,NaN,NaN,NaN,TS,NW,B,B,NaN,NaN,NaN,NaN,NaN,NaN,
1959092818,l09.1959,9X-L09,TY,NN,27.6,306.0,55,NaN,282,10,282,10,NaN,NaN,NaN,NaN,NaN,NaN,NaN,NaN,NaN,NaN,TS,NW,B,B,NaN,NaN,NaN,NaN,NaN,NaN,
1959092900,09l.1959,HANNAH,TY,NN,27.4,304.6,60,996,268,12,268,12,NaN,NaN,NaN,NaN,NaN,NaN,NaN,NaN,NaN,NaN,TS,WN,B,B,NaN,NaN,NaN,NaN,NaN,NaN,
1959092906,09l.1959,HANNAH,TY,NN,26.7,302.8,65,NaN,252,15,252,15,NaN,NaN,NaN,NaN,NaN,NaN,NaN,NaN,NaN,NaN,TY,WN,B,B,NaN,NaN,NaN,NaN,NaN,NaN,
1959092912,09l.1959,HANNAH,TY,NN,26.3,301.0,70,NaN,251,17,251,17,NaN,NaN,NaN,NaN,NaN,NaN,NaN,NaN,NaN,NaN,TY,WN,B,B,NaN,NaN,NaN,NaN,NaN,NaN,
1959092918,09l.1959,HANNAH,TY,NN,26.2,299.0,75,NaN,262,17,262,17,NaN,NaN,NaN,NaN,NaN,NaN,NaN,NaN,NaN,NaN,TY,WN,B,B,NaN,NaN,NaN,NaN,NaN,NaN,
1959093000,09l.1959,HANNAH,TY,NN,26.2,297.4,80,NaN,268,16,268,16,NaN,NaN,NaN,NaN,NaN,NaN,NaN,NaN,NaN,NaN,TY,WN,B,B,NaN,NaN,NaN,NaN,NaN,NaN,
1959093006,09l.1959,HANNAH,TY,NN,26.4,296.2,85,NaN,275,13,275,13,NaN,NaN,NaN,NaN,NaN,NaN,NaN,NaN,NaN,NaN,TY,WN,B,B,NaN,NaN,NaN,NaN,NaN,NaN,
1959093012,09l.1959,HANNAH,TY,NN,26.9,295.3,90,975,290,10,290,10,NaN,NaN,NaN,NaN,NaN,NaN,NaN,NaN,NaN,NaN,TY,WN,B,B,NaN,NaN,NaN,NaN,NaN,NaN,
1959093018,09l.1959,HANNAH,TY,NN,27.9,294.4,105,959,313,11,313,11,NaN,NaN,NaN,NaN,NaN,NaN,NaN,NaN,NaN,NaN,TY,WN,B,B,NaN,NaN,NaN,NaN,NaN,NaN,
1959100100,09l.1959,HANNAH,TY,NN,28.8,293.6,105,NaN,322,12,322,12,NaN,NaN,NaN,NaN,NaN,NaN,NaN,NaN,NaN,NaN,TY,WN,B,B,NaN,NaN,NaN,NaN,NaN,NaN,
1959100106,09l.1959,HANNAH,TY,NN,29.6,292.8,100,NaN,320,11,320,11,NaN,NaN,NaN,NaN,NaN,NaN,NaN,NaN,NaN,NaN,TY,WN,B,B,NaN,NaN,NaN,NaN,NaN,NaN,
1959100112,09l.1959,HANNAH,TY,NN,30.5,291.9,100,967,319,11,319,11,NaN,NaN,NaN,NaN,NaN,NaN,NaN,NaN,NaN,NaN,TY,WN,B,B,NaN,NaN,NaN,NaN,NaN,NaN,
1959100118,09l.1959,HANNAH,TY,NN,31.6,291.0,100,963,322,13,322,13,NaN,NaN,NaN,NaN,NaN,NaN,NaN,NaN,NaN,NaN,TY,WN,B,B,NaN,NaN,NaN,NaN,NaN,NaN,
1959100200,09l.1959,HANNAH,TY,NN,32.6,290.8,100,NaN,336,11,336,11,NaN,NaN,NaN,NaN,NaN,NaN,NaN,NaN,NaN,NaN,TY,WN,B,B,NaN,NaN,NaN,NaN,NaN,NaN,
1959100206,09l.1959,HANNAH,TY,NN,33.5,291.1,100,NaN,3,10,3,10,NaN,NaN,NaN,NaN,NaN,NaN,NaN,NaN,NaN,NaN,TY,WN,B,B,NaN,NaN,NaN,NaN,NaN,NaN,
1959100212,09l.1959,HANNAH,TY,NN,34.1,292.0,100,NaN,34,9,34,9,NaN,NaN,NaN,NaN,NaN,NaN,NaN,NaN,NaN,NaN,TY,WN,B,B,NaN,NaN,NaN,NaN,NaN,NaN,
1959100218,09l.1959,HANNAH,TY,NN,34.5,292.8,95,961,55,9,55,9,NaN,NaN,NaN,NaN,NaN,NaN,NaN,NaN,NaN,NaN,TY,WN,B,B,NaN,NaN,NaN,NaN,NaN,NaN,
1959100300,09l.1959,HANNAH,TY,NN,35.0,293.5,95,NaN,54,8,54,8,NaN,NaN,NaN,NaN,NaN,NaN,NaN,NaN,NaN,NaN,TY,WN,B,B,NaN,NaN,NaN,NaN,NaN,NaN,
1959100306,09l.1959,HANNAH,TY,NN,35.3,294.3,90,NaN,57,7,57,7,NaN,NaN,NaN,NaN,NaN,NaN,NaN,NaN,NaN,NaN,TY,WN,B,B,NaN,NaN,NaN,NaN,NaN,NaN,
1959100312,09l.1959,HANNAH,TY,NN,35.7,295.3,85,966,65,8,65,8,NaN,NaN,NaN,NaN,NaN,NaN,NaN,NaN,NaN,NaN,TY,WN,B,B,NaN,NaN,NaN,NaN,NaN,NaN,
1959100318,09l.1959,HANNAH,TY,NN,36.1,296.6,85,NaN,67,10,67,10,NaN,NaN,NaN,NaN,NaN,NaN,NaN,NaN,NaN,NaN,TY,WN,B,B,NaN,NaN,NaN,NaN,NaN,NaN,
1959100400,09l.1959,HANNAH,TY,NN,36.4,297.7,85,NaN,70,10,70,10,NaN,NaN,NaN,NaN,NaN,NaN,NaN,NaN,NaN,NaN,TY,WN,B,B,NaN,NaN,NaN,NaN,NaN,NaN,
1959100406,09l.1959,HANNAH,TY,NN,36.7,298.5,85,NaN,69,8,69,8,NaN,NaN,NaN,NaN,NaN,NaN,NaN,NaN,NaN,NaN,TY,WN,B,B,NaN,NaN,NaN,NaN,NaN,NaN,
1959100412,09l.1959,HANNAH,TY,NN,36.9,299.9,85,NaN,74,9,74,9,NaN,NaN,NaN,NaN,NaN,NaN,NaN,NaN,NaN,NaN,TY,WN,B,B,NaN,NaN,NaN,NaN,NaN,NaN,
1959100418,09l.1959,HANNAH,TY,NN,37.1,301.6,85,970,81,13,81,13,NaN,NaN,NaN,NaN,NaN,NaN,NaN,NaN,NaN,NaN,TY,WN,B,B,NaN,NaN,NaN,NaN,NaN,NaN,
1959100500,09l.1959,HANNAH,TY,NN,37.1,303.5,85,NaN,86,14,86,14,NaN,NaN,NaN,NaN,NaN,NaN,NaN,NaN,NaN,NaN,TY,WN,B,B,NaN,NaN,NaN,NaN,NaN,NaN,
1959100506,09l.1959,HANNAH,TY,NN,36.9,305.9,85,NaN,93,17,93,17,NaN,NaN,NaN,NaN,NaN,NaN,NaN,NaN,NaN,NaN,TY,WN,B,B,NaN,NaN,NaN,NaN,NaN,NaN,
1959100512,09l.1959,HANNAH,TY,NN,36.6,308.5,90,NaN,97,20,97,20,NaN,NaN,NaN,NaN,NaN,NaN,NaN,NaN,NaN,NaN,TY,WN,B,B,NaN,NaN,NaN,NaN,NaN,NaN,
1959100518,09l.1959,HANNAH,TY,NN,36.4,311.9,90,NaN,96,24,96,24,NaN,NaN,NaN,NaN,NaN,NaN,NaN,NaN,NaN,NaN,TY,WN,B,B,NaN,NaN,NaN,NaN,NaN,NaN,
1959100600,09l.1959,HANNAH,TY,NN,36.1,315.5,90,NaN,95,28,95,28,NaN,NaN,NaN,NaN,NaN,NaN,NaN,NaN,NaN,NaN,TY,WN,B,B,NaN,NaN,NaN,NaN,NaN,NaN,
1959100606,09l.1959,HANNAH,TY,NN,35.5,318.9,90,NaN,99,29,99,29,NaN,NaN,NaN,NaN,NaN,NaN,NaN,NaN,NaN,NaN,TY,WN,B,B,NaN,NaN,NaN,NaN,NaN,NaN,
1959100612,09l.1959,HANNAH,TY,NN,35.0,321.9,90,971,102,27,102,27,NaN,NaN,NaN,NaN,NaN,NaN,NaN,NaN,NaN,NaN,TY,WN,B,B,NaN,NaN,NaN,NaN,NaN,NaN,
1959100618,09l.1959,HANNAH,TY,NN,35.5,325.3,90,NaN,90,26,90,26,NaN,NaN,NaN,NaN,NaN,NaN,NaN,NaN,NaN,NaN,TY,WN,B,B,NaN,NaN,NaN,NaN,NaN,NaN,
1959100700,09l.1959,HANNAH,TY,NN,36.6,329.2,85,NaN,75,31,75,31,NaN,NaN,NaN,NaN,NaN,NaN,NaN,NaN,NaN,NaN,TY,WN,B,B,NaN,NaN,NaN,NaN,NaN,NaN,
1959100706,09l.1959,HANNAH,TY,NN,37.8,332.2,85,NaN,67,30,67,30,NaN,NaN,NaN,NaN,NaN,NaN,NaN,NaN,NaN,NaN,TY,NW,B,B,NaN,NaN,0.03,NaN,NaN,NaN,
1959100712,09l.1959,HANNAH,TY,NN,39.2,335.1,85,NaN,61,27,61,27,NaN,NaN,NaN,NaN,NaN,NaN,NaN,NaN,NaN,NaN,TY,NW,B,B,NaN,NaN,NaN,NaN,NaN,NaN,
1959100718,09l.1959,HANNAH,TY,NN,41.0,338.5,85,NaN,57,29,57,29,NaN,NaN,NaN,NaN,NaN,NaN,NaN,NaN,NaN,NaN,TY,NW,B,B,NaN,NaN,NaN,NaN,NaN,NaN,
1959100800,09l.1959,HANNAH,TY,NN,45.0,342.0,80,NaN,41,39,41,39,NaN,NaN,NaN,NaN,NaN,NaN,NaN,NaN,NaN,NaN,TY,NW,B,B,NaN,NaN,NaN,NaN,NaN,NaN,
1959100806,09l.1959,HANNAH,TY,NN,49.0,340.5,80,967,10,41,10,41,NaN,NaN,NaN,NaN,NaN,NaN,NaN,NaN,NaN,NaN,TY,NW,B,B,NaN,NaN,NaN,NaN,NaN,NaN,
1959100812,09l.1959,HANNAH,TY,NN,53.0,339.1,70,NaN,347,41,347,41,NaN,NaN,NaN,NaN,NaN,NaN,NaN,NaN,NaN,NaN,TY,NW,B,B,NaN,NaN,NaN,NaN,NaN,NaN,
1959100818,09l.1959,HANNAH,TY,NN,56.0,335.0,65,NaN,334,39,334,39,NaN,NaN,NaN,NaN,NaN,NaN,NaN,NaN,NaN,NaN,TY,NW,B,B,NaN,NaN,NaN,NaN,NaN,NaN,
1959100618,l10.1959,9X-L10,TS,NN,23.2,267.5,30,NaN,34,12,34,12,NaN,NaN,NaN,NaN,NaN,NaN,NaN,NaN,NaN,NaN,TD,NW,B,B,NaN,NaN,NaN,NaN,NaN,NaN,
1959100700,l10.1959,9X-L10,TS,NN,24.2,268.2,30,NaN,34,12,34,12,NaN,NaN,NaN,NaN,NaN,NaN,NaN,NaN,NaN,NaN,TD,NW,B,B,NaN,NaN,NaN,NaN,NaN,NaN,
1959100706,l10.1959,9X-L10,TS,NN,25.2,269.0,30,NaN,34,12,34,12,NaN,NaN,NaN,NaN,NaN,NaN,NaN,NaN,NaN,NaN,TD,NW,B,B,NaN,NaN,NaN,NaN,NaN,NaN,
1959100712,10l.1959,IRENE,TS,NN,26.2,270.0,35,1003,39,13,39,13,NaN,NaN,NaN,NaN,NaN,NaN,NaN,NaN,NaN,NaN,TS,WN,B,B,NaN,NaN,NaN,NaN,NaN,NaN,
1959100718,10l.1959,IRENE,TS,NN,27.3,271.0,35,1001,41,14,41,14,NaN,NaN,NaN,NaN,NaN,NaN,NaN,NaN,NaN,NaN,TS,NW,B,B,NaN,NaN,NaN,NaN,NaN,NaN,
1959100800,10l.1959,IRENE,TS,NN,28.4,271.8,35,1002,36,14,36,14,NaN,NaN,NaN,NaN,NaN,NaN,NaN,NaN,NaN,NaN,TS,NW,B,B,NaN,NaN,NaN,NaN,NaN,NaN,
1959100806,10l.1959,IRENE,TS,NN,29.4,272.2,40,NaN,27,12,27,12,NaN,NaN,NaN,NaN,NaN,NaN,NaN,NaN,NaN,NaN,TS,WN,B,B,NaN,NaN,NaN,NaN,NaN,NaN,
1959100812,10l.1959,IRENE,TS,NN,30.6,272.4,40,1000,13,11,13,11,NaN,NaN,NaN,NaN,NaN,NaN,NaN,NaN,NaN,NaN,TS,NW,B,B,NaN,NaN,0.58,NaN,NaN,NaN,
1959100818,10l.1959,IRENE,TS,NN,31.7,273.0,30,1003,17,12,17,12,NaN,NaN,NaN,NaN,NaN,NaN,NaN,NaN,NaN,NaN,TD,NW,B,B,NaN,NaN,1.00,NaN,NaN,NaN,
1959100900,10l.1959,IRENE,TS,NN,32.8,273.7,25,NaN,27,12,27,12,NaN,NaN,NaN,NaN,NaN,NaN,NaN,NaN,NaN,NaN,TD,NW,B,B,NaN,NaN,0.98,NaN,NaN,NaN,
1959100906,10l.1959,IRENE,TS,NN,33.7,274.7,20,NaN,36,12,36,12,NaN,NaN,NaN,NaN,NaN,NaN,NaN,NaN,NaN,NaN,NT,NW,B,B,NaN,NaN,1.00,NaN,NaN,NaN,
1959100912,10l.1959,IRENE,TS,NN,34.5,276.5,20,NaN,54,14,54,14,NaN,NaN,NaN,NaN,NaN,NaN,NaN,NaN,NaN,NaN,NT,NW,B,B,NaN,NaN,0.98,NaN,NaN,NaN,
1959101406,l11.1959,9X-L11,TY,NN,14.0,286.5,30,NaN,270,17,270,17,NaN,NaN,NaN,NaN,NaN,NaN,NaN,NaN,NaN,NaN,TD,NW,B,B,NaN,NaN,NaN,NaN,NaN,NaN,
1959101412,l11.1959,9X-L11,TY,NN,14.0,284.7,35,NaN,270,17,270,17,NaN,NaN,NaN,NaN,NaN,NaN,NaN,NaN,NaN,NaN,TS,NW,B,B,NaN,NaN,NaN,NaN,NaN,NaN,
1959101418,l11.1959,9X-L11,TY,NN,14.0,283.0,40,NaN,270,17,270,17,NaN,NaN,NaN,NaN,NaN,NaN,NaN,NaN,NaN,NaN,TS,NW,B,B,NaN,NaN,NaN,NaN,NaN,NaN,
1959101500,l11.1959,9X-L11,TY,NN,14.1,281.5,40,NaN,272,16,272,16,NaN,NaN,NaN,NaN,NaN,NaN,NaN,NaN,NaN,NaN,TS,NW,B,B,NaN,NaN,NaN,NaN,NaN,NaN,
1959101506,l11.1959,9X-L11,TY,NN,14.3,280.3,35,NaN,277,13,277,13,NaN,NaN,NaN,NaN,NaN,NaN,NaN,NaN,NaN,NaN,TS,NW,B,B,NaN,NaN,NaN,NaN,NaN,NaN,
1959101512,l11.1959,9X-L11,TY,NN,14.6,279.3,30,NaN,283,11,283,11,NaN,NaN,NaN,NaN,NaN,NaN,NaN,NaN,NaN,NaN,TD,NW,B,B,NaN,NaN,NaN,NaN,NaN,NaN,
1959101518,l11.1959,9X-L11,TY,NN,15.0,278.5,25,NaN,292,9,292,9,NaN,NaN,NaN,NaN,NaN,NaN,NaN,NaN,NaN,NaN,TD,NW,B,B,NaN,NaN,NaN,NaN,NaN,NaN,
1959101600,l11.1959,9X-L11,TY,NN,15.6,277.8,25,NaN,305,9,305,9,NaN,NaN,NaN,NaN,NaN,NaN,NaN,NaN,NaN,NaN,TD,NW,B,B,NaN,NaN,NaN,NaN,NaN,NaN,
1959101606,l11.1959,9X-L11,TY,NN,16.4,277.1,25,NaN,316,10,316,10,NaN,NaN,NaN,NaN,NaN,NaN,NaN,NaN,NaN,NaN,TD,NW,B,B,NaN,NaN,NaN,NaN,NaN,NaN,
1959101612,l11.1959,9X-L11,TY,NN,17.4,276.4,25,NaN,323,11,323,11,NaN,NaN,NaN,NaN,NaN,NaN,NaN,NaN,NaN,NaN,TD,NW,B,B,NaN,NaN,NaN,NaN,NaN,NaN,
1959101618,l11.1959,9X-L11,TY,NN,18.6,275.7,25,NaN,329,13,329,13,NaN,NaN,NaN,NaN,NaN,NaN,NaN,NaN,NaN,NaN,TD,NW,B,B,NaN,NaN,NaN,NaN,NaN,NaN,
1959101700,l11.1959,9X-L11,TY,NN,19.8,275.2,25,NaN,335,13,335,13,NaN,NaN,NaN,NaN,NaN,NaN,NaN,NaN,NaN,NaN,TD,NW,B,B,NaN,NaN,NaN,NaN,NaN,NaN,
1959101706,l11.1959,9X-L11,TY,NN,21.0,274.9,25,NaN,343,13,343,13,NaN,NaN,NaN,NaN,NaN,NaN,NaN,NaN,NaN,NaN,TD,NW,B,B,NaN,NaN,NaN,NaN,NaN,NaN,
1959101712,l11.1959,9X-L11,TY,NN,22.3,274.9,30,NaN,354,13,354,13,NaN,NaN,NaN,NaN,NaN,NaN,NaN,NaN,NaN,NaN,TD,NW,B,B,NaN,NaN,NaN,NaN,NaN,NaN,
1959101718,11l.1959,JUDITH,TY,NN,23.8,275.5,40,NaN,11,14,11,14,NaN,NaN,NaN,NaN,NaN,NaN,NaN,NaN,NaN,NaN,TS,WN,B,B,NaN,NaN,NaN,NaN,NaN,NaN,
1959101800,11l.1959,JUDITH,TY,NN,25.0,276.0,55,NaN,20,14,20,14,NaN,NaN,NaN,NaN,NaN,NaN,NaN,NaN,NaN,NaN,TS,WN,B,B,NaN,NaN,NaN,NaN,NaN,NaN,
1959101806,11l.1959,JUDITH,TY,NN,26.0,276.6,55,NaN,24,12,24,12,NaN,NaN,NaN,NaN,NaN,NaN,NaN,NaN,NaN,NaN,TS,WN,B,B,NaN,NaN,NaN,NaN,NaN,NaN,
1959101812,11l.1959,JUDITH,TY,NN,26.7,277.5,55,998,38,11,38,11,NaN,NaN,NaN,NaN,NaN,NaN,NaN,NaN,NaN,NaN,TS,WN,B,B,NaN,NaN,0.08,NaN,NaN,NaN,
1959101818,11l.1959,JUDITH,TY,NN,27.0,279.5,45,1001,69,14,69,14,NaN,NaN,NaN,NaN,NaN,NaN,NaN,NaN,NaN,NaN,TS,WN,B,B,NaN,NaN,0.71,NaN,NaN,NaN,
1959101900,11l.1959,JUDITH,TY,NN,27.5,282.8,55,NaN,80,24,80,24,NaN,NaN,NaN,NaN,NaN,NaN,NaN,NaN,NaN,NaN,TS,WN,B,B,NaN,NaN,NaN,NaN,NaN,NaN,
1959101906,11l.1959,JUDITH,TY,NN,28.5,286.4,65,993,76,31,76,31,NaN,NaN,NaN,NaN,NaN,NaN,NaN,NaN,NaN,NaN,TY,WN,B,B,NaN,NaN,NaN,NaN,NaN,NaN,
1959101912,11l.1959,JUDITH,TY,NN,29.6,290.0,75,988,72,33,72,33,NaN,NaN,NaN,NaN,NaN,NaN,NaN,NaN,NaN,NaN,TY,WN,B,B,NaN,NaN,NaN,NaN,NaN,NaN,
1959101918,11l.1959,JUDITH,TY,NN,30.5,293.8,75,NaN,73,34,73,34,NaN,NaN,NaN,NaN,NaN,NaN,NaN,NaN,NaN,NaN,TY,WN,B,B,NaN,NaN,NaN,NaN,NaN,NaN,
1959102000,11l.1959,JUDITH,TY,NN,31.0,297.4,70,NaN,78,33,78,33,NaN,NaN,NaN,NaN,NaN,NaN,NaN,NaN,NaN,NaN,TY,WN,B,B,NaN,NaN,NaN,NaN,NaN,NaN,
1959102006,11l.1959,JUDITH,TY,NN,31.0,300.5,70,NaN,85,29,85,29,NaN,NaN,NaN,NaN,NaN,NaN,NaN,NaN,NaN,NaN,TY,WN,B,B,NaN,NaN,NaN,NaN,NaN,NaN,
1959102012,11l.1959,JUDITH,TY,NN,31.0,302.5,70,NaN,90,22,90,22,NaN,NaN,NaN,NaN,NaN,NaN,NaN,NaN,NaN,NaN,TY,WN,B,B,NaN,NaN,NaN,NaN,NaN,NaN,
1959102018,11l.1959,JUDITH,TY,NN,31.1,303.5,70,NaN,88,13,88,13,NaN,NaN,NaN,NaN,NaN,NaN,NaN,NaN,NaN,NaN,TY,WN,B,B,NaN,NaN,NaN,NaN,NaN,NaN,
1959102100,11l.1959,JUDITH,TY,NN,31.3,304.3,60,NaN,79,8,79,8,NaN,NaN,NaN,NaN,NaN,NaN,NaN,NaN,NaN,NaN,TS,NW,B,B,NaN,NaN,NaN,NaN,NaN,NaN,
1959102106,11l.1959,JUDITH,TY,NN,31.5,304.7,55,NaN,69,6,69,6,NaN,NaN,NaN,NaN,NaN,NaN,NaN,NaN,NaN,NaN,TS,NW,B,B,NaN,NaN,NaN,NaN,NaN,NaN,
1959102112,11l.1959,JUDITH,TY,NN,31.7,305.0,50,NaN,56,4,56,4,NaN,NaN,NaN,NaN,NaN,NaN,NaN,NaN,NaN,NaN,TS,NW,B,B,NaN,NaN,NaN,NaN,NaN,NaN,
1959102118,11l.1959,JUDITH,TY,NN,31.8,305.2,40,NaN,55,3,55,3,NaN,NaN,NaN,NaN,NaN,NaN,NaN,NaN,NaN,NaN,TS,NW,B,B,NaN,NaN,NaN,NaN,NaN,NaN,
1959102200,11l.1959,JUDITH,TY,NN,32.0,306.0,35,NaN,71,5,71,5,NaN,NaN,NaN,NaN,NaN,NaN,NaN,NaN,NaN,NaN,TS,NW,B,B,NaN,NaN,NaN,NaN,NaN,NaN,
1959102206,11l.1959,JUDITH,TY,NN,32.0,307.5,30,NaN,84,10,84,10,NaN,NaN,NaN,NaN,NaN,NaN,NaN,NaN,NaN,NaN,TD,NW,B,B,NaN,NaN,NaN,NaN,NaN,NaN,
1959080200,l12.1959,9X-L12,TS,NN,35.0,283.5,30,NaN,101,8,101,8,NaN,NaN,NaN,NaN,NaN,NaN,NaN,NaN,NaN,NaN,TD,NW,B,B,NaN,NaN,0.38,NaN,NaN,NaN,
1959080206,12l.1959,UNNAMED,TS,NN,34.8,284.2,40,NaN,101,8,101,8,NaN,NaN,NaN,NaN,NaN,NaN,NaN,NaN,NaN,NaN,TS,NW,B,B,NaN,NaN,0.09,NaN,NaN,NaN,
1959080212,12l.1959,UNNAMED,TS,NN,34.7,285.4,60,NaN,101,8,101,8,NaN,NaN,NaN,NaN,NaN,NaN,NaN,NaN,NaN,NaN,TS,NW,B,B,NaN,NaN,NaN,NaN,NaN,NaN,
1959080218,12l.1959,UNNAMED,TS,NN,35.2,287.0,60,NaN,80,12,80,12,NaN,NaN,NaN,NaN,NaN,NaN,NaN,NaN,NaN,NaN,TS,NW,B,B,NaN,NaN,NaN,NaN,NaN,NaN,
1959080300,12l.1959,UNNAMED,TS,NN,36.3,289.3,60,NaN,63,18,63,18,NaN,NaN,NaN,NaN,NaN,NaN,NaN,NaN,NaN,NaN,TS,NW,B,B,NaN,NaN,NaN,NaN,NaN,NaN,
1959080306,12l.1959,UNNAMED,TS,NN,37.2,291.7,55,NaN,62,21,62,21,NaN,NaN,NaN,NaN,NaN,NaN,NaN,NaN,NaN,NaN,TS,NW,B,B,NaN,NaN,NaN,NaN,NaN,NaN,
1959080312,12l.1959,UNNAMED,TS,NN,37.9,293.8,55,NaN,66,20,66,20,NaN,NaN,NaN,NaN,NaN,NaN,NaN,NaN,NaN,NaN,TS,NW,B,B,NaN,NaN,NaN,NaN,NaN,NaN,
1959080318,12l.1959,UNNAMED,TS,NN,38.7,295.8,50,NaN,65,18,65,18,NaN,NaN,NaN,NaN,NaN,NaN,NaN,NaN,NaN,NaN,TS,NW,B,B,NaN,NaN,NaN,NaN,NaN,NaN,
1959080400,12l.1959,UNNAMED,TS,NN,39.4,297.5,50,NaN,63,16,63,16,NaN,NaN,NaN,NaN,NaN,NaN,NaN,NaN,NaN,NaN,TS,NW,B,B,NaN,NaN,NaN,NaN,NaN,NaN,
1959080406,12l.1959,UNNAMED,TS,NN,40.2,298.5,45,NaN,54,13,54,13,NaN,NaN,NaN,NaN,NaN,NaN,NaN,NaN,NaN,NaN,TS,NW,B,B,NaN,NaN,NaN,NaN,NaN,NaN,
1959080412,12l.1959,UNNAMED,TS,NN,40.9,298.8,45,NaN,34,9,34,9,NaN,NaN,NaN,NaN,NaN,NaN,NaN,NaN,NaN,NaN,TS,NW,B,B,NaN,NaN,NaN,NaN,NaN,NaN,
1959080418,12l.1959,UNNAMED,TS,NN,41.5,298.8,45,NaN,10,7,10,7,NaN,NaN,NaN,NaN,NaN,NaN,NaN,NaN,NaN,NaN,TS,NW,B,B,NaN,NaN,NaN,NaN,NaN,NaN,
1959080500,12l.1959,UNNAMED,TS,NN,42.0,298.8,45,NaN,360,5,360,6,NaN,NaN,NaN,NaN,NaN,NaN,NaN,NaN,NaN,NaN,TS,NW,B,B,NaN,NaN,NaN,NaN,NaN,NaN,
1959080506,12l.1959,UNNAMED,TS,NN,42.5,298.9,40,NaN,4,5,4,5,NaN,NaN,NaN,NaN,NaN,NaN,NaN,NaN,NaN,NaN,TS,NW,B,B,NaN,NaN,NaN,NaN,NaN,NaN,
1959080512,12l.1959,UNNAMED,TS,NN,43.0,299.2,40,NaN,16,5,16,5,NaN,NaN,NaN,NaN,NaN,NaN,NaN,NaN,NaN,NaN,TS,NW,B,B,NaN,NaN,NaN,NaN,NaN,NaN,
1959080518,12l.1959,UNNAMED,TS,NN,43.7,299.5,40,NaN,20,6,20,6,NaN,NaN,NaN,NaN,NaN,NaN,NaN,NaN,NaN,NaN,TS,NW,B,B,NaN,NaN,NaN,NaN,NaN,NaN,
1959080600,12l.1959,UNNAMED,TS,NN,44.4,299.8,35,NaN,17,7,17,7,NaN,NaN,NaN,NaN,NaN,NaN,NaN,NaN,NaN,NaN,TS,NW,B,B,NaN,NaN,NaN,NaN,NaN,NaN,
1959080606,12l.1959,UNNAMED,TS,NN,45.2,300.1,30,NaN,16,8,16,8,NaN,NaN,NaN,NaN,NaN,NaN,NaN,NaN,NaN,NaN,TD,NW,B,B,NaN,NaN,NaN,NaN,NaN,NaN,
1959080612,12l.1959,UNNAMED,TS,NN,46.2,300.5,25,NaN,15,9,15,9,NaN,NaN,NaN,NaN,NaN,NaN,NaN,NaN,NaN,NaN,TD,NW,B,B,NaN,NaN,0.04,NaN,NaN,NaN,
1959080618,12l.1959,UNNAMED,TS,NN,47.5,301.5,25,NaN,23,12,23,12,NaN,NaN,NaN,NaN,NaN,NaN,NaN,NaN,NaN,NaN,TD,NW,B,B,NaN,NaN,0.32,NaN,NaN,NaN,
1959082806,13l.1959,UNNAMED,TS,NN,33.7,305.6,40,NaN,327,6,327,6,NaN,NaN,NaN,NaN,NaN,NaN,NaN,NaN,NaN,NaN,TS,NW,B,B,NaN,NaN,NaN,NaN,NaN,NaN,
1959082812,13l.1959,UNNAMED,TS,NN,34.2,305.2,40,NaN,327,6,327,6,NaN,NaN,NaN,NaN,NaN,NaN,NaN,NaN,NaN,NaN,TS,NW,B,B,NaN,NaN,NaN,NaN,NaN,NaN,
1959082818,13l.1959,UNNAMED,TS,NN,34.7,304.8,40,NaN,327,6,327,6,NaN,NaN,NaN,NaN,NaN,NaN,NaN,NaN,NaN,NaN,TS,NW,B,B,NaN,NaN,NaN,NaN,NaN,NaN,
1959082900,13l.1959,UNNAMED,TS,NN,35.4,304.4,40,NaN,331,7,331,7,NaN,NaN,NaN,NaN,NaN,NaN,NaN,NaN,NaN,NaN,TS,NW,B,B,NaN,NaN,NaN,NaN,NaN,NaN,
1959082906,13l.1959,UNNAMED,TS,NN,36.2,304.1,40,NaN,339,8,339,8,NaN,NaN,NaN,NaN,NaN,NaN,NaN,NaN,NaN,NaN,TS,NW,B,B,NaN,NaN,NaN,NaN,NaN,NaN,
1959082912,13l.1959,UNNAMED,TS,NN,36.6,304.0,40,NaN,345,6,345,6,NaN,NaN,NaN,NaN,NaN,NaN,NaN,NaN,NaN,NaN,TS,NW,B,B,NaN,NaN,NaN,NaN,NaN,NaN,
1959082918,13l.1959,UNNAMED,TS,NN,36.6,304.3,45,NaN,22,2,22,2,NaN,NaN,NaN,NaN,NaN,NaN,NaN,NaN,NaN,NaN,TS,NW,B,B,NaN,NaN,NaN,NaN,NaN,NaN,
1959083000,13l.1959,UNNAMED,TS,NN,36.7,305.3,45,NaN,85,5,85,5,NaN,NaN,NaN,NaN,NaN,NaN,NaN,NaN,NaN,NaN,TS,NW,B,B,NaN,NaN,NaN,NaN,NaN,NaN,
1959083006,13l.1959,UNNAMED,TS,NN,37.0,307.7,45,NaN,82,14,82,14,NaN,NaN,NaN,NaN,NaN,NaN,NaN,NaN,NaN,NaN,TS,NW,B,B,NaN,NaN,NaN,NaN,NaN,NaN,
1959083012,13l.1959,UNNAMED,TS,NN,37.5,309.9,45,NaN,78,19,78,19,NaN,NaN,NaN,NaN,NaN,NaN,NaN,NaN,NaN,NaN,TS,NW,B,B,NaN,NaN,NaN,NaN,NaN,NaN,
1959083018,13l.1959,UNNAMED,TS,NN,37.8,311.5,45,NaN,75,16,75,16,NaN,NaN,NaN,NaN,NaN,NaN,NaN,NaN,NaN,NaN,TS,NW,B,B,NaN,NaN,NaN,NaN,NaN,NaN,
1959083100,13l.1959,UNNAMED,TS,NN,38.0,312.7,50,NaN,77,11,77,11,NaN,NaN,NaN,NaN,NaN,NaN,NaN,NaN,NaN,NaN,TS,NW,B,B,NaN,NaN,NaN,NaN,NaN,NaN,
1959083106,13l.1959,UNNAMED,TS,NN,38.0,313.0,55,NaN,80,6,80,6,NaN,NaN,NaN,NaN,NaN,NaN,NaN,NaN,NaN,NaN,TS,NW,B,B,NaN,NaN,NaN,NaN,NaN,NaN,
1959083112,13l.1959,UNNAMED,TS,NN,38.0,313.4,55,NaN,90,3,90,3,NaN,NaN,NaN,NaN,NaN,NaN,NaN,NaN,NaN,NaN,TS,NW,B,B,NaN,NaN,NaN,NaN,NaN,NaN,
1959083118,13l.1959,UNNAMED,TS,NN,38.2,313.9,55,NaN,74,4,74,4,NaN,NaN,NaN,NaN,NaN,NaN,NaN,NaN,NaN,NaN,TS,NW,B,B,NaN,NaN,NaN,NaN,NaN,NaN,
1959090100,13l.1959,UNNAMED,TS,NN,38.8,314.6,55,NaN,50,6,50,6,NaN,NaN,NaN,NaN,NaN,NaN,NaN,NaN,NaN,NaN,TS,NW,B,B,NaN,NaN,NaN,NaN,NaN,NaN,
1959090106,13l.1959,UNNAMED,TS,NN,39.5,315.0,55,NaN,33,8,33,8,NaN,NaN,NaN,NaN,NaN,NaN,NaN,NaN,NaN,NaN,TS,NW,B,B,NaN,NaN,NaN,NaN,NaN,NaN,
1959090112,13l.1959,UNNAMED,TS,NN,39.6,315.2,55,NaN,30,5,30,5,NaN,NaN,NaN,NaN,NaN,NaN,NaN,NaN,NaN,NaN,TS,NW,B,B,NaN,NaN,NaN,NaN,NaN,NaN,
1959090118,13l.1959,UNNAMED,TS,NN,39.7,315.2,55,NaN,38,1,38,1,NaN,NaN,NaN,NaN,NaN,NaN,NaN,NaN,NaN,NaN,TS,NW,B,B,NaN,NaN,NaN,NaN,NaN,NaN,
1959090200,13l.1959,UNNAMED,TS,NN,39.9,315.6,55,NaN,46,2,46,2,NaN,NaN,NaN,NaN,NaN,NaN,NaN,NaN,NaN,NaN,TS,NW,B,B,NaN,NaN,NaN,NaN,NaN,NaN,
1959090206,13l.1959,UNNAMED,TS,NN,40.1,316.1,55,NaN,60,4,60,4,NaN,NaN,NaN,NaN,NaN,NaN,NaN,NaN,NaN,NaN,TS,NW,B,B,NaN,NaN,NaN,NaN,NaN,NaN,
1959090212,13l.1959,UNNAMED,TS,NN,40.4,317.3,55,NaN,69,7,69,7,NaN,NaN,NaN,NaN,NaN,NaN,NaN,NaN,NaN,NaN,TS,NW,B,B,NaN,NaN,NaN,NaN,NaN,NaN,
1959090218,13l.1959,UNNAMED,TS,NN,41.0,318.7,55,NaN,66,11,66,11,NaN,NaN,NaN,NaN,NaN,NaN,NaN,NaN,NaN,NaN,TS,NW,B,B,NaN,NaN,NaN,NaN,NaN,NaN,
1959090300,13l.1959,UNNAMED,TS,NN,42.0,320.2,55,NaN,54,14,54,14,NaN,NaN,NaN,NaN,NaN,NaN,NaN,NaN,NaN,NaN,TS,NW,B,B,NaN,NaN,NaN,NaN,NaN,NaN,
1959090306,13l.1959,UNNAMED,TS,NN,43.2,322.2,55,NaN,50,17,50,17,NaN,NaN,NaN,NaN,NaN,NaN,NaN,NaN,NaN,NaN,TS,NW,B,B,NaN,NaN,NaN,NaN,NaN,NaN,
1959090312,13l.1959,UNNAMED,TS,NN,44.5,324.8,55,NaN,53,21,53,21,NaN,NaN,NaN,NaN,NaN,NaN,NaN,NaN,NaN,NaN,TS,NW,B,B,NaN,NaN,NaN,NaN,NaN,NaN,
1959090318,13l.1959,UNNAMED,TS,NN,47.0,327.5,55,NaN,45,27,45,27,NaN,NaN,NaN,NaN,NaN,NaN,NaN,NaN,NaN,NaN,TS,NW,B,B,NaN,NaN,NaN,NaN,NaN,NaN,
1959090400,13l.1959,UNNAMED,TS,NN,49.5,331.0,60,NaN,40,33,40,33,NaN,NaN,NaN,NaN,NaN,NaN,NaN,NaN,NaN,NaN,TS,NW,B,B,NaN,NaN,NaN,NaN,NaN,NaN,
1959090406,13l.1959,UNNAMED,TS,NN,53.2,335.0,60,NaN,38,39,38,39,NaN,NaN,NaN,NaN,NaN,NaN,NaN,NaN,NaN,NaN,TS,NW,B,B,NaN,NaN,NaN,NaN,NaN,NaN,
1959090412,13l.1959,UNNAMED,TS,NN,58.5,338.5,60,NaN,26,50,26,50,NaN,NaN,NaN,NaN,NaN,NaN,NaN,NaN,NaN,NaN,TS,NW,B,B,NaN,NaN,NaN,NaN,NaN,NaN,
1959090900,l14.1959,9X-L14,TS,NN,32.3,292.5,25,NaN,20,4,20,4,NaN,NaN,NaN,NaN,NaN,NaN,NaN,NaN,NaN,NaN,TD,NW,B,B,NaN,NaN,NaN,NaN,NaN,NaN,
1959090906,l14.1959,9X-L14,TS,NN,32.5,292.5,25,1007,20,4,20,4,NaN,NaN,NaN,NaN,NaN,NaN,NaN,NaN,NaN,NaN,TD,NW,B,B,NaN,NaN,NaN,NaN,NaN,NaN,
1959090912,l14.1959,9X-L14,TS,NN,33.0,292.8,30,NaN,20,4,20,4,NaN,NaN,NaN,NaN,NaN,NaN,NaN,NaN,NaN,NaN,TD,NW,B,B,NaN,NaN,NaN,NaN,NaN,NaN,
1959090918,l14.1959,9X-L14,TS,NN,33.6,293.0,30,NaN,21,6,21,6,NaN,NaN,NaN,NaN,NaN,NaN,NaN,NaN,NaN,NaN,TD,NW,B,B,NaN,NaN,NaN,NaN,NaN,NaN,
1959091000,l14.1959,9X-L14,TS,NN,34.1,292.8,30,NaN,360,6,360,6,NaN,NaN,NaN,NaN,NaN,NaN,NaN,NaN,NaN,NaN,TD,NW,B,B,NaN,NaN,NaN,NaN,NaN,NaN,
1959091006,l14.1959,9X-L14,TS,NN,34.5,292.0,30,NaN,317,6,317,6,NaN,NaN,NaN,NaN,NaN,NaN,NaN,NaN,NaN,NaN,TD,NW,B,B,NaN,NaN,NaN,NaN,NaN,NaN,
1959091012,14l.1959,UNNAMED,TS,NN,35.0,290.5,35,NaN,295,10,295,10,NaN,NaN,NaN,NaN,NaN,NaN,NaN,NaN,NaN,NaN,TS,NW,B,B,NaN,NaN,NaN,NaN,NaN,NaN,
1959091018,14l.1959,UNNAMED,TS,NN,36.0,290.0,35,1006,313,11,313,11,NaN,NaN,NaN,NaN,NaN,NaN,NaN,NaN,NaN,NaN,TS,NW,B,B,NaN,NaN,NaN,NaN,NaN,NaN,
1959091100,14l.1959,UNNAMED,TS,NN,37.3,289.7,35,NaN,344,12,344,12,NaN,NaN,NaN,NaN,NaN,NaN,NaN,NaN,NaN,NaN,TS,NW,B,B,NaN,NaN,NaN,NaN,NaN,NaN,
1959091106,14l.1959,UNNAMED,TS,NN,38.4,290.0,35,NaN,360,12,360,12,NaN,NaN,NaN,NaN,NaN,NaN,NaN,NaN,NaN,NaN,TS,NW,B,B,NaN,NaN,NaN,NaN,NaN,NaN,
1959091112,14l.1959,UNNAMED,TS,NN,39.5,291.5,40,1002,33,13,33,13,NaN,NaN,NaN,NaN,NaN,NaN,NaN,NaN,NaN,NaN,TS,NW,B,B,NaN,NaN,NaN,NaN,NaN,NaN,
1959091118,14l.1959,UNNAMED,TS,NN,40.4,293.2,40,NaN,51,16,51,16,NaN,NaN,NaN,NaN,NaN,NaN,NaN,NaN,NaN,NaN,TS,NW,B,B,NaN,NaN,NaN,NaN,NaN,NaN,
1959091200,14l.1959,UNNAMED,TS,NN,41.0,295.0,45,NaN,61,15,61,15,NaN,NaN,NaN,NaN,NaN,NaN,NaN,NaN,NaN,NaN,TS,NW,B,B,NaN,NaN,NaN,NaN,NaN,NaN,
1959091206,14l.1959,UNNAMED,TS,NN,41.5,296.4,50,NaN,66,13,66,13,NaN,NaN,NaN,NaN,NaN,NaN,NaN,NaN,NaN,NaN,TS,NW,B,B,NaN,NaN,NaN,NaN,NaN,NaN,
1959091212,14l.1959,UNNAMED,TS,NN,42.0,297.8,55,NaN,65,12,65,12,NaN,NaN,NaN,NaN,NaN,NaN,NaN,NaN,NaN,NaN,TS,NW,B,B,NaN,NaN,NaN,NaN,NaN,NaN,
1959091218,14l.1959,UNNAMED,TS,NN,42.8,299.2,55,NaN,58,12,58,12,NaN,NaN,NaN,NaN,NaN,NaN,NaN,NaN,NaN,NaN,TS,NW,B,B,NaN,NaN,NaN,NaN,NaN,NaN,
1959091300,14l.1959,UNNAMED,TS,NN,43.9,302.2,50,NaN,59,19,59,19,NaN,NaN,NaN,NaN,NaN,NaN,NaN,NaN,NaN,NaN,TS,NW,B,B,NaN,NaN,NaN,NaN,NaN,NaN,
1959091306,14l.1959,UNNAMED,TS,NN,45.2,305.8,50,NaN,63,27,63,27,NaN,NaN,NaN,NaN,NaN,NaN,NaN,NaN,NaN,NaN,TS,NW,B,B,NaN,NaN,NaN,NaN,NaN,NaN,
1959091312,14l.1959,UNNAMED,TS,NN,46.8,309.1,45,NaN,59,28,59,28,NaN,NaN,NaN,NaN,NaN,NaN,NaN,NaN,NaN,NaN,TS,NW,B,B,NaN,NaN,NaN,NaN,NaN,NaN,
1959091318,14l.1959,UNNAMED,TS,NN,48.5,311.5,45,NaN,50,26,50,26,NaN,NaN,NaN,NaN,NaN,NaN,NaN,NaN,NaN,NaN,TS,NW,B,B,NaN,NaN,NaN,NaN,NaN,NaN,
1959091400,14l.1959,UNNAMED,TS,NN,50.5,313.5,45,NaN,38,24,38,24,NaN,NaN,NaN,NaN,NaN,NaN,NaN,NaN,NaN,NaN,TS,NW,B,B,NaN,NaN,NaN,NaN,NaN,NaN,
1959080118,01c.1959,DOT,STY,NN,15.7,218.8,60,NaN,270,8,270,8,NaN,NaN,NaN,NaN,NaN,NaN,NaN,NaN,NaN,NaN,TS,NW,B,B,NaN,NaN,NaN,NaN,NaN,NaN,
1959080200,01c.1959,DOT,STY,NN,15.8,218.2,90,NaN,270,8,270,8,NaN,NaN,NaN,NaN,NaN,NaN,NaN,NaN,NaN,NaN,TY,NW,B,B,NaN,NaN,NaN,NaN,NaN,NaN,
1959080206,01c.1959,DOT,STY,NN,15.7,217.1,100,NaN,270,8,270,8,NaN,NaN,NaN,NaN,NaN,NaN,NaN,NaN,NaN,NaN,TY,NW,B,B,NaN,NaN,NaN,NaN,NaN,NaN,
1959080212,01c.1959,DOT,STY,NN,15.6,216.0,110,NaN,265,11,265,11,NaN,NaN,NaN,NaN,NaN,NaN,NaN,NaN,NaN,NaN,TY,NW,B,B,NaN,NaN,NaN,NaN,NaN,NaN,
1959080218,01c.1959,DOT,STY,NN,15.5,215.1,120,NaN,264,10,264,10,NaN,NaN,NaN,NaN,NaN,NaN,NaN,NaN,NaN,NaN,TY,NW,B,B,NaN,NaN,NaN,NaN,NaN,NaN,
1959080300,01c.1959,DOT,STY,NN,15.3,214.3,130,952,260,8,260,8,NaN,NaN,NaN,NaN,NaN,NaN,NaN,NaN,NaN,NaN,STY,NW,B,B,NaN,NaN,NaN,NaN,NaN,NaN,
1959080306,01c.1959,DOT,STY,NN,15.3,213.3,120,NaN,263,9,263,9,NaN,NaN,NaN,NaN,NaN,NaN,NaN,NaN,NaN,NaN,TY,NW,B,B,NaN,NaN,NaN,NaN,NaN,NaN,
1959080312,01c.1959,DOT,STY,NN,15.4,212.2,120,NaN,273,10,273,10,NaN,NaN,NaN,NaN,NaN,NaN,NaN,NaN,NaN,NaN,TY,NW,B,B,NaN,NaN,NaN,NaN,NaN,NaN,
1959080318,01c.1959,DOT,STY,NN,15.6,211.4,120,NaN,279,9,279,9,NaN,NaN,NaN,NaN,NaN,NaN,NaN,NaN,NaN,NaN,TY,NW,B,B,NaN,NaN,NaN,NaN,NaN,NaN,
1959080400,01c.1959,DOT,STY,NN,15.9,210.6,120,NaN,288,8,288,8,NaN,NaN,NaN,NaN,NaN,NaN,NaN,NaN,NaN,NaN,TY,NW,B,B,NaN,NaN,NaN,NaN,NaN,NaN,
1959080406,01c.1959,DOT,STY,NN,16.3,209.6,120,NaN,292,9,292,9,NaN,NaN,NaN,NaN,NaN,NaN,NaN,NaN,NaN,NaN,TY,NW,B,B,NaN,NaN,NaN,NaN,NaN,NaN,
1959080412,01c.1959,DOT,STY,NN,16.6,208.5,120,NaN,289,11,289,11,NaN,NaN,NaN,NaN,NaN,NaN,NaN,NaN,NaN,NaN,TY,NW,B,B,NaN,NaN,NaN,NaN,NaN,NaN,
1959080418,01c.1959,DOT,STY,NN,16.7,207.4,120,NaN,281,11,281,11,NaN,NaN,NaN,NaN,NaN,NaN,NaN,NaN,NaN,NaN,TY,NW,B,B,NaN,NaN,NaN,NaN,NaN,NaN,
1959080500,01c.1959,DOT,STY,NN,17.0,206.1,120,NaN,280,12,280,12,NaN,NaN,NaN,NaN,NaN,NaN,NaN,NaN,NaN,NaN,TY,NW,B,B,NaN,NaN,NaN,NaN,NaN,NaN,
1959080506,01c.1959,DOT,STY,NN,17.1,205.0,120,NaN,280,12,280,12,NaN,NaN,NaN,NaN,NaN,NaN,NaN,NaN,NaN,NaN,TY,NW,B,B,NaN,NaN,NaN,NaN,NaN,NaN,
1959080512,01c.1959,DOT,STY,NN,17.3,204.0,115,NaN,279,10,279,10,NaN,NaN,NaN,NaN,NaN,NaN,NaN,NaN,NaN,NaN,TY,NW,B,B,NaN,NaN,NaN,NaN,NaN,NaN,
1959080518,01c.1959,DOT,STY,NN,17.7,203.2,110,NaN,289,9,289,9,NaN,NaN,NaN,NaN,NaN,NaN,NaN,NaN,NaN,NaN,TY,NW,B,B,NaN,NaN,NaN,NaN,NaN,NaN,
1959080600,01c.1959,DOT,STY,NN,18.2,202.3,110,NaN,299,9,299,9,NaN,NaN,NaN,NaN,NaN,NaN,NaN,NaN,NaN,NaN,TY,NW,B,B,NaN,NaN,NaN,NaN,NaN,NaN,
1959080606,01c.1959,DOT,STY,NN,18.7,201.8,100,NaN,307,8,307,8,NaN,NaN,NaN,NaN,NaN,NaN,NaN,NaN,NaN,NaN,TY,NW,B,B,NaN,NaN,NaN,NaN,NaN,NaN,
1959080612,01c.1959,DOT,STY,NN,19.5,201.5,100,NaN,330,8,330,8,NaN,NaN,NaN,NaN,NaN,NaN,NaN,NaN,NaN,NaN,TY,NW,B,B,NaN,NaN,NaN,NaN,NaN,NaN,
1959080618,01c.1959,DOT,STY,NN,20.3,201.2,100,NaN,341,8,341,8,NaN,NaN,NaN,NaN,NaN,NaN,NaN,NaN,NaN,NaN,TY,NW,B,B,NaN,NaN,NaN,NaN,NaN,NaN,
1959080700,01c.1959,DOT,STY,NN,21.0,201.0,80,NaN,343,8,343,8,NaN,NaN,NaN,NaN,NaN,NaN,NaN,NaN,NaN,NaN,TY,NW,B,B,NaN,NaN,NaN,NaN,NaN,NaN,
1959080706,01c.1959,DOT,STY,NN,21.8,200.5,75,NaN,336,8,336,8,NaN,NaN,NaN,NaN,NaN,NaN,NaN,NaN,NaN,NaN,TY,NW,B,B,NaN,NaN,0.12,NaN,NaN,NaN,
1959080712,01c.1959,DOT,STY,NN,22.4,200.5,45,NaN,342,7,342,7,NaN,NaN,NaN,NaN,NaN,NaN,NaN,NaN,NaN,NaN,TS,NW,B,B,NaN,NaN,0.09,NaN,NaN,NaN,
1959080718,01c.1959,DOT,STY,NN,22.9,199.3,45,NaN,315,8,315,8,NaN,NaN,NaN,NaN,NaN,NaN,NaN,NaN,NaN,NaN,TS,NW,B,B,NaN,NaN,NaN,NaN,NaN,NaN,
1959080800,01c.1959,DOT,STY,NN,23.0,197.9,45,NaN,284,12,284,12,NaN,NaN,NaN,NaN,NaN,NaN,NaN,NaN,NaN,NaN,TS,NW,B,B,NaN,NaN,NaN,NaN,NaN,NaN,
1959080806,01c.1959,DOT,STY,NN,23.2,197.0,25,NaN,278,11,278,11,NaN,NaN,NaN,NaN,NaN,NaN,NaN,NaN,NaN,NaN,TD,NW,B,B,NaN,NaN,NaN,NaN,NaN,NaN,
1959061000,01e.1959,UNNAMED,TS,NN,17.1,254.1,45,NaN,328,7,328,7,NaN,NaN,NaN,NaN,NaN,NaN,NaN,NaN,NaN,NaN,TS,NW,B,B,NaN,NaN,NaN,NaN,NaN,NaN,
1959061006,01e.1959,UNNAMED,TS,NN,17.7,253.6,45,NaN,328,7,328,7,NaN,NaN,NaN,NaN,NaN,NaN,NaN,NaN,NaN,NaN,TS,NW,B,B,NaN,NaN,NaN,NaN,NaN,NaN,
1959061012,01e.1959,UNNAMED,TS,NN,18.3,253.3,45,NaN,328,7,328,7,NaN,NaN,NaN,NaN,NaN,NaN,NaN,NaN,NaN,NaN,TS,NW,B,B,NaN,NaN,NaN,NaN,NaN,NaN,
1959061018,01e.1959,UNNAMED,TS,NN,18.7,253.3,45,NaN,344,5,344,5,NaN,NaN,NaN,NaN,NaN,NaN,NaN,NaN,NaN,NaN,TS,NW,B,B,NaN,NaN,NaN,NaN,NaN,NaN,
1959061100,01e.1959,UNNAMED,TS,NN,19.2,253.4,45,NaN,6,5,6,5,NaN,NaN,NaN,NaN,NaN,NaN,NaN,NaN,NaN,NaN,TS,NW,B,B,NaN,NaN,NaN,NaN,NaN,NaN,
1959061106,01e.1959,UNNAMED,TS,NN,19.9,253.6,45,NaN,13,6,13,6,NaN,NaN,NaN,NaN,NaN,NaN,NaN,NaN,NaN,NaN,TS,NW,B,B,NaN,NaN,NaN,NaN,NaN,NaN,
1959061112,01e.1959,UNNAMED,TS,NN,20.7,253.8,45,NaN,14,8,14,8,NaN,NaN,NaN,NaN,NaN,NaN,NaN,NaN,NaN,NaN,TS,NW,B,B,NaN,NaN,0.06,NaN,NaN,NaN,
1959061118,01e.1959,UNNAMED,TS,NN,21.6,253.9,45,NaN,9,9,9,9,NaN,NaN,NaN,NaN,NaN,NaN,NaN,NaN,NaN,NaN,TS,NW,B,B,NaN,NaN,0.04,NaN,NaN,NaN,
1959061200,01e.1959,UNNAMED,TS,NN,22.6,253.8,45,NaN,360,9,360,10,NaN,NaN,NaN,NaN,NaN,NaN,NaN,NaN,NaN,NaN,TS,NW,B,B,NaN,NaN,0.28,NaN,NaN,NaN,
1959061206,01e.1959,UNNAMED,TS,NN,24.1,252.7,45,NaN,336,14,336,14,NaN,NaN,NaN,NaN,NaN,NaN,NaN,NaN,NaN,NaN,TS,NW,B,B,NaN,NaN,0.19,NaN,NaN,NaN,
1959061212,01e.1959,UNNAMED,TS,NN,26.2,250.4,45,NaN,319,24,319,24,NaN,NaN,NaN,NaN,NaN,NaN,NaN,NaN,NaN,NaN,TS,NW,B,B,NaN,NaN,0.28,NaN,NaN,NaN,
1959090606,02c.1959,PATSY,STY,NN,20.0,180.0,75,NaN,32,13,32,13,NaN,NaN,NaN,NaN,NaN,NaN,NaN,NaN,NaN,NaN,TY,NW,B,B,NaN,NaN,NaN,NaN,NaN,NaN,
1959090612,02c.1959,PATSY,STY,NN,20.8,180.5,120,NaN,32,13,32,13,NaN,NaN,NaN,NaN,NaN,NaN,NaN,NaN,NaN,NaN,TY,NW,B,B,NaN,NaN,NaN,NaN,NaN,NaN,
1959090618,02c.1959,PATSY,STY,NN,22.2,181.5,150,NaN,32,13,32,13,NaN,NaN,NaN,NaN,NaN,NaN,NaN,NaN,NaN,NaN,STY,NW,B,B,NaN,NaN,NaN,NaN,NaN,NaN,
1959090700,02c.1959,PATSY,STY,NN,23.5,181.9,120,NaN,26,15,26,15,NaN,NaN,NaN,NaN,NaN,NaN,NaN,NaN,NaN,NaN,TY,NW,B,B,NaN,NaN,NaN,NaN,NaN,NaN,
1959090706,02c.1959,PATSY,STY,NN,24.9,181.8,120,NaN,6,14,6,14,NaN,NaN,NaN,NaN,NaN,NaN,NaN,NaN,NaN,NaN,TY,NW,B,B,NaN,NaN,NaN,NaN,NaN,NaN,
1959090712,02c.1959,PATSY,STY,NN,26.2,180.9,120,NaN,341,14,341,14,NaN,NaN,NaN,NaN,NaN,NaN,NaN,NaN,NaN,NaN,TY,NW,B,B,NaN,NaN,NaN,NaN,NaN,NaN,
1959090718,02c.1959,PATSY,STY,NN,26.9,180.3,120,NaN,326,12,326,12,NaN,NaN,NaN,NaN,NaN,NaN,NaN,NaN,NaN,NaN,TY,NW,B,B,NaN,NaN,NaN,NaN,NaN,NaN,
1959090800,02c.1959,PATSY,STY,NN,27.3,181.3,100,NaN,18,6,18,6,NaN,NaN,NaN,NaN,NaN,NaN,NaN,NaN,NaN,NaN,TY,NW,B,B,NaN,NaN,NaN,NaN,NaN,NaN,
1959090806,02c.1959,PATSY,STY,NN,27.7,181.8,100,NaN,59,8,59,8,NaN,NaN,NaN,NaN,NaN,NaN,NaN,NaN,NaN,NaN,TY,NW,B,B,NaN,NaN,NaN,NaN,NaN,NaN,
1959090812,02c.1959,PATSY,STY,NN,27.9,182.0,100,NaN,46,4,46,4,NaN,NaN,NaN,NaN,NaN,NaN,NaN,NaN,NaN,NaN,TY,NW,B,B,NaN,NaN,NaN,NaN,NaN,NaN,
1959090818,02c.1959,PATSY,STY,NN,28.1,182.1,120,NaN,34,2,34,2,NaN,NaN,NaN,NaN,NaN,NaN,NaN,NaN,NaN,NaN,TY,NW,B,B,NaN,NaN,NaN,NaN,NaN,NaN,
1959090900,02c.1959,PATSY,STY,NN,28.4,182.0,90,NaN,360,2,360,2,NaN,NaN,NaN,NaN,NaN,NaN,NaN,NaN,NaN,NaN,TY,NW,B,B,NaN,NaN,NaN,NaN,NaN,NaN,
1959090906,02c.1959,PATSY,STY,NN,29.2,181.3,90,NaN,327,7,327,7,NaN,NaN,NaN,NaN,NaN,NaN,NaN,NaN,NaN,NaN,TY,NW,B,B,NaN,NaN,NaN,NaN,NaN,NaN,
1959090912,02c.1959,PATSY,STY,NN,30.2,180.7,80,NaN,328,11,328,11,NaN,NaN,NaN,NaN,NaN,NaN,NaN,NaN,NaN,NaN,TY,NW,B,B,NaN,NaN,NaN,NaN,NaN,NaN,
1959090918,02c.1959,PATSY,STY,NN,31.2,180.0,80,NaN,331,11,331,11,NaN,NaN,NaN,NaN,NaN,NaN,NaN,NaN,NaN,NaN,TY,NW,B,B,NaN,NaN,NaN,NaN,NaN,NaN,
1959091000,02c.1959,PATSY,STY,NN,32.4,180.4,60,NaN,353,11,353,11,NaN,NaN,NaN,NaN,NaN,NaN,NaN,NaN,NaN,NaN,TS,NW,B,B,NaN,NaN,NaN,NaN,NaN,NaN,
1959091006,02c.1959,PATSY,STY,NN,33.5,180.4,45,NaN,8,12,8,12,NaN,NaN,NaN,NaN,NaN,NaN,NaN,NaN,NaN,NaN,TS,NW,B,B,NaN,NaN,NaN,NaN,NaN,NaN,
1959091012,02c.1959,PATSY,STY,NN,34.5,180.2,45,NaN,355,11,355,11,NaN,NaN,NaN,NaN,NaN,NaN,NaN,NaN,NaN,NaN,TS,NW,B,B,NaN,NaN,NaN,NaN,NaN,NaN,
1959062600,02e.1959,UNNAMED,TS,NN,16.6,255.9,45,NaN,296,10,296,10,NaN,NaN,NaN,NaN,NaN,NaN,NaN,NaN,NaN,NaN,TS,NW,B,B,NaN,NaN,NaN,NaN,NaN,NaN,
1959062606,02e.1959,UNNAMED,TS,NN,17.1,254.9,45,NaN,296,10,296,10,NaN,NaN,NaN,NaN,NaN,NaN,NaN,NaN,NaN,NaN,TS,NW,B,B,NaN,NaN,NaN,NaN,NaN,NaN,
1959062612,02e.1959,UNNAMED,TS,NN,17.5,254.0,45,NaN,296,10,296,10,NaN,NaN,NaN,NaN,NaN,NaN,NaN,NaN,NaN,NaN,TS,NW,B,B,NaN,NaN,NaN,NaN,NaN,NaN,
1959062618,02e.1959,UNNAMED,TS,NN,17.9,253.3,45,NaN,298,9,298,9,NaN,NaN,NaN,NaN,NaN,NaN,NaN,NaN,NaN,NaN,TS,NW,B,B,NaN,NaN,NaN,NaN,NaN,NaN,
1959062700,02e.1959,UNNAMED,TS,NN,18.3,252.7,45,NaN,303,7,303,7,NaN,NaN,NaN,NaN,NaN,NaN,NaN,NaN,NaN,NaN,TS,NW,B,B,NaN,NaN,NaN,NaN,NaN,NaN,
1959062706,02e.1959,UNNAMED,TS,NN,18.8,252.0,45,NaN,306,8,306,8,NaN,NaN,NaN,NaN,NaN,NaN,NaN,NaN,NaN,NaN,TS,NW,B,B,NaN,NaN,NaN,NaN,NaN,NaN,
1959062712,02e.1959,UNNAMED,TS,NN,19.4,251.3,45,NaN,310,9,310,9,NaN,NaN,NaN,NaN,NaN,NaN,NaN,NaN,NaN,NaN,TS,NW,B,B,NaN,NaN,NaN,NaN,NaN,NaN,
1959062718,02e.1959,UNNAMED,TS,NN,19.9,250.3,45,NaN,304,10,304,10,NaN,NaN,NaN,NaN,NaN,NaN,NaN,NaN,NaN,NaN,TS,NW,B,B,NaN,NaN,NaN,NaN,NaN,NaN,
1959062800,02e.1959,UNNAMED,TS,NN,20.4,248.9,45,NaN,294,12,294,12,NaN,NaN,NaN,NaN,NaN,NaN,NaN,NaN,NaN,NaN,TS,NW,B,B,NaN,NaN,NaN,NaN,NaN,NaN,
1959092600,03c.1959,WANDA,TS,NN,18.7,214.0,45,NaN,289,12,289,12,NaN,NaN,NaN,NaN,NaN,NaN,NaN,NaN,NaN,NaN,TS,NW,B,B,NaN,NaN,NaN,NaN,NaN,NaN,
1959092606,03c.1959,WANDA,TS,NN,19.3,212.8,45,NaN,289,12,289,12,NaN,NaN,NaN,NaN,NaN,NaN,NaN,NaN,NaN,NaN,TS,NW,B,B,NaN,NaN,NaN,NaN,NaN,NaN,
1959092612,03c.1959,WANDA,TS,NN,19.5,211.5,45,NaN,289,12,289,12,NaN,NaN,NaN,NaN,NaN,NaN,NaN,NaN,NaN,NaN,TS,NW,B,B,NaN,NaN,NaN,NaN,NaN,NaN,
1959092618,03c.1959,WANDA,TS,NN,18.9,210.4,45,NaN,260,12,260,12,NaN,NaN,NaN,NaN,NaN,NaN,NaN,NaN,NaN,NaN,TS,NW,B,B,NaN,NaN,NaN,NaN,NaN,NaN,
1959092700,03c.1959,WANDA,TS,NN,18.2,209.3,60,NaN,238,12,238,12,NaN,NaN,NaN,NaN,NaN,NaN,NaN,NaN,NaN,NaN,TS,NW,B,B,NaN,NaN,NaN,NaN,NaN,NaN,
1959092706,03c.1959,WANDA,TS,NN,17.7,208.7,45,NaN,233,10,233,10,NaN,NaN,NaN,NaN,NaN,NaN,NaN,NaN,NaN,NaN,TS,NW,B,B,NaN,NaN,NaN,NaN,NaN,NaN,
1959092712,03c.1959,WANDA,TS,NN,17.0,208.0,45,NaN,226,9,226,9,NaN,NaN,NaN,NaN,NaN,NaN,NaN,NaN,NaN,NaN,TS,NW,B,B,NaN,NaN,NaN,NaN,NaN,NaN,
1959071600,03e.1959,UNNAMED,TS,NN,12.2,241.6,45,NaN,280,9,280,9,NaN,NaN,NaN,NaN,NaN,NaN,NaN,NaN,NaN,NaN,TS,NW,B,B,NaN,NaN,NaN,NaN,NaN,NaN,
1959071606,03e.1959,UNNAMED,TS,NN,12.2,240.7,45,NaN,280,9,280,9,NaN,NaN,NaN,NaN,NaN,NaN,NaN,NaN,NaN,NaN,TS,NW,B,B,NaN,NaN,NaN,NaN,NaN,NaN,
1959071612,03e.1959,UNNAMED,TS,NN,12.5,239.8,45,NaN,280,9,280,9,NaN,NaN,NaN,NaN,NaN,NaN,NaN,NaN,NaN,NaN,TS,NW,B,B,NaN,NaN,NaN,NaN,NaN,NaN,
1959071618,03e.1959,UNNAMED,TS,NN,12.9,239.3,45,NaN,297,8,297,8,NaN,NaN,NaN,NaN,NaN,NaN,NaN,NaN,NaN,NaN,TS,NW,B,B,NaN,NaN,NaN,NaN,NaN,NaN,
1959071700,03e.1959,UNNAMED,TS,NN,13.4,238.7,45,NaN,310,7,310,7,NaN,NaN,NaN,NaN,NaN,NaN,NaN,NaN,NaN,NaN,TS,NW,B,B,NaN,NaN,NaN,NaN,NaN,NaN,
1959071706,03e.1959,UNNAMED,TS,NN,13.7,238.1,45,NaN,304,7,304,7,NaN,NaN,NaN,NaN,NaN,NaN,NaN,NaN,NaN,NaN,TS,NW,B,B,NaN,NaN,NaN,NaN,NaN,NaN,
1959071712,03e.1959,UNNAMED,TS,NN,14.0,237.5,45,NaN,297,7,297,7,NaN,NaN,NaN,NaN,NaN,NaN,NaN,NaN,NaN,NaN,TS,NW,B,B,NaN,NaN,NaN,NaN,NaN,NaN,
1959071718,03e.1959,UNNAMED,TS,NN,14.6,236.9,45,NaN,308,7,308,7,NaN,NaN,NaN,NaN,NaN,NaN,NaN,NaN,NaN,NaN,TS,NW,B,B,NaN,NaN,NaN,NaN,NaN,NaN,
1959071800,03e.1959,UNNAMED,TS,NN,15.2,236.4,45,NaN,318,8,318,8,NaN,NaN,NaN,NaN,NaN,NaN,NaN,NaN,NaN,NaN,TS,NW,B,B,NaN,NaN,NaN,NaN,NaN,NaN,
1959071806,03e.1959,UNNAMED,TS,NN,16.7,234.8,45,NaN,316,15,316,15,NaN,NaN,NaN,NaN,NaN,NaN,NaN,NaN,NaN,NaN,TS,NW,B,B,NaN,NaN,NaN,NaN,NaN,NaN,
1959071812,03e.1959,UNNAMED,TS,NN,18.0,233.0,45,NaN,311,21,311,21,NaN,NaN,NaN,NaN,NaN,NaN,NaN,NaN,NaN,NaN,TS,NW,B,B,NaN,NaN,NaN,NaN,NaN,NaN,
1959071818,03e.1959,UNNAMED,TS,NN,19.0,231.4,45,NaN,305,20,305,20,NaN,NaN,NaN,NaN,NaN,NaN,NaN,NaN,NaN,NaN,TS,NW,B,B,NaN,NaN,NaN,NaN,NaN,NaN,
1959071900,03e.1959,UNNAMED,TS,NN,19.7,229.7,45,NaN,299,18,299,18,NaN,NaN,NaN,NaN,NaN,NaN,NaN,NaN,NaN,NaN,TS,NW,B,B,NaN,NaN,NaN,NaN,NaN,NaN,
1959071906,03e.1959,UNNAMED,TS,NN,19.9,228.9,45,NaN,291,13,291,13,NaN,NaN,NaN,NaN,NaN,NaN,NaN,NaN,NaN,NaN,TS,NW,B,B,NaN,NaN,NaN,NaN,NaN,NaN,
1959071912,03e.1959,UNNAMED,TS,NN,20.0,228.1,45,NaN,281,8,281,8,NaN,NaN,NaN,NaN,NaN,NaN,NaN,NaN,NaN,NaN,TS,NW,B,B,NaN,NaN,NaN,NaN,NaN,NaN,
1959071918,03e.1959,UNNAMED,TS,NN,20.0,227.1,45,NaN,273,8,273,8,NaN,NaN,NaN,NaN,NaN,NaN,NaN,NaN,NaN,NaN,TS,NW,B,B,NaN,NaN,NaN,NaN,NaN,NaN,
1959072000,03e.1959,UNNAMED,TS,NN,20.1,226.1,45,NaN,273,9,273,9,NaN,NaN,NaN,NaN,NaN,NaN,NaN,NaN,NaN,NaN,TS,NW,B,B,NaN,NaN,NaN,NaN,NaN,NaN,
1959072006,03e.1959,UNNAMED,TS,NN,20.2,225.2,45,NaN,276,9,276,9,NaN,NaN,NaN,NaN,NaN,NaN,NaN,NaN,NaN,NaN,TS,NW,B,B,NaN,NaN,NaN,NaN,NaN,NaN,
1959072012,03e.1959,UNNAMED,TS,NN,20.2,224.3,45,NaN,273,8,273,8,NaN,NaN,NaN,NaN,NaN,NaN,NaN,NaN,NaN,NaN,TS,NW,B,B,NaN,NaN,NaN,NaN,NaN,NaN,
1959072018,03e.1959,UNNAMED,TS,NN,20.2,223.3,45,NaN,270,9,270,9,NaN,NaN,NaN,NaN,NaN,NaN,NaN,NaN,NaN,NaN,TS,NW,B,B,NaN,NaN,NaN,NaN,NaN,NaN,
1959072100,03e.1959,UNNAMED,TS,NN,20.3,222.4,45,NaN,273,9,273,9,NaN,NaN,NaN,NaN,NaN,NaN,NaN,NaN,NaN,NaN,TS,NW,B,B,NaN,NaN,NaN,NaN,NaN,NaN,
1959072106,03e.1959,UNNAMED,TS,NN,20.4,221.6,45,NaN,277,8,277,8,NaN,NaN,NaN,NaN,NaN,NaN,NaN,NaN,NaN,NaN,TS,NW,B,B,NaN,NaN,NaN,NaN,NaN,NaN,
1959072112,03e.1959,UNNAMED,TS,NN,20.5,220.9,45,NaN,278,7,278,7,NaN,NaN,NaN,NaN,NaN,NaN,NaN,NaN,NaN,NaN,TS,NW,B,B,NaN,NaN,NaN,NaN,NaN,NaN,
1959072118,03e.1959,UNNAMED,TS,NN,20.6,220.1,45,NaN,278,7,278,7,NaN,NaN,NaN,NaN,NaN,NaN,NaN,NaN,NaN,NaN,TS,NW,B,B,NaN,NaN,NaN,NaN,NaN,NaN,
1959072200,03e.1959,UNNAMED,TS,NN,20.6,219.3,45,NaN,274,8,274,8,NaN,NaN,NaN,NaN,NaN,NaN,NaN,NaN,NaN,NaN,TS,NW,B,B,NaN,NaN,NaN,NaN,NaN,NaN,
1959072200,04e.1959,UNNAMED,TS,NN,16.3,239.8,45,NaN,270,5,270,5,NaN,NaN,NaN,NaN,NaN,NaN,NaN,NaN,NaN,NaN,TS,NW,B,B,NaN,NaN,NaN,NaN,NaN,NaN,
1959072206,04e.1959,UNNAMED,TS,NN,16.3,239.4,45,NaN,270,5,270,5,NaN,NaN,NaN,NaN,NaN,NaN,NaN,NaN,NaN,NaN,TS,NW,B,B,NaN,NaN,NaN,NaN,NaN,NaN,
1959072212,04e.1959,UNNAMED,TS,NN,16.3,238.7,45,NaN,270,5,270,5,NaN,NaN,NaN,NaN,NaN,NaN,NaN,NaN,NaN,NaN,TS,NW,B,B,NaN,NaN,NaN,NaN,NaN,NaN,
1959072218,04e.1959,UNNAMED,TS,NN,16.4,237.3,45,NaN,273,10,273,10,NaN,NaN,NaN,NaN,NaN,NaN,NaN,NaN,NaN,NaN,TS,NW,B,B,NaN,NaN,NaN,NaN,NaN,NaN,
1959072300,04e.1959,UNNAMED,TS,NN,16.6,236.0,45,NaN,277,13,277,13,NaN,NaN,NaN,NaN,NaN,NaN,NaN,NaN,NaN,NaN,TS,NW,B,B,NaN,NaN,NaN,NaN,NaN,NaN,
1959072306,04e.1959,UNNAMED,TS,NN,17.1,235.0,45,NaN,288,12,288,12,NaN,NaN,NaN,NaN,NaN,NaN,NaN,NaN,NaN,NaN,TS,NW,B,B,NaN,NaN,NaN,NaN,NaN,NaN,
1959072312,04e.1959,UNNAMED,TS,NN,17.6,234.1,45,NaN,299,10,299,10,NaN,NaN,NaN,NaN,NaN,NaN,NaN,NaN,NaN,NaN,TS,NW,B,B,NaN,NaN,NaN,NaN,NaN,NaN,
1959072318,04e.1959,UNNAMED,TS,NN,18.0,233.0,45,NaN,295,11,295,11,NaN,NaN,NaN,NaN,NaN,NaN,NaN,NaN,NaN,NaN,TS,NW,B,B,NaN,NaN,NaN,NaN,NaN,NaN,
1959072400,04e.1959,UNNAMED,TS,NN,18.2,231.9,45,NaN,286,11,286,11,NaN,NaN,NaN,NaN,NaN,NaN,NaN,NaN,NaN,NaN,TS,NW,B,B,NaN,NaN,NaN,NaN,NaN,NaN,
1959072406,04e.1959,UNNAMED,TS,NN,18.2,231.1,45,NaN,276,9,276,9,NaN,NaN,NaN,NaN,NaN,NaN,NaN,NaN,NaN,NaN,TS,NW,B,B,NaN,NaN,NaN,NaN,NaN,NaN,
1959072412,04e.1959,UNNAMED,TS,NN,18.0,230.4,45,NaN,262,7,262,7,NaN,NaN,NaN,NaN,NaN,NaN,NaN,NaN,NaN,NaN,TS,NW,B,B,NaN,NaN,NaN,NaN,NaN,NaN,
1959072418,04e.1959,UNNAMED,TS,NN,17.7,229.4,45,NaN,253,8,253,8,NaN,NaN,NaN,NaN,NaN,NaN,NaN,NaN,NaN,NaN,TS,NW,B,B,NaN,NaN,NaN,NaN,NaN,NaN,
1959072500,04e.1959,UNNAMED,TS,NN,17.5,228.4,45,NaN,255,10,255,10,NaN,NaN,NaN,NaN,NaN,NaN,NaN,NaN,NaN,NaN,TS,NW,B,B,NaN,NaN,NaN,NaN,NaN,NaN,
1959072506,04e.1959,UNNAMED,TS,NN,17.4,227.6,45,NaN,260,9,260,9,NaN,NaN,NaN,NaN,NaN,NaN,NaN,NaN,NaN,NaN,TS,NW,B,B,NaN,NaN,NaN,NaN,NaN,NaN,
1959072512,04e.1959,UNNAMED,TS,NN,17.4,226.7,45,NaN,266,8,266,8,NaN,NaN,NaN,NaN,NaN,NaN,NaN,NaN,NaN,NaN,TS,NW,B,B,NaN,NaN,NaN,NaN,NaN,NaN,
1959072900,05e.1959,UNNAMED,TS,NN,12.5,261.9,45,NaN,289,5,289,5,NaN,NaN,NaN,NaN,NaN,NaN,NaN,NaN,NaN,NaN,TS,NW,B,B,NaN,NaN,NaN,NaN,NaN,NaN,
1959072906,05e.1959,UNNAMED,TS,NN,12.6,261.4,45,NaN,289,5,289,5,NaN,NaN,NaN,NaN,NaN,NaN,NaN,NaN,NaN,NaN,TS,NW,B,B,NaN,NaN,NaN,NaN,NaN,NaN,
1959072912,05e.1959,UNNAMED,TS,NN,12.8,261.0,45,NaN,289,5,289,5,NaN,NaN,NaN,NaN,NaN,NaN,NaN,NaN,NaN,NaN,TS,NW,B,B,NaN,NaN,NaN,NaN,NaN,NaN,
1959072918,05e.1959,UNNAMED,TS,NN,13.0,260.5,45,NaN,295,5,295,5,NaN,NaN,NaN,NaN,NaN,NaN,NaN,NaN,NaN,NaN,TS,NW,B,B,NaN,NaN,NaN,NaN,NaN,NaN,
1959073000,05e.1959,UNNAMED,TS,NN,13.2,260.1,45,NaN,295,5,295,5,NaN,NaN,NaN,NaN,NaN,NaN,NaN,NaN,NaN,NaN,TS,NW,B,B,NaN,NaN,NaN,NaN,NaN,NaN,
1959080412,06e.1959,UNNAMED,TS,NN,25.5,229.6,45,NaN,283,16,283,16,NaN,NaN,NaN,NaN,NaN,NaN,NaN,NaN,NaN,NaN,TS,NW,B,B,NaN,NaN,NaN,NaN,NaN,NaN,
1959080418,06e.1959,UNNAMED,TS,NN,25.8,227.8,45,NaN,283,16,283,16,NaN,NaN,NaN,NaN,NaN,NaN,NaN,NaN,NaN,NaN,TS,NW,B,B,NaN,NaN,NaN,NaN,NaN,NaN,
1959080500,06e.1959,UNNAMED,TS,NN,26.2,226.1,45,NaN,283,16,283,16,NaN,NaN,NaN,NaN,NaN,NaN,NaN,NaN,NaN,NaN,TS,NW,B,B,NaN,NaN,NaN,NaN,NaN,NaN,
1959080506,06e.1959,UNNAMED,TS,NN,26.5,225.4,45,NaN,288,11,288,11,NaN,NaN,NaN,NaN,NaN,NaN,NaN,NaN,NaN,NaN,TS,NW,B,B,NaN,NaN,NaN,NaN,NaN,NaN,
1959080512,06e.1959,UNNAMED,TS,NN,26.9,224.6,45,NaN,298,8,298,8,NaN,NaN,NaN,NaN,NaN,NaN,NaN,NaN,NaN,NaN,TS,NW,B,B,NaN,NaN,NaN,NaN,NaN,NaN,
1959080518,06e.1959,UNNAMED,TS,NN,26.5,223.3,45,NaN,270,9,270,9,NaN,NaN,NaN,NaN,NaN,NaN,NaN,NaN,NaN,NaN,TS,NW,B,B,NaN,NaN,NaN,NaN,NaN,NaN,
1959080600,06e.1959,UNNAMED,TS,NN,25.6,222.1,45,NaN,240,13,240,13,NaN,NaN,NaN,NaN,NaN,NaN,NaN,NaN,NaN,NaN,TS,NW,B,B,NaN,NaN,NaN,NaN,NaN,NaN,
1959081918,07e.1959,UNNAMED,TS,NN,19.3,247.9,45,NaN,300,8,300,8,NaN,NaN,NaN,NaN,NaN,NaN,NaN,NaN,NaN,NaN,TS,NW,B,B,NaN,NaN,NaN,NaN,NaN,NaN,
1959082000,07e.1959,UNNAMED,TS,NN,19.7,247.1,45,NaN,300,8,300,8,NaN,NaN,NaN,NaN,NaN,NaN,NaN,NaN,NaN,NaN,TS,NW,B,B,NaN,NaN,NaN,NaN,NaN,NaN,
1959082006,07e.1959,UNNAMED,TS,NN,20.1,246.4,45,NaN,300,8,300,8,NaN,NaN,NaN,NaN,NaN,NaN,NaN,NaN,NaN,NaN,TS,NW,B,B,NaN,NaN,NaN,NaN,NaN,NaN,
1959082012,07e.1959,UNNAMED,TS,NN,20.5,245.7,45,NaN,301,8,301,8,NaN,NaN,NaN,NaN,NaN,NaN,NaN,NaN,NaN,NaN,TS,NW,B,B,NaN,NaN,NaN,NaN,NaN,NaN,
1959082018,07e.1959,UNNAMED,TS,NN,21.2,244.8,45,NaN,306,9,306,9,NaN,NaN,NaN,NaN,NaN,NaN,NaN,NaN,NaN,NaN,TS,NW,B,B,NaN,NaN,NaN,NaN,NaN,NaN,
1959082100,07e.1959,UNNAMED,TS,NN,21.9,244.0,45,NaN,311,11,311,11,NaN,NaN,NaN,NaN,NaN,NaN,NaN,NaN,NaN,NaN,TS,NW,B,B,NaN,NaN,NaN,NaN,NaN,NaN,
1959082106,07e.1959,UNNAMED,TS,NN,22.4,243.5,45,NaN,315,9,315,9,NaN,NaN,NaN,NaN,NaN,NaN,NaN,NaN,NaN,NaN,TS,NW,B,B,NaN,NaN,NaN,NaN,NaN,NaN,
1959082112,07e.1959,UNNAMED,TS,NN,23.0,243.0,45,NaN,320,7,320,7,NaN,NaN,NaN,NaN,NaN,NaN,NaN,NaN,NaN,NaN,TS,NW,B,B,NaN,NaN,NaN,NaN,NaN,NaN,
1959082700,08e.1959,UNNAMED,TS,NN,18.1,232.0,45,NaN,277,9,277,9,NaN,NaN,NaN,NaN,NaN,NaN,NaN,NaN,NaN,NaN,TS,NW,B,B,NaN,NaN,NaN,NaN,NaN,NaN,
1959082706,08e.1959,UNNAMED,TS,NN,18.2,231.1,45,NaN,277,9,277,9,NaN,NaN,NaN,NaN,NaN,NaN,NaN,NaN,NaN,NaN,TS,NW,B,B,NaN,NaN,NaN,NaN,NaN,NaN,
1959082712,08e.1959,UNNAMED,TS,NN,18.3,230.2,45,NaN,277,9,277,9,NaN,NaN,NaN,NaN,NaN,NaN,NaN,NaN,NaN,NaN,TS,NW,B,B,NaN,NaN,NaN,NaN,NaN,NaN,
1959082718,08e.1959,UNNAMED,TS,NN,18.4,229.5,45,NaN,278,8,278,8,NaN,NaN,NaN,NaN,NaN,NaN,NaN,NaN,NaN,NaN,TS,NW,B,B,NaN,NaN,NaN,NaN,NaN,NaN,
1959082800,08e.1959,UNNAMED,TS,NN,18.2,228.8,45,NaN,266,7,266,7,NaN,NaN,NaN,NaN,NaN,NaN,NaN,NaN,NaN,NaN,TS,NW,B,B,NaN,NaN,NaN,NaN,NaN,NaN,
1959082806,08e.1959,UNNAMED,TS,NN,17.7,228.3,45,NaN,238,7,238,7,NaN,NaN,NaN,NaN,NaN,NaN,NaN,NaN,NaN,NaN,TS,NW,B,B,NaN,NaN,NaN,NaN,NaN,NaN,
1959082812,08e.1959,UNNAMED,TS,NN,17.2,227.8,45,NaN,224,7,224,7,NaN,NaN,NaN,NaN,NaN,NaN,NaN,NaN,NaN,NaN,TS,NW,B,B,NaN,NaN,NaN,NaN,NaN,NaN,
1959082818,08e.1959,UNNAMED,TS,NN,16.7,227.1,45,NaN,229,8,229,8,NaN,NaN,NaN,NaN,NaN,NaN,NaN,NaN,NaN,NaN,TS,NW,B,B,NaN,NaN,NaN,NaN,NaN,NaN,
1959082900,08e.1959,UNNAMED,TS,NN,16.3,226.4,45,NaN,236,8,236,8,NaN,NaN,NaN,NaN,NaN,NaN,NaN,NaN,NaN,NaN,TS,NW,B,B,NaN,NaN,NaN,NaN,NaN,NaN,
1959090400,09e.1959,UNNAMED,TY,NN,13.2,266.0,75,NaN,282,14,282,14,NaN,NaN,NaN,NaN,NaN,NaN,NaN,NaN,NaN,NaN,TY,NW,B,B,NaN,NaN,NaN,NaN,NaN,NaN,
1959090406,09e.1959,UNNAMED,TY,NN,13.5,264.5,75,NaN,282,14,282,14,NaN,NaN,NaN,NaN,NaN,NaN,NaN,NaN,NaN,NaN,TY,NW,B,B,NaN,NaN,NaN,NaN,NaN,NaN,
1959090412,09e.1959,UNNAMED,TY,NN,13.8,263.1,75,NaN,282,14,282,14,NaN,NaN,NaN,NaN,NaN,NaN,NaN,NaN,NaN,NaN,TY,NW,B,B,NaN,NaN,NaN,NaN,NaN,NaN,
1959090418,09e.1959,UNNAMED,TY,NN,14.2,261.6,75,NaN,284,15,284,15,NaN,NaN,NaN,NaN,NaN,NaN,NaN,NaN,NaN,NaN,TY,NW,B,B,NaN,NaN,NaN,NaN,NaN,NaN,
1959090500,09e.1959,UNNAMED,TY,NN,14.7,260.3,75,NaN,288,14,288,14,NaN,NaN,NaN,NaN,NaN,NaN,NaN,NaN,NaN,NaN,TY,NW,B,B,NaN,NaN,NaN,NaN,NaN,NaN,
1959090506,09e.1959,UNNAMED,TY,NN,15.4,259.3,75,NaN,298,13,298,13,NaN,NaN,NaN,NaN,NaN,NaN,NaN,NaN,NaN,NaN,TY,NW,B,B,NaN,NaN,NaN,NaN,NaN,NaN,
1959090512,09e.1959,UNNAMED,TY,NN,16.1,258.4,75,NaN,307,12,307,12,NaN,NaN,NaN,NaN,NaN,NaN,NaN,NaN,NaN,NaN,TY,NW,B,B,NaN,NaN,NaN,NaN,NaN,NaN,
1959090518,09e.1959,UNNAMED,TY,NN,17.1,257.4,75,NaN,313,12,313,12,NaN,NaN,NaN,NaN,NaN,NaN,NaN,NaN,NaN,NaN,TY,NW,B,B,NaN,NaN,NaN,NaN,NaN,NaN,
1959090600,09e.1959,UNNAMED,TY,NN,17.9,256.5,75,NaN,315,13,315,13,NaN,NaN,NaN,NaN,NaN,NaN,NaN,NaN,NaN,NaN,TY,NW,B,B,NaN,NaN,0.13,NaN,NaN,NaN,
1959090606,09e.1959,UNNAMED,TY,NN,18.0,256.1,75,NaN,306,8,306,8,NaN,NaN,NaN,NaN,NaN,NaN,NaN,NaN,NaN,NaN,TY,NW,B,B,NaN,NaN,NaN,NaN,NaN,NaN,
1959090612,09e.1959,UNNAMED,TY,NN,18.0,255.9,75,NaN,280,3,280,3,NaN,NaN,NaN,NaN,NaN,NaN,NaN,NaN,NaN,NaN,TY,NW,B,B,NaN,NaN,NaN,NaN,NaN,NaN,
1959090618,09e.1959,UNNAMED,TY,NN,18.0,255.2,75,NaN,270,4,270,4,NaN,NaN,NaN,NaN,NaN,NaN,NaN,NaN,NaN,NaN,TY,NW,B,B,NaN,NaN,NaN,NaN,NaN,NaN,
1959090700,09e.1959,UNNAMED,TY,NN,18.0,254.6,75,NaN,270,6,270,6,NaN,NaN,NaN,NaN,NaN,NaN,NaN,NaN,NaN,NaN,TY,NW,B,B,NaN,NaN,NaN,NaN,NaN,NaN,
1959090706,09e.1959,UNNAMED,TY,NN,18.1,254.0,75,NaN,275,6,275,6,NaN,NaN,NaN,NaN,NaN,NaN,NaN,NaN,NaN,NaN,TY,NW,B,B,NaN,NaN,NaN,NaN,NaN,NaN,
1959090712,09e.1959,UNNAMED,TY,NN,18.3,253.4,75,NaN,285,6,285,6,NaN,NaN,NaN,NaN,NaN,NaN,NaN,NaN,NaN,NaN,TY,NW,B,B,NaN,NaN,NaN,NaN,NaN,NaN,
1959090718,09e.1959,UNNAMED,TY,NN,18.5,252.8,75,NaN,289,6,289,6,NaN,NaN,NaN,NaN,NaN,NaN,NaN,NaN,NaN,NaN,TY,NW,B,B,NaN,NaN,NaN,NaN,NaN,NaN,
1959090800,09e.1959,UNNAMED,TY,NN,18.8,252.3,75,NaN,296,6,296,6,NaN,NaN,NaN,NaN,NaN,NaN,NaN,NaN,NaN,NaN,TY,NW,B,B,NaN,NaN,NaN,NaN,NaN,NaN,
1959090806,09e.1959,UNNAMED,TY,NN,19.2,252.0,75,NaN,313,5,313,5,NaN,NaN,NaN,NaN,NaN,NaN,NaN,NaN,NaN,NaN,TY,NW,B,B,NaN,NaN,NaN,NaN,NaN,NaN,
1959090812,09e.1959,UNNAMED,TY,NN,19.6,251.8,75,NaN,329,5,329,5,NaN,NaN,NaN,NaN,NaN,NaN,NaN,NaN,NaN,NaN,TY,NW,B,B,NaN,NaN,NaN,NaN,NaN,NaN,
1959090818,09e.1959,UNNAMED,TY,NN,20.1,251.7,75,NaN,343,5,343,5,NaN,NaN,NaN,NaN,NaN,NaN,NaN,NaN,NaN,NaN,TY,NW,B,B,NaN,NaN,NaN,NaN,NaN,NaN,
1959090900,09e.1959,UNNAMED,TY,NN,20.9,251.5,75,NaN,348,7,348,7,NaN,NaN,NaN,NaN,NaN,NaN,NaN,NaN,NaN,NaN,TY,NW,B,B,NaN,NaN,NaN,NaN,NaN,NaN,
1959090906,09e.1959,UNNAMED,TY,NN,21.9,251.0,75,NaN,340,10,340,10,NaN,NaN,NaN,NaN,NaN,NaN,NaN,NaN,NaN,NaN,TY,NW,B,B,NaN,NaN,NaN,NaN,NaN,NaN,
1959090912,09e.1959,UNNAMED,TY,NN,22.9,250.4,75,NaN,333,11,333,11,NaN,NaN,NaN,NaN,NaN,NaN,NaN,NaN,NaN,NaN,TY,NW,B,B,NaN,NaN,0.28,NaN,NaN,NaN,
1959090918,09e.1959,UNNAMED,TY,NN,24.0,249.8,75,NaN,332,12,332,12,NaN,NaN,NaN,NaN,NaN,NaN,NaN,NaN,NaN,NaN,TY,NW,B,B,NaN,NaN,0.52,NaN,NaN,NaN,
1959091000,09e.1959,UNNAMED,TY,NN,25.0,249.1,75,NaN,331,12,331,12,NaN,NaN,NaN,NaN,NaN,NaN,NaN,NaN,NaN,NaN,TY,NW,B,B,NaN,NaN,0.68,NaN,NaN,NaN,
1959091006,09e.1959,UNNAMED,TY,NN,25.6,248.4,75,NaN,322,10,322,10,NaN,NaN,NaN,NaN,NaN,NaN,NaN,NaN,NaN,NaN,TY,NW,B,B,NaN,NaN,0.89,NaN,NaN,NaN,
1959091012,09e.1959,UNNAMED,TY,NN,26.0,247.6,75,NaN,306,8,306,8,NaN,NaN,NaN,NaN,NaN,NaN,NaN,NaN,NaN,NaN,TY,NW,B,B,NaN,NaN,0.32,NaN,NaN,NaN,
1959091018,09e.1959,UNNAMED,TY,NN,26.8,246.7,75,NaN,308,10,308,10,NaN,NaN,NaN,NaN,NaN,NaN,NaN,NaN,NaN,NaN,TY,NW,B,B,NaN,NaN,0.69,NaN,NaN,NaN,
1959091100,09e.1959,UNNAMED,TY,NN,27.9,245.7,75,NaN,318,13,318,13,NaN,NaN,NaN,NaN,NaN,NaN,NaN,NaN,NaN,NaN,TY,NW,B,B,NaN,NaN,0.34,NaN,NaN,NaN,
1959091106,09e.1959,UNNAMED,TY,NN,29.6,244.9,45,NaN,330,16,330,16,NaN,NaN,NaN,NaN,NaN,NaN,NaN,NaN,NaN,NaN,TS,NW,B,B,NaN,NaN,0.65,NaN,NaN,NaN,
1959091112,09e.1959,UNNAMED,TY,NN,31.8,244.1,25,NaN,340,21,340,21,NaN,NaN,NaN,NaN,NaN,NaN,NaN,NaN,NaN,NaN,TD,NW,B,B,NaN,NaN,1.00,NaN,NaN,NaN,
1959092112,10e.1959,UNNAMED,TY,NN,16.0,241.4,75,NaN,293,9,293,9,NaN,NaN,NaN,NaN,NaN,NaN,NaN,NaN,NaN,NaN,TY,NW,B,B,NaN,NaN,NaN,NaN,NaN,NaN,
1959092118,10e.1959,UNNAMED,TY,NN,16.3,240.5,75,NaN,293,9,293,9,NaN,NaN,NaN,NaN,NaN,NaN,NaN,NaN,NaN,NaN,TY,NW,B,B,NaN,NaN,NaN,NaN,NaN,NaN,
1959092200,10e.1959,UNNAMED,TY,NN,16.7,239.7,75,NaN,293,9,293,9,NaN,NaN,NaN,NaN,NaN,NaN,NaN,NaN,NaN,NaN,TY,NW,B,B,NaN,NaN,NaN,NaN,NaN,NaN,
1959092206,10e.1959,UNNAMED,TY,NN,17.3,239.1,75,NaN,307,8,307,8,NaN,NaN,NaN,NaN,NaN,NaN,NaN,NaN,NaN,NaN,TY,NW,B,B,NaN,NaN,NaN,NaN,NaN,NaN,
1959092212,10e.1959,UNNAMED,TY,NN,18.0,238.6,75,NaN,321,8,321,8,NaN,NaN,NaN,NaN,NaN,NaN,NaN,NaN,NaN,NaN,TY,NW,B,B,NaN,NaN,NaN,NaN,NaN,NaN,
1959092218,10e.1959,UNNAMED,TY,NN,18.3,238.4,75,NaN,326,6,326,6,NaN,NaN,NaN,NaN,NaN,NaN,NaN,NaN,NaN,NaN,TY,NW,B,B,NaN,NaN,NaN,NaN,NaN,NaN,
1959092300,10e.1959,UNNAMED,TY,NN,18.7,238.3,75,NaN,338,4,338,4,NaN,NaN,NaN,NaN,NaN,NaN,NaN,NaN,NaN,NaN,TY,NW,B,B,NaN,NaN,NaN,NaN,NaN,NaN,
1959092306,10e.1959,UNNAMED,TY,NN,19.1,238.2,75,NaN,347,4,347,4,NaN,NaN,NaN,NaN,NaN,NaN,NaN,NaN,NaN,NaN,TY,NW,B,B,NaN,NaN,NaN,NaN,NaN,NaN,
1959092312,10e.1959,UNNAMED,TY,NN,19.6,238.1,75,NaN,348,5,348,5,NaN,NaN,NaN,NaN,NaN,NaN,NaN,NaN,NaN,NaN,TY,NW,B,B,NaN,NaN,NaN,NaN,NaN,NaN,
1959092318,10e.1959,UNNAMED,TY,NN,20.0,238.1,75,NaN,354,5,354,5,NaN,NaN,NaN,NaN,NaN,NaN,NaN,NaN,NaN,NaN,TY,NW,B,B,NaN,NaN,NaN,NaN,NaN,NaN,
1959092400,10e.1959,UNNAMED,TY,NN,20.5,238.1,75,NaN,360,4,360,4,NaN,NaN,NaN,NaN,NaN,NaN,NaN,NaN,NaN,NaN,TY,NW,B,B,NaN,NaN,NaN,NaN,NaN,NaN,
1959092406,10e.1959,UNNAMED,TY,NN,21.1,238.1,75,NaN,360,6,360,6,NaN,NaN,NaN,NaN,NaN,NaN,NaN,NaN,NaN,NaN,TY,NW,B,B,NaN,NaN,NaN,NaN,NaN,NaN,
1959092412,10e.1959,UNNAMED,TY,NN,21.7,238.0,75,NaN,356,6,356,6,NaN,NaN,NaN,NaN,NaN,NaN,NaN,NaN,NaN,NaN,TY,NW,B,B,NaN,NaN,NaN,NaN,NaN,NaN,
1959092418,10e.1959,UNNAMED,TY,NN,22.1,237.6,70,967,335,6,335,6,NaN,NaN,NaN,NaN,NaN,NaN,NaN,NaN,NaN,NaN,TY,NW,B,B,NaN,NaN,NaN,NaN,NaN,NaN,
1959092500,10e.1959,UNNAMED,TY,NN,22.2,236.8,75,NaN,294,6,294,6,NaN,NaN,NaN,NaN,NaN,NaN,NaN,NaN,NaN,NaN,TY,NW,B,B,NaN,NaN,NaN,NaN,NaN,NaN,
1959092506,10e.1959,UNNAMED,TY,NN,22.0,235.8,75,NaN,267,8,267,8,NaN,NaN,NaN,NaN,NaN,NaN,NaN,NaN,NaN,NaN,TY,NW,B,B,NaN,NaN,NaN,NaN,NaN,NaN,
1959092512,10e.1959,UNNAMED,TY,NN,21.6,234.8,75,NaN,252,10,252,10,NaN,NaN,NaN,NaN,NaN,NaN,NaN,NaN,NaN,NaN,TY,NW,B,B,NaN,NaN,NaN,NaN,NaN,NaN,
1959092518,10e.1959,UNNAMED,TY,NN,21.0,233.7,75,NaN,243,11,243,11,NaN,NaN,NaN,NaN,NaN,NaN,NaN,NaN,NaN,NaN,TY,NW,B,B,NaN,NaN,NaN,NaN,NaN,NaN,
1959092600,10e.1959,UNNAMED,TY,NN,20.4,232.7,75,NaN,239,11,239,11,NaN,NaN,NaN,NaN,NaN,NaN,NaN,NaN,NaN,NaN,TY,NW,B,B,NaN,NaN,NaN,NaN,NaN,NaN,
1959101900,11e.1959,UNNAMED,TS,NN,18.6,248.5,45,NaN,73,7,73,7,NaN,NaN,NaN,NaN,NaN,NaN,NaN,NaN,NaN,NaN,TS,NW,B,B,NaN,NaN,NaN,NaN,NaN,NaN,
1959101906,11e.1959,UNNAMED,TS,NN,18.8,249.2,45,NaN,73,7,73,7,NaN,NaN,NaN,NaN,NaN,NaN,NaN,NaN,NaN,NaN,TS,NW,B,B,NaN,NaN,NaN,NaN,NaN,NaN,
1959101912,11e.1959,UNNAMED,TS,NN,19.0,249.9,45,NaN,73,7,73,7,NaN,NaN,NaN,NaN,NaN,NaN,NaN,NaN,NaN,NaN,TS,NW,B,B,NaN,NaN,NaN,NaN,NaN,NaN,
1959101918,11e.1959,UNNAMED,TS,NN,19.1,250.5,45,NaN,76,6,76,6,NaN,NaN,NaN,NaN,NaN,NaN,NaN,NaN,NaN,NaN,TS,NW,B,B,NaN,NaN,NaN,NaN,NaN,NaN,
1959102000,11e.1959,UNNAMED,TS,NN,19.2,251.1,45,NaN,80,6,80,6,NaN,NaN,NaN,NaN,NaN,NaN,NaN,NaN,NaN,NaN,TS,NW,B,B,NaN,NaN,NaN,NaN,NaN,NaN,
1959102006,11e.1959,UNNAMED,TS,NN,19.4,251.6,45,NaN,74,5,74,5,NaN,NaN,NaN,NaN,NaN,NaN,NaN,NaN,NaN,NaN,TS,NW,B,B,NaN,NaN,NaN,NaN,NaN,NaN,
1959102012,11e.1959,UNNAMED,TS,NN,19.7,252.1,45,NaN,62,5,62,5,NaN,NaN,NaN,NaN,NaN,NaN,NaN,NaN,NaN,NaN,TS,NW,B,B,NaN,NaN,NaN,NaN,NaN,NaN,
1959102018,11e.1959,UNNAMED,TS,NN,20.1,252.3,45,NaN,43,5,43,5,NaN,NaN,NaN,NaN,NaN,NaN,NaN,NaN,NaN,NaN,TS,NW,B,B,NaN,NaN,NaN,NaN,NaN,NaN,
1959102100,11e.1959,UNNAMED,TS,NN,20.6,252.4,45,NaN,17,5,17,5,NaN,NaN,NaN,NaN,NaN,NaN,NaN,NaN,NaN,NaN,TS,NW,B,B,NaN,NaN,NaN,NaN,NaN,NaN,
1959102212,12e.1959,UNNAMED,TY,NN,12.2,264.9,40,NaN,286,7,286,7,NaN,NaN,NaN,NaN,NaN,NaN,NaN,NaN,NaN,NaN,TS,NW,B,B,NaN,NaN,NaN,NaN,NaN,NaN,
1959102218,12e.1959,UNNAMED,TY,NN,12.4,264.3,45,NaN,286,7,286,7,NaN,NaN,NaN,NaN,NaN,NaN,NaN,NaN,NaN,NaN,TS,NW,B,B,NaN,NaN,NaN,NaN,NaN,NaN,
1959102300,12e.1959,UNNAMED,TY,NN,12.6,263.5,50,NaN,286,7,286,7,NaN,NaN,NaN,NaN,NaN,NaN,NaN,NaN,NaN,NaN,TS,NW,B,B,NaN,NaN,NaN,NaN,NaN,NaN,
1959102306,12e.1959,UNNAMED,TY,NN,12.8,262.7,55,NaN,284,8,284,8,NaN,NaN,NaN,NaN,NaN,NaN,NaN,NaN,NaN,NaN,TS,NW,B,B,NaN,NaN,NaN,NaN,NaN,NaN,
1959102312,12e.1959,UNNAMED,TY,NN,13.1,261.8,60,NaN,287,9,287,9,NaN,NaN,NaN,NaN,NaN,NaN,NaN,NaN,NaN,NaN,TS,NW,B,B,NaN,NaN,NaN,NaN,NaN,NaN,
1959102318,12e.1959,UNNAMED,TY,NN,13.5,260.8,70,NaN,291,10,291,10,NaN,NaN,NaN,NaN,NaN,NaN,NaN,NaN,NaN,NaN,TY,NW,B,B,NaN,NaN,NaN,NaN,NaN,NaN,
1959102400,12e.1959,UNNAMED,TY,NN,14.0,260.0,75,NaN,297,10,297,10,NaN,NaN,NaN,NaN,NaN,NaN,NaN,NaN,NaN,NaN,TY,NW,B,B,NaN,NaN,NaN,NaN,NaN,NaN,
1959102406,12e.1959,UNNAMED,TY,NN,14.5,259.2,75,NaN,303,9,303,9,NaN,NaN,NaN,NaN,NaN,NaN,NaN,NaN,NaN,NaN,TY,NW,B,B,NaN,NaN,NaN,NaN,NaN,NaN,
1959102412,12e.1959,UNNAMED,TY,NN,15.0,258.4,75,NaN,303,9,303,9,NaN,NaN,NaN,NaN,NaN,NaN,NaN,NaN,NaN,NaN,TY,NW,B,B,NaN,NaN,NaN,NaN,NaN,NaN,
1959102418,12e.1959,UNNAMED,TY,NN,15.5,257.8,80,NaN,306,8,306,8,NaN,NaN,NaN,NaN,NaN,NaN,NaN,NaN,NaN,NaN,TY,NW,B,B,NaN,NaN,NaN,NaN,NaN,NaN,
1959102500,12e.1959,UNNAMED,TY,NN,16.0,257.3,90,NaN,313,7,313,7,NaN,NaN,NaN,NaN,NaN,NaN,NaN,NaN,NaN,NaN,TY,NW,B,B,NaN,NaN,NaN,NaN,NaN,NaN,
1959102506,12e.1959,UNNAMED,TY,NN,16.4,256.7,95,NaN,310,7,310,7,NaN,NaN,NaN,NaN,NaN,NaN,NaN,NaN,NaN,NaN,TY,NW,B,B,NaN,NaN,NaN,NaN,NaN,NaN,
1959102512,12e.1959,UNNAMED,TY,NN,16.7,256.1,100,NaN,301,7,301,7,NaN,NaN,NaN,NaN,NaN,NaN,NaN,NaN,NaN,NaN,TY,NW,B,B,NaN,NaN,NaN,NaN,NaN,NaN,
1959102518,12e.1959,UNNAMED,TY,NN,17.0,255.5,105,NaN,298,6,298,6,NaN,NaN,NaN,NaN,NaN,NaN,NaN,NaN,NaN,NaN,TY,NW,B,B,NaN,NaN,NaN,NaN,NaN,NaN,
1959102600,12e.1959,UNNAMED,TY,NN,17.2,254.9,110,NaN,294,6,294,6,NaN,NaN,NaN,NaN,NaN,NaN,NaN,NaN,NaN,NaN,TY,NW,B,B,NaN,NaN,NaN,NaN,NaN,NaN,
1959102606,12e.1959,UNNAMED,TY,NN,17.5,254.6,115,NaN,300,5,300,5,NaN,NaN,NaN,NaN,NaN,NaN,NaN,NaN,NaN,NaN,TY,NW,B,B,NaN,NaN,NaN,NaN,NaN,NaN,
1959102612,12e.1959,UNNAMED,TY,NN,17.8,254.5,115,NaN,328,4,328,4,NaN,NaN,NaN,NaN,NaN,NaN,NaN,NaN,NaN,NaN,TY,NW,B,B,NaN,NaN,NaN,NaN,NaN,NaN,
1959102618,12e.1959,UNNAMED,TY,NN,18.1,254.6,115,NaN,360,3,360,3,NaN,NaN,NaN,NaN,NaN,NaN,NaN,NaN,NaN,NaN,TY,NW,B,B,NaN,NaN,NaN,NaN,NaN,NaN,
1959102700,12e.1959,UNNAMED,TY,NN,18.4,254.9,120,NaN,32,4,32,4,NaN,NaN,NaN,NaN,NaN,NaN,NaN,NaN,NaN,NaN,TY,NW,B,B,NaN,NaN,NaN,NaN,NaN,NaN,
1959102706,12e.1959,UNNAMED,TY,NN,18.8,255.3,120,NaN,43,5,43,5,NaN,NaN,NaN,NaN,NaN,NaN,NaN,NaN,NaN,NaN,TY,NW,B,B,NaN,NaN,0.37,NaN,NaN,NaN,
1959102712,12e.1959,UNNAMED,TY,NN,19.1,255.6,120,958,43,5,43,5,NaN,NaN,NaN,NaN,NaN,NaN,NaN,NaN,NaN,NaN,TY,NW,B,B,NaN,NaN,0.37,NaN,NaN,NaN,
1959102718,12e.1959,UNNAMED,TY,NN,19.5,256.1,70,NaN,47,5,47,5,NaN,NaN,NaN,NaN,NaN,NaN,NaN,NaN,NaN,NaN,TY,NW,B,B,NaN,NaN,0.96,NaN,NaN,NaN,
1959102800,12e.1959,UNNAMED,TY,NN,20.1,256.5,45,NaN,40,7,40,7,NaN,NaN,NaN,NaN,NaN,NaN,NaN,NaN,NaN,NaN,TS,NW,B,B,NaN,NaN,0.93,NaN,NaN,NaN,
1959102806,12e.1959,UNNAMED,TY,NN,20.8,256.7,25,NaN,23,7,23,7,NaN,NaN,NaN,NaN,NaN,NaN,NaN,NaN,NaN,NaN,TD,NW,B,B,NaN,NaN,0.99,NaN,NaN,NaN,
1959051818,01a.1959,TC01A,TD,NN,8.8,70.7,NaN,NaN,340,4,340,4,NaN,NaN,NaN,NaN,NaN,NaN,NaN,NaN,NaN,NaN,NT,NW,B,B,NaN,NaN,NaN,NaN,NaN,NaN,
1959051900,01a.1959,TC01A,TD,NN,9.0,70.6,NaN,NaN,340,4,340,4,NaN,NaN,NaN,NaN,NaN,NaN,NaN,NaN,NaN,NaN,NT,NW,B,B,NaN,NaN,NaN,NaN,NaN,NaN,
1959051906,01a.1959,TC01A,TD,NN,9.6,70.4,NaN,NaN,340,4,340,4,NaN,NaN,NaN,NaN,NaN,NaN,NaN,NaN,NaN,NaN,NT,NW,B,B,NaN,NaN,NaN,NaN,NaN,NaN,
1959051912,01a.1959,TC01A,TD,NN,10.3,70.1,NaN,NaN,339,7,339,7,NaN,NaN,NaN,NaN,NaN,NaN,NaN,NaN,NaN,NaN,NT,NW,B,B,NaN,NaN,NaN,NaN,NaN,NaN,
1959051918,01a.1959,TC01A,TD,NN,10.9,69.7,NaN,NaN,332,7,332,7,NaN,NaN,NaN,NaN,NaN,NaN,NaN,NaN,NaN,NaN,NT,NW,B,B,NaN,NaN,NaN,NaN,NaN,NaN,
1959052000,01a.1959,TC01A,TD,NN,11.6,69.4,NaN,NaN,332,7,332,7,NaN,NaN,NaN,NaN,NaN,NaN,NaN,NaN,NaN,NaN,NT,NW,B,B,NaN,NaN,NaN,NaN,NaN,NaN,
1959052006,01a.1959,TC01A,TD,NN,12.2,69.0,NaN,NaN,332,7,332,7,NaN,NaN,NaN,NaN,NaN,NaN,NaN,NaN,NaN,NaN,NT,NW,B,B,NaN,NaN,NaN,NaN,NaN,NaN,
1959052012,01a.1959,TC01A,TD,NN,12.7,68.5,NaN,NaN,321,7,321,7,NaN,NaN,NaN,NaN,NaN,NaN,NaN,NaN,NaN,NaN,NT,NW,B,B,NaN,NaN,NaN,NaN,NaN,NaN,
1959052018,01a.1959,TC01A,TD,NN,13.1,68.1,NaN,NaN,316,6,316,6,NaN,NaN,NaN,NaN,NaN,NaN,NaN,NaN,NaN,NaN,NT,NW,B,B,NaN,NaN,NaN,NaN,NaN,NaN,
1959052100,01a.1959,TC01A,TD,NN,13.6,67.6,NaN,NaN,316,6,316,6,NaN,NaN,NaN,NaN,NaN,NaN,NaN,NaN,NaN,NaN,NT,NW,B,B,NaN,NaN,NaN,NaN,NaN,NaN,
1959052106,01a.1959,TC01A,TD,NN,14.2,66.7,NaN,NaN,309,9,309,9,NaN,NaN,NaN,NaN,NaN,NaN,NaN,NaN,NaN,NaN,NT,NW,B,B,NaN,NaN,NaN,NaN,NaN,NaN,
1959052112,01a.1959,TC01A,TD,NN,14.6,65.6,NaN,NaN,297,11,297,11,NaN,NaN,NaN,NaN,NaN,NaN,NaN,NaN,NaN,NaN,NT,NW,B,B,NaN,NaN,NaN,NaN,NaN,NaN,
1959052118,01a.1959,TC01A,TD,NN,14.9,64.6,NaN,NaN,289,11,289,11,NaN,NaN,NaN,NaN,NaN,NaN,NaN,NaN,NaN,NaN,NT,NW,B,B,NaN,NaN,NaN,NaN,NaN,NaN,
1959052200,01a.1959,TC01A,TD,NN,15.1,63.6,NaN,NaN,285,10,285,10,NaN,NaN,NaN,NaN,NaN,NaN,NaN,NaN,NaN,NaN,NT,NW,B,B,NaN,NaN,NaN,NaN,NaN,NaN,
1959052206,01a.1959,TC01A,TD,NN,15.3,62.5,NaN,NaN,281,10,281,10,NaN,NaN,NaN,NaN,NaN,NaN,NaN,NaN,NaN,NaN,NT,NW,B,B,NaN,NaN,NaN,NaN,NaN,NaN,
1959052212,01a.1959,TC01A,TD,NN,15.5,61.0,NaN,NaN,279,13,279,13,NaN,NaN,NaN,NaN,NaN,NaN,NaN,NaN,NaN,NaN,NT,NW,B,B,NaN,NaN,NaN,NaN,NaN,NaN,
1959052218,01a.1959,TC01A,TD,NN,15.7,59.7,NaN,NaN,278,14,278,14,NaN,NaN,NaN,NaN,NaN,NaN,NaN,NaN,NaN,NaN,NT,NW,B,B,NaN,NaN,NaN,NaN,NaN,NaN,
1959052300,01a.1959,TC01A,TD,NN,15.8,58.5,NaN,NaN,277,12,277,12,NaN,NaN,NaN,NaN,NaN,NaN,NaN,NaN,NaN,NaN,NT,NW,B,B,NaN,NaN,NaN,NaN,NaN,NaN,
1959052306,01a.1959,TC01A,TD,NN,16.0,57.5,NaN,NaN,278,11,278,11,NaN,NaN,NaN,NaN,NaN,NaN,NaN,NaN,NaN,NaN,NT,NW,B,B,NaN,NaN,NaN,NaN,NaN,NaN,
1959052312,01a.1959,TC01A,TD,NN,16.1,56.5,NaN,NaN,279,10,279,10,NaN,NaN,NaN,NaN,NaN,NaN,NaN,NaN,NaN,NaN,NT,NW,B,B,NaN,NaN,NaN,NaN,NaN,NaN,
1959052318,01a.1959,TC01A,TD,NN,16.3,55.6,NaN,NaN,279,9,279,9,NaN,NaN,NaN,NaN,NaN,NaN,NaN,NaN,NaN,NaN,NT,NW,B,B,NaN,NaN,NaN,NaN,NaN,NaN,
1959052400,01a.1959,TC01A,TD,NN,16.6,54.8,NaN,NaN,287,9,287,9,NaN,NaN,NaN,NaN,NaN,NaN,NaN,NaN,NaN,NaN,NT,NW,B,B,NaN,NaN,NaN,NaN,NaN,NaN,
1959062218,02b.1959,TC02B,TD,NN,10.2,85.3,NaN,NaN,328,6,328,6,NaN,NaN,NaN,NaN,NaN,NaN,NaN,NaN,NaN,NaN,NT,NW,B,B,NaN,NaN,NaN,NaN,NaN,NaN,
1959062300,02b.1959,TC02B,TD,NN,10.4,85.3,NaN,NaN,328,6,328,6,NaN,NaN,NaN,NaN,NaN,NaN,NaN,NaN,NaN,NaN,NT,NW,B,B,NaN,NaN,NaN,NaN,NaN,NaN,
1959062306,02b.1959,TC02B,TD,NN,11.3,84.6,NaN,NaN,328,6,328,6,NaN,NaN,NaN,NaN,NaN,NaN,NaN,NaN,NaN,NaN,NT,NW,B,B,NaN,NaN,NaN,NaN,NaN,NaN,
1959062312,02b.1959,TC02B,TD,NN,12.6,83.9,NaN,NaN,328,13,328,13,NaN,NaN,NaN,NaN,NaN,NaN,NaN,NaN,NaN,NaN,NT,NW,B,B,NaN,NaN,NaN,NaN,NaN,NaN,
1959062318,02b.1959,TC02B,TD,NN,13.6,83.1,NaN,NaN,328,14,328,14,NaN,NaN,NaN,NaN,NaN,NaN,NaN,NaN,NaN,NaN,NT,NW,B,B,NaN,NaN,NaN,NaN,NaN,NaN,
1959062400,02b.1959,TC02B,TD,NN,14.5,82.3,NaN,NaN,321,12,321,12,NaN,NaN,NaN,NaN,NaN,NaN,NaN,NaN,NaN,NaN,NT,NW,B,B,NaN,NaN,NaN,NaN,NaN,NaN,
1959062718,03b.1959,TC03B,TD,NN,17.5,89.3,NaN,NaN,326,4,326,4,NaN,NaN,NaN,NaN,NaN,NaN,NaN,NaN,NaN,NaN,NT,NW,B,B,NaN,NaN,NaN,NaN,NaN,NaN,
1959062800,03b.1959,TC03B,TD,NN,17.7,89.2,NaN,NaN,326,4,326,4,NaN,NaN,NaN,NaN,NaN,NaN,NaN,NaN,NaN,NaN,NT,NW,B,B,NaN,NaN,NaN,NaN,NaN,NaN,
1959062806,03b.1959,TC03B,TD,NN,18.2,88.8,NaN,NaN,326,4,326,4,NaN,NaN,NaN,NaN,NaN,NaN,NaN,NaN,NaN,NaN,NT,NW,B,B,NaN,NaN,NaN,NaN,NaN,NaN,
1959062812,03b.1959,TC03B,TD,NN,18.8,88.3,NaN,NaN,322,7,322,7,NaN,NaN,NaN,NaN,NaN,NaN,NaN,NaN,NaN,NaN,NT,NW,B,B,NaN,NaN,NaN,NaN,NaN,NaN,
1959062818,03b.1959,TC03B,TD,NN,19.3,87.9,NaN,NaN,322,7,322,7,NaN,NaN,NaN,NaN,NaN,NaN,NaN,NaN,NaN,NaN,NT,NW,B,B,NaN,NaN,NaN,NaN,NaN,NaN,
1959062900,03b.1959,TC03B,TD,NN,19.7,87.4,NaN,NaN,317,6,317,6,NaN,NaN,NaN,NaN,NaN,NaN,NaN,NaN,NaN,NaN,NT,NW,B,B,NaN,NaN,NaN,NaN,NaN,NaN,
1959062906,03b.1959,TC03B,TD,NN,20.1,86.4,NaN,NaN,300,8,300,8,NaN,NaN,NaN,NaN,NaN,NaN,NaN,NaN,NaN,NaN,NT,NW,B,B,NaN,NaN,0.33,NaN,NaN,NaN,
1959062912,03b.1959,TC03B,TD,NN,20.4,85.0,NaN,NaN,287,12,287,12,NaN,NaN,NaN,NaN,NaN,NaN,NaN,NaN,NaN,NaN,NT,NW,B,B,NaN,NaN,0.97,NaN,NaN,NaN,
1959062918,03b.1959,TC03B,TD,NN,20.8,83.6,NaN,NaN,285,14,285,14,NaN,NaN,NaN,NaN,NaN,NaN,NaN,NaN,NaN,NaN,NT,NW,B,B,NaN,NaN,0.99,NaN,NaN,NaN,
1959063000,03b.1959,TC03B,TD,NN,21.1,82.2,NaN,NaN,285,14,285,14,NaN,NaN,NaN,NaN,NaN,NaN,NaN,NaN,NaN,NaN,NT,NW,B,B,NaN,NaN,0.98,NaN,NaN,NaN,
1959063006,03b.1959,TC03B,TD,NN,21.5,80.7,NaN,NaN,285,14,285,14,NaN,NaN,NaN,NaN,NaN,NaN,NaN,NaN,NaN,NaN,NT,NW,B,B,NaN,NaN,0.99,NaN,NaN,NaN,
1959063012,03b.1959,TC03B,TD,NN,22.2,78.8,NaN,NaN,289,17,289,17,NaN,NaN,NaN,NaN,NaN,NaN,NaN,NaN,NaN,NaN,NT,NW,B,B,NaN,NaN,1.00,NaN,NaN,NaN,
1959063018,03b.1959,TC03B,TD,NN,22.8,77.1,NaN,NaN,291,18,291,18,NaN,NaN,NaN,NaN,NaN,NaN,NaN,NaN,NaN,NaN,NT,NW,B,B,NaN,NaN,0.99,NaN,NaN,NaN,
1959070100,03b.1959,TC03B,TD,NN,23.3,75.4,NaN,NaN,289,17,289,17,NaN,NaN,NaN,NaN,NaN,NaN,NaN,NaN,NaN,NaN,NT,NW,B,B,NaN,NaN,0.99,NaN,NaN,NaN,
1959070106,03b.1959,TC03B,TD,NN,23.6,73.7,NaN,NaN,284,16,284,16,NaN,NaN,NaN,NaN,NaN,NaN,NaN,NaN,NaN,NaN,NT,NW,B,B,NaN,NaN,0.99,NaN,NaN,NaN,
1959070112,03b.1959,TC03B,TD,NN,23.7,72.0,NaN,NaN,277,16,277,16,NaN,NaN,NaN,NaN,NaN,NaN,NaN,NaN,NaN,NaN,NT,NW,B,B,NaN,NaN,0.97,NaN,NaN,NaN,
1959070118,03b.1959,TC03B,TD,NN,23.8,70.2,NaN,NaN,274,16,274,16,NaN,NaN,NaN,NaN,NaN,NaN,NaN,NaN,NaN,NaN,NT,NW,B,B,NaN,NaN,0.93,NaN,NaN,NaN,
1959070200,03b.1959,TC03B,TD,NN,23.9,68.5,NaN,NaN,274,16,274,16,NaN,NaN,NaN,NaN,NaN,NaN,NaN,NaN,NaN,NaN,NT,NW,B,B,NaN,NaN,0.77,NaN,NaN,NaN,
1959070206,03b.1959,TC03B,TD,NN,24.0,67.8,NaN,NaN,275,11,275,11,NaN,NaN,NaN,NaN,NaN,NaN,NaN,NaN,NaN,NaN,NT,NW,B,B,NaN,NaN,0.63,NaN,NaN,NaN,
1959070212,03b.1959,TC03B,TD,NN,24.1,67.7,NaN,NaN,285,4,285,4,NaN,NaN,NaN,NaN,NaN,NaN,NaN,NaN,NaN,NaN,NT,NW,B,B,NaN,NaN,0.34,NaN,NaN,NaN,
1959070218,03b.1959,TC03B,TD,NN,24.3,67.6,NaN,NaN,329,2,329,2,NaN,NaN,NaN,NaN,NaN,NaN,NaN,NaN,NaN,NaN,NT,NW,B,B,NaN,NaN,0.71,NaN,NaN,NaN,
1959070300,03b.1959,TC03B,TD,NN,24.4,67.5,NaN,NaN,329,2,329,2,NaN,NaN,NaN,NaN,NaN,NaN,NaN,NaN,NaN,NaN,NT,NW,B,B,NaN,NaN,0.71,NaN,NaN,NaN,
1959062418,04a.1959,TC04A,TD,NN,18.2,71.4,NaN,NaN,307,4,307,4,NaN,NaN,NaN,NaN,NaN,NaN,NaN,NaN,NaN,NaN,NT,NW,B,B,NaN,NaN,NaN,NaN,NaN,NaN,
1959062500,04a.1959,TC04A,TD,NN,18.3,71.2,NaN,NaN,307,4,307,4,NaN,NaN,NaN,NaN,NaN,NaN,NaN,NaN,NaN,NaN,NT,NW,B,B,NaN,NaN,NaN,NaN,NaN,NaN,
1959062506,04a.1959,TC04A,TD,NN,18.7,70.7,NaN,NaN,307,4,307,4,NaN,NaN,NaN,NaN,NaN,NaN,NaN,NaN,NaN,NaN,NT,NW,B,B,NaN,NaN,NaN,NaN,NaN,NaN,
1959062512,04a.1959,TC04A,TD,NN,19.2,69.9,NaN,NaN,306,8,306,8,NaN,NaN,NaN,NaN,NaN,NaN,NaN,NaN,NaN,NaN,NT,NW,B,B,NaN,NaN,NaN,NaN,NaN,NaN,
1959062518,04a.1959,TC04A,TD,NN,19.7,69.4,NaN,NaN,309,8,309,8,NaN,NaN,NaN,NaN,NaN,NaN,NaN,NaN,NaN,NaN,NT,NW,B,B,NaN,NaN,NaN,NaN,NaN,NaN,
1959062600,04a.1959,TC04A,TD,NN,20.2,69.2,NaN,NaN,327,6,327,6,NaN,NaN,NaN,NaN,NaN,NaN,NaN,NaN,NaN,NaN,NT,NW,B,B,NaN,NaN,NaN,NaN,NaN,NaN,
1959062606,04a.1959,TC04A,TD,NN,20.8,68.8,NaN,NaN,333,6,333,6,NaN,NaN,NaN,NaN,NaN,NaN,NaN,NaN,NaN,NaN,NT,NW,B,B,NaN,NaN,NaN,NaN,NaN,NaN,
1959062612,04a.1959,TC04A,TD,NN,21.5,68.5,NaN,NaN,333,7,333,7,NaN,NaN,NaN,NaN,NaN,NaN,NaN,NaN,NaN,NaN,NT,NW,B,B,NaN,NaN,NaN,NaN,NaN,NaN,
1959062618,04a.1959,TC04A,TD,NN,22.2,68.1,NaN,NaN,335,8,335,8,NaN,NaN,NaN,NaN,NaN,NaN,NaN,NaN,NaN,NaN,NT,NW,B,B,NaN,NaN,NaN,NaN,NaN,NaN,
1959062700,04a.1959,TC04A,TD,NN,22.9,67.5,NaN,NaN,327,8,327,8,NaN,NaN,NaN,NaN,NaN,NaN,NaN,NaN,NaN,NaN,NT,NW,B,B,NaN,NaN,NaN,NaN,NaN,NaN,
1959062706,04a.1959,TC04A,TD,NN,23.0,67.4,NaN,NaN,321,5,321,5,NaN,NaN,NaN,NaN,NaN,NaN,NaN,NaN,NaN,NaN,NT,NW,B,B,NaN,NaN,NaN,NaN,NaN,NaN,
1959062712,04a.1959,TC04A,TD,NN,23.0,67.4,NaN,NaN,317,1,317,1,NaN,NaN,NaN,NaN,NaN,NaN,NaN,NaN,NaN,NaN,NT,NW,B,B,NaN,NaN,NaN,NaN,NaN,NaN,
1959062718,04a.1959,TC04A,TD,NN,23.0,67.4,NaN,NaN,360,0,360,0,NaN,NaN,NaN,NaN,NaN,NaN,NaN,NaN,NaN,NaN,NT,NW,B,B,NaN,NaN,NaN,NaN,NaN,NaN,
1959062800,04a.1959,TC04A,TD,NN,23.0,67.4,NaN,NaN,360,0,360,0,NaN,NaN,NaN,NaN,NaN,NaN,NaN,NaN,NaN,NaN,NT,NW,B,B,NaN,NaN,NaN,NaN,NaN,NaN,
1959062806,04a.1959,TC04A,TD,NN,23.0,67.1,NaN,NaN,270,1,270,1,NaN,NaN,NaN,NaN,NaN,NaN,NaN,NaN,NaN,NaN,NT,NW,B,B,NaN,NaN,NaN,NaN,NaN,NaN,
1959062812,04a.1959,TC04A,TD,NN,23.2,65.8,NaN,NaN,278,7,278,7,NaN,NaN,NaN,NaN,NaN,NaN,NaN,NaN,NaN,NaN,NT,NW,B,B,NaN,NaN,NaN,NaN,NaN,NaN,
1959062818,04a.1959,TC04A,TD,NN,23.2,64.6,NaN,NaN,275,12,275,12,NaN,NaN,NaN,NaN,NaN,NaN,NaN,NaN,NaN,NaN,NT,NW,B,B,NaN,NaN,NaN,NaN,NaN,NaN,
1959062900,04a.1959,TC04A,TD,NN,22.8,63.5,NaN,NaN,259,11,259,11,NaN,NaN,NaN,NaN,NaN,NaN,NaN,NaN,NaN,NaN,NT,NW,B,B,NaN,NaN,NaN,NaN,NaN,NaN,
1959070318,05b.1959,TC05B,TD,NN,19.4,88.6,NaN,NaN,270,7,270,7,NaN,NaN,NaN,NaN,NaN,NaN,NaN,NaN,NaN,NaN,NT,NW,B,B,NaN,NaN,NaN,NaN,NaN,NaN,
1959070400,05b.1959,TC05B,TD,NN,19.4,88.0,NaN,NaN,270,7,270,7,NaN,NaN,NaN,NaN,NaN,NaN,NaN,NaN,NaN,NaN,NT,NW,B,B,NaN,NaN,NaN,NaN,NaN,NaN,
1959070406,05b.1959,TC05B,TD,NN,19.4,87.1,NaN,NaN,270,7,270,7,NaN,NaN,NaN,NaN,NaN,NaN,NaN,NaN,NaN,NaN,NT,NW,B,B,NaN,NaN,NaN,NaN,NaN,NaN,
1959070412,05b.1959,TC05B,TD,NN,19.7,85.8,NaN,NaN,278,10,278,10,NaN,NaN,NaN,NaN,NaN,NaN,NaN,NaN,NaN,NaN,NT,NW,B,B,NaN,NaN,0.14,NaN,NaN,NaN,
1959070418,05b.1959,TC05B,TD,NN,20.2,84.3,NaN,NaN,287,14,287,14,NaN,NaN,NaN,NaN,NaN,NaN,NaN,NaN,NaN,NaN,NT,NW,B,B,NaN,NaN,0.99,NaN,NaN,NaN,
1959070500,05b.1959,TC05B,TD,NN,21.2,82.8,NaN,NaN,298,16,298,16,NaN,NaN,NaN,NaN,NaN,NaN,NaN,NaN,NaN,NaN,NT,NW,B,B,NaN,NaN,0.99,NaN,NaN,NaN,
1959071618,06b.1959,TC06B,TD,NN,16.4,87.6,NaN,NaN,360,6,360,7,NaN,NaN,NaN,NaN,NaN,NaN,NaN,NaN,NaN,NaN,NT,NW,B,B,NaN,NaN,NaN,NaN,NaN,NaN,
1959071700,06b.1959,TC06B,TD,NN,17.2,87.6,NaN,NaN,360,6,360,7,NaN,NaN,NaN,NaN,NaN,NaN,NaN,NaN,NaN,NaN,NT,NW,B,B,NaN,NaN,NaN,NaN,NaN,NaN,
1959071706,06b.1959,TC06B,TD,NN,17.7,87.6,NaN,NaN,360,6,360,7,NaN,NaN,NaN,NaN,NaN,NaN,NaN,NaN,NaN,NaN,NT,NW,B,B,NaN,NaN,NaN,NaN,NaN,NaN,
1959071712,06b.1959,TC06B,TD,NN,17.9,87.6,NaN,NaN,360,4,360,3,NaN,NaN,NaN,NaN,NaN,NaN,NaN,NaN,NaN,NaN,NT,NW,B,B,NaN,NaN,NaN,NaN,NaN,NaN,
1959071718,06b.1959,TC06B,TD,NN,18.3,87.6,NaN,NaN,360,3,360,3,NaN,NaN,NaN,NaN,NaN,NaN,NaN,NaN,NaN,NaN,NT,NW,B,B,NaN,NaN,NaN,NaN,NaN,NaN,
1959071800,06b.1959,TC06B,TD,NN,18.7,87.6,NaN,NaN,360,4,360,4,NaN,NaN,NaN,NaN,NaN,NaN,NaN,NaN,NaN,NaN,NT,NW,B,B,NaN,NaN,NaN,NaN,NaN,NaN,
1959071806,06b.1959,TC06B,TD,NN,19.1,87.6,NaN,NaN,360,4,360,4,NaN,NaN,NaN,NaN,NaN,NaN,NaN,NaN,NaN,NaN,NT,NW,B,B,NaN,NaN,NaN,NaN,NaN,NaN,
1959071812,06b.1959,TC06B,TD,NN,19.7,87.6,NaN,NaN,360,5,360,5,NaN,NaN,NaN,NaN,NaN,NaN,NaN,NaN,NaN,NaN,NT,NW,B,B,NaN,NaN,NaN,NaN,NaN,NaN,
1959071818,06b.1959,TC06B,TD,NN,20.1,87.6,NaN,NaN,360,5,360,5,NaN,NaN,NaN,NaN,NaN,NaN,NaN,NaN,NaN,NaN,NT,NW,B,B,NaN,NaN,NaN,NaN,NaN,NaN,
1959071900,06b.1959,TC06B,TD,NN,20.5,87.5,NaN,NaN,353,4,353,4,NaN,NaN,NaN,NaN,NaN,NaN,NaN,NaN,NaN,NaN,NT,NW,B,B,NaN,NaN,NaN,NaN,NaN,NaN,
1959070118,07a.1959,TC07A,TD,NN,22.5,68.8,NaN,NaN,332,4,332,4,NaN,NaN,NaN,NaN,NaN,NaN,NaN,NaN,NaN,NaN,NT,NW,B,B,NaN,NaN,0.21,NaN,NaN,NaN,
1959070200,07a.1959,TC07A,TD,NN,22.8,68.6,NaN,NaN,332,4,332,4,NaN,NaN,NaN,NaN,NaN,NaN,NaN,NaN,NaN,NaN,NT,NW,B,B,NaN,NaN,0.19,NaN,NaN,NaN,
1959070206,07a.1959,TC07A,TD,NN,23.2,68.4,NaN,NaN,332,4,332,4,NaN,NaN,NaN,NaN,NaN,NaN,NaN,NaN,NaN,NaN,NT,NW,B,B,NaN,NaN,0.19,NaN,NaN,NaN,
1959070212,07a.1959,TC07A,TD,NN,23.5,68.1,NaN,NaN,327,4,327,4,NaN,NaN,NaN,NaN,NaN,NaN,NaN,NaN,NaN,NaN,NT,NW,B,B,NaN,NaN,0.20,NaN,NaN,NaN,
1959070218,07a.1959,TC07A,TD,NN,23.9,67.9,NaN,NaN,327,4,327,4,NaN,NaN,NaN,NaN,NaN,NaN,NaN,NaN,NaN,NaN,NT,NW,B,B,NaN,NaN,0.63,NaN,NaN,NaN,
1959070300,07a.1959,TC07A,TD,NN,24.2,67.6,NaN,NaN,327,4,327,4,NaN,NaN,NaN,NaN,NaN,NaN,NaN,NaN,NaN,NaN,NT,NW,B,B,NaN,NaN,0.34,NaN,NaN,NaN,
1959070918,08b.1959,TC08B,TD,NN,21.0,90.3,NaN,NaN,338,5,338,5,NaN,NaN,NaN,NaN,NaN,NaN,NaN,NaN,NaN,NaN,NT,NW,B,B,NaN,NaN,NaN,NaN,NaN,NaN,
1959071000,08b.1959,TC08B,TD,NN,21.3,90.2,NaN,NaN,338,5,338,5,NaN,NaN,NaN,NaN,NaN,NaN,NaN,NaN,NaN,NaN,NT,NW,B,B,NaN,NaN,0.10,NaN,NaN,NaN,
1959071006,08b.1959,TC08B,TD,NN,21.9,89.9,NaN,NaN,338,5,338,5,NaN,NaN,NaN,NaN,NaN,NaN,NaN,NaN,NaN,NaN,NT,NW,B,B,NaN,NaN,0.50,NaN,NaN,NaN,
1959071012,08b.1959,TC08B,TD,NN,22.8,89.2,NaN,NaN,328,9,328,9,NaN,NaN,NaN,NaN,NaN,NaN,NaN,NaN,NaN,NaN,NT,NW,B,B,NaN,NaN,0.96,NaN,NaN,NaN,
1959071018,08b.1959,TC08B,TD,NN,23.3,88.4,NaN,NaN,315,10,315,10,NaN,NaN,NaN,NaN,NaN,NaN,NaN,NaN,NaN,NaN,NT,NW,B,B,NaN,NaN,0.96,NaN,NaN,NaN,
1959071100,08b.1959,TC08B,TD,NN,23.7,87.3,NaN,NaN,297,10,297,10,NaN,NaN,NaN,NaN,NaN,NaN,NaN,NaN,NaN,NaN,NT,NW,B,B,NaN,NaN,0.98,NaN,NaN,NaN,
1959071106,08b.1959,TC08B,TD,NN,23.8,85.8,NaN,NaN,282,12,282,12,NaN,NaN,NaN,NaN,NaN,NaN,NaN,NaN,NaN,NaN,NT,NW,B,B,NaN,NaN,0.99,NaN,NaN,NaN,
1959071112,08b.1959,TC08B,TD,NN,23.9,84.0,NaN,NaN,274,15,274,15,NaN,NaN,NaN,NaN,NaN,NaN,NaN,NaN,NaN,NaN,NT,NW,B,B,NaN,NaN,0.99,NaN,NaN,NaN,
1959071118,08b.1959,TC08B,TD,NN,23.9,82.2,NaN,NaN,272,16,272,16,NaN,NaN,NaN,NaN,NaN,NaN,NaN,NaN,NaN,NaN,NT,NW,B,B,NaN,NaN,0.98,NaN,NaN,NaN,
1959071200,08b.1959,TC08B,TD,NN,23.9,80.6,NaN,NaN,270,16,270,16,NaN,NaN,NaN,NaN,NaN,NaN,NaN,NaN,NaN,NaN,NT,NW,B,B,NaN,NaN,1.00,NaN,NaN,NaN,
1959071206,08b.1959,TC08B,TD,NN,23.9,79.7,NaN,NaN,270,11,270,11,NaN,NaN,NaN,NaN,NaN,NaN,NaN,NaN,NaN,NaN,NT,NW,B,B,NaN,NaN,0.99,NaN,NaN,NaN,
1959071212,08b.1959,TC08B,TD,NN,23.9,79.0,NaN,NaN,270,7,270,7,NaN,NaN,NaN,NaN,NaN,NaN,NaN,NaN,NaN,NaN,NT,NW,B,B,NaN,NaN,1.00,NaN,NaN,NaN,
1959071218,08b.1959,TC08B,TD,NN,23.9,78.3,NaN,NaN,270,6,270,6,NaN,NaN,NaN,NaN,NaN,NaN,NaN,NaN,NaN,NaN,NT,NW,B,B,NaN,NaN,0.99,NaN,NaN,NaN,
1959071300,08b.1959,TC08B,TD,NN,23.9,77.6,NaN,NaN,270,6,270,6,NaN,NaN,NaN,NaN,NaN,NaN,NaN,NaN,NaN,NaN,NT,NW,B,B,NaN,NaN,0.99,NaN,NaN,NaN,
1959071306,08b.1959,TC08B,TD,NN,23.9,76.6,NaN,NaN,270,8,270,8,NaN,NaN,NaN,NaN,NaN,NaN,NaN,NaN,NaN,NaN,NT,NW,B,B,NaN,NaN,1.00,NaN,NaN,NaN,
1959071312,08b.1959,TC08B,TD,NN,23.9,75.2,NaN,NaN,270,11,270,11,NaN,NaN,NaN,NaN,NaN,NaN,NaN,NaN,NaN,NaN,NT,NW,B,B,NaN,NaN,0.98,NaN,NaN,NaN,
1959071318,08b.1959,TC08B,TD,NN,23.9,73.9,NaN,NaN,270,12,270,12,NaN,NaN,NaN,NaN,NaN,NaN,NaN,NaN,NaN,NaN,NT,NW,B,B,NaN,NaN,0.99,NaN,NaN,NaN,
1959071400,08b.1959,TC08B,TD,NN,23.9,72.6,NaN,NaN,270,12,270,12,NaN,NaN,NaN,NaN,NaN,NaN,NaN,NaN,NaN,NaN,NT,NW,B,B,NaN,NaN,0.99,NaN,NaN,NaN,
1959071406,08b.1959,TC08B,TD,NN,23.9,71.3,NaN,NaN,270,12,270,12,NaN,NaN,NaN,NaN,NaN,NaN,NaN,NaN,NaN,NaN,NT,NW,B,B,NaN,NaN,0.98,NaN,NaN,NaN,
1959071412,08b.1959,TC08B,TD,NN,23.9,69.8,NaN,NaN,270,13,270,13,NaN,NaN,NaN,NaN,NaN,NaN,NaN,NaN,NaN,NaN,NT,NW,B,B,NaN,NaN,0.93,NaN,NaN,NaN,
1959071418,08b.1959,TC08B,TD,NN,23.7,68.5,NaN,NaN,266,13,266,13,NaN,NaN,NaN,NaN,NaN,NaN,NaN,NaN,NaN,NaN,NT,NW,B,B,NaN,NaN,0.57,NaN,NaN,NaN,
1959071500,08b.1959,TC08B,TD,NN,23.6,67.4,NaN,NaN,262,11,262,11,NaN,NaN,NaN,NaN,NaN,NaN,NaN,NaN,NaN,NaN,NT,NW,B,B,NaN,NaN,0.05,NaN,NaN,NaN,
1959071506,08b.1959,TC08B,TD,NN,23.4,66.7,NaN,NaN,260,8,260,8,NaN,NaN,NaN,NaN,NaN,NaN,NaN,NaN,NaN,NaN,NT,NW,B,B,NaN,NaN,NaN,NaN,NaN,NaN,
1959071512,08b.1959,TC08B,TD,NN,23.3,66.1,NaN,NaN,256,6,256,6,NaN,NaN,NaN,NaN,NaN,NaN,NaN,NaN,NaN,NaN,NT,NW,B,B,NaN,NaN,NaN,NaN,NaN,NaN,
1959071518,08b.1959,TC08B,TD,NN,23.1,65.7,NaN,NaN,252,5,252,5,NaN,NaN,NaN,NaN,NaN,NaN,NaN,NaN,NaN,NaN,NT,NW,B,B,NaN,NaN,NaN,NaN,NaN,NaN,
1959071600,08b.1959,TC08B,TD,NN,22.9,65.2,NaN,NaN,244,5,244,5,NaN,NaN,NaN,NaN,NaN,NaN,NaN,NaN,NaN,NaN,NT,NW,B,B,NaN,NaN,NaN,NaN,NaN,NaN,
1959071606,08b.1959,TC08B,TD,NN,22.8,64.8,NaN,NaN,250,4,250,4,NaN,NaN,NaN,NaN,NaN,NaN,NaN,NaN,NaN,NaN,NT,NW,B,B,NaN,NaN,NaN,NaN,NaN,NaN,
1959071612,08b.1959,TC08B,TD,NN,22.7,64.4,NaN,NaN,255,4,255,4,NaN,NaN,NaN,NaN,NaN,NaN,NaN,NaN,NaN,NaN,NT,NW,B,B,NaN,NaN,NaN,NaN,NaN,NaN,
1959071618,08b.1959,TC08B,TD,NN,22.6,64.0,NaN,NaN,255,4,255,4,NaN,NaN,NaN,NaN,NaN,NaN,NaN,NaN,NaN,NaN,NT,NW,B,B,NaN,NaN,NaN,NaN,NaN,NaN,
1959071700,08b.1959,TC08B,TD,NN,22.5,63.6,NaN,NaN,255,4,255,4,NaN,NaN,NaN,NaN,NaN,NaN,NaN,NaN,NaN,NaN,NT,NW,B,B,NaN,NaN,NaN,NaN,NaN,NaN,
1959071706,08b.1959,TC08B,TD,NN,22.4,63.1,NaN,NaN,256,4,256,4,NaN,NaN,NaN,NaN,NaN,NaN,NaN,NaN,NaN,NaN,NT,NW,B,B,NaN,NaN,NaN,NaN,NaN,NaN,
1959071712,08b.1959,TC08B,TD,NN,22.4,62.5,NaN,NaN,264,5,264,5,NaN,NaN,NaN,NaN,NaN,NaN,NaN,NaN,NaN,NaN,NT,NW,B,B,NaN,NaN,NaN,NaN,NaN,NaN,
1959071718,08b.1959,TC08B,TD,NN,22.6,61.9,NaN,NaN,280,6,280,6,NaN,NaN,NaN,NaN,NaN,NaN,NaN,NaN,NaN,NaN,NT,NW,B,B,NaN,NaN,NaN,NaN,NaN,NaN,
1959071800,08b.1959,TC08B,TD,NN,22.8,61.3,NaN,NaN,290,6,290,6,NaN,NaN,NaN,NaN,NaN,NaN,NaN,NaN,NaN,NaN,NT,NW,B,B,NaN,NaN,NaN,NaN,NaN,NaN,
1959082418,09b.1959,TC09B,TD,NN,18.4,86.3,NaN,NaN,298,2,298,2,NaN,NaN,NaN,NaN,NaN,NaN,NaN,NaN,NaN,NaN,NT,NW,B,B,NaN,NaN,NaN,NaN,NaN,NaN,
1959082500,09b.1959,TC09B,TD,NN,18.5,86.1,NaN,NaN,298,2,298,2,NaN,NaN,NaN,NaN,NaN,NaN,NaN,NaN,NaN,NaN,NT,NW,B,B,NaN,NaN,NaN,NaN,NaN,NaN,
1959082506,09b.1959,TC09B,TD,NN,18.6,85.9,NaN,NaN,298,2,298,2,NaN,NaN,NaN,NaN,NaN,NaN,NaN,NaN,NaN,NaN,NT,NW,B,B,NaN,NaN,NaN,NaN,NaN,NaN,
1959082512,09b.1959,TC09B,TD,NN,18.7,85.7,NaN,NaN,298,2,298,2,NaN,NaN,NaN,NaN,NaN,NaN,NaN,NaN,NaN,NaN,NT,NW,B,B,NaN,NaN,NaN,NaN,NaN,NaN,
1959082518,09b.1959,TC09B,TD,NN,18.8,85.5,NaN,NaN,298,2,298,2,NaN,NaN,NaN,NaN,NaN,NaN,NaN,NaN,NaN,NaN,NT,NW,B,B,NaN,NaN,0.02,NaN,NaN,NaN,
1959082600,09b.1959,TC09B,TD,NN,19.0,85.5,NaN,NaN,328,2,328,2,NaN,NaN,NaN,NaN,NaN,NaN,NaN,NaN,NaN,NaN,NT,NW,B,B,NaN,NaN,0.02,NaN,NaN,NaN,
1959082606,09b.1959,TC09B,TD,NN,19.3,85.2,NaN,NaN,330,3,330,3,NaN,NaN,NaN,NaN,NaN,NaN,NaN,NaN,NaN,NaN,NT,NW,B,B,NaN,NaN,0.62,NaN,NaN,NaN,
1959082612,09b.1959,TC09B,TD,NN,19.9,84.5,NaN,NaN,314,7,314,7,NaN,NaN,NaN,NaN,NaN,NaN,NaN,NaN,NaN,NaN,NT,NW,B,B,NaN,NaN,0.99,NaN,NaN,NaN,
1959082618,09b.1959,TC09B,TD,NN,20.5,83.7,NaN,NaN,310,9,310,9,NaN,NaN,NaN,NaN,NaN,NaN,NaN,NaN,NaN,NaN,NT,NW,B,B,NaN,NaN,0.99,NaN,NaN,NaN,
1959082700,09b.1959,TC09B,TD,NN,21.2,83.0,NaN,NaN,313,10,313,10,NaN,NaN,NaN,NaN,NaN,NaN,NaN,NaN,NaN,NaN,NT,NW,B,B,NaN,NaN,0.99,NaN,NaN,NaN,
1959080218,10b.1959,TC10B,TD,NN,23.5,88.8,NaN,NaN,270,4,270,4,NaN,NaN,NaN,NaN,NaN,NaN,NaN,NaN,NaN,NaN,NT,NW,B,B,NaN,NaN,0.95,NaN,NaN,NaN,
1959080300,10b.1959,TC10B,TD,NN,23.5,88.5,NaN,NaN,270,4,270,4,NaN,NaN,NaN,NaN,NaN,NaN,NaN,NaN,NaN,NaN,NT,NW,B,B,NaN,NaN,0.96,NaN,NaN,NaN,
1959080306,10b.1959,TC10B,TD,NN,23.5,88.0,NaN,NaN,270,4,270,4,NaN,NaN,NaN,NaN,NaN,NaN,NaN,NaN,NaN,NaN,NT,NW,B,B,NaN,NaN,0.97,NaN,NaN,NaN,
1959080312,10b.1959,TC10B,TD,NN,23.5,87.4,NaN,NaN,270,5,270,5,NaN,NaN,NaN,NaN,NaN,NaN,NaN,NaN,NaN,NaN,NT,NW,B,B,NaN,NaN,0.98,NaN,NaN,NaN,
1959080318,10b.1959,TC10B,TD,NN,23.5,86.8,NaN,NaN,270,6,270,6,NaN,NaN,NaN,NaN,NaN,NaN,NaN,NaN,NaN,NaN,NT,NW,B,B,NaN,NaN,0.98,NaN,NaN,NaN,
1959080400,10b.1959,TC10B,TD,NN,23.6,86.3,NaN,NaN,276,5,276,5,NaN,NaN,NaN,NaN,NaN,NaN,NaN,NaN,NaN,NaN,NT,NW,B,B,NaN,NaN,0.98,NaN,NaN,NaN,
1959080406,10b.1959,TC10B,TD,NN,23.6,85.6,NaN,NaN,275,6,275,6,NaN,NaN,NaN,NaN,NaN,NaN,NaN,NaN,NaN,NaN,NT,NW,B,B,NaN,NaN,0.99,NaN,NaN,NaN,
1959080412,10b.1959,TC10B,TD,NN,23.7,84.7,NaN,NaN,274,7,274,7,NaN,NaN,NaN,NaN,NaN,NaN,NaN,NaN,NaN,NaN,NT,NW,B,B,NaN,NaN,0.99,NaN,NaN,NaN,
1959080418,10b.1959,TC10B,TD,NN,23.7,83.7,NaN,NaN,273,9,273,9,NaN,NaN,NaN,NaN,NaN,NaN,NaN,NaN,NaN,NaN,NT,NW,B,B,NaN,NaN,1.00,NaN,NaN,NaN,
1959080500,10b.1959,TC10B,TD,NN,23.8,82.7,NaN,NaN,273,9,273,9,NaN,NaN,NaN,NaN,NaN,NaN,NaN,NaN,NaN,NaN,NT,NW,B,B,NaN,NaN,0.96,NaN,NaN,NaN,
1959080506,10b.1959,TC10B,TD,NN,23.9,81.8,NaN,NaN,277,9,277,9,NaN,NaN,NaN,NaN,NaN,NaN,NaN,NaN,NaN,NaN,NT,NW,B,B,NaN,NaN,0.98,NaN,NaN,NaN,
1959080512,10b.1959,TC10B,TD,NN,24.1,81.2,NaN,NaN,282,7,282,7,NaN,NaN,NaN,NaN,NaN,NaN,NaN,NaN,NaN,NaN,NT,NW,B,B,NaN,NaN,0.99,NaN,NaN,NaN,
1959080518,10b.1959,TC10B,TD,NN,24.3,80.4,NaN,NaN,287,7,287,7,NaN,NaN,NaN,NaN,NaN,NaN,NaN,NaN,NaN,NaN,NT,NW,B,B,NaN,NaN,1.00,NaN,NaN,NaN,
1959080600,10b.1959,TC10B,TD,NN,24.5,79.6,NaN,NaN,285,8,285,8,NaN,NaN,NaN,NaN,NaN,NaN,NaN,NaN,NaN,NaN,NT,NW,B,B,NaN,NaN,0.99,NaN,NaN,NaN,
1959092618,11b.1959,TC11B,TD,NN,16.7,91.6,NaN,NaN,305,3,305,3,NaN,NaN,NaN,NaN,NaN,NaN,NaN,NaN,NaN,NaN,NT,NW,B,B,NaN,NaN,NaN,NaN,NaN,NaN,
1959092700,11b.1959,TC11B,TD,NN,16.8,91.4,NaN,NaN,305,3,305,3,NaN,NaN,NaN,NaN,NaN,NaN,NaN,NaN,NaN,NaN,NT,NW,B,B,NaN,NaN,NaN,NaN,NaN,NaN,
1959092706,11b.1959,TC11B,TD,NN,17.1,91.0,NaN,NaN,305,3,305,3,NaN,NaN,NaN,NaN,NaN,NaN,NaN,NaN,NaN,NaN,NT,NW,B,B,NaN,NaN,NaN,NaN,NaN,NaN,
1959092712,11b.1959,TC11B,TD,NN,17.5,90.5,NaN,NaN,309,6,309,6,NaN,NaN,NaN,NaN,NaN,NaN,NaN,NaN,NaN,NaN,NT,NW,B,B,NaN,NaN,NaN,NaN,NaN,NaN,
1959092718,11b.1959,TC11B,TD,NN,17.9,90.1,NaN,NaN,313,6,313,6,NaN,NaN,NaN,NaN,NaN,NaN,NaN,NaN,NaN,NaN,NT,NW,B,B,NaN,NaN,NaN,NaN,NaN,NaN,
1959092800,11b.1959,TC11B,TD,NN,18.2,89.8,NaN,NaN,316,5,316,5,NaN,NaN,NaN,NaN,NaN,NaN,NaN,NaN,NaN,NaN,NT,NW,B,B,NaN,NaN,NaN,NaN,NaN,NaN,
1959092806,11b.1959,TC11B,TD,NN,18.5,89.6,NaN,NaN,322,4,322,4,NaN,NaN,NaN,NaN,NaN,NaN,NaN,NaN,NaN,NaN,NT,NW,B,B,NaN,NaN,NaN,NaN,NaN,NaN,
1959092812,11b.1959,TC11B,TD,NN,18.7,89.6,NaN,NaN,339,3,339,3,NaN,NaN,NaN,NaN,NaN,NaN,NaN,NaN,NaN,NaN,NT,NW,B,B,NaN,NaN,NaN,NaN,NaN,NaN,
1959092818,11b.1959,TC11B,TD,NN,18.9,89.4,NaN,NaN,335,2,335,2,NaN,NaN,NaN,NaN,NaN,NaN,NaN,NaN,NaN,NaN,NT,NW,B,B,NaN,NaN,NaN,NaN,NaN,NaN,
1959092900,11b.1959,TC11B,TD,NN,19.3,89.2,NaN,NaN,328,4,328,4,NaN,NaN,NaN,NaN,NaN,NaN,NaN,NaN,NaN,NaN,NT,NW,B,B,NaN,NaN,NaN,NaN,NaN,NaN,
1959092906,11b.1959,TC11B,TD,NN,19.5,89.0,NaN,NaN,328,4,328,4,NaN,NaN,NaN,NaN,NaN,NaN,NaN,NaN,NaN,NaN,NT,NW,B,B,NaN,NaN,NaN,NaN,NaN,NaN,
1959092912,11b.1959,TC11B,TD,NN,19.8,89.0,NaN,NaN,339,3,339,3,NaN,NaN,NaN,NaN,NaN,NaN,NaN,NaN,NaN,NaN,NT,NW,B,B,NaN,NaN,NaN,NaN,NaN,NaN,
1959092918,11b.1959,TC11B,TD,NN,20.0,88.8,NaN,NaN,339,3,339,3,NaN,NaN,NaN,NaN,NaN,NaN,NaN,NaN,NaN,NaN,NT,NW,B,B,NaN,NaN,NaN,NaN,NaN,NaN,
1959093000,11b.1959,TC11B,TD,NN,20.3,88.7,NaN,NaN,331,3,331,3,NaN,NaN,NaN,NaN,NaN,NaN,NaN,NaN,NaN,NaN,NT,NW,B,B,NaN,NaN,NaN,NaN,NaN,NaN,
1959093006,11b.1959,TC11B,TD,NN,20.6,88.3,NaN,NaN,322,4,322,4,NaN,NaN,NaN,NaN,NaN,NaN,NaN,NaN,NaN,NaN,NT,NW,B,B,NaN,NaN,NaN,NaN,NaN,NaN,
1959093012,11b.1959,TC11B,TD,NN,21.2,87.7,NaN,NaN,314,6,314,6,NaN,NaN,NaN,NaN,NaN,NaN,NaN,NaN,NaN,NaN,NT,NW,B,B,NaN,NaN,NaN,NaN,NaN,NaN,
1959093018,11b.1959,TC11B,TD,NN,21.7,87.1,NaN,NaN,315,8,315,8,NaN,NaN,NaN,NaN,NaN,NaN,NaN,NaN,NaN,NaN,NT,NW,B,B,NaN,NaN,0.66,NaN,NaN,NaN,
1959100100,11b.1959,TC11B,TD,NN,22.1,86.4,NaN,NaN,307,8,307,8,NaN,NaN,NaN,NaN,NaN,NaN,NaN,NaN,NaN,NaN,NT,NW,B,B,NaN,NaN,0.99,NaN,NaN,NaN,
1959100106,11b.1959,TC11B,TD,NN,22.5,85.8,NaN,NaN,304,7,304,7,NaN,NaN,NaN,NaN,NaN,NaN,NaN,NaN,NaN,NaN,NT,NW,B,B,NaN,NaN,0.99,NaN,NaN,NaN,
1959100112,11b.1959,TC11B,TD,NN,23.0,85.1,NaN,NaN,307,8,307,8,NaN,NaN,NaN,NaN,NaN,NaN,NaN,NaN,NaN,NaN,NT,NW,B,B,NaN,NaN,0.99,NaN,NaN,NaN,
1959100118,11b.1959,TC11B,TD,NN,23.4,84.4,NaN,NaN,305,8,305,8,NaN,NaN,NaN,NaN,NaN,NaN,NaN,NaN,NaN,NaN,NT,NW,B,B,NaN,NaN,0.99,NaN,NaN,NaN,
1959100200,11b.1959,TC11B,TD,NN,23.9,83.5,NaN,NaN,302,9,302,9,NaN,NaN,NaN,NaN,NaN,NaN,NaN,NaN,NaN,NaN,NT,NW,B,B,NaN,NaN,0.99,NaN,NaN,NaN,
1959090918,12b.1959,TC12B,TD,NN,21.5,86.0,NaN,NaN,255,2,255,2,NaN,NaN,NaN,NaN,NaN,NaN,NaN,NaN,NaN,NaN,NT,NW,B,B,NaN,NaN,0.99,NaN,NaN,NaN,
1959091000,12b.1959,TC12B,TD,NN,21.4,85.7,NaN,NaN,255,2,255,2,NaN,NaN,NaN,NaN,NaN,NaN,NaN,NaN,NaN,NaN,NT,NW,B,B,NaN,NaN,0.99,NaN,NaN,NaN,
1959091006,12b.1959,TC12B,TD,NN,21.4,85.6,NaN,NaN,255,2,255,2,NaN,NaN,NaN,NaN,NaN,NaN,NaN,NaN,NaN,NaN,NT,NW,B,B,NaN,NaN,0.99,NaN,NaN,NaN,
1959091012,12b.1959,TC12B,TD,NN,21.4,85.6,NaN,NaN,270,0,270,0,NaN,NaN,NaN,NaN,NaN,NaN,NaN,NaN,NaN,NaN,NT,NW,B,B,NaN,NaN,0.99,NaN,NaN,NaN,
1959091018,12b.1959,TC12B,TD,NN,21.4,85.6,NaN,NaN,360,0,360,0,NaN,NaN,NaN,NaN,NaN,NaN,NaN,NaN,NaN,NaN,NT,NW,B,B,NaN,NaN,0.99,NaN,NaN,NaN,
1959091100,12b.1959,TC12B,TD,NN,21.4,85.6,NaN,NaN,360,0,360,0,NaN,NaN,NaN,NaN,NaN,NaN,NaN,NaN,NaN,NaN,NT,NW,B,B,NaN,NaN,0.99,NaN,NaN,NaN,
1959091106,12b.1959,TC12B,TD,NN,21.4,85.5,NaN,NaN,270,0,270,0,NaN,NaN,NaN,NaN,NaN,NaN,NaN,NaN,NaN,NaN,NT,NW,B,B,NaN,NaN,0.99,NaN,NaN,NaN,
1959091112,12b.1959,TC12B,TD,NN,21.3,84.8,NaN,NaN,262,4,262,4,NaN,NaN,NaN,NaN,NaN,NaN,NaN,NaN,NaN,NaN,NT,NW,B,B,NaN,NaN,0.99,NaN,NaN,NaN,
1959091118,12b.1959,TC12B,TD,NN,21.1,84.2,NaN,NaN,256,6,256,6,NaN,NaN,NaN,NaN,NaN,NaN,NaN,NaN,NaN,NaN,NT,NW,B,B,NaN,NaN,0.98,NaN,NaN,NaN,
1959091200,12b.1959,TC12B,TD,NN,21.0,83.7,NaN,NaN,254,5,254,5,NaN,NaN,NaN,NaN,NaN,NaN,NaN,NaN,NaN,NaN,NT,NW,B,B,NaN,NaN,0.99,NaN,NaN,NaN,
1959091206,12b.1959,TC12B,TD,NN,21.0,83.3,NaN,NaN,263,4,263,4,NaN,NaN,NaN,NaN,NaN,NaN,NaN,NaN,NaN,NaN,NT,NW,B,B,NaN,NaN,0.99,NaN,NaN,NaN,
1959091212,12b.1959,TC12B,TD,NN,20.9,83.0,NaN,NaN,261,3,261,3,NaN,NaN,NaN,NaN,NaN,NaN,NaN,NaN,NaN,NaN,NT,NW,B,B,NaN,NaN,0.99,NaN,NaN,NaN,
1959091218,12b.1959,TC12B,TD,NN,20.9,82.6,NaN,NaN,261,3,261,3,NaN,NaN,NaN,NaN,NaN,NaN,NaN,NaN,NaN,NaN,NT,NW,B,B,NaN,NaN,0.99,NaN,NaN,NaN,
1959091300,12b.1959,TC12B,TD,NN,20.8,82.3,NaN,NaN,261,3,261,3,NaN,NaN,NaN,NaN,NaN,NaN,NaN,NaN,NaN,NaN,NT,NW,B,B,NaN,NaN,0.99,NaN,NaN,NaN,
1959091306,12b.1959,TC12B,TD,NN,20.8,81.7,NaN,NaN,263,4,263,4,NaN,NaN,NaN,NaN,NaN,NaN,NaN,NaN,NaN,NaN,NT,NW,B,B,NaN,NaN,0.98,NaN,NaN,NaN,
1959091312,12b.1959,TC12B,TD,NN,20.8,80.9,NaN,NaN,270,7,270,7,NaN,NaN,NaN,NaN,NaN,NaN,NaN,NaN,NaN,NaN,NT,NW,B,B,NaN,NaN,0.99,NaN,NaN,NaN,
1959091318,12b.1959,TC12B,TD,NN,20.8,80.1,NaN,NaN,270,7,270,7,NaN,NaN,NaN,NaN,NaN,NaN,NaN,NaN,NaN,NaN,NT,NW,B,B,NaN,NaN,0.99,NaN,NaN,NaN,
1959091400,12b.1959,TC12B,TD,NN,20.9,79.3,NaN,NaN,274,7,274,7,NaN,NaN,NaN,NaN,NaN,NaN,NaN,NaN,NaN,NaN,NT,NW,B,B,NaN,NaN,0.99,NaN,NaN,NaN,
1959091406,12b.1959,TC12B,TD,NN,21.5,78.6,NaN,NaN,297,8,297,8,NaN,NaN,NaN,NaN,NaN,NaN,NaN,NaN,NaN,NaN,NT,NW,B,B,NaN,NaN,1.00,NaN,NaN,NaN,
1959091412,12b.1959,TC12B,TD,NN,22.5,77.9,NaN,NaN,321,10,321,10,NaN,NaN,NaN,NaN,NaN,NaN,NaN,NaN,NaN,NaN,NT,NW,B,B,NaN,NaN,0.99,NaN,NaN,NaN,
1959091418,12b.1959,TC12B,TD,NN,23.4,77.2,NaN,NaN,326,11,326,11,NaN,NaN,NaN,NaN,NaN,NaN,NaN,NaN,NaN,NaN,NT,NW,B,B,NaN,NaN,0.99,NaN,NaN,NaN,
1959091500,12b.1959,TC12B,TD,NN,24.2,76.5,NaN,NaN,323,11,323,11,NaN,NaN,NaN,NaN,NaN,NaN,NaN,NaN,NaN,NaN,NT,NW,B,B,NaN,NaN,1.00,NaN,NaN,NaN,
1959102618,13b.1959,TC13B,TD,NN,8.8,82.6,NaN,NaN,338,5,338,5,NaN,NaN,NaN,NaN,NaN,NaN,NaN,NaN,NaN,NaN,NT,NW,B,B,NaN,NaN,NaN,NaN,NaN,NaN,
1959102700,13b.1959,TC13B,TD,NN,9.0,82.4,NaN,NaN,338,5,338,5,NaN,NaN,NaN,NaN,NaN,NaN,NaN,NaN,NaN,NaN,NT,NW,B,B,NaN,NaN,NaN,NaN,NaN,NaN,
1959102706,13b.1959,TC13B,TD,NN,9.8,82.2,NaN,NaN,338,5,338,5,NaN,NaN,NaN,NaN,NaN,NaN,NaN,NaN,NaN,NaN,NT,NW,B,B,NaN,NaN,NaN,NaN,NaN,NaN,
1959102712,13b.1959,TC13B,TD,NN,10.8,82.1,NaN,NaN,351,9,351,9,NaN,NaN,NaN,NaN,NaN,NaN,NaN,NaN,NaN,NaN,NT,NW,B,B,NaN,NaN,NaN,NaN,NaN,NaN,
1959102718,13b.1959,TC13B,TD,NN,11.7,82.1,NaN,NaN,357,10,357,10,NaN,NaN,NaN,NaN,NaN,NaN,NaN,NaN,NaN,NaN,NT,NW,B,B,NaN,NaN,NaN,NaN,NaN,NaN,
1959102800,13b.1959,TC13B,TD,NN,12.3,82.2,NaN,NaN,4,8,4,8,NaN,NaN,NaN,NaN,NaN,NaN,NaN,NaN,NaN,NaN,NT,NW,B,B,NaN,NaN,NaN,NaN,NaN,NaN,
1959102806,13b.1959,TC13B,TD,NN,13.5,82.7,NaN,NaN,18,9,18,9,NaN,NaN,NaN,NaN,NaN,NaN,NaN,NaN,NaN,NaN,NT,NW,B,B,NaN,NaN,NaN,NaN,NaN,NaN,
1959102812,13b.1959,TC13B,TD,NN,15.1,83.7,NaN,NaN,27,16,27,16,NaN,NaN,NaN,NaN,NaN,NaN,NaN,NaN,NaN,NaN,NT,NW,B,B,NaN,NaN,NaN,NaN,NaN,NaN,
1959102818,13b.1959,TC13B,TD,NN,16.5,84.7,NaN,NaN,33,18,33,18,NaN,NaN,NaN,NaN,NaN,NaN,NaN,NaN,NaN,NaN,NT,NW,B,B,NaN,NaN,NaN,NaN,NaN,NaN,
1959102900,13b.1959,TC13B,TD,NN,17.7,85.7,NaN,NaN,36,16,36,16,NaN,NaN,NaN,NaN,NaN,NaN,NaN,NaN,NaN,NaN,NT,NW,B,B,NaN,NaN,NaN,NaN,NaN,NaN,
1959102906,13b.1959,TC13B,TD,NN,19.1,87.2,NaN,NaN,42,18,42,18,NaN,NaN,NaN,NaN,NaN,NaN,NaN,NaN,NaN,NaN,NT,NW,B,B,NaN,NaN,NaN,NaN,NaN,NaN,
1959102912,13b.1959,TC13B,TD,NN,20.4,88.8,NaN,NaN,47,20,47,20,NaN,NaN,NaN,NaN,NaN,NaN,NaN,NaN,NaN,NaN,NT,NW,B,B,NaN,NaN,NaN,NaN,NaN,NaN,
1959102918,13b.1959,TC13B,TD,NN,21.7,90.4,NaN,NaN,49,20,49,20,NaN,NaN,NaN,NaN,NaN,NaN,NaN,NaN,NaN,NaN,NT,NW,B,B,NaN,NaN,0.07,NaN,NaN,NaN,
1959103000,13b.1959,TC13B,TD,NN,23.0,92.0,NaN,NaN,49,20,49,20,NaN,NaN,NaN,NaN,NaN,NaN,NaN,NaN,NaN,NaN,NT,NW,B,B,NaN,NaN,0.93,NaN,NaN,NaN,
1959101018,14a.1959,TC14A,TD,NN,19.7,71.5,NaN,NaN,351,3,351,3,NaN,NaN,NaN,NaN,NaN,NaN,NaN,NaN,NaN,NaN,NT,NW,B,B,NaN,NaN,NaN,NaN,NaN,NaN,
1959101100,14a.1959,TC14A,TD,NN,20.2,71.4,NaN,NaN,351,3,351,3,NaN,NaN,NaN,NaN,NaN,NaN,NaN,NaN,NaN,NaN,NT,NW,B,B,NaN,NaN,NaN,NaN,NaN,NaN,
1959101106,14a.1959,TC14A,TD,NN,20.3,71.4,NaN,NaN,351,3,351,3,NaN,NaN,NaN,NaN,NaN,NaN,NaN,NaN,NaN,NaN,NT,NW,B,B,NaN,NaN,0.10,NaN,NaN,NaN,
1959101112,14a.1959,TC14A,TD,NN,20.3,71.4,NaN,NaN,360,0,360,1,NaN,NaN,NaN,NaN,NaN,NaN,NaN,NaN,NaN,NaN,NT,NW,B,B,NaN,NaN,0.10,NaN,NaN,NaN,
1959101118,14a.1959,TC14A,TD,NN,20.3,71.4,NaN,NaN,360,0,360,0,NaN,NaN,NaN,NaN,NaN,NaN,NaN,NaN,NaN,NaN,NT,NW,B,B,NaN,NaN,0.10,NaN,NaN,NaN,
1959101200,14a.1959,TC14A,TD,NN,20.3,71.4,NaN,NaN,360,0,360,0,NaN,NaN,NaN,NaN,NaN,NaN,NaN,NaN,NaN,NaN,NT,NW,B,B,NaN,NaN,0.10,NaN,NaN,NaN,
1959101206,14a.1959,TC14A,TD,NN,20.3,71.4,NaN,NaN,360,0,360,0,NaN,NaN,NaN,NaN,NaN,NaN,NaN,NaN,NaN,NaN,NT,NW,B,B,NaN,NaN,0.10,NaN,NaN,NaN,
1959101212,14a.1959,TC14A,TD,NN,20.3,71.4,NaN,NaN,360,0,360,0,NaN,NaN,NaN,NaN,NaN,NaN,NaN,NaN,NaN,NaN,NT,NW,B,B,NaN,NaN,0.10,NaN,NaN,NaN,
1959101218,14a.1959,TC14A,TD,NN,20.3,71.4,NaN,NaN,360,0,360,0,NaN,NaN,NaN,NaN,NaN,NaN,NaN,NaN,NaN,NaN,NT,NW,B,B,NaN,NaN,0.10,NaN,NaN,NaN,
1959101300,14a.1959,TC14A,TD,NN,20.3,71.4,NaN,NaN,360,0,360,0,NaN,NaN,NaN,NaN,NaN,NaN,NaN,NaN,NaN,NaN,NT,NW,B,B,NaN,NaN,0.10,NaN,NaN,NaN,
1959101306,14a.1959,TC14A,TD,NN,20.4,71.4,NaN,NaN,360,1,360,0,NaN,NaN,NaN,NaN,NaN,NaN,NaN,NaN,NaN,NaN,NT,NW,B,B,NaN,NaN,0.10,NaN,NaN,NaN,
1959101312,14a.1959,TC14A,TD,NN,21.0,71.5,NaN,NaN,8,4,8,4,NaN,NaN,NaN,NaN,NaN,NaN,NaN,NaN,NaN,NaN,NT,NW,B,B,NaN,NaN,0.57,NaN,NaN,NaN,
1959101318,14a.1959,TC14A,TD,NN,21.3,71.4,NaN,NaN,360,4,360,5,NaN,NaN,NaN,NaN,NaN,NaN,NaN,NaN,NaN,NaN,NT,NW,B,B,NaN,NaN,0.97,NaN,NaN,NaN,
1959101400,14a.1959,TC14A,TD,NN,21.5,71.0,NaN,NaN,317,3,317,3,NaN,NaN,NaN,NaN,NaN,NaN,NaN,NaN,NaN,NaN,NT,NW,B,B,NaN,NaN,0.99,NaN,NaN,NaN,
1959101406,14a.1959,TC14A,TD,NN,21.3,70.8,NaN,NaN,270,3,270,3,NaN,NaN,NaN,NaN,NaN,NaN,NaN,NaN,NaN,NaN,NT,NW,B,B,NaN,NaN,0.99,NaN,NaN,NaN,
1959101412,14a.1959,TC14A,TD,NN,21.0,70.7,NaN,NaN,209,3,209,3,NaN,NaN,NaN,NaN,NaN,NaN,NaN,NaN,NaN,NaN,NT,NW,B,B,NaN,NaN,0.63,NaN,NaN,NaN,
1959101418,14a.1959,TC14A,TD,NN,20.8,70.5,NaN,NaN,209,3,209,3,NaN,NaN,NaN,NaN,NaN,NaN,NaN,NaN,NaN,NaN,NT,NW,B,B,NaN,NaN,0.63,NaN,NaN,NaN,
1959101500,14a.1959,TC14A,TD,NN,20.6,70.3,NaN,NaN,223,3,223,3,NaN,NaN,NaN,NaN,NaN,NaN,NaN,NaN,NaN,NaN,NT,NW,B,B,NaN,NaN,0.16,NaN,NaN,NaN,
1959101506,14a.1959,TC14A,TD,NN,20.3,70.0,NaN,NaN,223,3,223,3,NaN,NaN,NaN,NaN,NaN,NaN,NaN,NaN,NaN,NaN,NT,NW,B,B,NaN,NaN,0.03,NaN,NaN,NaN,
1959101512,14a.1959,TC14A,TD,NN,20.0,69.6,NaN,NaN,228,4,228,4,NaN,NaN,NaN,NaN,NaN,NaN,NaN,NaN,NaN,NaN,NT,NW,B,B,NaN,NaN,NaN,NaN,NaN,NaN,
1959101518,14a.1959,TC14A,TD,NN,19.7,69.2,NaN,NaN,231,5,231,5,NaN,NaN,NaN,NaN,NaN,NaN,NaN,NaN,NaN,NaN,NT,NW,B,B,NaN,NaN,NaN,NaN,NaN,NaN,
1959101600,14a.1959,TC14A,TD,NN,19.4,68.7,NaN,NaN,235,5,235,5,NaN,NaN,NaN,NaN,NaN,NaN,NaN,NaN,NaN,NaN,NT,NW,B,B,NaN,NaN,NaN,NaN,NaN,NaN,
1959101606,14a.1959,TC14A,TD,NN,19.2,68.0,NaN,NaN,246,6,246,6,NaN,NaN,NaN,NaN,NaN,NaN,NaN,NaN,NaN,NaN,NT,NW,B,B,NaN,NaN,NaN,NaN,NaN,NaN,
1959101612,14a.1959,TC14A,TD,NN,19.0,67.1,NaN,NaN,255,8,255,8,NaN,NaN,NaN,NaN,NaN,NaN,NaN,NaN,NaN,NaN,NT,NW,B,B,NaN,NaN,NaN,NaN,NaN,NaN,
1959101618,14a.1959,TC14A,TD,NN,18.8,66.1,NaN,NaN,257,9,257,9,NaN,NaN,NaN,NaN,NaN,NaN,NaN,NaN,NaN,NaN,NT,NW,B,B,NaN,NaN,NaN,NaN,NaN,NaN,
1959101700,14a.1959,TC14A,TD,NN,18.9,65.0,NaN,NaN,267,10,267,10,NaN,NaN,NaN,NaN,NaN,NaN,NaN,NaN,NaN,NaN,NT,NW,B,B,NaN,NaN,NaN,NaN,NaN,NaN,
1959101706,14a.1959,TC14A,TD,NN,19.0,63.9,NaN,NaN,275,10,275,10,NaN,NaN,NaN,NaN,NaN,NaN,NaN,NaN,NaN,NaN,NT,NW,B,B,NaN,NaN,NaN,NaN,NaN,NaN,
1959101712,14a.1959,TC14A,TD,NN,19.2,62.8,NaN,NaN,278,11,278,11,NaN,NaN,NaN,NaN,NaN,NaN,NaN,NaN,NaN,NaN,NT,NW,B,B,NaN,NaN,NaN,NaN,NaN,NaN,
1959101718,14a.1959,TC14A,TD,NN,19.4,61.6,NaN,NaN,280,11,280,11,NaN,NaN,NaN,NaN,NaN,NaN,NaN,NaN,NaN,NaN,NT,NW,B,B,NaN,NaN,NaN,NaN,NaN,NaN,
1959101800,14a.1959,TC14A,TD,NN,19.4,60.3,NaN,NaN,275,12,275,12,NaN,NaN,NaN,NaN,NaN,NaN,NaN,NaN,NaN,NaN,NT,NW,B,B,NaN,NaN,NaN,NaN,NaN,NaN,
1959112718,15b.1959,TC15B,TD,NN,9.9,80.5,NaN,NaN,270,5,270,5,NaN,NaN,NaN,NaN,NaN,NaN,NaN,NaN,NaN,NaN,NT,NW,B,B,NaN,NaN,0.08,NaN,NaN,NaN,
1959112800,15b.1959,TC15B,TD,NN,9.9,80.3,NaN,NaN,270,5,270,5,NaN,NaN,NaN,NaN,NaN,NaN,NaN,NaN,NaN,NaN,NT,NW,B,B,NaN,NaN,0.08,NaN,NaN,NaN,
1959112806,15b.1959,TC15B,TD,NN,9.9,79.4,NaN,NaN,270,5,270,5,NaN,NaN,NaN,NaN,NaN,NaN,NaN,NaN,NaN,NaN,NT,NW,B,B,NaN,NaN,0.31,NaN,NaN,NaN,
1959112812,15b.1959,TC15B,TD,NN,9.9,78.3,NaN,NaN,270,10,270,10,NaN,NaN,NaN,NaN,NaN,NaN,NaN,NaN,NaN,NaN,NT,NW,B,B,NaN,NaN,0.98,NaN,NaN,NaN,
1959112818,15b.1959,TC15B,TD,NN,9.9,77.1,NaN,NaN,270,11,270,11,NaN,NaN,NaN,NaN,NaN,NaN,NaN,NaN,NaN,NaN,NT,NW,B,B,NaN,NaN,0.99,NaN,NaN,NaN,
1959112900,15b.1959,TC15B,TD,NN,9.9,76.0,NaN,NaN,270,11,270,11,NaN,NaN,NaN,NaN,NaN,NaN,NaN,NaN,NaN,NaN,NT,NW,B,B,NaN,NaN,0.24,NaN,NaN,NaN,
1959112906,15b.1959,TC15B,TD,NN,9.9,74.9,NaN,NaN,270,11,270,11,NaN,NaN,NaN,NaN,NaN,NaN,NaN,NaN,NaN,NaN,NT,NW,B,B,NaN,NaN,NaN,NaN,NaN,NaN,
1959112912,15b.1959,TC15B,TD,NN,9.9,73.8,NaN,NaN,270,11,270,11,NaN,NaN,NaN,NaN,NaN,NaN,NaN,NaN,NaN,NaN,NT,NW,B,B,NaN,NaN,NaN,NaN,NaN,NaN,
1959112918,15b.1959,TC15B,TD,NN,9.9,72.8,NaN,NaN,270,10,270,10,NaN,NaN,NaN,NaN,NaN,NaN,NaN,NaN,NaN,NaN,NT,NW,B,B,NaN,NaN,NaN,NaN,NaN,NaN,
1959113000,15b.1959,TC15B,TD,NN,9.9,71.8,NaN,NaN,270,10,270,10,NaN,NaN,NaN,NaN,NaN,NaN,NaN,NaN,NaN,NaN,NT,NW,B,B,NaN,NaN,NaN,NaN,NaN,NaN,
1959113006,15b.1959,TC15B,TD,NN,9.9,71.0,NaN,NaN,270,9,270,9,NaN,NaN,NaN,NaN,NaN,NaN,NaN,NaN,NaN,NaN,NT,NW,B,B,NaN,NaN,NaN,NaN,NaN,NaN,
1959113012,15b.1959,TC15B,TD,NN,9.9,70.2,NaN,NaN,270,8,270,8,NaN,NaN,NaN,NaN,NaN,NaN,NaN,NaN,NaN,NaN,NT,NW,B,B,NaN,NaN,NaN,NaN,NaN,NaN,
1959113018,15b.1959,TC15B,TD,NN,9.9,69.4,NaN,NaN,270,8,270,8,NaN,NaN,NaN,NaN,NaN,NaN,NaN,NaN,NaN,NaN,NT,NW,B,B,NaN,NaN,NaN,NaN,NaN,NaN,
1959120100,15b.1959,TC15B,TD,NN,9.8,68.6,NaN,NaN,266,8,266,8,NaN,NaN,NaN,NaN,NaN,NaN,NaN,NaN,NaN,NaN,NT,NW,B,B,NaN,NaN,NaN,NaN,NaN,NaN,
1959120106,15b.1959,TC15B,TD,NN,9.6,68.1,NaN,NaN,257,7,257,7,NaN,NaN,NaN,NaN,NaN,NaN,NaN,NaN,NaN,NaN,NT,NW,B,B,NaN,NaN,NaN,NaN,NaN,NaN,
1959120112,15b.1959,TC15B,TD,NN,9.3,67.6,NaN,NaN,243,6,243,6,NaN,NaN,NaN,NaN,NaN,NaN,NaN,NaN,NaN,NaN,NT,NW,B,B,NaN,NaN,NaN,NaN,NaN,NaN,
1959120118,15b.1959,TC15B,TD,NN,8.9,67.1,NaN,NaN,235,6,235,6,NaN,NaN,NaN,NaN,NaN,NaN,NaN,NaN,NaN,NaN,NT,NW,B,B,NaN,NaN,NaN,NaN,NaN,NaN,
1959120200,15b.1959,TC15B,TD,NN,8.6,66.6,NaN,NaN,235,6,235,6,NaN,NaN,NaN,NaN,NaN,NaN,NaN,NaN,NaN,NaN,NT,NW,B,B,NaN,NaN,NaN,NaN,NaN,NaN,
1959120206,15b.1959,TC15B,TD,NN,8.3,66.1,NaN,NaN,239,6,239,6,NaN,NaN,NaN,NaN,NaN,NaN,NaN,NaN,NaN,NaN,NT,NW,B,B,NaN,NaN,NaN,NaN,NaN,NaN,
1959120212,15b.1959,TC15B,TD,NN,8.2,65.8,NaN,NaN,243,4,243,4,NaN,NaN,NaN,NaN,NaN,NaN,NaN,NaN,NaN,NaN,NT,NW,B,B,NaN,NaN,NaN,NaN,NaN,NaN,
1959120218,15b.1959,TC15B,TD,NN,8.2,65.4,NaN,NaN,262,3,262,3,NaN,NaN,NaN,NaN,NaN,NaN,NaN,NaN,NaN,NaN,NT,NW,B,B,NaN,NaN,NaN,NaN,NaN,NaN,
1959120300,15b.1959,TC15B,TD,NN,8.2,65.0,NaN,NaN,270,4,270,4,NaN,NaN,NaN,NaN,NaN,NaN,NaN,NaN,NaN,NaN,NT,NW,B,B,NaN,NaN,NaN,NaN,NaN,NaN,
1959120306,15b.1959,TC15B,TD,NN,8.2,64.6,NaN,NaN,270,4,270,4,NaN,NaN,NaN,NaN,NaN,NaN,NaN,NaN,NaN,NaN,NT,NW,B,B,NaN,NaN,NaN,NaN,NaN,NaN,
1959120312,15b.1959,TC15B,TD,NN,8.2,64.1,NaN,NaN,270,4,270,4,NaN,NaN,NaN,NaN,NaN,NaN,NaN,NaN,NaN,NaN,NT,NW,B,B,NaN,NaN,NaN,NaN,NaN,NaN,
1959120318,15b.1959,TC15B,TD,NN,8.2,63.6,NaN,NaN,270,5,270,5,NaN,NaN,NaN,NaN,NaN,NaN,NaN,NaN,NaN,NaN,NT,NW,B,B,NaN,NaN,NaN,NaN,NaN,NaN,
1959120400,15b.1959,TC15B,TD,NN,8.3,63.1,NaN,NaN,276,5,276,5,NaN,NaN,NaN,NaN,NaN,NaN,NaN,NaN,NaN,NaN,NT,NW,B,B,NaN,NaN,NaN,NaN,NaN,NaN,
1959120406,15b.1959,TC15B,TD,NN,8.4,62.5,NaN,NaN,280,6,280,6,NaN,NaN,NaN,NaN,NaN,NaN,NaN,NaN,NaN,NaN,NT,NW,B,B,NaN,NaN,NaN,NaN,NaN,NaN,
1959120412,15b.1959,TC15B,TD,NN,8.6,61.7,NaN,NaN,282,7,282,7,NaN,NaN,NaN,NaN,NaN,NaN,NaN,NaN,NaN,NaN,NT,NW,B,B,NaN,NaN,NaN,NaN,NaN,NaN,
1959120418,15b.1959,TC15B,TD,NN,8.9,60.9,NaN,NaN,288,8,288,8,NaN,NaN,NaN,NaN,NaN,NaN,NaN,NaN,NaN,NaN,NT,NW,B,B,NaN,NaN,NaN,NaN,NaN,NaN,
1959120500,15b.1959,TC15B,TD,NN,9.2,60.2,NaN,NaN,292,8,292,8,NaN,NaN,NaN,NaN,NaN,NaN,NaN,NaN,NaN,NaN,NT,NW,B,B,NaN,NaN,NaN,NaN,NaN,NaN,
1959120506,15b.1959,TC15B,TD,NN,9.5,59.5,NaN,NaN,293,8,293,8,NaN,NaN,NaN,NaN,NaN,NaN,NaN,NaN,NaN,NaN,NT,NW,B,B,NaN,NaN,NaN,NaN,NaN,NaN,
1959120512,15b.1959,TC15B,TD,NN,9.8,59.2,NaN,NaN,301,6,301,6,NaN,NaN,NaN,NaN,NaN,NaN,NaN,NaN,NaN,NaN,NT,NW,B,B,NaN,NaN,NaN,NaN,NaN,NaN,
1959120518,15b.1959,TC15B,TD,NN,10.0,58.9,NaN,NaN,310,4,310,4,NaN,NaN,NaN,NaN,NaN,NaN,NaN,NaN,NaN,NaN,NT,NW,B,B,NaN,NaN,NaN,NaN,NaN,NaN,
1959120600,15b.1959,TC15B,TD,NN,10.3,58.5,NaN,NaN,306,4,306,4,NaN,NaN,NaN,NaN,NaN,NaN,NaN,NaN,NaN,NaN,NT,NW,B,B,NaN,NaN,NaN,NaN,NaN,NaN,
1959120418,16b.1959,TC16B,TD,NN,9.4,90.5,NaN,NaN,330,7,330,7,NaN,NaN,NaN,NaN,NaN,NaN,NaN,NaN,NaN,NaN,NT,NW,B,B,NaN,NaN,NaN,NaN,NaN,NaN,
1959120500,16b.1959,TC16B,TD,NN,9.6,90.5,NaN,NaN,330,7,330,7,NaN,NaN,NaN,NaN,NaN,NaN,NaN,NaN,NaN,NaN,NT,NW,B,B,NaN,NaN,NaN,NaN,NaN,NaN,
1959120506,16b.1959,TC16B,TD,NN,10.6,89.8,NaN,NaN,330,7,330,7,NaN,NaN,NaN,NaN,NaN,NaN,NaN,NaN,NaN,NaN,NT,NW,B,B,NaN,NaN,NaN,NaN,NaN,NaN,
1959120512,16b.1959,TC16B,TD,NN,12.0,88.9,NaN,NaN,327,14,327,14,NaN,NaN,NaN,NaN,NaN,NaN,NaN,NaN,NaN,NaN,NT,NW,B,B,NaN,NaN,NaN,NaN,NaN,NaN,
1959120518,16b.1959,TC16B,TD,NN,13.3,87.8,NaN,NaN,324,17,324,17,NaN,NaN,NaN,NaN,NaN,NaN,NaN,NaN,NaN,NaN,NT,NW,B,B,NaN,NaN,NaN,NaN,NaN,NaN,
1959120600,16b.1959,TC16B,TD,NN,14.5,86.6,NaN,NaN,318,17,318,17,NaN,NaN,NaN,NaN,NaN,NaN,NaN,NaN,NaN,NaN,NT,NW,B,B,NaN,NaN,NaN,NaN,NaN,NaN,
1959120606,16b.1959,TC16B,TD,NN,15.1,85.6,NaN,NaN,310,14,310,14,NaN,NaN,NaN,NaN,NaN,NaN,NaN,NaN,NaN,NaN,NT,NW,B,B,NaN,NaN,NaN,NaN,NaN,NaN,
1959120612,16b.1959,TC16B,TD,NN,14.9,84.7,NaN,NaN,282,9,282,9,NaN,NaN,NaN,NaN,NaN,NaN,NaN,NaN,NaN,NaN,NT,NW,B,B,NaN,NaN,NaN,NaN,NaN,NaN,
1959120618,16b.1959,TC16B,TD,NN,14.7,83.7,NaN,NaN,258,9,258,9,NaN,NaN,NaN,NaN,NaN,NaN,NaN,NaN,NaN,NaN,NT,NW,B,B,NaN,NaN,NaN,NaN,NaN,NaN,
1959120700,16b.1959,TC16B,TD,NN,14.5,82.8,NaN,NaN,258,9,258,9,NaN,NaN,NaN,NaN,NaN,NaN,NaN,NaN,NaN,NaN,NT,NW,B,B,NaN,NaN,NaN,NaN,NaN,NaN,
