dtg,stmid,sname,tcvmax,tctype,rlat,rlon,vmax,pmin,dir,spd,trkdir,trkspd,r34m,r34ne,r34se,r34sw,r34nw,r50m,r50ne,r50se,r50sw,r50nw,tccode,wncode,dirtype,posttype,roci,poci,alf,depth,rmax,tdo,
2012021500,a3w.2012,9X-A3W,TD,NN,9.0,126.8,15,NaN,299,7,323,6,NaN,NaN,NaN,NaN,NaN,NaN,NaN,NaN,NaN,NaN,NT,NW,c,c,NaN,NaN,NaN,NaN,NaN,NaN,
2012021506,a3w.2012,9X-A3W,TD,NN,9.7,126.5,15,NaN,306,9,323,6,NaN,NaN,NaN,NaN,NaN,NaN,NaN,NaN,NaN,NaN,NT,NW,c,c,NaN,NaN,0.08,NaN,NaN,NaN,
2012021512,a3w.2012,9X-A3W,TD,NN,9.9,126.1,15,NaN,310,8,323,6,NaN,NaN,NaN,NaN,NaN,NaN,NaN,NaN,NaN,NaN,NT,NW,c,c,NaN,NaN,0.18,NaN,NaN,NaN,
2012021518,a3w.2012,9X-A3W,TD,NN,11.0,124.1,15,NaN,302,10,299,13,NaN,NaN,NaN,NaN,NaN,NaN,NaN,NaN,NaN,NaN,NT,NW,c,c,NaN,NaN,0.25,NaN,NaN,NaN,
2012021600,a3w.2012,9X-A3W,TD,NN,9.6,121.8,15,NaN,301,10,266,21,NaN,NaN,NaN,NaN,NaN,NaN,NaN,NaN,NaN,NaN,NT,NW,c,c,NaN,NaN,0.04,NaN,NaN,NaN,
2012021606,a3w.2012,9X-A3W,TD,NN,8.5,121.3,15,NaN,290,10,228,19,NaN,NaN,NaN,NaN,NaN,NaN,NaN,NaN,NaN,NaN,NT,NW,c,c,NaN,NaN,NaN,NaN,NaN,NaN,
2012021612,a3w.2012,9X-A3W,TD,NN,9.1,121.1,15,NaN,282,10,234,4,NaN,NaN,NaN,NaN,NaN,NaN,NaN,NaN,NaN,NaN,NT,NW,c,c,NaN,NaN,NaN,NaN,NaN,NaN,
2012021618,a3w.2012,9X-A3W,TD,NN,8.7,118.8,15,NaN,268,14,275,12,NaN,NaN,NaN,NaN,NaN,NaN,NaN,NaN,NaN,NaN,NT,NW,c,c,NaN,NaN,NaN,NaN,NaN,NaN,
2012021700,a3w.2012,9X-A3W,TD,NN,10.0,116.8,20,1007,263,12,282,22,NaN,NaN,NaN,NaN,NaN,NaN,NaN,NaN,NaN,NaN,DB,NW,B,B,NaN,NaN,NaN,NaN,NaN,NaN,
2012021706,01w.2012,ONE,TD,NN,9.9,115.7,20,1007,263,12,291,16,NaN,NaN,NaN,NaN,NaN,NaN,NaN,NaN,NaN,NaN,DB,WN,B,B,200,1008,NaN,S,45,CEG,
2012021712,01w.2012,ONE,TD,NN,9.7,114.4,20,1007,263,12,263,12,NaN,NaN,NaN,NaN,NaN,NaN,NaN,NaN,NaN,NaN,DB,WN,B,B,200,1008,NaN,S,45,CEG,
2012021718,01w.2012,ONE,TD,NN,9.8,113.3,20,1007,268,12,268,12,NaN,NaN,NaN,NaN,NaN,NaN,NaN,NaN,NaN,NaN,DB,WN,B,B,200,1008,NaN,S,45,ADL,
2012021800,01w.2012,ONE,TD,NN,9.8,112.7,20,1007,273,8,273,8,NaN,NaN,NaN,NaN,NaN,NaN,NaN,NaN,NaN,NaN,DB,NW,B,B,200,1008,NaN,S,45,NaN,
2012021806,01w.2012,ONE,TD,NN,9.8,112.4,20,1007,270,4,270,4,NaN,NaN,NaN,NaN,NaN,NaN,NaN,NaN,NaN,NaN,DB,NW,B,B,200,1008,NaN,S,45,NaN,
2012021812,01w.2012,ONE,TD,NN,9.9,113.2,20,1007,79,3,79,3,NaN,NaN,NaN,NaN,NaN,NaN,NaN,NaN,NaN,NaN,DB,NW,B,B,125,1008,NaN,S,45,NaN,
2012021818,01w.2012,ONE,TD,NN,9.9,112.6,20,1007,63,1,63,1,NaN,NaN,NaN,NaN,NaN,NaN,NaN,NaN,NaN,NaN,DB,NW,B,B,NaN,NaN,NaN,NaN,NaN,NaN,
2012021900,01w.2012,ONE,TD,NN,9.6,112.9,25,1004,225,2,225,2,NaN,NaN,NaN,NaN,NaN,NaN,NaN,NaN,NaN,NaN,TD,NW,B,B,110,1008,NaN,S,40,NaN,
2012021906,01w.2012,ONE,TD,NN,10.4,112.3,25,1004,329,3,329,3,NaN,NaN,NaN,NaN,NaN,NaN,NaN,NaN,NaN,NaN,TD,NW,B,B,200,1008,NaN,S,40,NaN,
2012021912,01w.2012,ONE,TD,NN,9.7,111.9,20,1007,276,5,276,5,NaN,NaN,NaN,NaN,NaN,NaN,NaN,NaN,NaN,NaN,DB,NW,B,B,125,1008,NaN,S,45,NaN,
2012021918,01w.2012,ONE,TD,NN,9.3,112.1,20,1007,190,6,190,6,NaN,NaN,NaN,NaN,NaN,NaN,NaN,NaN,NaN,NaN,DB,NW,B,B,125,1008,NaN,S,40,NaN,
2012022000,01w.2012,ONE,TD,NN,9.0,111.8,20,1007,188,4,188,4,NaN,NaN,NaN,NaN,NaN,NaN,NaN,NaN,NaN,NaN,DB,NW,B,B,125,1008,NaN,S,40,NaN,
2012022006,01w.2012,ONE,TD,NN,8.8,111.5,20,1006,230,4,230,4,NaN,NaN,NaN,NaN,NaN,NaN,NaN,NaN,NaN,NaN,DB,NW,B,B,135,1007,NaN,S,40,NaN,
2012022012,01w.2012,ONE,TD,NN,9.2,111.5,20,1007,304,2,304,2,NaN,NaN,NaN,NaN,NaN,NaN,NaN,NaN,NaN,NaN,DB,NW,B,B,125,1007,NaN,NaN,40,NaN,
2012022018,01w.2012,ONE,TD,NN,9.0,111.2,20,1007,304,2,304,2,NaN,NaN,NaN,NaN,NaN,NaN,NaN,NaN,NaN,NaN,DB,NW,B,B,NaN,NaN,NaN,NaN,NaN,NaN,
2012022100,01w.2012,ONE,TD,NN,9.5,110.4,20,1007,285,6,285,6,NaN,NaN,NaN,NaN,NaN,NaN,NaN,NaN,NaN,NaN,TD,NW,B,B,NaN,NaN,NaN,NaN,NaN,NaN,
2012022106,01w.2012,ONE,TD,NN,9.5,110.1,20,NaN,280,6,295,6,NaN,NaN,NaN,NaN,NaN,NaN,NaN,NaN,NaN,NaN,NT,NW,c,c,NaN,NaN,NaN,NaN,NaN,NaN,
2012022112,01w.2012,ONE,TD,NN,9.6,109.3,20,NaN,274,6,275,5,NaN,NaN,NaN,NaN,NaN,NaN,NaN,NaN,NaN,NaN,NT,NW,c,c,NaN,NaN,NaN,NaN,NaN,NaN,
2012031900,a6w.2012,9X-A6W,TS,NN,9.5,128.0,15,1010,307,2,307,2,NaN,NaN,NaN,NaN,NaN,NaN,NaN,NaN,NaN,NaN,DB,NW,b,b,NaN,NaN,NaN,NaN,NaN,NaN,
2012031906,a6w.2012,9X-A6W,TS,NN,9.7,128.2,15,1010,307,2,307,2,NaN,NaN,NaN,NaN,NaN,NaN,NaN,NaN,NaN,NaN,DB,NW,b,b,NaN,NaN,NaN,NaN,NaN,NaN,
2012031912,a6w.2012,9X-A6W,TS,NN,9.8,127.6,15,1010,307,2,307,2,NaN,NaN,NaN,NaN,NaN,NaN,NaN,NaN,NaN,NaN,DB,NW,b,b,NaN,NaN,NaN,NaN,NaN,NaN,
2012031918,a6w.2012,9X-A6W,TS,NN,9.5,127.1,15,NaN,270,3,260,6,NaN,NaN,NaN,NaN,NaN,NaN,NaN,NaN,NaN,NaN,NT,NW,c,c,NaN,NaN,NaN,NaN,NaN,NaN,
2012032000,a6w.2012,9X-A6W,TS,NN,10.5,126.7,15,NaN,308,6,308,6,NaN,NaN,NaN,NaN,NaN,NaN,NaN,NaN,NaN,NaN,NT,NW,c,c,NaN,NaN,NaN,NaN,NaN,NaN,
2012032006,a6w.2012,9X-A6W,TS,NN,10.4,124.1,15,NaN,285,8,287,15,NaN,NaN,NaN,NaN,NaN,NaN,NaN,NaN,NaN,NaN,NT,NW,c,c,NaN,NaN,0.34,NaN,NaN,NaN,
2012032012,a6w.2012,9X-A6W,TS,NN,9.3,123.1,15,NaN,281,5,251,19,NaN,NaN,NaN,NaN,NaN,NaN,NaN,NaN,NaN,NaN,NT,NW,c,c,NaN,NaN,0.59,NaN,NaN,NaN,
2012032018,a6w.2012,9X-A6W,TS,NN,9.4,123.3,15,NaN,276,5,218,6,NaN,NaN,NaN,NaN,NaN,NaN,NaN,NaN,NaN,NaN,NT,NW,c,c,NaN,NaN,0.38,NaN,NaN,NaN,
2012032100,a6w.2012,9X-A6W,TS,NN,9.1,122.4,15,NaN,260,6,254,4,NaN,NaN,NaN,NaN,NaN,NaN,NaN,NaN,NaN,NaN,NT,NW,c,c,NaN,NaN,0.08,NaN,NaN,NaN,
2012032106,a6w.2012,9X-A6W,TS,NN,8.4,122.5,15,NaN,212,5,218,6,NaN,NaN,NaN,NaN,NaN,NaN,NaN,NaN,NaN,NaN,NT,NW,c,c,NaN,NaN,0.08,NaN,NaN,NaN,
2012032112,a6w.2012,9X-A6W,TS,NN,8.0,122.2,15,NaN,209,5,190,6,NaN,NaN,NaN,NaN,NaN,NaN,NaN,NaN,NaN,NaN,NT,NW,c,c,NaN,NaN,0.18,NaN,NaN,NaN,
2012032118,a6w.2012,9X-A6W,TS,NN,8.9,121.4,15,NaN,281,5,295,6,NaN,NaN,NaN,NaN,NaN,NaN,NaN,NaN,NaN,NaN,NT,NW,c,c,NaN,NaN,NaN,NaN,NaN,NaN,
2012032200,a6w.2012,9X-A6W,TS,NN,9.3,120.1,15,NaN,285,6,302,12,NaN,NaN,NaN,NaN,NaN,NaN,NaN,NaN,NaN,NaN,NT,NW,c,c,NaN,NaN,NaN,NaN,NaN,NaN,
2012032206,a6w.2012,9X-A6W,TS,NN,9.4,120.5,15,NaN,315,4,299,5,NaN,NaN,NaN,NaN,NaN,NaN,NaN,NaN,NaN,NaN,NT,NW,c,c,NaN,NaN,NaN,NaN,NaN,NaN,
2012032212,a6w.2012,9X-A6W,TS,NN,10.0,120.2,15,NaN,325,4,8,4,NaN,NaN,NaN,NaN,NaN,NaN,NaN,NaN,NaN,NaN,NT,NW,c,c,NaN,NaN,0.02,NaN,NaN,NaN,
2012032218,a6w.2012,9X-A6W,TS,NN,10.8,119.6,15,1010,328,8,328,8,NaN,NaN,NaN,NaN,NaN,NaN,NaN,NaN,NaN,NaN,DB,NW,b,b,NaN,NaN,0.22,NaN,NaN,NaN,
2012032300,a6w.2012,9X-A6W,TS,NN,11.6,118.9,15,1010,321,10,321,10,NaN,NaN,NaN,NaN,NaN,NaN,NaN,NaN,NaN,NaN,DB,NW,b,b,NaN,NaN,0.04,NaN,NaN,NaN,
2012032306,a6w.2012,9X-A6W,TS,NN,11.3,119.0,15,NaN,310,4,310,4,NaN,NaN,NaN,NaN,NaN,NaN,NaN,NaN,NaN,NaN,NT,NW,c,c,NaN,NaN,0.04,NaN,NaN,NaN,
2012032312,a6w.2012,9X-A6W,TS,NN,11.5,118.7,15,NaN,304,4,243,1,NaN,NaN,NaN,NaN,NaN,NaN,NaN,NaN,NaN,NaN,NT,NW,c,c,NaN,NaN,NaN,NaN,NaN,NaN,
2012032318,a6w.2012,9X-A6W,TS,NN,12.1,117.6,15,NaN,291,4,300,8,NaN,NaN,NaN,NaN,NaN,NaN,NaN,NaN,NaN,NaN,NT,NW,c,c,NaN,NaN,NaN,NaN,NaN,NaN,
2012032400,a6w.2012,9X-A6W,TS,NN,12.3,117.3,15,NaN,297,3,300,8,NaN,NaN,NaN,NaN,NaN,NaN,NaN,NaN,NaN,NaN,NT,NW,c,c,NaN,NaN,NaN,NaN,NaN,NaN,
2012032406,a6w.2012,9X-A6W,TS,NN,12.5,117.4,15,NaN,304,2,334,2,NaN,NaN,NaN,NaN,NaN,NaN,NaN,NaN,NaN,NaN,NT,NW,c,c,NaN,NaN,NaN,NaN,NaN,NaN,
2012032412,a6w.2012,9X-A6W,TS,NN,12.6,117.3,15,NaN,316,1,360,1,NaN,NaN,NaN,NaN,NaN,NaN,NaN,NaN,NaN,NaN,NT,NW,c,c,NaN,NaN,NaN,NaN,NaN,NaN,
2012032418,a6w.2012,9X-A6W,TS,NN,12.4,116.7,15,NaN,304,2,262,3,NaN,NaN,NaN,NaN,NaN,NaN,NaN,NaN,NaN,NaN,NT,NW,c,c,NaN,NaN,NaN,NaN,NaN,NaN,
2012032500,a6w.2012,9X-A6W,TS,NN,12.7,116.1,15,NaN,297,2,275,6,NaN,NaN,NaN,NaN,NaN,NaN,NaN,NaN,NaN,NaN,NT,NW,c,c,NaN,NaN,NaN,NaN,NaN,NaN,
2012032506,a6w.2012,9X-A6W,TS,NN,12.8,116.0,15,NaN,304,2,300,4,NaN,NaN,NaN,NaN,NaN,NaN,NaN,NaN,NaN,NaN,NT,NW,c,c,NaN,NaN,NaN,NaN,NaN,NaN,
2012032512,a6w.2012,9X-A6W,TS,NN,12.9,115.9,15,NaN,316,1,316,1,NaN,NaN,NaN,NaN,NaN,NaN,NaN,NaN,NaN,NaN,NT,NW,c,c,NaN,NaN,NaN,NaN,NaN,NaN,
2012032518,a6w.2012,9X-A6W,TS,NN,12.9,115.5,15,NaN,316,1,282,2,NaN,NaN,NaN,NaN,NaN,NaN,NaN,NaN,NaN,NaN,NT,NW,c,c,NaN,NaN,NaN,NaN,NaN,NaN,
2012032600,a6w.2012,9X-A6W,TS,NN,10.9,114.9,15,NaN,284,2,206,11,NaN,NaN,NaN,NaN,NaN,NaN,NaN,NaN,NaN,NaN,NT,NW,c,c,NaN,NaN,NaN,NaN,NaN,NaN,
2012032606,a6w.2012,9X-A6W,TS,NN,10.6,116.2,15,NaN,270,1,163,12,NaN,NaN,NaN,NaN,NaN,NaN,NaN,NaN,NaN,NaN,NT,NW,c,c,NaN,NaN,NaN,NaN,NaN,NaN,
2012032612,a6w.2012,9X-A6W,TS,NN,9.7,114.4,15,NaN,244,9,202,6,NaN,NaN,NaN,NaN,NaN,NaN,NaN,NaN,NaN,NaN,NT,NW,c,c,NaN,NaN,NaN,NaN,NaN,NaN,
2012032618,a6w.2012,9X-A6W,TS,NN,8.3,114.1,15,NaN,223,9,222,15,NaN,NaN,NaN,NaN,NaN,NaN,NaN,NaN,NaN,NaN,NT,NW,c,c,NaN,NaN,NaN,NaN,NaN,NaN,
2012032700,a6w.2012,9X-A6W,TS,NN,7.9,113.4,15,1008,230,9,209,10,NaN,NaN,NaN,NaN,NaN,NaN,NaN,NaN,NaN,NaN,DB,NW,C,C,210,1010,NaN,S,45,NaN,
2012032706,a6w.2012,9X-A6W,TS,NN,8.4,113.0,15,1010,250,6,275,5,NaN,NaN,NaN,NaN,NaN,NaN,NaN,NaN,NaN,NaN,DB,NW,C,C,210,1011,NaN,S,45,NaN,
2012032712,a6w.2012,9X-A6W,TS,NN,9.1,112.4,15,1008,295,6,321,8,NaN,NaN,NaN,NaN,NaN,NaN,NaN,NaN,NaN,NaN,DB,NW,C,C,210,1011,NaN,S,45,NaN,
2012032718,a6w.2012,9X-A6W,TS,NN,9.2,113.4,15,1008,334,2,26,4,NaN,NaN,NaN,NaN,NaN,NaN,NaN,NaN,NaN,NaN,DB,NW,B,B,210,1010,NaN,S,45,NaN,
2012032800,a6w.2012,9X-A6W,TS,NN,9.4,113.3,20,1007,334,2,71,5,NaN,NaN,NaN,NaN,NaN,NaN,NaN,NaN,NaN,NaN,DB,NW,B,B,190,1010,NaN,S,40,NaN,
2012032806,a6w.2012,9X-A6W,TS,NN,9.6,113.2,20,1007,334,2,334,2,NaN,NaN,NaN,NaN,NaN,NaN,NaN,NaN,NaN,NaN,DB,NW,B,B,190,1010,NaN,S,40,NaN,
2012032812,a6w.2012,9X-A6W,TS,NN,9.7,112.9,20,1007,307,2,307,2,NaN,NaN,NaN,NaN,NaN,NaN,NaN,NaN,NaN,NaN,DB,NW,B,B,190,1010,NaN,S,40,NaN,
2012032818,a6w.2012,9X-A6W,TS,NN,9.6,112.7,25,1004,270,2,270,2,NaN,NaN,NaN,NaN,NaN,NaN,NaN,NaN,NaN,NaN,TD,NW,B,B,175,1010,NaN,S,40,NaN,
2012032900,02w.2012,PAKHAR,TS,NN,9.6,112.5,30,1000,256,2,256,2,NaN,NaN,NaN,NaN,NaN,NaN,NaN,NaN,NaN,NaN,TD,WN,B,B,175,1010,NaN,S,40,BRS,
2012032906,02w.2012,PAKHAR,TS,NN,9.7,112.2,35,996,281,3,281,3,NaN,NaN,NaN,NaN,NaN,NaN,NaN,NaN,NaN,NaN,TS,WN,B,B,180,1010,NaN,M,40,RCB,
2012032912,02w.2012,PAKHAR,TS,NN,9.8,111.9,45,989,289,3,289,3,34,35,30,30,40,NaN,NaN,NaN,NaN,NaN,TS,WN,B,B,190,1010,NaN,M,40,RCB,
2012032918,02w.2012,PAKHAR,TS,NN,9.7,111.6,55,982,270,3,270,3,50,45,45,55,55,35,35,35,55,35,TS,WN,B,B,175,1008,NaN,M,35,BRS,
2012033000,02w.2012,PAKHAR,TS,NN,9.6,111.4,60,978,248,3,248,3,85,90,70,90,90,42,35,35,90,50,TS,WN,B,B,180,1009,NaN,D,25,BRS,
2012033006,02w.2012,PAKHAR,TS,NN,9.6,111.1,60,978,259,3,259,3,85,90,70,90,90,42,35,35,90,50,TS,WN,B,B,180,1009,NaN,D,25,RCB,
2012033012,02w.2012,PAKHAR,TS,NN,9.7,110.8,60,978,280,3,280,3,85,90,70,90,90,42,35,35,90,50,TS,WN,B,B,195,1009,NaN,D,25,RCB,
2012033018,02w.2012,PAKHAR,TS,NN,9.6,110.5,60,978,270,3,270,3,85,90,70,90,90,42,35,35,90,50,TS,WN,B,B,175,1008,NaN,D,25,CEG,
2012033100,02w.2012,PAKHAR,TS,NN,9.5,110.2,50,985,251,3,251,3,85,90,70,90,90,42,35,35,90,50,TS,WN,B,B,170,1008,NaN,D,25,CEG,
2012033106,02w.2012,PAKHAR,TS,NN,9.5,109.9,45,989,260,3,260,3,71,75,70,70,70,NaN,NaN,NaN,NaN,NaN,TS,WN,B,B,170,1008,NaN,D,25,ADL,
2012033112,02w.2012,PAKHAR,TS,NN,9.3,109.3,45,989,257,5,257,5,71,75,70,70,70,NaN,NaN,NaN,NaN,NaN,TS,WN,B,B,170,1008,NaN,D,25,ADL,
2012033118,02w.2012,PAKHAR,TS,NN,9.4,108.7,40,998,265,6,265,6,71,75,70,70,70,NaN,NaN,NaN,NaN,NaN,TS,WN,B,B,NaN,NaN,NaN,NaN,NaN,NaN,
2012040100,02w.2012,PAKHAR,TS,NN,9.8,108.2,40,993,295,6,295,6,71,75,70,70,70,NaN,NaN,NaN,NaN,NaN,TS,WN,B,B,NaN,NaN,NaN,NaN,NaN,NaN,
2012040106,02w.2012,PAKHAR,TS,NN,10.3,107.7,40,993,312,7,312,7,71,75,70,70,70,NaN,NaN,NaN,NaN,NaN,TS,WN,B,B,NaN,NaN,0.45,NaN,NaN,NaN,
2012040112,02w.2012,PAKHAR,TS,NN,11.0,107.2,35,1002,321,8,321,8,71,75,70,70,70,NaN,NaN,NaN,NaN,NaN,TS,WN,B,B,NaN,NaN,0.98,NaN,NaN,NaN,
2012040118,02w.2012,PAKHAR,TS,NN,11.8,106.8,20,1007,330,9,330,9,NaN,NaN,NaN,NaN,NaN,NaN,NaN,NaN,NaN,NaN,TD,WN,B,B,NaN,NaN,0.99,NaN,NaN,NaN,
2012051818,b4w.2012,9X-B4W,TY,NN,7.5,150.2,15,NaN,338,3,33,6,NaN,NaN,NaN,NaN,NaN,NaN,NaN,NaN,NaN,NaN,NT,NW,c,c,NaN,NaN,NaN,NaN,NaN,NaN,
2012051900,b4w.2012,9X-B4W,TY,NN,8.3,150.9,15,1008,338,3,33,6,NaN,NaN,NaN,NaN,NaN,NaN,NaN,NaN,NaN,NaN,NT,NW,c,c,190,1010,NaN,NaN,NaN,NaN,
2012051906,b4w.2012,9X-B4W,TY,NN,9.2,151.6,15,1008,330,2,33,6,NaN,NaN,NaN,NaN,NaN,NaN,NaN,NaN,NaN,NaN,DB,NW,C,C,190,1010,NaN,S,45,NaN,
2012051912,b4w.2012,9X-B4W,TY,NN,9.0,151.2,15,1008,315,4,33,6,NaN,NaN,NaN,NaN,NaN,NaN,NaN,NaN,NaN,NaN,DB,NW,C,C,200,1010,NaN,S,45,NaN,
2012051918,b4w.2012,9X-B4W,TY,NN,9.1,150.6,15,1007,300,5,264,5,NaN,NaN,NaN,NaN,NaN,NaN,NaN,NaN,NaN,NaN,DB,NW,C,C,190,1009,NaN,S,40,NaN,
2012052000,b4w.2012,9X-B4W,TY,NN,8.9,149.9,15,1007,285,6,266,6,NaN,NaN,NaN,NaN,NaN,NaN,NaN,NaN,NaN,NaN,DB,NW,C,C,190,1009,NaN,S,40,NaN,
2012052006,b4w.2012,9X-B4W,TY,NN,11.1,148.0,15,1007,254,6,308,16,NaN,NaN,NaN,NaN,NaN,NaN,NaN,NaN,NaN,NaN,DB,NW,B,B,200,1009,NaN,S,40,NaN,
2012052012,b4w.2012,9X-B4W,TY,NN,10.8,147.5,20,1007,254,6,309,15,NaN,NaN,NaN,NaN,NaN,NaN,NaN,NaN,NaN,NaN,DB,NW,B,B,210,1008,NaN,S,40,NaN,
2012052018,b4w.2012,9X-B4W,TY,NN,10.8,146.9,25,1004,254,6,254,6,NaN,NaN,NaN,NaN,NaN,NaN,NaN,NaN,NaN,NaN,TD,NW,B,B,210,1008,NaN,S,40,NaN,
2012052100,b4w.2012,9X-B4W,TY,NN,11.2,146.4,20,1007,290,6,290,6,NaN,NaN,NaN,NaN,NaN,NaN,NaN,NaN,NaN,NaN,DB,NW,B,B,220,1008,NaN,S,40,NaN,
2012052106,03w.2012,SANVU,TY,NN,11.3,145.6,25,1004,291,7,291,7,NaN,NaN,NaN,NaN,NaN,NaN,NaN,NaN,NaN,NaN,TD,WN,B,B,220,1006,NaN,S,45,CEG,
2012052112,03w.2012,SANVU,TY,NN,11.8,145.0,30,1000,294,7,294,7,NaN,NaN,NaN,NaN,NaN,NaN,NaN,NaN,NaN,NaN,TD,WN,B,B,200,1006,NaN,S,45,CEG,
2012052118,03w.2012,SANVU,TY,NN,12.3,144.4,35,996,310,8,310,8,NaN,NaN,NaN,NaN,NaN,NaN,NaN,NaN,NaN,NaN,TS,WN,B,B,200,1005,NaN,S,45,BRS,
2012052200,03w.2012,SANVU,TY,NN,13.4,144.2,40,993,334,9,334,9,65,60,90,60,50,NaN,NaN,NaN,NaN,NaN,TS,WN,B,B,170,1006,NaN,M,35,BRS,
2012052206,03w.2012,SANVU,TY,NN,14.1,143.3,40,993,329,10,329,10,68,60,90,70,50,NaN,NaN,NaN,NaN,NaN,TS,WN,B,B,170,1006,NaN,M,35,RCB,
2012052212,03w.2012,SANVU,TY,NN,14.7,142.3,45,989,305,11,305,11,70,65,90,70,55,NaN,NaN,NaN,NaN,NaN,TS,WN,B,B,180,1006,NaN,M,35,RCB,
2012052218,03w.2012,SANVU,TY,NN,15.6,141.7,45,989,314,11,314,11,68,80,100,35,55,NaN,NaN,NaN,NaN,NaN,TS,WN,B,B,175,1005,NaN,M,35,NaN,
2012052300,03w.2012,SANVU,TY,NN,16.3,141.0,50,985,322,10,322,10,79,100,100,40,75,NaN,NaN,NaN,NaN,NaN,TS,WN,B,B,180,1006,NaN,M,35,BRS,
2012052306,03w.2012,SANVU,TY,NN,16.8,140.4,55,982,314,9,314,9,86,110,100,55,80,25,25,25,55,25,TS,WN,B,B,185,1006,NaN,M,25,RCB,
2012052312,03w.2012,SANVU,TY,NN,17.4,139.8,60,978,314,8,314,8,104,120,105,90,100,28,30,25,90,30,TS,WN,B,B,195,1006,NaN,D,25,RCB,
2012052318,03w.2012,SANVU,TY,NN,18.1,139.3,60,978,321,8,321,8,99,120,100,75,100,35,35,35,75,35,TS,WN,B,B,170,1004,NaN,D,20,BRS,
2012052400,03w.2012,SANVU,TY,NN,19.0,139.1,60,978,337,9,337,9,99,120,100,75,100,35,35,35,75,35,TS,WN,B,B,170,1004,NaN,D,25,BRS,
2012052406,03w.2012,SANVU,TY,NN,19.9,139.0,60,978,351,9,351,9,99,120,100,75,100,35,35,35,75,35,TS,WN,B,B,170,1004,NaN,D,25,CEG,
2012052412,03w.2012,SANVU,TY,NN,20.7,138.8,65,974,351,9,351,9,99,120,100,75,100,38,40,40,75,35,TY,WN,B,B,160,1004,NaN,D,25,CEG,
2012052418,03w.2012,SANVU,TY,NN,21.5,138.8,70,970,353,8,353,8,109,130,120,75,110,50,55,55,75,45,TY,WN,B,B,165,1006,NaN,D,25,SLF,
2012052500,03w.2012,SANVU,TY,NN,22.2,139.2,75,967,14,8,14,8,118,150,130,80,110,50,55,55,80,45,TY,WN,B,B,170,1005,NaN,D,25,SLF,
2012052506,03w.2012,SANVU,TY,NN,23.0,139.5,75,967,23,8,23,8,118,150,130,80,110,50,55,55,80,45,TY,WN,B,B,185,1004,NaN,D,25,NaN,
2012052512,03w.2012,SANVU,TY,NN,23.6,139.9,80,963,25,8,25,8,120,150,130,90,110,46,55,55,90,45,TY,WN,B,B,170,1004,NaN,D,25,CEG,
2012052518,03w.2012,SANVU,TY,NN,24.1,140.5,75,967,40,7,40,7,122,140,140,105,105,50,50,50,105,50,TY,WN,B,B,200,1007,NaN,D,20,SJB,
2012052600,03w.2012,SANVU,TY,NN,24.6,141.2,75,967,50,8,50,8,128,145,145,110,110,55,60,60,110,50,TY,WN,B,B,190,1004,NaN,D,20,SJB,
2012052606,03w.2012,SANVU,TY,NN,25.0,142.1,70,970,58,9,58,9,116,135,130,100,100,45,50,50,100,40,TY,WN,B,B,185,1004,NaN,D,20,RCB,
2012052612,03w.2012,SANVU,TY,NN,25.6,143.0,65,974,58,10,58,10,105,125,120,85,90,39,45,45,85,30,TY,WN,B,B,180,1004,NaN,D,20,RCB,
2012052618,03w.2012,SANVU,TY,NN,26.1,144.0,60,978,57,10,57,10,112,135,135,90,90,45,45,45,90,45,TS,WN,B,B,195,1006,NaN,D,25,SJB,
2012052700,03w.2012,SANVU,TY,NN,26.8,145.1,50,985,58,11,58,11,118,145,145,90,90,NaN,NaN,NaN,NaN,NaN,TS,WN,B,B,195,1006,NaN,M,30,SJB,
2012052706,03w.2012,SANVU,TY,NN,27.6,146.8,45,989,59,15,59,15,112,135,135,90,90,NaN,NaN,NaN,NaN,NaN,TS,WN,B,B,190,1006,NaN,M,30,RCB,
2012052712,03w.2012,SANVU,TY,NN,28.5,148.6,40,993,61,18,61,18,105,125,125,85,85,NaN,NaN,NaN,NaN,NaN,TS,NW,B,B,180,1006,NaN,M,30,NaN,
2012052718,03w.2012,SANVU,TY,NN,29.8,150.1,35,996,53,18,53,18,105,125,125,85,85,NaN,NaN,NaN,NaN,NaN,EX,NW,B,B,180,1006,NaN,S,35,NaN,
2012052912,b5w.2012,9X-B5W,TY,NN,9.3,134.6,15,NaN,209,5,250,12,NaN,NaN,NaN,NaN,NaN,NaN,NaN,NaN,NaN,NaN,NT,NW,c,c,NaN,NaN,NaN,NaN,NaN,NaN,
2012052918,b5w.2012,9X-B5W,TY,NN,8.5,134.3,15,NaN,204,7,250,12,NaN,NaN,NaN,NaN,NaN,NaN,NaN,NaN,NaN,NaN,NT,NW,c,c,NaN,NaN,NaN,NaN,NaN,NaN,
2012053000,b5w.2012,9X-B5W,TY,NN,8.5,132.4,15,NaN,270,5,250,12,NaN,NaN,NaN,NaN,NaN,NaN,NaN,NaN,NaN,NaN,NT,NW,c,c,NaN,NaN,NaN,NaN,NaN,NaN,
2012053006,b5w.2012,9X-B5W,TY,NN,9.2,131.8,15,1009,295,6,286,13,NaN,NaN,NaN,NaN,NaN,NaN,NaN,NaN,NaN,NaN,DB,NW,C,C,150,1011,NaN,S,45,NaN,
2012053012,b5w.2012,9X-B5W,TY,NN,9.7,131.3,15,1008,305,7,318,8,NaN,NaN,NaN,NaN,NaN,NaN,NaN,NaN,NaN,NaN,DB,NW,C,C,150,1011,NaN,S,45,NaN,
2012053018,b5w.2012,9X-B5W,TY,NN,10.9,130.1,20,1006,315,9,315,12,NaN,NaN,NaN,NaN,NaN,NaN,NaN,NaN,NaN,NaN,DB,NW,C,C,180,1008,NaN,S,45,NaN,
2012053100,b5w.2012,9X-B5W,TY,NN,12.4,129.5,15,1010,273,10,327,16,NaN,NaN,NaN,NaN,NaN,NaN,NaN,NaN,NaN,NaN,DB,NW,B,B,NaN,NaN,NaN,NaN,NaN,NaN,
2012053106,b5w.2012,9X-B5W,TY,NN,12.2,128.5,20,1006,273,10,310,10,NaN,NaN,NaN,NaN,NaN,NaN,NaN,NaN,NaN,NaN,DB,NW,B,B,180,1008,NaN,S,45,NaN,
2012053112,b5w.2012,9X-B5W,TY,NN,12.5,127.5,20,1006,273,10,273,10,NaN,NaN,NaN,NaN,NaN,NaN,NaN,NaN,NaN,NaN,DB,NW,B,B,180,1008,NaN,S,45,NaN,
2012053118,04w.2012,MAWAR,TY,NN,13.4,126.9,25,1004,308,10,308,10,NaN,NaN,NaN,NaN,NaN,NaN,NaN,NaN,NaN,NaN,TD,WN,B,B,180,1006,NaN,S,45,SJB,
2012060100,04w.2012,MAWAR,TY,NN,14.3,126.4,30,1000,329,10,329,10,NaN,NaN,NaN,NaN,NaN,NaN,NaN,NaN,NaN,NaN,TD,WN,B,B,180,1006,NaN,S,45,SJB,
2012060106,04w.2012,MAWAR,TY,NN,14.9,125.6,35,996,320,10,320,10,NaN,NaN,NaN,NaN,NaN,NaN,NaN,NaN,NaN,NaN,TS,WN,B,B,170,1006,NaN,S,40,NAL,
2012060112,04w.2012,MAWAR,TY,NN,15.7,125.0,40,993,316,10,316,10,42,45,40,40,45,NaN,NaN,NaN,NaN,NaN,TS,WN,B,B,170,1006,NaN,M,40,RCB,
2012060118,04w.2012,MAWAR,TY,NN,16.2,124.7,45,989,326,8,326,8,38,40,40,35,35,NaN,NaN,NaN,NaN,NaN,TS,WN,B,B,180,1004,NaN,M,35,CEG,
2012060200,04w.2012,MAWAR,TY,NN,16.7,124.1,55,982,319,7,319,7,58,65,65,50,50,32,35,35,50,30,TS,WN,B,B,165,1001,NaN,M,35,CEG,
2012060206,04w.2012,MAWAR,TY,NN,17.1,124.4,60,978,342,5,342,5,65,75,75,55,55,38,40,40,55,35,TS,WN,B,B,165,1001,NaN,D,30,NaN,
2012060212,04w.2012,MAWAR,TY,NN,17.6,124.7,65,974,32,5,32,5,82,110,110,55,55,32,35,35,55,30,TY,WN,B,B,165,1001,NaN,D,10,ADL,
2012060218,04w.2012,MAWAR,TY,NN,18.1,124.9,75,967,25,6,25,6,115,150,150,80,80,42,45,45,80,40,TY,WN,B,B,170,999,NaN,D,15,CEG,
2012060300,04w.2012,MAWAR,TY,NN,18.7,125.0,90,956,15,6,15,6,125,155,155,95,95,52,55,55,95,50,TY,WN,B,B,170,999,NaN,D,15,CEG,
2012060306,04w.2012,MAWAR,TY,NN,19.3,125.5,90,956,25,7,25,7,125,155,155,95,95,62,70,70,95,55,TY,WN,B,B,170,999,NaN,D,15,ADL,
2012060312,04w.2012,MAWAR,TY,NN,20.1,125.7,90,956,25,8,25,8,125,155,155,95,95,62,70,70,95,55,TY,WN,B,B,170,999,NaN,D,15,ADL,
2012060318,04w.2012,MAWAR,TY,NN,20.9,125.9,95,952,13,8,13,8,140,155,155,125,125,65,70,70,125,60,TY,WN,B,B,175,999,NaN,D,15,CEG,
2012060400,04w.2012,MAWAR,TY,NN,21.6,126.2,105,944,17,8,17,8,140,155,155,125,125,65,70,70,125,60,TY,WN,B,B,170,998,NaN,D,15,CEG,
2012060406,04w.2012,MAWAR,TY,NN,22.6,126.7,105,944,24,9,24,9,140,155,155,125,125,65,70,70,125,60,TY,WN,B,B,170,998,NaN,D,15,ADL,
2012060412,04w.2012,MAWAR,TY,NN,23.5,127.6,95,952,34,11,34,11,140,155,155,125,125,60,65,65,125,55,TY,WN,B,B,170,998,NaN,D,15,NaN,
2012060418,04w.2012,MAWAR,TY,NN,24.6,128.7,80,963,42,14,42,14,136,150,145,125,125,60,65,65,125,55,TY,WN,B,B,170,998,NaN,D,15,RCB,
2012060500,04w.2012,MAWAR,TY,NN,26.2,130.2,75,963,41,18,41,18,119,125,130,110,110,55,60,60,110,50,TY,WN,B,B,165,998,NaN,D,15,RCB,
2012060506,04w.2012,MAWAR,TY,NN,27.5,132.0,65,974,46,21,46,21,125,140,140,110,110,58,65,65,110,50,TY,WN,B,B,165,998,NaN,D,20,SJB,
2012060512,04w.2012,MAWAR,TY,NN,28.7,134.4,60,978,56,22,56,22,125,140,140,110,110,58,65,65,110,50,TS,WN,B,B,165,998,NaN,D,20,SJB,
2012060518,04w.2012,MAWAR,TY,NN,29.9,137.7,55,982,64,28,64,28,118,135,135,100,100,55,60,60,100,50,TS,WN,B,B,160,998,NaN,M,20,RCB,
2012060600,04w.2012,MAWAR,TY,NN,31.3,141.1,45,989,66,32,66,32,108,125,125,90,90,NaN,NaN,NaN,NaN,NaN,TS,NW,B,B,NaN,NaN,NaN,NaN,NaN,NaN,
2012060606,04w.2012,MAWAR,TY,NN,34.3,145.3,45,989,56,39,56,39,108,125,125,90,90,NaN,NaN,NaN,NaN,NaN,EX,NW,B,B,NaN,NaN,NaN,NaN,NaN,NaN,
2012060700,c0w.2012,9X-C0W,STY,NN,2.5,163.0,15,1010,300,12,300,12,NaN,NaN,NaN,NaN,NaN,NaN,NaN,NaN,NaN,NaN,DB,NW,b,b,NaN,NaN,NaN,NaN,NaN,NaN,
2012060706,c0w.2012,9X-C0W,STY,NN,3.5,161.6,15,1010,300,12,300,12,NaN,NaN,NaN,NaN,NaN,NaN,NaN,NaN,NaN,NaN,DB,NW,b,b,NaN,NaN,NaN,NaN,NaN,NaN,
2012060712,c0w.2012,9X-C0W,STY,NN,3.7,160.9,15,1010,300,12,300,12,NaN,NaN,NaN,NaN,NaN,NaN,NaN,NaN,NaN,NaN,DB,NW,b,b,NaN,NaN,NaN,NaN,NaN,NaN,
2012060718,c0w.2012,9X-C0W,STY,NN,2.5,160.0,15,NaN,270,10,238,9,NaN,NaN,NaN,NaN,NaN,NaN,NaN,NaN,NaN,NaN,NT,NW,c,c,NaN,NaN,NaN,NaN,NaN,NaN,
2012060800,c0w.2012,9X-C0W,STY,NN,3.5,160.3,15,1009,300,7,252,3,NaN,NaN,NaN,NaN,NaN,NaN,NaN,NaN,NaN,NaN,DB,NW,C,C,200,1011,NaN,S,45,NaN,
2012060806,c0w.2012,9X-C0W,STY,NN,4.9,158.9,20,1008,300,8,335,13,NaN,NaN,NaN,NaN,NaN,NaN,NaN,NaN,NaN,NaN,DB,NW,C,C,200,1011,NaN,S,45,NaN,
2012060812,c0w.2012,9X-C0W,STY,NN,5.0,158.3,20,1008,300,7,307,12,NaN,NaN,NaN,NaN,NaN,NaN,NaN,NaN,NaN,NaN,DB,NW,C,C,210,1011,NaN,S,40,NaN,
2012060818,c0w.2012,9X-C0W,STY,NN,5.2,155.7,20,1007,285,13,275,16,NaN,NaN,NaN,NaN,NaN,NaN,NaN,NaN,NaN,NaN,DB,NW,C,C,150,1008,NaN,S,15,NaN,
2012060900,c0w.2012,9X-C0W,STY,NN,5.3,154.2,20,1007,280,14,274,20,NaN,NaN,NaN,NaN,NaN,NaN,NaN,NaN,NaN,NaN,DB,NW,C,C,150,1008,NaN,S,15,NaN,
2012060906,c0w.2012,9X-C0W,STY,NN,4.9,152.6,20,1006,270,15,264,16,NaN,NaN,NaN,NaN,NaN,NaN,NaN,NaN,NaN,NaN,DB,NW,C,C,150,1008,NaN,S,45,NaN,
2012060912,c0w.2012,9X-C0W,STY,NN,4.9,151.0,20,1006,265,16,263,16,NaN,NaN,NaN,NaN,NaN,NaN,NaN,NaN,NaN,NaN,DB,NW,C,C,150,1008,NaN,S,45,NaN,
2012060918,c0w.2012,9X-C0W,STY,NN,5.2,150.2,15,1010,270,13,277,12,NaN,NaN,NaN,NaN,NaN,NaN,NaN,NaN,NaN,NaN,DB,NW,C,C,150,1011,NaN,S,45,NaN,
2012061000,c0w.2012,9X-C0W,STY,NN,6.1,150.4,15,1010,321,10,334,7,NaN,NaN,NaN,NaN,NaN,NaN,NaN,NaN,NaN,NaN,DB,NW,B,B,NaN,NaN,NaN,NaN,NaN,NaN,
2012061006,c0w.2012,9X-C0W,STY,NN,6.9,149.8,15,1010,321,10,347,9,NaN,NaN,NaN,NaN,NaN,NaN,NaN,NaN,NaN,NaN,DB,NW,B,B,NaN,NaN,NaN,NaN,NaN,NaN,
2012061012,c0w.2012,9X-C0W,STY,NN,7.7,149.1,20,1007,321,10,321,10,NaN,NaN,NaN,NaN,NaN,NaN,NaN,NaN,NaN,NaN,DB,NW,B,B,150,1008,NaN,S,45,NaN,
2012061018,c0w.2012,9X-C0W,STY,NN,8.6,148.5,25,1004,323,11,323,11,NaN,NaN,NaN,NaN,NaN,NaN,NaN,NaN,NaN,NaN,TD,NW,B,B,150,1011,NaN,S,45,NaN,
2012061100,05w.2012,GUCHOL,STY,NN,9.3,147.9,25,1004,323,10,323,10,NaN,NaN,NaN,NaN,NaN,NaN,NaN,NaN,NaN,NaN,TD,WN,B,B,165,1008,NaN,S,45,RCB,
2012061106,05w.2012,GUCHOL,STY,NN,9.6,146.6,25,1004,298,11,298,11,NaN,NaN,NaN,NaN,NaN,NaN,NaN,NaN,NaN,NaN,TD,WN,B,B,165,1008,NaN,S,45,SJB,
2012061112,05w.2012,GUCHOL,STY,NN,9.6,145.3,25,1004,277,13,277,13,NaN,NaN,NaN,NaN,NaN,NaN,NaN,NaN,NaN,NaN,TD,WN,B,B,150,1008,NaN,S,45,SJB,
2012061118,05w.2012,GUCHOL,STY,NN,9.6,144.3,30,1000,270,11,270,11,NaN,NaN,NaN,NaN,NaN,NaN,NaN,NaN,NaN,NaN,TD,WN,B,B,150,1009,NaN,S,45,NAL,
2012061200,05w.2012,GUCHOL,STY,NN,9.6,143.5,35,996,270,9,270,9,NaN,NaN,NaN,NaN,NaN,NaN,NaN,NaN,NaN,NaN,TS,WN,B,B,160,1008,NaN,M,40,NAL,
2012061206,05w.2012,GUCHOL,STY,NN,9.6,142.7,35,996,270,8,270,8,NaN,NaN,NaN,NaN,NaN,NaN,NaN,NaN,NaN,NaN,TS,WN,B,B,160,1008,NaN,M,40,CEG,
2012061212,05w.2012,GUCHOL,STY,NN,9.6,141.9,35,996,270,8,270,8,NaN,NaN,NaN,NaN,NaN,NaN,NaN,NaN,NaN,NaN,TS,WN,B,B,165,1008,NaN,M,40,CEG,
2012061218,05w.2012,GUCHOL,STY,NN,9.7,141.1,35,996,274,8,274,8,NaN,NaN,NaN,NaN,NaN,NaN,NaN,NaN,NaN,NaN,TS,WN,B,B,160,1006,NaN,M,40,NAL,
2012061300,05w.2012,GUCHOL,STY,NN,9.9,140.2,40,993,280,9,280,9,NaN,NaN,NaN,NaN,NaN,NaN,NaN,NaN,NaN,NaN,TS,WN,B,B,160,1006,NaN,M,40,NAL,
2012061306,05w.2012,GUCHOL,STY,NN,10.5,139.1,45,989,292,11,292,11,22,25,20,20,25,NaN,NaN,NaN,NaN,NaN,TS,WN,B,B,160,1006,NaN,M,40,CEG,
2012061312,05w.2012,GUCHOL,STY,NN,10.8,137.8,45,989,291,13,291,13,30,35,25,25,35,NaN,NaN,NaN,NaN,NaN,TS,WN,B,B,150,1006,NaN,M,35,CEG,
2012061318,05w.2012,GUCHOL,STY,NN,10.9,136.4,50,985,279,13,279,13,39,40,35,35,45,NaN,NaN,NaN,NaN,NaN,TS,WN,B,B,160,1006,NaN,M,35,RCB,
2012061400,05w.2012,GUCHOL,STY,NN,10.9,135.1,60,978,272,13,272,13,48,55,40,40,55,15,15,15,40,15,TS,WN,B,B,160,1006,NaN,M,15,ADL,
2012061406,05w.2012,GUCHOL,STY,NN,10.7,133.9,65,974,265,12,265,12,60,65,55,55,65,35,35,35,55,35,TY,WN,B,B,97,1007,NaN,D,25,SJB,
2012061412,05w.2012,GUCHOL,STY,NN,10.6,132.8,70,970,262,11,262,11,60,65,55,55,65,35,35,35,55,35,TY,WN,B,B,160,1007,NaN,D,20,NaN,
2012061418,05w.2012,GUCHOL,STY,NN,10.4,132.2,75,967,260,8,260,8,69,65,65,70,75,48,45,45,70,50,TY,WN,B,B,165,1007,NaN,D,20,AAA,
2012061500,05w.2012,GUCHOL,STY,NN,10.2,131.5,85,959,253,7,253,7,79,75,75,80,85,58,55,55,80,60,TY,WN,B,B,175,1007,NaN,D,20,RCB,
2012061506,05w.2012,GUCHOL,STY,NN,10.7,131.3,85,959,289,5,289,5,82,85,80,80,85,55,55,55,80,55,TY,WN,B,B,180,1006,NaN,D,20,SJB,
2012061512,05w.2012,GUCHOL,STY,NN,11.3,130.9,90,956,332,6,332,6,82,85,80,80,85,55,55,55,80,55,TY,WN,B,B,180,1006,NaN,D,25,SJB,
2012061518,05w.2012,GUCHOL,STY,NN,11.9,130.5,100,948,327,7,327,7,84,85,85,80,85,55,55,55,80,55,TY,WN,B,B,180,1006,NaN,D,20,NAL,
2012061600,05w.2012,GUCHOL,STY,NN,12.9,130.2,100,948,337,9,337,9,96,95,100,100,90,58,60,60,100,55,TY,WN,B,B,180,1005,NaN,D,20,NAL,
2012061606,05w.2012,GUCHOL,STY,NN,14.0,129.6,120,933,337,11,337,11,95,100,90,90,100,58,60,55,90,60,TY,WN,B,B,170,1002,NaN,D,15,CEG,
2012061612,05w.2012,GUCHOL,STY,NN,15.0,128.8,125,929,327,13,327,13,100,105,95,95,105,58,60,55,95,60,TY,WN,B,B,160,1002,NaN,D,15,CEG,
2012061618,05w.2012,GUCHOL,STY,NN,16.2,128.3,130,926,330,13,330,13,110,115,110,105,110,66,75,70,105,65,ST,WN,B,B,160,1002,NaN,D,15,ADL,
2012061700,05w.2012,GUCHOL,STY,NN,17.3,127.7,130,926,335,13,335,13,142,145,155,130,140,79,85,90,130,70,ST,WN,B,B,160,1002,NaN,D,15,ADL,
2012061706,05w.2012,GUCHOL,STY,NN,18.4,127.3,130,926,337,12,337,12,142,145,155,130,140,79,85,90,130,70,ST,WN,B,B,160,1002,NaN,D,15,CEG,
2012061712,05w.2012,GUCHOL,STY,NN,19.7,127.1,125,929,347,12,347,12,142,145,155,130,140,79,85,90,130,70,TY,WN,B,B,170,1002,NaN,D,15,CEG,
2012061718,05w.2012,GUCHOL,STY,NN,21.0,127.2,120,933,358,13,358,13,148,165,155,140,130,84,95,90,140,70,TY,WN,B,B,200,1002,NaN,D,15,ADL,
2012061800,05w.2012,GUCHOL,STY,NN,22.3,127.4,115,937,6,13,6,13,148,165,155,140,130,84,95,90,140,70,TY,WN,B,B,200,1002,NaN,D,15,ADL,
2012061806,05w.2012,GUCHOL,STY,NN,23.9,127.9,100,948,13,15,13,15,148,165,155,140,130,84,95,90,140,70,TY,WN,B,B,190,1000,NaN,D,25,CEG,
2012061812,05w.2012,GUCHOL,STY,NN,25.4,128.8,95,952,22,17,22,17,148,165,155,140,130,86,95,90,140,80,TY,WN,B,B,190,1000,NaN,D,25,NaN,
2012061818,05w.2012,GUCHOL,STY,NN,27.3,130.3,85,959,32,20,32,20,158,170,170,150,140,70,75,75,150,60,TY,WN,B,B,200,1001,NaN,D,25,NAL,
2012061900,05w.2012,GUCHOL,STY,NN,29.6,131.9,65,974,33,25,33,25,178,200,200,170,140,55,60,60,170,50,TY,WN,B,B,200,1001,NaN,D,25,NAL,
2012061906,05w.2012,GUCHOL,STY,NN,32.5,134.7,60,978,36,32,36,32,155,180,170,150,120,25,25,25,150,25,TS,WN,B,B,180,1001,NaN,D,25,RCB,
2012061912,05w.2012,GUCHOL,STY,NN,35.0,137.4,35,996,41,36,41,36,155,180,170,150,120,NaN,NaN,NaN,NaN,NaN,TS,WN,B,B,155,1001,0.79,M,25,NaN,
2012061918,05w.2012,GUCHOL,STY,NN,37.3,140.8,45,989,46,35,46,35,155,180,170,150,120,NaN,NaN,NaN,NaN,NaN,EX,NW,B,B,155,1001,0.49,S,25,NaN,
2012062000,05w.2012,GUCHOL,STY,NN,38.5,143.6,35,996,55,30,55,30,NaN,NaN,NaN,NaN,NaN,NaN,NaN,NaN,NaN,NaN,EX,NW,B,B,NaN,NaN,NaN,NaN,NaN,NaN,
2012061506,c2w.2012,9X-C2W,TS,NN,18.7,111.1,15,1010,193,2,193,2,NaN,NaN,NaN,NaN,NaN,NaN,NaN,NaN,NaN,NaN,DB,NW,b,b,NaN,NaN,NaN,NaN,NaN,NaN,
2012061512,c2w.2012,9X-C2W,TS,NN,18.7,111.0,15,1010,193,2,193,2,NaN,NaN,NaN,NaN,NaN,NaN,NaN,NaN,NaN,NaN,DB,NW,b,b,NaN,NaN,NaN,NaN,NaN,NaN,
2012061518,c2w.2012,9X-C2W,TS,NN,18.3,111.0,15,1010,193,2,193,2,NaN,NaN,NaN,NaN,NaN,NaN,NaN,NaN,NaN,NaN,DB,NW,b,b,NaN,NaN,NaN,NaN,NaN,NaN,
2012061600,c2w.2012,9X-C2W,TS,NN,19.3,111.8,15,NaN,159,3,52,5,NaN,NaN,NaN,NaN,NaN,NaN,NaN,NaN,NaN,NaN,NT,NW,c,c,NaN,NaN,NaN,NaN,NaN,NaN,
2012061606,c2w.2012,9X-C2W,TS,NN,19.3,111.7,15,NaN,50,3,34,6,NaN,NaN,NaN,NaN,NaN,NaN,NaN,NaN,NaN,NaN,NT,NW,c,c,NaN,NaN,NaN,NaN,NaN,NaN,
2012061612,c2w.2012,9X-C2W,TS,NN,19.0,111.6,15,NaN,37,3,212,2,NaN,NaN,NaN,NaN,NaN,NaN,NaN,NaN,NaN,NaN,NT,NW,c,c,NaN,NaN,NaN,NaN,NaN,NaN,
2012061618,c2w.2012,9X-C2W,TS,NN,18.3,111.9,15,NaN,44,3,169,5,NaN,NaN,NaN,NaN,NaN,NaN,NaN,NaN,NaN,NaN,NT,NW,c,c,NaN,NaN,NaN,NaN,NaN,NaN,
2012061700,c2w.2012,9X-C2W,TS,NN,19.6,111.1,20,1007,164,5,322,4,NaN,NaN,NaN,NaN,NaN,NaN,NaN,NaN,NaN,NaN,TD,NW,B,B,NaN,NaN,0.29,NaN,NaN,NaN,
2012061706,c2w.2012,9X-C2W,TS,NN,19.0,111.1,25,1004,164,5,313,5,NaN,NaN,NaN,NaN,NaN,NaN,NaN,NaN,NaN,NaN,TD,NW,B,B,130,998,0.07,S,55,NaN,
2012061712,c2w.2012,9X-C2W,TS,NN,18.6,111.4,25,1004,164,5,164,5,NaN,NaN,NaN,NaN,NaN,NaN,NaN,NaN,NaN,NaN,TD,NW,B,B,130,998,NaN,S,55,NaN,
2012061718,06w.2012,TALIM,TS,NN,18.8,111.9,30,995,105,4,105,4,NaN,NaN,NaN,NaN,NaN,NaN,NaN,NaN,NaN,NaN,DB,WN,B,B,140,1004,NaN,S,55,ADL,
2012061800,06w.2012,TALIM,TS,NN,19.0,112.4,30,995,67,5,67,5,NaN,NaN,NaN,NaN,NaN,NaN,NaN,NaN,NaN,NaN,TD,WN,B,B,140,1004,NaN,S,55,ADL,
2012061806,06w.2012,TALIM,TS,NN,19.2,112.9,35,996,67,5,67,5,25,25,25,25,25,NaN,NaN,NaN,NaN,NaN,TS,WN,B,B,150,997,NaN,M,45,CEG,
2012061812,06w.2012,TALIM,TS,NN,19.2,113.6,45,989,80,6,80,6,86,75,110,95,65,NaN,NaN,NaN,NaN,NaN,TS,WN,B,B,160,996,NaN,M,45,CEG,
2012061818,06w.2012,TALIM,TS,NN,19.3,114.3,45,989,86,7,86,7,100,90,110,110,90,NaN,NaN,NaN,NaN,NaN,TS,WN,B,B,160,996,NaN,NaN,40,SJB,
2012061900,06w.2012,TALIM,TS,NN,19.7,114.9,45,989,68,7,68,7,110,100,120,120,100,NaN,NaN,NaN,NaN,NaN,TS,WN,B,B,160,996,NaN,M,45,NAL,
2012061906,06w.2012,TALIM,TS,NN,20.2,115.7,45,989,56,8,56,8,110,100,120,120,100,NaN,NaN,NaN,NaN,NaN,TS,WN,B,B,160,996,NaN,M,45,RCB,
2012061912,06w.2012,TALIM,TS,NN,20.8,116.4,50,985,52,9,52,9,74,80,80,65,70,25,25,25,65,25,TS,WN,B,B,170,996,NaN,M,45,RCB,
2012061918,06w.2012,TALIM,TS,NN,21.6,117.0,45,989,41,9,41,9,76,80,80,70,75,NaN,NaN,NaN,NaN,NaN,TS,WN,B,B,170,996,NaN,M,45,ADL,
2012062000,06w.2012,TALIM,TS,NN,22.7,117.7,35,996,32,11,32,11,76,80,80,70,75,NaN,NaN,NaN,NaN,NaN,TS,WN,B,B,170,996,NaN,M,45,ADL,
2012062006,06w.2012,TALIM,TS,NN,23.8,118.6,40,993,34,13,34,13,76,80,80,70,75,NaN,NaN,NaN,NaN,NaN,TS,WN,B,B,170,996,0.03,M,45,RCB,
2012062012,06w.2012,TALIM,TS,NN,24.2,120.1,40,993,56,13,56,13,70,75,70,65,70,NaN,NaN,NaN,NaN,NaN,TS,WN,B,B,120,996,0.16,M,45,RCB,
2012062018,06w.2012,TALIM,TS,NN,25.7,121.1,30,1000,50,15,50,15,NaN,NaN,NaN,NaN,NaN,NaN,NaN,NaN,NaN,NaN,TD,WN,B,B,135,1001,0.07,M,45,NAL,
2012062406,c5w.2012,9X-C5W,TS,NN,11.9,135.9,15,1010,297,2,297,2,NaN,NaN,NaN,NaN,NaN,NaN,NaN,NaN,NaN,NaN,DB,NW,b,b,NaN,NaN,NaN,NaN,NaN,NaN,
2012062412,c5w.2012,9X-C5W,TS,NN,12.0,135.7,15,1010,297,2,297,2,NaN,NaN,NaN,NaN,NaN,NaN,NaN,NaN,NaN,NaN,DB,NW,b,b,NaN,NaN,NaN,NaN,NaN,NaN,
2012062418,c5w.2012,9X-C5W,TS,NN,12.1,135.5,15,1010,297,2,297,2,NaN,NaN,NaN,NaN,NaN,NaN,NaN,NaN,NaN,NaN,DB,NW,b,b,NaN,NaN,NaN,NaN,NaN,NaN,
2012062500,c5w.2012,9X-C5W,TS,NN,12.3,135.1,15,1010,297,3,297,3,NaN,NaN,NaN,NaN,NaN,NaN,NaN,NaN,NaN,NaN,DB,NW,b,b,NaN,NaN,NaN,NaN,NaN,NaN,
2012062506,c5w.2012,9X-C5W,TS,NN,11.9,134.6,15,1010,255,3,257,5,NaN,NaN,NaN,NaN,NaN,NaN,NaN,NaN,NaN,NaN,DB,NW,C,C,150,1011,NaN,S,15,NaN,
2012062512,c5w.2012,9X-C5W,TS,NN,13.2,134.5,15,1010,308,11,327,5,NaN,NaN,NaN,NaN,NaN,NaN,NaN,NaN,NaN,NaN,DB,NW,B,B,150,1008,NaN,S,45,NaN,
2012062518,c5w.2012,9X-C5W,TS,NN,13.6,133.6,20,1006,308,11,330,10,NaN,NaN,NaN,NaN,NaN,NaN,NaN,NaN,NaN,NaN,DB,NW,B,B,150,1008,NaN,S,45,NaN,
2012062600,c5w.2012,9X-C5W,TS,NN,14.5,132.8,20,1006,308,11,308,11,NaN,NaN,NaN,NaN,NaN,NaN,NaN,NaN,NaN,NaN,DB,NW,B,B,150,1008,NaN,S,45,NaN,
2012062606,c5w.2012,9X-C5W,TS,NN,15.3,131.6,25,1004,311,13,311,13,NaN,NaN,NaN,NaN,NaN,NaN,NaN,NaN,NaN,NaN,TD,NW,B,B,165,1008,NaN,S,45,NaN,
2012062612,07w.2012,DOKSURI,TS,NN,15.1,130.2,25,1004,283,13,283,13,NaN,NaN,NaN,NaN,NaN,NaN,NaN,NaN,NaN,NaN,TD,WN,B,B,220,1006,NaN,S,45,BRS,
2012062618,07w.2012,DOKSURI,TS,NN,15.3,128.8,30,1000,270,14,270,14,NaN,NaN,NaN,NaN,NaN,NaN,NaN,NaN,NaN,NaN,TD,WN,B,B,220,1006,NaN,S,40,SJB,
2012062700,07w.2012,DOKSURI,TS,NN,15.3,127.9,35,996,275,11,275,11,NaN,NaN,NaN,NaN,NaN,NaN,NaN,NaN,NaN,NaN,TS,WN,B,B,220,1006,NaN,S,35,SJB,
2012062706,07w.2012,DOKSURI,TS,NN,16.2,127.8,30,1000,313,7,313,7,NaN,NaN,NaN,NaN,NaN,NaN,NaN,NaN,NaN,NaN,TD,WN,B,B,220,1005,NaN,S,40,BRS,
2012062712,07w.2012,DOKSURI,TS,NN,17.6,127.0,30,1000,339,12,339,12,NaN,NaN,NaN,NaN,NaN,NaN,NaN,NaN,NaN,NaN,TD,WN,B,B,220,1005,NaN,S,45,BRS,
2012062718,07w.2012,DOKSURI,TS,NN,18.0,125.6,30,1000,311,14,311,14,NaN,NaN,NaN,NaN,NaN,NaN,NaN,NaN,NaN,NaN,TD,WN,B,B,220,1005,NaN,S,45,SLF,
2012062800,07w.2012,DOKSURI,TS,NN,19.1,124.8,30,1000,306,13,306,13,NaN,NaN,NaN,NaN,NaN,NaN,NaN,NaN,NaN,NaN,TD,WN,B,B,170,1003,NaN,S,45,CEG,
2012062806,07w.2012,DOKSURI,TS,NN,19.5,123.0,30,1000,301,14,301,14,NaN,NaN,NaN,NaN,NaN,NaN,NaN,NaN,NaN,NaN,TD,WN,B,B,170,1003,NaN,S,45,RCB,
2012062812,07w.2012,DOKSURI,TS,NN,19.9,121.2,35,996,283,17,283,17,60,25,40,95,80,NaN,NaN,NaN,NaN,NaN,TS,WN,B,B,180,1003,NaN,M,45,RCB,
2012062818,07w.2012,DOKSURI,TS,NN,20.2,119.4,35,996,282,17,282,17,66,75,55,60,75,NaN,NaN,NaN,NaN,NaN,TS,WN,B,B,160,1001,NaN,M,40,CEG,
2012062900,07w.2012,DOKSURI,TS,NN,20.6,117.6,35,996,282,17,282,17,66,75,55,60,75,NaN,NaN,NaN,NaN,NaN,TS,WN,B,B,150,1001,NaN,M,40,CEG,
2012062906,07w.2012,DOKSURI,TS,NN,20.9,116.2,40,993,283,15,283,15,61,70,50,55,70,NaN,NaN,NaN,NaN,NaN,TS,WN,B,B,150,1001,NaN,M,40,RCB,
2012062912,07w.2012,DOKSURI,TS,NN,21.6,114.7,40,993,290,14,290,14,61,70,50,55,70,NaN,NaN,NaN,NaN,NaN,TS,WN,B,B,150,1001,NaN,M,40,RCB,
2012062918,07w.2012,DOKSURI,TS,NN,21.9,113.4,40,993,291,14,291,14,62,70,55,55,70,NaN,NaN,NaN,NaN,NaN,TS,WN,B,B,150,1001,0.25,M,40,SJB,
2012063000,07w.2012,DOKSURI,TS,NN,22.2,112.2,30,1000,285,12,285,12,NaN,NaN,NaN,NaN,NaN,NaN,NaN,NaN,NaN,NaN,TD,WN,B,B,150,1002,0.79,S,45,SJB,
2012071218,d1w.2012,9X-D1W,TS,NN,16.4,144.6,15,1010,19,10,19,10,NaN,NaN,NaN,NaN,NaN,NaN,NaN,NaN,NaN,NaN,DB,NW,b,b,NaN,NaN,NaN,NaN,NaN,NaN,
2012071300,d1w.2012,9X-D1W,TS,NN,17.0,144.2,15,1010,19,10,19,10,NaN,NaN,NaN,NaN,NaN,NaN,NaN,NaN,NaN,NaN,DB,NW,b,b,NaN,NaN,NaN,NaN,NaN,NaN,
2012071306,d1w.2012,9X-D1W,TS,NN,18.3,145.3,15,1010,19,10,19,10,NaN,NaN,NaN,NaN,NaN,NaN,NaN,NaN,NaN,NaN,DB,NW,b,b,NaN,NaN,0.01,NaN,NaN,NaN,
2012071312,d1w.2012,9X-D1W,TS,NN,17.0,143.0,15,NaN,270,4,270,6,NaN,NaN,NaN,NaN,NaN,NaN,NaN,NaN,NaN,NaN,NT,NW,c,c,NaN,NaN,NaN,NaN,NaN,NaN,
2012071318,d1w.2012,9X-D1W,TS,NN,18.7,143.8,15,1009,7,4,286,7,NaN,NaN,NaN,NaN,NaN,NaN,NaN,NaN,NaN,NaN,DB,NW,B,B,200,1010,NaN,S,45,NaN,
2012071400,d1w.2012,9X-D1W,TS,NN,19.1,144.0,15,1008,7,4,24,12,NaN,NaN,NaN,NaN,NaN,NaN,NaN,NaN,NaN,NaN,DB,NW,B,B,200,1010,NaN,NaN,45,NaN,
2012071406,d1w.2012,9X-D1W,TS,NN,19.5,143.9,15,1008,7,4,7,4,NaN,NaN,NaN,NaN,NaN,NaN,NaN,NaN,NaN,NaN,DB,NW,B,B,200,1010,NaN,S,45,NaN,
2012071412,d1w.2012,9X-D1W,TS,NN,19.8,143.8,15,1008,345,4,345,4,NaN,NaN,NaN,NaN,NaN,NaN,NaN,NaN,NaN,NaN,DB,NW,B,B,200,1010,NaN,S,45,NaN,
2012071418,d1w.2012,9X-D1W,TS,NN,20.2,143.3,20,1007,321,4,321,4,NaN,NaN,NaN,NaN,NaN,NaN,NaN,NaN,NaN,NaN,DB,NW,B,B,200,1008,NaN,S,45,NaN,
2012071500,d1w.2012,9X-D1W,TS,NN,20.7,142.8,20,1006,314,7,314,7,NaN,NaN,NaN,NaN,NaN,NaN,NaN,NaN,NaN,NaN,DB,NW,B,B,210,1007,NaN,S,45,NaN,
2012071506,d1w.2012,9X-D1W,TS,NN,21.7,141.8,20,1006,317,10,317,10,NaN,NaN,NaN,NaN,NaN,NaN,NaN,NaN,NaN,NaN,DB,NW,B,B,210,1007,NaN,S,45,NaN,
2012071512,08w.2012,KHANUN,TS,NN,22.5,140.1,25,1004,306,15,306,15,NaN,NaN,NaN,NaN,NaN,NaN,NaN,NaN,NaN,NaN,TD,WN,B,B,210,1006,NaN,S,45,SJB,
2012071518,08w.2012,KHANUN,TS,NN,22.9,138.8,25,1004,293,15,293,15,NaN,NaN,NaN,NaN,NaN,NaN,NaN,NaN,NaN,NaN,TD,WN,B,B,210,1007,NaN,S,45,MEK,
2012071600,08w.2012,KHANUN,TS,NN,23.3,137.6,30,1000,289,12,289,12,NaN,NaN,NaN,NaN,NaN,NaN,NaN,NaN,NaN,NaN,TD,WN,B,B,225,1006,NaN,S,40,NaN,
2012071606,08w.2012,KHANUN,TS,NN,24.0,136.1,30,1000,294,14,294,14,NaN,NaN,NaN,NaN,NaN,NaN,NaN,NaN,NaN,NaN,TD,WN,B,B,225,1006,NaN,S,40,SJB,
2012071612,08w.2012,KHANUN,TS,NN,24.9,134.5,35,996,299,16,299,16,NaN,NaN,NaN,NaN,NaN,NaN,NaN,NaN,NaN,NaN,TS,WN,B,B,225,1006,NaN,S,40,SJB,
2012071618,08w.2012,KHANUN,TS,NN,25.6,132.8,40,993,298,17,298,17,45,45,45,45,45,NaN,NaN,NaN,NaN,NaN,TS,WN,B,B,200,1006,NaN,M,40,CEG,
2012071700,08w.2012,KHANUN,TS,NN,26.3,131.1,45,989,295,17,295,17,50,55,45,45,55,NaN,NaN,NaN,NaN,NaN,TS,WN,B,B,210,1007,NaN,M,35,CEG,
2012071706,08w.2012,KHANUN,TS,NN,26.8,129.6,45,989,293,16,293,16,55,60,50,50,60,NaN,NaN,NaN,NaN,NaN,TS,WN,B,B,210,1006,NaN,M,30,SJB,
2012071712,08w.2012,KHANUN,TS,NN,27.7,128.3,50,985,299,14,299,14,55,60,50,50,60,NaN,NaN,NaN,NaN,NaN,TS,WN,B,B,210,1006,0.03,M,30,SJB,
2012071718,08w.2012,KHANUN,TS,NN,28.8,127.4,55,982,316,14,316,14,55,60,50,50,60,NaN,NaN,NaN,NaN,NaN,TS,WN,B,B,180,1004,NaN,M,30,CEG,
2012071800,08w.2012,KHANUN,TS,NN,29.9,126.7,55,982,327,13,327,13,55,60,50,50,60,NaN,NaN,NaN,NaN,NaN,TS,WN,B,B,170,1004,NaN,M,30,CEG,
2012071806,08w.2012,KHANUN,TS,NN,32.0,126.2,55,982,342,17,342,17,55,60,50,50,60,25,25,25,50,25,TS,WN,B,B,170,1004,NaN,M,30,ADL,
2012071812,08w.2012,KHANUN,TS,NN,33.7,126.3,50,985,355,19,355,19,55,60,50,50,60,NaN,NaN,NaN,NaN,NaN,TS,WN,B,B,170,1004,0.18,M,30,ADL,
2012071818,08w.2012,KHANUN,TS,NN,35.6,126.3,40,993,1,18,1,18,54,60,50,50,55,NaN,NaN,NaN,NaN,NaN,TS,WN,B,B,155,1004,0.49,M,30,RCB,
2012071900,08w.2012,KHANUN,TS,NN,37.3,127.2,25,1004,12,18,12,18,NaN,NaN,NaN,NaN,NaN,NaN,NaN,NaN,NaN,NaN,TD,WN,B,B,145,1005,0.82,M,30,RCB,
2012071906,08w.2012,KHANUN,TS,NN,39.3,128.9,25,1004,29,21,29,21,NaN,NaN,NaN,NaN,NaN,NaN,NaN,NaN,NaN,NaN,EX,NW,B,B,145,1008,NaN,NaN,45,NaN,
2012071612,d2w.2012,9X-D2W,TY,NN,16.2,135.7,15,1010,246,8,246,8,NaN,NaN,NaN,NaN,NaN,NaN,NaN,NaN,NaN,NaN,DB,NW,b,b,NaN,NaN,NaN,NaN,NaN,NaN,
2012071618,d2w.2012,9X-D2W,TY,NN,16.2,135.4,15,1010,246,8,246,8,NaN,NaN,NaN,NaN,NaN,NaN,NaN,NaN,NaN,NaN,DB,NW,b,b,NaN,NaN,NaN,NaN,NaN,NaN,
2012071700,d2w.2012,9X-D2W,TY,NN,15.5,134.1,15,1010,246,8,246,8,NaN,NaN,NaN,NaN,NaN,NaN,NaN,NaN,NaN,NaN,DB,NW,b,b,NaN,NaN,NaN,NaN,NaN,NaN,
2012071706,d2w.2012,9X-D2W,TY,NN,16.5,135.1,15,NaN,298,2,316,2,NaN,NaN,NaN,NaN,NaN,NaN,NaN,NaN,NaN,NaN,NT,NW,c,c,NaN,NaN,NaN,NaN,NaN,NaN,
2012071712,d2w.2012,9X-D2W,TY,NN,16.5,133.9,15,NaN,282,5,349,5,NaN,NaN,NaN,NaN,NaN,NaN,NaN,NaN,NaN,NaN,NT,NW,c,c,NaN,NaN,NaN,NaN,NaN,NaN,
2012071718,d2w.2012,9X-D2W,TY,NN,15.5,133.8,15,NaN,270,5,231,8,NaN,NaN,NaN,NaN,NaN,NaN,NaN,NaN,NaN,NaN,NT,NW,c,c,NaN,NaN,NaN,NaN,NaN,NaN,
2012071800,d2w.2012,9X-D2W,TY,NN,16.3,131.9,15,NaN,281,5,264,10,NaN,NaN,NaN,NaN,NaN,NaN,NaN,NaN,NaN,NaN,NT,NW,c,c,NaN,NaN,NaN,NaN,NaN,NaN,
2012071806,d2w.2012,9X-D2W,TY,NN,16.0,131.0,15,1008,280,6,281,14,NaN,NaN,NaN,NaN,NaN,NaN,NaN,NaN,NaN,NaN,DB,NW,C,C,190,1011,NaN,S,45,NaN,
2012071812,d2w.2012,9X-D2W,TY,NN,16.0,129.8,15,1008,275,8,262,10,NaN,NaN,NaN,NaN,NaN,NaN,NaN,NaN,NaN,NaN,DB,NW,C,C,190,1011,NaN,S,45,NaN,
2012071818,d2w.2012,9X-D2W,TY,NN,16.3,128.4,15,1010,275,11,277,13,NaN,NaN,NaN,NaN,NaN,NaN,NaN,NaN,NaN,NaN,DB,NW,C,C,170,1011,NaN,S,45,NaN,
2012071900,d2w.2012,9X-D2W,TY,NN,16.6,126.9,15,1010,280,13,282,14,NaN,NaN,NaN,NaN,NaN,NaN,NaN,NaN,NaN,NaN,DB,NW,C,C,170,1011,NaN,S,45,NaN,
2012071906,d2w.2012,9X-D2W,TY,NN,17.1,126.7,15,1006,290,11,296,9,NaN,NaN,NaN,NaN,NaN,NaN,NaN,NaN,NaN,NaN,DB,NW,C,C,180,1008,NaN,S,50,NaN,
2012071912,d2w.2012,9X-D2W,TY,NN,17.5,126.0,15,1006,300,9,316,6,NaN,NaN,NaN,NaN,NaN,NaN,NaN,NaN,NaN,NaN,DB,NW,C,C,180,1008,NaN,S,50,NaN,
2012071918,d2w.2012,9X-D2W,TY,NN,17.6,124.7,20,1007,290,10,285,10,NaN,NaN,NaN,NaN,NaN,NaN,NaN,NaN,NaN,NaN,DB,NW,C,C,180,1008,NaN,S,50,NaN,
2012072000,d2w.2012,9X-D2W,TY,NN,17.7,125.3,20,1007,295,5,287,3,NaN,NaN,NaN,NaN,NaN,NaN,NaN,NaN,NaN,NaN,DB,NW,C,C,180,1008,NaN,S,50,NaN,
2012072006,d2w.2012,9X-D2W,TY,NN,18.0,123.1,20,1007,320,12,285,8,NaN,NaN,NaN,NaN,NaN,NaN,NaN,NaN,NaN,NaN,DB,NW,B,B,NaN,NaN,NaN,NaN,NaN,NaN,
2012072012,d2w.2012,9X-D2W,TY,NN,19.0,122.4,20,1007,320,12,295,15,NaN,NaN,NaN,NaN,NaN,NaN,NaN,NaN,NaN,NaN,DB,NW,B,B,NaN,NaN,NaN,NaN,NaN,NaN,
2012072018,09w.2012,VICENTE,TY,NN,19.8,121.5,20,1007,320,12,320,12,NaN,NaN,NaN,NaN,NaN,NaN,NaN,NaN,NaN,NaN,DB,WN,B,B,NaN,NaN,0.02,NaN,NaN,NaN,
2012072100,09w.2012,VICENTE,TY,NN,19.9,120.1,25,1000,293,12,293,12,NaN,NaN,NaN,NaN,NaN,NaN,NaN,NaN,NaN,NaN,TD,WN,B,B,170,1002,NaN,S,45,CEG,
2012072106,09w.2012,VICENTE,TY,NN,19.5,118.1,20,1007,265,16,265,16,NaN,NaN,NaN,NaN,NaN,NaN,NaN,NaN,NaN,NaN,DB,WN,B,B,180,1002,NaN,S,45,ADL,
2012072112,09w.2012,VICENTE,TY,NN,19.3,116.9,30,1000,259,15,259,15,NaN,NaN,NaN,NaN,NaN,NaN,NaN,NaN,NaN,NaN,TD,WN,B,B,180,1002,NaN,S,45,ADL,
2012072118,09w.2012,VICENTE,TY,NN,19.2,116.3,40,993,260,9,260,9,28,30,25,25,30,NaN,NaN,NaN,NaN,NaN,TS,WN,B,B,170,999,NaN,M,45,CEG,
2012072200,09w.2012,VICENTE,TY,NN,19.0,115.8,45,989,254,5,254,5,32,35,30,30,35,NaN,NaN,NaN,NaN,NaN,TS,WN,B,B,180,998,NaN,M,35,CEG,
2012072206,09w.2012,VICENTE,TY,NN,19.0,115.4,45,989,257,4,257,4,32,35,30,30,35,NaN,NaN,NaN,NaN,NaN,TS,WN,B,B,180,998,NaN,M,35,ADL,
2012072212,09w.2012,VICENTE,TY,NN,19.1,115.2,45,989,280,3,280,3,32,35,30,30,35,NaN,NaN,NaN,NaN,NaN,TS,WN,B,B,180,998,NaN,M,30,ADL,
2012072218,09w.2012,VICENTE,TY,NN,19.3,115.1,50,985,317,2,317,2,32,35,30,30,35,NaN,NaN,NaN,NaN,NaN,TS,WN,B,B,170,995,NaN,M,30,CEG,
2012072300,09w.2012,VICENTE,TY,NN,19.7,115.2,50,985,360,3,360,3,38,40,35,35,40,18,20,15,35,20,TS,WN,B,B,180,995,NaN,M,20,CEG,
2012072306,09w.2012,VICENTE,TY,NN,20.5,114.8,65,974,347,6,347,6,92,105,90,90,85,40,40,40,90,40,TY,WN,B,B,180,995,NaN,D,25,ADL,
2012072312,09w.2012,VICENTE,TY,NN,21.1,114.2,80,963,326,8,326,8,98,105,90,90,105,40,40,40,90,40,TY,WN,B,B,157,995,NaN,D,15,SJB,
2012072318,09w.2012,VICENTE,TY,NN,21.7,113.3,115,937,311,9,311,9,102,110,95,95,110,50,50,50,95,50,TY,WN,B,B,160,995,0.01,D,15,SJB,
2012072400,09w.2012,VICENTE,TY,NN,22.3,112.3,85,959,304,11,304,11,102,110,95,95,110,50,50,50,95,50,TY,WN,B,B,160,995,0.98,D,15,SJB,
2012072406,09w.2012,VICENTE,TY,NN,23.0,110.5,60,978,297,14,297,14,102,110,95,95,110,50,50,50,95,50,TS,NW,B,B,160,995,0.98,D,15,NaN,
2012072412,09w.2012,VICENTE,TY,NN,23.4,108.9,45,989,289,17,289,17,102,110,95,95,110,NaN,NaN,NaN,NaN,NaN,TS,NW,B,B,NaN,NaN,0.98,NaN,NaN,NaN,
2012072418,09w.2012,VICENTE,TY,NN,23.7,107.2,45,989,283,16,283,16,102,110,95,95,110,NaN,NaN,NaN,NaN,NaN,TS,NW,B,B,NaN,NaN,0.99,NaN,NaN,NaN,
2012072500,09w.2012,VICENTE,TY,NN,23.8,105.2,20,1007,277,17,277,17,NaN,NaN,NaN,NaN,NaN,NaN,NaN,NaN,NaN,NaN,DB,NW,B,B,NaN,NaN,0.99,NaN,NaN,NaN,
2012072700,d3w.2012,9X-D3W,TY,NN,12.3,128.8,20,1007,289,6,289,6,NaN,NaN,NaN,NaN,NaN,NaN,NaN,NaN,NaN,NaN,DB,NW,B,B,200,1009,NaN,S,45,NaN,
2012072706,d3w.2012,9X-D3W,TY,NN,12.4,128.3,20,1007,289,6,289,6,NaN,NaN,NaN,NaN,NaN,NaN,NaN,NaN,NaN,NaN,DB,NW,B,B,180,1009,NaN,S,45,NaN,
2012072712,d3w.2012,9X-D3W,TY,NN,12.7,127.6,20,1007,289,6,289,6,NaN,NaN,NaN,NaN,NaN,NaN,NaN,NaN,NaN,NaN,DB,NW,B,B,180,1009,NaN,S,45,NaN,
2012072718,d3w.2012,9X-D3W,TY,NN,13.6,127.3,25,1004,321,8,321,8,NaN,NaN,NaN,NaN,NaN,NaN,NaN,NaN,NaN,NaN,TD,NW,B,B,180,1005,NaN,S,45,NaN,
2012072800,10w.2012,SAOLA,TY,NN,14.5,127.0,30,1000,342,9,342,9,NaN,NaN,NaN,NaN,NaN,NaN,NaN,NaN,NaN,NaN,TD,WN,B,B,190,1005,NaN,S,40,BRS,
2012072806,10w.2012,SAOLA,TY,NN,15.4,126.6,30,1000,339,10,339,10,NaN,NaN,NaN,NaN,NaN,NaN,NaN,NaN,NaN,NaN,TD,WN,B,B,200,1005,NaN,S,40,RCB,
2012072812,10w.2012,SAOLA,TY,NN,16.2,126.3,30,1000,338,9,338,9,NaN,NaN,NaN,NaN,NaN,NaN,NaN,NaN,NaN,NaN,TD,WN,B,B,205,1005,NaN,S,25,NaN,
2012072818,10w.2012,SAOLA,TY,NN,17.0,126.1,35,996,343,8,343,8,NaN,NaN,NaN,NaN,NaN,NaN,NaN,NaN,NaN,NaN,TS,NW,B,B,205,1004,NaN,M,30,NaN,
2012072900,10w.2012,SAOLA,TY,NN,17.8,126.0,35,996,350,8,350,8,45,45,45,45,45,NaN,NaN,NaN,NaN,NaN,TS,NW,B,B,210,1001,NaN,M,30,NaN,
2012072906,10w.2012,SAOLA,TY,NN,18.4,125.8,45,989,348,7,348,7,45,45,45,45,45,NaN,NaN,NaN,NaN,NaN,TS,NW,B,B,210,1001,NaN,M,30,NaN,
2012072912,10w.2012,SAOLA,TY,NN,18.6,125.3,50,985,320,5,320,5,60,65,55,55,65,NaN,NaN,NaN,NaN,NaN,TS,WN,B,B,97,1001,NaN,M,35,ADL,
2012072918,10w.2012,SAOLA,TY,NN,19.1,124.9,55,982,309,6,309,6,60,65,55,55,65,35,35,35,55,35,TS,WN,B,B,210,1001,NaN,M,30,SJB,
2012073000,10w.2012,SAOLA,TY,NN,19.7,125.0,55,982,346,6,346,6,60,65,55,55,65,15,15,15,55,15,TS,WN,B,B,210,1001,NaN,M,30,SJB,
2012073006,10w.2012,SAOLA,TY,NN,20.1,124.9,55,982,360,5,360,5,65,70,60,60,70,20,20,20,60,20,TS,WN,B,B,225,1001,NaN,D,30,RCB,
2012073012,10w.2012,SAOLA,TY,NN,20.5,124.7,60,978,341,4,341,4,65,70,60,60,70,38,40,35,60,40,TS,WN,B,B,225,1001,NaN,D,30,RCB,
2012073018,10w.2012,SAOLA,TY,NN,20.4,124.3,60,978,298,3,298,3,65,70,60,60,70,38,40,35,60,40,TS,WN,B,B,220,1001,NaN,D,30,ADL,
2012073100,10w.2012,SAOLA,TY,NN,20.6,124.3,60,978,285,2,285,2,104,90,105,95,125,38,40,35,95,40,TS,WN,B,B,220,1001,NaN,D,30,ADL,
2012073106,10w.2012,SAOLA,TY,NN,21.2,124.5,65,974,13,4,13,4,90,90,100,85,85,38,40,35,85,40,TY,WN,B,B,150,991,NaN,D,30,CEG,
2012073112,10w.2012,SAOLA,TY,NN,21.8,124.1,65,974,351,6,351,6,90,90,100,85,85,38,40,35,85,40,TY,WN,B,B,150,991,NaN,D,30,CEG,
2012073118,10w.2012,SAOLA,TY,NN,22.3,123.8,75,967,329,6,329,6,136,140,135,130,140,61,60,65,130,55,TY,WN,B,B,200,991,NaN,D,30,ADL,
2012080100,10w.2012,SAOLA,TY,NN,22.8,123.6,85,959,335,6,335,6,136,140,135,130,140,61,60,65,130,55,TY,WN,B,B,200,991,NaN,D,25,ADL,
2012080106,10w.2012,SAOLA,TY,NN,23.5,123.4,90,956,343,6,343,6,136,140,135,130,140,61,60,65,130,55,TY,WN,B,B,190,991,NaN,D,20,CEG,
2012080112,10w.2012,SAOLA,TY,NN,24.0,122.9,90,956,332,7,332,7,136,140,135,130,140,61,60,65,130,55,TY,WN,B,B,150,988,NaN,D,15,CEG,
2012080118,10w.2012,SAOLA,TY,NN,24.3,122.0,90,956,302,8,302,8,135,140,130,130,140,70,70,70,130,70,TY,WN,B,B,180,998,0.28,D,15,SJB,
2012080200,10w.2012,SAOLA,TY,NN,24.1,121.9,65,974,276,5,276,5,135,140,130,130,140,70,70,70,130,70,TY,WN,B,B,190,998,0.13,D,15,SJB,
2012080206,10w.2012,SAOLA,TY,NN,24.9,122.0,45,989,360,3,360,3,135,140,130,130,140,NaN,NaN,NaN,NaN,NaN,TS,WN,B,B,170,998,0.25,M,15,RCB,
2012080212,10w.2012,SAOLA,TY,NN,25.5,121.3,45,989,339,8,339,8,42,45,40,40,45,NaN,NaN,NaN,NaN,NaN,TS,WN,B,B,170,998,0.15,M,15,RCB,
2012080218,10w.2012,SAOLA,TY,NN,26.2,120.6,45,989,316,9,316,9,42,45,40,40,45,NaN,NaN,NaN,NaN,NaN,TS,WN,B,B,170,1000,NaN,M,25,SJB,
2012080300,10w.2012,SAOLA,TY,NN,26.6,119.7,35,996,307,9,307,9,42,45,40,40,45,NaN,NaN,NaN,NaN,NaN,TS,WN,B,B,170,1002,0.71,M,25,SJB,
2012080306,10w.2012,SAOLA,TY,NN,26.9,118.6,25,1004,291,10,291,10,NaN,NaN,NaN,NaN,NaN,NaN,NaN,NaN,NaN,NaN,TD,NW,B,B,120,1008,0.98,S,15,NaN,
2012080312,10w.2012,SAOLA,TY,NN,27.3,117.6,20,1007,291,10,291,10,NaN,NaN,NaN,NaN,NaN,NaN,NaN,NaN,NaN,NaN,TD,NW,B,B,NaN,NaN,0.99,NaN,NaN,NaN,
2012072700,d5w.2012,9X-D5W,TY,NN,22.5,148.4,15,NaN,351,3,352,16,NaN,NaN,NaN,NaN,NaN,NaN,NaN,NaN,NaN,NaN,NT,NW,c,c,NaN,NaN,NaN,NaN,NaN,NaN,
2012072706,d5w.2012,9X-D5W,TY,NN,24.3,147.8,15,1010,345,8,352,16,NaN,NaN,NaN,NaN,NaN,NaN,NaN,NaN,NaN,NaN,DB,NW,C,C,150,1011,NaN,S,15,NaN,
2012072712,d5w.2012,9X-D5W,TY,NN,25.6,147.9,20,1007,356,9,352,16,NaN,NaN,NaN,NaN,NaN,NaN,NaN,NaN,NaN,NaN,DB,NW,C,C,160,1011,NaN,S,15,NaN,
2012072718,d5w.2012,9X-D5W,TY,NN,26.5,147.0,20,1007,345,11,342,12,NaN,NaN,NaN,NaN,NaN,NaN,NaN,NaN,NaN,NaN,DB,NW,C,C,160,1009,NaN,S,40,NaN,
2012072800,d5w.2012,9X-D5W,TY,NN,25.8,146.5,20,1007,320,6,279,6,NaN,NaN,NaN,NaN,NaN,NaN,NaN,NaN,NaN,NaN,DB,NW,C,C,160,1009,NaN,S,40,NaN,
2012072806,d5w.2012,9X-D5W,TY,NN,25.9,146.5,20,1007,254,2,217,4,NaN,NaN,NaN,NaN,NaN,NaN,NaN,NaN,NaN,NaN,TD,NW,B,B,160,1009,NaN,S,40,NaN,
2012072812,d5w.2012,9X-D5W,TY,NN,25.8,146.3,25,1004,254,2,270,1,NaN,NaN,NaN,NaN,NaN,NaN,NaN,NaN,NaN,NaN,TD,NW,B,B,160,1009,NaN,S,40,NaN,
2012072818,11w.2012,DAMREY,TY,NN,25.8,146.1,25,1004,254,2,254,2,NaN,NaN,NaN,NaN,NaN,NaN,NaN,NaN,NaN,NaN,TD,WN,B,B,160,1006,NaN,S,40,SJB,
2012072900,11w.2012,DAMREY,TY,NN,25.8,145.9,25,1004,270,2,270,2,NaN,NaN,NaN,NaN,NaN,NaN,NaN,NaN,NaN,NaN,TD,WN,B,B,160,1005,NaN,S,40,SJB,
2012072906,11w.2012,DAMREY,TY,NN,25.7,145.7,30,1000,254,2,254,2,NaN,NaN,NaN,NaN,NaN,NaN,NaN,NaN,NaN,NaN,TD,WN,B,B,160,1005,NaN,S,40,ADL,
2012072912,11w.2012,DAMREY,TY,NN,25.5,145.6,35,996,222,2,222,2,NaN,NaN,NaN,NaN,NaN,NaN,NaN,NaN,NaN,NaN,TS,WN,B,B,170,1005,NaN,S,35,ADL,
2012072918,11w.2012,DAMREY,TY,NN,25.5,145.4,35,996,234,2,234,2,NaN,NaN,NaN,NaN,NaN,NaN,NaN,NaN,NaN,NaN,TS,WN,B,B,170,1005,NaN,M,35,JDC,
2012073000,11w.2012,DAMREY,TY,NN,25.5,145.1,35,996,270,2,270,2,NaN,NaN,NaN,NaN,NaN,NaN,NaN,NaN,NaN,NaN,TS,WN,B,B,170,1005,NaN,M,45,JDC,
2012073006,11w.2012,DAMREY,TY,NN,25.8,144.7,40,993,295,3,295,3,48,45,45,50,50,NaN,NaN,NaN,NaN,NaN,TS,WN,B,B,175,1005,NaN,M,45,RCB,
2012073012,11w.2012,DAMREY,TY,NN,26.6,143.7,40,993,311,8,311,8,48,45,45,50,50,NaN,NaN,NaN,NaN,NaN,TS,WN,B,B,175,1005,NaN,M,45,RCB,
2012073018,11w.2012,DAMREY,TY,NN,27.5,142.3,45,989,308,14,308,14,48,45,45,50,50,NaN,NaN,NaN,NaN,NaN,TS,WN,B,B,175,1005,NaN,M,35,ADL,
2012073100,11w.2012,DAMREY,TY,NN,28.1,140.6,45,989,299,16,299,16,48,45,45,50,50,NaN,NaN,NaN,NaN,NaN,TS,WN,B,B,175,1005,NaN,M,35,ADL,
2012073106,11w.2012,DAMREY,TY,NN,28.7,138.9,45,989,292,16,292,16,75,90,60,60,90,NaN,NaN,NaN,NaN,NaN,TS,WN,B,B,165,999,NaN,M,30,CEG,
2012073112,11w.2012,DAMREY,TY,NN,29.1,137.0,50,985,288,17,288,17,80,90,70,70,90,NaN,NaN,NaN,NaN,NaN,TS,WN,B,B,165,999,NaN,M,30,CEG,
2012073118,11w.2012,DAMREY,TY,NN,29.6,134.9,55,982,284,18,284,18,80,90,70,70,90,20,20,20,70,20,TS,WN,B,B,165,999,NaN,M,20,ADL,
2012080100,11w.2012,DAMREY,TY,NN,30.1,132.7,60,978,285,19,285,19,102,120,85,85,120,25,25,25,85,25,TS,WN,B,B,165,999,NaN,M,20,ADL,
2012080106,11w.2012,DAMREY,TY,NN,30.4,130.7,60,978,282,19,282,19,102,120,85,85,120,25,25,25,85,25,TS,WN,B,B,165,999,0.08,D,25,CEG,
2012080112,11w.2012,DAMREY,TY,NN,31.0,128.9,65,974,285,17,285,17,102,120,85,85,120,25,25,25,85,25,TY,WN,B,B,150,997,NaN,D,25,CEG,
2012080118,11w.2012,DAMREY,TY,NN,31.8,126.7,70,970,292,19,292,19,102,120,85,85,120,30,30,30,85,30,TY,WN,B,B,150,997,NaN,D,20,SJB,
2012080200,11w.2012,DAMREY,TY,NN,32.7,124.4,80,963,294,21,294,21,102,120,85,85,120,30,30,30,85,30,TY,WN,B,B,150,997,NaN,D,20,SJB,
2012080206,11w.2012,DAMREY,TY,NN,33.8,122.1,75,967,297,22,297,22,104,110,90,90,125,32,30,30,90,35,TY,WN,B,B,190,997,NaN,D,20,RCB,
2012080212,11w.2012,DAMREY,TY,NN,34.5,120.4,70,970,298,19,298,19,92,90,70,100,110,25,25,25,100,25,TY,WN,B,B,185,997,0.10,D,20,RCB,
2012080218,11w.2012,DAMREY,TY,NN,35.1,119.3,55,982,299,13,299,13,92,90,70,100,110,25,25,25,100,25,TS,WN,B,B,185,998,0.38,M,25,SJB,
2012080300,11w.2012,DAMREY,TY,NN,35.8,118.5,50,985,310,10,310,10,92,90,70,100,110,NaN,NaN,NaN,NaN,NaN,TS,NW,B,B,NaN,NaN,0.98,NaN,NaN,NaN,
2012080306,11w.2012,DAMREY,TY,NN,36.4,116.9,55,NaN,307,12,304,12,NaN,NaN,NaN,NaN,NaN,NaN,NaN,NaN,NaN,NaN,TW,NW,c,c,NaN,NaN,0.97,NaN,NaN,NaN,
2012073100,d9w.2012,9X-D9W,TY,NN,20.2,146.7,15,1010,338,11,338,11,NaN,NaN,NaN,NaN,NaN,NaN,NaN,NaN,NaN,NaN,DB,NW,b,b,NaN,NaN,NaN,NaN,NaN,NaN,
2012073106,d9w.2012,9X-D9W,TY,NN,22.3,145.9,15,1010,338,11,338,11,NaN,NaN,NaN,NaN,NaN,NaN,NaN,NaN,NaN,NaN,DB,NW,b,b,NaN,NaN,NaN,NaN,NaN,NaN,
2012073112,d9w.2012,9X-D9W,TY,NN,22.3,145.8,15,1010,338,11,338,11,NaN,NaN,NaN,NaN,NaN,NaN,NaN,NaN,NaN,NaN,DB,NW,b,b,NaN,NaN,NaN,NaN,NaN,NaN,
2012073118,d9w.2012,9X-D9W,TY,NN,20.1,145.4,15,NaN,263,4,192,11,NaN,NaN,NaN,NaN,NaN,NaN,NaN,NaN,NaN,NaN,NT,NW,c,c,NaN,NaN,NaN,NaN,NaN,NaN,
2012080100,d9w.2012,9X-D9W,TY,NN,22.3,145.6,15,NaN,270,1,270,1,NaN,NaN,NaN,NaN,NaN,NaN,NaN,NaN,NaN,NaN,NT,NW,c,c,NaN,NaN,NaN,NaN,NaN,NaN,
2012080106,d9w.2012,9X-D9W,TY,NN,22.3,145.5,15,NaN,270,1,2,11,NaN,NaN,NaN,NaN,NaN,NaN,NaN,NaN,NaN,NaN,NT,NW,c,c,NaN,NaN,NaN,NaN,NaN,NaN,
2012080112,d9w.2012,9X-D9W,TY,NN,23.2,145.9,15,1010,273,10,17,5,NaN,NaN,NaN,NaN,NaN,NaN,NaN,NaN,NaN,NaN,DB,NW,B,B,NaN,NaN,NaN,NaN,NaN,NaN,
2012080118,d9w.2012,9X-D9W,TY,NN,23.7,144.8,20,1002,273,10,335,8,NaN,NaN,NaN,NaN,NaN,NaN,NaN,NaN,NaN,NaN,DB,NW,B,B,150,1004,NaN,S,45,NaN,
2012080200,d9w.2012,9X-D9W,TY,NN,23.3,143.8,20,1002,273,10,273,10,NaN,NaN,NaN,NaN,NaN,NaN,NaN,NaN,NaN,NaN,DB,NW,B,B,150,1004,NaN,S,45,NaN,
2012080206,d9w.2012,9X-D9W,TY,NN,22.7,143.1,20,1007,237,9,237,9,NaN,NaN,NaN,NaN,NaN,NaN,NaN,NaN,NaN,NaN,DB,NW,B,B,150,1008,NaN,S,45,NaN,
2012080212,d9w.2012,9X-D9W,TY,NN,23.1,142.2,20,1007,262,7,262,7,NaN,NaN,NaN,NaN,NaN,NaN,NaN,NaN,NaN,NaN,DB,NW,B,B,150,1008,NaN,S,45,NaN,
2012080218,12w.2012,HAIKUI,TY,NN,23.5,141.3,25,1004,296,9,296,9,NaN,NaN,NaN,NaN,NaN,NaN,NaN,NaN,NaN,NaN,TD,WN,B,B,160,1000,NaN,S,45,SJB,
2012080300,12w.2012,HAIKUI,TY,NN,23.8,140.4,25,1004,293,9,293,9,NaN,NaN,NaN,NaN,NaN,NaN,NaN,NaN,NaN,NaN,TD,WN,B,B,240,998,NaN,S,45,SJB,
2012080306,12w.2012,HAIKUI,TY,NN,24.4,139.7,30,994,302,9,302,9,NaN,NaN,NaN,NaN,NaN,NaN,NaN,NaN,NaN,NaN,TD,WN,B,B,240,998,NaN,S,45,RCB,
2012080312,12w.2012,HAIKUI,TY,NN,24.7,138.4,30,994,296,10,296,10,NaN,NaN,NaN,NaN,NaN,NaN,NaN,NaN,NaN,NaN,TD,WN,B,B,240,998,NaN,S,45,RCB,
2012080318,12w.2012,HAIKUI,TY,NN,25.0,136.4,30,994,281,15,281,15,NaN,NaN,NaN,NaN,NaN,NaN,NaN,NaN,NaN,NaN,TD,WN,B,B,240,998,NaN,S,45,ADL,
2012080400,12w.2012,HAIKUI,TY,NN,24.8,134.3,30,1000,272,19,272,19,NaN,NaN,NaN,NaN,NaN,NaN,NaN,NaN,NaN,NaN,TD,WN,B,B,240,994,NaN,S,40,ADL,
2012080406,12w.2012,HAIKUI,TY,NN,25.5,132.8,35,996,279,16,279,16,NaN,NaN,NaN,NaN,NaN,NaN,NaN,NaN,NaN,NaN,TS,WN,B,B,230,997,NaN,M,40,CEG,
2012080412,12w.2012,HAIKUI,TY,NN,26.0,131.3,45,989,294,15,294,15,62,75,50,50,75,NaN,NaN,NaN,NaN,NaN,TS,WN,B,B,180,997,NaN,M,40,CEG,
2012080418,12w.2012,HAIKUI,TY,NN,26.5,130.2,45,987,293,13,293,13,62,75,50,50,75,NaN,NaN,NaN,NaN,NaN,TS,WN,B,B,245,1000,NaN,M,35,ADL,
2012080500,12w.2012,HAIKUI,TY,NN,26.8,129.2,45,987,293,10,293,10,68,75,60,60,75,NaN,NaN,NaN,NaN,NaN,TS,WN,B,B,240,1000,NaN,M,35,ADL,
2012080506,12w.2012,HAIKUI,TY,NN,27.3,128.4,50,985,296,9,296,9,78,80,70,75,85,25,25,25,75,25,TS,WN,B,B,240,1000,0.03,M,25,RCB,
2012080512,12w.2012,HAIKUI,TY,NN,27.4,127.3,55,982,290,9,290,9,78,80,70,75,85,25,25,25,75,25,TS,WN,B,B,240,1000,NaN,M,25,RCB,
2012080518,12w.2012,HAIKUI,TY,NN,27.1,126.6,60,978,263,8,263,8,80,75,80,80,85,35,35,35,80,35,TS,WN,B,B,220,997,NaN,M,20,ADL,
2012080600,12w.2012,HAIKUI,TY,NN,27.3,126.0,60,978,265,6,265,6,80,75,80,80,85,35,35,35,80,35,TS,WN,B,B,220,997,NaN,M,20,ADL,
2012080606,12w.2012,HAIKUI,TY,NN,27.4,125.4,60,978,286,6,286,6,80,75,80,80,85,35,35,35,80,35,TS,WN,B,B,210,997,NaN,M,25,CEG,
2012080612,12w.2012,HAIKUI,TY,NN,27.3,124.9,65,974,270,5,270,5,80,75,80,80,85,30,30,30,80,30,TY,WN,B,B,190,996,NaN,D,25,CEG,
2012080618,12w.2012,HAIKUI,TY,NN,27.2,124.4,65,974,257,5,257,5,80,75,80,80,85,30,30,30,80,30,TY,WN,B,B,190,996,NaN,D,30,SJB,
2012080700,12w.2012,HAIKUI,TY,NN,27.3,123.9,65,974,270,4,270,4,80,75,80,80,85,30,30,30,80,30,TY,WN,B,B,180,997,NaN,D,30,SJB,
2012080706,12w.2012,HAIKUI,TY,NN,27.8,123.5,65,974,307,5,307,5,95,100,90,90,100,40,40,40,90,40,TY,WN,B,B,180,997,NaN,D,35,BRS,
2012080712,12w.2012,HAIKUI,TY,NN,28.3,123.0,65,974,321,6,321,6,85,90,80,80,90,30,30,30,80,30,TY,WN,B,B,180,997,NaN,D,30,RCB,
2012080718,12w.2012,HAIKUI,TY,NN,29.0,122.3,65,974,319,8,319,8,85,90,80,80,90,30,30,30,80,30,TY,WN,B,B,180,997,NaN,D,30,SJB,
2012080800,12w.2012,HAIKUI,TY,NN,29.5,121.4,60,978,311,9,311,9,85,90,80,80,90,30,30,30,80,30,TS,WN,B,B,180,999,0.79,M,30,SJB,
2012080806,12w.2012,HAIKUI,TY,NN,30.0,120.5,45,989,303,9,303,9,85,90,80,80,90,NaN,NaN,NaN,NaN,NaN,TS,NW,B,B,170,996,0.85,M,45,NaN,
2012080812,12w.2012,HAIKUI,TY,NN,30.5,119.5,35,996,301,10,301,10,85,90,80,80,90,NaN,NaN,NaN,NaN,NaN,TS,NW,B,B,170,996,0.99,M,45,NaN,
2012080818,12w.2012,HAIKUI,TY,NN,30.7,118.4,35,996,291,10,291,10,85,90,80,80,90,NaN,NaN,NaN,NaN,NaN,TS,NW,B,B,170,998,0.99,M,45,NaN,
2012080900,12w.2012,HAIKUI,TY,NN,30.7,117.7,30,1000,277,8,277,8,NaN,NaN,NaN,NaN,NaN,NaN,NaN,NaN,NaN,NaN,TD,NW,B,B,170,998,0.89,NaN,45,NaN,
2012080906,12w.2012,HAIKUI,TY,NN,30.7,117.1,30,1000,270,6,270,6,NaN,NaN,NaN,NaN,NaN,NaN,NaN,NaN,NaN,NaN,TD,NW,B,B,180,998,0.84,S,45,NaN,
2012080912,12w.2012,HAIKUI,TY,NN,30.7,117.0,25,994,270,3,270,3,NaN,NaN,NaN,NaN,NaN,NaN,NaN,NaN,NaN,NaN,TD,NW,B,B,180,998,0.84,S,50,NaN,
2012080918,12w.2012,HAIKUI,TY,NN,30.5,116.9,20,1007,221,1,221,1,NaN,NaN,NaN,NaN,NaN,NaN,NaN,NaN,NaN,NaN,TD,NW,B,B,180,1005,0.84,S,50,NaN,
2012081000,12w.2012,HAIKUI,TY,NN,30.3,117.0,25,1004,180,2,180,2,NaN,NaN,NaN,NaN,NaN,NaN,NaN,NaN,NaN,NaN,TD,NW,C,C,180,1005,0.84,S,50,NaN,
2012081006,12w.2012,HAIKUI,TY,NN,30.5,117.1,15,997,150,1,90,1,NaN,NaN,NaN,NaN,NaN,NaN,NaN,NaN,NaN,NaN,TD,NW,C,C,280,1002,0.84,S,50,NaN,
2012080118,e0w.2012,9X-E0W,TS,NN,23.0,160.5,15,1010,305,10,305,10,NaN,NaN,NaN,NaN,NaN,NaN,NaN,NaN,NaN,NaN,DB,NW,b,b,NaN,NaN,NaN,NaN,NaN,NaN,
2012080200,e0w.2012,9X-E0W,TS,NN,24.1,158.4,15,1010,305,10,305,10,NaN,NaN,NaN,NaN,NaN,NaN,NaN,NaN,NaN,NaN,DB,NW,b,b,NaN,NaN,NaN,NaN,NaN,NaN,
2012080206,e0w.2012,9X-E0W,TS,NN,24.1,158.8,15,1010,305,10,305,10,NaN,NaN,NaN,NaN,NaN,NaN,NaN,NaN,NaN,NaN,DB,NW,b,b,NaN,NaN,NaN,NaN,NaN,NaN,
2012080212,e0w.2012,9X-E0W,TS,NN,23.0,158.0,15,NaN,270,7,198,6,NaN,NaN,NaN,NaN,NaN,NaN,NaN,NaN,NaN,NaN,NT,NW,c,c,NaN,NaN,NaN,NaN,NaN,NaN,
2012080218,e0w.2012,9X-E0W,TS,NN,24.1,159.8,15,NaN,270,7,90,5,NaN,NaN,NaN,NaN,NaN,NaN,NaN,NaN,NaN,NaN,NT,NW,c,c,NaN,NaN,NaN,NaN,NaN,NaN,
2012080300,e0w.2012,9X-E0W,TS,NN,24.2,160.3,20,1004,270,6,60,12,NaN,NaN,NaN,NaN,NaN,NaN,NaN,NaN,NaN,NaN,DB,NW,C,C,160,1006,NaN,S,45,NaN,
2012080306,e0w.2012,9X-E0W,TS,NN,24.1,160.9,20,1007,265,5,90,5,NaN,NaN,NaN,NaN,NaN,NaN,NaN,NaN,NaN,NaN,DB,NW,C,C,160,1008,NaN,S,45,NaN,
2012080312,e0w.2012,9X-E0W,TS,NN,23.9,161.9,20,NaN,98,7,102,7,NaN,NaN,NaN,NaN,NaN,NaN,NaN,NaN,NaN,NaN,NT,NW,c,c,NaN,NaN,NaN,NaN,NaN,NaN,
2012080318,e0w.2012,9X-E0W,TS,NN,23.6,162.3,20,1007,105,6,111,7,NaN,NaN,NaN,NaN,NaN,NaN,NaN,NaN,NaN,NaN,DB,NW,C,C,160,1008,NaN,S,45,NaN,
2012080400,e0w.2012,9X-E0W,TS,NN,23.2,162.6,15,1010,350,3,137,5,NaN,NaN,NaN,NaN,NaN,NaN,NaN,NaN,NaN,NaN,DB,NW,B,B,NaN,NaN,NaN,NaN,NaN,NaN,
2012080406,e0w.2012,9X-E0W,TS,NN,23.4,163.0,20,1007,350,3,107,3,NaN,NaN,NaN,NaN,NaN,NaN,NaN,NaN,NaN,NaN,DB,NW,B,B,NaN,NaN,NaN,NaN,NaN,NaN,
2012080412,e0w.2012,9X-E0W,TS,NN,23.7,162.5,20,1007,350,3,350,3,NaN,NaN,NaN,NaN,NaN,NaN,NaN,NaN,NaN,NaN,DB,NW,B,B,NaN,NaN,NaN,NaN,NaN,NaN,
2012080418,13w.2012,KIROGI,TS,NN,23.6,161.9,25,1004,281,5,281,5,NaN,NaN,NaN,NaN,NaN,NaN,NaN,NaN,NaN,NaN,TD,WN,B,B,NaN,NaN,NaN,NaN,NaN,NaN,
2012080500,13w.2012,KIROGI,TS,NN,22.9,161.6,30,1000,226,6,226,6,NaN,NaN,NaN,NaN,NaN,NaN,NaN,NaN,NaN,NaN,TD,WN,B,B,NaN,NaN,NaN,NaN,NaN,NaN,
2012080506,13w.2012,KIROGI,TS,NN,23.5,162.1,30,1000,119,1,119,1,NaN,NaN,NaN,NaN,NaN,NaN,NaN,NaN,NaN,NaN,TD,WN,B,B,NaN,NaN,NaN,NaN,NaN,NaN,
2012080512,13w.2012,KIROGI,TS,NN,24.2,162.5,30,1000,32,8,32,8,NaN,NaN,NaN,NaN,NaN,NaN,NaN,NaN,NaN,NaN,TD,WN,B,B,250,1007,NaN,S,30,RCB,
2012080518,13w.2012,KIROGI,TS,NN,25.2,162.4,35,996,9,9,9,9,NaN,NaN,NaN,NaN,NaN,NaN,NaN,NaN,NaN,NaN,TS,WN,B,B,240,1007,NaN,S,30,ADL,
2012080600,13w.2012,KIROGI,TS,NN,25.8,162.5,30,1000,360,8,360,8,NaN,NaN,NaN,NaN,NaN,NaN,NaN,NaN,NaN,NaN,TD,WN,B,B,240,1007,NaN,S,30,ADL,
2012080606,13w.2012,KIROGI,TS,NN,26.6,163.0,35,996,21,8,21,8,26,30,25,25,25,NaN,NaN,NaN,NaN,NaN,TS,WN,B,B,260,1007,NaN,M,40,CEG,
2012080612,13w.2012,KIROGI,TS,NN,27.5,162.8,35,996,9,9,9,9,59,65,55,55,60,NaN,NaN,NaN,NaN,NaN,TS,WN,B,B,97,1004,NaN,M,30,CEG,
2012080618,13w.2012,KIROGI,TS,NN,28.4,162.3,35,996,341,10,341,10,59,65,55,55,60,NaN,NaN,NaN,NaN,NaN,TS,WN,B,B,150,1004,NaN,M,50,SJB,
2012080700,13w.2012,KIROGI,TS,NN,29.0,161.9,35,996,332,8,332,8,59,65,55,55,60,NaN,NaN,NaN,NaN,NaN,TS,WN,B,B,150,1004,NaN,M,50,SJB,
2012080706,13w.2012,KIROGI,TS,NN,29.6,161.3,35,996,324,7,324,7,62,65,60,60,65,NaN,NaN,NaN,NaN,NaN,TS,WN,B,B,165,1004,NaN,M,50,BRS,
2012080712,13w.2012,KIROGI,TS,NN,30.2,160.7,35,996,319,8,319,8,62,65,60,60,65,NaN,NaN,NaN,NaN,NaN,TS,WN,B,B,165,1004,NaN,M,50,RCB,
2012080718,13w.2012,KIROGI,TS,NN,30.9,160.2,35,996,324,8,324,8,62,65,60,60,65,NaN,NaN,NaN,NaN,NaN,TS,WN,B,B,165,1004,NaN,M,50,NaN,
2012080800,13w.2012,KIROGI,TS,NN,31.6,159.4,40,993,321,9,321,9,75,80,70,70,80,NaN,NaN,NaN,NaN,NaN,TS,WN,B,B,180,1005,NaN,M,60,SJB,
2012080806,13w.2012,KIROGI,TS,NN,31.9,158.2,40,993,300,10,300,10,65,70,60,60,70,NaN,NaN,NaN,NaN,NaN,TS,WN,B,B,210,1005,NaN,M,60,CEG,
2012080812,13w.2012,KIROGI,TS,NN,32.7,157.2,35,996,301,11,301,11,65,70,60,60,70,NaN,NaN,NaN,NaN,NaN,TS,WN,B,B,190,1005,NaN,M,60,CEG,
2012080818,13w.2012,KIROGI,TS,NN,33.6,156.3,35,996,317,12,317,12,65,70,60,60,70,NaN,NaN,NaN,NaN,NaN,TS,WN,B,B,190,1005,NaN,M,60,JMN,
2012080900,13w.2012,KIROGI,TS,NN,34.6,155.2,35,996,319,13,319,13,65,70,60,60,70,NaN,NaN,NaN,NaN,NaN,TS,WN,B,B,190,1005,NaN,S,50,ADL,
2012080906,13w.2012,KIROGI,TS,NN,36.0,154.0,40,993,322,15,322,15,65,70,60,60,70,NaN,NaN,NaN,NaN,NaN,TS,WN,B,B,175,1005,NaN,M,50,CEG,
2012080912,13w.2012,KIROGI,TS,NN,37.4,152.8,45,989,325,17,325,17,65,70,60,60,70,NaN,NaN,NaN,NaN,NaN,TS,WN,B,B,165,1005,NaN,M,50,CEG,
2012080918,13w.2012,KIROGI,TS,NN,39.5,151.3,45,989,329,20,329,20,60,80,50,40,70,NaN,NaN,NaN,NaN,NaN,TS,WN,B,B,120,1005,NaN,M,60,JMN,
2012081000,13w.2012,KIROGI,TS,NN,41.9,149.4,45,989,330,26,330,26,60,80,50,40,70,NaN,NaN,NaN,NaN,NaN,TS,NW,B,B,120,1005,NaN,M,60,NaN,
2012081006,13w.2012,KIROGI,TS,NN,44.6,147.7,40,993,332,29,332,29,60,80,50,40,70,NaN,NaN,NaN,NaN,NaN,TS,NW,B,B,130,1005,0.11,M,60,NaN,
2012081012,13w.2012,KIROGI,TS,NN,47.0,145.9,35,996,334,28,334,28,60,80,50,40,70,NaN,NaN,NaN,NaN,NaN,EX,NW,B,B,130,1005,NaN,M,60,NaN,
2012080912,e3w.2012,9X-E3W,TY,NN,14.9,139.6,15,1010,286,20,270,4,NaN,NaN,NaN,NaN,NaN,NaN,NaN,NaN,NaN,NaN,DB,NW,b,b,NaN,NaN,NaN,NaN,NaN,NaN,
2012080918,e3w.2012,9X-E3W,TY,NN,15.1,139.2,15,1010,286,20,270,4,NaN,NaN,NaN,NaN,NaN,NaN,NaN,NaN,NaN,NaN,DB,NW,b,b,NaN,NaN,NaN,NaN,NaN,NaN,
2012081000,e3w.2012,9X-E3W,TY,NN,15.0,138.8,15,1010,286,20,270,4,NaN,NaN,NaN,NaN,NaN,NaN,NaN,NaN,NaN,NaN,DB,NW,b,b,NaN,NaN,NaN,NaN,NaN,NaN,
2012081006,e3w.2012,9X-E3W,TY,NN,14.9,138.3,15,NaN,270,4,270,4,NaN,NaN,NaN,NaN,NaN,NaN,NaN,NaN,NaN,NaN,NT,NW,c,c,NaN,NaN,NaN,NaN,NaN,NaN,
2012081012,e3w.2012,9X-E3W,TY,NN,15.1,137.1,15,NaN,270,7,270,7,NaN,NaN,NaN,NaN,NaN,NaN,NaN,NaN,NaN,NaN,NT,NW,c,c,NaN,NaN,NaN,NaN,NaN,NaN,
2012081018,e3w.2012,9X-E3W,TY,NN,15.1,135.7,15,NaN,270,2,275,13,NaN,NaN,NaN,NaN,NaN,NaN,NaN,NaN,NaN,NaN,NT,NW,c,c,NaN,NaN,NaN,NaN,NaN,NaN,
2012081100,e3w.2012,9X-E3W,TY,NN,15.4,134.7,15,NaN,270,2,277,12,NaN,NaN,NaN,NaN,NaN,NaN,NaN,NaN,NaN,NaN,NT,NW,c,c,NaN,NaN,NaN,NaN,NaN,NaN,
2012081106,e3w.2012,9X-E3W,TY,NN,15.4,135.6,15,NaN,270,2,342,2,NaN,NaN,NaN,NaN,NaN,NaN,NaN,NaN,NaN,NaN,NT,NW,c,c,NaN,NaN,NaN,NaN,NaN,NaN,
2012081112,e3w.2012,9X-E3W,TY,NN,16.2,133.3,15,1010,287,5,301,8,NaN,NaN,NaN,NaN,NaN,NaN,NaN,NaN,NaN,NaN,TD,NW,B,B,NaN,NaN,NaN,NaN,NaN,NaN,
2012081118,e3w.2012,9X-E3W,TY,NN,16.3,132.8,15,1010,287,5,288,14,NaN,NaN,NaN,NaN,NaN,NaN,NaN,NaN,NaN,NaN,TD,NW,B,B,200,1007,NaN,S,45,NaN,
2012081200,e3w.2012,9X-E3W,TY,NN,16.5,132.3,15,1010,287,5,287,5,NaN,NaN,NaN,NaN,NaN,NaN,NaN,NaN,NaN,NaN,TD,NW,B,B,220,1007,NaN,S,45,NaN,
2012081206,e3w.2012,9X-E3W,TY,NN,16.6,131.5,15,1010,284,6,284,6,NaN,NaN,NaN,NaN,NaN,NaN,NaN,NaN,NaN,NaN,DB,NW,B,B,200,1008,NaN,S,45,NaN,
2012081212,14w.2012,KAI-TAK,TY,NN,16.8,130.6,20,1007,280,8,280,8,NaN,NaN,NaN,NaN,NaN,NaN,NaN,NaN,NaN,NaN,DB,WN,B,B,210,1008,NaN,S,45,RCB,
2012081218,14w.2012,KAI-TAK,TY,NN,16.9,129.6,25,1004,279,9,279,9,NaN,NaN,NaN,NaN,NaN,NaN,NaN,NaN,NaN,NaN,TD,WN,B,B,225,1005,NaN,S,45,MEK,
2012081300,14w.2012,KAI-TAK,TY,NN,16.5,129.0,25,1004,259,8,259,8,NaN,NaN,NaN,NaN,NaN,NaN,NaN,NaN,NaN,NaN,TD,WN,B,B,235,1004,NaN,S,40,MEK,
2012081306,14w.2012,KAI-TAK,TY,NN,16.6,128.1,35,996,258,7,258,7,NaN,NaN,NaN,NaN,NaN,NaN,NaN,NaN,NaN,NaN,TS,WN,B,B,240,1004,NaN,S,40,RCB,
2012081312,14w.2012,KAI-TAK,TY,NN,17.0,127.0,35,996,285,10,285,10,22,20,20,25,25,NaN,NaN,NaN,NaN,NaN,TS,WN,B,B,240,1004,NaN,M,25,RCB,
2012081318,14w.2012,KAI-TAK,TY,NN,17.6,126.2,40,993,299,10,299,10,49,30,60,60,45,NaN,NaN,NaN,NaN,NaN,TS,WN,B,B,210,1004,NaN,M,30,JMN,
2012081400,14w.2012,KAI-TAK,TY,NN,18.2,125.7,40,993,314,9,314,9,60,60,60,60,60,NaN,NaN,NaN,NaN,NaN,TS,WN,B,B,200,1002,NaN,M,40,CEG,
2012081406,14w.2012,KAI-TAK,TY,NN,17.7,124.7,40,993,274,7,274,7,74,85,65,60,85,NaN,NaN,NaN,NaN,NaN,TS,WN,B,B,200,1002,NaN,M,40,ADL,
2012081412,14w.2012,KAI-TAK,TY,NN,17.1,123.3,50,985,244,13,244,13,62,70,60,50,70,NaN,NaN,NaN,NaN,NaN,TS,WN,B,B,200,1001,NaN,M,40,NaN,
2012081418,14w.2012,KAI-TAK,TY,NN,17.3,122.7,55,982,258,10,258,10,62,70,60,50,70,18,20,15,50,20,TS,WN,B,B,215,1003,0.27,M,35,JMN,
2012081500,14w.2012,KAI-TAK,TY,NN,18.2,122.0,55,982,312,8,312,8,69,80,70,55,70,28,35,20,55,35,TS,WN,B,B,200,1002,0.58,M,35,CEG,
2012081506,14w.2012,KAI-TAK,TY,NN,18.8,120.6,55,982,307,12,307,12,69,80,70,55,70,28,35,20,55,35,TS,WN,B,B,200,1002,0.05,M,35,ADL,
2012081512,14w.2012,KAI-TAK,TY,NN,18.7,119.3,55,982,281,13,281,13,69,80,70,55,70,28,35,20,55,35,TS,WN,B,B,200,1002,NaN,M,35,ADL,
2012081518,14w.2012,KAI-TAK,TY,NN,18.8,118.0,60,978,270,12,270,12,84,85,70,90,90,36,35,30,90,40,TS,WN,B,B,200,1002,NaN,M,35,RCB,
2012081600,14w.2012,KAI-TAK,TY,NN,19.2,117.1,65,974,284,11,284,11,89,90,75,95,95,36,35,30,95,40,TY,WN,B,B,210,1002,NaN,M,20,RCB,
2012081606,14w.2012,KAI-TAK,TY,NN,19.3,115.6,65,974,282,12,282,12,85,90,80,80,90,42,45,40,80,45,TY,WN,B,B,135,1002,NaN,D,20,SJB,
2012081612,14w.2012,KAI-TAK,TY,NN,19.8,114.2,65,974,282,14,282,14,85,90,80,80,90,42,45,40,80,45,TY,WN,B,B,210,1002,NaN,D,20,SJB,
2012081618,14w.2012,KAI-TAK,TY,NN,20.2,112.8,65,974,289,14,289,14,85,90,80,80,90,42,45,40,80,45,TY,WN,B,B,210,1001,NaN,D,20,RB,
2012081700,14w.2012,KAI-TAK,TY,NN,20.7,111.3,65,974,288,14,288,14,78,80,70,70,90,42,45,40,70,45,TY,WN,B,B,210,1001,NaN,D,20,RCB,
2012081706,14w.2012,KAI-TAK,TY,NN,21.2,109.8,65,974,290,15,290,15,75,80,70,70,80,42,45,40,70,45,TY,WN,B,B,210,1001,0.63,D,20,SJB,
2012081712,14w.2012,KAI-TAK,TY,NN,21.4,107.7,60,978,282,17,282,17,75,80,70,70,80,42,45,40,70,45,TS,WN,B,B,210,1001,0.80,D,25,SJB,
2012081718,14w.2012,KAI-TAK,TY,NN,21.4,106.1,50,985,273,17,273,17,75,80,70,70,80,42,45,40,70,45,TS,WN,B,B,210,1002,0.97,M,30,JMN,
2012081800,14w.2012,KAI-TAK,TY,NN,21.6,105.3,35,996,275,11,275,11,75,80,70,70,80,NaN,NaN,NaN,NaN,NaN,TS,NW,B,B,150,1002,0.97,M,45,NaN,
2012081806,14w.2012,KAI-TAK,TY,NN,22.1,103.8,30,1000,285,12,288,11,NaN,NaN,NaN,NaN,NaN,NaN,NaN,NaN,NaN,NaN,TD,NW,C,C,150,1002,0.99,S,45,NaN,
2012081600,e6w.2012,9X-E6W,TY,NN,22.1,126.7,15,1010,242,4,242,4,NaN,NaN,NaN,NaN,NaN,NaN,NaN,NaN,NaN,NaN,DB,NW,b,b,NaN,NaN,NaN,NaN,NaN,NaN,
2012081606,e6w.2012,9X-E6W,TY,NN,22.1,126.6,15,1010,242,4,242,4,NaN,NaN,NaN,NaN,NaN,NaN,NaN,NaN,NaN,NaN,DB,NW,b,b,NaN,NaN,NaN,NaN,NaN,NaN,
2012081612,e6w.2012,9X-E6W,TY,NN,21.7,125.9,15,1010,242,4,242,4,NaN,NaN,NaN,NaN,NaN,NaN,NaN,NaN,NaN,NaN,DB,NW,b,b,NaN,NaN,NaN,NaN,NaN,NaN,
2012081618,e6w.2012,9X-E6W,TY,NN,22.1,126.4,15,NaN,270,1,270,1,NaN,NaN,NaN,NaN,NaN,NaN,NaN,NaN,NaN,NaN,NT,NW,c,c,NaN,NaN,NaN,NaN,NaN,NaN,
2012081700,e6w.2012,9X-E6W,TY,NN,21.9,124.7,15,1010,280,6,280,6,NaN,NaN,NaN,NaN,NaN,NaN,NaN,NaN,NaN,NaN,DB,NW,b,b,NaN,NaN,NaN,NaN,NaN,NaN,
2012081706,e6w.2012,9X-E6W,TY,NN,21.5,125.6,15,NaN,223,1,231,5,NaN,NaN,NaN,NaN,NaN,NaN,NaN,NaN,NaN,NaN,NT,NW,c,c,NaN,NaN,NaN,NaN,NaN,NaN,
2012081712,e6w.2012,9X-E6W,TY,NN,19.9,126.0,15,NaN,180,3,149,12,NaN,NaN,NaN,NaN,NaN,NaN,NaN,NaN,NaN,NaN,NT,NW,c,c,NaN,NaN,NaN,NaN,NaN,NaN,
2012081718,e6w.2012,9X-E6W,TY,NN,21.1,124.7,15,1010,180,3,244,5,NaN,NaN,NaN,NaN,NaN,NaN,NaN,NaN,NaN,NaN,DB,NW,C,C,150,1011,NaN,S,25,NaN,
2012081800,e6w.2012,9X-E6W,TY,NN,18.7,126.0,20,1007,170,9,180,6,NaN,NaN,NaN,NaN,NaN,NaN,NaN,NaN,NaN,NaN,DB,NW,C,C,225,1009,NaN,S,45,NaN,
2012081806,e6w.2012,9X-E6W,TY,NN,18.9,124.5,20,1007,205,7,185,11,NaN,NaN,NaN,NaN,NaN,NaN,NaN,NaN,NaN,NaN,DB,NW,C,C,225,1009,NaN,S,45,NaN,
2012081812,e6w.2012,9X-E6W,TY,NN,17.8,124.9,20,1007,270,1,229,7,NaN,NaN,NaN,NaN,NaN,NaN,NaN,NaN,NaN,NaN,DB,NW,B,B,190,1008,NaN,S,45,NaN,
2012081818,e6w.2012,9X-E6W,TY,NN,18.0,124.7,30,1000,270,1,168,5,NaN,NaN,NaN,NaN,NaN,NaN,NaN,NaN,NaN,NaN,TD,NW,B,B,195,1007,NaN,S,40,NaN,
2012081900,15w.2012,TEMBIN,TY,NN,17.8,124.6,35,996,270,1,270,1,NaN,NaN,NaN,NaN,NaN,NaN,NaN,NaN,NaN,NaN,TS,WN,B,B,190,1007,NaN,S,40,NaN,
2012081906,15w.2012,TEMBIN,TY,NN,17.6,124.6,40,993,193,2,193,2,45,45,45,45,45,NaN,NaN,NaN,NaN,NaN,TS,WN,B,B,190,1007,NaN,M,35,ADL,
2012081912,15w.2012,TEMBIN,TY,NN,17.5,124.8,45,989,148,2,148,2,40,40,40,40,40,NaN,NaN,NaN,NaN,NaN,TS,WN,B,B,190,1005,NaN,M,30,ADL,
2012081918,15w.2012,TEMBIN,TY,NN,17.6,124.8,55,982,90,1,90,1,45,45,45,45,45,20,20,20,45,20,TS,WN,B,B,180,1005,NaN,M,20,CEG,
2012082000,15w.2012,TEMBIN,TY,NN,17.9,124.8,75,967,360,2,360,2,50,50,50,50,50,20,20,20,50,20,TY,WN,B,B,170,1004,NaN,D,20,CEG,
2012082006,15w.2012,TEMBIN,TY,NN,18.4,124.9,95,952,7,4,7,4,85,85,85,85,85,50,50,50,85,50,TY,WN,B,B,180,1005,NaN,D,20,SJB,
2012082012,15w.2012,TEMBIN,TY,NN,18.8,125.2,115,937,23,5,23,5,90,90,90,90,90,50,50,50,90,50,TY,WN,B,B,180,1005,NaN,D,20,SJB,
2012082018,15w.2012,TEMBIN,TY,NN,19.5,125.3,115,937,19,6,19,6,94,100,90,90,95,62,65,60,90,65,TY,WN,B,B,190,1005,NaN,D,20,RCB,
2012082100,15w.2012,TEMBIN,TY,NN,20.1,125.5,115,937,12,7,12,7,94,100,90,90,95,62,65,60,90,65,TY,WN,B,B,190,1005,NaN,D,20,RCB,
2012082106,15w.2012,TEMBIN,TY,NN,21.0,125.4,115,937,4,8,4,8,98,100,100,95,95,62,65,65,95,60,TY,WN,B,B,200,1005,NaN,D,15,SJB,
2012082112,15w.2012,TEMBIN,TY,NN,21.7,125.2,105,944,350,8,350,8,98,100,100,95,95,62,65,65,95,60,TY,WN,B,B,200,1005,NaN,D,15,SJB,
2012082118,15w.2012,TEMBIN,TY,NN,21.9,124.9,95,952,333,5,333,5,98,100,100,95,95,62,65,65,95,60,TY,WN,B,B,210,1005,NaN,D,15,RCB,
2012082200,15w.2012,TEMBIN,TY,NN,22.2,124.6,90,956,312,4,312,4,88,90,90,85,85,52,55,55,85,50,TY,WN,B,B,210,1005,NaN,D,15,RCB,
2012082206,15w.2012,TEMBIN,TY,NN,22.4,124.4,90,956,317,3,317,3,119,115,115,115,130,65,70,60,115,65,TY,WN,B,B,210,1005,NaN,D,15,ADL,
2012082212,15w.2012,TEMBIN,TY,NN,22.5,124.2,90,956,309,2,309,2,119,115,115,115,130,65,70,60,115,65,TY,WN,B,B,215,1005,NaN,D,20,ADL,
2012082218,15w.2012,TEMBIN,TY,NN,22.6,123.9,90,956,293,3,293,3,119,115,115,115,130,65,70,60,115,65,TY,WN,B,B,150,1000,NaN,D,20,CEG,
2012082300,15w.2012,TEMBIN,TY,NN,22.6,123.6,90,956,280,3,280,3,119,115,115,115,130,65,70,60,115,65,TY,WN,B,B,145,998,NaN,D,15,CEG,
2012082306,15w.2012,TEMBIN,TY,NN,22.7,123.1,110,941,278,4,278,4,136,140,135,125,145,76,75,80,125,75,TY,WN,B,B,200,998,NaN,D,15,RCB,
2012082312,15w.2012,TEMBIN,TY,NN,22.7,122.4,120,933,275,6,275,6,136,140,135,125,145,76,75,80,125,75,TY,WN,B,B,200,998,NaN,D,15,ADL,
2012082318,15w.2012,TEMBIN,TY,NN,22.5,121.5,115,937,262,7,262,7,136,140,135,125,145,76,75,80,125,75,TY,WN,B,B,170,1000,0.07,D,15,SLF,
2012082400,15w.2012,TEMBIN,TY,NN,22.2,120.6,100,948,253,9,253,9,136,140,135,125,145,76,75,80,125,75,TY,WN,B,B,180,1002,0.15,D,15,CEG,
2012082406,15w.2012,TEMBIN,TY,NN,22.3,120.0,85,959,262,7,262,7,136,140,135,125,145,30,30,30,125,30,TY,WN,B,B,180,1004,0.12,M,15,ADL,
2012082412,15w.2012,TEMBIN,TY,NN,22.6,119.5,80,963,291,5,291,5,136,140,135,125,145,40,40,40,125,40,TY,WN,B,B,180,1004,NaN,D,15,ADL,
2012082418,15w.2012,TEMBIN,TY,NN,22.5,118.9,75,967,281,5,281,5,136,140,135,125,145,40,40,40,125,40,TY,WN,B,B,180,1004,NaN,D,15,RCB,
2012082500,15w.2012,TEMBIN,TY,NN,22.6,118.3,75,967,270,6,270,6,136,140,135,125,145,40,40,40,125,40,TY,WN,B,B,180,1004,NaN,D,15,RCB,
2012082506,15w.2012,TEMBIN,TY,NN,22.3,117.8,75,967,259,5,259,5,110,110,110,110,110,50,50,50,110,50,TY,WN,B,B,180,1004,NaN,D,30,SJB,
2012082512,15w.2012,TEMBIN,TY,NN,21.9,117.0,75,967,240,7,240,7,110,110,110,110,110,50,50,50,110,50,TY,WN,B,B,180,1004,NaN,D,25,SJB,
2012082518,15w.2012,TEMBIN,TY,NN,21.4,116.7,80,963,229,7,229,7,115,120,115,115,110,50,50,50,115,50,TY,WN,B,B,180,1004,NaN,D,15,MEK,
2012082600,15w.2012,TEMBIN,TY,NN,21.0,116.8,85,959,192,5,192,5,134,140,130,130,135,60,55,65,130,55,TY,WN,B,B,185,1003,NaN,D,15,MEK,
2012082606,15w.2012,TEMBIN,TY,NN,20.9,116.7,95,952,180,2,180,2,134,140,130,130,135,60,55,65,130,55,TY,WN,B,B,185,1003,NaN,D,15,SJB,
2012082612,15w.2012,TEMBIN,TY,NN,20.6,117.1,90,956,145,2,145,2,134,140,130,130,135,60,55,65,130,55,TY,WN,B,B,185,1001,NaN,D,20,NaN,
2012082618,15w.2012,TEMBIN,TY,NN,20.5,117.6,85,959,115,5,115,5,130,130,130,135,125,62,60,65,135,60,TY,WN,B,B,175,1000,NaN,D,20,BRS,
2012082700,15w.2012,TEMBIN,TY,NN,20.5,118.1,75,967,96,5,96,5,130,135,130,135,120,65,65,65,135,65,TY,WN,B,B,180,1001,NaN,D,20,BRS,
2012082706,15w.2012,TEMBIN,TY,NN,20.8,118.9,70,970,76,6,76,6,128,120,135,135,120,50,50,50,135,50,TY,WN,B,B,180,1001,NaN,D,30,SJB,
2012082712,15w.2012,TEMBIN,TY,NN,21.3,119.9,70,970,65,9,65,9,128,120,135,135,120,50,50,50,135,50,TY,WN,B,B,180,1001,NaN,D,30,SJB,
2012082718,15w.2012,TEMBIN,TY,NN,22.0,121.0,60,978,58,11,58,11,128,120,135,135,120,40,40,40,135,40,TS,WN,B,B,180,1001,0.14,M,25,ADL,
2012082800,15w.2012,TEMBIN,TY,NN,22.9,122.0,55,982,51,13,51,13,128,120,135,135,120,40,40,40,135,40,TS,WN,B,B,180,1001,NaN,M,25,ADL,
2012082806,15w.2012,TEMBIN,TY,NN,24.0,122.9,55,982,41,13,41,13,128,120,135,135,120,40,40,40,135,40,TS,WN,B,B,180,1002,NaN,M,25,CEG,
2012082812,15w.2012,TEMBIN,TY,NN,25.3,123.5,55,982,30,14,30,14,55,70,60,50,40,NaN,NaN,NaN,NaN,NaN,TS,WN,B,B,180,1002,NaN,M,25,CEG,
2012082818,15w.2012,TEMBIN,TY,NN,26.6,123.8,50,985,17,14,17,14,55,70,60,50,40,NaN,NaN,NaN,NaN,NaN,TS,WN,B,B,180,1002,NaN,M,25,ADL,
2012082900,15w.2012,TEMBIN,TY,NN,27.8,124.0,50,985,10,13,10,13,55,70,60,50,40,NaN,NaN,NaN,NaN,NaN,TS,WN,B,B,180,1003,NaN,M,30,ADL,
2012082906,15w.2012,TEMBIN,TY,NN,29.0,124.3,50,985,10,12,10,12,60,70,80,50,40,NaN,NaN,NaN,NaN,NaN,TS,WN,B,B,150,1004,NaN,M,30,NaN,
2012082912,15w.2012,TEMBIN,TY,NN,30.4,124.7,50,985,13,13,13,13,60,70,80,50,40,NaN,NaN,NaN,NaN,NaN,TS,WN,B,B,150,1005,NaN,M,30,CEG,
2012082918,15w.2012,TEMBIN,TY,NN,32.3,125.1,50,985,12,17,12,17,56,65,55,45,60,NaN,NaN,NaN,NaN,NaN,TS,WN,B,B,150,1005,NaN,M,30,RCB,
2012083000,15w.2012,TEMBIN,TY,NN,34.0,126.2,40,993,19,19,19,19,56,65,55,45,60,NaN,NaN,NaN,NaN,NaN,TS,WN,B,B,150,1005,0.01,M,30,RCB,
2012083006,15w.2012,TEMBIN,TY,NN,35.3,127.6,35,996,35,18,35,18,56,65,55,45,60,NaN,NaN,NaN,NaN,NaN,EX,NW,B,B,150,1005,0.99,M,35,NaN,
2012083012,15w.2012,TEMBIN,TY,NN,36.8,128.5,30,1000,34,17,34,17,NaN,NaN,NaN,NaN,NaN,NaN,NaN,NaN,NaN,NaN,EX,NW,B,B,150,1005,0.98,M,35,NaN,
2012081700,e7w.2012,9X-E7W,TY,NN,11.2,140.5,15,1010,44,9,44,9,NaN,NaN,NaN,NaN,NaN,NaN,NaN,NaN,NaN,NaN,DB,NW,b,b,NaN,NaN,NaN,NaN,NaN,NaN,
2012081706,e7w.2012,9X-E7W,TY,NN,11.6,139.7,15,1010,44,9,44,9,NaN,NaN,NaN,NaN,NaN,NaN,NaN,NaN,NaN,NaN,DB,NW,b,b,NaN,NaN,NaN,NaN,NaN,NaN,
2012081712,e7w.2012,9X-E7W,TY,NN,12.5,141.8,15,1010,44,9,44,9,NaN,NaN,NaN,NaN,NaN,NaN,NaN,NaN,NaN,NaN,DB,NW,b,b,NaN,NaN,NaN,NaN,NaN,NaN,
2012081718,e7w.2012,9X-E7W,TY,NN,12.5,141.6,15,1010,64,10,64,10,NaN,NaN,NaN,NaN,NaN,NaN,NaN,NaN,NaN,NaN,DB,NW,b,b,NaN,NaN,NaN,NaN,NaN,NaN,
2012081800,e7w.2012,9X-E7W,TY,NN,11.2,140.1,15,NaN,270,1,232,11,NaN,NaN,NaN,NaN,NaN,NaN,NaN,NaN,NaN,NaN,NT,NW,c,c,NaN,NaN,NaN,NaN,NaN,NaN,
2012081806,e7w.2012,9X-E7W,TY,NN,11.6,138.9,15,1009,270,2,251,14,NaN,NaN,NaN,NaN,NaN,NaN,NaN,NaN,NaN,NaN,DB,NW,C,C,150,1011,NaN,S,45,NaN,
2012081812,e7w.2012,9X-E7W,TY,NN,13.2,141.4,15,1009,38,7,32,12,NaN,NaN,NaN,NaN,NaN,NaN,NaN,NaN,NaN,NaN,DB,NW,B,B,150,1011,NaN,S,45,NaN,
2012081818,e7w.2012,9X-E7W,TY,NN,13.8,141.9,20,1007,38,7,53,18,NaN,NaN,NaN,NaN,NaN,NaN,NaN,NaN,NaN,NaN,TD,NW,B,B,NaN,NaN,NaN,NaN,NaN,NaN,
2012081900,e7w.2012,9X-E7W,TY,NN,14.3,142.3,20,1007,38,7,38,7,NaN,NaN,NaN,NaN,NaN,NaN,NaN,NaN,NaN,NaN,DB,NW,B,B,NaN,NaN,NaN,NaN,NaN,NaN,
2012081906,e7w.2012,9X-E7W,TY,NN,14.9,142.5,20,1007,28,6,28,6,NaN,NaN,NaN,NaN,NaN,NaN,NaN,NaN,NaN,NaN,DB,NW,B,B,150,1011,NaN,S,45,NaN,
2012081912,e7w.2012,9X-E7W,TY,NN,16.0,142.3,25,1004,360,8,360,8,NaN,NaN,NaN,NaN,NaN,NaN,NaN,NaN,NaN,NaN,TD,NW,B,B,150,1010,NaN,S,40,NaN,
2012081918,e7w.2012,9X-E7W,TY,NN,16.8,141.9,25,1004,343,10,343,10,NaN,NaN,NaN,NaN,NaN,NaN,NaN,NaN,NaN,NaN,TD,NW,B,B,155,1006,NaN,S,40,NaN,
2012082000,16w.2012,BOLAVEN,TY,NN,17.2,141.8,30,1000,338,6,338,6,NaN,NaN,NaN,NaN,NaN,NaN,NaN,NaN,NaN,NaN,TD,WN,B,B,155,1006,NaN,M,40,CEG,
2012082006,16w.2012,BOLAVEN,TY,NN,17.6,141.7,35,996,347,4,347,4,NaN,NaN,NaN,NaN,NaN,NaN,NaN,NaN,NaN,NaN,TS,WN,B,B,150,1005,NaN,M,40,SJB,
2012082012,16w.2012,BOLAVEN,TY,NN,18.1,141.5,40,993,342,5,342,5,40,40,40,40,40,NaN,NaN,NaN,NaN,NaN,TS,WN,B,B,150,1005,NaN,M,40,SJB,
2012082018,16w.2012,BOLAVEN,TY,NN,18.3,141.1,45,989,321,5,321,5,40,40,40,40,40,NaN,NaN,NaN,NaN,NaN,TS,WN,B,B,60,1005,NaN,M,20,RB,
2012082100,16w.2012,BOLAVEN,TY,NN,18.3,140.7,50,985,285,4,285,4,42,40,40,45,45,NaN,NaN,NaN,NaN,NaN,TS,WN,B,B,130,1005,NaN,M,20,RCB,
2012082106,16w.2012,BOLAVEN,TY,NN,18.4,140.2,60,978,277,4,277,4,50,50,50,50,50,25,25,25,50,25,TS,WN,B,B,170,1005,NaN,D,25,SJB,
2012082112,16w.2012,BOLAVEN,TY,NN,18.7,139.8,65,974,295,5,295,5,58,60,55,55,60,30,30,30,55,30,TY,WN,B,B,170,1005,NaN,D,25,SJB,
2012082118,16w.2012,BOLAVEN,TY,NN,19.0,139.2,75,967,302,6,302,6,64,70,60,60,65,32,35,30,60,35,TY,WN,B,B,200,1005,NaN,D,20,RCB,
2012082200,16w.2012,BOLAVEN,TY,NN,19.2,138.5,80,963,292,7,292,7,74,80,70,70,75,42,45,40,70,45,TY,WN,B,B,220,1005,NaN,D,20,RCB,
2012082206,16w.2012,BOLAVEN,TY,NN,19.3,137.8,80,963,283,7,283,7,119,115,115,110,135,48,55,50,110,45,TY,WN,B,B,220,1005,NaN,D,20,ADL,
2012082212,16w.2012,BOLAVEN,TY,NN,19.4,137.1,90,956,279,7,279,7,119,115,115,110,135,48,55,50,110,45,TY,WN,B,B,220,1005,NaN,D,20,ADL,
2012082218,16w.2012,BOLAVEN,TY,NN,19.5,136.3,90,956,278,7,278,7,130,135,125,125,135,52,55,50,125,55,TY,WN,B,B,230,1004,NaN,D,20,CEG,
2012082300,16w.2012,BOLAVEN,TY,NN,19.6,135.6,95,952,278,7,278,7,140,135,150,140,135,52,55,50,140,55,TY,WN,B,B,200,1000,NaN,D,15,CEG,
2012082306,16w.2012,BOLAVEN,TY,NN,20.1,135.0,100,948,296,7,296,7,145,140,150,140,150,70,75,65,140,80,TY,WN,B,B,220,1000,NaN,D,15,RCB,
2012082312,16w.2012,BOLAVEN,TY,NN,20.2,134.2,100,948,295,7,295,7,145,140,150,140,150,70,75,65,140,80,TY,WN,B,B,220,1000,NaN,D,15,ADL,
2012082318,16w.2012,BOLAVEN,TY,NN,20.5,133.8,105,944,290,6,290,6,170,180,180,160,160,75,100,60,160,80,TY,WN,B,B,200,1000,NaN,D,20,CEG,
2012082400,16w.2012,BOLAVEN,TY,NN,21.2,133.8,105,944,339,5,339,5,170,180,180,160,160,75,100,60,160,80,TY,WN,B,B,190,1000,NaN,D,20,CEG,
2012082406,16w.2012,BOLAVEN,TY,NN,21.7,133.3,110,941,339,6,339,6,170,180,180,160,160,75,100,60,160,80,TY,WN,B,B,190,995,NaN,D,20,ADL,
2012082412,16w.2012,BOLAVEN,TY,NN,22.3,133.0,120,933,326,7,326,7,170,180,180,160,160,75,100,60,160,80,TY,WN,B,B,190,995,NaN,D,20,ADL,
2012082418,16w.2012,BOLAVEN,TY,NN,22.9,132.7,125,929,335,7,335,7,176,190,175,160,180,92,110,85,160,100,TY,WN,B,B,200,995,NaN,D,20,RCB,
2012082500,16w.2012,BOLAVEN,TY,NN,23.5,132.1,125,929,325,7,325,7,176,190,175,160,180,92,110,85,160,100,TY,WN,B,B,210,995,NaN,D,20,RCB,
2012082506,16w.2012,BOLAVEN,TY,NN,24.1,131.3,120,933,313,9,313,9,185,190,190,180,180,95,100,100,180,90,TY,WN,B,B,210,995,NaN,D,30,SJB,
2012082512,16w.2012,BOLAVEN,TY,NN,24.4,130.6,120,933,303,8,303,8,185,190,190,180,180,95,100,100,180,90,TY,WN,B,B,210,995,NaN,D,30,SJB,
2012082518,16w.2012,BOLAVEN,TY,NN,24.8,130.1,120,933,303,6,303,6,211,235,215,190,205,109,120,110,190,105,TY,WN,B,B,210,999,NaN,D,15,MEK,
2012082600,16w.2012,BOLAVEN,TY,NN,25.3,129.5,115,937,312,7,312,7,208,230,215,185,200,114,120,110,185,115,TY,WN,B,B,240,1001,NaN,D,15,MEK,
2012082606,16w.2012,BOLAVEN,TY,NN,25.9,128.9,110,941,315,8,315,8,208,230,215,185,200,114,120,110,185,115,TY,WN,B,B,240,1001,NaN,D,15,SJB,
2012082612,16w.2012,BOLAVEN,TY,NN,26.6,128.0,105,944,314,9,314,9,200,215,215,185,185,110,110,110,185,110,TY,WN,B,B,240,999,0.10,D,15,SJB,
2012082618,16w.2012,BOLAVEN,TY,NN,27.5,127.4,100,948,320,10,320,10,202,220,220,185,185,112,115,110,185,115,TY,WN,B,B,240,999,NaN,D,15,BRS,
2012082700,16w.2012,BOLAVEN,TY,NN,28.6,126.8,90,956,332,11,332,11,198,215,215,180,180,101,100,105,180,100,TY,WN,B,B,230,999,NaN,D,25,BRS,
2012082706,16w.2012,BOLAVEN,TY,NN,29.9,126.0,75,967,333,13,333,13,160,170,170,150,150,100,100,100,150,100,TY,WN,B,B,230,999,NaN,D,25,SJB,
2012082712,16w.2012,BOLAVEN,TY,NN,31.3,125.5,70,970,337,15,337,15,160,170,170,150,150,100,100,100,150,100,TY,WN,B,B,230,999,NaN,D,25,SJB,
2012082718,16w.2012,BOLAVEN,TY,NN,33.0,125.2,70,970,348,16,348,16,160,170,170,150,150,80,80,80,150,80,TY,WN,B,B,240,1000,NaN,D,25,JDC,
2012082800,16w.2012,BOLAVEN,TY,NN,34.8,124.7,55,982,349,18,349,18,160,170,170,150,150,80,80,80,150,80,TS,WN,B,B,240,1000,NaN,M,35,ADL,
2012082806,16w.2012,BOLAVEN,TY,NN,36.8,124.6,55,982,353,19,353,19,160,170,170,150,150,80,80,80,150,80,TS,WN,B,B,240,1000,NaN,M,40,CEG,
2012082812,16w.2012,BOLAVEN,TY,NN,38.9,125.0,45,989,3,21,3,21,100,90,110,110,90,NaN,NaN,NaN,NaN,NaN,TS,WN,B,B,245,1000,0.22,M,45,CEG,
2012082818,16w.2012,BOLAVEN,TY,NN,41.5,125.6,35,996,9,24,9,24,100,90,110,110,90,NaN,NaN,NaN,NaN,NaN,TS,WN,B,B,245,1000,0.99,NaN,40,JDC,
2012082900,16w.2012,BOLAVEN,TY,NN,44.2,127.3,30,1000,18,28,18,28,NaN,NaN,NaN,NaN,NaN,NaN,NaN,NaN,NaN,NaN,EX,NW,B,B,NaN,NaN,0.98,NaN,NaN,NaN,
2012082906,16w.2012,BOLAVEN,TY,NN,46.3,130.5,30,NaN,33,28,36,30,NaN,NaN,NaN,NaN,NaN,NaN,NaN,NaN,NaN,NaN,TW,NW,c,c,NaN,NaN,0.98,NaN,NaN,NaN,
2012082912,16w.2012,BOLAVEN,TY,NN,50.1,132.0,30,NaN,28,33,28,34,NaN,NaN,NaN,NaN,NaN,NaN,NaN,NaN,NaN,NaN,TW,NW,c,c,NaN,NaN,0.99,NaN,NaN,NaN,
2012090818,f8w.2012,9X-F8W,STY,NN,7.4,141.3,15,1010,270,12,270,12,NaN,NaN,NaN,NaN,NaN,NaN,NaN,NaN,NaN,NaN,DB,NW,b,b,NaN,NaN,NaN,NaN,NaN,NaN,
2012090900,f8w.2012,9X-F8W,STY,NN,7.4,139.9,15,1010,270,12,270,12,NaN,NaN,NaN,NaN,NaN,NaN,NaN,NaN,NaN,NaN,DB,NW,b,b,NaN,NaN,NaN,NaN,NaN,NaN,
2012090906,f8w.2012,9X-F8W,STY,NN,7.4,138.9,15,1010,270,12,270,12,NaN,NaN,NaN,NaN,NaN,NaN,NaN,NaN,NaN,NaN,DB,NW,b,b,NaN,NaN,NaN,NaN,NaN,NaN,
2012090912,f8w.2012,9X-F8W,STY,NN,7.5,138.0,15,NaN,273,9,273,9,NaN,NaN,NaN,NaN,NaN,NaN,NaN,NaN,NaN,NaN,NT,NW,c,c,NaN,NaN,NaN,NaN,NaN,NaN,
2012090918,f8w.2012,9X-F8W,STY,NN,7.4,136.8,15,1006,270,10,270,10,NaN,NaN,NaN,NaN,NaN,NaN,NaN,NaN,NaN,NaN,DB,NW,C,C,150,1008,NaN,S,45,NaN,
2012091000,f8w.2012,9X-F8W,STY,NN,7.7,136.3,20,1006,275,9,277,8,NaN,NaN,NaN,NaN,NaN,NaN,NaN,NaN,NaN,NaN,DB,NW,C,C,150,1008,NaN,S,45,NaN,
2012091006,f8w.2012,9X-F8W,STY,NN,7.4,135.0,15,1010,360,8,270,9,NaN,NaN,NaN,NaN,NaN,NaN,NaN,NaN,NaN,NaN,DB,NW,B,B,150,1008,0.03,S,45,NaN,
2012091012,f8w.2012,9X-F8W,STY,NN,8.2,135.0,20,1007,360,8,291,7,NaN,NaN,NaN,NaN,NaN,NaN,NaN,NaN,NaN,NaN,DB,NW,B,B,150,1009,0.01,S,50,NaN,
2012091018,17w.2012,SANBA,STY,NN,9.0,135.0,25,1004,360,8,360,8,NaN,NaN,NaN,NaN,NaN,NaN,NaN,NaN,NaN,NaN,TD,WN,B,B,200,1008,NaN,S,50,JMN,
2012091100,17w.2012,SANBA,STY,NN,10.1,134.4,30,1000,343,10,343,10,NaN,NaN,NaN,NaN,NaN,NaN,NaN,NaN,NaN,NaN,TD,WN,B,B,220,1007,NaN,S,40,JMN,
2012091106,17w.2012,SANBA,STY,NN,11.2,133.9,35,996,334,12,334,12,NaN,NaN,NaN,NaN,NaN,NaN,NaN,NaN,NaN,NaN,TS,WN,B,B,225,1007,NaN,M,40,RCB,
2012091112,17w.2012,SANBA,STY,NN,11.9,133.1,45,989,325,11,325,11,22,25,20,20,25,NaN,NaN,NaN,NaN,NaN,TS,WN,B,B,225,1007,NaN,M,25,RCB,
2012091118,17w.2012,SANBA,STY,NN,12.1,132.3,45,989,300,9,300,9,22,25,20,20,25,NaN,NaN,NaN,NaN,NaN,TS,WN,B,B,245,1009,NaN,M,25,JMN,
2012091200,17w.2012,SANBA,STY,NN,12.5,131.6,55,982,292,8,292,8,22,25,20,20,25,12,15,15,20,10,TS,WN,B,B,245,1008,NaN,M,15,JMN,
2012091206,17w.2012,SANBA,STY,NN,13.0,131.1,60,978,308,7,308,7,35,40,30,30,40,22,25,20,30,25,TS,WN,B,B,255,1008,NaN,M,15,RCB,
2012091212,17w.2012,SANBA,STY,NN,13.5,130.6,70,970,316,7,316,7,69,80,60,55,80,40,40,40,55,40,TY,WN,B,B,220,1007,NaN,M,20,RCB,
2012091218,17w.2012,SANBA,STY,NN,14.1,130.2,80,963,322,7,322,7,88,90,90,85,85,50,50,50,85,50,TY,WN,B,B,220,1007,NaN,D,20,SJB,
2012091300,17w.2012,SANBA,STY,NN,14.8,129.8,95,952,329,8,329,8,101,90,95,110,110,51,50,55,110,50,TY,WN,B,B,240,1007,NaN,D,15,NaN,
2012091306,17w.2012,SANBA,STY,NN,15.6,129.5,115,937,336,8,336,8,101,90,95,110,110,51,50,55,110,50,TY,WN,B,B,250,1005,NaN,D,20,JDC,
2012091312,17w.2012,SANBA,STY,NN,16.4,129.6,140,918,353,8,353,8,101,90,95,110,110,51,50,55,110,50,ST,WN,B,B,260,1005,NaN,D,30,JDC,
2012091318,17w.2012,SANBA,STY,NN,17.2,129.7,155,907,7,8,7,8,138,140,140,135,135,78,80,80,135,75,ST,WN,B,B,210,1005,NaN,D,20,SJB,
2012091400,17w.2012,SANBA,STY,NN,18.1,129.7,155,907,3,9,3,9,138,140,140,135,135,78,80,80,135,75,ST,WN,B,B,210,1005,NaN,D,20,SJB,
2012091406,17w.2012,SANBA,STY,NN,19.1,129.8,150,911,3,10,3,10,138,140,140,135,135,78,80,80,135,75,ST,WN,B,B,210,1005,NaN,D,20,JDC,
2012091412,17w.2012,SANBA,STY,NN,20.2,129.8,135,922,3,11,3,11,138,140,140,135,135,78,80,80,135,75,ST,WN,B,B,220,1004,NaN,D,20,JDC,
2012091418,17w.2012,SANBA,STY,NN,21.3,129.5,125,929,353,11,353,11,138,140,140,135,135,78,80,80,135,75,TY,WN,B,B,215,1004,NaN,D,15,JMN,
2012091500,17w.2012,SANBA,STY,NN,22.3,129.1,110,941,343,11,343,11,138,140,140,135,135,78,80,80,135,75,TY,WN,B,B,205,1003,NaN,D,15,JMN,
2012091506,17w.2012,SANBA,STY,NN,23.4,128.8,110,941,343,11,343,11,138,140,140,135,135,78,80,80,135,75,TY,WN,B,B,205,1003,NaN,D,15,RCB,
2012091512,17w.2012,SANBA,STY,NN,24.5,128.5,110,941,346,11,346,11,138,140,140,135,135,78,80,80,135,75,TY,WN,B,B,205,1003,NaN,D,15,RCB,
2012091518,17w.2012,SANBA,STY,NN,25.6,128.2,105,944,346,11,346,11,164,170,170,150,165,78,80,80,150,75,TY,WN,B,B,210,1003,NaN,D,20,JMN,
2012091600,17w.2012,SANBA,STY,NN,27.0,128.1,100,948,352,13,352,13,171,175,175,160,175,78,80,80,160,75,TY,WN,B,B,262,1005,0.06,D,20,JMN,
2012091606,17w.2012,SANBA,STY,NN,28.8,128.1,100,948,358,16,358,16,171,175,175,160,175,78,80,80,160,75,TY,WN,B,B,262,1005,NaN,D,20,RCB,
2012091612,17w.2012,SANBA,STY,NN,30.6,127.8,100,948,356,18,356,18,171,175,175,160,175,78,80,80,160,75,TY,WN,B,B,262,1005,NaN,D,20,RCB,
2012091618,17w.2012,SANBA,STY,NN,32.4,127.8,95,952,356,18,356,18,180,190,185,165,180,79,85,80,165,75,TY,WN,B,B,250,1006,NaN,D,15,MEK,
2012091700,17w.2012,SANBA,STY,NN,34.2,128.1,85,959,4,18,4,18,184,210,180,165,180,82,95,85,165,75,TY,WN,B,B,250,1005,NaN,D,20,MEK,
2012091706,17w.2012,SANBA,STY,NN,36.3,128.4,45,989,7,20,7,20,184,210,180,165,180,NaN,NaN,NaN,NaN,NaN,TS,WN,B,B,180,1005,0.97,D,20,RCB,
2012091712,17w.2012,SANBA,STY,NN,38.7,129.3,45,989,12,23,12,23,52,55,50,50,55,NaN,NaN,NaN,NaN,NaN,EX,NW,B,B,160,1005,NaN,D,20,NaN,
2012091718,17w.2012,SANBA,STY,NN,41.0,130.7,35,996,21,25,21,25,52,55,50,50,55,NaN,NaN,NaN,NaN,NaN,EX,NW,B,B,170,1005,NaN,NaN,20,NaN,
2012091800,17w.2012,SANBA,STY,NN,42.6,133.3,30,1000,38,25,38,25,NaN,NaN,NaN,NaN,NaN,NaN,NaN,NaN,NaN,NaN,EX,NW,B,B,170,1005,0.19,NaN,20,NaN,
2012091700,g2w.2012,9X-G2W,STY,NN,12.9,148.0,15,1010,274,7,274,7,NaN,NaN,NaN,NaN,NaN,NaN,NaN,NaN,NaN,NaN,DB,NW,b,b,NaN,NaN,NaN,NaN,NaN,NaN,
2012091706,g2w.2012,9X-G2W,STY,NN,12.7,147.2,15,1010,274,7,274,7,NaN,NaN,NaN,NaN,NaN,NaN,NaN,NaN,NaN,NaN,DB,NW,b,b,NaN,NaN,NaN,NaN,NaN,NaN,
2012091712,g2w.2012,9X-G2W,STY,NN,13.0,146.6,15,1010,274,7,274,7,NaN,NaN,NaN,NaN,NaN,NaN,NaN,NaN,NaN,NaN,DB,NW,b,b,NaN,NaN,NaN,NaN,NaN,NaN,
2012091718,g2w.2012,9X-G2W,STY,NN,13.0,147.0,15,NaN,278,3,327,2,NaN,NaN,NaN,NaN,NaN,NaN,NaN,NaN,NaN,NaN,NT,NW,c,c,NaN,NaN,NaN,NaN,NaN,NaN,
2012091800,g2w.2012,9X-G2W,STY,NN,12.7,146.3,15,NaN,270,3,224,2,NaN,NaN,NaN,NaN,NaN,NaN,NaN,NaN,NaN,NaN,NT,NW,c,c,NaN,NaN,NaN,NaN,NaN,NaN,
2012091806,g2w.2012,9X-G2W,STY,NN,13.0,145.7,15,NaN,270,3,270,6,NaN,NaN,NaN,NaN,NaN,NaN,NaN,NaN,NaN,NaN,NT,NW,c,c,NaN,NaN,NaN,NaN,NaN,NaN,
2012091812,g2w.2012,9X-G2W,STY,NN,12.8,144.6,15,NaN,264,5,273,8,NaN,NaN,NaN,NaN,NaN,NaN,NaN,NaN,NaN,NaN,NT,NW,c,c,NaN,NaN,0.03,NaN,NaN,NaN,
2012091818,g2w.2012,9X-G2W,STY,NN,13.4,142.6,15,NaN,280,8,278,15,NaN,NaN,NaN,NaN,NaN,NaN,NaN,NaN,NaN,NaN,NT,NW,c,c,NaN,NaN,NaN,NaN,NaN,NaN,
2012091900,g2w.2012,9X-G2W,STY,NN,14.9,140.7,15,1010,261,15,299,22,NaN,NaN,NaN,NaN,NaN,NaN,NaN,NaN,NaN,NaN,DB,NW,B,B,NaN,NaN,NaN,NaN,NaN,NaN,
2012091906,g2w.2012,9X-G2W,STY,NN,14.4,139.2,20,1007,261,15,287,17,NaN,NaN,NaN,NaN,NaN,NaN,NaN,NaN,NaN,NaN,TD,NW,B,B,NaN,NaN,NaN,NaN,NaN,NaN,
2012091912,g2w.2012,9X-G2W,STY,NN,14.4,137.6,20,1007,261,15,261,15,NaN,NaN,NaN,NaN,NaN,NaN,NaN,NaN,NaN,NaN,DB,NW,B,B,150,1008,NaN,S,50,NaN,
2012091918,g2w.2012,9X-G2W,STY,NN,14.2,136.1,20,1007,266,15,266,15,NaN,NaN,NaN,NaN,NaN,NaN,NaN,NaN,NaN,NaN,DB,NW,B,B,140,1008,NaN,S,50,NaN,
2012092000,g2w.2012,9X-G2W,STY,NN,14.1,134.8,20,1007,264,14,264,14,NaN,NaN,NaN,NaN,NaN,NaN,NaN,NaN,NaN,NaN,DB,NW,B,B,140,1009,NaN,S,50,NaN,
2012092006,g2w.2012,9X-G2W,STY,NN,13.9,133.5,25,1004,263,13,263,13,NaN,NaN,NaN,NaN,NaN,NaN,NaN,NaN,NaN,NaN,TD,NW,B,B,140,1009,NaN,S,50,NaN,
2012092012,18w.2012,JELAWAT,STY,NN,13.7,132.4,30,1000,260,12,260,12,NaN,NaN,NaN,NaN,NaN,NaN,NaN,NaN,NaN,NaN,TD,WN,B,B,165,1009,NaN,S,50,RCB,
2012092018,18w.2012,JELAWAT,STY,NN,13.4,131.6,35,996,255,10,255,10,NaN,NaN,NaN,NaN,NaN,NaN,NaN,NaN,NaN,NaN,TS,WN,B,B,160,1009,NaN,S,45,BRS,
2012092100,18w.2012,JELAWAT,STY,NN,13.1,130.9,35,996,248,8,248,8,NaN,NaN,NaN,NaN,NaN,NaN,NaN,NaN,NaN,NaN,TS,WN,B,B,165,1007,NaN,S,40,BRS,
2012092106,18w.2012,JELAWAT,STY,NN,12.8,130.3,45,989,245,7,245,7,48,50,45,45,50,NaN,NaN,NaN,NaN,NaN,TS,WN,B,B,180,1008,NaN,S,40,MEK,
2012092112,18w.2012,JELAWAT,STY,NN,12.4,130.0,45,989,231,6,231,6,48,50,45,45,50,NaN,NaN,NaN,NaN,NaN,TS,WN,B,B,180,1008,NaN,S,40,RCB,
2012092118,18w.2012,JELAWAT,STY,NN,12.0,130.1,50,985,194,4,194,4,48,50,45,45,50,NaN,NaN,NaN,NaN,NaN,TS,WN,B,B,180,1007,NaN,M,30,JDC,
2012092200,18w.2012,JELAWAT,STY,NN,12.0,130.3,50,985,144,2,144,2,62,65,60,60,65,NaN,NaN,NaN,NaN,NaN,TS,WN,B,B,190,1007,NaN,M,30,JDC,
2012092206,18w.2012,JELAWAT,STY,NN,11.9,130.1,55,982,180,0,180,0,65,65,65,65,65,35,35,35,65,35,TS,WN,B,B,190,1006,NaN,D,25,SJB,
2012092212,18w.2012,JELAWAT,STY,NN,11.8,129.8,60,978,248,3,248,3,65,65,65,65,65,35,35,35,65,35,TS,WN,B,B,190,1006,NaN,D,25,SJB,
2012092218,18w.2012,JELAWAT,STY,NN,11.9,129.3,65,974,270,4,270,4,65,65,65,65,65,35,35,35,65,35,TY,WN,B,B,97,1004,NaN,D,25,JDC,
2012092300,18w.2012,JELAWAT,STY,NN,11.9,128.9,75,967,276,4,276,4,91,90,90,95,90,40,40,40,95,40,TY,WN,B,B,190,1005,NaN,D,20,JDC,
2012092306,18w.2012,JELAWAT,STY,NN,12.2,128.9,105,944,307,2,307,2,90,90,90,90,90,40,40,40,90,40,TY,WN,B,B,210,1004,NaN,D,15,SJB,
2012092312,18w.2012,JELAWAT,STY,NN,12.7,128.7,130,926,346,4,346,4,100,100,100,100,100,50,50,50,100,50,ST,WN,B,B,210,1004,NaN,D,15,SJB,
2012092318,18w.2012,JELAWAT,STY,NN,13.1,128.6,130,926,342,5,342,5,100,100,100,100,100,50,50,50,100,50,ST,WN,B,B,215,1004,NaN,D,15,JDC,
2012092400,18w.2012,JELAWAT,STY,NN,13.7,128.5,130,926,349,5,349,5,100,100,100,100,100,50,50,50,100,50,ST,WN,B,B,215,1004,NaN,D,15,JDC,
2012092406,18w.2012,JELAWAT,STY,NN,14.2,128.2,130,926,341,6,341,6,138,140,140,135,135,70,75,75,135,65,ST,WN,B,B,210,1003,NaN,D,10,SJB,
2012092412,18w.2012,JELAWAT,STY,NN,14.7,128.0,130,926,334,6,334,6,138,140,140,135,135,70,75,75,135,65,ST,WN,B,B,210,1003,NaN,D,15,SJB,
2012092418,18w.2012,JELAWAT,STY,NN,15.3,127.8,140,918,341,6,341,6,141,150,145,135,135,70,75,75,135,65,ST,WN,B,B,220,1001,NaN,D,15,MEK,
2012092500,18w.2012,JELAWAT,STY,NN,15.8,127.8,140,918,350,6,350,6,142,155,145,135,135,76,80,80,135,70,ST,WN,B,B,225,1001,NaN,D,10,MEK,
2012092506,18w.2012,JELAWAT,STY,NN,16.4,127.5,140,918,345,6,345,6,142,155,145,135,135,76,80,80,135,70,ST,WN,B,B,225,1001,NaN,D,10,RCB,
2012092512,18w.2012,JELAWAT,STY,NN,16.8,127.2,140,918,330,6,330,6,142,155,145,135,135,76,80,80,135,70,ST,WN,B,B,230,1001,NaN,D,10,RCB,
2012092518,18w.2012,JELAWAT,STY,NN,17.1,126.8,140,918,316,5,316,5,150,160,150,145,145,82,85,85,145,80,ST,WN,B,B,260,1005,NaN,D,10,MEK,
2012092600,18w.2012,JELAWAT,STY,NN,17.5,126.5,135,922,316,5,316,5,154,165,155,145,150,92,95,95,145,90,ST,WN,B,B,250,1004,NaN,D,10,MEK,
2012092606,18w.2012,JELAWAT,STY,NN,17.9,126.2,130,926,324,5,324,5,154,165,155,145,150,92,95,95,145,90,ST,WN,B,B,250,1004,NaN,D,10,RCB,
2012092612,18w.2012,JELAWAT,STY,NN,18.4,125.9,130,926,328,5,328,5,154,165,155,145,150,92,95,95,145,90,ST,WN,B,B,240,1004,NaN,D,10,RCB,
2012092618,18w.2012,JELAWAT,STY,NN,19.1,125.4,130,926,328,7,328,7,154,165,155,145,150,92,95,95,145,90,ST,WN,B,B,240,1004,NaN,D,20,NaN,
2012092700,18w.2012,JELAWAT,STY,NN,19.6,124.8,130,926,319,8,319,8,154,165,155,145,150,92,95,95,145,90,ST,WN,B,B,240,1004,NaN,D,30,JDC,
2012092706,18w.2012,JELAWAT,STY,NN,20.2,124.4,130,926,319,7,319,7,160,165,165,155,155,115,120,120,155,110,ST,WN,B,B,240,1005,NaN,D,20,SJB,
2012092712,18w.2012,JELAWAT,STY,NN,20.9,124.1,130,926,333,7,333,7,160,165,165,155,155,115,120,120,155,110,ST,WN,B,B,240,1005,NaN,D,20,SJB,
2012092718,18w.2012,JELAWAT,STY,NN,21.7,123.9,130,926,343,8,343,8,160,165,165,155,155,115,120,120,155,110,ST,WN,B,B,250,1005,NaN,D,20,JDC,
2012092800,18w.2012,JELAWAT,STY,NN,22.5,124.1,125,929,360,8,360,8,160,165,165,155,155,115,120,120,155,110,TY,WN,B,B,250,1005,NaN,D,20,JDC,
2012092806,18w.2012,JELAWAT,STY,NN,23.4,124.5,115,937,18,9,18,9,160,165,165,155,155,115,120,120,155,110,TY,WN,B,B,210,1004,NaN,D,20,SJB,
2012092812,18w.2012,JELAWAT,STY,NN,24.2,125.1,110,941,28,10,28,10,160,165,165,155,155,115,120,120,155,110,TY,WN,B,B,190,1004,NaN,D,20,SJB,
2012092818,18w.2012,JELAWAT,STY,NN,25.0,126.1,110,941,42,11,42,11,160,165,165,155,155,115,120,120,155,110,TY,WN,B,B,190,1004,NaN,D,20,RCB,
2012092900,18w.2012,JELAWAT,STY,NN,26.1,127.3,100,948,46,14,46,14,160,165,165,155,155,115,120,120,155,110,TY,WN,B,B,NaN,NaN,0.05,NaN,NaN,NaN,
2012092906,18w.2012,JELAWAT,STY,NN,27.1,128.5,100,948,46,15,46,15,160,165,165,155,155,110,120,120,155,90,TY,WN,B,B,190,1004,0.05,D,20,ADL,
2012092912,18w.2012,JELAWAT,STY,NN,28.0,130.3,90,956,55,16,55,16,160,165,165,155,155,110,120,120,155,90,TY,WN,B,B,190,1004,NaN,D,20,ADL,
2012092918,18w.2012,JELAWAT,STY,NN,29.6,132.5,80,963,55,22,55,22,150,155,155,145,145,100,110,110,145,80,TY,WN,B,B,180,1004,NaN,D,20,NaN,
2012093000,18w.2012,JELAWAT,STY,NN,31.7,134.1,70,970,42,25,42,25,145,150,150,140,140,90,100,100,140,80,TY,WN,B,B,170,1004,NaN,D,20,NaN,
2012093006,18w.2012,JELAWAT,STY,NN,33.4,136.1,60,978,39,24,39,24,124,145,125,125,100,78,100,100,125,50,TS,WN,B,B,175,1004,0.27,M,25,ADL,
2012093012,18w.2012,JELAWAT,STY,NN,35.3,138.2,55,982,44,25,44,25,124,145,125,125,100,78,100,100,125,50,TS,WN,B,B,180,1004,0.99,M,25,ADL,
2012093018,18w.2012,JELAWAT,STY,NN,38.7,141.0,50,985,37,33,37,33,124,145,125,125,100,NaN,NaN,NaN,NaN,NaN,TS,WN,B,B,150,1004,0.77,M,25,RCB,
2012100100,18w.2012,JELAWAT,STY,NN,41.0,144.8,40,993,42,39,42,39,124,145,125,125,100,NaN,NaN,NaN,NaN,NaN,EX,NW,B,B,NaN,NaN,NaN,NaN,NaN,NaN,
2012100106,18w.2012,JELAWAT,STY,NN,43.2,148.6,35,996,52,36,52,36,124,145,125,125,100,NaN,NaN,NaN,NaN,NaN,EX,NW,B,B,NaN,NaN,NaN,NaN,NaN,NaN,
2012092106,g3w.2012,9X-G3W,TS,NN,13.0,140.6,15,1010,360,1,360,0,NaN,NaN,NaN,NaN,NaN,NaN,NaN,NaN,NaN,NaN,DB,NW,b,b,NaN,NaN,NaN,NaN,NaN,NaN,
2012092112,g3w.2012,9X-G3W,TS,NN,13.0,140.4,15,1010,360,1,360,0,NaN,NaN,NaN,NaN,NaN,NaN,NaN,NaN,NaN,NaN,DB,NW,b,b,NaN,NaN,NaN,NaN,NaN,NaN,
2012092118,g3w.2012,9X-G3W,TS,NN,13.1,140.6,15,1010,360,1,360,0,NaN,NaN,NaN,NaN,NaN,NaN,NaN,NaN,NaN,NaN,DB,NW,b,b,NaN,NaN,NaN,NaN,NaN,NaN,
2012092200,g3w.2012,9X-G3W,TS,NN,13.0,140.0,15,NaN,270,2,270,2,NaN,NaN,NaN,NaN,NaN,NaN,NaN,NaN,NaN,NaN,NT,NW,c,c,NaN,NaN,NaN,NaN,NaN,NaN,
2012092206,g3w.2012,9X-G3W,TS,NN,13.0,139.7,15,NaN,270,2,263,4,NaN,NaN,NaN,NaN,NaN,NaN,NaN,NaN,NaN,NaN,NT,NW,c,c,NaN,NaN,NaN,NaN,NaN,NaN,
2012092212,g3w.2012,9X-G3W,TS,NN,13.1,140.1,15,NaN,270,2,44,1,NaN,NaN,NaN,NaN,NaN,NaN,NaN,NaN,NaN,NaN,NT,NW,c,c,NaN,NaN,NaN,NaN,NaN,NaN,
2012092218,g3w.2012,9X-G3W,TS,NN,14.1,140.7,15,NaN,270,2,41,7,NaN,NaN,NaN,NaN,NaN,NaN,NaN,NaN,NaN,NaN,NT,NW,c,c,NaN,NaN,NaN,NaN,NaN,NaN,
2012092300,g3w.2012,9X-G3W,TS,NN,15.3,139.0,15,NaN,278,3,334,12,NaN,NaN,NaN,NaN,NaN,NaN,NaN,NaN,NaN,NaN,NT,NW,c,c,NaN,NaN,NaN,NaN,NaN,NaN,
2012092306,g3w.2012,9X-G3W,TS,NN,15.6,140.7,20,1006,327,11,360,8,NaN,NaN,NaN,NaN,NaN,NaN,NaN,NaN,NaN,NaN,DB,NW,B,B,160,1008,NaN,S,45,NaN,
2012092312,g3w.2012,9X-G3W,TS,NN,16.4,139.9,20,1002,327,11,38,7,NaN,NaN,NaN,NaN,NaN,NaN,NaN,NaN,NaN,NaN,DB,NW,B,B,180,1004,NaN,S,45,NaN,
2012092318,g3w.2012,9X-G3W,TS,NN,17.4,139.5,20,1002,327,11,327,11,NaN,NaN,NaN,NaN,NaN,NaN,NaN,NaN,NaN,NaN,DB,NW,B,B,180,1004,NaN,S,45,NaN,
2012092400,19w.2012,EWINIAR,TS,NN,18.5,139.0,25,1002,338,11,338,11,NaN,NaN,NaN,NaN,NaN,NaN,NaN,NaN,NaN,NaN,TD,WN,B,B,180,1005,NaN,S,45,JDC,
2012092406,19w.2012,EWINIAR,TS,NN,19.5,138.8,25,1004,342,11,342,11,NaN,NaN,NaN,NaN,NaN,NaN,NaN,NaN,NaN,NaN,TD,WN,B,B,160,1004,NaN,S,45,SJB,
2012092412,19w.2012,EWINIAR,TS,NN,20.2,138.7,30,1000,351,9,351,9,NaN,NaN,NaN,NaN,NaN,NaN,NaN,NaN,NaN,NaN,TD,WN,B,B,160,1004,NaN,S,45,SJB,
2012092418,19w.2012,EWINIAR,TS,NN,21.0,138.5,35,996,349,8,349,8,65,85,75,50,50,NaN,NaN,NaN,NaN,NaN,TS,WN,B,B,165,1006,NaN,M,40,MEK,
2012092500,19w.2012,EWINIAR,TS,NN,21.9,138.1,35,996,342,9,342,9,71,90,80,60,55,NaN,NaN,NaN,NaN,NaN,TS,WN,B,B,165,1005,NaN,M,40,MEK,
2012092506,19w.2012,EWINIAR,TS,NN,22.9,138.7,35,996,6,10,6,10,71,90,80,60,55,NaN,NaN,NaN,NaN,NaN,TS,WN,B,B,165,1005,NaN,M,40,RCB,
2012092512,19w.2012,EWINIAR,TS,NN,24.0,139.5,45,989,32,12,32,12,78,95,80,70,65,NaN,NaN,NaN,NaN,NaN,TS,WN,B,B,175,1005,NaN,M,40,RCB,
2012092518,19w.2012,EWINIAR,TS,NN,24.9,140.5,45,989,39,13,39,13,94,110,100,80,85,NaN,NaN,NaN,NaN,NaN,TS,WN,B,B,175,1007,NaN,M,35,NaN,
2012092600,19w.2012,EWINIAR,TS,NN,25.3,141.3,45,989,52,10,52,10,86,110,100,70,65,NaN,NaN,NaN,NaN,NaN,TS,WN,B,B,195,1007,NaN,M,35,MEK,
2012092606,19w.2012,EWINIAR,TS,NN,26.1,142.3,45,989,54,10,54,10,86,110,100,70,65,NaN,NaN,NaN,NaN,NaN,TS,WN,B,B,195,1007,NaN,M,35,RCB,
2012092612,19w.2012,EWINIAR,TS,NN,27.6,142.8,45,989,30,13,30,13,79,100,90,65,60,NaN,NaN,NaN,NaN,NaN,TS,WN,B,B,195,1007,NaN,M,35,RCB,
2012092618,19w.2012,EWINIAR,TS,NN,29.2,142.5,50,985,3,16,3,16,79,100,90,65,60,NaN,NaN,NaN,NaN,NaN,TS,WN,B,B,200,1007,NaN,M,35,MEK,
2012092700,19w.2012,EWINIAR,TS,NN,30.4,142.2,55,982,349,14,349,14,79,100,90,65,60,20,20,20,65,20,TS,WN,B,B,200,1008,NaN,M,20,NaN,
2012092706,19w.2012,EWINIAR,TS,NN,31.1,142.0,55,982,347,10,347,10,120,130,130,110,110,50,50,50,110,50,TS,WN,B,B,200,1008,NaN,D,35,SJB,
2012092712,19w.2012,EWINIAR,TS,NN,31.4,141.7,55,982,337,5,337,5,120,130,130,110,110,52,55,55,110,50,TS,WN,B,B,200,1008,NaN,D,35,SJB,
2012092718,19w.2012,EWINIAR,TS,NN,31.5,141.7,55,982,327,2,327,2,120,130,130,110,110,52,55,55,110,50,TS,WN,B,B,200,1008,NaN,D,45,JDC,
2012092800,19w.2012,EWINIAR,TS,NN,31.5,142.5,50,985,82,3,82,3,120,130,130,110,110,NaN,NaN,NaN,NaN,NaN,TS,WN,B,B,190,1008,NaN,M,40,JDC,
2012092806,19w.2012,EWINIAR,TS,NN,32.0,143.1,45,989,67,6,67,6,115,120,120,110,110,NaN,NaN,NaN,NaN,NaN,TS,WN,B,B,190,1005,NaN,M,45,SJB,
2012092812,19w.2012,EWINIAR,TS,NN,32.5,144.2,45,989,55,9,55,9,115,110,120,120,110,NaN,NaN,NaN,NaN,NaN,TS,WN,B,B,190,1005,NaN,M,45,SJB,
2012092818,19w.2012,EWINIAR,TS,NN,33.6,145.1,45,989,46,12,46,12,115,110,120,120,110,NaN,NaN,NaN,NaN,NaN,TS,WN,B,B,190,1005,NaN,M,45,RCB,
2012092900,19w.2012,EWINIAR,TS,NN,34.8,145.9,45,989,32,14,32,14,115,110,120,120,110,NaN,NaN,NaN,NaN,NaN,TS,WN,B,B,190,1005,NaN,M,45,RCB,
2012092906,19w.2012,EWINIAR,TS,NN,36.4,147.1,45,989,30,16,30,16,115,110,120,120,110,NaN,NaN,NaN,NaN,NaN,TS,WN,B,B,190,1005,NaN,M,45,ADL,
2012092912,19w.2012,EWINIAR,TS,NN,38.0,149.3,35,996,41,21,41,21,115,110,120,120,110,NaN,NaN,NaN,NaN,NaN,TS,WN,B,B,190,1005,NaN,M,45,ADL,
2012092918,19w.2012,EWINIAR,TS,NN,39.6,151.5,30,1000,47,24,47,24,NaN,NaN,NaN,NaN,NaN,NaN,NaN,NaN,NaN,NaN,TD,NW,B,B,NaN,NaN,NaN,NaN,NaN,NaN,
2012093000,19w.2012,EWINIAR,TS,NN,40.8,154.3,30,1000,54,24,54,24,NaN,NaN,NaN,NaN,NaN,NaN,NaN,NaN,NaN,NaN,TD,NW,B,B,NaN,NaN,NaN,NaN,NaN,NaN,
2012093006,19w.2012,EWINIAR,TS,NN,42.1,158.6,30,1000,65,30,65,30,NaN,NaN,NaN,NaN,NaN,NaN,NaN,NaN,NaN,NaN,EX,NW,B,B,NaN,NaN,NaN,NaN,NaN,NaN,
2012092700,g4w.2012,9X-G4W,TS,NN,8.0,155.0,15,NaN,270,2,272,8,NaN,NaN,NaN,NaN,NaN,NaN,NaN,NaN,NaN,NaN,NT,NW,c,c,NaN,NaN,NaN,NaN,NaN,NaN,
2012092706,g4w.2012,9X-G4W,TS,NN,8.1,154.8,15,NaN,270,2,272,8,NaN,NaN,NaN,NaN,NaN,NaN,NaN,NaN,NaN,NaN,NT,NW,c,c,NaN,NaN,NaN,NaN,NaN,NaN,
2012092712,g4w.2012,9X-G4W,TS,NN,8.1,154.5,15,NaN,281,3,272,8,NaN,NaN,NaN,NaN,NaN,NaN,NaN,NaN,NaN,NaN,NT,NW,c,c,NaN,NaN,NaN,NaN,NaN,NaN,
2012092718,g4w.2012,9X-G4W,TS,NN,8.1,152.5,15,NaN,270,3,272,8,NaN,NaN,NaN,NaN,NaN,NaN,NaN,NaN,NaN,NaN,NT,NW,c,c,NaN,NaN,NaN,NaN,NaN,NaN,
2012092800,g4w.2012,9X-G4W,TS,NN,8.7,150.4,15,NaN,283,5,278,21,NaN,NaN,NaN,NaN,NaN,NaN,NaN,NaN,NaN,NaN,NT,NW,c,c,NaN,NaN,NaN,NaN,NaN,NaN,
2012092806,g4w.2012,9X-G4W,TS,NN,8.8,149.3,15,NaN,274,7,282,16,NaN,NaN,NaN,NaN,NaN,NaN,NaN,NaN,NaN,NaN,NT,NW,c,c,NaN,NaN,NaN,NaN,NaN,NaN,
2012092812,g4w.2012,9X-G4W,TS,NN,8.8,148.8,15,NaN,270,4,274,8,NaN,NaN,NaN,NaN,NaN,NaN,NaN,NaN,NaN,NaN,NT,NW,c,c,NaN,NaN,NaN,NaN,NaN,NaN,
2012092818,g4w.2012,9X-G4W,TS,NN,10.9,150.1,15,NaN,270,1,21,11,NaN,NaN,NaN,NaN,NaN,NaN,NaN,NaN,NaN,NaN,NT,NW,c,c,NaN,NaN,NaN,NaN,NaN,NaN,
2012092900,g4w.2012,9X-G4W,TS,NN,10.9,149.9,15,NaN,270,1,27,12,NaN,NaN,NaN,NaN,NaN,NaN,NaN,NaN,NaN,NaN,NT,NW,c,c,NaN,NaN,NaN,NaN,NaN,NaN,
2012092906,g4w.2012,9X-G4W,TS,NN,11.4,149.2,15,1004,295,4,300,5,NaN,NaN,NaN,NaN,NaN,NaN,NaN,NaN,NaN,NaN,DB,NW,C,C,150,1008,NaN,S,40,NaN,
2012092912,g4w.2012,9X-G4W,TS,NN,12.0,151.9,15,1004,335,15,61,11,NaN,NaN,NaN,NaN,NaN,NaN,NaN,NaN,NaN,NaN,DB,NW,B,B,150,1008,NaN,S,40,NaN,
2012092918,g4w.2012,9X-G4W,TS,NN,13.4,151.3,20,1007,335,15,46,14,NaN,NaN,NaN,NaN,NaN,NaN,NaN,NaN,NaN,NaN,DB,NW,B,B,NaN,NaN,NaN,NaN,NaN,NaN,
2012093000,g4w.2012,9X-G4W,TS,NN,14.7,150.6,20,1007,335,15,335,15,NaN,NaN,NaN,NaN,NaN,NaN,NaN,NaN,NaN,NaN,DB,NW,B,B,160,1008,NaN,S,40,NaN,
2012093006,g4w.2012,9X-G4W,TS,NN,16.0,149.8,20,1007,331,15,331,15,NaN,NaN,NaN,NaN,NaN,NaN,NaN,NaN,NaN,NaN,DB,NW,B,B,160,1008,NaN,S,40,NaN,
2012093012,20w.2012,MALIKSI,TS,NN,16.1,148.5,25,1004,305,12,305,12,NaN,NaN,NaN,NaN,NaN,NaN,NaN,NaN,NaN,NaN,TD,WN,B,B,160,1008,NaN,S,40,ADL,
2012093018,20w.2012,MALIKSI,TS,NN,16.4,147.3,30,1000,279,12,279,12,NaN,NaN,NaN,NaN,NaN,NaN,NaN,NaN,NaN,NaN,TD,WN,B,B,160,1008,NaN,S,40,RCB,
2012100100,20w.2012,MALIKSI,TS,NN,17.1,146.6,30,1000,299,10,299,10,NaN,NaN,NaN,NaN,NaN,NaN,NaN,NaN,NaN,NaN,TD,WN,B,B,160,1008,NaN,S,40,RCB,
2012100106,20w.2012,MALIKSI,TS,NN,18.0,146.1,30,1000,324,10,324,10,NaN,NaN,NaN,NaN,NaN,NaN,NaN,NaN,NaN,NaN,TD,WN,B,B,160,1008,NaN,S,40,ADL,
2012100112,20w.2012,MALIKSI,TS,NN,18.7,145.4,35,996,324,10,324,10,NaN,NaN,NaN,NaN,NaN,NaN,NaN,NaN,NaN,NaN,TS,WN,B,B,160,1007,0.01,S,30,ADL,
2012100118,20w.2012,MALIKSI,TS,NN,19.4,144.5,35,996,313,10,313,10,NaN,NaN,NaN,NaN,NaN,NaN,NaN,NaN,NaN,NaN,TS,WN,B,B,180,1002,NaN,S,40,NaN,
2012100200,20w.2012,MALIKSI,TS,NN,20.1,143.5,40,993,308,11,308,11,55,60,50,50,60,NaN,NaN,NaN,NaN,NaN,TS,WN,B,B,180,1002,NaN,M,35,SJB,
2012100206,20w.2012,MALIKSI,TS,NN,21.0,142.6,45,989,312,12,312,12,62,65,65,60,60,NaN,NaN,NaN,NaN,NaN,TS,WN,B,B,190,1001,NaN,M,40,JDC,
2012100212,20w.2012,MALIKSI,TS,NN,22.0,142.1,45,989,325,12,325,12,62,65,65,60,60,NaN,NaN,NaN,NaN,NaN,TS,WN,B,B,190,1001,NaN,M,40,JDC,
2012100218,20w.2012,MALIKSI,TS,NN,22.9,141.5,45,989,332,11,332,11,62,65,65,60,60,NaN,NaN,NaN,NaN,NaN,TS,WN,B,B,240,998,NaN,M,40,SJB,
2012100300,20w.2012,MALIKSI,TS,NN,24.3,141.0,45,989,336,13,336,13,76,90,85,65,65,NaN,NaN,NaN,NaN,NaN,TS,WN,B,B,240,999,NaN,M,40,MEK,
2012100306,20w.2012,MALIKSI,TS,NN,25.9,141.9,45,989,7,15,7,15,76,90,85,65,65,NaN,NaN,NaN,NaN,NaN,TS,WN,B,B,240,999,NaN,M,45,JDC,
2012100312,20w.2012,MALIKSI,TS,NN,27.9,142.6,45,989,22,19,22,19,76,90,85,65,65,NaN,NaN,NaN,NaN,NaN,TS,WN,B,B,240,999,NaN,M,40,JDC,
2012100318,20w.2012,MALIKSI,TS,NN,30.9,142.4,45,989,5,25,5,25,76,90,85,65,65,NaN,NaN,NaN,NaN,NaN,TS,WN,B,B,220,999,NaN,M,40,RCB,
2012100400,20w.2012,MALIKSI,TS,NN,34.1,143.9,45,989,10,31,10,31,76,90,85,65,65,NaN,NaN,NaN,NaN,NaN,EX,NW,B,B,220,999,NaN,M,40,NaN,
2012100406,20w.2012,MALIKSI,TS,NN,36.9,145.8,45,989,25,33,25,33,76,90,85,65,65,NaN,NaN,NaN,NaN,NaN,EX,NW,B,B,NaN,NaN,NaN,NaN,NaN,NaN,
2012100412,20w.2012,MALIKSI,TS,NN,39.8,149.6,45,989,39,36,39,36,76,90,85,65,65,NaN,NaN,NaN,NaN,NaN,EX,NW,B,B,NaN,NaN,NaN,NaN,NaN,NaN,
2012100418,20w.2012,MALIKSI,TS,NN,42.4,153.2,45,989,46,40,46,40,76,90,85,65,65,NaN,NaN,NaN,NaN,NaN,EX,NW,B,B,NaN,NaN,NaN,NaN,NaN,NaN,
2012100500,20w.2012,MALIKSI,TS,NN,43.1,154.1,45,NaN,46,27,46,24,NaN,NaN,NaN,NaN,NaN,NaN,NaN,NaN,NaN,NaN,TW,NW,c,c,NaN,NaN,NaN,NaN,NaN,NaN,
2012092712,g5w.2012,9X-G5W,TS,NN,13.1,112.5,15,1010,297,4,297,4,NaN,NaN,NaN,NaN,NaN,NaN,NaN,NaN,NaN,NaN,DB,NW,b,b,NaN,NaN,NaN,NaN,NaN,NaN,
2012092718,g5w.2012,9X-G5W,TS,NN,13.1,112.4,15,1010,297,4,297,4,NaN,NaN,NaN,NaN,NaN,NaN,NaN,NaN,NaN,NaN,DB,NW,b,b,NaN,NaN,NaN,NaN,NaN,NaN,
2012092800,g5w.2012,9X-G5W,TS,NN,13.5,111.7,15,1010,297,4,297,4,NaN,NaN,NaN,NaN,NaN,NaN,NaN,NaN,NaN,NaN,DB,NW,b,b,NaN,NaN,NaN,NaN,NaN,NaN,
2012092806,g5w.2012,9X-G5W,TS,NN,13.1,112.2,15,NaN,270,1,270,1,NaN,NaN,NaN,NaN,NaN,NaN,NaN,NaN,NaN,NaN,NT,NW,c,c,NaN,NaN,NaN,NaN,NaN,NaN,
2012092812,g5w.2012,9X-G5W,TS,NN,13.1,112.1,15,NaN,270,1,136,3,NaN,NaN,NaN,NaN,NaN,NaN,NaN,NaN,NaN,NaN,NT,NW,c,c,NaN,NaN,NaN,NaN,NaN,NaN,
2012092818,g5w.2012,9X-G5W,TS,NN,13.5,112.0,15,NaN,90,1,334,2,NaN,NaN,NaN,NaN,NaN,NaN,NaN,NaN,NaN,NaN,NT,NW,c,c,NaN,NaN,NaN,NaN,NaN,NaN,
2012092900,g5w.2012,9X-G5W,TS,NN,13.6,111.8,15,NaN,90,1,330,3,NaN,NaN,NaN,NaN,NaN,NaN,NaN,NaN,NaN,NaN,NT,NW,c,c,NaN,NaN,NaN,NaN,NaN,NaN,
2012092906,g5w.2012,9X-G5W,TS,NN,14.8,112.8,15,1010,31,8,31,8,NaN,NaN,NaN,NaN,NaN,NaN,NaN,NaN,NaN,NaN,DB,NW,b,b,NaN,NaN,NaN,NaN,NaN,NaN,
2012092912,g5w.2012,9X-G5W,TS,NN,13.0,112.3,15,NaN,122,3,141,4,NaN,NaN,NaN,NaN,NaN,NaN,NaN,NaN,NaN,NaN,NT,NW,c,c,NaN,NaN,NaN,NaN,NaN,NaN,
2012092918,g5w.2012,9X-G5W,TS,NN,14.5,113.2,15,NaN,117,2,128,2,NaN,NaN,NaN,NaN,NaN,NaN,NaN,NaN,NaN,NaN,NT,NW,c,c,NaN,NaN,NaN,NaN,NaN,NaN,
2012093000,g5w.2012,9X-G5W,TS,NN,14.9,113.5,15,NaN,75,2,32,11,NaN,NaN,NaN,NaN,NaN,NaN,NaN,NaN,NaN,NaN,NT,NW,c,c,NaN,NaN,NaN,NaN,NaN,NaN,
2012093006,g5w.2012,9X-G5W,TS,NN,15.4,113.0,15,1010,40,5,348,5,NaN,NaN,NaN,NaN,NaN,NaN,NaN,NaN,NaN,NaN,TD,NW,B,B,NaN,NaN,NaN,NaN,NaN,NaN,
2012093012,g5w.2012,9X-G5W,TS,NN,15.6,113.3,15,1010,40,5,345,4,NaN,NaN,NaN,NaN,NaN,NaN,NaN,NaN,NaN,NaN,TD,NW,B,B,NaN,NaN,NaN,NaN,NaN,NaN,
2012093018,g5w.2012,9X-G5W,TS,NN,16.1,113.6,20,1007,40,5,40,5,NaN,NaN,NaN,NaN,NaN,NaN,NaN,NaN,NaN,NaN,DB,NW,B,B,150,1009,NaN,S,40,NaN,
2012100100,g5w.2012,9X-G5W,TS,NN,16.6,114.1,20,1007,38,6,38,6,NaN,NaN,NaN,NaN,NaN,NaN,NaN,NaN,NaN,NaN,DB,NW,B,B,150,1009,NaN,S,40,NaN,
2012100106,g5w.2012,9X-G5W,TS,NN,17.0,114.8,25,1004,52,7,52,7,NaN,NaN,NaN,NaN,NaN,NaN,NaN,NaN,NaN,NaN,TD,NW,B,B,160,1009,NaN,S,40,NaN,
2012100112,21w.2012,GAEMI,TS,NN,17.3,115.1,30,1000,54,6,54,6,NaN,NaN,NaN,NaN,NaN,NaN,NaN,NaN,NaN,NaN,TD,WN,B,B,165,1009,NaN,S,35,ADL,
2012100118,21w.2012,GAEMI,TS,NN,16.9,115.3,35,996,102,2,102,2,NaN,NaN,NaN,NaN,NaN,NaN,NaN,NaN,NaN,NaN,TS,WN,B,B,150,1008,NaN,S,40,SJB,
2012100200,21w.2012,GAEMI,TS,NN,16.5,115.3,35,996,167,4,167,4,NaN,NaN,NaN,NaN,NaN,NaN,NaN,NaN,NaN,NaN,TS,WN,B,B,150,1008,NaN,S,40,SJB,
2012100206,21w.2012,GAEMI,TS,NN,15.8,115.7,40,993,161,6,161,6,25,25,25,25,25,NaN,NaN,NaN,NaN,NaN,TS,WN,B,B,160,1008,NaN,M,25,NaN,
2012100212,21w.2012,GAEMI,TS,NN,15.6,116.7,40,993,124,8,124,8,60,60,60,60,60,NaN,NaN,NaN,NaN,NaN,TS,WN,B,B,180,1008,NaN,M,30,JDC,
2012100218,21w.2012,GAEMI,TS,NN,15.4,117.2,50,985,105,7,105,7,60,60,60,60,60,NaN,NaN,NaN,NaN,NaN,TS,WN,B,B,180,1008,NaN,M,30,SJB,
2012100300,21w.2012,GAEMI,TS,NN,15.5,117.6,55,982,97,4,97,4,60,60,60,60,60,NaN,NaN,NaN,NaN,NaN,TS,WN,B,B,205,1007,NaN,M,30,MEK,
2012100306,21w.2012,GAEMI,TS,NN,15.4,117.9,55,982,90,3,90,3,65,65,65,65,65,25,25,25,65,25,TS,WN,B,B,205,1007,NaN,M,20,JDC,
2012100312,21w.2012,GAEMI,TS,NN,15.2,118.0,55,982,128,2,128,2,65,65,65,65,65,30,30,30,65,30,TS,WN,B,B,210,1007,NaN,M,25,JDC,
2012100318,21w.2012,GAEMI,TS,NN,15.0,118.1,50,985,154,2,154,2,60,55,60,65,60,NaN,NaN,NaN,NaN,NaN,TS,WN,B,B,200,1007,NaN,M,25,RCB,
2012100400,21w.2012,GAEMI,TS,NN,15.0,118.3,40,993,125,2,125,2,55,55,55,55,55,NaN,NaN,NaN,NaN,NaN,TS,WN,B,B,200,1007,NaN,M,30,BRS,
2012100406,21w.2012,GAEMI,TS,NN,14.7,118.2,40,993,162,2,162,2,65,60,65,65,70,NaN,NaN,NaN,NaN,NaN,TS,WN,B,B,200,1007,NaN,M,30,ADL,
2012100412,21w.2012,GAEMI,TS,NN,14.6,118.0,35,996,216,2,216,2,65,60,65,65,70,NaN,NaN,NaN,NaN,NaN,TS,WN,B,B,200,1007,NaN,M,30,ADL,
2012100418,21w.2012,GAEMI,TS,NN,14.6,117.5,35,996,262,3,262,3,65,60,65,65,70,NaN,NaN,NaN,NaN,NaN,TS,WN,B,B,150,1007,NaN,M,30,RCB,
2012100500,21w.2012,GAEMI,TS,NN,14.5,116.6,35,996,266,7,266,7,69,65,70,70,70,NaN,NaN,NaN,NaN,NaN,TS,WN,B,B,160,1007,NaN,M,30,RCB,
2012100506,21w.2012,GAEMI,TS,NN,14.5,115.7,35,996,267,9,267,9,69,65,70,70,70,NaN,NaN,NaN,NaN,NaN,TS,WN,B,B,160,1007,NaN,M,30,ADL,
2012100512,21w.2012,GAEMI,TS,NN,14.3,114.6,35,996,264,10,264,10,69,65,70,70,70,NaN,NaN,NaN,NaN,NaN,TS,WN,B,B,160,1007,NaN,M,30,ADL,
2012100518,21w.2012,GAEMI,TS,NN,13.9,113.0,40,993,257,13,257,13,69,65,70,70,70,NaN,NaN,NaN,NaN,NaN,TS,WN,B,B,160,1006,NaN,M,40,SJB,
2012100600,21w.2012,GAEMI,TS,NN,13.4,111.4,40,993,254,16,254,16,62,65,60,60,65,NaN,NaN,NaN,NaN,NaN,TS,WN,B,B,160,1006,NaN,M,40,SJB,
2012100606,21w.2012,GAEMI,TS,NN,13.3,109.7,40,993,259,16,259,16,62,65,60,60,65,NaN,NaN,NaN,NaN,NaN,TS,WN,B,B,160,1007,0.27,M,45,JDC,
2012100612,21w.2012,GAEMI,TS,NN,13.3,108.4,35,996,268,15,268,15,62,65,60,60,65,NaN,NaN,NaN,NaN,NaN,TS,WN,B,B,97,1006,0.99,M,40,JDC,
2012100618,21w.2012,GAEMI,TS,NN,13.2,106.5,25,1004,268,16,268,16,NaN,NaN,NaN,NaN,NaN,NaN,NaN,NaN,NaN,NaN,TD,NW,B,B,160,1008,0.98,NaN,40,NaN,
2012100312,g9w.2012,9X-G9W,TY,NN,14.8,143.8,15,1010,176,7,176,7,NaN,NaN,NaN,NaN,NaN,NaN,NaN,NaN,NaN,NaN,DB,NW,b,b,NaN,NaN,NaN,NaN,NaN,NaN,
2012100318,g9w.2012,9X-G9W,TY,NN,14.8,143.5,15,1010,176,7,176,7,NaN,NaN,NaN,NaN,NaN,NaN,NaN,NaN,NaN,NaN,DB,NW,b,b,NaN,NaN,NaN,NaN,NaN,NaN,
2012100400,g9w.2012,9X-G9W,TY,NN,13.5,143.9,15,1010,176,7,176,7,NaN,NaN,NaN,NaN,NaN,NaN,NaN,NaN,NaN,NaN,DB,NW,b,b,NaN,NaN,NaN,NaN,NaN,NaN,
2012100406,g9w.2012,9X-G9W,TY,NN,14.8,142.7,15,NaN,270,4,270,4,NaN,NaN,NaN,NaN,NaN,NaN,NaN,NaN,NaN,NaN,NT,NW,c,c,NaN,NaN,NaN,NaN,NaN,NaN,
2012100412,g9w.2012,9X-G9W,TY,NN,14.6,141.8,15,NaN,270,6,298,12,NaN,NaN,NaN,NaN,NaN,NaN,NaN,NaN,NaN,NaN,NT,NW,c,c,NaN,NaN,NaN,NaN,NaN,NaN,
2012100418,g9w.2012,9X-G9W,TY,NN,15.3,142.0,15,NaN,270,3,306,4,NaN,NaN,NaN,NaN,NaN,NaN,NaN,NaN,NaN,NaN,NT,NW,c,c,NaN,NaN,NaN,NaN,NaN,NaN,
2012100500,g9w.2012,9X-G9W,TY,NN,16.2,143.7,15,1010,49,12,49,12,NaN,NaN,NaN,NaN,NaN,NaN,NaN,NaN,NaN,NaN,DB,NW,b,b,NaN,NaN,NaN,NaN,NaN,NaN,
2012100506,g9w.2012,9X-G9W,TY,NN,14.8,142.7,20,1006,290,5,126,4,NaN,NaN,NaN,NaN,NaN,NaN,NaN,NaN,NaN,NaN,DB,NW,C,C,200,1008,NaN,S,30,NaN,
2012100512,g9w.2012,9X-G9W,TY,NN,14.8,141.9,20,1006,275,6,231,11,NaN,NaN,NaN,NaN,NaN,NaN,NaN,NaN,NaN,NaN,DB,NW,C,C,200,1008,NaN,S,30,NaN,
2012100518,g9w.2012,9X-G9W,TY,NN,17.0,141.0,20,1005,290,9,323,14,NaN,NaN,NaN,NaN,NaN,NaN,NaN,NaN,NaN,NaN,DB,NW,C,C,200,1008,NaN,S,45,NaN,
2012100600,g9w.2012,9X-G9W,TY,NN,16.4,141.1,20,1005,270,6,334,9,NaN,NaN,NaN,NaN,NaN,NaN,NaN,NaN,NaN,NaN,DB,NW,C,C,200,1008,NaN,S,45,NaN,
2012100606,g9w.2012,9X-G9W,TY,NN,16.5,140.0,20,1005,275,7,242,5,NaN,NaN,NaN,NaN,NaN,NaN,NaN,NaN,NaN,NaN,DB,NW,C,C,200,1008,NaN,S,45,NaN,
2012100612,g9w.2012,9X-G9W,TY,NN,18.7,139.3,20,1007,257,7,323,14,NaN,NaN,NaN,NaN,NaN,NaN,NaN,NaN,NaN,NaN,DB,NW,B,B,200,1008,NaN,S,40,NaN,
2012100618,g9w.2012,9X-G9W,TY,NN,18.7,138.6,20,1004,257,7,329,13,NaN,NaN,NaN,NaN,NaN,NaN,NaN,NaN,NaN,NaN,DB,NW,B,B,180,1006,NaN,S,40,NaN,
2012100700,g9w.2012,9X-G9W,TY,NN,18.4,137.9,20,1007,257,7,257,7,NaN,NaN,NaN,NaN,NaN,NaN,NaN,NaN,NaN,NaN,DB,NW,B,B,180,1008,NaN,S,40,NaN,
2012100706,g9w.2012,9X-G9W,TY,NN,18.0,137.3,20,1007,240,7,240,7,NaN,NaN,NaN,NaN,NaN,NaN,NaN,NaN,NaN,NaN,DB,NW,B,B,180,1007,NaN,S,40,NaN,
2012100712,22w.2012,PRAPIROON,TY,NN,17.8,136.7,25,1004,242,6,242,6,NaN,NaN,NaN,NaN,NaN,NaN,NaN,NaN,NaN,NaN,TD,WN,B,B,180,1006,NaN,S,40,SJB,
2012100718,22w.2012,PRAPIROON,TY,NN,17.9,136.1,35,996,265,6,265,6,NaN,NaN,NaN,NaN,NaN,NaN,NaN,NaN,NaN,NaN,TS,WN,B,B,180,1006,NaN,M,35,SJB,
2012100800,22w.2012,PRAPIROON,TY,NN,17.9,135.5,45,989,275,6,275,6,58,60,55,55,60,NaN,NaN,NaN,NaN,NaN,TS,WN,B,B,240,1002,NaN,M,35,SJB,
2012100806,22w.2012,PRAPIROON,TY,NN,18.3,134.9,50,985,289,6,289,6,62,65,60,60,65,NaN,NaN,NaN,NaN,NaN,TS,WN,B,B,250,1002,NaN,M,30,JDC,
2012100812,22w.2012,PRAPIROON,TY,NN,18.3,133.9,55,982,285,8,285,8,68,70,65,65,70,25,25,25,65,25,TS,WN,B,B,250,1002,NaN,M,20,JDC,
2012100818,22w.2012,PRAPIROON,TY,NN,17.9,133.2,60,978,256,8,256,8,72,70,85,65,70,30,30,30,65,30,TS,WN,B,B,250,1002,NaN,M,20,ADL,
2012100900,22w.2012,PRAPIROON,TY,NN,17.6,132.6,65,974,240,7,240,7,78,75,90,70,75,30,30,30,70,30,TY,WN,B,B,240,1002,NaN,M,20,ADL,
2012100906,22w.2012,PRAPIROON,TY,NN,17.8,132.2,65,974,264,5,264,5,78,75,90,70,75,30,30,30,70,30,TY,WN,B,B,NaN,NaN,NaN,NaN,NaN,NaN,
2012100912,22w.2012,PRAPIROON,TY,NN,18.1,131.9,70,970,307,4,307,4,82,80,95,75,80,32,35,30,75,35,TY,WN,B,B,250,1002,NaN,M,15,RCB,
2012100918,22w.2012,PRAPIROON,TY,NN,18.3,131.5,75,967,307,4,307,4,82,80,95,75,80,32,35,30,75,35,TY,WN,B,B,250,1002,NaN,S,15,ADL,
2012101000,22w.2012,PRAPIROON,TY,NN,18.4,131.0,90,956,289,5,289,5,134,150,140,125,120,34,40,30,125,35,TY,WN,B,B,240,1000,NaN,D,15,ADL,
2012101006,22w.2012,PRAPIROON,TY,NN,18.6,130.5,90,956,288,5,288,5,140,150,130,130,150,70,70,70,130,70,TY,WN,B,B,240,1002,NaN,D,20,SJB,
2012101012,22w.2012,PRAPIROON,TY,NN,18.8,129.9,90,956,291,6,291,6,140,150,130,130,150,70,70,70,130,70,TY,WN,B,B,240,1002,NaN,D,20,RCB,
2012101018,22w.2012,PRAPIROON,TY,NN,18.9,129.4,90,956,286,5,286,5,140,150,130,130,150,70,70,70,130,70,TY,WN,B,B,270,1004,NaN,D,20,JMN,
2012101100,22w.2012,PRAPIROON,TY,NN,19.2,129.0,95,952,295,5,295,5,140,150,130,130,150,70,70,70,130,70,TY,WN,B,B,300,1006,NaN,D,20,NaN,
2012101106,22w.2012,PRAPIROON,TY,NN,19.5,128.6,95,952,308,5,308,5,148,155,140,140,155,70,70,70,140,70,TY,WN,B,B,260,1002,NaN,D,20,JDC,
2012101112,22w.2012,PRAPIROON,TY,NN,19.2,128.6,95,952,270,2,270,2,155,160,150,150,160,70,70,70,150,70,TY,WN,B,B,260,1002,NaN,NaN,20,JDC,
2012101118,22w.2012,PRAPIROON,TY,NN,19.6,128.6,105,944,360,1,360,1,155,160,150,150,160,70,70,70,150,70,TY,WN,B,B,260,1003,NaN,D,20,JMN,
2012101200,22w.2012,PRAPIROON,TY,NN,19.7,128.8,105,944,21,3,21,3,175,180,170,170,180,82,85,85,170,80,TY,WN,B,B,270,1004,NaN,D,20,JMN,
2012101206,22w.2012,PRAPIROON,TY,NN,19.9,128.9,100,948,43,2,43,2,175,180,170,170,180,82,85,85,170,80,TY,WN,B,B,260,1003,NaN,D,20,JDC,
2012101212,22w.2012,PRAPIROON,TY,NN,20.1,129.3,95,952,50,3,50,3,165,170,160,160,170,75,75,75,160,75,TY,WN,B,B,260,1003,NaN,D,20,JDC,
2012101218,22w.2012,PRAPIROON,TY,NN,20.5,129.7,85,959,51,5,51,5,175,175,170,165,190,75,75,75,165,75,TY,WN,B,B,270,1004,NaN,D,20,JMN,
2012101300,22w.2012,PRAPIROON,TY,NN,20.9,130.0,80,963,39,5,39,5,175,175,170,165,190,75,75,75,165,75,TY,WN,B,B,260,1004,NaN,D,20,JMN,
2012101306,22w.2012,PRAPIROON,TY,NN,21.3,130.1,75,967,25,4,25,4,175,175,170,165,190,75,75,75,165,75,TY,WN,B,B,260,1004,NaN,D,20,RCB,
2012101312,22w.2012,PRAPIROON,TY,NN,21.6,130.4,75,967,28,4,28,4,175,175,170,165,190,75,75,75,165,75,TY,WN,B,B,260,1004,NaN,D,20,RCB,
2012101318,22w.2012,PRAPIROON,TY,NN,21.7,130.7,75,967,54,3,54,3,175,175,170,165,190,75,75,75,165,75,TY,WN,B,B,260,1004,NaN,D,20,ADL,
2012101400,22w.2012,PRAPIROON,TY,NN,22.0,130.8,70,970,43,3,43,3,175,175,170,165,190,75,75,75,165,75,TY,WN,B,B,260,1006,NaN,D,20,ADL,
2012101406,22w.2012,PRAPIROON,TY,NN,22.4,130.9,70,970,15,4,15,4,175,175,170,165,190,75,75,75,165,75,TY,WN,B,B,260,1006,NaN,D,20,RCB,
2012101412,22w.2012,PRAPIROON,TY,NN,22.6,131.4,70,970,43,4,43,4,175,175,170,165,190,75,75,75,165,75,TY,WN,B,B,260,1006,NaN,D,20,RCB,
2012101418,22w.2012,PRAPIROON,TY,NN,23.0,131.4,70,970,38,4,38,4,175,175,170,165,190,75,75,75,165,75,TY,WN,B,B,290,1006,NaN,D,50,ADL,
2012101500,22w.2012,PRAPIROON,TY,NN,22.8,131.3,75,967,335,1,335,1,175,175,170,165,190,88,85,95,165,85,TY,WN,B,B,290,1006,NaN,S,50,ADL,
2012101506,22w.2012,PRAPIROON,TY,NN,22.6,131.3,75,967,193,2,193,2,172,170,175,175,170,75,75,75,175,75,TY,WN,B,B,280,1006,NaN,S,30,RCB,
2012101512,22w.2012,PRAPIROON,TY,NN,22.4,131.1,75,967,205,2,205,2,172,170,175,175,170,75,75,75,175,75,TY,WN,B,B,280,1006,NaN,S,30,RCB,
2012101518,22w.2012,PRAPIROON,TY,NN,22.1,130.8,70,970,223,3,223,3,172,170,175,175,170,75,75,75,175,75,TY,WN,B,B,265,1005,NaN,D,30,JDC,
2012101600,22w.2012,PRAPIROON,TY,NN,22.0,130.4,65,974,238,4,238,4,162,160,165,165,160,60,60,60,165,60,TY,WN,B,B,250,1005,NaN,D,30,JDC,
2012101606,22w.2012,PRAPIROON,TY,NN,22.0,129.9,55,982,263,4,263,4,162,160,165,165,160,70,65,75,165,65,TS,WN,B,B,250,1005,NaN,D,30,SJB,
2012101612,22w.2012,PRAPIROON,TY,NN,22.3,129.2,55,982,285,6,285,6,162,160,165,165,160,70,65,75,165,65,TS,WN,B,B,240,1005,NaN,D,30,SJB,
2012101618,22w.2012,PRAPIROON,TY,NN,22.8,128.6,45,989,304,7,304,7,162,160,165,165,160,NaN,NaN,NaN,NaN,NaN,TS,WN,B,B,230,1005,NaN,M,30,JDC,
2012101700,22w.2012,PRAPIROON,TY,NN,23.4,128.4,45,989,326,7,326,7,162,160,165,165,160,NaN,NaN,NaN,NaN,NaN,TS,WN,B,B,230,1005,NaN,M,30,JDC,
2012101706,22w.2012,PRAPIROON,TY,NN,24.2,128.7,45,989,4,7,4,7,152,150,155,155,150,NaN,NaN,NaN,NaN,NaN,TS,WN,B,B,230,1005,NaN,M,30,RCB,
2012101712,22w.2012,PRAPIROON,TY,NN,25.0,129.5,45,989,32,9,32,9,152,150,155,155,150,NaN,NaN,NaN,NaN,NaN,TS,WN,B,B,220,1005,NaN,M,30,RCB,
2012101718,22w.2012,PRAPIROON,TY,NN,25.9,130.5,45,989,44,12,44,12,152,150,155,155,150,NaN,NaN,NaN,NaN,NaN,TS,WN,B,B,220,1005,NaN,M,30,ADL,
2012101800,22w.2012,PRAPIROON,TY,NN,27.2,132.0,45,989,46,16,46,16,152,150,155,155,150,NaN,NaN,NaN,NaN,NaN,TS,WN,B,B,215,1005,NaN,M,40,ADL,
2012101806,22w.2012,PRAPIROON,TY,NN,28.7,134.1,45,989,49,21,49,21,152,150,155,155,150,NaN,NaN,NaN,NaN,NaN,TS,WN,B,B,215,1005,NaN,M,40,RCB,
2012101812,22w.2012,PRAPIROON,TY,NN,30.4,136.9,35,996,53,27,53,27,152,150,155,155,150,NaN,NaN,NaN,NaN,NaN,TS,WN,B,B,190,1005,NaN,M,40,RCB,
2012101818,22w.2012,PRAPIROON,TY,NN,31.2,139.5,35,996,62,27,62,27,152,150,155,155,150,NaN,NaN,NaN,NaN,NaN,TS,WN,B,B,190,1006,NaN,M,50,ADL,
2012101900,22w.2012,PRAPIROON,TY,NN,31.9,142.6,35,996,73,26,73,26,152,150,155,155,150,NaN,NaN,NaN,NaN,NaN,TS,WN,B,B,190,1006,NaN,M,50,ADL,
2012101906,22w.2012,PRAPIROON,TY,NN,32.5,146.0,45,989,77,28,77,28,152,150,155,155,150,NaN,NaN,NaN,NaN,NaN,EX,NW,B,B,190,1006,NaN,NaN,50,NaN,
2012100918,h0w.2012,9X-H0W,TS,NN,13.5,146.9,15,1010,270,4,270,4,NaN,NaN,NaN,NaN,NaN,NaN,NaN,NaN,NaN,NaN,DB,NW,b,b,NaN,NaN,NaN,NaN,NaN,NaN,
2012101000,h0w.2012,9X-H0W,TS,NN,13.5,145.9,15,1010,270,4,270,4,NaN,NaN,NaN,NaN,NaN,NaN,NaN,NaN,NaN,NaN,DB,NW,b,b,NaN,NaN,NaN,NaN,NaN,NaN,
2012101006,h0w.2012,9X-H0W,TS,NN,13.5,146.0,15,1010,270,4,270,4,NaN,NaN,NaN,NaN,NaN,NaN,NaN,NaN,NaN,NaN,DB,NW,b,b,NaN,NaN,NaN,NaN,NaN,NaN,
2012101012,h0w.2012,9X-H0W,TS,NN,13.5,146.2,15,NaN,270,2,90,1,NaN,NaN,NaN,NaN,NaN,NaN,NaN,NaN,NaN,NaN,NT,NW,c,c,NaN,NaN,NaN,NaN,NaN,NaN,
2012101018,h0w.2012,9X-H0W,TS,NN,13.5,146.0,15,NaN,270,2,360,0,NaN,NaN,NaN,NaN,NaN,NaN,NaN,NaN,NaN,NaN,NT,NW,c,c,NaN,NaN,NaN,NaN,NaN,NaN,
2012101100,h0w.2012,9X-H0W,TS,NN,13.5,146.3,15,NaN,90,1,90,0,NaN,NaN,NaN,NaN,NaN,NaN,NaN,NaN,NaN,NaN,NT,NW,c,c,NaN,NaN,NaN,NaN,NaN,NaN,
2012101106,h0w.2012,9X-H0W,TS,NN,13.7,145.8,15,NaN,90,1,316,1,NaN,NaN,NaN,NaN,NaN,NaN,NaN,NaN,NaN,NaN,NT,NW,c,c,NaN,NaN,NaN,NaN,NaN,NaN,
2012101112,h0w.2012,9X-H0W,TS,NN,13.6,146.2,15,NaN,90,1,316,1,NaN,NaN,NaN,NaN,NaN,NaN,NaN,NaN,NaN,NaN,NT,NW,c,c,NaN,NaN,NaN,NaN,NaN,NaN,
2012101118,h0w.2012,9X-H0W,TS,NN,14.8,146.0,15,NaN,316,1,10,6,NaN,NaN,NaN,NaN,NaN,NaN,NaN,NaN,NaN,NaN,NT,NW,c,c,NaN,NaN,0.02,NaN,NaN,NaN,
2012101200,h0w.2012,9X-H0W,TS,NN,16.5,146.0,15,NaN,316,1,356,15,NaN,NaN,NaN,NaN,NaN,NaN,NaN,NaN,NaN,NaN,NT,NW,c,c,NaN,NaN,NaN,NaN,NaN,NaN,
2012101206,h0w.2012,9X-H0W,TS,NN,18.1,146.6,15,NaN,90,1,10,17,NaN,NaN,NaN,NaN,NaN,NaN,NaN,NaN,NaN,NaN,NT,NW,c,c,NaN,NaN,NaN,NaN,NaN,NaN,
2012101212,h0w.2012,9X-H0W,TS,NN,17.2,146.8,15,NaN,90,1,48,5,NaN,NaN,NaN,NaN,NaN,NaN,NaN,NaN,NaN,NaN,NT,NW,c,c,NaN,NaN,NaN,NaN,NaN,NaN,
2012101218,h0w.2012,9X-H0W,TS,NN,17.2,146.9,15,NaN,90,1,162,5,NaN,NaN,NaN,NaN,NaN,NaN,NaN,NaN,NaN,NaN,NT,NW,c,c,NaN,NaN,NaN,NaN,NaN,NaN,
2012101300,h0w.2012,9X-H0W,TS,NN,17.2,146.5,15,1010,360,4,270,1,NaN,NaN,NaN,NaN,NaN,NaN,NaN,NaN,NaN,NaN,DB,NW,B,B,NaN,NaN,NaN,NaN,NaN,NaN,
2012101306,h0w.2012,9X-H0W,TS,NN,17.5,146.7,15,1010,360,4,328,2,NaN,NaN,NaN,NaN,NaN,NaN,NaN,NaN,NaN,NaN,DB,NW,B,B,120,1011,NaN,S,15,NaN,
2012101312,h0w.2012,9X-H0W,TS,NN,17.9,146.5,25,1004,360,4,360,3,NaN,NaN,NaN,NaN,NaN,NaN,NaN,NaN,NaN,NaN,TD,NW,B,B,NaN,NaN,NaN,NaN,NaN,NaN,
2012101318,h0w.2012,9X-H0W,TS,NN,17.9,145.5,25,1004,289,6,289,6,NaN,NaN,NaN,NaN,NaN,NaN,NaN,NaN,NaN,NaN,TD,NW,B,B,210,1010,NaN,S,45,NaN,
2012101400,h0w.2012,9X-H0W,TS,NN,17.5,144.5,25,1004,258,10,258,10,NaN,NaN,NaN,NaN,NaN,NaN,NaN,NaN,NaN,NaN,TD,NW,B,B,210,1010,NaN,S,45,NaN,
2012101406,23w.2012,MARIA,TS,NN,17.4,143.7,30,1000,254,9,254,9,NaN,NaN,NaN,NaN,NaN,NaN,NaN,NaN,NaN,NaN,TD,WN,B,B,210,1010,NaN,S,45,RCB,
2012101412,23w.2012,MARIA,TS,NN,17.9,142.9,35,996,285,8,285,8,62,70,70,50,60,NaN,NaN,NaN,NaN,NaN,TS,WN,B,B,210,1010,NaN,S,45,RCB,
2012101418,23w.2012,MARIA,TS,NN,18.6,142.3,40,993,312,9,312,9,68,75,75,55,65,NaN,NaN,NaN,NaN,NaN,TS,WN,B,B,210,1010,NaN,S,40,ADL,
2012101500,23w.2012,MARIA,TS,NN,19.6,142.0,45,989,333,10,333,10,72,80,80,60,70,NaN,NaN,NaN,NaN,NaN,TS,WN,B,B,190,1008,NaN,M,30,MEK,
2012101506,23w.2012,MARIA,TS,NN,21.1,141.7,45,989,347,13,347,13,72,80,80,60,70,NaN,NaN,NaN,NaN,NaN,TS,WN,B,B,190,1008,NaN,M,30,RCB,
2012101512,23w.2012,MARIA,TS,NN,22.9,141.1,45,989,346,17,346,17,72,80,80,60,70,NaN,NaN,NaN,NaN,NaN,TS,WN,B,B,190,1008,NaN,M,30,RCB,
2012101518,23w.2012,MARIA,TS,NN,24.2,140.9,45,989,347,16,347,16,72,80,80,60,70,NaN,NaN,NaN,NaN,NaN,TS,WN,B,B,170,1006,NaN,M,30,JDC,
2012101600,23w.2012,MARIA,TS,NN,25.5,140.6,50,985,350,13,350,13,90,90,90,90,90,NaN,NaN,NaN,NaN,NaN,TS,WN,B,B,160,1006,NaN,M,30,NaN,
2012101606,23w.2012,MARIA,TS,NN,26.8,141.0,55,982,2,13,2,13,102,105,105,100,100,40,40,40,100,40,TS,WN,B,B,180,1005,NaN,D,30,SJB,
2012101612,23w.2012,MARIA,TS,NN,27.7,141.6,55,982,22,12,22,12,102,105,105,100,100,40,40,40,100,40,TS,WN,B,B,180,1005,NaN,D,30,SJB,
2012101618,23w.2012,MARIA,TS,NN,28.5,142.4,55,982,36,11,36,11,102,105,105,100,100,40,40,40,100,40,TS,WN,B,B,180,1011,NaN,M,30,NaN,
2012101700,23w.2012,MARIA,TS,NN,28.9,143.5,55,982,54,10,54,10,101,120,115,90,80,42,45,45,90,40,TS,WN,B,B,180,1012,NaN,M,30,MEK,
2012101706,23w.2012,MARIA,TS,NN,29.5,144.9,50,985,65,12,65,12,84,90,95,80,70,NaN,NaN,NaN,NaN,NaN,TS,WN,B,B,180,1012,NaN,M,30,RCB,
2012101712,23w.2012,MARIA,TS,NN,30.3,146.6,45,989,63,15,63,15,79,85,85,75,70,NaN,NaN,NaN,NaN,NaN,TS,WN,B,B,180,1012,NaN,M,30,RCB,
2012101718,23w.2012,MARIA,TS,NN,31.2,148.3,45,989,60,17,60,17,60,85,85,50,20,NaN,NaN,NaN,NaN,NaN,TS,WN,B,B,180,1010,NaN,M,30,ADL,
2012101800,23w.2012,MARIA,TS,NN,31.6,150.6,45,989,69,18,69,18,60,85,85,50,20,NaN,NaN,NaN,NaN,NaN,TS,WN,B,B,180,1012,NaN,M,30,ADL,
2012101806,23w.2012,MARIA,TS,NN,32.0,152.9,40,993,78,20,78,20,60,85,85,50,20,NaN,NaN,NaN,NaN,NaN,TS,WN,B,B,180,1012,NaN,M,30,RCB,
2012101812,23w.2012,MARIA,TS,NN,31.8,155.4,35,996,87,20,87,20,60,85,85,50,20,NaN,NaN,NaN,NaN,NaN,TS,WN,B,B,170,1012,NaN,M,30,RCB,
2012101818,23w.2012,MARIA,TS,NN,31.6,156.5,35,996,97,15,97,15,60,85,85,50,20,NaN,NaN,NaN,NaN,NaN,TS,WN,B,B,170,1012,NaN,M,30,ADL,
2012101900,23w.2012,MARIA,TS,NN,31.4,157.6,30,1000,102,10,102,10,NaN,NaN,NaN,NaN,NaN,NaN,NaN,NaN,NaN,NaN,TD,WN,B,B,170,1012,NaN,M,30,ADL,
2012101906,23w.2012,MARIA,TS,NN,31.3,158.6,30,1000,100,9,100,9,NaN,NaN,NaN,NaN,NaN,NaN,NaN,NaN,NaN,NaN,TD,WN,B,B,170,1012,NaN,S,45,SJB,
2012101912,23w.2012,MARIA,TS,NN,31.2,159.7,30,1000,96,9,96,9,NaN,NaN,NaN,NaN,NaN,NaN,NaN,NaN,NaN,NaN,EX,WN,B,B,NaN,NaN,NaN,NaN,NaN,NaN,
2012101918,23w.2012,MARIA,TS,NN,31.4,160.8,20,1007,87,9,87,9,NaN,NaN,NaN,NaN,NaN,NaN,NaN,NaN,NaN,NaN,EX,NW,B,B,NaN,NaN,NaN,NaN,NaN,NaN,
2012102000,23w.2012,MARIA,TS,NN,31.9,161.3,20,1007,63,8,63,8,NaN,NaN,NaN,NaN,NaN,NaN,NaN,NaN,NaN,NaN,EX,NW,B,B,NaN,NaN,NaN,NaN,NaN,NaN,
2012101818,h2w.2012,9X-H2W,TY,NN,7.0,145.9,15,1010,280,12,280,12,NaN,NaN,NaN,NaN,NaN,NaN,NaN,NaN,NaN,NaN,DB,NW,b,b,NaN,NaN,NaN,NaN,NaN,NaN,
2012101900,h2w.2012,9X-H2W,TY,NN,7.4,144.2,15,1010,280,12,280,12,NaN,NaN,NaN,NaN,NaN,NaN,NaN,NaN,NaN,NaN,DB,NW,b,b,NaN,NaN,NaN,NaN,NaN,NaN,
2012101906,h2w.2012,9X-H2W,TY,NN,7.4,143.6,15,1010,280,12,280,12,NaN,NaN,NaN,NaN,NaN,NaN,NaN,NaN,NaN,NaN,DB,NW,b,b,NaN,NaN,NaN,NaN,NaN,NaN,
2012101912,h2w.2012,9X-H2W,TY,NN,7.0,143.0,15,NaN,270,9,251,6,NaN,NaN,NaN,NaN,NaN,NaN,NaN,NaN,NaN,NaN,NT,NW,c,c,NaN,NaN,NaN,NaN,NaN,NaN,
2012101918,h2w.2012,9X-H2W,TY,NN,7.4,142.6,15,NaN,270,5,270,5,NaN,NaN,NaN,NaN,NaN,NaN,NaN,NaN,NaN,NaN,NT,NW,c,c,NaN,NaN,NaN,NaN,NaN,NaN,
2012102000,h2w.2012,9X-H2W,TY,NN,6.8,140.4,15,NaN,270,5,264,10,NaN,NaN,NaN,NaN,NaN,NaN,NaN,NaN,NaN,NaN,NT,NW,c,c,NaN,NaN,NaN,NaN,NaN,NaN,
2012102006,h2w.2012,9X-H2W,TY,NN,6.1,138.3,15,NaN,270,5,259,16,NaN,NaN,NaN,NaN,NaN,NaN,NaN,NaN,NaN,NaN,NT,NW,c,c,NaN,NaN,NaN,NaN,NaN,NaN,
2012102012,h2w.2012,9X-H2W,TY,NN,7.0,137.5,15,NaN,275,5,265,17,NaN,NaN,NaN,NaN,NaN,NaN,NaN,NaN,NaN,NaN,NT,NW,c,c,NaN,NaN,NaN,NaN,NaN,NaN,
2012102018,h2w.2012,9X-H2W,TY,NN,6.4,136.8,15,NaN,270,3,281,8,NaN,NaN,NaN,NaN,NaN,NaN,NaN,NaN,NaN,NaN,NT,NW,c,c,NaN,NaN,NaN,NaN,NaN,NaN,
2012102100,h2w.2012,9X-H2W,TY,NN,6.4,136.6,15,NaN,270,1,236,5,NaN,NaN,NaN,NaN,NaN,NaN,NaN,NaN,NaN,NaN,NT,NW,c,c,NaN,NaN,NaN,NaN,NaN,NaN,
2012102106,h2w.2012,9X-H2W,TY,NN,7.1,135.6,15,NaN,270,2,300,7,NaN,NaN,NaN,NaN,NaN,NaN,NaN,NaN,NaN,NaN,NT,NW,c,c,NaN,NaN,NaN,NaN,NaN,NaN,
2012102112,h2w.2012,9X-H2W,TY,NN,6.4,135.7,15,NaN,270,2,270,4,NaN,NaN,NaN,NaN,NaN,NaN,NaN,NaN,NaN,NaN,NT,NW,c,c,NaN,NaN,NaN,NaN,NaN,NaN,
2012102118,h2w.2012,9X-H2W,TY,NN,7.1,134.2,18,1005,270,2,277,7,NaN,NaN,NaN,NaN,NaN,NaN,NaN,NaN,NaN,NaN,NT,NW,c,c,150,1006,NaN,NaN,NaN,NaN,
2012102200,h2w.2012,9X-H2W,TY,NN,7.8,132.7,20,1005,300,6,284,10,NaN,NaN,NaN,NaN,NaN,NaN,NaN,NaN,NaN,NaN,DB,NW,C,C,150,1006,NaN,S,50,NaN,
2012102206,h2w.2012,9X-H2W,TY,NN,8.5,131.6,20,1006,300,6,292,12,NaN,NaN,NaN,NaN,NaN,NaN,NaN,NaN,NaN,NaN,DB,NW,C,C,150,1007,NaN,S,50,NaN,
2012102212,h2w.2012,9X-H2W,TY,NN,9.2,130.6,20,1007,300,9,299,14,NaN,NaN,NaN,NaN,NaN,NaN,NaN,NaN,NaN,NaN,DB,NW,C,C,150,1008,NaN,S,50,NaN,
2012102218,h2w.2012,9X-H2W,TY,NN,8.9,130.1,15,1010,256,8,293,9,NaN,NaN,NaN,NaN,NaN,NaN,NaN,NaN,NaN,NaN,DB,NW,B,B,NaN,NaN,NaN,NaN,NaN,NaN,
2012102300,h2w.2012,9X-H2W,TY,NN,8.5,129.3,20,1004,256,8,241,7,NaN,NaN,NaN,NaN,NaN,NaN,NaN,NaN,NaN,NaN,DB,NW,B,B,150,1006,NaN,S,35,NaN,
2012102306,h2w.2012,9X-H2W,TY,NN,8.5,128.5,25,1004,256,8,256,8,NaN,NaN,NaN,NaN,NaN,NaN,NaN,NaN,NaN,NaN,TD,NW,B,B,150,1008,NaN,S,35,NaN,
2012102312,h2w.2012,9X-H2W,TY,NN,8.9,127.9,30,1000,286,7,286,7,NaN,NaN,NaN,NaN,NaN,NaN,NaN,NaN,NaN,NaN,TD,NW,B,B,NaN,NaN,NaN,NaN,NaN,NaN,
2012102318,24w.2012,SON-TINH,TY,NN,9.3,127.2,30,1000,302,8,302,8,NaN,NaN,NaN,NaN,NaN,NaN,NaN,NaN,NaN,NaN,TD,WN,B,B,160,1006,NaN,S,60,ADL,
2012102400,24w.2012,SON-TINH,TY,NN,9.8,126.3,35,996,300,9,300,9,NaN,NaN,NaN,NaN,NaN,NaN,NaN,NaN,NaN,NaN,TS,WN,B,B,165,1006,0.04,S,60,ADL,
2012102406,24w.2012,SON-TINH,TY,NN,10.7,125.1,35,996,304,12,304,12,NaN,NaN,NaN,NaN,NaN,NaN,NaN,NaN,NaN,NaN,TS,WN,B,B,165,1006,0.34,S,60,RCB,
2012102412,24w.2012,SON-TINH,TY,NN,11.3,123.9,35,996,302,14,302,14,25,25,25,25,25,NaN,NaN,NaN,NaN,NaN,TS,WN,B,B,165,1006,0.21,M,60,RCB,
2012102418,24w.2012,SON-TINH,TY,NN,12.1,122.5,45,989,299,15,299,15,28,30,25,25,30,NaN,NaN,NaN,NaN,NaN,TS,WN,B,B,175,1005,0.25,M,30,JDC,
2012102500,24w.2012,SON-TINH,TY,NN,12.9,121.1,45,989,300,16,300,16,42,45,40,40,45,NaN,NaN,NaN,NaN,NaN,TS,WN,B,B,170,1006,0.67,M,30,JDC,
2012102506,24w.2012,SON-TINH,TY,NN,13.3,119.5,45,989,292,16,292,16,42,45,40,40,45,NaN,NaN,NaN,NaN,NaN,TS,WN,B,B,170,1006,NaN,M,40,SJB,
2012102512,24w.2012,SON-TINH,TY,NN,13.7,118.2,45,989,286,15,286,15,42,45,40,40,45,NaN,NaN,NaN,NaN,NaN,TS,WN,B,B,170,1006,NaN,M,40,SJB,
2012102518,24w.2012,SON-TINH,TY,NN,14.2,117.1,45,989,291,12,291,12,45,50,40,40,50,NaN,NaN,NaN,NaN,NaN,TS,WN,B,B,170,1006,NaN,M,35,JDC,
2012102600,24w.2012,SON-TINH,TY,NN,14.6,115.9,50,985,292,12,292,12,60,65,55,55,65,20,20,20,55,20,TS,WN,B,B,180,1006,NaN,M,20,JDC,
2012102606,24w.2012,SON-TINH,TY,NN,14.9,114.6,55,982,286,13,286,13,60,65,55,55,65,20,20,20,55,20,TS,WN,B,B,180,1006,NaN,D,20,SJB,
2012102612,24w.2012,SON-TINH,TY,NN,15.5,113.4,55,982,290,13,290,13,62,70,55,55,70,30,35,25,55,35,TS,WN,B,B,180,1006,NaN,D,20,SJB,
2012102618,24w.2012,SON-TINH,TY,NN,16.2,112.3,65,974,300,13,300,13,62,70,55,55,70,30,35,25,55,35,TY,WN,B,B,180,1006,NaN,D,20,BRS,
2012102700,24w.2012,SON-TINH,TY,NN,16.6,111.0,65,974,295,13,295,13,66,85,70,55,55,28,35,35,55,20,TY,WN,B,B,170,1006,NaN,S,20,BRS,
2012102706,24w.2012,SON-TINH,TY,NN,17.0,109.7,80,963,288,13,288,13,82,85,80,70,95,38,40,35,70,45,TY,WN,B,B,200,1006,NaN,D,20,RCB,
2012102712,24w.2012,SON-TINH,TY,NN,17.6,108.8,105,944,295,12,295,12,92,95,90,80,105,48,50,45,80,55,TY,WN,B,B,240,1006,NaN,D,20,RCB,
2012102718,24w.2012,SON-TINH,TY,NN,18.1,107.8,105,944,301,11,301,11,92,100,85,85,100,54,60,50,85,55,TY,WN,B,B,200,1007,NaN,D,20,BRS,
2012102800,24w.2012,SON-TINH,TY,NN,18.4,107.2,105,944,298,9,298,9,86,100,85,70,90,52,55,50,70,55,TY,WN,B,B,165,1006,NaN,D,20,BRS,
2012102806,24w.2012,SON-TINH,TY,NN,19.2,107.0,95,952,325,7,325,7,86,100,85,70,90,52,55,50,70,55,TY,WN,B,B,165,1006,NaN,D,20,RCB,
2012102812,24w.2012,SON-TINH,TY,NN,20.0,106.8,90,956,347,8,347,8,74,80,70,70,75,42,45,40,70,45,TY,WN,B,B,160,1006,0.02,D,20,RCB,
2012102818,24w.2012,SON-TINH,TY,NN,20.9,106.6,70,970,348,9,348,9,80,90,85,70,75,42,45,45,70,40,TY,WN,B,B,160,1010,0.85,D,20,NaN,
2012102900,24w.2012,SON-TINH,TY,NN,21.5,106.9,60,978,4,8,4,8,80,90,85,70,75,42,45,45,70,40,TS,WN,B,B,150,1010,0.97,M,25,MEK,
2012102906,24w.2012,SON-TINH,TY,NN,22.0,107.6,40,993,20,7,40,7,NaN,NaN,NaN,NaN,NaN,NaN,NaN,NaN,NaN,NaN,TS,NW,C,C,120,1010,0.99,M,25,NaN,
2012102912,24w.2012,SON-TINH,TY,NN,22.5,108.4,20,1007,45,7,54,9,NaN,NaN,NaN,NaN,NaN,NaN,NaN,NaN,NaN,NaN,TD,NW,C,C,110,1010,0.98,M,25,NaN,
2012102918,24w.2012,SON-TINH,TY,NN,22.3,108.8,20,1006,65,7,75,6,NaN,NaN,NaN,NaN,NaN,NaN,NaN,NaN,NaN,NaN,TD,NW,C,C,150,1008,0.98,S,40,NaN,
2012103000,24w.2012,SON-TINH,TY,NN,21.7,109.3,20,NaN,120,6,134,6,NaN,NaN,NaN,NaN,NaN,NaN,NaN,NaN,NaN,NaN,NT,NW,c,c,NaN,NaN,0.60,NaN,NaN,NaN,
2012111106,h6w.2012,9X-H6W,TD,NN,6.2,119.2,15,1010,281,3,281,3,NaN,NaN,NaN,NaN,NaN,NaN,NaN,NaN,NaN,NaN,DB,NW,b,b,NaN,NaN,0.03,NaN,NaN,NaN,
2012111112,h6w.2012,9X-H6W,TD,NN,6.2,118.9,15,1010,281,3,281,3,NaN,NaN,NaN,NaN,NaN,NaN,NaN,NaN,NaN,NaN,DB,NW,b,b,NaN,NaN,0.03,NaN,NaN,NaN,
2012111118,h6w.2012,9X-H6W,TD,NN,6.3,118.7,15,1010,281,3,281,3,NaN,NaN,NaN,NaN,NaN,NaN,NaN,NaN,NaN,NaN,DB,NW,b,b,NaN,NaN,NaN,NaN,NaN,NaN,
2012111200,h6w.2012,9X-H6W,TD,NN,6.2,118.3,15,NaN,270,3,270,3,NaN,NaN,NaN,NaN,NaN,NaN,NaN,NaN,NaN,NaN,NT,NW,c,c,NaN,NaN,0.18,NaN,NaN,NaN,
2012111206,h6w.2012,9X-H6W,TD,NN,6.8,117.9,15,1010,296,10,302,5,NaN,NaN,NaN,NaN,NaN,NaN,NaN,NaN,NaN,NaN,DB,NW,B,B,NaN,NaN,0.02,NaN,NaN,NaN,
2012111212,h6w.2012,9X-H6W,TD,NN,7.3,117.0,15,1010,296,10,310,8,NaN,NaN,NaN,NaN,NaN,NaN,NaN,NaN,NaN,NaN,DB,NW,B,B,NaN,NaN,0.08,NaN,NaN,NaN,
2012111218,h6w.2012,9X-H6W,TD,NN,7.7,116.0,25,1004,296,10,296,10,NaN,NaN,NaN,NaN,NaN,NaN,NaN,NaN,NaN,NaN,TD,NW,B,B,NaN,NaN,NaN,NaN,NaN,NaN,
2012111300,h6w.2012,9X-H6W,TD,NN,8.1,114.6,25,1004,289,13,289,13,NaN,NaN,NaN,NaN,NaN,NaN,NaN,NaN,NaN,NaN,TD,NW,B,B,NaN,NaN,NaN,NaN,NaN,NaN,
2012111306,h6w.2012,9X-H6W,TD,NN,8.5,113.4,25,1004,287,13,287,13,NaN,NaN,NaN,NaN,NaN,NaN,NaN,NaN,NaN,NaN,TD,NW,B,B,175,1010,NaN,S,45,NaN,
2012111312,h6w.2012,9X-H6W,TD,NN,8.6,112.2,25,1004,282,12,282,12,NaN,NaN,NaN,NaN,NaN,NaN,NaN,NaN,NaN,NaN,TD,NW,B,B,175,1010,NaN,S,45,NaN,
2012111318,h6w.2012,9X-H6W,TD,NN,8.6,110.8,20,1007,272,13,272,13,NaN,NaN,NaN,NaN,NaN,NaN,NaN,NaN,NaN,NaN,DB,NW,B,B,175,1009,NaN,S,45,NaN,
2012111400,h6w.2012,9X-H6W,TD,NN,8.0,109.4,20,1007,258,14,258,14,NaN,NaN,NaN,NaN,NaN,NaN,NaN,NaN,NaN,NaN,DB,NW,B,B,180,1008,NaN,S,45,NaN,
2012111406,25w.2012,TWENTYFIV,TD,NN,8.6,108.5,25,1004,270,11,270,11,NaN,NaN,NaN,NaN,NaN,NaN,NaN,NaN,NaN,NaN,TD,WN,B,B,180,1008,NaN,S,30,ADL,
2012111412,25w.2012,TWENTYFIV,TD,NN,8.1,107.0,25,1004,265,13,272,12,NaN,NaN,NaN,NaN,NaN,NaN,NaN,NaN,NaN,NaN,TD,WN,C,C,180,1008,NaN,S,30,ADL,
2012111418,25w.2012,TWENTYFIV,TD,NN,8.5,107.6,25,1004,280,9,264,4,NaN,NaN,NaN,NaN,NaN,NaN,NaN,NaN,NaN,NaN,TD,WN,C,C,160,1008,NaN,S,30,RCB,
2012111500,25w.2012,TWENTYFIV,TD,NN,8.7,106.9,20,1007,285,9,351,3,NaN,NaN,NaN,NaN,NaN,NaN,NaN,NaN,NaN,NaN,TD,NW,C,C,140,1008,NaN,S,30,NaN,
2012112218,i1w.2012,9X-I1W,STY,NN,1.1,159.8,15,NaN,276,5,277,4,NaN,NaN,NaN,NaN,NaN,NaN,NaN,NaN,NaN,NaN,NT,NW,c,c,NaN,NaN,NaN,NaN,NaN,NaN,
2012112300,i1w.2012,9X-I1W,STY,NN,1.2,159.4,15,NaN,283,5,277,4,NaN,NaN,NaN,NaN,NaN,NaN,NaN,NaN,NaN,NaN,NT,NW,c,c,NaN,NaN,NaN,NaN,NaN,NaN,
2012112306,i1w.2012,9X-I1W,STY,NN,1.2,159.0,15,NaN,277,4,277,4,NaN,NaN,NaN,NaN,NaN,NaN,NaN,NaN,NaN,NaN,NT,NW,c,c,NaN,NaN,NaN,NaN,NaN,NaN,
2012112312,i1w.2012,9X-I1W,STY,NN,1.4,159.5,15,NaN,270,2,27,1,NaN,NaN,NaN,NaN,NaN,NaN,NaN,NaN,NaN,NaN,NT,NW,c,c,NaN,NaN,NaN,NaN,NaN,NaN,
2012112318,i1w.2012,9X-I1W,STY,NN,0.5,158.4,15,NaN,270,2,221,5,NaN,NaN,NaN,NaN,NaN,NaN,NaN,NaN,NaN,NaN,NT,NW,c,c,NaN,NaN,NaN,NaN,NaN,NaN,
2012112400,i1w.2012,9X-I1W,STY,NN,0.7,157.3,15,NaN,270,3,252,12,NaN,NaN,NaN,NaN,NaN,NaN,NaN,NaN,NaN,NaN,NT,NW,c,c,NaN,NaN,NaN,NaN,NaN,NaN,
2012112406,i1w.2012,9X-I1W,STY,NN,0.6,158.1,15,NaN,270,3,288,2,NaN,NaN,NaN,NaN,NaN,NaN,NaN,NaN,NaN,NaN,NT,NW,c,c,NaN,NaN,NaN,NaN,NaN,NaN,
2012112412,i1w.2012,9X-I1W,STY,NN,0.5,157.7,15,NaN,270,3,117,2,NaN,NaN,NaN,NaN,NaN,NaN,NaN,NaN,NaN,NaN,NT,NW,c,c,NaN,NaN,NaN,NaN,NaN,NaN,
2012112418,i1w.2012,9X-I1W,STY,NN,2.8,158.7,20,1006,300,5,15,11,NaN,NaN,NaN,NaN,NaN,NaN,NaN,NaN,NaN,NaN,DB,NW,C,C,180,1008,NaN,S,45,NaN,
2012112500,i1w.2012,9X-I1W,STY,NN,2.6,158.5,20,1006,285,3,21,11,NaN,NaN,NaN,NaN,NaN,NaN,NaN,NaN,NaN,NaN,DB,NW,C,C,180,1008,NaN,S,45,NaN,
2012112506,i1w.2012,9X-I1W,STY,NN,2.6,158.0,20,1007,280,4,254,4,NaN,NaN,NaN,NaN,NaN,NaN,NaN,NaN,NaN,NaN,DB,NW,C,C,170,1008,NaN,S,45,NaN,
2012112512,i1w.2012,9X-I1W,STY,NN,3.1,157.8,20,1005,290,5,306,4,NaN,NaN,NaN,NaN,NaN,NaN,NaN,NaN,NaN,NaN,DB,NW,C,C,170,1008,NaN,S,45,NaN,
2012112518,26w.2012,BOPHA,STY,NN,3.6,157.0,25,1004,295,7,315,7,NaN,NaN,NaN,NaN,NaN,NaN,NaN,NaN,NaN,NaN,DB,WN,C,C,180,1008,NaN,S,45,SJB,
2012112600,26w.2012,BOPHA,STY,NN,4.2,156.6,30,1000,305,7,313,8,NaN,NaN,NaN,NaN,NaN,NaN,NaN,NaN,NaN,NaN,TD,WN,C,C,180,1006,NaN,S,45,SJB,
2012112606,26w.2012,BOPHA,STY,NN,4.5,156.0,30,1000,305,7,312,7,NaN,NaN,NaN,NaN,NaN,NaN,NaN,NaN,NaN,NaN,TD,WN,C,C,180,1006,NaN,S,45,RCB,
2012112612,26w.2012,BOPHA,STY,NN,4.1,156.3,20,1007,284,2,252,2,NaN,NaN,NaN,NaN,NaN,NaN,NaN,NaN,NaN,NaN,DB,WN,B,B,180,1006,NaN,S,45,RCB,
2012112618,26w.2012,BOPHA,STY,NN,4.1,156.1,25,1004,284,2,166,2,NaN,NaN,NaN,NaN,NaN,NaN,NaN,NaN,NaN,NaN,TD,WN,B,B,180,1006,NaN,S,45,ADL,
2012112700,26w.2012,BOPHA,STY,NN,4.2,155.9,35,996,284,2,284,2,NaN,NaN,NaN,NaN,NaN,NaN,NaN,NaN,NaN,NaN,TS,WN,B,B,180,1006,NaN,M,45,ADL,
2012112706,26w.2012,BOPHA,STY,NN,4.4,155.7,35,996,307,2,307,2,NaN,NaN,NaN,NaN,NaN,NaN,NaN,NaN,NaN,NaN,TS,WN,B,B,160,1006,NaN,M,35,JDC,
2012112712,26w.2012,BOPHA,STY,NN,4.5,155.4,45,989,301,3,301,3,32,40,20,30,40,NaN,NaN,NaN,NaN,NaN,TS,WN,B,B,170,1008,NaN,M,30,JDC,
2012112718,26w.2012,BOPHA,STY,NN,4.6,155.0,45,989,286,4,286,4,32,40,20,30,40,NaN,NaN,NaN,NaN,NaN,TS,WN,B,B,180,1007,NaN,M,30,ADL,
2012112800,26w.2012,BOPHA,STY,NN,4.8,154.1,50,985,283,7,283,7,40,45,35,35,45,NaN,NaN,NaN,NaN,NaN,TS,WN,B,B,200,1006,NaN,M,30,MEK,
2012112806,26w.2012,BOPHA,STY,NN,5.0,153.0,50,985,281,10,281,10,40,45,35,35,45,NaN,NaN,NaN,NaN,NaN,TS,WN,B,B,190,1006,NaN,M,25,JDC,
2012112812,26w.2012,BOPHA,STY,NN,4.7,151.9,55,982,267,11,267,11,52,55,50,50,55,25,25,25,50,25,TS,WN,B,B,180,1008,NaN,M,20,JDC,
2012112818,26w.2012,BOPHA,STY,NN,4.4,150.8,55,982,255,11,255,11,52,55,50,50,55,25,25,25,50,25,TS,WN,B,B,180,1008,NaN,D,20,SJB,
2012112900,26w.2012,BOPHA,STY,NN,4.1,149.8,55,982,254,11,254,11,52,55,50,50,55,25,25,25,50,25,TS,WN,B,B,180,1008,NaN,D,20,SJB,
2012112906,26w.2012,BOPHA,STY,NN,3.8,148.9,55,982,252,10,252,10,52,55,50,50,55,NaN,NaN,NaN,NaN,NaN,TS,WN,B,B,170,1005,NaN,D,25,BRS,
2012112912,26w.2012,BOPHA,STY,NN,3.4,148.0,50,985,249,10,249,10,50,50,50,50,50,NaN,NaN,NaN,NaN,NaN,TS,WN,B,B,175,1007,NaN,D,20,BRS,
2012112918,26w.2012,BOPHA,STY,NN,3.4,147.0,50,985,258,10,258,10,52,55,55,50,50,NaN,NaN,NaN,NaN,NaN,TS,WN,B,B,175,1007,NaN,D,25,CEG,
2012113000,26w.2012,BOPHA,STY,NN,3.6,146.0,55,982,276,10,276,10,62,65,65,60,60,32,35,35,60,30,TS,WN,B,B,190,1005,NaN,D,25,MEK,
2012113006,26w.2012,BOPHA,STY,NN,3.8,145.2,65,974,283,9,283,9,70,70,70,70,70,35,35,35,70,35,TY,WN,B,B,170,1004,NaN,D,20,BRS,
2012113012,26w.2012,BOPHA,STY,NN,4.1,144.2,75,967,286,9,286,9,72,75,75,70,70,35,35,35,70,35,TY,WN,B,B,165,1006,NaN,D,20,BRS,
2012113018,26w.2012,BOPHA,STY,NN,4.4,143.0,90,956,285,11,285,11,78,80,75,75,80,48,50,45,75,50,TY,WN,B,B,165,1003,NaN,D,20,NaN,
2012120100,26w.2012,BOPHA,STY,NN,4.7,142.0,115,937,285,11,285,11,88,95,80,80,95,65,70,60,80,70,TY,WN,B,B,140,1004,NaN,D,25,ADL,
2012120106,26w.2012,BOPHA,STY,NN,5.0,141.0,115,937,287,10,287,10,102,105,100,100,105,65,70,60,100,70,TY,WN,B,B,180,1006,NaN,D,15,JDC,
2012120112,26w.2012,BOPHA,STY,NN,5.4,140.0,120,933,289,11,289,11,102,105,100,100,105,55,60,50,100,60,TY,WN,B,B,180,1007,NaN,D,10,JDC,
2012120118,26w.2012,BOPHA,STY,NN,5.8,138.8,125,929,290,12,290,12,115,115,100,110,135,55,60,50,110,60,TY,WN,B,B,185,1007,NaN,D,15,ADL,
2012120200,26w.2012,BOPHA,STY,NN,6.1,137.6,130,926,286,12,286,12,115,115,100,110,135,55,60,50,110,60,ST,WN,B,B,185,1007,NaN,D,15,ADL,
2012120206,26w.2012,BOPHA,STY,NN,6.3,136.1,135,922,281,14,281,14,115,120,105,110,125,52,55,50,110,55,ST,WN,B,B,180,1008,NaN,D,15,JDC,
2012120212,26w.2012,BOPHA,STY,NN,6.5,134.6,135,922,278,15,278,15,105,110,100,100,110,52,55,50,100,55,ST,WN,B,B,180,1007,NaN,D,10,JDC,
2012120218,26w.2012,BOPHA,STY,NN,6.5,133.2,125,929,274,14,274,14,81,90,75,70,90,49,55,45,70,50,TY,WN,B,B,180,1007,NaN,D,15,ADL,
2012120300,26w.2012,BOPHA,STY,NN,6.6,131.8,115,937,272,14,272,14,81,90,75,70,90,49,55,45,70,50,TY,WN,B,B,180,1007,NaN,D,15,ADL,
2012120306,26w.2012,BOPHA,STY,NN,7.0,130.4,125,929,280,14,280,14,99,105,95,95,100,49,55,45,95,50,TY,WN,B,B,180,1007,NaN,D,10,JDC,
2012120312,26w.2012,BOPHA,STY,NN,7.4,128.9,140,918,286,15,286,15,108,115,105,100,110,59,65,55,100,65,ST,WN,B,B,180,1008,NaN,D,5,JDC,
2012120318,26w.2012,BOPHA,STY,NN,7.5,127.2,150,911,279,16,279,16,110,120,110,90,120,59,65,55,90,65,ST,WN,B,B,180,1006,0.05,D,5,CEG,
2012120400,26w.2012,BOPHA,STY,NN,7.8,125.9,115,937,278,15,278,15,110,120,110,90,120,59,65,55,90,65,TY,WN,B,B,160,1006,0.91,D,10,CEG,
2012120406,26w.2012,BOPHA,STY,NN,8.6,124.1,100,948,290,16,290,16,109,120,110,90,115,59,65,55,90,65,TY,WN,B,B,160,1006,0.41,D,15,JMN,
2012120412,26w.2012,BOPHA,STY,NN,9.3,122.2,85,959,292,20,292,20,109,120,110,90,115,59,65,55,90,65,TY,WN,B,B,180,1008,0.04,D,20,JMN,
2012120418,26w.2012,BOPHA,STY,NN,9.8,120.8,80,963,290,17,290,17,109,120,110,90,115,59,65,55,90,65,TY,WN,B,B,180,1008,NaN,D,20,CEG,
2012120500,26w.2012,BOPHA,STY,NN,10.2,119.6,80,963,289,14,289,14,92,110,80,80,100,38,40,35,80,40,TY,WN,B,B,180,1008,0.17,D,20,CEG,
2012120506,26w.2012,BOPHA,STY,NN,10.7,118.7,75,967,294,11,294,11,76,95,70,60,80,35,40,30,60,40,TY,WN,B,B,180,1008,0.06,D,20,JMN,
2012120512,26w.2012,BOPHA,STY,NN,11.2,118.3,70,970,308,8,308,8,76,95,70,60,80,35,40,30,60,40,TY,WN,B,B,190,1009,NaN,D,20,JMN,
2012120518,26w.2012,BOPHA,STY,NN,11.5,117.6,65,974,307,7,307,7,76,95,70,60,80,35,40,30,60,40,TY,WN,B,B,190,1009,NaN,D,20,NaN,
2012120600,26w.2012,BOPHA,STY,NN,12.0,117.1,65,974,304,7,304,7,76,95,70,60,80,35,40,30,60,40,TY,WN,B,B,190,1007,NaN,D,10,ADL,
2012120606,26w.2012,BOPHA,STY,NN,12.4,116.6,65,974,313,7,313,7,74,85,65,60,85,26,30,25,60,30,TY,WN,B,B,180,1008,NaN,D,15,JDC,
2012120612,26w.2012,BOPHA,STY,NN,12.9,116.3,60,978,319,6,319,6,68,75,60,60,75,28,30,25,60,30,TS,WN,B,B,190,1009,NaN,M,15,JDC,
2012120618,26w.2012,BOPHA,STY,NN,13.4,116.0,60,978,330,6,330,6,52,60,45,45,60,NaN,NaN,NaN,NaN,NaN,TS,WN,B,B,185,1009,NaN,M,15,ADL,
2012120700,26w.2012,BOPHA,STY,NN,13.9,115.8,65,974,334,6,334,6,52,60,45,45,60,NaN,NaN,NaN,NaN,NaN,TY,WN,B,B,185,1009,NaN,M,15,ADL,
2012120706,26w.2012,BOPHA,STY,NN,14.6,115.9,80,963,355,6,355,6,68,75,60,60,75,25,25,25,60,25,TY,WN,B,B,175,1009,NaN,D,10,JDC,
2012120712,26w.2012,BOPHA,STY,NN,15.4,116.1,115,937,11,8,11,8,92,100,85,85,100,40,40,40,85,40,TY,WN,B,B,160,1009,NaN,D,10,JDC,
2012120718,26w.2012,BOPHA,STY,NN,16.2,116.4,115,937,17,8,17,8,106,115,110,95,105,52,55,55,95,50,TY,WN,B,B,180,1009,NaN,D,15,MEK,
2012120800,26w.2012,BOPHA,STY,NN,16.9,117.1,110,941,33,9,33,9,116,125,125,110,105,58,60,60,110,55,TY,WN,B,B,200,1009,NaN,D,20,MEK,
2012120806,26w.2012,BOPHA,STY,NN,17.6,118.1,100,948,49,11,49,11,102,100,105,105,100,62,60,65,105,60,TY,WN,B,B,180,1009,NaN,D,20,SJB,
2012120812,26w.2012,BOPHA,STY,NN,17.8,118.6,85,959,58,8,58,8,102,100,105,105,100,52,50,55,105,50,TY,WN,B,B,170,1008,NaN,NaN,25,SJB,
2012120818,26w.2012,BOPHA,STY,NN,18.1,119.0,50,985,60,5,60,5,75,75,,,75,NaN,NaN,NaN,NaN,NaN,TS,WN,B,B,90,1007,NaN,S,25,BRS,
2012120900,26w.2012,BOPHA,STY,NN,18.3,119.3,25,1004,53,4,53,4,NaN,NaN,NaN,NaN,NaN,NaN,NaN,NaN,NaN,NaN,TD,WN,B,B,90,1008,NaN,S,40,BRS,
2012120906,26w.2012,BOPHA,STY,NN,18.2,119.5,20,1007,78,2,78,2,NaN,NaN,NaN,NaN,NaN,NaN,NaN,NaN,NaN,NaN,DB,NW,B,B,90,1008,NaN,NaN,40,NaN,
2012120912,26w.2012,BOPHA,STY,NN,17.8,119.5,20,1007,78,2,123,2,NaN,NaN,NaN,NaN,NaN,NaN,NaN,NaN,NaN,NaN,DB,NW,B,B,90,1008,NaN,NaN,40,NaN,
2012120918,26w.2012,BOPHA,STY,NN,17.4,119.5,20,NaN,165,4,168,3,NaN,NaN,NaN,NaN,NaN,NaN,NaN,NaN,NaN,NaN,NT,NW,c,c,NaN,NaN,NaN,NaN,NaN,NaN,
2012121000,26w.2012,BOPHA,STY,NN,16.2,119.0,20,NaN,195,7,193,7,NaN,NaN,NaN,NaN,NaN,NaN,NaN,NaN,NaN,NaN,NT,NW,c,c,NaN,NaN,NaN,NaN,NaN,NaN,
2012122118,i3w.2012,9X-I3W,TS,NN,6.6,145.5,15,NaN,283,11,308,6,NaN,NaN,NaN,NaN,NaN,NaN,NaN,NaN,NaN,NaN,NT,NW,c,c,NaN,NaN,NaN,NaN,NaN,NaN,
2012122200,i3w.2012,9X-I3W,TS,NN,6.3,146.0,15,NaN,270,5,308,6,NaN,NaN,NaN,NaN,NaN,NaN,NaN,NaN,NaN,NaN,NT,NW,c,c,NaN,NaN,NaN,NaN,NaN,NaN,
2012122206,i3w.2012,9X-I3W,TS,NN,7.3,144.6,15,1010,308,6,308,6,NaN,NaN,NaN,NaN,NaN,NaN,NaN,NaN,NaN,NaN,DB,NW,b,b,NaN,NaN,NaN,NaN,NaN,NaN,
2012122212,i3w.2012,9X-I3W,TS,NN,6.8,143.3,15,NaN,282,12,281,14,NaN,NaN,NaN,NaN,NaN,NaN,NaN,NaN,NaN,NaN,NT,NW,c,c,NaN,NaN,NaN,NaN,NaN,NaN,
2012122218,i3w.2012,9X-I3W,TS,NN,7.6,142.9,15,NaN,281,5,280,9,NaN,NaN,NaN,NaN,NaN,NaN,NaN,NaN,NaN,NaN,NT,NW,c,c,NaN,NaN,NaN,NaN,NaN,NaN,
2012122300,i3w.2012,9X-I3W,TS,NN,7.9,140.9,15,NaN,281,5,284,12,NaN,NaN,NaN,NaN,NaN,NaN,NaN,NaN,NaN,NaN,NT,NW,c,c,NaN,NaN,NaN,NaN,NaN,NaN,
2012122306,i3w.2012,9X-I3W,TS,NN,8.2,138.9,15,NaN,277,16,288,15,NaN,NaN,NaN,NaN,NaN,NaN,NaN,NaN,NaN,NaN,NT,NW,c,c,NaN,NaN,NaN,NaN,NaN,NaN,
2012122312,i3w.2012,9X-I3W,TS,NN,8.3,137.2,15,NaN,275,17,277,19,NaN,NaN,NaN,NaN,NaN,NaN,NaN,NaN,NaN,NaN,NT,NW,c,c,NaN,NaN,NaN,NaN,NaN,NaN,
2012122318,i3w.2012,9X-I3W,TS,NN,8.3,135.8,15,NaN,272,15,272,15,NaN,NaN,NaN,NaN,NaN,NaN,NaN,NaN,NaN,NaN,NT,NW,c,c,NaN,NaN,NaN,NaN,NaN,NaN,
2012122400,i3w.2012,9X-I3W,TS,NN,7.4,133.5,15,NaN,262,19,256,19,NaN,NaN,NaN,NaN,NaN,NaN,NaN,NaN,NaN,NaN,NT,NW,c,c,NaN,NaN,NaN,NaN,NaN,NaN,
2012122406,i3w.2012,9X-I3W,TS,NN,9.9,131.3,20,1007,273,8,290,24,NaN,NaN,NaN,NaN,NaN,NaN,NaN,NaN,NaN,NaN,DB,NW,B,B,NaN,NaN,NaN,NaN,NaN,NaN,
2012122412,i3w.2012,9X-I3W,TS,NN,9.8,130.5,25,1004,273,8,309,19,NaN,NaN,NaN,NaN,NaN,NaN,NaN,NaN,NaN,NaN,TD,NW,B,B,150,1006,NaN,S,40,NaN,
2012122418,27w.2012,WUKONG,TS,NN,10.0,129.6,30,1000,273,8,273,8,NaN,NaN,NaN,NaN,NaN,NaN,NaN,NaN,NaN,NaN,TD,WN,B,B,150,1008,NaN,S,40,SJB,
2012122500,27w.2012,WUKONG,TS,NN,10.2,128.4,30,1000,281,11,281,11,NaN,NaN,NaN,NaN,NaN,NaN,NaN,NaN,NaN,NaN,TD,WN,B,B,150,1006,NaN,S,40,SJB,
2012122506,27w.2012,WUKONG,TS,NN,10.4,127.2,30,1000,280,12,280,12,NaN,NaN,NaN,NaN,NaN,NaN,NaN,NaN,NaN,NaN,TD,WN,B,B,150,1004,NaN,S,35,JDC,
2012122512,27w.2012,WUKONG,TS,NN,10.6,126.0,30,1000,280,12,280,12,NaN,NaN,NaN,NaN,NaN,NaN,NaN,NaN,NaN,NaN,TD,WN,B,B,150,1006,0.08,S,40,JDC,
2012122518,27w.2012,WUKONG,TS,NN,11.0,124.8,35,996,284,12,284,12,NaN,NaN,NaN,NaN,NaN,NaN,NaN,NaN,NaN,NaN,TS,WN,B,B,160,1004,0.52,M,40,SJB,
2012122600,27w.2012,WUKONG,TS,NN,11.4,123.4,35,996,287,13,287,13,NaN,NaN,NaN,NaN,NaN,NaN,NaN,NaN,NaN,NaN,TS,WN,B,B,160,1004,0.11,M,40,SJB,
2012122606,27w.2012,WUKONG,TS,NN,11.3,122.0,35,996,276,14,276,14,NaN,NaN,NaN,NaN,NaN,NaN,NaN,NaN,NaN,NaN,TS,WN,B,B,160,1004,0.37,M,40,JMN,
2012122612,27w.2012,WUKONG,TS,NN,11.6,120.9,30,1000,275,12,275,12,NaN,NaN,NaN,NaN,NaN,NaN,NaN,NaN,NaN,NaN,TD,WN,B,B,160,1004,0.01,M,40,JMN,
2012122618,27w.2012,WUKONG,TS,NN,10.8,119.2,25,1004,260,14,260,14,NaN,NaN,NaN,NaN,NaN,NaN,NaN,NaN,NaN,NaN,TD,WN,B,B,155,1005,0.13,M,40,RCB,
2012122700,27w.2012,WUKONG,TS,NN,10.2,117.2,25,1004,249,19,249,19,NaN,NaN,NaN,NaN,NaN,NaN,NaN,NaN,NaN,NaN,TD,NW,B,B,140,1008,NaN,S,15,NaN,
2012122706,27w.2012,WUKONG,TS,NN,10.2,115.9,25,1004,260,16,260,16,NaN,NaN,NaN,NaN,NaN,NaN,NaN,NaN,NaN,NaN,TD,NW,B,B,NaN,NaN,NaN,NaN,NaN,NaN,
2012122712,27w.2012,WUKONG,TS,NN,10.1,114.7,25,1004,268,12,268,12,NaN,NaN,NaN,NaN,NaN,NaN,NaN,NaN,NaN,NaN,TD,NW,B,B,NaN,NaN,NaN,NaN,NaN,NaN,
2012122718,27w.2012,WUKONG,TS,NN,9.8,113.5,25,1004,260,12,260,12,NaN,NaN,NaN,NaN,NaN,NaN,NaN,NaN,NaN,NaN,TD,WN,B,B,150,1008,NaN,S,45,SJB,
2012122800,27w.2012,WUKONG,TS,NN,9.5,112.3,25,1004,256,12,256,12,NaN,NaN,NaN,NaN,NaN,NaN,NaN,NaN,NaN,NaN,TD,WN,B,B,150,1008,NaN,S,45,RCB,
2012122806,27w.2012,WUKONG,TS,NN,8.7,110.9,25,1004,247,14,247,14,NaN,NaN,NaN,NaN,NaN,NaN,NaN,NaN,NaN,NaN,TD,WN,B,B,150,1007,NaN,S,35,MEK,
2012122812,27w.2012,WUKONG,TS,NN,8.1,109.4,25,1004,244,16,244,16,NaN,NaN,NaN,NaN,NaN,NaN,NaN,NaN,NaN,NaN,TD,WN,B,B,145,1007,NaN,S,35,VJD,
2012122818,27w.2012,WUKONG,TS,NN,7.5,108.1,20,1007,247,15,247,15,NaN,NaN,NaN,NaN,NaN,NaN,NaN,NaN,NaN,NaN,DB,NW,B,B,NaN,NaN,NaN,NaN,NaN,NaN,
2012122900,27w.2012,WUKONG,TS,NN,7.4,106.9,20,1007,254,13,254,13,NaN,NaN,NaN,NaN,NaN,NaN,NaN,NaN,NaN,NaN,DB,NW,B,B,NaN,NaN,NaN,NaN,NaN,NaN,
2012122906,27w.2012,WUKONG,TS,NN,7.4,105.7,15,1010,268,12,268,12,NaN,NaN,NaN,NaN,NaN,NaN,NaN,NaN,NaN,NaN,DB,NW,B,B,NaN,NaN,NaN,NaN,NaN,NaN,
2012122912,27w.2012,WUKONG,TS,NN,6.7,104.1,20,NaN,257,16,256,14,NaN,NaN,NaN,NaN,NaN,NaN,NaN,NaN,NaN,NaN,NT,NW,c,c,NaN,NaN,NaN,NaN,NaN,NaN,
2012122918,27w.2012,WUKONG,TS,NN,6.3,103.1,20,NaN,257,14,247,14,NaN,NaN,NaN,NaN,NaN,NaN,NaN,NaN,NaN,NaN,NT,NW,c,c,NaN,NaN,NaN,NaN,NaN,NaN,
2012010206,a0w.2012,9X-A0W,TD,NONdev,4.0,129.0,15,NaN,270,3,350,6,NaN,NaN,NaN,NaN,NaN,NaN,NaN,NaN,NaN,NaN,NT,NW,c,c,NaN,NaN,NaN,NaN,NaN,NaN,
2012010212,a0w.2012,9X-A0W,TD,NONdev,4.5,129.5,15,NaN,270,3,350,6,NaN,NaN,NaN,NaN,NaN,NaN,NaN,NaN,NaN,NaN,NT,NW,c,c,NaN,NaN,NaN,NaN,NaN,NaN,
2012010218,a0w.2012,9X-A0W,TD,NONdev,5.1,128.8,15,NaN,299,5,350,6,NaN,NaN,NaN,NaN,NaN,NaN,NaN,NaN,NaN,NaN,NT,NW,c,c,NaN,NaN,NaN,NaN,NaN,NaN,
2012010300,a0w.2012,9X-A0W,TD,NONdev,5.6,128.3,15,NaN,309,6,313,8,NaN,NaN,NaN,NaN,NaN,NaN,NaN,NaN,NaN,NaN,NT,NW,c,c,NaN,NaN,NaN,NaN,NaN,NaN,
2012010306,a0w.2012,9X-A0W,TD,NONdev,5.8,127.7,15,NaN,303,6,303,6,NaN,NaN,NaN,NaN,NaN,NaN,NaN,NaN,NaN,NaN,NT,NW,c,c,NaN,NaN,NaN,NaN,NaN,NaN,
2012010312,a0w.2012,9X-A0W,TD,NONdev,5.8,127.0,15,1010,279,7,279,7,NaN,NaN,NaN,NaN,NaN,NaN,NaN,NaN,NaN,NaN,DB,NW,c,c,NaN,NaN,NaN,NaN,NaN,NaN,
2012010318,a0w.2012,9X-A0W,TD,NONdev,7.3,127.5,15,1010,292,5,352,8,NaN,NaN,NaN,NaN,NaN,NaN,NaN,NaN,NaN,NaN,DB,NW,c,c,NaN,NaN,NaN,NaN,NaN,NaN,
2012010400,a0w.2012,9X-A0W,TD,NONdev,7.2,127.0,15,1010,270,5,360,7,NaN,NaN,NaN,NaN,NaN,NaN,NaN,NaN,NaN,NaN,DB,NW,c,c,NaN,NaN,0.03,NaN,NaN,NaN,
2012010406,a0w.2012,9X-A0W,TD,NONdev,5.7,126.9,15,1010,279,7,200,9,NaN,NaN,NaN,NaN,NaN,NaN,NaN,NaN,NaN,NaN,DB,NW,c,c,NaN,NaN,NaN,NaN,NaN,NaN,
2012011206,a1w.2012,9X-A1W,TD,NONdev,3.3,106.7,15,NaN,278,4,347,7,NaN,NaN,NaN,NaN,NaN,NaN,NaN,NaN,NaN,NaN,NT,NW,c,c,NaN,NaN,0.03,NaN,NaN,NaN,
2012011212,a1w.2012,9X-A1W,TD,NONdev,3.2,107.4,15,NaN,106,4,347,7,NaN,NaN,NaN,NaN,NaN,NaN,NaN,NaN,NaN,NaN,NT,NW,c,c,NaN,NaN,NaN,NaN,NaN,NaN,
2012011218,a1w.2012,9X-A1W,TD,NONdev,4.6,106.4,15,NaN,293,4,347,7,NaN,NaN,NaN,NaN,NaN,NaN,NaN,NaN,NaN,NaN,NT,NW,c,c,NaN,NaN,NaN,NaN,NaN,NaN,
2012011300,a1w.2012,9X-A1W,TD,NONdev,2.7,107.3,15,1010,305,4,191,3,NaN,NaN,NaN,NaN,NaN,NaN,NaN,NaN,NaN,NaN,DB,NW,C,C,150,1011,NaN,S,15,NaN,
2012011306,a1w.2012,9X-A1W,TD,NONdev,3.1,106.5,15,NaN,299,6,176,8,NaN,NaN,NaN,NaN,NaN,NaN,NaN,NaN,NaN,NaN,NT,NW,c,c,NaN,NaN,0.03,NaN,NaN,NaN,
2012011312,a1w.2012,9X-A1W,TD,NONdev,3.5,106.1,15,NaN,309,6,304,7,NaN,NaN,NaN,NaN,NaN,NaN,NaN,NaN,NaN,NaN,NT,NW,c,c,NaN,NaN,0.06,NaN,NaN,NaN,
2012011318,a1w.2012,9X-A1W,TD,NONdev,3.8,105.3,15,1010,302,8,300,7,NaN,NaN,NaN,NaN,NaN,NaN,NaN,NaN,NaN,NaN,DB,NW,c,c,NaN,NaN,NaN,NaN,NaN,NaN,
2012011400,a1w.2012,9X-A1W,TD,NONdev,3.7,105.9,15,1010,315,3,315,1,NaN,NaN,NaN,NaN,NaN,NaN,NaN,NaN,NaN,NaN,DB,NW,c,c,NaN,NaN,0.06,NaN,NaN,NaN,
2012011406,a1w.2012,9X-A1W,TD,NONdev,3.6,106.4,15,1010,330,4,100,6,NaN,NaN,NaN,NaN,NaN,NaN,NaN,NaN,NaN,NaN,DB,NW,c,c,NaN,NaN,0.03,NaN,NaN,NaN,
2012011412,a1w.2012,9X-A1W,TD,NONdev,4.8,106.3,15,1010,20,6,20,6,NaN,NaN,NaN,NaN,NaN,NaN,NaN,NaN,NaN,NaN,DB,NW,b,b,NaN,NaN,NaN,NaN,NaN,NaN,
2012020918,a2w.2012,9X-A2W,TD,NONdev,7.1,135.2,15,NaN,270,5,286,7,NaN,NaN,NaN,NaN,NaN,NaN,NaN,NaN,NaN,NaN,NT,NW,c,c,NaN,NaN,0.02,NaN,NaN,NaN,
2012021000,a2w.2012,9X-A2W,TD,NONdev,7.3,134.1,15,NaN,277,8,286,7,NaN,NaN,NaN,NaN,NaN,NaN,NaN,NaN,NaN,NaN,NT,NW,c,c,NaN,NaN,NaN,NaN,NaN,NaN,
2012021006,a2w.2012,9X-A2W,TD,NONdev,7.5,133.8,15,NaN,284,6,286,7,NaN,NaN,NaN,NaN,NaN,NaN,NaN,NaN,NaN,NaN,NT,NW,c,c,NaN,NaN,NaN,NaN,NaN,NaN,
2012021012,a2w.2012,9X-A2W,TD,NONdev,7.8,131.9,15,NaN,284,6,283,10,NaN,NaN,NaN,NaN,NaN,NaN,NaN,NaN,NaN,NaN,NT,NW,c,c,NaN,NaN,NaN,NaN,NaN,NaN,
2012021018,a2w.2012,9X-A2W,TD,NONdev,8.0,130.0,15,NaN,283,20,280,14,NaN,NaN,NaN,NaN,NaN,NaN,NaN,NaN,NaN,NaN,NT,NW,c,c,NaN,NaN,NaN,NaN,NaN,NaN,
2012021100,a2w.2012,9X-A2W,TD,NONdev,8.0,130.2,15,NaN,281,16,278,12,NaN,NaN,NaN,NaN,NaN,NaN,NaN,NaN,NaN,NaN,NT,NW,c,c,NaN,NaN,NaN,NaN,NaN,NaN,
2012021106,a2w.2012,9X-A2W,TD,NONdev,7.7,128.7,15,1010,268,16,257,7,NaN,NaN,NaN,NaN,NaN,NaN,NaN,NaN,NaN,NaN,DB,NW,c,c,NaN,NaN,NaN,NaN,NaN,NaN,
2012021112,a2w.2012,9X-A2W,TD,NONdev,7.3,127.5,15,1010,255,14,255,14,NaN,NaN,NaN,NaN,NaN,NaN,NaN,NaN,NaN,NaN,DB,NW,c,c,NaN,NaN,NaN,NaN,NaN,NaN,
2012021118,a2w.2012,9X-A2W,TD,NONdev,6.9,126.6,15,1010,249,11,249,11,NaN,NaN,NaN,NaN,NaN,NaN,NaN,NaN,NaN,NaN,DB,NW,c,c,NaN,NaN,0.36,NaN,NaN,NaN,
2012021200,a2w.2012,9X-A2W,TD,NONdev,8.4,126.6,15,1010,321,7,321,7,NaN,NaN,NaN,NaN,NaN,NaN,NaN,NaN,NaN,NaN,DB,NW,c,c,NaN,NaN,0.31,NaN,NaN,NaN,
2012021206,a2w.2012,9X-A2W,TD,NONdev,9.0,126.4,15,1010,337,8,355,11,NaN,NaN,NaN,NaN,NaN,NaN,NaN,NaN,NaN,NaN,DB,NW,c,c,NaN,NaN,0.17,NaN,NaN,NaN,
2012021212,a2w.2012,9X-A2W,TD,NONdev,9.4,126.3,15,1010,343,5,343,5,NaN,NaN,NaN,NaN,NaN,NaN,NaN,NaN,NaN,NaN,DB,NW,c,c,NaN,NaN,0.08,NaN,NaN,NaN,
2012021500,a3w.2012,9X-A3W,TD,DEV,9.0,126.8,15,NaN,299,7,323,6,NaN,NaN,NaN,NaN,NaN,NaN,NaN,NaN,NaN,NaN,NT,NW,c,c,NaN,NaN,NaN,NaN,NaN,NaN,
2012021506,a3w.2012,9X-A3W,TD,DEV,9.7,126.5,15,NaN,306,9,323,6,NaN,NaN,NaN,NaN,NaN,NaN,NaN,NaN,NaN,NaN,NT,NW,c,c,NaN,NaN,0.08,NaN,NaN,NaN,
2012021512,a3w.2012,9X-A3W,TD,DEV,9.9,126.1,15,NaN,310,8,323,6,NaN,NaN,NaN,NaN,NaN,NaN,NaN,NaN,NaN,NaN,NT,NW,c,c,NaN,NaN,0.18,NaN,NaN,NaN,
2012021518,a3w.2012,9X-A3W,TD,DEV,11.0,124.1,15,NaN,302,10,299,13,NaN,NaN,NaN,NaN,NaN,NaN,NaN,NaN,NaN,NaN,NT,NW,c,c,NaN,NaN,0.25,NaN,NaN,NaN,
2012021600,a3w.2012,9X-A3W,TD,DEV,9.6,121.8,15,NaN,301,10,266,21,NaN,NaN,NaN,NaN,NaN,NaN,NaN,NaN,NaN,NaN,NT,NW,c,c,NaN,NaN,0.04,NaN,NaN,NaN,
2012021606,a3w.2012,9X-A3W,TD,DEV,8.5,121.3,15,NaN,290,10,228,19,NaN,NaN,NaN,NaN,NaN,NaN,NaN,NaN,NaN,NaN,NT,NW,c,c,NaN,NaN,NaN,NaN,NaN,NaN,
2012021612,a3w.2012,9X-A3W,TD,DEV,9.1,121.1,15,1010,282,10,234,4,NaN,NaN,NaN,NaN,NaN,NaN,NaN,NaN,NaN,NaN,DB,NW,c,c,NaN,NaN,NaN,NaN,NaN,NaN,
2012021618,a3w.2012,9X-A3W,TD,DEV,8.7,118.8,15,1010,268,14,275,12,NaN,NaN,NaN,NaN,NaN,NaN,NaN,NaN,NaN,NaN,DB,NW,c,c,NaN,NaN,NaN,NaN,NaN,NaN,
2012021700,a3w.2012,9X-A3W,TD,DEV,10.1,117.3,15,1010,294,16,285,19,NaN,NaN,NaN,NaN,NaN,NaN,NaN,NaN,NaN,NaN,DB,NW,c,c,NaN,NaN,NaN,NaN,NaN,NaN,
2012031806,a4w.2012,9X-A4W,TD,NONdev,6.0,129.0,15,NaN,286,4,14,8,NaN,NaN,NaN,NaN,NaN,NaN,NaN,NaN,NaN,NaN,NT,NW,c,c,NaN,NaN,NaN,NaN,NaN,NaN,
2012031812,a4w.2012,9X-A4W,TD,NONdev,6.9,129.7,15,NaN,309,3,14,8,NaN,NaN,NaN,NaN,NaN,NaN,NaN,NaN,NaN,NaN,NT,NW,c,c,NaN,NaN,NaN,NaN,NaN,NaN,
2012031818,a4w.2012,9X-A4W,TD,NONdev,7.6,129.4,15,NaN,328,5,14,8,NaN,NaN,NaN,NaN,NaN,NaN,NaN,NaN,NaN,NaN,NT,NW,c,c,NaN,NaN,NaN,NaN,NaN,NaN,
2012031818,a5w.2012,9X-A5W,TD,NONdev,5.5,149.3,15,1010,289,23,249,3,NaN,NaN,NaN,NaN,NaN,NaN,NaN,NaN,NaN,NaN,DB,NW,b,b,NaN,NaN,NaN,NaN,NaN,NaN,
2012031900,a5w.2012,9X-A5W,TD,NONdev,5.6,149.1,15,1010,289,23,249,3,NaN,NaN,NaN,NaN,NaN,NaN,NaN,NaN,NaN,NaN,DB,NW,b,b,NaN,NaN,NaN,NaN,NaN,NaN,
2012031906,a5w.2012,9X-A5W,TD,NONdev,5.4,148.8,15,1010,289,23,249,3,NaN,NaN,NaN,NaN,NaN,NaN,NaN,NaN,NaN,NaN,DB,NW,b,b,NaN,NaN,NaN,NaN,NaN,NaN,
2012031912,a5w.2012,9X-A5W,TD,NONdev,5.2,148.5,15,1010,270,2,249,3,NaN,NaN,NaN,NaN,NaN,NaN,NaN,NaN,NaN,NaN,DB,NW,c,c,NaN,NaN,NaN,NaN,NaN,NaN,
2012031918,a5w.2012,9X-A5W,TD,NONdev,5.1,147.8,15,1010,270,2,249,5,NaN,NaN,NaN,NaN,NaN,NaN,NaN,NaN,NaN,NaN,DB,NW,c,c,NaN,NaN,NaN,NaN,NaN,NaN,
2012032000,a5w.2012,9X-A5W,TD,NONdev,4.9,146.5,15,1010,270,7,261,10,NaN,NaN,NaN,NaN,NaN,NaN,NaN,NaN,NaN,NaN,DB,NW,c,c,NaN,NaN,NaN,NaN,NaN,NaN,
2012032006,a5w.2012,9X-A5W,TD,NONdev,4.8,144.7,15,1010,268,11,264,16,NaN,NaN,NaN,NaN,NaN,NaN,NaN,NaN,NaN,NaN,DB,NW,c,c,NaN,NaN,NaN,NaN,NaN,NaN,
2012032012,a5w.2012,9X-A5W,TD,NONdev,4.5,145.6,15,1010,268,11,218,9,NaN,NaN,NaN,NaN,NaN,NaN,NaN,NaN,NaN,NaN,DB,NW,c,c,NaN,NaN,NaN,NaN,NaN,NaN,
2012032018,a5w.2012,9X-A5W,TD,NONdev,4.2,146.6,15,1010,270,3,172,2,NaN,NaN,NaN,NaN,NaN,NaN,NaN,NaN,NaN,NaN,DB,NW,c,c,NaN,NaN,NaN,NaN,NaN,NaN,
2012032100,a5w.2012,9X-A5W,TD,NONdev,3.2,146.5,15,1010,270,4,132,8,NaN,NaN,NaN,NaN,NaN,NaN,NaN,NaN,NaN,NaN,DB,NW,c,c,NaN,NaN,NaN,NaN,NaN,NaN,
2012032106,a5w.2012,9X-A5W,TD,NONdev,3.2,146.0,15,1010,270,4,211,6,NaN,NaN,NaN,NaN,NaN,NaN,NaN,NaN,NaN,NaN,DB,NW,c,c,NaN,NaN,NaN,NaN,NaN,NaN,
2012032112,a5w.2012,9X-A5W,TD,NONdev,3.2,145.0,15,1010,270,6,270,7,NaN,NaN,NaN,NaN,NaN,NaN,NaN,NaN,NaN,NaN,DB,NW,c,c,NaN,NaN,NaN,NaN,NaN,NaN,
2012032118,a5w.2012,9X-A5W,TD,NONdev,3.2,144.2,15,1010,270,9,270,9,NaN,NaN,NaN,NaN,NaN,NaN,NaN,NaN,NaN,NaN,DB,NW,b,b,NaN,NaN,NaN,NaN,NaN,NaN,
2012032200,a5w.2012,9X-A5W,TD,NONdev,3.2,143.8,15,1010,270,6,270,6,NaN,NaN,NaN,NaN,NaN,NaN,NaN,NaN,NaN,NaN,DB,NW,b,b,NaN,NaN,NaN,NaN,NaN,NaN,
2012032206,a5w.2012,9X-A5W,TD,NONdev,3.3,143.5,15,1010,279,3,278,4,NaN,NaN,NaN,NaN,NaN,NaN,NaN,NaN,NaN,NaN,DB,NW,c,c,NaN,NaN,NaN,NaN,NaN,NaN,
2012032212,a5w.2012,9X-A5W,TD,NONdev,3.4,143.4,15,1010,315,1,297,2,NaN,NaN,NaN,NaN,NaN,NaN,NaN,NaN,NaN,NaN,DB,NW,c,c,NaN,NaN,NaN,NaN,NaN,NaN,
2012032218,a5w.2012,9X-A5W,TD,NONdev,3.7,144.5,15,1010,68,5,68,5,NaN,NaN,NaN,NaN,NaN,NaN,NaN,NaN,NaN,NaN,DB,NW,b,b,NaN,NaN,NaN,NaN,NaN,NaN,
2012032300,a5w.2012,9X-A5W,TD,NONdev,3.7,144.4,15,1010,73,5,73,5,NaN,NaN,NaN,NaN,NaN,NaN,NaN,NaN,NaN,NaN,DB,NW,b,b,NaN,NaN,NaN,NaN,NaN,NaN,
2012032306,a5w.2012,9X-A5W,TD,NONdev,3.3,143.8,15,1010,270,2,240,4,NaN,NaN,NaN,NaN,NaN,NaN,NaN,NaN,NaN,NaN,DB,NW,c,c,NaN,NaN,NaN,NaN,NaN,NaN,
2012032312,a5w.2012,9X-A5W,TD,NONdev,3.7,144.2,15,1010,270,1,270,1,NaN,NaN,NaN,NaN,NaN,NaN,NaN,NaN,NaN,NaN,DB,NW,c,c,NaN,NaN,NaN,NaN,NaN,NaN,
2012032318,a5w.2012,9X-A5W,TD,NONdev,5.6,144.7,15,1010,270,1,21,12,NaN,NaN,NaN,NaN,NaN,NaN,NaN,NaN,NaN,NaN,DB,NW,c,c,NaN,NaN,NaN,NaN,NaN,NaN,
2012032400,a5w.2012,9X-A5W,TD,NONdev,4.0,144.3,15,1010,270,1,18,2,NaN,NaN,NaN,NaN,NaN,NaN,NaN,NaN,NaN,NaN,DB,NW,c,c,NaN,NaN,NaN,NaN,NaN,NaN,
2012032406,a5w.2012,9X-A5W,TD,NONdev,4.0,144.2,15,1010,270,1,197,8,NaN,NaN,NaN,NaN,NaN,NaN,NaN,NaN,NaN,NaN,DB,NW,c,c,NaN,NaN,NaN,NaN,NaN,NaN,
2012032412,a5w.2012,9X-A5W,TD,NONdev,4.0,144.1,15,1010,270,1,270,1,NaN,NaN,NaN,NaN,NaN,NaN,NaN,NaN,NaN,NaN,DB,NW,c,c,NaN,NaN,NaN,NaN,NaN,NaN,
2012032418,a5w.2012,9X-A5W,TD,NONdev,4.0,143.7,15,1010,270,1,270,2,NaN,NaN,NaN,NaN,NaN,NaN,NaN,NaN,NaN,NaN,DB,NW,c,c,NaN,NaN,NaN,NaN,NaN,NaN,
2012032500,a5w.2012,9X-A5W,TD,NONdev,4.0,143.9,15,1010,270,1,270,1,NaN,NaN,NaN,NaN,NaN,NaN,NaN,NaN,NaN,NaN,DB,NW,c,c,NaN,NaN,NaN,NaN,NaN,NaN,
2012032506,a5w.2012,9X-A5W,TD,NONdev,4.0,143.8,15,1010,270,1,90,0,NaN,NaN,NaN,NaN,NaN,NaN,NaN,NaN,NaN,NaN,DB,NW,c,c,NaN,NaN,NaN,NaN,NaN,NaN,
2012032512,a5w.2012,9X-A5W,TD,NONdev,4.0,143.7,15,1010,270,1,270,1,NaN,NaN,NaN,NaN,NaN,NaN,NaN,NaN,NaN,NaN,DB,NW,c,c,NaN,NaN,NaN,NaN,NaN,NaN,
2012032518,a5w.2012,9X-A5W,TD,NONdev,4.5,141.3,15,1010,270,1,281,13,NaN,NaN,NaN,NaN,NaN,NaN,NaN,NaN,NaN,NaN,DB,NW,c,c,NaN,NaN,NaN,NaN,NaN,NaN,
2012031900,a6w.2012,9X-A6W,TD,DEV,9.5,128.0,15,1010,307,2,307,2,NaN,NaN,NaN,NaN,NaN,NaN,NaN,NaN,NaN,NaN,DB,NW,b,b,NaN,NaN,NaN,NaN,NaN,NaN,
2012031906,a6w.2012,9X-A6W,TD,DEV,9.7,128.2,15,1010,307,2,307,2,NaN,NaN,NaN,NaN,NaN,NaN,NaN,NaN,NaN,NaN,DB,NW,b,b,NaN,NaN,NaN,NaN,NaN,NaN,
2012031912,a6w.2012,9X-A6W,TD,DEV,9.8,127.6,15,1010,307,2,307,2,NaN,NaN,NaN,NaN,NaN,NaN,NaN,NaN,NaN,NaN,DB,NW,b,b,NaN,NaN,NaN,NaN,NaN,NaN,
2012031918,a6w.2012,9X-A6W,TD,DEV,9.5,127.1,15,1010,270,3,260,6,NaN,NaN,NaN,NaN,NaN,NaN,NaN,NaN,NaN,NaN,DB,NW,c,c,NaN,NaN,NaN,NaN,NaN,NaN,
2012032000,a6w.2012,9X-A6W,TD,DEV,10.5,126.7,15,1010,308,6,308,6,NaN,NaN,NaN,NaN,NaN,NaN,NaN,NaN,NaN,NaN,DB,NW,c,c,NaN,NaN,NaN,NaN,NaN,NaN,
2012032006,a6w.2012,9X-A6W,TD,DEV,10.4,124.1,15,1010,285,8,287,15,NaN,NaN,NaN,NaN,NaN,NaN,NaN,NaN,NaN,NaN,DB,NW,c,c,NaN,NaN,0.34,NaN,NaN,NaN,
2012032012,a6w.2012,9X-A6W,TD,DEV,9.3,123.1,15,1010,281,5,251,19,NaN,NaN,NaN,NaN,NaN,NaN,NaN,NaN,NaN,NaN,DB,NW,c,c,NaN,NaN,0.59,NaN,NaN,NaN,
2012032018,a6w.2012,9X-A6W,TD,DEV,9.4,123.3,15,1010,276,5,218,6,NaN,NaN,NaN,NaN,NaN,NaN,NaN,NaN,NaN,NaN,DB,NW,c,c,NaN,NaN,0.38,NaN,NaN,NaN,
2012032100,a6w.2012,9X-A6W,TD,DEV,9.1,122.4,15,1010,260,6,254,4,NaN,NaN,NaN,NaN,NaN,NaN,NaN,NaN,NaN,NaN,DB,NW,c,c,NaN,NaN,0.08,NaN,NaN,NaN,
2012032106,a6w.2012,9X-A6W,TD,DEV,8.4,122.5,15,1009,212,5,218,6,NaN,NaN,NaN,NaN,NaN,NaN,NaN,NaN,NaN,NaN,DB,NW,c,c,NaN,NaN,0.08,NaN,NaN,NaN,
2012032112,a6w.2012,9X-A6W,TD,DEV,8.0,122.2,15,1008,209,5,190,6,NaN,NaN,NaN,NaN,NaN,NaN,NaN,NaN,NaN,NaN,DB,NW,c,c,NaN,NaN,0.18,NaN,NaN,NaN,
2012032118,a6w.2012,9X-A6W,TD,DEV,8.9,121.4,15,1010,281,5,295,6,NaN,NaN,NaN,NaN,NaN,NaN,NaN,NaN,NaN,NaN,DB,NW,c,c,NaN,NaN,NaN,NaN,NaN,NaN,
2012032200,a6w.2012,9X-A6W,TD,DEV,9.3,120.1,15,1010,285,6,302,12,NaN,NaN,NaN,NaN,NaN,NaN,NaN,NaN,NaN,NaN,DB,NW,c,c,NaN,NaN,NaN,NaN,NaN,NaN,
2012032206,a6w.2012,9X-A6W,TD,DEV,9.4,120.5,15,1010,315,4,299,5,NaN,NaN,NaN,NaN,NaN,NaN,NaN,NaN,NaN,NaN,DB,NW,c,c,NaN,NaN,NaN,NaN,NaN,NaN,
2012032212,a6w.2012,9X-A6W,TD,DEV,10.0,120.2,15,1010,325,4,8,4,NaN,NaN,NaN,NaN,NaN,NaN,NaN,NaN,NaN,NaN,DB,NW,c,c,NaN,NaN,0.02,NaN,NaN,NaN,
2012032218,a6w.2012,9X-A6W,TD,DEV,10.8,119.6,15,1010,328,8,328,8,NaN,NaN,NaN,NaN,NaN,NaN,NaN,NaN,NaN,NaN,DB,NW,b,b,NaN,NaN,0.22,NaN,NaN,NaN,
2012032300,a6w.2012,9X-A6W,TD,DEV,11.6,118.9,15,1010,321,10,321,10,NaN,NaN,NaN,NaN,NaN,NaN,NaN,NaN,NaN,NaN,DB,NW,b,b,NaN,NaN,0.04,NaN,NaN,NaN,
2012032306,a6w.2012,9X-A6W,TD,DEV,11.3,119.0,15,1010,310,4,310,4,NaN,NaN,NaN,NaN,NaN,NaN,NaN,NaN,NaN,NaN,DB,NW,c,c,NaN,NaN,0.04,NaN,NaN,NaN,
2012032312,a6w.2012,9X-A6W,TD,DEV,11.5,118.7,15,1010,304,4,243,1,NaN,NaN,NaN,NaN,NaN,NaN,NaN,NaN,NaN,NaN,DB,NW,c,c,NaN,NaN,NaN,NaN,NaN,NaN,
2012032318,a6w.2012,9X-A6W,TD,DEV,12.1,117.6,15,1010,291,4,300,8,NaN,NaN,NaN,NaN,NaN,NaN,NaN,NaN,NaN,NaN,DB,NW,c,c,NaN,NaN,NaN,NaN,NaN,NaN,
2012032400,a6w.2012,9X-A6W,TD,DEV,12.3,117.3,15,1010,297,3,300,8,NaN,NaN,NaN,NaN,NaN,NaN,NaN,NaN,NaN,NaN,DB,NW,c,c,NaN,NaN,NaN,NaN,NaN,NaN,
2012032406,a6w.2012,9X-A6W,TD,DEV,12.5,117.4,15,1010,304,2,334,2,NaN,NaN,NaN,NaN,NaN,NaN,NaN,NaN,NaN,NaN,DB,NW,c,c,NaN,NaN,NaN,NaN,NaN,NaN,
2012032412,a6w.2012,9X-A6W,TD,DEV,12.6,117.3,15,1010,316,1,360,1,NaN,NaN,NaN,NaN,NaN,NaN,NaN,NaN,NaN,NaN,DB,NW,c,c,NaN,NaN,NaN,NaN,NaN,NaN,
2012032418,a6w.2012,9X-A6W,TD,DEV,12.4,116.7,15,1010,304,2,262,3,NaN,NaN,NaN,NaN,NaN,NaN,NaN,NaN,NaN,NaN,DB,NW,c,c,NaN,NaN,NaN,NaN,NaN,NaN,
2012032500,a6w.2012,9X-A6W,TD,DEV,12.7,116.1,15,1010,297,2,275,6,NaN,NaN,NaN,NaN,NaN,NaN,NaN,NaN,NaN,NaN,DB,NW,c,c,NaN,NaN,NaN,NaN,NaN,NaN,
2012032506,a6w.2012,9X-A6W,TD,DEV,12.8,116.0,15,1010,304,2,300,4,NaN,NaN,NaN,NaN,NaN,NaN,NaN,NaN,NaN,NaN,DB,NW,c,c,NaN,NaN,NaN,NaN,NaN,NaN,
2012032512,a6w.2012,9X-A6W,TD,DEV,12.9,115.9,15,1010,316,1,316,1,NaN,NaN,NaN,NaN,NaN,NaN,NaN,NaN,NaN,NaN,DB,NW,c,c,NaN,NaN,NaN,NaN,NaN,NaN,
2012032518,a6w.2012,9X-A6W,TD,DEV,12.9,115.5,15,1010,316,1,282,2,NaN,NaN,NaN,NaN,NaN,NaN,NaN,NaN,NaN,NaN,DB,NW,c,c,NaN,NaN,NaN,NaN,NaN,NaN,
2012032600,a6w.2012,9X-A6W,TD,DEV,10.9,114.9,15,1010,284,2,206,11,NaN,NaN,NaN,NaN,NaN,NaN,NaN,NaN,NaN,NaN,DB,NW,c,c,NaN,NaN,NaN,NaN,NaN,NaN,
2012032606,a6w.2012,9X-A6W,TD,DEV,10.6,116.2,15,1008,270,1,163,12,NaN,NaN,NaN,NaN,NaN,NaN,NaN,NaN,NaN,NaN,DB,NW,c,c,NaN,NaN,NaN,NaN,NaN,NaN,
2012032612,a6w.2012,9X-A6W,TD,DEV,9.7,114.4,15,1008,244,9,202,6,NaN,NaN,NaN,NaN,NaN,NaN,NaN,NaN,NaN,NaN,DB,NW,c,c,NaN,NaN,NaN,NaN,NaN,NaN,
2012032618,a6w.2012,9X-A6W,TD,DEV,8.3,114.1,15,1008,223,9,222,15,NaN,NaN,NaN,NaN,NaN,NaN,NaN,NaN,NaN,NaN,DB,NW,c,c,NaN,NaN,NaN,NaN,NaN,NaN,
2012032700,a6w.2012,9X-A6W,TD,DEV,7.9,113.4,15,1008,230,9,209,10,NaN,NaN,NaN,NaN,NaN,NaN,NaN,NaN,NaN,NaN,DB,NW,C,C,210,1010,NaN,S,45,NaN,
2012032706,a6w.2012,9X-A6W,TD,DEV,8.4,113.0,15,1010,250,6,275,5,NaN,NaN,NaN,NaN,NaN,NaN,NaN,NaN,NaN,NaN,DB,NW,C,C,210,1011,NaN,S,45,NaN,
2012032712,a6w.2012,9X-A6W,TD,DEV,9.1,112.4,15,1008,295,6,321,8,NaN,NaN,NaN,NaN,NaN,NaN,NaN,NaN,NaN,NaN,DB,NW,C,C,210,1011,NaN,S,45,NaN,
2012032718,a6w.2012,9X-A6W,TD,DEV,8.7,112.5,15,1008,290,4,301,3,NaN,NaN,NaN,NaN,NaN,NaN,NaN,NaN,NaN,NaN,DB,NW,C,C,210,1010,NaN,S,45,NaN,
2012032800,a6w.2012,9X-A6W,TD,DEV,9.7,113.7,20,1007,35,5,65,7,NaN,NaN,NaN,NaN,NaN,NaN,NaN,NaN,NaN,NaN,DB,NW,C,C,190,1010,NaN,S,40,NaN,
2012032806,a6w.2012,9X-A6W,TD,DEV,9.5,113.2,20,1007,40,2,41,5,NaN,NaN,NaN,NaN,NaN,NaN,NaN,NaN,NaN,NaN,DB,NW,C,C,190,1010,NaN,S,40,NaN,
2012032812,a6w.2012,9X-A6W,TD,DEV,9.4,112.6,20,1007,285,1,255,6,NaN,NaN,NaN,NaN,NaN,NaN,NaN,NaN,NaN,NaN,DB,NW,C,C,190,1010,NaN,S,40,NaN,
2012032818,a6w.2012,9X-A6W,TD,DEV,9.4,112.4,20,1007,270,2,263,4,NaN,NaN,NaN,NaN,NaN,NaN,NaN,NaN,NaN,NaN,DB,NW,C,C,175,1010,NaN,S,40,NaN,
2012042306,a7w.2012,9X-A7W,TD,NONdev,4.0,138.0,15,1010,292,3,292,3,NaN,NaN,NaN,NaN,NaN,NaN,NaN,NaN,NaN,NaN,DB,NW,b,b,NaN,NaN,NaN,NaN,NaN,NaN,
2012042312,a7w.2012,9X-A7W,TD,NONdev,4.5,137.8,15,1010,292,3,292,3,NaN,NaN,NaN,NaN,NaN,NaN,NaN,NaN,NaN,NaN,DB,NW,b,b,NaN,NaN,NaN,NaN,NaN,NaN,
2012042318,a7w.2012,9X-A7W,TD,NONdev,4.2,137.5,15,1010,292,3,292,3,NaN,NaN,NaN,NaN,NaN,NaN,NaN,NaN,NaN,NaN,DB,NW,b,b,NaN,NaN,NaN,NaN,NaN,NaN,
2012042400,a7w.2012,9X-A7W,TD,NONdev,4.0,137.0,15,1010,270,3,238,5,NaN,NaN,NaN,NaN,NaN,NaN,NaN,NaN,NaN,NaN,DB,NW,c,c,NaN,NaN,NaN,NaN,NaN,NaN,
2012042406,a7w.2012,9X-A7W,TD,NONdev,4.5,136.6,15,1009,270,4,288,5,NaN,NaN,NaN,NaN,NaN,NaN,NaN,NaN,NaN,NaN,DB,NW,C,C,220,1011,NaN,S,45,NaN,
2012042412,a7w.2012,9X-A7W,TD,NONdev,4.2,136.2,15,1008,270,4,284,4,NaN,NaN,NaN,NaN,NaN,NaN,NaN,NaN,NaN,NaN,DB,NW,C,C,150,1010,NaN,S,45,NaN,
2012042418,a7w.2012,9X-A7W,TD,NONdev,4.5,136.5,20,1008,270,3,270,0,NaN,NaN,NaN,NaN,NaN,NaN,NaN,NaN,NaN,NaN,DB,NW,C,C,175,1010,NaN,S,45,NaN,
2012042500,a7w.2012,9X-A7W,TD,NONdev,5.0,136.2,20,1008,285,3,360,4,NaN,NaN,NaN,NaN,NaN,NaN,NaN,NaN,NaN,NaN,DB,NW,C,C,175,1010,NaN,S,45,NaN,
2012042506,a7w.2012,9X-A7W,TD,NONdev,5.1,135.9,20,1007,293,4,315,4,NaN,NaN,NaN,NaN,NaN,NaN,NaN,NaN,NaN,NaN,DB,NW,c,c,NaN,NaN,NaN,NaN,NaN,NaN,
2012042512,a7w.2012,9X-A7W,TD,NONdev,5.1,135.5,20,1007,278,4,278,4,NaN,NaN,NaN,NaN,NaN,NaN,NaN,NaN,NaN,NaN,DB,NW,c,c,NaN,NaN,NaN,NaN,NaN,NaN,
2012042518,a7w.2012,9X-A7W,TD,NONdev,4.0,135.0,20,1007,233,5,219,7,NaN,NaN,NaN,NaN,NaN,NaN,NaN,NaN,NaN,NaN,DB,NW,c,c,NaN,NaN,NaN,NaN,NaN,NaN,
2012042600,a7w.2012,9X-A7W,TD,NONdev,3.6,135.4,20,1007,189,3,184,8,NaN,NaN,NaN,NaN,NaN,NaN,NaN,NaN,NaN,NaN,DB,NW,c,c,NaN,NaN,NaN,NaN,NaN,NaN,
2012042606,a7w.2012,9X-A7W,TD,NONdev,4.1,134.9,20,1007,260,2,315,1,NaN,NaN,NaN,NaN,NaN,NaN,NaN,NaN,NaN,NaN,DB,NW,C,C,175,1010,NaN,S,45,NaN,
2012042612,a7w.2012,9X-A7W,TD,NONdev,4.3,134.8,20,1007,307,2,319,5,NaN,NaN,NaN,NaN,NaN,NaN,NaN,NaN,NaN,NaN,DB,NW,c,c,NaN,NaN,NaN,NaN,NaN,NaN,
2012042618,a7w.2012,9X-A7W,TD,NONdev,3.1,134.0,20,1007,238,5,222,7,NaN,NaN,NaN,NaN,NaN,NaN,NaN,NaN,NaN,NaN,DB,NW,c,c,NaN,NaN,NaN,NaN,NaN,NaN,
2012042700,a7w.2012,9X-A7W,TD,NONdev,3.4,133.6,20,1007,270,4,233,7,NaN,NaN,NaN,NaN,NaN,NaN,NaN,NaN,NaN,NaN,DB,NW,c,c,NaN,NaN,NaN,NaN,NaN,NaN,
2012042706,a7w.2012,9X-A7W,TD,NONdev,3.5,133.3,20,1007,278,4,300,4,NaN,NaN,NaN,NaN,NaN,NaN,NaN,NaN,NaN,NaN,DB,NW,c,c,NaN,NaN,NaN,NaN,NaN,NaN,
2012042712,a7w.2012,9X-A7W,TD,NONdev,3.5,133.1,20,1007,281,3,281,3,NaN,NaN,NaN,NaN,NaN,NaN,NaN,NaN,NaN,NaN,DB,NW,c,c,NaN,NaN,NaN,NaN,NaN,NaN,
2012042718,a7w.2012,9X-A7W,TD,NONdev,4.6,132.1,20,1007,313,8,313,8,NaN,NaN,NaN,NaN,NaN,NaN,NaN,NaN,NaN,NaN,DB,NW,b,b,NaN,NaN,NaN,NaN,NaN,NaN,
2012042800,a7w.2012,9X-A7W,TD,NONdev,5.0,131.8,20,1007,311,5,319,10,NaN,NaN,NaN,NaN,NaN,NaN,NaN,NaN,NaN,NaN,DB,NW,c,c,NaN,NaN,NaN,NaN,NaN,NaN,
2012042806,a7w.2012,9X-A7W,TD,NONdev,5.3,131.3,20,1007,311,5,311,5,NaN,NaN,NaN,NaN,NaN,NaN,NaN,NaN,NaN,NaN,DB,NW,c,c,NaN,NaN,NaN,NaN,NaN,NaN,
2012042812,a7w.2012,9X-A7W,TD,NONdev,6.0,130.1,20,1007,300,8,301,10,NaN,NaN,NaN,NaN,NaN,NaN,NaN,NaN,NaN,NaN,DB,NW,c,c,NaN,NaN,NaN,NaN,NaN,NaN,
2012042818,a7w.2012,9X-A7W,TD,NONdev,6.3,129.3,20,1007,295,8,297,11,NaN,NaN,NaN,NaN,NaN,NaN,NaN,NaN,NaN,NaN,DB,NW,c,c,NaN,NaN,NaN,NaN,NaN,NaN,
2012042900,a7w.2012,9X-A7W,TD,NONdev,6.1,128.1,20,1007,273,10,273,10,NaN,NaN,NaN,NaN,NaN,NaN,NaN,NaN,NaN,NaN,DB,NW,c,c,NaN,NaN,NaN,NaN,NaN,NaN,
2012042906,a7w.2012,9X-A7W,TD,NONdev,5.6,126.5,20,1007,259,14,256,14,NaN,NaN,NaN,NaN,NaN,NaN,NaN,NaN,NaN,NaN,DB,NW,c,c,NaN,NaN,NaN,NaN,NaN,NaN,
2012042912,a7w.2012,9X-A7W,TD,NONdev,6.3,125.8,20,1007,281,11,275,11,NaN,NaN,NaN,NaN,NaN,NaN,NaN,NaN,NaN,NaN,DB,NW,c,c,NaN,NaN,0.19,NaN,NaN,NaN,
2012042918,a7w.2012,9X-A7W,TD,NONdev,6.4,125.3,20,1007,285,8,304,7,NaN,NaN,NaN,NaN,NaN,NaN,NaN,NaN,NaN,NaN,DB,NW,c,c,NaN,NaN,0.54,NaN,NaN,NaN,
2012050112,a8w.2012,9X-A8W,TD,NONdev,5.8,133.2,15,1010,270,7,270,7,NaN,NaN,NaN,NaN,NaN,NaN,NaN,NaN,NaN,NaN,DB,NW,b,b,NaN,NaN,NaN,NaN,NaN,NaN,
2012050118,a8w.2012,9X-A8W,TD,NONdev,5.8,132.5,15,1010,270,7,270,7,NaN,NaN,NaN,NaN,NaN,NaN,NaN,NaN,NaN,NaN,DB,NW,b,b,NaN,NaN,NaN,NaN,NaN,NaN,
2012050200,a8w.2012,9X-A8W,TD,NONdev,5.8,131.8,15,1010,270,7,270,7,NaN,NaN,NaN,NaN,NaN,NaN,NaN,NaN,NaN,NaN,DB,NW,b,b,NaN,NaN,NaN,NaN,NaN,NaN,
2012050206,a8w.2012,9X-A8W,TD,NONdev,5.8,131.2,15,1010,270,6,270,6,NaN,NaN,NaN,NaN,NaN,NaN,NaN,NaN,NaN,NaN,DB,NW,c,c,NaN,NaN,NaN,NaN,NaN,NaN,
2012050212,a8w.2012,9X-A8W,TD,NONdev,5.5,130.6,15,1010,265,6,256,6,NaN,NaN,NaN,NaN,NaN,NaN,NaN,NaN,NaN,NaN,DB,NW,c,c,NaN,NaN,NaN,NaN,NaN,NaN,
2012050218,a8w.2012,9X-A8W,TD,NONdev,5.3,128.3,15,1010,266,7,260,15,NaN,NaN,NaN,NaN,NaN,NaN,NaN,NaN,NaN,NaN,DB,NW,c,c,NaN,NaN,NaN,NaN,NaN,NaN,
2012050300,a8w.2012,9X-A8W,TD,NONdev,5.8,127.7,15,1010,290,6,276,15,NaN,NaN,NaN,NaN,NaN,NaN,NaN,NaN,NaN,NaN,DB,NW,c,c,NaN,NaN,NaN,NaN,NaN,NaN,
2012050306,a8w.2012,9X-A8W,TD,NONdev,5.5,127.5,15,1010,284,4,284,4,NaN,NaN,NaN,NaN,NaN,NaN,NaN,NaN,NaN,NaN,DB,NW,b,b,NaN,NaN,NaN,NaN,NaN,NaN,
2012050506,a9w.2012,9X-A9W,TD,NONdev,2.4,132.3,15,1010,119,9,339,3,NaN,NaN,NaN,NaN,NaN,NaN,NaN,NaN,NaN,NaN,DB,NW,b,b,NaN,NaN,NaN,NaN,NaN,NaN,
2012050512,a9w.2012,9X-A9W,TD,NONdev,2.8,132.6,15,1010,101,13,339,3,NaN,NaN,NaN,NaN,NaN,NaN,NaN,NaN,NaN,NaN,DB,NW,b,b,NaN,NaN,NaN,NaN,NaN,NaN,
2012050518,a9w.2012,9X-A9W,TD,NONdev,3.0,132.3,15,1010,101,13,339,3,NaN,NaN,NaN,NaN,NaN,NaN,NaN,NaN,NaN,NaN,DB,NW,b,b,NaN,NaN,NaN,NaN,NaN,NaN,
2012050600,a9w.2012,9X-A9W,TD,NONdev,3.2,132.0,15,1010,338,3,339,3,NaN,NaN,NaN,NaN,NaN,NaN,NaN,NaN,NaN,NaN,DB,NW,c,c,NaN,NaN,NaN,NaN,NaN,NaN,
2012050606,a9w.2012,9X-A9W,TD,NONdev,2.8,132.3,15,1010,270,1,270,1,NaN,NaN,NaN,NaN,NaN,NaN,NaN,NaN,NaN,NaN,DB,NW,c,c,NaN,NaN,NaN,NaN,NaN,NaN,
2012050612,a9w.2012,9X-A9W,TD,NONdev,2.8,132.2,15,1010,270,1,153,2,NaN,NaN,NaN,NaN,NaN,NaN,NaN,NaN,NaN,NaN,DB,NW,c,c,200,1010,NaN,NaN,45,NaN,
2012050618,a9w.2012,9X-A9W,TD,NONdev,2.7,132.1,15,1008,270,1,243,1,NaN,NaN,NaN,NaN,NaN,NaN,NaN,NaN,NaN,NaN,DB,NW,c,c,NaN,NaN,NaN,NaN,NaN,NaN,
2012050700,a9w.2012,9X-A9W,TD,NONdev,2.3,130.1,15,1008,290,1,257,11,NaN,NaN,NaN,NaN,NaN,NaN,NaN,NaN,NaN,NaN,DB,NW,C,C,200,1010,NaN,S,45,NaN,
2012050706,a9w.2012,9X-A9W,TD,NONdev,3.1,129.9,15,1008,270,2,280,11,NaN,NaN,NaN,NaN,NaN,NaN,NaN,NaN,NaN,NaN,DB,NW,C,C,190,1011,NaN,S,45,NaN,
2012050712,a9w.2012,9X-A9W,TD,NONdev,3.2,129.5,15,1010,275,3,326,5,NaN,NaN,NaN,NaN,NaN,NaN,NaN,NaN,NaN,NaN,DB,NW,C,C,180,1011,NaN,S,45,NaN,
2012050718,a9w.2012,9X-A9W,TD,NONdev,3.3,129.2,15,1010,280,3,286,4,NaN,NaN,NaN,NaN,NaN,NaN,NaN,NaN,NaN,NaN,DB,NW,C,C,180,1011,NaN,S,45,NaN,
2012050800,a9w.2012,9X-A9W,TD,NONdev,3.9,131.8,15,1010,281,5,73,12,NaN,NaN,NaN,NaN,NaN,NaN,NaN,NaN,NaN,NaN,DB,NW,c,c,NaN,NaN,NaN,NaN,NaN,NaN,
2012050806,a9w.2012,9X-A9W,TD,NONdev,3.9,131.3,15,1010,276,5,74,11,NaN,NaN,NaN,NaN,NaN,NaN,NaN,NaN,NaN,NaN,DB,NW,c,c,NaN,NaN,NaN,NaN,NaN,NaN,
2012050812,a9w.2012,9X-A9W,TD,NONdev,3.9,130.8,15,1010,270,5,270,5,NaN,NaN,NaN,NaN,NaN,NaN,NaN,NaN,NaN,NaN,DB,NW,c,c,NaN,NaN,NaN,NaN,NaN,NaN,
2012050818,a9w.2012,9X-A9W,TD,NONdev,4.6,130.0,15,1010,280,6,298,7,NaN,NaN,NaN,NaN,NaN,NaN,NaN,NaN,NaN,NaN,DB,NW,c,c,NaN,NaN,NaN,NaN,NaN,NaN,
2012050900,a9w.2012,9X-A9W,TD,NONdev,5.6,129.0,15,1010,297,9,313,12,NaN,NaN,NaN,NaN,NaN,NaN,NaN,NaN,NaN,NaN,DB,NW,c,c,NaN,NaN,NaN,NaN,NaN,NaN,
2012050906,a9w.2012,9X-A9W,TD,NONdev,5.9,128.3,15,1010,298,8,308,11,NaN,NaN,NaN,NaN,NaN,NaN,NaN,NaN,NaN,NaN,DB,NW,c,c,NaN,NaN,NaN,NaN,NaN,NaN,
2012050912,a9w.2012,9X-A9W,TD,NONdev,6.0,127.7,15,1010,287,7,287,7,NaN,NaN,NaN,NaN,NaN,NaN,NaN,NaN,NaN,NaN,DB,NW,c,c,NaN,NaN,NaN,NaN,NaN,NaN,
2012050918,a9w.2012,9X-A9W,TD,NONdev,6.2,126.8,15,1010,281,8,281,8,NaN,NaN,NaN,NaN,NaN,NaN,NaN,NaN,NaN,NaN,DB,NW,c,c,NaN,NaN,NaN,NaN,NaN,NaN,
2012051000,a9w.2012,9X-A9W,TD,NONdev,6.1,126.8,15,NaN,276,5,276,5,NaN,NaN,NaN,NaN,NaN,NaN,NaN,NaN,NaN,NaN,NT,NW,c,c,NaN,NaN,NaN,NaN,NaN,NaN,
2012051000,b0w.2012,9X-B0W,TD,NONdev,10.6,117.3,15,1010,304,2,304,2,NaN,NaN,NaN,NaN,NaN,NaN,NaN,NaN,NaN,NaN,DB,NW,b,b,NaN,NaN,NaN,NaN,NaN,NaN,
2012051006,b0w.2012,9X-B0W,TD,NONdev,10.7,117.1,15,1010,304,2,304,2,NaN,NaN,NaN,NaN,NaN,NaN,NaN,NaN,NaN,NaN,DB,NW,b,b,NaN,NaN,NaN,NaN,NaN,NaN,
2012051012,b0w.2012,9X-B0W,TD,NONdev,10.8,117.0,15,1010,304,2,304,2,NaN,NaN,NaN,NaN,NaN,NaN,NaN,NaN,NaN,NaN,DB,NW,b,b,NaN,NaN,NaN,NaN,NaN,NaN,
2012051018,b0w.2012,9X-B0W,TD,NONdev,11.0,116.8,15,1010,316,2,316,2,NaN,NaN,NaN,NaN,NaN,NaN,NaN,NaN,NaN,NaN,DB,NW,c,c,NaN,NaN,NaN,NaN,NaN,NaN,
2012051100,b0w.2012,9X-B0W,TD,NONdev,11.4,117.0,15,1010,316,2,242,2,NaN,NaN,NaN,NaN,NaN,NaN,NaN,NaN,NaN,NaN,DB,NW,c,c,NaN,NaN,NaN,NaN,NaN,NaN,
2012051106,b0w.2012,9X-B0W,TD,NONdev,11.8,117.2,15,1010,316,2,168,3,NaN,NaN,NaN,NaN,NaN,NaN,NaN,NaN,NaN,NaN,DB,NW,c,c,NaN,NaN,NaN,NaN,NaN,NaN,
2012051112,b0w.2012,9X-B0W,TD,NONdev,12.3,117.5,15,1010,316,2,94,4,NaN,NaN,NaN,NaN,NaN,NaN,NaN,NaN,NaN,NaN,DB,NW,c,c,NaN,NaN,NaN,NaN,NaN,NaN,
2012051118,b0w.2012,9X-B0W,TD,NONdev,12.7,117.7,15,1010,308,5,20,4,NaN,NaN,NaN,NaN,NaN,NaN,NaN,NaN,NaN,NaN,DB,NW,c,c,NaN,NaN,NaN,NaN,NaN,NaN,
2012051200,b0w.2012,9X-B0W,TD,NONdev,12.7,116.9,15,1010,292,5,3,3,NaN,NaN,NaN,NaN,NaN,NaN,NaN,NaN,NaN,NaN,DB,NW,c,c,NaN,NaN,NaN,NaN,NaN,NaN,
2012051206,b0w.2012,9X-B0W,TD,NONdev,11.3,116.0,15,1010,283,7,230,11,NaN,NaN,NaN,NaN,NaN,NaN,NaN,NaN,NaN,NaN,DB,NW,c,c,NaN,NaN,NaN,NaN,NaN,NaN,
2012051212,b0w.2012,9X-B0W,TD,NONdev,11.7,115.7,15,1010,230,8,230,8,NaN,NaN,NaN,NaN,NaN,NaN,NaN,NaN,NaN,NaN,DB,NW,b,b,NaN,NaN,NaN,NaN,NaN,NaN,
2012051106,b1w.2012,9X-B1W,TD,NONdev,5.2,139.6,15,1010,276,5,283,9,NaN,NaN,NaN,NaN,NaN,NaN,NaN,NaN,NaN,NaN,DB,NW,c,c,NaN,NaN,NaN,NaN,NaN,NaN,
2012051112,b1w.2012,9X-B1W,TD,NONdev,5.2,139.2,15,1010,270,4,283,9,NaN,NaN,NaN,NaN,NaN,NaN,NaN,NaN,NaN,NaN,DB,NW,c,c,NaN,NaN,NaN,NaN,NaN,NaN,
2012051118,b1w.2012,9X-B1W,TD,NONdev,5.6,137.9,15,1010,270,4,283,9,NaN,NaN,NaN,NaN,NaN,NaN,NaN,NaN,NaN,NaN,DB,NW,c,c,NaN,NaN,NaN,NaN,NaN,NaN,
2012051200,b1w.2012,9X-B1W,TD,NONdev,5.4,137.7,15,1010,281,5,278,8,NaN,NaN,NaN,NaN,NaN,NaN,NaN,NaN,NaN,NaN,DB,NW,c,c,NaN,NaN,NaN,NaN,NaN,NaN,
2012051400,b2w.2012,9X-B2W,TD,NONdev,11.8,110.7,15,1010,133,9,133,9,NaN,NaN,NaN,NaN,NaN,NaN,NaN,NaN,NaN,NaN,DB,NW,b,b,NaN,NaN,NaN,NaN,NaN,NaN,
2012051406,b2w.2012,9X-B2W,TD,NONdev,11.9,110.6,15,1010,133,9,133,9,NaN,NaN,NaN,NaN,NaN,NaN,NaN,NaN,NaN,NaN,DB,NW,b,b,NaN,NaN,NaN,NaN,NaN,NaN,
2012051412,b2w.2012,9X-B2W,TD,NONdev,10.5,112.1,15,1010,133,9,133,9,NaN,NaN,NaN,NaN,NaN,NaN,NaN,NaN,NaN,NaN,DB,NW,b,b,NaN,NaN,NaN,NaN,NaN,NaN,
2012051418,b2w.2012,9X-B2W,TD,NONdev,12.1,110.4,15,1010,316,1,316,1,NaN,NaN,NaN,NaN,NaN,NaN,NaN,NaN,NaN,NaN,DB,NW,c,c,NaN,NaN,NaN,NaN,NaN,NaN,
2012051500,b2w.2012,9X-B2W,TD,NONdev,12.2,110.7,15,1010,307,2,321,11,NaN,NaN,NaN,NaN,NaN,NaN,NaN,NaN,NaN,NaN,DB,NW,c,c,NaN,NaN,NaN,NaN,NaN,NaN,
2012051506,b2w.2012,9X-B2W,TD,NONdev,13.2,111.9,15,1010,357,9,53,9,NaN,NaN,NaN,NaN,NaN,NaN,NaN,NaN,NaN,NaN,DB,NW,c,c,NaN,NaN,NaN,NaN,NaN,NaN,
2012051512,b2w.2012,9X-B2W,TD,NONdev,14.4,112.5,15,1010,339,10,39,14,NaN,NaN,NaN,NaN,NaN,NaN,NaN,NaN,NaN,NaN,DB,NW,c,c,NaN,NaN,NaN,NaN,NaN,NaN,
2012051518,b2w.2012,9X-B2W,TD,NONdev,12.1,111.0,15,1010,316,2,219,7,NaN,NaN,NaN,NaN,NaN,NaN,NaN,NaN,NaN,NaN,DB,NW,c,c,NaN,NaN,NaN,NaN,NaN,NaN,
2012051600,b2w.2012,9X-B2W,TD,NONdev,14.5,109.6,15,1010,327,2,272,14,NaN,NaN,NaN,NaN,NaN,NaN,NaN,NaN,NaN,NaN,DB,NW,c,c,NaN,NaN,0.10,NaN,NaN,NaN,
2012051800,b3w.2012,9X-B3W,TD,NONdev,6.7,133.3,15,1010,20,6,20,6,NaN,NaN,NaN,NaN,NaN,NaN,NaN,NaN,NaN,NaN,DB,NW,b,b,NaN,NaN,NaN,NaN,NaN,NaN,
2012051806,b3w.2012,9X-B3W,TD,NONdev,7.7,133.9,15,1010,20,6,20,6,NaN,NaN,NaN,NaN,NaN,NaN,NaN,NaN,NaN,NaN,DB,NW,b,b,NaN,NaN,NaN,NaN,NaN,NaN,
2012051812,b3w.2012,9X-B3W,TD,NONdev,7.8,133.7,15,1010,20,6,20,6,NaN,NaN,NaN,NaN,NaN,NaN,NaN,NaN,NaN,NaN,DB,NW,b,b,NaN,NaN,NaN,NaN,NaN,NaN,
2012051818,b3w.2012,9X-B3W,TD,NONdev,7.1,132.8,15,1010,307,2,241,6,NaN,NaN,NaN,NaN,NaN,NaN,NaN,NaN,NaN,NaN,DB,NW,c,c,NaN,NaN,NaN,NaN,NaN,NaN,
2012051900,b3w.2012,9X-B3W,TD,NONdev,8.7,131.8,15,1010,292,3,296,10,NaN,NaN,NaN,NaN,NaN,NaN,NaN,NaN,NaN,NaN,DB,NW,c,c,NaN,NaN,NaN,NaN,NaN,NaN,
2012051818,b4w.2012,9X-B4W,TD,DEV,7.5,150.2,15,NaN,338,3,33,6,NaN,NaN,NaN,NaN,NaN,NaN,NaN,NaN,NaN,NaN,NT,NW,c,c,NaN,NaN,NaN,NaN,NaN,NaN,
2012051900,b4w.2012,9X-B4W,TD,DEV,8.3,150.9,15,1008,338,3,33,6,NaN,NaN,NaN,NaN,NaN,NaN,NaN,NaN,NaN,NaN,NT,NW,c,c,190,1010,NaN,NaN,NaN,NaN,
2012051906,b4w.2012,9X-B4W,TD,DEV,9.2,151.6,15,1008,330,2,33,6,NaN,NaN,NaN,NaN,NaN,NaN,NaN,NaN,NaN,NaN,DB,NW,C,C,190,1010,NaN,S,45,NaN,
2012051912,b4w.2012,9X-B4W,TD,DEV,9.0,151.2,15,1008,315,4,33,6,NaN,NaN,NaN,NaN,NaN,NaN,NaN,NaN,NaN,NaN,DB,NW,C,C,200,1010,NaN,S,45,NaN,
2012051918,b4w.2012,9X-B4W,TD,DEV,9.1,150.6,15,1007,300,5,264,5,NaN,NaN,NaN,NaN,NaN,NaN,NaN,NaN,NaN,NaN,DB,NW,C,C,190,1009,NaN,S,40,NaN,
2012052000,b4w.2012,9X-B4W,TD,DEV,8.9,149.9,15,1007,285,6,266,6,NaN,NaN,NaN,NaN,NaN,NaN,NaN,NaN,NaN,NaN,DB,NW,C,C,190,1009,NaN,S,40,NaN,
2012052006,b4w.2012,9X-B4W,TD,DEV,11.1,148.1,15,1007,310,13,309,16,NaN,NaN,NaN,NaN,NaN,NaN,NaN,NaN,NaN,NaN,DB,NW,C,C,200,1009,NaN,S,40,NaN,
2012052012,b4w.2012,9X-B4W,TD,DEV,11.4,147.4,15,1007,310,12,315,18,NaN,NaN,NaN,NaN,NaN,NaN,NaN,NaN,NaN,NaN,DB,NW,C,C,210,1008,NaN,S,40,NaN,
2012052018,b4w.2012,9X-B4W,TD,DEV,11.4,146.5,20,1006,295,10,281,8,NaN,NaN,NaN,NaN,NaN,NaN,NaN,NaN,NaN,NaN,DB,NW,C,C,210,1008,NaN,S,40,NaN,
2012052100,b4w.2012,9X-B4W,TD,DEV,11.0,146.6,20,1007,280,4,243,4,NaN,NaN,NaN,NaN,NaN,NaN,NaN,NaN,NaN,NaN,DB,NW,C,C,220,1008,NaN,S,40,NaN,
2012052900,b5w.2012,9X-B5W,TD,DEV,11.2,135.2,15,1010,209,4,197,10,NaN,NaN,NaN,NaN,NaN,NaN,NaN,NaN,NaN,NaN,DB,NW,c,c,NaN,NaN,NaN,NaN,NaN,NaN,
2012052906,b5w.2012,9X-B5W,TD,DEV,10.8,135.1,15,1010,200,4,197,10,NaN,NaN,NaN,NaN,NaN,NaN,NaN,NaN,NaN,NaN,DB,NW,c,c,NaN,NaN,NaN,NaN,NaN,NaN,
2012052912,b5w.2012,9X-B5W,TD,DEV,9.3,134.6,15,1010,209,5,197,10,NaN,NaN,NaN,NaN,NaN,NaN,NaN,NaN,NaN,NaN,DB,NW,c,c,NaN,NaN,NaN,NaN,NaN,NaN,
2012052918,b5w.2012,9X-B5W,TD,DEV,8.5,134.3,15,1010,204,7,199,12,NaN,NaN,NaN,NaN,NaN,NaN,NaN,NaN,NaN,NaN,DB,NW,c,c,NaN,NaN,NaN,NaN,NaN,NaN,
2012053000,b5w.2012,9X-B5W,TD,DEV,8.5,132.4,15,1010,270,5,250,12,NaN,NaN,NaN,NaN,NaN,NaN,NaN,NaN,NaN,NaN,DB,NW,c,c,NaN,NaN,NaN,NaN,NaN,NaN,
2012053006,b5w.2012,9X-B5W,TD,DEV,9.2,131.8,15,1009,295,6,286,13,NaN,NaN,NaN,NaN,NaN,NaN,NaN,NaN,NaN,NaN,DB,NW,C,C,150,1011,NaN,S,45,NaN,
2012053012,b5w.2012,9X-B5W,TD,DEV,9.7,131.3,15,1008,305,7,318,8,NaN,NaN,NaN,NaN,NaN,NaN,NaN,NaN,NaN,NaN,DB,NW,C,C,150,1011,NaN,S,45,NaN,
2012053018,b5w.2012,9X-B5W,TD,DEV,10.9,130.1,20,1006,315,9,315,12,NaN,NaN,NaN,NaN,NaN,NaN,NaN,NaN,NaN,NaN,DB,NW,C,C,180,1008,NaN,S,45,NaN,
2012053100,b5w.2012,9X-B5W,TD,DEV,11.4,129.3,20,1006,310,9,311,13,NaN,NaN,NaN,NaN,NaN,NaN,NaN,NaN,NaN,NaN,DB,NW,C,C,180,1008,NaN,S,45,NaN,
2012053106,b5w.2012,9X-B5W,TD,DEV,12.2,128.3,20,1006,310,10,306,11,NaN,NaN,NaN,NaN,NaN,NaN,NaN,NaN,NaN,NaN,DB,NW,C,C,180,1008,NaN,S,45,NaN,
2012053112,b5w.2012,9X-B5W,TD,DEV,12.7,127.5,20,1006,305,10,306,11,NaN,NaN,NaN,NaN,NaN,NaN,NaN,NaN,NaN,NaN,DB,NW,C,C,180,1008,NaN,S,45,NaN,
2012052818,b6w.2012,9X-B6W,TD,NONdev,4.7,147.9,15,1010,233,17,262,5,NaN,NaN,NaN,NaN,NaN,NaN,NaN,NaN,NaN,NaN,DB,NW,b,b,NaN,NaN,NaN,NaN,NaN,NaN,
2012052900,b6w.2012,9X-B6W,TD,NONdev,4.7,147.4,15,1010,233,17,262,5,NaN,NaN,NaN,NaN,NaN,NaN,NaN,NaN,NaN,NaN,DB,NW,b,b,NaN,NaN,NaN,NaN,NaN,NaN,
2012052906,b6w.2012,9X-B6W,TD,NONdev,4.6,146.9,15,1010,233,17,262,5,NaN,NaN,NaN,NaN,NaN,NaN,NaN,NaN,NaN,NaN,DB,NW,b,b,NaN,NaN,NaN,NaN,NaN,NaN,
2012052912,b6w.2012,9X-B6W,TD,NONdev,4.5,146.5,15,1010,257,5,262,5,NaN,NaN,NaN,NaN,NaN,NaN,NaN,NaN,NaN,NaN,DB,NW,c,c,NaN,NaN,NaN,NaN,NaN,NaN,
2012052918,b6w.2012,9X-B6W,TD,NONdev,4.4,146.0,15,1010,259,5,258,5,NaN,NaN,NaN,NaN,NaN,NaN,NaN,NaN,NaN,NaN,DB,NW,c,c,NaN,NaN,NaN,NaN,NaN,NaN,
2012053000,b6w.2012,9X-B6W,TD,NONdev,2.8,144.1,15,1010,278,4,235,15,NaN,NaN,NaN,NaN,NaN,NaN,NaN,NaN,NaN,NaN,DB,NW,c,c,NaN,NaN,NaN,NaN,NaN,NaN,
2012053006,b6w.2012,9X-B6W,TD,NONdev,2.3,143.7,15,1010,246,5,228,16,NaN,NaN,NaN,NaN,NaN,NaN,NaN,NaN,NaN,NaN,DB,NW,c,c,NaN,NaN,NaN,NaN,NaN,NaN,
2012053012,b6w.2012,9X-B6W,TD,NONdev,3.8,143.4,15,1010,246,5,283,12,NaN,NaN,NaN,NaN,NaN,NaN,NaN,NaN,NaN,NaN,DB,NW,c,c,NaN,NaN,NaN,NaN,NaN,NaN,
2012053018,b6w.2012,9X-B6W,TD,NONdev,5.3,143.1,15,1010,292,5,338,9,NaN,NaN,NaN,NaN,NaN,NaN,NaN,NaN,NaN,NaN,DB,NW,c,c,NaN,NaN,NaN,NaN,NaN,NaN,
2012053100,b6w.2012,9X-B6W,TD,NONdev,5.2,142.8,15,1010,277,4,343,10,NaN,NaN,NaN,NaN,NaN,NaN,NaN,NaN,NaN,NaN,DB,NW,c,c,NaN,NaN,NaN,NaN,NaN,NaN,
2012053106,b6w.2012,9X-B6W,TD,NONdev,5.2,142.4,15,1010,270,3,262,4,NaN,NaN,NaN,NaN,NaN,NaN,NaN,NaN,NaN,NaN,DB,NW,c,c,NaN,NaN,NaN,NaN,NaN,NaN,
2012053112,b6w.2012,9X-B6W,TD,NONdev,5.3,142.1,15,1010,278,4,278,4,NaN,NaN,NaN,NaN,NaN,NaN,NaN,NaN,NaN,NaN,DB,NW,c,c,NaN,NaN,NaN,NaN,NaN,NaN,
2012053118,b6w.2012,9X-B6W,TD,NONdev,3.7,144.1,15,1010,270,3,132,11,NaN,NaN,NaN,NaN,NaN,NaN,NaN,NaN,NaN,NaN,DB,NW,c,c,NaN,NaN,NaN,NaN,NaN,NaN,
2012060100,b6w.2012,9X-B6W,TD,NONdev,4.3,143.3,15,1010,284,4,130,8,NaN,NaN,NaN,NaN,NaN,NaN,NaN,NaN,NaN,NaN,DB,NW,c,c,NaN,NaN,NaN,NaN,NaN,NaN,
2012060112,b7w.2012,9X-B7W,TD,NONdev,2.4,140.1,15,1010,53,27,293,4,NaN,NaN,NaN,NaN,NaN,NaN,NaN,NaN,NaN,NaN,DB,NW,b,b,NaN,NaN,NaN,NaN,NaN,NaN,
2012060118,b7w.2012,9X-B7W,TD,NONdev,2.5,139.8,15,1010,53,27,293,4,NaN,NaN,NaN,NaN,NaN,NaN,NaN,NaN,NaN,NaN,DB,NW,b,b,NaN,NaN,NaN,NaN,NaN,NaN,
2012060200,b7w.2012,9X-B7W,TD,NONdev,2.6,139.6,15,1010,53,27,293,4,NaN,NaN,NaN,NaN,NaN,NaN,NaN,NaN,NaN,NaN,DB,NW,b,b,NaN,NaN,NaN,NaN,NaN,NaN,
2012060206,b7w.2012,9X-B7W,TD,NONdev,2.7,139.3,15,1010,288,3,293,4,NaN,NaN,NaN,NaN,NaN,NaN,NaN,NaN,NaN,NaN,DB,NW,c,c,NaN,NaN,NaN,NaN,NaN,NaN,
2012060212,b7w.2012,9X-B7W,TD,NONdev,3.0,138.7,15,1010,304,2,293,4,NaN,NaN,NaN,NaN,NaN,NaN,NaN,NaN,NaN,NaN,DB,NW,c,c,NaN,NaN,NaN,NaN,NaN,NaN,
2012060218,b7w.2012,9X-B7W,TD,NONdev,3.1,138.5,15,1010,297,2,297,4,NaN,NaN,NaN,NaN,NaN,NaN,NaN,NaN,NaN,NaN,DB,NW,c,c,NaN,NaN,NaN,NaN,NaN,NaN,
2012060300,b7w.2012,9X-B7W,TD,NONdev,3.2,138.2,15,1010,292,3,292,3,NaN,NaN,NaN,NaN,NaN,NaN,NaN,NaN,NaN,NaN,DB,NW,c,c,NaN,NaN,NaN,NaN,NaN,NaN,
2012060306,b7w.2012,9X-B7W,TD,NONdev,4.2,136.9,15,1010,206,2,305,10,NaN,NaN,NaN,NaN,NaN,NaN,NaN,NaN,NaN,NaN,DB,NW,c,c,NaN,NaN,NaN,NaN,NaN,NaN,
2012060312,b7w.2012,9X-B7W,TD,NONdev,3.5,136.1,15,1010,207,2,278,11,NaN,NaN,NaN,NaN,NaN,NaN,NaN,NaN,NaN,NaN,DB,NW,c,c,NaN,NaN,NaN,NaN,NaN,NaN,
2012060318,b7w.2012,9X-B7W,TD,NONdev,4.8,135.7,15,1010,270,2,297,7,NaN,NaN,NaN,NaN,NaN,NaN,NaN,NaN,NaN,NaN,DB,NW,c,c,NaN,NaN,NaN,NaN,NaN,NaN,
2012060400,b7w.2012,9X-B7W,TD,NONdev,4.8,135.5,15,1010,270,2,335,7,NaN,NaN,NaN,NaN,NaN,NaN,NaN,NaN,NaN,NaN,DB,NW,c,c,NaN,NaN,NaN,NaN,NaN,NaN,
2012060406,b7w.2012,9X-B7W,TD,NONdev,5.8,133.7,15,1010,270,2,316,11,NaN,NaN,NaN,NaN,NaN,NaN,NaN,NaN,NaN,NaN,DB,NW,c,c,NaN,NaN,NaN,NaN,NaN,NaN,
2012060412,b7w.2012,9X-B7W,TD,NONdev,6.8,131.8,15,1010,239,6,297,15,NaN,NaN,NaN,NaN,NaN,NaN,NaN,NaN,NaN,NaN,DB,NW,c,c,NaN,NaN,NaN,NaN,NaN,NaN,
2012060418,b7w.2012,9X-B7W,TD,NONdev,7.7,132.1,15,1010,239,6,308,14,NaN,NaN,NaN,NaN,NaN,NaN,NaN,NaN,NaN,NaN,DB,NW,c,c,NaN,NaN,NaN,NaN,NaN,NaN,
2012060500,b7w.2012,9X-B7W,TD,NONdev,8.6,132.3,15,1010,270,2,320,12,NaN,NaN,NaN,NaN,NaN,NaN,NaN,NaN,NaN,NaN,DB,NW,c,c,NaN,NaN,NaN,NaN,NaN,NaN,
2012060506,b7w.2012,9X-B7W,TD,NONdev,10.2,133.1,15,1010,270,2,21,12,NaN,NaN,NaN,NaN,NaN,NaN,NaN,NaN,NaN,NaN,DB,NW,c,c,NaN,NaN,NaN,NaN,NaN,NaN,
2012060100,b8w.2012,9X-B8W,TD,NONdev,5.5,111.8,15,1010,272,18,272,18,NaN,NaN,NaN,NaN,NaN,NaN,NaN,NaN,NaN,NaN,DB,NW,b,b,NaN,NaN,NaN,NaN,NaN,NaN,
2012060106,b8w.2012,9X-B8W,TD,NONdev,5.6,111.1,15,1010,272,18,272,18,NaN,NaN,NaN,NaN,NaN,NaN,NaN,NaN,NaN,NaN,DB,NW,b,b,NaN,NaN,NaN,NaN,NaN,NaN,
2012060112,b8w.2012,9X-B8W,TD,NONdev,5.6,108.1,15,1010,272,18,272,18,NaN,NaN,NaN,NaN,NaN,NaN,NaN,NaN,NaN,NaN,DB,NW,b,b,NaN,NaN,NaN,NaN,NaN,NaN,
2012060118,b8w.2012,9X-B8W,TD,NONdev,5.7,109.5,15,1010,274,8,274,8,NaN,NaN,NaN,NaN,NaN,NaN,NaN,NaN,NaN,NaN,DB,NW,c,c,NaN,NaN,NaN,NaN,NaN,NaN,
2012060200,b8w.2012,9X-B8W,TD,NONdev,6.0,109.1,15,1010,280,6,68,5,NaN,NaN,NaN,NaN,NaN,NaN,NaN,NaN,NaN,NaN,DB,NW,c,c,NaN,NaN,NaN,NaN,NaN,NaN,
2012060206,b8w.2012,9X-B8W,TD,NONdev,5.2,107.3,15,1010,239,3,257,11,NaN,NaN,NaN,NaN,NaN,NaN,NaN,NaN,NaN,NaN,DB,NW,c,c,NaN,NaN,NaN,NaN,NaN,NaN,
2012060212,b8w.2012,9X-B8W,TD,NONdev,6.9,109.5,15,1010,236,2,24,5,NaN,NaN,NaN,NaN,NaN,NaN,NaN,NaN,NaN,NaN,DB,NW,c,c,NaN,NaN,NaN,NaN,NaN,NaN,
2012060218,b8w.2012,9X-B8W,TD,NONdev,6.8,109.2,15,1010,248,3,50,12,NaN,NaN,NaN,NaN,NaN,NaN,NaN,NaN,NaN,NaN,DB,NW,c,c,NaN,NaN,NaN,NaN,NaN,NaN,
2012060506,b9w.2012,9X-B9W,TD,NONdev,9.8,129.7,15,1010,270,1,270,1,NaN,NaN,NaN,NaN,NaN,NaN,NaN,NaN,NaN,NaN,DB,NW,b,b,NaN,NaN,NaN,NaN,NaN,NaN,
2012060512,b9w.2012,9X-B9W,TD,NONdev,9.8,129.4,15,1010,270,1,270,1,NaN,NaN,NaN,NaN,NaN,NaN,NaN,NaN,NaN,NaN,DB,NW,b,b,NaN,NaN,NaN,NaN,NaN,NaN,
2012060518,b9w.2012,9X-B9W,TD,NONdev,9.8,129.5,15,1010,270,1,270,1,NaN,NaN,NaN,NaN,NaN,NaN,NaN,NaN,NaN,NaN,DB,NW,b,b,NaN,NaN,NaN,NaN,NaN,NaN,
2012060600,b9w.2012,9X-B9W,TD,NONdev,9.8,128.9,15,1010,270,2,270,2,NaN,NaN,NaN,NaN,NaN,NaN,NaN,NaN,NaN,NaN,DB,NW,c,c,NaN,NaN,NaN,NaN,NaN,NaN,
2012060606,b9w.2012,9X-B9W,TD,NONdev,10.8,127.7,15,1010,270,2,299,10,NaN,NaN,NaN,NaN,NaN,NaN,NaN,NaN,NaN,NaN,DB,NW,c,c,NaN,NaN,NaN,NaN,NaN,NaN,
2012060612,b9w.2012,9X-B9W,TD,NONdev,12.7,128.9,15,1010,270,2,206,13,NaN,NaN,NaN,NaN,NaN,NaN,NaN,NaN,NaN,NaN,DB,NW,c,c,NaN,NaN,NaN,NaN,NaN,NaN,
2012060618,b9w.2012,9X-B9W,TD,NONdev,14.7,130.1,15,1010,270,2,112,15,NaN,NaN,NaN,NaN,NaN,NaN,NaN,NaN,NaN,NaN,DB,NW,c,c,NaN,NaN,NaN,NaN,NaN,NaN,
2012060700,b9w.2012,9X-B9W,TD,NONdev,16.6,131.3,15,1010,338,13,19,18,NaN,NaN,NaN,NaN,NaN,NaN,NaN,NaN,NaN,NaN,DB,NW,c,c,NaN,NaN,NaN,NaN,NaN,NaN,
2012060706,b9w.2012,9X-B9W,TD,NONdev,17.1,130.9,15,1010,329,9,26,18,NaN,NaN,NaN,NaN,NaN,NaN,NaN,NaN,NaN,NaN,DB,NW,c,c,NaN,NaN,NaN,NaN,NaN,NaN,
2012060712,b9w.2012,9X-B9W,TD,NONdev,18.5,130.8,15,1010,342,11,346,10,NaN,NaN,NaN,NaN,NaN,NaN,NaN,NaN,NaN,NaN,DB,NW,c,c,NaN,NaN,NaN,NaN,NaN,NaN,
2012060700,c0w.2012,9X-C0W,TD,DEV,2.5,163.0,15,1010,300,12,300,12,NaN,NaN,NaN,NaN,NaN,NaN,NaN,NaN,NaN,NaN,DB,NW,b,b,NaN,NaN,NaN,NaN,NaN,NaN,
2012060706,c0w.2012,9X-C0W,TD,DEV,3.5,161.6,15,1010,300,12,300,12,NaN,NaN,NaN,NaN,NaN,NaN,NaN,NaN,NaN,NaN,DB,NW,b,b,NaN,NaN,NaN,NaN,NaN,NaN,
2012060712,c0w.2012,9X-C0W,TD,DEV,3.7,160.9,15,1010,300,12,300,12,NaN,NaN,NaN,NaN,NaN,NaN,NaN,NaN,NaN,NaN,DB,NW,b,b,NaN,NaN,NaN,NaN,NaN,NaN,
2012060718,c0w.2012,9X-C0W,TD,DEV,2.5,160.0,15,1009,270,10,238,9,NaN,NaN,NaN,NaN,NaN,NaN,NaN,NaN,NaN,NaN,DB,NW,c,c,NaN,NaN,NaN,NaN,NaN,NaN,
2012060800,c0w.2012,9X-C0W,TD,DEV,3.5,160.3,15,1009,300,7,252,3,NaN,NaN,NaN,NaN,NaN,NaN,NaN,NaN,NaN,NaN,DB,NW,C,C,200,1011,NaN,S,45,NaN,
2012060806,c0w.2012,9X-C0W,TD,DEV,4.9,158.9,20,1008,300,8,335,13,NaN,NaN,NaN,NaN,NaN,NaN,NaN,NaN,NaN,NaN,DB,NW,C,C,200,1011,NaN,S,45,NaN,
2012060812,c0w.2012,9X-C0W,TD,DEV,5.0,158.3,20,1008,300,7,307,12,NaN,NaN,NaN,NaN,NaN,NaN,NaN,NaN,NaN,NaN,DB,NW,C,C,210,1011,NaN,S,40,NaN,
2012060818,c0w.2012,9X-C0W,TD,DEV,5.2,155.7,20,1007,285,13,275,16,NaN,NaN,NaN,NaN,NaN,NaN,NaN,NaN,NaN,NaN,DB,NW,C,C,150,1008,NaN,S,15,NaN,
2012060900,c0w.2012,9X-C0W,TD,DEV,5.3,154.2,20,1007,280,14,274,20,NaN,NaN,NaN,NaN,NaN,NaN,NaN,NaN,NaN,NaN,DB,NW,C,C,150,1008,NaN,S,15,NaN,
2012060906,c0w.2012,9X-C0W,TD,DEV,4.9,152.6,20,1006,270,15,264,16,NaN,NaN,NaN,NaN,NaN,NaN,NaN,NaN,NaN,NaN,DB,NW,C,C,150,1008,NaN,S,45,NaN,
2012060912,c0w.2012,9X-C0W,TD,DEV,4.9,151.0,20,1006,265,16,263,16,NaN,NaN,NaN,NaN,NaN,NaN,NaN,NaN,NaN,NaN,DB,NW,C,C,150,1008,NaN,S,45,NaN,
2012060918,c0w.2012,9X-C0W,TD,DEV,5.2,150.2,15,1010,270,13,277,12,NaN,NaN,NaN,NaN,NaN,NaN,NaN,NaN,NaN,NaN,DB,NW,C,C,150,1011,NaN,S,45,NaN,
2012061000,c0w.2012,9X-C0W,TD,DEV,5.4,149.6,15,1010,280,10,290,7,NaN,NaN,NaN,NaN,NaN,NaN,NaN,NaN,NaN,NaN,DB,NW,C,C,150,1011,NaN,S,45,NaN,
2012061006,c0w.2012,9X-C0W,TD,DEV,6.3,149.6,15,1006,295,8,332,6,NaN,NaN,NaN,NaN,NaN,NaN,NaN,NaN,NaN,NaN,DB,NW,C,C,150,1008,NaN,S,45,NaN,
2012061012,c0w.2012,9X-C0W,TD,DEV,7.0,148.5,15,1006,300,9,326,10,NaN,NaN,NaN,NaN,NaN,NaN,NaN,NaN,NaN,NaN,DB,NW,C,C,150,1008,NaN,S,45,NaN,
2012061018,c0w.2012,9X-C0W,TD,DEV,7.6,147.8,15,1010,305,10,306,11,NaN,NaN,NaN,NaN,NaN,NaN,NaN,NaN,NaN,NaN,DB,NW,C,C,150,1011,NaN,S,45,NaN,
2012061412,c1w.2012,9X-C1W,TD,NONdev,2.9,158.9,15,1010,229,5,229,5,NaN,NaN,NaN,NaN,NaN,NaN,NaN,NaN,NaN,NaN,DB,NW,b,b,NaN,NaN,NaN,NaN,NaN,NaN,
2012061418,c1w.2012,9X-C1W,TD,NONdev,2.2,158.4,15,1010,229,5,229,5,NaN,NaN,NaN,NaN,NaN,NaN,NaN,NaN,NaN,NaN,DB,NW,b,b,NaN,NaN,NaN,NaN,NaN,NaN,
2012061500,c1w.2012,9X-C1W,TD,NONdev,2.2,158.1,15,1010,229,5,229,5,NaN,NaN,NaN,NaN,NaN,NaN,NaN,NaN,NaN,NaN,DB,NW,b,b,NaN,NaN,NaN,NaN,NaN,NaN,
2012061506,c1w.2012,9X-C1W,TD,NONdev,3.0,157.0,15,1010,274,7,300,8,NaN,NaN,NaN,NaN,NaN,NaN,NaN,NaN,NaN,NaN,DB,NW,c,c,NaN,NaN,NaN,NaN,NaN,NaN,
2012061512,c1w.2012,9X-C1W,TD,NONdev,3.1,156.2,15,1010,270,6,295,11,NaN,NaN,NaN,NaN,NaN,NaN,NaN,NaN,NaN,NaN,DB,NW,c,c,NaN,NaN,NaN,NaN,NaN,NaN,
2012061518,c1w.2012,9X-C1W,TD,NONdev,2.1,157.2,15,1010,261,3,167,5,NaN,NaN,NaN,NaN,NaN,NaN,NaN,NaN,NaN,NaN,DB,NW,c,c,NaN,NaN,NaN,NaN,NaN,NaN,
2012061600,c1w.2012,9X-C1W,TD,NONdev,2.2,156.5,15,1010,276,5,162,5,NaN,NaN,NaN,NaN,NaN,NaN,NaN,NaN,NaN,NaN,DB,NW,c,c,NaN,NaN,NaN,NaN,NaN,NaN,
2012061606,c1w.2012,9X-C1W,TD,NONdev,1.8,154.9,15,1010,263,12,263,12,NaN,NaN,NaN,NaN,NaN,NaN,NaN,NaN,NaN,NaN,DB,NW,b,b,NaN,NaN,NaN,NaN,NaN,NaN,
2012061612,c1w.2012,9X-C1W,TD,NONdev,1.9,154.6,15,1010,288,3,261,10,NaN,NaN,NaN,NaN,NaN,NaN,NaN,NaN,NaN,NaN,DB,NW,c,c,NaN,NaN,NaN,NaN,NaN,NaN,
2012061618,c1w.2012,9X-C1W,TD,NONdev,1.8,154.2,15,1010,270,3,270,3,NaN,NaN,NaN,NaN,NaN,NaN,NaN,NaN,NaN,NaN,DB,NW,c,c,NaN,NaN,NaN,NaN,NaN,NaN,
2012061700,c1w.2012,9X-C1W,TD,NONdev,2.0,152.0,15,1010,270,3,272,7,NaN,NaN,NaN,NaN,NaN,NaN,NaN,NaN,NaN,NaN,DB,NW,c,c,NaN,NaN,NaN,NaN,NaN,NaN,
2012061706,c1w.2012,9X-C1W,TD,NONdev,2.3,149.8,15,1010,270,3,273,10,NaN,NaN,NaN,NaN,NaN,NaN,NaN,NaN,NaN,NaN,DB,NW,c,c,NaN,NaN,NaN,NaN,NaN,NaN,
2012061712,c1w.2012,9X-C1W,TD,NONdev,2.5,147.6,15,1010,270,3,274,14,NaN,NaN,NaN,NaN,NaN,NaN,NaN,NaN,NaN,NaN,DB,NW,c,c,NaN,NaN,NaN,NaN,NaN,NaN,
2012061718,c1w.2012,9X-C1W,TD,NONdev,2.8,145.4,15,1010,284,4,276,18,NaN,NaN,NaN,NaN,NaN,NaN,NaN,NaN,NaN,NaN,DB,NW,c,c,NaN,NaN,NaN,NaN,NaN,NaN,
2012061800,c1w.2012,9X-C1W,TD,NONdev,2.8,145.0,15,1010,277,4,276,18,NaN,NaN,NaN,NaN,NaN,NaN,NaN,NaN,NaN,NaN,DB,NW,c,c,NaN,NaN,NaN,NaN,NaN,NaN,
2012061806,c1w.2012,9X-C1W,TD,NONdev,4.4,144.3,15,1010,270,2,326,10,NaN,NaN,NaN,NaN,NaN,NaN,NaN,NaN,NaN,NaN,DB,NW,c,c,NaN,NaN,NaN,NaN,NaN,NaN,
2012061506,c2w.2012,9X-C2W,TD,DEV,18.7,111.1,15,1010,193,2,193,2,NaN,NaN,NaN,NaN,NaN,NaN,NaN,NaN,NaN,NaN,DB,NW,b,b,NaN,NaN,NaN,NaN,NaN,NaN,
2012061512,c2w.2012,9X-C2W,TD,DEV,18.7,111.0,15,1010,193,2,193,2,NaN,NaN,NaN,NaN,NaN,NaN,NaN,NaN,NaN,NaN,DB,NW,b,b,NaN,NaN,NaN,NaN,NaN,NaN,
2012061518,c2w.2012,9X-C2W,TD,DEV,18.3,111.0,15,1010,193,2,193,2,NaN,NaN,NaN,NaN,NaN,NaN,NaN,NaN,NaN,NaN,DB,NW,b,b,NaN,NaN,NaN,NaN,NaN,NaN,
2012061600,c2w.2012,9X-C2W,TD,DEV,19.3,111.8,15,1005,159,3,52,5,NaN,NaN,NaN,NaN,NaN,NaN,NaN,NaN,NaN,NaN,DB,NW,c,c,NaN,NaN,NaN,NaN,NaN,NaN,
2012061606,c2w.2012,9X-C2W,TD,DEV,19.3,111.7,15,1002,50,3,34,6,NaN,NaN,NaN,NaN,NaN,NaN,NaN,NaN,NaN,NaN,DB,NW,c,c,NaN,NaN,NaN,NaN,NaN,NaN,
2012061612,c2w.2012,9X-C2W,TD,DEV,19.0,111.6,15,1000,37,3,212,2,NaN,NaN,NaN,NaN,NaN,NaN,NaN,NaN,NaN,NaN,DB,NW,c,c,NaN,NaN,NaN,NaN,NaN,NaN,
2012061618,c2w.2012,9X-C2W,TD,DEV,18.3,111.9,15,999,44,3,169,5,NaN,NaN,NaN,NaN,NaN,NaN,NaN,NaN,NaN,NaN,DB,NW,c,c,NaN,NaN,NaN,NaN,NaN,NaN,
2012061700,c2w.2012,9X-C2W,TD,DEV,19.5,111.0,15,997,345,5,311,4,NaN,NaN,NaN,NaN,NaN,NaN,NaN,NaN,NaN,NaN,DB,NW,C,C,175,1008,0.29,S,70,NaN,
2012061706,c2w.2012,9X-C2W,TD,DEV,18.8,110.8,15,996,270,2,296,6,NaN,NaN,NaN,NaN,NaN,NaN,NaN,NaN,NaN,NaN,DB,NW,C,C,130,998,0.07,S,55,NaN,
2012061712,c2w.2012,9X-C2W,TD,DEV,18.4,111.0,20,996,195,3,180,6,NaN,NaN,NaN,NaN,NaN,NaN,NaN,NaN,NaN,NaN,DB,NW,C,C,130,998,NaN,S,55,NaN,
2012061906,c3w.2012,9X-C3W,TD,NONdev,11.2,136.3,15,1010,254,27,274,20,NaN,NaN,NaN,NaN,NaN,NaN,NaN,NaN,NaN,NaN,DB,NW,b,b,NaN,NaN,NaN,NaN,NaN,NaN,
2012061912,c3w.2012,9X-C3W,TD,NONdev,11.5,134.1,15,1010,254,27,274,20,NaN,NaN,NaN,NaN,NaN,NaN,NaN,NaN,NaN,NaN,DB,NW,b,b,NaN,NaN,NaN,NaN,NaN,NaN,
2012061918,c3w.2012,9X-C3W,TD,NONdev,11.5,132.3,15,1010,274,20,274,20,NaN,NaN,NaN,NaN,NaN,NaN,NaN,NaN,NaN,NaN,DB,NW,b,b,NaN,NaN,NaN,NaN,NaN,NaN,
2012062000,c3w.2012,9X-C3W,TD,NONdev,11.5,132.6,15,1010,274,20,272,12,NaN,NaN,NaN,NaN,NaN,NaN,NaN,NaN,NaN,NaN,DB,NW,b,b,NaN,NaN,NaN,NaN,NaN,NaN,
2012062006,c3w.2012,9X-C3W,TD,NONdev,11.5,132.8,15,1010,270,4,270,4,NaN,NaN,NaN,NaN,NaN,NaN,NaN,NaN,NaN,NaN,DB,NW,c,c,NaN,NaN,NaN,NaN,NaN,NaN,
2012062012,c3w.2012,9X-C3W,TD,NONdev,11.5,130.4,15,1010,270,6,270,6,NaN,NaN,NaN,NaN,NaN,NaN,NaN,NaN,NaN,NaN,DB,NW,c,c,NaN,NaN,NaN,NaN,NaN,NaN,
2012062018,c3w.2012,9X-C3W,TD,NONdev,10.3,130.4,15,1010,270,6,251,7,NaN,NaN,NaN,NaN,NaN,NaN,NaN,NaN,NaN,NaN,DB,NW,c,c,NaN,NaN,NaN,NaN,NaN,NaN,
2012062100,c3w.2012,9X-C3W,TD,NONdev,9.2,130.5,15,1010,270,6,232,9,NaN,NaN,NaN,NaN,NaN,NaN,NaN,NaN,NaN,NaN,DB,NW,c,c,NaN,NaN,NaN,NaN,NaN,NaN,
2012062106,c3w.2012,9X-C3W,TD,NONdev,8.0,130.5,15,1010,270,1,213,10,NaN,NaN,NaN,NaN,NaN,NaN,NaN,NaN,NaN,NaN,DB,NW,c,c,NaN,NaN,NaN,NaN,NaN,NaN,
2012062112,c3w.2012,9X-C3W,TD,NONdev,7.5,130.3,15,1010,270,1,181,10,NaN,NaN,NaN,NaN,NaN,NaN,NaN,NaN,NaN,NaN,DB,NW,c,c,NaN,NaN,NaN,NaN,NaN,NaN,
2012062118,c3w.2012,9X-C3W,TD,NONdev,7.5,130.2,15,1010,270,1,211,3,NaN,NaN,NaN,NaN,NaN,NaN,NaN,NaN,NaN,NaN,DB,NW,c,c,NaN,NaN,NaN,NaN,NaN,NaN,
2012062200,c3w.2012,9X-C3W,TD,NONdev,8.2,131.3,15,1010,281,3,55,6,NaN,NaN,NaN,NaN,NaN,NaN,NaN,NaN,NaN,NaN,DB,NW,c,c,NaN,NaN,NaN,NaN,NaN,NaN,
2012062206,c3w.2012,9X-C3W,TD,NONdev,9.1,129.2,15,1010,270,3,328,9,NaN,NaN,NaN,NaN,NaN,NaN,NaN,NaN,NaN,NaN,DB,NW,c,c,NaN,NaN,NaN,NaN,NaN,NaN,
2012062212,c3w.2012,9X-C3W,TD,NONdev,8.2,130.1,15,1010,270,2,270,6,NaN,NaN,NaN,NaN,NaN,NaN,NaN,NaN,NaN,NaN,DB,NW,c,c,NaN,NaN,NaN,NaN,NaN,NaN,
2012062218,c3w.2012,9X-C3W,TD,NONdev,7.0,130.9,15,1010,278,4,141,13,NaN,NaN,NaN,NaN,NaN,NaN,NaN,NaN,NaN,NaN,DB,NW,c,c,NaN,NaN,NaN,NaN,NaN,NaN,
2012062300,c3w.2012,9X-C3W,TD,NONdev,7.7,129.3,15,1010,277,4,238,5,NaN,NaN,NaN,NaN,NaN,NaN,NaN,NaN,NaN,NaN,DB,NW,c,c,NaN,NaN,NaN,NaN,NaN,NaN,
2012062100,c4w.2012,9X-C4W,TD,NONdev,13.6,143.1,15,NaN,266,8,258,10,NaN,NaN,NaN,NaN,NaN,NaN,NaN,NaN,NaN,NaN,NT,NW,c,c,NaN,NaN,NaN,NaN,NaN,NaN,
2012062106,c4w.2012,9X-C4W,TD,NONdev,13.3,142.1,15,NaN,266,8,258,10,NaN,NaN,NaN,NaN,NaN,NaN,NaN,NaN,NaN,NaN,NT,NW,c,c,NaN,NaN,NaN,NaN,NaN,NaN,
2012062112,c4w.2012,9X-C4W,TD,NONdev,13.0,141.1,15,NaN,266,8,258,10,NaN,NaN,NaN,NaN,NaN,NaN,NaN,NaN,NaN,NaN,NT,NW,c,c,NaN,NaN,NaN,NaN,NaN,NaN,
2012062118,c4w.2012,9X-C4W,TD,NONdev,12.7,140.0,15,NaN,266,8,258,10,NaN,NaN,NaN,NaN,NaN,NaN,NaN,NaN,NaN,NaN,NT,NW,c,c,NaN,NaN,NaN,NaN,NaN,NaN,
2012062200,c4w.2012,9X-C4W,TD,NONdev,12.4,139.0,15,NaN,260,6,258,10,NaN,NaN,NaN,NaN,NaN,NaN,NaN,NaN,NaN,NaN,NT,NW,c,c,NaN,NaN,NaN,NaN,NaN,NaN,
2012062206,c4w.2012,9X-C4W,TD,NONdev,12.6,138.2,15,NaN,274,7,258,10,NaN,NaN,NaN,NaN,NaN,NaN,NaN,NaN,NaN,NaN,NT,NW,c,c,NaN,NaN,NaN,NaN,NaN,NaN,
2012062212,c4w.2012,9X-C4W,TD,NONdev,12.8,137.3,15,NaN,284,4,284,9,NaN,NaN,NaN,NaN,NaN,NaN,NaN,NaN,NaN,NaN,NT,NW,c,c,NaN,NaN,NaN,NaN,NaN,NaN,
2012062218,c4w.2012,9X-C4W,TD,NONdev,12.9,136.6,15,NaN,281,5,281,8,NaN,NaN,NaN,NaN,NaN,NaN,NaN,NaN,NaN,NaN,NT,NW,c,c,NaN,NaN,NaN,NaN,NaN,NaN,
2012062300,c4w.2012,9X-C4W,TD,NONdev,12.7,135.9,15,NaN,270,5,266,7,NaN,NaN,NaN,NaN,NaN,NaN,NaN,NaN,NaN,NaN,NT,NW,c,c,NaN,NaN,NaN,NaN,NaN,NaN,
2012062306,c4w.2012,9X-C4W,TD,NONdev,12.7,135.4,15,NaN,270,5,260,6,NaN,NaN,NaN,NaN,NaN,NaN,NaN,NaN,NaN,NaN,NT,NW,c,c,NaN,NaN,NaN,NaN,NaN,NaN,
2012062312,c4w.2012,9X-C4W,TD,NONdev,12.8,136.5,15,NaN,270,2,80,3,NaN,NaN,NaN,NaN,NaN,NaN,NaN,NaN,NaN,NaN,NT,NW,c,c,NaN,NaN,NaN,NaN,NaN,NaN,
2012062318,c4w.2012,9X-C4W,TD,NONdev,12.7,136.2,15,NaN,270,2,96,2,NaN,NaN,NaN,NaN,NaN,NaN,NaN,NaN,NaN,NaN,NT,NW,c,c,NaN,NaN,NaN,NaN,NaN,NaN,
2012062400,c4w.2012,9X-C4W,TD,NONdev,12.5,135.9,15,NaN,270,3,112,2,NaN,NaN,NaN,NaN,NaN,NaN,NaN,NaN,NaN,NaN,NT,NW,c,c,NaN,NaN,NaN,NaN,NaN,NaN,
2012062406,c4w.2012,9X-C4W,TD,NONdev,13.1,134.1,15,1006,270,3,156,5,NaN,NaN,NaN,NaN,NaN,NaN,NaN,NaN,NaN,NaN,NT,NW,c,c,150,1011,NaN,NaN,NaN,NaN,
2012062412,c4w.2012,9X-C4W,TD,NONdev,13.8,132.4,15,1006,270,3,199,8,NaN,NaN,NaN,NaN,NaN,NaN,NaN,NaN,NaN,NaN,NT,NW,c,c,150,1011,NaN,NaN,NaN,NaN,
2012062418,c4w.2012,9X-C4W,TD,NONdev,14.4,130.6,15,1006,270,3,242,10,NaN,NaN,NaN,NaN,NaN,NaN,NaN,NaN,NaN,NaN,NT,NW,c,c,150,1011,NaN,NaN,NaN,NaN,
2012062500,c4w.2012,9X-C4W,TD,NONdev,15.0,128.8,15,1006,300,10,286,13,NaN,NaN,NaN,NaN,NaN,NaN,NaN,NaN,NaN,NaN,DB,NW,C,C,150,1011,NaN,S,45,NaN,
2012062506,c4w.2012,9X-C4W,TD,NONdev,15.7,126.6,15,NaN,287,17,290,19,NaN,NaN,NaN,NaN,NaN,NaN,NaN,NaN,NaN,NaN,NT,NW,c,c,NaN,NaN,NaN,NaN,NaN,NaN,
2012062512,c4w.2012,9X-C4W,TD,NONdev,14.8,124.6,15,NaN,264,16,267,20,NaN,NaN,NaN,NaN,NaN,NaN,NaN,NaN,NaN,NaN,NT,NW,c,c,NaN,NaN,NaN,NaN,NaN,NaN,
2012062518,c4w.2012,9X-C4W,TD,NONdev,14.1,122.6,15,NaN,248,13,248,21,NaN,NaN,NaN,NaN,NaN,NaN,NaN,NaN,NaN,NaN,NT,NW,c,c,NaN,NaN,0.49,NaN,NaN,NaN,
2012062406,c5w.2012,9X-C5W,TD,DEV,11.9,135.9,15,1010,297,2,297,2,NaN,NaN,NaN,NaN,NaN,NaN,NaN,NaN,NaN,NaN,DB,NW,b,b,NaN,NaN,NaN,NaN,NaN,NaN,
2012062412,c5w.2012,9X-C5W,TD,DEV,12.0,135.7,15,1010,297,2,297,2,NaN,NaN,NaN,NaN,NaN,NaN,NaN,NaN,NaN,NaN,DB,NW,b,b,NaN,NaN,NaN,NaN,NaN,NaN,
2012062418,c5w.2012,9X-C5W,TD,DEV,12.1,135.5,15,1010,297,2,297,2,NaN,NaN,NaN,NaN,NaN,NaN,NaN,NaN,NaN,NaN,DB,NW,b,b,NaN,NaN,NaN,NaN,NaN,NaN,
2012062500,c5w.2012,9X-C5W,TD,DEV,12.3,135.1,15,1010,297,3,297,3,NaN,NaN,NaN,NaN,NaN,NaN,NaN,NaN,NaN,NaN,DB,NW,b,b,NaN,NaN,NaN,NaN,NaN,NaN,
2012062506,c5w.2012,9X-C5W,TD,DEV,11.9,134.6,15,1010,255,3,257,5,NaN,NaN,NaN,NaN,NaN,NaN,NaN,NaN,NaN,NaN,DB,NW,C,C,150,1011,NaN,S,15,NaN,
2012062512,c5w.2012,9X-C5W,TD,DEV,12.7,134.2,20,1006,295,5,294,5,NaN,NaN,NaN,NaN,NaN,NaN,NaN,NaN,NaN,NaN,DB,NW,C,C,150,1008,NaN,S,45,NaN,
2012062518,c5w.2012,9X-C5W,TD,DEV,13.0,133.7,20,1006,295,5,321,7,NaN,NaN,NaN,NaN,NaN,NaN,NaN,NaN,NaN,NaN,DB,NW,C,C,150,1008,NaN,S,45,NaN,
2012062600,c5w.2012,9X-C5W,TD,DEV,14.1,132.8,20,1006,310,8,316,10,NaN,NaN,NaN,NaN,NaN,NaN,NaN,NaN,NaN,NaN,DB,NW,C,C,150,1008,NaN,S,45,NaN,
2012062606,c5w.2012,9X-C5W,TD,DEV,14.4,131.3,20,1006,295,10,301,14,NaN,NaN,NaN,NaN,NaN,NaN,NaN,NaN,NaN,NaN,DB,NW,C,C,165,1008,NaN,S,45,NaN,
2012062800,c6w.2012,9X-C6W,TD,NONdev,2.3,144.5,15,1008,270,8,249,4,NaN,NaN,NaN,NaN,NaN,NaN,NaN,NaN,NaN,NaN,DB,NW,C,C,200,1010,NaN,S,45,NaN,
2012062806,c6w.2012,9X-C6W,TD,NONdev,1.8,144.1,15,1010,236,4,249,4,NaN,NaN,NaN,NaN,NaN,NaN,NaN,NaN,NaN,NaN,DB,NW,c,c,NaN,NaN,NaN,NaN,NaN,NaN,
2012062812,c6w.2012,9X-C6W,TD,NONdev,2.0,143.7,15,1007,262,4,249,4,NaN,NaN,NaN,NaN,NaN,NaN,NaN,NaN,NaN,NaN,DB,NW,c,c,NaN,NaN,NaN,NaN,NaN,NaN,
2012062818,c6w.2012,9X-C6W,TD,NONdev,2.2,143.3,20,1006,275,4,297,4,NaN,NaN,NaN,NaN,NaN,NaN,NaN,NaN,NaN,NaN,DB,NW,C,C,200,1009,NaN,S,45,NaN,
2012062900,c6w.2012,9X-C6W,TD,NONdev,3.1,142.7,20,1007,315,6,318,7,NaN,NaN,NaN,NaN,NaN,NaN,NaN,NaN,NaN,NaN,DB,NW,C,C,200,1009,NaN,S,45,NaN,
2012062906,c6w.2012,9X-C6W,TD,NONdev,4.3,142.6,20,1007,335,8,342,11,NaN,NaN,NaN,NaN,NaN,NaN,NaN,NaN,NaN,NaN,DB,NW,C,C,140,1009,NaN,S,45,NaN,
2012062912,c6w.2012,9X-C6W,TD,NONdev,4.7,142.3,20,1007,340,9,346,8,NaN,NaN,NaN,NaN,NaN,NaN,NaN,NaN,NaN,NaN,DB,NW,C,C,140,1009,NaN,S,45,NaN,
2012062918,c6w.2012,9X-C6W,TD,NONdev,5.1,140.0,20,1006,305,11,287,14,NaN,NaN,NaN,NaN,NaN,NaN,NaN,NaN,NaN,NaN,DB,NW,C,C,140,1008,NaN,S,45,NaN,
2012063000,c6w.2012,9X-C6W,TD,NONdev,6.5,139.6,20,1006,315,12,304,16,NaN,NaN,NaN,NaN,NaN,NaN,NaN,NaN,NaN,NaN,DB,NW,C,C,150,1008,NaN,S,45,NaN,
2012063006,c6w.2012,9X-C6W,TD,NONdev,8.6,138.0,20,1006,320,15,330,20,NaN,NaN,NaN,NaN,NaN,NaN,NaN,NaN,NaN,NaN,DB,NW,C,C,150,1008,NaN,S,45,NaN,
2012063012,c6w.2012,9X-C6W,TD,NONdev,8.3,135.9,20,1006,290,18,296,20,NaN,NaN,NaN,NaN,NaN,NaN,NaN,NaN,NaN,NaN,DB,NW,C,C,150,1007,NaN,S,45,NaN,
2012063018,c6w.2012,9X-C6W,TD,NONdev,8.7,134.6,15,1006,285,19,272,17,NaN,NaN,NaN,NaN,NaN,NaN,NaN,NaN,NaN,NaN,DB,NW,C,C,150,1008,0.04,S,45,NaN,
2012070100,c6w.2012,9X-C6W,TD,NONdev,8.1,132.3,15,1006,285,21,267,18,NaN,NaN,NaN,NaN,NaN,NaN,NaN,NaN,NaN,NaN,DB,NW,C,C,150,1008,NaN,S,45,NaN,
2012070106,c6w.2012,9X-C6W,TD,NONdev,10.4,130.6,15,1006,300,22,293,21,NaN,NaN,NaN,NaN,NaN,NaN,NaN,NaN,NaN,NaN,DB,NW,C,C,150,1008,NaN,S,45,NaN,
2012070112,c6w.2012,9X-C6W,TD,NONdev,11.6,129.0,15,1006,310,22,317,24,NaN,NaN,NaN,NaN,NaN,NaN,NaN,NaN,NaN,NaN,DB,NW,C,C,150,1009,NaN,S,45,NaN,
2012070118,c6w.2012,9X-C6W,TD,NONdev,12.5,126.2,15,1006,296,24,296,24,NaN,NaN,NaN,NaN,NaN,NaN,NaN,NaN,NaN,NaN,DB,NW,c,c,NaN,NaN,NaN,NaN,NaN,NaN,
2012070200,c6w.2012,9X-C6W,TD,NONdev,12.4,127.5,15,1005,302,8,299,8,NaN,NaN,NaN,NaN,NaN,NaN,NaN,NaN,NaN,NaN,DB,NW,c,c,NaN,NaN,NaN,NaN,NaN,NaN,
2012070206,c6w.2012,9X-C6W,TD,NONdev,13.0,126.1,20,1004,295,13,349,3,NaN,NaN,NaN,NaN,NaN,NaN,NaN,NaN,NaN,NaN,DB,NW,C,C,130,1007,NaN,S,45,NaN,
2012070212,c6w.2012,9X-C6W,TD,NONdev,13.3,124.8,20,1004,290,13,289,14,NaN,NaN,NaN,NaN,NaN,NaN,NaN,NaN,NaN,NaN,DB,NW,C,C,130,1007,NaN,S,45,NaN,
2012070218,c6w.2012,9X-C6W,TD,NONdev,13.5,123.9,20,1007,285,13,283,11,NaN,NaN,NaN,NaN,NaN,NaN,NaN,NaN,NaN,NaN,DB,NW,C,C,130,1008,0.39,S,45,NaN,
2012070300,c6w.2012,9X-C6W,TD,NONdev,14.3,122.2,20,1007,290,14,292,14,NaN,NaN,NaN,NaN,NaN,NaN,NaN,NaN,NaN,NaN,DB,NW,C,C,130,1008,0.33,S,45,NaN,
2012070306,c6w.2012,9X-C6W,TD,NONdev,15.1,121.3,20,1004,300,13,302,15,NaN,NaN,NaN,NaN,NaN,NaN,NaN,NaN,NaN,NaN,DB,NW,C,C,130,1006,0.58,S,45,NaN,
2012070312,c6w.2012,9X-C6W,TD,NONdev,15.5,120.5,20,1004,300,13,306,10,NaN,NaN,NaN,NaN,NaN,NaN,NaN,NaN,NaN,NaN,DB,NW,C,C,130,1006,0.98,S,45,NaN,
2012070318,c6w.2012,9X-C6W,TD,NONdev,15.6,119.4,20,1004,295,10,285,9,NaN,NaN,NaN,NaN,NaN,NaN,NaN,NaN,NaN,NaN,DB,NW,C,C,130,1006,0.06,S,45,NaN,
2012070400,c6w.2012,9X-C6W,TD,NONdev,16.0,117.6,20,1007,285,12,280,14,NaN,NaN,NaN,NaN,NaN,NaN,NaN,NaN,NaN,NaN,DB,NW,C,C,130,1008,NaN,S,45,NaN,
2012070406,c6w.2012,9X-C6W,TD,NONdev,15.4,117.2,20,1003,270,11,265,11,NaN,NaN,NaN,NaN,NaN,NaN,NaN,NaN,NaN,NaN,DB,NW,C,C,130,1005,NaN,S,45,NaN,
2012070412,c6w.2012,9X-C6W,TD,NONdev,15.9,116.7,15,1005,275,9,263,4,NaN,NaN,NaN,NaN,NaN,NaN,NaN,NaN,NaN,NaN,DB,NW,C,C,130,1007,NaN,S,45,NaN,
2012070418,c6w.2012,9X-C6W,TD,NONdev,15.2,116.0,15,1010,260,6,260,6,NaN,NaN,NaN,NaN,NaN,NaN,NaN,NaN,NaN,NaN,DB,NW,c,c,NaN,NaN,NaN,NaN,NaN,NaN,
2012070500,c6w.2012,9X-C6W,TD,NONdev,15.5,116.3,15,1010,270,2,224,3,NaN,NaN,NaN,NaN,NaN,NaN,NaN,NaN,NaN,NaN,DB,NW,c,c,NaN,NaN,NaN,NaN,NaN,NaN,
2012063018,c7w.2012,9X-C7W,TD,NONdev,10.6,140.0,15,1010,180,1,180,0,NaN,NaN,NaN,NaN,NaN,NaN,NaN,NaN,NaN,NaN,DB,NW,b,b,NaN,NaN,NaN,NaN,NaN,NaN,
2012070100,c7w.2012,9X-C7W,TD,NONdev,10.8,139.6,15,1010,180,1,180,0,NaN,NaN,NaN,NaN,NaN,NaN,NaN,NaN,NaN,NaN,DB,NW,b,b,NaN,NaN,NaN,NaN,NaN,NaN,
2012070106,c7w.2012,9X-C7W,TD,NONdev,10.5,140.0,15,1010,180,1,180,0,NaN,NaN,NaN,NaN,NaN,NaN,NaN,NaN,NaN,NaN,DB,NW,b,b,NaN,NaN,NaN,NaN,NaN,NaN,
2012070112,c7w.2012,9X-C7W,TD,NONdev,10.6,139.0,15,1010,270,3,251,3,NaN,NaN,NaN,NaN,NaN,NaN,NaN,NaN,NaN,NaN,DB,NW,c,c,NaN,NaN,NaN,NaN,NaN,NaN,
2012070118,c7w.2012,9X-C7W,TD,NONdev,10.8,138.7,15,1010,270,3,283,7,NaN,NaN,NaN,NaN,NaN,NaN,NaN,NaN,NaN,NaN,DB,NW,c,c,NaN,NaN,NaN,NaN,NaN,NaN,
2012070200,c7w.2012,9X-C7W,TD,NONdev,10.5,139.2,15,1010,270,2,117,1,NaN,NaN,NaN,NaN,NaN,NaN,NaN,NaN,NaN,NaN,DB,NW,c,c,NaN,NaN,NaN,NaN,NaN,NaN,
2012070718,c8w.2012,9X-C8W,TD,NONdev,10.7,118.7,15,1010,264,9,264,9,NaN,NaN,NaN,NaN,NaN,NaN,NaN,NaN,NaN,NaN,DB,NW,b,b,NaN,NaN,0.06,NaN,NaN,NaN,
2012070800,c8w.2012,9X-C8W,TD,NONdev,10.6,118.0,15,1010,264,9,264,9,NaN,NaN,NaN,NaN,NaN,NaN,NaN,NaN,NaN,NaN,DB,NW,b,b,NaN,NaN,NaN,NaN,NaN,NaN,
2012070806,c8w.2012,9X-C8W,TD,NONdev,10.5,116.9,15,1010,264,9,264,9,NaN,NaN,NaN,NaN,NaN,NaN,NaN,NaN,NaN,NaN,DB,NW,b,b,NaN,NaN,NaN,NaN,NaN,NaN,
2012070812,c8w.2012,9X-C8W,TD,NONdev,10.5,116.5,15,1010,266,7,266,7,NaN,NaN,NaN,NaN,NaN,NaN,NaN,NaN,NaN,NaN,DB,NW,c,c,NaN,NaN,NaN,NaN,NaN,NaN,
2012070818,c8w.2012,9X-C8W,TD,NONdev,10.5,115.7,15,1010,266,7,270,6,NaN,NaN,NaN,NaN,NaN,NaN,NaN,NaN,NaN,NaN,DB,NW,c,c,NaN,NaN,NaN,NaN,NaN,NaN,
2012070900,c8w.2012,9X-C8W,TD,NONdev,10.5,115.6,15,1010,270,4,270,4,NaN,NaN,NaN,NaN,NaN,NaN,NaN,NaN,NaN,NaN,DB,NW,c,c,NaN,NaN,NaN,NaN,NaN,NaN,
2012070906,c8w.2012,9X-C8W,TD,NONdev,11.2,115.3,15,1010,284,6,331,4,NaN,NaN,NaN,NaN,NaN,NaN,NaN,NaN,NaN,NaN,DB,NW,c,c,NaN,NaN,NaN,NaN,NaN,NaN,
2012070912,c8w.2012,9X-C8W,TD,NONdev,11.7,114.2,15,1010,293,9,311,9,NaN,NaN,NaN,NaN,NaN,NaN,NaN,NaN,NaN,NaN,DB,NW,c,c,NaN,NaN,NaN,NaN,NaN,NaN,
2012070812,c9w.2012,9X-C9W,TD,NONdev,28.2,169.0,15,1010,332,3,332,3,NaN,NaN,NaN,NaN,NaN,NaN,NaN,NaN,NaN,NaN,DB,NW,b,b,NaN,NaN,NaN,NaN,NaN,NaN,
2012070818,c9w.2012,9X-C9W,TD,NONdev,28.3,169.1,15,1010,332,3,332,3,NaN,NaN,NaN,NaN,NaN,NaN,NaN,NaN,NaN,NaN,DB,NW,b,b,NaN,NaN,NaN,NaN,NaN,NaN,
2012070900,c9w.2012,9X-C9W,TD,NONdev,28.7,168.7,15,1010,332,3,332,3,NaN,NaN,NaN,NaN,NaN,NaN,NaN,NaN,NaN,NaN,DB,NW,b,b,NaN,NaN,NaN,NaN,NaN,NaN,
2012070906,c9w.2012,9X-C9W,TD,NONdev,28.5,168.0,15,1010,288,3,282,5,NaN,NaN,NaN,NaN,NaN,NaN,NaN,NaN,NaN,NaN,DB,NW,c,c,NaN,NaN,NaN,NaN,NaN,NaN,
2012070912,c9w.2012,9X-C9W,TD,NONdev,29.4,167.9,15,1010,315,5,315,5,NaN,NaN,NaN,NaN,NaN,NaN,NaN,NaN,NaN,NaN,DB,NW,c,c,NaN,NaN,NaN,NaN,NaN,NaN,
2012071112,d0w.2012,9X-D0W,TD,NONdev,7.0,136.8,15,1010,206,9,206,9,NaN,NaN,NaN,NaN,NaN,NaN,NaN,NaN,NaN,NaN,DB,NW,b,b,NaN,NaN,NaN,NaN,NaN,NaN,
2012071118,d0w.2012,9X-D0W,TD,NONdev,6.9,136.4,15,1010,206,9,206,9,NaN,NaN,NaN,NaN,NaN,NaN,NaN,NaN,NaN,NaN,DB,NW,b,b,NaN,NaN,NaN,NaN,NaN,NaN,
2012071200,d0w.2012,9X-D0W,TD,NONdev,5.4,136.0,15,1010,206,9,206,9,NaN,NaN,NaN,NaN,NaN,NaN,NaN,NaN,NaN,NaN,DB,NW,b,b,NaN,NaN,NaN,NaN,NaN,NaN,
2012071206,d0w.2012,9X-D0W,TD,NONdev,7.0,135.3,15,1010,270,5,275,5,NaN,NaN,NaN,NaN,NaN,NaN,NaN,NaN,NaN,NaN,DB,NW,c,c,NaN,NaN,NaN,NaN,NaN,NaN,
2012071212,d0w.2012,9X-D0W,TD,NONdev,6.9,135.2,15,1010,270,4,332,8,NaN,NaN,NaN,NaN,NaN,NaN,NaN,NaN,NaN,NaN,DB,NW,c,c,NaN,NaN,0.02,NaN,NaN,NaN,
2012071218,d0w.2012,9X-D0W,TD,NONdev,5.7,135.2,15,1010,292,3,184,7,NaN,NaN,NaN,NaN,NaN,NaN,NaN,NaN,NaN,NaN,DB,NW,c,c,NaN,NaN,NaN,NaN,NaN,NaN,
2012071218,d1w.2012,9X-D1W,TD,DEV,16.4,144.6,15,1010,19,10,19,10,NaN,NaN,NaN,NaN,NaN,NaN,NaN,NaN,NaN,NaN,DB,NW,b,b,NaN,NaN,NaN,NaN,NaN,NaN,
2012071300,d1w.2012,9X-D1W,TD,DEV,17.0,144.2,15,1010,19,10,19,10,NaN,NaN,NaN,NaN,NaN,NaN,NaN,NaN,NaN,NaN,DB,NW,b,b,NaN,NaN,NaN,NaN,NaN,NaN,
2012071306,d1w.2012,9X-D1W,TD,DEV,18.3,145.3,15,1010,19,10,19,10,NaN,NaN,NaN,NaN,NaN,NaN,NaN,NaN,NaN,NaN,DB,NW,b,b,NaN,NaN,0.01,NaN,NaN,NaN,
2012071312,d1w.2012,9X-D1W,TD,DEV,17.0,143.0,15,1010,270,4,270,6,NaN,NaN,NaN,NaN,NaN,NaN,NaN,NaN,NaN,NaN,DB,NW,c,c,NaN,NaN,NaN,NaN,NaN,NaN,
2012071318,d1w.2012,9X-D1W,TD,DEV,18.4,144.8,15,1009,270,4,152,6,NaN,NaN,NaN,NaN,NaN,NaN,NaN,NaN,NaN,NaN,DB,NW,c,c,200,1010,NaN,NaN,NaN,NaN,
2012071400,d1w.2012,9X-D1W,TD,DEV,19.9,146.5,15,1008,308,7,35,7,NaN,NaN,NaN,NaN,NaN,NaN,NaN,NaN,NaN,NaN,DB,NW,c,c,200,1010,NaN,NaN,45,NaN,
2012071406,d1w.2012,9X-D1W,TD,DEV,19.4,143.7,15,1008,310,5,15,8,NaN,NaN,NaN,NaN,NaN,NaN,NaN,NaN,NaN,NaN,DB,NW,C,C,200,1010,NaN,S,45,NaN,
2012071412,d1w.2012,9X-D1W,TD,DEV,19.9,143.1,15,1008,310,6,270,16,NaN,NaN,NaN,NaN,NaN,NaN,NaN,NaN,NaN,NaN,DB,NW,C,C,200,1010,NaN,S,45,NaN,
2012071418,d1w.2012,9X-D1W,TD,DEV,20.2,142.9,20,1007,315,5,317,5,NaN,NaN,NaN,NaN,NaN,NaN,NaN,NaN,NaN,NaN,DB,NW,C,C,200,1008,NaN,S,45,NaN,
2012071500,d1w.2012,9X-D1W,TD,DEV,21.0,142.9,20,1006,335,6,350,6,NaN,NaN,NaN,NaN,NaN,NaN,NaN,NaN,NaN,NaN,DB,NW,C,C,210,1007,NaN,S,45,NaN,
2012071506,d1w.2012,9X-D1W,TD,DEV,21.6,141.7,20,1005,320,7,321,9,NaN,NaN,NaN,NaN,NaN,NaN,NaN,NaN,NaN,NaN,DB,NW,C,C,210,1007,NaN,S,45,NaN,
2012071612,d2w.2012,9X-D2W,TD,DEV,16.2,135.7,15,1010,246,8,246,8,NaN,NaN,NaN,NaN,NaN,NaN,NaN,NaN,NaN,NaN,DB,NW,b,b,NaN,NaN,NaN,NaN,NaN,NaN,
2012071618,d2w.2012,9X-D2W,TD,DEV,16.2,135.4,15,1010,246,8,246,8,NaN,NaN,NaN,NaN,NaN,NaN,NaN,NaN,NaN,NaN,DB,NW,b,b,NaN,NaN,NaN,NaN,NaN,NaN,
2012071700,d2w.2012,9X-D2W,TD,DEV,15.5,134.1,15,1010,246,8,246,8,NaN,NaN,NaN,NaN,NaN,NaN,NaN,NaN,NaN,NaN,DB,NW,b,b,NaN,NaN,NaN,NaN,NaN,NaN,
2012071706,d2w.2012,9X-D2W,TD,DEV,16.5,135.1,15,1010,298,2,316,2,NaN,NaN,NaN,NaN,NaN,NaN,NaN,NaN,NaN,NaN,DB,NW,c,c,NaN,NaN,NaN,NaN,NaN,NaN,
2012071712,d2w.2012,9X-D2W,TD,DEV,16.5,133.9,15,1010,282,5,349,5,NaN,NaN,NaN,NaN,NaN,NaN,NaN,NaN,NaN,NaN,DB,NW,c,c,NaN,NaN,NaN,NaN,NaN,NaN,
2012071718,d2w.2012,9X-D2W,TD,DEV,15.5,133.8,15,1010,270,5,231,8,NaN,NaN,NaN,NaN,NaN,NaN,NaN,NaN,NaN,NaN,DB,NW,c,c,NaN,NaN,NaN,NaN,NaN,NaN,
2012071800,d2w.2012,9X-D2W,TD,DEV,16.3,131.9,15,1008,281,5,264,10,NaN,NaN,NaN,NaN,NaN,NaN,NaN,NaN,NaN,NaN,DB,NW,c,c,NaN,NaN,NaN,NaN,NaN,NaN,
2012071806,d2w.2012,9X-D2W,TD,DEV,16.0,131.0,15,1008,280,6,281,14,NaN,NaN,NaN,NaN,NaN,NaN,NaN,NaN,NaN,NaN,DB,NW,C,C,190,1011,NaN,S,45,NaN,
2012071812,d2w.2012,9X-D2W,TD,DEV,16.0,129.8,15,1008,275,8,262,10,NaN,NaN,NaN,NaN,NaN,NaN,NaN,NaN,NaN,NaN,DB,NW,C,C,190,1011,NaN,S,45,NaN,
2012071818,d2w.2012,9X-D2W,TD,DEV,16.3,128.4,15,1010,275,11,277,13,NaN,NaN,NaN,NaN,NaN,NaN,NaN,NaN,NaN,NaN,DB,NW,C,C,170,1011,NaN,S,45,NaN,
2012071900,d2w.2012,9X-D2W,TD,DEV,16.6,126.9,15,1010,280,13,282,14,NaN,NaN,NaN,NaN,NaN,NaN,NaN,NaN,NaN,NaN,DB,NW,C,C,170,1011,NaN,S,45,NaN,
2012071906,d2w.2012,9X-D2W,TD,DEV,17.1,126.7,15,1006,290,11,296,9,NaN,NaN,NaN,NaN,NaN,NaN,NaN,NaN,NaN,NaN,DB,NW,C,C,180,1008,NaN,S,50,NaN,
2012071912,d2w.2012,9X-D2W,TD,DEV,17.5,126.0,15,1006,300,9,316,6,NaN,NaN,NaN,NaN,NaN,NaN,NaN,NaN,NaN,NaN,DB,NW,C,C,180,1008,NaN,S,50,NaN,
2012071918,d2w.2012,9X-D2W,TD,DEV,17.6,124.7,20,1007,290,10,285,10,NaN,NaN,NaN,NaN,NaN,NaN,NaN,NaN,NaN,NaN,DB,NW,C,C,180,1008,NaN,S,50,NaN,
2012072000,d2w.2012,9X-D2W,TD,DEV,17.7,125.3,20,1007,295,5,287,3,NaN,NaN,NaN,NaN,NaN,NaN,NaN,NaN,NaN,NaN,DB,NW,C,C,180,1008,NaN,S,50,NaN,
2012072006,d2w.2012,9X-D2W,TD,DEV,18.0,124.3,20,1003,290,6,316,3,NaN,NaN,NaN,NaN,NaN,NaN,NaN,NaN,NaN,NaN,DB,NW,C,C,180,1005,NaN,S,45,NaN,
2012072012,d2w.2012,9X-D2W,TD,DEV,18.3,122.6,20,1000,285,10,283,13,NaN,NaN,NaN,NaN,NaN,NaN,NaN,NaN,NaN,NaN,DB,NW,C,C,180,1004,0.12,S,45,NaN,
2012072606,d3w.2012,9X-D3W,TD,DEV,11.2,131.1,20,1007,350,12,68,12,NaN,NaN,NaN,NaN,NaN,NaN,NaN,NaN,NaN,NaN,DB,NW,C,C,150,1011,NaN,S,45,NaN,
2012072612,d3w.2012,9X-D3W,TD,DEV,12.5,131.4,20,1007,0,12,68,12,NaN,NaN,NaN,NaN,NaN,NaN,NaN,NaN,NaN,NaN,DB,NW,C,C,150,1010,NaN,S,45,NaN,
2012072618,d3w.2012,9X-D3W,TD,DEV,12.1,133.4,20,1006,350,5,68,12,NaN,NaN,NaN,NaN,NaN,NaN,NaN,NaN,NaN,NaN,DB,NW,C,C,200,1009,NaN,S,45,NaN,
2012072700,d3w.2012,9X-D3W,TD,DEV,11.0,131.1,20,1007,0,4,191,8,NaN,NaN,NaN,NaN,NaN,NaN,NaN,NaN,NaN,NaN,DB,NW,C,C,200,1009,NaN,S,45,NaN,
2012072706,d3w.2012,9X-D3W,TD,DEV,12.6,128.7,20,1007,305,6,276,23,NaN,NaN,NaN,NaN,NaN,NaN,NaN,NaN,NaN,NaN,DB,NW,C,C,180,1009,NaN,S,45,NaN,
2012072712,d3w.2012,9X-D3W,TD,DEV,12.7,127.6,20,1007,290,7,296,19,NaN,NaN,NaN,NaN,NaN,NaN,NaN,NaN,NaN,NaN,DB,NW,C,C,180,1009,NaN,S,45,NaN,
2012072718,d3w.2012,9X-D3W,TD,DEV,13.7,127.6,20,1004,310,7,316,8,NaN,NaN,NaN,NaN,NaN,NaN,NaN,NaN,NaN,NaN,DB,NW,C,C,180,1005,NaN,S,45,NaN,
2012072412,d4w.2012,9X-D4W,TD,NONdev,19.4,124.2,15,NaN,264,9,27,7,NaN,NaN,NaN,NaN,NaN,NaN,NaN,NaN,NaN,NaN,NT,NW,c,c,NaN,NaN,NaN,NaN,NaN,NaN,
2012072418,d4w.2012,9X-D4W,TD,NONdev,20.3,126.0,15,NaN,81,10,27,7,NaN,NaN,NaN,NaN,NaN,NaN,NaN,NaN,NaN,NaN,NT,NW,c,c,NaN,NaN,NaN,NaN,NaN,NaN,
2012072500,d4w.2012,9X-D4W,TD,NONdev,20.7,124.9,15,NaN,79,5,27,7,NaN,NaN,NaN,NaN,NaN,NaN,NaN,NaN,NaN,NaN,NT,NW,c,c,NaN,NaN,NaN,NaN,NaN,NaN,
2012072506,d4w.2012,9X-D4W,TD,NONdev,21.3,124.2,15,NaN,65,4,301,10,NaN,NaN,NaN,NaN,NaN,NaN,NaN,NaN,NaN,NaN,NT,NW,c,c,NaN,NaN,NaN,NaN,NaN,NaN,
2012072512,d4w.2012,9X-D4W,TD,NONdev,21.5,122.5,15,NaN,292,7,290,12,NaN,NaN,NaN,NaN,NaN,NaN,NaN,NaN,NaN,NaN,NT,NW,c,c,NaN,NaN,NaN,NaN,NaN,NaN,
2012072518,d4w.2012,9X-D4W,TD,NONdev,21.9,121.9,15,NaN,297,11,286,11,NaN,NaN,NaN,NaN,NaN,NaN,NaN,NaN,NaN,NaN,NT,NW,c,c,NaN,NaN,NaN,NaN,NaN,NaN,
2012072600,d4w.2012,9X-D4W,TD,NONdev,24.3,122.5,15,NaN,321,6,360,14,NaN,NaN,NaN,NaN,NaN,NaN,NaN,NaN,NaN,NaN,NT,NW,c,c,NaN,NaN,NaN,NaN,NaN,NaN,
2012072606,d4w.2012,9X-D4W,TD,NONdev,23.6,122.2,15,NaN,338,9,9,9,NaN,NaN,NaN,NaN,NaN,NaN,NaN,NaN,NaN,NaN,NT,NW,c,c,NaN,NaN,0.03,NaN,NaN,NaN,
2012072612,d4w.2012,9X-D4W,TD,NONdev,24.1,122.5,15,NaN,352,7,180,1,NaN,NaN,NaN,NaN,NaN,NaN,NaN,NaN,NaN,NaN,NT,NW,c,c,NaN,NaN,NaN,NaN,NaN,NaN,
2012072618,d4w.2012,9X-D4W,TD,NONdev,24.3,122.4,15,NaN,354,5,15,4,NaN,NaN,NaN,NaN,NaN,NaN,NaN,NaN,NaN,NaN,NT,NW,c,c,NaN,NaN,NaN,NaN,NaN,NaN,
2012072700,d5w.2012,9X-D5W,TD,DEV,22.5,148.4,15,1010,351,3,352,16,NaN,NaN,NaN,NaN,NaN,NaN,NaN,NaN,NaN,NaN,DB,NW,c,c,NaN,NaN,NaN,NaN,NaN,NaN,
2012072706,d5w.2012,9X-D5W,TD,DEV,24.3,147.8,15,1010,345,8,352,16,NaN,NaN,NaN,NaN,NaN,NaN,NaN,NaN,NaN,NaN,DB,NW,C,C,150,1011,NaN,S,15,NaN,
2012072712,d5w.2012,9X-D5W,TD,DEV,25.6,147.9,20,1007,356,9,352,16,NaN,NaN,NaN,NaN,NaN,NaN,NaN,NaN,NaN,NaN,DB,NW,C,C,160,1011,NaN,S,15,NaN,
2012072718,d5w.2012,9X-D5W,TD,DEV,26.5,147.0,20,1007,345,11,342,12,NaN,NaN,NaN,NaN,NaN,NaN,NaN,NaN,NaN,NaN,DB,NW,C,C,160,1009,NaN,S,40,NaN,
2012072800,d5w.2012,9X-D5W,TD,DEV,25.8,146.5,20,1007,320,6,279,6,NaN,NaN,NaN,NaN,NaN,NaN,NaN,NaN,NaN,NaN,DB,NW,C,C,160,1009,NaN,S,40,NaN,
2012072806,d5w.2012,9X-D5W,TD,DEV,25.8,145.6,20,1007,285,7,241,7,NaN,NaN,NaN,NaN,NaN,NaN,NaN,NaN,NaN,NaN,DB,NW,C,C,160,1009,NaN,S,40,NaN,
2012072812,d5w.2012,9X-D5W,TD,DEV,26.1,144.8,20,1007,280,8,281,8,NaN,NaN,NaN,NaN,NaN,NaN,NaN,NaN,NaN,NaN,DB,NW,C,C,160,1009,NaN,S,40,NaN,
2012072806,d6w.2012,9X-D6W,TD,NONdev,4.0,147.6,15,1010,163,8,305,4,NaN,NaN,NaN,NaN,NaN,NaN,NaN,NaN,NaN,NaN,DB,NW,b,b,NaN,NaN,NaN,NaN,NaN,NaN,
2012072812,d6w.2012,9X-D6W,TD,NONdev,4.2,147.0,15,1010,163,8,305,4,NaN,NaN,NaN,NaN,NaN,NaN,NaN,NaN,NaN,NaN,DB,NW,b,b,NaN,NaN,NaN,NaN,NaN,NaN,
2012072818,d6w.2012,9X-D6W,TD,NONdev,4.3,146.5,15,1010,163,8,305,4,NaN,NaN,NaN,NaN,NaN,NaN,NaN,NaN,NaN,NaN,DB,NW,b,b,NaN,NaN,NaN,NaN,NaN,NaN,
2012072900,d6w.2012,9X-D6W,TD,NONdev,4.5,145.9,15,1010,284,6,305,4,NaN,NaN,NaN,NaN,NaN,NaN,NaN,NaN,NaN,NaN,DB,NW,c,c,NaN,NaN,NaN,NaN,NaN,NaN,
2012072906,d6w.2012,9X-D6W,TD,NONdev,4.9,146.3,15,1010,283,5,305,4,NaN,NaN,NaN,NaN,NaN,NaN,NaN,NaN,NaN,NaN,DB,NW,c,c,NaN,NaN,NaN,NaN,NaN,NaN,
2012072912,d6w.2012,9X-D6W,TD,NONdev,5.3,146.6,15,1010,283,5,41,5,NaN,NaN,NaN,NaN,NaN,NaN,NaN,NaN,NaN,NaN,DB,NW,c,c,NaN,NaN,NaN,NaN,NaN,NaN,
2012072918,d6w.2012,9X-D6W,TD,NONdev,4.9,145.6,15,1010,270,3,270,3,NaN,NaN,NaN,NaN,NaN,NaN,NaN,NaN,NaN,NaN,DB,NW,b,b,NaN,NaN,NaN,NaN,NaN,NaN,
2012073000,d6w.2012,9X-D6W,TD,NONdev,5.4,145.0,15,1010,284,4,274,8,NaN,NaN,NaN,NaN,NaN,NaN,NaN,NaN,NaN,NaN,DB,NW,c,c,NaN,NaN,NaN,NaN,NaN,NaN,
2012073006,d6w.2012,9X-D6W,TD,NONdev,5.0,145.3,15,1010,293,4,288,2,NaN,NaN,NaN,NaN,NaN,NaN,NaN,NaN,NaN,NaN,DB,NW,c,c,NaN,NaN,NaN,NaN,NaN,NaN,
2012073012,d6w.2012,9X-D6W,TD,NONdev,6.1,144.2,15,1010,312,7,311,5,NaN,NaN,NaN,NaN,NaN,NaN,NaN,NaN,NaN,NaN,DB,NW,c,c,NaN,NaN,NaN,NaN,NaN,NaN,
2012072812,d7w.2012,9X-D7W,TD,NONdev,17.1,118.6,15,1010,270,2,270,2,NaN,NaN,NaN,NaN,NaN,NaN,NaN,NaN,NaN,NaN,DB,NW,b,b,NaN,NaN,NaN,NaN,NaN,NaN,
2012072818,d7w.2012,9X-D7W,TD,NONdev,17.3,117.8,15,1010,270,2,270,2,NaN,NaN,NaN,NaN,NaN,NaN,NaN,NaN,NaN,NaN,DB,NW,b,b,NaN,NaN,NaN,NaN,NaN,NaN,
2012072900,d7w.2012,9X-D7W,TD,NONdev,17.1,118.2,15,1010,270,2,270,2,NaN,NaN,NaN,NaN,NaN,NaN,NaN,NaN,NaN,NaN,DB,NW,b,b,NaN,NaN,NaN,NaN,NaN,NaN,
2012072906,d7w.2012,9X-D7W,TD,NONdev,15.4,117.8,15,1010,202,6,180,10,NaN,NaN,NaN,NaN,NaN,NaN,NaN,NaN,NaN,NaN,DB,NW,c,c,NaN,NaN,NaN,NaN,NaN,NaN,
2012072912,d7w.2012,9X-D7W,TD,NONdev,15.2,118.3,15,1010,161,7,177,10,NaN,NaN,NaN,NaN,NaN,NaN,NaN,NaN,NaN,NaN,DB,NW,c,c,NaN,NaN,NaN,NaN,NaN,NaN,
2012072918,d7w.2012,9X-D7W,TD,NONdev,15.3,118.9,15,1010,158,6,95,5,NaN,NaN,NaN,NaN,NaN,NaN,NaN,NaN,NaN,NaN,DB,NW,c,c,NaN,NaN,NaN,NaN,NaN,NaN,
2012073000,d7w.2012,9X-D7W,TD,NONdev,14.9,119.3,15,1010,148,6,107,5,NaN,NaN,NaN,NaN,NaN,NaN,NaN,NaN,NaN,NaN,DB,NW,c,c,NaN,NaN,0.01,NaN,NaN,NaN,
2012072906,d8w.2012,9X-D8W,TD,NONdev,3.5,158.0,15,1010,290,19,252,7,NaN,NaN,NaN,NaN,NaN,NaN,NaN,NaN,NaN,NaN,DB,NW,b,b,NaN,NaN,NaN,NaN,NaN,NaN,
2012072912,d8w.2012,9X-D8W,TD,NONdev,4.2,156.2,15,1010,290,19,252,7,NaN,NaN,NaN,NaN,NaN,NaN,NaN,NaN,NaN,NaN,DB,NW,b,b,NaN,NaN,NaN,NaN,NaN,NaN,
2012072918,d8w.2012,9X-D8W,TD,NONdev,4.8,154.5,15,1010,290,19,252,7,NaN,NaN,NaN,NaN,NaN,NaN,NaN,NaN,NaN,NaN,DB,NW,b,b,NaN,NaN,NaN,NaN,NaN,NaN,
2012073000,d8w.2012,9X-D8W,TD,NONdev,2.8,155.9,15,1010,247,8,252,7,NaN,NaN,NaN,NaN,NaN,NaN,NaN,NaN,NaN,NaN,DB,NW,c,c,NaN,NaN,NaN,NaN,NaN,NaN,
2012073006,d8w.2012,9X-D8W,TD,NONdev,3.3,154.2,15,1010,247,8,248,8,NaN,NaN,NaN,NaN,NaN,NaN,NaN,NaN,NaN,NaN,DB,NW,c,c,NaN,NaN,NaN,NaN,NaN,NaN,
2012073012,d8w.2012,9X-D8W,TD,NONdev,3.8,152.4,15,1010,242,7,244,8,NaN,NaN,NaN,NaN,NaN,NaN,NaN,NaN,NaN,NaN,DB,NW,c,c,NaN,NaN,NaN,NaN,NaN,NaN,
2012073018,d8w.2012,9X-D8W,TD,NONdev,3.9,151.1,15,1010,256,8,283,16,NaN,NaN,NaN,NaN,NaN,NaN,NaN,NaN,NaN,NaN,DB,NW,c,c,NaN,NaN,NaN,NaN,NaN,NaN,
2012073100,d8w.2012,9X-D8W,TD,NONdev,3.9,149.0,15,1010,263,13,272,17,NaN,NaN,NaN,NaN,NaN,NaN,NaN,NaN,NaN,NaN,DB,NW,c,c,NaN,NaN,NaN,NaN,NaN,NaN,
2012073100,d9w.2012,9X-D9W,TD,DEV,20.2,146.7,15,1010,338,11,338,11,NaN,NaN,NaN,NaN,NaN,NaN,NaN,NaN,NaN,NaN,DB,NW,b,b,NaN,NaN,NaN,NaN,NaN,NaN,
2012073106,d9w.2012,9X-D9W,TD,DEV,22.3,145.9,15,1010,338,11,338,11,NaN,NaN,NaN,NaN,NaN,NaN,NaN,NaN,NaN,NaN,DB,NW,b,b,NaN,NaN,NaN,NaN,NaN,NaN,
2012073112,d9w.2012,9X-D9W,TD,DEV,22.3,145.8,15,1010,338,11,338,11,NaN,NaN,NaN,NaN,NaN,NaN,NaN,NaN,NaN,NaN,DB,NW,b,b,NaN,NaN,NaN,NaN,NaN,NaN,
2012073118,d9w.2012,9X-D9W,TD,DEV,20.1,145.4,15,1010,263,4,192,11,NaN,NaN,NaN,NaN,NaN,NaN,NaN,NaN,NaN,NaN,DB,NW,c,c,NaN,NaN,NaN,NaN,NaN,NaN,
2012080100,d9w.2012,9X-D9W,TD,DEV,22.3,145.6,15,1010,270,1,270,1,NaN,NaN,NaN,NaN,NaN,NaN,NaN,NaN,NaN,NaN,DB,NW,c,c,NaN,NaN,NaN,NaN,NaN,NaN,
2012080106,d9w.2012,9X-D9W,TD,DEV,22.3,145.5,15,1010,270,1,2,11,NaN,NaN,NaN,NaN,NaN,NaN,NaN,NaN,NaN,NaN,DB,NW,c,c,NaN,NaN,NaN,NaN,NaN,NaN,
2012080112,d9w.2012,9X-D9W,TD,DEV,22.1,146.3,15,1010,270,2,107,3,NaN,NaN,NaN,NaN,NaN,NaN,NaN,NaN,NaN,NaN,DB,NW,c,c,NaN,NaN,NaN,NaN,NaN,NaN,
2012080118,d9w.2012,9X-D9W,TD,DEV,23.4,145.3,20,1002,280,5,350,6,NaN,NaN,NaN,NaN,NaN,NaN,NaN,NaN,NaN,NaN,DB,NW,C,C,150,1004,NaN,S,45,NaN,
2012080200,d9w.2012,9X-D9W,TD,DEV,23.4,143.8,20,1002,280,8,299,13,NaN,NaN,NaN,NaN,NaN,NaN,NaN,NaN,NaN,NaN,DB,NW,C,C,150,1004,NaN,S,45,NaN,
2012080206,d9w.2012,9X-D9W,TD,DEV,23.2,142.9,20,1007,270,9,265,11,NaN,NaN,NaN,NaN,NaN,NaN,NaN,NaN,NaN,NaN,DB,NW,C,C,150,1008,NaN,S,45,NaN,
2012080212,d9w.2012,9X-D9W,TD,DEV,21.9,142.1,20,1007,240,10,226,11,NaN,NaN,NaN,NaN,NaN,NaN,NaN,NaN,NaN,NaN,DB,NW,C,C,150,1008,NaN,S,45,NaN,
2012080118,e0w.2012,9X-E0W,TD,DEV,23.0,160.5,15,1010,305,10,305,10,NaN,NaN,NaN,NaN,NaN,NaN,NaN,NaN,NaN,NaN,DB,NW,b,b,NaN,NaN,NaN,NaN,NaN,NaN,
2012080200,e0w.2012,9X-E0W,TD,DEV,24.1,158.4,15,1010,305,10,305,10,NaN,NaN,NaN,NaN,NaN,NaN,NaN,NaN,NaN,NaN,DB,NW,b,b,NaN,NaN,NaN,NaN,NaN,NaN,
2012080206,e0w.2012,9X-E0W,TD,DEV,24.1,158.8,15,1010,305,10,305,10,NaN,NaN,NaN,NaN,NaN,NaN,NaN,NaN,NaN,NaN,DB,NW,b,b,NaN,NaN,NaN,NaN,NaN,NaN,
2012080212,e0w.2012,9X-E0W,TD,DEV,23.0,158.0,15,1010,270,7,198,6,NaN,NaN,NaN,NaN,NaN,NaN,NaN,NaN,NaN,NaN,DB,NW,c,c,NaN,NaN,NaN,NaN,NaN,NaN,
2012080218,e0w.2012,9X-E0W,TD,DEV,24.1,159.8,15,1007,270,7,90,5,NaN,NaN,NaN,NaN,NaN,NaN,NaN,NaN,NaN,NaN,DB,NW,c,c,NaN,NaN,NaN,NaN,NaN,NaN,
2012080300,e0w.2012,9X-E0W,TD,DEV,24.2,160.3,20,1004,270,6,60,12,NaN,NaN,NaN,NaN,NaN,NaN,NaN,NaN,NaN,NaN,DB,NW,C,C,160,1006,NaN,S,45,NaN,
2012080306,e0w.2012,9X-E0W,TD,DEV,24.1,160.9,20,1007,265,5,90,5,NaN,NaN,NaN,NaN,NaN,NaN,NaN,NaN,NaN,NaN,DB,NW,C,C,160,1008,NaN,S,45,NaN,
2012080312,e0w.2012,9X-E0W,TD,DEV,23.9,161.9,20,1006,98,7,102,7,NaN,NaN,NaN,NaN,NaN,NaN,NaN,NaN,NaN,NaN,DB,NW,c,c,165,1010,NaN,NaN,45,NaN,
2012080318,e0w.2012,9X-E0W,TD,DEV,23.6,162.3,20,1007,105,6,111,7,NaN,NaN,NaN,NaN,NaN,NaN,NaN,NaN,NaN,NaN,DB,NW,C,C,160,1008,NaN,S,45,NaN,
2012080400,e0w.2012,9X-E0W,TD,DEV,23.2,162.6,20,1007,110,6,137,5,NaN,NaN,NaN,NaN,NaN,NaN,NaN,NaN,NaN,NaN,DB,NW,C,C,165,1008,NaN,S,45,NaN,
2012080406,e0w.2012,9X-E0W,TD,DEV,23.3,162.9,20,1004,100,3,119,3,NaN,NaN,NaN,NaN,NaN,NaN,NaN,NaN,NaN,NaN,DB,NW,C,C,200,1007,NaN,S,45,NaN,
2012080412,e0w.2012,9X-E0W,TD,DEV,23.7,163.0,20,1004,75,3,36,3,NaN,NaN,NaN,NaN,NaN,NaN,NaN,NaN,NaN,NaN,DB,NW,C,C,250,1007,NaN,S,45,NaN,
2012080518,e1w.2012,9X-E1W,TD,NONdev,6.9,159.3,15,1010,270,14,270,14,NaN,NaN,NaN,NaN,NaN,NaN,NaN,NaN,NaN,NaN,DB,NW,b,b,NaN,NaN,NaN,NaN,NaN,NaN,
2012080600,e1w.2012,9X-E1W,TD,NONdev,6.9,156.7,15,1010,270,14,270,14,NaN,NaN,NaN,NaN,NaN,NaN,NaN,NaN,NaN,NaN,DB,NW,b,b,NaN,NaN,NaN,NaN,NaN,NaN,
2012080606,e1w.2012,9X-E1W,TD,NONdev,6.9,156.5,15,1010,270,14,270,14,NaN,NaN,NaN,NaN,NaN,NaN,NaN,NaN,NaN,NaN,DB,NW,b,b,NaN,NaN,NaN,NaN,NaN,NaN,
2012080612,e1w.2012,9X-E1W,TD,NONdev,6.9,158.5,15,1010,270,2,90,9,NaN,NaN,NaN,NaN,NaN,NaN,NaN,NaN,NaN,NaN,DB,NW,c,c,NaN,NaN,0.03,NaN,NaN,NaN,
2012080618,e1w.2012,9X-E1W,TD,NONdev,6.9,156.1,15,1010,270,2,270,2,NaN,NaN,NaN,NaN,NaN,NaN,NaN,NaN,NaN,NaN,DB,NW,c,c,NaN,NaN,NaN,NaN,NaN,NaN,
2012080700,e1w.2012,9X-E1W,TD,NONdev,6.9,155.8,15,1010,270,2,270,13,NaN,NaN,NaN,NaN,NaN,NaN,NaN,NaN,NaN,NaN,DB,NW,c,c,NaN,NaN,NaN,NaN,NaN,NaN,
2012080706,e1w.2012,9X-E1W,TD,NONdev,7.1,155.5,15,1010,289,3,289,3,NaN,NaN,NaN,NaN,NaN,NaN,NaN,NaN,NaN,NaN,DB,NW,c,c,NaN,NaN,NaN,NaN,NaN,NaN,
2012080712,e1w.2012,9X-E1W,TD,NONdev,6.9,155.1,15,1010,270,3,270,3,NaN,NaN,NaN,NaN,NaN,NaN,NaN,NaN,NaN,NaN,DB,NW,c,c,NaN,NaN,NaN,NaN,NaN,NaN,
2012080712,e2w.2012,9X-E2W,TD,NONdev,24.9,180.4,15,1010,222,8,222,8,NaN,NaN,NaN,NaN,NaN,NaN,NaN,NaN,NaN,NaN,DB,NW,b,b,NaN,NaN,NaN,NaN,NaN,NaN,
2012080718,e2w.2012,9X-E2W,TD,NONdev,24.2,179.5,15,1010,222,8,222,8,NaN,NaN,NaN,NaN,NaN,NaN,NaN,NaN,NaN,NaN,DB,NW,b,b,NaN,NaN,NaN,NaN,NaN,NaN,
2012080800,e2w.2012,9X-E2W,TD,NONdev,23.7,179.2,15,1010,222,8,222,8,NaN,NaN,NaN,NaN,NaN,NaN,NaN,NaN,NaN,NaN,DB,NW,b,b,NaN,NaN,NaN,NaN,NaN,NaN,
2012080806,e2w.2012,9X-E2W,TD,NONdev,23.1,178.9,15,1009,290,3,207,6,NaN,NaN,NaN,NaN,NaN,NaN,NaN,NaN,NaN,NaN,DB,NW,c,c,NaN,NaN,NaN,NaN,NaN,NaN,
2012080812,e2w.2012,9X-E2W,TD,NONdev,22.8,179.0,15,1009,192,5,192,5,NaN,NaN,NaN,NaN,NaN,NaN,NaN,NaN,NaN,NaN,DB,NW,c,c,NaN,NaN,NaN,NaN,NaN,NaN,
2012080818,e2w.2012,9X-E2W,TD,NONdev,22.5,178.8,15,1009,215,2,189,3,NaN,NaN,NaN,NaN,NaN,NaN,NaN,NaN,NaN,NaN,DB,NW,c,c,NaN,NaN,NaN,NaN,NaN,NaN,
2012080900,e2w.2012,9X-E2W,TD,NONdev,23.0,178.5,15,1009,280,2,293,3,NaN,NaN,NaN,NaN,NaN,NaN,NaN,NaN,NaN,NaN,DB,NW,C,C,165,1011,NaN,S,45,NaN,
2012080906,e2w.2012,9X-E2W,TD,NONdev,23.3,178.6,15,1010,347,4,347,4,NaN,NaN,NaN,NaN,NaN,NaN,NaN,NaN,NaN,NaN,DB,NW,c,c,NaN,NaN,NaN,NaN,NaN,NaN,
2012080912,e2w.2012,9X-E2W,TD,NONdev,24.0,178.5,15,1010,360,5,360,5,NaN,NaN,NaN,NaN,NaN,NaN,NaN,NaN,NaN,NaN,DB,NW,c,c,NaN,NaN,NaN,NaN,NaN,NaN,
2012080918,e2w.2012,9X-E2W,TD,NONdev,25.0,178.5,20,1007,0,7,357,9,NaN,NaN,NaN,NaN,NaN,NaN,NaN,NaN,NaN,NaN,DB,NW,C,C,165,1008,NaN,S,45,NaN,
2012081000,e2w.2012,9X-E2W,TD,NONdev,26.9,178.1,20,1007,355,12,353,15,NaN,NaN,NaN,NaN,NaN,NaN,NaN,NaN,NaN,NaN,DB,NW,C,C,165,1008,NaN,S,45,NaN,
2012081006,e2w.2012,9X-E2W,TD,NONdev,27.5,178.5,20,1007,0,12,360,12,NaN,NaN,NaN,NaN,NaN,NaN,NaN,NaN,NaN,NaN,DB,NW,C,C,160,1008,NaN,S,45,NaN,
2012081012,e2w.2012,9X-E2W,TD,NONdev,28.8,178.7,20,1007,5,12,16,10,NaN,NaN,NaN,NaN,NaN,NaN,NaN,NaN,NaN,NaN,DB,NW,C,C,180,1010,NaN,S,45,NaN,
2012081018,e2w.2012,9X-E2W,TD,NONdev,30.7,179.7,20,1007,18,17,18,17,NaN,NaN,NaN,NaN,NaN,NaN,NaN,NaN,NaN,NaN,DB,NW,c,c,180,1010,NaN,NaN,45,NaN,
2012080912,e3w.2012,9X-E3W,TD,DEV,14.9,139.6,15,1010,286,20,270,4,NaN,NaN,NaN,NaN,NaN,NaN,NaN,NaN,NaN,NaN,DB,NW,b,b,NaN,NaN,NaN,NaN,NaN,NaN,
2012080918,e3w.2012,9X-E3W,TD,DEV,15.1,139.2,15,1010,286,20,270,4,NaN,NaN,NaN,NaN,NaN,NaN,NaN,NaN,NaN,NaN,DB,NW,b,b,NaN,NaN,NaN,NaN,NaN,NaN,
2012081000,e3w.2012,9X-E3W,TD,DEV,15.0,138.8,15,1010,286,20,270,4,NaN,NaN,NaN,NaN,NaN,NaN,NaN,NaN,NaN,NaN,DB,NW,b,b,NaN,NaN,NaN,NaN,NaN,NaN,
2012081006,e3w.2012,9X-E3W,TD,DEV,14.9,138.3,15,1010,270,4,270,4,NaN,NaN,NaN,NaN,NaN,NaN,NaN,NaN,NaN,NaN,DB,NW,c,c,NaN,NaN,NaN,NaN,NaN,NaN,
2012081012,e3w.2012,9X-E3W,TD,DEV,15.1,137.1,15,1010,270,7,270,7,NaN,NaN,NaN,NaN,NaN,NaN,NaN,NaN,NaN,NaN,DB,NW,c,c,NaN,NaN,NaN,NaN,NaN,NaN,
2012081018,e3w.2012,9X-E3W,TD,DEV,15.1,135.7,15,1010,270,2,275,13,NaN,NaN,NaN,NaN,NaN,NaN,NaN,NaN,NaN,NaN,DB,NW,c,c,NaN,NaN,NaN,NaN,NaN,NaN,
2012081100,e3w.2012,9X-E3W,TD,DEV,15.4,134.7,15,1010,270,2,277,12,NaN,NaN,NaN,NaN,NaN,NaN,NaN,NaN,NaN,NaN,DB,NW,c,c,NaN,NaN,NaN,NaN,NaN,NaN,
2012081106,e3w.2012,9X-E3W,TD,DEV,15.4,135.6,15,1010,270,2,342,2,NaN,NaN,NaN,NaN,NaN,NaN,NaN,NaN,NaN,NaN,DB,NW,c,c,NaN,NaN,NaN,NaN,NaN,NaN,
2012081112,e3w.2012,9X-E3W,TD,DEV,16.2,135.9,15,1010,285,2,55,7,NaN,NaN,NaN,NaN,NaN,NaN,NaN,NaN,NaN,NaN,DB,NW,c,c,NaN,NaN,NaN,NaN,NaN,NaN,
2012081118,e3w.2012,9X-E3W,TD,DEV,16.2,133.3,20,1006,285,7,290,12,NaN,NaN,NaN,NaN,NaN,NaN,NaN,NaN,NaN,NaN,DB,NW,C,C,200,1007,NaN,S,45,NaN,
2012081200,e3w.2012,9X-E3W,TD,DEV,16.3,132.3,20,1006,280,8,272,17,NaN,NaN,NaN,NaN,NaN,NaN,NaN,NaN,NaN,NaN,DB,NW,C,C,220,1007,NaN,S,45,NaN,
2012081206,e3w.2012,9X-E3W,TD,DEV,16.5,130.2,20,1005,275,13,276,15,NaN,NaN,NaN,NaN,NaN,NaN,NaN,NaN,NaN,NaN,DB,NW,C,C,200,1008,NaN,S,45,NaN,
2012081118,e4w.2012,9X-E4W,TD,NONdev,4.0,151.0,15,NaN,270,3,326,7,NaN,NaN,NaN,NaN,NaN,NaN,NaN,NaN,NaN,NaN,NT,NW,c,c,NaN,NaN,NaN,NaN,NaN,NaN,
2012081200,e4w.2012,9X-E4W,TD,NONdev,4.1,150.7,15,NaN,279,3,326,7,NaN,NaN,NaN,NaN,NaN,NaN,NaN,NaN,NaN,NaN,NT,NW,c,c,NaN,NaN,NaN,NaN,NaN,NaN,
2012081206,e4w.2012,9X-E4W,TD,NONdev,5.2,150.2,15,NaN,279,3,326,7,NaN,NaN,NaN,NaN,NaN,NaN,NaN,NaN,NaN,NaN,NT,NW,c,c,NaN,NaN,NaN,NaN,NaN,NaN,
2012081212,e4w.2012,9X-E4W,TD,NONdev,5.6,150.1,15,NaN,321,3,338,8,NaN,NaN,NaN,NaN,NaN,NaN,NaN,NaN,NaN,NaN,NT,NW,c,c,NaN,NaN,NaN,NaN,NaN,NaN,
2012081218,e4w.2012,9X-E4W,TD,NONdev,5.8,149.8,15,NaN,326,4,326,4,NaN,NaN,NaN,NaN,NaN,NaN,NaN,NaN,NaN,NaN,NT,NW,c,c,NaN,NaN,NaN,NaN,NaN,NaN,
2012081312,e5w.2012,9X-E5W,TD,NONdev,6.1,178.3,15,1010,253,7,253,7,NaN,NaN,NaN,NaN,NaN,NaN,NaN,NaN,NaN,NaN,DB,NW,b,b,NaN,NaN,NaN,NaN,NaN,NaN,
2012081318,e5w.2012,9X-E5W,TD,NONdev,5.5,178.4,15,1010,253,7,253,7,NaN,NaN,NaN,NaN,NaN,NaN,NaN,NaN,NaN,NaN,DB,NW,b,b,NaN,NaN,NaN,NaN,NaN,NaN,
2012081400,e5w.2012,9X-E5W,TD,NONdev,5.7,177.0,15,1010,253,7,253,7,NaN,NaN,NaN,NaN,NaN,NaN,NaN,NaN,NaN,NaN,DB,NW,b,b,NaN,NaN,NaN,NaN,NaN,NaN,
2012081406,e5w.2012,9X-E5W,TD,NONdev,6.1,176.6,15,1010,270,6,289,9,NaN,NaN,NaN,NaN,NaN,NaN,NaN,NaN,NaN,NaN,DB,NW,c,c,NaN,NaN,NaN,NaN,NaN,NaN,
2012081412,e5w.2012,9X-E5W,TD,NONdev,5.7,176.5,15,1010,275,6,270,2,NaN,NaN,NaN,NaN,NaN,NaN,NaN,NaN,NaN,NaN,DB,NW,c,c,NaN,NaN,NaN,NaN,NaN,NaN,
2012081418,e5w.2012,9X-E5W,TD,NONdev,6.2,173.8,15,1010,279,10,272,14,NaN,NaN,NaN,NaN,NaN,NaN,NaN,NaN,NaN,NaN,DB,NW,c,c,NaN,NaN,NaN,NaN,NaN,NaN,
2012081600,e6w.2012,9X-E6W,TD,DEV,22.1,126.7,15,1010,242,4,242,4,NaN,NaN,NaN,NaN,NaN,NaN,NaN,NaN,NaN,NaN,DB,NW,b,b,NaN,NaN,NaN,NaN,NaN,NaN,
2012081606,e6w.2012,9X-E6W,TD,DEV,22.1,126.6,15,1010,242,4,242,4,NaN,NaN,NaN,NaN,NaN,NaN,NaN,NaN,NaN,NaN,DB,NW,b,b,NaN,NaN,NaN,NaN,NaN,NaN,
2012081612,e6w.2012,9X-E6W,TD,DEV,21.7,125.9,15,1010,242,4,242,4,NaN,NaN,NaN,NaN,NaN,NaN,NaN,NaN,NaN,NaN,DB,NW,b,b,NaN,NaN,NaN,NaN,NaN,NaN,
2012081618,e6w.2012,9X-E6W,TD,DEV,22.1,126.4,15,1010,270,1,270,1,NaN,NaN,NaN,NaN,NaN,NaN,NaN,NaN,NaN,NaN,DB,NW,c,c,NaN,NaN,NaN,NaN,NaN,NaN,
2012081700,e6w.2012,9X-E6W,TD,DEV,21.9,124.7,15,1010,280,6,280,6,NaN,NaN,NaN,NaN,NaN,NaN,NaN,NaN,NaN,NaN,DB,NW,b,b,NaN,NaN,NaN,NaN,NaN,NaN,
2012081706,e6w.2012,9X-E6W,TD,DEV,21.5,125.6,15,1010,223,1,231,5,NaN,NaN,NaN,NaN,NaN,NaN,NaN,NaN,NaN,NaN,DB,NW,c,c,NaN,NaN,NaN,NaN,NaN,NaN,
2012081712,e6w.2012,9X-E6W,TD,DEV,19.9,126.0,15,1010,180,3,149,12,NaN,NaN,NaN,NaN,NaN,NaN,NaN,NaN,NaN,NaN,DB,NW,c,c,NaN,NaN,NaN,NaN,NaN,NaN,
2012081718,e6w.2012,9X-E6W,TD,DEV,21.1,124.7,15,1010,180,3,244,5,NaN,NaN,NaN,NaN,NaN,NaN,NaN,NaN,NaN,NaN,DB,NW,C,C,150,1011,NaN,S,25,NaN,
2012081800,e6w.2012,9X-E6W,TD,DEV,18.7,126.0,20,1007,170,9,180,6,NaN,NaN,NaN,NaN,NaN,NaN,NaN,NaN,NaN,NaN,DB,NW,C,C,225,1009,NaN,S,45,NaN,
2012081806,e6w.2012,9X-E6W,TD,DEV,18.9,124.5,20,1007,205,7,185,11,NaN,NaN,NaN,NaN,NaN,NaN,NaN,NaN,NaN,NaN,DB,NW,C,C,225,1009,NaN,S,45,NaN,
2012081812,e6w.2012,9X-E6W,TD,DEV,18.5,124.8,20,1006,195,6,260,6,NaN,NaN,NaN,NaN,NaN,NaN,NaN,NaN,NaN,NaN,DB,NW,C,C,190,1008,NaN,S,45,NaN,
2012081818,e6w.2012,9X-E6W,TD,DEV,18.3,124.8,20,1006,190,5,155,3,NaN,NaN,NaN,NaN,NaN,NaN,NaN,NaN,NaN,NaN,DB,NW,C,C,195,1007,NaN,S,40,NaN,
2012081700,e7w.2012,9X-E7W,TD,DEV,11.2,140.5,15,1010,44,9,44,9,NaN,NaN,NaN,NaN,NaN,NaN,NaN,NaN,NaN,NaN,DB,NW,b,b,NaN,NaN,NaN,NaN,NaN,NaN,
2012081706,e7w.2012,9X-E7W,TD,DEV,11.6,139.7,15,1010,44,9,44,9,NaN,NaN,NaN,NaN,NaN,NaN,NaN,NaN,NaN,NaN,DB,NW,b,b,NaN,NaN,NaN,NaN,NaN,NaN,
2012081712,e7w.2012,9X-E7W,TD,DEV,12.5,141.8,15,1010,44,9,44,9,NaN,NaN,NaN,NaN,NaN,NaN,NaN,NaN,NaN,NaN,DB,NW,b,b,NaN,NaN,NaN,NaN,NaN,NaN,
2012081718,e7w.2012,9X-E7W,TD,DEV,12.5,141.6,15,1010,64,10,64,10,NaN,NaN,NaN,NaN,NaN,NaN,NaN,NaN,NaN,NaN,DB,NW,b,b,NaN,NaN,NaN,NaN,NaN,NaN,
2012081800,e7w.2012,9X-E7W,TD,DEV,11.2,140.1,15,1010,270,1,232,11,NaN,NaN,NaN,NaN,NaN,NaN,NaN,NaN,NaN,NaN,DB,NW,c,c,NaN,NaN,NaN,NaN,NaN,NaN,
2012081806,e7w.2012,9X-E7W,TD,DEV,11.6,138.9,15,1009,270,2,251,14,NaN,NaN,NaN,NaN,NaN,NaN,NaN,NaN,NaN,NaN,DB,NW,C,C,150,1011,NaN,S,45,NaN,
2012081812,e7w.2012,9X-E7W,TD,DEV,12.5,141.0,15,1009,270,2,34,8,NaN,NaN,NaN,NaN,NaN,NaN,NaN,NaN,NaN,NaN,DB,NW,C,C,150,1011,NaN,S,45,NaN,
2012081818,e7w.2012,9X-E7W,TD,DEV,12.5,141.4,15,1009,90,1,70,13,NaN,NaN,NaN,NaN,NaN,NaN,NaN,NaN,NaN,NaN,DB,NW,c,c,NaN,NaN,NaN,NaN,NaN,NaN,
2012081900,e7w.2012,9X-E7W,TD,DEV,14.0,141.8,15,1010,23,5,27,8,NaN,NaN,NaN,NaN,NaN,NaN,NaN,NaN,NaN,NaN,DB,NW,c,c,NaN,NaN,NaN,NaN,NaN,NaN,
2012081906,e7w.2012,9X-E7W,TD,DEV,14.4,141.8,20,1007,15,5,12,10,NaN,NaN,NaN,NaN,NaN,NaN,NaN,NaN,NaN,NaN,DB,NW,C,C,150,1011,NaN,S,45,NaN,
2012081912,e7w.2012,9X-E7W,TD,DEV,16.0,142.4,20,1007,15,7,16,10,NaN,NaN,NaN,NaN,NaN,NaN,NaN,NaN,NaN,NaN,DB,NW,C,C,150,1010,NaN,S,40,NaN,
2012081918,e7w.2012,9X-E7W,TD,DEV,16.6,142.1,20,1004,0,7,7,11,NaN,NaN,NaN,NaN,NaN,NaN,NaN,NaN,NaN,NaN,DB,NW,C,C,155,1006,NaN,S,40,NaN,
2012081718,e8w.2012,9X-E8W,TD,NONdev,15.1,151.4,15,1010,39,17,338,7,NaN,NaN,NaN,NaN,NaN,NaN,NaN,NaN,NaN,NaN,DB,NW,b,b,NaN,NaN,NaN,NaN,NaN,NaN,
2012081800,e8w.2012,9X-E8W,TD,NONdev,16.0,152.2,15,1010,39,17,338,7,NaN,NaN,NaN,NaN,NaN,NaN,NaN,NaN,NaN,NaN,DB,NW,b,b,NaN,NaN,NaN,NaN,NaN,NaN,
2012081806,e8w.2012,9X-E8W,TD,NONdev,16.6,151.6,15,1010,39,17,338,7,NaN,NaN,NaN,NaN,NaN,NaN,NaN,NaN,NaN,NaN,DB,NW,b,b,NaN,NaN,NaN,NaN,NaN,NaN,
2012081812,e8w.2012,9X-E8W,TD,NONdev,17.1,150.9,15,1009,39,17,338,7,NaN,NaN,NaN,NaN,NaN,NaN,NaN,NaN,NaN,NaN,DB,NW,b,b,NaN,NaN,NaN,NaN,NaN,NaN,
2012081818,e8w.2012,9X-E8W,TD,NONdev,17.7,150.3,15,1009,333,7,338,7,NaN,NaN,NaN,NaN,NaN,NaN,NaN,NaN,NaN,NaN,DB,NW,c,c,NaN,NaN,NaN,NaN,NaN,NaN,
2012081900,e8w.2012,9X-E8W,TD,NONdev,18.5,152.8,15,1009,311,4,13,6,NaN,NaN,NaN,NaN,NaN,NaN,NaN,NaN,NaN,NaN,DB,NW,c,c,NaN,NaN,NaN,NaN,NaN,NaN,
2012081906,e8w.2012,9X-E8W,TD,NONdev,19.7,151.8,15,1009,319,9,35,12,NaN,NaN,NaN,NaN,NaN,NaN,NaN,NaN,NaN,NaN,DB,NW,c,c,225,1010,NaN,NaN,35,NaN,
2012081912,e8w.2012,9X-E8W,TD,NONdev,19.7,150.8,15,1009,305,9,302,11,NaN,NaN,NaN,NaN,NaN,NaN,NaN,NaN,NaN,NaN,DB,NW,C,C,225,1011,NaN,S,35,NaN,
2012081918,e8w.2012,9X-E8W,TD,NONdev,19.0,149.2,15,1010,305,9,277,12,NaN,NaN,NaN,NaN,NaN,NaN,NaN,NaN,NaN,NaN,DB,NW,C,C,225,1011,NaN,S,35,NaN,
2012082000,e8w.2012,9X-E8W,TD,NONdev,18.4,147.6,15,1010,247,16,252,14,NaN,NaN,NaN,NaN,NaN,NaN,NaN,NaN,NaN,NaN,DB,NW,b,b,NaN,NaN,NaN,NaN,NaN,NaN,
2012082006,e8w.2012,9X-E8W,TD,NONdev,18.3,147.2,15,1010,260,17,248,12,NaN,NaN,NaN,NaN,NaN,NaN,NaN,NaN,NaN,NaN,DB,NW,b,b,NaN,NaN,NaN,NaN,NaN,NaN,
2012082012,e8w.2012,9X-E8W,TD,NONdev,18.3,146.9,15,1010,261,3,261,3,NaN,NaN,NaN,NaN,NaN,NaN,NaN,NaN,NaN,NaN,DB,NW,c,c,NaN,NaN,NaN,NaN,NaN,NaN,
2012082218,e9w.2012,9X-E9W,TD,NONdev,31.9,125.3,15,1010,333,6,333,6,NaN,NaN,NaN,NaN,NaN,NaN,NaN,NaN,NaN,NaN,DB,NW,b,b,NaN,NaN,NaN,NaN,NaN,NaN,
2012082300,e9w.2012,9X-E9W,TD,NONdev,32.9,124.7,15,1010,333,6,333,6,NaN,NaN,NaN,NaN,NaN,NaN,NaN,NaN,NaN,NaN,DB,NW,b,b,NaN,NaN,NaN,NaN,NaN,NaN,
2012082306,e9w.2012,9X-E9W,TD,NONdev,32.9,124.7,15,1010,333,6,333,6,NaN,NaN,NaN,NaN,NaN,NaN,NaN,NaN,NaN,NaN,DB,NW,b,b,NaN,NaN,NaN,NaN,NaN,NaN,
2012082312,e9w.2012,9X-E9W,TD,NONdev,33.0,126.0,15,1010,31,4,85,5,NaN,NaN,NaN,NaN,NaN,NaN,NaN,NaN,NaN,NaN,DB,NW,c,c,NaN,NaN,0.07,NaN,NaN,NaN,
2012082318,e9w.2012,9X-E9W,TD,NONdev,32.5,126.5,15,1010,28,5,105,8,NaN,NaN,NaN,NaN,NaN,NaN,NaN,NaN,NaN,NaN,DB,NW,c,c,NaN,NaN,NaN,NaN,NaN,NaN,
2012082400,e9w.2012,9X-E9W,TD,NONdev,34.0,124.7,15,1010,360,3,313,7,NaN,NaN,NaN,NaN,NaN,NaN,NaN,NaN,NaN,NaN,DB,NW,c,c,NaN,NaN,NaN,NaN,NaN,NaN,
2012082406,e9w.2012,9X-E9W,TD,NONdev,34.6,124.6,15,1010,355,5,323,13,NaN,NaN,NaN,NaN,NaN,NaN,NaN,NaN,NaN,NaN,DB,NW,c,c,NaN,NaN,NaN,NaN,NaN,NaN,
2012082412,e9w.2012,9X-E9W,TD,NONdev,35.2,124.5,15,1010,351,5,352,6,NaN,NaN,NaN,NaN,NaN,NaN,NaN,NaN,NaN,NaN,DB,NW,c,c,NaN,NaN,NaN,NaN,NaN,NaN,
2012082600,f0w.2012,9X-F0W,TD,NONdev,7.2,142.2,15,1010,329,3,329,3,NaN,NaN,NaN,NaN,NaN,NaN,NaN,NaN,NaN,NaN,DB,NW,b,b,NaN,NaN,NaN,NaN,NaN,NaN,
2012082606,f0w.2012,9X-F0W,TD,NONdev,7.2,142.0,15,1010,329,3,329,3,NaN,NaN,NaN,NaN,NaN,NaN,NaN,NaN,NaN,NaN,DB,NW,b,b,NaN,NaN,NaN,NaN,NaN,NaN,
2012082612,f0w.2012,9X-F0W,TD,NONdev,7.7,141.9,15,1010,329,3,329,3,NaN,NaN,NaN,NaN,NaN,NaN,NaN,NaN,NaN,NaN,DB,NW,b,b,NaN,NaN,NaN,NaN,NaN,NaN,
2012082618,f0w.2012,9X-F0W,TD,NONdev,7.2,141.6,15,1010,270,2,270,2,NaN,NaN,NaN,NaN,NaN,NaN,NaN,NaN,NaN,NaN,DB,NW,c,c,NaN,NaN,NaN,NaN,NaN,NaN,
2012082700,f0w.2012,9X-F0W,TD,NONdev,7.2,141.4,15,1010,270,2,225,4,NaN,NaN,NaN,NaN,NaN,NaN,NaN,NaN,NaN,NaN,DB,NW,c,c,NaN,NaN,NaN,NaN,NaN,NaN,
2012082706,f0w.2012,9X-F0W,TD,NONdev,7.7,141.3,15,1010,270,2,329,3,NaN,NaN,NaN,NaN,NaN,NaN,NaN,NaN,NaN,NaN,DB,NW,c,c,NaN,NaN,NaN,NaN,NaN,NaN,
2012082712,f0w.2012,9X-F0W,TD,NONdev,7.9,139.5,15,1010,270,3,290,10,NaN,NaN,NaN,NaN,NaN,NaN,NaN,NaN,NaN,NaN,DB,NW,c,c,NaN,NaN,NaN,NaN,NaN,NaN,
2012082718,f0w.2012,9X-F0W,TD,NONdev,9.2,137.0,15,1010,280,9,289,23,NaN,NaN,NaN,NaN,NaN,NaN,NaN,NaN,NaN,NaN,DB,NW,c,c,NaN,NaN,NaN,NaN,NaN,NaN,
2012082800,f0w.2012,9X-F0W,TD,NONdev,9.4,136.0,15,1010,280,9,293,19,NaN,NaN,NaN,NaN,NaN,NaN,NaN,NaN,NaN,NaN,DB,NW,c,c,NaN,NaN,NaN,NaN,NaN,NaN,
2012082806,f0w.2012,9X-F0W,TD,NONdev,8.7,136.6,15,1010,280,3,218,3,NaN,NaN,NaN,NaN,NaN,NaN,NaN,NaN,NaN,NaN,DB,NW,c,c,NaN,NaN,NaN,NaN,NaN,NaN,
2012082918,f1w.2012,9X-F1W,TD,NONdev,5.3,133.1,15,1010,284,2,284,2,NaN,NaN,NaN,NaN,NaN,NaN,NaN,NaN,NaN,NaN,DB,NW,b,b,NaN,NaN,NaN,NaN,NaN,NaN,
2012083000,f1w.2012,9X-F1W,TD,NONdev,5.3,132.9,15,1010,284,2,284,2,NaN,NaN,NaN,NaN,NaN,NaN,NaN,NaN,NaN,NaN,DB,NW,b,b,NaN,NaN,NaN,NaN,NaN,NaN,
2012083006,f1w.2012,9X-F1W,TD,NONdev,5.4,132.7,15,1010,284,2,284,2,NaN,NaN,NaN,NaN,NaN,NaN,NaN,NaN,NaN,NaN,DB,NW,b,b,NaN,NaN,NaN,NaN,NaN,NaN,
2012083012,f1w.2012,9X-F1W,TD,NONdev,5.3,131.2,15,1010,270,5,270,8,NaN,NaN,NaN,NaN,NaN,NaN,NaN,NaN,NaN,NaN,DB,NW,c,c,NaN,NaN,NaN,NaN,NaN,NaN,
2012083018,f1w.2012,9X-F1W,TD,NONdev,5.4,132.3,15,1010,270,2,270,2,NaN,NaN,NaN,NaN,NaN,NaN,NaN,NaN,NaN,NaN,DB,NW,c,c,NaN,NaN,NaN,NaN,NaN,NaN,
2012083100,f1w.2012,9X-F1W,TD,NONdev,5.4,132.1,15,1010,270,2,84,5,NaN,NaN,NaN,NaN,NaN,NaN,NaN,NaN,NaN,NaN,DB,NW,c,c,NaN,NaN,NaN,NaN,NaN,NaN,
2012082918,f2w.2012,9X-F2W,TD,NONdev,18.3,140.2,15,1010,90,2,90,2,NaN,NaN,NaN,NaN,NaN,NaN,NaN,NaN,NaN,NaN,DB,NW,b,b,NaN,NaN,NaN,NaN,NaN,NaN,
2012083000,f2w.2012,9X-F2W,TD,NONdev,18.3,140.4,15,1010,90,2,90,2,NaN,NaN,NaN,NaN,NaN,NaN,NaN,NaN,NaN,NaN,DB,NW,b,b,NaN,NaN,NaN,NaN,NaN,NaN,
2012083006,f2w.2012,9X-F2W,TD,NONdev,18.3,140.7,15,1010,90,2,90,2,NaN,NaN,NaN,NaN,NaN,NaN,NaN,NaN,NaN,NaN,DB,NW,b,b,NaN,NaN,NaN,NaN,NaN,NaN,
2012083012,f2w.2012,9X-F2W,TD,NONdev,16.0,139.0,15,1010,105,2,210,13,NaN,NaN,NaN,NaN,NaN,NaN,NaN,NaN,NaN,NaN,DB,NW,c,c,NaN,NaN,NaN,NaN,NaN,NaN,
2012083018,f2w.2012,9X-F2W,TD,NONdev,16.8,141.6,15,1010,105,2,156,12,NaN,NaN,NaN,NaN,NaN,NaN,NaN,NaN,NaN,NaN,DB,NW,c,c,NaN,NaN,NaN,NaN,NaN,NaN,
2012083100,f2w.2012,9X-F2W,TD,NONdev,17.6,144.1,15,1010,72,26,102,11,NaN,NaN,NaN,NaN,NaN,NaN,NaN,NaN,NaN,NaN,DB,NW,b,b,NaN,NaN,NaN,NaN,NaN,NaN,
2012083106,f2w.2012,9X-F2W,TD,NONdev,17.7,143.1,15,1010,72,26,83,9,NaN,NaN,NaN,NaN,NaN,NaN,NaN,NaN,NaN,NaN,DB,NW,b,b,NaN,NaN,NaN,NaN,NaN,NaN,
2012083112,f2w.2012,9X-F2W,TD,NONdev,17.9,142.1,15,1010,72,26,64,8,NaN,NaN,NaN,NaN,NaN,NaN,NaN,NaN,NaN,NaN,DB,NW,b,b,NaN,NaN,NaN,NaN,NaN,NaN,
2012083118,f2w.2012,9X-F2W,TD,NONdev,18.0,141.1,15,1010,276,9,45,6,NaN,NaN,NaN,NaN,NaN,NaN,NaN,NaN,NaN,NaN,DB,NW,c,c,NaN,NaN,NaN,NaN,NaN,NaN,
2012090118,f3w.2012,9X-F3W,TD,NONdev,21.2,164.3,15,1010,289,9,289,9,NaN,NaN,NaN,NaN,NaN,NaN,NaN,NaN,NaN,NaN,DB,NW,b,b,NaN,NaN,NaN,NaN,NaN,NaN,
2012090200,f3w.2012,9X-F3W,TD,NONdev,21.2,163.6,15,1010,289,9,289,9,NaN,NaN,NaN,NaN,NaN,NaN,NaN,NaN,NaN,NaN,DB,NW,b,b,NaN,NaN,NaN,NaN,NaN,NaN,
2012090206,f3w.2012,9X-F3W,TD,NONdev,21.8,162.4,15,1010,289,9,289,9,NaN,NaN,NaN,NaN,NaN,NaN,NaN,NaN,NaN,NaN,DB,NW,b,b,NaN,NaN,NaN,NaN,NaN,NaN,
2012090212,f3w.2012,9X-F3W,TD,NONdev,20.0,163.0,15,1010,227,6,205,7,NaN,NaN,NaN,NaN,NaN,NaN,NaN,NaN,NaN,NaN,DB,NW,c,c,NaN,NaN,NaN,NaN,NaN,NaN,
2012090218,f3w.2012,9X-F3W,TD,NONdev,20.6,162.9,15,1007,237,3,159,6,NaN,NaN,NaN,NaN,NaN,NaN,NaN,NaN,NaN,NaN,DB,NW,c,c,NaN,NaN,NaN,NaN,NaN,NaN,
2012090300,f3w.2012,9X-F3W,TD,NONdev,20.9,161.2,15,1007,236,4,298,10,NaN,NaN,NaN,NaN,NaN,NaN,NaN,NaN,NaN,NaN,DB,NW,c,c,NaN,NaN,NaN,NaN,NaN,NaN,
2012090306,f3w.2012,9X-F3W,TD,NONdev,20.5,161.2,15,1007,218,4,266,8,NaN,NaN,NaN,NaN,NaN,NaN,NaN,NaN,NaN,NaN,DB,NW,c,c,NaN,NaN,NaN,NaN,NaN,NaN,
2012090312,f3w.2012,9X-F3W,TD,NONdev,20.9,161.5,15,1007,70,1,90,1,NaN,NaN,NaN,NaN,NaN,NaN,NaN,NaN,NaN,NaN,DB,NW,c,c,NaN,NaN,NaN,NaN,NaN,NaN,
2012090318,f3w.2012,9X-F3W,TD,NONdev,21.5,163.1,15,1010,242,3,61,10,NaN,NaN,NaN,NaN,NaN,NaN,NaN,NaN,NaN,NaN,DB,NW,c,c,NaN,NaN,NaN,NaN,NaN,NaN,
2012090400,f3w.2012,9X-F3W,TD,NONdev,23.3,161.2,15,1010,270,3,353,12,NaN,NaN,NaN,NaN,NaN,NaN,NaN,NaN,NaN,NaN,DB,NW,c,c,NaN,NaN,NaN,NaN,NaN,NaN,
2012090412,f4w.2012,9X-F4W,TD,NONdev,27.0,173.0,15,NaN,270,14,348,6,NaN,NaN,NaN,NaN,NaN,NaN,NaN,NaN,NaN,NaN,NT,NW,c,c,NaN,NaN,NaN,NaN,NaN,NaN,
2012090418,f4w.2012,9X-F4W,TD,NONdev,27.2,172.9,15,NaN,272,15,348,6,NaN,NaN,NaN,NaN,NaN,NaN,NaN,NaN,NaN,NaN,NT,NW,c,c,NaN,NaN,NaN,NaN,NaN,NaN,
2012090500,f4w.2012,9X-F4W,TD,NONdev,28.2,172.7,15,NaN,270,6,348,6,NaN,NaN,NaN,NaN,NaN,NaN,NaN,NaN,NaN,NaN,NT,NW,c,c,NaN,NaN,NaN,NaN,NaN,NaN,
2012090506,f4w.2012,9X-F4W,TD,NONdev,28.3,173.3,15,NaN,279,3,18,6,NaN,NaN,NaN,NaN,NaN,NaN,NaN,NaN,NaN,NaN,NT,NW,c,c,NaN,NaN,NaN,NaN,NaN,NaN,
2012090512,f4w.2012,9X-F4W,TD,NONdev,28.3,172.9,15,NaN,270,4,60,1,NaN,NaN,NaN,NaN,NaN,NaN,NaN,NaN,NaN,NaN,NT,NW,c,c,NaN,NaN,NaN,NaN,NaN,NaN,
2012090518,f4w.2012,9X-F4W,TD,NONdev,27.6,171.9,15,NaN,270,3,240,7,NaN,NaN,NaN,NaN,NaN,NaN,NaN,NaN,NaN,NaN,NT,NW,c,c,NaN,NaN,NaN,NaN,NaN,NaN,
2012090600,f4w.2012,9X-F4W,TD,NONdev,27.6,171.7,15,NaN,270,2,237,6,NaN,NaN,NaN,NaN,NaN,NaN,NaN,NaN,NaN,NaN,NT,NW,c,c,NaN,NaN,NaN,NaN,NaN,NaN,
2012090606,f4w.2012,9X-F4W,TD,NONdev,27.6,171.8,15,NaN,270,2,172,4,NaN,NaN,NaN,NaN,NaN,NaN,NaN,NaN,NaN,NaN,NT,NW,c,c,NaN,NaN,NaN,NaN,NaN,NaN,
2012090612,f4w.2012,9X-F4W,TD,NONdev,27.7,171.9,15,NaN,270,2,107,2,NaN,NaN,NaN,NaN,NaN,NaN,NaN,NaN,NaN,NaN,NT,NW,c,c,NaN,NaN,NaN,NaN,NaN,NaN,
2012090618,f4w.2012,9X-F4W,TD,NONdev,27.7,172.0,15,NaN,299,2,42,0,NaN,NaN,NaN,NaN,NaN,NaN,NaN,NaN,NaN,NaN,NT,NW,c,c,NaN,NaN,NaN,NaN,NaN,NaN,
2012090700,f4w.2012,9X-F4W,TD,NONdev,26.5,171.6,15,NaN,270,1,185,3,NaN,NaN,NaN,NaN,NaN,NaN,NaN,NaN,NaN,NaN,NT,NW,c,c,NaN,NaN,NaN,NaN,NaN,NaN,
2012090706,f4w.2012,9X-F4W,TD,NONdev,26.3,170.5,15,NaN,270,1,224,10,NaN,NaN,NaN,NaN,NaN,NaN,NaN,NaN,NaN,NaN,NT,NW,c,c,NaN,NaN,NaN,NaN,NaN,NaN,
2012090712,f4w.2012,9X-F4W,TD,NONdev,27.3,170.2,15,NaN,270,1,303,7,NaN,NaN,NaN,NaN,NaN,NaN,NaN,NaN,NaN,NaN,NT,NW,c,c,NaN,NaN,NaN,NaN,NaN,NaN,
2012090718,f4w.2012,9X-F4W,TD,NONdev,27.7,169.8,15,NaN,318,1,336,8,NaN,NaN,NaN,NaN,NaN,NaN,NaN,NaN,NaN,NaN,NT,NW,c,c,NaN,NaN,NaN,NaN,NaN,NaN,
2012090800,f4w.2012,9X-F4W,TD,NONdev,28.9,167.3,15,NaN,318,1,324,12,NaN,NaN,NaN,NaN,NaN,NaN,NaN,NaN,NaN,NaN,NT,NW,c,c,NaN,NaN,NaN,NaN,NaN,NaN,
2012090806,f4w.2012,9X-F4W,TD,NONdev,30.0,164.8,15,NaN,318,1,312,16,NaN,NaN,NaN,NaN,NaN,NaN,NaN,NaN,NaN,NaN,NT,NW,c,c,NaN,NaN,NaN,NaN,NaN,NaN,
2012090812,f4w.2012,9X-F4W,TD,NONdev,31.2,162.3,15,NaN,281,13,300,20,NaN,NaN,NaN,NaN,NaN,NaN,NaN,NaN,NaN,NaN,NT,NW,c,c,NaN,NaN,NaN,NaN,NaN,NaN,
2012090818,f4w.2012,9X-F4W,TD,NONdev,31.6,160.9,15,NaN,284,13,297,22,NaN,NaN,NaN,NaN,NaN,NaN,NaN,NaN,NaN,NaN,NT,NW,c,c,NaN,NaN,NaN,NaN,NaN,NaN,
2012090900,f4w.2012,9X-F4W,TD,NONdev,31.9,159.8,15,NaN,288,11,288,11,NaN,NaN,NaN,NaN,NaN,NaN,NaN,NaN,NaN,NaN,NT,NW,c,c,NaN,NaN,NaN,NaN,NaN,NaN,
2012090500,f5w.2012,9X-F5W,TD,NONdev,5.0,144.4,15,1010,334,2,334,2,NaN,NaN,NaN,NaN,NaN,NaN,NaN,NaN,NaN,NaN,DB,NW,b,b,NaN,NaN,NaN,NaN,NaN,NaN,
2012090506,f5w.2012,9X-F5W,TD,NONdev,5.0,144.3,15,1010,334,2,334,2,NaN,NaN,NaN,NaN,NaN,NaN,NaN,NaN,NaN,NaN,DB,NW,b,b,NaN,NaN,NaN,NaN,NaN,NaN,
2012090512,f5w.2012,9X-F5W,TD,NONdev,5.4,144.2,15,1010,334,2,334,2,NaN,NaN,NaN,NaN,NaN,NaN,NaN,NaN,NaN,NaN,DB,NW,b,b,NaN,NaN,NaN,NaN,NaN,NaN,
2012090518,f5w.2012,9X-F5W,TD,NONdev,6.7,143.7,15,1010,341,9,341,9,NaN,NaN,NaN,NaN,NaN,NaN,NaN,NaN,NaN,NaN,DB,NW,b,b,NaN,NaN,NaN,NaN,NaN,NaN,
2012090600,f5w.2012,9X-F5W,TD,NONdev,5.2,143.7,15,1010,270,1,248,3,NaN,NaN,NaN,NaN,NaN,NaN,NaN,NaN,NaN,NaN,DB,NW,c,c,NaN,NaN,NaN,NaN,NaN,NaN,
2012090606,f5w.2012,9X-F5W,TD,NONdev,5.4,143.9,15,1010,270,1,171,7,NaN,NaN,NaN,NaN,NaN,NaN,NaN,NaN,NaN,NaN,DB,NW,c,c,NaN,NaN,NaN,NaN,NaN,NaN,
2012090612,f5w.2012,9X-F5W,TD,NONdev,6.7,143.4,15,1010,270,1,349,8,NaN,NaN,NaN,NaN,NaN,NaN,NaN,NaN,NaN,NaN,DB,NW,c,c,NaN,NaN,NaN,NaN,NaN,NaN,
2012090618,f5w.2012,9X-F5W,TD,NONdev,6.7,143.1,15,1010,270,2,329,8,NaN,NaN,NaN,NaN,NaN,NaN,NaN,NaN,NaN,NaN,DB,NW,c,c,NaN,NaN,NaN,NaN,NaN,NaN,
2012090700,f5w.2012,9X-F5W,TD,NONdev,5.4,144.4,15,1010,270,2,234,10,NaN,NaN,NaN,NaN,NaN,NaN,NaN,NaN,NaN,NaN,DB,NW,c,c,NaN,NaN,NaN,NaN,NaN,NaN,
2012090706,f5w.2012,9X-F5W,TD,NONdev,4.1,145.7,15,1010,270,2,139,12,NaN,NaN,NaN,NaN,NaN,NaN,NaN,NaN,NaN,NaN,DB,NW,c,c,NaN,NaN,NaN,NaN,NaN,NaN,
2012090712,f5w.2012,9X-F5W,TD,NONdev,3.7,144.8,15,1010,248,3,151,11,NaN,NaN,NaN,NaN,NaN,NaN,NaN,NaN,NaN,NaN,DB,NW,c,c,NaN,NaN,NaN,NaN,NaN,NaN,
2012090718,f5w.2012,9X-F5W,TD,NONdev,3.8,144.6,15,1010,270,2,255,6,NaN,NaN,NaN,NaN,NaN,NaN,NaN,NaN,NaN,NaN,DB,NW,c,c,NaN,NaN,NaN,NaN,NaN,NaN,
2012090512,f6w.2012,9X-F6W,TD,NONdev,24.2,171.3,15,1010,299,1,299,1,NaN,NaN,NaN,NaN,NaN,NaN,NaN,NaN,NaN,NaN,DB,NW,b,b,NaN,NaN,NaN,NaN,NaN,NaN,
2012090518,f6w.2012,9X-F6W,TD,NONdev,24.2,171.1,15,1010,299,1,299,1,NaN,NaN,NaN,NaN,NaN,NaN,NaN,NaN,NaN,NaN,DB,NW,b,b,NaN,NaN,NaN,NaN,NaN,NaN,
2012090600,f6w.2012,9X-F6W,TD,NONdev,24.3,171.1,15,1010,299,1,299,1,NaN,NaN,NaN,NaN,NaN,NaN,NaN,NaN,NaN,NaN,DB,NW,b,b,NaN,NaN,NaN,NaN,NaN,NaN,
2012090606,f6w.2012,9X-F6W,TD,NONdev,24.1,170.6,15,1010,258,2,258,2,NaN,NaN,NaN,NaN,NaN,NaN,NaN,NaN,NaN,NaN,DB,NW,c,c,NaN,NaN,NaN,NaN,NaN,NaN,
2012090612,f6w.2012,9X-F6W,TD,NONdev,24.5,170.6,15,1010,294,2,294,2,NaN,NaN,NaN,NaN,NaN,NaN,NaN,NaN,NaN,NaN,DB,NW,c,c,NaN,NaN,NaN,NaN,NaN,NaN,
2012090606,f7w.2012,9X-F7W,TD,NONdev,20.7,158.8,15,1010,205,2,205,2,NaN,NaN,NaN,NaN,NaN,NaN,NaN,NaN,NaN,NaN,DB,NW,b,b,NaN,NaN,NaN,NaN,NaN,NaN,
2012090612,f7w.2012,9X-F7W,TD,NONdev,20.9,159.4,15,1010,205,2,205,2,NaN,NaN,NaN,NaN,NaN,NaN,NaN,NaN,NaN,NaN,DB,NW,b,b,NaN,NaN,NaN,NaN,NaN,NaN,
2012090618,f7w.2012,9X-F7W,TD,NONdev,20.3,158.6,15,1010,205,2,205,2,NaN,NaN,NaN,NaN,NaN,NaN,NaN,NaN,NaN,NaN,DB,NW,b,b,NaN,NaN,NaN,NaN,NaN,NaN,
2012090700,f7w.2012,9X-F7W,TD,NONdev,20.7,158.5,15,1010,270,1,257,4,NaN,NaN,NaN,NaN,NaN,NaN,NaN,NaN,NaN,NaN,DB,NW,c,c,NaN,NaN,NaN,NaN,NaN,NaN,
2012090706,f7w.2012,9X-F7W,TD,NONdev,20.9,158.8,15,1010,270,2,17,3,NaN,NaN,NaN,NaN,NaN,NaN,NaN,NaN,NaN,NaN,DB,NW,c,c,NaN,NaN,NaN,NaN,NaN,NaN,
2012090712,f7w.2012,9X-F7W,TD,NONdev,20.3,158.1,15,1010,270,1,223,3,NaN,NaN,NaN,NaN,NaN,NaN,NaN,NaN,NaN,NaN,DB,NW,c,c,NaN,NaN,NaN,NaN,NaN,NaN,
2012090718,f7w.2012,9X-F7W,TD,NONdev,20.3,158.0,15,1010,270,1,231,5,NaN,NaN,NaN,NaN,NaN,NaN,NaN,NaN,NaN,NaN,DB,NW,c,c,NaN,NaN,NaN,NaN,NaN,NaN,
2012090800,f7w.2012,9X-F7W,TD,NONdev,20.3,157.9,15,1010,270,1,270,1,NaN,NaN,NaN,NaN,NaN,NaN,NaN,NaN,NaN,NaN,DB,NW,c,c,NaN,NaN,NaN,NaN,NaN,NaN,
2012090806,f7w.2012,9X-F7W,TD,NONdev,19.4,158.3,15,1010,137,1,163,5,NaN,NaN,NaN,NaN,NaN,NaN,NaN,NaN,NaN,NaN,DB,NW,c,c,NaN,NaN,NaN,NaN,NaN,NaN,
2012090812,f7w.2012,9X-F7W,TD,NONdev,19.8,158.4,15,1010,90,2,137,3,NaN,NaN,NaN,NaN,NaN,NaN,NaN,NaN,NaN,NaN,DB,NW,c,c,NaN,NaN,NaN,NaN,NaN,NaN,
2012090818,f7w.2012,9X-F7W,TD,NONdev,19.8,158.6,15,1010,90,2,35,2,NaN,NaN,NaN,NaN,NaN,NaN,NaN,NaN,NaN,NaN,DB,NW,c,c,NaN,NaN,NaN,NaN,NaN,NaN,
2012090900,f7w.2012,9X-F7W,TD,NONdev,20.5,158.5,15,1010,25,2,8,4,NaN,NaN,NaN,NaN,NaN,NaN,NaN,NaN,NaN,NaN,DB,NW,c,c,NaN,NaN,NaN,NaN,NaN,NaN,
2012090906,f7w.2012,9X-F7W,TD,NONdev,21.4,158.2,15,1010,360,2,347,8,NaN,NaN,NaN,NaN,NaN,NaN,NaN,NaN,NaN,NaN,DB,NW,c,c,NaN,NaN,NaN,NaN,NaN,NaN,
2012090818,f8w.2012,9X-F8W,TD,DEV,7.4,141.3,15,1010,270,12,270,12,NaN,NaN,NaN,NaN,NaN,NaN,NaN,NaN,NaN,NaN,DB,NW,b,b,NaN,NaN,NaN,NaN,NaN,NaN,
2012090900,f8w.2012,9X-F8W,TD,DEV,7.4,139.9,15,1010,270,12,270,12,NaN,NaN,NaN,NaN,NaN,NaN,NaN,NaN,NaN,NaN,DB,NW,b,b,NaN,NaN,NaN,NaN,NaN,NaN,
2012090906,f8w.2012,9X-F8W,TD,DEV,7.4,138.9,15,1010,270,12,270,12,NaN,NaN,NaN,NaN,NaN,NaN,NaN,NaN,NaN,NaN,DB,NW,b,b,NaN,NaN,NaN,NaN,NaN,NaN,
2012090912,f8w.2012,9X-F8W,TD,DEV,7.5,138.0,15,1010,273,9,273,9,NaN,NaN,NaN,NaN,NaN,NaN,NaN,NaN,NaN,NaN,DB,NW,c,c,NaN,NaN,NaN,NaN,NaN,NaN,
2012090918,f8w.2012,9X-F8W,TD,DEV,7.4,136.8,15,1006,270,10,270,10,NaN,NaN,NaN,NaN,NaN,NaN,NaN,NaN,NaN,NaN,DB,NW,C,C,150,1008,NaN,S,45,NaN,
2012091000,f8w.2012,9X-F8W,TD,DEV,7.7,136.3,20,1006,275,9,277,8,NaN,NaN,NaN,NaN,NaN,NaN,NaN,NaN,NaN,NaN,DB,NW,C,C,150,1008,NaN,S,45,NaN,
2012091006,f8w.2012,9X-F8W,TD,DEV,8.1,135.7,20,1007,285,8,303,6,NaN,NaN,NaN,NaN,NaN,NaN,NaN,NaN,NaN,NaN,DB,NW,C,C,150,1008,NaN,S,45,NaN,
2012091012,f8w.2012,9X-F8W,TD,DEV,8.2,135.0,20,1007,285,8,291,7,NaN,NaN,NaN,NaN,NaN,NaN,NaN,NaN,NaN,NaN,DB,NW,C,C,150,1009,0.01,S,50,NaN,
2012090906,f9w.2012,9X-F9W,TD,NONdev,30.9,153.1,15,1010,262,14,262,14,NaN,NaN,NaN,NaN,NaN,NaN,NaN,NaN,NaN,NaN,DB,NW,b,b,NaN,NaN,NaN,NaN,NaN,NaN,
2012090912,f9w.2012,9X-F9W,TD,NONdev,30.7,151.8,15,1010,262,14,262,14,NaN,NaN,NaN,NaN,NaN,NaN,NaN,NaN,NaN,NaN,DB,NW,b,b,NaN,NaN,NaN,NaN,NaN,NaN,
2012090918,f9w.2012,9X-F9W,TD,NONdev,30.5,149.8,15,1010,262,14,262,14,NaN,NaN,NaN,NaN,NaN,NaN,NaN,NaN,NaN,NaN,DB,NW,b,b,NaN,NaN,NaN,NaN,NaN,NaN,
2012091000,f9w.2012,9X-F9W,TD,NONdev,30.0,148.5,15,1010,270,2,256,15,NaN,NaN,NaN,NaN,NaN,NaN,NaN,NaN,NaN,NaN,DB,NW,c,c,NaN,NaN,NaN,NaN,NaN,NaN,
2012091006,f9w.2012,9X-F9W,TD,NONdev,30.2,147.2,20,1007,265,13,262,11,NaN,NaN,NaN,NaN,NaN,NaN,NaN,NaN,NaN,NaN,DB,NW,C,C,170,1008,NaN,S,50,NaN,
2012091012,f9w.2012,9X-F9W,TD,NONdev,30.4,145.7,20,1007,270,12,279,12,NaN,NaN,NaN,NaN,NaN,NaN,NaN,NaN,NaN,NaN,DB,NW,C,C,150,1008,NaN,S,50,NaN,
2012091018,f9w.2012,9X-F9W,TD,NONdev,30.5,144.5,20,1007,275,11,277,12,NaN,NaN,NaN,NaN,NaN,NaN,NaN,NaN,NaN,NaN,DB,NW,C,C,180,1008,NaN,S,50,NaN,
2012091100,f9w.2012,9X-F9W,TD,NONdev,30.3,143.1,20,1007,275,12,267,11,NaN,NaN,NaN,NaN,NaN,NaN,NaN,NaN,NaN,NaN,DB,NW,C,C,180,1008,NaN,S,50,NaN,
2012091106,f9w.2012,9X-F9W,TD,NONdev,29.7,142.8,20,1007,255,9,241,8,NaN,NaN,NaN,NaN,NaN,NaN,NaN,NaN,NaN,NaN,DB,NW,C,C,170,1008,NaN,S,50,NaN,
2012091112,f9w.2012,9X-F9W,TD,NONdev,29.6,142.9,20,1007,240,6,194,4,NaN,NaN,NaN,NaN,NaN,NaN,NaN,NaN,NaN,NaN,DB,NW,C,C,170,1008,NaN,S,50,NaN,
2012091118,f9w.2012,9X-F9W,TD,NONdev,30.0,144.3,20,1007,105,4,77,7,NaN,NaN,NaN,NaN,NaN,NaN,NaN,NaN,NaN,NaN,DB,NW,C,C,150,1008,NaN,S,15,NaN,
2012091200,f9w.2012,9X-F9W,TD,NONdev,32.8,145.3,20,1007,35,12,33,19,NaN,NaN,NaN,NaN,NaN,NaN,NaN,NaN,NaN,NaN,DB,NW,C,C,150,1008,NaN,S,15,NaN,
2012090912,g0w.2012,9X-G0W,TD,NONdev,27.0,145.0,15,1010,207,8,207,8,NaN,NaN,NaN,NaN,NaN,NaN,NaN,NaN,NaN,NaN,DB,NW,b,b,NaN,NaN,NaN,NaN,NaN,NaN,
2012090918,g0w.2012,9X-G0W,TD,NONdev,26.7,144.8,15,1010,207,8,207,8,NaN,NaN,NaN,NaN,NaN,NaN,NaN,NaN,NaN,NaN,DB,NW,b,b,NaN,NaN,NaN,NaN,NaN,NaN,
2012091000,g0w.2012,9X-G0W,TD,NONdev,25.6,144.2,15,1010,207,8,207,8,NaN,NaN,NaN,NaN,NaN,NaN,NaN,NaN,NaN,NaN,DB,NW,b,b,NaN,NaN,NaN,NaN,NaN,NaN,
2012091006,g0w.2012,9X-G0W,TD,NONdev,26.1,144.4,15,1010,211,3,211,3,NaN,NaN,NaN,NaN,NaN,NaN,NaN,NaN,NaN,NaN,DB,NW,c,c,NaN,NaN,NaN,NaN,NaN,NaN,
2012091012,g0w.2012,9X-G0W,TD,NONdev,26.0,144.4,15,1010,204,2,24,2,NaN,NaN,NaN,NaN,NaN,NaN,NaN,NaN,NaN,NaN,DB,NW,c,c,NaN,NaN,NaN,NaN,NaN,NaN,
2012091018,g0w.2012,9X-G0W,TD,NONdev,26.1,144.7,15,1007,34,2,90,1,NaN,NaN,NaN,NaN,NaN,NaN,NaN,NaN,NaN,NaN,DB,NW,c,c,200,1008,NaN,NaN,50,NaN,
2012091100,g0w.2012,9X-G0W,TD,NONdev,26.9,146.4,20,1007,55,7,63,10,NaN,NaN,NaN,NaN,NaN,NaN,NaN,NaN,NaN,NaN,DB,NW,C,C,150,1008,NaN,S,45,NaN,
2012091106,g0w.2012,9X-G0W,TD,NONdev,28.0,147.4,20,1007,45,10,52,15,NaN,NaN,NaN,NaN,NaN,NaN,NaN,NaN,NaN,NaN,DB,NW,C,C,150,1008,NaN,S,45,NaN,
2012091112,g0w.2012,9X-G0W,TD,NONdev,29.9,147.9,20,1007,30,14,24,16,NaN,NaN,NaN,NaN,NaN,NaN,NaN,NaN,NaN,NaN,DB,NW,C,C,150,1008,NaN,S,45,NaN,
2012091118,g0w.2012,9X-G0W,TD,NONdev,31.0,147.4,20,1007,10,14,360,15,NaN,NaN,NaN,NaN,NaN,NaN,NaN,NaN,NaN,NaN,DB,NW,C,C,150,1008,NaN,S,45,NaN,
2012091200,g0w.2012,9X-G0W,TD,NONdev,31.9,146.5,20,1007,329,12,329,12,NaN,NaN,NaN,NaN,NaN,NaN,NaN,NaN,NaN,NaN,DB,NW,c,c,170,1010,NaN,NaN,50,NaN,
2012091206,g0w.2012,9X-G0W,TD,NONdev,33.5,145.6,20,1007,330,14,329,15,NaN,NaN,NaN,NaN,NaN,NaN,NaN,NaN,NaN,NaN,DB,NW,C,C,150,1008,NaN,S,45,NaN,
2012091212,g0w.2012,9X-G0W,TD,NONdev,35.0,144.8,20,1007,330,15,335,17,NaN,NaN,NaN,NaN,NaN,NaN,NaN,NaN,NaN,NaN,DB,NW,C,C,150,1008,NaN,S,45,NaN,
2012091206,g1w.2012,9X-G1W,TD,NONdev,15.0,113.8,15,1010,104,8,104,8,NaN,NaN,NaN,NaN,NaN,NaN,NaN,NaN,NaN,NaN,DB,NW,b,b,NaN,NaN,NaN,NaN,NaN,NaN,
2012091212,g1w.2012,9X-G1W,TD,NONdev,15.2,113.9,15,1010,104,8,104,8,NaN,NaN,NaN,NaN,NaN,NaN,NaN,NaN,NaN,NaN,DB,NW,b,b,NaN,NaN,NaN,NaN,NaN,NaN,
2012091218,g1w.2012,9X-G1W,TD,NONdev,14.6,115.4,15,1010,104,8,104,8,NaN,NaN,NaN,NaN,NaN,NaN,NaN,NaN,NaN,NaN,DB,NW,b,b,NaN,NaN,NaN,NaN,NaN,NaN,
2012091300,g1w.2012,9X-G1W,TD,NONdev,14.4,115.9,15,1010,104,8,107,8,NaN,NaN,NaN,NaN,NaN,NaN,NaN,NaN,NaN,NaN,DB,NW,b,b,NaN,NaN,NaN,NaN,NaN,NaN,
2012091306,g1w.2012,9X-G1W,TD,NONdev,14.2,116.5,15,1010,104,8,109,8,NaN,NaN,NaN,NaN,NaN,NaN,NaN,NaN,NaN,NaN,DB,NW,b,b,NaN,NaN,NaN,NaN,NaN,NaN,
2012091312,g1w.2012,9X-G1W,TD,NONdev,14.0,117.0,15,1010,111,6,112,8,NaN,NaN,NaN,NaN,NaN,NaN,NaN,NaN,NaN,NaN,DB,NW,c,c,NaN,NaN,NaN,NaN,NaN,NaN,
2012091318,g1w.2012,9X-G1W,TD,NONdev,13.9,117.3,15,1010,109,5,111,5,NaN,NaN,NaN,NaN,NaN,NaN,NaN,NaN,NaN,NaN,DB,NW,c,c,NaN,NaN,NaN,NaN,NaN,NaN,
2012091400,g1w.2012,9X-G1W,TD,NONdev,14.0,117.3,15,1010,90,1,90,1,NaN,NaN,NaN,NaN,NaN,NaN,NaN,NaN,NaN,NaN,DB,NW,c,c,NaN,NaN,NaN,NaN,NaN,NaN,
2012091406,g1w.2012,9X-G1W,TD,NONdev,14.0,117.4,15,1010,90,1,44,1,NaN,NaN,NaN,NaN,NaN,NaN,NaN,NaN,NaN,NaN,DB,NW,c,c,NaN,NaN,NaN,NaN,NaN,NaN,
2012091412,g1w.2012,9X-G1W,TD,NONdev,14.1,117.9,15,1010,90,2,80,3,NaN,NaN,NaN,NaN,NaN,NaN,NaN,NaN,NaN,NaN,DB,NW,c,c,NaN,NaN,NaN,NaN,NaN,NaN,
2012091418,g1w.2012,9X-G1W,TD,NONdev,14.1,117.6,15,1010,63,2,63,1,NaN,NaN,NaN,NaN,NaN,NaN,NaN,NaN,NaN,NaN,DB,NW,c,c,NaN,NaN,NaN,NaN,NaN,NaN,
2012091500,g1w.2012,9X-G1W,TD,NONdev,14.3,118.0,15,1010,71,3,26,1,NaN,NaN,NaN,NaN,NaN,NaN,NaN,NaN,NaN,NaN,DB,NW,c,c,NaN,NaN,NaN,NaN,NaN,NaN,
2012091506,g1w.2012,9X-G1W,TD,NONdev,14.5,119.0,15,1010,78,5,74,7,NaN,NaN,NaN,NaN,NaN,NaN,NaN,NaN,NaN,NaN,DB,NW,c,c,NaN,NaN,NaN,NaN,NaN,NaN,
2012091512,g1w.2012,9X-G1W,TD,NONdev,15.3,119.5,15,1010,51,6,55,9,NaN,NaN,NaN,NaN,NaN,NaN,NaN,NaN,NaN,NaN,DB,NW,c,c,NaN,NaN,0.06,NaN,NaN,NaN,
2012091518,g1w.2012,9X-G1W,TD,NONdev,15.4,119.5,15,1010,51,6,28,5,NaN,NaN,NaN,NaN,NaN,NaN,NaN,NaN,NaN,NaN,DB,NW,c,c,NaN,NaN,0.06,NaN,NaN,NaN,
2012091600,g1w.2012,9X-G1W,TD,NONdev,16.4,121.2,15,1010,58,9,56,10,NaN,NaN,NaN,NaN,NaN,NaN,NaN,NaN,NaN,NaN,DB,NW,c,c,NaN,NaN,0.98,NaN,NaN,NaN,
2012091606,g1w.2012,9X-G1W,TD,NONdev,16.4,122.6,15,1010,58,9,64,12,NaN,NaN,NaN,NaN,NaN,NaN,NaN,NaN,NaN,NaN,DB,NW,c,c,NaN,NaN,0.65,NaN,NaN,NaN,
2012091612,g1w.2012,9X-G1W,TD,NONdev,16.5,124.1,15,1010,58,9,71,13,NaN,NaN,NaN,NaN,NaN,NaN,NaN,NaN,NaN,NaN,DB,NW,c,c,NaN,NaN,0.33,NaN,NaN,NaN,
2012091618,g1w.2012,9X-G1W,TD,NONdev,16.5,125.5,15,1010,92,14,79,15,NaN,NaN,NaN,NaN,NaN,NaN,NaN,NaN,NaN,NaN,DB,NW,c,c,NaN,NaN,NaN,NaN,NaN,NaN,
2012091700,g1w.2012,9X-G1W,TD,NONdev,15.9,123.8,15,1010,102,9,101,6,NaN,NaN,NaN,NaN,NaN,NaN,NaN,NaN,NaN,NaN,DB,NW,c,c,NaN,NaN,NaN,NaN,NaN,NaN,
2012091706,g1w.2012,9X-G1W,TD,NONdev,16.3,124.4,15,1010,102,9,200,4,NaN,NaN,NaN,NaN,NaN,NaN,NaN,NaN,NaN,NaN,DB,NW,c,c,NaN,NaN,NaN,NaN,NaN,NaN,
2012091712,g1w.2012,9X-G1W,TD,NONdev,16.7,125.1,15,1010,95,12,298,1,NaN,NaN,NaN,NaN,NaN,NaN,NaN,NaN,NaN,NaN,DB,NW,c,c,NaN,NaN,NaN,NaN,NaN,NaN,
2012091700,g2w.2012,9X-G2W,TD,DEV,12.9,148.0,15,1010,274,7,274,7,NaN,NaN,NaN,NaN,NaN,NaN,NaN,NaN,NaN,NaN,DB,NW,b,b,NaN,NaN,NaN,NaN,NaN,NaN,
2012091706,g2w.2012,9X-G2W,TD,DEV,12.7,147.2,15,1010,274,7,274,7,NaN,NaN,NaN,NaN,NaN,NaN,NaN,NaN,NaN,NaN,DB,NW,b,b,NaN,NaN,NaN,NaN,NaN,NaN,
2012091712,g2w.2012,9X-G2W,TD,DEV,13.0,146.6,15,1010,274,7,274,7,NaN,NaN,NaN,NaN,NaN,NaN,NaN,NaN,NaN,NaN,DB,NW,b,b,NaN,NaN,NaN,NaN,NaN,NaN,
2012091718,g2w.2012,9X-G2W,TD,DEV,13.0,147.0,15,1010,278,3,327,2,NaN,NaN,NaN,NaN,NaN,NaN,NaN,NaN,NaN,NaN,DB,NW,c,c,NaN,NaN,NaN,NaN,NaN,NaN,
2012091800,g2w.2012,9X-G2W,TD,DEV,12.7,146.3,15,1010,270,3,224,2,NaN,NaN,NaN,NaN,NaN,NaN,NaN,NaN,NaN,NaN,DB,NW,c,c,NaN,NaN,NaN,NaN,NaN,NaN,
2012091806,g2w.2012,9X-G2W,TD,DEV,13.0,145.7,15,1010,270,3,270,6,NaN,NaN,NaN,NaN,NaN,NaN,NaN,NaN,NaN,NaN,DB,NW,c,c,NaN,NaN,NaN,NaN,NaN,NaN,
2012091812,g2w.2012,9X-G2W,TD,DEV,12.8,144.6,15,1010,264,5,273,8,NaN,NaN,NaN,NaN,NaN,NaN,NaN,NaN,NaN,NaN,DB,NW,c,c,NaN,NaN,0.03,NaN,NaN,NaN,
2012091818,g2w.2012,9X-G2W,TD,DEV,13.4,142.6,15,1010,280,8,278,15,NaN,NaN,NaN,NaN,NaN,NaN,NaN,NaN,NaN,NaN,DB,NW,c,c,NaN,NaN,NaN,NaN,NaN,NaN,
2012091900,g2w.2012,9X-G2W,TD,DEV,13.2,140.5,15,1010,272,15,276,20,NaN,NaN,NaN,NaN,NaN,NaN,NaN,NaN,NaN,NaN,DB,NW,c,c,NaN,NaN,NaN,NaN,NaN,NaN,
2012091906,g2w.2012,9X-G2W,TD,DEV,14.7,139.4,15,1010,277,8,293,17,NaN,NaN,NaN,NaN,NaN,NaN,NaN,NaN,NaN,NaN,DB,NW,c,c,NaN,NaN,NaN,NaN,NaN,NaN,
2012091912,g2w.2012,9X-G2W,TD,DEV,14.4,137.6,15,1007,270,12,293,15,NaN,NaN,NaN,NaN,NaN,NaN,NaN,NaN,NaN,NaN,DB,NW,C,C,150,1008,NaN,S,50,NaN,
2012091918,g2w.2012,9X-G2W,TD,DEV,14.2,136.1,20,1007,270,13,261,16,NaN,NaN,NaN,NaN,NaN,NaN,NaN,NaN,NaN,NaN,DB,NW,C,C,140,1008,NaN,S,50,NaN,
2012092000,g2w.2012,9X-G2W,TD,DEV,14.2,135.1,20,1007,265,12,265,12,NaN,NaN,NaN,NaN,NaN,NaN,NaN,NaN,NaN,NaN,DB,NW,C,C,140,1009,NaN,S,50,NaN,
2012092006,g2w.2012,9X-G2W,TD,DEV,13.8,133.7,20,1006,260,13,260,12,NaN,NaN,NaN,NaN,NaN,NaN,NaN,NaN,NaN,NaN,DB,NW,C,C,140,1009,NaN,S,50,NaN,
2012092106,g3w.2012,9X-G3W,TD,DEV,13.0,140.6,15,1010,360,1,360,0,NaN,NaN,NaN,NaN,NaN,NaN,NaN,NaN,NaN,NaN,DB,NW,b,b,NaN,NaN,NaN,NaN,NaN,NaN,
2012092112,g3w.2012,9X-G3W,TD,DEV,13.0,140.4,15,1010,360,1,360,0,NaN,NaN,NaN,NaN,NaN,NaN,NaN,NaN,NaN,NaN,DB,NW,b,b,NaN,NaN,NaN,NaN,NaN,NaN,
2012092118,g3w.2012,9X-G3W,TD,DEV,13.1,140.6,15,1010,360,1,360,0,NaN,NaN,NaN,NaN,NaN,NaN,NaN,NaN,NaN,NaN,DB,NW,b,b,NaN,NaN,NaN,NaN,NaN,NaN,
2012092200,g3w.2012,9X-G3W,TD,DEV,13.0,140.0,15,1010,270,2,270,2,NaN,NaN,NaN,NaN,NaN,NaN,NaN,NaN,NaN,NaN,DB,NW,c,c,NaN,NaN,NaN,NaN,NaN,NaN,
2012092206,g3w.2012,9X-G3W,TD,DEV,13.0,139.7,15,1010,270,2,263,4,NaN,NaN,NaN,NaN,NaN,NaN,NaN,NaN,NaN,NaN,DB,NW,c,c,NaN,NaN,NaN,NaN,NaN,NaN,
2012092212,g3w.2012,9X-G3W,TD,DEV,13.1,140.1,15,1010,270,2,44,1,NaN,NaN,NaN,NaN,NaN,NaN,NaN,NaN,NaN,NaN,DB,NW,c,c,NaN,NaN,NaN,NaN,NaN,NaN,
2012092218,g3w.2012,9X-G3W,TD,DEV,14.1,140.7,15,1010,270,2,41,7,NaN,NaN,NaN,NaN,NaN,NaN,NaN,NaN,NaN,NaN,DB,NW,c,c,NaN,NaN,NaN,NaN,NaN,NaN,
2012092300,g3w.2012,9X-G3W,TD,DEV,15.3,139.0,15,1010,278,3,334,12,NaN,NaN,NaN,NaN,NaN,NaN,NaN,NaN,NaN,NaN,DB,NW,c,c,NaN,NaN,NaN,NaN,NaN,NaN,
2012092306,g3w.2012,9X-G3W,TD,DEV,16.3,138.3,20,1006,310,6,314,16,NaN,NaN,NaN,NaN,NaN,NaN,NaN,NaN,NaN,NaN,DB,NW,C,C,160,1008,NaN,S,45,NaN,
2012092312,g3w.2012,9X-G3W,TD,DEV,16.2,140.1,20,1002,320,7,50,7,NaN,NaN,NaN,NaN,NaN,NaN,NaN,NaN,NaN,NaN,DB,NW,C,C,180,1004,NaN,S,45,NaN,
2012092318,g3w.2012,9X-G3W,TD,DEV,16.9,139.8,20,1002,330,7,67,8,NaN,NaN,NaN,NaN,NaN,NaN,NaN,NaN,NaN,NaN,DB,NW,C,C,180,1004,NaN,S,45,NaN,
2012092700,g4w.2012,9X-G4W,TD,DEV,8.0,155.0,15,NaN,270,2,272,8,NaN,NaN,NaN,NaN,NaN,NaN,NaN,NaN,NaN,NaN,NT,NW,c,c,NaN,NaN,NaN,NaN,NaN,NaN,
2012092706,g4w.2012,9X-G4W,TD,DEV,8.1,154.8,15,NaN,270,2,272,8,NaN,NaN,NaN,NaN,NaN,NaN,NaN,NaN,NaN,NaN,NT,NW,c,c,NaN,NaN,NaN,NaN,NaN,NaN,
2012092712,g4w.2012,9X-G4W,TD,DEV,8.1,154.5,15,NaN,281,3,272,8,NaN,NaN,NaN,NaN,NaN,NaN,NaN,NaN,NaN,NaN,NT,NW,c,c,NaN,NaN,NaN,NaN,NaN,NaN,
2012092718,g4w.2012,9X-G4W,TD,DEV,8.1,152.5,15,NaN,270,3,272,8,NaN,NaN,NaN,NaN,NaN,NaN,NaN,NaN,NaN,NaN,NT,NW,c,c,NaN,NaN,NaN,NaN,NaN,NaN,
2012092800,g4w.2012,9X-G4W,TD,DEV,8.7,150.4,15,NaN,283,5,278,21,NaN,NaN,NaN,NaN,NaN,NaN,NaN,NaN,NaN,NaN,NT,NW,c,c,NaN,NaN,NaN,NaN,NaN,NaN,
2012092806,g4w.2012,9X-G4W,TD,DEV,8.8,149.3,15,NaN,274,7,282,16,NaN,NaN,NaN,NaN,NaN,NaN,NaN,NaN,NaN,NaN,NT,NW,c,c,NaN,NaN,NaN,NaN,NaN,NaN,
2012092812,g4w.2012,9X-G4W,TD,DEV,8.8,148.8,15,NaN,270,4,274,8,NaN,NaN,NaN,NaN,NaN,NaN,NaN,NaN,NaN,NaN,NT,NW,c,c,NaN,NaN,NaN,NaN,NaN,NaN,
2012092818,g4w.2012,9X-G4W,TD,DEV,10.9,150.1,15,NaN,270,1,21,11,NaN,NaN,NaN,NaN,NaN,NaN,NaN,NaN,NaN,NaN,NT,NW,c,c,NaN,NaN,NaN,NaN,NaN,NaN,
2012092900,g4w.2012,9X-G4W,TD,DEV,10.9,149.9,15,NaN,270,1,27,12,NaN,NaN,NaN,NaN,NaN,NaN,NaN,NaN,NaN,NaN,NT,NW,c,c,NaN,NaN,NaN,NaN,NaN,NaN,
2012092906,g4w.2012,9X-G4W,TD,DEV,11.4,149.2,15,1004,295,4,300,5,NaN,NaN,NaN,NaN,NaN,NaN,NaN,NaN,NaN,NaN,DB,NW,C,C,150,1008,NaN,S,40,NaN,
2012092912,g4w.2012,9X-G4W,TD,DEV,11.5,148.8,15,1004,295,4,299,6,NaN,NaN,NaN,NaN,NaN,NaN,NaN,NaN,NaN,NaN,DB,NW,C,C,150,1008,NaN,S,40,NaN,
2012092918,g4w.2012,9X-G4W,TD,DEV,13.1,149.8,18,1006,295,4,162,9,NaN,NaN,NaN,NaN,NaN,NaN,NaN,NaN,NaN,NaN,DB,NW,C,C,155,1008,NaN,S,40,NaN,
2012093000,g4w.2012,9X-G4W,TD,DEV,14.6,150.7,20,1007,350,10,25,12,NaN,NaN,NaN,NaN,NaN,NaN,NaN,NaN,NaN,NaN,DB,NW,C,C,160,1008,NaN,S,40,NaN,
2012093006,g4w.2012,9X-G4W,TD,DEV,15.7,149.8,20,1007,335,12,13,14,NaN,NaN,NaN,NaN,NaN,NaN,NaN,NaN,NaN,NaN,DB,NW,C,C,160,1008,NaN,S,40,NaN,
2012092712,g5w.2012,9X-G5W,TD,DEV,13.1,112.5,15,1010,297,4,297,4,NaN,NaN,NaN,NaN,NaN,NaN,NaN,NaN,NaN,NaN,DB,NW,b,b,NaN,NaN,NaN,NaN,NaN,NaN,
2012092718,g5w.2012,9X-G5W,TD,DEV,13.1,112.4,15,1010,297,4,297,4,NaN,NaN,NaN,NaN,NaN,NaN,NaN,NaN,NaN,NaN,DB,NW,b,b,NaN,NaN,NaN,NaN,NaN,NaN,
2012092800,g5w.2012,9X-G5W,TD,DEV,13.5,111.7,15,1010,297,4,297,4,NaN,NaN,NaN,NaN,NaN,NaN,NaN,NaN,NaN,NaN,DB,NW,b,b,NaN,NaN,NaN,NaN,NaN,NaN,
2012092806,g5w.2012,9X-G5W,TD,DEV,13.1,112.2,15,1010,270,1,270,1,NaN,NaN,NaN,NaN,NaN,NaN,NaN,NaN,NaN,NaN,DB,NW,c,c,NaN,NaN,NaN,NaN,NaN,NaN,
2012092812,g5w.2012,9X-G5W,TD,DEV,13.1,112.1,15,1010,270,1,136,3,NaN,NaN,NaN,NaN,NaN,NaN,NaN,NaN,NaN,NaN,DB,NW,c,c,NaN,NaN,NaN,NaN,NaN,NaN,
2012092818,g5w.2012,9X-G5W,TD,DEV,13.5,112.0,15,1010,90,1,334,2,NaN,NaN,NaN,NaN,NaN,NaN,NaN,NaN,NaN,NaN,DB,NW,c,c,NaN,NaN,NaN,NaN,NaN,NaN,
2012092900,g5w.2012,9X-G5W,TD,DEV,13.6,111.8,15,1010,90,1,330,3,NaN,NaN,NaN,NaN,NaN,NaN,NaN,NaN,NaN,NaN,DB,NW,c,c,NaN,NaN,NaN,NaN,NaN,NaN,
2012092906,g5w.2012,9X-G5W,TD,DEV,14.8,112.8,15,1010,31,8,31,8,NaN,NaN,NaN,NaN,NaN,NaN,NaN,NaN,NaN,NaN,DB,NW,b,b,NaN,NaN,NaN,NaN,NaN,NaN,
2012092912,g5w.2012,9X-G5W,TD,DEV,13.0,112.3,15,1010,122,3,141,4,NaN,NaN,NaN,NaN,NaN,NaN,NaN,NaN,NaN,NaN,DB,NW,c,c,NaN,NaN,NaN,NaN,NaN,NaN,
2012092918,g5w.2012,9X-G5W,TD,DEV,14.5,113.2,15,1010,117,2,128,2,NaN,NaN,NaN,NaN,NaN,NaN,NaN,NaN,NaN,NaN,DB,NW,c,c,NaN,NaN,NaN,NaN,NaN,NaN,
2012093000,g5w.2012,9X-G5W,TD,DEV,14.9,113.5,15,1010,75,2,32,11,NaN,NaN,NaN,NaN,NaN,NaN,NaN,NaN,NaN,NaN,DB,NW,c,c,NaN,NaN,NaN,NaN,NaN,NaN,
2012093006,g5w.2012,9X-G5W,TD,DEV,14.9,113.1,20,1007,0,0,346,2,NaN,NaN,NaN,NaN,NaN,NaN,NaN,NaN,NaN,NaN,DB,NW,C,C,150,1009,NaN,S,40,NaN,
2012093012,g5w.2012,9X-G5W,TD,DEV,15.2,113.1,20,1007,334,1,308,2,NaN,NaN,NaN,NaN,NaN,NaN,NaN,NaN,NaN,NaN,DB,NW,c,c,NaN,NaN,NaN,NaN,NaN,NaN,
2012093018,g5w.2012,9X-G5W,TD,DEV,15.3,112.8,20,1007,310,2,324,2,NaN,NaN,NaN,NaN,NaN,NaN,NaN,NaN,NaN,NaN,DB,NW,C,C,150,1009,NaN,S,40,NaN,
2012100100,g5w.2012,9X-G5W,TD,DEV,15.7,113.5,20,1007,35,2,38,3,NaN,NaN,NaN,NaN,NaN,NaN,NaN,NaN,NaN,NaN,DB,NW,C,C,150,1009,NaN,S,40,NaN,
2012100106,g5w.2012,9X-G5W,TD,DEV,16.8,114.7,20,1007,45,7,51,12,NaN,NaN,NaN,NaN,NaN,NaN,NaN,NaN,NaN,NaN,DB,NW,C,C,160,1009,NaN,S,40,NaN,
2012093018,g6w.2012,9X-G6W,TD,NONdev,12.0,140.7,15,1010,270,2,270,2,NaN,NaN,NaN,NaN,NaN,NaN,NaN,NaN,NaN,NaN,DB,NW,b,b,NaN,NaN,NaN,NaN,NaN,NaN,
2012100100,g6w.2012,9X-G6W,TD,NONdev,12.0,140.5,15,1010,270,2,270,2,NaN,NaN,NaN,NaN,NaN,NaN,NaN,NaN,NaN,NaN,DB,NW,b,b,NaN,NaN,NaN,NaN,NaN,NaN,
2012100106,g6w.2012,9X-G6W,TD,NONdev,12.0,140.3,15,1010,270,2,270,2,NaN,NaN,NaN,NaN,NaN,NaN,NaN,NaN,NaN,NaN,DB,NW,b,b,NaN,NaN,NaN,NaN,NaN,NaN,
2012100112,g6w.2012,9X-G6W,TD,NONdev,12.0,140.0,15,1010,270,2,270,2,NaN,NaN,NaN,NaN,NaN,NaN,NaN,NaN,NaN,NaN,DB,NW,c,c,NaN,NaN,NaN,NaN,NaN,NaN,
2012100118,g6w.2012,9X-G6W,TD,NONdev,12.6,137.6,15,1010,283,14,283,14,NaN,NaN,NaN,NaN,NaN,NaN,NaN,NaN,NaN,NaN,DB,NW,b,b,NaN,NaN,NaN,NaN,NaN,NaN,
2012100200,g6w.2012,9X-G6W,TD,NONdev,12.0,139.6,15,1010,270,2,270,2,NaN,NaN,NaN,NaN,NaN,NaN,NaN,NaN,NaN,NaN,DB,NW,c,c,NaN,NaN,NaN,NaN,NaN,NaN,
2012100206,g6w.2012,9X-G6W,TD,NONdev,12.7,137.4,15,1010,270,2,297,1,NaN,NaN,NaN,NaN,NaN,NaN,NaN,NaN,NaN,NaN,DB,NW,c,c,NaN,NaN,NaN,NaN,NaN,NaN,
2012100212,g6w.2012,9X-G6W,TD,NONdev,12.6,137.2,15,1010,270,1,284,12,NaN,NaN,NaN,NaN,NaN,NaN,NaN,NaN,NaN,NaN,DB,NW,c,c,NaN,NaN,NaN,NaN,NaN,NaN,
2012100218,g6w.2012,9X-G6W,TD,NONdev,12.6,137.0,15,1010,270,1,256,2,NaN,NaN,NaN,NaN,NaN,NaN,NaN,NaN,NaN,NaN,DB,NW,c,c,NaN,NaN,NaN,NaN,NaN,NaN,
2012100106,g7w.2012,9X-G7W,TD,NONdev,9.5,157.9,15,1010,117,2,117,2,NaN,NaN,NaN,NaN,NaN,NaN,NaN,NaN,NaN,NaN,DB,NW,b,b,NaN,NaN,NaN,NaN,NaN,NaN,
2012100112,g7w.2012,9X-G7W,TD,NONdev,9.8,158.0,15,1010,117,2,117,2,NaN,NaN,NaN,NaN,NaN,NaN,NaN,NaN,NaN,NaN,DB,NW,b,b,NaN,NaN,NaN,NaN,NaN,NaN,
2012100118,g7w.2012,9X-G7W,TD,NONdev,9.3,158.3,15,1010,117,2,117,2,NaN,NaN,NaN,NaN,NaN,NaN,NaN,NaN,NaN,NaN,DB,NW,b,b,NaN,NaN,NaN,NaN,NaN,NaN,
2012100200,g7w.2012,9X-G7W,TD,NONdev,9.0,157.0,15,1010,231,3,231,6,NaN,NaN,NaN,NaN,NaN,NaN,NaN,NaN,NaN,NaN,DB,NW,c,c,NaN,NaN,NaN,NaN,NaN,NaN,
2012100206,g7w.2012,9X-G7W,TD,NONdev,9.4,157.0,15,1010,236,4,274,6,NaN,NaN,NaN,NaN,NaN,NaN,NaN,NaN,NaN,NaN,DB,NW,c,c,NaN,NaN,NaN,NaN,NaN,NaN,
2012100212,g7w.2012,9X-G7W,TD,NONdev,8.9,157.4,15,1010,236,4,104,2,NaN,NaN,NaN,NaN,NaN,NaN,NaN,NaN,NaN,NaN,DB,NW,c,c,NaN,NaN,NaN,NaN,NaN,NaN,
2012100218,g7w.2012,9X-G7W,TD,NONdev,9.1,157.1,15,1010,270,3,162,2,NaN,NaN,NaN,NaN,NaN,NaN,NaN,NaN,NaN,NaN,DB,NW,c,c,NaN,NaN,NaN,NaN,NaN,NaN,
2012100300,g7w.2012,9X-G7W,TD,NONdev,8.7,156.5,15,1010,270,3,190,3,NaN,NaN,NaN,NaN,NaN,NaN,NaN,NaN,NaN,NaN,DB,NW,c,c,NaN,NaN,NaN,NaN,NaN,NaN,
2012100306,g7w.2012,9X-G7W,TD,NONdev,8.3,155.8,15,1010,270,3,217,5,NaN,NaN,NaN,NaN,NaN,NaN,NaN,NaN,NaN,NaN,DB,NW,c,c,NaN,NaN,NaN,NaN,NaN,NaN,
2012100312,g7w.2012,9X-G7W,TD,NONdev,7.9,155.2,15,1010,278,4,245,6,NaN,NaN,NaN,NaN,NaN,NaN,NaN,NaN,NaN,NaN,DB,NW,c,c,NaN,NaN,NaN,NaN,NaN,NaN,
2012100318,g7w.2012,9X-G7W,TD,NONdev,8.2,153.9,15,1010,315,1,254,8,NaN,NaN,NaN,NaN,NaN,NaN,NaN,NaN,NaN,NaN,DB,NW,c,c,NaN,NaN,NaN,NaN,NaN,NaN,
2012100400,g7w.2012,9X-G7W,TD,NONdev,10.0,152.2,15,1010,274,7,305,18,NaN,NaN,NaN,NaN,NaN,NaN,NaN,NaN,NaN,NaN,DB,NW,c,c,NaN,NaN,NaN,NaN,NaN,NaN,
2012100406,g7w.2012,9X-G7W,TD,NONdev,11.9,151.4,15,1010,310,29,326,22,NaN,NaN,NaN,NaN,NaN,NaN,NaN,NaN,NaN,NaN,DB,NW,b,b,NaN,NaN,NaN,NaN,NaN,NaN,
2012100412,g7w.2012,9X-G7W,TD,NONdev,11.9,151.6,15,1010,310,29,245,18,NaN,NaN,NaN,NaN,NaN,NaN,NaN,NaN,NaN,NaN,DB,NW,b,b,NaN,NaN,NaN,NaN,NaN,NaN,
2012100418,g7w.2012,9X-G7W,TD,NONdev,11.9,151.9,15,1010,310,29,164,13,NaN,NaN,NaN,NaN,NaN,NaN,NaN,NaN,NaN,NaN,DB,NW,b,b,NaN,NaN,NaN,NaN,NaN,NaN,
2012100500,g7w.2012,9X-G7W,TD,NONdev,12.0,152.1,15,1010,310,29,84,8,NaN,NaN,NaN,NaN,NaN,NaN,NaN,NaN,NaN,NaN,DB,NW,b,b,NaN,NaN,NaN,NaN,NaN,NaN,
2012100506,g7w.2012,9X-G7W,TD,NONdev,12.0,152.3,15,1010,105,13,3,4,NaN,NaN,NaN,NaN,NaN,NaN,NaN,NaN,NaN,NaN,DB,NW,c,c,NaN,NaN,NaN,NaN,NaN,NaN,
2012100512,g7w.2012,9X-G7W,TD,NONdev,11.8,153.0,15,1010,106,9,94,3,NaN,NaN,NaN,NaN,NaN,NaN,NaN,NaN,NaN,NaN,DB,NW,c,c,NaN,NaN,NaN,NaN,NaN,NaN,
2012100300,g8w.2012,9X-G8W,TD,NONdev,18.1,143.5,15,1010,247,5,247,5,NaN,NaN,NaN,NaN,NaN,NaN,NaN,NaN,NaN,NaN,DB,NW,b,b,NaN,NaN,NaN,NaN,NaN,NaN,
2012100306,g8w.2012,9X-G8W,TD,NONdev,17.4,142.7,15,1010,247,5,247,5,NaN,NaN,NaN,NaN,NaN,NaN,NaN,NaN,NaN,NaN,DB,NW,b,b,NaN,NaN,NaN,NaN,NaN,NaN,
2012100312,g8w.2012,9X-G8W,TD,NONdev,17.7,142.5,15,1010,247,5,247,5,NaN,NaN,NaN,NaN,NaN,NaN,NaN,NaN,NaN,NaN,DB,NW,b,b,NaN,NaN,NaN,NaN,NaN,NaN,
2012100318,g8w.2012,9X-G8W,TD,NONdev,18.8,142.6,15,1010,305,3,356,7,NaN,NaN,NaN,NaN,NaN,NaN,NaN,NaN,NaN,NaN,DB,NW,c,c,NaN,NaN,NaN,NaN,NaN,NaN,
2012100400,g8w.2012,9X-G8W,TD,NONdev,18.9,142.2,15,1010,287,3,347,6,NaN,NaN,NaN,NaN,NaN,NaN,NaN,NaN,NaN,NaN,DB,NW,c,c,NaN,NaN,NaN,NaN,NaN,NaN,
2012100406,g8w.2012,9X-G8W,TD,NONdev,16.9,141.4,15,1010,211,11,211,11,NaN,NaN,NaN,NaN,NaN,NaN,NaN,NaN,NaN,NaN,DB,NW,b,b,NaN,NaN,NaN,NaN,NaN,NaN,
2012100412,g8w.2012,9X-G8W,TD,NONdev,18.3,140.5,15,1010,250,9,250,9,NaN,NaN,NaN,NaN,NaN,NaN,NaN,NaN,NaN,NaN,DB,NW,b,b,NaN,NaN,NaN,NaN,NaN,NaN,
2012100418,g8w.2012,9X-G8W,TD,NONdev,19.5,139.1,15,1010,250,9,284,13,NaN,NaN,NaN,NaN,NaN,NaN,NaN,NaN,NaN,NaN,DB,NW,b,b,NaN,NaN,NaN,NaN,NaN,NaN,
2012100500,g8w.2012,9X-G8W,TD,NONdev,20.7,137.7,15,1010,308,16,317,17,NaN,NaN,NaN,NaN,NaN,NaN,NaN,NaN,NaN,NaN,DB,NW,c,c,NaN,NaN,NaN,NaN,NaN,NaN,
2012100506,g8w.2012,9X-G8W,TD,NONdev,20.8,137.3,15,1010,302,13,310,13,NaN,NaN,NaN,NaN,NaN,NaN,NaN,NaN,NaN,NaN,DB,NW,c,c,NaN,NaN,NaN,NaN,NaN,NaN,
2012100512,g8w.2012,9X-G8W,TD,NONdev,21.9,136.7,15,1010,311,14,322,8,NaN,NaN,NaN,NaN,NaN,NaN,NaN,NaN,NaN,NaN,DB,NW,c,c,NaN,NaN,NaN,NaN,NaN,NaN,
2012100312,g9w.2012,9X-G9W,TD,DEV,14.8,143.8,15,1010,176,7,176,7,NaN,NaN,NaN,NaN,NaN,NaN,NaN,NaN,NaN,NaN,DB,NW,b,b,NaN,NaN,NaN,NaN,NaN,NaN,
2012100318,g9w.2012,9X-G9W,TD,DEV,14.8,143.5,15,1010,176,7,176,7,NaN,NaN,NaN,NaN,NaN,NaN,NaN,NaN,NaN,NaN,DB,NW,b,b,NaN,NaN,NaN,NaN,NaN,NaN,
2012100400,g9w.2012,9X-G9W,TD,DEV,13.5,143.9,15,1010,176,7,176,7,NaN,NaN,NaN,NaN,NaN,NaN,NaN,NaN,NaN,NaN,DB,NW,b,b,NaN,NaN,NaN,NaN,NaN,NaN,
2012100406,g9w.2012,9X-G9W,TD,DEV,14.8,142.7,15,1010,270,4,270,4,NaN,NaN,NaN,NaN,NaN,NaN,NaN,NaN,NaN,NaN,DB,NW,c,c,NaN,NaN,NaN,NaN,NaN,NaN,
2012100412,g9w.2012,9X-G9W,TD,DEV,14.6,141.8,15,1010,270,6,298,12,NaN,NaN,NaN,NaN,NaN,NaN,NaN,NaN,NaN,NaN,DB,NW,c,c,NaN,NaN,NaN,NaN,NaN,NaN,
2012100418,g9w.2012,9X-G9W,TD,DEV,15.3,142.0,15,1010,270,3,306,4,NaN,NaN,NaN,NaN,NaN,NaN,NaN,NaN,NaN,NaN,DB,NW,c,c,NaN,NaN,NaN,NaN,NaN,NaN,
2012100500,g9w.2012,9X-G9W,TD,DEV,16.2,143.7,15,1010,49,12,49,12,NaN,NaN,NaN,NaN,NaN,NaN,NaN,NaN,NaN,NaN,DB,NW,b,b,NaN,NaN,NaN,NaN,NaN,NaN,
2012100506,g9w.2012,9X-G9W,TD,DEV,14.8,142.7,20,1006,290,5,126,4,NaN,NaN,NaN,NaN,NaN,NaN,NaN,NaN,NaN,NaN,DB,NW,C,C,200,1008,NaN,S,30,NaN,
2012100512,g9w.2012,9X-G9W,TD,DEV,14.8,141.9,20,1006,275,6,231,11,NaN,NaN,NaN,NaN,NaN,NaN,NaN,NaN,NaN,NaN,DB,NW,C,C,200,1008,NaN,S,30,NaN,
2012100518,g9w.2012,9X-G9W,TD,DEV,17.0,141.0,20,1005,290,9,323,14,NaN,NaN,NaN,NaN,NaN,NaN,NaN,NaN,NaN,NaN,DB,NW,C,C,200,1008,NaN,S,45,NaN,
2012100600,g9w.2012,9X-G9W,TD,DEV,16.4,141.1,20,1005,270,6,334,9,NaN,NaN,NaN,NaN,NaN,NaN,NaN,NaN,NaN,NaN,DB,NW,C,C,200,1008,NaN,S,45,NaN,
2012100606,g9w.2012,9X-G9W,TD,DEV,16.5,140.0,20,1005,275,7,242,5,NaN,NaN,NaN,NaN,NaN,NaN,NaN,NaN,NaN,NaN,DB,NW,C,C,200,1008,NaN,S,45,NaN,
2012100612,g9w.2012,9X-G9W,TD,DEV,17.9,140.1,20,1007,315,7,328,9,NaN,NaN,NaN,NaN,NaN,NaN,NaN,NaN,NaN,NaN,DB,NW,C,C,200,1008,NaN,S,40,NaN,
2012100618,g9w.2012,9X-G9W,TD,DEV,17.7,139.3,20,1004,280,6,331,7,NaN,NaN,NaN,NaN,NaN,NaN,NaN,NaN,NaN,NaN,DB,NW,C,C,180,1006,NaN,S,40,NaN,
2012100700,g9w.2012,9X-G9W,TD,DEV,17.8,139.0,20,1004,280,5,265,5,NaN,NaN,NaN,NaN,NaN,NaN,NaN,NaN,NaN,NaN,DB,NW,C,C,180,1008,NaN,S,40,NaN,
2012100706,g9w.2012,9X-G9W,TD,DEV,18.0,137.2,20,1004,280,8,279,10,NaN,NaN,NaN,NaN,NaN,NaN,NaN,NaN,NaN,NaN,DB,NW,C,C,180,1007,NaN,S,40,NaN,
2012100918,h0w.2012,9X-H0W,TD,DEV,13.5,146.9,15,1010,270,4,270,4,NaN,NaN,NaN,NaN,NaN,NaN,NaN,NaN,NaN,NaN,DB,NW,b,b,NaN,NaN,NaN,NaN,NaN,NaN,
2012101000,h0w.2012,9X-H0W,TD,DEV,13.5,145.9,15,1010,270,4,270,4,NaN,NaN,NaN,NaN,NaN,NaN,NaN,NaN,NaN,NaN,DB,NW,b,b,NaN,NaN,NaN,NaN,NaN,NaN,
2012101006,h0w.2012,9X-H0W,TD,DEV,13.5,146.0,15,1010,270,4,270,4,NaN,NaN,NaN,NaN,NaN,NaN,NaN,NaN,NaN,NaN,DB,NW,b,b,NaN,NaN,NaN,NaN,NaN,NaN,
2012101012,h0w.2012,9X-H0W,TD,DEV,13.5,146.2,15,1010,270,2,90,1,NaN,NaN,NaN,NaN,NaN,NaN,NaN,NaN,NaN,NaN,DB,NW,c,c,NaN,NaN,NaN,NaN,NaN,NaN,
2012101018,h0w.2012,9X-H0W,TD,DEV,13.5,146.0,15,1010,270,2,360,0,NaN,NaN,NaN,NaN,NaN,NaN,NaN,NaN,NaN,NaN,DB,NW,c,c,NaN,NaN,NaN,NaN,NaN,NaN,
2012101100,h0w.2012,9X-H0W,TD,DEV,13.5,146.3,15,1010,90,1,90,0,NaN,NaN,NaN,NaN,NaN,NaN,NaN,NaN,NaN,NaN,DB,NW,c,c,NaN,NaN,NaN,NaN,NaN,NaN,
2012101106,h0w.2012,9X-H0W,TD,DEV,13.7,145.8,15,1010,90,1,316,1,NaN,NaN,NaN,NaN,NaN,NaN,NaN,NaN,NaN,NaN,DB,NW,c,c,NaN,NaN,NaN,NaN,NaN,NaN,
2012101112,h0w.2012,9X-H0W,TD,DEV,13.6,146.2,15,1010,90,1,316,1,NaN,NaN,NaN,NaN,NaN,NaN,NaN,NaN,NaN,NaN,DB,NW,c,c,NaN,NaN,NaN,NaN,NaN,NaN,
2012101118,h0w.2012,9X-H0W,TD,DEV,14.8,146.0,15,NaN,316,1,10,6,NaN,NaN,NaN,NaN,NaN,NaN,NaN,NaN,NaN,NaN,NT,NW,c,c,NaN,NaN,0.02,NaN,NaN,NaN,
2012101200,h0w.2012,9X-H0W,TD,DEV,16.5,146.0,15,NaN,316,1,356,15,NaN,NaN,NaN,NaN,NaN,NaN,NaN,NaN,NaN,NaN,NT,NW,c,c,NaN,NaN,NaN,NaN,NaN,NaN,
2012101206,h0w.2012,9X-H0W,TD,DEV,18.1,146.6,15,1010,90,1,10,17,NaN,NaN,NaN,NaN,NaN,NaN,NaN,NaN,NaN,NaN,DB,NW,c,c,NaN,NaN,NaN,NaN,NaN,NaN,
2012101212,h0w.2012,9X-H0W,TD,DEV,17.2,146.8,15,1010,90,1,48,5,NaN,NaN,NaN,NaN,NaN,NaN,NaN,NaN,NaN,NaN,DB,NW,c,c,NaN,NaN,NaN,NaN,NaN,NaN,
2012101218,h0w.2012,9X-H0W,TD,DEV,17.2,146.9,15,1010,90,1,162,5,NaN,NaN,NaN,NaN,NaN,NaN,NaN,NaN,NaN,NaN,DB,NW,c,c,NaN,NaN,NaN,NaN,NaN,NaN,
2012101300,h0w.2012,9X-H0W,TD,DEV,17.9,146.9,15,1010,90,1,8,4,NaN,NaN,NaN,NaN,NaN,NaN,NaN,NaN,NaN,NaN,DB,NW,c,c,NaN,NaN,NaN,NaN,NaN,NaN,
2012101306,h0w.2012,9X-H0W,TD,DEV,17.8,146.7,15,1010,180,0,342,3,NaN,NaN,NaN,NaN,NaN,NaN,NaN,NaN,NaN,NaN,DB,NW,C,C,120,1011,NaN,S,15,NaN,
2012101312,h0w.2012,9X-H0W,TD,DEV,17.7,146.6,15,1010,316,1,235,2,NaN,NaN,NaN,NaN,NaN,NaN,NaN,NaN,NaN,NaN,DB,NW,c,c,NaN,NaN,NaN,NaN,NaN,NaN,
2012101318,h0w.2012,9X-H0W,TD,DEV,18.4,144.8,20,1007,295,7,288,10,NaN,NaN,NaN,NaN,NaN,NaN,NaN,NaN,NaN,NaN,DB,NW,C,C,210,1010,NaN,S,45,NaN,
2012101400,h0w.2012,9X-H0W,TD,DEV,17.5,144.0,20,1007,275,8,265,12,NaN,NaN,NaN,NaN,NaN,NaN,NaN,NaN,NaN,NaN,DB,NW,C,C,210,1010,NaN,S,45,NaN,
2012101400,h1w.2012,9X-H1W,TD,NONdev,3.1,165.6,15,1010,360,4,360,4,NaN,NaN,NaN,NaN,NaN,NaN,NaN,NaN,NaN,NaN,DB,NW,b,b,NaN,NaN,NaN,NaN,NaN,NaN,
2012101406,h1w.2012,9X-H1W,TD,NONdev,3.1,165.5,15,1010,360,4,360,4,NaN,NaN,NaN,NaN,NaN,NaN,NaN,NaN,NaN,NaN,DB,NW,b,b,NaN,NaN,NaN,NaN,NaN,NaN,
2012101412,h1w.2012,9X-H1W,TD,NONdev,4.0,165.6,15,1010,360,4,360,4,NaN,NaN,NaN,NaN,NaN,NaN,NaN,NaN,NaN,NaN,DB,NW,b,b,NaN,NaN,NaN,NaN,NaN,NaN,
2012101418,h1w.2012,9X-H1W,TD,NONdev,3.1,165.3,15,1010,270,1,270,1,NaN,NaN,NaN,NaN,NaN,NaN,NaN,NaN,NaN,NaN,DB,NW,c,c,NaN,NaN,NaN,NaN,NaN,NaN,
2012101500,h1w.2012,9X-H1W,TD,NONdev,3.1,165.2,15,1010,270,1,204,5,NaN,NaN,NaN,NaN,NaN,NaN,NaN,NaN,NaN,NaN,DB,NW,c,c,NaN,NaN,NaN,NaN,NaN,NaN,
2012101506,h1w.2012,9X-H1W,TD,NONdev,4.0,165.0,15,1010,270,2,342,5,NaN,NaN,NaN,NaN,NaN,NaN,NaN,NaN,NaN,NaN,DB,NW,c,c,NaN,NaN,NaN,NaN,NaN,NaN,
2012101512,h1w.2012,9X-H1W,TD,NONdev,3.6,163.6,15,1010,270,3,287,8,NaN,NaN,NaN,NaN,NaN,NaN,NaN,NaN,NaN,NaN,DB,NW,c,c,NaN,NaN,NaN,NaN,NaN,NaN,
2012101518,h1w.2012,9X-H1W,TD,NONdev,3.5,162.8,15,1010,270,3,257,11,NaN,NaN,NaN,NaN,NaN,NaN,NaN,NaN,NaN,NaN,DB,NW,c,c,NaN,NaN,NaN,NaN,NaN,NaN,
2012101600,h1w.2012,9X-H1W,TD,NONdev,2.8,162.6,15,1010,270,2,231,6,NaN,NaN,NaN,NaN,NaN,NaN,NaN,NaN,NaN,NaN,DB,NW,c,c,NaN,NaN,NaN,NaN,NaN,NaN,
2012101606,h1w.2012,9X-H1W,TD,NONdev,3.1,161.5,15,1010,279,3,253,7,NaN,NaN,NaN,NaN,NaN,NaN,NaN,NaN,NaN,NaN,DB,NW,c,c,NaN,NaN,NaN,NaN,NaN,NaN,
2012101612,h1w.2012,9X-H1W,TD,NONdev,3.1,161.0,15,1010,270,3,281,8,NaN,NaN,NaN,NaN,NaN,NaN,NaN,NaN,NaN,NaN,DB,NW,c,c,NaN,NaN,NaN,NaN,NaN,NaN,
2012101618,h1w.2012,9X-H1W,TD,NONdev,3.1,160.3,15,1010,270,4,270,6,NaN,NaN,NaN,NaN,NaN,NaN,NaN,NaN,NaN,NaN,DB,NW,c,c,NaN,NaN,NaN,NaN,NaN,NaN,
2012101700,h1w.2012,9X-H1W,TD,NONdev,3.1,159.9,15,1010,270,4,270,5,NaN,NaN,NaN,NaN,NaN,NaN,NaN,NaN,NaN,NaN,DB,NW,c,c,NaN,NaN,NaN,NaN,NaN,NaN,
2012101706,h1w.2012,9X-H1W,TD,NONdev,3.9,161.5,15,1010,270,3,56,7,NaN,NaN,NaN,NaN,NaN,NaN,NaN,NaN,NaN,NaN,DB,NW,c,c,NaN,NaN,NaN,NaN,NaN,NaN,
2012101712,h1w.2012,9X-H1W,TD,NONdev,3.7,161.4,15,1010,261,3,68,8,NaN,NaN,NaN,NaN,NaN,NaN,NaN,NaN,NaN,NaN,DB,NW,c,c,NaN,NaN,NaN,NaN,NaN,NaN,
2012101718,h1w.2012,9X-H1W,TD,NONdev,3.7,160.8,15,1010,270,4,254,4,NaN,NaN,NaN,NaN,NaN,NaN,NaN,NaN,NaN,NaN,DB,NW,c,c,NaN,NaN,NaN,NaN,NaN,NaN,
2012101818,h2w.2012,9X-H2W,TD,DEV,7.0,145.9,15,1010,280,12,280,12,NaN,NaN,NaN,NaN,NaN,NaN,NaN,NaN,NaN,NaN,DB,NW,b,b,NaN,NaN,NaN,NaN,NaN,NaN,
2012101900,h2w.2012,9X-H2W,TD,DEV,7.4,144.2,15,1010,280,12,280,12,NaN,NaN,NaN,NaN,NaN,NaN,NaN,NaN,NaN,NaN,DB,NW,b,b,NaN,NaN,NaN,NaN,NaN,NaN,
2012101906,h2w.2012,9X-H2W,TD,DEV,7.4,143.6,15,1010,280,12,280,12,NaN,NaN,NaN,NaN,NaN,NaN,NaN,NaN,NaN,NaN,DB,NW,b,b,NaN,NaN,NaN,NaN,NaN,NaN,
2012101912,h2w.2012,9X-H2W,TD,DEV,7.0,143.0,15,1010,270,9,251,6,NaN,NaN,NaN,NaN,NaN,NaN,NaN,NaN,NaN,NaN,DB,NW,c,c,NaN,NaN,NaN,NaN,NaN,NaN,
2012101918,h2w.2012,9X-H2W,TD,DEV,7.4,142.6,15,1010,270,5,270,5,NaN,NaN,NaN,NaN,NaN,NaN,NaN,NaN,NaN,NaN,DB,NW,c,c,NaN,NaN,NaN,NaN,NaN,NaN,
2012102000,h2w.2012,9X-H2W,TD,DEV,6.8,140.4,15,1010,270,5,264,10,NaN,NaN,NaN,NaN,NaN,NaN,NaN,NaN,NaN,NaN,DB,NW,c,c,NaN,NaN,NaN,NaN,NaN,NaN,
2012102006,h2w.2012,9X-H2W,TD,DEV,6.1,138.3,15,1010,270,5,259,16,NaN,NaN,NaN,NaN,NaN,NaN,NaN,NaN,NaN,NaN,DB,NW,c,c,NaN,NaN,NaN,NaN,NaN,NaN,
2012102012,h2w.2012,9X-H2W,TD,DEV,7.0,137.5,15,1010,275,5,265,17,NaN,NaN,NaN,NaN,NaN,NaN,NaN,NaN,NaN,NaN,DB,NW,c,c,NaN,NaN,NaN,NaN,NaN,NaN,
2012102018,h2w.2012,9X-H2W,TD,DEV,6.4,136.8,15,1010,270,3,281,8,NaN,NaN,NaN,NaN,NaN,NaN,NaN,NaN,NaN,NaN,DB,NW,c,c,NaN,NaN,NaN,NaN,NaN,NaN,
2012102100,h2w.2012,9X-H2W,TD,DEV,6.4,136.6,15,1010,270,1,236,5,NaN,NaN,NaN,NaN,NaN,NaN,NaN,NaN,NaN,NaN,DB,NW,c,c,NaN,NaN,NaN,NaN,NaN,NaN,
2012102106,h2w.2012,9X-H2W,TD,DEV,7.1,135.6,15,1010,270,2,300,7,NaN,NaN,NaN,NaN,NaN,NaN,NaN,NaN,NaN,NaN,DB,NW,c,c,NaN,NaN,NaN,NaN,NaN,NaN,
2012102112,h2w.2012,9X-H2W,TD,DEV,6.4,135.7,15,1006,270,2,270,4,NaN,NaN,NaN,NaN,NaN,NaN,NaN,NaN,NaN,NaN,DB,NW,c,c,NaN,NaN,NaN,NaN,NaN,NaN,
2012102118,h2w.2012,9X-H2W,TD,DEV,7.1,134.2,18,1006,270,2,277,7,NaN,NaN,NaN,NaN,NaN,NaN,NaN,NaN,NaN,NaN,DB,NW,c,c,150,1006,NaN,NaN,NaN,NaN,
2012102200,h2w.2012,9X-H2W,TD,DEV,7.8,132.7,20,1005,300,6,284,10,NaN,NaN,NaN,NaN,NaN,NaN,NaN,NaN,NaN,NaN,DB,NW,C,C,150,1006,NaN,S,50,NaN,
2012102206,h2w.2012,9X-H2W,TD,DEV,8.5,131.6,20,1006,300,6,292,12,NaN,NaN,NaN,NaN,NaN,NaN,NaN,NaN,NaN,NaN,DB,NW,C,C,150,1007,NaN,S,50,NaN,
2012102212,h2w.2012,9X-H2W,TD,DEV,9.2,130.6,20,1007,300,9,299,14,NaN,NaN,NaN,NaN,NaN,NaN,NaN,NaN,NaN,NaN,DB,NW,C,C,150,1008,NaN,S,50,NaN,
2012102218,h2w.2012,9X-H2W,TD,DEV,8.9,129.6,20,1004,280,8,290,11,NaN,NaN,NaN,NaN,NaN,NaN,NaN,NaN,NaN,NaN,DB,NW,C,C,150,1006,NaN,S,35,NaN,
2012102300,h2w.2012,9X-H2W,TD,DEV,8.6,129.6,20,1004,265,6,239,6,NaN,NaN,NaN,NaN,NaN,NaN,NaN,NaN,NaN,NaN,DB,NW,C,C,150,1006,NaN,S,35,NaN,
2012102306,h2w.2012,9X-H2W,TD,DEV,8.6,128.5,20,1007,260,7,255,6,NaN,NaN,NaN,NaN,NaN,NaN,NaN,NaN,NaN,NaN,DB,NW,C,C,150,1008,NaN,S,35,NaN,
2012102312,h2w.2012,9X-H2W,TD,DEV,8.8,128.0,20,1007,270,7,277,8,NaN,NaN,NaN,NaN,NaN,NaN,NaN,NaN,NaN,NaN,DB,NW,C,C,160,1008,NaN,S,35,NaN,
2012110518,h4w.2012,9X-H4W,TD,NONdev,7.3,149.2,15,1010,197,16,270,12,NaN,NaN,NaN,NaN,NaN,NaN,NaN,NaN,NaN,NaN,DB,NW,b,b,NaN,NaN,NaN,NaN,NaN,NaN,
2012110600,h4w.2012,9X-H4W,TD,NONdev,7.3,147.8,15,1010,197,16,270,12,NaN,NaN,NaN,NaN,NaN,NaN,NaN,NaN,NaN,NaN,DB,NW,b,b,NaN,NaN,NaN,NaN,NaN,NaN,
2012110606,h4w.2012,9X-H4W,TD,NONdev,7.3,146.8,15,1010,197,16,270,12,NaN,NaN,NaN,NaN,NaN,NaN,NaN,NaN,NaN,NaN,DB,NW,b,b,NaN,NaN,NaN,NaN,NaN,NaN,
2012110612,h4w.2012,9X-H4W,TD,NONdev,7.3,145.7,15,1010,270,10,270,12,NaN,NaN,NaN,NaN,NaN,NaN,NaN,NaN,NaN,NaN,DB,NW,c,c,NaN,NaN,NaN,NaN,NaN,NaN,
2012110618,h4w.2012,9X-H4W,TD,NONdev,5.9,146.0,15,1010,305,14,232,8,NaN,NaN,NaN,NaN,NaN,NaN,NaN,NaN,NaN,NaN,DB,NW,b,b,NaN,NaN,NaN,NaN,NaN,NaN,
2012110700,h4w.2012,9X-H4W,TD,NONdev,4.3,144.3,15,1010,270,13,205,17,NaN,NaN,NaN,NaN,NaN,NaN,NaN,NaN,NaN,NaN,DB,NW,c,c,NaN,NaN,NaN,NaN,NaN,NaN,
2012110706,h4w.2012,9X-H4W,TD,NONdev,5.9,145.0,15,1010,270,5,270,5,NaN,NaN,NaN,NaN,NaN,NaN,NaN,NaN,NaN,NaN,DB,NW,c,c,NaN,NaN,NaN,NaN,NaN,NaN,
2012110712,h4w.2012,9X-H4W,TD,NONdev,5.9,144.1,15,1010,270,5,353,8,NaN,NaN,NaN,NaN,NaN,NaN,NaN,NaN,NaN,NaN,DB,NW,c,c,NaN,NaN,NaN,NaN,NaN,NaN,
2012110718,h4w.2012,9X-H4W,TD,NONdev,5.3,143.0,15,1010,270,4,253,10,NaN,NaN,NaN,NaN,NaN,NaN,NaN,NaN,NaN,NaN,DB,NW,c,c,NaN,NaN,NaN,NaN,NaN,NaN,
2012110800,h4w.2012,9X-H4W,TD,NONdev,5.6,143.7,15,1010,270,4,194,7,NaN,NaN,NaN,NaN,NaN,NaN,NaN,NaN,NaN,NaN,DB,NW,c,c,NaN,NaN,NaN,NaN,NaN,NaN,
2012110806,h4w.2012,9X-H4W,TD,NONdev,5.8,144.3,15,1010,270,4,136,5,NaN,NaN,NaN,NaN,NaN,NaN,NaN,NaN,NaN,NaN,DB,NW,c,c,NaN,NaN,NaN,NaN,NaN,NaN,
2012110812,h4w.2012,9X-H4W,TD,NONdev,6.1,145.0,15,1010,270,3,77,2,NaN,NaN,NaN,NaN,NaN,NaN,NaN,NaN,NaN,NaN,DB,NW,c,c,NaN,NaN,NaN,NaN,NaN,NaN,
2012110818,h4w.2012,9X-H4W,TD,NONdev,4.9,145.9,15,1010,270,2,98,7,NaN,NaN,NaN,NaN,NaN,NaN,NaN,NaN,NaN,NaN,DB,NW,c,c,NaN,NaN,NaN,NaN,NaN,NaN,
2012110900,h4w.2012,9X-H4W,TD,NONdev,5.7,145.3,15,1010,270,1,143,2,NaN,NaN,NaN,NaN,NaN,NaN,NaN,NaN,NaN,NaN,DB,NW,c,c,NaN,NaN,NaN,NaN,NaN,NaN,
2012110906,h4w.2012,9X-H4W,TD,NONdev,5.7,145.0,15,1010,270,2,312,6,NaN,NaN,NaN,NaN,NaN,NaN,NaN,NaN,NaN,NaN,DB,NW,c,c,NaN,NaN,NaN,NaN,NaN,NaN,
2012110700,h5w.2012,9X-H5W,TD,NONdev,5.0,135.5,15,1010,223,9,223,9,NaN,NaN,NaN,NaN,NaN,NaN,NaN,NaN,NaN,NaN,DB,NW,b,b,NaN,NaN,NaN,NaN,NaN,NaN,
2012110706,h5w.2012,9X-H5W,TD,NONdev,4.8,134.1,15,1010,223,9,223,9,NaN,NaN,NaN,NaN,NaN,NaN,NaN,NaN,NaN,NaN,DB,NW,b,b,NaN,NaN,NaN,NaN,NaN,NaN,
2012110712,h5w.2012,9X-H5W,TD,NONdev,3.7,134.3,15,1010,223,9,223,9,NaN,NaN,NaN,NaN,NaN,NaN,NaN,NaN,NaN,NaN,DB,NW,b,b,NaN,NaN,NaN,NaN,NaN,NaN,
2012110718,h5w.2012,9X-H5W,TD,NONdev,4.2,134.4,15,1010,238,5,154,3,NaN,NaN,NaN,NaN,NaN,NaN,NaN,NaN,NaN,NaN,DB,NW,c,c,NaN,NaN,NaN,NaN,NaN,NaN,
2012110800,h5w.2012,9X-H5W,TD,NONdev,4.4,133.1,15,1010,254,4,300,7,NaN,NaN,NaN,NaN,NaN,NaN,NaN,NaN,NaN,NaN,DB,NW,c,c,NaN,NaN,NaN,NaN,NaN,NaN,
2012110806,h5w.2012,9X-H5W,TD,NONdev,3.7,133.1,15,1010,270,4,249,7,NaN,NaN,NaN,NaN,NaN,NaN,NaN,NaN,NaN,NaN,DB,NW,c,c,NaN,NaN,NaN,NaN,NaN,NaN,
2012110812,h5w.2012,9X-H5W,TD,NONdev,4.4,133.6,15,1010,270,3,90,2,NaN,NaN,NaN,NaN,NaN,NaN,NaN,NaN,NaN,NaN,DB,NW,c,c,NaN,NaN,NaN,NaN,NaN,NaN,
2012110818,h5w.2012,9X-H5W,TD,NONdev,5.2,134.9,15,1010,270,3,50,12,NaN,NaN,NaN,NaN,NaN,NaN,NaN,NaN,NaN,NaN,DB,NW,c,c,NaN,NaN,NaN,NaN,NaN,NaN,
2012110900,h5w.2012,9X-H5W,TD,NONdev,4.7,134.7,15,1010,261,3,75,6,NaN,NaN,NaN,NaN,NaN,NaN,NaN,NaN,NaN,NaN,DB,NW,c,c,NaN,NaN,NaN,NaN,NaN,NaN,
2012110906,h5w.2012,9X-H5W,TD,NONdev,4.8,134.4,15,1010,270,3,231,3,NaN,NaN,NaN,NaN,NaN,NaN,NaN,NaN,NaN,NaN,DB,NW,c,c,NaN,NaN,NaN,NaN,NaN,NaN,
2012110912,h5w.2012,9X-H5W,TD,NONdev,4.8,134.2,15,1010,270,2,281,3,NaN,NaN,NaN,NaN,NaN,NaN,NaN,NaN,NaN,NaN,DB,NW,c,c,NaN,NaN,NaN,NaN,NaN,NaN,
2012110918,h5w.2012,9X-H5W,TD,NONdev,4.4,133.7,15,1010,270,4,240,4,NaN,NaN,NaN,NaN,NaN,NaN,NaN,NaN,NaN,NaN,DB,NW,c,c,NaN,NaN,NaN,NaN,NaN,NaN,
2012111000,h5w.2012,9X-H5W,TD,NONdev,4.7,133.5,15,1010,270,4,262,4,NaN,NaN,NaN,NaN,NaN,NaN,NaN,NaN,NaN,NaN,DB,NW,c,c,NaN,NaN,NaN,NaN,NaN,NaN,
2012111006,h5w.2012,9X-H5W,TD,NONdev,4.5,131.9,15,1010,270,4,273,9,NaN,NaN,NaN,NaN,NaN,NaN,NaN,NaN,NaN,NaN,DB,NW,c,c,NaN,NaN,NaN,NaN,NaN,NaN,
2012111012,h5w.2012,9X-H5W,TD,NONdev,4.2,131.6,15,1010,257,5,255,10,NaN,NaN,NaN,NaN,NaN,NaN,NaN,NaN,NaN,NaN,DB,NW,c,c,NaN,NaN,NaN,NaN,NaN,NaN,
2012111018,h5w.2012,9X-H5W,TD,NONdev,4.1,131.2,15,1010,249,4,240,4,NaN,NaN,NaN,NaN,NaN,NaN,NaN,NaN,NaN,NaN,DB,NW,c,c,NaN,NaN,NaN,NaN,NaN,NaN,
2012111100,h5w.2012,9X-H5W,TD,NONdev,6.6,131.7,15,1010,283,5,2,12,NaN,NaN,NaN,NaN,NaN,NaN,NaN,NaN,NaN,NaN,DB,NW,c,c,NaN,NaN,NaN,NaN,NaN,NaN,
2012111106,h5w.2012,9X-H5W,TD,NONdev,6.3,131.2,15,1010,264,5,360,11,NaN,NaN,NaN,NaN,NaN,NaN,NaN,NaN,NaN,NaN,DB,NW,c,c,NaN,NaN,NaN,NaN,NaN,NaN,
2012111112,h5w.2012,9X-H5W,TD,NONdev,7.4,128.9,15,1010,264,5,326,14,NaN,NaN,NaN,NaN,NaN,NaN,NaN,NaN,NaN,NaN,DB,NW,c,c,NaN,NaN,0.15,NaN,NaN,NaN,
2012111118,h5w.2012,9X-H5W,TD,NONdev,8.5,126.7,15,1010,300,8,291,18,NaN,NaN,NaN,NaN,NaN,NaN,NaN,NaN,NaN,NaN,DB,NW,c,c,NaN,NaN,0.31,NaN,NaN,NaN,
2012111200,h5w.2012,9X-H5W,TD,NONdev,8.2,125.3,15,1010,276,9,288,21,NaN,NaN,NaN,NaN,NaN,NaN,NaN,NaN,NaN,NaN,DB,NW,c,c,NaN,NaN,0.99,NaN,NaN,NaN,
2012111106,h6w.2012,9X-H6W,TD,DEV,6.2,119.2,15,1010,281,3,281,3,NaN,NaN,NaN,NaN,NaN,NaN,NaN,NaN,NaN,NaN,DB,NW,b,b,NaN,NaN,0.03,NaN,NaN,NaN,
2012111112,h6w.2012,9X-H6W,TD,DEV,6.2,118.9,15,1010,281,3,281,3,NaN,NaN,NaN,NaN,NaN,NaN,NaN,NaN,NaN,NaN,DB,NW,b,b,NaN,NaN,0.03,NaN,NaN,NaN,
2012111118,h6w.2012,9X-H6W,TD,DEV,6.3,118.7,15,1010,281,3,281,3,NaN,NaN,NaN,NaN,NaN,NaN,NaN,NaN,NaN,NaN,DB,NW,b,b,NaN,NaN,NaN,NaN,NaN,NaN,
2012111200,h6w.2012,9X-H6W,TD,DEV,6.2,118.3,15,1010,270,3,270,3,NaN,NaN,NaN,NaN,NaN,NaN,NaN,NaN,NaN,NaN,DB,NW,c,c,NaN,NaN,0.18,NaN,NaN,NaN,
2012111206,h6w.2012,9X-H6W,TD,DEV,6.2,118.0,15,1010,270,3,262,4,NaN,NaN,NaN,NaN,NaN,NaN,NaN,NaN,NaN,NaN,DB,NW,c,c,NaN,NaN,0.46,NaN,NaN,NaN,
2012111212,h6w.2012,9X-H6W,TD,DEV,6.8,117.1,15,1010,292,5,297,7,NaN,NaN,NaN,NaN,NaN,NaN,NaN,NaN,NaN,NaN,DB,NW,c,c,NaN,NaN,0.34,NaN,NaN,NaN,
2012111218,h6w.2012,9X-H6W,TD,DEV,6.8,116.4,15,1010,280,6,291,8,NaN,NaN,NaN,NaN,NaN,NaN,NaN,NaN,NaN,NaN,DB,NW,c,c,NaN,NaN,0.14,NaN,NaN,NaN,
2012111300,h6w.2012,9X-H6W,TD,DEV,7.8,114.5,18,1007,280,6,292,12,NaN,NaN,NaN,NaN,NaN,NaN,NaN,NaN,NaN,NaN,DB,NW,c,c,175,1010,0.07,NaN,NaN,NaN,
2012111306,h6w.2012,9X-H6W,TD,DEV,8.7,112.6,20,1004,295,16,293,16,NaN,NaN,NaN,NaN,NaN,NaN,NaN,NaN,NaN,NaN,DB,NW,C,C,175,1010,NaN,S,45,NaN,
2012111312,h6w.2012,9X-H6W,TD,DEV,8.7,112.1,20,1004,290,15,294,16,NaN,NaN,NaN,NaN,NaN,NaN,NaN,NaN,NaN,NaN,DB,NW,C,C,175,1010,NaN,S,45,NaN,
2012111318,h6w.2012,9X-H6W,TD,DEV,8.6,111.1,20,1007,285,12,266,7,NaN,NaN,NaN,NaN,NaN,NaN,NaN,NaN,NaN,NaN,DB,NW,C,C,175,1009,NaN,S,45,NaN,
2012111400,h6w.2012,9X-H6W,TD,DEV,8.5,110.0,20,1007,270,11,264,10,NaN,NaN,NaN,NaN,NaN,NaN,NaN,NaN,NaN,NaN,DB,NW,C,C,180,1008,NaN,S,45,NaN,
2012111218,h7w.2012,9X-H7W,TD,NONdev,8.3,136.4,15,1010,265,5,264,10,NaN,NaN,NaN,NaN,NaN,NaN,NaN,NaN,NaN,NaN,DB,NW,b,b,NaN,NaN,NaN,NaN,NaN,NaN,
2012111300,h7w.2012,9X-H7W,TD,NONdev,8.2,135.9,15,1010,265,5,264,10,NaN,NaN,NaN,NaN,NaN,NaN,NaN,NaN,NaN,NaN,DB,NW,b,b,NaN,NaN,NaN,NaN,NaN,NaN,
2012111306,h7w.2012,9X-H7W,TD,NONdev,8.2,135.3,15,1010,265,5,264,10,NaN,NaN,NaN,NaN,NaN,NaN,NaN,NaN,NaN,NaN,DB,NW,b,b,NaN,NaN,NaN,NaN,NaN,NaN,
2012111312,h7w.2012,9X-H7W,TD,NONdev,8.0,133.4,15,1010,264,9,264,10,NaN,NaN,NaN,NaN,NaN,NaN,NaN,NaN,NaN,NaN,DB,NW,c,c,NaN,NaN,NaN,NaN,NaN,NaN,
2012111318,h7w.2012,9X-H7W,TD,NONdev,8.2,133.1,15,1010,270,11,270,11,NaN,NaN,NaN,NaN,NaN,NaN,NaN,NaN,NaN,NaN,DB,NW,c,c,NaN,NaN,NaN,NaN,NaN,NaN,
2012111400,h7w.2012,9X-H7W,TD,NONdev,8.5,131.6,15,1010,277,12,286,9,NaN,NaN,NaN,NaN,NaN,NaN,NaN,NaN,NaN,NaN,DB,NW,c,c,NaN,NaN,NaN,NaN,NaN,NaN,
2012111406,h7w.2012,9X-H7W,TD,NONdev,7.9,130.6,15,1010,270,9,263,12,NaN,NaN,NaN,NaN,NaN,NaN,NaN,NaN,NaN,NaN,DB,NW,c,c,NaN,NaN,NaN,NaN,NaN,NaN,
2012111412,h7w.2012,9X-H7W,TD,NONdev,6.8,132.1,15,1010,270,9,204,12,NaN,NaN,NaN,NaN,NaN,NaN,NaN,NaN,NaN,NaN,DB,NW,c,c,NaN,NaN,NaN,NaN,NaN,NaN,
2012111418,h7w.2012,9X-H7W,TD,NONdev,5.6,133.6,15,1010,270,4,146,12,NaN,NaN,NaN,NaN,NaN,NaN,NaN,NaN,NaN,NaN,DB,NW,c,c,NaN,NaN,NaN,NaN,NaN,NaN,
2012111500,h7w.2012,9X-H7W,TD,NONdev,4.9,133.4,15,1010,138,20,137,14,NaN,NaN,NaN,NaN,NaN,NaN,NaN,NaN,NaN,NaN,DB,NW,b,b,NaN,NaN,NaN,NaN,NaN,NaN,
2012111418,h8w.2012,9X-H8W,TD,NONdev,4.2,149.8,15,1010,285,18,285,18,NaN,NaN,NaN,NaN,NaN,NaN,NaN,NaN,NaN,NaN,DB,NW,b,b,NaN,NaN,NaN,NaN,NaN,NaN,
2012111500,h8w.2012,9X-H8W,TD,NONdev,4.5,147.2,15,1010,285,18,285,18,NaN,NaN,NaN,NaN,NaN,NaN,NaN,NaN,NaN,NaN,DB,NW,b,b,NaN,NaN,NaN,NaN,NaN,NaN,
2012111506,h8w.2012,9X-H8W,TD,NONdev,5.1,146.4,15,1010,285,18,285,18,NaN,NaN,NaN,NaN,NaN,NaN,NaN,NaN,NaN,NaN,DB,NW,b,b,NaN,NaN,NaN,NaN,NaN,NaN,
2012111512,h8w.2012,9X-H8W,TD,NONdev,4.2,149.2,15,1010,270,2,99,10,NaN,NaN,NaN,NaN,NaN,NaN,NaN,NaN,NaN,NaN,DB,NW,c,c,NaN,NaN,NaN,NaN,NaN,NaN,
2012111518,h8w.2012,9X-H8W,TD,NONdev,4.5,146.3,15,1010,270,3,189,3,NaN,NaN,NaN,NaN,NaN,NaN,NaN,NaN,NaN,NaN,DB,NW,c,c,NaN,NaN,NaN,NaN,NaN,NaN,
2012111600,h8w.2012,9X-H8W,TD,NONdev,5.1,145.0,15,1010,270,4,282,21,NaN,NaN,NaN,NaN,NaN,NaN,NaN,NaN,NaN,NaN,DB,NW,c,c,NaN,NaN,NaN,NaN,NaN,NaN,
2012111606,h8w.2012,9X-H8W,TD,NONdev,5.0,142.9,15,1010,270,8,278,17,NaN,NaN,NaN,NaN,NaN,NaN,NaN,NaN,NaN,NaN,DB,NW,c,c,NaN,NaN,NaN,NaN,NaN,NaN,
2012111706,h9w.2012,9X-H9W,TD,NONdev,2.5,164.1,15,1010,270,2,270,2,NaN,NaN,NaN,NaN,NaN,NaN,NaN,NaN,NaN,NaN,DB,NW,b,b,NaN,NaN,NaN,NaN,NaN,NaN,
2012111712,h9w.2012,9X-H9W,TD,NONdev,2.5,163.9,15,1010,270,2,270,2,NaN,NaN,NaN,NaN,NaN,NaN,NaN,NaN,NaN,NaN,DB,NW,b,b,NaN,NaN,NaN,NaN,NaN,NaN,
2012111718,h9w.2012,9X-H9W,TD,NONdev,2.5,163.7,15,1010,270,2,270,2,NaN,NaN,NaN,NaN,NaN,NaN,NaN,NaN,NaN,NaN,DB,NW,b,b,NaN,NaN,NaN,NaN,NaN,NaN,
2012111800,h9w.2012,9X-H9W,TD,NONdev,2.5,163.5,15,1010,270,2,270,2,NaN,NaN,NaN,NaN,NaN,NaN,NaN,NaN,NaN,NaN,DB,NW,c,c,NaN,NaN,NaN,NaN,NaN,NaN,
2012111806,h9w.2012,9X-H9W,TD,NONdev,2.5,163.3,15,1010,270,2,270,2,NaN,NaN,NaN,NaN,NaN,NaN,NaN,NaN,NaN,NaN,DB,NW,c,c,NaN,NaN,NaN,NaN,NaN,NaN,
2012111812,h9w.2012,9X-H9W,TD,NONdev,2.5,163.1,15,1010,270,2,270,2,NaN,NaN,NaN,NaN,NaN,NaN,NaN,NaN,NaN,NaN,DB,NW,c,c,NaN,NaN,NaN,NaN,NaN,NaN,
2012111818,h9w.2012,9X-H9W,TD,NONdev,2.4,164.4,15,1010,270,2,95,6,NaN,NaN,NaN,NaN,NaN,NaN,NaN,NaN,NaN,NaN,DB,NW,c,c,NaN,NaN,NaN,NaN,NaN,NaN,
2012111900,h9w.2012,9X-H9W,TD,NONdev,2.3,162.7,15,1010,270,3,243,2,NaN,NaN,NaN,NaN,NaN,NaN,NaN,NaN,NaN,NaN,DB,NW,c,c,NaN,NaN,NaN,NaN,NaN,NaN,
2012111906,h9w.2012,9X-H9W,TD,NONdev,5.0,162.0,15,1010,270,1,317,18,NaN,NaN,NaN,NaN,NaN,NaN,NaN,NaN,NaN,NaN,DB,NW,c,c,NaN,NaN,NaN,NaN,NaN,NaN,
2012111912,h9w.2012,9X-H9W,TD,NONdev,5.0,161.8,15,1010,270,1,342,14,NaN,NaN,NaN,NaN,NaN,NaN,NaN,NaN,NaN,NaN,DB,NW,c,c,NaN,NaN,NaN,NaN,NaN,NaN,
2012111918,h9w.2012,9X-H9W,TD,NONdev,5.0,161.5,15,1010,270,2,270,2,NaN,NaN,NaN,NaN,NaN,NaN,NaN,NaN,NaN,NaN,DB,NW,c,c,NaN,NaN,NaN,NaN,NaN,NaN,
2012112000,h9w.2012,9X-H9W,TD,NONdev,5.2,161.1,15,1010,284,2,286,4,NaN,NaN,NaN,NaN,NaN,NaN,NaN,NaN,NaN,NaN,DB,NW,c,c,NaN,NaN,NaN,NaN,NaN,NaN,
2012112206,i0w.2012,9X-I0W,TD,NONdev,1.0,160.8,15,1010,276,5,276,5,NaN,NaN,NaN,NaN,NaN,NaN,NaN,NaN,NaN,NaN,DB,NW,b,b,NaN,NaN,NaN,NaN,NaN,NaN,
2012112212,i0w.2012,9X-I0W,TD,NONdev,1.0,160.3,15,1010,276,5,276,5,NaN,NaN,NaN,NaN,NaN,NaN,NaN,NaN,NaN,NaN,DB,NW,b,b,NaN,NaN,NaN,NaN,NaN,NaN,
2012112218,i0w.2012,9X-I0W,TD,NONdev,1.1,159.8,15,1010,276,5,276,5,NaN,NaN,NaN,NaN,NaN,NaN,NaN,NaN,NaN,NaN,DB,NW,c,c,NaN,NaN,NaN,NaN,NaN,NaN,
2012112300,i0w.2012,9X-I0W,TD,NONdev,1.2,159.4,15,1010,283,5,283,5,NaN,NaN,NaN,NaN,NaN,NaN,NaN,NaN,NaN,NaN,DB,NW,c,c,NaN,NaN,NaN,NaN,NaN,NaN,
2012112306,i0w.2012,9X-I0W,TD,NONdev,1.2,159.0,15,1010,277,4,277,4,NaN,NaN,NaN,NaN,NaN,NaN,NaN,NaN,NaN,NaN,DB,NW,c,c,NaN,NaN,NaN,NaN,NaN,NaN,
2012112312,i0w.2012,9X-I0W,TD,NONdev,1.4,159.5,15,1010,270,2,27,1,NaN,NaN,NaN,NaN,NaN,NaN,NaN,NaN,NaN,NaN,DB,NW,c,c,NaN,NaN,NaN,NaN,NaN,NaN,
2012112318,i0w.2012,9X-I0W,TD,NONdev,0.5,158.4,15,1010,270,2,221,5,NaN,NaN,NaN,NaN,NaN,NaN,NaN,NaN,NaN,NaN,DB,NW,c,c,NaN,NaN,NaN,NaN,NaN,NaN,
2012112400,i0w.2012,9X-I0W,TD,NONdev,0.7,157.3,15,1010,270,3,252,12,NaN,NaN,NaN,NaN,NaN,NaN,NaN,NaN,NaN,NaN,DB,NW,c,c,NaN,NaN,NaN,NaN,NaN,NaN,
2012112406,i0w.2012,9X-I0W,TD,NONdev,0.6,158.1,15,1010,270,3,288,2,NaN,NaN,NaN,NaN,NaN,NaN,NaN,NaN,NaN,NaN,DB,NW,c,c,NaN,NaN,NaN,NaN,NaN,NaN,
2012112412,i0w.2012,9X-I0W,TD,NONdev,0.5,157.7,15,1010,270,3,117,2,NaN,NaN,NaN,NaN,NaN,NaN,NaN,NaN,NaN,NaN,DB,NW,c,c,NaN,NaN,NaN,NaN,NaN,NaN,
2012112418,i0w.2012,9X-I0W,TD,NONdev,2.8,158.7,20,1006,300,5,15,11,NaN,NaN,NaN,NaN,NaN,NaN,NaN,NaN,NaN,NaN,DB,NW,C,C,180,1008,NaN,S,45,NaN,
2012112500,i0w.2012,9X-I0W,TD,NONdev,2.6,158.5,20,1006,285,3,21,11,NaN,NaN,NaN,NaN,NaN,NaN,NaN,NaN,NaN,NaN,DB,NW,C,C,180,1008,NaN,S,45,NaN,
2012112506,i0w.2012,9X-I0W,TD,NONdev,2.6,158.0,20,1007,280,4,254,4,NaN,NaN,NaN,NaN,NaN,NaN,NaN,NaN,NaN,NaN,DB,NW,C,C,170,1008,NaN,S,45,NaN,
2012112512,i0w.2012,9X-I0W,TD,NONdev,3.0,158.1,20,1007,295,4,315,3,NaN,NaN,NaN,NaN,NaN,NaN,NaN,NaN,NaN,NaN,DB,NW,C,C,170,1008,NaN,S,45,NaN,
2012112218,i1w.2012,9X-I1W,TD,DEV,1.1,159.8,15,NaN,276,5,277,4,NaN,NaN,NaN,NaN,NaN,NaN,NaN,NaN,NaN,NaN,NT,NW,c,c,NaN,NaN,NaN,NaN,NaN,NaN,
2012112300,i1w.2012,9X-I1W,TD,DEV,1.2,159.4,15,NaN,283,5,277,4,NaN,NaN,NaN,NaN,NaN,NaN,NaN,NaN,NaN,NaN,NT,NW,c,c,NaN,NaN,NaN,NaN,NaN,NaN,
2012112306,i1w.2012,9X-I1W,TD,DEV,1.2,159.0,15,NaN,277,4,277,4,NaN,NaN,NaN,NaN,NaN,NaN,NaN,NaN,NaN,NaN,NT,NW,c,c,NaN,NaN,NaN,NaN,NaN,NaN,
2012112312,i1w.2012,9X-I1W,TD,DEV,1.4,159.5,15,NaN,270,2,27,1,NaN,NaN,NaN,NaN,NaN,NaN,NaN,NaN,NaN,NaN,NT,NW,c,c,NaN,NaN,NaN,NaN,NaN,NaN,
2012112318,i1w.2012,9X-I1W,TD,DEV,0.5,158.4,15,NaN,270,2,221,5,NaN,NaN,NaN,NaN,NaN,NaN,NaN,NaN,NaN,NaN,NT,NW,c,c,NaN,NaN,NaN,NaN,NaN,NaN,
2012112400,i1w.2012,9X-I1W,TD,DEV,0.7,157.3,15,NaN,270,3,252,12,NaN,NaN,NaN,NaN,NaN,NaN,NaN,NaN,NaN,NaN,NT,NW,c,c,NaN,NaN,NaN,NaN,NaN,NaN,
2012112406,i1w.2012,9X-I1W,TD,DEV,0.6,158.1,15,1010,270,3,288,2,NaN,NaN,NaN,NaN,NaN,NaN,NaN,NaN,NaN,NaN,DB,NW,c,c,NaN,NaN,NaN,NaN,NaN,NaN,
2012112412,i1w.2012,9X-I1W,TD,DEV,0.5,157.7,15,1010,270,3,117,2,NaN,NaN,NaN,NaN,NaN,NaN,NaN,NaN,NaN,NaN,DB,NW,c,c,NaN,NaN,NaN,NaN,NaN,NaN,
2012112418,i1w.2012,9X-I1W,TD,DEV,2.8,158.7,20,1006,300,5,15,11,NaN,NaN,NaN,NaN,NaN,NaN,NaN,NaN,NaN,NaN,DB,NW,C,C,180,1008,NaN,S,45,NaN,
2012112500,i1w.2012,9X-I1W,TD,DEV,2.6,158.5,20,1006,285,3,21,11,NaN,NaN,NaN,NaN,NaN,NaN,NaN,NaN,NaN,NaN,DB,NW,C,C,180,1008,NaN,S,45,NaN,
2012112506,i1w.2012,9X-I1W,TD,DEV,2.6,158.0,20,1007,280,4,254,4,NaN,NaN,NaN,NaN,NaN,NaN,NaN,NaN,NaN,NaN,DB,NW,C,C,170,1008,NaN,S,45,NaN,
2012112512,i1w.2012,9X-I1W,TD,DEV,3.1,157.8,20,1005,290,5,306,4,NaN,NaN,NaN,NaN,NaN,NaN,NaN,NaN,NaN,NaN,DB,NW,C,C,170,1008,NaN,S,45,NaN,
2012123018,i2w.2012,9X-I2W,TD,NONdev,3.4,146.4,15,1010,270,3,270,3,NaN,NaN,NaN,NaN,NaN,NaN,NaN,NaN,NaN,NaN,DB,NW,b,b,NaN,NaN,NaN,NaN,NaN,NaN,
2012123100,i2w.2012,9X-I2W,TD,NONdev,3.4,146.0,15,1010,270,3,270,3,NaN,NaN,NaN,NaN,NaN,NaN,NaN,NaN,NaN,NaN,DB,NW,b,b,NaN,NaN,NaN,NaN,NaN,NaN,
2012123106,i2w.2012,9X-I2W,TD,NONdev,3.4,145.7,15,1010,270,3,270,3,NaN,NaN,NaN,NaN,NaN,NaN,NaN,NaN,NaN,NaN,DB,NW,b,b,NaN,NaN,NaN,NaN,NaN,NaN,
2012123112,i2w.2012,9X-I2W,TD,NONdev,3.4,145.4,15,1010,270,3,270,3,NaN,NaN,NaN,NaN,NaN,NaN,NaN,NaN,NaN,NaN,DB,NW,c,c,NaN,NaN,NaN,NaN,NaN,NaN,
2012123118,i2w.2012,9X-I2W,TD,NONdev,3.4,144.1,15,1010,270,3,270,8,NaN,NaN,NaN,NaN,NaN,NaN,NaN,NaN,NaN,NaN,DB,NW,c,c,NaN,NaN,NaN,NaN,NaN,NaN,
2013010100,i2w.2012,9X-I2W,TD,NONdev,3.5,143.4,15,1010,276,5,273,10,NaN,NaN,NaN,NaN,NaN,NaN,NaN,NaN,NaN,NaN,DB,NW,c,c,NaN,NaN,NaN,NaN,NaN,NaN,
2013010106,i2w.2012,9X-I2W,TD,NONdev,4.4,142.0,15,1010,270,6,296,12,NaN,NaN,NaN,NaN,NaN,NaN,NaN,NaN,NaN,NaN,DB,NW,c,c,NaN,NaN,NaN,NaN,NaN,NaN,
2013010112,i2w.2012,9X-I2W,TD,NONdev,4.4,139.6,15,1010,270,17,283,19,NaN,NaN,NaN,NaN,NaN,NaN,NaN,NaN,NaN,NaN,DB,NW,c,c,NaN,NaN,NaN,NaN,NaN,NaN,
2013010118,i2w.2012,9X-I2W,TD,NONdev,5.1,137.4,15,1010,277,30,279,23,NaN,NaN,NaN,NaN,NaN,NaN,NaN,NaN,NaN,NaN,DB,NW,b,b,NaN,NaN,NaN,NaN,NaN,NaN,
2013010200,i2w.2012,9X-I2W,TD,NONdev,6.0,134.7,15,1010,284,32,288,26,NaN,NaN,NaN,NaN,NaN,NaN,NaN,NaN,NaN,NaN,DB,NW,c,c,NaN,NaN,NaN,NaN,NaN,NaN,
2013010206,i2w.2012,9X-I2W,TD,NONdev,6.8,132.0,15,1010,293,22,288,28,NaN,NaN,NaN,NaN,NaN,NaN,NaN,NaN,NaN,NaN,DB,NW,c,c,NaN,NaN,NaN,NaN,NaN,NaN,
2013010212,i2w.2012,9X-I2W,TD,NONdev,7.5,129.1,20,1007,295,21,285,29,NaN,NaN,NaN,NaN,NaN,NaN,NaN,NaN,NaN,NaN,DB,NW,C,C,150,1008,NaN,S,15,NaN,
2013010218,i2w.2012,9X-I2W,TD,NONdev,7.9,126.8,20,1005,290,21,282,26,NaN,NaN,NaN,NaN,NaN,NaN,NaN,NaN,NaN,NaN,DB,NW,C,C,150,1008,0.91,S,45,NaN,
2012122118,i3w.2012,9X-I3W,TD,DEV,6.6,145.5,15,1010,283,11,308,6,NaN,NaN,NaN,NaN,NaN,NaN,NaN,NaN,NaN,NaN,DB,NW,c,c,NaN,NaN,NaN,NaN,NaN,NaN,
2012122200,i3w.2012,9X-I3W,TD,DEV,6.3,146.0,15,1010,270,5,308,6,NaN,NaN,NaN,NaN,NaN,NaN,NaN,NaN,NaN,NaN,DB,NW,c,c,NaN,NaN,NaN,NaN,NaN,NaN,
2012122206,i3w.2012,9X-I3W,TD,DEV,7.3,144.6,15,1010,308,6,308,6,NaN,NaN,NaN,NaN,NaN,NaN,NaN,NaN,NaN,NaN,DB,NW,b,b,NaN,NaN,NaN,NaN,NaN,NaN,
2012122212,i3w.2012,9X-I3W,TD,DEV,6.8,143.3,15,1010,282,12,281,14,NaN,NaN,NaN,NaN,NaN,NaN,NaN,NaN,NaN,NaN,DB,NW,c,c,NaN,NaN,NaN,NaN,NaN,NaN,
2012122218,i3w.2012,9X-I3W,TD,DEV,7.6,142.9,15,1010,281,5,280,9,NaN,NaN,NaN,NaN,NaN,NaN,NaN,NaN,NaN,NaN,DB,NW,c,c,NaN,NaN,NaN,NaN,NaN,NaN,
2012122300,i3w.2012,9X-I3W,TD,DEV,7.9,140.9,15,1010,281,5,284,12,NaN,NaN,NaN,NaN,NaN,NaN,NaN,NaN,NaN,NaN,DB,NW,c,c,NaN,NaN,NaN,NaN,NaN,NaN,
2012122306,i3w.2012,9X-I3W,TD,DEV,8.2,138.9,15,1010,277,16,288,15,NaN,NaN,NaN,NaN,NaN,NaN,NaN,NaN,NaN,NaN,DB,NW,c,c,NaN,NaN,NaN,NaN,NaN,NaN,
2012122312,i3w.2012,9X-I3W,TD,DEV,8.3,137.2,15,1010,275,17,277,19,NaN,NaN,NaN,NaN,NaN,NaN,NaN,NaN,NaN,NaN,DB,NW,c,c,NaN,NaN,NaN,NaN,NaN,NaN,
2012122318,i3w.2012,9X-I3W,TD,DEV,8.3,135.8,15,1010,272,15,272,15,NaN,NaN,NaN,NaN,NaN,NaN,NaN,NaN,NaN,NaN,DB,NW,c,c,NaN,NaN,NaN,NaN,NaN,NaN,
2012122400,i3w.2012,9X-I3W,TD,DEV,8.4,133.5,15,1010,262,19,272,18,NaN,NaN,NaN,NaN,NaN,NaN,NaN,NaN,NaN,NaN,DB,NW,c,c,NaN,NaN,NaN,NaN,NaN,NaN,
2012122406,i3w.2012,9X-I3W,TD,DEV,9.7,131.3,15,1010,299,23,287,23,NaN,NaN,NaN,NaN,NaN,NaN,NaN,NaN,NaN,NaN,DB,NW,c,c,NaN,NaN,NaN,NaN,NaN,NaN,
2012122412,i3w.2012,9X-I3W,TD,DEV,9.8,130.6,20,1005,295,17,296,16,NaN,NaN,NaN,NaN,NaN,NaN,NaN,NaN,NaN,NaN,DB,NW,C,C,150,1006,NaN,S,40,NaN,
2012051812,a3l.2012,9X-A3L,TS,NN,33.4,283.6,25,1011,228,2,239,3,NaN,NaN,NaN,NaN,NaN,NaN,NaN,NaN,NaN,NaN,LO,NW,b,b,NaN,NaN,NaN,NaN,NaN,NaN,
2012051818,a3l.2012,9X-A3L,TS,NN,33.3,283.4,25,1011,228,2,239,3,NaN,NaN,NaN,NaN,NaN,NaN,NaN,NaN,NaN,NaN,LO,NW,b,b,NaN,NaN,NaN,NaN,NaN,NaN,
2012051900,a3l.2012,9X-A3L,TS,NN,33.1,283.0,25,1010,203,3,239,3,NaN,NaN,NaN,NaN,NaN,NaN,NaN,NaN,NaN,NaN,LO,NW,B,B,NaN,NaN,NaN,NaN,NaN,NaN,
2012051906,a3l.2012,9X-A3L,TS,NN,32.8,282.9,30,1008,203,3,220,3,NaN,NaN,NaN,NaN,NaN,NaN,NaN,NaN,NaN,NaN,TD,NW,B,B,NaN,NaN,NaN,NaN,NaN,NaN,
2012051912,a3l.2012,9X-A3L,TS,NN,32.5,282.7,40,1005,203,3,203,3,30,30,,30,30,NaN,NaN,NaN,NaN,NaN,TS,NW,B,B,50,1012,NaN,S,40,NaN,
2012051918,01l.2012,ALBERTO,TS,NN,32.3,282.4,45,997,220,3,220,3,37,40,,30,40,NaN,NaN,NaN,NaN,NaN,TS,WN,B,B,60,1012,NaN,M,30,MJB,
2012052000,01l.2012,ALBERTO,TS,NN,32.1,281.9,50,995,239,4,239,4,37,40,,30,40,20,,,30,20,TS,WN,B,B,60,1014,NaN,M,15,ESB,
2012052006,01l.2012,ALBERTO,TS,NN,31.9,281.3,45,998,247,5,247,5,50,40,,,60,NaN,NaN,NaN,NaN,NaN,TS,WN,B,B,60,1014,NaN,M,20,JPC,
2012052012,01l.2012,ALBERTO,TS,NN,31.5,280.5,40,1000,243,7,243,7,50,40,,,60,NaN,NaN,NaN,NaN,NaN,TS,WN,B,B,60,1013,NaN,M,20,RJB,
2012052018,01l.2012,ALBERTO,TS,NN,31.1,280.1,40,1005,232,6,232,6,38,40,20,30,60,NaN,NaN,NaN,NaN,NaN,TS,WN,B,B,60,1013,NaN,M,10,RJB,
2012052100,01l.2012,ALBERTO,TS,NN,30.7,279.9,35,1007,213,5,213,5,38,40,20,30,60,NaN,NaN,NaN,NaN,NaN,TS,WN,B,B,60,1013,NaN,M,10,ESB,
2012052106,01l.2012,ALBERTO,TS,NN,30.4,280.2,35,1007,173,4,173,4,35,40,20,30,50,NaN,NaN,NaN,NaN,NaN,TS,WN,B,B,60,1013,NaN,M,10,JPC,
2012052112,01l.2012,ALBERTO,TS,NN,30.4,280.9,35,1007,109,5,109,5,35,40,20,30,50,NaN,NaN,NaN,NaN,NaN,TS,WN,B,B,60,1013,NaN,M,10,RJP,
2012052118,01l.2012,ALBERTO,TS,NN,30.5,281.7,35,1006,86,6,86,6,32,40,30,30,30,NaN,NaN,NaN,NaN,NaN,TS,WN,B,B,100,1014,NaN,M,20,RJP,
2012052200,01l.2012,ALBERTO,TS,NN,30.7,282.9,35,1007,80,9,80,9,35,40,30,,,NaN,NaN,NaN,NaN,NaN,TS,WN,B,B,100,1014,NaN,S,40,SRS,
2012052206,01l.2012,ALBERTO,TS,NN,31.5,283.9,35,1007,62,11,62,11,35,40,30,,,NaN,NaN,NaN,NaN,NaN,TS,WN,B,B,100,1014,NaN,S,40,DPR,
2012052212,01l.2012,ALBERTO,TS,NN,32.5,285.3,30,1008,49,14,49,14,NaN,NaN,NaN,NaN,NaN,NaN,NaN,NaN,NaN,NaN,LO,WN,B,B,100,1012,NaN,S,40,RJP,
2012052218,01l.2012,ALBERTO,TS,NN,33.4,286.6,30,1008,50,15,50,15,NaN,NaN,NaN,NaN,NaN,NaN,NaN,NaN,NaN,NaN,LO,NW,B,B,NaN,NaN,NaN,NaN,NaN,NaN,
2012052300,01l.2012,ALBERTO,TS,NN,34.1,288.1,25,1010,56,14,56,14,NaN,NaN,NaN,NaN,NaN,NaN,NaN,NaN,NaN,NaN,LO,NW,B,B,NaN,NaN,NaN,NaN,NaN,NaN,
2012052306,01l.2012,ALBERTO,TS,NN,34.9,289.9,25,1011,61,16,61,16,NaN,NaN,NaN,NaN,NaN,NaN,NaN,NaN,NaN,NaN,LO,NW,B,B,NaN,NaN,NaN,NaN,NaN,NaN,
2012052312,01l.2012,ALBERTO,TS,NN,35.5,292.1,25,1012,67,18,67,18,NaN,NaN,NaN,NaN,NaN,NaN,NaN,NaN,NaN,NaN,LO,NW,B,B,NaN,NaN,NaN,NaN,NaN,NaN,
2012052318,01l.2012,ALBERTO,TS,NN,35.9,294.0,25,1012,73,17,73,17,NaN,NaN,NaN,NaN,NaN,NaN,NaN,NaN,NaN,NaN,LO,NW,B,B,NaN,NaN,NaN,NaN,NaN,NaN,
2012052200,a4l.2012,9X-A4L,TS,NN,18.0,274.0,20,1010,85,5,85,5,NaN,NaN,NaN,NaN,NaN,NaN,NaN,NaN,NaN,NaN,DB,NW,b,b,275,1012,NaN,NaN,120,NaN,
2012052206,a4l.2012,9X-A4L,TS,NN,18.0,274.6,20,1010,85,5,85,5,NaN,NaN,NaN,NaN,NaN,NaN,NaN,NaN,NaN,NaN,DB,NW,b,b,NaN,NaN,NaN,NaN,NaN,NaN,
2012052212,a4l.2012,9X-A4L,TS,NN,18.1,275.1,20,1009,85,5,85,5,NaN,NaN,NaN,NaN,NaN,NaN,NaN,NaN,NaN,NaN,DB,NW,b,b,NaN,NaN,NaN,NaN,NaN,NaN,
2012052218,a4l.2012,9X-A4L,TS,NN,18.5,275.5,25,1009,60,5,60,5,NaN,NaN,NaN,NaN,NaN,NaN,NaN,NaN,NaN,NaN,DB,NW,b,b,NaN,NaN,NaN,NaN,NaN,NaN,
2012052300,a4l.2012,9X-A4L,TS,NN,18.5,275.7,25,1008,30,4,55,3,NaN,NaN,NaN,NaN,NaN,NaN,NaN,NaN,NaN,NaN,LO,NW,C,C,275,1011,NaN,M,130,NaN,
2012052306,a4l.2012,9X-A4L,TS,NN,19.4,275.5,25,1008,25,4,360,4,NaN,NaN,NaN,NaN,NaN,NaN,NaN,NaN,NaN,NaN,LO,NW,C,C,200,1010,NaN,S,130,NaN,
2012052312,a4l.2012,9X-A4L,TS,NN,20.0,276.3,25,1008,40,5,21,8,NaN,NaN,NaN,NaN,NaN,NaN,NaN,NaN,NaN,NaN,LO,NW,C,C,175,1010,NaN,S,130,NaN,
2012052318,a4l.2012,9X-A4L,TS,NN,20.6,277.0,25,1008,45,7,50,9,NaN,NaN,NaN,NaN,NaN,NaN,NaN,NaN,NaN,NaN,LO,NW,C,C,180,1010,NaN,S,130,NaN,
2012052400,a4l.2012,9X-A4L,TS,NN,21.0,277.4,30,1007,45,5,46,7,NaN,NaN,NaN,NaN,NaN,NaN,NaN,NaN,NaN,NaN,LO,NW,C,C,180,1010,0.03,S,130,NaN,
2012052406,a4l.2012,9X-A4L,TS,NN,22.3,278.7,25,1009,45,10,43,12,NaN,NaN,NaN,NaN,NaN,NaN,NaN,NaN,NaN,NaN,LO,NW,C,C,180,1010,0.73,S,130,NaN,
2012052412,a4l.2012,9X-A4L,TS,NN,23.8,278.9,25,1009,30,10,26,16,NaN,NaN,NaN,NaN,NaN,NaN,NaN,NaN,NaN,NaN,LO,NW,C,C,150,1010,NaN,S,120,NaN,
2012052418,a4l.2012,9X-A4L,TS,NN,25.3,279.6,35,1008,20,12,15,16,75,75,75,,,NaN,NaN,NaN,NaN,NaN,LO,NW,C,C,120,1011,0.58,S,75,NaN,
2012052500,a4l.2012,9X-A4L,TS,NN,26.5,281.4,35,1007,35,16,40,18,75,75,75,,,NaN,NaN,NaN,NaN,NaN,LO,NW,C,C,120,1011,0.08,S,75,NaN,
2012052506,a4l.2012,9X-A4L,TS,NN,28.1,281.9,30,1009,30,17,36,17,NaN,NaN,NaN,NaN,NaN,NaN,NaN,NaN,NaN,NaN,LO,NW,C,C,100,1012,NaN,S,60,NaN,
2012052512,a4l.2012,9X-A4L,TS,NN,30.1,283.9,30,1010,23,12,31,21,NaN,NaN,NaN,NaN,NaN,NaN,NaN,NaN,NaN,NaN,LO,NW,B,B,175,1015,NaN,S,60,NaN,
2012052518,a4l.2012,9X-A4L,TS,NN,31.1,284.9,35,1006,23,12,41,20,100,80,120,,,NaN,NaN,NaN,NaN,NaN,LO,NW,B,B,175,1016,NaN,S,40,NaN,
2012052600,02l.2012,BERYL,TS,NN,32.3,285.0,40,1001,23,12,23,12,100,100,100,,100,NaN,NaN,NaN,NaN,NaN,SS,WN,B,B,200,1016,NaN,M,40,NaN,
2012052606,02l.2012,BERYL,TS,NN,32.4,284.7,40,1001,353,7,353,7,75,100,60,40,100,NaN,NaN,NaN,NaN,NaN,SS,WN,B,B,200,1016,NaN,M,40,MJB,
2012052612,02l.2012,BERYL,TS,NN,32.0,284.1,40,1000,249,4,249,4,75,100,60,40,100,NaN,NaN,NaN,NaN,NaN,SS,WN,B,B,200,1017,NaN,M,40,JPC,
2012052618,02l.2012,BERYL,TS,NN,31.5,283.8,40,999,220,6,220,6,80,100,60,60,100,NaN,NaN,NaN,NaN,NaN,SS,WN,B,B,180,1016,NaN,M,40,JPC,
2012052700,02l.2012,BERYL,TS,NN,31.1,283.0,45,998,226,6,226,6,65,80,50,50,80,NaN,NaN,NaN,NaN,NaN,SS,WN,B,B,210,1015,NaN,M,45,JLB,
2012052706,02l.2012,BERYL,TS,NN,30.7,282.0,45,998,243,9,243,9,65,80,50,50,80,NaN,NaN,NaN,NaN,NaN,SS,WN,B,B,165,1014,NaN,M,45,MJB,
2012052712,02l.2012,BERYL,TS,NN,30.3,281.1,50,998,244,9,244,9,75,80,80,60,80,50,50,,60,,SS,WN,B,B,175,1014,NaN,M,45,DPB,
2012052718,02l.2012,BERYL,TS,NN,30.1,280.2,55,997,249,8,249,8,85,100,100,60,80,50,50,,60,,TS,WN,B,B,165,1013,NaN,M,40,JPC,
2012052800,02l.2012,BERYL,TS,NN,30.1,279.3,60,993,263,8,263,8,80,100,100,40,80,33,40,,40,30,TS,WN,B,B,165,1012,NaN,M,40,LAA,
2012052806,02l.2012,BERYL,TS,NN,30.2,278.3,50,996,273,8,273,8,77,120,70,,40,40,40,,,,TS,WN,B,B,140,1012,0.64,M,40,MJB,
2012052812,02l.2012,BERYL,TS,NN,30.4,277.5,30,1000,281,8,281,8,NaN,NaN,NaN,NaN,NaN,NaN,NaN,NaN,NaN,NaN,TD,WN,B,B,150,1012,0.89,M,40,LAA,
2012052818,02l.2012,BERYL,TS,NN,30.5,277.0,30,1003,285,6,285,6,NaN,NaN,NaN,NaN,NaN,NaN,NaN,NaN,NaN,NaN,TD,WN,B,B,150,1012,0.93,M,40,LAA,
2012052900,02l.2012,BERYL,TS,NN,30.6,276.8,25,1005,288,3,288,3,NaN,NaN,NaN,NaN,NaN,NaN,NaN,NaN,NaN,NaN,TD,WN,B,B,100,1010,0.93,M,80,HSM,
2012052906,02l.2012,BERYL,TS,NN,30.8,276.6,25,1005,311,2,311,2,NaN,NaN,NaN,NaN,NaN,NaN,NaN,NaN,NaN,NaN,TD,WN,B,B,165,1011,0.98,M,110,JLF,
2012052912,02l.2012,BERYL,TS,NN,31.3,277.0,25,1006,14,4,14,4,NaN,NaN,NaN,NaN,NaN,NaN,NaN,NaN,NaN,NaN,TD,WN,B,B,180,1012,1.00,M,110,LAA,
2012052918,02l.2012,BERYL,TS,NN,31.7,277.3,25,1006,34,5,34,5,NaN,NaN,NaN,NaN,NaN,NaN,NaN,NaN,NaN,NaN,TD,WN,B,B,165,1011,1.00,M,120,LAA,
2012053000,02l.2012,BERYL,TS,NN,32.0,278.2,25,1004,56,6,56,6,NaN,NaN,NaN,NaN,NaN,NaN,NaN,NaN,NaN,NaN,TD,WN,B,B,140,1009,1.00,M,80,DPB,
2012053006,02l.2012,BERYL,TS,NN,32.6,279.4,35,1002,63,10,63,10,100,,100,,,NaN,NaN,NaN,NaN,NaN,TS,WN,B,B,175,1010,0.58,M,75,JLB,
2012053012,02l.2012,BERYL,TS,NN,33.7,281.1,40,1000,55,15,55,15,100,,100,,,NaN,NaN,NaN,NaN,NaN,TS,WN,B,B,150,1010,0.49,M,75,LAA,
2012053018,02l.2012,BERYL,TS,NN,34.5,282.9,40,997,57,17,57,17,100,,100,,,NaN,NaN,NaN,NaN,NaN,LO,WN,B,B,150,1008,0.31,M,75,JPC,
2012053100,02l.2012,BERYL,TS,NN,35.4,284.9,45,994,61,18,61,18,93,,130,100,50,NaN,NaN,NaN,NaN,NaN,LO,NW,B,B,150,1007,NaN,NaN,75,NaN,
2012053106,02l.2012,BERYL,TS,NN,36.3,287.1,40,996,62,19,62,19,93,,130,100,50,NaN,NaN,NaN,NaN,NaN,LO,NW,B,B,175,1007,NaN,NaN,100,NaN,
2012053112,02l.2012,BERYL,TS,NN,37.1,289.6,35,998,66,21,66,21,115,,130,100,,NaN,NaN,NaN,NaN,NaN,LO,NW,B,B,150,1006,NaN,NaN,NaN,NaN,
2012053118,02l.2012,BERYL,TS,NN,37.8,292.4,35,1000,70,22,70,22,115,,130,100,,NaN,NaN,NaN,NaN,NaN,LO,NW,B,B,150,1006,NaN,NaN,100,NaN,
2012060100,02l.2012,BERYL,TS,NN,38.7,295.0,35,1001,69,23,69,23,115,,130,100,,NaN,NaN,NaN,NaN,NaN,EX,NW,B,B,180,1009,NaN,NaN,100,NaN,
2012060106,02l.2012,BERYL,TS,NN,39.4,297.6,35,1002,69,22,69,22,115,,130,100,,NaN,NaN,NaN,NaN,NaN,EX,NW,B,B,200,1010,NaN,NaN,100,NaN,
2012060112,02l.2012,BERYL,TS,NN,39.4,300.2,35,1001,80,20,80,20,115,,130,100,,NaN,NaN,NaN,NaN,NaN,EX,NW,B,B,200,1010,NaN,NaN,100,NaN,
2012060118,02l.2012,BERYL,TS,NN,38.5,302.5,35,1000,103,20,103,20,90,,,,90,NaN,NaN,NaN,NaN,NaN,EX,NW,B,B,150,1007,NaN,NaN,100,NaN,
2012060200,02l.2012,BERYL,TS,NN,38.1,306.8,35,1000,104,27,104,27,90,,,,90,NaN,NaN,NaN,NaN,NaN,EX,NW,B,B,125,1003,NaN,NaN,100,NaN,
2012061700,a5l.2012,9X-A5L,TY,NN,28.8,291.2,20,1009,62,17,62,17,NaN,NaN,NaN,NaN,NaN,NaN,NaN,NaN,NaN,NaN,LO,NW,B,B,NaN,NaN,NaN,NaN,NaN,NaN,
2012061706,a5l.2012,9X-A5L,TY,NN,29.3,293.1,25,1008,62,17,62,17,NaN,NaN,NaN,NaN,NaN,NaN,NaN,NaN,NaN,NaN,LO,NW,B,B,NaN,NaN,NaN,NaN,NaN,NaN,
2012061712,a5l.2012,9X-A5L,TY,NN,30.4,294.6,30,1007,62,17,62,17,NaN,NaN,NaN,NaN,NaN,NaN,NaN,NaN,NaN,NaN,LO,NW,B,B,125,1013,NaN,NaN,50,NaN,
2012061718,a5l.2012,9X-A5L,TY,NN,31.8,295.8,35,1004,43,17,43,17,40,,,40,40,NaN,NaN,NaN,NaN,NaN,LO,NW,B,B,125,1013,NaN,NaN,50,NaN,
2012061800,a5l.2012,9X-A5L,TY,NN,33.4,296.5,35,1004,28,17,28,17,40,40,40,40,40,NaN,NaN,NaN,NaN,NaN,LO,NW,B,B,125,1013,NaN,M,50,NaN,
2012061806,a5l.2012,9X-A5L,TY,NN,35.1,297.2,35,1004,19,18,19,18,50,50,50,,,NaN,NaN,NaN,NaN,NaN,LO,NW,B,B,125,1013,NaN,M,40,NaN,
2012061812,a5l.2012,9X-A5L,TY,NN,36.7,298.0,35,1004,20,18,20,18,50,50,50,,,NaN,NaN,NaN,NaN,NaN,LO,NW,B,B,200,1016,NaN,M,30,NaN,
2012061818,a5l.2012,9X-A5L,TY,NN,38.0,298.7,40,1004,23,16,23,16,47,50,50,,40,NaN,NaN,NaN,NaN,NaN,SS,NW,B,B,200,1016,NaN,M,30,NaN,
2012061900,a5l.2012,9X-A5L,TY,NN,38.6,299.6,40,1003,34,11,34,11,53,60,60,,40,NaN,NaN,NaN,NaN,NaN,SS,NW,B,B,200,1016,NaN,M,30,NaN,
2012061906,a5l.2012,9X-A5L,TY,NN,39.1,300.4,40,1003,50,9,50,9,53,60,60,,40,NaN,NaN,NaN,NaN,NaN,SS,NW,B,B,220,1016,NaN,M,30,NaN,
2012061912,a5l.2012,9X-A5L,TY,NN,39.4,301.3,40,1003,59,8,59,8,53,60,60,,40,NaN,NaN,NaN,NaN,NaN,TS,NW,B,B,220,1016,NaN,M,30,NaN,
2012061918,03l.2012,CHRIS,TY,NN,39.5,302.0,40,1003,72,7,72,7,50,60,60,40,40,NaN,NaN,NaN,NaN,NaN,TS,WN,B,B,220,1016,NaN,M,30,DPB,
2012062000,03l.2012,CHRIS,TY,NN,38.9,303.3,40,1003,108,8,108,8,52,60,70,40,40,NaN,NaN,NaN,NaN,NaN,TS,WN,B,B,250,1016,NaN,M,30,RJB,
2012062006,03l.2012,CHRIS,TY,NN,38.3,305.3,40,1002,115,14,115,14,55,60,70,50,40,NaN,NaN,NaN,NaN,NaN,TS,WN,B,B,250,1016,NaN,M,30,RJP,
2012062012,03l.2012,CHRIS,TY,NN,38.1,307.5,45,1001,104,17,104,17,60,60,80,60,40,NaN,NaN,NaN,NaN,NaN,TS,WN,B,B,250,1014,NaN,M,30,DPB,
2012062018,03l.2012,CHRIS,TY,NN,38.2,309.8,50,999,92,18,92,18,60,60,80,60,40,30,30,30,60,,TS,WN,B,B,250,1012,NaN,M,30,DPB,
2012062100,03l.2012,CHRIS,TY,NN,38.6,312.5,60,991,83,20,83,20,60,60,80,60,40,30,30,30,60,,TS,WN,B,B,180,1010,NaN,M,30,RJB,
2012062106,03l.2012,CHRIS,TY,NN,39.5,314.5,70,982,70,19,70,19,60,60,80,60,40,26,30,30,60,20,HU,WN,B,B,180,1010,NaN,M,30,TBK,
2012062112,03l.2012,CHRIS,TY,NN,40.5,316.1,75,974,56,17,56,17,65,70,80,60,50,34,40,40,60,25,HU,WN,B,B,180,1010,NaN,M,20,DPR,
2012062118,03l.2012,CHRIS,TY,NN,41.9,317.1,70,975,39,16,39,16,65,70,80,60,50,30,40,30,60,20,HU,WN,B,B,120,1010,NaN,M,20,DPR,
2012062200,03l.2012,CHRIS,TY,NN,43.3,317.2,60,978,16,15,16,15,62,70,70,50,60,35,50,40,50,20,TS,WN,B,B,150,1010,NaN,M,20,HSM,
2012062206,03l.2012,CHRIS,TY,NN,44.5,316.1,50,982,344,14,344,14,60,70,60,40,70,30,40,30,40,30,TS,WN,B,B,150,1010,NaN,M,50,JPC,
2012062212,03l.2012,CHRIS,TY,NN,44.8,314.2,45,985,305,13,305,13,52,60,40,30,80,NaN,NaN,NaN,NaN,NaN,EX,WN,B,B,150,1010,NaN,M,70,RJB,
2012062218,03l.2012,CHRIS,TY,NN,44.2,312.2,40,988,264,14,264,14,48,50,30,30,80,NaN,NaN,NaN,NaN,NaN,EX,NW,B,B,NaN,NaN,NaN,NaN,NaN,NaN,
2012062300,03l.2012,CHRIS,TY,NN,42.6,311.6,35,989,221,14,221,14,50,40,,30,80,NaN,NaN,NaN,NaN,NaN,EX,NW,B,B,NaN,NaN,NaN,NaN,NaN,NaN,
2012062306,03l.2012,CHRIS,TY,NN,40.9,312.6,35,989,175,17,175,17,60,,,50,70,NaN,NaN,NaN,NaN,NaN,EX,NW,B,B,NaN,NaN,NaN,NaN,NaN,NaN,
2012062312,03l.2012,CHRIS,TY,NN,40.0,315.0,35,990,136,18,136,18,60,,,50,70,NaN,NaN,NaN,NaN,NaN,EX,NW,B,B,NaN,NaN,NaN,NaN,NaN,NaN,
2012062318,03l.2012,CHRIS,TY,NN,40.5,317.5,30,991,96,19,96,19,NaN,NaN,NaN,NaN,NaN,NaN,NaN,NaN,NaN,NaN,EX,NW,B,B,NaN,NaN,NaN,NaN,NaN,NaN,
2012062400,03l.2012,CHRIS,TY,NN,41.4,319.8,30,991,69,19,69,19,NaN,NaN,NaN,NaN,NaN,NaN,NaN,NaN,NaN,NaN,EX,NW,B,B,NaN,NaN,NaN,NaN,NaN,NaN,
2012062406,03l.2012,CHRIS,TY,NN,42.9,321.5,25,993,51,19,51,19,NaN,NaN,NaN,NaN,NaN,NaN,NaN,NaN,NaN,NaN,EX,NW,B,B,NaN,NaN,NaN,NaN,NaN,NaN,
2012062412,03l.2012,CHRIS,TY,NN,43.7,321.8,20,995,33,14,33,14,NaN,NaN,NaN,NaN,NaN,NaN,NaN,NaN,NaN,NaN,EX,NW,B,B,NaN,NaN,NaN,NaN,NaN,NaN,
2012062018,a6l.2012,9X-A6L,TS,NN,20.0,269.8,20,1009,17,5,17,5,NaN,NaN,NaN,NaN,NaN,NaN,NaN,NaN,NaN,NaN,DB,NW,b,b,NaN,NaN,0.99,NaN,NaN,NaN,
2012062100,a6l.2012,9X-A6L,TS,NN,20.5,270.0,20,1009,17,5,17,5,NaN,NaN,NaN,NaN,NaN,NaN,NaN,NaN,NaN,NaN,DB,NW,b,b,NaN,NaN,0.95,NaN,NaN,NaN,
2012062106,a6l.2012,9X-A6L,TS,NN,20.9,270.1,20,1009,17,5,17,5,NaN,NaN,NaN,NaN,NaN,NaN,NaN,NaN,NaN,NaN,DB,NW,b,b,NaN,NaN,0.63,NaN,NaN,NaN,
2012062112,a6l.2012,9X-A6L,TS,NN,21.3,270.5,20,1009,30,5,30,5,NaN,NaN,NaN,NaN,NaN,NaN,NaN,NaN,NaN,NaN,DB,NW,b,b,NaN,NaN,0.30,NaN,NaN,NaN,
2012062118,a6l.2012,9X-A6L,TS,NN,21.7,271.0,20,1008,20,3,46,6,NaN,NaN,NaN,NaN,NaN,NaN,NaN,NaN,NaN,NaN,DB,NW,C,C,240,1009,0.40,S,120,NaN,
2012062200,a6l.2012,9X-A6L,TS,NN,22.0,271.0,20,1007,0,3,34,4,NaN,NaN,NaN,NaN,NaN,NaN,NaN,NaN,NaN,NaN,LO,NW,C,C,240,1009,NaN,M,120,NaN,
2012062206,a6l.2012,9X-A6L,TS,NN,22.5,270.5,20,1007,15,4,330,5,NaN,NaN,NaN,NaN,NaN,NaN,NaN,NaN,NaN,NaN,LO,NW,C,C,240,1009,NaN,M,120,NaN,
2012062212,a6l.2012,9X-A6L,TS,NN,22.5,271.7,25,1005,40,2,52,4,NaN,NaN,NaN,NaN,NaN,NaN,NaN,NaN,NaN,NaN,LO,NW,C,C,250,1007,NaN,M,150,NaN,
2012062218,a6l.2012,9X-A6L,TS,NN,22.6,271.7,25,1005,30,2,85,6,NaN,NaN,NaN,NaN,NaN,NaN,NaN,NaN,NaN,NaN,DB,NW,C,C,225,1008,NaN,M,150,NaN,
2012062300,a6l.2012,9X-A6L,TS,NN,23.3,272.1,30,1004,0,4,25,4,NaN,NaN,NaN,NaN,NaN,NaN,NaN,NaN,NaN,NaN,DB,NW,C,C,225,1007,NaN,M,150,NaN,
2012062306,a6l.2012,9X-A6L,TS,NN,24.0,272.0,30,1004,10,4,11,7,NaN,NaN,NaN,NaN,NaN,NaN,NaN,NaN,NaN,NaN,DB,NW,C,C,250,1008,NaN,M,150,NaN,
2012062312,a6l.2012,9X-A6L,TS,NN,25.5,272.4,35,1002,10,5,7,11,150,150,150,,,NaN,NaN,NaN,NaN,NaN,TS,NW,B,B,280,1008,NaN,M,120,NaN,
2012062318,04l.2012,DEBBY,TS,NN,26.0,272.5,40,1001,10,5,13,10,150,150,150,,,NaN,NaN,NaN,NaN,NaN,TS,WN,B,B,250,1008,NaN,M,120,RJB,
2012062400,04l.2012,DEBBY,TS,NN,26.5,272.6,45,998,10,5,10,5,150,150,150,,,NaN,NaN,NaN,NaN,NaN,TS,WN,B,B,250,1008,NaN,M,120,SRS,
2012062406,04l.2012,DEBBY,TS,NN,27.0,272.8,50,995,15,5,15,5,127,150,150,,80,70,70,,,70,TS,WN,B,B,220,1010,NaN,M,120,LAA,
2012062412,04l.2012,DEBBY,TS,NN,27.6,273.2,55,994,26,6,26,6,135,200,200,60,80,70,70,,60,70,TS,WN,B,B,220,1010,NaN,M,25,LAA,
2012062418,04l.2012,DEBBY,TS,NN,28.0,273.7,55,992,39,6,39,6,138,200,200,60,90,70,,,60,70,TS,WN,B,B,220,1010,NaN,M,25,LAA,
2012062500,04l.2012,DEBBY,TS,NN,28.3,274.0,50,990,45,5,45,5,141,175,200,80,110,70,,,80,70,TS,WN,B,B,220,1010,NaN,M,25,SRS,
2012062506,04l.2012,DEBBY,TS,NN,28.6,274.2,45,993,36,4,36,4,135,150,200,80,110,NaN,NaN,NaN,NaN,NaN,TS,WN,B,B,300,1010,NaN,M,75,RJP,
2012062512,04l.2012,DEBBY,TS,NN,28.8,274.4,40,994,35,3,35,3,112,100,200,60,90,NaN,NaN,NaN,NaN,NaN,TS,WN,B,B,300,1010,NaN,M,75,TBK,
2012062518,04l.2012,DEBBY,TS,NN,29.0,274.7,40,992,48,3,48,3,137,100,220,,90,NaN,NaN,NaN,NaN,NaN,TS,WN,B,B,300,1010,NaN,M,75,TBK,
2012062600,04l.2012,DEBBY,TS,NN,29.0,275.0,45,991,69,3,69,3,130,100,220,,70,NaN,NaN,NaN,NaN,NaN,TS,WN,B,B,300,1010,NaN,M,75,SRS,
2012062606,04l.2012,DEBBY,TS,NN,28.9,275.3,40,991,101,3,101,3,123,100,220,,50,NaN,NaN,NaN,NaN,NaN,TS,WN,B,B,300,1008,NaN,M,75,RJP,
2012062612,04l.2012,DEBBY,TS,NN,28.9,275.7,40,992,99,3,99,3,103,80,180,,50,NaN,NaN,NaN,NaN,NaN,TS,WN,B,B,300,1008,NaN,M,75,NaN,
2012062618,04l.2012,DEBBY,TS,NN,29.2,276.3,35,995,71,5,71,5,77,50,150,,30,NaN,NaN,NaN,NaN,NaN,TS,WN,B,B,300,1008,0.06,M,75,TBK,
2012062700,04l.2012,DEBBY,TS,NN,29.4,277.3,30,997,70,7,70,7,NaN,NaN,NaN,NaN,NaN,NaN,NaN,NaN,NaN,NaN,TD,WN,B,B,300,1006,0.95,M,75,JLB,
2012062706,04l.2012,DEBBY,TS,NN,29.5,278.5,30,998,81,10,81,10,NaN,NaN,NaN,NaN,NaN,NaN,NaN,NaN,NaN,NaN,TD,WN,B,B,300,1006,0.80,M,75,LAA,
2012062712,04l.2012,DEBBY,TS,NN,29.5,279.7,30,1001,87,10,87,10,NaN,NaN,NaN,NaN,NaN,NaN,NaN,NaN,NaN,NaN,TD,WN,B,B,225,1010,NaN,M,75,TBK,
2012062718,04l.2012,DEBBY,TS,NN,29.5,281.1,35,1003,85,11,90,11,90,,90,,,NaN,NaN,NaN,NaN,NaN,TS,WN,C,C,225,1010,NaN,M,75,TBK,
2012062800,04l.2012,DEBBY,TS,NN,30.2,283.4,35,1002,85,11,85,13,100,,90,,,NaN,NaN,NaN,NaN,NaN,TS,WN,C,C,190,1011,NaN,M,75,TBK,
2012062806,04l.2012,DEBBY,TS,NN,30.8,285.6,35,1002,85,11,79,16,110,,90,,,NaN,NaN,NaN,NaN,NaN,TS,WN,C,C,155,1011,NaN,M,75,TBK,
2012062812,04l.2012,DEBBY,TS,NN,31.5,287.9,35,1001,70,21,74,18,120,,120,,,NaN,NaN,NaN,NaN,NaN,LO,WN,C,C,120,1012,NaN,M,75,TBK,
2012062818,04l.2012,DEBBY,TS,NN,32.1,290.0,40,1000,70,20,71,20,90,90,120,,60,NaN,NaN,NaN,NaN,NaN,LO,NW,C,C,175,1013,NaN,M,75,NaN,
2012062900,04l.2012,DEBBY,TS,NN,32.6,291.7,40,997,70,17,71,17,90,90,120,,60,NaN,NaN,NaN,NaN,NaN,LO,NW,C,C,175,1013,NaN,M,35,NaN,
2012062906,04l.2012,DEBBY,TS,NN,33.0,293.2,38,1000,70,17,71,16,75,90,120,,60,NaN,NaN,NaN,NaN,NaN,LO,NW,C,C,162,1013,NaN,M,35,NaN,
2012062912,04l.2012,DEBBY,TS,NN,33.5,294.8,35,1002,70,13,71,14,60,70,60,,50,NaN,NaN,NaN,NaN,NaN,LO,NW,C,C,150,1013,NaN,M,35,NaN,
2012062918,04l.2012,DEBBY,TS,NN,33.8,295.4,35,1003,70,9,69,11,50,,50,,,NaN,NaN,NaN,NaN,NaN,LO,NW,C,C,150,1012,NaN,M,35,NaN,
2012063000,04l.2012,DEBBY,TS,NN,34.3,296.4,35,1003,60,9,59,8,50,,50,,,NaN,NaN,NaN,NaN,NaN,LO,NW,C,C,150,1013,NaN,M,35,NaN,
2012072912,a9l.2012,9X-A9L,TY,NN,8.7,325.9,20,1010,262,26,270,3,NaN,NaN,NaN,NaN,NaN,NaN,NaN,NaN,NaN,NaN,DB,NW,b,b,NaN,NaN,NaN,NaN,NaN,NaN,
2012072918,a9l.2012,9X-A9L,TY,NN,8.7,325.6,20,1010,262,26,270,3,NaN,NaN,NaN,NaN,NaN,NaN,NaN,NaN,NaN,NaN,DB,NW,b,b,NaN,NaN,NaN,NaN,NaN,NaN,
2012073000,a9l.2012,9X-A9L,TY,NN,8.7,325.3,20,1010,270,3,270,3,NaN,NaN,NaN,NaN,NaN,NaN,NaN,NaN,NaN,NaN,DB,NW,b,b,NaN,NaN,NaN,NaN,NaN,NaN,
2012073006,a9l.2012,9X-A9L,TY,NN,9.7,325.7,20,1010,275,13,6,5,NaN,NaN,NaN,NaN,NaN,NaN,NaN,NaN,NaN,NaN,LO,NW,C,C,200,1012,NaN,S,80,NaN,
2012073012,a9l.2012,9X-A9L,TY,NN,8.7,324.5,20,1010,270,4,270,4,NaN,NaN,NaN,NaN,NaN,NaN,NaN,NaN,NaN,NaN,LO,NW,C,C,180,1011,NaN,S,80,NaN,
2012073018,a9l.2012,9X-A9L,TY,NN,8.7,324.2,20,1010,270,4,236,9,NaN,NaN,NaN,NaN,NaN,NaN,NaN,NaN,NaN,NaN,DB,NW,C,C,160,1011,NaN,S,80,NaN,
2012073100,a9l.2012,9X-A9L,TY,NN,8.9,323.4,20,1010,280,8,280,6,NaN,NaN,NaN,NaN,NaN,NaN,NaN,NaN,NaN,NaN,DB,NW,C,C,150,1011,NaN,S,80,NaN,
2012073106,a9l.2012,9X-A9L,TY,NN,9.1,321.9,20,1010,280,12,280,12,NaN,NaN,NaN,NaN,NaN,NaN,NaN,NaN,NaN,NaN,DB,NW,b,b,NaN,NaN,NaN,NaN,NaN,NaN,
2012073112,a9l.2012,9X-A9L,TY,NN,9.3,320.4,20,1010,280,13,278,15,NaN,NaN,NaN,NaN,NaN,NaN,NaN,NaN,NaN,NaN,DB,NW,C,C,150,1011,NaN,S,80,NaN,
2012073118,a9l.2012,9X-A9L,TY,NN,9.6,318.7,25,1010,280,16,279,16,NaN,NaN,NaN,NaN,NaN,NaN,NaN,NaN,NaN,NaN,DB,NW,C,C,150,1011,NaN,S,80,NaN,
2012080100,a9l.2012,9X-A9L,TY,NN,9.7,317.0,25,1009,280,17,277,17,NaN,NaN,NaN,NaN,NaN,NaN,NaN,NaN,NaN,NaN,LO,NW,C,C,150,1012,NaN,M,50,NaN,
2012080106,a9l.2012,9X-A9L,TY,NN,10.6,315.1,28,1008,280,17,284,18,NaN,NaN,NaN,NaN,NaN,NaN,NaN,NaN,NaN,NaN,LO,NW,C,C,150,1012,NaN,M,50,NaN,
2012080112,a9l.2012,9X-A9L,TY,NN,11.6,313.3,30,1008,284,16,291,19,NaN,NaN,NaN,NaN,NaN,NaN,NaN,NaN,NaN,NaN,TD,NW,B,B,150,1012,NaN,M,50,NaN,
2012080118,05l.2012,ERNESTO,TY,NN,12.0,311.8,30,1008,284,16,294,19,NaN,NaN,NaN,NaN,NaN,NaN,NaN,NaN,NaN,NaN,TD,WN,B,B,150,1012,NaN,M,40,RJP,
2012080200,05l.2012,ERNESTO,TY,NN,12.4,310.1,30,1008,284,16,284,16,NaN,NaN,NaN,NaN,NaN,NaN,NaN,NaN,NaN,NaN,TD,WN,B,B,150,1012,NaN,M,30,SRS,
2012080206,05l.2012,ERNESTO,TY,NN,12.7,308.3,30,1008,282,17,282,17,NaN,NaN,NaN,NaN,NaN,NaN,NaN,NaN,NaN,NaN,TD,WN,B,B,150,1012,NaN,M,40,TBK,
2012080212,05l.2012,ERNESTO,TY,NN,13.0,306.4,35,1007,279,18,279,18,75,90,,,60,NaN,NaN,NaN,NaN,NaN,TS,WN,B,B,120,1012,NaN,M,40,RJP,
2012080218,05l.2012,ERNESTO,TY,NN,13.2,304.5,45,1006,278,19,278,19,60,90,30,,60,NaN,NaN,NaN,NaN,NaN,TS,WN,B,B,120,1012,NaN,M,75,RJP,
2012080300,05l.2012,ERNESTO,TY,NN,13.4,302.5,45,1005,276,19,276,19,70,90,60,,60,NaN,NaN,NaN,NaN,NaN,TS,WN,B,B,120,1012,NaN,M,60,SRS,
2012080306,05l.2012,ERNESTO,TY,NN,13.6,300.3,40,1005,276,21,276,21,77,90,80,,60,NaN,NaN,NaN,NaN,NaN,TS,WN,B,B,110,1010,0.04,M,60,MJB,
2012080312,05l.2012,ERNESTO,TY,NN,13.7,298.4,40,1003,274,20,274,20,83,90,100,,60,NaN,NaN,NaN,NaN,NaN,TS,WN,B,B,110,1010,0.04,M,60,LAA,
2012080318,05l.2012,ERNESTO,TY,NN,13.8,296.7,40,1003,273,18,273,18,87,100,100,,60,NaN,NaN,NaN,NaN,NaN,TS,WN,B,B,120,1010,NaN,M,15,ESB,
2012080400,05l.2012,ERNESTO,TY,NN,13.8,295.2,40,1004,272,16,272,16,77,100,80,,50,NaN,NaN,NaN,NaN,NaN,TS,WN,B,B,140,1009,NaN,M,20,JLB,
2012080406,05l.2012,ERNESTO,TY,NN,13.9,293.6,45,1005,272,15,272,15,77,100,80,,50,NaN,NaN,NaN,NaN,NaN,TS,WN,B,B,140,1010,NaN,M,20,MJB,
2012080412,05l.2012,ERNESTO,TY,NN,14.2,292.1,45,1005,278,15,278,15,77,100,80,,50,NaN,NaN,NaN,NaN,NaN,TS,WN,B,B,140,1010,NaN,M,20,LAA,
2012080418,05l.2012,ERNESTO,TY,NN,14.6,290.5,45,1005,283,15,283,15,77,110,80,,40,NaN,NaN,NaN,NaN,NaN,TS,WN,B,B,140,1010,NaN,M,20,LAA,
2012080500,05l.2012,ERNESTO,TY,NN,15.0,288.5,45,1006,283,18,283,18,77,110,80,,40,NaN,NaN,NaN,NaN,NaN,TS,WN,B,B,150,1009,NaN,M,25,JLB,
2012080506,05l.2012,ERNESTO,TY,NN,15.0,286.2,45,1006,275,21,275,21,73,110,80,,30,NaN,NaN,NaN,NaN,NaN,TS,WN,B,B,150,1010,NaN,M,35,MJB,
2012080512,05l.2012,ERNESTO,TY,NN,15.0,283.9,45,1006,270,22,270,22,73,110,80,,30,NaN,NaN,NaN,NaN,NaN,TS,WN,B,B,150,1010,NaN,M,60,RJP,
2012080518,05l.2012,ERNESTO,TY,NN,15.1,282.2,45,1005,271,19,271,19,73,110,80,,30,NaN,NaN,NaN,NaN,NaN,TS,WN,B,B,180,1010,NaN,M,40,RJP,
2012080600,05l.2012,ERNESTO,TY,NN,15.2,281.1,45,1003,274,14,274,14,73,110,80,,30,NaN,NaN,NaN,NaN,NaN,TS,WN,B,B,180,1010,NaN,M,20,SRS,
2012080606,05l.2012,ERNESTO,TY,NN,15.4,280.4,50,998,280,9,280,9,67,110,60,,30,30,30,,,,TS,WN,B,B,180,1010,NaN,M,20,MJB,
2012080612,05l.2012,ERNESTO,TY,NN,15.7,279.8,55,996,292,7,292,7,67,110,60,,30,30,30,,,,TS,WN,B,B,120,1009,NaN,M,20,RJP,
2012080618,05l.2012,ERNESTO,TY,NN,16.2,278.8,55,995,297,9,297,9,67,110,60,,30,30,30,,,,TS,WN,B,B,150,1011,NaN,M,20,RJP,
2012080700,05l.2012,ERNESTO,TY,NN,16.7,277.8,55,994,298,11,298,11,67,110,60,,30,30,30,,,,TS,WN,B,B,175,1011,NaN,M,20,SRS,
2012080706,05l.2012,ERNESTO,TY,NN,17.3,276.7,55,993,299,11,299,11,65,110,80,30,40,40,40,,30,,TS,WN,B,B,160,1010,NaN,M,15,DPB,
2012080712,05l.2012,ERNESTO,TY,NN,17.8,275.6,65,988,298,12,298,12,78,120,100,30,60,40,40,,30,,HU,WN,B,B,160,1010,NaN,M,15,RJP,
2012080718,05l.2012,ERNESTO,TY,NN,18.4,274.3,75,983,296,13,296,13,88,120,120,40,70,37,60,30,40,20,HU,WN,B,B,160,1010,NaN,D,15,RJP,
2012080800,05l.2012,ERNESTO,TY,NN,18.7,272.9,80,979,289,14,289,14,98,140,140,40,70,38,60,40,40,30,HU,WN,B,B,160,1010,NaN,D,10,SRS,
2012080806,05l.2012,ERNESTO,TY,NN,18.8,271.7,80,973,279,12,279,12,98,140,140,40,70,38,60,40,40,30,HU,WN,B,B,180,1010,0.91,D,10,DPB,
2012080812,05l.2012,ERNESTO,TY,NN,18.8,270.4,60,983,272,12,272,12,98,140,140,40,70,40,60,30,40,30,TS,WN,B,B,180,1010,1.00,D,10,RJP,
2012080818,05l.2012,ERNESTO,TY,NN,18.8,269.2,50,993,270,12,270,12,85,120,100,50,70,30,30,,50,,TS,WN,B,B,180,1010,0.60,D,20,RJP,
2012080900,05l.2012,ERNESTO,TY,NN,18.8,268.3,55,993,270,10,270,10,75,120,60,50,70,30,30,,50,,TS,WN,B,B,180,1010,0.20,D,20,SRS,
2012080906,05l.2012,ERNESTO,TY,NN,18.7,267.2,60,992,267,9,267,9,78,120,60,50,80,30,30,,50,30,TS,WN,B,B,200,1010,0.44,D,25,DPB,
2012080912,05l.2012,ERNESTO,TY,NN,18.4,266.2,55,989,259,10,259,10,72,120,60,30,80,30,30,,30,30,TS,WN,B,B,200,1010,0.24,D,25,LAA,
2012080918,05l.2012,ERNESTO,TY,NN,18.2,265.1,50,993,256,10,256,10,70,120,30,,60,30,30,,,30,TS,WN,B,B,200,1010,0.90,D,25,LAA,
2012081000,05l.2012,ERNESTO,TY,NN,18.0,264.0,40,997,259,11,259,11,65,100,,,30,NaN,NaN,NaN,NaN,NaN,TS,WN,B,B,150,1008,0.89,D,25,MJB,
2012081006,05l.2012,ERNESTO,TY,NN,17.9,262.8,30,1002,262,11,262,11,NaN,NaN,NaN,NaN,NaN,NaN,NaN,NaN,NaN,NaN,TD,WN,B,B,150,1007,0.97,D,35,JLB,
2012081012,05l.2012,ERNESTO,TY,NN,18.0,261.5,20,1005,265,12,270,12,NaN,NaN,NaN,NaN,NaN,NaN,NaN,NaN,NaN,NaN,PT,WN,C,C,150,1007,0.99,D,35,LAA,
2012080212,a0l.2012,9X-A0L,TS,NN,11.5,342.2,25,1009,277,19,277,19,NaN,NaN,NaN,NaN,NaN,NaN,NaN,NaN,NaN,NaN,DB,NW,b,b,NaN,NaN,NaN,NaN,NaN,NaN,
2012080218,a0l.2012,9X-A0L,TS,NN,11.7,340.0,25,1009,277,19,277,19,NaN,NaN,NaN,NaN,NaN,NaN,NaN,NaN,NaN,NaN,DB,NW,b,b,NaN,NaN,NaN,NaN,NaN,NaN,
2012080300,a0l.2012,9X-A0L,TS,NN,12.0,338.3,30,1009,277,19,277,19,NaN,NaN,NaN,NaN,NaN,NaN,NaN,NaN,NaN,NaN,DB,NW,b,b,NaN,NaN,NaN,NaN,NaN,NaN,
2012080306,a0l.2012,9X-A0L,TS,NN,12.2,336.9,25,1011,286,14,279,15,NaN,NaN,NaN,NaN,NaN,NaN,NaN,NaN,NaN,NaN,LO,NW,B,B,NaN,NaN,NaN,NaN,NaN,NaN,
2012080312,a0l.2012,9X-A0L,TS,NN,12.5,335.5,30,1010,286,14,280,14,NaN,NaN,NaN,NaN,NaN,NaN,NaN,NaN,NaN,NaN,LO,NW,B,B,150,1012,NaN,S,60,NaN,
2012080318,a0l.2012,9X-A0L,TS,NN,13.0,334.1,30,1009,286,14,286,14,NaN,NaN,NaN,NaN,NaN,NaN,NaN,NaN,NaN,NaN,TD,NW,B,B,150,1012,NaN,M,60,NaN,
2012080400,06l.2012,FLORENCE,TS,NN,13.5,332.7,30,1009,290,15,290,15,NaN,NaN,NaN,NaN,NaN,NaN,NaN,NaN,NaN,NaN,TD,WN,B,B,200,1014,NaN,M,60,CWL,
2012080406,06l.2012,FLORENCE,TS,NN,14.1,331.4,35,1007,293,14,293,14,35,40,,,30,NaN,NaN,NaN,NaN,NaN,TS,WN,B,B,150,1013,NaN,M,50,JPC,
2012080412,06l.2012,FLORENCE,TS,NN,14.7,330.1,40,1005,295,14,295,14,40,50,30,,40,NaN,NaN,NaN,NaN,NaN,TS,WN,B,B,120,1013,NaN,M,30,ESB,
2012080418,06l.2012,FLORENCE,TS,NN,15.3,328.8,45,1003,296,14,296,14,50,60,40,,50,NaN,NaN,NaN,NaN,NaN,TS,WN,B,B,120,1012,NaN,M,30,ESB,
2012080500,06l.2012,FLORENCE,TS,NN,15.8,327.5,50,1002,294,14,294,14,50,70,50,20,60,27,30,20,20,30,TS,WN,B,B,150,1012,NaN,M,30,TBK,
2012080506,06l.2012,FLORENCE,TS,NN,16.1,326.2,50,1002,288,13,288,13,50,70,50,20,60,27,30,20,20,30,TS,WN,B,B,150,1012,NaN,M,30,JPC,
2012080512,06l.2012,FLORENCE,TS,NN,16.2,325.0,45,1004,279,12,279,12,42,60,40,20,50,NaN,NaN,NaN,NaN,NaN,TS,WN,B,B,135,1013,NaN,M,30,ESB,
2012080518,06l.2012,FLORENCE,TS,NN,16.2,323.8,45,1005,272,12,272,12,35,50,30,20,40,NaN,NaN,NaN,NaN,NaN,TS,WN,B,B,135,1013,NaN,M,30,ESB,
2012080600,06l.2012,FLORENCE,TS,NN,16.2,322.7,35,1008,270,11,270,11,40,40,,,40,NaN,NaN,NaN,NaN,NaN,TS,WN,B,B,150,1013,NaN,M,30,TBK,
2012080606,06l.2012,FLORENCE,TS,NN,16.3,321.6,30,1009,273,11,273,11,NaN,NaN,NaN,NaN,NaN,NaN,NaN,NaN,NaN,NaN,TD,WN,B,B,150,1013,NaN,M,30,JPC,
2012080612,06l.2012,FLORENCE,TS,NN,16.4,320.4,30,1009,275,11,275,11,NaN,NaN,NaN,NaN,NaN,NaN,NaN,NaN,NaN,NaN,LO,WN,B,B,150,1013,NaN,M,40,DPR,
2012080618,06l.2012,FLORENCE,TS,NN,16.5,319.1,30,1009,275,12,275,12,NaN,NaN,NaN,NaN,NaN,NaN,NaN,NaN,NaN,NaN,LO,NW,B,B,NaN,NaN,NaN,NaN,40,NaN,
2012080700,06l.2012,FLORENCE,TS,NN,16.7,317.5,25,1010,276,14,276,14,NaN,NaN,NaN,NaN,NaN,NaN,NaN,NaN,NaN,NaN,LO,NW,B,B,NaN,NaN,NaN,NaN,NaN,NaN,
2012080706,06l.2012,FLORENCE,TS,NN,16.9,315.7,25,1010,277,16,277,16,NaN,NaN,NaN,NaN,NaN,NaN,NaN,NaN,NaN,NaN,LO,NW,B,B,NaN,NaN,NaN,NaN,NaN,NaN,
2012080712,06l.2012,FLORENCE,TS,NN,17.2,313.7,25,1010,278,18,278,18,NaN,NaN,NaN,NaN,NaN,NaN,NaN,NaN,NaN,NaN,LO,NW,B,B,150,1013,NaN,M,40,NaN,
2012080718,06l.2012,FLORENCE,TS,NN,17.6,311.5,25,1011,280,20,280,20,NaN,NaN,NaN,NaN,NaN,NaN,NaN,NaN,NaN,NaN,LO,NW,B,B,150,1013,NaN,M,40,NaN,
2012080800,06l.2012,FLORENCE,TS,NN,18.0,309.3,25,1011,281,21,281,21,NaN,NaN,NaN,NaN,NaN,NaN,NaN,NaN,NaN,NaN,LO,NW,B,B,NaN,NaN,NaN,NaN,NaN,NaN,
2012080806,06l.2012,FLORENCE,TS,NN,18.4,307.1,25,1011,281,21,281,21,NaN,NaN,NaN,NaN,NaN,NaN,NaN,NaN,NaN,NaN,LO,NW,B,B,150,1013,NaN,M,40,NaN,
2012080812,06l.2012,FLORENCE,TS,NN,18.8,305.4,25,1010,285,14,282,19,NaN,NaN,NaN,NaN,NaN,NaN,NaN,NaN,NaN,NaN,LO,NW,C,C,150,1013,NaN,M,40,NaN,
2012080600,b2l.2012,9X-B2L,TS,NN,11.6,337.5,20,1010,270,10,270,10,NaN,NaN,NaN,NaN,NaN,NaN,NaN,NaN,NaN,NaN,LO,NW,b,b,NaN,NaN,NaN,NaN,NaN,NaN,
2012080606,b2l.2012,9X-B2L,TS,NN,11.6,336.5,20,1010,270,10,270,10,NaN,NaN,NaN,NaN,NaN,NaN,NaN,NaN,NaN,NaN,LO,NW,b,b,NaN,NaN,NaN,NaN,NaN,NaN,
2012080612,b2l.2012,9X-B2L,TS,NN,11.6,335.5,20,1010,270,10,270,10,NaN,NaN,NaN,NaN,NaN,NaN,NaN,NaN,NaN,NaN,LO,NW,b,b,150,1012,NaN,NaN,70,NaN,
2012080618,b2l.2012,9X-B2L,TS,NN,11.6,334.5,20,1010,270,10,270,10,NaN,NaN,NaN,NaN,NaN,NaN,NaN,NaN,NaN,NaN,LO,NW,b,b,150,1012,NaN,NaN,70,NaN,
2012080700,b2l.2012,9X-B2L,TS,NN,11.6,333.5,25,1009,270,10,270,10,NaN,NaN,NaN,NaN,NaN,NaN,NaN,NaN,NaN,NaN,DB,NW,C,C,150,1012,NaN,S,60,NaN,
2012080706,b2l.2012,9X-B2L,TS,NN,11.8,332.3,25,1009,275,10,275,11,NaN,NaN,NaN,NaN,NaN,NaN,NaN,NaN,NaN,NaN,DB,NW,C,C,150,1012,NaN,S,60,NaN,
2012080712,b2l.2012,9X-B2L,TS,NN,11.8,330.4,25,1009,275,13,274,15,NaN,NaN,NaN,NaN,NaN,NaN,NaN,NaN,NaN,NaN,DB,NW,C,C,150,1011,NaN,S,60,NaN,
2012080718,b2l.2012,9X-B2L,TS,NN,11.8,328.7,25,1009,270,17,270,18,NaN,NaN,NaN,NaN,NaN,NaN,NaN,NaN,NaN,NaN,DB,NW,C,C,150,1011,NaN,S,60,NaN,
2012080800,b2l.2012,9X-B2L,TS,NN,11.9,327.1,25,1009,270,17,272,16,NaN,NaN,NaN,NaN,NaN,NaN,NaN,NaN,NaN,NaN,DB,NW,C,C,150,1011,NaN,S,60,NaN,
2012080806,b2l.2012,9X-B2L,TS,NN,12.1,325.4,25,1009,275,16,275,16,NaN,NaN,NaN,NaN,NaN,NaN,NaN,NaN,NaN,NaN,DB,NW,C,C,150,1011,NaN,S,60,NaN,
2012080812,b2l.2012,9X-B2L,TS,NN,13.5,324.9,25,1009,295,14,307,13,NaN,NaN,NaN,NaN,NaN,NaN,NaN,NaN,NaN,NaN,DB,NW,C,C,150,1011,NaN,S,60,NaN,
2012080818,b2l.2012,9X-B2L,TS,NN,14.2,323.8,25,1010,290,14,323,13,NaN,NaN,NaN,NaN,NaN,NaN,NaN,NaN,NaN,NaN,DB,NW,C,C,150,1013,NaN,S,60,NaN,
2012080900,b2l.2012,9X-B2L,TS,NN,14.5,321.4,25,1010,285,16,286,18,NaN,NaN,NaN,NaN,NaN,NaN,NaN,NaN,NaN,NaN,LO,NW,C,C,150,1013,NaN,S,50,NaN,
2012080906,b2l.2012,9X-B2L,TS,NN,14.6,320.7,25,1010,280,13,278,15,NaN,NaN,NaN,NaN,NaN,NaN,NaN,NaN,NaN,NaN,LO,NW,C,C,150,1013,NaN,S,50,NaN,
2012080912,b2l.2012,9X-B2L,TS,NN,13.7,318.3,25,1010,265,15,255,16,NaN,NaN,NaN,NaN,NaN,NaN,NaN,NaN,NaN,NaN,LO,NW,C,C,150,1013,NaN,S,50,NaN,
2012080918,07l.2012,HELENE,TS,NN,13.7,317.0,30,1010,266,16,256,18,NaN,NaN,NaN,NaN,NaN,NaN,NaN,NaN,NaN,NaN,TD,WN,B,B,150,1013,NaN,M,40,RJP,
2012081000,07l.2012,HELENE,TS,NN,13.6,315.4,30,1009,266,16,268,14,NaN,NaN,NaN,NaN,NaN,NaN,NaN,NaN,NaN,NaN,TD,WN,B,B,100,1013,NaN,M,40,ESB,
2012081006,07l.2012,HELENE,TS,NN,13.5,313.7,30,1008,266,16,266,16,NaN,NaN,NaN,NaN,NaN,NaN,NaN,NaN,NaN,NaN,TD,WN,B,B,100,1011,NaN,M,15,DPB,
2012081012,07l.2012,HELENE,TS,NN,13.4,311.8,30,1009,267,18,267,18,NaN,NaN,NaN,NaN,NaN,NaN,NaN,NaN,NaN,NaN,TD,WN,B,B,100,1012,NaN,M,15,RJB,
2012081018,07l.2012,HELENE,TS,NN,13.4,309.5,30,1009,269,20,269,20,NaN,NaN,NaN,NaN,NaN,NaN,NaN,NaN,NaN,NaN,TD,WN,B,B,100,1012,NaN,M,15,RJB,
2012081100,07l.2012,HELENE,TS,NN,13.4,307.1,30,1009,270,23,270,23,NaN,NaN,NaN,NaN,NaN,NaN,NaN,NaN,NaN,NaN,TD,WN,B,B,120,1012,NaN,M,30,MJB,
2012081106,07l.2012,HELENE,TS,NN,13.4,304.6,30,1009,270,24,270,24,NaN,NaN,NaN,NaN,NaN,NaN,NaN,NaN,NaN,NaN,TD,WN,B,B,120,1012,NaN,M,30,JLB,
2012081112,07l.2012,HELENE,TS,NN,13.3,302.1,30,1011,269,24,269,24,NaN,NaN,NaN,NaN,NaN,NaN,NaN,NaN,NaN,NaN,WV,WN,B,B,100,1012,NaN,M,80,RJB,
2012081118,07l.2012,HELENE,TS,NN,13.3,300.1,30,1011,269,22,269,22,NaN,NaN,NaN,NaN,NaN,NaN,NaN,NaN,NaN,NaN,WV,NW,B,B,NaN,NaN,0.03,NaN,NaN,NaN,
2012081200,07l.2012,HELENE,TS,NN,13.5,298.6,30,1011,273,17,273,17,NaN,NaN,NaN,NaN,NaN,NaN,NaN,NaN,NaN,NaN,WV,NW,B,B,NaN,NaN,0.04,NaN,NaN,NaN,
2012081206,07l.2012,HELENE,TS,NN,13.7,296.8,30,1011,277,16,277,16,NaN,NaN,NaN,NaN,NaN,NaN,NaN,NaN,NaN,NaN,WV,NW,B,B,NaN,NaN,NaN,NaN,NaN,NaN,
2012081212,07l.2012,HELENE,TS,NN,13.9,294.4,30,1011,276,21,276,21,NaN,NaN,NaN,NaN,NaN,NaN,NaN,NaN,NaN,NaN,WV,NW,B,B,NaN,NaN,NaN,NaN,NaN,NaN,
2012081218,07l.2012,HELENE,TS,NN,14.1,292.0,30,1010,275,23,275,23,NaN,NaN,NaN,NaN,NaN,NaN,NaN,NaN,NaN,NaN,WV,NW,B,B,NaN,NaN,NaN,NaN,NaN,NaN,
2012081300,07l.2012,HELENE,TS,NN,14.1,289.6,30,1009,272,23,272,23,NaN,NaN,NaN,NaN,NaN,NaN,NaN,NaN,NaN,NaN,WV,NW,B,B,NaN,NaN,NaN,NaN,NaN,NaN,
2012081306,07l.2012,HELENE,TS,NN,14.1,287.3,30,1009,270,23,270,23,NaN,NaN,NaN,NaN,NaN,NaN,NaN,NaN,NaN,NaN,WV,NW,B,B,NaN,NaN,NaN,NaN,NaN,NaN,
2012081312,07l.2012,HELENE,TS,NN,14.1,285.1,30,1008,270,22,270,22,NaN,NaN,NaN,NaN,NaN,NaN,NaN,NaN,NaN,NaN,WV,NW,B,B,125,1011,NaN,S,30,NaN,
2012081318,07l.2012,HELENE,TS,NN,14.1,283.4,30,1008,270,19,270,19,NaN,NaN,NaN,NaN,NaN,NaN,NaN,NaN,NaN,NaN,WV,NW,B,B,125,1011,NaN,S,30,NaN,
2012081400,07l.2012,HELENE,TS,NN,14.1,281.6,30,1008,270,17,270,17,NaN,NaN,NaN,NaN,NaN,NaN,NaN,NaN,NaN,NaN,WV,NW,B,B,125,1011,NaN,S,30,NaN,
2012081406,07l.2012,HELENE,TS,NN,14.1,279.9,30,1009,270,17,270,17,NaN,NaN,NaN,NaN,NaN,NaN,NaN,NaN,NaN,NaN,WV,NW,B,B,100,1011,NaN,S,30,NaN,
2012081412,07l.2012,HELENE,TS,NN,14.1,278.2,30,1009,270,16,270,16,NaN,NaN,NaN,NaN,NaN,NaN,NaN,NaN,NaN,NaN,WV,NW,B,B,100,1011,NaN,S,30,NaN,
2012081418,07l.2012,HELENE,TS,NN,14.3,276.4,30,1009,273,17,273,17,NaN,NaN,NaN,NaN,NaN,NaN,NaN,NaN,NaN,NaN,WV,NW,B,B,100,1011,0.67,S,30,NaN,
2012081500,07l.2012,HELENE,TS,NN,14.7,274.7,30,1010,280,17,280,17,NaN,NaN,NaN,NaN,NaN,NaN,NaN,NaN,NaN,NaN,WV,NW,B,B,NaN,NaN,0.95,NaN,NaN,NaN,
2012081506,07l.2012,HELENE,TS,NN,15.2,273.0,30,1010,285,17,285,17,NaN,NaN,NaN,NaN,NaN,NaN,NaN,NaN,NaN,NaN,WV,NW,B,B,NaN,NaN,0.99,NaN,NaN,NaN,
2012081512,07l.2012,HELENE,TS,NN,15.7,271.4,30,1011,287,17,287,17,NaN,NaN,NaN,NaN,NaN,NaN,NaN,NaN,NaN,NaN,LO,NW,B,B,125,1012,0.79,S,60,NaN,
2012081518,07l.2012,HELENE,TS,NN,16.5,270.5,25,1011,298,14,298,14,NaN,NaN,NaN,NaN,NaN,NaN,NaN,NaN,NaN,NaN,LO,NW,B,B,150,1013,0.98,S,70,NaN,
2012081600,07l.2012,HELENE,TS,NN,17.5,269.5,25,1011,315,13,315,13,NaN,NaN,NaN,NaN,NaN,NaN,NaN,NaN,NaN,NaN,LO,NW,B,B,NaN,NaN,0.98,NaN,NaN,NaN,
2012081606,07l.2012,HELENE,TS,NN,18.5,269.0,25,1011,324,12,324,12,NaN,NaN,NaN,NaN,NaN,NaN,NaN,NaN,NaN,NaN,LO,NW,B,B,150,1013,0.91,S,70,NaN,
2012081612,07l.2012,HELENE,TS,NN,19.2,268.5,25,1011,331,10,331,10,NaN,NaN,NaN,NaN,NaN,NaN,NaN,NaN,NaN,NaN,LO,NW,B,B,150,1013,0.20,S,70,NaN,
2012081618,07l.2012,HELENE,TS,NN,19.3,267.4,25,1011,298,9,298,9,NaN,NaN,NaN,NaN,NaN,NaN,NaN,NaN,NaN,NaN,LO,NW,B,B,150,1013,NaN,S,70,NaN,
2012081700,07l.2012,HELENE,TS,NN,19.3,265.8,25,1011,272,13,272,13,NaN,NaN,NaN,NaN,NaN,NaN,NaN,NaN,NaN,NaN,LO,NW,B,B,150,1013,NaN,S,70,NaN,
2012081706,07l.2012,HELENE,TS,NN,19.7,264.8,25,1011,279,12,279,12,NaN,NaN,NaN,NaN,NaN,NaN,NaN,NaN,NaN,NaN,LO,NW,B,B,100,1013,NaN,S,30,NaN,
2012081712,07l.2012,HELENE,TS,NN,19.9,264.3,30,1009,293,8,293,8,NaN,NaN,NaN,NaN,NaN,NaN,NaN,NaN,NaN,NaN,TD,NW,B,B,100,1013,NaN,S,30,NaN,
2012081718,07l.2012,HELENE,TS,NN,20.3,264.1,40,1004,312,4,312,4,20,,20,20,,NaN,NaN,NaN,NaN,NaN,TS,WN,B,B,100,1014,NaN,M,30,MJB,
2012081800,07l.2012,HELENE,TS,NN,20.8,263.9,35,1006,337,5,337,5,30,,30,30,,NaN,NaN,NaN,NaN,NaN,TS,WN,B,B,100,1014,NaN,M,30,LAA,
2012081806,07l.2012,HELENE,TS,NN,21.4,263.2,30,1007,323,7,323,7,NaN,NaN,NaN,NaN,NaN,NaN,NaN,NaN,NaN,NaN,TD,WN,B,B,100,1013,0.06,M,20,JPC,
2012081812,07l.2012,HELENE,TS,NN,21.9,262.3,30,1008,306,9,306,9,NaN,NaN,NaN,NaN,NaN,NaN,NaN,NaN,NaN,NaN,TD,WN,B,B,100,1012,0.25,M,20,RJB,
2012081818,07l.2012,HELENE,TS,NN,22.5,261.3,25,1009,302,10,302,10,NaN,NaN,NaN,NaN,NaN,NaN,NaN,NaN,NaN,NaN,TD,WN,B,B,60,1012,0.95,M,20,RJB,
2012081900,07l.2012,HELENE,TS,NN,22.7,261.1,25,1009,306,7,306,7,NaN,NaN,NaN,NaN,NaN,NaN,NaN,NaN,NaN,NaN,LO,WN,B,B,60,1012,0.99,S,20,LAA,
2012080818,b3l.2012,9X-B3L,TY,NN,13.9,351.5,20,1007,273,18,273,18,NaN,NaN,NaN,NaN,NaN,NaN,NaN,NaN,NaN,NaN,DB,NW,b,b,NaN,NaN,1.00,NaN,NaN,NaN,
2012080900,b3l.2012,9X-B3L,TY,NN,14.0,350.3,20,1007,273,18,273,18,NaN,NaN,NaN,NaN,NaN,NaN,NaN,NaN,NaN,NaN,DB,NW,b,b,NaN,NaN,0.99,NaN,NaN,NaN,
2012080906,b3l.2012,9X-B3L,TY,NN,14.1,347.8,20,1006,273,18,273,18,NaN,NaN,NaN,NaN,NaN,NaN,NaN,NaN,NaN,NaN,DB,NW,b,b,NaN,NaN,1.00,NaN,NaN,NaN,
2012080912,b3l.2012,9X-B3L,TY,NN,14.4,346.0,20,1006,275,21,275,21,NaN,NaN,NaN,NaN,NaN,NaN,NaN,NaN,NaN,NaN,DB,NW,b,b,NaN,NaN,1.00,NaN,NaN,NaN,
2012080918,b3l.2012,9X-B3L,TY,NN,14.8,344.5,25,1004,282,16,282,16,NaN,NaN,NaN,NaN,NaN,NaN,NaN,NaN,NaN,NaN,DB,NW,b,b,NaN,NaN,1.00,NaN,NaN,NaN,
2012081000,b3l.2012,9X-B3L,TY,NN,15.1,342.9,25,1004,285,16,283,15,NaN,NaN,NaN,NaN,NaN,NaN,NaN,NaN,NaN,NaN,DB,NW,C,C,150,1008,0.55,S,60,NaN,
2012081006,b3l.2012,9X-B3L,TY,NN,15.5,341.2,30,1004,285,16,282,16,NaN,NaN,NaN,NaN,NaN,NaN,NaN,NaN,NaN,NaN,DB,NW,C,C,210,1009,NaN,S,60,NaN,
2012081012,b3l.2012,9X-B3L,TY,NN,16.0,339.4,30,1004,285,17,285,17,NaN,NaN,NaN,NaN,NaN,NaN,NaN,NaN,NaN,NaN,DB,NW,C,C,210,1009,NaN,S,60,NaN,
2012081018,b3l.2012,9X-B3L,TY,NN,16.9,338.4,25,1007,295,16,298,15,NaN,NaN,NaN,NaN,NaN,NaN,NaN,NaN,NaN,NaN,LO,NW,C,C,240,1010,NaN,S,60,NaN,
2012081100,b3l.2012,9X-B3L,TY,NN,17.5,337.0,25,1008,295,15,303,14,NaN,NaN,NaN,NaN,NaN,NaN,NaN,NaN,NaN,NaN,LO,NW,C,C,180,1012,NaN,S,60,NaN,
2012081106,b3l.2012,9X-B3L,TY,NN,18.0,335.5,25,1008,300,15,292,15,NaN,NaN,NaN,NaN,NaN,NaN,NaN,NaN,NaN,NaN,LO,NW,C,C,180,1012,NaN,S,60,NaN,
2012081112,b3l.2012,9X-B3L,TY,NN,19.0,332.7,25,1010,295,19,290,22,NaN,NaN,NaN,NaN,NaN,NaN,NaN,NaN,NaN,NaN,LO,NW,C,C,180,1013,NaN,S,60,NaN,
2012081118,b3l.2012,9X-B3L,TY,NN,19.5,330.7,25,1011,290,21,288,24,NaN,NaN,NaN,NaN,NaN,NaN,NaN,NaN,NaN,NaN,LO,NW,C,C,100,1013,NaN,S,60,NaN,
2012081200,b3l.2012,9X-B3L,TY,NN,20.2,328.6,25,1013,287,20,287,20,NaN,NaN,NaN,NaN,NaN,NaN,NaN,NaN,NaN,NaN,LO,NW,b,b,NaN,NaN,NaN,NaN,NaN,NaN,
2012081206,b3l.2012,9X-B3L,TY,NN,20.5,326.4,25,1014,284,21,284,21,NaN,NaN,NaN,NaN,NaN,NaN,NaN,NaN,NaN,NaN,LO,NW,b,b,NaN,NaN,NaN,NaN,NaN,NaN,
2012081212,b3l.2012,9X-B3L,TY,NN,20.6,324.5,25,1012,280,20,276,19,NaN,NaN,NaN,NaN,NaN,NaN,NaN,NaN,NaN,NaN,LO,NW,C,C,100,1013,NaN,S,50,NaN,
2012081218,b3l.2012,9X-B3L,TY,NN,21.1,322.8,25,1012,280,18,280,17,NaN,NaN,NaN,NaN,NaN,NaN,NaN,NaN,NaN,NaN,LO,NW,C,C,120,1014,NaN,S,50,NaN,
2012081300,b3l.2012,9X-B3L,TY,NN,21.5,320.9,25,1012,280,17,285,17,NaN,NaN,NaN,NaN,NaN,NaN,NaN,NaN,NaN,NaN,LO,NW,C,C,120,1014,NaN,S,50,NaN,
2012081306,b3l.2012,9X-B3L,TY,NN,22.0,318.9,25,1012,285,19,284,19,NaN,NaN,NaN,NaN,NaN,NaN,NaN,NaN,NaN,NaN,LO,NW,C,C,150,1014,NaN,S,50,NaN,
2012081312,b3l.2012,9X-B3L,TY,NN,22.5,316.7,25,1015,285,21,284,20,NaN,NaN,NaN,NaN,NaN,NaN,NaN,NaN,NaN,NaN,LO,NW,C,C,150,1017,NaN,S,50,NaN,
2012081318,b3l.2012,9X-B3L,TY,NN,23.0,314.8,25,1015,285,19,285,20,NaN,NaN,NaN,NaN,NaN,NaN,NaN,NaN,NaN,NaN,LO,NW,C,C,150,1017,NaN,S,70,NaN,
2012081400,b3l.2012,9X-B3L,TY,NN,23.5,313.1,20,1015,285,18,287,17,NaN,NaN,NaN,NaN,NaN,NaN,NaN,NaN,NaN,NaN,LO,NW,C,C,150,1017,NaN,S,70,NaN,
2012081406,b3l.2012,9X-B3L,TY,NN,24.0,311.2,20,1015,287,17,287,17,NaN,NaN,NaN,NaN,NaN,NaN,NaN,NaN,NaN,NaN,WV,NW,b,b,150,1017,NaN,NaN,70,NaN,
2012081412,b3l.2012,9X-B3L,TY,NN,24.2,310.2,25,1015,285,13,285,14,NaN,NaN,NaN,NaN,NaN,NaN,NaN,NaN,NaN,NaN,LO,NW,C,C,150,1017,NaN,S,70,NaN,
2012081418,b3l.2012,9X-B3L,TY,NN,25.2,307.9,25,1014,295,16,292,16,NaN,NaN,NaN,NaN,NaN,NaN,NaN,NaN,NaN,NaN,WV,NW,C,C,150,1017,NaN,S,70,NaN,
2012081500,b3l.2012,9X-B3L,TY,NN,25.6,306.7,25,1014,290,14,294,17,NaN,NaN,NaN,NaN,NaN,NaN,NaN,NaN,NaN,NaN,WV,NW,C,C,120,1018,NaN,S,70,NaN,
2012081506,b3l.2012,9X-B3L,TY,NN,26.1,306.1,25,1014,300,11,299,9,NaN,NaN,NaN,NaN,NaN,NaN,NaN,NaN,NaN,NaN,LO,NW,C,C,90,1017,NaN,S,40,NaN,
2012081512,b3l.2012,9X-B3L,TY,NN,27.6,305.4,30,1013,346,15,330,12,NaN,NaN,NaN,NaN,NaN,NaN,NaN,NaN,NaN,NaN,TD,NW,B,B,150,1017,NaN,M,35,NaN,
2012081518,08l.2012,GORDON,TY,NN,29.1,304.9,30,1012,346,15,340,16,NaN,NaN,NaN,NaN,NaN,NaN,NaN,NaN,NaN,NaN,TD,WN,B,B,150,1017,NaN,M,35,SRS,
2012081600,08l.2012,GORDON,TY,NN,30.5,304.6,35,1010,346,15,346,15,20,20,20,,,NaN,NaN,NaN,NaN,NaN,TS,WN,B,B,150,1017,NaN,M,15,LAA,
2012081606,08l.2012,GORDON,TY,NN,31.7,304.8,40,1009,358,13,358,13,30,30,30,,,NaN,NaN,NaN,NaN,NaN,TS,WN,B,B,150,1016,NaN,M,15,ESB,
2012081612,08l.2012,GORDON,TY,NN,32.9,305.6,45,1006,20,13,20,13,30,40,40,20,20,NaN,NaN,NaN,NaN,NaN,TS,WN,B,B,150,1016,NaN,D,15,SRS,
2012081618,08l.2012,GORDON,TY,NN,33.9,307.0,55,998,40,14,40,14,35,40,50,30,20,20,20,20,30,,TS,WN,B,B,150,1016,NaN,D,15,SRS,
2012081700,08l.2012,GORDON,TY,NN,34.3,308.9,60,995,63,15,63,15,35,40,50,30,20,20,20,20,30,,TS,WN,B,B,150,1016,NaN,D,15,LAA,
2012081706,08l.2012,GORDON,TY,NN,34.6,310.9,55,998,78,16,78,16,40,40,50,50,20,23,20,30,50,,TS,WN,B,B,150,1016,NaN,D,25,ESB,
2012081712,08l.2012,GORDON,TY,NN,34.4,313.0,55,997,88,17,88,17,65,60,70,70,60,27,20,30,70,,TS,WN,B,B,150,1016,NaN,D,25,MJB,
2012081718,08l.2012,GORDON,TY,NN,34.3,315.0,55,993,95,17,95,17,80,70,90,90,70,33,20,40,90,,TS,WN,B,B,150,1013,NaN,D,30,RJB,
2012081800,08l.2012,GORDON,TY,NN,34.2,316.9,60,990,94,16,94,16,82,70,90,100,70,33,20,40,100,,TS,WN,B,B,150,1013,NaN,D,30,DPR,
2012081806,08l.2012,GORDON,TY,NN,34.0,318.5,65,987,96,15,96,15,95,80,110,110,80,40,20,50,110,,HU,WN,B,B,150,1013,NaN,D,25,JLB,
2012081812,08l.2012,GORDON,TY,NN,34.0,320.4,75,979,94,15,94,15,95,80,110,110,80,50,30,60,110,,HU,WN,B,B,175,1013,NaN,D,25,MJB,
2012081818,08l.2012,GORDON,TY,NN,34.0,322.5,90,969,90,17,90,17,95,80,110,110,80,45,40,60,110,20,HU,WN,B,B,175,1013,NaN,D,25,MJB,
2012081900,08l.2012,GORDON,TY,NN,34.3,325.0,95,965,85,19,85,19,95,80,110,110,80,50,40,60,110,40,HU,WN,B,B,175,1013,NaN,D,25,ESB,
2012081906,08l.2012,GORDON,TY,NN,34.7,327.4,90,969,80,21,80,21,95,80,110,110,80,50,40,60,110,40,HU,WN,B,B,175,1013,NaN,D,25,JPC,
2012081912,08l.2012,GORDON,TY,NN,35.2,329.4,90,969,76,19,76,19,92,70,110,110,80,48,30,60,110,40,HU,WN,B,B,175,1012,NaN,D,25,MJB,
2012081918,08l.2012,GORDON,TY,NN,35.7,331.5,80,977,73,17,73,17,92,70,110,110,80,48,30,60,110,40,HU,WN,B,B,160,1012,NaN,D,25,MJB,
2012082000,08l.2012,GORDON,TY,NN,36.4,333.4,70,981,70,17,70,17,80,70,100,80,70,48,40,60,80,40,HU,WN,B,B,140,1012,NaN,D,25,RJP,
2012082006,08l.2012,GORDON,TY,NN,37.1,335.0,65,984,64,16,64,16,80,70,100,80,70,42,40,50,80,40,HU,WN,B,B,140,1012,NaN,M,25,SRS,
2012082012,08l.2012,GORDON,TY,NN,37.9,336.8,60,990,61,15,61,15,78,90,90,60,70,40,40,50,60,40,TS,WN,B,B,130,1012,NaN,M,25,DPB,
2012082018,08l.2012,GORDON,TY,NN,38.9,338.9,45,996,60,18,60,18,70,90,90,40,60,NaN,NaN,NaN,NaN,NaN,LO,WN,B,B,150,1016,NaN,M,30,DPB,
2012082100,08l.2012,GORDON,TY,NN,39.8,340.7,40,1000,58,18,58,18,70,90,90,40,60,NaN,NaN,NaN,NaN,NaN,LO,NW,B,B,NaN,NaN,NaN,NaN,NaN,NaN,
2012082106,08l.2012,GORDON,TY,NN,40.0,342.3,40,1002,67,14,67,14,70,90,90,40,60,NaN,NaN,NaN,NaN,NaN,LO,NW,B,B,NaN,NaN,NaN,NaN,NaN,NaN,
2012082112,08l.2012,GORDON,TY,NN,39.8,343.4,30,1004,90,10,90,10,NaN,NaN,NaN,NaN,NaN,NaN,NaN,NaN,NaN,NaN,LO,NW,B,B,NaN,NaN,NaN,NaN,NaN,NaN,
2012081606,b4l.2012,9X-B4L,TY,NN,10.6,348.0,15,1010,275,17,275,17,NaN,NaN,NaN,NaN,NaN,NaN,NaN,NaN,NaN,NaN,DB,NW,b,b,NaN,NaN,0.99,NaN,NaN,NaN,
2012081612,b4l.2012,9X-B4L,TY,NN,10.7,346.4,20,1010,275,17,275,17,NaN,NaN,NaN,NaN,NaN,NaN,NaN,NaN,NaN,NaN,DB,NW,b,b,NaN,NaN,0.98,NaN,NaN,NaN,
2012081618,b4l.2012,9X-B4L,TY,NN,10.9,344.5,20,1010,275,17,275,17,NaN,NaN,NaN,NaN,NaN,NaN,NaN,NaN,NaN,NaN,DB,NW,b,b,NaN,NaN,0.19,NaN,NaN,NaN,
2012081700,b4l.2012,9X-B4L,TY,NN,11.0,342.8,20,1010,270,17,275,18,NaN,NaN,NaN,NaN,NaN,NaN,NaN,NaN,NaN,NaN,DB,NW,C,C,90,1014,NaN,S,60,NaN,
2012081706,b4l.2012,9X-B4L,TY,NN,11.3,340.9,20,1010,270,17,276,18,NaN,NaN,NaN,NaN,NaN,NaN,NaN,NaN,NaN,NaN,DB,NW,C,C,120,1013,NaN,S,60,NaN,
2012081712,b4l.2012,9X-B4L,TY,NN,11.6,339.0,20,1009,280,18,277,18,NaN,NaN,NaN,NaN,NaN,NaN,NaN,NaN,NaN,NaN,DB,NW,C,C,150,1012,NaN,S,50,NaN,
2012081718,b4l.2012,9X-B4L,TY,NN,11.2,336.3,20,1009,270,17,272,21,NaN,NaN,NaN,NaN,NaN,NaN,NaN,NaN,NaN,NaN,DB,NW,C,C,150,1012,NaN,S,50,NaN,
2012081800,b4l.2012,9X-B4L,TY,NN,11.1,334.5,20,1009,270,17,264,22,NaN,NaN,NaN,NaN,NaN,NaN,NaN,NaN,NaN,NaN,DB,NW,C,C,150,1012,NaN,S,50,NaN,
2012081806,b4l.2012,9X-B4L,TY,NN,12.1,333.2,25,1008,280,16,287,16,NaN,NaN,NaN,NaN,NaN,NaN,NaN,NaN,NaN,NaN,DB,NW,C,C,150,1012,NaN,M,50,NaN,
2012081812,b4l.2012,9X-B4L,TY,NN,12.7,330.6,25,1008,280,16,288,19,NaN,NaN,NaN,NaN,NaN,NaN,NaN,NaN,NaN,NaN,DB,NW,C,C,135,1012,NaN,M,50,NaN,
2012081818,b4l.2012,9X-B4L,TY,NN,13.3,328.0,25,1008,280,23,289,22,NaN,NaN,NaN,NaN,NaN,NaN,NaN,NaN,NaN,NaN,DB,NW,C,C,120,1012,NaN,M,50,NaN,
2012081900,b4l.2012,9X-B4L,TY,NN,14.2,327.4,30,1008,280,20,290,20,NaN,NaN,NaN,NaN,NaN,NaN,NaN,NaN,NaN,NaN,DB,NW,C,C,150,1012,NaN,M,50,NaN,
2012081906,b4l.2012,9X-B4L,TY,NN,14.4,325.2,30,1009,280,20,292,15,NaN,NaN,NaN,NaN,NaN,NaN,NaN,NaN,NaN,NaN,DB,NW,C,C,150,1011,NaN,M,50,NaN,
2012081912,b4l.2012,9X-B4L,TY,NN,14.4,323.6,25,1011,275,16,273,18,NaN,NaN,NaN,NaN,NaN,NaN,NaN,NaN,NaN,NaN,DB,NW,C,C,150,1014,NaN,M,60,NaN,
2012081918,b4l.2012,9X-B4L,TY,NN,14.6,321.6,25,1010,275,18,273,17,NaN,NaN,NaN,NaN,NaN,NaN,NaN,NaN,NaN,NaN,DB,NW,C,C,150,1014,NaN,M,50,NaN,
2012082000,b4l.2012,9X-B4L,TY,NN,15.1,319.4,25,1010,280,19,280,21,NaN,NaN,NaN,NaN,NaN,NaN,NaN,NaN,NaN,NaN,DB,NW,C,C,120,1013,NaN,M,40,NaN,
2012082006,b4l.2012,9X-B4L,TY,NN,15.3,317.5,25,1010,280,19,280,20,NaN,NaN,NaN,NaN,NaN,NaN,NaN,NaN,NaN,NaN,DB,NW,C,C,150,1013,NaN,M,40,NaN,
2012082012,b4l.2012,9X-B4L,TY,NN,15.7,315.2,25,1010,262,18,278,20,NaN,NaN,NaN,NaN,NaN,NaN,NaN,NaN,NaN,NaN,LO,NW,B,B,150,1013,NaN,M,40,NaN,
2012082018,b4l.2012,9X-B4L,TY,NN,15.6,313.2,30,1009,262,18,274,21,NaN,NaN,NaN,NaN,NaN,NaN,NaN,NaN,NaN,NaN,LO,NW,B,B,175,1013,NaN,M,40,NaN,
2012082100,b4l.2012,9X-B4L,TY,NN,15.2,311.5,30,1008,262,18,262,18,NaN,NaN,NaN,NaN,NaN,NaN,NaN,NaN,NaN,NaN,LO,NW,B,B,250,1013,NaN,M,40,NaN,
2012082106,09l.2012,ISAAC,TY,NN,14.9,309.9,30,1007,258,16,258,16,NaN,NaN,NaN,NaN,NaN,NaN,NaN,NaN,NaN,NaN,TD,WN,B,B,250,1013,NaN,M,35,SRS,
2012082112,09l.2012,ISAAC,TY,NN,15.0,308.4,30,1006,266,15,266,15,NaN,NaN,NaN,NaN,NaN,NaN,NaN,NaN,NaN,NaN,TD,WN,B,B,250,1013,NaN,M,35,JLB,
2012082118,09l.2012,ISAAC,TY,NN,15.2,306.9,35,1005,276,15,276,15,40,40,,,,NaN,NaN,NaN,NaN,NaN,TS,WN,B,B,250,1011,NaN,M,25,JLB,
2012082200,09l.2012,ISAAC,TY,NN,15.4,305.2,40,1004,277,16,277,16,40,40,,,,NaN,NaN,NaN,NaN,NaN,TS,WN,B,B,225,1013,NaN,M,25,RJP,
2012082206,09l.2012,ISAAC,TY,NN,15.7,303.4,45,1003,278,17,278,17,50,50,,,,NaN,NaN,NaN,NaN,NaN,TS,WN,B,B,225,1013,NaN,D,25,SRS,
2012082212,09l.2012,ISAAC,TY,NN,15.9,301.4,45,1004,278,18,278,18,65,90,,,40,NaN,NaN,NaN,NaN,NaN,TS,WN,B,B,225,1012,NaN,M,30,JLB,
2012082218,09l.2012,ISAAC,TY,NN,16.1,299.6,45,1004,276,18,276,18,105,150,,,60,NaN,NaN,NaN,NaN,NaN,TS,WN,B,B,225,1010,NaN,M,70,JLB,
2012082300,09l.2012,ISAAC,TY,NN,15.7,298.0,45,1004,267,16,267,16,135,200,,,70,NaN,NaN,NaN,NaN,NaN,TS,WN,B,B,200,1010,NaN,M,70,RJP,
2012082306,09l.2012,ISAAC,TY,NN,15.0,296.6,45,1004,249,15,249,15,97,180,30,,80,NaN,NaN,NaN,NaN,NaN,TS,WN,B,B,200,1010,NaN,M,70,SRS,
2012082312,09l.2012,ISAAC,TY,NN,15.1,295.0,45,1003,258,15,258,15,100,160,40,,100,NaN,NaN,NaN,NaN,NaN,TS,WN,B,B,225,1009,NaN,M,70,JLB,
2012082318,09l.2012,ISAAC,TY,NN,15.6,293.6,45,1003,282,15,282,15,103,150,50,,110,NaN,NaN,NaN,NaN,NaN,TS,WN,B,B,225,1008,NaN,D,70,JLB,
2012082400,09l.2012,ISAAC,TY,NN,15.7,292.2,45,1002,283,14,283,14,90,150,60,30,120,NaN,NaN,NaN,NaN,NaN,TS,WN,B,B,200,1008,NaN,D,70,RJP,
2012082406,09l.2012,ISAAC,TY,NN,15.4,290.9,45,998,266,13,266,13,105,150,90,50,130,NaN,NaN,NaN,NaN,NaN,TS,WN,B,B,200,1008,NaN,D,70,MJB,
2012082412,09l.2012,ISAAC,TY,NN,15.7,289.6,50,995,270,13,270,13,118,150,120,60,140,60,60,,60,,TS,WN,B,B,250,1008,NaN,D,60,JLB,
2012082418,09l.2012,ISAAC,TY,NN,16.6,288.8,55,993,301,12,301,12,135,180,150,60,150,40,60,20,60,,TS,WN,B,B,250,1008,NaN,D,60,JLB,
2012082500,09l.2012,ISAAC,TY,NN,17.3,288.2,55,992,320,10,320,10,152,200,150,60,200,45,60,30,60,,TS,WN,B,B,250,1008,0.04,D,55,SRS,
2012082506,09l.2012,ISAAC,TY,NN,18.3,287.3,55,991,320,11,320,11,132,180,110,60,180,40,60,20,60,,TS,WN,B,B,250,1008,0.54,D,45,MJB,
2012082512,09l.2012,ISAAC,TY,NN,19.6,286.1,50,997,319,15,319,15,122,180,110,50,150,60,60,,50,,TS,WN,B,B,275,1007,NaN,D,60,JLB,
2012082518,09l.2012,ISAAC,TY,NN,20.8,284.8,50,997,317,17,317,17,122,180,120,40,150,60,60,,40,,TS,WN,B,B,275,1008,0.15,D,60,JLB,
2012082600,09l.2012,ISAAC,TY,NN,21.8,283.3,50,997,310,17,310,17,132,180,130,40,180,60,60,,40,,TS,WN,B,B,275,1008,NaN,D,60,DPB,
2012082606,09l.2012,ISAAC,TY,NN,22.7,281.7,55,995,303,17,303,17,122,180,90,40,180,60,60,,40,,TS,WN,B,B,260,1008,0.31,D,60,MJB,
2012082612,09l.2012,ISAAC,TY,NN,23.4,280.0,55,995,298,17,298,17,122,180,90,40,180,50,50,,40,,TS,WN,B,B,260,1008,0.01,D,60,RJP,
2012082618,09l.2012,ISAAC,TY,NN,23.7,278.6,50,992,289,15,289,15,125,180,90,50,180,35,50,,50,20,TS,WN,B,B,260,1008,0.07,D,50,RJP,
2012082700,09l.2012,ISAAC,TY,NN,24.2,277.4,50,990,289,13,289,13,132,180,120,50,180,40,50,,50,30,TS,WN,B,B,260,1007,NaN,D,50,DPB,
2012082706,09l.2012,ISAAC,TY,NN,25.0,276.4,50,989,303,12,303,12,142,180,150,60,180,37,50,20,60,40,TS,WN,B,B,230,1007,NaN,D,40,MJB,
2012082712,09l.2012,ISAAC,TY,NN,25.7,275.3,55,987,308,12,308,12,145,180,150,70,180,47,60,40,70,40,TS,WN,B,B,230,1007,NaN,D,40,SRS,
2012082718,09l.2012,ISAAC,TY,NN,26.3,274.3,60,982,304,11,304,11,148,180,150,80,180,45,60,50,80,50,TS,WN,B,B,230,1007,NaN,D,30,SRS,
2012082800,09l.2012,ISAAC,TY,NN,26.8,273.3,60,979,302,11,302,11,152,180,150,100,180,55,70,60,100,60,TS,WN,B,B,230,1008,NaN,D,30,DPB,
2012082806,09l.2012,ISAAC,TY,NN,27.4,272.4,60,978,303,10,303,10,152,180,150,110,170,62,80,70,110,60,TS,WN,B,B,300,1012,NaN,D,30,RJP,
2012082812,09l.2012,ISAAC,TY,NN,28.0,271.7,65,975,310,9,310,9,152,180,150,120,160,68,80,80,120,60,HU,WN,B,B,300,1012,NaN,D,40,SRS,
2012082818,09l.2012,ISAAC,TY,NN,28.6,271.2,70,972,319,8,319,8,155,180,150,140,150,75,90,90,140,60,HU,WN,B,B,300,1012,NaN,D,50,SRS,
2012082900,09l.2012,ISAAC,TY,NN,28.9,270.6,70,967,313,7,313,7,155,180,150,150,140,72,90,90,150,50,HU,WN,B,B,275,1008,0.14,D,40,DPB,
2012082906,09l.2012,ISAAC,TY,NN,29.1,270.0,70,966,295,6,295,6,152,180,150,150,130,68,90,80,150,40,HU,WN,B,B,275,1008,0.15,D,40,RJP,
2012082912,09l.2012,ISAAC,TY,NN,29.4,269.5,65,968,297,5,297,5,148,180,150,150,110,55,80,70,150,30,HU,WN,B,B,275,1008,0.53,D,35,SRS,
2012082918,09l.2012,ISAAC,TY,NN,29.7,269.2,60,973,311,5,311,5,142,180,150,150,90,40,60,60,150,20,TS,WN,B,B,275,1007,0.53,D,45,SRS,
2012083000,09l.2012,ISAAC,TY,NN,30.1,268.9,55,977,323,4,323,4,128,150,150,140,70,45,40,50,140,,TS,WN,B,B,275,1006,0.81,D,60,DPB,
2012083006,09l.2012,ISAAC,TY,NN,30.6,268.5,55,982,326,5,326,5,112,100,160,140,50,40,,40,140,,TS,WN,B,B,275,1006,0.91,D,80,RJP,
2012083012,09l.2012,ISAAC,TY,NN,31.3,268.1,45,987,330,7,330,7,120,60,160,140,,NaN,NaN,NaN,NaN,NaN,TS,WN,B,B,275,1006,0.91,D,100,SRS,
2012083018,09l.2012,ISAAC,TY,NN,32.1,267.6,35,993,333,8,333,8,170,,170,,,NaN,NaN,NaN,NaN,NaN,TS,WN,B,B,275,1007,0.98,D,125,SRS,
2012083100,09l.2012,ISAAC,TY,NN,33.1,267.1,30,998,335,10,335,10,NaN,NaN,NaN,NaN,NaN,NaN,NaN,NaN,NaN,NaN,TD,NW,B,B,NaN,NaN,0.99,NaN,NaN,NaN,
2012083106,09l.2012,ISAAC,TY,NN,34.3,266.5,25,1000,337,12,337,12,NaN,NaN,NaN,NaN,NaN,NaN,NaN,NaN,NaN,NaN,TD,NW,B,B,NaN,NaN,0.99,NaN,NaN,NaN,
2012083112,09l.2012,ISAAC,TY,NN,35.6,266.0,20,1001,340,13,340,13,NaN,NaN,NaN,NaN,NaN,NaN,NaN,NaN,NaN,NaN,TD,NW,B,B,NaN,NaN,0.98,NaN,NaN,NaN,
2012083118,09l.2012,ISAAC,TY,NN,36.8,265.9,20,1003,349,13,349,13,NaN,NaN,NaN,NaN,NaN,NaN,NaN,NaN,NaN,NaN,TD,NW,B,B,NaN,NaN,0.99,NaN,NaN,NaN,
2012090100,09l.2012,ISAAC,TY,NN,37.8,266.1,20,1004,2,11,2,11,NaN,NaN,NaN,NaN,NaN,NaN,NaN,NaN,NaN,NaN,TD,NW,B,B,NaN,NaN,1.00,NaN,NaN,NaN,
2012090106,09l.2012,ISAAC,TY,NN,38.4,266.7,20,1005,22,9,22,9,NaN,NaN,NaN,NaN,NaN,NaN,NaN,NaN,NaN,NaN,TD,NW,B,B,NaN,NaN,0.99,NaN,NaN,NaN,
2012081912,b6l.2012,9X-B6L,TS,NN,12.0,340.0,25,1010,274,7,274,7,NaN,NaN,NaN,NaN,NaN,NaN,NaN,NaN,NaN,NaN,DB,NW,b,b,NaN,NaN,NaN,NaN,NaN,NaN,
2012081918,b6l.2012,9X-B6L,TS,NN,11.4,338.5,25,1010,274,7,274,7,NaN,NaN,NaN,NaN,NaN,NaN,NaN,NaN,NaN,NaN,DB,NW,b,b,NaN,NaN,NaN,NaN,NaN,NaN,
2012082000,b6l.2012,9X-B6L,TS,NN,12.1,338.6,25,1010,255,15,274,7,NaN,NaN,NaN,NaN,NaN,NaN,NaN,NaN,NaN,NaN,DB,NW,C,C,175,1013,NaN,S,50,NaN,
2012082006,b6l.2012,9X-B6L,TS,NN,10.5,336.1,25,1010,249,13,249,13,NaN,NaN,NaN,NaN,NaN,NaN,NaN,NaN,NaN,NaN,DB,NW,b,b,NaN,NaN,NaN,NaN,NaN,NaN,
2012082012,b6l.2012,9X-B6L,TS,NN,12.7,334.5,25,1010,275,18,279,20,NaN,NaN,NaN,NaN,NaN,NaN,NaN,NaN,NaN,NaN,DB,NW,C,C,175,1013,NaN,S,50,NaN,
2012082018,b6l.2012,9X-B6L,TS,NN,12.3,332.6,25,1010,270,19,298,19,NaN,NaN,NaN,NaN,NaN,NaN,NaN,NaN,NaN,NaN,DB,NW,C,C,175,1013,NaN,S,50,NaN,
2012082100,b6l.2012,9X-B6L,TS,NN,10.2,332.6,25,1010,265,12,217,16,NaN,NaN,NaN,NaN,NaN,NaN,NaN,NaN,NaN,NaN,DB,NW,C,C,175,1013,NaN,S,50,NaN,
2012082106,b6l.2012,9X-B6L,TS,NN,10.1,331.4,25,1010,265,12,208,12,NaN,NaN,NaN,NaN,NaN,NaN,NaN,NaN,NaN,NaN,DB,NW,C,C,175,1013,NaN,M,50,NaN,
2012082112,b6l.2012,9X-B6L,TS,NN,10.3,329.5,25,1010,270,14,272,15,NaN,NaN,NaN,NaN,NaN,NaN,NaN,NaN,NaN,NaN,LO,NW,C,C,200,1013,NaN,M,60,NaN,
2012082118,b6l.2012,9X-B6L,TS,NN,10.7,328.3,25,1011,286,14,281,16,NaN,NaN,NaN,NaN,NaN,NaN,NaN,NaN,NaN,NaN,LO,NW,B,B,200,1013,NaN,M,60,NaN,
2012082200,b6l.2012,9X-B6L,TS,NN,11.1,326.9,25,1011,286,14,287,13,NaN,NaN,NaN,NaN,NaN,NaN,NaN,NaN,NaN,NaN,LO,NW,B,B,200,1015,NaN,M,60,NaN,
2012082206,b6l.2012,9X-B6L,TS,NN,11.5,325.5,25,1011,286,14,286,14,NaN,NaN,NaN,NaN,NaN,NaN,NaN,NaN,NaN,NaN,TD,NW,B,B,250,1014,NaN,M,60,NaN,
2012082212,10l.2012,JOYCE,TS,NN,12.1,324.2,30,1009,291,14,291,14,NaN,NaN,NaN,NaN,NaN,NaN,NaN,NaN,NaN,NaN,TD,WN,B,B,225,1013,NaN,M,40,TBK,
2012082218,10l.2012,JOYCE,TS,NN,12.8,322.7,30,1009,295,15,295,15,NaN,NaN,NaN,NaN,NaN,NaN,NaN,NaN,NaN,NaN,TD,WN,B,B,250,1014,NaN,M,40,TBK,
2012082300,10l.2012,JOYCE,TS,NN,13.5,321.3,30,1009,296,16,296,16,NaN,NaN,NaN,NaN,NaN,NaN,NaN,NaN,NaN,NaN,TD,WN,B,B,200,1013,NaN,M,40,RJB,
2012082306,10l.2012,JOYCE,TS,NN,14.2,320.0,30,1009,298,15,298,15,NaN,NaN,NaN,NaN,NaN,NaN,NaN,NaN,NaN,NaN,TD,WN,B,B,225,1012,NaN,M,40,CWL,
2012082312,10l.2012,JOYCE,TS,NN,14.8,318.9,35,1007,299,13,299,13,120,120,,,120,NaN,NaN,NaN,NaN,NaN,TS,WN,B,B,225,1013,NaN,M,40,TBK,
2012082318,10l.2012,JOYCE,TS,NN,15.5,317.9,35,1006,303,12,303,12,180,180,,,180,NaN,NaN,NaN,NaN,NaN,TS,WN,B,B,225,1013,NaN,M,40,TBK,
2012082400,10l.2012,JOYCE,TS,NN,16.1,316.8,30,1008,303,12,303,12,NaN,NaN,NaN,NaN,NaN,NaN,NaN,NaN,NaN,NaN,TD,WN,B,B,120,1012,NaN,M,100,ESB,
2012082406,10l.2012,JOYCE,TS,NN,16.7,315.7,30,1008,300,12,300,12,NaN,NaN,NaN,NaN,NaN,NaN,NaN,NaN,NaN,NaN,TD,WN,B,B,120,1011,NaN,S,40,CWL,
2012082412,10l.2012,JOYCE,TS,NN,17.4,314.6,30,1009,302,12,302,12,NaN,NaN,NaN,NaN,NaN,NaN,NaN,NaN,NaN,NaN,LO,WN,B,B,120,1013,NaN,S,60,RJB,
2012082306,b7l.2012,9X-B7L,TY,NN,13.5,342.3,25,1009,270,8,270,8,NaN,NaN,NaN,NaN,NaN,NaN,NaN,NaN,NaN,NaN,DB,NW,b,b,NaN,NaN,NaN,NaN,NaN,NaN,
2012082312,b7l.2012,9X-B7L,TY,NN,13.5,341.5,25,1009,270,8,270,8,NaN,NaN,NaN,NaN,NaN,NaN,NaN,NaN,NaN,NaN,DB,NW,b,b,NaN,NaN,NaN,NaN,NaN,NaN,
2012082318,b7l.2012,9X-B7L,TY,NN,13.5,340.7,25,1009,270,8,270,8,NaN,NaN,NaN,NaN,NaN,NaN,NaN,NaN,NaN,NaN,DB,NW,b,b,NaN,NaN,NaN,NaN,NaN,NaN,
2012082400,b7l.2012,9X-B7L,TY,NN,13.5,339.8,25,1009,270,8,270,8,NaN,NaN,NaN,NaN,NaN,NaN,NaN,NaN,NaN,NaN,DB,NW,b,b,NaN,NaN,NaN,NaN,NaN,NaN,
2012082406,b7l.2012,9X-B7L,TY,NN,13.5,339.0,25,1007,270,8,270,8,NaN,NaN,NaN,NaN,NaN,NaN,NaN,NaN,NaN,NaN,DB,NW,C,C,225,1010,NaN,S,100,NaN,
2012082412,b7l.2012,9X-B7L,TY,NN,12.7,336.8,25,1007,270,13,255,15,NaN,NaN,NaN,NaN,NaN,NaN,NaN,NaN,NaN,NaN,DB,NW,C,C,225,1010,NaN,S,100,NaN,
2012082418,b7l.2012,9X-B7L,TY,NN,12.7,335.3,25,1006,260,15,257,18,NaN,NaN,NaN,NaN,NaN,NaN,NaN,NaN,NaN,NaN,DB,NW,C,C,280,1010,NaN,S,100,NaN,
2012082500,b7l.2012,9X-B7L,TY,NN,13.0,333.5,25,1006,270,17,275,16,NaN,NaN,NaN,NaN,NaN,NaN,NaN,NaN,NaN,NaN,DB,NW,C,C,240,1010,NaN,S,100,NaN,
2012082506,b7l.2012,9X-B7L,TY,NN,13.4,332.0,25,1006,275,17,282,16,NaN,NaN,NaN,NaN,NaN,NaN,NaN,NaN,NaN,NaN,DB,NW,C,C,240,1010,NaN,S,100,NaN,
2012082512,b7l.2012,9X-B7L,TY,NN,12.7,329.5,25,1006,270,19,266,20,NaN,NaN,NaN,NaN,NaN,NaN,NaN,NaN,NaN,NaN,DB,NW,C,C,240,1010,NaN,S,100,NaN,
2012082518,b7l.2012,9X-B7L,TY,NN,13.4,328.5,25,1006,275,16,270,17,NaN,NaN,NaN,NaN,NaN,NaN,NaN,NaN,NaN,NaN,DB,NW,C,C,240,1010,NaN,S,100,NaN,
2012082600,b7l.2012,9X-B7L,TY,NN,15.2,326.8,30,1007,295,17,314,18,NaN,NaN,NaN,NaN,NaN,NaN,NaN,NaN,NaN,NaN,DB,NW,C,C,240,1011,NaN,S,120,NaN,
2012082606,b7l.2012,9X-B7L,TY,NN,15.9,326.2,30,1009,310,13,318,17,NaN,NaN,NaN,NaN,NaN,NaN,NaN,NaN,NaN,NaN,DB,NW,C,C,240,1013,NaN,S,60,NaN,
2012082612,b7l.2012,9X-B7L,TY,NN,17.3,325.0,30,1009,320,15,321,14,NaN,NaN,NaN,NaN,NaN,NaN,NaN,NaN,NaN,NaN,DB,NW,C,C,250,1013,NaN,S,60,NaN,
2012082618,b7l.2012,9X-B7L,TY,NN,18.1,323.5,30,1009,315,14,310,17,NaN,NaN,NaN,NaN,NaN,NaN,NaN,NaN,NaN,NaN,DB,NW,C,C,250,1013,NaN,S,60,NaN,
2012082700,b7l.2012,9X-B7L,TY,NN,18.6,322.5,30,1011,310,13,299,14,NaN,NaN,NaN,NaN,NaN,NaN,NaN,NaN,NaN,NaN,DB,NW,C,C,180,1013,NaN,S,60,NaN,
2012082706,b7l.2012,9X-B7L,TY,NN,18.4,320.3,30,1011,290,15,276,15,NaN,NaN,NaN,NaN,NaN,NaN,NaN,NaN,NaN,NaN,DB,NW,C,C,180,1013,NaN,S,70,NaN,
2012082712,b7l.2012,9X-B7L,TY,NN,20.5,319.3,30,1011,305,16,302,18,NaN,NaN,NaN,NaN,NaN,NaN,NaN,NaN,NaN,NaN,DB,NW,C,C,180,1013,NaN,S,70,NaN,
2012082718,b7l.2012,9X-B7L,TY,NN,20.6,318.5,25,1011,305,13,322,14,NaN,NaN,NaN,NaN,NaN,NaN,NaN,NaN,NaN,NaN,DB,NW,C,C,180,1013,NaN,S,100,NaN,
2012082800,b7l.2012,9X-B7L,TY,NN,20.8,317.7,30,1011,302,10,281,8,NaN,NaN,NaN,NaN,NaN,NaN,NaN,NaN,NaN,NaN,DB,NW,C,C,180,1014,NaN,S,100,NaN,
2012082806,b7l.2012,9X-B7L,TY,NN,21.9,317.3,30,1011,319,9,319,9,NaN,NaN,NaN,NaN,NaN,NaN,NaN,NaN,NaN,NaN,DB,NW,b,b,NaN,NaN,NaN,NaN,NaN,NaN,
2012082812,b7l.2012,9X-B7L,TY,NN,23.0,316.8,30,1011,325,10,339,12,NaN,NaN,NaN,NaN,NaN,NaN,NaN,NaN,NaN,NaN,DB,NW,C,C,180,1014,NaN,S,100,NaN,
2012082818,11l.2012,KIRK,TY,NN,23.9,316.6,30,1007,282,10,342,11,NaN,NaN,NaN,NaN,NaN,NaN,NaN,NaN,NaN,NaN,TD,WN,B,B,160,1014,NaN,S,100,MJB,
2012082900,11l.2012,KIRK,TY,NN,24.0,315.5,40,1004,282,10,310,8,50,60,,,40,NaN,NaN,NaN,NaN,NaN,TS,WN,B,B,160,1014,NaN,M,60,TBK,
2012082906,11l.2012,KIRK,TY,NN,24.3,314.5,40,1003,282,10,282,10,43,60,30,,40,NaN,NaN,NaN,NaN,NaN,TS,WN,B,B,160,1014,NaN,M,60,JPC,
2012082912,11l.2012,KIRK,TY,NN,24.6,313.7,45,1001,290,9,290,9,43,60,30,,40,NaN,NaN,NaN,NaN,NaN,TS,WN,B,B,180,1014,NaN,M,60,MJB,
2012082918,11l.2012,KIRK,TY,NN,25.1,312.9,45,999,299,8,299,8,43,60,30,,40,NaN,NaN,NaN,NaN,NaN,TS,WN,B,B,160,1014,NaN,M,60,MJB,
2012083000,11l.2012,KIRK,TY,NN,25.6,312.1,50,995,305,9,305,9,43,60,30,,40,20,20,,,20,TS,WN,B,B,150,1014,NaN,M,30,TBK,
2012083006,11l.2012,KIRK,TY,NN,26.1,311.4,55,992,306,8,306,8,40,60,40,20,40,20,20,,20,20,TS,WN,B,B,150,1015,NaN,M,20,RJB,
2012083012,11l.2012,KIRK,TY,NN,26.8,310.7,65,989,314,9,314,9,45,60,40,30,50,25,30,20,30,30,HU,WN,B,B,140,1017,NaN,D,15,SRS,
2012083018,11l.2012,KIRK,TY,NN,27.6,309.9,75,985,318,10,318,10,45,60,40,30,50,25,30,20,30,30,HU,WN,B,B,130,1017,NaN,D,10,SRS,
2012083100,11l.2012,KIRK,TY,NN,28.5,309.5,80,981,328,10,328,10,45,60,40,30,50,25,30,20,30,30,HU,WN,B,B,130,1017,NaN,D,10,TBK,
2012083106,11l.2012,KIRK,TY,NN,29.6,309.3,90,970,345,10,345,10,45,60,40,30,50,25,30,20,30,30,HU,WN,B,B,130,1017,NaN,D,10,LAA,
2012083112,11l.2012,KIRK,TY,NN,30.6,309.1,90,972,351,11,351,11,50,60,50,40,50,28,30,30,40,30,HU,WN,B,B,150,1016,NaN,D,10,MJB,
2012083118,11l.2012,KIRK,TY,NN,31.7,309.4,80,980,2,11,2,11,50,60,50,40,50,28,30,30,40,30,HU,WN,B,B,120,1016,NaN,D,10,MJB,
2012090100,11l.2012,KIRK,TY,NN,33.1,310.0,70,988,17,13,17,13,50,60,50,40,50,28,30,30,40,30,HU,WN,B,B,120,1016,NaN,D,10,JPC,
2012090106,11l.2012,KIRK,TY,NN,34.6,311.1,65,990,26,16,26,16,50,60,50,40,50,28,30,30,40,30,HU,WN,B,B,120,1016,NaN,D,10,LAA,
2012090112,11l.2012,KIRK,TY,NN,36.5,312.7,60,992,33,20,33,20,52,70,60,40,40,25,30,30,40,20,TS,WN,B,B,120,1016,NaN,D,20,MJB,
2012090118,11l.2012,KIRK,TY,NN,38.4,314.6,55,996,37,24,37,24,60,70,80,30,,45,40,50,30,,TS,WN,B,B,120,1015,NaN,D,20,MJB,
2012090200,11l.2012,KIRK,TY,NN,40.3,317.0,55,998,42,25,42,25,70,70,90,50,,45,40,50,50,,TS,WN,B,B,120,1015,NaN,D,20,JPC,
2012090206,11l.2012,KIRK,TY,NN,42.4,319.4,50,1001,42,27,42,27,80,70,120,50,,30,,30,50,,TS,WN,B,B,120,1015,NaN,M,30,NaN,
2012090212,11l.2012,KIRK,TY,NN,45.0,321.9,50,1002,37,30,37,30,90,60,120,,,20,,20,,,TS,WN,B,B,120,1015,NaN,M,30,JPC,
2012090218,11l.2012,KIRK,TY,NN,48.1,325.4,45,1002,37,35,37,35,90,60,120,,,NaN,NaN,NaN,NaN,NaN,TS,WN,B,B,120,1015,NaN,M,30,JPC,
2012090300,11l.2012,KIRK,TY,NN,51.7,329.1,45,1002,35,41,35,41,90,60,120,,,NaN,NaN,NaN,NaN,NaN,EX,NW,B,B,NaN,NaN,NaN,NaN,NaN,NaN,
2012082812,b8l.2012,9X-B8L,TY,NN,12.9,332.6,20,1010,273,21,273,21,NaN,NaN,NaN,NaN,NaN,NaN,NaN,NaN,NaN,NaN,LO,NW,B,B,NaN,NaN,NaN,NaN,NaN,NaN,
2012082818,b8l.2012,9X-B8L,TY,NN,13.0,330.4,20,1010,273,21,273,21,NaN,NaN,NaN,NaN,NaN,NaN,NaN,NaN,NaN,NaN,LO,NW,B,B,NaN,NaN,NaN,NaN,NaN,NaN,
2012082900,b8l.2012,9X-B8L,TY,NN,13.1,328.3,25,1009,273,21,273,21,NaN,NaN,NaN,NaN,NaN,NaN,NaN,NaN,NaN,NaN,LO,NW,B,B,NaN,NaN,NaN,NaN,NaN,NaN,
2012082906,b8l.2012,9X-B8L,TY,NN,13.2,326.3,25,1009,273,20,273,20,NaN,NaN,NaN,NaN,NaN,NaN,NaN,NaN,NaN,NaN,LO,NW,B,B,250,1012,NaN,S,100,NaN,
2012082912,b8l.2012,9X-B8L,TY,NN,13.3,324.4,25,1009,273,19,273,19,NaN,NaN,NaN,NaN,NaN,NaN,NaN,NaN,NaN,NaN,LO,NW,B,B,200,1012,NaN,S,90,NaN,
2012082918,b8l.2012,9X-B8L,TY,NN,13.4,322.5,25,1008,273,19,273,19,NaN,NaN,NaN,NaN,NaN,NaN,NaN,NaN,NaN,NaN,LO,NW,B,B,200,1012,NaN,S,80,NaN,
2012083000,b8l.2012,9X-B8L,TY,NN,13.5,320.8,30,1007,273,18,273,18,NaN,NaN,NaN,NaN,NaN,NaN,NaN,NaN,NaN,NaN,TD,NW,B,B,200,1012,NaN,S,70,NaN,
2012083006,b8l.2012,9X-B8L,TY,NN,13.6,319.1,30,1006,273,17,273,17,NaN,NaN,NaN,NaN,NaN,NaN,NaN,NaN,NaN,NaN,TD,NW,B,B,250,1012,NaN,M,60,NaN,
2012083012,12l.2012,LESLIE,TY,NN,13.8,317.4,35,1005,275,17,275,17,30,30,,,,NaN,NaN,NaN,NaN,NaN,TS,WN,B,B,250,1013,NaN,M,50,ESB,
2012083018,12l.2012,LESLIE,TY,NN,14.2,315.8,40,1004,281,16,281,16,37,40,30,,40,NaN,NaN,NaN,NaN,NaN,TS,WN,B,B,250,1012,NaN,M,40,ESB,
2012083100,12l.2012,LESLIE,TY,NN,14.7,314.2,45,1002,286,16,286,16,37,40,30,,40,NaN,NaN,NaN,NaN,NaN,TS,WN,B,B,250,1013,NaN,M,35,JLB,
2012083106,12l.2012,LESLIE,TY,NN,15.3,312.6,50,1001,290,16,290,16,50,60,50,30,60,30,30,,30,30,TS,WN,B,B,270,1012,NaN,M,25,RJB,
2012083112,12l.2012,LESLIE,TY,NN,16.0,311.0,55,999,293,17,293,17,50,60,50,30,60,30,30,,30,30,TS,WN,B,B,240,1013,NaN,M,25,ESB,
2012083118,12l.2012,LESLIE,TY,NN,16.5,309.4,55,999,291,17,291,17,62,80,60,40,70,27,30,20,40,30,TS,WN,B,B,240,1011,NaN,M,25,ESB,
2012090100,12l.2012,LESLIE,TY,NN,17.1,307.8,60,998,290,16,290,16,62,80,60,40,70,27,30,20,40,30,TS,WN,B,B,240,1012,NaN,M,25,JLB,
2012090106,12l.2012,LESLIE,TY,NN,17.6,306.2,60,996,290,16,290,16,82,100,90,50,90,28,40,20,50,30,TS,WN,B,B,250,1012,NaN,M,25,RJB,
2012090112,12l.2012,LESLIE,TY,NN,18.1,304.7,60,995,289,16,289,16,105,120,140,60,100,40,50,60,60,30,TS,WN,B,B,250,1013,NaN,M,30,ESB,
2012090118,12l.2012,LESLIE,TY,NN,18.8,303.2,60,994,293,15,293,15,110,120,140,60,120,40,50,60,60,30,TS,WN,B,B,240,1012,NaN,M,30,ESB,
2012090200,12l.2012,LESLIE,TY,NN,19.6,301.9,60,994,300,15,300,15,125,150,150,60,140,63,80,90,60,,TS,WN,B,B,240,1012,NaN,M,40,JLB,
2012090206,12l.2012,LESLIE,TY,NN,20.4,300.6,55,995,303,15,303,15,125,150,150,60,140,85,80,90,60,,TS,WN,B,B,240,1012,NaN,M,50,SRS,
2012090212,12l.2012,LESLIE,TY,NN,21.2,299.3,50,997,303,15,303,15,140,180,180,60,140,90,90,90,60,,TS,WN,B,B,225,1012,NaN,M,60,DPB,
2012090218,12l.2012,LESLIE,TY,NN,22.1,298.6,50,997,312,13,312,13,135,180,160,60,140,100,100,100,60,,TS,WN,B,B,240,1013,NaN,M,60,DPB,
2012090300,12l.2012,LESLIE,TY,NN,22.9,298.3,50,997,331,10,331,10,135,180,160,60,140,110,120,100,60,,TS,WN,B,B,240,1014,NaN,M,60,RJP,
2012090306,12l.2012,LESLIE,TY,NN,23.4,297.8,50,996,330,7,330,7,135,180,160,60,140,110,120,100,60,,TS,WN,B,B,240,1014,NaN,M,60,SRS,
2012090312,12l.2012,LESLIE,TY,NN,23.5,297.4,50,993,306,5,306,5,135,180,160,60,140,110,120,100,60,,TS,WN,B,B,240,1014,NaN,M,60,JPC,
2012090318,12l.2012,LESLIE,TY,NN,23.8,297.2,55,990,306,3,306,3,132,180,160,60,130,110,120,100,60,,TS,WN,B,B,240,1014,NaN,M,60,JPC,
2012090400,12l.2012,LESLIE,TY,NN,24.2,297.4,60,989,360,4,360,3,135,180,180,60,120,110,120,100,60,,TS,WN,B,B,240,1014,NaN,M,60,RJP,
2012090406,12l.2012,LESLIE,TY,NN,24.5,297.5,60,988,21,4,21,4,132,180,180,60,110,100,100,100,60,,TS,WN,B,B,240,1014,NaN,D,50,SRS,
2012090412,12l.2012,LESLIE,TY,NN,24.8,297.5,60,988,9,3,9,3,130,180,180,60,100,95,90,100,60,,TS,WN,B,B,240,1014,NaN,D,50,JPC,
2012090418,12l.2012,LESLIE,TY,NN,25.0,297.4,60,988,350,3,350,3,125,140,200,60,100,85,80,90,60,,TS,WN,B,B,250,1014,NaN,D,50,JPC,
2012090500,12l.2012,LESLIE,TY,NN,25.2,297.2,60,988,326,2,326,2,125,140,200,60,100,75,70,80,60,,TS,WN,B,B,250,1014,NaN,D,50,NaN,
2012090506,12l.2012,LESLIE,TY,NN,25.4,297.2,65,985,336,2,336,2,135,140,200,60,140,48,70,70,60,30,HU,WN,B,B,250,1013,NaN,D,50,MJB,
2012090512,12l.2012,LESLIE,TY,NN,25.6,297.2,70,982,360,2,360,2,135,140,200,60,140,48,70,60,60,40,HU,WN,B,B,250,1013,NaN,D,40,NaN,
2012090518,12l.2012,LESLIE,TY,NN,25.8,297.3,70,982,13,2,13,2,138,150,200,60,140,55,80,60,60,50,HU,WN,B,B,250,1013,NaN,D,15,SRS,
2012090600,12l.2012,LESLIE,TY,NN,26.0,297.4,65,984,24,2,24,2,145,160,170,100,150,62,90,60,100,60,HU,WN,B,B,250,1013,NaN,D,15,RJB,
2012090606,12l.2012,LESLIE,TY,NN,26.2,297.5,65,984,24,2,24,2,145,160,170,100,150,65,90,60,100,70,HU,WN,B,B,250,1013,NaN,D,15,MJB,
2012090612,12l.2012,LESLIE,TY,NN,26.3,297.6,65,983,31,2,31,2,145,160,170,100,150,65,90,60,100,70,HU,WN,B,B,250,1013,NaN,D,15,LAA,
2012090618,12l.2012,LESLIE,TY,NN,26.4,297.7,65,982,42,1,42,1,135,160,140,100,140,62,80,60,100,70,HU,WN,B,B,250,1013,NaN,D,15,LAA,
2012090700,12l.2012,LESLIE,TY,NN,26.5,297.8,65,982,42,1,42,1,135,160,140,100,140,60,70,60,100,70,HU,WN,B,B,300,1014,NaN,D,30,JLB,
2012090706,12l.2012,LESLIE,TY,NN,26.6,297.8,65,982,24,1,24,1,135,160,140,100,140,60,70,60,100,70,HU,WN,B,B,325,1013,NaN,D,30,MJB,
2012090712,12l.2012,LESLIE,TY,NN,26.8,297.8,60,981,360,2,360,2,135,160,140,100,140,60,70,60,100,70,TS,WN,B,B,325,1013,NaN,D,30,LAA,
2012090718,12l.2012,LESLIE,TY,NN,27.1,297.8,60,981,360,2,360,2,138,160,140,100,150,75,70,,100,80,TS,WN,B,B,350,1013,NaN,D,30,LAA,
2012090800,12l.2012,LESLIE,TY,NN,27.4,297.7,60,983,352,3,352,3,138,160,140,100,150,80,80,,100,80,TS,WN,B,B,350,1013,NaN,D,70,JLB,
2012090806,12l.2012,LESLIE,TY,NN,27.8,297.6,55,985,346,4,346,4,138,160,140,100,150,80,80,,100,80,TS,WN,B,B,350,1013,NaN,D,70,MJB,
2012090812,12l.2012,LESLIE,TY,NN,28.3,297.5,55,987,349,5,349,5,138,160,140,100,150,80,80,,100,80,TS,WN,B,B,350,1013,NaN,D,70,LAA,
2012090818,12l.2012,LESLIE,TY,NN,29.0,297.5,55,988,356,6,356,6,138,160,140,100,150,80,80,,100,80,TS,WN,B,B,350,1013,NaN,D,70,LAA,
2012090900,12l.2012,LESLIE,TY,NN,29.7,297.4,55,988,356,7,356,7,138,160,140,100,150,80,80,,100,80,TS,WN,B,B,350,1013,NaN,D,70,JLB,
2012090906,12l.2012,LESLIE,TY,NN,30.5,297.4,55,988,357,8,357,8,150,170,150,130,150,80,80,,130,80,TS,WN,B,B,330,1012,NaN,D,80,DPB,
2012090912,12l.2012,LESLIE,TY,NN,31.5,297.5,55,988,3,9,3,9,150,170,150,130,150,80,80,,130,80,TS,WN,B,B,330,1012,NaN,D,80,RJP,
2012090918,12l.2012,LESLIE,TY,NN,32.6,297.7,55,988,7,11,7,11,148,170,150,120,150,80,80,80,120,80,TS,WN,B,B,330,1012,NaN,D,80,JLF,
2012091000,12l.2012,LESLIE,TY,NN,33.8,298.0,55,988,10,12,10,12,148,170,150,120,150,80,80,80,120,80,TS,WN,B,B,330,1012,NaN,D,80,SRS,
2012091006,12l.2012,LESLIE,TY,NN,35.1,298.4,60,985,13,13,13,13,162,180,180,140,150,72,80,80,140,70,TS,WN,B,B,280,1006,NaN,D,80,DPB,
2012091012,12l.2012,LESLIE,TY,NN,36.4,299.2,65,980,21,14,21,14,162,180,180,140,150,72,80,80,140,70,HU,WN,B,B,280,1006,NaN,D,80,LAA,
2012091018,12l.2012,LESLIE,TY,NN,38.5,300.2,65,975,23,18,23,18,162,180,180,140,150,78,80,100,140,70,HU,WN,B,B,280,1006,NaN,D,80,LAA,
2012091100,12l.2012,LESLIE,TY,NN,41.1,301.4,65,970,20,25,20,25,162,180,180,140,150,85,90,120,140,70,HU,WN,B,B,280,1006,NaN,D,50,SRS,
2012091106,12l.2012,LESLIE,TY,NN,44.0,302.7,65,968,19,29,19,29,218,270,270,180,150,95,120,140,180,60,HU,WN,B,B,330,1004,NaN,D,100,DPB,
2012091112,12l.2012,LESLIE,TY,NN,47.7,305.1,65,970,22,36,22,36,232,300,300,180,150,105,150,150,180,60,EX,WN,B,B,330,1004,0.60,D,100,LAA,
2012091118,12l.2012,LESLIE,TY,NN,51.6,308.1,60,972,25,42,25,42,232,300,300,180,150,105,150,150,180,60,EX,NW,B,B,330,1004,NaN,NaN,100,NaN,
2012091200,12l.2012,LESLIE,TY,NN,55.5,311.5,55,975,27,44,27,44,232,300,300,180,150,105,150,150,180,60,EX,NW,B,B,330,1004,NaN,NaN,100,NaN,
2012090100,b9l.2012,9X-B9L,TY,NN,32.3,328.7,15,1018,226,14,226,14,NaN,NaN,NaN,NaN,NaN,NaN,NaN,NaN,NaN,NaN,DB,NW,b,b,NaN,NaN,NaN,NaN,NaN,NaN,
2012090106,b9l.2012,9X-B9L,TY,NN,31.2,327.5,15,1018,226,14,226,14,NaN,NaN,NaN,NaN,NaN,NaN,NaN,NaN,NaN,NaN,DB,NW,b,b,NaN,NaN,NaN,NaN,NaN,NaN,
2012090112,b9l.2012,9X-B9L,TY,NN,30.3,326.3,15,1017,226,14,226,14,NaN,NaN,NaN,NaN,NaN,NaN,NaN,NaN,NaN,NaN,DB,NW,b,b,NaN,NaN,NaN,NaN,NaN,NaN,
2012090118,b9l.2012,9X-B9L,TY,NN,29.4,324.9,20,1016,231,14,231,14,NaN,NaN,NaN,NaN,NaN,NaN,NaN,NaN,NaN,NaN,DB,NW,b,b,NaN,NaN,NaN,NaN,NaN,NaN,
2012090200,b9l.2012,9X-B9L,TY,NN,28.9,323.3,20,1015,232,14,242,15,NaN,NaN,NaN,NaN,NaN,NaN,NaN,NaN,NaN,NaN,LO,NW,B,B,150,1018,NaN,M,60,NaN,
2012090206,b9l.2012,9X-B9L,TY,NN,28.1,322.1,25,1015,232,14,242,14,NaN,NaN,NaN,NaN,NaN,NaN,NaN,NaN,NaN,NaN,LO,NW,B,B,150,1018,NaN,M,60,NaN,
2012090212,b9l.2012,9X-B9L,TY,NN,27.2,320.8,25,1015,232,14,232,14,NaN,NaN,NaN,NaN,NaN,NaN,NaN,NaN,NaN,NaN,LO,NW,B,B,110,1018,NaN,NaN,20,NaN,
2012090218,b9l.2012,9X-B9L,TY,NN,26.4,319.9,25,1015,229,13,229,13,NaN,NaN,NaN,NaN,NaN,NaN,NaN,NaN,NaN,NaN,LO,NW,B,B,110,1017,NaN,S,20,NaN,
2012090300,b9l.2012,9X-B9L,TY,NN,25.8,319.3,25,1015,224,10,224,10,NaN,NaN,NaN,NaN,NaN,NaN,NaN,NaN,NaN,NaN,LO,NW,B,B,100,1018,NaN,S,15,NaN,
2012090306,b9l.2012,9X-B9L,TY,NN,25.4,318.8,25,1015,225,7,225,7,NaN,NaN,NaN,NaN,NaN,NaN,NaN,NaN,NaN,NaN,TD,NW,B,B,100,1018,NaN,M,15,NaN,
2012090312,b9l.2012,9X-B9L,TY,NN,25.3,318.3,25,1014,241,5,241,5,NaN,NaN,NaN,NaN,NaN,NaN,NaN,NaN,NaN,NaN,TD,NW,B,B,100,1018,NaN,M,15,NaN,
2012090318,13l.2012,MICHAEL,TY,NN,25.5,317.9,30,1013,277,4,277,4,NaN,NaN,NaN,NaN,NaN,NaN,NaN,NaN,NaN,NaN,TD,WN,B,B,100,1018,NaN,M,15,DPB,
2012090400,13l.2012,MICHAEL,TY,NN,25.8,317.5,30,1011,305,4,305,4,NaN,NaN,NaN,NaN,NaN,NaN,NaN,NaN,NaN,NaN,TD,WN,B,B,120,1018,NaN,M,15,TBK,
2012090406,13l.2012,MICHAEL,TY,NN,26.2,317.0,35,1009,311,5,311,5,25,30,,,20,NaN,NaN,NaN,NaN,NaN,TS,WN,B,B,120,1016,NaN,M,15,ESB,
2012090412,13l.2012,MICHAEL,TY,NN,26.7,316.5,40,1007,315,6,315,6,27,30,30,,20,NaN,NaN,NaN,NaN,NaN,TS,WN,B,B,120,1016,NaN,M,15,LAA,
2012090418,13l.2012,MICHAEL,TY,NN,27.1,316.3,45,1006,325,5,325,5,25,30,30,20,20,NaN,NaN,NaN,NaN,NaN,TS,WN,B,B,140,1016,NaN,M,15,DPB,
2012090500,13l.2012,MICHAEL,TY,NN,27.4,316.2,45,1005,339,4,339,4,25,30,30,20,20,NaN,NaN,NaN,NaN,NaN,TS,WN,B,B,140,1016,NaN,M,15,RJP,
2012090506,13l.2012,MICHAEL,TY,NN,27.8,316.2,45,1005,353,4,353,4,28,30,30,20,30,NaN,NaN,NaN,NaN,NaN,TS,WN,B,B,140,1016,NaN,M,20,MJB,
2012090512,13l.2012,MICHAEL,TY,NN,28.2,316.5,50,1001,18,4,18,4,35,50,40,20,30,20,20,20,20,,TS,WN,B,B,140,1016,NaN,M,20,DPR,
2012090518,13l.2012,MICHAEL,TY,NN,28.6,316.9,65,992,38,5,38,5,35,50,40,20,30,20,20,20,20,,HU,WN,B,B,140,1016,NaN,M,10,DPR,
2012090600,13l.2012,MICHAEL,TY,NN,29.0,317.4,80,981,45,6,45,6,40,60,40,20,40,20,30,20,20,20,HU,WN,B,B,140,1016,NaN,D,10,ESB,
2012090606,13l.2012,MICHAEL,TY,NN,29.4,318.0,95,968,50,6,50,6,48,60,60,30,40,25,30,30,30,20,HU,WN,B,B,150,1015,NaN,D,10,ESB,
2012090612,13l.2012,MICHAEL,TY,NN,29.9,318.6,100,964,49,7,49,7,48,60,60,30,40,25,30,30,30,20,HU,WN,B,B,150,1015,NaN,D,10,DPR,
2012090618,13l.2012,MICHAEL,TY,NN,30.3,319.0,95,968,44,6,44,6,50,60,60,40,40,25,30,30,40,20,HU,WN,B,B,150,1015,NaN,D,15,DPR,
2012090700,13l.2012,MICHAEL,TY,NN,30.6,319.2,90,970,37,4,37,4,55,60,60,50,50,30,30,40,50,20,HU,WN,B,B,225,1015,NaN,D,15,RJB,
2012090706,13l.2012,MICHAEL,TY,NN,30.9,319.2,90,970,16,3,16,3,55,60,60,50,50,30,30,40,50,20,HU,WN,B,B,225,1015,NaN,D,15,JPC,
2012090712,13l.2012,MICHAEL,TY,NN,31.1,319.0,90,970,341,3,341,3,55,60,60,50,50,30,30,40,50,20,HU,WN,B,B,225,1015,NaN,D,15,ESB,
2012090718,13l.2012,MICHAEL,TY,NN,31.3,318.8,85,973,319,3,319,3,55,60,60,50,50,28,30,30,50,20,HU,WN,B,B,225,1015,NaN,D,15,ESB,
2012090800,13l.2012,MICHAEL,TY,NN,31.6,318.5,80,977,320,3,320,3,50,60,60,40,40,25,30,30,40,20,HU,WN,B,B,230,1016,NaN,D,15,RJB,
2012090806,13l.2012,MICHAEL,TY,NN,32.0,318.3,80,978,329,4,329,4,50,60,60,40,40,22,30,20,40,20,HU,WN,B,B,230,1016,NaN,D,15,JPC,
2012090812,13l.2012,MICHAEL,TY,NN,32.4,318.1,85,975,337,4,337,4,50,60,60,40,40,22,30,20,40,20,HU,WN,B,B,180,1016,NaN,D,10,ESB,
2012090818,13l.2012,MICHAEL,TY,NN,32.9,317.9,90,972,339,5,339,5,50,60,60,40,40,22,30,20,40,20,HU,WN,B,B,190,1017,NaN,D,10,ESB,
2012090900,13l.2012,MICHAEL,TY,NN,33.3,317.7,90,973,340,5,340,5,50,60,60,40,40,25,30,30,40,20,HU,WN,B,B,200,1018,NaN,D,10,RJB,
2012090906,13l.2012,MICHAEL,TY,NN,33.6,317.4,85,976,329,4,329,4,50,60,60,40,40,25,30,30,40,20,HU,WN,B,B,200,1018,NaN,D,10,JPC,
2012090912,13l.2012,MICHAEL,TY,NN,33.7,317.1,85,976,309,3,309,3,58,60,60,50,60,30,30,40,50,30,HU,WN,B,B,225,1018,NaN,D,10,TBK,
2012090918,13l.2012,MICHAEL,TY,NN,33.7,316.5,80,979,278,4,278,4,58,60,60,50,60,30,30,40,50,30,HU,WN,B,B,200,1017,NaN,D,10,TBK,
2012091000,13l.2012,MICHAEL,TY,NN,33.6,315.9,75,982,264,5,264,5,65,70,70,60,60,30,30,30,60,30,HU,WN,B,B,200,1016,NaN,D,10,DPR,
2012091006,13l.2012,MICHAEL,TY,NN,33.4,315.1,70,985,256,6,256,6,65,70,70,60,60,30,30,30,60,30,HU,WN,B,B,200,1016,NaN,D,15,JPC,
2012091012,13l.2012,MICHAEL,TY,NN,33.6,314.2,70,986,270,7,270,7,65,70,70,60,60,30,30,30,60,30,HU,WN,B,B,180,1017,NaN,D,15,TBK,
2012091018,13l.2012,MICHAEL,TY,NN,33.9,313.1,65,988,287,9,287,9,65,70,70,60,60,28,30,30,60,30,HU,WN,B,B,175,1017,NaN,D,15,TBK,
2012091100,13l.2012,MICHAEL,TY,NN,34.8,312.2,60,991,306,10,306,10,50,70,70,30,30,25,30,30,30,20,TS,WN,B,B,150,1014,NaN,D,15,DPR,
2012091106,13l.2012,MICHAEL,TY,NN,36.4,312.2,55,994,344,13,344,13,70,70,70,,,30,30,30,,,TS,WN,B,B,150,1014,NaN,D,20,JPC,
2012091112,13l.2012,MICHAEL,TY,NN,38.2,312.4,45,997,3,17,3,17,70,70,70,,,NaN,NaN,NaN,NaN,NaN,TS,WN,B,B,150,1014,NaN,D,20,LAA,
2012091118,13l.2012,MICHAEL,TY,NN,40.2,313.4,40,1000,14,20,14,20,70,70,70,,,NaN,NaN,NaN,NaN,NaN,LO,WN,B,B,150,1014,NaN,D,20,LAA,
2012091200,13l.2012,MICHAEL,TY,NN,42.5,315.0,35,1003,25,24,25,24,70,70,70,,,NaN,NaN,NaN,NaN,NaN,LO,NW,B,B,NaN,NaN,NaN,NaN,NaN,NaN,
2012091206,13l.2012,MICHAEL,TY,NN,45.0,317.4,30,1006,32,28,32,28,NaN,NaN,NaN,NaN,NaN,NaN,NaN,NaN,NaN,NaN,LO,NW,B,B,NaN,NaN,NaN,NaN,NaN,NaN,
2012090712,c1l.2012,9X-C1L,TY,NN,13.4,344.3,20,1010,283,15,283,15,NaN,NaN,NaN,NaN,NaN,NaN,NaN,NaN,NaN,NaN,DB,NW,b,b,NaN,NaN,0.96,NaN,NaN,NaN,
2012090718,c1l.2012,9X-C1L,TY,NN,13.8,342.7,20,1009,283,15,283,15,NaN,NaN,NaN,NaN,NaN,NaN,NaN,NaN,NaN,NaN,DB,NW,b,b,NaN,NaN,NaN,NaN,NaN,NaN,
2012090800,c1l.2012,9X-C1L,TY,NN,14.1,341.2,20,1009,283,15,283,15,NaN,NaN,NaN,NaN,NaN,NaN,NaN,NaN,NaN,NaN,DB,NW,b,b,NaN,NaN,NaN,NaN,NaN,NaN,
2012090806,c1l.2012,9X-C1L,TY,NN,14.4,339.3,25,1009,280,17,280,17,NaN,NaN,NaN,NaN,NaN,NaN,NaN,NaN,NaN,NaN,DB,NW,C,C,120,1011,NaN,S,60,NaN,
2012090812,c1l.2012,9X-C1L,TY,NN,14.5,339.0,25,1009,280,12,281,11,NaN,NaN,NaN,NaN,NaN,NaN,NaN,NaN,NaN,NaN,DB,NW,C,C,120,1011,NaN,S,75,NaN,
2012090818,c1l.2012,9X-C1L,TY,NN,14.3,337.2,25,1008,275,13,267,10,NaN,NaN,NaN,NaN,NaN,NaN,NaN,NaN,NaN,NaN,LO,NW,C,C,200,1011,NaN,S,90,NaN,
2012090900,c1l.2012,9X-C1L,TY,NN,14.5,335.1,25,1008,275,16,270,19,NaN,NaN,NaN,NaN,NaN,NaN,NaN,NaN,NaN,NaN,LO,NW,C,C,200,1013,NaN,S,90,NaN,
2012090906,c1l.2012,9X-C1L,TY,NN,14.7,333.2,25,1008,275,18,276,19,NaN,NaN,NaN,NaN,NaN,NaN,NaN,NaN,NaN,NaN,LO,NW,C,C,250,1013,NaN,S,90,NaN,
2012090912,c1l.2012,9X-C1L,TY,NN,14.6,330.8,25,1008,271,21,271,21,NaN,NaN,NaN,NaN,NaN,NaN,NaN,NaN,NaN,NaN,LO,NW,b,b,NaN,NaN,NaN,NaN,NaN,NaN,
2012090918,c1l.2012,9X-C1L,TY,NN,14.8,328.6,25,1008,271,22,271,22,NaN,NaN,NaN,NaN,NaN,NaN,NaN,NaN,NaN,NaN,LO,NW,b,b,200,1012,NaN,NaN,80,NaN,
2012091000,c1l.2012,9X-C1L,TY,NN,15.0,326.4,25,1008,275,21,275,21,NaN,NaN,NaN,NaN,NaN,NaN,NaN,NaN,NaN,NaN,LO,NW,C,C,200,1012,NaN,S,80,NaN,
2012091006,c1l.2012,9X-C1L,TY,NN,15.2,325.1,25,1008,275,18,277,17,NaN,NaN,NaN,NaN,NaN,NaN,NaN,NaN,NaN,NaN,LO,NW,C,C,200,1012,NaN,M,70,NaN,
2012091012,c1l.2012,9X-C1L,TY,NN,15.5,322.0,25,1008,276,14,277,21,NaN,NaN,NaN,NaN,NaN,NaN,NaN,NaN,NaN,NaN,TD,NW,B,B,200,1012,NaN,M,70,NaN,
2012091018,c1l.2012,9X-C1L,TY,NN,15.6,320.6,25,1007,276,14,275,22,NaN,NaN,NaN,NaN,NaN,NaN,NaN,NaN,NaN,NaN,TD,NW,B,B,200,1012,NaN,M,60,NaN,
2012091100,c1l.2012,9X-C1L,TY,NN,15.8,319.2,25,1007,276,14,276,14,NaN,NaN,NaN,NaN,NaN,NaN,NaN,NaN,NaN,NaN,TD,NW,B,B,200,1012,NaN,M,60,NaN,
2012091106,c1l.2012,9X-C1L,TY,NN,16.0,318.1,25,1007,279,12,279,12,NaN,NaN,NaN,NaN,NaN,NaN,NaN,NaN,NaN,NaN,TD,NW,B,B,200,1012,NaN,M,60,NaN,
2012091112,14l.2012,NADINE,TY,NN,16.4,317.2,30,1006,287,10,287,10,NaN,NaN,NaN,NaN,NaN,NaN,NaN,NaN,NaN,NaN,TD,WN,B,B,200,1013,NaN,M,60,RJB,
2012091118,14l.2012,NADINE,TY,NN,16.9,316.3,30,1006,298,10,298,10,NaN,NaN,NaN,NaN,NaN,NaN,NaN,NaN,NaN,NaN,TD,WN,B,B,250,1011,NaN,M,60,RJB,
2012091200,14l.2012,NADINE,TY,NN,17.5,315.2,35,1004,300,11,300,11,70,100,,,40,NaN,NaN,NaN,NaN,NaN,TS,WN,B,B,250,1011,NaN,M,25,SRS,
2012091206,14l.2012,NADINE,TY,NN,18.1,314.1,45,1001,300,12,300,12,58,100,50,20,60,NaN,NaN,NaN,NaN,NaN,TS,WN,B,B,275,1010,NaN,D,30,JLB,
2012091212,14l.2012,NADINE,TY,NN,18.8,312.9,50,997,301,13,301,13,75,100,100,20,80,47,50,50,20,40,TS,WN,B,B,275,1011,NaN,D,20,HPC,
2012091218,14l.2012,NADINE,TY,NN,19.5,311.7,55,994,302,13,302,13,82,100,100,30,100,47,50,50,30,40,TS,WN,B,B,300,1010,NaN,D,20,HPC,
2012091300,14l.2012,NADINE,TY,NN,20.2,310.5,60,990,302,13,302,13,98,120,120,40,110,50,60,50,40,40,TS,WN,B,B,300,1010,NaN,D,15,SRS,
2012091306,14l.2012,NADINE,TY,NN,21.0,309.4,60,990,305,13,305,13,108,150,120,40,120,50,60,50,40,40,TS,WN,B,B,300,1011,NaN,D,15,JLB,
2012091312,14l.2012,NADINE,TY,NN,22.0,308.3,60,990,311,14,311,14,125,180,130,40,150,50,60,50,40,40,TS,WN,B,B,240,1012,NaN,D,15,HPC,
2012091318,14l.2012,NADINE,TY,NN,23.2,307.4,60,989,320,14,320,14,142,200,160,60,150,63,80,50,60,60,TS,WN,B,B,240,1012,NaN,D,15,HPC,
2012091400,14l.2012,NADINE,TY,NN,24.4,306.6,60,989,327,14,327,14,148,200,180,60,150,63,80,50,60,60,TS,WN,B,B,220,1012,NaN,D,15,MJB,
2012091406,14l.2012,NADINE,TY,NN,25.6,306.0,60,987,332,14,332,14,148,200,180,60,150,63,80,50,60,60,TS,WN,B,B,220,1012,NaN,D,15,JLB,
2012091412,14l.2012,NADINE,TY,NN,27.0,306.0,60,986,348,13,348,13,148,200,180,60,150,63,80,50,60,60,TS,WN,B,B,220,1012,NaN,D,15,HPC,
2012091418,14l.2012,NADINE,TY,NN,28.3,306.3,65,984,6,14,6,14,148,200,180,60,150,55,80,50,60,60,HU,WN,B,B,240,1013,NaN,D,15,RJB,
2012091500,14l.2012,NADINE,TY,NN,29.6,306.7,70,981,13,13,13,13,145,180,180,80,140,55,80,50,80,60,HU,WN,B,B,240,1013,NaN,D,20,MJB,
2012091506,14l.2012,NADINE,TY,NN,30.5,307.8,70,980,31,13,31,13,150,180,180,100,140,55,80,50,100,60,HU,WN,B,B,240,1013,NaN,D,20,JLB,
2012091512,14l.2012,NADINE,TY,NN,30.8,309.3,70,980,62,13,62,13,145,160,160,120,140,60,70,60,120,60,HU,WN,B,B,270,1014,NaN,D,20,RJB,
2012091518,14l.2012,NADINE,TY,NN,30.8,310.9,70,980,84,13,84,13,145,160,160,120,140,58,50,60,120,60,HU,WN,B,B,270,1013,NaN,D,20,RJB,
2012091600,14l.2012,NADINE,TY,NN,30.7,312.5,70,981,92,14,92,14,140,140,160,120,140,55,50,60,120,50,HU,WN,B,B,290,1013,NaN,D,20,MJB,
2012091606,14l.2012,NADINE,TY,NN,30.6,314.6,65,984,94,16,94,16,145,140,160,140,140,55,50,60,140,50,HU,WN,B,B,290,1013,NaN,D,20,JLB,
2012091612,14l.2012,NADINE,TY,NN,30.6,317.0,65,985,91,19,91,19,145,140,160,140,140,62,50,80,140,50,HU,WN,B,B,290,1013,NaN,D,20,SRS,
2012091618,14l.2012,NADINE,TY,NN,30.8,319.4,65,985,87,21,87,21,145,140,160,140,140,62,50,80,140,50,HU,WN,B,B,290,1013,NaN,D,20,SRS,
2012091700,14l.2012,NADINE,TY,NN,31.1,321.2,60,986,82,18,82,18,145,140,160,140,140,62,50,80,140,50,TS,WN,B,B,330,1010,NaN,D,30,DPB,
2012091706,14l.2012,NADINE,TY,NN,31.7,322.9,60,987,73,16,73,16,148,140,170,140,140,68,60,90,140,50,TS,WN,B,B,330,1010,NaN,D,40,JLB,
2012091712,14l.2012,NADINE,TY,NN,32.5,324.1,55,988,60,14,60,14,148,140,170,140,140,68,60,90,140,50,TS,WN,B,B,330,1010,NaN,D,40,SRS,
2012091718,14l.2012,NADINE,TY,NN,33.1,324.9,55,988,50,11,50,11,150,140,170,150,140,68,60,90,150,50,TS,WN,B,B,330,1010,NaN,D,40,SRS,
2012091800,14l.2012,NADINE,TY,NN,33.5,325.5,50,989,50,8,50,8,150,140,170,150,140,65,60,90,150,50,TS,WN,B,B,375,1012,NaN,D,40,DPB,
2012091806,14l.2012,NADINE,TY,NN,33.9,326.1,50,989,51,6,51,6,155,150,170,150,150,52,30,90,150,30,TS,WN,B,B,390,1013,NaN,D,50,RJB,
2012091812,14l.2012,NADINE,TY,NN,34.3,326.7,50,989,51,6,51,6,155,150,170,150,150,70,,80,150,,TS,WN,B,B,360,1014,NaN,D,50,RJP,
2012091818,14l.2012,NADINE,TY,NN,34.9,327.3,50,989,45,7,45,7,188,200,170,180,200,70,,80,180,,TS,WN,B,B,360,1014,NaN,D,70,RJP,
2012091900,14l.2012,NADINE,TY,NN,35.5,327.7,50,989,34,7,34,7,188,200,170,180,200,80,,80,180,,TS,WN,B,B,400,1016,NaN,M,70,DPB,
2012091906,14l.2012,NADINE,TY,NN,36.1,328.0,50,989,25,7,25,7,188,200,170,180,200,80,,80,180,,TS,WN,B,B,400,1016,NaN,M,70,LAA,
2012091912,14l.2012,NADINE,TY,NN,36.7,328.0,50,989,11,6,11,6,182,200,150,180,200,73,,80,180,60,TS,WN,B,B,400,1016,NaN,M,70,RJP,
2012091918,14l.2012,NADINE,TY,NN,37.1,328.0,50,987,360,5,360,5,182,200,150,180,200,87,,80,180,100,TS,WN,B,B,400,1015,NaN,M,70,RJP,
2012092000,14l.2012,NADINE,TY,NN,37.2,328.4,50,986,33,3,33,3,188,180,150,180,240,87,,80,180,100,TS,WN,B,B,400,1015,NaN,M,105,DPB,
2012092006,14l.2012,NADINE,TY,NN,36.9,329.1,50,986,103,5,103,5,180,150,150,180,240,87,,80,180,100,TS,WN,B,B,400,1015,NaN,M,105,LAA,
2012092012,14l.2012,NADINE,TY,NN,36.5,330.0,50,986,119,7,119,7,188,150,150,180,270,60,,40,180,80,TS,WN,B,B,400,1015,NaN,M,105,RJP,
2012092018,14l.2012,NADINE,TY,NN,36.2,331.0,55,984,115,8,115,8,202,180,150,180,300,70,,,180,80,TS,WN,B,B,425,1014,NaN,M,100,MJB,
2012092100,14l.2012,NADINE,TY,NN,35.9,331.8,55,984,112,8,112,8,220,180,150,200,350,70,,,200,80,TS,WN,B,B,425,1014,NaN,M,70,TBK,
2012092106,14l.2012,NADINE,TY,NN,35.4,332.6,55,984,122,8,122,8,220,180,150,200,350,65,,,200,80,TS,WN,B,B,425,1014,NaN,M,70,LAA,
2012092112,14l.2012,NADINE,TY,NN,34.6,332.7,50,984,151,7,151,7,212,180,150,200,320,65,,,200,80,TS,WN,B,B,375,1014,NaN,M,70,MJB,
2012092118,14l.2012,NADINE,TY,NN,33.6,332.8,50,984,175,9,175,9,208,180,150,200,300,60,,,200,70,LO,WN,B,B,200,1005,NaN,M,70,ESB,
2012092200,14l.2012,NADINE,TY,NN,32.5,333.1,45,985,171,11,171,11,202,180,150,200,280,NaN,NaN,NaN,NaN,NaN,LO,WN,B,B,200,1005,NaN,M,70,JLB,
2012092206,14l.2012,NADINE,TY,NN,31.8,333.3,45,986,167,9,167,9,192,200,150,180,240,NaN,NaN,NaN,NaN,NaN,LO,NW,B,B,200,1005,NaN,M,70,NaN,
2012092212,14l.2012,NADINE,TY,NN,31.0,333.6,45,987,164,8,164,8,185,220,120,160,240,NaN,NaN,NaN,NaN,NaN,LO,NW,B,B,200,1008,NaN,M,70,NaN,
2012092218,14l.2012,NADINE,TY,NN,30.5,333.8,45,987,162,7,162,7,182,220,120,150,240,NaN,NaN,NaN,NaN,NaN,LO,NW,B,B,200,1008,NaN,NaN,70,NaN,
2012092300,14l.2012,NADINE,TY,NN,30.4,334.1,45,987,144,4,144,4,182,220,120,150,240,NaN,NaN,NaN,NaN,NaN,TS,NW,B,B,200,1008,NaN,M,55,NaN,
2012092306,14l.2012,NADINE,TY,NN,30.4,334.4,50,987,101,3,101,3,182,220,120,150,240,40,40,,150,40,TS,NW,B,B,200,1008,NaN,M,35,NaN,
2012092312,14l.2012,NADINE,TY,NN,30.6,334.6,50,987,65,2,65,2,170,200,140,140,200,40,40,,140,40,TS,WN,B,B,300,1012,NaN,M,30,DPB,
2012092318,14l.2012,NADINE,TY,NN,30.9,334.2,50,988,341,3,341,3,165,200,140,120,200,40,40,,120,40,TS,WN,B,B,240,1010,NaN,M,30,DPB,
2012092400,14l.2012,NADINE,TY,NN,31.1,333.8,45,990,306,4,306,4,165,200,140,120,200,NaN,NaN,NaN,NaN,NaN,TS,WN,B,B,240,1012,NaN,M,50,RJP,
2012092406,14l.2012,NADINE,TY,NN,31.3,333.3,45,992,297,4,297,4,155,180,140,100,200,NaN,NaN,NaN,NaN,NaN,TS,WN,B,B,240,1012,NaN,M,50,SRS,
2012092412,14l.2012,NADINE,TY,NN,31.5,332.6,45,995,291,6,291,6,140,150,140,90,180,NaN,NaN,NaN,NaN,NaN,TS,WN,B,B,240,1014,NaN,S,50,DPB,
2012092418,14l.2012,NADINE,TY,NN,31.8,331.9,45,996,293,6,293,6,130,150,120,90,160,NaN,NaN,NaN,NaN,NaN,TS,WN,B,B,225,1012,NaN,S,40,DPB,
2012092500,14l.2012,NADINE,TY,NN,32.1,331.2,40,996,297,7,297,7,122,150,90,90,160,NaN,NaN,NaN,NaN,NaN,TS,WN,B,B,200,1014,NaN,M,40,RJP,
2012092506,14l.2012,NADINE,TY,NN,32.1,330.5,40,996,284,6,284,6,122,150,90,90,160,NaN,NaN,NaN,NaN,NaN,TS,WN,B,B,200,1014,NaN,M,40,SRS,
2012092512,14l.2012,NADINE,TY,NN,32.0,330.1,40,997,264,5,264,5,122,150,90,90,160,NaN,NaN,NaN,NaN,NaN,TS,WN,B,B,225,1014,NaN,M,40,DPB,
2012092518,14l.2012,NADINE,TY,NN,31.7,329.9,40,997,232,3,232,3,115,120,90,90,160,NaN,NaN,NaN,NaN,NaN,TS,WN,B,B,225,1013,NaN,M,40,DPB,
2012092600,14l.2012,NADINE,TY,NN,31.4,329.7,40,998,210,3,210,3,105,100,90,90,140,NaN,NaN,NaN,NaN,NaN,TS,WN,B,B,225,1013,NaN,M,40,RJP,
2012092606,14l.2012,NADINE,TY,NN,31.1,329.6,40,998,203,3,203,3,95,100,90,90,100,NaN,NaN,NaN,NaN,NaN,TS,WN,B,B,180,1012,NaN,M,60,ESB,
2012092612,14l.2012,NADINE,TY,NN,30.7,329.5,45,995,194,4,194,4,95,100,90,90,100,NaN,NaN,NaN,NaN,NaN,TS,WN,B,B,180,1012,NaN,M,40,JLB,
2012092618,14l.2012,NADINE,TY,NN,30.2,329.3,50,993,196,5,196,5,95,100,90,90,100,50,50,,90,50,TS,WN,B,B,180,1012,NaN,M,40,JLB,
2012092700,14l.2012,NADINE,TY,NN,29.6,329.0,50,993,201,6,201,6,92,110,60,80,120,50,50,,80,50,TS,WN,B,B,180,1013,NaN,M,40,LAA,
2012092706,14l.2012,NADINE,TY,NN,29.1,328.6,50,993,209,6,209,6,92,110,60,80,120,50,50,,80,50,TS,WN,B,B,180,1014,NaN,M,40,ESB,
2012092712,14l.2012,NADINE,TY,NN,28.7,328.1,50,993,221,6,221,6,92,110,60,80,120,50,50,,80,50,TS,WN,B,B,180,1014,NaN,M,40,JLB,
2012092718,14l.2012,NADINE,TY,NN,28.5,327.5,55,993,238,6,238,6,100,120,80,80,120,50,50,,80,50,TS,WN,B,B,180,1014,NaN,D,30,JLB,
2012092800,14l.2012,NADINE,TY,NN,28.5,326.8,55,993,260,6,260,6,100,120,80,80,120,50,50,,80,50,TS,WN,B,B,180,1014,NaN,D,30,LAA,
2012092806,14l.2012,NADINE,TY,NN,28.7,326.1,60,991,279,6,279,6,95,120,80,80,100,50,50,,80,50,TS,WN,B,B,180,1016,NaN,D,30,ESB,
2012092812,14l.2012,NADINE,TY,NN,29.2,325.6,65,988,304,6,304,6,88,120,70,70,90,35,40,30,70,40,HU,WN,B,B,180,1016,NaN,D,25,JLB,
2012092818,14l.2012,NADINE,TY,NN,29.7,325.2,65,988,322,6,322,6,88,120,70,70,90,35,40,30,70,40,HU,WN,B,B,180,1016,NaN,D,25,JLB,
2012092900,14l.2012,NADINE,TY,NN,30.5,324.7,65,988,329,8,329,8,78,100,70,60,80,35,40,30,60,40,HU,WN,B,B,180,1016,NaN,D,25,LAA,
2012092906,14l.2012,NADINE,TY,NN,31.4,324.3,65,988,335,9,335,9,78,100,70,60,80,35,40,30,60,40,HU,WN,B,B,180,1017,NaN,D,25,ESB,
2012092912,14l.2012,NADINE,TY,NN,32.6,323.9,65,988,342,11,342,11,78,100,70,60,80,35,40,30,60,40,HU,WN,B,B,180,1018,NaN,D,20,JLB,
2012092918,14l.2012,NADINE,TY,NN,33.8,323.4,70,986,342,13,342,13,78,100,70,60,80,35,40,30,60,40,HU,WN,B,B,180,1018,NaN,D,20,JLB,
2012093000,14l.2012,NADINE,TY,NN,35.0,322.9,75,983,341,13,341,13,78,100,70,60,80,35,40,30,60,40,HU,WN,B,B,180,1018,NaN,D,30,LAA,
2012093006,14l.2012,NADINE,TY,NN,36.0,322.4,75,982,340,12,340,12,78,100,70,60,80,35,40,30,60,40,HU,WN,B,B,180,1018,NaN,D,25,JPC,
2012093012,14l.2012,NADINE,TY,NN,36.8,321.7,80,978,332,10,332,10,78,100,70,60,80,35,40,30,60,40,HU,WN,B,B,180,1018,NaN,D,25,DPB,
2012093018,14l.2012,NADINE,TY,NN,37.2,321.1,80,978,319,8,319,8,88,110,90,70,80,42,50,40,70,40,HU,WN,B,B,240,1019,NaN,D,25,RJB,
2012100100,14l.2012,NADINE,TY,NN,36.9,320.6,75,980,276,4,276,4,88,110,90,70,80,42,50,40,70,40,HU,WN,B,B,240,1019,NaN,D,30,TBK,
2012100106,14l.2012,NADINE,TY,NN,36.4,320.6,65,988,207,4,207,4,92,110,90,80,90,45,50,40,80,50,HU,WN,B,B,240,1019,NaN,D,30,JPC,
2012100112,14l.2012,NADINE,TY,NN,35.9,320.6,60,991,180,5,180,5,95,110,90,90,90,48,50,50,90,50,TS,WN,B,B,250,1020,NaN,D,30,DPB,
2012100118,14l.2012,NADINE,TY,NN,35.4,320.6,55,995,180,5,180,5,95,110,90,90,90,48,50,50,90,50,TS,WN,B,B,250,1020,NaN,D,30,DPB,
2012100200,14l.2012,NADINE,TY,NN,34.8,320.9,55,995,167,6,167,6,95,100,90,90,100,40,40,40,90,40,TS,WN,B,B,250,1020,NaN,M,30,SRS,
2012100206,14l.2012,NADINE,TY,NN,34.5,321.5,55,995,141,6,141,6,95,100,90,90,100,40,40,40,90,40,TS,WN,B,B,250,1020,NaN,M,40,RJP,
2012100212,14l.2012,NADINE,TY,NN,34.3,322.1,55,995,117,6,117,6,78,70,80,90,70,28,20,40,90,20,TS,WN,B,B,250,1020,NaN,M,35,DPB,
2012100218,14l.2012,NADINE,TY,NN,34.3,322.9,55,995,100,6,100,6,75,70,80,80,70,28,20,40,80,20,TS,WN,B,B,250,1018,NaN,M,20,DPB,
2012100300,14l.2012,NADINE,TY,NN,34.4,323.8,50,998,86,7,86,7,72,70,80,80,60,25,20,30,80,,TS,WN,B,B,225,1018,NaN,M,20,SRS,
2012100306,14l.2012,NADINE,TY,NN,34.6,324.7,45,1000,79,8,79,8,72,70,80,80,60,NaN,NaN,NaN,NaN,NaN,TS,WN,B,B,225,1018,NaN,M,40,JLB,
2012100312,14l.2012,NADINE,TY,NN,34.9,326.0,45,1000,75,9,75,9,82,90,90,90,60,NaN,NaN,NaN,NaN,NaN,TS,WN,B,B,225,1018,NaN,M,50,LAA,
2012100318,14l.2012,NADINE,TY,NN,35.4,327.5,40,1000,71,12,71,12,90,90,120,90,60,NaN,NaN,NaN,NaN,NaN,TS,WN,B,B,225,1018,NaN,M,60,NaN,
2012100400,14l.2012,NADINE,TY,NN,36.3,329.1,40,998,61,14,61,14,110,100,180,100,60,NaN,NaN,NaN,NaN,NaN,LO,WN,B,B,225,1018,NaN,M,80,SRS,
2012100406,14l.2012,NADINE,TY,NN,37.6,330.9,40,996,51,18,51,18,110,100,180,100,60,NaN,NaN,NaN,NaN,NaN,LO,WN,B,B,110,1005,NaN,M,80,JLB,
2012100412,14l.2012,NADINE,TY,NN,39.0,332.8,40,998,50,18,47,20,155,150,160,,,NaN,NaN,NaN,NaN,NaN,DB,WN,C,C,110,1005,0.04,M,80,LAA,
2012092918,c6l.2012,9X-C6L,TS,NN,9.5,335.0,20,1010,257,5,257,5,NaN,NaN,NaN,NaN,NaN,NaN,NaN,NaN,NaN,NaN,LO,NW,b,b,NaN,NaN,NaN,NaN,NaN,NaN,
2012093000,c6l.2012,9X-C6L,TS,NN,9.6,334.0,20,1010,257,5,257,5,NaN,NaN,NaN,NaN,NaN,NaN,NaN,NaN,NaN,NaN,LO,NW,b,b,NaN,NaN,NaN,NaN,NaN,NaN,
2012093006,c6l.2012,9X-C6L,TS,NN,9.3,334.1,20,1009,257,5,257,5,NaN,NaN,NaN,NaN,NaN,NaN,NaN,NaN,NaN,NaN,LO,NW,b,b,NaN,NaN,NaN,NaN,NaN,NaN,
2012093012,c6l.2012,9X-C6L,TS,NN,9.4,332.7,20,1009,261,6,261,6,NaN,NaN,NaN,NaN,NaN,NaN,NaN,NaN,NaN,NaN,LO,NW,b,b,NaN,NaN,NaN,NaN,NaN,NaN,
2012093018,c6l.2012,9X-C6L,TS,NN,9.9,331.0,20,1008,275,10,281,16,NaN,NaN,NaN,NaN,NaN,NaN,NaN,NaN,NaN,NaN,LO,NW,C,C,250,1012,NaN,S,90,NaN,
2012100100,c6l.2012,9X-C6L,TS,NN,10.0,330.0,25,1008,275,10,283,14,NaN,NaN,NaN,NaN,NaN,NaN,NaN,NaN,NaN,NaN,LO,NW,C,C,250,1012,NaN,S,90,NaN,
2012100106,c6l.2012,9X-C6L,TS,NN,10.2,329.0,25,1008,280,10,279,10,NaN,NaN,NaN,NaN,NaN,NaN,NaN,NaN,NaN,NaN,LO,NW,C,C,250,1011,NaN,S,120,NaN,
2012100112,c6l.2012,9X-C6L,TS,NN,10.0,327.0,25,1008,280,10,274,13,NaN,NaN,NaN,NaN,NaN,NaN,NaN,NaN,NaN,NaN,LO,NW,C,C,250,1010,NaN,S,120,NaN,
2012100118,c6l.2012,9X-C6L,TS,NN,9.8,325.0,25,1008,275,15,268,16,NaN,NaN,NaN,NaN,NaN,NaN,NaN,NaN,NaN,NaN,LO,NW,C,C,250,1010,NaN,M,120,NaN,
2012100200,c6l.2012,9X-C6L,TS,NN,9.9,324.0,25,1009,275,12,267,16,NaN,NaN,NaN,NaN,NaN,NaN,NaN,NaN,NaN,NaN,LO,NW,C,C,240,1012,NaN,M,120,NaN,
2012100206,c6l.2012,9X-C6L,TS,NN,10.4,323.0,25,1009,285,11,287,10,NaN,NaN,NaN,NaN,NaN,NaN,NaN,NaN,NaN,NaN,LO,NW,C,C,240,1012,NaN,M,120,NaN,
2012100212,c6l.2012,9X-C6L,TS,NN,12.4,322.0,25,1008,329,15,322,16,NaN,NaN,NaN,NaN,NaN,NaN,NaN,NaN,NaN,NaN,LO,NW,B,B,200,1012,NaN,M,120,NaN,
2012100218,c6l.2012,9X-C6L,TS,NN,13.6,321.3,25,1008,329,15,333,18,NaN,NaN,NaN,NaN,NaN,NaN,NaN,NaN,NaN,NaN,LO,NW,B,B,200,1012,NaN,M,120,NaN,
2012100300,c6l.2012,9X-C6L,TS,NN,15.0,320.4,30,1007,329,15,329,15,NaN,NaN,NaN,NaN,NaN,NaN,NaN,NaN,NaN,NaN,LO,NW,B,B,200,1013,NaN,M,120,NaN,
2012100306,c6l.2012,9X-C6L,TS,NN,16.3,319.5,30,1006,327,16,327,16,NaN,NaN,NaN,NaN,NaN,NaN,NaN,NaN,NaN,NaN,TD,NW,B,B,200,1013,NaN,M,90,NaN,
2012100312,15l.2012,OSCAR,TS,NN,17.4,318.8,30,1006,327,14,327,14,NaN,NaN,NaN,NaN,NaN,NaN,NaN,NaN,NaN,NaN,TD,WN,B,B,200,1013,NaN,M,90,RJB,
2012100318,15l.2012,OSCAR,TS,NN,18.2,318.2,35,1005,327,11,327,11,120,120,120,,,NaN,NaN,NaN,NaN,NaN,TS,WN,B,B,200,1012,NaN,M,120,RJB,
2012100400,15l.2012,OSCAR,TS,NN,18.9,317.9,40,1002,330,9,330,9,130,140,120,,,NaN,NaN,NaN,NaN,NaN,TS,WN,B,B,210,1013,NaN,M,120,TBK,
2012100406,15l.2012,OSCAR,TS,NN,19.5,317.8,40,1001,344,7,344,7,145,160,130,,,NaN,NaN,NaN,NaN,NaN,TS,WN,B,B,200,1012,NaN,M,120,JPC,
2012100412,15l.2012,OSCAR,TS,NN,20.2,318.0,45,998,4,7,4,7,160,180,140,,,NaN,NaN,NaN,NaN,NaN,TS,WN,B,B,220,1012,NaN,M,90,RJB,
2012100418,15l.2012,OSCAR,TS,NN,21.0,318.5,45,996,24,8,24,8,160,180,140,,,NaN,NaN,NaN,NaN,NaN,TS,WN,B,B,200,1009,NaN,M,90,RJB,
2012100500,15l.2012,OSCAR,TS,NN,21.8,319.4,45,995,39,10,39,10,160,180,140,,,NaN,NaN,NaN,NaN,NaN,TS,WN,B,B,200,1009,NaN,M,90,ESB,
2012100506,15l.2012,OSCAR,TS,NN,22.7,320.6,45,994,49,13,49,13,160,180,140,,,NaN,NaN,NaN,NaN,NaN,TS,WN,B,B,150,1005,NaN,M,90,JLB,
2012100512,15l.2012,OSCAR,TS,NN,23.5,322.2,45,994,57,15,57,15,160,180,140,,,NaN,NaN,NaN,NaN,NaN,TS,WN,B,B,150,1005,NaN,M,90,LAA,
2012100600,c7l.2012,9X-C7L,TS,NN,21.5,295.3,25,1009,277,12,277,12,NaN,NaN,NaN,NaN,NaN,NaN,NaN,NaN,NaN,NaN,LO,NW,b,b,NaN,NaN,NaN,NaN,NaN,NaN,
2012100606,c7l.2012,9X-C7L,TS,NN,21.7,293.9,25,1008,277,12,277,12,NaN,NaN,NaN,NaN,NaN,NaN,NaN,NaN,NaN,NaN,LO,NW,b,b,NaN,NaN,NaN,NaN,NaN,NaN,
2012100612,c7l.2012,9X-C7L,TS,NN,21.8,292.8,25,1008,280,13,277,12,NaN,NaN,NaN,NaN,NaN,NaN,NaN,NaN,NaN,NaN,LO,NW,C,C,200,1010,NaN,S,150,NaN,
2012100618,c7l.2012,9X-C7L,TS,NN,21.9,293.1,25,1007,0,0,285,4,NaN,NaN,NaN,NaN,NaN,NaN,NaN,NaN,NaN,NaN,LO,NW,C,C,175,1009,NaN,S,150,NaN,
2012100700,c7l.2012,9X-C7L,TS,NN,22.0,292.7,25,1007,285,3,335,1,NaN,NaN,NaN,NaN,NaN,NaN,NaN,NaN,NaN,NaN,LO,NW,C,C,175,1008,NaN,S,150,NaN,
2012100706,c7l.2012,9X-C7L,TS,NN,22.2,291.1,25,1007,285,5,279,9,NaN,NaN,NaN,NaN,NaN,NaN,NaN,NaN,NaN,NaN,LO,NW,C,C,230,1010,NaN,S,150,NaN,
2012100712,c7l.2012,9X-C7L,TS,NN,21.9,288.0,25,1008,270,10,269,22,NaN,NaN,NaN,NaN,NaN,NaN,NaN,NaN,NaN,NaN,LO,NW,C,C,180,1011,0.06,M,100,NaN,
2012100718,c7l.2012,9X-C7L,TS,NN,22.1,287.3,25,1008,280,7,268,18,NaN,NaN,NaN,NaN,NaN,NaN,NaN,NaN,NaN,NaN,LO,NW,C,C,180,1011,0.03,M,100,NaN,
2012100800,c7l.2012,9X-C7L,TS,NN,22.5,287.6,25,1009,310,5,328,4,NaN,NaN,NaN,NaN,NaN,NaN,NaN,NaN,NaN,NaN,LO,NW,C,C,200,1011,0.01,M,100,NaN,
2012100806,c7l.2012,9X-C7L,TS,NN,23.1,287.0,25,1010,315,7,345,5,NaN,NaN,NaN,NaN,NaN,NaN,NaN,NaN,NaN,NaN,LO,NW,C,C,150,1012,NaN,M,100,NaN,
2012100812,c7l.2012,9X-C7L,TS,NN,23.2,286.8,25,1010,315,5,314,5,NaN,NaN,NaN,NaN,NaN,NaN,NaN,NaN,NaN,NaN,LO,NW,C,C,150,1012,NaN,M,80,NaN,
2012100818,c7l.2012,9X-C7L,TS,NN,24.3,285.7,25,1011,315,8,315,8,NaN,NaN,NaN,NaN,NaN,NaN,NaN,NaN,NaN,NaN,LO,NW,C,C,150,1014,NaN,M,80,NaN,
2012100900,c7l.2012,9X-C7L,TS,NN,24.9,284.7,20,1012,310,9,312,13,NaN,NaN,NaN,NaN,NaN,NaN,NaN,NaN,NaN,NaN,LO,NW,C,C,150,1013,NaN,M,80,NaN,
2012100906,c7l.2012,9X-C7L,TS,NN,25.5,284.1,20,1012,310,9,310,9,NaN,NaN,NaN,NaN,NaN,NaN,NaN,NaN,NaN,NaN,LO,NW,C,C,180,1014,0.01,M,80,NaN,
2012100912,c7l.2012,9X-C7L,TS,NN,26.3,285.5,20,1013,0,7,27,8,NaN,NaN,NaN,NaN,NaN,NaN,NaN,NaN,NaN,NaN,LO,NW,C,C,180,1014,NaN,M,80,NaN,
2012100918,c7l.2012,9X-C7L,TS,NN,27.5,286.0,20,1013,40,13,40,13,NaN,NaN,NaN,NaN,NaN,NaN,NaN,NaN,NaN,NaN,LO,NW,b,b,NaN,NaN,NaN,NaN,NaN,NaN,
2012101000,c7l.2012,9X-C7L,TS,NN,27.5,286.4,20,1013,34,7,34,7,NaN,NaN,NaN,NaN,NaN,NaN,NaN,NaN,NaN,NaN,LO,NW,b,b,NaN,NaN,NaN,NaN,NaN,NaN,
2012101006,c7l.2012,9X-C7L,TS,NN,27.0,286.6,20,1013,133,4,133,4,NaN,NaN,NaN,NaN,NaN,NaN,NaN,NaN,NaN,NaN,LO,NW,b,b,NaN,NaN,NaN,NaN,NaN,NaN,
2012101012,c7l.2012,9X-C7L,TS,NN,26.5,286.9,20,1013,156,5,156,5,NaN,NaN,NaN,NaN,NaN,NaN,NaN,NaN,NaN,NaN,LO,NW,b,b,NaN,NaN,NaN,NaN,NaN,NaN,
2012101018,c7l.2012,9X-C7L,TS,NN,25.5,287.5,25,1012,110,1,152,9,NaN,NaN,NaN,NaN,NaN,NaN,NaN,NaN,NaN,NaN,LO,NW,B,B,180,1015,NaN,M,50,NaN,
2012101100,c7l.2012,9X-C7L,TS,NN,25.4,287.6,30,1010,110,1,150,6,NaN,NaN,NaN,NaN,NaN,NaN,NaN,NaN,NaN,NaN,TD,NW,B,B,150,1013,NaN,M,50,NaN,
2012101106,c7l.2012,9X-C7L,TS,NN,25.4,287.8,35,1009,110,1,110,1,60,60,,,,NaN,NaN,NaN,NaN,NaN,TS,NW,B,B,150,1014,NaN,M,50,NaN,
2012101112,16l.2012,PATTY,TS,NN,25.5,287.8,35,1008,61,1,61,1,60,60,,,,NaN,NaN,NaN,NaN,NaN,TS,WN,B,B,150,1014,NaN,M,60,MJB,
2012101118,16l.2012,PATTY,TS,NN,25.6,287.7,35,1007,336,1,336,1,55,60,50,,,NaN,NaN,NaN,NaN,NaN,TS,WN,B,B,150,1015,NaN,M,50,ESB,
2012101200,16l.2012,PATTY,TS,NN,25.5,287.6,40,1005,270,1,270,1,47,60,50,,30,NaN,NaN,NaN,NaN,NaN,TS,WN,B,B,150,1015,NaN,M,50,SRS,
2012101206,16l.2012,PATTY,TS,NN,25.4,287.7,40,1005,180,1,180,1,43,60,40,,30,NaN,NaN,NaN,NaN,NaN,TS,WN,B,B,140,1011,NaN,M,50,TBK,
2012101212,16l.2012,PATTY,TS,NN,25.3,287.8,40,1006,138,1,138,1,37,50,30,,30,NaN,NaN,NaN,NaN,NaN,TS,WN,B,B,120,1012,NaN,M,50,ESB,
2012101218,16l.2012,PATTY,TS,NN,25.4,287.9,35,1007,90,1,90,1,30,40,20,,30,NaN,NaN,NaN,NaN,NaN,TS,WN,B,B,120,1012,NaN,M,45,MJB,
2012101300,16l.2012,PATTY,TS,NN,25.4,288.1,35,1007,70,1,70,1,30,30,,,30,NaN,NaN,NaN,NaN,NaN,TS,WN,B,B,120,1012,NaN,M,50,DPR,
2012101306,16l.2012,PATTY,TS,NN,25.3,288.3,30,1008,105,2,105,2,NaN,NaN,NaN,NaN,NaN,NaN,NaN,NaN,NaN,NaN,TD,WN,B,B,120,1012,NaN,M,50,LAA,
2012101312,16l.2012,PATTY,TS,NN,25.4,288.0,25,1010,90,0,270,0,NaN,NaN,NaN,NaN,NaN,NaN,NaN,NaN,NaN,NaN,PT,WN,C,C,150,1015,NaN,M,60,JPC,
2012100712,c8l.2012,9X-C8L,TY,NN,8.0,329.2,15,1010,270,17,270,17,NaN,NaN,NaN,NaN,NaN,NaN,NaN,NaN,NaN,NaN,LO,NW,b,b,200,1012,NaN,NaN,90,NaN,
2012100718,c8l.2012,9X-C8L,TY,NN,8.0,327.5,15,1010,270,17,270,17,NaN,NaN,NaN,NaN,NaN,NaN,NaN,NaN,NaN,NaN,LO,NW,b,b,200,1012,NaN,NaN,80,NaN,
2012100800,c8l.2012,9X-C8L,TY,NN,8.0,325.8,20,1009,270,17,270,17,NaN,NaN,NaN,NaN,NaN,NaN,NaN,NaN,NaN,NaN,LO,NW,b,b,200,1012,NaN,NaN,80,NaN,
2012100806,c8l.2012,9X-C8L,TY,NN,8.1,324.1,20,1009,272,17,272,17,NaN,NaN,NaN,NaN,NaN,NaN,NaN,NaN,NaN,NaN,LO,NW,b,b,200,1012,NaN,NaN,70,NaN,
2012100812,c8l.2012,9X-C8L,TY,NN,8.2,322.4,25,1008,275,17,273,17,NaN,NaN,NaN,NaN,NaN,NaN,NaN,NaN,NaN,NaN,LO,NW,C,C,200,1012,NaN,M,60,NaN,
2012100818,c8l.2012,9X-C8L,TY,NN,8.5,320.9,25,1008,275,16,277,16,NaN,NaN,NaN,NaN,NaN,NaN,NaN,NaN,NaN,NaN,LO,NW,C,C,200,1012,NaN,M,60,NaN,
2012100900,c8l.2012,9X-C8L,TY,NN,8.3,318.8,25,1009,272,18,272,18,NaN,NaN,NaN,NaN,NaN,NaN,NaN,NaN,NaN,NaN,LO,NW,b,b,NaN,NaN,NaN,NaN,NaN,NaN,
2012100906,c8l.2012,9X-C8L,TY,NN,8.8,316.5,25,1008,275,20,274,22,NaN,NaN,NaN,NaN,NaN,NaN,NaN,NaN,NaN,NaN,LO,NW,C,C,200,1010,NaN,M,60,NaN,
2012100912,c8l.2012,9X-C8L,TY,NN,9.0,314.5,25,1008,275,21,279,22,NaN,NaN,NaN,NaN,NaN,NaN,NaN,NaN,NaN,NaN,LO,NW,C,C,200,1012,NaN,M,60,NaN,
2012100918,c8l.2012,9X-C8L,TY,NN,9.3,311.7,25,1008,275,24,276,24,NaN,NaN,NaN,NaN,NaN,NaN,NaN,NaN,NaN,NaN,LO,NW,C,C,200,1012,NaN,M,60,NaN,
2012101000,c8l.2012,9X-C8L,TY,NN,8.9,309.6,30,1009,280,20,269,24,NaN,NaN,NaN,NaN,NaN,NaN,NaN,NaN,NaN,NaN,LO,NW,C,C,225,1012,NaN,S,90,NaN,
2012101006,c8l.2012,9X-C8L,TY,NN,9.0,309.4,30,1009,262,11,262,11,NaN,NaN,NaN,NaN,NaN,NaN,NaN,NaN,NaN,NaN,LO,NW,b,b,NaN,NaN,NaN,NaN,NaN,NaN,
2012101012,c8l.2012,9X-C8L,TY,NN,9.5,307.0,30,1008,285,16,283,13,NaN,NaN,NaN,NaN,NaN,NaN,NaN,NaN,NaN,NaN,LO,NW,C,C,225,1012,NaN,S,90,NaN,
2012101018,c8l.2012,9X-C8L,TY,NN,9.3,306.3,30,1008,280,13,276,15,NaN,NaN,NaN,NaN,NaN,NaN,NaN,NaN,NaN,NaN,LO,NW,C,C,225,1011,NaN,M,90,NaN,
2012101100,c8l.2012,9X-C8L,TY,NN,9.5,306.5,30,1008,280,9,270,2,NaN,NaN,NaN,NaN,NaN,NaN,NaN,NaN,NaN,NaN,LO,NW,C,C,225,1012,NaN,M,100,NaN,
2012101106,c8l.2012,9X-C8L,TY,NN,10.2,305.0,30,1007,290,11,305,8,NaN,NaN,NaN,NaN,NaN,NaN,NaN,NaN,NaN,NaN,LO,NW,C,C,225,1012,NaN,M,100,NaN,
2012101112,c8l.2012,9X-C8L,TY,NN,10.9,302.1,30,1008,285,12,288,23,NaN,NaN,NaN,NaN,NaN,NaN,NaN,NaN,NaN,NaN,LO,NW,C,C,180,1010,NaN,M,120,NaN,
2012101118,c8l.2012,9X-C8L,TY,NN,12.0,301.5,30,1006,300,9,298,19,NaN,NaN,NaN,NaN,NaN,NaN,NaN,NaN,NaN,NaN,LO,NW,C,C,180,1009,NaN,M,120,NaN,
2012101200,c8l.2012,9X-C8L,TY,NN,12.4,301.4,30,1006,305,7,335,8,NaN,NaN,NaN,NaN,NaN,NaN,NaN,NaN,NaN,NaN,LO,NW,C,C,130,1009,NaN,M,80,NaN,
2012101206,c8l.2012,9X-C8L,TY,NN,13.6,299.6,30,1006,305,12,311,12,NaN,NaN,NaN,NaN,NaN,NaN,NaN,NaN,NaN,NaN,LO,NW,C,C,150,1009,0.03,M,90,NaN,
2012101212,c8l.2012,9X-C8L,TY,NN,13.7,298.2,35,1006,300,13,293,17,150,,150,,,NaN,NaN,NaN,NaN,NaN,LO,NW,C,C,150,1009,NaN,M,120,NaN,
2012101218,17l.2012,RAFAEL,TY,NN,14.7,297.3,35,1006,302,6,296,12,150,,150,,,NaN,NaN,NaN,NaN,NaN,TS,WN,B,B,150,1009,NaN,M,120,MJB,
2012101300,17l.2012,RAFAEL,TY,NN,15.0,296.8,35,1007,302,6,314,9,150,,150,,,NaN,NaN,NaN,NaN,NaN,TS,WN,B,B,175,1010,NaN,M,150,JLB,
2012101306,17l.2012,RAFAEL,TY,NN,15.3,296.3,35,1006,302,6,302,6,150,,150,,,NaN,NaN,NaN,NaN,NaN,TS,WN,B,B,175,1009,NaN,M,150,NaN,
2012101312,17l.2012,RAFAEL,TY,NN,15.6,296.2,35,1006,316,4,316,4,150,,150,,,NaN,NaN,NaN,NaN,NaN,TS,WN,B,B,175,1009,NaN,M,150,MJB,
2012101318,17l.2012,RAFAEL,TY,NN,16.7,296.4,40,1004,4,7,4,7,150,,150,,,NaN,NaN,NaN,NaN,NaN,TS,WN,B,B,200,1008,NaN,M,150,MJB,
2012101400,17l.2012,RAFAEL,TY,NN,17.9,296.5,45,1004,7,12,7,12,150,150,150,,,NaN,NaN,NaN,NaN,NaN,TS,WN,B,B,200,1009,0.02,M,90,JLB,
2012101406,17l.2012,RAFAEL,TY,NN,18.9,296.4,45,1003,360,11,360,11,150,150,150,,,NaN,NaN,NaN,NaN,NaN,TS,WN,B,B,200,1009,NaN,M,80,SRS,
2012101412,17l.2012,RAFAEL,TY,NN,19.7,296.1,50,999,348,9,348,9,120,150,150,,60,70,70,,,,TS,WN,B,B,250,1009,NaN,M,70,DPB,
2012101418,17l.2012,RAFAEL,TY,NN,20.4,295.7,55,994,336,8,336,8,133,150,150,,100,50,70,,,30,TS,WN,B,B,250,1008,NaN,M,70,DPB,
2012101500,17l.2012,RAFAEL,TY,NN,21.3,295.3,60,989,335,9,335,9,133,150,150,,100,50,70,,,30,TS,WN,B,B,240,1008,NaN,D,40,RJP,
2012101506,17l.2012,RAFAEL,TY,NN,22.0,294.8,65,986,332,9,332,9,112,150,150,50,100,41,70,40,50,40,HU,WN,B,B,240,1008,NaN,D,30,SRS,
2012101512,17l.2012,RAFAEL,TY,NN,22.6,294.4,70,983,327,8,327,8,132,180,150,80,120,52,90,50,80,50,HU,WN,B,B,300,1008,NaN,D,30,DPB,
2012101518,17l.2012,RAFAEL,TY,NN,23.6,294.2,75,979,341,8,341,8,140,180,180,80,120,52,90,50,80,50,HU,WN,B,B,275,1006,NaN,D,25,DPB,
2012101600,17l.2012,RAFAEL,TY,NN,24.6,294.4,80,974,360,10,360,10,140,180,180,80,120,52,90,50,80,50,HU,WN,B,B,275,1006,NaN,D,20,RJP,
2012101606,17l.2012,RAFAEL,TY,NN,25.9,294.7,80,972,11,12,11,12,142,180,180,80,130,62,90,60,80,60,HU,WN,B,B,275,1006,NaN,D,20,SRS,
2012101612,17l.2012,RAFAEL,TY,NN,27.6,295.1,80,969,12,15,12,15,145,180,180,90,130,60,80,60,90,60,HU,WN,B,B,275,1007,NaN,D,15,ESB,
2012101618,17l.2012,RAFAEL,TY,NN,29.5,295.8,75,970,15,19,15,19,145,180,180,100,120,62,80,60,100,60,HU,WN,B,B,275,1006,NaN,D,30,ESB,
2012101700,17l.2012,RAFAEL,TY,NN,31.6,296.9,75,970,21,21,21,21,145,180,180,100,120,70,80,80,100,60,HU,WN,B,B,300,1006,NaN,D,30,RJP,
2012101706,17l.2012,RAFAEL,TY,NN,34.0,298.3,70,972,25,25,25,25,172,210,240,120,120,85,100,120,120,60,HU,WN,B,B,300,1006,NaN,D,50,ESB,
2012101712,17l.2012,RAFAEL,TY,NN,36.5,299.9,65,972,27,27,27,27,202,240,270,150,150,90,100,120,150,80,HU,WN,B,B,300,1006,NaN,D,50,DPB,
2012101718,17l.2012,RAFAEL,TY,NN,38.8,302.0,65,972,32,28,32,28,215,270,270,150,170,100,120,120,150,80,EX,WN,B,B,300,1005,NaN,D,50,DPB,
2012101800,17l.2012,RAFAEL,TY,NN,41.3,305.0,65,972,40,31,40,31,230,300,300,150,170,100,120,120,150,80,EX,NW,B,B,NaN,NaN,NaN,NaN,NaN,NaN,
2012101806,17l.2012,RAFAEL,TY,NN,43.4,309.3,60,972,50,36,50,36,230,300,300,150,170,100,120,120,150,80,EX,NW,B,B,NaN,NaN,NaN,NaN,NaN,NaN,
2012101812,17l.2012,RAFAEL,TY,NN,45.2,314.0,55,972,59,38,59,38,230,300,300,150,170,100,120,120,150,80,EX,NW,B,B,NaN,NaN,NaN,NaN,NaN,NaN,
2012101818,17l.2012,RAFAEL,TY,NN,47.0,319.0,55,973,62,39,62,39,215,240,300,150,170,100,120,120,150,80,EX,NW,B,B,NaN,NaN,NaN,NaN,NaN,NaN,
2012101900,17l.2012,RAFAEL,TY,NN,49.2,323.8,50,975,59,39,59,39,280,180,360,400,180,220,,,400,,EX,NW,B,B,NaN,NaN,NaN,NaN,NaN,NaN,
2012101906,17l.2012,RAFAEL,TY,NN,51.0,327.5,50,973,54,34,54,34,285,220,360,320,240,220,,,320,,EX,NW,B,B,NaN,NaN,NaN,NaN,NaN,NaN,
2012101912,17l.2012,RAFAEL,TY,NN,53.0,330.5,50,970,48,28,48,28,305,270,390,320,240,220,,,320,,EX,NW,B,B,NaN,NaN,NaN,NaN,NaN,NaN,
2012101918,17l.2012,RAFAEL,TY,NN,55.0,330.0,50,968,21,21,21,21,350,360,360,400,280,220,,,400,,EX,NW,B,B,NaN,NaN,NaN,NaN,NaN,NaN,
2012102000,17l.2012,RAFAEL,TY,NN,56.5,327.0,50,966,330,20,330,20,482,450,360,640,480,240,,,640,,EX,NW,B,B,NaN,NaN,NaN,NaN,NaN,NaN,
2012102006,17l.2012,RAFAEL,TY,NN,56.0,323.0,50,966,284,20,284,20,442,450,300,540,480,260,,,540,,EX,NW,B,B,NaN,NaN,NaN,NaN,NaN,NaN,
2012102012,17l.2012,RAFAEL,TY,NN,53.1,323.6,50,967,210,20,210,20,412,480,240,450,480,280,,,450,,EX,NW,B,B,NaN,NaN,NaN,NaN,NaN,NaN,
2012102018,17l.2012,RAFAEL,TY,NN,50.8,325.7,50,970,163,27,163,27,420,480,240,480,480,330,,,480,,EX,NW,B,B,NaN,NaN,NaN,NaN,NaN,NaN,
2012102100,17l.2012,RAFAEL,TY,NN,49.7,327.8,45,975,142,21,142,21,400,,240,480,480,NaN,NaN,NaN,NaN,NaN,EX,NW,B,B,NaN,NaN,NaN,NaN,NaN,NaN,
2012102106,17l.2012,RAFAEL,TY,NN,49.2,328.9,40,978,128,13,128,13,400,,240,480,480,NaN,NaN,NaN,NaN,NaN,EX,NW,B,B,NaN,NaN,NaN,NaN,NaN,NaN,
2012102112,17l.2012,RAFAEL,TY,NN,48.2,329.4,40,979,145,9,145,9,400,,240,480,480,NaN,NaN,NaN,NaN,NaN,EX,NW,B,B,NaN,NaN,NaN,NaN,NaN,NaN,
2012102118,17l.2012,RAFAEL,TY,NN,47.0,329.2,40,982,175,11,175,11,400,,240,480,480,NaN,NaN,NaN,NaN,NaN,EX,NW,B,B,NaN,NaN,NaN,NaN,NaN,NaN,
2012102200,17l.2012,RAFAEL,TY,NN,45.5,328.9,40,983,187,14,187,14,400,,240,480,480,NaN,NaN,NaN,NaN,NaN,EX,NW,B,B,NaN,NaN,NaN,NaN,NaN,NaN,
2012102206,17l.2012,RAFAEL,TY,NN,43.9,330.2,40,985,167,16,167,16,400,,240,480,480,NaN,NaN,NaN,NaN,NaN,EX,NW,B,B,NaN,NaN,NaN,NaN,NaN,NaN,
2012102212,17l.2012,RAFAEL,TY,NN,41.9,331.7,40,987,151,21,151,21,400,,240,480,480,NaN,NaN,NaN,NaN,NaN,EX,NW,B,B,NaN,NaN,NaN,NaN,NaN,NaN,
2012102218,17l.2012,RAFAEL,TY,NN,40.0,333.0,40,989,152,22,152,22,400,,240,480,480,NaN,NaN,NaN,NaN,NaN,EX,NW,B,B,NaN,NaN,NaN,NaN,NaN,NaN,
2012102300,17l.2012,RAFAEL,TY,NN,39.2,334.5,40,992,142,17,142,17,400,,240,480,480,NaN,NaN,NaN,NaN,NaN,EX,NW,B,B,NaN,NaN,NaN,NaN,NaN,NaN,
2012102306,17l.2012,RAFAEL,TY,NN,39.5,335.5,40,992,105,10,105,10,400,,240,480,480,NaN,NaN,NaN,NaN,NaN,EX,NW,B,B,NaN,NaN,NaN,NaN,NaN,NaN,
2012102312,17l.2012,RAFAEL,TY,NN,39.8,336.4,40,992,68,8,68,8,400,,240,480,480,NaN,NaN,NaN,NaN,NaN,EX,NW,B,B,NaN,NaN,NaN,NaN,NaN,NaN,
2012102318,17l.2012,RAFAEL,TY,NN,40.5,337.9,40,992,61,10,61,10,400,,240,480,480,NaN,NaN,NaN,NaN,NaN,EX,NW,B,B,NaN,NaN,NaN,NaN,NaN,NaN,
2012102400,17l.2012,RAFAEL,TY,NN,41.2,339.9,40,993,62,15,62,15,400,,240,480,480,NaN,NaN,NaN,NaN,NaN,EX,NW,B,B,NaN,NaN,NaN,NaN,NaN,NaN,
2012102406,17l.2012,RAFAEL,TY,NN,41.6,341.2,40,995,66,14,66,14,400,,240,480,480,NaN,NaN,NaN,NaN,NaN,EX,NW,B,B,NaN,NaN,NaN,NaN,NaN,NaN,
2012102412,17l.2012,RAFAEL,TY,NN,42.1,342.5,30,995,65,11,65,11,NaN,NaN,NaN,NaN,NaN,NaN,NaN,NaN,NaN,NaN,EX,NW,B,B,NaN,NaN,NaN,NaN,NaN,NaN,
2012102418,17l.2012,RAFAEL,TY,NN,41.9,344.0,30,995,82,11,82,11,NaN,NaN,NaN,NaN,NaN,NaN,NaN,NaN,NaN,NaN,EX,NW,B,B,NaN,NaN,NaN,NaN,NaN,NaN,
2012102500,17l.2012,RAFAEL,TY,NN,41.6,345.4,30,995,103,11,103,11,NaN,NaN,NaN,NaN,NaN,NaN,NaN,NaN,NaN,NaN,EX,NW,B,B,NaN,NaN,NaN,NaN,NaN,NaN,
2012102506,17l.2012,RAFAEL,TY,NN,41.3,346.7,30,995,107,11,107,11,NaN,NaN,NaN,NaN,NaN,NaN,NaN,NaN,NaN,NaN,EX,NW,B,B,NaN,NaN,NaN,NaN,NaN,NaN,
2012102512,17l.2012,RAFAEL,TY,NN,41.0,348.0,30,996,107,10,107,10,NaN,NaN,NaN,NaN,NaN,NaN,NaN,NaN,NaN,NaN,EX,NW,B,B,NaN,NaN,NaN,NaN,NaN,NaN,
2012102518,17l.2012,RAFAEL,TY,NN,40.9,348.8,30,997,104,8,104,8,NaN,NaN,NaN,NaN,NaN,NaN,NaN,NaN,NaN,NaN,EX,NW,B,B,NaN,NaN,NaN,NaN,NaN,NaN,
2012102600,17l.2012,RAFAEL,TY,NN,40.7,349.6,30,998,104,6,104,6,NaN,NaN,NaN,NaN,NaN,NaN,NaN,NaN,NaN,NaN,EX,NW,B,B,NaN,NaN,NaN,NaN,NaN,NaN,
2012102606,17l.2012,RAFAEL,TY,NN,40.3,350.9,30,999,111,9,111,9,NaN,NaN,NaN,NaN,NaN,NaN,NaN,NaN,NaN,NaN,EX,NW,B,B,NaN,NaN,0.28,NaN,NaN,NaN,
2012102612,17l.2012,RAFAEL,TY,NN,40.0,352.5,25,1002,108,12,108,12,NaN,NaN,NaN,NaN,NaN,NaN,NaN,NaN,NaN,NaN,EX,NW,B,B,NaN,NaN,0.99,NaN,NaN,NaN,
2012101912,c9l.2012,9X-C9L,TY,NN,14.0,291.0,20,1009,274,7,274,7,NaN,NaN,NaN,NaN,NaN,NaN,NaN,NaN,NaN,NaN,DB,NW,b,b,NaN,NaN,NaN,NaN,NaN,NaN,
2012101918,c9l.2012,9X-C9L,TY,NN,14.0,290.3,20,1009,274,7,274,7,NaN,NaN,NaN,NaN,NaN,NaN,NaN,NaN,NaN,NaN,DB,NW,b,b,NaN,NaN,NaN,NaN,NaN,NaN,
2012102000,c9l.2012,9X-C9L,TY,NN,14.1,289.5,20,1009,274,7,274,7,NaN,NaN,NaN,NaN,NaN,NaN,NaN,NaN,NaN,NaN,DB,NW,b,b,NaN,NaN,NaN,NaN,NaN,NaN,
2012102006,c9l.2012,9X-C9L,TY,NN,14.3,288.4,20,1009,279,9,279,9,NaN,NaN,NaN,NaN,NaN,NaN,NaN,NaN,NaN,NaN,DB,NW,b,b,NaN,NaN,NaN,NaN,NaN,NaN,
2012102012,c9l.2012,9X-C9L,TY,NN,14.6,287.2,25,1008,280,10,283,11,NaN,NaN,NaN,NaN,NaN,NaN,NaN,NaN,NaN,NaN,DB,NW,C,C,150,1010,NaN,S,60,NaN,
2012102018,c9l.2012,9X-C9L,TY,NN,14.6,287.0,25,1007,280,8,282,7,NaN,NaN,NaN,NaN,NaN,NaN,NaN,NaN,NaN,NaN,DB,NW,C,C,180,1009,NaN,S,120,NaN,
2012102100,c9l.2012,9X-C9L,TY,NN,14.7,286.3,25,1006,280,6,277,4,NaN,NaN,NaN,NaN,NaN,NaN,NaN,NaN,NaN,NaN,DB,NW,C,C,180,1008,NaN,S,120,NaN,
2012102106,c9l.2012,9X-C9L,TY,NN,14.7,285.2,25,1006,273,9,273,9,NaN,NaN,NaN,NaN,NaN,NaN,NaN,NaN,NaN,NaN,LO,NW,b,b,NaN,NaN,NaN,NaN,NaN,NaN,
2012102112,c9l.2012,9X-C9L,TY,NN,14.7,284.5,25,1006,275,7,270,9,NaN,NaN,NaN,NaN,NaN,NaN,NaN,NaN,NaN,NaN,DB,NW,C,C,200,1009,NaN,S,150,NaN,
2012102118,c9l.2012,9X-C9L,TY,NN,14.3,282.6,25,1006,224,6,261,13,NaN,NaN,NaN,NaN,NaN,NaN,NaN,NaN,NaN,NaN,LO,NW,B,B,180,1008,NaN,S,150,NaN,
2012102200,c9l.2012,9X-C9L,TY,NN,13.9,282.2,25,1005,224,6,250,12,NaN,NaN,NaN,NaN,NaN,NaN,NaN,NaN,NaN,NaN,LO,NW,B,B,180,1008,NaN,S,150,NaN,
2012102206,c9l.2012,9X-C9L,TY,NN,13.5,281.8,25,1003,224,6,224,6,NaN,NaN,NaN,NaN,NaN,NaN,NaN,NaN,NaN,NaN,LO,NW,B,B,225,1008,NaN,M,75,NaN,
2012102212,18l.2012,SANDY,TY,NN,13.1,281.4,30,1002,224,6,224,6,NaN,NaN,NaN,NaN,NaN,NaN,NaN,NaN,NaN,NaN,TD,WN,B,B,250,1007,NaN,M,75,RJB,
2012102218,18l.2012,SANDY,TY,NN,12.7,281.3,35,1000,211,5,211,5,55,50,60,,,NaN,NaN,NaN,NaN,NaN,TS,WN,B,B,250,1007,NaN,M,60,RJP,
2012102300,18l.2012,SANDY,TY,NN,12.6,281.6,40,998,159,3,159,3,55,50,60,,,NaN,NaN,NaN,NaN,NaN,TS,WN,B,B,250,1007,NaN,M,40,SRS,
2012102306,18l.2012,SANDY,TY,NN,12.9,281.9,40,998,71,3,71,3,75,70,80,,,NaN,NaN,NaN,NaN,NaN,TS,WN,B,B,240,1005,NaN,M,60,DPB,
2012102312,18l.2012,SANDY,TY,NN,13.4,282.1,40,995,31,5,31,5,100,100,100,,,NaN,NaN,NaN,NaN,NaN,TS,WN,B,B,240,1005,NaN,M,60,RJP,
2012102318,18l.2012,SANDY,TY,NN,14.0,282.4,45,993,24,6,24,6,110,100,120,,,NaN,NaN,NaN,NaN,NaN,TS,WN,B,B,240,1005,NaN,M,60,NaN,
2012102400,18l.2012,SANDY,TY,NN,14.7,282.7,55,990,24,7,24,7,82,100,150,40,40,70,,70,40,,TS,WN,B,B,300,1007,NaN,M,60,JLB,
2012102406,18l.2012,SANDY,TY,NN,15.6,282.9,60,987,17,8,17,8,88,100,150,50,50,40,50,70,50,20,TS,WN,B,B,300,1007,NaN,M,45,SRS,
2012102412,18l.2012,SANDY,TY,NN,16.6,283.1,65,981,11,10,11,10,105,120,160,70,70,45,50,60,70,30,HU,WN,B,B,285,1006,NaN,M,40,MJB,
2012102418,18l.2012,SANDY,TY,NN,17.7,283.3,75,972,10,11,10,11,118,150,180,70,70,48,50,60,70,40,HU,WN,B,B,290,1005,0.08,M,25,MJB,
2012102500,18l.2012,SANDY,TY,NN,18.9,283.6,85,964,12,12,12,12,140,180,240,70,70,48,50,60,70,40,HU,WN,B,B,300,1005,NaN,M,15,JLB,
2012102506,18l.2012,SANDY,TY,NN,20.1,284.0,100,954,15,12,15,12,168,240,240,70,120,48,50,60,70,40,HU,WN,B,B,300,1005,0.54,D,10,SRS,
2012102512,18l.2012,SANDY,TY,NN,21.7,284.5,95,966,17,15,17,15,198,240,240,70,240,52,60,60,70,50,HU,WN,B,B,320,1005,0.04,D,20,MJB,
2012102518,18l.2012,SANDY,TY,NN,23.3,284.7,90,963,11,16,11,16,232,270,270,120,270,52,60,60,120,50,HU,WN,B,B,350,1005,0.05,D,20,MJB,
2012102600,18l.2012,SANDY,TY,NN,24.8,284.1,75,965,353,16,353,16,258,300,300,160,270,58,70,60,160,60,HU,WN,B,B,375,1007,0.03,D,20,JLB,
2012102606,18l.2012,SANDY,TY,NN,25.7,283.6,70,968,337,13,337,13,250,300,300,160,240,70,90,70,160,70,HU,WN,B,B,380,1006,0.02,D,30,MJB,
2012102612,18l.2012,SANDY,TY,NN,26.4,283.1,65,970,331,9,331,9,252,360,240,170,240,95,90,80,170,120,HU,WN,B,B,420,1008,0.09,D,70,RJP,
2012102618,18l.2012,SANDY,TY,NN,27.0,282.8,65,971,331,7,331,7,255,400,210,170,240,90,60,70,170,140,HU,WN,B,B,420,1008,0.02,D,90,RJP,
2012102700,18l.2012,SANDY,TY,NN,27.5,282.9,60,969,351,6,351,6,278,450,210,180,270,140,,,180,160,TS,WN,B,B,450,1008,NaN,D,60,JLB,
2012102706,18l.2012,SANDY,TY,NN,28.1,283.1,60,968,14,6,14,6,292,450,260,180,280,140,,,180,160,TS,WN,B,B,460,1008,NaN,D,70,MJB,
2012102712,18l.2012,SANDY,TY,NN,28.8,283.5,70,956,22,7,22,7,310,450,300,210,280,128,30,120,210,200,HU,WN,B,B,460,1008,NaN,D,75,DPB,
2012102718,18l.2012,SANDY,TY,NN,29.7,284.4,70,960,35,10,35,10,318,450,300,240,280,140,30,150,240,200,HU,WN,B,B,480,1006,NaN,D,75,DPB,
2012102800,18l.2012,SANDY,TY,NN,30.5,285.3,65,960,43,12,43,12,340,480,300,300,280,150,30,180,300,210,HU,WN,B,B,480,1006,NaN,D,90,JLB,
2012102806,18l.2012,SANDY,TY,NN,31.3,286.1,65,959,42,11,42,11,330,450,300,300,270,190,,180,300,210,HU,WN,B,B,480,1006,NaN,D,90,RJP,
2012102812,18l.2012,SANDY,TY,NN,32.0,287.0,65,954,44,10,44,10,330,450,300,300,270,187,,150,300,210,HU,WN,B,B,480,1006,NaN,D,100,SRS,
2012102818,18l.2012,SANDY,TY,NN,32.8,288.0,65,952,47,11,47,11,342,450,300,350,270,187,,150,350,210,HU,WN,B,B,500,1006,NaN,D,120,SRS,
2012102900,18l.2012,SANDY,TY,NN,33.9,289.0,70,950,41,13,41,13,355,450,300,400,270,175,150,150,400,200,HU,WN,B,B,500,1004,NaN,D,120,JLB,
2012102906,18l.2012,SANDY,TY,NN,35.3,289.5,80,947,26,14,26,14,375,420,360,450,270,170,150,150,450,180,HU,WN,B,B,500,1004,NaN,D,100,RJP,
2012102912,18l.2012,SANDY,TY,NN,36.9,289.0,85,945,360,15,360,15,378,420,420,400,270,182,200,150,400,180,HU,WN,B,B,500,1004,NaN,D,110,SRS,
2012102918,18l.2012,SANDY,TY,NN,38.3,286.8,80,940,324,18,324,18,415,420,420,400,420,180,220,150,400,150,HU,WN,B,B,500,1004,NaN,D,110,SRS,
2012103000,18l.2012,SANDY,TY,NN,39.5,285.5,70,946,313,19,313,19,430,460,370,400,490,108,150,150,400,50,EX,WN,B,B,525,1006,0.60,D,80,DPB,
2012103006,18l.2012,SANDY,TY,NN,39.9,283.8,55,960,305,14,305,14,385,450,400,160,530,90,150,150,160,30,EX,NW,B,B,480,1006,0.97,D,80,NaN,
2012103012,18l.2012,SANDY,TY,NN,40.1,282.2,50,978,283,13,283,13,480,450,490,,500,260,,,,260,EX,NW,B,B,480,1006,1.00,M,30,NaN,
2012103018,18l.2012,SANDY,TY,NN,40.4,281.1,40,986,284,11,284,11,480,,530,,430,NaN,NaN,NaN,NaN,NaN,EX,NW,B,B,480,1006,1.00,M,30,NaN,
2012103100,18l.2012,SANDY,TY,NN,40.7,280.2,35,992,292,8,292,8,410,,,,410,NaN,NaN,NaN,NaN,NaN,EX,NW,B,B,NaN,NaN,0.99,NaN,NaN,NaN,
2012103106,18l.2012,SANDY,TY,NN,41.1,279.7,35,993,303,6,303,6,380,,,,380,NaN,NaN,NaN,NaN,NaN,EX,NW,B,B,NaN,NaN,0.99,NaN,NaN,NaN,
2012103112,18l.2012,SANDY,TY,NN,41.5,279.3,30,995,320,5,320,5,NaN,NaN,NaN,NaN,NaN,NaN,NaN,NaN,NaN,NaN,EX,NW,B,B,NaN,NaN,0.94,NaN,NaN,NaN,
2012101918,c0l.2012,9X-C0L,TS,NN,19.0,315.0,25,1011,294,6,294,6,NaN,NaN,NaN,NaN,NaN,NaN,NaN,NaN,NaN,NaN,DB,NW,b,b,NaN,NaN,NaN,NaN,NaN,NaN,
2012102000,c0l.2012,9X-C0L,TS,NN,19.3,314.4,25,1011,294,6,294,6,NaN,NaN,NaN,NaN,NaN,NaN,NaN,NaN,NaN,NaN,DB,NW,b,b,NaN,NaN,NaN,NaN,NaN,NaN,
2012102006,c0l.2012,9X-C0L,TS,NN,19.5,313.8,25,1011,294,6,294,6,NaN,NaN,NaN,NaN,NaN,NaN,NaN,NaN,NaN,NaN,DB,NW,b,b,NaN,NaN,NaN,NaN,NaN,NaN,
2012102012,c0l.2012,9X-C0L,TS,NN,19.8,313.2,30,1012,295,6,294,6,NaN,NaN,NaN,NaN,NaN,NaN,NaN,NaN,NaN,NaN,DB,NW,C,C,180,1014,NaN,S,100,NaN,
2012102018,c0l.2012,9X-C0L,TS,NN,19.7,312.5,30,1012,279,6,279,6,NaN,NaN,NaN,NaN,NaN,NaN,NaN,NaN,NaN,NaN,DB,NW,b,b,NaN,NaN,NaN,NaN,NaN,NaN,
2012102100,c0l.2012,9X-C0L,TS,NN,20.1,312.1,30,1012,290,5,286,5,NaN,NaN,NaN,NaN,NaN,NaN,NaN,NaN,NaN,NaN,DB,NW,C,C,180,1014,NaN,S,100,NaN,
2012102106,c0l.2012,9X-C0L,TS,NN,19.6,310.9,30,1012,266,8,266,8,NaN,NaN,NaN,NaN,NaN,NaN,NaN,NaN,NaN,NaN,DB,NW,b,b,NaN,NaN,NaN,NaN,NaN,NaN,
2012102112,c0l.2012,9X-C0L,TS,NN,19.2,310.3,25,1012,260,7,242,10,NaN,NaN,NaN,NaN,NaN,NaN,NaN,NaN,NaN,NaN,DB,NW,C,C,180,1014,NaN,S,100,NaN,
2012102118,c0l.2012,9X-C0L,TS,NN,20.1,309.2,25,1011,317,5,287,8,NaN,NaN,NaN,NaN,NaN,NaN,NaN,NaN,NaN,NaN,LO,NW,B,B,180,1013,NaN,S,100,NaN,
2012102200,c0l.2012,9X-C0L,TS,NN,20.4,308.8,25,1011,317,5,310,9,NaN,NaN,NaN,NaN,NaN,NaN,NaN,NaN,NaN,NaN,LO,NW,B,B,180,1013,NaN,S,100,NaN,
2012102206,c0l.2012,9X-C0L,TS,NN,20.8,308.5,25,1010,317,5,317,5,NaN,NaN,NaN,NaN,NaN,NaN,NaN,NaN,NaN,NaN,LO,NW,B,B,180,1013,NaN,S,90,NaN,
2012102212,c0l.2012,9X-C0L,TS,NN,21.3,308.3,30,1009,333,5,333,5,NaN,NaN,NaN,NaN,NaN,NaN,NaN,NaN,NaN,NaN,LO,NW,B,B,180,1014,NaN,M,90,NaN,
2012102218,19l.2012,TONY,TS,NN,21.9,308.2,30,1006,346,6,346,6,NaN,NaN,NaN,NaN,NaN,NaN,NaN,NaN,NaN,NaN,TD,WN,B,B,180,1009,NaN,M,60,RJB,
2012102300,19l.2012,TONY,TS,NN,22.5,308.2,30,1006,356,6,356,6,NaN,NaN,NaN,NaN,NaN,NaN,NaN,NaN,NaN,NaN,TD,WN,B,B,180,1009,NaN,M,60,JPC,
2012102306,19l.2012,TONY,TS,NN,23.6,308.4,30,1006,6,9,6,9,NaN,NaN,NaN,NaN,NaN,NaN,NaN,NaN,NaN,NaN,TD,WN,B,B,150,1009,NaN,M,60,DPR,
2012102312,19l.2012,TONY,TS,NN,24.7,308.7,30,1006,12,11,12,11,NaN,NaN,NaN,NaN,NaN,NaN,NaN,NaN,NaN,NaN,TD,WN,B,B,150,1010,NaN,M,60,RJB,
2012102318,19l.2012,TONY,TS,NN,25.7,309.4,30,1005,23,11,23,11,NaN,NaN,NaN,NaN,NaN,NaN,NaN,NaN,NaN,NaN,TD,WN,B,B,200,1010,NaN,M,60,RJB,
2012102400,19l.2012,TONY,TS,NN,26.5,310.4,35,1004,40,12,40,12,40,40,40,,,NaN,NaN,NaN,NaN,NaN,TS,WN,B,B,200,1010,NaN,M,40,JPC,
2012102406,19l.2012,TONY,TS,NN,27.2,311.5,40,1003,51,12,51,12,50,50,60,40,,NaN,NaN,NaN,NaN,NaN,TS,WN,B,B,180,1010,NaN,M,40,DPR,
2012102412,19l.2012,TONY,TS,NN,27.9,313.2,45,1000,61,14,61,14,45,50,60,40,30,NaN,NaN,NaN,NaN,NaN,TS,WN,B,B,180,1010,NaN,M,40,TBK,
2012102418,19l.2012,TONY,TS,NN,28.7,315.3,45,1000,66,18,66,18,45,50,60,40,30,NaN,NaN,NaN,NaN,NaN,TS,WN,B,B,180,1010,NaN,M,40,TBK,
2012102500,19l.2012,TONY,TS,NN,29.5,317.6,45,1000,67,21,67,21,50,60,70,40,30,NaN,NaN,NaN,NaN,NaN,TS,WN,B,B,150,1011,NaN,M,40,ESB,
2012102506,19l.2012,TONY,TS,NN,30.1,320.0,45,1000,71,22,71,22,58,90,70,40,30,NaN,NaN,NaN,NaN,NaN,TS,WN,B,B,150,1011,NaN,M,40,DPR,
2012102512,19l.2012,TONY,TS,NN,30.6,322.4,35,1000,75,21,75,21,55,80,70,40,30,NaN,NaN,NaN,NaN,NaN,TS,WN,B,B,150,1011,NaN,M,40,TBK,
2012102518,19l.2012,TONY,TS,NN,31.0,324.9,35,1001,78,22,78,22,50,60,70,20,,NaN,NaN,NaN,NaN,NaN,EX,WN,B,B,150,1011,NaN,M,40,TBK,
2012102600,19l.2012,TONY,TS,NN,31.3,327.4,35,1001,81,22,81,22,50,60,70,20,,NaN,NaN,NaN,NaN,NaN,EX,NW,B,B,NaN,NaN,NaN,NaN,NaN,NaN,
2012102606,19l.2012,TONY,TS,NN,31.2,329.5,30,1004,87,20,87,20,NaN,NaN,NaN,NaN,NaN,NaN,NaN,NaN,NaN,NaN,EX,NW,B,B,NaN,NaN,NaN,NaN,NaN,NaN,
2012102612,19l.2012,TONY,TS,NN,30.9,331.4,25,1006,97,17,97,17,NaN,NaN,NaN,NaN,NaN,NaN,NaN,NaN,NaN,NaN,EX,NW,B,B,NaN,NaN,NaN,NaN,NaN,NaN,
2012080212,a0l.2012,9X-A0L,TD,DEV,11.5,342.2,25,1009,277,19,277,19,NaN,NaN,NaN,NaN,NaN,NaN,NaN,NaN,NaN,NaN,DB,NW,b,b,NaN,NaN,NaN,NaN,NaN,NaN,
2012080218,a0l.2012,9X-A0L,TD,DEV,11.7,340.0,25,1009,277,19,277,19,NaN,NaN,NaN,NaN,NaN,NaN,NaN,NaN,NaN,NaN,DB,NW,b,b,NaN,NaN,NaN,NaN,NaN,NaN,
2012080300,a0l.2012,9X-A0L,TD,DEV,12.0,338.3,30,1009,277,19,277,19,NaN,NaN,NaN,NaN,NaN,NaN,NaN,NaN,NaN,NaN,DB,NW,b,b,NaN,NaN,NaN,NaN,NaN,NaN,
2012080306,a0l.2012,9X-A0L,TD,DEV,12.2,336.9,30,1006,279,15,279,15,NaN,NaN,NaN,NaN,NaN,NaN,NaN,NaN,NaN,NaN,LO,NW,b,b,NaN,NaN,NaN,NaN,NaN,NaN,
2012080312,a0l.2012,9X-A0L,TD,DEV,12.5,335.5,30,1006,280,14,280,14,NaN,NaN,NaN,NaN,NaN,NaN,NaN,NaN,NaN,NaN,LO,NW,b,b,150,1012,NaN,S,60,NaN,
2012080318,a0l.2012,9X-A0L,TD,DEV,12.9,334.1,30,1006,284,14,284,14,NaN,NaN,NaN,NaN,NaN,NaN,NaN,NaN,NaN,NaN,LO,NW,b,b,150,1012,NaN,M,60,NaN,
2012071700,a1l.2012,9X-A1L,TD,NONdev,38.3,304.0,25,1006,27,5,27,5,NaN,NaN,NaN,NaN,NaN,NaN,NaN,NaN,NaN,NaN,DB,NW,b,b,NaN,NaN,NaN,NaN,NaN,NaN,
2012071706,a1l.2012,9X-A1L,TD,NONdev,38.7,304.3,25,1006,27,5,27,5,NaN,NaN,NaN,NaN,NaN,NaN,NaN,NaN,NaN,NaN,DB,NW,b,b,NaN,NaN,NaN,NaN,NaN,NaN,
2012071712,a1l.2012,9X-A1L,TD,NONdev,39.2,304.6,25,1006,27,5,27,5,NaN,NaN,NaN,NaN,NaN,NaN,NaN,NaN,NaN,NaN,DB,NW,b,b,NaN,NaN,NaN,NaN,NaN,NaN,
2012071718,a1l.2012,9X-A1L,TD,NONdev,39.8,304.8,25,1006,19,6,19,6,NaN,NaN,NaN,NaN,NaN,NaN,NaN,NaN,NaN,NaN,DB,NW,b,b,150,1008,NaN,D,NaN,NaN,
2012071800,a1l.2012,9X-A1L,TD,NONdev,40.2,304.9,25,1006,13,5,13,5,NaN,NaN,NaN,NaN,NaN,NaN,NaN,NaN,NaN,NaN,TW,NW,b,b,NaN,NaN,NaN,NaN,NaN,NaN,
2012071806,a1l.2012,9X-A1L,TD,NONdev,40.4,304.9,25,1006,7,3,7,3,NaN,NaN,NaN,NaN,NaN,NaN,NaN,NaN,NaN,NaN,TW,NW,b,b,NaN,NaN,NaN,NaN,NaN,NaN,
2012071812,a1l.2012,9X-A1L,TD,NONdev,40.6,304.8,25,1006,349,2,349,2,NaN,NaN,NaN,NaN,NaN,NaN,NaN,NaN,NaN,NaN,DB,NW,b,b,150,1008,NaN,D,NaN,NaN,
2012051112,a2l.2012,9X-A2L,TS,NONdev,35.3,328.9,30,1012,202,15,202,15,NaN,NaN,NaN,NaN,NaN,NaN,NaN,NaN,NaN,NaN,LO,NW,b,b,300,1020,NaN,NaN,40,NaN,
2012051118,a2l.2012,9X-A2L,TS,NONdev,33.9,328.0,30,1012,202,15,202,15,NaN,NaN,NaN,NaN,NaN,NaN,NaN,NaN,NaN,NaN,LO,NW,b,b,300,1020,NaN,NaN,20,NaN,
2012051200,a2l.2012,9X-A2L,TS,NONdev,32.6,327.6,30,1010,202,15,202,15,NaN,NaN,NaN,NaN,NaN,NaN,NaN,NaN,NaN,NaN,LO,NW,b,b,300,1020,NaN,NaN,20,NaN,
2012051206,a2l.2012,9X-A2L,TS,NONdev,31.9,328.2,30,1009,175,10,175,10,NaN,NaN,NaN,NaN,NaN,NaN,NaN,NaN,NaN,NaN,LO,NW,b,b,300,1020,NaN,NaN,20,NaN,
2012051212,a2l.2012,9X-A2L,TS,NONdev,32.1,329.3,30,1009,75,9,109,8,NaN,NaN,NaN,NaN,NaN,NaN,NaN,NaN,NaN,NaN,LO,NW,C,C,300,1020,NaN,M,20,NaN,
2012051218,a2l.2012,9X-A2L,TS,NONdev,33.5,329.5,45,1009,30,10,34,10,40,60,60,20,20,NaN,NaN,NaN,NaN,NaN,LO,NW,C,C,300,1020,NaN,M,20,NaN,
2012051300,a2l.2012,9X-A2L,TS,NONdev,34.5,329.3,45,1008,20,9,360,12,40,60,60,20,20,NaN,NaN,NaN,NaN,NaN,LO,NW,C,C,300,1020,NaN,M,20,NaN,
2012051306,a2l.2012,9X-A2L,TS,NONdev,34.9,328.3,40,1008,325,9,325,9,40,60,60,20,20,NaN,NaN,NaN,NaN,NaN,LO,NW,b,b,300,1020,NaN,NaN,20,NaN,
2012051312,a2l.2012,9X-A2L,TS,NONdev,34.9,327.2,40,1009,285,9,283,9,40,60,20,20,60,NaN,NaN,NaN,NaN,NaN,LO,NW,C,C,300,1019,NaN,M,20,NaN,
2012051318,a2l.2012,9X-A2L,TS,NONdev,34.7,326.5,40,1009,265,7,262,7,35,50,20,20,50,NaN,NaN,NaN,NaN,NaN,LO,NW,C,C,300,1019,NaN,M,20,NaN,
2012051400,a2l.2012,9X-A2L,TS,NONdev,34.0,326.1,40,1007,245,7,225,6,38,50,25,25,50,NaN,NaN,NaN,NaN,NaN,LO,NW,C,C,240,1016,NaN,M,20,NaN,
2012051406,a2l.2012,9X-A2L,TS,NONdev,33.3,326.4,40,1007,205,6,183,7,38,50,25,25,50,NaN,NaN,NaN,NaN,NaN,LO,NW,C,C,240,1016,NaN,M,20,NaN,
2012051412,a2l.2012,9X-A2L,TS,NONdev,32.9,326.8,35,1007,145,7,152,6,38,50,25,25,50,NaN,NaN,NaN,NaN,NaN,LO,NW,C,C,240,1016,NaN,M,20,NaN,
2012051812,a3l.2012,9X-A3L,TS,DEV,33.4,283.6,25,1011,228,2,228,2,NaN,NaN,NaN,NaN,NaN,NaN,NaN,NaN,NaN,NaN,LO,NW,b,b,NaN,NaN,NaN,NaN,NaN,NaN,
2012051818,a3l.2012,9X-A3L,TS,DEV,33.3,283.4,25,1011,228,2,228,2,NaN,NaN,NaN,NaN,NaN,NaN,NaN,NaN,NaN,NaN,LO,NW,b,b,NaN,NaN,NaN,NaN,NaN,NaN,
2012051900,a3l.2012,9X-A3L,TS,DEV,33.1,283.2,25,1010,228,2,228,2,NaN,NaN,NaN,NaN,NaN,NaN,NaN,NaN,NaN,NaN,LO,NW,b,b,NaN,NaN,NaN,NaN,NaN,NaN,
2012051906,a3l.2012,9X-A3L,TS,DEV,32.9,282.9,30,1009,226,3,226,3,NaN,NaN,NaN,NaN,NaN,NaN,NaN,NaN,NaN,NaN,LO,NW,b,b,NaN,NaN,NaN,NaN,NaN,NaN,
2012051912,a3l.2012,9X-A3L,TS,DEV,32.5,282.7,35,1009,215,4,215,4,30,30,,30,30,NaN,NaN,NaN,NaN,NaN,LO,NW,b,b,50,1012,NaN,S,40,NaN,
2012052200,a4l.2012,9X-A4L,TS,DEV,18.0,274.0,20,1010,85,5,85,5,NaN,NaN,NaN,NaN,NaN,NaN,NaN,NaN,NaN,NaN,DB,NW,b,b,275,1012,NaN,NaN,120,NaN,
2012052206,a4l.2012,9X-A4L,TS,DEV,18.0,274.6,20,1010,85,5,85,5,NaN,NaN,NaN,NaN,NaN,NaN,NaN,NaN,NaN,NaN,DB,NW,b,b,NaN,NaN,NaN,NaN,NaN,NaN,
2012052212,a4l.2012,9X-A4L,TS,DEV,18.1,275.1,20,1009,85,5,85,5,NaN,NaN,NaN,NaN,NaN,NaN,NaN,NaN,NaN,NaN,DB,NW,b,b,NaN,NaN,NaN,NaN,NaN,NaN,
2012052218,a4l.2012,9X-A4L,TS,DEV,18.5,275.5,25,1009,60,5,60,5,NaN,NaN,NaN,NaN,NaN,NaN,NaN,NaN,NaN,NaN,DB,NW,b,b,NaN,NaN,NaN,NaN,NaN,NaN,
2012052300,a4l.2012,9X-A4L,TS,DEV,19.0,275.9,25,1008,40,6,40,6,NaN,NaN,NaN,NaN,NaN,NaN,NaN,NaN,NaN,NaN,DB,NW,b,b,275,1011,NaN,M,130,NaN,
2012052306,a4l.2012,9X-A4L,TS,DEV,19.6,276.1,25,1008,27,6,27,6,NaN,NaN,NaN,NaN,NaN,NaN,NaN,NaN,NaN,NaN,DB,NW,b,b,200,1010,NaN,S,130,NaN,
2012052312,a4l.2012,9X-A4L,TS,DEV,20.1,276.5,25,1008,27,6,27,6,NaN,NaN,NaN,NaN,NaN,NaN,NaN,NaN,NaN,NaN,DB,NW,b,b,175,1010,NaN,S,130,NaN,
2012052318,a4l.2012,9X-A4L,TS,DEV,20.6,277.0,25,1008,40,7,40,7,NaN,NaN,NaN,NaN,NaN,NaN,NaN,NaN,NaN,NaN,DB,NW,b,b,180,1010,NaN,S,130,NaN,
2012052400,a4l.2012,9X-A4L,TS,DEV,21.4,277.6,30,1007,38,8,38,8,NaN,NaN,NaN,NaN,NaN,NaN,NaN,NaN,NaN,NaN,LO,NW,b,b,180,1010,0.21,S,130,NaN,
2012052406,a4l.2012,9X-A4L,TS,DEV,22.7,278.3,25,1007,30,12,30,12,NaN,NaN,NaN,NaN,NaN,NaN,NaN,NaN,NaN,NaN,LO,NW,b,b,180,1010,0.73,S,130,NaN,
2012052412,a4l.2012,9X-A4L,TS,DEV,23.8,278.7,25,1007,23,13,23,13,NaN,NaN,NaN,NaN,NaN,NaN,NaN,NaN,NaN,NaN,LO,NW,b,b,150,1010,NaN,S,120,NaN,
2012052418,a4l.2012,9X-A4L,TS,DEV,25.1,279.9,35,1007,31,14,31,14,75,75,75,,,NaN,NaN,NaN,NaN,NaN,LO,NW,b,b,120,1011,0.05,S,75,NaN,
2012052500,a4l.2012,9X-A4L,TS,DEV,26.5,281.3,35,1007,41,18,41,18,80,80,80,,,NaN,NaN,NaN,NaN,NaN,LO,NW,b,b,120,1011,0.08,S,75,NaN,
2012052506,a4l.2012,9X-A4L,TS,DEV,28.1,281.9,30,1009,31,17,31,17,NaN,NaN,NaN,NaN,NaN,NaN,NaN,NaN,NaN,NaN,LO,NW,b,b,100,1012,NaN,S,60,NaN,
2012052512,a4l.2012,9X-A4L,TS,DEV,30.0,284.4,30,1011,38,22,38,22,NaN,NaN,NaN,NaN,NaN,NaN,NaN,NaN,NaN,NaN,LO,NW,b,b,140,1014,NaN,S,60,NaN,
2012052518,a4l.2012,9X-A4L,TS,DEV,31.2,284.9,35,1005,40,20,40,20,100,80,120,,,NaN,NaN,NaN,NaN,NaN,LO,NW,b,b,120,1014,NaN,S,70,NaN,
2012061700,a5l.2012,9X-A5L,TS,DEV,28.8,291.2,25,1007,62,17,62,17,NaN,NaN,NaN,NaN,NaN,NaN,NaN,NaN,NaN,NaN,LO,NW,b,b,NaN,NaN,NaN,NaN,NaN,NaN,
2012061706,a5l.2012,9X-A5L,TS,DEV,29.2,292.9,25,1007,62,17,62,17,NaN,NaN,NaN,NaN,NaN,NaN,NaN,NaN,NaN,NaN,LO,NW,b,b,NaN,NaN,NaN,NaN,NaN,NaN,
2012061712,a5l.2012,9X-A5L,TS,DEV,30.4,294.7,30,1005,62,17,62,17,NaN,NaN,NaN,NaN,NaN,NaN,NaN,NaN,NaN,NaN,LO,NW,b,b,NaN,NaN,NaN,NaN,NaN,NaN,
2012061718,a5l.2012,9X-A5L,TS,DEV,31.7,296.0,30,1005,47,18,47,18,NaN,NaN,NaN,NaN,NaN,NaN,NaN,NaN,NaN,NaN,LO,NW,b,b,NaN,NaN,NaN,NaN,NaN,NaN,
2012061800,a5l.2012,9X-A5L,TS,DEV,33.4,296.5,30,1005,35,17,27,17,NaN,NaN,NaN,NaN,NaN,NaN,NaN,NaN,NaN,NaN,LO,NW,C,C,125,1013,NaN,M,50,NaN,
2012061806,a5l.2012,9X-A5L,TS,DEV,34.9,297.4,30,1005,25,17,20,17,50,50,50,,,NaN,NaN,NaN,NaN,NaN,LO,NW,C,C,125,1013,NaN,M,40,NaN,
2012061812,a5l.2012,9X-A5L,TS,DEV,37.0,298.1,40,1005,20,17,20,19,50,50,50,,,NaN,NaN,NaN,NaN,NaN,LO,NW,C,C,200,1016,NaN,M,30,NaN,
2012061818,a5l.2012,9X-A5L,TS,DEV,38.0,298.7,40,1005,20,16,19,16,50,50,50,,50,NaN,NaN,NaN,NaN,NaN,LO,NW,C,C,200,1016,NaN,M,30,NaN,
2012061900,a5l.2012,9X-A5L,TS,DEV,38.5,299.5,40,1005,25,12,36,9,50,50,50,,50,NaN,NaN,NaN,NaN,NaN,LO,NW,C,C,200,1016,NaN,M,30,NaN,
2012061906,a5l.2012,9X-A5L,TS,DEV,39.1,300.4,40,1005,40,10,50,9,53,60,60,,40,NaN,NaN,NaN,NaN,NaN,LO,NW,C,C,220,1016,NaN,M,30,NaN,
2012061912,a5l.2012,9X-A5L,TS,DEV,39.4,301.6,40,1005,60,9,61,9,53,60,60,,40,NaN,NaN,NaN,NaN,NaN,LO,NW,C,C,220,1016,NaN,M,30,NaN,
2012062018,a6l.2012,9X-A6L,TD,DEV,20.0,269.8,20,1009,17,5,17,5,NaN,NaN,NaN,NaN,NaN,NaN,NaN,NaN,NaN,NaN,DB,NW,b,b,NaN,NaN,0.99,NaN,NaN,NaN,
2012062100,a6l.2012,9X-A6L,TD,DEV,20.5,270.0,20,1009,17,5,17,5,NaN,NaN,NaN,NaN,NaN,NaN,NaN,NaN,NaN,NaN,DB,NW,b,b,NaN,NaN,0.95,NaN,NaN,NaN,
2012062106,a6l.2012,9X-A6L,TD,DEV,20.9,270.1,20,1009,17,5,17,5,NaN,NaN,NaN,NaN,NaN,NaN,NaN,NaN,NaN,NaN,DB,NW,b,b,NaN,NaN,0.63,NaN,NaN,NaN,
2012062112,a6l.2012,9X-A6L,TD,DEV,21.3,270.5,20,1009,30,5,30,5,NaN,NaN,NaN,NaN,NaN,NaN,NaN,NaN,NaN,NaN,DB,NW,b,b,NaN,NaN,0.30,NaN,NaN,NaN,
2012062118,a6l.2012,9X-A6L,TD,DEV,21.7,271.0,20,1008,20,3,46,6,NaN,NaN,NaN,NaN,NaN,NaN,NaN,NaN,NaN,NaN,DB,NW,C,C,240,1009,0.40,S,120,NaN,
2012062200,a6l.2012,9X-A6L,TD,DEV,22.0,271.0,20,1007,0,3,34,4,NaN,NaN,NaN,NaN,NaN,NaN,NaN,NaN,NaN,NaN,LO,NW,C,C,240,1009,NaN,M,120,NaN,
2012062206,a6l.2012,9X-A6L,TD,DEV,22.5,270.5,20,1007,15,4,330,5,NaN,NaN,NaN,NaN,NaN,NaN,NaN,NaN,NaN,NaN,LO,NW,C,C,240,1009,NaN,M,120,NaN,
2012062212,a6l.2012,9X-A6L,TD,DEV,22.5,271.7,25,1005,40,2,52,4,NaN,NaN,NaN,NaN,NaN,NaN,NaN,NaN,NaN,NaN,LO,NW,C,C,250,1007,NaN,M,150,NaN,
2012062218,a6l.2012,9X-A6L,TD,DEV,22.6,271.7,25,1005,30,2,85,6,NaN,NaN,NaN,NaN,NaN,NaN,NaN,NaN,NaN,NaN,DB,NW,C,C,225,1008,NaN,M,150,NaN,
2012062300,a6l.2012,9X-A6L,TD,DEV,23.3,272.1,30,1004,0,4,25,4,NaN,NaN,NaN,NaN,NaN,NaN,NaN,NaN,NaN,NaN,DB,NW,C,C,225,1007,NaN,M,150,NaN,
2012062306,a6l.2012,9X-A6L,TD,DEV,24.0,272.0,30,1004,10,4,11,7,NaN,NaN,NaN,NaN,NaN,NaN,NaN,NaN,NaN,NaN,DB,NW,C,C,250,1008,NaN,M,150,NaN,
2012062312,a6l.2012,9X-A6L,TD,DEV,25.4,272.4,30,1002,5,8,7,11,NaN,NaN,NaN,NaN,NaN,NaN,NaN,NaN,NaN,NaN,LO,NW,C,C,280,1008,NaN,M,120,NaN,
2012062818,a7l.2012,9X-A7L,TD,NONdev,11.5,318.1,20,1014,272,13,272,13,NaN,NaN,NaN,NaN,NaN,NaN,NaN,NaN,NaN,NaN,DB,NW,b,b,NaN,NaN,NaN,NaN,NaN,NaN,
2012062900,a7l.2012,9X-A7L,TD,NONdev,11.5,316.8,20,1014,272,13,272,13,NaN,NaN,NaN,NaN,NaN,NaN,NaN,NaN,NaN,NaN,DB,NW,b,b,NaN,NaN,NaN,NaN,NaN,NaN,
2012062906,a7l.2012,9X-A7L,TD,NONdev,11.6,315.5,20,1013,272,13,272,13,NaN,NaN,NaN,NaN,NaN,NaN,NaN,NaN,NaN,NaN,DB,NW,b,b,NaN,NaN,NaN,NaN,NaN,NaN,
2012062912,a7l.2012,9X-A7L,TD,NONdev,11.6,314.2,20,1013,272,13,272,13,NaN,NaN,NaN,NaN,NaN,NaN,NaN,NaN,NaN,NaN,DB,NW,b,b,150,1015,NaN,NaN,45,NaN,
2012062918,a7l.2012,9X-A7L,TD,NONdev,11.7,312.9,20,1013,272,13,272,13,NaN,NaN,NaN,NaN,NaN,NaN,NaN,NaN,NaN,NaN,DB,NW,b,b,150,1015,NaN,S,45,NaN,
2012063000,a7l.2012,9X-A7L,TD,NONdev,11.7,312.5,25,1013,273,8,273,8,NaN,NaN,NaN,NaN,NaN,NaN,NaN,NaN,NaN,NaN,DB,NW,b,b,150,1015,NaN,S,45,NaN,
2012072318,a8l.2012,9X-A8L,TS,NONdev,33.8,302.7,20,1013,52,7,52,7,NaN,NaN,NaN,NaN,NaN,NaN,NaN,NaN,NaN,NaN,DB,NW,b,b,NaN,NaN,NaN,NaN,NaN,NaN,
2012072400,a8l.2012,9X-A8L,TS,NONdev,34.1,303.5,20,1012,52,7,52,7,NaN,NaN,NaN,NaN,NaN,NaN,NaN,NaN,NaN,NaN,DB,NW,b,b,NaN,NaN,NaN,NaN,NaN,NaN,
2012072406,a8l.2012,9X-A8L,TS,NONdev,34.7,304.1,25,1011,52,7,52,7,NaN,NaN,NaN,NaN,NaN,NaN,NaN,NaN,NaN,NaN,DB,NW,b,b,NaN,NaN,NaN,NaN,NaN,NaN,
2012072412,a8l.2012,9X-A8L,TS,NONdev,35.4,304.7,30,1009,37,8,37,8,NaN,NaN,NaN,NaN,NaN,NaN,NaN,NaN,NaN,NaN,LO,NW,b,b,NaN,NaN,NaN,NaN,NaN,NaN,
2012072418,a8l.2012,9X-A8L,TS,NONdev,36.0,305.0,35,1007,40,6,29,7,37,,30,40,40,NaN,NaN,NaN,NaN,NaN,LO,NW,C,C,100,1013,NaN,M,35,NaN,
2012072500,a8l.2012,9X-A8L,TS,NONdev,37.2,306.3,35,1007,36,11,36,11,37,,30,40,40,NaN,NaN,NaN,NaN,NaN,LO,NW,b,b,100,1012,NaN,M,35,NaN,
2012072506,a8l.2012,9X-A8L,TS,NONdev,38.7,307.8,35,1006,39,17,39,17,40,,40,,,NaN,NaN,NaN,NaN,NaN,LO,NW,b,b,100,1012,NaN,M,30,NaN,
2012072512,a8l.2012,9X-A8L,TS,NONdev,41.0,309.3,40,1003,31,22,31,22,35,35,,,,NaN,NaN,NaN,NaN,NaN,LO,NW,b,b,125,1012,NaN,S,20,NaN,
2012072518,a8l.2012,9X-A8L,TS,NONdev,43.8,310.6,45,999,22,28,22,28,38,35,40,,,NaN,NaN,NaN,NaN,NaN,LO,NW,b,b,125,1012,NaN,M,20,NaN,
2012072912,a9l.2012,9X-A9L,TD,DEV,8.7,325.9,20,1010,262,26,270,3,NaN,NaN,NaN,NaN,NaN,NaN,NaN,NaN,NaN,NaN,DB,NW,b,b,NaN,NaN,NaN,NaN,NaN,NaN,
2012072918,a9l.2012,9X-A9L,TD,DEV,8.7,325.6,20,1010,262,26,270,3,NaN,NaN,NaN,NaN,NaN,NaN,NaN,NaN,NaN,NaN,DB,NW,b,b,NaN,NaN,NaN,NaN,NaN,NaN,
2012073000,a9l.2012,9X-A9L,TD,DEV,8.7,325.3,20,1010,270,3,270,3,NaN,NaN,NaN,NaN,NaN,NaN,NaN,NaN,NaN,NaN,DB,NW,b,b,NaN,NaN,NaN,NaN,NaN,NaN,
2012073006,a9l.2012,9X-A9L,TD,DEV,9.7,325.7,20,1010,275,13,6,5,NaN,NaN,NaN,NaN,NaN,NaN,NaN,NaN,NaN,NaN,LO,NW,C,C,200,1012,NaN,S,80,NaN,
2012073012,a9l.2012,9X-A9L,TD,DEV,8.7,324.5,20,1010,270,4,270,4,NaN,NaN,NaN,NaN,NaN,NaN,NaN,NaN,NaN,NaN,LO,NW,C,C,180,1011,NaN,S,80,NaN,
2012073018,a9l.2012,9X-A9L,TD,DEV,8.7,324.2,20,1010,270,4,236,9,NaN,NaN,NaN,NaN,NaN,NaN,NaN,NaN,NaN,NaN,DB,NW,C,C,160,1011,NaN,S,80,NaN,
2012073100,a9l.2012,9X-A9L,TD,DEV,8.9,323.4,20,1010,280,8,280,6,NaN,NaN,NaN,NaN,NaN,NaN,NaN,NaN,NaN,NaN,DB,NW,C,C,150,1011,NaN,S,80,NaN,
2012073106,a9l.2012,9X-A9L,TD,DEV,9.1,321.9,20,1010,280,12,280,12,NaN,NaN,NaN,NaN,NaN,NaN,NaN,NaN,NaN,NaN,DB,NW,b,b,NaN,NaN,NaN,NaN,NaN,NaN,
2012073112,a9l.2012,9X-A9L,TD,DEV,9.3,320.4,20,1010,280,13,278,15,NaN,NaN,NaN,NaN,NaN,NaN,NaN,NaN,NaN,NaN,DB,NW,C,C,150,1011,NaN,S,80,NaN,
2012073118,a9l.2012,9X-A9L,TD,DEV,9.6,318.7,25,1010,280,16,279,16,NaN,NaN,NaN,NaN,NaN,NaN,NaN,NaN,NaN,NaN,DB,NW,C,C,150,1011,NaN,S,80,NaN,
2012080100,a9l.2012,9X-A9L,TD,DEV,9.7,317.0,25,1009,280,17,277,17,NaN,NaN,NaN,NaN,NaN,NaN,NaN,NaN,NaN,NaN,LO,NW,C,C,150,1012,NaN,M,50,NaN,
2012080106,a9l.2012,9X-A9L,TD,DEV,10.2,315.1,28,1009,280,17,279,18,NaN,NaN,NaN,NaN,NaN,NaN,NaN,NaN,NaN,NaN,LO,NW,C,C,150,1012,NaN,M,50,NaN,
2012080112,a9l.2012,9X-A9L,TD,DEV,10.7,313.1,30,1009,280,19,281,19,NaN,NaN,NaN,NaN,NaN,NaN,NaN,NaN,NaN,NaN,LO,NW,C,C,150,1012,NaN,M,50,NaN,
2012090412,b0l.2012,9X-B0L,TD,NONdev,34.9,273.4,15,1012,171,11,171,11,NaN,NaN,NaN,NaN,NaN,NaN,NaN,NaN,NaN,NaN,LO,NW,b,b,NaN,NaN,0.97,NaN,NaN,NaN,
2012090418,b0l.2012,9X-B0L,TD,NONdev,34.0,273.6,15,1012,171,11,171,11,NaN,NaN,NaN,NaN,NaN,NaN,NaN,NaN,NaN,NaN,LO,NW,b,b,NaN,NaN,0.96,NaN,NaN,NaN,
2012090500,b0l.2012,9X-B0L,TD,NONdev,32.8,273.8,15,1012,171,11,171,11,NaN,NaN,NaN,NaN,NaN,NaN,NaN,NaN,NaN,NaN,DB,NW,b,b,NaN,NaN,0.96,NaN,NaN,NaN,
2012090506,b0l.2012,9X-B0L,TD,NONdev,31.8,273.7,20,1011,178,11,178,11,NaN,NaN,NaN,NaN,NaN,NaN,NaN,NaN,NaN,NaN,DB,NW,b,b,100,1013,1.00,S,60,NaN,
2012090512,b0l.2012,9X-B0L,TD,NONdev,30.8,273.4,25,1010,190,10,190,10,NaN,NaN,NaN,NaN,NaN,NaN,NaN,NaN,NaN,NaN,LO,NW,b,b,100,1013,0.99,M,60,NaN,
2012090518,b0l.2012,9X-B0L,TD,NONdev,30.0,273.0,25,1010,198,9,198,9,NaN,NaN,NaN,NaN,NaN,NaN,NaN,NaN,NaN,NaN,LO,NW,b,b,100,1013,0.08,M,60,NaN,
2012090600,b0l.2012,9X-B0L,TD,NONdev,29.6,272.2,25,1009,221,8,221,8,NaN,NaN,NaN,NaN,NaN,NaN,NaN,NaN,NaN,NaN,LO,NW,b,b,100,1013,NaN,M,60,NaN,
2012090606,b0l.2012,9X-B0L,TD,NONdev,29.3,271.7,25,1009,238,7,238,7,NaN,NaN,NaN,NaN,NaN,NaN,NaN,NaN,NaN,NaN,LO,NW,b,b,100,1013,NaN,M,60,NaN,
2012090612,b0l.2012,9X-B0L,TD,NONdev,28.5,271.5,25,1009,209,6,209,6,NaN,NaN,NaN,NaN,NaN,NaN,NaN,NaN,NaN,NaN,LO,NW,b,b,100,1013,NaN,M,60,NaN,
2012090618,b0l.2012,9X-B0L,TD,NONdev,28.2,271.7,25,1010,180,5,180,6,NaN,NaN,NaN,NaN,NaN,NaN,NaN,NaN,NaN,NaN,LO,NW,b,b,100,1013,NaN,M,60,NaN,
2012090700,b0l.2012,9X-B0L,TD,NONdev,28.4,271.4,25,1010,221,1,221,1,NaN,NaN,NaN,NaN,NaN,NaN,NaN,NaN,NaN,NaN,LO,NW,b,b,80,1012,NaN,M,60,NaN,
2012090706,b0l.2012,9X-B0L,TD,NONdev,28.0,270.8,25,1010,256,4,256,4,NaN,NaN,NaN,NaN,NaN,NaN,NaN,NaN,NaN,NaN,LO,NW,b,b,80,1012,NaN,M,60,NaN,
2012090712,b0l.2012,9X-B0L,TD,NONdev,27.6,270.8,25,1009,214,5,214,5,NaN,NaN,NaN,NaN,NaN,NaN,NaN,NaN,NaN,NaN,LO,NW,b,b,120,1012,NaN,M,90,NaN,
2012090718,b0l.2012,9X-B0L,TD,NONdev,27.5,271.0,25,1009,161,3,161,3,NaN,NaN,NaN,NaN,NaN,NaN,NaN,NaN,NaN,NaN,LO,NW,b,b,NaN,NaN,NaN,NaN,NaN,NaN,
2012090800,b0l.2012,9X-B0L,TD,NONdev,27.6,271.2,20,1008,90,2,90,2,NaN,NaN,NaN,NaN,NaN,NaN,NaN,NaN,NaN,NaN,LO,NW,b,b,120,1010,NaN,S,90,NaN,
2012080218,b1l.2012,9X-B1L,TD,NONdev,22.0,283.5,20,1013,317,9,317,9,NaN,NaN,NaN,NaN,NaN,NaN,NaN,NaN,NaN,NaN,DB,NW,b,b,NaN,NaN,NaN,NaN,NaN,NaN,
2012080300,b1l.2012,9X-B1L,TD,NONdev,22.6,282.9,20,1013,317,9,317,9,NaN,NaN,NaN,NaN,NaN,NaN,NaN,NaN,NaN,NaN,DB,NW,b,b,NaN,NaN,NaN,NaN,NaN,NaN,
2012080306,b1l.2012,9X-B1L,TD,NONdev,23.3,282.2,20,1013,317,9,317,9,NaN,NaN,NaN,NaN,NaN,NaN,NaN,NaN,NaN,NaN,DB,NW,b,b,NaN,NaN,0.07,NaN,NaN,NaN,
2012080312,b1l.2012,9X-B1L,TD,NONdev,24.0,281.5,20,1013,317,10,317,10,NaN,NaN,NaN,NaN,NaN,NaN,NaN,NaN,NaN,NaN,DB,NW,b,b,150,1015,0.02,S,90,NaN,
2012080318,b1l.2012,9X-B1L,TD,NONdev,25.1,281.1,20,1013,331,10,331,10,NaN,NaN,NaN,NaN,NaN,NaN,NaN,NaN,NaN,NaN,DB,NW,b,b,150,1015,NaN,S,90,NaN,
2012080600,b2l.2012,9X-B2L,TD,DEV,11.6,337.5,20,1010,270,10,270,10,NaN,NaN,NaN,NaN,NaN,NaN,NaN,NaN,NaN,NaN,LO,NW,b,b,NaN,NaN,NaN,NaN,NaN,NaN,
2012080606,b2l.2012,9X-B2L,TD,DEV,11.6,336.5,20,1010,270,10,270,10,NaN,NaN,NaN,NaN,NaN,NaN,NaN,NaN,NaN,NaN,LO,NW,b,b,NaN,NaN,NaN,NaN,NaN,NaN,
2012080612,b2l.2012,9X-B2L,TD,DEV,11.6,335.5,20,1010,270,10,270,10,NaN,NaN,NaN,NaN,NaN,NaN,NaN,NaN,NaN,NaN,LO,NW,b,b,150,1012,NaN,NaN,70,NaN,
2012080618,b2l.2012,9X-B2L,TD,DEV,11.6,334.5,20,1010,270,10,270,10,NaN,NaN,NaN,NaN,NaN,NaN,NaN,NaN,NaN,NaN,LO,NW,b,b,150,1012,NaN,NaN,70,NaN,
2012080700,b2l.2012,9X-B2L,TD,DEV,11.6,333.5,25,1009,270,10,270,10,NaN,NaN,NaN,NaN,NaN,NaN,NaN,NaN,NaN,NaN,DB,NW,C,C,150,1012,NaN,S,60,NaN,
2012080706,b2l.2012,9X-B2L,TD,DEV,11.8,332.3,25,1009,275,10,275,11,NaN,NaN,NaN,NaN,NaN,NaN,NaN,NaN,NaN,NaN,DB,NW,C,C,150,1012,NaN,S,60,NaN,
2012080712,b2l.2012,9X-B2L,TD,DEV,11.8,330.4,25,1009,275,13,274,15,NaN,NaN,NaN,NaN,NaN,NaN,NaN,NaN,NaN,NaN,DB,NW,C,C,150,1011,NaN,S,60,NaN,
2012080718,b2l.2012,9X-B2L,TD,DEV,11.8,328.7,25,1009,270,17,270,18,NaN,NaN,NaN,NaN,NaN,NaN,NaN,NaN,NaN,NaN,DB,NW,C,C,150,1011,NaN,S,60,NaN,
2012080800,b2l.2012,9X-B2L,TD,DEV,11.9,327.1,25,1009,270,17,272,16,NaN,NaN,NaN,NaN,NaN,NaN,NaN,NaN,NaN,NaN,DB,NW,C,C,150,1011,NaN,S,60,NaN,
2012080806,b2l.2012,9X-B2L,TD,DEV,12.1,325.4,25,1009,275,16,275,16,NaN,NaN,NaN,NaN,NaN,NaN,NaN,NaN,NaN,NaN,DB,NW,C,C,150,1011,NaN,S,60,NaN,
2012080812,b2l.2012,9X-B2L,TD,DEV,13.5,324.9,25,1009,295,14,307,13,NaN,NaN,NaN,NaN,NaN,NaN,NaN,NaN,NaN,NaN,DB,NW,C,C,150,1011,NaN,S,60,NaN,
2012080818,b2l.2012,9X-B2L,TD,DEV,14.2,323.8,25,1010,290,14,323,13,NaN,NaN,NaN,NaN,NaN,NaN,NaN,NaN,NaN,NaN,DB,NW,C,C,150,1013,NaN,S,60,NaN,
2012080900,b2l.2012,9X-B2L,TD,DEV,14.5,321.4,25,1010,285,16,286,18,NaN,NaN,NaN,NaN,NaN,NaN,NaN,NaN,NaN,NaN,LO,NW,C,C,150,1013,NaN,S,50,NaN,
2012080906,b2l.2012,9X-B2L,TD,DEV,14.6,320.7,25,1010,280,13,278,15,NaN,NaN,NaN,NaN,NaN,NaN,NaN,NaN,NaN,NaN,LO,NW,C,C,150,1013,NaN,S,50,NaN,
2012080912,b2l.2012,9X-B2L,TD,DEV,13.7,318.3,25,1010,265,15,255,16,NaN,NaN,NaN,NaN,NaN,NaN,NaN,NaN,NaN,NaN,LO,NW,C,C,150,1013,NaN,S,50,NaN,
2012080818,b3l.2012,9X-B3L,TD,DEV,13.9,351.5,20,1007,273,18,273,18,NaN,NaN,NaN,NaN,NaN,NaN,NaN,NaN,NaN,NaN,DB,NW,b,b,NaN,NaN,1.00,NaN,NaN,NaN,
2012080900,b3l.2012,9X-B3L,TD,DEV,14.0,350.3,20,1007,273,18,273,18,NaN,NaN,NaN,NaN,NaN,NaN,NaN,NaN,NaN,NaN,DB,NW,b,b,NaN,NaN,0.99,NaN,NaN,NaN,
2012080906,b3l.2012,9X-B3L,TD,DEV,14.1,347.8,20,1006,273,18,273,18,NaN,NaN,NaN,NaN,NaN,NaN,NaN,NaN,NaN,NaN,DB,NW,b,b,NaN,NaN,1.00,NaN,NaN,NaN,
2012080912,b3l.2012,9X-B3L,TD,DEV,14.4,346.0,20,1006,275,21,275,21,NaN,NaN,NaN,NaN,NaN,NaN,NaN,NaN,NaN,NaN,DB,NW,b,b,NaN,NaN,1.00,NaN,NaN,NaN,
2012080918,b3l.2012,9X-B3L,TD,DEV,14.8,344.5,25,1004,282,16,282,16,NaN,NaN,NaN,NaN,NaN,NaN,NaN,NaN,NaN,NaN,DB,NW,b,b,NaN,NaN,1.00,NaN,NaN,NaN,
2012081000,b3l.2012,9X-B3L,TD,DEV,15.1,342.9,25,1004,283,15,283,15,NaN,NaN,NaN,NaN,NaN,NaN,NaN,NaN,NaN,NaN,DB,NW,b,b,150,1008,0.55,S,60,NaN,
2012081006,b3l.2012,9X-B3L,TD,DEV,15.5,341.2,30,1004,282,16,282,16,NaN,NaN,NaN,NaN,NaN,NaN,NaN,NaN,NaN,NaN,DB,NW,b,b,210,1009,NaN,S,60,NaN,
2012081012,b3l.2012,9X-B3L,TD,DEV,16.0,339.4,30,1004,285,17,285,17,NaN,NaN,NaN,NaN,NaN,NaN,NaN,NaN,NaN,NaN,DB,NW,b,b,210,1009,NaN,S,60,NaN,
2012081018,b3l.2012,9X-B3L,TD,DEV,16.7,338.2,25,1007,293,16,293,16,NaN,NaN,NaN,NaN,NaN,NaN,NaN,NaN,NaN,NaN,LO,NW,b,b,240,1010,NaN,S,60,NaN,
2012081100,b3l.2012,9X-B3L,TD,DEV,17.4,337.0,25,1009,301,13,301,13,NaN,NaN,NaN,NaN,NaN,NaN,NaN,NaN,NaN,NaN,LO,NW,b,b,180,1012,NaN,S,60,NaN,
2012081106,b3l.2012,9X-B3L,TD,DEV,18.0,335.5,25,1010,297,14,297,14,NaN,NaN,NaN,NaN,NaN,NaN,NaN,NaN,NaN,NaN,LO,NW,b,b,180,1012,NaN,S,60,NaN,
2012081112,b3l.2012,9X-B3L,TD,DEV,19.0,332.7,25,1011,291,22,291,22,NaN,NaN,NaN,NaN,NaN,NaN,NaN,NaN,NaN,NaN,LO,NW,b,b,180,1013,NaN,S,60,NaN,
2012081118,b3l.2012,9X-B3L,TD,DEV,19.5,330.7,25,1012,288,24,288,24,NaN,NaN,NaN,NaN,NaN,NaN,NaN,NaN,NaN,NaN,LO,NW,b,b,100,1013,NaN,S,60,NaN,
2012081200,b3l.2012,9X-B3L,TD,DEV,20.2,328.6,25,1013,287,20,287,20,NaN,NaN,NaN,NaN,NaN,NaN,NaN,NaN,NaN,NaN,LO,NW,b,b,NaN,NaN,NaN,NaN,NaN,NaN,
2012081206,b3l.2012,9X-B3L,TD,DEV,20.5,326.4,25,1014,284,21,284,21,NaN,NaN,NaN,NaN,NaN,NaN,NaN,NaN,NaN,NaN,LO,NW,b,b,NaN,NaN,NaN,NaN,NaN,NaN,
2012081212,b3l.2012,9X-B3L,TD,DEV,20.7,324.5,25,1015,277,19,277,19,NaN,NaN,NaN,NaN,NaN,NaN,NaN,NaN,NaN,NaN,LO,NW,b,b,100,1013,NaN,S,70,NaN,
2012081218,b3l.2012,9X-B3L,TD,DEV,21.1,322.8,25,1015,280,17,280,17,NaN,NaN,NaN,NaN,NaN,NaN,NaN,NaN,NaN,NaN,LO,NW,b,b,120,1014,NaN,S,70,NaN,
2012081300,b3l.2012,9X-B3L,TD,DEV,21.5,320.9,25,1015,283,17,283,17,NaN,NaN,NaN,NaN,NaN,NaN,NaN,NaN,NaN,NaN,LO,NW,b,b,120,1014,NaN,S,70,NaN,
2012081306,b3l.2012,9X-B3L,TD,DEV,22.0,318.8,25,1012,284,19,284,19,NaN,NaN,NaN,NaN,NaN,NaN,NaN,NaN,NaN,NaN,WV,NW,b,b,150,1015,NaN,S,70,NaN,
2012081312,b3l.2012,9X-B3L,TD,DEV,22.5,316.7,25,1014,284,20,284,20,NaN,NaN,NaN,NaN,NaN,NaN,NaN,NaN,NaN,NaN,WV,NW,b,b,150,1017,NaN,S,70,NaN,
2012081318,b3l.2012,9X-B3L,TD,DEV,23.0,314.8,25,1015,285,19,285,19,NaN,NaN,NaN,NaN,NaN,NaN,NaN,NaN,NaN,NaN,WV,NW,b,b,150,1017,NaN,S,70,NaN,
2012081400,b3l.2012,9X-B3L,TD,DEV,23.5,313.0,20,1015,286,18,286,18,NaN,NaN,NaN,NaN,NaN,NaN,NaN,NaN,NaN,NaN,WV,NW,b,b,150,1017,NaN,S,70,NaN,
2012081406,b3l.2012,9X-B3L,TD,DEV,24.0,311.2,20,1015,287,17,287,17,NaN,NaN,NaN,NaN,NaN,NaN,NaN,NaN,NaN,NaN,WV,NW,b,b,150,1017,NaN,NaN,70,NaN,
2012081412,b3l.2012,9X-B3L,TD,DEV,24.5,309.5,25,1015,287,17,287,17,NaN,NaN,NaN,NaN,NaN,NaN,NaN,NaN,NaN,NaN,WV,NW,b,b,150,1017,NaN,S,70,NaN,
2012081418,b3l.2012,9X-B3L,TD,DEV,25.0,308.1,25,1014,290,15,290,15,NaN,NaN,NaN,NaN,NaN,NaN,NaN,NaN,NaN,NaN,WV,NW,b,b,150,1017,NaN,S,70,NaN,
2012081500,b3l.2012,9X-B3L,TD,DEV,25.4,307.0,25,1014,292,12,292,12,NaN,NaN,NaN,NaN,NaN,NaN,NaN,NaN,NaN,NaN,WV,NW,b,b,150,1017,NaN,S,70,NaN,
2012081506,b3l.2012,9X-B3L,TD,DEV,26.1,306.0,25,1014,300,11,300,11,NaN,NaN,NaN,NaN,NaN,NaN,NaN,NaN,NaN,NaN,LO,NW,b,b,150,1017,NaN,S,40,NaN,
2012081512,b3l.2012,9X-B3L,TD,DEV,27.6,305.5,30,1013,329,13,329,13,NaN,NaN,NaN,NaN,NaN,NaN,NaN,NaN,NaN,NaN,LO,NW,b,b,150,1017,NaN,M,35,NaN,
2012081606,b4l.2012,9X-B4L,TD,DEV,10.6,348.0,15,1010,275,17,275,17,NaN,NaN,NaN,NaN,NaN,NaN,NaN,NaN,NaN,NaN,DB,NW,b,b,NaN,NaN,0.99,NaN,NaN,NaN,
2012081612,b4l.2012,9X-B4L,TD,DEV,10.7,346.4,20,1010,275,17,275,17,NaN,NaN,NaN,NaN,NaN,NaN,NaN,NaN,NaN,NaN,DB,NW,b,b,NaN,NaN,0.98,NaN,NaN,NaN,
2012081618,b4l.2012,9X-B4L,TD,DEV,10.9,344.5,20,1010,275,17,275,17,NaN,NaN,NaN,NaN,NaN,NaN,NaN,NaN,NaN,NaN,DB,NW,b,b,NaN,NaN,0.19,NaN,NaN,NaN,
2012081700,b4l.2012,9X-B4L,TD,DEV,11.1,342.7,20,1010,276,18,276,18,NaN,NaN,NaN,NaN,NaN,NaN,NaN,NaN,NaN,NaN,DB,NW,b,b,90,1014,NaN,S,60,NaN,
2012081706,b4l.2012,9X-B4L,TD,DEV,11.3,340.4,20,1009,276,20,276,20,NaN,NaN,NaN,NaN,NaN,NaN,NaN,NaN,NaN,NaN,DB,NW,b,b,150,1012,NaN,S,50,NaN,
2012081712,b4l.2012,9X-B4L,TD,DEV,11.5,338.1,20,1009,275,23,275,23,NaN,NaN,NaN,NaN,NaN,NaN,NaN,NaN,NaN,NaN,DB,NW,b,b,150,1012,NaN,S,50,NaN,
2012081718,b4l.2012,9X-B4L,TD,DEV,11.7,336.4,20,1009,276,20,276,20,NaN,NaN,NaN,NaN,NaN,NaN,NaN,NaN,NaN,NaN,DB,NW,b,b,150,1012,NaN,S,50,NaN,
2012081800,b4l.2012,9X-B4L,TD,DEV,11.9,334.9,20,1009,277,16,277,16,NaN,NaN,NaN,NaN,NaN,NaN,NaN,NaN,NaN,NaN,DB,NW,b,b,150,1012,NaN,S,50,NaN,
2012081806,b4l.2012,9X-B4L,TD,DEV,12.1,333.2,25,1008,277,16,277,16,NaN,NaN,NaN,NaN,NaN,NaN,NaN,NaN,NaN,NaN,DB,NW,b,b,150,1012,NaN,M,50,NaN,
2012081812,b4l.2012,9X-B4L,TD,DEV,13.2,331.3,25,1008,290,19,290,19,NaN,NaN,NaN,NaN,NaN,NaN,NaN,NaN,NaN,NaN,DB,NW,b,b,100,1012,NaN,M,50,NaN,
2012081818,b4l.2012,9X-B4L,TD,DEV,13.8,329.3,25,1008,294,21,294,21,NaN,NaN,NaN,NaN,NaN,NaN,NaN,NaN,NaN,NaN,DB,NW,b,b,120,1012,NaN,M,50,NaN,
2012081900,b4l.2012,9X-B4L,TD,DEV,14.2,327.4,30,1009,285,20,285,20,NaN,NaN,NaN,NaN,NaN,NaN,NaN,NaN,NaN,NaN,DB,NW,b,b,150,1012,NaN,M,50,NaN,
2012081906,b4l.2012,9X-B4L,TD,DEV,14.4,325.2,30,1010,279,20,279,20,NaN,NaN,NaN,NaN,NaN,NaN,NaN,NaN,NaN,NaN,DB,NW,b,b,150,1011,NaN,M,50,NaN,
2012081912,b4l.2012,9X-B4L,TD,DEV,14.5,323.4,25,1010,274,19,274,19,NaN,NaN,NaN,NaN,NaN,NaN,NaN,NaN,NaN,NaN,DB,NW,b,b,150,1014,NaN,M,60,NaN,
2012081918,b4l.2012,9X-B4L,TD,DEV,14.7,321.6,25,1010,275,17,275,17,NaN,NaN,NaN,NaN,NaN,NaN,NaN,NaN,NaN,NaN,DB,NW,b,b,150,1014,NaN,M,50,NaN,
2012082000,b4l.2012,9X-B4L,TD,DEV,15.1,319.4,25,1010,279,20,279,20,NaN,NaN,NaN,NaN,NaN,NaN,NaN,NaN,NaN,NaN,DB,NW,b,b,120,1013,NaN,M,40,NaN,
2012082006,b4l.2012,9X-B4L,TD,DEV,15.3,317.5,25,1010,279,20,279,20,NaN,NaN,NaN,NaN,NaN,NaN,NaN,NaN,NaN,NaN,DB,NW,b,b,200,1013,NaN,M,40,NaN,
2012082012,b4l.2012,9X-B4L,TD,DEV,15.5,315.2,25,1010,276,20,276,20,NaN,NaN,NaN,NaN,NaN,NaN,NaN,NaN,NaN,NaN,DB,NW,b,b,150,1013,NaN,M,40,NaN,
2012082018,b4l.2012,9X-B4L,TD,DEV,15.5,313.3,30,1009,273,20,273,20,NaN,NaN,NaN,NaN,NaN,NaN,NaN,NaN,NaN,NaN,DB,NW,b,b,175,1013,NaN,M,40,NaN,
2012082100,b4l.2012,9X-B4L,TD,DEV,15.3,311.5,30,1008,267,18,267,18,NaN,NaN,NaN,NaN,NaN,NaN,NaN,NaN,NaN,NaN,LO,NW,b,b,250,1013,NaN,M,40,NaN,
2012081818,b5l.2012,9X-B5L,TD,NONdev,21.5,262.2,20,1009,298,1,298,1,NaN,NaN,NaN,NaN,NaN,NaN,NaN,NaN,NaN,NaN,DB,NW,b,b,NaN,NaN,0.91,NaN,NaN,NaN,
2012081900,b5l.2012,9X-B5L,TD,NONdev,21.5,262.1,20,1009,298,1,298,1,NaN,NaN,NaN,NaN,NaN,NaN,NaN,NaN,NaN,NaN,DB,NW,b,b,NaN,NaN,0.91,NaN,NaN,NaN,
2012081906,b5l.2012,9X-B5L,TD,NONdev,21.6,262.0,20,1009,298,1,298,1,NaN,NaN,NaN,NaN,NaN,NaN,NaN,NaN,NaN,NaN,DB,NW,b,b,NaN,NaN,0.91,NaN,NaN,NaN,
2012081912,b5l.2012,9X-B5L,TD,NONdev,21.7,261.9,20,1010,75,1,317,1,NaN,NaN,NaN,NaN,NaN,NaN,NaN,NaN,NaN,NaN,DB,NW,C,C,150,1012,0.91,S,60,NaN,
2012081918,b5l.2012,9X-B5L,TD,NONdev,21.9,261.8,20,1009,328,2,328,2,NaN,NaN,NaN,NaN,NaN,NaN,NaN,NaN,NaN,NaN,DB,NW,b,b,NaN,NaN,0.69,NaN,NaN,NaN,
2012082000,b5l.2012,9X-B5L,TD,NONdev,22.4,261.9,20,1008,360,3,360,3,NaN,NaN,NaN,NaN,NaN,NaN,NaN,NaN,NaN,NaN,DB,NW,b,b,NaN,NaN,0.60,NaN,NaN,NaN,
2012082006,b5l.2012,9X-B5L,TD,NONdev,22.9,262.1,20,1008,10,4,16,5,NaN,NaN,NaN,NaN,NaN,NaN,NaN,NaN,NaN,NaN,DB,NW,C,C,150,1012,0.69,S,60,NaN,
2012082012,b5l.2012,9X-B5L,TD,NONdev,23.2,262.8,20,1008,35,3,46,6,NaN,NaN,NaN,NaN,NaN,NaN,NaN,NaN,NaN,NaN,DB,NW,C,C,130,1012,NaN,S,60,NaN,
2012082018,b5l.2012,9X-B5L,TD,NONdev,23.5,263.5,20,1008,30,3,65,7,NaN,NaN,NaN,NaN,NaN,NaN,NaN,NaN,NaN,NaN,DB,NW,C,C,130,1012,NaN,S,60,NaN,
2012082100,b5l.2012,9X-B5L,TD,NONdev,24.0,263.7,20,1010,20,5,46,6,NaN,NaN,NaN,NaN,NaN,NaN,NaN,NaN,NaN,NaN,DB,NW,C,C,130,1012,NaN,S,60,NaN,
2012082106,b5l.2012,9X-B5L,TD,NONdev,24.3,263.9,20,1011,40,5,25,4,NaN,NaN,NaN,NaN,NaN,NaN,NaN,NaN,NaN,NaN,DB,NW,C,C,175,1013,NaN,S,60,NaN,
2012082112,b5l.2012,9X-B5L,TD,NONdev,23.8,262.8,20,1010,290,2,256,4,NaN,NaN,NaN,NaN,NaN,NaN,NaN,NaN,NaN,NaN,DB,NW,C,C,175,1012,NaN,S,60,NaN,
2012082118,b5l.2012,9X-B5L,TD,NONdev,23.3,262.9,20,1010,225,1,222,7,NaN,NaN,NaN,NaN,NaN,NaN,NaN,NaN,NaN,NaN,DB,NW,C,C,120,1013,NaN,S,60,NaN,
2012082200,b5l.2012,9X-B5L,TD,NONdev,23.7,262.5,20,1009,270,1,250,1,NaN,NaN,NaN,NaN,NaN,NaN,NaN,NaN,NaN,NaN,DB,NW,C,C,75,1011,0.20,S,60,NaN,
2012081912,b6l.2012,9X-B6L,TD,DEV,12.0,340.0,25,1010,274,7,274,7,NaN,NaN,NaN,NaN,NaN,NaN,NaN,NaN,NaN,NaN,DB,NW,b,b,NaN,NaN,NaN,NaN,NaN,NaN,
2012081918,b6l.2012,9X-B6L,TD,DEV,11.4,338.5,25,1010,274,7,274,7,NaN,NaN,NaN,NaN,NaN,NaN,NaN,NaN,NaN,NaN,DB,NW,b,b,NaN,NaN,NaN,NaN,NaN,NaN,
2012082000,b6l.2012,9X-B6L,TD,DEV,12.1,338.6,25,1010,255,15,274,7,NaN,NaN,NaN,NaN,NaN,NaN,NaN,NaN,NaN,NaN,DB,NW,C,C,175,1013,NaN,S,50,NaN,
2012082006,b6l.2012,9X-B6L,TD,DEV,10.5,336.1,25,1010,249,13,249,13,NaN,NaN,NaN,NaN,NaN,NaN,NaN,NaN,NaN,NaN,DB,NW,b,b,NaN,NaN,NaN,NaN,NaN,NaN,
2012082012,b6l.2012,9X-B6L,TD,DEV,12.7,334.5,25,1010,275,18,279,20,NaN,NaN,NaN,NaN,NaN,NaN,NaN,NaN,NaN,NaN,DB,NW,C,C,175,1013,NaN,S,50,NaN,
2012082018,b6l.2012,9X-B6L,TD,DEV,12.3,332.6,25,1010,270,19,298,19,NaN,NaN,NaN,NaN,NaN,NaN,NaN,NaN,NaN,NaN,DB,NW,C,C,175,1013,NaN,S,50,NaN,
2012082100,b6l.2012,9X-B6L,TD,DEV,10.2,332.6,25,1010,265,12,217,16,NaN,NaN,NaN,NaN,NaN,NaN,NaN,NaN,NaN,NaN,DB,NW,C,C,175,1013,NaN,S,50,NaN,
2012082106,b6l.2012,9X-B6L,TD,DEV,10.1,331.4,25,1010,265,12,208,12,NaN,NaN,NaN,NaN,NaN,NaN,NaN,NaN,NaN,NaN,DB,NW,C,C,175,1013,NaN,M,50,NaN,
2012082112,b6l.2012,9X-B6L,TD,DEV,10.3,329.5,25,1010,270,14,272,15,NaN,NaN,NaN,NaN,NaN,NaN,NaN,NaN,NaN,NaN,LO,NW,C,C,200,1013,NaN,M,60,NaN,
2012082118,b6l.2012,9X-B6L,TD,DEV,10.5,328.3,25,1010,275,14,277,15,NaN,NaN,NaN,NaN,NaN,NaN,NaN,NaN,NaN,NaN,LO,NW,C,C,200,1013,NaN,M,60,NaN,
2012082200,b6l.2012,9X-B6L,TD,DEV,10.9,327.1,25,1010,280,14,284,12,NaN,NaN,NaN,NaN,NaN,NaN,NaN,NaN,NaN,NaN,LO,NW,C,C,200,1015,NaN,M,60,NaN,
2012082206,b6l.2012,9X-B6L,TD,DEV,11.5,325.5,25,1009,285,15,290,15,NaN,NaN,NaN,NaN,NaN,NaN,NaN,NaN,NaN,NaN,LO,NW,C,C,250,1014,NaN,M,60,NaN,
2012082306,b7l.2012,9X-B7L,TD,DEV,13.5,342.3,25,1009,270,8,270,8,NaN,NaN,NaN,NaN,NaN,NaN,NaN,NaN,NaN,NaN,DB,NW,b,b,NaN,NaN,NaN,NaN,NaN,NaN,
2012082312,b7l.2012,9X-B7L,TD,DEV,13.5,341.5,25,1009,270,8,270,8,NaN,NaN,NaN,NaN,NaN,NaN,NaN,NaN,NaN,NaN,DB,NW,b,b,NaN,NaN,NaN,NaN,NaN,NaN,
2012082318,b7l.2012,9X-B7L,TD,DEV,13.5,340.7,25,1009,270,8,270,8,NaN,NaN,NaN,NaN,NaN,NaN,NaN,NaN,NaN,NaN,DB,NW,b,b,NaN,NaN,NaN,NaN,NaN,NaN,
2012082400,b7l.2012,9X-B7L,TD,DEV,13.5,339.8,25,1009,270,8,270,8,NaN,NaN,NaN,NaN,NaN,NaN,NaN,NaN,NaN,NaN,DB,NW,b,b,NaN,NaN,NaN,NaN,NaN,NaN,
2012082406,b7l.2012,9X-B7L,TD,DEV,12.9,338.8,25,1007,252,10,252,10,NaN,NaN,NaN,NaN,NaN,NaN,NaN,NaN,NaN,NaN,DB,NW,b,b,225,1010,NaN,S,100,NaN,
2012082412,b7l.2012,9X-B7L,TD,DEV,12.8,337.2,25,1007,255,13,255,13,NaN,NaN,NaN,NaN,NaN,NaN,NaN,NaN,NaN,NaN,DB,NW,b,b,225,1010,NaN,S,100,NaN,
2012082418,b7l.2012,9X-B7L,TD,DEV,12.9,335.3,25,1006,270,17,270,17,NaN,NaN,NaN,NaN,NaN,NaN,NaN,NaN,NaN,NaN,DB,NW,b,b,280,1010,NaN,S,100,NaN,
2012082500,b7l.2012,9X-B7L,TD,DEV,13.0,333.5,25,1006,273,18,273,18,NaN,NaN,NaN,NaN,NaN,NaN,NaN,NaN,NaN,NaN,DB,NW,b,b,240,1010,NaN,S,100,NaN,
2012082506,b7l.2012,9X-B7L,TD,DEV,13.0,331.6,25,1006,272,18,272,18,NaN,NaN,NaN,NaN,NaN,NaN,NaN,NaN,NaN,NaN,DB,NW,b,b,240,1010,NaN,S,100,NaN,
2012082512,b7l.2012,9X-B7L,TD,DEV,13.0,330.0,25,1006,270,17,270,17,NaN,NaN,NaN,NaN,NaN,NaN,NaN,NaN,NaN,NaN,DB,NW,b,b,240,1010,NaN,S,100,NaN,
2012082518,b7l.2012,9X-B7L,TD,DEV,13.9,328.0,25,1009,284,18,284,18,NaN,NaN,NaN,NaN,NaN,NaN,NaN,NaN,NaN,NaN,DB,NW,b,b,240,1013,NaN,S,100,NaN,
2012082600,b7l.2012,9X-B7L,TD,DEV,15.2,326.8,30,1009,305,19,305,19,NaN,NaN,NaN,NaN,NaN,NaN,NaN,NaN,NaN,NaN,DB,NW,b,b,240,1013,NaN,S,120,NaN,
2012082606,b7l.2012,9X-B7L,TD,DEV,16.2,325.8,30,1009,317,16,317,16,NaN,NaN,NaN,NaN,NaN,NaN,NaN,NaN,NaN,NaN,DB,NW,b,b,240,1013,NaN,S,60,NaN,
2012082612,b7l.2012,9X-B7L,TD,DEV,17.0,324.9,30,1009,315,13,315,13,NaN,NaN,NaN,NaN,NaN,NaN,NaN,NaN,NaN,NaN,DB,NW,b,b,250,1013,NaN,S,60,NaN,
2012082618,b7l.2012,9X-B7L,TD,DEV,17.6,323.5,30,1009,302,13,302,13,NaN,NaN,NaN,NaN,NaN,NaN,NaN,NaN,NaN,NaN,DB,NW,b,b,250,1013,NaN,S,60,NaN,
2012082700,b7l.2012,9X-B7L,TD,DEV,18.4,322.0,30,1011,297,15,297,15,NaN,NaN,NaN,NaN,NaN,NaN,NaN,NaN,NaN,NaN,DB,NW,b,b,180,1013,NaN,S,60,NaN,
2012082706,b7l.2012,9X-B7L,TD,DEV,19.2,320.5,30,1011,299,16,299,16,NaN,NaN,NaN,NaN,NaN,NaN,NaN,NaN,NaN,NaN,DB,NW,b,b,180,1013,NaN,S,100,NaN,
2012082712,b7l.2012,9X-B7L,TD,DEV,20.2,319.6,30,1011,308,14,308,14,NaN,NaN,NaN,NaN,NaN,NaN,NaN,NaN,NaN,NaN,DB,NW,b,b,180,1013,NaN,S,70,NaN,
2012082718,b7l.2012,9X-B7L,TD,DEV,20.6,318.5,25,1011,307,12,307,12,NaN,NaN,NaN,NaN,NaN,NaN,NaN,NaN,NaN,NaN,DB,NW,b,b,180,1013,NaN,S,100,NaN,
2012082800,b7l.2012,9X-B7L,TD,DEV,21.2,317.8,30,1011,301,10,301,10,NaN,NaN,NaN,NaN,NaN,NaN,NaN,NaN,NaN,NaN,DB,NW,b,b,180,1014,NaN,S,100,NaN,
2012082806,b7l.2012,9X-B7L,TD,DEV,21.9,317.3,30,1011,319,9,319,9,NaN,NaN,NaN,NaN,NaN,NaN,NaN,NaN,NaN,NaN,DB,NW,b,b,NaN,NaN,NaN,NaN,NaN,NaN,
2012082812,b7l.2012,9X-B7L,TD,DEV,23.0,316.8,30,1011,333,10,333,10,NaN,NaN,NaN,NaN,NaN,NaN,NaN,NaN,NaN,NaN,DB,NW,b,b,180,1014,NaN,S,100,NaN,
2012082812,b8l.2012,9X-B8L,TD,DEV,12.9,332.6,20,1010,273,21,273,21,NaN,NaN,NaN,NaN,NaN,NaN,NaN,NaN,NaN,NaN,LO,NW,b,b,NaN,NaN,NaN,NaN,NaN,NaN,
2012082818,b8l.2012,9X-B8L,TD,DEV,13.0,330.5,20,1010,273,21,273,21,NaN,NaN,NaN,NaN,NaN,NaN,NaN,NaN,NaN,NaN,LO,NW,b,b,NaN,NaN,NaN,NaN,NaN,NaN,
2012082900,b8l.2012,9X-B8L,TD,DEV,13.1,328.3,25,1009,273,21,273,21,NaN,NaN,NaN,NaN,NaN,NaN,NaN,NaN,NaN,NaN,LO,NW,b,b,NaN,NaN,NaN,NaN,NaN,NaN,
2012082906,b8l.2012,9X-B8L,TD,DEV,13.2,326.4,25,1009,273,21,273,20,NaN,NaN,NaN,NaN,NaN,NaN,NaN,NaN,NaN,NaN,LO,NW,b,b,200,1012,NaN,NaN,NaN,NaN,
2012082912,b8l.2012,9X-B8L,TD,DEV,13.3,324.4,25,1009,270,20,273,20,NaN,NaN,NaN,NaN,NaN,NaN,NaN,NaN,NaN,NaN,DB,NW,C,C,200,1012,NaN,S,100,NaN,
2012082918,b8l.2012,9X-B8L,TD,DEV,13.3,322.4,25,1009,270,19,272,19,NaN,NaN,NaN,NaN,NaN,NaN,NaN,NaN,NaN,NaN,DB,NW,C,C,200,1012,NaN,S,100,NaN,
2012083000,b8l.2012,9X-B8L,TD,DEV,13.5,320.7,30,1007,275,18,273,18,NaN,NaN,NaN,NaN,NaN,NaN,NaN,NaN,NaN,NaN,DB,NW,C,C,200,1012,NaN,S,70,NaN,
2012083006,b8l.2012,9X-B8L,TD,DEV,13.9,318.7,30,1007,280,18,279,18,NaN,NaN,NaN,NaN,NaN,NaN,NaN,NaN,NaN,NaN,LO,NW,C,C,250,1012,NaN,M,70,NaN,
2012090100,b9l.2012,9X-B9L,TD,DEV,32.3,328.7,15,1018,226,14,226,14,NaN,NaN,NaN,NaN,NaN,NaN,NaN,NaN,NaN,NaN,DB,NW,b,b,NaN,NaN,NaN,NaN,NaN,NaN,
2012090106,b9l.2012,9X-B9L,TD,DEV,31.2,327.5,15,1018,226,14,226,14,NaN,NaN,NaN,NaN,NaN,NaN,NaN,NaN,NaN,NaN,DB,NW,b,b,NaN,NaN,NaN,NaN,NaN,NaN,
2012090112,b9l.2012,9X-B9L,TD,DEV,30.3,326.3,15,1017,226,14,226,14,NaN,NaN,NaN,NaN,NaN,NaN,NaN,NaN,NaN,NaN,DB,NW,b,b,NaN,NaN,NaN,NaN,NaN,NaN,
2012090118,b9l.2012,9X-B9L,TD,DEV,29.4,324.9,20,1016,231,14,231,14,NaN,NaN,NaN,NaN,NaN,NaN,NaN,NaN,NaN,NaN,DB,NW,b,b,NaN,NaN,NaN,NaN,NaN,NaN,
2012090200,b9l.2012,9X-B9L,TD,DEV,28.8,323.4,20,1015,235,14,239,15,NaN,NaN,NaN,NaN,NaN,NaN,NaN,NaN,NaN,NaN,DB,NW,C,C,150,1018,NaN,M,60,NaN,
2012090206,b9l.2012,9X-B9L,TD,DEV,28.3,322.4,25,1015,240,13,243,12,NaN,NaN,NaN,NaN,NaN,NaN,NaN,NaN,NaN,NaN,DB,NW,C,C,150,1018,NaN,M,60,NaN,
2012090212,b9l.2012,9X-B9L,TD,DEV,27.1,320.7,20,1015,235,15,235,15,NaN,NaN,NaN,NaN,NaN,NaN,NaN,NaN,NaN,NaN,LO,NW,b,b,110,1018,NaN,NaN,20,NaN,
2012090218,b9l.2012,9X-B9L,TD,DEV,26.4,319.9,25,1015,235,14,229,15,NaN,NaN,NaN,NaN,NaN,NaN,NaN,NaN,NaN,NaN,DB,NW,C,C,120,1017,NaN,S,20,NaN,
2012090300,b9l.2012,9X-B9L,TD,DEV,25.8,319.3,25,1015,230,10,224,9,NaN,NaN,NaN,NaN,NaN,NaN,NaN,NaN,NaN,NaN,DB,NW,C,C,120,1018,NaN,S,20,NaN,
2012090306,b9l.2012,9X-B9L,TD,DEV,25.4,318.8,25,1015,225,6,225,7,NaN,NaN,NaN,NaN,NaN,NaN,NaN,NaN,NaN,NaN,LO,NW,C,C,100,1018,NaN,M,15,NaN,
2012090312,b9l.2012,9X-B9L,TD,DEV,25.2,318.2,25,1015,230,6,239,6,NaN,NaN,NaN,NaN,NaN,NaN,NaN,NaN,NaN,NaN,LO,NW,C,C,100,1018,NaN,M,15,NaN,
2012101918,c0l.2012,9X-C0L,TD,DEV,19.0,315.0,25,1011,294,6,294,6,NaN,NaN,NaN,NaN,NaN,NaN,NaN,NaN,NaN,NaN,DB,NW,b,b,NaN,NaN,NaN,NaN,NaN,NaN,
2012102000,c0l.2012,9X-C0L,TD,DEV,19.3,314.4,25,1011,294,6,294,6,NaN,NaN,NaN,NaN,NaN,NaN,NaN,NaN,NaN,NaN,DB,NW,b,b,NaN,NaN,NaN,NaN,NaN,NaN,
2012102006,c0l.2012,9X-C0L,TD,DEV,19.5,313.8,25,1011,294,6,294,6,NaN,NaN,NaN,NaN,NaN,NaN,NaN,NaN,NaN,NaN,DB,NW,b,b,NaN,NaN,NaN,NaN,NaN,NaN,
2012102012,c0l.2012,9X-C0L,TD,DEV,19.8,313.2,30,1012,295,6,294,6,NaN,NaN,NaN,NaN,NaN,NaN,NaN,NaN,NaN,NaN,DB,NW,C,C,180,1014,NaN,S,100,NaN,
2012102018,c0l.2012,9X-C0L,TD,DEV,19.7,312.5,30,1012,279,6,279,6,NaN,NaN,NaN,NaN,NaN,NaN,NaN,NaN,NaN,NaN,DB,NW,b,b,NaN,NaN,NaN,NaN,NaN,NaN,
2012102100,c0l.2012,9X-C0L,TD,DEV,20.1,312.1,30,1012,290,5,286,5,NaN,NaN,NaN,NaN,NaN,NaN,NaN,NaN,NaN,NaN,DB,NW,C,C,180,1014,NaN,S,100,NaN,
2012102106,c0l.2012,9X-C0L,TD,DEV,19.6,310.9,30,1012,266,8,266,8,NaN,NaN,NaN,NaN,NaN,NaN,NaN,NaN,NaN,NaN,DB,NW,b,b,NaN,NaN,NaN,NaN,NaN,NaN,
2012102112,c0l.2012,9X-C0L,TD,DEV,19.2,310.3,25,1012,260,7,242,10,NaN,NaN,NaN,NaN,NaN,NaN,NaN,NaN,NaN,NaN,DB,NW,C,C,180,1014,NaN,S,100,NaN,
2012102118,c0l.2012,9X-C0L,TD,DEV,20.2,309.1,25,1011,285,8,290,9,NaN,NaN,NaN,NaN,NaN,NaN,NaN,NaN,NaN,NaN,DB,NW,C,C,180,1013,NaN,S,100,NaN,
2012102200,c0l.2012,9X-C0L,TD,DEV,20.7,308.7,25,1011,315,6,315,11,NaN,NaN,NaN,NaN,NaN,NaN,NaN,NaN,NaN,NaN,DB,NW,C,C,180,1013,NaN,S,100,NaN,
2012102206,c0l.2012,9X-C0L,TD,DEV,20.9,308.0,25,1011,300,7,304,6,NaN,NaN,NaN,NaN,NaN,NaN,NaN,NaN,NaN,NaN,DB,NW,C,C,180,1014,NaN,S,90,NaN,
2012102212,c0l.2012,9X-C0L,TD,DEV,21.3,308.5,30,1009,335,4,343,3,NaN,NaN,NaN,NaN,NaN,NaN,NaN,NaN,NaN,NaN,DB,NW,C,C,180,1014,NaN,M,90,NaN,
2012090712,c1l.2012,9X-C1L,TD,DEV,13.4,344.3,20,1010,283,15,283,15,NaN,NaN,NaN,NaN,NaN,NaN,NaN,NaN,NaN,NaN,DB,NW,b,b,NaN,NaN,0.96,NaN,NaN,NaN,
2012090718,c1l.2012,9X-C1L,TD,DEV,13.8,342.7,20,1009,283,15,283,15,NaN,NaN,NaN,NaN,NaN,NaN,NaN,NaN,NaN,NaN,DB,NW,b,b,NaN,NaN,NaN,NaN,NaN,NaN,
2012090800,c1l.2012,9X-C1L,TD,DEV,14.1,341.2,20,1009,283,15,283,15,NaN,NaN,NaN,NaN,NaN,NaN,NaN,NaN,NaN,NaN,DB,NW,b,b,NaN,NaN,NaN,NaN,NaN,NaN,
2012090806,c1l.2012,9X-C1L,TD,DEV,14.4,339.3,25,1009,280,17,280,17,NaN,NaN,NaN,NaN,NaN,NaN,NaN,NaN,NaN,NaN,DB,NW,C,C,120,1011,NaN,S,60,NaN,
2012090812,c1l.2012,9X-C1L,TD,DEV,14.5,339.0,25,1009,280,12,281,11,NaN,NaN,NaN,NaN,NaN,NaN,NaN,NaN,NaN,NaN,DB,NW,C,C,120,1011,NaN,S,75,NaN,
2012090818,c1l.2012,9X-C1L,TD,DEV,14.3,337.2,25,1008,275,13,267,10,NaN,NaN,NaN,NaN,NaN,NaN,NaN,NaN,NaN,NaN,LO,NW,C,C,200,1011,NaN,S,90,NaN,
2012090900,c1l.2012,9X-C1L,TD,DEV,14.5,335.1,25,1008,275,16,270,19,NaN,NaN,NaN,NaN,NaN,NaN,NaN,NaN,NaN,NaN,LO,NW,C,C,200,1013,NaN,S,90,NaN,
2012090906,c1l.2012,9X-C1L,TD,DEV,14.7,333.2,25,1008,275,18,276,19,NaN,NaN,NaN,NaN,NaN,NaN,NaN,NaN,NaN,NaN,LO,NW,C,C,250,1013,NaN,S,90,NaN,
2012090912,c1l.2012,9X-C1L,TD,DEV,14.6,330.8,25,1008,271,21,271,21,NaN,NaN,NaN,NaN,NaN,NaN,NaN,NaN,NaN,NaN,LO,NW,b,b,NaN,NaN,NaN,NaN,NaN,NaN,
2012090918,c1l.2012,9X-C1L,TD,DEV,14.8,328.6,25,1008,271,22,271,22,NaN,NaN,NaN,NaN,NaN,NaN,NaN,NaN,NaN,NaN,LO,NW,b,b,200,1012,NaN,NaN,80,NaN,
2012091000,c1l.2012,9X-C1L,TD,DEV,15.0,326.4,25,1008,275,21,275,21,NaN,NaN,NaN,NaN,NaN,NaN,NaN,NaN,NaN,NaN,LO,NW,C,C,200,1012,NaN,S,80,NaN,
2012091006,c1l.2012,9X-C1L,TD,DEV,15.2,325.1,25,1008,275,18,277,17,NaN,NaN,NaN,NaN,NaN,NaN,NaN,NaN,NaN,NaN,LO,NW,C,C,200,1012,NaN,M,70,NaN,
2012091012,c1l.2012,9X-C1L,TD,DEV,15.4,322.6,25,1008,280,18,276,18,NaN,NaN,NaN,NaN,NaN,NaN,NaN,NaN,NaN,NaN,LO,WN,C,C,200,1012,NaN,M,70,NaN,
2012091018,c1l.2012,9X-C1L,TD,DEV,15.8,320.3,25,1008,280,21,277,23,NaN,NaN,NaN,NaN,NaN,NaN,NaN,NaN,NaN,NaN,LO,NW,C,C,200,1012,NaN,M,70,NaN,
2012091100,c1l.2012,9X-C1L,TD,DEV,15.7,319.0,30,1007,275,15,275,17,NaN,NaN,NaN,NaN,NaN,NaN,NaN,NaN,NaN,NaN,LO,NW,C,C,200,1012,NaN,M,60,NaN,
2012091106,c1l.2012,9X-C1L,TD,DEV,15.9,318.1,30,1007,275,14,273,11,NaN,NaN,NaN,NaN,NaN,NaN,NaN,NaN,NaN,NaN,LO,NW,C,C,200,1012,NaN,M,60,NaN,
2012091500,c2l.2012,9X-C2L,TD,NONdev,12.3,310.5,25,1011,302,6,302,6,NaN,NaN,NaN,NaN,NaN,NaN,NaN,NaN,NaN,NaN,DB,NW,b,b,NaN,NaN,NaN,NaN,NaN,NaN,
2012091506,c2l.2012,9X-C2L,TD,NONdev,12.8,310.6,25,1011,302,6,302,6,NaN,NaN,NaN,NaN,NaN,NaN,NaN,NaN,NaN,NaN,LO,NW,b,b,NaN,NaN,NaN,NaN,NaN,NaN,
2012091512,c2l.2012,9X-C2L,TD,NONdev,12.9,309.5,25,1011,302,6,302,6,NaN,NaN,NaN,NaN,NaN,NaN,NaN,NaN,NaN,NaN,LO,NW,b,b,NaN,NaN,NaN,NaN,NaN,NaN,
2012091518,c2l.2012,9X-C2L,TD,NONdev,13.0,307.0,25,1010,280,12,273,18,NaN,NaN,NaN,NaN,NaN,NaN,NaN,NaN,NaN,NaN,DB,NW,C,C,90,1012,NaN,S,80,NaN,
2012091600,c2l.2012,9X-C2L,TD,NONdev,13.3,305.7,25,1010,285,12,276,19,NaN,NaN,NaN,NaN,NaN,NaN,NaN,NaN,NaN,NaN,DB,NW,C,C,90,1012,NaN,S,80,NaN,
2012091606,c2l.2012,9X-C2L,TD,NONdev,13.5,304.7,25,1010,285,12,283,11,NaN,NaN,NaN,NaN,NaN,NaN,NaN,NaN,NaN,NaN,DB,NW,C,C,100,1012,NaN,S,80,NaN,
2012091612,c2l.2012,9X-C2L,TD,NONdev,13.3,305.1,25,1011,275,11,270,3,NaN,NaN,NaN,NaN,NaN,NaN,NaN,NaN,NaN,NaN,LO,NW,C,C,200,1014,NaN,S,80,NaN,
2012091618,c2l.2012,9X-C2L,TD,NONdev,13.5,304.1,20,1011,275,10,270,3,NaN,NaN,NaN,NaN,NaN,NaN,NaN,NaN,NaN,NaN,LO,NW,C,C,200,1013,NaN,S,80,NaN,
2012091700,c2l.2012,9X-C2L,TD,NONdev,13.9,303.1,20,1011,287,10,287,10,NaN,NaN,NaN,NaN,NaN,NaN,NaN,NaN,NaN,NaN,LO,NW,b,b,NaN,NaN,NaN,NaN,NaN,NaN,
2012091706,c2l.2012,9X-C2L,TD,NONdev,14.2,302.1,20,1011,290,10,290,10,NaN,NaN,NaN,NaN,NaN,NaN,NaN,NaN,NaN,NaN,LO,NW,b,b,100,1013,NaN,NaN,75,NaN,
2012091712,c2l.2012,9X-C2L,TD,NONdev,14.5,301.1,20,1011,285,10,287,10,NaN,NaN,NaN,NaN,NaN,NaN,NaN,NaN,NaN,NaN,LO,NW,C,C,100,1013,NaN,S,75,NaN,
2012091718,c2l.2012,9X-C2L,TD,NONdev,15.1,298.9,15,1013,285,14,286,16,NaN,NaN,NaN,NaN,NaN,NaN,NaN,NaN,NaN,NaN,DB,NW,C,C,120,1015,0.13,S,75,NaN,
2012091512,c3l.2012,9X-C3L,TD,NONdev,24.6,262.4,20,1014,70,4,70,4,NaN,NaN,NaN,NaN,NaN,NaN,NaN,NaN,NaN,NaN,LO,NW,b,b,NaN,NaN,0.24,NaN,NaN,NaN,
2012091518,c3l.2012,9X-C3L,TD,NONdev,24.7,262.9,20,1014,70,4,70,4,NaN,NaN,NaN,NaN,NaN,NaN,NaN,NaN,NaN,NaN,LO,NW,b,b,NaN,NaN,NaN,NaN,NaN,NaN,
2012091600,c3l.2012,9X-C3L,TD,NONdev,24.9,263.3,20,1014,70,4,70,4,NaN,NaN,NaN,NaN,NaN,NaN,NaN,NaN,NaN,NaN,LO,NW,b,b,NaN,NaN,NaN,NaN,NaN,NaN,
2012091606,c3l.2012,9X-C3L,TD,NONdev,25.2,263.6,20,1014,52,4,52,4,NaN,NaN,NaN,NaN,NaN,NaN,NaN,NaN,NaN,NaN,LO,NW,b,b,NaN,NaN,NaN,NaN,NaN,NaN,
2012091612,c3l.2012,9X-C3L,TD,NONdev,25.5,264.0,20,1014,45,5,47,4,NaN,NaN,NaN,NaN,NaN,NaN,NaN,NaN,NaN,NaN,PT,NW,C,C,120,1016,NaN,S,60,NaN,
2012091618,c3l.2012,9X-C3L,TD,NONdev,25.8,264.2,20,1014,45,4,42,4,NaN,NaN,NaN,NaN,NaN,NaN,NaN,NaN,NaN,NaN,LO,NW,C,C,120,1016,NaN,S,60,NaN,
2012091700,c3l.2012,9X-C3L,TD,NONdev,26.5,264.5,20,1013,24,5,24,5,NaN,NaN,NaN,NaN,NaN,NaN,NaN,NaN,NaN,NaN,LO,NW,b,b,NaN,NaN,NaN,NaN,NaN,NaN,
2012091706,c3l.2012,9X-C3L,TD,NONdev,27.3,265.2,25,1010,31,9,31,9,NaN,NaN,NaN,NaN,NaN,NaN,NaN,NaN,NaN,NaN,LO,NW,b,b,NaN,NaN,NaN,NaN,NaN,NaN,
2012091712,c3l.2012,9X-C3L,TD,NONdev,28.5,266.5,30,1006,45,17,42,13,NaN,NaN,NaN,NaN,NaN,NaN,NaN,NaN,NaN,NaN,LO,NW,C,C,180,1011,NaN,M,70,NaN,
2012091718,c3l.2012,9X-C3L,TD,NONdev,29.9,268.2,25,1007,45,18,45,19,NaN,NaN,NaN,NaN,NaN,NaN,NaN,NaN,NaN,NaN,LO,NW,C,C,180,1011,0.78,M,70,NaN,
2012091900,c4l.2012,9X-C4L,TS,NONdev,31.4,309.5,20,1013,221,3,221,3,NaN,NaN,NaN,NaN,NaN,NaN,NaN,NaN,NaN,NaN,DB,NW,b,b,NaN,NaN,NaN,NaN,NaN,NaN,
2012091906,c4l.2012,9X-C4L,TS,NONdev,31.1,309.3,20,1013,221,3,221,3,NaN,NaN,NaN,NaN,NaN,NaN,NaN,NaN,NaN,NaN,DB,NW,b,b,NaN,NaN,NaN,NaN,NaN,NaN,
2012091912,c4l.2012,9X-C4L,TS,NONdev,30.9,309.0,25,1012,221,3,221,3,NaN,NaN,NaN,NaN,NaN,NaN,NaN,NaN,NaN,NaN,DB,NW,b,b,NaN,NaN,NaN,NaN,NaN,NaN,
2012091918,c4l.2012,9X-C4L,TS,NONdev,30.7,308.6,25,1012,236,4,236,4,NaN,NaN,NaN,NaN,NaN,NaN,NaN,NaN,NaN,NaN,LO,NW,b,b,NaN,NaN,NaN,NaN,NaN,NaN,
2012092000,c4l.2012,9X-C4L,TS,NONdev,30.8,308.2,25,1010,275,3,262,3,NaN,NaN,NaN,NaN,NaN,NaN,NaN,NaN,NaN,NaN,DB,NW,C,C,240,1014,NaN,S,90,NaN,
2012092006,c4l.2012,9X-C4L,TS,NONdev,31.0,308.5,30,1010,285,1,344,2,NaN,NaN,NaN,NaN,NaN,NaN,NaN,NaN,NaN,NaN,DB,NW,C,C,240,1014,NaN,S,90,NaN,
2012092012,c4l.2012,9X-C4L,TS,NONdev,31.2,307.7,30,1009,290,3,313,3,NaN,NaN,NaN,NaN,NaN,NaN,NaN,NaN,NaN,NaN,DB,NW,C,C,270,1015,NaN,S,90,NaN,
2012092018,c4l.2012,9X-C4L,TS,NONdev,30.6,306.0,35,1006,270,6,259,11,350,350,,,,NaN,NaN,NaN,NaN,NaN,LO,NW,C,C,400,1018,NaN,M,150,NaN,
2012092100,c4l.2012,9X-C4L,TS,NONdev,31.8,305.2,35,1006,305,8,286,11,350,350,,,,NaN,NaN,NaN,NaN,NaN,LO,NW,C,C,275,1013,NaN,M,150,NaN,
2012092106,c4l.2012,9X-C4L,TS,NONdev,32.3,303.8,35,1006,305,10,312,13,350,350,,,,NaN,NaN,NaN,NaN,NaN,LO,NW,C,C,275,1013,NaN,M,150,NaN,
2012092112,c4l.2012,9X-C4L,TS,NONdev,32.3,302.8,35,1006,300,10,284,10,350,350,,,,NaN,NaN,NaN,NaN,NaN,LO,NW,C,C,275,1013,NaN,M,150,NaN,
2012092118,c4l.2012,9X-C4L,TS,NONdev,33.0,301.6,35,1006,295,11,291,10,350,350,,,,NaN,NaN,NaN,NaN,NaN,LO,NW,C,C,275,1013,NaN,M,150,NaN,
2012092200,c4l.2012,9X-C4L,TS,NONdev,33.7,300.5,35,1007,305,12,306,12,250,250,,,,NaN,NaN,NaN,NaN,NaN,LO,NW,C,C,275,1015,NaN,M,175,NaN,
2012092412,c5l.2012,9X-C5L,TD,NONdev,20.2,294.0,25,1009,302,12,302,12,NaN,NaN,NaN,NaN,NaN,NaN,NaN,NaN,NaN,NaN,DB,NW,b,b,NaN,NaN,NaN,NaN,NaN,NaN,
2012092418,c5l.2012,9X-C5L,TD,NONdev,20.8,292.9,25,1009,302,12,302,12,NaN,NaN,NaN,NaN,NaN,NaN,NaN,NaN,NaN,NaN,DB,NW,b,b,NaN,NaN,NaN,NaN,NaN,NaN,
2012092500,c5l.2012,9X-C5L,TD,NONdev,21.5,291.8,25,1009,302,12,302,12,NaN,NaN,NaN,NaN,NaN,NaN,NaN,NaN,NaN,NaN,DB,NW,b,b,NaN,NaN,NaN,NaN,NaN,NaN,
2012092506,c5l.2012,9X-C5L,TD,NONdev,22.3,290.8,25,1009,308,12,308,12,NaN,NaN,NaN,NaN,NaN,NaN,NaN,NaN,NaN,NaN,DB,NW,b,b,NaN,NaN,NaN,NaN,NaN,NaN,
2012092512,c5l.2012,9X-C5L,TD,NONdev,23.0,290.0,25,1010,310,12,312,11,NaN,NaN,NaN,NaN,NaN,NaN,NaN,NaN,NaN,NaN,DB,NW,C,C,150,1014,NaN,S,45,NaN,
2012092518,c5l.2012,9X-C5L,TD,NONdev,24.2,289.5,25,1010,320,11,328,11,NaN,NaN,NaN,NaN,NaN,NaN,NaN,NaN,NaN,NaN,DB,NW,C,C,150,1014,NaN,S,45,NaN,
2012092918,c6l.2012,9X-C6L,TD,DEV,9.5,335.0,20,1010,257,5,257,5,NaN,NaN,NaN,NaN,NaN,NaN,NaN,NaN,NaN,NaN,LO,NW,b,b,NaN,NaN,NaN,NaN,NaN,NaN,
2012093000,c6l.2012,9X-C6L,TD,DEV,9.6,334.0,20,1010,257,5,257,5,NaN,NaN,NaN,NaN,NaN,NaN,NaN,NaN,NaN,NaN,LO,NW,b,b,NaN,NaN,NaN,NaN,NaN,NaN,
2012093006,c6l.2012,9X-C6L,TD,DEV,9.3,334.1,20,1009,257,5,257,5,NaN,NaN,NaN,NaN,NaN,NaN,NaN,NaN,NaN,NaN,LO,NW,b,b,NaN,NaN,NaN,NaN,NaN,NaN,
2012093012,c6l.2012,9X-C6L,TD,DEV,9.4,332.7,20,1009,261,6,261,6,NaN,NaN,NaN,NaN,NaN,NaN,NaN,NaN,NaN,NaN,LO,NW,b,b,NaN,NaN,NaN,NaN,NaN,NaN,
2012093018,c6l.2012,9X-C6L,TD,DEV,9.9,331.0,20,1008,275,10,281,16,NaN,NaN,NaN,NaN,NaN,NaN,NaN,NaN,NaN,NaN,LO,NW,C,C,250,1012,NaN,S,90,NaN,
2012100100,c6l.2012,9X-C6L,TD,DEV,10.0,330.0,25,1008,275,10,283,14,NaN,NaN,NaN,NaN,NaN,NaN,NaN,NaN,NaN,NaN,LO,NW,C,C,250,1012,NaN,S,90,NaN,
2012100106,c6l.2012,9X-C6L,TD,DEV,10.2,329.0,25,1008,280,10,279,10,NaN,NaN,NaN,NaN,NaN,NaN,NaN,NaN,NaN,NaN,LO,NW,C,C,250,1011,NaN,S,120,NaN,
2012100112,c6l.2012,9X-C6L,TD,DEV,10.0,327.0,25,1008,280,10,274,13,NaN,NaN,NaN,NaN,NaN,NaN,NaN,NaN,NaN,NaN,LO,NW,C,C,250,1010,NaN,S,120,NaN,
2012100118,c6l.2012,9X-C6L,TD,DEV,9.8,325.0,25,1008,275,15,268,16,NaN,NaN,NaN,NaN,NaN,NaN,NaN,NaN,NaN,NaN,LO,NW,C,C,250,1010,NaN,M,120,NaN,
2012100200,c6l.2012,9X-C6L,TD,DEV,9.9,324.0,25,1009,275,12,267,16,NaN,NaN,NaN,NaN,NaN,NaN,NaN,NaN,NaN,NaN,LO,NW,C,C,240,1012,NaN,M,120,NaN,
2012100206,c6l.2012,9X-C6L,TD,DEV,10.4,323.0,25,1009,285,11,287,10,NaN,NaN,NaN,NaN,NaN,NaN,NaN,NaN,NaN,NaN,LO,NW,C,C,240,1012,NaN,M,120,NaN,
2012100212,c6l.2012,9X-C6L,TD,DEV,12.0,321.7,25,1009,310,15,313,15,NaN,NaN,NaN,NaN,NaN,NaN,NaN,NaN,NaN,NaN,LO,NW,C,C,200,1012,NaN,M,120,NaN,
2012100218,c6l.2012,9X-C6L,TD,DEV,13.7,321.1,25,1008,330,16,331,19,NaN,NaN,NaN,NaN,NaN,NaN,NaN,NaN,NaN,NaN,LO,NW,C,C,200,1012,NaN,M,120,NaN,
2012100300,c6l.2012,9X-C6L,TD,DEV,14.4,320.7,30,1008,325,13,338,13,NaN,NaN,NaN,NaN,NaN,NaN,NaN,NaN,NaN,NaN,LO,NW,C,C,200,1013,NaN,M,120,NaN,
2012100306,c6l.2012,9X-C6L,TD,DEV,15.9,320.4,30,1008,340,15,343,12,NaN,NaN,NaN,NaN,NaN,NaN,NaN,NaN,NaN,NaN,LO,NW,C,C,200,1013,NaN,M,90,NaN,
2012100600,c7l.2012,9X-C7L,TD,DEV,21.5,295.3,25,1009,277,12,277,12,NaN,NaN,NaN,NaN,NaN,NaN,NaN,NaN,NaN,NaN,LO,NW,b,b,NaN,NaN,NaN,NaN,NaN,NaN,
2012100606,c7l.2012,9X-C7L,TD,DEV,21.7,293.9,25,1008,277,12,277,12,NaN,NaN,NaN,NaN,NaN,NaN,NaN,NaN,NaN,NaN,LO,NW,b,b,NaN,NaN,NaN,NaN,NaN,NaN,
2012100612,c7l.2012,9X-C7L,TD,DEV,21.8,292.8,25,1008,280,13,277,12,NaN,NaN,NaN,NaN,NaN,NaN,NaN,NaN,NaN,NaN,LO,NW,C,C,200,1010,NaN,S,150,NaN,
2012100618,c7l.2012,9X-C7L,TD,DEV,21.9,293.1,25,1007,0,0,285,4,NaN,NaN,NaN,NaN,NaN,NaN,NaN,NaN,NaN,NaN,LO,NW,C,C,175,1009,NaN,S,150,NaN,
2012100700,c7l.2012,9X-C7L,TD,DEV,22.0,292.7,25,1007,285,3,335,1,NaN,NaN,NaN,NaN,NaN,NaN,NaN,NaN,NaN,NaN,LO,NW,C,C,175,1008,NaN,S,150,NaN,
2012100706,c7l.2012,9X-C7L,TD,DEV,22.2,291.1,25,1007,285,5,279,9,NaN,NaN,NaN,NaN,NaN,NaN,NaN,NaN,NaN,NaN,LO,NW,C,C,230,1010,NaN,S,150,NaN,
2012100712,c7l.2012,9X-C7L,TD,DEV,21.9,288.0,25,1008,270,10,269,22,NaN,NaN,NaN,NaN,NaN,NaN,NaN,NaN,NaN,NaN,LO,NW,C,C,180,1011,0.06,M,100,NaN,
2012100718,c7l.2012,9X-C7L,TD,DEV,22.1,287.3,25,1008,280,7,268,18,NaN,NaN,NaN,NaN,NaN,NaN,NaN,NaN,NaN,NaN,LO,NW,C,C,180,1011,0.03,M,100,NaN,
2012100800,c7l.2012,9X-C7L,TD,DEV,22.5,287.6,25,1009,310,5,328,4,NaN,NaN,NaN,NaN,NaN,NaN,NaN,NaN,NaN,NaN,LO,NW,C,C,200,1011,0.01,M,100,NaN,
2012100806,c7l.2012,9X-C7L,TD,DEV,23.1,287.0,25,1010,315,7,345,5,NaN,NaN,NaN,NaN,NaN,NaN,NaN,NaN,NaN,NaN,LO,NW,C,C,150,1012,NaN,M,100,NaN,
2012100812,c7l.2012,9X-C7L,TD,DEV,23.2,286.8,25,1010,315,5,314,5,NaN,NaN,NaN,NaN,NaN,NaN,NaN,NaN,NaN,NaN,LO,NW,C,C,150,1012,NaN,M,80,NaN,
2012100818,c7l.2012,9X-C7L,TD,DEV,24.3,285.7,25,1011,315,8,315,8,NaN,NaN,NaN,NaN,NaN,NaN,NaN,NaN,NaN,NaN,LO,NW,C,C,150,1014,NaN,M,80,NaN,
2012100900,c7l.2012,9X-C7L,TD,DEV,24.9,284.7,20,1012,310,9,312,13,NaN,NaN,NaN,NaN,NaN,NaN,NaN,NaN,NaN,NaN,LO,NW,C,C,150,1013,NaN,M,80,NaN,
2012100906,c7l.2012,9X-C7L,TD,DEV,25.5,284.1,20,1012,310,9,310,9,NaN,NaN,NaN,NaN,NaN,NaN,NaN,NaN,NaN,NaN,LO,NW,C,C,180,1014,0.01,M,80,NaN,
2012100912,c7l.2012,9X-C7L,TD,DEV,26.3,285.5,20,1013,0,7,27,8,NaN,NaN,NaN,NaN,NaN,NaN,NaN,NaN,NaN,NaN,LO,NW,C,C,180,1014,NaN,M,80,NaN,
2012100918,c7l.2012,9X-C7L,TD,DEV,27.5,286.0,20,1013,40,13,40,13,NaN,NaN,NaN,NaN,NaN,NaN,NaN,NaN,NaN,NaN,LO,NW,b,b,NaN,NaN,NaN,NaN,NaN,NaN,
2012101000,c7l.2012,9X-C7L,TD,DEV,27.5,286.4,20,1013,34,7,34,7,NaN,NaN,NaN,NaN,NaN,NaN,NaN,NaN,NaN,NaN,LO,NW,b,b,NaN,NaN,NaN,NaN,NaN,NaN,
2012101006,c7l.2012,9X-C7L,TD,DEV,27.0,286.6,20,1013,133,4,133,4,NaN,NaN,NaN,NaN,NaN,NaN,NaN,NaN,NaN,NaN,LO,NW,b,b,NaN,NaN,NaN,NaN,NaN,NaN,
2012101012,c7l.2012,9X-C7L,TD,DEV,26.5,286.9,20,1013,156,5,156,5,NaN,NaN,NaN,NaN,NaN,NaN,NaN,NaN,NaN,NaN,LO,NW,b,b,NaN,NaN,NaN,NaN,NaN,NaN,
2012101018,c7l.2012,9X-C7L,TD,DEV,25.7,287.7,20,1013,145,7,143,8,NaN,NaN,NaN,NaN,NaN,NaN,NaN,NaN,NaN,NaN,LO,NW,C,C,220,1015,NaN,M,50,NaN,
2012101100,c7l.2012,9X-C7L,TD,DEV,26.0,287.5,25,1010,140,4,133,4,NaN,NaN,NaN,NaN,NaN,NaN,NaN,NaN,NaN,NaN,LO,NW,C,C,150,1013,NaN,M,50,NaN,
2012101106,c7l.2012,9X-C7L,TD,DEV,25.4,288.1,30,1009,90,5,130,2,NaN,NaN,NaN,NaN,NaN,NaN,NaN,NaN,NaN,NaN,LO,NW,C,C,150,1014,NaN,M,50,NaN,
2012100712,c8l.2012,9X-C8L,TS,DEV,8.0,329.2,15,1010,270,17,270,17,NaN,NaN,NaN,NaN,NaN,NaN,NaN,NaN,NaN,NaN,LO,NW,b,b,200,1012,NaN,NaN,90,NaN,
2012100718,c8l.2012,9X-C8L,TS,DEV,8.0,327.5,15,1010,270,17,270,17,NaN,NaN,NaN,NaN,NaN,NaN,NaN,NaN,NaN,NaN,LO,NW,b,b,200,1012,NaN,NaN,80,NaN,
2012100800,c8l.2012,9X-C8L,TS,DEV,8.0,325.8,20,1009,270,17,270,17,NaN,NaN,NaN,NaN,NaN,NaN,NaN,NaN,NaN,NaN,LO,NW,b,b,200,1012,NaN,NaN,80,NaN,
2012100806,c8l.2012,9X-C8L,TS,DEV,8.1,324.1,20,1009,272,17,272,17,NaN,NaN,NaN,NaN,NaN,NaN,NaN,NaN,NaN,NaN,LO,NW,b,b,200,1012,NaN,NaN,70,NaN,
2012100812,c8l.2012,9X-C8L,TS,DEV,8.2,322.4,25,1008,275,17,273,17,NaN,NaN,NaN,NaN,NaN,NaN,NaN,NaN,NaN,NaN,LO,NW,C,C,200,1012,NaN,M,60,NaN,
2012100818,c8l.2012,9X-C8L,TS,DEV,8.5,320.9,25,1008,275,16,277,16,NaN,NaN,NaN,NaN,NaN,NaN,NaN,NaN,NaN,NaN,LO,NW,C,C,200,1012,NaN,M,60,NaN,
2012100900,c8l.2012,9X-C8L,TS,DEV,8.3,318.8,25,1009,272,18,272,18,NaN,NaN,NaN,NaN,NaN,NaN,NaN,NaN,NaN,NaN,LO,NW,b,b,NaN,NaN,NaN,NaN,NaN,NaN,
2012100906,c8l.2012,9X-C8L,TS,DEV,8.8,316.5,25,1008,275,20,274,22,NaN,NaN,NaN,NaN,NaN,NaN,NaN,NaN,NaN,NaN,LO,NW,C,C,200,1010,NaN,M,60,NaN,
2012100912,c8l.2012,9X-C8L,TS,DEV,9.0,314.5,25,1008,275,21,279,22,NaN,NaN,NaN,NaN,NaN,NaN,NaN,NaN,NaN,NaN,LO,NW,C,C,200,1012,NaN,M,60,NaN,
2012100918,c8l.2012,9X-C8L,TS,DEV,9.3,311.7,25,1008,275,24,276,24,NaN,NaN,NaN,NaN,NaN,NaN,NaN,NaN,NaN,NaN,LO,NW,C,C,200,1012,NaN,M,60,NaN,
2012101000,c8l.2012,9X-C8L,TS,DEV,8.9,309.6,30,1009,280,20,269,24,NaN,NaN,NaN,NaN,NaN,NaN,NaN,NaN,NaN,NaN,LO,NW,C,C,225,1012,NaN,S,90,NaN,
2012101006,c8l.2012,9X-C8L,TS,DEV,9.0,309.4,30,1009,262,11,262,11,NaN,NaN,NaN,NaN,NaN,NaN,NaN,NaN,NaN,NaN,LO,NW,b,b,NaN,NaN,NaN,NaN,NaN,NaN,
2012101012,c8l.2012,9X-C8L,TS,DEV,9.5,307.0,30,1008,285,16,283,13,NaN,NaN,NaN,NaN,NaN,NaN,NaN,NaN,NaN,NaN,LO,NW,C,C,225,1012,NaN,S,90,NaN,
2012101018,c8l.2012,9X-C8L,TS,DEV,9.3,306.3,30,1008,280,13,276,15,NaN,NaN,NaN,NaN,NaN,NaN,NaN,NaN,NaN,NaN,LO,NW,C,C,225,1011,NaN,M,90,NaN,
2012101100,c8l.2012,9X-C8L,TS,DEV,9.5,306.5,30,1008,280,9,270,2,NaN,NaN,NaN,NaN,NaN,NaN,NaN,NaN,NaN,NaN,LO,NW,C,C,225,1012,NaN,M,100,NaN,
2012101106,c8l.2012,9X-C8L,TS,DEV,10.2,305.0,30,1007,290,11,305,8,NaN,NaN,NaN,NaN,NaN,NaN,NaN,NaN,NaN,NaN,LO,NW,C,C,225,1012,NaN,M,100,NaN,
2012101112,c8l.2012,9X-C8L,TS,DEV,10.9,302.1,30,1008,285,12,288,23,NaN,NaN,NaN,NaN,NaN,NaN,NaN,NaN,NaN,NaN,LO,NW,C,C,180,1010,NaN,M,120,NaN,
2012101118,c8l.2012,9X-C8L,TS,DEV,12.0,301.5,30,1006,300,9,298,19,NaN,NaN,NaN,NaN,NaN,NaN,NaN,NaN,NaN,NaN,LO,NW,C,C,180,1009,NaN,M,120,NaN,
2012101200,c8l.2012,9X-C8L,TS,DEV,12.4,301.4,30,1006,305,7,335,8,NaN,NaN,NaN,NaN,NaN,NaN,NaN,NaN,NaN,NaN,LO,NW,C,C,130,1009,NaN,M,80,NaN,
2012101206,c8l.2012,9X-C8L,TS,DEV,13.6,299.6,30,1006,305,12,311,12,NaN,NaN,NaN,NaN,NaN,NaN,NaN,NaN,NaN,NaN,LO,NW,C,C,150,1009,0.03,M,90,NaN,
2012101212,c8l.2012,9X-C8L,TS,DEV,13.7,298.2,35,1006,300,13,293,17,150,,150,,,NaN,NaN,NaN,NaN,NaN,LO,NW,C,C,150,1009,NaN,M,120,NaN,
2012101912,c9l.2012,9X-C9L,TD,DEV,14.0,291.0,20,1009,274,7,274,7,NaN,NaN,NaN,NaN,NaN,NaN,NaN,NaN,NaN,NaN,DB,NW,b,b,NaN,NaN,NaN,NaN,NaN,NaN,
2012101918,c9l.2012,9X-C9L,TD,DEV,14.0,290.3,20,1009,274,7,274,7,NaN,NaN,NaN,NaN,NaN,NaN,NaN,NaN,NaN,NaN,DB,NW,b,b,NaN,NaN,NaN,NaN,NaN,NaN,
2012102000,c9l.2012,9X-C9L,TD,DEV,14.1,289.5,20,1009,274,7,274,7,NaN,NaN,NaN,NaN,NaN,NaN,NaN,NaN,NaN,NaN,DB,NW,b,b,NaN,NaN,NaN,NaN,NaN,NaN,
2012102006,c9l.2012,9X-C9L,TD,DEV,14.3,288.4,20,1009,279,9,279,9,NaN,NaN,NaN,NaN,NaN,NaN,NaN,NaN,NaN,NaN,DB,NW,b,b,NaN,NaN,NaN,NaN,NaN,NaN,
2012102012,c9l.2012,9X-C9L,TD,DEV,14.6,287.2,25,1008,280,10,283,11,NaN,NaN,NaN,NaN,NaN,NaN,NaN,NaN,NaN,NaN,DB,NW,C,C,150,1010,NaN,S,60,NaN,
2012102018,c9l.2012,9X-C9L,TD,DEV,14.6,287.0,25,1007,280,8,282,7,NaN,NaN,NaN,NaN,NaN,NaN,NaN,NaN,NaN,NaN,DB,NW,C,C,180,1009,NaN,S,120,NaN,
2012102100,c9l.2012,9X-C9L,TD,DEV,14.7,286.3,25,1006,280,6,277,4,NaN,NaN,NaN,NaN,NaN,NaN,NaN,NaN,NaN,NaN,DB,NW,C,C,180,1008,NaN,S,120,NaN,
2012102106,c9l.2012,9X-C9L,TD,DEV,14.7,285.2,25,1006,273,9,273,9,NaN,NaN,NaN,NaN,NaN,NaN,NaN,NaN,NaN,NaN,LO,NW,b,b,NaN,NaN,NaN,NaN,NaN,NaN,
2012102112,c9l.2012,9X-C9L,TD,DEV,14.7,284.5,25,1006,275,7,270,9,NaN,NaN,NaN,NaN,NaN,NaN,NaN,NaN,NaN,NaN,DB,NW,C,C,200,1009,NaN,S,150,NaN,
2012102118,c9l.2012,9X-C9L,TD,DEV,14.6,283.1,25,1006,270,9,267,10,NaN,NaN,NaN,NaN,NaN,NaN,NaN,NaN,NaN,NaN,DB,NW,C,C,180,1008,NaN,S,150,NaN,
2012102200,c9l.2012,9X-C9L,TD,DEV,14.6,282.3,25,1005,270,9,267,11,NaN,NaN,NaN,NaN,NaN,NaN,NaN,NaN,NaN,NaN,DB,NW,C,C,180,1008,NaN,S,150,NaN,
2012102206,c9l.2012,9X-C9L,TD,DEV,14.3,282.1,25,1004,255,4,253,5,NaN,NaN,NaN,NaN,NaN,NaN,NaN,NaN,NaN,NaN,LO,NW,C,C,225,1008,NaN,M,75,NaN,
2012113000,d1l.2012,9X-D1L,TS,NONdev,23.0,317.4,25,1014,352,7,352,7,NaN,NaN,NaN,NaN,NaN,NaN,NaN,NaN,NaN,NaN,DB,NW,b,b,NaN,NaN,NaN,NaN,NaN,NaN,
2012113006,d1l.2012,9X-D1L,TS,NONdev,23.7,317.3,25,1014,352,7,352,7,NaN,NaN,NaN,NaN,NaN,NaN,NaN,NaN,NaN,NaN,DB,NW,b,b,NaN,NaN,NaN,NaN,NaN,NaN,
2012113012,d1l.2012,9X-D1L,TS,NONdev,24.3,317.2,25,1013,352,7,352,7,NaN,NaN,NaN,NaN,NaN,NaN,NaN,NaN,NaN,NaN,DB,NW,b,b,NaN,NaN,NaN,NaN,NaN,NaN,
2012113018,d1l.2012,9X-D1L,TS,NONdev,24.8,317.1,25,1012,350,6,351,6,NaN,NaN,NaN,NaN,NaN,NaN,NaN,NaN,NaN,NaN,LO,NW,C,C,150,1013,NaN,M,60,NaN,
2012120100,d1l.2012,9X-D1L,TS,NONdev,25.4,317.1,25,1012,355,6,355,6,NaN,NaN,NaN,NaN,NaN,NaN,NaN,NaN,NaN,NaN,LO,NW,C,C,150,1014,NaN,M,60,NaN,
2012120106,d1l.2012,9X-D1L,TS,NONdev,25.8,317.4,25,1011,15,5,15,5,NaN,NaN,NaN,NaN,NaN,NaN,NaN,NaN,NaN,NaN,LO,NW,b,b,NaN,NaN,NaN,NaN,NaN,NaN,
2012120112,d1l.2012,9X-D1L,TS,NONdev,26.0,317.7,25,1010,25,4,42,4,NaN,NaN,NaN,NaN,NaN,NaN,NaN,NaN,NaN,NaN,LO,NW,C,C,150,1013,NaN,M,60,NaN,
2012120118,d1l.2012,9X-D1L,TS,NONdev,26.9,318.0,25,1010,26,6,26,6,NaN,NaN,NaN,NaN,NaN,NaN,NaN,NaN,NaN,NaN,LO,NW,b,b,150,1012,NaN,NaN,60,NaN,
2012120200,d1l.2012,9X-D1L,TS,NONdev,27.7,317.5,25,1010,5,6,354,9,175,210,140,,,NaN,NaN,NaN,NaN,NaN,LO,NW,C,C,150,1012,NaN,M,60,NaN,
2012120206,d1l.2012,9X-D1L,TS,NONdev,29.2,317.3,35,1007,345,12,345,12,175,210,140,,,NaN,NaN,NaN,NaN,NaN,LO,NW,b,b,NaN,NaN,NaN,NaN,NaN,NaN,
2012120212,d1l.2012,9X-D1L,TS,NONdev,30.4,316.9,35,1006,345,12,349,14,175,210,140,,,NaN,NaN,NaN,NaN,NaN,LO,NW,C,C,200,1012,NaN,M,80,NaN,
2012120218,d1l.2012,9X-D1L,TS,NONdev,31.1,316.9,35,1006,350,10,350,10,237,330,140,,240,NaN,NaN,NaN,NaN,NaN,LO,NW,C,C,300,1012,NaN,M,80,NaN,
2012120300,d1l.2012,9X-D1L,TS,NONdev,31.9,317.3,35,1006,10,10,13,8,277,330,140,,360,NaN,NaN,NaN,NaN,NaN,LO,NW,C,C,350,1014,NaN,M,100,NaN,
2012051012,a0e.2012,9X-A0E,TS,NN,8.3,256.3,20,1009,292,3,292,3,NaN,NaN,NaN,NaN,NaN,NaN,NaN,NaN,NaN,NaN,LO,NW,b,b,NaN,NaN,NaN,NaN,NaN,NaN,
2012051018,a0e.2012,9X-A0E,TS,NN,8.4,256.1,20,1009,292,3,292,3,NaN,NaN,NaN,NaN,NaN,NaN,NaN,NaN,NaN,NaN,LO,NW,b,b,NaN,NaN,NaN,NaN,NaN,NaN,
2012051100,a0e.2012,9X-A0E,TS,NN,8.5,255.8,20,1008,292,3,292,3,NaN,NaN,NaN,NaN,NaN,NaN,NaN,NaN,NaN,NaN,LO,NW,b,b,NaN,NaN,NaN,NaN,NaN,NaN,
2012051106,a0e.2012,9X-A0E,TS,NN,8.6,255.9,20,1010,315,1,315,1,NaN,NaN,NaN,NaN,NaN,NaN,NaN,NaN,NaN,NaN,DB,NW,b,b,180,1011,NaN,NaN,120,NaN,
2012051112,a0e.2012,9X-A0E,TS,NN,8.7,255.2,20,1007,285,3,289,3,NaN,NaN,NaN,NaN,NaN,NaN,NaN,NaN,NaN,NaN,LO,NW,C,C,200,1010,NaN,M,120,NaN,
2012051118,a0e.2012,9X-A0E,TS,NN,8.9,255.3,25,1006,310,2,297,3,NaN,NaN,NaN,NaN,NaN,NaN,NaN,NaN,NaN,NaN,LO,NW,C,C,200,1010,NaN,M,110,NaN,
2012051200,a0e.2012,9X-A0E,TS,NN,9.1,255.1,25,1009,346,2,346,2,NaN,NaN,NaN,NaN,NaN,NaN,NaN,NaN,NaN,NaN,LO,NW,b,b,200,1010,NaN,NaN,100,NaN,
2012051206,a0e.2012,9X-A0E,TS,NN,9.0,255.1,25,1009,295,2,297,1,NaN,NaN,NaN,NaN,NaN,NaN,NaN,NaN,NaN,NaN,LO,NW,C,C,200,1010,NaN,M,100,NaN,
2012051212,a0e.2012,9X-A0E,TS,NN,9.8,254.8,25,1009,320,4,337,4,NaN,NaN,NaN,NaN,NaN,NaN,NaN,NaN,NaN,NaN,LO,NW,C,C,200,1010,NaN,M,100,NaN,
2012051218,a0e.2012,9X-A0E,TS,NN,9.9,254.7,25,1009,325,4,336,5,NaN,NaN,NaN,NaN,NaN,NaN,NaN,NaN,NaN,NaN,LO,NW,C,C,200,1010,NaN,M,75,NaN,
2012051300,a0e.2012,9X-A0E,TS,NN,10.2,254.6,25,1009,340,3,334,2,NaN,NaN,NaN,NaN,NaN,NaN,NaN,NaN,NaN,NaN,LO,NW,C,C,200,1010,NaN,M,75,NaN,
2012051306,a0e.2012,9X-A0E,TS,NN,10.3,255.0,25,1009,36,2,36,2,NaN,NaN,NaN,NaN,NaN,NaN,NaN,NaN,NaN,NaN,LO,NW,b,b,200,1010,NaN,NaN,75,NaN,
2012051312,a0e.2012,9X-A0E,TS,NN,10.5,255.2,25,1009,25,2,63,3,NaN,NaN,NaN,NaN,NaN,NaN,NaN,NaN,NaN,NaN,LO,NW,C,C,200,1010,NaN,M,75,NaN,
2012051318,a0e.2012,9X-A0E,TS,NN,9.5,255.3,25,1008,277,4,160,4,NaN,NaN,NaN,NaN,NaN,NaN,NaN,NaN,NaN,NaN,LO,NW,B,B,200,1010,NaN,M,80,NaN,
2012051400,a0e.2012,9X-A0E,TS,NN,9.5,254.9,25,1008,277,4,196,5,NaN,NaN,NaN,NaN,NaN,NaN,NaN,NaN,NaN,NaN,LO,NW,B,B,200,1010,NaN,M,80,NaN,
2012051406,a0e.2012,9X-A0E,TS,NN,9.6,254.5,25,1007,277,4,277,4,NaN,NaN,NaN,NaN,NaN,NaN,NaN,NaN,NaN,NaN,LO,NW,B,B,180,1010,NaN,M,80,NaN,
2012051412,01e.2012,ALETTA,TS,NN,9.8,253.9,30,1006,287,5,287,5,NaN,NaN,NaN,NaN,NaN,NaN,NaN,NaN,NaN,NaN,TD,WN,B,B,200,1010,NaN,M,80,TBK,
2012051418,01e.2012,ALETTA,TS,NN,10.1,253.2,30,1006,291,7,291,7,NaN,NaN,NaN,NaN,NaN,NaN,NaN,NaN,NaN,NaN,TD,WN,B,B,200,1010,NaN,M,80,NaN,
2012051500,01e.2012,ALETTA,TS,NN,10.4,252.5,35,1004,294,8,294,8,30,30,,,30,NaN,NaN,NaN,NaN,NaN,TS,WN,B,B,200,1008,NaN,M,70,RJP,
2012051506,01e.2012,ALETTA,TS,NN,10.7,251.7,35,1003,292,8,292,8,40,40,,,40,NaN,NaN,NaN,NaN,NaN,TS,WN,B,B,200,1008,NaN,M,60,DPR,
2012051512,01e.2012,ALETTA,TS,NN,10.9,250.9,40,1002,288,8,288,8,60,60,,,60,NaN,NaN,NaN,NaN,NaN,TS,WN,B,B,180,1008,NaN,M,60,DPB,
2012051518,01e.2012,ALETTA,TS,NN,11.1,250.1,45,1001,284,8,284,8,70,80,,,60,NaN,NaN,NaN,NaN,NaN,TS,WN,B,B,175,1008,NaN,M,60,DPB,
2012051600,01e.2012,ALETTA,TS,NN,11.3,249.3,45,1000,284,8,284,8,70,80,,,60,NaN,NaN,NaN,NaN,NaN,TS,WN,B,B,175,1008,NaN,M,55,RJP,
2012051606,01e.2012,ALETTA,TS,NN,11.4,248.5,45,1000,281,8,281,8,60,60,,,60,NaN,NaN,NaN,NaN,NaN,TS,WN,B,B,175,1008,NaN,M,50,LAA,
2012051612,01e.2012,ALETTA,TS,NN,11.4,247.7,45,1001,274,8,274,8,50,50,,,50,NaN,NaN,NaN,NaN,NaN,TS,WN,B,B,175,1008,NaN,M,40,NaN,
2012051618,01e.2012,ALETTA,TS,NN,11.4,246.9,40,1002,270,8,270,8,40,40,,,40,NaN,NaN,NaN,NaN,NaN,TS,WN,B,B,180,1008,NaN,M,30,TBK,
2012051700,01e.2012,ALETTA,TS,NN,11.5,246.1,35,1003,274,8,274,8,40,40,,,40,NaN,NaN,NaN,NaN,NaN,TS,WN,B,B,180,1008,NaN,M,30,RJP,
2012051706,01e.2012,ALETTA,TS,NN,11.6,245.5,30,1004,278,7,278,7,NaN,NaN,NaN,NaN,NaN,NaN,NaN,NaN,NaN,NaN,TD,WN,B,B,180,1008,NaN,M,30,LAA,
2012051712,01e.2012,ALETTA,TS,NN,12.1,245.2,30,1005,304,5,304,5,NaN,NaN,NaN,NaN,NaN,NaN,NaN,NaN,NaN,NaN,TD,WN,B,B,180,1009,NaN,M,30,JLB,
2012051718,01e.2012,ALETTA,TS,NN,12.7,245.3,30,1005,350,6,350,6,NaN,NaN,NaN,NaN,NaN,NaN,NaN,NaN,NaN,NaN,TD,WN,B,B,300,1009,NaN,M,30,JLB,
2012051800,01e.2012,ALETTA,TS,NN,13.3,245.6,30,1005,18,6,18,6,NaN,NaN,NaN,NaN,NaN,NaN,NaN,NaN,NaN,NaN,TD,WN,B,B,200,1008,NaN,M,30,RJP,
2012051806,01e.2012,ALETTA,TS,NN,13.7,245.9,30,1005,30,6,30,6,NaN,NaN,NaN,NaN,NaN,NaN,NaN,NaN,NaN,NaN,TD,WN,B,B,200,1008,NaN,M,30,LAA,
2012051812,01e.2012,ALETTA,TS,NN,14.0,246.1,30,1006,35,4,35,4,NaN,NaN,NaN,NaN,NaN,NaN,NaN,NaN,NaN,NaN,TD,WN,B,B,200,1009,NaN,M,30,JLB,
2012051818,01e.2012,ALETTA,TS,NN,14.3,246.4,30,1006,39,4,39,4,NaN,NaN,NaN,NaN,NaN,NaN,NaN,NaN,NaN,NaN,TD,WN,B,B,200,1009,NaN,M,60,JLB,
2012051900,01e.2012,ALETTA,TS,NN,14.5,246.7,25,1006,49,4,49,4,NaN,NaN,NaN,NaN,NaN,NaN,NaN,NaN,NaN,NaN,TD,WN,B,B,200,1008,NaN,M,60,RJP,
2012051906,01e.2012,ALETTA,TS,NN,14.7,247.0,25,1006,55,4,55,4,NaN,NaN,NaN,NaN,NaN,NaN,NaN,NaN,NaN,NaN,LO,WN,B,B,200,1008,NaN,M,60,LAA,
2012051912,01e.2012,ALETTA,TS,NN,14.7,247.4,25,1006,74,4,74,4,NaN,NaN,NaN,NaN,NaN,NaN,NaN,NaN,NaN,NaN,LO,WN,B,B,150,1008,NaN,S,60,JPC,
2012051918,01e.2012,ALETTA,TS,NN,14.5,247.7,25,1007,106,4,106,4,NaN,NaN,NaN,NaN,NaN,NaN,NaN,NaN,NaN,NaN,LO,NW,B,B,NaN,NaN,NaN,NaN,NaN,NaN,
2012052000,01e.2012,ALETTA,TS,NN,14.0,247.9,25,1007,145,4,145,4,NaN,NaN,NaN,NaN,NaN,NaN,NaN,NaN,NaN,NaN,LO,NW,B,B,NaN,NaN,NaN,NaN,NaN,NaN,
2012051512,a2e.2012,9X-A2E,TY,NN,8.8,265.4,25,1009,289,8,289,8,NaN,NaN,NaN,NaN,NaN,NaN,NaN,NaN,NaN,NaN,DB,NW,b,b,NaN,NaN,NaN,NaN,NaN,NaN,
2012051518,a2e.2012,9X-A2E,TY,NN,9.0,264.6,25,1009,289,8,289,8,NaN,NaN,NaN,NaN,NaN,NaN,NaN,NaN,NaN,NaN,DB,NW,b,b,NaN,NaN,NaN,NaN,NaN,NaN,
2012051600,a2e.2012,9X-A2E,TY,NN,9.3,263.9,25,1009,289,8,289,8,NaN,NaN,NaN,NaN,NaN,NaN,NaN,NaN,NaN,NaN,DB,NW,b,b,NaN,NaN,NaN,NaN,NaN,NaN,
2012051606,a2e.2012,9X-A2E,TY,NN,9.6,263.4,25,1009,297,7,297,7,NaN,NaN,NaN,NaN,NaN,NaN,NaN,NaN,NaN,NaN,DB,NW,b,b,NaN,NaN,NaN,NaN,NaN,NaN,
2012051612,a2e.2012,9X-A2E,TY,NN,9.9,262.9,25,1009,300,6,301,6,NaN,NaN,NaN,NaN,NaN,NaN,NaN,NaN,NaN,NaN,DB,NW,C,C,120,1010,NaN,S,50,NaN,
2012051618,a2e.2012,9X-A2E,TY,NN,10.6,262.3,25,1009,310,7,313,7,NaN,NaN,NaN,NaN,NaN,NaN,NaN,NaN,NaN,NaN,DB,NW,C,C,120,1010,NaN,S,75,NaN,
2012051700,a2e.2012,9X-A2E,TY,NN,11.0,261.7,25,1009,313,8,313,8,NaN,NaN,NaN,NaN,NaN,NaN,NaN,NaN,NaN,NaN,DB,NW,b,b,NaN,NaN,NaN,NaN,NaN,NaN,
2012051706,a2e.2012,9X-A2E,TY,NN,11.3,261.3,25,1009,305,6,305,6,NaN,NaN,NaN,NaN,NaN,NaN,NaN,NaN,NaN,NaN,DB,NW,b,b,NaN,NaN,NaN,NaN,NaN,NaN,
2012051712,a2e.2012,9X-A2E,TY,NN,12.5,258.7,25,1009,300,13,297,16,NaN,NaN,NaN,NaN,NaN,NaN,NaN,NaN,NaN,NaN,DB,NW,C,C,220,1011,NaN,S,75,NaN,
2012051718,a2e.2012,9X-A2E,TY,NN,12.4,259.3,25,1009,300,8,299,11,NaN,NaN,NaN,NaN,NaN,NaN,NaN,NaN,NaN,NaN,DB,NW,C,C,240,1011,NaN,S,75,NaN,
2012051800,a2e.2012,9X-A2E,TY,NN,12.2,260.3,25,1008,315,4,101,8,NaN,NaN,NaN,NaN,NaN,NaN,NaN,NaN,NaN,NaN,DB,NW,C,C,200,1010,NaN,S,90,NaN,
2012051806,a2e.2012,9X-A2E,TY,NN,11.2,259.4,25,1008,175,6,175,6,NaN,NaN,NaN,NaN,NaN,NaN,NaN,NaN,NaN,NaN,DB,NW,b,b,NaN,NaN,NaN,NaN,NaN,NaN,
2012051812,a2e.2012,9X-A2E,TY,NN,12.5,259.5,25,1008,295,4,291,4,NaN,NaN,NaN,NaN,NaN,NaN,NaN,NaN,NaN,NaN,DB,NW,C,C,200,1010,NaN,S,90,NaN,
2012051818,a2e.2012,9X-A2E,TY,NN,10.9,259.4,25,1008,180,1,180,1,NaN,NaN,NaN,NaN,NaN,NaN,NaN,NaN,NaN,NaN,DB,NW,C,C,200,1010,NaN,S,90,NaN,
2012051900,a2e.2012,9X-A2E,TY,NN,11.0,259.7,25,1006,125,1,173,8,NaN,NaN,NaN,NaN,NaN,NaN,NaN,NaN,NaN,NaN,DB,NW,C,C,200,1007,NaN,S,90,NaN,
2012051906,a2e.2012,9X-A2E,TY,NN,11.2,260.0,25,1006,63,3,63,3,NaN,NaN,NaN,NaN,NaN,NaN,NaN,NaN,NaN,NaN,DB,NW,b,b,NaN,NaN,NaN,NaN,NaN,NaN,
2012051912,a2e.2012,9X-A2E,TY,NN,11.0,260.4,25,1006,75,3,90,3,NaN,NaN,NaN,NaN,NaN,NaN,NaN,NaN,NaN,NaN,DB,NW,C,C,200,1007,NaN,S,90,NaN,
2012051918,a2e.2012,9X-A2E,TY,NN,11.3,261.0,25,1006,75,4,84,5,NaN,NaN,NaN,NaN,NaN,NaN,NaN,NaN,NaN,NaN,DB,NW,C,C,200,1007,NaN,S,90,NaN,
2012052000,a2e.2012,9X-A2E,TY,NN,11.0,262.0,25,1005,95,7,90,8,NaN,NaN,NaN,NaN,NaN,NaN,NaN,NaN,NaN,NaN,DB,NW,C,C,175,1007,NaN,S,90,NaN,
2012052006,a2e.2012,9X-A2E,TY,NN,11.0,262.0,25,1006,95,7,107,5,NaN,NaN,NaN,NaN,NaN,NaN,NaN,NaN,NaN,NaN,DB,NW,C,C,175,1008,NaN,S,90,NaN,
2012052012,a2e.2012,9X-A2E,TY,NN,9.0,261.9,25,1006,275,6,183,10,NaN,NaN,NaN,NaN,NaN,NaN,NaN,NaN,NaN,NaN,LO,NW,B,B,175,1008,NaN,S,90,NaN,
2012052018,a2e.2012,9X-A2E,TY,NN,9.1,261.3,25,1006,275,6,200,10,NaN,NaN,NaN,NaN,NaN,NaN,NaN,NaN,NaN,NaN,TD,NW,B,B,175,1008,NaN,S,90,NaN,
2012052100,02e.2012,BUD,TY,NN,9.1,260.7,30,1005,275,6,275,6,NaN,NaN,NaN,NaN,NaN,NaN,NaN,NaN,NaN,NaN,TD,WN,B,B,200,1008,NaN,S,90,MJB,
2012052106,02e.2012,BUD,TY,NN,9.2,260.1,30,1005,275,6,275,6,NaN,NaN,NaN,NaN,NaN,NaN,NaN,NaN,NaN,NaN,TD,WN,B,B,200,1008,NaN,S,90,DPB,
2012052112,02e.2012,BUD,TY,NN,9.3,259.6,30,1005,280,6,280,6,NaN,NaN,NaN,NaN,NaN,NaN,NaN,NaN,NaN,NaN,TD,WN,B,B,180,1008,NaN,M,80,RJB,
2012052118,02e.2012,BUD,TY,NN,9.4,259.1,30,1005,281,5,281,5,NaN,NaN,NaN,NaN,NaN,NaN,NaN,NaN,NaN,NaN,TD,WN,B,B,180,1009,NaN,M,60,RJB,
2012052200,02e.2012,BUD,TY,NN,9.7,258.4,35,1004,289,6,289,6,40,,,,40,NaN,NaN,NaN,NaN,NaN,TD,WN,B,B,180,1009,NaN,M,40,ESB,
2012052206,02e.2012,BUD,TY,NN,10.2,257.4,35,1004,296,9,296,9,40,,,,40,NaN,NaN,NaN,NaN,NaN,TS,WN,B,B,200,1009,NaN,M,40,DPB,
2012052212,02e.2012,BUD,TY,NN,10.8,256.4,35,1004,299,11,299,11,40,,,,40,NaN,NaN,NaN,NaN,NaN,TS,WN,B,B,200,1009,NaN,M,20,RJB,
2012052218,02e.2012,BUD,TY,NN,11.7,255.4,40,1003,307,12,307,12,35,30,,,40,NaN,NaN,NaN,NaN,NaN,TS,WN,B,B,200,1009,NaN,M,30,RJB,
2012052300,02e.2012,BUD,TY,NN,12.5,254.4,45,1001,311,13,311,13,35,30,,,40,NaN,NaN,NaN,NaN,NaN,TS,WN,B,B,200,1009,NaN,M,30,TBK,
2012052306,02e.2012,BUD,TY,NN,12.9,253.4,50,999,302,11,302,11,48,60,50,40,40,20,20,,40,,TS,WN,B,B,180,1009,NaN,M,20,DPB,
2012052312,02e.2012,BUD,TY,NN,13.1,252.6,55,997,289,9,289,9,75,90,80,60,70,30,30,30,60,30,TS,WN,B,B,240,1009,NaN,M,20,RJB,
2012052318,02e.2012,BUD,TY,NN,13.6,252.3,60,993,303,6,303,6,95,120,90,70,100,40,40,40,70,40,TS,WN,B,B,240,1010,NaN,M,40,RJB,
2012052400,02e.2012,BUD,TY,NN,14.1,252.3,70,985,344,5,344,5,95,120,90,70,100,38,40,40,70,40,HU,WN,B,B,240,1009,NaN,M,40,TBK,
2012052406,02e.2012,BUD,TY,NN,14.6,252.6,80,978,16,5,16,5,90,100,90,70,100,38,40,40,70,40,HU,WN,B,B,240,1009,NaN,D,20,DPB,
2012052412,02e.2012,BUD,TY,NN,15.2,253.0,90,970,32,6,32,6,88,100,90,70,90,35,40,40,70,30,HU,WN,B,B,270,1008,NaN,D,20,RJB,
2012052418,02e.2012,BUD,TY,NN,16.0,253.5,95,962,32,8,32,8,85,100,90,70,80,35,40,40,70,30,HU,WN,B,B,270,1007,NaN,D,20,RJB,
2012052500,02e.2012,BUD,TY,NN,16.8,253.9,100,961,28,9,28,9,85,100,90,70,80,35,40,40,70,30,HU,WN,B,B,270,1007,NaN,D,15,SRS,
2012052506,02e.2012,BUD,TY,NN,17.5,254.2,95,964,24,8,24,8,85,100,90,70,80,35,40,40,70,30,HU,WN,B,B,220,1007,NaN,D,15,MJB,
2012052512,02e.2012,BUD,TY,NN,18.2,254.4,85,973,19,7,19,7,85,100,90,70,80,35,40,40,70,30,HU,WN,B,B,220,1007,NaN,D,15,DPR,
2012052518,02e.2012,BUD,TY,NN,18.9,254.5,70,990,12,7,12,7,78,90,70,70,80,45,50,40,70,50,HU,WN,B,B,220,1007,NaN,D,15,DPR,
2012052600,02e.2012,BUD,TY,NN,19.5,254.4,55,996,360,7,360,7,70,70,70,70,70,45,50,40,70,50,TS,WN,B,B,220,1007,0.16,D,15,JLB,
2012052606,02e.2012,BUD,TY,NN,20.1,254.3,40,1002,351,6,351,6,40,,40,,,NaN,NaN,NaN,NaN,NaN,LO,WN,B,B,100,1009,0.45,S,15,HSM,
2012052612,02e.2012,BUD,TY,NN,20.5,254.2,25,1007,349,5,349,5,NaN,NaN,NaN,NaN,NaN,NaN,NaN,NaN,NaN,NaN,LO,WN,B,B,100,1009,0.06,S,30,JLF,
2012061118,a4e.2012,9X-A4E,TY,NN,6.6,276.0,20,1010,277,12,277,12,NaN,NaN,NaN,NaN,NaN,NaN,NaN,NaN,NaN,NaN,DB,NW,b,b,NaN,NaN,NaN,NaN,NaN,NaN,
2012061200,a4e.2012,9X-A4E,TY,NN,6.7,274.8,20,1009,277,12,277,12,NaN,NaN,NaN,NaN,NaN,NaN,NaN,NaN,NaN,NaN,DB,NW,b,b,NaN,NaN,NaN,NaN,NaN,NaN,
2012061206,a4e.2012,9X-A4E,TY,NN,6.9,273.6,20,1009,277,12,277,12,NaN,NaN,NaN,NaN,NaN,NaN,NaN,NaN,NaN,NaN,DB,NW,b,b,NaN,NaN,NaN,NaN,NaN,NaN,
2012061212,a4e.2012,9X-A4E,TY,NN,7.1,272.6,25,1008,280,11,280,11,NaN,NaN,NaN,NaN,NaN,NaN,NaN,NaN,NaN,NaN,DB,NW,b,b,NaN,NaN,NaN,NaN,NaN,NaN,
2012061218,a4e.2012,9X-A4E,TY,NN,7.4,271.6,25,1006,280,11,282,10,NaN,NaN,NaN,NaN,NaN,NaN,NaN,NaN,NaN,NaN,DB,NW,b,b,250,1008,NaN,NaN,NaN,NaN,
2012061300,a4e.2012,9X-A4E,TY,NN,7.7,270.6,25,1005,285,10,285,10,NaN,NaN,NaN,NaN,NaN,NaN,NaN,NaN,NaN,NaN,DB,NW,C,C,250,1008,NaN,M,50,NaN,
2012061306,a4e.2012,9X-A4E,TY,NN,7.9,270.0,25,1006,285,9,287,9,NaN,NaN,NaN,NaN,NaN,NaN,NaN,NaN,NaN,NaN,DB,NW,C,C,250,1008,NaN,M,50,NaN,
2012061312,a4e.2012,9X-A4E,TY,NN,8.6,269.4,30,1006,300,8,307,7,NaN,NaN,NaN,NaN,NaN,NaN,NaN,NaN,NaN,NaN,DB,NW,C,C,200,1010,NaN,M,30,NaN,
2012061318,a4e.2012,9X-A4E,TY,NN,8.7,268.5,30,1006,309,9,298,8,NaN,NaN,NaN,NaN,NaN,NaN,NaN,NaN,NaN,NaN,LO,NW,B,B,200,1010,NaN,M,40,NaN,
2012061400,03e.2012,CARLOTTA,TY,NN,9.2,267.7,30,1005,309,9,290,9,NaN,NaN,NaN,NaN,NaN,NaN,NaN,NaN,NaN,NaN,TD,WN,B,B,220,1008,NaN,M,50,DPB,
2012061406,03e.2012,CARLOTTA,TY,NN,9.8,267.1,35,1003,309,9,309,9,40,40,,,40,NaN,NaN,NaN,NaN,NaN,TS,WN,B,B,220,1008,NaN,D,40,SRS,
2012061412,03e.2012,CARLOTTA,TY,NN,10.5,266.6,40,1001,320,8,320,8,40,40,,,40,NaN,NaN,NaN,NaN,NaN,TS,WN,B,B,225,1008,NaN,D,35,JLB,
2012061418,03e.2012,CARLOTTA,TY,NN,11.3,266.0,45,999,324,9,324,9,50,50,,,50,NaN,NaN,NaN,NaN,NaN,TS,WN,B,B,225,1009,NaN,D,35,JLB,
2012061500,03e.2012,CARLOTTA,TY,NN,12.0,265.5,55,994,324,9,324,9,45,50,30,50,50,30,30,,50,30,TS,WN,B,B,225,1009,NaN,D,25,NaN,
2012061506,03e.2012,CARLOTTA,TY,NN,12.7,265.0,60,993,325,9,325,9,48,50,40,50,50,30,30,,50,30,TS,WN,B,B,200,1008,NaN,D,20,SRS,
2012061512,03e.2012,CARLOTTA,TY,NN,13.5,264.4,65,988,324,9,324,9,52,60,40,50,60,28,40,20,50,30,HU,WN,B,B,200,1009,NaN,D,20,JLB,
2012061518,03e.2012,CARLOTTA,TY,NN,14.4,263.9,85,978,328,10,328,10,80,90,80,70,80,55,60,50,70,60,HU,WN,B,B,200,1008,NaN,D,15,JLB,
2012061600,03e.2012,CARLOTTA,TY,NN,15.6,263.3,90,976,333,12,333,12,68,40,80,70,80,48,30,50,70,60,HU,WN,B,B,200,1008,0.29,D,15,LAA,
2012061606,03e.2012,CARLOTTA,TY,NN,16.5,262.1,70,982,320,14,320,14,58,40,80,70,40,38,30,50,70,20,HU,WN,B,B,200,1008,0.87,D,15,NaN,
2012061612,03e.2012,CARLOTTA,TY,NN,17.3,261.0,30,1000,308,14,308,14,NaN,NaN,NaN,NaN,NaN,NaN,NaN,NaN,NaN,NaN,TD,WN,B,B,200,1008,0.99,D,15,LAA,
2012061618,03e.2012,CARLOTTA,TY,NN,17.7,260.4,25,1005,306,10,306,10,NaN,NaN,NaN,NaN,NaN,NaN,NaN,NaN,NaN,NaN,TD,WN,B,B,200,1010,0.99,D,15,LAA,
2012061700,03e.2012,CARLOTTA,TY,NN,18.0,259.9,20,1006,304,6,304,6,NaN,NaN,NaN,NaN,NaN,NaN,NaN,NaN,NaN,NaN,LO,WN,B,B,75,1008,0.99,D,20,RJB,
2012061706,03e.2012,CARLOTTA,TY,NN,18.0,259.7,20,1009,294,4,294,4,NaN,NaN,NaN,NaN,NaN,NaN,NaN,NaN,NaN,NaN,LO,NW,B,B,120,1012,0.98,NaN,60,NaN,
2012070112,a6e.2012,9X-A6E,TY,NN,9.2,264.5,20,1009,273,9,273,9,NaN,NaN,NaN,NaN,NaN,NaN,NaN,NaN,NaN,NaN,LO,NW,b,b,NaN,NaN,NaN,NaN,NaN,NaN,
2012070118,a6e.2012,9X-A6E,TY,NN,9.2,263.6,20,1009,273,9,273,9,NaN,NaN,NaN,NaN,NaN,NaN,NaN,NaN,NaN,NaN,LO,NW,b,b,NaN,NaN,NaN,NaN,NaN,NaN,
2012070200,a6e.2012,9X-A6E,TY,NN,9.3,262.7,20,1008,273,9,273,9,NaN,NaN,NaN,NaN,NaN,NaN,NaN,NaN,NaN,NaN,LO,NW,b,b,NaN,NaN,NaN,NaN,NaN,NaN,
2012070206,a6e.2012,9X-A6E,TY,NN,9.5,261.9,20,1008,280,9,280,9,NaN,NaN,NaN,NaN,NaN,NaN,NaN,NaN,NaN,NaN,LO,NW,b,b,NaN,NaN,NaN,NaN,NaN,NaN,
2012070212,a6e.2012,9X-A6E,TY,NN,9.9,260.3,20,1009,285,10,284,12,NaN,NaN,NaN,NaN,NaN,NaN,NaN,NaN,NaN,NaN,DB,NW,C,C,150,1011,NaN,S,60,NaN,
2012070218,a6e.2012,9X-A6E,TY,NN,9.7,260.6,25,1007,280,7,279,6,NaN,NaN,NaN,NaN,NaN,NaN,NaN,NaN,NaN,NaN,LO,NW,C,C,150,1010,NaN,M,60,NaN,
2012070300,a6e.2012,9X-A6E,TY,NN,9.7,260.3,25,1007,280,5,180,1,NaN,NaN,NaN,NaN,NaN,NaN,NaN,NaN,NaN,NaN,LO,NW,C,C,150,1009,NaN,M,60,NaN,
2012070306,a6e.2012,9X-A6E,TY,NN,9.8,260.0,25,1007,285,4,280,3,NaN,NaN,NaN,NaN,NaN,NaN,NaN,NaN,NaN,NaN,LO,NW,C,C,150,1009,NaN,M,55,NaN,
2012070312,a6e.2012,9X-A6E,TY,NN,10.2,259.4,25,1006,290,5,299,5,NaN,NaN,NaN,NaN,NaN,NaN,NaN,NaN,NaN,NaN,LO,NW,C,C,150,1009,NaN,M,50,NaN,
2012070318,a6e.2012,9X-A6E,TY,NN,10.7,257.6,30,1005,285,8,291,13,NaN,NaN,NaN,NaN,NaN,NaN,NaN,NaN,NaN,NaN,LO,NW,C,C,150,1009,NaN,M,45,NaN,
2012070400,a6e.2012,9X-A6E,TY,NN,11.5,255.3,30,1005,285,9,288,21,NaN,NaN,NaN,NaN,NaN,NaN,NaN,NaN,NaN,NaN,LO,NW,C,C,200,1009,NaN,M,45,NaN,
2012070406,04e.2012,DANIEL,TY,NN,12.1,254.7,30,1006,299,11,296,16,NaN,NaN,NaN,NaN,NaN,NaN,NaN,NaN,NaN,NaN,TD,WN,B,B,200,1009,NaN,M,75,DPB,
2012070412,04e.2012,DANIEL,TY,NN,12.7,253.7,30,1006,299,11,307,10,NaN,NaN,NaN,NaN,NaN,NaN,NaN,NaN,NaN,NaN,TD,WN,B,B,200,1010,NaN,M,75,SRS,
2012070418,04e.2012,DANIEL,TY,NN,13.2,252.7,30,1005,299,11,299,11,NaN,NaN,NaN,NaN,NaN,NaN,NaN,NaN,NaN,NaN,TD,WN,B,B,200,1010,NaN,M,75,SRS,
2012070500,04e.2012,DANIEL,TY,NN,13.6,251.9,30,1005,297,10,297,10,NaN,NaN,NaN,NaN,NaN,NaN,NaN,NaN,NaN,NaN,TD,WN,B,B,200,1008,NaN,M,35,RJB,
2012070506,04e.2012,DANIEL,TY,NN,13.8,251.0,35,1004,290,9,290,9,30,30,,,,NaN,NaN,NaN,NaN,NaN,TS,WN,B,B,180,1008,NaN,M,30,DPB,
2012070512,04e.2012,DANIEL,TY,NN,14.0,250.0,40,1002,282,9,282,9,30,30,,,,NaN,NaN,NaN,NaN,NaN,TS,WN,B,B,210,1008,NaN,M,30,MJB,
2012070518,04e.2012,DANIEL,TY,NN,14.1,248.8,50,997,278,11,278,11,38,50,30,30,40,20,20,,30,,TS,WN,B,B,210,1009,NaN,M,15,ESB,
2012070600,04e.2012,DANIEL,TY,NN,14.3,247.4,55,995,277,13,277,13,70,80,70,60,70,30,40,30,60,30,TS,WN,B,B,180,1007,NaN,M,30,RJB,
2012070606,04e.2012,DANIEL,TY,NN,14.4,246.5,55,995,278,11,278,11,70,80,70,60,70,30,40,30,60,30,TS,WN,B,B,200,1007,NaN,D,25,DPB,
2012070612,04e.2012,DANIEL,TY,NN,14.4,245.5,55,995,273,9,273,9,78,90,70,70,80,30,40,30,70,30,TS,WN,B,B,200,1008,NaN,D,25,MJB,
2012070618,04e.2012,DANIEL,TY,NN,14.4,244.5,60,993,270,10,270,10,78,90,70,70,80,30,40,30,70,30,TS,WN,B,B,220,1008,NaN,D,25,MJB,
2012070700,04e.2012,DANIEL,TY,NN,14.4,243.5,65,988,270,10,270,10,82,90,80,70,90,32,40,30,70,40,HU,WN,B,B,220,1007,NaN,D,20,RJB,
2012070706,04e.2012,DANIEL,TY,NN,14.5,242.5,70,984,273,10,273,10,85,90,90,70,90,32,40,30,70,40,HU,WN,B,B,220,1007,NaN,D,20,JPC,
2012070712,04e.2012,DANIEL,TY,NN,14.6,241.4,75,980,276,10,276,10,85,90,90,70,90,32,40,30,70,40,HU,WN,B,B,220,1007,NaN,D,20,RJP,
2012070718,04e.2012,DANIEL,TY,NN,14.7,240.4,80,977,276,10,276,10,85,90,90,70,90,32,40,30,70,40,HU,WN,B,B,220,1007,NaN,D,20,RJP,
2012070800,04e.2012,DANIEL,TY,NN,14.8,239.3,90,968,276,10,276,10,88,100,90,70,90,35,40,30,70,40,HU,WN,B,B,180,1007,NaN,D,20,RJB,
2012070806,04e.2012,DANIEL,TY,NN,14.9,238.3,100,961,276,10,276,10,88,110,90,60,90,28,30,30,60,30,HU,WN,B,B,180,1007,NaN,D,20,JPC,
2012070812,04e.2012,DANIEL,TY,NN,15.0,236.9,90,968,275,12,275,12,88,110,90,60,90,28,30,30,60,30,HU,WN,B,B,180,1007,NaN,D,15,RJP,
2012070818,04e.2012,DANIEL,TY,NN,15.1,235.6,90,970,274,13,274,13,88,110,90,60,90,28,30,30,60,30,HU,WN,B,B,180,1007,NaN,D,15,RJP,
2012070900,04e.2012,DANIEL,TY,NN,15.2,234.3,85,973,275,13,275,13,85,110,80,60,90,28,30,30,60,30,HU,WN,B,B,180,1007,NaN,D,15,TBK,
2012070906,04e.2012,DANIEL,TY,NN,15.3,233.0,80,977,275,13,275,13,82,100,80,60,90,28,30,30,60,30,HU,WN,B,B,180,1007,NaN,D,15,SRS,
2012070912,04e.2012,DANIEL,TY,NN,15.3,231.6,75,984,272,13,272,13,80,100,70,60,90,32,40,30,60,40,HU,WN,B,B,200,1009,NaN,D,10,HSM,
2012070918,04e.2012,DANIEL,TY,NN,15.4,230.1,70,988,272,14,272,14,75,90,60,60,90,35,40,30,60,40,HU,WN,B,B,200,1010,NaN,M,15,HSM,
2012071000,04e.2012,DANIEL,TY,NN,15.4,228.5,65,992,272,15,272,15,75,90,60,60,90,35,40,30,60,40,HU,WN,B,B,200,1010,NaN,M,20,MJB,
2012071006,04e.2012,DANIEL,TY,NN,15.4,227.0,60,994,270,15,270,15,75,90,60,60,90,35,40,30,60,40,TS,WN,B,B,180,1010,NaN,M,20,SRS,
2012071012,04e.2012,DANIEL,TY,NN,15.3,225.7,55,996,268,14,268,14,65,80,50,50,80,20,30,10,50,30,TS,WN,B,B,150,1008,NaN,M,20,RJB,
2012071018,04e.2012,DANIEL,TY,NN,15.3,224.1,50,1000,268,14,268,14,65,80,50,50,80,20,30,10,50,30,TS,WN,B,B,150,1008,NaN,M,20,DPR,
2012071100,04e.2012,DANIEL,TY,NN,15.4,222.5,45,1003,272,15,272,15,45,60,30,30,60,NaN,NaN,NaN,NaN,NaN,TS,WN,B,B,120,1008,NaN,S,20,DPB,
2012071106,04e.2012,DANIEL,TY,NN,15.4,221.0,40,1005,272,15,272,15,38,50,20,30,50,NaN,NaN,NaN,NaN,NaN,TS,WN,B,B,120,1008,NaN,S,20,SRS,
2012071112,04e.2012,DANIEL,TY,NN,15.4,219.6,35,1006,270,14,270,14,38,50,20,30,50,NaN,NaN,NaN,NaN,NaN,TS,WN,B,B,150,1009,NaN,M,20,NaN,
2012071118,04e.2012,DANIEL,TY,NN,15.4,218.5,30,1007,270,12,270,12,NaN,NaN,NaN,NaN,NaN,NaN,NaN,NaN,NaN,NaN,TD,WN,B,B,150,1009,NaN,S,20,OOO,
2012071200,04e.2012,DANIEL,TY,NN,15.5,217.0,30,1007,272,13,272,13,NaN,NaN,NaN,NaN,NaN,NaN,NaN,NaN,NaN,NaN,TD,WN,B,B,150,1009,NaN,S,50,KRK,
2012071206,04e.2012,DANIEL,TY,NN,15.5,215.6,25,1007,272,14,272,14,NaN,NaN,NaN,NaN,NaN,NaN,NaN,NaN,NaN,NaN,TD,NW,B,B,NaN,NaN,NaN,NaN,NaN,NaN,
2012071212,04e.2012,DANIEL,TY,NN,15.5,214.3,25,1008,270,13,270,13,NaN,NaN,NaN,NaN,NaN,NaN,NaN,NaN,NaN,NaN,LO,NW,B,B,NaN,NaN,NaN,NaN,NaN,NaN,
2012071218,04e.2012,DANIEL,TY,NN,15.6,212.9,25,1008,272,13,272,13,NaN,NaN,NaN,NaN,NaN,NaN,NaN,NaN,NaN,NaN,LO,NW,B,B,NaN,NaN,NaN,NaN,NaN,NaN,
2012071300,04e.2012,DANIEL,TY,NN,15.6,211.7,25,1008,272,13,272,13,NaN,NaN,NaN,NaN,NaN,NaN,NaN,NaN,NaN,NaN,LO,NW,B,B,NaN,NaN,NaN,NaN,NaN,NaN,
2012071306,04e.2012,DANIEL,TY,NN,15.5,210.0,25,1008,268,14,268,14,NaN,NaN,NaN,NaN,NaN,NaN,NaN,NaN,NaN,NaN,LO,NW,B,B,NaN,NaN,NaN,NaN,NaN,NaN,
2012071312,04e.2012,DANIEL,TY,NN,15.2,208.4,25,1008,263,16,263,16,NaN,NaN,NaN,NaN,NaN,NaN,NaN,NaN,NaN,NaN,LO,NW,B,B,NaN,NaN,NaN,NaN,NaN,NaN,
2012071318,04e.2012,DANIEL,TY,NN,15.0,206.5,25,1008,262,17,262,17,NaN,NaN,NaN,NaN,NaN,NaN,NaN,NaN,NaN,NaN,LO,NW,B,B,NaN,NaN,NaN,NaN,NaN,NaN,
2012071400,04e.2012,DANIEL,TY,NN,15.0,204.7,25,1009,267,18,267,18,NaN,NaN,NaN,NaN,NaN,NaN,NaN,NaN,NaN,NaN,LO,NW,B,B,NaN,NaN,NaN,NaN,NaN,NaN,
2012071406,04e.2012,DANIEL,TY,NN,15.0,202.8,25,1009,270,18,270,18,NaN,NaN,NaN,NaN,NaN,NaN,NaN,NaN,NaN,NaN,LO,NW,B,B,NaN,NaN,NaN,NaN,NaN,NaN,
2012070512,a7e.2012,9X-A7E,TY,NN,8.2,271.0,25,1009,274,14,274,14,NaN,NaN,NaN,NaN,NaN,NaN,NaN,NaN,NaN,NaN,DB,NW,b,b,NaN,NaN,NaN,NaN,NaN,NaN,
2012070518,a7e.2012,9X-A7E,TY,NN,8.3,269.4,25,1009,274,14,274,14,NaN,NaN,NaN,NaN,NaN,NaN,NaN,NaN,NaN,NaN,DB,NW,b,b,NaN,NaN,NaN,NaN,NaN,NaN,
2012070600,a7e.2012,9X-A7E,TY,NN,8.4,268.1,25,1009,274,14,274,14,NaN,NaN,NaN,NaN,NaN,NaN,NaN,NaN,NaN,NaN,DB,NW,b,b,NaN,NaN,NaN,NaN,NaN,NaN,
2012070606,a7e.2012,9X-A7E,TY,NN,8.5,266.5,25,1009,275,14,274,14,NaN,NaN,NaN,NaN,NaN,NaN,NaN,NaN,NaN,NaN,DB,NW,C,C,150,1010,NaN,S,60,NaN,
2012070612,a7e.2012,9X-A7E,TY,NN,8.6,265.8,25,1006,275,12,275,11,NaN,NaN,NaN,NaN,NaN,NaN,NaN,NaN,NaN,NaN,DB,NW,C,C,210,1008,NaN,S,60,NaN,
2012070618,a7e.2012,9X-A7E,TY,NN,9.3,264.0,25,1006,285,14,288,13,NaN,NaN,NaN,NaN,NaN,NaN,NaN,NaN,NaN,NaN,DB,NW,C,C,210,1008,NaN,S,75,NaN,
2012070700,a7e.2012,9X-A7E,TY,NN,10.0,262.8,25,1006,290,14,295,16,NaN,NaN,NaN,NaN,NaN,NaN,NaN,NaN,NaN,NaN,DB,NW,C,C,210,1008,NaN,S,75,NaN,
2012070706,a7e.2012,9X-A7E,TY,NN,9.6,261.5,25,1006,279,13,277,12,NaN,NaN,NaN,NaN,NaN,NaN,NaN,NaN,NaN,NaN,LO,NW,B,B,200,1008,NaN,S,60,NaN,
2012070712,a7e.2012,9X-A7E,TY,NN,9.8,260.2,25,1006,279,13,266,13,NaN,NaN,NaN,NaN,NaN,NaN,NaN,NaN,NaN,NaN,LO,NW,B,B,200,1008,NaN,S,75,NaN,
2012070718,05e.2012,EMILIA,TY,NN,10.0,258.8,30,1005,279,13,279,13,NaN,NaN,NaN,NaN,NaN,NaN,NaN,NaN,NaN,NaN,TD,WN,B,B,200,1008,NaN,S,60,ESB,
2012070800,05e.2012,EMILIA,TY,NN,10.3,257.4,35,1003,280,14,280,14,35,40,,,30,NaN,NaN,NaN,NaN,NaN,TS,WN,B,B,200,1008,NaN,S,40,LAA,
2012070806,05e.2012,EMILIA,TY,NN,10.6,256.0,40,1002,282,14,282,14,40,40,,,40,NaN,NaN,NaN,NaN,NaN,TS,WN,B,B,195,1008,NaN,M,40,SRS,
2012070812,05e.2012,EMILIA,TY,NN,10.9,254.6,45,1000,282,14,282,14,43,50,30,,50,NaN,NaN,NaN,NaN,NaN,TS,WN,B,B,200,1008,NaN,M,30,ESB,
2012070818,05e.2012,EMILIA,TY,NN,11.2,253.4,50,997,283,13,283,13,48,60,40,30,60,30,30,,30,,TS,WN,B,B,200,1009,NaN,M,30,ESB,
2012070900,05e.2012,EMILIA,TY,NN,11.6,252.3,55,994,287,12,287,12,52,70,40,40,60,30,30,,40,,TS,WN,B,B,200,1009,NaN,M,25,MJB,
2012070906,05e.2012,EMILIA,TY,NN,12.0,251.2,65,987,290,11,290,11,62,70,60,50,70,32,40,30,50,40,HU,WN,B,B,200,1009,NaN,D,15,SRS,
2012070912,05e.2012,EMILIA,TY,NN,12.4,250.1,85,974,290,11,290,11,72,90,80,50,70,40,50,40,50,40,HU,WN,B,B,200,1008,NaN,D,15,RJP,
2012070918,05e.2012,EMILIA,TY,NN,12.8,249.1,95,968,291,11,291,11,88,110,100,60,80,52,60,60,60,50,HU,WN,B,B,200,1008,NaN,D,15,RJP,
2012071000,05e.2012,EMILIA,TY,NN,13.2,248.1,110,954,292,11,292,11,90,110,110,60,80,55,60,70,60,50,HU,WN,B,B,200,1008,NaN,D,15,JPC,
2012071006,05e.2012,EMILIA,TY,NN,13.6,247.1,120,945,292,11,292,11,95,110,110,70,90,60,70,70,70,60,HU,WN,B,B,200,1008,NaN,D,15,SRS,
2012071012,05e.2012,EMILIA,TY,NN,13.9,246.2,115,948,291,10,291,10,95,110,110,70,90,58,70,60,70,60,HU,WN,B,B,200,1008,NaN,D,15,RJP,
2012071018,05e.2012,EMILIA,TY,NN,14.2,245.4,105,953,290,9,290,9,82,90,90,70,80,50,60,50,70,50,HU,WN,B,B,200,1008,NaN,D,15,RJP,
2012071100,05e.2012,EMILIA,TY,NN,14.4,244.5,95,967,287,9,287,9,82,90,90,70,80,48,50,50,70,50,HU,WN,B,B,200,1008,NaN,D,15,JPC,
2012071106,05e.2012,EMILIA,TY,NN,14.5,243.7,90,970,280,8,280,8,82,90,90,70,80,48,50,50,70,50,HU,WN,B,B,200,1008,NaN,D,15,SRS,
2012071112,05e.2012,EMILIA,TY,NN,14.6,242.8,95,970,277,8,277,8,82,90,90,70,80,48,50,50,70,50,HU,WN,B,B,200,1008,NaN,D,15,LAA,
2012071118,05e.2012,EMILIA,TY,NN,14.7,242.0,100,960,277,8,277,8,82,90,90,70,80,48,50,50,70,50,HU,WN,B,B,200,1008,NaN,D,15,LAA,
2012071200,05e.2012,EMILIA,TY,NN,14.8,241.2,105,958,277,8,277,8,82,90,90,70,80,48,50,50,70,50,HU,WN,B,B,250,1008,NaN,D,15,JPC,
2012071206,05e.2012,EMILIA,TY,NN,14.9,240.3,100,960,277,8,277,8,78,80,80,70,80,38,40,40,70,40,HU,WN,B,B,250,1008,NaN,D,15,SRS,
2012071212,05e.2012,EMILIA,TY,NN,15.0,239.2,100,960,276,10,276,10,78,80,80,70,80,38,40,40,70,40,HU,WN,B,B,250,1008,NaN,D,15,LAA,
2012071218,05e.2012,EMILIA,TY,NN,15.1,238.1,90,966,275,11,275,11,75,80,80,60,80,38,40,40,60,40,HU,WN,B,B,250,1008,NaN,D,20,LAA,
2012071300,05e.2012,EMILIA,TY,NN,15.2,237.0,80,977,275,11,275,11,75,80,80,60,80,38,40,40,60,40,HU,WN,B,B,200,1007,NaN,D,20,DPB,
2012071306,05e.2012,EMILIA,TY,NN,15.3,235.8,70,986,275,11,275,11,68,70,70,60,70,35,40,40,60,40,HU,WN,B,B,200,1008,NaN,D,20,ESB,
2012071312,05e.2012,EMILIA,TY,NN,15.4,234.6,60,993,275,12,275,12,65,70,70,50,70,32,40,30,50,40,TS,WN,B,B,200,1008,NaN,M,20,LAA,
2012071318,05e.2012,EMILIA,TY,NN,15.5,233.4,50,998,275,12,275,12,55,60,60,40,60,30,30,,40,,TS,WN,B,B,200,1008,NaN,M,20,LAA,
2012071400,05e.2012,EMILIA,TY,NN,15.6,232.1,45,1001,275,12,275,12,48,60,50,30,50,NaN,NaN,NaN,NaN,NaN,TS,WN,B,B,150,1007,NaN,M,20,DPB,
2012071406,05e.2012,EMILIA,TY,NN,15.6,230.8,45,1001,272,13,272,13,42,60,40,20,50,NaN,NaN,NaN,NaN,NaN,TS,WN,B,B,150,1008,NaN,M,20,ESB,
2012071412,05e.2012,EMILIA,TY,NN,15.6,229.4,45,1001,270,13,270,13,40,60,30,20,50,NaN,NaN,NaN,NaN,NaN,TS,WN,B,B,150,1008,NaN,M,20,LAA,
2012071418,05e.2012,EMILIA,TY,NN,15.6,227.9,40,1003,270,14,270,14,40,60,30,20,50,NaN,NaN,NaN,NaN,NaN,TS,WN,B,B,150,1008,NaN,M,20,LAA,
2012071500,05e.2012,EMILIA,TY,NN,15.6,226.3,35,1004,270,15,270,15,55,60,,,50,NaN,NaN,NaN,NaN,NaN,TS,WN,B,B,150,1009,NaN,M,30,MJB,
2012071506,05e.2012,EMILIA,TY,NN,15.6,224.6,35,1004,270,16,270,16,55,60,,,50,NaN,NaN,NaN,NaN,NaN,TS,WN,B,B,150,1009,NaN,M,30,RJP,
2012071512,05e.2012,EMILIA,TY,NN,15.5,222.9,35,1004,268,16,268,16,60,60,,,,NaN,NaN,NaN,NaN,NaN,TS,WN,B,B,150,1009,NaN,M,30,JPC,
2012071518,05e.2012,EMILIA,TY,NN,15.4,221.3,30,1005,266,16,266,16,NaN,NaN,NaN,NaN,NaN,NaN,NaN,NaN,NaN,NaN,LO,NW,B,B,NaN,NaN,NaN,NaN,NaN,NaN,
2012071600,05e.2012,EMILIA,TY,NN,15.3,219.7,30,1005,266,15,266,15,NaN,NaN,NaN,NaN,NaN,NaN,NaN,NaN,NaN,NaN,LO,NW,B,B,NaN,NaN,NaN,NaN,NaN,NaN,
2012071606,05e.2012,EMILIA,TY,NN,15.2,218.1,30,1005,266,15,266,15,NaN,NaN,NaN,NaN,NaN,NaN,NaN,NaN,NaN,NaN,LO,NW,B,B,NaN,NaN,NaN,NaN,NaN,NaN,
2012071612,05e.2012,EMILIA,TY,NN,15.0,216.5,30,1005,264,16,264,16,NaN,NaN,NaN,NaN,NaN,NaN,NaN,NaN,NaN,NaN,LO,NW,B,B,NaN,NaN,NaN,NaN,NaN,NaN,
2012071618,05e.2012,EMILIA,TY,NN,14.9,214.9,30,1006,264,16,264,16,NaN,NaN,NaN,NaN,NaN,NaN,NaN,NaN,NaN,NaN,LO,NW,B,B,NaN,NaN,NaN,NaN,NaN,NaN,
2012071700,05e.2012,EMILIA,TY,NN,14.8,213.3,30,1006,266,15,266,15,NaN,NaN,NaN,NaN,NaN,NaN,NaN,NaN,NaN,NaN,LO,NW,B,B,NaN,NaN,NaN,NaN,NaN,NaN,
2012071706,05e.2012,EMILIA,TY,NN,14.7,211.6,30,1006,266,16,266,16,NaN,NaN,NaN,NaN,NaN,NaN,NaN,NaN,NaN,NaN,LO,NW,B,B,NaN,NaN,NaN,NaN,NaN,NaN,
2012071712,05e.2012,EMILIA,TY,NN,14.7,209.9,30,1006,268,16,268,16,NaN,NaN,NaN,NaN,NaN,NaN,NaN,NaN,NaN,NaN,LO,NW,B,B,NaN,NaN,NaN,NaN,NaN,NaN,
2012071718,05e.2012,EMILIA,TY,NN,14.7,208.1,30,1006,270,17,270,17,NaN,NaN,NaN,NaN,NaN,NaN,NaN,NaN,NaN,NaN,LO,NW,B,B,NaN,NaN,NaN,NaN,NaN,NaN,
2012070906,a8e.2012,9X-A8E,TY,NN,9.5,263.2,20,1009,290,7,290,7,NaN,NaN,NaN,NaN,NaN,NaN,NaN,NaN,NaN,NaN,DB,NW,b,b,NaN,NaN,NaN,NaN,NaN,NaN,
2012070912,a8e.2012,9X-A8E,TY,NN,9.8,262.5,20,1009,290,7,290,7,NaN,NaN,NaN,NaN,NaN,NaN,NaN,NaN,NaN,NaN,DB,NW,b,b,NaN,NaN,NaN,NaN,NaN,NaN,
2012070918,a8e.2012,9X-A8E,TY,NN,10.0,261.8,20,1008,290,7,290,7,NaN,NaN,NaN,NaN,NaN,NaN,NaN,NaN,NaN,NaN,DB,NW,b,b,NaN,NaN,NaN,NaN,NaN,NaN,
2012071000,a8e.2012,9X-A8E,TY,NN,10.3,261.2,20,1008,291,7,291,7,NaN,NaN,NaN,NaN,NaN,NaN,NaN,NaN,NaN,NaN,DB,NW,b,b,NaN,NaN,NaN,NaN,NaN,NaN,
2012071006,a8e.2012,9X-A8E,TY,NN,10.5,260.5,20,1007,290,7,291,7,NaN,NaN,NaN,NaN,NaN,NaN,NaN,NaN,NaN,NaN,DB,NW,C,C,200,1010,NaN,S,80,NaN,
2012071012,a8e.2012,9X-A8E,TY,NN,11.7,259.4,20,1007,274,6,308,11,NaN,NaN,NaN,NaN,NaN,NaN,NaN,NaN,NaN,NaN,LO,NW,B,B,200,1010,NaN,S,75,NaN,
2012071018,a8e.2012,9X-A8E,TY,NN,11.7,258.7,25,1007,274,6,304,11,NaN,NaN,NaN,NaN,NaN,NaN,NaN,NaN,NaN,NaN,LO,NW,B,B,200,1009,NaN,S,65,NaN,
2012071100,a8e.2012,9X-A8E,TY,NN,11.8,258.1,25,1006,274,6,274,6,NaN,NaN,NaN,NaN,NaN,NaN,NaN,NaN,NaN,NaN,LO,NW,B,B,200,1008,NaN,S,55,NaN,
2012071106,a8e.2012,9X-A8E,TY,NN,12.0,257.5,25,1006,284,6,284,6,NaN,NaN,NaN,NaN,NaN,NaN,NaN,NaN,NaN,NaN,LO,NW,B,B,200,1008,NaN,S,50,NaN,
2012071112,a8e.2012,9X-A8E,TY,NN,12.5,256.7,25,1005,297,8,297,8,NaN,NaN,NaN,NaN,NaN,NaN,NaN,NaN,NaN,NaN,LO,NW,B,B,200,1008,NaN,S,50,NaN,
2012071118,a8e.2012,9X-A8E,TY,NN,12.9,255.9,25,1004,300,9,300,9,NaN,NaN,NaN,NaN,NaN,NaN,NaN,NaN,NaN,NaN,LO,NW,B,B,180,1009,NaN,S,50,NaN,
2012071200,a8e.2012,9X-A8E,TY,NN,13.3,255.0,30,1003,296,9,296,9,NaN,NaN,NaN,NaN,NaN,NaN,NaN,NaN,NaN,NaN,TD,NW,B,B,180,1007,NaN,S,45,NaN,
2012071206,06e.2012,FABIO,TY,NN,13.5,254.0,35,1002,288,10,288,10,27,,30,30,20,NaN,NaN,NaN,NaN,NaN,TS,WN,B,B,180,1007,NaN,M,40,SRS,
2012071212,06e.2012,FABIO,TY,NN,13.6,253.2,40,1001,280,9,280,9,28,30,30,30,20,NaN,NaN,NaN,NaN,NaN,TS,WN,B,B,180,1007,NaN,M,30,RJB,
2012071218,06e.2012,FABIO,TY,NN,13.7,252.3,45,1000,277,8,277,8,32,50,30,20,30,NaN,NaN,NaN,NaN,NaN,TS,WN,B,B,200,1009,NaN,M,50,RJB,
2012071300,06e.2012,FABIO,TY,NN,13.8,251.4,50,998,277,9,277,9,58,70,60,60,40,20,20,,60,,TS,WN,B,B,200,1009,NaN,M,20,DPR,
2012071306,06e.2012,FABIO,TY,NN,14.2,250.6,55,995,287,9,287,9,80,80,100,100,40,30,30,,100,,TS,WN,B,B,190,1010,NaN,M,35,ESB,
2012071312,06e.2012,FABIO,TY,NN,14.8,249.8,60,992,303,9,303,9,80,80,100,100,40,32,40,30,100,30,TS,WN,B,B,200,1008,NaN,D,40,RJB,
2012071318,06e.2012,FABIO,TY,NN,15.3,249.0,70,983,305,9,305,9,82,80,100,80,70,40,40,40,80,40,HU,WN,B,B,200,1010,NaN,D,20,RJB,
2012071400,06e.2012,FABIO,TY,NN,15.6,248.1,75,981,296,9,296,9,88,90,100,80,80,42,40,50,80,40,HU,WN,B,B,200,1010,NaN,D,20,DPR,
2012071406,06e.2012,FABIO,TY,NN,15.9,247.1,75,980,288,10,288,10,88,90,100,80,80,42,50,40,80,40,HU,WN,B,B,200,1011,NaN,D,15,ESB,
2012071412,06e.2012,FABIO,TY,NN,16.1,246.2,80,977,285,9,285,9,90,100,100,70,90,42,50,40,70,40,HU,WN,B,B,200,1009,NaN,D,15,RJB,
2012071418,06e.2012,FABIO,TY,NN,16.2,245.3,85,973,280,9,280,9,92,100,100,70,100,45,50,40,70,50,HU,WN,B,B,200,1011,NaN,D,15,JPC,
2012071500,06e.2012,FABIO,TY,NN,16.3,244.5,90,970,277,8,277,8,100,110,100,80,110,50,60,50,80,50,HU,WN,B,B,200,1010,NaN,D,15,JPC,
2012071506,06e.2012,FABIO,TY,NN,16.5,243.7,95,966,281,8,281,8,100,110,100,80,110,50,60,50,80,50,HU,WN,B,B,200,1010,NaN,D,15,RJP,
2012071512,06e.2012,FABIO,TY,NN,16.7,243.0,95,966,286,7,286,7,100,110,100,80,110,50,60,50,80,50,HU,WN,B,B,210,1010,NaN,D,15,DPB,
2012071518,06e.2012,FABIO,TY,NN,17.1,242.2,90,970,293,8,293,8,100,110,100,80,110,50,60,50,80,50,HU,WN,B,B,200,1010,NaN,D,15,JPC,
2012071600,06e.2012,FABIO,TY,NN,17.5,241.5,85,975,299,8,299,8,90,100,90,70,100,50,60,50,70,50,HU,WN,B,B,180,1010,NaN,D,15,MJB,
2012071606,06e.2012,FABIO,TY,NN,18.0,240.8,80,979,304,8,304,8,78,90,80,70,70,48,50,50,70,50,HU,WN,B,B,180,1010,NaN,D,15,RJP,
2012071612,06e.2012,FABIO,TY,NN,18.6,240.2,70,985,312,8,312,8,78,90,80,70,70,48,50,50,70,50,HU,WN,B,B,180,1010,NaN,D,15,DPB,
2012071618,06e.2012,FABIO,TY,NN,19.3,239.9,60,991,327,8,327,8,58,70,60,50,50,30,40,30,50,30,TS,WN,B,B,180,1010,NaN,D,15,JPC,
2012071700,06e.2012,FABIO,TY,NN,20.0,239.6,50,995,338,8,338,8,48,60,50,40,40,23,30,20,40,20,TS,WN,B,B,180,1010,NaN,D,15,SRS,
2012071706,06e.2012,FABIO,TY,NN,20.8,239.5,45,998,346,8,346,8,48,60,50,40,40,NaN,NaN,NaN,NaN,NaN,TS,WN,B,B,180,1010,NaN,D,15,LAA,
2012071712,06e.2012,FABIO,TY,NN,21.8,239.4,40,1001,354,9,354,9,45,60,50,30,40,NaN,NaN,NaN,NaN,NaN,TS,WN,B,B,180,1010,NaN,M,15,JPC,
2012071718,06e.2012,FABIO,TY,NN,22.6,239.4,35,1004,357,9,357,9,42,60,50,20,40,NaN,NaN,NaN,NaN,NaN,TS,WN,B,B,150,1012,NaN,M,20,DPB,
2012071800,06e.2012,FABIO,TY,NN,23.5,239.4,30,1006,360,8,360,8,NaN,NaN,NaN,NaN,NaN,NaN,NaN,NaN,NaN,NaN,TD,WN,B,B,150,1012,NaN,S,25,SRS,
2012071806,06e.2012,FABIO,TY,NN,24.4,239.2,30,1007,354,9,354,9,NaN,NaN,NaN,NaN,NaN,NaN,NaN,NaN,NaN,NaN,TD,WN,B,B,150,1012,NaN,S,30,JLB,
2012071812,06e.2012,FABIO,TY,NN,25.3,239.1,25,1008,351,9,351,9,NaN,NaN,NaN,NaN,NaN,NaN,NaN,NaN,NaN,NaN,LO,WN,B,B,150,1012,NaN,S,30,JPC,
2012071818,06e.2012,FABIO,TY,NN,26.2,239.2,25,1009,360,9,360,9,NaN,NaN,NaN,NaN,NaN,NaN,NaN,NaN,NaN,NaN,LO,NW,B,B,NaN,NaN,NaN,NaN,NaN,NaN,
2012071900,06e.2012,FABIO,TY,NN,27.0,239.5,25,1010,12,9,12,9,NaN,NaN,NaN,NaN,NaN,NaN,NaN,NaN,NaN,NaN,LO,NW,B,B,NaN,NaN,NaN,NaN,NaN,NaN,
2012071906,06e.2012,FABIO,TY,NN,27.3,240.1,20,1011,36,7,36,7,NaN,NaN,NaN,NaN,NaN,NaN,NaN,NaN,NaN,NaN,LO,NW,B,B,NaN,NaN,NaN,NaN,NaN,NaN,
2012071912,06e.2012,FABIO,TY,NN,27.4,240.6,20,1012,68,5,68,5,NaN,NaN,NaN,NaN,NaN,NaN,NaN,NaN,NaN,NaN,LO,NW,B,B,NaN,NaN,NaN,NaN,NaN,NaN,
2012071918,06e.2012,FABIO,TY,NN,27.5,241.3,20,1013,79,5,79,5,NaN,NaN,NaN,NaN,NaN,NaN,NaN,NaN,NaN,NaN,LO,NW,B,B,NaN,NaN,NaN,NaN,NaN,NaN,
2012072000,06e.2012,FABIO,TY,NN,27.4,242.1,20,1013,90,7,90,7,NaN,NaN,NaN,NaN,NaN,NaN,NaN,NaN,NaN,NaN,LO,NW,B,B,NaN,NaN,NaN,NaN,NaN,NaN,
2012072006,06e.2012,FABIO,TY,NN,27.0,243.1,20,1013,107,8,107,8,NaN,NaN,NaN,NaN,NaN,NaN,NaN,NaN,NaN,NaN,LO,NW,B,B,NaN,NaN,NaN,NaN,NaN,NaN,
2012080500,b2e.2012,9X-B2E,TY,NN,11.0,257.6,20,1009,294,7,294,7,NaN,NaN,NaN,NaN,NaN,NaN,NaN,NaN,NaN,NaN,DB,NW,b,b,NaN,NaN,NaN,NaN,NaN,NaN,
2012080506,b2e.2012,9X-B2E,TY,NN,11.3,256.9,20,1009,294,7,294,7,NaN,NaN,NaN,NaN,NaN,NaN,NaN,NaN,NaN,NaN,DB,NW,b,b,NaN,NaN,NaN,NaN,NaN,NaN,
2012080512,b2e.2012,9X-B2E,TY,NN,11.6,256.2,20,1009,294,7,294,7,NaN,NaN,NaN,NaN,NaN,NaN,NaN,NaN,NaN,NaN,DB,NW,b,b,NaN,NaN,NaN,NaN,NaN,NaN,
2012080518,b2e.2012,9X-B2E,TY,NN,12.0,255.5,20,1009,295,8,297,8,NaN,NaN,NaN,NaN,NaN,NaN,NaN,NaN,NaN,NaN,DB,NW,C,C,150,1011,NaN,S,60,NaN,
2012080600,b2e.2012,9X-B2E,TY,NN,12.4,254.1,25,1008,286,11,291,11,NaN,NaN,NaN,NaN,NaN,NaN,NaN,NaN,NaN,NaN,LO,NW,B,B,150,1011,NaN,M,60,NaN,
2012080606,b2e.2012,9X-B2E,TY,NN,12.7,253.1,25,1008,286,11,287,12,NaN,NaN,NaN,NaN,NaN,NaN,NaN,NaN,NaN,NaN,LO,NW,B,B,150,1011,NaN,M,60,NaN,
2012080612,b2e.2012,9X-B2E,TY,NN,13.0,252.0,25,1008,286,11,286,11,NaN,NaN,NaN,NaN,NaN,NaN,NaN,NaN,NaN,NaN,LO,NW,B,B,150,1011,NaN,M,50,NaN,
2012080618,b2e.2012,9X-B2E,TY,NN,13.3,250.9,25,1008,286,11,286,11,NaN,NaN,NaN,NaN,NaN,NaN,NaN,NaN,NaN,NaN,LO,NW,B,B,150,1011,NaN,M,40,NaN,
2012080700,b2e.2012,9X-B2E,TY,NN,13.6,249.8,25,1008,286,11,286,11,NaN,NaN,NaN,NaN,NaN,NaN,NaN,NaN,NaN,NaN,LO,NW,B,B,150,1011,NaN,M,40,NaN,
2012080706,07e.2012,GILMA,TY,NN,14.1,248.7,30,1006,291,11,291,11,NaN,NaN,NaN,NaN,NaN,NaN,NaN,NaN,NaN,NaN,TD,WN,B,B,160,1011,NaN,M,30,RJB,
2012080712,07e.2012,GILMA,TY,NN,14.6,247.6,30,1006,295,12,295,12,NaN,NaN,NaN,NaN,NaN,NaN,NaN,NaN,NaN,NaN,TD,WN,B,B,150,1011,NaN,M,25,JLB,
2012080718,07e.2012,GILMA,TY,NN,14.9,246.6,40,1001,291,11,291,11,30,30,,,30,NaN,NaN,NaN,NaN,NaN,TS,WN,B,B,150,1010,NaN,M,25,JLB,
2012080800,07e.2012,GILMA,TY,NN,15.2,245.6,50,997,287,10,287,10,40,60,30,20,50,30,30,,20,,TS,WN,B,B,150,1009,NaN,M,25,JPC,
2012080806,07e.2012,GILMA,TY,NN,15.5,244.6,55,994,287,10,287,10,50,70,40,30,60,20,30,20,30,20,TS,WN,B,B,150,1009,NaN,M,25,DPR,
2012080812,07e.2012,GILMA,TY,NN,15.7,243.7,60,989,285,9,285,9,50,70,40,30,60,20,30,20,30,20,TS,WN,B,B,150,1009,NaN,D,20,JLB,
2012080818,07e.2012,GILMA,TY,NN,15.9,242.8,65,987,283,9,283,9,52,70,50,30,60,20,30,20,30,20,HU,WN,B,B,150,1009,NaN,D,15,JLB,
2012080900,07e.2012,GILMA,TY,NN,16.1,242.2,65,987,285,7,285,7,58,70,60,40,60,28,40,30,40,30,HU,WN,B,B,150,1009,NaN,D,15,JPC,
2012080906,07e.2012,GILMA,TY,NN,16.3,241.7,70,984,291,6,291,6,62,70,70,50,60,30,40,30,50,30,HU,WN,B,B,150,1009,NaN,D,20,DPR,
2012080912,07e.2012,GILMA,TY,NN,16.7,241.3,65,988,305,5,305,5,62,70,70,50,60,30,40,30,50,30,HU,WN,B,B,180,1009,NaN,D,20,RJB,
2012080918,07e.2012,GILMA,TY,NN,17.1,241.1,60,991,324,5,324,5,62,70,70,50,60,35,40,40,50,30,TS,WN,B,B,160,1010,NaN,D,25,RJB,
2012081000,07e.2012,GILMA,TY,NN,17.6,241.1,60,991,348,5,348,5,65,80,70,50,60,35,40,40,50,30,TS,WN,B,B,160,1010,NaN,D,25,MJB,
2012081006,07e.2012,GILMA,TY,NN,18.1,241.0,60,992,355,5,355,5,65,80,70,50,60,35,40,40,50,30,TS,WN,B,B,160,1010,NaN,D,20,JLB,
2012081012,07e.2012,GILMA,TY,NN,18.5,240.8,55,994,342,5,342,5,65,80,70,50,60,35,40,40,50,30,TS,WN,B,B,160,1010,NaN,D,20,HSM,
2012081018,07e.2012,GILMA,TY,NN,18.9,240.6,50,997,335,4,335,4,55,60,60,50,50,20,20,20,50,,TS,WN,B,B,160,1010,NaN,D,20,LAA,
2012081100,07e.2012,GILMA,TY,NN,19.3,240.4,45,999,335,4,335,4,42,50,30,50,40,NaN,NaN,NaN,NaN,NaN,TS,WN,B,B,160,1010,NaN,D,20,ESB,
2012081106,07e.2012,GILMA,TY,NN,19.6,240.2,40,1001,332,4,332,4,30,30,,30,30,NaN,NaN,NaN,NaN,NaN,TS,WN,B,B,150,1010,NaN,M,30,JPC,
2012081112,07e.2012,GILMA,TY,NN,20.0,240.0,35,1002,332,4,332,4,30,,,,30,NaN,NaN,NaN,NaN,NaN,LO,WN,B,B,150,1010,NaN,M,30,LAA,
2012081118,07e.2012,GILMA,TY,NN,20.4,239.7,30,1004,330,5,330,5,NaN,NaN,NaN,NaN,NaN,NaN,NaN,NaN,NaN,NaN,LO,WN,B,B,150,1010,NaN,M,30,LAA,
2012081200,07e.2012,GILMA,TY,NN,20.7,239.4,30,1004,321,4,321,4,NaN,NaN,NaN,NaN,NaN,NaN,NaN,NaN,NaN,NaN,LO,NW,B,B,NaN,NaN,NaN,NaN,NaN,NaN,
2012081206,07e.2012,GILMA,TY,NN,21.0,239.1,30,1005,317,4,317,4,NaN,NaN,NaN,NaN,NaN,NaN,NaN,NaN,NaN,NaN,LO,NW,B,B,NaN,NaN,NaN,NaN,NaN,NaN,
2012081212,07e.2012,GILMA,TY,NN,21.3,238.9,25,1006,322,4,322,4,NaN,NaN,NaN,NaN,NaN,NaN,NaN,NaN,NaN,NaN,LO,NW,B,B,NaN,NaN,NaN,NaN,NaN,NaN,
2012081218,07e.2012,GILMA,TY,NN,21.5,238.7,25,1006,323,3,323,3,NaN,NaN,NaN,NaN,NaN,NaN,NaN,NaN,NaN,NaN,LO,NW,B,B,NaN,NaN,NaN,NaN,NaN,NaN,
2012081300,07e.2012,GILMA,TY,NN,21.5,238.4,20,1007,293,3,293,3,NaN,NaN,NaN,NaN,NaN,NaN,NaN,NaN,NaN,NaN,LO,NW,B,B,NaN,NaN,NaN,NaN,NaN,NaN,
2012081306,07e.2012,GILMA,TY,NN,21.3,238.3,20,1007,242,2,242,2,NaN,NaN,NaN,NaN,NaN,NaN,NaN,NaN,NaN,NaN,LO,NW,B,B,NaN,NaN,NaN,NaN,NaN,NaN,
2012081312,07e.2012,GILMA,TY,NN,21.0,238.1,20,1007,209,3,209,3,NaN,NaN,NaN,NaN,NaN,NaN,NaN,NaN,NaN,NaN,LO,NW,B,B,NaN,NaN,NaN,NaN,NaN,NaN,
2012081318,07e.2012,GILMA,TY,NN,20.7,237.9,20,1007,212,4,212,4,NaN,NaN,NaN,NaN,NaN,NaN,NaN,NaN,NaN,NaN,LO,NW,B,B,NaN,NaN,NaN,NaN,NaN,NaN,
2012081400,07e.2012,GILMA,TY,NN,20.2,237.7,20,1007,205,4,205,4,NaN,NaN,NaN,NaN,NaN,NaN,NaN,NaN,NaN,NaN,LO,NW,B,B,NaN,NaN,NaN,NaN,NaN,NaN,
2012081000,b4e.2012,9X-B4E,TS,NN,19.4,260.6,20,1009,232,9,232,9,NaN,NaN,NaN,NaN,NaN,NaN,NaN,NaN,NaN,NaN,DB,NW,b,b,NaN,NaN,0.98,NaN,NaN,NaN,
2012081006,b4e.2012,9X-B4E,TS,NN,19.1,259.9,20,1009,232,9,232,9,NaN,NaN,NaN,NaN,NaN,NaN,NaN,NaN,NaN,NaN,DB,NW,b,b,NaN,NaN,0.99,NaN,NaN,NaN,
2012081012,b4e.2012,9X-B4E,TS,NN,18.3,259.1,20,1009,232,9,232,9,NaN,NaN,NaN,NaN,NaN,NaN,NaN,NaN,NaN,NaN,DB,NW,b,b,NaN,NaN,0.98,NaN,NaN,NaN,
2012081018,b4e.2012,9X-B4E,TS,NN,17.0,257.5,25,1005,240,12,227,16,NaN,NaN,NaN,NaN,NaN,NaN,NaN,NaN,NaN,NaN,DB,NW,C,C,100,1008,NaN,M,25,NaN,
2012081100,b4e.2012,9X-B4E,TS,NN,17.0,257.0,30,1003,235,12,237,12,NaN,NaN,NaN,NaN,NaN,NaN,NaN,NaN,NaN,NaN,DB,NW,C,C,120,1005,NaN,M,45,NaN,
2012081106,b4e.2012,9X-B4E,TS,NN,16.5,256.2,30,1001,235,11,248,7,NaN,NaN,NaN,NaN,NaN,NaN,NaN,NaN,NaN,NaN,DB,NW,C,C,120,1005,NaN,M,45,NaN,
2012081112,08e.2012,HECTOR,TS,NN,17.5,254.5,30,1000,288,11,282,12,NaN,NaN,NaN,NaN,NaN,NaN,NaN,NaN,NaN,NaN,TD,WN,B,B,NaN,NaN,NaN,NaN,NaN,NaN,
2012081118,08e.2012,HECTOR,TS,NN,17.8,253.3,35,999,288,11,295,15,82,120,90,60,60,NaN,NaN,NaN,NaN,NaN,TS,WN,B,B,140,1006,NaN,M,60,RJB,
2012081200,08e.2012,HECTOR,TS,NN,18.2,252.2,40,998,288,11,288,11,82,120,90,60,60,NaN,NaN,NaN,NaN,NaN,TS,WN,B,B,140,1006,NaN,M,60,ESB,
2012081206,08e.2012,HECTOR,TS,NN,18.3,251.3,45,996,285,10,285,10,82,120,90,60,60,NaN,NaN,NaN,NaN,NaN,TS,WN,B,B,150,1006,NaN,M,60,RJP,
2012081212,08e.2012,HECTOR,TS,NN,18.2,250.6,45,995,270,8,270,8,75,120,60,60,60,NaN,NaN,NaN,NaN,NaN,TS,WN,B,B,200,1006,NaN,M,60,JPC,
2012081218,08e.2012,HECTOR,TS,NN,18.1,250.0,40,996,261,6,261,6,75,90,60,90,60,NaN,NaN,NaN,NaN,NaN,TS,WN,B,B,200,1006,NaN,M,60,DPB,
2012081300,08e.2012,HECTOR,TS,NN,18.1,249.5,35,997,265,5,265,5,75,90,60,90,60,NaN,NaN,NaN,NaN,NaN,TS,WN,B,B,200,1006,NaN,M,60,ESB,
2012081306,08e.2012,HECTOR,TS,NN,18.1,248.9,35,999,270,5,270,5,75,90,60,90,60,NaN,NaN,NaN,NaN,NaN,TS,WN,B,B,200,1006,NaN,M,60,RJP,
2012081312,08e.2012,HECTOR,TS,NN,18.1,248.2,35,998,270,6,270,6,75,90,60,90,60,NaN,NaN,NaN,NaN,NaN,TS,WN,B,B,200,1006,NaN,M,60,JPC,
2012081318,08e.2012,HECTOR,TS,NN,18.0,247.5,40,996,266,7,266,7,68,60,60,90,60,NaN,NaN,NaN,NaN,NaN,TS,WN,B,B,200,1006,NaN,M,60,JPC,
2012081400,08e.2012,HECTOR,TS,NN,17.9,246.8,40,996,261,7,261,7,68,60,60,90,60,NaN,NaN,NaN,NaN,NaN,TS,WN,B,B,200,1006,NaN,M,60,DPB,
2012081406,08e.2012,HECTOR,TS,NN,17.8,246.2,40,997,261,6,261,6,68,60,60,90,60,NaN,NaN,NaN,NaN,NaN,TS,WN,B,B,200,1008,NaN,M,50,RJB,
2012081412,08e.2012,HECTOR,TS,NN,17.7,245.7,40,998,259,5,259,5,52,30,60,90,30,NaN,NaN,NaN,NaN,NaN,TS,WN,B,B,250,1008,NaN,M,50,JPC,
2012081418,08e.2012,HECTOR,TS,NN,17.4,245.2,35,1000,247,5,247,5,52,30,60,90,30,NaN,NaN,NaN,NaN,NaN,TS,WN,B,B,250,1008,NaN,M,50,SRS,
2012081500,08e.2012,HECTOR,TS,NN,17.0,245.0,35,1002,224,5,224,5,75,,60,90,,NaN,NaN,NaN,NaN,NaN,TS,WN,B,B,240,1006,NaN,M,50,DPB,
2012081506,08e.2012,HECTOR,TS,NN,17.2,244.8,35,1003,242,2,242,2,75,,60,90,,NaN,NaN,NaN,NaN,NaN,TS,WN,B,B,280,1007,NaN,M,50,RJB,
2012081512,08e.2012,HECTOR,TS,NN,17.6,244.9,30,1004,351,3,351,3,NaN,NaN,NaN,NaN,NaN,NaN,NaN,NaN,NaN,NaN,TD,WN,B,B,280,1007,NaN,M,50,JLB,
2012081518,08e.2012,HECTOR,TS,NN,18.1,244.9,25,1005,6,5,6,5,NaN,NaN,NaN,NaN,NaN,NaN,NaN,NaN,NaN,NaN,TD,WN,B,B,250,1007,NaN,M,50,JLB,
2012081600,08e.2012,HECTOR,TS,NN,18.6,244.7,25,1005,349,5,349,5,NaN,NaN,NaN,NaN,NaN,NaN,NaN,NaN,NaN,NaN,TD,WN,B,B,250,1007,NaN,M,50,TBK,
2012081606,08e.2012,HECTOR,TS,NN,19.0,244.5,25,1005,337,5,337,5,NaN,NaN,NaN,NaN,NaN,NaN,NaN,NaN,NaN,NaN,TD,WN,B,B,240,1007,NaN,M,50,ESB,
2012081612,08e.2012,HECTOR,TS,NN,19.3,244.3,25,1006,332,4,332,4,NaN,NaN,NaN,NaN,NaN,NaN,NaN,NaN,NaN,NaN,TD,WN,B,B,240,1007,NaN,M,50,DPR,
2012081618,08e.2012,HECTOR,TS,NN,19.6,244.1,25,1006,328,4,328,4,NaN,NaN,NaN,NaN,NaN,NaN,NaN,NaN,NaN,NaN,TD,WN,B,B,240,1007,NaN,M,50,DPR,
2012081700,08e.2012,HECTOR,TS,NN,20.0,244.0,25,1007,338,4,338,4,NaN,NaN,NaN,NaN,NaN,NaN,NaN,NaN,NaN,NaN,LO,WN,B,B,250,1008,NaN,M,50,TBK,
2012081706,08e.2012,HECTOR,TS,NN,20.7,243.9,25,1008,350,6,350,6,NaN,NaN,NaN,NaN,NaN,NaN,NaN,NaN,NaN,NaN,LO,WN,B,B,180,1008,NaN,M,50,ESB,
2012081712,08e.2012,HECTOR,TS,NN,21.5,243.8,25,1008,353,8,353,8,NaN,NaN,NaN,NaN,NaN,NaN,NaN,NaN,NaN,NaN,LO,NW,B,B,NaN,NaN,NaN,NaN,NaN,NaN,
2012081718,08e.2012,HECTOR,TS,NN,22.2,243.6,25,1008,349,8,349,8,NaN,NaN,NaN,NaN,NaN,NaN,NaN,NaN,NaN,NaN,LO,NW,B,B,NaN,NaN,NaN,NaN,NaN,NaN,
2012081800,08e.2012,HECTOR,TS,NN,22.5,243.6,25,1008,349,5,349,5,NaN,NaN,NaN,NaN,NaN,NaN,NaN,NaN,NaN,NaN,LO,NW,B,B,NaN,NaN,NaN,NaN,NaN,NaN,
2012081806,08e.2012,HECTOR,TS,NN,22.8,243.6,25,1008,360,3,360,3,NaN,NaN,NaN,NaN,NaN,NaN,NaN,NaN,NaN,NaN,LO,NW,B,B,NaN,NaN,NaN,NaN,NaN,NaN,
2012081812,08e.2012,HECTOR,TS,NN,23.0,243.6,25,1008,360,2,360,2,NaN,NaN,NaN,NaN,NaN,NaN,NaN,NaN,NaN,NaN,LO,NW,B,B,NaN,NaN,NaN,NaN,NaN,NaN,
2012081818,08e.2012,HECTOR,TS,NN,23.3,243.6,25,1008,360,2,360,2,NaN,NaN,NaN,NaN,NaN,NaN,NaN,NaN,NaN,NaN,LO,NW,B,B,NaN,NaN,NaN,NaN,NaN,NaN,
2012081900,08e.2012,HECTOR,TS,NN,23.4,243.7,25,1009,13,2,13,2,NaN,NaN,NaN,NaN,NaN,NaN,NaN,NaN,NaN,NaN,LO,NW,B,B,NaN,NaN,NaN,NaN,NaN,NaN,
2012081906,08e.2012,HECTOR,TS,NN,23.3,243.8,25,1010,90,1,90,1,NaN,NaN,NaN,NaN,NaN,NaN,NaN,NaN,NaN,NaN,LO,NW,B,B,NaN,NaN,NaN,NaN,NaN,NaN,
2012081912,08e.2012,HECTOR,TS,NN,23.2,243.9,20,1010,137,1,137,1,NaN,NaN,NaN,NaN,NaN,NaN,NaN,NaN,NaN,NaN,LO,NW,B,B,NaN,NaN,NaN,NaN,NaN,NaN,
2012081918,08e.2012,HECTOR,TS,NN,23.1,244.1,20,1011,126,2,126,2,NaN,NaN,NaN,NaN,NaN,NaN,NaN,NaN,NaN,NaN,LO,NW,B,B,NaN,NaN,NaN,NaN,NaN,NaN,
2012082000,08e.2012,HECTOR,TS,NN,23.1,244.3,15,1011,105,2,105,2,NaN,NaN,NaN,NaN,NaN,NaN,NaN,NaN,NaN,NaN,LO,NW,B,B,NaN,NaN,NaN,NaN,NaN,NaN,
2012082006,08e.2012,HECTOR,TS,NN,23.1,244.3,15,1011,90,1,90,1,NaN,NaN,NaN,NaN,NaN,NaN,NaN,NaN,NaN,NaN,LO,NW,B,B,NaN,NaN,NaN,NaN,NaN,NaN,
2012082500,b7e.2012,9X-B7E,TY,NN,10.8,263.4,20,1009,276,9,276,9,NaN,NaN,NaN,NaN,NaN,NaN,NaN,NaN,NaN,NaN,DB,NW,b,b,NaN,NaN,NaN,NaN,NaN,NaN,
2012082506,b7e.2012,9X-B7E,TY,NN,11.0,262.5,20,1009,276,9,276,9,NaN,NaN,NaN,NaN,NaN,NaN,NaN,NaN,NaN,NaN,DB,NW,b,b,NaN,NaN,NaN,NaN,NaN,NaN,
2012082512,b7e.2012,9X-B7E,TY,NN,11.0,261.6,20,1009,276,9,276,9,NaN,NaN,NaN,NaN,NaN,NaN,NaN,NaN,NaN,NaN,DB,NW,b,b,NaN,NaN,NaN,NaN,NaN,NaN,
2012082518,b7e.2012,9X-B7E,TY,NN,11.3,260.9,20,1008,291,8,281,8,NaN,NaN,NaN,NaN,NaN,NaN,NaN,NaN,NaN,NaN,LO,NW,B,B,250,1010,NaN,S,60,NaN,
2012082600,b7e.2012,9X-B7E,TY,NN,11.6,260.1,25,1007,291,8,292,8,NaN,NaN,NaN,NaN,NaN,NaN,NaN,NaN,NaN,NaN,LO,NW,B,B,250,1009,NaN,S,60,NaN,
2012082606,b7e.2012,9X-B7E,TY,NN,11.9,259.3,25,1007,291,8,291,8,NaN,NaN,NaN,NaN,NaN,NaN,NaN,NaN,NaN,NaN,LO,NW,B,B,240,1009,NaN,S,60,NaN,
2012082612,b7e.2012,9X-B7E,TY,NN,12.4,258.6,25,1006,299,8,299,8,NaN,NaN,NaN,NaN,NaN,NaN,NaN,NaN,NaN,NaN,LO,NW,B,B,240,1009,NaN,S,60,NaN,
2012082618,b7e.2012,9X-B7E,TY,NN,13.0,257.9,25,1006,309,9,309,9,NaN,NaN,NaN,NaN,NaN,NaN,NaN,NaN,NaN,NaN,LO,NW,B,B,240,1009,NaN,S,60,NaN,
2012082700,b7e.2012,9X-B7E,TY,NN,13.6,257.1,25,1005,309,9,309,9,NaN,NaN,NaN,NaN,NaN,NaN,NaN,NaN,NaN,NaN,LO,NW,B,B,210,1009,NaN,S,60,NaN,
2012082706,b7e.2012,9X-B7E,TY,NN,14.2,256.0,25,1005,303,11,303,11,NaN,NaN,NaN,NaN,NaN,NaN,NaN,NaN,NaN,NaN,LO,NW,B,B,210,1009,NaN,S,70,NaN,
2012082712,b7e.2012,9X-B7E,TY,NN,14.6,254.8,30,1004,294,12,294,12,NaN,NaN,NaN,NaN,NaN,NaN,NaN,NaN,NaN,NaN,TD,NW,B,B,210,1009,NaN,M,60,NaN,
2012082718,09e.2012,ILEANA,TY,NN,14.9,253.6,35,1003,287,12,287,12,30,30,,,,NaN,NaN,NaN,NaN,NaN,TS,WN,B,B,210,1009,NaN,M,60,JPC,
2012082800,09e.2012,ILEANA,TY,NN,15.2,252.6,40,1001,286,11,286,11,35,40,,,30,NaN,NaN,NaN,NaN,NaN,TS,WN,B,B,200,1008,NaN,M,40,ESB,
2012082806,09e.2012,ILEANA,TY,NN,15.4,251.6,40,999,285,10,285,10,35,40,,,30,NaN,NaN,NaN,NaN,NaN,TS,WN,B,B,200,1008,NaN,M,40,DPR,
2012082812,09e.2012,ILEANA,TY,NN,15.7,250.7,45,998,285,9,285,9,35,40,,,30,NaN,NaN,NaN,NaN,NaN,TS,WN,B,B,200,1008,NaN,M,40,LAA,
2012082818,09e.2012,ILEANA,TY,NN,16.2,249.9,50,997,296,9,296,9,40,50,,,30,20,20,,,,TS,WN,B,B,200,1008,NaN,M,40,LAA,
2012082900,09e.2012,ILEANA,TY,NN,16.7,249.2,55,995,305,9,305,9,40,50,30,,40,30,30,,,,TS,WN,B,B,200,1008,NaN,M,40,JPC,
2012082906,09e.2012,ILEANA,TY,NN,17.3,248.5,55,993,309,9,309,9,45,60,40,30,50,25,30,,30,20,TS,WN,B,B,200,1007,NaN,M,30,JPC,
2012082912,09e.2012,ILEANA,TY,NN,17.8,248.0,60,991,314,8,314,8,50,70,50,30,50,25,30,,30,20,TS,WN,B,B,200,1007,NaN,M,30,LAA,
2012082918,09e.2012,ILEANA,TY,NN,18.3,247.5,60,989,316,7,316,7,55,70,70,30,50,25,30,,30,20,TS,WN,B,B,200,1007,NaN,M,25,JLB,
2012083000,09e.2012,ILEANA,TY,NN,18.8,247.0,65,987,316,7,316,7,55,70,70,30,50,25,30,,30,20,HU,WN,B,B,200,1007,NaN,M,20,LAA,
2012083006,09e.2012,ILEANA,TY,NN,19.4,246.7,65,984,325,7,325,7,62,80,70,40,60,25,30,,40,20,HU,WN,B,B,200,1007,NaN,M,20,LAA,
2012083012,09e.2012,ILEANA,TY,NN,20.0,246.5,70,981,339,6,339,6,68,80,80,40,70,32,40,40,40,30,HU,WN,B,B,225,1007,NaN,D,20,DPB,
2012083018,09e.2012,ILEANA,TY,NN,20.5,246.2,75,978,337,6,337,6,68,70,80,50,70,32,40,40,50,30,HU,WN,B,B,225,1007,NaN,D,20,DPB,
2012083100,09e.2012,ILEANA,TY,NN,21.0,245.9,75,978,331,6,331,6,68,70,80,50,70,32,40,40,50,30,HU,WN,B,B,225,1007,NaN,D,20,CWL,
2012083106,09e.2012,ILEANA,TY,NN,21.5,245.4,70,981,323,6,323,6,68,70,80,50,70,32,40,40,50,30,HU,WN,B,B,225,1007,NaN,D,20,LAA,
2012083112,09e.2012,ILEANA,TY,NN,21.9,244.8,65,985,311,7,311,7,68,70,80,50,70,32,40,40,50,30,HU,WN,B,B,225,1007,NaN,D,20,MJB,
2012083118,09e.2012,ILEANA,TY,NN,22.2,244.1,60,987,300,7,300,7,62,70,70,50,60,32,40,40,50,30,TS,WN,B,B,225,1007,NaN,D,20,MJB,
2012090100,09e.2012,ILEANA,TY,NN,22.5,243.3,55,991,293,8,293,8,62,70,70,50,60,32,40,40,50,30,TS,WN,B,B,225,1007,NaN,D,20,JPC,
2012090106,09e.2012,ILEANA,TY,NN,22.8,242.5,50,996,292,8,292,8,62,70,70,50,60,32,40,40,50,30,TS,WN,B,B,225,1007,NaN,D,20,LAA,
2012090112,09e.2012,ILEANA,TY,NN,23.0,241.7,45,999,289,8,289,8,60,70,60,50,60,NaN,NaN,NaN,NaN,NaN,TS,WN,B,B,200,1008,NaN,M,40,MJB,
2012090118,09e.2012,ILEANA,TY,NN,23.1,240.8,40,1002,281,8,281,8,55,60,50,50,60,NaN,NaN,NaN,NaN,NaN,TS,WN,B,B,180,1008,NaN,M,40,MJB,
2012090200,09e.2012,ILEANA,TY,NN,23.0,239.9,35,1004,270,8,270,8,50,60,30,,60,NaN,NaN,NaN,NaN,NaN,TS,WN,B,B,180,1008,NaN,M,40,JPC,
2012090206,09e.2012,ILEANA,TY,NN,22.9,239.0,30,1007,263,8,263,8,NaN,NaN,NaN,NaN,NaN,NaN,NaN,NaN,NaN,NaN,TD,WN,B,B,160,1008,NaN,M,40,DPR,
2012090212,09e.2012,ILEANA,TY,NN,22.7,238.0,30,1008,260,9,260,9,NaN,NaN,NaN,NaN,NaN,NaN,NaN,NaN,NaN,NaN,LO,WN,B,B,160,1009,NaN,S,40,JPC,
2012090218,09e.2012,ILEANA,TY,NN,22.5,237.0,30,1008,258,9,258,9,NaN,NaN,NaN,NaN,NaN,NaN,NaN,NaN,NaN,NaN,LO,NW,B,B,NaN,NaN,NaN,NaN,NaN,NaN,
2012090300,09e.2012,ILEANA,TY,NN,22.2,236.0,30,1008,255,10,255,10,NaN,NaN,NaN,NaN,NaN,NaN,NaN,NaN,NaN,NaN,LO,NW,B,B,NaN,NaN,NaN,NaN,NaN,NaN,
2012090306,09e.2012,ILEANA,TY,NN,21.9,235.0,30,1008,252,10,252,10,NaN,NaN,NaN,NaN,NaN,NaN,NaN,NaN,NaN,NaN,LO,NW,B,B,NaN,NaN,NaN,NaN,NaN,NaN,
2012090312,09e.2012,ILEANA,TY,NN,21.6,234.0,30,1009,252,10,252,10,NaN,NaN,NaN,NaN,NaN,NaN,NaN,NaN,NaN,NaN,LO,NW,B,B,NaN,NaN,NaN,NaN,NaN,NaN,
2012090318,09e.2012,ILEANA,TY,NN,21.2,233.1,25,1010,248,10,248,10,NaN,NaN,NaN,NaN,NaN,NaN,NaN,NaN,NaN,NaN,LO,NW,B,B,NaN,NaN,NaN,NaN,NaN,NaN,
2012090400,09e.2012,ILEANA,TY,NN,20.8,232.3,25,1010,243,9,243,9,NaN,NaN,NaN,NaN,NaN,NaN,NaN,NaN,NaN,NaN,LO,NW,B,B,NaN,NaN,NaN,NaN,NaN,NaN,
2012090406,09e.2012,ILEANA,TY,NN,20.2,231.6,25,1010,235,9,235,9,NaN,NaN,NaN,NaN,NaN,NaN,NaN,NaN,NaN,NaN,LO,NW,B,B,NaN,NaN,NaN,NaN,NaN,NaN,
2012090412,09e.2012,ILEANA,TY,NN,19.7,230.9,25,1010,230,9,230,9,NaN,NaN,NaN,NaN,NaN,NaN,NaN,NaN,NaN,NaN,LO,NW,B,B,NaN,NaN,NaN,NaN,NaN,NaN,
2012090418,09e.2012,ILEANA,TY,NN,19.2,230.2,20,1011,233,8,233,8,NaN,NaN,NaN,NaN,NaN,NaN,NaN,NaN,NaN,NaN,LO,NW,B,B,NaN,NaN,NaN,NaN,NaN,NaN,
2012090500,09e.2012,ILEANA,TY,NN,18.7,229.6,20,1011,231,8,231,8,NaN,NaN,NaN,NaN,NaN,NaN,NaN,NaN,NaN,NaN,LO,NW,B,B,NaN,NaN,NaN,NaN,NaN,NaN,
2012090506,09e.2012,ILEANA,TY,NN,18.2,229.0,20,1011,229,8,229,8,NaN,NaN,NaN,NaN,NaN,NaN,NaN,NaN,NaN,NaN,LO,NW,B,B,NaN,NaN,NaN,NaN,NaN,NaN,
2012090512,09e.2012,ILEANA,TY,NN,17.8,228.3,20,1011,234,8,234,8,NaN,NaN,NaN,NaN,NaN,NaN,NaN,NaN,NaN,NaN,LO,NW,B,B,NaN,NaN,NaN,NaN,NaN,NaN,
2012090518,09e.2012,ILEANA,TY,NN,17.3,227.7,15,1012,234,8,234,8,NaN,NaN,NaN,NaN,NaN,NaN,NaN,NaN,NaN,NaN,LO,NW,B,B,NaN,NaN,NaN,NaN,NaN,NaN,
2012090600,09e.2012,ILEANA,TY,NN,16.9,227.0,15,1012,234,8,234,8,NaN,NaN,NaN,NaN,NaN,NaN,NaN,NaN,NaN,NaN,LO,NW,B,B,NaN,NaN,NaN,NaN,NaN,NaN,
2012090606,09e.2012,ILEANA,TY,NN,16.4,226.4,15,1012,234,8,234,8,NaN,NaN,NaN,NaN,NaN,NaN,NaN,NaN,NaN,NaN,LO,NW,B,B,NaN,NaN,NaN,NaN,NaN,NaN,
2012090100,b9e.2012,9X-B9E,TS,NN,14.3,265.2,30,1008,288,24,288,24,NaN,NaN,NaN,NaN,NaN,NaN,NaN,NaN,NaN,NaN,DB,NW,b,b,NaN,NaN,NaN,NaN,NaN,NaN,
2012090106,b9e.2012,9X-B9E,TS,NN,15.2,262.8,30,1008,288,24,288,24,NaN,NaN,NaN,NaN,NaN,NaN,NaN,NaN,NaN,NaN,DB,NW,b,b,NaN,NaN,NaN,NaN,NaN,NaN,
2012090112,b9e.2012,9X-B9E,TS,NN,15.8,260.4,30,1008,288,24,288,24,NaN,NaN,NaN,NaN,NaN,NaN,NaN,NaN,NaN,NaN,DB,NW,b,b,NaN,NaN,NaN,NaN,NaN,NaN,
2012090118,b9e.2012,9X-B9E,TS,NN,16.4,258.1,30,1007,290,24,285,23,NaN,NaN,NaN,NaN,NaN,NaN,NaN,NaN,NaN,NaN,DB,NW,C,C,150,1009,NaN,S,20,NaN,
2012090200,b9e.2012,9X-B9E,TS,NN,16.7,255.7,30,1007,285,23,281,23,NaN,NaN,NaN,NaN,NaN,NaN,NaN,NaN,NaN,NaN,DB,NW,C,C,150,1009,NaN,M,20,NaN,
2012090206,b9e.2012,9X-B9E,TS,NN,16.7,253.8,30,1007,280,21,274,21,NaN,NaN,NaN,NaN,NaN,NaN,NaN,NaN,NaN,NaN,DB,NW,C,C,150,1009,NaN,M,20,NaN,
2012090212,b9e.2012,9X-B9E,TS,NN,17.5,252.4,35,1004,297,13,284,16,110,120,,,100,NaN,NaN,NaN,NaN,NaN,TS,NW,B,B,250,1009,NaN,M,60,NaN,
2012090218,10e.2012,JOHN,TS,NN,18.0,251.1,40,1001,297,13,297,14,130,160,,,100,NaN,NaN,NaN,NaN,NaN,TS,WN,B,B,250,1009,NaN,M,60,JPC,
2012090300,10e.2012,JOHN,TS,NN,18.7,249.9,40,1000,297,13,297,13,130,160,,,100,NaN,NaN,NaN,NaN,NaN,TS,WN,B,B,300,1009,NaN,M,100,TBK,
2012090306,10e.2012,JOHN,TS,NN,19.3,248.8,35,1001,301,13,301,13,120,160,,,80,NaN,NaN,NaN,NaN,NaN,TS,WN,B,B,300,1009,NaN,M,80,SRS,
2012090312,10e.2012,JOHN,TS,NN,20.0,247.7,35,1003,302,12,302,12,110,160,,,60,NaN,NaN,NaN,NaN,NaN,TS,WN,B,B,250,1009,NaN,M,80,NaN,
2012090318,10e.2012,JOHN,TS,NN,20.8,246.6,35,1003,306,13,306,13,110,160,,,60,NaN,NaN,NaN,NaN,NaN,TS,WN,B,B,250,1011,NaN,M,80,DPB,
2012090400,10e.2012,JOHN,TS,NN,21.4,245.8,30,1004,308,11,308,11,NaN,NaN,NaN,NaN,NaN,NaN,NaN,NaN,NaN,NaN,TD,WN,B,B,240,1011,NaN,M,80,TBK,
2012090406,10e.2012,JOHN,TS,NN,22.2,244.9,30,1004,312,11,312,11,NaN,NaN,NaN,NaN,NaN,NaN,NaN,NaN,NaN,NaN,TD,WN,B,B,200,1012,NaN,M,80,ESB,
2012090412,10e.2012,JOHN,TS,NN,23.1,243.9,30,1005,314,12,314,12,NaN,NaN,NaN,NaN,NaN,NaN,NaN,NaN,NaN,NaN,LO,WN,B,B,200,1011,NaN,M,80,DPB,
2012090418,10e.2012,JOHN,TS,NN,24.0,242.7,30,1006,312,14,312,14,NaN,NaN,NaN,NaN,NaN,NaN,NaN,NaN,NaN,NaN,LO,WN,B,B,200,1012,NaN,S,80,DPB,
2012090500,10e.2012,JOHN,TS,NN,24.5,241.4,30,1006,301,13,301,13,NaN,NaN,NaN,NaN,NaN,NaN,NaN,NaN,NaN,NaN,LO,NW,B,B,NaN,NaN,NaN,NaN,NaN,NaN,
2012090506,10e.2012,JOHN,TS,NN,24.8,240.5,25,1006,292,11,292,11,NaN,NaN,NaN,NaN,NaN,NaN,NaN,NaN,NaN,NaN,LO,NW,B,B,NaN,NaN,NaN,NaN,NaN,NaN,
2012090512,10e.2012,JOHN,TS,NN,25.2,239.8,20,1007,296,8,296,8,NaN,NaN,NaN,NaN,NaN,NaN,NaN,NaN,NaN,NaN,LO,NW,B,B,NaN,NaN,NaN,NaN,NaN,NaN,
2012090518,10e.2012,JOHN,TS,NN,25.6,239.3,20,1007,306,7,306,7,NaN,NaN,NaN,NaN,NaN,NaN,NaN,NaN,NaN,NaN,LO,NW,B,B,NaN,NaN,NaN,NaN,NaN,NaN,
2012090600,10e.2012,JOHN,TS,NN,26.0,238.9,20,1007,315,6,315,6,NaN,NaN,NaN,NaN,NaN,NaN,NaN,NaN,NaN,NaN,LO,NW,B,B,NaN,NaN,NaN,NaN,NaN,NaN,
2012090606,10e.2012,JOHN,TS,NN,26.2,238.6,20,1007,314,4,314,4,NaN,NaN,NaN,NaN,NaN,NaN,NaN,NaN,NaN,NaN,LO,NW,B,B,NaN,NaN,NaN,NaN,NaN,NaN,
2012090612,10e.2012,JOHN,TS,NN,26.4,238.2,15,1008,302,4,302,4,NaN,NaN,NaN,NaN,NaN,NaN,NaN,NaN,NaN,NaN,LO,NW,B,B,NaN,NaN,NaN,NaN,NaN,NaN,
2012090618,10e.2012,JOHN,TS,NN,26.5,238.0,15,1008,299,3,299,3,NaN,NaN,NaN,NaN,NaN,NaN,NaN,NaN,NaN,NaN,LO,NW,B,B,NaN,NaN,NaN,NaN,NaN,NaN,
2012090700,10e.2012,JOHN,TS,NN,26.6,237.9,15,1008,307,2,307,2,NaN,NaN,NaN,NaN,NaN,NaN,NaN,NaN,NaN,NaN,LO,NW,B,B,NaN,NaN,NaN,NaN,NaN,NaN,
2012090706,10e.2012,JOHN,TS,NN,26.7,237.8,15,1008,318,1,318,1,NaN,NaN,NaN,NaN,NaN,NaN,NaN,NaN,NaN,NaN,LO,NW,B,B,NaN,NaN,NaN,NaN,NaN,NaN,
2012090912,c0e.2012,9X-C0E,TS,NN,11.5,266.0,20,1009,297,5,297,5,NaN,NaN,NaN,NaN,NaN,NaN,NaN,NaN,NaN,NaN,DB,NW,b,b,NaN,NaN,NaN,NaN,NaN,NaN,
2012090918,c0e.2012,9X-C0E,TS,NN,11.8,265.5,20,1009,297,5,297,5,NaN,NaN,NaN,NaN,NaN,NaN,NaN,NaN,NaN,NaN,DB,NW,b,b,NaN,NaN,NaN,NaN,NaN,NaN,
2012091000,c0e.2012,9X-C0E,TS,NN,12.0,265.0,20,1009,297,5,297,5,NaN,NaN,NaN,NaN,NaN,NaN,NaN,NaN,NaN,NaN,DB,NW,b,b,NaN,NaN,NaN,NaN,NaN,NaN,
2012091006,c0e.2012,9X-C0E,TS,NN,12.2,264.5,20,1009,292,5,292,5,NaN,NaN,NaN,NaN,NaN,NaN,NaN,NaN,NaN,NaN,DB,NW,b,b,NaN,NaN,NaN,NaN,NaN,NaN,
2012091012,c0e.2012,9X-C0E,TS,NN,12.3,263.4,20,1008,281,8,281,8,NaN,NaN,NaN,NaN,NaN,NaN,NaN,NaN,NaN,NaN,DB,NW,b,b,NaN,NaN,NaN,NaN,NaN,NaN,
2012091018,c0e.2012,9X-C0E,TS,NN,12.4,261.9,20,1008,280,10,275,13,NaN,NaN,NaN,NaN,NaN,NaN,NaN,NaN,NaN,NaN,DB,NW,C,C,200,1012,NaN,S,60,NaN,
2012091100,c0e.2012,9X-C0E,TS,NN,12.6,260.8,25,1008,275,12,277,13,NaN,NaN,NaN,NaN,NaN,NaN,NaN,NaN,NaN,NaN,LO,NW,C,C,200,1012,NaN,S,60,NaN,
2012091106,c0e.2012,9X-C0E,TS,NN,12.8,259.8,25,1008,280,12,281,10,NaN,NaN,NaN,NaN,NaN,NaN,NaN,NaN,NaN,NaN,LO,NW,C,C,200,1012,NaN,M,60,NaN,
2012091112,c0e.2012,9X-C0E,TS,NN,14.1,258.2,25,1008,280,12,292,13,NaN,NaN,NaN,NaN,NaN,NaN,NaN,NaN,NaN,NaN,LO,NW,C,C,200,1012,NaN,M,60,NaN,
2012091118,c0e.2012,9X-C0E,TS,NN,15.4,256.6,25,1008,311,8,304,16,NaN,NaN,NaN,NaN,NaN,NaN,NaN,NaN,NaN,NaN,LO,NW,B,B,200,1012,NaN,M,60,NaN,
2012091200,c0e.2012,9X-C0E,TS,NN,15.9,256.0,25,1007,311,8,310,16,NaN,NaN,NaN,NaN,NaN,NaN,NaN,NaN,NaN,NaN,LO,NW,B,B,150,1009,NaN,M,40,NaN,
2012091206,c0e.2012,9X-C0E,TS,NN,16.5,255.3,30,1006,311,8,311,8,NaN,NaN,NaN,NaN,NaN,NaN,NaN,NaN,NaN,NaN,TD,NW,B,B,140,1010,NaN,M,60,NaN,
2012091212,11e.2012,KRISTY,TS,NN,17.1,254.6,35,1005,312,9,312,9,40,50,,,30,NaN,NaN,NaN,NaN,NaN,TS,WN,B,B,140,1010,NaN,M,60,LAA,
2012091218,11e.2012,KRISTY,TS,NN,17.7,253.8,40,1003,310,9,310,9,47,60,50,,30,NaN,NaN,NaN,NaN,NaN,TS,WN,B,B,140,1010,NaN,M,60,LAA,
2012091300,11e.2012,KRISTY,TS,NN,18.1,252.9,45,1002,302,10,302,10,55,70,70,30,50,NaN,NaN,NaN,NaN,NaN,TS,WN,B,B,130,1010,NaN,M,50,DPR,
2012091306,11e.2012,KRISTY,TS,NN,18.4,252.0,45,1002,292,9,292,9,55,70,70,30,50,NaN,NaN,NaN,NaN,NaN,TS,WN,B,B,130,1010,NaN,D,50,DPB,
2012091312,11e.2012,KRISTY,TS,NN,18.7,251.1,45,1002,289,9,289,9,60,80,80,30,50,NaN,NaN,NaN,NaN,NaN,TS,WN,B,B,130,1010,NaN,D,50,LAA,
2012091318,11e.2012,KRISTY,TS,NN,19.1,250.2,45,1001,292,9,292,9,60,80,80,30,50,NaN,NaN,NaN,NaN,NaN,TS,WN,B,B,140,1010,NaN,D,50,RJB,
2012091400,11e.2012,KRISTY,TS,NN,19.5,249.3,45,999,295,9,295,9,65,90,90,30,50,NaN,NaN,NaN,NaN,NaN,TS,WN,B,B,180,1009,NaN,D,20,ESB,
2012091406,11e.2012,KRISTY,TS,NN,19.8,248.5,50,998,294,9,294,9,68,100,90,30,50,30,30,,30,,TS,WN,B,B,180,1010,NaN,D,30,TBK,
2012091412,11e.2012,KRISTY,TS,NN,20.1,247.8,50,998,293,8,293,8,65,100,90,30,40,30,30,,30,,TS,WN,B,B,180,1010,NaN,D,30,LAA,
2012091418,11e.2012,KRISTY,TS,NN,20.5,247.2,45,1000,300,7,300,7,67,100,70,,30,NaN,NaN,NaN,NaN,NaN,TS,WN,B,B,180,1010,NaN,D,30,LAA,
2012091500,11e.2012,KRISTY,TS,NN,20.9,246.5,45,1001,303,7,303,7,63,100,60,,30,NaN,NaN,NaN,NaN,NaN,TS,WN,B,B,150,1011,NaN,D,30,ESB,
2012091506,11e.2012,KRISTY,TS,NN,21.5,245.8,45,1002,307,8,307,8,60,90,60,,30,NaN,NaN,NaN,NaN,NaN,TS,WN,B,B,150,1011,NaN,D,30,TBK,
2012091512,11e.2012,KRISTY,TS,NN,22.1,245.2,45,1003,315,9,315,9,60,90,60,,30,NaN,NaN,NaN,NaN,NaN,TS,WN,B,B,150,1011,NaN,D,30,LAA,
2012091518,11e.2012,KRISTY,TS,NN,22.8,244.6,40,1003,319,9,319,9,57,80,60,,30,NaN,NaN,NaN,NaN,NaN,TS,WN,B,B,150,1011,NaN,M,30,LAA,
2012091600,11e.2012,KRISTY,TS,NN,23.4,244.0,35,1004,320,9,320,9,70,80,60,,,NaN,NaN,NaN,NaN,NaN,TS,WN,B,B,150,1010,NaN,M,35,ESB,
2012091606,11e.2012,KRISTY,TS,NN,23.9,243.3,35,1005,313,8,313,8,65,80,50,,,NaN,NaN,NaN,NaN,NaN,TS,WN,B,B,150,1012,NaN,M,35,TBK,
2012091612,11e.2012,KRISTY,TS,NN,24.3,242.5,35,1006,303,8,303,8,65,80,50,,,NaN,NaN,NaN,NaN,NaN,TS,WN,B,B,150,1012,NaN,M,35,DPR,
2012091618,11e.2012,KRISTY,TS,NN,24.7,241.8,30,1007,300,8,300,8,NaN,NaN,NaN,NaN,NaN,NaN,NaN,NaN,NaN,NaN,TD,WN,B,B,150,1012,NaN,M,40,DPR,
2012091700,11e.2012,KRISTY,TS,NN,25.1,241.1,30,1008,302,8,302,8,NaN,NaN,NaN,NaN,NaN,NaN,NaN,NaN,NaN,NaN,TD,WN,B,B,120,1013,NaN,M,40,ESB,
2012091706,11e.2012,KRISTY,TS,NN,25.6,240.6,30,1009,310,7,310,7,NaN,NaN,NaN,NaN,NaN,NaN,NaN,NaN,NaN,NaN,LO,WN,B,B,130,1013,NaN,S,40,TBK,
2012091712,11e.2012,KRISTY,TS,NN,26.0,240.4,30,1009,325,5,325,5,NaN,NaN,NaN,NaN,NaN,NaN,NaN,NaN,NaN,NaN,LO,WN,B,B,130,1013,NaN,S,40,RJP,
2012091718,11e.2012,KRISTY,TS,NN,26.3,240.4,30,1009,346,4,346,4,NaN,NaN,NaN,NaN,NaN,NaN,NaN,NaN,NaN,NaN,LO,NW,B,B,NaN,NaN,NaN,NaN,NaN,NaN,
2012091800,11e.2012,KRISTY,TS,NN,26.5,240.7,25,1010,28,3,28,3,NaN,NaN,NaN,NaN,NaN,NaN,NaN,NaN,NaN,NaN,LO,NW,B,B,NaN,NaN,NaN,NaN,NaN,NaN,
2012091806,11e.2012,KRISTY,TS,NN,26.4,241.0,25,1010,79,3,79,3,NaN,NaN,NaN,NaN,NaN,NaN,NaN,NaN,NaN,NaN,LO,NW,B,B,NaN,NaN,NaN,NaN,NaN,NaN,
2012091812,11e.2012,KRISTY,TS,NN,26.1,241.4,25,1010,123,4,123,4,NaN,NaN,NaN,NaN,NaN,NaN,NaN,NaN,NaN,NaN,LO,NW,B,B,NaN,NaN,NaN,NaN,NaN,NaN,
2012091818,11e.2012,KRISTY,TS,NN,25.7,241.7,25,1010,138,5,138,5,NaN,NaN,NaN,NaN,NaN,NaN,NaN,NaN,NaN,NaN,LO,NW,B,B,NaN,NaN,NaN,NaN,NaN,NaN,
2012091900,11e.2012,KRISTY,TS,NN,25.2,242.0,25,1010,149,5,149,5,NaN,NaN,NaN,NaN,NaN,NaN,NaN,NaN,NaN,NaN,LO,NW,B,B,NaN,NaN,NaN,NaN,NaN,NaN,
2012091906,11e.2012,KRISTY,TS,NN,24.6,242.4,25,1010,150,6,150,6,NaN,NaN,NaN,NaN,NaN,NaN,NaN,NaN,NaN,NaN,LO,NW,B,B,NaN,NaN,NaN,NaN,NaN,NaN,
2012091912,11e.2012,KRISTY,TS,NN,23.8,243.0,25,1010,147,8,147,8,NaN,NaN,NaN,NaN,NaN,NaN,NaN,NaN,NaN,NaN,LO,NW,B,B,NaN,NaN,NaN,NaN,NaN,NaN,
2012091918,11e.2012,KRISTY,TS,NN,23.1,243.4,20,1011,149,9,149,9,NaN,NaN,NaN,NaN,NaN,NaN,NaN,NaN,NaN,NaN,LO,NW,B,B,NaN,NaN,NaN,NaN,NaN,NaN,
2012091300,b1e.2012,9X-B1E,TY,NN,16.1,246.1,25,1009,253,11,253,11,NaN,NaN,NaN,NaN,NaN,NaN,NaN,NaN,NaN,NaN,DB,NW,b,b,NaN,NaN,NaN,NaN,NaN,NaN,
2012091306,b1e.2012,9X-B1E,TY,NN,16.0,245.0,25,1009,253,11,253,11,NaN,NaN,NaN,NaN,NaN,NaN,NaN,NaN,NaN,NaN,DB,NW,b,b,NaN,NaN,NaN,NaN,NaN,NaN,
2012091312,b1e.2012,9X-B1E,TY,NN,15.5,244.0,25,1009,253,11,253,11,NaN,NaN,NaN,NaN,NaN,NaN,NaN,NaN,NaN,NaN,DB,NW,b,b,NaN,NaN,NaN,NaN,NaN,NaN,
2012091318,b1e.2012,9X-B1E,TY,NN,14.8,242.7,25,1009,250,12,242,13,NaN,NaN,NaN,NaN,NaN,NaN,NaN,NaN,NaN,NaN,DB,NW,C,C,120,1011,NaN,S,75,NaN,
2012091400,b1e.2012,9X-B1E,TY,NN,14.9,241.8,30,1007,250,11,254,11,NaN,NaN,NaN,NaN,NaN,NaN,NaN,NaN,NaN,NaN,LO,NW,C,C,120,1010,NaN,M,60,NaN,
2012091406,b1e.2012,9X-B1E,TY,NN,14.8,240.8,30,1007,265,11,270,9,NaN,NaN,NaN,NaN,NaN,NaN,NaN,NaN,NaN,NaN,LO,NW,C,C,150,1010,NaN,M,60,NaN,
2012091412,b1e.2012,9X-B1E,TY,NN,14.7,240.8,30,1007,260,7,258,5,NaN,NaN,NaN,NaN,NaN,NaN,NaN,NaN,NaN,NaN,LO,NW,C,C,180,1010,NaN,M,60,NaN,
2012091418,b1e.2012,9X-B1E,TY,NN,14.6,240.2,30,1007,265,6,251,3,NaN,NaN,NaN,NaN,NaN,NaN,NaN,NaN,NaN,NaN,LO,NW,C,C,180,1010,NaN,M,60,NaN,
2012091500,b1e.2012,9X-B1E,TY,NN,13.8,238.2,30,1007,255,10,250,13,NaN,NaN,NaN,NaN,NaN,NaN,NaN,NaN,NaN,NaN,LO,NW,C,C,180,1010,NaN,M,60,NaN,
2012091506,b1e.2012,9X-B1E,TY,NN,13.6,237.5,30,1005,255,9,249,14,NaN,NaN,NaN,NaN,NaN,NaN,NaN,NaN,NaN,NaN,LO,NW,C,C,180,1010,NaN,M,40,NaN,
2012091512,12e.2012,LANE,TY,NN,13.2,237.2,30,1006,263,4,238,6,NaN,NaN,NaN,NaN,NaN,NaN,NaN,NaN,NaN,NaN,TD,WN,B,B,150,1010,NaN,M,30,LAA,
2012091518,12e.2012,LANE,TY,NN,13.1,236.8,35,1004,263,4,234,4,45,50,50,30,50,NaN,NaN,NaN,NaN,NaN,TS,WN,B,B,150,1010,NaN,M,30,LAA,
2012091600,12e.2012,LANE,TY,NN,13.1,236.4,40,1002,263,4,263,4,45,50,50,30,50,NaN,NaN,NaN,NaN,NaN,TS,WN,B,B,150,1008,NaN,M,30,ESB,
2012091606,12e.2012,LANE,TY,NN,13.3,235.8,50,1001,282,5,282,5,42,50,50,30,40,27,30,30,30,20,TS,WN,B,B,175,1011,NaN,M,30,TBK,
2012091612,12e.2012,LANE,TY,NN,13.7,235.3,50,1001,299,6,299,6,45,50,70,30,30,30,30,30,30,,TS,WN,B,B,175,1011,NaN,M,30,DPR,
2012091618,12e.2012,LANE,TY,NN,14.1,234.8,55,997,309,6,309,6,48,60,70,30,30,30,30,30,30,,TS,WN,B,B,175,1011,NaN,M,30,DPR,
2012091700,12e.2012,LANE,TY,NN,14.7,234.4,60,995,319,7,319,7,50,70,70,30,30,30,30,30,30,,TS,WN,B,B,160,1010,NaN,M,30,ESB,
2012091706,12e.2012,LANE,TY,NN,15.5,234.0,65,993,331,8,331,8,50,70,70,30,30,30,30,30,30,,HU,WN,B,B,140,1011,NaN,M,15,TBK,
2012091712,12e.2012,LANE,TY,NN,16.4,233.6,65,993,336,9,336,9,50,70,70,30,30,27,30,30,30,20,HU,WN,B,B,140,1011,NaN,M,15,RJP,
2012091718,12e.2012,LANE,TY,NN,17.2,233.1,70,988,333,10,333,10,55,70,70,40,40,25,30,30,40,20,HU,WN,B,B,140,1011,NaN,D,15,SRS,
2012091800,12e.2012,LANE,TY,NN,18.0,232.6,75,985,329,9,329,9,55,70,70,40,40,25,30,30,40,20,HU,WN,B,B,140,1011,NaN,D,15,ESB,
2012091806,12e.2012,LANE,TY,NN,18.8,232.1,65,989,329,9,329,9,55,70,70,40,40,25,30,30,40,20,HU,WN,B,B,140,1011,NaN,D,15,LAA,
2012091812,12e.2012,LANE,TY,NN,19.6,231.6,55,995,329,9,329,9,48,60,50,30,50,22,30,20,30,20,TS,WN,B,B,140,1011,NaN,D,15,SRS,
2012091818,12e.2012,LANE,TY,NN,20.1,231.0,45,999,321,8,321,8,40,50,40,30,40,NaN,NaN,NaN,NaN,NaN,TS,WN,B,B,140,1011,NaN,M,25,SRS,
2012091900,12e.2012,LANE,TY,NN,20.5,230.3,40,1005,306,8,306,8,32,40,30,30,30,NaN,NaN,NaN,NaN,NaN,TS,WN,B,B,120,1012,NaN,M,25,MJB,
2012091906,12e.2012,LANE,TY,NN,20.7,229.5,30,1009,293,8,293,8,NaN,NaN,NaN,NaN,NaN,NaN,NaN,NaN,NaN,NaN,LO,WN,B,B,100,1014,NaN,M,25,RJB,
2012091912,12e.2012,LANE,TY,NN,20.8,229.0,30,1010,284,6,284,6,NaN,NaN,NaN,NaN,NaN,NaN,NaN,NaN,NaN,NaN,LO,WN,B,B,100,1014,NaN,S,30,SRS,
2012091918,12e.2012,LANE,TY,NN,20.9,228.5,30,1011,282,5,282,5,NaN,NaN,NaN,NaN,NaN,NaN,NaN,NaN,NaN,NaN,LO,NW,B,B,NaN,NaN,NaN,NaN,NaN,NaN,
2012092000,12e.2012,LANE,TY,NN,21.0,227.8,30,1012,280,6,280,6,NaN,NaN,NaN,NaN,NaN,NaN,NaN,NaN,NaN,NaN,LO,NW,B,B,NaN,NaN,NaN,NaN,NaN,NaN,
2012092006,12e.2012,LANE,TY,NN,21.0,227.0,25,1013,274,7,274,7,NaN,NaN,NaN,NaN,NaN,NaN,NaN,NaN,NaN,NaN,LO,NW,B,B,NaN,NaN,NaN,NaN,NaN,NaN,
2012091818,c3e.2012,9X-C3E,TY,NN,12.0,265.0,15,1010,270,5,270,5,NaN,NaN,NaN,NaN,NaN,NaN,NaN,NaN,NaN,NaN,LO,NW,b,b,NaN,NaN,NaN,NaN,NaN,NaN,
2012091900,c3e.2012,9X-C3E,TY,NN,12.0,264.5,15,1010,270,5,270,5,NaN,NaN,NaN,NaN,NaN,NaN,NaN,NaN,NaN,NaN,LO,NW,b,b,NaN,NaN,NaN,NaN,NaN,NaN,
2012091906,c3e.2012,9X-C3E,TY,NN,12.0,264.0,15,1010,270,5,270,5,NaN,NaN,NaN,NaN,NaN,NaN,NaN,NaN,NaN,NaN,LO,NW,b,b,NaN,NaN,NaN,NaN,NaN,NaN,
2012091912,c3e.2012,9X-C3E,TY,NN,12.0,263.5,20,1009,270,5,270,5,NaN,NaN,NaN,NaN,NaN,NaN,NaN,NaN,NaN,NaN,LO,NW,b,b,NaN,NaN,NaN,NaN,NaN,NaN,
2012091918,c3e.2012,9X-C3E,TY,NN,12.0,263.0,20,1009,270,5,270,5,NaN,NaN,NaN,NaN,NaN,NaN,NaN,NaN,NaN,NaN,LO,NW,C,C,200,1012,NaN,S,60,NaN,
2012092000,c3e.2012,9X-C3E,TY,NN,12.1,262.2,20,1009,275,6,274,6,NaN,NaN,NaN,NaN,NaN,NaN,NaN,NaN,NaN,NaN,LO,NW,C,C,200,1012,NaN,S,60,NaN,
2012092006,c3e.2012,9X-C3E,TY,NN,13.0,259.8,20,1009,288,16,288,16,NaN,NaN,NaN,NaN,NaN,NaN,NaN,NaN,NaN,NaN,LO,NW,b,b,NaN,NaN,NaN,NaN,NaN,NaN,
2012092012,c3e.2012,9X-C3E,TY,NN,13.4,258.4,20,1009,289,20,289,20,NaN,NaN,NaN,NaN,NaN,NaN,NaN,NaN,NaN,NaN,LO,NW,b,b,NaN,NaN,NaN,NaN,NaN,NaN,
2012092018,c3e.2012,9X-C3E,TY,NN,13.6,257.2,25,1008,285,12,283,13,NaN,NaN,NaN,NaN,NaN,NaN,NaN,NaN,NaN,NaN,LO,NW,C,C,180,1011,NaN,M,50,NaN,
2012092100,c3e.2012,9X-C3E,TY,NN,13.6,256.7,25,1007,280,10,277,8,NaN,NaN,NaN,NaN,NaN,NaN,NaN,NaN,NaN,NaN,LO,NW,C,C,240,1009,NaN,M,50,NaN,
2012092106,c3e.2012,9X-C3E,TY,NN,13.7,255.5,25,1006,275,9,273,8,NaN,NaN,NaN,NaN,NaN,NaN,NaN,NaN,NaN,NaN,LO,NW,C,C,240,1009,NaN,M,50,NaN,
2012092112,c3e.2012,9X-C3E,TY,NN,13.7,255.3,25,1006,275,7,274,7,NaN,NaN,NaN,NaN,NaN,NaN,NaN,NaN,NaN,NaN,LO,NW,C,C,240,1008,NaN,M,60,NaN,
2012092118,c3e.2012,9X-C3E,TY,NN,13.3,254.1,25,1006,270,8,254,7,NaN,NaN,NaN,NaN,NaN,NaN,NaN,NaN,NaN,NaN,DB,NW,C,C,220,1008,NaN,S,60,NaN,
2012092200,13e.2012,MIRIAM,TY,NN,13.5,253.6,30,1005,309,3,263,8,NaN,NaN,NaN,NaN,NaN,NaN,NaN,NaN,NaN,NaN,TD,WN,B,B,200,1008,NaN,M,60,JPC,
2012092206,13e.2012,MIRIAM,TY,NN,13.7,253.4,30,1005,309,3,300,4,NaN,NaN,NaN,NaN,NaN,NaN,NaN,NaN,NaN,NaN,TD,WN,B,B,200,1008,NaN,M,60,LAA,
2012092212,13e.2012,MIRIAM,TY,NN,13.9,253.1,35,1003,309,3,309,3,30,30,,,,NaN,NaN,NaN,NaN,NaN,TS,WN,B,B,220,1008,NaN,M,30,MJB,
2012092218,13e.2012,MIRIAM,TY,NN,14.2,252.6,35,1003,303,5,303,5,45,30,60,,,NaN,NaN,NaN,NaN,NaN,TS,WN,B,B,230,1008,NaN,M,45,MJB,
2012092300,13e.2012,MIRIAM,TY,NN,14.6,252.0,40,1002,303,6,303,6,53,60,60,,40,NaN,NaN,NaN,NaN,NaN,TS,WN,B,B,250,1008,NaN,M,45,JPC,
2012092306,13e.2012,MIRIAM,TY,NN,15.0,251.4,45,1000,305,7,305,7,45,60,60,20,40,NaN,NaN,NaN,NaN,NaN,TS,WN,B,B,250,1008,NaN,M,45,SRS,
2012092312,13e.2012,MIRIAM,TY,NN,15.4,250.7,55,995,303,7,303,7,45,60,60,20,40,23,30,20,20,20,TS,WN,B,B,250,1008,NaN,M,30,TBK,
2012092318,13e.2012,MIRIAM,TY,NN,15.9,250.0,60,991,304,8,304,8,52,70,60,30,50,23,30,20,30,20,TS,WN,B,B,240,1009,NaN,M,30,TBK,
2012092400,13e.2012,MIRIAM,TY,NN,16.4,249.2,75,981,305,9,305,9,78,90,80,60,80,40,50,40,60,40,HU,WN,B,B,240,1009,NaN,M,20,JPC,
2012092406,13e.2012,MIRIAM,TY,NN,17.0,248.3,90,971,304,10,304,10,88,100,90,70,90,40,50,40,70,40,HU,WN,B,B,250,1009,NaN,D,10,SRS,
2012092412,13e.2012,MIRIAM,TY,NN,17.5,247.5,105,959,304,10,304,10,88,100,90,70,90,40,50,40,70,40,HU,WN,B,B,250,1009,NaN,D,10,TBK,
2012092418,13e.2012,MIRIAM,TY,NN,17.9,246.9,100,960,304,8,304,8,92,110,100,70,90,45,60,50,70,40,HU,WN,B,B,240,1010,NaN,D,10,TBK,
2012092500,13e.2012,MIRIAM,TY,NN,18.2,246.3,100,962,302,7,302,7,95,110,100,80,90,48,60,50,80,40,HU,WN,B,B,300,1008,NaN,D,25,JPC,
2012092506,13e.2012,MIRIAM,TY,NN,18.4,246.0,95,965,300,5,300,5,92,100,100,80,90,50,50,50,80,50,HU,WN,B,B,300,1008,NaN,D,25,SRS,
2012092512,13e.2012,MIRIAM,TY,NN,18.6,245.6,85,969,301,4,301,4,92,100,90,90,90,48,50,40,90,50,HU,WN,B,B,250,1008,NaN,D,30,TBK,
2012092518,13e.2012,MIRIAM,TY,NN,18.8,245.2,75,976,298,4,298,4,80,90,80,70,80,42,50,40,70,50,HU,WN,B,B,250,1010,NaN,D,25,TBK,
2012092600,13e.2012,MIRIAM,TY,NN,19.0,245.0,65,985,305,3,305,3,80,90,80,70,80,42,50,40,70,50,HU,WN,B,B,250,1009,NaN,D,25,CWL,
2012092606,13e.2012,MIRIAM,TY,NN,19.3,244.8,60,990,323,3,323,3,80,90,80,70,80,42,50,40,70,50,TS,WN,B,B,250,1009,NaN,M,30,ESB,
2012092612,13e.2012,MIRIAM,TY,NN,19.8,244.7,55,992,341,4,341,4,75,90,70,60,80,38,40,30,60,50,TS,WN,B,B,250,1007,NaN,M,30,TBK,
2012092618,13e.2012,MIRIAM,TY,NN,20.4,244.8,50,994,360,6,360,5,75,90,70,60,80,35,40,30,60,40,TS,WN,B,B,240,1008,NaN,M,30,TBK,
2012092700,13e.2012,MIRIAM,TY,NN,21.1,244.5,45,997,352,7,352,7,78,90,70,60,90,NaN,NaN,NaN,NaN,NaN,TS,WN,B,B,240,1007,NaN,M,35,RJB,
2012092706,13e.2012,MIRIAM,TY,NN,21.5,244.3,40,997,337,6,337,6,78,90,70,60,90,NaN,NaN,NaN,NaN,NaN,TS,WN,B,B,200,1008,NaN,M,50,ESB,
2012092712,13e.2012,MIRIAM,TY,NN,22.0,243.9,35,998,328,5,328,5,70,80,60,50,90,NaN,NaN,NaN,NaN,NaN,TS,WN,B,B,160,1006,NaN,M,50,DPR,
2012092718,13e.2012,MIRIAM,TY,NN,22.1,243.3,30,998,303,6,303,6,NaN,NaN,NaN,NaN,NaN,NaN,NaN,NaN,NaN,NaN,LO,WN,B,B,150,1006,NaN,M,50,DPR,
2012092800,13e.2012,MIRIAM,TY,NN,22.0,243.4,30,999,270,2,270,2,NaN,NaN,NaN,NaN,NaN,NaN,NaN,NaN,NaN,NaN,LO,WN,B,B,140,1006,NaN,M,50,RJB,
2012092806,13e.2012,MIRIAM,TY,NN,21.8,243.4,30,999,163,2,163,2,NaN,NaN,NaN,NaN,NaN,NaN,NaN,NaN,NaN,NaN,LO,NW,B,B,NaN,NaN,NaN,NaN,NaN,NaN,
2012092812,13e.2012,MIRIAM,TY,NN,21.6,243.9,30,1000,131,3,131,3,NaN,NaN,NaN,NaN,NaN,NaN,NaN,NaN,NaN,NaN,LO,NW,B,B,NaN,NaN,NaN,NaN,NaN,NaN,
2012092818,13e.2012,MIRIAM,TY,NN,21.5,244.4,30,1000,108,5,108,5,NaN,NaN,NaN,NaN,NaN,NaN,NaN,NaN,NaN,NaN,LO,NW,B,B,NaN,NaN,NaN,NaN,NaN,NaN,
2012092900,13e.2012,MIRIAM,TY,NN,21.4,244.8,30,1001,103,4,103,4,NaN,NaN,NaN,NaN,NaN,NaN,NaN,NaN,NaN,NaN,LO,NW,B,B,NaN,NaN,NaN,NaN,NaN,NaN,
2012092906,13e.2012,MIRIAM,TY,NN,21.3,245.2,30,1001,105,4,105,4,NaN,NaN,NaN,NaN,NaN,NaN,NaN,NaN,NaN,NaN,LO,NW,B,B,NaN,NaN,NaN,NaN,NaN,NaN,
2012092912,13e.2012,MIRIAM,TY,NN,21.3,245.5,30,1002,99,3,99,3,NaN,NaN,NaN,NaN,NaN,NaN,NaN,NaN,NaN,NaN,LO,NW,B,B,NaN,NaN,NaN,NaN,NaN,NaN,
2012092918,13e.2012,MIRIAM,TY,NN,21.2,245.8,25,1003,100,3,100,3,NaN,NaN,NaN,NaN,NaN,NaN,NaN,NaN,NaN,NaN,LO,NW,B,B,NaN,NaN,NaN,NaN,NaN,NaN,
2012093000,13e.2012,MIRIAM,TY,NN,20.9,245.9,25,1004,137,3,137,3,NaN,NaN,NaN,NaN,NaN,NaN,NaN,NaN,NaN,NaN,LO,NW,B,B,NaN,NaN,NaN,NaN,NaN,NaN,
2012093006,13e.2012,MIRIAM,TY,NN,20.4,246.0,20,1005,167,4,167,4,NaN,NaN,NaN,NaN,NaN,NaN,NaN,NaN,NaN,NaN,LO,NW,B,B,NaN,NaN,NaN,NaN,NaN,NaN,
2012093012,13e.2012,MIRIAM,TY,NN,19.7,245.8,20,1006,184,6,184,6,NaN,NaN,NaN,NaN,NaN,NaN,NaN,NaN,NaN,NaN,LO,NW,B,B,NaN,NaN,NaN,NaN,NaN,NaN,
2012093018,13e.2012,MIRIAM,TY,NN,19.2,245.4,20,1007,205,7,205,7,NaN,NaN,NaN,NaN,NaN,NaN,NaN,NaN,NaN,NaN,LO,NW,B,B,NaN,NaN,NaN,NaN,NaN,NaN,
2012100100,13e.2012,MIRIAM,TY,NN,18.5,245.3,20,1008,201,6,201,6,NaN,NaN,NaN,NaN,NaN,NaN,NaN,NaN,NaN,NaN,LO,NW,B,B,NaN,NaN,NaN,NaN,NaN,NaN,
2012100106,13e.2012,MIRIAM,TY,NN,17.9,245.3,20,1009,184,7,184,7,NaN,NaN,NaN,NaN,NaN,NaN,NaN,NaN,NaN,NaN,LO,NW,B,B,NaN,NaN,NaN,NaN,NaN,NaN,
2012100112,13e.2012,MIRIAM,TY,NN,17.4,245.3,20,1010,180,5,180,6,NaN,NaN,NaN,NaN,NaN,NaN,NaN,NaN,NaN,NaN,LO,NW,B,B,NaN,NaN,NaN,NaN,NaN,NaN,
2012100118,13e.2012,MIRIAM,TY,NN,16.9,245.3,20,1010,180,5,180,5,NaN,NaN,NaN,NaN,NaN,NaN,NaN,NaN,NaN,NaN,LO,NW,B,B,NaN,NaN,NaN,NaN,NaN,NaN,
2012100200,13e.2012,MIRIAM,TY,NN,16.7,244.8,20,1010,214,4,214,4,NaN,NaN,NaN,NaN,NaN,NaN,NaN,NaN,NaN,NaN,LO,NW,B,B,NaN,NaN,NaN,NaN,NaN,NaN,
2012100206,13e.2012,MIRIAM,TY,NN,16.7,244.3,20,1010,258,5,258,5,NaN,NaN,NaN,NaN,NaN,NaN,NaN,NaN,NaN,NaN,LO,NW,B,B,NaN,NaN,NaN,NaN,NaN,NaN,
2012100212,13e.2012,MIRIAM,TY,NN,16.7,243.8,20,1010,270,5,270,5,NaN,NaN,NaN,NaN,NaN,NaN,NaN,NaN,NaN,NaN,LO,NW,B,B,NaN,NaN,NaN,NaN,NaN,NaN,
2012100218,13e.2012,MIRIAM,TY,NN,16.7,243.3,20,1010,270,5,270,5,NaN,NaN,NaN,NaN,NaN,NaN,NaN,NaN,NaN,NaN,LO,NW,B,B,NaN,NaN,NaN,NaN,NaN,NaN,
2012092518,c4e.2012,9X-C4E,TS,NN,11.8,258.5,25,1009,282,10,282,10,NaN,NaN,NaN,NaN,NaN,NaN,NaN,NaN,NaN,NaN,DB,NW,b,b,NaN,NaN,NaN,NaN,NaN,NaN,
2012092600,c4e.2012,9X-C4E,TS,NN,12.0,257.5,25,1009,282,10,282,10,NaN,NaN,NaN,NaN,NaN,NaN,NaN,NaN,NaN,NaN,DB,NW,b,b,NaN,NaN,NaN,NaN,NaN,NaN,
2012092606,c4e.2012,9X-C4E,TS,NN,12.2,256.5,25,1009,282,10,282,10,NaN,NaN,NaN,NaN,NaN,NaN,NaN,NaN,NaN,NaN,DB,NW,b,b,NaN,NaN,NaN,NaN,NaN,NaN,
2012092612,c4e.2012,9X-C4E,TS,NN,12.6,255.7,25,1009,289,9,289,9,NaN,NaN,NaN,NaN,NaN,NaN,NaN,NaN,NaN,NaN,DB,NW,b,b,NaN,NaN,NaN,NaN,75,NaN,
2012092618,c4e.2012,9X-C4E,TS,NN,12.6,254.8,25,1009,285,9,284,9,NaN,NaN,NaN,NaN,NaN,NaN,NaN,NaN,NaN,NaN,DB,NW,C,C,200,1013,NaN,M,75,NaN,
2012092700,c4e.2012,9X-C4E,TS,NN,13.4,254.1,25,1007,295,9,297,9,NaN,NaN,NaN,NaN,NaN,NaN,NaN,NaN,NaN,NaN,DB,NW,C,C,240,1009,NaN,M,75,NaN,
2012092706,c4e.2012,9X-C4E,TS,NN,14.6,253.8,25,1007,320,9,334,11,NaN,NaN,NaN,NaN,NaN,NaN,NaN,NaN,NaN,NaN,LO,NW,C,C,180,1010,NaN,M,90,NaN,
2012092712,c4e.2012,9X-C4E,TS,NN,16.5,252.9,25,1007,330,13,339,17,NaN,NaN,NaN,NaN,NaN,NaN,NaN,NaN,NaN,NaN,LO,NW,C,C,180,1010,NaN,M,90,NaN,
2012092718,c4e.2012,9X-C4E,TS,NN,17.6,252.4,25,1007,340,13,336,16,NaN,NaN,NaN,NaN,NaN,NaN,NaN,NaN,NaN,NaN,LO,NW,C,C,140,1008,NaN,M,60,NaN,
2012092800,c4e.2012,9X-C4E,TS,NN,19.1,252.0,30,1006,345,14,342,14,NaN,NaN,NaN,NaN,NaN,NaN,NaN,NaN,NaN,NaN,LO,NW,C,C,155,1008,NaN,M,150,NaN,
2012092806,c4e.2012,9X-C4E,TS,NN,21.5,251.3,45,997,2,12,345,20,93,120,120,,40,NaN,NaN,NaN,NaN,NaN,TS,NW,B,B,120,1010,NaN,M,40,NaN,
2012092812,14e.2012,NORMAN,TS,NN,22.7,251.4,45,997,2,12,351,18,87,100,120,,40,NaN,NaN,NaN,NaN,NaN,TS,WN,B,B,120,1006,NaN,M,50,MJB,
2012092818,14e.2012,NORMAN,TS,NN,23.9,251.4,40,999,2,12,2,12,67,70,100,,30,NaN,NaN,NaN,NaN,NaN,TS,WN,B,B,120,1006,NaN,M,50,DPR,
2012092900,14e.2012,NORMAN,TS,NN,24.9,251.1,35,1001,353,11,353,11,75,50,100,,,NaN,NaN,NaN,NaN,NaN,TS,WN,B,B,90,1007,0.05,M,40,RJB,
2012092906,14e.2012,NORMAN,TS,NN,25.8,250.6,30,1003,339,10,339,10,NaN,NaN,NaN,NaN,NaN,NaN,NaN,NaN,NaN,NaN,TD,WN,B,B,100,1009,0.28,S,60,ESB,
2012092912,14e.2012,NORMAN,TS,NN,26.1,249.8,25,1005,316,8,316,8,NaN,NaN,NaN,NaN,NaN,NaN,NaN,NaN,NaN,NaN,LO,WN,B,B,120,1010,NaN,S,60,JPC,
2012092918,14e.2012,NORMAN,TS,NN,25.9,249.2,25,1007,275,6,275,6,NaN,NaN,NaN,NaN,NaN,NaN,NaN,NaN,NaN,NaN,LO,WN,B,B,90,1011,0.20,S,60,JPC,
2012093000,14e.2012,NORMAN,TS,NN,25.7,248.7,20,1008,248,5,248,5,NaN,NaN,NaN,NaN,NaN,NaN,NaN,NaN,NaN,NaN,LO,NW,B,B,NaN,NaN,0.89,NaN,NaN,NaN,
2012093006,14e.2012,NORMAN,TS,NN,25.5,248.3,20,1009,244,5,244,5,NaN,NaN,NaN,NaN,NaN,NaN,NaN,NaN,NaN,NaN,LO,NW,B,B,NaN,NaN,0.89,NaN,NaN,NaN,
2012100500,c6e.2012,9X-C6E,TS,NN,13.2,249.3,20,1009,272,16,272,16,NaN,NaN,NaN,NaN,NaN,NaN,NaN,NaN,NaN,NaN,DB,NW,b,b,NaN,NaN,NaN,NaN,NaN,NaN,
2012100506,c6e.2012,9X-C6E,TS,NN,13.3,247.6,25,1009,272,16,272,16,NaN,NaN,NaN,NaN,NaN,NaN,NaN,NaN,NaN,NaN,DB,NW,b,b,NaN,NaN,NaN,NaN,NaN,NaN,
2012100512,c6e.2012,9X-C6E,TS,NN,13.3,246.0,25,1009,272,16,272,16,NaN,NaN,NaN,NaN,NaN,NaN,NaN,NaN,NaN,NaN,DB,NW,b,b,NaN,NaN,NaN,NaN,NaN,NaN,
2012100518,c6e.2012,9X-C6E,TS,NN,13.2,244.5,30,1008,270,16,268,15,NaN,NaN,NaN,NaN,NaN,NaN,NaN,NaN,NaN,NaN,DB,NW,C,C,180,1011,NaN,S,50,NaN,
2012100600,c6e.2012,9X-C6E,TS,NN,13.5,243.5,30,1008,275,13,275,12,NaN,NaN,NaN,NaN,NaN,NaN,NaN,NaN,NaN,NaN,DB,NW,C,C,180,1011,NaN,S,50,NaN,
2012100606,c6e.2012,9X-C6E,TS,NN,13.8,242.5,30,1008,280,11,287,10,NaN,NaN,NaN,NaN,NaN,NaN,NaN,NaN,NaN,NaN,DB,NW,C,C,180,1011,NaN,S,50,NaN,
2012100612,15e.2012,OLIVIA,TS,NN,13.5,242.0,30,1006,281,10,270,7,NaN,NaN,NaN,NaN,NaN,NaN,NaN,NaN,NaN,NaN,TD,WN,B,B,180,1011,NaN,M,50,LAA,
2012100618,15e.2012,OLIVIA,TS,NN,13.7,240.7,35,1004,281,10,267,9,35,40,30,,,NaN,NaN,NaN,NaN,NaN,TS,WN,B,B,180,1009,NaN,M,60,JPC,
2012100700,15e.2012,OLIVIA,TS,NN,13.9,239.9,45,1000,281,10,281,10,38,50,40,20,40,NaN,NaN,NaN,NaN,NaN,TS,WN,B,B,180,1008,NaN,M,15,ESB,
2012100706,15e.2012,OLIVIA,TS,NN,14.2,239.3,50,998,290,7,290,7,65,80,60,50,70,20,20,,50,,TS,WN,B,B,120,1009,NaN,M,20,RJB,
2012100712,15e.2012,OLIVIA,TS,NN,14.6,239.2,50,997,316,5,316,5,65,80,60,50,70,20,20,,50,,TS,WN,B,B,150,1009,NaN,M,20,JPC,
2012100718,15e.2012,OLIVIA,TS,NN,15.3,239.2,50,997,355,6,355,6,65,80,60,50,70,20,20,,50,,TS,WN,B,B,150,1009,NaN,M,20,JPC,
2012100800,15e.2012,OLIVIA,TS,NN,15.9,239.2,50,998,360,6,360,7,58,80,40,40,70,20,20,,40,,TS,WN,B,B,140,1008,NaN,M,20,DPB,
2012100806,15e.2012,OLIVIA,TS,NN,16.2,239.1,50,999,354,5,354,5,45,70,20,20,70,30,30,,20,30,TS,WN,B,B,150,1011,NaN,M,30,RJB,
2012100812,15e.2012,OLIVIA,TS,NN,16.5,238.8,45,1002,327,4,327,4,45,70,20,20,70,NaN,NaN,NaN,NaN,NaN,TS,WN,B,B,150,1011,NaN,M,30,JPC,
2012100818,15e.2012,OLIVIA,TS,NN,16.3,238.8,40,1005,289,2,289,2,60,60,,,60,NaN,NaN,NaN,NaN,NaN,TS,WN,B,B,150,1011,NaN,M,30,JPC,
2012100900,15e.2012,OLIVIA,TS,NN,15.9,238.7,30,1007,189,3,189,3,NaN,NaN,NaN,NaN,NaN,NaN,NaN,NaN,NaN,NaN,LO,WN,B,B,150,1011,NaN,S,30,TBK,
2012100906,15e.2012,OLIVIA,TS,NN,15.4,238.3,30,1008,208,5,208,5,NaN,NaN,NaN,NaN,NaN,NaN,NaN,NaN,NaN,NaN,LO,WN,B,B,120,1012,NaN,S,30,RJB,
2012100912,15e.2012,OLIVIA,TS,NN,15.0,237.8,25,1009,224,6,224,6,NaN,NaN,NaN,NaN,NaN,NaN,NaN,NaN,NaN,NaN,LO,NW,B,B,NaN,NaN,NaN,NaN,NaN,NaN,
2012100918,15e.2012,OLIVIA,TS,NN,14.7,237.3,25,1009,234,6,234,6,NaN,NaN,NaN,NaN,NaN,NaN,NaN,NaN,NaN,NaN,LO,NW,B,B,NaN,NaN,NaN,NaN,NaN,NaN,
2012101000,15e.2012,OLIVIA,TS,NN,14.3,236.5,20,1009,241,7,241,7,NaN,NaN,NaN,NaN,NaN,NaN,NaN,NaN,NaN,NaN,LO,NW,B,B,NaN,NaN,NaN,NaN,NaN,NaN,
2012101006,15e.2012,OLIVIA,TS,NN,14.0,235.7,20,1009,246,9,246,9,NaN,NaN,NaN,NaN,NaN,NaN,NaN,NaN,NaN,NaN,LO,NW,B,B,NaN,NaN,NaN,NaN,NaN,NaN,
2012101012,15e.2012,OLIVIA,TS,NN,13.7,234.9,20,1009,249,8,249,8,NaN,NaN,NaN,NaN,NaN,NaN,NaN,NaN,NaN,NaN,LO,NW,B,B,NaN,NaN,NaN,NaN,NaN,NaN,
2012101106,c7e.2012,9X-C7E,TY,NN,11.6,258.3,20,1009,262,14,273,8,NaN,NaN,NaN,NaN,NaN,NaN,NaN,NaN,NaN,NaN,DB,NW,b,b,NaN,NaN,NaN,NaN,NaN,NaN,
2012101112,c7e.2012,9X-C7E,TY,NN,11.6,257.4,20,1008,268,56,273,8,NaN,NaN,NaN,NaN,NaN,NaN,NaN,NaN,NaN,NaN,DB,NW,b,b,NaN,NaN,NaN,NaN,NaN,NaN,
2012101118,c7e.2012,9X-C7E,TY,NN,11.7,256.6,20,1008,273,8,273,8,NaN,NaN,NaN,NaN,NaN,NaN,NaN,NaN,NaN,NaN,DB,NW,b,b,NaN,NaN,NaN,NaN,NaN,NaN,
2012101200,c7e.2012,9X-C7E,TY,NN,11.7,255.9,20,1008,275,8,274,7,NaN,NaN,NaN,NaN,NaN,NaN,NaN,NaN,NaN,NaN,DB,NW,C,C,110,1010,NaN,S,50,NaN,
2012101206,c7e.2012,9X-C7E,TY,NN,12.3,255.0,25,1007,280,8,291,8,NaN,NaN,NaN,NaN,NaN,NaN,NaN,NaN,NaN,NaN,DB,NW,C,C,150,1010,NaN,S,60,NaN,
2012101212,c7e.2012,9X-C7E,TY,NN,13.2,254.1,25,1007,310,12,310,12,NaN,NaN,NaN,NaN,NaN,NaN,NaN,NaN,NaN,NaN,DB,NW,b,b,NaN,NaN,NaN,NaN,NaN,NaN,
2012101218,c7e.2012,9X-C7E,TY,NN,13.6,253.2,25,1007,307,11,307,11,NaN,NaN,NaN,NaN,NaN,NaN,NaN,NaN,NaN,NaN,DB,NW,b,b,NaN,NaN,NaN,NaN,NaN,NaN,
2012101300,c7e.2012,9X-C7E,TY,NN,15.2,251.9,25,1007,315,14,313,15,NaN,NaN,NaN,NaN,NaN,NaN,NaN,NaN,NaN,NaN,DB,NW,C,C,150,1010,NaN,S,60,NaN,
2012101306,c7e.2012,9X-C7E,TY,NN,14.5,250.3,25,1007,290,13,288,15,NaN,NaN,NaN,NaN,NaN,NaN,NaN,NaN,NaN,NaN,DB,NW,C,C,150,1010,NaN,S,60,NaN,
2012101312,c7e.2012,9X-C7E,TY,NN,13.8,248.0,30,1006,277,9,250,20,NaN,NaN,NaN,NaN,NaN,NaN,NaN,NaN,NaN,NaN,TD,NW,B,B,150,1010,NaN,M,60,NaN,
2012101318,16e.2012,PAUL,TY,NN,13.9,246.9,35,1005,277,9,260,17,30,30,,,30,NaN,NaN,NaN,NaN,NaN,TS,WN,B,B,225,1010,NaN,M,30,JPC,
2012101400,16e.2012,PAUL,TY,NN,14.0,246.2,40,1003,277,9,277,9,50,40,,,60,NaN,NaN,NaN,NaN,NaN,TS,WN,B,B,325,1009,NaN,D,30,CWL,
2012101406,16e.2012,PAUL,TY,NN,14.1,245.8,45,1001,281,5,281,5,70,50,,,90,NaN,NaN,NaN,NaN,NaN,TS,WN,B,B,250,1011,NaN,D,30,TBK,
2012101412,16e.2012,PAUL,TY,NN,14.3,245.4,50,1001,291,4,291,4,55,60,30,40,90,30,30,,40,,TS,WN,B,B,250,1011,NaN,D,30,JPC,
2012101418,16e.2012,PAUL,TY,NN,14.6,245.0,55,996,303,5,303,5,58,70,40,40,80,30,30,,40,,TS,WN,B,B,250,1009,NaN,D,30,NaN,
2012101500,16e.2012,PAUL,TY,NN,15.1,244.9,60,991,329,5,329,5,62,80,50,50,70,28,40,30,50,20,TS,WN,B,B,260,1008,NaN,D,30,RJB,
2012101506,16e.2012,PAUL,TY,NN,15.8,244.9,65,988,355,6,355,6,65,80,60,50,70,30,40,40,50,20,HU,WN,B,B,260,1008,NaN,D,20,JPC,
2012101512,16e.2012,PAUL,TY,NN,16.8,245.2,80,979,10,9,10,9,68,70,70,60,70,32,40,40,60,30,HU,WN,B,B,280,1009,NaN,D,20,TBK,
2012101518,16e.2012,PAUL,TY,NN,17.9,245.6,105,959,18,11,18,11,68,60,80,60,70,35,40,40,60,30,HU,WN,B,B,290,1009,NaN,D,20,TBK,
2012101600,16e.2012,PAUL,TY,NN,19.2,246.2,100,960,22,13,22,13,65,70,80,60,50,35,40,40,60,30,HU,WN,B,B,300,1008,NaN,D,20,RJB,
2012101606,16e.2012,PAUL,TY,NN,20.7,246.9,100,962,24,15,24,15,75,90,100,60,50,40,50,50,60,30,HU,WN,B,B,300,1008,NaN,D,20,LAA,
2012101612,16e.2012,PAUL,TY,NN,22.7,247.5,85,971,19,19,19,19,75,90,100,60,50,40,50,50,60,30,HU,WN,B,B,300,1008,NaN,D,20,LAA,
2012101618,16e.2012,PAUL,TY,NN,24.2,247.6,70,982,10,18,10,18,68,90,100,40,40,40,50,50,40,30,HU,WN,B,B,300,1008,NaN,D,20,LAA,
2012101700,16e.2012,PAUL,TY,NN,25.2,247.5,55,988,360,12,360,12,75,120,100,40,40,35,50,50,40,20,TS,WN,B,B,200,1005,0.10,D,25,RJB,
2012101706,16e.2012,PAUL,TY,NN,26.0,247.0,40,990,343,9,343,9,75,120,100,40,40,NaN,NaN,NaN,NaN,NaN,LO,WN,B,B,200,1005,0.06,S,30,SRS,
2012101712,16e.2012,PAUL,TY,NN,26.7,246.3,35,993,324,9,324,9,43,40,50,40,,NaN,NaN,NaN,NaN,NaN,LO,WN,B,B,175,1005,0.19,S,30,JLB,
2012101718,16e.2012,PAUL,TY,NN,27.5,245.3,35,995,315,11,315,11,45,,50,40,,NaN,NaN,NaN,NaN,NaN,LO,WN,B,B,175,1008,0.47,S,40,JLB,
2012101800,16e.2012,PAUL,TY,NN,28.4,244.1,30,998,311,13,311,13,NaN,NaN,NaN,NaN,NaN,NaN,NaN,NaN,NaN,NaN,LO,NW,B,B,NaN,NaN,NaN,NaN,NaN,NaN,
2012102618,c8e.2012,9X-C8E,TS,NN,10.3,253.3,20,1009,278,7,278,7,NaN,NaN,NaN,NaN,NaN,NaN,NaN,NaN,NaN,NaN,DB,NW,b,b,NaN,NaN,NaN,NaN,NaN,NaN,
2012102700,c8e.2012,9X-C8E,TS,NN,10.4,252.6,20,1009,278,7,278,7,NaN,NaN,NaN,NaN,NaN,NaN,NaN,NaN,NaN,NaN,DB,NW,b,b,NaN,NaN,NaN,NaN,NaN,NaN,
2012102706,c8e.2012,9X-C8E,TS,NN,10.5,251.8,25,1008,278,7,278,7,NaN,NaN,NaN,NaN,NaN,NaN,NaN,NaN,NaN,NaN,LO,NW,b,b,NaN,NaN,NaN,NaN,NaN,NaN,
2012102712,c8e.2012,9X-C8E,TS,NN,10.7,251.1,25,1007,281,8,281,8,NaN,NaN,NaN,NaN,NaN,NaN,NaN,NaN,NaN,NaN,LO,NW,b,b,NaN,NaN,NaN,NaN,NaN,NaN,
2012102718,c8e.2012,9X-C8E,TS,NN,10.8,250.4,25,1007,280,7,282,7,NaN,NaN,NaN,NaN,NaN,NaN,NaN,NaN,NaN,NaN,LO,NW,C,C,150,1008,NaN,S,60,NaN,
2012102800,c8e.2012,9X-C8E,TS,NN,11.2,249.6,25,1007,290,8,289,8,NaN,NaN,NaN,NaN,NaN,NaN,NaN,NaN,NaN,NaN,LO,NW,C,C,150,1008,NaN,S,60,NaN,
2012102806,c8e.2012,9X-C8E,TS,NN,11.4,249.2,25,1006,290,7,297,7,NaN,NaN,NaN,NaN,NaN,NaN,NaN,NaN,NaN,NaN,LO,NW,C,C,150,1008,NaN,S,60,NaN,
2012102812,c8e.2012,9X-C8E,TS,NN,12.6,249.4,25,1006,290,9,352,7,NaN,NaN,NaN,NaN,NaN,NaN,NaN,NaN,NaN,NaN,LO,NW,C,C,175,1009,NaN,S,70,NaN,
2012102818,c8e.2012,9X-C8E,TS,NN,12.8,248.7,25,1006,290,9,341,7,NaN,NaN,NaN,NaN,NaN,NaN,NaN,NaN,NaN,NaN,LO,NW,C,C,175,1009,NaN,S,70,NaN,
2012102900,c8e.2012,9X-C8E,TS,NN,12.6,248.3,25,1006,295,7,270,5,NaN,NaN,NaN,NaN,NaN,NaN,NaN,NaN,NaN,NaN,LO,NW,C,C,170,1009,NaN,M,50,NaN,
2012102906,c8e.2012,9X-C8E,TS,NN,13.0,247.6,25,1006,295,8,281,5,NaN,NaN,NaN,NaN,NaN,NaN,NaN,NaN,NaN,NaN,LO,NW,C,C,170,1009,NaN,M,50,NaN,
2012102912,c8e.2012,9X-C8E,TS,NN,13.3,246.8,30,1006,290,9,296,8,NaN,NaN,NaN,NaN,NaN,NaN,NaN,NaN,NaN,NaN,LO,NW,C,C,175,1009,NaN,M,50,NaN,
2012102918,c8e.2012,9X-C8E,TS,NN,13.8,245.5,30,1006,292,5,291,11,NaN,NaN,NaN,NaN,NaN,NaN,NaN,NaN,NaN,NaN,LO,NW,B,B,175,1009,NaN,M,80,NaN,
2012103000,c8e.2012,9X-C8E,TS,NN,14.0,245.0,30,1006,292,5,292,9,NaN,NaN,NaN,NaN,NaN,NaN,NaN,NaN,NaN,NaN,LO,NW,B,B,175,1009,NaN,M,80,NaN,
2012103006,17e.2012,ROSA,TS,NN,14.2,244.5,30,1005,292,5,292,5,NaN,NaN,NaN,NaN,NaN,NaN,NaN,NaN,NaN,NaN,TD,WN,B,B,175,1009,NaN,M,60,RJB,
2012103012,17e.2012,ROSA,TS,NN,14.3,244.0,35,1004,287,5,287,5,53,70,60,,30,NaN,NaN,NaN,NaN,NaN,TS,WN,B,B,150,1010,NaN,M,40,ESB,
2012103018,17e.2012,ROSA,TS,NN,14.4,243.6,40,1003,283,4,283,4,53,70,60,,30,NaN,NaN,NaN,NaN,NaN,TS,WN,B,B,150,1011,NaN,M,40,ESB,
2012103100,17e.2012,ROSA,TS,NN,14.4,243.3,40,1003,278,3,278,3,63,70,60,,60,NaN,NaN,NaN,NaN,NaN,TS,WN,B,B,150,1011,NaN,M,40,NaN,
2012103106,17e.2012,ROSA,TS,NN,14.4,242.9,45,1001,270,3,270,3,70,70,80,,60,NaN,NaN,NaN,NaN,NaN,TS,WN,B,B,170,1012,NaN,M,60,NaN,
2012103112,17e.2012,ROSA,TS,NN,14.3,242.6,45,1001,262,3,262,3,70,70,80,,60,NaN,NaN,NaN,NaN,NaN,TS,WN,B,B,170,1011,NaN,M,60,ESB,
2012103118,17e.2012,ROSA,TS,NN,14.2,242.3,45,1002,251,3,251,3,70,70,80,,60,NaN,NaN,NaN,NaN,NaN,TS,WN,B,B,170,1011,NaN,M,70,ESB,
2012110100,17e.2012,ROSA,TS,NN,14.1,242.1,45,1002,248,3,248,3,63,70,60,,60,NaN,NaN,NaN,NaN,NaN,TS,WN,B,B,180,1011,NaN,M,60,NaN,
2012110106,17e.2012,ROSA,TS,NN,13.9,241.9,45,1002,232,2,232,2,63,70,60,,60,NaN,NaN,NaN,NaN,NaN,TS,WN,B,B,150,1012,NaN,M,30,RJB,
2012110112,17e.2012,ROSA,TS,NN,13.8,241.8,45,1002,224,2,224,2,63,70,60,,60,NaN,NaN,NaN,NaN,NaN,TS,WN,B,B,150,1012,NaN,M,40,ESB,
2012110118,17e.2012,ROSA,TS,NN,13.7,241.7,45,1002,224,1,224,1,53,60,40,,60,NaN,NaN,NaN,NaN,NaN,TS,WN,B,B,150,1012,NaN,M,40,ESB,
2012110200,17e.2012,ROSA,TS,NN,13.5,241.6,40,1003,213,2,213,2,53,60,40,,60,NaN,NaN,NaN,NaN,NaN,TS,WN,B,B,150,1011,NaN,M,40,MJB,
2012110206,17e.2012,ROSA,TS,NN,13.3,241.5,40,1003,206,2,206,2,53,60,40,,60,NaN,NaN,NaN,NaN,NaN,TS,WN,B,B,150,1012,NaN,M,40,RJB,
2012110212,17e.2012,ROSA,TS,NN,13.1,241.4,40,1003,206,2,206,2,40,40,,,40,NaN,NaN,NaN,NaN,NaN,TS,WN,B,B,180,1011,NaN,M,40,ESB,
2012110218,17e.2012,ROSA,TS,NN,12.9,241.1,40,1004,224,3,224,3,40,40,,,40,NaN,NaN,NaN,NaN,NaN,TS,WN,B,B,180,1011,NaN,M,25,ESB,
2012110300,17e.2012,ROSA,TS,NN,12.7,240.8,35,1005,236,4,236,4,40,40,,,40,NaN,NaN,NaN,NaN,NaN,TS,WN,B,B,180,1011,NaN,M,30,JPC,
2012110306,17e.2012,ROSA,TS,NN,12.6,240.4,35,1005,246,4,246,4,40,40,,,40,NaN,NaN,NaN,NaN,NaN,TS,WN,B,B,180,1011,NaN,M,30,DPR,
2012110312,17e.2012,ROSA,TS,NN,12.7,239.9,30,1007,270,4,270,4,NaN,NaN,NaN,NaN,NaN,NaN,NaN,NaN,NaN,NaN,TD,WN,B,B,150,1011,NaN,M,30,ESB,
2012110318,17e.2012,ROSA,TS,NN,12.7,239.4,30,1007,276,5,276,5,NaN,NaN,NaN,NaN,NaN,NaN,NaN,NaN,NaN,NaN,LO,WN,B,B,150,1011,NaN,M,30,RJP,
2012110400,17e.2012,ROSA,TS,NN,12.6,238.9,30,1008,264,5,264,5,NaN,NaN,NaN,NaN,NaN,NaN,NaN,NaN,NaN,NaN,LO,WN,B,B,150,1011,NaN,S,50,JPC,
2012110406,17e.2012,ROSA,TS,NN,12.4,238.7,25,1009,246,4,246,4,NaN,NaN,NaN,NaN,NaN,NaN,NaN,NaN,NaN,NaN,LO,WN,B,B,150,1011,NaN,S,60,SRS,
2012110412,17e.2012,ROSA,TS,NN,12.4,238.7,25,1009,224,1,224,1,NaN,NaN,NaN,NaN,NaN,NaN,NaN,NaN,NaN,NaN,LO,WN,B,B,150,1011,NaN,S,60,DPB,
2012110418,17e.2012,ROSA,TS,NN,12.5,238.6,25,1009,316,1,316,1,NaN,NaN,NaN,NaN,NaN,NaN,NaN,NaN,NaN,NaN,LO,WN,B,B,150,1010,NaN,S,70,DPB,
2012110500,17e.2012,ROSA,TS,NN,12.8,238.4,25,1009,324,2,324,2,NaN,NaN,NaN,NaN,NaN,NaN,NaN,NaN,NaN,NaN,LO,NW,B,B,NaN,NaN,NaN,NaN,NaN,NaN,
2012110506,17e.2012,ROSA,TS,NN,13.1,238.2,20,1010,327,4,327,4,NaN,NaN,NaN,NaN,NaN,NaN,NaN,NaN,NaN,NaN,LO,NW,B,B,NaN,NaN,NaN,NaN,NaN,NaN,
2012072906,a0c.2012,9X-A0C,TD,NONdev,13.1,216.2,20,1009,272,17,272,17,NaN,NaN,NaN,NaN,NaN,NaN,NaN,NaN,NaN,NaN,DB,NW,b,b,NaN,NaN,NaN,NaN,NaN,NaN,
2012072912,a0c.2012,9X-A0C,TD,NONdev,13.1,214.5,20,1009,272,17,272,17,NaN,NaN,NaN,NaN,NaN,NaN,NaN,NaN,NaN,NaN,DB,NW,b,b,NaN,NaN,NaN,NaN,NaN,NaN,
2012072918,a0c.2012,9X-A0C,TD,NONdev,13.2,212.7,25,1010,270,17,272,17,NaN,NaN,NaN,NaN,NaN,NaN,NaN,NaN,NaN,NaN,DB,NW,C,C,90,1011,NaN,S,45,NaN,
2012073000,a0c.2012,9X-A0C,TD,NONdev,13.6,211.0,25,1010,275,17,278,17,NaN,NaN,NaN,NaN,NaN,NaN,NaN,NaN,NaN,NaN,DB,NW,C,C,65,1011,NaN,S,60,NaN,
2012073006,a0c.2012,9X-A0C,TD,NONdev,13.4,209.1,25,1010,275,18,273,18,NaN,NaN,NaN,NaN,NaN,NaN,NaN,NaN,NaN,NaN,DB,NW,C,C,65,1011,NaN,S,60,NaN,
2012073012,a0c.2012,9X-A0C,TD,NONdev,13.5,207.3,25,1010,275,18,268,18,NaN,NaN,NaN,NaN,NaN,NaN,NaN,NaN,NaN,NaN,DB,NW,C,C,60,1011,NaN,S,45,NaN,
2012073018,a0c.2012,9X-A0C,TD,NONdev,13.7,205.5,25,1011,275,18,275,18,NaN,NaN,NaN,NaN,NaN,NaN,NaN,NaN,NaN,NaN,DB,NW,C,C,60,1012,NaN,S,45,NaN,
2012051012,a0e.2012,9X-A0E,TD,DEV,8.3,256.3,20,1009,292,3,292,3,NaN,NaN,NaN,NaN,NaN,NaN,NaN,NaN,NaN,NaN,LO,NW,b,b,NaN,NaN,NaN,NaN,NaN,NaN,
2012051018,a0e.2012,9X-A0E,TD,DEV,8.4,256.1,20,1009,292,3,292,3,NaN,NaN,NaN,NaN,NaN,NaN,NaN,NaN,NaN,NaN,LO,NW,b,b,NaN,NaN,NaN,NaN,NaN,NaN,
2012051100,a0e.2012,9X-A0E,TD,DEV,8.5,255.8,20,1008,292,3,292,3,NaN,NaN,NaN,NaN,NaN,NaN,NaN,NaN,NaN,NaN,LO,NW,b,b,NaN,NaN,NaN,NaN,NaN,NaN,
2012051106,a0e.2012,9X-A0E,TD,DEV,8.6,255.9,20,1010,315,1,315,1,NaN,NaN,NaN,NaN,NaN,NaN,NaN,NaN,NaN,NaN,DB,NW,b,b,180,1011,NaN,NaN,120,NaN,
2012051112,a0e.2012,9X-A0E,TD,DEV,8.7,255.2,20,1007,285,3,289,3,NaN,NaN,NaN,NaN,NaN,NaN,NaN,NaN,NaN,NaN,LO,NW,C,C,200,1010,NaN,M,120,NaN,
2012051118,a0e.2012,9X-A0E,TD,DEV,8.9,255.3,25,1006,310,2,297,3,NaN,NaN,NaN,NaN,NaN,NaN,NaN,NaN,NaN,NaN,LO,NW,C,C,200,1010,NaN,M,110,NaN,
2012051200,a0e.2012,9X-A0E,TD,DEV,9.1,255.1,25,1009,346,2,346,2,NaN,NaN,NaN,NaN,NaN,NaN,NaN,NaN,NaN,NaN,LO,NW,b,b,200,1010,NaN,NaN,100,NaN,
2012051206,a0e.2012,9X-A0E,TD,DEV,9.0,255.1,25,1009,295,2,297,1,NaN,NaN,NaN,NaN,NaN,NaN,NaN,NaN,NaN,NaN,LO,NW,C,C,200,1010,NaN,M,100,NaN,
2012051212,a0e.2012,9X-A0E,TD,DEV,9.8,254.8,25,1009,320,4,337,4,NaN,NaN,NaN,NaN,NaN,NaN,NaN,NaN,NaN,NaN,LO,NW,C,C,200,1010,NaN,M,100,NaN,
2012051218,a0e.2012,9X-A0E,TD,DEV,9.9,254.7,25,1009,325,4,336,5,NaN,NaN,NaN,NaN,NaN,NaN,NaN,NaN,NaN,NaN,LO,NW,C,C,200,1010,NaN,M,75,NaN,
2012051300,a0e.2012,9X-A0E,TD,DEV,10.2,254.6,25,1009,340,3,334,2,NaN,NaN,NaN,NaN,NaN,NaN,NaN,NaN,NaN,NaN,LO,NW,C,C,200,1010,NaN,M,75,NaN,
2012051306,a0e.2012,9X-A0E,TD,DEV,10.3,255.0,25,1009,36,2,36,2,NaN,NaN,NaN,NaN,NaN,NaN,NaN,NaN,NaN,NaN,LO,NW,b,b,200,1010,NaN,NaN,75,NaN,
2012051312,a0e.2012,9X-A0E,TD,DEV,10.5,255.2,25,1009,25,2,63,3,NaN,NaN,NaN,NaN,NaN,NaN,NaN,NaN,NaN,NaN,LO,NW,C,C,200,1010,NaN,M,75,NaN,
2012051318,a0e.2012,9X-A0E,TD,DEV,9.7,255.3,25,1008,0,0,154,3,NaN,NaN,NaN,NaN,NaN,NaN,NaN,NaN,NaN,NaN,LO,NW,C,C,200,1010,NaN,M,60,NaN,
2012051400,a0e.2012,9X-A0E,TD,DEV,9.8,255.1,25,1008,285,2,188,4,NaN,NaN,NaN,NaN,NaN,NaN,NaN,NaN,NaN,NaN,LO,NW,C,C,200,1010,NaN,M,60,NaN,
2012051406,a0e.2012,9X-A0E,TD,DEV,9.7,254.5,25,1007,290,3,270,4,NaN,NaN,NaN,NaN,NaN,NaN,NaN,NaN,NaN,NaN,LO,NW,C,C,180,1010,NaN,M,60,NaN,
2012080512,a1c.2012,9X-A1C,TD,NONdev,26.4,186.2,25,1011,47,4,47,4,NaN,NaN,NaN,NaN,NaN,NaN,NaN,NaN,NaN,NaN,LO,NW,b,b,NaN,NaN,NaN,NaN,50,NaN,
2012080518,a1c.2012,9X-A1C,TD,NONdev,26.5,186.5,30,1009,47,4,47,4,NaN,NaN,NaN,NaN,NaN,NaN,NaN,NaN,NaN,NaN,LO,NW,b,b,NaN,NaN,NaN,NaN,45,NaN,
2012080600,a1c.2012,9X-A1C,TD,NONdev,26.9,186.8,30,1009,47,4,47,4,NaN,NaN,NaN,NaN,NaN,NaN,NaN,NaN,NaN,NaN,LO,NW,b,b,NaN,NaN,NaN,NaN,NaN,NaN,
2012080606,a1c.2012,9X-A1C,TD,NONdev,27.4,186.8,30,1008,30,4,17,5,NaN,NaN,NaN,NaN,NaN,NaN,NaN,NaN,NaN,NaN,DB,NW,C,C,140,1012,NaN,M,45,NaN,
2012080612,a1c.2012,9X-A1C,TD,NONdev,27.1,185.2,30,1008,280,8,278,7,NaN,NaN,NaN,NaN,NaN,NaN,NaN,NaN,NaN,NaN,DB,NW,C,C,150,1012,NaN,M,60,NaN,
2012080618,a1c.2012,9X-A1C,TD,NONdev,26.9,183.8,30,1008,259,14,259,14,NaN,NaN,NaN,NaN,NaN,NaN,NaN,NaN,NaN,NaN,DB,NW,b,b,NaN,NaN,NaN,NaN,NaN,NaN,
2012080700,a1c.2012,9X-A1C,TD,NONdev,26.5,182.4,30,1008,257,13,257,13,NaN,NaN,NaN,NaN,NaN,NaN,NaN,NaN,NaN,NaN,DB,NW,b,b,NaN,NaN,NaN,NaN,NaN,NaN,
2012080706,a1c.2012,9X-A1C,TD,NONdev,25.9,181.2,30,1008,250,13,247,13,NaN,NaN,NaN,NaN,NaN,NaN,NaN,NaN,NaN,NaN,DB,NW,C,C,200,1012,NaN,S,60,NaN,
2012072700,a1e.2012,9X-A1E,TY,NONdev,15.0,245.0,25,1009,360,0,360,0,NaN,NaN,NaN,NaN,NaN,NaN,NaN,NaN,NaN,NaN,DB,NW,b,b,NaN,NaN,NaN,NaN,NaN,NaN,
2012072706,a1e.2012,9X-A1E,TY,NONdev,15.0,245.0,25,1009,360,0,360,0,NaN,NaN,NaN,NaN,NaN,NaN,NaN,NaN,NaN,NaN,DB,NW,b,b,NaN,NaN,NaN,NaN,NaN,NaN,
2012072712,a1e.2012,9X-A1E,TY,NONdev,15.0,245.0,50,996,0,0,360,0,75,75,,,,50,50,,,,DB,NW,C,C,150,1008,NaN,S,15,NaN,
2012072718,a1e.2012,9X-A1E,TY,NONdev,17.0,245.0,80,996,360,10,360,10,75,75,,,,NaN,NaN,NaN,NaN,NaN,DB,NW,b,b,150,1008,NaN,S,10,NaN,
2012101800,a2c.2012,9X-A2C,TD,NONdev,9.7,199.2,25,1009,278,3,278,3,NaN,NaN,NaN,NaN,NaN,NaN,NaN,NaN,NaN,NaN,DB,NW,b,b,NaN,NaN,NaN,NaN,NaN,NaN,
2012101806,a2c.2012,9X-A2C,TD,NONdev,9.7,198.9,25,1009,278,3,278,3,NaN,NaN,NaN,NaN,NaN,NaN,NaN,NaN,NaN,NaN,DB,NW,b,b,NaN,NaN,NaN,NaN,NaN,NaN,
2012101812,a2c.2012,9X-A2C,TD,NONdev,9.8,198.5,25,1009,278,3,278,3,NaN,NaN,NaN,NaN,NaN,NaN,NaN,NaN,NaN,NaN,DB,NW,b,b,NaN,NaN,NaN,NaN,NaN,NaN,
2012101818,a2c.2012,9X-A2C,TD,NONdev,9.8,198.2,25,1009,278,3,278,3,NaN,NaN,NaN,NaN,NaN,NaN,NaN,NaN,NaN,NaN,DB,NW,b,b,NaN,NaN,NaN,NaN,NaN,NaN,
2012101900,a2c.2012,9X-A2C,TD,NONdev,9.8,197.7,25,1009,275,4,270,4,NaN,NaN,NaN,NaN,NaN,NaN,NaN,NaN,NaN,NaN,DB,NW,C,C,125,1010,NaN,S,50,NaN,
2012101906,a2c.2012,9X-A2C,TD,NONdev,9.6,197.4,25,1009,260,4,256,4,NaN,NaN,NaN,NaN,NaN,NaN,NaN,NaN,NaN,NaN,DB,NW,C,C,125,1010,NaN,S,50,NaN,
2012101912,a2c.2012,9X-A2C,TD,NONdev,10.0,196.7,20,1009,280,5,281,5,NaN,NaN,NaN,NaN,NaN,NaN,NaN,NaN,NaN,NaN,DB,NW,C,C,125,1010,NaN,S,50,NaN,
2012051512,a2e.2012,9X-A2E,TD,DEV,8.8,265.4,25,1009,289,8,289,8,NaN,NaN,NaN,NaN,NaN,NaN,NaN,NaN,NaN,NaN,DB,NW,b,b,NaN,NaN,NaN,NaN,NaN,NaN,
2012051518,a2e.2012,9X-A2E,TD,DEV,9.0,264.6,25,1009,289,8,289,8,NaN,NaN,NaN,NaN,NaN,NaN,NaN,NaN,NaN,NaN,DB,NW,b,b,NaN,NaN,NaN,NaN,NaN,NaN,
2012051600,a2e.2012,9X-A2E,TD,DEV,9.3,263.9,25,1009,289,8,289,8,NaN,NaN,NaN,NaN,NaN,NaN,NaN,NaN,NaN,NaN,DB,NW,b,b,NaN,NaN,NaN,NaN,NaN,NaN,
2012051606,a2e.2012,9X-A2E,TD,DEV,9.6,263.4,25,1009,297,7,297,7,NaN,NaN,NaN,NaN,NaN,NaN,NaN,NaN,NaN,NaN,DB,NW,b,b,NaN,NaN,NaN,NaN,NaN,NaN,
2012051612,a2e.2012,9X-A2E,TD,DEV,9.9,262.9,25,1009,300,6,301,6,NaN,NaN,NaN,NaN,NaN,NaN,NaN,NaN,NaN,NaN,DB,NW,C,C,120,1010,NaN,S,50,NaN,
2012051618,a2e.2012,9X-A2E,TD,DEV,10.6,262.3,25,1009,310,7,313,7,NaN,NaN,NaN,NaN,NaN,NaN,NaN,NaN,NaN,NaN,DB,NW,C,C,120,1010,NaN,S,75,NaN,
2012051700,a2e.2012,9X-A2E,TD,DEV,11.0,261.7,25,1009,313,8,313,8,NaN,NaN,NaN,NaN,NaN,NaN,NaN,NaN,NaN,NaN,DB,NW,b,b,NaN,NaN,NaN,NaN,NaN,NaN,
2012051706,a2e.2012,9X-A2E,TD,DEV,11.3,261.3,25,1009,305,6,305,6,NaN,NaN,NaN,NaN,NaN,NaN,NaN,NaN,NaN,NaN,DB,NW,b,b,NaN,NaN,NaN,NaN,NaN,NaN,
2012051712,a2e.2012,9X-A2E,TD,DEV,12.5,258.7,25,1009,300,13,297,16,NaN,NaN,NaN,NaN,NaN,NaN,NaN,NaN,NaN,NaN,DB,NW,C,C,220,1011,NaN,S,75,NaN,
2012051718,a2e.2012,9X-A2E,TD,DEV,12.4,259.3,25,1009,300,8,299,11,NaN,NaN,NaN,NaN,NaN,NaN,NaN,NaN,NaN,NaN,DB,NW,C,C,240,1011,NaN,S,75,NaN,
2012051800,a2e.2012,9X-A2E,TD,DEV,12.2,260.3,25,1008,315,4,101,8,NaN,NaN,NaN,NaN,NaN,NaN,NaN,NaN,NaN,NaN,DB,NW,C,C,200,1010,NaN,S,90,NaN,
2012051806,a2e.2012,9X-A2E,TD,DEV,11.2,259.4,25,1008,175,6,175,6,NaN,NaN,NaN,NaN,NaN,NaN,NaN,NaN,NaN,NaN,DB,NW,b,b,NaN,NaN,NaN,NaN,NaN,NaN,
2012051812,a2e.2012,9X-A2E,TD,DEV,12.5,259.5,25,1008,295,4,291,4,NaN,NaN,NaN,NaN,NaN,NaN,NaN,NaN,NaN,NaN,DB,NW,C,C,200,1010,NaN,S,90,NaN,
2012051818,a2e.2012,9X-A2E,TD,DEV,10.9,259.4,25,1008,180,1,180,1,NaN,NaN,NaN,NaN,NaN,NaN,NaN,NaN,NaN,NaN,DB,NW,C,C,200,1010,NaN,S,90,NaN,
2012051900,a2e.2012,9X-A2E,TD,DEV,11.0,259.7,25,1006,125,1,173,8,NaN,NaN,NaN,NaN,NaN,NaN,NaN,NaN,NaN,NaN,DB,NW,C,C,200,1007,NaN,S,90,NaN,
2012051906,a2e.2012,9X-A2E,TD,DEV,11.2,260.0,25,1006,63,3,63,3,NaN,NaN,NaN,NaN,NaN,NaN,NaN,NaN,NaN,NaN,DB,NW,b,b,NaN,NaN,NaN,NaN,NaN,NaN,
2012051912,a2e.2012,9X-A2E,TD,DEV,11.0,260.4,25,1006,75,3,90,3,NaN,NaN,NaN,NaN,NaN,NaN,NaN,NaN,NaN,NaN,DB,NW,C,C,200,1007,NaN,S,90,NaN,
2012051918,a2e.2012,9X-A2E,TD,DEV,11.3,261.0,25,1006,75,4,84,5,NaN,NaN,NaN,NaN,NaN,NaN,NaN,NaN,NaN,NaN,DB,NW,C,C,200,1007,NaN,S,90,NaN,
2012052000,a2e.2012,9X-A2E,TD,DEV,11.0,262.0,25,1005,95,7,90,8,NaN,NaN,NaN,NaN,NaN,NaN,NaN,NaN,NaN,NaN,DB,NW,C,C,175,1007,NaN,S,90,NaN,
2012052006,a2e.2012,9X-A2E,TD,DEV,11.0,262.0,25,1006,95,7,107,5,NaN,NaN,NaN,NaN,NaN,NaN,NaN,NaN,NaN,NaN,DB,NW,C,C,175,1008,NaN,S,90,NaN,
2012052012,a2e.2012,9X-A2E,TD,DEV,9.0,261.7,25,1006,0,0,188,10,NaN,NaN,NaN,NaN,NaN,NaN,NaN,NaN,NaN,NaN,DB,NW,C,C,175,1008,NaN,S,90,NaN,
2012052018,a2e.2012,9X-A2E,TD,DEV,9.0,261.7,25,1006,0,0,188,10,NaN,NaN,NaN,NaN,NaN,NaN,NaN,NaN,NaN,NaN,DB,NW,C,C,175,1008,NaN,S,90,NaN,
2012060818,a3e.2012,9X-A3E,TD,NONdev,9.4,258.4,20,1009,77,14,270,9,NaN,NaN,NaN,NaN,NaN,NaN,NaN,NaN,NaN,NaN,DB,NW,b,b,NaN,NaN,NaN,NaN,NaN,NaN,
2012060900,a3e.2012,9X-A3E,TD,NONdev,9.4,257.6,20,1009,77,14,270,9,NaN,NaN,NaN,NaN,NaN,NaN,NaN,NaN,NaN,NaN,DB,NW,b,b,NaN,NaN,NaN,NaN,NaN,NaN,
2012060906,a3e.2012,9X-A3E,TD,NONdev,9.4,256.6,20,1009,270,9,270,9,NaN,NaN,NaN,NaN,NaN,NaN,NaN,NaN,NaN,NaN,DB,NW,b,b,NaN,NaN,NaN,NaN,NaN,NaN,
2012060912,a3e.2012,9X-A3E,TD,NONdev,9.4,255.7,22,1008,270,9,270,10,NaN,NaN,NaN,NaN,NaN,NaN,NaN,NaN,NaN,NaN,DB,NW,b,b,150,1010,NaN,NaN,NaN,NaN,
2012060918,a3e.2012,9X-A3E,TD,NONdev,9.4,254.7,25,1008,270,10,270,10,NaN,NaN,NaN,NaN,NaN,NaN,NaN,NaN,NaN,NaN,DB,NW,C,C,150,1010,NaN,S,NaN,NaN,
2012061000,a3e.2012,9X-A3E,TD,NONdev,9.5,253.8,25,1008,270,10,272,9,NaN,NaN,NaN,NaN,NaN,NaN,NaN,NaN,NaN,NaN,LO,NW,C,C,150,1010,NaN,M,40,NaN,
2012061006,a3e.2012,9X-A3E,TD,NONdev,9.8,252.7,25,1008,281,10,281,10,NaN,NaN,NaN,NaN,NaN,NaN,NaN,NaN,NaN,NaN,LO,NW,b,b,NaN,NaN,NaN,NaN,NaN,NaN,
2012061012,a3e.2012,9X-A3E,TD,NONdev,10.0,251.7,25,1007,280,10,284,11,NaN,NaN,NaN,NaN,NaN,NaN,NaN,NaN,NaN,NaN,LO,NW,C,C,150,1009,NaN,M,40,NaN,
2012061018,a3e.2012,9X-A3E,TD,NONdev,10.2,250.9,25,1007,280,9,283,9,NaN,NaN,NaN,NaN,NaN,NaN,NaN,NaN,NaN,NaN,LO,NW,C,C,150,1009,NaN,M,40,NaN,
2012061100,a3e.2012,9X-A3E,TD,NONdev,10.4,249.9,25,1007,280,10,283,9,NaN,NaN,NaN,NaN,NaN,NaN,NaN,NaN,NaN,NaN,LO,NW,C,C,150,1009,NaN,M,40,NaN,
2012061106,a3e.2012,9X-A3E,TD,NONdev,10.8,250.0,25,1007,304,5,304,5,NaN,NaN,NaN,NaN,NaN,NaN,NaN,NaN,NaN,NaN,LO,NW,b,b,NaN,NaN,NaN,NaN,NaN,NaN,
2012061112,a3e.2012,9X-A3E,TD,NONdev,11.0,249.5,25,1007,285,6,327,4,NaN,NaN,NaN,NaN,NaN,NaN,NaN,NaN,NaN,NaN,LO,NW,C,C,150,1009,NaN,M,40,NaN,
2012061118,a4e.2012,9X-A4E,TD,DEV,6.6,276.0,20,1010,277,12,277,12,NaN,NaN,NaN,NaN,NaN,NaN,NaN,NaN,NaN,NaN,DB,NW,b,b,NaN,NaN,NaN,NaN,NaN,NaN,
2012061200,a4e.2012,9X-A4E,TD,DEV,6.7,274.8,20,1009,277,12,277,12,NaN,NaN,NaN,NaN,NaN,NaN,NaN,NaN,NaN,NaN,DB,NW,b,b,NaN,NaN,NaN,NaN,NaN,NaN,
2012061206,a4e.2012,9X-A4E,TD,DEV,6.9,273.6,20,1009,277,12,277,12,NaN,NaN,NaN,NaN,NaN,NaN,NaN,NaN,NaN,NaN,DB,NW,b,b,NaN,NaN,NaN,NaN,NaN,NaN,
2012061212,a4e.2012,9X-A4E,TD,DEV,7.1,272.6,25,1008,280,11,280,11,NaN,NaN,NaN,NaN,NaN,NaN,NaN,NaN,NaN,NaN,DB,NW,b,b,NaN,NaN,NaN,NaN,NaN,NaN,
2012061218,a4e.2012,9X-A4E,TD,DEV,7.4,271.6,25,1006,280,11,282,10,NaN,NaN,NaN,NaN,NaN,NaN,NaN,NaN,NaN,NaN,DB,NW,b,b,250,1008,NaN,NaN,NaN,NaN,
2012061300,a4e.2012,9X-A4E,TD,DEV,7.7,270.6,25,1005,285,10,285,10,NaN,NaN,NaN,NaN,NaN,NaN,NaN,NaN,NaN,NaN,DB,NW,C,C,250,1008,NaN,M,50,NaN,
2012061306,a4e.2012,9X-A4E,TD,DEV,7.9,270.0,25,1006,285,9,287,9,NaN,NaN,NaN,NaN,NaN,NaN,NaN,NaN,NaN,NaN,DB,NW,C,C,250,1008,NaN,M,50,NaN,
2012061312,a4e.2012,9X-A4E,TD,DEV,8.6,269.4,30,1006,300,8,307,7,NaN,NaN,NaN,NaN,NaN,NaN,NaN,NaN,NaN,NaN,DB,NW,C,C,200,1010,NaN,M,30,NaN,
2012061318,a4e.2012,9X-A4E,TD,DEV,8.7,268.2,30,1006,290,9,294,10,NaN,NaN,NaN,NaN,NaN,NaN,NaN,NaN,NaN,NaN,DB,NW,C,C,200,1010,NaN,M,40,NaN,
2012061600,a5e.2012,9X-A5E,TD,NONdev,14.5,249.2,20,1007,296,8,289,2,NaN,NaN,NaN,NaN,NaN,NaN,NaN,NaN,NaN,NaN,DB,NW,b,b,NaN,NaN,NaN,NaN,NaN,NaN,
2012061606,a5e.2012,9X-A5E,TD,NONdev,14.6,249.1,20,1007,301,7,289,2,NaN,NaN,NaN,NaN,NaN,NaN,NaN,NaN,NaN,NaN,DB,NW,b,b,NaN,NaN,NaN,NaN,NaN,NaN,
2012061612,a5e.2012,9X-A5E,TD,NONdev,14.6,248.9,20,1007,289,2,289,2,NaN,NaN,NaN,NaN,NaN,NaN,NaN,NaN,NaN,NaN,DB,NW,b,b,NaN,NaN,NaN,NaN,NaN,NaN,
2012061618,a5e.2012,9X-A5E,TD,NONdev,14.9,248.8,20,1007,316,2,316,2,NaN,NaN,NaN,NaN,NaN,NaN,NaN,NaN,NaN,NaN,DB,NW,b,b,NaN,NaN,NaN,NaN,NaN,NaN,
2012061700,a5e.2012,9X-A5E,TD,NONdev,15.3,248.8,20,1005,335,2,352,4,NaN,NaN,NaN,NaN,NaN,NaN,NaN,NaN,NaN,NaN,DB,NW,C,C,150,1007,NaN,S,75,NaN,
2012061706,a5e.2012,9X-A5E,TD,NONdev,15.6,248.7,20,1005,350,3,352,4,NaN,NaN,NaN,NaN,NaN,NaN,NaN,NaN,NaN,NaN,DB,NW,C,C,200,1008,NaN,S,100,NaN,
2012061712,a5e.2012,9X-A5E,TD,NONdev,16.9,249.7,20,1006,28,9,28,9,NaN,NaN,NaN,NaN,NaN,NaN,NaN,NaN,NaN,NaN,LO,NW,b,b,NaN,NaN,NaN,NaN,NaN,NaN,
2012061718,a5e.2012,9X-A5E,TD,NONdev,16.7,251.0,25,1006,55,8,64,12,NaN,NaN,NaN,NaN,NaN,NaN,NaN,NaN,NaN,NaN,DB,NW,C,C,180,1008,NaN,S,90,NaN,
2012061800,a5e.2012,9X-A5E,TD,NONdev,16.9,251.0,25,1006,0,2,90,6,NaN,NaN,NaN,NaN,NaN,NaN,NaN,NaN,NaN,NaN,DB,NW,C,C,180,1008,NaN,S,90,NaN,
2012061806,a5e.2012,9X-A5E,TD,NONdev,17.1,252.0,25,1006,90,6,67,5,NaN,NaN,NaN,NaN,NaN,NaN,NaN,NaN,NaN,NaN,LO,NW,C,C,180,1009,NaN,M,90,NaN,
2012061812,a5e.2012,9X-A5E,TD,NONdev,17.5,251.7,25,1005,75,3,48,4,NaN,NaN,NaN,NaN,NaN,NaN,NaN,NaN,NaN,NaN,LO,NW,C,C,180,1007,NaN,M,100,NaN,
2012061818,a5e.2012,9X-A5E,TD,NONdev,17.1,252.4,25,1006,100,4,90,2,NaN,NaN,NaN,NaN,NaN,NaN,NaN,NaN,NaN,NaN,LO,WN,C,C,180,1008,NaN,M,100,NaN,
2012061900,a5e.2012,9X-A5E,TD,NONdev,17.3,252.5,25,1006,70,3,105,4,NaN,NaN,NaN,NaN,NaN,NaN,NaN,NaN,NaN,NaN,LO,NW,C,C,180,1008,NaN,M,100,NaN,
2012061906,a5e.2012,9X-A5E,TD,NONdev,17.7,252.9,30,1005,70,4,38,4,NaN,NaN,NaN,NaN,NaN,NaN,NaN,NaN,NaN,NaN,LO,NW,C,C,100,1008,NaN,M,40,NaN,
2012061912,a5e.2012,9X-A5E,TD,NONdev,17.9,253.0,30,1004,50,3,38,4,NaN,NaN,NaN,NaN,NaN,NaN,NaN,NaN,NaN,NaN,LO,NW,C,C,120,1006,NaN,M,75,NaN,
2012061918,a5e.2012,9X-A5E,TD,NONdev,17.6,252.6,30,1005,260,1,251,2,NaN,NaN,NaN,NaN,NaN,NaN,NaN,NaN,NaN,NaN,LO,NW,C,C,120,1007,NaN,M,60,NaN,
2012062000,a5e.2012,9X-A5E,TD,NONdev,17.5,252.4,25,1005,245,2,235,3,NaN,NaN,NaN,NaN,NaN,NaN,NaN,NaN,NaN,NaN,LO,NW,C,C,120,1007,NaN,M,60,NaN,
2012062006,a5e.2012,9X-A5E,TD,NONdev,17.5,252.4,25,1005,0,0,242,1,NaN,NaN,NaN,NaN,NaN,NaN,NaN,NaN,NaN,NaN,LO,NW,C,C,120,1007,NaN,M,60,NaN,
2012062012,a5e.2012,9X-A5E,TD,NONdev,17.8,252.1,25,1005,295,2,316,2,NaN,NaN,NaN,NaN,NaN,NaN,NaN,NaN,NaN,NaN,LO,NW,C,C,120,1007,NaN,M,60,NaN,
2012062018,a5e.2012,9X-A5E,TD,NONdev,18.1,251.8,25,1006,310,3,316,4,NaN,NaN,NaN,NaN,NaN,NaN,NaN,NaN,NaN,NaN,LO,NW,C,C,120,1008,NaN,M,60,NaN,
2012062100,a5e.2012,9X-A5E,TD,NONdev,18.3,251.3,25,1006,303,5,303,5,NaN,NaN,NaN,NaN,NaN,NaN,NaN,NaN,NaN,NaN,LO,NW,b,b,120,1008,NaN,M,60,NaN,
2012070112,a6e.2012,9X-A6E,TD,DEV,9.2,264.5,20,1009,273,9,273,9,NaN,NaN,NaN,NaN,NaN,NaN,NaN,NaN,NaN,NaN,LO,NW,b,b,NaN,NaN,NaN,NaN,NaN,NaN,
2012070118,a6e.2012,9X-A6E,TD,DEV,9.2,263.6,20,1009,273,9,273,9,NaN,NaN,NaN,NaN,NaN,NaN,NaN,NaN,NaN,NaN,LO,NW,b,b,NaN,NaN,NaN,NaN,NaN,NaN,
2012070200,a6e.2012,9X-A6E,TD,DEV,9.3,262.7,20,1008,273,9,273,9,NaN,NaN,NaN,NaN,NaN,NaN,NaN,NaN,NaN,NaN,LO,NW,b,b,NaN,NaN,NaN,NaN,NaN,NaN,
2012070206,a6e.2012,9X-A6E,TD,DEV,9.5,261.9,20,1008,280,9,280,9,NaN,NaN,NaN,NaN,NaN,NaN,NaN,NaN,NaN,NaN,LO,NW,b,b,NaN,NaN,NaN,NaN,NaN,NaN,
2012070212,a6e.2012,9X-A6E,TD,DEV,9.9,260.3,20,1009,285,10,284,12,NaN,NaN,NaN,NaN,NaN,NaN,NaN,NaN,NaN,NaN,DB,NW,C,C,150,1011,NaN,S,60,NaN,
2012070218,a6e.2012,9X-A6E,TD,DEV,10.1,260.0,25,1007,288,10,288,10,NaN,NaN,NaN,NaN,NaN,NaN,NaN,NaN,NaN,NaN,LO,NW,b,b,150,1010,NaN,M,60,NaN,
2012070300,a6e.2012,9X-A6E,TD,DEV,10.3,259.6,25,1007,300,4,300,4,NaN,NaN,NaN,NaN,NaN,NaN,NaN,NaN,NaN,NaN,LO,NW,b,b,150,1009,NaN,M,60,NaN,
2012070306,a6e.2012,9X-A6E,TD,DEV,10.5,259.0,25,1007,292,5,292,5,NaN,NaN,NaN,NaN,NaN,NaN,NaN,NaN,NaN,NaN,LO,NW,b,b,150,1009,NaN,M,55,NaN,
2012070312,a6e.2012,9X-A6E,TD,DEV,10.8,258.2,25,1006,290,7,290,7,NaN,NaN,NaN,NaN,NaN,NaN,NaN,NaN,NaN,NaN,LO,NW,b,b,150,1009,NaN,M,50,NaN,
2012070318,a6e.2012,9X-A6E,TD,DEV,11.1,257.2,30,1006,289,9,289,9,NaN,NaN,NaN,NaN,NaN,NaN,NaN,NaN,NaN,NaN,LO,NW,b,b,150,1009,NaN,M,45,NaN,
2012070400,a6e.2012,9X-A6E,TD,DEV,11.5,256.0,30,1006,288,11,288,11,NaN,NaN,NaN,NaN,NaN,NaN,NaN,NaN,NaN,NaN,LO,NW,b,b,200,1009,NaN,M,45,NaN,
2012070512,a7e.2012,9X-A7E,TD,DEV,8.2,271.0,25,1009,274,14,274,14,NaN,NaN,NaN,NaN,NaN,NaN,NaN,NaN,NaN,NaN,DB,NW,b,b,NaN,NaN,NaN,NaN,NaN,NaN,
2012070518,a7e.2012,9X-A7E,TD,DEV,8.3,269.4,25,1009,274,14,274,14,NaN,NaN,NaN,NaN,NaN,NaN,NaN,NaN,NaN,NaN,DB,NW,b,b,NaN,NaN,NaN,NaN,NaN,NaN,
2012070600,a7e.2012,9X-A7E,TD,DEV,8.4,268.1,25,1009,274,14,274,14,NaN,NaN,NaN,NaN,NaN,NaN,NaN,NaN,NaN,NaN,DB,NW,b,b,NaN,NaN,NaN,NaN,NaN,NaN,
2012070606,a7e.2012,9X-A7E,TD,DEV,8.5,266.5,25,1009,275,14,274,14,NaN,NaN,NaN,NaN,NaN,NaN,NaN,NaN,NaN,NaN,DB,NW,C,C,150,1010,NaN,S,60,NaN,
2012070612,a7e.2012,9X-A7E,TD,DEV,8.5,265.5,25,1006,272,13,272,13,NaN,NaN,NaN,NaN,NaN,NaN,NaN,NaN,NaN,NaN,DB,NW,b,b,210,1008,NaN,S,60,NaN,
2012070618,a7e.2012,9X-A7E,TD,DEV,8.6,264.1,25,1006,272,12,272,12,NaN,NaN,NaN,NaN,NaN,NaN,NaN,NaN,NaN,NaN,DB,NW,b,b,210,1008,NaN,S,75,NaN,
2012070700,a7e.2012,9X-A7E,TD,DEV,8.6,262.8,25,1006,272,13,272,13,NaN,NaN,NaN,NaN,NaN,NaN,NaN,NaN,NaN,NaN,DB,NW,b,b,210,1008,NaN,S,75,NaN,
2012070706,a7e.2012,9X-A7E,TD,DEV,8.8,261.5,25,1006,274,13,274,13,NaN,NaN,NaN,NaN,NaN,NaN,NaN,NaN,NaN,NaN,LO,NW,b,b,200,1008,NaN,S,60,NaN,
2012070712,a7e.2012,9X-A7E,TD,DEV,9.1,260.2,25,1006,281,13,281,13,NaN,NaN,NaN,NaN,NaN,NaN,NaN,NaN,NaN,NaN,LO,NW,b,b,200,1008,NaN,S,75,NaN,
2012070906,a8e.2012,9X-A8E,TD,DEV,9.5,263.2,20,1009,290,7,290,7,NaN,NaN,NaN,NaN,NaN,NaN,NaN,NaN,NaN,NaN,DB,NW,b,b,NaN,NaN,NaN,NaN,NaN,NaN,
2012070912,a8e.2012,9X-A8E,TD,DEV,9.8,262.5,20,1009,290,7,290,7,NaN,NaN,NaN,NaN,NaN,NaN,NaN,NaN,NaN,NaN,DB,NW,b,b,NaN,NaN,NaN,NaN,NaN,NaN,
2012070918,a8e.2012,9X-A8E,TD,DEV,10.0,261.8,20,1008,290,7,290,7,NaN,NaN,NaN,NaN,NaN,NaN,NaN,NaN,NaN,NaN,DB,NW,b,b,NaN,NaN,NaN,NaN,NaN,NaN,
2012071000,a8e.2012,9X-A8E,TD,DEV,10.3,261.2,20,1008,291,7,291,7,NaN,NaN,NaN,NaN,NaN,NaN,NaN,NaN,NaN,NaN,DB,NW,b,b,NaN,NaN,NaN,NaN,NaN,NaN,
2012071006,a8e.2012,9X-A8E,TD,DEV,10.5,260.5,20,1007,290,7,291,7,NaN,NaN,NaN,NaN,NaN,NaN,NaN,NaN,NaN,NaN,DB,NW,C,C,200,1010,NaN,S,80,NaN,
2012071012,a8e.2012,9X-A8E,TD,DEV,11.0,259.9,20,1007,299,7,299,7,NaN,NaN,NaN,NaN,NaN,NaN,NaN,NaN,NaN,NaN,LO,NW,b,b,200,1010,NaN,S,75,NaN,
2012071018,a8e.2012,9X-A8E,TD,DEV,11.4,259.1,25,1007,303,8,303,8,NaN,NaN,NaN,NaN,NaN,NaN,NaN,NaN,NaN,NaN,LO,NW,b,b,200,1009,NaN,S,65,NaN,
2012071100,a8e.2012,9X-A8E,TD,DEV,11.8,258.2,25,1006,296,9,296,9,NaN,NaN,NaN,NaN,NaN,NaN,NaN,NaN,NaN,NaN,LO,NW,b,b,200,1008,NaN,S,55,NaN,
2012071106,a8e.2012,9X-A8E,TD,DEV,12.1,257.6,25,1006,295,8,295,8,NaN,NaN,NaN,NaN,NaN,NaN,NaN,NaN,NaN,NaN,LO,NW,b,b,200,1008,NaN,S,50,NaN,
2012071112,a8e.2012,9X-A8E,TD,DEV,12.6,256.7,25,1005,299,8,299,8,NaN,NaN,NaN,NaN,NaN,NaN,NaN,NaN,NaN,NaN,TD,NW,b,b,200,1008,NaN,S,50,NaN,
2012071118,a8e.2012,9X-A8E,TD,DEV,13.0,255.9,25,1005,298,9,298,9,NaN,NaN,NaN,NaN,NaN,NaN,NaN,NaN,NaN,NaN,LO,NW,b,b,180,1009,NaN,S,50,NaN,
2012071200,a8e.2012,9X-A8E,TD,DEV,13.4,255.0,25,1005,296,9,296,9,NaN,NaN,NaN,NaN,NaN,NaN,NaN,NaN,NaN,NaN,LO,NW,b,b,180,1007,NaN,S,50,NaN,
2012071700,a9e.2012,9X-A9E,TD,NONdev,8.3,250.9,15,1009,270,11,270,11,NaN,NaN,NaN,NaN,NaN,NaN,NaN,NaN,NaN,NaN,DB,NW,b,b,NaN,NaN,NaN,NaN,NaN,NaN,
2012071706,a9e.2012,9X-A9E,TD,NONdev,8.3,249.8,15,1009,270,11,270,11,NaN,NaN,NaN,NaN,NaN,NaN,NaN,NaN,NaN,NaN,DB,NW,b,b,NaN,NaN,NaN,NaN,NaN,NaN,
2012071712,a9e.2012,9X-A9E,TD,NONdev,8.3,248.7,20,1008,270,11,270,11,NaN,NaN,NaN,NaN,NaN,NaN,NaN,NaN,NaN,NaN,DB,NW,b,b,NaN,NaN,NaN,NaN,NaN,NaN,
2012071718,a9e.2012,9X-A9E,TD,NONdev,8.4,247.6,20,1008,273,11,273,11,NaN,NaN,NaN,NaN,NaN,NaN,NaN,NaN,NaN,NaN,DB,NW,b,b,NaN,NaN,NaN,NaN,NaN,NaN,
2012071800,a9e.2012,9X-A9E,TD,NONdev,8.5,246.5,20,1007,275,11,275,11,NaN,NaN,NaN,NaN,NaN,NaN,NaN,NaN,NaN,NaN,DB,NW,C,C,200,1010,NaN,M,80,NaN,
2012071806,a9e.2012,9X-A9E,TD,NONdev,8.6,246.3,20,1007,279,7,279,7,NaN,NaN,NaN,NaN,NaN,NaN,NaN,NaN,NaN,NaN,DB,NW,b,b,200,1010,NaN,M,80,NaN,
2012071812,a9e.2012,9X-A9E,TD,NONdev,8.7,245.7,20,1007,284,4,284,4,NaN,NaN,NaN,NaN,NaN,NaN,NaN,NaN,NaN,NaN,DB,NW,b,b,200,1010,NaN,M,80,NaN,
2012072018,b0e.2012,9X-B0E,TD,NONdev,7.5,257.8,20,1009,290,11,290,11,NaN,NaN,NaN,NaN,NaN,NaN,NaN,NaN,NaN,NaN,DB,NW,b,b,NaN,NaN,NaN,NaN,NaN,NaN,
2012072100,b0e.2012,9X-B0E,TD,NONdev,7.8,256.9,20,1009,290,11,290,11,NaN,NaN,NaN,NaN,NaN,NaN,NaN,NaN,NaN,NaN,DB,NW,b,b,NaN,NaN,NaN,NaN,NaN,NaN,
2012072106,b0e.2012,9X-B0E,TD,NONdev,8.2,255.9,20,1009,290,11,290,11,NaN,NaN,NaN,NaN,NaN,NaN,NaN,NaN,NaN,NaN,DB,NW,b,b,NaN,NaN,NaN,NaN,NaN,NaN,
2012072112,b0e.2012,9X-B0E,TD,NONdev,8.6,254.8,20,1009,290,11,290,11,NaN,NaN,NaN,NaN,NaN,NaN,NaN,NaN,NaN,NaN,DB,NW,b,b,NaN,NaN,NaN,NaN,NaN,NaN,
2012072118,b0e.2012,9X-B0E,TD,NONdev,9.0,253.7,20,1009,290,12,290,12,NaN,NaN,NaN,NaN,NaN,NaN,NaN,NaN,NaN,NaN,DB,NW,b,b,200,1011,NaN,S,90,NaN,
2012072200,b0e.2012,9X-B0E,TD,NONdev,9.3,252.7,20,1009,289,11,289,11,NaN,NaN,NaN,NaN,NaN,NaN,NaN,NaN,NaN,NaN,LO,NW,b,b,200,1011,NaN,S,90,NaN,
2012072206,b0e.2012,9X-B0E,TD,NONdev,9.5,251.7,20,1009,284,10,284,10,NaN,NaN,NaN,NaN,NaN,NaN,NaN,NaN,NaN,NaN,LO,NW,b,b,200,1011,NaN,S,90,NaN,
2012072212,b0e.2012,9X-B0E,TD,NONdev,9.8,250.7,20,1008,284,10,284,10,NaN,NaN,NaN,NaN,NaN,NaN,NaN,NaN,NaN,NaN,LO,NW,b,b,200,1011,NaN,M,90,NaN,
2012072218,b0e.2012,9X-B0E,TD,NONdev,10.0,249.8,20,1008,285,10,285,10,NaN,NaN,NaN,NaN,NaN,NaN,NaN,NaN,NaN,NaN,LO,NW,b,b,200,1011,NaN,M,80,NaN,
2012072300,b0e.2012,9X-B0E,TD,NONdev,10.1,249.2,20,1008,281,8,281,8,NaN,NaN,NaN,NaN,NaN,NaN,NaN,NaN,NaN,NaN,LO,NW,b,b,200,1011,NaN,M,80,NaN,
2012072306,b0e.2012,9X-B0E,TD,NONdev,10.2,248.1,20,1008,277,8,277,8,NaN,NaN,NaN,NaN,NaN,NaN,NaN,NaN,NaN,NaN,LO,NW,b,b,200,1011,NaN,M,80,NaN,
2012072312,b0e.2012,9X-B0E,TD,NONdev,10.2,247.0,25,1008,273,11,273,11,NaN,NaN,NaN,NaN,NaN,NaN,NaN,NaN,NaN,NaN,LO,NW,b,b,200,1011,NaN,M,70,NaN,
2012072318,b0e.2012,9X-B0E,TD,NONdev,10.2,245.9,30,1007,270,11,270,11,NaN,NaN,NaN,NaN,NaN,NaN,NaN,NaN,NaN,NaN,LO,NW,b,b,200,1011,NaN,M,60,NaN,
2012072400,b0e.2012,9X-B0E,TD,NONdev,10.1,245.0,30,1007,267,10,267,10,NaN,NaN,NaN,NaN,NaN,NaN,NaN,NaN,NaN,NaN,LO,NW,b,b,200,1011,NaN,M,60,NaN,
2012072406,b0e.2012,9X-B0E,TD,NONdev,10.1,243.1,30,1007,268,14,268,14,NaN,NaN,NaN,NaN,NaN,NaN,NaN,NaN,NaN,NaN,LO,NW,b,b,200,1011,NaN,M,60,NaN,
2012072412,b0e.2012,9X-B0E,TD,NONdev,10.3,241.3,30,1007,273,18,273,18,NaN,NaN,NaN,NaN,NaN,NaN,NaN,NaN,NaN,NaN,LO,NW,b,b,200,1011,NaN,M,60,NaN,
2012072418,b0e.2012,9X-B0E,TD,NONdev,10.5,240.0,25,1009,277,15,277,15,NaN,NaN,NaN,NaN,NaN,NaN,NaN,NaN,NaN,NaN,LO,NW,b,b,200,1011,NaN,S,80,NaN,
2012072500,b0e.2012,9X-B0E,TD,NONdev,10.6,238.6,25,1009,276,13,276,13,NaN,NaN,NaN,NaN,NaN,NaN,NaN,NaN,NaN,NaN,LO,NW,b,b,200,1011,NaN,S,80,NaN,
2012072506,b0e.2012,9X-B0E,TD,NONdev,10.9,237.0,25,1009,278,15,278,15,NaN,NaN,NaN,NaN,NaN,NaN,NaN,NaN,NaN,NaN,LO,NW,b,b,200,1011,NaN,S,80,NaN,
2012072512,b0e.2012,9X-B0E,TD,NONdev,11.2,235.6,25,1009,282,15,282,15,NaN,NaN,NaN,NaN,NaN,NaN,NaN,NaN,NaN,NaN,LO,NW,b,b,200,1011,NaN,S,60,NaN,
2012072518,b0e.2012,9X-B0E,TD,NONdev,11.5,234.2,25,1009,282,14,282,14,NaN,NaN,NaN,NaN,NaN,NaN,NaN,NaN,NaN,NaN,DB,NW,b,b,200,1011,NaN,S,60,NaN,
2012072600,b0e.2012,9X-B0E,TD,NONdev,11.8,232.8,25,1009,282,14,282,14,NaN,NaN,NaN,NaN,NaN,NaN,NaN,NaN,NaN,NaN,DB,NW,b,b,200,1011,NaN,S,60,NaN,
2012072606,b0e.2012,9X-B0E,TD,NONdev,11.4,231.2,25,1009,268,15,268,15,NaN,NaN,NaN,NaN,NaN,NaN,NaN,NaN,NaN,NaN,DB,NW,b,b,NaN,NaN,NaN,NaN,NaN,NaN,
2012072612,b0e.2012,9X-B0E,TD,NONdev,11.0,229.6,25,1009,256,16,256,16,NaN,NaN,NaN,NaN,NaN,NaN,NaN,NaN,NaN,NaN,DB,NW,b,b,NaN,NaN,NaN,NaN,NaN,NaN,
2012072618,b0e.2012,9X-B0E,TD,NONdev,10.8,228.0,25,1009,259,16,259,16,NaN,NaN,NaN,NaN,NaN,NaN,NaN,NaN,NaN,NaN,DB,NW,b,b,200,1011,NaN,S,60,NaN,
2012091300,b1e.2012,9X-B1E,TD,DEV,16.1,246.1,25,1009,253,11,253,11,NaN,NaN,NaN,NaN,NaN,NaN,NaN,NaN,NaN,NaN,DB,NW,b,b,NaN,NaN,NaN,NaN,NaN,NaN,
2012091306,b1e.2012,9X-B1E,TD,DEV,16.0,245.0,25,1009,253,11,253,11,NaN,NaN,NaN,NaN,NaN,NaN,NaN,NaN,NaN,NaN,DB,NW,b,b,NaN,NaN,NaN,NaN,NaN,NaN,
2012091312,b1e.2012,9X-B1E,TD,DEV,15.5,244.0,25,1009,253,11,253,11,NaN,NaN,NaN,NaN,NaN,NaN,NaN,NaN,NaN,NaN,DB,NW,b,b,NaN,NaN,NaN,NaN,NaN,NaN,
2012091318,b1e.2012,9X-B1E,TD,DEV,14.8,242.7,25,1009,250,12,242,13,NaN,NaN,NaN,NaN,NaN,NaN,NaN,NaN,NaN,NaN,DB,NW,C,C,120,1011,NaN,S,75,NaN,
2012091400,b1e.2012,9X-B1E,TD,DEV,14.9,241.8,30,1007,250,11,254,11,NaN,NaN,NaN,NaN,NaN,NaN,NaN,NaN,NaN,NaN,LO,NW,C,C,120,1010,NaN,M,60,NaN,
2012091406,b1e.2012,9X-B1E,TD,DEV,14.8,240.8,30,1007,265,11,270,9,NaN,NaN,NaN,NaN,NaN,NaN,NaN,NaN,NaN,NaN,LO,NW,C,C,150,1010,NaN,M,60,NaN,
2012091412,b1e.2012,9X-B1E,TD,DEV,14.7,240.8,30,1007,260,7,258,5,NaN,NaN,NaN,NaN,NaN,NaN,NaN,NaN,NaN,NaN,LO,NW,C,C,180,1010,NaN,M,60,NaN,
2012091418,b1e.2012,9X-B1E,TD,DEV,14.6,240.2,30,1007,265,6,251,3,NaN,NaN,NaN,NaN,NaN,NaN,NaN,NaN,NaN,NaN,LO,NW,C,C,180,1010,NaN,M,60,NaN,
2012091500,b1e.2012,9X-B1E,TD,DEV,13.8,238.2,30,1007,255,10,250,13,NaN,NaN,NaN,NaN,NaN,NaN,NaN,NaN,NaN,NaN,LO,NW,C,C,180,1010,NaN,M,60,NaN,
2012091506,b1e.2012,9X-B1E,TD,DEV,13.6,237.5,30,1005,255,9,249,14,NaN,NaN,NaN,NaN,NaN,NaN,NaN,NaN,NaN,NaN,LO,NW,C,C,180,1010,NaN,M,40,NaN,
2012080500,b2e.2012,9X-B2E,TD,DEV,11.0,257.6,20,1009,294,7,294,7,NaN,NaN,NaN,NaN,NaN,NaN,NaN,NaN,NaN,NaN,DB,NW,b,b,NaN,NaN,NaN,NaN,NaN,NaN,
2012080506,b2e.2012,9X-B2E,TD,DEV,11.3,256.9,20,1009,294,7,294,7,NaN,NaN,NaN,NaN,NaN,NaN,NaN,NaN,NaN,NaN,DB,NW,b,b,NaN,NaN,NaN,NaN,NaN,NaN,
2012080512,b2e.2012,9X-B2E,TD,DEV,11.6,256.2,20,1009,294,7,294,7,NaN,NaN,NaN,NaN,NaN,NaN,NaN,NaN,NaN,NaN,DB,NW,b,b,NaN,NaN,NaN,NaN,NaN,NaN,
2012080518,b2e.2012,9X-B2E,TD,DEV,12.0,255.5,20,1009,295,8,297,8,NaN,NaN,NaN,NaN,NaN,NaN,NaN,NaN,NaN,NaN,DB,NW,C,C,150,1011,NaN,S,60,NaN,
2012080600,b2e.2012,9X-B2E,TD,DEV,12.4,254.2,25,1008,293,10,292,11,NaN,NaN,NaN,NaN,NaN,NaN,NaN,NaN,NaN,NaN,LO,NW,C,C,150,1011,NaN,M,60,NaN,
2012080606,b2e.2012,9X-B2E,TD,DEV,12.3,254.0,25,1008,285,8,282,7,NaN,NaN,NaN,NaN,NaN,NaN,NaN,NaN,NaN,NaN,LO,NW,C,C,150,1011,NaN,M,60,NaN,
2012080612,b2e.2012,9X-B2E,TD,DEV,13.1,251.9,25,1008,290,12,287,12,NaN,NaN,NaN,NaN,NaN,NaN,NaN,NaN,NaN,NaN,LO,NW,C,C,150,1011,NaN,M,50,NaN,
2012080618,b2e.2012,9X-B2E,TD,DEV,13.3,251.2,25,1008,290,10,290,15,NaN,NaN,NaN,NaN,NaN,NaN,NaN,NaN,NaN,NaN,LO,NW,C,C,150,1011,NaN,M,40,NaN,
2012080700,b2e.2012,9X-B2E,TD,DEV,13.3,250.3,25,1008,285,9,277,8,NaN,NaN,NaN,NaN,NaN,NaN,NaN,NaN,NaN,NaN,LO,NW,C,C,150,1011,NaN,M,40,NaN,
2012080618,b3e.2012,9X-B3E,TD,NONdev,9.0,262.6,25,1009,295,8,295,8,NaN,NaN,NaN,NaN,NaN,NaN,NaN,NaN,NaN,NaN,DB,NW,b,b,NaN,NaN,NaN,NaN,NaN,NaN,
2012080700,b3e.2012,9X-B3E,TD,NONdev,9.4,261.8,25,1009,295,8,295,8,NaN,NaN,NaN,NaN,NaN,NaN,NaN,NaN,NaN,NaN,DB,NW,b,b,NaN,NaN,NaN,NaN,NaN,NaN,
2012080706,b3e.2012,9X-B3E,TD,NONdev,9.7,261.1,25,1009,295,8,295,8,NaN,NaN,NaN,NaN,NaN,NaN,NaN,NaN,NaN,NaN,DB,NW,b,b,NaN,NaN,NaN,NaN,NaN,NaN,
2012080712,b3e.2012,9X-B3E,TD,NONdev,10.1,260.3,25,1009,295,8,295,8,NaN,NaN,NaN,NaN,NaN,NaN,NaN,NaN,NaN,NaN,DB,NW,b,b,NaN,NaN,NaN,NaN,NaN,NaN,
2012080718,b3e.2012,9X-B3E,TD,NONdev,10.2,259.5,25,1008,295,8,288,8,NaN,NaN,NaN,NaN,NaN,NaN,NaN,NaN,NaN,NaN,DB,NW,C,C,150,1010,NaN,S,NaN,NaN,
2012080800,b3e.2012,9X-B3E,TD,NONdev,10.3,258.9,25,1008,295,8,278,7,NaN,NaN,NaN,NaN,NaN,NaN,NaN,NaN,NaN,NaN,LO,NW,C,C,150,1010,NaN,S,30,NaN,
2012080806,b3e.2012,9X-B3E,TD,NONdev,10.5,257.8,25,1008,280,8,280,8,NaN,NaN,NaN,NaN,NaN,NaN,NaN,NaN,NaN,NaN,LO,NW,C,C,150,1010,NaN,S,30,NaN,
2012080812,b3e.2012,9X-B3E,TD,NONdev,10.8,257.2,25,1008,285,8,287,9,NaN,NaN,NaN,NaN,NaN,NaN,NaN,NaN,NaN,NaN,LO,NW,C,C,150,1010,NaN,S,30,NaN,
2012080818,b3e.2012,9X-B3E,TD,NONdev,10.8,256.3,25,1008,280,8,282,8,NaN,NaN,NaN,NaN,NaN,NaN,NaN,NaN,NaN,NaN,LO,NW,C,C,150,1010,NaN,M,25,NaN,
2012080900,b3e.2012,9X-B3E,TD,NONdev,10.5,257.5,25,1008,280,5,135,2,NaN,NaN,NaN,NaN,NaN,NaN,NaN,NaN,NaN,NaN,LO,NW,C,C,125,1010,NaN,M,60,NaN,
2012081000,b4e.2012,9X-B4E,TD,DEV,19.4,260.6,20,1009,232,9,232,9,NaN,NaN,NaN,NaN,NaN,NaN,NaN,NaN,NaN,NaN,DB,NW,b,b,NaN,NaN,0.98,NaN,NaN,NaN,
2012081006,b4e.2012,9X-B4E,TD,DEV,19.1,259.9,20,1009,232,9,232,9,NaN,NaN,NaN,NaN,NaN,NaN,NaN,NaN,NaN,NaN,DB,NW,b,b,NaN,NaN,0.99,NaN,NaN,NaN,
2012081012,b4e.2012,9X-B4E,TD,DEV,18.3,259.1,20,1009,232,9,232,9,NaN,NaN,NaN,NaN,NaN,NaN,NaN,NaN,NaN,NaN,DB,NW,b,b,NaN,NaN,0.98,NaN,NaN,NaN,
2012081018,b4e.2012,9X-B4E,TD,DEV,17.0,257.5,25,1005,240,12,227,16,NaN,NaN,NaN,NaN,NaN,NaN,NaN,NaN,NaN,NaN,DB,NW,C,C,100,1008,NaN,M,25,NaN,
2012081100,b4e.2012,9X-B4E,TD,DEV,17.0,257.0,30,1003,235,12,237,12,NaN,NaN,NaN,NaN,NaN,NaN,NaN,NaN,NaN,NaN,DB,NW,C,C,120,1005,NaN,M,45,NaN,
2012081106,b4e.2012,9X-B4E,TD,DEV,16.5,256.2,30,1001,235,11,248,7,NaN,NaN,NaN,NaN,NaN,NaN,NaN,NaN,NaN,NaN,DB,NW,C,C,120,1005,NaN,M,45,NaN,
2012081118,b5e.2012,9X-B5E,TD,NONdev,12.3,270.6,25,1009,289,17,289,17,NaN,NaN,NaN,NaN,NaN,NaN,NaN,NaN,NaN,NaN,DB,NW,b,b,NaN,NaN,NaN,NaN,NaN,NaN,
2012081200,b5e.2012,9X-B5E,TD,NONdev,13.2,268.4,25,1009,289,17,289,17,NaN,NaN,NaN,NaN,NaN,NaN,NaN,NaN,NaN,NaN,DB,NW,b,b,NaN,NaN,NaN,NaN,NaN,NaN,
2012081206,b5e.2012,9X-B5E,TD,NONdev,13.4,267.4,25,1009,289,17,289,17,NaN,NaN,NaN,NaN,NaN,NaN,NaN,NaN,NaN,NaN,DB,NW,b,b,NaN,NaN,NaN,NaN,NaN,NaN,
2012081212,b5e.2012,9X-B5E,TD,NONdev,13.6,266.6,25,1009,283,9,283,9,NaN,NaN,NaN,NaN,NaN,NaN,NaN,NaN,NaN,NaN,DB,NW,b,b,NaN,NaN,NaN,NaN,NaN,NaN,
2012081218,b5e.2012,9X-B5E,TD,NONdev,13.8,265.6,25,1009,283,9,283,9,NaN,NaN,NaN,NaN,NaN,NaN,NaN,NaN,NaN,NaN,DB,NW,b,b,120,1011,NaN,S,40,NaN,
2012081300,b5e.2012,9X-B5E,TD,NONdev,14.0,264.7,25,1009,282,9,282,9,NaN,NaN,NaN,NaN,NaN,NaN,NaN,NaN,NaN,NaN,DB,NW,b,b,100,1011,NaN,S,30,NaN,
2012081306,b5e.2012,9X-B5E,TD,NONdev,14.2,263.5,25,1008,281,10,281,10,NaN,NaN,NaN,NaN,NaN,NaN,NaN,NaN,NaN,NaN,DB,NW,b,b,100,1011,NaN,S,30,NaN,
2012081312,b5e.2012,9X-B5E,TD,NONdev,14.5,262.3,25,1008,282,12,282,12,NaN,NaN,NaN,NaN,NaN,NaN,NaN,NaN,NaN,NaN,DB,NW,b,b,100,1011,NaN,S,30,NaN,
2012081900,b6e.2012,9X-B6E,TD,NONdev,17.7,255.2,25,1009,298,3,298,3,NaN,NaN,NaN,NaN,NaN,NaN,NaN,NaN,NaN,NaN,DB,NW,b,b,NaN,NaN,NaN,NaN,NaN,NaN,
2012081906,b6e.2012,9X-B6E,TD,NONdev,17.8,254.9,25,1009,298,3,298,3,NaN,NaN,NaN,NaN,NaN,NaN,NaN,NaN,NaN,NaN,DB,NW,b,b,NaN,NaN,NaN,NaN,NaN,NaN,
2012081912,b6e.2012,9X-B6E,TD,NONdev,18.0,254.6,25,1009,298,3,298,3,NaN,NaN,NaN,NaN,NaN,NaN,NaN,NaN,NaN,NaN,DB,NW,b,b,NaN,NaN,NaN,NaN,NaN,NaN,
2012081918,b6e.2012,9X-B6E,TD,NONdev,18.3,254.1,25,1010,303,5,303,5,NaN,NaN,NaN,NaN,NaN,NaN,NaN,NaN,NaN,NaN,DB,NW,b,b,150,1012,NaN,S,60,NaN,
2012082000,b6e.2012,9X-B6E,TD,NONdev,18.6,253.8,25,1010,308,5,308,5,NaN,NaN,NaN,NaN,NaN,NaN,NaN,NaN,NaN,NaN,DB,NW,b,b,NaN,NaN,NaN,NaN,NaN,NaN,
2012082006,b6e.2012,9X-B6E,TD,NONdev,19.0,253.5,25,1010,321,5,321,5,NaN,NaN,NaN,NaN,NaN,NaN,NaN,NaN,NaN,NaN,DB,NW,b,b,150,1012,NaN,S,60,NaN,
2012082500,b7e.2012,9X-B7E,TD,DEV,10.8,263.4,20,1009,276,9,276,9,NaN,NaN,NaN,NaN,NaN,NaN,NaN,NaN,NaN,NaN,DB,NW,b,b,NaN,NaN,NaN,NaN,NaN,NaN,
2012082506,b7e.2012,9X-B7E,TD,DEV,11.0,262.5,20,1009,276,9,276,9,NaN,NaN,NaN,NaN,NaN,NaN,NaN,NaN,NaN,NaN,DB,NW,b,b,NaN,NaN,NaN,NaN,NaN,NaN,
2012082512,b7e.2012,9X-B7E,TD,DEV,11.0,261.6,20,1009,276,9,276,9,NaN,NaN,NaN,NaN,NaN,NaN,NaN,NaN,NaN,NaN,DB,NW,b,b,NaN,NaN,NaN,NaN,NaN,NaN,
2012082518,b7e.2012,9X-B7E,TD,DEV,11.1,260.7,20,1008,275,9,273,9,NaN,NaN,NaN,NaN,NaN,NaN,NaN,NaN,NaN,NaN,DB,NW,C,C,250,1010,NaN,S,60,NaN,
2012082600,b7e.2012,9X-B7E,TD,DEV,11.5,260.3,25,1007,285,7,291,7,NaN,NaN,NaN,NaN,NaN,NaN,NaN,NaN,NaN,NaN,DB,NW,C,C,250,1009,NaN,S,60,NaN,
2012082606,b7e.2012,9X-B7E,TD,DEV,11.7,259.6,25,1007,290,7,299,6,NaN,NaN,NaN,NaN,NaN,NaN,NaN,NaN,NaN,NaN,DB,NW,C,C,240,1009,NaN,S,60,NaN,
2012082612,b7e.2012,9X-B7E,TD,DEV,12.4,258.5,25,1007,295,8,297,10,NaN,NaN,NaN,NaN,NaN,NaN,NaN,NaN,NaN,NaN,DB,NW,C,C,240,1009,NaN,S,60,NaN,
2012082618,b7e.2012,9X-B7E,TD,DEV,13.5,257.7,25,1007,310,10,314,13,NaN,NaN,NaN,NaN,NaN,NaN,NaN,NaN,NaN,NaN,DB,NW,C,C,240,1009,NaN,S,60,NaN,
2012082700,b7e.2012,9X-B7E,TD,DEV,13.3,257.3,25,1007,305,8,308,7,NaN,NaN,NaN,NaN,NaN,NaN,NaN,NaN,NaN,NaN,DB,NW,C,C,210,1009,NaN,S,60,NaN,
2012082706,b7e.2012,9X-B7E,TD,DEV,14.3,256.4,25,1007,310,10,302,7,NaN,NaN,NaN,NaN,NaN,NaN,NaN,NaN,NaN,NaN,DB,NW,C,C,210,1009,NaN,S,70,NaN,
2012082712,b7e.2012,9X-B7E,TD,DEV,14.7,255.4,25,1007,305,11,307,12,NaN,NaN,NaN,NaN,NaN,NaN,NaN,NaN,NaN,NaN,LO,NW,C,C,210,1009,NaN,M,70,NaN,
2012083118,b8e.2012,9X-B8E,TD,NONdev,11.3,260.9,25,1008,293,12,293,12,NaN,NaN,NaN,NaN,NaN,NaN,NaN,NaN,NaN,NaN,DB,NW,b,b,NaN,NaN,NaN,NaN,NaN,NaN,
2012090100,b8e.2012,9X-B8E,TD,NONdev,11.8,259.8,25,1008,293,12,293,12,NaN,NaN,NaN,NaN,NaN,NaN,NaN,NaN,NaN,NaN,DB,NW,b,b,NaN,NaN,NaN,NaN,NaN,NaN,
2012090106,b8e.2012,9X-B8E,TD,NONdev,12.2,258.7,25,1008,293,12,293,12,NaN,NaN,NaN,NaN,NaN,NaN,NaN,NaN,NaN,NaN,DB,NW,b,b,NaN,NaN,NaN,NaN,NaN,NaN,
2012090112,b8e.2012,9X-B8E,TD,NONdev,12.7,257.7,25,1008,295,11,294,11,NaN,NaN,NaN,NaN,NaN,NaN,NaN,NaN,NaN,NaN,LO,NW,C,C,200,1010,NaN,S,100,NaN,
2012090118,b8e.2012,9X-B8E,TD,NONdev,13.0,256.5,30,1007,290,11,290,11,NaN,NaN,NaN,NaN,NaN,NaN,NaN,NaN,NaN,NaN,LO,NW,C,C,180,1010,NaN,S,90,NaN,
2012090200,b8e.2012,9X-B8E,TD,NONdev,13.5,255.4,30,1006,295,11,290,12,NaN,NaN,NaN,NaN,NaN,NaN,NaN,NaN,NaN,NaN,LO,NW,C,C,180,1009,NaN,S,90,NaN,
2012090206,b8e.2012,9X-B8E,TD,NONdev,14.0,253.9,30,1006,290,13,292,14,NaN,NaN,NaN,NaN,NaN,NaN,NaN,NaN,NaN,NaN,LO,NW,C,C,180,1009,NaN,S,90,NaN,
2012090100,b9e.2012,9X-B9E,TD,DEV,14.3,265.2,30,1008,288,24,288,24,NaN,NaN,NaN,NaN,NaN,NaN,NaN,NaN,NaN,NaN,DB,NW,b,b,NaN,NaN,NaN,NaN,NaN,NaN,
2012090106,b9e.2012,9X-B9E,TD,DEV,15.2,262.8,30,1008,288,24,288,24,NaN,NaN,NaN,NaN,NaN,NaN,NaN,NaN,NaN,NaN,DB,NW,b,b,NaN,NaN,NaN,NaN,NaN,NaN,
2012090112,b9e.2012,9X-B9E,TD,DEV,15.8,260.4,30,1008,288,24,288,24,NaN,NaN,NaN,NaN,NaN,NaN,NaN,NaN,NaN,NaN,DB,NW,b,b,NaN,NaN,NaN,NaN,NaN,NaN,
2012090118,b9e.2012,9X-B9E,TD,DEV,16.4,258.1,30,1007,290,24,285,23,NaN,NaN,NaN,NaN,NaN,NaN,NaN,NaN,NaN,NaN,DB,NW,C,C,150,1009,NaN,S,20,NaN,
2012090200,b9e.2012,9X-B9E,TD,DEV,16.7,255.7,30,1007,285,23,281,23,NaN,NaN,NaN,NaN,NaN,NaN,NaN,NaN,NaN,NaN,DB,NW,C,C,150,1009,NaN,M,20,NaN,
2012090206,b9e.2012,9X-B9E,TD,DEV,16.7,253.8,30,1007,280,21,274,21,NaN,NaN,NaN,NaN,NaN,NaN,NaN,NaN,NaN,NaN,DB,NW,C,C,150,1009,NaN,M,20,NaN,
2012090212,b9e.2012,9X-B9E,TD,DEV,16.8,252.3,30,1006,280,13,272,16,NaN,NaN,NaN,NaN,NaN,NaN,NaN,NaN,NaN,NaN,LO,NW,C,C,250,1009,NaN,M,60,NaN,
2012090912,c0e.2012,9X-C0E,TD,DEV,11.5,266.0,20,1009,297,5,297,5,NaN,NaN,NaN,NaN,NaN,NaN,NaN,NaN,NaN,NaN,DB,NW,b,b,NaN,NaN,NaN,NaN,NaN,NaN,
2012090918,c0e.2012,9X-C0E,TD,DEV,11.8,265.5,20,1009,297,5,297,5,NaN,NaN,NaN,NaN,NaN,NaN,NaN,NaN,NaN,NaN,DB,NW,b,b,NaN,NaN,NaN,NaN,NaN,NaN,
2012091000,c0e.2012,9X-C0E,TD,DEV,12.0,265.0,20,1009,297,5,297,5,NaN,NaN,NaN,NaN,NaN,NaN,NaN,NaN,NaN,NaN,DB,NW,b,b,NaN,NaN,NaN,NaN,NaN,NaN,
2012091006,c0e.2012,9X-C0E,TD,DEV,12.2,264.5,20,1009,292,5,292,5,NaN,NaN,NaN,NaN,NaN,NaN,NaN,NaN,NaN,NaN,DB,NW,b,b,NaN,NaN,NaN,NaN,NaN,NaN,
2012091012,c0e.2012,9X-C0E,TD,DEV,12.3,263.4,20,1008,281,8,281,8,NaN,NaN,NaN,NaN,NaN,NaN,NaN,NaN,NaN,NaN,DB,NW,b,b,NaN,NaN,NaN,NaN,NaN,NaN,
2012091018,c0e.2012,9X-C0E,TD,DEV,12.4,261.9,20,1008,280,10,275,13,NaN,NaN,NaN,NaN,NaN,NaN,NaN,NaN,NaN,NaN,DB,NW,C,C,200,1012,NaN,S,60,NaN,
2012091100,c0e.2012,9X-C0E,TD,DEV,12.6,260.8,25,1008,275,12,277,13,NaN,NaN,NaN,NaN,NaN,NaN,NaN,NaN,NaN,NaN,LO,NW,C,C,200,1012,NaN,S,60,NaN,
2012091106,c0e.2012,9X-C0E,TD,DEV,12.8,259.8,25,1008,280,12,281,10,NaN,NaN,NaN,NaN,NaN,NaN,NaN,NaN,NaN,NaN,LO,NW,C,C,200,1012,NaN,M,60,NaN,
2012091112,c0e.2012,9X-C0E,TD,DEV,14.1,258.1,25,1008,280,12,292,14,NaN,NaN,NaN,NaN,NaN,NaN,NaN,NaN,NaN,NaN,LO,NW,C,C,200,1012,NaN,M,60,NaN,
2012091118,c0e.2012,9X-C0E,TD,DEV,15.3,256.4,25,1008,300,14,302,17,NaN,NaN,NaN,NaN,NaN,NaN,NaN,NaN,NaN,NaN,LO,NW,C,C,200,1012,NaN,M,60,NaN,
2012091200,c0e.2012,9X-C0E,TD,DEV,15.5,255.5,30,1006,295,11,303,17,NaN,NaN,NaN,NaN,NaN,NaN,NaN,NaN,NaN,NaN,LO,NW,C,C,150,1009,NaN,M,40,NaN,
2012091206,c0e.2012,9X-C0E,TD,DEV,16.2,254.9,30,1006,295,9,302,9,NaN,NaN,NaN,NaN,NaN,NaN,NaN,NaN,NaN,NaN,LO,NW,C,C,140,1010,NaN,M,60,NaN,
2012091818,c3e.2012,9X-C3E,TD,DEV,12.0,265.0,15,1010,270,5,270,5,NaN,NaN,NaN,NaN,NaN,NaN,NaN,NaN,NaN,NaN,LO,NW,b,b,NaN,NaN,NaN,NaN,NaN,NaN,
2012091900,c3e.2012,9X-C3E,TD,DEV,12.0,264.5,15,1010,270,5,270,5,NaN,NaN,NaN,NaN,NaN,NaN,NaN,NaN,NaN,NaN,LO,NW,b,b,NaN,NaN,NaN,NaN,NaN,NaN,
2012091906,c3e.2012,9X-C3E,TD,DEV,12.0,264.0,15,1010,270,5,270,5,NaN,NaN,NaN,NaN,NaN,NaN,NaN,NaN,NaN,NaN,LO,NW,b,b,NaN,NaN,NaN,NaN,NaN,NaN,
2012091912,c3e.2012,9X-C3E,TD,DEV,12.0,263.5,20,1009,270,5,270,5,NaN,NaN,NaN,NaN,NaN,NaN,NaN,NaN,NaN,NaN,LO,NW,b,b,NaN,NaN,NaN,NaN,NaN,NaN,
2012091918,c3e.2012,9X-C3E,TD,DEV,12.0,263.0,20,1009,270,5,270,5,NaN,NaN,NaN,NaN,NaN,NaN,NaN,NaN,NaN,NaN,LO,NW,C,C,200,1012,NaN,S,60,NaN,
2012092000,c3e.2012,9X-C3E,TD,DEV,12.1,262.2,20,1009,275,6,274,6,NaN,NaN,NaN,NaN,NaN,NaN,NaN,NaN,NaN,NaN,LO,NW,C,C,200,1012,NaN,S,60,NaN,
2012092006,c3e.2012,9X-C3E,TD,DEV,13.0,259.8,20,1009,288,16,288,16,NaN,NaN,NaN,NaN,NaN,NaN,NaN,NaN,NaN,NaN,LO,NW,b,b,NaN,NaN,NaN,NaN,NaN,NaN,
2012092012,c3e.2012,9X-C3E,TD,DEV,13.4,258.4,20,1009,289,20,289,20,NaN,NaN,NaN,NaN,NaN,NaN,NaN,NaN,NaN,NaN,LO,NW,b,b,NaN,NaN,NaN,NaN,NaN,NaN,
2012092018,c3e.2012,9X-C3E,TD,DEV,13.6,257.2,25,1008,285,12,283,13,NaN,NaN,NaN,NaN,NaN,NaN,NaN,NaN,NaN,NaN,LO,NW,C,C,180,1011,NaN,M,50,NaN,
2012092100,c3e.2012,9X-C3E,TD,DEV,13.6,256.7,25,1007,280,10,277,8,NaN,NaN,NaN,NaN,NaN,NaN,NaN,NaN,NaN,NaN,LO,NW,C,C,240,1009,NaN,M,50,NaN,
2012092106,c3e.2012,9X-C3E,TD,DEV,13.7,255.5,25,1006,275,9,273,8,NaN,NaN,NaN,NaN,NaN,NaN,NaN,NaN,NaN,NaN,LO,NW,C,C,240,1009,NaN,M,50,NaN,
2012092112,c3e.2012,9X-C3E,TD,DEV,13.7,255.3,25,1006,275,7,274,7,NaN,NaN,NaN,NaN,NaN,NaN,NaN,NaN,NaN,NaN,LO,NW,C,C,240,1008,NaN,M,60,NaN,
2012092118,c3e.2012,9X-C3E,TD,DEV,13.3,254.1,25,1006,270,8,254,7,NaN,NaN,NaN,NaN,NaN,NaN,NaN,NaN,NaN,NaN,DB,NW,C,C,220,1008,NaN,S,60,NaN,
2012092518,c4e.2012,9X-C4E,TS,DEV,11.8,258.5,25,1009,282,10,282,10,NaN,NaN,NaN,NaN,NaN,NaN,NaN,NaN,NaN,NaN,DB,NW,b,b,NaN,NaN,NaN,NaN,NaN,NaN,
2012092600,c4e.2012,9X-C4E,TS,DEV,12.0,257.5,25,1009,282,10,282,10,NaN,NaN,NaN,NaN,NaN,NaN,NaN,NaN,NaN,NaN,DB,NW,b,b,NaN,NaN,NaN,NaN,NaN,NaN,
2012092606,c4e.2012,9X-C4E,TS,DEV,12.2,256.5,25,1009,282,10,282,10,NaN,NaN,NaN,NaN,NaN,NaN,NaN,NaN,NaN,NaN,DB,NW,b,b,NaN,NaN,NaN,NaN,NaN,NaN,
2012092612,c4e.2012,9X-C4E,TS,DEV,12.6,255.7,25,1009,289,9,289,9,NaN,NaN,NaN,NaN,NaN,NaN,NaN,NaN,NaN,NaN,DB,NW,b,b,NaN,NaN,NaN,NaN,75,NaN,
2012092618,c4e.2012,9X-C4E,TS,DEV,12.6,254.8,25,1009,285,9,284,9,NaN,NaN,NaN,NaN,NaN,NaN,NaN,NaN,NaN,NaN,DB,NW,C,C,200,1013,NaN,M,75,NaN,
2012092700,c4e.2012,9X-C4E,TS,DEV,13.4,254.1,25,1007,295,9,297,9,NaN,NaN,NaN,NaN,NaN,NaN,NaN,NaN,NaN,NaN,DB,NW,C,C,240,1009,NaN,M,75,NaN,
2012092706,c4e.2012,9X-C4E,TS,DEV,14.6,253.8,25,1007,320,9,334,11,NaN,NaN,NaN,NaN,NaN,NaN,NaN,NaN,NaN,NaN,LO,NW,C,C,180,1010,NaN,M,90,NaN,
2012092712,c4e.2012,9X-C4E,TS,DEV,16.5,252.9,25,1007,330,13,339,17,NaN,NaN,NaN,NaN,NaN,NaN,NaN,NaN,NaN,NaN,LO,NW,C,C,180,1010,NaN,M,90,NaN,
2012092718,c4e.2012,9X-C4E,TS,DEV,17.6,252.4,25,1007,340,13,336,16,NaN,NaN,NaN,NaN,NaN,NaN,NaN,NaN,NaN,NaN,LO,NW,C,C,140,1008,NaN,M,60,NaN,
2012092800,c4e.2012,9X-C4E,TS,DEV,19.1,252.0,30,1006,345,14,342,14,NaN,NaN,NaN,NaN,NaN,NaN,NaN,NaN,NaN,NaN,LO,NW,C,C,155,1008,NaN,M,150,NaN,
2012092806,c4e.2012,9X-C4E,TS,DEV,21.3,251.3,35,1005,355,16,344,19,60,60,,,,NaN,NaN,NaN,NaN,NaN,LO,NW,C,C,120,1010,NaN,M,40,NaN,
2012100500,c6e.2012,9X-C6E,TD,DEV,13.2,249.3,20,1009,272,16,272,16,NaN,NaN,NaN,NaN,NaN,NaN,NaN,NaN,NaN,NaN,DB,NW,b,b,NaN,NaN,NaN,NaN,NaN,NaN,
2012100506,c6e.2012,9X-C6E,TD,DEV,13.3,247.6,25,1009,272,16,272,16,NaN,NaN,NaN,NaN,NaN,NaN,NaN,NaN,NaN,NaN,DB,NW,b,b,NaN,NaN,NaN,NaN,NaN,NaN,
2012100512,c6e.2012,9X-C6E,TD,DEV,13.3,246.0,25,1009,272,16,272,16,NaN,NaN,NaN,NaN,NaN,NaN,NaN,NaN,NaN,NaN,DB,NW,b,b,NaN,NaN,NaN,NaN,NaN,NaN,
2012100518,c6e.2012,9X-C6E,TD,DEV,13.2,244.5,30,1008,270,16,268,15,NaN,NaN,NaN,NaN,NaN,NaN,NaN,NaN,NaN,NaN,DB,NW,C,C,180,1011,NaN,S,50,NaN,
2012100600,c6e.2012,9X-C6E,TD,DEV,13.5,243.5,30,1008,275,13,275,12,NaN,NaN,NaN,NaN,NaN,NaN,NaN,NaN,NaN,NaN,DB,NW,C,C,180,1011,NaN,S,50,NaN,
2012100606,c6e.2012,9X-C6E,TD,DEV,13.8,242.5,30,1008,280,11,287,10,NaN,NaN,NaN,NaN,NaN,NaN,NaN,NaN,NaN,NaN,DB,NW,C,C,180,1011,NaN,S,50,NaN,
2012101106,c7e.2012,9X-C7E,TD,DEV,11.6,258.3,20,1009,262,14,273,8,NaN,NaN,NaN,NaN,NaN,NaN,NaN,NaN,NaN,NaN,DB,NW,b,b,NaN,NaN,NaN,NaN,NaN,NaN,
2012101112,c7e.2012,9X-C7E,TD,DEV,11.6,257.4,20,1008,268,56,273,8,NaN,NaN,NaN,NaN,NaN,NaN,NaN,NaN,NaN,NaN,DB,NW,b,b,NaN,NaN,NaN,NaN,NaN,NaN,
2012101118,c7e.2012,9X-C7E,TD,DEV,11.7,256.6,20,1008,273,8,273,8,NaN,NaN,NaN,NaN,NaN,NaN,NaN,NaN,NaN,NaN,DB,NW,b,b,NaN,NaN,NaN,NaN,NaN,NaN,
2012101200,c7e.2012,9X-C7E,TD,DEV,11.7,255.9,20,1008,275,8,274,7,NaN,NaN,NaN,NaN,NaN,NaN,NaN,NaN,NaN,NaN,DB,NW,C,C,110,1010,NaN,S,50,NaN,
2012101206,c7e.2012,9X-C7E,TD,DEV,12.3,255.0,25,1007,280,8,291,8,NaN,NaN,NaN,NaN,NaN,NaN,NaN,NaN,NaN,NaN,DB,NW,C,C,150,1010,NaN,S,60,NaN,
2012101212,c7e.2012,9X-C7E,TD,DEV,13.2,254.1,25,1007,310,12,310,12,NaN,NaN,NaN,NaN,NaN,NaN,NaN,NaN,NaN,NaN,DB,NW,b,b,NaN,NaN,NaN,NaN,NaN,NaN,
2012101218,c7e.2012,9X-C7E,TD,DEV,13.6,253.2,25,1007,307,11,307,11,NaN,NaN,NaN,NaN,NaN,NaN,NaN,NaN,NaN,NaN,DB,NW,b,b,NaN,NaN,NaN,NaN,NaN,NaN,
2012101300,c7e.2012,9X-C7E,TD,DEV,15.2,251.9,25,1007,315,14,313,15,NaN,NaN,NaN,NaN,NaN,NaN,NaN,NaN,NaN,NaN,DB,NW,C,C,150,1010,NaN,S,60,NaN,
2012101306,c7e.2012,9X-C7E,TD,DEV,14.5,250.3,25,1007,290,13,288,15,NaN,NaN,NaN,NaN,NaN,NaN,NaN,NaN,NaN,NaN,DB,NW,C,C,150,1010,NaN,S,60,NaN,
2012101312,c7e.2012,9X-C7E,TD,DEV,14.7,249.3,25,1007,280,14,259,13,NaN,NaN,NaN,NaN,NaN,NaN,NaN,NaN,NaN,NaN,LO,NW,C,C,150,1010,NaN,M,60,NaN,
2012102618,c8e.2012,9X-C8E,TD,DEV,10.3,253.3,20,1009,278,7,278,7,NaN,NaN,NaN,NaN,NaN,NaN,NaN,NaN,NaN,NaN,DB,NW,b,b,NaN,NaN,NaN,NaN,NaN,NaN,
2012102700,c8e.2012,9X-C8E,TD,DEV,10.4,252.6,20,1009,278,7,278,7,NaN,NaN,NaN,NaN,NaN,NaN,NaN,NaN,NaN,NaN,DB,NW,b,b,NaN,NaN,NaN,NaN,NaN,NaN,
2012102706,c8e.2012,9X-C8E,TD,DEV,10.5,251.8,25,1008,278,7,278,7,NaN,NaN,NaN,NaN,NaN,NaN,NaN,NaN,NaN,NaN,LO,NW,b,b,NaN,NaN,NaN,NaN,NaN,NaN,
2012102712,c8e.2012,9X-C8E,TD,DEV,10.7,251.1,25,1007,281,8,281,8,NaN,NaN,NaN,NaN,NaN,NaN,NaN,NaN,NaN,NaN,LO,NW,b,b,NaN,NaN,NaN,NaN,NaN,NaN,
2012102718,c8e.2012,9X-C8E,TD,DEV,10.8,250.4,25,1007,280,7,282,7,NaN,NaN,NaN,NaN,NaN,NaN,NaN,NaN,NaN,NaN,LO,NW,C,C,150,1008,NaN,S,60,NaN,
2012102800,c8e.2012,9X-C8E,TD,DEV,11.2,249.6,25,1007,290,8,289,8,NaN,NaN,NaN,NaN,NaN,NaN,NaN,NaN,NaN,NaN,LO,NW,C,C,150,1008,NaN,S,60,NaN,
2012102806,c8e.2012,9X-C8E,TD,DEV,11.4,249.2,25,1006,290,7,297,7,NaN,NaN,NaN,NaN,NaN,NaN,NaN,NaN,NaN,NaN,LO,NW,C,C,150,1008,NaN,S,60,NaN,
2012102812,c8e.2012,9X-C8E,TD,DEV,12.6,249.4,25,1006,290,9,352,7,NaN,NaN,NaN,NaN,NaN,NaN,NaN,NaN,NaN,NaN,LO,NW,C,C,175,1009,NaN,S,70,NaN,
2012102818,c8e.2012,9X-C8E,TD,DEV,12.8,248.7,25,1006,290,9,341,7,NaN,NaN,NaN,NaN,NaN,NaN,NaN,NaN,NaN,NaN,LO,NW,C,C,175,1009,NaN,S,70,NaN,
2012102900,c8e.2012,9X-C8E,TD,DEV,12.6,248.3,25,1006,295,7,270,5,NaN,NaN,NaN,NaN,NaN,NaN,NaN,NaN,NaN,NaN,LO,NW,C,C,170,1009,NaN,M,50,NaN,
2012102906,c8e.2012,9X-C8E,TD,DEV,13.0,247.2,25,1006,278,7,278,7,NaN,NaN,NaN,NaN,NaN,NaN,NaN,NaN,NaN,NaN,LO,NW,b,b,170,1009,NaN,M,50,NaN,
2012102912,c8e.2012,9X-C8E,TD,DEV,13.3,246.3,30,1006,290,10,290,10,NaN,NaN,NaN,NaN,NaN,NaN,NaN,NaN,NaN,NaN,LO,NW,b,b,175,1009,NaN,M,50,NaN,
2012102918,c8e.2012,9X-C8E,TD,DEV,13.7,245.6,30,1006,294,9,294,9,NaN,NaN,NaN,NaN,NaN,NaN,NaN,NaN,NaN,NaN,LO,NW,b,b,175,1009,NaN,M,80,NaN,
2012103000,c8e.2012,9X-C8E,TD,DEV,14.1,245.0,30,1006,302,7,302,7,NaN,NaN,NaN,NaN,NaN,NaN,NaN,NaN,NaN,NaN,LO,NW,b,b,175,1009,NaN,M,80,NaN,
2012102906,c9e.2012,9X-C9E,TD,NONdev,13.2,254.6,25,1009,286,6,286,6,NaN,NaN,NaN,NaN,NaN,NaN,NaN,NaN,NaN,NaN,DB,NW,b,b,NaN,NaN,NaN,NaN,NaN,NaN,
2012102912,c9e.2012,9X-C9E,TD,NONdev,13.4,254.0,25,1009,286,6,286,6,NaN,NaN,NaN,NaN,NaN,NaN,NaN,NaN,NaN,NaN,DB,NW,b,b,NaN,NaN,NaN,NaN,NaN,NaN,
2012102918,c9e.2012,9X-C9E,TD,NONdev,13.5,253.5,25,1009,286,6,286,6,NaN,NaN,NaN,NaN,NaN,NaN,NaN,NaN,NaN,NaN,DB,NW,b,b,NaN,NaN,NaN,NaN,NaN,NaN,
2012103000,c9e.2012,9X-C9E,TD,NONdev,13.6,253.0,25,1009,285,5,282,5,NaN,NaN,NaN,NaN,NaN,NaN,NaN,NaN,NaN,NaN,DB,NW,C,C,150,1010,NaN,S,NaN,NaN,
2012103006,c9e.2012,9X-C9E,TD,NONdev,13.8,253.1,25,1009,295,3,308,2,NaN,NaN,NaN,NaN,NaN,NaN,NaN,NaN,NaN,NaN,DB,NW,C,C,150,1010,NaN,S,NaN,NaN,
2012110300,d0e.2012,9X-D0E,TD,NONdev,14.1,250.0,25,1009,360,4,360,5,NaN,NaN,NaN,NaN,NaN,NaN,NaN,NaN,NaN,NaN,DB,NW,b,b,NaN,NaN,NaN,NaN,NaN,NaN,
2012110306,d0e.2012,9X-D0E,TD,NONdev,14.5,250.0,25,1008,360,4,360,5,NaN,NaN,NaN,NaN,NaN,NaN,NaN,NaN,NaN,NaN,DB,NW,b,b,NaN,NaN,NaN,NaN,NaN,NaN,
2012110312,d0e.2012,9X-D0E,TD,NONdev,15.0,250.0,25,1008,360,4,360,5,NaN,NaN,NaN,NaN,NaN,NaN,NaN,NaN,NaN,NaN,DB,NW,b,b,NaN,NaN,NaN,NaN,NaN,NaN,
2012110318,d0e.2012,9X-D0E,TD,NONdev,15.5,250.2,25,1007,11,5,11,5,NaN,NaN,NaN,NaN,NaN,NaN,NaN,NaN,NaN,NaN,LO,NW,b,b,NaN,NaN,NaN,NaN,NaN,NaN,
2012110400,d0e.2012,9X-D0E,TD,NONdev,15.9,250.5,25,1007,28,5,28,5,NaN,NaN,NaN,NaN,NaN,NaN,NaN,NaN,NaN,NaN,LO,NW,b,b,200,1010,NaN,M,50,NaN,
2012110406,d0e.2012,9X-D0E,TD,NONdev,16.2,250.9,30,1006,44,5,44,5,NaN,NaN,NaN,NaN,NaN,NaN,NaN,NaN,NaN,NaN,LO,NW,b,b,200,1009,NaN,M,60,NaN,
2012110412,d0e.2012,9X-D0E,TD,NONdev,16.3,251.2,30,1006,59,4,59,4,NaN,NaN,NaN,NaN,NaN,NaN,NaN,NaN,NaN,NaN,LO,NW,b,b,200,1009,NaN,M,80,NaN,
2012110418,d0e.2012,9X-D0E,TD,NONdev,16.3,251.4,25,1007,78,2,78,2,NaN,NaN,NaN,NaN,NaN,NaN,NaN,NaN,NaN,NaN,LO,NW,b,b,150,1009,NaN,S,100,NaN,
2012101800,a5b.2012,9X-A5B,TS,NN,6.4,80.6,15,1010,285,6,285,6,NaN,NaN,NaN,NaN,NaN,NaN,NaN,NaN,NaN,NaN,DB,NW,b,b,NaN,NaN,0.95,NaN,NaN,NaN,
2012101806,a5b.2012,9X-A5B,TS,NN,6.3,80.1,15,1010,285,6,285,6,NaN,NaN,NaN,NaN,NaN,NaN,NaN,NaN,NaN,NaN,DB,NW,b,b,NaN,NaN,0.52,NaN,NaN,NaN,
2012101812,a5b.2012,9X-A5B,TS,NN,6.7,79.5,15,1010,285,6,285,6,NaN,NaN,NaN,NaN,NaN,NaN,NaN,NaN,NaN,NaN,DB,NW,b,b,NaN,NaN,0.05,NaN,NaN,NaN,
2012101818,a5b.2012,9X-A5B,TS,NN,6.2,79.7,15,NaN,251,3,256,2,NaN,NaN,NaN,NaN,NaN,NaN,NaN,NaN,NaN,NaN,NT,NW,c,c,NaN,NaN,NaN,NaN,NaN,NaN,
2012101900,a5b.2012,9X-A5B,TS,NN,6.3,78.8,15,NaN,270,4,240,4,NaN,NaN,NaN,NaN,NaN,NaN,NaN,NaN,NaN,NaN,NT,NW,c,c,NaN,NaN,NaN,NaN,NaN,NaN,
2012101906,a5b.2012,9X-A5B,TS,NN,6.7,77.9,15,NaN,270,5,286,9,NaN,NaN,NaN,NaN,NaN,NaN,NaN,NaN,NaN,NaN,NT,NW,c,c,NaN,NaN,NaN,NaN,NaN,NaN,
2012101912,a5b.2012,9X-A5B,TS,NN,6.9,77.4,15,NaN,270,4,293,8,NaN,NaN,NaN,NaN,NaN,NaN,NaN,NaN,NaN,NaN,NT,NW,c,c,NaN,NaN,NaN,NaN,NaN,NaN,
2012101918,a5b.2012,9X-A5B,TS,NN,7.8,78.4,15,NaN,270,3,24,6,NaN,NaN,NaN,NaN,NaN,NaN,NaN,NaN,NaN,NaN,NT,NW,c,c,NaN,NaN,0.01,NaN,NaN,NaN,
2012102000,a5b.2012,9X-A5B,TS,NN,7.8,78.0,15,NaN,270,3,33,5,NaN,NaN,NaN,NaN,NaN,NaN,NaN,NaN,NaN,NaN,NT,NW,c,c,NaN,NaN,0.16,NaN,NaN,NaN,
2012102006,a5b.2012,9X-A5B,TS,NN,8.5,76.8,15,NaN,270,3,121,7,NaN,NaN,NaN,NaN,NaN,NaN,NaN,NaN,NaN,NaN,NT,NW,c,c,NaN,NaN,0.11,NaN,NaN,NaN,
2012102012,a5b.2012,9X-A5B,TS,NN,9.1,75.6,15,NaN,270,3,209,9,NaN,NaN,NaN,NaN,NaN,NaN,NaN,NaN,NaN,NaN,NT,NW,c,c,NaN,NaN,0.05,NaN,NaN,NaN,
2012102018,a5b.2012,9X-A5B,TS,NN,9.8,74.4,15,NaN,286,4,297,11,NaN,NaN,NaN,NaN,NaN,NaN,NaN,NaN,NaN,NaN,NT,NW,c,c,NaN,NaN,NaN,NaN,NaN,NaN,
2012102100,a5b.2012,9X-A5B,TS,NN,9.9,74.1,15,NaN,289,3,299,11,NaN,NaN,NaN,NaN,NaN,NaN,NaN,NaN,NaN,NaN,NT,NW,c,c,NaN,NaN,NaN,NaN,NaN,NaN,
2012102106,a5b.2012,9X-A5B,TS,NN,9.2,72.4,15,NaN,289,2,253,10,NaN,NaN,NaN,NaN,NaN,NaN,NaN,NaN,NaN,NaN,NT,NW,c,c,NaN,NaN,NaN,NaN,NaN,NaN,
2012102112,a5b.2012,9X-A5B,TS,NN,11.3,70.7,15,NaN,284,2,293,18,NaN,NaN,NaN,NaN,NaN,NaN,NaN,NaN,NaN,NaN,NT,NW,c,c,NaN,NaN,NaN,NaN,NaN,NaN,
2012102118,a5b.2012,9X-A5B,TS,NN,11.3,70.5,15,NaN,270,2,318,14,NaN,NaN,NaN,NaN,NaN,NaN,NaN,NaN,NaN,NaN,NT,NW,c,c,NaN,NaN,NaN,NaN,NaN,NaN,
2012102200,a5b.2012,9X-A5B,TS,NN,11.4,70.0,15,NaN,270,2,278,3,NaN,NaN,NaN,NaN,NaN,NaN,NaN,NaN,NaN,NaN,NT,NW,c,c,NaN,NaN,NaN,NaN,NaN,NaN,
2012102206,a5b.2012,9X-A5B,TS,NN,11.4,68.5,15,1008,270,2,275,6,NaN,NaN,NaN,NaN,NaN,NaN,NaN,NaN,NaN,NaN,NT,NW,c,c,150,1010,NaN,NaN,NaN,NaN,
2012102212,a5b.2012,9X-A5B,TS,NN,11.3,66.9,15,1008,270,2,273,10,NaN,NaN,NaN,NaN,NaN,NaN,NaN,NaN,NaN,NaN,NT,NW,c,c,150,1010,NaN,NaN,NaN,NaN,
2012102218,a5b.2012,9X-A5B,TS,NN,11.3,65.4,15,1008,276,9,270,13,NaN,NaN,NaN,NaN,NaN,NaN,NaN,NaN,NaN,NaN,DB,NW,B,B,150,1010,NaN,S,40,NaN,
2012102300,a5b.2012,9X-A5B,TS,NN,11.5,64.6,20,1007,276,9,271,13,NaN,NaN,NaN,NaN,NaN,NaN,NaN,NaN,NaN,NaN,DB,NW,B,B,150,1010,NaN,S,40,NaN,
2012102306,a5b.2012,9X-A5B,TS,NN,11.5,63.5,20,1007,276,9,276,9,NaN,NaN,NaN,NaN,NaN,NaN,NaN,NaN,NaN,NaN,DB,NW,B,B,NaN,NaN,NaN,NaN,NaN,NaN,
2012102312,a5b.2012,9X-A5B,TS,NN,11.3,62.1,25,1004,265,12,265,12,NaN,NaN,NaN,NaN,NaN,NaN,NaN,NaN,NaN,NaN,DB,NW,B,B,NaN,NaN,NaN,NaN,NaN,NaN,
2012102318,a5b.2012,9X-A5B,TS,NN,10.9,60.6,30,1000,258,15,258,15,NaN,NaN,NaN,NaN,NaN,NaN,NaN,NaN,NaN,NaN,DB,NW,B,B,170,1009,NaN,S,45,NaN,
2012102400,a5b.2012,9X-A5B,TS,NN,10.6,59.1,30,1000,257,15,257,15,NaN,NaN,NaN,NaN,NaN,NaN,NaN,NaN,NaN,NaN,DB,NW,B,B,170,1008,NaN,S,40,NaN,
2012102406,a5b.2012,9X-A5B,TS,NN,10.5,57.6,30,1000,262,15,262,15,NaN,NaN,NaN,NaN,NaN,NaN,NaN,NaN,NaN,NaN,DB,NW,B,B,170,1008,NaN,S,40,NaN,
2012102412,01a.2012,MURJAN,TS,NN,10.5,56.3,35,996,268,14,268,14,NaN,NaN,NaN,NaN,NaN,NaN,NaN,NaN,NaN,NaN,TS,WN,B,B,170,1008,NaN,M,40,RCB,
2012102418,01a.2012,MURJAN,TS,NN,10.4,55.0,35,996,268,13,268,13,NaN,NaN,NaN,NaN,NaN,NaN,NaN,NaN,NaN,NaN,TS,WN,B,B,170,1008,NaN,M,40,JDC,
2012102500,01a.2012,MURJAN,TS,NN,10.2,53.7,35,996,263,13,263,13,NaN,NaN,NaN,NaN,NaN,NaN,NaN,NaN,NaN,NaN,TS,WN,B,B,160,1007,NaN,M,40,JDC,
2012102506,01a.2012,MURJAN,TS,NN,9.9,52.5,35,996,259,13,259,13,NaN,NaN,NaN,NaN,NaN,NaN,NaN,NaN,NaN,NaN,TS,WN,B,B,170,1007,NaN,M,40,SJB,
2012102512,01a.2012,MURJAN,TS,NN,9.6,51.3,35,996,256,12,256,12,NaN,NaN,NaN,NaN,NaN,NaN,NaN,NaN,NaN,NaN,TS,WN,B,B,170,1007,NaN,M,40,SJB,
2012102518,01a.2012,MURJAN,TS,NN,9.5,50.1,30,1000,260,12,260,12,NaN,NaN,NaN,NaN,NaN,NaN,NaN,NaN,NaN,NaN,TD,WN,B,B,170,1008,1.00,NaN,30,JDC,
2012102600,01a.2012,MURJAN,TS,NN,9.2,47.7,25,1004,264,18,264,18,NaN,NaN,NaN,NaN,NaN,NaN,NaN,NaN,NaN,NaN,TD,NW,B,B,170,1007,1.00,NaN,30,NaN,
2012102606,01a.2012,MURJAN,TS,NN,9.2,46.1,25,NaN,264,21,266,20,NaN,NaN,NaN,NaN,NaN,NaN,NaN,NaN,NaN,NaN,TW,NW,c,c,NaN,NaN,1.00,NaN,NaN,NaN,
2012102106,h3w.2012,9X-H3W,TS,NN,5.5,110.1,15,1010,336,11,336,11,NaN,NaN,NaN,NaN,NaN,NaN,NaN,NaN,NaN,NaN,DB,NW,b,b,NaN,NaN,NaN,NaN,NaN,NaN,
2012102112,h3w.2012,9X-H3W,TS,NN,5.8,109.5,15,1010,336,11,336,11,NaN,NaN,NaN,NaN,NaN,NaN,NaN,NaN,NaN,NaN,DB,NW,b,b,NaN,NaN,NaN,NaN,NaN,NaN,
2012102118,h3w.2012,9X-H3W,TS,NN,7.5,109.2,15,1010,336,11,336,11,NaN,NaN,NaN,NaN,NaN,NaN,NaN,NaN,NaN,NaN,DB,NW,b,b,NaN,NaN,NaN,NaN,NaN,NaN,
2012102200,h3w.2012,9X-H3W,TS,NN,5.0,109.0,15,NaN,247,4,212,5,NaN,NaN,NaN,NaN,NaN,NaN,NaN,NaN,NaN,NaN,NT,NW,c,c,NaN,NaN,NaN,NaN,NaN,NaN,
2012102206,h3w.2012,9X-H3W,TS,NN,5.3,107.5,15,NaN,261,7,218,14,NaN,NaN,NaN,NaN,NaN,NaN,NaN,NaN,NaN,NaN,NT,NW,c,c,NaN,NaN,NaN,NaN,NaN,NaN,
2012102212,h3w.2012,9X-H3W,TS,NN,7.5,106.4,15,NaN,270,9,314,18,NaN,NaN,NaN,NaN,NaN,NaN,NaN,NaN,NaN,NaN,NT,NW,c,c,NaN,NaN,NaN,NaN,NaN,NaN,
2012102218,h3w.2012,9X-H3W,TS,NN,8.0,102.9,15,NaN,276,13,301,27,NaN,NaN,NaN,NaN,NaN,NaN,NaN,NaN,NaN,NaN,NT,NW,c,c,NaN,NaN,NaN,NaN,NaN,NaN,
2012102300,h3w.2012,9X-H3W,TS,NN,8.4,101.8,15,NaN,284,12,281,23,NaN,NaN,NaN,NaN,NaN,NaN,NaN,NaN,NaN,NaN,NT,NW,c,c,NaN,NaN,NaN,NaN,NaN,NaN,
2012102306,h3w.2012,9X-H3W,TS,NN,8.7,100.6,15,NaN,287,12,287,12,NaN,NaN,NaN,NaN,NaN,NaN,NaN,NaN,NaN,NaN,NT,NW,c,c,NaN,NaN,0.13,NaN,NaN,NaN,
2012102312,h3w.2012,9X-H3W,TS,NN,10.3,99.7,15,NaN,292,11,313,14,NaN,NaN,NaN,NaN,NaN,NaN,NaN,NaN,NaN,NaN,NT,NW,c,c,NaN,NaN,0.30,NaN,NaN,NaN,
2012102318,h3w.2012,9X-H3W,TS,NN,11.3,99.2,15,NaN,302,10,332,15,NaN,NaN,NaN,NaN,NaN,NaN,NaN,NaN,NaN,NaN,NT,NW,c,c,NaN,NaN,0.82,NaN,NaN,NaN,
2012102400,h3w.2012,9X-H3W,TS,NN,12.3,98.9,15,NaN,311,9,339,11,NaN,NaN,NaN,NaN,NaN,NaN,NaN,NaN,NaN,NaN,NT,NW,c,c,NaN,NaN,0.84,NaN,NaN,NaN,
2012102406,h3w.2012,9X-H3W,TS,NN,11.2,97.7,15,NaN,311,9,292,10,NaN,NaN,NaN,NaN,NaN,NaN,NaN,NaN,NaN,NaN,NT,NW,c,c,NaN,NaN,0.42,NaN,NaN,NaN,
2012102412,h3w.2012,9X-H3W,TS,NN,10.0,96.5,15,NaN,260,6,244,10,NaN,NaN,NaN,NaN,NaN,NaN,NaN,NaN,NaN,NaN,NT,NW,c,c,NaN,NaN,NaN,NaN,NaN,NaN,
2012102418,h3w.2012,9X-H3W,TS,NN,10.2,95.8,15,NaN,279,6,235,12,NaN,NaN,NaN,NaN,NaN,NaN,NaN,NaN,NaN,NaN,NT,NW,c,c,NaN,NaN,NaN,NaN,NaN,NaN,
2012102500,h3w.2012,9X-H3W,TS,NN,10.2,95.3,15,NaN,280,6,280,6,NaN,NaN,NaN,NaN,NaN,NaN,NaN,NaN,NaN,NaN,NT,NW,c,c,NaN,NaN,NaN,NaN,NaN,NaN,
2012102506,h3w.2012,9X-H3W,TS,NN,11.1,94.1,15,NaN,270,5,298,9,NaN,NaN,NaN,NaN,NaN,NaN,NaN,NaN,NaN,NaN,NT,NW,c,c,NaN,NaN,NaN,NaN,NaN,NaN,
2012102512,h3w.2012,9X-H3W,TS,NN,11.7,95.1,15,NaN,270,6,353,8,NaN,NaN,NaN,NaN,NaN,NaN,NaN,NaN,NaN,NaN,NT,NW,c,c,NaN,NaN,NaN,NaN,NaN,NaN,
2012102518,h3w.2012,9X-H3W,TS,NN,11.7,94.0,15,NaN,270,4,351,3,NaN,NaN,NaN,NaN,NaN,NaN,NaN,NaN,NaN,NaN,NT,NW,c,c,NaN,NaN,NaN,NaN,NaN,NaN,
2012102600,h3w.2012,9X-H3W,TS,NN,11.7,93.4,15,NaN,270,5,270,8,NaN,NaN,NaN,NaN,NaN,NaN,NaN,NaN,NaN,NaN,NT,NW,c,c,NaN,NaN,NaN,NaN,NaN,NaN,
2012102606,h3w.2012,9X-H3W,TS,NN,10.9,92.2,15,NaN,264,5,246,10,NaN,NaN,NaN,NaN,NaN,NaN,NaN,NaN,NaN,NaN,NT,NW,c,c,NaN,NaN,0.04,NaN,NaN,NaN,
2012102612,h3w.2012,9X-H3W,TS,NN,10.9,92.5,15,NaN,270,4,228,6,NaN,NaN,NaN,NaN,NaN,NaN,NaN,NaN,NaN,NaN,NT,NW,c,c,NaN,NaN,0.07,NaN,NaN,NaN,
2012102618,h3w.2012,9X-H3W,TS,NN,12.2,91.1,15,1008,295,7,320,8,NaN,NaN,NaN,NaN,NaN,NaN,NaN,NaN,NaN,NaN,DB,NW,C,C,125,1009,NaN,S,40,NaN,
2012102700,h3w.2012,9X-H3W,TS,NN,12.3,90.3,20,1008,285,7,303,13,NaN,NaN,NaN,NaN,NaN,NaN,NaN,NaN,NaN,NaN,DB,NW,C,C,125,1009,NaN,S,40,NaN,
2012102706,h3w.2012,9X-H3W,TS,NN,11.1,87.1,15,1010,217,6,254,20,NaN,NaN,NaN,NaN,NaN,NaN,NaN,NaN,NaN,NaN,DB,NW,B,B,140,1009,NaN,S,40,NaN,
2012102712,h3w.2012,9X-H3W,TS,NN,10.7,86.8,20,1007,217,6,245,19,NaN,NaN,NaN,NaN,NaN,NaN,NaN,NaN,NaN,NaN,DB,NW,B,B,140,1009,NaN,S,40,NaN,
2012102718,h3w.2012,9X-H3W,TS,NN,10.2,86.4,20,1007,217,6,217,6,NaN,NaN,NaN,NaN,NaN,NaN,NaN,NaN,NaN,NaN,DB,NW,B,B,140,1008,NaN,S,40,NaN,
2012102800,h3w.2012,9X-H3W,TS,NN,10.0,85.9,25,1004,232,6,232,6,NaN,NaN,NaN,NaN,NaN,NaN,NaN,NaN,NaN,NaN,TD,NW,B,B,120,1006,NaN,S,40,NaN,
2012102806,h3w.2012,9X-H3W,TS,NN,9.8,85.4,25,1004,248,5,248,5,NaN,NaN,NaN,NaN,NaN,NaN,NaN,NaN,NaN,NaN,TD,NW,B,B,120,1006,NaN,S,40,NaN,
2012102812,h3w.2012,9X-H3W,TS,NN,9.6,84.9,25,1004,248,5,248,5,NaN,NaN,NaN,NaN,NaN,NaN,NaN,NaN,NaN,NaN,TD,NW,B,B,120,1006,NaN,S,40,NaN,
2012102818,h3w.2012,9X-H3W,TS,NN,9.5,84.2,30,1000,256,6,256,6,NaN,NaN,NaN,NaN,NaN,NaN,NaN,NaN,NaN,NaN,TD,NW,B,B,150,1006,NaN,S,40,NaN,
2012102900,h3w.2012,9X-H3W,TS,NN,9.7,83.4,30,1000,274,7,274,7,NaN,NaN,NaN,NaN,NaN,NaN,NaN,NaN,NaN,NaN,TD,NW,B,B,180,1007,NaN,S,40,NaN,
2012102906,h3w.2012,9X-H3W,TS,NN,9.1,82.8,30,1000,254,7,254,7,NaN,NaN,NaN,NaN,NaN,NaN,NaN,NaN,NaN,NaN,TD,NW,B,B,180,1007,NaN,S,40,NaN,
2012102912,02b.2012,NILAM,TS,NN,8.6,82.4,35,996,222,7,222,7,NaN,NaN,NaN,NaN,NaN,NaN,NaN,NaN,NaN,NaN,TS,WN,B,B,190,1007,NaN,S,40,RCB,
2012102918,02b.2012,NILAM,TS,NN,8.4,83.0,40,993,164,4,164,4,50,50,50,50,50,NaN,NaN,NaN,NaN,NaN,TS,WN,B,B,190,1007,NaN,S,40,SJB,
2012103000,02b.2012,NILAM,TS,NN,8.6,83.5,40,993,90,5,90,5,50,50,50,50,50,NaN,NaN,NaN,NaN,NaN,TS,WN,B,B,190,1007,NaN,M,40,SJB,
2012103006,02b.2012,NILAM,TS,NN,9.1,83.3,45,989,23,4,23,4,50,50,50,50,50,NaN,NaN,NaN,NaN,NaN,TS,WN,B,B,200,1006,NaN,M,40,JDC,
2012103012,02b.2012,NILAM,TS,NN,9.9,83.2,45,989,347,7,347,7,50,50,50,50,50,NaN,NaN,NaN,NaN,NaN,TS,WN,B,B,200,1006,NaN,M,35,JDC,
2012103018,02b.2012,NILAM,TS,NN,10.8,83.0,50,985,350,9,350,9,75,70,85,80,65,NaN,NaN,NaN,NaN,NaN,TS,WN,B,B,200,1006,NaN,M,35,ADL,
2012103100,02b.2012,NILAM,TS,NN,11.3,82.0,50,985,320,9,320,9,69,60,75,75,65,NaN,NaN,NaN,NaN,NaN,TS,WN,B,B,200,1006,NaN,M,35,ADL,
2012103106,02b.2012,NILAM,TS,NN,11.9,81.0,50,985,299,11,299,11,70,65,75,75,65,20,20,20,75,20,TS,WN,B,B,200,1005,NaN,M,15,JDC,
2012103112,02b.2012,NILAM,TS,NN,12.7,79.8,50,985,303,13,303,13,70,65,75,75,65,20,20,20,75,20,TS,WN,B,B,190,1004,0.61,M,20,JDC,
2012103118,02b.2012,NILAM,TS,NN,13.4,78.0,45,989,297,16,297,16,70,65,75,75,65,NaN,NaN,NaN,NaN,NaN,TS,NW,B,B,190,1004,0.99,NaN,20,NaN,
2012111118,a8b.2012,9X-A8B,TS,NN,5.3,91.1,15,1010,334,11,334,11,NaN,NaN,NaN,NaN,NaN,NaN,NaN,NaN,NaN,NaN,DB,NW,b,b,NaN,NaN,NaN,NaN,NaN,NaN,
2012111200,a8b.2012,9X-A8B,TS,NN,5.5,89.2,15,1010,334,11,334,11,NaN,NaN,NaN,NaN,NaN,NaN,NaN,NaN,NaN,NaN,DB,NW,b,b,NaN,NaN,NaN,NaN,NaN,NaN,
2012111206,a8b.2012,9X-A8B,TS,NN,7.3,90.1,15,1010,334,11,334,11,NaN,NaN,NaN,NaN,NaN,NaN,NaN,NaN,NaN,NaN,DB,NW,b,b,NaN,NaN,NaN,NaN,NaN,NaN,
2012111212,a8b.2012,9X-A8B,TS,NN,5.6,90.2,15,NaN,289,3,84,5,NaN,NaN,NaN,NaN,NaN,NaN,NaN,NaN,NaN,NaN,NT,NW,c,c,NaN,NaN,NaN,NaN,NaN,NaN,
2012111218,a8b.2012,9X-A8B,TS,NN,5.7,88.1,15,NaN,278,4,231,13,NaN,NaN,NaN,NaN,NaN,NaN,NaN,NaN,NaN,NaN,NT,NW,c,c,NaN,NaN,NaN,NaN,NaN,NaN,
2012111300,a8b.2012,9X-A8B,TS,NN,7.5,89.0,15,NaN,278,4,328,11,NaN,NaN,NaN,NaN,NaN,NaN,NaN,NaN,NaN,NaN,NT,NW,c,c,NaN,NaN,NaN,NaN,NaN,NaN,
2012111306,a8b.2012,9X-A8B,TS,NN,7.8,88.9,15,NaN,270,2,21,11,NaN,NaN,NaN,NaN,NaN,NaN,NaN,NaN,NaN,NaN,NT,NW,c,c,NaN,NaN,NaN,NaN,NaN,NaN,
2012111312,a8b.2012,9X-A8B,TS,NN,8.2,89.0,15,NaN,322,3,360,3,NaN,NaN,NaN,NaN,NaN,NaN,NaN,NaN,NaN,NaN,NT,NW,c,c,NaN,NaN,NaN,NaN,NaN,NaN,
2012111318,a8b.2012,9X-A8B,TS,NN,10.2,90.2,15,NaN,315,3,28,14,NaN,NaN,NaN,NaN,NaN,NaN,NaN,NaN,NaN,NaN,NT,NW,c,c,NaN,NaN,NaN,NaN,NaN,NaN,
2012111400,a8b.2012,9X-A8B,TS,NN,9.3,89.7,15,1010,32,6,32,6,NaN,NaN,NaN,NaN,NaN,NaN,NaN,NaN,NaN,NaN,DB,NW,b,b,NaN,NaN,NaN,NaN,NaN,NaN,
2012111406,a8b.2012,9X-A8B,TS,NN,9.5,89.7,15,NaN,352,4,215,4,NaN,NaN,NaN,NaN,NaN,NaN,NaN,NaN,NaN,NaN,NT,NW,c,c,NaN,NaN,NaN,NaN,NaN,NaN,
2012111412,a8b.2012,9X-A8B,TS,NN,9.8,89.7,15,NaN,360,4,360,2,NaN,NaN,NaN,NaN,NaN,NaN,NaN,NaN,NaN,NaN,NT,NW,c,c,NaN,NaN,NaN,NaN,NaN,NaN,
2012111418,a8b.2012,9X-A8B,TS,NN,10.9,89.6,15,NaN,360,5,356,7,NaN,NaN,NaN,NaN,NaN,NaN,NaN,NaN,NaN,NaN,NT,NW,c,c,NaN,NaN,NaN,NaN,NaN,NaN,
2012111500,a8b.2012,9X-A8B,TS,NN,12.1,91.1,15,NaN,7,8,31,13,NaN,NaN,NaN,NaN,NaN,NaN,NaN,NaN,NaN,NaN,NT,NW,c,c,NaN,NaN,NaN,NaN,NaN,NaN,
2012111506,a8b.2012,9X-A8B,TS,NN,13.5,91.1,15,NaN,3,10,29,15,NaN,NaN,NaN,NaN,NaN,NaN,NaN,NaN,NaN,NaN,NT,NW,c,c,NaN,NaN,NaN,NaN,NaN,NaN,
2012111512,a8b.2012,9X-A8B,TS,NN,14.4,91.1,15,NaN,360,8,360,12,NaN,NaN,NaN,NaN,NaN,NaN,NaN,NaN,NaN,NaN,NT,NW,c,c,NaN,NaN,NaN,NaN,NaN,NaN,
2012111518,a8b.2012,9X-A8B,TS,NN,15.9,91.3,15,NaN,6,10,5,12,NaN,NaN,NaN,NaN,NaN,NaN,NaN,NaN,NaN,NaN,NT,NW,c,c,NaN,NaN,NaN,NaN,NaN,NaN,
2012111600,a8b.2012,9X-A8B,TS,NN,14.2,90.2,20,1007,320,5,257,4,NaN,NaN,NaN,NaN,NaN,NaN,NaN,NaN,NaN,NaN,DB,NW,B,B,NaN,NaN,NaN,NaN,NaN,NaN,
2012111606,a8b.2012,9X-A8B,TS,NN,14.6,89.9,20,1007,320,5,226,9,NaN,NaN,NaN,NaN,NaN,NaN,NaN,NaN,NaN,NaN,DB,NW,B,B,NaN,NaN,NaN,NaN,NaN,NaN,
2012111612,a8b.2012,9X-A8B,TS,NN,14.9,89.6,20,1007,320,5,320,5,NaN,NaN,NaN,NaN,NaN,NaN,NaN,NaN,NaN,NaN,DB,NW,B,B,NaN,NaN,NaN,NaN,NaN,NaN,
2012111618,a8b.2012,9X-A8B,TS,NN,15.1,89.3,20,1007,311,4,311,4,NaN,NaN,NaN,NaN,NaN,NaN,NaN,NaN,NaN,NaN,TD,NW,B,B,NaN,NaN,NaN,NaN,NaN,NaN,
2012111700,a8b.2012,9X-A8B,TS,NN,15.4,89.1,25,1004,316,3,316,3,NaN,NaN,NaN,NaN,NaN,NaN,NaN,NaN,NaN,NaN,TD,NW,B,B,200,1008,NaN,S,45,NaN,
2012111706,a8b.2012,9X-A8B,TS,NN,15.8,89.1,30,1000,345,4,345,4,NaN,NaN,NaN,NaN,NaN,NaN,NaN,NaN,NaN,NaN,DB,NW,B,B,200,1008,NaN,S,45,NaN,
2012111712,a8b.2012,9X-A8B,TS,NN,16.2,89.0,30,1000,353,4,353,4,NaN,NaN,NaN,NaN,NaN,NaN,NaN,NaN,NaN,NaN,DB,NW,B,B,200,1006,NaN,S,30,NaN,
2012111718,03b.2012,THREE,TS,NN,16.3,88.7,35,996,322,3,322,3,NaN,NaN,NaN,NaN,NaN,NaN,NaN,NaN,NaN,NaN,TS,WN,B,B,200,1008,NaN,M,30,JDC,
2012111800,03b.2012,THREE,TS,NN,16.1,88.4,35,996,260,3,260,3,NaN,NaN,NaN,NaN,NaN,NaN,NaN,NaN,NaN,NaN,TS,WN,B,B,200,1007,NaN,M,30,JDC,
2012111806,03b.2012,THREE,TS,NN,16.0,88.0,35,996,246,4,246,4,50,50,50,50,50,NaN,NaN,NaN,NaN,NaN,TS,WN,B,B,200,1007,NaN,M,30,ADL,
2012111812,03b.2012,THREE,TS,NN,15.7,87.6,35,996,243,4,243,4,NaN,NaN,NaN,NaN,NaN,NaN,NaN,NaN,NaN,NaN,TS,WN,B,B,200,1007,NaN,M,30,ADL,
2012111818,03b.2012,THREE,TS,NN,15.4,87.2,35,996,232,5,232,5,50,50,50,50,50,NaN,NaN,NaN,NaN,NaN,TS,WN,B,B,200,1007,NaN,M,30,JDC,
2012111900,03b.2012,THREE,TS,NN,15.2,86.8,30,1000,237,5,237,5,NaN,NaN,NaN,NaN,NaN,NaN,NaN,NaN,NaN,NaN,TD,WN,B,B,200,1008,NaN,S,30,JDC,
2012111906,03b.2012,THREE,TS,NN,15.1,86.4,30,1000,249,4,249,4,NaN,NaN,NaN,NaN,NaN,NaN,NaN,NaN,NaN,NaN,TD,NW,B,B,200,1008,NaN,S,30,NaN,
2012111912,03b.2012,THREE,TS,NN,15.1,86.0,25,1004,263,4,263,4,NaN,NaN,NaN,NaN,NaN,NaN,NaN,NaN,NaN,NaN,TD,NW,B,B,180,1009,NaN,S,35,NaN,
2012111918,03b.2012,THREE,TS,NN,15.1,85.5,25,1004,270,4,270,4,NaN,NaN,NaN,NaN,NaN,NaN,NaN,NaN,NaN,NaN,TD,NW,B,B,180,1008,NaN,S,40,NaN,
2012112000,03b.2012,THREE,TS,NN,15.2,85.0,25,1004,276,5,276,5,NaN,NaN,NaN,NaN,NaN,NaN,NaN,NaN,NaN,NaN,TD,NW,B,B,180,1008,NaN,NaN,40,NaN,
2012112006,03b.2012,THREE,TS,NN,15.2,84.5,25,1004,276,5,276,5,NaN,NaN,NaN,NaN,NaN,NaN,NaN,NaN,NaN,NaN,TD,NW,B,B,NaN,NaN,NaN,NaN,NaN,NaN,
2012112012,03b.2012,THREE,TS,NN,14.8,84.0,25,1004,248,5,248,5,NaN,NaN,NaN,NaN,NaN,NaN,NaN,NaN,NaN,NaN,TD,NW,B,B,NaN,NaN,NaN,NaN,NaN,NaN,
2012112018,03b.2012,THREE,TS,NN,14.5,83.6,25,1004,231,6,231,6,NaN,NaN,NaN,NaN,NaN,NaN,NaN,NaN,NaN,NaN,TD,NW,B,B,NaN,NaN,NaN,NaN,NaN,NaN,
2012112100,03b.2012,THREE,TS,NN,14.0,83.3,25,1004,220,5,220,5,NaN,NaN,NaN,NaN,NaN,NaN,NaN,NaN,NaN,NaN,TD,NW,B,B,NaN,NaN,NaN,NaN,NaN,NaN,
2012112106,03b.2012,THREE,TS,NN,13.5,82.9,25,1004,214,6,214,6,NaN,NaN,NaN,NaN,NaN,NaN,NaN,NaN,NaN,NaN,TD,NW,B,B,NaN,NaN,NaN,NaN,NaN,NaN,
2012112112,03b.2012,THREE,TS,NN,13.1,82.5,25,1004,221,6,221,6,NaN,NaN,NaN,NaN,NaN,NaN,NaN,NaN,NaN,NaN,TD,NW,B,B,NaN,NaN,NaN,NaN,NaN,NaN,
2012112118,03b.2012,THREE,TS,NN,13.1,82.1,25,1004,243,4,243,4,NaN,NaN,NaN,NaN,NaN,NaN,NaN,NaN,NaN,NaN,TD,NW,B,B,NaN,NaN,NaN,NaN,NaN,NaN,
2012112200,03b.2012,THREE,TS,NN,12.9,81.6,25,1004,257,4,257,4,NaN,NaN,NaN,NaN,NaN,NaN,NaN,NaN,NaN,NaN,TD,NW,B,B,NaN,NaN,NaN,NaN,NaN,NaN,
2012112206,03b.2012,THREE,TS,NN,12.9,81.2,25,1004,257,4,257,4,NaN,NaN,NaN,NaN,NaN,NaN,NaN,NaN,NaN,NaN,TD,NW,B,B,NaN,NaN,NaN,NaN,NaN,NaN,
2012112212,03b.2012,THREE,TS,NN,12.9,80.7,25,1004,270,4,270,4,NaN,NaN,NaN,NaN,NaN,NaN,NaN,NaN,NaN,NaN,TD,NW,B,B,NaN,NaN,0.27,NaN,NaN,NaN,
2012112218,03b.2012,THREE,TS,NN,12.8,80.2,25,1004,264,5,264,5,NaN,NaN,NaN,NaN,NaN,NaN,NaN,NaN,NaN,NaN,TD,NW,B,B,NaN,NaN,0.76,NaN,NaN,NaN,
2012112300,03b.2012,THREE,TS,NN,12.7,79.5,25,1004,260,6,260,6,NaN,NaN,NaN,NaN,NaN,NaN,NaN,NaN,NaN,NaN,TD,NW,B,B,NaN,NaN,0.97,NaN,NaN,NaN,
2012112306,03b.2012,THREE,TS,NN,12.6,78.9,20,1007,261,6,261,6,NaN,NaN,NaN,NaN,NaN,NaN,NaN,NaN,NaN,NaN,DB,NW,B,B,NaN,NaN,0.99,NaN,NaN,NaN,
2012121818,b0b.2012,9X-B0B,TS,NN,5.0,77.1,15,1010,305,18,305,18,NaN,NaN,NaN,NaN,NaN,NaN,NaN,NaN,NaN,NaN,DB,NW,b,b,NaN,NaN,NaN,NaN,NaN,NaN,
2012121900,b0b.2012,9X-B0B,TS,NN,6.0,76.5,15,1010,305,18,305,18,NaN,NaN,NaN,NaN,NaN,NaN,NaN,NaN,NaN,NaN,DB,NW,b,b,NaN,NaN,NaN,NaN,NaN,NaN,
2012121906,b0b.2012,9X-B0B,TS,NN,7.1,74.1,15,1010,305,18,305,18,NaN,NaN,NaN,NaN,NaN,NaN,NaN,NaN,NaN,NaN,DB,NW,b,b,NaN,NaN,NaN,NaN,NaN,NaN,
2012121912,b0b.2012,9X-B0B,TS,NN,7.2,72.4,15,1010,305,18,294,19,NaN,NaN,NaN,NaN,NaN,NaN,NaN,NaN,NaN,NaN,DB,NW,b,b,NaN,NaN,NaN,NaN,NaN,NaN,
2012121918,b0b.2012,9X-B0B,TS,NN,7.3,70.7,15,NaN,285,19,283,20,NaN,NaN,NaN,NaN,NaN,NaN,NaN,NaN,NaN,NaN,NT,NW,c,c,NaN,NaN,NaN,NaN,NaN,NaN,
2012122000,b0b.2012,9X-B0B,TS,NN,7.7,69.7,15,NaN,278,15,278,15,NaN,NaN,NaN,NaN,NaN,NaN,NaN,NaN,NaN,NaN,NT,NW,c,c,NaN,NaN,NaN,NaN,NaN,NaN,
2012122006,b0b.2012,9X-B0B,TS,NN,7.7,68.9,15,NaN,278,15,278,13,NaN,NaN,NaN,NaN,NaN,NaN,NaN,NaN,NaN,NaN,NT,NW,c,c,NaN,NaN,NaN,NaN,NaN,NaN,
2012122012,b0b.2012,9X-B0B,TS,NN,7.7,68.2,15,NaN,278,15,277,10,NaN,NaN,NaN,NaN,NaN,NaN,NaN,NaN,NaN,NaN,NT,NW,c,c,NaN,NaN,NaN,NaN,NaN,NaN,
2012122018,b0b.2012,9X-B0B,TS,NN,7.7,67.4,15,NaN,292,13,277,8,NaN,NaN,NaN,NaN,NaN,NaN,NaN,NaN,NaN,NaN,NT,NW,c,c,NaN,NaN,NaN,NaN,NaN,NaN,
2012122100,b0b.2012,9X-B0B,TS,NN,8.3,66.7,15,NaN,291,10,281,8,NaN,NaN,NaN,NaN,NaN,NaN,NaN,NaN,NaN,NaN,NT,NW,c,c,NaN,NaN,NaN,NaN,NaN,NaN,
2012122106,b0b.2012,9X-B0B,TS,NN,8.2,66.8,15,NaN,293,8,310,4,NaN,NaN,NaN,NaN,NaN,NaN,NaN,NaN,NaN,NaN,NT,NW,c,c,NaN,NaN,NaN,NaN,NaN,NaN,
2012122112,b0b.2012,9X-B0B,TS,NN,8.5,66.8,15,NaN,300,8,26,1,NaN,NaN,NaN,NaN,NaN,NaN,NaN,NaN,NaN,NaN,NT,NW,c,c,NaN,NaN,NaN,NaN,NaN,NaN,
2012122118,b0b.2012,9X-B0B,TS,NN,8.9,65.3,20,1007,295,10,295,8,NaN,NaN,NaN,NaN,NaN,NaN,NaN,NaN,NaN,NaN,DB,NW,C,C,150,1008,NaN,S,15,NaN,
2012122200,b0b.2012,9X-B0B,TS,NN,8.9,65.1,25,1004,300,9,283,9,NaN,NaN,NaN,NaN,NaN,NaN,NaN,NaN,NaN,NaN,DB,NW,C,C,150,1008,NaN,S,15,NaN,
2012122206,b0b.2012,9X-B0B,TS,NN,9.1,63.6,25,1004,255,12,277,8,NaN,NaN,NaN,NaN,NaN,NaN,NaN,NaN,NaN,NaN,DB,NW,B,B,180,1007,NaN,S,45,NaN,
2012122212,b0b.2012,9X-B0B,TS,NN,8.8,62.6,25,1004,255,12,268,12,NaN,NaN,NaN,NaN,NaN,NaN,NaN,NaN,NaN,NaN,DB,NW,B,B,180,1007,NaN,S,40,NaN,
2012122218,b0b.2012,9X-B0B,TS,NN,8.5,61.3,30,1000,255,12,255,12,NaN,NaN,NaN,NaN,NaN,NaN,NaN,NaN,NaN,NaN,TD,NW,B,B,190,1007,NaN,S,40,NaN,
2012122300,04a.2012,FOUR,TS,NN,8.4,59.8,35,996,262,14,262,14,NaN,NaN,NaN,NaN,NaN,NaN,NaN,NaN,NaN,NaN,TS,WN,B,B,200,1007,NaN,M,40,RCB,
2012122306,04a.2012,FOUR,TS,NN,8.3,58.4,35,996,266,14,266,14,49,45,45,50,55,NaN,NaN,NaN,NaN,NaN,TS,WN,B,B,200,1008,NaN,M,35,MEK,
2012122312,04a.2012,FOUR,TS,NN,8.5,57.2,35,996,272,13,272,13,52,55,45,50,60,NaN,NaN,NaN,NaN,NaN,TS,WN,B,B,170,1010,NaN,M,35,MEK,
2012122318,04a.2012,FOUR,TS,NN,8.4,55.9,35,996,272,12,272,12,52,55,45,50,60,NaN,NaN,NaN,NaN,NaN,TS,WN,B,B,180,1010,NaN,M,35,RCB,
2012122400,04a.2012,FOUR,TS,NN,8.3,54.5,35,996,266,13,266,13,52,55,45,50,60,NaN,NaN,NaN,NaN,NaN,TS,WN,B,B,180,1010,NaN,M,35,RCB,
2012122406,04a.2012,FOUR,TS,NN,7.7,53.1,35,996,256,14,256,14,52,55,50,50,55,NaN,NaN,NaN,NaN,NaN,TS,NW,B,B,190,1010,NaN,M,40,NaN,
2012122412,04a.2012,FOUR,TS,NN,7.2,51.9,30,1000,247,14,247,14,NaN,NaN,NaN,NaN,NaN,NaN,NaN,NaN,NaN,NaN,TD,NW,B,B,120,1007,NaN,S,30,NaN,
2012122418,04a.2012,FOUR,TS,NN,6.7,50.7,25,1004,247,13,247,13,NaN,NaN,NaN,NaN,NaN,NaN,NaN,NaN,NaN,NaN,TD,NW,B,B,120,1007,NaN,S,30,NaN,
2012122500,04a.2012,FOUR,TS,NN,6.2,49.6,20,1007,246,12,246,12,NaN,NaN,NaN,NaN,NaN,NaN,NaN,NaN,NaN,NaN,TD,NW,B,B,NaN,NaN,0.02,NaN,NaN,NaN,
2012042000,a0b.2012,9X-A0B,TD,NONdev,7.3,84.7,15,1010,302,10,302,10,NaN,NaN,NaN,NaN,NaN,NaN,NaN,NaN,NaN,NaN,DB,NW,b,b,NaN,NaN,NaN,NaN,NaN,NaN,
2012042006,a0b.2012,9X-A0B,TD,NONdev,7.4,84.1,15,1010,302,10,302,10,NaN,NaN,NaN,NaN,NaN,NaN,NaN,NaN,NaN,NaN,DB,NW,b,b,NaN,NaN,NaN,NaN,NaN,NaN,
2012042012,a0b.2012,9X-A0B,TD,NONdev,8.4,82.9,15,1010,302,10,302,10,NaN,NaN,NaN,NaN,NaN,NaN,NaN,NaN,NaN,NaN,DB,NW,b,b,NaN,NaN,NaN,NaN,NaN,NaN,
2012042018,a0b.2012,9X-A0B,TD,NONdev,7.7,82.9,15,1010,284,6,284,6,NaN,NaN,NaN,NaN,NaN,NaN,NaN,NaN,NaN,NaN,DB,NW,c,c,NaN,NaN,NaN,NaN,NaN,NaN,
2012042100,a0b.2012,9X-A0B,TD,NONdev,8.0,82.7,15,1010,286,4,206,2,NaN,NaN,NaN,NaN,NaN,NaN,NaN,NaN,NaN,NaN,DB,NW,c,c,NaN,NaN,NaN,NaN,NaN,NaN,
2012042106,a0b.2012,9X-A0B,TD,NONdev,7.9,83.2,15,1010,286,4,178,2,NaN,NaN,NaN,NaN,NaN,NaN,NaN,NaN,NaN,NaN,DB,NW,c,c,NaN,NaN,NaN,NaN,NaN,NaN,
2012042112,a0b.2012,9X-A0B,TD,NONdev,7.8,83.8,15,1010,286,4,150,3,NaN,NaN,NaN,NaN,NaN,NaN,NaN,NaN,NaN,NaN,DB,NW,c,c,NaN,NaN,NaN,NaN,NaN,NaN,
2012042118,a0b.2012,9X-A0B,TD,NONdev,7.7,84.3,15,1010,286,4,121,4,NaN,NaN,NaN,NaN,NaN,NaN,NaN,NaN,NaN,NaN,DB,NW,c,c,NaN,NaN,NaN,NaN,NaN,NaN,
2012042200,a0b.2012,9X-A0B,TD,NONdev,7.6,84.8,15,1010,206,2,93,4,NaN,NaN,NaN,NaN,NaN,NaN,NaN,NaN,NaN,NaN,DB,NW,c,c,NaN,NaN,NaN,NaN,NaN,NaN,
2012042206,a0b.2012,9X-A0B,TD,NONdev,7.8,85.2,15,1010,206,2,95,5,NaN,NaN,NaN,NaN,NaN,NaN,NaN,NaN,NaN,NaN,DB,NW,c,c,NaN,NaN,NaN,NaN,NaN,NaN,
2012042212,a0b.2012,9X-A0B,TD,NONdev,8.1,85.2,15,1010,327,2,38,3,NaN,NaN,NaN,NaN,NaN,NaN,NaN,NaN,NaN,NaN,DB,NW,c,c,NaN,NaN,NaN,NaN,NaN,NaN,
2012042218,a0b.2012,9X-A0B,TD,NONdev,8.3,85.1,15,1010,327,2,349,3,NaN,NaN,NaN,NaN,NaN,NaN,NaN,NaN,NaN,NaN,DB,NW,c,c,NaN,NaN,NaN,NaN,NaN,NaN,
2012042300,a0b.2012,9X-A0B,TD,NONdev,8.2,84.8,15,1010,284,2,284,2,NaN,NaN,NaN,NaN,NaN,NaN,NaN,NaN,NaN,NaN,DB,NW,c,c,NaN,NaN,NaN,NaN,NaN,NaN,
2012042306,a0b.2012,9X-A0B,TD,NONdev,9.1,83.7,15,1010,304,2,300,8,NaN,NaN,NaN,NaN,NaN,NaN,NaN,NaN,NaN,NaN,DB,NW,c,c,NaN,NaN,NaN,NaN,NaN,NaN,
2012042312,a0b.2012,9X-A0B,TD,NONdev,8.8,83.7,15,1010,327,2,299,6,NaN,NaN,NaN,NaN,NaN,NaN,NaN,NaN,NaN,NaN,DB,NW,c,c,NaN,NaN,NaN,NaN,NaN,NaN,
2012042318,a0b.2012,9X-A0B,TD,NONdev,9.1,83.5,15,1010,334,2,270,1,NaN,NaN,NaN,NaN,NaN,NaN,NaN,NaN,NaN,NaN,DB,NW,c,c,NaN,NaN,NaN,NaN,NaN,NaN,
2012042400,a0b.2012,9X-A0B,TD,NONdev,9.1,82.3,15,1010,334,2,274,4,NaN,NaN,NaN,NaN,NaN,NaN,NaN,NaN,NaN,NaN,DB,NW,c,c,NaN,NaN,0.21,NaN,NaN,NaN,
2012042406,a0b.2012,9X-A0B,TD,NONdev,9.2,81.2,15,1010,306,4,279,8,NaN,NaN,NaN,NaN,NaN,NaN,NaN,NaN,NaN,NaN,DB,NW,c,c,NaN,NaN,0.43,NaN,NaN,NaN,
2012042512,a1b.2012,9X-A1B,TD,NONdev,7.9,78.5,15,1010,305,20,307,2,NaN,NaN,NaN,NaN,NaN,NaN,NaN,NaN,NaN,NaN,DB,NW,b,b,NaN,NaN,0.01,NaN,NaN,NaN,
2012042518,a1b.2012,9X-A1B,TD,NONdev,8.0,78.4,15,1010,305,20,307,2,NaN,NaN,NaN,NaN,NaN,NaN,NaN,NaN,NaN,NaN,DB,NW,b,b,NaN,NaN,0.01,NaN,NaN,NaN,
2012042600,a1b.2012,9X-A1B,TD,NONdev,8.1,78.2,15,1010,305,20,307,2,NaN,NaN,NaN,NaN,NaN,NaN,NaN,NaN,NaN,NaN,DB,NW,b,b,NaN,NaN,0.09,NaN,NaN,NaN,
2012042606,a1b.2012,9X-A1B,TD,NONdev,8.2,78.1,15,1010,304,2,307,2,NaN,NaN,NaN,NaN,NaN,NaN,NaN,NaN,NaN,NaN,DB,NW,c,c,NaN,NaN,0.16,NaN,NaN,NaN,
2012042612,a1b.2012,9X-A1B,TD,NONdev,8.5,78.1,15,1010,334,2,329,2,NaN,NaN,NaN,NaN,NaN,NaN,NaN,NaN,NaN,NaN,DB,NW,c,c,NaN,NaN,0.49,NaN,NaN,NaN,
2012042618,a1b.2012,9X-A1B,TD,NONdev,8.1,77.5,15,1010,260,3,260,3,NaN,NaN,NaN,NaN,NaN,NaN,NaN,NaN,NaN,NaN,DB,NW,c,c,NaN,NaN,0.30,NaN,NaN,NaN,
2012042700,a1b.2012,9X-A1B,TD,NONdev,8.2,77.2,15,1010,270,3,251,5,NaN,NaN,NaN,NaN,NaN,NaN,NaN,NaN,NaN,NaN,DB,NW,c,c,NaN,NaN,0.16,NaN,NaN,NaN,
2012042706,a1b.2012,9X-A1B,TD,NONdev,8.1,77.5,15,1010,304,2,360,0,NaN,NaN,NaN,NaN,NaN,NaN,NaN,NaN,NaN,NaN,DB,NW,c,c,NaN,NaN,0.30,NaN,NaN,NaN,
2012042712,a1b.2012,9X-A1B,TD,NONdev,8.4,77.0,15,1010,307,2,315,1,NaN,NaN,NaN,NaN,NaN,NaN,NaN,NaN,NaN,NaN,DB,NW,c,c,NaN,NaN,0.54,NaN,NaN,NaN,
2012042718,a1b.2012,9X-A1B,TD,NONdev,8.6,76.9,15,1010,323,2,310,4,NaN,NaN,NaN,NaN,NaN,NaN,NaN,NaN,NaN,NaN,DB,NW,c,c,NaN,NaN,0.54,NaN,NaN,NaN,
2012042800,a1b.2012,9X-A1B,TD,NONdev,9.0,77.0,15,1010,360,3,360,3,NaN,NaN,NaN,NaN,NaN,NaN,NaN,NaN,NaN,NaN,DB,NW,b,b,NaN,NaN,0.87,NaN,NaN,NaN,
2012052900,a2b.2012,9X-A2B,TD,NONdev,16.6,90.7,15,1010,144,2,144,2,NaN,NaN,NaN,NaN,NaN,NaN,NaN,NaN,NaN,NaN,DB,NW,b,b,NaN,NaN,NaN,NaN,NaN,NaN,
2012052906,a2b.2012,9X-A2B,TD,NONdev,16.5,90.5,15,1010,144,2,144,2,NaN,NaN,NaN,NaN,NaN,NaN,NaN,NaN,NaN,NaN,DB,NW,b,b,NaN,NaN,NaN,NaN,NaN,NaN,
2012052912,a2b.2012,9X-A2B,TD,NONdev,16.2,91.0,15,1010,144,2,144,2,NaN,NaN,NaN,NaN,NaN,NaN,NaN,NaN,NaN,NaN,DB,NW,b,b,NaN,NaN,NaN,NaN,NaN,NaN,
2012052918,a2b.2012,9X-A2B,TD,NONdev,16.3,90.2,15,1010,235,2,235,2,NaN,NaN,NaN,NaN,NaN,NaN,NaN,NaN,NaN,NaN,DB,NW,c,c,NaN,NaN,NaN,NaN,NaN,NaN,
2012053000,a2b.2012,9X-A2B,TD,NONdev,15.9,90.3,15,1010,235,2,224,2,NaN,NaN,NaN,NaN,NaN,NaN,NaN,NaN,NaN,NaN,DB,NW,c,c,NaN,NaN,NaN,NaN,NaN,NaN,
2012053006,a2b.2012,9X-A2B,TD,NONdev,15.5,90.5,15,1010,210,3,214,3,NaN,NaN,NaN,NaN,NaN,NaN,NaN,NaN,NaN,NaN,DB,NW,c,c,NaN,NaN,NaN,NaN,NaN,NaN,
2012053012,a2b.2012,9X-A2B,TD,NONdev,17.7,91.3,15,1010,247,3,37,6,NaN,NaN,NaN,NaN,NaN,NaN,NaN,NaN,NaN,NaN,DB,NW,c,c,NaN,NaN,NaN,NaN,NaN,NaN,
2012053018,a2b.2012,9X-A2B,TD,NONdev,18.7,91.4,15,1010,235,2,15,17,NaN,NaN,NaN,NaN,NaN,NaN,NaN,NaN,NaN,NaN,DB,NW,c,c,NaN,NaN,NaN,NaN,NaN,NaN,
2012053100,a2b.2012,9X-A2B,TD,NONdev,18.6,91.3,15,1010,235,2,360,5,NaN,NaN,NaN,NaN,NaN,NaN,NaN,NaN,NaN,NaN,DB,NW,c,c,NaN,NaN,NaN,NaN,NaN,NaN,
2012053106,a2b.2012,9X-A2B,TD,NONdev,18.4,91.1,15,1010,223,2,223,2,NaN,NaN,NaN,NaN,NaN,NaN,NaN,NaN,NaN,NaN,DB,NW,c,c,NaN,NaN,NaN,NaN,NaN,NaN,
2012053112,a2b.2012,9X-A2B,TD,NONdev,18.2,90.9,15,1010,223,3,223,3,NaN,NaN,NaN,NaN,NaN,NaN,NaN,NaN,NaN,NaN,DB,NW,c,c,NaN,NaN,NaN,NaN,NaN,NaN,
2012100512,a3b.2012,9X-A3B,TD,NONdev,18.6,88.6,15,1010,128,7,128,7,NaN,NaN,NaN,NaN,NaN,NaN,NaN,NaN,NaN,NaN,DB,NW,b,b,NaN,NaN,NaN,NaN,NaN,NaN,
2012100518,a3b.2012,9X-A3B,TD,NONdev,18.4,88.9,15,1010,128,7,128,7,NaN,NaN,NaN,NaN,NaN,NaN,NaN,NaN,NaN,NaN,DB,NW,b,b,NaN,NaN,NaN,NaN,NaN,NaN,
2012100600,a3b.2012,9X-A3B,TD,NONdev,17.7,89.8,15,1010,128,7,128,7,NaN,NaN,NaN,NaN,NaN,NaN,NaN,NaN,NaN,NaN,DB,NW,b,b,NaN,NaN,NaN,NaN,NaN,NaN,
2012100606,a3b.2012,9X-A3B,TD,NONdev,17.9,89.7,15,1010,123,5,123,5,NaN,NaN,NaN,NaN,NaN,NaN,NaN,NaN,NaN,NaN,DB,NW,c,c,NaN,NaN,NaN,NaN,NaN,NaN,
2012100612,a3b.2012,9X-A3B,TD,NONdev,18.1,89.9,15,1010,90,3,13,2,NaN,NaN,NaN,NaN,NaN,NaN,NaN,NaN,NaN,NaN,DB,NW,c,c,NaN,NaN,NaN,NaN,NaN,NaN,
2012100618,a3b.2012,9X-A3B,TD,NONdev,18.5,89.1,15,1010,322,4,316,4,NaN,NaN,NaN,NaN,NaN,NaN,NaN,NaN,NaN,NaN,DB,NW,c,c,NaN,NaN,NaN,NaN,NaN,NaN,
2012100700,a3b.2012,9X-A3B,TD,NONdev,19.0,89.4,15,1010,360,4,332,5,NaN,NaN,NaN,NaN,NaN,NaN,NaN,NaN,NaN,NaN,DB,NW,c,c,NaN,NaN,NaN,NaN,NaN,NaN,
2012100706,a3b.2012,9X-A3B,TD,NONdev,18.7,89.0,15,1010,308,2,335,1,NaN,NaN,NaN,NaN,NaN,NaN,NaN,NaN,NaN,NaN,DB,NW,c,c,NaN,NaN,NaN,NaN,NaN,NaN,
2012100712,a3b.2012,9X-A3B,TD,NONdev,19.1,88.9,15,1010,317,3,282,2,NaN,NaN,NaN,NaN,NaN,NaN,NaN,NaN,NaN,NaN,DB,NW,c,c,NaN,NaN,NaN,NaN,NaN,NaN,
2012100718,a3b.2012,9X-A3B,TD,NONdev,19.2,88.3,15,1010,283,4,307,4,NaN,NaN,NaN,NaN,NaN,NaN,NaN,NaN,NaN,NaN,DB,NW,c,c,NaN,NaN,NaN,NaN,NaN,NaN,
2012100800,a3b.2012,9X-A3B,TD,NONdev,19.0,87.8,15,1010,265,5,265,5,NaN,NaN,NaN,NaN,NaN,NaN,NaN,NaN,NaN,NaN,DB,NW,c,c,NaN,NaN,NaN,NaN,NaN,NaN,
2012100806,a3b.2012,9X-A3B,TD,NONdev,18.7,87.3,15,1010,242,5,242,5,NaN,NaN,NaN,NaN,NaN,NaN,NaN,NaN,NaN,NaN,DB,NW,c,c,NaN,NaN,NaN,NaN,NaN,NaN,
2012100812,a3b.2012,9X-A3B,TD,NONdev,18.3,86.7,15,1007,236,6,236,6,NaN,NaN,NaN,NaN,NaN,NaN,NaN,NaN,NaN,NaN,DB,NW,c,c,NaN,NaN,NaN,NaN,NaN,NaN,
2012100818,a3b.2012,9X-A3B,TD,NONdev,18.2,86.3,20,1005,235,4,242,5,NaN,NaN,NaN,NaN,NaN,NaN,NaN,NaN,NaN,NaN,DB,NW,C,C,200,1008,NaN,S,25,NaN,
2012100900,a3b.2012,9X-A3B,TD,NONdev,17.9,85.7,20,1007,235,5,247,5,NaN,NaN,NaN,NaN,NaN,NaN,NaN,NaN,NaN,NaN,DB,NW,C,C,200,1008,NaN,S,25,NaN,
2012100906,a3b.2012,9X-A3B,TD,NONdev,19.4,85.3,20,1007,317,7,322,8,NaN,NaN,NaN,NaN,NaN,NaN,NaN,NaN,NaN,NaN,DB,NW,c,c,NaN,NaN,0.29,NaN,NaN,NaN,
2012100912,a3b.2012,9X-A3B,TD,NONdev,20.0,84.9,20,1007,327,8,340,11,NaN,NaN,NaN,NaN,NaN,NaN,NaN,NaN,NaN,NaN,DB,NW,c,c,NaN,NaN,0.89,NaN,NaN,NaN,
2012100906,a4b.2012,9X-A4B,TD,NONdev,17.4,92.4,15,1010,348,7,348,7,NaN,NaN,NaN,NaN,NaN,NaN,NaN,NaN,NaN,NaN,DB,NW,b,b,NaN,NaN,NaN,NaN,NaN,NaN,
2012100912,a4b.2012,9X-A4B,TD,NONdev,18.1,92.5,20,1007,348,7,348,7,NaN,NaN,NaN,NaN,NaN,NaN,NaN,NaN,NaN,NaN,DB,NW,b,b,NaN,NaN,NaN,NaN,NaN,NaN,
2012100918,a4b.2012,9X-A4B,TD,NONdev,18.8,92.1,15,1010,348,7,348,7,NaN,NaN,NaN,NaN,NaN,NaN,NaN,NaN,NaN,NaN,TD,NW,b,b,NaN,NaN,NaN,NaN,NaN,NaN,
2012101000,a4b.2012,9X-A4B,TD,NONdev,18.9,90.8,15,1004,311,7,296,9,NaN,NaN,NaN,NaN,NaN,NaN,NaN,NaN,NaN,NaN,TD,NW,c,c,NaN,NaN,NaN,NaN,NaN,NaN,
2012101006,a4b.2012,9X-A4B,TD,NONdev,20.3,91.1,15,1000,331,6,328,9,NaN,NaN,NaN,NaN,NaN,NaN,NaN,NaN,NaN,NaN,TD,NW,c,c,NaN,NaN,NaN,NaN,NaN,NaN,
2012101012,a4b.2012,9X-A4B,TD,NONdev,21.1,90.9,30,1000,335,9,2,11,NaN,NaN,NaN,NaN,NaN,NaN,NaN,NaN,NaN,NaN,DB,NW,c,c,NaN,NaN,NaN,NaN,NaN,NaN,
2012101018,a4b.2012,9X-A4B,TD,NONdev,21.8,90.9,30,1000,353,8,353,8,NaN,NaN,NaN,NaN,NaN,NaN,NaN,NaN,NaN,NaN,DB,NW,c,c,NaN,NaN,0.19,NaN,NaN,NaN,
2012101100,a4b.2012,9X-A4B,TD,NONdev,22.5,90.9,30,1000,360,7,360,7,NaN,NaN,NaN,NaN,NaN,NaN,NaN,NaN,NaN,NaN,DB,NW,c,c,NaN,NaN,0.47,NaN,NaN,NaN,
2012101106,a4b.2012,9X-A4B,TD,NONdev,23.4,92.0,30,1000,32,9,32,9,NaN,NaN,NaN,NaN,NaN,NaN,NaN,NaN,NaN,NaN,DB,NW,c,c,NaN,NaN,0.99,NaN,NaN,NaN,
2012101800,a5b.2012,9X-A5B,TD,DEV,6.4,80.6,15,1010,285,6,285,6,NaN,NaN,NaN,NaN,NaN,NaN,NaN,NaN,NaN,NaN,DB,NW,b,b,NaN,NaN,0.95,NaN,NaN,NaN,
2012101806,a5b.2012,9X-A5B,TD,DEV,6.3,80.1,15,1010,285,6,285,6,NaN,NaN,NaN,NaN,NaN,NaN,NaN,NaN,NaN,NaN,DB,NW,b,b,NaN,NaN,0.52,NaN,NaN,NaN,
2012101812,a5b.2012,9X-A5B,TD,DEV,6.7,79.5,15,1010,285,6,285,6,NaN,NaN,NaN,NaN,NaN,NaN,NaN,NaN,NaN,NaN,DB,NW,b,b,NaN,NaN,0.05,NaN,NaN,NaN,
2012101818,a5b.2012,9X-A5B,TD,DEV,6.2,79.7,15,1010,251,3,256,2,NaN,NaN,NaN,NaN,NaN,NaN,NaN,NaN,NaN,NaN,DB,NW,c,c,NaN,NaN,NaN,NaN,NaN,NaN,
2012101900,a5b.2012,9X-A5B,TD,DEV,6.3,78.8,15,1010,270,4,240,4,NaN,NaN,NaN,NaN,NaN,NaN,NaN,NaN,NaN,NaN,DB,NW,c,c,NaN,NaN,NaN,NaN,NaN,NaN,
2012101906,a5b.2012,9X-A5B,TD,DEV,6.7,77.9,15,1010,270,5,286,9,NaN,NaN,NaN,NaN,NaN,NaN,NaN,NaN,NaN,NaN,DB,NW,c,c,NaN,NaN,NaN,NaN,NaN,NaN,
2012101912,a5b.2012,9X-A5B,TD,DEV,6.9,77.4,15,1010,270,4,293,8,NaN,NaN,NaN,NaN,NaN,NaN,NaN,NaN,NaN,NaN,DB,NW,c,c,NaN,NaN,NaN,NaN,NaN,NaN,
2012101918,a5b.2012,9X-A5B,TD,DEV,7.8,78.4,15,1010,270,3,24,6,NaN,NaN,NaN,NaN,NaN,NaN,NaN,NaN,NaN,NaN,DB,NW,c,c,NaN,NaN,0.01,NaN,NaN,NaN,
2012102000,a5b.2012,9X-A5B,TD,DEV,7.8,78.0,15,1010,270,3,33,5,NaN,NaN,NaN,NaN,NaN,NaN,NaN,NaN,NaN,NaN,DB,NW,c,c,NaN,NaN,0.16,NaN,NaN,NaN,
2012102006,a5b.2012,9X-A5B,TD,DEV,8.5,76.8,15,1010,270,3,121,7,NaN,NaN,NaN,NaN,NaN,NaN,NaN,NaN,NaN,NaN,DB,NW,c,c,NaN,NaN,0.11,NaN,NaN,NaN,
2012102012,a5b.2012,9X-A5B,TD,DEV,9.1,75.6,15,1010,270,3,209,9,NaN,NaN,NaN,NaN,NaN,NaN,NaN,NaN,NaN,NaN,DB,NW,c,c,NaN,NaN,0.05,NaN,NaN,NaN,
2012102018,a5b.2012,9X-A5B,TD,DEV,9.8,74.4,15,1010,286,4,297,11,NaN,NaN,NaN,NaN,NaN,NaN,NaN,NaN,NaN,NaN,DB,NW,c,c,NaN,NaN,NaN,NaN,NaN,NaN,
2012102100,a5b.2012,9X-A5B,TD,DEV,9.9,74.1,15,1010,289,3,299,11,NaN,NaN,NaN,NaN,NaN,NaN,NaN,NaN,NaN,NaN,DB,NW,c,c,NaN,NaN,NaN,NaN,NaN,NaN,
2012102106,a5b.2012,9X-A5B,TD,DEV,9.2,72.4,15,1010,289,2,253,10,NaN,NaN,NaN,NaN,NaN,NaN,NaN,NaN,NaN,NaN,DB,NW,c,c,NaN,NaN,NaN,NaN,NaN,NaN,
2012102112,a5b.2012,9X-A5B,TD,DEV,11.3,70.7,15,1010,284,2,293,18,NaN,NaN,NaN,NaN,NaN,NaN,NaN,NaN,NaN,NaN,DB,NW,c,c,NaN,NaN,NaN,NaN,NaN,NaN,
2012102118,a5b.2012,9X-A5B,TD,DEV,11.3,70.5,15,1010,270,2,318,14,NaN,NaN,NaN,NaN,NaN,NaN,NaN,NaN,NaN,NaN,DB,NW,c,c,NaN,NaN,NaN,NaN,NaN,NaN,
2012102200,a5b.2012,9X-A5B,TD,DEV,11.4,70.0,15,1010,270,2,278,3,NaN,NaN,NaN,NaN,NaN,NaN,NaN,NaN,NaN,NaN,DB,NW,c,c,NaN,NaN,NaN,NaN,NaN,NaN,
2012102206,a5b.2012,9X-A5B,TD,DEV,11.4,68.5,15,1009,270,2,275,6,NaN,NaN,NaN,NaN,NaN,NaN,NaN,NaN,NaN,NaN,DB,NW,c,c,150,1010,NaN,NaN,NaN,NaN,
2012102212,a5b.2012,9X-A5B,TD,DEV,11.3,66.9,15,1009,270,2,273,10,NaN,NaN,NaN,NaN,NaN,NaN,NaN,NaN,NaN,NaN,DB,NW,c,c,150,1010,NaN,NaN,NaN,NaN,
2012102218,a5b.2012,9X-A5B,TD,DEV,11.3,65.4,15,1008,290,12,270,13,NaN,NaN,NaN,NaN,NaN,NaN,NaN,NaN,NaN,NaN,DB,NW,C,C,150,1010,NaN,S,40,NaN,
2012102300,a5b.2012,9X-A5B,TD,DEV,11.6,64.4,20,1007,290,12,272,14,NaN,NaN,NaN,NaN,NaN,NaN,NaN,NaN,NaN,NaN,DB,NW,C,C,150,1010,NaN,S,40,NaN,
2012102306,a5b.2012,9X-A5B,TD,DEV,11.6,63.5,20,1007,279,9,279,9,NaN,NaN,NaN,NaN,NaN,NaN,NaN,NaN,NaN,NaN,DB,NW,c,c,NaN,NaN,NaN,NaN,NaN,NaN,
2012102312,a5b.2012,9X-A5B,TD,DEV,11.3,62.3,20,1004,262,10,262,10,NaN,NaN,NaN,NaN,NaN,NaN,NaN,NaN,NaN,NaN,DB,NW,c,c,NaN,NaN,NaN,NaN,NaN,NaN,
2012102318,a5b.2012,9X-A5B,TD,DEV,11.1,61.3,30,1000,260,10,257,11,NaN,NaN,NaN,NaN,NaN,NaN,NaN,NaN,NaN,NaN,DB,NW,C,C,170,1009,NaN,S,45,NaN,
2012102400,a5b.2012,9X-A5B,TD,DEV,11.0,59.6,30,1000,260,12,264,13,NaN,NaN,NaN,NaN,NaN,NaN,NaN,NaN,NaN,NaN,DB,NW,C,C,170,1008,NaN,S,40,NaN,
2012102406,a5b.2012,9X-A5B,TD,DEV,10.7,57.9,30,1000,265,15,263,17,NaN,NaN,NaN,NaN,NaN,NaN,NaN,NaN,NaN,NaN,DB,NW,C,C,170,1008,NaN,S,40,NaN,
2012102700,a6a.2012,9X-A6A,TD,NONdev,6.2,73.1,15,1010,270,1,270,1,NaN,NaN,NaN,NaN,NaN,NaN,NaN,NaN,NaN,NaN,DB,NW,b,b,NaN,NaN,0.01,NaN,NaN,NaN,
2012102706,a6a.2012,9X-A6A,TD,NONdev,6.2,73.1,15,1010,270,1,270,1,NaN,NaN,NaN,NaN,NaN,NaN,NaN,NaN,NaN,NaN,DB,NW,b,b,NaN,NaN,0.01,NaN,NaN,NaN,
2012102712,a6a.2012,9X-A6A,TD,NONdev,6.2,72.8,15,1010,270,1,270,1,NaN,NaN,NaN,NaN,NaN,NaN,NaN,NaN,NaN,NaN,DB,NW,b,b,NaN,NaN,0.01,NaN,NaN,NaN,
2012102718,a6a.2012,9X-A6A,TD,NONdev,6.2,72.0,15,1010,270,4,270,5,NaN,NaN,NaN,NaN,NaN,NaN,NaN,NaN,NaN,NaN,DB,NW,c,c,NaN,NaN,NaN,NaN,NaN,NaN,
2012102800,a6a.2012,9X-A6A,TD,NONdev,6.1,72.0,15,1010,263,4,263,4,NaN,NaN,NaN,NaN,NaN,NaN,NaN,NaN,NaN,NaN,DB,NW,c,c,NaN,NaN,NaN,NaN,NaN,NaN,
2012102806,a6a.2012,9X-A6A,TD,NONdev,6.0,71.6,15,1010,256,4,243,2,NaN,NaN,NaN,NaN,NaN,NaN,NaN,NaN,NaN,NaN,DB,NW,c,c,NaN,NaN,NaN,NaN,NaN,NaN,
2012102812,a6a.2012,9X-A6A,TD,NONdev,6.0,71.1,15,1010,264,5,264,5,NaN,NaN,NaN,NaN,NaN,NaN,NaN,NaN,NaN,NaN,DB,NW,c,c,NaN,NaN,NaN,NaN,NaN,NaN,
2012102818,a6a.2012,9X-A6A,TD,NONdev,6.4,69.4,15,1010,270,4,280,11,NaN,NaN,NaN,NaN,NaN,NaN,NaN,NaN,NaN,NaN,DB,NW,c,c,NaN,NaN,NaN,NaN,NaN,NaN,
2012102900,a6a.2012,9X-A6A,TD,NONdev,6.2,68.9,15,1010,270,3,275,11,NaN,NaN,NaN,NaN,NaN,NaN,NaN,NaN,NaN,NaN,DB,NW,c,c,NaN,NaN,NaN,NaN,NaN,NaN,
2012102906,a6a.2012,9X-A6A,TD,NONdev,6.5,71.4,15,1010,263,4,87,10,NaN,NaN,NaN,NaN,NaN,NaN,NaN,NaN,NaN,NaN,DB,NW,c,c,NaN,NaN,NaN,NaN,NaN,NaN,
2012102912,a6a.2012,9X-A6A,TD,NONdev,6.8,71.1,15,1010,293,4,75,11,NaN,NaN,NaN,NaN,NaN,NaN,NaN,NaN,NaN,NaN,DB,NW,c,c,NaN,NaN,NaN,NaN,NaN,NaN,
2012102918,a6a.2012,9X-A6A,TD,NONdev,6.9,70.8,15,1010,289,3,304,4,NaN,NaN,NaN,NaN,NaN,NaN,NaN,NaN,NaN,NaN,DB,NW,c,c,NaN,NaN,NaN,NaN,NaN,NaN,
2012103000,a6a.2012,9X-A6A,TD,NONdev,6.3,72.2,15,1010,270,3,115,6,NaN,NaN,NaN,NaN,NaN,NaN,NaN,NaN,NaN,NaN,DB,NW,c,c,NaN,NaN,NaN,NaN,NaN,NaN,
2012103006,a6a.2012,9X-A6A,TD,NONdev,6.4,72.7,17,1009,270,3,108,6,NaN,NaN,NaN,NaN,NaN,NaN,NaN,NaN,NaN,NaN,DB,NW,c,c,NaN,NaN,NaN,NaN,NaN,NaN,
2012103012,a6a.2012,9X-A6A,TD,NONdev,6.6,73.1,18,1008,270,3,101,7,NaN,NaN,NaN,NaN,NaN,NaN,NaN,NaN,NaN,NaN,DB,NW,c,c,NaN,NaN,NaN,NaN,NaN,NaN,
2012103018,a6a.2012,9X-A6A,TD,NONdev,6.7,73.6,20,1007,71,3,94,7,NaN,NaN,NaN,NaN,NaN,NaN,NaN,NaN,NaN,NaN,DB,NW,c,c,NaN,NaN,NaN,NaN,NaN,NaN,
2012103100,a6a.2012,9X-A6A,TD,NONdev,6.7,73.9,20,1007,80,3,77,4,NaN,NaN,NaN,NaN,NaN,NaN,NaN,NaN,NaN,NaN,DB,NW,c,c,NaN,NaN,NaN,NaN,NaN,NaN,
2012103106,a6a.2012,9X-A6A,TD,NONdev,7.3,74.8,20,1007,80,3,68,6,NaN,NaN,NaN,NaN,NaN,NaN,NaN,NaN,NaN,NaN,DB,NW,c,c,NaN,NaN,NaN,NaN,NaN,NaN,
2012103112,a6a.2012,9X-A6A,TD,NONdev,8.0,75.8,20,1007,56,2,59,8,NaN,NaN,NaN,NaN,NaN,NaN,NaN,NaN,NaN,NaN,DB,NW,c,c,NaN,NaN,NaN,NaN,NaN,NaN,
2012110318,a7b.2012,9X-A7B,TD,NONdev,17.8,82.7,15,1010,227,6,227,6,NaN,NaN,NaN,NaN,NaN,NaN,NaN,NaN,NaN,NaN,DB,NW,b,b,NaN,NaN,0.99,NaN,NaN,NaN,
2012110400,a7b.2012,9X-A7B,TD,NONdev,18.0,83.1,15,1010,227,6,227,6,NaN,NaN,NaN,NaN,NaN,NaN,NaN,NaN,NaN,NaN,DB,NW,b,b,NaN,NaN,0.91,NaN,NaN,NaN,
2012110406,a7b.2012,9X-A7B,TD,NONdev,17.0,81.8,15,1010,227,6,227,6,NaN,NaN,NaN,NaN,NaN,NaN,NaN,NaN,NaN,NaN,DB,NW,b,b,NaN,NaN,0.85,NaN,NaN,NaN,
2012110412,a7b.2012,9X-A7B,TD,NONdev,18.4,83.9,15,1010,62,4,62,4,NaN,NaN,NaN,NaN,NaN,NaN,NaN,NaN,NaN,NaN,DB,NW,c,c,NaN,NaN,0.70,NaN,NaN,NaN,
2012110418,a7b.2012,9X-A7B,TD,NONdev,18.8,84.4,15,1010,48,4,54,15,NaN,NaN,NaN,NaN,NaN,NaN,NaN,NaN,NaN,NaN,DB,NW,c,c,NaN,NaN,0.69,NaN,NaN,NaN,
2012110500,a7b.2012,9X-A7B,TD,NONdev,17.3,84.3,15,1010,90,5,161,6,NaN,NaN,NaN,NaN,NaN,NaN,NaN,NaN,NaN,NaN,DB,NW,c,c,NaN,NaN,NaN,NaN,NaN,NaN,
2012110506,a7b.2012,9X-A7B,TD,NONdev,18.9,84.7,15,1010,58,3,71,2,NaN,NaN,NaN,NaN,NaN,NaN,NaN,NaN,NaN,NaN,DB,NW,c,c,NaN,NaN,0.69,NaN,NaN,NaN,
2012111118,a8b.2012,9X-A8B,TD,DEV,5.3,91.1,15,1010,334,11,334,11,NaN,NaN,NaN,NaN,NaN,NaN,NaN,NaN,NaN,NaN,DB,NW,b,b,NaN,NaN,NaN,NaN,NaN,NaN,
2012111200,a8b.2012,9X-A8B,TD,DEV,5.5,89.2,15,1010,334,11,334,11,NaN,NaN,NaN,NaN,NaN,NaN,NaN,NaN,NaN,NaN,DB,NW,b,b,NaN,NaN,NaN,NaN,NaN,NaN,
2012111206,a8b.2012,9X-A8B,TD,DEV,7.3,90.1,15,1010,334,11,334,11,NaN,NaN,NaN,NaN,NaN,NaN,NaN,NaN,NaN,NaN,DB,NW,b,b,NaN,NaN,NaN,NaN,NaN,NaN,
2012111212,a8b.2012,9X-A8B,TD,DEV,5.6,90.2,15,1004,289,3,84,5,NaN,NaN,NaN,NaN,NaN,NaN,NaN,NaN,NaN,NaN,DB,NW,c,c,NaN,NaN,NaN,NaN,NaN,NaN,
2012111218,a8b.2012,9X-A8B,TD,DEV,5.7,88.1,15,1010,278,4,231,13,NaN,NaN,NaN,NaN,NaN,NaN,NaN,NaN,NaN,NaN,DB,NW,c,c,NaN,NaN,NaN,NaN,NaN,NaN,
2012111300,a8b.2012,9X-A8B,TD,DEV,7.5,89.0,15,1010,278,4,328,11,NaN,NaN,NaN,NaN,NaN,NaN,NaN,NaN,NaN,NaN,DB,NW,c,c,NaN,NaN,NaN,NaN,NaN,NaN,
2012111306,a8b.2012,9X-A8B,TD,DEV,7.8,88.9,15,1010,270,2,21,11,NaN,NaN,NaN,NaN,NaN,NaN,NaN,NaN,NaN,NaN,DB,NW,c,c,NaN,NaN,NaN,NaN,NaN,NaN,
2012111312,a8b.2012,9X-A8B,TD,DEV,8.2,89.0,15,1010,322,3,360,3,NaN,NaN,NaN,NaN,NaN,NaN,NaN,NaN,NaN,NaN,DB,NW,c,c,NaN,NaN,NaN,NaN,NaN,NaN,
2012111318,a8b.2012,9X-A8B,TD,DEV,10.2,90.2,15,1010,315,3,28,14,NaN,NaN,NaN,NaN,NaN,NaN,NaN,NaN,NaN,NaN,DB,NW,c,c,NaN,NaN,NaN,NaN,NaN,NaN,
2012111400,a8b.2012,9X-A8B,TD,DEV,9.3,89.7,15,1010,32,6,32,6,NaN,NaN,NaN,NaN,NaN,NaN,NaN,NaN,NaN,NaN,DB,NW,b,b,NaN,NaN,NaN,NaN,NaN,NaN,
2012111406,a8b.2012,9X-A8B,TD,DEV,9.5,89.7,15,1010,352,4,215,4,NaN,NaN,NaN,NaN,NaN,NaN,NaN,NaN,NaN,NaN,DB,NW,c,c,NaN,NaN,NaN,NaN,NaN,NaN,
2012111412,a8b.2012,9X-A8B,TD,DEV,9.8,89.7,15,1010,360,4,360,2,NaN,NaN,NaN,NaN,NaN,NaN,NaN,NaN,NaN,NaN,DB,NW,c,c,NaN,NaN,NaN,NaN,NaN,NaN,
2012111418,a8b.2012,9X-A8B,TD,DEV,10.9,89.6,15,1010,360,5,356,7,NaN,NaN,NaN,NaN,NaN,NaN,NaN,NaN,NaN,NaN,DB,NW,c,c,NaN,NaN,NaN,NaN,NaN,NaN,
2012111500,a8b.2012,9X-A8B,TD,DEV,12.1,91.1,15,1010,7,8,31,13,NaN,NaN,NaN,NaN,NaN,NaN,NaN,NaN,NaN,NaN,DB,NW,c,c,NaN,NaN,NaN,NaN,NaN,NaN,
2012111506,a8b.2012,9X-A8B,TD,DEV,13.5,91.1,15,1010,3,10,29,15,NaN,NaN,NaN,NaN,NaN,NaN,NaN,NaN,NaN,NaN,DB,NW,c,c,NaN,NaN,NaN,NaN,NaN,NaN,
2012111512,a8b.2012,9X-A8B,TD,DEV,14.4,91.1,15,1009,360,8,360,12,NaN,NaN,NaN,NaN,NaN,NaN,NaN,NaN,NaN,NaN,DB,NW,c,c,NaN,NaN,NaN,NaN,NaN,NaN,
2012111518,a8b.2012,9X-A8B,TD,DEV,15.9,91.3,15,1008,6,10,5,12,NaN,NaN,NaN,NaN,NaN,NaN,NaN,NaN,NaN,NaN,DB,NW,c,c,NaN,NaN,NaN,NaN,NaN,NaN,
2012111600,a8b.2012,9X-A8B,TD,DEV,15.5,91.3,15,1007,5,6,10,6,NaN,NaN,NaN,NaN,NaN,NaN,NaN,NaN,NaN,NaN,DB,NW,c,c,NaN,NaN,NaN,NaN,NaN,NaN,
2012111606,a8b.2012,9X-A8B,TD,DEV,13.6,89.8,15,1010,187,4,212,14,NaN,NaN,NaN,NaN,NaN,NaN,NaN,NaN,NaN,NaN,DB,NW,c,c,NaN,NaN,NaN,NaN,NaN,NaN,
2012111612,a8b.2012,9X-A8B,TD,DEV,14.7,90.7,15,1010,348,5,216,5,NaN,NaN,NaN,NaN,NaN,NaN,NaN,NaN,NaN,NaN,DB,NW,c,c,NaN,NaN,NaN,NaN,NaN,NaN,
2012111618,a8b.2012,9X-A8B,TD,DEV,14.5,90.1,15,1010,262,3,18,5,NaN,NaN,NaN,NaN,NaN,NaN,NaN,NaN,NaN,NaN,DB,NW,c,c,NaN,NaN,NaN,NaN,NaN,NaN,
2012111700,a8b.2012,9X-A8B,TD,DEV,15.2,88.9,20,1007,280,6,286,9,NaN,NaN,NaN,NaN,NaN,NaN,NaN,NaN,NaN,NaN,DB,NW,C,C,200,1008,NaN,S,45,NaN,
2012111706,a8b.2012,9X-A8B,TD,DEV,15.7,89.2,30,1000,300,4,324,7,NaN,NaN,NaN,NaN,NaN,NaN,NaN,NaN,NaN,NaN,DB,NW,C,C,200,1008,NaN,S,45,NaN,
2012111712,a8b.2012,9X-A8B,TD,DEV,16.2,88.9,30,1000,320,5,360,5,NaN,NaN,NaN,NaN,NaN,NaN,NaN,NaN,NaN,NaN,DB,NW,C,C,200,1006,NaN,S,30,NaN,
2012112818,a9b.2012,9X-A9B,TD,NONdev,10.4,92.5,15,1010,218,6,218,6,NaN,NaN,NaN,NaN,NaN,NaN,NaN,NaN,NaN,NaN,DB,NW,b,b,NaN,NaN,0.06,NaN,NaN,NaN,
2012112900,a9b.2012,9X-A9B,TD,NONdev,9.5,93.2,15,1010,218,6,218,6,NaN,NaN,NaN,NaN,NaN,NaN,NaN,NaN,NaN,NaN,DB,NW,b,b,NaN,NaN,NaN,NaN,NaN,NaN,
2012112906,a9b.2012,9X-A9B,TD,NONdev,9.4,91.7,15,1010,218,6,218,6,NaN,NaN,NaN,NaN,NaN,NaN,NaN,NaN,NaN,NaN,DB,NW,b,b,NaN,NaN,NaN,NaN,NaN,NaN,
2012112912,a9b.2012,9X-A9B,TD,NONdev,10.3,91.6,15,1010,260,3,297,9,NaN,NaN,NaN,NaN,NaN,NaN,NaN,NaN,NaN,NaN,DB,NW,c,c,NaN,NaN,NaN,NaN,NaN,NaN,
2012112918,a9b.2012,9X-A9B,TD,NONdev,10.2,91.2,15,1007,254,4,328,5,NaN,NaN,NaN,NaN,NaN,NaN,NaN,NaN,NaN,NaN,DB,NW,c,c,NaN,NaN,NaN,NaN,NaN,NaN,
2012113000,a9b.2012,9X-A9B,TD,NONdev,9.5,90.9,25,1004,270,6,221,5,NaN,NaN,NaN,NaN,NaN,NaN,NaN,NaN,NaN,NaN,DB,NW,c,c,NaN,NaN,NaN,NaN,NaN,NaN,
2012113006,a9b.2012,9X-A9B,TD,NONdev,9.4,89.3,25,1004,270,6,247,10,NaN,NaN,NaN,NaN,NaN,NaN,NaN,NaN,NaN,NaN,DB,NW,c,c,NaN,NaN,NaN,NaN,NaN,NaN,
2012113012,a9b.2012,9X-A9B,TD,NONdev,10.3,89.4,25,1004,270,3,298,8,NaN,NaN,NaN,NaN,NaN,NaN,NaN,NaN,NaN,NaN,DB,NW,c,c,NaN,NaN,NaN,NaN,NaN,NaN,
2012113018,a9b.2012,9X-A9B,TD,NONdev,10.6,88.3,25,1010,258,3,321,8,NaN,NaN,NaN,NaN,NaN,NaN,NaN,NaN,NaN,NaN,DB,NW,c,c,NaN,NaN,NaN,NaN,NaN,NaN,
2012120100,a9b.2012,9X-A9B,TD,NONdev,10.2,88.0,25,1007,251,3,266,7,NaN,NaN,NaN,NaN,NaN,NaN,NaN,NaN,NaN,NaN,DB,NW,c,c,NaN,NaN,NaN,NaN,NaN,NaN,
2012120106,a9b.2012,9X-A9B,TD,NONdev,11.7,88.7,25,1007,243,2,20,6,NaN,NaN,NaN,NaN,NaN,NaN,NaN,NaN,NaN,NaN,DB,NW,c,c,NaN,NaN,NaN,NaN,NaN,NaN,
2012120112,a9b.2012,9X-A9B,TD,NONdev,11.6,88.6,25,1007,224,1,23,8,NaN,NaN,NaN,NaN,NaN,NaN,NaN,NaN,NaN,NaN,DB,NW,c,c,NaN,NaN,NaN,NaN,NaN,NaN,
2012120118,a9b.2012,9X-A9B,TD,NONdev,11.5,87.4,23,1007,224,1,103,8,NaN,NaN,NaN,NaN,NaN,NaN,NaN,NaN,NaN,NaN,DB,NW,c,c,NaN,NaN,NaN,NaN,NaN,NaN,
2012120200,a9b.2012,9X-A9B,TD,NONdev,11.4,86.2,22,1007,224,1,184,9,NaN,NaN,NaN,NaN,NaN,NaN,NaN,NaN,NaN,NaN,DB,NW,c,c,NaN,NaN,NaN,NaN,NaN,NaN,
2012120206,a9b.2012,9X-A9B,TD,NONdev,11.3,85.0,20,1007,270,1,264,9,NaN,NaN,NaN,NaN,NaN,NaN,NaN,NaN,NaN,NaN,DB,NW,c,c,NaN,NaN,NaN,NaN,NaN,NaN,
2012120212,a9b.2012,9X-A9B,TD,NONdev,10.8,84.9,20,1007,270,1,258,9,NaN,NaN,NaN,NaN,NaN,NaN,NaN,NaN,NaN,NaN,DB,NW,c,c,NaN,NaN,NaN,NaN,NaN,NaN,
2012120218,a9b.2012,9X-A9B,TD,NONdev,10.0,82.8,20,1007,243,1,239,13,NaN,NaN,NaN,NaN,NaN,NaN,NaN,NaN,NaN,NaN,DB,NW,c,c,NaN,NaN,NaN,NaN,NaN,NaN,
2012120300,a9b.2012,9X-A9B,TD,NONdev,10.0,82.2,20,1007,251,3,253,14,NaN,NaN,NaN,NaN,NaN,NaN,NaN,NaN,NaN,NaN,DB,NW,c,c,NaN,NaN,NaN,NaN,NaN,NaN,
2012120306,a9b.2012,9X-A9B,TD,NONdev,9.4,80.9,20,1007,243,7,252,10,NaN,NaN,NaN,NaN,NaN,NaN,NaN,NaN,NaN,NaN,DB,NW,c,c,NaN,NaN,0.14,NaN,NaN,NaN,
2012120312,a9b.2012,9X-A9B,TD,NONdev,9.4,80.5,20,1007,253,5,250,9,NaN,NaN,NaN,NaN,NaN,NaN,NaN,NaN,NaN,NaN,DB,NW,c,c,NaN,NaN,0.40,NaN,NaN,NaN,
2012120318,a9b.2012,9X-A9B,TD,NONdev,9.0,80.0,20,1007,246,5,246,5,NaN,NaN,NaN,NaN,NaN,NaN,NaN,NaN,NaN,NaN,DB,NW,c,c,NaN,NaN,0.48,NaN,NaN,NaN,
2012120400,a9b.2012,9X-A9B,TD,NONdev,9.1,80.4,20,1007,238,5,198,2,NaN,NaN,NaN,NaN,NaN,NaN,NaN,NaN,NaN,NaN,DB,NW,c,c,NaN,NaN,0.81,NaN,NaN,NaN,
2012120406,a9b.2012,9X-A9B,TD,NONdev,9.5,80.0,20,1007,249,4,360,2,NaN,NaN,NaN,NaN,NaN,NaN,NaN,NaN,NaN,NaN,DB,NW,c,c,NaN,NaN,0.31,NaN,NaN,NaN,
2012120412,a9b.2012,9X-A9B,TD,NONdev,8.0,79.8,20,1007,199,7,208,6,NaN,NaN,NaN,NaN,NaN,NaN,NaN,NaN,NaN,NaN,DB,NW,c,c,NaN,NaN,0.68,NaN,NaN,NaN,
2012120418,a9b.2012,9X-A9B,TD,NONdev,7.6,79.8,20,1007,192,7,186,10,NaN,NaN,NaN,NaN,NaN,NaN,NaN,NaN,NaN,NaN,DB,NW,c,c,NaN,NaN,0.67,NaN,NaN,NaN,
2012120500,a9b.2012,9X-A9B,TD,NONdev,7.1,78.0,20,1007,243,10,243,10,NaN,NaN,NaN,NaN,NaN,NaN,NaN,NaN,NaN,NaN,DB,NW,b,b,NaN,NaN,NaN,NaN,NaN,NaN,
2012120506,a9b.2012,9X-A9B,TD,NONdev,6.1,77.7,20,1007,209,9,234,13,NaN,NaN,NaN,NaN,NaN,NaN,NaN,NaN,NaN,NaN,DB,NW,c,c,NaN,NaN,NaN,NaN,NaN,NaN,
2012120512,a9b.2012,9X-A9B,TD,NONdev,5.8,76.6,20,1007,227,10,227,10,NaN,NaN,NaN,NaN,NaN,NaN,NaN,NaN,NaN,NaN,DB,NW,c,c,NaN,NaN,NaN,NaN,NaN,NaN,
2012120518,a9b.2012,9X-A9B,TD,NONdev,5.4,75.7,20,1007,239,10,251,11,NaN,NaN,NaN,NaN,NaN,NaN,NaN,NaN,NaN,NaN,DB,NW,c,c,NaN,NaN,NaN,NaN,NaN,NaN,
2012120600,a9b.2012,9X-A9B,TD,NONdev,5.2,74.2,20,1007,256,12,256,12,NaN,NaN,NaN,NaN,NaN,NaN,NaN,NaN,NaN,NaN,DB,NW,c,c,NaN,NaN,NaN,NaN,NaN,NaN,
2012120606,a9b.2012,9X-A9B,TD,NONdev,5.4,72.8,20,1007,270,14,270,14,NaN,NaN,NaN,NaN,NaN,NaN,NaN,NaN,NaN,NaN,DB,NW,c,c,NaN,NaN,0.01,NaN,NaN,NaN,
2012121818,b0b.2012,9X-B0B,TD,DEV,5.0,77.1,15,1010,305,18,305,18,NaN,NaN,NaN,NaN,NaN,NaN,NaN,NaN,NaN,NaN,DB,NW,b,b,NaN,NaN,NaN,NaN,NaN,NaN,
2012121900,b0b.2012,9X-B0B,TD,DEV,6.0,76.5,15,1010,305,18,305,18,NaN,NaN,NaN,NaN,NaN,NaN,NaN,NaN,NaN,NaN,DB,NW,b,b,NaN,NaN,NaN,NaN,NaN,NaN,
2012121906,b0b.2012,9X-B0B,TD,DEV,7.1,74.1,15,1010,305,18,305,18,NaN,NaN,NaN,NaN,NaN,NaN,NaN,NaN,NaN,NaN,DB,NW,b,b,NaN,NaN,NaN,NaN,NaN,NaN,
2012121912,b0b.2012,9X-B0B,TD,DEV,7.2,72.4,15,1010,305,18,294,19,NaN,NaN,NaN,NaN,NaN,NaN,NaN,NaN,NaN,NaN,DB,NW,b,b,NaN,NaN,NaN,NaN,NaN,NaN,
2012121918,b0b.2012,9X-B0B,TD,DEV,7.3,70.7,15,1010,285,19,283,20,NaN,NaN,NaN,NaN,NaN,NaN,NaN,NaN,NaN,NaN,DB,NW,c,c,NaN,NaN,NaN,NaN,NaN,NaN,
2012122000,b0b.2012,9X-B0B,TD,DEV,7.7,69.7,15,1010,278,15,278,15,NaN,NaN,NaN,NaN,NaN,NaN,NaN,NaN,NaN,NaN,DB,NW,c,c,NaN,NaN,NaN,NaN,NaN,NaN,
2012122006,b0b.2012,9X-B0B,TD,DEV,7.7,68.9,15,1010,278,15,278,13,NaN,NaN,NaN,NaN,NaN,NaN,NaN,NaN,NaN,NaN,DB,NW,c,c,NaN,NaN,NaN,NaN,NaN,NaN,
2012122012,b0b.2012,9X-B0B,TD,DEV,7.7,68.2,15,1010,278,15,277,10,NaN,NaN,NaN,NaN,NaN,NaN,NaN,NaN,NaN,NaN,DB,NW,c,c,NaN,NaN,NaN,NaN,NaN,NaN,
2012122018,b0b.2012,9X-B0B,TD,DEV,7.7,67.4,15,1010,292,13,277,8,NaN,NaN,NaN,NaN,NaN,NaN,NaN,NaN,NaN,NaN,DB,NW,c,c,NaN,NaN,NaN,NaN,NaN,NaN,
2012122100,b0b.2012,9X-B0B,TD,DEV,8.3,66.7,15,1010,291,10,281,8,NaN,NaN,NaN,NaN,NaN,NaN,NaN,NaN,NaN,NaN,DB,NW,c,c,NaN,NaN,NaN,NaN,NaN,NaN,
2012122106,b0b.2012,9X-B0B,TD,DEV,8.2,66.8,15,1007,293,8,310,4,NaN,NaN,NaN,NaN,NaN,NaN,NaN,NaN,NaN,NaN,DB,NW,c,c,NaN,NaN,NaN,NaN,NaN,NaN,
2012122112,b0b.2012,9X-B0B,TD,DEV,8.5,66.8,15,1007,300,8,26,1,NaN,NaN,NaN,NaN,NaN,NaN,NaN,NaN,NaN,NaN,DB,NW,c,c,NaN,NaN,NaN,NaN,NaN,NaN,
2012122118,b0b.2012,9X-B0B,TD,DEV,8.9,65.3,20,1007,295,10,295,8,NaN,NaN,NaN,NaN,NaN,NaN,NaN,NaN,NaN,NaN,DB,NW,C,C,150,1008,NaN,S,15,NaN,
2012122200,b0b.2012,9X-B0B,TD,DEV,8.9,65.1,25,1004,300,9,283,9,NaN,NaN,NaN,NaN,NaN,NaN,NaN,NaN,NaN,NaN,DB,NW,C,C,150,1008,NaN,S,15,NaN,
2012122206,b0b.2012,9X-B0B,TD,DEV,8.9,64.8,25,1004,305,6,270,2,NaN,NaN,NaN,NaN,NaN,NaN,NaN,NaN,NaN,NaN,DB,NW,C,C,180,1007,NaN,S,45,NaN,
2012122212,b0b.2012,9X-B0B,TD,DEV,8.4,63.0,25,1004,265,8,256,11,NaN,NaN,NaN,NaN,NaN,NaN,NaN,NaN,NaN,NaN,DB,NW,C,C,180,1007,NaN,S,40,NaN,
2012122218,b0b.2012,9X-B0B,TD,DEV,8.6,61.4,30,1000,270,11,265,17,NaN,NaN,NaN,NaN,NaN,NaN,NaN,NaN,NaN,NaN,DB,NW,C,C,190,1007,NaN,S,40,NaN,
2012102106,h3w.2012,9X-H3W,TD,DEV,5.5,110.1,15,1010,336,11,336,11,NaN,NaN,NaN,NaN,NaN,NaN,NaN,NaN,NaN,NaN,DB,NW,b,b,NaN,NaN,NaN,NaN,NaN,NaN,
2012102112,h3w.2012,9X-H3W,TD,DEV,5.8,109.5,15,1010,336,11,336,11,NaN,NaN,NaN,NaN,NaN,NaN,NaN,NaN,NaN,NaN,DB,NW,b,b,NaN,NaN,NaN,NaN,NaN,NaN,
2012102118,h3w.2012,9X-H3W,TD,DEV,7.5,109.2,15,1010,336,11,336,11,NaN,NaN,NaN,NaN,NaN,NaN,NaN,NaN,NaN,NaN,DB,NW,b,b,NaN,NaN,NaN,NaN,NaN,NaN,
2012102200,h3w.2012,9X-H3W,TD,DEV,5.0,109.0,15,1010,247,4,212,5,NaN,NaN,NaN,NaN,NaN,NaN,NaN,NaN,NaN,NaN,DB,NW,c,c,NaN,NaN,NaN,NaN,NaN,NaN,
2012102206,h3w.2012,9X-H3W,TD,DEV,5.3,107.5,15,1010,261,7,218,14,NaN,NaN,NaN,NaN,NaN,NaN,NaN,NaN,NaN,NaN,DB,NW,c,c,NaN,NaN,NaN,NaN,NaN,NaN,
2012102212,h3w.2012,9X-H3W,TD,DEV,6.7,105.2,15,1010,261,7,257,18,NaN,NaN,NaN,NaN,NaN,NaN,NaN,NaN,NaN,NaN,DB,NW,c,c,NaN,NaN,NaN,NaN,NaN,NaN,
2012102218,h3w.2012,9X-H3W,TD,DEV,8.0,102.9,15,1010,276,13,296,23,NaN,NaN,NaN,NaN,NaN,NaN,NaN,NaN,NaN,NaN,DB,NW,c,c,NaN,NaN,NaN,NaN,NaN,NaN,
2012102300,h3w.2012,9X-H3W,TD,DEV,8.4,101.8,15,1010,284,12,299,22,NaN,NaN,NaN,NaN,NaN,NaN,NaN,NaN,NaN,NaN,DB,NW,c,c,NaN,NaN,NaN,NaN,NaN,NaN,
2012102306,h3w.2012,9X-H3W,TD,DEV,8.7,100.6,15,1010,287,12,287,12,NaN,NaN,NaN,NaN,NaN,NaN,NaN,NaN,NaN,NaN,DB,NW,c,c,NaN,NaN,0.13,NaN,NaN,NaN,
2012102312,h3w.2012,9X-H3W,TD,DEV,10.3,99.7,15,1010,292,11,313,14,NaN,NaN,NaN,NaN,NaN,NaN,NaN,NaN,NaN,NaN,DB,NW,c,c,NaN,NaN,0.30,NaN,NaN,NaN,
2012102318,h3w.2012,9X-H3W,TD,DEV,11.3,99.2,15,1008,302,10,332,15,NaN,NaN,NaN,NaN,NaN,NaN,NaN,NaN,NaN,NaN,DB,NW,c,c,180,1011,0.82,NaN,50,NaN,
2012102400,h3w.2012,9X-H3W,TD,DEV,12.3,98.9,15,1010,311,9,339,11,NaN,NaN,NaN,NaN,NaN,NaN,NaN,NaN,NaN,NaN,DB,NW,c,c,NaN,NaN,0.84,NaN,NaN,NaN,
2012102406,h3w.2012,9X-H3W,TD,DEV,11.2,97.7,15,1010,311,9,292,10,NaN,NaN,NaN,NaN,NaN,NaN,NaN,NaN,NaN,NaN,DB,NW,c,c,NaN,NaN,0.42,NaN,NaN,NaN,
2012102412,h3w.2012,9X-H3W,TD,DEV,10.0,96.5,15,1010,260,6,244,10,NaN,NaN,NaN,NaN,NaN,NaN,NaN,NaN,NaN,NaN,DB,NW,c,c,NaN,NaN,NaN,NaN,NaN,NaN,
2012102418,h3w.2012,9X-H3W,TD,DEV,10.2,95.8,15,1010,279,6,235,12,NaN,NaN,NaN,NaN,NaN,NaN,NaN,NaN,NaN,NaN,DB,NW,c,c,NaN,NaN,NaN,NaN,NaN,NaN,
2012102500,h3w.2012,9X-H3W,TD,DEV,10.2,95.3,15,1010,280,6,280,6,NaN,NaN,NaN,NaN,NaN,NaN,NaN,NaN,NaN,NaN,DB,NW,c,c,NaN,NaN,NaN,NaN,NaN,NaN,
2012102506,h3w.2012,9X-H3W,TD,DEV,11.1,94.1,15,1010,270,5,298,9,NaN,NaN,NaN,NaN,NaN,NaN,NaN,NaN,NaN,NaN,DB,NW,c,c,NaN,NaN,NaN,NaN,NaN,NaN,
2012102512,h3w.2012,9X-H3W,TD,DEV,11.7,95.1,15,1010,270,6,353,8,NaN,NaN,NaN,NaN,NaN,NaN,NaN,NaN,NaN,NaN,DB,NW,c,c,NaN,NaN,NaN,NaN,NaN,NaN,
2012102518,h3w.2012,9X-H3W,TD,DEV,11.7,94.0,15,1010,270,4,351,3,NaN,NaN,NaN,NaN,NaN,NaN,NaN,NaN,NaN,NaN,DB,NW,c,c,NaN,NaN,NaN,NaN,NaN,NaN,
2012102600,h3w.2012,9X-H3W,TD,DEV,11.7,93.4,15,1010,270,5,270,8,NaN,NaN,NaN,NaN,NaN,NaN,NaN,NaN,NaN,NaN,DB,NW,c,c,NaN,NaN,NaN,NaN,NaN,NaN,
2012102606,h3w.2012,9X-H3W,TD,DEV,10.9,92.2,15,1010,264,5,246,10,NaN,NaN,NaN,NaN,NaN,NaN,NaN,NaN,NaN,NaN,DB,NW,c,c,NaN,NaN,0.04,NaN,NaN,NaN,
2012102612,h3w.2012,9X-H3W,TD,DEV,10.9,92.5,15,1010,270,4,228,6,NaN,NaN,NaN,NaN,NaN,NaN,NaN,NaN,NaN,NaN,DB,NW,c,c,NaN,NaN,0.07,NaN,NaN,NaN,
2012102618,h3w.2012,9X-H3W,TD,DEV,12.2,91.1,15,1008,295,7,320,8,NaN,NaN,NaN,NaN,NaN,NaN,NaN,NaN,NaN,NaN,DB,NW,C,C,125,1009,NaN,S,40,NaN,
2012102700,h3w.2012,9X-H3W,TD,DEV,12.3,90.3,20,1008,285,7,303,13,NaN,NaN,NaN,NaN,NaN,NaN,NaN,NaN,NaN,NaN,DB,NW,C,C,125,1009,NaN,S,40,NaN,
2012102706,h3w.2012,9X-H3W,TD,DEV,11.7,88.7,20,1007,270,10,258,12,NaN,NaN,NaN,NaN,NaN,NaN,NaN,NaN,NaN,NaN,DB,NW,C,C,140,1009,NaN,S,40,NaN,
2012102712,h3w.2012,9X-H3W,TD,DEV,10.6,86.8,20,1007,255,14,244,19,NaN,NaN,NaN,NaN,NaN,NaN,NaN,NaN,NaN,NaN,DB,NW,C,C,140,1009,NaN,S,40,NaN,
2012102718,h3w.2012,9X-H3W,TD,DEV,9.8,85.8,20,1007,245,15,236,17,NaN,NaN,NaN,NaN,NaN,NaN,NaN,NaN,NaN,NaN,DB,NW,C,C,140,1008,NaN,S,40,NaN,
2012102800,h3w.2012,9X-H3W,TD,DEV,9.7,84.9,25,1004,240,14,244,10,NaN,NaN,NaN,NaN,NaN,NaN,NaN,NaN,NaN,NaN,DB,NW,C,C,120,1006,NaN,S,40,NaN,
2012102806,h3w.2012,9X-H3W,TD,DEV,9.4,84.0,25,1004,245,11,257,9,NaN,NaN,NaN,NaN,NaN,NaN,NaN,NaN,NaN,NaN,DB,NW,C,C,120,1006,NaN,S,40,NaN,
2012102812,h3w.2012,9X-H3W,TD,DEV,9.5,84.5,25,1004,250,6,243,2,NaN,NaN,NaN,NaN,NaN,NaN,NaN,NaN,NaN,NaN,DB,NW,C,C,120,1006,NaN,S,40,NaN,
2012102818,h3w.2012,9X-H3W,TD,DEV,9.6,84.4,30,1000,255,4,63,2,NaN,NaN,NaN,NaN,NaN,NaN,NaN,NaN,NaN,NaN,DB,NW,C,C,150,1006,NaN,S,40,NaN,
2012102900,h3w.2012,9X-H3W,TD,DEV,9.6,83.7,30,1000,265,5,277,4,NaN,NaN,NaN,NaN,NaN,NaN,NaN,NaN,NaN,NaN,DB,NW,C,C,180,1007,NaN,S,40,NaN,
2012102906,h3w.2012,9X-H3W,TD,DEV,8.8,82.9,30,1000,245,6,242,8,NaN,NaN,NaN,NaN,NaN,NaN,NaN,NaN,NaN,NaN,DB,NW,C,C,180,1007,NaN,S,40,NaN,
2011120112,z0s.2012,9X-Z0S,TY,NN,-3.1,96.6,15,NaN,153,3,152,17,NaN,NaN,NaN,NaN,NaN,NaN,NaN,NaN,NaN,NaN,NT,NW,c,c,NaN,NaN,NaN,NaN,NaN,NaN,
2011120118,z0s.2012,9X-Z0S,TY,NN,-4.5,99.2,15,NaN,146,9,152,17,NaN,NaN,NaN,NaN,NaN,NaN,NaN,NaN,NaN,NaN,NT,NW,c,c,NaN,NaN,NaN,NaN,NaN,NaN,
2011120200,z0s.2012,9X-Z0S,TY,NN,-6.1,98.2,15,NaN,193,13,152,17,NaN,NaN,NaN,NaN,NaN,NaN,NaN,NaN,NaN,NaN,NT,NW,c,c,NaN,NaN,NaN,NaN,NaN,NaN,
2011120206,z0s.2012,9X-Z0S,TY,NN,-6.1,97.2,15,1010,214,7,231,13,NaN,NaN,NaN,NaN,NaN,NaN,NaN,NaN,NaN,NaN,DB,NW,B,B,NaN,NaN,NaN,NaN,NaN,NaN,
2011120212,z0s.2012,9X-Z0S,TY,NN,-6.5,96.8,15,1010,214,7,254,7,NaN,NaN,NaN,NaN,NaN,NaN,NaN,NaN,NaN,NaN,DB,NW,B,B,NaN,NaN,NaN,NaN,NaN,NaN,
2011120218,z0s.2012,9X-Z0S,TY,NN,-7.3,96.4,20,1007,214,7,214,7,NaN,NaN,NaN,NaN,NaN,NaN,NaN,NaN,NaN,NaN,DB,NW,B,B,185,1008,NaN,S,50,NaN,
2011120300,z0s.2012,9X-Z0S,TY,NN,-8.1,95.9,20,1007,209,9,209,9,NaN,NaN,NaN,NaN,NaN,NaN,NaN,NaN,NaN,NaN,DB,NW,B,B,190,1008,NaN,S,45,NaN,
2011120306,z0s.2012,9X-Z0S,TY,NN,-9.1,95.5,20,1007,206,10,206,10,NaN,NaN,NaN,NaN,NaN,NaN,NaN,NaN,NaN,NaN,DB,NW,B,B,190,1007,NaN,S,45,NaN,
2011120312,z0s.2012,9X-Z0S,TY,NN,-9.7,94.6,25,1004,219,10,219,10,NaN,NaN,NaN,NaN,NaN,NaN,NaN,NaN,NaN,NaN,TD,NW,B,B,190,1007,NaN,S,40,NaN,
2011120318,z0s.2012,9X-Z0S,TY,NN,-10.8,94.0,30,1000,221,11,221,11,NaN,NaN,NaN,NaN,NaN,NaN,NaN,NaN,NaN,NaN,TD,NW,B,B,190,1007,NaN,S,45,NaN,
2011120400,z0s.2012,9X-Z0S,TY,NN,-11.9,92.9,30,1000,217,14,217,14,NaN,NaN,NaN,NaN,NaN,NaN,NaN,NaN,NaN,NaN,TD,NW,B,B,NaN,NaN,NaN,NaN,NaN,NaN,
2011120406,z0s.2012,9X-Z0S,TY,NN,-12.5,91.2,30,1000,238,16,238,16,NaN,NaN,NaN,NaN,NaN,NaN,NaN,NaN,NaN,NaN,TD,NW,B,B,185,1006,NaN,S,40,NaN,
2011120412,z0s.2012,9X-Z0S,TY,NN,-12.8,89.6,30,1000,254,17,254,17,NaN,NaN,NaN,NaN,NaN,NaN,NaN,NaN,NaN,NaN,TD,NW,B,B,180,1006,NaN,S,40,NaN,
2011120418,z0s.2012,9X-Z0S,TY,NN,-12.6,88.8,35,996,268,12,268,12,NaN,NaN,NaN,NaN,NaN,NaN,NaN,NaN,NaN,NaN,TS,NW,B,B,NaN,NaN,NaN,NaN,NaN,NaN,
2011120500,01s.2012,ALENGA,TY,NN,-12.3,88.1,40,993,289,8,289,8,105,95,110,110,105,NaN,NaN,NaN,NaN,NaN,TS,WN,B,B,170,1006,NaN,S,40,SLF,
2011120506,01s.2012,ALENGA,TY,NN,-12.2,87.8,50,985,292,5,292,5,118,125,120,105,120,40,40,40,105,40,TS,WN,B,B,180,1006,NaN,M,40,CEG,
2011120512,01s.2012,ALENGA,TY,NN,-12.3,87.5,50,985,270,3,270,3,118,125,120,105,120,40,40,40,105,40,TS,WN,B,B,180,1006,NaN,M,40,NaN,
2011120518,01s.2012,ALENGA,TY,NN,-12.2,87.2,50,985,270,3,270,3,118,125,120,105,120,40,40,40,105,40,TS,WN,B,B,NaN,NaN,NaN,NaN,NaN,NaN,
2011120600,01s.2012,ALENGA,TY,NN,-12.6,87.2,45,989,224,2,224,2,118,125,120,105,120,NaN,NaN,NaN,NaN,NaN,TS,WN,B,B,215,1005,NaN,M,40,NaN,
2011120606,01s.2012,ALENGA,TY,NN,-13.0,87.4,45,989,166,4,166,4,90,90,90,90,90,NaN,NaN,NaN,NaN,NaN,TS,WN,B,B,220,1005,NaN,M,40,SJB,
2011120612,01s.2012,ALENGA,TY,NN,-13.5,87.6,45,989,157,5,157,5,90,90,90,90,90,NaN,NaN,NaN,NaN,NaN,TS,WN,B,B,220,1005,NaN,M,40,NaN,
2011120618,01s.2012,ALENGA,TY,NN,-13.6,88.2,50,985,128,5,128,5,75,75,75,75,75,NaN,NaN,NaN,NaN,NaN,TS,WN,B,B,220,1005,NaN,M,40,ADL,
2011120700,01s.2012,ALENGA,TY,NN,-13.7,89.0,55,982,98,7,98,7,75,75,75,75,75,25,25,25,75,25,TS,WN,B,B,200,1003,NaN,M,40,NaN,
2011120706,01s.2012,ALENGA,TY,NN,-14.3,90.2,60,978,110,10,110,10,90,95,85,85,95,55,60,50,85,60,TS,WN,B,B,200,1004,NaN,M,35,NAL,
2011120712,01s.2012,ALENGA,TY,NN,-14.8,91.5,60,978,114,13,114,13,90,95,85,85,95,55,60,50,85,60,TS,WN,B,B,210,1003,NaN,D,25,NaN,
2011120718,01s.2012,ALENGA,TY,NN,-15.4,93.1,70,970,111,15,111,15,91,100,90,80,95,55,60,50,80,60,TY,WN,B,B,210,1003,NaN,D,20,ADL,
2011120800,01s.2012,ALENGA,TY,NN,-16.3,94.8,90,956,115,18,115,18,100,110,95,85,110,58,60,60,85,60,TY,WN,B,B,210,1003,NaN,D,20,SLF,
2011120806,01s.2012,ALENGA,TY,NN,-17.4,96.8,95,952,119,20,119,20,100,110,95,85,110,58,60,60,85,60,TY,WN,B,B,210,1002,NaN,D,20,NaN,
2011120812,01s.2012,ALENGA,TY,NN,-18.4,98.8,80,952,119,22,119,22,96,110,95,70,110,55,60,60,70,60,TY,WN,B,B,200,1000,NaN,D,25,CEG,
2011120818,01s.2012,ALENGA,TY,NN,-19.7,100.6,65,974,123,21,123,21,96,110,95,70,110,55,60,60,70,60,TY,WN,B,B,200,1000,NaN,D,10,NaN,
2011120900,01s.2012,ALENGA,TY,NN,-20.6,101.8,45,989,128,18,128,18,102,120,120,60,110,NaN,NaN,NaN,NaN,NaN,TS,WN,B,B,190,1001,NaN,M,30,SLF,
2011120906,01s.2012,ALENGA,TY,NN,-21.3,102.5,30,1000,132,12,132,12,NaN,NaN,NaN,NaN,NaN,NaN,NaN,NaN,NaN,NaN,TD,WN,B,B,190,1001,NaN,M,35,SLF,
2011120912,01s.2012,ALENGA,TY,NN,-21.4,102.9,25,1004,128,7,128,7,NaN,NaN,NaN,NaN,NaN,NaN,NaN,NaN,NaN,NaN,EX,NW,B,B,NaN,NaN,NaN,NaN,NaN,NaN,
2011120206,z1s.2012,9X-Z1S,TS,NN,-12.1,68.8,15,NaN,90,1,117,2,NaN,NaN,NaN,NaN,NaN,NaN,NaN,NaN,NaN,NaN,NT,NW,c,c,NaN,NaN,NaN,NaN,NaN,NaN,
2011120212,z1s.2012,9X-Z1S,TS,NN,-12.5,69.3,20,1007,346,2,117,2,NaN,NaN,NaN,NaN,NaN,NaN,NaN,NaN,NaN,NaN,TD,NW,B,B,NaN,NaN,NaN,NaN,NaN,NaN,
2011120218,z1s.2012,9X-Z1S,TS,NN,-12.3,69.2,20,1007,346,2,117,2,NaN,NaN,NaN,NaN,NaN,NaN,NaN,NaN,NaN,NaN,DB,NW,B,B,NaN,NaN,NaN,NaN,NaN,NaN,
2011120300,z1s.2012,9X-Z1S,TS,NN,-12.1,69.2,25,1004,346,2,346,2,NaN,NaN,NaN,NaN,NaN,NaN,NaN,NaN,NaN,NaN,TD,NW,B,B,NaN,NaN,NaN,NaN,NaN,NaN,
2011120306,z1s.2012,9X-Z1S,TS,NN,-12.2,69.4,25,1004,63,1,63,1,NaN,NaN,NaN,NaN,NaN,NaN,NaN,NaN,NaN,NaN,TD,NW,B,B,200,1006,NaN,S,40,NaN,
2011120312,z1s.2012,9X-Z1S,TS,NN,-12.4,69.5,25,1004,136,2,136,2,NaN,NaN,NaN,NaN,NaN,NaN,NaN,NaN,NaN,NaN,TD,NW,B,B,190,1006,NaN,S,40,NaN,
2011120318,z1s.2012,9X-Z1S,TS,NN,-12.9,69.8,30,1000,151,4,151,4,NaN,NaN,NaN,NaN,NaN,NaN,NaN,NaN,NaN,NaN,TD,NW,B,B,190,1006,NaN,S,45,NaN,
2011120400,z1s.2012,9X-Z1S,TS,NN,-13.7,70.3,30,1000,149,8,149,8,NaN,NaN,NaN,NaN,NaN,NaN,NaN,NaN,NaN,NaN,TD,NW,B,B,185,1006,NaN,S,45,NaN,
2011120406,z1s.2012,9X-Z1S,TS,NN,-14.3,70.4,25,1003,157,8,157,8,NaN,NaN,NaN,NaN,NaN,NaN,NaN,NaN,NaN,NaN,TD,NW,B,B,175,1006,NaN,S,40,NaN,
2011120412,z1s.2012,9X-Z1S,TS,NN,-14.6,70.5,25,1004,168,5,168,5,NaN,NaN,NaN,NaN,NaN,NaN,NaN,NaN,NaN,NaN,TD,NW,B,B,NaN,NaN,NaN,NaN,NaN,NaN,
2011120418,z1s.2012,9X-Z1S,TS,NN,-14.9,70.5,25,1004,171,3,171,3,NaN,NaN,NaN,NaN,NaN,NaN,NaN,NaN,NaN,NaN,TD,NW,B,B,NaN,NaN,NaN,NaN,NaN,NaN,
2011120500,z1s.2012,9X-Z1S,TS,NN,-15.3,70.4,30,1000,188,4,188,4,NaN,NaN,NaN,NaN,NaN,NaN,NaN,NaN,NaN,NaN,TD,NW,B,B,NaN,NaN,NaN,NaN,NaN,NaN,
2011120506,z1s.2012,9X-Z1S,TS,NN,-15.8,70.2,30,1000,198,5,198,5,NaN,NaN,NaN,NaN,NaN,NaN,NaN,NaN,NaN,NaN,TD,NW,B,B,NaN,NaN,NaN,NaN,NaN,NaN,
2011120512,z1s.2012,9X-Z1S,TS,NN,-16.3,70.0,30,1000,201,5,201,5,NaN,NaN,NaN,NaN,NaN,NaN,NaN,NaN,NaN,NaN,TD,NW,B,B,NaN,NaN,NaN,NaN,NaN,NaN,
2011120518,z1s.2012,9X-Z1S,TS,NN,-16.6,69.7,30,1000,211,5,211,5,NaN,NaN,NaN,NaN,NaN,NaN,NaN,NaN,NaN,NaN,TD,NW,B,B,NaN,NaN,NaN,NaN,NaN,NaN,
2011120600,z1s.2012,9X-Z1S,TS,NN,-16.9,69.5,35,996,219,4,219,4,NaN,NaN,NaN,NaN,NaN,NaN,NaN,NaN,NaN,NaN,TS,NW,B,B,200,1005,NaN,S,40,NaN,
2011120606,02s.2012,TWO,TS,NN,-16.9,69.1,35,996,242,3,242,3,NaN,NaN,NaN,NaN,NaN,NaN,NaN,NaN,NaN,NaN,TS,WN,B,B,200,1005,NaN,S,40,SJB,
2011120612,02s.2012,TWO,TS,NN,-16.9,68.6,35,996,270,4,270,4,NaN,NaN,NaN,NaN,NaN,NaN,NaN,NaN,NaN,NaN,TS,WN,B,B,200,1005,NaN,S,45,NaN,
2011120618,02s.2012,TWO,TS,NN,-16.5,68.3,30,1000,298,4,298,4,NaN,NaN,NaN,NaN,NaN,NaN,NaN,NaN,NaN,NaN,TD,WN,B,B,190,1004,NaN,M,40,AAH,
2011120700,02s.2012,TWO,TS,NN,-16.3,68.0,30,1000,316,4,316,4,NaN,NaN,NaN,NaN,NaN,NaN,NaN,NaN,NaN,NaN,TD,WN,B,B,190,1004,NaN,S,40,NaN,
2011120706,02s.2012,TWO,TS,NN,-16.2,67.6,30,1000,294,4,294,4,NaN,NaN,NaN,NaN,NaN,NaN,NaN,NaN,NaN,NaN,TD,WN,B,B,190,1006,NaN,S,40,BRS,
2011120712,02s.2012,TWO,TS,NN,-16.0,67.4,30,1000,297,3,297,3,NaN,NaN,NaN,NaN,NaN,NaN,NaN,NaN,NaN,NaN,TD,NW,B,B,190,1006,NaN,S,40,NaN,
2011120718,02s.2012,TWO,TS,NN,-16.2,67.1,25,1004,270,2,270,2,NaN,NaN,NaN,NaN,NaN,NaN,NaN,NaN,NaN,NaN,TD,NW,B,B,190,1006,NaN,S,40,NaN,
2011120800,02s.2012,TWO,TS,NN,-16.7,66.7,25,1004,224,5,224,5,NaN,NaN,NaN,NaN,NaN,NaN,NaN,NaN,NaN,NaN,TD,NW,B,B,180,1006,NaN,S,40,NaN,
2011120806,02s.2012,TWO,TS,NN,-16.6,66.2,25,1004,245,5,245,5,NaN,NaN,NaN,NaN,NaN,NaN,NaN,NaN,NaN,NaN,TD,NW,B,B,185,1006,NaN,S,40,NaN,
2011120812,02s.2012,TWO,TS,NN,-16.2,66.4,25,1004,330,3,330,3,NaN,NaN,NaN,NaN,NaN,NaN,NaN,NaN,NaN,NaN,TD,NW,B,B,175,1005,NaN,S,40,NaN,
2011120818,02s.2012,TWO,TS,NN,-16.5,66.6,25,1004,75,2,75,2,NaN,NaN,NaN,NaN,NaN,NaN,NaN,NaN,NaN,NaN,TD,NW,B,B,175,1005,NaN,S,40,NaN,
2011120900,02s.2012,TWO,TS,NN,-16.5,66.1,25,1004,224,2,224,2,NaN,NaN,NaN,NaN,NaN,NaN,NaN,NaN,NaN,NaN,TD,NW,B,B,NaN,NaN,NaN,NaN,NaN,NaN,
2011120906,02s.2012,TWO,TS,NN,-16.5,65.6,25,1004,270,5,270,5,NaN,NaN,NaN,NaN,NaN,NaN,NaN,NaN,NaN,NaN,TD,NW,B,B,180,1008,NaN,S,40,NaN,
2011120912,02s.2012,TWO,TS,NN,-16.5,65.0,25,1004,270,5,270,5,NaN,NaN,NaN,NaN,NaN,NaN,NaN,NaN,NaN,NaN,TD,NW,B,B,NaN,NaN,NaN,NaN,NaN,NaN,
2011120918,02s.2012,TWO,TS,NN,-16.5,64.4,25,1004,270,6,270,6,NaN,NaN,NaN,NaN,NaN,NaN,NaN,NaN,NaN,NaN,TD,NW,B,B,180,1008,NaN,S,40,NaN,
2011121000,02s.2012,TWO,TS,NN,-16.5,63.5,25,1004,270,7,270,7,NaN,NaN,NaN,NaN,NaN,NaN,NaN,NaN,NaN,NaN,TD,NW,B,B,180,1008,NaN,S,40,NaN,
2011121006,02s.2012,TWO,TS,NN,-16.4,62.8,25,1004,274,8,274,8,NaN,NaN,NaN,NaN,NaN,NaN,NaN,NaN,NaN,NaN,TD,NW,B,B,NaN,NaN,NaN,NaN,NaN,NaN,
2011121012,02s.2012,TWO,TS,NN,-16.4,62.2,20,1007,275,6,275,6,NaN,NaN,NaN,NaN,NaN,NaN,NaN,NaN,NaN,NaN,DB,NW,B,B,NaN,NaN,NaN,NaN,NaN,NaN,
2011121018,02s.2012,TWO,TS,NN,-16.2,61.6,20,1007,280,6,280,6,NaN,NaN,NaN,NaN,NaN,NaN,NaN,NaN,NaN,NaN,DB,NW,B,B,NaN,NaN,NaN,NaN,NaN,NaN,
2011121100,02s.2012,TWO,TS,NN,-16.1,61.2,20,1007,287,5,287,5,NaN,NaN,NaN,NaN,NaN,NaN,NaN,NaN,NaN,NaN,DB,NW,B,B,NaN,NaN,NaN,NaN,NaN,NaN,
2011121106,02s.2012,TWO,TS,NN,-16.0,60.8,20,1007,285,4,285,4,NaN,NaN,NaN,NaN,NaN,NaN,NaN,NaN,NaN,NaN,DB,NW,B,B,NaN,NaN,NaN,NaN,NaN,NaN,
2011121112,02s.2012,TWO,TS,NN,-16.3,59.8,20,1007,262,7,262,7,NaN,NaN,NaN,NaN,NaN,NaN,NaN,NaN,NaN,NaN,DB,NW,B,B,NaN,NaN,NaN,NaN,NaN,NaN,
2011121118,02s.2012,TWO,TS,NN,-16.2,58.6,20,1007,265,11,265,11,NaN,NaN,NaN,NaN,NaN,NaN,NaN,NaN,NaN,NaN,TD,NW,B,B,NaN,NaN,NaN,NaN,NaN,NaN,
2011121918,z2s.2012,9X-Z2S,TS,NN,-12.4,133.8,15,NaN,316,1,267,18,NaN,NaN,NaN,NaN,NaN,NaN,NaN,NaN,NaN,NaN,NT,NW,c,c,NaN,NaN,0.97,NaN,NaN,NaN,
2011122000,z2s.2012,9X-Z2S,TS,NN,-11.9,132.1,15,NaN,304,2,267,18,NaN,NaN,NaN,NaN,NaN,NaN,NaN,NaN,NaN,NaN,NT,NW,c,c,NaN,NaN,0.23,NaN,NaN,NaN,
2011122006,z2s.2012,9X-Z2S,TS,NN,-12.6,130.1,15,NaN,284,2,267,18,NaN,NaN,NaN,NaN,NaN,NaN,NaN,NaN,NaN,NaN,NT,NW,c,c,NaN,NaN,0.06,NaN,NaN,NaN,
2011122012,z2s.2012,9X-Z2S,TS,NN,-13.2,130.4,15,NaN,128,2,232,11,NaN,NaN,NaN,NaN,NaN,NaN,NaN,NaN,NaN,NaN,NT,NW,c,c,NaN,NaN,0.65,NaN,NaN,NaN,
2011122018,z2s.2012,9X-Z2S,TS,NN,-12.4,130.7,15,NaN,44,3,71,3,NaN,NaN,NaN,NaN,NaN,NaN,NaN,NaN,NaN,NaN,NT,NW,c,c,NaN,NaN,0.29,NaN,NaN,NaN,
2011122100,z2s.2012,9X-Z2S,TS,NN,-11.6,131.3,17,NaN,44,3,59,5,NaN,NaN,NaN,NaN,NaN,NaN,NaN,NaN,NaN,NaN,NT,NW,c,c,NaN,NaN,0.19,NaN,NaN,NaN,
2011122106,z2s.2012,9X-Z2S,TS,NN,-10.9,131.9,18,NaN,44,3,46,7,NaN,NaN,NaN,NaN,NaN,NaN,NaN,NaN,NaN,NaN,NT,NW,c,c,NaN,NaN,0.10,NaN,NaN,NaN,
2011122112,z2s.2012,9X-Z2S,TS,NN,-10.1,132.5,20,NaN,149,3,34,9,NaN,NaN,NaN,NaN,NaN,NaN,NaN,NaN,NaN,NaN,NT,NW,c,c,NaN,NaN,NaN,NaN,NaN,NaN,
2011122118,z2s.2012,9X-Z2S,TS,NN,-10.1,132.3,20,1001,150,3,34,7,NaN,NaN,NaN,NaN,NaN,NaN,NaN,NaN,NaN,NaN,DB,NW,C,C,150,1005,NaN,S,45,NaN,
2011122200,z2s.2012,9X-Z2S,TS,NN,-10.3,132.1,15,1001,210,4,243,2,NaN,NaN,NaN,NaN,NaN,NaN,NaN,NaN,NaN,NaN,DB,NW,C,C,150,1003,NaN,S,45,NaN,
2011122206,z2s.2012,9X-Z2S,TS,NN,-10.4,131.9,15,1010,225,2,233,2,NaN,NaN,NaN,NaN,NaN,NaN,NaN,NaN,NaN,NaN,DB,NW,C,C,150,1011,NaN,S,45,NaN,
2011122212,z2s.2012,9X-Z2S,TS,NN,-10.1,130.6,15,1010,270,6,278,7,NaN,NaN,NaN,NaN,NaN,NaN,NaN,NaN,NaN,NaN,DB,NW,C,C,150,1011,NaN,S,45,NaN,
2011122218,z2s.2012,9X-Z2S,TS,NN,-10.3,129.9,15,1004,270,7,273,10,NaN,NaN,NaN,NaN,NaN,NaN,NaN,NaN,NaN,NaN,DB,NW,C,C,160,1005,NaN,S,45,NaN,
2011122300,z2s.2012,9X-Z2S,TS,NN,-10.4,130.4,15,1000,265,3,213,2,NaN,NaN,NaN,NaN,NaN,NaN,NaN,NaN,NaN,NaN,DB,NW,C,C,160,1002,NaN,S,45,NaN,
2011122306,z2s.2012,9X-Z2S,TS,NN,-10.3,130.1,15,NaN,281,3,90,1,NaN,NaN,NaN,NaN,NaN,NaN,NaN,NaN,NaN,NaN,NT,NW,c,c,NaN,NaN,NaN,NaN,NaN,NaN,
2011122312,z2s.2012,9X-Z2S,TS,NN,-10.2,129.9,15,NaN,292,3,292,3,NaN,NaN,NaN,NaN,NaN,NaN,NaN,NaN,NaN,NaN,NT,NW,c,c,NaN,NaN,NaN,NaN,NaN,NaN,
2011122318,z2s.2012,9X-Z2S,TS,NN,-10.9,131.1,25,1004,260,5,121,6,NaN,NaN,NaN,NaN,NaN,NaN,NaN,NaN,NaN,NaN,DB,NW,C,C,180,1005,0.17,S,40,NaN,
2011122400,z2s.2012,9X-Z2S,TS,NN,-11.0,131.4,25,1000,260,3,118,8,NaN,NaN,NaN,NaN,NaN,NaN,NaN,NaN,NaN,NaN,DB,NW,C,C,120,1002,0.12,S,40,NaN,
2011122406,z2s.2012,9X-Z2S,TS,NN,-10.6,132.2,25,1004,63,3,74,6,NaN,NaN,NaN,NaN,NaN,NaN,NaN,NaN,NaN,NaN,TD,NW,B,B,NaN,NaN,NaN,NaN,NaN,NaN,
2011122412,z2s.2012,9X-Z2S,TS,NN,-10.2,132.4,30,1000,63,3,51,6,NaN,NaN,NaN,NaN,NaN,NaN,NaN,NaN,NaN,NaN,TD,NW,B,B,NaN,NaN,NaN,NaN,NaN,NaN,
2011122418,z2s.2012,9X-Z2S,TS,NN,-10.3,132.8,35,996,63,3,63,3,NaN,NaN,NaN,NaN,NaN,NaN,NaN,NaN,NaN,NaN,TS,NW,B,B,NaN,NaN,NaN,NaN,NaN,NaN,
2011122500,03s.2012,GRANT,TS,NN,-10.7,133.0,45,989,130,4,130,4,50,60,40,40,60,NaN,NaN,NaN,NaN,NaN,TS,WN,B,B,180,1001,NaN,M,25,AAH,
2011122506,03s.2012,GRANT,TS,NN,-11.2,132.9,45,989,174,5,174,5,50,60,40,40,60,NaN,NaN,NaN,NaN,NaN,TS,WN,B,B,180,1001,0.06,M,25,NaN,
2011122512,03s.2012,GRANT,TS,NN,-11.7,132.8,60,978,191,5,191,5,50,60,40,40,60,NaN,NaN,NaN,NaN,NaN,TS,WN,B,B,175,1001,0.40,M,25,RCB,
2011122518,03s.2012,GRANT,TS,NN,-12.2,132.7,45,989,191,5,191,5,50,60,40,40,60,NaN,NaN,NaN,NaN,NaN,TS,WN,B,B,170,1001,0.54,S,25,NaN,
2011122600,03s.2012,GRANT,TS,NN,-12.6,132.6,30,1000,192,5,192,5,NaN,NaN,NaN,NaN,NaN,NaN,NaN,NaN,NaN,NaN,TD,WN,B,B,160,1003,0.84,S,25,CEG,
2011122606,03s.2012,GRANT,TS,NN,-12.9,132.5,35,996,196,4,196,4,50,60,40,40,60,NaN,NaN,NaN,NaN,NaN,TS,NW,B,B,145,1005,0.99,S,25,NaN,
2011122612,03s.2012,GRANT,TS,NN,-14.3,133.0,25,1004,170,7,167,9,NaN,NaN,NaN,NaN,NaN,NaN,NaN,NaN,NaN,NaN,TD,WN,C,C,145,1005,1.00,S,25,RCB,
2011122618,03s.2012,GRANT,TS,NN,-13.8,132.6,25,1001,185,4,174,5,NaN,NaN,NaN,NaN,NaN,NaN,NaN,NaN,NaN,NaN,TD,WN,C,C,125,1003,1.00,S,30,NaN,
2011122700,03s.2012,GRANT,TS,NN,-14.1,132.9,25,1001,165,4,334,1,NaN,NaN,NaN,NaN,NaN,NaN,NaN,NaN,NaN,NaN,TD,WN,C,C,150,1003,1.00,S,30,MEK,
2011122706,03s.2012,GRANT,TS,NN,-14.1,133.8,25,NaN,106,6,104,6,NaN,NaN,NaN,NaN,NaN,NaN,NaN,NaN,NaN,NaN,TW,NW,c,c,NaN,NaN,0.99,NaN,NaN,NaN,
2011122712,03s.2012,GRANT,TS,NN,-14.2,134.2,25,NaN,102,5,95,6,NaN,NaN,NaN,NaN,NaN,NaN,NaN,NaN,NaN,NaN,TW,NW,c,c,NaN,NaN,0.99,NaN,NaN,NaN,
2011122718,03s.2012,GRANT,TS,NN,-14.5,135.8,30,1000,100,9,102,10,NaN,NaN,NaN,NaN,NaN,NaN,NaN,NaN,NaN,NaN,TD,NW,C,C,140,1002,0.15,S,30,NaN,
2011122800,03s.2012,GRANT,TS,NN,-14.5,135.7,30,1000,100,6,102,7,NaN,NaN,NaN,NaN,NaN,NaN,NaN,NaN,NaN,NaN,TD,NW,C,C,140,1002,0.58,S,30,NaN,
2011122806,03s.2012,GRANT,TS,NN,-14.1,135.5,30,1000,90,4,324,2,NaN,NaN,NaN,NaN,NaN,NaN,NaN,NaN,NaN,NaN,TD,NW,C,C,140,1002,0.83,S,40,NaN,
2011122812,03s.2012,GRANT,TS,NN,-14.3,136.9,25,999,95,7,80,6,NaN,NaN,NaN,NaN,NaN,NaN,NaN,NaN,NaN,NaN,TD,NW,C,C,140,1001,0.09,S,40,NaN,
2011122818,03s.2012,GRANT,TS,NN,-14.3,137.9,25,1004,95,9,95,12,NaN,NaN,NaN,NaN,NaN,NaN,NaN,NaN,NaN,NaN,TD,NW,C,C,170,1005,NaN,S,45,NaN,
2011122900,03s.2012,GRANT,TS,NN,-14.4,139.0,25,998,95,10,93,10,NaN,NaN,NaN,NaN,NaN,NaN,NaN,NaN,NaN,NaN,TD,NW,C,C,185,1002,NaN,S,45,NaN,
2011122600,z3s.2012,9X-Z3S,TY,NN,-8.0,94.0,15,NaN,227,8,121,3,NaN,NaN,NaN,NaN,NaN,NaN,NaN,NaN,NaN,NaN,NT,NW,c,c,NaN,NaN,NaN,NaN,NaN,NaN,
2011122606,z3s.2012,9X-Z3S,TY,NN,-7.4,92.2,15,NaN,273,11,121,3,NaN,NaN,NaN,NaN,NaN,NaN,NaN,NaN,NaN,NaN,NT,NW,c,c,NaN,NaN,NaN,NaN,NaN,NaN,
2011122612,z3s.2012,9X-Z3S,TY,NN,-8.3,94.5,15,NaN,140,5,121,3,NaN,NaN,NaN,NaN,NaN,NaN,NaN,NaN,NaN,NaN,NT,NW,c,c,NaN,NaN,NaN,NaN,NaN,NaN,
2011122618,z3s.2012,9X-Z3S,TY,NN,-9.1,94.1,15,NaN,210,7,132,13,NaN,NaN,NaN,NaN,NaN,NaN,NaN,NaN,NaN,NaN,NT,NW,c,c,NaN,NaN,NaN,NaN,NaN,NaN,
2011122700,z3s.2012,9X-Z3S,TY,NN,-9.2,95.1,20,1007,220,13,147,5,NaN,NaN,NaN,NaN,NaN,NaN,NaN,NaN,NaN,NaN,DB,NW,B,B,NaN,NaN,NaN,NaN,NaN,NaN,
2011122706,z3s.2012,9X-Z3S,TY,NN,-10.4,94.5,20,1007,220,13,163,7,NaN,NaN,NaN,NaN,NaN,NaN,NaN,NaN,NaN,NaN,DB,NW,B,B,NaN,NaN,NaN,NaN,NaN,NaN,
2011122712,z3s.2012,9X-Z3S,TY,NN,-11.2,93.4,25,1004,220,13,220,13,NaN,NaN,NaN,NaN,NaN,NaN,NaN,NaN,NaN,NaN,TD,NW,B,B,150,1006,NaN,S,45,NaN,
2011122718,z3s.2012,9X-Z3S,TY,NN,-11.7,92.3,30,1000,239,13,239,13,NaN,NaN,NaN,NaN,NaN,NaN,NaN,NaN,NaN,NaN,TD,NW,B,B,150,1006,NaN,S,45,NaN,
2011122800,z3s.2012,9X-Z3S,TY,NN,-12.0,91.1,30,1000,250,12,250,12,NaN,NaN,NaN,NaN,NaN,NaN,NaN,NaN,NaN,NaN,TD,NW,B,B,150,1006,NaN,S,45,NaN,
2011122806,04s.2012,BENILDE,TY,NN,-12.2,90.0,30,1000,257,12,257,12,NaN,NaN,NaN,NaN,NaN,NaN,NaN,NaN,NaN,NaN,TD,WN,B,B,150,1006,NaN,M,45,SJB,
2011122812,04s.2012,BENILDE,TY,NN,-12.2,88.9,30,1000,265,11,265,11,NaN,NaN,NaN,NaN,NaN,NaN,NaN,NaN,NaN,NaN,TD,WN,B,B,180,1005,NaN,M,45,NaN,
2011122818,04s.2012,BENILDE,TY,NN,-12.4,87.8,35,996,265,11,265,11,NaN,NaN,NaN,NaN,NaN,NaN,NaN,NaN,NaN,NaN,TS,WN,B,B,195,1004,NaN,M,40,MEK,
2011122900,04s.2012,BENILDE,TY,NN,-12.6,86.7,35,996,259,11,259,11,NaN,NaN,NaN,NaN,NaN,NaN,NaN,NaN,NaN,NaN,TS,WN,B,B,200,1006,NaN,M,40,NaN,
2011122906,04s.2012,BENILDE,TY,NN,-12.8,85.4,35,996,260,12,260,12,NaN,NaN,NaN,NaN,NaN,NaN,NaN,NaN,NaN,NaN,TS,WN,B,B,200,1006,NaN,M,40,SJB,
2011122912,04s.2012,BENILDE,TY,NN,-13.0,84.0,40,993,261,13,261,13,48,50,45,45,50,NaN,NaN,NaN,NaN,NaN,TS,WN,B,B,200,1006,NaN,M,40,NaN,
2011122918,04s.2012,BENILDE,TY,NN,-13.1,82.6,45,989,264,14,264,14,55,50,60,60,50,NaN,NaN,NaN,NaN,NaN,TS,WN,B,B,200,1005,NaN,M,35,NaN,
2011123000,04s.2012,BENILDE,TY,NN,-13.2,81.2,50,985,266,14,266,14,55,50,60,60,50,NaN,NaN,NaN,NaN,NaN,TS,WN,B,B,190,1004,NaN,M,35,NaN,
2011123006,04s.2012,BENILDE,TY,NN,-13.3,79.8,55,982,266,14,266,14,55,50,60,60,50,NaN,NaN,NaN,NaN,NaN,TS,WN,B,B,190,1004,NaN,M,35,RCB,
2011123012,04s.2012,BENILDE,TY,NN,-13.5,78.7,60,978,263,12,263,12,60,55,65,65,55,28,25,30,65,25,TS,WN,B,B,180,1004,NaN,M,35,NaN,
2011123018,04s.2012,BENILDE,TY,NN,-13.7,77.8,65,974,258,10,258,10,70,65,75,75,65,32,30,35,75,30,TY,WN,B,B,180,1005,NaN,M,35,CEG,
2011123100,04s.2012,BENILDE,TY,NN,-14.3,77.1,85,959,243,9,243,9,85,80,90,90,80,42,40,45,90,40,TY,WN,B,B,135,1005,NaN,D,25,NaN,
2011123106,04s.2012,BENILDE,TY,NN,-14.9,76.7,90,956,222,8,222,8,102,95,110,110,95,42,40,45,110,40,TY,WN,B,B,200,1006,NaN,D,20,SJB,
2011123112,04s.2012,BENILDE,TY,NN,-15.2,76.1,90,956,227,7,227,7,102,95,110,110,95,42,40,45,110,40,TY,WN,B,B,200,1006,NaN,D,20,NaN,
2011123118,04s.2012,BENILDE,TY,NN,-15.8,75.6,90,956,230,7,230,7,98,95,100,100,95,48,45,50,100,45,TY,WN,B,B,210,1005,NaN,D,20,MEK,
2012010100,04s.2012,BENILDE,TY,NN,-16.6,75.4,90,956,206,8,206,8,95,90,95,100,95,48,45,50,100,45,TY,WN,B,B,210,1007,NaN,D,20,NaN,
2012010106,04s.2012,BENILDE,TY,NN,-17.2,75.1,90,956,199,7,199,7,96,90,100,100,95,48,45,50,100,45,TY,WN,B,B,200,1006,NaN,D,25,AAH,
2012010112,04s.2012,BENILDE,TY,NN,-17.9,74.9,90,956,200,7,200,7,101,90,110,110,95,50,50,50,110,50,TY,WN,B,B,200,1006,NaN,D,25,NaN,
2012010118,04s.2012,BENILDE,TY,NN,-18.7,74.7,90,956,194,8,194,8,120,110,130,130,110,50,50,50,130,50,TY,WN,B,B,200,1004,NaN,D,25,SJB,
2012010200,04s.2012,BENILDE,TY,NN,-19.2,74.0,85,959,213,8,213,8,120,110,130,130,110,50,50,50,130,50,TY,WN,B,B,200,1004,NaN,D,25,NaN,
2012010206,04s.2012,BENILDE,TY,NN,-19.9,73.8,80,963,215,7,215,7,120,110,130,130,110,50,50,50,130,50,TY,WN,B,B,190,1005,NaN,D,25,AAH,
2012010212,04s.2012,BENILDE,TY,NN,-20.5,73.6,75,967,196,7,196,7,100,90,110,110,90,50,50,50,110,50,TY,WN,B,B,190,1005,NaN,D,25,NaN,
2012010218,04s.2012,BENILDE,TY,NN,-21.0,73.4,65,974,199,6,199,6,90,80,100,100,80,40,40,40,100,40,TY,WN,B,B,190,1004,NaN,D,30,BRS,
2012010300,04s.2012,BENILDE,TY,NN,-21.3,73.2,60,978,205,4,205,4,85,75,95,95,75,32,30,35,95,30,TS,WN,B,B,142,1005,NaN,D,30,NaN,
2012010306,04s.2012,BENILDE,TY,NN,-21.6,73.0,55,982,212,4,212,4,94,90,120,95,70,28,30,35,95,20,TS,WN,B,B,170,1004,NaN,M,30,CEG,
2012010312,04s.2012,BENILDE,TY,NN,-21.9,73.4,50,985,163,3,163,3,94,90,120,95,70,28,30,35,95,20,TS,WN,B,B,170,1004,NaN,M,30,NaN,
2012010318,04s.2012,BENILDE,TY,NN,-21.6,73.5,45,989,90,2,90,2,48,40,55,55,40,NaN,NaN,NaN,NaN,NaN,TS,WN,B,B,82,1004,NaN,M,25,BRS,
2012010400,04s.2012,BENILDE,TY,NN,-21.7,73.7,35,996,54,2,54,2,48,40,55,55,40,NaN,NaN,NaN,NaN,NaN,TS,WN,B,B,82,1004,NaN,M,25,NaN,
2012010406,04s.2012,BENILDE,TY,NN,-21.8,74.7,20,1007,100,6,100,6,NaN,NaN,NaN,NaN,NaN,NaN,NaN,NaN,NaN,NaN,EX,WN,B,B,200,1006,NaN,S,30,CEG,
2012010412,04s.2012,BENILDE,TY,NN,-23.2,75.2,30,1000,137,10,137,10,NaN,NaN,NaN,NaN,NaN,NaN,NaN,NaN,NaN,NaN,EX,NW,B,B,200,1005,NaN,S,35,NaN,
2012010418,04s.2012,BENILDE,TY,NN,-23.5,74.9,30,1000,174,9,174,9,NaN,NaN,NaN,NaN,NaN,NaN,NaN,NaN,NaN,NaN,EX,NW,B,B,200,1005,NaN,S,35,NaN,
2012010500,04s.2012,BENILDE,TY,NN,-23.3,74.6,30,1000,260,3,260,3,NaN,NaN,NaN,NaN,NaN,NaN,NaN,NaN,NaN,NaN,EX,NW,B,B,200,1005,NaN,S,35,NaN,
2012010506,04s.2012,BENILDE,TY,NN,-24.1,75.0,30,1000,171,3,171,3,NaN,NaN,NaN,NaN,NaN,NaN,NaN,NaN,NaN,NaN,EX,NW,B,B,200,1005,NaN,S,35,NaN,
2012010512,04s.2012,BENILDE,TY,NN,-25.4,74.3,25,1004,195,7,187,11,NaN,NaN,NaN,NaN,NaN,NaN,NaN,NaN,NaN,NaN,TD,NW,C,C,200,1005,NaN,S,35,NaN,
2012010500,z4s.2012,9X-Z4S,TS,NN,-16.0,41.9,20,1007,115,7,270,0,NaN,NaN,NaN,NaN,NaN,NaN,NaN,NaN,NaN,NaN,DB,NW,C,C,150,1008,NaN,S,50,NaN,
2012010506,z4s.2012,9X-Z4S,TS,NN,-14.0,42.9,20,NaN,112,5,270,0,NaN,NaN,NaN,NaN,NaN,NaN,NaN,NaN,NaN,NaN,NT,NW,c,c,NaN,NaN,NaN,NaN,NaN,NaN,
2012010512,z4s.2012,9X-Z4S,TS,NN,-16.0,41.8,25,1004,120,4,270,0,NaN,NaN,NaN,NaN,NaN,NaN,NaN,NaN,NaN,NaN,DB,NW,C,C,150,1007,NaN,S,45,NaN,
2012010518,z4s.2012,9X-Z4S,TS,NN,-16.3,42.1,25,1004,125,4,199,12,NaN,NaN,NaN,NaN,NaN,NaN,NaN,NaN,NaN,NaN,DB,NW,C,C,150,1007,NaN,S,45,NaN,
2012010600,z4s.2012,9X-Z4S,TS,NN,-16.3,42.1,25,1004,125,4,136,2,NaN,NaN,NaN,NaN,NaN,NaN,NaN,NaN,NaN,NaN,DB,NW,C,C,150,1007,NaN,S,45,NaN,
2012010606,z4s.2012,9X-Z4S,TS,NN,-17.1,42.0,25,1004,160,4,187,4,NaN,NaN,NaN,NaN,NaN,NaN,NaN,NaN,NaN,NaN,DB,NW,C,C,150,1007,NaN,S,45,NaN,
2012010612,z4s.2012,9X-Z4S,TS,NN,-17.6,41.7,25,1004,185,5,196,7,NaN,NaN,NaN,NaN,NaN,NaN,NaN,NaN,NaN,NaN,DB,NW,C,C,150,1007,NaN,S,45,NaN,
2012010618,z4s.2012,9X-Z4S,TS,NN,-16.5,40.7,30,NaN,224,3,296,7,NaN,NaN,NaN,NaN,NaN,NaN,NaN,NaN,NaN,NaN,TW,NW,c,c,NaN,NaN,0.01,NaN,NaN,NaN,
2012010700,05s.2012,CHANDA,TS,NN,-16.8,40.6,30,1000,215,3,307,7,NaN,NaN,NaN,NaN,NaN,NaN,NaN,NaN,NaN,NaN,DB,WN,C,C,150,1008,NaN,S,15,NaN,
2012010706,05s.2012,CHANDA,TS,NN,-17.6,41.2,20,1007,149,5,157,6,NaN,NaN,NaN,NaN,NaN,NaN,NaN,NaN,NaN,NaN,DB,WN,B,B,180,1008,NaN,S,40,NaN,
2012010712,05s.2012,CHANDA,TS,NN,-17.9,41.5,25,1004,149,5,142,7,NaN,NaN,NaN,NaN,NaN,NaN,NaN,NaN,NaN,NaN,DB,WN,B,B,200,1008,NaN,S,40,NaN,
2012010718,05s.2012,CHANDA,TS,NN,-18.4,41.7,30,1000,149,5,149,5,NaN,NaN,NaN,NaN,NaN,NaN,NaN,NaN,NaN,NaN,TD,WN,B,B,280,1008,NaN,S,75,BRS,
2012010800,05s.2012,CHANDA,TS,NN,-18.9,42.0,30,1000,155,6,155,6,NaN,NaN,NaN,NaN,NaN,NaN,NaN,NaN,NaN,NaN,TD,WN,B,B,270,1009,NaN,M,50,NaN,
2012010806,05s.2012,CHANDA,TS,NN,-19.1,42.6,35,996,129,6,129,6,38,35,40,40,35,NaN,NaN,NaN,NaN,NaN,TS,WN,B,B,220,1007,NaN,M,40,CEG,
2012010812,05s.2012,CHANDA,TS,NN,-19.4,43.2,35,996,114,6,114,6,38,35,40,40,35,NaN,NaN,NaN,NaN,NaN,TS,WN,B,B,215,1007,NaN,M,40,NaN,
2012010818,05s.2012,CHANDA,TS,NN,-20.1,43.6,35,996,137,7,137,7,38,35,40,40,35,NaN,NaN,NaN,NaN,NaN,TS,WN,B,B,215,1007,NaN,M,35,BRS,
2012010900,05s.2012,CHANDA,TS,NN,-20.8,44.1,30,1000,149,8,149,8,NaN,NaN,NaN,NaN,NaN,NaN,NaN,NaN,NaN,NaN,TD,NW,B,B,NaN,NaN,0.65,NaN,NaN,NaN,
2012010906,05s.2012,CHANDA,TS,NN,-21.5,44.4,25,1004,152,8,152,8,NaN,NaN,NaN,NaN,NaN,NaN,NaN,NaN,NaN,NaN,TD,NW,B,B,NaN,NaN,0.98,NaN,NaN,NaN,
2012010912,05s.2012,CHANDA,TS,NN,-22.2,43.9,20,1007,188,7,188,7,NaN,NaN,NaN,NaN,NaN,NaN,NaN,NaN,NaN,NaN,DB,NW,B,B,NaN,NaN,0.97,NaN,NaN,NaN,
2012010900,z5s.2012,9X-Z5S,TY,NN,-11.7,118.9,15,NaN,90,4,142,3,NaN,NaN,NaN,NaN,NaN,NaN,NaN,NaN,NaN,NaN,NT,NW,c,c,NaN,NaN,NaN,NaN,NaN,NaN,
2012010906,z5s.2012,9X-Z5S,TY,NN,-11.8,119.2,15,NaN,98,3,142,3,NaN,NaN,NaN,NaN,NaN,NaN,NaN,NaN,NaN,NaN,NT,NW,c,c,NaN,NaN,NaN,NaN,NaN,NaN,
2012010912,z5s.2012,9X-Z5S,TY,NN,-12.2,119.3,15,NaN,142,3,142,3,NaN,NaN,NaN,NaN,NaN,NaN,NaN,NaN,NaN,NaN,NT,NW,c,c,NaN,NaN,NaN,NaN,NaN,NaN,
2012010918,z5s.2012,9X-Z5S,TY,NN,-12.8,119.5,15,1008,150,4,164,5,NaN,NaN,NaN,NaN,NaN,NaN,NaN,NaN,NaN,NaN,DB,NW,C,C,125,1010,NaN,S,35,NaN,
2012011000,z5s.2012,9X-Z5S,TY,NN,-14.5,119.3,20,1007,183,10,180,12,NaN,NaN,NaN,NaN,NaN,NaN,NaN,NaN,NaN,NaN,DB,NW,B,B,125,1010,NaN,S,35,NaN,
2012011006,z5s.2012,9X-Z5S,TY,NN,-15.4,119.1,25,1003,183,10,188,13,NaN,NaN,NaN,NaN,NaN,NaN,NaN,NaN,NaN,NaN,DB,NW,B,B,180,1006,NaN,S,25,NaN,
2012011012,z5s.2012,9X-Z5S,TY,NN,-16.5,119.2,30,998,183,10,183,10,NaN,NaN,NaN,NaN,NaN,NaN,NaN,NaN,NaN,NaN,DB,NW,B,B,180,1006,NaN,S,25,NaN,
2012011018,06s.2012,HEIDI,TY,NN,-17.5,119.3,35,996,175,11,175,11,NaN,NaN,NaN,NaN,NaN,NaN,NaN,NaN,NaN,NaN,TS,WN,B,B,170,1006,NaN,M,40,ADL,
2012011100,06s.2012,HEIDI,TY,NN,-18.3,119.5,40,993,171,9,171,9,35,25,40,45,30,NaN,NaN,NaN,NaN,NaN,TS,WN,B,B,170,1006,NaN,M,40,NaN,
2012011106,06s.2012,HEIDI,TY,NN,-19.0,119.0,45,989,191,8,191,8,58,60,70,60,40,NaN,NaN,NaN,NaN,NaN,TS,WN,B,B,150,1004,NaN,M,40,NaN,
2012011112,06s.2012,HEIDI,TY,NN,-19.6,118.8,60,978,207,7,207,7,52,60,50,50,50,30,30,30,50,30,TS,WN,B,B,120,1004,NaN,M,25,NaN,
2012011118,06s.2012,HEIDI,TY,NN,-20.2,118.7,65,974,193,6,193,6,50,50,50,50,50,NaN,NaN,NaN,NaN,NaN,TY,WN,B,B,120,1002,0.19,M,25,BRS,
2012011200,06s.2012,HEIDI,TY,NN,-20.8,118.6,45,989,189,6,189,6,50,50,50,50,50,NaN,NaN,NaN,NaN,NaN,TS,NW,B,B,NaN,NaN,1.00,NaN,NaN,NaN,
2012011206,06s.2012,HEIDI,TY,NN,-21.4,118.4,40,993,193,6,193,6,50,50,50,50,50,NaN,NaN,NaN,NaN,NaN,TS,NW,B,B,NaN,NaN,1.00,NaN,NaN,NaN,
2012011212,06s.2012,HEIDI,TY,NN,-22.1,118.3,40,993,192,7,192,7,20,20,20,20,20,NaN,NaN,NaN,NaN,NaN,TS,NW,B,B,NaN,NaN,1.00,NaN,NaN,NaN,
2012011218,06s.2012,HEIDI,TY,NN,-22.8,118.2,40,993,188,7,188,7,20,20,20,20,20,NaN,NaN,NaN,NaN,NaN,TS,NW,B,B,NaN,NaN,1.00,NaN,NaN,NaN,
2012011300,06s.2012,HEIDI,TY,NN,-23.9,118.2,30,1000,183,9,183,9,NaN,NaN,NaN,NaN,NaN,NaN,NaN,NaN,NaN,NaN,TD,NW,B,B,NaN,NaN,1.00,NaN,NaN,NaN,
2012011306,06s.2012,HEIDI,TY,NN,-25.0,117.7,30,1000,192,11,192,11,NaN,NaN,NaN,NaN,NaN,NaN,NaN,NaN,NaN,NaN,EX,NW,B,B,NaN,NaN,1.00,NaN,NaN,NaN,
2012011700,z6s.2012,9X-Z6S,TY,NN,-10.0,75.0,15,NaN,278,3,291,4,NaN,NaN,NaN,NaN,NaN,NaN,NaN,NaN,NaN,NaN,NT,NW,c,c,NaN,NaN,NaN,NaN,NaN,NaN,
2012011706,z6s.2012,9X-Z6S,TY,NN,-9.7,74.5,20,NaN,257,5,291,4,NaN,NaN,NaN,NaN,NaN,NaN,NaN,NaN,NaN,NaN,NT,NW,c,c,NaN,NaN,NaN,NaN,NaN,NaN,
2012011712,z6s.2012,9X-Z6S,TY,NN,-9.7,74.2,20,NaN,262,3,291,4,NaN,NaN,NaN,NaN,NaN,NaN,NaN,NaN,NaN,NaN,NT,NW,c,c,NaN,NaN,NaN,NaN,NaN,NaN,
2012011718,z6s.2012,9X-Z6S,TY,NN,-10.1,73.4,20,NaN,243,4,250,6,NaN,NaN,NaN,NaN,NaN,NaN,NaN,NaN,NaN,NaN,NT,NW,c,c,NaN,NaN,NaN,NaN,NaN,NaN,
2012011800,z6s.2012,9X-Z6S,TY,NN,-12.3,71.8,20,1007,250,11,222,18,NaN,NaN,NaN,NaN,NaN,NaN,NaN,NaN,NaN,NaN,DB,NW,B,B,NaN,NaN,NaN,NaN,NaN,NaN,
2012011806,z6s.2012,9X-Z6S,TY,NN,-12.7,70.7,20,1007,250,11,226,19,NaN,NaN,NaN,NaN,NaN,NaN,NaN,NaN,NaN,NaN,DB,NW,B,B,180,1006,NaN,S,45,NaN,
2012011812,z6s.2012,9X-Z6S,TY,NN,-13.1,69.6,25,1004,250,11,250,11,NaN,NaN,NaN,NaN,NaN,NaN,NaN,NaN,NaN,NaN,TD,NW,B,B,180,1006,NaN,S,45,NaN,
2012011818,z6s.2012,9X-Z6S,TY,NN,-13.8,68.6,30,1000,242,12,242,12,NaN,NaN,NaN,NaN,NaN,NaN,NaN,NaN,NaN,NaN,DB,NW,B,B,180,1006,NaN,M,45,NaN,
2012011900,07s.2012,ETHEL,TY,NN,-14.3,67.7,35,996,237,11,237,11,NaN,NaN,NaN,NaN,NaN,NaN,NaN,NaN,NaN,NaN,TS,WN,B,B,180,1006,NaN,M,40,ADL,
2012011906,07s.2012,ETHEL,TY,NN,-14.9,67.0,45,989,235,10,235,10,44,45,50,40,40,NaN,NaN,NaN,NaN,NaN,TS,WN,B,B,200,1005,NaN,M,40,NaN,
2012011912,07s.2012,ETHEL,TY,NN,-16.1,66.4,50,985,215,11,215,11,44,45,50,40,40,NaN,NaN,NaN,NaN,NaN,TS,WN,B,B,200,1005,NaN,M,40,AAH,
2012011918,07s.2012,ETHEL,TY,NN,-17.4,65.9,55,982,203,14,203,14,56,55,60,55,55,15,15,15,55,15,TS,WN,B,B,200,1005,NaN,M,15,NaN,
2012012000,07s.2012,ETHEL,TY,NN,-17.8,64.9,60,978,220,11,220,11,91,95,90,85,95,38,40,35,85,40,TS,WN,B,B,200,1005,NaN,D,15,ADL,
2012012006,07s.2012,ETHEL,TY,NN,-18.5,64.8,65,974,224,8,224,8,102,90,115,115,90,40,40,40,115,40,TY,WN,B,B,220,1004,NaN,D,15,NaN,
2012012012,07s.2012,ETHEL,TY,NN,-19.2,64.7,70,970,188,7,188,7,108,100,115,115,100,40,40,40,115,40,TY,WN,B,B,220,1004,NaN,D,25,AAH,
2012012018,07s.2012,ETHEL,TY,NN,-19.8,64.2,70,970,204,7,204,7,108,100,115,115,100,40,40,40,115,40,TY,WN,B,B,220,1004,NaN,D,25,NaN,
2012012100,07s.2012,ETHEL,TY,NN,-20.7,63.9,70,970,207,8,207,8,108,115,115,100,100,40,40,40,100,40,TY,WN,B,B,172,1004,NaN,D,25,SJB,
2012012106,07s.2012,ETHEL,TY,NN,-21.6,63.8,65,974,192,9,192,9,108,115,115,100,100,40,40,40,100,40,TY,WN,B,B,200,1003,NaN,D,25,NaN,
2012012112,07s.2012,ETHEL,TY,NN,-22.5,63.8,60,978,183,9,183,9,98,90,105,105,90,40,40,40,105,40,TS,WN,B,B,190,1003,NaN,D,25,NaN,
2012012118,07s.2012,ETHEL,TY,NN,-23.6,63.9,55,982,177,10,177,10,98,90,105,105,90,40,40,40,105,40,TS,WN,B,B,190,1003,NaN,D,25,NaN,
2012012200,07s.2012,ETHEL,TY,NN,-24.6,64.2,50,985,170,11,170,11,95,80,105,105,90,NaN,NaN,NaN,NaN,NaN,TS,WN,B,B,190,1003,NaN,D,30,SJB,
2012012206,07s.2012,ETHEL,TY,NN,-26.1,64.6,45,989,166,13,166,13,102,110,105,105,90,NaN,NaN,NaN,NaN,NaN,TS,WN,B,B,200,1003,NaN,D,35,NaN,
2012012212,07s.2012,ETHEL,TY,NN,-27.6,65.1,45,989,165,16,165,16,102,110,105,105,90,NaN,NaN,NaN,NaN,NaN,EX,WN,B,B,200,1003,NaN,NaN,60,BRS,
2012012218,07s.2012,ETHEL,TY,NN,-29.2,65.8,40,993,161,16,161,16,102,110,105,105,90,NaN,NaN,NaN,NaN,NaN,EX,NW,B,B,220,1003,NaN,D,60,NaN,
2012012300,07s.2012,ETHEL,TY,NN,-30.6,67.0,40,993,151,17,151,17,102,110,105,105,90,NaN,NaN,NaN,NaN,NaN,EX,NW,B,B,NaN,NaN,NaN,NaN,NaN,NaN,
2012012306,07s.2012,ETHEL,TY,NN,-31.7,68.5,40,993,137,17,137,17,102,110,105,105,90,NaN,NaN,NaN,NaN,NaN,EX,NW,B,B,NaN,NaN,NaN,NaN,NaN,NaN,
2012012312,07s.2012,ETHEL,TY,NN,-33.2,71.4,40,993,125,23,125,23,102,110,105,105,90,NaN,NaN,NaN,NaN,NaN,EX,NW,B,B,NaN,NaN,NaN,NaN,NaN,NaN,
2012011706,z7s.2012,9X-Z7S,TY,NN,-14.7,41.3,15,NaN,149,5,171,9,NaN,NaN,NaN,NaN,NaN,NaN,NaN,NaN,NaN,NaN,NT,NW,c,c,NaN,NaN,NaN,NaN,NaN,NaN,
2012011712,z7s.2012,9X-Z7S,TY,NN,-16.3,41.6,15,NaN,128,5,171,9,NaN,NaN,NaN,NaN,NaN,NaN,NaN,NaN,NaN,NaN,NT,NW,c,c,NaN,NaN,NaN,NaN,NaN,NaN,
2012011718,z7s.2012,9X-Z7S,TY,NN,-16.5,41.6,25,1004,135,4,171,9,NaN,NaN,NaN,NaN,NaN,NaN,NaN,NaN,NaN,NaN,DB,NW,C,C,150,1006,NaN,S,45,NaN,
2012011800,z7s.2012,9X-Z7S,TY,NN,-16.5,41.4,25,1004,150,3,224,1,NaN,NaN,NaN,NaN,NaN,NaN,NaN,NaN,NaN,NaN,DB,NW,C,C,150,1006,NaN,S,45,NaN,
2012011806,z7s.2012,9X-Z7S,TY,NN,-16.7,41.4,20,1007,180,2,224,1,NaN,NaN,NaN,NaN,NaN,NaN,NaN,NaN,NaN,NaN,DB,NW,B,B,NaN,NaN,NaN,NaN,NaN,NaN,
2012011812,z7s.2012,9X-Z7S,TY,NN,-16.9,41.4,25,1004,180,2,180,2,NaN,NaN,NaN,NaN,NaN,NaN,NaN,NaN,NaN,NaN,TD,NW,B,B,NaN,NaN,NaN,NaN,NaN,NaN,
2012011818,z7s.2012,9X-Z7S,TY,NN,-17.2,41.4,25,1004,180,2,180,2,NaN,NaN,NaN,NaN,NaN,NaN,NaN,NaN,NaN,NaN,TD,NW,B,B,NaN,NaN,NaN,NaN,NaN,NaN,
2012011900,z7s.2012,9X-Z7S,TY,NN,-17.5,41.2,30,1000,198,3,198,3,NaN,NaN,NaN,NaN,NaN,NaN,NaN,NaN,NaN,NaN,TD,NW,B,B,NaN,NaN,NaN,NaN,NaN,NaN,
2012011906,08s.2012,FUNSO,TY,NN,-17.5,40.8,35,996,242,3,242,3,NaN,NaN,NaN,NaN,NaN,NaN,NaN,NaN,NaN,NaN,TS,WN,B,B,160,1005,NaN,M,25,AAH,
2012011912,08s.2012,FUNSO,TY,NN,-17.9,40.5,45,989,239,4,239,4,NaN,NaN,NaN,NaN,NaN,NaN,NaN,NaN,NaN,NaN,TS,WN,B,B,160,1005,NaN,M,25,NaN,
2012011918,08s.2012,FUNSO,TY,NN,-18.2,39.9,55,982,231,6,231,6,34,30,40,35,30,NaN,NaN,NaN,NaN,NaN,TS,WN,B,B,160,1005,NaN,M,25,NaN,
2012012000,08s.2012,FUNSO,TY,NN,-18.2,39.3,75,967,255,6,255,6,74,70,85,80,60,30,30,30,80,30,TY,WN,B,B,210,1006,NaN,D,15,ADL,
2012012006,08s.2012,FUNSO,TY,NN,-18.3,38.7,75,967,265,6,265,6,110,110,110,110,110,50,50,50,110,50,TY,WN,B,B,190,1003,NaN,D,20,AAH,
2012012012,08s.2012,FUNSO,TY,NN,-18.3,38.3,75,967,264,5,264,5,110,110,110,110,110,50,50,50,110,50,TY,WN,B,B,190,1003,NaN,D,20,NaN,
2012012018,08s.2012,FUNSO,TY,NN,-18.3,38.0,80,963,270,3,270,3,110,110,110,110,110,50,50,50,110,50,TY,WN,B,B,190,1003,NaN,D,20,SJB,
2012012100,08s.2012,FUNSO,TY,NN,-18.1,37.7,85,959,289,3,289,3,110,110,110,110,110,60,60,60,110,60,TY,WN,B,B,190,1003,0.11,D,25,NaN,
2012012106,08s.2012,FUNSO,TY,NN,-18.0,37.7,100,948,316,2,316,2,110,110,110,110,110,70,70,70,110,70,TY,WN,B,B,210,1001,0.11,D,20,BRS,
2012012112,08s.2012,FUNSO,TY,NN,-17.9,37.8,100,948,25,1,25,1,122,115,130,130,115,70,70,70,130,70,TY,WN,B,B,200,1002,NaN,D,15,NaN,
2012012118,08s.2012,FUNSO,TY,NN,-17.8,38.0,90,956,55,2,55,2,115,115,115,115,115,70,70,70,115,70,TY,WN,B,B,190,1000,NaN,D,20,SJB,
2012012200,08s.2012,FUNSO,TY,NN,-17.7,38.2,90,956,62,2,62,2,110,115,105,105,115,70,70,70,105,70,TY,WN,B,B,190,1000,0.29,D,20,NaN,
2012012206,08s.2012,FUNSO,TY,NN,-17.7,38.4,90,956,75,2,75,2,122,115,130,130,115,70,70,70,130,70,TY,WN,B,B,195,1001,0.12,D,20,BRS,
2012012212,08s.2012,FUNSO,TY,NN,-17.7,38.6,90,956,90,2,90,2,120,130,130,115,105,70,70,70,115,70,TY,WN,B,B,200,1000,0.12,NaN,20,NaN,
2012012218,08s.2012,FUNSO,TY,NN,-17.8,38.9,90,956,102,2,102,2,122,130,115,115,130,70,70,70,115,70,TY,WN,B,B,200,1000,NaN,D,20,SJB,
2012012300,08s.2012,FUNSO,TY,NN,-18.0,39.1,90,956,122,3,122,3,130,130,130,130,130,70,70,70,130,70,TY,WN,B,B,190,1000,NaN,D,20,NaN,
2012012306,08s.2012,FUNSO,TY,NN,-18.3,39.3,100,948,143,3,143,3,128,145,145,110,110,65,65,65,110,65,TY,WN,B,B,190,1000,NaN,D,15,BRS,
2012012312,08s.2012,FUNSO,TY,NN,-18.7,39.4,100,948,158,4,158,4,144,170,170,110,125,70,70,70,110,70,TY,WN,B,B,190,1001,NaN,D,20,NaN,
2012012318,08s.2012,FUNSO,TY,NN,-19.2,39.4,110,941,174,5,174,5,140,165,165,110,120,70,70,70,110,70,TY,WN,B,B,180,1001,NaN,D,15,CEG,
2012012400,08s.2012,FUNSO,TY,NN,-19.7,39.3,115,937,185,5,185,5,140,165,165,110,120,70,70,70,110,70,TY,WN,B,B,190,1001,NaN,D,15,NaN,
2012012406,08s.2012,FUNSO,TY,NN,-20.5,39.5,115,937,176,7,176,7,175,200,200,150,150,70,70,70,150,70,TY,WN,B,B,300,1004,NaN,D,25,AAH,
2012012412,08s.2012,FUNSO,TY,NN,-21.3,39.1,115,937,187,8,187,8,175,200,200,150,150,70,70,70,150,70,TY,WN,B,B,300,1004,NaN,D,25,NaN,
2012012418,08s.2012,FUNSO,TY,NN,-21.8,38.9,115,937,203,7,203,7,175,200,200,150,150,70,70,70,150,70,TY,WN,B,B,200,1002,NaN,D,10,CEG,
2012012500,08s.2012,FUNSO,TY,NN,-22.3,38.7,110,941,200,5,200,5,175,200,200,150,150,70,70,70,150,70,TY,WN,B,B,195,1001,NaN,D,20,NaN,
2012012506,08s.2012,FUNSO,TY,NN,-22.6,38.7,110,941,193,4,193,4,175,200,200,150,150,70,70,70,150,70,TY,WN,B,B,195,1001,NaN,D,20,ADL,
2012012512,08s.2012,FUNSO,TY,NN,-22.9,38.8,110,941,171,3,171,3,175,200,200,150,150,70,70,70,150,70,TY,WN,B,B,195,1001,NaN,D,20,NaN,
2012012518,08s.2012,FUNSO,TY,NN,-23.4,38.9,110,941,167,4,167,4,175,200,200,150,150,70,70,70,150,70,TY,WN,B,B,210,1003,NaN,D,20,SJB,
2012012600,08s.2012,FUNSO,TY,NN,-23.7,39.1,100,948,161,4,161,4,175,200,200,150,150,70,70,70,150,70,TY,WN,B,B,210,1003,NaN,D,25,NaN,
2012012606,08s.2012,FUNSO,TY,NN,-24.0,39.3,100,948,149,4,149,4,182,200,200,165,165,80,80,80,165,80,TY,WN,B,B,NaN,NaN,NaN,NaN,NaN,NaN,
2012012612,08s.2012,FUNSO,TY,NN,-24.5,39.4,115,937,161,4,161,4,182,200,200,165,165,90,90,90,165,90,TY,WN,B,B,200,1003,NaN,D,35,NaN,
2012012618,08s.2012,FUNSO,TY,NN,-25.0,39.5,115,937,170,5,170,5,182,200,200,165,165,90,90,90,165,90,TY,WN,B,B,200,1003,NaN,D,30,SJB,
2012012700,08s.2012,FUNSO,TY,NN,-25.5,39.6,115,937,170,5,170,5,182,200,200,165,165,90,90,90,165,90,TY,WN,B,B,200,1003,NaN,D,30,NaN,
2012012706,08s.2012,FUNSO,TY,NN,-25.9,39.7,95,952,169,5,169,5,200,220,220,180,180,100,100,100,180,100,TY,WN,B,B,190,1003,NaN,D,35,BRS,
2012012712,08s.2012,FUNSO,TY,NN,-26.3,39.9,90,956,161,4,161,4,165,150,150,180,180,100,100,100,180,100,TY,WN,B,B,190,1003,NaN,D,35,NaN,
2012012718,08s.2012,FUNSO,TY,NN,-26.8,40.2,90,956,154,5,154,5,185,190,190,180,180,85,85,85,180,85,TY,WN,B,B,190,1005,NaN,NaN,30,CEG,
2012012800,08s.2012,FUNSO,TY,NN,-27.2,40.6,80,963,145,5,145,5,185,190,190,180,180,85,85,85,180,85,TY,WN,B,B,195,1004,NaN,D,35,NaN,
2012012806,08s.2012,FUNSO,TY,NN,-27.9,41.3,60,978,138,7,138,7,185,190,190,180,180,45,45,45,180,45,TS,WN,B,B,195,1004,NaN,M,35,ADL,
2012012812,08s.2012,FUNSO,TY,NN,-29.7,42.0,60,978,154,14,154,14,185,190,190,180,180,NaN,NaN,NaN,NaN,NaN,EX,WN,B,B,195,1004,NaN,M,35,NaN,
2012012818,08s.2012,FUNSO,TY,NN,-30.9,43.0,45,989,154,17,154,17,185,190,190,180,180,NaN,NaN,NaN,NaN,NaN,EX,WN,B,B,225,1005,NaN,M,40,CEG,
2012012900,08s.2012,FUNSO,TY,NN,-32.1,44.7,45,989,136,17,136,17,185,190,190,180,180,NaN,NaN,NaN,NaN,NaN,EX,NW,B,B,250,1006,NaN,M,45,NaN,
2012012906,08s.2012,FUNSO,TY,NN,-33.0,45.4,35,996,140,15,136,15,NaN,NaN,NaN,NaN,NaN,NaN,NaN,NaN,NaN,NaN,TS,NW,C,C,250,1006,NaN,S,45,NaN,
2012012118,z8s.2012,9X-Z8S,TY,NN,-12.0,118.0,15,NaN,291,4,246,4,NaN,NaN,NaN,NaN,NaN,NaN,NaN,NaN,NaN,NaN,NT,NW,c,c,NaN,NaN,NaN,NaN,NaN,NaN,
2012012200,z8s.2012,9X-Z8S,TY,NN,-12.4,117.8,15,NaN,283,7,246,4,NaN,NaN,NaN,NaN,NaN,NaN,NaN,NaN,NaN,NaN,NT,NW,c,c,NaN,NaN,NaN,NaN,NaN,NaN,
2012012206,z8s.2012,9X-Z8S,TY,NN,-12.3,117.3,15,NaN,286,6,246,4,NaN,NaN,NaN,NaN,NaN,NaN,NaN,NaN,NaN,NaN,NT,NW,c,c,NaN,NaN,NaN,NaN,NaN,NaN,
2012012212,z8s.2012,9X-Z8S,TY,NN,-12.6,118.0,15,NaN,290,6,136,1,NaN,NaN,NaN,NaN,NaN,NaN,NaN,NaN,NaN,NaN,NT,NW,c,c,NaN,NaN,NaN,NaN,NaN,NaN,
2012012218,z8s.2012,9X-Z8S,TY,NN,-13.1,117.5,15,NaN,270,5,166,4,NaN,NaN,NaN,NaN,NaN,NaN,NaN,NaN,NaN,NaN,NT,NW,c,c,NaN,NaN,NaN,NaN,NaN,NaN,
2012012300,z8s.2012,9X-Z8S,TY,NN,-13.7,117.0,15,NaN,234,6,222,7,NaN,NaN,NaN,NaN,NaN,NaN,NaN,NaN,NaN,NaN,NT,NW,c,c,NaN,NaN,NaN,NaN,NaN,NaN,
2012012306,z8s.2012,9X-Z8S,TY,NN,-13.9,116.5,15,NaN,231,6,231,6,NaN,NaN,NaN,NaN,NaN,NaN,NaN,NaN,NaN,NaN,NT,NW,c,c,NaN,NaN,NaN,NaN,NaN,NaN,
2012012312,z8s.2012,9X-Z8S,TY,NN,-14.4,115.9,15,NaN,230,7,237,6,NaN,NaN,NaN,NaN,NaN,NaN,NaN,NaN,NaN,NaN,NT,NW,c,c,NaN,NaN,NaN,NaN,NaN,NaN,
2012012318,z8s.2012,9X-Z8S,TY,NN,-16.2,114.3,20,1004,225,13,223,16,NaN,NaN,NaN,NaN,NaN,NaN,NaN,NaN,NaN,NaN,DB,NW,C,C,200,1005,NaN,S,45,NaN,
2012012400,z8s.2012,9X-Z8S,TY,NN,-16.5,112.9,20,1003,276,10,234,18,NaN,NaN,NaN,NaN,NaN,NaN,NaN,NaN,NaN,NaN,DB,NW,B,B,200,1005,NaN,S,45,NaN,
2012012406,z8s.2012,9X-Z8S,TY,NN,-16.7,111.9,25,1004,276,10,258,12,NaN,NaN,NaN,NaN,NaN,NaN,NaN,NaN,NaN,NaN,TD,NW,B,B,165,1007,NaN,S,25,NaN,
2012012412,z8s.2012,9X-Z8S,TY,NN,-16.3,110.8,25,1004,276,10,276,10,NaN,NaN,NaN,NaN,NaN,NaN,NaN,NaN,NaN,NaN,TD,NW,B,B,165,1007,NaN,S,25,NaN,
2012012418,z8s.2012,9X-Z8S,TY,NN,-16.1,109.7,30,996,286,11,286,11,NaN,NaN,NaN,NaN,NaN,NaN,NaN,NaN,NaN,NaN,TD,NW,B,B,210,999,NaN,S,40,NaN,
2012012500,z8s.2012,9X-Z8S,TY,NN,-15.9,109.0,30,1000,283,9,283,9,NaN,NaN,NaN,NaN,NaN,NaN,NaN,NaN,NaN,NaN,TD,NW,B,B,200,998,NaN,S,35,NaN,
2012012506,z8s.2012,9X-Z8S,TY,NN,-15.9,108.3,35,996,278,7,278,7,NaN,NaN,NaN,NaN,NaN,NaN,NaN,NaN,NaN,NaN,TS,NW,B,B,200,1001,NaN,S,35,NaN,
2012012512,09s.2012,IGGY,TY,NN,-15.8,108.1,35,996,277,4,277,4,110,110,110,110,110,NaN,NaN,NaN,NaN,NaN,TS,WN,B,B,200,1001,NaN,M,35,ADL,
2012012518,09s.2012,IGGY,TY,NN,-15.7,108.3,35,996,360,1,360,1,110,110,110,110,110,NaN,NaN,NaN,NaN,NaN,TS,WN,B,B,240,1000,NaN,S,35,NaN,
2012012600,09s.2012,IGGY,TY,NN,-16.0,108.7,45,989,109,3,109,3,110,110,110,110,110,NaN,NaN,NaN,NaN,NaN,TS,WN,B,B,230,1000,NaN,M,25,AAH,
2012012606,09s.2012,IGGY,TY,NN,-16.5,108.9,45,989,144,5,144,5,110,110,110,110,110,NaN,NaN,NaN,NaN,NaN,TS,WN,B,B,225,999,NaN,M,25,NaN,
2012012612,09s.2012,IGGY,TY,NN,-16.9,109.2,45,989,152,5,152,5,110,110,110,110,110,NaN,NaN,NaN,NaN,NaN,TS,WN,B,B,220,996,NaN,M,40,BRS,
2012012618,09s.2012,IGGY,TY,NN,-17.3,109.6,50,985,140,5,140,5,110,110,110,110,110,NaN,NaN,NaN,NaN,NaN,TS,WN,B,B,220,996,NaN,M,45,SJB,
2012012700,09s.2012,IGGY,TY,NN,-17.9,110.0,55,982,143,6,143,6,120,120,120,120,120,10,10,10,120,10,TS,WN,B,B,220,996,NaN,M,45,SJB,
2012012706,09s.2012,IGGY,TY,NN,-18.5,110.3,55,982,151,7,151,7,100,110,90,90,110,25,25,25,90,25,TS,WN,B,B,200,996,NaN,M,45,BRS,
2012012712,09s.2012,IGGY,TY,NN,-19.1,110.7,55,982,151,7,151,7,101,115,110,90,90,15,15,15,90,15,TS,WN,B,B,200,996,NaN,M,15,RCB,
2012012718,09s.2012,IGGY,TY,NN,-19.4,110.9,55,982,148,5,148,5,101,115,110,90,90,15,15,15,90,15,TS,WN,B,B,200,996,NaN,M,15,CEG,
2012012800,09s.2012,IGGY,TY,NN,-19.7,110.8,55,982,171,3,171,3,101,115,110,90,90,32,35,35,90,30,TS,WN,B,B,210,995,NaN,M,35,CEG,
2012012806,09s.2012,IGGY,TY,NN,-20.0,110.7,55,982,197,3,197,3,101,115,110,90,90,32,35,35,90,30,TS,WN,B,B,NaN,NaN,NaN,NaN,NaN,NaN,
2012012812,09s.2012,IGGY,TY,NN,-20.2,110.8,55,982,180,2,180,2,106,115,110,100,100,35,35,35,100,35,TS,WN,B,B,210,995,NaN,D,35,ADL,
2012012818,09s.2012,IGGY,TY,NN,-20.5,110.9,55,982,159,3,159,3,118,135,115,100,120,45,45,45,100,45,TS,WN,B,B,210,995,NaN,D,30,CEG,
2012012900,09s.2012,IGGY,TY,NN,-20.3,111.2,55,982,105,2,105,2,118,135,115,100,120,45,45,45,100,45,TS,WN,B,B,200,995,NaN,D,30,CEG,
2012012906,09s.2012,IGGY,TY,NN,-20.0,111.1,55,982,21,3,21,3,118,135,115,100,120,45,45,45,100,45,TS,WN,B,B,200,995,NaN,D,30,ADL,
2012012912,09s.2012,IGGY,TY,NN,-19.8,111.0,55,982,339,3,339,3,118,135,115,100,120,30,30,30,100,30,TS,WN,B,B,200,995,NaN,D,25,ADL,
2012012918,09s.2012,IGGY,TY,NN,-19.8,110.8,55,982,305,2,305,2,85,100,60,70,110,25,25,25,70,25,TS,WN,B,B,165,997,NaN,M,20,CEG,
2012013000,09s.2012,IGGY,TY,NN,-19.9,110.6,55,982,255,2,255,2,95,110,70,80,120,20,20,20,80,20,TS,WN,B,B,190,997,NaN,M,35,CEG,
2012013006,09s.2012,IGGY,TY,NN,-20.2,110.4,55,982,223,3,223,3,101,110,85,90,120,20,20,20,90,20,TS,WN,B,B,180,997,NaN,M,35,ADL,
2012013012,09s.2012,IGGY,TY,NN,-20.6,110.3,55,982,202,4,202,4,101,110,85,90,120,15,15,15,90,15,TS,WN,B,B,210,1001,NaN,M,40,ADL,
2012013018,09s.2012,IGGY,TY,NN,-21.2,109.9,55,982,205,6,205,6,110,110,110,110,110,20,20,20,110,20,TS,WN,B,B,210,1001,NaN,M,15,AAH,
2012013100,09s.2012,IGGY,TY,NN,-21.9,109.4,55,982,213,8,213,8,90,90,90,90,90,22,20,25,90,20,TS,WN,B,B,215,1001,NaN,M,40,AAH,
2012013106,09s.2012,IGGY,TY,NN,-22.8,108.8,55,982,213,9,213,9,110,110,110,110,110,22,20,25,110,20,TS,WN,B,B,210,1001,NaN,M,40,NaN,
2012013112,09s.2012,IGGY,TY,NN,-23.9,108.3,65,974,207,11,207,11,105,110,110,100,100,22,20,25,100,20,TY,WN,B,B,210,1001,NaN,M,40,SJB,
2012013118,09s.2012,IGGY,TY,NN,-25.0,107.8,70,970,203,12,203,12,98,110,120,90,70,30,30,30,90,30,TY,WN,B,B,200,1001,NaN,M,30,NaN,
2012020100,09s.2012,IGGY,TY,NN,-26.1,107.8,65,974,192,11,192,11,112,105,120,120,105,40,40,40,120,40,TY,WN,B,B,210,1002,NaN,M,30,NaN,
2012020106,09s.2012,IGGY,TY,NN,-27.3,107.7,60,978,182,12,182,12,105,110,110,100,100,40,40,40,100,40,TS,WN,B,B,210,1002,NaN,D,30,NaN,
2012020112,09s.2012,IGGY,TY,NN,-28.5,108.8,60,978,160,13,160,13,105,110,110,100,100,50,50,50,100,50,TS,WN,B,B,200,1003,NaN,D,35,SJB,
2012020118,09s.2012,IGGY,TY,NN,-29.2,109.6,50,985,139,13,139,13,105,110,110,100,100,50,50,50,100,50,TS,WN,B,B,200,1003,NaN,D,35,NaN,
2012020200,09s.2012,IGGY,TY,NN,-29.8,110.7,50,985,128,11,128,11,105,110,110,100,100,45,50,50,100,40,TS,WN,B,B,190,1003,NaN,D,40,CEG,
2012020206,09s.2012,IGGY,TY,NN,-30.0,112.0,40,993,111,11,111,11,105,110,110,100,100,NaN,NaN,NaN,NaN,NaN,EX,WN,B,B,190,1003,NaN,D,40,NaN,
2012020212,09s.2012,IGGY,TY,NN,-29.9,113.3,30,1000,93,11,93,11,NaN,NaN,NaN,NaN,NaN,NaN,NaN,NaN,NaN,NaN,EX,WN,B,B,190,1003,NaN,S,45,ADL,
2012020218,09s.2012,IGGY,TY,NN,-29.8,114.4,25,1004,85,10,85,10,NaN,NaN,NaN,NaN,NaN,NaN,NaN,NaN,NaN,NaN,EX,NW,B,B,NaN,NaN,0.02,NaN,NaN,NaN,
2012020300,09s.2012,IGGY,TY,NN,-29.9,115.4,25,1004,90,9,90,9,NaN,NaN,NaN,NaN,NaN,NaN,NaN,NaN,NaN,NaN,EX,NW,B,B,NaN,NaN,0.99,NaN,NaN,NaN,
2012013112,z0p.2012,9X-Z0P,TY,NN,-16.9,140.0,15,NaN,67,3,22,6,NaN,NaN,NaN,NaN,NaN,NaN,NaN,NaN,NaN,NaN,NT,NW,c,c,NaN,NaN,0.01,NaN,NaN,NaN,
2012013118,z0p.2012,9X-Z0P,TY,NN,-16.1,140.4,15,NaN,67,3,22,6,NaN,NaN,NaN,NaN,NaN,NaN,NaN,NaN,NaN,NaN,NT,NW,c,c,NaN,NaN,0.02,NaN,NaN,NaN,
2012020100,z0p.2012,9X-Z0P,TY,NN,-15.4,140.8,15,NaN,29,4,22,6,NaN,NaN,NaN,NaN,NaN,NaN,NaN,NaN,NaN,NaN,NT,NW,c,c,NaN,NaN,0.03,NaN,NaN,NaN,
2012020106,z0p.2012,9X-Z0P,TY,NN,-15.2,140.7,15,NaN,360,3,22,6,NaN,NaN,NaN,NaN,NaN,NaN,NaN,NaN,NaN,NaN,NT,NW,c,c,NaN,NaN,NaN,NaN,NaN,NaN,
2012020112,z0p.2012,9X-Z0P,TY,NN,-15.0,141.0,15,NaN,33,4,26,2,NaN,NaN,NaN,NaN,NaN,NaN,NaN,NaN,NaN,NaN,NT,NW,c,c,NaN,NaN,NaN,NaN,NaN,NaN,
2012020118,z0p.2012,9X-Z0P,TY,NN,-14.8,141.5,25,994,47,4,63,4,NaN,NaN,NaN,NaN,NaN,NaN,NaN,NaN,NaN,NaN,DB,NW,C,C,150,996,0.41,S,45,NaN,
2012020200,z0p.2012,9X-Z0P,TY,NN,-14.9,142.1,25,994,70,5,85,5,NaN,NaN,NaN,NaN,NaN,NaN,NaN,NaN,NaN,NaN,DB,NW,C,C,150,996,0.91,S,45,NaN,
2012020206,z0p.2012,9X-Z0P,TY,NN,-15.3,142.7,25,1004,100,5,113,6,NaN,NaN,NaN,NaN,NaN,NaN,NaN,NaN,NaN,NaN,DB,NW,C,C,150,1005,1.00,S,45,NaN,
2012020212,z0p.2012,9X-Z0P,TY,NN,-16.9,145.0,25,1004,120,13,126,17,NaN,NaN,NaN,NaN,NaN,NaN,NaN,NaN,NaN,NaN,DB,NW,C,C,150,1005,1.00,S,45,NaN,
2012020218,z0p.2012,9X-Z0P,TY,NN,-15.4,146.2,20,1007,122,11,92,17,NaN,NaN,NaN,NaN,NaN,NaN,NaN,NaN,NaN,NaN,DB,NW,B,B,NaN,NaN,NaN,NaN,NaN,NaN,
2012020300,z0p.2012,9X-Z0P,TY,NN,-15.9,147.3,20,1007,122,11,66,12,NaN,NaN,NaN,NaN,NaN,NaN,NaN,NaN,NaN,NaN,DB,NW,B,B,NaN,NaN,NaN,NaN,NaN,NaN,
2012020306,z0p.2012,9X-Z0P,TY,NN,-16.6,148.2,25,993,122,11,122,11,NaN,NaN,NaN,NaN,NaN,NaN,NaN,NaN,NaN,NaN,TD,NW,B,B,NaN,NaN,NaN,NaN,NaN,NaN,
2012020312,z0p.2012,9X-Z0P,TY,NN,-16.9,149.3,25,1004,118,11,118,11,NaN,NaN,NaN,NaN,NaN,NaN,NaN,NaN,NaN,NaN,TD,NW,B,B,150,1001,NaN,S,45,NaN,
2012020318,z0p.2012,9X-Z0P,TY,NN,-17.2,149.8,25,1004,111,8,111,8,NaN,NaN,NaN,NaN,NaN,NaN,NaN,NaN,NaN,NaN,TD,NW,B,B,170,998,NaN,S,45,NaN,
2012020400,z0p.2012,9X-Z0P,TY,NN,-17.2,150.1,30,1000,111,4,111,4,NaN,NaN,NaN,NaN,NaN,NaN,NaN,NaN,NaN,NaN,TD,NW,B,B,190,1000,NaN,S,45,NaN,
2012020406,10p.2012,JASMINE,TY,NN,-17.2,150.4,35,996,90,3,90,3,75,80,70,70,80,NaN,NaN,NaN,NaN,NaN,TS,WN,B,B,200,1000,NaN,M,45,SJB,
2012020412,10p.2012,JASMINE,TY,NN,-16.9,150.6,45,989,58,3,58,3,75,80,70,70,80,NaN,NaN,NaN,NaN,NaN,TS,WN,B,B,200,1000,NaN,M,45,NaN,
2012020418,10p.2012,JASMINE,TY,NN,-16.9,151.7,45,989,76,6,76,6,120,180,30,90,180,NaN,NaN,NaN,NaN,NaN,TS,WN,B,B,150,996,NaN,M,45,AAH,
2012020500,10p.2012,JASMINE,TY,NN,-17.1,152.9,45,989,95,11,95,11,112,180,30,60,180,NaN,NaN,NaN,NaN,NaN,TS,WN,B,B,170,998,NaN,M,45,NaN,
2012020506,10p.2012,JASMINE,TY,NN,-17.2,154.0,45,989,98,11,98,11,75,90,60,60,90,NaN,NaN,NaN,NaN,NaN,TS,WN,B,B,170,998,NaN,M,45,BRS,
2012020512,10p.2012,JASMINE,TY,NN,-17.0,155.1,50,985,87,11,87,11,75,90,60,60,90,NaN,NaN,NaN,NaN,NaN,TS,WN,B,B,170,998,NaN,M,45,NaN,
2012020518,10p.2012,JASMINE,TY,NN,-16.9,156.3,50,985,82,11,82,11,105,150,60,60,150,NaN,NaN,NaN,NaN,NaN,TS,WN,B,B,190,998,NaN,M,30,AAH,
2012020600,10p.2012,JASMINE,TY,NN,-17.0,157.7,55,982,90,12,90,12,105,150,60,60,150,30,30,30,60,30,TS,WN,B,B,150,998,NaN,M,40,NaN,
2012020606,10p.2012,JASMINE,TY,NN,-17.1,159.0,60,978,94,13,94,13,115,150,80,80,150,40,40,40,80,40,TS,WN,B,B,165,998,NaN,M,35,BRS,
2012020612,10p.2012,JASMINE,TY,NN,-17.2,160.3,60,978,95,12,95,12,115,150,80,80,150,40,40,40,80,40,TS,WN,B,B,170,998,NaN,D,30,NaN,
2012020618,10p.2012,JASMINE,TY,NN,-17.5,161.7,70,970,99,13,99,13,121,155,90,90,150,45,45,45,90,45,TY,WN,B,B,180,998,NaN,D,30,RCB,
2012020700,10p.2012,JASMINE,TY,NN,-18.0,163.1,85,959,107,14,107,14,130,165,100,100,155,48,50,45,100,50,TY,WN,B,B,180,998,NaN,D,20,NaN,
2012020706,10p.2012,JASMINE,TY,NN,-18.5,164.5,100,948,111,14,111,14,130,165,100,100,155,48,50,45,100,50,TY,WN,B,B,180,997,NaN,D,20,NaN,
2012020712,10p.2012,JASMINE,TY,NN,-18.8,165.9,105,944,107,14,107,14,140,175,110,110,165,52,55,50,110,55,TY,WN,B,B,175,998,NaN,D,20,NaN,
2012020718,10p.2012,JASMINE,TY,NN,-19.3,167.3,105,944,107,14,107,14,145,180,115,115,170,58,60,55,115,60,TY,WN,B,B,175,998,NaN,D,20,RCB,
2012020800,10p.2012,JASMINE,TY,NN,-19.8,168.3,110,941,114,12,114,12,145,180,115,115,170,58,60,55,115,60,TY,WN,B,B,175,998,NaN,D,20,NaN,
2012020806,10p.2012,JASMINE,TY,NN,-20.6,169.4,110,941,123,12,123,12,145,180,115,115,170,58,60,55,115,60,TY,WN,B,B,170,997,0.02,D,20,CEG,
2012020812,10p.2012,JASMINE,TY,NN,-21.1,170.1,115,937,128,11,128,11,145,180,115,115,170,58,60,55,115,60,TY,WN,B,B,165,997,NaN,D,20,NaN,
2012020818,10p.2012,JASMINE,TY,NN,-21.8,170.6,115,937,137,8,137,8,145,180,115,115,170,59,60,55,115,60,TY,WN,B,B,180,997,NaN,D,20,BRS,
2012020900,10p.2012,JASMINE,TY,NN,-22.5,170.9,110,941,152,8,152,8,145,180,115,115,170,59,60,55,115,60,TY,WN,B,B,180,997,NaN,D,25,NaN,
2012020906,10p.2012,JASMINE,TY,NN,-23.2,171.1,100,948,162,7,162,7,125,130,120,120,130,75,75,75,120,75,TY,WN,B,B,190,999,NaN,D,25,SJB,
2012020912,10p.2012,JASMINE,TY,NN,-23.9,171.4,95,952,162,7,162,7,125,130,120,120,130,75,75,75,120,75,TY,WN,B,B,190,999,NaN,D,25,NaN,
2012020918,10p.2012,JASMINE,TY,NN,-24.6,171.7,90,956,159,8,159,8,119,125,125,120,105,75,75,75,120,75,TY,WN,B,B,190,999,NaN,D,25,ADL,
2012021000,10p.2012,JASMINE,TY,NN,-25.3,172.2,80,963,153,8,153,8,119,125,125,120,105,75,75,75,120,75,TY,WN,B,B,190,999,NaN,D,25,NaN,
2012021006,10p.2012,JASMINE,TY,NN,-25.7,172.8,80,963,138,7,138,7,118,120,115,115,120,60,60,60,115,60,TY,WN,B,B,190,999,NaN,D,25,SJB,
2012021012,10p.2012,JASMINE,TY,NN,-26.0,173.6,75,967,119,7,119,7,118,120,115,115,120,60,60,60,115,60,TY,WN,B,B,180,999,NaN,D,25,NaN,
2012021018,10p.2012,JASMINE,TY,NN,-26.3,174.5,75,967,111,8,111,8,118,120,115,115,120,60,60,60,115,60,TY,WN,B,B,180,999,NaN,D,25,RCB,
2012021100,10p.2012,JASMINE,TY,NN,-26.2,175.5,75,967,97,9,97,9,118,120,115,115,120,60,60,60,115,60,TY,WN,B,B,180,999,NaN,D,25,NaN,
2012021106,10p.2012,JASMINE,TY,NN,-26.2,176.5,75,967,87,9,87,9,116,125,110,110,120,58,60,55,110,60,TY,WN,B,B,180,1001,NaN,D,25,CEG,
2012021112,10p.2012,JASMINE,TY,NN,-26.1,177.5,65,974,87,9,87,9,116,125,110,110,120,58,60,55,110,60,TY,WN,B,B,200,1002,NaN,D,35,NaN,
2012021118,10p.2012,JASMINE,TY,NN,-25.9,178.4,45,989,80,9,80,9,66,75,60,60,70,NaN,NaN,NaN,NaN,NaN,TS,WN,B,B,170,1002,NaN,M,35,RCB,
2012021200,10p.2012,JASMINE,TY,NN,-25.4,179.4,45,989,68,9,68,9,66,75,60,60,70,NaN,NaN,NaN,NaN,NaN,TS,WN,B,B,170,1002,NaN,M,35,NaN,
2012021206,10p.2012,JASMINE,TY,NN,-24.8,180.5,35,996,60,11,60,11,66,75,60,60,70,NaN,NaN,NaN,NaN,NaN,TS,WN,B,B,180,1003,NaN,M,40,CEG,
2012021212,10p.2012,JASMINE,TY,NN,-24.1,181.6,35,996,57,12,57,12,66,75,60,60,70,NaN,NaN,NaN,NaN,NaN,TS,WN,B,B,150,1004,NaN,M,40,NaN,
2012021218,10p.2012,JASMINE,TY,NN,-23.5,182.3,35,996,52,10,52,10,66,75,60,60,70,NaN,NaN,NaN,NaN,NaN,TS,WN,B,B,150,1004,NaN,M,40,RCB,
2012021300,10p.2012,JASMINE,TY,NN,-22.9,182.9,35,996,45,8,45,8,66,75,60,60,70,NaN,NaN,NaN,NaN,NaN,TS,WN,B,B,140,1004,NaN,M,40,NaN,
2012021306,10p.2012,JASMINE,TY,NN,-22.5,183.6,35,996,50,8,50,8,66,75,60,60,70,NaN,NaN,NaN,NaN,NaN,TS,WN,B,B,140,1004,NaN,M,40,CEG,
2012021312,10p.2012,JASMINE,TY,NN,-22.0,183.7,35,996,39,6,39,6,66,75,60,60,70,NaN,NaN,NaN,NaN,NaN,TS,WN,B,B,200,1008,NaN,M,40,NaN,
2012021318,10p.2012,JASMINE,TY,NN,-21.6,183.9,35,996,17,5,17,5,66,75,60,60,70,NaN,NaN,NaN,NaN,NaN,TS,WN,B,B,200,1008,NaN,M,40,ADL,
2012021400,10p.2012,JASMINE,TY,NN,-21.4,183.9,35,996,17,3,17,3,66,75,60,60,70,NaN,NaN,NaN,NaN,NaN,TS,WN,B,B,200,1008,NaN,S,40,NaN,
2012021406,10p.2012,JASMINE,TY,NN,-21.2,183.9,35,996,360,2,360,2,66,75,60,60,70,NaN,NaN,NaN,NaN,NaN,TS,WN,B,B,210,1007,NaN,M,40,AAH,
2012021412,10p.2012,JASMINE,TY,NN,-21.1,183.8,35,996,343,2,343,2,66,75,60,60,70,NaN,NaN,NaN,NaN,NaN,TS,WN,B,B,180,1006,NaN,M,40,NaN,
2012021418,10p.2012,JASMINE,TY,NN,-21.0,183.6,35,996,306,2,306,2,66,75,60,60,70,NaN,NaN,NaN,NaN,NaN,TS,WN,B,B,190,1006,NaN,S,40,ADL,
2012021500,10p.2012,JASMINE,TY,NN,-21.0,183.3,30,1000,282,2,282,2,NaN,NaN,NaN,NaN,NaN,NaN,NaN,NaN,NaN,NaN,TD,WN,B,B,190,1006,NaN,S,40,NaN,
2012021506,10p.2012,JASMINE,TY,NN,-21.4,183.2,30,1000,223,3,223,3,NaN,NaN,NaN,NaN,NaN,NaN,NaN,NaN,NaN,NaN,TD,WN,B,B,180,1006,NaN,S,40,NaN,
2012021512,10p.2012,JASMINE,TY,NN,-21.9,182.9,35,996,202,5,202,5,NaN,NaN,NaN,NaN,NaN,NaN,NaN,NaN,NaN,NaN,TS,WN,B,B,140,1007,NaN,S,40,NaN,
2012021518,10p.2012,JASMINE,TY,NN,-22.6,183.0,35,996,189,6,189,6,NaN,NaN,NaN,NaN,NaN,NaN,NaN,NaN,NaN,NaN,TS,WN,B,B,140,1007,NaN,S,40,RCB,
2012021600,10p.2012,JASMINE,TY,NN,-23.2,183.4,35,996,160,7,160,7,NaN,NaN,NaN,NaN,NaN,NaN,NaN,NaN,NaN,NaN,TS,NW,B,B,140,1007,NaN,S,40,NaN,
2012021606,10p.2012,JASMINE,TY,NN,-23.9,184.2,35,996,140,9,140,9,NaN,NaN,NaN,NaN,NaN,NaN,NaN,NaN,NaN,NaN,TS,NW,B,B,160,1008,NaN,S,40,NaN,
2012021612,10p.2012,JASMINE,TY,NN,-24.7,184.6,30,1000,144,9,144,9,NaN,NaN,NaN,NaN,NaN,NaN,NaN,NaN,NaN,NaN,TD,NW,B,B,160,1008,NaN,S,45,NaN,
2012021618,10p.2012,JASMINE,TY,NN,-25.3,184.3,25,1004,176,7,176,7,NaN,NaN,NaN,NaN,NaN,NaN,NaN,NaN,NaN,NaN,DB,NW,B,B,NaN,NaN,NaN,NaN,NaN,NaN,
2012020512,a6p.2012,9X-A6P,TS,NN,-17.0,176.0,20,998,92,18,92,18,NaN,NaN,NaN,NaN,NaN,NaN,NaN,NaN,NaN,NaN,DB,NW,B,B,NaN,NaN,NaN,NaN,NaN,NaN,
2012020518,a6p.2012,9X-A6P,TS,NN,-17.1,177.9,25,998,92,18,92,18,NaN,NaN,NaN,NaN,NaN,NaN,NaN,NaN,NaN,NaN,TD,NW,B,B,NaN,NaN,0.07,NaN,NaN,NaN,
2012020600,a6p.2012,9X-A6P,TS,NN,-17.1,179.8,25,998,92,18,92,18,NaN,NaN,NaN,NaN,NaN,NaN,NaN,NaN,NaN,NaN,TD,NW,B,B,NaN,NaN,0.11,NaN,NaN,NaN,
2012020606,a6p.2012,9X-A6P,TS,NN,-17.5,182.0,30,1000,96,20,96,20,NaN,NaN,NaN,NaN,NaN,NaN,NaN,NaN,NaN,NaN,TD,NW,B,B,120,1000,NaN,S,45,NaN,
2012020612,11p.2012,CYRIL,TS,NN,-18.2,184.3,35,996,104,22,104,22,NaN,NaN,NaN,NaN,NaN,NaN,NaN,NaN,NaN,NaN,TS,WN,B,B,130,1000,NaN,S,45,SJB,
2012020618,11p.2012,CYRIL,TS,NN,-19.0,186.2,40,993,111,21,111,21,21,30,15,15,25,NaN,NaN,NaN,NaN,NaN,TS,WN,B,B,135,1000,NaN,M,30,NaN,
2012020700,11p.2012,CYRIL,TS,NN,-20.1,188.2,55,982,117,21,117,21,26,35,20,20,30,NaN,NaN,NaN,NaN,NaN,TS,WN,B,B,135,1000,NaN,M,30,RCB,
2012020706,11p.2012,CYRIL,TS,NN,-21.5,190.0,55,982,125,22,125,22,26,35,20,20,30,10,10,10,20,10,TS,WN,B,B,145,1000,NaN,M,10,NaN,
2012020712,11p.2012,CYRIL,TS,NN,-23.2,192.9,55,982,125,27,125,27,35,45,35,25,35,NaN,NaN,NaN,NaN,NaN,TS,WN,B,B,155,1001,NaN,M,35,CEG,
2012020718,11p.2012,CYRIL,TS,NN,-25.3,195.8,50,985,126,33,126,33,30,40,30,20,30,NaN,NaN,NaN,NaN,NaN,TS,WN,B,B,60,1001,NaN,M,35,NaN,
2012020800,11p.2012,CYRIL,TS,NN,-27.7,198.9,45,989,130,35,130,35,30,40,30,20,30,NaN,NaN,NaN,NaN,NaN,TS,WN,B,B,60,1001,NaN,M,35,RCB,
2012020806,11p.2012,CYRIL,TS,NN,-29.6,202.0,35,996,128,35,128,35,30,40,30,20,30,NaN,NaN,NaN,NaN,NaN,EX,NW,B,B,150,1002,NaN,M,30,NaN,
2012020812,11p.2012,CYRIL,TS,NN,-30.8,205.9,30,1000,117,34,117,34,NaN,NaN,NaN,NaN,NaN,NaN,NaN,NaN,NaN,NaN,EX,NW,B,B,NaN,NaN,NaN,NaN,NaN,NaN,
2012020718,a8s.2012,9X-A8S,TY,NN,-12.6,71.7,15,1010,208,6,208,6,NaN,NaN,NaN,NaN,NaN,NaN,NaN,NaN,NaN,NaN,DB,NW,b,b,NaN,NaN,NaN,NaN,NaN,NaN,
2012020800,a8s.2012,9X-A8S,TY,NN,-12.8,71.6,15,NaN,275,6,208,6,NaN,NaN,NaN,NaN,NaN,NaN,NaN,NaN,NaN,NaN,NT,NW,c,c,NaN,NaN,NaN,NaN,NaN,NaN,
2012020806,a8s.2012,9X-A8S,TY,NN,-13.7,71.1,15,NaN,263,8,208,6,NaN,NaN,NaN,NaN,NaN,NaN,NaN,NaN,NaN,NaN,NT,NW,c,c,NaN,NaN,NaN,NaN,NaN,NaN,
2012020812,a8s.2012,9X-A8S,TY,NN,-13.3,69.7,20,1007,259,13,255,10,NaN,NaN,NaN,NaN,NaN,NaN,NaN,NaN,NaN,NaN,DB,NW,B,B,NaN,NaN,NaN,NaN,NaN,NaN,
2012020818,a8s.2012,9X-A8S,TY,NN,-13.6,68.5,25,1004,259,13,272,13,NaN,NaN,NaN,NaN,NaN,NaN,NaN,NaN,NaN,NaN,TD,NW,B,B,NaN,NaN,NaN,NaN,NaN,NaN,
2012020900,a8s.2012,9X-A8S,TY,NN,-13.8,67.1,30,1000,259,13,259,13,NaN,NaN,NaN,NaN,NaN,NaN,NaN,NaN,NaN,NaN,TD,NW,B,B,120,1008,NaN,S,45,NaN,
2012020906,a8s.2012,9X-A8S,TY,NN,-14.0,66.1,30,1000,260,12,260,12,NaN,NaN,NaN,NaN,NaN,NaN,NaN,NaN,NaN,NaN,TD,NW,B,B,150,1006,NaN,S,45,NaN,
2012020912,12s.2012,GIOVANNA,TY,NN,-14.0,65.3,35,996,263,9,263,9,NaN,NaN,NaN,NaN,NaN,NaN,NaN,NaN,NaN,NaN,TS,WN,B,B,150,1006,NaN,S,45,SJB,
2012020918,12s.2012,GIOVANNA,TY,NN,-14.3,64.5,40,993,259,8,259,8,40,40,40,40,40,NaN,NaN,NaN,NaN,NaN,TS,WN,B,B,150,1006,NaN,S,40,NaN,
2012021000,12s.2012,GIOVANNA,TY,NN,-14.9,63.5,45,989,243,10,243,10,60,60,60,60,60,NaN,NaN,NaN,NaN,NaN,TS,WN,B,B,150,1006,NaN,M,35,ADL,
2012021006,12s.2012,GIOVANNA,TY,NN,-15.3,62.5,55,982,243,11,243,11,65,60,70,70,60,20,20,,70,,TS,WN,B,B,150,1004,NaN,M,35,NaN,
2012021012,12s.2012,GIOVANNA,TY,NN,-15.6,61.7,70,970,248,9,248,9,80,75,85,85,75,40,40,40,85,40,TY,WN,B,B,180,1002,NaN,D,35,SJB,
2012021018,12s.2012,GIOVANNA,TY,NN,-16.1,61.0,100,948,241,8,241,8,95,90,95,105,90,59,55,60,105,55,TY,WN,B,B,180,1002,NaN,D,30,RCB,
2012021100,12s.2012,GIOVANNA,TY,NN,-16.8,60.1,115,937,232,10,232,10,100,95,100,110,95,64,60,65,110,60,TY,WN,B,B,200,1002,NaN,D,30,RCB,
2012021106,12s.2012,GIOVANNA,TY,NN,-17.0,59.4,110,941,240,9,240,9,102,95,110,110,95,65,60,70,110,60,TY,WN,B,B,180,1002,NaN,D,15,NaN,
2012021112,12s.2012,GIOVANNA,TY,NN,-17.2,59.0,105,944,249,6,249,6,102,95,110,110,95,52,50,55,110,50,TY,WN,B,B,200,1004,NaN,D,35,CEG,
2012021118,12s.2012,GIOVANNA,TY,NN,-17.3,58.6,100,948,249,4,249,4,102,95,110,110,95,52,50,55,110,50,TY,WN,B,B,195,1004,NaN,D,35,NaN,
2012021200,12s.2012,GIOVANNA,TY,NN,-17.4,58.1,100,948,257,4,257,4,102,95,110,110,95,52,50,55,110,50,TY,WN,B,B,195,1004,NaN,D,35,RCB,
2012021206,12s.2012,GIOVANNA,TY,NN,-17.6,57.5,100,948,254,5,254,5,145,145,160,150,125,75,60,90,150,60,TY,WN,B,B,195,1004,NaN,D,35,NaN,
2012021212,12s.2012,GIOVANNA,TY,NN,-17.7,56.7,100,948,257,7,257,7,180,170,190,190,170,100,100,100,190,100,TY,WN,B,B,185,1000,NaN,D,35,CEG,
2012021218,12s.2012,GIOVANNA,TY,NN,-18.0,55.5,110,941,258,10,258,10,205,190,200,220,210,115,110,120,220,110,TY,WN,B,B,185,1000,NaN,D,35,NaN,
2012021300,12s.2012,GIOVANNA,TY,NN,-18.1,54.2,115,937,260,12,260,12,208,195,205,220,210,120,115,125,220,115,TY,WN,B,B,195,1000,NaN,D,35,RCB,
2012021306,12s.2012,GIOVANNA,TY,NN,-18.3,52.8,115,937,263,13,263,13,208,195,205,220,210,120,115,125,220,115,TY,WN,B,B,170,1000,NaN,D,35,NaN,
2012021312,12s.2012,GIOVANNA,TY,NN,-18.7,51.4,120,933,257,14,257,14,208,195,220,220,195,120,115,125,220,115,TY,WN,B,B,170,1000,NaN,D,30,CEG,
2012021318,12s.2012,GIOVANNA,TY,NN,-19.1,50.0,115,937,253,14,253,14,200,195,220,205,180,115,115,125,205,105,TY,WN,B,B,170,1000,NaN,D,30,NaN,
2012021400,12s.2012,GIOVANNA,TY,NN,-19.0,48.7,95,952,263,13,263,13,200,195,220,205,180,115,115,125,205,105,TY,WN,B,B,170,1000,0.98,D,30,ADL,
2012021406,12s.2012,GIOVANNA,TY,NN,-19.0,47.2,45,989,272,13,272,13,60,60,60,60,60,NaN,NaN,NaN,NaN,NaN,TS,WN,B,B,145,1000,0.97,D,25,NaN,
2012021412,12s.2012,GIOVANNA,TY,NN,-19.3,45.4,35,996,265,16,265,16,60,60,60,60,60,NaN,NaN,NaN,NaN,NaN,TS,WN,B,B,150,1003,0.94,M,30,BRS,
2012021418,12s.2012,GIOVANNA,TY,NN,-20.2,44.0,35,996,248,16,248,16,65,70,60,60,70,NaN,NaN,NaN,NaN,NaN,TS,WN,B,B,105,1003,0.11,M,30,NaN,
2012021500,12s.2012,GIOVANNA,TY,NN,-21.4,43.1,35,996,226,15,226,15,65,70,60,60,70,NaN,NaN,NaN,NaN,NaN,TS,WN,B,B,105,1003,0.06,M,30,ADL,
2012021506,12s.2012,GIOVANNA,TY,NN,-22.3,42.4,35,996,215,13,215,13,65,70,60,60,70,NaN,NaN,NaN,NaN,NaN,TS,WN,B,B,140,1004,NaN,M,35,NaN,
2012021512,12s.2012,GIOVANNA,TY,NN,-23.4,41.5,40,993,216,12,216,12,80,90,60,80,90,NaN,NaN,NaN,NaN,NaN,TS,WN,B,B,165,1004,NaN,M,30,BRS,
2012021518,12s.2012,GIOVANNA,TY,NN,-24.0,41.2,50,985,213,10,213,10,79,70,85,90,70,NaN,NaN,NaN,NaN,NaN,TS,WN,B,B,165,1004,NaN,M,30,NaN,
2012021600,12s.2012,GIOVANNA,TY,NN,-24.3,40.9,50,985,211,5,211,5,79,70,85,90,70,NaN,NaN,NaN,NaN,NaN,TS,WN,B,B,165,1004,NaN,M,20,RCB,
2012021606,12s.2012,GIOVANNA,TY,NN,-24.6,41.2,55,982,180,3,180,3,79,70,85,90,70,30,30,30,90,30,TS,WN,B,B,165,1004,NaN,M,30,NaN,
2012021612,12s.2012,GIOVANNA,TY,NN,-25.1,41.4,55,982,150,5,150,5,78,70,85,85,70,30,30,30,85,30,TS,WN,B,B,160,1003,NaN,M,30,CEG,
2012021618,12s.2012,GIOVANNA,TY,NN,-25.3,41.9,55,982,138,5,138,5,66,50,75,80,60,30,,30,80,30,TS,WN,B,B,127,1003,NaN,M,30,NaN,
2012021700,12s.2012,GIOVANNA,TY,NN,-25.4,42.3,50,985,110,4,110,4,66,50,75,80,60,NaN,NaN,NaN,NaN,NaN,TS,WN,B,B,160,1003,NaN,M,30,SJB,
2012021706,12s.2012,GIOVANNA,TY,NN,-25.6,42.6,50,985,115,3,115,3,66,50,75,80,60,NaN,NaN,NaN,NaN,NaN,TS,WN,B,B,160,1003,NaN,M,30,NaN,
2012021712,12s.2012,GIOVANNA,TY,NN,-25.8,42.7,50,985,138,3,138,3,72,65,75,80,70,NaN,NaN,NaN,NaN,NaN,TS,WN,B,B,165,1003,NaN,M,30,CEG,
2012021718,12s.2012,GIOVANNA,TY,NN,-26.1,42.8,45,989,160,3,160,3,72,65,75,80,70,NaN,NaN,NaN,NaN,NaN,TS,WN,B,B,165,1003,NaN,M,30,NaN,
2012021800,12s.2012,GIOVANNA,TY,NN,-26.3,43.2,60,978,138,3,138,3,74,65,85,85,60,10,10,10,85,10,TS,WN,B,B,165,1003,NaN,M,30,NaN,
2012021806,12s.2012,GIOVANNA,TY,NN,-26.4,43.6,65,974,113,4,113,4,74,65,85,85,60,25,25,25,85,25,TY,WN,B,B,150,1003,NaN,M,20,NaN,
2012021812,12s.2012,GIOVANNA,TY,NN,-26.5,44.7,65,974,98,7,98,7,78,75,85,85,65,30,30,30,85,30,TY,WN,B,B,160,1003,NaN,M,25,BRS,
2012021818,12s.2012,GIOVANNA,TY,NN,-26.5,45.9,65,974,93,10,93,10,98,100,110,85,95,45,45,45,85,45,TY,WN,B,B,160,1003,NaN,D,25,NaN,
2012021900,12s.2012,GIOVANNA,TY,NN,-25.9,47.3,75,967,76,12,76,12,98,100,110,85,95,46,50,50,85,40,TY,WN,B,B,160,1003,NaN,D,25,ADL,
2012021906,12s.2012,GIOVANNA,TY,NN,-25.9,49.0,90,956,78,14,78,14,80,80,80,80,80,40,40,40,80,40,TY,WN,B,B,200,1005,NaN,D,25,NaN,
2012021912,12s.2012,GIOVANNA,TY,NN,-26.0,50.6,85,959,92,15,92,15,100,110,110,80,100,42,45,45,80,40,TY,WN,B,B,160,1005,NaN,D,25,BRS,
2012021918,12s.2012,GIOVANNA,TY,NN,-26.0,52.1,75,967,92,14,92,14,125,125,135,125,115,78,85,85,125,75,TY,WN,B,B,160,1005,NaN,D,25,NaN,
2012022000,12s.2012,GIOVANNA,TY,NN,-26.0,53.1,65,974,90,11,90,11,125,125,135,125,115,78,85,85,125,75,TY,WN,B,B,160,1005,NaN,D,25,ADL,
2012022006,12s.2012,GIOVANNA,TY,NN,-25.8,53.5,45,989,81,6,81,6,100,135,135,65,65,NaN,NaN,NaN,NaN,NaN,TS,WN,B,B,130,1007,NaN,M,40,NaN,
2012022012,12s.2012,GIOVANNA,TY,NN,-25.0,53.1,35,996,360,5,360,5,55,50,60,60,50,NaN,NaN,NaN,NaN,NaN,TS,WN,B,B,140,1007,NaN,S,40,BRS,
2012022018,12s.2012,GIOVANNA,TY,NN,-24.1,52.8,30,1000,340,9,340,9,NaN,NaN,NaN,NaN,NaN,NaN,NaN,NaN,NaN,NaN,TD,WN,B,B,140,1006,NaN,S,40,NaN,
2012022100,12s.2012,GIOVANNA,TY,NN,-23.4,52.5,25,1004,341,8,341,8,NaN,NaN,NaN,NaN,NaN,NaN,NaN,NaN,NaN,NaN,TD,WN,B,B,140,1006,NaN,S,40,SJB,
2012022106,12s.2012,GIOVANNA,TY,NN,-22.9,52.3,25,1004,339,6,339,6,NaN,NaN,NaN,NaN,NaN,NaN,NaN,NaN,NaN,NaN,TD,NW,B,B,NaN,NaN,NaN,NaN,NaN,NaN,
2012022112,12s.2012,GIOVANNA,TY,NN,-22.5,52.2,20,1007,343,5,343,5,NaN,NaN,NaN,NaN,NaN,NaN,NaN,NaN,NaN,NaN,DB,NW,B,B,NaN,NaN,NaN,NaN,NaN,NaN,
2012022118,12s.2012,GIOVANNA,TY,NN,-22.1,52.4,20,1007,7,4,7,4,NaN,NaN,NaN,NaN,NaN,NaN,NaN,NaN,NaN,NaN,DB,NW,B,B,NaN,NaN,NaN,NaN,NaN,NaN,
2012021018,a9s.2012,9X-A9S,TS,NN,-11.2,111.4,15,NaN,262,14,268,12,NaN,NaN,NaN,NaN,NaN,NaN,NaN,NaN,NaN,NaN,NT,NW,c,c,NaN,NaN,NaN,NaN,NaN,NaN,
2012021100,a9s.2012,9X-A9S,TS,NN,-11.4,110.5,18,1007,262,14,268,12,NaN,NaN,NaN,NaN,NaN,NaN,NaN,NaN,NaN,NaN,NT,NW,c,c,NaN,NaN,NaN,NaN,NaN,NaN,
2012021106,a9s.2012,9X-A9S,TS,NN,-11.6,109.5,20,1007,277,16,268,12,NaN,NaN,NaN,NaN,NaN,NaN,NaN,NaN,NaN,NaN,DB,NW,B,B,NaN,NaN,NaN,NaN,NaN,NaN,
2012021112,a9s.2012,9X-A9S,TS,NN,-11.3,107.8,20,1007,277,16,268,12,NaN,NaN,NaN,NaN,NaN,NaN,NaN,NaN,NaN,NaN,DB,NW,B,B,NaN,NaN,NaN,NaN,NaN,NaN,
2012021118,a9s.2012,9X-A9S,TS,NN,-11.2,106.2,25,1004,277,16,277,16,NaN,NaN,NaN,NaN,NaN,NaN,NaN,NaN,NaN,NaN,TD,NW,B,B,NaN,NaN,NaN,NaN,NaN,NaN,
2012021200,a9s.2012,9X-A9S,TS,NN,-11.5,104.6,25,1004,266,16,266,16,NaN,NaN,NaN,NaN,NaN,NaN,NaN,NaN,NaN,NaN,TD,NW,B,B,NaN,NaN,NaN,NaN,NaN,NaN,
2012021206,a9s.2012,9X-A9S,TS,NN,-11.6,103.0,25,1004,263,16,263,16,NaN,NaN,NaN,NaN,NaN,NaN,NaN,NaN,NaN,NaN,TD,NW,B,B,NaN,NaN,NaN,NaN,NaN,NaN,
2012021212,a9s.2012,9X-A9S,TS,NN,-11.8,101.5,25,1004,264,15,264,15,NaN,NaN,NaN,NaN,NaN,NaN,NaN,NaN,NaN,NaN,TD,NW,B,B,NaN,NaN,NaN,NaN,NaN,NaN,
2012021218,a9s.2012,9X-A9S,TS,NN,-12.0,100.0,30,1000,262,15,262,15,NaN,NaN,NaN,NaN,NaN,NaN,NaN,NaN,NaN,NaN,TD,NW,B,B,NaN,NaN,NaN,NaN,NaN,NaN,
2012021300,a9s.2012,9X-A9S,TS,NN,-12.0,98.6,30,1000,266,14,266,14,NaN,NaN,NaN,NaN,NaN,NaN,NaN,NaN,NaN,NaN,TD,NW,B,B,150,1008,NaN,S,15,NaN,
2012021306,a9s.2012,9X-A9S,TS,NN,-12.1,97.2,30,1000,268,14,268,14,NaN,NaN,NaN,NaN,NaN,NaN,NaN,NaN,NaN,NaN,TD,NW,B,B,150,1008,NaN,S,45,NaN,
2012021312,a9s.2012,9X-A9S,TS,NN,-12.2,95.8,30,1000,266,14,266,14,NaN,NaN,NaN,NaN,NaN,NaN,NaN,NaN,NaN,NaN,TD,NW,B,B,150,1008,NaN,S,40,NaN,
2012021318,a9s.2012,9X-A9S,TS,NN,-12.5,94.3,30,1000,262,14,262,14,NaN,NaN,NaN,NaN,NaN,NaN,NaN,NaN,NaN,NaN,TD,NW,B,B,150,1008,NaN,S,40,NaN,
2012021400,a9s.2012,9X-A9S,TS,NN,-12.9,92.7,30,1000,257,16,257,16,NaN,NaN,NaN,NaN,NaN,NaN,NaN,NaN,NaN,NaN,TD,NW,B,B,150,1008,NaN,S,40,NaN,
2012021406,13s.2012,HILWA,TS,NN,-13.5,91.1,35,996,252,16,252,16,38,35,40,40,35,NaN,NaN,NaN,NaN,NaN,TS,WN,B,B,170,1010,NaN,M,35,BRS,
2012021412,13s.2012,HILWA,TS,NN,-13.9,89.4,35,996,253,17,253,17,50,40,60,60,40,NaN,NaN,NaN,NaN,NaN,TS,WN,B,B,170,1009,NaN,M,35,NaN,
2012021418,13s.2012,HILWA,TS,NN,-14.3,87.7,35,996,256,17,256,17,50,40,60,60,40,NaN,NaN,NaN,NaN,NaN,TS,WN,B,B,160,1009,NaN,M,30,ADL,
2012021500,13s.2012,HILWA,TS,NN,-14.3,86.4,35,996,262,15,262,15,50,40,60,60,40,NaN,NaN,NaN,NaN,NaN,TS,WN,B,B,160,1009,NaN,M,30,NaN,
2012021506,13s.2012,HILWA,TS,NN,-14.5,85.3,35,996,265,12,265,12,50,40,60,60,40,NaN,NaN,NaN,NaN,NaN,TS,WN,B,B,140,1008,NaN,M,30,BRS,
2012021512,13s.2012,HILWA,TS,NN,-14.7,84.4,35,996,258,10,258,10,52,45,60,60,45,NaN,NaN,NaN,NaN,NaN,TS,WN,B,B,175,1006,NaN,M,35,NaN,
2012021518,13s.2012,HILWA,TS,NN,-15.0,83.5,35,996,254,9,254,9,59,50,65,70,50,NaN,NaN,NaN,NaN,NaN,TS,WN,B,B,175,1006,NaN,M,35,RCB,
2012021600,13s.2012,HILWA,TS,NN,-14.9,82.6,35,996,263,9,263,9,59,50,65,70,50,NaN,NaN,NaN,NaN,NaN,TS,WN,B,B,175,1006,NaN,M,35,NaN,
2012021606,13s.2012,HILWA,TS,NN,-15.0,81.9,40,993,270,8,270,8,60,50,70,70,50,NaN,NaN,NaN,NaN,NaN,TS,WN,B,B,175,1006,NaN,M,35,CEG,
2012021612,13s.2012,HILWA,TS,NN,-15.0,81.5,40,993,265,5,265,5,60,50,70,70,50,NaN,NaN,NaN,NaN,NaN,TS,WN,B,B,175,1006,NaN,M,35,NaN,
2012021618,13s.2012,HILWA,TS,NN,-15.1,81.1,35,996,263,4,263,4,60,50,70,70,50,NaN,NaN,NaN,NaN,NaN,TS,WN,B,B,165,1006,NaN,M,35,RCB,
2012021700,13s.2012,HILWA,TS,NN,-15.4,81.0,35,996,230,3,230,3,60,50,70,70,50,NaN,NaN,NaN,NaN,NaN,TS,WN,B,B,165,1006,NaN,M,35,NaN,
2012021706,13s.2012,HILWA,TS,NN,-15.5,80.5,30,1000,235,4,235,4,NaN,NaN,NaN,NaN,NaN,NaN,NaN,NaN,NaN,NaN,TD,WN,B,B,170,1007,NaN,M,35,CEG,
2012021712,13s.2012,HILWA,TS,NN,-16.4,80.3,30,1000,214,6,214,6,NaN,NaN,NaN,NaN,NaN,NaN,NaN,NaN,NaN,NaN,TD,WN,B,B,170,1007,NaN,M,35,NaN,
2012021718,13s.2012,HILWA,TS,NN,-16.9,79.1,30,1000,224,10,224,10,NaN,NaN,NaN,NaN,NaN,NaN,NaN,NaN,NaN,NaN,TD,WN,B,B,170,1007,NaN,M,35,ADL,
2012021800,13s.2012,HILWA,TS,NN,-17.1,77.8,30,1000,254,12,254,12,NaN,NaN,NaN,NaN,NaN,NaN,NaN,NaN,NaN,NaN,TD,WN,B,B,170,1007,NaN,M,35,NaN,
2012021806,13s.2012,HILWA,TS,NN,-17.3,77.2,35,996,258,9,258,9,NaN,NaN,NaN,NaN,NaN,NaN,NaN,NaN,NaN,NaN,TS,WN,B,B,170,1007,NaN,M,35,BRS,
2012021812,13s.2012,HILWA,TS,NN,-17.6,76.1,35,996,253,8,253,8,NaN,NaN,NaN,NaN,NaN,NaN,NaN,NaN,NaN,NaN,TS,WN,B,B,160,1005,NaN,M,35,NaN,
2012021818,13s.2012,HILWA,TS,NN,-17.8,74.7,35,996,258,12,258,12,NaN,NaN,NaN,NaN,NaN,NaN,NaN,NaN,NaN,NaN,TS,WN,B,B,160,1005,NaN,M,35,ADL,
2012021900,13s.2012,HILWA,TS,NN,-18.1,73.1,30,1000,260,14,260,14,NaN,NaN,NaN,NaN,NaN,NaN,NaN,NaN,NaN,NaN,TD,WN,B,B,160,1005,NaN,S,35,NaN,
2012021906,13s.2012,HILWA,TS,NN,-18.6,71.5,30,1000,255,16,255,16,NaN,NaN,NaN,NaN,NaN,NaN,NaN,NaN,NaN,NaN,TD,WN,B,B,180,1006,NaN,M,35,AAH,
2012021912,13s.2012,HILWA,TS,NN,-18.8,69.8,25,1004,257,16,257,16,NaN,NaN,NaN,NaN,NaN,NaN,NaN,NaN,NaN,NaN,TD,WN,B,B,180,1006,NaN,M,40,NaN,
2012021918,13s.2012,HILWA,TS,NN,-19.1,68.2,25,1004,261,16,261,16,NaN,NaN,NaN,NaN,NaN,NaN,NaN,NaN,NaN,NaN,TD,WN,B,B,150,1006,NaN,S,30,ADL,
2012022000,13s.2012,HILWA,TS,NN,-19.1,66.8,25,1004,264,14,264,14,NaN,NaN,NaN,NaN,NaN,NaN,NaN,NaN,NaN,NaN,TD,WN,B,B,150,1006,NaN,S,30,NaN,
2012022006,13s.2012,HILWA,TS,NN,-18.8,65.9,30,1000,278,11,278,11,NaN,NaN,NaN,NaN,NaN,NaN,NaN,NaN,NaN,NaN,TD,WN,B,B,140,1007,NaN,S,30,BRS,
2012022012,13s.2012,HILWA,TS,NN,-18.9,65.3,35,996,278,7,278,7,NaN,NaN,NaN,NaN,NaN,NaN,NaN,NaN,NaN,NaN,TS,WN,B,B,140,1007,NaN,S,35,NaN,
2012022018,13s.2012,HILWA,TS,NN,-19.1,64.8,35,996,254,5,254,5,NaN,NaN,NaN,NaN,NaN,NaN,NaN,NaN,NaN,NaN,TS,WN,B,B,150,1004,NaN,M,35,SJB,
2012022100,13s.2012,HILWA,TS,NN,-19.2,64.4,40,993,251,5,251,5,60,60,60,60,60,NaN,NaN,NaN,NaN,NaN,TS,WN,B,B,150,1004,NaN,M,35,NaN,
2012022106,13s.2012,HILWA,TS,NN,-19.6,64.2,40,993,229,4,229,4,58,55,60,60,55,NaN,NaN,NaN,NaN,NaN,TS,WN,B,B,150,1004,NaN,M,35,RCB,
2012022112,13s.2012,HILWA,TS,NN,-20.0,64.0,40,993,205,4,205,4,58,55,60,60,55,NaN,NaN,NaN,NaN,NaN,TS,WN,B,B,150,1004,NaN,M,35,NaN,
2012022118,13s.2012,HILWA,TS,NN,-20.6,63.8,40,993,201,5,201,5,58,55,60,60,55,NaN,NaN,NaN,NaN,NaN,TS,WN,B,B,150,1004,NaN,M,35,SJB,
2012022200,13s.2012,HILWA,TS,NN,-21.5,63.7,35,996,191,8,191,8,58,55,60,60,55,NaN,NaN,NaN,NaN,NaN,TS,WN,B,B,150,1004,NaN,M,35,NaN,
2012022206,13s.2012,HILWA,TS,NN,-22.5,63.7,35,996,183,10,183,10,58,55,60,60,55,NaN,NaN,NaN,NaN,NaN,TS,WN,B,B,150,1004,NaN,M,35,RCB,
2012022212,13s.2012,HILWA,TS,NN,-23.6,63.7,35,996,180,11,180,11,58,55,60,60,55,NaN,NaN,NaN,NaN,NaN,TS,NW,B,B,150,1004,NaN,M,35,NaN,
2012022218,13s.2012,HILWA,TS,NN,-25.3,63.7,30,1000,180,14,180,14,NaN,NaN,NaN,NaN,NaN,NaN,NaN,NaN,NaN,NaN,TD,NW,B,B,NaN,NaN,NaN,NaN,NaN,NaN,
2012022300,13s.2012,HILWA,TS,NN,-27.9,63.7,25,1004,180,22,180,21,NaN,NaN,NaN,NaN,NaN,NaN,NaN,NaN,NaN,NaN,TD,NW,B,B,NaN,NaN,NaN,NaN,NaN,NaN,
2012022306,13s.2012,HILWA,TS,NN,-30.1,64.0,20,1007,177,24,177,24,NaN,NaN,NaN,NaN,NaN,NaN,NaN,NaN,NaN,NaN,DB,NW,B,B,NaN,NaN,NaN,NaN,NaN,NaN,
2012022312,13s.2012,HILWA,TS,NN,-32.7,64.6,20,1007,171,24,171,24,NaN,NaN,NaN,NaN,NaN,NaN,NaN,NaN,NaN,NaN,EX,NW,B,B,NaN,NaN,NaN,NaN,NaN,NaN,
2012022412,b2s.2012,9X-B2S,TS,NN,-12.0,60.3,15,NaN,251,3,251,3,NaN,NaN,NaN,NaN,NaN,NaN,NaN,NaN,NaN,NaN,NT,NW,c,c,NaN,NaN,NaN,NaN,NaN,NaN,
2012022418,b2s.2012,9X-B2S,TS,NN,-12.1,60.0,15,NaN,251,3,251,3,NaN,NaN,NaN,NaN,NaN,NaN,NaN,NaN,NaN,NaN,NT,NW,c,c,NaN,NaN,NaN,NaN,NaN,NaN,
2012022500,b2s.2012,9X-B2S,TS,NN,-12.2,59.7,15,NaN,251,3,251,3,NaN,NaN,NaN,NaN,NaN,NaN,NaN,NaN,NaN,NaN,NT,NW,c,c,NaN,NaN,NaN,NaN,NaN,NaN,
2012022506,b2s.2012,9X-B2S,TS,NN,-13.0,56.9,15,NaN,248,7,253,16,NaN,NaN,NaN,NaN,NaN,NaN,NaN,NaN,NaN,NaN,NT,NW,c,c,NaN,NaN,NaN,NaN,NaN,NaN,
2012022512,b2s.2012,9X-B2S,TS,NN,-13.7,54.4,20,1007,254,27,254,27,NaN,NaN,NaN,NaN,NaN,NaN,NaN,NaN,NaN,NaN,DB,NW,b,b,NaN,NaN,NaN,NaN,NaN,NaN,
2012022518,b2s.2012,9X-B2S,TS,NN,-13.9,53.2,20,1000,260,11,256,19,NaN,NaN,NaN,NaN,NaN,NaN,NaN,NaN,NaN,NaN,DB,NW,C,C,180,1004,NaN,S,45,NaN,
2012022600,b2s.2012,9X-B2S,TS,NN,-13.7,51.7,30,1000,265,12,270,13,NaN,NaN,NaN,NaN,NaN,NaN,NaN,NaN,NaN,NaN,DB,NW,C,C,180,1004,NaN,S,45,NaN,
2012022606,b2s.2012,9X-B2S,TS,NN,-12.5,51.4,20,1007,233,11,309,11,NaN,NaN,NaN,NaN,NaN,NaN,NaN,NaN,NaN,NaN,DB,NW,B,B,NaN,NaN,NaN,NaN,NaN,NaN,
2012022612,b2s.2012,9X-B2S,TS,NN,-13.1,50.5,20,1007,233,11,297,7,NaN,NaN,NaN,NaN,NaN,NaN,NaN,NaN,NaN,NaN,DB,NW,B,B,170,1005,NaN,S,45,NaN,
2012022618,b2s.2012,9X-B2S,TS,NN,-13.8,49.6,25,1004,233,11,233,11,NaN,NaN,NaN,NaN,NaN,NaN,NaN,NaN,NaN,NaN,TD,NW,B,B,180,1004,0.98,S,45,NaN,
2012022700,b2s.2012,9X-B2S,TS,NN,-14.0,48.6,25,1004,244,10,244,10,NaN,NaN,NaN,NaN,NaN,NaN,NaN,NaN,NaN,NaN,TD,NW,B,B,180,1004,0.90,S,45,NaN,
2012022706,b2s.2012,9X-B2S,TS,NN,-14.4,47.6,25,1004,253,10,253,10,NaN,NaN,NaN,NaN,NaN,NaN,NaN,NaN,NaN,NaN,TD,NW,B,B,170,1005,0.26,S,45,NaN,
2012022712,b2s.2012,9X-B2S,TS,NN,-15.1,46.7,25,1004,239,11,239,11,NaN,NaN,NaN,NaN,NaN,NaN,NaN,NaN,NaN,NaN,TD,NW,B,B,170,1005,0.07,S,45,NaN,
2012022718,b2s.2012,9X-B2S,TS,NN,-15.7,45.8,25,1003,233,11,233,11,NaN,NaN,NaN,NaN,NaN,NaN,NaN,NaN,NaN,NaN,TD,NW,B,B,170,1005,0.19,S,25,NaN,
2012022800,b2s.2012,9X-B2S,TS,NN,-15.5,45.0,25,1004,256,8,256,8,NaN,NaN,NaN,NaN,NaN,NaN,NaN,NaN,NaN,NaN,TD,NW,B,B,170,1005,0.01,S,25,NaN,
2012022806,b2s.2012,9X-B2S,TS,NN,-15.7,44.5,25,1004,270,6,270,6,NaN,NaN,NaN,NaN,NaN,NaN,NaN,NaN,NaN,NaN,TD,NW,B,B,180,1003,NaN,S,30,NaN,
2012022812,b2s.2012,9X-B2S,TS,NN,-15.9,44.1,25,1004,245,5,245,5,NaN,NaN,NaN,NaN,NaN,NaN,NaN,NaN,NaN,NaN,TD,NW,B,B,170,1005,0.02,S,25,NaN,
2012022818,b2s.2012,9X-B2S,TS,NN,-16.2,43.5,25,999,243,5,243,5,NaN,NaN,NaN,NaN,NaN,NaN,NaN,NaN,NaN,NaN,TD,NW,B,B,180,1003,NaN,S,25,NaN,
2012022900,14s.2012,IRINA,TS,NN,-16.4,43.6,30,1000,224,3,224,3,NaN,NaN,NaN,NaN,NaN,NaN,NaN,NaN,NaN,NaN,TD,WN,B,B,180,1003,NaN,M,25,NaN,
2012022906,14s.2012,IRINA,TS,NN,-16.3,43.4,40,993,224,1,224,1,50,50,50,50,50,NaN,NaN,NaN,NaN,NaN,TS,WN,B,B,180,1003,NaN,M,25,NaN,
2012022912,14s.2012,IRINA,TS,NN,-16.1,43.6,45,989,360,2,360,1,50,50,50,50,50,NaN,NaN,NaN,NaN,NaN,TS,WN,B,B,180,1003,NaN,M,25,ADL,
2012022918,14s.2012,IRINA,TS,NN,-16.6,43.6,60,978,147,2,147,2,75,80,65,75,80,30,30,30,75,30,TS,WN,B,B,120,999,NaN,M,25,NaN,
2012030100,14s.2012,IRINA,TS,NN,-17.1,43.7,60,978,175,5,175,5,78,80,80,75,75,35,35,35,75,35,TS,WN,B,B,190,999,NaN,D,25,SJB,
2012030106,14s.2012,IRINA,TS,NN,-18.1,43.9,60,978,169,8,169,8,71,70,75,70,70,38,35,40,70,35,TS,WN,B,B,190,999,0.47,D,25,NaN,
2012030112,14s.2012,IRINA,TS,NN,-19.8,43.8,60,978,178,14,178,14,64,60,70,65,60,32,30,35,65,30,TS,WN,B,B,170,999,0.11,D,25,RCB,
2012030118,14s.2012,IRINA,TS,NN,-21.1,43.3,60,978,191,15,191,15,64,60,70,65,60,32,30,35,65,30,TS,WN,B,B,170,999,0.17,D,25,NaN,
2012030200,14s.2012,IRINA,TS,NN,-22.3,42.4,55,982,208,14,208,14,78,75,80,80,75,35,35,35,80,35,TS,WN,B,B,180,1001,NaN,D,25,SJB,
2012030206,14s.2012,IRINA,TS,NN,-23.6,41.5,55,982,214,15,214,15,78,75,80,80,75,35,35,35,80,35,TS,WN,B,B,180,1001,NaN,D,25,NaN,
2012030212,14s.2012,IRINA,TS,NN,-24.4,40.1,50,985,225,15,225,15,69,65,70,75,65,NaN,NaN,NaN,NaN,NaN,TS,WN,B,B,170,1001,NaN,D,25,RCB,
2012030218,14s.2012,IRINA,TS,NN,-25.1,39.0,45,989,237,14,237,14,108,30,250,120,30,NaN,NaN,NaN,NaN,NaN,TS,WN,B,B,180,1000,NaN,M,40,NaN,
2012030300,14s.2012,IRINA,TS,NN,-25.4,37.7,40,993,245,12,245,12,108,50,210,120,50,NaN,NaN,NaN,NaN,NaN,TS,WN,B,B,180,1000,NaN,M,40,AAH,
2012030306,14s.2012,IRINA,TS,NN,-25.6,36.4,35,996,258,12,258,12,108,50,210,120,50,NaN,NaN,NaN,NaN,NaN,TS,WN,B,B,180,1000,NaN,M,40,NaN,
2012030312,14s.2012,IRINA,TS,NN,-25.5,35.2,40,993,267,11,267,11,108,50,210,120,50,NaN,NaN,NaN,NaN,NaN,TS,WN,B,B,180,1000,NaN,M,40,ADL,
2012030318,14s.2012,IRINA,TS,NN,-26.0,34.5,45,989,257,9,257,9,122,75,225,135,55,NaN,NaN,NaN,NaN,NaN,TS,WN,B,B,190,1001,NaN,M,40,NaN,
2012030400,14s.2012,IRINA,TS,NN,-26.2,34.2,45,989,232,6,232,6,122,75,225,135,55,NaN,NaN,NaN,NaN,NaN,TS,WN,B,B,190,1001,NaN,M,40,AAH,
2012030406,14s.2012,IRINA,TS,NN,-26.4,34.0,45,989,228,3,228,3,122,75,225,135,55,NaN,NaN,NaN,NaN,NaN,TS,WN,B,B,190,1001,NaN,M,40,NaN,
2012030412,14s.2012,IRINA,TS,NN,-27.3,34.1,45,989,185,6,185,6,90,60,125,105,70,NaN,NaN,NaN,NaN,NaN,TS,WN,B,B,187,1001,NaN,M,40,ADL,
2012030418,14s.2012,IRINA,TS,NN,-28.6,34.5,50,993,169,11,169,11,68,60,100,75,35,NaN,NaN,NaN,NaN,NaN,TS,WN,B,B,190,1003,NaN,M,40,NaN,
2012030500,14s.2012,IRINA,TS,NN,-29.6,34.6,55,982,169,12,169,12,55,40,80,60,40,NaN,NaN,NaN,NaN,NaN,TS,WN,B,B,200,1004,NaN,M,25,AAH,
2012030506,14s.2012,IRINA,TS,NN,-30.3,34.9,55,982,168,9,168,9,84,80,100,85,70,NaN,NaN,NaN,NaN,NaN,TS,WN,B,B,200,1004,NaN,M,25,NaN,
2012030512,14s.2012,IRINA,TS,NN,-30.6,35.6,55,982,139,7,139,7,84,80,100,85,70,NaN,NaN,NaN,NaN,NaN,TS,WN,B,B,200,1004,NaN,M,25,ADL,
2012030518,14s.2012,IRINA,TS,NN,-30.4,37.0,45,989,93,9,93,9,84,85,100,85,65,NaN,NaN,NaN,NaN,NaN,TS,WN,B,B,150,1007,NaN,M,30,NaN,
2012030600,14s.2012,IRINA,TS,NN,-30.5,37.9,45,989,87,10,87,10,76,85,75,70,75,NaN,NaN,NaN,NaN,NaN,TS,WN,B,B,150,1007,NaN,M,30,RCB,
2012030606,14s.2012,IRINA,TS,NN,-30.7,38.5,40,993,103,7,103,7,75,75,75,75,75,NaN,NaN,NaN,NaN,NaN,TS,WN,B,B,150,1007,NaN,M,30,NaN,
2012030612,14s.2012,IRINA,TS,NN,-30.4,39.4,35,996,86,6,86,6,75,75,75,75,75,NaN,NaN,NaN,NaN,NaN,TS,WN,B,B,150,1008,NaN,M,40,SJB,
2012030618,14s.2012,IRINA,TS,NN,-30.0,40.7,35,996,70,10,70,10,92,75,110,110,75,NaN,NaN,NaN,NaN,NaN,TS,WN,B,B,150,1008,NaN,M,40,NaN,
2012030700,14s.2012,IRINA,TS,NN,-29.7,41.0,35,996,63,8,63,8,92,75,110,110,75,NaN,NaN,NaN,NaN,NaN,TS,WN,B,B,145,1008,NaN,M,40,RCB,
2012030706,14s.2012,IRINA,TS,NN,-29.4,41.0,35,996,23,3,23,3,80,75,85,85,75,NaN,NaN,NaN,NaN,NaN,TS,WN,B,B,145,1008,NaN,M,40,NaN,
2012030712,14s.2012,IRINA,TS,NN,-29.4,40.8,35,996,330,2,330,2,80,75,85,85,75,NaN,NaN,NaN,NaN,NaN,TS,WN,B,B,145,1008,NaN,M,40,SJB,
2012030718,14s.2012,IRINA,TS,NN,-29.4,40.6,35,996,270,2,270,2,80,85,85,75,75,NaN,NaN,NaN,NaN,NaN,TS,WN,B,B,165,1008,NaN,M,40,NaN,
2012030800,14s.2012,IRINA,TS,NN,-29.4,40.5,40,993,270,1,270,1,76,75,85,75,70,NaN,NaN,NaN,NaN,NaN,TS,WN,B,B,185,1010,NaN,M,40,MEK,
2012030806,14s.2012,IRINA,TS,NN,-29.5,40.3,45,989,249,1,249,1,76,75,85,75,70,NaN,NaN,NaN,NaN,NaN,TS,WN,B,B,180,1009,NaN,M,35,NaN,
2012030812,14s.2012,IRINA,TS,NN,-29.7,40.1,45,989,229,2,229,2,76,75,85,75,70,NaN,NaN,NaN,NaN,NaN,TS,WN,B,B,180,1009,NaN,M,35,ADL,
2012030818,14s.2012,IRINA,TS,NN,-29.5,39.7,45,989,270,3,270,3,75,75,85,70,70,NaN,NaN,NaN,NaN,NaN,TS,WN,B,B,150,1009,NaN,M,35,NaN,
2012030900,14s.2012,IRINA,TS,NN,-29.4,39.4,40,993,296,3,296,3,72,65,80,80,65,NaN,NaN,NaN,NaN,NaN,TS,WN,B,B,160,1011,NaN,S,35,MEK,
2012030906,14s.2012,IRINA,TS,NN,-29.5,38.7,45,989,270,4,270,4,72,65,80,80,65,NaN,NaN,NaN,NaN,NaN,TS,WN,B,B,160,1011,NaN,S,35,NaN,
2012030912,14s.2012,IRINA,TS,NN,-29.5,37.8,35,996,266,7,266,7,72,65,80,80,65,NaN,NaN,NaN,NaN,NaN,TS,WN,B,B,160,1011,NaN,S,35,ADL,
2012030918,14s.2012,IRINA,TS,NN,-29.5,36.9,30,1000,270,8,270,8,NaN,NaN,NaN,NaN,NaN,NaN,NaN,NaN,NaN,NaN,TD,WN,B,B,140,1012,NaN,S,40,NaN,
2012031000,14s.2012,IRINA,TS,NN,-29.2,36.5,30,1000,285,6,285,6,NaN,NaN,NaN,NaN,NaN,NaN,NaN,NaN,NaN,NaN,TD,WN,B,B,NaN,NaN,NaN,NaN,NaN,NaN,
2012031006,14s.2012,IRINA,TS,NN,-29.0,36.0,25,1004,302,5,302,5,NaN,NaN,NaN,NaN,NaN,NaN,NaN,NaN,NaN,NaN,TD,NW,B,B,NaN,NaN,NaN,NaN,NaN,NaN,
2012031012,14s.2012,IRINA,TS,NN,-28.7,35.7,25,1004,306,4,306,4,NaN,NaN,NaN,NaN,NaN,NaN,NaN,NaN,NaN,NaN,TD,NW,B,B,NaN,NaN,NaN,NaN,NaN,NaN,
2012031018,14s.2012,IRINA,TS,NN,-28.6,36.4,30,NaN,32,4,41,3,NaN,NaN,NaN,NaN,NaN,NaN,NaN,NaN,NaN,NaN,TW,NW,c,c,NaN,NaN,NaN,NaN,NaN,NaN,
2012022418,z9s.2012,9X-Z9S,TS,NN,-12.5,70.5,15,NaN,256,8,251,8,NaN,NaN,NaN,NaN,NaN,NaN,NaN,NaN,NaN,NaN,NT,NW,c,c,NaN,NaN,NaN,NaN,NaN,NaN,
2012022500,z9s.2012,9X-Z9S,TS,NN,-12.8,69.8,15,NaN,248,8,251,8,NaN,NaN,NaN,NaN,NaN,NaN,NaN,NaN,NaN,NaN,NT,NW,c,c,NaN,NaN,NaN,NaN,NaN,NaN,
2012022506,z9s.2012,9X-Z9S,TS,NN,-13.0,69.0,15,NaN,251,8,251,8,NaN,NaN,NaN,NaN,NaN,NaN,NaN,NaN,NaN,NaN,NT,NW,c,c,NaN,NaN,NaN,NaN,NaN,NaN,
2012022512,z9s.2012,9X-Z9S,TS,NN,-12.0,71.8,15,NaN,248,9,68,11,NaN,NaN,NaN,NaN,NaN,NaN,NaN,NaN,NaN,NaN,NT,NW,c,c,NaN,NaN,NaN,NaN,NaN,NaN,
2012022518,z9s.2012,9X-Z9S,TS,NN,-12.1,71.2,15,NaN,255,8,67,12,NaN,NaN,NaN,NaN,NaN,NaN,NaN,NaN,NaN,NaN,NT,NW,c,c,NaN,NaN,NaN,NaN,NaN,NaN,
2012022600,z9s.2012,9X-Z9S,TS,NN,-12.4,70.5,15,NaN,253,7,253,7,NaN,NaN,NaN,NaN,NaN,NaN,NaN,NaN,NaN,NaN,NT,NW,c,c,NaN,NaN,NaN,NaN,NaN,NaN,
2012022606,z9s.2012,9X-Z9S,TS,NN,-12.5,69.6,15,NaN,256,9,256,8,NaN,NaN,NaN,NaN,NaN,NaN,NaN,NaN,NaN,NaN,NT,NW,c,c,NaN,NaN,NaN,NaN,NaN,NaN,
2012022612,z9s.2012,9X-Z9S,TS,NN,-12.1,67.6,15,NaN,260,9,276,14,NaN,NaN,NaN,NaN,NaN,NaN,NaN,NaN,NaN,NaN,NT,NW,c,c,NaN,NaN,NaN,NaN,NaN,NaN,
2012022618,z9s.2012,9X-Z9S,TS,NN,-12.3,66.6,15,NaN,261,9,274,15,NaN,NaN,NaN,NaN,NaN,NaN,NaN,NaN,NaN,NaN,NT,NW,c,c,NaN,NaN,NaN,NaN,NaN,NaN,
2012022700,z9s.2012,9X-Z9S,TS,NN,-11.7,67.7,15,NaN,261,9,160,10,NaN,NaN,NaN,NaN,NaN,NaN,NaN,NaN,NaN,NaN,NT,NW,c,c,NaN,NaN,NaN,NaN,NaN,NaN,
2012022706,z9s.2012,9X-Z9S,TS,NN,-11.0,68.8,15,NaN,259,8,47,5,NaN,NaN,NaN,NaN,NaN,NaN,NaN,NaN,NaN,NaN,NT,NW,c,c,NaN,NaN,NaN,NaN,NaN,NaN,
2012022712,z9s.2012,9X-Z9S,TS,NN,-11.5,69.9,15,NaN,258,8,76,11,NaN,NaN,NaN,NaN,NaN,NaN,NaN,NaN,NaN,NaN,NT,NW,c,c,NaN,NaN,NaN,NaN,NaN,NaN,
2012022718,z9s.2012,9X-Z9S,TS,NN,-11.8,68.8,15,NaN,256,6,180,4,NaN,NaN,NaN,NaN,NaN,NaN,NaN,NaN,NaN,NaN,NT,NW,c,c,NaN,NaN,NaN,NaN,NaN,NaN,
2012022800,z9s.2012,9X-Z9S,TS,NN,-11.9,68.5,15,NaN,251,5,254,7,NaN,NaN,NaN,NaN,NaN,NaN,NaN,NaN,NaN,NaN,NT,NW,c,c,NaN,NaN,NaN,NaN,NaN,NaN,
2012022806,z9s.2012,9X-Z9S,TS,NN,-11.5,68.7,15,NaN,254,4,342,2,NaN,NaN,NaN,NaN,NaN,NaN,NaN,NaN,NaN,NaN,NT,NW,c,c,NaN,NaN,NaN,NaN,NaN,NaN,
2012022812,z9s.2012,9X-Z9S,TS,NN,-11.7,69.4,25,1004,194,4,77,5,NaN,NaN,NaN,NaN,NaN,NaN,NaN,NaN,NaN,NaN,TD,NW,B,B,NaN,NaN,NaN,NaN,NaN,NaN,
2012022818,z9s.2012,9X-Z9S,TS,NN,-12.2,69.6,25,1004,194,4,128,6,NaN,NaN,NaN,NaN,NaN,NaN,NaN,NaN,NaN,NaN,TD,NW,B,B,NaN,NaN,NaN,NaN,NaN,NaN,
2012022900,z9s.2012,9X-Z9S,TS,NN,-12.5,69.2,25,1004,194,4,194,4,NaN,NaN,NaN,NaN,NaN,NaN,NaN,NaN,NaN,NaN,TD,NW,B,B,NaN,NaN,NaN,NaN,NaN,NaN,
2012022906,z9s.2012,9X-Z9S,TS,NN,-12.9,68.4,30,1000,239,7,239,7,NaN,NaN,NaN,NaN,NaN,NaN,NaN,NaN,NaN,NaN,TD,NW,B,B,200,1005,NaN,M,40,NaN,
2012022912,z9s.2012,9X-Z9S,TS,NN,-13.5,67.7,30,1000,236,9,236,9,NaN,NaN,NaN,NaN,NaN,NaN,NaN,NaN,NaN,NaN,TD,NW,B,B,200,1005,NaN,M,40,NaN,
2012022918,15s.2012,FIFTEEN,TS,NN,-13.9,66.9,35,996,236,9,236,9,NaN,NaN,NaN,NaN,NaN,NaN,NaN,NaN,NaN,NaN,TS,WN,B,B,185,1003,NaN,M,35,NaN,
2012030100,15s.2012,FIFTEEN,TS,NN,-14.4,65.8,35,996,244,10,244,10,NaN,NaN,NaN,NaN,NaN,NaN,NaN,NaN,NaN,NaN,TS,WN,B,B,185,1003,NaN,M,35,NaN,
2012030106,15s.2012,FIFTEEN,TS,NN,-14.5,64.8,35,996,254,11,254,11,NaN,NaN,NaN,NaN,NaN,NaN,NaN,NaN,NaN,NaN,TS,WN,B,B,185,1003,NaN,M,35,RCB,
2012030112,15s.2012,FIFTEEN,TS,NN,-14.8,64.2,35,996,256,8,256,8,NaN,NaN,NaN,NaN,NaN,NaN,NaN,NaN,NaN,NaN,TS,WN,B,B,185,1003,NaN,M,35,NaN,
2012030118,15s.2012,FIFTEEN,TS,NN,-15.2,63.7,30,1000,237,6,237,6,NaN,NaN,NaN,NaN,NaN,NaN,NaN,NaN,NaN,NaN,TD,WN,B,B,185,1003,NaN,S,45,SJB,
2012030200,15s.2012,FIFTEEN,TS,NN,-15.7,63.7,30,1000,208,5,208,5,NaN,NaN,NaN,NaN,NaN,NaN,NaN,NaN,NaN,NaN,TD,NW,B,B,185,1003,NaN,S,45,NaN,
2012030206,15s.2012,FIFTEEN,TS,NN,-16.4,63.6,20,1007,185,6,185,6,NaN,NaN,NaN,NaN,NaN,NaN,NaN,NaN,NaN,NaN,DB,NW,B,B,185,1003,NaN,S,45,NaN,
2012030212,15s.2012,FIFTEEN,TS,NN,-16.5,64.0,20,1007,160,4,160,4,NaN,NaN,NaN,NaN,NaN,NaN,NaN,NaN,NaN,NaN,DB,NW,B,B,NaN,NaN,NaN,NaN,NaN,NaN,
2012030412,b3s.2012,9X-B3S,TY,NN,-12.2,106.2,15,1010,256,6,256,6,NaN,NaN,NaN,NaN,NaN,NaN,NaN,NaN,NaN,NaN,DB,NW,b,b,NaN,NaN,NaN,NaN,NaN,NaN,
2012030418,b3s.2012,9X-B3S,TY,NN,-12.3,106.8,15,1010,256,6,256,6,NaN,NaN,NaN,NaN,NaN,NaN,NaN,NaN,NaN,NaN,DB,NW,b,b,NaN,NaN,NaN,NaN,NaN,NaN,
2012030500,b3s.2012,9X-B3S,TY,NN,-12.5,105.0,15,NaN,256,6,256,6,NaN,NaN,NaN,NaN,NaN,NaN,NaN,NaN,NaN,NaN,NT,NW,c,c,NaN,NaN,NaN,NaN,NaN,NaN,
2012030506,b3s.2012,9X-B3S,TY,NN,-11.2,104.3,15,1010,294,13,294,13,NaN,NaN,NaN,NaN,NaN,NaN,NaN,NaN,NaN,NaN,DB,NW,b,b,NaN,NaN,NaN,NaN,NaN,NaN,
2012030512,b3s.2012,9X-B3S,TY,NN,-13.4,104.7,15,NaN,240,8,198,5,NaN,NaN,NaN,NaN,NaN,NaN,NaN,NaN,NaN,NaN,NT,NW,c,c,NaN,NaN,NaN,NaN,NaN,NaN,
2012030518,b3s.2012,9X-B3S,TY,NN,-13.7,102.4,15,NaN,255,13,217,16,NaN,NaN,NaN,NaN,NaN,NaN,NaN,NaN,NaN,NaN,NT,NW,c,c,NaN,NaN,NaN,NaN,NaN,NaN,
2012030600,b3s.2012,9X-B3S,TY,NN,-13.0,100.2,15,NaN,248,14,275,22,NaN,NaN,NaN,NaN,NaN,NaN,NaN,NaN,NaN,NaN,NT,NW,c,c,NaN,NaN,NaN,NaN,NaN,NaN,
2012030606,b3s.2012,9X-B3S,TY,NN,-12.1,100.0,20,1007,236,12,304,14,NaN,NaN,NaN,NaN,NaN,NaN,NaN,NaN,NaN,NaN,DB,NW,B,B,NaN,NaN,NaN,NaN,NaN,NaN,
2012030612,b3s.2012,9X-B3S,TY,NN,-12.3,98.7,25,1004,236,12,296,8,NaN,NaN,NaN,NaN,NaN,NaN,NaN,NaN,NaN,NaN,TD,NW,B,B,NaN,NaN,NaN,NaN,NaN,NaN,
2012030618,b3s.2012,9X-B3S,TY,NN,-13.4,98.0,25,1004,236,12,236,12,NaN,NaN,NaN,NaN,NaN,NaN,NaN,NaN,NaN,NaN,TD,NW,B,B,150,1005,NaN,S,45,NaN,
2012030700,b3s.2012,9X-B3S,TY,NN,-14.5,97.3,30,1000,212,13,212,13,NaN,NaN,NaN,NaN,NaN,NaN,NaN,NaN,NaN,NaN,TD,NW,B,B,150,1005,NaN,S,45,NaN,
2012030706,16s.2012,KOJI,TY,NN,-14.9,95.8,35,996,235,13,235,13,NaN,NaN,NaN,NaN,NaN,NaN,NaN,NaN,NaN,NaN,TS,WN,B,B,150,1005,NaN,S,45,SJB,
2012030712,16s.2012,KOJI,TY,NN,-14.9,94.3,35,996,262,15,262,15,50,40,60,60,40,NaN,NaN,NaN,NaN,NaN,TS,WN,B,B,150,1005,NaN,S,45,NaN,
2012030718,16s.2012,KOJI,TY,NN,-15.3,92.9,35,996,262,14,262,14,52,40,65,65,40,NaN,NaN,NaN,NaN,NaN,TS,WN,B,B,150,1001,NaN,M,40,BRS,
2012030800,16s.2012,KOJI,TY,NN,-15.6,91.5,40,993,255,14,255,14,52,40,65,65,40,NaN,NaN,NaN,NaN,NaN,TS,WN,B,B,180,1002,NaN,M,35,NaN,
2012030806,16s.2012,KOJI,TY,NN,-16.0,90.4,45,989,254,13,254,13,60,50,70,70,50,NaN,NaN,NaN,NaN,NaN,TS,WN,B,B,170,1002,NaN,M,35,NAL,
2012030812,16s.2012,KOJI,TY,NN,-16.3,89.3,50,985,252,11,252,11,60,50,70,70,50,NaN,NaN,NaN,NaN,NaN,TS,WN,B,B,170,1002,NaN,M,35,NaN,
2012030818,16s.2012,KOJI,TY,NN,-16.7,88.1,55,982,252,12,252,12,85,80,90,90,80,NaN,NaN,NaN,NaN,NaN,TS,WN,B,B,165,1001,NaN,M,35,NaN,
2012030900,16s.2012,KOJI,TY,NN,-17.0,87.0,60,978,252,12,252,12,92,80,100,105,85,42,40,45,105,40,TS,WN,B,B,200,1002,NaN,M,30,NaN,
2012030906,16s.2012,KOJI,TY,NN,-17.2,85.9,60,978,257,11,257,11,92,80,100,105,85,42,40,45,105,40,TS,WN,B,B,200,1002,NaN,M,30,ADL,
2012030912,16s.2012,KOJI,TY,NN,-17.5,84.8,65,974,257,11,257,11,102,90,110,115,95,48,45,50,115,45,TY,WN,B,B,200,1001,NaN,D,30,NaN,
2012030918,16s.2012,KOJI,TY,NN,-18.4,83.5,65,974,242,13,242,13,110,95,125,125,95,45,40,50,125,40,TY,WN,B,B,200,1001,NaN,D,30,BRS,
2012031000,16s.2012,KOJI,TY,NN,-19.0,82.2,75,967,239,14,239,14,116,100,130,135,100,50,45,55,135,45,TY,WN,B,B,200,1001,NaN,D,25,NaN,
2012031006,16s.2012,KOJI,TY,NN,-19.7,81.1,75,967,240,13,240,13,115,100,130,130,100,60,55,65,130,55,TY,WN,B,B,220,1000,NaN,D,25,SJB,
2012031012,16s.2012,KOJI,TY,NN,-20.4,80.1,70,970,235,12,235,12,115,100,130,130,100,60,55,65,130,55,TY,WN,B,B,220,1000,NaN,D,25,NaN,
2012031018,16s.2012,KOJI,TY,NN,-21.0,79.5,70,970,229,10,229,10,116,100,135,130,100,60,55,65,130,55,TY,WN,B,B,220,1000,NaN,D,25,RCB,
2012031100,16s.2012,KOJI,TY,NN,-21.9,79.3,60,978,206,8,206,8,106,90,125,120,90,49,45,55,120,45,TS,WN,B,B,200,1000,NaN,D,25,NaN,
2012031106,16s.2012,KOJI,TY,NN,-22.9,79.3,55,982,186,10,186,10,98,90,105,105,90,48,45,50,105,45,TS,WN,B,B,200,1000,NaN,D,25,SJB,
2012031112,16s.2012,KOJI,TY,NN,-23.8,79.9,50,985,164,10,164,10,98,90,105,105,90,NaN,NaN,NaN,NaN,NaN,TS,WN,B,B,200,1000,NaN,NaN,35,NaN,
2012031118,16s.2012,KOJI,TY,NN,-25.3,80.5,45,989,155,13,155,13,84,75,95,90,75,NaN,NaN,NaN,NaN,NaN,TS,WN,B,B,185,1000,NaN,M,25,RCB,
2012031200,16s.2012,KOJI,TY,NN,-26.6,80.5,35,996,169,14,169,14,84,75,95,90,75,NaN,NaN,NaN,NaN,NaN,TS,WN,B,B,160,1000,NaN,M,25,NaN,
2012031206,16s.2012,KOJI,TY,NN,-27.6,81.7,30,1000,155,13,155,13,NaN,NaN,NaN,NaN,NaN,NaN,NaN,NaN,NaN,NaN,TD,WN,B,B,160,1000,NaN,S,40,SJB,
2012031212,16s.2012,KOJI,TY,NN,-29.1,82.6,35,996,143,16,143,16,84,75,95,90,75,NaN,NaN,NaN,NaN,NaN,EX,NW,B,B,160,1000,NaN,NaN,40,NaN,
2012030800,b5s.2012,9X-B5S,TY,NN,-12.2,113.2,15,1010,270,1,270,1,NaN,NaN,NaN,NaN,NaN,NaN,NaN,NaN,NaN,NaN,DB,NW,b,b,NaN,NaN,NaN,NaN,NaN,NaN,
2012030806,b5s.2012,9X-B5S,TY,NN,-12.2,113.1,15,1010,270,1,270,1,NaN,NaN,NaN,NaN,NaN,NaN,NaN,NaN,NaN,NaN,DB,NW,b,b,NaN,NaN,NaN,NaN,NaN,NaN,
2012030812,b5s.2012,9X-B5S,TY,NN,-12.2,113.0,15,1010,270,1,270,1,NaN,NaN,NaN,NaN,NaN,NaN,NaN,NaN,NaN,NaN,DB,NW,b,b,NaN,NaN,NaN,NaN,NaN,NaN,
2012030818,b5s.2012,9X-B5S,TY,NN,-12.2,112.9,15,NaN,270,1,270,1,NaN,NaN,NaN,NaN,NaN,NaN,NaN,NaN,NaN,NaN,NT,NW,c,c,NaN,NaN,NaN,NaN,NaN,NaN,
2012030900,b5s.2012,9X-B5S,TY,NN,-13.0,113.0,15,NaN,270,1,180,4,NaN,NaN,NaN,NaN,NaN,NaN,NaN,NaN,NaN,NaN,NT,NW,c,c,NaN,NaN,NaN,NaN,NaN,NaN,
2012030906,b5s.2012,9X-B5S,TY,NN,-13.0,112.9,15,NaN,270,1,180,4,NaN,NaN,NaN,NaN,NaN,NaN,NaN,NaN,NaN,NaN,NT,NW,c,c,NaN,NaN,NaN,NaN,NaN,NaN,
2012030912,b5s.2012,9X-B5S,TY,NN,-13.0,112.7,15,NaN,270,1,270,1,NaN,NaN,NaN,NaN,NaN,NaN,NaN,NaN,NaN,NaN,NT,NW,c,c,NaN,NaN,NaN,NaN,NaN,NaN,
2012030918,b5s.2012,9X-B5S,TY,NN,-14.3,113.4,15,NaN,270,1,160,7,NaN,NaN,NaN,NaN,NaN,NaN,NaN,NaN,NaN,NaN,NT,NW,c,c,NaN,NaN,NaN,NaN,NaN,NaN,
2012031000,b5s.2012,9X-B5S,TY,NN,-15.8,114.5,15,NaN,147,2,148,16,NaN,NaN,NaN,NaN,NaN,NaN,NaN,NaN,NaN,NaN,NT,NW,c,c,NaN,NaN,NaN,NaN,NaN,NaN,
2012031006,b5s.2012,9X-B5S,TY,NN,-16.6,114.8,15,NaN,154,4,150,13,NaN,NaN,NaN,NaN,NaN,NaN,NaN,NaN,NaN,NaN,NT,NW,c,c,NaN,NaN,NaN,NaN,NaN,NaN,
2012031012,b5s.2012,9X-B5S,TY,NN,-17.1,114.9,15,NaN,162,5,164,7,NaN,NaN,NaN,NaN,NaN,NaN,NaN,NaN,NaN,NaN,NT,NW,c,c,NaN,NaN,NaN,NaN,NaN,NaN,
2012031018,b5s.2012,9X-B5S,TY,NN,-18.3,113.6,15,NaN,168,5,214,10,NaN,NaN,NaN,NaN,NaN,NaN,NaN,NaN,NaN,NaN,NT,NW,c,c,NaN,NaN,NaN,NaN,NaN,NaN,
2012031100,b5s.2012,9X-B5S,TY,NN,-18.1,114.9,15,NaN,167,4,180,5,NaN,NaN,NaN,NaN,NaN,NaN,NaN,NaN,NaN,NaN,NT,NW,c,c,NaN,NaN,NaN,NaN,NaN,NaN,
2012031106,b5s.2012,9X-B5S,TY,NN,-19.0,113.4,20,1007,81,6,195,4,NaN,NaN,NaN,NaN,NaN,NaN,NaN,NaN,NaN,NaN,DB,NW,B,B,NaN,NaN,NaN,NaN,NaN,NaN,
2012031112,b5s.2012,9X-B5S,TY,NN,-18.9,114.1,20,1007,81,6,223,6,NaN,NaN,NaN,NaN,NaN,NaN,NaN,NaN,NaN,NaN,DB,NW,B,B,NaN,NaN,NaN,NaN,NaN,NaN,
2012031118,b5s.2012,9X-B5S,TY,NN,-18.8,114.7,25,1004,81,6,81,6,NaN,NaN,NaN,NaN,NaN,NaN,NaN,NaN,NaN,NaN,TD,NW,B,B,NaN,NaN,NaN,NaN,NaN,NaN,
2012031200,b5s.2012,9X-B5S,TY,NN,-18.4,115.0,25,1004,60,5,60,5,NaN,NaN,NaN,NaN,NaN,NaN,NaN,NaN,NaN,NaN,TD,NW,B,B,NaN,NaN,NaN,NaN,NaN,NaN,
2012031206,b5s.2012,9X-B5S,TY,NN,-18.4,115.2,25,1004,50,3,50,3,NaN,NaN,NaN,NaN,NaN,NaN,NaN,NaN,NaN,NaN,TD,NW,B,B,NaN,NaN,NaN,NaN,NaN,NaN,
2012031212,b5s.2012,9X-B5S,TY,NN,-18.6,115.2,30,1000,137,1,137,1,NaN,NaN,NaN,NaN,NaN,NaN,NaN,NaN,NaN,NaN,TD,NW,B,B,NaN,NaN,NaN,NaN,NaN,NaN,
2012031218,b5s.2012,9X-B5S,TY,NN,-18.6,115.1,30,1000,205,1,205,1,NaN,NaN,NaN,NaN,NaN,NaN,NaN,NaN,NaN,NaN,TD,NW,B,B,NaN,NaN,NaN,NaN,NaN,NaN,
2012031300,b5s.2012,9X-B5S,TY,NN,-18.6,115.0,30,1000,270,1,270,1,NaN,NaN,NaN,NaN,NaN,NaN,NaN,NaN,NaN,NaN,TD,NW,B,B,240,1003,NaN,S,40,NaN,
2012031306,17s.2012,LUA,TY,NN,-18.6,114.6,35,1000,270,2,270,2,NaN,NaN,NaN,NaN,NaN,NaN,NaN,NaN,NaN,NaN,TS,WN,B,B,180,1002,NaN,M,40,AAH,
2012031312,17s.2012,LUA,TY,NN,-18.2,113.9,35,996,291,6,291,6,NaN,NaN,NaN,NaN,NaN,NaN,NaN,NaN,NaN,NaN,TS,WN,B,B,240,1002,NaN,M,40,NaN,
2012031318,17s.2012,LUA,TY,NN,-17.4,113.3,35,996,314,9,314,9,NaN,NaN,NaN,NaN,NaN,NaN,NaN,NaN,NaN,NaN,TS,WN,B,B,240,1001,NaN,M,40,BRS,
2012031400,17s.2012,LUA,TY,NN,-16.8,112.7,45,989,321,9,321,9,NaN,NaN,NaN,NaN,NaN,NaN,NaN,NaN,NaN,NaN,TS,WN,B,B,240,1001,NaN,M,40,ADL,
2012031406,17s.2012,LUA,TY,NN,-16.1,112.6,45,989,333,7,333,7,60,70,50,50,70,NaN,NaN,NaN,NaN,NaN,TS,WN,B,B,200,1000,NaN,M,30,AAH,
2012031412,17s.2012,LUA,TY,NN,-15.7,112.8,55,982,5,6,5,6,60,70,50,50,70,30,30,30,50,30,TS,WN,B,B,210,1002,NaN,M,25,AAH,
2012031418,17s.2012,LUA,TY,NN,-15.5,112.9,60,978,26,3,26,3,60,70,50,50,70,35,35,35,50,35,TS,WN,B,B,180,1000,NaN,M,30,BRS,
2012031500,17s.2012,LUA,TY,NN,-15.5,113.1,60,978,55,2,55,2,78,70,70,80,90,35,35,35,80,35,TS,WN,B,B,190,1000,NaN,M,30,NaN,
2012031506,17s.2012,LUA,TY,NN,-15.5,113.0,65,974,90,0,90,0,90,100,80,80,100,40,40,40,80,40,TY,WN,B,B,190,997,NaN,D,30,SJB,
2012031512,17s.2012,LUA,TY,NN,-15.3,113.6,65,974,67,3,67,3,90,100,80,80,100,40,40,40,80,40,TY,WN,B,B,190,997,NaN,D,20,NaN,
2012031518,17s.2012,LUA,TY,NN,-15.6,114.6,70,970,94,8,94,8,141,145,120,140,160,60,60,50,140,70,TY,WN,B,B,190,998,NaN,D,20,NAL,
2012031600,17s.2012,LUA,TY,NN,-16.1,115.9,75,967,110,12,110,12,141,145,120,140,160,60,60,50,140,70,TY,WN,B,B,200,998,NaN,D,20,NaN,
2012031606,17s.2012,LUA,TY,NN,-16.4,116.7,75,967,112,11,112,11,141,145,120,140,160,60,60,50,140,70,TY,WN,B,B,200,998,NaN,D,20,SJB,
2012031612,17s.2012,LUA,TY,NN,-16.8,117.8,90,956,111,10,111,10,141,145,120,140,160,60,60,50,140,70,TY,WN,B,B,200,998,NaN,D,20,NaN,
2012031618,17s.2012,LUA,TY,NN,-17.7,118.9,90,956,122,12,122,12,162,150,140,180,180,65,60,60,180,70,TY,WN,B,B,220,997,NaN,D,15,BRS,
2012031700,17s.2012,LUA,TY,NN,-18.6,119.7,95,952,135,13,135,13,145,160,110,130,180,75,90,60,130,90,TY,WN,B,B,210,996,NaN,D,15,NaN,
2012031706,17s.2012,LUA,TY,NN,-19.8,120.0,95,952,154,12,154,12,115,170,60,60,170,55,70,40,60,70,TY,WN,B,B,210,996,0.55,D,20,AAH,
2012031712,17s.2012,LUA,TY,NN,-21.5,120.4,60,978,167,15,167,15,115,170,60,60,170,55,70,40,60,70,TS,WN,B,B,200,997,1.00,D,20,AAH,
2012031718,17s.2012,LUA,TY,NN,-23.4,121.0,35,996,166,19,166,19,115,170,60,60,170,NaN,NaN,NaN,NaN,NaN,TS,NW,B,B,NaN,NaN,1.00,NaN,NaN,NaN,
2012032812,d5p.2012,9X-D5P,TS,NN,-13.0,163.5,15,NaN,270,2,6,6,NaN,NaN,NaN,NaN,NaN,NaN,NaN,NaN,NaN,NaN,NT,NW,c,c,NaN,NaN,NaN,NaN,NaN,NaN,
2012032818,d5p.2012,9X-D5P,TS,NN,-11.7,163.4,15,NaN,270,2,6,6,NaN,NaN,NaN,NaN,NaN,NaN,NaN,NaN,NaN,NaN,NT,NW,c,c,NaN,NaN,NaN,NaN,NaN,NaN,
2012032900,d5p.2012,9X-D5P,TS,NN,-10.3,163.4,15,NaN,270,2,6,6,NaN,NaN,NaN,NaN,NaN,NaN,NaN,NaN,NaN,NaN,NT,NW,c,c,NaN,NaN,NaN,NaN,NaN,NaN,
2012032906,d5p.2012,9X-D5P,TS,NN,-11.1,163.7,15,NaN,191,3,6,6,NaN,NaN,NaN,NaN,NaN,NaN,NaN,NaN,NaN,NaN,NT,NW,c,c,NaN,NaN,NaN,NaN,NaN,NaN,
2012032912,d5p.2012,9X-D5P,TS,NN,-11.6,161.5,15,NaN,191,3,126,10,NaN,NaN,NaN,NaN,NaN,NaN,NaN,NaN,NaN,NaN,NT,NW,c,c,NaN,NaN,NaN,NaN,NaN,NaN,
2012032918,d5p.2012,9X-D5P,TS,NN,-12.0,159.3,15,NaN,238,3,247,15,NaN,NaN,NaN,NaN,NaN,NaN,NaN,NaN,NaN,NaN,NT,NW,c,c,NaN,NaN,NaN,NaN,NaN,NaN,
2012033000,d5p.2012,9X-D5P,TS,NN,-11.0,157.3,15,NaN,260,3,271,21,NaN,NaN,NaN,NaN,NaN,NaN,NaN,NaN,NaN,NaN,NT,NW,c,c,NaN,NaN,NaN,NaN,NaN,NaN,
2012033006,d5p.2012,9X-D5P,TS,NN,-12.7,157.8,15,NaN,146,8,244,8,NaN,NaN,NaN,NaN,NaN,NaN,NaN,NaN,NaN,NaN,NT,NW,c,c,NaN,NaN,NaN,NaN,NaN,NaN,
2012033012,d5p.2012,9X-D5P,TS,NN,-13.5,158.1,15,NaN,159,8,163,13,NaN,NaN,NaN,NaN,NaN,NaN,NaN,NaN,NaN,NaN,NT,NW,c,c,NaN,NaN,NaN,NaN,NaN,NaN,
2012033018,d5p.2012,9X-D5P,TS,NN,-13.7,159.3,15,NaN,159,8,145,12,NaN,NaN,NaN,NaN,NaN,NaN,NaN,NaN,NaN,NaN,NT,NW,c,c,NaN,NaN,NaN,NaN,NaN,NaN,
2012033100,d5p.2012,9X-D5P,TS,NN,-13.8,160.5,15,NaN,159,8,127,11,NaN,NaN,NaN,NaN,NaN,NaN,NaN,NaN,NaN,NaN,NT,NW,c,c,NaN,NaN,NaN,NaN,NaN,NaN,
2012033106,d5p.2012,9X-D5P,TS,NN,-14.0,161.7,15,NaN,90,3,109,10,NaN,NaN,NaN,NaN,NaN,NaN,NaN,NaN,NaN,NaN,NT,NW,c,c,NaN,NaN,NaN,NaN,NaN,NaN,
2012033112,d5p.2012,9X-D5P,TS,NN,-14.2,162.4,15,NaN,106,4,100,11,NaN,NaN,NaN,NaN,NaN,NaN,NaN,NaN,NaN,NaN,NT,NW,c,c,NaN,NaN,NaN,NaN,NaN,NaN,
2012033118,d5p.2012,9X-D5P,TS,NN,-15.0,165.7,15,1010,104,20,104,20,NaN,NaN,NaN,NaN,NaN,NaN,NaN,NaN,NaN,NaN,DB,NW,b,b,NaN,NaN,NaN,NaN,NaN,NaN,
2012040100,d5p.2012,9X-D5P,TS,NN,-15.5,166.1,20,1007,96,10,110,19,NaN,NaN,NaN,NaN,NaN,NaN,NaN,NaN,NaN,NaN,DB,NW,B,B,NaN,NaN,NaN,NaN,NaN,NaN,
2012040106,d5p.2012,9X-D5P,TS,NN,-15.7,166.9,25,1004,96,10,121,7,NaN,NaN,NaN,NaN,NaN,NaN,NaN,NaN,NaN,NaN,TD,NW,B,B,NaN,NaN,0.32,NaN,NaN,NaN,
2012040112,d5p.2012,9X-D5P,TS,NN,-15.7,168.1,30,1000,96,10,96,10,NaN,NaN,NaN,NaN,NaN,NaN,NaN,NaN,NaN,NaN,TD,NW,B,B,NaN,NaN,0.09,NaN,NaN,NaN,
2012040118,d5p.2012,9X-D5P,TS,NN,-17.2,169.9,35,996,118,16,118,16,NaN,NaN,NaN,NaN,NaN,NaN,NaN,NaN,NaN,NaN,TS,NW,B,B,NaN,NaN,NaN,NaN,NaN,NaN,
2012040200,18p.2012,DAPHNE,TS,NN,-18.8,172.0,40,993,130,24,130,24,162,200,180,120,150,NaN,NaN,NaN,NaN,NaN,TS,WN,B,B,NaN,NaN,NaN,NaN,NaN,NaN,
2012040206,18p.2012,DAPHNE,TS,NN,-21.0,174.1,45,989,134,27,134,27,195,240,240,60,240,NaN,NaN,NaN,NaN,NaN,TS,WN,B,B,NaN,NaN,NaN,NaN,NaN,NaN,
2012040212,18p.2012,DAPHNE,TS,NN,-23.2,176.4,45,989,137,30,137,30,195,240,240,60,240,NaN,NaN,NaN,NaN,NaN,TS,WN,B,B,NaN,NaN,NaN,NaN,NaN,NaN,
2012040218,18p.2012,DAPHNE,TS,NN,-25.6,179.2,55,982,134,33,134,33,218,300,240,90,240,NaN,NaN,NaN,NaN,NaN,TS,WN,B,B,NaN,NaN,NaN,NaN,NaN,NaN,
2012040300,18p.2012,DAPHNE,TS,NN,-28.2,181.8,55,982,136,35,136,35,240,300,240,120,300,NaN,NaN,NaN,NaN,NaN,TS,WN,B,B,NaN,NaN,NaN,NaN,NaN,NaN,
2012040306,18p.2012,DAPHNE,TS,NN,-30.6,184.3,50,985,138,34,138,34,188,240,180,90,240,NaN,NaN,NaN,NaN,NaN,TS,WN,B,B,NaN,NaN,NaN,NaN,NaN,NaN,
2012040312,18p.2012,DAPHNE,TS,NN,-32.5,186.6,45,989,136,30,136,30,210,240,180,180,240,NaN,NaN,NaN,NaN,NaN,EX,WN,B,B,NaN,NaN,NaN,NaN,NaN,NaN,
2012040318,18p.2012,DAPHNE,TS,NN,-33.1,189.1,40,993,122,24,122,24,210,240,180,180,240,NaN,NaN,NaN,NaN,NaN,EX,NW,B,B,NaN,NaN,NaN,NaN,NaN,NaN,
2012050400,c4s.2012,9X-C4S,TD,NN,-5.4,127.6,15,1010,301,3,301,3,NaN,NaN,NaN,NaN,NaN,NaN,NaN,NaN,NaN,NaN,DB,NW,b,b,NaN,NaN,NaN,NaN,NaN,NaN,
2012050406,c4s.2012,9X-C4S,TD,NN,-5.2,127.4,15,1010,301,3,301,3,NaN,NaN,NaN,NaN,NaN,NaN,NaN,NaN,NaN,NaN,DB,NW,b,b,NaN,NaN,NaN,NaN,NaN,NaN,
2012050412,c4s.2012,9X-C4S,TD,NN,-5.1,127.1,15,1010,301,3,301,3,NaN,NaN,NaN,NaN,NaN,NaN,NaN,NaN,NaN,NaN,DB,NW,b,b,NaN,NaN,NaN,NaN,NaN,NaN,
2012050418,c4s.2012,9X-C4S,TD,NN,-4.5,127.7,15,1010,23,4,23,4,NaN,NaN,NaN,NaN,NaN,NaN,NaN,NaN,NaN,NaN,DB,NW,b,b,NaN,NaN,NaN,NaN,NaN,NaN,
2012050500,c4s.2012,9X-C4S,TD,NN,-5.1,126.6,15,NaN,270,2,270,2,NaN,NaN,NaN,NaN,NaN,NaN,NaN,NaN,NaN,NaN,NT,NW,c,c,NaN,NaN,NaN,NaN,NaN,NaN,
2012050506,c4s.2012,9X-C4S,TD,NN,-5.0,126.8,15,NaN,264,5,241,5,NaN,NaN,NaN,NaN,NaN,NaN,NaN,NaN,NaN,NaN,NT,NW,c,c,NaN,NaN,NaN,NaN,NaN,NaN,
2012050512,c4s.2012,9X-C4S,TD,NN,-5.1,127.3,20,1008,90,3,90,3,NaN,NaN,NaN,NaN,NaN,NaN,NaN,NaN,NaN,NaN,DB,NW,b,b,NaN,NaN,NaN,NaN,NaN,NaN,
2012050518,c4s.2012,9X-C4S,TD,NN,-4.7,125.6,25,1006,265,5,284,6,NaN,NaN,NaN,NaN,NaN,NaN,NaN,NaN,NaN,NaN,DB,NW,C,C,225,1008,NaN,S,40,NaN,
2012050600,c4s.2012,9X-C4S,TD,NN,-5.0,126.8,25,1004,166,4,281,3,NaN,NaN,NaN,NaN,NaN,NaN,NaN,NaN,NaN,NaN,TD,NW,B,B,NaN,NaN,NaN,NaN,NaN,NaN,
2012050606,c4s.2012,9X-C4S,TD,NN,-5.3,126.4,25,1004,166,4,127,5,NaN,NaN,NaN,NaN,NaN,NaN,NaN,NaN,NaN,NaN,TD,NW,B,B,200,1008,NaN,S,35,NaN,
2012050612,c4s.2012,9X-C4S,TD,NN,-5.8,127.0,30,1000,166,4,166,4,NaN,NaN,NaN,NaN,NaN,NaN,NaN,NaN,NaN,NaN,TD,NW,B,B,190,1008,NaN,S,35,NaN,
2012050618,c4s.2012,9X-C4S,TD,NN,-6.2,127.7,30,1000,125,8,125,8,NaN,NaN,NaN,NaN,NaN,NaN,NaN,NaN,NaN,NaN,TD,NW,B,B,180,1008,NaN,M,30,NaN,
2012050700,19s.2012,NINETEEN,TD,NN,-6.4,128.5,30,1000,112,8,112,8,NaN,NaN,NaN,NaN,NaN,NaN,NaN,NaN,NaN,NaN,TD,WN,B,B,180,1008,NaN,M,30,CEG,
2012050706,19s.2012,NINETEEN,TD,NN,-6.8,129.6,30,1000,108,10,108,10,NaN,NaN,NaN,NaN,NaN,NaN,NaN,NaN,NaN,NaN,TD,WN,B,B,180,1008,NaN,M,30,NAL,
2012050712,19s.2012,NINETEEN,TD,NN,-7.4,129.9,25,1004,126,9,126,9,NaN,NaN,NaN,NaN,NaN,NaN,NaN,NaN,NaN,NaN,TD,WN,B,B,170,1008,NaN,S,35,NAL,
2012050718,19s.2012,NINETEEN,TD,NN,-7.9,129.7,25,1004,175,6,175,6,NaN,NaN,NaN,NaN,NaN,NaN,NaN,NaN,NaN,NaN,TD,NW,B,B,NaN,NaN,NaN,NaN,NaN,NaN,
2012050800,19s.2012,NINETEEN,TD,NN,-8.1,129.5,20,1007,210,4,210,4,NaN,NaN,NaN,NaN,NaN,NaN,NaN,NaN,NaN,NaN,DB,NW,B,B,NaN,NaN,NaN,NaN,NaN,NaN,
2012050806,19s.2012,NINETEEN,TD,NN,-8.4,129.3,20,1007,218,3,218,3,NaN,NaN,NaN,NaN,NaN,NaN,NaN,NaN,NaN,NaN,DB,NW,B,B,NaN,NaN,NaN,NaN,NaN,NaN,
2012050812,19s.2012,NINETEEN,TD,NN,-8.7,128.8,20,1007,229,5,229,5,NaN,NaN,NaN,NaN,NaN,NaN,NaN,NaN,NaN,NaN,DB,NW,B,B,NaN,NaN,NaN,NaN,NaN,NaN,
2012050818,19s.2012,NINETEEN,TD,NN,-9.0,128.3,20,1007,239,6,239,6,NaN,NaN,NaN,NaN,NaN,NaN,NaN,NaN,NaN,NaN,DB,NW,B,B,NaN,NaN,NaN,NaN,NaN,NaN,
2012050900,19s.2012,NINETEEN,TD,NN,-9.2,127.9,20,1007,241,5,241,5,NaN,NaN,NaN,NaN,NaN,NaN,NaN,NaN,NaN,NaN,DB,NW,B,B,NaN,NaN,NaN,NaN,NaN,NaN,
2012050906,19s.2012,NINETEEN,TD,NN,-9.3,127.5,20,1007,249,4,249,4,NaN,NaN,NaN,NaN,NaN,NaN,NaN,NaN,NaN,NaN,DB,NW,B,B,NaN,NaN,NaN,NaN,NaN,NaN,
2012050912,19s.2012,NINETEEN,TD,NN,-10.0,126.9,25,1004,255,7,231,6,NaN,NaN,NaN,NaN,NaN,NaN,NaN,NaN,NaN,NaN,TD,NW,C,C,150,1009,NaN,S,40,NaN,
2012050918,19s.2012,NINETEEN,TD,NN,-10.2,126.1,25,1004,260,7,237,8,NaN,NaN,NaN,NaN,NaN,NaN,NaN,NaN,NaN,NaN,TD,NW,C,C,150,1009,NaN,S,40,NaN,
2012051000,19s.2012,NINETEEN,TD,NN,-10.1,126.0,25,1004,265,5,264,4,NaN,NaN,NaN,NaN,NaN,NaN,NaN,NaN,NaN,NaN,TD,NW,C,C,165,1009,NaN,S,40,NaN,
2012051006,19s.2012,NINETEEN,TD,NN,-10.3,125.9,25,1004,255,3,243,1,NaN,NaN,NaN,NaN,NaN,NaN,NaN,NaN,NaN,NaN,TD,NW,C,C,165,1009,NaN,S,40,NaN,
2012051012,19s.2012,NINETEEN,TD,NN,-9.6,124.5,25,1004,265,6,289,8,NaN,NaN,NaN,NaN,NaN,NaN,NaN,NaN,NaN,NaN,TD,NW,C,C,170,1007,0.76,S,40,NaN,
2012051018,19s.2012,NINETEEN,TD,NN,-9.8,125.3,20,1007,280,4,310,4,NaN,NaN,NaN,NaN,NaN,NaN,NaN,NaN,NaN,NaN,TD,NW,C,C,150,1008,NaN,S,40,NaN,
2012051100,19s.2012,NINETEEN,TD,NN,-9.7,124.6,20,1007,280,5,135,1,NaN,NaN,NaN,NaN,NaN,NaN,NaN,NaN,NaN,NaN,TD,NW,C,C,150,1008,0.76,S,40,NaN,
2012051106,19s.2012,NINETEEN,TD,NN,-9.9,124.5,20,NaN,263,4,263,4,NaN,NaN,NaN,NaN,NaN,NaN,NaN,NaN,NaN,NaN,NT,NW,c,c,NaN,NaN,0.50,NaN,NaN,NaN,
2012051112,19s.2012,NINETEEN,TD,NN,-9.8,124.3,20,NaN,270,3,251,2,NaN,NaN,NaN,NaN,NaN,NaN,NaN,NaN,NaN,NaN,NT,NW,c,c,NaN,NaN,0.50,NaN,NaN,NaN,
2012051118,19s.2012,NINETEEN,TD,NN,-9.6,124.6,20,NaN,18,2,18,2,NaN,NaN,NaN,NaN,NaN,NaN,NaN,NaN,NaN,NaN,NT,NW,c,c,NaN,NaN,0.76,NaN,NaN,NaN,
2012051200,19s.2012,NINETEEN,TD,NN,-9.8,124.7,20,NaN,90,2,90,2,NaN,NaN,NaN,NaN,NaN,NaN,NaN,NaN,NaN,NaN,NT,NW,c,c,NaN,NaN,0.50,NaN,NaN,NaN,
2012060100,e0s.2012,9X-E0S,TS,NN,-7.4,62.1,15,1010,84,25,75,11,NaN,NaN,NaN,NaN,NaN,NaN,NaN,NaN,NaN,NaN,DB,NW,b,b,NaN,NaN,NaN,NaN,NaN,NaN,
2012060106,e0s.2012,9X-E0S,TS,NN,-7.1,63.2,15,1010,84,25,75,11,NaN,NaN,NaN,NaN,NaN,NaN,NaN,NaN,NaN,NaN,DB,NW,b,b,NaN,NaN,NaN,NaN,NaN,NaN,
2012060112,e0s.2012,9X-E0S,TS,NN,-6.9,64.2,15,1010,84,25,75,11,NaN,NaN,NaN,NaN,NaN,NaN,NaN,NaN,NaN,NaN,DB,NW,b,b,NaN,NaN,NaN,NaN,NaN,NaN,
2012060118,e0s.2012,9X-E0S,TS,NN,-6.6,65.3,15,NaN,76,10,75,11,NaN,NaN,NaN,NaN,NaN,NaN,NaN,NaN,NaN,NaN,NT,NW,c,c,NaN,NaN,NaN,NaN,NaN,NaN,
2012060200,e0s.2012,9X-E0S,TS,NN,-6.3,66.2,15,NaN,75,10,75,11,NaN,NaN,NaN,NaN,NaN,NaN,NaN,NaN,NaN,NaN,NT,NW,c,c,NaN,NaN,NaN,NaN,NaN,NaN,
2012060206,e0s.2012,9X-E0S,TS,NN,-7.7,65.8,15,NaN,233,5,156,6,NaN,NaN,NaN,NaN,NaN,NaN,NaN,NaN,NaN,NaN,NT,NW,c,c,NaN,NaN,NaN,NaN,NaN,NaN,
2012060212,e0s.2012,9X-E0S,TS,NN,-5.5,67.0,15,NaN,217,2,45,6,NaN,NaN,NaN,NaN,NaN,NaN,NaN,NaN,NaN,NaN,NT,NW,c,c,NaN,NaN,NaN,NaN,NaN,NaN,
2012060218,e0s.2012,9X-E0S,TS,NN,-5.8,67.0,15,NaN,210,4,32,11,NaN,NaN,NaN,NaN,NaN,NaN,NaN,NaN,NaN,NaN,NT,NW,c,c,NaN,NaN,NaN,NaN,NaN,NaN,
2012060300,e0s.2012,9X-E0S,TS,NN,-6.6,67.4,15,NaN,214,4,160,6,NaN,NaN,NaN,NaN,NaN,NaN,NaN,NaN,NaN,NaN,NT,NW,c,c,NaN,NaN,NaN,NaN,NaN,NaN,
2012060306,e0s.2012,9X-E0S,TS,NN,-6.9,66.3,15,NaN,212,5,212,7,NaN,NaN,NaN,NaN,NaN,NaN,NaN,NaN,NaN,NaN,NT,NW,c,c,NaN,NaN,NaN,NaN,NaN,NaN,
2012060312,e0s.2012,9X-E0S,TS,NN,-7.2,65.5,20,1007,218,6,252,10,NaN,NaN,NaN,NaN,NaN,NaN,NaN,NaN,NaN,NaN,DB,NW,B,B,NaN,NaN,NaN,NaN,NaN,NaN,
2012060318,e0s.2012,9X-E0S,TS,NN,-7.8,65.5,25,1004,218,6,221,6,NaN,NaN,NaN,NaN,NaN,NaN,NaN,NaN,NaN,NaN,TD,NW,B,B,NaN,NaN,NaN,NaN,NaN,NaN,
2012060400,e0s.2012,9X-E0S,TS,NN,-8.1,64.8,25,1004,218,6,218,6,NaN,NaN,NaN,NaN,NaN,NaN,NaN,NaN,NaN,NaN,TD,NW,B,B,NaN,NaN,NaN,NaN,NaN,NaN,
2012060406,e0s.2012,9X-E0S,TS,NN,-8.4,64.2,25,1004,245,7,245,7,NaN,NaN,NaN,NaN,NaN,NaN,NaN,NaN,NaN,NaN,TD,NW,B,B,NaN,NaN,NaN,NaN,NaN,NaN,
2012060412,e0s.2012,9X-E0S,TS,NN,-8.8,63.6,25,1004,239,7,239,7,NaN,NaN,NaN,NaN,NaN,NaN,NaN,NaN,NaN,NaN,TD,NW,B,B,NaN,NaN,NaN,NaN,NaN,NaN,
2012060418,e0s.2012,9X-E0S,TS,NN,-9.3,63.1,30,1000,230,7,230,7,NaN,NaN,NaN,NaN,NaN,NaN,NaN,NaN,NaN,NaN,TD,NW,B,B,NaN,NaN,NaN,NaN,NaN,NaN,
2012060500,e0s.2012,9X-E0S,TS,NN,-8.9,62.6,30,1000,264,5,264,5,NaN,NaN,NaN,NaN,NaN,NaN,NaN,NaN,NaN,NaN,TD,NW,B,B,NaN,NaN,NaN,NaN,NaN,NaN,
2012060506,e0s.2012,9X-E0S,TS,NN,-8.9,62.1,30,1000,292,5,292,5,NaN,NaN,NaN,NaN,NaN,NaN,NaN,NaN,NaN,NaN,TD,NW,B,B,150,1006,NaN,NaN,45,NaN,
2012060512,e0s.2012,9X-E0S,TS,NN,-9.2,61.5,30,1000,255,6,255,6,NaN,NaN,NaN,NaN,NaN,NaN,NaN,NaN,NaN,NaN,TD,NW,B,B,150,1006,NaN,S,45,NaN,
2012060518,e0s.2012,9X-E0S,TS,NN,-9.4,60.5,35,996,252,8,252,8,56,55,65,60,45,NaN,NaN,NaN,NaN,NaN,TS,NW,B,B,150,1006,NaN,S,45,NaN,
2012060600,20s.2012,KUENA,TS,NN,-9.6,59.5,45,989,259,10,259,10,61,60,70,65,50,NaN,NaN,NaN,NaN,NaN,TS,WN,B,B,150,1006,NaN,S,45,RCB,
2012060606,20s.2012,KUENA,TS,NN,-9.9,58.6,50,985,255,10,255,10,92,85,100,100,85,40,40,40,100,40,TS,WN,B,B,150,1008,NaN,M,30,NaN,
2012060612,20s.2012,KUENA,TS,NN,-10.3,57.8,55,982,247,9,247,9,90,85,95,95,85,30,30,30,95,30,TS,WN,B,B,160,1009,NaN,D,35,SJB,
2012060618,20s.2012,KUENA,TS,NN,-10.1,56.7,50,985,264,9,264,9,90,85,95,95,85,NaN,NaN,NaN,NaN,NaN,TS,WN,B,B,160,1009,NaN,D,35,NaN,
2012060700,20s.2012,KUENA,TS,NN,-9.4,56.3,45,985,301,9,301,9,75,65,85,85,65,NaN,NaN,NaN,NaN,NaN,TS,WN,B,B,160,1009,NaN,M,40,CEG,
2012060706,20s.2012,KUENA,TS,NN,-9.0,56.0,30,1000,328,6,328,6,NaN,NaN,NaN,NaN,NaN,NaN,NaN,NaN,NaN,NaN,TD,WN,B,B,160,1009,NaN,S,40,NaN,
2012060712,20s.2012,KUENA,TS,NN,-8.7,55.6,30,1000,315,5,315,5,NaN,NaN,NaN,NaN,NaN,NaN,NaN,NaN,NaN,NaN,TD,WN,B,B,160,1009,NaN,S,40,ADL,
2012060718,20s.2012,KUENA,TS,NN,-8.3,55.3,25,1004,315,5,315,5,NaN,NaN,NaN,NaN,NaN,NaN,NaN,NaN,NaN,NaN,TD,NW,B,B,NaN,NaN,NaN,NaN,NaN,NaN,
2012060800,20s.2012,KUENA,TS,NN,-8.1,55.0,25,1004,315,4,315,4,NaN,NaN,NaN,NaN,NaN,NaN,NaN,NaN,NaN,NaN,TD,NW,B,B,NaN,NaN,NaN,NaN,NaN,NaN,
2012060806,20s.2012,KUENA,TS,NN,-7.9,54.7,25,1004,304,4,304,4,NaN,NaN,NaN,NaN,NaN,NaN,NaN,NaN,NaN,NaN,TD,NW,B,B,NaN,NaN,NaN,NaN,NaN,NaN,
2012060812,20s.2012,KUENA,TS,NN,-7.8,54.5,25,1004,301,3,301,3,NaN,NaN,NaN,NaN,NaN,NaN,NaN,NaN,NaN,NaN,TD,NW,B,B,NaN,NaN,NaN,NaN,NaN,NaN,
2012060818,20s.2012,KUENA,TS,NN,-8.3,54.1,25,NaN,256,4,236,4,NaN,NaN,NaN,NaN,NaN,NaN,NaN,NaN,NaN,NaN,TW,NW,c,c,NaN,NaN,NaN,NaN,NaN,NaN,
2012060900,20s.2012,KUENA,TS,NN,-7.2,53.5,25,NaN,315,7,301,6,NaN,NaN,NaN,NaN,NaN,NaN,NaN,NaN,NaN,NaN,TW,NW,c,c,NaN,NaN,NaN,NaN,NaN,NaN,
2012062700,e1p.2012,9X-E1P,TS,NN,-9.1,151.5,15,NaN,198,16,117,8,NaN,NaN,NaN,NaN,NaN,NaN,NaN,NaN,NaN,NaN,NT,NW,c,c,NaN,NaN,0.02,NaN,NaN,NaN,
2012062706,e1p.2012,9X-E1P,TS,NN,-9.0,152.7,15,NaN,188,11,117,8,NaN,NaN,NaN,NaN,NaN,NaN,NaN,NaN,NaN,NaN,NT,NW,c,c,NaN,NaN,0.07,NaN,NaN,NaN,
2012062712,e1p.2012,9X-E1P,TS,NN,-9.8,152.9,15,NaN,170,9,117,8,NaN,NaN,NaN,NaN,NaN,NaN,NaN,NaN,NaN,NaN,NT,NW,c,c,NaN,NaN,NaN,NaN,NaN,NaN,
2012062718,e1p.2012,9X-E1P,TS,NN,-10.0,151.6,15,NaN,175,6,227,7,NaN,NaN,NaN,NaN,NaN,NaN,NaN,NaN,NaN,NaN,NT,NW,c,c,NaN,NaN,0.05,NaN,NaN,NaN,
2012062800,e1p.2012,9X-E1P,TS,NN,-10.6,152.7,20,1007,104,4,194,4,NaN,NaN,NaN,NaN,NaN,NaN,NaN,NaN,NaN,NaN,DB,NW,B,B,NaN,NaN,0.02,NaN,NaN,NaN,
2012062806,e1p.2012,9X-E1P,TS,NN,-10.7,153.1,20,1007,104,4,115,8,NaN,NaN,NaN,NaN,NaN,NaN,NaN,NaN,NaN,NaN,DB,NW,B,B,NaN,NaN,0.02,NaN,NaN,NaN,
2012062812,e1p.2012,9X-E1P,TS,NN,-10.8,153.5,25,1004,104,4,104,4,NaN,NaN,NaN,NaN,NaN,NaN,NaN,NaN,NaN,NaN,TD,NW,B,B,NaN,NaN,0.04,NaN,NaN,NaN,
2012062818,e1p.2012,9X-E1P,TS,NN,-11.1,153.8,25,1004,120,4,120,4,NaN,NaN,NaN,NaN,NaN,NaN,NaN,NaN,NaN,NaN,TD,NW,B,B,200,1007,0.02,S,40,NaN,
2012062900,e1p.2012,9X-E1P,TS,NN,-11.3,154.1,30,1000,130,4,130,4,NaN,NaN,NaN,NaN,NaN,NaN,NaN,NaN,NaN,NaN,TD,NW,B,B,200,1007,0.05,S,40,NaN,
2012062906,e1p.2012,9X-E1P,TS,NN,-11.6,154.6,30,1000,123,5,123,5,NaN,NaN,NaN,NaN,NaN,NaN,NaN,NaN,NaN,NaN,TD,NW,B,B,185,1007,0.02,S,40,NaN,
2012062912,21p.2012,TWENTYONE,TS,NN,-11.7,154.9,35,996,117,4,117,4,NaN,NaN,NaN,NaN,NaN,NaN,NaN,NaN,NaN,NaN,TS,WN,B,B,140,1007,NaN,S,40,RCB,
2012062918,21p.2012,TWENTYONE,TS,NN,-11.5,155.0,35,996,76,2,76,2,35,40,40,30,30,NaN,NaN,NaN,NaN,NaN,TS,WN,B,B,140,1006,NaN,S,40,NaN,
2012063000,21p.2012,TWENTYONE,TS,NN,-11.0,154.8,30,1000,352,4,352,4,NaN,NaN,NaN,NaN,NaN,NaN,NaN,NaN,NaN,NaN,TD,WN,B,B,140,1006,NaN,S,40,SJB,
2012063006,21p.2012,TWENTYONE,TS,NN,-10.7,154.5,25,1004,328,5,328,5,NaN,NaN,NaN,NaN,NaN,NaN,NaN,NaN,NaN,NaN,TD,NW,B,B,140,1006,NaN,S,40,NaN,
2012063012,21p.2012,TWENTYONE,TS,NN,-10.4,154.3,25,1004,321,4,321,4,NaN,NaN,NaN,NaN,NaN,NaN,NaN,NaN,NaN,NaN,TD,NW,B,B,125,1008,NaN,NaN,40,NaN,
2012063018,21p.2012,TWENTYONE,TS,NN,-10.0,154.1,15,1010,331,4,331,4,NaN,NaN,NaN,NaN,NaN,NaN,NaN,NaN,NaN,NaN,DB,NW,B,B,NaN,NaN,NaN,NaN,NaN,NaN,
2012012706,a0s.2012,9X-A0S,TD,NONdev,-11.4,50.5,15,NaN,201,3,133,8,NaN,NaN,NaN,NaN,NaN,NaN,NaN,NaN,NaN,NaN,NT,NW,c,c,NaN,NaN,NaN,NaN,NaN,NaN,
2012012712,a0s.2012,9X-A0S,TD,NONdev,-11.6,50.3,15,NaN,224,3,133,8,NaN,NaN,NaN,NaN,NaN,NaN,NaN,NaN,NaN,NaN,NT,NW,c,c,NaN,NaN,NaN,NaN,NaN,NaN,
2012012718,a0s.2012,9X-A0S,TD,NONdev,-12.5,51.7,15,NaN,206,2,133,8,NaN,NaN,NaN,NaN,NaN,NaN,NaN,NaN,NaN,NaN,NT,NW,c,c,NaN,NaN,NaN,NaN,NaN,NaN,
2012012800,a0s.2012,9X-A0S,TD,NONdev,-13.1,51.4,15,NaN,209,4,144,9,NaN,NaN,NaN,NaN,NaN,NaN,NaN,NaN,NaN,NaN,NT,NW,c,c,NaN,NaN,NaN,NaN,NaN,NaN,
2012012806,a0s.2012,9X-A0S,TD,NONdev,-13.5,50.9,15,1010,143,6,218,6,NaN,NaN,NaN,NaN,NaN,NaN,NaN,NaN,NaN,NaN,DB,NW,c,c,NaN,NaN,NaN,NaN,NaN,NaN,
2012012812,a0s.2012,9X-A0S,TD,NONdev,-14.8,51.2,15,1010,158,9,187,9,NaN,NaN,NaN,NaN,NaN,NaN,NaN,NaN,NaN,NaN,DB,NW,c,c,NaN,NaN,NaN,NaN,NaN,NaN,
2012012818,a0s.2012,9X-A0S,TD,NONdev,-14.9,50.9,15,1010,176,7,180,7,NaN,NaN,NaN,NaN,NaN,NaN,NaN,NaN,NaN,NaN,DB,NW,c,c,NaN,NaN,NaN,NaN,NaN,NaN,
2012012900,a0s.2012,9X-A0S,TD,NONdev,-15.7,51.2,15,1010,180,5,180,4,NaN,NaN,NaN,NaN,NaN,NaN,NaN,NaN,NaN,NaN,DB,NW,b,b,NaN,NaN,NaN,NaN,NaN,NaN,
2012012912,a1p.2012,9X-A1P,TD,NONdev,-15.0,169.9,15,NaN,238,3,138,7,NaN,NaN,NaN,NaN,NaN,NaN,NaN,NaN,NaN,NaN,NT,NW,c,c,NaN,NaN,NaN,NaN,NaN,NaN,
2012012918,a1p.2012,9X-A1P,TD,NONdev,-15.7,170.5,15,NaN,238,3,138,7,NaN,NaN,NaN,NaN,NaN,NaN,NaN,NaN,NaN,NaN,NT,NW,c,c,NaN,NaN,NaN,NaN,NaN,NaN,
2012013000,a1p.2012,9X-A1P,TD,NONdev,-16.3,171.1,15,NaN,125,5,138,7,NaN,NaN,NaN,NaN,NaN,NaN,NaN,NaN,NaN,NaN,NT,NW,c,c,NaN,NaN,NaN,NaN,NaN,NaN,
2012013006,a1p.2012,9X-A1P,TD,NONdev,-16.5,171.3,15,NaN,127,7,138,7,NaN,NaN,NaN,NaN,NaN,NaN,NaN,NaN,NaN,NaN,NT,NW,c,c,NaN,NaN,NaN,NaN,NaN,NaN,
2012013012,a1p.2012,9X-A1P,TD,NONdev,-18.9,172.9,15,NaN,133,13,147,16,NaN,NaN,NaN,NaN,NaN,NaN,NaN,NaN,NaN,NaN,NT,NW,c,c,NaN,NaN,NaN,NaN,NaN,NaN,
2012013018,a1p.2012,9X-A1P,TD,NONdev,-20.0,173.5,15,NaN,145,13,149,20,NaN,NaN,NaN,NaN,NaN,NaN,NaN,NaN,NaN,NaN,NT,NW,c,c,NaN,NaN,NaN,NaN,NaN,NaN,
2012013100,a1p.2012,9X-A1P,TD,NONdev,-18.3,174.8,15,NaN,130,13,72,9,NaN,NaN,NaN,NaN,NaN,NaN,NaN,NaN,NaN,NaN,NT,NW,c,c,NaN,NaN,NaN,NaN,NaN,NaN,
2012013106,a1p.2012,9X-A1P,TD,NONdev,-18.9,173.8,25,1002,125,7,14,6,NaN,NaN,NaN,NaN,NaN,NaN,NaN,NaN,NaN,NaN,DB,NW,c,c,NaN,NaN,NaN,NaN,NaN,NaN,
2012013112,a1p.2012,9X-A1P,TD,NONdev,-18.9,175.1,25,1004,99,6,155,3,NaN,NaN,NaN,NaN,NaN,NaN,NaN,NaN,NaN,NaN,DB,NW,c,c,NaN,NaN,NaN,NaN,NaN,NaN,
2012013118,a1p.2012,9X-A1P,TD,NONdev,-19.0,175.6,25,1004,101,5,93,9,NaN,NaN,NaN,NaN,NaN,NaN,NaN,NaN,NaN,NaN,DB,NW,c,c,NaN,NaN,NaN,NaN,NaN,NaN,
2012020100,a1p.2012,9X-A1P,TD,NONdev,-18.4,173.1,25,1003,285,7,285,10,NaN,NaN,NaN,NaN,NaN,NaN,NaN,NaN,NaN,NaN,DB,NW,C,C,170,1005,NaN,S,45,NaN,
2012020106,a1p.2012,9X-A1P,TD,NONdev,-20.3,172.4,25,997,200,6,247,16,NaN,NaN,NaN,NaN,NaN,NaN,NaN,NaN,NaN,NaN,DB,NW,C,C,180,1002,NaN,S,45,NaN,
2012020112,a1p.2012,9X-A1P,TD,NONdev,-20.5,172.4,25,997,190,5,197,11,NaN,NaN,NaN,NaN,NaN,NaN,NaN,NaN,NaN,NaN,DB,NW,C,C,190,1000,NaN,S,45,NaN,
2012020118,a1p.2012,9X-A1P,TD,NONdev,-20.8,171.8,25,997,210,5,228,4,NaN,NaN,NaN,NaN,NaN,NaN,NaN,NaN,NaN,NaN,DB,NW,C,C,190,1000,NaN,S,45,NaN,
2012020200,a1p.2012,9X-A1P,TD,NONdev,-21.7,172.3,25,997,185,5,184,6,NaN,NaN,NaN,NaN,NaN,NaN,NaN,NaN,NaN,NaN,DB,NW,C,C,220,999,NaN,S,45,NaN,
2012020206,a1p.2012,9X-A1P,TD,NONdev,-23.6,172.0,25,1004,180,10,176,14,NaN,NaN,NaN,NaN,NaN,NaN,NaN,NaN,NaN,NaN,DB,NW,C,C,220,1005,NaN,S,45,NaN,
2012020212,a1p.2012,9X-A1P,TD,NONdev,-24.5,171.4,25,1004,196,15,196,15,NaN,NaN,NaN,NaN,NaN,NaN,NaN,NaN,NaN,NaN,DB,NW,c,c,NaN,NaN,NaN,NaN,NaN,NaN,
2012020218,a1p.2012,9X-A1P,TD,NONdev,-24.1,169.3,25,1004,237,12,259,13,NaN,NaN,NaN,NaN,NaN,NaN,NaN,NaN,NaN,NaN,DB,NW,c,c,NaN,NaN,NaN,NaN,NaN,NaN,
2012020300,a1p.2012,9X-A1P,TD,NONdev,-25.4,167.9,25,1004,231,14,254,16,NaN,NaN,NaN,NaN,NaN,NaN,NaN,NaN,NaN,NaN,DB,NW,c,c,NaN,NaN,NaN,NaN,NaN,NaN,
2012020306,a1p.2012,9X-A1P,TD,NONdev,-26.2,166.0,25,1004,235,16,235,18,NaN,NaN,NaN,NaN,NaN,NaN,NaN,NaN,NaN,NaN,DB,NW,C,C,220,1005,NaN,S,45,NaN,
2012020312,a1p.2012,9X-A1P,TD,NONdev,-27.2,165.3,25,1004,230,16,232,15,NaN,NaN,NaN,NaN,NaN,NaN,NaN,NaN,NaN,NaN,DB,NW,C,C,220,1005,NaN,S,45,NaN,
2012020318,a1p.2012,9X-A1P,TD,NONdev,-28.0,164.8,25,997,225,13,211,10,NaN,NaN,NaN,NaN,NaN,NaN,NaN,NaN,NaN,NaN,DB,NW,C,C,200,999,NaN,S,45,NaN,
2012020400,a1p.2012,9X-A1P,TD,NONdev,-28.1,164.0,25,997,225,9,232,7,NaN,NaN,NaN,NaN,NaN,NaN,NaN,NaN,NaN,NaN,DB,NW,C,C,190,999,NaN,S,45,NaN,
2012020406,a1p.2012,9X-A1P,TD,NONdev,-29.2,163.3,25,1004,228,8,228,9,NaN,NaN,NaN,NaN,NaN,NaN,NaN,NaN,NaN,NaN,DB,NW,c,c,NaN,NaN,NaN,NaN,NaN,NaN,
2012020412,a1p.2012,9X-A1P,TD,NONdev,-30.1,163.0,25,1004,204,11,204,11,NaN,NaN,NaN,NaN,NaN,NaN,NaN,NaN,NaN,NaN,DB,NW,b,b,NaN,NaN,NaN,NaN,NaN,NaN,
2012012918,a2s.2012,9X-A2S,TD,NONdev,-17.3,43.3,15,1010,189,6,49,8,NaN,NaN,NaN,NaN,NaN,NaN,NaN,NaN,NaN,NaN,DB,NW,c,c,NaN,NaN,NaN,NaN,NaN,NaN,
2012013000,a2s.2012,9X-A2S,TD,NONdev,-17.5,43.4,15,1004,190,6,49,8,NaN,NaN,NaN,NaN,NaN,NaN,NaN,NaN,NaN,NaN,DB,NW,c,c,NaN,NaN,NaN,NaN,NaN,NaN,
2012013006,a2s.2012,9X-A2S,TD,NONdev,-16.3,44.5,25,1004,175,6,49,8,NaN,NaN,NaN,NaN,NaN,NaN,NaN,NaN,NaN,NaN,DB,NW,c,c,NaN,NaN,0.47,NaN,NaN,NaN,
2012013012,a2s.2012,9X-A2S,TD,NONdev,-16.8,44.2,25,1004,190,6,48,5,NaN,NaN,NaN,NaN,NaN,NaN,NaN,NaN,NaN,NaN,DB,NW,c,c,NaN,NaN,0.27,NaN,NaN,NaN,
2012013018,a2s.2012,9X-A2S,TD,NONdev,-17.7,43.6,25,1003,200,7,212,8,NaN,NaN,NaN,NaN,NaN,NaN,NaN,NaN,NaN,NaN,DB,NW,C,C,225,1006,NaN,S,40,NaN,
2012013100,a2s.2012,9X-A2S,TD,NONdev,-18.7,43.1,25,1004,210,9,209,11,NaN,NaN,NaN,NaN,NaN,NaN,NaN,NaN,NaN,NaN,DB,NW,C,C,225,1006,NaN,S,40,NaN,
2012013106,a2s.2012,9X-A2S,TD,NONdev,-20.2,42.9,20,1007,200,12,195,13,NaN,NaN,NaN,NaN,NaN,NaN,NaN,NaN,NaN,NaN,DB,NW,C,C,200,1009,NaN,S,45,NaN,
2012013112,a2s.2012,9X-A2S,TD,NONdev,-21.3,42.4,25,1004,195,13,194,13,NaN,NaN,NaN,NaN,NaN,NaN,NaN,NaN,NaN,NaN,DB,NW,C,C,200,1008,NaN,S,45,NaN,
2012013118,a2s.2012,9X-A2S,TD,NONdev,-21.8,41.5,20,1006,205,11,219,10,NaN,NaN,NaN,NaN,NaN,NaN,NaN,NaN,NaN,NaN,DB,NW,C,C,180,1008,NaN,S,45,NaN,
2012020100,a2s.2012,9X-A2S,TD,NONdev,-21.3,40.9,20,1007,270,7,270,7,NaN,NaN,NaN,NaN,NaN,NaN,NaN,NaN,NaN,NaN,DB,NW,c,c,NaN,NaN,NaN,NaN,NaN,NaN,
2012020106,a2s.2012,9X-A2S,TD,NONdev,-22.4,39.9,20,1007,248,8,248,8,NaN,NaN,NaN,NaN,NaN,NaN,NaN,NaN,NaN,NaN,DB,NW,c,c,NaN,NaN,NaN,NaN,NaN,NaN,
2012020112,a2s.2012,9X-A2S,TD,NONdev,-23.1,39.6,20,1007,216,9,214,11,NaN,NaN,NaN,NaN,NaN,NaN,NaN,NaN,NaN,NaN,DB,NW,c,c,NaN,NaN,NaN,NaN,NaN,NaN,
2012020118,a2s.2012,9X-A2S,TD,NONdev,-23.8,39.1,20,1007,210,7,208,8,NaN,NaN,NaN,NaN,NaN,NaN,NaN,NaN,NaN,NaN,DB,NW,c,c,NaN,NaN,NaN,NaN,NaN,NaN,
2012020200,a2s.2012,9X-A2S,TD,NONdev,-24.0,38.1,20,1007,237,8,237,8,NaN,NaN,NaN,NaN,NaN,NaN,NaN,NaN,NaN,NaN,DB,NW,c,c,NaN,NaN,NaN,NaN,NaN,NaN,
2012020206,a2s.2012,9X-A2S,TD,NONdev,-24.3,38.0,20,1007,230,6,244,6,NaN,NaN,NaN,NaN,NaN,NaN,NaN,NaN,NaN,NaN,DB,NW,C,C,150,1008,NaN,S,30,NaN,
2012020212,a2s.2012,9X-A2S,TD,NONdev,-24.7,38.0,20,1007,187,4,187,4,NaN,NaN,NaN,NaN,NaN,NaN,NaN,NaN,NaN,NaN,DB,NW,c,c,NaN,NaN,NaN,NaN,NaN,NaN,
2012020218,a2s.2012,9X-A2S,TD,NONdev,-25.1,37.6,20,1007,214,5,204,4,NaN,NaN,NaN,NaN,NaN,NaN,NaN,NaN,NaN,NaN,DB,NW,c,c,NaN,NaN,NaN,NaN,NaN,NaN,
2012020300,a2s.2012,9X-A2S,TD,NONdev,-25.1,36.8,20,1007,250,6,250,6,NaN,NaN,NaN,NaN,NaN,NaN,NaN,NaN,NaN,NaN,DB,NW,c,c,NaN,NaN,NaN,NaN,NaN,NaN,
2012020306,a2s.2012,9X-A2S,TD,NONdev,-25.8,36.0,25,1004,240,7,244,8,NaN,NaN,NaN,NaN,NaN,NaN,NaN,NaN,NaN,NaN,DB,NW,C,C,150,1008,NaN,S,30,NaN,
2012020312,a2s.2012,9X-A2S,TD,NONdev,-25.9,35.3,25,1004,250,7,239,8,NaN,NaN,NaN,NaN,NaN,NaN,NaN,NaN,NaN,NaN,DB,NW,C,C,150,1008,NaN,S,30,NaN,
2012020318,a2s.2012,9X-A2S,TD,NONdev,-26.3,36.0,25,1004,190,5,180,2,NaN,NaN,NaN,NaN,NaN,NaN,NaN,NaN,NaN,NaN,DB,NW,c,c,NaN,NaN,NaN,NaN,NaN,NaN,
2012020400,a2s.2012,9X-A2S,TD,NONdev,-24.5,35.2,25,1004,356,7,356,7,NaN,NaN,NaN,NaN,NaN,NaN,NaN,NaN,NaN,NaN,DB,NW,b,b,NaN,NaN,0.50,NaN,NaN,NaN,
2012013006,a3p.2012,9X-A3P,TD,NONdev,-14.2,162.4,15,1010,111,6,111,6,NaN,NaN,NaN,NaN,NaN,NaN,NaN,NaN,NaN,NaN,DB,NW,b,b,NaN,NaN,NaN,NaN,NaN,NaN,
2012013012,a3p.2012,9X-A3P,TD,NONdev,-14.4,162.9,15,1010,111,6,111,6,NaN,NaN,NaN,NaN,NaN,NaN,NaN,NaN,NaN,NaN,DB,NW,b,b,NaN,NaN,NaN,NaN,NaN,NaN,
2012013018,a3p.2012,9X-A3P,TD,NONdev,-14.6,163.5,25,1003,115,4,111,6,NaN,NaN,NaN,NaN,NaN,NaN,NaN,NaN,NaN,NaN,DB,NW,C,C,180,1006,NaN,S,25,NaN,
2012013100,a3p.2012,9X-A3P,TD,NONdev,-14.8,164.3,25,1004,106,7,106,7,NaN,NaN,NaN,NaN,NaN,NaN,NaN,NaN,NaN,NaN,DB,NW,b,b,NaN,NaN,NaN,NaN,NaN,NaN,
2012013106,a3p.2012,9X-A3P,TD,NONdev,-15.1,165.5,25,999,105,9,105,10,NaN,NaN,NaN,NaN,NaN,NaN,NaN,NaN,NaN,NaN,DB,NW,C,C,175,1002,NaN,S,25,NaN,
2012013112,a3p.2012,9X-A3P,TD,NONdev,-15.2,166.8,25,997,100,11,99,12,NaN,NaN,NaN,NaN,NaN,NaN,NaN,NaN,NaN,NaN,DB,NW,C,C,170,999,0.29,S,45,NaN,
2012013118,a3p.2012,9X-A3P,TD,NONdev,-15.3,167.6,25,1001,100,11,96,10,NaN,NaN,NaN,NaN,NaN,NaN,NaN,NaN,NaN,NaN,DB,NW,C,C,170,1002,0.17,S,45,NaN,
2012020100,a3p.2012,9X-A3P,TD,NONdev,-15.9,169.1,25,1004,105,12,108,12,NaN,NaN,NaN,NaN,NaN,NaN,NaN,NaN,NaN,NaN,DB,NW,C,C,150,1008,NaN,S,15,NaN,
2012020512,a6p.2012,9X-A6P,TD,DEV,-16.7,176.0,20,998,98,17,98,17,NaN,NaN,NaN,NaN,NaN,NaN,NaN,NaN,NaN,NaN,DB,NW,b,b,NaN,NaN,NaN,NaN,NaN,NaN,
2012020518,a6p.2012,9X-A6P,TD,DEV,-17.1,178.0,25,998,98,17,98,17,NaN,NaN,NaN,NaN,NaN,NaN,NaN,NaN,NaN,NaN,TD,NW,b,b,NaN,NaN,0.07,NaN,NaN,NaN,
2012020600,a6p.2012,9X-A6P,TD,DEV,-17.2,179.6,15,998,98,7,98,17,NaN,NaN,NaN,NaN,NaN,NaN,NaN,NaN,NaN,NaN,TD,NW,c,c,NaN,NaN,0.23,NaN,NaN,NaN,
2012020606,a6p.2012,9X-A6P,TD,DEV,-17.4,181.9,25,998,95,10,95,19,NaN,NaN,NaN,NaN,NaN,NaN,NaN,NaN,NaN,NaN,DB,NW,C,C,120,1000,NaN,S,45,NaN,
2012020700,a7p.2012,9X-A7P,TD,NONdev,-27.0,199.4,15,1010,115,23,123,27,NaN,NaN,NaN,NaN,NaN,NaN,NaN,NaN,NaN,NaN,DB,NW,c,c,NaN,NaN,NaN,NaN,NaN,NaN,
2012020706,a7p.2012,9X-A7P,TD,NONdev,-28.4,201.9,15,1010,115,23,123,27,NaN,NaN,NaN,NaN,NaN,NaN,NaN,NaN,NaN,NaN,DB,NW,c,c,NaN,NaN,NaN,NaN,NaN,NaN,
2012020712,a7p.2012,9X-A7P,TD,NONdev,-29.9,204.5,15,1010,115,34,-999,-999,NaN,NaN,NaN,NaN,NaN,NaN,NaN,NaN,NaN,NaN,DB,NW,b,b,NaN,NaN,NaN,NaN,NaN,NaN,
2012020718,a8s.2012,9X-A8S,TD,DEV,-12.6,71.7,15,1010,208,6,208,6,NaN,NaN,NaN,NaN,NaN,NaN,NaN,NaN,NaN,NaN,DB,NW,b,b,NaN,NaN,NaN,NaN,NaN,NaN,
2012020800,a8s.2012,9X-A8S,TD,DEV,-12.8,71.6,15,1010,275,6,208,6,NaN,NaN,NaN,NaN,NaN,NaN,NaN,NaN,NaN,NaN,DB,NW,c,c,NaN,NaN,NaN,NaN,NaN,NaN,
2012020806,a8s.2012,9X-A8S,TD,DEV,-13.7,71.1,15,1010,263,8,208,6,NaN,NaN,NaN,NaN,NaN,NaN,NaN,NaN,NaN,NaN,DB,NW,c,c,NaN,NaN,NaN,NaN,NaN,NaN,
2012020812,a8s.2012,9X-A8S,TD,DEV,-13.1,69.8,15,1010,257,7,260,9,NaN,NaN,NaN,NaN,NaN,NaN,NaN,NaN,NaN,NaN,DB,NW,c,c,NaN,NaN,NaN,NaN,NaN,NaN,
2012020818,a8s.2012,9X-A8S,TD,DEV,-13.2,69.1,25,1004,260,7,284,10,NaN,NaN,NaN,NaN,NaN,NaN,NaN,NaN,NaN,NaN,DB,NW,C,C,120,1008,NaN,S,45,NaN,
2012020900,a8s.2012,9X-A8S,TD,DEV,-13.7,67.7,30,1000,255,9,254,11,NaN,NaN,NaN,NaN,NaN,NaN,NaN,NaN,NaN,NaN,DB,NW,C,C,120,1008,NaN,S,45,NaN,
2012020906,a8s.2012,9X-A8S,TD,DEV,-14.0,66.0,30,1000,255,11,255,16,NaN,NaN,NaN,NaN,NaN,NaN,NaN,NaN,NaN,NaN,DB,NW,C,C,150,1006,NaN,S,45,NaN,
2012021018,a9s.2012,9X-A9S,TD,DEV,-11.2,111.4,15,NaN,262,14,273,11,NaN,NaN,NaN,NaN,NaN,NaN,NaN,NaN,NaN,NaN,NT,NW,c,c,NaN,NaN,NaN,NaN,NaN,NaN,
2012021100,a9s.2012,9X-A9S,TD,DEV,-11.2,110.2,15,1010,262,14,273,11,NaN,NaN,NaN,NaN,NaN,NaN,NaN,NaN,NaN,NaN,NT,NW,c,c,NaN,NaN,NaN,NaN,NaN,NaN,
2012021106,a9s.2012,9X-A9S,TD,DEV,-11.2,108.9,15,1010,270,12,273,11,NaN,NaN,NaN,NaN,NaN,NaN,NaN,NaN,NaN,NaN,DB,NW,c,c,NaN,NaN,NaN,NaN,NaN,NaN,
2012021112,a9s.2012,9X-A9S,TD,DEV,-11.0,107.9,15,1010,278,11,273,11,NaN,NaN,NaN,NaN,NaN,NaN,NaN,NaN,NaN,NaN,DB,NW,c,c,NaN,NaN,NaN,NaN,NaN,NaN,
2012021118,a9s.2012,9X-A9S,TD,DEV,-11.4,106.3,15,1010,266,13,266,13,NaN,NaN,NaN,NaN,NaN,NaN,NaN,NaN,NaN,NaN,DB,NW,c,c,NaN,NaN,NaN,NaN,NaN,NaN,
2012021200,a9s.2012,9X-A9S,TD,DEV,-11.5,104.7,15,1010,266,15,261,16,NaN,NaN,NaN,NaN,NaN,NaN,NaN,NaN,NaN,NaN,DB,NW,c,c,NaN,NaN,NaN,NaN,NaN,NaN,
2012021206,a9s.2012,9X-A9S,TD,DEV,-11.7,103.0,15,1010,265,16,265,16,NaN,NaN,NaN,NaN,NaN,NaN,NaN,NaN,NaN,NaN,DB,NW,c,c,NaN,NaN,NaN,NaN,NaN,NaN,
2012021212,a9s.2012,9X-A9S,TD,DEV,-11.7,101.6,15,1010,266,15,266,15,NaN,NaN,NaN,NaN,NaN,NaN,NaN,NaN,NaN,NaN,DB,NW,c,c,NaN,NaN,NaN,NaN,NaN,NaN,
2012021218,a9s.2012,9X-A9S,TD,DEV,-12.1,100.0,20,1007,262,15,262,15,NaN,NaN,NaN,NaN,NaN,NaN,NaN,NaN,NaN,NaN,DB,NW,c,c,NaN,NaN,NaN,NaN,NaN,NaN,
2012021300,a9s.2012,9X-A9S,TD,DEV,-12.5,98.0,25,1004,260,17,257,18,NaN,NaN,NaN,NaN,NaN,NaN,NaN,NaN,NaN,NaN,DB,NW,C,C,150,1008,NaN,S,15,NaN,
2012021306,a9s.2012,9X-A9S,TD,DEV,-12.1,97.0,30,1000,270,14,270,15,NaN,NaN,NaN,NaN,NaN,NaN,NaN,NaN,NaN,NaN,DB,NW,C,C,150,1008,NaN,S,45,NaN,
2012021312,a9s.2012,9X-A9S,TD,DEV,-12.1,96.1,30,1000,270,12,282,9,NaN,NaN,NaN,NaN,NaN,NaN,NaN,NaN,NaN,NaN,DB,NW,C,C,150,1008,NaN,S,40,NaN,
2012021318,a9s.2012,9X-A9S,TD,DEV,-12.2,94.5,30,1000,270,12,268,12,NaN,NaN,NaN,NaN,NaN,NaN,NaN,NaN,NaN,NaN,DB,NW,C,C,150,1008,NaN,S,40,NaN,
2012021400,a9s.2012,9X-A9S,TD,DEV,-12.8,92.5,30,1000,260,15,259,18,NaN,NaN,NaN,NaN,NaN,NaN,NaN,NaN,NaN,NaN,DB,NW,C,C,150,1008,NaN,S,40,NaN,
2012022318,b1s.2012,9X-B1S,TD,NONdev,-6.7,88.4,15,1010,198,2,198,2,NaN,NaN,NaN,NaN,NaN,NaN,NaN,NaN,NaN,NaN,DB,NW,b,b,NaN,NaN,NaN,NaN,NaN,NaN,
2012022400,b1s.2012,9X-B1S,TD,NONdev,-6.6,88.5,15,1010,198,2,198,2,NaN,NaN,NaN,NaN,NaN,NaN,NaN,NaN,NaN,NaN,DB,NW,b,b,NaN,NaN,NaN,NaN,NaN,NaN,
2012022406,b1s.2012,9X-B1S,TD,NONdev,-7.0,88.3,15,1010,198,2,198,2,NaN,NaN,NaN,NaN,NaN,NaN,NaN,NaN,NaN,NaN,DB,NW,b,b,NaN,NaN,NaN,NaN,NaN,NaN,
2012022412,b1s.2012,9X-B1S,TD,NONdev,-7.1,88.0,15,1010,236,2,225,4,NaN,NaN,NaN,NaN,NaN,NaN,NaN,NaN,NaN,NaN,DB,NW,c,c,NaN,NaN,NaN,NaN,NaN,NaN,
2012022418,b1s.2012,9X-B1S,TD,NONdev,-7.8,87.9,15,1010,206,4,206,4,NaN,NaN,NaN,NaN,NaN,NaN,NaN,NaN,NaN,NaN,DB,NW,c,c,NaN,NaN,NaN,NaN,NaN,NaN,
2012022500,b1s.2012,9X-B1S,TD,NONdev,-7.9,87.5,15,1010,206,4,216,4,NaN,NaN,NaN,NaN,NaN,NaN,NaN,NaN,NaN,NaN,DB,NW,c,c,NaN,NaN,NaN,NaN,NaN,NaN,
2012022506,b1s.2012,9X-B1S,TD,NONdev,-8.1,87.0,15,1010,213,5,225,5,NaN,NaN,NaN,NaN,NaN,NaN,NaN,NaN,NaN,NaN,DB,NW,c,c,NaN,NaN,NaN,NaN,NaN,NaN,
2012022512,b1s.2012,9X-B1S,TD,NONdev,-9.1,87.7,15,1010,213,5,204,6,NaN,NaN,NaN,NaN,NaN,NaN,NaN,NaN,NaN,NaN,DB,NW,c,c,NaN,NaN,NaN,NaN,NaN,NaN,
2012022518,b1s.2012,9X-B1S,TD,NONdev,-10.2,88.3,15,1010,213,5,183,6,NaN,NaN,NaN,NaN,NaN,NaN,NaN,NaN,NaN,NaN,DB,NW,c,c,NaN,NaN,NaN,NaN,NaN,NaN,
2012022600,b1s.2012,9X-B1S,TD,NONdev,-11.2,89.0,15,1010,168,9,162,7,NaN,NaN,NaN,NaN,NaN,NaN,NaN,NaN,NaN,NaN,DB,NW,c,c,NaN,NaN,NaN,NaN,NaN,NaN,
2012022606,b1s.2012,9X-B1S,TD,NONdev,-13.0,88.8,15,1010,174,10,160,13,NaN,NaN,NaN,NaN,NaN,NaN,NaN,NaN,NaN,NaN,DB,NW,c,c,NaN,NaN,NaN,NaN,NaN,NaN,
2012022612,b1s.2012,9X-B1S,TD,NONdev,-13.8,88.9,15,1010,173,9,182,13,NaN,NaN,NaN,NaN,NaN,NaN,NaN,NaN,NaN,NaN,DB,NW,c,c,NaN,NaN,NaN,NaN,NaN,NaN,
2012022618,b1s.2012,9X-B1S,TD,NONdev,-14.6,89.0,15,1010,173,8,173,8,NaN,NaN,NaN,NaN,NaN,NaN,NaN,NaN,NaN,NaN,DB,NW,c,c,NaN,NaN,NaN,NaN,NaN,NaN,
2012022412,b2s.2012,9X-B2S,TD,DEV,-12.0,60.3,15,1010,251,3,251,3,NaN,NaN,NaN,NaN,NaN,NaN,NaN,NaN,NaN,NaN,DB,NW,c,c,NaN,NaN,NaN,NaN,NaN,NaN,
2012022418,b2s.2012,9X-B2S,TD,DEV,-12.1,60.0,15,1007,251,3,251,3,NaN,NaN,NaN,NaN,NaN,NaN,NaN,NaN,NaN,NaN,DB,NW,c,c,NaN,NaN,NaN,NaN,NaN,NaN,
2012022500,b2s.2012,9X-B2S,TD,DEV,-12.2,59.7,15,1007,251,3,251,3,NaN,NaN,NaN,NaN,NaN,NaN,NaN,NaN,NaN,NaN,DB,NW,c,c,NaN,NaN,NaN,NaN,NaN,NaN,
2012022506,b2s.2012,9X-B2S,TD,DEV,-13.0,56.9,15,1007,248,7,253,16,NaN,NaN,NaN,NaN,NaN,NaN,NaN,NaN,NaN,NaN,DB,NW,c,c,NaN,NaN,NaN,NaN,NaN,NaN,
2012022512,b2s.2012,9X-B2S,TD,DEV,-13.7,54.4,20,1007,254,27,254,27,NaN,NaN,NaN,NaN,NaN,NaN,NaN,NaN,NaN,NaN,DB,NW,b,b,NaN,NaN,NaN,NaN,NaN,NaN,
2012022518,b2s.2012,9X-B2S,TD,DEV,-13.9,53.2,20,1000,260,11,256,19,NaN,NaN,NaN,NaN,NaN,NaN,NaN,NaN,NaN,NaN,DB,NW,C,C,180,1004,NaN,S,45,NaN,
2012022600,b2s.2012,9X-B2S,TD,DEV,-13.7,51.7,30,1000,265,12,270,13,NaN,NaN,NaN,NaN,NaN,NaN,NaN,NaN,NaN,NaN,DB,NW,C,C,180,1004,NaN,S,45,NaN,
2012022606,b2s.2012,9X-B2S,TD,DEV,-13.2,51.0,25,1004,280,11,288,11,NaN,NaN,NaN,NaN,NaN,NaN,NaN,NaN,NaN,NaN,DB,NW,C,C,170,1005,NaN,S,45,NaN,
2012022612,b2s.2012,9X-B2S,TD,DEV,-13.1,50.2,25,1004,280,10,292,8,NaN,NaN,NaN,NaN,NaN,NaN,NaN,NaN,NaN,NaN,DB,NW,C,C,170,1005,0.32,S,45,NaN,
2012022618,b2s.2012,9X-B2S,TD,DEV,-13.4,49.4,30,998,270,8,263,8,NaN,NaN,NaN,NaN,NaN,NaN,NaN,NaN,NaN,NaN,DB,NW,C,C,180,1004,0.96,S,45,NaN,
2012022700,b2s.2012,9X-B2S,TD,DEV,-13.5,48.5,30,998,265,8,256,9,NaN,NaN,NaN,NaN,NaN,NaN,NaN,NaN,NaN,NaN,DB,NW,C,C,180,1004,0.55,S,45,NaN,
2012022706,b2s.2012,9X-B2S,TD,DEV,-13.7,46.9,25,1004,265,11,263,12,NaN,NaN,NaN,NaN,NaN,NaN,NaN,NaN,NaN,NaN,DB,NW,C,C,170,1005,NaN,S,45,NaN,
2012022712,b2s.2012,9X-B2S,TD,DEV,-14.8,46.0,25,1004,245,12,242,14,NaN,NaN,NaN,NaN,NaN,NaN,NaN,NaN,NaN,NaN,DB,NW,C,C,170,1005,NaN,S,45,NaN,
2012022718,b2s.2012,9X-B2S,TD,DEV,-15.9,45.9,25,1003,225,12,204,12,NaN,NaN,NaN,NaN,NaN,NaN,NaN,NaN,NaN,NaN,DB,NW,C,C,170,1005,0.66,S,25,NaN,
2012022800,b2s.2012,9X-B2S,TD,DEV,-16.1,45.2,25,1004,230,10,211,8,NaN,NaN,NaN,NaN,NaN,NaN,NaN,NaN,NaN,NaN,DB,NW,C,C,170,1005,0.38,S,25,NaN,
2012022806,b2s.2012,9X-B2S,TD,DEV,-16.3,43.9,25,1004,245,8,258,10,NaN,NaN,NaN,NaN,NaN,NaN,NaN,NaN,NaN,NaN,DB,NW,C,C,170,1005,0.08,S,25,NaN,
2012022812,b2s.2012,9X-B2S,TD,DEV,-16.2,43.2,25,1004,265,9,267,10,NaN,NaN,NaN,NaN,NaN,NaN,NaN,NaN,NaN,NaN,DB,NW,C,C,170,1005,NaN,S,25,NaN,
2012022818,b2s.2012,9X-B2S,TD,DEV,-16.1,43.2,25,999,270,6,287,4,NaN,NaN,NaN,NaN,NaN,NaN,NaN,NaN,NaN,NaN,DB,NW,C,C,180,1003,NaN,S,25,NaN,
2012030412,b3s.2012,9X-B3S,TD,DEV,-12.2,106.2,15,1010,256,6,256,6,NaN,NaN,NaN,NaN,NaN,NaN,NaN,NaN,NaN,NaN,DB,NW,b,b,NaN,NaN,NaN,NaN,NaN,NaN,
2012030418,b3s.2012,9X-B3S,TD,DEV,-12.3,106.8,15,1010,256,6,256,6,NaN,NaN,NaN,NaN,NaN,NaN,NaN,NaN,NaN,NaN,DB,NW,b,b,NaN,NaN,NaN,NaN,NaN,NaN,
2012030500,b3s.2012,9X-B3S,TD,DEV,-12.5,105.0,15,1010,256,6,256,6,NaN,NaN,NaN,NaN,NaN,NaN,NaN,NaN,NaN,NaN,DB,NW,c,c,NaN,NaN,NaN,NaN,NaN,NaN,
2012030506,b3s.2012,9X-B3S,TD,DEV,-11.2,104.3,15,1010,294,13,294,13,NaN,NaN,NaN,NaN,NaN,NaN,NaN,NaN,NaN,NaN,DB,NW,b,b,NaN,NaN,NaN,NaN,NaN,NaN,
2012030512,b3s.2012,9X-B3S,TD,DEV,-13.4,104.7,15,1010,240,8,198,5,NaN,NaN,NaN,NaN,NaN,NaN,NaN,NaN,NaN,NaN,DB,NW,c,c,NaN,NaN,NaN,NaN,NaN,NaN,
2012030518,b3s.2012,9X-B3S,TD,DEV,-13.7,102.4,15,1010,255,13,217,16,NaN,NaN,NaN,NaN,NaN,NaN,NaN,NaN,NaN,NaN,DB,NW,c,c,NaN,NaN,NaN,NaN,NaN,NaN,
2012030600,b3s.2012,9X-B3S,TD,DEV,-13.0,100.2,15,1010,248,14,275,22,NaN,NaN,NaN,NaN,NaN,NaN,NaN,NaN,NaN,NaN,DB,NW,c,c,NaN,NaN,NaN,NaN,NaN,NaN,
2012030606,b3s.2012,9X-B3S,TD,DEV,-12.4,100.0,15,1010,299,13,299,13,NaN,NaN,NaN,NaN,NaN,NaN,NaN,NaN,NaN,NaN,DB,NW,b,b,NaN,NaN,NaN,NaN,NaN,NaN,
2012030612,b3s.2012,9X-B3S,TD,DEV,-12.5,99.6,15,1007,254,4,311,4,NaN,NaN,NaN,NaN,NaN,NaN,NaN,NaN,NaN,NaN,DB,NW,c,c,NaN,NaN,NaN,NaN,NaN,NaN,
2012030618,b3s.2012,9X-B3S,TD,DEV,-13.2,98.4,25,1003,245,7,243,9,NaN,NaN,NaN,NaN,NaN,NaN,NaN,NaN,NaN,NaN,DB,NW,C,C,150,1005,NaN,S,45,NaN,
2012030700,b3s.2012,9X-B3S,TD,DEV,-14.1,96.9,30,1000,240,12,239,15,NaN,NaN,NaN,NaN,NaN,NaN,NaN,NaN,NaN,NaN,DB,NW,C,C,150,1005,NaN,S,45,NaN,
2012030412,b4p.2012,9X-B4P,TD,NONdev,-25.1,152.4,15,1010,146,5,146,5,NaN,NaN,NaN,NaN,NaN,NaN,NaN,NaN,NaN,NaN,DB,NW,b,b,NaN,NaN,0.52,NaN,NaN,NaN,
2012030418,b4p.2012,9X-B4P,TD,NONdev,-25.5,152.7,15,1010,146,5,146,5,NaN,NaN,NaN,NaN,NaN,NaN,NaN,NaN,NaN,NaN,DB,NW,b,b,NaN,NaN,0.84,NaN,NaN,NaN,
2012030500,b4p.2012,9X-B4P,TD,NONdev,-25.9,153.0,20,1007,146,5,146,5,NaN,NaN,NaN,NaN,NaN,NaN,NaN,NaN,NaN,NaN,DB,NW,b,b,NaN,NaN,0.57,NaN,NaN,NaN,
2012030506,b4p.2012,9X-B4P,TD,NONdev,-26.2,154.1,25,1004,125,6,119,7,NaN,NaN,NaN,NaN,NaN,NaN,NaN,NaN,NaN,NaN,DB,NW,C,C,150,1008,NaN,S,30,NaN,
2012030512,b4p.2012,9X-B4P,TD,NONdev,-25.8,154.9,25,1004,100,7,87,9,NaN,NaN,NaN,NaN,NaN,NaN,NaN,NaN,NaN,NaN,DB,NW,C,C,150,1008,NaN,S,30,NaN,
2012030518,b4p.2012,9X-B4P,TD,NONdev,-25.1,155.5,25,1004,56,10,49,8,NaN,NaN,NaN,NaN,NaN,NaN,NaN,NaN,NaN,NaN,DB,NW,c,c,NaN,NaN,NaN,NaN,NaN,NaN,
2012030600,b4p.2012,9X-B4P,TD,NONdev,-23.2,153.7,25,1004,337,14,337,14,NaN,NaN,NaN,NaN,NaN,NaN,NaN,NaN,NaN,NaN,DB,NW,b,b,NaN,NaN,NaN,NaN,NaN,NaN,
2012030606,b4p.2012,9X-B4P,TD,NONdev,-22.3,154.1,30,1000,350,11,335,15,NaN,NaN,NaN,NaN,NaN,NaN,NaN,NaN,NaN,NaN,DB,NW,C,C,180,1005,NaN,S,50,NaN,
2012030612,b4p.2012,9X-B4P,TD,NONdev,-21.3,154.0,30,1000,355,11,8,10,NaN,NaN,NaN,NaN,NaN,NaN,NaN,NaN,NaN,NaN,DB,NW,C,C,180,1005,NaN,S,50,NaN,
2012030618,b4p.2012,9X-B4P,TD,NONdev,-21.0,153.7,30,1000,0,7,344,7,NaN,NaN,NaN,NaN,NaN,NaN,NaN,NaN,NaN,NaN,DB,NW,C,C,150,1004,NaN,S,50,NaN,
2012030700,b4p.2012,9X-B4P,TD,NONdev,-20.7,153.3,25,1004,335,6,313,4,NaN,NaN,NaN,NaN,NaN,NaN,NaN,NaN,NaN,NaN,DB,NW,C,C,120,1005,NaN,S,45,NaN,
2012030706,b4p.2012,9X-B4P,TD,NONdev,-20.6,153.6,25,1004,347,2,347,2,NaN,NaN,NaN,NaN,NaN,NaN,NaN,NaN,NaN,NaN,DB,NW,c,c,NaN,NaN,NaN,NaN,NaN,NaN,
2012030712,b4p.2012,9X-B4P,TD,NONdev,-20.8,153.0,25,1004,250,1,250,1,NaN,NaN,NaN,NaN,NaN,NaN,NaN,NaN,NaN,NaN,DB,NW,c,c,NaN,NaN,NaN,NaN,NaN,NaN,
2012030718,b4p.2012,9X-B4P,TD,NONdev,-20.3,152.8,25,1004,292,4,292,4,NaN,NaN,NaN,NaN,NaN,NaN,NaN,NaN,NaN,NaN,DB,NW,c,c,NaN,NaN,NaN,NaN,NaN,NaN,
2012030800,b4p.2012,9X-B4P,TD,NONdev,-20.3,152.6,25,1004,323,3,323,3,NaN,NaN,NaN,NaN,NaN,NaN,NaN,NaN,NaN,NaN,DB,NW,c,c,NaN,NaN,NaN,NaN,NaN,NaN,
2012030806,b4p.2012,9X-B4P,TD,NONdev,-21.3,152.7,25,1004,185,5,185,5,NaN,NaN,NaN,NaN,NaN,NaN,NaN,NaN,NaN,NaN,DB,NW,b,b,NaN,NaN,NaN,NaN,NaN,NaN,
2012030812,b4p.2012,9X-B4P,TD,NONdev,-21.7,153.0,25,1004,165,7,165,7,NaN,NaN,NaN,NaN,NaN,NaN,NaN,NaN,NaN,NaN,DB,NW,c,c,NaN,NaN,NaN,NaN,NaN,NaN,
2012030818,b4p.2012,9X-B4P,TD,NONdev,-22.0,153.3,25,1004,141,4,141,4,NaN,NaN,NaN,NaN,NaN,NaN,NaN,NaN,NaN,NaN,DB,NW,c,c,NaN,NaN,NaN,NaN,NaN,NaN,
2012030900,b4p.2012,9X-B4P,TD,NONdev,-22.3,154.3,25,1004,116,7,116,7,NaN,NaN,NaN,NaN,NaN,NaN,NaN,NaN,NaN,NaN,DB,NW,c,c,NaN,NaN,NaN,NaN,NaN,NaN,
2012030800,b5s.2012,9X-B5S,TD,DEV,-12.2,113.2,15,1010,270,1,270,1,NaN,NaN,NaN,NaN,NaN,NaN,NaN,NaN,NaN,NaN,DB,NW,b,b,NaN,NaN,NaN,NaN,NaN,NaN,
2012030806,b5s.2012,9X-B5S,TD,DEV,-12.2,113.1,15,1010,270,1,270,1,NaN,NaN,NaN,NaN,NaN,NaN,NaN,NaN,NaN,NaN,DB,NW,b,b,NaN,NaN,NaN,NaN,NaN,NaN,
2012030812,b5s.2012,9X-B5S,TD,DEV,-12.2,113.0,15,1010,270,1,270,1,NaN,NaN,NaN,NaN,NaN,NaN,NaN,NaN,NaN,NaN,DB,NW,b,b,NaN,NaN,NaN,NaN,NaN,NaN,
2012030818,b5s.2012,9X-B5S,TD,DEV,-12.2,112.9,15,1010,270,1,270,1,NaN,NaN,NaN,NaN,NaN,NaN,NaN,NaN,NaN,NaN,DB,NW,c,c,NaN,NaN,NaN,NaN,NaN,NaN,
2012030900,b5s.2012,9X-B5S,TD,DEV,-13.0,113.0,15,1010,270,1,180,4,NaN,NaN,NaN,NaN,NaN,NaN,NaN,NaN,NaN,NaN,DB,NW,c,c,NaN,NaN,NaN,NaN,NaN,NaN,
2012030906,b5s.2012,9X-B5S,TD,DEV,-13.0,112.9,15,1010,270,1,180,4,NaN,NaN,NaN,NaN,NaN,NaN,NaN,NaN,NaN,NaN,DB,NW,c,c,NaN,NaN,NaN,NaN,NaN,NaN,
2012030912,b5s.2012,9X-B5S,TD,DEV,-13.0,112.7,15,1010,270,1,270,1,NaN,NaN,NaN,NaN,NaN,NaN,NaN,NaN,NaN,NaN,DB,NW,c,c,NaN,NaN,NaN,NaN,NaN,NaN,
2012030918,b5s.2012,9X-B5S,TD,DEV,-14.3,113.4,15,1010,270,1,160,7,NaN,NaN,NaN,NaN,NaN,NaN,NaN,NaN,NaN,NaN,DB,NW,c,c,NaN,NaN,NaN,NaN,NaN,NaN,
2012031000,b5s.2012,9X-B5S,TD,DEV,-15.8,114.5,15,1010,147,2,148,16,NaN,NaN,NaN,NaN,NaN,NaN,NaN,NaN,NaN,NaN,DB,NW,c,c,NaN,NaN,NaN,NaN,NaN,NaN,
2012031006,b5s.2012,9X-B5S,TD,DEV,-16.6,114.8,15,1010,154,4,150,13,NaN,NaN,NaN,NaN,NaN,NaN,NaN,NaN,NaN,NaN,DB,NW,c,c,NaN,NaN,NaN,NaN,NaN,NaN,
2012031012,b5s.2012,9X-B5S,TD,DEV,-17.1,114.9,15,1010,162,5,164,7,NaN,NaN,NaN,NaN,NaN,NaN,NaN,NaN,NaN,NaN,DB,NW,c,c,NaN,NaN,NaN,NaN,NaN,NaN,
2012031018,b5s.2012,9X-B5S,TD,DEV,-18.3,113.6,15,1010,168,5,214,10,NaN,NaN,NaN,NaN,NaN,NaN,NaN,NaN,NaN,NaN,DB,NW,c,c,NaN,NaN,NaN,NaN,NaN,NaN,
2012031100,b5s.2012,9X-B5S,TD,DEV,-18.1,114.9,15,1010,167,4,180,5,NaN,NaN,NaN,NaN,NaN,NaN,NaN,NaN,NaN,NaN,DB,NW,c,c,NaN,NaN,NaN,NaN,NaN,NaN,
2012031106,b5s.2012,9X-B5S,TD,DEV,-18.4,114.7,15,1010,180,4,95,5,NaN,NaN,NaN,NaN,NaN,NaN,NaN,NaN,NaN,NaN,DB,NW,c,c,NaN,NaN,NaN,NaN,NaN,NaN,
2012031112,b5s.2012,9X-B5S,TD,DEV,-18.7,114.7,15,1010,180,3,198,3,NaN,NaN,NaN,NaN,NaN,NaN,NaN,NaN,NaN,NaN,DB,NW,c,c,NaN,NaN,NaN,NaN,NaN,NaN,
2012031118,b5s.2012,9X-B5S,TD,DEV,-18.3,115.7,15,1010,180,3,84,5,NaN,NaN,NaN,NaN,NaN,NaN,NaN,NaN,NaN,NaN,DB,NW,c,c,NaN,NaN,NaN,NaN,NaN,NaN,
2012031200,b5s.2012,9X-B5S,TD,DEV,-17.8,116.6,15,1007,180,3,63,10,NaN,NaN,NaN,NaN,NaN,NaN,NaN,NaN,NaN,NaN,DB,NW,c,c,NaN,NaN,NaN,NaN,NaN,NaN,
2012031206,b5s.2012,9X-B5S,TD,DEV,-18.8,116.4,15,1004,223,1,127,4,NaN,NaN,NaN,NaN,NaN,NaN,NaN,NaN,NaN,NaN,TD,NW,c,c,NaN,NaN,NaN,NaN,NaN,NaN,
2012031212,b5s.2012,9X-B5S,TD,DEV,-18.0,114.4,25,1002,90,4,265,11,NaN,NaN,NaN,NaN,NaN,NaN,NaN,NaN,NaN,NaN,TD,NW,c,c,150,1004,NaN,NaN,40,NaN,
2012031218,b5s.2012,9X-B5S,TD,DEV,-18.6,115.5,25,1000,115,4,283,4,NaN,NaN,NaN,NaN,NaN,NaN,NaN,NaN,NaN,NaN,DB,NW,C,C,240,1003,NaN,S,40,NaN,
2012031300,b5s.2012,9X-B5S,TD,DEV,-18.9,115.7,30,1000,130,4,126,8,NaN,NaN,NaN,NaN,NaN,NaN,NaN,NaN,NaN,NaN,DB,NW,C,C,240,1003,NaN,S,40,NaN,
2012030900,b6s.2012,9X-B6S,TD,NONdev,-8.7,134.8,15,1010,23,4,23,4,NaN,NaN,NaN,NaN,NaN,NaN,NaN,NaN,NaN,NaN,DB,NW,b,b,NaN,NaN,NaN,NaN,NaN,NaN,
2012030906,b6s.2012,9X-B6S,TD,NONdev,-7.1,134.3,15,1010,23,4,23,4,NaN,NaN,NaN,NaN,NaN,NaN,NaN,NaN,NaN,NaN,DB,NW,b,b,NaN,NaN,0.16,NaN,NaN,NaN,
2012030912,b6s.2012,9X-B6S,TD,NONdev,-8.0,135.1,15,1010,23,4,23,4,NaN,NaN,NaN,NaN,NaN,NaN,NaN,NaN,NaN,NaN,DB,NW,b,b,NaN,NaN,NaN,NaN,NaN,NaN,
2012030918,b6s.2012,9X-B6S,TD,NONdev,-9.0,136.0,15,1010,97,4,138,13,NaN,NaN,NaN,NaN,NaN,NaN,NaN,NaN,NaN,NaN,DB,NW,c,c,NaN,NaN,NaN,NaN,NaN,NaN,
2012031000,b6s.2012,9X-B6S,TD,NONdev,-7.7,135.8,15,1010,114,5,67,4,NaN,NaN,NaN,NaN,NaN,NaN,NaN,NaN,NaN,NaN,DB,NW,c,c,NaN,NaN,NaN,NaN,NaN,NaN,
2012031006,b6s.2012,9X-B6S,TD,NONdev,-8.1,133.0,15,1010,266,7,287,16,NaN,NaN,NaN,NaN,NaN,NaN,NaN,NaN,NaN,NaN,DB,NW,c,c,NaN,NaN,NaN,NaN,NaN,NaN,
2012031012,b6s.2012,9X-B6S,TD,NONdev,-7.5,132.6,15,1010,275,6,274,16,NaN,NaN,NaN,NaN,NaN,NaN,NaN,NaN,NaN,NaN,DB,NW,c,c,NaN,NaN,NaN,NaN,NaN,NaN,
2012031018,b6s.2012,9X-B6S,TD,NONdev,-7.0,131.3,15,1010,283,9,303,10,NaN,NaN,NaN,NaN,NaN,NaN,NaN,NaN,NaN,NaN,DB,NW,c,c,NaN,NaN,0.13,NaN,NaN,NaN,
2012031100,b6s.2012,9X-B6S,TD,NONdev,-7.4,130.9,15,1010,265,12,273,8,NaN,NaN,NaN,NaN,NaN,NaN,NaN,NaN,NaN,NaN,DB,NW,c,c,NaN,NaN,0.19,NaN,NaN,NaN,
2012031106,b6s.2012,9X-B6S,TD,NONdev,-9.2,130.5,15,1010,259,5,200,12,NaN,NaN,NaN,NaN,NaN,NaN,NaN,NaN,NaN,NaN,DB,NW,c,c,NaN,NaN,NaN,NaN,NaN,NaN,
2012031112,b6s.2012,9X-B6S,TD,NONdev,-9.4,129.6,15,1006,254,7,213,12,NaN,NaN,NaN,NaN,NaN,NaN,NaN,NaN,NaN,NaN,DB,NW,c,c,NaN,NaN,NaN,NaN,NaN,NaN,
2012031118,b6s.2012,9X-B6S,TD,NONdev,-10.4,127.5,15,1004,236,7,248,16,NaN,NaN,NaN,NaN,NaN,NaN,NaN,NaN,NaN,NaN,DB,NW,c,c,NaN,NaN,NaN,NaN,NaN,NaN,
2012031200,b6s.2012,9X-B6S,TD,NONdev,-10.4,126.6,15,1002,235,10,251,16,NaN,NaN,NaN,NaN,NaN,NaN,NaN,NaN,NaN,NaN,DB,NW,c,c,NaN,NaN,NaN,NaN,NaN,NaN,
2012031206,b6s.2012,9X-B6S,TD,NONdev,-11.9,126.0,15,1000,236,9,224,11,NaN,NaN,NaN,NaN,NaN,NaN,NaN,NaN,NaN,NaN,TD,NW,c,c,NaN,NaN,NaN,NaN,NaN,NaN,
2012031212,b6s.2012,9X-B6S,TD,NONdev,-11.4,128.7,25,1000,240,6,116,11,NaN,NaN,NaN,NaN,NaN,NaN,NaN,NaN,NaN,NaN,DB,NW,C,C,150,1004,NaN,S,40,NaN,
2012031218,b6s.2012,9X-B6S,TD,NONdev,-12.1,128.0,25,1000,230,8,96,10,NaN,NaN,NaN,NaN,NaN,NaN,NaN,NaN,NaN,NaN,DB,NW,C,C,140,1003,NaN,S,40,NaN,
2012031300,b6s.2012,9X-B6S,TD,NONdev,-12.3,127.1,25,1000,235,8,240,9,NaN,NaN,NaN,NaN,NaN,NaN,NaN,NaN,NaN,NaN,DB,NW,C,C,140,1004,NaN,S,40,NaN,
2012031306,b6s.2012,9X-B6S,TD,NONdev,-12.3,126.4,30,1000,250,8,263,8,NaN,NaN,NaN,NaN,NaN,NaN,NaN,NaN,NaN,NaN,DB,NW,C,C,160,1003,NaN,S,40,NaN,
2012031312,b6s.2012,9X-B6S,TD,NONdev,-12.5,127.8,30,1000,205,1,106,4,NaN,NaN,NaN,NaN,NaN,NaN,NaN,NaN,NaN,NaN,DB,NW,C,C,160,1003,NaN,S,40,NaN,
2012031318,b6s.2012,9X-B6S,TD,NONdev,-13.8,127.5,30,1000,195,4,144,9,NaN,NaN,NaN,NaN,NaN,NaN,NaN,NaN,NaN,NaN,DB,NW,C,C,130,1002,0.38,S,40,NaN,
2012031400,b6s.2012,9X-B6S,TD,NONdev,-14.8,127.4,30,1000,190,6,190,12,NaN,NaN,NaN,NaN,NaN,NaN,NaN,NaN,NaN,NaN,DB,NW,C,C,130,1002,0.99,S,40,NaN,
2012031406,b6s.2012,9X-B6S,TD,NONdev,-14.3,128.6,25,998,135,5,115,6,NaN,NaN,NaN,NaN,NaN,NaN,NaN,NaN,NaN,NaN,DB,NW,C,C,120,1002,0.15,S,40,NaN,
2012031412,b6s.2012,9X-B6S,TD,NONdev,-15.0,129.9,25,1000,110,9,95,12,NaN,NaN,NaN,NaN,NaN,NaN,NaN,NaN,NaN,NaN,DB,NW,C,C,130,1002,0.84,S,40,NaN,
2012031418,b6s.2012,9X-B6S,TD,NONdev,-15.9,131.8,25,1004,111,17,117,17,NaN,NaN,NaN,NaN,NaN,NaN,NaN,NaN,NaN,NaN,DB,NW,c,c,NaN,NaN,1.00,NaN,NaN,NaN,
2012031500,b6s.2012,9X-B6S,TD,NONdev,-16.4,133.8,25,1004,110,20,110,20,NaN,NaN,NaN,NaN,NaN,NaN,NaN,NaN,NaN,NaN,DB,NW,c,c,NaN,NaN,1.00,NaN,NaN,NaN,
2012031506,b6s.2012,9X-B6S,TD,NONdev,-16.7,133.9,25,1004,112,11,112,11,NaN,NaN,NaN,NaN,NaN,NaN,NaN,NaN,NaN,NaN,DB,NW,c,c,NaN,NaN,1.00,NaN,NaN,NaN,
2012031512,b6s.2012,9X-B6S,TD,NONdev,-16.9,134.5,25,1004,107,9,127,4,NaN,NaN,NaN,NaN,NaN,NaN,NaN,NaN,NaN,NaN,DB,NW,c,c,NaN,NaN,0.98,NaN,NaN,NaN,
2012031518,b6s.2012,9X-B6S,TD,NONdev,-17.0,136.0,25,1004,98,10,98,10,NaN,NaN,NaN,NaN,NaN,NaN,NaN,NaN,NaN,NaN,DB,NW,c,c,NaN,NaN,1.00,NaN,NaN,NaN,
2012031600,b6s.2012,9X-B6S,TD,NONdev,-16.8,138.0,25,1004,88,17,88,17,NaN,NaN,NaN,NaN,NaN,NaN,NaN,NaN,NaN,NaN,DB,NW,c,c,NaN,NaN,0.89,NaN,NaN,NaN,
2012031606,b6s.2012,9X-B6S,TD,NONdev,-16.8,138.0,25,1004,84,10,84,10,NaN,NaN,NaN,NaN,NaN,NaN,NaN,NaN,NaN,NaN,DB,NW,c,c,NaN,NaN,0.89,NaN,NaN,NaN,
2012031612,b6s.2012,9X-B6S,TD,NONdev,-17.6,138.9,25,1004,105,10,133,6,NaN,NaN,NaN,NaN,NaN,NaN,NaN,NaN,NaN,NaN,DB,NW,c,c,NaN,NaN,0.87,NaN,NaN,NaN,
2012031618,b6s.2012,9X-B6S,TD,NONdev,-16.5,140.6,25,997,80,12,83,13,NaN,NaN,NaN,NaN,NaN,NaN,NaN,NaN,NaN,NaN,DB,NW,C,C,150,1005,NaN,S,15,NaN,
2012031700,b6s.2012,9X-B6S,TD,NONdev,-16.8,141.6,25,994,85,11,73,14,NaN,NaN,NaN,NaN,NaN,NaN,NaN,NaN,NaN,NaN,DB,NW,C,C,200,1000,0.93,S,35,NaN,
2012031706,b6s.2012,9X-B6S,TD,NONdev,-16.7,141.6,25,1004,80,7,102,5,NaN,NaN,NaN,NaN,NaN,NaN,NaN,NaN,NaN,NaN,DB,NW,C,C,200,1005,0.75,S,35,NaN,
2012031712,b6s.2012,9X-B6S,TD,NONdev,-16.7,141.6,30,1000,80,7,360,1,NaN,NaN,NaN,NaN,NaN,NaN,NaN,NaN,NaN,NaN,DB,NW,C,C,300,1004,0.75,S,35,NaN,
2012031718,b6s.2012,9X-B6S,TD,NONdev,-17.0,141.1,30,993,155,1,238,3,NaN,NaN,NaN,NaN,NaN,NaN,NaN,NaN,NaN,NaN,DB,NW,C,C,300,1004,0.48,S,35,NaN,
2012031800,b6s.2012,9X-B6S,TD,NONdev,-16.8,140.9,30,993,270,2,262,3,NaN,NaN,NaN,NaN,NaN,NaN,NaN,NaN,NaN,NaN,DB,NW,C,C,300,1004,0.48,S,35,NaN,
2012031806,b6s.2012,9X-B6S,TD,NONdev,-16.8,140.7,30,995,285,2,298,2,NaN,NaN,NaN,NaN,NaN,NaN,NaN,NaN,NaN,NaN,DB,NW,C,C,320,1002,0.04,M,35,NaN,
2012031812,b6s.2012,9X-B6S,TD,NONdev,-16.9,141.4,25,997,70,1,102,2,NaN,NaN,NaN,NaN,NaN,NaN,NaN,NaN,NaN,NaN,DB,NW,C,C,320,1005,0.93,M,35,NaN,
2012031818,b6s.2012,9X-B6S,TD,NONdev,-17.1,141.1,25,994,150,1,128,2,NaN,NaN,NaN,NaN,NaN,NaN,NaN,NaN,NaN,NaN,DB,NW,C,C,170,1002,0.48,S,35,NaN,
2012031900,b6s.2012,9X-B6S,TD,NONdev,-17.3,141.0,25,994,150,2,224,3,NaN,NaN,NaN,NaN,NaN,NaN,NaN,NaN,NaN,NaN,DB,NW,C,C,170,1005,0.75,M,35,NaN,
2012031906,b6s.2012,9X-B6S,TD,NONdev,-17.3,141.2,25,992,205,1,154,1,NaN,NaN,NaN,NaN,NaN,NaN,NaN,NaN,NaN,NaN,DB,NW,C,C,170,1005,0.75,M,35,NaN,
2012031400,b7s.2012,9X-B7S,TD,NONdev,-11.8,47.3,15,1010,219,7,219,7,NaN,NaN,NaN,NaN,NaN,NaN,NaN,NaN,NaN,NaN,DB,NW,b,b,NaN,NaN,NaN,NaN,NaN,NaN,
2012031406,b7s.2012,9X-B7S,TD,NONdev,-12.1,47.1,15,1010,219,7,219,7,NaN,NaN,NaN,NaN,NaN,NaN,NaN,NaN,NaN,NaN,DB,NW,b,b,NaN,NaN,NaN,NaN,NaN,NaN,
2012031412,b7s.2012,9X-B7S,TD,NONdev,-12.9,46.4,15,1010,219,7,219,7,NaN,NaN,NaN,NaN,NaN,NaN,NaN,NaN,NaN,NaN,DB,NW,b,b,NaN,NaN,NaN,NaN,NaN,NaN,
2012031418,b7s.2012,9X-B7S,TD,NONdev,-12.8,46.6,15,1010,215,4,215,4,NaN,NaN,NaN,NaN,NaN,NaN,NaN,NaN,NaN,NaN,DB,NW,c,c,NaN,NaN,NaN,NaN,NaN,NaN,
2012031500,b7s.2012,9X-B7S,TD,NONdev,-12.6,45.7,15,1010,294,4,294,4,NaN,NaN,NaN,NaN,NaN,NaN,NaN,NaN,NaN,NaN,DB,NW,b,b,NaN,NaN,0.04,NaN,NaN,NaN,
2012031506,b7s.2012,9X-B7S,TD,NONdev,-12.5,45.4,15,1010,284,6,284,6,NaN,NaN,NaN,NaN,NaN,NaN,NaN,NaN,NaN,NaN,DB,NW,b,b,NaN,NaN,0.04,NaN,NaN,NaN,
2012031600,b8p.2012,9X-B8P,TD,NONdev,-23.2,170.3,15,1010,275,11,90,5,NaN,NaN,NaN,NaN,NaN,NaN,NaN,NaN,NaN,NaN,DB,NW,b,b,NaN,NaN,NaN,NaN,NaN,NaN,
2012031606,b8p.2012,9X-B8P,TD,NONdev,-24.0,170.2,15,1010,275,11,90,5,NaN,NaN,NaN,NaN,NaN,NaN,NaN,NaN,NaN,NaN,DB,NW,b,b,NaN,NaN,NaN,NaN,NaN,NaN,
2012031612,b8p.2012,9X-B8P,TD,NONdev,-23.6,171.1,15,1010,275,11,90,5,NaN,NaN,NaN,NaN,NaN,NaN,NaN,NaN,NaN,NaN,DB,NW,b,b,NaN,NaN,NaN,NaN,NaN,NaN,
2012031618,b8p.2012,9X-B8P,TD,NONdev,-23.2,171.9,15,1010,90,5,90,5,NaN,NaN,NaN,NaN,NaN,NaN,NaN,NaN,NaN,NaN,DB,NW,c,c,NaN,NaN,NaN,NaN,NaN,NaN,
2012031700,b8p.2012,9X-B8P,TD,NONdev,-23.3,172.3,15,1010,97,4,70,7,NaN,NaN,NaN,NaN,NaN,NaN,NaN,NaN,NaN,NaN,DB,NW,c,c,NaN,NaN,NaN,NaN,NaN,NaN,
2012031706,b8p.2012,9X-B8P,TD,NONdev,-24.5,170.7,15,1010,90,1,220,9,NaN,NaN,NaN,NaN,NaN,NaN,NaN,NaN,NaN,NaN,DB,NW,c,c,NaN,NaN,NaN,NaN,NaN,NaN,
2012031712,b8p.2012,9X-B8P,TD,NONdev,-25.0,171.4,15,1010,130,2,206,9,NaN,NaN,NaN,NaN,NaN,NaN,NaN,NaN,NaN,NaN,DB,NW,c,c,NaN,NaN,NaN,NaN,NaN,NaN,
2012031718,b8p.2012,9X-B8P,TD,NONdev,-25.1,171.6,15,1010,119,2,126,5,NaN,NaN,NaN,NaN,NaN,NaN,NaN,NaN,NaN,NaN,DB,NW,c,c,NaN,NaN,NaN,NaN,NaN,NaN,
2012031800,b8p.2012,9X-B8P,TD,NONdev,-25.2,171.8,15,1010,119,2,119,2,NaN,NaN,NaN,NaN,NaN,NaN,NaN,NaN,NaN,NaN,DB,NW,c,c,NaN,NaN,NaN,NaN,NaN,NaN,
2012032112,b9p.2012,9X-B9P,TD,NONdev,-14.4,154.0,15,1010,126,4,126,4,NaN,NaN,NaN,NaN,NaN,NaN,NaN,NaN,NaN,NaN,DB,NW,b,b,NaN,NaN,NaN,NaN,NaN,NaN,
2012032118,b9p.2012,9X-B9P,TD,NONdev,-14.7,154.4,15,1010,126,4,126,4,NaN,NaN,NaN,NaN,NaN,NaN,NaN,NaN,NaN,NaN,DB,NW,b,b,NaN,NaN,NaN,NaN,NaN,NaN,
2012032200,b9p.2012,9X-B9P,TD,NONdev,-14.9,154.7,15,1010,126,4,126,4,NaN,NaN,NaN,NaN,NaN,NaN,NaN,NaN,NaN,NaN,DB,NW,b,b,NaN,NaN,NaN,NaN,NaN,NaN,
2012032206,b9p.2012,9X-B9P,TD,NONdev,-15.0,155.0,15,1010,117,3,117,3,NaN,NaN,NaN,NaN,NaN,NaN,NaN,NaN,NaN,NaN,DB,NW,c,c,NaN,NaN,NaN,NaN,NaN,NaN,
2012032212,b9p.2012,9X-B9P,TD,NONdev,-15.1,155.3,15,1010,109,3,109,3,NaN,NaN,NaN,NaN,NaN,NaN,NaN,NaN,NaN,NaN,DB,NW,c,c,NaN,NaN,NaN,NaN,NaN,NaN,
2012032218,b9p.2012,9X-B9P,TD,NONdev,-15.2,155.5,15,1010,113,3,113,3,NaN,NaN,NaN,NaN,NaN,NaN,NaN,NaN,NaN,NaN,DB,NW,c,c,NaN,NaN,NaN,NaN,NaN,NaN,
2012032300,b9p.2012,9X-B9P,TD,NONdev,-17.1,154.8,15,1010,194,10,194,10,NaN,NaN,NaN,NaN,NaN,NaN,NaN,NaN,NaN,NaN,DB,NW,b,b,NaN,NaN,NaN,NaN,NaN,NaN,
2012042618,c0s.2012,9X-C0S,TD,NONdev,-11.2,53.4,15,1010,284,8,284,8,NaN,NaN,NaN,NaN,NaN,NaN,NaN,NaN,NaN,NaN,DB,NW,b,b,NaN,NaN,NaN,NaN,NaN,NaN,
2012042700,c0s.2012,9X-C0S,TD,NONdev,-11.1,53.3,15,1010,284,8,284,8,NaN,NaN,NaN,NaN,NaN,NaN,NaN,NaN,NaN,NaN,DB,NW,b,b,NaN,NaN,NaN,NaN,NaN,NaN,
2012042706,c0s.2012,9X-C0S,TD,NONdev,-10.8,51.8,15,1010,284,8,284,8,NaN,NaN,NaN,NaN,NaN,NaN,NaN,NaN,NaN,NaN,DB,NW,b,b,NaN,NaN,NaN,NaN,NaN,NaN,
2012042712,c0s.2012,9X-C0S,TD,NONdev,-10.8,53.0,15,1010,316,2,316,2,NaN,NaN,NaN,NaN,NaN,NaN,NaN,NaN,NaN,NaN,DB,NW,c,c,NaN,NaN,NaN,NaN,NaN,NaN,
2012042718,c0s.2012,9X-C0S,TD,NONdev,-10.5,51.4,15,1010,307,2,307,2,NaN,NaN,NaN,NaN,NaN,NaN,NaN,NaN,NaN,NaN,DB,NW,b,b,NaN,NaN,NaN,NaN,NaN,NaN,
2012042800,c0s.2012,9X-C0S,TD,NONdev,-10.3,51.1,15,1010,285,10,285,10,NaN,NaN,NaN,NaN,NaN,NaN,NaN,NaN,NaN,NaN,DB,NW,b,b,NaN,NaN,NaN,NaN,NaN,NaN,
2012032406,c1p.2012,9X-C1P,TD,NONdev,-7.5,175.6,15,1010,164,16,182,10,NaN,NaN,NaN,NaN,NaN,NaN,NaN,NaN,NaN,NaN,DB,NW,b,b,NaN,NaN,NaN,NaN,NaN,NaN,
2012032412,c1p.2012,9X-C1P,TD,NONdev,-9.1,176.1,15,1010,164,16,182,10,NaN,NaN,NaN,NaN,NaN,NaN,NaN,NaN,NaN,NaN,DB,NW,b,b,NaN,NaN,NaN,NaN,NaN,NaN,
2012032418,c1p.2012,9X-C1P,TD,NONdev,-10.6,176.5,15,1010,164,16,182,10,NaN,NaN,NaN,NaN,NaN,NaN,NaN,NaN,NaN,NaN,DB,NW,b,b,NaN,NaN,NaN,NaN,NaN,NaN,
2012032500,c1p.2012,9X-C1P,TD,NONdev,-11.3,176.1,15,1010,164,16,182,10,NaN,NaN,NaN,NaN,NaN,NaN,NaN,NaN,NaN,NaN,DB,NW,b,b,NaN,NaN,NaN,NaN,NaN,NaN,
2012032506,c1p.2012,9X-C1P,TD,NONdev,-11.9,175.8,15,1010,164,16,182,10,NaN,NaN,NaN,NaN,NaN,NaN,NaN,NaN,NaN,NaN,DB,NW,b,b,NaN,NaN,NaN,NaN,NaN,NaN,
2012032512,c1p.2012,9X-C1P,TD,NONdev,-12.6,175.4,15,1010,231,9,182,10,NaN,NaN,NaN,NaN,NaN,NaN,NaN,NaN,NaN,NaN,DB,NW,c,c,NaN,NaN,NaN,NaN,NaN,NaN,
2012032518,c1p.2012,9X-C1P,TD,NONdev,-11.2,175.9,15,1010,208,19,224,2,NaN,NaN,NaN,NaN,NaN,NaN,NaN,NaN,NaN,NaN,DB,NW,b,b,NaN,NaN,NaN,NaN,NaN,NaN,
2012032600,c1p.2012,9X-C1P,TD,NONdev,-12.6,177.4,15,1010,133,8,90,10,NaN,NaN,NaN,NaN,NaN,NaN,NaN,NaN,NaN,NaN,DB,NW,c,c,NaN,NaN,NaN,NaN,NaN,NaN,
2012032606,c1p.2012,9X-C1P,TD,NONdev,-12.6,174.5,15,1010,224,10,224,10,NaN,NaN,NaN,NaN,NaN,NaN,NaN,NaN,NaN,NaN,DB,NW,c,c,NaN,NaN,NaN,NaN,NaN,NaN,
2012032612,c1p.2012,9X-C1P,TD,NONdev,-11.7,174.3,15,1010,290,6,287,16,NaN,NaN,NaN,NaN,NaN,NaN,NaN,NaN,NaN,NaN,DB,NW,c,c,NaN,NaN,NaN,NaN,NaN,NaN,
2012032618,c1p.2012,9X-C1P,TD,NONdev,-12.4,174.8,15,1010,122,3,56,2,NaN,NaN,NaN,NaN,NaN,NaN,NaN,NaN,NaN,NaN,DB,NW,c,c,NaN,NaN,NaN,NaN,NaN,NaN,
2012032700,c1p.2012,9X-C1P,TD,NONdev,-12.6,175.0,15,1010,143,6,143,6,NaN,NaN,NaN,NaN,NaN,NaN,NaN,NaN,NaN,NaN,DB,NW,b,b,NaN,NaN,NaN,NaN,NaN,NaN,
2012032700,c2s.2012,9X-C2S,TD,NONdev,-17.1,51.1,15,1010,203,11,203,11,NaN,NaN,NaN,NaN,NaN,NaN,NaN,NaN,NaN,NaN,DB,NW,b,b,NaN,NaN,NaN,NaN,NaN,NaN,
2012032706,c2s.2012,9X-C2S,TD,NONdev,-18.0,50.5,15,1010,203,11,203,11,NaN,NaN,NaN,NaN,NaN,NaN,NaN,NaN,NaN,NaN,DB,NW,b,b,NaN,NaN,NaN,NaN,NaN,NaN,
2012032712,c2s.2012,9X-C2S,TD,NONdev,-19.1,50.2,15,1010,203,11,203,11,NaN,NaN,NaN,NaN,NaN,NaN,NaN,NaN,NaN,NaN,DB,NW,b,b,NaN,NaN,NaN,NaN,NaN,NaN,
2012032718,c2s.2012,9X-C2S,TD,NONdev,-20.0,50.0,15,NaN,193,10,193,10,NaN,NaN,NaN,NaN,NaN,NaN,NaN,NaN,NaN,NaN,DB,NW,c,c,NaN,NaN,NaN,NaN,NaN,NaN,
2012032700,c3p.2012,9X-C3P,TD,NONdev,-16.1,179.1,15,1010,159,3,159,3,NaN,NaN,NaN,NaN,NaN,NaN,NaN,NaN,NaN,NaN,DB,NW,b,b,NaN,NaN,0.05,NaN,NaN,NaN,
2012032706,c3p.2012,9X-C3P,TD,NONdev,-16.4,179.2,15,1010,159,3,159,3,NaN,NaN,NaN,NaN,NaN,NaN,NaN,NaN,NaN,NaN,DB,NW,b,b,NaN,NaN,0.34,NaN,NaN,NaN,
2012032712,c3p.2012,9X-C3P,TD,NONdev,-16.6,179.3,15,1010,159,3,159,3,NaN,NaN,NaN,NaN,NaN,NaN,NaN,NaN,NaN,NaN,DB,NW,b,b,NaN,NaN,0.34,NaN,NaN,NaN,
2012032718,c3p.2012,9X-C3P,TD,NONdev,-15.3,179.3,15,1010,130,6,5,6,NaN,NaN,NaN,NaN,NaN,NaN,NaN,NaN,NaN,NaN,DB,NW,c,c,NaN,NaN,NaN,NaN,NaN,NaN,
2012032800,c3p.2012,9X-C3P,TD,NONdev,-16.9,179.6,15,1005,136,2,136,2,NaN,NaN,NaN,NaN,NaN,NaN,NaN,NaN,NaN,NaN,DB,NW,b,b,NaN,NaN,0.23,NaN,NaN,NaN,
2012032806,c3p.2012,9X-C3P,TD,NONdev,-17.0,179.3,15,1010,230,3,180,8,NaN,NaN,NaN,NaN,NaN,NaN,NaN,NaN,NaN,NaN,DB,NW,c,c,NaN,NaN,0.23,NaN,NaN,NaN,
2012032812,c3p.2012,9X-C3P,TD,NONdev,-16.9,178.5,15,1010,270,5,270,5,NaN,NaN,NaN,NaN,NaN,NaN,NaN,NaN,NaN,NaN,DB,NW,c,c,NaN,NaN,0.19,NaN,NaN,NaN,
2012032818,c3p.2012,9X-C3P,TD,NONdev,-17.7,178.1,15,1010,236,6,239,7,NaN,NaN,NaN,NaN,NaN,NaN,NaN,NaN,NaN,NaN,DB,NW,c,c,NaN,NaN,0.54,NaN,NaN,NaN,
2012032900,c3p.2012,9X-C3P,TD,NONdev,-18.2,176.6,15,1010,242,11,234,11,NaN,NaN,NaN,NaN,NaN,NaN,NaN,NaN,NaN,NaN,DB,NW,c,c,NaN,NaN,NaN,NaN,NaN,NaN,
2012032906,c3p.2012,9X-C3P,TD,NONdev,-18.2,175.7,15,1010,258,12,258,12,NaN,NaN,NaN,NaN,NaN,NaN,NaN,NaN,NaN,NaN,DB,NW,c,c,NaN,NaN,NaN,NaN,NaN,NaN,
2012032912,c3p.2012,9X-C3P,TD,NONdev,-18.4,175.6,15,1010,258,5,258,5,NaN,NaN,NaN,NaN,NaN,NaN,NaN,NaN,NaN,NaN,DB,NW,c,c,NaN,NaN,NaN,NaN,NaN,NaN,
2012032918,c3p.2012,9X-C3P,TD,NONdev,-18.4,176.2,20,1001,240,1,113,3,NaN,NaN,NaN,NaN,NaN,NaN,NaN,NaN,NaN,NaN,DB,NW,C,C,200,1003,NaN,S,40,NaN,
2012033000,c3p.2012,9X-C3P,TD,NONdev,-18.3,176.8,20,1001,85,6,85,6,NaN,NaN,NaN,NaN,NaN,NaN,NaN,NaN,NaN,NaN,DB,NW,c,c,190,1003,0.03,NaN,40,NaN,
2012033006,c3p.2012,9X-C3P,TD,NONdev,-21.0,175.9,20,1007,216,9,186,13,NaN,NaN,NaN,NaN,NaN,NaN,NaN,NaN,NaN,NaN,DB,NW,c,c,NaN,NaN,NaN,NaN,NaN,NaN,
2012033012,c3p.2012,9X-C3P,TD,NONdev,-21.4,175.4,20,1007,225,9,203,17,NaN,NaN,NaN,NaN,NaN,NaN,NaN,NaN,NaN,NaN,DB,NW,c,c,NaN,NaN,NaN,NaN,NaN,NaN,
2012050400,c4s.2012,9X-C4S,TD,DEV,-5.4,127.6,15,1010,301,3,301,3,NaN,NaN,NaN,NaN,NaN,NaN,NaN,NaN,NaN,NaN,DB,NW,b,b,NaN,NaN,NaN,NaN,NaN,NaN,
2012050406,c4s.2012,9X-C4S,TD,DEV,-5.2,127.4,15,1010,301,3,301,3,NaN,NaN,NaN,NaN,NaN,NaN,NaN,NaN,NaN,NaN,DB,NW,b,b,NaN,NaN,NaN,NaN,NaN,NaN,
2012050412,c4s.2012,9X-C4S,TD,DEV,-5.1,127.1,15,1010,301,3,301,3,NaN,NaN,NaN,NaN,NaN,NaN,NaN,NaN,NaN,NaN,DB,NW,b,b,NaN,NaN,NaN,NaN,NaN,NaN,
2012050418,c4s.2012,9X-C4S,TD,DEV,-4.5,127.7,15,1010,23,4,23,4,NaN,NaN,NaN,NaN,NaN,NaN,NaN,NaN,NaN,NaN,DB,NW,b,b,NaN,NaN,NaN,NaN,NaN,NaN,
2012050500,c4s.2012,9X-C4S,TD,DEV,-5.1,126.6,15,1010,270,2,270,2,NaN,NaN,NaN,NaN,NaN,NaN,NaN,NaN,NaN,NaN,DB,NW,c,c,NaN,NaN,NaN,NaN,NaN,NaN,
2012050506,c4s.2012,9X-C4S,TD,DEV,-5.0,126.8,15,1009,264,5,241,5,NaN,NaN,NaN,NaN,NaN,NaN,NaN,NaN,NaN,NaN,DB,NW,c,c,NaN,NaN,NaN,NaN,NaN,NaN,
2012050512,c4s.2012,9X-C4S,TD,DEV,-5.1,127.3,20,1008,90,3,90,3,NaN,NaN,NaN,NaN,NaN,NaN,NaN,NaN,NaN,NaN,DB,NW,b,b,NaN,NaN,NaN,NaN,NaN,NaN,
2012050518,c4s.2012,9X-C4S,TD,DEV,-4.7,125.6,25,1006,265,5,284,6,NaN,NaN,NaN,NaN,NaN,NaN,NaN,NaN,NaN,NaN,DB,NW,C,C,225,1008,NaN,S,40,NaN,
2012050600,c4s.2012,9X-C4S,TD,DEV,-5.1,126.8,25,1006,270,2,270,2,NaN,NaN,NaN,NaN,NaN,NaN,NaN,NaN,NaN,NaN,DB,NW,C,C,225,1008,NaN,S,40,NaN,
2012050606,c4s.2012,9X-C4S,TD,DEV,-5.2,126.3,25,1004,265,3,126,4,NaN,NaN,NaN,NaN,NaN,NaN,NaN,NaN,NaN,NaN,DB,NW,C,C,200,1008,NaN,S,35,NaN,
2012050612,c4s.2012,9X-C4S,TD,DEV,-5.4,127.1,30,1000,160,1,135,2,NaN,NaN,NaN,NaN,NaN,NaN,NaN,NaN,NaN,NaN,DB,NW,C,C,190,1008,NaN,S,35,NaN,
2012050618,c4s.2012,9X-C4S,TD,DEV,-5.7,127.4,30,1000,135,3,115,6,NaN,NaN,NaN,NaN,NaN,NaN,NaN,NaN,NaN,NaN,DB,NW,C,C,180,1008,NaN,M,30,NaN,
2012032718,c5p.2012,9X-C5P,TD,NONdev,-13.0,164.1,15,1010,358,14,270,2,NaN,NaN,NaN,NaN,NaN,NaN,NaN,NaN,NaN,NaN,DB,NW,b,b,NaN,NaN,NaN,NaN,NaN,NaN,
2012032800,c5p.2012,9X-C5P,TD,NONdev,-13.0,163.9,15,1010,358,14,270,2,NaN,NaN,NaN,NaN,NaN,NaN,NaN,NaN,NaN,NaN,DB,NW,b,b,NaN,NaN,NaN,NaN,NaN,NaN,
2012032806,c5p.2012,9X-C5P,TD,NONdev,-13.0,163.7,15,1010,358,14,270,2,NaN,NaN,NaN,NaN,NaN,NaN,NaN,NaN,NaN,NaN,DB,NW,b,b,NaN,NaN,NaN,NaN,NaN,NaN,
2012032812,c5p.2012,9X-C5P,TD,NONdev,-13.0,163.5,15,1010,270,2,270,2,NaN,NaN,NaN,NaN,NaN,NaN,NaN,NaN,NaN,NaN,DB,NW,c,c,NaN,NaN,NaN,NaN,NaN,NaN,
2012032818,c5p.2012,9X-C5P,TD,NONdev,-10.7,163.9,15,1010,194,2,360,8,NaN,NaN,NaN,NaN,NaN,NaN,NaN,NaN,NaN,NaN,DB,NW,b,b,NaN,NaN,NaN,NaN,NaN,NaN,
2012032900,c5p.2012,9X-C5P,TD,NONdev,-10.3,163.4,15,1010,270,2,358,14,NaN,NaN,NaN,NaN,NaN,NaN,NaN,NaN,NaN,NaN,DB,NW,c,c,NaN,NaN,NaN,NaN,NaN,NaN,
2012032906,c5p.2012,9X-C5P,TD,NONdev,-11.1,163.7,15,1010,191,3,206,2,NaN,NaN,NaN,NaN,NaN,NaN,NaN,NaN,NaN,NaN,DB,NW,c,c,NaN,NaN,NaN,NaN,NaN,NaN,
2012032912,c5p.2012,9X-C5P,TD,NONdev,-11.6,161.5,15,1010,191,3,226,8,NaN,NaN,NaN,NaN,NaN,NaN,NaN,NaN,NaN,NaN,DB,NW,c,c,NaN,NaN,NaN,NaN,NaN,NaN,
2012032918,c5p.2012,9X-C5P,TD,NONdev,-12.0,159.3,15,1010,238,3,247,15,NaN,NaN,NaN,NaN,NaN,NaN,NaN,NaN,NaN,NaN,DB,NW,c,c,NaN,NaN,NaN,NaN,NaN,NaN,
2012033000,c5p.2012,9X-C5P,TD,NONdev,-11.0,157.3,15,1010,260,3,271,21,NaN,NaN,NaN,NaN,NaN,NaN,NaN,NaN,NaN,NaN,DB,NW,c,c,NaN,NaN,NaN,NaN,NaN,NaN,
2012033006,c5p.2012,9X-C5P,TD,NONdev,-12.7,157.8,15,1010,146,8,244,8,NaN,NaN,NaN,NaN,NaN,NaN,NaN,NaN,NaN,NaN,DB,NW,c,c,NaN,NaN,NaN,NaN,NaN,NaN,
2012033012,c5p.2012,9X-C5P,TD,NONdev,-13.5,158.1,15,1010,159,8,163,13,NaN,NaN,NaN,NaN,NaN,NaN,NaN,NaN,NaN,NaN,DB,NW,c,c,NaN,NaN,NaN,NaN,NaN,NaN,
2012033018,c5p.2012,9X-C5P,TD,NONdev,-13.7,158.1,15,1010,164,5,164,5,NaN,NaN,NaN,NaN,NaN,NaN,NaN,NaN,NaN,NaN,DB,NW,b,b,NaN,NaN,NaN,NaN,NaN,NaN,
2012032718,c6s.2012,9X-C6S,TD,NONdev,-16.7,52.8,15,1010,208,21,208,21,NaN,NaN,NaN,NaN,NaN,NaN,NaN,NaN,NaN,NaN,DB,NW,b,b,NaN,NaN,NaN,NaN,NaN,NaN,
2012032800,c6s.2012,9X-C6S,TD,NONdev,-18.6,51.7,15,1010,208,21,208,21,NaN,NaN,NaN,NaN,NaN,NaN,NaN,NaN,NaN,NaN,DB,NW,b,b,NaN,NaN,NaN,NaN,NaN,NaN,
2012032806,c6s.2012,9X-C6S,TD,NONdev,-20.5,50.7,15,1010,208,21,208,21,NaN,NaN,NaN,NaN,NaN,NaN,NaN,NaN,NaN,NaN,DB,NW,b,b,NaN,NaN,NaN,NaN,NaN,NaN,
2012032812,c6s.2012,9X-C6S,TD,NONdev,-22.0,50.0,15,1010,205,19,205,19,NaN,NaN,NaN,NaN,NaN,NaN,NaN,NaN,NaN,NaN,DB,NW,b,b,NaN,NaN,NaN,NaN,NaN,NaN,
2012040300,c7s.2012,9X-C7S,TD,NONdev,-17.0,37.9,15,1010,75,8,75,8,NaN,NaN,NaN,NaN,NaN,NaN,NaN,NaN,NaN,NaN,DB,NW,b,b,NaN,NaN,0.77,NaN,NaN,NaN,
2012040306,c7s.2012,9X-C7S,TD,NONdev,-16.5,39.0,15,1010,75,8,75,8,NaN,NaN,NaN,NaN,NaN,NaN,NaN,NaN,NaN,NaN,DB,NW,b,b,NaN,NaN,0.87,NaN,NaN,NaN,
2012040312,c7s.2012,9X-C7S,TD,NONdev,-16.6,39.5,15,1010,75,8,75,8,NaN,NaN,NaN,NaN,NaN,NaN,NaN,NaN,NaN,NaN,DB,NW,b,b,NaN,NaN,0.58,NaN,NaN,NaN,
2012040318,c7s.2012,9X-C7S,TD,NONdev,-17.5,40.1,15,1010,106,7,134,7,NaN,NaN,NaN,NaN,NaN,NaN,NaN,NaN,NaN,NaN,DB,NW,c,c,NaN,NaN,NaN,NaN,NaN,NaN,
2012040400,c7s.2012,9X-C7S,TD,NONdev,-17.4,40.8,15,1010,120,6,123,7,NaN,NaN,NaN,NaN,NaN,NaN,NaN,NaN,NaN,NaN,DB,NW,c,c,NaN,NaN,NaN,NaN,NaN,NaN,
2012040406,c7s.2012,9X-C7S,TD,NONdev,-17.5,40.8,20,1007,128,5,90,3,NaN,NaN,NaN,NaN,NaN,NaN,NaN,NaN,NaN,NaN,DB,NW,c,c,NaN,NaN,NaN,NaN,NaN,NaN,
2012040412,c7s.2012,9X-C7S,TD,NONdev,-17.4,40.8,20,1007,122,3,360,0,NaN,NaN,NaN,NaN,NaN,NaN,NaN,NaN,NaN,NaN,DB,NW,c,c,NaN,NaN,NaN,NaN,NaN,NaN,
2012040418,c7s.2012,9X-C7S,TD,NONdev,-17.6,41.6,20,1007,97,4,97,4,NaN,NaN,NaN,NaN,NaN,NaN,NaN,NaN,NaN,NaN,DB,NW,b,b,NaN,NaN,NaN,NaN,NaN,NaN,
2012040500,c7s.2012,9X-C7S,TD,NONdev,-17.9,42.3,20,1007,109,6,109,8,NaN,NaN,NaN,NaN,NaN,NaN,NaN,NaN,NaN,NaN,DB,NW,c,c,NaN,NaN,NaN,NaN,NaN,NaN,
2012040506,c7s.2012,9X-C7S,TD,NONdev,-17.5,43.0,20,1007,86,7,86,7,NaN,NaN,NaN,NaN,NaN,NaN,NaN,NaN,NaN,NaN,DB,NW,c,c,NaN,NaN,NaN,NaN,NaN,NaN,
2012040512,c7s.2012,9X-C7S,TD,NONdev,-17.1,43.5,20,1007,66,6,55,7,NaN,NaN,NaN,NaN,NaN,NaN,NaN,NaN,NaN,NaN,DB,NW,c,c,NaN,NaN,NaN,NaN,NaN,NaN,
2012040518,c7s.2012,9X-C7S,TD,NONdev,-17.3,44.1,20,1007,79,5,79,5,NaN,NaN,NaN,NaN,NaN,NaN,NaN,NaN,NaN,NaN,DB,NW,c,c,NaN,NaN,0.45,NaN,NaN,NaN,
2012040600,c7s.2012,9X-C7S,TD,NONdev,-17.6,43.8,20,1007,150,3,150,3,NaN,NaN,NaN,NaN,NaN,NaN,NaN,NaN,NaN,NaN,DB,NW,c,c,NaN,NaN,0.45,NaN,NaN,NaN,
2012040606,c7s.2012,9X-C7S,TD,NONdev,-16.8,43.2,20,1007,300,5,300,5,NaN,NaN,NaN,NaN,NaN,NaN,NaN,NaN,NaN,NaN,DB,NW,c,c,NaN,NaN,NaN,NaN,NaN,NaN,
2012040612,c7s.2012,9X-C7S,TD,NONdev,-17.4,43.2,20,1007,289,3,289,3,NaN,NaN,NaN,NaN,NaN,NaN,NaN,NaN,NaN,NaN,DB,NW,c,c,NaN,NaN,NaN,NaN,NaN,NaN,
2012040618,c7s.2012,9X-C7S,TD,NONdev,-17.6,42.9,20,1007,202,4,200,4,NaN,NaN,NaN,NaN,NaN,NaN,NaN,NaN,NaN,NaN,DB,NW,c,c,NaN,NaN,NaN,NaN,NaN,NaN,
2012040700,c7s.2012,9X-C7S,TD,NONdev,-17.1,42.2,20,1007,287,5,287,5,NaN,NaN,NaN,NaN,NaN,NaN,NaN,NaN,NaN,NaN,DB,NW,c,c,NaN,NaN,NaN,NaN,NaN,NaN,
2012040706,c7s.2012,9X-C7S,TD,NONdev,-17.0,41.6,15,1010,296,7,296,7,NaN,NaN,NaN,NaN,NaN,NaN,NaN,NaN,NaN,NaN,DB,NW,c,c,NaN,NaN,NaN,NaN,NaN,NaN,
2012040712,c7s.2012,9X-C7S,TD,NONdev,-17.6,41.1,15,1010,245,6,245,6,NaN,NaN,NaN,NaN,NaN,NaN,NaN,NaN,NaN,NaN,DB,NW,c,c,NaN,NaN,NaN,NaN,NaN,NaN,
2012040718,c7s.2012,9X-C7S,TD,NONdev,-17.7,41.4,15,1010,198,3,195,4,NaN,NaN,NaN,NaN,NaN,NaN,NaN,NaN,NaN,NaN,DB,NW,c,c,NaN,NaN,NaN,NaN,NaN,NaN,
2012040800,c7s.2012,9X-C7S,TD,NONdev,-17.7,41.4,15,1010,109,2,109,2,NaN,NaN,NaN,NaN,NaN,NaN,NaN,NaN,NaN,NaN,DB,NW,c,c,NaN,NaN,NaN,NaN,NaN,NaN,
2012040806,c7s.2012,9X-C7S,TD,NONdev,-18.1,41.1,15,1010,216,2,216,2,NaN,NaN,NaN,NaN,NaN,NaN,NaN,NaN,NaN,NaN,DB,NW,c,c,NaN,NaN,NaN,NaN,NaN,NaN,
2012040812,c7s.2012,9X-C7S,TD,NONdev,-18.8,41.1,15,1010,186,5,195,6,NaN,NaN,NaN,NaN,NaN,NaN,NaN,NaN,NaN,NaN,DB,NW,c,c,NaN,NaN,NaN,NaN,NaN,NaN,
2012040818,c7s.2012,9X-C7S,TD,NONdev,-19.3,41.2,15,1010,175,6,175,6,NaN,NaN,NaN,NaN,NaN,NaN,NaN,NaN,NaN,NaN,DB,NW,c,c,NaN,NaN,NaN,NaN,NaN,NaN,
2012040900,c7s.2012,9X-C7S,TD,NONdev,-20.3,41.4,15,1010,169,8,169,8,NaN,NaN,NaN,NaN,NaN,NaN,NaN,NaN,NaN,NaN,DB,NW,b,b,NaN,NaN,NaN,NaN,NaN,NaN,
2012040912,c8p.2012,9X-C8P,TD,NONdev,-20.6,165.3,15,1010,288,5,288,5,NaN,NaN,NaN,NaN,NaN,NaN,NaN,NaN,NaN,NaN,DB,NW,b,b,NaN,NaN,0.07,NaN,NaN,NaN,
2012040918,c8p.2012,9X-C8P,TD,NONdev,-20.9,165.7,15,1010,288,5,288,5,NaN,NaN,NaN,NaN,NaN,NaN,NaN,NaN,NaN,NaN,DB,NW,b,b,NaN,NaN,0.39,NaN,NaN,NaN,
2012041000,c8p.2012,9X-C8P,TD,NONdev,-20.3,164.3,15,1010,242,4,288,5,NaN,NaN,NaN,NaN,NaN,NaN,NaN,NaN,NaN,NaN,DB,NW,c,c,NaN,NaN,0.37,NaN,NaN,NaN,
2012041006,c8p.2012,9X-C8P,TD,NONdev,-20.6,164.6,15,1010,143,6,286,5,NaN,NaN,NaN,NaN,NaN,NaN,NaN,NaN,NaN,NaN,DB,NW,c,c,NaN,NaN,0.37,NaN,NaN,NaN,
2012041012,c8p.2012,9X-C8P,TD,NONdev,-22.0,167.1,15,NaN,129,7,123,16,NaN,NaN,NaN,NaN,NaN,NaN,NaN,NaN,NaN,NaN,NT,NW,c,c,NaN,NaN,0.17,NaN,NaN,NaN,
2012041018,c8p.2012,9X-C8P,TD,NONdev,-23.0,168.5,15,1010,124,22,124,22,NaN,NaN,NaN,NaN,NaN,NaN,NaN,NaN,NaN,NaN,DB,NW,b,b,NaN,NaN,NaN,NaN,NaN,NaN,
2012041100,c8p.2012,9X-C8P,TD,NONdev,-23.9,170.3,15,1010,123,18,123,18,NaN,NaN,NaN,NaN,NaN,NaN,NaN,NaN,NaN,NaN,DB,NW,c,c,NaN,NaN,NaN,NaN,NaN,NaN,
2012041106,c8p.2012,9X-C8P,TD,NONdev,-23.8,170.1,15,1010,119,8,119,8,NaN,NaN,NaN,NaN,NaN,NaN,NaN,NaN,NaN,NaN,DB,NW,c,c,NaN,NaN,NaN,NaN,NaN,NaN,
2012041112,c8p.2012,9X-C8P,TD,NONdev,-24.0,170.8,15,1010,102,2,102,2,NaN,NaN,NaN,NaN,NaN,NaN,NaN,NaN,NaN,NaN,DB,NW,b,b,NaN,NaN,NaN,NaN,NaN,NaN,
2012041412,c9p.2012,9X-C9P,TD,NONdev,-9.5,140.3,15,1010,305,6,305,6,NaN,NaN,NaN,NaN,NaN,NaN,NaN,NaN,NaN,NaN,DB,NW,b,b,NaN,NaN,0.01,NaN,NaN,NaN,
2012041418,c9p.2012,9X-C9P,TD,NONdev,-9.2,139.9,15,1010,305,6,305,6,NaN,NaN,NaN,NaN,NaN,NaN,NaN,NaN,NaN,NaN,DB,NW,b,b,NaN,NaN,NaN,NaN,NaN,NaN,
2012041500,c9p.2012,9X-C9P,TD,NONdev,-8.8,139.3,15,1010,305,6,305,6,NaN,NaN,NaN,NaN,NaN,NaN,NaN,NaN,NaN,NaN,DB,NW,b,b,NaN,NaN,NaN,NaN,NaN,NaN,
2012041506,c9p.2012,9X-C9P,TD,NONdev,-8.7,138.7,15,1010,293,6,293,6,NaN,NaN,NaN,NaN,NaN,NaN,NaN,NaN,NaN,NaN,DB,NW,c,c,NaN,NaN,0.28,NaN,NaN,NaN,
2012041512,c9p.2012,9X-C9P,TD,NONdev,-8.5,138.2,15,1010,285,6,285,6,NaN,NaN,NaN,NaN,NaN,NaN,NaN,NaN,NaN,NaN,DB,NW,c,c,NaN,NaN,0.23,NaN,NaN,NaN,
2012041518,c9p.2012,9X-C9P,TD,NONdev,-8.3,137.5,15,1010,284,6,289,6,NaN,NaN,NaN,NaN,NaN,NaN,NaN,NaN,NaN,NaN,DB,NW,c,c,NaN,NaN,0.08,NaN,NaN,NaN,
2012041600,c9p.2012,9X-C9P,TD,NONdev,-10.3,138.0,15,1010,264,5,186,9,NaN,NaN,NaN,NaN,NaN,NaN,NaN,NaN,NaN,NaN,DB,NW,c,c,NaN,NaN,NaN,NaN,NaN,NaN,
2012041606,c9p.2012,9X-C9P,TD,NONdev,-9.9,137.2,15,1010,283,7,190,8,NaN,NaN,NaN,NaN,NaN,NaN,NaN,NaN,NaN,NaN,DB,NW,c,c,NaN,NaN,NaN,NaN,NaN,NaN,
2012041612,c9p.2012,9X-C9P,TD,NONdev,-9.5,136.4,15,1010,294,8,297,9,NaN,NaN,NaN,NaN,NaN,NaN,NaN,NaN,NaN,NaN,DB,NW,c,c,NaN,NaN,NaN,NaN,NaN,NaN,
2012041618,c9p.2012,9X-C9P,TD,NONdev,-9.4,135.1,15,1010,283,9,284,11,NaN,NaN,NaN,NaN,NaN,NaN,NaN,NaN,NaN,NaN,DB,NW,c,c,NaN,NaN,NaN,NaN,NaN,NaN,
2012041700,c9p.2012,9X-C9P,TD,NONdev,-9.3,134.3,15,NaN,282,10,276,10,NaN,NaN,NaN,NaN,NaN,NaN,NaN,NaN,NaN,NaN,NT,NW,c,c,NaN,NaN,NaN,NaN,NaN,NaN,
2012041706,c9p.2012,9X-C9P,TD,NONdev,-8.8,133.3,15,1010,293,9,289,9,NaN,NaN,NaN,NaN,NaN,NaN,NaN,NaN,NaN,NaN,DB,NW,c,c,NaN,NaN,NaN,NaN,NaN,NaN,
2012041712,c9p.2012,9X-C9P,TD,NONdev,-7.1,133.0,15,1010,295,9,330,13,NaN,NaN,NaN,NaN,NaN,NaN,NaN,NaN,NaN,NaN,DB,NW,c,c,NaN,NaN,NaN,NaN,NaN,NaN,
2012041718,c9p.2012,9X-C9P,TD,NONdev,-9.1,134.0,15,1010,261,6,113,4,NaN,NaN,NaN,NaN,NaN,NaN,NaN,NaN,NaN,NaN,DB,NW,c,c,NaN,NaN,NaN,NaN,NaN,NaN,
2012041800,c9p.2012,9X-C9P,TD,NONdev,-9.1,133.5,15,1010,264,5,166,10,NaN,NaN,NaN,NaN,NaN,NaN,NaN,NaN,NaN,NaN,DB,NW,c,c,NaN,NaN,NaN,NaN,NaN,NaN,
2012041806,c9p.2012,9X-C9P,TD,NONdev,-9.1,132.9,15,1010,270,5,270,5,NaN,NaN,NaN,NaN,NaN,NaN,NaN,NaN,NaN,NaN,DB,NW,c,c,NaN,NaN,NaN,NaN,NaN,NaN,
2012041812,c9p.2012,9X-C9P,TD,NONdev,-8.3,131.5,15,1010,286,7,292,11,NaN,NaN,NaN,NaN,NaN,NaN,NaN,NaN,NaN,NaN,DB,NW,c,c,NaN,NaN,0.01,NaN,NaN,NaN,
2012041818,c9p.2012,9X-C9P,TD,NONdev,-7.9,130.8,15,1010,293,8,300,12,NaN,NaN,NaN,NaN,NaN,NaN,NaN,NaN,NaN,NaN,DB,NW,c,c,NaN,NaN,0.16,NaN,NaN,NaN,
2012041900,c9p.2012,9X-C9P,TD,NONdev,-8.2,130.4,15,1010,278,3,275,5,NaN,NaN,NaN,NaN,NaN,NaN,NaN,NaN,NaN,NaN,DB,NW,c,c,NaN,NaN,0.02,NaN,NaN,NaN,
2012041906,c9p.2012,9X-C9P,TD,NONdev,-8.9,131.4,15,1010,297,3,149,6,NaN,NaN,NaN,NaN,NaN,NaN,NaN,NaN,NaN,NaN,DB,NW,c,c,NaN,NaN,NaN,NaN,NaN,NaN,
2012041912,c9p.2012,9X-C9P,TD,NONdev,-9.2,130.6,15,1010,270,5,169,5,NaN,NaN,NaN,NaN,NaN,NaN,NaN,NaN,NaN,NaN,DB,NW,c,c,NaN,NaN,NaN,NaN,NaN,NaN,
2012041918,c9p.2012,9X-C9P,TD,NONdev,-9.8,132.0,15,1010,270,2,147,5,NaN,NaN,NaN,NaN,NaN,NaN,NaN,NaN,NaN,NaN,DB,NW,c,c,NaN,NaN,NaN,NaN,NaN,NaN,
2012042000,c9p.2012,9X-C9P,TD,NONdev,-9.8,131.8,15,1010,270,2,117,7,NaN,NaN,NaN,NaN,NaN,NaN,NaN,NaN,NaN,NaN,DB,NW,c,c,NaN,NaN,NaN,NaN,NaN,NaN,
2012042006,c9p.2012,9X-C9P,TD,NONdev,-9.8,130.7,15,1010,270,2,270,6,NaN,NaN,NaN,NaN,NaN,NaN,NaN,NaN,NaN,NaN,DB,NW,c,c,NaN,NaN,NaN,NaN,NaN,NaN,
2012042012,c9p.2012,9X-C9P,TD,NONdev,-9.8,130.9,15,1010,270,2,270,4,NaN,NaN,NaN,NaN,NaN,NaN,NaN,NaN,NaN,NaN,DB,NW,c,c,NaN,NaN,NaN,NaN,NaN,NaN,
2012042018,c9p.2012,9X-C9P,TD,NONdev,-9.6,129.2,15,1010,278,7,278,7,NaN,NaN,NaN,NaN,NaN,NaN,NaN,NaN,NaN,NaN,DB,NW,b,b,NaN,NaN,NaN,NaN,NaN,NaN,
2012042100,c9p.2012,9X-C9P,TD,NONdev,-9.4,128.5,15,1010,287,7,280,12,NaN,NaN,NaN,NaN,NaN,NaN,NaN,NaN,NaN,NaN,DB,NW,c,c,NaN,NaN,NaN,NaN,NaN,NaN,
2012042106,c9p.2012,9X-C9P,TD,NONdev,-9.8,127.5,15,1010,263,8,263,8,NaN,NaN,NaN,NaN,NaN,NaN,NaN,NaN,NaN,NaN,DB,NW,c,c,NaN,NaN,NaN,NaN,NaN,NaN,
2012042112,c9p.2012,9X-C9P,TD,NONdev,-10.2,127.2,15,1010,255,10,238,8,NaN,NaN,NaN,NaN,NaN,NaN,NaN,NaN,NaN,NaN,DB,NW,c,c,NaN,NaN,NaN,NaN,NaN,NaN,
2012042118,c9p.2012,9X-C9P,TD,NONdev,-12.2,126.9,15,1010,237,10,194,12,NaN,NaN,NaN,NaN,NaN,NaN,NaN,NaN,NaN,NaN,DB,NW,c,c,NaN,NaN,NaN,NaN,NaN,NaN,
2012042200,c9p.2012,9X-C9P,TD,NONdev,-11.7,126.2,15,1010,213,9,213,9,NaN,NaN,NaN,NaN,NaN,NaN,NaN,NaN,NaN,NaN,DB,NW,b,b,NaN,NaN,NaN,NaN,NaN,NaN,
2012042206,c9p.2012,9X-C9P,TD,NONdev,-12.0,125.0,15,1010,251,12,276,9,NaN,NaN,NaN,NaN,NaN,NaN,NaN,NaN,NaN,NaN,DB,NW,c,c,NaN,NaN,NaN,NaN,NaN,NaN,
2012042212,c9p.2012,9X-C9P,TD,NONdev,-12.5,123.6,15,1010,253,13,253,13,NaN,NaN,NaN,NaN,NaN,NaN,NaN,NaN,NaN,NaN,DB,NW,c,c,NaN,NaN,NaN,NaN,NaN,NaN,
2012042218,c9p.2012,9X-C9P,TD,NONdev,-12.9,122.6,15,1010,249,13,249,13,NaN,NaN,NaN,NaN,NaN,NaN,NaN,NaN,NaN,NaN,DB,NW,c,c,NaN,NaN,NaN,NaN,NaN,NaN,
2012042300,c9p.2012,9X-C9P,TD,NONdev,-13.6,122.1,15,1010,233,9,233,9,NaN,NaN,NaN,NaN,NaN,NaN,NaN,NaN,NaN,NaN,DB,NW,c,c,NaN,NaN,NaN,NaN,NaN,NaN,
2012042306,c9p.2012,9X-C9P,TD,NONdev,-13.7,123.7,15,1010,236,9,127,7,NaN,NaN,NaN,NaN,NaN,NaN,NaN,NaN,NaN,NaN,DB,NW,c,c,NaN,NaN,NaN,NaN,NaN,NaN,
2012042312,c9p.2012,9X-C9P,TD,NONdev,-12.9,123.4,15,1010,231,6,61,7,NaN,NaN,NaN,NaN,NaN,NaN,NaN,NaN,NaN,NaN,DB,NW,c,c,NaN,NaN,NaN,NaN,NaN,NaN,
2012042318,c9p.2012,9X-C9P,TD,NONdev,-13.1,123.2,15,1010,321,4,321,4,NaN,NaN,NaN,NaN,NaN,NaN,NaN,NaN,NaN,NaN,DB,NW,b,b,NaN,NaN,NaN,NaN,NaN,NaN,
2012060100,d0s.2012,9X-D0S,TS,NONdev,-7.4,62.1,15,1010,84,25,76,11,NaN,NaN,NaN,NaN,NaN,NaN,NaN,NaN,NaN,NaN,DB,NW,b,b,NaN,NaN,NaN,NaN,NaN,NaN,
2012060106,d0s.2012,9X-D0S,TS,NONdev,-7.1,63.3,15,1010,84,25,76,11,NaN,NaN,NaN,NaN,NaN,NaN,NaN,NaN,NaN,NaN,DB,NW,b,b,NaN,NaN,NaN,NaN,NaN,NaN,
2012060112,d0s.2012,9X-D0S,TS,NONdev,-6.8,64.3,15,1010,84,25,76,11,NaN,NaN,NaN,NaN,NaN,NaN,NaN,NaN,NaN,NaN,DB,NW,b,b,NaN,NaN,NaN,NaN,NaN,NaN,
2012060118,d0s.2012,9X-D0S,TS,NONdev,-6.6,65.3,15,1010,76,10,76,11,NaN,NaN,NaN,NaN,NaN,NaN,NaN,NaN,NaN,NaN,DB,NW,c,c,NaN,NaN,NaN,NaN,NaN,NaN,
2012060200,d0s.2012,9X-D0S,TS,NONdev,-6.3,66.2,15,1010,75,10,74,10,NaN,NaN,NaN,NaN,NaN,NaN,NaN,NaN,NaN,NaN,DB,NW,c,c,NaN,NaN,NaN,NaN,NaN,NaN,
2012060206,d0s.2012,9X-D0S,TS,NONdev,-7.7,65.8,15,1010,233,5,156,6,NaN,NaN,NaN,NaN,NaN,NaN,NaN,NaN,NaN,NaN,DB,NW,c,c,NaN,NaN,NaN,NaN,NaN,NaN,
2012060212,d0s.2012,9X-D0S,TS,NONdev,-5.5,67.0,15,1010,217,2,45,6,NaN,NaN,NaN,NaN,NaN,NaN,NaN,NaN,NaN,NaN,DB,NW,c,c,NaN,NaN,NaN,NaN,NaN,NaN,
2012060218,d0s.2012,9X-D0S,TS,NONdev,-5.8,67.0,15,1010,210,4,32,11,NaN,NaN,NaN,NaN,NaN,NaN,NaN,NaN,NaN,NaN,DB,NW,c,c,NaN,NaN,NaN,NaN,NaN,NaN,
2012060300,d0s.2012,9X-D0S,TS,NONdev,-6.6,67.4,15,1010,214,4,160,6,NaN,NaN,NaN,NaN,NaN,NaN,NaN,NaN,NaN,NaN,DB,NW,c,c,NaN,NaN,NaN,NaN,NaN,NaN,
2012060306,d0s.2012,9X-D0S,TS,NONdev,-6.9,66.3,15,1010,212,5,212,7,NaN,NaN,NaN,NaN,NaN,NaN,NaN,NaN,NaN,NaN,DB,NW,c,c,NaN,NaN,NaN,NaN,NaN,NaN,
2012060312,d0s.2012,9X-D0S,TS,NONdev,-7.5,65.9,15,1010,218,6,239,9,NaN,NaN,NaN,NaN,NaN,NaN,NaN,NaN,NaN,NaN,DB,NW,c,c,NaN,NaN,NaN,NaN,NaN,NaN,
2012060318,d0s.2012,9X-D0S,TS,NONdev,-7.6,65.5,15,1010,229,5,229,5,NaN,NaN,NaN,NaN,NaN,NaN,NaN,NaN,NaN,NaN,DB,NW,c,c,NaN,NaN,NaN,NaN,NaN,NaN,
2012060400,d0s.2012,9X-D0S,TS,NONdev,-8.2,65.0,15,1010,225,6,232,6,NaN,NaN,NaN,NaN,NaN,NaN,NaN,NaN,NaN,NaN,DB,NW,c,c,NaN,NaN,NaN,NaN,NaN,NaN,
2012060406,d0s.2012,9X-D0S,TS,NONdev,-8.4,64.2,15,1010,245,7,238,8,NaN,NaN,NaN,NaN,NaN,NaN,NaN,NaN,NaN,NaN,DB,NW,c,c,NaN,NaN,NaN,NaN,NaN,NaN,
2012060412,d0s.2012,9X-D0S,TS,NONdev,-8.0,64.2,15,1010,284,4,284,4,NaN,NaN,NaN,NaN,NaN,NaN,NaN,NaN,NaN,NaN,DB,NW,c,c,NaN,NaN,NaN,NaN,NaN,NaN,
2012060418,d0s.2012,9X-D0S,TS,NONdev,-8.7,63.6,15,1010,243,3,243,3,NaN,NaN,NaN,NaN,NaN,NaN,NaN,NaN,NaN,NaN,DB,NW,c,c,NaN,NaN,NaN,NaN,NaN,NaN,
2012060500,d0s.2012,9X-D0S,TS,NONdev,-9.8,62.5,15,1010,227,9,223,12,NaN,NaN,NaN,NaN,NaN,NaN,NaN,NaN,NaN,NaN,DB,NW,c,c,NaN,NaN,NaN,NaN,NaN,NaN,
2012060506,d0s.2012,9X-D0S,TS,NONdev,-8.8,62.2,15,1004,264,4,266,7,NaN,NaN,NaN,NaN,NaN,NaN,NaN,NaN,NaN,NaN,TD,NW,c,c,150,1006,NaN,NaN,45,NaN,
2012060512,d0s.2012,9X-D0S,TS,NONdev,-9.1,61.6,30,1000,255,5,308,6,NaN,NaN,NaN,NaN,NaN,NaN,NaN,NaN,NaN,NaN,DB,NW,C,C,150,1006,NaN,S,45,NaN,
2012060518,d0s.2012,9X-D0S,TS,NONdev,-9.2,61.0,30,1000,255,5,251,6,NaN,NaN,NaN,NaN,NaN,NaN,NaN,NaN,NaN,NaN,DB,NW,C,C,150,1006,NaN,S,45,NaN,
2012060600,d0s.2012,9X-D0S,TS,NONdev,-9.3,59.3,35,996,260,9,265,11,NaN,NaN,NaN,NaN,NaN,NaN,NaN,NaN,NaN,NaN,DB,NW,C,C,150,1006,NaN,S,45,NaN,
2012042906,d1s.2012,9X-D1S,TD,NONdev,-7.5,73.7,15,1010,275,6,275,6,NaN,NaN,NaN,NaN,NaN,NaN,NaN,NaN,NaN,NaN,DB,NW,b,b,NaN,NaN,NaN,NaN,NaN,NaN,
2012042912,d1s.2012,9X-D1S,TD,NONdev,-7.5,73.1,15,1010,275,6,275,6,NaN,NaN,NaN,NaN,NaN,NaN,NaN,NaN,NaN,NaN,DB,NW,b,b,NaN,NaN,NaN,NaN,NaN,NaN,
2012042918,d1s.2012,9X-D1S,TD,NONdev,-7.4,72.5,15,1010,275,6,275,6,NaN,NaN,NaN,NaN,NaN,NaN,NaN,NaN,NaN,NaN,DB,NW,b,b,NaN,NaN,NaN,NaN,NaN,NaN,
2012043000,d1s.2012,9X-D1S,TD,NONdev,-7.4,72.0,15,1010,275,5,275,5,NaN,NaN,NaN,NaN,NaN,NaN,NaN,NaN,NaN,NaN,DB,NW,c,c,NaN,NaN,NaN,NaN,NaN,NaN,
2012043006,d1s.2012,9X-D1S,TD,NONdev,-7.3,71.4,15,1010,275,5,275,5,NaN,NaN,NaN,NaN,NaN,NaN,NaN,NaN,NaN,NaN,DB,NW,c,c,NaN,NaN,NaN,NaN,NaN,NaN,
2012043012,d1s.2012,9X-D1S,TD,NONdev,-7.9,71.3,15,1010,275,5,242,5,NaN,NaN,NaN,NaN,NaN,NaN,NaN,NaN,NaN,NaN,DB,NW,c,c,NaN,NaN,NaN,NaN,NaN,NaN,
2012043018,d1s.2012,9X-D1S,TD,NONdev,-8.6,71.3,15,1010,273,9,210,5,NaN,NaN,NaN,NaN,NaN,NaN,NaN,NaN,NaN,NaN,DB,NW,c,c,NaN,NaN,NaN,NaN,NaN,NaN,
2012050100,d1s.2012,9X-D1S,TD,NONdev,-7.1,68.8,15,1010,273,9,250,9,NaN,NaN,NaN,NaN,NaN,NaN,NaN,NaN,NaN,NaN,DB,NW,c,c,NaN,NaN,NaN,NaN,NaN,NaN,
2012050106,d1s.2012,9X-D1S,TD,NONdev,-5.6,66.3,15,1010,270,9,289,13,NaN,NaN,NaN,NaN,NaN,NaN,NaN,NaN,NaN,NaN,DB,NW,c,c,NaN,NaN,NaN,NaN,NaN,NaN,
2012050112,d1s.2012,9X-D1S,TD,NONdev,-5.7,64.3,15,1010,267,10,293,25,NaN,NaN,NaN,NaN,NaN,NaN,NaN,NaN,NaN,NaN,DB,NW,c,c,NaN,NaN,NaN,NaN,NaN,NaN,
2012042918,d2s.2012,9X-D2S,TD,NONdev,-15.1,107.9,15,1010,342,2,342,2,NaN,NaN,NaN,NaN,NaN,NaN,NaN,NaN,NaN,NaN,DB,NW,b,b,NaN,NaN,NaN,NaN,NaN,NaN,
2012043000,d2s.2012,9X-D2S,TD,NONdev,-14.6,108.7,15,1010,342,2,342,2,NaN,NaN,NaN,NaN,NaN,NaN,NaN,NaN,NaN,NaN,DB,NW,b,b,NaN,NaN,NaN,NaN,NaN,NaN,
2012043006,d2s.2012,9X-D2S,TD,NONdev,-14.8,107.8,15,1010,342,2,342,2,NaN,NaN,NaN,NaN,NaN,NaN,NaN,NaN,NaN,NaN,DB,NW,b,b,NaN,NaN,NaN,NaN,NaN,NaN,
2012043012,d2s.2012,9X-D2S,TD,NONdev,-14.7,106.8,15,1010,284,4,267,9,NaN,NaN,NaN,NaN,NaN,NaN,NaN,NaN,NaN,NaN,DB,NW,c,c,NaN,NaN,NaN,NaN,NaN,NaN,
2012043018,d2s.2012,9X-D2S,TD,NONdev,-14.6,106.5,15,1010,294,4,279,6,NaN,NaN,NaN,NaN,NaN,NaN,NaN,NaN,NaN,NaN,DB,NW,c,c,NaN,NaN,NaN,NaN,NaN,NaN,
2012050100,d2s.2012,9X-D2S,TD,NONdev,-15.5,105.1,15,1010,250,9,244,9,NaN,NaN,NaN,NaN,NaN,NaN,NaN,NaN,NaN,NaN,DB,NW,c,c,NaN,NaN,NaN,NaN,NaN,NaN,
2012050106,d2s.2012,9X-D2S,TD,NONdev,-15.8,105.1,15,1010,231,6,228,9,NaN,NaN,NaN,NaN,NaN,NaN,NaN,NaN,NaN,NaN,DB,NW,c,c,NaN,NaN,NaN,NaN,NaN,NaN,
2012050112,d2s.2012,9X-D2S,TD,NONdev,-17.2,104.3,15,1010,204,9,204,9,NaN,NaN,NaN,NaN,NaN,NaN,NaN,NaN,NaN,NaN,DB,NW,b,b,NaN,NaN,NaN,NaN,NaN,NaN,
2012050118,d2s.2012,9X-D2S,TD,NONdev,-17.6,103.5,15,1010,222,9,220,12,NaN,NaN,NaN,NaN,NaN,NaN,NaN,NaN,NaN,NaN,DB,NW,c,c,NaN,NaN,NaN,NaN,NaN,NaN,
2012050200,d2s.2012,9X-D2S,TD,NONdev,-18.7,103.6,15,1010,204,8,204,8,NaN,NaN,NaN,NaN,NaN,NaN,NaN,NaN,NaN,NaN,DB,NW,c,c,NaN,NaN,NaN,NaN,NaN,NaN,
2012050206,d2s.2012,9X-D2S,TD,NONdev,-19.7,102.7,15,1010,197,10,200,11,NaN,NaN,NaN,NaN,NaN,NaN,NaN,NaN,NaN,NaN,DB,NW,c,c,NaN,NaN,NaN,NaN,NaN,NaN,
2012050212,d2s.2012,9X-D2S,TD,NONdev,-20.8,102.5,15,1010,183,10,206,12,NaN,NaN,NaN,NaN,NaN,NaN,NaN,NaN,NaN,NaN,DB,NW,c,c,NaN,NaN,NaN,NaN,NaN,NaN,
2012050218,d2s.2012,9X-D2S,TD,NONdev,-21.3,102.5,15,1010,187,8,187,8,NaN,NaN,NaN,NaN,NaN,NaN,NaN,NaN,NaN,NaN,DB,NW,c,c,NaN,NaN,NaN,NaN,NaN,NaN,
2012050300,d2s.2012,9X-D2S,TD,NONdev,-21.6,102.7,15,1010,167,4,167,4,NaN,NaN,NaN,NaN,NaN,NaN,NaN,NaN,NaN,NaN,DB,NW,b,b,NaN,NaN,NaN,NaN,NaN,NaN,
2012042918,d3s.2012,9X-D3S,TD,NONdev,-6.0,41.3,15,1010,41,5,41,5,NaN,NaN,NaN,NaN,NaN,NaN,NaN,NaN,NaN,NaN,DB,NW,b,b,NaN,NaN,NaN,NaN,NaN,NaN,
2012043000,d3s.2012,9X-D3S,TD,NONdev,-5.6,41.7,15,1010,41,5,41,5,NaN,NaN,NaN,NaN,NaN,NaN,NaN,NaN,NaN,NaN,DB,NW,b,b,NaN,NaN,NaN,NaN,NaN,NaN,
2012043006,d3s.2012,9X-D3S,TD,NONdev,-5.2,42.0,15,1010,41,5,41,5,NaN,NaN,NaN,NaN,NaN,NaN,NaN,NaN,NaN,NaN,DB,NW,b,b,NaN,NaN,NaN,NaN,NaN,NaN,
2012043012,d3s.2012,9X-D3S,TD,NONdev,-5.0,42.5,15,1010,53,5,53,5,NaN,NaN,NaN,NaN,NaN,NaN,NaN,NaN,NaN,NaN,DB,NW,b,b,NaN,NaN,NaN,NaN,NaN,NaN,
2012032812,d5p.2012,9X-D5P,TD,DEV,-13.0,163.5,15,NaN,270,2,6,6,NaN,NaN,NaN,NaN,NaN,NaN,NaN,NaN,NaN,NaN,NT,NW,c,c,NaN,NaN,NaN,NaN,NaN,NaN,
2012032818,d5p.2012,9X-D5P,TD,DEV,-11.7,163.4,15,NaN,270,2,6,6,NaN,NaN,NaN,NaN,NaN,NaN,NaN,NaN,NaN,NaN,NT,NW,c,c,NaN,NaN,NaN,NaN,NaN,NaN,
2012032900,d5p.2012,9X-D5P,TD,DEV,-10.3,163.4,15,NaN,270,2,6,6,NaN,NaN,NaN,NaN,NaN,NaN,NaN,NaN,NaN,NaN,NT,NW,c,c,NaN,NaN,NaN,NaN,NaN,NaN,
2012032906,d5p.2012,9X-D5P,TD,DEV,-11.1,163.7,15,NaN,191,3,6,6,NaN,NaN,NaN,NaN,NaN,NaN,NaN,NaN,NaN,NaN,NT,NW,c,c,NaN,NaN,NaN,NaN,NaN,NaN,
2012032912,d5p.2012,9X-D5P,TD,DEV,-11.6,161.5,15,NaN,191,3,126,10,NaN,NaN,NaN,NaN,NaN,NaN,NaN,NaN,NaN,NaN,NT,NW,c,c,NaN,NaN,NaN,NaN,NaN,NaN,
2012032918,d5p.2012,9X-D5P,TD,DEV,-12.0,159.3,15,NaN,238,3,247,15,NaN,NaN,NaN,NaN,NaN,NaN,NaN,NaN,NaN,NaN,NT,NW,c,c,NaN,NaN,NaN,NaN,NaN,NaN,
2012033000,d5p.2012,9X-D5P,TD,DEV,-11.0,157.3,15,NaN,260,3,271,21,NaN,NaN,NaN,NaN,NaN,NaN,NaN,NaN,NaN,NaN,NT,NW,c,c,NaN,NaN,NaN,NaN,NaN,NaN,
2012033006,d5p.2012,9X-D5P,TD,DEV,-12.7,157.8,15,NaN,146,8,244,8,NaN,NaN,NaN,NaN,NaN,NaN,NaN,NaN,NaN,NaN,NT,NW,c,c,NaN,NaN,NaN,NaN,NaN,NaN,
2012033012,d5p.2012,9X-D5P,TD,DEV,-13.5,158.1,15,NaN,159,8,163,13,NaN,NaN,NaN,NaN,NaN,NaN,NaN,NaN,NaN,NaN,NT,NW,c,c,NaN,NaN,NaN,NaN,NaN,NaN,
2012033018,d5p.2012,9X-D5P,TD,DEV,-13.7,159.3,15,NaN,159,8,145,12,NaN,NaN,NaN,NaN,NaN,NaN,NaN,NaN,NaN,NaN,NT,NW,c,c,NaN,NaN,NaN,NaN,NaN,NaN,
2012033100,d5p.2012,9X-D5P,TD,DEV,-13.8,160.5,15,NaN,159,8,127,11,NaN,NaN,NaN,NaN,NaN,NaN,NaN,NaN,NaN,NaN,NT,NW,c,c,NaN,NaN,NaN,NaN,NaN,NaN,
2012033106,d5p.2012,9X-D5P,TD,DEV,-14.0,161.7,15,NaN,90,3,109,10,NaN,NaN,NaN,NaN,NaN,NaN,NaN,NaN,NaN,NaN,NT,NW,c,c,NaN,NaN,NaN,NaN,NaN,NaN,
2012033112,d5p.2012,9X-D5P,TD,DEV,-14.5,163.7,15,1010,90,3,106,12,NaN,NaN,NaN,NaN,NaN,NaN,NaN,NaN,NaN,NaN,NT,NW,c,c,NaN,NaN,NaN,NaN,NaN,NaN,
2012033118,d5p.2012,9X-D5P,TD,DEV,-15.0,165.7,15,1010,104,20,102,15,NaN,NaN,NaN,NaN,NaN,NaN,NaN,NaN,NaN,NaN,DB,NW,b,b,NaN,NaN,NaN,NaN,NaN,NaN,
2012040100,d5p.2012,9X-D5P,TD,DEV,-15.4,166.3,15,1010,122,6,107,16,NaN,NaN,NaN,NaN,NaN,NaN,NaN,NaN,NaN,NaN,DB,NW,c,c,NaN,NaN,0.18,NaN,NaN,NaN,
2012040106,d5p.2012,9X-D5P,TD,DEV,-15.9,166.7,15,1010,133,7,133,7,NaN,NaN,NaN,NaN,NaN,NaN,NaN,NaN,NaN,NaN,DB,NW,c,c,NaN,NaN,0.03,NaN,NaN,NaN,
2012040112,d5p.2012,9X-D5P,TD,DEV,-16.4,167.6,15,1010,129,8,129,8,NaN,NaN,NaN,NaN,NaN,NaN,NaN,NaN,NaN,NaN,DB,NW,c,c,NaN,NaN,0.17,NaN,NaN,NaN,
2012040118,d5p.2012,9X-D5P,TD,DEV,-17.2,168.7,15,1010,124,12,124,12,NaN,NaN,NaN,NaN,NaN,NaN,NaN,NaN,NaN,NaN,DB,NW,c,c,NaN,NaN,0.05,NaN,NaN,NaN,
2012032812,d5s.2012,9X-D5S,TD,NONdev,-13.0,163.5,15,NaN,270,2,6,6,NaN,NaN,NaN,NaN,NaN,NaN,NaN,NaN,NaN,NaN,NT,NW,c,c,NaN,NaN,NaN,NaN,NaN,NaN,
2012032818,d5s.2012,9X-D5S,TD,NONdev,-11.7,163.4,15,NaN,270,2,6,6,NaN,NaN,NaN,NaN,NaN,NaN,NaN,NaN,NaN,NaN,NT,NW,c,c,NaN,NaN,NaN,NaN,NaN,NaN,
2012032900,d5s.2012,9X-D5S,TD,NONdev,-10.3,163.4,15,NaN,270,2,6,6,NaN,NaN,NaN,NaN,NaN,NaN,NaN,NaN,NaN,NaN,NT,NW,c,c,NaN,NaN,NaN,NaN,NaN,NaN,
2012032906,d5s.2012,9X-D5S,TD,NONdev,-11.1,163.7,15,NaN,191,3,6,6,NaN,NaN,NaN,NaN,NaN,NaN,NaN,NaN,NaN,NaN,NT,NW,c,c,NaN,NaN,NaN,NaN,NaN,NaN,
2012032912,d5s.2012,9X-D5S,TD,NONdev,-11.6,161.5,15,NaN,191,3,126,10,NaN,NaN,NaN,NaN,NaN,NaN,NaN,NaN,NaN,NaN,NT,NW,c,c,NaN,NaN,NaN,NaN,NaN,NaN,
2012032918,d5s.2012,9X-D5S,TD,NONdev,-12.0,159.3,15,NaN,238,3,247,15,NaN,NaN,NaN,NaN,NaN,NaN,NaN,NaN,NaN,NaN,NT,NW,c,c,NaN,NaN,NaN,NaN,NaN,NaN,
2012033000,d5s.2012,9X-D5S,TD,NONdev,-11.0,157.3,15,NaN,260,3,271,21,NaN,NaN,NaN,NaN,NaN,NaN,NaN,NaN,NaN,NaN,NT,NW,c,c,NaN,NaN,NaN,NaN,NaN,NaN,
2012033006,d5s.2012,9X-D5S,TD,NONdev,-12.7,157.8,15,NaN,146,8,244,8,NaN,NaN,NaN,NaN,NaN,NaN,NaN,NaN,NaN,NaN,NT,NW,c,c,NaN,NaN,NaN,NaN,NaN,NaN,
2012033012,d5s.2012,9X-D5S,TD,NONdev,-13.5,158.1,15,NaN,159,8,163,13,NaN,NaN,NaN,NaN,NaN,NaN,NaN,NaN,NaN,NaN,NT,NW,c,c,NaN,NaN,NaN,NaN,NaN,NaN,
2012033018,d5s.2012,9X-D5S,TD,NONdev,-13.7,159.3,15,NaN,159,8,145,12,NaN,NaN,NaN,NaN,NaN,NaN,NaN,NaN,NaN,NaN,NT,NW,c,c,NaN,NaN,NaN,NaN,NaN,NaN,
2012033100,d5s.2012,9X-D5S,TD,NONdev,-13.8,160.5,15,NaN,159,8,127,11,NaN,NaN,NaN,NaN,NaN,NaN,NaN,NaN,NaN,NaN,NT,NW,c,c,NaN,NaN,NaN,NaN,NaN,NaN,
2012033106,d5s.2012,9X-D5S,TD,NONdev,-14.0,161.7,15,NaN,90,3,109,10,NaN,NaN,NaN,NaN,NaN,NaN,NaN,NaN,NaN,NaN,NT,NW,c,c,NaN,NaN,NaN,NaN,NaN,NaN,
2012033112,d5s.2012,9X-D5S,TD,NONdev,-14.5,163.7,15,1010,90,3,106,12,NaN,NaN,NaN,NaN,NaN,NaN,NaN,NaN,NaN,NaN,NT,NW,c,c,NaN,NaN,NaN,NaN,NaN,NaN,
2012033118,d5s.2012,9X-D5S,TD,NONdev,-15.0,165.7,15,1010,104,20,102,15,NaN,NaN,NaN,NaN,NaN,NaN,NaN,NaN,NaN,NaN,DB,NW,b,b,NaN,NaN,NaN,NaN,NaN,NaN,
2012040100,d5s.2012,9X-D5S,TD,NONdev,-15.4,166.3,15,1010,122,6,107,16,NaN,NaN,NaN,NaN,NaN,NaN,NaN,NaN,NaN,NaN,DB,NW,c,c,NaN,NaN,0.18,NaN,NaN,NaN,
2012040106,d5s.2012,9X-D5S,TD,NONdev,-15.9,166.7,15,1010,133,7,133,7,NaN,NaN,NaN,NaN,NaN,NaN,NaN,NaN,NaN,NaN,DB,NW,c,c,NaN,NaN,0.03,NaN,NaN,NaN,
2012040112,d5s.2012,9X-D5S,TD,NONdev,-16.4,167.6,15,1010,129,8,129,8,NaN,NaN,NaN,NaN,NaN,NaN,NaN,NaN,NaN,NaN,DB,NW,c,c,NaN,NaN,0.17,NaN,NaN,NaN,
2012040118,d5s.2012,9X-D5S,TD,NONdev,-17.2,168.7,15,1010,124,12,124,12,NaN,NaN,NaN,NaN,NaN,NaN,NaN,NaN,NaN,NaN,DB,NW,c,c,NaN,NaN,0.05,NaN,NaN,NaN,
2012051600,d6s.2012,9X-D6S,TD,NONdev,-8.6,57.1,15,1010,251,9,180,2,NaN,NaN,NaN,NaN,NaN,NaN,NaN,NaN,NaN,NaN,DB,NW,b,b,NaN,NaN,NaN,NaN,NaN,NaN,
2012051606,d6s.2012,9X-D6S,TD,NONdev,-9.3,57.4,15,1010,251,9,180,2,NaN,NaN,NaN,NaN,NaN,NaN,NaN,NaN,NaN,NaN,DB,NW,b,b,NaN,NaN,NaN,NaN,NaN,NaN,
2012051612,d6s.2012,9X-D6S,TD,NONdev,-9.3,57.3,15,1010,251,9,180,2,NaN,NaN,NaN,NaN,NaN,NaN,NaN,NaN,NaN,NaN,DB,NW,b,b,NaN,NaN,NaN,NaN,NaN,NaN,
2012051618,d6s.2012,9X-D6S,TD,NONdev,-9.3,57.2,15,1010,251,9,180,2,NaN,NaN,NaN,NaN,NaN,NaN,NaN,NaN,NaN,NaN,DB,NW,b,b,NaN,NaN,NaN,NaN,NaN,NaN,
2012051700,d6s.2012,9X-D6S,TD,NONdev,-9.3,57.1,15,1010,270,1,180,2,NaN,NaN,NaN,NaN,NaN,NaN,NaN,NaN,NaN,NaN,DB,NW,c,c,NaN,NaN,NaN,NaN,NaN,NaN,
2012051706,d6s.2012,9X-D6S,TD,NONdev,-9.3,55.5,15,1010,270,1,225,4,NaN,NaN,NaN,NaN,NaN,NaN,NaN,NaN,NaN,NaN,DB,NW,c,c,NaN,NaN,NaN,NaN,NaN,NaN,
2012051712,d6s.2012,9X-D6S,TD,NONdev,-9.3,53.9,15,1010,270,1,270,7,NaN,NaN,NaN,NaN,NaN,NaN,NaN,NaN,NaN,NaN,DB,NW,c,c,NaN,NaN,NaN,NaN,NaN,NaN,
2012051718,d6s.2012,9X-D6S,TD,NONdev,-9.3,53.8,15,1010,270,1,270,11,NaN,NaN,NaN,NaN,NaN,NaN,NaN,NaN,NaN,NaN,DB,NW,c,c,NaN,NaN,NaN,NaN,NaN,NaN,
2012051800,d6s.2012,9X-D6S,TD,NONdev,-9.3,53.7,15,1010,270,1,270,1,NaN,NaN,NaN,NaN,NaN,NaN,NaN,NaN,NaN,NaN,DB,NW,b,b,NaN,NaN,NaN,NaN,NaN,NaN,
2012051818,d7s.2012,9X-D7S,TD,NONdev,-11.1,50.1,15,1010,304,4,304,4,NaN,NaN,NaN,NaN,NaN,NaN,NaN,NaN,NaN,NaN,DB,NW,b,b,NaN,NaN,NaN,NaN,NaN,NaN,
2012051900,d7s.2012,9X-D7S,TD,NONdev,-10.9,49.8,15,1010,304,4,304,4,NaN,NaN,NaN,NaN,NaN,NaN,NaN,NaN,NaN,NaN,DB,NW,b,b,NaN,NaN,NaN,NaN,NaN,NaN,
2012051906,d7s.2012,9X-D7S,TD,NONdev,-10.7,49.5,15,1010,304,4,304,4,NaN,NaN,NaN,NaN,NaN,NaN,NaN,NaN,NaN,NaN,DB,NW,b,b,NaN,NaN,NaN,NaN,NaN,NaN,
2012051912,d7s.2012,9X-D7S,TD,NONdev,-10.5,49.2,15,1010,304,4,304,4,NaN,NaN,NaN,NaN,NaN,NaN,NaN,NaN,NaN,NaN,DB,NW,c,c,NaN,NaN,NaN,NaN,NaN,NaN,
2012051918,d7s.2012,9X-D7S,TD,NONdev,-10.9,48.9,15,1010,280,3,251,3,NaN,NaN,NaN,NaN,NaN,NaN,NaN,NaN,NaN,NaN,DB,NW,c,c,NaN,NaN,NaN,NaN,NaN,NaN,
2012052000,d7s.2012,9X-D7S,TD,NONdev,-10.2,48.0,15,1010,297,1,284,6,NaN,NaN,NaN,NaN,NaN,NaN,NaN,NaN,NaN,NaN,DB,NW,c,c,NaN,NaN,NaN,NaN,NaN,NaN,
2012052006,d7s.2012,9X-D7S,TD,NONdev,-9.2,48.9,15,1010,360,8,360,9,NaN,NaN,NaN,NaN,NaN,NaN,NaN,NaN,NaN,NaN,DB,NW,b,b,NaN,NaN,NaN,NaN,NaN,NaN,
2012051912,d9s.2012,9X-D9S,TD,NONdev,-3.9,88.3,15,1010,270,5,270,5,NaN,NaN,NaN,NaN,NaN,NaN,NaN,NaN,NaN,NaN,DB,NW,b,b,NaN,NaN,NaN,NaN,NaN,NaN,
2012051918,d9s.2012,9X-D9S,TD,NONdev,-3.9,87.8,15,1010,270,5,270,5,NaN,NaN,NaN,NaN,NaN,NaN,NaN,NaN,NaN,NaN,DB,NW,b,b,NaN,NaN,NaN,NaN,NaN,NaN,
2012052000,d9s.2012,9X-D9S,TD,NONdev,-3.9,87.3,15,1010,270,5,270,5,NaN,NaN,NaN,NaN,NaN,NaN,NaN,NaN,NaN,NaN,DB,NW,b,b,NaN,NaN,NaN,NaN,NaN,NaN,
2012052006,d9s.2012,9X-D9S,TD,NONdev,-3.9,86.9,15,1010,270,4,270,4,NaN,NaN,NaN,NaN,NaN,NaN,NaN,NaN,NaN,NaN,DB,NW,c,c,NaN,NaN,NaN,NaN,NaN,NaN,
2012052012,d9s.2012,9X-D9S,TD,NONdev,-3.9,86.4,15,1010,270,4,270,4,NaN,NaN,NaN,NaN,NaN,NaN,NaN,NaN,NaN,NaN,DB,NW,c,c,NaN,NaN,NaN,NaN,NaN,NaN,
2012052018,d9s.2012,9X-D9S,TD,NONdev,-4.9,87.5,15,1010,270,1,149,6,NaN,NaN,NaN,NaN,NaN,NaN,NaN,NaN,NaN,NaN,DB,NW,c,c,NaN,NaN,NaN,NaN,NaN,NaN,
2012052100,d9s.2012,9X-D9S,TD,NONdev,-2.6,86.7,15,1010,270,1,13,7,NaN,NaN,NaN,NaN,NaN,NaN,NaN,NaN,NaN,NaN,DB,NW,c,c,NaN,NaN,NaN,NaN,NaN,NaN,
2012052106,d9s.2012,9X-D9S,TD,NONdev,-1.5,88.6,15,1010,233,2,18,18,NaN,NaN,NaN,NaN,NaN,NaN,NaN,NaN,NaN,NaN,DB,NW,c,c,NaN,NaN,NaN,NaN,NaN,NaN,
2012052112,d9s.2012,9X-D9S,TD,NONdev,-1.7,88.4,15,1010,225,3,62,10,NaN,NaN,NaN,NaN,NaN,NaN,NaN,NaN,NaN,NaN,DB,NW,c,c,NaN,NaN,NaN,NaN,NaN,NaN,
2012052118,d9s.2012,9X-D9S,TD,NONdev,-1.8,88.3,15,1010,225,2,225,2,NaN,NaN,NaN,NaN,NaN,NaN,NaN,NaN,NaN,NaN,DB,NW,b,b,NaN,NaN,NaN,NaN,NaN,NaN,
2012060100,e0s.2012,9X-E0S,TD,DEV,-7.4,62.1,15,1010,84,25,75,11,NaN,NaN,NaN,NaN,NaN,NaN,NaN,NaN,NaN,NaN,DB,NW,b,b,NaN,NaN,NaN,NaN,NaN,NaN,
2012060106,e0s.2012,9X-E0S,TD,DEV,-7.1,63.2,15,1010,84,25,75,11,NaN,NaN,NaN,NaN,NaN,NaN,NaN,NaN,NaN,NaN,DB,NW,b,b,NaN,NaN,NaN,NaN,NaN,NaN,
2012060112,e0s.2012,9X-E0S,TD,DEV,-6.9,64.2,15,1010,84,25,75,11,NaN,NaN,NaN,NaN,NaN,NaN,NaN,NaN,NaN,NaN,DB,NW,b,b,NaN,NaN,NaN,NaN,NaN,NaN,
2012060118,e0s.2012,9X-E0S,TD,DEV,-6.6,65.3,15,1010,76,10,75,11,NaN,NaN,NaN,NaN,NaN,NaN,NaN,NaN,NaN,NaN,DB,NW,c,c,NaN,NaN,NaN,NaN,NaN,NaN,
2012060200,e0s.2012,9X-E0S,TD,DEV,-6.3,66.2,15,1010,75,10,75,11,NaN,NaN,NaN,NaN,NaN,NaN,NaN,NaN,NaN,NaN,DB,NW,c,c,NaN,NaN,NaN,NaN,NaN,NaN,
2012060206,e0s.2012,9X-E0S,TD,DEV,-7.7,65.8,15,1010,233,5,156,6,NaN,NaN,NaN,NaN,NaN,NaN,NaN,NaN,NaN,NaN,DB,NW,c,c,NaN,NaN,NaN,NaN,NaN,NaN,
2012060212,e0s.2012,9X-E0S,TD,DEV,-5.5,67.0,15,1010,217,2,45,6,NaN,NaN,NaN,NaN,NaN,NaN,NaN,NaN,NaN,NaN,DB,NW,c,c,NaN,NaN,NaN,NaN,NaN,NaN,
2012060218,e0s.2012,9X-E0S,TD,DEV,-5.8,67.0,15,1010,210,4,32,11,NaN,NaN,NaN,NaN,NaN,NaN,NaN,NaN,NaN,NaN,DB,NW,c,c,NaN,NaN,NaN,NaN,NaN,NaN,
2012060300,e0s.2012,9X-E0S,TD,DEV,-6.6,67.4,15,1010,214,4,160,6,NaN,NaN,NaN,NaN,NaN,NaN,NaN,NaN,NaN,NaN,DB,NW,c,c,NaN,NaN,NaN,NaN,NaN,NaN,
2012060306,e0s.2012,9X-E0S,TD,DEV,-6.9,66.3,15,1010,212,5,212,7,NaN,NaN,NaN,NaN,NaN,NaN,NaN,NaN,NaN,NaN,DB,NW,c,c,NaN,NaN,NaN,NaN,NaN,NaN,
2012060312,e0s.2012,9X-E0S,TD,DEV,-7.5,65.9,15,1010,218,6,239,9,NaN,NaN,NaN,NaN,NaN,NaN,NaN,NaN,NaN,NaN,DB,NW,c,c,NaN,NaN,NaN,NaN,NaN,NaN,
2012060318,e0s.2012,9X-E0S,TD,DEV,-7.6,65.5,15,1010,229,5,229,5,NaN,NaN,NaN,NaN,NaN,NaN,NaN,NaN,NaN,NaN,DB,NW,c,c,NaN,NaN,NaN,NaN,NaN,NaN,
2012060400,e0s.2012,9X-E0S,TD,DEV,-8.2,65.0,15,1010,225,6,232,6,NaN,NaN,NaN,NaN,NaN,NaN,NaN,NaN,NaN,NaN,DB,NW,c,c,NaN,NaN,NaN,NaN,NaN,NaN,
2012060406,e0s.2012,9X-E0S,TD,DEV,-8.4,64.2,15,1010,245,7,238,8,NaN,NaN,NaN,NaN,NaN,NaN,NaN,NaN,NaN,NaN,DB,NW,c,c,NaN,NaN,NaN,NaN,NaN,NaN,
2012060412,e0s.2012,9X-E0S,TD,DEV,-8.0,64.2,15,1010,284,4,284,4,NaN,NaN,NaN,NaN,NaN,NaN,NaN,NaN,NaN,NaN,DB,NW,c,c,NaN,NaN,NaN,NaN,NaN,NaN,
2012060418,e0s.2012,9X-E0S,TD,DEV,-8.7,63.6,15,1010,243,3,243,3,NaN,NaN,NaN,NaN,NaN,NaN,NaN,NaN,NaN,NaN,DB,NW,c,c,NaN,NaN,NaN,NaN,NaN,NaN,
2012060500,e0s.2012,9X-E0S,TD,DEV,-9.8,62.5,15,1010,227,9,223,12,NaN,NaN,NaN,NaN,NaN,NaN,NaN,NaN,NaN,NaN,DB,NW,c,c,NaN,NaN,NaN,NaN,NaN,NaN,
2012060506,e0s.2012,9X-E0S,TD,DEV,-8.8,62.2,15,1004,264,4,266,7,NaN,NaN,NaN,NaN,NaN,NaN,NaN,NaN,NaN,NaN,TD,NW,c,c,150,1006,NaN,NaN,45,NaN,
2012060512,e0s.2012,9X-E0S,TD,DEV,-9.1,61.6,30,1000,255,5,308,6,NaN,NaN,NaN,NaN,NaN,NaN,NaN,NaN,NaN,NaN,DB,NW,C,C,150,1006,NaN,S,45,NaN,
2012060518,e0s.2012,9X-E0S,TD,DEV,-9.2,61.0,30,1000,255,5,251,6,NaN,NaN,NaN,NaN,NaN,NaN,NaN,NaN,NaN,NaN,DB,NW,C,C,150,1006,NaN,S,45,NaN,
2012062700,e1p.2012,9X-E1P,TD,DEV,-9.1,151.5,15,1010,198,16,117,8,NaN,NaN,NaN,NaN,NaN,NaN,NaN,NaN,NaN,NaN,DB,NW,c,c,NaN,NaN,0.02,NaN,NaN,NaN,
2012062706,e1p.2012,9X-E1P,TD,DEV,-9.0,152.7,15,1010,188,11,117,8,NaN,NaN,NaN,NaN,NaN,NaN,NaN,NaN,NaN,NaN,DB,NW,c,c,NaN,NaN,0.07,NaN,NaN,NaN,
2012062712,e1p.2012,9X-E1P,TD,DEV,-9.8,152.9,15,1010,170,9,117,8,NaN,NaN,NaN,NaN,NaN,NaN,NaN,NaN,NaN,NaN,DB,NW,c,c,NaN,NaN,NaN,NaN,NaN,NaN,
2012062718,e1p.2012,9X-E1P,TD,DEV,-10.0,151.6,15,1010,175,6,227,7,NaN,NaN,NaN,NaN,NaN,NaN,NaN,NaN,NaN,NaN,DB,NW,c,c,NaN,NaN,0.05,NaN,NaN,NaN,
2012062800,e1p.2012,9X-E1P,TD,DEV,-10.6,152.5,15,1010,144,7,206,4,NaN,NaN,NaN,NaN,NaN,NaN,NaN,NaN,NaN,NaN,DB,NW,c,c,NaN,NaN,0.02,NaN,NaN,NaN,
2012062806,e1p.2012,9X-E1P,TD,DEV,-10.8,153.6,15,1010,111,7,112,11,NaN,NaN,NaN,NaN,NaN,NaN,NaN,NaN,NaN,NaN,DB,NW,c,c,NaN,NaN,0.04,NaN,NaN,NaN,
2012062812,e1p.2012,9X-E1P,TD,DEV,-10.6,153.5,15,1006,90,2,90,5,NaN,NaN,NaN,NaN,NaN,NaN,NaN,NaN,NaN,NaN,DB,NW,c,c,NaN,NaN,NaN,NaN,NaN,NaN,
2012062818,e1p.2012,9X-E1P,TD,DEV,-10.9,153.7,25,1004,115,3,136,1,NaN,NaN,NaN,NaN,NaN,NaN,NaN,NaN,NaN,NaN,DB,NW,C,C,200,1007,0.04,S,40,NaN,
2012062900,e1p.2012,9X-E1P,TD,DEV,-11.2,154.2,25,1004,125,4,131,5,NaN,NaN,NaN,NaN,NaN,NaN,NaN,NaN,NaN,NaN,DB,NW,C,C,200,1007,0.02,S,40,NaN,
2012062906,e1p.2012,9X-E1P,TD,DEV,-11.8,154.7,30,1000,135,5,133,7,NaN,NaN,NaN,NaN,NaN,NaN,NaN,NaN,NaN,NaN,DB,NW,C,C,185,1007,NaN,S,40,NaN,
2012051500,e5s.2012,9X-E5S,TD,NONdev,-5.1,44.7,15,1010,315,4,315,4,NaN,NaN,NaN,NaN,NaN,NaN,NaN,NaN,NaN,NaN,DB,NW,b,b,NaN,NaN,NaN,NaN,NaN,NaN,
2012051506,e5s.2012,9X-E5S,TD,NONdev,-4.9,44.5,15,1010,315,4,315,4,NaN,NaN,NaN,NaN,NaN,NaN,NaN,NaN,NaN,NaN,DB,NW,b,b,NaN,NaN,NaN,NaN,NaN,NaN,
2012051512,e5s.2012,9X-E5S,TD,NONdev,-4.6,44.2,15,1010,315,4,315,4,NaN,NaN,NaN,NaN,NaN,NaN,NaN,NaN,NaN,NaN,DB,NW,b,b,NaN,NaN,NaN,NaN,NaN,NaN,
2012051518,e5s.2012,9X-E5S,TD,NONdev,-4.3,44.0,15,1010,320,4,320,4,NaN,NaN,NaN,NaN,NaN,NaN,NaN,NaN,NaN,NaN,DB,NW,c,c,NaN,NaN,NaN,NaN,NaN,NaN,
2012013112,z0p.2012,9X-Z0P,TD,DEV,-16.9,140.0,15,NaN,67,3,22,6,NaN,NaN,NaN,NaN,NaN,NaN,NaN,NaN,NaN,NaN,NT,NW,c,c,NaN,NaN,0.01,NaN,NaN,NaN,
2012013118,z0p.2012,9X-Z0P,TD,DEV,-16.1,140.4,15,NaN,67,3,22,6,NaN,NaN,NaN,NaN,NaN,NaN,NaN,NaN,NaN,NaN,NT,NW,c,c,NaN,NaN,0.02,NaN,NaN,NaN,
2012020100,z0p.2012,9X-Z0P,TD,DEV,-15.4,140.8,15,NaN,29,4,22,6,NaN,NaN,NaN,NaN,NaN,NaN,NaN,NaN,NaN,NaN,NT,NW,c,c,NaN,NaN,0.03,NaN,NaN,NaN,
2012020106,z0p.2012,9X-Z0P,TD,DEV,-15.2,140.7,15,NaN,360,3,22,6,NaN,NaN,NaN,NaN,NaN,NaN,NaN,NaN,NaN,NaN,NT,NW,c,c,NaN,NaN,NaN,NaN,NaN,NaN,
2012020112,z0p.2012,9X-Z0P,TD,DEV,-15.0,141.0,15,NaN,33,4,26,2,NaN,NaN,NaN,NaN,NaN,NaN,NaN,NaN,NaN,NaN,NT,NW,c,c,NaN,NaN,NaN,NaN,NaN,NaN,
2012020118,z0p.2012,9X-Z0P,TD,DEV,-14.8,141.5,25,994,47,4,63,4,NaN,NaN,NaN,NaN,NaN,NaN,NaN,NaN,NaN,NaN,DB,NW,C,C,150,996,0.41,S,45,NaN,
2012020200,z0p.2012,9X-Z0P,TD,DEV,-14.9,142.1,25,994,70,5,85,5,NaN,NaN,NaN,NaN,NaN,NaN,NaN,NaN,NaN,NaN,DB,NW,C,C,150,996,0.91,S,45,NaN,
2012020206,z0p.2012,9X-Z0P,TD,DEV,-15.3,142.7,25,1004,100,5,113,6,NaN,NaN,NaN,NaN,NaN,NaN,NaN,NaN,NaN,NaN,DB,NW,C,C,150,1005,1.00,S,45,NaN,
2012020212,z0p.2012,9X-Z0P,TD,DEV,-16.9,145.0,25,1004,120,13,126,17,NaN,NaN,NaN,NaN,NaN,NaN,NaN,NaN,NaN,NaN,DB,NW,C,C,150,1005,1.00,S,45,NaN,
2012020218,z0p.2012,9X-Z0P,TD,DEV,-17.1,146.2,25,993,120,14,118,19,NaN,NaN,NaN,NaN,NaN,NaN,NaN,NaN,NaN,NaN,DB,NW,C,C,170,995,0.33,S,45,NaN,
2012020300,z0p.2012,9X-Z0P,TD,DEV,-15.7,147.2,25,993,92,12,60,12,NaN,NaN,NaN,NaN,NaN,NaN,NaN,NaN,NaN,NaN,DB,NW,C,C,150,995,NaN,S,45,NaN,
2012020306,z0p.2012,9X-Z0P,TD,DEV,-16.7,148.4,25,993,100,11,79,11,NaN,NaN,NaN,NaN,NaN,NaN,NaN,NaN,NaN,NaN,DB,NW,C,C,150,995,NaN,S,45,NaN,
2012020312,z0p.2012,9X-Z0P,TD,DEV,-16.8,149.1,30,994,100,10,121,11,NaN,NaN,NaN,NaN,NaN,NaN,NaN,NaN,NaN,NaN,DB,NW,C,C,150,1001,NaN,S,45,NaN,
2012020318,z0p.2012,9X-Z0P,TD,DEV,-17.1,150.2,30,993,115,11,103,9,NaN,NaN,NaN,NaN,NaN,NaN,NaN,NaN,NaN,NaN,DB,NW,C,C,170,998,NaN,S,45,NaN,
2012020400,z0p.2012,9X-Z0P,TD,DEV,-17.5,150.1,30,993,115,6,126,6,NaN,NaN,NaN,NaN,NaN,NaN,NaN,NaN,NaN,NaN,DB,NW,C,C,190,1000,NaN,S,45,NaN,
2011120112,z0s.2012,9X-Z0S,TD,DEV,-3.1,96.6,15,NaN,153,3,152,17,NaN,NaN,NaN,NaN,NaN,NaN,NaN,NaN,NaN,NaN,NT,NW,c,c,NaN,NaN,NaN,NaN,NaN,NaN,
2011120118,z0s.2012,9X-Z0S,TD,DEV,-4.5,99.2,15,NaN,146,9,152,17,NaN,NaN,NaN,NaN,NaN,NaN,NaN,NaN,NaN,NaN,NT,NW,c,c,NaN,NaN,NaN,NaN,NaN,NaN,
2011120200,z0s.2012,9X-Z0S,TD,DEV,-6.1,98.2,15,NaN,193,13,152,17,NaN,NaN,NaN,NaN,NaN,NaN,NaN,NaN,NaN,NaN,NT,NW,c,c,NaN,NaN,NaN,NaN,NaN,NaN,
2011120206,z0s.2012,9X-Z0S,TD,DEV,-6.1,97.2,15,1010,228,13,231,13,NaN,NaN,NaN,NaN,NaN,NaN,NaN,NaN,NaN,NaN,DB,NW,c,c,NaN,NaN,NaN,NaN,NaN,NaN,
2011120212,z0s.2012,9X-Z0S,TD,DEV,-6.3,95.8,15,1010,254,12,265,12,NaN,NaN,NaN,NaN,NaN,NaN,NaN,NaN,NaN,NaN,DB,NW,c,c,NaN,NaN,NaN,NaN,NaN,NaN,
2011120218,z0s.2012,9X-Z0S,TD,DEV,-7.0,96.0,20,1007,235,9,233,7,NaN,NaN,NaN,NaN,NaN,NaN,NaN,NaN,NaN,NaN,DB,NW,C,C,185,1008,NaN,S,50,NaN,
2011120300,z0s.2012,9X-Z0S,TD,DEV,-8.3,96.0,25,1004,215,9,174,10,NaN,NaN,NaN,NaN,NaN,NaN,NaN,NaN,NaN,NaN,DB,NW,C,C,190,1008,NaN,S,45,NaN,
2011120306,z0s.2012,9X-Z0S,TD,DEV,-9.3,95.2,25,1004,215,10,199,12,NaN,NaN,NaN,NaN,NaN,NaN,NaN,NaN,NaN,NaN,DB,NW,C,C,190,1007,NaN,S,45,NaN,
2011120312,z0s.2012,9X-Z0S,TD,DEV,-10.4,94.2,25,1004,215,12,220,14,NaN,NaN,NaN,NaN,NaN,NaN,NaN,NaN,NaN,NaN,DB,NW,C,C,190,1007,NaN,S,40,NaN,
2011120318,z0s.2012,9X-Z0S,TD,DEV,-11.2,93.6,25,1003,220,12,220,12,NaN,NaN,NaN,NaN,NaN,NaN,NaN,NaN,NaN,NaN,DB,NW,C,C,190,1007,NaN,S,45,NaN,
2011120400,z0s.2012,9X-Z0S,TD,DEV,-11.8,92.5,30,1000,225,12,230,11,NaN,NaN,NaN,NaN,NaN,NaN,NaN,NaN,NaN,NaN,DB,NW,C,C,185,1006,NaN,S,45,NaN,
2011120406,z0s.2012,9X-Z0S,TD,DEV,-12.5,91.2,30,1000,235,12,241,13,NaN,NaN,NaN,NaN,NaN,NaN,NaN,NaN,NaN,NaN,DB,NW,C,C,185,1006,NaN,S,40,NaN,
2011120412,z0s.2012,9X-Z0S,TD,DEV,-12.8,90.2,30,1000,245,13,246,12,NaN,NaN,NaN,NaN,NaN,NaN,NaN,NaN,NaN,NaN,DB,NW,C,C,180,1006,NaN,S,40,NaN,
2011120418,z0s.2012,9X-Z0S,TD,DEV,-12.6,89.0,30,1000,255,12,267,11,NaN,NaN,NaN,NaN,NaN,NaN,NaN,NaN,NaN,NaN,DB,NW,C,C,180,1006,NaN,S,40,NaN,
2011112806,z1s.2012,9X-Z1S,TD,DEV,-3.9,79.0,15,NaN,234,4,240,4,NaN,NaN,NaN,NaN,NaN,NaN,NaN,NaN,NaN,NaN,NT,NW,c,c,NaN,NaN,NaN,NaN,NaN,NaN,
2011112812,z1s.2012,9X-Z1S,TD,DEV,-4.1,78.7,15,NaN,231,3,240,4,NaN,NaN,NaN,NaN,NaN,NaN,NaN,NaN,NaN,NaN,NT,NW,c,c,NaN,NaN,NaN,NaN,NaN,NaN,
2011112818,z1s.2012,9X-Z1S,TD,DEV,-4.3,78.3,15,NaN,240,4,240,4,NaN,NaN,NaN,NaN,NaN,NaN,NaN,NaN,NaN,NaN,NT,NW,c,c,NaN,NaN,NaN,NaN,NaN,NaN,
2011112900,z1s.2012,9X-Z1S,TD,DEV,-5.1,77.6,15,NaN,240,4,234,6,NaN,NaN,NaN,NaN,NaN,NaN,NaN,NaN,NaN,NaN,NT,NW,c,c,NaN,NaN,NaN,NaN,NaN,NaN,
2011112906,z1s.2012,9X-Z1S,TD,DEV,-6.0,77.0,15,NaN,240,4,228,7,NaN,NaN,NaN,NaN,NaN,NaN,NaN,NaN,NaN,NaN,NT,NW,c,c,NaN,NaN,NaN,NaN,NaN,NaN,
2011112912,z1s.2012,9X-Z1S,TD,DEV,-6.8,76.3,15,NaN,180,6,222,9,NaN,NaN,NaN,NaN,NaN,NaN,NaN,NaN,NaN,NaN,NT,NW,c,c,NaN,NaN,NaN,NaN,NaN,NaN,
2011112918,z1s.2012,9X-Z1S,TD,DEV,-7.4,76.4,15,NaN,175,6,211,9,NaN,NaN,NaN,NaN,NaN,NaN,NaN,NaN,NaN,NaN,NT,NW,c,c,NaN,NaN,NaN,NaN,NaN,NaN,
2011113000,z1s.2012,9X-Z1S,TD,DEV,-9.0,76.3,15,NaN,173,13,180,11,NaN,NaN,NaN,NaN,NaN,NaN,NaN,NaN,NaN,NaN,NT,NW,c,c,NaN,NaN,NaN,NaN,NaN,NaN,
2011113006,z1s.2012,9X-Z1S,TD,DEV,-10.7,74.4,15,NaN,208,15,211,19,NaN,NaN,NaN,NaN,NaN,NaN,NaN,NaN,NaN,NaN,NT,NW,c,c,NaN,NaN,NaN,NaN,NaN,NaN,
2011113012,z1s.2012,9X-Z1S,TD,DEV,-11.4,73.1,15,NaN,208,15,218,18,NaN,NaN,NaN,NaN,NaN,NaN,NaN,NaN,NaN,NaN,NT,NW,c,c,NaN,NaN,NaN,NaN,NaN,NaN,
2011113018,z1s.2012,9X-Z1S,TD,DEV,-12.1,71.8,15,NaN,208,15,224,18,NaN,NaN,NaN,NaN,NaN,NaN,NaN,NaN,NaN,NaN,NT,NW,c,c,NaN,NaN,NaN,NaN,NaN,NaN,
2011120100,z1s.2012,9X-Z1S,TD,DEV,-12.7,70.6,15,NaN,208,15,230,17,NaN,NaN,NaN,NaN,NaN,NaN,NaN,NaN,NaN,NaN,NT,NW,c,c,NaN,NaN,NaN,NaN,NaN,NaN,
2011120106,z1s.2012,9X-Z1S,TD,DEV,-13.4,69.3,15,NaN,202,6,237,16,NaN,NaN,NaN,NaN,NaN,NaN,NaN,NaN,NaN,NaN,NT,NW,c,c,NaN,NaN,NaN,NaN,NaN,NaN,
2011120112,z1s.2012,9X-Z1S,TD,DEV,-14.0,69.0,15,NaN,206,7,238,12,NaN,NaN,NaN,NaN,NaN,NaN,NaN,NaN,NaN,NaN,NT,NW,c,c,NaN,NaN,NaN,NaN,NaN,NaN,
2011120118,z1s.2012,9X-Z1S,TD,DEV,-13.4,68.9,15,NaN,206,7,272,9,NaN,NaN,NaN,NaN,NaN,NaN,NaN,NaN,NaN,NaN,NT,NW,c,c,NaN,NaN,NaN,NaN,NaN,NaN,
2011120200,z1s.2012,9X-Z1S,TD,DEV,-12.7,68.9,15,NaN,206,7,305,6,NaN,NaN,NaN,NaN,NaN,NaN,NaN,NaN,NaN,NaN,NT,NW,c,c,NaN,NaN,NaN,NaN,NaN,NaN,
2011120206,z1s.2012,9X-Z1S,TD,DEV,-12.1,68.8,15,NaN,90,1,339,3,NaN,NaN,NaN,NaN,NaN,NaN,NaN,NaN,NaN,NaN,NT,NW,c,c,NaN,NaN,NaN,NaN,NaN,NaN,
2011120212,z1s.2012,9X-Z1S,TD,DEV,-12.1,68.9,15,1007,90,1,357,5,NaN,NaN,NaN,NaN,NaN,NaN,NaN,NaN,NaN,NaN,TD,NW,c,c,NaN,NaN,NaN,NaN,NaN,NaN,
2011120218,z1s.2012,9X-Z1S,TD,DEV,-12.2,69.0,15,1007,90,1,117,1,NaN,NaN,NaN,NaN,NaN,NaN,NaN,NaN,NaN,NaN,DB,NW,c,c,NaN,NaN,NaN,NaN,NaN,NaN,
2011120300,z1s.2012,9X-Z1S,TD,DEV,-12.1,68.5,15,1004,270,1,270,2,NaN,NaN,NaN,NaN,NaN,NaN,NaN,NaN,NaN,NaN,TD,NW,c,c,NaN,NaN,NaN,NaN,NaN,NaN,
2011120306,z1s.2012,9X-Z1S,TD,DEV,-11.9,68.9,30,1000,245,2,342,2,NaN,NaN,NaN,NaN,NaN,NaN,NaN,NaN,NaN,NaN,DB,NW,C,C,200,1006,NaN,S,40,NaN,
2011120312,z1s.2012,9X-Z1S,TD,DEV,-12.5,69.3,30,1000,225,2,117,4,NaN,NaN,NaN,NaN,NaN,NaN,NaN,NaN,NaN,NaN,DB,NW,C,C,190,1006,NaN,S,40,NaN,
2011120318,z1s.2012,9X-Z1S,TD,DEV,-12.8,69.0,30,1000,230,2,174,5,NaN,NaN,NaN,NaN,NaN,NaN,NaN,NaN,NaN,NaN,DB,NW,C,C,190,1006,NaN,S,45,NaN,
2011120400,z1s.2012,9X-Z1S,TD,DEV,-13.1,70.0,30,1000,135,2,131,5,NaN,NaN,NaN,NaN,NaN,NaN,NaN,NaN,NaN,NaN,DB,NW,C,C,185,1006,NaN,S,45,NaN,
2011120406,z1s.2012,9X-Z1S,TD,DEV,-14.3,70.4,25,1003,150,6,138,10,NaN,NaN,NaN,NaN,NaN,NaN,NaN,NaN,NaN,NaN,DB,NW,C,C,175,1006,NaN,S,40,NaN,
2011120412,z1s.2012,9X-Z1S,TD,DEV,-14.8,70.6,25,1004,161,9,161,9,NaN,NaN,NaN,NaN,NaN,NaN,NaN,NaN,NaN,NaN,TD,NW,c,c,NaN,NaN,NaN,NaN,NaN,NaN,
2011120418,z1s.2012,9X-Z1S,TD,DEV,-14.9,70.5,20,1004,171,3,171,3,NaN,NaN,NaN,NaN,NaN,NaN,NaN,NaN,NaN,NaN,TD,NW,c,c,NaN,NaN,NaN,NaN,NaN,NaN,
2011120500,z1s.2012,9X-Z1S,TD,DEV,-15.2,70.6,20,1000,180,2,180,2,NaN,NaN,NaN,NaN,NaN,NaN,NaN,NaN,NaN,NaN,TD,NW,c,c,NaN,NaN,NaN,NaN,NaN,NaN,
2011120506,z1s.2012,9X-Z1S,TD,DEV,-15.9,70.0,20,1000,206,6,206,6,NaN,NaN,NaN,NaN,NaN,NaN,NaN,NaN,NaN,NaN,TD,NW,c,c,NaN,NaN,NaN,NaN,NaN,NaN,
2011120512,z1s.2012,9X-Z1S,TD,DEV,-16.4,69.9,20,1000,209,7,209,7,NaN,NaN,NaN,NaN,NaN,NaN,NaN,NaN,NaN,NaN,TD,NW,c,c,NaN,NaN,NaN,NaN,NaN,NaN,
2011120518,z1s.2012,9X-Z1S,TD,DEV,-16.6,70.0,20,1000,180,4,180,4,NaN,NaN,NaN,NaN,NaN,NaN,NaN,NaN,NaN,NaN,TD,NW,c,c,NaN,NaN,NaN,NaN,NaN,NaN,
2011120600,z1s.2012,9X-Z1S,TD,DEV,-17.0,69.6,25,1004,200,4,206,3,NaN,NaN,NaN,NaN,NaN,NaN,NaN,NaN,NaN,NaN,DB,NW,C,C,200,1005,NaN,S,40,NaN,
2011121918,z2s.2012,9X-Z2S,TD,DEV,-12.4,133.8,15,NaN,316,1,267,18,NaN,NaN,NaN,NaN,NaN,NaN,NaN,NaN,NaN,NaN,NT,NW,c,c,NaN,NaN,0.97,NaN,NaN,NaN,
2011122000,z2s.2012,9X-Z2S,TD,DEV,-11.9,132.1,15,NaN,304,2,267,18,NaN,NaN,NaN,NaN,NaN,NaN,NaN,NaN,NaN,NaN,NT,NW,c,c,NaN,NaN,0.23,NaN,NaN,NaN,
2011122006,z2s.2012,9X-Z2S,TD,DEV,-12.6,130.1,15,NaN,284,2,267,18,NaN,NaN,NaN,NaN,NaN,NaN,NaN,NaN,NaN,NaN,NT,NW,c,c,NaN,NaN,0.06,NaN,NaN,NaN,
2011122012,z2s.2012,9X-Z2S,TD,DEV,-13.2,130.4,15,NaN,128,2,232,11,NaN,NaN,NaN,NaN,NaN,NaN,NaN,NaN,NaN,NaN,NT,NW,c,c,NaN,NaN,0.65,NaN,NaN,NaN,
2011122018,z2s.2012,9X-Z2S,TD,DEV,-12.4,130.7,15,NaN,44,3,71,3,NaN,NaN,NaN,NaN,NaN,NaN,NaN,NaN,NaN,NaN,NT,NW,c,c,NaN,NaN,0.29,NaN,NaN,NaN,
2011122100,z2s.2012,9X-Z2S,TD,DEV,-11.2,131.6,18,1002,44,3,52,8,NaN,NaN,NaN,NaN,NaN,NaN,NaN,NaN,NaN,NaN,NT,NW,c,c,150,1005,0.14,NaN,NaN,NaN,
2011122106,z2s.2012,9X-Z2S,TD,DEV,-10.0,132.5,20,1002,140,4,33,13,NaN,NaN,NaN,NaN,NaN,NaN,NaN,NaN,NaN,NaN,DB,NW,C,C,150,1005,NaN,S,45,NaN,
2011122112,z2s.2012,9X-Z2S,TD,DEV,-10.1,132.5,20,NaN,149,3,38,10,NaN,NaN,NaN,NaN,NaN,NaN,NaN,NaN,NaN,NaN,NT,NW,c,c,NaN,NaN,NaN,NaN,NaN,NaN,
2011122118,z2s.2012,9X-Z2S,TD,DEV,-10.1,132.3,20,1001,150,3,243,1,NaN,NaN,NaN,NaN,NaN,NaN,NaN,NaN,NaN,NaN,DB,NW,C,C,150,1005,NaN,S,45,NaN,
2011122200,z2s.2012,9X-Z2S,TD,DEV,-10.3,132.1,15,1001,210,4,243,2,NaN,NaN,NaN,NaN,NaN,NaN,NaN,NaN,NaN,NaN,DB,NW,C,C,150,1003,NaN,S,45,NaN,
2011122206,z2s.2012,9X-Z2S,TD,DEV,-10.4,131.9,15,1010,225,2,233,2,NaN,NaN,NaN,NaN,NaN,NaN,NaN,NaN,NaN,NaN,DB,NW,C,C,150,1011,NaN,S,45,NaN,
2011122212,z2s.2012,9X-Z2S,TD,DEV,-10.1,130.6,15,1010,270,6,278,7,NaN,NaN,NaN,NaN,NaN,NaN,NaN,NaN,NaN,NaN,DB,NW,C,C,150,1011,NaN,S,45,NaN,
2011122218,z2s.2012,9X-Z2S,TD,DEV,-10.3,129.9,15,1004,270,7,273,10,NaN,NaN,NaN,NaN,NaN,NaN,NaN,NaN,NaN,NaN,DB,NW,C,C,160,1005,NaN,S,45,NaN,
2011122300,z2s.2012,9X-Z2S,TD,DEV,-10.4,130.4,15,1000,265,3,213,2,NaN,NaN,NaN,NaN,NaN,NaN,NaN,NaN,NaN,NaN,DB,NW,C,C,160,1002,NaN,S,45,NaN,
2011122306,z2s.2012,9X-Z2S,TD,DEV,-10.3,130.1,15,NaN,281,3,90,1,NaN,NaN,NaN,NaN,NaN,NaN,NaN,NaN,NaN,NaN,NT,NW,c,c,NaN,NaN,NaN,NaN,NaN,NaN,
2011122312,z2s.2012,9X-Z2S,TD,DEV,-10.2,129.9,15,NaN,292,3,292,3,NaN,NaN,NaN,NaN,NaN,NaN,NaN,NaN,NaN,NaN,NT,NW,c,c,NaN,NaN,NaN,NaN,NaN,NaN,
2011122318,z2s.2012,9X-Z2S,TD,DEV,-10.9,131.1,25,1004,260,5,121,6,NaN,NaN,NaN,NaN,NaN,NaN,NaN,NaN,NaN,NaN,DB,NW,C,C,180,1005,0.17,S,40,NaN,
2011122400,z2s.2012,9X-Z2S,TD,DEV,-11.0,131.4,25,1000,260,3,118,8,NaN,NaN,NaN,NaN,NaN,NaN,NaN,NaN,NaN,NaN,DB,NW,C,C,120,1002,0.12,S,40,NaN,
2011122406,z2s.2012,9X-Z2S,TD,DEV,-10.9,131.8,30,998,245,1,90,3,NaN,NaN,NaN,NaN,NaN,NaN,NaN,NaN,NaN,NaN,DB,NW,C,C,180,1003,0.14,S,40,NaN,
2011122412,z2s.2012,9X-Z2S,TD,DEV,-10.6,131.9,25,998,25,1,51,3,NaN,NaN,NaN,NaN,NaN,NaN,NaN,NaN,NaN,NaN,DB,NW,C,C,180,1003,NaN,S,40,NaN,
2011122418,z2s.2012,9X-Z2S,TD,DEV,-11.0,132.2,30,999,110,2,104,2,NaN,NaN,NaN,NaN,NaN,NaN,NaN,NaN,NaN,NaN,DB,NW,C,C,170,1002,0.14,M,40,NaN,
2011122600,z3s.2012,9X-Z3S,TD,DEV,-8.0,94.0,15,NaN,227,8,121,3,NaN,NaN,NaN,NaN,NaN,NaN,NaN,NaN,NaN,NaN,NT,NW,c,c,NaN,NaN,NaN,NaN,NaN,NaN,
2011122606,z3s.2012,9X-Z3S,TD,DEV,-7.4,92.2,15,NaN,273,11,121,3,NaN,NaN,NaN,NaN,NaN,NaN,NaN,NaN,NaN,NaN,NT,NW,c,c,NaN,NaN,NaN,NaN,NaN,NaN,
2011122612,z3s.2012,9X-Z3S,TD,DEV,-8.3,94.5,15,NaN,140,5,121,3,NaN,NaN,NaN,NaN,NaN,NaN,NaN,NaN,NaN,NaN,NT,NW,c,c,NaN,NaN,NaN,NaN,NaN,NaN,
2011122618,z3s.2012,9X-Z3S,TD,DEV,-9.1,94.1,15,NaN,210,7,132,13,NaN,NaN,NaN,NaN,NaN,NaN,NaN,NaN,NaN,NaN,NT,NW,c,c,NaN,NaN,NaN,NaN,NaN,NaN,
2011122700,z3s.2012,9X-Z3S,TD,DEV,-9.9,93.3,15,1007,218,9,217,10,NaN,NaN,NaN,NaN,NaN,NaN,NaN,NaN,NaN,NaN,DB,NW,c,c,NaN,NaN,NaN,NaN,NaN,NaN,
2011122706,z3s.2012,9X-Z3S,TD,DEV,-10.2,94.9,20,1007,193,9,144,7,NaN,NaN,NaN,NaN,NaN,NaN,NaN,NaN,NaN,NaN,DB,NW,c,c,NaN,NaN,NaN,NaN,NaN,NaN,
2011122712,z3s.2012,9X-Z3S,TD,DEV,-11.4,94.0,25,1004,205,10,155,8,NaN,NaN,NaN,NaN,NaN,NaN,NaN,NaN,NaN,NaN,DB,NW,C,C,150,1006,NaN,S,45,NaN,
2011122718,z3s.2012,9X-Z3S,TD,DEV,-11.6,92.8,30,1000,230,10,236,12,NaN,NaN,NaN,NaN,NaN,NaN,NaN,NaN,NaN,NaN,DB,NW,C,C,150,1006,NaN,S,45,NaN,
2011122800,z3s.2012,9X-Z3S,TD,DEV,-11.9,91.2,30,1000,250,12,260,14,NaN,NaN,NaN,NaN,NaN,NaN,NaN,NaN,NaN,NaN,DB,NW,C,C,150,1006,NaN,S,45,NaN,
2012010500,z4s.2012,9X-Z4S,TD,DEV,-16.0,41.9,20,1007,115,7,270,0,NaN,NaN,NaN,NaN,NaN,NaN,NaN,NaN,NaN,NaN,DB,NW,C,C,150,1008,NaN,S,50,NaN,
2012010506,z4s.2012,9X-Z4S,TD,DEV,-14.0,42.9,20,NaN,112,5,270,0,NaN,NaN,NaN,NaN,NaN,NaN,NaN,NaN,NaN,NaN,NT,NW,c,c,NaN,NaN,NaN,NaN,NaN,NaN,
2012010512,z4s.2012,9X-Z4S,TD,DEV,-16.0,41.8,25,1004,120,4,270,0,NaN,NaN,NaN,NaN,NaN,NaN,NaN,NaN,NaN,NaN,DB,NW,C,C,150,1007,NaN,S,45,NaN,
2012010518,z4s.2012,9X-Z4S,TD,DEV,-16.3,42.1,25,1004,125,4,199,12,NaN,NaN,NaN,NaN,NaN,NaN,NaN,NaN,NaN,NaN,DB,NW,C,C,150,1007,NaN,S,45,NaN,
2012010600,z4s.2012,9X-Z4S,TD,DEV,-16.3,42.1,25,1004,125,4,136,2,NaN,NaN,NaN,NaN,NaN,NaN,NaN,NaN,NaN,NaN,DB,NW,C,C,150,1007,NaN,S,45,NaN,
2012010606,z4s.2012,9X-Z4S,TD,DEV,-17.1,42.0,25,1004,160,4,187,4,NaN,NaN,NaN,NaN,NaN,NaN,NaN,NaN,NaN,NaN,DB,NW,C,C,150,1007,NaN,S,45,NaN,
2012010612,z4s.2012,9X-Z4S,TD,DEV,-17.6,41.7,25,1004,185,5,196,7,NaN,NaN,NaN,NaN,NaN,NaN,NaN,NaN,NaN,NaN,DB,NW,C,C,150,1007,NaN,S,45,NaN,
2012010618,z4s.2012,9X-Z4S,TD,DEV,-16.5,40.7,30,NaN,224,3,296,7,NaN,NaN,NaN,NaN,NaN,NaN,NaN,NaN,NaN,NaN,TW,NW,c,c,NaN,NaN,0.01,NaN,NaN,NaN,
2012010900,z5s.2012,9X-Z5S,TD,DEV,-11.7,118.9,15,NaN,90,4,142,3,NaN,NaN,NaN,NaN,NaN,NaN,NaN,NaN,NaN,NaN,NT,NW,c,c,NaN,NaN,NaN,NaN,NaN,NaN,
2012010906,z5s.2012,9X-Z5S,TD,DEV,-11.8,119.2,15,NaN,98,3,142,3,NaN,NaN,NaN,NaN,NaN,NaN,NaN,NaN,NaN,NaN,NT,NW,c,c,NaN,NaN,NaN,NaN,NaN,NaN,
2012010912,z5s.2012,9X-Z5S,TD,DEV,-12.2,119.3,15,NaN,142,3,142,3,NaN,NaN,NaN,NaN,NaN,NaN,NaN,NaN,NaN,NaN,NT,NW,c,c,NaN,NaN,NaN,NaN,NaN,NaN,
2012010918,z5s.2012,9X-Z5S,TD,DEV,-12.8,119.5,15,1008,150,4,164,5,NaN,NaN,NaN,NaN,NaN,NaN,NaN,NaN,NaN,NaN,DB,NW,C,C,125,1010,NaN,S,35,NaN,
2012011000,z5s.2012,9X-Z5S,TD,DEV,-13.2,118.8,20,1007,195,5,206,6,NaN,NaN,NaN,NaN,NaN,NaN,NaN,NaN,NaN,NaN,DB,NW,C,C,125,1010,NaN,S,35,NaN,
2012011006,z5s.2012,9X-Z5S,TD,DEV,-15.4,118.8,25,1003,195,11,195,13,NaN,NaN,NaN,NaN,NaN,NaN,NaN,NaN,NaN,NaN,DB,NW,C,C,180,1006,NaN,S,25,NaN,
2012011012,z5s.2012,9X-Z5S,TD,DEV,-16.5,119.0,25,1003,185,11,177,17,NaN,NaN,NaN,NaN,NaN,NaN,NaN,NaN,NaN,NaN,DB,NW,C,C,180,1006,NaN,S,25,NaN,
2012011700,z6s.2012,9X-Z6S,TD,DEV,-10.0,75.0,15,NaN,278,3,291,4,NaN,NaN,NaN,NaN,NaN,NaN,NaN,NaN,NaN,NaN,NT,NW,c,c,NaN,NaN,NaN,NaN,NaN,NaN,
2012011706,z6s.2012,9X-Z6S,TD,DEV,-9.7,74.5,20,NaN,257,5,291,4,NaN,NaN,NaN,NaN,NaN,NaN,NaN,NaN,NaN,NaN,NT,NW,c,c,NaN,NaN,NaN,NaN,NaN,NaN,
2012011712,z6s.2012,9X-Z6S,TD,DEV,-9.7,74.2,20,NaN,262,3,291,4,NaN,NaN,NaN,NaN,NaN,NaN,NaN,NaN,NaN,NaN,NT,NW,c,c,NaN,NaN,NaN,NaN,NaN,NaN,
2012011718,z6s.2012,9X-Z6S,TD,DEV,-10.1,73.4,20,NaN,243,4,250,6,NaN,NaN,NaN,NaN,NaN,NaN,NaN,NaN,NaN,NaN,NT,NW,c,c,NaN,NaN,NaN,NaN,NaN,NaN,
2012011800,z6s.2012,9X-Z6S,TD,DEV,-11.4,72.1,22,1004,243,4,239,10,NaN,NaN,NaN,NaN,NaN,NaN,NaN,NaN,NaN,NaN,NT,NW,c,c,180,1006,NaN,NaN,NaN,NaN,
2012011806,z6s.2012,9X-Z6S,TD,DEV,-12.7,70.8,25,1004,245,9,228,15,NaN,NaN,NaN,NaN,NaN,NaN,NaN,NaN,NaN,NaN,DB,NW,C,C,180,1006,NaN,S,45,NaN,
2012011812,z6s.2012,9X-Z6S,TD,DEV,-13.0,69.6,20,1004,250,11,232,16,NaN,NaN,NaN,NaN,NaN,NaN,NaN,NaN,NaN,NaN,DB,NW,C,C,180,1006,NaN,S,45,NaN,
2012011818,z6s.2012,9X-Z6S,TD,DEV,-13.6,68.9,30,1000,245,11,244,10,NaN,NaN,NaN,NaN,NaN,NaN,NaN,NaN,NaN,NaN,DB,NW,C,C,180,1006,NaN,M,45,NaN,
2012011706,z7s.2012,9X-Z7S,TD,DEV,-14.7,41.3,15,NaN,149,5,171,9,NaN,NaN,NaN,NaN,NaN,NaN,NaN,NaN,NaN,NaN,NT,NW,c,c,NaN,NaN,NaN,NaN,NaN,NaN,
2012011712,z7s.2012,9X-Z7S,TD,DEV,-16.3,41.6,15,NaN,128,5,171,9,NaN,NaN,NaN,NaN,NaN,NaN,NaN,NaN,NaN,NaN,NT,NW,c,c,NaN,NaN,NaN,NaN,NaN,NaN,
2012011718,z7s.2012,9X-Z7S,TD,DEV,-16.5,41.6,25,1004,135,4,171,9,NaN,NaN,NaN,NaN,NaN,NaN,NaN,NaN,NaN,NaN,DB,NW,C,C,150,1006,NaN,S,45,NaN,
2012011800,z7s.2012,9X-Z7S,TD,DEV,-16.5,41.4,25,1004,150,3,224,1,NaN,NaN,NaN,NaN,NaN,NaN,NaN,NaN,NaN,NaN,DB,NW,C,C,150,1006,NaN,S,45,NaN,
2012011806,z7s.2012,9X-Z7S,TD,DEV,-16.8,41.3,25,1004,175,3,224,2,NaN,NaN,NaN,NaN,NaN,NaN,NaN,NaN,NaN,NaN,DB,NW,C,C,160,1006,NaN,S,45,NaN,
2012011812,z7s.2012,9X-Z7S,TD,DEV,-17.0,41.3,25,1004,180,2,191,3,NaN,NaN,NaN,NaN,NaN,NaN,NaN,NaN,NaN,NaN,DB,NW,C,C,160,1006,NaN,S,45,NaN,
2012011818,z7s.2012,9X-Z7S,TD,DEV,-17.4,41.3,30,1000,180,3,180,3,NaN,NaN,NaN,NaN,NaN,NaN,NaN,NaN,NaN,NaN,DB,NW,C,C,160,1006,NaN,M,45,NaN,
2012011900,z7s.2012,9X-Z7S,TD,DEV,-17.8,41.1,30,1000,190,3,193,4,NaN,NaN,NaN,NaN,NaN,NaN,NaN,NaN,NaN,NaN,DB,NW,C,C,160,1007,NaN,M,45,NaN,
2012012118,z8s.2012,9X-Z8S,TD,DEV,-12.0,118.0,15,NaN,291,4,246,4,NaN,NaN,NaN,NaN,NaN,NaN,NaN,NaN,NaN,NaN,NT,NW,c,c,NaN,NaN,NaN,NaN,NaN,NaN,
2012012200,z8s.2012,9X-Z8S,TD,DEV,-12.4,117.8,15,NaN,283,7,246,4,NaN,NaN,NaN,NaN,NaN,NaN,NaN,NaN,NaN,NaN,NT,NW,c,c,NaN,NaN,NaN,NaN,NaN,NaN,
2012012206,z8s.2012,9X-Z8S,TD,DEV,-12.3,117.3,15,NaN,286,6,246,4,NaN,NaN,NaN,NaN,NaN,NaN,NaN,NaN,NaN,NaN,NT,NW,c,c,NaN,NaN,NaN,NaN,NaN,NaN,
2012012212,z8s.2012,9X-Z8S,TD,DEV,-12.6,118.0,15,NaN,290,6,136,1,NaN,NaN,NaN,NaN,NaN,NaN,NaN,NaN,NaN,NaN,NT,NW,c,c,NaN,NaN,NaN,NaN,NaN,NaN,
2012012218,z8s.2012,9X-Z8S,TD,DEV,-13.1,117.5,15,NaN,270,5,166,4,NaN,NaN,NaN,NaN,NaN,NaN,NaN,NaN,NaN,NaN,NT,NW,c,c,NaN,NaN,NaN,NaN,NaN,NaN,
2012012300,z8s.2012,9X-Z8S,TD,DEV,-13.7,117.0,15,NaN,234,6,222,7,NaN,NaN,NaN,NaN,NaN,NaN,NaN,NaN,NaN,NaN,NT,NW,c,c,NaN,NaN,NaN,NaN,NaN,NaN,
2012012306,z8s.2012,9X-Z8S,TD,DEV,-13.9,116.5,15,NaN,231,6,231,6,NaN,NaN,NaN,NaN,NaN,NaN,NaN,NaN,NaN,NaN,NT,NW,c,c,NaN,NaN,NaN,NaN,NaN,NaN,
2012012312,z8s.2012,9X-Z8S,TD,DEV,-14.4,115.9,15,NaN,230,7,237,6,NaN,NaN,NaN,NaN,NaN,NaN,NaN,NaN,NaN,NaN,NT,NW,c,c,NaN,NaN,NaN,NaN,NaN,NaN,
2012012318,z8s.2012,9X-Z8S,TD,DEV,-16.2,114.3,20,1004,225,13,223,16,NaN,NaN,NaN,NaN,NaN,NaN,NaN,NaN,NaN,NaN,DB,NW,C,C,200,1005,NaN,S,45,NaN,
2012012400,z8s.2012,9X-Z8S,TD,DEV,-16.8,112.7,20,1003,235,14,232,20,NaN,NaN,NaN,NaN,NaN,NaN,NaN,NaN,NaN,NaN,DB,NW,C,C,200,1005,NaN,S,45,NaN,
2012012406,z8s.2012,9X-Z8S,TD,DEV,-16.8,111.9,25,1004,245,14,255,12,NaN,NaN,NaN,NaN,NaN,NaN,NaN,NaN,NaN,NaN,DB,NW,C,C,165,1007,NaN,S,25,NaN,
2012012412,z8s.2012,9X-Z8S,TD,DEV,-16.6,111.0,30,1000,255,13,277,8,NaN,NaN,NaN,NaN,NaN,NaN,NaN,NaN,NaN,NaN,DB,NW,C,C,165,1007,NaN,S,25,NaN,
2012012418,z8s.2012,9X-Z8S,TD,DEV,-15.9,109.2,30,996,275,15,289,14,NaN,NaN,NaN,NaN,NaN,NaN,NaN,NaN,NaN,NaN,DB,NW,C,C,210,999,NaN,S,40,NaN,
2012012500,z8s.2012,9X-Z8S,TD,DEV,-16.0,108.3,30,996,280,14,283,13,NaN,NaN,NaN,NaN,NaN,NaN,NaN,NaN,NaN,NaN,DB,NW,C,C,200,998,NaN,S,35,NaN,
2012012506,z8s.2012,9X-Z8S,TD,DEV,-15.9,108.3,30,1000,285,9,270,4,NaN,NaN,NaN,NaN,NaN,NaN,NaN,NaN,NaN,NaN,DB,NW,C,C,200,1001,NaN,S,35,NaN,
2012022418,z9s.2012,9X-Z9S,TD,DEV,-12.5,70.5,15,NaN,256,8,251,8,NaN,NaN,NaN,NaN,NaN,NaN,NaN,NaN,NaN,NaN,NT,NW,c,c,NaN,NaN,NaN,NaN,NaN,NaN,
2012022500,z9s.2012,9X-Z9S,TD,DEV,-12.8,69.8,15,NaN,248,8,251,8,NaN,NaN,NaN,NaN,NaN,NaN,NaN,NaN,NaN,NaN,NT,NW,c,c,NaN,NaN,NaN,NaN,NaN,NaN,
2012022506,z9s.2012,9X-Z9S,TD,DEV,-13.0,69.0,15,NaN,251,8,251,8,NaN,NaN,NaN,NaN,NaN,NaN,NaN,NaN,NaN,NaN,NT,NW,c,c,NaN,NaN,NaN,NaN,NaN,NaN,
2012022512,z9s.2012,9X-Z9S,TD,DEV,-12.0,71.8,15,NaN,248,9,68,11,NaN,NaN,NaN,NaN,NaN,NaN,NaN,NaN,NaN,NaN,NT,NW,c,c,NaN,NaN,NaN,NaN,NaN,NaN,
2012022518,z9s.2012,9X-Z9S,TD,DEV,-12.1,71.2,15,NaN,255,8,67,12,NaN,NaN,NaN,NaN,NaN,NaN,NaN,NaN,NaN,NaN,NT,NW,c,c,NaN,NaN,NaN,NaN,NaN,NaN,
2012022600,z9s.2012,9X-Z9S,TD,DEV,-12.4,70.5,15,NaN,253,7,253,7,NaN,NaN,NaN,NaN,NaN,NaN,NaN,NaN,NaN,NaN,NT,NW,c,c,NaN,NaN,NaN,NaN,NaN,NaN,
2012022606,z9s.2012,9X-Z9S,TD,DEV,-12.5,69.6,15,NaN,256,9,256,8,NaN,NaN,NaN,NaN,NaN,NaN,NaN,NaN,NaN,NaN,NT,NW,c,c,NaN,NaN,NaN,NaN,NaN,NaN,
2012022612,z9s.2012,9X-Z9S,TD,DEV,-12.1,67.6,15,NaN,260,9,276,14,NaN,NaN,NaN,NaN,NaN,NaN,NaN,NaN,NaN,NaN,NT,NW,c,c,NaN,NaN,NaN,NaN,NaN,NaN,
2012022618,z9s.2012,9X-Z9S,TD,DEV,-12.3,66.6,15,NaN,261,9,274,15,NaN,NaN,NaN,NaN,NaN,NaN,NaN,NaN,NaN,NaN,NT,NW,c,c,NaN,NaN,NaN,NaN,NaN,NaN,
2012022700,z9s.2012,9X-Z9S,TD,DEV,-11.7,67.7,15,NaN,261,9,160,10,NaN,NaN,NaN,NaN,NaN,NaN,NaN,NaN,NaN,NaN,NT,NW,c,c,NaN,NaN,NaN,NaN,NaN,NaN,
2012022706,z9s.2012,9X-Z9S,TD,DEV,-11.0,68.8,15,NaN,259,8,47,5,NaN,NaN,NaN,NaN,NaN,NaN,NaN,NaN,NaN,NaN,NT,NW,c,c,NaN,NaN,NaN,NaN,NaN,NaN,
2012022712,z9s.2012,9X-Z9S,TD,DEV,-11.5,69.9,15,NaN,258,8,76,11,NaN,NaN,NaN,NaN,NaN,NaN,NaN,NaN,NaN,NaN,NT,NW,c,c,NaN,NaN,NaN,NaN,NaN,NaN,
2012022718,z9s.2012,9X-Z9S,TD,DEV,-11.8,68.8,15,NaN,256,6,180,4,NaN,NaN,NaN,NaN,NaN,NaN,NaN,NaN,NaN,NaN,NT,NW,c,c,NaN,NaN,NaN,NaN,NaN,NaN,
2012022800,z9s.2012,9X-Z9S,TD,DEV,-11.9,68.5,15,NaN,251,5,254,7,NaN,NaN,NaN,NaN,NaN,NaN,NaN,NaN,NaN,NaN,NT,NW,c,c,NaN,NaN,NaN,NaN,NaN,NaN,
2012022806,z9s.2012,9X-Z9S,TD,DEV,-11.5,68.7,15,NaN,254,4,342,2,NaN,NaN,NaN,NaN,NaN,NaN,NaN,NaN,NaN,NaN,NT,NW,c,c,NaN,NaN,NaN,NaN,NaN,NaN,
2012022812,z9s.2012,9X-Z9S,TD,DEV,-11.6,69.4,15,1004,213,2,71,5,NaN,NaN,NaN,NaN,NaN,NaN,NaN,NaN,NaN,NaN,TD,NW,c,c,NaN,NaN,NaN,NaN,NaN,NaN,
2012022818,z9s.2012,9X-Z9S,TD,DEV,-12.4,69.5,25,1004,185,4,139,6,NaN,NaN,NaN,NaN,NaN,NaN,NaN,NaN,NaN,NaN,DB,NW,C,C,200,1005,NaN,S,40,NaN,
2012022900,z9s.2012,9X-Z9S,TD,DEV,-12.7,69.3,25,1004,190,4,185,6,NaN,NaN,NaN,NaN,NaN,NaN,NaN,NaN,NaN,NaN,DB,NW,C,C,200,1005,NaN,S,40,NaN,
2012022906,z9s.2012,9X-Z9S,TD,DEV,-12.9,68.6,30,1000,210,5,240,5,NaN,NaN,NaN,NaN,NaN,NaN,NaN,NaN,NaN,NaN,DB,NW,C,C,200,1005,NaN,M,40,NaN,
2012022912,z9s.2012,9X-Z9S,TD,DEV,-13.3,67.8,30,1000,240,6,248,8,NaN,NaN,NaN,NaN,NaN,NaN,NaN,NaN,NaN,NaN,DB,NW,C,C,200,1005,NaN,M,40,NaN,
