dtg,stmid,sname,tcvmax,tctype,rlat,rlon,vmax,pmin,dir,spd,trkdir,trkspd,r34m,r34ne,r34se,r34sw,r34nw,r50m,r50ne,r50se,r50sw,r50nw,tccode,wncode,dirtype,posttype,roci,poci,alf,depth,rmax,tdo,
2000050318,w01.2000,9X-W01,STY,NN,6.2,135.7,25,NaN,348,10,348,10,NaN,NaN,NaN,NaN,NaN,NaN,NaN,NaN,NaN,NaN,TD,NW,B,B,NaN,NaN,NaN,NaN,NaN,NaN,
2000050400,w01.2000,9X-W01,STY,NN,7.3,135.4,25,NaN,348,10,348,10,NaN,NaN,NaN,NaN,NaN,NaN,NaN,NaN,NaN,NaN,TD,NW,B,B,NaN,NaN,NaN,NaN,NaN,NaN,
2000050406,w01.2000,9X-W01,STY,NN,8.1,135.3,25,NaN,348,10,348,10,NaN,NaN,NaN,NaN,NaN,NaN,NaN,NaN,NaN,NaN,TD,NW,B,B,NaN,NaN,NaN,NaN,NaN,NaN,
2000050412,w01.2000,9X-W01,STY,NN,8.6,135.4,25,NaN,360,6,360,6,NaN,NaN,NaN,NaN,NaN,NaN,NaN,NaN,NaN,NaN,TD,NW,B,B,NaN,NaN,NaN,NaN,NaN,NaN,
2000050418,w01.2000,9X-W01,STY,NN,9.1,135.5,25,NaN,11,5,11,5,NaN,NaN,NaN,NaN,NaN,NaN,NaN,NaN,NaN,NaN,TD,NW,B,B,NaN,NaN,NaN,NaN,NaN,NaN,
2000050500,w01.2000,9X-W01,STY,NN,9.5,135.2,25,NaN,348,5,348,5,NaN,NaN,NaN,NaN,NaN,NaN,NaN,NaN,NaN,NaN,TD,NW,B,B,NaN,NaN,NaN,NaN,NaN,NaN,
2000050506,w01.2000,9X-W01,STY,NN,9.8,134.7,25,NaN,312,5,312,5,NaN,NaN,NaN,NaN,NaN,NaN,NaN,NaN,NaN,NaN,TD,NW,B,B,NaN,NaN,NaN,NaN,NaN,NaN,
2000050512,w01.2000,9X-W01,STY,NN,10.2,134.2,25,NaN,305,6,305,6,NaN,NaN,NaN,NaN,NaN,NaN,NaN,NaN,NaN,NaN,TD,NW,B,B,NaN,NaN,NaN,NaN,NaN,NaN,
2000050518,01w.2000,DAMREY,STY,NN,10.8,133.5,30,NaN,310,8,310,8,NaN,NaN,NaN,NaN,NaN,NaN,NaN,NaN,NaN,NaN,TD,WN,B,B,NaN,NaN,NaN,NaN,NaN,NaN,
2000050600,01w.2000,DAMREY,STY,NN,11.3,132.9,30,NaN,311,8,311,8,NaN,NaN,NaN,NaN,NaN,NaN,NaN,NaN,NaN,NaN,TD,WN,B,B,NaN,NaN,NaN,NaN,NaN,NaN,
2000050606,01w.2000,DAMREY,STY,NN,11.9,132.4,35,NaN,316,8,316,8,NaN,NaN,NaN,NaN,NaN,NaN,NaN,NaN,NaN,NaN,TS,WN,B,B,NaN,NaN,NaN,NaN,NaN,NaN,
2000050612,01w.2000,DAMREY,STY,NN,12.4,132.2,40,NaN,328,6,328,6,NaN,NaN,NaN,NaN,NaN,NaN,NaN,NaN,NaN,NaN,TS,WN,B,B,NaN,NaN,NaN,NaN,NaN,NaN,
2000050618,01w.2000,DAMREY,STY,NN,12.8,131.8,55,NaN,327,5,327,5,NaN,NaN,NaN,NaN,NaN,NaN,NaN,NaN,NaN,NaN,TS,WN,B,B,NaN,NaN,NaN,NaN,NaN,NaN,
2000050700,01w.2000,DAMREY,STY,NN,13.1,131.6,60,NaN,320,5,320,5,NaN,NaN,NaN,NaN,NaN,NaN,NaN,NaN,NaN,NaN,TS,WN,B,B,NaN,NaN,NaN,NaN,NaN,NaN,
2000050706,01w.2000,DAMREY,STY,NN,13.4,131.5,65,NaN,334,3,334,3,NaN,NaN,NaN,NaN,NaN,NaN,NaN,NaN,NaN,NaN,TY,WN,B,B,NaN,NaN,NaN,NaN,NaN,NaN,
2000050712,01w.2000,DAMREY,STY,NN,13.6,131.5,70,NaN,349,3,349,3,NaN,NaN,NaN,NaN,NaN,NaN,NaN,NaN,NaN,NaN,TY,WN,B,B,NaN,NaN,NaN,NaN,NaN,NaN,
2000050718,01w.2000,DAMREY,STY,NN,13.7,131.5,75,NaN,360,2,360,1,NaN,NaN,NaN,NaN,NaN,NaN,NaN,NaN,NaN,NaN,TY,WN,B,B,NaN,NaN,NaN,NaN,NaN,NaN,
2000050800,01w.2000,DAMREY,STY,NN,13.9,131.6,75,NaN,18,2,18,2,NaN,NaN,NaN,NaN,NaN,NaN,NaN,NaN,NaN,NaN,TY,WN,B,B,NaN,NaN,NaN,NaN,NaN,NaN,
2000050806,01w.2000,DAMREY,STY,NN,14.3,132.0,75,NaN,39,4,39,4,NaN,NaN,NaN,NaN,NaN,NaN,NaN,NaN,NaN,NaN,TY,WN,B,B,NaN,NaN,NaN,NaN,NaN,NaN,
2000050812,01w.2000,DAMREY,STY,NN,14.6,132.4,85,NaN,48,5,48,5,NaN,NaN,NaN,NaN,NaN,NaN,NaN,NaN,NaN,NaN,TY,WN,B,B,NaN,NaN,NaN,NaN,NaN,NaN,
2000050818,01w.2000,DAMREY,STY,NN,15.1,133.0,105,NaN,50,6,50,6,NaN,NaN,NaN,NaN,NaN,NaN,NaN,NaN,NaN,NaN,TY,WN,B,B,NaN,NaN,NaN,NaN,NaN,NaN,
2000050900,01w.2000,DAMREY,STY,NN,15.7,133.5,115,NaN,44,8,44,8,NaN,NaN,NaN,NaN,NaN,NaN,NaN,NaN,NaN,NaN,TY,WN,B,B,NaN,NaN,NaN,NaN,NaN,NaN,
2000050906,01w.2000,DAMREY,STY,NN,16.4,134.4,130,NaN,46,9,46,9,NaN,NaN,NaN,NaN,NaN,NaN,NaN,NaN,NaN,NaN,STY,WN,B,B,NaN,NaN,NaN,NaN,NaN,NaN,
2000050912,01w.2000,DAMREY,STY,NN,17.3,135.2,150,NaN,46,11,46,11,NaN,NaN,NaN,NaN,NaN,NaN,NaN,NaN,NaN,NaN,STY,WN,B,B,NaN,NaN,NaN,NaN,NaN,NaN,
2000050918,01w.2000,DAMREY,STY,NN,18.6,136.1,155,NaN,36,14,36,14,NaN,NaN,NaN,NaN,NaN,NaN,NaN,NaN,NaN,NaN,STY,WN,B,B,NaN,NaN,NaN,NaN,NaN,NaN,
2000051000,01w.2000,DAMREY,STY,NN,19.5,136.8,140,NaN,35,13,35,13,NaN,NaN,NaN,NaN,NaN,NaN,NaN,NaN,NaN,NaN,STY,WN,B,B,NaN,NaN,NaN,NaN,NaN,NaN,
2000051006,01w.2000,DAMREY,STY,NN,20.8,137.6,105,NaN,33,13,33,13,NaN,NaN,NaN,NaN,NaN,NaN,NaN,NaN,NaN,NaN,TY,WN,B,B,NaN,NaN,NaN,NaN,NaN,NaN,
2000051012,01w.2000,DAMREY,STY,NN,21.9,138.3,90,NaN,30,14,30,14,NaN,NaN,NaN,NaN,NaN,NaN,NaN,NaN,NaN,NaN,TY,WN,B,B,NaN,NaN,NaN,NaN,NaN,NaN,
2000051018,01w.2000,DAMREY,STY,NN,22.9,139.1,65,NaN,34,13,34,13,NaN,NaN,NaN,NaN,NaN,NaN,NaN,NaN,NaN,NaN,TY,WN,B,B,NaN,NaN,NaN,NaN,NaN,NaN,
2000051100,01w.2000,DAMREY,STY,NN,23.8,139.8,55,NaN,36,12,36,12,NaN,NaN,NaN,NaN,NaN,NaN,NaN,NaN,NaN,NaN,TS,WN,B,B,NaN,NaN,NaN,NaN,NaN,NaN,
2000051106,01w.2000,DAMREY,STY,NN,25.0,140.9,45,NaN,38,13,38,13,NaN,NaN,NaN,NaN,NaN,NaN,NaN,NaN,NaN,NaN,TS,WN,B,B,NaN,NaN,NaN,NaN,NaN,NaN,
2000051112,01w.2000,DAMREY,STY,NN,26.1,142.1,40,NaN,42,16,42,16,NaN,NaN,NaN,NaN,NaN,NaN,NaN,NaN,NaN,NaN,TS,WN,B,B,NaN,NaN,NaN,NaN,NaN,NaN,
2000051118,01w.2000,DAMREY,STY,NN,27.1,143.6,35,NaN,49,16,49,16,NaN,NaN,NaN,NaN,NaN,NaN,NaN,NaN,NaN,NaN,TS,WN,B,B,NaN,NaN,NaN,NaN,NaN,NaN,
2000051200,01w.2000,DAMREY,STY,NN,27.7,145.8,30,NaN,64,18,64,18,NaN,NaN,NaN,NaN,NaN,NaN,NaN,NaN,NaN,NaN,TD,WN,B,B,NaN,NaN,NaN,NaN,NaN,NaN,
2000051206,01w.2000,DAMREY,STY,NN,28.2,147.8,25,NaN,74,19,74,19,NaN,NaN,NaN,NaN,NaN,NaN,NaN,NaN,NaN,NaN,TD,WN,B,B,NaN,NaN,NaN,NaN,NaN,NaN,
2000051212,01w.2000,DAMREY,STY,NN,28.3,148.9,25,NaN,78,14,78,14,NaN,NaN,NaN,NaN,NaN,NaN,NaN,NaN,NaN,NaN,TD,NW,B,B,NaN,NaN,NaN,NaN,NaN,NaN,
2000051718,w02.2000,9X-W02,TS,NN,17.8,121.6,15,NaN,47,7,47,7,NaN,NaN,NaN,NaN,NaN,NaN,NaN,NaN,NaN,NaN,NT,NW,B,B,NaN,NaN,0.87,NaN,NaN,NaN,
2000051800,w02.2000,9X-W02,TS,NN,18.2,122.2,20,NaN,47,7,47,7,NaN,NaN,NaN,NaN,NaN,NaN,NaN,NaN,NaN,NaN,NT,NW,B,B,NaN,NaN,0.58,NaN,NaN,NaN,
2000051806,w02.2000,9X-W02,TS,NN,18.7,122.6,20,NaN,47,7,47,7,NaN,NaN,NaN,NaN,NaN,NaN,NaN,NaN,NaN,NaN,NT,NW,B,B,NaN,NaN,0.12,NaN,NaN,NaN,
2000051812,w02.2000,9X-W02,TS,NN,19.4,123.2,20,NaN,38,8,38,8,NaN,NaN,NaN,NaN,NaN,NaN,NaN,NaN,NaN,NaN,NT,NW,B,B,NaN,NaN,NaN,NaN,NaN,NaN,
2000051818,02w.2000,LONGWANG,TS,NN,20.1,124.2,30,NaN,47,10,47,10,NaN,NaN,NaN,NaN,NaN,NaN,NaN,NaN,NaN,NaN,TD,WN,B,B,NaN,NaN,NaN,NaN,NaN,NaN,
2000051900,02w.2000,LONGWANG,TS,NN,20.9,125.3,35,NaN,53,12,53,12,NaN,NaN,NaN,NaN,NaN,NaN,NaN,NaN,NaN,NaN,TS,WN,B,B,NaN,NaN,NaN,NaN,NaN,NaN,
2000051906,02w.2000,LONGWANG,TS,NN,22.1,126.4,35,NaN,46,14,46,14,NaN,NaN,NaN,NaN,NaN,NaN,NaN,NaN,NaN,NaN,TS,WN,B,B,NaN,NaN,NaN,NaN,NaN,NaN,
2000051912,02w.2000,LONGWANG,TS,NN,23.3,128.2,40,NaN,48,18,48,18,NaN,NaN,NaN,NaN,NaN,NaN,NaN,NaN,NaN,NaN,TS,WN,B,B,NaN,NaN,NaN,NaN,NaN,NaN,
2000051918,02w.2000,LONGWANG,TS,NN,24.2,129.8,35,NaN,56,19,56,19,NaN,NaN,NaN,NaN,NaN,NaN,NaN,NaN,NaN,NaN,TS,WN,B,B,NaN,NaN,NaN,NaN,NaN,NaN,
2000052000,02w.2000,LONGWANG,TS,NN,25.7,132.4,30,NaN,58,23,58,23,NaN,NaN,NaN,NaN,NaN,NaN,NaN,NaN,NaN,NaN,TD,WN,B,B,NaN,NaN,NaN,NaN,NaN,NaN,
2000052006,02w.2000,LONGWANG,TS,NN,27.2,135.6,25,NaN,60,30,60,30,NaN,NaN,NaN,NaN,NaN,NaN,NaN,NaN,NaN,NaN,TD,WN,B,B,NaN,NaN,NaN,NaN,NaN,NaN,
2000052012,w03.2000,9X-W03,TD,NN,17.7,116.2,20,NaN,75,10,75,10,NaN,NaN,NaN,NaN,NaN,NaN,NaN,NaN,NaN,NaN,NT,NW,b,b,NaN,NaN,NaN,NaN,NaN,NaN,
2000052018,w03.2000,9X-W03,TD,NN,17.9,117.2,20,NaN,75,10,75,10,NaN,NaN,NaN,NaN,NaN,NaN,NaN,NaN,NaN,NaN,NT,NW,b,b,NaN,NaN,NaN,NaN,NaN,NaN,
2000052100,03w.2000,NONAME,TD,NN,18.3,118.3,30,NaN,56,19,56,19,NaN,NaN,NaN,NaN,NaN,NaN,NaN,NaN,NaN,NaN,TD,WN,B,B,NaN,NaN,NaN,NaN,NaN,NaN,
2000052106,03w.2000,NONAME,TD,NN,19.5,119.7,30,NaN,56,19,56,19,NaN,NaN,NaN,NaN,NaN,NaN,NaN,NaN,NaN,NaN,TD,WN,B,B,NaN,NaN,NaN,NaN,NaN,NaN,
2000052112,03w.2000,NONAME,TD,NN,20.4,121.6,30,NaN,56,19,56,19,NaN,NaN,NaN,NaN,NaN,NaN,NaN,NaN,NaN,NaN,TD,WN,B,B,NaN,NaN,0.03,NaN,NaN,NaN,
2000052118,03w.2000,NONAME,TD,NN,20.8,123.2,25,NaN,68,18,68,18,NaN,NaN,NaN,NaN,NaN,NaN,NaN,NaN,NaN,NaN,TD,WN,B,B,NaN,NaN,NaN,NaN,NaN,NaN,
2000052200,03w.2000,NONAME,TD,NN,21.0,125.1,25,NaN,80,17,80,17,NaN,NaN,NaN,NaN,NaN,NaN,NaN,NaN,NaN,NaN,TD,WN,B,B,NaN,NaN,NaN,NaN,NaN,NaN,
2000052900,w04.2000,9X-W04,TD,NN,10.5,116.6,20,NaN,280,12,280,12,NaN,NaN,NaN,NaN,NaN,NaN,NaN,NaN,NaN,NaN,NT,NW,B,B,NaN,NaN,NaN,NaN,NaN,NaN,
2000052906,w04.2000,9X-W04,TD,NN,10.7,115.4,20,NaN,280,12,280,12,NaN,NaN,NaN,NaN,NaN,NaN,NaN,NaN,NaN,NaN,NT,NW,B,B,NaN,NaN,NaN,NaN,NaN,NaN,
2000052912,w04.2000,9X-W04,TD,NN,10.9,114.2,20,NaN,280,12,280,12,NaN,NaN,NaN,NaN,NaN,NaN,NaN,NaN,NaN,NaN,NT,NW,B,B,NaN,NaN,NaN,NaN,NaN,NaN,
2000052918,w04.2000,9X-W04,TD,NN,11.1,113.0,20,NaN,280,12,280,12,NaN,NaN,NaN,NaN,NaN,NaN,NaN,NaN,NaN,NaN,NT,NW,B,B,NaN,NaN,NaN,NaN,NaN,NaN,
2000053000,w04.2000,9X-W04,TD,NN,11.4,112.4,20,NaN,286,9,286,9,NaN,NaN,NaN,NaN,NaN,NaN,NaN,NaN,NaN,NaN,NT,NW,B,B,NaN,NaN,NaN,NaN,NaN,NaN,
2000053006,w04.2000,9X-W04,TD,NN,11.7,111.8,20,NaN,297,7,297,7,NaN,NaN,NaN,NaN,NaN,NaN,NaN,NaN,NaN,NaN,NT,NW,B,B,NaN,NaN,NaN,NaN,NaN,NaN,
2000053012,w04.2000,9X-W04,TD,NN,12.0,111.3,25,NaN,299,6,299,6,NaN,NaN,NaN,NaN,NaN,NaN,NaN,NaN,NaN,NaN,TD,NW,B,B,NaN,NaN,NaN,NaN,NaN,NaN,
2000053018,04w.2000,NONAME,TD,NN,12.6,111.2,25,NaN,327,5,327,5,NaN,NaN,NaN,NaN,NaN,NaN,NaN,NaN,NaN,NaN,TD,WN,B,B,NaN,NaN,NaN,NaN,NaN,NaN,
2000053100,04w.2000,NONAME,TD,NN,13.4,111.1,25,NaN,352,7,352,7,NaN,NaN,NaN,NaN,NaN,NaN,NaN,NaN,NaN,NaN,TD,WN,B,B,NaN,NaN,NaN,NaN,NaN,NaN,
2000053106,04w.2000,NONAME,TD,NN,14.2,110.7,25,NaN,343,8,343,8,NaN,NaN,NaN,NaN,NaN,NaN,NaN,NaN,NaN,NaN,TD,WN,B,B,NaN,NaN,NaN,NaN,NaN,NaN,
2000053112,04w.2000,NONAME,TD,NN,14.8,110.0,30,NaN,323,9,323,9,NaN,NaN,NaN,NaN,NaN,NaN,NaN,NaN,NaN,NaN,TD,WN,B,B,NaN,NaN,NaN,NaN,NaN,NaN,
2000053118,04w.2000,NONAME,TD,NN,15.4,109.4,30,NaN,314,9,314,9,NaN,NaN,NaN,NaN,NaN,NaN,NaN,NaN,NaN,NaN,TD,WN,B,B,NaN,NaN,NaN,NaN,NaN,NaN,
2000060100,04w.2000,NONAME,TD,NN,16.1,108.8,25,NaN,318,9,318,9,NaN,NaN,NaN,NaN,NaN,NaN,NaN,NaN,NaN,NaN,TD,WN,B,B,NaN,NaN,0.01,NaN,NaN,NaN,
2000060106,04w.2000,NONAME,TD,NN,16.9,108.1,25,NaN,320,10,320,10,NaN,NaN,NaN,NaN,NaN,NaN,NaN,NaN,NaN,NaN,TD,WN,B,B,NaN,NaN,0.01,NaN,NaN,NaN,
2000060112,04w.2000,NONAME,TD,NN,17.5,107.5,25,NaN,318,9,318,9,NaN,NaN,NaN,NaN,NaN,NaN,NaN,NaN,NaN,NaN,TD,WN,B,B,NaN,NaN,0.02,NaN,NaN,NaN,
2000060118,04w.2000,NONAME,TD,NN,18.2,106.9,25,NaN,319,9,320,10,NaN,NaN,NaN,NaN,NaN,NaN,NaN,NaN,NaN,NaN,TD,WN,c,c,NaN,NaN,0.02,NaN,NaN,NaN,
2000070200,w05.2000,9X-W05,TY,NN,13.1,133.4,25,NaN,325,7,325,7,NaN,NaN,NaN,NaN,NaN,NaN,NaN,NaN,NaN,NaN,TD,NW,B,B,NaN,NaN,NaN,NaN,NaN,NaN,
2000070206,05w.2000,KIROGI,TY,NN,13.6,133.0,25,NaN,325,7,325,7,NaN,NaN,NaN,NaN,NaN,NaN,NaN,NaN,NaN,NaN,TD,WN,B,B,NaN,NaN,NaN,NaN,NaN,NaN,
2000070212,05w.2000,KIROGI,TY,NN,14.2,132.6,30,NaN,325,7,325,7,NaN,NaN,NaN,NaN,NaN,NaN,NaN,NaN,NaN,NaN,TD,WN,B,B,NaN,NaN,NaN,NaN,NaN,NaN,
2000070218,05w.2000,KIROGI,TY,NN,14.7,132.3,35,NaN,328,6,328,6,NaN,NaN,NaN,NaN,NaN,NaN,NaN,NaN,NaN,NaN,TS,WN,B,B,NaN,NaN,NaN,NaN,NaN,NaN,
2000070300,05w.2000,KIROGI,TY,NN,15.2,132.1,40,NaN,334,6,334,6,NaN,NaN,NaN,NaN,NaN,NaN,NaN,NaN,NaN,NaN,TS,WN,B,B,NaN,NaN,NaN,NaN,NaN,NaN,
2000070306,05w.2000,KIROGI,TY,NN,15.9,131.9,45,NaN,342,6,342,6,NaN,NaN,NaN,NaN,NaN,NaN,NaN,NaN,NaN,NaN,TS,WN,B,B,NaN,NaN,NaN,NaN,NaN,NaN,
2000070312,05w.2000,KIROGI,TY,NN,16.5,131.8,55,NaN,347,7,347,7,NaN,NaN,NaN,NaN,NaN,NaN,NaN,NaN,NaN,NaN,TS,WN,B,B,NaN,NaN,NaN,NaN,NaN,NaN,
2000070318,05w.2000,KIROGI,TY,NN,17.0,131.7,65,NaN,350,6,350,6,NaN,NaN,NaN,NaN,NaN,NaN,NaN,NaN,NaN,NaN,TY,WN,B,B,NaN,NaN,NaN,NaN,NaN,NaN,
2000070400,05w.2000,KIROGI,TY,NN,17.5,131.7,75,NaN,355,5,355,5,NaN,NaN,NaN,NaN,NaN,NaN,NaN,NaN,NaN,NaN,TY,WN,B,B,NaN,NaN,NaN,NaN,NaN,NaN,
2000070406,05w.2000,KIROGI,TY,NN,18.4,131.7,100,NaN,360,7,360,7,NaN,NaN,NaN,NaN,NaN,NaN,NaN,NaN,NaN,NaN,TY,WN,B,B,NaN,NaN,NaN,NaN,NaN,NaN,
2000070412,05w.2000,KIROGI,TY,NN,19.2,131.7,115,NaN,360,9,360,8,NaN,NaN,NaN,NaN,NaN,NaN,NaN,NaN,NaN,NaN,TY,WN,B,B,NaN,NaN,NaN,NaN,NaN,NaN,
2000070418,05w.2000,KIROGI,TY,NN,20.0,131.8,115,NaN,3,8,3,8,NaN,NaN,NaN,NaN,NaN,NaN,NaN,NaN,NaN,NaN,TY,WN,B,B,NaN,NaN,NaN,NaN,NaN,NaN,
2000070500,05w.2000,KIROGI,TY,NN,20.7,132.0,115,NaN,11,8,11,8,NaN,NaN,NaN,NaN,NaN,NaN,NaN,NaN,NaN,NaN,TY,WN,B,B,NaN,NaN,NaN,NaN,NaN,NaN,
2000070506,05w.2000,KIROGI,TY,NN,21.7,132.6,115,NaN,24,9,24,9,NaN,NaN,NaN,NaN,NaN,NaN,NaN,NaN,NaN,NaN,TY,WN,B,B,NaN,NaN,NaN,NaN,NaN,NaN,
2000070512,05w.2000,KIROGI,TY,NN,22.4,133.1,110,NaN,31,10,31,10,NaN,NaN,NaN,NaN,NaN,NaN,NaN,NaN,NaN,NaN,TY,WN,B,B,NaN,NaN,NaN,NaN,NaN,NaN,
2000070518,05w.2000,KIROGI,TY,NN,23.1,133.6,100,NaN,33,8,33,8,NaN,NaN,NaN,NaN,NaN,NaN,NaN,NaN,NaN,NaN,TY,WN,B,B,NaN,NaN,NaN,NaN,NaN,NaN,
2000070600,05w.2000,KIROGI,TY,NN,24.2,134.3,85,NaN,31,11,31,11,NaN,NaN,NaN,NaN,NaN,NaN,NaN,NaN,NaN,NaN,TY,WN,B,B,NaN,NaN,NaN,NaN,NaN,NaN,
2000070606,05w.2000,KIROGI,TY,NN,25.0,134.8,85,NaN,30,11,30,11,NaN,NaN,NaN,NaN,NaN,NaN,NaN,NaN,NaN,NaN,TY,WN,B,B,NaN,NaN,NaN,NaN,NaN,NaN,
2000070612,05w.2000,KIROGI,TY,NN,25.8,135.3,75,NaN,30,9,30,9,NaN,NaN,NaN,NaN,NaN,NaN,NaN,NaN,NaN,NaN,TY,WN,B,B,NaN,NaN,NaN,NaN,NaN,NaN,
2000070618,05w.2000,KIROGI,TY,NN,26.9,136.0,75,NaN,30,11,30,11,NaN,NaN,NaN,NaN,NaN,NaN,NaN,NaN,NaN,NaN,TY,WN,B,B,NaN,NaN,NaN,NaN,NaN,NaN,
2000070700,05w.2000,KIROGI,TY,NN,28.0,136.7,75,NaN,30,13,30,13,NaN,NaN,NaN,NaN,NaN,NaN,NaN,NaN,NaN,NaN,TY,WN,B,B,NaN,NaN,NaN,NaN,NaN,NaN,
2000070706,05w.2000,KIROGI,TY,NN,29.8,137.6,75,NaN,26,16,26,16,NaN,NaN,NaN,NaN,NaN,NaN,NaN,NaN,NaN,NaN,TY,WN,B,B,NaN,NaN,NaN,NaN,NaN,NaN,
2000070712,05w.2000,KIROGI,TY,NN,31.8,138.7,75,NaN,25,21,25,21,NaN,NaN,NaN,NaN,NaN,NaN,NaN,NaN,NaN,NaN,TY,WN,B,B,NaN,NaN,NaN,NaN,NaN,NaN,
2000070718,05w.2000,KIROGI,TY,NN,34.2,139.9,70,NaN,24,24,24,24,NaN,NaN,NaN,NaN,NaN,NaN,NaN,NaN,NaN,NaN,TY,WN,B,B,NaN,NaN,NaN,NaN,NaN,NaN,
2000070800,05w.2000,KIROGI,TY,NN,36.3,141.2,65,NaN,25,25,25,25,NaN,NaN,NaN,NaN,NaN,NaN,NaN,NaN,NaN,NaN,TY,WN,B,B,NaN,NaN,0.18,NaN,NaN,NaN,
2000070806,05w.2000,KIROGI,TY,NN,39.0,142.8,65,NaN,26,27,26,27,NaN,NaN,NaN,NaN,NaN,NaN,NaN,NaN,NaN,NaN,TY,WN,B,B,NaN,NaN,NaN,NaN,NaN,NaN,
2000070812,05w.2000,KIROGI,TY,NN,40.7,143.6,55,NaN,23,24,23,24,NaN,NaN,NaN,NaN,NaN,NaN,NaN,NaN,NaN,NaN,TS,WN,B,B,NaN,NaN,NaN,NaN,NaN,NaN,
2000070818,05w.2000,KIROGI,TY,NN,42.1,144.6,45,NaN,24,17,24,17,NaN,NaN,NaN,NaN,NaN,NaN,NaN,NaN,NaN,NaN,TS,WN,B,B,NaN,NaN,NaN,NaN,NaN,NaN,
2000070900,05w.2000,KIROGI,TY,NN,42.3,147.1,40,NaN,59,15,59,15,NaN,NaN,NaN,NaN,NaN,NaN,NaN,NaN,NaN,NaN,TS,NW,B,B,NaN,NaN,NaN,NaN,NaN,NaN,
2000070206,w06.2000,9X-W06,TY,NN,15.0,117.0,25,NaN,78,10,36,5,NaN,NaN,NaN,NaN,NaN,NaN,NaN,NaN,NaN,NaN,TD,NW,c,c,NaN,NaN,NaN,NaN,NaN,NaN,
2000070212,w06.2000,9X-W06,TY,NN,15.2,117.4,25,NaN,77,6,36,5,NaN,NaN,NaN,NaN,NaN,NaN,NaN,NaN,NaN,NaN,TD,NW,c,c,NaN,NaN,NaN,NaN,NaN,NaN,
2000070218,w06.2000,9X-W06,TY,NN,15.8,117.6,25,NaN,36,5,36,5,NaN,NaN,NaN,NaN,NaN,NaN,NaN,NaN,NaN,NaN,TD,NW,c,c,NaN,NaN,NaN,NaN,NaN,NaN,
2000070300,w06.2000,9X-W06,TY,NN,15.9,117.7,25,NaN,22,4,22,4,NaN,NaN,NaN,NaN,NaN,NaN,NaN,NaN,NaN,NaN,TD,NW,c,c,NaN,NaN,NaN,NaN,NaN,NaN,
2000070306,w06.2000,9X-W06,TY,NN,15.7,118.1,15,NaN,71,6,71,6,NaN,NaN,NaN,NaN,NaN,NaN,NaN,NaN,NaN,NaN,NT,NW,B,B,NaN,NaN,NaN,NaN,NaN,NaN,
2000070312,w06.2000,9X-W06,TY,NN,15.9,119.0,15,NaN,71,6,71,6,NaN,NaN,NaN,NaN,NaN,NaN,NaN,NaN,NaN,NaN,NT,NW,B,B,NaN,NaN,NaN,NaN,NaN,NaN,
2000070318,w06.2000,9X-W06,TY,NN,16.1,119.3,20,NaN,71,6,71,6,NaN,NaN,NaN,NaN,NaN,NaN,NaN,NaN,NaN,NaN,NT,NW,B,B,NaN,NaN,0.13,NaN,NaN,NaN,
2000070400,w06.2000,9X-W06,TY,NN,16.4,119.6,20,NaN,49,4,49,4,NaN,NaN,NaN,NaN,NaN,NaN,NaN,NaN,NaN,NaN,NT,NW,B,B,NaN,NaN,0.08,NaN,NaN,NaN,
2000070406,06w.2000,KAI-TAK,TY,NN,17.2,120.2,30,NaN,38,7,38,7,NaN,NaN,NaN,NaN,NaN,NaN,NaN,NaN,NaN,NaN,TD,WN,B,B,NaN,NaN,0.10,NaN,NaN,NaN,
2000070412,06w.2000,KAI-TAK,TY,NN,18.2,120.4,25,NaN,23,10,23,10,NaN,NaN,NaN,NaN,NaN,NaN,NaN,NaN,NaN,NaN,TD,WN,B,B,NaN,NaN,0.51,NaN,NaN,NaN,
2000070418,06w.2000,KAI-TAK,TY,NN,18.5,120.6,25,NaN,16,7,16,7,NaN,NaN,NaN,NaN,NaN,NaN,NaN,NaN,NaN,NaN,TD,WN,B,B,NaN,NaN,0.27,NaN,NaN,NaN,
2000070500,06w.2000,KAI-TAK,TY,NN,18.8,120.9,25,NaN,38,4,38,4,NaN,NaN,NaN,NaN,NaN,NaN,NaN,NaN,NaN,NaN,TD,WN,B,B,NaN,NaN,0.11,NaN,NaN,NaN,
2000070506,06w.2000,KAI-TAK,TY,NN,19.0,120.7,25,NaN,11,3,11,3,NaN,NaN,NaN,NaN,NaN,NaN,NaN,NaN,NaN,NaN,TD,WN,B,B,NaN,NaN,0.05,NaN,NaN,NaN,
2000070512,06w.2000,KAI-TAK,TY,NN,19.0,120.4,30,NaN,293,3,293,3,NaN,NaN,NaN,NaN,NaN,NaN,NaN,NaN,NaN,NaN,TD,WN,B,B,NaN,NaN,0.05,NaN,NaN,NaN,
2000070518,06w.2000,KAI-TAK,TY,NN,19.1,120.2,35,NaN,282,2,282,2,NaN,NaN,NaN,NaN,NaN,NaN,NaN,NaN,NaN,NaN,TS,WN,B,B,NaN,NaN,NaN,NaN,NaN,NaN,
2000070600,06w.2000,KAI-TAK,TY,NN,19.4,119.9,45,NaN,310,3,310,3,NaN,NaN,NaN,NaN,NaN,NaN,NaN,NaN,NaN,NaN,TS,WN,B,B,NaN,NaN,NaN,NaN,NaN,NaN,
2000070606,06w.2000,KAI-TAK,TY,NN,19.7,119.4,55,NaN,308,5,308,5,NaN,NaN,NaN,NaN,NaN,NaN,NaN,NaN,NaN,NaN,TS,WN,B,B,NaN,NaN,NaN,NaN,NaN,NaN,
2000070612,06w.2000,KAI-TAK,TY,NN,20.0,119.0,60,NaN,305,5,305,5,NaN,NaN,NaN,NaN,NaN,NaN,NaN,NaN,NaN,NaN,TS,WN,B,B,NaN,NaN,NaN,NaN,NaN,NaN,
2000070618,06w.2000,KAI-TAK,TY,NN,19.9,118.7,65,NaN,287,3,287,3,NaN,NaN,NaN,NaN,NaN,NaN,NaN,NaN,NaN,NaN,TY,WN,B,B,NaN,NaN,NaN,NaN,NaN,NaN,
2000070700,06w.2000,KAI-TAK,TY,NN,19.6,118.4,65,NaN,235,3,235,3,NaN,NaN,NaN,NaN,NaN,NaN,NaN,NaN,NaN,NaN,TY,WN,B,B,NaN,NaN,NaN,NaN,NaN,NaN,
2000070706,06w.2000,KAI-TAK,TY,NN,19.6,118.8,75,NaN,163,2,163,2,NaN,NaN,NaN,NaN,NaN,NaN,NaN,NaN,NaN,NaN,TY,WN,B,B,NaN,NaN,NaN,NaN,NaN,NaN,
2000070712,06w.2000,KAI-TAK,TY,NN,19.7,119.0,75,NaN,80,3,80,3,NaN,NaN,NaN,NaN,NaN,NaN,NaN,NaN,NaN,NaN,TY,WN,B,B,NaN,NaN,NaN,NaN,NaN,NaN,
2000070718,06w.2000,KAI-TAK,TY,NN,19.8,119.1,75,NaN,55,2,55,2,NaN,NaN,NaN,NaN,NaN,NaN,NaN,NaN,NaN,NaN,TY,WN,B,B,NaN,NaN,NaN,NaN,NaN,NaN,
2000070800,06w.2000,KAI-TAK,TY,NN,20.0,119.4,75,NaN,51,2,51,2,NaN,NaN,NaN,NaN,NaN,NaN,NaN,NaN,NaN,NaN,TY,WN,B,B,NaN,NaN,NaN,NaN,NaN,NaN,
2000070806,06w.2000,KAI-TAK,TY,NN,20.2,119.8,65,NaN,59,4,59,4,NaN,NaN,NaN,NaN,NaN,NaN,NaN,NaN,NaN,NaN,TY,WN,B,B,NaN,NaN,NaN,NaN,NaN,NaN,
2000070812,06w.2000,KAI-TAK,TY,NN,20.4,120.3,65,NaN,65,5,65,5,NaN,NaN,NaN,NaN,NaN,NaN,NaN,NaN,NaN,NaN,TY,WN,B,B,NaN,NaN,NaN,NaN,NaN,NaN,
2000070818,06w.2000,KAI-TAK,TY,NN,21.2,120.7,65,NaN,40,7,40,7,NaN,NaN,NaN,NaN,NaN,NaN,NaN,NaN,NaN,NaN,TY,WN,B,B,NaN,NaN,NaN,NaN,NaN,NaN,
2000070900,06w.2000,KAI-TAK,TY,NN,22.6,121.5,65,NaN,27,12,27,12,NaN,NaN,NaN,NaN,NaN,NaN,NaN,NaN,NaN,NaN,TY,WN,B,B,NaN,NaN,0.07,NaN,NaN,NaN,
2000070906,06w.2000,KAI-TAK,TY,NN,24.5,121.6,55,NaN,14,17,14,17,NaN,NaN,NaN,NaN,NaN,NaN,NaN,NaN,NaN,NaN,TS,WN,B,B,NaN,NaN,0.77,NaN,NaN,NaN,
2000070912,06w.2000,KAI-TAK,TY,NN,26.4,121.3,55,NaN,357,19,357,19,NaN,NaN,NaN,NaN,NaN,NaN,NaN,NaN,NaN,NaN,TS,WN,B,B,NaN,NaN,NaN,NaN,NaN,NaN,
2000070918,06w.2000,KAI-TAK,TY,NN,28.1,121.3,55,NaN,356,18,356,18,NaN,NaN,NaN,NaN,NaN,NaN,NaN,NaN,NaN,NaN,TS,WN,B,B,NaN,NaN,0.17,NaN,NaN,NaN,
2000071000,06w.2000,KAI-TAK,TY,NN,30.3,121.7,45,NaN,5,20,5,20,NaN,NaN,NaN,NaN,NaN,NaN,NaN,NaN,NaN,NaN,TS,WN,B,B,NaN,NaN,0.36,NaN,NaN,NaN,
2000071006,06w.2000,KAI-TAK,TY,NN,32.4,122.3,45,NaN,11,22,11,22,NaN,NaN,NaN,NaN,NaN,NaN,NaN,NaN,NaN,NaN,TS,WN,B,B,NaN,NaN,NaN,NaN,NaN,NaN,
2000071012,06w.2000,KAI-TAK,TY,NN,34.2,122.6,30,NaN,11,20,11,20,NaN,NaN,NaN,NaN,NaN,NaN,NaN,NaN,NaN,NaN,TD,WN,B,B,NaN,NaN,NaN,NaN,NaN,NaN,
2000071018,06w.2000,KAI-TAK,TY,NN,36.1,123.1,30,NaN,10,19,10,19,NaN,NaN,NaN,NaN,NaN,NaN,NaN,NaN,NaN,NaN,TD,WN,B,B,NaN,NaN,NaN,NaN,NaN,NaN,
2000071100,06w.2000,KAI-TAK,TY,NN,38.0,123.9,25,NaN,15,20,15,20,NaN,NaN,NaN,NaN,NaN,NaN,NaN,NaN,NaN,NaN,TD,WN,B,B,NaN,NaN,NaN,NaN,NaN,NaN,
2000071000,w07.2000,9X-W07,TD,NN,7.4,134.4,20,NaN,266,6,243,2,NaN,NaN,NaN,NaN,NaN,NaN,NaN,NaN,NaN,NaN,NT,NW,c,c,NaN,NaN,0.04,NaN,NaN,NaN,
2000071006,w07.2000,9X-W07,TD,NN,6.2,133.9,20,NaN,270,5,243,2,NaN,NaN,NaN,NaN,NaN,NaN,NaN,NaN,NaN,NaN,NT,NW,c,c,NaN,NaN,NaN,NaN,NaN,NaN,
2000071012,w07.2000,9X-W07,TD,NN,7.2,134.0,20,NaN,274,6,243,2,NaN,NaN,NaN,NaN,NaN,NaN,NaN,NaN,NaN,NaN,NT,NW,c,c,NaN,NaN,NaN,NaN,NaN,NaN,
2000071018,w07.2000,9X-W07,TD,NN,9.5,131.4,20,NaN,317,10,317,10,NaN,NaN,NaN,NaN,NaN,NaN,NaN,NaN,NaN,NaN,NT,NW,B,B,NaN,NaN,NaN,NaN,NaN,NaN,
2000071100,w07.2000,9X-W07,TD,NN,9.9,130.7,20,NaN,317,10,317,10,NaN,NaN,NaN,NaN,NaN,NaN,NaN,NaN,NaN,NaN,NT,NW,B,B,NaN,NaN,NaN,NaN,NaN,NaN,
2000071106,w07.2000,9X-W07,TD,NN,11.0,130.0,20,NaN,317,10,317,10,NaN,NaN,NaN,NaN,NaN,NaN,NaN,NaN,NaN,NaN,NT,NW,B,B,NaN,NaN,NaN,NaN,NaN,NaN,
2000071112,w07.2000,9X-W07,TD,NN,12.1,128.6,25,NaN,317,15,317,15,NaN,NaN,NaN,NaN,NaN,NaN,NaN,NaN,NaN,NaN,TD,NW,B,B,NaN,NaN,NaN,NaN,NaN,NaN,
2000071118,w07.2000,9X-W07,TD,NN,13.1,128.6,25,NaN,327,13,327,13,NaN,NaN,NaN,NaN,NaN,NaN,NaN,NaN,NaN,NaN,TD,NW,B,B,NaN,NaN,NaN,NaN,NaN,NaN,
2000071200,w07.2000,9X-W07,TD,NN,13.7,128.3,25,NaN,350,8,350,8,NaN,NaN,NaN,NaN,NaN,NaN,NaN,NaN,NaN,NaN,TD,NW,B,B,NaN,NaN,NaN,NaN,NaN,NaN,
2000071206,w07.2000,9X-W07,TD,NN,14.2,127.7,25,NaN,322,7,322,7,NaN,NaN,NaN,NaN,NaN,NaN,NaN,NaN,NaN,NaN,TD,NW,B,B,NaN,NaN,NaN,NaN,NaN,NaN,
2000071212,w07.2000,9X-W07,TD,NN,14.7,126.7,25,NaN,303,9,303,9,NaN,NaN,NaN,NaN,NaN,NaN,NaN,NaN,NaN,NaN,TD,NW,B,B,NaN,NaN,NaN,NaN,NaN,NaN,
2000071218,07w.2000,NONAME,TD,NN,15.1,125.5,25,NaN,293,12,293,12,NaN,NaN,NaN,NaN,NaN,NaN,NaN,NaN,NaN,NaN,TD,WN,B,B,NaN,NaN,NaN,NaN,NaN,NaN,
2000071300,07w.2000,NONAME,TD,NN,15.7,124.0,25,NaN,291,14,291,14,NaN,NaN,NaN,NaN,NaN,NaN,NaN,NaN,NaN,NaN,TD,WN,B,B,NaN,NaN,NaN,NaN,NaN,NaN,
2000071306,07w.2000,NONAME,TD,NN,15.7,123.4,25,NaN,287,11,287,11,NaN,NaN,NaN,NaN,NaN,NaN,NaN,NaN,NaN,NaN,TD,WN,B,B,NaN,NaN,NaN,NaN,NaN,NaN,
2000071312,07w.2000,NONAME,TD,NN,15.6,122.9,25,NaN,265,5,265,5,NaN,NaN,NaN,NaN,NaN,NaN,NaN,NaN,NaN,NaN,TD,WN,B,B,NaN,NaN,NaN,NaN,NaN,NaN,
2000071318,07w.2000,NONAME,TD,NN,15.6,122.4,25,NaN,264,5,264,5,NaN,NaN,NaN,NaN,NaN,NaN,NaN,NaN,NaN,NaN,TD,WN,B,B,NaN,NaN,NaN,NaN,NaN,NaN,
2000071400,07w.2000,NONAME,TD,NN,15.5,121.8,25,NaN,265,5,265,5,NaN,NaN,NaN,NaN,NaN,NaN,NaN,NaN,NaN,NaN,TD,WN,B,B,NaN,NaN,0.06,NaN,NaN,NaN,
2000071406,07w.2000,NONAME,TD,NN,15.6,121.2,25,NaN,270,6,270,6,NaN,NaN,NaN,NaN,NaN,NaN,NaN,NaN,NaN,NaN,TD,WN,B,B,NaN,NaN,0.97,NaN,NaN,NaN,
2000071412,07w.2000,NONAME,TD,NN,15.9,120.2,25,NaN,285,8,285,8,NaN,NaN,NaN,NaN,NaN,NaN,NaN,NaN,NaN,NaN,TD,WN,B,B,NaN,NaN,0.47,NaN,NaN,NaN,
2000071418,07w.2000,NONAME,TD,NN,16.8,118.9,25,NaN,299,13,299,13,NaN,NaN,NaN,NaN,NaN,NaN,NaN,NaN,NaN,NaN,TD,WN,B,B,NaN,NaN,NaN,NaN,NaN,NaN,
2000071500,07w.2000,NONAME,TD,NN,17.6,117.6,20,NaN,304,15,304,15,NaN,NaN,NaN,NaN,NaN,NaN,NaN,NaN,NaN,NaN,NT,WN,B,B,NaN,NaN,NaN,NaN,NaN,NaN,
2000071406,w08.2000,9X-W08,TD,NN,16.0,116.3,20,NaN,281,5,281,5,NaN,NaN,NaN,NaN,NaN,NaN,NaN,NaN,NaN,NaN,NT,NW,B,B,NaN,NaN,NaN,NaN,NaN,NaN,
2000071412,w08.2000,9X-W08,TD,NN,16.1,115.7,20,NaN,281,5,281,5,NaN,NaN,NaN,NaN,NaN,NaN,NaN,NaN,NaN,NaN,NT,NW,B,B,NaN,NaN,NaN,NaN,NaN,NaN,
2000071418,w08.2000,9X-W08,TD,NN,16.2,115.2,25,NaN,281,5,281,5,NaN,NaN,NaN,NaN,NaN,NaN,NaN,NaN,NaN,NaN,TD,NW,B,B,NaN,NaN,NaN,NaN,NaN,NaN,
2000071500,w08.2000,9X-W08,TD,NN,16.4,114.7,25,NaN,287,5,287,5,NaN,NaN,NaN,NaN,NaN,NaN,NaN,NaN,NaN,NaN,TD,NW,B,B,NaN,NaN,NaN,NaN,NaN,NaN,
2000071506,w08.2000,9X-W08,TD,NN,16.6,114.2,25,NaN,293,5,293,5,NaN,NaN,NaN,NaN,NaN,NaN,NaN,NaN,NaN,NaN,TD,NW,B,B,NaN,NaN,NaN,NaN,NaN,NaN,
2000071512,w08.2000,9X-W08,TD,NN,16.9,113.9,25,NaN,303,5,303,5,NaN,NaN,NaN,NaN,NaN,NaN,NaN,NaN,NaN,NaN,TD,NW,B,B,NaN,NaN,NaN,NaN,NaN,NaN,
2000071518,w08.2000,9X-W08,TD,NN,17.7,113.7,25,NaN,337,6,337,6,NaN,NaN,NaN,NaN,NaN,NaN,NaN,NaN,NaN,NaN,TD,NW,B,B,NaN,NaN,NaN,NaN,NaN,NaN,
2000071600,08w.2000,NONAME,TD,NN,18.4,113.5,25,NaN,346,8,346,8,NaN,NaN,NaN,NaN,NaN,NaN,NaN,NaN,NaN,NaN,TD,WN,B,B,NaN,NaN,NaN,NaN,NaN,NaN,
2000071606,08w.2000,NONAME,TD,NN,19.0,113.4,25,NaN,348,7,348,7,NaN,NaN,NaN,NaN,NaN,NaN,NaN,NaN,NaN,NaN,TD,WN,B,B,NaN,NaN,NaN,NaN,NaN,NaN,
2000071612,08w.2000,NONAME,TD,NN,19.8,113.0,25,NaN,341,7,341,7,NaN,NaN,NaN,NaN,NaN,NaN,NaN,NaN,NaN,NaN,TD,WN,B,B,NaN,NaN,NaN,NaN,NaN,NaN,
2000071618,08w.2000,NONAME,TD,NN,20.6,112.4,25,NaN,330,9,330,9,NaN,NaN,NaN,NaN,NaN,NaN,NaN,NaN,NaN,NaN,TD,WN,B,B,NaN,NaN,NaN,NaN,NaN,NaN,
2000071700,08w.2000,NONAME,TD,NN,21.1,112.0,25,NaN,324,8,324,8,NaN,NaN,NaN,NaN,NaN,NaN,NaN,NaN,NaN,NaN,TD,WN,B,B,NaN,NaN,NaN,NaN,NaN,NaN,
2000071706,08w.2000,NONAME,TD,NN,21.9,112.0,25,NaN,344,7,344,7,NaN,NaN,NaN,NaN,NaN,NaN,NaN,NaN,NaN,NaN,TD,WN,B,B,NaN,NaN,0.79,NaN,NaN,NaN,
2000071712,08w.2000,NONAME,TD,NN,22.6,112.2,25,NaN,7,8,7,8,NaN,NaN,NaN,NaN,NaN,NaN,NaN,NaN,NaN,NaN,TD,WN,B,B,NaN,NaN,0.99,NaN,NaN,NaN,
2000071700,w09.2000,9X-W09,TS,NN,20.5,144.8,20,NaN,309,7,309,7,NaN,NaN,NaN,NaN,NaN,NaN,NaN,NaN,NaN,NaN,NT,NW,B,B,NaN,NaN,NaN,NaN,NaN,NaN,
2000071706,w09.2000,9X-W09,TS,NN,20.7,144.0,20,NaN,309,7,309,7,NaN,NaN,NaN,NaN,NaN,NaN,NaN,NaN,NaN,NaN,NT,NW,B,B,NaN,NaN,NaN,NaN,NaN,NaN,
2000071712,w09.2000,9X-W09,TS,NN,21.4,143.6,20,NaN,309,7,309,7,NaN,NaN,NaN,NaN,NaN,NaN,NaN,NaN,NaN,NaN,NT,NW,B,B,NaN,NaN,NaN,NaN,NaN,NaN,
2000071718,09w.2000,TEMBIN,TS,NN,22.1,143.2,25,NaN,332,8,332,8,NaN,NaN,NaN,NaN,NaN,NaN,NaN,NaN,NaN,NaN,TD,WN,B,B,NaN,NaN,NaN,NaN,NaN,NaN,
2000071800,09w.2000,TEMBIN,TS,NN,22.9,143.0,30,NaN,340,8,340,8,NaN,NaN,NaN,NaN,NaN,NaN,NaN,NaN,NaN,NaN,TD,WN,B,B,NaN,NaN,NaN,NaN,NaN,NaN,
2000071806,09w.2000,TEMBIN,TS,NN,23.8,142.8,30,NaN,348,9,348,9,NaN,NaN,NaN,NaN,NaN,NaN,NaN,NaN,NaN,NaN,TD,WN,B,B,NaN,NaN,NaN,NaN,NaN,NaN,
2000071812,09w.2000,TEMBIN,TS,NN,24.8,142.7,30,NaN,352,10,352,10,NaN,NaN,NaN,NaN,NaN,NaN,NaN,NaN,NaN,NaN,TD,WN,B,B,NaN,NaN,NaN,NaN,NaN,NaN,
2000071818,09w.2000,TEMBIN,TS,NN,25.7,142.5,35,NaN,352,10,352,10,NaN,NaN,NaN,NaN,NaN,NaN,NaN,NaN,NaN,NaN,TS,WN,B,B,NaN,NaN,NaN,NaN,NaN,NaN,
2000071900,09w.2000,TEMBIN,TS,NN,26.5,142.4,45,NaN,351,9,351,9,NaN,NaN,NaN,NaN,NaN,NaN,NaN,NaN,NaN,NaN,TS,WN,B,B,NaN,NaN,NaN,NaN,NaN,NaN,
2000071906,09w.2000,TEMBIN,TS,NN,27.3,142.3,45,NaN,354,8,354,8,NaN,NaN,NaN,NaN,NaN,NaN,NaN,NaN,NaN,NaN,TS,WN,B,B,NaN,NaN,NaN,NaN,NaN,NaN,
2000071912,09w.2000,TEMBIN,TS,NN,28.0,142.1,45,NaN,350,8,350,8,NaN,NaN,NaN,NaN,NaN,NaN,NaN,NaN,NaN,NaN,TS,WN,B,B,NaN,NaN,NaN,NaN,NaN,NaN,
2000071918,09w.2000,TEMBIN,TS,NN,28.9,141.9,45,NaN,348,8,348,8,NaN,NaN,NaN,NaN,NaN,NaN,NaN,NaN,NaN,NaN,TS,WN,B,B,NaN,NaN,NaN,NaN,NaN,NaN,
2000072000,09w.2000,TEMBIN,TS,NN,29.8,141.7,45,NaN,349,9,349,9,NaN,NaN,NaN,NaN,NaN,NaN,NaN,NaN,NaN,NaN,TS,WN,B,B,NaN,NaN,NaN,NaN,NaN,NaN,
2000072006,09w.2000,TEMBIN,TS,NN,30.6,141.6,45,NaN,351,9,351,9,NaN,NaN,NaN,NaN,NaN,NaN,NaN,NaN,NaN,NaN,TS,WN,B,B,NaN,NaN,NaN,NaN,NaN,NaN,
2000072012,09w.2000,TEMBIN,TS,NN,31.4,141.8,45,NaN,3,8,3,8,NaN,NaN,NaN,NaN,NaN,NaN,NaN,NaN,NaN,NaN,TS,WN,B,B,NaN,NaN,NaN,NaN,NaN,NaN,
2000072018,09w.2000,TEMBIN,TS,NN,32.2,142.0,40,NaN,12,8,12,8,NaN,NaN,NaN,NaN,NaN,NaN,NaN,NaN,NaN,NaN,TS,WN,B,B,NaN,NaN,NaN,NaN,NaN,NaN,
2000072100,09w.2000,TEMBIN,TS,NN,32.7,142.1,40,NaN,11,7,11,7,NaN,NaN,NaN,NaN,NaN,NaN,NaN,NaN,NaN,NaN,TS,WN,B,B,NaN,NaN,NaN,NaN,NaN,NaN,
2000072106,09w.2000,TEMBIN,TS,NN,33.3,142.1,35,NaN,4,6,4,6,NaN,NaN,NaN,NaN,NaN,NaN,NaN,NaN,NaN,NaN,TS,WN,B,B,NaN,NaN,NaN,NaN,NaN,NaN,
2000072112,09w.2000,TEMBIN,TS,NN,34.2,142.3,35,NaN,6,8,6,8,NaN,NaN,NaN,NaN,NaN,NaN,NaN,NaN,NaN,NaN,TS,WN,B,B,NaN,NaN,NaN,NaN,NaN,NaN,
2000072118,09w.2000,TEMBIN,TS,NN,34.9,142.5,35,NaN,12,8,12,8,NaN,NaN,NaN,NaN,NaN,NaN,NaN,NaN,NaN,NaN,TS,WN,B,B,NaN,NaN,NaN,NaN,NaN,NaN,
2000072200,09w.2000,TEMBIN,TS,NN,35.9,143.1,30,NaN,21,9,21,9,NaN,NaN,NaN,NaN,NaN,NaN,NaN,NaN,NaN,NaN,TD,WN,B,B,NaN,NaN,NaN,NaN,NaN,NaN,
2000072206,09w.2000,TEMBIN,TS,NN,37.1,144.2,30,NaN,32,13,32,13,NaN,NaN,NaN,NaN,NaN,NaN,NaN,NaN,NaN,NaN,TD,WN,B,B,NaN,NaN,NaN,NaN,NaN,NaN,
2000072212,09w.2000,TEMBIN,TS,NN,38.7,145.9,30,NaN,38,18,38,18,NaN,NaN,NaN,NaN,NaN,NaN,NaN,NaN,NaN,NaN,TD,WN,B,B,NaN,NaN,NaN,NaN,NaN,NaN,
2000072218,09w.2000,TEMBIN,TS,NN,40.2,147.6,25,NaN,41,20,41,20,NaN,NaN,NaN,NaN,NaN,NaN,NaN,NaN,NaN,NaN,TD,WN,B,B,NaN,NaN,NaN,NaN,NaN,NaN,
2000072300,09w.2000,TEMBIN,TS,NN,41.8,149.5,25,NaN,42,21,42,21,NaN,NaN,NaN,NaN,NaN,NaN,NaN,NaN,NaN,NaN,TD,WN,B,B,NaN,NaN,NaN,NaN,NaN,NaN,
2000071912,w10.2000,9X-W10,TD,NN,12.0,130.8,15,NaN,360,2,360,2,NaN,NaN,NaN,NaN,NaN,NaN,NaN,NaN,NaN,NaN,NT,NW,B,B,NaN,NaN,NaN,NaN,NaN,NaN,
2000071918,w10.2000,9X-W10,TD,NN,12.2,130.8,20,NaN,360,2,360,2,NaN,NaN,NaN,NaN,NaN,NaN,NaN,NaN,NaN,NaN,NT,NW,B,B,NaN,NaN,NaN,NaN,NaN,NaN,
2000072000,10w.2000,NONAME,TD,NN,12.5,130.8,25,NaN,360,2,360,2,NaN,NaN,NaN,NaN,NaN,NaN,NaN,NaN,NaN,NaN,TD,WN,B,B,NaN,NaN,NaN,NaN,NaN,NaN,
2000072006,10w.2000,NONAME,TD,NN,13.1,130.8,25,NaN,360,5,360,5,NaN,NaN,NaN,NaN,NaN,NaN,NaN,NaN,NaN,NaN,TD,WN,B,B,NaN,NaN,NaN,NaN,NaN,NaN,
2000072012,10w.2000,NONAME,TD,NN,13.8,130.5,25,NaN,347,7,347,7,NaN,NaN,NaN,NaN,NaN,NaN,NaN,NaN,NaN,NaN,TD,WN,B,B,NaN,NaN,NaN,NaN,NaN,NaN,
2000072018,10w.2000,NONAME,TD,NN,14.4,130.0,25,NaN,329,8,329,8,NaN,NaN,NaN,NaN,NaN,NaN,NaN,NaN,NaN,NaN,TD,WN,B,B,NaN,NaN,NaN,NaN,NaN,NaN,
2000072100,10w.2000,NONAME,TD,NN,15.1,129.5,25,NaN,323,8,323,8,NaN,NaN,NaN,NaN,NaN,NaN,NaN,NaN,NaN,NaN,TD,WN,B,B,NaN,NaN,NaN,NaN,NaN,NaN,
2000072106,10w.2000,NONAME,TD,NN,15.8,129.0,25,NaN,325,9,325,9,NaN,NaN,NaN,NaN,NaN,NaN,NaN,NaN,NaN,NaN,TD,WN,B,B,NaN,NaN,NaN,NaN,NaN,NaN,
2000072112,10w.2000,NONAME,TD,NN,16.7,128.0,25,NaN,318,11,318,11,NaN,NaN,NaN,NaN,NaN,NaN,NaN,NaN,NaN,NaN,TD,WN,B,B,NaN,NaN,NaN,NaN,NaN,NaN,
2000072118,10w.2000,NONAME,TD,NN,17.2,126.8,25,NaN,304,13,304,13,NaN,NaN,NaN,NaN,NaN,NaN,NaN,NaN,NaN,NaN,TD,WN,B,B,NaN,NaN,NaN,NaN,NaN,NaN,
2000072200,10w.2000,NONAME,TD,NN,17.4,125.9,25,NaN,289,11,289,11,NaN,NaN,NaN,NaN,NaN,NaN,NaN,NaN,NaN,NaN,TD,WN,B,B,NaN,NaN,NaN,NaN,NaN,NaN,
2000072206,10w.2000,NONAME,TD,NN,17.5,125.0,25,NaN,280,9,280,9,NaN,NaN,NaN,NaN,NaN,NaN,NaN,NaN,NaN,NaN,TD,WN,B,B,NaN,NaN,NaN,NaN,NaN,NaN,
2000072212,10w.2000,NONAME,TD,NN,17.6,124.0,25,NaN,276,9,276,9,NaN,NaN,NaN,NaN,NaN,NaN,NaN,NaN,NaN,NaN,TD,WN,B,B,NaN,NaN,NaN,NaN,NaN,NaN,
2000072218,10w.2000,NONAME,TD,NN,17.7,123.0,25,NaN,276,10,276,10,NaN,NaN,NaN,NaN,NaN,NaN,NaN,NaN,NaN,NaN,TD,WN,B,B,NaN,NaN,NaN,NaN,NaN,NaN,
2000072300,10w.2000,NONAME,TD,NN,17.9,122.1,20,NaN,279,9,279,9,NaN,NaN,NaN,NaN,NaN,NaN,NaN,NaN,NaN,NaN,NT,WN,B,B,NaN,NaN,0.58,NaN,NaN,NaN,
2000072312,w11.2000,9X-W11,TS,NN,17.8,123.9,15,NaN,289,3,306,13,NaN,NaN,NaN,NaN,NaN,NaN,NaN,NaN,NaN,NaN,NT,NW,c,c,NaN,NaN,NaN,NaN,NaN,NaN,
2000072318,w11.2000,9X-W11,TS,NN,17.8,123.5,25,NaN,285,4,306,13,NaN,NaN,NaN,NaN,NaN,NaN,NaN,NaN,NaN,NaN,TD,NW,c,c,NaN,NaN,NaN,NaN,NaN,NaN,
2000072400,w11.2000,9X-W11,TS,NN,19.3,121.7,20,NaN,298,3,306,13,NaN,NaN,NaN,NaN,NaN,NaN,NaN,NaN,NaN,NaN,NT,NW,c,c,NaN,NaN,0.06,NaN,NaN,NaN,
2000072406,w11.2000,9X-W11,TS,NN,19.0,123.1,20,NaN,30,14,30,14,NaN,NaN,NaN,NaN,NaN,NaN,NaN,NaN,NaN,NaN,NT,NW,B,B,NaN,NaN,NaN,NaN,NaN,NaN,
2000072412,w11.2000,9X-W11,TS,NN,20.1,123.8,20,NaN,30,14,30,14,NaN,NaN,NaN,NaN,NaN,NaN,NaN,NaN,NaN,NaN,NT,NW,B,B,NaN,NaN,NaN,NaN,NaN,NaN,
2000072418,11w.2000,BOLAVEN,TS,NN,21.4,124.6,25,NaN,30,14,30,14,NaN,NaN,NaN,NaN,NaN,NaN,NaN,NaN,NaN,NaN,TD,WN,B,B,NaN,NaN,NaN,NaN,NaN,NaN,
2000072500,11w.2000,BOLAVEN,TS,NN,23.0,125.2,30,NaN,24,16,24,16,NaN,NaN,NaN,NaN,NaN,NaN,NaN,NaN,NaN,NaN,TD,WN,B,B,NaN,NaN,NaN,NaN,NaN,NaN,
2000072506,11w.2000,BOLAVEN,TS,NN,23.9,125.4,30,NaN,16,13,16,13,NaN,NaN,NaN,NaN,NaN,NaN,NaN,NaN,NaN,NaN,TD,WN,B,B,NaN,NaN,NaN,NaN,NaN,NaN,
2000072512,11w.2000,BOLAVEN,TS,NN,24.5,125.9,30,NaN,23,8,23,8,NaN,NaN,NaN,NaN,NaN,NaN,NaN,NaN,NaN,NaN,TD,WN,B,B,NaN,NaN,NaN,NaN,NaN,NaN,
2000072518,11w.2000,BOLAVEN,TS,NN,25.0,126.7,30,NaN,47,8,47,8,NaN,NaN,NaN,NaN,NaN,NaN,NaN,NaN,NaN,NaN,TD,WN,B,B,NaN,NaN,NaN,NaN,NaN,NaN,
2000072600,11w.2000,BOLAVEN,TS,NN,25.4,128.0,35,NaN,65,11,65,11,NaN,NaN,NaN,NaN,NaN,NaN,NaN,NaN,NaN,NaN,TS,WN,B,B,NaN,NaN,NaN,NaN,NaN,NaN,
2000072606,11w.2000,BOLAVEN,TS,NN,26.1,129.0,40,NaN,62,12,62,12,NaN,NaN,NaN,NaN,NaN,NaN,NaN,NaN,NaN,NaN,TS,WN,B,B,NaN,NaN,NaN,NaN,NaN,NaN,
2000072612,11w.2000,BOLAVEN,TS,NN,26.3,129.3,40,NaN,52,7,52,7,NaN,NaN,NaN,NaN,NaN,NaN,NaN,NaN,NaN,NaN,TS,WN,B,B,NaN,NaN,NaN,NaN,NaN,NaN,
2000072618,11w.2000,BOLAVEN,TS,NN,26.7,129.7,45,NaN,46,4,46,4,NaN,NaN,NaN,NaN,NaN,NaN,NaN,NaN,NaN,NaN,TS,WN,B,B,NaN,NaN,NaN,NaN,NaN,NaN,
2000072700,11w.2000,BOLAVEN,TS,NN,27.0,129.8,50,NaN,33,4,33,4,NaN,NaN,NaN,NaN,NaN,NaN,NaN,NaN,NaN,NaN,TS,WN,B,B,NaN,NaN,NaN,NaN,NaN,NaN,
2000072706,11w.2000,BOLAVEN,TS,NN,27.1,129.7,50,NaN,360,2,360,2,NaN,NaN,NaN,NaN,NaN,NaN,NaN,NaN,NaN,NaN,TS,WN,B,B,NaN,NaN,NaN,NaN,NaN,NaN,
2000072712,11w.2000,BOLAVEN,TS,NN,27.1,129.5,50,NaN,291,1,291,1,NaN,NaN,NaN,NaN,NaN,NaN,NaN,NaN,NaN,NaN,TS,WN,B,B,NaN,NaN,NaN,NaN,NaN,NaN,
2000072718,11w.2000,BOLAVEN,TS,NN,27.2,129.3,50,NaN,286,2,286,2,NaN,NaN,NaN,NaN,NaN,NaN,NaN,NaN,NaN,NaN,TS,WN,B,B,NaN,NaN,NaN,NaN,NaN,NaN,
2000072800,11w.2000,BOLAVEN,TS,NN,27.4,129.2,50,NaN,318,2,318,2,NaN,NaN,NaN,NaN,NaN,NaN,NaN,NaN,NaN,NaN,TS,WN,B,B,NaN,NaN,0.03,NaN,NaN,NaN,
2000072806,11w.2000,BOLAVEN,TS,NN,27.8,129.0,50,NaN,336,3,336,3,NaN,NaN,NaN,NaN,NaN,NaN,NaN,NaN,NaN,NaN,TS,WN,B,B,NaN,NaN,0.08,NaN,NaN,NaN,
2000072812,11w.2000,BOLAVEN,TS,NN,28.1,129.0,50,NaN,346,4,346,4,NaN,NaN,NaN,NaN,NaN,NaN,NaN,NaN,NaN,NaN,TS,WN,B,B,NaN,NaN,0.08,NaN,NaN,NaN,
2000072818,11w.2000,BOLAVEN,TS,NN,28.3,128.9,50,NaN,350,3,350,3,NaN,NaN,NaN,NaN,NaN,NaN,NaN,NaN,NaN,NaN,TS,WN,B,B,NaN,NaN,0.05,NaN,NaN,NaN,
2000072900,11w.2000,BOLAVEN,TS,NN,28.5,128.8,50,NaN,336,2,336,2,NaN,NaN,NaN,NaN,NaN,NaN,NaN,NaN,NaN,NaN,TS,WN,B,B,NaN,NaN,0.05,NaN,NaN,NaN,
2000072906,11w.2000,BOLAVEN,TS,NN,29.2,128.6,50,NaN,344,5,344,5,NaN,NaN,NaN,NaN,NaN,NaN,NaN,NaN,NaN,NaN,TS,WN,B,B,NaN,NaN,NaN,NaN,NaN,NaN,
2000072912,11w.2000,BOLAVEN,TS,NN,29.9,128.4,50,NaN,346,7,346,7,NaN,NaN,NaN,NaN,NaN,NaN,NaN,NaN,NaN,NaN,TS,WN,B,B,NaN,NaN,NaN,NaN,NaN,NaN,
2000072918,11w.2000,BOLAVEN,TS,NN,30.6,128.5,50,NaN,356,7,356,7,NaN,NaN,NaN,NaN,NaN,NaN,NaN,NaN,NaN,NaN,TS,WN,B,B,NaN,NaN,NaN,NaN,NaN,NaN,
2000073000,11w.2000,BOLAVEN,TS,NN,31.5,128.6,40,NaN,6,8,6,8,NaN,NaN,NaN,NaN,NaN,NaN,NaN,NaN,NaN,NaN,TS,WN,B,B,NaN,NaN,NaN,NaN,NaN,NaN,
2000073006,11w.2000,BOLAVEN,TS,NN,32.7,128.7,35,NaN,5,11,5,11,NaN,NaN,NaN,NaN,NaN,NaN,NaN,NaN,NaN,NaN,TS,WN,B,B,NaN,NaN,0.04,NaN,NaN,NaN,
2000073012,11w.2000,BOLAVEN,TS,NN,33.8,128.9,35,NaN,6,12,6,12,NaN,NaN,NaN,NaN,NaN,NaN,NaN,NaN,NaN,NaN,TS,WN,B,B,NaN,NaN,0.05,NaN,NaN,NaN,
2000073018,11w.2000,BOLAVEN,TS,NN,34.9,129.2,35,NaN,11,11,11,11,NaN,NaN,NaN,NaN,NaN,NaN,NaN,NaN,NaN,NaN,TS,WN,B,B,NaN,NaN,0.40,NaN,NaN,NaN,
2000073100,11w.2000,BOLAVEN,TS,NN,36.0,129.7,30,NaN,17,11,17,11,NaN,NaN,NaN,NaN,NaN,NaN,NaN,NaN,NaN,NaN,TD,WN,B,B,NaN,NaN,0.45,NaN,NaN,NaN,
2000073106,11w.2000,BOLAVEN,TS,NN,38.2,131.1,30,NaN,25,18,25,18,NaN,NaN,NaN,NaN,NaN,NaN,NaN,NaN,NaN,NaN,TD,WN,B,B,NaN,NaN,NaN,NaN,NaN,NaN,
2000072612,w12.2000,9X-W12,TS,NN,6.4,182.0,20,NaN,332,6,332,6,NaN,NaN,NaN,NaN,NaN,NaN,NaN,NaN,NaN,NaN,NT,NW,B,B,NaN,NaN,NaN,NaN,NaN,NaN,
2000072618,w12.2000,9X-W12,TS,NN,6.9,181.8,25,NaN,332,6,332,6,NaN,NaN,NaN,NaN,NaN,NaN,NaN,NaN,NaN,NaN,TD,NW,B,B,NaN,NaN,NaN,NaN,NaN,NaN,
2000072700,w12.2000,9X-W12,TS,NN,7.5,181.4,25,NaN,332,6,332,6,NaN,NaN,NaN,NaN,NaN,NaN,NaN,NaN,NaN,NaN,TD,NW,B,B,NaN,NaN,NaN,NaN,NaN,NaN,
2000072706,w12.2000,9X-W12,TS,NN,8.0,180.2,20,NaN,305,10,305,10,NaN,NaN,NaN,NaN,NaN,NaN,NaN,NaN,NaN,NaN,NT,NW,B,B,NaN,NaN,NaN,NaN,NaN,NaN,
2000072712,w12.2000,9X-W12,TS,NN,8.4,179.0,20,NaN,291,13,291,13,NaN,NaN,NaN,NaN,NaN,NaN,NaN,NaN,NaN,NaN,NT,NW,B,B,NaN,NaN,NaN,NaN,NaN,NaN,
2000072718,w12.2000,9X-W12,TS,NN,8.7,178.0,20,NaN,288,11,288,11,NaN,NaN,NaN,NaN,NaN,NaN,NaN,NaN,NaN,NaN,NT,NW,B,B,NaN,NaN,NaN,NaN,NaN,NaN,
2000072800,12w.2000,CHANCHU,TS,NN,9.2,177.1,25,NaN,293,10,293,10,NaN,NaN,NaN,NaN,NaN,NaN,NaN,NaN,NaN,NaN,TD,WN,B,B,NaN,NaN,NaN,NaN,NaN,NaN,
2000072806,12w.2000,CHANCHU,TS,NN,9.8,176.4,25,NaN,305,10,305,10,NaN,NaN,NaN,NaN,NaN,NaN,NaN,NaN,NaN,NaN,TD,WN,B,B,NaN,NaN,NaN,NaN,NaN,NaN,
2000072812,12w.2000,CHANCHU,TS,NN,10.6,176.1,30,NaN,325,9,325,9,NaN,NaN,NaN,NaN,NaN,NaN,NaN,NaN,NaN,NaN,TD,WN,B,B,NaN,NaN,NaN,NaN,NaN,NaN,
2000072818,12w.2000,CHANCHU,TS,NN,11.4,176.1,35,NaN,350,8,350,8,NaN,NaN,NaN,NaN,NaN,NaN,NaN,NaN,NaN,NaN,TS,WN,B,B,NaN,NaN,NaN,NaN,NaN,NaN,
2000072900,12w.2000,CHANCHU,TS,NN,12.2,176.0,40,NaN,356,8,356,8,NaN,NaN,NaN,NaN,NaN,NaN,NaN,NaN,NaN,NaN,TS,WN,B,B,NaN,NaN,NaN,NaN,NaN,NaN,
2000072906,12w.2000,CHANCHU,TS,NN,13.0,175.8,40,NaN,350,8,350,8,NaN,NaN,NaN,NaN,NaN,NaN,NaN,NaN,NaN,NaN,TS,WN,B,B,NaN,NaN,NaN,NaN,NaN,NaN,
2000072912,12w.2000,CHANCHU,TS,NN,13.7,175.7,35,NaN,349,8,349,8,NaN,NaN,NaN,NaN,NaN,NaN,NaN,NaN,NaN,NaN,TS,WN,B,B,NaN,NaN,NaN,NaN,NaN,NaN,
2000072918,12w.2000,CHANCHU,TS,NN,14.3,175.6,25,NaN,351,7,351,7,NaN,NaN,NaN,NaN,NaN,NaN,NaN,NaN,NaN,NaN,TD,WN,B,B,NaN,NaN,NaN,NaN,NaN,NaN,
2000073112,w13.2000,9X-W13,TY,NN,21.7,155.2,15,NaN,276,9,276,9,NaN,NaN,NaN,NaN,NaN,NaN,NaN,NaN,NaN,NaN,NT,NW,B,B,NaN,NaN,NaN,NaN,NaN,NaN,
2000073118,w13.2000,9X-W13,TY,NN,22.0,154.3,20,NaN,276,9,276,9,NaN,NaN,NaN,NaN,NaN,NaN,NaN,NaN,NaN,NaN,NT,NW,B,B,NaN,NaN,NaN,NaN,NaN,NaN,
2000080100,13w.2000,JELAWAT,TY,NN,21.9,153.2,30,NaN,276,9,276,9,NaN,NaN,NaN,NaN,NaN,NaN,NaN,NaN,NaN,NaN,TD,WN,B,B,NaN,NaN,NaN,NaN,NaN,NaN,
2000080106,13w.2000,JELAWAT,TY,NN,22.0,152.1,45,NaN,270,10,270,10,NaN,NaN,NaN,NaN,NaN,NaN,NaN,NaN,NaN,NaN,TS,WN,B,B,NaN,NaN,NaN,NaN,NaN,NaN,
2000080112,13w.2000,JELAWAT,TY,NN,22.0,151.2,55,NaN,273,9,273,9,NaN,NaN,NaN,NaN,NaN,NaN,NaN,NaN,NaN,NaN,TS,WN,B,B,NaN,NaN,NaN,NaN,NaN,NaN,
2000080118,13w.2000,JELAWAT,TY,NN,22.0,150.2,70,NaN,270,9,270,9,NaN,NaN,NaN,NaN,NaN,NaN,NaN,NaN,NaN,NaN,TY,WN,B,B,NaN,NaN,NaN,NaN,NaN,NaN,
2000080200,13w.2000,JELAWAT,TY,NN,22.1,149.4,100,NaN,273,8,273,8,NaN,NaN,NaN,NaN,NaN,NaN,NaN,NaN,NaN,NaN,TY,WN,B,B,NaN,NaN,NaN,NaN,NaN,NaN,
2000080206,13w.2000,JELAWAT,TY,NN,22.3,148.5,115,NaN,281,8,281,8,NaN,NaN,NaN,NaN,NaN,NaN,NaN,NaN,NaN,NaN,TY,WN,B,B,NaN,NaN,NaN,NaN,NaN,NaN,
2000080212,13w.2000,JELAWAT,TY,NN,22.6,147.6,115,NaN,287,9,287,9,NaN,NaN,NaN,NaN,NaN,NaN,NaN,NaN,NaN,NaN,TY,WN,B,B,NaN,NaN,NaN,NaN,NaN,NaN,
2000080218,13w.2000,JELAWAT,TY,NN,23.1,146.6,115,NaN,295,10,295,10,NaN,NaN,NaN,NaN,NaN,NaN,NaN,NaN,NaN,NaN,TY,WN,B,B,NaN,NaN,NaN,NaN,NaN,NaN,
2000080300,13w.2000,JELAWAT,TY,NN,23.7,145.6,120,NaN,301,11,301,11,NaN,NaN,NaN,NaN,NaN,NaN,NaN,NaN,NaN,NaN,TY,WN,B,B,NaN,NaN,NaN,NaN,NaN,NaN,
2000080306,13w.2000,JELAWAT,TY,NN,24.4,144.4,125,NaN,303,12,303,12,NaN,NaN,NaN,NaN,NaN,NaN,NaN,NaN,NaN,NaN,TY,WN,B,B,NaN,NaN,NaN,NaN,NaN,NaN,
2000080312,13w.2000,JELAWAT,TY,NN,24.9,143.0,115,NaN,297,13,297,13,NaN,NaN,NaN,NaN,NaN,NaN,NaN,NaN,NaN,NaN,TY,WN,B,B,NaN,NaN,NaN,NaN,NaN,NaN,
2000080318,13w.2000,JELAWAT,TY,NN,25.2,141.7,105,NaN,288,13,288,13,NaN,NaN,NaN,NaN,NaN,NaN,NaN,NaN,NaN,NaN,TY,WN,B,B,NaN,NaN,NaN,NaN,NaN,NaN,
2000080400,13w.2000,JELAWAT,TY,NN,25.7,140.2,100,NaN,288,13,288,13,NaN,NaN,NaN,NaN,NaN,NaN,NaN,NaN,NaN,NaN,TY,WN,B,B,NaN,NaN,NaN,NaN,NaN,NaN,
2000080406,13w.2000,JELAWAT,TY,NN,26.0,139.0,95,NaN,288,13,288,13,NaN,NaN,NaN,NaN,NaN,NaN,NaN,NaN,NaN,NaN,TY,WN,B,B,NaN,NaN,NaN,NaN,NaN,NaN,
2000080412,13w.2000,JELAWAT,TY,NN,26.0,137.7,95,NaN,278,11,278,11,NaN,NaN,NaN,NaN,NaN,NaN,NaN,NaN,NaN,NaN,TY,WN,B,B,NaN,NaN,NaN,NaN,NaN,NaN,
2000080418,13w.2000,JELAWAT,TY,NN,26.1,136.4,95,NaN,272,12,272,12,NaN,NaN,NaN,NaN,NaN,NaN,NaN,NaN,NaN,NaN,TY,WN,B,B,NaN,NaN,NaN,NaN,NaN,NaN,
2000080500,13w.2000,JELAWAT,TY,NN,26.1,135.4,95,NaN,273,10,273,10,NaN,NaN,NaN,NaN,NaN,NaN,NaN,NaN,NaN,NaN,TY,WN,B,B,NaN,NaN,NaN,NaN,NaN,NaN,
2000080506,13w.2000,JELAWAT,TY,NN,26.1,134.4,90,NaN,270,9,270,9,NaN,NaN,NaN,NaN,NaN,NaN,NaN,NaN,NaN,NaN,TY,WN,B,B,NaN,NaN,NaN,NaN,NaN,NaN,
2000080512,13w.2000,JELAWAT,TY,NN,26.1,133.5,90,NaN,270,9,270,9,NaN,NaN,NaN,NaN,NaN,NaN,NaN,NaN,NaN,NaN,TY,WN,B,B,NaN,NaN,NaN,NaN,NaN,NaN,
2000080518,13w.2000,JELAWAT,TY,NN,26.0,132.7,90,NaN,266,8,266,8,NaN,NaN,NaN,NaN,NaN,NaN,NaN,NaN,NaN,NaN,TY,WN,B,B,NaN,NaN,NaN,NaN,NaN,NaN,
2000080600,13w.2000,JELAWAT,TY,NN,26.0,131.9,90,NaN,266,7,266,7,NaN,NaN,NaN,NaN,NaN,NaN,NaN,NaN,NaN,NaN,TY,WN,B,B,NaN,NaN,NaN,NaN,NaN,NaN,
2000080606,13w.2000,JELAWAT,TY,NN,26.0,131.2,95,NaN,270,7,270,7,NaN,NaN,NaN,NaN,NaN,NaN,NaN,NaN,NaN,NaN,TY,WN,B,B,NaN,NaN,NaN,NaN,NaN,NaN,
2000080612,13w.2000,JELAWAT,TY,NN,25.9,130.5,100,NaN,265,6,265,6,NaN,NaN,NaN,NaN,NaN,NaN,NaN,NaN,NaN,NaN,TY,WN,B,B,NaN,NaN,NaN,NaN,NaN,NaN,
2000080618,13w.2000,JELAWAT,TY,NN,25.9,130.0,100,NaN,265,5,265,5,NaN,NaN,NaN,NaN,NaN,NaN,NaN,NaN,NaN,NaN,TY,WN,B,B,NaN,NaN,NaN,NaN,NaN,NaN,
2000080700,13w.2000,JELAWAT,TY,NN,26.0,129.6,100,NaN,277,4,277,4,NaN,NaN,NaN,NaN,NaN,NaN,NaN,NaN,NaN,NaN,TY,WN,B,B,NaN,NaN,NaN,NaN,NaN,NaN,
2000080706,13w.2000,JELAWAT,TY,NN,26.2,129.2,100,NaN,293,4,293,4,NaN,NaN,NaN,NaN,NaN,NaN,NaN,NaN,NaN,NaN,TY,WN,B,B,NaN,NaN,NaN,NaN,NaN,NaN,
2000080712,13w.2000,JELAWAT,TY,NN,26.5,128.7,90,NaN,302,5,302,5,NaN,NaN,NaN,NaN,NaN,NaN,NaN,NaN,NaN,NaN,TY,WN,B,B,NaN,NaN,0.04,NaN,NaN,NaN,
2000080718,13w.2000,JELAWAT,TY,NN,26.9,128.3,80,NaN,311,5,311,5,NaN,NaN,NaN,NaN,NaN,NaN,NaN,NaN,NaN,NaN,TY,WN,B,B,NaN,NaN,0.05,NaN,NaN,NaN,
2000080800,13w.2000,JELAWAT,TY,NN,27.4,128.1,80,NaN,329,5,329,5,NaN,NaN,NaN,NaN,NaN,NaN,NaN,NaN,NaN,NaN,TY,WN,B,B,NaN,NaN,NaN,NaN,NaN,NaN,
2000080806,13w.2000,JELAWAT,TY,NN,27.8,127.8,80,NaN,334,5,334,5,NaN,NaN,NaN,NaN,NaN,NaN,NaN,NaN,NaN,NaN,TY,WN,B,B,NaN,NaN,NaN,NaN,NaN,NaN,
2000080812,13w.2000,JELAWAT,TY,NN,28.0,127.4,80,NaN,314,4,314,4,NaN,NaN,NaN,NaN,NaN,NaN,NaN,NaN,NaN,NaN,TY,WN,B,B,NaN,NaN,NaN,NaN,NaN,NaN,
2000080818,13w.2000,JELAWAT,TY,NN,28.2,127.0,80,NaN,300,4,300,4,NaN,NaN,NaN,NaN,NaN,NaN,NaN,NaN,NaN,NaN,TY,WN,B,B,NaN,NaN,NaN,NaN,NaN,NaN,
2000080900,13w.2000,JELAWAT,TY,NN,28.5,126.5,85,NaN,302,5,302,5,NaN,NaN,NaN,NaN,NaN,NaN,NaN,NaN,NaN,NaN,TY,WN,B,B,NaN,NaN,NaN,NaN,NaN,NaN,
2000080906,13w.2000,JELAWAT,TY,NN,28.8,125.8,90,NaN,300,6,300,6,NaN,NaN,NaN,NaN,NaN,NaN,NaN,NaN,NaN,NaN,TY,WN,B,B,NaN,NaN,NaN,NaN,NaN,NaN,
2000080912,13w.2000,JELAWAT,TY,NN,28.9,125.0,90,NaN,287,7,287,7,NaN,NaN,NaN,NaN,NaN,NaN,NaN,NaN,NaN,NaN,TY,WN,B,B,NaN,NaN,NaN,NaN,NaN,NaN,
2000080918,13w.2000,JELAWAT,TY,NN,29.0,124.2,80,NaN,278,7,278,7,NaN,NaN,NaN,NaN,NaN,NaN,NaN,NaN,NaN,NaN,TY,WN,B,B,NaN,NaN,NaN,NaN,NaN,NaN,
2000081000,13w.2000,JELAWAT,TY,NN,29.1,123.4,80,NaN,278,7,278,7,NaN,NaN,NaN,NaN,NaN,NaN,NaN,NaN,NaN,NaN,TY,WN,B,B,NaN,NaN,NaN,NaN,NaN,NaN,
2000081006,13w.2000,JELAWAT,TY,NN,29.2,122.7,70,NaN,279,7,279,7,NaN,NaN,NaN,NaN,NaN,NaN,NaN,NaN,NaN,NaN,TY,WN,B,B,NaN,NaN,NaN,NaN,NaN,NaN,
2000081012,13w.2000,JELAWAT,TY,NN,29.2,121.9,65,NaN,274,7,274,7,NaN,NaN,NaN,NaN,NaN,NaN,NaN,NaN,NaN,NaN,TY,WN,B,B,NaN,NaN,0.18,NaN,NaN,NaN,
2000081018,13w.2000,JELAWAT,TY,NN,29.9,120.7,45,NaN,292,9,292,9,NaN,NaN,NaN,NaN,NaN,NaN,NaN,NaN,NaN,NaN,TS,WN,B,B,NaN,NaN,0.85,NaN,NaN,NaN,
2000081100,13w.2000,JELAWAT,TY,NN,30.6,120.1,35,NaN,312,10,312,10,NaN,NaN,NaN,NaN,NaN,NaN,NaN,NaN,NaN,NaN,TS,WN,B,B,NaN,NaN,0.94,NaN,NaN,NaN,
2000081106,13w.2000,JELAWAT,TY,NN,31.3,119.6,25,NaN,326,8,326,8,NaN,NaN,NaN,NaN,NaN,NaN,NaN,NaN,NaN,NaN,TD,WN,B,B,NaN,NaN,0.90,NaN,NaN,NaN,
2000081112,13w.2000,JELAWAT,TY,NN,31.8,118.9,20,NaN,319,8,319,8,NaN,NaN,NaN,NaN,NaN,NaN,NaN,NaN,NaN,NaN,NT,NW,B,B,NaN,NaN,0.92,NaN,NaN,NaN,
2000080618,w14.2000,9X-W14,TD,NN,23.7,148.6,15,NaN,299,8,299,8,NaN,NaN,NaN,NaN,NaN,NaN,NaN,NaN,NaN,NaN,NT,NW,B,B,NaN,NaN,NaN,NaN,NaN,NaN,
2000080700,w14.2000,9X-W14,TD,NN,24.1,147.8,15,NaN,299,8,299,8,NaN,NaN,NaN,NaN,NaN,NaN,NaN,NaN,NaN,NaN,NT,NW,B,B,NaN,NaN,NaN,NaN,NaN,NaN,
2000080706,w14.2000,9X-W14,TD,NN,24.5,147.0,20,NaN,299,8,299,8,NaN,NaN,NaN,NaN,NaN,NaN,NaN,NaN,NaN,NaN,NT,NW,B,B,NaN,NaN,NaN,NaN,NaN,NaN,
2000080712,w14.2000,9X-W14,TD,NN,25.2,145.7,20,NaN,300,11,300,11,NaN,NaN,NaN,NaN,NaN,NaN,NaN,NaN,NaN,NaN,NT,NW,B,B,NaN,NaN,NaN,NaN,NaN,NaN,
2000080718,w14.2000,9X-W14,TD,NN,26.2,144.6,20,NaN,308,14,308,14,NaN,NaN,NaN,NaN,NaN,NaN,NaN,NaN,NaN,NaN,NT,NW,B,B,NaN,NaN,NaN,NaN,NaN,NaN,
2000080800,w14.2000,9X-W14,TD,NN,28.1,144.0,25,NaN,332,16,332,16,NaN,NaN,NaN,NaN,NaN,NaN,NaN,NaN,NaN,NaN,TD,NW,B,B,NaN,NaN,NaN,NaN,NaN,NaN,
2000080806,14w.2000,NONAME,TD,NN,29.3,143.6,25,NaN,344,16,344,16,NaN,NaN,NaN,NaN,NaN,NaN,NaN,NaN,NaN,NaN,TD,WN,B,B,NaN,NaN,NaN,NaN,NaN,NaN,
2000080812,14w.2000,NONAME,TD,NN,30.7,143.1,25,NaN,343,14,343,14,NaN,NaN,NaN,NaN,NaN,NaN,NaN,NaN,NaN,NaN,TD,WN,B,B,NaN,NaN,NaN,NaN,NaN,NaN,
2000080818,14w.2000,NONAME,TD,NN,31.4,143.4,30,NaN,355,11,355,11,NaN,NaN,NaN,NaN,NaN,NaN,NaN,NaN,NaN,NaN,TD,WN,B,B,NaN,NaN,NaN,NaN,NaN,NaN,
2000080900,14w.2000,NONAME,TD,NN,32.4,144.0,30,NaN,24,9,24,9,NaN,NaN,NaN,NaN,NaN,NaN,NaN,NaN,NaN,NaN,TD,WN,B,B,NaN,NaN,NaN,NaN,NaN,NaN,
2000080906,14w.2000,NONAME,TD,NN,33.3,144.6,30,NaN,28,11,28,11,NaN,NaN,NaN,NaN,NaN,NaN,NaN,NaN,NaN,NaN,TD,WN,B,B,NaN,NaN,NaN,NaN,NaN,NaN,
2000080912,14w.2000,NONAME,TD,NN,34.3,145.5,30,NaN,33,11,33,11,NaN,NaN,NaN,NaN,NaN,NaN,NaN,NaN,NaN,NaN,TD,WN,B,B,NaN,NaN,NaN,NaN,NaN,NaN,
2000080918,14w.2000,NONAME,TD,NN,35.3,147.2,30,NaN,47,15,47,15,NaN,NaN,NaN,NaN,NaN,NaN,NaN,NaN,NaN,NaN,TD,WN,B,B,NaN,NaN,NaN,NaN,NaN,NaN,
2000081000,14w.2000,NONAME,TD,NN,35.6,149.3,30,NaN,67,17,67,17,NaN,NaN,NaN,NaN,NaN,NaN,NaN,NaN,NaN,NaN,TD,WN,B,B,NaN,NaN,NaN,NaN,NaN,NaN,
2000081006,14w.2000,NONAME,TD,NN,36.1,151.2,25,NaN,76,17,76,17,NaN,NaN,NaN,NaN,NaN,NaN,NaN,NaN,NaN,NaN,TD,NW,B,B,NaN,NaN,NaN,NaN,NaN,NaN,
2000081012,14w.2000,NONAME,TD,NN,36.7,153.9,25,NaN,74,19,74,19,NaN,NaN,NaN,NaN,NaN,NaN,NaN,NaN,NaN,NaN,TD,NW,B,B,NaN,NaN,NaN,NaN,NaN,NaN,
2000080812,w15.2000,9X-W15,TY,NN,14.1,142.5,20,NaN,270,3,270,3,NaN,NaN,NaN,NaN,NaN,NaN,NaN,NaN,NaN,NaN,NT,NW,B,B,NaN,NaN,NaN,NaN,NaN,NaN,
2000080818,w15.2000,9X-W15,TY,NN,14.1,142.2,20,NaN,270,3,270,3,NaN,NaN,NaN,NaN,NaN,NaN,NaN,NaN,NaN,NaN,NT,NW,B,B,NaN,NaN,NaN,NaN,NaN,NaN,
2000080900,w15.2000,9X-W15,TY,NN,14.1,141.9,20,NaN,270,3,270,3,NaN,NaN,NaN,NaN,NaN,NaN,NaN,NaN,NaN,NaN,NT,NW,B,B,NaN,NaN,NaN,NaN,NaN,NaN,
2000080906,15w.2000,EWINIAR,TY,NN,14.1,141.5,25,NaN,270,3,270,3,NaN,NaN,NaN,NaN,NaN,NaN,NaN,NaN,NaN,NaN,TD,WN,B,B,NaN,NaN,NaN,NaN,NaN,NaN,
2000080912,15w.2000,EWINIAR,TY,NN,14.3,140.8,30,NaN,281,5,281,5,NaN,NaN,NaN,NaN,NaN,NaN,NaN,NaN,NaN,NaN,TD,WN,B,B,NaN,NaN,NaN,NaN,NaN,NaN,
2000080918,15w.2000,EWINIAR,TY,NN,14.7,139.8,30,NaN,290,9,290,9,NaN,NaN,NaN,NaN,NaN,NaN,NaN,NaN,NaN,NaN,TD,WN,B,B,NaN,NaN,NaN,NaN,NaN,NaN,
2000081000,15w.2000,EWINIAR,TY,NN,15.9,139.2,35,NaN,316,11,316,11,NaN,NaN,NaN,NaN,NaN,NaN,NaN,NaN,NaN,NaN,TS,WN,B,B,NaN,NaN,NaN,NaN,NaN,NaN,
2000081006,15w.2000,EWINIAR,TY,NN,17.0,139.1,35,NaN,344,12,344,12,NaN,NaN,NaN,NaN,NaN,NaN,NaN,NaN,NaN,NaN,TS,WN,B,B,NaN,NaN,NaN,NaN,NaN,NaN,
2000081012,15w.2000,EWINIAR,TY,NN,18.6,139.0,35,NaN,356,14,356,14,NaN,NaN,NaN,NaN,NaN,NaN,NaN,NaN,NaN,NaN,TS,WN,B,B,NaN,NaN,NaN,NaN,NaN,NaN,
2000081018,15w.2000,EWINIAR,TY,NN,20.5,138.9,45,NaN,357,18,357,18,NaN,NaN,NaN,NaN,NaN,NaN,NaN,NaN,NaN,NaN,TS,WN,B,B,NaN,NaN,NaN,NaN,NaN,NaN,
2000081100,15w.2000,EWINIAR,TY,NN,23.1,139.0,50,NaN,360,22,360,22,NaN,NaN,NaN,NaN,NaN,NaN,NaN,NaN,NaN,NaN,TS,WN,B,B,NaN,NaN,NaN,NaN,NaN,NaN,
2000081106,15w.2000,EWINIAR,TY,NN,25.6,138.0,65,NaN,351,26,351,26,NaN,NaN,NaN,NaN,NaN,NaN,NaN,NaN,NaN,NaN,TY,WN,B,B,NaN,NaN,NaN,NaN,NaN,NaN,
2000081112,15w.2000,EWINIAR,TY,NN,27.3,137.1,65,NaN,338,23,338,23,NaN,NaN,NaN,NaN,NaN,NaN,NaN,NaN,NaN,NaN,TY,WN,B,B,NaN,NaN,NaN,NaN,NaN,NaN,
2000081118,15w.2000,EWINIAR,TY,NN,28.0,136.3,60,NaN,328,14,328,14,NaN,NaN,NaN,NaN,NaN,NaN,NaN,NaN,NaN,NaN,TS,WN,B,B,NaN,NaN,NaN,NaN,NaN,NaN,
2000081200,15w.2000,EWINIAR,TY,NN,29.1,135.5,55,NaN,322,11,322,11,NaN,NaN,NaN,NaN,NaN,NaN,NaN,NaN,NaN,NaN,TS,WN,B,B,NaN,NaN,NaN,NaN,NaN,NaN,
2000081206,15w.2000,EWINIAR,TY,NN,29.2,135.9,45,NaN,344,6,344,6,NaN,NaN,NaN,NaN,NaN,NaN,NaN,NaN,NaN,NaN,TS,WN,B,B,NaN,NaN,NaN,NaN,NaN,NaN,
2000081212,15w.2000,EWINIAR,TY,NN,30.7,136.7,45,NaN,33,10,33,10,NaN,NaN,NaN,NaN,NaN,NaN,NaN,NaN,NaN,NaN,TS,WN,B,B,NaN,NaN,NaN,NaN,NaN,NaN,
2000081218,15w.2000,EWINIAR,TY,NN,31.0,137.0,45,NaN,28,10,28,10,NaN,NaN,NaN,NaN,NaN,NaN,NaN,NaN,NaN,NaN,TS,WN,B,B,NaN,NaN,NaN,NaN,NaN,NaN,
2000081300,15w.2000,EWINIAR,TY,NN,31.0,138.2,50,NaN,77,7,77,7,NaN,NaN,NaN,NaN,NaN,NaN,NaN,NaN,NaN,NaN,TS,WN,B,B,NaN,NaN,NaN,NaN,NaN,NaN,
2000081306,15w.2000,EWINIAR,TY,NN,31.5,139.4,45,NaN,76,11,76,11,NaN,NaN,NaN,NaN,NaN,NaN,NaN,NaN,NaN,NaN,TS,WN,B,B,NaN,NaN,NaN,NaN,NaN,NaN,
2000081312,15w.2000,EWINIAR,TY,NN,31.8,140.9,45,NaN,71,12,71,12,NaN,NaN,NaN,NaN,NaN,NaN,NaN,NaN,NaN,NaN,TS,WN,B,B,NaN,NaN,NaN,NaN,NaN,NaN,
2000081318,15w.2000,EWINIAR,TY,NN,32.4,142.3,45,NaN,70,13,70,13,NaN,NaN,NaN,NaN,NaN,NaN,NaN,NaN,NaN,NaN,TS,WN,B,B,NaN,NaN,NaN,NaN,NaN,NaN,
2000081400,15w.2000,EWINIAR,TY,NN,33.1,144.0,45,NaN,64,15,64,15,NaN,NaN,NaN,NaN,NaN,NaN,NaN,NaN,NaN,NaN,TS,WN,B,B,NaN,NaN,NaN,NaN,NaN,NaN,
2000081406,15w.2000,EWINIAR,TY,NN,33.7,145.4,45,NaN,63,15,63,15,NaN,NaN,NaN,NaN,NaN,NaN,NaN,NaN,NaN,NaN,TS,WN,B,B,NaN,NaN,NaN,NaN,NaN,NaN,
2000081412,15w.2000,EWINIAR,TY,NN,34.1,146.9,45,NaN,68,13,68,13,NaN,NaN,NaN,NaN,NaN,NaN,NaN,NaN,NaN,NaN,TS,WN,B,B,NaN,NaN,NaN,NaN,NaN,NaN,
2000081418,15w.2000,EWINIAR,TY,NN,34.7,147.7,65,NaN,62,11,62,11,NaN,NaN,NaN,NaN,NaN,NaN,NaN,NaN,NaN,NaN,TY,WN,B,B,NaN,NaN,NaN,NaN,NaN,NaN,
2000081500,15w.2000,EWINIAR,TY,NN,34.8,148.4,75,NaN,60,7,60,7,NaN,NaN,NaN,NaN,NaN,NaN,NaN,NaN,NaN,NaN,TY,WN,B,B,NaN,NaN,NaN,NaN,NaN,NaN,
2000081506,15w.2000,EWINIAR,TY,NN,35.2,149.5,75,NaN,71,8,71,8,NaN,NaN,NaN,NaN,NaN,NaN,NaN,NaN,NaN,NaN,TY,WN,B,B,NaN,NaN,NaN,NaN,NaN,NaN,
2000081512,15w.2000,EWINIAR,TY,NN,35.5,150.2,75,NaN,65,8,65,8,NaN,NaN,NaN,NaN,NaN,NaN,NaN,NaN,NaN,NaN,TY,WN,B,B,NaN,NaN,NaN,NaN,NaN,NaN,
2000081518,15w.2000,EWINIAR,TY,NN,36.2,150.7,75,NaN,44,7,44,7,NaN,NaN,NaN,NaN,NaN,NaN,NaN,NaN,NaN,NaN,TY,WN,B,B,NaN,NaN,NaN,NaN,NaN,NaN,
2000081600,15w.2000,EWINIAR,TY,NN,36.9,150.7,70,NaN,16,7,16,7,NaN,NaN,NaN,NaN,NaN,NaN,NaN,NaN,NaN,NaN,TY,WN,B,B,NaN,NaN,NaN,NaN,NaN,NaN,
2000081606,15w.2000,EWINIAR,TY,NN,37.5,150.8,65,NaN,4,7,4,7,NaN,NaN,NaN,NaN,NaN,NaN,NaN,NaN,NaN,NaN,TY,WN,B,B,NaN,NaN,NaN,NaN,NaN,NaN,
2000081612,15w.2000,EWINIAR,TY,NN,38.2,150.9,55,NaN,7,7,7,7,NaN,NaN,NaN,NaN,NaN,NaN,NaN,NaN,NaN,NaN,TS,WN,B,B,NaN,NaN,NaN,NaN,NaN,NaN,
2000081618,15w.2000,EWINIAR,TY,NN,38.4,150.5,40,NaN,345,5,345,5,NaN,NaN,NaN,NaN,NaN,NaN,NaN,NaN,NaN,NaN,TS,WN,B,B,NaN,NaN,NaN,NaN,NaN,NaN,
2000081700,15w.2000,EWINIAR,TY,NN,38.6,150.0,40,NaN,300,4,300,4,NaN,NaN,NaN,NaN,NaN,NaN,NaN,NaN,NaN,NaN,TS,WN,B,B,NaN,NaN,NaN,NaN,NaN,NaN,
2000081706,15w.2000,EWINIAR,TY,NN,38.6,149.9,40,NaN,293,3,293,3,NaN,NaN,NaN,NaN,NaN,NaN,NaN,NaN,NaN,NaN,TS,WN,B,B,NaN,NaN,NaN,NaN,NaN,NaN,
2000081712,15w.2000,EWINIAR,TY,NN,38.6,149.7,35,NaN,270,1,270,1,NaN,NaN,NaN,NaN,NaN,NaN,NaN,NaN,NaN,NaN,TS,WN,B,B,NaN,NaN,NaN,NaN,NaN,NaN,
2000081718,15w.2000,EWINIAR,TY,NN,38.8,149.6,35,NaN,311,2,311,2,NaN,NaN,NaN,NaN,NaN,NaN,NaN,NaN,NaN,NaN,TS,WN,B,B,NaN,NaN,NaN,NaN,NaN,NaN,
2000081800,15w.2000,EWINIAR,TY,NN,39.0,149.6,35,NaN,349,2,349,2,NaN,NaN,NaN,NaN,NaN,NaN,NaN,NaN,NaN,NaN,TS,WN,B,B,NaN,NaN,NaN,NaN,NaN,NaN,
2000081806,15w.2000,EWINIAR,TY,NN,39.2,149.6,35,NaN,360,2,360,2,NaN,NaN,NaN,NaN,NaN,NaN,NaN,NaN,NaN,NaN,TS,WN,B,B,NaN,NaN,NaN,NaN,NaN,NaN,
2000081812,15w.2000,EWINIAR,TY,NN,39.3,149.4,30,NaN,333,2,333,2,NaN,NaN,NaN,NaN,NaN,NaN,NaN,NaN,NaN,NaN,TD,WN,B,B,NaN,NaN,NaN,NaN,NaN,NaN,
2000081818,15w.2000,EWINIAR,TY,NN,39.7,149.0,30,NaN,317,3,317,3,NaN,NaN,NaN,NaN,NaN,NaN,NaN,NaN,NaN,NaN,TD,WN,B,B,NaN,NaN,NaN,NaN,NaN,NaN,
2000081900,15w.2000,EWINIAR,TY,NN,39.4,148.7,30,NaN,280,3,280,3,NaN,NaN,NaN,NaN,NaN,NaN,NaN,NaN,NaN,NaN,TD,WN,B,B,NaN,NaN,NaN,NaN,NaN,NaN,
2000081906,15w.2000,EWINIAR,TY,NN,39.0,149.1,30,NaN,174,4,174,4,NaN,NaN,NaN,NaN,NaN,NaN,NaN,NaN,NaN,NaN,TD,WN,B,B,NaN,NaN,NaN,NaN,NaN,NaN,
2000081912,15w.2000,EWINIAR,TY,NN,39.2,149.9,30,NaN,102,5,102,5,NaN,NaN,NaN,NaN,NaN,NaN,NaN,NaN,NaN,NaN,TD,NW,B,B,NaN,NaN,NaN,NaN,NaN,NaN,
2000081918,15w.2000,EWINIAR,TY,NN,39.2,150.6,25,NaN,80,6,80,6,NaN,NaN,NaN,NaN,NaN,NaN,NaN,NaN,NaN,NaN,TD,NW,B,B,NaN,NaN,NaN,NaN,NaN,NaN,
2000081412,w16.2000,9X-W16,TS,NN,31.3,179.6,15,NaN,356,6,356,6,NaN,NaN,NaN,NaN,NaN,NaN,NaN,NaN,NaN,NaN,NT,NW,B,B,NaN,NaN,NaN,NaN,NaN,NaN,
2000081418,w16.2000,9X-W16,TS,NN,32.0,179.4,20,NaN,356,6,356,6,NaN,NaN,NaN,NaN,NaN,NaN,NaN,NaN,NaN,NaN,NT,NW,B,B,NaN,NaN,NaN,NaN,NaN,NaN,
2000081500,w16.2000,9X-W16,TS,NN,32.5,179.5,20,NaN,356,6,356,6,NaN,NaN,NaN,NaN,NaN,NaN,NaN,NaN,NaN,NaN,NT,NW,B,B,NaN,NaN,NaN,NaN,NaN,NaN,
2000081506,16w.2000,WENE,TS,NN,32.9,179.8,25,NaN,21,5,21,5,NaN,NaN,NaN,NaN,NaN,NaN,NaN,NaN,NaN,NaN,TD,WN,B,B,NaN,NaN,NaN,NaN,NaN,NaN,
2000081512,16w.2000,WENE,TS,NN,33.4,180.2,25,NaN,33,5,33,5,NaN,NaN,NaN,NaN,NaN,NaN,NaN,NaN,NaN,NaN,TD,WN,B,B,NaN,NaN,NaN,NaN,NaN,NaN,
2000081518,16w.2000,WENE,TS,NN,33.6,180.9,45,NaN,53,6,53,6,NaN,NaN,NaN,NaN,NaN,NaN,NaN,NaN,NaN,NaN,TS,WN,B,B,NaN,NaN,NaN,NaN,NaN,NaN,
2000081600,16w.2000,WENE,TS,NN,34.2,181.5,45,NaN,53,7,53,7,NaN,NaN,NaN,NaN,NaN,NaN,NaN,NaN,NaN,NaN,TS,WN,B,B,NaN,NaN,NaN,NaN,NaN,NaN,
2000081606,16w.2000,WENE,TS,NN,35.3,182.4,45,NaN,36,11,36,11,NaN,NaN,NaN,NaN,NaN,NaN,NaN,NaN,NaN,NaN,TS,WN,B,B,NaN,NaN,NaN,NaN,NaN,NaN,
2000081612,16w.2000,WENE,TS,NN,36.4,182.5,40,NaN,20,12,20,12,NaN,NaN,NaN,NaN,NaN,NaN,NaN,NaN,NaN,NaN,TS,WN,B,B,NaN,NaN,NaN,NaN,NaN,NaN,
2000081618,16w.2000,WENE,TS,NN,37.6,183.1,40,NaN,14,12,14,12,NaN,NaN,NaN,NaN,NaN,NaN,NaN,NaN,NaN,NaN,TS,WN,B,B,NaN,NaN,NaN,NaN,NaN,NaN,
2000081700,16w.2000,WENE,TS,NN,39.1,183.6,40,NaN,18,14,18,14,NaN,NaN,NaN,NaN,NaN,NaN,NaN,NaN,NaN,NaN,TS,WN,B,B,NaN,NaN,NaN,NaN,NaN,NaN,
2000081706,16w.2000,WENE,TS,NN,40.2,184.0,35,NaN,15,13,15,13,NaN,NaN,NaN,NaN,NaN,NaN,NaN,NaN,NaN,NaN,TS,WN,B,B,NaN,NaN,NaN,NaN,NaN,NaN,
2000081618,w17.2000,9X-W17,TD,NN,29.9,169.0,20,NaN,46,11,46,11,NaN,NaN,NaN,NaN,NaN,NaN,NaN,NaN,NaN,NaN,NT,NW,B,B,NaN,NaN,NaN,NaN,NaN,NaN,
2000081700,w17.2000,9X-W17,TD,NN,31.2,170.0,20,NaN,46,11,46,11,NaN,NaN,NaN,NaN,NaN,NaN,NaN,NaN,NaN,NaN,NT,NW,B,B,NaN,NaN,NaN,NaN,NaN,NaN,
2000081706,w17.2000,9X-W17,TD,NN,31.5,170.9,25,NaN,46,11,46,11,NaN,NaN,NaN,NaN,NaN,NaN,NaN,NaN,NaN,NaN,TD,NW,B,B,NaN,NaN,NaN,NaN,NaN,NaN,
2000081712,w17.2000,9X-W17,TD,NN,31.6,171.7,25,NaN,75,8,75,8,NaN,NaN,NaN,NaN,NaN,NaN,NaN,NaN,NaN,NaN,TD,NW,B,B,NaN,NaN,NaN,NaN,NaN,NaN,
2000081718,17w.2000,NONAME,TD,NN,32.1,172.3,25,NaN,63,7,63,7,NaN,NaN,NaN,NaN,NaN,NaN,NaN,NaN,NaN,NaN,TD,WN,B,B,NaN,NaN,NaN,NaN,NaN,NaN,
2000081800,17w.2000,NONAME,TD,NN,32.3,173.3,25,NaN,63,8,63,8,NaN,NaN,NaN,NaN,NaN,NaN,NaN,NaN,NaN,NaN,TD,WN,B,B,NaN,NaN,NaN,NaN,NaN,NaN,
2000081806,17w.2000,NONAME,TD,NN,32.6,174.8,25,NaN,77,11,77,11,NaN,NaN,NaN,NaN,NaN,NaN,NaN,NaN,NaN,NaN,TD,WN,B,B,NaN,NaN,NaN,NaN,NaN,NaN,
2000081812,17w.2000,NONAME,TD,NN,32.8,176.1,25,NaN,78,12,78,12,NaN,NaN,NaN,NaN,NaN,NaN,NaN,NaN,NaN,NaN,TD,WN,B,B,NaN,NaN,NaN,NaN,NaN,NaN,
2000081818,17w.2000,NONAME,TD,NN,33.5,177.7,25,NaN,70,13,70,13,NaN,NaN,NaN,NaN,NaN,NaN,NaN,NaN,NaN,NaN,TD,WN,B,B,NaN,NaN,NaN,NaN,NaN,NaN,
2000081900,17w.2000,NONAME,TD,NN,35.6,179.5,25,NaN,45,20,45,20,NaN,NaN,NaN,NaN,NaN,NaN,NaN,NaN,NaN,NaN,TD,WN,B,B,NaN,NaN,NaN,NaN,NaN,NaN,
2000081706,w18.2000,9X-W18,STY,NN,8.3,139.2,25,NaN,356,7,356,7,NaN,NaN,NaN,NaN,NaN,NaN,NaN,NaN,NaN,NaN,TD,NW,B,B,NaN,NaN,NaN,NaN,NaN,NaN,
2000081712,w18.2000,9X-W18,STY,NN,9.1,139.1,25,NaN,356,7,356,7,NaN,NaN,NaN,NaN,NaN,NaN,NaN,NaN,NaN,NaN,TD,NW,B,B,NaN,NaN,NaN,NaN,NaN,NaN,
2000081718,w18.2000,9X-W18,STY,NN,9.6,139.1,20,NaN,356,7,356,7,NaN,NaN,NaN,NaN,NaN,NaN,NaN,NaN,NaN,NaN,NT,NW,B,B,NaN,NaN,NaN,NaN,NaN,NaN,
2000081800,w18.2000,9X-W18,STY,NN,10.2,138.8,25,NaN,345,6,345,6,NaN,NaN,NaN,NaN,NaN,NaN,NaN,NaN,NaN,NaN,TD,NW,B,B,NaN,NaN,NaN,NaN,NaN,NaN,
2000081806,18w.2000,BILIS,STY,NN,11.1,138.3,25,NaN,332,8,332,8,NaN,NaN,NaN,NaN,NaN,NaN,NaN,NaN,NaN,NaN,TD,WN,B,B,NaN,NaN,NaN,NaN,NaN,NaN,
2000081812,18w.2000,BILIS,STY,NN,12.3,137.7,25,NaN,333,12,333,12,NaN,NaN,NaN,NaN,NaN,NaN,NaN,NaN,NaN,NaN,TD,WN,B,B,NaN,NaN,NaN,NaN,NaN,NaN,
2000081818,18w.2000,BILIS,STY,NN,12.9,137.0,35,NaN,325,11,325,11,NaN,NaN,NaN,NaN,NaN,NaN,NaN,NaN,NaN,NaN,TS,WN,B,B,NaN,NaN,NaN,NaN,NaN,NaN,
2000081900,18w.2000,BILIS,STY,NN,13.5,136.1,55,NaN,308,10,308,10,NaN,NaN,NaN,NaN,NaN,NaN,NaN,NaN,NaN,NaN,TS,WN,B,B,NaN,NaN,NaN,NaN,NaN,NaN,
2000081906,18w.2000,BILIS,STY,NN,14.4,135.4,55,NaN,314,11,314,11,NaN,NaN,NaN,NaN,NaN,NaN,NaN,NaN,NaN,NaN,TS,WN,B,B,NaN,NaN,NaN,NaN,NaN,NaN,
2000081912,18w.2000,BILIS,STY,NN,15.1,134.6,55,NaN,318,11,318,11,NaN,NaN,NaN,NaN,NaN,NaN,NaN,NaN,NaN,NaN,TS,WN,B,B,NaN,NaN,NaN,NaN,NaN,NaN,
2000081918,18w.2000,BILIS,STY,NN,15.9,133.5,65,NaN,309,12,309,12,NaN,NaN,NaN,NaN,NaN,NaN,NaN,NaN,NaN,NaN,TY,WN,B,B,NaN,NaN,NaN,NaN,NaN,NaN,
2000082000,18w.2000,BILIS,STY,NN,16.3,132.6,75,NaN,302,11,302,11,NaN,NaN,NaN,NaN,NaN,NaN,NaN,NaN,NaN,NaN,TY,WN,B,B,NaN,NaN,NaN,NaN,NaN,NaN,
2000082006,18w.2000,BILIS,STY,NN,16.8,131.7,75,NaN,298,10,298,10,NaN,NaN,NaN,NaN,NaN,NaN,NaN,NaN,NaN,NaN,TY,WN,B,B,NaN,NaN,NaN,NaN,NaN,NaN,
2000082012,18w.2000,BILIS,STY,NN,17.5,130.7,90,NaN,303,11,303,11,NaN,NaN,NaN,NaN,NaN,NaN,NaN,NaN,NaN,NaN,TY,WN,B,B,NaN,NaN,NaN,NaN,NaN,NaN,
2000082018,18w.2000,BILIS,STY,NN,18.1,129.5,105,NaN,302,12,302,12,NaN,NaN,NaN,NaN,NaN,NaN,NaN,NaN,NaN,NaN,TY,WN,B,B,NaN,NaN,NaN,NaN,NaN,NaN,
2000082100,18w.2000,BILIS,STY,NN,18.7,128.3,115,NaN,298,13,298,13,NaN,NaN,NaN,NaN,NaN,NaN,NaN,NaN,NaN,NaN,TY,WN,B,B,NaN,NaN,NaN,NaN,NaN,NaN,
2000082106,18w.2000,BILIS,STY,NN,19.2,127.2,125,NaN,297,12,297,12,NaN,NaN,NaN,NaN,NaN,NaN,NaN,NaN,NaN,NaN,TY,WN,B,B,NaN,NaN,NaN,NaN,NaN,NaN,
2000082112,18w.2000,BILIS,STY,NN,19.7,126.1,135,NaN,296,12,296,12,NaN,NaN,NaN,NaN,NaN,NaN,NaN,NaN,NaN,NaN,STY,WN,B,B,NaN,NaN,NaN,NaN,NaN,NaN,
2000082118,18w.2000,BILIS,STY,NN,20.3,125.0,140,NaN,298,12,298,12,NaN,NaN,NaN,NaN,NaN,NaN,NaN,NaN,NaN,NaN,STY,WN,B,B,NaN,NaN,NaN,NaN,NaN,NaN,
2000082200,18w.2000,BILIS,STY,NN,20.8,124.0,140,NaN,299,11,299,11,NaN,NaN,NaN,NaN,NaN,NaN,NaN,NaN,NaN,NaN,STY,WN,B,B,NaN,NaN,NaN,NaN,NaN,NaN,
2000082206,18w.2000,BILIS,STY,NN,21.5,122.9,140,NaN,301,11,301,11,NaN,NaN,NaN,NaN,NaN,NaN,NaN,NaN,NaN,NaN,STY,WN,B,B,NaN,NaN,NaN,NaN,NaN,NaN,
2000082212,18w.2000,BILIS,STY,NN,22.5,121.9,140,NaN,311,13,311,13,NaN,NaN,NaN,NaN,NaN,NaN,NaN,NaN,NaN,NaN,STY,WN,B,B,NaN,NaN,NaN,NaN,NaN,NaN,
2000082218,18w.2000,BILIS,STY,NN,23.8,120.7,130,NaN,319,15,319,15,NaN,NaN,NaN,NaN,NaN,NaN,NaN,NaN,NaN,NaN,STY,WN,B,B,NaN,NaN,0.62,NaN,NaN,NaN,
2000082300,18w.2000,BILIS,STY,NN,24.3,118.8,120,NaN,302,17,302,17,NaN,NaN,NaN,NaN,NaN,NaN,NaN,NaN,NaN,NaN,TY,WN,B,B,NaN,NaN,0.11,NaN,NaN,NaN,
2000082306,18w.2000,BILIS,STY,NN,25.0,117.9,90,NaN,295,14,295,14,NaN,NaN,NaN,NaN,NaN,NaN,NaN,NaN,NaN,NaN,TY,WN,B,B,NaN,NaN,0.94,NaN,NaN,NaN,
2000082312,18w.2000,BILIS,STY,NN,25.2,116.9,65,NaN,298,10,298,10,NaN,NaN,NaN,NaN,NaN,NaN,NaN,NaN,NaN,NaN,TY,WN,B,B,NaN,NaN,0.99,NaN,NaN,NaN,
2000082318,18w.2000,BILIS,STY,NN,25.3,116.3,45,NaN,282,7,282,7,NaN,NaN,NaN,NaN,NaN,NaN,NaN,NaN,NaN,NaN,TS,WN,B,B,NaN,NaN,0.99,NaN,NaN,NaN,
2000082400,18w.2000,BILIS,STY,NN,25.7,116.0,35,NaN,302,5,302,5,NaN,NaN,NaN,NaN,NaN,NaN,NaN,NaN,NaN,NaN,TS,WN,B,B,NaN,NaN,0.99,NaN,NaN,NaN,
2000082406,18w.2000,BILIS,STY,NN,26.5,116.0,30,NaN,347,6,347,6,NaN,NaN,NaN,NaN,NaN,NaN,NaN,NaN,NaN,NaN,TD,NW,B,B,NaN,NaN,0.99,NaN,NaN,NaN,
2000082412,18w.2000,BILIS,STY,NN,27.8,116.7,27,NaN,351,6,242,8,NaN,NaN,NaN,NaN,NaN,NaN,NaN,NaN,NaN,NaN,TD,NW,b,b,NaN,NaN,0.99,NaN,NaN,NaN,
2000082418,18w.2000,BILIS,STY,NN,29.0,117.5,23,NaN,351,6,132,10,NaN,NaN,NaN,NaN,NaN,NaN,NaN,NaN,NaN,NaN,TD,NW,b,b,NaN,NaN,0.98,NaN,NaN,NaN,
2000082500,18w.2000,BILIS,STY,NN,30.3,118.2,20,NaN,30,15,23,12,NaN,NaN,NaN,NaN,NaN,NaN,NaN,NaN,NaN,NaN,NT,NW,c,c,NaN,NaN,0.98,NaN,NaN,NaN,
2000082506,18w.2000,BILIS,STY,NN,31.5,119.0,20,NaN,29,14,28,14,NaN,NaN,NaN,NaN,NaN,NaN,NaN,NaN,NaN,NaN,NT,NW,c,c,NaN,NaN,0.93,NaN,NaN,NaN,
2000082512,18w.2000,BILIS,STY,NN,32.8,119.9,20,NaN,30,14,30,14,NaN,NaN,NaN,NaN,NaN,NaN,NaN,NaN,NaN,NaN,NT,NW,c,c,NaN,NaN,0.97,NaN,NaN,NaN,
2000081812,w19.2000,9X-W19,TS,NN,12.1,116.0,25,NaN,286,4,286,4,NaN,NaN,NaN,NaN,NaN,NaN,NaN,NaN,NaN,NaN,TD,NW,B,B,NaN,NaN,NaN,NaN,NaN,NaN,
2000081818,w19.2000,9X-W19,TS,NN,12.2,115.8,25,NaN,286,4,286,4,NaN,NaN,NaN,NaN,NaN,NaN,NaN,NaN,NaN,NaN,TD,NW,B,B,NaN,NaN,NaN,NaN,NaN,NaN,
2000081900,w19.2000,9X-W19,TS,NN,12.3,115.3,25,NaN,286,4,286,4,NaN,NaN,NaN,NaN,NaN,NaN,NaN,NaN,NaN,NaN,TD,NW,B,B,NaN,NaN,NaN,NaN,NaN,NaN,
2000081906,w19.2000,9X-W19,TS,NN,12.3,115.0,20,NaN,277,4,277,4,NaN,NaN,NaN,NaN,NaN,NaN,NaN,NaN,NaN,NaN,NT,NW,B,B,NaN,NaN,NaN,NaN,NaN,NaN,
2000081912,w19.2000,9X-W19,TS,NN,12.4,114.6,20,NaN,278,3,278,3,NaN,NaN,NaN,NaN,NaN,NaN,NaN,NaN,NaN,NaN,NT,NW,B,B,NaN,NaN,NaN,NaN,NaN,NaN,
2000081918,w19.2000,9X-W19,TS,NN,12.5,114.1,20,NaN,283,5,283,5,NaN,NaN,NaN,NaN,NaN,NaN,NaN,NaN,NaN,NaN,NT,NW,B,B,NaN,NaN,NaN,NaN,NaN,NaN,
2000082000,w19.2000,9X-W19,TS,NN,12.7,113.7,20,NaN,289,5,289,5,NaN,NaN,NaN,NaN,NaN,NaN,NaN,NaN,NaN,NaN,NT,NW,B,B,NaN,NaN,NaN,NaN,NaN,NaN,
2000082006,19w.2000,KAEMI,TS,NN,12.9,113.4,25,NaN,300,4,300,4,NaN,NaN,NaN,NaN,NaN,NaN,NaN,NaN,NaN,NaN,TD,WN,B,B,NaN,NaN,NaN,NaN,NaN,NaN,
2000082012,19w.2000,KAEMI,TS,NN,13.4,112.9,25,NaN,312,5,312,5,NaN,NaN,NaN,NaN,NaN,NaN,NaN,NaN,NaN,NaN,TD,WN,B,B,NaN,NaN,NaN,NaN,NaN,NaN,
2000082018,19w.2000,KAEMI,TS,NN,13.8,112.5,25,NaN,316,6,316,6,NaN,NaN,NaN,NaN,NaN,NaN,NaN,NaN,NaN,NaN,TD,WN,B,B,NaN,NaN,NaN,NaN,NaN,NaN,
2000082100,19w.2000,KAEMI,TS,NN,14.3,112.1,25,NaN,319,6,319,6,NaN,NaN,NaN,NaN,NaN,NaN,NaN,NaN,NaN,NaN,TD,WN,B,B,NaN,NaN,NaN,NaN,NaN,NaN,
2000082106,19w.2000,KAEMI,TS,NN,14.8,111.7,30,NaN,322,6,322,6,NaN,NaN,NaN,NaN,NaN,NaN,NaN,NaN,NaN,NaN,TD,WN,B,B,NaN,NaN,NaN,NaN,NaN,NaN,
2000082112,19w.2000,KAEMI,TS,NN,15.3,111.1,35,NaN,316,7,316,7,NaN,NaN,NaN,NaN,NaN,NaN,NaN,NaN,NaN,NaN,TS,WN,B,B,NaN,NaN,NaN,NaN,NaN,NaN,
2000082118,19w.2000,KAEMI,TS,NN,15.5,110.1,40,NaN,294,8,294,8,NaN,NaN,NaN,NaN,NaN,NaN,NaN,NaN,NaN,NaN,TS,WN,B,B,NaN,NaN,NaN,NaN,NaN,NaN,
2000082200,19w.2000,KAEMI,TS,NN,15.6,109.2,45,NaN,279,9,279,9,NaN,NaN,NaN,NaN,NaN,NaN,NaN,NaN,NaN,NaN,TS,WN,B,B,NaN,NaN,0.18,NaN,NaN,NaN,
2000082206,19w.2000,KAEMI,TS,NN,16.1,108.3,45,NaN,289,9,289,9,NaN,NaN,NaN,NaN,NaN,NaN,NaN,NaN,NaN,NaN,TS,WN,B,B,NaN,NaN,0.27,NaN,NaN,NaN,
2000082212,19w.2000,KAEMI,TS,NN,16.2,107.4,35,NaN,289,9,289,9,NaN,NaN,NaN,NaN,NaN,NaN,NaN,NaN,NaN,NaN,TS,WN,B,B,NaN,NaN,0.95,NaN,NaN,NaN,
2000082218,19w.2000,KAEMI,TS,NN,16.4,106.8,30,NaN,282,7,282,7,NaN,NaN,NaN,NaN,NaN,NaN,NaN,NaN,NaN,NaN,TD,WN,B,B,NaN,NaN,0.92,NaN,NaN,NaN,
2000082300,19w.2000,KAEMI,TS,NN,16.5,106.2,25,NaN,285,6,285,6,NaN,NaN,NaN,NaN,NaN,NaN,NaN,NaN,NaN,NaN,TD,WN,B,B,NaN,NaN,0.99,NaN,NaN,NaN,
2000082318,w20.2000,9X-W20,TY,NN,7.1,139.5,20,NaN,287,5,334,8,NaN,NaN,NaN,NaN,NaN,NaN,NaN,NaN,NaN,NaN,NT,NW,c,c,NaN,NaN,NaN,NaN,NaN,NaN,
2000082400,w20.2000,9X-W20,TY,NN,7.8,137.9,25,NaN,327,11,327,11,NaN,NaN,NaN,NaN,NaN,NaN,NaN,NaN,NaN,NaN,TD,NW,B,B,NaN,NaN,NaN,NaN,NaN,NaN,
2000082406,w20.2000,9X-W20,TY,NN,8.9,137.8,20,NaN,327,11,327,11,NaN,NaN,NaN,NaN,NaN,NaN,NaN,NaN,NaN,NaN,NT,NW,B,B,NaN,NaN,NaN,NaN,NaN,NaN,
2000082412,w20.2000,9X-W20,TY,NN,9.6,136.7,20,NaN,327,11,327,11,NaN,NaN,NaN,NaN,NaN,NaN,NaN,NaN,NaN,NaN,NT,NW,B,B,NaN,NaN,NaN,NaN,NaN,NaN,
2000082418,w20.2000,9X-W20,TY,NN,10.6,135.1,25,NaN,303,16,303,16,NaN,NaN,NaN,NaN,NaN,NaN,NaN,NaN,NaN,NaN,TD,NW,B,B,NaN,NaN,NaN,NaN,NaN,NaN,
2000082500,20w.2000,PRAPIROON,TY,NN,11.6,133.1,25,NaN,299,20,299,20,NaN,NaN,NaN,NaN,NaN,NaN,NaN,NaN,NaN,NaN,TD,WN,B,B,NaN,NaN,NaN,NaN,NaN,NaN,
2000082506,20w.2000,PRAPIROON,TY,NN,12.4,131.5,25,NaN,297,20,297,20,NaN,NaN,NaN,NaN,NaN,NaN,NaN,NaN,NaN,NaN,TD,NW,B,B,NaN,NaN,NaN,NaN,NaN,NaN,
2000082512,20w.2000,PRAPIROON,TY,NN,13.1,131.0,25,NaN,306,13,306,13,NaN,NaN,NaN,NaN,NaN,NaN,NaN,NaN,NaN,NaN,TD,NW,B,B,NaN,NaN,NaN,NaN,NaN,NaN,
2000082518,20w.2000,PRAPIROON,TY,NN,14.0,131.2,25,NaN,350,8,350,8,NaN,NaN,NaN,NaN,NaN,NaN,NaN,NaN,NaN,NaN,TD,NW,B,B,NaN,NaN,NaN,NaN,NaN,NaN,
2000082600,20w.2000,PRAPIROON,TY,NN,14.8,131.4,25,NaN,13,9,13,9,NaN,NaN,NaN,NaN,NaN,NaN,NaN,NaN,NaN,NaN,TD,WN,B,B,NaN,NaN,NaN,NaN,NaN,NaN,
2000082606,20w.2000,PRAPIROON,TY,NN,16.3,131.7,30,NaN,12,12,12,12,NaN,NaN,NaN,NaN,NaN,NaN,NaN,NaN,NaN,NaN,TD,WN,B,B,NaN,NaN,NaN,NaN,NaN,NaN,
2000082612,20w.2000,PRAPIROON,TY,NN,18.1,131.7,30,NaN,5,17,5,17,NaN,NaN,NaN,NaN,NaN,NaN,NaN,NaN,NaN,NaN,TD,WN,B,B,NaN,NaN,NaN,NaN,NaN,NaN,
2000082618,20w.2000,PRAPIROON,TY,NN,19.8,131.3,35,NaN,354,18,354,18,NaN,NaN,NaN,NaN,NaN,NaN,NaN,NaN,NaN,NaN,TS,WN,B,B,NaN,NaN,NaN,NaN,NaN,NaN,
2000082700,20w.2000,PRAPIROON,TY,NN,21.1,130.7,35,NaN,343,16,343,16,NaN,NaN,NaN,NaN,NaN,NaN,NaN,NaN,NaN,NaN,TS,WN,B,B,NaN,NaN,NaN,NaN,NaN,NaN,
2000082706,20w.2000,PRAPIROON,TY,NN,21.9,129.9,35,NaN,328,12,328,12,NaN,NaN,NaN,NaN,NaN,NaN,NaN,NaN,NaN,NaN,TS,WN,B,B,NaN,NaN,NaN,NaN,NaN,NaN,
2000082712,20w.2000,PRAPIROON,TY,NN,22.3,129.2,35,NaN,311,9,311,9,NaN,NaN,NaN,NaN,NaN,NaN,NaN,NaN,NaN,NaN,TS,WN,B,B,NaN,NaN,NaN,NaN,NaN,NaN,
2000082718,20w.2000,PRAPIROON,TY,NN,22.6,128.4,35,NaN,297,8,297,8,NaN,NaN,NaN,NaN,NaN,NaN,NaN,NaN,NaN,NaN,TS,WN,B,B,NaN,NaN,NaN,NaN,NaN,NaN,
2000082800,20w.2000,PRAPIROON,TY,NN,22.9,127.6,35,NaN,292,8,292,8,NaN,NaN,NaN,NaN,NaN,NaN,NaN,NaN,NaN,NaN,TS,WN,B,B,NaN,NaN,NaN,NaN,NaN,NaN,
2000082806,20w.2000,PRAPIROON,TY,NN,23.2,126.9,35,NaN,293,8,293,8,NaN,NaN,NaN,NaN,NaN,NaN,NaN,NaN,NaN,NaN,TS,WN,B,B,NaN,NaN,NaN,NaN,NaN,NaN,
2000082812,20w.2000,PRAPIROON,TY,NN,23.3,126.4,35,NaN,290,6,290,6,NaN,NaN,NaN,NaN,NaN,NaN,NaN,NaN,NaN,NaN,TS,WN,B,B,NaN,NaN,NaN,NaN,NaN,NaN,
2000082818,20w.2000,PRAPIROON,TY,NN,23.6,125.9,45,NaN,294,5,294,5,NaN,NaN,NaN,NaN,NaN,NaN,NaN,NaN,NaN,NaN,TS,WN,B,B,NaN,NaN,NaN,NaN,NaN,NaN,
2000082900,20w.2000,PRAPIROON,TY,NN,24.0,125.5,55,NaN,310,5,310,5,NaN,NaN,NaN,NaN,NaN,NaN,NaN,NaN,NaN,NaN,TS,WN,B,B,NaN,NaN,NaN,NaN,NaN,NaN,
2000082906,20w.2000,PRAPIROON,TY,NN,24.5,125.1,55,NaN,321,6,321,6,NaN,NaN,NaN,NaN,NaN,NaN,NaN,NaN,NaN,NaN,TS,WN,B,B,NaN,NaN,0.03,NaN,NaN,NaN,
2000082912,20w.2000,PRAPIROON,TY,NN,25.2,124.5,55,NaN,323,8,323,8,NaN,NaN,NaN,NaN,NaN,NaN,NaN,NaN,NaN,NaN,TS,WN,B,B,NaN,NaN,NaN,NaN,NaN,NaN,
2000082918,20w.2000,PRAPIROON,TY,NN,26.0,124.1,65,NaN,329,9,329,9,NaN,NaN,NaN,NaN,NaN,NaN,NaN,NaN,NaN,NaN,TY,WN,B,B,NaN,NaN,NaN,NaN,NaN,NaN,
2000083000,20w.2000,PRAPIROON,TY,NN,26.9,123.7,70,NaN,337,9,337,9,NaN,NaN,NaN,NaN,NaN,NaN,NaN,NaN,NaN,NaN,TY,WN,B,B,NaN,NaN,NaN,NaN,NaN,NaN,
2000083006,20w.2000,PRAPIROON,TY,NN,28.6,123.3,75,NaN,345,13,345,13,NaN,NaN,NaN,NaN,NaN,NaN,NaN,NaN,NaN,NaN,TY,WN,B,B,NaN,NaN,NaN,NaN,NaN,NaN,
2000083012,20w.2000,PRAPIROON,TY,NN,29.9,123.3,75,NaN,353,15,353,15,NaN,NaN,NaN,NaN,NaN,NaN,NaN,NaN,NaN,NaN,TY,WN,B,B,NaN,NaN,NaN,NaN,NaN,NaN,
2000083018,20w.2000,PRAPIROON,TY,NN,31.7,123.4,75,NaN,2,16,2,16,NaN,NaN,NaN,NaN,NaN,NaN,NaN,NaN,NaN,NaN,TY,WN,B,B,NaN,NaN,NaN,NaN,NaN,NaN,
2000083100,20w.2000,PRAPIROON,TY,NN,33.6,123.8,70,NaN,7,19,7,19,NaN,NaN,NaN,NaN,NaN,NaN,NaN,NaN,NaN,NaN,TY,WN,B,B,NaN,NaN,NaN,NaN,NaN,NaN,
2000083106,20w.2000,PRAPIROON,TY,NN,35.2,124.0,70,NaN,8,18,8,18,NaN,NaN,NaN,NaN,NaN,NaN,NaN,NaN,NaN,NaN,TY,WN,B,B,NaN,NaN,NaN,NaN,NaN,NaN,
2000083112,20w.2000,PRAPIROON,TY,NN,37.2,125.1,65,NaN,16,19,16,19,NaN,NaN,NaN,NaN,NaN,NaN,NaN,NaN,NaN,NaN,TY,WN,B,B,NaN,NaN,NaN,NaN,NaN,NaN,
2000083118,20w.2000,PRAPIROON,TY,NN,39.6,127.1,45,NaN,29,25,29,25,NaN,NaN,NaN,NaN,NaN,NaN,NaN,NaN,NaN,NaN,TS,WN,B,B,NaN,NaN,0.97,NaN,NaN,NaN,
2000090100,20w.2000,PRAPIROON,TY,NN,41.4,129.0,40,NaN,36,26,36,26,NaN,NaN,NaN,NaN,NaN,NaN,NaN,NaN,NaN,NaN,TS,WN,B,B,NaN,NaN,0.99,NaN,NaN,NaN,
2000090106,20w.2000,PRAPIROON,TY,NN,42.6,131.7,35,NaN,49,23,49,23,NaN,NaN,NaN,NaN,NaN,NaN,NaN,NaN,NaN,NaN,TS,WN,B,B,NaN,NaN,0.14,NaN,NaN,NaN,
2000090112,20w.2000,PRAPIROON,TY,NN,43.7,134.9,30,NaN,62,25,62,25,NaN,NaN,NaN,NaN,NaN,NaN,NaN,NaN,NaN,NaN,TD,NW,B,B,NaN,NaN,0.50,NaN,NaN,NaN,
2000082712,w21.2000,9X-W21,TS,NN,21.5,115.0,20,NaN,129,2,129,2,NaN,NaN,NaN,NaN,NaN,NaN,NaN,NaN,NaN,NaN,NT,NW,B,B,NaN,NaN,NaN,NaN,NaN,NaN,
2000082718,w21.2000,9X-W21,TS,NN,21.4,115.2,20,NaN,129,2,129,2,NaN,NaN,NaN,NaN,NaN,NaN,NaN,NaN,NaN,NaN,NT,NW,B,B,NaN,NaN,NaN,NaN,NaN,NaN,
2000082800,21w.2000,MARIA,TS,NN,21.2,115.4,25,NaN,129,2,129,2,NaN,NaN,NaN,NaN,NaN,NaN,NaN,NaN,NaN,NaN,TD,WN,B,B,NaN,NaN,NaN,NaN,NaN,NaN,
2000082806,21w.2000,MARIA,TS,NN,20.8,115.4,25,NaN,163,3,163,3,NaN,NaN,NaN,NaN,NaN,NaN,NaN,NaN,NaN,NaN,TD,WN,B,B,NaN,NaN,NaN,NaN,NaN,NaN,
2000082812,21w.2000,MARIA,TS,NN,20.2,115.4,25,NaN,180,5,180,5,NaN,NaN,NaN,NaN,NaN,NaN,NaN,NaN,NaN,NaN,TD,WN,B,B,NaN,NaN,NaN,NaN,NaN,NaN,
2000082818,21w.2000,MARIA,TS,NN,19.7,115.4,35,NaN,180,5,180,6,NaN,NaN,NaN,NaN,NaN,NaN,NaN,NaN,NaN,NaN,TS,WN,B,B,NaN,NaN,NaN,NaN,NaN,NaN,
2000082900,21w.2000,MARIA,TS,NN,19.2,115.5,35,NaN,175,5,175,5,NaN,NaN,NaN,NaN,NaN,NaN,NaN,NaN,NaN,NaN,TS,WN,B,B,NaN,NaN,NaN,NaN,NaN,NaN,
2000082906,21w.2000,MARIA,TS,NN,18.8,115.7,35,NaN,163,5,163,5,NaN,NaN,NaN,NaN,NaN,NaN,NaN,NaN,NaN,NaN,TS,WN,B,B,NaN,NaN,NaN,NaN,NaN,NaN,
2000082912,21w.2000,MARIA,TS,NN,18.5,115.9,35,NaN,152,4,152,4,NaN,NaN,NaN,NaN,NaN,NaN,NaN,NaN,NaN,NaN,TS,WN,B,B,NaN,NaN,NaN,NaN,NaN,NaN,
2000082918,21w.2000,MARIA,TS,NN,18.4,115.9,40,NaN,155,2,155,2,NaN,NaN,NaN,NaN,NaN,NaN,NaN,NaN,NaN,NaN,TS,WN,B,B,NaN,NaN,NaN,NaN,NaN,NaN,
2000083000,21w.2000,MARIA,TS,NN,18.5,115.9,45,NaN,360,0,360,0,NaN,NaN,NaN,NaN,NaN,NaN,NaN,NaN,NaN,NaN,TS,WN,B,B,NaN,NaN,NaN,NaN,NaN,NaN,
2000083006,21w.2000,MARIA,TS,NN,18.6,115.9,40,NaN,360,1,360,1,NaN,NaN,NaN,NaN,NaN,NaN,NaN,NaN,NaN,NaN,TS,WN,B,B,NaN,NaN,NaN,NaN,NaN,NaN,
2000083012,21w.2000,MARIA,TS,NN,19.1,116.1,35,NaN,18,3,18,3,NaN,NaN,NaN,NaN,NaN,NaN,NaN,NaN,NaN,NaN,TS,WN,B,B,NaN,NaN,NaN,NaN,NaN,NaN,
2000083018,21w.2000,MARIA,TS,NN,19.6,116.2,40,NaN,16,5,16,5,NaN,NaN,NaN,NaN,NaN,NaN,NaN,NaN,NaN,NaN,TS,WN,B,B,NaN,NaN,NaN,NaN,NaN,NaN,
2000083100,21w.2000,MARIA,TS,NN,20.2,115.8,45,NaN,346,6,346,6,NaN,NaN,NaN,NaN,NaN,NaN,NaN,NaN,NaN,NaN,TS,WN,B,B,NaN,NaN,NaN,NaN,NaN,NaN,
2000083106,21w.2000,MARIA,TS,NN,20.9,115.7,50,NaN,340,7,340,7,NaN,NaN,NaN,NaN,NaN,NaN,NaN,NaN,NaN,NaN,TS,WN,B,B,NaN,NaN,NaN,NaN,NaN,NaN,
2000083112,21w.2000,MARIA,TS,NN,21.6,115.6,55,NaN,352,7,352,7,NaN,NaN,NaN,NaN,NaN,NaN,NaN,NaN,NaN,NaN,TS,WN,B,B,NaN,NaN,NaN,NaN,NaN,NaN,
2000083118,21w.2000,MARIA,TS,NN,22.4,115.1,55,NaN,340,8,340,8,NaN,NaN,NaN,NaN,NaN,NaN,NaN,NaN,NaN,NaN,TS,WN,B,B,NaN,NaN,0.27,NaN,NaN,NaN,
2000090100,21w.2000,MARIA,TS,NN,23.3,114.4,40,NaN,327,10,327,10,NaN,NaN,NaN,NaN,NaN,NaN,NaN,NaN,NaN,NaN,TS,WN,B,B,NaN,NaN,0.95,NaN,NaN,NaN,
2000090106,21w.2000,MARIA,TS,NN,24.1,113.8,35,NaN,325,10,325,10,NaN,NaN,NaN,NaN,NaN,NaN,NaN,NaN,NaN,NaN,TS,WN,B,B,NaN,NaN,0.97,NaN,NaN,NaN,
2000090112,21w.2000,MARIA,TS,NN,25.2,113.8,30,NaN,344,10,344,10,NaN,NaN,NaN,NaN,NaN,NaN,NaN,NaN,NaN,NaN,TD,NW,B,B,NaN,NaN,0.99,NaN,NaN,NaN,
2000090118,21w.2000,MARIA,TS,NN,26.1,113.4,25,NaN,350,10,350,10,NaN,NaN,NaN,NaN,NaN,NaN,NaN,NaN,NaN,NaN,TD,NW,B,B,NaN,NaN,0.99,NaN,NaN,NaN,
2000090118,w22.2000,9X-W22,STY,NN,15.9,158.5,20,NaN,285,6,285,6,NaN,NaN,NaN,NaN,NaN,NaN,NaN,NaN,NaN,NaN,NT,NW,B,B,NaN,NaN,NaN,NaN,NaN,NaN,
2000090200,w22.2000,9X-W22,STY,NN,16.0,158.0,20,NaN,285,6,285,6,NaN,NaN,NaN,NaN,NaN,NaN,NaN,NaN,NaN,NaN,NT,NW,B,B,NaN,NaN,NaN,NaN,NaN,NaN,
2000090206,w22.2000,9X-W22,STY,NN,16.2,157.3,20,NaN,285,6,285,6,NaN,NaN,NaN,NaN,NaN,NaN,NaN,NaN,NaN,NaN,NT,NW,B,B,NaN,NaN,NaN,NaN,NaN,NaN,
2000090212,22w.2000,SAOMAI,STY,NN,16.1,156.4,25,NaN,274,8,274,8,NaN,NaN,NaN,NaN,NaN,NaN,NaN,NaN,NaN,NaN,TD,WN,B,B,NaN,NaN,NaN,NaN,NaN,NaN,
2000090218,22w.2000,SAOMAI,STY,NN,16.0,155.6,35,NaN,263,8,263,8,NaN,NaN,NaN,NaN,NaN,NaN,NaN,NaN,NaN,NaN,TS,WN,B,B,NaN,NaN,NaN,NaN,NaN,NaN,
2000090300,22w.2000,SAOMAI,STY,NN,15.9,154.9,35,NaN,262,7,262,7,NaN,NaN,NaN,NaN,NaN,NaN,NaN,NaN,NaN,NaN,TS,WN,B,B,NaN,NaN,NaN,NaN,NaN,NaN,
2000090306,22w.2000,SAOMAI,STY,NN,15.9,154.2,45,NaN,266,7,266,7,NaN,NaN,NaN,NaN,NaN,NaN,NaN,NaN,NaN,NaN,TS,WN,B,B,NaN,NaN,NaN,NaN,NaN,NaN,
2000090312,22w.2000,SAOMAI,STY,NN,15.9,153.5,50,NaN,270,7,270,7,NaN,NaN,NaN,NaN,NaN,NaN,NaN,NaN,NaN,NaN,TS,WN,B,B,NaN,NaN,NaN,NaN,NaN,NaN,
2000090318,22w.2000,SAOMAI,STY,NN,16.0,152.6,55,NaN,274,8,274,8,NaN,NaN,NaN,NaN,NaN,NaN,NaN,NaN,NaN,NaN,TS,WN,B,B,NaN,NaN,NaN,NaN,NaN,NaN,
2000090400,22w.2000,SAOMAI,STY,NN,16.1,151.6,65,NaN,276,9,276,9,NaN,NaN,NaN,NaN,NaN,NaN,NaN,NaN,NaN,NaN,TY,WN,B,B,NaN,NaN,NaN,NaN,NaN,NaN,
2000090406,22w.2000,SAOMAI,STY,NN,16.1,150.7,70,NaN,273,9,273,9,NaN,NaN,NaN,NaN,NaN,NaN,NaN,NaN,NaN,NaN,TY,WN,B,B,NaN,NaN,NaN,NaN,NaN,NaN,
2000090412,22w.2000,SAOMAI,STY,NN,16.1,149.8,80,NaN,270,9,270,9,NaN,NaN,NaN,NaN,NaN,NaN,NaN,NaN,NaN,NaN,TY,WN,B,B,NaN,NaN,NaN,NaN,NaN,NaN,
2000090418,22w.2000,SAOMAI,STY,NN,16.1,149.0,90,NaN,270,8,270,8,NaN,NaN,NaN,NaN,NaN,NaN,NaN,NaN,NaN,NaN,TY,WN,B,B,NaN,NaN,NaN,NaN,NaN,NaN,
2000090500,22w.2000,SAOMAI,STY,NN,16.0,148.2,90,NaN,266,8,266,8,NaN,NaN,NaN,NaN,NaN,NaN,NaN,NaN,NaN,NaN,TY,WN,B,B,NaN,NaN,NaN,NaN,NaN,NaN,
2000090506,22w.2000,SAOMAI,STY,NN,15.7,147.7,70,NaN,252,7,252,7,NaN,NaN,NaN,NaN,NaN,NaN,NaN,NaN,NaN,NaN,TY,WN,B,B,NaN,NaN,NaN,NaN,NaN,NaN,
2000090512,22w.2000,SAOMAI,STY,NN,15.1,147.6,60,NaN,213,5,213,5,NaN,NaN,NaN,NaN,NaN,NaN,NaN,NaN,NaN,NaN,TS,WN,B,B,NaN,NaN,NaN,NaN,NaN,NaN,
2000090518,22w.2000,SAOMAI,STY,NN,14.4,147.7,60,NaN,180,7,180,6,NaN,NaN,NaN,NaN,NaN,NaN,NaN,NaN,NaN,NaN,TS,WN,B,B,NaN,NaN,NaN,NaN,NaN,NaN,
2000090600,22w.2000,SAOMAI,STY,NN,13.7,147.8,55,NaN,172,7,172,7,NaN,NaN,NaN,NaN,NaN,NaN,NaN,NaN,NaN,NaN,TS,WN,B,B,NaN,NaN,NaN,NaN,NaN,NaN,
2000090606,22w.2000,SAOMAI,STY,NN,13.8,147.5,55,NaN,198,3,198,3,NaN,NaN,NaN,NaN,NaN,NaN,NaN,NaN,NaN,NaN,TS,WN,B,B,NaN,NaN,NaN,NaN,NaN,NaN,
2000090612,22w.2000,SAOMAI,STY,NN,14.3,147.3,55,NaN,321,4,321,4,NaN,NaN,NaN,NaN,NaN,NaN,NaN,NaN,NaN,NaN,TS,WN,B,B,NaN,NaN,NaN,NaN,NaN,NaN,
2000090618,22w.2000,SAOMAI,STY,NN,15.0,146.9,55,NaN,334,7,334,7,NaN,NaN,NaN,NaN,NaN,NaN,NaN,NaN,NaN,NaN,TS,WN,B,B,NaN,NaN,NaN,NaN,NaN,NaN,
2000090700,22w.2000,SAOMAI,STY,NN,16.0,146.0,55,NaN,324,11,324,11,NaN,NaN,NaN,NaN,NaN,NaN,NaN,NaN,NaN,NaN,TS,WN,B,B,NaN,NaN,NaN,NaN,NaN,NaN,
2000090706,22w.2000,SAOMAI,STY,NN,17.0,144.9,55,NaN,316,14,316,14,NaN,NaN,NaN,NaN,NaN,NaN,NaN,NaN,NaN,NaN,TS,WN,B,B,NaN,NaN,NaN,NaN,NaN,NaN,
2000090712,22w.2000,SAOMAI,STY,NN,17.5,143.8,55,NaN,305,13,305,13,NaN,NaN,NaN,NaN,NaN,NaN,NaN,NaN,NaN,NaN,TS,WN,B,B,NaN,NaN,NaN,NaN,NaN,NaN,
2000090718,22w.2000,SAOMAI,STY,NN,17.9,142.6,55,NaN,292,12,292,12,NaN,NaN,NaN,NaN,NaN,NaN,NaN,NaN,NaN,NaN,TS,WN,B,B,NaN,NaN,NaN,NaN,NaN,NaN,
2000090800,22w.2000,SAOMAI,STY,NN,18.3,141.3,65,NaN,289,13,289,13,NaN,NaN,NaN,NaN,NaN,NaN,NaN,NaN,NaN,NaN,TY,WN,B,B,NaN,NaN,NaN,NaN,NaN,NaN,
2000090806,22w.2000,SAOMAI,STY,NN,18.9,140.4,75,NaN,296,12,296,12,NaN,NaN,NaN,NaN,NaN,NaN,NaN,NaN,NaN,NaN,TY,WN,B,B,NaN,NaN,NaN,NaN,NaN,NaN,
2000090812,22w.2000,SAOMAI,STY,NN,19.5,139.5,75,NaN,305,10,305,10,NaN,NaN,NaN,NaN,NaN,NaN,NaN,NaN,NaN,NaN,TY,WN,B,B,NaN,NaN,NaN,NaN,NaN,NaN,
2000090818,22w.2000,SAOMAI,STY,NN,20.3,138.4,85,NaN,307,12,307,12,NaN,NaN,NaN,NaN,NaN,NaN,NaN,NaN,NaN,NaN,TY,WN,B,B,NaN,NaN,NaN,NaN,NaN,NaN,
2000090900,22w.2000,SAOMAI,STY,NN,20.9,137.5,90,NaN,307,12,307,12,NaN,NaN,NaN,NaN,NaN,NaN,NaN,NaN,NaN,NaN,TY,WN,B,B,NaN,NaN,NaN,NaN,NaN,NaN,
2000090906,22w.2000,SAOMAI,STY,NN,21.6,136.8,90,NaN,311,10,311,10,NaN,NaN,NaN,NaN,NaN,NaN,NaN,NaN,NaN,NaN,TY,WN,B,B,NaN,NaN,NaN,NaN,NaN,NaN,
2000090912,22w.2000,SAOMAI,STY,NN,22.4,136.1,100,NaN,319,10,319,10,NaN,NaN,NaN,NaN,NaN,NaN,NaN,NaN,NaN,NaN,TY,WN,B,B,NaN,NaN,NaN,NaN,NaN,NaN,
2000090918,22w.2000,SAOMAI,STY,NN,23.2,135.2,120,NaN,317,11,317,11,NaN,NaN,NaN,NaN,NaN,NaN,NaN,NaN,NaN,NaN,TY,WN,B,B,NaN,NaN,NaN,NaN,NaN,NaN,
2000091000,22w.2000,SAOMAI,STY,NN,23.8,134.1,120,NaN,307,12,307,12,NaN,NaN,NaN,NaN,NaN,NaN,NaN,NaN,NaN,NaN,TY,WN,B,B,NaN,NaN,NaN,NaN,NaN,NaN,
2000091006,22w.2000,SAOMAI,STY,NN,24.1,133.0,120,NaN,294,11,294,11,NaN,NaN,NaN,NaN,NaN,NaN,NaN,NaN,NaN,NaN,TY,WN,B,B,NaN,NaN,NaN,NaN,NaN,NaN,
2000091012,22w.2000,SAOMAI,STY,NN,24.2,132.5,140,NaN,285,8,285,8,NaN,NaN,NaN,NaN,NaN,NaN,NaN,NaN,NaN,NaN,STY,WN,B,B,NaN,NaN,NaN,NaN,NaN,NaN,
2000091018,22w.2000,SAOMAI,STY,NN,24.4,132.0,140,NaN,288,5,288,5,NaN,NaN,NaN,NaN,NaN,NaN,NaN,NaN,NaN,NaN,STY,WN,B,B,NaN,NaN,NaN,NaN,NaN,NaN,
2000091100,22w.2000,SAOMAI,STY,NN,24.7,131.5,130,NaN,299,5,299,5,NaN,NaN,NaN,NaN,NaN,NaN,NaN,NaN,NaN,NaN,STY,WN,B,B,NaN,NaN,NaN,NaN,NaN,NaN,
2000091106,22w.2000,SAOMAI,STY,NN,25.2,130.8,125,NaN,306,7,306,7,NaN,NaN,NaN,NaN,NaN,NaN,NaN,NaN,NaN,NaN,TY,WN,B,B,NaN,NaN,NaN,NaN,NaN,NaN,
2000091112,22w.2000,SAOMAI,STY,NN,25.5,130.2,115,NaN,304,7,304,7,NaN,NaN,NaN,NaN,NaN,NaN,NaN,NaN,NaN,NaN,TY,WN,B,B,NaN,NaN,NaN,NaN,NaN,NaN,
2000091118,22w.2000,SAOMAI,STY,NN,25.8,129.5,110,NaN,297,7,297,7,NaN,NaN,NaN,NaN,NaN,NaN,NaN,NaN,NaN,NaN,TY,WN,B,B,NaN,NaN,NaN,NaN,NaN,NaN,
2000091200,22w.2000,SAOMAI,STY,NN,26.0,128.9,110,NaN,293,6,293,6,NaN,NaN,NaN,NaN,NaN,NaN,NaN,NaN,NaN,NaN,TY,WN,B,B,NaN,NaN,NaN,NaN,NaN,NaN,
2000091206,22w.2000,SAOMAI,STY,NN,26.3,128.3,100,NaN,295,6,295,6,NaN,NaN,NaN,NaN,NaN,NaN,NaN,NaN,NaN,NaN,TY,WN,B,B,NaN,NaN,0.04,NaN,NaN,NaN,
2000091212,22w.2000,SAOMAI,STY,NN,26.6,127.8,95,NaN,301,6,301,6,NaN,NaN,NaN,NaN,NaN,NaN,NaN,NaN,NaN,NaN,TY,WN,B,B,NaN,NaN,0.10,NaN,NaN,NaN,
2000091218,22w.2000,SAOMAI,STY,NN,27.0,127.1,90,NaN,303,6,303,6,NaN,NaN,NaN,NaN,NaN,NaN,NaN,NaN,NaN,NaN,TY,WN,B,B,NaN,NaN,NaN,NaN,NaN,NaN,
2000091300,22w.2000,SAOMAI,STY,NN,27.4,126.5,90,NaN,305,7,305,7,NaN,NaN,NaN,NaN,NaN,NaN,NaN,NaN,NaN,NaN,TY,WN,B,B,NaN,NaN,NaN,NaN,NaN,NaN,
2000091306,22w.2000,SAOMAI,STY,NN,27.8,125.8,90,NaN,305,7,305,7,NaN,NaN,NaN,NaN,NaN,NaN,NaN,NaN,NaN,NaN,TY,WN,B,B,NaN,NaN,NaN,NaN,NaN,NaN,
2000091312,22w.2000,SAOMAI,STY,NN,27.9,125.3,85,NaN,295,6,295,6,NaN,NaN,NaN,NaN,NaN,NaN,NaN,NaN,NaN,NaN,TY,WN,B,B,NaN,NaN,NaN,NaN,NaN,NaN,
2000091318,22w.2000,SAOMAI,STY,NN,27.9,124.9,85,NaN,277,4,277,4,NaN,NaN,NaN,NaN,NaN,NaN,NaN,NaN,NaN,NaN,TY,WN,B,B,NaN,NaN,NaN,NaN,NaN,NaN,
2000091400,22w.2000,SAOMAI,STY,NN,28.0,124.5,90,NaN,278,4,278,4,NaN,NaN,NaN,NaN,NaN,NaN,NaN,NaN,NaN,NaN,TY,WN,B,B,NaN,NaN,NaN,NaN,NaN,NaN,
2000091406,22w.2000,SAOMAI,STY,NN,28.1,124.3,90,NaN,291,3,291,3,NaN,NaN,NaN,NaN,NaN,NaN,NaN,NaN,NaN,NaN,TY,WN,B,B,NaN,NaN,NaN,NaN,NaN,NaN,
2000091412,22w.2000,SAOMAI,STY,NN,28.4,124.3,90,NaN,336,2,336,2,NaN,NaN,NaN,NaN,NaN,NaN,NaN,NaN,NaN,NaN,TY,WN,B,B,NaN,NaN,NaN,NaN,NaN,NaN,
2000091418,22w.2000,SAOMAI,STY,NN,28.6,124.5,85,NaN,19,3,19,3,NaN,NaN,NaN,NaN,NaN,NaN,NaN,NaN,NaN,NaN,TY,WN,B,B,NaN,NaN,NaN,NaN,NaN,NaN,
2000091500,22w.2000,SAOMAI,STY,NN,29.1,125.3,75,NaN,51,6,51,6,NaN,NaN,NaN,NaN,NaN,NaN,NaN,NaN,NaN,NaN,TY,WN,B,B,NaN,NaN,NaN,NaN,NaN,NaN,
2000091506,22w.2000,SAOMAI,STY,NN,30.1,126.3,70,NaN,46,11,46,11,NaN,NaN,NaN,NaN,NaN,NaN,NaN,NaN,NaN,NaN,TY,WN,B,B,NaN,NaN,NaN,NaN,NaN,NaN,
2000091512,22w.2000,SAOMAI,STY,NN,31.8,127.4,65,NaN,34,16,34,16,NaN,NaN,NaN,NaN,NaN,NaN,NaN,NaN,NaN,NaN,TY,WN,B,B,NaN,NaN,NaN,NaN,NaN,NaN,
2000091518,22w.2000,SAOMAI,STY,NN,34.0,128.1,65,NaN,21,21,21,21,NaN,NaN,NaN,NaN,NaN,NaN,NaN,NaN,NaN,NaN,TY,WN,B,B,NaN,NaN,NaN,NaN,NaN,NaN,
2000091600,22w.2000,SAOMAI,STY,NN,36.7,128.9,55,NaN,14,25,14,25,NaN,NaN,NaN,NaN,NaN,NaN,NaN,NaN,NaN,NaN,TS,WN,B,B,NaN,NaN,0.91,NaN,NaN,NaN,
2000091606,22w.2000,SAOMAI,STY,NN,39.5,129.5,45,NaN,12,28,12,28,NaN,NaN,NaN,NaN,NaN,NaN,NaN,NaN,NaN,NaN,TS,WN,B,B,NaN,NaN,NaN,NaN,NaN,NaN,
2000090400,w23.2000,9X-W23,TY,NN,16.9,117.3,20,NaN,242,2,242,2,NaN,NaN,NaN,NaN,NaN,NaN,NaN,NaN,NaN,NaN,NT,NW,b,b,NaN,NaN,NaN,NaN,NaN,NaN,
2000090406,w23.2000,9X-W23,TY,NN,16.8,117.2,20,NaN,224,1,242,2,NaN,NaN,NaN,NaN,NaN,NaN,NaN,NaN,NaN,NaN,NT,NW,c,c,NaN,NaN,NaN,NaN,NaN,NaN,
2000090412,w23.2000,9X-W23,TY,NN,16.7,116.9,20,NaN,258,2,242,2,NaN,NaN,NaN,NaN,NaN,NaN,NaN,NaN,NaN,NaN,NT,NW,c,c,NaN,NaN,NaN,NaN,NaN,NaN,
2000090418,w23.2000,9X-W23,TY,NN,16.9,116.9,20,NaN,136,1,136,1,NaN,NaN,NaN,NaN,NaN,NaN,NaN,NaN,NaN,NaN,NT,NW,B,B,NaN,NaN,NaN,NaN,NaN,NaN,
2000090500,w23.2000,9X-W23,TY,NN,16.8,116.9,25,NaN,136,1,136,1,NaN,NaN,NaN,NaN,NaN,NaN,NaN,NaN,NaN,NaN,TD,NW,B,B,NaN,NaN,NaN,NaN,NaN,NaN,
2000090506,23w.2000,WUKONG,TY,NN,16.8,117.0,25,NaN,136,1,136,1,NaN,NaN,NaN,NaN,NaN,NaN,NaN,NaN,NaN,NaN,TD,WN,B,B,NaN,NaN,NaN,NaN,NaN,NaN,
2000090512,23w.2000,WUKONG,TY,NN,16.8,117.1,25,NaN,90,1,90,1,NaN,NaN,NaN,NaN,NaN,NaN,NaN,NaN,NaN,NaN,TD,WN,B,B,NaN,NaN,NaN,NaN,NaN,NaN,
2000090518,23w.2000,WUKONG,TY,NN,17.1,117.6,25,NaN,62,3,62,3,NaN,NaN,NaN,NaN,NaN,NaN,NaN,NaN,NaN,NaN,TD,WN,B,B,NaN,NaN,NaN,NaN,NaN,NaN,
2000090600,23w.2000,WUKONG,TY,NN,17.8,117.8,30,NaN,34,6,34,6,NaN,NaN,NaN,NaN,NaN,NaN,NaN,NaN,NaN,NaN,TD,WN,B,B,NaN,NaN,NaN,NaN,NaN,NaN,
2000090606,23w.2000,WUKONG,TY,NN,18.3,117.5,35,NaN,355,6,355,6,NaN,NaN,NaN,NaN,NaN,NaN,NaN,NaN,NaN,NaN,TS,WN,B,B,NaN,NaN,NaN,NaN,NaN,NaN,
2000090612,23w.2000,WUKONG,TY,NN,18.6,117.0,35,NaN,316,6,316,6,NaN,NaN,NaN,NaN,NaN,NaN,NaN,NaN,NaN,NaN,TS,WN,B,B,NaN,NaN,NaN,NaN,NaN,NaN,
2000090618,23w.2000,WUKONG,TY,NN,18.7,116.6,40,NaN,295,5,295,5,NaN,NaN,NaN,NaN,NaN,NaN,NaN,NaN,NaN,NaN,TS,WN,B,B,NaN,NaN,NaN,NaN,NaN,NaN,
2000090700,23w.2000,WUKONG,TY,NN,18.9,116.1,65,NaN,289,5,289,5,NaN,NaN,NaN,NaN,NaN,NaN,NaN,NaN,NaN,NaN,TY,WN,B,B,NaN,NaN,NaN,NaN,NaN,NaN,
2000090706,23w.2000,WUKONG,TY,NN,19.0,115.6,65,NaN,288,5,288,5,NaN,NaN,NaN,NaN,NaN,NaN,NaN,NaN,NaN,NaN,TY,WN,B,B,NaN,NaN,NaN,NaN,NaN,NaN,
2000090712,23w.2000,WUKONG,TY,NN,19.0,115.2,65,NaN,277,4,277,4,NaN,NaN,NaN,NaN,NaN,NaN,NaN,NaN,NaN,NaN,TY,WN,B,B,NaN,NaN,NaN,NaN,NaN,NaN,
2000090718,23w.2000,WUKONG,TY,NN,18.9,114.7,65,NaN,263,4,263,4,NaN,NaN,NaN,NaN,NaN,NaN,NaN,NaN,NaN,NaN,TY,WN,B,B,NaN,NaN,NaN,NaN,NaN,NaN,
2000090800,23w.2000,WUKONG,TY,NN,18.8,114.0,75,NaN,260,6,260,6,NaN,NaN,NaN,NaN,NaN,NaN,NaN,NaN,NaN,NaN,TY,WN,B,B,NaN,NaN,NaN,NaN,NaN,NaN,
2000090806,23w.2000,WUKONG,TY,NN,18.7,113.4,90,NaN,261,6,261,6,NaN,NaN,NaN,NaN,NaN,NaN,NaN,NaN,NaN,NaN,TY,WN,B,B,NaN,NaN,NaN,NaN,NaN,NaN,
2000090812,23w.2000,WUKONG,TY,NN,18.7,112.5,90,NaN,266,7,266,7,NaN,NaN,NaN,NaN,NaN,NaN,NaN,NaN,NaN,NaN,TY,WN,B,B,NaN,NaN,NaN,NaN,NaN,NaN,
2000090818,23w.2000,WUKONG,TY,NN,18.4,111.6,90,NaN,260,9,260,9,NaN,NaN,NaN,NaN,NaN,NaN,NaN,NaN,NaN,NaN,TY,WN,B,B,NaN,NaN,NaN,NaN,NaN,NaN,
2000090900,23w.2000,WUKONG,TY,NN,18.3,110.6,95,NaN,257,9,257,9,NaN,NaN,NaN,NaN,NaN,NaN,NaN,NaN,NaN,NaN,TY,WN,B,B,NaN,NaN,0.19,NaN,NaN,NaN,
2000090906,23w.2000,WUKONG,TY,NN,18.2,109.6,75,NaN,264,10,264,10,NaN,NaN,NaN,NaN,NaN,NaN,NaN,NaN,NaN,NaN,TY,WN,B,B,NaN,NaN,0.18,NaN,NaN,NaN,
2000090912,23w.2000,WUKONG,TY,NN,18.2,108.7,65,NaN,267,9,267,9,NaN,NaN,NaN,NaN,NaN,NaN,NaN,NaN,NaN,NaN,TY,WN,B,B,NaN,NaN,0.02,NaN,NaN,NaN,
2000090918,23w.2000,WUKONG,TY,NN,18.4,108.1,65,NaN,278,7,278,7,NaN,NaN,NaN,NaN,NaN,NaN,NaN,NaN,NaN,NaN,TY,WN,B,B,NaN,NaN,NaN,NaN,NaN,NaN,
2000091000,23w.2000,WUKONG,TY,NN,18.3,107.0,60,NaN,274,8,274,8,NaN,NaN,NaN,NaN,NaN,NaN,NaN,NaN,NaN,NaN,TS,WN,B,B,NaN,NaN,NaN,NaN,NaN,NaN,
2000091006,23w.2000,WUKONG,TY,NN,18.3,105.9,45,NaN,267,10,267,10,NaN,NaN,NaN,NaN,NaN,NaN,NaN,NaN,NaN,NaN,TS,WN,B,B,NaN,NaN,0.45,NaN,NaN,NaN,
2000091012,23w.2000,WUKONG,TY,NN,18.3,104.8,25,NaN,270,10,270,10,NaN,NaN,NaN,NaN,NaN,NaN,NaN,NaN,NaN,NaN,TD,NW,B,B,NaN,NaN,0.99,NaN,NaN,NaN,
2000090506,w24.2000,9X-W24,TS,NN,18.7,130.0,20,NaN,72,5,73,30,NaN,NaN,NaN,NaN,NaN,NaN,NaN,NaN,NaN,NaN,NT,NW,c,c,NaN,NaN,NaN,NaN,NaN,NaN,
2000090512,w24.2000,9X-W24,TS,NN,19.7,131.9,20,NaN,65,10,73,30,NaN,NaN,NaN,NaN,NaN,NaN,NaN,NaN,NaN,NaN,NT,NW,c,c,NaN,NaN,NaN,NaN,NaN,NaN,
2000090518,24w.2000,BOPHA,TS,NN,20.7,135.8,25,NaN,22,4,22,4,NaN,NaN,NaN,NaN,NaN,NaN,NaN,NaN,NaN,NaN,TD,WN,B,B,NaN,NaN,NaN,NaN,NaN,NaN,
2000090600,24w.2000,BOPHA,TS,NN,21.0,136.0,25,NaN,22,4,22,4,NaN,NaN,NaN,NaN,NaN,NaN,NaN,NaN,NaN,NaN,TD,WN,B,B,NaN,NaN,NaN,NaN,NaN,NaN,
2000090606,24w.2000,BOPHA,TS,NN,21.4,136.1,25,NaN,22,4,22,4,NaN,NaN,NaN,NaN,NaN,NaN,NaN,NaN,NaN,NaN,TD,WN,B,B,NaN,NaN,NaN,NaN,NaN,NaN,
2000090612,24w.2000,BOPHA,TS,NN,22.0,136.1,30,NaN,5,5,5,5,NaN,NaN,NaN,NaN,NaN,NaN,NaN,NaN,NaN,NaN,TD,WN,B,B,NaN,NaN,NaN,NaN,NaN,NaN,
2000090618,24w.2000,BOPHA,TS,NN,22.5,135.8,30,NaN,346,6,346,6,NaN,NaN,NaN,NaN,NaN,NaN,NaN,NaN,NaN,NaN,TD,WN,B,B,NaN,NaN,NaN,NaN,NaN,NaN,
2000090700,24w.2000,BOPHA,TS,NN,23.0,135.2,35,NaN,320,7,320,7,NaN,NaN,NaN,NaN,NaN,NaN,NaN,NaN,NaN,NaN,TS,WN,B,B,NaN,NaN,NaN,NaN,NaN,NaN,
2000090706,24w.2000,BOPHA,TS,NN,23.5,134.3,35,NaN,306,9,306,9,NaN,NaN,NaN,NaN,NaN,NaN,NaN,NaN,NaN,NaN,TS,WN,B,B,NaN,NaN,NaN,NaN,NaN,NaN,
2000090712,24w.2000,BOPHA,TS,NN,24.1,132.9,35,NaN,298,12,298,12,NaN,NaN,NaN,NaN,NaN,NaN,NaN,NaN,NaN,NaN,TS,WN,B,B,NaN,NaN,NaN,NaN,NaN,NaN,
2000090718,24w.2000,BOPHA,TS,NN,24.6,131.3,45,NaN,292,15,292,15,NaN,NaN,NaN,NaN,NaN,NaN,NaN,NaN,NaN,NaN,TS,WN,B,B,NaN,NaN,NaN,NaN,NaN,NaN,
2000090800,24w.2000,BOPHA,TS,NN,25.1,129.6,50,NaN,288,16,288,16,NaN,NaN,NaN,NaN,NaN,NaN,NaN,NaN,NaN,NaN,TS,WN,B,B,NaN,NaN,NaN,NaN,NaN,NaN,
2000090806,24w.2000,BOPHA,TS,NN,25.5,128.3,55,NaN,288,14,288,14,NaN,NaN,NaN,NaN,NaN,NaN,NaN,NaN,NaN,NaN,TS,WN,B,B,NaN,NaN,NaN,NaN,NaN,NaN,
2000090812,24w.2000,BOPHA,TS,NN,25.8,127.0,55,NaN,287,12,287,12,NaN,NaN,NaN,NaN,NaN,NaN,NaN,NaN,NaN,NaN,TS,WN,B,B,NaN,NaN,0.01,NaN,NaN,NaN,
2000090818,24w.2000,BOPHA,TS,NN,25.8,125.9,55,NaN,278,11,278,11,NaN,NaN,NaN,NaN,NaN,NaN,NaN,NaN,NaN,NaN,TS,WN,B,B,NaN,NaN,NaN,NaN,NaN,NaN,
2000090900,24w.2000,BOPHA,TS,NN,25.5,125.2,50,NaN,260,8,260,8,NaN,NaN,NaN,NaN,NaN,NaN,NaN,NaN,NaN,NaN,TS,WN,B,B,NaN,NaN,NaN,NaN,NaN,NaN,
2000090906,24w.2000,BOPHA,TS,NN,25.0,124.7,45,NaN,234,7,234,7,NaN,NaN,NaN,NaN,NaN,NaN,NaN,NaN,NaN,NaN,TS,WN,B,B,NaN,NaN,NaN,NaN,NaN,NaN,
2000090912,24w.2000,BOPHA,TS,NN,24.4,124.1,45,NaN,222,7,222,7,NaN,NaN,NaN,NaN,NaN,NaN,NaN,NaN,NaN,NaN,TS,WN,B,B,NaN,NaN,0.05,NaN,NaN,NaN,
2000090918,24w.2000,BOPHA,TS,NN,23.5,123.3,45,NaN,220,10,220,10,NaN,NaN,NaN,NaN,NaN,NaN,NaN,NaN,NaN,NaN,TS,WN,B,B,NaN,NaN,NaN,NaN,NaN,NaN,
2000091000,24w.2000,BOPHA,TS,NN,22.4,122.7,45,NaN,213,12,213,12,NaN,NaN,NaN,NaN,NaN,NaN,NaN,NaN,NaN,NaN,TS,WN,B,B,NaN,NaN,NaN,NaN,NaN,NaN,
2000091006,24w.2000,BOPHA,TS,NN,21.5,122.3,50,NaN,205,11,205,11,NaN,NaN,NaN,NaN,NaN,NaN,NaN,NaN,NaN,NaN,TS,WN,B,B,NaN,NaN,NaN,NaN,NaN,NaN,
2000091012,24w.2000,BOPHA,TS,NN,20.4,122.0,55,NaN,198,11,198,11,NaN,NaN,NaN,NaN,NaN,NaN,NaN,NaN,NaN,NaN,TS,WN,B,B,NaN,NaN,0.03,NaN,NaN,NaN,
2000091018,24w.2000,BOPHA,TS,NN,19.4,121.9,50,NaN,190,11,190,11,NaN,NaN,NaN,NaN,NaN,NaN,NaN,NaN,NaN,NaN,TS,WN,B,B,NaN,NaN,0.02,NaN,NaN,NaN,
2000091100,24w.2000,BOPHA,TS,NN,18.6,121.9,45,NaN,183,9,183,9,NaN,NaN,NaN,NaN,NaN,NaN,NaN,NaN,NaN,NaN,TS,WN,B,B,NaN,NaN,0.30,NaN,NaN,NaN,
2000091106,24w.2000,BOPHA,TS,NN,17.9,122.0,40,NaN,176,8,176,8,NaN,NaN,NaN,NaN,NaN,NaN,NaN,NaN,NaN,NaN,TS,WN,B,B,NaN,NaN,0.58,NaN,NaN,NaN,
2000091112,24w.2000,BOPHA,TS,NN,17.1,122.3,30,NaN,166,8,166,8,NaN,NaN,NaN,NaN,NaN,NaN,NaN,NaN,NaN,NaN,TD,WN,B,B,NaN,NaN,0.38,NaN,NaN,NaN,
2000091118,24w.2000,BOPHA,TS,NN,16.7,123.3,30,NaN,134,9,134,9,NaN,NaN,NaN,NaN,NaN,NaN,NaN,NaN,NaN,NaN,TD,WN,B,B,NaN,NaN,NaN,NaN,NaN,NaN,
2000091200,24w.2000,BOPHA,TS,NN,16.3,124.3,20,NaN,113,10,113,10,NaN,NaN,NaN,NaN,NaN,NaN,NaN,NaN,NaN,NaN,NT,WN,B,B,NaN,NaN,NaN,NaN,NaN,NaN,
2000091400,w25.2000,9X-W25,TY,NN,21.5,138.3,20,NaN,57,8,57,8,NaN,NaN,NaN,NaN,NaN,NaN,NaN,NaN,NaN,NaN,NT,NW,B,B,NaN,NaN,NaN,NaN,NaN,NaN,
2000091406,25w.2000,SONAMU,TY,NN,21.9,139.2,25,NaN,57,8,57,8,NaN,NaN,NaN,NaN,NaN,NaN,NaN,NaN,NaN,NaN,TD,WN,B,B,NaN,NaN,NaN,NaN,NaN,NaN,
2000091412,25w.2000,SONAMU,TY,NN,22.4,139.8,30,NaN,57,8,57,8,NaN,NaN,NaN,NaN,NaN,NaN,NaN,NaN,NaN,NaN,TD,WN,B,B,NaN,NaN,NaN,NaN,NaN,NaN,
2000091418,25w.2000,SONAMU,TY,NN,22.8,140.4,35,NaN,51,7,51,7,NaN,NaN,NaN,NaN,NaN,NaN,NaN,NaN,NaN,NaN,TS,WN,B,B,NaN,NaN,NaN,NaN,NaN,NaN,
2000091500,25w.2000,SONAMU,TY,NN,23.1,140.7,40,NaN,50,5,50,5,NaN,NaN,NaN,NaN,NaN,NaN,NaN,NaN,NaN,NaN,TS,WN,B,B,NaN,NaN,NaN,NaN,NaN,NaN,
2000091506,25w.2000,SONAMU,TY,NN,23.4,141.0,40,NaN,43,4,43,4,NaN,NaN,NaN,NaN,NaN,NaN,NaN,NaN,NaN,NaN,TS,WN,B,B,NaN,NaN,NaN,NaN,NaN,NaN,
2000091512,25w.2000,SONAMU,TY,NN,23.8,141.3,45,NaN,38,4,38,4,NaN,NaN,NaN,NaN,NaN,NaN,NaN,NaN,NaN,NaN,TS,WN,B,B,NaN,NaN,NaN,NaN,NaN,NaN,
2000091518,25w.2000,SONAMU,TY,NN,24.2,141.5,60,NaN,30,5,30,5,NaN,NaN,NaN,NaN,NaN,NaN,NaN,NaN,NaN,NaN,TS,WN,B,B,NaN,NaN,NaN,NaN,NaN,NaN,
2000091600,25w.2000,SONAMU,TY,NN,25.1,141.7,65,NaN,16,7,16,7,NaN,NaN,NaN,NaN,NaN,NaN,NaN,NaN,NaN,NaN,TY,WN,B,B,NaN,NaN,NaN,NaN,NaN,NaN,
2000091606,25w.2000,SONAMU,TY,NN,26.1,141.6,65,NaN,3,10,3,10,NaN,NaN,NaN,NaN,NaN,NaN,NaN,NaN,NaN,NaN,TY,WN,B,B,NaN,NaN,NaN,NaN,NaN,NaN,
2000091612,25w.2000,SONAMU,TY,NN,27.3,141.5,70,NaN,355,11,355,11,NaN,NaN,NaN,NaN,NaN,NaN,NaN,NaN,NaN,NaN,TY,WN,B,B,NaN,NaN,NaN,NaN,NaN,NaN,
2000091618,25w.2000,SONAMU,TY,NN,29.0,141.4,70,NaN,357,15,357,15,NaN,NaN,NaN,NaN,NaN,NaN,NaN,NaN,NaN,NaN,TY,WN,B,B,NaN,NaN,NaN,NaN,NaN,NaN,
2000091700,25w.2000,SONAMU,TY,NN,31.0,141.5,70,NaN,360,18,360,18,NaN,NaN,NaN,NaN,NaN,NaN,NaN,NaN,NaN,NaN,TY,WN,B,B,NaN,NaN,NaN,NaN,NaN,NaN,
2000091706,25w.2000,SONAMU,TY,NN,33.2,142.1,75,NaN,8,21,8,21,NaN,NaN,NaN,NaN,NaN,NaN,NaN,NaN,NaN,NaN,TY,WN,B,B,NaN,NaN,NaN,NaN,NaN,NaN,
2000091712,25w.2000,SONAMU,TY,NN,35.9,143.2,75,NaN,16,26,16,26,NaN,NaN,NaN,NaN,NaN,NaN,NaN,NaN,NaN,NaN,TY,WN,B,B,NaN,NaN,NaN,NaN,NaN,NaN,
2000091718,25w.2000,SONAMU,TY,NN,38.7,144.4,75,NaN,19,29,19,29,NaN,NaN,NaN,NaN,NaN,NaN,NaN,NaN,NaN,NaN,TY,WN,B,B,NaN,NaN,NaN,NaN,NaN,NaN,
2000091800,25w.2000,SONAMU,TY,NN,41.6,146.2,75,NaN,22,31,22,31,NaN,NaN,NaN,NaN,NaN,NaN,NaN,NaN,NaN,NaN,TY,WN,B,B,NaN,NaN,NaN,NaN,NaN,NaN,
2000091806,25w.2000,SONAMU,TY,NN,44.5,148.7,65,NaN,29,33,29,33,NaN,NaN,NaN,NaN,NaN,NaN,NaN,NaN,NaN,NaN,TY,NW,B,B,NaN,NaN,NaN,NaN,NaN,NaN,
2000091518,w26.2000,9X-W26,STY,NN,15.1,178.0,20,NaN,252,8,252,8,NaN,NaN,NaN,NaN,NaN,NaN,NaN,NaN,NaN,NaN,NT,NW,B,B,NaN,NaN,NaN,NaN,NaN,NaN,
2000091600,w26.2000,9X-W26,STY,NN,14.9,177.2,20,NaN,252,8,252,8,NaN,NaN,NaN,NaN,NaN,NaN,NaN,NaN,NaN,NaN,NT,NW,B,B,NaN,NaN,NaN,NaN,NaN,NaN,
2000091606,w26.2000,9X-W26,STY,NN,14.6,176.4,20,NaN,252,8,252,8,NaN,NaN,NaN,NaN,NaN,NaN,NaN,NaN,NaN,NaN,NT,NW,B,B,NaN,NaN,NaN,NaN,NaN,NaN,
2000091612,w26.2000,9X-W26,STY,NN,14.4,175.6,20,NaN,252,8,252,8,NaN,NaN,NaN,NaN,NaN,NaN,NaN,NaN,NaN,NaN,NT,NW,B,B,NaN,NaN,NaN,NaN,NaN,NaN,
2000091618,w26.2000,9X-W26,STY,NN,14.3,174.9,20,NaN,258,7,258,7,NaN,NaN,NaN,NaN,NaN,NaN,NaN,NaN,NaN,NaN,NT,NW,B,B,NaN,NaN,NaN,NaN,NaN,NaN,
2000091700,w26.2000,9X-W26,STY,NN,14.4,174.2,20,NaN,270,7,270,7,NaN,NaN,NaN,NaN,NaN,NaN,NaN,NaN,NaN,NaN,NT,NW,B,B,NaN,NaN,NaN,NaN,NaN,NaN,
2000091706,w26.2000,9X-W26,STY,NN,14.5,173.6,20,NaN,279,6,279,6,NaN,NaN,NaN,NaN,NaN,NaN,NaN,NaN,NaN,NaN,NT,NW,B,B,NaN,NaN,NaN,NaN,NaN,NaN,
2000091712,26w.2000,SHANSHAN,STY,NN,14.6,173.0,25,NaN,280,6,280,6,NaN,NaN,NaN,NaN,NaN,NaN,NaN,NaN,NaN,NaN,TD,WN,B,B,NaN,NaN,NaN,NaN,NaN,NaN,
2000091718,26w.2000,SHANSHAN,STY,NN,14.8,172.5,30,NaN,286,6,286,6,NaN,NaN,NaN,NaN,NaN,NaN,NaN,NaN,NaN,NaN,TD,WN,B,B,NaN,NaN,NaN,NaN,NaN,NaN,
2000091800,26w.2000,SHANSHAN,STY,NN,15.2,172.0,40,NaN,302,6,302,6,NaN,NaN,NaN,NaN,NaN,NaN,NaN,NaN,NaN,NaN,TS,WN,B,B,NaN,NaN,NaN,NaN,NaN,NaN,
2000091806,26w.2000,SHANSHAN,STY,NN,15.8,171.5,50,NaN,316,7,316,7,NaN,NaN,NaN,NaN,NaN,NaN,NaN,NaN,NaN,NaN,TS,WN,B,B,NaN,NaN,NaN,NaN,NaN,NaN,
2000091812,26w.2000,SHANSHAN,STY,NN,16.0,170.9,55,NaN,307,7,307,7,NaN,NaN,NaN,NaN,NaN,NaN,NaN,NaN,NaN,NaN,TS,WN,B,B,NaN,NaN,NaN,NaN,NaN,NaN,
2000091818,26w.2000,SHANSHAN,STY,NN,16.2,170.3,55,NaN,289,6,289,6,NaN,NaN,NaN,NaN,NaN,NaN,NaN,NaN,NaN,NaN,TS,WN,B,B,NaN,NaN,NaN,NaN,NaN,NaN,
2000091900,26w.2000,SHANSHAN,STY,NN,16.7,169.9,60,NaN,306,6,306,6,NaN,NaN,NaN,NaN,NaN,NaN,NaN,NaN,NaN,NaN,TS,WN,B,B,NaN,NaN,NaN,NaN,NaN,NaN,
2000091906,26w.2000,SHANSHAN,STY,NN,17.3,169.9,65,NaN,341,6,341,6,NaN,NaN,NaN,NaN,NaN,NaN,NaN,NaN,NaN,NaN,TY,WN,B,B,NaN,NaN,NaN,NaN,NaN,NaN,
2000091912,26w.2000,SHANSHAN,STY,NN,18.1,169.9,75,NaN,360,7,360,7,NaN,NaN,NaN,NaN,NaN,NaN,NaN,NaN,NaN,NaN,TY,WN,B,B,NaN,NaN,NaN,NaN,NaN,NaN,
2000091918,26w.2000,SHANSHAN,STY,NN,19.2,169.8,90,NaN,357,10,357,10,NaN,NaN,NaN,NaN,NaN,NaN,NaN,NaN,NaN,NaN,TY,WN,B,B,NaN,NaN,NaN,NaN,NaN,NaN,
2000092000,26w.2000,SHANSHAN,STY,NN,19.9,168.6,90,NaN,326,11,326,11,NaN,NaN,NaN,NaN,NaN,NaN,NaN,NaN,NaN,NaN,TY,WN,B,B,NaN,NaN,NaN,NaN,NaN,NaN,
2000092006,26w.2000,SHANSHAN,STY,NN,20.3,167.9,100,NaN,302,10,302,10,NaN,NaN,NaN,NaN,NaN,NaN,NaN,NaN,NaN,NaN,TY,WN,B,B,NaN,NaN,NaN,NaN,NaN,NaN,
2000092012,26w.2000,SHANSHAN,STY,NN,20.9,167.2,115,NaN,307,8,307,8,NaN,NaN,NaN,NaN,NaN,NaN,NaN,NaN,NaN,NaN,TY,WN,B,B,NaN,NaN,NaN,NaN,NaN,NaN,
2000092018,26w.2000,SHANSHAN,STY,NN,21.3,166.7,125,NaN,312,8,312,8,NaN,NaN,NaN,NaN,NaN,NaN,NaN,NaN,NaN,NaN,TY,WN,B,B,NaN,NaN,NaN,NaN,NaN,NaN,
2000092100,26w.2000,SHANSHAN,STY,NN,21.7,166.3,125,NaN,314,6,314,6,NaN,NaN,NaN,NaN,NaN,NaN,NaN,NaN,NaN,NaN,TY,WN,B,B,NaN,NaN,NaN,NaN,NaN,NaN,
2000092106,26w.2000,SHANSHAN,STY,NN,22.3,165.9,130,NaN,323,6,323,6,NaN,NaN,NaN,NaN,NaN,NaN,NaN,NaN,NaN,NaN,STY,WN,B,B,NaN,NaN,NaN,NaN,NaN,NaN,
2000092112,26w.2000,SHANSHAN,STY,NN,22.9,165.6,130,NaN,332,7,332,7,NaN,NaN,NaN,NaN,NaN,NaN,NaN,NaN,NaN,NaN,STY,WN,B,B,NaN,NaN,NaN,NaN,NaN,NaN,
2000092118,26w.2000,SHANSHAN,STY,NN,23.5,165.3,135,NaN,335,7,335,7,NaN,NaN,NaN,NaN,NaN,NaN,NaN,NaN,NaN,NaN,STY,WN,B,B,NaN,NaN,NaN,NaN,NaN,NaN,
2000092200,26w.2000,SHANSHAN,STY,NN,24.2,165.3,135,NaN,348,7,348,7,NaN,NaN,NaN,NaN,NaN,NaN,NaN,NaN,NaN,NaN,STY,WN,B,B,NaN,NaN,NaN,NaN,NaN,NaN,
2000092206,26w.2000,SHANSHAN,STY,NN,24.9,165.3,130,NaN,360,7,360,7,NaN,NaN,NaN,NaN,NaN,NaN,NaN,NaN,NaN,NaN,STY,WN,B,B,NaN,NaN,NaN,NaN,NaN,NaN,
2000092212,26w.2000,SHANSHAN,STY,NN,25.5,165.6,115,NaN,12,7,12,7,NaN,NaN,NaN,NaN,NaN,NaN,NaN,NaN,NaN,NaN,TY,WN,B,B,NaN,NaN,NaN,NaN,NaN,NaN,
2000092218,26w.2000,SHANSHAN,STY,NN,26.6,166.1,110,NaN,23,9,23,9,NaN,NaN,NaN,NaN,NaN,NaN,NaN,NaN,NaN,NaN,TY,WN,B,B,NaN,NaN,NaN,NaN,NaN,NaN,
2000092300,26w.2000,SHANSHAN,STY,NN,27.6,166.5,100,NaN,21,11,21,11,NaN,NaN,NaN,NaN,NaN,NaN,NaN,NaN,NaN,NaN,TY,WN,B,B,NaN,NaN,NaN,NaN,NaN,NaN,
2000092306,26w.2000,SHANSHAN,STY,NN,28.8,167.1,95,NaN,22,12,22,12,NaN,NaN,NaN,NaN,NaN,NaN,NaN,NaN,NaN,NaN,TY,WN,B,B,NaN,NaN,NaN,NaN,NaN,NaN,
2000092312,26w.2000,SHANSHAN,STY,NN,29.8,168.1,90,NaN,33,13,33,13,NaN,NaN,NaN,NaN,NaN,NaN,NaN,NaN,NaN,NaN,TY,WN,B,B,NaN,NaN,NaN,NaN,NaN,NaN,
2000092318,26w.2000,SHANSHAN,STY,NN,30.7,169.2,75,NaN,44,13,44,13,NaN,NaN,NaN,NaN,NaN,NaN,NaN,NaN,NaN,NaN,TY,WN,B,B,NaN,NaN,NaN,NaN,NaN,NaN,
2000092400,26w.2000,SHANSHAN,STY,NN,32.6,171.4,65,NaN,45,20,45,20,NaN,NaN,NaN,NaN,NaN,NaN,NaN,NaN,NaN,NaN,TY,WN,B,B,NaN,NaN,NaN,NaN,NaN,NaN,
2000092406,26w.2000,SHANSHAN,STY,NN,35.2,173.9,60,NaN,41,30,41,30,NaN,NaN,NaN,NaN,NaN,NaN,NaN,NaN,NaN,NaN,TS,WN,B,B,NaN,NaN,NaN,NaN,NaN,NaN,
2000092412,26w.2000,SHANSHAN,STY,NN,38.9,176.7,60,NaN,34,38,34,38,NaN,NaN,NaN,NaN,NaN,NaN,NaN,NaN,NaN,NaN,TS,NW,B,B,NaN,NaN,NaN,NaN,NaN,NaN,
2000092718,w27.2000,9X-W27,TS,NN,23.9,165.1,20,NaN,360,6,360,6,NaN,NaN,NaN,NaN,NaN,NaN,NaN,NaN,NaN,NaN,NT,NW,B,B,NaN,NaN,NaN,NaN,NaN,NaN,
2000092800,w27.2000,9X-W27,TS,NN,24.5,165.1,20,NaN,360,6,360,6,NaN,NaN,NaN,NaN,NaN,NaN,NaN,NaN,NaN,NaN,NT,NW,B,B,NaN,NaN,NaN,NaN,NaN,NaN,
2000092806,w27.2000,9X-W27,TS,NN,25.1,165.1,20,NaN,360,6,360,6,NaN,NaN,NaN,NaN,NaN,NaN,NaN,NaN,NaN,NaN,NT,NW,B,B,NaN,NaN,NaN,NaN,NaN,NaN,
2000092812,w27.2000,9X-W27,TS,NN,25.8,165.2,25,NaN,4,7,4,7,NaN,NaN,NaN,NaN,NaN,NaN,NaN,NaN,NaN,NaN,TD,NW,B,B,NaN,NaN,NaN,NaN,NaN,NaN,
2000092818,27w.2000,NONAME,TS,NN,26.7,165.4,25,NaN,10,8,10,8,NaN,NaN,NaN,NaN,NaN,NaN,NaN,NaN,NaN,NaN,TD,WN,B,B,NaN,NaN,NaN,NaN,NaN,NaN,
2000092900,27w.2000,NONAME,TS,NN,27.3,165.7,35,NaN,17,8,17,8,NaN,NaN,NaN,NaN,NaN,NaN,NaN,NaN,NaN,NaN,TS,WN,B,B,NaN,NaN,NaN,NaN,NaN,NaN,
2000092906,27w.2000,NONAME,TS,NN,27.9,166.1,35,NaN,27,7,27,7,NaN,NaN,NaN,NaN,NaN,NaN,NaN,NaN,NaN,NaN,TS,WN,B,B,NaN,NaN,NaN,NaN,NaN,NaN,
2000092912,27w.2000,NONAME,TS,NN,28.3,166.4,30,NaN,32,6,32,6,NaN,NaN,NaN,NaN,NaN,NaN,NaN,NaN,NaN,NaN,TD,WN,B,B,NaN,NaN,NaN,NaN,NaN,NaN,
2000092918,27w.2000,NONAME,TS,NN,28.7,166.8,30,NaN,38,5,38,5,NaN,NaN,NaN,NaN,NaN,NaN,NaN,NaN,NaN,NaN,TD,WN,B,B,NaN,NaN,NaN,NaN,NaN,NaN,
2000093000,27w.2000,NONAME,TS,NN,29.1,167.3,25,NaN,45,6,45,6,NaN,NaN,NaN,NaN,NaN,NaN,NaN,NaN,NaN,NaN,TD,WN,B,B,NaN,NaN,NaN,NaN,NaN,NaN,
2000093006,27w.2000,NONAME,TS,NN,29.4,167.8,25,NaN,51,6,51,6,NaN,NaN,NaN,NaN,NaN,NaN,NaN,NaN,NaN,NaN,TD,WN,B,B,NaN,NaN,NaN,NaN,NaN,NaN,
2000093012,27w.2000,NONAME,TS,NN,29.8,168.1,25,NaN,45,5,45,5,NaN,NaN,NaN,NaN,NaN,NaN,NaN,NaN,NaN,NaN,TD,NW,B,B,NaN,NaN,NaN,NaN,NaN,NaN,
2000093018,27w.2000,NONAME,TS,NN,30.0,168.2,25,NaN,30,3,30,3,NaN,NaN,NaN,NaN,NaN,NaN,NaN,NaN,NaN,NaN,TD,NW,B,B,NaN,NaN,NaN,NaN,NaN,NaN,
2000100612,w28.2000,9X-W28,TS,NN,10.3,111.9,20,NaN,295,8,295,8,NaN,NaN,NaN,NaN,NaN,NaN,NaN,NaN,NaN,NaN,NT,NW,b,b,NaN,NaN,NaN,NaN,NaN,NaN,
2000100618,28w.2000,NONAME,TS,NN,10.8,110.5,30,NaN,104,2,104,2,NaN,NaN,NaN,NaN,NaN,NaN,NaN,NaN,NaN,NaN,TD,WN,B,B,NaN,NaN,NaN,NaN,NaN,NaN,
2000100700,28w.2000,NONAME,TS,NN,10.7,110.7,30,NaN,104,2,104,2,NaN,NaN,NaN,NaN,NaN,NaN,NaN,NaN,NaN,NaN,TD,WN,B,B,NaN,NaN,NaN,NaN,NaN,NaN,
2000100706,28w.2000,NONAME,TS,NN,10.7,110.9,30,NaN,104,2,104,2,NaN,NaN,NaN,NaN,NaN,NaN,NaN,NaN,NaN,NaN,TD,WN,B,B,NaN,NaN,NaN,NaN,NaN,NaN,
2000100712,28w.2000,NONAME,TS,NN,10.7,111.2,30,NaN,90,2,90,2,NaN,NaN,NaN,NaN,NaN,NaN,NaN,NaN,NaN,NaN,TD,WN,B,B,NaN,NaN,NaN,NaN,NaN,NaN,
2000100718,28w.2000,NONAME,TS,NN,10.8,111.5,30,NaN,80,3,80,3,NaN,NaN,NaN,NaN,NaN,NaN,NaN,NaN,NaN,NaN,TD,WN,B,B,NaN,NaN,NaN,NaN,NaN,NaN,
2000100800,28w.2000,NONAME,TS,NN,10.9,111.7,30,NaN,68,3,68,3,NaN,NaN,NaN,NaN,NaN,NaN,NaN,NaN,NaN,NaN,TD,WN,B,B,NaN,NaN,NaN,NaN,NaN,NaN,
2000100806,28w.2000,NONAME,TS,NN,11.0,112.0,35,NaN,68,3,68,3,NaN,NaN,NaN,NaN,NaN,NaN,NaN,NaN,NaN,NaN,TS,WN,B,B,NaN,NaN,NaN,NaN,NaN,NaN,
2000100812,28w.2000,NONAME,TS,NN,11.2,112.3,35,NaN,63,3,63,3,NaN,NaN,NaN,NaN,NaN,NaN,NaN,NaN,NaN,NaN,TS,WN,B,B,NaN,NaN,NaN,NaN,NaN,NaN,
2000100818,28w.2000,NONAME,TS,NN,11.5,112.2,40,NaN,21,3,21,3,NaN,NaN,NaN,NaN,NaN,NaN,NaN,NaN,NaN,NaN,TS,WN,B,B,NaN,NaN,NaN,NaN,NaN,NaN,
2000100900,28w.2000,NONAME,TS,NN,11.8,111.8,40,NaN,321,4,321,4,NaN,NaN,NaN,NaN,NaN,NaN,NaN,NaN,NaN,NaN,TS,WN,B,B,NaN,NaN,NaN,NaN,NaN,NaN,
2000100906,28w.2000,NONAME,TS,NN,12.2,111.6,40,NaN,320,5,320,5,NaN,NaN,NaN,NaN,NaN,NaN,NaN,NaN,NaN,NaN,TS,WN,B,B,NaN,NaN,NaN,NaN,NaN,NaN,
2000100912,28w.2000,NONAME,TS,NN,12.5,111.3,40,NaN,325,4,325,4,NaN,NaN,NaN,NaN,NaN,NaN,NaN,NaN,NaN,NaN,TS,WN,B,B,NaN,NaN,NaN,NaN,NaN,NaN,
2000100918,28w.2000,NONAME,TS,NN,12.7,110.9,40,NaN,306,4,306,4,NaN,NaN,NaN,NaN,NaN,NaN,NaN,NaN,NaN,NaN,TS,WN,B,B,NaN,NaN,NaN,NaN,NaN,NaN,
2000101000,28w.2000,NONAME,TS,NN,12.8,110.6,30,NaN,294,4,294,4,NaN,NaN,NaN,NaN,NaN,NaN,NaN,NaN,NaN,NaN,TD,WN,B,B,NaN,NaN,NaN,NaN,NaN,NaN,
2000101006,28w.2000,NONAME,TS,NN,13.2,110.5,30,NaN,322,3,322,3,NaN,NaN,NaN,NaN,NaN,NaN,NaN,NaN,NaN,NaN,TD,WN,B,B,NaN,NaN,NaN,NaN,NaN,NaN,
2000101012,28w.2000,NONAME,TS,NN,13.3,110.6,25,NaN,360,2,360,2,NaN,NaN,NaN,NaN,NaN,NaN,NaN,NaN,NaN,NaN,TD,WN,B,B,NaN,NaN,NaN,NaN,NaN,NaN,
2000101018,28w.2000,NONAME,TS,NN,13.4,110.7,25,NaN,44,1,44,1,NaN,NaN,NaN,NaN,NaN,NaN,NaN,NaN,NaN,NaN,TD,WN,B,B,NaN,NaN,NaN,NaN,NaN,NaN,
2000101100,28w.2000,NONAME,TS,NN,13.7,111.0,25,NaN,44,3,44,3,NaN,NaN,NaN,NaN,NaN,NaN,NaN,NaN,NaN,NaN,TD,WN,B,B,NaN,NaN,NaN,NaN,NaN,NaN,
2000101106,28w.2000,NONAME,TS,NN,13.9,111.5,25,NaN,57,5,57,5,NaN,NaN,NaN,NaN,NaN,NaN,NaN,NaN,NaN,NaN,TD,WN,B,B,NaN,NaN,NaN,NaN,NaN,NaN,
2000101112,28w.2000,NONAME,TS,NN,14.3,111.8,25,NaN,52,5,52,5,NaN,NaN,NaN,NaN,NaN,NaN,NaN,NaN,NaN,NaN,TD,WN,B,B,NaN,NaN,NaN,NaN,NaN,NaN,
2000101118,28w.2000,NONAME,TS,NN,14.5,112.1,25,NaN,44,4,44,4,NaN,NaN,NaN,NaN,NaN,NaN,NaN,NaN,NaN,NaN,TD,WN,B,B,NaN,NaN,NaN,NaN,NaN,NaN,
2000101200,28w.2000,NONAME,TS,NN,15.1,112.5,30,NaN,40,5,40,5,NaN,NaN,NaN,NaN,NaN,NaN,NaN,NaN,NaN,NaN,TD,WN,B,B,NaN,NaN,NaN,NaN,NaN,NaN,
2000101206,28w.2000,NONAME,TS,NN,15.7,112.7,30,NaN,26,7,26,7,NaN,NaN,NaN,NaN,NaN,NaN,NaN,NaN,NaN,NaN,TD,WN,B,B,NaN,NaN,NaN,NaN,NaN,NaN,
2000101212,28w.2000,NONAME,TS,NN,16.6,112.9,30,NaN,14,8,14,8,NaN,NaN,NaN,NaN,NaN,NaN,NaN,NaN,NaN,NaN,TD,WN,B,B,NaN,NaN,NaN,NaN,NaN,NaN,
2000101218,28w.2000,NONAME,TS,NN,17.3,113.0,30,NaN,10,8,10,8,NaN,NaN,NaN,NaN,NaN,NaN,NaN,NaN,NaN,NaN,TD,WN,B,B,NaN,NaN,NaN,NaN,NaN,NaN,
2000101300,28w.2000,NONAME,TS,NN,17.6,112.5,35,NaN,339,5,339,5,NaN,NaN,NaN,NaN,NaN,NaN,NaN,NaN,NaN,NaN,TS,WN,B,B,NaN,NaN,NaN,NaN,NaN,NaN,
2000101306,28w.2000,NONAME,TS,NN,17.6,111.7,35,NaN,284,6,284,6,NaN,NaN,NaN,NaN,NaN,NaN,NaN,NaN,NaN,NaN,TS,WN,B,B,NaN,NaN,NaN,NaN,NaN,NaN,
2000101312,28w.2000,NONAME,TS,NN,17.6,111.1,25,NaN,270,7,270,7,NaN,NaN,NaN,NaN,NaN,NaN,NaN,NaN,NaN,NaN,TD,NW,B,B,NaN,NaN,NaN,NaN,NaN,NaN,
2000101318,28w.2000,NONAME,TS,NN,17.5,110.7,20,NaN,264,5,264,5,NaN,NaN,NaN,NaN,NaN,NaN,NaN,NaN,NaN,NaN,NT,NW,B,B,NaN,NaN,NaN,NaN,NaN,NaN,
2000101400,28w.2000,NONAME,TS,NN,17.5,110.4,20,NaN,261,3,261,3,NaN,NaN,NaN,NaN,NaN,NaN,NaN,NaN,NaN,NaN,NT,NW,B,B,NaN,NaN,NaN,NaN,NaN,NaN,
2000101406,28w.2000,NONAME,TS,NN,17.4,110.0,20,NaN,261,3,261,3,NaN,NaN,NaN,NaN,NaN,NaN,NaN,NaN,NaN,NaN,NT,NW,B,B,NaN,NaN,NaN,NaN,NaN,NaN,
2000101412,28w.2000,NONAME,TS,NN,17.4,109.7,20,NaN,261,3,261,3,NaN,NaN,NaN,NaN,NaN,NaN,NaN,NaN,NaN,NaN,NT,NW,B,B,NaN,NaN,NaN,NaN,NaN,NaN,
2000101418,28w.2000,NONAME,TS,NN,17.4,109.5,20,NaN,270,2,270,2,NaN,NaN,NaN,NaN,NaN,NaN,NaN,NaN,NaN,NaN,NT,NW,B,B,NaN,NaN,NaN,NaN,NaN,NaN,
2000101812,w29.2000,9X-W29,TY,NN,13.5,152.9,15,NaN,290,12,319,11,NaN,NaN,NaN,NaN,NaN,NaN,NaN,NaN,NaN,NaN,NT,NW,c,c,NaN,NaN,NaN,NaN,NaN,NaN,
2000101818,w29.2000,9X-W29,TY,NN,13.0,151.9,20,NaN,290,12,319,11,NaN,NaN,NaN,NaN,NaN,NaN,NaN,NaN,NaN,NaN,NT,NW,c,c,NaN,NaN,NaN,NaN,NaN,NaN,
2000101900,w29.2000,9X-W29,TY,NN,12.5,150.8,25,NaN,351,6,319,11,NaN,NaN,NaN,NaN,NaN,NaN,NaN,NaN,NaN,NaN,TD,NW,c,c,NaN,NaN,NaN,NaN,NaN,NaN,
2000101906,w29.2000,9X-W29,TY,NN,14.0,150.2,25,NaN,351,6,319,11,NaN,NaN,NaN,NaN,NaN,NaN,NaN,NaN,NaN,NaN,TD,NW,c,c,NaN,NaN,NaN,NaN,NaN,NaN,
2000101912,w29.2000,9X-W29,TY,NN,15.4,149.7,25,NaN,351,6,319,11,NaN,NaN,NaN,NaN,NaN,NaN,NaN,NaN,NaN,NaN,TD,NW,c,c,NaN,NaN,NaN,NaN,NaN,NaN,
2000101918,w29.2000,9X-W29,TY,NN,16.9,149.1,25,NaN,351,6,319,11,NaN,NaN,NaN,NaN,NaN,NaN,NaN,NaN,NaN,NaN,TD,NW,c,c,NaN,NaN,NaN,NaN,NaN,NaN,
2000102000,w29.2000,9X-W29,TY,NN,18.4,148.5,25,NaN,343,23,319,11,NaN,NaN,NaN,NaN,NaN,NaN,NaN,NaN,NaN,NaN,TD,NW,c,c,NaN,NaN,NaN,NaN,NaN,NaN,
2000102006,w29.2000,9X-W29,TY,NN,18.4,148.8,25,NaN,343,23,331,10,NaN,NaN,NaN,NaN,NaN,NaN,NaN,NaN,NaN,NaN,TD,NW,c,c,NaN,NaN,NaN,NaN,NaN,NaN,
2000102012,w29.2000,9X-W29,TY,NN,18.3,149.0,25,NaN,332,5,343,10,NaN,NaN,NaN,NaN,NaN,NaN,NaN,NaN,NaN,NaN,TD,NW,c,c,NaN,NaN,NaN,NaN,NaN,NaN,
2000102018,w29.2000,9X-W29,TY,NN,19.6,148.4,25,NaN,333,10,355,4,NaN,NaN,NaN,NaN,NaN,NaN,NaN,NaN,NaN,NaN,TD,NW,c,c,NaN,NaN,NaN,NaN,NaN,NaN,
2000102100,w29.2000,9X-W29,TY,NN,19.7,145.6,20,NaN,286,18,286,18,NaN,NaN,NaN,NaN,NaN,NaN,NaN,NaN,NaN,NaN,NT,NW,B,B,NaN,NaN,NaN,NaN,NaN,NaN,
2000102106,w29.2000,9X-W29,TY,NN,20.1,144.0,20,NaN,286,18,286,18,NaN,NaN,NaN,NaN,NaN,NaN,NaN,NaN,NaN,NaN,NT,NW,B,B,NaN,NaN,NaN,NaN,NaN,NaN,
2000102112,w29.2000,9X-W29,TY,NN,20.7,141.9,25,NaN,286,18,286,18,NaN,NaN,NaN,NaN,NaN,NaN,NaN,NaN,NaN,NaN,TD,NW,B,B,NaN,NaN,NaN,NaN,NaN,NaN,
2000102118,29w.2000,YAGI,TY,NN,21.0,140.1,30,NaN,284,19,284,19,NaN,NaN,NaN,NaN,NaN,NaN,NaN,NaN,NaN,NaN,TD,WN,B,B,NaN,NaN,NaN,NaN,NaN,NaN,
2000102200,29w.2000,YAGI,TY,NN,21.0,138.6,35,NaN,276,15,276,15,NaN,NaN,NaN,NaN,NaN,NaN,NaN,NaN,NaN,NaN,TS,WN,B,B,NaN,NaN,NaN,NaN,NaN,NaN,
2000102206,29w.2000,YAGI,TY,NN,21.3,137.1,35,NaN,276,14,276,14,NaN,NaN,NaN,NaN,NaN,NaN,NaN,NaN,NaN,NaN,TS,WN,B,B,NaN,NaN,NaN,NaN,NaN,NaN,
2000102212,29w.2000,YAGI,TY,NN,21.5,135.6,35,NaN,280,14,280,14,NaN,NaN,NaN,NaN,NaN,NaN,NaN,NaN,NaN,NaN,TS,WN,B,B,NaN,NaN,NaN,NaN,NaN,NaN,
2000102218,29w.2000,YAGI,TY,NN,21.8,134.1,40,NaN,280,14,280,14,NaN,NaN,NaN,NaN,NaN,NaN,NaN,NaN,NaN,NaN,TS,WN,B,B,NaN,NaN,NaN,NaN,NaN,NaN,
2000102300,29w.2000,YAGI,TY,NN,22.1,132.7,45,NaN,283,14,283,14,NaN,NaN,NaN,NaN,NaN,NaN,NaN,NaN,NaN,NaN,TS,WN,B,B,NaN,NaN,NaN,NaN,NaN,NaN,
2000102306,29w.2000,YAGI,TY,NN,22.4,131.2,45,NaN,283,14,283,14,NaN,NaN,NaN,NaN,NaN,NaN,NaN,NaN,NaN,NaN,TS,WN,B,B,NaN,NaN,NaN,NaN,NaN,NaN,
2000102312,29w.2000,YAGI,TY,NN,22.6,130.2,55,NaN,282,12,282,12,NaN,NaN,NaN,NaN,NaN,NaN,NaN,NaN,NaN,NaN,TS,WN,B,B,NaN,NaN,NaN,NaN,NaN,NaN,
2000102318,29w.2000,YAGI,TY,NN,22.8,129.2,60,NaN,282,9,282,9,NaN,NaN,NaN,NaN,NaN,NaN,NaN,NaN,NaN,NaN,TS,WN,B,B,NaN,NaN,NaN,NaN,NaN,NaN,
2000102400,29w.2000,YAGI,TY,NN,23.0,128.2,65,NaN,282,9,282,9,NaN,NaN,NaN,NaN,NaN,NaN,NaN,NaN,NaN,NaN,TY,WN,B,B,NaN,NaN,NaN,NaN,NaN,NaN,
2000102406,29w.2000,YAGI,TY,NN,23.4,127.2,70,NaN,288,10,288,10,NaN,NaN,NaN,NaN,NaN,NaN,NaN,NaN,NaN,NaN,TY,WN,B,B,NaN,NaN,NaN,NaN,NaN,NaN,
2000102412,29w.2000,YAGI,TY,NN,23.7,126.3,95,NaN,292,9,292,9,NaN,NaN,NaN,NaN,NaN,NaN,NaN,NaN,NaN,NaN,TY,WN,B,B,NaN,NaN,NaN,NaN,NaN,NaN,
2000102418,29w.2000,YAGI,TY,NN,24.1,125.5,105,NaN,294,9,294,9,NaN,NaN,NaN,NaN,NaN,NaN,NaN,NaN,NaN,NaN,TY,WN,B,B,NaN,NaN,NaN,NaN,NaN,NaN,
2000102500,29w.2000,YAGI,TY,NN,24.6,124.9,105,NaN,305,8,305,8,NaN,NaN,NaN,NaN,NaN,NaN,NaN,NaN,NaN,NaN,TY,WN,B,B,NaN,NaN,0.03,NaN,NaN,NaN,
2000102506,29w.2000,YAGI,TY,NN,25.1,124.6,90,NaN,321,6,321,6,NaN,NaN,NaN,NaN,NaN,NaN,NaN,NaN,NaN,NaN,TY,WN,B,B,NaN,NaN,NaN,NaN,NaN,NaN,
2000102512,29w.2000,YAGI,TY,NN,25.6,124.4,85,NaN,336,5,336,5,NaN,NaN,NaN,NaN,NaN,NaN,NaN,NaN,NaN,NaN,TY,WN,B,B,NaN,NaN,NaN,NaN,NaN,NaN,
2000102518,29w.2000,YAGI,TY,NN,26.0,124.6,80,NaN,360,4,360,4,NaN,NaN,NaN,NaN,NaN,NaN,NaN,NaN,NaN,NaN,TY,WN,B,B,NaN,NaN,NaN,NaN,NaN,NaN,
2000102600,29w.2000,YAGI,TY,NN,26.3,125.2,75,NaN,46,5,46,5,NaN,NaN,NaN,NaN,NaN,NaN,NaN,NaN,NaN,NaN,TY,WN,B,B,NaN,NaN,NaN,NaN,NaN,NaN,
2000102606,29w.2000,YAGI,TY,NN,26.5,125.8,65,NaN,65,6,65,6,NaN,NaN,NaN,NaN,NaN,NaN,NaN,NaN,NaN,NaN,TY,WN,B,B,NaN,NaN,NaN,NaN,NaN,NaN,
2000102612,29w.2000,YAGI,TY,NN,26.5,126.5,60,NaN,80,6,80,6,NaN,NaN,NaN,NaN,NaN,NaN,NaN,NaN,NaN,NaN,TS,WN,B,B,NaN,NaN,NaN,NaN,NaN,NaN,
2000102618,29w.2000,YAGI,TY,NN,26.2,126.7,55,NaN,110,4,110,4,NaN,NaN,NaN,NaN,NaN,NaN,NaN,NaN,NaN,NaN,TS,WN,B,B,NaN,NaN,NaN,NaN,NaN,NaN,
2000102700,29w.2000,YAGI,TY,NN,25.8,126.6,45,NaN,173,4,173,4,NaN,NaN,NaN,NaN,NaN,NaN,NaN,NaN,NaN,NaN,TS,WN,B,B,NaN,NaN,NaN,NaN,NaN,NaN,
2000102706,29w.2000,YAGI,TY,NN,25.2,126.2,35,NaN,204,5,204,5,NaN,NaN,NaN,NaN,NaN,NaN,NaN,NaN,NaN,NaN,TS,WN,B,B,NaN,NaN,NaN,NaN,NaN,NaN,
2000102712,29w.2000,YAGI,TY,NN,25.0,125.7,30,NaN,225,6,225,6,NaN,NaN,NaN,NaN,NaN,NaN,NaN,NaN,NaN,NaN,TD,WN,B,B,NaN,NaN,0.02,NaN,NaN,NaN,
2000102718,29w.2000,YAGI,TY,NN,24.9,124.7,25,NaN,258,7,258,7,NaN,NaN,NaN,NaN,NaN,NaN,NaN,NaN,NaN,NaN,TD,WN,B,B,NaN,NaN,NaN,NaN,NaN,NaN,
2000102800,29w.2000,YAGI,TY,NN,24.9,123.9,25,NaN,266,8,266,8,NaN,NaN,NaN,NaN,NaN,NaN,NaN,NaN,NaN,NaN,TD,WN,B,B,NaN,NaN,NaN,NaN,NaN,NaN,
2000102806,29w.2000,YAGI,TY,NN,25.2,123.2,20,NaN,282,7,282,7,NaN,NaN,NaN,NaN,NaN,NaN,NaN,NaN,NaN,NaN,NT,WN,B,B,NaN,NaN,NaN,NaN,NaN,NaN,
2000102500,w30.2000,9X-W30,TY,NN,8.5,137.5,20,NaN,273,8,289,6,NaN,NaN,NaN,NaN,NaN,NaN,NaN,NaN,NaN,NaN,NT,NW,c,c,NaN,NaN,NaN,NaN,NaN,NaN,
2000102506,w30.2000,9X-W30,TY,NN,8.6,137.2,20,NaN,287,13,287,13,NaN,NaN,NaN,NaN,NaN,NaN,NaN,NaN,NaN,NaN,NT,NW,B,B,NaN,NaN,NaN,NaN,NaN,NaN,
2000102512,30w.2000,XANGSANE,TY,NN,9.0,136.0,30,NaN,287,13,287,13,NaN,NaN,NaN,NaN,NaN,NaN,NaN,NaN,NaN,NaN,TD,WN,B,B,NaN,NaN,NaN,NaN,NaN,NaN,
2000102518,30w.2000,XANGSANE,TY,NN,9.4,134.6,30,NaN,287,13,287,13,NaN,NaN,NaN,NaN,NaN,NaN,NaN,NaN,NaN,NaN,TD,WN,B,B,NaN,NaN,NaN,NaN,NaN,NaN,
2000102600,30w.2000,XANGSANE,TY,NN,9.8,132.9,30,NaN,285,16,285,16,NaN,NaN,NaN,NaN,NaN,NaN,NaN,NaN,NaN,NaN,TD,WN,B,B,NaN,NaN,NaN,NaN,NaN,NaN,
2000102606,30w.2000,XANGSANE,TY,NN,10.2,131.3,35,NaN,284,17,284,17,NaN,NaN,NaN,NaN,NaN,NaN,NaN,NaN,NaN,NaN,TS,WN,B,B,NaN,NaN,NaN,NaN,NaN,NaN,
2000102612,30w.2000,XANGSANE,TY,NN,10.6,130.2,45,NaN,287,14,287,14,NaN,NaN,NaN,NaN,NaN,NaN,NaN,NaN,NaN,NaN,TS,WN,B,B,NaN,NaN,NaN,NaN,NaN,NaN,
2000102618,30w.2000,XANGSANE,TY,NN,11.2,129.1,55,NaN,295,12,295,12,NaN,NaN,NaN,NaN,NaN,NaN,NaN,NaN,NaN,NaN,TS,WN,B,B,NaN,NaN,NaN,NaN,NaN,NaN,
2000102700,30w.2000,XANGSANE,TY,NN,11.9,128.1,65,NaN,302,12,302,12,NaN,NaN,NaN,NaN,NaN,NaN,NaN,NaN,NaN,NaN,TY,WN,B,B,NaN,NaN,NaN,NaN,NaN,NaN,
2000102706,30w.2000,XANGSANE,TY,NN,12.4,126.3,65,NaN,294,15,294,15,NaN,NaN,NaN,NaN,NaN,NaN,NaN,NaN,NaN,NaN,TY,WN,B,B,NaN,NaN,NaN,NaN,NaN,NaN,
2000102712,30w.2000,XANGSANE,TY,NN,13.2,124.9,70,NaN,293,17,293,17,NaN,NaN,NaN,NaN,NaN,NaN,NaN,NaN,NaN,NaN,TY,WN,B,B,NaN,NaN,0.03,NaN,NaN,NaN,
2000102718,30w.2000,XANGSANE,TY,NN,13.7,123.6,75,NaN,296,15,296,15,NaN,NaN,NaN,NaN,NaN,NaN,NaN,NaN,NaN,NaN,TY,WN,B,B,NaN,NaN,0.57,NaN,NaN,NaN,
2000102800,30w.2000,XANGSANE,TY,NN,13.9,122.5,65,NaN,287,12,287,12,NaN,NaN,NaN,NaN,NaN,NaN,NaN,NaN,NaN,NaN,TY,WN,B,B,NaN,NaN,0.49,NaN,NaN,NaN,
2000102806,30w.2000,XANGSANE,TY,NN,14.2,121.5,65,NaN,284,10,284,10,NaN,NaN,NaN,NaN,NaN,NaN,NaN,NaN,NaN,NaN,TY,WN,B,B,NaN,NaN,0.50,NaN,NaN,NaN,
2000102812,30w.2000,XANGSANE,TY,NN,14.6,120.6,65,NaN,291,10,291,10,NaN,NaN,NaN,NaN,NaN,NaN,NaN,NaN,NaN,NaN,TY,WN,B,B,NaN,NaN,0.43,NaN,NaN,NaN,
2000102818,30w.2000,XANGSANE,TY,NN,15.2,119.9,55,NaN,303,9,303,9,NaN,NaN,NaN,NaN,NaN,NaN,NaN,NaN,NaN,NaN,TS,WN,B,B,NaN,NaN,0.39,NaN,NaN,NaN,
2000102900,30w.2000,XANGSANE,TY,NN,15.8,119.0,55,NaN,308,10,308,10,NaN,NaN,NaN,NaN,NaN,NaN,NaN,NaN,NaN,NaN,TS,WN,B,B,NaN,NaN,NaN,NaN,NaN,NaN,
2000102906,30w.2000,XANGSANE,TY,NN,15.8,118.4,55,NaN,293,8,293,8,NaN,NaN,NaN,NaN,NaN,NaN,NaN,NaN,NaN,NaN,TS,WN,B,B,NaN,NaN,NaN,NaN,NaN,NaN,
2000102912,30w.2000,XANGSANE,TY,NN,16.0,118.1,55,NaN,283,4,283,4,NaN,NaN,NaN,NaN,NaN,NaN,NaN,NaN,NaN,NaN,TS,WN,B,B,NaN,NaN,NaN,NaN,NaN,NaN,
2000102918,30w.2000,XANGSANE,TY,NN,16.2,118.1,65,NaN,324,2,324,2,NaN,NaN,NaN,NaN,NaN,NaN,NaN,NaN,NaN,NaN,TY,WN,B,B,NaN,NaN,NaN,NaN,NaN,NaN,
2000103000,30w.2000,XANGSANE,TY,NN,16.4,118.3,90,NaN,26,2,26,2,NaN,NaN,NaN,NaN,NaN,NaN,NaN,NaN,NaN,NaN,TY,WN,B,B,NaN,NaN,NaN,NaN,NaN,NaN,
2000103006,30w.2000,XANGSANE,TY,NN,16.8,118.7,90,NaN,44,4,44,4,NaN,NaN,NaN,NaN,NaN,NaN,NaN,NaN,NaN,NaN,TY,WN,B,B,NaN,NaN,NaN,NaN,NaN,NaN,
2000103012,30w.2000,XANGSANE,TY,NN,17.3,119.2,90,NaN,44,6,44,6,NaN,NaN,NaN,NaN,NaN,NaN,NaN,NaN,NaN,NaN,TY,WN,B,B,NaN,NaN,NaN,NaN,NaN,NaN,
2000103018,30w.2000,XANGSANE,TY,NN,18.0,119.5,90,NaN,32,7,32,7,NaN,NaN,NaN,NaN,NaN,NaN,NaN,NaN,NaN,NaN,TY,WN,B,B,NaN,NaN,NaN,NaN,NaN,NaN,
2000103100,30w.2000,XANGSANE,TY,NN,18.6,119.7,90,NaN,20,7,20,7,NaN,NaN,NaN,NaN,NaN,NaN,NaN,NaN,NaN,NaN,TY,WN,B,B,NaN,NaN,NaN,NaN,NaN,NaN,
2000103106,30w.2000,XANGSANE,TY,NN,19.6,120.1,90,NaN,20,8,20,8,NaN,NaN,NaN,NaN,NaN,NaN,NaN,NaN,NaN,NaN,TY,WN,B,B,NaN,NaN,NaN,NaN,NaN,NaN,
2000103112,30w.2000,XANGSANE,TY,NN,20.9,120.6,90,NaN,20,12,20,12,NaN,NaN,NaN,NaN,NaN,NaN,NaN,NaN,NaN,NaN,TY,WN,B,B,NaN,NaN,NaN,NaN,NaN,NaN,
2000103118,30w.2000,XANGSANE,TY,NN,22.6,121.3,85,NaN,20,16,20,16,NaN,NaN,NaN,NaN,NaN,NaN,NaN,NaN,NaN,NaN,TY,WN,B,B,NaN,NaN,0.07,NaN,NaN,NaN,
2000110100,30w.2000,XANGSANE,TY,NN,24.3,122.1,80,NaN,22,18,22,18,NaN,NaN,NaN,NaN,NaN,NaN,NaN,NaN,NaN,NaN,TY,WN,B,B,NaN,NaN,0.28,NaN,NaN,NaN,
2000110106,30w.2000,XANGSANE,TY,NN,26.2,123.1,65,NaN,24,20,24,20,NaN,NaN,NaN,NaN,NaN,NaN,NaN,NaN,NaN,NaN,TY,WN,B,B,NaN,NaN,NaN,NaN,NaN,NaN,
2000110112,30w.2000,XANGSANE,TY,NN,28.8,125.6,50,NaN,35,27,35,27,NaN,NaN,NaN,NaN,NaN,NaN,NaN,NaN,NaN,NaN,TS,WN,B,B,NaN,NaN,NaN,NaN,NaN,NaN,
2000110118,30w.2000,XANGSANE,TY,NN,31.9,129.4,45,NaN,44,40,44,40,NaN,NaN,NaN,NaN,NaN,NaN,NaN,NaN,NaN,NaN,TS,WN,B,B,NaN,NaN,0.02,NaN,NaN,NaN,
2000103006,w31.2000,9X-W31,TY,NN,5.1,137.8,20,NaN,274,7,290,18,NaN,NaN,NaN,NaN,NaN,NaN,NaN,NaN,NaN,NaN,NT,NW,c,c,NaN,NaN,NaN,NaN,NaN,NaN,
2000103012,w31.2000,9X-W31,TY,NN,6.0,136.1,20,NaN,307,17,307,17,NaN,NaN,NaN,NaN,NaN,NaN,NaN,NaN,NaN,NaN,NT,NW,B,B,NaN,NaN,NaN,NaN,NaN,NaN,
2000103018,w31.2000,9X-W31,TY,NN,6.3,134.4,25,NaN,307,17,307,17,NaN,NaN,NaN,NaN,NaN,NaN,NaN,NaN,NaN,NaN,TD,NW,B,B,NaN,NaN,NaN,NaN,NaN,NaN,
2000103100,31w.2000,BEBINCA,TY,NN,8.0,133.4,25,NaN,307,17,307,17,NaN,NaN,NaN,NaN,NaN,NaN,NaN,NaN,NaN,NaN,TD,WN,B,B,NaN,NaN,NaN,NaN,NaN,NaN,
2000103106,31w.2000,BEBINCA,TY,NN,9.0,132.3,25,NaN,322,17,322,17,NaN,NaN,NaN,NaN,NaN,NaN,NaN,NaN,NaN,NaN,TD,WN,B,B,NaN,NaN,NaN,NaN,NaN,NaN,
2000103112,31w.2000,BEBINCA,TY,NN,9.5,131.0,25,NaN,302,14,302,14,NaN,NaN,NaN,NaN,NaN,NaN,NaN,NaN,NaN,NaN,TD,WN,B,B,NaN,NaN,NaN,NaN,NaN,NaN,
2000103118,31w.2000,BEBINCA,TY,NN,10.0,130.0,25,NaN,294,12,294,12,NaN,NaN,NaN,NaN,NaN,NaN,NaN,NaN,NaN,NaN,TD,WN,B,B,NaN,NaN,NaN,NaN,NaN,NaN,
2000110100,31w.2000,BEBINCA,TY,NN,10.6,129.1,35,NaN,300,11,300,11,NaN,NaN,NaN,NaN,NaN,NaN,NaN,NaN,NaN,NaN,TS,WN,B,B,NaN,NaN,NaN,NaN,NaN,NaN,
2000110106,31w.2000,BEBINCA,TY,NN,11.4,128.4,35,NaN,312,11,312,11,NaN,NaN,NaN,NaN,NaN,NaN,NaN,NaN,NaN,NaN,TS,WN,B,B,NaN,NaN,NaN,NaN,NaN,NaN,
2000110112,31w.2000,BEBINCA,TY,NN,12.1,126.9,45,NaN,305,13,305,13,NaN,NaN,NaN,NaN,NaN,NaN,NaN,NaN,NaN,NaN,TS,WN,B,B,NaN,NaN,NaN,NaN,NaN,NaN,
2000110118,31w.2000,BEBINCA,TY,NN,12.8,126.0,55,NaN,301,14,301,14,NaN,NaN,NaN,NaN,NaN,NaN,NaN,NaN,NaN,NaN,TS,WN,B,B,NaN,NaN,NaN,NaN,NaN,NaN,
2000110200,31w.2000,BEBINCA,TY,NN,13.5,124.8,60,NaN,304,12,304,12,NaN,NaN,NaN,NaN,NaN,NaN,NaN,NaN,NaN,NaN,TS,WN,B,B,NaN,NaN,NaN,NaN,NaN,NaN,
2000110206,31w.2000,BEBINCA,TY,NN,14.1,123.5,75,NaN,298,14,298,14,NaN,NaN,NaN,NaN,NaN,NaN,NaN,NaN,NaN,NaN,TY,WN,B,B,NaN,NaN,0.30,NaN,NaN,NaN,
2000110212,31w.2000,BEBINCA,TY,NN,14.4,122.4,85,NaN,291,12,291,12,NaN,NaN,NaN,NaN,NaN,NaN,NaN,NaN,NaN,NaN,TY,WN,B,B,NaN,NaN,0.25,NaN,NaN,NaN,
2000110218,31w.2000,BEBINCA,TY,NN,14.5,121.4,85,NaN,281,10,281,10,NaN,NaN,NaN,NaN,NaN,NaN,NaN,NaN,NaN,NaN,TY,WN,B,B,NaN,NaN,0.64,NaN,NaN,NaN,
2000110300,31w.2000,BEBINCA,TY,NN,14.7,120.4,75,NaN,279,10,279,10,NaN,NaN,NaN,NaN,NaN,NaN,NaN,NaN,NaN,NaN,TY,WN,B,B,NaN,NaN,0.43,NaN,NaN,NaN,
2000110306,31w.2000,BEBINCA,TY,NN,15.0,119.6,65,NaN,286,9,286,9,NaN,NaN,NaN,NaN,NaN,NaN,NaN,NaN,NaN,NaN,TY,WN,B,B,NaN,NaN,0.01,NaN,NaN,NaN,
2000110312,31w.2000,BEBINCA,TY,NN,15.3,118.8,55,NaN,291,8,291,8,NaN,NaN,NaN,NaN,NaN,NaN,NaN,NaN,NaN,NaN,TS,WN,B,B,NaN,NaN,NaN,NaN,NaN,NaN,
2000110318,31w.2000,BEBINCA,TY,NN,15.7,118.5,50,NaN,303,6,303,6,NaN,NaN,NaN,NaN,NaN,NaN,NaN,NaN,NaN,NaN,TS,WN,B,B,NaN,NaN,NaN,NaN,NaN,NaN,
2000110400,31w.2000,BEBINCA,TY,NN,16.2,117.7,55,NaN,310,7,310,7,NaN,NaN,NaN,NaN,NaN,NaN,NaN,NaN,NaN,NaN,TS,WN,B,B,NaN,NaN,NaN,NaN,NaN,NaN,
2000110406,31w.2000,BEBINCA,TY,NN,16.4,117.5,55,NaN,306,6,306,6,NaN,NaN,NaN,NaN,NaN,NaN,NaN,NaN,NaN,NaN,TS,WN,B,B,NaN,NaN,NaN,NaN,NaN,NaN,
2000110412,31w.2000,BEBINCA,TY,NN,16.9,117.2,55,NaN,326,4,326,4,NaN,NaN,NaN,NaN,NaN,NaN,NaN,NaN,NaN,NaN,TS,WN,B,B,NaN,NaN,NaN,NaN,NaN,NaN,
2000110418,31w.2000,BEBINCA,TY,NN,17.0,117.0,55,NaN,321,4,321,4,NaN,NaN,NaN,NaN,NaN,NaN,NaN,NaN,NaN,NaN,TS,WN,B,B,NaN,NaN,NaN,NaN,NaN,NaN,
2000110500,31w.2000,BEBINCA,TY,NN,17.1,117.0,55,NaN,316,1,316,1,NaN,NaN,NaN,NaN,NaN,NaN,NaN,NaN,NaN,NaN,TS,WN,B,B,NaN,NaN,NaN,NaN,NaN,NaN,
2000110506,31w.2000,BEBINCA,TY,NN,17.8,116.9,55,NaN,353,4,353,4,NaN,NaN,NaN,NaN,NaN,NaN,NaN,NaN,NaN,NaN,TS,WN,B,B,NaN,NaN,NaN,NaN,NaN,NaN,
2000110512,31w.2000,BEBINCA,TY,NN,18.5,116.6,65,NaN,345,7,345,7,NaN,NaN,NaN,NaN,NaN,NaN,NaN,NaN,NaN,NaN,TY,WN,B,B,NaN,NaN,NaN,NaN,NaN,NaN,
2000110518,31w.2000,BEBINCA,TY,NN,19.2,116.7,65,NaN,352,7,352,7,NaN,NaN,NaN,NaN,NaN,NaN,NaN,NaN,NaN,NaN,TY,WN,B,B,NaN,NaN,NaN,NaN,NaN,NaN,
2000110600,31w.2000,BEBINCA,TY,NN,19.5,116.9,65,NaN,16,5,16,5,NaN,NaN,NaN,NaN,NaN,NaN,NaN,NaN,NaN,NaN,TY,WN,B,B,NaN,NaN,NaN,NaN,NaN,NaN,
2000110606,31w.2000,BEBINCA,TY,NN,19.9,117.0,65,NaN,22,4,22,4,NaN,NaN,NaN,NaN,NaN,NaN,NaN,NaN,NaN,NaN,TY,WN,B,B,NaN,NaN,NaN,NaN,NaN,NaN,
2000110612,31w.2000,BEBINCA,TY,NN,20.1,116.8,45,NaN,351,3,351,3,NaN,NaN,NaN,NaN,NaN,NaN,NaN,NaN,NaN,NaN,TS,WN,B,B,NaN,NaN,NaN,NaN,NaN,NaN,
2000110618,31w.2000,BEBINCA,TY,NN,20.3,116.3,35,NaN,301,4,301,4,NaN,NaN,NaN,NaN,NaN,NaN,NaN,NaN,NaN,NaN,TS,WN,B,B,NaN,NaN,NaN,NaN,NaN,NaN,
2000110700,31w.2000,BEBINCA,TY,NN,20.4,115.8,30,NaN,288,5,288,5,NaN,NaN,NaN,NaN,NaN,NaN,NaN,NaN,NaN,NaN,TD,WN,B,B,NaN,NaN,NaN,NaN,NaN,NaN,
2000110706,31w.2000,BEBINCA,TY,NN,20.7,115.2,25,NaN,291,6,291,6,NaN,NaN,NaN,NaN,NaN,NaN,NaN,NaN,NaN,NaN,TD,WN,B,B,NaN,NaN,NaN,NaN,NaN,NaN,
2000110712,31w.2000,BEBINCA,TY,NN,20.9,114.3,25,NaN,290,7,290,7,NaN,NaN,NaN,NaN,NaN,NaN,NaN,NaN,NaN,NaN,TD,WN,B,B,NaN,NaN,NaN,NaN,NaN,NaN,
2000110718,31w.2000,BEBINCA,TY,NN,21.1,113.6,25,NaN,285,8,285,8,NaN,NaN,NaN,NaN,NaN,NaN,NaN,NaN,NaN,NaN,TD,WN,B,B,NaN,NaN,NaN,NaN,NaN,NaN,
2000110800,31w.2000,BEBINCA,TY,NN,21.4,113.0,20,NaN,292,7,292,7,NaN,NaN,NaN,NaN,NaN,NaN,NaN,NaN,NaN,NaN,NT,WN,B,B,NaN,NaN,0.10,NaN,NaN,NaN,
2000110712,w32.2000,9X-W32,TD,NN,18.0,125.5,20,NaN,325,10,325,10,NaN,NaN,NaN,NaN,NaN,NaN,NaN,NaN,NaN,NaN,NT,NW,B,B,NaN,NaN,NaN,NaN,NaN,NaN,
2000110718,w32.2000,9X-W32,TD,NN,18.7,124.8,20,NaN,325,10,325,10,NaN,NaN,NaN,NaN,NaN,NaN,NaN,NaN,NaN,NaN,NT,NW,B,B,NaN,NaN,NaN,NaN,NaN,NaN,
2000110800,32w.2000,NONAME,TD,NN,19.6,124.3,25,NaN,325,10,325,10,NaN,NaN,NaN,NaN,NaN,NaN,NaN,NaN,NaN,NaN,TD,WN,B,B,NaN,NaN,NaN,NaN,NaN,NaN,
2000110806,32w.2000,NONAME,TD,NN,20.7,124.2,25,NaN,344,10,344,10,NaN,NaN,NaN,NaN,NaN,NaN,NaN,NaN,NaN,NaN,TD,WN,B,B,NaN,NaN,NaN,NaN,NaN,NaN,
2000110812,32w.2000,NONAME,TD,NN,21.7,124.2,25,NaN,357,11,357,11,NaN,NaN,NaN,NaN,NaN,NaN,NaN,NaN,NaN,NaN,TD,WN,B,B,NaN,NaN,NaN,NaN,NaN,NaN,
2000110818,32w.2000,NONAME,TD,NN,22.8,124.4,25,NaN,5,11,5,11,NaN,NaN,NaN,NaN,NaN,NaN,NaN,NaN,NaN,NaN,TD,WN,B,B,NaN,NaN,NaN,NaN,NaN,NaN,
2000110900,32w.2000,NONAME,TD,NN,24.4,125.2,30,NaN,19,14,19,14,NaN,NaN,NaN,NaN,NaN,NaN,NaN,NaN,NaN,NaN,TD,WN,B,B,NaN,NaN,0.03,NaN,NaN,NaN,
2000110906,32w.2000,NONAME,TD,NN,25.7,126.5,30,NaN,33,17,33,17,NaN,NaN,NaN,NaN,NaN,NaN,NaN,NaN,NaN,NaN,TD,WN,B,B,NaN,NaN,NaN,NaN,NaN,NaN,
2000110912,32w.2000,NONAME,TD,NN,26.6,127.8,30,NaN,47,16,47,16,NaN,NaN,NaN,NaN,NaN,NaN,NaN,NaN,NaN,NaN,TD,WN,B,B,NaN,NaN,0.10,NaN,NaN,NaN,
2000110918,32w.2000,NONAME,TD,NN,27.2,129.6,25,NaN,62,16,62,16,NaN,NaN,NaN,NaN,NaN,NaN,NaN,NaN,NaN,NaN,TD,WN,B,B,NaN,NaN,NaN,NaN,NaN,NaN,
2000111000,32w.2000,NONAME,TD,NN,27.5,131.5,25,NaN,75,17,75,17,NaN,NaN,NaN,NaN,NaN,NaN,NaN,NaN,NaN,NaN,TD,NW,B,B,NaN,NaN,NaN,NaN,NaN,NaN,
2000111006,32w.2000,NONAME,TD,NN,27.8,133.4,25,NaN,80,17,80,17,NaN,NaN,NaN,NaN,NaN,NaN,NaN,NaN,NaN,NaN,TD,NW,B,B,NaN,NaN,NaN,NaN,NaN,NaN,
2000112700,w33.2000,9X-W33,TS,NN,8.0,132.8,15,NaN,290,7,290,7,NaN,NaN,NaN,NaN,NaN,NaN,NaN,NaN,NaN,NaN,NT,NW,B,B,NaN,NaN,NaN,NaN,NaN,NaN,
2000112706,w33.2000,9X-W33,TS,NN,8.3,132.0,20,NaN,290,7,290,7,NaN,NaN,NaN,NaN,NaN,NaN,NaN,NaN,NaN,NaN,NT,NW,B,B,NaN,NaN,NaN,NaN,NaN,NaN,
2000112712,w33.2000,9X-W33,TS,NN,8.5,131.4,20,NaN,290,7,290,7,NaN,NaN,NaN,NaN,NaN,NaN,NaN,NaN,NaN,NaN,NT,NW,B,B,NaN,NaN,NaN,NaN,NaN,NaN,
2000112718,w33.2000,9X-W33,TS,NN,8.6,130.9,25,NaN,285,6,285,6,NaN,NaN,NaN,NaN,NaN,NaN,NaN,NaN,NaN,NaN,TD,NW,B,B,NaN,NaN,NaN,NaN,NaN,NaN,
2000112800,33w.2000,RUMBIA,TS,NN,8.6,130.6,30,NaN,277,4,277,4,NaN,NaN,NaN,NaN,NaN,NaN,NaN,NaN,NaN,NaN,TD,WN,B,B,NaN,NaN,NaN,NaN,NaN,NaN,
2000112806,33w.2000,RUMBIA,TS,NN,8.6,130.4,30,NaN,270,2,270,2,NaN,NaN,NaN,NaN,NaN,NaN,NaN,NaN,NaN,NaN,TD,WN,B,B,NaN,NaN,NaN,NaN,NaN,NaN,
2000112812,33w.2000,RUMBIA,TS,NN,8.7,130.0,35,NaN,280,3,280,3,NaN,NaN,NaN,NaN,NaN,NaN,NaN,NaN,NaN,NaN,TS,WN,B,B,NaN,NaN,NaN,NaN,NaN,NaN,
2000112818,33w.2000,RUMBIA,TS,NN,9.0,129.4,45,NaN,292,5,292,5,NaN,NaN,NaN,NaN,NaN,NaN,NaN,NaN,NaN,NaN,TS,WN,B,B,NaN,NaN,NaN,NaN,NaN,NaN,
2000112900,33w.2000,RUMBIA,TS,NN,9.3,128.7,50,NaN,295,7,295,7,NaN,NaN,NaN,NaN,NaN,NaN,NaN,NaN,NaN,NaN,TS,WN,B,B,NaN,NaN,NaN,NaN,NaN,NaN,
2000112906,33w.2000,RUMBIA,TS,NN,9.6,127.9,50,NaN,292,8,292,8,NaN,NaN,NaN,NaN,NaN,NaN,NaN,NaN,NaN,NaN,TS,WN,B,B,NaN,NaN,NaN,NaN,NaN,NaN,
2000112912,33w.2000,RUMBIA,TS,NN,10.1,127.0,50,NaN,296,9,296,9,NaN,NaN,NaN,NaN,NaN,NaN,NaN,NaN,NaN,NaN,TS,WN,B,B,NaN,NaN,NaN,NaN,NaN,NaN,
2000112918,33w.2000,RUMBIA,TS,NN,10.6,126.1,50,NaN,299,10,299,10,NaN,NaN,NaN,NaN,NaN,NaN,NaN,NaN,NaN,NaN,TS,WN,B,B,NaN,NaN,0.08,NaN,NaN,NaN,
2000113000,33w.2000,RUMBIA,TS,NN,11.0,125.2,55,NaN,297,10,297,10,NaN,NaN,NaN,NaN,NaN,NaN,NaN,NaN,NaN,NaN,TS,WN,B,B,NaN,NaN,0.52,NaN,NaN,NaN,
2000113006,33w.2000,RUMBIA,TS,NN,11.4,124.2,55,NaN,293,10,293,10,NaN,NaN,NaN,NaN,NaN,NaN,NaN,NaN,NaN,NaN,TS,WN,B,B,NaN,NaN,0.21,NaN,NaN,NaN,
2000113012,33w.2000,RUMBIA,TS,NN,11.7,123.2,55,NaN,290,10,290,10,NaN,NaN,NaN,NaN,NaN,NaN,NaN,NaN,NaN,NaN,TS,WN,B,B,NaN,NaN,0.35,NaN,NaN,NaN,
2000113018,33w.2000,RUMBIA,TS,NN,11.9,122.3,55,NaN,285,10,285,10,NaN,NaN,NaN,NaN,NaN,NaN,NaN,NaN,NaN,NaN,TS,WN,B,B,NaN,NaN,0.25,NaN,NaN,NaN,
2000120100,33w.2000,RUMBIA,TS,NN,11.8,121.7,50,NaN,274,7,274,7,NaN,NaN,NaN,NaN,NaN,NaN,NaN,NaN,NaN,NaN,TS,WN,B,B,NaN,NaN,0.16,NaN,NaN,NaN,
2000120106,33w.2000,RUMBIA,TS,NN,11.6,121.2,50,NaN,254,6,254,6,NaN,NaN,NaN,NaN,NaN,NaN,NaN,NaN,NaN,NaN,TS,WN,B,B,NaN,NaN,0.01,NaN,NaN,NaN,
2000120112,33w.2000,RUMBIA,TS,NN,11.5,120.6,45,NaN,254,6,254,6,NaN,NaN,NaN,NaN,NaN,NaN,NaN,NaN,NaN,NaN,TS,WN,B,B,NaN,NaN,0.03,NaN,NaN,NaN,
2000120118,33w.2000,RUMBIA,TS,NN,11.4,119.8,30,NaN,262,7,262,7,NaN,NaN,NaN,NaN,NaN,NaN,NaN,NaN,NaN,NaN,TD,WN,B,B,NaN,NaN,0.08,NaN,NaN,NaN,
2000120200,33w.2000,RUMBIA,TS,NN,11.6,121.2,30,NaN,80,3,80,3,NaN,NaN,NaN,NaN,NaN,NaN,NaN,NaN,NaN,NaN,TD,WN,B,B,NaN,NaN,0.01,NaN,NaN,NaN,
2000120206,33w.2000,RUMBIA,TS,NN,11.5,120.6,30,NaN,83,4,83,4,NaN,NaN,NaN,NaN,NaN,NaN,NaN,NaN,NaN,NaN,TD,WN,B,B,NaN,NaN,0.03,NaN,NaN,NaN,
2000120212,33w.2000,RUMBIA,TS,NN,11.4,119.8,25,NaN,262,7,262,7,NaN,NaN,NaN,NaN,NaN,NaN,NaN,NaN,NaN,NaN,TD,WN,B,B,NaN,NaN,0.08,NaN,NaN,NaN,
2000120218,33w.2000,RUMBIA,TS,NN,11.4,118.7,25,NaN,267,9,267,9,NaN,NaN,NaN,NaN,NaN,NaN,NaN,NaN,NaN,NaN,TD,WN,B,B,NaN,NaN,NaN,NaN,NaN,NaN,
2000120300,33w.2000,RUMBIA,TS,NN,11.4,117.4,25,NaN,270,12,270,12,NaN,NaN,NaN,NaN,NaN,NaN,NaN,NaN,NaN,NaN,TD,WN,B,B,NaN,NaN,NaN,NaN,NaN,NaN,
2000120306,33w.2000,RUMBIA,TS,NN,11.3,116.0,25,NaN,268,13,268,13,NaN,NaN,NaN,NaN,NaN,NaN,NaN,NaN,NaN,NaN,TD,WN,B,B,NaN,NaN,NaN,NaN,NaN,NaN,
2000120312,33w.2000,RUMBIA,TS,NN,11.0,115.0,25,NaN,260,12,260,12,NaN,NaN,NaN,NaN,NaN,NaN,NaN,NaN,NaN,NaN,TD,WN,B,B,NaN,NaN,NaN,NaN,NaN,NaN,
2000120318,33w.2000,RUMBIA,TS,NN,10.7,114.5,25,NaN,248,8,248,8,NaN,NaN,NaN,NaN,NaN,NaN,NaN,NaN,NaN,NaN,TD,WN,B,B,NaN,NaN,NaN,NaN,NaN,NaN,
2000120400,33w.2000,RUMBIA,TS,NN,10.2,114.1,25,NaN,228,6,228,6,NaN,NaN,NaN,NaN,NaN,NaN,NaN,NaN,NaN,NaN,TD,WN,B,B,NaN,NaN,NaN,NaN,NaN,NaN,
2000120406,33w.2000,RUMBIA,TS,NN,9.9,114.0,20,NaN,212,5,212,5,NaN,NaN,NaN,NaN,NaN,NaN,NaN,NaN,NaN,NaN,NT,NW,B,B,NaN,NaN,NaN,NaN,NaN,NaN,
2000120412,33w.2000,RUMBIA,TS,NN,9.7,113.9,20,NaN,202,3,202,3,NaN,NaN,NaN,NaN,NaN,NaN,NaN,NaN,NaN,NaN,NT,NW,B,B,NaN,NaN,NaN,NaN,NaN,NaN,
2000120418,33w.2000,RUMBIA,TS,NN,9.6,113.7,25,NaN,225,2,225,2,NaN,NaN,NaN,NaN,NaN,NaN,NaN,NaN,NaN,NaN,TD,NW,B,B,NaN,NaN,NaN,NaN,NaN,NaN,
2000120500,33w.2000,RUMBIA,TS,NN,9.4,113.4,25,NaN,239,3,239,3,NaN,NaN,NaN,NaN,NaN,NaN,NaN,NaN,NaN,NaN,TD,NW,B,B,NaN,NaN,NaN,NaN,NaN,NaN,
2000120506,33w.2000,RUMBIA,TS,NN,9.3,113.1,25,NaN,243,3,243,3,NaN,NaN,NaN,NaN,NaN,NaN,NaN,NaN,NaN,NaN,TD,NW,B,B,NaN,NaN,NaN,NaN,NaN,NaN,
2000120512,33w.2000,RUMBIA,TS,NN,9.2,112.7,35,NaN,254,4,254,4,NaN,NaN,NaN,NaN,NaN,NaN,NaN,NaN,NaN,NaN,TS,WN,B,B,NaN,NaN,NaN,NaN,NaN,NaN,
2000120518,33w.2000,RUMBIA,TS,NN,9.2,112.3,35,NaN,263,4,263,4,NaN,NaN,NaN,NaN,NaN,NaN,NaN,NaN,NaN,NaN,TS,WN,B,B,NaN,NaN,NaN,NaN,NaN,NaN,
2000120600,33w.2000,RUMBIA,TS,NN,9.3,111.9,35,NaN,277,4,277,4,NaN,NaN,NaN,NaN,NaN,NaN,NaN,NaN,NaN,NaN,TS,WN,B,B,NaN,NaN,NaN,NaN,NaN,NaN,
2000120606,33w.2000,RUMBIA,TS,NN,9.5,111.4,35,NaN,289,5,289,5,NaN,NaN,NaN,NaN,NaN,NaN,NaN,NaN,NaN,NaN,TS,WN,B,B,NaN,NaN,NaN,NaN,NaN,NaN,
2000120612,33w.2000,RUMBIA,TS,NN,9.9,110.8,35,NaN,299,6,299,6,NaN,NaN,NaN,NaN,NaN,NaN,NaN,NaN,NaN,NaN,TS,WN,B,B,NaN,NaN,NaN,NaN,NaN,NaN,
2000120618,33w.2000,RUMBIA,TS,NN,9.7,110.0,30,NaN,278,7,278,7,NaN,NaN,NaN,NaN,NaN,NaN,NaN,NaN,NaN,NaN,TD,WN,B,B,NaN,NaN,NaN,NaN,NaN,NaN,
2000120700,33w.2000,RUMBIA,TS,NN,10.0,109.3,30,NaN,274,7,274,7,NaN,NaN,NaN,NaN,NaN,NaN,NaN,NaN,NaN,NaN,TD,WN,B,B,NaN,NaN,NaN,NaN,NaN,NaN,
2000120706,33w.2000,RUMBIA,TS,NN,9.7,108.1,25,NaN,270,9,270,9,NaN,NaN,NaN,NaN,NaN,NaN,NaN,NaN,NaN,NaN,TD,WN,B,B,NaN,NaN,NaN,NaN,NaN,NaN,
2000120712,33w.2000,RUMBIA,TS,NN,9.5,107.6,25,NaN,253,9,253,9,NaN,NaN,NaN,NaN,NaN,NaN,NaN,NaN,NaN,NaN,TD,WN,B,B,NaN,NaN,NaN,NaN,NaN,NaN,
2000120718,33w.2000,RUMBIA,TS,NN,9.0,106.9,25,NaN,239,7,239,7,NaN,NaN,NaN,NaN,NaN,NaN,NaN,NaN,NaN,NaN,TD,WN,B,B,NaN,NaN,NaN,NaN,NaN,NaN,
2000120800,33w.2000,RUMBIA,TS,NN,8.6,106.3,20,NaN,235,8,235,8,NaN,NaN,NaN,NaN,NaN,NaN,NaN,NaN,NaN,NaN,NT,WN,B,B,NaN,NaN,NaN,NaN,NaN,NaN,
2000122812,w34.2000,9X-W34,TY,NN,6.9,130.0,20,NaN,31,3,31,3,NaN,NaN,NaN,NaN,NaN,NaN,NaN,NaN,NaN,NaN,NT,NW,b,b,NaN,NaN,NaN,NaN,NaN,NaN,
2000122818,w34.2000,9X-W34,TY,NN,7.0,130.2,20,NaN,13,7,13,7,NaN,NaN,NaN,NaN,NaN,NaN,NaN,NaN,NaN,NaN,NT,NW,B,B,NaN,NaN,NaN,NaN,NaN,NaN,
2000122900,34w.2000,SOULIK,TY,NN,7.6,130.4,25,NaN,13,7,13,7,NaN,NaN,NaN,NaN,NaN,NaN,NaN,NaN,NaN,NaN,TD,WN,B,B,NaN,NaN,NaN,NaN,NaN,NaN,
2000122906,34w.2000,SOULIK,TY,NN,8.3,130.5,25,NaN,13,7,13,7,NaN,NaN,NaN,NaN,NaN,NaN,NaN,NaN,NaN,NaN,TD,WN,B,B,NaN,NaN,NaN,NaN,NaN,NaN,
2000122912,34w.2000,SOULIK,TY,NN,9.3,130.2,25,NaN,353,9,353,9,NaN,NaN,NaN,NaN,NaN,NaN,NaN,NaN,NaN,NaN,TD,WN,B,B,NaN,NaN,NaN,NaN,NaN,NaN,
2000122918,34w.2000,SOULIK,TY,NN,9.9,129.3,30,NaN,323,10,323,10,NaN,NaN,NaN,NaN,NaN,NaN,NaN,NaN,NaN,NaN,TD,WN,B,B,NaN,NaN,NaN,NaN,NaN,NaN,
2000123000,34w.2000,SOULIK,TY,NN,10.4,128.6,35,NaN,305,10,305,10,NaN,NaN,NaN,NaN,NaN,NaN,NaN,NaN,NaN,NaN,TS,WN,B,B,NaN,NaN,NaN,NaN,NaN,NaN,
2000123006,34w.2000,SOULIK,TY,NN,11.0,127.8,40,NaN,307,9,307,9,NaN,NaN,NaN,NaN,NaN,NaN,NaN,NaN,NaN,NaN,TS,WN,B,B,NaN,NaN,NaN,NaN,NaN,NaN,
2000123012,34w.2000,SOULIK,TY,NN,11.6,127.5,45,NaN,318,8,318,8,NaN,NaN,NaN,NaN,NaN,NaN,NaN,NaN,NaN,NaN,TS,WN,B,B,NaN,NaN,NaN,NaN,NaN,NaN,
2000123018,34w.2000,SOULIK,TY,NN,12.1,127.6,50,NaN,350,6,350,6,NaN,NaN,NaN,NaN,NaN,NaN,NaN,NaN,NaN,NaN,TS,WN,B,B,NaN,NaN,NaN,NaN,NaN,NaN,
2000123100,34w.2000,SOULIK,TY,NN,12.7,128.2,50,NaN,32,6,32,6,NaN,NaN,NaN,NaN,NaN,NaN,NaN,NaN,NaN,NaN,TS,WN,B,B,NaN,NaN,NaN,NaN,NaN,NaN,
2000123106,34w.2000,SOULIK,TY,NN,13.3,128.8,55,NaN,44,8,44,8,NaN,NaN,NaN,NaN,NaN,NaN,NaN,NaN,NaN,NaN,TS,WN,B,B,NaN,NaN,NaN,NaN,NaN,NaN,
2000123112,34w.2000,SOULIK,TY,NN,13.9,129.7,55,NaN,51,9,51,9,NaN,NaN,NaN,NaN,NaN,NaN,NaN,NaN,NaN,NaN,TS,WN,B,B,NaN,NaN,NaN,NaN,NaN,NaN,
2000123118,34w.2000,SOULIK,TY,NN,14.4,130.6,60,NaN,58,10,58,10,NaN,NaN,NaN,NaN,NaN,NaN,NaN,NaN,NaN,NaN,TS,WN,B,B,NaN,NaN,NaN,NaN,NaN,NaN,
2001010100,34w.2000,SOULIK,TY,NN,14.7,131.6,60,NaN,67,10,67,10,NaN,NaN,NaN,NaN,NaN,NaN,NaN,NaN,NaN,NaN,TS,WN,B,B,NaN,NaN,NaN,NaN,NaN,NaN,
2001010106,34w.2000,SOULIK,TY,NN,15.0,132.4,60,NaN,71,9,71,9,NaN,NaN,NaN,NaN,NaN,NaN,NaN,NaN,NaN,NaN,TS,WN,B,B,NaN,NaN,NaN,NaN,NaN,NaN,
2001010112,34w.2000,SOULIK,TY,NN,15.1,133.2,55,NaN,75,8,75,8,NaN,NaN,NaN,NaN,NaN,NaN,NaN,NaN,NaN,NaN,TS,WN,B,B,NaN,NaN,NaN,NaN,NaN,NaN,
2001010118,34w.2000,SOULIK,TY,NN,15.3,134.0,55,NaN,79,8,79,8,NaN,NaN,NaN,NaN,NaN,NaN,NaN,NaN,NaN,NaN,TS,WN,B,B,NaN,NaN,NaN,NaN,NaN,NaN,
2001010200,34w.2000,SOULIK,TY,NN,15.6,134.4,50,NaN,67,6,67,6,NaN,NaN,NaN,NaN,NaN,NaN,NaN,NaN,NaN,NaN,TS,WN,B,B,NaN,NaN,NaN,NaN,NaN,NaN,
2001010206,34w.2000,SOULIK,TY,NN,15.9,134.7,50,NaN,48,5,48,5,NaN,NaN,NaN,NaN,NaN,NaN,NaN,NaN,NaN,NaN,TS,WN,B,B,NaN,NaN,NaN,NaN,NaN,NaN,
2001010212,34w.2000,SOULIK,TY,NN,16.3,134.9,50,NaN,34,4,34,4,NaN,NaN,NaN,NaN,NaN,NaN,NaN,NaN,NaN,NaN,TS,WN,B,B,NaN,NaN,NaN,NaN,NaN,NaN,
2001010218,34w.2000,SOULIK,TY,NN,16.7,135.0,55,NaN,20,4,20,4,NaN,NaN,NaN,NaN,NaN,NaN,NaN,NaN,NaN,NaN,TS,WN,B,B,NaN,NaN,NaN,NaN,NaN,NaN,
2001010300,34w.2000,SOULIK,TY,NN,17.2,135.3,65,NaN,23,5,23,5,NaN,NaN,NaN,NaN,NaN,NaN,NaN,NaN,NaN,NaN,TY,WN,B,B,NaN,NaN,NaN,NaN,NaN,NaN,
2001010306,34w.2000,SOULIK,TY,NN,17.5,135.6,90,NaN,36,5,36,5,NaN,NaN,NaN,NaN,NaN,NaN,NaN,NaN,NaN,NaN,TY,WN,B,B,NaN,NaN,NaN,NaN,NaN,NaN,
2001010312,34w.2000,SOULIK,TY,NN,17.8,135.9,105,NaN,44,4,44,4,NaN,NaN,NaN,NaN,NaN,NaN,NaN,NaN,NaN,NaN,TY,WN,B,B,NaN,NaN,NaN,NaN,NaN,NaN,
2001010318,34w.2000,SOULIK,TY,NN,18.1,136.2,110,NaN,44,4,44,4,NaN,NaN,NaN,NaN,NaN,NaN,NaN,NaN,NaN,NaN,TY,WN,B,B,NaN,NaN,NaN,NaN,NaN,NaN,
2001010400,34w.2000,SOULIK,TY,NN,18.3,136.7,100,NaN,57,5,57,5,NaN,NaN,NaN,NaN,NaN,NaN,NaN,NaN,NaN,NaN,TY,WN,B,B,NaN,NaN,NaN,NaN,NaN,NaN,
2001010406,34w.2000,SOULIK,TY,NN,18.3,137.0,90,NaN,75,4,75,4,NaN,NaN,NaN,NaN,NaN,NaN,NaN,NaN,NaN,NaN,TY,WN,B,B,NaN,NaN,NaN,NaN,NaN,NaN,
2001010412,34w.2000,SOULIK,TY,NN,18.0,137.2,70,NaN,122,3,122,3,NaN,NaN,NaN,NaN,NaN,NaN,NaN,NaN,NaN,NaN,TY,WN,B,B,NaN,NaN,NaN,NaN,NaN,NaN,
2001010418,34w.2000,SOULIK,TY,NN,16.9,137.0,55,NaN,180,7,180,7,NaN,NaN,NaN,NaN,NaN,NaN,NaN,NaN,NaN,NaN,TS,WN,B,B,NaN,NaN,NaN,NaN,NaN,NaN,
2001010500,34w.2000,SOULIK,TY,NN,15.3,135.7,25,NaN,208,15,208,15,NaN,NaN,NaN,NaN,NaN,NaN,NaN,NaN,NaN,NaN,TD,WN,B,B,NaN,NaN,NaN,NaN,NaN,NaN,
2001010506,34w.2000,SOULIK,TY,NN,14.4,134.0,20,NaN,229,19,229,19,NaN,NaN,NaN,NaN,NaN,NaN,NaN,NaN,NaN,NaN,NT,NW,B,B,NaN,NaN,NaN,NaN,NaN,NaN,
2000060712,l01.2000,9X-L01,TD,NN,22.0,266.8,25,1010,355,5,163,6,NaN,NaN,NaN,NaN,NaN,NaN,NaN,NaN,NaN,NaN,TD,NW,C,C,150,1012,NaN,M,30,NaN,
2000060718,01l.2000,ONE,TD,NN,21.0,267.0,25,NaN,197,2,197,2,NaN,NaN,NaN,NaN,NaN,NaN,NaN,NaN,NaN,NaN,TD,WN,B,B,NaN,NaN,NaN,NaN,NaN,NaN,
2000060800,01l.2000,ONE,TD,NN,20.9,267.2,25,NaN,197,2,197,2,NaN,NaN,NaN,NaN,NaN,NaN,NaN,NaN,NaN,NaN,TD,WN,B,B,NaN,NaN,NaN,NaN,NaN,NaN,
2000060806,01l.2000,ONE,TD,NN,20.7,266.9,25,NaN,197,2,197,2,NaN,NaN,NaN,NaN,NaN,NaN,NaN,NaN,NaN,NaN,TD,WN,B,B,NaN,NaN,NaN,NaN,NaN,NaN,
2000060812,01l.2000,ONE,TD,NN,20.8,266.5,25,NaN,261,3,261,3,NaN,NaN,NaN,NaN,NaN,NaN,NaN,NaN,NaN,NaN,TD,WN,B,B,NaN,NaN,NaN,NaN,NaN,NaN,
2000060818,01l.2000,ONE,TD,NN,20.7,266.0,25,1009,265,1,282,5,NaN,NaN,NaN,NaN,NaN,NaN,NaN,NaN,NaN,NaN,TD,WN,C,C,150,1014,NaN,M,40,NaN,
2000062300,l02.2000,9X-L02,TD,NN,9.5,340.2,25,NaN,278,14,278,14,NaN,NaN,NaN,NaN,NaN,NaN,NaN,NaN,NaN,NaN,TD,NW,B,B,NaN,NaN,NaN,NaN,NaN,NaN,
2000062306,l02.2000,9X-L02,TD,NN,9.6,339.0,30,NaN,278,14,278,14,NaN,NaN,NaN,NaN,NaN,NaN,NaN,NaN,NaN,NaN,TD,NW,B,B,NaN,NaN,NaN,NaN,NaN,NaN,
2000062312,l02.2000,9X-L02,TD,NN,9.9,337.4,30,NaN,278,14,278,14,NaN,NaN,NaN,NaN,NaN,NaN,NaN,NaN,NaN,NaN,TD,NW,B,B,NaN,NaN,NaN,NaN,NaN,NaN,
2000062318,02l.2000,TWO,TD,NN,10.2,335.5,30,NaN,280,17,280,17,NaN,NaN,NaN,NaN,NaN,NaN,NaN,NaN,NaN,NaN,TD,WN,B,B,NaN,NaN,NaN,NaN,NaN,NaN,
2000062400,02l.2000,TWO,TD,NN,10.1,333.8,30,NaN,273,18,273,18,NaN,NaN,NaN,NaN,NaN,NaN,NaN,NaN,NaN,NaN,TD,NW,B,B,NaN,NaN,NaN,NaN,NaN,NaN,
2000062406,02l.2000,TWO,TD,NN,9.9,332.2,30,NaN,265,16,265,16,NaN,NaN,NaN,NaN,NaN,NaN,NaN,NaN,NaN,NaN,TD,NW,B,B,NaN,NaN,NaN,NaN,NaN,NaN,
2000062412,02l.2000,TWO,TD,NN,9.9,330.7,30,NaN,266,15,266,15,NaN,NaN,NaN,NaN,NaN,NaN,NaN,NaN,NaN,NaN,TD,WN,B,B,NaN,NaN,NaN,NaN,NaN,NaN,
2000062418,02l.2000,TWO,TD,NN,10.1,329.9,30,NaN,275,11,275,11,NaN,NaN,NaN,NaN,NaN,NaN,NaN,NaN,NaN,NaN,TD,WN,B,B,NaN,NaN,NaN,NaN,NaN,NaN,
2000062500,02l.2000,TWO,TD,NN,10.1,327.4,30,NaN,274,16,274,16,NaN,NaN,NaN,NaN,NaN,NaN,NaN,NaN,NaN,NaN,TD,WN,B,B,NaN,NaN,NaN,NaN,NaN,NaN,
2000062506,02l.2000,TWO,TD,NN,10.0,325.8,30,NaN,269,20,269,20,NaN,NaN,NaN,NaN,NaN,NaN,NaN,NaN,NaN,NaN,TD,WN,B,B,NaN,NaN,NaN,NaN,NaN,NaN,
2000062512,02l.2000,TWO,TD,NN,9.8,323.8,30,NaN,265,18,265,18,NaN,NaN,NaN,NaN,NaN,NaN,NaN,NaN,NaN,NaN,TD,WN,B,B,NaN,NaN,NaN,NaN,NaN,NaN,
2000062518,02l.2000,TWO,TD,NN,9.7,321.8,25,NaN,266,20,266,20,NaN,NaN,NaN,NaN,NaN,NaN,NaN,NaN,NaN,NaN,TD,WN,B,B,NaN,NaN,NaN,NaN,NaN,NaN,
2000080318,l03.2000,9X-L03,TY,NN,10.8,342.0,25,1007,286,22,286,22,NaN,NaN,NaN,NaN,NaN,NaN,NaN,NaN,NaN,NaN,TD,NW,B,B,NaN,NaN,NaN,NaN,NaN,NaN,
2000080400,l03.2000,9X-L03,TY,NN,11.5,339.9,30,1005,286,22,286,22,NaN,NaN,NaN,NaN,NaN,NaN,NaN,NaN,NaN,NaN,TD,NW,B,B,NaN,NaN,NaN,NaN,NaN,NaN,
2000080406,03l.2000,ALBERTO,TY,NN,12.0,337.7,35,1004,286,22,286,22,NaN,NaN,NaN,NaN,NaN,NaN,NaN,NaN,NaN,NaN,TS,WN,B,B,NaN,NaN,NaN,NaN,NaN,NaN,
2000080412,03l.2000,ALBERTO,TY,NN,12.3,336.2,35,1003,282,19,282,19,NaN,NaN,NaN,NaN,NaN,NaN,NaN,NaN,NaN,NaN,TS,WN,B,B,NaN,NaN,NaN,NaN,NaN,NaN,
2000080418,03l.2000,ALBERTO,TY,NN,12.7,334.8,40,1002,284,15,284,15,NaN,NaN,NaN,NaN,NaN,NaN,NaN,NaN,NaN,NaN,TS,WN,B,B,NaN,NaN,NaN,NaN,NaN,NaN,
2000080500,03l.2000,ALBERTO,TY,NN,13.2,333.3,40,1001,288,15,288,15,NaN,NaN,NaN,NaN,NaN,NaN,NaN,NaN,NaN,NaN,TS,WN,B,B,NaN,NaN,NaN,NaN,NaN,NaN,
2000080506,03l.2000,ALBERTO,TY,NN,13.7,331.8,45,1000,289,15,289,15,NaN,NaN,NaN,NaN,NaN,NaN,NaN,NaN,NaN,NaN,TS,WN,B,B,NaN,NaN,NaN,NaN,NaN,NaN,
2000080512,03l.2000,ALBERTO,TY,NN,14.1,330.2,45,999,287,16,287,16,NaN,NaN,NaN,NaN,NaN,NaN,NaN,NaN,NaN,NaN,TS,WN,B,B,NaN,NaN,NaN,NaN,NaN,NaN,
2000080518,03l.2000,ALBERTO,TY,NN,14.5,328.6,55,994,284,16,284,16,NaN,NaN,NaN,NaN,NaN,NaN,NaN,NaN,NaN,NaN,TS,WN,B,B,NaN,NaN,NaN,NaN,NaN,NaN,
2000080600,03l.2000,ALBERTO,TY,NN,14.5,326.8,65,987,277,17,277,17,NaN,NaN,NaN,NaN,NaN,NaN,NaN,NaN,NaN,NaN,TY,WN,B,B,NaN,NaN,NaN,NaN,NaN,NaN,
2000080606,03l.2000,ALBERTO,TY,NN,14.6,325.6,65,985,272,15,272,15,NaN,NaN,NaN,NaN,NaN,NaN,NaN,NaN,NaN,NaN,TY,WN,B,B,NaN,NaN,NaN,NaN,NaN,NaN,
2000080612,03l.2000,ALBERTO,TY,NN,14.7,324.6,70,983,275,11,275,11,NaN,NaN,NaN,NaN,NaN,NaN,NaN,NaN,NaN,NaN,TY,WN,B,B,NaN,NaN,NaN,NaN,NaN,NaN,
2000080618,03l.2000,ALBERTO,TY,NN,15.2,323.4,75,981,286,11,286,11,NaN,NaN,NaN,NaN,NaN,NaN,NaN,NaN,NaN,NaN,TY,WN,B,B,NaN,NaN,NaN,NaN,NaN,NaN,
2000080700,03l.2000,ALBERTO,TY,NN,15.7,321.9,75,979,291,14,291,14,NaN,NaN,NaN,NaN,NaN,NaN,NaN,NaN,NaN,NaN,TY,WN,B,B,NaN,NaN,NaN,NaN,NaN,NaN,
2000080706,03l.2000,ALBERTO,TY,NN,16.0,320.4,80,978,285,15,285,15,NaN,NaN,NaN,NaN,NaN,NaN,NaN,NaN,NaN,NaN,TY,WN,B,B,NaN,NaN,NaN,NaN,NaN,NaN,
2000080712,03l.2000,ALBERTO,TY,NN,16.2,319.0,80,977,280,14,280,14,NaN,NaN,NaN,NaN,NaN,NaN,NaN,NaN,NaN,NaN,TY,WN,B,B,NaN,NaN,NaN,NaN,NaN,NaN,
2000080718,03l.2000,ALBERTO,TY,NN,16.5,317.8,80,978,281,13,281,13,NaN,NaN,NaN,NaN,NaN,NaN,NaN,NaN,NaN,NaN,TY,WN,B,B,NaN,NaN,NaN,NaN,NaN,NaN,
2000080800,03l.2000,ALBERTO,TY,NN,16.7,316.4,75,979,281,13,281,13,NaN,NaN,NaN,NaN,NaN,NaN,NaN,NaN,NaN,NaN,TY,WN,B,B,NaN,NaN,NaN,NaN,NaN,NaN,
2000080806,03l.2000,ALBERTO,TY,NN,17.0,315.1,70,982,281,13,281,13,NaN,NaN,NaN,NaN,NaN,NaN,NaN,NaN,NaN,NaN,TY,WN,B,B,NaN,NaN,NaN,NaN,NaN,NaN,
2000080812,03l.2000,ALBERTO,TY,NN,17.7,314.3,70,985,296,11,296,11,NaN,NaN,NaN,NaN,NaN,NaN,NaN,NaN,NaN,NaN,TY,WN,B,B,NaN,NaN,NaN,NaN,NaN,NaN,
2000080818,03l.2000,ALBERTO,TY,NN,18.6,313.5,65,987,316,11,316,11,NaN,NaN,NaN,NaN,NaN,NaN,NaN,NaN,NaN,NaN,TY,WN,B,B,NaN,NaN,NaN,NaN,NaN,NaN,
2000080900,03l.2000,ALBERTO,TY,NN,19.6,312.8,60,989,323,12,323,12,NaN,NaN,NaN,NaN,NaN,NaN,NaN,NaN,NaN,NaN,TS,WN,B,B,NaN,NaN,NaN,NaN,NaN,NaN,
2000080906,03l.2000,ALBERTO,TY,NN,20.6,311.5,60,992,317,14,317,14,NaN,NaN,NaN,NaN,NaN,NaN,NaN,NaN,NaN,NaN,TS,WN,B,B,NaN,NaN,NaN,NaN,NaN,NaN,
2000080912,03l.2000,ALBERTO,TY,NN,21.9,310.1,55,994,312,17,312,17,NaN,NaN,NaN,NaN,NaN,NaN,NaN,NaN,NaN,NaN,TS,WN,B,B,NaN,NaN,NaN,NaN,NaN,NaN,
2000080918,03l.2000,ALBERTO,TY,NN,23.4,308.7,60,991,317,19,317,19,NaN,NaN,NaN,NaN,NaN,NaN,NaN,NaN,NaN,NaN,TS,WN,B,B,NaN,NaN,NaN,NaN,NaN,NaN,
2000081000,03l.2000,ALBERTO,TY,NN,24.8,307.4,65,988,319,19,319,19,NaN,NaN,NaN,NaN,NaN,NaN,NaN,NaN,NaN,NaN,TY,WN,B,B,NaN,NaN,NaN,NaN,NaN,NaN,
2000081006,03l.2000,ALBERTO,TY,NN,26.1,306.0,65,987,318,18,318,18,NaN,NaN,NaN,NaN,NaN,NaN,NaN,NaN,NaN,NaN,TY,WN,B,B,NaN,NaN,NaN,NaN,NaN,NaN,
2000081012,03l.2000,ALBERTO,TY,NN,27.5,304.7,65,986,318,18,318,18,NaN,NaN,NaN,NaN,NaN,NaN,NaN,NaN,NaN,NaN,TY,WN,B,B,NaN,NaN,NaN,NaN,NaN,NaN,
2000081018,03l.2000,ALBERTO,TY,NN,28.8,303.3,65,984,318,18,318,18,NaN,NaN,NaN,NaN,NaN,NaN,NaN,NaN,NaN,NaN,TY,WN,B,B,NaN,NaN,NaN,NaN,NaN,NaN,
2000081100,03l.2000,ALBERTO,TY,NN,29.9,302.3,70,982,319,16,319,16,NaN,NaN,NaN,NaN,NaN,NaN,NaN,NaN,NaN,NaN,TY,WN,B,B,NaN,NaN,NaN,NaN,NaN,NaN,
2000081106,03l.2000,ALBERTO,TY,NN,31.1,301.6,75,979,327,14,327,14,NaN,NaN,NaN,NaN,NaN,NaN,NaN,NaN,NaN,NaN,TY,WN,B,B,NaN,NaN,NaN,NaN,NaN,NaN,
2000081112,03l.2000,ALBERTO,TY,NN,32.2,301.4,80,976,341,12,341,12,NaN,NaN,NaN,NaN,NaN,NaN,NaN,NaN,NaN,NaN,TY,WN,B,B,NaN,NaN,NaN,NaN,NaN,NaN,
2000081118,03l.2000,ALBERTO,TY,NN,33.3,301.5,85,973,358,11,358,11,NaN,NaN,NaN,NaN,NaN,NaN,NaN,NaN,NaN,NaN,TY,WN,B,B,NaN,NaN,NaN,NaN,NaN,NaN,
2000081200,03l.2000,ALBERTO,TY,NN,34.3,302.0,90,970,13,11,13,11,NaN,NaN,NaN,NaN,NaN,NaN,NaN,NaN,NaN,NaN,TY,WN,B,B,NaN,NaN,NaN,NaN,NaN,NaN,
2000081206,03l.2000,ALBERTO,TY,NN,35.1,303.3,100,960,40,12,40,12,NaN,NaN,NaN,NaN,NaN,NaN,NaN,NaN,NaN,NaN,TY,WN,B,B,NaN,NaN,NaN,NaN,NaN,NaN,
2000081212,03l.2000,ALBERTO,TY,NN,35.9,304.7,110,950,54,14,54,14,NaN,NaN,NaN,NaN,NaN,NaN,NaN,NaN,NaN,NaN,TY,WN,B,B,NaN,NaN,NaN,NaN,NaN,NaN,
2000081218,03l.2000,ALBERTO,TY,NN,36.8,306.2,110,954,54,14,54,14,NaN,NaN,NaN,NaN,NaN,NaN,NaN,NaN,NaN,NaN,TY,WN,B,B,NaN,NaN,NaN,NaN,NaN,NaN,
2000081300,03l.2000,ALBERTO,TY,NN,37.4,308.0,105,958,60,15,60,15,NaN,NaN,NaN,NaN,NaN,NaN,NaN,NaN,NaN,NaN,TY,WN,B,B,NaN,NaN,NaN,NaN,NaN,NaN,
2000081306,03l.2000,ALBERTO,TY,NN,38.0,309.7,95,966,67,15,67,15,NaN,NaN,NaN,NaN,NaN,NaN,NaN,NaN,NaN,NaN,TY,WN,B,B,NaN,NaN,NaN,NaN,NaN,NaN,
2000081312,03l.2000,ALBERTO,TY,NN,38.4,311.7,85,973,71,15,71,15,NaN,NaN,NaN,NaN,NaN,NaN,NaN,NaN,NaN,NaN,TY,WN,B,B,NaN,NaN,NaN,NaN,NaN,NaN,
2000081318,03l.2000,ALBERTO,TY,NN,38.8,313.7,75,980,76,16,76,16,NaN,NaN,NaN,NaN,NaN,NaN,NaN,NaN,NaN,NaN,TY,WN,B,B,NaN,NaN,NaN,NaN,NaN,NaN,
2000081400,03l.2000,ALBERTO,TY,NN,39.0,315.8,65,987,79,16,79,16,NaN,NaN,NaN,NaN,NaN,NaN,NaN,NaN,NaN,NaN,TY,WN,B,B,NaN,NaN,NaN,NaN,NaN,NaN,
2000081406,03l.2000,ALBERTO,TY,NN,39.1,317.8,60,991,85,16,85,16,NaN,NaN,NaN,NaN,NaN,NaN,NaN,NaN,NaN,NaN,TS,WN,B,B,NaN,NaN,NaN,NaN,NaN,NaN,
2000081412,03l.2000,ALBERTO,TY,NN,39.1,319.4,55,994,88,14,88,14,NaN,NaN,NaN,NaN,NaN,NaN,NaN,NaN,NaN,NaN,TS,WN,B,B,NaN,NaN,NaN,NaN,NaN,NaN,
2000081418,03l.2000,ALBERTO,TY,NN,39.1,320.7,50,997,90,11,90,11,NaN,NaN,NaN,NaN,NaN,NaN,NaN,NaN,NaN,NaN,TS,WN,B,B,NaN,NaN,NaN,NaN,NaN,NaN,
2000081500,03l.2000,ALBERTO,TY,NN,38.9,321.5,45,1000,97,8,97,8,NaN,NaN,NaN,NaN,NaN,NaN,NaN,NaN,NaN,NaN,TS,WN,B,B,NaN,NaN,NaN,NaN,NaN,NaN,
2000081506,03l.2000,ALBERTO,TY,NN,38.3,321.5,45,1001,142,5,142,5,NaN,NaN,NaN,NaN,NaN,NaN,NaN,NaN,NaN,NaN,TS,WN,B,B,NaN,NaN,NaN,NaN,NaN,NaN,
2000081512,03l.2000,ALBERTO,TY,NN,37.3,321.5,45,1002,180,8,180,8,NaN,NaN,NaN,NaN,NaN,NaN,NaN,NaN,NaN,NaN,TS,WN,B,B,NaN,NaN,NaN,NaN,NaN,NaN,
2000081518,03l.2000,ALBERTO,TY,NN,36.6,321.1,40,1002,191,9,191,9,NaN,NaN,NaN,NaN,NaN,NaN,NaN,NaN,NaN,NaN,TS,WN,B,B,NaN,NaN,NaN,NaN,NaN,NaN,
2000081600,03l.2000,ALBERTO,TY,NN,36.1,320.6,40,1003,211,7,211,7,NaN,NaN,NaN,NaN,NaN,NaN,NaN,NaN,NaN,NaN,TS,WN,B,B,NaN,NaN,NaN,NaN,NaN,NaN,
2000081606,03l.2000,ALBERTO,TY,NN,35.4,319.8,40,1003,221,8,221,8,NaN,NaN,NaN,NaN,NaN,NaN,NaN,NaN,NaN,NaN,TS,WN,B,B,NaN,NaN,NaN,NaN,NaN,NaN,
2000081612,03l.2000,ALBERTO,TY,NN,34.6,318.7,40,1003,226,11,226,11,NaN,NaN,NaN,NaN,NaN,NaN,NaN,NaN,NaN,NaN,TS,WN,B,B,NaN,NaN,NaN,NaN,NaN,NaN,
2000081618,03l.2000,ALBERTO,TY,NN,33.9,317.6,40,1002,230,12,230,12,NaN,NaN,NaN,NaN,NaN,NaN,NaN,NaN,NaN,NaN,TS,WN,B,B,NaN,NaN,NaN,NaN,NaN,NaN,
2000081700,03l.2000,ALBERTO,TY,NN,33.4,316.5,45,1001,237,11,237,11,NaN,NaN,NaN,NaN,NaN,NaN,NaN,NaN,NaN,NaN,TS,WN,B,B,NaN,NaN,NaN,NaN,NaN,NaN,
2000081706,03l.2000,ALBERTO,TY,NN,33.0,315.8,45,1000,239,9,239,9,NaN,NaN,NaN,NaN,NaN,NaN,NaN,NaN,NaN,NaN,TS,WN,B,B,NaN,NaN,NaN,NaN,NaN,NaN,
2000081712,03l.2000,ALBERTO,TY,NN,33.0,315.1,50,998,251,6,251,6,NaN,NaN,NaN,NaN,NaN,NaN,NaN,NaN,NaN,NaN,TS,WN,B,B,NaN,NaN,NaN,NaN,NaN,NaN,
2000081718,03l.2000,ALBERTO,TY,NN,33.0,314.2,50,997,270,7,270,7,NaN,NaN,NaN,NaN,NaN,NaN,NaN,NaN,NaN,NaN,TS,WN,B,B,NaN,NaN,NaN,NaN,NaN,NaN,
2000081800,03l.2000,ALBERTO,TY,NN,33.2,313.5,55,995,278,7,278,7,NaN,NaN,NaN,NaN,NaN,NaN,NaN,NaN,NaN,NaN,TS,WN,B,B,NaN,NaN,NaN,NaN,NaN,NaN,
2000081806,03l.2000,ALBERTO,TY,NN,33.6,312.9,55,993,299,6,299,6,NaN,NaN,NaN,NaN,NaN,NaN,NaN,NaN,NaN,NaN,TS,WN,B,B,NaN,NaN,NaN,NaN,NaN,NaN,
2000081812,03l.2000,ALBERTO,TY,NN,34.2,312.4,60,991,318,7,318,7,NaN,NaN,NaN,NaN,NaN,NaN,NaN,NaN,NaN,NaN,TS,WN,B,B,NaN,NaN,NaN,NaN,NaN,NaN,
2000081818,03l.2000,ALBERTO,TY,NN,34.7,312.0,65,987,326,7,326,7,NaN,NaN,NaN,NaN,NaN,NaN,NaN,NaN,NaN,NaN,TY,WN,B,B,NaN,NaN,NaN,NaN,NaN,NaN,
2000081900,03l.2000,ALBERTO,TY,NN,34.9,311.9,75,979,330,4,330,4,NaN,NaN,NaN,NaN,NaN,NaN,NaN,NaN,NaN,NaN,TY,WN,B,B,NaN,NaN,NaN,NaN,NaN,NaN,
2000081906,03l.2000,ALBERTO,TY,NN,35.3,311.8,80,976,345,3,345,3,NaN,NaN,NaN,NaN,NaN,NaN,NaN,NaN,NaN,NaN,TY,WN,B,B,NaN,NaN,NaN,NaN,NaN,NaN,
2000081912,03l.2000,ALBERTO,TY,NN,35.6,311.8,85,973,353,4,353,4,NaN,NaN,NaN,NaN,NaN,NaN,NaN,NaN,NaN,NaN,TY,WN,B,B,NaN,NaN,NaN,NaN,NaN,NaN,
2000081918,03l.2000,ALBERTO,TY,NN,36.0,311.8,90,970,360,3,360,4,NaN,NaN,NaN,NaN,NaN,NaN,NaN,NaN,NaN,NaN,TY,WN,B,B,NaN,NaN,NaN,NaN,NaN,NaN,
2000082000,03l.2000,ALBERTO,TY,NN,36.4,311.9,90,970,6,4,6,4,NaN,NaN,NaN,NaN,NaN,NaN,NaN,NaN,NaN,NaN,TY,WN,B,B,NaN,NaN,NaN,NaN,NaN,NaN,
2000082006,03l.2000,ALBERTO,TY,NN,36.7,312.0,90,971,13,4,13,4,NaN,NaN,NaN,NaN,NaN,NaN,NaN,NaN,NaN,NaN,TY,WN,B,B,NaN,NaN,NaN,NaN,NaN,NaN,
2000082012,03l.2000,ALBERTO,TY,NN,37.1,312.1,85,972,13,4,13,4,NaN,NaN,NaN,NaN,NaN,NaN,NaN,NaN,NaN,NaN,TY,WN,B,B,NaN,NaN,NaN,NaN,NaN,NaN,
2000082018,03l.2000,ALBERTO,TY,NN,37.4,312.3,85,973,19,4,19,4,NaN,NaN,NaN,NaN,NaN,NaN,NaN,NaN,NaN,NaN,TY,WN,B,B,NaN,NaN,NaN,NaN,NaN,NaN,
2000082100,03l.2000,ALBERTO,TY,NN,37.9,312.5,85,974,22,4,22,4,NaN,NaN,NaN,NaN,NaN,NaN,NaN,NaN,NaN,NaN,TY,WN,B,B,NaN,NaN,NaN,NaN,NaN,NaN,
2000082106,03l.2000,ALBERTO,TY,NN,38.3,312.7,80,976,19,5,19,5,NaN,NaN,NaN,NaN,NaN,NaN,NaN,NaN,NaN,NaN,TY,WN,B,B,NaN,NaN,NaN,NaN,NaN,NaN,
2000082112,03l.2000,ALBERTO,TY,NN,38.9,312.8,80,977,13,5,13,5,NaN,NaN,NaN,NaN,NaN,NaN,NaN,NaN,NaN,NaN,TY,WN,B,B,NaN,NaN,NaN,NaN,NaN,NaN,
2000082118,03l.2000,ALBERTO,TY,NN,40.0,313.3,80,978,15,9,15,9,NaN,NaN,NaN,NaN,NaN,NaN,NaN,NaN,NaN,NaN,TY,WN,B,B,NaN,NaN,NaN,NaN,NaN,NaN,
2000082200,03l.2000,ALBERTO,TY,NN,41.2,314.1,75,979,23,13,23,13,NaN,NaN,NaN,NaN,NaN,NaN,NaN,NaN,NaN,NaN,TY,WN,B,B,NaN,NaN,NaN,NaN,NaN,NaN,
2000082206,03l.2000,ALBERTO,TY,NN,42.6,314.6,75,981,21,14,21,14,NaN,NaN,NaN,NaN,NaN,NaN,NaN,NaN,NaN,NaN,TY,WN,B,B,NaN,NaN,NaN,NaN,NaN,NaN,
2000082212,03l.2000,ALBERTO,TY,NN,44.0,316.0,70,983,27,16,27,16,NaN,NaN,NaN,NaN,NaN,NaN,NaN,NaN,NaN,NaN,TY,WN,B,B,NaN,NaN,NaN,NaN,NaN,NaN,
2000082218,03l.2000,ALBERTO,TY,NN,46.1,317.9,65,985,34,21,34,21,NaN,NaN,NaN,NaN,NaN,NaN,NaN,NaN,NaN,NaN,TY,WN,B,B,NaN,NaN,NaN,NaN,NaN,NaN,
2000082300,03l.2000,ALBERTO,TY,NN,48.3,320.5,65,987,36,27,36,27,NaN,NaN,NaN,NaN,NaN,NaN,NaN,NaN,NaN,NaN,TY,WN,B,B,NaN,NaN,NaN,NaN,NaN,NaN,
2000082306,03l.2000,ALBERTO,TY,NN,50.7,323.2,55,994,37,29,37,29,NaN,NaN,NaN,NaN,NaN,NaN,NaN,NaN,NaN,NaN,TS,WN,B,B,NaN,NaN,NaN,NaN,NaN,NaN,
2000082312,03l.2000,ALBERTO,TY,NN,53.2,324.6,45,997,28,28,28,28,NaN,NaN,NaN,NaN,NaN,NaN,NaN,NaN,NaN,NaN,TS,WN,B,B,NaN,NaN,NaN,NaN,NaN,NaN,
2000082318,03l.2000,ALBERTO,TY,NN,57.0,326.0,45,997,15,33,15,33,NaN,NaN,NaN,NaN,NaN,NaN,NaN,NaN,NaN,NaN,TS,NW,B,B,NaN,NaN,NaN,NaN,NaN,NaN,
2000082400,03l.2000,ALBERTO,TY,NN,59.5,329.7,40,995,24,35,24,35,NaN,NaN,NaN,NaN,NaN,NaN,NaN,NaN,NaN,NaN,TS,NW,B,B,NaN,NaN,NaN,NaN,NaN,NaN,
2000082406,03l.2000,ALBERTO,TY,NN,62.0,334.5,35,992,41,33,41,33,NaN,NaN,NaN,NaN,NaN,NaN,NaN,NaN,NaN,NaN,TS,NW,B,B,NaN,NaN,NaN,NaN,NaN,NaN,
2000082412,03l.2000,ALBERTO,TY,NN,65.5,337.0,35,990,29,34,29,34,NaN,NaN,NaN,NaN,NaN,NaN,NaN,NaN,NaN,NaN,TS,NW,B,B,NaN,NaN,0.41,NaN,NaN,NaN,
2000082418,03l.2000,ALBERTO,TY,NN,68.0,340.0,30,992,21,32,21,32,NaN,NaN,NaN,NaN,NaN,NaN,NaN,NaN,NaN,NaN,TD,NW,B,B,NaN,NaN,NaN,NaN,NaN,NaN,
2000082500,03l.2000,ALBERTO,TY,NN,69.0,347.5,30,990,49,27,49,27,NaN,NaN,NaN,NaN,NaN,NaN,NaN,NaN,NaN,NaN,TD,NW,B,B,NaN,NaN,NaN,NaN,NaN,NaN,
2000082506,03l.2000,ALBERTO,TY,NN,70.7,355.1,30,994,63,30,63,30,NaN,NaN,NaN,NaN,NaN,NaN,NaN,NaN,NaN,NaN,TD,NW,B,B,NaN,NaN,NaN,NaN,NaN,NaN,
2000080812,l04.2000,9X-L04,TD,NN,28.2,285.8,30,NaN,263,8,263,8,NaN,NaN,NaN,NaN,NaN,NaN,NaN,NaN,NaN,NaN,TD,NW,B,B,NaN,NaN,NaN,NaN,NaN,NaN,
2000080818,l04.2000,9X-L04,TD,NN,28.1,284.9,30,NaN,263,8,263,8,NaN,NaN,NaN,NaN,NaN,NaN,NaN,NaN,NaN,NaN,TD,NW,B,B,NaN,NaN,NaN,NaN,NaN,NaN,
2000080900,l04.2000,9X-L04,TD,NN,28.0,284.0,30,NaN,263,8,263,8,NaN,NaN,NaN,NaN,NaN,NaN,NaN,NaN,NaN,NaN,TD,NW,B,B,NaN,NaN,NaN,NaN,NaN,NaN,
2000080906,l04.2000,9X-L04,TD,NN,27.9,283.2,30,NaN,262,8,262,8,NaN,NaN,NaN,NaN,NaN,NaN,NaN,NaN,NaN,NaN,TD,NW,B,B,NaN,NaN,NaN,NaN,NaN,NaN,
2000080912,04l.2000,FOUR,TD,NN,27.9,282.6,30,NaN,265,6,265,6,NaN,NaN,NaN,NaN,NaN,NaN,NaN,NaN,NaN,NaN,TD,WN,B,B,NaN,NaN,NaN,NaN,NaN,NaN,
2000080918,04l.2000,FOUR,TD,NN,27.9,282.1,30,NaN,270,5,270,5,NaN,NaN,NaN,NaN,NaN,NaN,NaN,NaN,NaN,NaN,TD,WN,B,B,NaN,NaN,NaN,NaN,NaN,NaN,
2000081000,04l.2000,FOUR,TD,NN,28.0,281.4,30,NaN,275,5,275,5,NaN,NaN,NaN,NaN,NaN,NaN,NaN,NaN,NaN,NaN,TD,WN,B,B,NaN,NaN,NaN,NaN,NaN,NaN,
2000081006,04l.2000,FOUR,TD,NN,28.3,280.7,30,NaN,288,6,288,6,NaN,NaN,NaN,NaN,NaN,NaN,NaN,NaN,NaN,NaN,TD,WN,B,B,NaN,NaN,NaN,NaN,NaN,NaN,
2000081012,04l.2000,FOUR,TD,NN,28.7,281.1,30,NaN,339,4,339,4,NaN,NaN,NaN,NaN,NaN,NaN,NaN,NaN,NaN,NaN,TD,WN,B,B,NaN,NaN,NaN,NaN,NaN,NaN,
2000081018,04l.2000,FOUR,TD,NN,28.9,281.7,25,NaN,56,5,56,5,NaN,NaN,NaN,NaN,NaN,NaN,NaN,NaN,NaN,NaN,TD,WN,B,B,NaN,NaN,NaN,NaN,NaN,NaN,
2000081100,04l.2000,FOUR,TD,NN,29.2,282.2,25,NaN,63,5,63,5,NaN,NaN,NaN,NaN,NaN,NaN,NaN,NaN,NaN,NaN,TD,NW,B,B,NaN,NaN,NaN,NaN,NaN,NaN,
2000081106,04l.2000,FOUR,TD,NN,29.4,282.8,25,NaN,63,5,63,5,NaN,NaN,NaN,NaN,NaN,NaN,NaN,NaN,NaN,NaN,TD,NW,B,B,NaN,NaN,NaN,NaN,NaN,NaN,
2000081112,04l.2000,FOUR,TD,NN,29.6,283.5,25,NaN,71,6,71,6,NaN,NaN,NaN,NaN,NaN,NaN,NaN,NaN,NaN,NaN,TD,NW,B,B,NaN,NaN,NaN,NaN,NaN,NaN,
2000081218,l05.2000,9X-L05,TS,NN,22.0,267.3,20,1009,315,7,169,5,NaN,NaN,NaN,NaN,NaN,NaN,NaN,NaN,NaN,NaN,NT,NW,C,C,150,1013,NaN,D,30,NaN,
2000081300,l05.2000,9X-L05,TS,NN,22.3,266.9,25,1009,315,6,169,5,NaN,NaN,NaN,NaN,NaN,NaN,NaN,NaN,NaN,NaN,TD,NW,C,C,150,1013,NaN,D,30,NaN,
2000081306,l05.2000,9X-L05,TS,NN,21.0,267.5,25,1008,360,0,169,5,NaN,NaN,NaN,NaN,NaN,NaN,NaN,NaN,NaN,NaN,TD,NW,C,C,150,1013,NaN,M,30,NaN,
2000081312,l05.2000,9X-L05,TS,NN,22.0,267.3,28,1008,360,0,92,4,NaN,NaN,NaN,NaN,NaN,NaN,NaN,NaN,NaN,NaN,TD,NW,C,C,135,1012,NaN,M,30,NaN,
2000081318,05l.2000,BERYL,TS,NN,22.5,266.5,30,1008,301,6,301,6,NaN,NaN,NaN,NaN,NaN,NaN,NaN,NaN,NaN,NaN,TD,WN,B,B,NaN,NaN,NaN,NaN,NaN,NaN,
2000081400,05l.2000,BERYL,TS,NN,22.7,266.2,30,1008,301,6,301,6,NaN,NaN,NaN,NaN,NaN,NaN,NaN,NaN,NaN,NaN,TD,WN,B,B,NaN,NaN,NaN,NaN,NaN,NaN,
2000081406,05l.2000,BERYL,TS,NN,23.1,265.4,35,1007,301,6,301,6,NaN,NaN,NaN,NaN,NaN,NaN,NaN,NaN,NaN,NaN,TS,WN,B,B,NaN,NaN,NaN,NaN,NaN,NaN,
2000081412,05l.2000,BERYL,TS,NN,23.5,264.6,40,1009,299,8,299,8,NaN,NaN,NaN,NaN,NaN,NaN,NaN,NaN,NaN,NaN,TS,WN,B,B,NaN,NaN,NaN,NaN,NaN,NaN,
2000081418,05l.2000,BERYL,TS,NN,23.9,263.7,45,1009,297,9,297,9,NaN,NaN,NaN,NaN,NaN,NaN,NaN,NaN,NaN,NaN,TS,WN,B,B,NaN,NaN,NaN,NaN,NaN,NaN,
2000081500,05l.2000,BERYL,TS,NN,24.1,263.0,45,1007,292,8,292,8,NaN,NaN,NaN,NaN,NaN,NaN,NaN,NaN,NaN,NaN,TS,WN,B,B,NaN,NaN,NaN,NaN,NaN,NaN,
2000081506,05l.2000,BERYL,TS,NN,24.5,262.3,45,1009,295,7,295,7,NaN,NaN,NaN,NaN,NaN,NaN,NaN,NaN,NaN,NaN,TS,WN,B,B,NaN,NaN,0.24,NaN,NaN,NaN,
2000081512,05l.2000,BERYL,TS,NN,24.9,261.4,30,1010,299,8,299,8,NaN,NaN,NaN,NaN,NaN,NaN,NaN,NaN,NaN,NaN,TD,WN,B,B,NaN,NaN,1.00,NaN,NaN,NaN,
2000081518,05l.2000,BERYL,TS,NN,25.2,260.2,25,1012,290,10,290,10,NaN,NaN,NaN,NaN,NaN,NaN,NaN,NaN,NaN,NaN,TD,WN,B,B,NaN,NaN,1.00,NaN,NaN,NaN,
2000081618,l06.2000,9X-L06,TS,NN,13.7,311.5,25,1012,275,16,276,14,NaN,NaN,NaN,NaN,NaN,NaN,NaN,NaN,NaN,NaN,TD,NW,C,C,100,1014,NaN,M,30,NaN,
2000081700,l06.2000,9X-L06,TS,NN,13.7,310.1,25,1012,275,14,276,14,NaN,NaN,NaN,NaN,NaN,NaN,NaN,NaN,NaN,NaN,TD,NW,C,C,100,1014,NaN,M,30,NaN,
2000081706,l06.2000,9X-L06,TS,NN,14.0,308.6,25,1011,275,14,276,14,NaN,NaN,NaN,NaN,NaN,NaN,NaN,NaN,NaN,NaN,TD,NW,C,C,100,1014,NaN,M,30,NaN,
2000081712,l06.2000,9X-L06,TS,NN,14.2,308.1,25,1009,305,9,305,9,NaN,NaN,NaN,NaN,NaN,NaN,NaN,NaN,NaN,NaN,TD,NW,B,B,NaN,NaN,NaN,NaN,NaN,NaN,
2000081718,06l.2000,CHRIS,TS,NN,14.7,307.2,25,1009,305,9,305,9,NaN,NaN,NaN,NaN,NaN,NaN,NaN,NaN,NaN,NaN,TD,WN,B,B,NaN,NaN,NaN,NaN,NaN,NaN,
2000081800,06l.2000,CHRIS,TS,NN,15.2,306.6,25,1009,305,9,305,9,NaN,NaN,NaN,NaN,NaN,NaN,NaN,NaN,NaN,NaN,TD,WN,B,B,NaN,NaN,NaN,NaN,NaN,NaN,
2000081806,06l.2000,CHRIS,TS,NN,15.6,305.9,30,1009,306,8,306,8,NaN,NaN,NaN,NaN,NaN,NaN,NaN,NaN,NaN,NaN,TD,WN,B,B,NaN,NaN,NaN,NaN,NaN,NaN,
2000081812,06l.2000,CHRIS,TS,NN,16.2,304.6,35,1008,297,11,297,11,NaN,NaN,NaN,NaN,NaN,NaN,NaN,NaN,NaN,NaN,TS,WN,B,B,NaN,NaN,NaN,NaN,NaN,NaN,
2000081818,06l.2000,CHRIS,TS,NN,16.8,303.5,30,1011,298,13,298,13,NaN,NaN,NaN,NaN,NaN,NaN,NaN,NaN,NaN,NaN,TD,WN,B,B,NaN,NaN,NaN,NaN,NaN,NaN,
2000081900,06l.2000,CHRIS,TS,NN,17.3,302.3,25,1012,297,12,297,12,NaN,NaN,NaN,NaN,NaN,NaN,NaN,NaN,NaN,NaN,TD,WN,B,B,NaN,NaN,NaN,NaN,NaN,NaN,
2000081906,06l.2000,CHRIS,TS,NN,17.8,301.0,25,1012,293,13,293,13,NaN,NaN,NaN,NaN,NaN,NaN,NaN,NaN,NaN,NaN,TD,WN,B,B,NaN,NaN,NaN,NaN,NaN,NaN,
2000081912,06l.2000,CHRIS,TS,NN,18.3,299.6,20,1013,291,14,291,14,NaN,NaN,NaN,NaN,NaN,NaN,NaN,NaN,NaN,NaN,NT,WN,B,B,NaN,NaN,NaN,NaN,NaN,NaN,
2000081812,l07.2000,9X-L07,TY,NN,10.0,322.9,25,1008,270,20,276,14,NaN,NaN,NaN,NaN,NaN,NaN,NaN,NaN,NaN,NaN,TD,NW,C,C,150,1012,NaN,M,30,NaN,
2000081818,l07.2000,9X-L07,TY,NN,10.1,321.2,25,1008,270,20,276,14,NaN,NaN,NaN,NaN,NaN,NaN,NaN,NaN,NaN,NaN,TD,NW,C,C,150,1012,NaN,M,30,NaN,
2000081900,l07.2000,9X-L07,TY,NN,10.3,320.1,25,1008,275,14,276,14,NaN,NaN,NaN,NaN,NaN,NaN,NaN,NaN,NaN,NaN,TD,NW,C,C,150,1012,NaN,M,30,NaN,
2000081906,l07.2000,9X-L07,TY,NN,10.4,318.5,25,1008,275,14,276,13,NaN,NaN,NaN,NaN,NaN,NaN,NaN,NaN,NaN,NaN,TD,NW,C,C,150,1012,NaN,M,60,NaN,
2000081912,l07.2000,9X-L07,TY,NN,11.0,316.2,30,1008,275,16,280,19,NaN,NaN,NaN,NaN,NaN,NaN,NaN,NaN,NaN,NaN,TD,NW,C,C,150,1012,NaN,M,60,NaN,
2000081918,07l.2000,DEBBY,TY,NN,12.0,315.5,30,1010,300,13,300,13,NaN,NaN,NaN,NaN,NaN,NaN,NaN,NaN,NaN,NaN,TD,WN,B,B,NaN,NaN,NaN,NaN,NaN,NaN,
2000082000,07l.2000,DEBBY,TY,NN,12.6,314.7,30,1010,300,13,300,13,NaN,NaN,NaN,NaN,NaN,NaN,NaN,NaN,NaN,NaN,TD,WN,B,B,NaN,NaN,NaN,NaN,NaN,NaN,
2000082006,07l.2000,DEBBY,TY,NN,13.3,313.2,35,1009,300,13,300,13,NaN,NaN,NaN,NaN,NaN,NaN,NaN,NaN,NaN,NaN,TS,WN,B,B,NaN,NaN,NaN,NaN,NaN,NaN,
2000082012,07l.2000,DEBBY,TY,NN,14.0,311.2,40,1008,292,18,292,18,NaN,NaN,NaN,NaN,NaN,NaN,NaN,NaN,NaN,NaN,TS,WN,B,B,NaN,NaN,NaN,NaN,NaN,NaN,
2000082018,07l.2000,DEBBY,TY,NN,14.7,309.4,45,1007,291,20,291,20,NaN,NaN,NaN,NaN,NaN,NaN,NaN,NaN,NaN,NaN,TS,WN,B,B,NaN,NaN,NaN,NaN,NaN,NaN,
2000082100,07l.2000,DEBBY,TY,NN,15.1,307.9,55,1006,289,17,289,17,NaN,NaN,NaN,NaN,NaN,NaN,NaN,NaN,NaN,NaN,TS,WN,B,B,NaN,NaN,NaN,NaN,NaN,NaN,
2000082106,07l.2000,DEBBY,TY,NN,15.4,306.0,65,1005,282,17,282,17,NaN,NaN,NaN,NaN,NaN,NaN,NaN,NaN,NaN,NaN,TY,WN,B,B,NaN,NaN,NaN,NaN,NaN,NaN,
2000082112,07l.2000,DEBBY,TY,NN,15.7,303.7,75,1004,278,20,278,20,NaN,NaN,NaN,NaN,NaN,NaN,NaN,NaN,NaN,NaN,TY,WN,B,B,NaN,NaN,NaN,NaN,NaN,NaN,
2000082118,07l.2000,DEBBY,TY,NN,16.1,301.5,75,1004,279,22,279,22,NaN,NaN,NaN,NaN,NaN,NaN,NaN,NaN,NaN,NaN,TY,WN,B,B,NaN,NaN,NaN,NaN,NaN,NaN,
2000082200,07l.2000,DEBBY,TY,NN,16.8,299.9,70,995,287,19,287,19,NaN,NaN,NaN,NaN,NaN,NaN,NaN,NaN,NaN,NaN,TY,WN,B,B,NaN,NaN,NaN,NaN,NaN,NaN,
2000082206,07l.2000,DEBBY,TY,NN,17.5,298.3,65,993,295,17,295,17,NaN,NaN,NaN,NaN,NaN,NaN,NaN,NaN,NaN,NaN,TY,WN,B,B,NaN,NaN,0.03,NaN,NaN,NaN,
2000082212,07l.2000,DEBBY,TY,NN,18.1,296.5,65,994,292,17,292,17,NaN,NaN,NaN,NaN,NaN,NaN,NaN,NaN,NaN,NaN,TY,WN,B,B,NaN,NaN,0.02,NaN,NaN,NaN,
2000082218,07l.2000,DEBBY,TY,NN,18.8,294.6,65,995,290,19,290,19,NaN,NaN,NaN,NaN,NaN,NaN,NaN,NaN,NaN,NaN,TY,WN,B,B,NaN,NaN,NaN,NaN,NaN,NaN,
2000082300,07l.2000,DEBBY,TY,NN,19.2,293.3,65,995,290,16,290,16,NaN,NaN,NaN,NaN,NaN,NaN,NaN,NaN,NaN,NaN,TY,WN,B,B,NaN,NaN,NaN,NaN,NaN,NaN,
2000082306,07l.2000,DEBBY,TY,NN,19.5,291.9,65,995,285,13,285,13,NaN,NaN,NaN,NaN,NaN,NaN,NaN,NaN,NaN,NaN,TY,WN,B,B,NaN,NaN,NaN,NaN,NaN,NaN,
2000082312,07l.2000,DEBBY,TY,NN,19.8,290.3,60,1005,282,14,282,14,NaN,NaN,NaN,NaN,NaN,NaN,NaN,NaN,NaN,NaN,TS,WN,B,B,NaN,NaN,0.02,NaN,NaN,NaN,
2000082318,07l.2000,DEBBY,TY,NN,20.0,288.5,50,1009,279,16,279,16,NaN,NaN,NaN,NaN,NaN,NaN,NaN,NaN,NaN,NaN,TS,WN,B,B,NaN,NaN,0.32,NaN,NaN,NaN,
2000082400,07l.2000,DEBBY,TY,NN,19.9,286.7,40,1010,272,17,272,17,NaN,NaN,NaN,NaN,NaN,NaN,NaN,NaN,NaN,NaN,TS,WN,B,B,NaN,NaN,0.11,NaN,NaN,NaN,
2000082406,07l.2000,DEBBY,TY,NN,19.6,284.9,35,1011,263,17,263,17,NaN,NaN,NaN,NaN,NaN,NaN,NaN,NaN,NaN,NaN,TS,WN,B,B,NaN,NaN,0.06,NaN,NaN,NaN,
2000082412,07l.2000,DEBBY,TY,NN,19.5,283.0,30,1011,263,18,263,18,NaN,NaN,NaN,NaN,NaN,NaN,NaN,NaN,NaN,NaN,TD,WN,B,B,NaN,NaN,0.09,NaN,NaN,NaN,
2000083012,l08.2000,9X-L08,TS,NN,12.6,329.6,25,1008,285,16,285,12,NaN,NaN,NaN,NaN,NaN,NaN,NaN,NaN,NaN,NaN,TD,NW,C,C,150,1012,NaN,M,-9,NaN,
2000083018,l08.2000,9X-L08,TS,NN,13.0,327.7,25,1008,280,18,285,12,NaN,NaN,NaN,NaN,NaN,NaN,NaN,NaN,NaN,NaN,TD,NW,C,C,150,1012,NaN,M,-9,NaN,
2000083100,l08.2000,9X-L08,TS,NN,13.2,327.3,30,1008,285,14,285,12,NaN,NaN,NaN,NaN,NaN,NaN,NaN,NaN,NaN,NaN,TD,NW,C,C,150,1012,NaN,M,-9,NaN,
2000083106,l08.2000,9X-L08,TS,NN,13.5,325.5,28,1008,285,14,283,13,NaN,NaN,NaN,NaN,NaN,NaN,NaN,NaN,NaN,NaN,TD,NW,C,C,150,1012,NaN,M,-9,NaN,
2000083112,l08.2000,9X-L08,TS,NN,13.8,323.6,25,1008,280,16,281,14,NaN,NaN,NaN,NaN,NaN,NaN,NaN,NaN,NaN,NaN,TD,NW,C,C,150,1012,NaN,M,-9,NaN,
2000083118,l08.2000,9X-L08,TS,NN,14.1,321.2,25,1008,280,19,279,20,NaN,NaN,NaN,NaN,NaN,NaN,NaN,NaN,NaN,NaN,TD,NW,C,C,150,1012,NaN,M,-9,NaN,
2000090100,l08.2000,9X-L08,TS,NN,14.5,318.9,25,1008,280,23,279,23,NaN,NaN,NaN,NaN,NaN,NaN,NaN,NaN,NaN,NaN,TD,NW,C,C,150,1012,NaN,M,-9,NaN,
2000090106,l08.2000,9X-L08,TS,NN,14.5,316.5,25,1008,280,23,275,23,NaN,NaN,NaN,NaN,NaN,NaN,NaN,NaN,NaN,NaN,TD,NW,C,C,150,1012,NaN,M,-9,NaN,
2000090112,l08.2000,9X-L08,TS,NN,14.8,314.8,25,1009,285,15,285,15,NaN,NaN,NaN,NaN,NaN,NaN,NaN,NaN,NaN,NaN,TD,NW,B,B,NaN,NaN,NaN,NaN,NaN,NaN,
2000090118,l08.2000,9X-L08,TS,NN,15.0,313.0,30,1009,285,15,285,15,NaN,NaN,NaN,NaN,NaN,NaN,NaN,NaN,NaN,NaN,TD,NW,B,B,NaN,NaN,NaN,NaN,NaN,NaN,
2000090200,08l.2000,ERNESTO,TS,NN,15.6,311.7,30,1009,285,15,285,15,NaN,NaN,NaN,NaN,NaN,NaN,NaN,NaN,NaN,NaN,TD,WN,B,B,NaN,NaN,NaN,NaN,NaN,NaN,
2000090206,08l.2000,ERNESTO,TS,NN,16.2,310.5,35,1008,296,13,296,13,NaN,NaN,NaN,NaN,NaN,NaN,NaN,NaN,NaN,NaN,TS,WN,B,B,NaN,NaN,NaN,NaN,NaN,NaN,
2000090212,08l.2000,ERNESTO,TS,NN,16.9,309.2,35,1008,298,14,298,14,NaN,NaN,NaN,NaN,NaN,NaN,NaN,NaN,NaN,NaN,TS,WN,B,B,NaN,NaN,NaN,NaN,NaN,NaN,
2000090218,08l.2000,ERNESTO,TS,NN,17.5,307.9,35,1008,298,14,298,14,NaN,NaN,NaN,NaN,NaN,NaN,NaN,NaN,NaN,NaN,TS,WN,B,B,NaN,NaN,NaN,NaN,NaN,NaN,
2000090300,08l.2000,ERNESTO,TS,NN,18.2,306.4,35,1008,296,15,296,15,NaN,NaN,NaN,NaN,NaN,NaN,NaN,NaN,NaN,NaN,TS,WN,B,B,NaN,NaN,NaN,NaN,NaN,NaN,
2000090306,08l.2000,ERNESTO,TS,NN,18.8,305.0,35,1008,295,15,295,15,NaN,NaN,NaN,NaN,NaN,NaN,NaN,NaN,NaN,NaN,TS,WN,B,B,NaN,NaN,NaN,NaN,NaN,NaN,
2000090312,08l.2000,ERNESTO,TS,NN,19.4,303.4,35,1008,293,15,293,15,NaN,NaN,NaN,NaN,NaN,NaN,NaN,NaN,NaN,NaN,TS,WN,B,B,NaN,NaN,NaN,NaN,NaN,NaN,
2000090318,08l.2000,ERNESTO,TS,NN,20.0,302.0,30,1009,293,15,293,15,NaN,NaN,NaN,NaN,NaN,NaN,NaN,NaN,NaN,NaN,TD,NW,B,B,NaN,NaN,NaN,NaN,NaN,NaN,
2000090812,l09.2000,9X-L09,TD,NN,25.9,267.6,25,1009,340,12,339,14,NaN,NaN,NaN,NaN,NaN,NaN,NaN,NaN,NaN,NaN,TD,NW,C,C,150,1012,NaN,M,-9,NaN,
2000090818,l09.2000,9X-L09,TD,NN,27.5,266.5,25,NaN,352,9,352,9,NaN,NaN,NaN,NaN,NaN,NaN,NaN,NaN,NaN,NaN,TD,NW,B,B,NaN,NaN,NaN,NaN,NaN,NaN,
2000090900,09l.2000,NINE,TD,NN,28.5,266.5,30,NaN,352,9,352,9,NaN,NaN,NaN,NaN,NaN,NaN,NaN,NaN,NaN,NaN,TD,WN,B,B,NaN,NaN,NaN,NaN,NaN,NaN,
2000090906,09l.2000,NINE,TD,NN,29.3,266.2,25,NaN,352,9,352,9,NaN,NaN,NaN,NaN,NaN,NaN,NaN,NaN,NaN,NaN,TD,NW,B,B,NaN,NaN,0.29,NaN,NaN,NaN,
2000090912,09l.2000,NINE,TD,NN,30.0,266.0,25,NaN,344,8,344,8,NaN,NaN,NaN,NaN,NaN,NaN,NaN,NaN,NaN,NaN,TD,NW,B,B,NaN,NaN,0.77,NaN,NaN,NaN,
2000091012,l10.2000,9X-L10,TY,NN,31.0,289.4,30,1008,315,4,229,2,NaN,NaN,NaN,NaN,NaN,NaN,NaN,NaN,NaN,NaN,TD,NW,C,C,200,1012,NaN,M,120,NaN,
2000091018,l10.2000,9X-L10,TY,NN,30.9,289.1,30,1007,255,4,255,4,NaN,NaN,NaN,NaN,NaN,NaN,NaN,NaN,NaN,NaN,TD,NW,B,B,NaN,NaN,NaN,NaN,NaN,NaN,
2000091100,l10.2000,9X-L10,TY,NN,30.8,288.7,30,1007,255,4,255,4,NaN,NaN,NaN,NaN,NaN,NaN,NaN,NaN,NaN,NaN,TD,NW,B,B,NaN,NaN,NaN,NaN,NaN,NaN,
2000091106,l10.2000,9X-L10,TY,NN,30.7,288.2,30,1006,255,4,255,4,NaN,NaN,NaN,NaN,NaN,NaN,NaN,NaN,NaN,NaN,TD,NW,B,B,NaN,NaN,NaN,NaN,NaN,NaN,
2000091112,10l.2000,FLORENCE,TY,NN,30.4,287.8,45,1002,243,4,243,4,NaN,NaN,NaN,NaN,NaN,NaN,NaN,NaN,NaN,NaN,TS,WN,B,B,NaN,NaN,NaN,NaN,NaN,NaN,
2000091118,10l.2000,FLORENCE,TY,NN,30.1,287.4,65,998,229,5,229,5,NaN,NaN,NaN,NaN,NaN,NaN,NaN,NaN,NaN,NaN,TY,WN,B,B,NaN,NaN,NaN,NaN,NaN,NaN,
2000091200,10l.2000,FLORENCE,TY,NN,30.1,287.3,65,992,235,3,235,3,NaN,NaN,NaN,NaN,NaN,NaN,NaN,NaN,NaN,NaN,TY,WN,B,B,NaN,NaN,NaN,NaN,NaN,NaN,
2000091206,10l.2000,FLORENCE,TY,NN,30.2,287.2,60,993,300,1,300,1,NaN,NaN,NaN,NaN,NaN,NaN,NaN,NaN,NaN,NaN,TS,WN,B,B,NaN,NaN,NaN,NaN,NaN,NaN,
2000091212,10l.2000,FLORENCE,TY,NN,30.3,286.9,60,991,300,2,300,2,NaN,NaN,NaN,NaN,NaN,NaN,NaN,NaN,NaN,NaN,TS,WN,B,B,NaN,NaN,NaN,NaN,NaN,NaN,
2000091218,10l.2000,FLORENCE,TY,NN,30.6,286.7,65,987,313,3,313,3,NaN,NaN,NaN,NaN,NaN,NaN,NaN,NaN,NaN,NaN,TY,WN,B,B,NaN,NaN,NaN,NaN,NaN,NaN,
2000091300,10l.2000,FLORENCE,TY,NN,30.8,286.3,65,986,314,4,314,4,NaN,NaN,NaN,NaN,NaN,NaN,NaN,NaN,NaN,NaN,TY,WN,B,B,NaN,NaN,NaN,NaN,NaN,NaN,
2000091306,10l.2000,FLORENCE,TY,NN,30.7,286.0,65,986,279,3,279,3,NaN,NaN,NaN,NaN,NaN,NaN,NaN,NaN,NaN,NaN,TY,WN,B,B,NaN,NaN,NaN,NaN,NaN,NaN,
2000091312,10l.2000,FLORENCE,TY,NN,30.7,286.2,60,987,221,1,221,1,NaN,NaN,NaN,NaN,NaN,NaN,NaN,NaN,NaN,NaN,TS,WN,B,B,NaN,NaN,NaN,NaN,NaN,NaN,
2000091318,10l.2000,FLORENCE,TY,NN,30.5,286.3,55,989,128,2,128,2,NaN,NaN,NaN,NaN,NaN,NaN,NaN,NaN,NaN,NaN,TS,WN,B,B,NaN,NaN,NaN,NaN,NaN,NaN,
2000091400,10l.2000,FLORENCE,TY,NN,30.2,286.4,50,991,161,3,161,3,NaN,NaN,NaN,NaN,NaN,NaN,NaN,NaN,NaN,NaN,TS,WN,B,B,NaN,NaN,NaN,NaN,NaN,NaN,
2000091406,10l.2000,FLORENCE,TY,NN,29.6,286.4,45,993,175,5,175,5,NaN,NaN,NaN,NaN,NaN,NaN,NaN,NaN,NaN,NaN,TS,WN,B,B,NaN,NaN,NaN,NaN,NaN,NaN,
2000091412,10l.2000,FLORENCE,TY,NN,29.5,286.6,45,994,166,4,166,4,NaN,NaN,NaN,NaN,NaN,NaN,NaN,NaN,NaN,NaN,TS,WN,B,B,NaN,NaN,NaN,NaN,NaN,NaN,
2000091418,10l.2000,FLORENCE,TY,NN,29.3,286.9,45,995,125,3,125,3,NaN,NaN,NaN,NaN,NaN,NaN,NaN,NaN,NaN,NaN,TS,WN,B,B,NaN,NaN,NaN,NaN,NaN,NaN,
2000091500,10l.2000,FLORENCE,TY,NN,29.2,287.2,45,995,120,3,120,3,NaN,NaN,NaN,NaN,NaN,NaN,NaN,NaN,NaN,NaN,TS,WN,B,B,NaN,NaN,NaN,NaN,NaN,NaN,
2000091506,10l.2000,FLORENCE,TY,NN,29.1,287.6,45,996,108,3,108,3,NaN,NaN,NaN,NaN,NaN,NaN,NaN,NaN,NaN,NaN,TS,WN,B,B,NaN,NaN,NaN,NaN,NaN,NaN,
2000091512,10l.2000,FLORENCE,TY,NN,29.8,288.8,50,997,67,8,67,8,NaN,NaN,NaN,NaN,NaN,NaN,NaN,NaN,NaN,NaN,TS,WN,B,B,NaN,NaN,NaN,NaN,NaN,NaN,
2000091518,10l.2000,FLORENCE,TY,NN,30.1,290.3,60,997,67,13,67,13,NaN,NaN,NaN,NaN,NaN,NaN,NaN,NaN,NaN,NaN,TS,WN,B,B,NaN,NaN,NaN,NaN,NaN,NaN,
2000091600,10l.2000,FLORENCE,TY,NN,30.8,292.5,65,994,73,17,73,17,NaN,NaN,NaN,NaN,NaN,NaN,NaN,NaN,NaN,NaN,TY,WN,B,B,NaN,NaN,NaN,NaN,NaN,NaN,
2000091606,10l.2000,FLORENCE,TY,NN,32.6,293.9,65,988,51,20,51,20,NaN,NaN,NaN,NaN,NaN,NaN,NaN,NaN,NaN,NaN,TY,WN,B,B,NaN,NaN,NaN,NaN,NaN,NaN,
2000091612,10l.2000,FLORENCE,TY,NN,34.3,295.8,65,987,38,22,38,22,NaN,NaN,NaN,NaN,NaN,NaN,NaN,NaN,NaN,NaN,TY,WN,B,B,NaN,NaN,NaN,NaN,NaN,NaN,
2000091618,10l.2000,FLORENCE,TY,NN,36.1,298.2,70,985,45,25,45,25,NaN,NaN,NaN,NaN,NaN,NaN,NaN,NaN,NaN,NaN,TY,WN,B,B,NaN,NaN,NaN,NaN,NaN,NaN,
2000091700,10l.2000,FLORENCE,TY,NN,37.9,300.5,60,990,47,26,47,26,NaN,NaN,NaN,NaN,NaN,NaN,NaN,NaN,NaN,NaN,TS,WN,B,B,NaN,NaN,NaN,NaN,NaN,NaN,
2000091706,10l.2000,FLORENCE,TY,NN,40.1,302.6,55,995,41,26,41,26,NaN,NaN,NaN,NaN,NaN,NaN,NaN,NaN,NaN,NaN,TS,WN,B,B,NaN,NaN,NaN,NaN,NaN,NaN,
2000091712,10l.2000,FLORENCE,TY,NN,42.5,305.0,50,1000,37,29,37,29,NaN,NaN,NaN,NaN,NaN,NaN,NaN,NaN,NaN,NaN,TS,WN,B,B,NaN,NaN,NaN,NaN,NaN,NaN,
2000091718,10l.2000,FLORENCE,TY,NN,45.5,307.0,50,1002,31,31,31,31,NaN,NaN,NaN,NaN,NaN,NaN,NaN,NaN,NaN,NaN,TS,WN,B,B,NaN,NaN,NaN,NaN,NaN,NaN,
2000091218,l11.2000,9X-L11,TY,NN,16.3,278.8,25,1008,295,15,314,9,NaN,NaN,NaN,NaN,NaN,NaN,NaN,NaN,NaN,NaN,TD,NW,C,C,150,1012,NaN,D,20,NaN,
2000091300,l11.2000,9X-L11,TY,NN,17.0,278.1,25,1008,310,10,314,9,NaN,NaN,NaN,NaN,NaN,NaN,NaN,NaN,NaN,NaN,TD,NW,C,C,150,1012,NaN,D,20,NaN,
2000091306,l11.2000,9X-L11,TY,NN,17.5,277.5,25,1008,315,9,314,9,NaN,NaN,NaN,NaN,NaN,NaN,NaN,NaN,NaN,NaN,TD,NW,C,C,150,1011,NaN,D,30,NaN,
2000091312,l11.2000,9X-L11,TY,NN,17.7,276.2,25,1008,300,10,291,10,NaN,NaN,NaN,NaN,NaN,NaN,NaN,NaN,NaN,NaN,TD,NW,C,C,150,1011,NaN,D,30,NaN,
2000091318,l11.2000,9X-L11,TY,NN,19.1,275.1,30,1008,305,12,305,14,NaN,NaN,NaN,NaN,NaN,NaN,NaN,NaN,NaN,NaN,TD,NW,C,C,150,1011,NaN,D,45,NaN,
2000091400,l11.2000,9X-L11,TY,NN,19.3,274.6,30,1007,315,11,317,11,NaN,NaN,NaN,NaN,NaN,NaN,NaN,NaN,NaN,NaN,TD,NW,C,C,150,1011,NaN,D,45,NaN,
2000091406,l11.2000,9X-L11,TY,NN,20.1,274.4,25,1007,320,8,327,6,NaN,NaN,NaN,NaN,NaN,NaN,NaN,NaN,NaN,NaN,TD,NW,C,C,120,1012,NaN,D,40,NaN,
2000091412,11l.2000,GORDON,TY,NN,19.8,272.7,25,1008,337,5,337,5,NaN,NaN,NaN,NaN,NaN,NaN,NaN,NaN,NaN,NaN,TD,WN,B,B,NaN,NaN,0.57,NaN,NaN,NaN,
2000091418,11l.2000,GORDON,TY,NN,20.4,272.6,25,1007,337,5,337,5,NaN,NaN,NaN,NaN,NaN,NaN,NaN,NaN,NaN,NaN,TD,WN,B,B,NaN,NaN,0.83,NaN,NaN,NaN,
2000091500,11l.2000,GORDON,TY,NN,20.7,272.3,25,1007,337,5,337,5,NaN,NaN,NaN,NaN,NaN,NaN,NaN,NaN,NaN,NaN,TD,WN,B,B,NaN,NaN,0.83,NaN,NaN,NaN,
2000091506,11l.2000,GORDON,TY,NN,21.0,272.0,25,1006,317,4,317,4,NaN,NaN,NaN,NaN,NaN,NaN,NaN,NaN,NaN,NaN,TD,WN,B,B,NaN,NaN,1.00,NaN,NaN,NaN,
2000091512,11l.2000,GORDON,TY,NN,21.4,271.3,25,1004,307,6,307,6,NaN,NaN,NaN,NaN,NaN,NaN,NaN,NaN,NaN,NaN,TD,WN,B,B,NaN,NaN,0.51,NaN,NaN,NaN,
2000091518,11l.2000,GORDON,TY,NN,21.6,272.2,30,1004,17,3,17,3,NaN,NaN,NaN,NaN,NaN,NaN,NaN,NaN,NaN,NaN,TD,WN,B,B,NaN,NaN,0.55,NaN,NaN,NaN,
2000091600,11l.2000,GORDON,TY,NN,22.5,273.3,40,1000,59,11,59,11,NaN,NaN,NaN,NaN,NaN,NaN,NaN,NaN,NaN,NaN,TS,WN,B,B,NaN,NaN,NaN,NaN,NaN,NaN,
2000091606,11l.2000,GORDON,TY,NN,22.9,273.4,50,997,41,9,41,9,NaN,NaN,NaN,NaN,NaN,NaN,NaN,NaN,NaN,NaN,TS,WN,B,B,NaN,NaN,NaN,NaN,NaN,NaN,
2000091612,11l.2000,GORDON,TY,NN,23.5,273.7,55,992,20,5,20,5,NaN,NaN,NaN,NaN,NaN,NaN,NaN,NaN,NaN,NaN,TS,WN,B,B,NaN,NaN,NaN,NaN,NaN,NaN,
2000091618,11l.2000,GORDON,TY,NN,24.3,274.1,60,983,25,8,25,8,NaN,NaN,NaN,NaN,NaN,NaN,NaN,NaN,NaN,NaN,TS,WN,B,B,NaN,NaN,NaN,NaN,NaN,NaN,
2000091700,11l.2000,GORDON,TY,NN,25.2,274.6,65,985,26,9,26,9,NaN,NaN,NaN,NaN,NaN,NaN,NaN,NaN,NaN,NaN,TY,WN,B,B,NaN,NaN,NaN,NaN,NaN,NaN,
2000091706,11l.2000,GORDON,TY,NN,26.1,275.1,70,981,27,10,27,10,NaN,NaN,NaN,NaN,NaN,NaN,NaN,NaN,NaN,NaN,TY,WN,B,B,NaN,NaN,NaN,NaN,NaN,NaN,
2000091712,11l.2000,GORDON,TY,NN,27.1,275.7,65,987,27,11,27,11,NaN,NaN,NaN,NaN,NaN,NaN,NaN,NaN,NaN,NaN,TY,WN,B,B,NaN,NaN,NaN,NaN,NaN,NaN,
2000091718,11l.2000,GORDON,TY,NN,28.0,276.2,65,985,27,11,27,11,NaN,NaN,NaN,NaN,NaN,NaN,NaN,NaN,NaN,NaN,TY,WN,B,B,NaN,NaN,NaN,NaN,NaN,NaN,
2000091800,11l.2000,GORDON,TY,NN,28.9,276.6,60,989,24,10,24,10,NaN,NaN,NaN,NaN,NaN,NaN,NaN,NaN,NaN,NaN,TS,WN,B,B,NaN,NaN,0.06,NaN,NaN,NaN,
2000091806,11l.2000,GORDON,TY,NN,29.8,277.0,40,1000,21,10,21,10,NaN,NaN,NaN,NaN,NaN,NaN,NaN,NaN,NaN,NaN,TS,WN,B,B,NaN,NaN,0.96,NaN,NaN,NaN,
2000091812,11l.2000,GORDON,TY,NN,31.0,277.7,30,1006,24,12,24,12,NaN,NaN,NaN,NaN,NaN,NaN,NaN,NaN,NaN,NaN,TD,WN,B,B,NaN,NaN,0.92,NaN,NaN,NaN,
2000091818,11l.2000,GORDON,TY,NN,32.3,278.5,25,1011,27,14,27,14,NaN,NaN,NaN,NaN,NaN,NaN,NaN,NaN,NaN,NaN,TD,NW,B,B,NaN,NaN,0.98,NaN,NaN,NaN,
2000091900,11l.2000,GORDON,TY,NN,33.5,279.8,25,1011,35,15,35,15,NaN,NaN,NaN,NaN,NaN,NaN,NaN,NaN,NaN,NaN,TD,NW,B,B,NaN,NaN,0.95,NaN,NaN,NaN,
2000091906,11l.2000,GORDON,TY,NN,35.0,281.0,20,1011,38,17,38,17,NaN,NaN,NaN,NaN,NaN,NaN,NaN,NaN,NaN,NaN,NT,NW,B,B,NaN,NaN,1.00,NaN,NaN,NaN,
2000091912,11l.2000,GORDON,TY,NN,37.0,281.8,20,1010,25,19,25,19,NaN,NaN,NaN,NaN,NaN,NaN,NaN,NaN,NaN,NaN,NT,NW,B,B,NaN,NaN,0.97,NaN,NaN,NaN,
2000091918,11l.2000,GORDON,TY,NN,38.5,284.0,25,1008,34,21,34,21,NaN,NaN,NaN,NaN,NaN,NaN,NaN,NaN,NaN,NaN,TD,NW,B,B,NaN,NaN,0.60,NaN,NaN,NaN,
2000092000,11l.2000,GORDON,TY,NN,40.0,286.0,25,1007,48,22,48,22,NaN,NaN,NaN,NaN,NaN,NaN,NaN,NaN,NaN,NaN,TD,NW,B,B,NaN,NaN,0.38,NaN,NaN,NaN,
2000092006,11l.2000,GORDON,TY,NN,41.5,288.0,25,1005,46,21,46,21,NaN,NaN,NaN,NaN,NaN,NaN,NaN,NaN,NaN,NaN,TD,NW,B,B,NaN,NaN,0.69,NaN,NaN,NaN,
2000092012,11l.2000,GORDON,TY,NN,42.0,290.5,30,1005,60,20,60,20,NaN,NaN,NaN,NaN,NaN,NaN,NaN,NaN,NaN,NaN,TD,NW,B,B,NaN,NaN,0.02,NaN,NaN,NaN,
2000092018,11l.2000,GORDON,TY,NN,42.5,292.8,30,1005,74,19,74,19,NaN,NaN,NaN,NaN,NaN,NaN,NaN,NaN,NaN,NaN,TD,NW,B,B,NaN,NaN,NaN,NaN,NaN,NaN,
2000092100,11l.2000,GORDON,TY,NN,43.0,295.0,30,1004,73,17,73,17,NaN,NaN,NaN,NaN,NaN,NaN,NaN,NaN,NaN,NaN,TD,NW,B,B,NaN,NaN,NaN,NaN,NaN,NaN,
2000092106,11l.2000,GORDON,TY,NN,43.5,297.0,30,1003,72,16,72,16,NaN,NaN,NaN,NaN,NaN,NaN,NaN,NaN,NaN,NaN,TD,NW,B,B,NaN,NaN,NaN,NaN,NaN,NaN,
2000091512,12l.2000,HELENE,TS,NN,14.9,307.8,25,1010,297,8,297,8,NaN,NaN,NaN,NaN,NaN,NaN,NaN,NaN,NaN,NaN,TD,WN,B,B,NaN,NaN,NaN,NaN,NaN,NaN,
2000091518,12l.2000,HELENE,TS,NN,15.3,307.0,25,1010,297,8,297,8,NaN,NaN,NaN,NaN,NaN,NaN,NaN,NaN,NaN,NaN,TD,WN,B,B,NaN,NaN,NaN,NaN,NaN,NaN,
2000091600,12l.2000,HELENE,TS,NN,15.6,306.4,25,1010,297,8,297,8,NaN,NaN,NaN,NaN,NaN,NaN,NaN,NaN,NaN,NaN,TD,WN,B,B,NaN,NaN,NaN,NaN,NaN,NaN,
2000091606,12l.2000,HELENE,TS,NN,15.8,305.6,25,1010,290,7,290,7,NaN,NaN,NaN,NaN,NaN,NaN,NaN,NaN,NaN,NaN,TD,WN,B,B,NaN,NaN,NaN,NaN,NaN,NaN,
2000091612,12l.2000,HELENE,TS,NN,16.1,304.1,30,1010,283,11,283,11,NaN,NaN,NaN,NaN,NaN,NaN,NaN,NaN,NaN,NaN,TD,NW,B,B,NaN,NaN,NaN,NaN,NaN,NaN,
2000091618,12l.2000,HELENE,TS,NN,16.4,302.0,30,1010,280,18,280,18,NaN,NaN,NaN,NaN,NaN,NaN,NaN,NaN,NaN,NaN,TD,NW,B,B,NaN,NaN,NaN,NaN,NaN,NaN,
2000091700,12l.2000,HELENE,TS,NN,16.6,300.1,30,1010,277,19,277,19,NaN,NaN,NaN,NaN,NaN,NaN,NaN,NaN,NaN,NaN,TD,NW,B,B,NaN,NaN,NaN,NaN,NaN,NaN,
2000091706,12l.2000,HELENE,TS,NN,16.6,298.3,30,1010,273,18,273,18,NaN,NaN,NaN,NaN,NaN,NaN,NaN,NaN,NaN,NaN,TD,NW,B,B,NaN,NaN,0.12,NaN,NaN,NaN,
2000091712,12l.2000,HELENE,TS,NN,16.4,296.4,30,1010,267,18,267,18,NaN,NaN,NaN,NaN,NaN,NaN,NaN,NaN,NaN,NaN,TD,NW,B,B,NaN,NaN,NaN,NaN,NaN,NaN,
2000091718,12l.2000,HELENE,TS,NN,16.7,294.4,30,1010,272,19,272,19,NaN,NaN,NaN,NaN,NaN,NaN,NaN,NaN,NaN,NaN,TD,NW,B,B,NaN,NaN,NaN,NaN,NaN,NaN,
2000091800,12l.2000,HELENE,TS,NN,17.0,292.9,30,1010,280,17,280,17,NaN,NaN,NaN,NaN,NaN,NaN,NaN,NaN,NaN,NaN,TD,NW,B,B,NaN,NaN,NaN,NaN,NaN,NaN,
2000091806,12l.2000,HELENE,TS,NN,17.1,291.3,30,1010,278,15,278,15,NaN,NaN,NaN,NaN,NaN,NaN,NaN,NaN,NaN,NaN,TD,NW,B,B,NaN,NaN,NaN,NaN,NaN,NaN,
2000091812,12l.2000,HELENE,TS,NN,17.2,289.4,30,1010,273,17,273,17,NaN,NaN,NaN,NaN,NaN,NaN,NaN,NaN,NaN,NaN,TD,NW,B,B,NaN,NaN,NaN,NaN,NaN,NaN,
2000091818,12l.2000,HELENE,TS,NN,17.4,287.5,30,1010,275,18,275,18,NaN,NaN,NaN,NaN,NaN,NaN,NaN,NaN,NaN,NaN,TD,NW,B,B,NaN,NaN,NaN,NaN,NaN,NaN,
2000091900,12l.2000,HELENE,TS,NN,17.6,285.6,30,1010,276,18,276,18,NaN,NaN,NaN,NaN,NaN,NaN,NaN,NaN,NaN,NaN,TD,NW,B,B,NaN,NaN,NaN,NaN,NaN,NaN,
2000091906,12l.2000,HELENE,TS,NN,18.3,283.7,30,1010,284,19,284,19,NaN,NaN,NaN,NaN,NaN,NaN,NaN,NaN,NaN,NaN,TD,NW,B,B,NaN,NaN,0.18,NaN,NaN,NaN,
2000091912,12l.2000,HELENE,TS,NN,18.9,281.7,30,1010,289,20,289,20,NaN,NaN,NaN,NaN,NaN,NaN,NaN,NaN,NaN,NaN,TD,NW,B,B,NaN,NaN,NaN,NaN,NaN,NaN,
2000091918,12l.2000,HELENE,TS,NN,19.4,280.4,30,1010,289,17,289,17,NaN,NaN,NaN,NaN,NaN,NaN,NaN,NaN,NaN,NaN,TD,WN,B,B,NaN,NaN,NaN,NaN,NaN,NaN,
2000092000,12l.2000,HELENE,TS,NN,19.9,279.0,30,1010,291,14,291,14,NaN,NaN,NaN,NaN,NaN,NaN,NaN,NaN,NaN,NaN,TD,WN,B,B,NaN,NaN,NaN,NaN,NaN,NaN,
2000092006,12l.2000,HELENE,TS,NN,20.7,277.4,25,1010,295,16,295,16,NaN,NaN,NaN,NaN,NaN,NaN,NaN,NaN,NaN,NaN,TD,WN,B,B,NaN,NaN,NaN,NaN,NaN,NaN,
2000092012,12l.2000,HELENE,TS,NN,21.8,275.7,25,1010,302,18,302,18,NaN,NaN,NaN,NaN,NaN,NaN,NaN,NaN,NaN,NaN,TD,WN,B,B,NaN,NaN,0.27,NaN,NaN,NaN,
2000092018,12l.2000,HELENE,TS,NN,23.0,274.6,25,1010,312,17,312,17,NaN,NaN,NaN,NaN,NaN,NaN,NaN,NaN,NaN,NaN,TD,WN,B,B,NaN,NaN,NaN,NaN,NaN,NaN,
2000092100,12l.2000,HELENE,TS,NN,23.9,273.9,25,1008,322,13,322,13,NaN,NaN,NaN,NaN,NaN,NaN,NaN,NaN,NaN,NaN,TD,WN,B,B,NaN,NaN,NaN,NaN,NaN,NaN,
2000092106,12l.2000,HELENE,TS,NN,24.9,273.4,35,1007,330,11,330,11,NaN,NaN,NaN,NaN,NaN,NaN,NaN,NaN,NaN,NaN,TS,WN,B,B,NaN,NaN,NaN,NaN,NaN,NaN,
2000092112,12l.2000,HELENE,TS,NN,26.1,273.0,45,1006,340,12,340,12,NaN,NaN,NaN,NaN,NaN,NaN,NaN,NaN,NaN,NaN,TS,WN,B,B,NaN,NaN,NaN,NaN,NaN,NaN,
2000092118,12l.2000,HELENE,TS,NN,27.1,272.9,60,999,348,11,348,11,NaN,NaN,NaN,NaN,NaN,NaN,NaN,NaN,NaN,NaN,TS,WN,B,B,NaN,NaN,NaN,NaN,NaN,NaN,
2000092200,12l.2000,HELENE,TS,NN,28.4,272.8,60,996,356,12,356,12,NaN,NaN,NaN,NaN,NaN,NaN,NaN,NaN,NaN,NaN,TS,WN,B,B,NaN,NaN,NaN,NaN,NaN,NaN,
2000092206,12l.2000,HELENE,TS,NN,29.5,272.8,50,1001,358,12,358,12,NaN,NaN,NaN,NaN,NaN,NaN,NaN,NaN,NaN,NaN,TS,WN,B,B,NaN,NaN,NaN,NaN,NaN,NaN,
2000092212,12l.2000,HELENE,TS,NN,30.5,273.4,35,1006,14,11,14,11,NaN,NaN,NaN,NaN,NaN,NaN,NaN,NaN,NaN,NaN,TS,WN,B,B,NaN,NaN,0.59,NaN,NaN,NaN,
2000092218,12l.2000,HELENE,TS,NN,31.6,274.6,25,1010,36,13,36,13,NaN,NaN,NaN,NaN,NaN,NaN,NaN,NaN,NaN,NaN,TD,WN,B,B,NaN,NaN,0.96,NaN,NaN,NaN,
2000092300,12l.2000,HELENE,TS,NN,32.9,276.5,25,1011,48,18,48,18,NaN,NaN,NaN,NaN,NaN,NaN,NaN,NaN,NaN,NaN,TD,NW,B,B,NaN,NaN,0.99,NaN,NaN,NaN,
2000092306,12l.2000,HELENE,TS,NN,33.6,278.3,25,1012,57,19,57,19,NaN,NaN,NaN,NaN,NaN,NaN,NaN,NaN,NaN,NaN,TD,NW,B,B,NaN,NaN,0.99,NaN,NaN,NaN,
2000092312,12l.2000,HELENE,TS,NN,34.4,280.0,25,1011,63,16,63,16,NaN,NaN,NaN,NaN,NaN,NaN,NaN,NaN,NaN,NaN,TD,NW,B,B,NaN,NaN,0.99,NaN,NaN,NaN,
2000092318,12l.2000,HELENE,TS,NN,35.4,282.0,35,1010,59,18,59,18,NaN,NaN,NaN,NaN,NaN,NaN,NaN,NaN,NaN,NaN,TS,NW,B,B,NaN,NaN,0.99,NaN,NaN,NaN,
2000092400,12l.2000,HELENE,TS,NN,36.4,283.9,40,1008,58,19,58,19,NaN,NaN,NaN,NaN,NaN,NaN,NaN,NaN,NaN,NaN,TS,NW,B,B,NaN,NaN,0.43,NaN,NaN,NaN,
2000092406,12l.2000,HELENE,TS,NN,37.2,285.3,45,1005,56,16,56,16,NaN,NaN,NaN,NaN,NaN,NaN,NaN,NaN,NaN,NaN,TS,NW,B,B,NaN,NaN,NaN,NaN,NaN,NaN,
2000092412,12l.2000,HELENE,TS,NN,38.0,287.5,45,1001,61,16,61,16,NaN,NaN,NaN,NaN,NaN,NaN,NaN,NaN,NaN,NaN,TS,NW,B,B,NaN,NaN,NaN,NaN,NaN,NaN,
2000092418,12l.2000,HELENE,TS,NN,39.2,289.9,45,997,61,21,61,21,NaN,NaN,NaN,NaN,NaN,NaN,NaN,NaN,NaN,NaN,TS,NW,B,B,NaN,NaN,NaN,NaN,NaN,NaN,
2000092500,12l.2000,HELENE,TS,NN,40.1,293.2,55,993,65,24,65,24,NaN,NaN,NaN,NaN,NaN,NaN,NaN,NaN,NaN,NaN,TS,NW,B,B,NaN,NaN,NaN,NaN,NaN,NaN,
2000092506,12l.2000,HELENE,TS,NN,41.6,297.8,60,986,68,32,68,32,NaN,NaN,NaN,NaN,NaN,NaN,NaN,NaN,NaN,NaN,TS,NW,B,B,NaN,NaN,NaN,NaN,NaN,NaN,
2000092512,12l.2000,HELENE,TS,NN,44.0,304.5,55,988,65,46,65,46,NaN,NaN,NaN,NaN,NaN,NaN,NaN,NaN,NaN,NaN,TS,NW,B,B,NaN,NaN,NaN,NaN,NaN,NaN,
2000092518,12l.2000,HELENE,TS,NN,46.1,311.2,45,990,65,53,65,53,NaN,NaN,NaN,NaN,NaN,NaN,NaN,NaN,NaN,NaN,TS,NW,B,B,NaN,NaN,NaN,NaN,NaN,NaN,
2000092112,13l.2000,ISAAC,TY,NN,11.5,337.0,30,1008,286,15,286,15,NaN,NaN,NaN,NaN,NaN,NaN,NaN,NaN,NaN,NaN,TD,WN,B,B,NaN,NaN,NaN,NaN,NaN,NaN,
2000092118,13l.2000,ISAAC,TY,NN,11.9,335.5,30,1008,286,15,286,15,NaN,NaN,NaN,NaN,NaN,NaN,NaN,NaN,NaN,NaN,TD,WN,B,B,NaN,NaN,NaN,NaN,NaN,NaN,
2000092200,13l.2000,ISAAC,TY,NN,12.3,334.1,35,1005,286,15,286,15,NaN,NaN,NaN,NaN,NaN,NaN,NaN,NaN,NaN,NaN,TS,WN,B,B,NaN,NaN,NaN,NaN,NaN,NaN,
2000092206,13l.2000,ISAAC,TY,NN,12.7,332.8,40,1001,287,14,287,14,NaN,NaN,NaN,NaN,NaN,NaN,NaN,NaN,NaN,NaN,TS,WN,B,B,NaN,NaN,NaN,NaN,NaN,NaN,
2000092212,13l.2000,ISAAC,TY,NN,13.1,331.3,45,1000,286,14,286,14,NaN,NaN,NaN,NaN,NaN,NaN,NaN,NaN,NaN,NaN,TS,WN,B,B,NaN,NaN,NaN,NaN,NaN,NaN,
2000092218,13l.2000,ISAAC,TY,NN,13.5,329.9,45,1000,286,15,286,15,NaN,NaN,NaN,NaN,NaN,NaN,NaN,NaN,NaN,NaN,TS,WN,B,B,NaN,NaN,NaN,NaN,NaN,NaN,
2000092300,13l.2000,ISAAC,TY,NN,13.7,328.8,50,997,284,13,284,13,NaN,NaN,NaN,NaN,NaN,NaN,NaN,NaN,NaN,NaN,TS,WN,B,B,NaN,NaN,NaN,NaN,NaN,NaN,
2000092306,13l.2000,ISAAC,TY,NN,13.9,327.7,55,994,281,11,281,11,NaN,NaN,NaN,NaN,NaN,NaN,NaN,NaN,NaN,NaN,TS,WN,B,B,NaN,NaN,NaN,NaN,NaN,NaN,
2000092312,13l.2000,ISAAC,TY,NN,14.3,326.8,70,984,287,10,287,10,NaN,NaN,NaN,NaN,NaN,NaN,NaN,NaN,NaN,NaN,TY,WN,B,B,NaN,NaN,NaN,NaN,NaN,NaN,
2000092318,13l.2000,ISAAC,TY,NN,14.6,325.8,85,973,291,10,291,10,NaN,NaN,NaN,NaN,NaN,NaN,NaN,NaN,NaN,NaN,TY,WN,B,B,NaN,NaN,NaN,NaN,NaN,NaN,
2000092400,13l.2000,ISAAC,TY,NN,14.9,325.0,105,960,289,9,289,9,NaN,NaN,NaN,NaN,NaN,NaN,NaN,NaN,NaN,NaN,TY,WN,B,B,NaN,NaN,NaN,NaN,NaN,NaN,
2000092406,13l.2000,ISAAC,TY,NN,15.1,324.2,100,960,288,8,288,8,NaN,NaN,NaN,NaN,NaN,NaN,NaN,NaN,NaN,NaN,TY,WN,B,B,NaN,NaN,NaN,NaN,NaN,NaN,
2000092412,13l.2000,ISAAC,TY,NN,15.5,323.2,100,960,289,9,289,9,NaN,NaN,NaN,NaN,NaN,NaN,NaN,NaN,NaN,NaN,TY,WN,B,B,NaN,NaN,NaN,NaN,NaN,NaN,
2000092418,13l.2000,ISAAC,TY,NN,15.8,322.2,100,960,290,10,290,10,NaN,NaN,NaN,NaN,NaN,NaN,NaN,NaN,NaN,NaN,TY,WN,B,B,NaN,NaN,NaN,NaN,NaN,NaN,
2000092500,13l.2000,ISAAC,TY,NN,16.3,321.4,95,965,295,10,295,10,NaN,NaN,NaN,NaN,NaN,NaN,NaN,NaN,NaN,NaN,TY,WN,B,B,NaN,NaN,NaN,NaN,NaN,NaN,
2000092506,13l.2000,ISAAC,TY,NN,16.7,320.5,95,965,299,9,299,9,NaN,NaN,NaN,NaN,NaN,NaN,NaN,NaN,NaN,NaN,TY,WN,B,B,NaN,NaN,NaN,NaN,NaN,NaN,
2000092512,13l.2000,ISAAC,TY,NN,17.2,319.6,90,970,298,10,298,10,NaN,NaN,NaN,NaN,NaN,NaN,NaN,NaN,NaN,NaN,TY,WN,B,B,NaN,NaN,NaN,NaN,NaN,NaN,
2000092518,13l.2000,ISAAC,TY,NN,17.6,318.8,90,970,299,9,299,9,NaN,NaN,NaN,NaN,NaN,NaN,NaN,NaN,NaN,NaN,TY,WN,B,B,NaN,NaN,NaN,NaN,NaN,NaN,
2000092600,13l.2000,ISAAC,TY,NN,17.9,318.0,90,970,295,8,295,8,NaN,NaN,NaN,NaN,NaN,NaN,NaN,NaN,NaN,NaN,TY,WN,B,B,NaN,NaN,NaN,NaN,NaN,NaN,
2000092606,13l.2000,ISAAC,TY,NN,18.3,317.1,85,973,293,9,293,9,NaN,NaN,NaN,NaN,NaN,NaN,NaN,NaN,NaN,NaN,TY,WN,B,B,NaN,NaN,NaN,NaN,NaN,NaN,
2000092612,13l.2000,ISAAC,TY,NN,18.6,316.1,75,980,291,10,291,10,NaN,NaN,NaN,NaN,NaN,NaN,NaN,NaN,NaN,NaN,TY,WN,B,B,NaN,NaN,NaN,NaN,NaN,NaN,
2000092618,13l.2000,ISAAC,TY,NN,19.1,315.0,75,980,292,11,292,11,NaN,NaN,NaN,NaN,NaN,NaN,NaN,NaN,NaN,NaN,TY,WN,B,B,NaN,NaN,NaN,NaN,NaN,NaN,
2000092700,13l.2000,ISAAC,TY,NN,19.6,314.0,80,977,297,11,297,11,NaN,NaN,NaN,NaN,NaN,NaN,NaN,NaN,NaN,NaN,TY,WN,B,B,NaN,NaN,NaN,NaN,NaN,NaN,
2000092706,13l.2000,ISAAC,TY,NN,20.4,313.0,85,973,305,11,305,11,NaN,NaN,NaN,NaN,NaN,NaN,NaN,NaN,NaN,NaN,TY,WN,B,B,NaN,NaN,NaN,NaN,NaN,NaN,
2000092712,13l.2000,ISAAC,TY,NN,21.0,311.9,90,970,305,12,305,12,NaN,NaN,NaN,NaN,NaN,NaN,NaN,NaN,NaN,NaN,TY,WN,B,B,NaN,NaN,NaN,NaN,NaN,NaN,
2000092718,13l.2000,ISAAC,TY,NN,21.9,310.5,95,965,303,14,303,14,NaN,NaN,NaN,NaN,NaN,NaN,NaN,NaN,NaN,NaN,TY,WN,B,B,NaN,NaN,NaN,NaN,NaN,NaN,
2000092800,13l.2000,ISAAC,TY,NN,22.8,309.4,100,960,308,15,308,15,NaN,NaN,NaN,NaN,NaN,NaN,NaN,NaN,NaN,NaN,TY,WN,B,B,NaN,NaN,NaN,NaN,NaN,NaN,
2000092806,13l.2000,ISAAC,TY,NN,23.8,308.0,105,955,310,15,310,15,NaN,NaN,NaN,NaN,NaN,NaN,NaN,NaN,NaN,NaN,TY,WN,B,B,NaN,NaN,NaN,NaN,NaN,NaN,
2000092812,13l.2000,ISAAC,TY,NN,25.0,307.1,110,950,316,15,316,15,NaN,NaN,NaN,NaN,NaN,NaN,NaN,NaN,NaN,NaN,TY,WN,B,B,NaN,NaN,NaN,NaN,NaN,NaN,
2000092818,13l.2000,ISAAC,TY,NN,26.6,305.8,120,943,325,17,325,17,NaN,NaN,NaN,NaN,NaN,NaN,NaN,NaN,NaN,NaN,TY,WN,B,B,NaN,NaN,NaN,NaN,NaN,NaN,
2000092900,13l.2000,ISAAC,TY,NN,28.0,304.9,115,948,327,18,327,18,NaN,NaN,NaN,NaN,NaN,NaN,NaN,NaN,NaN,NaN,TY,WN,B,B,NaN,NaN,NaN,NaN,NaN,NaN,
2000092906,13l.2000,ISAAC,TY,NN,29.7,304.1,110,950,334,17,334,17,NaN,NaN,NaN,NaN,NaN,NaN,NaN,NaN,NaN,NaN,TY,WN,B,B,NaN,NaN,NaN,NaN,NaN,NaN,
2000092912,13l.2000,ISAAC,TY,NN,31.2,303.8,105,955,343,17,343,17,NaN,NaN,NaN,NaN,NaN,NaN,NaN,NaN,NaN,NaN,TY,WN,B,B,NaN,NaN,NaN,NaN,NaN,NaN,
2000092918,13l.2000,ISAAC,TY,NN,32.9,304.1,90,965,360,16,360,16,NaN,NaN,NaN,NaN,NaN,NaN,NaN,NaN,NaN,NaN,TY,WN,B,B,NaN,NaN,NaN,NaN,NaN,NaN,
2000093000,13l.2000,ISAAC,TY,NN,34.4,304.8,85,970,15,17,15,17,NaN,NaN,NaN,NaN,NaN,NaN,NaN,NaN,NaN,NaN,TY,WN,B,B,NaN,NaN,NaN,NaN,NaN,NaN,
2000093006,13l.2000,ISAAC,TY,NN,35.7,306.0,80,975,29,16,29,16,NaN,NaN,NaN,NaN,NaN,NaN,NaN,NaN,NaN,NaN,TY,WN,B,B,NaN,NaN,NaN,NaN,NaN,NaN,
2000093012,13l.2000,ISAAC,TY,NN,37.0,308.2,75,979,47,19,47,19,NaN,NaN,NaN,NaN,NaN,NaN,NaN,NaN,NaN,NaN,TY,WN,B,B,NaN,NaN,NaN,NaN,NaN,NaN,
2000093018,13l.2000,ISAAC,TY,NN,38.3,310.2,70,985,52,21,52,21,NaN,NaN,NaN,NaN,NaN,NaN,NaN,NaN,NaN,NaN,TY,WN,B,B,NaN,NaN,NaN,NaN,NaN,NaN,
2000100100,13l.2000,ISAAC,TY,NN,39.7,312.1,65,987,49,20,49,20,NaN,NaN,NaN,NaN,NaN,NaN,NaN,NaN,NaN,NaN,TY,WN,B,B,NaN,NaN,NaN,NaN,NaN,NaN,
2000100106,13l.2000,ISAAC,TY,NN,40.9,314.3,60,990,51,20,51,20,NaN,NaN,NaN,NaN,NaN,NaN,NaN,NaN,NaN,NaN,TS,WN,B,B,NaN,NaN,NaN,NaN,NaN,NaN,
2000100112,13l.2000,ISAAC,TY,NN,42.1,316.4,55,990,54,20,54,20,NaN,NaN,NaN,NaN,NaN,NaN,NaN,NaN,NaN,NaN,TS,WN,B,B,NaN,NaN,NaN,NaN,NaN,NaN,
2000100118,13l.2000,ISAAC,TY,NN,43.5,320.5,55,990,60,26,60,26,NaN,NaN,NaN,NaN,NaN,NaN,NaN,NaN,NaN,NaN,TS,NW,B,B,NaN,NaN,NaN,NaN,NaN,NaN,
2000100200,13l.2000,ISAAC,TY,NN,44.5,323.5,55,982,65,28,65,28,NaN,NaN,NaN,NaN,NaN,NaN,NaN,NaN,NaN,NaN,TS,NW,B,B,NaN,NaN,NaN,NaN,NaN,NaN,
2000100206,13l.2000,ISAAC,TY,NN,45.7,327.0,60,972,65,26,65,26,NaN,NaN,NaN,NaN,NaN,NaN,NaN,NaN,NaN,NaN,TS,NW,B,B,NaN,NaN,NaN,NaN,NaN,NaN,
2000100212,13l.2000,ISAAC,TY,NN,47.0,331.0,60,975,64,29,64,29,NaN,NaN,NaN,NaN,NaN,NaN,NaN,NaN,NaN,NaN,TS,NW,B,B,NaN,NaN,NaN,NaN,NaN,NaN,
2000100218,13l.2000,ISAAC,TY,NN,48.5,335.0,60,976,63,31,63,31,NaN,NaN,NaN,NaN,NaN,NaN,NaN,NaN,NaN,NaN,TS,NW,B,B,NaN,NaN,NaN,NaN,NaN,NaN,
2000100300,13l.2000,ISAAC,TY,NN,49.5,339.5,60,976,66,31,66,31,NaN,NaN,NaN,NaN,NaN,NaN,NaN,NaN,NaN,NaN,TS,NW,B,B,NaN,NaN,NaN,NaN,NaN,NaN,
2000100306,13l.2000,ISAAC,TY,NN,50.5,343.5,60,978,70,29,70,29,NaN,NaN,NaN,NaN,NaN,NaN,NaN,NaN,NaN,NaN,TS,NW,B,B,NaN,NaN,NaN,NaN,NaN,NaN,
2000100312,13l.2000,ISAAC,TY,NN,52.0,348.0,55,982,65,30,65,30,NaN,NaN,NaN,NaN,NaN,NaN,NaN,NaN,NaN,NaN,TS,NW,B,B,NaN,NaN,NaN,NaN,NaN,NaN,
2000100318,13l.2000,ISAAC,TY,NN,55.0,351.0,45,988,45,32,45,32,NaN,NaN,NaN,NaN,NaN,NaN,NaN,NaN,NaN,NaN,TS,NW,B,B,NaN,NaN,0.04,NaN,NaN,NaN,
2000100400,13l.2000,ISAAC,TY,NN,58.0,354.0,45,989,30,35,30,35,NaN,NaN,NaN,NaN,NaN,NaN,NaN,NaN,NaN,NaN,TS,NW,B,B,NaN,NaN,0.21,NaN,NaN,NaN,
2000100406,13l.2000,ISAAC,TY,NN,62.0,356.0,45,994,20,37,20,37,NaN,NaN,NaN,NaN,NaN,NaN,NaN,NaN,NaN,NaN,TS,NW,B,B,NaN,NaN,NaN,NaN,NaN,NaN,
2000092506,l14.2000,9X-L14,TY,NN,10.9,332.2,25,1010,270,10,280,14,NaN,NaN,NaN,NaN,NaN,NaN,NaN,NaN,NaN,NaN,TD,NW,C,C,120,1013,NaN,D,45,NaN,
2000092512,l14.2000,9X-L14,TY,NN,11.2,330.4,25,1009,278,11,278,11,NaN,NaN,NaN,NaN,NaN,NaN,NaN,NaN,NaN,NaN,TD,NW,B,B,NaN,NaN,NaN,NaN,NaN,NaN,
2000092518,14l.2000,JOYCE,TY,NN,11.4,329.3,30,1009,278,11,278,11,NaN,NaN,NaN,NaN,NaN,NaN,NaN,NaN,NaN,NaN,TD,WN,B,B,NaN,NaN,NaN,NaN,NaN,NaN,
2000092600,14l.2000,JOYCE,TY,NN,11.5,328.1,35,1008,278,11,278,11,NaN,NaN,NaN,NaN,NaN,NaN,NaN,NaN,NaN,NaN,TS,WN,B,B,NaN,NaN,NaN,NaN,NaN,NaN,
2000092606,14l.2000,JOYCE,TY,NN,11.6,327.0,35,1007,275,11,275,11,NaN,NaN,NaN,NaN,NaN,NaN,NaN,NaN,NaN,NaN,TS,WN,B,B,NaN,NaN,NaN,NaN,NaN,NaN,
2000092612,14l.2000,JOYCE,TY,NN,11.6,325.9,35,1005,273,11,273,11,NaN,NaN,NaN,NaN,NaN,NaN,NaN,NaN,NaN,NaN,TS,WN,B,B,NaN,NaN,NaN,NaN,NaN,NaN,
2000092618,14l.2000,JOYCE,TY,NN,11.7,324.7,40,1002,273,11,273,11,NaN,NaN,NaN,NaN,NaN,NaN,NaN,NaN,NaN,NaN,TS,WN,B,B,NaN,NaN,NaN,NaN,NaN,NaN,
2000092700,14l.2000,JOYCE,TY,NN,12.1,323.6,50,998,283,12,283,12,NaN,NaN,NaN,NaN,NaN,NaN,NaN,NaN,NaN,NaN,TS,WN,B,B,NaN,NaN,NaN,NaN,NaN,NaN,
2000092706,14l.2000,JOYCE,TY,NN,12.2,322.4,55,993,283,12,283,12,NaN,NaN,NaN,NaN,NaN,NaN,NaN,NaN,NaN,NaN,TS,WN,B,B,NaN,NaN,NaN,NaN,NaN,NaN,
2000092712,14l.2000,JOYCE,TY,NN,12.4,321.2,65,985,277,12,277,12,NaN,NaN,NaN,NaN,NaN,NaN,NaN,NaN,NaN,NaN,TY,WN,B,B,NaN,NaN,NaN,NaN,NaN,NaN,
2000092718,14l.2000,JOYCE,TY,NN,12.5,319.9,70,978,277,12,277,12,NaN,NaN,NaN,NaN,NaN,NaN,NaN,NaN,NaN,NaN,TY,WN,B,B,NaN,NaN,NaN,NaN,NaN,NaN,
2000092800,14l.2000,JOYCE,TY,NN,12.4,318.7,75,976,270,12,270,12,NaN,NaN,NaN,NaN,NaN,NaN,NaN,NaN,NaN,NaN,TY,WN,B,B,NaN,NaN,NaN,NaN,NaN,NaN,
2000092806,14l.2000,JOYCE,TY,NN,12.2,317.5,80,975,263,12,263,12,NaN,NaN,NaN,NaN,NaN,NaN,NaN,NaN,NaN,NaN,TY,WN,B,B,NaN,NaN,NaN,NaN,NaN,NaN,
2000092812,14l.2000,JOYCE,TY,NN,11.7,316.2,80,975,254,13,254,13,NaN,NaN,NaN,NaN,NaN,NaN,NaN,NaN,NaN,NaN,TY,WN,B,B,NaN,NaN,NaN,NaN,NaN,NaN,
2000092818,14l.2000,JOYCE,TY,NN,11.3,315.0,75,976,250,13,250,13,NaN,NaN,NaN,NaN,NaN,NaN,NaN,NaN,NaN,NaN,TY,WN,B,B,NaN,NaN,NaN,NaN,NaN,NaN,
2000092900,14l.2000,JOYCE,TY,NN,10.9,313.9,75,977,250,12,250,12,NaN,NaN,NaN,NaN,NaN,NaN,NaN,NaN,NaN,NaN,TY,WN,B,B,NaN,NaN,NaN,NaN,NaN,NaN,
2000092906,14l.2000,JOYCE,TY,NN,10.7,312.8,70,980,254,11,254,11,NaN,NaN,NaN,NaN,NaN,NaN,NaN,NaN,NaN,NaN,TY,WN,B,B,NaN,NaN,NaN,NaN,NaN,NaN,
2000092912,14l.2000,JOYCE,TY,NN,10.5,311.4,65,984,261,12,261,12,NaN,NaN,NaN,NaN,NaN,NaN,NaN,NaN,NaN,NaN,TY,WN,B,B,NaN,NaN,NaN,NaN,NaN,NaN,
2000092918,14l.2000,JOYCE,TY,NN,10.5,309.9,60,988,266,14,266,14,NaN,NaN,NaN,NaN,NaN,NaN,NaN,NaN,NaN,NaN,TS,WN,B,B,NaN,NaN,NaN,NaN,NaN,NaN,
2000093000,14l.2000,JOYCE,TY,NN,10.4,308.3,55,992,268,15,268,15,NaN,NaN,NaN,NaN,NaN,NaN,NaN,NaN,NaN,NaN,TS,WN,B,B,NaN,NaN,NaN,NaN,NaN,NaN,
2000093006,14l.2000,JOYCE,TY,NN,10.3,306.7,50,996,266,16,266,16,NaN,NaN,NaN,NaN,NaN,NaN,NaN,NaN,NaN,NaN,TS,WN,B,B,NaN,NaN,NaN,NaN,NaN,NaN,
2000093012,14l.2000,JOYCE,TY,NN,10.3,305.1,45,1000,268,16,268,16,NaN,NaN,NaN,NaN,NaN,NaN,NaN,NaN,NaN,NaN,TS,WN,B,B,NaN,NaN,NaN,NaN,NaN,NaN,
2000093018,14l.2000,JOYCE,TY,NN,10.5,303.4,40,1003,274,16,274,16,NaN,NaN,NaN,NaN,NaN,NaN,NaN,NaN,NaN,NaN,TS,WN,B,B,NaN,NaN,NaN,NaN,NaN,NaN,
2000100100,14l.2000,JOYCE,TY,NN,10.7,302.0,40,1005,277,15,277,15,NaN,NaN,NaN,NaN,NaN,NaN,NaN,NaN,NaN,NaN,TS,WN,B,B,NaN,NaN,NaN,NaN,NaN,NaN,
2000100106,14l.2000,JOYCE,TY,NN,11.0,300.5,35,1006,280,14,280,14,NaN,NaN,NaN,NaN,NaN,NaN,NaN,NaN,NaN,NaN,TS,WN,B,B,NaN,NaN,NaN,NaN,NaN,NaN,
2000100112,14l.2000,JOYCE,TY,NN,11.3,299.1,35,1007,282,15,282,15,NaN,NaN,NaN,NaN,NaN,NaN,NaN,NaN,NaN,NaN,TS,WN,B,B,NaN,NaN,0.03,NaN,NaN,NaN,
2000100118,14l.2000,JOYCE,TY,NN,11.7,297.7,30,1008,284,14,284,14,NaN,NaN,NaN,NaN,NaN,NaN,NaN,NaN,NaN,NaN,TD,WN,B,B,NaN,NaN,NaN,NaN,NaN,NaN,
2000100200,14l.2000,JOYCE,TY,NN,11.9,296.5,30,1009,283,13,283,13,NaN,NaN,NaN,NaN,NaN,NaN,NaN,NaN,NaN,NaN,TD,WN,B,B,NaN,NaN,NaN,NaN,NaN,NaN,
2000100206,14l.2000,JOYCE,TY,NN,11.9,295.1,25,1009,274,13,274,13,NaN,NaN,NaN,NaN,NaN,NaN,NaN,NaN,NaN,NaN,TD,WN,B,B,NaN,NaN,NaN,NaN,NaN,NaN,
2000092800,l15.2000,9X-L15,TY,NN,16.5,277.5,25,1010,0,0,180,2,NaN,NaN,NaN,NaN,NaN,NaN,NaN,NaN,NaN,NaN,TD,NW,C,C,120,1012,NaN,S,45,NaN,
2000092806,l15.2000,9X-L15,TY,NN,16.5,277.5,25,1010,0,0,180,2,NaN,NaN,NaN,NaN,NaN,NaN,NaN,NaN,NaN,NaN,TD,NW,C,C,120,1012,NaN,S,45,NaN,
2000092812,l15.2000,9X-L15,TY,NN,16.0,277.5,25,1008,130,0,180,2,NaN,NaN,NaN,NaN,NaN,NaN,NaN,NaN,NaN,NaN,TD,NW,C,C,120,1011,NaN,M,45,NaN,
2000092818,15l.2000,KEITH,TY,NN,16.1,277.1,25,1005,307,4,307,4,NaN,NaN,NaN,NaN,NaN,NaN,NaN,NaN,NaN,NaN,TD,WN,B,B,NaN,NaN,NaN,NaN,NaN,NaN,
2000092900,15l.2000,KEITH,TY,NN,16.2,276.7,25,1004,307,4,307,4,NaN,NaN,NaN,NaN,NaN,NaN,NaN,NaN,NaN,NaN,TD,WN,B,B,NaN,NaN,NaN,NaN,NaN,NaN,
2000092906,15l.2000,KEITH,TY,NN,16.6,276.4,30,1003,307,4,307,4,NaN,NaN,NaN,NaN,NaN,NaN,NaN,NaN,NaN,NaN,TD,WN,B,B,NaN,NaN,NaN,NaN,NaN,NaN,
2000092912,15l.2000,KEITH,TY,NN,16.9,276.0,30,1002,316,5,316,5,NaN,NaN,NaN,NaN,NaN,NaN,NaN,NaN,NaN,NaN,TD,WN,B,B,NaN,NaN,NaN,NaN,NaN,NaN,
2000092918,15l.2000,KEITH,TY,NN,17.4,275.2,40,1000,305,7,305,7,NaN,NaN,NaN,NaN,NaN,NaN,NaN,NaN,NaN,NaN,TS,WN,B,B,NaN,NaN,NaN,NaN,NaN,NaN,
2000093000,15l.2000,KEITH,TY,NN,17.7,274.6,45,993,301,8,301,8,NaN,NaN,NaN,NaN,NaN,NaN,NaN,NaN,NaN,NaN,TS,WN,B,B,NaN,NaN,NaN,NaN,NaN,NaN,
2000093006,15l.2000,KEITH,TY,NN,17.9,274.0,55,987,294,6,294,6,NaN,NaN,NaN,NaN,NaN,NaN,NaN,NaN,NaN,NaN,TS,WN,B,B,NaN,NaN,NaN,NaN,NaN,NaN,
2000093012,15l.2000,KEITH,TY,NN,17.9,273.6,65,982,282,5,282,5,NaN,NaN,NaN,NaN,NaN,NaN,NaN,NaN,NaN,NaN,TY,WN,B,B,NaN,NaN,NaN,NaN,NaN,NaN,
2000093018,15l.2000,KEITH,TY,NN,17.9,273.3,75,977,270,3,270,3,NaN,NaN,NaN,NaN,NaN,NaN,NaN,NaN,NaN,NaN,TY,WN,B,B,NaN,NaN,NaN,NaN,NaN,NaN,
2000100100,15l.2000,KEITH,TY,NN,17.9,273.1,100,955,270,2,270,2,NaN,NaN,NaN,NaN,NaN,NaN,NaN,NaN,NaN,NaN,TY,WN,B,B,NaN,NaN,NaN,NaN,NaN,NaN,
2000100106,15l.2000,KEITH,TY,NN,17.9,272.8,120,941,270,2,270,2,NaN,NaN,NaN,NaN,NaN,NaN,NaN,NaN,NaN,NaN,TY,WN,B,B,NaN,NaN,NaN,NaN,NaN,NaN,
2000100112,15l.2000,KEITH,TY,NN,17.9,272.6,115,944,270,2,270,2,NaN,NaN,NaN,NaN,NaN,NaN,NaN,NaN,NaN,NaN,TY,WN,B,B,NaN,NaN,0.05,NaN,NaN,NaN,
2000100118,15l.2000,KEITH,TY,NN,17.9,272.3,110,950,270,2,270,2,NaN,NaN,NaN,NaN,NaN,NaN,NaN,NaN,NaN,NaN,TY,WN,B,B,NaN,NaN,0.05,NaN,NaN,NaN,
2000100200,15l.2000,KEITH,TY,NN,17.8,272.1,100,959,258,2,258,2,NaN,NaN,NaN,NaN,NaN,NaN,NaN,NaN,NaN,NaN,TY,WN,B,B,NaN,NaN,0.32,NaN,NaN,NaN,
2000100206,15l.2000,KEITH,TY,NN,17.6,272.2,80,974,198,2,198,2,NaN,NaN,NaN,NaN,NaN,NaN,NaN,NaN,NaN,NaN,TY,WN,B,B,NaN,NaN,0.25,NaN,NaN,NaN,
2000100212,15l.2000,KEITH,TY,NN,17.7,272.2,70,980,136,1,136,1,NaN,NaN,NaN,NaN,NaN,NaN,NaN,NaN,NaN,NaN,TY,WN,B,B,NaN,NaN,0.25,NaN,NaN,NaN,
2000100218,15l.2000,KEITH,TY,NN,17.7,272.1,65,987,316,1,316,1,NaN,NaN,NaN,NaN,NaN,NaN,NaN,NaN,NaN,NaN,TY,WN,B,B,NaN,NaN,0.25,NaN,NaN,NaN,
2000100300,15l.2000,KEITH,TY,NN,17.9,272.0,60,989,316,1,316,1,NaN,NaN,NaN,NaN,NaN,NaN,NaN,NaN,NaN,NaN,TS,WN,B,B,NaN,NaN,0.32,NaN,NaN,NaN,
2000100306,15l.2000,KEITH,TY,NN,18.0,271.6,45,990,302,3,302,3,NaN,NaN,NaN,NaN,NaN,NaN,NaN,NaN,NaN,NaN,TS,WN,B,B,NaN,NaN,0.76,NaN,NaN,NaN,
2000100312,15l.2000,KEITH,TY,NN,18.3,271.2,30,995,298,4,298,4,NaN,NaN,NaN,NaN,NaN,NaN,NaN,NaN,NaN,NaN,TD,WN,B,B,NaN,NaN,0.98,NaN,NaN,NaN,
2000100318,15l.2000,KEITH,TY,NN,18.6,270.5,30,998,300,6,300,6,NaN,NaN,NaN,NaN,NaN,NaN,NaN,NaN,NaN,NaN,TD,WN,B,B,NaN,NaN,0.99,NaN,NaN,NaN,
2000100400,15l.2000,KEITH,TY,NN,19.0,269.6,25,1000,295,8,295,8,NaN,NaN,NaN,NaN,NaN,NaN,NaN,NaN,NaN,NaN,TD,WN,B,B,NaN,NaN,0.92,NaN,NaN,NaN,
2000100406,15l.2000,KEITH,TY,NN,19.5,268.6,30,1000,297,10,297,10,NaN,NaN,NaN,NaN,NaN,NaN,NaN,NaN,NaN,NaN,TD,WN,B,B,NaN,NaN,NaN,NaN,NaN,NaN,
2000100412,15l.2000,KEITH,TY,NN,19.9,267.5,35,999,294,11,294,11,NaN,NaN,NaN,NaN,NaN,NaN,NaN,NaN,NaN,NaN,TS,WN,B,B,NaN,NaN,NaN,NaN,NaN,NaN,
2000100418,15l.2000,KEITH,TY,NN,20.3,266.5,40,996,292,11,292,11,NaN,NaN,NaN,NaN,NaN,NaN,NaN,NaN,NaN,NaN,TS,WN,B,B,NaN,NaN,NaN,NaN,NaN,NaN,
2000100500,15l.2000,KEITH,TY,NN,20.7,265.2,60,988,290,12,290,12,NaN,NaN,NaN,NaN,NaN,NaN,NaN,NaN,NaN,NaN,TS,WN,B,B,NaN,NaN,NaN,NaN,NaN,NaN,
2000100506,15l.2000,KEITH,TY,NN,21.2,263.9,65,987,290,13,290,13,NaN,NaN,NaN,NaN,NaN,NaN,NaN,NaN,NaN,NaN,TY,WN,B,B,NaN,NaN,NaN,NaN,NaN,NaN,
2000100512,15l.2000,KEITH,TY,NN,21.8,263.0,75,983,298,12,298,12,NaN,NaN,NaN,NaN,NaN,NaN,NaN,NaN,NaN,NaN,TY,WN,B,B,NaN,NaN,0.01,NaN,NaN,NaN,
2000100518,15l.2000,KEITH,TY,NN,22.6,262.1,80,980,310,11,310,11,NaN,NaN,NaN,NaN,NaN,NaN,NaN,NaN,NaN,NaN,TY,WN,B,B,NaN,NaN,0.60,NaN,NaN,NaN,
2000100600,15l.2000,KEITH,TY,NN,23.2,261.0,45,988,307,12,307,12,NaN,NaN,NaN,NaN,NaN,NaN,NaN,NaN,NaN,NaN,TS,WN,B,B,NaN,NaN,0.99,NaN,NaN,NaN,
2000100606,15l.2000,KEITH,TY,NN,23.5,260.0,30,1002,295,11,295,11,NaN,NaN,NaN,NaN,NaN,NaN,NaN,NaN,NaN,NaN,TD,WN,B,B,NaN,NaN,1.00,NaN,NaN,NaN,
2000100612,15l.2000,KEITH,TY,NN,23.8,259.0,20,1007,288,10,288,10,NaN,NaN,NaN,NaN,NaN,NaN,NaN,NaN,NaN,NaN,NT,NW,B,B,NaN,NaN,1.00,NaN,NaN,NaN,
2000100300,l16.2000,9X-L16,TS,NN,23.8,277.1,25,1008,360,7,5,6,NaN,NaN,NaN,NaN,NaN,NaN,NaN,NaN,NaN,NaN,TD,NW,C,C,120,1012,NaN,M,20,NaN,
2000100306,l16.2000,9X-L16,TS,NN,23.9,277.2,25,1008,5,5,5,6,NaN,NaN,NaN,NaN,NaN,NaN,NaN,NaN,NaN,NaN,TD,NW,C,C,120,1012,NaN,M,20,NaN,
2000100312,l16.2000,9X-L16,TS,NN,24.9,277.2,30,1009,0,8,5,6,NaN,NaN,NaN,NaN,NaN,NaN,NaN,NaN,NaN,NaN,TD,NW,C,C,120,1012,NaN,M,30,NaN,
2000100318,l16.2000,9X-L16,TS,NN,25.9,277.6,30,1010,0,8,8,7,NaN,NaN,NaN,NaN,NaN,NaN,NaN,NaN,NaN,NaN,TD,NW,C,C,112,1012,0.14,M,30,NaN,
2000100400,l16.2000,9X-L16,TS,NN,26.9,278.0,30,1010,0,8,10,8,NaN,NaN,NaN,NaN,NaN,NaN,NaN,NaN,NaN,NaN,TD,NW,C,C,105,1013,0.28,M,30,NaN,
2000100406,l16.2000,9X-L16,TS,NN,27.9,278.4,30,1011,0,8,13,9,NaN,NaN,NaN,NaN,NaN,NaN,NaN,NaN,NaN,NaN,TD,NW,C,C,98,1014,0.43,M,30,NaN,
2000100412,l16.2000,9X-L16,TS,NN,29.0,278.6,30,1012,62,7,62,7,NaN,NaN,NaN,NaN,NaN,NaN,NaN,NaN,NaN,NaN,TD,NW,B,B,NaN,NaN,0.88,NaN,NaN,NaN,
2000100418,16l.2000,LESLIE,TS,NN,29.5,279.2,30,1012,62,7,62,7,NaN,NaN,NaN,NaN,NaN,NaN,NaN,NaN,NaN,NaN,TD,WN,B,B,NaN,NaN,0.35,NaN,NaN,NaN,
2000100500,16l.2000,LESLIE,TS,NN,29.7,280.1,30,1010,62,7,62,7,NaN,NaN,NaN,NaN,NaN,NaN,NaN,NaN,NaN,NaN,TD,WN,B,B,NaN,NaN,NaN,NaN,NaN,NaN,
2000100506,16l.2000,LESLIE,TS,NN,29.8,281.4,30,1010,81,10,81,10,NaN,NaN,NaN,NaN,NaN,NaN,NaN,NaN,NaN,NaN,TD,WN,B,B,NaN,NaN,NaN,NaN,NaN,NaN,
2000100512,16l.2000,LESLIE,TS,NN,29.9,282.7,35,1009,85,11,85,11,NaN,NaN,NaN,NaN,NaN,NaN,NaN,NaN,NaN,NaN,TS,WN,B,B,NaN,NaN,NaN,NaN,NaN,NaN,
2000100518,16l.2000,LESLIE,TS,NN,30.2,284.1,35,1009,80,12,80,12,NaN,NaN,NaN,NaN,NaN,NaN,NaN,NaN,NaN,NaN,TS,WN,B,B,NaN,NaN,NaN,NaN,NaN,NaN,
2000100600,16l.2000,LESLIE,TS,NN,30.3,285.7,35,1010,81,13,81,13,NaN,NaN,NaN,NaN,NaN,NaN,NaN,NaN,NaN,NaN,TS,WN,B,B,NaN,NaN,NaN,NaN,NaN,NaN,
2000100606,16l.2000,LESLIE,TS,NN,30.6,286.9,40,1006,81,12,81,12,NaN,NaN,NaN,NaN,NaN,NaN,NaN,NaN,NaN,NaN,TS,WN,B,B,NaN,NaN,NaN,NaN,NaN,NaN,
2000100612,16l.2000,LESLIE,TS,NN,30.9,287.6,40,1007,70,9,70,9,NaN,NaN,NaN,NaN,NaN,NaN,NaN,NaN,NaN,NaN,TS,WN,B,B,NaN,NaN,NaN,NaN,NaN,NaN,
2000100618,16l.2000,LESLIE,TS,NN,31.3,288.2,40,1007,58,7,58,7,NaN,NaN,NaN,NaN,NaN,NaN,NaN,NaN,NaN,NaN,TS,WN,B,B,NaN,NaN,NaN,NaN,NaN,NaN,
2000100700,16l.2000,LESLIE,TS,NN,32.1,289.3,40,1006,50,9,50,9,NaN,NaN,NaN,NaN,NaN,NaN,NaN,NaN,NaN,NaN,TS,WN,B,B,NaN,NaN,NaN,NaN,NaN,NaN,
2000100706,16l.2000,LESLIE,TS,NN,33.1,290.4,40,1006,46,13,46,13,NaN,NaN,NaN,NaN,NaN,NaN,NaN,NaN,NaN,NaN,TS,WN,B,B,NaN,NaN,NaN,NaN,NaN,NaN,
2000100712,16l.2000,LESLIE,TS,NN,35.4,291.7,40,1006,31,19,31,19,NaN,NaN,NaN,NaN,NaN,NaN,NaN,NaN,NaN,NaN,TS,WN,B,B,NaN,NaN,NaN,NaN,NaN,NaN,
2000100718,16l.2000,LESLIE,TS,NN,37.4,293.3,40,1005,29,25,29,25,NaN,NaN,NaN,NaN,NaN,NaN,NaN,NaN,NaN,NaN,TS,NW,B,B,NaN,NaN,NaN,NaN,NaN,NaN,
2000100800,16l.2000,LESLIE,TS,NN,40.0,296.0,40,1004,36,29,36,29,NaN,NaN,NaN,NaN,NaN,NaN,NaN,NaN,NaN,NaN,TS,NW,B,B,NaN,NaN,NaN,NaN,NaN,NaN,
2000100806,16l.2000,LESLIE,TS,NN,43.0,300.0,40,1003,42,38,42,38,NaN,NaN,NaN,NaN,NaN,NaN,NaN,NaN,NaN,NaN,TS,NW,B,B,NaN,NaN,NaN,NaN,NaN,NaN,
2000100812,16l.2000,LESLIE,TS,NN,46.0,303.0,40,1003,40,39,40,39,NaN,NaN,NaN,NaN,NaN,NaN,NaN,NaN,NaN,NaN,TS,NW,B,B,NaN,NaN,NaN,NaN,NaN,NaN,
2000100818,16l.2000,LESLIE,TS,NN,49.0,306.0,35,1005,35,37,35,37,NaN,NaN,NaN,NaN,NaN,NaN,NaN,NaN,NaN,NaN,TS,NW,B,B,NaN,NaN,0.58,NaN,NaN,NaN,
2000100900,16l.2000,LESLIE,TS,NN,51.0,310.0,35,1007,43,34,43,34,NaN,NaN,NaN,NaN,NaN,NaN,NaN,NaN,NaN,NaN,TS,NW,B,B,NaN,NaN,NaN,NaN,NaN,NaN,
2000100906,16l.2000,LESLIE,TS,NN,53.0,314.0,35,1006,52,32,52,32,NaN,NaN,NaN,NaN,NaN,NaN,NaN,NaN,NaN,NaN,TS,NW,B,B,NaN,NaN,NaN,NaN,NaN,NaN,
2000100912,16l.2000,LESLIE,TS,NN,55.0,319.0,35,1005,54,34,54,34,NaN,NaN,NaN,NaN,NaN,NaN,NaN,NaN,NaN,NaN,TS,NW,B,B,NaN,NaN,NaN,NaN,NaN,NaN,
2000100918,16l.2000,LESLIE,TS,NN,56.0,324.0,35,1003,63,33,63,33,NaN,NaN,NaN,NaN,NaN,NaN,NaN,NaN,NaN,NaN,TS,NW,B,B,NaN,NaN,NaN,NaN,NaN,NaN,
2000101000,16l.2000,LESLIE,TS,NN,56.0,330.0,40,999,81,32,81,32,NaN,NaN,NaN,NaN,NaN,NaN,NaN,NaN,NaN,NaN,TS,NW,B,B,NaN,NaN,NaN,NaN,NaN,NaN,
2000101006,16l.2000,LESLIE,TS,NN,55.0,336.0,50,987,98,34,98,34,NaN,NaN,NaN,NaN,NaN,NaN,NaN,NaN,NaN,NaN,TS,NW,B,B,NaN,NaN,NaN,NaN,NaN,NaN,
2000101012,16l.2000,LESLIE,TS,NN,54.0,343.0,55,980,105,39,105,39,NaN,NaN,NaN,NaN,NaN,NaN,NaN,NaN,NaN,NaN,TS,NW,B,B,NaN,NaN,NaN,NaN,NaN,NaN,
2000101018,16l.2000,LESLIE,TS,NN,53.0,350.0,60,973,104,42,104,42,NaN,NaN,NaN,NaN,NaN,NaN,NaN,NaN,NaN,NaN,TS,NW,B,B,NaN,NaN,0.15,NaN,NaN,NaN,
2000101512,l17.2000,9X-L17,TY,NN,30.0,288.8,30,1007,259,3,259,3,NaN,NaN,NaN,NaN,NaN,NaN,NaN,NaN,NaN,NaN,TD,NW,B,B,NaN,NaN,NaN,NaN,NaN,NaN,
2000101518,17l.2000,MICHAEL,TY,NN,30.0,288.5,30,1006,259,3,259,3,NaN,NaN,NaN,NaN,NaN,NaN,NaN,NaN,NaN,NaN,TD,WN,B,B,NaN,NaN,NaN,NaN,NaN,NaN,
2000101600,17l.2000,MICHAEL,TY,NN,29.9,288.2,35,1005,259,3,259,3,NaN,NaN,NaN,NaN,NaN,NaN,NaN,NaN,NaN,NaN,TS,NW,B,B,NaN,NaN,NaN,NaN,NaN,NaN,
2000101606,17l.2000,MICHAEL,TY,NN,29.9,288.1,35,1005,254,2,254,2,NaN,NaN,NaN,NaN,NaN,NaN,NaN,NaN,NaN,NaN,TS,NW,B,B,NaN,NaN,NaN,NaN,NaN,NaN,
2000101612,17l.2000,MICHAEL,TY,NN,29.7,288.3,35,1005,157,1,157,1,NaN,NaN,NaN,NaN,NaN,NaN,NaN,NaN,NaN,NaN,TS,NW,B,B,NaN,NaN,NaN,NaN,NaN,NaN,
2000101618,17l.2000,MICHAEL,TY,NN,29.8,288.6,35,1004,103,2,103,2,NaN,NaN,NaN,NaN,NaN,NaN,NaN,NaN,NaN,NaN,TS,NW,B,B,NaN,NaN,NaN,NaN,NaN,NaN,
2000101700,17l.2000,MICHAEL,TY,NN,29.9,288.9,35,1003,69,3,69,3,NaN,NaN,NaN,NaN,NaN,NaN,NaN,NaN,NaN,NaN,TS,WN,B,B,NaN,NaN,NaN,NaN,NaN,NaN,
2000101706,17l.2000,MICHAEL,TY,NN,29.8,289.0,45,1000,90,2,90,2,NaN,NaN,NaN,NaN,NaN,NaN,NaN,NaN,NaN,NaN,TS,WN,B,B,NaN,NaN,NaN,NaN,NaN,NaN,
2000101712,17l.2000,MICHAEL,TY,NN,29.8,289.1,55,995,120,1,120,1,NaN,NaN,NaN,NaN,NaN,NaN,NaN,NaN,NaN,NaN,TS,WN,B,B,NaN,NaN,NaN,NaN,NaN,NaN,
2000101718,17l.2000,MICHAEL,TY,NN,30.1,289.1,65,988,16,2,16,2,NaN,NaN,NaN,NaN,NaN,NaN,NaN,NaN,NaN,NaN,TY,WN,B,B,NaN,NaN,NaN,NaN,NaN,NaN,
2000101800,17l.2000,MICHAEL,TY,NN,30.4,289.1,65,988,360,3,360,3,NaN,NaN,NaN,NaN,NaN,NaN,NaN,NaN,NaN,NaN,TY,WN,B,B,NaN,NaN,NaN,NaN,NaN,NaN,
2000101806,17l.2000,MICHAEL,TY,NN,30.8,289.2,65,986,7,4,7,4,NaN,NaN,NaN,NaN,NaN,NaN,NaN,NaN,NaN,NaN,TY,WN,B,B,NaN,NaN,NaN,NaN,NaN,NaN,
2000101812,17l.2000,MICHAEL,TY,NN,31.5,289.6,65,984,21,6,21,6,NaN,NaN,NaN,NaN,NaN,NaN,NaN,NaN,NaN,NaN,TY,WN,B,B,NaN,NaN,NaN,NaN,NaN,NaN,
2000101818,17l.2000,MICHAEL,TY,NN,32.6,290.5,70,979,32,11,32,11,NaN,NaN,NaN,NaN,NaN,NaN,NaN,NaN,NaN,NaN,TY,WN,B,B,NaN,NaN,NaN,NaN,NaN,NaN,
2000101900,17l.2000,MICHAEL,TY,NN,34.2,292.2,75,983,39,17,39,17,NaN,NaN,NaN,NaN,NaN,NaN,NaN,NaN,NaN,NaN,TY,WN,B,B,NaN,NaN,NaN,NaN,NaN,NaN,
2000101906,17l.2000,MICHAEL,TY,NN,36.3,294.5,65,986,42,25,42,25,NaN,NaN,NaN,NaN,NaN,NaN,NaN,NaN,NaN,NaN,TY,WN,B,B,NaN,NaN,NaN,NaN,NaN,NaN,
2000101912,17l.2000,MICHAEL,TY,NN,39.8,298.4,75,979,41,37,41,37,NaN,NaN,NaN,NaN,NaN,NaN,NaN,NaN,NaN,NaN,TY,WN,B,B,NaN,NaN,NaN,NaN,NaN,NaN,
2000101918,17l.2000,MICHAEL,TY,NN,44.0,301.5,85,965,35,47,35,47,NaN,NaN,NaN,NaN,NaN,NaN,NaN,NaN,NaN,NaN,TY,WN,B,B,NaN,NaN,NaN,NaN,NaN,NaN,
2000102000,17l.2000,MICHAEL,TY,NN,48.0,303.5,75,966,24,45,24,45,NaN,NaN,NaN,NaN,NaN,NaN,NaN,NaN,NaN,NaN,TY,NW,B,B,NaN,NaN,0.74,NaN,NaN,NaN,
2000102006,17l.2000,MICHAEL,TY,NN,50.0,304.0,70,966,16,31,16,31,NaN,NaN,NaN,NaN,NaN,NaN,NaN,NaN,NaN,NaN,TY,NW,B,B,NaN,NaN,0.37,NaN,NaN,NaN,
2000102012,17l.2000,MICHAEL,TY,NN,51.0,306.5,65,968,33,18,33,18,NaN,NaN,NaN,NaN,NaN,NaN,NaN,NaN,NaN,NaN,TY,NW,B,B,NaN,NaN,NaN,NaN,NaN,NaN,
2000102018,17l.2000,MICHAEL,TY,NN,52.0,309.5,60,970,60,20,60,20,NaN,NaN,NaN,NaN,NaN,NaN,NaN,NaN,NaN,NaN,TS,NW,B,B,NaN,NaN,NaN,NaN,NaN,NaN,
2000101912,18l.2000,NADINE,TS,NN,26.2,300.1,25,1009,21,13,21,13,NaN,NaN,NaN,NaN,NaN,NaN,NaN,NaN,NaN,NaN,TD,WN,B,B,NaN,NaN,NaN,NaN,NaN,NaN,
2000101918,18l.2000,NADINE,TS,NN,27.5,300.6,30,1008,21,13,21,13,NaN,NaN,NaN,NaN,NaN,NaN,NaN,NaN,NaN,NaN,TD,WN,B,B,NaN,NaN,NaN,NaN,NaN,NaN,
2000102000,18l.2000,NADINE,TS,NN,28.7,301.2,30,1008,21,13,21,13,NaN,NaN,NaN,NaN,NaN,NaN,NaN,NaN,NaN,NaN,TD,WN,B,B,NaN,NaN,NaN,NaN,NaN,NaN,
2000102006,18l.2000,NADINE,TS,NN,29.7,302.0,30,1005,29,13,29,13,NaN,NaN,NaN,NaN,NaN,NaN,NaN,NaN,NaN,NaN,TD,WN,B,B,NaN,NaN,NaN,NaN,NaN,NaN,
2000102012,18l.2000,NADINE,TS,NN,30.4,302.8,35,1003,39,11,39,11,NaN,NaN,NaN,NaN,NaN,NaN,NaN,NaN,NaN,NaN,TS,WN,B,B,NaN,NaN,NaN,NaN,NaN,NaN,
2000102018,18l.2000,NADINE,TS,NN,31.4,303.7,40,1000,41,11,41,11,NaN,NaN,NaN,NaN,NaN,NaN,NaN,NaN,NaN,NaN,TS,WN,B,B,NaN,NaN,NaN,NaN,NaN,NaN,
2000102100,18l.2000,NADINE,TS,NN,32.4,304.8,50,999,40,13,40,13,NaN,NaN,NaN,NaN,NaN,NaN,NaN,NaN,NaN,NaN,TS,WN,B,B,NaN,NaN,NaN,NaN,NaN,NaN,
2000102106,18l.2000,NADINE,TS,NN,33.3,306.5,50,1000,51,15,51,15,NaN,NaN,NaN,NaN,NaN,NaN,NaN,NaN,NaN,NaN,TS,WN,B,B,NaN,NaN,NaN,NaN,NaN,NaN,
2000102112,18l.2000,NADINE,TS,NN,34.1,307.7,50,1000,55,15,55,15,NaN,NaN,NaN,NaN,NaN,NaN,NaN,NaN,NaN,NaN,TS,WN,B,B,NaN,NaN,NaN,NaN,NaN,NaN,
2000102118,18l.2000,NADINE,TS,NN,34.8,308.7,45,1000,51,12,51,12,NaN,NaN,NaN,NaN,NaN,NaN,NaN,NaN,NaN,NaN,TS,WN,B,B,NaN,NaN,NaN,NaN,NaN,NaN,
2000102200,18l.2000,NADINE,TS,NN,35.7,309.5,40,1004,43,11,43,11,NaN,NaN,NaN,NaN,NaN,NaN,NaN,NaN,NaN,NaN,TS,WN,B,B,NaN,NaN,NaN,NaN,NaN,NaN,
2000102206,18l.2000,NADINE,TS,NN,37.0,311.0,40,1005,40,14,40,14,NaN,NaN,NaN,NaN,NaN,NaN,NaN,NaN,NaN,NaN,TS,NW,B,B,NaN,NaN,NaN,NaN,NaN,NaN,
2000102212,18l.2000,NADINE,TS,NN,39.0,313.0,35,1005,40,22,40,22,NaN,NaN,NaN,NaN,NaN,NaN,NaN,NaN,NaN,NaN,TS,NW,B,B,NaN,NaN,NaN,NaN,NaN,NaN,
2000102500,l19.2000,9X-L19,TS,NN,21.5,290.5,30,1009,327,12,327,12,NaN,NaN,NaN,NaN,NaN,NaN,NaN,NaN,NaN,NaN,TD,NW,B,B,NaN,NaN,NaN,NaN,NaN,NaN,
2000102506,19l.2000,SUBTROP,TS,NN,22.5,290.0,35,1007,327,12,327,12,NaN,NaN,NaN,NaN,NaN,NaN,NaN,NaN,NaN,NaN,TS,NW,B,B,NaN,NaN,NaN,NaN,NaN,NaN,
2000102512,19l.2000,SUBTROP,TS,NN,23.5,289.1,35,1006,327,12,327,12,NaN,NaN,NaN,NaN,NaN,NaN,NaN,NaN,NaN,NaN,TS,NW,B,B,NaN,NaN,NaN,NaN,NaN,NaN,
2000102518,19l.2000,SUBTROP,TS,NN,24.5,288.3,35,1005,322,13,322,13,NaN,NaN,NaN,NaN,NaN,NaN,NaN,NaN,NaN,NaN,TS,NW,B,B,NaN,NaN,NaN,NaN,NaN,NaN,
2000102600,19l.2000,SUBTROP,TS,NN,25.7,288.3,35,1004,342,12,342,12,NaN,NaN,NaN,NaN,NaN,NaN,NaN,NaN,NaN,NaN,TS,NW,B,B,NaN,NaN,NaN,NaN,NaN,NaN,
2000102606,19l.2000,SUBTROP,TS,NN,26.6,288.3,35,1003,360,11,360,11,NaN,NaN,NaN,NaN,NaN,NaN,NaN,NaN,NaN,NaN,TS,NW,B,B,NaN,NaN,NaN,NaN,NaN,NaN,
2000102612,19l.2000,SUBTROP,TS,NN,27.4,288.2,40,1002,357,9,357,9,NaN,NaN,NaN,NaN,NaN,NaN,NaN,NaN,NaN,NaN,TS,NW,B,B,NaN,NaN,NaN,NaN,NaN,NaN,
2000102618,19l.2000,SUBTROP,TS,NN,28.3,287.9,45,1000,348,9,348,9,NaN,NaN,NaN,NaN,NaN,NaN,NaN,NaN,NaN,NaN,TS,NW,B,B,NaN,NaN,NaN,NaN,NaN,NaN,
2000102700,19l.2000,SUBTROP,TS,NN,29.2,287.5,50,997,341,10,341,10,NaN,NaN,NaN,NaN,NaN,NaN,NaN,NaN,NaN,NaN,TS,NW,B,B,NaN,NaN,NaN,NaN,NaN,NaN,
2000102706,19l.2000,SUBTROP,TS,NN,30.0,287.4,50,997,346,9,346,9,NaN,NaN,NaN,NaN,NaN,NaN,NaN,NaN,NaN,NaN,TS,NW,B,B,NaN,NaN,NaN,NaN,NaN,NaN,
2000102712,19l.2000,SUBTROP,TS,NN,30.9,287.5,50,997,360,8,360,8,NaN,NaN,NaN,NaN,NaN,NaN,NaN,NaN,NaN,NaN,TS,NW,B,B,NaN,NaN,NaN,NaN,NaN,NaN,
2000102718,19l.2000,SUBTROP,TS,NN,32.6,288.4,50,996,18,14,18,14,NaN,NaN,NaN,NaN,NaN,NaN,NaN,NaN,NaN,NaN,TS,NW,B,B,NaN,NaN,NaN,NaN,NaN,NaN,
2000102800,19l.2000,SUBTROP,TS,NN,34.2,289.3,50,994,25,18,25,18,NaN,NaN,NaN,NaN,NaN,NaN,NaN,NaN,NaN,NaN,TS,NW,B,B,NaN,NaN,NaN,NaN,NaN,NaN,
2000102806,19l.2000,SUBTROP,TS,NN,35.7,290.1,50,992,24,17,24,17,NaN,NaN,NaN,NaN,NaN,NaN,NaN,NaN,NaN,NaN,TS,NW,B,B,NaN,NaN,NaN,NaN,NaN,NaN,
2000102812,19l.2000,SUBTROP,TS,NN,36.5,291.9,50,990,43,16,43,16,NaN,NaN,NaN,NaN,NaN,NaN,NaN,NaN,NaN,NaN,TS,NW,B,B,NaN,NaN,NaN,NaN,NaN,NaN,
2000102818,19l.2000,SUBTROP,TS,NN,38.0,294.5,55,984,57,21,57,21,NaN,NaN,NaN,NaN,NaN,NaN,NaN,NaN,NaN,NaN,TS,NW,B,B,NaN,NaN,NaN,NaN,NaN,NaN,
2000102900,19l.2000,SUBTROP,TS,NN,40.5,297.4,55,978,47,29,47,29,NaN,NaN,NaN,NaN,NaN,NaN,NaN,NaN,NaN,NaN,TS,NW,B,B,NaN,NaN,NaN,NaN,NaN,NaN,
2000102906,19l.2000,SUBTROP,TS,NN,44.0,300.0,50,980,35,36,35,36,NaN,NaN,NaN,NaN,NaN,NaN,NaN,NaN,NaN,NaN,TS,NW,B,B,NaN,NaN,NaN,NaN,NaN,NaN,
2000102912,19l.2000,SUBTROP,TS,NN,46.0,300.5,45,992,22,30,22,30,NaN,NaN,NaN,NaN,NaN,NaN,NaN,NaN,NaN,NaN,TS,NW,B,B,NaN,NaN,0.04,NaN,NaN,NaN,
2000072000,01c.2000,UPANA,TS,NN,10.8,215.4,30,NaN,266,15,266,15,NaN,NaN,NaN,NaN,NaN,NaN,NaN,NaN,NaN,NaN,TD,WN,B,B,NaN,NaN,NaN,NaN,NaN,NaN,
2000072006,01c.2000,UPANA,TS,NN,10.7,213.8,30,NaN,266,15,266,15,NaN,NaN,NaN,NaN,NaN,NaN,NaN,NaN,NaN,NaN,TD,NW,B,B,NaN,NaN,NaN,NaN,NaN,NaN,
2000072012,01c.2000,UPANA,TS,NN,10.6,212.3,30,NaN,266,15,266,15,NaN,NaN,NaN,NaN,NaN,NaN,NaN,NaN,NaN,NaN,TD,WN,B,B,NaN,NaN,NaN,NaN,NaN,NaN,
2000072018,01c.2000,UPANA,TS,NN,10.3,211.0,35,NaN,262,14,262,14,NaN,NaN,NaN,NaN,NaN,NaN,NaN,NaN,NaN,NaN,TS,WN,B,B,NaN,NaN,NaN,NaN,NaN,NaN,
2000072100,01c.2000,UPANA,TS,NN,10.2,209.7,35,NaN,261,13,261,13,NaN,NaN,NaN,NaN,NaN,NaN,NaN,NaN,NaN,NaN,TS,WN,B,B,NaN,NaN,NaN,NaN,NaN,NaN,
2000072106,01c.2000,UPANA,TS,NN,10.2,208.6,40,NaN,268,12,268,12,NaN,NaN,NaN,NaN,NaN,NaN,NaN,NaN,NaN,NaN,TS,WN,B,B,NaN,NaN,NaN,NaN,NaN,NaN,
2000072112,01c.2000,UPANA,TS,NN,10.2,207.4,40,NaN,270,11,270,11,NaN,NaN,NaN,NaN,NaN,NaN,NaN,NaN,NaN,NaN,TS,WN,B,B,NaN,NaN,NaN,NaN,NaN,NaN,
2000072118,01c.2000,UPANA,TS,NN,10.1,206.1,40,NaN,268,12,268,12,NaN,NaN,NaN,NaN,NaN,NaN,NaN,NaN,NaN,NaN,TS,WN,B,B,NaN,NaN,NaN,NaN,NaN,NaN,
2000072200,01c.2000,UPANA,TS,NN,10.2,204.7,40,NaN,270,13,270,13,NaN,NaN,NaN,NaN,NaN,NaN,NaN,NaN,NaN,NaN,TS,WN,B,B,NaN,NaN,NaN,NaN,NaN,NaN,
2000072206,01c.2000,UPANA,TS,NN,10.3,203.2,35,NaN,274,14,274,14,NaN,NaN,NaN,NaN,NaN,NaN,NaN,NaN,NaN,NaN,TS,WN,B,B,NaN,NaN,NaN,NaN,NaN,NaN,
2000072212,01c.2000,UPANA,TS,NN,10.4,201.4,35,NaN,274,16,274,16,NaN,NaN,NaN,NaN,NaN,NaN,NaN,NaN,NaN,NaN,TS,WN,B,B,NaN,NaN,NaN,NaN,NaN,NaN,
2000072218,01c.2000,UPANA,TS,NN,10.7,199.5,25,NaN,276,18,276,18,NaN,NaN,NaN,NaN,NaN,NaN,NaN,NaN,NaN,NaN,TD,WN,B,B,NaN,NaN,NaN,NaN,NaN,NaN,
2000072300,01c.2000,UPANA,TS,NN,10.9,197.5,25,NaN,277,19,277,19,NaN,NaN,NaN,NaN,NaN,NaN,NaN,NaN,NaN,NaN,TD,WN,B,B,NaN,NaN,NaN,NaN,NaN,NaN,
2000072306,01c.2000,UPANA,TS,NN,10.9,195.6,25,NaN,273,19,273,19,NaN,NaN,NaN,NaN,NaN,NaN,NaN,NaN,NaN,NaN,TD,WN,B,B,NaN,NaN,NaN,NaN,NaN,NaN,
2000072312,01c.2000,UPANA,TS,NN,10.8,193.9,30,NaN,268,18,268,18,NaN,NaN,NaN,NaN,NaN,NaN,NaN,NaN,NaN,NaN,TD,WN,B,B,NaN,NaN,NaN,NaN,NaN,NaN,
2000072318,01c.2000,UPANA,TS,NN,10.6,192.4,30,NaN,265,16,265,16,NaN,NaN,NaN,NaN,NaN,NaN,NaN,NaN,NaN,NaN,TD,WN,B,B,NaN,NaN,NaN,NaN,NaN,NaN,
2000072400,01c.2000,UPANA,TS,NN,10.1,190.8,30,NaN,257,16,257,16,NaN,NaN,NaN,NaN,NaN,NaN,NaN,NaN,NaN,NaN,TD,WN,B,B,NaN,NaN,NaN,NaN,NaN,NaN,
2000072406,01c.2000,UPANA,TS,NN,9.5,189.5,20,NaN,249,15,249,15,NaN,NaN,NaN,NaN,NaN,NaN,NaN,NaN,NaN,NaN,NT,NW,B,B,NaN,NaN,NaN,NaN,NaN,NaN,
2000052212,01e.2000,ALETTA,TY,NN,13.3,260.8,25,1005,298,10,298,10,NaN,NaN,NaN,NaN,NaN,NaN,NaN,NaN,NaN,NaN,TD,WN,B,B,NaN,NaN,NaN,NaN,NaN,NaN,
2000052218,01e.2000,ALETTA,TY,NN,13.9,259.8,30,1004,298,10,298,10,NaN,NaN,NaN,NaN,NaN,NaN,NaN,NaN,NaN,NaN,TD,WN,B,B,NaN,NaN,NaN,NaN,NaN,NaN,
2000052300,01e.2000,ALETTA,TY,NN,14.3,258.9,30,1003,298,10,298,10,NaN,NaN,NaN,NaN,NaN,NaN,NaN,NaN,NaN,NaN,TD,WN,B,B,NaN,NaN,NaN,NaN,NaN,NaN,
2000052306,01e.2000,ALETTA,TY,NN,14.5,258.2,35,1002,291,8,291,8,NaN,NaN,NaN,NaN,NaN,NaN,NaN,NaN,NaN,NaN,TS,WN,B,B,NaN,NaN,NaN,NaN,NaN,NaN,
2000052312,01e.2000,ALETTA,TY,NN,14.5,257.5,40,1001,278,7,278,7,NaN,NaN,NaN,NaN,NaN,NaN,NaN,NaN,NaN,NaN,TS,WN,B,B,NaN,NaN,NaN,NaN,NaN,NaN,
2000052318,01e.2000,ALETTA,TY,NN,14.5,256.9,45,1000,270,6,270,6,NaN,NaN,NaN,NaN,NaN,NaN,NaN,NaN,NaN,NaN,TS,WN,B,B,NaN,NaN,NaN,NaN,NaN,NaN,
2000052400,01e.2000,ALETTA,TY,NN,14.6,256.3,50,997,275,6,275,6,NaN,NaN,NaN,NaN,NaN,NaN,NaN,NaN,NaN,NaN,TS,WN,B,B,NaN,NaN,NaN,NaN,NaN,NaN,
2000052406,01e.2000,ALETTA,TY,NN,14.6,255.7,60,990,275,6,275,6,NaN,NaN,NaN,NaN,NaN,NaN,NaN,NaN,NaN,NaN,TS,WN,B,B,NaN,NaN,NaN,NaN,NaN,NaN,
2000052412,01e.2000,ALETTA,TY,NN,14.7,254.9,70,983,274,7,274,7,NaN,NaN,NaN,NaN,NaN,NaN,NaN,NaN,NaN,NaN,TY,WN,B,B,NaN,NaN,NaN,NaN,NaN,NaN,
2000052418,01e.2000,ALETTA,TY,NN,14.8,254.1,90,975,277,8,277,8,NaN,NaN,NaN,NaN,NaN,NaN,NaN,NaN,NaN,NaN,TY,WN,B,B,NaN,NaN,NaN,NaN,NaN,NaN,
2000052500,01e.2000,ALETTA,TY,NN,14.9,253.4,90,970,278,7,278,7,NaN,NaN,NaN,NaN,NaN,NaN,NaN,NaN,NaN,NaN,TY,WN,B,B,NaN,NaN,NaN,NaN,NaN,NaN,
2000052506,01e.2000,ALETTA,TY,NN,15.0,252.7,90,972,278,7,278,7,NaN,NaN,NaN,NaN,NaN,NaN,NaN,NaN,NaN,NaN,TY,WN,B,B,NaN,NaN,NaN,NaN,NaN,NaN,
2000052512,01e.2000,ALETTA,TY,NN,15.1,252.3,85,974,281,5,281,5,NaN,NaN,NaN,NaN,NaN,NaN,NaN,NaN,NaN,NaN,TY,WN,B,B,NaN,NaN,NaN,NaN,NaN,NaN,
2000052518,01e.2000,ALETTA,TY,NN,15.0,252.3,85,975,270,2,270,2,NaN,NaN,NaN,NaN,NaN,NaN,NaN,NaN,NaN,NaN,TY,WN,B,B,NaN,NaN,NaN,NaN,NaN,NaN,
2000052600,01e.2000,ALETTA,TY,NN,14.8,252.3,80,977,180,2,180,1,NaN,NaN,NaN,NaN,NaN,NaN,NaN,NaN,NaN,NaN,TY,WN,B,B,NaN,NaN,NaN,NaN,NaN,NaN,
2000052606,01e.2000,ALETTA,TY,NN,14.8,252.4,75,979,154,1,154,1,NaN,NaN,NaN,NaN,NaN,NaN,NaN,NaN,NaN,NaN,TY,WN,B,B,NaN,NaN,NaN,NaN,NaN,NaN,
2000052612,01e.2000,ALETTA,TY,NN,14.8,252.5,70,980,90,1,90,1,NaN,NaN,NaN,NaN,NaN,NaN,NaN,NaN,NaN,NaN,TY,WN,B,B,NaN,NaN,NaN,NaN,NaN,NaN,
2000052618,01e.2000,ALETTA,TY,NN,15.0,252.2,65,985,316,1,316,1,NaN,NaN,NaN,NaN,NaN,NaN,NaN,NaN,NaN,NaN,TY,WN,B,B,NaN,NaN,NaN,NaN,NaN,NaN,
2000052700,01e.2000,ALETTA,TY,NN,14.8,252.2,60,990,270,1,270,1,NaN,NaN,NaN,NaN,NaN,NaN,NaN,NaN,NaN,NaN,TS,WN,B,B,NaN,NaN,NaN,NaN,NaN,NaN,
2000052706,01e.2000,ALETTA,TY,NN,15.1,252.5,55,995,71,2,71,2,NaN,NaN,NaN,NaN,NaN,NaN,NaN,NaN,NaN,NaN,TS,WN,B,B,NaN,NaN,NaN,NaN,NaN,NaN,
2000052712,01e.2000,ALETTA,TY,NN,15.4,252.6,45,1000,33,4,33,4,NaN,NaN,NaN,NaN,NaN,NaN,NaN,NaN,NaN,NaN,TS,WN,B,B,NaN,NaN,NaN,NaN,NaN,NaN,
2000052718,01e.2000,ALETTA,TY,NN,15.6,252.5,30,1004,360,2,360,2,NaN,NaN,NaN,NaN,NaN,NaN,NaN,NaN,NaN,NaN,TD,WN,B,B,NaN,NaN,NaN,NaN,NaN,NaN,
2000052800,01e.2000,ALETTA,TY,NN,16.1,252.5,25,1005,352,4,352,4,NaN,NaN,NaN,NaN,NaN,NaN,NaN,NaN,NaN,NaN,TD,WN,B,B,NaN,NaN,NaN,NaN,NaN,NaN,
2000081600,02c.2000,WENE,TS,NN,34.4,181.5,45,NaN,24,11,24,11,NaN,NaN,NaN,NaN,NaN,NaN,NaN,NaN,NaN,NaN,TS,WN,B,B,NaN,NaN,NaN,NaN,NaN,NaN,
2000081606,02c.2000,WENE,TS,NN,35.3,182.1,45,NaN,24,11,24,11,NaN,NaN,NaN,NaN,NaN,NaN,NaN,NaN,NaN,NaN,TS,WN,B,B,NaN,NaN,NaN,NaN,NaN,NaN,
2000081612,02c.2000,WENE,TS,NN,36.4,182.6,40,NaN,24,11,24,11,NaN,NaN,NaN,NaN,NaN,NaN,NaN,NaN,NaN,NaN,TS,WN,B,B,NaN,NaN,NaN,NaN,NaN,NaN,
2000081618,02c.2000,WENE,TS,NN,37.6,183.1,40,NaN,19,12,19,12,NaN,NaN,NaN,NaN,NaN,NaN,NaN,NaN,NaN,NaN,TS,WN,B,B,NaN,NaN,NaN,NaN,NaN,NaN,
2000081700,02c.2000,WENE,TS,NN,39.0,183.6,40,NaN,17,14,17,14,NaN,NaN,NaN,NaN,NaN,NaN,NaN,NaN,NaN,NaN,TS,WN,B,B,NaN,NaN,NaN,NaN,NaN,NaN,
2000081706,02c.2000,WENE,TS,NN,40.2,184.0,35,NaN,15,13,15,13,NaN,NaN,NaN,NaN,NaN,NaN,NaN,NaN,NaN,NaN,TS,WN,B,B,NaN,NaN,NaN,NaN,NaN,NaN,
2000061306,e02.2000,9X-E02,TS,NN,13.1,254.1,30,1002,312,10,312,10,NaN,NaN,NaN,NaN,NaN,NaN,NaN,NaN,NaN,NaN,TD,NW,B,B,NaN,NaN,NaN,NaN,NaN,NaN,
2000061312,02e.2000,BUD,TS,NN,13.9,253.4,35,1000,312,10,312,10,NaN,NaN,NaN,NaN,NaN,NaN,NaN,NaN,NaN,NaN,TS,WN,B,B,NaN,NaN,NaN,NaN,NaN,NaN,
2000061318,02e.2000,BUD,TS,NN,14.4,252.6,40,999,312,10,312,10,NaN,NaN,NaN,NaN,NaN,NaN,NaN,NaN,NaN,NaN,TS,WN,B,B,NaN,NaN,NaN,NaN,NaN,NaN,
2000061400,02e.2000,BUD,TS,NN,14.9,251.7,45,997,301,10,301,10,NaN,NaN,NaN,NaN,NaN,NaN,NaN,NaN,NaN,NaN,TS,WN,B,B,NaN,NaN,NaN,NaN,NaN,NaN,
2000061406,02e.2000,BUD,TS,NN,15.5,250.9,45,994,304,10,304,10,NaN,NaN,NaN,NaN,NaN,NaN,NaN,NaN,NaN,NaN,TS,WN,B,B,NaN,NaN,NaN,NaN,NaN,NaN,
2000061412,02e.2000,BUD,TS,NN,16.3,250.6,45,994,323,9,323,9,NaN,NaN,NaN,NaN,NaN,NaN,NaN,NaN,NaN,NaN,TS,WN,B,B,NaN,NaN,NaN,NaN,NaN,NaN,
2000061418,02e.2000,BUD,TS,NN,17.1,250.3,45,994,340,9,340,9,NaN,NaN,NaN,NaN,NaN,NaN,NaN,NaN,NaN,NaN,TS,WN,B,B,NaN,NaN,NaN,NaN,NaN,NaN,
2000061500,02e.2000,BUD,TS,NN,17.8,249.9,40,995,336,8,336,8,NaN,NaN,NaN,NaN,NaN,NaN,NaN,NaN,NaN,NaN,TS,WN,B,B,NaN,NaN,NaN,NaN,NaN,NaN,
2000061506,02e.2000,BUD,TS,NN,18.3,249.6,40,995,331,7,331,7,NaN,NaN,NaN,NaN,NaN,NaN,NaN,NaN,NaN,NaN,TS,WN,B,B,NaN,NaN,NaN,NaN,NaN,NaN,
2000061512,02e.2000,BUD,TS,NN,18.9,249.3,40,995,333,6,333,6,NaN,NaN,NaN,NaN,NaN,NaN,NaN,NaN,NaN,NaN,TS,WN,B,B,NaN,NaN,NaN,NaN,NaN,NaN,
2000061518,02e.2000,BUD,TS,NN,19.4,249.1,40,996,337,6,337,6,NaN,NaN,NaN,NaN,NaN,NaN,NaN,NaN,NaN,NaN,TS,WN,B,B,NaN,NaN,NaN,NaN,NaN,NaN,
2000061600,02e.2000,BUD,TS,NN,19.7,248.9,35,998,335,4,335,4,NaN,NaN,NaN,NaN,NaN,NaN,NaN,NaN,NaN,NaN,TS,WN,B,B,NaN,NaN,NaN,NaN,NaN,NaN,
2000061606,02e.2000,BUD,TS,NN,19.9,248.7,35,998,323,3,323,3,NaN,NaN,NaN,NaN,NaN,NaN,NaN,NaN,NaN,NaN,TS,WN,B,B,NaN,NaN,NaN,NaN,NaN,NaN,
2000061612,02e.2000,BUD,TS,NN,19.9,248.8,30,998,335,1,335,1,NaN,NaN,NaN,NaN,NaN,NaN,NaN,NaN,NaN,NaN,TD,WN,B,B,NaN,NaN,NaN,NaN,NaN,NaN,
2000061618,02e.2000,BUD,TS,NN,19.8,249.0,30,998,110,1,110,1,NaN,NaN,NaN,NaN,NaN,NaN,NaN,NaN,NaN,NaN,TD,WN,B,B,NaN,NaN,NaN,NaN,NaN,NaN,
2000061700,02e.2000,BUD,TS,NN,19.8,249.2,30,998,105,2,105,2,NaN,NaN,NaN,NaN,NaN,NaN,NaN,NaN,NaN,NaN,TD,WN,B,B,NaN,NaN,NaN,NaN,NaN,NaN,
2000061706,02e.2000,BUD,TS,NN,19.8,249.4,25,1000,90,2,90,2,NaN,NaN,NaN,NaN,NaN,NaN,NaN,NaN,NaN,NaN,TD,WN,B,B,NaN,NaN,NaN,NaN,NaN,NaN,
2000061712,02e.2000,BUD,TS,NN,20.2,249.5,25,1002,35,2,35,2,NaN,NaN,NaN,NaN,NaN,NaN,NaN,NaN,NaN,NaN,TD,WN,B,B,NaN,NaN,NaN,NaN,NaN,NaN,
2000061812,e03.2000,9X-E03,STY,NN,11.5,266.6,25,1006,315,5,314,10,NaN,NaN,NaN,NaN,NaN,NaN,NaN,NaN,NaN,NaN,TD,NW,C,C,150,1012,NaN,M,100,NaN,
2000061818,03e.2000,CARLOTTA,STY,NN,12.5,266.0,30,1003,296,11,296,11,NaN,NaN,NaN,NaN,NaN,NaN,NaN,NaN,NaN,NaN,TD,WN,B,B,NaN,NaN,NaN,NaN,NaN,NaN,
2000061900,03e.2000,CARLOTTA,STY,NN,13.0,265.0,35,1002,296,11,296,11,NaN,NaN,NaN,NaN,NaN,NaN,NaN,NaN,NaN,NaN,TS,WN,B,B,NaN,NaN,NaN,NaN,NaN,NaN,
2000061906,03e.2000,CARLOTTA,STY,NN,13.5,263.9,45,1000,296,11,296,11,NaN,NaN,NaN,NaN,NaN,NaN,NaN,NaN,NaN,NaN,TS,WN,B,B,NaN,NaN,NaN,NaN,NaN,NaN,
2000061912,03e.2000,CARLOTTA,STY,NN,13.8,262.8,50,998,290,11,290,11,NaN,NaN,NaN,NaN,NaN,NaN,NaN,NaN,NaN,NaN,TS,WN,B,B,NaN,NaN,NaN,NaN,NaN,NaN,
2000061918,03e.2000,CARLOTTA,STY,NN,14.1,261.7,55,995,286,11,286,11,NaN,NaN,NaN,NaN,NaN,NaN,NaN,NaN,NaN,NaN,TS,WN,B,B,NaN,NaN,NaN,NaN,NaN,NaN,
2000062000,03e.2000,CARLOTTA,STY,NN,14.3,260.7,60,992,284,10,284,10,NaN,NaN,NaN,NaN,NaN,NaN,NaN,NaN,NaN,NaN,TS,WN,B,B,NaN,NaN,NaN,NaN,NaN,NaN,
2000062006,03e.2000,CARLOTTA,STY,NN,14.5,259.8,65,989,282,9,282,9,NaN,NaN,NaN,NaN,NaN,NaN,NaN,NaN,NaN,NaN,TY,WN,B,B,NaN,NaN,NaN,NaN,NaN,NaN,
2000062012,03e.2000,CARLOTTA,STY,NN,14.7,258.8,75,985,282,9,282,9,NaN,NaN,NaN,NaN,NaN,NaN,NaN,NaN,NaN,NaN,TY,WN,B,B,NaN,NaN,NaN,NaN,NaN,NaN,
2000062018,03e.2000,CARLOTTA,STY,NN,14.9,257.9,85,981,282,9,282,9,NaN,NaN,NaN,NaN,NaN,NaN,NaN,NaN,NaN,NaN,TY,WN,B,B,NaN,NaN,NaN,NaN,NaN,NaN,
2000062100,03e.2000,CARLOTTA,STY,NN,15.1,256.9,110,962,282,9,282,9,NaN,NaN,NaN,NaN,NaN,NaN,NaN,NaN,NaN,NaN,TY,WN,B,B,NaN,NaN,NaN,NaN,NaN,NaN,
2000062106,03e.2000,CARLOTTA,STY,NN,15.1,256.2,135,932,277,8,277,8,NaN,NaN,NaN,NaN,NaN,NaN,NaN,NaN,NaN,NaN,STY,WN,B,B,NaN,NaN,NaN,NaN,NaN,NaN,
2000062112,03e.2000,CARLOTTA,STY,NN,15.3,255.5,135,934,278,7,278,7,NaN,NaN,NaN,NaN,NaN,NaN,NaN,NaN,NaN,NaN,STY,WN,B,B,NaN,NaN,NaN,NaN,NaN,NaN,
2000062118,03e.2000,CARLOTTA,STY,NN,15.6,254.7,130,938,289,8,289,8,NaN,NaN,NaN,NaN,NaN,NaN,NaN,NaN,NaN,NaN,STY,WN,B,B,NaN,NaN,NaN,NaN,NaN,NaN,
2000062200,03e.2000,CARLOTTA,STY,NN,15.9,254.0,115,949,293,8,293,8,NaN,NaN,NaN,NaN,NaN,NaN,NaN,NaN,NaN,NaN,TY,WN,B,B,NaN,NaN,NaN,NaN,NaN,NaN,
2000062206,03e.2000,CARLOTTA,STY,NN,16.3,253.4,100,960,299,7,299,7,NaN,NaN,NaN,NaN,NaN,NaN,NaN,NaN,NaN,NaN,TY,WN,B,B,NaN,NaN,NaN,NaN,NaN,NaN,
2000062212,03e.2000,CARLOTTA,STY,NN,16.8,252.8,100,960,308,7,308,7,NaN,NaN,NaN,NaN,NaN,NaN,NaN,NaN,NaN,NaN,TY,WN,B,B,NaN,NaN,NaN,NaN,NaN,NaN,
2000062218,03e.2000,CARLOTTA,STY,NN,17.3,252.1,100,960,309,8,309,8,NaN,NaN,NaN,NaN,NaN,NaN,NaN,NaN,NaN,NaN,TY,WN,B,B,NaN,NaN,NaN,NaN,NaN,NaN,
2000062300,03e.2000,CARLOTTA,STY,NN,17.9,251.3,100,960,308,9,308,9,NaN,NaN,NaN,NaN,NaN,NaN,NaN,NaN,NaN,NaN,TY,WN,B,B,NaN,NaN,NaN,NaN,NaN,NaN,
2000062306,03e.2000,CARLOTTA,STY,NN,18.6,250.4,95,963,309,10,309,10,NaN,NaN,NaN,NaN,NaN,NaN,NaN,NaN,NaN,NaN,TY,WN,B,B,NaN,NaN,NaN,NaN,NaN,NaN,
2000062312,03e.2000,CARLOTTA,STY,NN,19.4,249.5,85,970,311,11,311,11,NaN,NaN,NaN,NaN,NaN,NaN,NaN,NaN,NaN,NaN,TY,WN,B,B,NaN,NaN,NaN,NaN,NaN,NaN,
2000062318,03e.2000,CARLOTTA,STY,NN,20.3,248.5,75,979,313,12,313,12,NaN,NaN,NaN,NaN,NaN,NaN,NaN,NaN,NaN,NaN,TY,WN,B,B,NaN,NaN,NaN,NaN,NaN,NaN,
2000062400,03e.2000,CARLOTTA,STY,NN,21.2,247.3,65,987,311,14,311,14,NaN,NaN,NaN,NaN,NaN,NaN,NaN,NaN,NaN,NaN,TY,WN,B,B,NaN,NaN,NaN,NaN,NaN,NaN,
2000062406,03e.2000,CARLOTTA,STY,NN,22.0,246.2,55,994,308,14,308,14,NaN,NaN,NaN,NaN,NaN,NaN,NaN,NaN,NaN,NaN,TS,WN,B,B,NaN,NaN,NaN,NaN,NaN,NaN,
2000062412,03e.2000,CARLOTTA,STY,NN,22.6,245.2,45,999,306,12,306,12,NaN,NaN,NaN,NaN,NaN,NaN,NaN,NaN,NaN,NaN,TS,WN,B,B,NaN,NaN,NaN,NaN,NaN,NaN,
2000062418,03e.2000,CARLOTTA,STY,NN,23.2,244.2,35,1002,303,11,303,11,NaN,NaN,NaN,NaN,NaN,NaN,NaN,NaN,NaN,NaN,TS,WN,B,B,NaN,NaN,NaN,NaN,NaN,NaN,
2000062500,03e.2000,CARLOTTA,STY,NN,23.6,243.4,30,1004,301,10,301,10,NaN,NaN,NaN,NaN,NaN,NaN,NaN,NaN,NaN,NaN,TD,WN,B,B,NaN,NaN,NaN,NaN,NaN,NaN,
2000062506,03e.2000,CARLOTTA,STY,NN,24.0,242.7,25,1004,300,8,300,8,NaN,NaN,NaN,NaN,NaN,NaN,NaN,NaN,NaN,NaN,TD,WN,B,B,NaN,NaN,NaN,NaN,NaN,NaN,
2000062512,03e.2000,CARLOTTA,STY,NN,24.5,242.2,25,1007,315,6,290,6,NaN,NaN,NaN,NaN,NaN,NaN,NaN,NaN,NaN,NaN,TD,WN,C,C,150,1011,NaN,S,30,NaN,
2000070612,e04.2000,9X-E04,TD,NN,12.8,240.0,25,NaN,276,9,276,9,NaN,NaN,NaN,NaN,NaN,NaN,NaN,NaN,NaN,NaN,TD,NW,B,B,NaN,NaN,NaN,NaN,NaN,NaN,
2000070618,04e.2000,FOUR,TD,NN,12.9,239.1,25,NaN,276,9,276,9,NaN,NaN,NaN,NaN,NaN,NaN,NaN,NaN,NaN,NaN,TD,WN,B,B,NaN,NaN,NaN,NaN,NaN,NaN,
2000070700,04e.2000,FOUR,TD,NN,13.0,238.1,25,NaN,276,9,276,9,NaN,NaN,NaN,NaN,NaN,NaN,NaN,NaN,NaN,NaN,TD,WN,B,B,NaN,NaN,NaN,NaN,NaN,NaN,
2000070706,04e.2000,FOUR,TD,NN,13.1,237.1,25,NaN,276,10,276,10,NaN,NaN,NaN,NaN,NaN,NaN,NaN,NaN,NaN,NaN,TD,WN,B,B,NaN,NaN,NaN,NaN,NaN,NaN,
2000070712,04e.2000,FOUR,TD,NN,13.2,235.8,20,NaN,275,11,275,11,NaN,NaN,NaN,NaN,NaN,NaN,NaN,NaN,NaN,NaN,NT,WN,B,B,NaN,NaN,NaN,NaN,NaN,NaN,
2000072118,e05.2000,9X-E05,TD,NN,17.7,248.5,25,1005,290,12,313,10,NaN,NaN,NaN,NaN,NaN,NaN,NaN,NaN,NaN,NaN,TD,NW,C,C,210,1010,NaN,M,60,NaN,
2000072200,e05.2000,9X-E05,TD,NN,18.6,248.0,30,NaN,296,12,296,12,NaN,NaN,NaN,NaN,NaN,NaN,NaN,NaN,NaN,NaN,TD,NW,B,B,NaN,NaN,NaN,NaN,NaN,NaN,
2000072206,e05.2000,9X-E05,TD,NN,19.1,246.9,30,NaN,296,12,296,12,NaN,NaN,NaN,NaN,NaN,NaN,NaN,NaN,NaN,NaN,TD,NW,B,B,NaN,NaN,NaN,NaN,NaN,NaN,
2000072212,e05.2000,9X-E05,TD,NN,19.6,245.8,30,NaN,296,12,296,12,NaN,NaN,NaN,NaN,NaN,NaN,NaN,NaN,NaN,NaN,TD,NW,B,B,NaN,NaN,NaN,NaN,NaN,NaN,
2000072218,05e.2000,FIVE,TD,NN,20.1,244.4,30,NaN,293,13,293,13,NaN,NaN,NaN,NaN,NaN,NaN,NaN,NaN,NaN,NaN,TD,WN,B,B,NaN,NaN,NaN,NaN,NaN,NaN,
2000072300,05e.2000,FIVE,TD,NN,20.5,242.8,30,NaN,288,15,288,15,NaN,NaN,NaN,NaN,NaN,NaN,NaN,NaN,NaN,NaN,TD,WN,B,B,NaN,NaN,NaN,NaN,NaN,NaN,
2000072306,05e.2000,FIVE,TD,NN,21.2,241.0,30,NaN,289,17,289,17,NaN,NaN,NaN,NaN,NaN,NaN,NaN,NaN,NaN,NaN,TD,WN,B,B,NaN,NaN,NaN,NaN,NaN,NaN,
2000072312,05e.2000,FIVE,TD,NN,21.9,239.0,25,NaN,292,19,292,19,NaN,NaN,NaN,NaN,NaN,NaN,NaN,NaN,NaN,NaN,TD,WN,B,B,NaN,NaN,NaN,NaN,NaN,NaN,
2000072300,e06.2000,9X-E06,TY,NN,10.1,257.7,25,1009,278,18,278,18,NaN,NaN,NaN,NaN,NaN,NaN,NaN,NaN,NaN,NaN,TD,NW,B,B,NaN,NaN,NaN,NaN,NaN,NaN,
2000072306,e06.2000,9X-E06,TY,NN,10.3,255.9,30,1009,278,18,278,18,NaN,NaN,NaN,NaN,NaN,NaN,NaN,NaN,NaN,NaN,TD,NW,B,B,NaN,NaN,NaN,NaN,NaN,NaN,
2000072312,06e.2000,DANIEL,TY,NN,10.6,254.1,30,1007,278,18,278,18,NaN,NaN,NaN,NaN,NaN,NaN,NaN,NaN,NaN,NaN,TD,WN,B,B,NaN,NaN,NaN,NaN,NaN,NaN,
2000072318,06e.2000,DANIEL,TY,NN,10.9,252.4,35,1004,280,17,280,17,NaN,NaN,NaN,NaN,NaN,NaN,NaN,NaN,NaN,NaN,TS,WN,B,B,NaN,NaN,NaN,NaN,NaN,NaN,
2000072400,06e.2000,DANIEL,TY,NN,11.3,250.9,45,1001,283,16,283,16,NaN,NaN,NaN,NaN,NaN,NaN,NaN,NaN,NaN,NaN,TS,WN,B,B,NaN,NaN,NaN,NaN,NaN,NaN,
2000072406,06e.2000,DANIEL,TY,NN,11.8,249.3,55,997,286,16,286,16,NaN,NaN,NaN,NaN,NaN,NaN,NaN,NaN,NaN,NaN,TS,WN,B,B,NaN,NaN,NaN,NaN,NaN,NaN,
2000072412,06e.2000,DANIEL,TY,NN,12.3,247.7,65,991,288,16,288,16,NaN,NaN,NaN,NaN,NaN,NaN,NaN,NaN,NaN,NaN,TY,WN,B,B,NaN,NaN,NaN,NaN,NaN,NaN,
2000072418,06e.2000,DANIEL,TY,NN,12.9,245.9,75,980,288,17,288,17,NaN,NaN,NaN,NaN,NaN,NaN,NaN,NaN,NaN,NaN,TY,WN,B,B,NaN,NaN,NaN,NaN,NaN,NaN,
2000072500,06e.2000,DANIEL,TY,NN,13.4,244.0,95,970,287,19,287,19,NaN,NaN,NaN,NaN,NaN,NaN,NaN,NaN,NaN,NaN,TY,WN,B,B,NaN,NaN,NaN,NaN,NaN,NaN,
2000072506,06e.2000,DANIEL,TY,NN,13.8,242.2,100,964,284,19,284,19,NaN,NaN,NaN,NaN,NaN,NaN,NaN,NaN,NaN,NaN,TY,WN,B,B,NaN,NaN,NaN,NaN,NaN,NaN,
2000072512,06e.2000,DANIEL,TY,NN,14.0,240.6,105,955,280,17,280,17,NaN,NaN,NaN,NaN,NaN,NaN,NaN,NaN,NaN,NaN,TY,WN,B,B,NaN,NaN,NaN,NaN,NaN,NaN,
2000072518,06e.2000,DANIEL,TY,NN,14.3,238.9,110,954,279,16,279,16,NaN,NaN,NaN,NaN,NaN,NaN,NaN,NaN,NaN,NaN,TY,WN,B,B,NaN,NaN,NaN,NaN,NaN,NaN,
2000072600,06e.2000,DANIEL,TY,NN,14.5,237.5,110,954,279,15,279,15,NaN,NaN,NaN,NaN,NaN,NaN,NaN,NaN,NaN,NaN,TY,WN,B,B,NaN,NaN,NaN,NaN,NaN,NaN,
2000072606,06e.2000,DANIEL,TY,NN,14.9,236.1,105,956,282,14,282,14,NaN,NaN,NaN,NaN,NaN,NaN,NaN,NaN,NaN,NaN,TY,WN,B,B,NaN,NaN,NaN,NaN,NaN,NaN,
2000072612,06e.2000,DANIEL,TY,NN,15.3,234.7,105,959,286,14,286,14,NaN,NaN,NaN,NaN,NaN,NaN,NaN,NaN,NaN,NaN,TY,WN,B,B,NaN,NaN,NaN,NaN,NaN,NaN,
2000072618,06e.2000,DANIEL,TY,NN,15.5,233.0,105,961,281,15,281,15,NaN,NaN,NaN,NaN,NaN,NaN,NaN,NaN,NaN,NaN,TY,WN,B,B,NaN,NaN,NaN,NaN,NaN,NaN,
2000072700,06e.2000,DANIEL,TY,NN,15.6,231.5,100,963,276,15,276,15,NaN,NaN,NaN,NaN,NaN,NaN,NaN,NaN,NaN,NaN,TY,WN,B,B,NaN,NaN,NaN,NaN,NaN,NaN,
2000072706,06e.2000,DANIEL,TY,NN,15.7,229.9,95,964,274,15,274,15,NaN,NaN,NaN,NaN,NaN,NaN,NaN,NaN,NaN,NaN,TY,WN,B,B,NaN,NaN,NaN,NaN,NaN,NaN,
2000072712,06e.2000,DANIEL,TY,NN,15.9,228.4,90,965,276,15,276,15,NaN,NaN,NaN,NaN,NaN,NaN,NaN,NaN,NaN,NaN,TY,WN,B,B,NaN,NaN,NaN,NaN,NaN,NaN,
2000072718,06e.2000,DANIEL,TY,NN,16.0,226.8,95,964,276,15,276,15,NaN,NaN,NaN,NaN,NaN,NaN,NaN,NaN,NaN,NaN,TY,WN,B,B,NaN,NaN,NaN,NaN,NaN,NaN,
2000072800,06e.2000,DANIEL,TY,NN,16.4,225.2,95,962,279,16,279,16,NaN,NaN,NaN,NaN,NaN,NaN,NaN,NaN,NaN,NaN,TY,WN,B,B,NaN,NaN,NaN,NaN,NaN,NaN,
2000072806,06e.2000,DANIEL,TY,NN,16.8,223.6,105,961,285,16,285,16,NaN,NaN,NaN,NaN,NaN,NaN,NaN,NaN,NaN,NaN,TY,WN,B,B,NaN,NaN,NaN,NaN,NaN,NaN,
2000072812,06e.2000,DANIEL,TY,NN,17.2,221.8,100,963,284,17,284,17,NaN,NaN,NaN,NaN,NaN,NaN,NaN,NaN,NaN,NaN,TY,WN,B,B,NaN,NaN,NaN,NaN,NaN,NaN,
2000072818,06e.2000,DANIEL,TY,NN,17.5,220.4,90,968,283,16,283,16,NaN,NaN,NaN,NaN,NaN,NaN,NaN,NaN,NaN,NaN,TY,WN,B,B,NaN,NaN,NaN,NaN,NaN,NaN,
2000072900,06e.2000,DANIEL,TY,NN,18.0,218.7,80,980,285,15,285,15,NaN,NaN,NaN,NaN,NaN,NaN,NaN,NaN,NaN,NaN,TY,WN,B,B,NaN,NaN,NaN,NaN,NaN,NaN,
2000072906,06e.2000,DANIEL,TY,NN,18.4,217.1,65,990,286,16,286,16,NaN,NaN,NaN,NaN,NaN,NaN,NaN,NaN,NaN,NaN,TY,WN,B,B,NaN,NaN,NaN,NaN,NaN,NaN,
2000072912,06e.2000,DANIEL,TY,NN,18.7,215.4,65,990,283,16,283,16,NaN,NaN,NaN,NaN,NaN,NaN,NaN,NaN,NaN,NaN,TY,WN,B,B,NaN,NaN,NaN,NaN,NaN,NaN,
2000072918,06e.2000,DANIEL,TY,NN,18.9,213.7,65,990,279,16,279,16,NaN,NaN,NaN,NaN,NaN,NaN,NaN,NaN,NaN,NaN,TY,WN,B,B,NaN,NaN,NaN,NaN,NaN,NaN,
2000073000,06e.2000,DANIEL,TY,NN,19.3,212.3,60,995,282,15,282,15,NaN,NaN,NaN,NaN,NaN,NaN,NaN,NaN,NaN,NaN,TS,WN,B,B,NaN,NaN,NaN,NaN,NaN,NaN,
2000073006,06e.2000,DANIEL,TY,NN,19.8,211.1,55,997,290,13,290,13,NaN,NaN,NaN,NaN,NaN,NaN,NaN,NaN,NaN,NaN,TS,WN,B,B,NaN,NaN,NaN,NaN,NaN,NaN,
2000073012,06e.2000,DANIEL,TY,NN,20.1,210.0,55,997,290,12,290,12,NaN,NaN,NaN,NaN,NaN,NaN,NaN,NaN,NaN,NaN,TS,WN,B,B,NaN,NaN,NaN,NaN,NaN,NaN,
2000073018,06e.2000,DANIEL,TY,NN,20.5,209.0,50,995,290,10,290,10,NaN,NaN,NaN,NaN,NaN,NaN,NaN,NaN,NaN,NaN,TS,WN,B,B,NaN,NaN,NaN,NaN,NaN,NaN,
2000073100,06e.2000,DANIEL,TY,NN,20.7,208.2,55,993,290,9,290,9,NaN,NaN,NaN,NaN,NaN,NaN,NaN,NaN,NaN,NaN,TS,WN,B,B,NaN,NaN,NaN,NaN,NaN,NaN,
2000073106,06e.2000,DANIEL,TY,NN,20.8,207.5,50,995,282,7,282,7,NaN,NaN,NaN,NaN,NaN,NaN,NaN,NaN,NaN,NaN,TS,WN,B,B,NaN,NaN,NaN,NaN,NaN,NaN,
2000073112,06e.2000,DANIEL,TY,NN,21.0,206.9,45,998,284,6,284,6,NaN,NaN,NaN,NaN,NaN,NaN,NaN,NaN,NaN,NaN,TS,WN,B,B,NaN,NaN,NaN,NaN,NaN,NaN,
2000073118,06e.2000,DANIEL,TY,NN,21.3,206.2,60,993,292,7,292,7,NaN,NaN,NaN,NaN,NaN,NaN,NaN,NaN,NaN,NaN,TS,WN,B,B,NaN,NaN,NaN,NaN,NaN,NaN,
2000080100,06e.2000,DANIEL,TY,NN,21.8,205.5,60,998,302,8,302,8,NaN,NaN,NaN,NaN,NaN,NaN,NaN,NaN,NaN,NaN,TS,WN,B,B,NaN,NaN,NaN,NaN,NaN,NaN,
2000080106,06e.2000,DANIEL,TY,NN,22.3,204.8,50,1001,308,8,308,8,NaN,NaN,NaN,NaN,NaN,NaN,NaN,NaN,NaN,NaN,TS,WN,B,B,NaN,NaN,NaN,NaN,NaN,NaN,
2000080112,06e.2000,DANIEL,TY,NN,22.9,203.9,45,1004,307,9,307,9,NaN,NaN,NaN,NaN,NaN,NaN,NaN,NaN,NaN,NaN,TS,WN,B,B,NaN,NaN,NaN,NaN,NaN,NaN,
2000080118,06e.2000,DANIEL,TY,NN,23.6,202.8,45,1006,305,11,305,11,NaN,NaN,NaN,NaN,NaN,NaN,NaN,NaN,NaN,NaN,TS,WN,B,B,NaN,NaN,NaN,NaN,NaN,NaN,
2000080200,06e.2000,DANIEL,TY,NN,24.2,201.6,40,1008,302,12,302,12,NaN,NaN,NaN,NaN,NaN,NaN,NaN,NaN,NaN,NaN,TS,WN,B,B,NaN,NaN,NaN,NaN,NaN,NaN,
2000080206,06e.2000,DANIEL,TY,NN,25.0,200.4,45,1006,303,13,303,13,NaN,NaN,NaN,NaN,NaN,NaN,NaN,NaN,NaN,NaN,TS,WN,B,B,NaN,NaN,NaN,NaN,NaN,NaN,
2000080212,06e.2000,DANIEL,TY,NN,25.8,199.1,45,1007,305,14,305,14,NaN,NaN,NaN,NaN,NaN,NaN,NaN,NaN,NaN,NaN,TS,WN,B,B,NaN,NaN,NaN,NaN,NaN,NaN,
2000080218,06e.2000,DANIEL,TY,NN,26.9,197.7,45,1008,308,15,308,15,NaN,NaN,NaN,NaN,NaN,NaN,NaN,NaN,NaN,NaN,TS,WN,B,B,NaN,NaN,NaN,NaN,NaN,NaN,
2000080300,06e.2000,DANIEL,TY,NN,27.9,196.3,40,1010,310,16,310,16,NaN,NaN,NaN,NaN,NaN,NaN,NaN,NaN,NaN,NaN,TS,WN,B,B,NaN,NaN,NaN,NaN,NaN,NaN,
2000080306,06e.2000,DANIEL,TY,NN,28.8,194.8,35,1008,307,16,307,16,NaN,NaN,NaN,NaN,NaN,NaN,NaN,NaN,NaN,NaN,TS,WN,B,B,NaN,NaN,NaN,NaN,NaN,NaN,
2000080312,06e.2000,DANIEL,TY,NN,29.8,193.5,30,1009,308,16,308,16,NaN,NaN,NaN,NaN,NaN,NaN,NaN,NaN,NaN,NaN,TD,WN,B,B,NaN,NaN,NaN,NaN,NaN,NaN,
2000080318,06e.2000,DANIEL,TY,NN,30.5,192.4,30,1010,309,13,309,13,NaN,NaN,NaN,NaN,NaN,NaN,NaN,NaN,NaN,NaN,TD,WN,B,B,NaN,NaN,NaN,NaN,NaN,NaN,
2000080400,06e.2000,DANIEL,TY,NN,31.4,191.4,30,1012,312,12,312,12,NaN,NaN,NaN,NaN,NaN,NaN,NaN,NaN,NaN,NaN,TD,WN,B,B,NaN,NaN,NaN,NaN,NaN,NaN,
2000080406,06e.2000,DANIEL,TY,NN,32.2,190.7,30,1012,320,11,320,11,NaN,NaN,NaN,NaN,NaN,NaN,NaN,NaN,NaN,NaN,TD,WN,B,B,NaN,NaN,NaN,NaN,NaN,NaN,
2000080412,06e.2000,DANIEL,TY,NN,33.0,190.1,25,1013,325,10,325,10,NaN,NaN,NaN,NaN,NaN,NaN,NaN,NaN,NaN,NaN,TD,WN,B,B,NaN,NaN,NaN,NaN,NaN,NaN,
2000080418,06e.2000,DANIEL,TY,NN,33.9,189.7,25,1015,334,9,334,9,NaN,NaN,NaN,NaN,NaN,NaN,NaN,NaN,NaN,NaN,TD,WN,B,B,NaN,NaN,NaN,NaN,NaN,NaN,
2000080500,06e.2000,DANIEL,TY,NN,35.0,189.5,25,1017,346,10,346,10,NaN,NaN,NaN,NaN,NaN,NaN,NaN,NaN,NaN,NaN,TD,WN,B,B,NaN,NaN,NaN,NaN,NaN,NaN,
2000080506,06e.2000,DANIEL,TY,NN,36.1,189.3,25,1017,352,11,352,11,NaN,NaN,NaN,NaN,NaN,NaN,NaN,NaN,NaN,NaN,TD,WN,B,B,NaN,NaN,NaN,NaN,NaN,NaN,
2000072518,e07.2000,9X-E07,TS,NN,14.3,254.4,25,1009,285,14,297,7,NaN,NaN,NaN,NaN,NaN,NaN,NaN,NaN,NaN,NaN,TD,NW,C,C,180,1012,NaN,M,75,NaN,
2000072600,e07.2000,9X-E07,TS,NN,14.4,253.8,25,1009,285,11,297,7,NaN,NaN,NaN,NaN,NaN,NaN,NaN,NaN,NaN,NaN,TD,NW,C,C,180,1012,NaN,M,75,NaN,
2000072606,07e.2000,EMILIA,TS,NN,14.9,253.1,25,1007,302,9,302,9,NaN,NaN,NaN,NaN,NaN,NaN,NaN,NaN,NaN,NaN,TD,WN,B,B,NaN,NaN,NaN,NaN,NaN,NaN,
2000072612,07e.2000,EMILIA,TS,NN,15.3,252.3,30,1006,302,9,302,9,NaN,NaN,NaN,NaN,NaN,NaN,NaN,NaN,NaN,NaN,TD,WN,B,B,NaN,NaN,NaN,NaN,NaN,NaN,
2000072618,07e.2000,EMILIA,TS,NN,15.8,251.6,35,1005,302,9,302,9,NaN,NaN,NaN,NaN,NaN,NaN,NaN,NaN,NaN,NaN,TS,WN,B,B,NaN,NaN,NaN,NaN,NaN,NaN,
2000072700,07e.2000,EMILIA,TS,NN,16.2,251.0,40,1002,306,8,306,8,NaN,NaN,NaN,NaN,NaN,NaN,NaN,NaN,NaN,NaN,TS,WN,B,B,NaN,NaN,NaN,NaN,NaN,NaN,
2000072706,07e.2000,EMILIA,TS,NN,16.8,250.2,45,1000,307,8,307,8,NaN,NaN,NaN,NaN,NaN,NaN,NaN,NaN,NaN,NaN,TS,WN,B,B,NaN,NaN,NaN,NaN,NaN,NaN,
2000072712,07e.2000,EMILIA,TS,NN,17.4,249.2,45,998,305,10,305,10,NaN,NaN,NaN,NaN,NaN,NaN,NaN,NaN,NaN,NaN,TS,WN,B,B,NaN,NaN,NaN,NaN,NaN,NaN,
2000072718,07e.2000,EMILIA,TS,NN,18.1,248.2,55,994,304,12,304,12,NaN,NaN,NaN,NaN,NaN,NaN,NaN,NaN,NaN,NaN,TS,WN,B,B,NaN,NaN,NaN,NaN,NaN,NaN,
2000072800,07e.2000,EMILIA,TS,NN,18.8,247.1,55,996,305,12,305,12,NaN,NaN,NaN,NaN,NaN,NaN,NaN,NaN,NaN,NaN,TS,WN,B,B,NaN,NaN,NaN,NaN,NaN,NaN,
2000072806,07e.2000,EMILIA,TS,NN,19.4,246.2,50,997,304,11,304,11,NaN,NaN,NaN,NaN,NaN,NaN,NaN,NaN,NaN,NaN,TS,WN,B,B,NaN,NaN,NaN,NaN,NaN,NaN,
2000072812,07e.2000,EMILIA,TS,NN,19.9,245.3,50,997,303,10,303,10,NaN,NaN,NaN,NaN,NaN,NaN,NaN,NaN,NaN,NaN,TS,WN,B,B,NaN,NaN,NaN,NaN,NaN,NaN,
2000072818,07e.2000,EMILIA,TS,NN,20.1,244.2,45,1000,290,10,290,10,NaN,NaN,NaN,NaN,NaN,NaN,NaN,NaN,NaN,NaN,TS,WN,B,B,NaN,NaN,NaN,NaN,NaN,NaN,
2000072900,07e.2000,EMILIA,TS,NN,20.1,243.0,40,1004,275,11,275,11,NaN,NaN,NaN,NaN,NaN,NaN,NaN,NaN,NaN,NaN,TS,WN,B,B,NaN,NaN,NaN,NaN,NaN,NaN,
2000072906,07e.2000,EMILIA,TS,NN,20.2,242.1,35,1005,273,10,273,10,NaN,NaN,NaN,NaN,NaN,NaN,NaN,NaN,NaN,NaN,TS,WN,B,B,NaN,NaN,NaN,NaN,NaN,NaN,
2000072912,07e.2000,EMILIA,TS,NN,20.3,241.1,35,1006,276,9,276,9,NaN,NaN,NaN,NaN,NaN,NaN,NaN,NaN,NaN,NaN,TS,WN,B,B,NaN,NaN,NaN,NaN,NaN,NaN,
2000072918,07e.2000,EMILIA,TS,NN,20.3,240.0,30,1006,273,10,273,10,NaN,NaN,NaN,NaN,NaN,NaN,NaN,NaN,NaN,NaN,TD,WN,B,B,NaN,NaN,NaN,NaN,NaN,NaN,
2000073000,07e.2000,EMILIA,TS,NN,20.4,239.2,25,1007,273,9,273,9,NaN,NaN,NaN,NaN,NaN,NaN,NaN,NaN,NaN,NaN,TD,WN,B,B,NaN,NaN,NaN,NaN,NaN,NaN,
2000080218,e08.2000,9X-E08,TS,NN,15.2,250.2,25,1007,275,9,282,13,NaN,NaN,NaN,NaN,NaN,NaN,NaN,NaN,NaN,NaN,TD,NW,C,C,150,1011,NaN,M,30,NaN,
2000080300,e08.2000,9X-E08,TS,NN,15.9,249.0,25,1006,285,11,282,13,NaN,NaN,NaN,NaN,NaN,NaN,NaN,NaN,NaN,NaN,TD,NW,C,C,150,1011,NaN,M,30,NaN,
2000080306,e08.2000,9X-E08,TS,NN,15.9,247.6,25,1006,285,11,282,13,NaN,NaN,NaN,NaN,NaN,NaN,NaN,NaN,NaN,NaN,TD,NW,C,C,150,1011,NaN,M,30,NaN,
2000080312,08e.2000,FABIO,TS,NN,16.4,246.4,30,1008,278,11,278,11,NaN,NaN,NaN,NaN,NaN,NaN,NaN,NaN,NaN,NaN,TD,WN,B,B,NaN,NaN,NaN,NaN,NaN,NaN,
2000080318,08e.2000,FABIO,TS,NN,16.6,245.1,30,1006,278,11,278,11,NaN,NaN,NaN,NaN,NaN,NaN,NaN,NaN,NaN,NaN,TD,WN,B,B,NaN,NaN,NaN,NaN,NaN,NaN,
2000080400,08e.2000,FABIO,TS,NN,16.7,244.2,35,1005,278,11,278,11,NaN,NaN,NaN,NaN,NaN,NaN,NaN,NaN,NaN,NaN,TS,WN,B,B,NaN,NaN,NaN,NaN,NaN,NaN,
2000080406,08e.2000,FABIO,TS,NN,16.8,243.4,35,1004,277,8,277,8,NaN,NaN,NaN,NaN,NaN,NaN,NaN,NaN,NaN,NaN,TS,WN,B,B,NaN,NaN,NaN,NaN,NaN,NaN,
2000080412,08e.2000,FABIO,TS,NN,16.8,242.5,45,1000,274,8,274,8,NaN,NaN,NaN,NaN,NaN,NaN,NaN,NaN,NaN,NaN,TS,WN,B,B,NaN,NaN,NaN,NaN,NaN,NaN,
2000080418,08e.2000,FABIO,TS,NN,16.8,241.5,45,1000,270,9,270,9,NaN,NaN,NaN,NaN,NaN,NaN,NaN,NaN,NaN,NaN,TS,WN,B,B,NaN,NaN,NaN,NaN,NaN,NaN,
2000080500,08e.2000,FABIO,TS,NN,16.7,240.5,40,1000,267,10,267,10,NaN,NaN,NaN,NaN,NaN,NaN,NaN,NaN,NaN,NaN,TS,WN,B,B,NaN,NaN,NaN,NaN,NaN,NaN,
2000080506,08e.2000,FABIO,TS,NN,16.7,239.6,40,1001,267,9,267,9,NaN,NaN,NaN,NaN,NaN,NaN,NaN,NaN,NaN,NaN,TS,WN,B,B,NaN,NaN,NaN,NaN,NaN,NaN,
2000080512,08e.2000,FABIO,TS,NN,16.5,238.6,35,1002,264,9,264,9,NaN,NaN,NaN,NaN,NaN,NaN,NaN,NaN,NaN,NaN,TS,WN,B,B,NaN,NaN,NaN,NaN,NaN,NaN,
2000080518,08e.2000,FABIO,TS,NN,16.3,237.6,35,1004,258,10,258,10,NaN,NaN,NaN,NaN,NaN,NaN,NaN,NaN,NaN,NaN,TS,WN,B,B,NaN,NaN,NaN,NaN,NaN,NaN,
2000080600,08e.2000,FABIO,TS,NN,16.2,236.8,30,1006,260,9,260,9,NaN,NaN,NaN,NaN,NaN,NaN,NaN,NaN,NaN,NaN,TD,WN,B,B,NaN,NaN,NaN,NaN,NaN,NaN,
2000080606,08e.2000,FABIO,TS,NN,15.9,236.0,30,1007,255,8,255,8,NaN,NaN,NaN,NaN,NaN,NaN,NaN,NaN,NaN,NaN,TD,WN,B,B,NaN,NaN,NaN,NaN,NaN,NaN,
2000080612,08e.2000,FABIO,TS,NN,15.5,235.2,30,1008,246,8,246,8,NaN,NaN,NaN,NaN,NaN,NaN,NaN,NaN,NaN,NaN,TD,WN,B,B,NaN,NaN,NaN,NaN,NaN,NaN,
2000080618,08e.2000,FABIO,TS,NN,15.1,234.6,25,1008,239,8,239,8,NaN,NaN,NaN,NaN,NaN,NaN,NaN,NaN,NaN,NaN,TD,WN,B,B,NaN,NaN,NaN,NaN,NaN,NaN,
2000080700,08e.2000,FABIO,TS,NN,14.9,234.1,25,1009,241,6,241,6,NaN,NaN,NaN,NaN,NaN,NaN,NaN,NaN,NaN,NaN,TD,NW,B,B,NaN,NaN,NaN,NaN,NaN,NaN,
2000080706,08e.2000,FABIO,TS,NN,14.7,233.5,25,1009,249,6,249,6,NaN,NaN,NaN,NaN,NaN,NaN,NaN,NaN,NaN,NaN,TD,NW,B,B,NaN,NaN,NaN,NaN,NaN,NaN,
2000080712,08e.2000,FABIO,TS,NN,14.5,232.9,25,1010,251,6,251,6,NaN,NaN,NaN,NaN,NaN,NaN,NaN,NaN,NaN,NaN,TD,NW,B,B,NaN,NaN,NaN,NaN,NaN,NaN,
2000080718,08e.2000,FABIO,TS,NN,14.3,232.3,25,1010,251,6,251,6,NaN,NaN,NaN,NaN,NaN,NaN,NaN,NaN,NaN,NaN,TD,NW,B,B,NaN,NaN,NaN,NaN,NaN,NaN,
2000080800,08e.2000,FABIO,TS,NN,14.2,231.7,25,1011,256,6,256,6,NaN,NaN,NaN,NaN,NaN,NaN,NaN,NaN,NaN,NaN,TD,NW,B,B,NaN,NaN,NaN,NaN,NaN,NaN,
2000080500,09e.2000,GILMA,TY,NN,15.0,254.8,30,1005,287,9,287,9,NaN,NaN,NaN,NaN,NaN,NaN,NaN,NaN,NaN,NaN,TD,WN,B,B,NaN,NaN,NaN,NaN,NaN,NaN,
2000080506,09e.2000,GILMA,TY,NN,15.2,253.9,30,1005,287,9,287,9,NaN,NaN,NaN,NaN,NaN,NaN,NaN,NaN,NaN,NaN,TD,WN,B,B,NaN,NaN,NaN,NaN,NaN,NaN,
2000080512,09e.2000,GILMA,TY,NN,15.5,253.1,30,1005,287,9,287,9,NaN,NaN,NaN,NaN,NaN,NaN,NaN,NaN,NaN,NaN,TD,WN,B,B,NaN,NaN,NaN,NaN,NaN,NaN,
2000080518,09e.2000,GILMA,TY,NN,15.8,252.2,30,1005,290,9,290,9,NaN,NaN,NaN,NaN,NaN,NaN,NaN,NaN,NaN,NaN,TD,WN,B,B,NaN,NaN,NaN,NaN,NaN,NaN,
2000080600,09e.2000,GILMA,TY,NN,16.2,251.2,30,1005,291,10,291,10,NaN,NaN,NaN,NaN,NaN,NaN,NaN,NaN,NaN,NaN,TD,WN,B,B,NaN,NaN,NaN,NaN,NaN,NaN,
2000080606,09e.2000,GILMA,TY,NN,16.6,250.1,30,1005,292,11,292,11,NaN,NaN,NaN,NaN,NaN,NaN,NaN,NaN,NaN,NaN,TD,WN,B,B,NaN,NaN,NaN,NaN,NaN,NaN,
2000080612,09e.2000,GILMA,TY,NN,17.0,249.0,35,1003,291,11,291,11,NaN,NaN,NaN,NaN,NaN,NaN,NaN,NaN,NaN,NaN,TS,WN,B,B,NaN,NaN,NaN,NaN,NaN,NaN,
2000080618,09e.2000,GILMA,TY,NN,17.4,248.0,45,1000,292,11,292,11,NaN,NaN,NaN,NaN,NaN,NaN,NaN,NaN,NaN,NaN,TS,WN,B,B,NaN,NaN,NaN,NaN,NaN,NaN,
2000080700,09e.2000,GILMA,TY,NN,17.9,247.0,50,995,295,11,295,11,NaN,NaN,NaN,NaN,NaN,NaN,NaN,NaN,NaN,NaN,TS,WN,B,B,NaN,NaN,NaN,NaN,NaN,NaN,
2000080706,09e.2000,GILMA,TY,NN,18.2,245.9,55,993,292,11,292,11,NaN,NaN,NaN,NaN,NaN,NaN,NaN,NaN,NaN,NaN,TS,WN,B,B,NaN,NaN,NaN,NaN,NaN,NaN,
2000080712,09e.2000,GILMA,TY,NN,18.4,245.1,60,991,285,9,285,9,NaN,NaN,NaN,NaN,NaN,NaN,NaN,NaN,NaN,NaN,TS,WN,B,B,NaN,NaN,NaN,NaN,NaN,NaN,
2000080718,09e.2000,GILMA,TY,NN,18.5,244.2,60,991,281,8,281,8,NaN,NaN,NaN,NaN,NaN,NaN,NaN,NaN,NaN,NaN,TS,WN,B,B,NaN,NaN,NaN,NaN,NaN,NaN,
2000080800,09e.2000,GILMA,TY,NN,18.7,243.3,60,990,280,9,280,9,NaN,NaN,NaN,NaN,NaN,NaN,NaN,NaN,NaN,NaN,TS,WN,B,B,NaN,NaN,NaN,NaN,NaN,NaN,
2000080806,09e.2000,GILMA,TY,NN,18.9,242.5,65,987,284,8,284,8,NaN,NaN,NaN,NaN,NaN,NaN,NaN,NaN,NaN,NaN,TY,WN,B,B,NaN,NaN,NaN,NaN,NaN,NaN,
2000080812,09e.2000,GILMA,TY,NN,19.0,241.7,70,984,281,8,281,8,NaN,NaN,NaN,NaN,NaN,NaN,NaN,NaN,NaN,NaN,TY,WN,B,B,NaN,NaN,NaN,NaN,NaN,NaN,
2000080818,09e.2000,GILMA,TY,NN,19.3,240.9,70,986,285,8,285,8,NaN,NaN,NaN,NaN,NaN,NaN,NaN,NaN,NaN,NaN,TY,WN,B,B,NaN,NaN,NaN,NaN,NaN,NaN,
2000080900,09e.2000,GILMA,TY,NN,19.8,240.3,60,989,301,8,301,8,NaN,NaN,NaN,NaN,NaN,NaN,NaN,NaN,NaN,NaN,TS,WN,B,B,NaN,NaN,NaN,NaN,NaN,NaN,
2000080906,09e.2000,GILMA,TY,NN,20.2,239.8,55,992,311,7,311,7,NaN,NaN,NaN,NaN,NaN,NaN,NaN,NaN,NaN,NaN,TS,WN,B,B,NaN,NaN,NaN,NaN,NaN,NaN,
2000080912,09e.2000,GILMA,TY,NN,20.7,239.4,45,996,317,6,317,6,NaN,NaN,NaN,NaN,NaN,NaN,NaN,NaN,NaN,NaN,TS,WN,B,B,NaN,NaN,NaN,NaN,NaN,NaN,
2000080918,09e.2000,GILMA,TY,NN,21.2,238.9,35,999,320,7,320,7,NaN,NaN,NaN,NaN,NaN,NaN,NaN,NaN,NaN,NaN,TS,WN,B,B,NaN,NaN,NaN,NaN,NaN,NaN,
2000081000,09e.2000,GILMA,TY,NN,21.7,238.4,30,1002,317,7,317,7,NaN,NaN,NaN,NaN,NaN,NaN,NaN,NaN,NaN,NaN,TD,WN,B,B,NaN,NaN,NaN,NaN,NaN,NaN,
2000081006,09e.2000,GILMA,TY,NN,22.0,237.8,30,1004,308,6,308,6,NaN,NaN,NaN,NaN,NaN,NaN,NaN,NaN,NaN,NaN,TD,WN,B,B,NaN,NaN,NaN,NaN,NaN,NaN,
2000081012,09e.2000,GILMA,TY,NN,22.1,237.3,25,1005,291,5,291,5,NaN,NaN,NaN,NaN,NaN,NaN,NaN,NaN,NaN,NaN,TD,WN,B,B,NaN,NaN,NaN,NaN,NaN,NaN,
2000081018,09e.2000,GILMA,TY,NN,22.2,236.8,25,1006,282,5,282,5,NaN,NaN,NaN,NaN,NaN,NaN,NaN,NaN,NaN,NaN,TD,WN,B,B,NaN,NaN,NaN,NaN,NaN,NaN,
2000081100,09e.2000,GILMA,TY,NN,22.3,236.4,25,1007,283,4,283,4,NaN,NaN,NaN,NaN,NaN,NaN,NaN,NaN,NaN,NaN,TD,WN,B,B,NaN,NaN,NaN,NaN,NaN,NaN,
2000081018,10e.2000,HECTOR,TY,NN,17.8,253.4,25,1006,272,12,272,12,NaN,NaN,NaN,NaN,NaN,NaN,NaN,NaN,NaN,NaN,TD,WN,B,B,NaN,NaN,NaN,NaN,NaN,NaN,
2000081100,10e.2000,HECTOR,TY,NN,17.7,251.9,25,1005,272,12,272,12,NaN,NaN,NaN,NaN,NaN,NaN,NaN,NaN,NaN,NaN,TD,WN,B,B,NaN,NaN,NaN,NaN,NaN,NaN,
2000081106,10e.2000,HECTOR,TY,NN,17.9,250.8,25,1003,272,12,272,12,NaN,NaN,NaN,NaN,NaN,NaN,NaN,NaN,NaN,NaN,TD,WN,B,B,NaN,NaN,NaN,NaN,NaN,NaN,
2000081112,10e.2000,HECTOR,TY,NN,18.1,249.6,30,1003,280,11,280,11,NaN,NaN,NaN,NaN,NaN,NaN,NaN,NaN,NaN,NaN,TD,WN,B,B,NaN,NaN,NaN,NaN,NaN,NaN,
2000081118,10e.2000,HECTOR,TY,NN,18.3,248.3,30,1003,280,12,280,12,NaN,NaN,NaN,NaN,NaN,NaN,NaN,NaN,NaN,NaN,TD,WN,B,B,NaN,NaN,NaN,NaN,NaN,NaN,
2000081200,10e.2000,HECTOR,TY,NN,18.5,247.1,35,1002,280,12,280,12,NaN,NaN,NaN,NaN,NaN,NaN,NaN,NaN,NaN,NaN,TS,WN,B,B,NaN,NaN,NaN,NaN,NaN,NaN,
2000081206,10e.2000,HECTOR,TY,NN,18.5,245.9,40,1001,275,11,275,11,NaN,NaN,NaN,NaN,NaN,NaN,NaN,NaN,NaN,NaN,TS,WN,B,B,NaN,NaN,NaN,NaN,NaN,NaN,
2000081212,10e.2000,HECTOR,TY,NN,18.4,244.9,45,999,267,10,267,10,NaN,NaN,NaN,NaN,NaN,NaN,NaN,NaN,NaN,NaN,TS,WN,B,B,NaN,NaN,NaN,NaN,NaN,NaN,
2000081218,10e.2000,HECTOR,TY,NN,18.2,244.2,50,997,259,8,259,8,NaN,NaN,NaN,NaN,NaN,NaN,NaN,NaN,NaN,NaN,TS,WN,B,B,NaN,NaN,NaN,NaN,NaN,NaN,
2000081300,10e.2000,HECTOR,TY,NN,18.1,243.5,50,996,257,7,257,7,NaN,NaN,NaN,NaN,NaN,NaN,NaN,NaN,NaN,NaN,TS,WN,B,B,NaN,NaN,NaN,NaN,NaN,NaN,
2000081306,10e.2000,HECTOR,TY,NN,18.2,242.8,55,994,270,7,270,7,NaN,NaN,NaN,NaN,NaN,NaN,NaN,NaN,NaN,NaN,TS,WN,B,B,NaN,NaN,NaN,NaN,NaN,NaN,
2000081312,10e.2000,HECTOR,TY,NN,18.2,242.3,55,993,275,6,275,6,NaN,NaN,NaN,NaN,NaN,NaN,NaN,NaN,NaN,NaN,TS,WN,B,B,NaN,NaN,NaN,NaN,NaN,NaN,
2000081318,10e.2000,HECTOR,TY,NN,18.3,241.9,60,990,277,4,277,4,NaN,NaN,NaN,NaN,NaN,NaN,NaN,NaN,NaN,NaN,TS,WN,B,B,NaN,NaN,NaN,NaN,NaN,NaN,
2000081400,10e.2000,HECTOR,TY,NN,18.4,241.6,65,986,287,3,287,3,NaN,NaN,NaN,NaN,NaN,NaN,NaN,NaN,NaN,NaN,TY,WN,B,B,NaN,NaN,NaN,NaN,NaN,NaN,
2000081406,10e.2000,HECTOR,TY,NN,18.7,241.1,65,985,298,4,298,4,NaN,NaN,NaN,NaN,NaN,NaN,NaN,NaN,NaN,NaN,TY,WN,B,B,NaN,NaN,NaN,NaN,NaN,NaN,
2000081412,10e.2000,HECTOR,TY,NN,19.1,240.7,70,983,309,6,309,6,NaN,NaN,NaN,NaN,NaN,NaN,NaN,NaN,NaN,NaN,TY,WN,B,B,NaN,NaN,NaN,NaN,NaN,NaN,
2000081418,10e.2000,HECTOR,TY,NN,19.5,240.1,70,984,310,6,310,6,NaN,NaN,NaN,NaN,NaN,NaN,NaN,NaN,NaN,NaN,TY,WN,B,B,NaN,NaN,NaN,NaN,NaN,NaN,
2000081500,10e.2000,HECTOR,TY,NN,20.0,239.5,65,987,309,7,309,7,NaN,NaN,NaN,NaN,NaN,NaN,NaN,NaN,NaN,NaN,TY,WN,B,B,NaN,NaN,NaN,NaN,NaN,NaN,
2000081506,10e.2000,HECTOR,TY,NN,20.3,238.8,60,990,303,7,303,7,NaN,NaN,NaN,NaN,NaN,NaN,NaN,NaN,NaN,NaN,TS,WN,B,B,NaN,NaN,NaN,NaN,NaN,NaN,
2000081512,10e.2000,HECTOR,TY,NN,20.3,237.9,55,994,281,8,281,8,NaN,NaN,NaN,NaN,NaN,NaN,NaN,NaN,NaN,NaN,TS,WN,B,B,NaN,NaN,NaN,NaN,NaN,NaN,
2000081518,10e.2000,HECTOR,TY,NN,20.2,237.0,45,998,267,8,267,8,NaN,NaN,NaN,NaN,NaN,NaN,NaN,NaN,NaN,NaN,TS,WN,B,B,NaN,NaN,NaN,NaN,NaN,NaN,
2000081600,10e.2000,HECTOR,TY,NN,20.0,236.1,35,1000,260,9,260,9,NaN,NaN,NaN,NaN,NaN,NaN,NaN,NaN,NaN,NaN,TS,WN,B,B,NaN,NaN,NaN,NaN,NaN,NaN,
2000081606,10e.2000,HECTOR,TY,NN,20.0,235.0,30,1004,264,9,264,9,NaN,NaN,NaN,NaN,NaN,NaN,NaN,NaN,NaN,NaN,TD,WN,B,B,NaN,NaN,NaN,NaN,NaN,NaN,
2000081612,10e.2000,HECTOR,TY,NN,20.0,233.4,25,1005,270,13,270,13,NaN,NaN,NaN,NaN,NaN,NaN,NaN,NaN,NaN,NaN,TD,WN,B,B,NaN,NaN,NaN,NaN,NaN,NaN,
2000081618,10e.2000,HECTOR,TY,NN,20.0,232.0,25,1006,270,14,270,14,NaN,NaN,NaN,NaN,NaN,NaN,NaN,NaN,NaN,NaN,TD,WN,B,B,NaN,NaN,NaN,NaN,NaN,NaN,
2000081318,11e.2000,ILEANA,TS,NN,17.1,256.0,30,1005,310,10,310,10,NaN,NaN,NaN,NaN,NaN,NaN,NaN,NaN,NaN,NaN,TD,WN,B,B,NaN,NaN,NaN,NaN,NaN,NaN,
2000081400,11e.2000,ILEANA,TS,NN,17.7,255.3,35,1004,310,10,310,10,NaN,NaN,NaN,NaN,NaN,NaN,NaN,NaN,NaN,NaN,TS,WN,B,B,NaN,NaN,NaN,NaN,NaN,NaN,
2000081406,11e.2000,ILEANA,TS,NN,18.4,254.4,35,1003,310,10,310,10,NaN,NaN,NaN,NaN,NaN,NaN,NaN,NaN,NaN,NaN,TS,WN,B,B,NaN,NaN,NaN,NaN,NaN,NaN,
2000081412,11e.2000,ILEANA,TS,NN,19.1,253.6,40,1000,311,11,311,11,NaN,NaN,NaN,NaN,NaN,NaN,NaN,NaN,NaN,NaN,TS,WN,B,B,NaN,NaN,NaN,NaN,NaN,NaN,
2000081418,11e.2000,ILEANA,TS,NN,19.9,253.0,50,998,319,10,319,10,NaN,NaN,NaN,NaN,NaN,NaN,NaN,NaN,NaN,NaN,TS,WN,B,B,NaN,NaN,NaN,NaN,NaN,NaN,
2000081500,11e.2000,ILEANA,TS,NN,20.8,252.4,55,992,326,10,326,10,NaN,NaN,NaN,NaN,NaN,NaN,NaN,NaN,NaN,NaN,TS,WN,B,B,NaN,NaN,NaN,NaN,NaN,NaN,
2000081506,11e.2000,ILEANA,TS,NN,21.5,251.5,60,991,319,11,319,11,NaN,NaN,NaN,NaN,NaN,NaN,NaN,NaN,NaN,NaN,TS,WN,B,B,NaN,NaN,NaN,NaN,NaN,NaN,
2000081512,11e.2000,ILEANA,TS,NN,22.0,250.5,60,991,304,11,304,11,NaN,NaN,NaN,NaN,NaN,NaN,NaN,NaN,NaN,NaN,TS,WN,B,B,NaN,NaN,NaN,NaN,NaN,NaN,
2000081518,11e.2000,ILEANA,TS,NN,22.1,249.4,60,991,287,10,287,10,NaN,NaN,NaN,NaN,NaN,NaN,NaN,NaN,NaN,NaN,TS,WN,B,B,NaN,NaN,NaN,NaN,NaN,NaN,
2000081600,11e.2000,ILEANA,TS,NN,22.3,248.5,60,992,279,9,279,9,NaN,NaN,NaN,NaN,NaN,NaN,NaN,NaN,NaN,NaN,TS,WN,B,B,NaN,NaN,NaN,NaN,NaN,NaN,
2000081606,11e.2000,ILEANA,TS,NN,22.5,247.5,55,994,283,9,283,9,NaN,NaN,NaN,NaN,NaN,NaN,NaN,NaN,NaN,NaN,TS,WN,B,B,NaN,NaN,NaN,NaN,NaN,NaN,
2000081612,11e.2000,ILEANA,TS,NN,22.7,246.9,35,1000,285,8,285,8,NaN,NaN,NaN,NaN,NaN,NaN,NaN,NaN,NaN,NaN,TS,WN,B,B,NaN,NaN,NaN,NaN,NaN,NaN,
2000081618,11e.2000,ILEANA,TS,NN,23.0,246.4,30,1005,296,6,296,6,NaN,NaN,NaN,NaN,NaN,NaN,NaN,NaN,NaN,NaN,TD,WN,B,B,NaN,NaN,NaN,NaN,NaN,NaN,
2000081700,11e.2000,ILEANA,TS,NN,23.3,245.5,25,1007,295,7,295,7,NaN,NaN,NaN,NaN,NaN,NaN,NaN,NaN,NaN,NaN,TD,WN,B,B,NaN,NaN,NaN,NaN,NaN,NaN,
2000082806,e12.2000,9X-E12,TS,NN,14.9,222.6,30,1007,303,5,303,5,NaN,NaN,NaN,NaN,NaN,NaN,NaN,NaN,NaN,NaN,TD,NW,B,B,NaN,NaN,NaN,NaN,NaN,NaN,
2000082812,12e.2000,JOHN,TS,NN,15.1,222.2,35,1005,303,5,303,5,NaN,NaN,NaN,NaN,NaN,NaN,NaN,NaN,NaN,NaN,TS,WN,B,B,NaN,NaN,NaN,NaN,NaN,NaN,
2000082818,12e.2000,JOHN,TS,NN,15.4,221.8,45,1003,303,5,303,5,NaN,NaN,NaN,NaN,NaN,NaN,NaN,NaN,NaN,NaN,TS,WN,B,B,NaN,NaN,NaN,NaN,NaN,NaN,
2000082900,12e.2000,JOHN,TS,NN,15.7,221.5,55,1001,312,5,312,5,NaN,NaN,NaN,NaN,NaN,NaN,NaN,NaN,NaN,NaN,TS,WN,B,B,NaN,NaN,NaN,NaN,NaN,NaN,
2000082906,12e.2000,JOHN,TS,NN,16.1,221.1,55,1000,316,5,316,5,NaN,NaN,NaN,NaN,NaN,NaN,NaN,NaN,NaN,NaN,TS,WN,B,B,NaN,NaN,NaN,NaN,NaN,NaN,
2000082912,12e.2000,JOHN,TS,NN,16.6,220.8,55,999,323,6,323,6,NaN,NaN,NaN,NaN,NaN,NaN,NaN,NaN,NaN,NaN,TS,WN,B,B,NaN,NaN,NaN,NaN,NaN,NaN,
2000082918,12e.2000,JOHN,TS,NN,16.8,220.3,55,998,312,5,312,5,NaN,NaN,NaN,NaN,NaN,NaN,NaN,NaN,NaN,NaN,TS,WN,B,B,NaN,NaN,NaN,NaN,NaN,NaN,
2000083000,12e.2000,JOHN,TS,NN,16.9,219.9,55,997,289,5,289,5,NaN,NaN,NaN,NaN,NaN,NaN,NaN,NaN,NaN,NaN,TS,WN,B,B,NaN,NaN,NaN,NaN,NaN,NaN,
2000083006,12e.2000,JOHN,TS,NN,17.1,219.6,55,996,294,4,294,4,NaN,NaN,NaN,NaN,NaN,NaN,NaN,NaN,NaN,NaN,TS,WN,B,B,NaN,NaN,NaN,NaN,NaN,NaN,
2000083012,12e.2000,JOHN,TS,NN,17.2,219.5,55,996,308,2,308,2,NaN,NaN,NaN,NaN,NaN,NaN,NaN,NaN,NaN,NaN,TS,WN,B,B,NaN,NaN,NaN,NaN,NaN,NaN,
2000083018,12e.2000,JOHN,TS,NN,17.3,219.6,60,994,360,1,360,1,NaN,NaN,NaN,NaN,NaN,NaN,NaN,NaN,NaN,NaN,TS,WN,B,B,NaN,NaN,NaN,NaN,NaN,NaN,
2000083100,12e.2000,JOHN,TS,NN,17.4,219.7,55,996,44,1,44,1,NaN,NaN,NaN,NaN,NaN,NaN,NaN,NaN,NaN,NaN,TS,WN,B,B,NaN,NaN,NaN,NaN,NaN,NaN,
2000083106,12e.2000,JOHN,TS,NN,17.2,219.4,45,999,242,1,242,1,NaN,NaN,NaN,NaN,NaN,NaN,NaN,NaN,NaN,NaN,TS,WN,B,B,NaN,NaN,NaN,NaN,NaN,NaN,
2000083112,12e.2000,JOHN,TS,NN,17.0,218.8,35,1004,245,5,245,5,NaN,NaN,NaN,NaN,NaN,NaN,NaN,NaN,NaN,NaN,TS,WN,B,B,NaN,NaN,NaN,NaN,NaN,NaN,
2000083118,12e.2000,JOHN,TS,NN,17.1,218.3,35,1006,265,5,265,5,NaN,NaN,NaN,NaN,NaN,NaN,NaN,NaN,NaN,NaN,TS,WN,B,B,NaN,NaN,NaN,NaN,NaN,NaN,
2000090100,12e.2000,JOHN,TS,NN,17.3,218.1,30,1006,294,4,294,4,NaN,NaN,NaN,NaN,NaN,NaN,NaN,NaN,NaN,NaN,TD,WN,B,B,NaN,NaN,NaN,NaN,NaN,NaN,
2000090106,12e.2000,JOHN,TS,NN,17.4,218.1,30,1008,328,2,328,2,NaN,NaN,NaN,NaN,NaN,NaN,NaN,NaN,NaN,NaN,TD,WN,B,B,NaN,NaN,NaN,NaN,NaN,NaN,
2000090112,12e.2000,JOHN,TS,NN,17.5,218.1,25,1008,360,1,360,1,NaN,NaN,NaN,NaN,NaN,NaN,NaN,NaN,NaN,NaN,TD,WN,B,B,NaN,NaN,NaN,NaN,NaN,NaN,
2000083100,e13.2000,9X-E13,TS,NN,13.0,228.6,25,1008,289,6,289,6,NaN,NaN,NaN,NaN,NaN,NaN,NaN,NaN,NaN,NaN,TD,NW,B,B,NaN,NaN,NaN,NaN,NaN,NaN,
2000083106,e13.2000,9X-E13,TS,NN,13.2,227.8,25,1008,289,6,289,6,NaN,NaN,NaN,NaN,NaN,NaN,NaN,NaN,NaN,NaN,TD,NW,B,B,NaN,NaN,NaN,NaN,NaN,NaN,
2000083112,13e.2000,KRISTY,TS,NN,13.4,227.4,30,1008,289,6,289,6,NaN,NaN,NaN,NaN,NaN,NaN,NaN,NaN,NaN,NaN,TD,WN,B,B,NaN,NaN,NaN,NaN,NaN,NaN,
2000083118,13e.2000,KRISTY,TS,NN,13.5,227.0,30,1007,291,4,291,4,NaN,NaN,NaN,NaN,NaN,NaN,NaN,NaN,NaN,NaN,TD,WN,B,B,NaN,NaN,NaN,NaN,NaN,NaN,
2000090100,13e.2000,KRISTY,TS,NN,13.7,226.8,30,1007,297,3,297,3,NaN,NaN,NaN,NaN,NaN,NaN,NaN,NaN,NaN,NaN,TD,WN,B,B,NaN,NaN,NaN,NaN,NaN,NaN,
2000090106,13e.2000,KRISTY,TS,NN,13.8,226.8,30,1007,327,2,327,2,NaN,NaN,NaN,NaN,NaN,NaN,NaN,NaN,NaN,NaN,TD,WN,B,B,NaN,NaN,NaN,NaN,NaN,NaN,
2000090112,13e.2000,KRISTY,TS,NN,13.8,226.7,30,1006,316,1,316,1,NaN,NaN,NaN,NaN,NaN,NaN,NaN,NaN,NaN,NaN,TD,WN,B,B,NaN,NaN,NaN,NaN,NaN,NaN,
2000090118,13e.2000,KRISTY,TS,NN,13.5,226.7,30,1006,198,2,198,2,NaN,NaN,NaN,NaN,NaN,NaN,NaN,NaN,NaN,NaN,TD,WN,B,B,NaN,NaN,NaN,NaN,NaN,NaN,
2000090200,13e.2000,KRISTY,TS,NN,13.2,226.7,35,1004,180,3,180,3,NaN,NaN,NaN,NaN,NaN,NaN,NaN,NaN,NaN,NaN,TS,WN,B,B,NaN,NaN,NaN,NaN,NaN,NaN,
2000090206,13e.2000,KRISTY,TS,NN,13.2,226.5,35,1005,213,2,213,2,NaN,NaN,NaN,NaN,NaN,NaN,NaN,NaN,NaN,NaN,TS,WN,B,B,NaN,NaN,NaN,NaN,NaN,NaN,
2000090212,13e.2000,KRISTY,TS,NN,13.6,226.6,35,1006,346,2,346,2,NaN,NaN,NaN,NaN,NaN,NaN,NaN,NaN,NaN,NaN,TS,WN,B,B,NaN,NaN,NaN,NaN,NaN,NaN,
2000090218,13e.2000,KRISTY,TS,NN,14.3,226.8,30,1007,15,6,15,6,NaN,NaN,NaN,NaN,NaN,NaN,NaN,NaN,NaN,NaN,TD,WN,B,B,NaN,NaN,NaN,NaN,NaN,NaN,
2000090300,13e.2000,KRISTY,TS,NN,14.7,226.8,25,1007,10,6,10,6,NaN,NaN,NaN,NaN,NaN,NaN,NaN,NaN,NaN,NaN,TD,WN,B,B,NaN,NaN,NaN,NaN,NaN,NaN,
2000090312,e14.2000,9X-E14,TY,NN,14.3,262.2,25,1007,290,5,278,2,NaN,NaN,NaN,NaN,NaN,NaN,NaN,NaN,NaN,NaN,TD,NW,C,C,120,1009,NaN,M,30,NaN,
2000090318,e14.2000,9X-E14,TY,NN,14.5,261.7,25,1007,290,5,278,2,NaN,NaN,NaN,NaN,NaN,NaN,NaN,NaN,NaN,NaN,TD,NW,C,C,120,1009,NaN,M,30,NaN,
2000090400,e14.2000,9X-E14,TY,NN,14.5,261.6,25,1007,290,5,278,2,NaN,NaN,NaN,NaN,NaN,NaN,NaN,NaN,NaN,NaN,TD,NW,C,C,120,1009,NaN,M,30,NaN,
2000090406,e14.2000,9X-E14,TY,NN,14.4,261.6,25,1007,290,5,278,2,NaN,NaN,NaN,NaN,NaN,NaN,NaN,NaN,NaN,NaN,TD,NW,C,C,120,1009,NaN,M,30,NaN,
2000090412,e14.2000,9X-E14,TY,NN,14.4,261.5,25,1007,270,2,278,2,NaN,NaN,NaN,NaN,NaN,NaN,NaN,NaN,NaN,NaN,TD,NW,C,C,120,1009,NaN,M,30,NaN,
2000090418,e14.2000,9X-E14,TY,NN,14.9,259.8,25,1006,270,2,282,4,NaN,NaN,NaN,NaN,NaN,NaN,NaN,NaN,NaN,NaN,TD,NW,C,C,120,1009,NaN,M,30,NaN,
2000090500,e14.2000,9X-E14,TY,NN,15.4,257.8,25,1007,280,14,280,14,NaN,NaN,NaN,NaN,NaN,NaN,NaN,NaN,NaN,NaN,TD,NW,B,B,NaN,NaN,NaN,NaN,NaN,NaN,
2000090506,e14.2000,9X-E14,TY,NN,15.7,256.4,30,1007,280,14,280,14,NaN,NaN,NaN,NaN,NaN,NaN,NaN,NaN,NaN,NaN,TD,NW,B,B,NaN,NaN,NaN,NaN,NaN,NaN,
2000090512,14e.2000,LANE,TY,NN,15.9,254.9,35,1004,280,14,280,14,NaN,NaN,NaN,NaN,NaN,NaN,NaN,NaN,NaN,NaN,TS,WN,B,B,NaN,NaN,NaN,NaN,NaN,NaN,
2000090518,14e.2000,LANE,TY,NN,16.0,253.7,40,1002,277,13,277,13,NaN,NaN,NaN,NaN,NaN,NaN,NaN,NaN,NaN,NaN,TS,WN,B,B,NaN,NaN,NaN,NaN,NaN,NaN,
2000090600,14e.2000,LANE,TY,NN,15.8,252.9,45,1000,267,10,267,10,NaN,NaN,NaN,NaN,NaN,NaN,NaN,NaN,NaN,NaN,TS,WN,B,B,NaN,NaN,NaN,NaN,NaN,NaN,
2000090606,14e.2000,LANE,TY,NN,15.4,252.1,45,1000,249,8,249,8,NaN,NaN,NaN,NaN,NaN,NaN,NaN,NaN,NaN,NaN,TS,WN,B,B,NaN,NaN,NaN,NaN,NaN,NaN,
2000090612,14e.2000,LANE,TY,NN,14.8,251.7,50,997,229,8,229,8,NaN,NaN,NaN,NaN,NaN,NaN,NaN,NaN,NaN,NaN,TS,WN,B,B,NaN,NaN,NaN,NaN,NaN,NaN,
2000090618,14e.2000,LANE,TY,NN,14.3,251.5,50,998,208,6,208,6,NaN,NaN,NaN,NaN,NaN,NaN,NaN,NaN,NaN,NaN,TS,WN,B,B,NaN,NaN,NaN,NaN,NaN,NaN,
2000090700,14e.2000,LANE,TY,NN,13.8,251.7,45,1000,180,5,180,5,NaN,NaN,NaN,NaN,NaN,NaN,NaN,NaN,NaN,NaN,TS,WN,B,B,NaN,NaN,NaN,NaN,NaN,NaN,
2000090706,14e.2000,LANE,TY,NN,13.5,252.0,40,1000,149,5,149,5,NaN,NaN,NaN,NaN,NaN,NaN,NaN,NaN,NaN,NaN,TS,WN,B,B,NaN,NaN,NaN,NaN,NaN,NaN,
2000090712,14e.2000,LANE,TY,NN,13.9,252.2,40,1000,78,2,78,2,NaN,NaN,NaN,NaN,NaN,NaN,NaN,NaN,NaN,NaN,TS,WN,B,B,NaN,NaN,NaN,NaN,NaN,NaN,
2000090718,14e.2000,LANE,TY,NN,14.5,252.3,45,999,16,5,16,5,NaN,NaN,NaN,NaN,NaN,NaN,NaN,NaN,NaN,NaN,TS,WN,B,B,NaN,NaN,NaN,NaN,NaN,NaN,
2000090800,14e.2000,LANE,TY,NN,15.1,252.0,45,998,351,6,351,6,NaN,NaN,NaN,NaN,NaN,NaN,NaN,NaN,NaN,NaN,TS,WN,B,B,NaN,NaN,NaN,NaN,NaN,NaN,
2000090806,14e.2000,LANE,TY,NN,15.5,251.7,50,994,330,6,330,6,NaN,NaN,NaN,NaN,NaN,NaN,NaN,NaN,NaN,NaN,TS,WN,B,B,NaN,NaN,NaN,NaN,NaN,NaN,
2000090812,14e.2000,LANE,TY,NN,15.9,251.4,55,991,324,5,324,5,NaN,NaN,NaN,NaN,NaN,NaN,NaN,NaN,NaN,NaN,TS,WN,B,B,NaN,NaN,NaN,NaN,NaN,NaN,
2000090818,14e.2000,LANE,TY,NN,16.4,251.1,60,987,327,5,327,5,NaN,NaN,NaN,NaN,NaN,NaN,NaN,NaN,NaN,NaN,TS,WN,B,B,NaN,NaN,NaN,NaN,NaN,NaN,
2000090900,14e.2000,LANE,TY,NN,17.1,250.6,65,983,327,7,327,7,NaN,NaN,NaN,NaN,NaN,NaN,NaN,NaN,NaN,NaN,TY,WN,B,B,NaN,NaN,NaN,NaN,NaN,NaN,
2000090906,14e.2000,LANE,TY,NN,17.9,250.0,70,978,325,9,325,9,NaN,NaN,NaN,NaN,NaN,NaN,NaN,NaN,NaN,NaN,TY,WN,B,B,NaN,NaN,NaN,NaN,NaN,NaN,
2000090912,14e.2000,LANE,TY,NN,18.6,249.4,75,974,323,9,323,9,NaN,NaN,NaN,NaN,NaN,NaN,NaN,NaN,NaN,NaN,TY,WN,B,B,NaN,NaN,NaN,NaN,NaN,NaN,
2000090918,14e.2000,LANE,TY,NN,19.5,248.6,80,970,320,10,320,10,NaN,NaN,NaN,NaN,NaN,NaN,NaN,NaN,NaN,NaN,TY,WN,B,B,NaN,NaN,NaN,NaN,NaN,NaN,
2000091000,14e.2000,LANE,TY,NN,20.2,247.5,85,968,312,12,312,12,NaN,NaN,NaN,NaN,NaN,NaN,NaN,NaN,NaN,NaN,TY,WN,B,B,NaN,NaN,NaN,NaN,NaN,NaN,
2000091006,14e.2000,LANE,TY,NN,20.5,246.5,85,967,297,11,297,11,NaN,NaN,NaN,NaN,NaN,NaN,NaN,NaN,NaN,NaN,TY,WN,B,B,NaN,NaN,NaN,NaN,NaN,NaN,
2000091012,14e.2000,LANE,TY,NN,20.9,245.6,85,968,291,10,291,10,NaN,NaN,NaN,NaN,NaN,NaN,NaN,NaN,NaN,NaN,TY,WN,B,B,NaN,NaN,NaN,NaN,NaN,NaN,
2000091018,14e.2000,LANE,TY,NN,21.3,244.9,85,969,298,8,298,8,NaN,NaN,NaN,NaN,NaN,NaN,NaN,NaN,NaN,NaN,TY,WN,B,B,NaN,NaN,NaN,NaN,NaN,NaN,
2000091100,14e.2000,LANE,TY,NN,21.7,244.2,80,971,302,8,302,8,NaN,NaN,NaN,NaN,NaN,NaN,NaN,NaN,NaN,NaN,TY,WN,B,B,NaN,NaN,NaN,NaN,NaN,NaN,
2000091106,14e.2000,LANE,TY,NN,22.2,243.1,75,975,298,9,298,9,NaN,NaN,NaN,NaN,NaN,NaN,NaN,NaN,NaN,NaN,TY,WN,B,B,NaN,NaN,NaN,NaN,NaN,NaN,
2000091112,14e.2000,LANE,TY,NN,22.6,242.1,65,983,295,11,295,11,NaN,NaN,NaN,NaN,NaN,NaN,NaN,NaN,NaN,NaN,TY,WN,B,B,NaN,NaN,NaN,NaN,NaN,NaN,
2000091118,14e.2000,LANE,TY,NN,23.0,241.0,60,987,292,10,292,10,NaN,NaN,NaN,NaN,NaN,NaN,NaN,NaN,NaN,NaN,TS,WN,B,B,NaN,NaN,NaN,NaN,NaN,NaN,
2000091200,14e.2000,LANE,TY,NN,23.5,240.0,55,991,295,11,295,11,NaN,NaN,NaN,NaN,NaN,NaN,NaN,NaN,NaN,NaN,TS,WN,B,B,NaN,NaN,NaN,NaN,NaN,NaN,
2000091206,14e.2000,LANE,TY,NN,24.2,239.1,50,994,305,11,305,11,NaN,NaN,NaN,NaN,NaN,NaN,NaN,NaN,NaN,NaN,TS,WN,B,B,NaN,NaN,NaN,NaN,NaN,NaN,
2000091212,14e.2000,LANE,TY,NN,25.0,238.3,45,996,314,11,314,11,NaN,NaN,NaN,NaN,NaN,NaN,NaN,NaN,NaN,NaN,TS,WN,B,B,NaN,NaN,NaN,NaN,NaN,NaN,
2000091218,14e.2000,LANE,TY,NN,25.8,237.6,45,998,320,10,320,10,NaN,NaN,NaN,NaN,NaN,NaN,NaN,NaN,NaN,NaN,TS,WN,B,B,NaN,NaN,NaN,NaN,NaN,NaN,
2000091300,14e.2000,LANE,TY,NN,26.7,237.0,40,1000,325,10,325,10,NaN,NaN,NaN,NaN,NaN,NaN,NaN,NaN,NaN,NaN,TS,WN,B,B,NaN,NaN,NaN,NaN,NaN,NaN,
2000091306,14e.2000,LANE,TY,NN,27.8,236.9,35,1002,343,10,343,10,NaN,NaN,NaN,NaN,NaN,NaN,NaN,NaN,NaN,NaN,TS,WN,B,B,NaN,NaN,NaN,NaN,NaN,NaN,
2000091312,14e.2000,LANE,TY,NN,29.1,237.1,30,1004,2,12,2,12,NaN,NaN,NaN,NaN,NaN,NaN,NaN,NaN,NaN,NaN,TD,WN,B,B,NaN,NaN,NaN,NaN,NaN,NaN,
2000091318,14e.2000,LANE,TY,NN,30.7,237.2,25,1005,5,15,5,15,NaN,NaN,NaN,NaN,NaN,NaN,NaN,NaN,NaN,NaN,TD,WN,B,B,NaN,NaN,NaN,NaN,NaN,NaN,
2000091400,14e.2000,LANE,TY,NN,32.2,237.8,25,1006,11,16,11,16,NaN,NaN,NaN,NaN,NaN,NaN,NaN,NaN,NaN,NaN,TD,WN,B,B,NaN,NaN,NaN,NaN,NaN,NaN,
2000091512,15e.2000,MIRIAM,TS,NN,18.2,253.0,25,1003,320,9,343,10,NaN,NaN,NaN,NaN,NaN,NaN,NaN,NaN,NaN,NaN,TD,WN,C,C,125,1008,NaN,D,60,NaN,
2000091518,15e.2000,MIRIAM,TS,NN,19.2,252.6,30,1005,349,5,349,5,NaN,NaN,NaN,NaN,NaN,NaN,NaN,NaN,NaN,NaN,TD,WN,B,B,NaN,NaN,NaN,NaN,NaN,NaN,
2000091600,15e.2000,MIRIAM,TS,NN,19.8,252.6,30,1005,349,5,349,5,NaN,NaN,NaN,NaN,NaN,NaN,NaN,NaN,NaN,NaN,TD,WN,B,B,NaN,NaN,NaN,NaN,NaN,NaN,
2000091606,15e.2000,MIRIAM,TS,NN,20.2,252.4,30,1005,349,5,349,5,NaN,NaN,NaN,NaN,NaN,NaN,NaN,NaN,NaN,NaN,TD,WN,B,B,NaN,NaN,NaN,NaN,NaN,NaN,
2000091612,15e.2000,MIRIAM,TS,NN,20.6,252.2,35,1004,335,4,335,4,NaN,NaN,NaN,NaN,NaN,NaN,NaN,NaN,NaN,NaN,TS,WN,B,B,NaN,NaN,NaN,NaN,NaN,NaN,
2000091618,15e.2000,MIRIAM,TS,NN,21.0,251.8,35,1004,325,5,325,5,NaN,NaN,NaN,NaN,NaN,NaN,NaN,NaN,NaN,NaN,TS,WN,B,B,NaN,NaN,NaN,NaN,NaN,NaN,
2000091700,15e.2000,MIRIAM,TS,NN,21.5,251.5,30,1004,324,6,324,6,NaN,NaN,NaN,NaN,NaN,NaN,NaN,NaN,NaN,NaN,TD,WN,B,B,NaN,NaN,NaN,NaN,NaN,NaN,
2000091706,15e.2000,MIRIAM,TS,NN,22.4,251.1,25,1005,335,8,335,8,NaN,NaN,NaN,NaN,NaN,NaN,NaN,NaN,NaN,NaN,TD,WN,B,B,NaN,NaN,NaN,NaN,NaN,NaN,
2000091712,15e.2000,MIRIAM,TS,NN,23.7,250.8,25,1005,344,11,344,11,NaN,NaN,NaN,NaN,NaN,NaN,NaN,NaN,NaN,NaN,TD,WN,B,B,NaN,NaN,0.03,NaN,NaN,NaN,
2000091912,e16.2000,9X-E16,TS,NN,15.9,254.1,25,1006,0,0,69,13,NaN,NaN,NaN,NaN,NaN,NaN,NaN,NaN,NaN,NaN,TD,NW,C,C,210,1010,NaN,M,60,NaN,
2000091918,16e.2000,NORMAN,TS,NN,16.6,256.6,25,1006,0,0,69,13,NaN,NaN,NaN,NaN,NaN,NaN,NaN,NaN,NaN,NaN,TD,WN,C,C,180,1010,NaN,D,60,NaN,
2000092000,16e.2000,NORMAN,TS,NN,16.8,256.6,25,1008,26,6,26,6,NaN,NaN,NaN,NaN,NaN,NaN,NaN,NaN,NaN,NaN,TD,WN,B,B,NaN,NaN,NaN,NaN,NaN,NaN,
2000092006,16e.2000,NORMAN,TS,NN,17.2,256.8,30,1007,26,6,26,6,NaN,NaN,NaN,NaN,NaN,NaN,NaN,NaN,NaN,NaN,TD,WN,B,B,NaN,NaN,NaN,NaN,NaN,NaN,
2000092012,16e.2000,NORMAN,TS,NN,17.8,257.1,40,1005,26,6,26,6,NaN,NaN,NaN,NaN,NaN,NaN,NaN,NaN,NaN,NaN,TS,WN,B,B,NaN,NaN,0.34,NaN,NaN,NaN,
2000092018,16e.2000,NORMAN,TS,NN,18.3,256.9,45,998,5,6,5,6,NaN,NaN,NaN,NaN,NaN,NaN,NaN,NaN,NaN,NaN,TS,WN,B,B,NaN,NaN,0.84,NaN,NaN,NaN,
2000092100,16e.2000,NORMAN,TS,NN,18.6,256.5,35,1000,325,5,325,5,NaN,NaN,NaN,NaN,NaN,NaN,NaN,NaN,NaN,NaN,TS,WN,B,B,NaN,NaN,0.54,NaN,NaN,NaN,
2000092106,16e.2000,NORMAN,TS,NN,19.5,255.8,30,1004,319,8,319,8,NaN,NaN,NaN,NaN,NaN,NaN,NaN,NaN,NaN,NaN,TD,WN,B,B,NaN,NaN,0.96,NaN,NaN,NaN,
2000092112,16e.2000,NORMAN,TS,NN,20.0,255.0,30,1005,315,10,315,10,NaN,NaN,NaN,NaN,NaN,NaN,NaN,NaN,NaN,NaN,TD,WN,B,B,NaN,NaN,0.89,NaN,NaN,NaN,
2000092118,16e.2000,NORMAN,TS,NN,20.2,254.7,25,1005,304,6,304,6,NaN,NaN,NaN,NaN,NaN,NaN,NaN,NaN,NaN,NaN,TD,WN,B,B,NaN,NaN,0.45,NaN,NaN,NaN,
2000092200,16e.2000,NORMAN,TS,NN,20.7,254.3,25,1005,317,5,317,5,NaN,NaN,NaN,NaN,NaN,NaN,NaN,NaN,NaN,NaN,TD,WN,B,B,NaN,NaN,0.48,NaN,NaN,NaN,
2000092206,16e.2000,NORMAN,TS,NN,21.4,253.9,25,1005,328,7,328,7,NaN,NaN,NaN,NaN,NaN,NaN,NaN,NaN,NaN,NaN,TD,WN,B,B,NaN,NaN,0.04,NaN,NaN,NaN,
2000092212,16e.2000,NORMAN,TS,NN,22.6,253.7,25,1005,344,10,344,10,NaN,NaN,NaN,NaN,NaN,NaN,NaN,NaN,NaN,NaN,TD,WN,B,B,NaN,NaN,NaN,NaN,NaN,NaN,
2000092218,16e.2000,NORMAN,TS,NN,23.7,253.7,25,1006,355,12,355,12,NaN,NaN,NaN,NaN,NaN,NaN,NaN,NaN,NaN,NaN,TD,WN,B,B,NaN,NaN,0.62,NaN,NaN,NaN,
2000100212,17e.2000,OLIVIA,TS,NN,15.3,256.9,25,1006,270,3,270,3,NaN,NaN,NaN,NaN,NaN,NaN,NaN,NaN,NaN,NaN,TD,WN,B,B,NaN,NaN,NaN,NaN,NaN,NaN,
2000100218,17e.2000,OLIVIA,TS,NN,15.3,256.5,30,1005,270,3,270,3,NaN,NaN,NaN,NaN,NaN,NaN,NaN,NaN,NaN,NaN,TD,WN,B,B,NaN,NaN,NaN,NaN,NaN,NaN,
2000100300,17e.2000,OLIVIA,TS,NN,15.3,256.2,35,1005,270,3,270,3,NaN,NaN,NaN,NaN,NaN,NaN,NaN,NaN,NaN,NaN,TS,WN,B,B,NaN,NaN,NaN,NaN,NaN,NaN,
2000100306,17e.2000,OLIVIA,TS,NN,15.3,256.0,35,1003,270,2,270,2,NaN,NaN,NaN,NaN,NaN,NaN,NaN,NaN,NaN,NaN,TS,WN,B,B,NaN,NaN,NaN,NaN,NaN,NaN,
2000100312,17e.2000,OLIVIA,TS,NN,15.3,255.8,40,1002,270,2,270,2,NaN,NaN,NaN,NaN,NaN,NaN,NaN,NaN,NaN,NaN,TS,WN,B,B,NaN,NaN,NaN,NaN,NaN,NaN,
2000100318,17e.2000,OLIVIA,TS,NN,15.4,255.5,55,994,282,2,282,2,NaN,NaN,NaN,NaN,NaN,NaN,NaN,NaN,NaN,NaN,TS,WN,B,B,NaN,NaN,NaN,NaN,NaN,NaN,
2000100400,17e.2000,OLIVIA,TS,NN,15.5,255.2,55,994,289,3,289,3,NaN,NaN,NaN,NaN,NaN,NaN,NaN,NaN,NaN,NaN,TS,WN,B,B,NaN,NaN,NaN,NaN,NaN,NaN,
2000100406,17e.2000,OLIVIA,TS,NN,15.7,254.8,55,994,294,4,294,4,NaN,NaN,NaN,NaN,NaN,NaN,NaN,NaN,NaN,NaN,TS,WN,B,B,NaN,NaN,NaN,NaN,NaN,NaN,
2000100412,17e.2000,OLIVIA,TS,NN,15.8,254.5,55,994,294,4,294,4,NaN,NaN,NaN,NaN,NaN,NaN,NaN,NaN,NaN,NaN,TS,WN,B,B,NaN,NaN,NaN,NaN,NaN,NaN,
2000100418,17e.2000,OLIVIA,TS,NN,15.9,254.1,55,994,287,4,287,4,NaN,NaN,NaN,NaN,NaN,NaN,NaN,NaN,NaN,NaN,TS,WN,B,B,NaN,NaN,NaN,NaN,NaN,NaN,
2000100500,17e.2000,OLIVIA,TS,NN,16.0,253.5,55,994,282,5,282,5,NaN,NaN,NaN,NaN,NaN,NaN,NaN,NaN,NaN,NaN,TS,WN,B,B,NaN,NaN,NaN,NaN,NaN,NaN,
2000100506,17e.2000,OLIVIA,TS,NN,16.0,253.0,55,994,275,5,275,5,NaN,NaN,NaN,NaN,NaN,NaN,NaN,NaN,NaN,NaN,TS,WN,B,B,NaN,NaN,NaN,NaN,NaN,NaN,
2000100512,17e.2000,OLIVIA,TS,NN,15.9,252.4,50,994,265,5,265,5,NaN,NaN,NaN,NaN,NaN,NaN,NaN,NaN,NaN,NaN,TS,WN,B,B,NaN,NaN,NaN,NaN,NaN,NaN,
2000100518,17e.2000,OLIVIA,TS,NN,15.8,252.0,50,1000,258,5,258,5,NaN,NaN,NaN,NaN,NaN,NaN,NaN,NaN,NaN,NaN,TS,WN,B,B,NaN,NaN,NaN,NaN,NaN,NaN,
2000100600,17e.2000,OLIVIA,TS,NN,15.7,251.6,45,1000,255,4,255,4,NaN,NaN,NaN,NaN,NaN,NaN,NaN,NaN,NaN,NaN,TS,WN,B,B,NaN,NaN,NaN,NaN,NaN,NaN,
2000100606,17e.2000,OLIVIA,TS,NN,15.6,251.3,35,1002,253,4,253,4,NaN,NaN,NaN,NaN,NaN,NaN,NaN,NaN,NaN,NaN,TS,WN,B,B,NaN,NaN,NaN,NaN,NaN,NaN,
2000100612,17e.2000,OLIVIA,TS,NN,15.5,250.9,45,1001,253,4,253,4,NaN,NaN,NaN,NaN,NaN,NaN,NaN,NaN,NaN,NaN,TS,WN,B,B,NaN,NaN,NaN,NaN,NaN,NaN,
2000100618,17e.2000,OLIVIA,TS,NN,15.6,250.5,45,1003,270,4,270,4,NaN,NaN,NaN,NaN,NaN,NaN,NaN,NaN,NaN,NaN,TS,WN,B,B,NaN,NaN,NaN,NaN,NaN,NaN,
2000100700,17e.2000,OLIVIA,TS,NN,15.9,250.0,45,1002,295,5,295,5,NaN,NaN,NaN,NaN,NaN,NaN,NaN,NaN,NaN,NaN,TS,WN,B,B,NaN,NaN,NaN,NaN,NaN,NaN,
2000100706,17e.2000,OLIVIA,TS,NN,16.1,249.4,45,1000,295,6,295,6,NaN,NaN,NaN,NaN,NaN,NaN,NaN,NaN,NaN,NaN,TS,WN,B,B,NaN,NaN,NaN,NaN,NaN,NaN,
2000100712,17e.2000,OLIVIA,TS,NN,16.5,248.7,45,997,296,7,296,7,NaN,NaN,NaN,NaN,NaN,NaN,NaN,NaN,NaN,NaN,TS,WN,B,B,NaN,NaN,NaN,NaN,NaN,NaN,
2000100718,17e.2000,OLIVIA,TS,NN,16.9,248.1,45,994,303,7,303,7,NaN,NaN,NaN,NaN,NaN,NaN,NaN,NaN,NaN,NaN,TS,WN,B,B,NaN,NaN,NaN,NaN,NaN,NaN,
2000100800,17e.2000,OLIVIA,TS,NN,17.4,247.5,50,997,308,7,308,7,NaN,NaN,NaN,NaN,NaN,NaN,NaN,NaN,NaN,NaN,TS,WN,B,B,NaN,NaN,NaN,NaN,NaN,NaN,
2000100806,17e.2000,OLIVIA,TS,NN,17.8,246.7,55,1000,304,8,304,8,NaN,NaN,NaN,NaN,NaN,NaN,NaN,NaN,NaN,NaN,TS,WN,B,B,NaN,NaN,NaN,NaN,NaN,NaN,
2000100812,17e.2000,OLIVIA,TS,NN,18.1,246.0,50,1000,296,8,296,8,NaN,NaN,NaN,NaN,NaN,NaN,NaN,NaN,NaN,NaN,TS,WN,B,B,NaN,NaN,NaN,NaN,NaN,NaN,
2000100818,17e.2000,OLIVIA,TS,NN,18.5,245.1,40,1000,295,8,295,8,NaN,NaN,NaN,NaN,NaN,NaN,NaN,NaN,NaN,NaN,TS,WN,B,B,NaN,NaN,NaN,NaN,NaN,NaN,
2000100900,17e.2000,OLIVIA,TS,NN,18.9,244.3,35,1004,296,9,296,9,NaN,NaN,NaN,NaN,NaN,NaN,NaN,NaN,NaN,NaN,TS,WN,B,B,NaN,NaN,NaN,NaN,NaN,NaN,
2000100906,17e.2000,OLIVIA,TS,NN,19.4,243.4,30,1006,299,9,299,9,NaN,NaN,NaN,NaN,NaN,NaN,NaN,NaN,NaN,NaN,TD,WN,B,B,NaN,NaN,NaN,NaN,NaN,NaN,
2000100912,17e.2000,OLIVIA,TS,NN,19.9,242.6,30,1006,302,9,302,9,NaN,NaN,NaN,NaN,NaN,NaN,NaN,NaN,NaN,NaN,TD,WN,B,B,NaN,NaN,NaN,NaN,NaN,NaN,
2000100918,17e.2000,OLIVIA,TS,NN,20.3,242.2,30,1006,309,7,309,7,NaN,NaN,NaN,NaN,NaN,NaN,NaN,NaN,NaN,NaN,TD,WN,B,B,NaN,NaN,NaN,NaN,NaN,NaN,
2000101000,17e.2000,OLIVIA,TS,NN,20.7,241.7,25,1007,313,6,313,6,NaN,NaN,NaN,NaN,NaN,NaN,NaN,NaN,NaN,NaN,TD,WN,B,B,NaN,NaN,NaN,NaN,NaN,NaN,
2000101006,17e.2000,OLIVIA,TS,NN,21.0,241.3,20,1008,310,5,310,5,NaN,NaN,NaN,NaN,NaN,NaN,NaN,NaN,NaN,NaN,NT,NW,B,B,NaN,NaN,NaN,NaN,NaN,NaN,
2000102418,18e.2000,PAUL,TS,NN,9.5,254.5,25,1010,270,10,284,15,NaN,NaN,NaN,NaN,NaN,NaN,NaN,NaN,NaN,NaN,TD,WN,C,C,120,1013,NaN,D,45,NaN,
2000102500,18e.2000,PAUL,TS,NN,9.5,253.5,30,1009,270,10,284,15,NaN,NaN,NaN,NaN,NaN,NaN,NaN,NaN,NaN,NaN,TD,WN,C,C,120,1013,NaN,D,45,NaN,
2000102506,e18.2000,9X-E18,TS,NN,10.2,251.6,25,1007,274,14,274,14,NaN,NaN,NaN,NaN,NaN,NaN,NaN,NaN,NaN,NaN,TD,NW,B,B,NaN,NaN,NaN,NaN,NaN,NaN,
2000102512,18e.2000,PAUL,TS,NN,10.2,250.3,30,1007,274,14,274,14,NaN,NaN,NaN,NaN,NaN,NaN,NaN,NaN,NaN,NaN,TD,WN,B,B,NaN,NaN,NaN,NaN,NaN,NaN,
2000102518,18e.2000,PAUL,TS,NN,10.4,248.7,30,1007,274,14,274,14,NaN,NaN,NaN,NaN,NaN,NaN,NaN,NaN,NaN,NaN,TD,WN,B,B,NaN,NaN,NaN,NaN,NaN,NaN,
2000102600,18e.2000,PAUL,TS,NN,10.4,247.3,30,1007,274,15,274,15,NaN,NaN,NaN,NaN,NaN,NaN,NaN,NaN,NaN,NaN,TD,WN,B,B,NaN,NaN,NaN,NaN,NaN,NaN,
2000102606,18e.2000,PAUL,TS,NN,10.4,246.0,30,1007,270,13,270,13,NaN,NaN,NaN,NaN,NaN,NaN,NaN,NaN,NaN,NaN,TD,WN,B,B,NaN,NaN,NaN,NaN,NaN,NaN,
2000102612,18e.2000,PAUL,TS,NN,10.3,244.6,35,1005,268,13,268,13,NaN,NaN,NaN,NaN,NaN,NaN,NaN,NaN,NaN,NaN,TS,WN,B,B,NaN,NaN,NaN,NaN,NaN,NaN,
2000102618,18e.2000,PAUL,TS,NN,10.3,243.3,40,1003,268,13,268,13,NaN,NaN,NaN,NaN,NaN,NaN,NaN,NaN,NaN,NaN,TS,WN,B,B,NaN,NaN,NaN,NaN,NaN,NaN,
2000102700,18e.2000,PAUL,TS,NN,10.6,242.3,35,1004,278,11,278,11,NaN,NaN,NaN,NaN,NaN,NaN,NaN,NaN,NaN,NaN,TS,WN,B,B,NaN,NaN,NaN,NaN,NaN,NaN,
2000102706,18e.2000,PAUL,TS,NN,11.1,241.3,35,1005,292,11,292,11,NaN,NaN,NaN,NaN,NaN,NaN,NaN,NaN,NaN,NaN,TS,WN,B,B,NaN,NaN,NaN,NaN,NaN,NaN,
2000102712,18e.2000,PAUL,TS,NN,11.5,240.5,35,1005,297,10,297,10,NaN,NaN,NaN,NaN,NaN,NaN,NaN,NaN,NaN,NaN,TS,WN,B,B,NaN,NaN,NaN,NaN,NaN,NaN,
2000102718,18e.2000,PAUL,TS,NN,11.7,239.3,35,1005,287,10,287,10,NaN,NaN,NaN,NaN,NaN,NaN,NaN,NaN,NaN,NaN,TS,WN,B,B,NaN,NaN,NaN,NaN,NaN,NaN,
2000102800,18e.2000,PAUL,TS,NN,11.7,238.0,30,1006,275,12,275,12,NaN,NaN,NaN,NaN,NaN,NaN,NaN,NaN,NaN,NaN,TD,WN,B,B,NaN,NaN,NaN,NaN,NaN,NaN,
2000102806,18e.2000,PAUL,TS,NN,11.7,236.6,30,1006,270,13,270,13,NaN,NaN,NaN,NaN,NaN,NaN,NaN,NaN,NaN,NaN,TD,WN,B,B,NaN,NaN,NaN,NaN,NaN,NaN,
2000102812,18e.2000,PAUL,TS,NN,11.7,235.1,30,1006,270,14,270,14,NaN,NaN,NaN,NaN,NaN,NaN,NaN,NaN,NaN,NaN,TD,WN,B,B,NaN,NaN,NaN,NaN,NaN,NaN,
2000102818,18e.2000,PAUL,TS,NN,11.6,233.3,30,1006,268,16,268,16,NaN,NaN,NaN,NaN,NaN,NaN,NaN,NaN,NaN,NaN,TD,WN,B,B,NaN,NaN,NaN,NaN,NaN,NaN,
2000102900,18e.2000,PAUL,TS,NN,11.7,231.5,25,1007,270,18,270,18,NaN,NaN,NaN,NaN,NaN,NaN,NaN,NaN,NaN,NaN,TD,NW,B,B,NaN,NaN,NaN,NaN,NaN,NaN,
2000110212,e19.2000,9X-E19,TS,NN,9.0,272.5,25,1005,270,5,300,5,NaN,NaN,NaN,NaN,NaN,NaN,NaN,NaN,NaN,NaN,TD,NW,C,C,120,1007,NaN,M,40,NaN,
2000110218,e19.2000,9X-E19,TS,NN,9.2,272.1,25,1005,270,5,300,5,NaN,NaN,NaN,NaN,NaN,NaN,NaN,NaN,NaN,NaN,TD,NW,C,C,120,1008,NaN,M,40,NaN,
2000110300,e19.2000,9X-E19,TS,NN,9.5,271.8,25,1005,270,5,300,5,NaN,NaN,NaN,NaN,NaN,NaN,NaN,NaN,NaN,NaN,TD,NW,C,C,120,1008,NaN,M,40,NaN,
2000110306,e19.2000,9X-E19,TS,NN,9.8,271.4,25,1005,270,5,300,5,NaN,NaN,NaN,NaN,NaN,NaN,NaN,NaN,NaN,NaN,TD,NW,C,C,120,1008,NaN,M,40,NaN,
2000110312,e19.2000,9X-E19,TS,NN,10.0,271.0,25,1005,310,4,300,5,NaN,NaN,NaN,NaN,NaN,NaN,NaN,NaN,NaN,NaN,TD,NW,C,C,120,1009,NaN,M,40,NaN,
2000110318,19e.2000,ROSA,TS,NN,10.3,270.2,25,1005,281,10,281,10,NaN,NaN,NaN,NaN,NaN,NaN,NaN,NaN,NaN,NaN,TD,WN,B,B,NaN,NaN,NaN,NaN,NaN,NaN,
2000110400,19e.2000,ROSA,TS,NN,10.6,269.3,30,1002,281,10,281,10,NaN,NaN,NaN,NaN,NaN,NaN,NaN,NaN,NaN,NaN,TD,WN,B,B,NaN,NaN,NaN,NaN,NaN,NaN,
2000110406,19e.2000,ROSA,TS,NN,10.7,268.2,30,1002,281,10,281,10,NaN,NaN,NaN,NaN,NaN,NaN,NaN,NaN,NaN,NaN,TD,WN,B,B,NaN,NaN,NaN,NaN,NaN,NaN,
2000110412,19e.2000,ROSA,TS,NN,10.6,267.2,30,1003,270,10,270,10,NaN,NaN,NaN,NaN,NaN,NaN,NaN,NaN,NaN,NaN,TD,WN,B,B,NaN,NaN,NaN,NaN,NaN,NaN,
2000110418,19e.2000,ROSA,TS,NN,10.4,265.8,30,1003,263,12,263,12,NaN,NaN,NaN,NaN,NaN,NaN,NaN,NaN,NaN,NaN,TD,WN,B,B,NaN,NaN,NaN,NaN,NaN,NaN,
2000110500,19e.2000,ROSA,TS,NN,10.4,264.8,30,1003,265,12,265,12,NaN,NaN,NaN,NaN,NaN,NaN,NaN,NaN,NaN,NaN,TD,WN,B,B,NaN,NaN,NaN,NaN,NaN,NaN,
2000110506,19e.2000,ROSA,TS,NN,10.5,263.9,30,1003,273,9,273,9,NaN,NaN,NaN,NaN,NaN,NaN,NaN,NaN,NaN,NaN,TD,WN,B,B,NaN,NaN,NaN,NaN,NaN,NaN,
2000110512,19e.2000,ROSA,TS,NN,10.8,263.0,35,1002,283,9,283,9,NaN,NaN,NaN,NaN,NaN,NaN,NaN,NaN,NaN,NaN,TS,WN,B,B,NaN,NaN,NaN,NaN,NaN,NaN,
2000110518,19e.2000,ROSA,TS,NN,11.0,262.1,40,1001,286,9,286,9,NaN,NaN,NaN,NaN,NaN,NaN,NaN,NaN,NaN,NaN,TS,WN,B,B,NaN,NaN,NaN,NaN,NaN,NaN,
2000110600,19e.2000,ROSA,TS,NN,11.4,261.5,50,997,292,8,292,8,NaN,NaN,NaN,NaN,NaN,NaN,NaN,NaN,NaN,NaN,TS,WN,B,B,NaN,NaN,NaN,NaN,NaN,NaN,
2000110606,19e.2000,ROSA,TS,NN,11.8,261.2,55,994,312,6,312,6,NaN,NaN,NaN,NaN,NaN,NaN,NaN,NaN,NaN,NaN,TS,WN,B,B,NaN,NaN,NaN,NaN,NaN,NaN,
2000110612,19e.2000,ROSA,TS,NN,12.3,261.2,55,994,342,5,342,5,NaN,NaN,NaN,NaN,NaN,NaN,NaN,NaN,NaN,NaN,TS,WN,B,B,NaN,NaN,NaN,NaN,NaN,NaN,
2000110618,19e.2000,ROSA,TS,NN,12.7,261.3,55,993,6,5,6,5,NaN,NaN,NaN,NaN,NaN,NaN,NaN,NaN,NaN,NaN,TS,WN,B,B,NaN,NaN,NaN,NaN,NaN,NaN,
2000110700,19e.2000,ROSA,TS,NN,13.2,261.3,55,995,6,5,6,5,NaN,NaN,NaN,NaN,NaN,NaN,NaN,NaN,NaN,NaN,TS,WN,B,B,NaN,NaN,NaN,NaN,NaN,NaN,
2000110706,19e.2000,ROSA,TS,NN,13.6,261.8,50,997,28,5,28,5,NaN,NaN,NaN,NaN,NaN,NaN,NaN,NaN,NaN,NaN,TS,WN,B,B,NaN,NaN,NaN,NaN,NaN,NaN,
2000110712,19e.2000,ROSA,TS,NN,14.0,262.3,50,998,51,6,51,6,NaN,NaN,NaN,NaN,NaN,NaN,NaN,NaN,NaN,NaN,TS,WN,B,B,NaN,NaN,NaN,NaN,NaN,NaN,
2000110718,19e.2000,ROSA,TS,NN,14.5,262.7,50,1000,44,6,44,6,NaN,NaN,NaN,NaN,NaN,NaN,NaN,NaN,NaN,NaN,TS,WN,B,B,NaN,NaN,NaN,NaN,NaN,NaN,
2000110800,19e.2000,ROSA,TS,NN,15.0,263.0,45,1001,34,6,34,6,NaN,NaN,NaN,NaN,NaN,NaN,NaN,NaN,NaN,NaN,TS,WN,B,B,NaN,NaN,NaN,NaN,NaN,NaN,
2000110806,19e.2000,ROSA,TS,NN,15.5,263.5,40,1002,38,6,38,6,NaN,NaN,NaN,NaN,NaN,NaN,NaN,NaN,NaN,NaN,TS,WN,B,B,NaN,NaN,0.29,NaN,NaN,NaN,
2000110812,19e.2000,ROSA,TS,NN,16.3,264.1,25,1003,39,8,39,8,NaN,NaN,NaN,NaN,NaN,NaN,NaN,NaN,NaN,NaN,TD,WN,B,B,NaN,NaN,0.99,NaN,NaN,NaN,
2000101400,b01.2000,9X-B01,TS,NN,14.1,90.9,25,NaN,281,9,281,9,NaN,NaN,NaN,NaN,NaN,NaN,NaN,NaN,NaN,NaN,TD,NW,b,b,NaN,NaN,NaN,NaN,NaN,NaN,
2000101406,b01.2000,9X-B01,TS,NN,14.2,90.8,25,NaN,281,9,281,9,NaN,NaN,NaN,NaN,NaN,NaN,NaN,NaN,NaN,NaN,TD,NW,b,b,NaN,NaN,NaN,NaN,NaN,NaN,
2000101412,b01.2000,9X-B01,TS,NN,14.4,90.6,25,NaN,292,8,281,9,NaN,NaN,NaN,NaN,NaN,NaN,NaN,NaN,NaN,NaN,TD,NW,c,c,NaN,NaN,NaN,NaN,NaN,NaN,
2000101418,b01.2000,9X-B01,TS,NN,14.7,89.0,25,NaN,261,6,261,6,NaN,NaN,NaN,NaN,NaN,NaN,NaN,NaN,NaN,NaN,TD,NW,B,B,NaN,NaN,NaN,NaN,NaN,NaN,
2000101500,b01.2000,9X-B01,TS,NN,14.6,88.4,25,NaN,261,6,261,6,NaN,NaN,NaN,NaN,NaN,NaN,NaN,NaN,NaN,NaN,TD,NW,B,B,NaN,NaN,NaN,NaN,NaN,NaN,
2000101506,b01.2000,9X-B01,TS,NN,14.5,87.7,25,NaN,261,6,261,6,NaN,NaN,NaN,NaN,NaN,NaN,NaN,NaN,NaN,NaN,TD,NW,B,B,NaN,NaN,NaN,NaN,NaN,NaN,
2000101512,b01.2000,9X-B01,TS,NN,14.4,87.1,25,NaN,261,6,261,6,NaN,NaN,NaN,NaN,NaN,NaN,NaN,NaN,NaN,NaN,TD,NW,B,B,NaN,NaN,NaN,NaN,NaN,NaN,
2000101518,b01.2000,9X-B01,TS,NN,14.3,86.5,25,NaN,260,6,260,6,NaN,NaN,NaN,NaN,NaN,NaN,NaN,NaN,NaN,NaN,TD,NW,B,B,NaN,NaN,NaN,NaN,NaN,NaN,
2000101600,01b.2000,NONAME,TS,NN,14.2,86.0,35,NaN,259,5,259,5,NaN,NaN,NaN,NaN,NaN,NaN,NaN,NaN,NaN,NaN,TS,WN,B,B,NaN,NaN,NaN,NaN,NaN,NaN,
2000101606,01b.2000,NONAME,TS,NN,14.1,85.5,35,NaN,258,5,258,5,NaN,NaN,NaN,NaN,NaN,NaN,NaN,NaN,NaN,NaN,TS,WN,B,B,NaN,NaN,NaN,NaN,NaN,NaN,
2000101612,01b.2000,NONAME,TS,NN,14.1,85.1,35,NaN,263,4,263,4,NaN,NaN,NaN,NaN,NaN,NaN,NaN,NaN,NaN,NaN,TS,WN,B,B,NaN,NaN,NaN,NaN,NaN,NaN,
2000101618,01b.2000,NONAME,TS,NN,14.0,84.8,35,NaN,262,3,262,3,NaN,NaN,NaN,NaN,NaN,NaN,NaN,NaN,NaN,NaN,TS,WN,B,B,NaN,NaN,NaN,NaN,NaN,NaN,
2000101700,01b.2000,NONAME,TS,NN,14.0,84.4,35,NaN,262,3,262,3,NaN,NaN,NaN,NaN,NaN,NaN,NaN,NaN,NaN,NaN,TS,WN,B,B,NaN,NaN,NaN,NaN,NaN,NaN,
2000101706,01b.2000,NONAME,TS,NN,14.0,84.1,35,NaN,270,3,270,3,NaN,NaN,NaN,NaN,NaN,NaN,NaN,NaN,NaN,NaN,TS,WN,B,B,NaN,NaN,NaN,NaN,NaN,NaN,
2000101712,01b.2000,NONAME,TS,NN,14.1,83.9,30,NaN,282,2,282,2,NaN,NaN,NaN,NaN,NaN,NaN,NaN,NaN,NaN,NaN,TD,WN,B,B,NaN,NaN,NaN,NaN,NaN,NaN,
2000101718,01b.2000,NONAME,TS,NN,14.3,83.7,30,NaN,308,2,308,2,NaN,NaN,NaN,NaN,NaN,NaN,NaN,NaN,NaN,NaN,TD,WN,B,B,NaN,NaN,NaN,NaN,NaN,NaN,
2000101800,01b.2000,NONAME,TS,NN,14.6,83.4,30,NaN,316,3,316,3,NaN,NaN,NaN,NaN,NaN,NaN,NaN,NaN,NaN,NaN,TD,WN,B,B,NaN,NaN,NaN,NaN,NaN,NaN,
2000101806,01b.2000,NONAME,TS,NN,14.9,83.1,30,NaN,316,4,316,4,NaN,NaN,NaN,NaN,NaN,NaN,NaN,NaN,NaN,NaN,TD,WN,B,B,NaN,NaN,NaN,NaN,NaN,NaN,
2000101812,01b.2000,NONAME,TS,NN,15.1,82.7,25,NaN,306,4,306,4,NaN,NaN,NaN,NaN,NaN,NaN,NaN,NaN,NaN,NaN,TD,WN,B,B,NaN,NaN,NaN,NaN,NaN,NaN,
2000101818,01b.2000,NONAME,TS,NN,15.3,82.0,25,NaN,291,6,291,6,NaN,NaN,NaN,NaN,NaN,NaN,NaN,NaN,NaN,NaN,TD,NW,B,B,NaN,NaN,NaN,NaN,NaN,NaN,
2000102512,b02.2000,9X-B02,TS,NN,13.4,91.5,25,NaN,297,9,324,18,NaN,NaN,NaN,NaN,NaN,NaN,NaN,NaN,NaN,NaN,TD,NW,c,c,NaN,NaN,NaN,NaN,NaN,NaN,
2000102518,b02.2000,9X-B02,TS,NN,15.9,89.9,25,NaN,286,7,286,7,NaN,NaN,NaN,NaN,NaN,NaN,NaN,NaN,NaN,NaN,TD,NW,B,B,NaN,NaN,NaN,NaN,NaN,NaN,
2000102600,b02.2000,9X-B02,TS,NN,16.3,89.3,25,NaN,286,7,286,7,NaN,NaN,NaN,NaN,NaN,NaN,NaN,NaN,NaN,NaN,TD,NW,B,B,NaN,NaN,NaN,NaN,NaN,NaN,
2000102606,b02.2000,9X-B02,TS,NN,16.3,88.4,30,NaN,286,7,286,7,NaN,NaN,NaN,NaN,NaN,NaN,NaN,NaN,NaN,NaN,TD,NW,B,B,NaN,NaN,NaN,NaN,NaN,NaN,
2000102612,b02.2000,9X-B02,TS,NN,16.5,87.9,30,NaN,278,7,278,7,NaN,NaN,NaN,NaN,NaN,NaN,NaN,NaN,NaN,NaN,TD,NW,B,B,NaN,NaN,NaN,NaN,NaN,NaN,
2000102618,b02.2000,9X-B02,TS,NN,17.0,87.7,30,NaN,316,5,316,5,NaN,NaN,NaN,NaN,NaN,NaN,NaN,NaN,NaN,NaN,TD,NW,B,B,NaN,NaN,NaN,NaN,NaN,NaN,
2000102700,b02.2000,9X-B02,TS,NN,17.9,87.7,30,NaN,352,7,352,7,NaN,NaN,NaN,NaN,NaN,NaN,NaN,NaN,NaN,NaN,TD,NW,B,B,NaN,NaN,NaN,NaN,NaN,NaN,
2000102706,b02.2000,9X-B02,TS,NN,18.8,88.0,30,NaN,9,9,9,9,NaN,NaN,NaN,NaN,NaN,NaN,NaN,NaN,NaN,NaN,TD,NW,B,B,NaN,NaN,NaN,NaN,NaN,NaN,
2000102712,b02.2000,9X-B02,TS,NN,19.5,88.2,30,NaN,16,8,16,8,NaN,NaN,NaN,NaN,NaN,NaN,NaN,NaN,NaN,NaN,TD,NW,B,B,NaN,NaN,NaN,NaN,NaN,NaN,
2000102718,02b.2000,NONAME,TS,NN,20.3,88.4,35,NaN,14,8,14,8,NaN,NaN,NaN,NaN,NaN,NaN,NaN,NaN,NaN,NaN,TS,WN,B,B,NaN,NaN,NaN,NaN,NaN,NaN,
2000102800,02b.2000,NONAME,TS,NN,21.8,88.9,35,NaN,16,12,16,12,NaN,NaN,NaN,NaN,NaN,NaN,NaN,NaN,NaN,NaN,TS,WN,B,B,NaN,NaN,0.64,NaN,NaN,NaN,
2000102806,02b.2000,NONAME,TS,NN,23.3,89.8,20,NaN,23,16,23,16,NaN,NaN,NaN,NaN,NaN,NaN,NaN,NaN,NaN,NaN,NT,WN,B,B,NaN,NaN,0.87,NaN,NaN,NaN,
2000112600,b03.2000,9X-B03,TY,NN,8.7,92.9,25,NaN,299,7,275,12,NaN,NaN,NaN,NaN,NaN,NaN,NaN,NaN,NaN,NaN,TD,NW,c,c,NaN,NaN,0.02,NaN,NaN,NaN,
2000112606,b03.2000,9X-B03,TY,NN,8.8,91.4,30,NaN,295,12,295,12,NaN,NaN,NaN,NaN,NaN,NaN,NaN,NaN,NaN,NaN,TD,NW,B,B,NaN,NaN,NaN,NaN,NaN,NaN,
2000112612,03b.2000,NONAME,TY,NN,9.3,90.3,35,NaN,295,12,295,12,NaN,NaN,NaN,NaN,NaN,NaN,NaN,NaN,NaN,NaN,TS,WN,B,B,NaN,NaN,NaN,NaN,NaN,NaN,
2000112618,03b.2000,NONAME,TY,NN,9.8,89.2,35,NaN,295,12,295,12,NaN,NaN,NaN,NaN,NaN,NaN,NaN,NaN,NaN,NaN,TS,WN,B,B,NaN,NaN,NaN,NaN,NaN,NaN,
2000112700,03b.2000,NONAME,TY,NN,10.3,88.1,35,NaN,295,12,295,12,NaN,NaN,NaN,NaN,NaN,NaN,NaN,NaN,NaN,NaN,TS,WN,B,B,NaN,NaN,NaN,NaN,NaN,NaN,
2000112706,03b.2000,NONAME,TY,NN,10.7,86.9,45,NaN,292,12,292,12,NaN,NaN,NaN,NaN,NaN,NaN,NaN,NaN,NaN,NaN,TS,WN,B,B,NaN,NaN,NaN,NaN,NaN,NaN,
2000112712,03b.2000,NONAME,TY,NN,11.0,85.8,45,NaN,287,12,287,12,NaN,NaN,NaN,NaN,NaN,NaN,NaN,NaN,NaN,NaN,TS,WN,B,B,NaN,NaN,NaN,NaN,NaN,NaN,
2000112718,03b.2000,NONAME,TY,NN,11.2,84.5,50,NaN,282,12,282,12,NaN,NaN,NaN,NaN,NaN,NaN,NaN,NaN,NaN,NaN,TS,WN,B,B,NaN,NaN,NaN,NaN,NaN,NaN,
2000112800,03b.2000,NONAME,TY,NN,11.6,83.6,55,NaN,286,11,286,11,NaN,NaN,NaN,NaN,NaN,NaN,NaN,NaN,NaN,NaN,TS,WN,B,B,NaN,NaN,NaN,NaN,NaN,NaN,
2000112806,03b.2000,NONAME,TY,NN,11.6,82.5,55,NaN,282,10,282,10,NaN,NaN,NaN,NaN,NaN,NaN,NaN,NaN,NaN,NaN,TS,WN,B,B,NaN,NaN,NaN,NaN,NaN,NaN,
2000112812,03b.2000,NONAME,TY,NN,11.5,81.9,65,NaN,267,8,267,8,NaN,NaN,NaN,NaN,NaN,NaN,NaN,NaN,NaN,NaN,TY,WN,B,B,NaN,NaN,NaN,NaN,NaN,NaN,
2000112818,03b.2000,NONAME,TY,NN,11.5,81.4,65,NaN,265,5,265,5,NaN,NaN,NaN,NaN,NaN,NaN,NaN,NaN,NaN,NaN,TY,WN,B,B,NaN,NaN,NaN,NaN,NaN,NaN,
2000112900,03b.2000,NONAME,TY,NN,11.5,80.8,65,NaN,270,5,270,5,NaN,NaN,NaN,NaN,NaN,NaN,NaN,NaN,NaN,NaN,TY,WN,B,B,NaN,NaN,NaN,NaN,NaN,NaN,
2000112906,03b.2000,NONAME,TY,NN,11.6,80.3,65,NaN,275,5,275,5,NaN,NaN,NaN,NaN,NaN,NaN,NaN,NaN,NaN,NaN,TY,WN,B,B,NaN,NaN,NaN,NaN,NaN,NaN,
2000112912,03b.2000,NONAME,TY,NN,11.6,79.7,65,NaN,275,5,275,5,NaN,NaN,NaN,NaN,NaN,NaN,NaN,NaN,NaN,NaN,TY,WN,B,B,NaN,NaN,0.80,NaN,NaN,NaN,
2000112918,03b.2000,NONAME,TY,NN,11.5,78.7,55,NaN,266,8,266,8,NaN,NaN,NaN,NaN,NaN,NaN,NaN,NaN,NaN,NaN,TS,WN,B,B,NaN,NaN,0.98,NaN,NaN,NaN,
2000113000,03b.2000,NONAME,TY,NN,11.4,77.9,45,NaN,264,9,264,9,NaN,NaN,NaN,NaN,NaN,NaN,NaN,NaN,NaN,NaN,TS,WN,B,B,NaN,NaN,0.97,NaN,NaN,NaN,
2000113006,03b.2000,NONAME,TY,NN,11.4,77.3,35,NaN,266,7,266,7,NaN,NaN,NaN,NaN,NaN,NaN,NaN,NaN,NaN,NaN,TS,WN,B,B,NaN,NaN,0.98,NaN,NaN,NaN,
2000113012,03b.2000,NONAME,TY,NN,11.5,76.5,30,NaN,274,7,274,7,NaN,NaN,NaN,NaN,NaN,NaN,NaN,NaN,NaN,NaN,TD,WN,B,B,NaN,NaN,0.99,NaN,NaN,NaN,
2000113018,03b.2000,NONAME,TY,NN,11.5,75.7,25,NaN,274,8,274,8,NaN,NaN,NaN,NaN,NaN,NaN,NaN,NaN,NaN,NaN,TD,WN,B,B,NaN,NaN,0.38,NaN,NaN,NaN,
2000120100,03b.2000,NONAME,TY,NN,11.5,75.1,30,NaN,270,7,270,7,NaN,NaN,NaN,NaN,NaN,NaN,NaN,NaN,NaN,NaN,TD,WN,B,B,NaN,NaN,0.03,NaN,NaN,NaN,
2000120106,03b.2000,NONAME,TY,NN,11.6,74.4,30,NaN,274,6,274,6,NaN,NaN,NaN,NaN,NaN,NaN,NaN,NaN,NaN,NaN,TD,WN,B,B,NaN,NaN,NaN,NaN,NaN,NaN,
2000120112,03b.2000,NONAME,TY,NN,11.7,73.9,25,NaN,280,6,280,6,NaN,NaN,NaN,NaN,NaN,NaN,NaN,NaN,NaN,NaN,TD,WN,B,B,NaN,NaN,NaN,NaN,NaN,NaN,
2000120118,03b.2000,NONAME,TY,NN,11.8,73.2,30,NaN,280,6,280,6,NaN,NaN,NaN,NaN,NaN,NaN,NaN,NaN,NaN,NaN,TD,WN,B,B,NaN,NaN,NaN,NaN,NaN,NaN,
2000120200,03b.2000,NONAME,TY,NN,11.9,72.2,30,NaN,277,8,277,8,NaN,NaN,NaN,NaN,NaN,NaN,NaN,NaN,NaN,NaN,TD,WN,B,B,NaN,NaN,NaN,NaN,NaN,NaN,
2000120206,03b.2000,NONAME,TY,NN,11.8,70.4,30,NaN,270,14,270,14,NaN,NaN,NaN,NaN,NaN,NaN,NaN,NaN,NaN,NaN,TD,WN,B,B,NaN,NaN,NaN,NaN,NaN,NaN,
2000120212,03b.2000,NONAME,TY,NN,11.7,69.8,30,NaN,265,12,265,12,NaN,NaN,NaN,NaN,NaN,NaN,NaN,NaN,NaN,NaN,TD,WN,B,B,NaN,NaN,NaN,NaN,NaN,NaN,
2000120218,03b.2000,NONAME,TY,NN,11.6,69.0,30,NaN,262,7,262,7,NaN,NaN,NaN,NaN,NaN,NaN,NaN,NaN,NaN,NaN,TD,WN,B,B,NaN,NaN,NaN,NaN,NaN,NaN,
2000120300,03b.2000,NONAME,TY,NN,11.3,68.5,30,NaN,253,7,253,7,NaN,NaN,NaN,NaN,NaN,NaN,NaN,NaN,NaN,NaN,TD,WN,B,B,NaN,NaN,NaN,NaN,NaN,NaN,
2000120306,03b.2000,NONAME,TY,NN,11.2,66.8,35,NaN,259,11,259,11,NaN,NaN,NaN,NaN,NaN,NaN,NaN,NaN,NaN,NaN,TS,WN,B,B,NaN,NaN,NaN,NaN,NaN,NaN,
2000120312,03b.2000,NONAME,TY,NN,11.2,65.7,35,NaN,268,14,268,14,NaN,NaN,NaN,NaN,NaN,NaN,NaN,NaN,NaN,NaN,TS,WN,B,B,NaN,NaN,NaN,NaN,NaN,NaN,
2000120318,03b.2000,NONAME,TY,NN,10.8,64.4,30,NaN,260,12,260,12,NaN,NaN,NaN,NaN,NaN,NaN,NaN,NaN,NaN,NaN,TD,WN,B,B,NaN,NaN,NaN,NaN,NaN,NaN,
2000120400,03b.2000,NONAME,TY,NN,11.0,63.2,30,NaN,265,12,265,12,NaN,NaN,NaN,NaN,NaN,NaN,NaN,NaN,NaN,NaN,TD,WN,B,B,NaN,NaN,NaN,NaN,NaN,NaN,
2000120406,03b.2000,NONAME,TY,NN,10.3,61.9,30,NaN,259,13,259,13,NaN,NaN,NaN,NaN,NaN,NaN,NaN,NaN,NaN,NaN,TD,WN,B,B,NaN,NaN,NaN,NaN,NaN,NaN,
2000120412,03b.2000,NONAME,TY,NN,9.9,60.6,25,NaN,247,14,247,14,NaN,NaN,NaN,NaN,NaN,NaN,NaN,NaN,NaN,NaN,TD,WN,B,B,NaN,NaN,NaN,NaN,NaN,NaN,
2000120418,03b.2000,NONAME,TY,NN,9.6,59.4,25,NaN,254,13,254,13,NaN,NaN,NaN,NaN,NaN,NaN,NaN,NaN,NaN,NaN,TD,WN,B,B,NaN,NaN,NaN,NaN,NaN,NaN,
2000120500,03b.2000,NONAME,TY,NN,9.5,58.4,25,NaN,260,11,260,11,NaN,NaN,NaN,NaN,NaN,NaN,NaN,NaN,NaN,NaN,TD,WN,B,B,NaN,NaN,NaN,NaN,NaN,NaN,
2000120506,03b.2000,NONAME,TY,NN,9.3,57.5,25,NaN,261,9,261,9,NaN,NaN,NaN,NaN,NaN,NaN,NaN,NaN,NaN,NaN,TD,WN,B,B,NaN,NaN,NaN,NaN,NaN,NaN,
2000122200,b04.2000,9X-B04,TY,NN,7.9,88.0,25,NaN,270,9,270,5,NaN,NaN,NaN,NaN,NaN,NaN,NaN,NaN,NaN,NaN,TD,NW,c,c,NaN,NaN,NaN,NaN,NaN,NaN,
2000122206,b04.2000,9X-B04,TY,NN,7.9,87.5,25,NaN,270,9,270,5,NaN,NaN,NaN,NaN,NaN,NaN,NaN,NaN,NaN,NaN,TD,NW,c,c,NaN,NaN,NaN,NaN,NaN,NaN,
2000122212,b04.2000,9X-B04,TY,NN,7.8,87.1,25,NaN,270,9,270,5,NaN,NaN,NaN,NaN,NaN,NaN,NaN,NaN,NaN,NaN,TD,NW,c,c,NaN,NaN,NaN,NaN,NaN,NaN,
2000122218,b04.2000,9X-B04,TY,NN,7.8,86.7,25,NaN,270,9,270,5,NaN,NaN,NaN,NaN,NaN,NaN,NaN,NaN,NaN,NaN,TD,NW,c,c,NaN,NaN,NaN,NaN,NaN,NaN,
2000122300,b04.2000,9X-B04,TY,NN,7.7,86.2,25,NaN,270,5,270,5,NaN,NaN,NaN,NaN,NaN,NaN,NaN,NaN,NaN,NaN,TD,NW,b,b,NaN,NaN,NaN,NaN,NaN,NaN,
2000122306,b04.2000,9X-B04,TY,NN,7.3,85.4,30,NaN,297,4,297,4,NaN,NaN,NaN,NaN,NaN,NaN,NaN,NaN,NaN,NaN,TD,NW,B,B,NaN,NaN,NaN,NaN,NaN,NaN,
2000122312,b04.2000,9X-B04,TY,NN,7.6,85.0,30,NaN,297,4,297,4,NaN,NaN,NaN,NaN,NaN,NaN,NaN,NaN,NaN,NaN,TD,NW,B,B,NaN,NaN,NaN,NaN,NaN,NaN,
2000122318,b04.2000,9X-B04,TY,NN,7.7,84.6,30,NaN,297,4,297,4,NaN,NaN,NaN,NaN,NaN,NaN,NaN,NaN,NaN,NaN,TD,NW,B,B,NaN,NaN,NaN,NaN,NaN,NaN,
2000122400,b04.2000,9X-B04,TY,NN,7.8,84.3,30,NaN,286,4,286,4,NaN,NaN,NaN,NaN,NaN,NaN,NaN,NaN,NaN,NaN,TD,NW,B,B,NaN,NaN,NaN,NaN,NaN,NaN,
2000122406,b04.2000,9X-B04,TY,NN,7.9,84.1,30,NaN,292,3,292,3,NaN,NaN,NaN,NaN,NaN,NaN,NaN,NaN,NaN,NaN,TD,NW,B,B,NaN,NaN,NaN,NaN,NaN,NaN,
2000122412,b04.2000,9X-B04,TY,NN,7.9,83.9,30,NaN,284,2,284,2,NaN,NaN,NaN,NaN,NaN,NaN,NaN,NaN,NaN,NaN,TD,NW,B,B,NaN,NaN,NaN,NaN,NaN,NaN,
2000122418,b04.2000,9X-B04,TY,NN,8.0,83.8,35,NaN,289,2,289,2,NaN,NaN,NaN,NaN,NaN,NaN,NaN,NaN,NaN,NaN,TS,NW,B,B,NaN,NaN,NaN,NaN,NaN,NaN,
2000122500,b04.2000,9X-B04,TY,NN,8.1,83.7,40,NaN,315,1,315,1,NaN,NaN,NaN,NaN,NaN,NaN,NaN,NaN,NaN,NaN,TS,NW,B,B,NaN,NaN,NaN,NaN,NaN,NaN,
2000122506,04b.2000,NONAME,TY,NN,8.2,83.6,45,NaN,315,1,315,1,NaN,NaN,NaN,NaN,NaN,NaN,NaN,NaN,NaN,NaN,TS,WN,B,B,NaN,NaN,NaN,NaN,NaN,NaN,
2000122512,04b.2000,NONAME,TY,NN,8.3,83.4,50,NaN,304,2,304,2,NaN,NaN,NaN,NaN,NaN,NaN,NaN,NaN,NaN,NaN,TS,WN,B,B,NaN,NaN,NaN,NaN,NaN,NaN,
2000122518,04b.2000,NONAME,TY,NN,8.4,83.0,55,NaN,289,3,289,3,NaN,NaN,NaN,NaN,NaN,NaN,NaN,NaN,NaN,NaN,TS,WN,B,B,NaN,NaN,NaN,NaN,NaN,NaN,
2000122600,04b.2000,NONAME,TY,NN,8.6,82.3,60,NaN,285,6,285,6,NaN,NaN,NaN,NaN,NaN,NaN,NaN,NaN,NaN,NaN,TS,WN,B,B,NaN,NaN,NaN,NaN,NaN,NaN,
2000122606,04b.2000,NONAME,TY,NN,8.6,81.8,60,NaN,280,6,280,6,NaN,NaN,NaN,NaN,NaN,NaN,NaN,NaN,NaN,NaN,TS,WN,B,B,NaN,NaN,NaN,NaN,NaN,NaN,
2000122612,04b.2000,NONAME,TY,NN,8.5,81.0,65,NaN,266,6,266,6,NaN,NaN,NaN,NaN,NaN,NaN,NaN,NaN,NaN,NaN,TY,WN,B,B,NaN,NaN,0.73,NaN,NaN,NaN,
2000122618,04b.2000,NONAME,TY,NN,8.3,80.3,60,NaN,259,8,259,8,NaN,NaN,NaN,NaN,NaN,NaN,NaN,NaN,NaN,NaN,TS,WN,B,B,NaN,NaN,0.96,NaN,NaN,NaN,
2000122700,04b.2000,NONAME,TY,NN,8.1,79.8,60,NaN,251,6,251,6,NaN,NaN,NaN,NaN,NaN,NaN,NaN,NaN,NaN,NaN,TS,WN,B,B,NaN,NaN,0.68,NaN,NaN,NaN,
2000122706,04b.2000,NONAME,TY,NN,8.1,79.2,55,NaN,260,6,260,6,NaN,NaN,NaN,NaN,NaN,NaN,NaN,NaN,NaN,NaN,TS,WN,B,B,NaN,NaN,NaN,NaN,NaN,NaN,
2000122712,04b.2000,NONAME,TY,NN,8.1,78.8,50,NaN,270,5,270,5,NaN,NaN,NaN,NaN,NaN,NaN,NaN,NaN,NaN,NaN,TS,WN,B,B,NaN,NaN,NaN,NaN,NaN,NaN,
2000122718,04b.2000,NONAME,TY,NN,8.2,78.4,45,NaN,277,4,277,4,NaN,NaN,NaN,NaN,NaN,NaN,NaN,NaN,NaN,NaN,TS,WN,B,B,NaN,NaN,0.01,NaN,NaN,NaN,
2000122800,04b.2000,NONAME,TY,NN,8.3,78.0,40,NaN,284,4,284,4,NaN,NaN,NaN,NaN,NaN,NaN,NaN,NaN,NaN,NaN,TS,WN,B,B,NaN,NaN,0.49,NaN,NaN,NaN,
2000122806,04b.2000,NONAME,TY,NN,8.5,77.7,30,NaN,293,4,293,4,NaN,NaN,NaN,NaN,NaN,NaN,NaN,NaN,NaN,NaN,TD,WN,B,B,NaN,NaN,0.80,NaN,NaN,NaN,
2000122812,04b.2000,NONAME,TY,NN,8.6,77.5,30,NaN,301,3,301,3,NaN,NaN,NaN,NaN,NaN,NaN,NaN,NaN,NaN,NaN,TD,NW,B,B,NaN,NaN,0.80,NaN,NaN,NaN,
2000122818,04b.2000,NONAME,TY,NN,8.6,77.3,25,NaN,292,3,292,3,NaN,NaN,NaN,NaN,NaN,NaN,NaN,NaN,NaN,NaN,TD,WN,c,c,NaN,NaN,0.80,NaN,NaN,NaN,
1999121000,s01.2000,9X-S01,TS,NN,-9.4,97.4,20,NaN,114,5,114,5,NaN,NaN,NaN,NaN,NaN,NaN,NaN,NaN,NaN,NaN,NT,NW,B,B,NaN,NaN,NaN,NaN,NaN,NaN,
1999121006,s01.2000,9X-S01,TS,NN,-9.6,97.9,20,NaN,114,5,114,5,NaN,NaN,NaN,NaN,NaN,NaN,NaN,NaN,NaN,NaN,NT,NW,B,B,NaN,NaN,NaN,NaN,NaN,NaN,
1999121012,s01.2000,9X-S01,TS,NN,-9.8,98.3,25,NaN,114,5,114,5,NaN,NaN,NaN,NaN,NaN,NaN,NaN,NaN,NaN,NaN,TD,NW,B,B,NaN,NaN,NaN,NaN,NaN,NaN,
1999121018,01s.2000,ILSA,TS,NN,-10.1,99.0,30,NaN,115,6,115,6,NaN,NaN,NaN,NaN,NaN,NaN,NaN,NaN,NaN,NaN,TD,WN,B,B,NaN,NaN,NaN,NaN,NaN,NaN,
1999121100,01s.2000,ILSA,TS,NN,-10.5,99.6,30,NaN,119,7,119,7,NaN,NaN,NaN,NaN,NaN,NaN,NaN,NaN,NaN,NaN,TD,WN,B,B,NaN,NaN,NaN,NaN,NaN,NaN,
1999121106,01s.2000,ILSA,TS,NN,-10.8,100.2,35,NaN,121,7,121,7,NaN,NaN,NaN,NaN,NaN,NaN,NaN,NaN,NaN,NaN,TS,WN,B,B,NaN,NaN,NaN,NaN,NaN,NaN,
1999121112,01s.2000,ILSA,TS,NN,-11.2,100.9,40,NaN,119,7,119,7,NaN,NaN,NaN,NaN,NaN,NaN,NaN,NaN,NaN,NaN,TS,WN,B,B,NaN,NaN,NaN,NaN,NaN,NaN,
1999121118,01s.2000,ILSA,TS,NN,-11.6,101.5,40,NaN,122,8,122,8,NaN,NaN,NaN,NaN,NaN,NaN,NaN,NaN,NaN,NaN,TS,WN,B,B,NaN,NaN,NaN,NaN,NaN,NaN,
1999121200,01s.2000,ILSA,TS,NN,-11.9,102.0,40,NaN,123,6,123,6,NaN,NaN,NaN,NaN,NaN,NaN,NaN,NaN,NaN,NaN,TS,WN,B,B,NaN,NaN,NaN,NaN,NaN,NaN,
1999121206,01s.2000,ILSA,TS,NN,-12.1,102.5,45,NaN,117,5,117,5,NaN,NaN,NaN,NaN,NaN,NaN,NaN,NaN,NaN,NaN,TS,WN,B,B,NaN,NaN,NaN,NaN,NaN,NaN,
1999121212,01s.2000,ILSA,TS,NN,-12.3,102.8,45,NaN,117,4,117,4,NaN,NaN,NaN,NaN,NaN,NaN,NaN,NaN,NaN,NaN,TS,WN,B,B,NaN,NaN,NaN,NaN,NaN,NaN,
1999121218,01s.2000,ILSA,TS,NN,-12.4,103.5,45,NaN,107,5,107,5,NaN,NaN,NaN,NaN,NaN,NaN,NaN,NaN,NaN,NaN,TS,WN,B,B,NaN,NaN,NaN,NaN,NaN,NaN,
1999121300,01s.2000,ILSA,TS,NN,-12.4,104.2,50,NaN,94,7,94,7,NaN,NaN,NaN,NaN,NaN,NaN,NaN,NaN,NaN,NaN,TS,WN,B,B,NaN,NaN,NaN,NaN,NaN,NaN,
1999121306,01s.2000,ILSA,TS,NN,-12.4,105.0,55,NaN,90,7,90,7,NaN,NaN,NaN,NaN,NaN,NaN,NaN,NaN,NaN,NaN,TS,WN,B,B,NaN,NaN,NaN,NaN,NaN,NaN,
1999121312,01s.2000,ILSA,TS,NN,-12.4,105.8,55,NaN,90,8,90,8,NaN,NaN,NaN,NaN,NaN,NaN,NaN,NaN,NaN,NaN,TS,WN,B,B,NaN,NaN,NaN,NaN,NaN,NaN,
1999121318,01s.2000,ILSA,TS,NN,-12.4,106.6,55,NaN,90,8,90,8,NaN,NaN,NaN,NaN,NaN,NaN,NaN,NaN,NaN,NaN,TS,WN,B,B,NaN,NaN,NaN,NaN,NaN,NaN,
1999121400,01s.2000,ILSA,TS,NN,-12.2,107.4,55,NaN,83,8,83,8,NaN,NaN,NaN,NaN,NaN,NaN,NaN,NaN,NaN,NaN,TS,WN,B,B,NaN,NaN,NaN,NaN,NaN,NaN,
1999121406,01s.2000,ILSA,TS,NN,-12.1,108.4,55,NaN,80,9,80,9,NaN,NaN,NaN,NaN,NaN,NaN,NaN,NaN,NaN,NaN,TS,WN,B,B,NaN,NaN,NaN,NaN,NaN,NaN,
1999121412,01s.2000,ILSA,TS,NN,-12.0,109.2,55,NaN,84,9,84,9,NaN,NaN,NaN,NaN,NaN,NaN,NaN,NaN,NaN,NaN,TS,WN,B,B,NaN,NaN,NaN,NaN,NaN,NaN,
1999121418,01s.2000,ILSA,TS,NN,-12.0,110.1,55,NaN,87,8,87,8,NaN,NaN,NaN,NaN,NaN,NaN,NaN,NaN,NaN,NaN,TS,WN,B,B,NaN,NaN,NaN,NaN,NaN,NaN,
1999121500,01s.2000,ILSA,TS,NN,-12.1,111.0,55,NaN,93,9,93,9,NaN,NaN,NaN,NaN,NaN,NaN,NaN,NaN,NaN,NaN,TS,WN,B,B,NaN,NaN,NaN,NaN,NaN,NaN,
1999121506,01s.2000,ILSA,TS,NN,-12.5,112.4,60,NaN,103,12,103,12,NaN,NaN,NaN,NaN,NaN,NaN,NaN,NaN,NaN,NaN,TS,WN,B,B,NaN,NaN,NaN,NaN,NaN,NaN,
1999121512,01s.2000,ILSA,TS,NN,-12.9,113.4,60,NaN,109,12,109,12,NaN,NaN,NaN,NaN,NaN,NaN,NaN,NaN,NaN,NaN,TS,WN,B,B,NaN,NaN,NaN,NaN,NaN,NaN,
1999121518,01s.2000,ILSA,TS,NN,-13.7,114.5,60,NaN,120,12,120,12,NaN,NaN,NaN,NaN,NaN,NaN,NaN,NaN,NaN,NaN,TS,WN,B,B,NaN,NaN,NaN,NaN,NaN,NaN,
1999121600,01s.2000,ILSA,TS,NN,-15.0,116.0,60,NaN,130,16,130,16,NaN,NaN,NaN,NaN,NaN,NaN,NaN,NaN,NaN,NaN,TS,WN,B,B,NaN,NaN,NaN,NaN,NaN,NaN,
1999121606,01s.2000,ILSA,TS,NN,-16.1,117.3,50,NaN,132,18,132,18,NaN,NaN,NaN,NaN,NaN,NaN,NaN,NaN,NaN,NaN,TS,WN,B,B,NaN,NaN,NaN,NaN,NaN,NaN,
1999121612,01s.2000,ILSA,TS,NN,-17.3,118.5,45,NaN,134,17,134,17,NaN,NaN,NaN,NaN,NaN,NaN,NaN,NaN,NaN,NaN,TS,WN,B,B,NaN,NaN,NaN,NaN,NaN,NaN,
1999121618,01s.2000,ILSA,TS,NN,-18.4,119.3,50,NaN,140,15,140,15,NaN,NaN,NaN,NaN,NaN,NaN,NaN,NaN,NaN,NaN,TS,WN,B,B,NaN,NaN,NaN,NaN,NaN,NaN,
1999121700,01s.2000,ILSA,TS,NN,-19.2,120.0,55,NaN,143,12,143,12,NaN,NaN,NaN,NaN,NaN,NaN,NaN,NaN,NaN,NaN,TS,WN,B,B,NaN,NaN,NaN,NaN,NaN,NaN,
1999121706,01s.2000,ILSA,TS,NN,-20.0,120.8,35,NaN,138,11,138,11,NaN,NaN,NaN,NaN,NaN,NaN,NaN,NaN,NaN,NaN,TS,WN,B,B,NaN,NaN,0.89,NaN,NaN,NaN,
1999121712,01s.2000,ILSA,TS,NN,-20.8,121.8,30,NaN,133,12,133,12,NaN,NaN,NaN,NaN,NaN,NaN,NaN,NaN,NaN,NaN,TD,WN,B,B,NaN,NaN,1.00,NaN,NaN,NaN,
1999121006,s02.2000,9X-S02,STY,NN,-13.3,119.4,25,NaN,23,4,23,4,NaN,NaN,NaN,NaN,NaN,NaN,NaN,NaN,NaN,NaN,TD,NW,B,B,NaN,NaN,NaN,NaN,NaN,NaN,
1999121012,s02.2000,9X-S02,STY,NN,-12.9,119.4,25,NaN,23,4,23,4,NaN,NaN,NaN,NaN,NaN,NaN,NaN,NaN,NaN,NaN,TD,NW,B,B,NaN,NaN,NaN,NaN,NaN,NaN,
1999121018,s02.2000,9X-S02,STY,NN,-12.6,119.7,25,NaN,23,4,23,4,NaN,NaN,NaN,NaN,NaN,NaN,NaN,NaN,NaN,NaN,TD,NW,B,B,NaN,NaN,NaN,NaN,NaN,NaN,
1999121100,s02.2000,9X-S02,STY,NN,-12.6,120.1,25,NaN,66,4,66,4,NaN,NaN,NaN,NaN,NaN,NaN,NaN,NaN,NaN,NaN,TD,NW,B,B,NaN,NaN,NaN,NaN,NaN,NaN,
1999121106,s02.2000,9X-S02,STY,NN,-12.9,120.2,25,NaN,122,3,122,3,NaN,NaN,NaN,NaN,NaN,NaN,NaN,NaN,NaN,NaN,TD,NW,B,B,NaN,NaN,NaN,NaN,NaN,NaN,
1999121112,s02.2000,9X-S02,STY,NN,-13.1,120.0,25,NaN,191,3,191,3,NaN,NaN,NaN,NaN,NaN,NaN,NaN,NaN,NaN,NaN,TD,NW,B,B,NaN,NaN,NaN,NaN,NaN,NaN,
1999121118,02s.2000,JOHN,STY,NN,-13.6,119.6,35,NaN,220,5,220,5,NaN,NaN,NaN,NaN,NaN,NaN,NaN,NaN,NaN,NaN,TS,WN,B,B,NaN,NaN,NaN,NaN,NaN,NaN,
1999121200,02s.2000,JOHN,STY,NN,-14.0,119.3,45,NaN,217,6,217,6,NaN,NaN,NaN,NaN,NaN,NaN,NaN,NaN,NaN,NaN,TS,WN,B,B,NaN,NaN,NaN,NaN,NaN,NaN,
1999121206,02s.2000,JOHN,STY,NN,-14.5,119.2,50,NaN,203,5,203,5,NaN,NaN,NaN,NaN,NaN,NaN,NaN,NaN,NaN,NaN,TS,WN,B,B,NaN,NaN,NaN,NaN,NaN,NaN,
1999121212,02s.2000,JOHN,STY,NN,-14.9,119.2,65,NaN,186,5,186,5,NaN,NaN,NaN,NaN,NaN,NaN,NaN,NaN,NaN,NaN,TY,WN,B,B,NaN,NaN,NaN,NaN,NaN,NaN,
1999121218,02s.2000,JOHN,STY,NN,-15.5,119.1,65,NaN,186,5,186,5,NaN,NaN,NaN,NaN,NaN,NaN,NaN,NaN,NaN,NaN,TY,WN,B,B,NaN,NaN,NaN,NaN,NaN,NaN,
1999121300,02s.2000,JOHN,STY,NN,-16.2,118.9,70,NaN,193,7,193,7,NaN,NaN,NaN,NaN,NaN,NaN,NaN,NaN,NaN,NaN,TY,WN,B,B,NaN,NaN,NaN,NaN,NaN,NaN,
1999121306,02s.2000,JOHN,STY,NN,-16.7,118.4,80,NaN,209,7,209,7,NaN,NaN,NaN,NaN,NaN,NaN,NaN,NaN,NaN,NaN,TY,WN,B,B,NaN,NaN,NaN,NaN,NaN,NaN,
1999121312,02s.2000,JOHN,STY,NN,-17.2,118.2,90,NaN,214,6,214,6,NaN,NaN,NaN,NaN,NaN,NaN,NaN,NaN,NaN,NaN,TY,WN,B,B,NaN,NaN,NaN,NaN,NaN,NaN,
1999121318,02s.2000,JOHN,STY,NN,-17.7,118.0,110,NaN,201,5,201,5,NaN,NaN,NaN,NaN,NaN,NaN,NaN,NaN,NaN,NaN,TY,WN,B,B,NaN,NaN,NaN,NaN,NaN,NaN,
1999121400,02s.2000,JOHN,STY,NN,-18.2,117.7,115,NaN,205,6,205,6,NaN,NaN,NaN,NaN,NaN,NaN,NaN,NaN,NaN,NaN,TY,WN,B,B,NaN,NaN,NaN,NaN,NaN,NaN,
1999121406,02s.2000,JOHN,STY,NN,-18.8,117.5,120,NaN,203,6,203,6,NaN,NaN,NaN,NaN,NaN,NaN,NaN,NaN,NaN,NaN,TY,WN,B,B,NaN,NaN,NaN,NaN,NaN,NaN,
1999121412,02s.2000,JOHN,STY,NN,-19.6,117.3,130,NaN,195,7,195,7,NaN,NaN,NaN,NaN,NaN,NaN,NaN,NaN,NaN,NaN,STY,WN,B,B,NaN,NaN,NaN,NaN,NaN,NaN,
1999121418,02s.2000,JOHN,STY,NN,-20.2,117.3,130,NaN,188,7,188,7,NaN,NaN,NaN,NaN,NaN,NaN,NaN,NaN,NaN,NaN,STY,WN,B,B,NaN,NaN,NaN,NaN,NaN,NaN,
1999121500,02s.2000,JOHN,STY,NN,-20.9,117.6,130,NaN,168,7,168,7,NaN,NaN,NaN,NaN,NaN,NaN,NaN,NaN,NaN,NaN,STY,WN,B,B,NaN,NaN,0.82,NaN,NaN,NaN,
1999121506,02s.2000,JOHN,STY,NN,-21.6,118.0,115,NaN,155,8,155,8,NaN,NaN,NaN,NaN,NaN,NaN,NaN,NaN,NaN,NaN,TY,WN,B,B,NaN,NaN,1.00,NaN,NaN,NaN,
1999121512,02s.2000,JOHN,STY,NN,-22.2,118.7,80,NaN,142,8,142,8,NaN,NaN,NaN,NaN,NaN,NaN,NaN,NaN,NaN,NaN,TY,WN,B,B,NaN,NaN,1.00,NaN,NaN,NaN,
1999121518,02s.2000,JOHN,STY,NN,-23.0,119.6,30,NaN,133,10,133,10,NaN,NaN,NaN,NaN,NaN,NaN,NaN,NaN,NaN,NaN,TD,NW,B,B,NaN,NaN,1.00,NaN,NaN,NaN,
1999122312,s03.2000,9X-S03,TY,NN,-9.1,75.6,20,NaN,220,9,220,9,NaN,NaN,NaN,NaN,NaN,NaN,NaN,NaN,NaN,NaN,NT,NW,B,B,NaN,NaN,NaN,NaN,NaN,NaN,
1999122318,s03.2000,9X-S03,TY,NN,-9.9,75.0,20,NaN,220,9,220,9,NaN,NaN,NaN,NaN,NaN,NaN,NaN,NaN,NaN,NaN,NT,NW,B,B,NaN,NaN,NaN,NaN,NaN,NaN,
1999122400,s03.2000,9X-S03,TY,NN,-10.5,74.4,25,NaN,220,9,220,9,NaN,NaN,NaN,NaN,NaN,NaN,NaN,NaN,NaN,NaN,TD,NW,B,B,NaN,NaN,NaN,NaN,NaN,NaN,
1999122406,s03.2000,9X-S03,TY,NN,-11.2,73.8,25,NaN,222,9,222,9,NaN,NaN,NaN,NaN,NaN,NaN,NaN,NaN,NaN,NaN,TD,NW,B,B,NaN,NaN,NaN,NaN,NaN,NaN,
1999122412,s03.2000,9X-S03,TY,NN,-11.9,72.9,25,NaN,226,10,226,10,NaN,NaN,NaN,NaN,NaN,NaN,NaN,NaN,NaN,NaN,TD,NW,B,B,NaN,NaN,NaN,NaN,NaN,NaN,
1999122418,s03.2000,9X-S03,TY,NN,-12.1,72.0,25,NaN,243,10,243,10,NaN,NaN,NaN,NaN,NaN,NaN,NaN,NaN,NaN,NaN,TD,NW,B,B,NaN,NaN,NaN,NaN,NaN,NaN,
1999122500,03s.2000,ASTRIDE,TY,NN,-12.3,70.9,30,NaN,258,10,258,10,NaN,NaN,NaN,NaN,NaN,NaN,NaN,NaN,NaN,NaN,TD,WN,B,B,NaN,NaN,NaN,NaN,NaN,NaN,
1999122506,03s.2000,ASTRIDE,TY,NN,-12.3,70.1,35,NaN,264,9,264,9,NaN,NaN,NaN,NaN,NaN,NaN,NaN,NaN,NaN,NaN,TS,WN,B,B,NaN,NaN,NaN,NaN,NaN,NaN,
1999122512,03s.2000,ASTRIDE,TY,NN,-12.5,69.0,45,NaN,264,9,264,9,NaN,NaN,NaN,NaN,NaN,NaN,NaN,NaN,NaN,NaN,TS,WN,B,B,NaN,NaN,NaN,NaN,NaN,NaN,
1999122518,03s.2000,ASTRIDE,TY,NN,-12.9,67.9,45,NaN,254,11,254,11,NaN,NaN,NaN,NaN,NaN,NaN,NaN,NaN,NaN,NaN,TS,WN,B,B,NaN,NaN,NaN,NaN,NaN,NaN,
1999122600,03s.2000,ASTRIDE,TY,NN,-13.1,66.9,50,NaN,254,11,254,11,NaN,NaN,NaN,NaN,NaN,NaN,NaN,NaN,NaN,NaN,TS,WN,B,B,NaN,NaN,NaN,NaN,NaN,NaN,
1999122606,03s.2000,ASTRIDE,TY,NN,-13.2,65.8,50,NaN,262,10,262,10,NaN,NaN,NaN,NaN,NaN,NaN,NaN,NaN,NaN,NaN,TS,WN,B,B,NaN,NaN,NaN,NaN,NaN,NaN,
1999122612,03s.2000,ASTRIDE,TY,NN,-13.5,64.7,55,NaN,259,11,259,11,NaN,NaN,NaN,NaN,NaN,NaN,NaN,NaN,NaN,NaN,TS,WN,B,B,NaN,NaN,NaN,NaN,NaN,NaN,
1999122618,03s.2000,ASTRIDE,TY,NN,-14.0,63.9,55,NaN,247,10,247,10,NaN,NaN,NaN,NaN,NaN,NaN,NaN,NaN,NaN,NaN,TS,WN,B,B,NaN,NaN,NaN,NaN,NaN,NaN,
1999122700,03s.2000,ASTRIDE,TY,NN,-14.2,63.0,55,NaN,247,9,247,9,NaN,NaN,NaN,NaN,NaN,NaN,NaN,NaN,NaN,NaN,TS,WN,B,B,NaN,NaN,NaN,NaN,NaN,NaN,
1999122706,03s.2000,ASTRIDE,TY,NN,-14.3,62.1,60,NaN,260,9,260,9,NaN,NaN,NaN,NaN,NaN,NaN,NaN,NaN,NaN,NaN,TS,WN,B,B,NaN,NaN,NaN,NaN,NaN,NaN,
1999122712,03s.2000,ASTRIDE,TY,NN,-14.5,61.3,65,NaN,260,8,260,8,NaN,NaN,NaN,NaN,NaN,NaN,NaN,NaN,NaN,NaN,TY,WN,B,B,NaN,NaN,NaN,NaN,NaN,NaN,
1999122718,03s.2000,ASTRIDE,TY,NN,-14.7,60.6,65,NaN,255,8,255,8,NaN,NaN,NaN,NaN,NaN,NaN,NaN,NaN,NaN,NaN,TY,WN,B,B,NaN,NaN,NaN,NaN,NaN,NaN,
1999122800,03s.2000,ASTRIDE,TY,NN,-14.8,59.7,65,NaN,259,8,259,8,NaN,NaN,NaN,NaN,NaN,NaN,NaN,NaN,NaN,NaN,TY,WN,B,B,NaN,NaN,NaN,NaN,NaN,NaN,
1999122806,03s.2000,ASTRIDE,TY,NN,-15.0,58.7,60,NaN,261,9,261,9,NaN,NaN,NaN,NaN,NaN,NaN,NaN,NaN,NaN,NaN,TS,WN,B,B,NaN,NaN,NaN,NaN,NaN,NaN,
1999122812,03s.2000,ASTRIDE,TY,NN,-15.1,57.9,55,NaN,260,9,260,9,NaN,NaN,NaN,NaN,NaN,NaN,NaN,NaN,NaN,NaN,TS,WN,B,B,NaN,NaN,NaN,NaN,NaN,NaN,
1999122818,03s.2000,ASTRIDE,TY,NN,-15.3,57.2,55,NaN,258,7,258,7,NaN,NaN,NaN,NaN,NaN,NaN,NaN,NaN,NaN,NaN,TS,WN,B,B,NaN,NaN,NaN,NaN,NaN,NaN,
1999122900,03s.2000,ASTRIDE,TY,NN,-15.4,56.7,55,NaN,255,6,255,6,NaN,NaN,NaN,NaN,NaN,NaN,NaN,NaN,NaN,NaN,TS,WN,B,B,NaN,NaN,NaN,NaN,NaN,NaN,
1999122906,03s.2000,ASTRIDE,TY,NN,-15.5,56.2,55,NaN,258,5,258,5,NaN,NaN,NaN,NaN,NaN,NaN,NaN,NaN,NaN,NaN,TS,WN,B,B,NaN,NaN,NaN,NaN,NaN,NaN,
1999122912,03s.2000,ASTRIDE,TY,NN,-15.5,55.7,55,NaN,264,5,264,5,NaN,NaN,NaN,NaN,NaN,NaN,NaN,NaN,NaN,NaN,TS,WN,B,B,NaN,NaN,NaN,NaN,NaN,NaN,
1999122918,03s.2000,ASTRIDE,TY,NN,-15.4,55.2,50,NaN,276,5,276,5,NaN,NaN,NaN,NaN,NaN,NaN,NaN,NaN,NaN,NaN,TS,WN,B,B,NaN,NaN,NaN,NaN,NaN,NaN,
1999123000,03s.2000,ASTRIDE,TY,NN,-15.3,54.6,45,NaN,281,5,281,5,NaN,NaN,NaN,NaN,NaN,NaN,NaN,NaN,NaN,NaN,TS,WN,B,B,NaN,NaN,NaN,NaN,NaN,NaN,
1999123006,03s.2000,ASTRIDE,TY,NN,-15.1,54.0,45,NaN,285,6,285,6,NaN,NaN,NaN,NaN,NaN,NaN,NaN,NaN,NaN,NaN,TS,WN,B,B,NaN,NaN,NaN,NaN,NaN,NaN,
1999123012,03s.2000,ASTRIDE,TY,NN,-14.8,53.3,45,NaN,292,7,292,7,NaN,NaN,NaN,NaN,NaN,NaN,NaN,NaN,NaN,NaN,TS,WN,B,B,NaN,NaN,NaN,NaN,NaN,NaN,
1999123018,03s.2000,ASTRIDE,TY,NN,-14.5,52.5,40,NaN,292,8,292,8,NaN,NaN,NaN,NaN,NaN,NaN,NaN,NaN,NaN,NaN,TS,WN,B,B,NaN,NaN,NaN,NaN,NaN,NaN,
1999123100,03s.2000,ASTRIDE,TY,NN,-14.1,51.7,40,NaN,294,9,294,9,NaN,NaN,NaN,NaN,NaN,NaN,NaN,NaN,NaN,NaN,TS,WN,B,B,NaN,NaN,NaN,NaN,NaN,NaN,
1999123106,03s.2000,ASTRIDE,TY,NN,-13.7,51.2,40,NaN,302,7,302,7,NaN,NaN,NaN,NaN,NaN,NaN,NaN,NaN,NaN,NaN,TS,WN,B,B,NaN,NaN,NaN,NaN,NaN,NaN,
1999123112,03s.2000,ASTRIDE,TY,NN,-13.4,50.7,40,NaN,306,6,306,6,NaN,NaN,NaN,NaN,NaN,NaN,NaN,NaN,NaN,NaN,TS,WN,B,B,NaN,NaN,0.06,NaN,NaN,NaN,
1999123118,03s.2000,ASTRIDE,TY,NN,-13.0,50.0,45,NaN,301,7,301,7,NaN,NaN,NaN,NaN,NaN,NaN,NaN,NaN,NaN,NaN,TS,WN,B,B,NaN,NaN,0.32,NaN,NaN,NaN,
2000010100,03s.2000,ASTRIDE,TY,NN,-12.8,49.0,40,NaN,290,9,290,9,NaN,NaN,NaN,NaN,NaN,NaN,NaN,NaN,NaN,NaN,TS,WN,B,B,NaN,NaN,0.64,NaN,NaN,NaN,
2000010106,03s.2000,ASTRIDE,TY,NN,-12.7,47.9,35,NaN,278,10,278,10,NaN,NaN,NaN,NaN,NaN,NaN,NaN,NaN,NaN,NaN,TS,WN,B,B,NaN,NaN,NaN,NaN,NaN,NaN,
2000010112,03s.2000,ASTRIDE,TY,NN,-12.7,47.2,35,NaN,273,9,273,9,NaN,NaN,NaN,NaN,NaN,NaN,NaN,NaN,NaN,NaN,TS,WN,B,B,NaN,NaN,NaN,NaN,NaN,NaN,
2000010118,03s.2000,ASTRIDE,TY,NN,-12.7,46.5,25,NaN,270,7,270,7,NaN,NaN,NaN,NaN,NaN,NaN,NaN,NaN,NaN,NaN,TD,NW,B,B,NaN,NaN,NaN,NaN,NaN,NaN,
2000010200,03s.2000,ASTRIDE,TY,NN,-12.7,45.8,25,NaN,270,7,270,7,NaN,NaN,NaN,NaN,NaN,NaN,NaN,NaN,NaN,NaN,TD,NW,B,B,NaN,NaN,NaN,NaN,NaN,NaN,
2000010206,03s.2000,ASTRIDE,TY,NN,-12.8,45.0,25,NaN,266,7,266,7,NaN,NaN,NaN,NaN,NaN,NaN,NaN,NaN,NaN,NaN,TD,NW,B,B,NaN,NaN,0.04,NaN,NaN,NaN,
2000010212,03s.2000,ASTRIDE,TY,NN,-12.9,44.0,25,NaN,263,9,263,9,NaN,NaN,NaN,NaN,NaN,NaN,NaN,NaN,NaN,NaN,TD,NW,B,B,NaN,NaN,NaN,NaN,NaN,NaN,
2000010218,03s.2000,ASTRIDE,TY,NN,-13.0,42.5,25,NaN,265,12,265,12,NaN,NaN,NaN,NaN,NaN,NaN,NaN,NaN,NaN,NaN,TD,NW,B,B,NaN,NaN,NaN,NaN,NaN,NaN,
2000010300,03s.2000,ASTRIDE,TY,NN,-13.1,40.9,25,NaN,266,15,266,15,NaN,NaN,NaN,NaN,NaN,NaN,NaN,NaN,NaN,NaN,TD,NW,B,B,NaN,NaN,0.06,NaN,NaN,NaN,
2000010306,s04.2000,9X-S04,TY,NN,-12.8,82.4,25,NaN,260,3,260,3,NaN,NaN,NaN,NaN,NaN,NaN,NaN,NaN,NaN,NaN,TD,NW,B,B,NaN,NaN,NaN,NaN,NaN,NaN,
2000010312,s04.2000,9X-S04,TY,NN,-12.9,82.1,25,NaN,260,3,260,3,NaN,NaN,NaN,NaN,NaN,NaN,NaN,NaN,NaN,NaN,TD,NW,B,B,NaN,NaN,NaN,NaN,NaN,NaN,
2000010318,s04.2000,9X-S04,TY,NN,-12.9,81.8,25,NaN,260,3,260,3,NaN,NaN,NaN,NaN,NaN,NaN,NaN,NaN,NaN,NaN,TD,NW,B,B,NaN,NaN,NaN,NaN,NaN,NaN,
2000010400,s04.2000,9X-S04,TY,NN,-12.6,81.6,30,NaN,302,3,302,3,NaN,NaN,NaN,NaN,NaN,NaN,NaN,NaN,NaN,NaN,TD,NW,B,B,NaN,NaN,NaN,NaN,NaN,NaN,
2000010406,s04.2000,9X-S04,TY,NN,-12.3,81.7,30,NaN,351,3,351,3,NaN,NaN,NaN,NaN,NaN,NaN,NaN,NaN,NaN,NaN,TD,NW,B,B,NaN,NaN,NaN,NaN,NaN,NaN,
2000010412,s04.2000,9X-S04,TY,NN,-11.8,82.2,25,NaN,36,5,36,5,NaN,NaN,NaN,NaN,NaN,NaN,NaN,NaN,NaN,NaN,TD,NW,B,B,NaN,NaN,NaN,NaN,NaN,NaN,
2000010418,s04.2000,9X-S04,TY,NN,-11.3,82.8,25,NaN,47,7,47,7,NaN,NaN,NaN,NaN,NaN,NaN,NaN,NaN,NaN,NaN,TD,NW,B,B,NaN,NaN,NaN,NaN,NaN,NaN,
2000010500,s04.2000,9X-S04,TY,NN,-10.9,83.3,25,NaN,50,7,50,7,NaN,NaN,NaN,NaN,NaN,NaN,NaN,NaN,NaN,NaN,TD,NW,B,B,NaN,NaN,NaN,NaN,NaN,NaN,
2000010506,s04.2000,9X-S04,TY,NN,-11.2,83.6,30,NaN,83,4,83,4,NaN,NaN,NaN,NaN,NaN,NaN,NaN,NaN,NaN,NaN,TD,NW,B,B,NaN,NaN,NaN,NaN,NaN,NaN,
2000010512,s04.2000,9X-S04,TY,NN,-11.7,83.6,30,NaN,160,4,160,4,NaN,NaN,NaN,NaN,NaN,NaN,NaN,NaN,NaN,NaN,TD,NW,B,B,NaN,NaN,NaN,NaN,NaN,NaN,
2000010518,04s.2000,BABIOLA,TY,NN,-12.1,82.9,35,NaN,217,6,217,6,NaN,NaN,NaN,NaN,NaN,NaN,NaN,NaN,NaN,NaN,TS,WN,B,B,NaN,NaN,NaN,NaN,NaN,NaN,
2000010600,04s.2000,BABIOLA,TY,NN,-12.5,82.2,40,NaN,240,8,240,8,NaN,NaN,NaN,NaN,NaN,NaN,NaN,NaN,NaN,NaN,TS,WN,B,B,NaN,NaN,NaN,NaN,NaN,NaN,
2000010606,04s.2000,BABIOLA,TY,NN,-13.0,81.6,45,NaN,235,8,235,8,NaN,NaN,NaN,NaN,NaN,NaN,NaN,NaN,NaN,NaN,TS,WN,B,B,NaN,NaN,NaN,NaN,NaN,NaN,
2000010612,04s.2000,BABIOLA,TY,NN,-13.6,81.1,45,NaN,224,8,224,8,NaN,NaN,NaN,NaN,NaN,NaN,NaN,NaN,NaN,NaN,TS,WN,B,B,NaN,NaN,NaN,NaN,NaN,NaN,
2000010618,04s.2000,BABIOLA,TY,NN,-14.2,80.4,45,NaN,224,8,224,8,NaN,NaN,NaN,NaN,NaN,NaN,NaN,NaN,NaN,NaN,TS,WN,B,B,NaN,NaN,NaN,NaN,NaN,NaN,
2000010700,04s.2000,BABIOLA,TY,NN,-14.6,79.5,45,NaN,237,9,237,9,NaN,NaN,NaN,NaN,NaN,NaN,NaN,NaN,NaN,NaN,TS,WN,B,B,NaN,NaN,NaN,NaN,NaN,NaN,
2000010706,04s.2000,BABIOLA,TY,NN,-15.0,78.2,50,NaN,249,11,249,11,NaN,NaN,NaN,NaN,NaN,NaN,NaN,NaN,NaN,NaN,TS,WN,B,B,NaN,NaN,NaN,NaN,NaN,NaN,
2000010712,04s.2000,BABIOLA,TY,NN,-15.3,77.0,55,NaN,254,13,254,13,NaN,NaN,NaN,NaN,NaN,NaN,NaN,NaN,NaN,NaN,TS,WN,B,B,NaN,NaN,NaN,NaN,NaN,NaN,
2000010718,04s.2000,BABIOLA,TY,NN,-15.6,75.9,55,NaN,255,11,255,11,NaN,NaN,NaN,NaN,NaN,NaN,NaN,NaN,NaN,NaN,TS,WN,B,B,NaN,NaN,NaN,NaN,NaN,NaN,
2000010800,04s.2000,BABIOLA,TY,NN,-15.9,74.8,65,NaN,254,11,254,11,NaN,NaN,NaN,NaN,NaN,NaN,NaN,NaN,NaN,NaN,TY,WN,B,B,NaN,NaN,NaN,NaN,NaN,NaN,
2000010806,04s.2000,BABIOLA,TY,NN,-16.4,73.4,65,NaN,252,13,252,13,NaN,NaN,NaN,NaN,NaN,NaN,NaN,NaN,NaN,NaN,TY,WN,B,B,NaN,NaN,NaN,NaN,NaN,NaN,
2000010812,04s.2000,BABIOLA,TY,NN,-16.8,72.0,65,NaN,251,14,251,14,NaN,NaN,NaN,NaN,NaN,NaN,NaN,NaN,NaN,NaN,TY,WN,B,B,NaN,NaN,NaN,NaN,NaN,NaN,
2000010818,04s.2000,BABIOLA,TY,NN,-17.1,70.9,75,NaN,254,12,254,12,NaN,NaN,NaN,NaN,NaN,NaN,NaN,NaN,NaN,NaN,TY,WN,B,B,NaN,NaN,NaN,NaN,NaN,NaN,
2000010900,04s.2000,BABIOLA,TY,NN,-17.5,69.5,75,NaN,254,12,254,12,NaN,NaN,NaN,NaN,NaN,NaN,NaN,NaN,NaN,NaN,TY,WN,B,B,NaN,NaN,NaN,NaN,NaN,NaN,
2000010906,04s.2000,BABIOLA,TY,NN,-17.9,68.8,75,NaN,248,11,248,11,NaN,NaN,NaN,NaN,NaN,NaN,NaN,NaN,NaN,NaN,TY,WN,B,B,NaN,NaN,NaN,NaN,NaN,NaN,
2000010912,04s.2000,BABIOLA,TY,NN,-18.7,68.1,80,NaN,228,9,228,9,NaN,NaN,NaN,NaN,NaN,NaN,NaN,NaN,NaN,NaN,TY,WN,B,B,NaN,NaN,NaN,NaN,NaN,NaN,
2000010918,04s.2000,BABIOLA,TY,NN,-19.4,67.6,90,NaN,217,9,217,9,NaN,NaN,NaN,NaN,NaN,NaN,NaN,NaN,NaN,NaN,TY,WN,B,B,NaN,NaN,NaN,NaN,NaN,NaN,
2000011000,04s.2000,BABIOLA,TY,NN,-20.0,67.2,90,NaN,213,8,213,8,NaN,NaN,NaN,NaN,NaN,NaN,NaN,NaN,NaN,NaN,TY,WN,B,B,NaN,NaN,NaN,NaN,NaN,NaN,
2000011006,04s.2000,BABIOLA,TY,NN,-20.8,67.2,90,NaN,195,7,195,7,NaN,NaN,NaN,NaN,NaN,NaN,NaN,NaN,NaN,NaN,TY,WN,B,B,NaN,NaN,NaN,NaN,NaN,NaN,
2000011012,04s.2000,BABIOLA,TY,NN,-21.6,67.3,75,NaN,177,8,177,8,NaN,NaN,NaN,NaN,NaN,NaN,NaN,NaN,NaN,NaN,TY,WN,B,B,NaN,NaN,NaN,NaN,NaN,NaN,
2000011018,04s.2000,BABIOLA,TY,NN,-22.6,67.5,65,NaN,171,9,171,9,NaN,NaN,NaN,NaN,NaN,NaN,NaN,NaN,NaN,NaN,TY,WN,B,B,NaN,NaN,NaN,NaN,NaN,NaN,
2000011100,04s.2000,BABIOLA,TY,NN,-23.2,67.8,55,NaN,164,8,164,8,NaN,NaN,NaN,NaN,NaN,NaN,NaN,NaN,NaN,NaN,TS,WN,B,B,NaN,NaN,NaN,NaN,NaN,NaN,
2000011106,04s.2000,BABIOLA,TY,NN,-23.9,68.2,45,NaN,154,7,154,7,NaN,NaN,NaN,NaN,NaN,NaN,NaN,NaN,NaN,NaN,TS,WN,B,B,NaN,NaN,NaN,NaN,NaN,NaN,
2000011112,04s.2000,BABIOLA,TY,NN,-24.6,68.6,35,NaN,152,8,152,8,NaN,NaN,NaN,NaN,NaN,NaN,NaN,NaN,NaN,NaN,TS,WN,B,B,NaN,NaN,NaN,NaN,NaN,NaN,
2000011118,04s.2000,BABIOLA,TY,NN,-25.6,68.8,35,NaN,162,9,162,9,NaN,NaN,NaN,NaN,NaN,NaN,NaN,NaN,NaN,NaN,TS,WN,B,B,NaN,NaN,NaN,NaN,NaN,NaN,
2000011200,04s.2000,BABIOLA,TY,NN,-26.5,69.4,35,NaN,159,10,159,10,NaN,NaN,NaN,NaN,NaN,NaN,NaN,NaN,NaN,NaN,TS,WN,B,B,NaN,NaN,NaN,NaN,NaN,NaN,
2000011206,04s.2000,BABIOLA,TY,NN,-27.9,70.1,35,NaN,153,13,153,13,NaN,NaN,NaN,NaN,NaN,NaN,NaN,NaN,NaN,NaN,TS,WN,B,B,NaN,NaN,NaN,NaN,NaN,NaN,
2000011212,04s.2000,BABIOLA,TY,NN,-28.9,71.7,30,NaN,140,16,140,16,NaN,NaN,NaN,NaN,NaN,NaN,NaN,NaN,NaN,NaN,TD,NW,B,B,NaN,NaN,NaN,NaN,NaN,NaN,
2000010600,p05.2000,9X-P05,TY,NN,-14.6,164.1,15,NaN,147,2,147,2,NaN,NaN,NaN,NaN,NaN,NaN,NaN,NaN,NaN,NaN,NT,NW,B,B,NaN,NaN,NaN,NaN,NaN,NaN,
2000010606,p05.2000,9X-P05,TY,NN,-14.7,164.2,20,NaN,147,2,147,2,NaN,NaN,NaN,NaN,NaN,NaN,NaN,NaN,NaN,NaN,NT,NW,B,B,NaN,NaN,NaN,NaN,NaN,NaN,
2000010612,p05.2000,9X-P05,TY,NN,-14.9,164.3,20,NaN,147,2,147,2,NaN,NaN,NaN,NaN,NaN,NaN,NaN,NaN,NaN,NaN,NT,NW,B,B,NaN,NaN,NaN,NaN,NaN,NaN,
2000010618,p05.2000,9X-P05,TY,NN,-15.1,164.3,25,NaN,166,2,166,2,NaN,NaN,NaN,NaN,NaN,NaN,NaN,NaN,NaN,NaN,TD,NW,B,B,NaN,NaN,NaN,NaN,NaN,NaN,
2000010700,p05.2000,9X-P05,TY,NN,-15.4,164.3,25,NaN,180,2,180,2,NaN,NaN,NaN,NaN,NaN,NaN,NaN,NaN,NaN,NaN,TD,NW,B,B,NaN,NaN,NaN,NaN,NaN,NaN,
2000010706,p05.2000,9X-P05,TY,NN,-16.0,164.4,25,NaN,174,5,174,5,NaN,NaN,NaN,NaN,NaN,NaN,NaN,NaN,NaN,NaN,TD,NW,B,B,NaN,NaN,NaN,NaN,NaN,NaN,
2000010712,p05.2000,9X-P05,TY,NN,-16.3,164.9,25,NaN,147,5,147,5,NaN,NaN,NaN,NaN,NaN,NaN,NaN,NaN,NaN,NaN,TD,NW,B,B,NaN,NaN,NaN,NaN,NaN,NaN,
2000010718,05p.2000,IRIS,TY,NN,-16.3,165.5,20,NaN,106,5,106,5,NaN,NaN,NaN,NaN,NaN,NaN,NaN,NaN,NaN,NaN,NT,WN,B,B,NaN,NaN,NaN,NaN,NaN,NaN,
2000010800,05p.2000,IRIS,TY,NN,-16.4,166.0,65,NaN,95,5,95,5,NaN,NaN,NaN,NaN,NaN,NaN,NaN,NaN,NaN,NaN,TY,WN,B,B,NaN,NaN,NaN,NaN,NaN,NaN,
2000010806,05p.2000,IRIS,TY,NN,-16.6,166.6,70,NaN,106,5,106,5,NaN,NaN,NaN,NaN,NaN,NaN,NaN,NaN,NaN,NaN,TY,WN,B,B,NaN,NaN,NaN,NaN,NaN,NaN,
2000010812,05p.2000,IRIS,TY,NN,-16.7,167.5,70,NaN,102,7,102,7,NaN,NaN,NaN,NaN,NaN,NaN,NaN,NaN,NaN,NaN,TY,WN,B,B,NaN,NaN,0.17,NaN,NaN,NaN,
2000010818,05p.2000,IRIS,TY,NN,-17.0,168.2,65,NaN,105,8,105,8,NaN,NaN,NaN,NaN,NaN,NaN,NaN,NaN,NaN,NaN,TY,WN,B,B,NaN,NaN,0.05,NaN,NaN,NaN,
2000010900,05p.2000,IRIS,TY,NN,-17.3,169.3,65,NaN,109,9,109,9,NaN,NaN,NaN,NaN,NaN,NaN,NaN,NaN,NaN,NaN,TY,WN,B,B,NaN,NaN,NaN,NaN,NaN,NaN,
2000010906,05p.2000,IRIS,TY,NN,-17.6,170.8,60,NaN,104,13,104,13,NaN,NaN,NaN,NaN,NaN,NaN,NaN,NaN,NaN,NaN,TS,WN,B,B,NaN,NaN,NaN,NaN,NaN,NaN,
2000010912,05p.2000,IRIS,TY,NN,-18.0,172.3,55,NaN,104,15,104,15,NaN,NaN,NaN,NaN,NaN,NaN,NaN,NaN,NaN,NaN,TS,WN,B,B,NaN,NaN,NaN,NaN,NaN,NaN,
2000010918,05p.2000,IRIS,TY,NN,-18.5,174.1,45,NaN,106,16,106,16,NaN,NaN,NaN,NaN,NaN,NaN,NaN,NaN,NaN,NaN,TS,WN,B,B,NaN,NaN,NaN,NaN,NaN,NaN,
2000011000,05p.2000,IRIS,TY,NN,-18.9,175.9,45,NaN,105,18,105,18,NaN,NaN,NaN,NaN,NaN,NaN,NaN,NaN,NaN,NaN,TS,WN,B,B,NaN,NaN,NaN,NaN,NaN,NaN,
2000011006,05p.2000,IRIS,TY,NN,-19.3,177.4,35,NaN,104,16,104,16,NaN,NaN,NaN,NaN,NaN,NaN,NaN,NaN,NaN,NaN,TS,WN,B,B,NaN,NaN,NaN,NaN,NaN,NaN,
2000011012,05p.2000,IRIS,TY,NN,-19.6,178.6,25,NaN,105,13,105,13,NaN,NaN,NaN,NaN,NaN,NaN,NaN,NaN,NaN,NaN,TD,NW,B,B,NaN,NaN,0.03,NaN,NaN,NaN,
2000011018,05p.2000,IRIS,TY,NN,-19.9,180.2,25,NaN,105,14,111,14,NaN,NaN,NaN,NaN,NaN,NaN,NaN,NaN,NaN,NaN,TD,WN,c,c,NaN,NaN,NaN,NaN,NaN,NaN,
2000011812,s06.2000,9X-S06,TS,NN,-10.7,127.7,20,NaN,251,5,251,5,NaN,NaN,NaN,NaN,NaN,NaN,NaN,NaN,NaN,NaN,NT,NW,b,b,NaN,NaN,NaN,NaN,NaN,NaN,
2000011818,s06.2000,9X-S06,TD,NN,-11.1,126.9,25,NaN,251,9,251,9,NaN,NaN,NaN,NaN,NaN,NaN,NaN,NaN,NaN,NaN,TD,NW,B,B,NaN,NaN,NaN,NaN,NaN,NaN,
2000011900,s06.2000,9X-S06,TD,NN,-11.4,126.1,25,NaN,251,9,251,9,NaN,NaN,NaN,NaN,NaN,NaN,NaN,NaN,NaN,NaN,TD,NW,B,B,NaN,NaN,NaN,NaN,NaN,NaN,
2000011906,s06.2000,9X-S06,TD,NN,-11.7,125.1,25,NaN,251,9,251,9,NaN,NaN,NaN,NaN,NaN,NaN,NaN,NaN,NaN,NaN,TD,NW,B,B,NaN,NaN,NaN,NaN,NaN,NaN,
2000011912,s06.2000,9X-S06,TD,NN,-12.3,124.0,25,NaN,246,11,246,11,NaN,NaN,NaN,NaN,NaN,NaN,NaN,NaN,NaN,NaN,TD,NW,B,B,NaN,NaN,NaN,NaN,NaN,NaN,
2000011918,s06.2000,9X-S06,TD,NN,-12.7,123.0,25,NaN,244,11,244,11,NaN,NaN,NaN,NaN,NaN,NaN,NaN,NaN,NaN,NaN,TD,NW,B,B,NaN,NaN,NaN,NaN,NaN,NaN,
2000012000,s06.2000,9X-S06,TD,NN,-13.4,121.6,25,NaN,245,13,245,13,NaN,NaN,NaN,NaN,NaN,NaN,NaN,NaN,NaN,NaN,TD,NW,B,B,NaN,NaN,NaN,NaN,NaN,NaN,
2000012006,s06.2000,9X-S06,TD,NN,-14.3,120.2,25,NaN,240,16,240,16,NaN,NaN,NaN,NaN,NaN,NaN,NaN,NaN,NaN,NaN,TD,NW,B,B,NaN,NaN,NaN,NaN,NaN,NaN,
2000012012,s06.2000,9X-S06,TD,NN,-15.3,118.5,25,NaN,238,18,238,18,NaN,NaN,NaN,NaN,NaN,NaN,NaN,NaN,NaN,NaN,TD,NW,B,B,NaN,NaN,NaN,NaN,NaN,NaN,
2000012018,s06.2000,9X-S06,TD,NN,-16.0,117.1,25,NaN,240,17,240,17,NaN,NaN,NaN,NaN,NaN,NaN,NaN,NaN,NaN,NaN,TD,NW,B,B,NaN,NaN,NaN,NaN,NaN,NaN,
2000012100,06s.2000,NONAME,TD,NN,-16.4,116.4,30,NaN,241,12,241,12,NaN,NaN,NaN,NaN,NaN,NaN,NaN,NaN,NaN,NaN,TD,WN,B,B,NaN,NaN,NaN,NaN,NaN,NaN,
2000012106,06s.2000,NONAME,TD,NN,-16.9,115.8,30,NaN,234,8,234,8,NaN,NaN,NaN,NaN,NaN,NaN,NaN,NaN,NaN,NaN,TD,WN,B,B,NaN,NaN,NaN,NaN,NaN,NaN,
2000012112,06s.2000,NONAME,TD,NN,-17.5,115.5,30,NaN,218,7,218,7,NaN,NaN,NaN,NaN,NaN,NaN,NaN,NaN,NaN,NaN,TD,WN,B,B,NaN,NaN,NaN,NaN,NaN,NaN,
2000012118,06s.2000,NONAME,TD,NN,-17.9,115.5,30,NaN,196,5,196,5,NaN,NaN,NaN,NaN,NaN,NaN,NaN,NaN,NaN,NaN,TD,WN,B,B,NaN,NaN,NaN,NaN,NaN,NaN,
2000012200,06s.2000,NONAME,TD,NN,-18.5,115.5,30,NaN,180,5,180,5,NaN,NaN,NaN,NaN,NaN,NaN,NaN,NaN,NaN,NaN,TD,WN,B,B,NaN,NaN,NaN,NaN,NaN,NaN,
2000012206,06s.2000,NONAME,TD,NN,-18.9,115.6,30,NaN,175,5,175,5,NaN,NaN,NaN,NaN,NaN,NaN,NaN,NaN,NaN,NaN,TD,WN,B,B,NaN,NaN,NaN,NaN,NaN,NaN,
2000012212,06s.2000,NONAME,TD,NN,-19.2,116.1,30,NaN,141,5,141,5,NaN,NaN,NaN,NaN,NaN,NaN,NaN,NaN,NaN,NaN,TD,WN,B,B,NaN,NaN,NaN,NaN,NaN,NaN,
2000012218,06s.2000,NONAME,TD,NN,-19.9,116.9,30,NaN,129,8,129,8,NaN,NaN,NaN,NaN,NaN,NaN,NaN,NaN,NaN,NaN,TD,WN,B,B,NaN,NaN,NaN,NaN,NaN,NaN,
2000012300,06s.2000,NONAME,TD,NN,-20.7,117.7,25,NaN,135,11,135,11,NaN,NaN,NaN,NaN,NaN,NaN,NaN,NaN,NaN,NaN,TD,WN,B,B,NaN,NaN,0.33,NaN,NaN,NaN,
2000012306,06s.2000,NONAME,TD,NN,-21.5,118.5,20,NaN,137,11,137,11,NaN,NaN,NaN,NaN,NaN,NaN,NaN,NaN,NaN,NaN,NT,NW,B,B,NaN,NaN,1.00,NaN,NaN,NaN,
2000012212,p07.2000,9X-P07,TY,NN,-13.3,170.9,25,NaN,136,6,143,5,NaN,NaN,NaN,NaN,NaN,NaN,NaN,NaN,NaN,NaN,TD,NW,c,c,NaN,NaN,NaN,NaN,NaN,NaN,
2000012218,p07.2000,9X-P07,TY,NN,-13.8,171.1,25,NaN,136,6,143,5,NaN,NaN,NaN,NaN,NaN,NaN,NaN,NaN,NaN,NaN,TD,NW,c,c,NaN,NaN,NaN,NaN,NaN,NaN,
2000012300,p07.2000,9X-P07,TY,NN,-14.5,171.7,25,NaN,152,9,152,9,NaN,NaN,NaN,NaN,NaN,NaN,NaN,NaN,NaN,NaN,TD,NW,B,B,NaN,NaN,NaN,NaN,NaN,NaN,
2000012306,p07.2000,9X-P07,TY,NN,-15.2,172.3,25,NaN,152,9,152,9,NaN,NaN,NaN,NaN,NaN,NaN,NaN,NaN,NaN,NaN,TD,NW,B,B,NaN,NaN,NaN,NaN,NaN,NaN,
2000012312,p07.2000,9X-P07,TY,NN,-16.1,172.6,30,NaN,152,9,152,9,NaN,NaN,NaN,NaN,NaN,NaN,NaN,NaN,NaN,NaN,TD,NW,B,B,NaN,NaN,NaN,NaN,NaN,NaN,
2000012318,p07.2000,9X-P07,TY,NN,-17.0,172.8,30,NaN,165,9,165,9,NaN,NaN,NaN,NaN,NaN,NaN,NaN,NaN,NaN,NaN,TD,NW,B,B,NaN,NaN,NaN,NaN,NaN,NaN,
2000012400,07p.2000,JO,TY,NN,-17.8,173.1,40,NaN,164,9,164,9,NaN,NaN,NaN,NaN,NaN,NaN,NaN,NaN,NaN,NaN,TS,WN,B,B,NaN,NaN,NaN,NaN,NaN,NaN,
2000012406,07p.2000,JO,TY,NN,-18.4,173.3,40,NaN,161,7,161,7,NaN,NaN,NaN,NaN,NaN,NaN,NaN,NaN,NaN,NaN,TS,WN,B,B,NaN,NaN,NaN,NaN,NaN,NaN,
2000012412,07p.2000,JO,TY,NN,-19.1,173.5,45,NaN,164,7,164,7,NaN,NaN,NaN,NaN,NaN,NaN,NaN,NaN,NaN,NaN,TS,WN,B,B,NaN,NaN,NaN,NaN,NaN,NaN,
2000012418,07p.2000,JO,TY,NN,-19.7,173.8,50,NaN,160,7,160,7,NaN,NaN,NaN,NaN,NaN,NaN,NaN,NaN,NaN,NaN,TS,WN,B,B,NaN,NaN,NaN,NaN,NaN,NaN,
2000012500,07p.2000,JO,TY,NN,-20.4,174.3,50,NaN,150,8,150,8,NaN,NaN,NaN,NaN,NaN,NaN,NaN,NaN,NaN,NaN,TS,WN,B,B,NaN,NaN,NaN,NaN,NaN,NaN,
2000012506,07p.2000,JO,TY,NN,-21.0,174.7,55,NaN,147,8,147,8,NaN,NaN,NaN,NaN,NaN,NaN,NaN,NaN,NaN,NaN,TS,WN,B,B,NaN,NaN,NaN,NaN,NaN,NaN,
2000012512,07p.2000,JO,TY,NN,-21.6,175.1,60,NaN,148,7,148,7,NaN,NaN,NaN,NaN,NaN,NaN,NaN,NaN,NaN,NaN,TS,WN,B,B,NaN,NaN,NaN,NaN,NaN,NaN,
2000012518,07p.2000,JO,TY,NN,-22.1,175.7,65,NaN,140,7,140,7,NaN,NaN,NaN,NaN,NaN,NaN,NaN,NaN,NaN,NaN,TY,WN,B,B,NaN,NaN,NaN,NaN,NaN,NaN,
2000012600,07p.2000,JO,TY,NN,-23.0,176.7,60,NaN,133,10,133,10,NaN,NaN,NaN,NaN,NaN,NaN,NaN,NaN,NaN,NaN,TS,WN,B,B,NaN,NaN,NaN,NaN,NaN,NaN,
2000012606,07p.2000,JO,TY,NN,-24.2,177.7,60,NaN,139,14,139,14,NaN,NaN,NaN,NaN,NaN,NaN,NaN,NaN,NaN,NaN,TS,WN,B,B,NaN,NaN,NaN,NaN,NaN,NaN,
2000012612,07p.2000,JO,TY,NN,-25.4,178.9,60,NaN,140,16,140,16,NaN,NaN,NaN,NaN,NaN,NaN,NaN,NaN,NaN,NaN,TS,WN,B,B,NaN,NaN,NaN,NaN,NaN,NaN,
2000012618,07p.2000,JO,TY,NN,-26.5,180.3,65,NaN,134,16,134,16,NaN,NaN,NaN,NaN,NaN,NaN,NaN,NaN,NaN,NaN,TY,WN,B,B,NaN,NaN,NaN,NaN,NaN,NaN,
2000012700,07p.2000,JO,TY,NN,-27.4,181.7,60,NaN,129,16,129,16,NaN,NaN,NaN,NaN,NaN,NaN,NaN,NaN,NaN,NaN,TS,WN,B,B,NaN,NaN,NaN,NaN,NaN,NaN,
2000012706,07p.2000,JO,TY,NN,-28.2,183.4,55,NaN,122,16,122,16,NaN,NaN,NaN,NaN,NaN,NaN,NaN,NaN,NaN,NaN,TS,NW,B,B,NaN,NaN,NaN,NaN,NaN,NaN,
2000012712,07p.2000,JO,TY,NN,-29.2,186.1,35,NaN,115,21,115,21,NaN,NaN,NaN,NaN,NaN,NaN,NaN,NaN,NaN,NaN,TS,NW,B,B,NaN,NaN,NaN,NaN,NaN,NaN,
2000012718,07p.2000,JO,TY,NN,-30.2,189.0,30,NaN,112,26,112,26,NaN,NaN,NaN,NaN,NaN,NaN,NaN,NaN,NaN,NaN,TD,NW,B,B,NaN,NaN,NaN,NaN,NaN,NaN,
2000012800,07p.2000,JO,TY,NN,-31.4,191.9,25,NaN,114,27,114,27,NaN,NaN,NaN,NaN,NaN,NaN,NaN,NaN,NaN,NaN,TD,NW,B,B,NaN,NaN,NaN,NaN,NaN,NaN,
2000012806,07p.2000,JO,TY,NN,-32.8,195.3,25,NaN,116,30,116,30,NaN,NaN,NaN,NaN,NaN,NaN,NaN,NaN,NaN,NaN,TD,NW,B,B,NaN,NaN,NaN,NaN,NaN,NaN,
2000012500,s08.2000,9X-S08,TY,NN,-15.2,56.2,20,NaN,297,2,297,2,NaN,NaN,NaN,NaN,NaN,NaN,NaN,NaN,NaN,NaN,NT,NW,B,B,NaN,NaN,NaN,NaN,NaN,NaN,
2000012506,s08.2000,9X-S08,TY,NN,-15.1,56.0,25,NaN,297,2,297,2,NaN,NaN,NaN,NaN,NaN,NaN,NaN,NaN,NaN,NaN,TD,NW,B,B,NaN,NaN,NaN,NaN,NaN,NaN,
2000012512,s08.2000,9X-S08,TY,NN,-15.0,55.8,25,NaN,297,2,297,2,NaN,NaN,NaN,NaN,NaN,NaN,NaN,NaN,NaN,NaN,TD,NW,B,B,NaN,NaN,NaN,NaN,NaN,NaN,
2000012518,08s.2000,CONNIE,TY,NN,-14.8,55.7,35,NaN,316,2,316,2,NaN,NaN,NaN,NaN,NaN,NaN,NaN,NaN,NaN,NaN,TS,WN,B,B,NaN,NaN,NaN,NaN,NaN,NaN,
2000012600,08s.2000,CONNIE,TY,NN,-14.6,55.6,35,NaN,334,2,334,2,NaN,NaN,NaN,NaN,NaN,NaN,NaN,NaN,NaN,NaN,TS,WN,B,B,NaN,NaN,NaN,NaN,NaN,NaN,
2000012606,08s.2000,CONNIE,TY,NN,-14.5,55.6,35,NaN,342,2,342,2,NaN,NaN,NaN,NaN,NaN,NaN,NaN,NaN,NaN,NaN,TS,WN,B,B,NaN,NaN,NaN,NaN,NaN,NaN,
2000012612,08s.2000,CONNIE,TY,NN,-14.4,55.7,45,NaN,26,1,26,1,NaN,NaN,NaN,NaN,NaN,NaN,NaN,NaN,NaN,NaN,TS,WN,B,B,NaN,NaN,NaN,NaN,NaN,NaN,
2000012618,08s.2000,CONNIE,TY,NN,-14.4,55.9,55,NaN,71,2,71,2,NaN,NaN,NaN,NaN,NaN,NaN,NaN,NaN,NaN,NaN,TS,WN,B,B,NaN,NaN,NaN,NaN,NaN,NaN,
2000012700,08s.2000,CONNIE,TY,NN,-14.7,56.2,60,NaN,122,3,122,3,NaN,NaN,NaN,NaN,NaN,NaN,NaN,NaN,NaN,NaN,TS,WN,B,B,NaN,NaN,NaN,NaN,NaN,NaN,
2000012706,08s.2000,CONNIE,TY,NN,-15.1,56.4,65,NaN,145,4,145,4,NaN,NaN,NaN,NaN,NaN,NaN,NaN,NaN,NaN,NaN,TY,WN,B,B,NaN,NaN,NaN,NaN,NaN,NaN,
2000012712,08s.2000,CONNIE,TY,NN,-15.5,56.6,85,NaN,154,4,154,4,NaN,NaN,NaN,NaN,NaN,NaN,NaN,NaN,NaN,NaN,TY,WN,B,B,NaN,NaN,NaN,NaN,NaN,NaN,
2000012718,08s.2000,CONNIE,TY,NN,-15.9,56.8,115,NaN,154,4,154,4,NaN,NaN,NaN,NaN,NaN,NaN,NaN,NaN,NaN,NaN,TY,WN,B,B,NaN,NaN,NaN,NaN,NaN,NaN,
2000012800,08s.2000,CONNIE,TY,NN,-16.3,57.0,120,NaN,154,4,154,4,NaN,NaN,NaN,NaN,NaN,NaN,NaN,NaN,NaN,NaN,TY,WN,B,B,NaN,NaN,NaN,NaN,NaN,NaN,
2000012806,08s.2000,CONNIE,TY,NN,-16.7,57.0,110,NaN,167,4,167,4,NaN,NaN,NaN,NaN,NaN,NaN,NaN,NaN,NaN,NaN,TY,WN,B,B,NaN,NaN,NaN,NaN,NaN,NaN,
2000012812,08s.2000,CONNIE,TY,NN,-17.1,57.0,110,NaN,180,4,180,4,NaN,NaN,NaN,NaN,NaN,NaN,NaN,NaN,NaN,NaN,TY,WN,B,B,NaN,NaN,NaN,NaN,NaN,NaN,
2000012818,08s.2000,CONNIE,TY,NN,-17.6,56.6,105,NaN,203,5,203,5,NaN,NaN,NaN,NaN,NaN,NaN,NaN,NaN,NaN,NaN,TY,WN,B,B,NaN,NaN,NaN,NaN,NaN,NaN,
2000012900,08s.2000,CONNIE,TY,NN,-18.1,56.1,95,NaN,221,7,221,7,NaN,NaN,NaN,NaN,NaN,NaN,NaN,NaN,NaN,NaN,TY,WN,B,B,NaN,NaN,NaN,NaN,NaN,NaN,
2000012906,08s.2000,CONNIE,TY,NN,-19.0,55.4,90,NaN,219,9,219,9,NaN,NaN,NaN,NaN,NaN,NaN,NaN,NaN,NaN,NaN,TY,WN,B,B,NaN,NaN,NaN,NaN,NaN,NaN,
2000012912,08s.2000,CONNIE,TY,NN,-19.9,54.7,80,NaN,216,11,216,11,NaN,NaN,NaN,NaN,NaN,NaN,NaN,NaN,NaN,NaN,TY,WN,B,B,NaN,NaN,NaN,NaN,NaN,NaN,
2000012918,08s.2000,CONNIE,TY,NN,-20.9,53.8,80,NaN,218,12,218,12,NaN,NaN,NaN,NaN,NaN,NaN,NaN,NaN,NaN,NaN,TY,WN,B,B,NaN,NaN,NaN,NaN,NaN,NaN,
2000013000,08s.2000,CONNIE,TY,NN,-22.0,53.0,70,NaN,217,13,217,13,NaN,NaN,NaN,NaN,NaN,NaN,NaN,NaN,NaN,NaN,TY,WN,B,B,NaN,NaN,NaN,NaN,NaN,NaN,
2000013006,08s.2000,CONNIE,TY,NN,-23.2,51.8,65,NaN,219,15,219,15,NaN,NaN,NaN,NaN,NaN,NaN,NaN,NaN,NaN,NaN,TY,WN,B,B,NaN,NaN,NaN,NaN,NaN,NaN,
2000013012,08s.2000,CONNIE,TY,NN,-24.4,50.8,65,NaN,220,16,220,16,NaN,NaN,NaN,NaN,NaN,NaN,NaN,NaN,NaN,NaN,TY,WN,B,B,NaN,NaN,NaN,NaN,NaN,NaN,
2000013018,08s.2000,CONNIE,TY,NN,-25.2,50.2,65,NaN,216,12,216,12,NaN,NaN,NaN,NaN,NaN,NaN,NaN,NaN,NaN,NaN,TY,WN,B,B,NaN,NaN,NaN,NaN,NaN,NaN,
2000013100,08s.2000,CONNIE,TY,NN,-26.3,50.2,65,NaN,196,10,196,10,NaN,NaN,NaN,NaN,NaN,NaN,NaN,NaN,NaN,NaN,TY,WN,B,B,NaN,NaN,NaN,NaN,NaN,NaN,
2000013106,08s.2000,CONNIE,TY,NN,-27.6,50.4,55,NaN,176,12,176,12,NaN,NaN,NaN,NaN,NaN,NaN,NaN,NaN,NaN,NaN,TS,WN,B,B,NaN,NaN,NaN,NaN,NaN,NaN,
2000013112,08s.2000,CONNIE,TY,NN,-28.8,50.9,55,NaN,166,13,166,13,NaN,NaN,NaN,NaN,NaN,NaN,NaN,NaN,NaN,NaN,TS,WN,B,B,NaN,NaN,NaN,NaN,NaN,NaN,
2000013118,08s.2000,CONNIE,TY,NN,-29.7,51.3,65,NaN,159,11,159,11,NaN,NaN,NaN,NaN,NaN,NaN,NaN,NaN,NaN,NaN,TY,WN,B,B,NaN,NaN,NaN,NaN,NaN,NaN,
2000020100,08s.2000,CONNIE,TY,NN,-30.5,51.8,60,NaN,155,9,155,9,NaN,NaN,NaN,NaN,NaN,NaN,NaN,NaN,NaN,NaN,TS,WN,B,B,NaN,NaN,NaN,NaN,NaN,NaN,
2000020106,08s.2000,CONNIE,TY,NN,-31.3,52.3,45,NaN,152,9,152,9,NaN,NaN,NaN,NaN,NaN,NaN,NaN,NaN,NaN,NaN,TS,WN,B,B,NaN,NaN,NaN,NaN,NaN,NaN,
2000020112,08s.2000,CONNIE,TY,NN,-31.7,52.7,35,NaN,147,7,147,7,NaN,NaN,NaN,NaN,NaN,NaN,NaN,NaN,NaN,NaN,TS,WN,B,B,NaN,NaN,NaN,NaN,NaN,NaN,
2000020118,08s.2000,CONNIE,TY,NN,-32.2,53.2,35,NaN,140,6,140,6,NaN,NaN,NaN,NaN,NaN,NaN,NaN,NaN,NaN,NaN,TS,WN,B,B,NaN,NaN,NaN,NaN,NaN,NaN,
2000020200,08s.2000,CONNIE,TY,NN,-32.8,53.8,25,NaN,140,7,140,7,NaN,NaN,NaN,NaN,NaN,NaN,NaN,NaN,NaN,NaN,TD,WN,B,B,NaN,NaN,NaN,NaN,NaN,NaN,
2000020206,08s.2000,CONNIE,TY,NN,-33.4,54.5,25,NaN,138,8,138,8,NaN,NaN,NaN,NaN,NaN,NaN,NaN,NaN,NaN,NaN,TD,WN,B,B,NaN,NaN,NaN,NaN,NaN,NaN,
2000020212,08s.2000,CONNIE,TY,NN,-34.4,56.0,25,NaN,131,12,131,12,NaN,NaN,NaN,NaN,NaN,NaN,NaN,NaN,NaN,NaN,TD,NW,B,B,NaN,NaN,NaN,NaN,NaN,NaN,
2000012412,s09.2000,9X-S09,TY,NN,-11.8,102.6,25,NaN,110,7,110,7,NaN,NaN,NaN,NaN,NaN,NaN,NaN,NaN,NaN,NaN,TD,NW,B,B,NaN,NaN,NaN,NaN,NaN,NaN,
2000012418,s09.2000,9X-S09,TY,NN,-12.0,103.2,20,NaN,110,7,110,7,NaN,NaN,NaN,NaN,NaN,NaN,NaN,NaN,NaN,NaN,NT,NW,B,B,NaN,NaN,NaN,NaN,NaN,NaN,
2000012500,s09.2000,9X-S09,TY,NN,-12.3,104.0,20,NaN,110,7,110,7,NaN,NaN,NaN,NaN,NaN,NaN,NaN,NaN,NaN,NaN,NT,NW,B,B,NaN,NaN,NaN,NaN,NaN,NaN,
2000012506,s09.2000,9X-S09,TY,NN,-12.6,105.3,25,NaN,106,11,106,11,NaN,NaN,NaN,NaN,NaN,NaN,NaN,NaN,NaN,NaN,TD,NW,B,B,NaN,NaN,NaN,NaN,NaN,NaN,
2000012512,s09.2000,9X-S09,TY,NN,-12.8,106.1,25,NaN,104,11,104,11,NaN,NaN,NaN,NaN,NaN,NaN,NaN,NaN,NaN,NaN,TD,NW,B,B,NaN,NaN,NaN,NaN,NaN,NaN,
2000012518,s09.2000,9X-S09,TY,NN,-13.0,106.9,25,NaN,104,8,104,8,NaN,NaN,NaN,NaN,NaN,NaN,NaN,NaN,NaN,NaN,TD,NW,B,B,NaN,NaN,NaN,NaN,NaN,NaN,
2000012600,s09.2000,9X-S09,TY,NN,-13.5,108.4,25,NaN,107,12,107,12,NaN,NaN,NaN,NaN,NaN,NaN,NaN,NaN,NaN,NaN,TD,NW,B,B,NaN,NaN,NaN,NaN,NaN,NaN,
2000012606,s09.2000,9X-S09,TY,NN,-14.1,109.8,25,NaN,111,15,111,15,NaN,NaN,NaN,NaN,NaN,NaN,NaN,NaN,NaN,NaN,TD,NW,B,B,NaN,NaN,NaN,NaN,NaN,NaN,
2000012612,s09.2000,9X-S09,TY,NN,-14.9,110.7,25,NaN,122,13,122,13,NaN,NaN,NaN,NaN,NaN,NaN,NaN,NaN,NaN,NaN,TD,NW,B,B,NaN,NaN,NaN,NaN,NaN,NaN,
2000012618,s09.2000,9X-S09,TY,NN,-15.7,111.6,25,NaN,133,12,133,12,NaN,NaN,NaN,NaN,NaN,NaN,NaN,NaN,NaN,NaN,TD,NW,B,B,NaN,NaN,NaN,NaN,NaN,NaN,
2000012700,s09.2000,9X-S09,TY,NN,-16.4,112.3,25,NaN,134,11,134,11,NaN,NaN,NaN,NaN,NaN,NaN,NaN,NaN,NaN,NaN,TD,NW,B,B,NaN,NaN,NaN,NaN,NaN,NaN,
2000012706,09s.2000,KIRRILY,TY,NN,-17.1,112.4,30,NaN,151,8,151,8,NaN,NaN,NaN,NaN,NaN,NaN,NaN,NaN,NaN,NaN,TD,WN,B,B,NaN,NaN,NaN,NaN,NaN,NaN,
2000012712,09s.2000,KIRRILY,TY,NN,-17.8,112.2,30,NaN,184,7,184,7,NaN,NaN,NaN,NaN,NaN,NaN,NaN,NaN,NaN,NaN,TD,WN,B,B,NaN,NaN,NaN,NaN,NaN,NaN,
2000012718,09s.2000,KIRRILY,TY,NN,-18.2,111.8,30,NaN,207,6,207,6,NaN,NaN,NaN,NaN,NaN,NaN,NaN,NaN,NaN,NaN,TD,WN,B,B,NaN,NaN,NaN,NaN,NaN,NaN,
2000012800,09s.2000,KIRRILY,TY,NN,-18.4,111.0,35,NaN,242,6,242,6,NaN,NaN,NaN,NaN,NaN,NaN,NaN,NaN,NaN,NaN,TS,WN,B,B,NaN,NaN,NaN,NaN,NaN,NaN,
2000012806,09s.2000,KIRRILY,TY,NN,-18.5,110.1,50,NaN,259,8,259,8,NaN,NaN,NaN,NaN,NaN,NaN,NaN,NaN,NaN,NaN,TS,WN,B,B,NaN,NaN,NaN,NaN,NaN,NaN,
2000012812,09s.2000,KIRRILY,TY,NN,-18.8,109.4,55,NaN,255,8,255,8,NaN,NaN,NaN,NaN,NaN,NaN,NaN,NaN,NaN,NaN,TS,WN,B,B,NaN,NaN,NaN,NaN,NaN,NaN,
2000012818,09s.2000,KIRRILY,TY,NN,-19.2,108.8,65,NaN,240,7,240,7,NaN,NaN,NaN,NaN,NaN,NaN,NaN,NaN,NaN,NaN,TY,WN,B,B,NaN,NaN,NaN,NaN,NaN,NaN,
2000012900,09s.2000,KIRRILY,TY,NN,-19.7,108.2,70,NaN,232,7,232,7,NaN,NaN,NaN,NaN,NaN,NaN,NaN,NaN,NaN,NaN,TY,WN,B,B,NaN,NaN,NaN,NaN,NaN,NaN,
2000012906,09s.2000,KIRRILY,TY,NN,-20.3,107.5,80,NaN,228,8,228,8,NaN,NaN,NaN,NaN,NaN,NaN,NaN,NaN,NaN,NaN,TY,WN,B,B,NaN,NaN,NaN,NaN,NaN,NaN,
2000012912,09s.2000,KIRRILY,TY,NN,-20.9,107.0,85,NaN,223,8,223,8,NaN,NaN,NaN,NaN,NaN,NaN,NaN,NaN,NaN,NaN,TY,WN,B,B,NaN,NaN,NaN,NaN,NaN,NaN,
2000012918,09s.2000,KIRRILY,TY,NN,-21.4,106.5,75,NaN,220,7,220,7,NaN,NaN,NaN,NaN,NaN,NaN,NaN,NaN,NaN,NaN,TY,WN,B,B,NaN,NaN,NaN,NaN,NaN,NaN,
2000013000,09s.2000,KIRRILY,TY,NN,-21.9,106.1,70,NaN,220,7,220,7,NaN,NaN,NaN,NaN,NaN,NaN,NaN,NaN,NaN,NaN,TY,WN,B,B,NaN,NaN,NaN,NaN,NaN,NaN,
2000013006,09s.2000,KIRRILY,TY,NN,-22.6,105.8,65,NaN,208,7,208,7,NaN,NaN,NaN,NaN,NaN,NaN,NaN,NaN,NaN,NaN,TY,WN,B,B,NaN,NaN,NaN,NaN,NaN,NaN,
2000013012,09s.2000,KIRRILY,TY,NN,-23.1,105.7,65,NaN,197,6,197,6,NaN,NaN,NaN,NaN,NaN,NaN,NaN,NaN,NaN,NaN,TY,WN,B,B,NaN,NaN,NaN,NaN,NaN,NaN,
2000013018,09s.2000,KIRRILY,TY,NN,-23.3,105.6,55,NaN,195,4,195,4,NaN,NaN,NaN,NaN,NaN,NaN,NaN,NaN,NaN,NaN,TS,WN,B,B,NaN,NaN,NaN,NaN,NaN,NaN,
2000013100,09s.2000,KIRRILY,TY,NN,-23.4,105.5,45,NaN,211,2,211,2,NaN,NaN,NaN,NaN,NaN,NaN,NaN,NaN,NaN,NaN,TS,WN,B,B,NaN,NaN,NaN,NaN,NaN,NaN,
2000013106,09s.2000,KIRRILY,TY,NN,-23.4,105.3,35,NaN,250,1,250,1,NaN,NaN,NaN,NaN,NaN,NaN,NaN,NaN,NaN,NaN,TS,WN,B,B,NaN,NaN,NaN,NaN,NaN,NaN,
2000013112,09s.2000,KIRRILY,TY,NN,-23.1,105.2,35,NaN,317,2,317,2,NaN,NaN,NaN,NaN,NaN,NaN,NaN,NaN,NaN,NaN,TS,WN,B,B,NaN,NaN,NaN,NaN,NaN,NaN,
2000013118,09s.2000,KIRRILY,TY,NN,-22.9,105.0,35,NaN,331,3,331,3,NaN,NaN,NaN,NaN,NaN,NaN,NaN,NaN,NaN,NaN,TS,WN,B,B,NaN,NaN,NaN,NaN,NaN,NaN,
2000020100,09s.2000,KIRRILY,TY,NN,-22.6,104.7,30,NaN,317,3,317,3,NaN,NaN,NaN,NaN,NaN,NaN,NaN,NaN,NaN,NaN,TD,WN,B,B,NaN,NaN,NaN,NaN,NaN,NaN,
2000020106,09s.2000,KIRRILY,TY,NN,-22.4,104.1,30,NaN,301,5,301,5,NaN,NaN,NaN,NaN,NaN,NaN,NaN,NaN,NaN,NaN,TD,WN,B,B,NaN,NaN,NaN,NaN,NaN,NaN,
2000020112,09s.2000,KIRRILY,TY,NN,-22.1,103.5,30,NaN,294,6,294,6,NaN,NaN,NaN,NaN,NaN,NaN,NaN,NaN,NaN,NaN,TD,WN,B,B,NaN,NaN,NaN,NaN,NaN,NaN,
2000020118,09s.2000,KIRRILY,TY,NN,-21.9,102.9,25,NaN,294,6,294,6,NaN,NaN,NaN,NaN,NaN,NaN,NaN,NaN,NaN,NaN,TD,WN,B,B,NaN,NaN,NaN,NaN,NaN,NaN,
2000013012,s10.2000,9X-S10,TS,NN,-11.9,74.8,20,NaN,311,5,311,5,NaN,NaN,NaN,NaN,NaN,NaN,NaN,NaN,NaN,NaN,NT,NW,b,b,NaN,NaN,NaN,NaN,NaN,NaN,
2000013018,s10.2000,9X-S10,TS,NN,-11.1,73.7,20,NaN,117,7,117,7,NaN,NaN,NaN,NaN,NaN,NaN,NaN,NaN,NaN,NaN,NT,NW,B,B,NaN,NaN,NaN,NaN,NaN,NaN,
2000013100,s10.2000,9X-S10,TS,NN,-11.4,74.3,20,NaN,117,7,117,7,NaN,NaN,NaN,NaN,NaN,NaN,NaN,NaN,NaN,NaN,NT,NW,B,B,NaN,NaN,NaN,NaN,NaN,NaN,
2000013106,s10.2000,9X-S10,TS,NN,-11.7,74.9,25,NaN,117,7,117,7,NaN,NaN,NaN,NaN,NaN,NaN,NaN,NaN,NaN,NaN,TD,NW,B,B,NaN,NaN,NaN,NaN,NaN,NaN,
2000013112,s10.2000,9X-S10,TS,NN,-12.0,75.6,25,NaN,115,7,115,7,NaN,NaN,NaN,NaN,NaN,NaN,NaN,NaN,NaN,NaN,TD,NW,B,B,NaN,NaN,NaN,NaN,NaN,NaN,
2000013118,s10.2000,9X-S10,TS,NN,-12.5,76.3,25,NaN,120,8,120,8,NaN,NaN,NaN,NaN,NaN,NaN,NaN,NaN,NaN,NaN,TD,NW,B,B,NaN,NaN,NaN,NaN,NaN,NaN,
2000020100,s10.2000,9X-S10,TS,NN,-13.0,77.0,30,NaN,126,8,126,8,NaN,NaN,NaN,NaN,NaN,NaN,NaN,NaN,NaN,NaN,TD,NW,B,B,NaN,NaN,NaN,NaN,NaN,NaN,
2000020106,s10.2000,9X-S10,TS,NN,-13.8,77.9,25,NaN,130,10,130,10,NaN,NaN,NaN,NaN,NaN,NaN,NaN,NaN,NaN,NaN,TD,NW,B,B,NaN,NaN,NaN,NaN,NaN,NaN,
2000020112,s10.2000,9X-S10,TS,NN,-14.8,78.3,25,NaN,145,11,145,11,NaN,NaN,NaN,NaN,NaN,NaN,NaN,NaN,NaN,NaN,TD,NW,B,B,NaN,NaN,NaN,NaN,NaN,NaN,
2000020118,10s.2000,DAMIENNE,TS,NN,-15.5,78.1,45,NaN,174,9,174,9,NaN,NaN,NaN,NaN,NaN,NaN,NaN,NaN,NaN,NaN,TS,WN,B,B,NaN,NaN,NaN,NaN,NaN,NaN,
2000020200,10s.2000,DAMIENNE,TS,NN,-15.8,77.5,50,NaN,218,6,218,6,NaN,NaN,NaN,NaN,NaN,NaN,NaN,NaN,NaN,NaN,TS,WN,B,B,NaN,NaN,NaN,NaN,NaN,NaN,
2000020206,10s.2000,DAMIENNE,TS,NN,-16.1,77.0,35,NaN,240,6,240,6,NaN,NaN,NaN,NaN,NaN,NaN,NaN,NaN,NaN,NaN,TS,WN,B,B,NaN,NaN,NaN,NaN,NaN,NaN,
2000020212,10s.2000,DAMIENNE,TS,NN,-16.6,76.6,35,NaN,227,6,227,6,NaN,NaN,NaN,NaN,NaN,NaN,NaN,NaN,NaN,NaN,TS,WN,B,B,NaN,NaN,NaN,NaN,NaN,NaN,
2000020218,10s.2000,DAMIENNE,TS,NN,-17.3,76.1,25,NaN,216,7,216,7,NaN,NaN,NaN,NaN,NaN,NaN,NaN,NaN,NaN,NaN,TD,WN,B,B,NaN,NaN,NaN,NaN,NaN,NaN,
2000020300,10s.2000,DAMIENNE,TS,NN,-17.6,74.8,25,NaN,240,10,240,10,NaN,NaN,NaN,NaN,NaN,NaN,NaN,NaN,NaN,NaN,TD,NW,B,B,NaN,NaN,NaN,NaN,NaN,NaN,
2000020306,10s.2000,DAMIENNE,TS,NN,-18.2,72.9,25,NaN,254,16,254,16,NaN,NaN,NaN,NaN,NaN,NaN,NaN,NaN,NaN,NaN,TD,NW,B,B,NaN,NaN,NaN,NaN,NaN,NaN,
2000020312,10s.2000,DAMIENNE,TS,NN,-18.8,71.5,25,NaN,249,17,249,17,NaN,NaN,NaN,NaN,NaN,NaN,NaN,NaN,NaN,NaN,TD,NW,B,B,NaN,NaN,NaN,NaN,NaN,NaN,
2000020300,s11.2000,9X-S11,TY,NN,-11.0,110.4,25,NaN,253,9,253,9,NaN,NaN,NaN,NaN,NaN,NaN,NaN,NaN,NaN,NaN,TD,NW,B,B,NaN,NaN,NaN,NaN,NaN,NaN,
2000020306,s11.2000,9X-S11,TY,NN,-11.2,109.6,25,NaN,253,9,253,9,NaN,NaN,NaN,NaN,NaN,NaN,NaN,NaN,NaN,NaN,TD,NW,B,B,NaN,NaN,NaN,NaN,NaN,NaN,
2000020312,s11.2000,9X-S11,TY,NN,-11.5,108.7,25,NaN,253,9,253,9,NaN,NaN,NaN,NaN,NaN,NaN,NaN,NaN,NaN,NaN,TD,NW,B,B,NaN,NaN,NaN,NaN,NaN,NaN,
2000020318,s11.2000,9X-S11,TY,NN,-11.8,107.9,25,NaN,250,9,250,9,NaN,NaN,NaN,NaN,NaN,NaN,NaN,NaN,NaN,NaN,TD,NW,B,B,NaN,NaN,NaN,NaN,NaN,NaN,
2000020400,11s.2000,LEON-ELINE,TY,NN,-12.1,107.1,30,NaN,249,8,249,8,NaN,NaN,NaN,NaN,NaN,NaN,NaN,NaN,NaN,NaN,TD,WN,B,B,NaN,NaN,NaN,NaN,NaN,NaN,
2000020406,11s.2000,LEON-ELINE,TY,NN,-12.5,106.1,35,NaN,248,9,248,9,NaN,NaN,NaN,NaN,NaN,NaN,NaN,NaN,NaN,NaN,TS,WN,B,B,NaN,NaN,NaN,NaN,NaN,NaN,
2000020412,11s.2000,LEON-ELINE,TY,NN,-13.2,105.4,35,NaN,236,10,236,10,NaN,NaN,NaN,NaN,NaN,NaN,NaN,NaN,NaN,NaN,TS,WN,B,B,NaN,NaN,NaN,NaN,NaN,NaN,
2000020418,11s.2000,LEON-ELINE,TY,NN,-13.8,105.0,35,NaN,219,8,219,8,NaN,NaN,NaN,NaN,NaN,NaN,NaN,NaN,NaN,NaN,TS,WN,B,B,NaN,NaN,NaN,NaN,NaN,NaN,
2000020500,11s.2000,LEON-ELINE,TY,NN,-14.0,104.2,55,NaN,236,7,236,7,NaN,NaN,NaN,NaN,NaN,NaN,NaN,NaN,NaN,NaN,TS,WN,B,B,NaN,NaN,NaN,NaN,NaN,NaN,
2000020506,11s.2000,LEON-ELINE,TY,NN,-14.4,103.5,55,NaN,248,8,248,8,NaN,NaN,NaN,NaN,NaN,NaN,NaN,NaN,NaN,NaN,TS,WN,B,B,NaN,NaN,NaN,NaN,NaN,NaN,
2000020512,11s.2000,LEON-ELINE,TY,NN,-14.8,102.8,55,NaN,239,8,239,8,NaN,NaN,NaN,NaN,NaN,NaN,NaN,NaN,NaN,NaN,TS,WN,B,B,NaN,NaN,NaN,NaN,NaN,NaN,
2000020518,11s.2000,LEON-ELINE,TY,NN,-15.4,102.3,55,NaN,229,8,229,8,NaN,NaN,NaN,NaN,NaN,NaN,NaN,NaN,NaN,NaN,TS,WN,B,B,NaN,NaN,NaN,NaN,NaN,NaN,
2000020600,11s.2000,LEON-ELINE,TY,NN,-15.9,101.6,60,NaN,226,8,226,8,NaN,NaN,NaN,NaN,NaN,NaN,NaN,NaN,NaN,NaN,TS,WN,B,B,NaN,NaN,NaN,NaN,NaN,NaN,
2000020606,11s.2000,LEON-ELINE,TY,NN,-16.5,100.7,65,NaN,234,9,234,9,NaN,NaN,NaN,NaN,NaN,NaN,NaN,NaN,NaN,NaN,TY,WN,B,B,NaN,NaN,NaN,NaN,NaN,NaN,
2000020612,11s.2000,LEON-ELINE,TY,NN,-17.0,99.8,70,NaN,237,10,237,10,NaN,NaN,NaN,NaN,NaN,NaN,NaN,NaN,NaN,NaN,TY,WN,B,B,NaN,NaN,NaN,NaN,NaN,NaN,
2000020618,11s.2000,LEON-ELINE,TY,NN,-17.4,99.0,75,NaN,241,9,241,9,NaN,NaN,NaN,NaN,NaN,NaN,NaN,NaN,NaN,NaN,TY,WN,B,B,NaN,NaN,NaN,NaN,NaN,NaN,
2000020700,11s.2000,LEON-ELINE,TY,NN,-17.6,98.1,70,NaN,250,9,250,9,NaN,NaN,NaN,NaN,NaN,NaN,NaN,NaN,NaN,NaN,TY,WN,B,B,NaN,NaN,NaN,NaN,NaN,NaN,
2000020706,11s.2000,LEON-ELINE,TY,NN,-17.7,97.1,65,NaN,261,9,261,9,NaN,NaN,NaN,NaN,NaN,NaN,NaN,NaN,NaN,NaN,TY,WN,B,B,NaN,NaN,NaN,NaN,NaN,NaN,
2000020712,11s.2000,LEON-ELINE,TY,NN,-17.6,96.0,65,NaN,270,10,270,10,NaN,NaN,NaN,NaN,NaN,NaN,NaN,NaN,NaN,NaN,TY,WN,B,B,NaN,NaN,NaN,NaN,NaN,NaN,
2000020718,11s.2000,LEON-ELINE,TY,NN,-17.5,94.6,55,NaN,275,12,275,12,NaN,NaN,NaN,NaN,NaN,NaN,NaN,NaN,NaN,NaN,TS,WN,B,B,NaN,NaN,NaN,NaN,NaN,NaN,
2000020800,11s.2000,LEON-ELINE,TY,NN,-17.9,93.1,50,NaN,264,14,264,14,NaN,NaN,NaN,NaN,NaN,NaN,NaN,NaN,NaN,NaN,TS,WN,B,B,NaN,NaN,NaN,NaN,NaN,NaN,
2000020806,11s.2000,LEON-ELINE,TY,NN,-17.5,91.6,45,NaN,270,14,270,14,NaN,NaN,NaN,NaN,NaN,NaN,NaN,NaN,NaN,NaN,TS,WN,B,B,NaN,NaN,NaN,NaN,NaN,NaN,
2000020812,11s.2000,LEON-ELINE,TY,NN,-17.2,90.3,40,NaN,285,14,285,14,NaN,NaN,NaN,NaN,NaN,NaN,NaN,NaN,NaN,NaN,TS,WN,B,B,NaN,NaN,NaN,NaN,NaN,NaN,
2000020818,11s.2000,LEON-ELINE,TY,NN,-17.0,89.0,40,NaN,281,13,281,13,NaN,NaN,NaN,NaN,NaN,NaN,NaN,NaN,NaN,NaN,TS,WN,B,B,NaN,NaN,NaN,NaN,NaN,NaN,
2000020900,11s.2000,LEON-ELINE,TY,NN,-17.5,87.6,40,NaN,263,13,263,13,NaN,NaN,NaN,NaN,NaN,NaN,NaN,NaN,NaN,NaN,TS,WN,B,B,NaN,NaN,NaN,NaN,NaN,NaN,
2000020906,11s.2000,LEON-ELINE,TY,NN,-17.8,86.0,40,NaN,254,15,254,15,NaN,NaN,NaN,NaN,NaN,NaN,NaN,NaN,NaN,NaN,TS,WN,B,B,NaN,NaN,NaN,NaN,NaN,NaN,
2000020912,11s.2000,LEON-ELINE,TY,NN,-18.3,84.3,40,NaN,256,16,256,16,NaN,NaN,NaN,NaN,NaN,NaN,NaN,NaN,NaN,NaN,TS,WN,B,B,NaN,NaN,NaN,NaN,NaN,NaN,
2000020918,11s.2000,LEON-ELINE,TY,NN,-18.3,82.4,40,NaN,262,17,262,17,NaN,NaN,NaN,NaN,NaN,NaN,NaN,NaN,NaN,NaN,TS,WN,B,B,NaN,NaN,NaN,NaN,NaN,NaN,
2000021000,11s.2000,LEON-ELINE,TY,NN,-18.2,80.7,40,NaN,272,17,272,17,NaN,NaN,NaN,NaN,NaN,NaN,NaN,NaN,NaN,NaN,TS,WN,B,B,NaN,NaN,NaN,NaN,NaN,NaN,
2000021006,11s.2000,LEON-ELINE,TY,NN,-18.1,79.2,40,NaN,274,15,274,15,NaN,NaN,NaN,NaN,NaN,NaN,NaN,NaN,NaN,NaN,TS,WN,B,B,NaN,NaN,NaN,NaN,NaN,NaN,
2000021012,11s.2000,LEON-ELINE,TY,NN,-17.9,77.9,35,NaN,276,13,276,13,NaN,NaN,NaN,NaN,NaN,NaN,NaN,NaN,NaN,NaN,TS,WN,B,B,NaN,NaN,NaN,NaN,NaN,NaN,
2000021018,11s.2000,LEON-ELINE,TY,NN,-17.8,76.6,35,NaN,277,12,277,12,NaN,NaN,NaN,NaN,NaN,NaN,NaN,NaN,NaN,NaN,TS,WN,B,B,NaN,NaN,NaN,NaN,NaN,NaN,
2000021100,11s.2000,LEON-ELINE,TY,NN,-17.6,75.3,35,NaN,277,12,277,12,NaN,NaN,NaN,NaN,NaN,NaN,NaN,NaN,NaN,NaN,TS,WN,B,B,NaN,NaN,NaN,NaN,NaN,NaN,
2000021106,11s.2000,LEON-ELINE,TY,NN,-17.5,73.6,35,NaN,276,14,276,14,NaN,NaN,NaN,NaN,NaN,NaN,NaN,NaN,NaN,NaN,TS,WN,B,B,NaN,NaN,NaN,NaN,NaN,NaN,
2000021112,11s.2000,LEON-ELINE,TY,NN,-17.5,72.0,35,NaN,272,16,272,16,NaN,NaN,NaN,NaN,NaN,NaN,NaN,NaN,NaN,NaN,TS,WN,B,B,NaN,NaN,NaN,NaN,NaN,NaN,
2000021118,11s.2000,LEON-ELINE,TY,NN,-17.4,70.4,35,NaN,272,15,272,15,NaN,NaN,NaN,NaN,NaN,NaN,NaN,NaN,NaN,NaN,TS,WN,B,B,NaN,NaN,NaN,NaN,NaN,NaN,
2000021200,11s.2000,LEON-ELINE,TY,NN,-16.9,69.2,40,NaN,283,14,283,14,NaN,NaN,NaN,NaN,NaN,NaN,NaN,NaN,NaN,NaN,TS,WN,B,B,NaN,NaN,NaN,NaN,NaN,NaN,
2000021206,11s.2000,LEON-ELINE,TY,NN,-16.5,68.3,40,NaN,294,11,294,11,NaN,NaN,NaN,NaN,NaN,NaN,NaN,NaN,NaN,NaN,TS,WN,B,B,NaN,NaN,NaN,NaN,NaN,NaN,
2000021212,11s.2000,LEON-ELINE,TY,NN,-16.3,67.2,45,NaN,287,10,287,10,NaN,NaN,NaN,NaN,NaN,NaN,NaN,NaN,NaN,NaN,TS,WN,B,B,NaN,NaN,NaN,NaN,NaN,NaN,
2000021218,11s.2000,LEON-ELINE,TY,NN,-16.1,66.0,45,NaN,280,11,280,11,NaN,NaN,NaN,NaN,NaN,NaN,NaN,NaN,NaN,NaN,TS,WN,B,B,NaN,NaN,NaN,NaN,NaN,NaN,
2000021300,11s.2000,LEON-ELINE,TY,NN,-15.8,64.7,45,NaN,282,12,282,12,NaN,NaN,NaN,NaN,NaN,NaN,NaN,NaN,NaN,NaN,TS,WN,B,B,NaN,NaN,NaN,NaN,NaN,NaN,
2000021306,11s.2000,LEON-ELINE,TY,NN,-15.8,63.5,45,NaN,277,12,277,12,NaN,NaN,NaN,NaN,NaN,NaN,NaN,NaN,NaN,NaN,TS,WN,B,B,NaN,NaN,NaN,NaN,NaN,NaN,
2000021312,11s.2000,LEON-ELINE,TY,NN,-16.0,62.6,50,NaN,264,10,264,10,NaN,NaN,NaN,NaN,NaN,NaN,NaN,NaN,NaN,NaN,TS,WN,B,B,NaN,NaN,NaN,NaN,NaN,NaN,
2000021318,11s.2000,LEON-ELINE,TY,NN,-16.3,61.6,60,NaN,255,9,255,9,NaN,NaN,NaN,NaN,NaN,NaN,NaN,NaN,NaN,NaN,TS,WN,B,B,NaN,NaN,NaN,NaN,NaN,NaN,
2000021400,11s.2000,LEON-ELINE,TY,NN,-17.0,60.9,70,NaN,238,10,238,10,NaN,NaN,NaN,NaN,NaN,NaN,NaN,NaN,NaN,NaN,TY,WN,B,B,NaN,NaN,NaN,NaN,NaN,NaN,
2000021406,11s.2000,LEON-ELINE,TY,NN,-17.5,59.9,70,NaN,234,10,234,10,NaN,NaN,NaN,NaN,NaN,NaN,NaN,NaN,NaN,NaN,TY,WN,B,B,NaN,NaN,NaN,NaN,NaN,NaN,
2000021412,11s.2000,LEON-ELINE,TY,NN,-17.9,58.9,70,NaN,245,11,245,11,NaN,NaN,NaN,NaN,NaN,NaN,NaN,NaN,NaN,NaN,TY,WN,B,B,NaN,NaN,NaN,NaN,NaN,NaN,
2000021418,11s.2000,LEON-ELINE,TY,NN,-18.2,58.0,70,NaN,249,10,249,10,NaN,NaN,NaN,NaN,NaN,NaN,NaN,NaN,NaN,NaN,TY,WN,B,B,NaN,NaN,NaN,NaN,NaN,NaN,
2000021500,11s.2000,LEON-ELINE,TY,NN,-18.5,57.2,70,NaN,250,9,250,9,NaN,NaN,NaN,NaN,NaN,NaN,NaN,NaN,NaN,NaN,TY,WN,B,B,NaN,NaN,NaN,NaN,NaN,NaN,
2000021506,11s.2000,LEON-ELINE,TY,NN,-18.8,56.4,65,NaN,248,8,248,8,NaN,NaN,NaN,NaN,NaN,NaN,NaN,NaN,NaN,NaN,TY,WN,B,B,NaN,NaN,NaN,NaN,NaN,NaN,
2000021512,11s.2000,LEON-ELINE,TY,NN,-19.1,55.6,65,NaN,248,8,248,8,NaN,NaN,NaN,NaN,NaN,NaN,NaN,NaN,NaN,NaN,TY,WN,B,B,NaN,NaN,NaN,NaN,NaN,NaN,
2000021518,11s.2000,LEON-ELINE,TY,NN,-19.5,54.9,65,NaN,244,8,244,8,NaN,NaN,NaN,NaN,NaN,NaN,NaN,NaN,NaN,NaN,TY,WN,B,B,NaN,NaN,NaN,NaN,NaN,NaN,
2000021600,11s.2000,LEON-ELINE,TY,NN,-20.0,54.1,65,NaN,238,8,238,8,NaN,NaN,NaN,NaN,NaN,NaN,NaN,NaN,NaN,NaN,TY,WN,B,B,NaN,NaN,NaN,NaN,NaN,NaN,
2000021606,11s.2000,LEON-ELINE,TY,NN,-20.3,53.1,65,NaN,245,9,245,9,NaN,NaN,NaN,NaN,NaN,NaN,NaN,NaN,NaN,NaN,TY,WN,B,B,NaN,NaN,NaN,NaN,NaN,NaN,
2000021612,11s.2000,LEON-ELINE,TY,NN,-20.4,52.2,65,NaN,257,9,257,9,NaN,NaN,NaN,NaN,NaN,NaN,NaN,NaN,NaN,NaN,TY,WN,B,B,NaN,NaN,NaN,NaN,NaN,NaN,
2000021618,11s.2000,LEON-ELINE,TY,NN,-20.3,51.6,65,NaN,270,7,270,7,NaN,NaN,NaN,NaN,NaN,NaN,NaN,NaN,NaN,NaN,TY,WN,B,B,NaN,NaN,NaN,NaN,NaN,NaN,
2000021700,11s.2000,LEON-ELINE,TY,NN,-20.1,50.9,65,NaN,284,6,284,6,NaN,NaN,NaN,NaN,NaN,NaN,NaN,NaN,NaN,NaN,TY,WN,B,B,NaN,NaN,NaN,NaN,NaN,NaN,
2000021706,11s.2000,LEON-ELINE,TY,NN,-20.0,50.3,80,NaN,284,6,284,6,NaN,NaN,NaN,NaN,NaN,NaN,NaN,NaN,NaN,NaN,TY,WN,B,B,NaN,NaN,NaN,NaN,NaN,NaN,
2000021712,11s.2000,LEON-ELINE,TY,NN,-19.9,49.5,80,NaN,279,7,279,7,NaN,NaN,NaN,NaN,NaN,NaN,NaN,NaN,NaN,NaN,TY,WN,B,B,NaN,NaN,NaN,NaN,NaN,NaN,
2000021718,11s.2000,LEON-ELINE,TY,NN,-19.6,48.5,75,NaN,283,9,283,9,NaN,NaN,NaN,NaN,NaN,NaN,NaN,NaN,NaN,NaN,TY,WN,B,B,NaN,NaN,0.89,NaN,NaN,NaN,
2000021800,11s.2000,LEON-ELINE,TY,NN,-19.2,47.5,65,NaN,290,10,290,10,NaN,NaN,NaN,NaN,NaN,NaN,NaN,NaN,NaN,NaN,TY,WN,B,B,NaN,NaN,0.97,NaN,NaN,NaN,
2000021806,11s.2000,LEON-ELINE,TY,NN,-19.3,46.4,45,NaN,279,10,279,10,NaN,NaN,NaN,NaN,NaN,NaN,NaN,NaN,NaN,NaN,TS,WN,B,B,NaN,NaN,0.96,NaN,NaN,NaN,
2000021812,11s.2000,LEON-ELINE,TY,NN,-19.4,45.1,30,NaN,265,11,265,11,NaN,NaN,NaN,NaN,NaN,NaN,NaN,NaN,NaN,NaN,TD,WN,B,B,NaN,NaN,0.94,NaN,NaN,NaN,
2000021818,11s.2000,LEON-ELINE,TY,NN,-19.8,44.1,30,NaN,257,11,257,11,NaN,NaN,NaN,NaN,NaN,NaN,NaN,NaN,NaN,NaN,TD,WN,B,B,NaN,NaN,0.11,NaN,NaN,NaN,
2000021900,11s.2000,LEON-ELINE,TY,NN,-20.2,43.2,35,NaN,246,10,246,10,NaN,NaN,NaN,NaN,NaN,NaN,NaN,NaN,NaN,NaN,TS,WN,B,B,NaN,NaN,NaN,NaN,NaN,NaN,
2000021906,11s.2000,LEON-ELINE,TY,NN,-20.5,42.5,35,NaN,245,8,245,8,NaN,NaN,NaN,NaN,NaN,NaN,NaN,NaN,NaN,NaN,TS,WN,B,B,NaN,NaN,NaN,NaN,NaN,NaN,
2000021912,11s.2000,LEON-ELINE,TY,NN,-20.9,41.9,35,NaN,240,7,240,7,NaN,NaN,NaN,NaN,NaN,NaN,NaN,NaN,NaN,NaN,TS,WN,B,B,NaN,NaN,NaN,NaN,NaN,NaN,
2000021918,11s.2000,LEON-ELINE,TY,NN,-21.4,41.4,35,NaN,229,7,229,7,NaN,NaN,NaN,NaN,NaN,NaN,NaN,NaN,NaN,NaN,TS,WN,B,B,NaN,NaN,NaN,NaN,NaN,NaN,
2000022000,11s.2000,LEON-ELINE,TY,NN,-21.9,40.5,45,NaN,233,8,233,8,NaN,NaN,NaN,NaN,NaN,NaN,NaN,NaN,NaN,NaN,TS,WN,B,B,NaN,NaN,NaN,NaN,NaN,NaN,
2000022006,11s.2000,LEON-ELINE,TY,NN,-22.1,39.5,55,NaN,248,9,248,9,NaN,NaN,NaN,NaN,NaN,NaN,NaN,NaN,NaN,NaN,TS,WN,B,B,NaN,NaN,NaN,NaN,NaN,NaN,
2000022012,11s.2000,LEON-ELINE,TY,NN,-22.1,38.7,55,NaN,263,8,263,8,NaN,NaN,NaN,NaN,NaN,NaN,NaN,NaN,NaN,NaN,TS,WN,B,B,NaN,NaN,NaN,NaN,NaN,NaN,
2000022018,11s.2000,LEON-ELINE,TY,NN,-22.0,37.9,65,NaN,274,7,274,7,NaN,NaN,NaN,NaN,NaN,NaN,NaN,NaN,NaN,NaN,TY,WN,B,B,NaN,NaN,NaN,NaN,NaN,NaN,
2000022100,11s.2000,LEON-ELINE,TY,NN,-21.9,37.4,65,NaN,279,6,279,6,NaN,NaN,NaN,NaN,NaN,NaN,NaN,NaN,NaN,NaN,TY,WN,B,B,NaN,NaN,NaN,NaN,NaN,NaN,
2000022106,11s.2000,LEON-ELINE,TY,NN,-21.7,37.0,65,NaN,290,4,290,4,NaN,NaN,NaN,NaN,NaN,NaN,NaN,NaN,NaN,NaN,TY,WN,B,B,NaN,NaN,NaN,NaN,NaN,NaN,
2000022112,11s.2000,LEON-ELINE,TY,NN,-21.4,36.6,70,NaN,304,4,304,4,NaN,NaN,NaN,NaN,NaN,NaN,NaN,NaN,NaN,NaN,TY,WN,B,B,NaN,NaN,NaN,NaN,NaN,NaN,
2000022118,11s.2000,LEON-ELINE,TY,NN,-21.1,36.1,90,NaN,306,5,306,5,NaN,NaN,NaN,NaN,NaN,NaN,NaN,NaN,NaN,NaN,TY,WN,B,B,NaN,NaN,NaN,NaN,NaN,NaN,
2000022200,11s.2000,LEON-ELINE,TY,NN,-20.8,35.7,100,NaN,306,5,306,5,NaN,NaN,NaN,NaN,NaN,NaN,NaN,NaN,NaN,NaN,TY,WN,B,B,NaN,NaN,0.05,NaN,NaN,NaN,
2000022206,11s.2000,LEON-ELINE,TY,NN,-20.6,35.1,115,NaN,298,5,298,5,NaN,NaN,NaN,NaN,NaN,NaN,NaN,NaN,NaN,NaN,TY,WN,B,B,NaN,NaN,0.29,NaN,NaN,NaN,
2000022212,11s.2000,LEON-ELINE,TY,NN,-20.4,34.1,90,NaN,285,8,285,8,NaN,NaN,NaN,NaN,NaN,NaN,NaN,NaN,NaN,NaN,TY,WN,B,B,NaN,NaN,0.96,NaN,NaN,NaN,
2000022218,11s.2000,LEON-ELINE,TY,NN,-19.8,32.9,55,NaN,291,11,291,11,NaN,NaN,NaN,NaN,NaN,NaN,NaN,NaN,NaN,NaN,TS,WN,B,B,NaN,NaN,0.99,NaN,NaN,NaN,
2000022300,11s.2000,LEON-ELINE,TY,NN,-19.5,31.7,45,NaN,292,12,292,12,NaN,NaN,NaN,NaN,NaN,NaN,NaN,NaN,NaN,NaN,TS,WN,B,B,NaN,NaN,0.99,NaN,NaN,NaN,
2000022306,11s.2000,LEON-ELINE,TY,NN,-19.2,30.7,30,NaN,286,11,286,11,NaN,NaN,NaN,NaN,NaN,NaN,NaN,NaN,NaN,NaN,TD,NW,B,B,NaN,NaN,0.97,NaN,NaN,NaN,
2000022312,11s.2000,LEON-ELINE,TY,NN,-18.8,29.7,25,NaN,290,10,290,10,NaN,NaN,NaN,NaN,NaN,NaN,NaN,NaN,NaN,NaN,TD,NW,B,B,NaN,NaN,0.98,NaN,NaN,NaN,
2000021818,s12.2000,9X-S12,TY,NN,-13.3,78.4,25,NaN,229,4,229,4,NaN,NaN,NaN,NaN,NaN,NaN,NaN,NaN,NaN,NaN,TD,NW,B,B,NaN,NaN,NaN,NaN,NaN,NaN,
2000021900,s12.2000,9X-S12,TY,NN,-13.6,78.1,25,NaN,229,4,229,4,NaN,NaN,NaN,NaN,NaN,NaN,NaN,NaN,NaN,NaN,TD,NW,B,B,NaN,NaN,NaN,NaN,NaN,NaN,
2000021906,s12.2000,9X-S12,TY,NN,-13.8,77.8,25,NaN,229,4,229,4,NaN,NaN,NaN,NaN,NaN,NaN,NaN,NaN,NaN,NaN,TD,NW,B,B,NaN,NaN,NaN,NaN,NaN,NaN,
2000021912,s12.2000,9X-S12,TY,NN,-14.1,77.5,25,NaN,229,4,229,4,NaN,NaN,NaN,NaN,NaN,NaN,NaN,NaN,NaN,NaN,TD,NW,B,B,NaN,NaN,NaN,NaN,NaN,NaN,
2000021918,s12.2000,9X-S12,TY,NN,-14.5,77.1,25,NaN,224,5,224,5,NaN,NaN,NaN,NaN,NaN,NaN,NaN,NaN,NaN,NaN,TD,NW,B,B,NaN,NaN,NaN,NaN,NaN,NaN,
2000022000,s12.2000,9X-S12,TY,NN,-15.0,76.6,30,NaN,224,6,224,6,NaN,NaN,NaN,NaN,NaN,NaN,NaN,NaN,NaN,NaN,TD,NW,B,B,NaN,NaN,NaN,NaN,NaN,NaN,
2000022006,s12.2000,9X-S12,TY,NN,-15.3,76.1,30,NaN,230,6,230,6,NaN,NaN,NaN,NaN,NaN,NaN,NaN,NaN,NaN,NaN,TD,NW,B,B,NaN,NaN,NaN,NaN,NaN,NaN,
2000022012,s12.2000,9X-S12,TY,NN,-15.7,75.5,30,NaN,237,6,237,6,NaN,NaN,NaN,NaN,NaN,NaN,NaN,NaN,NaN,NaN,TD,NW,B,B,NaN,NaN,NaN,NaN,NaN,NaN,
2000022018,s12.2000,9X-S12,TY,NN,-16.1,74.8,30,NaN,237,7,237,7,NaN,NaN,NaN,NaN,NaN,NaN,NaN,NaN,NaN,NaN,TD,NW,B,B,NaN,NaN,NaN,NaN,NaN,NaN,
2000022100,12s.2000,FELICIA,TY,NN,-16.5,74.1,35,NaN,239,8,239,8,NaN,NaN,NaN,NaN,NaN,NaN,NaN,NaN,NaN,NaN,TS,WN,B,B,NaN,NaN,NaN,NaN,NaN,NaN,
2000022106,12s.2000,FELICIA,TY,NN,-17.0,73.5,35,NaN,234,8,234,8,NaN,NaN,NaN,NaN,NaN,NaN,NaN,NaN,NaN,NaN,TS,WN,B,B,NaN,NaN,NaN,NaN,NaN,NaN,
2000022112,12s.2000,FELICIA,TY,NN,-17.8,72.4,35,NaN,231,10,231,10,NaN,NaN,NaN,NaN,NaN,NaN,NaN,NaN,NaN,NaN,TS,WN,B,B,NaN,NaN,NaN,NaN,NaN,NaN,
2000022118,12s.2000,FELICIA,TY,NN,-18.7,71.3,40,NaN,231,13,231,13,NaN,NaN,NaN,NaN,NaN,NaN,NaN,NaN,NaN,NaN,TS,WN,B,B,NaN,NaN,NaN,NaN,NaN,NaN,
2000022200,12s.2000,FELICIA,TY,NN,-19.6,70.0,45,NaN,232,14,232,14,NaN,NaN,NaN,NaN,NaN,NaN,NaN,NaN,NaN,NaN,TS,WN,B,B,NaN,NaN,NaN,NaN,NaN,NaN,
2000022206,12s.2000,FELICIA,TY,NN,-20.7,69.1,50,NaN,226,14,226,14,NaN,NaN,NaN,NaN,NaN,NaN,NaN,NaN,NaN,NaN,TS,WN,B,B,NaN,NaN,NaN,NaN,NaN,NaN,
2000022212,12s.2000,FELICIA,TY,NN,-21.8,68.1,50,NaN,219,14,219,14,NaN,NaN,NaN,NaN,NaN,NaN,NaN,NaN,NaN,NaN,TS,WN,B,B,NaN,NaN,NaN,NaN,NaN,NaN,
2000022218,12s.2000,FELICIA,TY,NN,-23.0,67.2,65,NaN,217,14,217,14,NaN,NaN,NaN,NaN,NaN,NaN,NaN,NaN,NaN,NaN,TY,WN,B,B,NaN,NaN,NaN,NaN,NaN,NaN,
2000022300,12s.2000,FELICIA,TY,NN,-24.3,66.5,65,NaN,210,15,210,15,NaN,NaN,NaN,NaN,NaN,NaN,NaN,NaN,NaN,NaN,TY,WN,B,B,NaN,NaN,NaN,NaN,NaN,NaN,
2000022306,12s.2000,FELICIA,TY,NN,-25.6,66.0,55,NaN,203,14,203,14,NaN,NaN,NaN,NaN,NaN,NaN,NaN,NaN,NaN,NaN,TS,WN,B,B,NaN,NaN,NaN,NaN,NaN,NaN,
2000022312,12s.2000,FELICIA,TY,NN,-26.8,65.6,40,NaN,198,13,198,13,NaN,NaN,NaN,NaN,NaN,NaN,NaN,NaN,NaN,NaN,TS,WN,B,B,NaN,NaN,NaN,NaN,NaN,NaN,
2000022318,12s.2000,FELICIA,TY,NN,-28.0,65.3,40,NaN,195,12,195,12,NaN,NaN,NaN,NaN,NaN,NaN,NaN,NaN,NaN,NaN,TS,WN,B,B,NaN,NaN,NaN,NaN,NaN,NaN,
2000022400,12s.2000,FELICIA,TY,NN,-29.1,64.8,30,NaN,197,12,197,12,NaN,NaN,NaN,NaN,NaN,NaN,NaN,NaN,NaN,NaN,TD,WN,B,B,NaN,NaN,NaN,NaN,NaN,NaN,
2000022406,12s.2000,FELICIA,TY,NN,-30.2,63.7,25,NaN,212,13,212,13,NaN,NaN,NaN,NaN,NaN,NaN,NaN,NaN,NaN,NaN,TD,NW,B,B,NaN,NaN,NaN,NaN,NaN,NaN,
2000022312,p13.2000,9X-P13,TY,NN,-23.2,227.2,20,NaN,270,8,270,8,NaN,NaN,NaN,NaN,NaN,NaN,NaN,NaN,NaN,NaN,NT,NW,B,B,NaN,NaN,NaN,NaN,NaN,NaN,
2000022318,p13.2000,9X-P13,TY,NN,-23.2,226.4,25,NaN,270,8,270,8,NaN,NaN,NaN,NaN,NaN,NaN,NaN,NaN,NaN,NaN,TD,NW,B,B,NaN,NaN,NaN,NaN,NaN,NaN,
2000022400,p13.2000,9X-P13,TY,NN,-23.2,225.5,30,NaN,270,8,270,8,NaN,NaN,NaN,NaN,NaN,NaN,NaN,NaN,NaN,NaN,TD,NW,B,B,NaN,NaN,NaN,NaN,NaN,NaN,
2000022406,13p.2000,KIM,TY,NN,-23.2,224.9,30,NaN,270,7,270,7,NaN,NaN,NaN,NaN,NaN,NaN,NaN,NaN,NaN,NaN,TD,WN,B,B,NaN,NaN,NaN,NaN,NaN,NaN,
2000022412,13p.2000,KIM,TY,NN,-23.2,224.6,35,NaN,270,4,270,4,NaN,NaN,NaN,NaN,NaN,NaN,NaN,NaN,NaN,NaN,TS,WN,B,B,NaN,NaN,NaN,NaN,NaN,NaN,
2000022418,13p.2000,KIM,TY,NN,-23.2,224.3,45,NaN,270,3,270,3,NaN,NaN,NaN,NaN,NaN,NaN,NaN,NaN,NaN,NaN,TS,WN,B,B,NaN,NaN,NaN,NaN,NaN,NaN,
2000022500,13p.2000,KIM,TY,NN,-23.2,224.0,45,NaN,270,3,270,3,NaN,NaN,NaN,NaN,NaN,NaN,NaN,NaN,NaN,NaN,TS,WN,B,B,NaN,NaN,NaN,NaN,NaN,NaN,
2000022506,13p.2000,KIM,TY,NN,-23.3,223.6,55,NaN,261,3,261,3,NaN,NaN,NaN,NaN,NaN,NaN,NaN,NaN,NaN,NaN,TS,WN,B,B,NaN,NaN,NaN,NaN,NaN,NaN,
2000022512,13p.2000,KIM,TY,NN,-23.5,223.0,60,NaN,252,5,252,5,NaN,NaN,NaN,NaN,NaN,NaN,NaN,NaN,NaN,NaN,TS,WN,B,B,NaN,NaN,NaN,NaN,NaN,NaN,
2000022518,13p.2000,KIM,TY,NN,-24.2,222.4,65,NaN,231,7,231,7,NaN,NaN,NaN,NaN,NaN,NaN,NaN,NaN,NaN,NaN,TY,WN,B,B,NaN,NaN,NaN,NaN,NaN,NaN,
2000022600,13p.2000,KIM,TY,NN,-24.5,221.5,100,NaN,234,8,234,8,NaN,NaN,NaN,NaN,NaN,NaN,NaN,NaN,NaN,NaN,TY,WN,B,B,NaN,NaN,NaN,NaN,NaN,NaN,
2000022606,13p.2000,KIM,TY,NN,-24.7,220.8,100,NaN,251,8,251,8,NaN,NaN,NaN,NaN,NaN,NaN,NaN,NaN,NaN,NaN,TY,WN,B,B,NaN,NaN,NaN,NaN,NaN,NaN,
2000022612,13p.2000,KIM,TY,NN,-25.4,220.1,95,NaN,235,8,235,8,NaN,NaN,NaN,NaN,NaN,NaN,NaN,NaN,NaN,NaN,TY,WN,B,B,NaN,NaN,NaN,NaN,NaN,NaN,
2000022618,13p.2000,KIM,TY,NN,-26.5,219.0,75,NaN,222,12,222,12,NaN,NaN,NaN,NaN,NaN,NaN,NaN,NaN,NaN,NaN,TY,WN,B,B,NaN,NaN,NaN,NaN,NaN,NaN,
2000022700,13p.2000,KIM,TY,NN,-27.4,218.0,75,NaN,223,14,223,14,NaN,NaN,NaN,NaN,NaN,NaN,NaN,NaN,NaN,NaN,TY,WN,B,B,NaN,NaN,NaN,NaN,NaN,NaN,
2000022706,13p.2000,KIM,TY,NN,-28.0,217.2,75,NaN,227,11,227,11,NaN,NaN,NaN,NaN,NaN,NaN,NaN,NaN,NaN,NaN,TY,WN,B,B,NaN,NaN,NaN,NaN,NaN,NaN,
2000022712,13p.2000,KIM,TY,NN,-28.7,216.3,70,NaN,229,10,229,10,NaN,NaN,NaN,NaN,NaN,NaN,NaN,NaN,NaN,NaN,TY,WN,B,B,NaN,NaN,NaN,NaN,NaN,NaN,
2000022718,13p.2000,KIM,TY,NN,-29.3,214.8,65,NaN,238,12,238,12,NaN,NaN,NaN,NaN,NaN,NaN,NaN,NaN,NaN,NaN,TY,WN,B,B,NaN,NaN,NaN,NaN,NaN,NaN,
2000022800,13p.2000,KIM,TY,NN,-30.1,213.6,50,NaN,239,14,239,14,NaN,NaN,NaN,NaN,NaN,NaN,NaN,NaN,NaN,NaN,TS,WN,B,B,NaN,NaN,NaN,NaN,NaN,NaN,
2000022806,13p.2000,KIM,TY,NN,-31.0,212.3,35,NaN,232,14,232,14,NaN,NaN,NaN,NaN,NaN,NaN,NaN,NaN,NaN,NaN,TS,WN,B,B,NaN,NaN,NaN,NaN,NaN,NaN,
2000022812,13p.2000,KIM,TY,NN,-31.7,211.4,35,NaN,230,12,230,12,NaN,NaN,NaN,NaN,NaN,NaN,NaN,NaN,NaN,NaN,TS,WN,B,B,NaN,NaN,NaN,NaN,NaN,NaN,
2000022818,13p.2000,KIM,TY,NN,-32.5,210.7,35,NaN,222,10,222,10,NaN,NaN,NaN,NaN,NaN,NaN,NaN,NaN,NaN,NaN,TS,WN,B,B,NaN,NaN,NaN,NaN,NaN,NaN,
2000022900,13p.2000,KIM,TY,NN,-33.2,210.2,35,NaN,214,9,214,9,NaN,NaN,NaN,NaN,NaN,NaN,NaN,NaN,NaN,NaN,TS,WN,B,B,NaN,NaN,NaN,NaN,NaN,NaN,
2000022906,13p.2000,KIM,TY,NN,-34.3,209.5,30,NaN,209,10,209,10,NaN,NaN,NaN,NaN,NaN,NaN,NaN,NaN,NaN,NaN,TD,WN,B,B,NaN,NaN,NaN,NaN,NaN,NaN,
2000022912,13p.2000,KIM,TY,NN,-35.2,208.5,30,NaN,215,12,215,12,NaN,NaN,NaN,NaN,NaN,NaN,NaN,NaN,NaN,NaN,TD,WN,B,B,NaN,NaN,NaN,NaN,NaN,NaN,
2000022918,13p.2000,KIM,TY,NN,-35.7,207.7,30,NaN,226,10,226,10,NaN,NaN,NaN,NaN,NaN,NaN,NaN,NaN,NaN,NaN,TD,WN,B,B,NaN,NaN,NaN,NaN,NaN,NaN,
2000030100,13p.2000,KIM,TY,NN,-36.4,207.1,25,NaN,223,8,223,8,NaN,NaN,NaN,NaN,NaN,NaN,NaN,NaN,NaN,NaN,TD,NW,B,B,NaN,NaN,NaN,NaN,NaN,NaN,
2000022506,p14.2000,9X-P14,TY,NN,-16.5,150.7,25,NaN,270,3,270,3,NaN,NaN,NaN,NaN,NaN,NaN,NaN,NaN,NaN,NaN,TD,NW,B,B,NaN,NaN,NaN,NaN,NaN,NaN,
2000022512,p14.2000,9X-P14,TY,NN,-16.5,150.4,25,NaN,270,3,270,3,NaN,NaN,NaN,NaN,NaN,NaN,NaN,NaN,NaN,NaN,TD,NW,B,B,NaN,NaN,NaN,NaN,NaN,NaN,
2000022518,p14.2000,9X-P14,TY,NN,-16.5,150.1,25,NaN,270,3,270,3,NaN,NaN,NaN,NaN,NaN,NaN,NaN,NaN,NaN,NaN,TD,NW,B,B,NaN,NaN,NaN,NaN,NaN,NaN,
2000022600,p14.2000,9X-P14,TY,NN,-16.5,149.8,25,NaN,270,3,270,3,NaN,NaN,NaN,NaN,NaN,NaN,NaN,NaN,NaN,NaN,TD,NW,B,B,NaN,NaN,NaN,NaN,NaN,NaN,
2000022606,p14.2000,9X-P14,TY,NN,-16.5,149.2,25,NaN,270,4,270,4,NaN,NaN,NaN,NaN,NaN,NaN,NaN,NaN,NaN,NaN,TD,NW,B,B,NaN,NaN,NaN,NaN,NaN,NaN,
2000022612,14p.2000,STEVE,TY,NN,-16.5,148.6,30,NaN,270,6,270,6,NaN,NaN,NaN,NaN,NaN,NaN,NaN,NaN,NaN,NaN,TD,WN,B,B,NaN,NaN,NaN,NaN,NaN,NaN,
2000022618,14p.2000,STEVE,TY,NN,-16.5,147.9,35,NaN,270,6,270,6,NaN,NaN,NaN,NaN,NaN,NaN,NaN,NaN,NaN,NaN,TS,WN,B,B,NaN,NaN,NaN,NaN,NaN,NaN,
2000022700,14p.2000,STEVE,TY,NN,-16.5,147.1,40,NaN,270,7,270,7,NaN,NaN,NaN,NaN,NaN,NaN,NaN,NaN,NaN,NaN,TS,WN,B,B,NaN,NaN,NaN,NaN,NaN,NaN,
2000022706,14p.2000,STEVE,TY,NN,-16.5,145.8,40,NaN,270,10,270,10,NaN,NaN,NaN,NaN,NaN,NaN,NaN,NaN,NaN,NaN,TS,WN,B,B,NaN,NaN,0.09,NaN,NaN,NaN,
2000022712,14p.2000,STEVE,TY,NN,-16.7,144.7,35,NaN,265,12,265,12,NaN,NaN,NaN,NaN,NaN,NaN,NaN,NaN,NaN,NaN,TS,WN,B,B,NaN,NaN,1.00,NaN,NaN,NaN,
2000022718,14p.2000,STEVE,TY,NN,-17.0,143.7,30,NaN,256,10,256,10,NaN,NaN,NaN,NaN,NaN,NaN,NaN,NaN,NaN,NaN,TD,WN,B,B,NaN,NaN,1.00,NaN,NaN,NaN,
2000022800,14p.2000,STEVE,TY,NN,-17.3,142.7,25,NaN,253,10,253,10,NaN,NaN,NaN,NaN,NaN,NaN,NaN,NaN,NaN,NaN,TD,WN,B,B,NaN,NaN,1.00,NaN,NaN,NaN,
2000022806,14p.2000,STEVE,TY,NN,-17.6,141.7,25,NaN,253,10,253,10,NaN,NaN,NaN,NaN,NaN,NaN,NaN,NaN,NaN,NaN,TD,WN,B,B,NaN,NaN,1.00,NaN,NaN,NaN,
2000022812,14p.2000,STEVE,TY,NN,-17.3,140.7,25,NaN,270,10,270,10,NaN,NaN,NaN,NaN,NaN,NaN,NaN,NaN,NaN,NaN,TD,WN,B,B,NaN,NaN,0.39,NaN,NaN,NaN,
2000022818,14p.2000,STEVE,TY,NN,-16.9,139.9,25,NaN,292,9,292,9,NaN,NaN,NaN,NaN,NaN,NaN,NaN,NaN,NaN,NaN,TD,WN,B,B,NaN,NaN,0.01,NaN,NaN,NaN,
2000022900,14p.2000,STEVE,TY,NN,-16.5,139.2,30,NaN,299,8,299,8,NaN,NaN,NaN,NaN,NaN,NaN,NaN,NaN,NaN,NaN,TD,WN,B,B,NaN,NaN,0.16,NaN,NaN,NaN,
2000022906,14p.2000,STEVE,TY,NN,-16.1,138.5,35,NaN,301,8,301,8,NaN,NaN,NaN,NaN,NaN,NaN,NaN,NaN,NaN,NaN,TS,WN,B,B,NaN,NaN,NaN,NaN,NaN,NaN,
2000022912,14p.2000,STEVE,TY,NN,-15.8,137.8,40,NaN,297,8,297,8,NaN,NaN,NaN,NaN,NaN,NaN,NaN,NaN,NaN,NaN,TS,WN,B,B,NaN,NaN,0.07,NaN,NaN,NaN,
2000022918,14p.2000,STEVE,TY,NN,-15.7,136.9,45,NaN,285,8,285,8,NaN,NaN,NaN,NaN,NaN,NaN,NaN,NaN,NaN,NaN,TS,WN,B,B,NaN,NaN,0.11,NaN,NaN,NaN,
2000030100,14p.2000,STEVE,TY,NN,-15.8,136.1,35,NaN,270,8,270,8,NaN,NaN,NaN,NaN,NaN,NaN,NaN,NaN,NaN,NaN,TS,WN,B,B,NaN,NaN,0.97,NaN,NaN,NaN,
2000030106,14p.2000,STEVE,TY,NN,-15.8,135.4,30,NaN,266,7,266,7,NaN,NaN,NaN,NaN,NaN,NaN,NaN,NaN,NaN,NaN,TD,WN,B,B,NaN,NaN,1.00,NaN,NaN,NaN,
2000030112,14p.2000,STEVE,TY,NN,-15.3,134.5,25,NaN,288,8,288,8,NaN,NaN,NaN,NaN,NaN,NaN,NaN,NaN,NaN,NaN,TD,WN,B,B,NaN,NaN,1.00,NaN,NaN,NaN,
2000030118,14p.2000,STEVE,TY,NN,-14.8,133.8,25,NaN,303,9,303,9,NaN,NaN,NaN,NaN,NaN,NaN,NaN,NaN,NaN,NaN,TD,WN,B,B,NaN,NaN,1.00,NaN,NaN,NaN,
2000030200,14p.2000,STEVE,TY,NN,-14.7,133.0,25,NaN,292,8,292,8,NaN,NaN,NaN,NaN,NaN,NaN,NaN,NaN,NaN,NaN,TD,WN,B,B,NaN,NaN,1.00,NaN,NaN,NaN,
2000030206,14p.2000,STEVE,TY,NN,-14.9,132.0,25,NaN,267,9,267,9,NaN,NaN,NaN,NaN,NaN,NaN,NaN,NaN,NaN,NaN,TD,WN,B,B,NaN,NaN,1.00,NaN,NaN,NaN,
2000030212,14p.2000,STEVE,TY,NN,-14.8,131.2,25,NaN,267,9,267,9,NaN,NaN,NaN,NaN,NaN,NaN,NaN,NaN,NaN,NaN,TD,WN,B,B,NaN,NaN,1.00,NaN,NaN,NaN,
2000030218,14p.2000,STEVE,TY,NN,-14.7,130.5,25,NaN,278,7,278,7,NaN,NaN,NaN,NaN,NaN,NaN,NaN,NaN,NaN,NaN,TD,WN,B,B,NaN,NaN,0.99,NaN,NaN,NaN,
2000030300,14p.2000,STEVE,TY,NN,-15.0,129.5,25,NaN,263,8,263,8,NaN,NaN,NaN,NaN,NaN,NaN,NaN,NaN,NaN,NaN,TD,WN,B,B,NaN,NaN,0.58,NaN,NaN,NaN,
2000030306,14p.2000,STEVE,TY,NN,-15.7,128.5,25,NaN,243,11,243,11,NaN,NaN,NaN,NaN,NaN,NaN,NaN,NaN,NaN,NaN,TD,WN,B,B,NaN,NaN,0.94,NaN,NaN,NaN,
2000030312,14p.2000,STEVE,TY,NN,-16.1,127.3,25,NaN,243,12,243,12,NaN,NaN,NaN,NaN,NaN,NaN,NaN,NaN,NaN,NaN,TD,WN,B,B,NaN,NaN,0.98,NaN,NaN,NaN,
2000030318,14p.2000,STEVE,TY,NN,-16.4,126.0,30,NaN,254,13,254,13,NaN,NaN,NaN,NaN,NaN,NaN,NaN,NaN,NaN,NaN,TD,WN,B,B,NaN,NaN,1.00,NaN,NaN,NaN,
2000030400,14p.2000,STEVE,TY,NN,-16.7,124.9,30,NaN,255,12,255,12,NaN,NaN,NaN,NaN,NaN,NaN,NaN,NaN,NaN,NaN,TD,WN,B,B,NaN,NaN,0.96,NaN,NaN,NaN,
2000030406,14p.2000,STEVE,TY,NN,-17.0,123.8,30,NaN,254,11,254,11,NaN,NaN,NaN,NaN,NaN,NaN,NaN,NaN,NaN,NaN,TD,WN,B,B,NaN,NaN,0.80,NaN,NaN,NaN,
2000030412,14p.2000,STEVE,TY,NN,-17.4,122.8,30,NaN,251,11,251,11,NaN,NaN,NaN,NaN,NaN,NaN,NaN,NaN,NaN,NaN,TD,WN,B,B,NaN,NaN,0.93,NaN,NaN,NaN,
2000030418,14p.2000,STEVE,TY,NN,-17.7,121.9,30,NaN,249,10,249,10,NaN,NaN,NaN,NaN,NaN,NaN,NaN,NaN,NaN,NaN,TD,WN,B,B,NaN,NaN,0.29,NaN,NaN,NaN,
2000030500,14p.2000,STEVE,TY,NN,-18.1,121.0,35,NaN,248,9,248,9,NaN,NaN,NaN,NaN,NaN,NaN,NaN,NaN,NaN,NaN,TS,WN,B,B,NaN,NaN,NaN,NaN,NaN,NaN,
2000030506,14p.2000,STEVE,TY,NN,-18.7,120.1,40,NaN,240,10,240,10,NaN,NaN,NaN,NaN,NaN,NaN,NaN,NaN,NaN,NaN,TS,WN,B,B,NaN,NaN,NaN,NaN,NaN,NaN,
2000030512,14p.2000,STEVE,TY,NN,-19.1,119.2,45,NaN,240,10,240,10,NaN,NaN,NaN,NaN,NaN,NaN,NaN,NaN,NaN,NaN,TS,WN,B,B,NaN,NaN,NaN,NaN,NaN,NaN,
2000030518,14p.2000,STEVE,TY,NN,-19.9,118.5,55,NaN,232,10,232,10,NaN,NaN,NaN,NaN,NaN,NaN,NaN,NaN,NaN,NaN,TS,WN,B,B,NaN,NaN,0.19,NaN,NaN,NaN,
2000030600,14p.2000,STEVE,TY,NN,-20.1,117.7,55,NaN,235,9,235,9,NaN,NaN,NaN,NaN,NaN,NaN,NaN,NaN,NaN,NaN,TS,WN,B,B,NaN,NaN,NaN,NaN,NaN,NaN,
2000030606,14p.2000,STEVE,TY,NN,-20.3,116.9,65,NaN,255,8,255,8,NaN,NaN,NaN,NaN,NaN,NaN,NaN,NaN,NaN,NaN,TY,WN,B,B,NaN,NaN,0.31,NaN,NaN,NaN,
2000030612,14p.2000,STEVE,TY,NN,-20.8,116.2,65,NaN,244,8,244,8,NaN,NaN,NaN,NaN,NaN,NaN,NaN,NaN,NaN,NaN,TY,WN,B,B,NaN,NaN,0.41,NaN,NaN,NaN,
2000030618,14p.2000,STEVE,TY,NN,-21.6,115.5,55,NaN,225,9,225,9,NaN,NaN,NaN,NaN,NaN,NaN,NaN,NaN,NaN,NaN,TS,WN,B,B,NaN,NaN,0.56,NaN,NaN,NaN,
2000030700,14p.2000,STEVE,TY,NN,-22.3,115.2,55,NaN,212,9,212,9,NaN,NaN,NaN,NaN,NaN,NaN,NaN,NaN,NaN,NaN,TS,WN,B,B,NaN,NaN,0.86,NaN,NaN,NaN,
2000030706,14p.2000,STEVE,TY,NN,-22.7,114.5,55,NaN,220,7,220,7,NaN,NaN,NaN,NaN,NaN,NaN,NaN,NaN,NaN,NaN,TS,WN,B,B,NaN,NaN,0.80,NaN,NaN,NaN,
2000030712,14p.2000,STEVE,TY,NN,-23.0,113.9,55,NaN,240,7,240,7,NaN,NaN,NaN,NaN,NaN,NaN,NaN,NaN,NaN,NaN,TS,WN,B,B,NaN,NaN,0.73,NaN,NaN,NaN,
2000030718,14p.2000,STEVE,TY,NN,-23.6,113.6,55,NaN,223,6,223,6,NaN,NaN,NaN,NaN,NaN,NaN,NaN,NaN,NaN,NaN,TS,WN,B,B,NaN,NaN,0.32,NaN,NaN,NaN,
2000030800,14p.2000,STEVE,TY,NN,-24.1,113.3,55,NaN,207,6,207,6,NaN,NaN,NaN,NaN,NaN,NaN,NaN,NaN,NaN,NaN,TS,WN,B,B,NaN,NaN,0.51,NaN,NaN,NaN,
2000030806,14p.2000,STEVE,TY,NN,-24.4,113.1,50,NaN,210,5,210,5,NaN,NaN,NaN,NaN,NaN,NaN,NaN,NaN,NaN,NaN,TS,WN,B,B,NaN,NaN,0.05,NaN,NaN,NaN,
2000030812,14p.2000,STEVE,TY,NN,-24.8,113.1,50,NaN,195,4,195,4,NaN,NaN,NaN,NaN,NaN,NaN,NaN,NaN,NaN,NaN,TS,WN,B,B,NaN,NaN,0.01,NaN,NaN,NaN,
2000030818,14p.2000,STEVE,TY,NN,-25.2,113.3,50,NaN,167,4,167,4,NaN,NaN,NaN,NaN,NaN,NaN,NaN,NaN,NaN,NaN,TS,WN,B,B,NaN,NaN,0.31,NaN,NaN,NaN,
2000030900,14p.2000,STEVE,TY,NN,-25.4,113.6,45,NaN,143,4,143,4,NaN,NaN,NaN,NaN,NaN,NaN,NaN,NaN,NaN,NaN,TS,WN,B,B,NaN,NaN,0.20,NaN,NaN,NaN,
2000030906,14p.2000,STEVE,TY,NN,-25.7,113.9,45,NaN,133,4,133,4,NaN,NaN,NaN,NaN,NaN,NaN,NaN,NaN,NaN,NaN,TS,WN,B,B,NaN,NaN,0.59,NaN,NaN,NaN,
2000030912,14p.2000,STEVE,TY,NN,-25.9,114.2,50,NaN,133,4,133,4,NaN,NaN,NaN,NaN,NaN,NaN,NaN,NaN,NaN,NaN,TS,WN,B,B,NaN,NaN,0.51,NaN,NaN,NaN,
2000030918,14p.2000,STEVE,TY,NN,-26.3,114.9,40,NaN,124,5,124,5,NaN,NaN,NaN,NaN,NaN,NaN,NaN,NaN,NaN,NaN,TS,WN,B,B,NaN,NaN,1.00,NaN,NaN,NaN,
2000031000,14p.2000,STEVE,TY,NN,-27.0,116.1,35,NaN,123,10,123,10,NaN,NaN,NaN,NaN,NaN,NaN,NaN,NaN,NaN,NaN,TS,WN,B,B,NaN,NaN,1.00,NaN,NaN,NaN,
2000031006,14p.2000,STEVE,TY,NN,-27.9,117.4,35,NaN,126,14,126,14,NaN,NaN,NaN,NaN,NaN,NaN,NaN,NaN,NaN,NaN,TS,WN,B,B,NaN,NaN,1.00,NaN,NaN,NaN,
2000031012,14p.2000,STEVE,TY,NN,-29.0,118.9,30,NaN,129,16,129,16,NaN,NaN,NaN,NaN,NaN,NaN,NaN,NaN,NaN,NaN,TD,WN,B,B,NaN,NaN,1.00,NaN,NaN,NaN,
2000031018,14p.2000,STEVE,TY,NN,-30.1,120.1,25,NaN,133,16,133,16,NaN,NaN,NaN,NaN,NaN,NaN,NaN,NaN,NaN,NaN,TD,NW,B,B,NaN,NaN,1.00,NaN,NaN,NaN,
2000031100,14p.2000,STEVE,TY,NN,-32.0,121.2,20,NaN,147,18,147,18,NaN,NaN,NaN,NaN,NaN,NaN,NaN,NaN,NaN,NaN,NT,NW,B,B,NaN,NaN,0.99,NaN,NaN,NaN,
2000022700,s15.2000,9X-S15,TS,NN,-13.8,62.5,20,NaN,275,5,275,5,NaN,NaN,NaN,NaN,NaN,NaN,NaN,NaN,NaN,NaN,NT,NW,B,B,NaN,NaN,NaN,NaN,NaN,NaN,
2000022706,s15.2000,9X-S15,TS,NN,-13.8,62.1,25,NaN,275,5,275,5,NaN,NaN,NaN,NaN,NaN,NaN,NaN,NaN,NaN,NaN,TD,NW,B,B,NaN,NaN,NaN,NaN,NaN,NaN,
2000022712,s15.2000,9X-S15,TS,NN,-13.7,61.4,20,NaN,275,5,275,5,NaN,NaN,NaN,NaN,NaN,NaN,NaN,NaN,NaN,NaN,NT,NW,B,B,NaN,NaN,NaN,NaN,NaN,NaN,
2000022718,s15.2000,9X-S15,TS,NN,-13.6,60.8,25,NaN,279,6,279,6,NaN,NaN,NaN,NaN,NaN,NaN,NaN,NaN,NaN,NaN,TD,NW,B,B,NaN,NaN,NaN,NaN,NaN,NaN,
2000022800,s15.2000,9X-S15,TS,NN,-13.5,60.0,25,NaN,278,7,278,7,NaN,NaN,NaN,NaN,NaN,NaN,NaN,NaN,NaN,NaN,TD,NW,B,B,NaN,NaN,NaN,NaN,NaN,NaN,
2000022806,s15.2000,9X-S15,TS,NN,-13.3,59.0,30,NaN,280,9,280,9,NaN,NaN,NaN,NaN,NaN,NaN,NaN,NaN,NaN,NaN,TD,NW,B,B,NaN,NaN,NaN,NaN,NaN,NaN,
2000022812,15s.2000,GLORIA,TS,NN,-13.2,58.4,30,NaN,281,8,281,8,NaN,NaN,NaN,NaN,NaN,NaN,NaN,NaN,NaN,NaN,TD,WN,B,B,NaN,NaN,NaN,NaN,NaN,NaN,
2000022818,15s.2000,GLORIA,TS,NN,-13.0,57.7,30,NaN,283,7,283,7,NaN,NaN,NaN,NaN,NaN,NaN,NaN,NaN,NaN,NaN,TD,WN,B,B,NaN,NaN,NaN,NaN,NaN,NaN,
2000022900,15s.2000,GLORIA,TS,NN,-12.8,56.6,35,NaN,283,9,283,9,NaN,NaN,NaN,NaN,NaN,NaN,NaN,NaN,NaN,NaN,TS,WN,B,B,NaN,NaN,NaN,NaN,NaN,NaN,
2000022906,15s.2000,GLORIA,TS,NN,-12.5,55.4,35,NaN,283,11,283,11,NaN,NaN,NaN,NaN,NaN,NaN,NaN,NaN,NaN,NaN,TS,WN,B,B,NaN,NaN,NaN,NaN,NaN,NaN,
2000022912,15s.2000,GLORIA,TS,NN,-12.2,54.2,40,NaN,284,12,284,12,NaN,NaN,NaN,NaN,NaN,NaN,NaN,NaN,NaN,NaN,TS,WN,B,B,NaN,NaN,NaN,NaN,NaN,NaN,
2000022918,15s.2000,GLORIA,TS,NN,-12.3,52.9,45,NaN,275,12,275,12,NaN,NaN,NaN,NaN,NaN,NaN,NaN,NaN,NaN,NaN,TS,WN,B,B,NaN,NaN,NaN,NaN,NaN,NaN,
2000030100,15s.2000,GLORIA,TS,NN,-12.6,51.8,45,NaN,260,12,260,12,NaN,NaN,NaN,NaN,NaN,NaN,NaN,NaN,NaN,NaN,TS,WN,B,B,NaN,NaN,NaN,NaN,NaN,NaN,
2000030106,15s.2000,GLORIA,TS,NN,-12.9,51.2,50,NaN,250,9,250,9,NaN,NaN,NaN,NaN,NaN,NaN,NaN,NaN,NaN,NaN,TS,WN,B,B,NaN,NaN,NaN,NaN,NaN,NaN,
2000030112,15s.2000,GLORIA,TS,NN,-13.3,50.7,50,NaN,237,6,237,6,NaN,NaN,NaN,NaN,NaN,NaN,NaN,NaN,NaN,NaN,TS,WN,B,B,NaN,NaN,0.06,NaN,NaN,NaN,
2000030118,15s.2000,GLORIA,TS,NN,-13.7,50.1,50,NaN,233,7,233,7,NaN,NaN,NaN,NaN,NaN,NaN,NaN,NaN,NaN,NaN,TS,WN,B,B,NaN,NaN,0.53,NaN,NaN,NaN,
2000030200,15s.2000,GLORIA,TS,NN,-14.6,49.6,45,NaN,219,8,219,8,NaN,NaN,NaN,NaN,NaN,NaN,NaN,NaN,NaN,NaN,TS,WN,B,B,NaN,NaN,0.98,NaN,NaN,NaN,
2000030206,15s.2000,GLORIA,TS,NN,-15.3,49.2,30,NaN,209,9,209,9,NaN,NaN,NaN,NaN,NaN,NaN,NaN,NaN,NaN,NaN,TD,WN,B,B,NaN,NaN,0.99,NaN,NaN,NaN,
2000030212,15s.2000,GLORIA,TS,NN,-16.0,48.7,30,NaN,212,8,212,8,NaN,NaN,NaN,NaN,NaN,NaN,NaN,NaN,NaN,NaN,TD,WN,B,B,NaN,NaN,0.98,NaN,NaN,NaN,
2000030218,15s.2000,GLORIA,TS,NN,-16.5,47.8,25,NaN,228,9,228,9,NaN,NaN,NaN,NaN,NaN,NaN,NaN,NaN,NaN,NaN,TD,WN,B,B,NaN,NaN,0.98,NaN,NaN,NaN,
2000030300,15s.2000,GLORIA,TS,NN,-17.0,47.2,25,NaN,235,9,235,9,NaN,NaN,NaN,NaN,NaN,NaN,NaN,NaN,NaN,NaN,TD,WN,B,B,NaN,NaN,0.95,NaN,NaN,NaN,
2000030306,15s.2000,GLORIA,TS,NN,-17.5,46.9,25,NaN,221,7,221,7,NaN,NaN,NaN,NaN,NaN,NaN,NaN,NaN,NaN,NaN,TD,WN,B,B,NaN,NaN,0.97,NaN,NaN,NaN,
2000030312,15s.2000,GLORIA,TS,NN,-17.9,46.5,25,NaN,217,6,217,6,NaN,NaN,NaN,NaN,NaN,NaN,NaN,NaN,NaN,NaN,TD,WN,B,B,NaN,NaN,0.98,NaN,NaN,NaN,
2000030318,15s.2000,GLORIA,TS,NN,-18.2,46.0,25,NaN,231,6,231,6,NaN,NaN,NaN,NaN,NaN,NaN,NaN,NaN,NaN,NaN,TD,WN,B,B,NaN,NaN,0.99,NaN,NaN,NaN,
2000030400,15s.2000,GLORIA,TS,NN,-18.5,45.4,25,NaN,240,6,240,6,NaN,NaN,NaN,NaN,NaN,NaN,NaN,NaN,NaN,NaN,TD,WN,B,B,NaN,NaN,0.98,NaN,NaN,NaN,
2000030406,15s.2000,GLORIA,TS,NN,-18.9,44.9,25,NaN,236,6,236,6,NaN,NaN,NaN,NaN,NaN,NaN,NaN,NaN,NaN,NaN,TD,WN,B,B,NaN,NaN,0.97,NaN,NaN,NaN,
2000030412,15s.2000,GLORIA,TS,NN,-19.2,44.6,25,NaN,227,5,227,5,NaN,NaN,NaN,NaN,NaN,NaN,NaN,NaN,NaN,NaN,TD,WN,B,B,NaN,NaN,0.70,NaN,NaN,NaN,
2000030418,15s.2000,GLORIA,TS,NN,-19.6,44.3,25,NaN,219,5,219,5,NaN,NaN,NaN,NaN,NaN,NaN,NaN,NaN,NaN,NaN,TD,WN,B,B,NaN,NaN,0.56,NaN,NaN,NaN,
2000030500,15s.2000,GLORIA,TS,NN,-20.0,44.0,25,NaN,215,5,215,5,NaN,NaN,NaN,NaN,NaN,NaN,NaN,NaN,NaN,NaN,TD,WN,B,B,NaN,NaN,0.11,NaN,NaN,NaN,
2000030506,15s.2000,GLORIA,TS,NN,-20.3,43.7,25,NaN,219,4,219,4,NaN,NaN,NaN,NaN,NaN,NaN,NaN,NaN,NaN,NaN,TD,WN,B,B,NaN,NaN,0.02,NaN,NaN,NaN,
2000030512,15s.2000,GLORIA,TS,NN,-20.5,43.5,25,NaN,223,3,223,3,NaN,NaN,NaN,NaN,NaN,NaN,NaN,NaN,NaN,NaN,TD,NW,B,B,NaN,NaN,0.02,NaN,NaN,NaN,
2000022912,s16.2000,9X-S16,TY,NN,-18.6,119.6,25,NaN,273,11,273,11,NaN,NaN,NaN,NaN,NaN,NaN,NaN,NaN,NaN,NaN,TD,NW,B,B,NaN,NaN,NaN,NaN,NaN,NaN,
2000022918,s16.2000,9X-S16,TY,NN,-18.8,118.6,25,NaN,273,11,273,11,NaN,NaN,NaN,NaN,NaN,NaN,NaN,NaN,NaN,NaN,TD,NW,B,B,NaN,NaN,NaN,NaN,NaN,NaN,
2000030100,s16.2000,9X-S16,TY,NN,-18.5,117.2,25,NaN,273,11,273,11,NaN,NaN,NaN,NaN,NaN,NaN,NaN,NaN,NaN,NaN,TD,NW,B,B,NaN,NaN,NaN,NaN,NaN,NaN,
2000030106,16s.2000,NORMAN,TY,NN,-18.4,116.3,35,NaN,280,11,280,11,NaN,NaN,NaN,NaN,NaN,NaN,NaN,NaN,NaN,NaN,TS,WN,B,B,NaN,NaN,NaN,NaN,NaN,NaN,
2000030112,16s.2000,NORMAN,TY,NN,-18.3,115.5,45,NaN,277,8,277,8,NaN,NaN,NaN,NaN,NaN,NaN,NaN,NaN,NaN,NaN,TS,WN,B,B,NaN,NaN,NaN,NaN,NaN,NaN,
2000030118,16s.2000,NORMAN,TY,NN,-18.4,114.7,55,NaN,270,8,270,8,NaN,NaN,NaN,NaN,NaN,NaN,NaN,NaN,NaN,NaN,TS,WN,B,B,NaN,NaN,NaN,NaN,NaN,NaN,
2000030200,16s.2000,NORMAN,TY,NN,-18.7,113.6,65,NaN,257,9,257,9,NaN,NaN,NaN,NaN,NaN,NaN,NaN,NaN,NaN,NaN,TY,WN,B,B,NaN,NaN,NaN,NaN,NaN,NaN,
2000030206,16s.2000,NORMAN,TY,NN,-19.0,112.3,65,NaN,255,12,255,12,NaN,NaN,NaN,NaN,NaN,NaN,NaN,NaN,NaN,NaN,TY,WN,B,B,NaN,NaN,NaN,NaN,NaN,NaN,
2000030212,16s.2000,NORMAN,TY,NN,-19.3,110.8,70,NaN,257,14,257,14,NaN,NaN,NaN,NaN,NaN,NaN,NaN,NaN,NaN,NaN,TY,WN,B,B,NaN,NaN,NaN,NaN,NaN,NaN,
2000030218,16s.2000,NORMAN,TY,NN,-19.5,109.4,95,NaN,260,14,260,14,NaN,NaN,NaN,NaN,NaN,NaN,NaN,NaN,NaN,NaN,TY,WN,B,B,NaN,NaN,NaN,NaN,NaN,NaN,
2000030300,16s.2000,NORMAN,TY,NN,-19.6,107.8,110,NaN,264,14,264,14,NaN,NaN,NaN,NaN,NaN,NaN,NaN,NaN,NaN,NaN,TY,WN,B,B,NaN,NaN,NaN,NaN,NaN,NaN,
2000030306,16s.2000,NORMAN,TY,NN,-19.7,106.2,120,NaN,266,15,266,15,NaN,NaN,NaN,NaN,NaN,NaN,NaN,NaN,NaN,NaN,TY,WN,B,B,NaN,NaN,NaN,NaN,NaN,NaN,
2000030312,16s.2000,NORMAN,TY,NN,-20.0,104.3,115,NaN,263,17,263,17,NaN,NaN,NaN,NaN,NaN,NaN,NaN,NaN,NaN,NaN,TY,WN,B,B,NaN,NaN,NaN,NaN,NaN,NaN,
2000030318,16s.2000,NORMAN,TY,NN,-20.2,102.4,115,NaN,262,18,262,18,NaN,NaN,NaN,NaN,NaN,NaN,NaN,NaN,NaN,NaN,TY,WN,B,B,NaN,NaN,NaN,NaN,NaN,NaN,
2000030400,16s.2000,NORMAN,TY,NN,-20.3,100.8,105,NaN,265,16,265,16,NaN,NaN,NaN,NaN,NaN,NaN,NaN,NaN,NaN,NaN,TY,WN,B,B,NaN,NaN,NaN,NaN,NaN,NaN,
2000030406,16s.2000,NORMAN,TY,NN,-20.3,99.3,105,NaN,268,15,268,15,NaN,NaN,NaN,NaN,NaN,NaN,NaN,NaN,NaN,NaN,TY,WN,B,B,NaN,NaN,NaN,NaN,NaN,NaN,
2000030412,16s.2000,NORMAN,TY,NN,-20.5,97.9,105,NaN,266,14,266,14,NaN,NaN,NaN,NaN,NaN,NaN,NaN,NaN,NaN,NaN,TY,WN,B,B,NaN,NaN,NaN,NaN,NaN,NaN,
2000030418,16s.2000,NORMAN,TY,NN,-20.5,96.7,90,NaN,265,12,265,12,NaN,NaN,NaN,NaN,NaN,NaN,NaN,NaN,NaN,NaN,TY,WN,B,B,NaN,NaN,NaN,NaN,NaN,NaN,
2000030500,16s.2000,NORMAN,TY,NN,-20.5,95.6,75,NaN,270,11,270,11,NaN,NaN,NaN,NaN,NaN,NaN,NaN,NaN,NaN,NaN,TY,WN,B,B,NaN,NaN,NaN,NaN,NaN,NaN,
2000030506,16s.2000,NORMAN,TY,NN,-20.4,94.8,65,NaN,273,9,273,9,NaN,NaN,NaN,NaN,NaN,NaN,NaN,NaN,NaN,NaN,TY,WN,B,B,NaN,NaN,NaN,NaN,NaN,NaN,
2000030512,16s.2000,NORMAN,TY,NN,-20.4,94.0,65,NaN,274,8,274,8,NaN,NaN,NaN,NaN,NaN,NaN,NaN,NaN,NaN,NaN,TY,WN,B,B,NaN,NaN,NaN,NaN,NaN,NaN,
2000030518,16s.2000,NORMAN,TY,NN,-20.4,93.2,65,NaN,270,7,270,7,NaN,NaN,NaN,NaN,NaN,NaN,NaN,NaN,NaN,NaN,TY,WN,B,B,NaN,NaN,NaN,NaN,NaN,NaN,
2000030600,16s.2000,NORMAN,TY,NN,-20.5,92.8,65,NaN,265,6,265,6,NaN,NaN,NaN,NaN,NaN,NaN,NaN,NaN,NaN,NaN,TY,WN,B,B,NaN,NaN,NaN,NaN,NaN,NaN,
2000030606,16s.2000,NORMAN,TY,NN,-20.7,92.4,65,NaN,248,4,248,4,NaN,NaN,NaN,NaN,NaN,NaN,NaN,NaN,NaN,NaN,TY,WN,B,B,NaN,NaN,NaN,NaN,NaN,NaN,
2000030612,16s.2000,NORMAN,TY,NN,-21.0,92.0,65,NaN,236,4,236,4,NaN,NaN,NaN,NaN,NaN,NaN,NaN,NaN,NaN,NaN,TY,WN,B,B,NaN,NaN,NaN,NaN,NaN,NaN,
2000030618,16s.2000,NORMAN,TY,NN,-22.0,91.8,65,NaN,203,7,203,7,NaN,NaN,NaN,NaN,NaN,NaN,NaN,NaN,NaN,NaN,TY,WN,B,B,NaN,NaN,NaN,NaN,NaN,NaN,
2000030700,16s.2000,NORMAN,TY,NN,-22.5,91.7,65,NaN,191,8,191,8,NaN,NaN,NaN,NaN,NaN,NaN,NaN,NaN,NaN,NaN,TY,WN,B,B,NaN,NaN,NaN,NaN,NaN,NaN,
2000030706,16s.2000,NORMAN,TY,NN,-23.1,91.6,60,NaN,190,6,190,6,NaN,NaN,NaN,NaN,NaN,NaN,NaN,NaN,NaN,NaN,TS,WN,B,B,NaN,NaN,NaN,NaN,NaN,NaN,
2000030712,16s.2000,NORMAN,TY,NN,-23.7,92.1,65,NaN,163,6,163,6,NaN,NaN,NaN,NaN,NaN,NaN,NaN,NaN,NaN,NaN,TY,WN,B,B,NaN,NaN,NaN,NaN,NaN,NaN,
2000030718,16s.2000,NORMAN,TY,NN,-23.9,92.7,60,NaN,128,6,128,6,NaN,NaN,NaN,NaN,NaN,NaN,NaN,NaN,NaN,NaN,TS,WN,B,B,NaN,NaN,NaN,NaN,NaN,NaN,
2000030800,16s.2000,NORMAN,TY,NN,-24.1,92.7,55,NaN,126,3,126,3,NaN,NaN,NaN,NaN,NaN,NaN,NaN,NaN,NaN,NaN,TS,WN,B,B,NaN,NaN,NaN,NaN,NaN,NaN,
2000030806,16s.2000,NORMAN,TY,NN,-23.9,92.5,45,NaN,270,1,270,1,NaN,NaN,NaN,NaN,NaN,NaN,NaN,NaN,NaN,NaN,TS,WN,B,B,NaN,NaN,NaN,NaN,NaN,NaN,
2000030812,16s.2000,NORMAN,TY,NN,-23.8,93.0,30,NaN,42,2,42,2,NaN,NaN,NaN,NaN,NaN,NaN,NaN,NaN,NaN,NaN,TD,WN,B,B,NaN,NaN,NaN,NaN,NaN,NaN,
2000030818,16s.2000,NORMAN,TY,NN,-23.9,93.9,25,NaN,90,6,90,6,NaN,NaN,NaN,NaN,NaN,NaN,NaN,NaN,NaN,NaN,TD,WN,B,B,NaN,NaN,NaN,NaN,NaN,NaN,
2000022906,s17.2000,9X-S17,TS,NN,-12.2,85.8,20,NaN,98,7,98,7,NaN,NaN,NaN,NaN,NaN,NaN,NaN,NaN,NaN,NaN,NT,NW,B,B,NaN,NaN,NaN,NaN,NaN,NaN,
2000022912,s17.2000,9X-S17,TS,NN,-12.3,86.5,20,NaN,98,7,98,7,NaN,NaN,NaN,NaN,NaN,NaN,NaN,NaN,NaN,NaN,NT,NW,B,B,NaN,NaN,NaN,NaN,NaN,NaN,
2000022918,s17.2000,9X-S17,TS,NN,-12.4,87.2,20,NaN,98,7,98,7,NaN,NaN,NaN,NaN,NaN,NaN,NaN,NaN,NaN,NaN,NT,NW,B,B,NaN,NaN,NaN,NaN,NaN,NaN,
2000030100,s17.2000,9X-S17,TS,NN,-12.6,87.4,25,NaN,109,5,109,5,NaN,NaN,NaN,NaN,NaN,NaN,NaN,NaN,NaN,NaN,TD,NW,B,B,NaN,NaN,NaN,NaN,NaN,NaN,
2000030106,s17.2000,9X-S17,TS,NN,-13.0,87.6,30,NaN,147,4,147,4,NaN,NaN,NaN,NaN,NaN,NaN,NaN,NaN,NaN,NaN,TD,NW,B,B,NaN,NaN,NaN,NaN,NaN,NaN,
2000030112,17s.2000,NONAME,TS,NN,-13.0,87.4,30,NaN,180,2,180,2,NaN,NaN,NaN,NaN,NaN,NaN,NaN,NaN,NaN,NaN,TD,WN,B,B,NaN,NaN,NaN,NaN,NaN,NaN,
2000030118,17s.2000,NONAME,TS,NN,-13.0,87.3,30,NaN,270,1,270,1,NaN,NaN,NaN,NaN,NaN,NaN,NaN,NaN,NaN,NaN,TD,WN,B,B,NaN,NaN,NaN,NaN,NaN,NaN,
2000030200,17s.2000,NONAME,TS,NN,-13.0,86.8,30,NaN,270,3,270,3,NaN,NaN,NaN,NaN,NaN,NaN,NaN,NaN,NaN,NaN,TD,WN,B,B,NaN,NaN,NaN,NaN,NaN,NaN,
2000030206,17s.2000,NONAME,TS,NN,-13.6,86.5,35,NaN,232,5,232,5,NaN,NaN,NaN,NaN,NaN,NaN,NaN,NaN,NaN,NaN,TS,WN,B,B,NaN,NaN,NaN,NaN,NaN,NaN,
2000030212,17s.2000,NONAME,TS,NN,-13.9,86.2,35,NaN,213,5,213,5,NaN,NaN,NaN,NaN,NaN,NaN,NaN,NaN,NaN,NaN,TS,WN,B,B,NaN,NaN,NaN,NaN,NaN,NaN,
2000030218,17s.2000,NONAME,TS,NN,-14.1,85.6,35,NaN,240,5,240,5,NaN,NaN,NaN,NaN,NaN,NaN,NaN,NaN,NaN,NaN,TS,WN,B,B,NaN,NaN,NaN,NaN,NaN,NaN,
2000030300,17s.2000,NONAME,TS,NN,-14.6,84.7,30,NaN,244,8,244,8,NaN,NaN,NaN,NaN,NaN,NaN,NaN,NaN,NaN,NaN,TD,WN,B,B,NaN,NaN,NaN,NaN,NaN,NaN,
2000030306,17s.2000,NONAME,TS,NN,-15.3,84.6,30,NaN,219,8,219,8,NaN,NaN,NaN,NaN,NaN,NaN,NaN,NaN,NaN,NaN,TD,WN,B,B,NaN,NaN,NaN,NaN,NaN,NaN,
2000030312,17s.2000,NONAME,TS,NN,-15.9,84.3,30,NaN,197,7,197,7,NaN,NaN,NaN,NaN,NaN,NaN,NaN,NaN,NaN,NaN,TD,WN,B,B,NaN,NaN,NaN,NaN,NaN,NaN,
2000030318,17s.2000,NONAME,TS,NN,-16.1,83.7,25,NaN,227,6,227,6,NaN,NaN,NaN,NaN,NaN,NaN,NaN,NaN,NaN,NaN,TD,WN,B,B,NaN,NaN,NaN,NaN,NaN,NaN,
2000030400,17s.2000,NONAME,TS,NN,-16.0,83.1,25,NaN,265,6,265,6,NaN,NaN,NaN,NaN,NaN,NaN,NaN,NaN,NaN,NaN,TD,WN,B,B,NaN,NaN,NaN,NaN,NaN,NaN,
2000030406,17s.2000,NONAME,TS,NN,-15.9,82.6,25,NaN,281,5,281,5,NaN,NaN,NaN,NaN,NaN,NaN,NaN,NaN,NaN,NaN,TD,WN,B,B,NaN,NaN,NaN,NaN,NaN,NaN,
2000030412,17s.2000,NONAME,TS,NN,-16.3,82.1,25,NaN,253,5,253,5,NaN,NaN,NaN,NaN,NaN,NaN,NaN,NaN,NaN,NaN,TD,WN,B,B,NaN,NaN,NaN,NaN,NaN,NaN,
2000030418,17s.2000,NONAME,TS,NN,-16.2,81.5,25,NaN,254,5,254,5,NaN,NaN,NaN,NaN,NaN,NaN,NaN,NaN,NaN,NaN,TD,WN,B,B,NaN,NaN,NaN,NaN,NaN,NaN,
2000030500,17s.2000,NONAME,TS,NN,-16.0,81.2,25,NaN,289,5,289,5,NaN,NaN,NaN,NaN,NaN,NaN,NaN,NaN,NaN,NaN,TD,WN,B,B,NaN,NaN,NaN,NaN,NaN,NaN,
2000030506,17s.2000,NONAME,TS,NN,-15.4,80.8,25,NaN,320,5,320,5,NaN,NaN,NaN,NaN,NaN,NaN,NaN,NaN,NaN,NaN,TD,NW,B,B,NaN,NaN,NaN,NaN,NaN,NaN,
2000030512,17s.2000,NONAME,TS,NN,-15.0,80.7,25,NaN,334,6,334,6,NaN,NaN,NaN,NaN,NaN,NaN,NaN,NaN,NaN,NaN,TD,NW,B,B,NaN,NaN,NaN,NaN,NaN,NaN,
2000030518,17s.2000,NONAME,TS,NN,-14.6,80.6,25,NaN,346,4,346,4,NaN,NaN,NaN,NaN,NaN,NaN,NaN,NaN,NaN,NaN,TD,NW,B,B,NaN,NaN,NaN,NaN,NaN,NaN,
2000030600,17s.2000,NONAME,TS,NN,-14.3,80.3,25,NaN,331,4,331,4,NaN,NaN,NaN,NaN,NaN,NaN,NaN,NaN,NaN,NaN,TD,NW,B,B,NaN,NaN,NaN,NaN,NaN,NaN,
2000030606,17s.2000,NONAME,TS,NN,-14.3,80.3,25,NaN,316,2,316,2,NaN,NaN,NaN,NaN,NaN,NaN,NaN,NaN,NaN,NaN,TD,NW,B,B,NaN,NaN,NaN,NaN,NaN,NaN,
2000030612,17s.2000,NONAME,TS,NN,-14.3,80.4,20,NaN,90,0,90,0,NaN,NaN,NaN,NaN,NaN,NaN,NaN,NaN,NaN,NaN,NT,NW,B,B,NaN,NaN,NaN,NaN,NaN,NaN,
2000030400,p18.2000,9X-P18,TS,NN,-19.6,208.5,20,NaN,257,4,257,4,NaN,NaN,NaN,NaN,NaN,NaN,NaN,NaN,NaN,NaN,NT,NW,B,B,NaN,NaN,NaN,NaN,NaN,NaN,
2000030406,p18.2000,9X-P18,TS,NN,-19.7,208.1,20,NaN,257,4,257,4,NaN,NaN,NaN,NaN,NaN,NaN,NaN,NaN,NaN,NaN,NT,NW,B,B,NaN,NaN,NaN,NaN,NaN,NaN,
2000030412,p18.2000,9X-P18,TS,NN,-19.8,207.6,20,NaN,257,4,257,4,NaN,NaN,NaN,NaN,NaN,NaN,NaN,NaN,NaN,NaN,NT,NW,B,B,NaN,NaN,NaN,NaN,NaN,NaN,
2000030418,p18.2000,9X-P18,TS,NN,-20.0,207.1,25,NaN,252,5,252,5,NaN,NaN,NaN,NaN,NaN,NaN,NaN,NaN,NaN,NaN,TD,NW,B,B,NaN,NaN,NaN,NaN,NaN,NaN,
2000030500,p18.2000,9X-P18,TS,NN,-20.3,206.1,25,NaN,250,7,250,7,NaN,NaN,NaN,NaN,NaN,NaN,NaN,NaN,NaN,NaN,TD,NW,B,B,NaN,NaN,NaN,NaN,NaN,NaN,
2000030506,p18.2000,9X-P18,TS,NN,-21.2,203.5,25,NaN,250,18,250,18,NaN,NaN,NaN,NaN,NaN,NaN,NaN,NaN,NaN,NaN,TD,NW,B,B,NaN,NaN,NaN,NaN,NaN,NaN,
2000030512,p18.2000,9X-P18,TS,NN,-21.7,201.8,25,NaN,251,21,251,21,NaN,NaN,NaN,NaN,NaN,NaN,NaN,NaN,NaN,NaN,TD,NW,B,B,NaN,NaN,NaN,NaN,NaN,NaN,
2000030518,p18.2000,9X-P18,TS,NN,-22.4,200.1,25,NaN,249,17,249,17,NaN,NaN,NaN,NaN,NaN,NaN,NaN,NaN,NaN,NaN,TD,NW,B,B,NaN,NaN,NaN,NaN,NaN,NaN,
2000030600,p18.2000,9X-P18,TS,NN,-23.1,198.8,25,NaN,243,16,243,16,NaN,NaN,NaN,NaN,NaN,NaN,NaN,NaN,NaN,NaN,TD,NW,B,B,NaN,NaN,NaN,NaN,NaN,NaN,
2000030606,p18.2000,9X-P18,TS,NN,-23.8,197.7,25,NaN,238,13,238,13,NaN,NaN,NaN,NaN,NaN,NaN,NaN,NaN,NaN,NaN,TD,NW,B,B,NaN,NaN,NaN,NaN,NaN,NaN,
2000030612,18p.2000,LEO,TS,NN,-24.4,196.6,25,NaN,237,12,237,12,NaN,NaN,NaN,NaN,NaN,NaN,NaN,NaN,NaN,NaN,TD,WN,B,B,NaN,NaN,NaN,NaN,NaN,NaN,
2000030618,18p.2000,LEO,TS,NN,-25.6,194.8,55,NaN,236,16,236,16,NaN,NaN,NaN,NaN,NaN,NaN,NaN,NaN,NaN,NaN,TS,WN,B,B,NaN,NaN,NaN,NaN,NaN,NaN,
2000030700,18p.2000,LEO,TS,NN,-27.0,194.3,55,NaN,219,17,219,17,NaN,NaN,NaN,NaN,NaN,NaN,NaN,NaN,NaN,NaN,TS,WN,B,B,NaN,NaN,NaN,NaN,NaN,NaN,
2000030706,18p.2000,LEO,TS,NN,-29.5,194.1,30,NaN,189,20,189,20,NaN,NaN,NaN,NaN,NaN,NaN,NaN,NaN,NaN,NaN,TD,WN,B,B,NaN,NaN,NaN,NaN,NaN,NaN,
2000030712,18p.2000,LEO,TS,NN,-31.6,193.7,35,NaN,186,23,186,23,NaN,NaN,NaN,NaN,NaN,NaN,NaN,NaN,NaN,NaN,TS,WN,B,B,NaN,NaN,NaN,NaN,NaN,NaN,
2000030718,18p.2000,LEO,TS,NN,-33.6,193.4,35,NaN,188,21,188,21,NaN,NaN,NaN,NaN,NaN,NaN,NaN,NaN,NaN,NaN,TS,WN,B,B,NaN,NaN,NaN,NaN,NaN,NaN,
2000030800,18p.2000,LEO,TS,NN,-36.7,194.0,30,NaN,177,26,177,26,NaN,NaN,NaN,NaN,NaN,NaN,NaN,NaN,NaN,NaN,TD,WN,B,B,NaN,NaN,NaN,NaN,NaN,NaN,
2000030806,18p.2000,LEO,TS,NN,-39.9,195.8,30,NaN,163,33,163,33,NaN,NaN,NaN,NaN,NaN,NaN,NaN,NaN,NaN,NaN,TD,WN,B,B,NaN,NaN,NaN,NaN,NaN,NaN,
2000030712,p19.2000,9X-P19,TY,NN,-17.9,186.4,25,NaN,219,8,219,8,NaN,NaN,NaN,NaN,NaN,NaN,NaN,NaN,NaN,NaN,TD,NW,B,B,NaN,NaN,NaN,NaN,NaN,NaN,
2000030718,p19.2000,9X-P19,TY,NN,-18.6,185.9,25,NaN,219,8,219,8,NaN,NaN,NaN,NaN,NaN,NaN,NaN,NaN,NaN,NaN,TD,NW,B,B,NaN,NaN,NaN,NaN,NaN,NaN,
2000030800,19p.2000,MONA,TY,NN,-19.2,185.3,30,NaN,219,8,219,8,NaN,NaN,NaN,NaN,NaN,NaN,NaN,NaN,NaN,NaN,TD,WN,B,B,NaN,NaN,NaN,NaN,NaN,NaN,
2000030806,19p.2000,MONA,TY,NN,-19.6,185.0,30,NaN,220,7,220,7,NaN,NaN,NaN,NaN,NaN,NaN,NaN,NaN,NaN,NaN,TD,WN,B,B,NaN,NaN,NaN,NaN,NaN,NaN,
2000030812,19p.2000,MONA,TY,NN,-20.2,184.6,25,NaN,213,6,213,6,NaN,NaN,NaN,NaN,NaN,NaN,NaN,NaN,NaN,NaN,TD,WN,B,B,NaN,NaN,NaN,NaN,NaN,NaN,
2000030818,19p.2000,MONA,TY,NN,-20.8,184.2,55,NaN,212,7,212,7,NaN,NaN,NaN,NaN,NaN,NaN,NaN,NaN,NaN,NaN,TS,WN,B,B,NaN,NaN,NaN,NaN,NaN,NaN,
2000030900,19p.2000,MONA,TY,NN,-21.2,184.1,60,NaN,205,6,205,6,NaN,NaN,NaN,NaN,NaN,NaN,NaN,NaN,NaN,NaN,TS,WN,B,B,NaN,NaN,NaN,NaN,NaN,NaN,
2000030906,19p.2000,MONA,TY,NN,-21.7,184.0,75,NaN,192,5,192,5,NaN,NaN,NaN,NaN,NaN,NaN,NaN,NaN,NaN,NaN,TY,WN,B,B,NaN,NaN,NaN,NaN,NaN,NaN,
2000030912,19p.2000,MONA,TY,NN,-22.2,184.2,70,NaN,175,5,175,5,NaN,NaN,NaN,NaN,NaN,NaN,NaN,NaN,NaN,NaN,TY,WN,B,B,NaN,NaN,NaN,NaN,NaN,NaN,
2000030918,19p.2000,MONA,TY,NN,-22.6,184.6,75,NaN,148,5,148,5,NaN,NaN,NaN,NaN,NaN,NaN,NaN,NaN,NaN,NaN,TY,WN,B,B,NaN,NaN,NaN,NaN,NaN,NaN,
2000031000,19p.2000,MONA,TY,NN,-23.3,185.1,75,NaN,143,7,143,7,NaN,NaN,NaN,NaN,NaN,NaN,NaN,NaN,NaN,NaN,TY,WN,B,B,NaN,NaN,NaN,NaN,NaN,NaN,
2000031006,19p.2000,MONA,TY,NN,-24.3,186.7,80,NaN,131,13,131,13,NaN,NaN,NaN,NaN,NaN,NaN,NaN,NaN,NaN,NaN,TY,WN,B,B,NaN,NaN,NaN,NaN,NaN,NaN,
2000031012,19p.2000,MONA,TY,NN,-25.6,188.1,80,NaN,130,18,130,18,NaN,NaN,NaN,NaN,NaN,NaN,NaN,NaN,NaN,NaN,TY,WN,B,B,NaN,NaN,NaN,NaN,NaN,NaN,
2000031018,19p.2000,MONA,TY,NN,-26.3,188.1,45,NaN,148,12,148,12,NaN,NaN,NaN,NaN,NaN,NaN,NaN,NaN,NaN,NaN,TS,WN,B,B,NaN,NaN,NaN,NaN,NaN,NaN,
2000031100,19p.2000,MONA,TY,NN,-27.0,188.0,55,NaN,184,7,184,7,NaN,NaN,NaN,NaN,NaN,NaN,NaN,NaN,NaN,NaN,TS,WN,B,B,NaN,NaN,NaN,NaN,NaN,NaN,
2000031106,19p.2000,MONA,TY,NN,-28.2,188.1,30,NaN,180,10,180,9,NaN,NaN,NaN,NaN,NaN,NaN,NaN,NaN,NaN,NaN,TD,WN,B,B,NaN,NaN,NaN,NaN,NaN,NaN,
2000031418,s20.2000,9X-S20,TS,NN,-17.1,118.6,25,NaN,266,8,266,8,NaN,NaN,NaN,NaN,NaN,NaN,NaN,NaN,NaN,NaN,TD,NW,B,B,NaN,NaN,NaN,NaN,NaN,NaN,
2000031500,s20.2000,9X-S20,TS,NN,-17.2,117.9,25,NaN,266,8,266,8,NaN,NaN,NaN,NaN,NaN,NaN,NaN,NaN,NaN,NaN,TD,NW,B,B,NaN,NaN,NaN,NaN,NaN,NaN,
2000031506,s20.2000,9X-S20,TS,NN,-17.2,117.0,25,NaN,266,8,266,8,NaN,NaN,NaN,NaN,NaN,NaN,NaN,NaN,NaN,NaN,TD,NW,B,B,NaN,NaN,NaN,NaN,NaN,NaN,
2000031512,20s.2000,OLGA,TS,NN,-16.9,115.7,25,NaN,278,11,278,11,NaN,NaN,NaN,NaN,NaN,NaN,NaN,NaN,NaN,NaN,TD,WN,B,B,NaN,NaN,NaN,NaN,NaN,NaN,
2000031518,20s.2000,OLGA,TS,NN,-16.7,115.1,30,NaN,285,9,285,9,NaN,NaN,NaN,NaN,NaN,NaN,NaN,NaN,NaN,NaN,TD,WN,B,B,NaN,NaN,NaN,NaN,NaN,NaN,
2000031600,20s.2000,OLGA,TS,NN,-16.6,114.6,30,NaN,286,5,286,5,NaN,NaN,NaN,NaN,NaN,NaN,NaN,NaN,NaN,NaN,TD,WN,B,B,NaN,NaN,NaN,NaN,NaN,NaN,
2000031606,20s.2000,OLGA,TS,NN,-16.5,114.1,30,NaN,282,5,282,5,NaN,NaN,NaN,NaN,NaN,NaN,NaN,NaN,NaN,NaN,TD,WN,B,B,NaN,NaN,NaN,NaN,NaN,NaN,
2000031612,20s.2000,OLGA,TS,NN,-16.5,113.6,30,NaN,276,5,276,5,NaN,NaN,NaN,NaN,NaN,NaN,NaN,NaN,NaN,NaN,TD,WN,B,B,NaN,NaN,NaN,NaN,NaN,NaN,
2000031618,20s.2000,OLGA,TS,NN,-16.6,113.2,30,NaN,263,4,263,4,NaN,NaN,NaN,NaN,NaN,NaN,NaN,NaN,NaN,NaN,TD,WN,B,B,NaN,NaN,NaN,NaN,NaN,NaN,
2000031700,20s.2000,OLGA,TS,NN,-16.8,112.8,30,NaN,249,4,249,4,NaN,NaN,NaN,NaN,NaN,NaN,NaN,NaN,NaN,NaN,TD,WN,B,B,NaN,NaN,NaN,NaN,NaN,NaN,
2000031706,20s.2000,OLGA,TS,NN,-17.1,112.2,35,NaN,242,5,242,5,NaN,NaN,NaN,NaN,NaN,NaN,NaN,NaN,NaN,NaN,TS,WN,B,B,NaN,NaN,NaN,NaN,NaN,NaN,
2000031712,20s.2000,OLGA,TS,NN,-17.5,111.2,35,NaN,245,8,245,8,NaN,NaN,NaN,NaN,NaN,NaN,NaN,NaN,NaN,NaN,TS,WN,B,B,NaN,NaN,NaN,NaN,NaN,NaN,
2000031718,20s.2000,OLGA,TS,NN,-17.8,110.4,45,NaN,248,9,248,9,NaN,NaN,NaN,NaN,NaN,NaN,NaN,NaN,NaN,NaN,TS,WN,B,B,NaN,NaN,NaN,NaN,NaN,NaN,
2000031800,20s.2000,OLGA,TS,NN,-18.3,109.6,45,NaN,242,9,242,9,NaN,NaN,NaN,NaN,NaN,NaN,NaN,NaN,NaN,NaN,TS,WN,B,B,NaN,NaN,NaN,NaN,NaN,NaN,
2000031806,20s.2000,OLGA,TS,NN,-19.1,108.7,50,NaN,231,10,231,10,NaN,NaN,NaN,NaN,NaN,NaN,NaN,NaN,NaN,NaN,TS,WN,B,B,NaN,NaN,NaN,NaN,NaN,NaN,
2000031812,20s.2000,OLGA,TS,NN,-20.0,107.8,45,NaN,225,12,225,12,NaN,NaN,NaN,NaN,NaN,NaN,NaN,NaN,NaN,NaN,TS,WN,B,B,NaN,NaN,NaN,NaN,NaN,NaN,
2000031818,20s.2000,OLGA,TS,NN,-20.7,107.1,35,NaN,223,11,223,11,NaN,NaN,NaN,NaN,NaN,NaN,NaN,NaN,NaN,NaN,TS,WN,B,B,NaN,NaN,NaN,NaN,NaN,NaN,
2000031900,20s.2000,OLGA,TS,NN,-21.1,105.9,35,NaN,238,10,238,10,NaN,NaN,NaN,NaN,NaN,NaN,NaN,NaN,NaN,NaN,TS,WN,B,B,NaN,NaN,NaN,NaN,NaN,NaN,
2000031906,20s.2000,OLGA,TS,NN,-22.0,105.2,30,NaN,234,11,234,11,NaN,NaN,NaN,NaN,NaN,NaN,NaN,NaN,NaN,NaN,TD,WN,B,B,NaN,NaN,NaN,NaN,NaN,NaN,
2000031912,20s.2000,OLGA,TS,NN,-23.1,104.6,25,NaN,211,12,211,12,NaN,NaN,NaN,NaN,NaN,NaN,NaN,NaN,NaN,NaN,TD,NW,B,B,NaN,NaN,NaN,NaN,NaN,NaN,
2000031918,20s.2000,OLGA,TS,NN,-24.1,104.1,25,NaN,206,12,206,12,NaN,NaN,NaN,NaN,NaN,NaN,NaN,NaN,NaN,NaN,TD,NW,B,B,NaN,NaN,NaN,NaN,NaN,NaN,
2000032218,s21.2000,9X-S21,TY,NN,-16.7,101.9,20,NaN,279,13,279,13,NaN,NaN,NaN,NaN,NaN,NaN,NaN,NaN,NaN,NaN,NT,NW,B,B,NaN,NaN,NaN,NaN,NaN,NaN,
2000032300,s21.2000,9X-S21,TY,NN,-16.6,100.7,20,NaN,279,13,279,13,NaN,NaN,NaN,NaN,NaN,NaN,NaN,NaN,NaN,NaN,NT,NW,B,B,NaN,NaN,NaN,NaN,NaN,NaN,
2000032306,s21.2000,9X-S21,TY,NN,-16.3,99.3,20,NaN,279,13,279,13,NaN,NaN,NaN,NaN,NaN,NaN,NaN,NaN,NaN,NaN,NT,NW,B,B,NaN,NaN,NaN,NaN,NaN,NaN,
2000032312,s21.2000,9X-S21,TY,NN,-16.1,98.1,20,NaN,281,13,281,13,NaN,NaN,NaN,NaN,NaN,NaN,NaN,NaN,NaN,NaN,NT,NW,B,B,NaN,NaN,NaN,NaN,NaN,NaN,
2000032318,s21.2000,9X-S21,TY,NN,-15.9,96.8,25,NaN,279,12,279,12,NaN,NaN,NaN,NaN,NaN,NaN,NaN,NaN,NaN,NaN,TD,NW,B,B,NaN,NaN,NaN,NaN,NaN,NaN,
2000032400,s21.2000,9X-S21,TY,NN,-15.7,95.4,25,NaN,279,13,279,13,NaN,NaN,NaN,NaN,NaN,NaN,NaN,NaN,NaN,NaN,TD,NW,B,B,NaN,NaN,NaN,NaN,NaN,NaN,
2000032406,s21.2000,9X-S21,TY,NN,-15.3,94.1,25,NaN,283,13,283,13,NaN,NaN,NaN,NaN,NaN,NaN,NaN,NaN,NaN,NaN,TD,NW,B,B,NaN,NaN,NaN,NaN,NaN,NaN,
2000032412,21s.2000,HUDAH,TY,NN,-15.3,93.0,30,NaN,280,12,280,12,NaN,NaN,NaN,NaN,NaN,NaN,NaN,NaN,NaN,NaN,TD,WN,B,B,NaN,NaN,NaN,NaN,NaN,NaN,
2000032418,21s.2000,HUDAH,TY,NN,-15.3,91.7,35,NaN,270,12,270,12,NaN,NaN,NaN,NaN,NaN,NaN,NaN,NaN,NaN,NaN,TS,WN,B,B,NaN,NaN,NaN,NaN,NaN,NaN,
2000032500,21s.2000,HUDAH,TY,NN,-15.3,90.5,35,NaN,270,12,270,12,NaN,NaN,NaN,NaN,NaN,NaN,NaN,NaN,NaN,NaN,TS,WN,B,B,NaN,NaN,NaN,NaN,NaN,NaN,
2000032506,21s.2000,HUDAH,TY,NN,-15.3,89.4,55,NaN,270,11,270,11,NaN,NaN,NaN,NaN,NaN,NaN,NaN,NaN,NaN,NaN,TS,WN,B,B,NaN,NaN,NaN,NaN,NaN,NaN,
2000032512,21s.2000,HUDAH,TY,NN,-15.3,88.2,70,NaN,270,11,270,11,NaN,NaN,NaN,NaN,NaN,NaN,NaN,NaN,NaN,NaN,TY,WN,B,B,NaN,NaN,NaN,NaN,NaN,NaN,
2000032518,21s.2000,HUDAH,TY,NN,-15.1,87.2,65,NaN,275,11,275,11,NaN,NaN,NaN,NaN,NaN,NaN,NaN,NaN,NaN,NaN,TY,WN,B,B,NaN,NaN,NaN,NaN,NaN,NaN,
2000032600,21s.2000,HUDAH,TY,NN,-15.0,86.3,65,NaN,279,9,279,9,NaN,NaN,NaN,NaN,NaN,NaN,NaN,NaN,NaN,NaN,TY,WN,B,B,NaN,NaN,NaN,NaN,NaN,NaN,
2000032606,21s.2000,HUDAH,TY,NN,-14.9,85.3,65,NaN,276,9,276,9,NaN,NaN,NaN,NaN,NaN,NaN,NaN,NaN,NaN,NaN,TY,WN,B,B,NaN,NaN,NaN,NaN,NaN,NaN,
2000032612,21s.2000,HUDAH,TY,NN,-14.7,84.2,65,NaN,278,10,278,10,NaN,NaN,NaN,NaN,NaN,NaN,NaN,NaN,NaN,NaN,TY,WN,B,B,NaN,NaN,NaN,NaN,NaN,NaN,
2000032618,21s.2000,HUDAH,TY,NN,-14.6,83.3,65,NaN,279,10,279,10,NaN,NaN,NaN,NaN,NaN,NaN,NaN,NaN,NaN,NaN,TY,WN,B,B,NaN,NaN,NaN,NaN,NaN,NaN,
2000032700,21s.2000,HUDAH,TY,NN,-14.6,82.6,70,NaN,274,8,274,8,NaN,NaN,NaN,NaN,NaN,NaN,NaN,NaN,NaN,NaN,TY,WN,B,B,NaN,NaN,NaN,NaN,NaN,NaN,
2000032706,21s.2000,HUDAH,TY,NN,-14.6,81.7,80,NaN,270,8,270,8,NaN,NaN,NaN,NaN,NaN,NaN,NaN,NaN,NaN,NaN,TY,WN,B,B,NaN,NaN,NaN,NaN,NaN,NaN,
2000032712,21s.2000,HUDAH,TY,NN,-14.6,80.7,85,NaN,270,9,270,9,NaN,NaN,NaN,NaN,NaN,NaN,NaN,NaN,NaN,NaN,TY,WN,B,B,NaN,NaN,NaN,NaN,NaN,NaN,
2000032718,21s.2000,HUDAH,TY,NN,-14.7,79.7,90,NaN,267,10,267,10,NaN,NaN,NaN,NaN,NaN,NaN,NaN,NaN,NaN,NaN,TY,WN,B,B,NaN,NaN,NaN,NaN,NaN,NaN,
2000032800,21s.2000,HUDAH,TY,NN,-14.8,78.5,95,NaN,265,11,265,11,NaN,NaN,NaN,NaN,NaN,NaN,NaN,NaN,NaN,NaN,TY,WN,B,B,NaN,NaN,NaN,NaN,NaN,NaN,
2000032806,21s.2000,HUDAH,TY,NN,-15.1,77.3,100,NaN,260,12,260,12,NaN,NaN,NaN,NaN,NaN,NaN,NaN,NaN,NaN,NaN,TY,WN,B,B,NaN,NaN,NaN,NaN,NaN,NaN,
2000032812,21s.2000,HUDAH,TY,NN,-15.5,76.1,100,NaN,253,12,253,12,NaN,NaN,NaN,NaN,NaN,NaN,NaN,NaN,NaN,NaN,TY,WN,B,B,NaN,NaN,NaN,NaN,NaN,NaN,
2000032818,21s.2000,HUDAH,TY,NN,-15.8,75.0,100,NaN,252,12,252,12,NaN,NaN,NaN,NaN,NaN,NaN,NaN,NaN,NaN,NaN,TY,WN,B,B,NaN,NaN,NaN,NaN,NaN,NaN,
2000032900,21s.2000,HUDAH,TY,NN,-16.1,73.9,90,NaN,254,11,254,11,NaN,NaN,NaN,NaN,NaN,NaN,NaN,NaN,NaN,NaN,TY,WN,B,B,NaN,NaN,NaN,NaN,NaN,NaN,
2000032906,21s.2000,HUDAH,TY,NN,-16.5,72.6,90,NaN,253,12,253,12,NaN,NaN,NaN,NaN,NaN,NaN,NaN,NaN,NaN,NaN,TY,WN,B,B,NaN,NaN,NaN,NaN,NaN,NaN,
2000032912,21s.2000,HUDAH,TY,NN,-16.8,71.4,95,NaN,254,12,254,12,NaN,NaN,NaN,NaN,NaN,NaN,NaN,NaN,NaN,NaN,TY,WN,B,B,NaN,NaN,NaN,NaN,NaN,NaN,
2000032918,21s.2000,HUDAH,TY,NN,-16.9,70.2,90,NaN,260,12,260,12,NaN,NaN,NaN,NaN,NaN,NaN,NaN,NaN,NaN,NaN,TY,WN,B,B,NaN,NaN,NaN,NaN,NaN,NaN,
2000033000,21s.2000,HUDAH,TY,NN,-16.9,68.9,90,NaN,268,12,268,12,NaN,NaN,NaN,NaN,NaN,NaN,NaN,NaN,NaN,NaN,TY,WN,B,B,NaN,NaN,NaN,NaN,NaN,NaN,
2000033006,21s.2000,HUDAH,TY,NN,-16.9,67.6,85,NaN,270,12,270,12,NaN,NaN,NaN,NaN,NaN,NaN,NaN,NaN,NaN,NaN,TY,WN,B,B,NaN,NaN,NaN,NaN,NaN,NaN,
2000033012,21s.2000,HUDAH,TY,NN,-17.0,66.5,80,NaN,268,11,268,11,NaN,NaN,NaN,NaN,NaN,NaN,NaN,NaN,NaN,NaN,TY,WN,B,B,NaN,NaN,NaN,NaN,NaN,NaN,
2000033018,21s.2000,HUDAH,TY,NN,-17.0,65.4,80,NaN,267,11,267,11,NaN,NaN,NaN,NaN,NaN,NaN,NaN,NaN,NaN,NaN,TY,WN,B,B,NaN,NaN,NaN,NaN,NaN,NaN,
2000033100,21s.2000,HUDAH,TY,NN,-17.0,64.3,90,NaN,270,11,270,11,NaN,NaN,NaN,NaN,NaN,NaN,NaN,NaN,NaN,NaN,TY,WN,B,B,NaN,NaN,NaN,NaN,NaN,NaN,
2000033106,21s.2000,HUDAH,TY,NN,-17.0,63.1,100,NaN,270,11,270,11,NaN,NaN,NaN,NaN,NaN,NaN,NaN,NaN,NaN,NaN,TY,WN,B,B,NaN,NaN,NaN,NaN,NaN,NaN,
2000033112,21s.2000,HUDAH,TY,NN,-17.0,61.8,100,NaN,270,12,270,12,NaN,NaN,NaN,NaN,NaN,NaN,NaN,NaN,NaN,NaN,TY,WN,B,B,NaN,NaN,NaN,NaN,NaN,NaN,
2000033118,21s.2000,HUDAH,TY,NN,-17.0,60.6,100,NaN,270,12,270,12,NaN,NaN,NaN,NaN,NaN,NaN,NaN,NaN,NaN,NaN,TY,WN,B,B,NaN,NaN,NaN,NaN,NaN,NaN,
2000040100,21s.2000,HUDAH,TY,NN,-17.0,59.4,120,NaN,270,11,270,11,NaN,NaN,NaN,NaN,NaN,NaN,NaN,NaN,NaN,NaN,TY,WN,B,B,NaN,NaN,NaN,NaN,NaN,NaN,
2000040106,21s.2000,HUDAH,TY,NN,-16.9,58.2,120,NaN,272,11,272,11,NaN,NaN,NaN,NaN,NaN,NaN,NaN,NaN,NaN,NaN,TY,WN,B,B,NaN,NaN,NaN,NaN,NaN,NaN,
2000040112,21s.2000,HUDAH,TY,NN,-16.6,56.9,125,NaN,279,12,279,12,NaN,NaN,NaN,NaN,NaN,NaN,NaN,NaN,NaN,NaN,TY,WN,B,B,NaN,NaN,NaN,NaN,NaN,NaN,
2000040118,21s.2000,HUDAH,TY,NN,-16.4,55.7,125,NaN,282,12,282,12,NaN,NaN,NaN,NaN,NaN,NaN,NaN,NaN,NaN,NaN,TY,WN,B,B,NaN,NaN,NaN,NaN,NaN,NaN,
2000040200,21s.2000,HUDAH,TY,NN,-16.2,54.4,125,NaN,279,12,279,12,NaN,NaN,NaN,NaN,NaN,NaN,NaN,NaN,NaN,NaN,TY,WN,B,B,NaN,NaN,NaN,NaN,NaN,NaN,
2000040206,21s.2000,HUDAH,TY,NN,-15.8,53.0,125,NaN,283,13,283,13,NaN,NaN,NaN,NaN,NaN,NaN,NaN,NaN,NaN,NaN,TY,WN,B,B,NaN,NaN,NaN,NaN,NaN,NaN,
2000040212,21s.2000,HUDAH,TY,NN,-15.4,51.6,125,NaN,287,14,287,14,NaN,NaN,NaN,NaN,NaN,NaN,NaN,NaN,NaN,NaN,TY,WN,B,B,NaN,NaN,NaN,NaN,NaN,NaN,
2000040218,21s.2000,HUDAH,TY,NN,-15.1,50.4,115,NaN,286,13,286,13,NaN,NaN,NaN,NaN,NaN,NaN,NaN,NaN,NaN,NaN,TY,WN,B,B,NaN,NaN,0.33,NaN,NaN,NaN,
2000040300,21s.2000,HUDAH,TY,NN,-14.9,49.0,100,NaN,281,13,281,13,NaN,NaN,NaN,NaN,NaN,NaN,NaN,NaN,NaN,NaN,TY,WN,B,B,NaN,NaN,0.98,NaN,NaN,NaN,
2000040306,21s.2000,HUDAH,TY,NN,-14.8,47.6,75,NaN,276,14,276,14,NaN,NaN,NaN,NaN,NaN,NaN,NaN,NaN,NaN,NaN,TY,WN,B,B,NaN,NaN,0.59,NaN,NaN,NaN,
2000040312,21s.2000,HUDAH,TY,NN,-14.8,46.5,70,NaN,272,12,272,12,NaN,NaN,NaN,NaN,NaN,NaN,NaN,NaN,NaN,NaN,TY,WN,B,B,NaN,NaN,0.07,NaN,NaN,NaN,
2000040318,21s.2000,HUDAH,TY,NN,-14.9,45.1,55,NaN,268,12,268,12,NaN,NaN,NaN,NaN,NaN,NaN,NaN,NaN,NaN,NaN,TS,WN,B,B,NaN,NaN,NaN,NaN,NaN,NaN,
2000040400,21s.2000,HUDAH,TY,NN,-15.2,44.2,45,NaN,260,11,260,11,NaN,NaN,NaN,NaN,NaN,NaN,NaN,NaN,NaN,NaN,TS,WN,B,B,NaN,NaN,NaN,NaN,NaN,NaN,
2000040406,21s.2000,HUDAH,TY,NN,-15.3,43.3,45,NaN,257,9,257,9,NaN,NaN,NaN,NaN,NaN,NaN,NaN,NaN,NaN,NaN,TS,WN,B,B,NaN,NaN,NaN,NaN,NaN,NaN,
2000040412,21s.2000,HUDAH,TY,NN,-15.3,42.3,55,NaN,267,9,267,9,NaN,NaN,NaN,NaN,NaN,NaN,NaN,NaN,NaN,NaN,TS,WN,B,B,NaN,NaN,NaN,NaN,NaN,NaN,
2000040418,21s.2000,HUDAH,TY,NN,-16.1,41.9,65,NaN,239,8,239,8,NaN,NaN,NaN,NaN,NaN,NaN,NaN,NaN,NaN,NaN,TY,WN,B,B,NaN,NaN,NaN,NaN,NaN,NaN,
2000040500,21s.2000,HUDAH,TY,NN,-16.5,41.0,65,NaN,226,9,226,9,NaN,NaN,NaN,NaN,NaN,NaN,NaN,NaN,NaN,NaN,TY,WN,B,B,NaN,NaN,NaN,NaN,NaN,NaN,
2000040506,21s.2000,HUDAH,TY,NN,-16.9,40.3,65,NaN,242,9,242,9,NaN,NaN,NaN,NaN,NaN,NaN,NaN,NaN,NaN,NaN,TY,WN,B,B,NaN,NaN,NaN,NaN,NaN,NaN,
2000040512,21s.2000,HUDAH,TY,NN,-17.1,39.8,65,NaN,242,6,242,6,NaN,NaN,NaN,NaN,NaN,NaN,NaN,NaN,NaN,NaN,TY,WN,B,B,NaN,NaN,0.02,NaN,NaN,NaN,
2000040518,21s.2000,HUDAH,TY,NN,-17.3,39.6,65,NaN,239,4,239,4,NaN,NaN,NaN,NaN,NaN,NaN,NaN,NaN,NaN,NaN,TY,WN,B,B,NaN,NaN,NaN,NaN,NaN,NaN,
2000040600,21s.2000,HUDAH,TY,NN,-17.5,39.4,70,NaN,224,3,224,3,NaN,NaN,NaN,NaN,NaN,NaN,NaN,NaN,NaN,NaN,TY,WN,B,B,NaN,NaN,NaN,NaN,NaN,NaN,
2000040606,21s.2000,HUDAH,TY,NN,-18.0,38.9,70,NaN,224,5,224,5,NaN,NaN,NaN,NaN,NaN,NaN,NaN,NaN,NaN,NaN,TY,WN,B,B,NaN,NaN,NaN,NaN,NaN,NaN,
2000040612,21s.2000,HUDAH,TY,NN,-18.6,38.7,70,NaN,211,6,211,6,NaN,NaN,NaN,NaN,NaN,NaN,NaN,NaN,NaN,NaN,TY,WN,B,B,NaN,NaN,NaN,NaN,NaN,NaN,
2000040618,21s.2000,HUDAH,TY,NN,-18.9,38.6,90,NaN,198,5,198,5,NaN,NaN,NaN,NaN,NaN,NaN,NaN,NaN,NaN,NaN,TY,WN,B,B,NaN,NaN,NaN,NaN,NaN,NaN,
2000040700,21s.2000,HUDAH,TY,NN,-19.0,38.4,90,NaN,215,2,215,2,NaN,NaN,NaN,NaN,NaN,NaN,NaN,NaN,NaN,NaN,TY,WN,B,B,NaN,NaN,NaN,NaN,NaN,NaN,
2000040706,21s.2000,HUDAH,TY,NN,-18.8,38.3,100,NaN,289,2,289,2,NaN,NaN,NaN,NaN,NaN,NaN,NaN,NaN,NaN,NaN,TY,WN,B,B,NaN,NaN,NaN,NaN,NaN,NaN,
2000040712,21s.2000,HUDAH,TY,NN,-18.6,38.3,100,NaN,347,2,347,2,NaN,NaN,NaN,NaN,NaN,NaN,NaN,NaN,NaN,NaN,TY,WN,B,B,NaN,NaN,NaN,NaN,NaN,NaN,
2000040718,21s.2000,HUDAH,TY,NN,-18.3,38.5,100,NaN,21,3,21,3,NaN,NaN,NaN,NaN,NaN,NaN,NaN,NaN,NaN,NaN,TY,WN,B,B,NaN,NaN,NaN,NaN,NaN,NaN,
2000040800,21s.2000,HUDAH,TY,NN,-18.0,38.4,90,NaN,9,3,9,3,NaN,NaN,NaN,NaN,NaN,NaN,NaN,NaN,NaN,NaN,TY,WN,B,B,NaN,NaN,NaN,NaN,NaN,NaN,
2000040806,21s.2000,HUDAH,TY,NN,-17.2,38.3,80,NaN,350,6,350,6,NaN,NaN,NaN,NaN,NaN,NaN,NaN,NaN,NaN,NaN,TY,WN,B,B,NaN,NaN,0.60,NaN,NaN,NaN,
2000040812,21s.2000,HUDAH,TY,NN,-16.7,38.4,70,NaN,360,7,360,7,NaN,NaN,NaN,NaN,NaN,NaN,NaN,NaN,NaN,NaN,TY,WN,B,B,NaN,NaN,0.97,NaN,NaN,NaN,
2000040818,21s.2000,HUDAH,TY,NN,-16.1,38.5,55,NaN,10,6,10,6,NaN,NaN,NaN,NaN,NaN,NaN,NaN,NaN,NaN,NaN,TS,WN,B,B,NaN,NaN,0.98,NaN,NaN,NaN,
2000040900,21s.2000,HUDAH,TY,NN,-15.3,38.6,35,NaN,8,7,8,7,NaN,NaN,NaN,NaN,NaN,NaN,NaN,NaN,NaN,NaN,TS,WN,B,B,NaN,NaN,0.99,NaN,NaN,NaN,
2000040906,21s.2000,HUDAH,TY,NN,-15.0,38.5,30,NaN,360,6,360,6,NaN,NaN,NaN,NaN,NaN,NaN,NaN,NaN,NaN,NaN,TD,WN,B,B,NaN,NaN,0.99,NaN,NaN,NaN,
2000040912,21s.2000,HUDAH,TY,NN,-14.4,38.2,25,NaN,337,5,337,5,NaN,NaN,NaN,NaN,NaN,NaN,NaN,NaN,NaN,NaN,TD,NW,B,B,NaN,NaN,0.97,NaN,NaN,NaN,
2000033100,p22.2000,9X-P22,TS,NN,-14.2,155.4,20,NaN,230,6,230,6,NaN,NaN,NaN,NaN,NaN,NaN,NaN,NaN,NaN,NaN,NT,NW,B,B,NaN,NaN,NaN,NaN,NaN,NaN,
2000033106,p22.2000,9X-P22,TS,NN,-14.6,155.0,20,NaN,230,6,230,6,NaN,NaN,NaN,NaN,NaN,NaN,NaN,NaN,NaN,NaN,NT,NW,B,B,NaN,NaN,NaN,NaN,NaN,NaN,
2000033112,p22.2000,9X-P22,TS,NN,-15.0,154.4,25,NaN,230,6,230,6,NaN,NaN,NaN,NaN,NaN,NaN,NaN,NaN,NaN,NaN,TD,NW,B,B,NaN,NaN,NaN,NaN,NaN,NaN,
2000033118,p22.2000,9X-P22,TS,NN,-15.3,153.7,25,NaN,241,7,241,7,NaN,NaN,NaN,NaN,NaN,NaN,NaN,NaN,NaN,NaN,TD,NW,B,B,NaN,NaN,NaN,NaN,NaN,NaN,
2000040100,22p.2000,TESSI,TS,NN,-15.6,153.1,35,NaN,244,7,244,7,NaN,NaN,NaN,NaN,NaN,NaN,NaN,NaN,NaN,NaN,TS,WN,B,B,NaN,NaN,NaN,NaN,NaN,NaN,
2000040106,22p.2000,TESSI,TS,NN,-16.0,152.5,35,NaN,239,7,239,7,NaN,NaN,NaN,NaN,NaN,NaN,NaN,NaN,NaN,NaN,TS,WN,B,B,NaN,NaN,NaN,NaN,NaN,NaN,
2000040112,22p.2000,TESSI,TS,NN,-16.5,151.8,40,NaN,234,8,234,8,NaN,NaN,NaN,NaN,NaN,NaN,NaN,NaN,NaN,NaN,TS,WN,B,B,NaN,NaN,NaN,NaN,NaN,NaN,
2000040118,22p.2000,TESSI,TS,NN,-17.2,150.9,45,NaN,232,10,232,10,NaN,NaN,NaN,NaN,NaN,NaN,NaN,NaN,NaN,NaN,TS,WN,B,B,NaN,NaN,NaN,NaN,NaN,NaN,
2000040200,22p.2000,TESSI,TS,NN,-17.8,150.0,45,NaN,233,11,233,11,NaN,NaN,NaN,NaN,NaN,NaN,NaN,NaN,NaN,NaN,TS,WN,B,B,NaN,NaN,NaN,NaN,NaN,NaN,
2000040206,22p.2000,TESSI,TS,NN,-18.3,149.0,45,NaN,239,11,239,11,NaN,NaN,NaN,NaN,NaN,NaN,NaN,NaN,NaN,NaN,TS,WN,B,B,NaN,NaN,NaN,NaN,NaN,NaN,
2000040212,22p.2000,TESSI,TS,NN,-18.8,147.8,50,NaN,244,12,244,12,NaN,NaN,NaN,NaN,NaN,NaN,NaN,NaN,NaN,NaN,TS,WN,B,B,NaN,NaN,NaN,NaN,NaN,NaN,
2000040218,22p.2000,TESSI,TS,NN,-18.8,146.6,50,NaN,258,12,258,12,NaN,NaN,NaN,NaN,NaN,NaN,NaN,NaN,NaN,NaN,TS,WN,B,B,NaN,NaN,0.55,NaN,NaN,NaN,
2000040300,22p.2000,TESSI,TS,NN,-18.9,146.0,30,NaN,267,9,267,9,NaN,NaN,NaN,NaN,NaN,NaN,NaN,NaN,NaN,NaN,TD,WN,B,B,NaN,NaN,0.89,NaN,NaN,NaN,
2000040306,22p.2000,TESSI,TS,NN,-19.0,145.6,25,NaN,258,5,258,5,NaN,NaN,NaN,NaN,NaN,NaN,NaN,NaN,NaN,NaN,TD,NW,B,B,NaN,NaN,1.00,NaN,NaN,NaN,
2000033100,p23.2000,9X-P23,TS,NN,-20.5,167.7,25,NaN,317,4,317,4,NaN,NaN,NaN,NaN,NaN,NaN,NaN,NaN,NaN,NaN,TD,NW,B,B,NaN,NaN,0.07,NaN,NaN,NaN,
2000033106,p23.2000,9X-P23,TS,NN,-20.1,167.2,25,NaN,317,4,317,4,NaN,NaN,NaN,NaN,NaN,NaN,NaN,NaN,NaN,NaN,TD,NW,B,B,NaN,NaN,NaN,NaN,NaN,NaN,
2000033112,p23.2000,9X-P23,TS,NN,-19.9,167.1,25,NaN,317,4,317,4,NaN,NaN,NaN,NaN,NaN,NaN,NaN,NaN,NaN,NaN,TD,NW,B,B,NaN,NaN,NaN,NaN,NaN,NaN,
2000033118,p23.2000,9X-P23,TS,NN,-19.7,167.2,25,NaN,360,2,360,2,NaN,NaN,NaN,NaN,NaN,NaN,NaN,NaN,NaN,NaN,TD,NW,B,B,NaN,NaN,NaN,NaN,NaN,NaN,
2000040100,p23.2000,9X-P23,TS,NN,-18.3,166.5,25,NaN,340,8,340,8,NaN,NaN,NaN,NaN,NaN,NaN,NaN,NaN,NaN,NaN,TD,NW,B,B,NaN,NaN,NaN,NaN,NaN,NaN,
2000040106,p23.2000,9X-P23,TS,NN,-17.9,166.0,25,NaN,328,11,328,11,NaN,NaN,NaN,NaN,NaN,NaN,NaN,NaN,NaN,NaN,TD,NW,B,B,NaN,NaN,NaN,NaN,NaN,NaN,
2000040112,p23.2000,9X-P23,TS,NN,-17.6,165.2,25,NaN,300,7,300,7,NaN,NaN,NaN,NaN,NaN,NaN,NaN,NaN,NaN,NaN,TD,NW,B,B,NaN,NaN,NaN,NaN,NaN,NaN,
2000040118,p23.2000,9X-P23,TS,NN,-17.3,164.1,25,NaN,288,10,288,10,NaN,NaN,NaN,NaN,NaN,NaN,NaN,NaN,NaN,NaN,TD,NW,B,B,NaN,NaN,NaN,NaN,NaN,NaN,
2000040200,p23.2000,9X-P23,TS,NN,-17.2,162.8,25,NaN,280,12,280,12,NaN,NaN,NaN,NaN,NaN,NaN,NaN,NaN,NaN,NaN,TD,NW,B,B,NaN,NaN,NaN,NaN,NaN,NaN,
2000040206,p23.2000,9X-P23,TS,NN,-16.7,161.9,25,NaN,286,11,286,11,NaN,NaN,NaN,NaN,NaN,NaN,NaN,NaN,NaN,NaN,TD,NW,B,B,NaN,NaN,NaN,NaN,NaN,NaN,
2000040212,p23.2000,9X-P23,TS,NN,-16.3,160.8,25,NaN,295,11,295,11,NaN,NaN,NaN,NaN,NaN,NaN,NaN,NaN,NaN,NaN,TD,NW,B,B,NaN,NaN,NaN,NaN,NaN,NaN,
2000040218,p23.2000,9X-P23,TS,NN,-15.3,160.3,25,NaN,312,10,312,10,NaN,NaN,NaN,NaN,NaN,NaN,NaN,NaN,NaN,NaN,TD,NW,B,B,NaN,NaN,NaN,NaN,NaN,NaN,
2000040300,23p.2000,VAUGHAN,TS,NN,-14.5,159.4,35,NaN,323,11,323,11,NaN,NaN,NaN,NaN,NaN,NaN,NaN,NaN,NaN,NaN,TS,WN,B,B,NaN,NaN,NaN,NaN,NaN,NaN,
2000040306,23p.2000,VAUGHAN,TS,NN,-14.4,158.3,35,NaN,295,11,295,11,NaN,NaN,NaN,NaN,NaN,NaN,NaN,NaN,NaN,NaN,TS,WN,B,B,NaN,NaN,NaN,NaN,NaN,NaN,
2000040312,23p.2000,VAUGHAN,TS,NN,-14.2,157.1,35,NaN,278,11,278,11,NaN,NaN,NaN,NaN,NaN,NaN,NaN,NaN,NaN,NaN,TS,WN,B,B,NaN,NaN,NaN,NaN,NaN,NaN,
2000040318,23p.2000,VAUGHAN,TS,NN,-13.8,156.1,45,NaN,286,11,286,11,NaN,NaN,NaN,NaN,NaN,NaN,NaN,NaN,NaN,NaN,TS,WN,B,B,NaN,NaN,NaN,NaN,NaN,NaN,
2000040400,23p.2000,VAUGHAN,TS,NN,-13.6,155.0,50,NaN,286,11,286,11,NaN,NaN,NaN,NaN,NaN,NaN,NaN,NaN,NaN,NaN,TS,WN,B,B,NaN,NaN,NaN,NaN,NaN,NaN,
2000040406,23p.2000,VAUGHAN,TS,NN,-13.4,153.6,45,NaN,279,12,279,12,NaN,NaN,NaN,NaN,NaN,NaN,NaN,NaN,NaN,NaN,TS,WN,B,B,NaN,NaN,NaN,NaN,NaN,NaN,
2000040412,23p.2000,VAUGHAN,TS,NN,-13.2,152.6,45,NaN,280,12,280,12,NaN,NaN,NaN,NaN,NaN,NaN,NaN,NaN,NaN,NaN,TS,WN,B,B,NaN,NaN,NaN,NaN,NaN,NaN,
2000040418,23p.2000,VAUGHAN,TS,NN,-13.3,151.9,45,NaN,273,8,273,8,NaN,NaN,NaN,NaN,NaN,NaN,NaN,NaN,NaN,NaN,TS,WN,B,B,NaN,NaN,NaN,NaN,NaN,NaN,
2000040500,23p.2000,VAUGHAN,TS,NN,-14.0,151.4,40,NaN,236,7,236,7,NaN,NaN,NaN,NaN,NaN,NaN,NaN,NaN,NaN,NaN,TS,WN,B,B,NaN,NaN,NaN,NaN,NaN,NaN,
2000040506,23p.2000,VAUGHAN,TS,NN,-14.5,150.4,35,NaN,231,9,231,9,NaN,NaN,NaN,NaN,NaN,NaN,NaN,NaN,NaN,NaN,TS,WN,B,B,NaN,NaN,NaN,NaN,NaN,NaN,
2000040512,23p.2000,VAUGHAN,TS,NN,-14.7,149.7,35,NaN,247,9,247,9,NaN,NaN,NaN,NaN,NaN,NaN,NaN,NaN,NaN,NaN,TS,WN,B,B,NaN,NaN,NaN,NaN,NaN,NaN,
2000040518,23p.2000,VAUGHAN,TS,NN,-14.9,148.8,35,NaN,256,8,256,8,NaN,NaN,NaN,NaN,NaN,NaN,NaN,NaN,NaN,NaN,TS,WN,B,B,NaN,NaN,NaN,NaN,NaN,NaN,
2000040600,23p.2000,VAUGHAN,TS,NN,-15.3,147.4,40,NaN,255,12,255,12,NaN,NaN,NaN,NaN,NaN,NaN,NaN,NaN,NaN,NaN,TS,WN,B,B,NaN,NaN,NaN,NaN,NaN,NaN,
2000040606,23p.2000,VAUGHAN,TS,NN,-15.5,146.6,40,NaN,254,11,254,11,NaN,NaN,NaN,NaN,NaN,NaN,NaN,NaN,NaN,NaN,TS,WN,B,B,NaN,NaN,NaN,NaN,NaN,NaN,
2000040612,23p.2000,VAUGHAN,TS,NN,-16.1,146.2,30,NaN,235,7,235,7,NaN,NaN,NaN,NaN,NaN,NaN,NaN,NaN,NaN,NaN,TD,WN,B,B,NaN,NaN,NaN,NaN,NaN,NaN,
2000040618,23p.2000,VAUGHAN,TS,NN,-16.5,145.9,25,NaN,214,6,214,6,NaN,NaN,NaN,NaN,NaN,NaN,NaN,NaN,NaN,NaN,TD,WN,B,B,NaN,NaN,0.09,NaN,NaN,NaN,
2000040700,23p.2000,VAUGHAN,TS,NN,-16.7,145.4,15,NaN,232,5,232,5,NaN,NaN,NaN,NaN,NaN,NaN,NaN,NaN,NaN,NaN,NT,WN,B,B,NaN,NaN,0.56,NaN,NaN,NaN,
2000041100,s24.2000,9X-S24,STY,NN,-13.1,127.4,20,NaN,272,15,272,15,NaN,NaN,NaN,NaN,NaN,NaN,NaN,NaN,NaN,NaN,NT,NW,B,B,NaN,NaN,NaN,NaN,NaN,NaN,
2000041106,s24.2000,9X-S24,STY,NN,-12.9,125.6,25,NaN,272,15,272,15,NaN,NaN,NaN,NaN,NaN,NaN,NaN,NaN,NaN,NaN,TD,NW,B,B,NaN,NaN,NaN,NaN,NaN,NaN,
2000041112,s24.2000,9X-S24,STY,NN,-13.0,124.4,25,NaN,272,15,272,15,NaN,NaN,NaN,NaN,NaN,NaN,NaN,NaN,NaN,NaN,TD,NW,B,B,NaN,NaN,NaN,NaN,NaN,NaN,
2000041118,s24.2000,9X-S24,STY,NN,-13.2,122.9,25,NaN,263,13,263,13,NaN,NaN,NaN,NaN,NaN,NaN,NaN,NaN,NaN,NaN,TD,NW,B,B,NaN,NaN,NaN,NaN,NaN,NaN,
2000041200,s24.2000,9X-S24,STY,NN,-13.3,120.8,25,NaN,265,18,265,18,NaN,NaN,NaN,NaN,NaN,NaN,NaN,NaN,NaN,NaN,TD,NW,B,B,NaN,NaN,NaN,NaN,NaN,NaN,
2000041206,s24.2000,9X-S24,STY,NN,-13.0,118.9,25,NaN,273,20,273,20,NaN,NaN,NaN,NaN,NaN,NaN,NaN,NaN,NaN,NaN,TD,NW,B,B,NaN,NaN,NaN,NaN,NaN,NaN,
2000041212,s24.2000,9X-S24,STY,NN,-12.9,117.4,25,NaN,277,17,277,17,NaN,NaN,NaN,NaN,NaN,NaN,NaN,NaN,NaN,NaN,TD,NW,B,B,NaN,NaN,NaN,NaN,NaN,NaN,
2000041218,s24.2000,9X-S24,STY,NN,-13.1,115.9,30,NaN,268,15,268,15,NaN,NaN,NaN,NaN,NaN,NaN,NaN,NaN,NaN,NaN,TD,NW,B,B,NaN,NaN,NaN,NaN,NaN,NaN,
2000041300,24s.2000,PAUL,STY,NN,-13.8,114.3,30,NaN,253,16,253,16,NaN,NaN,NaN,NaN,NaN,NaN,NaN,NaN,NaN,NaN,TD,WN,B,B,NaN,NaN,NaN,NaN,NaN,NaN,
2000041306,24s.2000,PAUL,STY,NN,-14.0,113.1,35,NaN,252,14,252,14,NaN,NaN,NaN,NaN,NaN,NaN,NaN,NaN,NaN,NaN,TS,WN,B,B,NaN,NaN,NaN,NaN,NaN,NaN,
2000041312,24s.2000,PAUL,STY,NN,-14.5,111.6,40,NaN,255,14,255,14,NaN,NaN,NaN,NaN,NaN,NaN,NaN,NaN,NaN,NaN,TS,WN,B,B,NaN,NaN,NaN,NaN,NaN,NaN,
2000041318,24s.2000,PAUL,STY,NN,-14.7,110.2,50,NaN,256,14,256,14,NaN,NaN,NaN,NaN,NaN,NaN,NaN,NaN,NaN,NaN,TS,WN,B,B,NaN,NaN,NaN,NaN,NaN,NaN,
2000041400,24s.2000,PAUL,STY,NN,-14.9,109.0,60,NaN,261,13,261,13,NaN,NaN,NaN,NaN,NaN,NaN,NaN,NaN,NaN,NaN,TS,WN,B,B,NaN,NaN,NaN,NaN,NaN,NaN,
2000041406,24s.2000,PAUL,STY,NN,-15.0,108.0,70,NaN,262,11,262,11,NaN,NaN,NaN,NaN,NaN,NaN,NaN,NaN,NaN,NaN,TY,WN,B,B,NaN,NaN,NaN,NaN,NaN,NaN,
2000041412,24s.2000,PAUL,STY,NN,-15.0,107.0,90,NaN,267,10,267,10,NaN,NaN,NaN,NaN,NaN,NaN,NaN,NaN,NaN,NaN,TY,WN,B,B,NaN,NaN,NaN,NaN,NaN,NaN,
2000041418,24s.2000,PAUL,STY,NN,-14.8,105.9,100,NaN,276,10,276,10,NaN,NaN,NaN,NaN,NaN,NaN,NaN,NaN,NaN,NaN,TY,WN,B,B,NaN,NaN,NaN,NaN,NaN,NaN,
2000041500,24s.2000,PAUL,STY,NN,-14.5,104.9,110,NaN,284,10,284,10,NaN,NaN,NaN,NaN,NaN,NaN,NaN,NaN,NaN,NaN,TY,WN,B,B,NaN,NaN,NaN,NaN,NaN,NaN,
2000041506,24s.2000,PAUL,STY,NN,-14.2,103.8,125,NaN,286,11,286,11,NaN,NaN,NaN,NaN,NaN,NaN,NaN,NaN,NaN,NaN,TY,WN,B,B,NaN,NaN,NaN,NaN,NaN,NaN,
2000041512,24s.2000,PAUL,STY,NN,-13.9,102.8,125,NaN,286,11,286,11,NaN,NaN,NaN,NaN,NaN,NaN,NaN,NaN,NaN,NaN,TY,WN,B,B,NaN,NaN,NaN,NaN,NaN,NaN,
2000041518,24s.2000,PAUL,STY,NN,-13.7,101.7,125,NaN,284,10,284,10,NaN,NaN,NaN,NaN,NaN,NaN,NaN,NaN,NaN,NaN,TY,WN,B,B,NaN,NaN,NaN,NaN,NaN,NaN,
2000041600,24s.2000,PAUL,STY,NN,-13.7,100.9,125,NaN,276,9,276,9,NaN,NaN,NaN,NaN,NaN,NaN,NaN,NaN,NaN,NaN,TY,WN,B,B,NaN,NaN,NaN,NaN,NaN,NaN,
2000041606,24s.2000,PAUL,STY,NN,-13.7,100.1,130,NaN,270,8,270,8,NaN,NaN,NaN,NaN,NaN,NaN,NaN,NaN,NaN,NaN,STY,WN,B,B,NaN,NaN,NaN,NaN,NaN,NaN,
2000041612,24s.2000,PAUL,STY,NN,-13.8,99.4,125,NaN,266,7,266,7,NaN,NaN,NaN,NaN,NaN,NaN,NaN,NaN,NaN,NaN,TY,WN,B,B,NaN,NaN,NaN,NaN,NaN,NaN,
2000041618,24s.2000,PAUL,STY,NN,-13.9,98.8,125,NaN,261,6,261,6,NaN,NaN,NaN,NaN,NaN,NaN,NaN,NaN,NaN,NaN,TY,WN,B,B,NaN,NaN,NaN,NaN,NaN,NaN,
2000041700,24s.2000,PAUL,STY,NN,-14.0,98.0,120,NaN,262,7,262,7,NaN,NaN,NaN,NaN,NaN,NaN,NaN,NaN,NaN,NaN,TY,WN,B,B,NaN,NaN,NaN,NaN,NaN,NaN,
2000041706,24s.2000,PAUL,STY,NN,-14.1,97.4,115,NaN,262,7,262,7,NaN,NaN,NaN,NaN,NaN,NaN,NaN,NaN,NaN,NaN,TY,WN,B,B,NaN,NaN,NaN,NaN,NaN,NaN,
2000041712,24s.2000,PAUL,STY,NN,-14.3,96.7,115,NaN,257,6,257,6,NaN,NaN,NaN,NaN,NaN,NaN,NaN,NaN,NaN,NaN,TY,WN,B,B,NaN,NaN,NaN,NaN,NaN,NaN,
2000041718,24s.2000,PAUL,STY,NN,-14.5,96.4,110,NaN,248,5,248,5,NaN,NaN,NaN,NaN,NaN,NaN,NaN,NaN,NaN,NaN,TY,WN,B,B,NaN,NaN,NaN,NaN,NaN,NaN,
2000041800,24s.2000,PAUL,STY,NN,-14.6,96.1,105,NaN,243,3,243,3,NaN,NaN,NaN,NaN,NaN,NaN,NaN,NaN,NaN,NaN,TY,WN,B,B,NaN,NaN,NaN,NaN,NaN,NaN,
2000041806,24s.2000,PAUL,STY,NN,-14.6,95.9,100,NaN,258,2,258,2,NaN,NaN,NaN,NaN,NaN,NaN,NaN,NaN,NaN,NaN,TY,WN,B,B,NaN,NaN,NaN,NaN,NaN,NaN,
2000041812,24s.2000,PAUL,STY,NN,-14.6,95.7,95,NaN,270,2,270,2,NaN,NaN,NaN,NaN,NaN,NaN,NaN,NaN,NaN,NaN,TY,WN,B,B,NaN,NaN,NaN,NaN,NaN,NaN,
2000041818,24s.2000,PAUL,STY,NN,-14.6,95.5,95,NaN,270,2,270,2,NaN,NaN,NaN,NaN,NaN,NaN,NaN,NaN,NaN,NaN,TY,WN,B,B,NaN,NaN,NaN,NaN,NaN,NaN,
2000041900,24s.2000,PAUL,STY,NN,-14.7,95.3,90,NaN,256,2,256,2,NaN,NaN,NaN,NaN,NaN,NaN,NaN,NaN,NaN,NaN,TY,WN,B,B,NaN,NaN,NaN,NaN,NaN,NaN,
2000041906,24s.2000,PAUL,STY,NN,-14.7,95.2,80,NaN,251,2,251,2,NaN,NaN,NaN,NaN,NaN,NaN,NaN,NaN,NaN,NaN,TY,WN,B,B,NaN,NaN,NaN,NaN,NaN,NaN,
2000041912,24s.2000,PAUL,STY,NN,-14.7,95.1,65,NaN,270,1,270,1,NaN,NaN,NaN,NaN,NaN,NaN,NaN,NaN,NaN,NaN,TY,WN,B,B,NaN,NaN,NaN,NaN,NaN,NaN,
2000041918,24s.2000,PAUL,STY,NN,-14.7,94.9,65,NaN,270,1,270,1,NaN,NaN,NaN,NaN,NaN,NaN,NaN,NaN,NaN,NaN,TY,WN,B,B,NaN,NaN,NaN,NaN,NaN,NaN,
2000042000,24s.2000,PAUL,STY,NN,-14.7,94.6,55,NaN,270,2,270,2,NaN,NaN,NaN,NaN,NaN,NaN,NaN,NaN,NaN,NaN,TS,WN,B,B,NaN,NaN,NaN,NaN,NaN,NaN,
2000042006,24s.2000,PAUL,STY,NN,-14.8,94.2,50,NaN,262,3,262,3,NaN,NaN,NaN,NaN,NaN,NaN,NaN,NaN,NaN,NaN,TS,WN,B,B,NaN,NaN,NaN,NaN,NaN,NaN,
2000042012,24s.2000,PAUL,STY,NN,-14.9,93.8,45,NaN,256,4,256,4,NaN,NaN,NaN,NaN,NaN,NaN,NaN,NaN,NaN,NaN,TS,WN,B,B,NaN,NaN,NaN,NaN,NaN,NaN,
2000042018,24s.2000,PAUL,STY,NN,-15.0,93.4,35,NaN,255,4,255,4,NaN,NaN,NaN,NaN,NaN,NaN,NaN,NaN,NaN,NaN,TS,WN,B,B,NaN,NaN,NaN,NaN,NaN,NaN,
2000042100,24s.2000,PAUL,STY,NN,-15.1,93.0,35,NaN,255,4,255,4,NaN,NaN,NaN,NaN,NaN,NaN,NaN,NaN,NaN,NaN,TS,WN,B,B,NaN,NaN,NaN,NaN,NaN,NaN,
2000042106,24s.2000,PAUL,STY,NN,-15.2,92.3,35,NaN,259,5,259,5,NaN,NaN,NaN,NaN,NaN,NaN,NaN,NaN,NaN,NaN,TS,WN,B,B,NaN,NaN,NaN,NaN,NaN,NaN,
2000042112,24s.2000,PAUL,STY,NN,-15.3,91.6,35,NaN,262,7,262,7,NaN,NaN,NaN,NaN,NaN,NaN,NaN,NaN,NaN,NaN,TS,WN,B,B,NaN,NaN,NaN,NaN,NaN,NaN,
2000042118,24s.2000,PAUL,STY,NN,-15.4,90.9,25,NaN,262,7,262,7,NaN,NaN,NaN,NaN,NaN,NaN,NaN,NaN,NaN,NaN,TD,NW,B,B,NaN,NaN,NaN,NaN,NaN,NaN,
2000041406,p25.2000,9X-P25,TS,NN,-18.2,180.1,25,NaN,229,4,229,4,NaN,NaN,NaN,NaN,NaN,NaN,NaN,NaN,NaN,NaN,TD,NW,B,B,NaN,NaN,NaN,NaN,NaN,NaN,
2000041412,p25.2000,9X-P25,TS,NN,-18.5,179.8,25,NaN,229,4,229,4,NaN,NaN,NaN,NaN,NaN,NaN,NaN,NaN,NaN,NaN,TD,NW,B,B,NaN,NaN,0.01,NaN,NaN,NaN,
2000041418,p25.2000,9X-P25,TS,NN,-18.7,179.5,25,NaN,229,4,229,4,NaN,NaN,NaN,NaN,NaN,NaN,NaN,NaN,NaN,NaN,TD,NW,B,B,NaN,NaN,0.02,NaN,NaN,NaN,
2000041500,p25.2000,9X-P25,TS,NN,-19.0,179.3,25,NaN,223,3,223,3,NaN,NaN,NaN,NaN,NaN,NaN,NaN,NaN,NaN,NaN,TD,NW,B,B,NaN,NaN,0.01,NaN,NaN,NaN,
2000041506,p25.2000,9X-P25,TS,NN,-19.4,179.1,25,NaN,208,4,208,4,NaN,NaN,NaN,NaN,NaN,NaN,NaN,NaN,NaN,NaN,TD,NW,B,B,NaN,NaN,NaN,NaN,NaN,NaN,
2000041512,25p.2000,NEIL,TS,NN,-19.9,179.0,40,NaN,197,5,197,5,NaN,NaN,NaN,NaN,NaN,NaN,NaN,NaN,NaN,NaN,TS,WN,B,B,NaN,NaN,NaN,NaN,NaN,NaN,
2000041518,25p.2000,NEIL,TS,NN,-20.4,179.0,40,NaN,185,5,185,5,NaN,NaN,NaN,NaN,NaN,NaN,NaN,NaN,NaN,NaN,TS,WN,B,B,NaN,NaN,NaN,NaN,NaN,NaN,
2000041600,25p.2000,NEIL,TS,NN,-21.0,179.0,40,NaN,180,5,180,6,NaN,NaN,NaN,NaN,NaN,NaN,NaN,NaN,NaN,NaN,TS,WN,B,B,NaN,NaN,NaN,NaN,NaN,NaN,
2000041606,25p.2000,NEIL,TS,NN,-21.8,179.2,40,NaN,172,7,172,7,NaN,NaN,NaN,NaN,NaN,NaN,NaN,NaN,NaN,NaN,TS,WN,B,B,NaN,NaN,NaN,NaN,NaN,NaN,
2000041612,25p.2000,NEIL,TS,NN,-22.5,179.5,35,NaN,163,8,163,8,NaN,NaN,NaN,NaN,NaN,NaN,NaN,NaN,NaN,NaN,TS,WN,B,B,NaN,NaN,NaN,NaN,NaN,NaN,
2000041618,25p.2000,NEIL,TS,NN,-23.0,180.2,35,NaN,142,8,142,8,NaN,NaN,NaN,NaN,NaN,NaN,NaN,NaN,NaN,NaN,TS,WN,B,B,NaN,NaN,NaN,NaN,NaN,NaN,
2000041700,25p.2000,NEIL,TS,NN,-23.3,181.2,30,NaN,117,9,117,9,NaN,NaN,NaN,NaN,NaN,NaN,NaN,NaN,NaN,NaN,TD,WN,B,B,NaN,NaN,NaN,NaN,NaN,NaN,
2000041706,25p.2000,NEIL,TS,NN,-23.7,182.2,25,NaN,111,10,111,10,NaN,NaN,NaN,NaN,NaN,NaN,NaN,NaN,NaN,NaN,TD,NW,B,B,NaN,NaN,NaN,NaN,NaN,NaN,
2000041300,s26.2000,9X-S26,TS,NN,-12.6,88.6,25,NaN,211,9,274,16,NaN,NaN,NaN,NaN,NaN,NaN,NaN,NaN,NaN,NaN,TD,NW,c,c,NaN,NaN,NaN,NaN,NaN,NaN,
2000041306,s26.2000,9X-S26,TS,NN,-12.5,85.9,25,NaN,265,19,274,16,NaN,NaN,NaN,NaN,NaN,NaN,NaN,NaN,NaN,NaN,TD,NW,c,c,NaN,NaN,NaN,NaN,NaN,NaN,
2000041312,s26.2000,9X-S26,TS,NN,-12.4,85.4,30,NaN,276,9,274,16,NaN,NaN,NaN,NaN,NaN,NaN,NaN,NaN,NaN,NaN,TD,NW,c,c,NaN,NaN,NaN,NaN,NaN,NaN,
2000041318,s26.2000,9X-S26,TS,NN,-11.6,84.9,30,NaN,310,7,313,7,NaN,NaN,NaN,NaN,NaN,NaN,NaN,NaN,NaN,NaN,TD,NW,c,c,NaN,NaN,NaN,NaN,NaN,NaN,
2000041400,s26.2000,9X-S26,TS,NN,-11.4,83.5,30,NaN,293,10,298,11,NaN,NaN,NaN,NaN,NaN,NaN,NaN,NaN,NaN,NaN,TD,NW,c,c,NaN,NaN,NaN,NaN,NaN,NaN,
2000041406,s26.2000,9X-S26,TS,NN,-11.0,84.7,30,NaN,23,4,342,3,NaN,NaN,NaN,NaN,NaN,NaN,NaN,NaN,NaN,NaN,TD,NW,c,c,NaN,NaN,NaN,NaN,NaN,NaN,
2000041412,s26.2000,9X-S26,TS,NN,-10.9,83.7,30,NaN,330,3,21,3,NaN,NaN,NaN,NaN,NaN,NaN,NaN,NaN,NaN,NaN,TD,NW,c,c,NaN,NaN,NaN,NaN,NaN,NaN,
2000041418,s26.2000,9X-S26,TS,NN,-10.9,84.0,25,NaN,324,2,278,3,NaN,NaN,NaN,NaN,NaN,NaN,NaN,NaN,NaN,NaN,TD,NW,c,c,NaN,NaN,NaN,NaN,NaN,NaN,
2000041500,s26.2000,9X-S26,TS,NN,-11.6,83.3,25,NaN,270,2,209,4,NaN,NaN,NaN,NaN,NaN,NaN,NaN,NaN,NaN,NaN,TD,NW,c,c,NaN,NaN,NaN,NaN,NaN,NaN,
2000041506,s26.2000,9X-S26,TS,NN,-14.4,81.9,25,NaN,251,9,251,9,NaN,NaN,NaN,NaN,NaN,NaN,NaN,NaN,NaN,NaN,TD,NW,B,B,NaN,NaN,NaN,NaN,NaN,NaN,
2000041512,s26.2000,9X-S26,TS,NN,-14.7,80.9,25,NaN,251,9,251,9,NaN,NaN,NaN,NaN,NaN,NaN,NaN,NaN,NaN,NaN,TD,NW,B,B,NaN,NaN,NaN,NaN,NaN,NaN,
2000041518,26s.2000,INNOCENTE,TS,NN,-15.0,80.1,35,NaN,251,9,251,9,NaN,NaN,NaN,NaN,NaN,NaN,NaN,NaN,NaN,NaN,TS,WN,B,B,NaN,NaN,NaN,NaN,NaN,NaN,
2000041600,26s.2000,INNOCENTE,TS,NN,-15.3,79.2,35,NaN,250,9,250,9,NaN,NaN,NaN,NaN,NaN,NaN,NaN,NaN,NaN,NaN,TS,WN,B,B,NaN,NaN,NaN,NaN,NaN,NaN,
2000041606,26s.2000,INNOCENTE,TS,NN,-15.5,78.7,35,NaN,250,7,250,7,NaN,NaN,NaN,NaN,NaN,NaN,NaN,NaN,NaN,NaN,TS,WN,B,B,NaN,NaN,NaN,NaN,NaN,NaN,
2000041612,26s.2000,INNOCENTE,TS,NN,-15.6,78.2,35,NaN,253,5,253,5,NaN,NaN,NaN,NaN,NaN,NaN,NaN,NaN,NaN,NaN,TS,WN,B,B,NaN,NaN,NaN,NaN,NaN,NaN,
2000041618,26s.2000,INNOCENTE,TS,NN,-15.7,77.7,35,NaN,258,5,258,5,NaN,NaN,NaN,NaN,NaN,NaN,NaN,NaN,NaN,NaN,TS,WN,B,B,NaN,NaN,NaN,NaN,NaN,NaN,
2000041700,26s.2000,INNOCENTE,TS,NN,-15.9,77.1,35,NaN,254,6,254,6,NaN,NaN,NaN,NaN,NaN,NaN,NaN,NaN,NaN,NaN,TS,WN,B,B,NaN,NaN,NaN,NaN,NaN,NaN,
2000041706,26s.2000,INNOCENTE,TS,NN,-16.2,76.5,35,NaN,247,6,247,6,NaN,NaN,NaN,NaN,NaN,NaN,NaN,NaN,NaN,NaN,TS,WN,B,B,NaN,NaN,NaN,NaN,NaN,NaN,
2000041712,26s.2000,INNOCENTE,TS,NN,-16.5,75.8,45,NaN,244,7,244,7,NaN,NaN,NaN,NaN,NaN,NaN,NaN,NaN,NaN,NaN,TS,WN,B,B,NaN,NaN,NaN,NaN,NaN,NaN,
2000041718,26s.2000,INNOCENTE,TS,NN,-16.8,75.0,45,NaN,247,8,247,8,NaN,NaN,NaN,NaN,NaN,NaN,NaN,NaN,NaN,NaN,TS,WN,B,B,NaN,NaN,NaN,NaN,NaN,NaN,
2000041800,26s.2000,INNOCENTE,TS,NN,-17.0,74.3,45,NaN,251,8,251,8,NaN,NaN,NaN,NaN,NaN,NaN,NaN,NaN,NaN,NaN,TS,WN,B,B,NaN,NaN,NaN,NaN,NaN,NaN,
2000041806,26s.2000,INNOCENTE,TS,NN,-17.1,73.5,45,NaN,258,7,258,7,NaN,NaN,NaN,NaN,NaN,NaN,NaN,NaN,NaN,NaN,TS,WN,B,B,NaN,NaN,NaN,NaN,NaN,NaN,
2000041812,26s.2000,INNOCENTE,TS,NN,-17.3,72.7,40,NaN,259,8,259,8,NaN,NaN,NaN,NaN,NaN,NaN,NaN,NaN,NaN,NaN,TS,WN,B,B,NaN,NaN,NaN,NaN,NaN,NaN,
2000041818,26s.2000,INNOCENTE,TS,NN,-17.5,71.9,35,NaN,255,8,255,8,NaN,NaN,NaN,NaN,NaN,NaN,NaN,NaN,NaN,NaN,TS,WN,B,B,NaN,NaN,NaN,NaN,NaN,NaN,
2000041900,26s.2000,INNOCENTE,TS,NN,-17.8,71.0,35,NaN,253,8,253,8,NaN,NaN,NaN,NaN,NaN,NaN,NaN,NaN,NaN,NaN,TS,WN,B,B,NaN,NaN,NaN,NaN,NaN,NaN,
2000041906,26s.2000,INNOCENTE,TS,NN,-18.0,70.3,30,NaN,252,8,252,8,NaN,NaN,NaN,NaN,NaN,NaN,NaN,NaN,NaN,NaN,TD,WN,B,B,NaN,NaN,NaN,NaN,NaN,NaN,
2000041912,26s.2000,INNOCENTE,TS,NN,-18.3,69.5,25,NaN,251,8,251,8,NaN,NaN,NaN,NaN,NaN,NaN,NaN,NaN,NaN,NaN,TD,NW,B,B,NaN,NaN,NaN,NaN,NaN,NaN,
2000041918,26s.2000,INNOCENTE,TS,NN,-18.4,68.8,25,NaN,254,7,254,7,NaN,NaN,NaN,NaN,NaN,NaN,NaN,NaN,NaN,NaN,TD,NW,B,B,NaN,NaN,NaN,NaN,NaN,NaN,
2000042000,26s.2000,INNOCENTE,TS,NN,-18.4,68.1,25,NaN,266,7,266,7,NaN,NaN,NaN,NaN,NaN,NaN,NaN,NaN,NaN,NaN,TD,NW,B,B,NaN,NaN,NaN,NaN,NaN,NaN,
2000042006,26s.2000,INNOCENTE,TS,NN,-18.2,67.4,25,NaN,279,7,279,7,NaN,NaN,NaN,NaN,NaN,NaN,NaN,NaN,NaN,NaN,TD,NW,B,B,NaN,NaN,NaN,NaN,NaN,NaN,
2000042012,26s.2000,INNOCENTE,TS,NN,-18.0,66.7,25,NaN,287,7,287,7,NaN,NaN,NaN,NaN,NaN,NaN,NaN,NaN,NaN,NaN,TD,NW,B,B,NaN,NaN,NaN,NaN,NaN,NaN,
2000042018,26s.2000,INNOCENTE,TS,NN,-17.8,66.0,25,NaN,287,7,287,7,NaN,NaN,NaN,NaN,NaN,NaN,NaN,NaN,NaN,NaN,TD,NW,B,B,NaN,NaN,NaN,NaN,NaN,NaN,
2000042100,26s.2000,INNOCENTE,TS,NN,-17.6,65.3,25,NaN,287,7,287,7,NaN,NaN,NaN,NaN,NaN,NaN,NaN,NaN,NaN,NaN,TD,NW,B,B,NaN,NaN,NaN,NaN,NaN,NaN,
2000041512,s27.2000,9X-S27,TY,NN,-12.0,120.5,20,NaN,237,8,237,8,NaN,NaN,NaN,NaN,NaN,NaN,NaN,NaN,NaN,NaN,NT,NW,b,b,NaN,NaN,NaN,NaN,NaN,NaN,
2000041518,s27.2000,9X-S27,TY,NN,-12.3,119.8,25,NaN,220,8,237,8,NaN,NaN,NaN,NaN,NaN,NaN,NaN,NaN,NaN,NaN,TD,NW,c,c,NaN,NaN,NaN,NaN,NaN,NaN,
2000041600,s27.2000,9X-S27,TY,NN,-12.9,119.1,25,NaN,237,8,237,8,NaN,NaN,NaN,NaN,NaN,NaN,NaN,NaN,NaN,NaN,TD,NW,c,c,NaN,NaN,NaN,NaN,NaN,NaN,
2000041606,s27.2000,9X-S27,TY,NN,-13.3,118.4,25,NaN,238,9,234,8,NaN,NaN,NaN,NaN,NaN,NaN,NaN,NaN,NaN,NaN,TD,NW,c,c,NaN,NaN,NaN,NaN,NaN,NaN,
2000041612,s27.2000,9X-S27,TY,NN,-13.6,117.5,25,NaN,247,9,246,9,NaN,NaN,NaN,NaN,NaN,NaN,NaN,NaN,NaN,NaN,TD,NW,c,c,NaN,NaN,NaN,NaN,NaN,NaN,
2000041618,s27.2000,9X-S27,TY,NN,-13.1,119.9,30,NaN,194,4,194,4,NaN,NaN,NaN,NaN,NaN,NaN,NaN,NaN,NaN,NaN,TD,NW,B,B,NaN,NaN,NaN,NaN,NaN,NaN,
2000041700,s27.2000,9X-S27,TY,NN,-13.5,119.8,30,NaN,194,4,194,4,NaN,NaN,NaN,NaN,NaN,NaN,NaN,NaN,NaN,NaN,TD,NW,B,B,NaN,NaN,NaN,NaN,NaN,NaN,
2000041706,27s.2000,ROSITA,TY,NN,-13.9,119.7,35,NaN,194,4,194,4,NaN,NaN,NaN,NaN,NaN,NaN,NaN,NaN,NaN,NaN,TS,WN,B,B,NaN,NaN,NaN,NaN,NaN,NaN,
2000041712,27s.2000,ROSITA,TY,NN,-14.6,119.3,35,NaN,204,6,204,6,NaN,NaN,NaN,NaN,NaN,NaN,NaN,NaN,NaN,NaN,TS,WN,B,B,NaN,NaN,NaN,NaN,NaN,NaN,
2000041718,27s.2000,ROSITA,TY,NN,-15.3,119.1,50,NaN,203,8,203,8,NaN,NaN,NaN,NaN,NaN,NaN,NaN,NaN,NaN,NaN,TS,WN,B,B,NaN,NaN,NaN,NaN,NaN,NaN,
2000041800,27s.2000,ROSITA,TY,NN,-15.9,119.0,50,NaN,193,7,193,7,NaN,NaN,NaN,NaN,NaN,NaN,NaN,NaN,NaN,NaN,TS,WN,B,B,NaN,NaN,NaN,NaN,NaN,NaN,
2000041806,27s.2000,ROSITA,TY,NN,-16.5,119.0,50,NaN,185,6,185,6,NaN,NaN,NaN,NaN,NaN,NaN,NaN,NaN,NaN,NaN,TS,WN,B,B,NaN,NaN,NaN,NaN,NaN,NaN,
2000041812,27s.2000,ROSITA,TY,NN,-17.2,119.0,55,NaN,180,6,180,6,NaN,NaN,NaN,NaN,NaN,NaN,NaN,NaN,NaN,NaN,TS,WN,B,B,NaN,NaN,NaN,NaN,NaN,NaN,
2000041818,27s.2000,ROSITA,TY,NN,-17.3,119.4,65,NaN,154,4,154,4,NaN,NaN,NaN,NaN,NaN,NaN,NaN,NaN,NaN,NaN,TY,WN,B,B,NaN,NaN,NaN,NaN,NaN,NaN,
2000041900,27s.2000,ROSITA,TY,NN,-17.4,120.0,70,NaN,102,5,102,5,NaN,NaN,NaN,NaN,NaN,NaN,NaN,NaN,NaN,NaN,TY,WN,B,B,NaN,NaN,NaN,NaN,NaN,NaN,
2000041906,27s.2000,ROSITA,TY,NN,-17.6,120.6,90,NaN,105,6,105,6,NaN,NaN,NaN,NaN,NaN,NaN,NaN,NaN,NaN,NaN,TY,WN,B,B,NaN,NaN,NaN,NaN,NaN,NaN,
2000041912,27s.2000,ROSITA,TY,NN,-18.0,121.4,105,NaN,114,7,114,7,NaN,NaN,NaN,NaN,NaN,NaN,NaN,NaN,NaN,NaN,TY,WN,B,B,NaN,NaN,0.01,NaN,NaN,NaN,
2000041918,27s.2000,ROSITA,TY,NN,-18.4,122.3,125,NaN,116,9,116,9,NaN,NaN,NaN,NaN,NaN,NaN,NaN,NaN,NaN,NaN,TY,WN,B,B,NaN,NaN,0.90,NaN,NaN,NaN,
2000042000,27s.2000,ROSITA,TY,NN,-19.0,123.5,90,NaN,117,11,117,11,NaN,NaN,NaN,NaN,NaN,NaN,NaN,NaN,NaN,NaN,TY,WN,B,B,NaN,NaN,1.00,NaN,NaN,NaN,
2000042006,27s.2000,ROSITA,TY,NN,-19.5,124.7,50,NaN,116,13,116,13,NaN,NaN,NaN,NaN,NaN,NaN,NaN,NaN,NaN,NaN,TS,WN,B,B,NaN,NaN,1.00,NaN,NaN,NaN,
2000042012,27s.2000,ROSITA,TY,NN,-20.2,126.4,40,NaN,114,15,114,15,NaN,NaN,NaN,NaN,NaN,NaN,NaN,NaN,NaN,NaN,TS,NW,B,B,NaN,NaN,1.00,NaN,NaN,NaN,
2000042018,27s.2000,ROSITA,TY,NN,-20.5,127.4,30,NaN,112,14,112,14,NaN,NaN,NaN,NaN,NaN,NaN,NaN,NaN,NaN,NaN,TD,NW,B,B,NaN,NaN,1.00,NaN,NaN,NaN,
2000042100,27s.2000,ROSITA,TY,NN,-20.5,128.4,30,NaN,99,9,99,9,NaN,NaN,NaN,NaN,NaN,NaN,NaN,NaN,NaN,NaN,TD,NW,B,B,NaN,NaN,1.00,NaN,NaN,NaN,
