dtg,stmid,sname,tcvmax,tctype,rlat,rlon,vmax,pmin,dir,spd,trkdir,trkspd,r34m,r34ne,r34se,r34sw,r34nw,r50m,r50ne,r50se,r50sw,r50nw,tccode,wncode,dirtype,posttype,roci,poci,alf,depth,rmax,tdo,
2022032800,a3w.2022,9X-A3W,TD,NN,6.5,120.7,15,1010,314,24,291,18,NaN,NaN,NaN,NaN,NaN,NaN,NaN,NaN,NaN,NaN,DB,NW,b,b,NaN,NaN,0.02,NaN,NaN,NaN,
2022032806,a3w.2022,9X-A3W,TD,NN,6.8,119.6,15,1010,314,24,291,18,NaN,NaN,NaN,NaN,NaN,NaN,NaN,NaN,NaN,NaN,DB,NW,b,b,NaN,NaN,NaN,NaN,NaN,NaN,
2022032812,a3w.2022,9X-A3W,TD,NN,7.8,117.3,15,1010,314,24,291,18,NaN,NaN,NaN,NaN,NaN,NaN,NaN,NaN,NaN,NaN,DB,NW,b,b,NaN,NaN,NaN,NaN,NaN,NaN,
2022032818,a3w.2022,9X-A3W,TD,NN,7.6,118.0,15,NaN,297,9,297,9,NaN,NaN,NaN,NaN,NaN,NaN,NaN,NaN,NaN,NaN,NT,NW,c,c,NaN,NaN,NaN,NaN,NaN,NaN,
2022032900,a3w.2022,9X-A3W,TD,NN,9.6,116.5,15,1008,299,12,336,10,NaN,NaN,NaN,NaN,NaN,NaN,NaN,NaN,NaN,NaN,DB,NW,B,B,100,1010,NaN,NaN,40,NaN,
2022032906,a3w.2022,9X-A3W,TD,NN,10.3,115.4,15,1007,299,12,316,19,NaN,NaN,NaN,NaN,NaN,NaN,NaN,NaN,NaN,NaN,DB,NW,B,B,100,1010,NaN,S,40,NaN,
2022032912,a3w.2022,9X-A3W,TD,NN,10.8,114.3,20,1008,299,12,299,12,NaN,NaN,NaN,NaN,NaN,NaN,NaN,NaN,NaN,NaN,DB,NW,B,B,100,1010,NaN,S,40,NaN,
2022032918,a3w.2022,9X-A3W,TD,NN,11.2,112.9,20,1006,290,13,290,13,NaN,NaN,NaN,NaN,NaN,NaN,NaN,NaN,NaN,NaN,DB,NW,B,B,125,1008,NaN,S,40,NaN,
2022033000,a3w.2022,9X-A3W,TD,NN,11.5,111.6,20,1006,285,14,285,14,NaN,NaN,NaN,NaN,NaN,NaN,NaN,NaN,NaN,NaN,DB,NW,B,B,125,1009,NaN,S,40,NaN,
2022033006,a3w.2022,9X-A3W,TD,NN,11.6,111.0,20,1005,282,10,282,10,NaN,NaN,NaN,NaN,NaN,NaN,NaN,NaN,NaN,NaN,DB,NW,B,B,125,1009,NaN,S,40,NaN,
2022033012,01w.2022,ONE,TD,NN,11.8,110.3,25,1004,283,7,283,7,NaN,NaN,NaN,NaN,NaN,NaN,NaN,NaN,NaN,NaN,TD,WN,B,B,125,1009,NaN,S,40,SJB,
2022033018,01w.2022,ONE,TD,NN,12.4,110.2,30,1005,316,6,316,6,NaN,NaN,NaN,NaN,NaN,NaN,NaN,NaN,NaN,NaN,TD,NW,B,B,125,1009,NaN,S,40,NaN,
2022033100,01w.2022,ONE,TD,NN,12.8,109.2,25,1006,313,7,313,7,NaN,NaN,NaN,NaN,NaN,NaN,NaN,NaN,NaN,NaN,TD,NW,B,B,125,1009,0.79,S,40,NaN,
2022033106,01w.2022,ONE,TD,NN,13.6,108.2,20,1007,302,11,302,11,NaN,NaN,NaN,NaN,NaN,NaN,NaN,NaN,NaN,NaN,DB,NW,B,B,125,1009,0.99,NaN,30,NaN,
2022033112,01w.2022,ONE,TD,NN,13.8,107.1,20,1008,296,11,296,11,NaN,NaN,NaN,NaN,NaN,NaN,NaN,NaN,NaN,NaN,DB,NW,B,B,125,1009,0.99,NaN,30,NaN,
2022033118,01w.2022,ONE,TD,NN,14.0,106.1,20,1007,281,10,281,10,NaN,NaN,NaN,NaN,NaN,NaN,NaN,NaN,NaN,NaN,DB,NW,B,B,125,1009,0.97,NaN,30,NaN,
2022040100,01w.2022,ONE,TD,NN,14.9,105.6,15,1009,307,9,307,9,NaN,NaN,NaN,NaN,NaN,NaN,NaN,NaN,NaN,NaN,DB,NW,B,B,125,1009,0.97,NaN,30,NaN,
2022040106,01w.2022,ONE,TD,NN,15.1,105.0,15,1009,316,8,316,8,NaN,NaN,NaN,NaN,NaN,NaN,NaN,NaN,NaN,NaN,DB,NW,B,B,125,1009,0.99,NaN,30,NaN,
2022040206,a5w.2022,9X-A5W,TY,NN,4.0,161.9,15,1008,284,12,284,2,NaN,NaN,NaN,NaN,NaN,NaN,NaN,NaN,NaN,NaN,DB,NW,b,b,NaN,NaN,NaN,NaN,NaN,NaN,
2022040212,a5w.2022,9X-A5W,TY,NN,4.1,160.7,15,1008,284,12,284,2,NaN,NaN,NaN,NaN,NaN,NaN,NaN,NaN,NaN,NaN,DB,NW,b,b,NaN,NaN,NaN,NaN,NaN,NaN,
2022040218,a5w.2022,9X-A5W,TY,NN,4.1,161.5,15,1008,274,14,284,2,NaN,NaN,NaN,NaN,NaN,NaN,NaN,NaN,NaN,NaN,DB,NW,B,B,NaN,NaN,NaN,NaN,NaN,NaN,
2022040300,a5w.2022,9X-A5W,TY,NN,4.2,160.0,20,1007,274,14,278,4,NaN,NaN,NaN,NaN,NaN,NaN,NaN,NaN,NaN,NaN,DB,NW,B,B,NaN,NaN,NaN,NaN,NaN,NaN,
2022040306,a5w.2022,9X-A5W,TY,NN,4.3,158.6,20,1006,274,14,274,14,NaN,NaN,NaN,NaN,NaN,NaN,NaN,NaN,NaN,NaN,DB,NW,B,B,180,1008,NaN,S,55,NaN,
2022040312,a5w.2022,9X-A5W,TY,NN,4.2,157.1,20,1006,270,14,270,14,NaN,NaN,NaN,NaN,NaN,NaN,NaN,NaN,NaN,NaN,DB,NW,B,B,180,1008,NaN,S,55,NaN,
2022040318,a5w.2022,9X-A5W,TY,NN,4.2,155.8,20,1007,268,14,268,14,NaN,NaN,NaN,NaN,NaN,NaN,NaN,NaN,NaN,NaN,DB,NW,B,B,165,1009,NaN,S,55,NaN,
2022040400,a5w.2022,9X-A5W,TY,NN,4.2,155.1,20,1007,270,10,270,10,NaN,NaN,NaN,NaN,NaN,NaN,NaN,NaN,NaN,NaN,DB,NW,B,B,100,1010,NaN,S,55,NaN,
2022040406,a5w.2022,9X-A5W,TY,NN,4.2,154.6,15,1008,270,6,270,6,NaN,NaN,NaN,NaN,NaN,NaN,NaN,NaN,NaN,NaN,DB,NW,B,B,100,1010,NaN,NaN,55,NaN,
2022040412,a5w.2022,9X-A5W,TY,NN,4.1,154.1,10,1010,264,5,264,5,NaN,NaN,NaN,NaN,NaN,NaN,NaN,NaN,NaN,NaN,DB,NW,B,B,100,1010,NaN,NaN,55,NaN,
2022040418,a5w.2022,9X-A5W,TY,NN,4.1,153.4,15,1007,265,6,265,6,NaN,NaN,NaN,NaN,NaN,NaN,NaN,NaN,NaN,NaN,DB,NW,B,B,75,1007,NaN,NaN,55,NaN,
2022040500,a5w.2022,9X-A5W,TY,NN,4.1,152.8,15,1006,270,6,270,6,NaN,NaN,NaN,NaN,NaN,NaN,NaN,NaN,NaN,NaN,DB,NW,B,B,75,1007,NaN,NaN,55,NaN,
2022040506,a5w.2022,9X-A5W,TY,NN,3.8,152.8,15,1006,243,3,243,3,NaN,NaN,NaN,NaN,NaN,NaN,NaN,NaN,NaN,NaN,DB,NW,B,B,75,1007,NaN,NaN,25,NaN,
2022040512,a5w.2022,9X-A5W,TY,NN,3.6,152.6,15,1006,202,3,202,3,NaN,NaN,NaN,NaN,NaN,NaN,NaN,NaN,NaN,NaN,DB,NW,B,B,85,1007,NaN,NaN,25,NaN,
2022040518,a5w.2022,9X-A5W,TY,NN,3.5,152.1,20,1005,247,4,247,4,NaN,NaN,NaN,NaN,NaN,NaN,NaN,NaN,NaN,NaN,DB,NW,B,B,120,1005,NaN,NaN,25,NaN,
2022040600,a5w.2022,9X-A5W,TY,NN,3.3,151.4,20,1005,256,6,256,6,NaN,NaN,NaN,NaN,NaN,NaN,NaN,NaN,NaN,NaN,DB,NW,B,B,120,1006,NaN,S,25,NaN,
2022040606,a5w.2022,9X-A5W,TY,NN,3.3,150.6,20,1004,262,8,262,8,NaN,NaN,NaN,NaN,NaN,NaN,NaN,NaN,NaN,NaN,DB,NW,B,B,120,1006,NaN,S,25,NaN,
2022040612,a5w.2022,9X-A5W,TY,NN,3.3,149.9,20,1004,270,7,270,7,NaN,NaN,NaN,NaN,NaN,NaN,NaN,NaN,NaN,NaN,DB,NW,B,B,120,1006,NaN,S,25,NaN,
2022040618,a5w.2022,9X-A5W,TY,NN,3.3,149.1,20,1003,270,7,270,7,NaN,NaN,NaN,NaN,NaN,NaN,NaN,NaN,NaN,NaN,DB,NW,B,B,130,1004,NaN,S,25,NaN,
2022040700,02w.2022,MALAKAS,TY,NN,3.6,148.3,25,1003,281,8,281,8,NaN,NaN,NaN,NaN,NaN,NaN,NaN,NaN,NaN,NaN,TD,WN,B,B,180,1006,NaN,S,25,BCH,
2022040706,02w.2022,MALAKAS,TY,NN,3.9,147.6,30,1002,292,8,292,8,NaN,NaN,NaN,NaN,NaN,NaN,NaN,NaN,NaN,NaN,TD,WN,B,B,180,1006,NaN,S,25,SJB,
2022040712,02w.2022,MALAKAS,TY,NN,4.2,147.1,30,1002,297,7,297,7,NaN,NaN,NaN,NaN,NaN,NaN,NaN,NaN,NaN,NaN,TD,WN,B,B,180,1006,NaN,S,25,SJB,
2022040718,02w.2022,MALAKAS,TY,NN,4.5,146.7,35,999,304,5,304,5,55,75,,35,55,NaN,NaN,NaN,NaN,NaN,TS,WN,B,B,180,1004,NaN,M,25,BCH,
2022040800,02w.2022,MALAKAS,TY,NN,5.1,146.3,40,999,318,6,318,6,92,115,70,85,100,NaN,NaN,NaN,NaN,NaN,TS,WN,B,B,200,1007,NaN,M,40,BCH,
2022040806,02w.2022,MALAKAS,TY,NN,5.7,146.0,40,995,330,7,330,7,105,100,125,125,70,NaN,NaN,NaN,NaN,NaN,TS,WN,B,B,200,1004,NaN,M,40,SJB,
2022040812,02w.2022,MALAKAS,TY,NN,6.2,145.7,40,997,332,6,332,6,104,90,100,100,125,NaN,NaN,NaN,NaN,NaN,TS,WN,B,B,187,1006,NaN,M,40,SJB,
2022040818,02w.2022,MALAKAS,TY,NN,6.5,144.6,40,997,300,8,300,8,55,60,50,45,65,NaN,NaN,NaN,NaN,NaN,TS,WN,B,B,220,1004,NaN,M,30,LPC,
2022040900,02w.2022,MALAKAS,TY,NN,7.0,144.5,40,997,304,7,304,7,66,75,55,55,80,NaN,NaN,NaN,NaN,NaN,TS,WN,B,B,220,1004,NaN,M,40,LPC,
2022040906,02w.2022,MALAKAS,TY,NN,7.7,143.7,45,995,323,7,323,7,70,80,60,60,80,NaN,NaN,NaN,NaN,NaN,TS,WN,B,B,230,1004,NaN,M,30,RCB,
2022040912,02w.2022,MALAKAS,TY,NN,8.4,143.0,45,994,313,10,313,10,59,80,55,40,60,NaN,NaN,NaN,NaN,NaN,TS,WN,B,B,230,1004,NaN,NaN,30,NaN,
2022040918,02w.2022,MALAKAS,TY,NN,9.5,141.9,55,988,315,13,315,13,115,135,135,75,115,45,60,35,75,40,TS,WN,B,B,245,1004,NaN,M,20,JZC,
2022041000,02w.2022,MALAKAS,TY,NN,10.8,140.0,55,988,309,19,309,19,71,110,25,45,105,32,55,10,45,50,TS,WN,B,B,235,1006,NaN,M,20,JZC,
2022041006,02w.2022,MALAKAS,TY,NN,11.4,138.6,55,985,300,19,300,19,80,105,40,65,110,45,65,35,65,55,TS,WN,B,B,245,1006,NaN,M,20,RCB,
2022041012,02w.2022,MALAKAS,TY,NN,11.5,137.9,55,985,289,11,289,11,89,110,60,65,120,46,60,40,65,60,TS,WN,B,B,215,1005,NaN,M,25,RCB,
2022041018,02w.2022,MALAKAS,TY,NN,11.9,136.9,55,985,287,9,287,9,101,125,80,85,115,45,70,35,85,55,TS,WN,B,B,250,1004,NaN,M,25,JZC,
2022041100,02w.2022,MALAKAS,TY,NN,12.5,136.5,60,984,306,8,306,8,115,125,70,150,,28,,25,150,,TS,WN,B,B,275,1006,NaN,D,15,JZC,
2022041106,02w.2022,MALAKAS,TY,NN,13.2,136.2,60,982,332,7,332,7,127,110,120,150,,72,,65,150,,TS,WN,B,B,260,1003,NaN,M,20,RCB,
2022041112,02w.2022,MALAKAS,TY,NN,13.9,135.8,60,985,334,8,334,8,124,120,130,155,90,60,45,70,155,35,TS,WN,B,B,260,1004,NaN,D,20,RCB,
2022041118,02w.2022,MALAKAS,TY,NN,14.6,135.5,65,980,334,8,334,8,124,125,120,150,100,56,65,60,150,50,TY,WN,B,B,275,1003,NaN,D,20,BRS,
2022041200,02w.2022,MALAKAS,TY,NN,15.4,135.1,70,979,336,8,336,8,145,160,150,140,130,62,65,65,140,60,TY,WN,B,B,300,1005,NaN,D,25,BRS,
2022041206,02w.2022,MALAKAS,TY,NN,15.9,135.2,85,965,347,7,347,7,146,165,150,150,120,70,70,70,150,60,TY,WN,B,B,300,1002,NaN,D,17,BCH,
2022041212,02w.2022,MALAKAS,TY,NN,16.1,135.4,95,958,22,4,22,4,159,175,170,150,140,86,95,95,150,75,TY,WN,B,B,300,1004,NaN,D,20,BCH,
2022041218,02w.2022,MALAKAS,TY,NN,16.7,136.0,100,953,44,6,44,6,162,170,180,155,145,90,95,100,155,80,TY,WN,B,B,300,1004,NaN,D,25,SJB,
2022041300,02w.2022,MALAKAS,TY,NN,17.3,136.5,105,950,41,8,41,8,179,195,210,170,140,100,110,120,170,75,TY,WN,B,B,300,1005,NaN,D,22,SJB,
2022041306,02w.2022,MALAKAS,TY,NN,17.9,137.0,115,939,39,8,39,8,200,225,230,170,175,80,70,90,170,80,TY,WN,B,B,330,1003,NaN,D,17,BCH,
2022041312,02w.2022,MALAKAS,TY,NN,18.8,137.6,115,939,35,9,35,9,198,220,225,170,175,92,100,100,170,80,TY,WN,B,B,330,1003,NaN,D,17,BCH,
2022041318,02w.2022,MALAKAS,TY,NN,19.7,137.6,115,939,18,9,18,9,222,300,265,180,145,121,175,130,180,80,TY,WN,B,B,405,1005,NaN,D,15,JZC,
2022041400,02w.2022,MALAKAS,TY,NN,20.6,138.0,105,948,12,9,12,9,214,270,245,180,160,114,155,110,180,90,TY,WN,B,B,405,1005,NaN,D,5,JZC,
2022041406,02w.2022,MALAKAS,TY,NN,21.8,138.5,100,952,22,11,22,11,199,250,235,160,150,114,145,135,160,85,TY,WN,B,B,365,1005,NaN,D,5,RCB,
2022041412,02w.2022,MALAKAS,TY,NN,22.7,139.2,100,952,28,12,28,12,189,245,195,165,150,106,140,110,165,85,TY,WN,B,B,375,1005,NaN,D,5,RCB,
2022041418,02w.2022,MALAKAS,TY,NN,24.8,139.7,80,968,20,16,20,16,151,155,160,170,120,84,85,90,170,65,TY,WN,B,B,375,1005,NaN,D,15,OHS,
2022041500,02w.2022,MALAKAS,TY,NN,26.3,140.6,65,975,19,19,19,19,192,220,230,175,145,108,125,130,175,80,TY,WN,B,B,375,1005,NaN,D,15,OHS,
2022041506,02w.2022,MALAKAS,TY,NN,28.1,141.9,55,980,31,19,31,19,209,255,260,175,145,116,145,150,175,75,TS,WN,B,B,385,1005,NaN,M,35,RCB,
2022041512,02w.2022,MALAKAS,TY,NN,30.1,144.0,45,989,38,24,38,24,224,235,250,215,195,NaN,NaN,NaN,NaN,NaN,TS,NW,B,B,375,1005,NaN,NaN,60,NaN,
2022041518,02w.2022,MALAKAS,TY,NN,32.0,145.9,45,989,42,26,42,26,245,270,290,195,225,NaN,NaN,NaN,NaN,NaN,EX,NW,B,B,375,1005,NaN,NaN,60,NaN,
2022041600,02w.2022,MALAKAS,TY,NN,34.4,149.1,45,989,45,30,45,30,225,235,265,230,170,NaN,NaN,NaN,NaN,NaN,EX,NW,B,B,375,1005,NaN,NaN,60,NaN,
2022033006,a4w.2022,9X-A4W,TS,NN,6.1,155.5,15,1009,280,6,280,6,NaN,NaN,NaN,NaN,NaN,NaN,NaN,NaN,NaN,NaN,DB,NW,b,b,NaN,NaN,NaN,NaN,NaN,NaN,
2022033012,a4w.2022,9X-A4W,TS,NN,6.2,154.9,15,1009,280,6,280,6,NaN,NaN,NaN,NaN,NaN,NaN,NaN,NaN,NaN,NaN,DB,NW,b,b,NaN,NaN,NaN,NaN,NaN,NaN,
2022033018,a4w.2022,9X-A4W,TS,NN,6.3,154.4,15,1008,280,6,280,6,NaN,NaN,NaN,NaN,NaN,NaN,NaN,NaN,NaN,NaN,DB,NW,b,b,NaN,NaN,NaN,NaN,NaN,NaN,
2022033100,a4w.2022,9X-A4W,TS,NN,6.5,153.6,15,1008,283,7,283,7,NaN,NaN,NaN,NaN,NaN,NaN,NaN,NaN,NaN,NaN,DB,NW,b,b,120,1011,NaN,NaN,25,NaN,
2022033106,a4w.2022,9X-A4W,TS,NN,7.2,152.7,15,NaN,298,10,298,10,NaN,NaN,NaN,NaN,NaN,NaN,NaN,NaN,NaN,NaN,NT,NW,c,c,NaN,NaN,NaN,NaN,NaN,NaN,
2022033112,a4w.2022,9X-A4W,TS,NN,7.3,152.2,15,NaN,300,8,300,8,NaN,NaN,NaN,NaN,NaN,NaN,NaN,NaN,NaN,NaN,NT,NW,c,c,NaN,NaN,0.01,NaN,NaN,NaN,
2022033118,a4w.2022,9X-A4W,TS,NN,8.2,151.6,20,1007,313,7,313,7,NaN,NaN,NaN,NaN,NaN,NaN,NaN,NaN,NaN,NaN,DB,NW,b,b,120,1008,NaN,NaN,20,NaN,
2022040100,a4w.2022,9X-A4W,TS,NN,8.7,150.7,20,1006,305,8,313,10,NaN,NaN,NaN,NaN,NaN,NaN,NaN,NaN,NaN,NaN,DB,NW,C,C,115,1008,NaN,S,20,NaN,
2022040106,a4w.2022,9X-A4W,TS,NN,9.0,149.8,20,1005,305,10,294,10,NaN,NaN,NaN,NaN,NaN,NaN,NaN,NaN,NaN,NaN,DB,NW,C,C,120,1008,NaN,S,20,NaN,
2022040112,a4w.2022,9X-A4W,TS,NN,8.7,148.6,15,NaN,270,10,270,10,NaN,NaN,NaN,NaN,NaN,NaN,NaN,NaN,NaN,NaN,NT,NW,c,c,NaN,NaN,NaN,NaN,NaN,NaN,
2022040118,a4w.2022,9X-A4W,TS,NN,9.0,146.3,15,NaN,270,10,272,14,NaN,NaN,NaN,NaN,NaN,NaN,NaN,NaN,NaN,NaN,NT,NW,c,c,NaN,NaN,NaN,NaN,NaN,NaN,
2022040200,a4w.2022,9X-A4W,TS,NN,9.3,144.0,15,NaN,303,15,273,19,NaN,NaN,NaN,NaN,NaN,NaN,NaN,NaN,NaN,NaN,NT,NW,c,c,NaN,NaN,NaN,NaN,NaN,NaN,
2022040206,a4w.2022,9X-A4W,TS,NN,8.7,141.8,15,1006,258,32,270,22,NaN,NaN,NaN,NaN,NaN,NaN,NaN,NaN,NaN,NaN,WV,NW,b,b,150,1006,NaN,NaN,50,NaN,
2022040212,a4w.2022,9X-A4W,TS,NN,8.9,141.2,15,NaN,282,15,262,14,NaN,NaN,NaN,NaN,NaN,NaN,NaN,NaN,NaN,NaN,NT,NW,c,c,NaN,NaN,NaN,NaN,NaN,NaN,
2022040218,a4w.2022,9X-A4W,TS,NN,8.9,139.4,15,NaN,278,17,275,12,NaN,NaN,NaN,NaN,NaN,NaN,NaN,NaN,NaN,NaN,NT,NW,c,c,NaN,NaN,NaN,NaN,NaN,NaN,
2022040300,a4w.2022,9X-A4W,TS,NN,10.1,137.7,15,NaN,299,14,289,18,NaN,NaN,NaN,NaN,NaN,NaN,NaN,NaN,NaN,NaN,NT,NW,c,c,NaN,NaN,NaN,NaN,NaN,NaN,
2022040306,a4w.2022,9X-A4W,TS,NN,10.3,136.3,15,NaN,291,14,295,17,NaN,NaN,NaN,NaN,NaN,NaN,NaN,NaN,NaN,NaN,NT,NW,c,c,NaN,NaN,NaN,NaN,NaN,NaN,
2022040312,a4w.2022,9X-A4W,TS,NN,10.4,134.9,15,NaN,283,14,276,14,NaN,NaN,NaN,NaN,NaN,NaN,NaN,NaN,NaN,NaN,NT,NW,c,c,NaN,NaN,NaN,NaN,NaN,NaN,
2022040318,a4w.2022,9X-A4W,TS,NN,10.1,133.4,15,NaN,272,12,266,14,NaN,NaN,NaN,NaN,NaN,NaN,NaN,NaN,NaN,NaN,NT,NW,c,c,NaN,NaN,NaN,NaN,NaN,NaN,
2022040400,a4w.2022,9X-A4W,TS,NN,10.2,132.2,15,NaN,274,13,266,13,NaN,NaN,NaN,NaN,NaN,NaN,NaN,NaN,NaN,NaN,NT,NW,c,c,NaN,NaN,NaN,NaN,NaN,NaN,
2022040406,a4w.2022,9X-A4W,TS,NN,8.0,131.9,15,1006,215,13,215,13,NaN,NaN,NaN,NaN,NaN,NaN,NaN,NaN,NaN,NaN,DB,NW,b,b,100,1010,NaN,NaN,50,NaN,
2022040412,a4w.2022,9X-A4W,TS,NN,10.3,130.0,15,NaN,273,11,273,11,NaN,NaN,NaN,NaN,NaN,NaN,NaN,NaN,NaN,NaN,NT,NW,c,c,NaN,NaN,NaN,NaN,NaN,NaN,
2022040418,a4w.2022,9X-A4W,TS,NN,8.3,128.9,15,NaN,272,13,276,15,NaN,NaN,NaN,NaN,NaN,NaN,NaN,NaN,NaN,NaN,NT,NW,c,c,NaN,NaN,NaN,NaN,NaN,NaN,
2022040500,a4w.2022,9X-A4W,TS,NN,7.5,128.7,15,1004,205,15,205,15,NaN,NaN,NaN,NaN,NaN,NaN,NaN,NaN,NaN,NaN,DB,NW,b,b,100,1005,NaN,NaN,25,NaN,
2022040506,a4w.2022,9X-A4W,TS,NN,7.5,127.6,15,1004,205,15,229,12,NaN,NaN,NaN,NaN,NaN,NaN,NaN,NaN,NaN,NaN,DB,NW,b,b,100,1005,0.26,NaN,25,NaN,
2022040512,a4w.2022,9X-A4W,TS,NN,7.6,126.6,15,NaN,267,10,253,8,NaN,NaN,NaN,NaN,NaN,NaN,NaN,NaN,NaN,NaN,NT,NW,c,c,NaN,NaN,0.51,NaN,NaN,NaN,
2022040518,a4w.2022,9X-A4W,TS,NN,7.3,127.4,10,1007,206,2,261,4,NaN,NaN,NaN,NaN,NaN,NaN,NaN,NaN,NaN,NaN,DB,NW,b,b,100,1010,NaN,NaN,50,NaN,
2022040600,a4w.2022,9X-A4W,TS,NN,7.3,127.2,10,1008,117,3,117,3,NaN,NaN,NaN,NaN,NaN,NaN,NaN,NaN,NaN,NaN,DB,NW,b,b,100,1010,0.05,NaN,50,NaN,
2022040606,a4w.2022,9X-A4W,TS,NN,7.4,127.0,10,NaN,284,2,284,2,NaN,NaN,NaN,NaN,NaN,NaN,NaN,NaN,NaN,NaN,NT,NW,c,c,NaN,NaN,0.05,NaN,NaN,NaN,
2022040612,a4w.2022,9X-A4W,TS,NN,7.0,127.0,15,NaN,213,2,213,2,NaN,NaN,NaN,NaN,NaN,NaN,NaN,NaN,NaN,NaN,NT,NW,c,c,NaN,NaN,0.03,NaN,NaN,NaN,
2022040618,a4w.2022,9X-A4W,TS,NN,8.7,127.0,15,NaN,4,7,360,6,NaN,NaN,NaN,NaN,NaN,NaN,NaN,NaN,NaN,NaN,NT,NW,c,c,NaN,NaN,NaN,NaN,NaN,NaN,
2022040700,a4w.2022,9X-A4W,TS,NN,9.5,126.7,15,NaN,350,8,353,13,NaN,NaN,NaN,NaN,NaN,NaN,NaN,NaN,NaN,NaN,NT,NW,c,c,NaN,NaN,0.08,NaN,NaN,NaN,
2022040706,a4w.2022,9X-A4W,TS,NN,8.3,127.9,15,1004,114,5,114,5,NaN,NaN,NaN,NaN,NaN,NaN,NaN,NaN,NaN,NaN,DB,NW,b,b,NaN,NaN,NaN,NaN,35,NaN,
2022040712,a4w.2022,9X-A4W,TS,NN,9.1,130.0,15,NaN,74,7,97,16,NaN,NaN,NaN,NaN,NaN,NaN,NaN,NaN,NaN,NaN,NT,NW,c,c,NaN,NaN,NaN,NaN,NaN,NaN,
2022040718,a4w.2022,9X-A4W,TS,NN,9.0,128.4,15,1004,336,6,35,4,NaN,NaN,NaN,NaN,NaN,NaN,NaN,NaN,NaN,NaN,DB,NW,B,B,NaN,NaN,NaN,NaN,35,NaN,
2022040800,a4w.2022,9X-A4W,TS,NN,9.6,128.2,15,1005,336,6,286,9,NaN,NaN,NaN,NaN,NaN,NaN,NaN,NaN,NaN,NaN,DB,NW,B,B,NaN,NaN,NaN,NaN,45,NaN,
2022040806,a4w.2022,9X-A4W,TS,NN,10.1,127.9,15,1005,336,6,336,6,NaN,NaN,NaN,NaN,NaN,NaN,NaN,NaN,NaN,NaN,DB,NW,B,B,NaN,NaN,NaN,NaN,45,NaN,
2022040812,a4w.2022,9X-A4W,TS,NN,10.7,127.5,20,1007,328,6,328,6,NaN,NaN,NaN,NaN,NaN,NaN,NaN,NaN,NaN,NaN,DB,NW,B,B,NaN,NaN,NaN,NaN,45,NaN,
2022040818,a4w.2022,9X-A4W,TS,NN,11.0,126.9,20,1003,312,7,312,7,NaN,NaN,NaN,NaN,NaN,NaN,NaN,NaN,NaN,NaN,DB,NW,B,B,120,1006,NaN,S,40,NaN,
2022040900,03w.2022,MEGI,TS,NN,10.7,126.8,25,1003,270,3,270,3,NaN,NaN,NaN,NaN,NaN,NaN,NaN,NaN,NaN,NaN,DB,WN,B,B,120,1006,NaN,S,40,LPC,
2022040906,03w.2022,MEGI,TS,NN,10.8,127.0,25,1003,154,1,154,1,NaN,NaN,NaN,NaN,NaN,NaN,NaN,NaN,NaN,NaN,TD,WN,B,B,120,1006,NaN,S,30,RCB,
2022040912,03w.2022,MEGI,TS,NN,10.9,126.7,25,1003,334,1,334,1,NaN,NaN,NaN,NaN,NaN,NaN,NaN,NaN,NaN,NaN,TD,WN,B,B,135,1006,NaN,NaN,30,RCB,
2022040918,03w.2022,MEGI,TS,NN,11.0,126.3,30,1000,286,4,286,4,NaN,NaN,NaN,NaN,NaN,NaN,NaN,NaN,NaN,NaN,TD,WN,B,B,135,1006,NaN,M,30,JZC,
2022041000,03w.2022,MEGI,TS,NN,11.0,125.9,40,997,277,4,277,4,52,60,45,45,60,NaN,NaN,NaN,NaN,NaN,TS,WN,B,B,125,1006,0.05,M,30,JZC,
2022041006,03w.2022,MEGI,TS,NN,10.7,125.4,35,999,251,5,251,5,59,120,60,30,25,NaN,NaN,NaN,NaN,NaN,TS,WN,B,B,140,1004,0.17,M,60,RCB,
2022041012,03w.2022,MEGI,TS,NN,10.8,125.0,35,999,257,5,257,5,30,30,50,10,,NaN,NaN,NaN,NaN,NaN,TS,WN,B,B,95,1006,0.52,M,30,RCB,
2022041018,03w.2022,MEGI,TS,NN,10.9,124.7,30,999,286,4,286,4,NaN,NaN,NaN,NaN,NaN,NaN,NaN,NaN,NaN,NaN,TD,WN,B,B,105,1004,0.43,M,30,JZC,
2022041100,03w.2022,MEGI,TS,NN,11.1,124.3,25,1000,294,4,294,4,NaN,NaN,NaN,NaN,NaN,NaN,NaN,NaN,NaN,NaN,TD,WN,B,B,95,1005,0.43,S,25,JZC,
2022041106,03w.2022,MEGI,TS,NN,11.3,124.0,25,1001,300,4,300,4,NaN,NaN,NaN,NaN,NaN,NaN,NaN,NaN,NaN,NaN,TD,WN,B,B,100,1003,0.21,S,20,RCB,
2022041112,03w.2022,MEGI,TS,NN,11.5,124.1,20,1002,334,2,334,2,NaN,NaN,NaN,NaN,NaN,NaN,NaN,NaN,NaN,NaN,DB,NW,B,B,100,1003,0.21,S,30,NaN,
2022041118,03w.2022,MEGI,TS,NN,11.5,124.5,20,1001,68,3,68,3,NaN,NaN,NaN,NaN,NaN,NaN,NaN,NaN,NaN,NaN,DB,NW,B,B,100,1003,0.45,S,30,NaN,
2022041200,03w.2022,MEGI,TS,NN,11.1,124.9,20,1002,117,4,117,4,NaN,NaN,NaN,NaN,NaN,NaN,NaN,NaN,NaN,NaN,DB,NW,B,B,100,1004,0.52,S,30,NaN,
2022041206,03w.2022,MEGI,TS,NN,11.0,125.2,20,1002,126,4,126,4,NaN,NaN,NaN,NaN,NaN,NaN,NaN,NaN,NaN,NaN,DB,NW,B,B,85,1003,0.52,S,30,NaN,
2022041212,03w.2022,MEGI,TS,NN,10.9,125.6,20,1002,106,4,106,4,NaN,NaN,NaN,NaN,NaN,NaN,NaN,NaN,NaN,NaN,DB,NW,B,B,85,1005,0.27,S,30,NaN,
2022041218,03w.2022,MEGI,TS,NN,10.7,126.3,20,1003,106,6,106,6,NaN,NaN,NaN,NaN,NaN,NaN,NaN,NaN,NaN,NaN,DB,NW,B,B,85,1005,NaN,S,30,NaN,
2022041300,03w.2022,MEGI,TS,NN,10.5,127.2,20,1007,104,8,104,8,NaN,NaN,NaN,NaN,NaN,NaN,NaN,NaN,NaN,NaN,DB,NW,B,B,85,1005,NaN,NaN,30,NaN,
2022041306,03w.2022,MEGI,TS,NN,10.0,128.1,15,1007,112,10,112,10,NaN,NaN,NaN,NaN,NaN,NaN,NaN,NaN,NaN,NaN,DB,NW,B,B,NaN,NaN,NaN,NaN,NaN,NaN,
2022062518,b7w.2022,9X-B7W,TY,NN,13.7,130.4,15,1010,277,16,277,16,NaN,NaN,NaN,NaN,NaN,NaN,NaN,NaN,NaN,NaN,DB,NW,B,B,NaN,NaN,NaN,NaN,NaN,NaN,
2022062600,b7w.2022,9X-B7W,TY,NN,13.8,128.9,15,1010,277,16,277,16,NaN,NaN,NaN,NaN,NaN,NaN,NaN,NaN,NaN,NaN,DB,NW,B,B,NaN,NaN,NaN,NaN,NaN,NaN,
2022062606,b7w.2022,9X-B7W,TY,NN,14.1,127.1,15,1008,277,16,277,16,NaN,NaN,NaN,NaN,NaN,NaN,NaN,NaN,NaN,NaN,DB,NW,B,B,NaN,NaN,NaN,NaN,NaN,NaN,
2022062612,b7w.2022,9X-B7W,TY,NN,14.9,125.2,15,1008,287,19,287,19,NaN,NaN,NaN,NaN,NaN,NaN,NaN,NaN,NaN,NaN,DB,NW,B,B,55,1009,NaN,NaN,NaN,NaN,
2022062618,b7w.2022,9X-B7W,TY,NN,15.1,124.3,15,1008,290,14,290,14,NaN,NaN,NaN,NaN,NaN,NaN,NaN,NaN,NaN,NaN,DB,NW,B,B,55,1009,NaN,NaN,NaN,NaN,
2022062700,b7w.2022,9X-B7W,TY,NN,15.3,123.2,15,1008,282,10,282,10,NaN,NaN,NaN,NaN,NaN,NaN,NaN,NaN,NaN,NaN,DB,NW,B,B,55,1010,NaN,NaN,NaN,NaN,
2022062706,b7w.2022,9X-B7W,TY,NN,15.7,121.1,10,1010,281,16,281,16,NaN,NaN,NaN,NaN,NaN,NaN,NaN,NaN,NaN,NaN,DB,NW,B,B,55,1010,0.97,NaN,NaN,NaN,
2022062712,b7w.2022,9X-B7W,TY,NN,16.2,119.8,15,1010,285,17,285,17,NaN,NaN,NaN,NaN,NaN,NaN,NaN,NaN,NaN,NaN,DB,NW,B,B,55,1010,0.47,NaN,NaN,NaN,
2022062718,b7w.2022,9X-B7W,TY,NN,16.5,118.4,15,1005,287,14,287,14,NaN,NaN,NaN,NaN,NaN,NaN,NaN,NaN,NaN,NaN,DB,NW,B,B,150,1005,NaN,S,NaN,NaN,
2022062800,b7w.2022,9X-B7W,TY,NN,16.7,117.0,15,1005,281,14,281,14,NaN,NaN,NaN,NaN,NaN,NaN,NaN,NaN,NaN,NaN,DB,NW,B,B,150,1006,NaN,S,20,NaN,
2022062806,b7w.2022,9X-B7W,TY,NN,16.0,116.0,15,1003,258,12,258,12,NaN,NaN,NaN,NaN,NaN,NaN,NaN,NaN,NaN,NaN,DB,NW,B,B,125,1004,NaN,S,60,NaN,
2022062812,b7w.2022,9X-B7W,TY,NN,15.7,116.3,20,1000,214,6,214,6,NaN,NaN,NaN,NaN,NaN,NaN,NaN,NaN,NaN,NaN,DB,NW,B,B,125,1003,NaN,S,70,NaN,
2022062818,b7w.2022,9X-B7W,TY,NN,15.4,116.6,20,999,136,4,136,4,NaN,NaN,NaN,NaN,NaN,NaN,NaN,NaN,NaN,NaN,DB,NW,B,B,100,1000,NaN,S,70,NaN,
2022062900,b7w.2022,9X-B7W,TY,NN,15.4,117.0,20,999,114,4,114,4,NaN,NaN,NaN,NaN,NaN,NaN,NaN,NaN,NaN,NaN,DB,NW,B,B,100,1001,NaN,S,70,NaN,
2022062906,b7w.2022,9X-B7W,TY,NN,16.0,116.2,20,999,327,4,327,4,NaN,NaN,NaN,NaN,NaN,NaN,NaN,NaN,NaN,NaN,DB,NW,B,B,100,1001,NaN,S,70,NaN,
2022062912,b7w.2022,9X-B7W,TY,NN,15.5,115.5,20,999,274,7,274,7,NaN,NaN,NaN,NaN,NaN,NaN,NaN,NaN,NaN,NaN,DB,NW,B,B,100,1001,NaN,S,70,NaN,
2022062918,04w.2022,CHABA,TY,NN,15.1,114.8,30,995,236,8,236,8,NaN,NaN,NaN,NaN,NaN,NaN,NaN,NaN,NaN,NaN,TD,WN,B,B,200,999,NaN,S,75,WAD,
2022063000,04w.2022,CHABA,TY,NN,15.6,115.2,35,994,289,2,289,2,77,,40,100,90,NaN,NaN,NaN,NaN,NaN,TS,WN,B,B,150,1000,NaN,S,85,WAD,
2022063006,04w.2022,CHABA,TY,NN,16.0,115.5,35,994,37,6,37,6,112,,140,85,,NaN,NaN,NaN,NaN,NaN,TS,WN,B,B,200,999,NaN,S,85,SMB,
2022063012,04w.2022,CHABA,TY,NN,17.2,115.1,40,991,357,8,357,8,93,95,95,90,,NaN,NaN,NaN,NaN,NaN,TS,WN,B,B,200,1000,NaN,M,85,SMB,
2022063018,04w.2022,CHABA,TY,NN,17.6,114.7,45,987,334,9,334,9,165,160,185,190,125,NaN,NaN,NaN,NaN,NaN,TS,WN,B,B,185,998,NaN,M,45,WAD,
2022070100,04w.2022,CHABA,TY,NN,18.3,114.1,50,985,319,7,319,7,165,160,185,190,125,75,55,95,190,,TS,WN,B,B,160,998,NaN,M,45,WAD,
2022070106,04w.2022,CHABA,TY,NN,18.9,113.4,55,982,316,9,316,9,165,160,185,190,125,75,55,95,190,,TS,WN,B,B,250,1000,NaN,D,45,BCH,
2022070112,04w.2022,CHABA,TY,NN,19.3,112.8,60,979,309,8,309,8,149,150,150,160,135,60,,60,160,,TS,WN,B,B,250,1000,NaN,D,45,BCH,
2022070118,04w.2022,CHABA,TY,NN,20.1,112.1,65,975,314,9,314,9,134,155,145,100,135,65,75,70,100,65,TY,WN,B,B,210,998,NaN,D,35,MEK,
2022070200,04w.2022,CHABA,TY,NN,20.6,111.7,75,969,322,8,322,8,128,145,140,100,125,68,75,70,100,65,TY,WN,B,B,215,999,NaN,D,30,MEK,
2022070206,04w.2022,CHABA,TY,NN,21.2,111.3,75,967,326,7,326,7,146,160,165,155,105,78,85,90,155,50,TY,WN,B,B,215,999,NaN,D,30,SMB,
2022070212,04w.2022,CHABA,TY,NN,21.9,110.9,60,974,330,7,330,7,136,150,165,130,100,72,80,90,130,50,TS,WN,B,B,175,996,0.98,D,35,SMB,
2022070218,04w.2022,CHABA,TY,NN,22.7,110.6,50,981,337,8,337,8,111,110,140,105,90,NaN,NaN,NaN,NaN,NaN,TS,NW,B,B,175,996,0.99,NaN,35,NaN,
2022070300,04w.2022,CHABA,TY,NN,23.6,110.7,40,986,354,9,354,9,98,90,105,,,NaN,NaN,NaN,NaN,NaN,TS,NW,B,B,175,996,0.97,NaN,35,NaN,
2022070306,04w.2022,CHABA,TY,NN,24.4,110.7,35,993,3,9,3,9,78,75,80,,,NaN,NaN,NaN,NaN,NaN,TS,NW,B,B,175,997,0.99,NaN,50,NaN,
2022070312,04w.2022,CHABA,TY,NN,25.2,110.7,30,996,360,8,360,8,NaN,NaN,NaN,NaN,NaN,NaN,NaN,NaN,NaN,NaN,TD,NW,B,B,180,999,0.99,NaN,50,NaN,
2022070318,04w.2022,CHABA,TY,NN,25.7,111.0,25,1004,12,7,12,7,NaN,NaN,NaN,NaN,NaN,NaN,NaN,NaN,NaN,NaN,TD,NW,B,B,180,999,0.99,NaN,50,NaN,
2022070400,04w.2022,CHABA,TY,NN,26.2,111.6,20,1007,39,6,39,6,NaN,NaN,NaN,NaN,NaN,NaN,NaN,NaN,NaN,NaN,DB,NW,B,B,180,999,0.98,NaN,50,NaN,
2022070406,04w.2022,CHABA,TY,NN,26.5,112.2,20,1007,53,7,53,7,NaN,NaN,NaN,NaN,NaN,NaN,NaN,NaN,NaN,NaN,DB,NW,B,B,120,1008,0.98,NaN,35,NaN,
2022062700,b8w.2022,9X-B8W,TS,NN,5.8,135.0,15,1010,281,5,281,5,NaN,NaN,NaN,NaN,NaN,NaN,NaN,NaN,NaN,NaN,DB,NW,B,B,NaN,NaN,NaN,NaN,NaN,NaN,
2022062706,b8w.2022,9X-B8W,TS,NN,5.9,134.5,15,1010,281,5,281,5,NaN,NaN,NaN,NaN,NaN,NaN,NaN,NaN,NaN,NaN,DB,NW,B,B,NaN,NaN,NaN,NaN,NaN,NaN,
2022062712,b8w.2022,9X-B8W,TS,NN,6.0,134.0,15,1010,281,5,281,5,NaN,NaN,NaN,NaN,NaN,NaN,NaN,NaN,NaN,NaN,DB,NW,B,B,NaN,NaN,NaN,NaN,NaN,NaN,
2022062718,b8w.2022,9X-B8W,TS,NN,7.4,133.4,15,1007,324,9,324,9,NaN,NaN,NaN,NaN,NaN,NaN,NaN,NaN,NaN,NaN,DB,NW,B,B,NaN,NaN,NaN,NaN,NaN,NaN,
2022062800,b8w.2022,9X-B8W,TS,NN,8.9,132.5,15,1007,333,16,333,16,NaN,NaN,NaN,NaN,NaN,NaN,NaN,NaN,NaN,NaN,DB,NW,B,B,100,1009,NaN,S,NaN,NaN,
2022062806,b8w.2022,9X-B8W,TS,NN,10.6,131.5,15,1007,330,19,330,19,NaN,NaN,NaN,NaN,NaN,NaN,NaN,NaN,NaN,NaN,DB,NW,B,B,NaN,NaN,NaN,NaN,NaN,NaN,
2022062812,b8w.2022,9X-B8W,TS,NN,12.3,130.9,15,1007,335,19,335,19,NaN,NaN,NaN,NaN,NaN,NaN,NaN,NaN,NaN,NaN,DB,NW,B,B,NaN,NaN,NaN,NaN,NaN,NaN,
2022062818,b8w.2022,9X-B8W,TS,NN,14.0,130.6,15,1006,346,18,346,18,NaN,NaN,NaN,NaN,NaN,NaN,NaN,NaN,NaN,NaN,DB,NW,B,B,NaN,NaN,NaN,NaN,NaN,NaN,
2022062900,b8w.2022,9X-B8W,TS,NN,15.2,130.5,15,1006,352,15,352,15,NaN,NaN,NaN,NaN,NaN,NaN,NaN,NaN,NaN,NaN,DB,NW,B,B,NaN,NaN,NaN,NaN,NaN,NaN,
2022062906,b8w.2022,9X-B8W,TS,NN,16.6,130.4,15,1006,356,13,356,13,NaN,NaN,NaN,NaN,NaN,NaN,NaN,NaN,NaN,NaN,DB,NW,B,B,NaN,NaN,NaN,NaN,NaN,NaN,
2022062912,b8w.2022,9X-B8W,TS,NN,17.3,130.7,15,1006,5,11,5,11,NaN,NaN,NaN,NaN,NaN,NaN,NaN,NaN,NaN,NaN,DB,NW,B,B,NaN,NaN,NaN,NaN,NaN,NaN,
2022062918,b8w.2022,9X-B8W,TS,NN,17.8,131.0,15,1006,26,7,26,7,NaN,NaN,NaN,NaN,NaN,NaN,NaN,NaN,NaN,NaN,DB,NW,B,B,NaN,NaN,NaN,NaN,NaN,NaN,
2022063000,b8w.2022,9X-B8W,TS,NN,18.3,131.3,20,1003,30,6,30,6,NaN,NaN,NaN,NaN,NaN,NaN,NaN,NaN,NaN,NaN,DB,NW,B,B,130,1005,NaN,S,125,NaN,
2022063006,b8w.2022,9X-B8W,TS,NN,18.9,131.0,25,1002,360,6,360,5,NaN,NaN,NaN,NaN,NaN,NaN,NaN,NaN,NaN,NaN,DB,NW,B,B,130,1005,NaN,S,125,NaN,
2022063012,05w.2022,AERE,TS,NN,19.3,130.7,25,1003,330,6,330,6,NaN,NaN,NaN,NaN,NaN,NaN,NaN,NaN,NaN,NaN,TD,WN,B,B,130,1006,NaN,S,40,SMB,
2022063018,05w.2022,AERE,TS,NN,19.9,130.9,30,1000,355,5,355,5,NaN,NaN,NaN,NaN,NaN,NaN,NaN,NaN,NaN,NaN,TD,WN,B,B,160,1005,NaN,S,45,WAD,
2022070100,05w.2022,AERE,TS,NN,20.4,131.2,40,999,23,6,23,6,98,80,115,,,NaN,NaN,NaN,NaN,NaN,TS,WN,B,B,170,1006,NaN,S,45,WAD,
2022070106,05w.2022,AERE,TS,NN,21.0,131.2,40,997,14,6,14,6,98,80,115,,,NaN,NaN,NaN,NaN,NaN,TS,WN,B,B,150,1006,NaN,M,45,BCH,
2022070112,05w.2022,AERE,TS,NN,22.1,131.1,40,997,357,9,357,9,98,80,115,,,NaN,NaN,NaN,NaN,NaN,TS,WN,B,B,125,1006,NaN,M,45,BCH,
2022070118,05w.2022,AERE,TS,NN,23.0,130.8,45,995,349,10,349,10,85,85,95,,75,NaN,NaN,NaN,NaN,NaN,TS,WN,B,B,115,1007,NaN,M,50,MEK,
2022070200,05w.2022,AERE,TS,NN,24.5,130.3,45,994,343,13,343,13,94,110,125,55,85,NaN,NaN,NaN,NaN,NaN,TS,WN,B,B,110,1006,NaN,M,45,MEK,
2022070206,05w.2022,AERE,TS,NN,25.8,129.5,45,994,337,15,337,15,91,105,110,60,90,NaN,NaN,NaN,NaN,NaN,TS,WN,B,B,110,1006,NaN,M,45,SMB,
2022070212,05w.2022,AERE,TS,NN,26.6,128.3,40,996,319,14,319,14,89,110,110,65,70,NaN,NaN,NaN,NaN,NaN,TS,WN,B,B,110,1006,0.04,M,45,SMB,
2022070218,05w.2022,AERE,TS,NN,27.4,127.5,40,997,312,12,312,12,72,80,85,65,60,NaN,NaN,NaN,NaN,NaN,TS,WN,B,B,135,1006,NaN,M,45,MEK,
2022070300,05w.2022,AERE,TS,NN,27.8,127.2,35,998,321,8,321,8,68,80,70,60,60,NaN,NaN,NaN,NaN,NaN,TS,WN,B,B,155,1005,NaN,M,45,MEK,
2022070306,05w.2022,AERE,TS,NN,28.2,126.9,30,999,326,5,326,5,NaN,NaN,NaN,NaN,NaN,NaN,NaN,NaN,NaN,NaN,TD,WN,B,B,155,1004,NaN,M,45,SMB,
2022070312,05w.2022,AERE,TS,NN,28.6,126.5,30,1000,322,5,322,5,NaN,NaN,NaN,NaN,NaN,NaN,NaN,NaN,NaN,NaN,TD,WN,B,B,135,1003,NaN,NaN,45,SMB,
2022070318,05w.2022,AERE,TS,NN,29.2,126.8,30,995,355,5,355,5,NaN,NaN,NaN,NaN,NaN,NaN,NaN,NaN,NaN,NaN,TD,WN,B,B,145,1004,NaN,M,45,MEK,
2022070400,05w.2022,AERE,TS,NN,30.1,127.4,30,994,28,8,28,8,NaN,NaN,NaN,NaN,NaN,NaN,NaN,NaN,NaN,NaN,TD,WN,B,B,145,1003,NaN,M,45,MEK,
2022070406,05w.2022,AERE,TS,NN,31.0,127.8,30,993,26,10,26,10,NaN,NaN,NaN,NaN,NaN,NaN,NaN,NaN,NaN,NaN,TD,WN,B,B,105,1002,NaN,S,45,RCB,
2022070412,05w.2022,AERE,TS,NN,31.7,128.6,25,1000,33,10,33,10,NaN,NaN,NaN,NaN,NaN,NaN,NaN,NaN,NaN,NaN,TD,WN,B,B,95,1002,NaN,S,40,RCB,
2022070418,05w.2022,AERE,TS,NN,32.8,129.4,25,997,37,11,37,11,NaN,NaN,NaN,NaN,NaN,NaN,NaN,NaN,NaN,NaN,TD,WN,B,B,110,1004,0.25,S,40,BCH,
2022070500,05w.2022,AERE,TS,NN,33.2,130.5,25,1002,47,11,47,11,NaN,NaN,NaN,NaN,NaN,NaN,NaN,NaN,NaN,NaN,TD,WN,B,B,100,1005,0.75,S,40,BCH,
2022070506,05w.2022,AERE,TS,NN,33.4,132.2,25,1002,76,12,76,12,NaN,NaN,NaN,NaN,NaN,NaN,NaN,NaN,NaN,NaN,TD,WN,B,B,95,1004,0.26,S,40,RCB,
2022070512,05w.2022,AERE,TS,NN,33.6,133.9,25,1003,82,14,82,14,NaN,NaN,NaN,NaN,NaN,NaN,NaN,NaN,NaN,NaN,TD,WN,B,B,120,1005,0.51,S,20,RCB,
2022070518,05w.2022,AERE,TS,NN,33.7,136.5,25,1004,85,18,85,18,NaN,NaN,NaN,NaN,NaN,NaN,NaN,NaN,NaN,NaN,TD,WN,B,B,120,1005,0.03,S,50,BCH,
2022070600,05w.2022,AERE,TS,NN,33.4,138.8,25,1004,93,20,93,20,NaN,NaN,NaN,NaN,NaN,NaN,NaN,NaN,NaN,NaN,TD,WN,B,B,120,1006,NaN,S,50,BCH,
2022070606,05w.2022,AERE,TS,NN,34.0,141.7,30,998,86,22,86,22,NaN,NaN,NaN,NaN,NaN,NaN,NaN,NaN,NaN,NaN,TD,WN,B,B,120,1006,NaN,S,60,JZC,
2022070612,05w.2022,AERE,TS,NN,34.0,142.9,35,995,80,17,80,17,108,115,130,135,50,NaN,NaN,NaN,NaN,NaN,TS,WN,B,B,120,1006,NaN,S,60,NaN,
2022070618,05w.2022,AERE,TS,NN,33.8,144.4,35,994,95,11,95,11,112,150,140,110,50,NaN,NaN,NaN,NaN,NaN,SS,WN,B,B,120,1006,NaN,S,60,OHS,
2022070700,05w.2022,AERE,TS,NN,33.9,145.4,35,993,93,10,93,10,111,140,140,105,60,NaN,NaN,NaN,NaN,NaN,SS,NW,B,B,160,1006,NaN,S,90,NaN,
2022070706,05w.2022,AERE,TS,NN,34.1,145.6,35,994,73,5,73,5,80,70,95,70,85,NaN,NaN,NaN,NaN,NaN,SS,NW,B,B,160,1006,NaN,S,90,NaN,
2022070712,05w.2022,AERE,TS,NN,34.2,146.2,35,994,66,4,66,4,104,160,90,80,85,NaN,NaN,NaN,NaN,NaN,SS,NW,B,B,150,1006,NaN,S,100,NaN,
2022070718,05w.2022,AERE,TS,NN,34.7,145.9,35,996,22,3,22,3,145,,,,145,NaN,NaN,NaN,NaN,NaN,SS,NW,B,B,250,1006,NaN,NaN,100,NaN,
2022070800,05w.2022,AERE,TS,NN,34.2,144.9,30,990,270,5,270,5,NaN,NaN,NaN,NaN,NaN,NaN,NaN,NaN,NaN,NaN,SD,NW,B,B,250,1006,NaN,M,100,NaN,
2022070806,05w.2022,AERE,TS,NN,34.6,144.9,30,990,263,4,263,4,NaN,NaN,NaN,NaN,NaN,NaN,NaN,NaN,NaN,NaN,SD,NW,B,B,250,1006,NaN,S,100,NaN,
2022070812,05w.2022,AERE,TS,NN,34.2,144.1,30,990,270,3,270,3,NaN,NaN,NaN,NaN,NaN,NaN,NaN,NaN,NaN,NaN,SD,NW,B,B,240,1006,NaN,S,80,NaN,
2022070818,05w.2022,AERE,TS,NN,34.8,144.9,30,990,360,1,360,1,NaN,NaN,NaN,NaN,NaN,NaN,NaN,NaN,NaN,NaN,SD,NW,B,B,200,1003,NaN,S,60,NaN,
2022070900,05w.2022,AERE,TS,NN,35.9,144.9,30,991,21,9,21,9,NaN,NaN,NaN,NaN,NaN,NaN,NaN,NaN,NaN,NaN,SD,NW,B,B,200,1004,NaN,S,60,NaN,
2022070906,05w.2022,AERE,TS,NN,37.7,144.8,30,997,358,15,358,15,NaN,NaN,NaN,NaN,NaN,NaN,NaN,NaN,NaN,NaN,SD,NW,B,B,165,1003,NaN,NaN,60,NaN,
2022070912,05w.2022,AERE,TS,NN,38.9,143.5,30,997,340,16,340,16,NaN,NaN,NaN,NaN,NaN,NaN,NaN,NaN,NaN,NaN,SD,NW,B,B,120,1004,NaN,NaN,60,NaN,
2022070918,05w.2022,AERE,TS,NN,40.0,143.1,30,997,330,13,330,13,NaN,NaN,NaN,NaN,NaN,NaN,NaN,NaN,NaN,NaN,EX,NW,B,B,120,1004,NaN,NaN,100,NaN,
2022071000,05w.2022,AERE,TS,NN,40.9,142.9,25,999,347,10,347,10,NaN,NaN,NaN,NaN,NaN,NaN,NaN,NaN,NaN,NaN,EX,NW,B,B,120,1004,NaN,NaN,70,NaN,
2022071006,05w.2022,AERE,TS,NN,41.3,142.7,20,1002,347,7,347,7,NaN,NaN,NaN,NaN,NaN,NaN,NaN,NaN,NaN,NaN,EX,NW,B,B,100,1005,NaN,NaN,65,NaN,
2022071012,05w.2022,AERE,TS,NN,41.4,143.2,20,1002,24,3,24,3,NaN,NaN,NaN,NaN,NaN,NaN,NaN,NaN,NaN,NaN,EX,NW,B,B,100,1005,NaN,NaN,65,NaN,
2022071018,05w.2022,AERE,TS,NN,41.6,143.8,20,1006,70,4,70,4,NaN,NaN,NaN,NaN,NaN,NaN,NaN,NaN,NaN,NaN,EX,NW,B,B,100,1008,NaN,NaN,65,NaN,
2022071100,05w.2022,AERE,TS,NN,43.0,144.0,15,1008,20,9,20,9,NaN,NaN,NaN,NaN,NaN,NaN,NaN,NaN,NaN,NaN,EX,NW,B,B,NaN,NaN,0.61,NaN,65,NaN,
2022072800,c4w.2022,9X-C4W,TD,NN,21.6,138.7,25,1004,338,21,338,21,NaN,NaN,NaN,NaN,NaN,NaN,NaN,NaN,NaN,NaN,DB,NW,b,b,120,1004,NaN,NaN,40,NaN,
2022072806,c4w.2022,9X-C4W,TD,NN,23.8,137.9,25,1004,323,19,338,21,NaN,NaN,NaN,NaN,NaN,NaN,NaN,NaN,NaN,NaN,DB,NW,B,B,120,1004,NaN,NaN,40,NaN,
2022072812,c4w.2022,9X-C4W,TD,NN,25.4,137.0,25,1004,323,19,338,21,NaN,NaN,NaN,NaN,NaN,NaN,NaN,NaN,NaN,NaN,DB,NW,B,B,120,1004,NaN,NaN,40,NaN,
2022072818,c4w.2022,9X-C4W,TD,NN,26.9,135.3,25,1000,323,19,323,19,NaN,NaN,NaN,NaN,NaN,NaN,NaN,NaN,NaN,NaN,DB,NW,B,B,120,1004,NaN,NaN,40,NaN,
2022072900,06w.2022,SONGDA,TD,NN,28.0,133.8,30,998,312,19,312,19,NaN,NaN,NaN,NaN,NaN,NaN,NaN,NaN,NaN,NaN,TD,WN,B,B,100,1004,NaN,S,40,BCH,
2022072906,06w.2022,SONGDA,TD,NN,29.0,131.8,30,998,304,19,304,19,NaN,NaN,NaN,NaN,NaN,NaN,NaN,NaN,NaN,NaN,TD,WN,B,B,100,1002,NaN,S,40,SMB,
2022072912,06w.2022,SONGDA,TD,NN,29.9,129.7,30,997,298,20,298,20,NaN,NaN,NaN,NaN,NaN,NaN,NaN,NaN,NaN,NaN,TD,WN,B,B,100,1003,NaN,S,40,SMB,
2022072918,06w.2022,SONGDA,TD,NN,30.8,128.0,25,999,299,19,299,19,NaN,NaN,NaN,NaN,NaN,NaN,NaN,NaN,NaN,NaN,TD,WN,B,B,100,1003,NaN,S,40,SJB,
2022073000,06w.2022,SONGDA,TD,NN,31.3,126.3,30,998,296,16,296,16,NaN,NaN,NaN,NaN,NaN,NaN,NaN,NaN,NaN,NaN,TD,WN,B,B,100,1003,NaN,S,40,SJB,
2022073006,06w.2022,SONGDA,TD,NN,31.8,125.0,30,997,291,14,291,14,NaN,NaN,NaN,NaN,NaN,NaN,NaN,NaN,NaN,NaN,TD,WN,B,B,90,1003,NaN,S,40,RCB,
2022073012,06w.2022,SONGDA,TD,NN,32.5,124.0,30,998,302,11,302,11,NaN,NaN,NaN,NaN,NaN,NaN,NaN,NaN,NaN,NaN,TD,WN,B,B,85,1002,NaN,S,40,RCB,
2022073018,06w.2022,SONGDA,TD,NN,33.1,123.5,30,998,316,9,316,9,NaN,NaN,NaN,NaN,NaN,NaN,NaN,NaN,NaN,NaN,TD,WN,B,B,85,1002,NaN,S,40,SJB,
2022073100,06w.2022,SONGDA,TD,NN,33.5,123.0,30,999,320,7,320,7,NaN,NaN,NaN,NaN,NaN,NaN,NaN,NaN,NaN,NaN,TD,WN,B,B,125,1002,NaN,S,40,SJB,
2022073106,06w.2022,SONGDA,TD,NN,33.9,123.2,30,999,343,4,343,4,NaN,NaN,NaN,NaN,NaN,NaN,NaN,NaN,NaN,NaN,TD,WN,B,B,125,1002,NaN,S,40,RC,
2022073112,06w.2022,SONGDA,TD,NN,34.4,123.1,25,1000,5,5,5,5,NaN,NaN,NaN,NaN,NaN,NaN,NaN,NaN,NaN,NaN,TD,WN,B,B,120,1002,NaN,S,40,RCB,
2022073118,06w.2022,SONGDA,TD,NN,34.9,123.0,25,1000,351,5,351,5,NaN,NaN,NaN,NaN,NaN,NaN,NaN,NaN,NaN,NaN,TD,WN,B,B,120,1002,NaN,S,40,SJB,
2022080100,06w.2022,SONGDA,TD,NN,35.4,123.2,25,1000,5,5,5,5,NaN,NaN,NaN,NaN,NaN,NaN,NaN,NaN,NaN,NaN,TD,WN,B,B,120,1002,NaN,S,40,SJB,
2022080106,06w.2022,SONGDA,TD,NN,35.3,123.4,15,1002,39,3,39,3,NaN,NaN,NaN,NaN,NaN,NaN,NaN,NaN,NaN,NaN,DB,NW,B,B,95,1003,NaN,NaN,20,NaN,
2022080112,06w.2022,SONGDA,TD,NN,35.2,123.3,15,1002,158,1,158,1,NaN,NaN,NaN,NaN,NaN,NaN,NaN,NaN,NaN,NaN,DB,NW,B,B,85,1003,NaN,NaN,20,NaN,
2022080118,06w.2022,SONGDA,TD,NN,35.6,123.7,20,1003,39,2,39,2,NaN,NaN,NaN,NaN,NaN,NaN,NaN,NaN,NaN,NaN,DB,NW,B,B,85,1005,NaN,NaN,20,NaN,
2022080200,06w.2022,SONGDA,TD,NN,36.8,124.8,20,1002,37,10,37,10,NaN,NaN,NaN,NaN,NaN,NaN,NaN,NaN,NaN,NaN,DB,NW,B,B,85,1005,NaN,NaN,20,NaN,
2022080206,06w.2022,SONGDA,TD,NN,38.2,126.0,20,1004,35,16,35,16,NaN,NaN,NaN,NaN,NaN,NaN,NaN,NaN,NaN,NaN,DB,NW,B,B,80,1005,0.62,NaN,20,NaN,
2022080212,06w.2022,SONGDA,TD,NN,39.2,126.5,15,1006,29,14,29,14,NaN,NaN,NaN,NaN,NaN,NaN,NaN,NaN,NaN,NaN,DB,NW,B,B,NaN,NaN,1.00,NaN,NaN,NaN,
2022072800,c5w.2022,9X-C5W,TD,NN,18.7,129.7,15,1002,48,4,48,4,NaN,NaN,NaN,NaN,NaN,NaN,NaN,NaN,NaN,NaN,DB,NW,b,b,150,1002,NaN,NaN,90,NaN,
2022072806,c5w.2022,9X-C5W,TD,NN,19.0,130.2,15,1002,48,4,48,4,NaN,NaN,NaN,NaN,NaN,NaN,NaN,NaN,NaN,NaN,DB,NW,b,b,150,1002,NaN,NaN,90,NaN,
2022072812,c5w.2022,9X-C5W,TD,NN,19.3,130.4,15,1001,48,4,48,4,NaN,NaN,NaN,NaN,NaN,NaN,NaN,NaN,NaN,NaN,DB,NW,b,b,150,1002,NaN,NaN,90,NaN,
2022072818,c5w.2022,9X-C5W,TD,NN,20.1,130.8,15,1000,27,6,27,6,NaN,NaN,NaN,NaN,NaN,NaN,NaN,NaN,NaN,NaN,DB,NW,b,b,150,1002,NaN,NaN,90,NaN,
2022072900,c5w.2022,9X-C5W,TD,NN,21.3,130.8,15,NaN,11,10,11,10,NaN,NaN,NaN,NaN,NaN,NaN,NaN,NaN,NaN,NaN,NT,NW,c,c,NaN,NaN,NaN,NaN,NaN,NaN,
2022072906,c5w.2022,9X-C5W,TD,NN,21.5,130.1,15,NaN,335,8,335,8,NaN,NaN,NaN,NaN,NaN,NaN,NaN,NaN,NaN,NaN,NT,NW,c,c,NaN,NaN,NaN,NaN,NaN,NaN,
2022072912,c5w.2022,9X-C5W,TD,NN,21.6,129.4,15,NaN,283,7,283,7,NaN,NaN,NaN,NaN,NaN,NaN,NaN,NaN,NaN,NaN,NT,NW,c,c,NaN,NaN,NaN,NaN,NaN,NaN,
2022072918,c5w.2022,9X-C5W,TD,NN,21.9,128.9,15,NaN,290,6,290,6,NaN,NaN,NaN,NaN,NaN,NaN,NaN,NaN,NaN,NaN,NT,NW,c,c,NaN,NaN,NaN,NaN,NaN,NaN,
2022073000,c5w.2022,9X-C5W,TD,NN,21.6,127.5,15,NaN,270,9,270,9,NaN,NaN,NaN,NaN,NaN,NaN,NaN,NaN,NaN,NaN,NT,NW,c,c,NaN,NaN,NaN,NaN,NaN,NaN,
2022073006,c5w.2022,9X-C5W,TD,NN,22.6,128.0,15,1001,358,11,310,5,NaN,NaN,NaN,NaN,NaN,NaN,NaN,NaN,NaN,NaN,DB,NW,B,B,170,1004,NaN,NaN,90,NaN,
2022073012,c5w.2022,9X-C5W,TD,NN,23.6,128.0,15,1000,358,11,13,10,NaN,NaN,NaN,NaN,NaN,NaN,NaN,NaN,NaN,NaN,DB,NW,B,B,90,1002,NaN,NaN,90,NaN,
2022073018,c5w.2022,9X-C5W,TD,NN,24.8,127.9,15,1000,358,11,358,11,NaN,NaN,NaN,NaN,NaN,NaN,NaN,NaN,NaN,NaN,DB,NW,B,B,90,1002,NaN,NaN,90,NaN,
2022073100,c5w.2022,9X-C5W,TD,NN,25.9,127.7,15,999,353,12,353,12,NaN,NaN,NaN,NaN,NaN,NaN,NaN,NaN,NaN,NaN,DB,NW,B,B,115,1003,0.05,S,75,NaN,
2022073106,c5w.2022,9X-C5W,TD,NN,27.5,127.8,20,999,358,14,358,14,NaN,NaN,NaN,NaN,NaN,NaN,NaN,NaN,NaN,NaN,DB,NW,B,B,115,1002,NaN,S,75,NaN,
2022073112,c5w.2022,9X-C5W,TD,NN,29.0,127.0,20,999,349,16,349,16,NaN,NaN,NaN,NaN,NaN,NaN,NaN,NaN,NaN,NaN,DB,NW,B,B,95,1005,NaN,NaN,45,NaN,
2022073118,c5w.2022,9X-C5W,TD,NN,30.6,126.8,25,997,344,16,344,16,NaN,NaN,NaN,NaN,NaN,NaN,NaN,NaN,NaN,NaN,TD,NW,B,B,95,1002,NaN,S,60,NaN,
2022080100,07w.2022,TRASES,TD,NN,32.6,127.0,30,998,360,18,360,18,NaN,NaN,NaN,NaN,NaN,NaN,NaN,NaN,NaN,NaN,TD,WN,B,B,95,1002,NaN,S,50,SJB,
2022080106,07w.2022,TRASES,TD,NN,34.4,126.6,25,1000,357,19,357,19,NaN,NaN,NaN,NaN,NaN,NaN,NaN,NaN,NaN,NaN,TD,WN,B,B,80,1002,0.37,S,25,RCB,
2022080112,07w.2022,TRASES,TD,NN,35.6,126.1,20,1002,346,15,346,15,NaN,NaN,NaN,NaN,NaN,NaN,NaN,NaN,NaN,NaN,DB,NW,B,B,80,1002,0.07,NaN,25,NaN,
2022080106,c6w.2022,9X-C6W,TD,NN,17.2,118.8,15,1010,11,13,11,13,NaN,NaN,NaN,NaN,NaN,NaN,NaN,NaN,NaN,NaN,DB,NW,b,b,NaN,NaN,NaN,NaN,NaN,NaN,
2022080112,c6w.2022,9X-C6W,TD,NN,17.6,119.1,15,1010,11,13,11,13,NaN,NaN,NaN,NaN,NaN,NaN,NaN,NaN,NaN,NaN,DB,NW,b,b,NaN,NaN,NaN,NaN,NaN,NaN,
2022080118,c6w.2022,9X-C6W,TD,NN,19.7,119.3,15,NaN,8,7,11,13,NaN,NaN,NaN,NaN,NaN,NaN,NaN,NaN,NaN,NaN,NT,NW,c,c,NaN,NaN,NaN,NaN,NaN,NaN,
2022080200,c6w.2022,9X-C6W,TD,NN,18.4,119.1,15,NaN,13,4,360,4,NaN,NaN,NaN,NaN,NaN,NaN,NaN,NaN,NaN,NaN,NT,NW,c,c,NaN,NaN,NaN,NaN,NaN,NaN,
2022080206,c6w.2022,9X-C6W,TD,NN,21.0,119.6,15,NaN,4,13,12,7,NaN,NaN,NaN,NaN,NaN,NaN,NaN,NaN,NaN,NaN,NT,NW,c,c,NaN,NaN,NaN,NaN,NaN,NaN,
2022080212,c6w.2022,9X-C6W,TD,NN,20.0,118.3,15,NaN,4,13,150,7,NaN,NaN,NaN,NaN,NaN,NaN,NaN,NaN,NaN,NaN,NT,NW,c,c,NaN,NaN,NaN,NaN,NaN,NaN,
2022080218,c6w.2022,9X-C6W,TD,NN,19.0,117.0,15,NaN,15,6,287,7,NaN,NaN,NaN,NaN,NaN,NaN,NaN,NaN,NaN,NaN,NT,NW,c,c,NaN,NaN,NaN,NaN,NaN,NaN,
2022080300,c6w.2022,9X-C6W,TD,NN,20.6,117.5,20,1005,327,6,258,7,NaN,NaN,NaN,NaN,NaN,NaN,NaN,NaN,NaN,NaN,DB,NW,B,B,100,1007,NaN,NaN,45,NaN,
2022080306,c6w.2022,9X-C6W,TD,NN,21.2,117.3,20,1005,327,6,7,11,NaN,NaN,NaN,NaN,NaN,NaN,NaN,NaN,NaN,NaN,DB,NW,B,B,70,1006,NaN,S,45,NaN,
2022080312,c6w.2022,9X-C6W,TD,NN,21.6,116.8,20,1004,327,6,327,6,NaN,NaN,NaN,NaN,NaN,NaN,NaN,NaN,NaN,NaN,DB,NW,B,B,75,1006,NaN,S,45,NaN,
2022080318,c6w.2022,9X-C6W,TD,NN,22.1,116.0,20,1001,307,8,307,8,NaN,NaN,NaN,NaN,NaN,NaN,NaN,NaN,NaN,NaN,DB,NW,B,B,75,1006,NaN,S,45,NaN,
2022080400,08w.2022,EIGHT,TD,NN,22.5,115.1,25,1001,300,9,300,9,NaN,NaN,NaN,NaN,NaN,NaN,NaN,NaN,NaN,NaN,TD,WN,B,B,75,1005,0.27,S,45,SJB,
2022080406,08w.2022,EIGHT,TD,NN,22.9,114.1,20,1002,295,10,295,10,NaN,NaN,NaN,NaN,NaN,NaN,NaN,NaN,NaN,NaN,DB,WN,B,B,80,1004,0.86,S,30,RCB,
2022080412,08w.2022,EIGHT,TD,NN,23.2,112.8,20,1004,288,11,288,11,NaN,NaN,NaN,NaN,NaN,NaN,NaN,NaN,NaN,NaN,DB,NW,B,B,80,1004,0.94,NaN,30,NaN,
2022080818,c0w.2022,9X-C0W,TS,NN,22.7,147.5,20,1007,290,12,295,13,NaN,NaN,NaN,NaN,NaN,NaN,NaN,NaN,NaN,NaN,DB,NW,b,b,NaN,NaN,NaN,NaN,NaN,NaN,
2022080900,c0w.2022,9X-C0W,TS,NN,23.0,146.3,20,1007,290,12,295,13,NaN,NaN,NaN,NaN,NaN,NaN,NaN,NaN,NaN,NaN,DB,NW,b,b,NaN,NaN,NaN,NaN,NaN,NaN,
2022080906,c0w.2022,9X-C0W,TS,NN,23.8,144.9,15,1007,297,17,295,13,NaN,NaN,NaN,NaN,NaN,NaN,NaN,NaN,NaN,NaN,DB,NW,B,B,NaN,NaN,NaN,NaN,NaN,NaN,
2022080912,c0w.2022,9X-C0W,TS,NN,24.6,143.4,15,1008,297,17,301,15,NaN,NaN,NaN,NaN,NaN,NaN,NaN,NaN,NaN,NaN,DB,NW,B,B,NaN,NaN,NaN,NaN,NaN,NaN,
2022080918,c0w.2022,9X-C0W,TS,NN,25.4,141.5,20,1005,297,17,297,17,NaN,NaN,NaN,NaN,NaN,NaN,NaN,NaN,NaN,NaN,DB,NW,B,B,110,1009,NaN,S,20,NaN,
2022081000,c0w.2022,9X-C0W,TS,NN,26.0,140.0,20,1007,294,17,294,17,NaN,NaN,NaN,NaN,NaN,NaN,NaN,NaN,NaN,NaN,DB,NW,B,B,110,1009,NaN,S,20,NaN,
2022081006,c0w.2022,9X-C0W,TS,NN,27.0,139.6,20,1006,313,12,313,12,NaN,NaN,NaN,NaN,NaN,NaN,NaN,NaN,NaN,NaN,DB,NW,B,B,110,1009,NaN,S,20,NaN,
2022081012,c0w.2022,9X-C0W,TS,NN,27.6,138.5,20,1007,320,10,320,10,NaN,NaN,NaN,NaN,NaN,NaN,NaN,NaN,NaN,NaN,DB,NW,B,B,110,1009,NaN,S,55,NaN,
2022081018,c0w.2022,9X-C0W,TS,NN,28.0,137.6,20,1006,299,10,299,10,NaN,NaN,NaN,NaN,NaN,NaN,NaN,NaN,NaN,NaN,DB,NW,B,B,110,1009,NaN,S,55,NaN,
2022081100,c0w.2022,9X-C0W,TS,NN,28.7,136.4,20,1006,301,11,301,11,NaN,NaN,NaN,NaN,NaN,NaN,NaN,NaN,NaN,NaN,DB,NW,B,B,135,1010,NaN,S,55,NaN,
2022081106,09w.2022,MEARI,TS,NN,28.8,135.8,25,1003,297,9,297,9,NaN,NaN,NaN,NaN,NaN,NaN,NaN,NaN,NaN,NaN,TD,WN,B,B,135,1008,NaN,S,55,BCH,
2022081112,09w.2022,MEARI,TS,NN,28.6,135.9,35,1000,257,2,257,2,80,,80,,,NaN,NaN,NaN,NaN,NaN,TS,WN,B,B,140,1009,NaN,M,55,BCH,
2022081118,09w.2022,MEARI,TS,NN,29.4,136.1,35,999,24,3,24,3,80,,80,,,NaN,NaN,NaN,NaN,NaN,TS,WN,B,B,140,1007,NaN,M,55,SMB,
2022081200,09w.2022,MEARI,TS,NN,30.4,136.2,35,999,8,9,8,9,115,,115,,,NaN,NaN,NaN,NaN,NaN,TS,WN,B,B,140,1007,NaN,M,55,SMB,
2022081206,09w.2022,MEARI,TS,NN,30.8,136.5,35,994,14,7,14,7,115,,115,,,NaN,NaN,NaN,NaN,NaN,TS,WN,B,B,125,1006,NaN,M,40,BCH,
2022081212,09w.2022,MEARI,TS,NN,31.9,136.7,35,997,16,8,16,8,78,70,85,,,NaN,NaN,NaN,NaN,NaN,TS,WN,B,B,120,1007,NaN,M,40,BCH,
2022081218,09w.2022,MEARI,TS,NN,33.0,136.7,35,997,4,11,4,11,58,35,75,65,,NaN,NaN,NaN,NaN,NaN,TS,WN,B,B,110,1007,NaN,S,65,RCB,
2022081300,09w.2022,MEARI,TS,NN,33.8,137.3,35,998,15,10,15,10,52,50,75,30,,NaN,NaN,NaN,NaN,NaN,TS,WN,B,B,110,1007,NaN,S,50,RCB,
2022081306,09w.2022,MEARI,TS,NN,34.7,138.3,30,996,38,11,38,11,NaN,NaN,NaN,NaN,NaN,NaN,NaN,NaN,NaN,NaN,TD,WN,B,B,110,1007,0.20,S,50,SJB,
2022081312,09w.2022,MEARI,TS,NN,35.7,140.1,30,997,50,15,50,15,NaN,NaN,NaN,NaN,NaN,NaN,NaN,NaN,NaN,NaN,TD,WN,B,B,110,1007,0.67,S,50,SJB,
2022081318,09w.2022,MEARI,TS,NN,37.1,142.2,35,993,53,20,53,20,82,45,115,85,,NaN,NaN,NaN,NaN,NaN,TS,WN,B,B,100,1006,NaN,S,85,RCB,
2022081400,09w.2022,MEARI,TS,NN,38.9,144.6,35,996,48,24,48,24,87,75,110,75,,NaN,NaN,NaN,NaN,NaN,EX,NW,B,B,95,1006,NaN,S,85,NaN,
2022081406,09w.2022,MEARI,TS,NN,40.9,147.0,35,994,44,27,44,27,100,105,105,90,,NaN,NaN,NaN,NaN,NaN,TS,NW,B,B,95,1006,NaN,M,85,NaN,
2022081412,09w.2022,MEARI,TS,NN,43.6,149.2,40,990,36,29,36,29,100,80,140,80,,NaN,NaN,NaN,NaN,NaN,EX,NW,B,B,95,1006,NaN,M,85,NaN,
2022081612,d3w.2022,9X-D3W,TS,NN,9.0,147.1,15,1008,277,20,299,24,NaN,NaN,NaN,NaN,NaN,NaN,NaN,NaN,NaN,NaN,WV,NW,c,c,NaN,NaN,NaN,NaN,NaN,NaN,
2022081618,d3w.2022,9X-D3W,TS,NN,10.0,144.9,15,1008,287,22,299,24,NaN,NaN,NaN,NaN,NaN,NaN,NaN,NaN,NaN,NaN,WV,NW,c,c,NaN,NaN,NaN,NaN,NaN,NaN,
2022081700,d3w.2022,9X-D3W,TS,NN,11.3,142.9,15,1008,299,24,299,24,NaN,NaN,NaN,NaN,NaN,NaN,NaN,NaN,NaN,NaN,WV,NW,c,c,NaN,NaN,NaN,NaN,NaN,NaN,
2022081706,d3w.2022,9X-D3W,TS,NN,11.4,141.4,15,1008,292,19,292,19,NaN,NaN,NaN,NaN,NaN,NaN,NaN,NaN,NaN,NaN,WV,NW,c,c,NaN,NaN,NaN,NaN,NaN,NaN,
2022081712,d3w.2022,9X-D3W,TS,NN,12.5,139.9,15,1008,298,18,292,16,NaN,NaN,NaN,NaN,NaN,NaN,NaN,NaN,NaN,NaN,WV,NW,c,c,NaN,NaN,NaN,NaN,NaN,NaN,
2022081718,d3w.2022,9X-D3W,TS,NN,13.6,137.4,15,1010,293,13,299,22,NaN,NaN,NaN,NaN,NaN,NaN,NaN,NaN,NaN,NaN,WV,NW,B,B,NaN,NaN,NaN,NaN,NaN,NaN,
2022081800,d3w.2022,9X-D3W,TS,NN,14.1,136.2,15,1009,293,13,294,20,NaN,NaN,NaN,NaN,NaN,NaN,NaN,NaN,NaN,NaN,WV,NW,B,B,NaN,NaN,NaN,NaN,NaN,NaN,
2022081806,d3w.2022,9X-D3W,TS,NN,14.6,135.0,15,1008,293,13,293,13,NaN,NaN,NaN,NaN,NaN,NaN,NaN,NaN,NaN,NaN,WV,NW,B,B,NaN,NaN,NaN,NaN,NaN,NaN,
2022081812,d3w.2022,9X-D3W,TS,NN,15.3,133.9,15,1008,298,13,298,13,NaN,NaN,NaN,NaN,NaN,NaN,NaN,NaN,NaN,NaN,WV,NW,B,B,NaN,NaN,NaN,NaN,NaN,NaN,
2022081818,d3w.2022,9X-D3W,TS,NN,16.0,133.0,15,1007,306,12,306,12,NaN,NaN,NaN,NaN,NaN,NaN,NaN,NaN,NaN,NaN,WV,NW,B,B,NaN,NaN,NaN,NaN,NaN,NaN,
2022081900,d3w.2022,9X-D3W,TS,NN,16.7,132.3,15,1007,312,10,312,10,NaN,NaN,NaN,NaN,NaN,NaN,NaN,NaN,NaN,NaN,WV,NW,B,B,NaN,NaN,NaN,NaN,NaN,NaN,
2022081906,d3w.2022,9X-D3W,TS,NN,17.3,131.8,15,1007,319,9,319,9,NaN,NaN,NaN,NaN,NaN,NaN,NaN,NaN,NaN,NaN,WV,NW,B,B,NaN,NaN,NaN,NaN,NaN,NaN,
2022081912,d3w.2022,9X-D3W,TS,NN,17.9,131.3,15,1007,321,8,321,8,NaN,NaN,NaN,NaN,NaN,NaN,NaN,NaN,NaN,NaN,DB,NW,B,B,NaN,NaN,NaN,NaN,NaN,NaN,
2022081918,d3w.2022,9X-D3W,TS,NN,18.3,130.9,15,1007,319,7,319,7,NaN,NaN,NaN,NaN,NaN,NaN,NaN,NaN,NaN,NaN,DB,NW,B,B,175,1009,NaN,NaN,75,NaN,
2022082000,d3w.2022,9X-D3W,TS,NN,17.9,130.9,15,1007,270,2,270,2,NaN,NaN,NaN,NaN,NaN,NaN,NaN,NaN,NaN,NaN,DB,NW,B,B,170,1009,NaN,NaN,70,NaN,
2022082006,d3w.2022,9X-D3W,TS,NN,18.2,131.1,15,1005,118,1,118,1,NaN,NaN,NaN,NaN,NaN,NaN,NaN,NaN,NaN,NaN,DB,NW,B,B,150,1007,NaN,NaN,70,NaN,
2022082012,d3w.2022,9X-D3W,TS,NN,18.5,130.0,15,1005,305,5,305,5,NaN,NaN,NaN,NaN,NaN,NaN,NaN,NaN,NaN,NaN,DB,NW,B,B,150,1008,NaN,NaN,70,NaN,
2022082018,d3w.2022,9X-D3W,TS,NN,18.3,128.9,15,1005,273,10,273,10,NaN,NaN,NaN,NaN,NaN,NaN,NaN,NaN,NaN,NaN,DB,NW,B,B,220,1007,NaN,NaN,70,NaN,
2022082100,d3w.2022,9X-D3W,TS,NN,17.5,128.0,20,1004,242,11,242,11,NaN,NaN,NaN,NaN,NaN,NaN,NaN,NaN,NaN,NaN,DB,NW,B,B,220,1008,NaN,S,70,NaN,
2022082106,d3w.2022,9X-D3W,TS,NN,17.2,127.3,20,1003,234,9,234,9,NaN,NaN,NaN,NaN,NaN,NaN,NaN,NaN,NaN,NaN,DB,NW,B,B,200,1005,NaN,S,70,NaN,
2022082112,10w.2022,MA-ON,TS,NN,16.6,126.5,25,1003,238,8,238,8,NaN,NaN,NaN,NaN,NaN,NaN,NaN,NaN,NaN,NaN,TD,WN,B,B,220,1007,NaN,S,70,BCH,
2022082118,10w.2022,MA-ON,TS,NN,16.3,125.5,30,1000,242,10,242,10,NaN,NaN,NaN,NaN,NaN,NaN,NaN,NaN,NaN,NaN,TD,WN,B,B,220,1005,NaN,S,30,RCB,
2022082200,10w.2022,MA-ON,TS,NN,16.2,124.6,35,999,258,9,258,9,73,75,70,75,,NaN,NaN,NaN,NaN,NaN,TS,WN,B,B,230,1005,NaN,S,30,RCB,
2022082206,10w.2022,MA-ON,TS,NN,16.2,123.7,40,998,267,9,267,9,70,70,70,70,,NaN,NaN,NaN,NaN,NaN,TS,WN,B,B,260,1005,NaN,M,30,BCH,
2022082212,10w.2022,MA-ON,TS,NN,16.2,123.2,45,996,270,7,270,7,70,75,70,65,70,NaN,NaN,NaN,NaN,NaN,TS,WN,B,B,245,1006,NaN,M,30,BCH,
2022082218,10w.2022,MA-ON,TS,NN,16.5,123.2,55,991,302,3,302,3,70,65,70,70,75,15,10,,70,20,TS,WN,B,B,255,1006,NaN,M,20,RCB,
2022082300,10w.2022,MA-ON,TS,NN,17.2,122.7,60,986,334,6,334,6,65,85,85,50,40,34,45,40,50,25,TS,WN,B,B,210,1006,0.38,M,20,RCB,
2022082306,10w.2022,MA-ON,TS,NN,17.9,121.7,55,989,314,10,314,10,88,105,85,80,80,40,50,40,80,35,TS,WN,B,B,210,1004,0.87,D,20,SJB,
2022082312,10w.2022,MA-ON,TS,NN,18.6,120.4,50,992,303,13,303,13,92,100,100,95,75,45,50,50,95,35,TS,WN,B,B,210,1004,0.27,D,20,SJB,
2022082318,10w.2022,MA-ON,TS,NN,19.1,118.8,50,991,300,14,294,15,134,180,165,105,85,52,60,60,105,40,TS,WN,C,C,195,1004,NaN,D,20,JZC,
2022082400,10w.2022,MA-ON,TS,NN,19.3,117.4,50,992,290,14,284,15,101,125,95,95,90,50,70,45,95,40,TS,WN,C,C,195,1004,NaN,D,20,NaN,
2022082406,10w.2022,MA-ON,TS,NN,19.7,116.8,55,989,290,12,288,10,95,115,85,75,105,45,60,40,75,50,TS,WN,C,C,195,1004,NaN,D,25,SJB,
2022082412,10w.2022,MA-ON,TS,NN,20.3,115.3,55,987,290,12,297,11,105,125,105,95,95,51,65,50,95,45,TS,WN,C,C,195,1003,NaN,D,30,SJB,
2022082418,10w.2022,MA-ON,TS,NN,20.4,113.6,55,986,285,14,283,15,91,85,100,90,90,40,50,35,90,45,TS,WN,C,C,140,1001,NaN,D,30,AAH,
2022082500,10w.2022,MA-ON,TS,NN,21.1,111.7,55,985,290,16,283,17,115,150,150,90,70,36,50,30,90,40,TS,WN,C,C,100,1001,NaN,M,30,AAH,
2022082506,10w.2022,MA-ON,TS,NN,21.8,110.1,45,991,290,17,293,18,100,115,105,90,90,NaN,NaN,NaN,NaN,NaN,TS,WN,C,C,140,1001,0.96,D,30,BCH,
2022082512,10w.2022,MA-ON,TS,NN,21.8,108.2,40,993,285,16,282,17,90,,95,85,,NaN,NaN,NaN,NaN,NaN,TS,NW,C,C,125,1002,0.95,M,30,NaN,
2022082518,10w.2022,MA-ON,TS,NN,21.9,106.7,35,NaN,272,16,272,16,NaN,NaN,NaN,NaN,NaN,NaN,NaN,NaN,NaN,NaN,TW,NW,c,c,NaN,NaN,0.99,NaN,NaN,NaN,
2022082600,10w.2022,MA-ON,TS,NN,22.0,105.3,25,NaN,274,13,274,13,NaN,NaN,NaN,NaN,NaN,NaN,NaN,NaN,NaN,NaN,TW,NW,c,c,NaN,NaN,0.99,NaN,NaN,NaN,
2022082606,10w.2022,MA-ON,TS,NN,21.8,102.7,20,NaN,273,17,268,19,NaN,NaN,NaN,NaN,NaN,NaN,NaN,NaN,NaN,NaN,NT,NW,c,c,NaN,NaN,0.99,NaN,NaN,NaN,
2022082100,d9w.2022,9X-D9W,TY,NN,21.5,149.9,20,1007,45,8,45,8,NaN,NaN,NaN,NaN,NaN,NaN,NaN,NaN,NaN,NaN,DB,NW,B,B,NaN,1007,NaN,NaN,70,NaN,
2022082106,d9w.2022,9X-D9W,TY,NN,22.0,150.6,20,1004,45,8,45,8,NaN,NaN,NaN,NaN,NaN,NaN,NaN,NaN,NaN,NaN,DB,NW,B,B,NaN,1007,NaN,NaN,70,NaN,
2022082112,d9w.2022,9X-D9W,TY,NN,22.6,151.1,20,1003,45,8,45,8,NaN,NaN,NaN,NaN,NaN,NaN,NaN,NaN,NaN,NaN,DB,NW,B,B,NaN,1007,NaN,NaN,70,NaN,
2022082118,d9w.2022,9X-D9W,TY,NN,23.3,151.4,30,1002,30,7,30,7,NaN,NaN,NaN,NaN,NaN,NaN,NaN,NaN,NaN,NaN,DB,NW,B,B,NaN,1007,NaN,NaN,70,NaN,
2022082200,d9w.2022,9X-D9W,TY,NN,24.0,151.4,35,998,11,7,11,7,40,40,40,,,NaN,NaN,NaN,NaN,NaN,DB,NW,B,B,250,1006,NaN,NaN,25,NaN,
2022082206,11w.2022,TOKAGE,TY,NN,24.9,151.7,40,998,10,8,10,8,55,55,55,,,NaN,NaN,NaN,NaN,NaN,TS,WN,B,B,200,1006,NaN,M,30,BCH,
2022082212,11w.2022,TOKAGE,TY,NN,26.0,151.4,45,998,360,10,360,10,60,60,60,,,NaN,NaN,NaN,NaN,NaN,TS,WN,B,B,200,1009,NaN,M,30,BCH,
2022082218,11w.2022,TOKAGE,TY,NN,27.4,150.6,55,996,338,13,338,13,62,75,65,50,60,22,25,20,50,,TS,WN,B,B,210,1009,NaN,M,25,RCB,
2022082300,11w.2022,TOKAGE,TY,NN,28.6,150.5,60,987,343,14,343,14,78,110,75,60,65,34,55,30,60,25,TS,WN,B,B,210,1009,NaN,M,25,RCB,
2022082306,11w.2022,TOKAGE,TY,NN,30.2,149.8,65,982,346,14,346,14,90,115,100,70,75,41,55,50,70,30,TY,WN,B,B,180,1008,NaN,D,15,SJB,
2022082312,11w.2022,TOKAGE,TY,NN,31.6,149.0,80,971,337,16,337,16,81,105,90,65,65,35,40,40,65,30,TY,WN,B,B,180,1008,NaN,D,5,SJB,
2022082318,11w.2022,TOKAGE,TY,NN,33.0,148.5,90,963,340,16,338,15,92,105,125,75,65,44,50,65,75,25,TY,WN,C,C,180,1008,NaN,D,5,JZC,
2022082400,11w.2022,TOKAGE,TY,NN,34.1,148.6,95,956,345,13,352,13,106,125,120,90,90,55,65,65,90,45,TY,WN,C,C,140,1007,NaN,D,5,JZC,
2022082406,11w.2022,TOKAGE,TY,NN,35.2,149.0,90,959,0,12,11,11,115,130,130,105,95,60,70,70,105,45,TY,WN,C,C,140,1007,NaN,D,12,SJB,
2022082412,11w.2022,TOKAGE,TY,NN,36.2,149.6,80,965,15,11,21,11,116,125,130,110,100,60,65,70,110,50,TY,WN,C,C,140,1007,NaN,D,12,SJB,
2022082418,11w.2022,TOKAGE,TY,NN,37.1,150.4,75,968,25,11,31,11,101,85,115,105,100,46,45,60,105,35,TY,WN,C,C,120,1006,NaN,D,12,AAH,
2022082500,11w.2022,TOKAGE,TY,NN,38.7,151.5,70,973,30,13,31,15,100,110,120,95,75,49,55,60,95,35,TY,WN,C,C,140,1007,NaN,D,12,AAH,
2022082506,11w.2022,TOKAGE,TY,NN,40.4,152.8,55,982,30,16,30,19,101,110,120,100,75,55,55,60,100,,TS,WN,C,C,140,1007,NaN,D,45,BCH,
2022082512,11w.2022,TOKAGE,TY,NN,42.4,155.0,45,988,35,21,36,23,132,105,160,,,NaN,NaN,NaN,NaN,NaN,TS,WN,C,C,155,1009,NaN,D,45,BCH,
2022082518,11w.2022,TOKAGE,TY,NN,44.6,157.7,40,NaN,41,28,41,28,NaN,NaN,NaN,NaN,NaN,NaN,NaN,NaN,NaN,NaN,TW,NW,c,c,NaN,NaN,NaN,NaN,NaN,NaN,
2022082600,11w.2022,TOKAGE,TY,NN,46.6,161.1,40,NaN,46,30,46,30,NaN,NaN,NaN,NaN,NaN,NaN,NaN,NaN,NaN,NaN,TW,NW,c,c,NaN,NaN,NaN,NaN,NaN,NaN,
2022082606,11w.2022,TOKAGE,TY,NN,48.8,165.7,35,NaN,53,35,53,35,NaN,NaN,NaN,NaN,NaN,NaN,NaN,NaN,NaN,NaN,TW,NW,c,c,NaN,NaN,NaN,NaN,NaN,NaN,
2022082518,d0w.2022,9X-D0W,STY,NN,21.0,155.0,15,NaN,290,3,291,7,NaN,NaN,NaN,NaN,NaN,NaN,NaN,NaN,NaN,NaN,NT,NW,c,c,NaN,NaN,NaN,NaN,NaN,NaN,
2022082600,d0w.2022,9X-D0W,STY,NN,21.1,154.6,15,NaN,287,3,291,7,NaN,NaN,NaN,NaN,NaN,NaN,NaN,NaN,NaN,NaN,NT,NW,c,c,NaN,NaN,NaN,NaN,NaN,NaN,
2022082606,d0w.2022,9X-D0W,STY,NN,21.5,153.6,15,NaN,33,15,291,7,NaN,NaN,NaN,NaN,NaN,NaN,NaN,NaN,NaN,NaN,NT,NW,c,c,NaN,NaN,NaN,NaN,NaN,NaN,
2022082612,d0w.2022,9X-D0W,STY,NN,23.0,151.2,20,NaN,5,10,301,18,NaN,NaN,NaN,NaN,NaN,NaN,NaN,NaN,NaN,NaN,NT,NW,c,c,NaN,NaN,NaN,NaN,NaN,NaN,
2022082618,d0w.2022,9X-D0W,STY,NN,24.1,151.3,20,NaN,5,11,321,17,NaN,NaN,NaN,NaN,NaN,NaN,NaN,NaN,NaN,NaN,NT,NW,c,c,NaN,NaN,NaN,NaN,NaN,NaN,
2022082700,d0w.2022,9X-D0W,STY,NN,22.5,151.5,25,1004,322,4,151,3,NaN,NaN,NaN,NaN,NaN,NaN,NaN,NaN,NaN,NaN,DB,NW,B,B,NaN,NaN,NaN,NaN,75,NaN,
2022082706,d0w.2022,9X-D0W,STY,NN,22.9,151.2,25,1006,322,4,184,6,NaN,NaN,NaN,NaN,NaN,NaN,NaN,NaN,NaN,NaN,DB,NW,B,B,NaN,NaN,NaN,NaN,NaN,NaN,
2022082712,d0w.2022,9X-D0W,STY,NN,23.1,151.0,25,1006,322,4,322,4,NaN,NaN,NaN,NaN,NaN,NaN,NaN,NaN,NaN,NaN,DB,NW,B,B,NaN,NaN,NaN,NaN,NaN,NaN,
2022082718,d0w.2022,9X-D0W,STY,NN,24.1,150.6,30,1000,335,7,335,7,NaN,NaN,NaN,NaN,NaN,NaN,NaN,NaN,NaN,NaN,DB,NW,B,B,NaN,NaN,NaN,NaN,NaN,NaN,
2022082800,d0w.2022,9X-D0W,STY,NN,24.9,150.1,30,1001,335,10,335,10,NaN,NaN,NaN,NaN,NaN,NaN,NaN,NaN,NaN,NaN,DB,NW,B,B,150,1008,NaN,S,15,NaN,
2022082806,12w.2022,HINNAMNOR,STY,NN,25.8,149.3,40,1000,325,10,325,10,92,120,120,65,65,NaN,NaN,NaN,NaN,NaN,TS,WN,B,B,150,1010,NaN,S,20,SJB,
2022082812,12w.2022,HINNAMNOR,STY,NN,26.7,148.3,50,997,318,12,318,12,45,60,60,30,30,NaN,NaN,NaN,NaN,NaN,TS,WN,B,B,150,1010,NaN,D,15,SJB,
2022082818,12w.2022,HINNAMNOR,STY,NN,27.1,147.0,55,993,302,12,302,12,60,60,65,45,70,22,20,25,45,,TS,WN,B,B,165,1010,NaN,M,25,RCB,
2022082900,12w.2022,HINNAMNOR,STY,NN,27.3,145.3,65,984,283,14,283,14,61,75,55,40,75,22,30,20,40,30,TY,WN,B,B,170,1008,NaN,M,20,RCB,
2022082906,12w.2022,HINNAMNOR,STY,NN,27.4,143.0,75,978,275,18,275,18,65,75,65,55,65,26,30,25,55,25,TY,WN,B,B,175,1008,NaN,D,10,SJB,
2022082912,12w.2022,HINNAMNOR,STY,NN,27.3,141.1,100,959,270,19,270,19,64,75,70,45,65,32,35,35,45,30,TY,WN,B,B,175,1008,NaN,D,7,NaN,
2022082918,12w.2022,HINNAMNOR,STY,NN,27.1,139.3,125,936,265,17,265,17,74,80,70,65,80,42,45,40,65,45,TY,WN,B,B,140,1006,NaN,D,10,BRS,
2022083000,12w.2022,HINNAMNOR,STY,NN,26.9,137.3,115,944,263,17,263,17,78,80,90,60,80,46,50,50,60,40,TY,WN,B,B,140,1006,NaN,D,5,BRS,
2022083006,12w.2022,HINNAMNOR,STY,NN,26.8,135.4,130,928,265,17,265,17,84,95,70,75,95,42,50,35,75,50,ST,WN,B,B,145,1003,NaN,D,10,SMB,
2022083012,12w.2022,HINNAMNOR,STY,NN,26.6,133.6,140,917,265,17,265,17,111,135,90,90,130,61,70,50,90,70,ST,WN,B,B,145,1003,NaN,D,10,SMB,
2022083018,12w.2022,HINNAMNOR,STY,NN,26.3,131.9,140,920,261,16,261,16,56,70,45,40,70,29,30,25,40,35,ST,WN,B,B,145,1003,NaN,D,5,BCH,
2022083100,12w.2022,HINNAMNOR,STY,NN,25.9,130.3,135,924,257,15,257,15,59,65,50,55,65,42,40,45,55,45,ST,WN,B,B,155,1002,NaN,D,5,BCH,
2022083106,12w.2022,HINNAMNOR,STY,NN,25.4,129.0,130,926,251,14,251,14,86,90,80,80,95,44,45,40,80,50,ST,WN,B,B,155,1002,NaN,D,5,SMB,
2022083112,12w.2022,HINNAMNOR,STY,NN,24.8,127.7,125,930,245,13,245,13,61,45,70,80,50,46,40,50,80,45,TY,WN,B,B,155,999,NaN,D,5,SMB,
2022083118,12w.2022,HINNAMNOR,STY,NN,23.8,126.4,125,931,236,14,236,14,66,50,75,80,60,49,45,50,80,55,TY,WN,B,B,160,999,NaN,D,5,RCB,
2022090100,12w.2022,HINNAMNOR,STY,NN,22.5,125.7,140,915,219,15,219,15,94,75,75,115,110,44,30,45,115,50,ST,WN,B,B,165,999,NaN,D,5,RCB,
2022090106,12w.2022,HINNAMNOR,STY,NN,21.8,125.5,130,926,203,11,203,11,110,70,100,115,155,44,30,45,115,50,ST,NW,B,B,200,999,NaN,D,5,NaN,
2022090112,12w.2022,HINNAMNOR,STY,NN,21.3,125.6,120,935,184,6,184,6,120,80,120,120,160,44,30,45,120,50,TY,NW,B,B,200,999,NaN,D,5,NaN,
2022090118,12w.2022,HINNAMNOR,STY,NN,21.4,125.5,105,947,180,2,180,2,174,100,170,145,280,62,30,85,145,50,TY,NW,B,B,350,1005,NaN,D,5,NaN,
2022090200,12w.2022,HINNAMNOR,STY,NN,21.6,125.3,90,956,317,2,317,2,174,185,200,190,120,40,30,50,190,30,TY,NW,B,B,350,1004,NaN,D,5,NaN,
2022090206,12w.2022,HINNAMNOR,STY,NN,21.9,125.1,80,964,323,3,323,3,128,100,160,160,90,62,55,95,160,50,TY,NW,B,B,350,1001,NaN,D,15,NaN,
2022090212,12w.2022,HINNAMNOR,STY,NN,22.1,124.8,75,966,317,3,317,3,159,145,210,155,125,79,70,140,155,55,TY,NW,B,B,350,1001,NaN,D,15,NaN,
2022090218,12w.2022,HINNAMNOR,STY,NN,22.4,124.7,75,967,323,3,323,3,154,135,210,155,115,79,75,135,155,55,TY,NW,B,B,330,1002,NaN,D,25,NaN,
2022090300,12w.2022,HINNAMNOR,STY,NN,23.1,124.7,80,963,355,5,355,5,171,160,225,160,140,111,115,155,160,95,TY,NW,B,B,360,1002,NaN,D,25,NaN,
2022090306,12w.2022,HINNAMNOR,STY,NN,23.7,124.8,85,959,4,7,4,7,160,160,195,140,145,88,85,110,140,80,TY,NW,B,B,360,1002,NaN,D,25,NaN,
2022090312,12w.2022,HINNAMNOR,STY,NN,24.4,124.8,85,952,4,7,4,7,214,230,250,210,165,121,130,145,210,90,TY,NW,B,B,345,1003,0.03,D,25,NaN,
2022090318,12w.2022,HINNAMNOR,STY,NN,25.1,124.6,90,952,353,7,353,7,191,225,235,150,155,111,130,105,150,90,TY,NW,B,B,360,1002,NaN,D,25,NaN,
2022090400,12w.2022,HINNAMNOR,STY,NN,26.1,124.5,105,941,351,9,351,9,201,225,235,160,185,119,130,120,160,110,TY,NW,B,B,400,1004,NaN,D,5,NaN,
2022090406,12w.2022,HINNAMNOR,STY,NN,26.9,124.6,110,939,360,9,360,9,156,160,165,150,150,85,90,90,150,80,TY,NW,B,B,400,1004,NaN,D,5,NaN,
2022090412,12w.2022,HINNAMNOR,STY,NN,27.7,124.6,110,938,3,8,3,8,195,230,215,165,170,124,150,160,165,95,TY,NW,B,B,390,1004,NaN,D,5,NaN,
2022090418,12w.2022,HINNAMNOR,STY,NN,28.6,124.7,110,937,3,9,3,9,180,225,215,150,130,122,145,160,150,95,TY,NW,B,B,380,1004,NaN,D,5,NaN,
2022090500,12w.2022,HINNAMNOR,STY,NN,29.8,124.9,110,937,7,11,7,11,196,215,245,180,145,104,110,120,180,80,TY,NW,B,B,380,1004,NaN,D,5,NaN,
2022090506,12w.2022,HINNAMNOR,STY,NN,31.0,125.7,105,941,20,13,20,13,198,235,215,175,165,112,135,125,175,90,TY,NW,B,B,380,1004,NaN,D,5,NaN,
2022090512,12w.2022,HINNAMNOR,STY,NN,32.4,126.6,100,943,29,15,29,15,232,240,255,185,250,135,140,150,185,145,TY,NW,B,B,380,1004,NaN,D,10,NaN,
2022090518,12w.2022,HINNAMNOR,STY,NN,34.3,128.0,85,955,30,19,30,19,228,245,210,210,245,102,95,105,210,115,TY,NW,B,B,380,1004,0.15,D,10,NaN,
2022090600,12w.2022,HINNAMNOR,STY,NN,36.5,130.6,75,967,39,26,39,26,148,165,170,165,90,80,90,95,165,45,TY,NW,B,B,380,1004,NaN,D,20,NaN,
2022090606,12w.2022,HINNAMNOR,STY,NN,39.8,133.8,70,970,40,36,40,36,155,205,160,145,110,84,115,85,145,55,TY,NW,B,B,380,1004,NaN,D,40,NaN,
2022090612,12w.2022,HINNAMNOR,STY,NN,44.3,138.0,45,985,36,48,36,48,151,145,200,160,100,NaN,NaN,NaN,NaN,NaN,EX,NW,B,B,380,1004,NaN,NaN,80,NaN,
2022090618,12w.2022,HINNAMNOR,STY,NN,47.1,139.4,45,989,29,42,29,42,150,145,200,155,100,NaN,NaN,NaN,NaN,NaN,EX,NW,B,B,380,1004,0.01,NaN,80,NaN,
2022082406,d8w.2022,9X-D8W,TD,NN,19.3,142.5,15,NaN,293,3,273,11,NaN,NaN,NaN,NaN,NaN,NaN,NaN,NaN,NaN,NaN,NT,NW,c,c,NaN,NaN,NaN,NaN,NaN,NaN,
2022082412,d8w.2022,9X-D8W,TD,NN,19.2,142.2,15,NaN,260,3,273,11,NaN,NaN,NaN,NaN,NaN,NaN,NaN,NaN,NaN,NaN,NT,NW,c,c,NaN,NaN,NaN,NaN,NaN,NaN,
2022082418,d8w.2022,9X-D8W,TD,NN,19.4,140.6,15,NaN,260,3,273,11,NaN,NaN,NaN,NaN,NaN,NaN,NaN,NaN,NaN,NaN,NT,NW,c,c,NaN,NaN,NaN,NaN,NaN,NaN,
2022082500,d8w.2022,9X-D8W,TD,NN,19.5,138.9,15,NaN,284,12,273,11,NaN,NaN,NaN,NaN,NaN,NaN,NaN,NaN,NaN,NaN,NT,NW,c,c,NaN,NaN,NaN,NaN,NaN,NaN,
2022082506,d8w.2022,9X-D8W,TD,NN,19.7,138.6,15,NaN,291,10,278,11,NaN,NaN,NaN,NaN,NaN,NaN,NaN,NaN,NaN,NaN,NT,NW,c,c,NaN,NaN,NaN,NaN,NaN,NaN,
2022082512,d8w.2022,9X-D8W,TD,NN,19.3,138.3,15,NaN,276,5,251,3,NaN,NaN,NaN,NaN,NaN,NaN,NaN,NaN,NaN,NaN,NT,NW,c,c,NaN,NaN,NaN,NaN,NaN,NaN,
2022082518,d8w.2022,9X-D8W,TD,NN,19.5,137.1,15,NaN,278,8,262,7,NaN,NaN,NaN,NaN,NaN,NaN,NaN,NaN,NaN,NaN,NT,NW,c,c,NaN,NaN,NaN,NaN,NaN,NaN,
2022082600,d8w.2022,9X-D8W,TD,NN,19.9,137.0,15,NaN,291,6,296,7,NaN,NaN,NaN,NaN,NaN,NaN,NaN,NaN,NaN,NaN,NT,NW,c,c,NaN,NaN,NaN,NaN,NaN,NaN,
2022082606,d8w.2022,9X-D8W,TD,NN,20.2,138.0,15,NaN,360,3,50,5,NaN,NaN,NaN,NaN,NaN,NaN,NaN,NaN,NaN,NaN,NT,NW,c,c,NaN,NaN,NaN,NaN,NaN,NaN,
2022082612,d8w.2022,9X-D8W,TD,NN,20.4,138.2,15,NaN,32,4,66,6,NaN,NaN,NaN,NaN,NaN,NaN,NaN,NaN,NaN,NaN,NT,NW,c,c,NaN,NaN,NaN,NaN,NaN,NaN,
2022082618,d8w.2022,9X-D8W,TD,NN,20.6,138.3,15,NaN,35,2,35,2,NaN,NaN,NaN,NaN,NaN,NaN,NaN,NaN,NaN,NaN,NT,NW,c,c,NaN,NaN,NaN,NaN,NaN,NaN,
2022082700,d8w.2022,9X-D8W,TD,NN,20.8,138.3,15,NaN,13,2,13,2,NaN,NaN,NaN,NaN,NaN,NaN,NaN,NaN,NaN,NaN,NT,NW,c,c,NaN,NaN,NaN,NaN,NaN,NaN,
2022082706,d8w.2022,9X-D8W,TD,NN,21.0,137.8,15,NaN,317,3,311,3,NaN,NaN,NaN,NaN,NaN,NaN,NaN,NaN,NaN,NaN,NT,NW,c,c,NaN,NaN,NaN,NaN,NaN,NaN,
2022082712,d8w.2022,9X-D8W,TD,NN,21.2,137.6,15,NaN,317,3,301,4,NaN,NaN,NaN,NaN,NaN,NaN,NaN,NaN,NaN,NaN,NT,NW,c,c,NaN,NaN,NaN,NaN,NaN,NaN,
2022082718,d8w.2022,9X-D8W,TD,NN,21.4,137.5,15,NaN,325,2,325,2,NaN,NaN,NaN,NaN,NaN,NaN,NaN,NaN,NaN,NaN,NT,NW,c,c,NaN,NaN,NaN,NaN,NaN,NaN,
2022082800,d8w.2022,9X-D8W,TD,NN,21.6,137.3,15,NaN,325,2,325,2,NaN,NaN,NaN,NaN,NaN,NaN,NaN,NaN,NaN,NaN,NT,NW,c,c,NaN,NaN,NaN,NaN,NaN,NaN,
2022082806,d8w.2022,9X-D8W,TD,NN,22.5,135.3,15,NaN,292,4,298,12,NaN,NaN,NaN,NaN,NaN,NaN,NaN,NaN,NaN,NaN,NT,NW,c,c,NaN,NaN,NaN,NaN,NaN,NaN,
2022082812,d8w.2022,9X-D8W,TD,NN,22.6,135.0,15,NaN,287,3,295,12,NaN,NaN,NaN,NaN,NaN,NaN,NaN,NaN,NaN,NaN,NT,NW,c,c,NaN,NaN,NaN,NaN,NaN,NaN,
2022082818,d8w.2022,9X-D8W,TD,NN,21.7,134.6,15,1010,287,3,253,10,NaN,NaN,NaN,NaN,NaN,NaN,NaN,NaN,NaN,NaN,NT,NW,c,c,NaN,NaN,NaN,NaN,NaN,NaN,
2022082900,d8w.2022,9X-D8W,TD,NN,20.8,134.2,15,1010,43,4,211,7,NaN,NaN,NaN,NaN,NaN,NaN,NaN,NaN,NaN,NaN,DB,NW,B,B,NaN,NaN,NaN,NaN,NaN,NaN,
2022082906,d8w.2022,9X-D8W,TD,NN,21.1,134.6,15,1008,43,4,194,5,NaN,NaN,NaN,NaN,NaN,NaN,NaN,NaN,NaN,NaN,DB,NW,B,B,NaN,NaN,NaN,NaN,NaN,NaN,
2022082912,d8w.2022,9X-D8W,TD,NN,21.4,134.8,15,1008,43,4,43,4,NaN,NaN,NaN,NaN,NaN,NaN,NaN,NaN,NaN,NaN,DB,NW,B,B,NaN,NaN,NaN,NaN,NaN,NaN,
2022082918,d8w.2022,9X-D8W,TD,NN,21.3,134.3,20,1006,306,2,306,2,NaN,NaN,NaN,NaN,NaN,NaN,NaN,NaN,NaN,NaN,DB,NW,B,B,NaN,NaN,NaN,NaN,NaN,NaN,
2022083000,d8w.2022,9X-D8W,TD,NN,20.0,134.1,20,1005,205,8,205,8,NaN,NaN,NaN,NaN,NaN,NaN,NaN,NaN,NaN,NaN,DB,NW,B,B,85,1007,NaN,S,30,NaN,
2022083006,d8w.2022,9X-D8W,TD,NN,19.6,133.4,20,1002,206,9,206,9,NaN,NaN,NaN,NaN,NaN,NaN,NaN,NaN,NaN,NaN,DB,NW,B,B,85,1004,NaN,S,30,NaN,
2022083012,d8w.2022,9X-D8W,TD,NN,19.7,133.0,20,1003,254,5,254,5,NaN,NaN,NaN,NaN,NaN,NaN,NaN,NaN,NaN,NaN,DB,NW,B,B,85,1005,NaN,S,35,NaN,
2022083018,13w.2022,THIRTEEN,TD,NN,19.9,132.5,30,999,290,4,290,4,NaN,NaN,NaN,NaN,NaN,NaN,NaN,NaN,NaN,NaN,TD,WN,B,B,95,1002,NaN,S,40,BCH,
2022083100,13w.2022,THIRTEEN,TD,NN,20.4,132.4,30,998,321,4,321,4,NaN,NaN,NaN,NaN,NaN,NaN,NaN,NaN,NaN,NaN,TD,WN,B,B,75,1003,NaN,S,40,BCH,
2022083106,13w.2022,THIRTEEN,TD,NN,20.9,132.3,30,998,349,5,349,5,NaN,NaN,NaN,NaN,NaN,NaN,NaN,NaN,NaN,NaN,TD,WN,B,B,75,1000,NaN,S,40,NaN,
2022083112,13w.2022,THIRTEEN,TD,NN,22.1,132.0,30,995,348,9,348,9,NaN,NaN,NaN,NaN,NaN,NaN,NaN,NaN,NaN,NaN,TD,WN,B,B,75,1000,NaN,S,40,SMB,
2022083118,13w.2022,THIRTEEN,TD,NN,23.0,130.3,25,998,319,14,319,14,NaN,NaN,NaN,NaN,NaN,NaN,NaN,NaN,NaN,NaN,TD,WN,B,B,80,1000,NaN,S,35,RCB,
2022090100,13w.2022,THIRTEEN,TD,NN,24.2,129.4,25,1000,311,16,311,16,NaN,NaN,NaN,NaN,NaN,NaN,NaN,NaN,NaN,NaN,TD,WN,B,B,105,1001,NaN,S,50,RCB,
2022090400,z0w.2022,9X-Z0W,TY,NN,26.0,145.8,15,NaN,310,8,241,7,NaN,NaN,NaN,NaN,NaN,NaN,NaN,NaN,NaN,NaN,NT,NW,c,c,NaN,NaN,NaN,NaN,NaN,NaN,
2022090406,z0w.2022,9X-Z0W,TY,NN,25.9,145.4,15,NaN,290,6,241,7,NaN,NaN,NaN,NaN,NaN,NaN,NaN,NaN,NaN,NaN,NT,NW,c,c,NaN,NaN,NaN,NaN,NaN,NaN,
2022090412,z0w.2022,9X-Z0W,TY,NN,25.3,144.4,15,1008,251,11,241,7,NaN,NaN,NaN,NaN,NaN,NaN,NaN,NaN,NaN,NaN,DB,NW,B,B,150,1010,NaN,NaN,NaN,NaN,
2022090418,z0w.2022,9X-Z0W,TY,NN,24.9,143.5,15,1007,251,11,240,10,NaN,NaN,NaN,NaN,NaN,NaN,NaN,NaN,NaN,NaN,DB,NW,B,B,150,1009,NaN,NaN,NaN,NaN,
2022090500,z0w.2022,9X-Z0W,TY,NN,24.6,142.1,15,1007,251,11,251,11,NaN,NaN,NaN,NaN,NaN,NaN,NaN,NaN,NaN,NaN,DB,NW,B,B,160,1009,NaN,NaN,35,NaN,
2022090506,z0w.2022,9X-Z0W,TY,NN,24.4,140.7,15,1006,259,13,259,13,NaN,NaN,NaN,NaN,NaN,NaN,NaN,NaN,NaN,NaN,DB,NW,B,B,160,1008,NaN,NaN,35,NaN,
2022090512,z0w.2022,9X-Z0W,TY,NN,24.0,139.4,20,1011,256,13,256,13,NaN,NaN,NaN,NaN,NaN,NaN,NaN,NaN,NaN,NaN,DB,NW,B,B,160,1011,NaN,S,60,NaN,
2022090518,z0w.2022,9X-Z0W,TY,NN,23.3,138.3,20,1008,243,12,243,12,NaN,NaN,NaN,NaN,NaN,NaN,NaN,NaN,NaN,NaN,DB,NW,B,B,140,1008,NaN,S,35,NaN,
2022090600,z0w.2022,9X-Z0W,TY,NN,22.5,137.4,20,1005,231,12,231,12,NaN,NaN,NaN,NaN,NaN,NaN,NaN,NaN,NaN,NaN,DB,NW,B,B,140,1008,NaN,S,35,NaN,
2022090606,z0w.2022,9X-Z0W,TY,NN,21.5,137.0,25,1007,214,11,214,11,NaN,NaN,NaN,NaN,NaN,NaN,NaN,NaN,NaN,NaN,TD,NW,B,B,135,1008,NaN,S,35,NaN,
2022090612,14w.2022,MUIFA,TY,NN,19.8,136.6,30,1002,195,14,195,14,NaN,NaN,NaN,NaN,NaN,NaN,NaN,NaN,NaN,NaN,TD,WN,B,B,65,1007,NaN,S,20,RCB,
2022090618,14w.2022,MUIFA,TY,NN,18.5,136.5,30,1003,189,15,189,15,NaN,NaN,NaN,NaN,NaN,NaN,NaN,NaN,NaN,NaN,TD,WN,B,B,160,1007,NaN,S,30,SJB,
2022090700,14w.2022,MUIFA,TY,NN,17.5,135.7,35,1002,200,12,200,12,59,30,30,80,95,NaN,NaN,NaN,NaN,NaN,TS,WN,B,B,142,1007,NaN,M,35,SJB,
2022090706,14w.2022,MUIFA,TY,NN,17.3,135.1,45,998,228,9,228,9,65,35,40,85,100,NaN,NaN,NaN,NaN,NaN,TS,WN,B,B,135,1007,NaN,M,30,RCB,
2022090712,14w.2022,MUIFA,TY,NN,17.1,134.4,35,1004,252,7,252,7,78,40,50,100,120,NaN,NaN,NaN,NaN,NaN,TS,WN,B,B,150,1009,NaN,M,30,RCB,
2022090718,14w.2022,MUIFA,TY,NN,17.1,133.7,40,999,261,7,261,7,78,40,50,100,120,NaN,NaN,NaN,NaN,NaN,TS,WN,B,B,150,1007,NaN,M,30,CRM,
2022090800,14w.2022,MUIFA,TY,NN,17.1,133.0,40,1002,270,7,270,7,66,40,60,85,80,NaN,NaN,NaN,NaN,NaN,TS,WN,B,B,175,1009,NaN,M,30,BCH,
2022090806,14w.2022,MUIFA,TY,NN,17.2,131.9,40,1002,273,9,273,9,58,65,55,50,60,NaN,NaN,NaN,NaN,NaN,TS,WN,B,B,175,1009,NaN,M,30,SMB,
2022090812,14w.2022,MUIFA,TY,NN,17.3,130.9,45,1000,276,10,276,10,34,35,25,35,40,NaN,NaN,NaN,NaN,NaN,TS,WN,B,B,175,1009,NaN,M,35,SMB,
2022090818,14w.2022,MUIFA,TY,NN,17.6,130.1,45,1000,283,9,283,9,34,35,25,35,40,NaN,NaN,NaN,NaN,NaN,TS,WN,B,B,200,1008,NaN,M,35,CRM,
2022090900,14w.2022,MUIFA,TY,NN,18.4,129.3,55,996,306,9,306,9,50,60,40,35,65,45,,,35,45,TS,WN,B,B,300,1010,NaN,M,20,BCH,
2022090906,14w.2022,MUIFA,TY,NN,18.9,128.7,55,996,314,9,314,9,69,85,75,50,65,29,40,35,50,25,TS,WN,B,B,300,1010,NaN,M,20,SMB,
2022090912,14w.2022,MUIFA,TY,NN,19.5,127.9,60,993,310,9,310,9,62,70,70,55,55,25,25,25,55,25,TS,WN,B,B,300,1010,NaN,D,20,SMB,
2022090918,14w.2022,MUIFA,TY,NN,20.1,126.8,65,991,304,11,304,11,62,70,70,55,55,25,25,25,55,25,TY,WN,B,B,300,1009,NaN,D,20,CRM,
2022091000,14w.2022,MUIFA,TY,NN,20.5,126.4,70,982,305,9,305,9,71,60,75,60,90,34,40,35,60,35,TY,WN,B,B,205,1006,NaN,D,20,WAD,
2022091006,14w.2022,MUIFA,TY,NN,21.2,125.9,80,978,323,7,323,7,78,70,80,70,90,44,40,45,70,50,TY,WN,B,B,280,1009,NaN,D,15,RCB,
2022091012,14w.2022,MUIFA,TY,NN,21.7,125.5,90,968,325,7,325,7,86,75,80,90,100,55,45,55,90,65,TY,WN,B,B,270,1009,NaN,D,15,RCB,
2022091018,14w.2022,MUIFA,TY,NN,22.2,125.0,100,958,320,7,320,7,92,80,85,110,95,51,60,50,110,50,TY,WN,B,B,250,1007,NaN,D,5,SJB,
2022091100,14w.2022,MUIFA,TY,NN,22.6,124.5,115,944,314,6,314,6,92,80,85,110,95,51,60,50,110,50,TY,WN,B,B,250,1007,NaN,D,15,SJB,
2022091106,14w.2022,MUIFA,TY,NN,22.9,124.4,110,947,322,4,322,4,98,90,90,100,110,41,40,40,100,40,TY,WN,B,B,260,1007,NaN,D,15,RCB,
2022091112,14w.2022,MUIFA,TY,NN,23.4,124.3,105,949,347,4,347,4,98,90,90,100,110,41,40,40,100,40,TY,WN,B,B,245,1007,NaN,D,15,RCB,
2022091118,14w.2022,MUIFA,TY,NN,23.8,124.3,95,959,354,5,354,5,98,90,90,100,110,41,40,40,100,40,TY,WN,B,B,245,1007,0.02,D,15,SJB,
2022091200,14w.2022,MUIFA,TY,NN,24.2,124.2,85,966,353,4,353,4,91,85,95,95,90,51,55,75,95,35,TY,WN,B,B,245,1007,0.05,D,30,SJB,
2022091206,14w.2022,MUIFA,TY,NN,24.6,124.1,80,968,347,4,347,4,85,80,95,90,75,50,55,65,90,35,TY,WN,B,B,240,1007,0.05,D,32,RCB,
2022091212,14w.2022,MUIFA,TY,NN,25.0,124.0,85,966,347,4,347,4,85,85,95,90,70,55,70,65,90,40,TY,WN,B,B,240,1007,NaN,D,32,RCB,
2022091218,14w.2022,MUIFA,TY,NN,25.2,124.1,85,961,360,3,360,3,85,85,95,90,70,55,70,65,90,40,TY,WN,B,B,240,1003,NaN,D,32,NaN,
2022091300,14w.2022,MUIFA,TY,NN,25.7,124.2,90,956,14,4,14,4,108,110,105,105,110,55,55,55,105,55,TY,WN,B,B,220,1003,NaN,D,20,MEK,
2022091306,14w.2022,MUIFA,TY,NN,26.1,124.1,90,956,360,4,360,5,106,105,105,105,110,55,55,55,105,55,TY,WN,B,B,220,1003,NaN,D,20,SMB,
2022091312,14w.2022,MUIFA,TY,NN,26.8,123.9,85,959,346,6,346,6,129,130,130,130,125,69,70,70,130,65,TY,WN,B,B,220,1003,NaN,D,15,SMB,
2022091318,14w.2022,MUIFA,TY,NN,27.3,123.6,85,959,340,6,340,6,106,105,105,105,110,55,55,55,105,55,TY,WN,B,B,220,1003,NaN,D,15,CRM,
2022091400,14w.2022,MUIFA,TY,NN,28.0,123.3,85,962,336,7,336,7,120,125,125,115,115,62,65,65,115,60,TY,WN,B,B,200,1005,NaN,D,27,LPC,
2022091406,14w.2022,MUIFA,TY,NN,28.7,122.9,85,962,336,8,336,8,115,120,115,115,110,59,60,60,115,55,TY,WN,B,B,200,1005,NaN,D,27,SMB,
2022091412,14w.2022,MUIFA,TY,NN,29.9,122.4,80,963,337,10,337,10,134,140,140,120,135,70,75,75,120,70,TY,WN,B,B,200,1005,0.10,NaN,27,SMB,
2022091418,14w.2022,MUIFA,TY,NN,31.2,121.8,70,975,339,13,339,13,78,90,80,60,80,39,45,35,60,50,TY,WN,B,B,175,1005,0.16,D,25,OHS,
2022091500,14w.2022,MUIFA,TY,NN,32.8,121.0,60,978,338,16,338,16,84,90,90,75,80,40,45,45,75,35,TS,WN,B,B,130,1002,0.32,D,25,OHS,
2022091506,14w.2022,MUIFA,TY,NN,34.1,120.6,45,992,341,15,341,15,33,55,35,,10,NaN,NaN,NaN,NaN,NaN,TS,WN,B,B,130,1002,0.34,M,20,RCB,
2022091512,14w.2022,MUIFA,TY,NN,35.2,120.5,40,995,350,12,350,12,48,90,65,10,25,NaN,NaN,NaN,NaN,NaN,TS,WN,B,B,120,1002,NaN,S,20,RCB,
2022091518,14w.2022,MUIFA,TY,NN,36.5,120.6,35,995,360,12,360,12,80,90,90,,60,NaN,NaN,NaN,NaN,NaN,TS,WN,B,B,240,1006,0.76,S,40,LPC,
2022091600,14w.2022,MUIFA,TY,NN,38.0,121.0,30,997,8,14,8,14,NaN,NaN,NaN,NaN,NaN,NaN,NaN,NaN,NaN,NaN,TD,WN,B,B,240,1006,0.21,S,20,CRM,
2022091606,14w.2022,MUIFA,TY,NN,39.3,122.1,25,998,23,15,23,15,NaN,NaN,NaN,NaN,NaN,NaN,NaN,NaN,NaN,NaN,TD,WN,B,B,140,1003,0.74,NaN,30,RCB,
2022091612,14w.2022,MUIFA,TY,NN,40.8,123.8,20,1007,38,18,38,18,NaN,NaN,NaN,NaN,NaN,NaN,NaN,NaN,NaN,NaN,DB,NW,B,B,140,1003,0.99,NaN,30,NaN,
2022090806,e3w.2022,9X-E3W,TY,NN,24.1,163.3,15,1010,294,5,294,5,NaN,NaN,NaN,NaN,NaN,NaN,NaN,NaN,NaN,NaN,DB,NW,b,b,NaN,NaN,NaN,NaN,NaN,NaN,
2022090812,e3w.2022,9X-E3W,TY,NN,24.3,162.9,15,1010,294,5,294,5,NaN,NaN,NaN,NaN,NaN,NaN,NaN,NaN,NaN,NaN,DB,NW,b,b,NaN,NaN,NaN,NaN,NaN,NaN,
2022090818,e3w.2022,9X-E3W,TY,NN,24.5,162.3,15,1010,294,5,294,5,NaN,NaN,NaN,NaN,NaN,NaN,NaN,NaN,NaN,NaN,DB,NW,b,b,NaN,NaN,NaN,NaN,NaN,NaN,
2022090900,e3w.2022,9X-E3W,TY,NN,24.7,161.8,15,NaN,103,7,292,5,NaN,NaN,NaN,NaN,NaN,NaN,NaN,NaN,NaN,NaN,NT,NW,c,c,NaN,NaN,NaN,NaN,NaN,NaN,
2022090906,e3w.2022,9X-E3W,TY,NN,25.1,161.0,15,NaN,297,7,297,7,NaN,NaN,NaN,NaN,NaN,NaN,NaN,NaN,NaN,NaN,NT,NW,c,c,NaN,NaN,NaN,NaN,NaN,NaN,
2022090912,e3w.2022,9X-E3W,TY,NN,25.2,160.2,15,NaN,289,8,289,8,NaN,NaN,NaN,NaN,NaN,NaN,NaN,NaN,NaN,NaN,NT,NW,c,c,NaN,NaN,NaN,NaN,NaN,NaN,
2022090918,e3w.2022,9X-E3W,TY,NN,24.0,158.5,15,NaN,250,12,244,13,NaN,NaN,NaN,NaN,NaN,NaN,NaN,NaN,NaN,NaN,NT,NW,c,c,NaN,NaN,NaN,NaN,NaN,NaN,
2022091000,e3w.2022,9X-E3W,TY,NN,21.5,158.4,20,1006,215,13,204,20,NaN,NaN,NaN,NaN,NaN,NaN,NaN,NaN,NaN,NaN,DB,NW,C,C,105,1008,NaN,S,15,NaN,
2022091006,e3w.2022,9X-E3W,TY,NN,20.6,158.0,20,1001,77,4,188,17,NaN,NaN,NaN,NaN,NaN,NaN,NaN,NaN,NaN,NaN,DB,NW,B,B,105,1005,NaN,S,15,NaN,
2022091012,e3w.2022,9X-E3W,TY,NN,20.7,158.4,25,1004,77,4,180,4,NaN,NaN,NaN,NaN,NaN,NaN,NaN,NaN,NaN,NaN,TD,NW,B,B,105,1006,NaN,S,15,NaN,
2022091018,15w.2022,MERBOK,TY,NN,20.8,158.9,30,1000,77,4,77,4,NaN,NaN,NaN,NaN,NaN,NaN,NaN,NaN,NaN,NaN,TD,WN,B,B,140,1005,NaN,S,35,SJB,
2022091100,15w.2022,MERBOK,TY,NN,20.9,159.4,30,1000,78,5,78,5,NaN,NaN,NaN,NaN,NaN,NaN,NaN,NaN,NaN,NaN,TD,WN,B,B,140,1005,NaN,S,35,SJB,
2022091106,15w.2022,MERBOK,TY,NN,21.0,159.9,30,1000,78,5,78,5,NaN,NaN,NaN,NaN,NaN,NaN,NaN,NaN,NaN,NaN,TD,WN,B,B,150,1004,NaN,S,30,RCB,
2022091112,15w.2022,MERBOK,TY,NN,21.1,160.4,35,996,78,5,78,5,40,35,45,,,NaN,NaN,NaN,NaN,NaN,TS,WN,B,B,165,1005,NaN,S,45,RCB,
2022091118,15w.2022,MERBOK,TY,NN,21.2,160.9,35,999,78,5,78,5,68,100,60,45,,NaN,NaN,NaN,NaN,NaN,TS,WN,B,B,165,1004,NaN,S,45,SJB,
2022091200,15w.2022,MERBOK,TY,NN,21.4,161.4,35,1000,72,5,72,5,55,55,75,,35,NaN,NaN,NaN,NaN,NaN,TS,WN,B,B,165,1004,NaN,S,30,SJB,
2022091206,15w.2022,MERBOK,TY,NN,21.7,162.0,35,1000,64,6,64,6,62,50,90,,45,NaN,NaN,NaN,NaN,NaN,TS,WN,B,B,175,1004,NaN,M,50,RCB,
2022091212,15w.2022,MERBOK,TY,NN,22.5,162.8,45,995,50,9,50,9,98,120,150,75,45,NaN,NaN,NaN,NaN,NaN,TS,WN,B,B,185,1008,NaN,M,60,RCB,
2022091218,15w.2022,MERBOK,TY,NN,23.2,163.2,55,990,36,9,36,9,98,120,150,75,45,55,,55,75,,TS,WN,B,B,185,1008,NaN,M,35,CRM,
2022091300,15w.2022,MERBOK,TY,NN,23.9,163.3,55,987,18,7,18,7,125,155,160,95,90,52,65,60,95,40,TS,WN,B,B,185,1007,NaN,M,30,MEK,
2022091306,15w.2022,MERBOK,TY,NN,24.7,163.1,55,986,357,8,357,8,119,150,150,80,95,60,80,80,80,45,TS,WN,B,B,185,1007,NaN,M,30,SMB,
2022091312,15w.2022,MERBOK,TY,NN,25.9,162.9,60,985,350,10,350,10,106,120,125,90,90,51,60,65,90,40,TS,WN,B,B,205,1009,NaN,M,30,SMB,
2022091318,15w.2022,MERBOK,TY,NN,27.0,162.2,65,983,341,12,341,12,142,190,170,95,115,78,105,100,95,50,TY,WN,B,B,275,1008,NaN,M,30,CRM,
2022091400,15w.2022,MERBOK,TY,NN,28.3,162.2,65,979,345,12,345,12,142,190,170,95,115,78,105,100,95,50,TY,WN,B,B,275,1008,NaN,D,30,LPC,
2022091406,15w.2022,MERBOK,TY,NN,30.1,161.8,70,977,354,16,354,16,118,140,130,95,105,60,75,70,95,50,TY,WN,B,B,275,1008,NaN,D,30,SMB,
2022091412,15w.2022,MERBOK,TY,NN,31.9,161.9,65,979,356,18,356,18,125,170,175,70,85,58,90,90,70,25,TY,WN,B,B,275,1008,NaN,D,15,SMB,
2022091418,15w.2022,MERBOK,TY,NN,33.9,162.4,65,977,8,19,8,19,119,140,165,70,100,75,85,90,70,50,TY,WN,B,B,220,1005,NaN,D,15,OHS,
2022091500,15w.2022,MERBOK,TY,NN,36.7,164.5,65,968,24,26,24,26,142,175,155,115,125,91,110,90,115,75,TY,WN,B,B,275,998,NaN,D,40,BCH,
2022091506,15w.2022,MERBOK,TY,NN,41.6,167.1,60,969,26,43,26,43,176,190,240,145,130,96,105,135,145,70,TS,NW,B,B,275,998,NaN,NaN,40,NaN,
2022091512,15w.2022,MERBOK,TY,NN,45.4,168.2,55,970,18,46,18,46,208,245,275,175,135,116,140,160,175,70,TS,NW,B,B,275,998,NaN,NaN,60,NaN,
2022091518,15w.2022,MERBOK,TY,NN,48.3,170.0,55,982,17,35,17,35,208,245,275,175,135,116,140,160,175,70,TS,NW,B,B,275,998,NaN,NaN,60,NaN,
2022090518,e2w.2022,9X-E2W,STY,NN,20.7,141.8,15,NaN,313,5,90,2,NaN,NaN,NaN,NaN,NaN,NaN,NaN,NaN,NaN,NaN,NT,NW,c,c,NaN,NaN,NaN,NaN,NaN,NaN,
2022090600,e2w.2022,9X-E2W,STY,NN,21.0,141.9,15,NaN,345,4,90,2,NaN,NaN,NaN,NaN,NaN,NaN,NaN,NaN,NaN,NaN,NT,NW,c,c,NaN,NaN,NaN,NaN,NaN,NaN,
2022090606,e2w.2022,9X-E2W,STY,NN,20.7,142.3,15,NaN,51,2,90,2,NaN,NaN,NaN,NaN,NaN,NaN,NaN,NaN,NaN,NaN,NT,NW,c,c,NaN,NaN,NaN,NaN,NaN,NaN,
2022090612,e2w.2022,9X-E2W,STY,NN,21.2,142.2,15,NaN,360,4,54,2,NaN,NaN,NaN,NaN,NaN,NaN,NaN,NaN,NaN,NaN,NT,NW,c,c,NaN,NaN,NaN,NaN,NaN,NaN,
2022090618,e2w.2022,9X-E2W,STY,NN,21.8,142.3,15,NaN,338,4,360,6,NaN,NaN,NaN,NaN,NaN,NaN,NaN,NaN,NaN,NaN,NT,NW,c,c,NaN,NaN,NaN,NaN,NaN,NaN,
2022090700,e2w.2022,9X-E2W,STY,NN,21.9,142.1,15,NaN,309,2,352,4,NaN,NaN,NaN,NaN,NaN,NaN,NaN,NaN,NaN,NaN,NT,NW,c,c,NaN,NaN,NaN,NaN,NaN,NaN,
2022090706,e2w.2022,9X-E2W,STY,NN,22.2,142.0,15,NaN,325,2,325,2,NaN,NaN,NaN,NaN,NaN,NaN,NaN,NaN,NaN,NaN,NT,NW,c,c,NaN,NaN,NaN,NaN,NaN,NaN,
2022090712,e2w.2022,9X-E2W,STY,NN,22.5,141.7,15,NaN,328,4,328,4,NaN,NaN,NaN,NaN,NaN,NaN,NaN,NaN,NaN,NaN,NT,NW,c,c,NaN,NaN,NaN,NaN,NaN,NaN,
2022090718,e2w.2022,9X-E2W,STY,NN,22.8,141.5,15,NaN,322,4,322,4,NaN,NaN,NaN,NaN,NaN,NaN,NaN,NaN,NaN,NaN,NT,NW,c,c,NaN,NaN,NaN,NaN,NaN,NaN,
2022090800,e2w.2022,9X-E2W,STY,NN,24.2,142.9,15,NaN,40,8,33,10,NaN,NaN,NaN,NaN,NaN,NaN,NaN,NaN,NaN,NaN,NT,NW,c,c,NaN,NaN,NaN,NaN,NaN,NaN,
2022090806,e2w.2022,9X-E2W,STY,NN,24.7,143.0,15,NaN,33,6,36,12,NaN,NaN,NaN,NaN,NaN,NaN,NaN,NaN,NaN,NaN,NT,NW,c,c,NaN,NaN,NaN,NaN,NaN,NaN,
2022090812,e2w.2022,9X-E2W,STY,NN,25.2,143.5,15,NaN,45,6,29,6,NaN,NaN,NaN,NaN,NaN,NaN,NaN,NaN,NaN,NaN,NT,NW,c,c,NaN,NaN,NaN,NaN,NaN,NaN,
2022090818,e2w.2022,9X-E2W,STY,NN,25.8,144.1,15,NaN,45,6,36,7,NaN,NaN,NaN,NaN,NaN,NaN,NaN,NaN,NaN,NaN,NT,NW,c,c,NaN,NaN,NaN,NaN,NaN,NaN,
2022090900,e2w.2022,9X-E2W,STY,NN,26.4,144.7,15,NaN,60,9,42,8,NaN,NaN,NaN,NaN,NaN,NaN,NaN,NaN,NaN,NaN,NT,NW,c,c,NaN,NaN,NaN,NaN,NaN,NaN,
2022090906,e2w.2022,9X-E2W,STY,NN,27.1,145.7,20,NaN,63,11,46,9,NaN,NaN,NaN,NaN,NaN,NaN,NaN,NaN,NaN,NaN,NT,NW,c,c,NaN,NaN,NaN,NaN,NaN,NaN,
2022090912,e2w.2022,9X-E2W,STY,NN,27.4,146.9,20,NaN,74,11,63,11,NaN,NaN,NaN,NaN,NaN,NaN,NaN,NaN,NaN,NaN,NT,NW,c,c,NaN,NaN,NaN,NaN,NaN,NaN,
2022090918,e2w.2022,9X-E2W,STY,NN,27.3,147.9,20,NaN,86,8,84,10,NaN,NaN,NaN,NaN,NaN,NaN,NaN,NaN,NaN,NaN,NT,NW,c,c,NaN,NaN,NaN,NaN,NaN,NaN,
2022091000,e2w.2022,9X-E2W,STY,NN,26.6,147.5,20,NaN,153,4,146,5,NaN,NaN,NaN,NaN,NaN,NaN,NaN,NaN,NaN,NaN,NT,NW,c,c,NaN,NaN,NaN,NaN,NaN,NaN,
2022091006,e2w.2022,9X-E2W,STY,NN,26.6,147.3,20,NaN,209,5,217,4,NaN,NaN,NaN,NaN,NaN,NaN,NaN,NaN,NaN,NaN,NT,NW,c,c,NaN,NaN,NaN,NaN,NaN,NaN,
2022091012,e2w.2022,9X-E2W,STY,NN,26.8,146.6,20,NaN,284,4,284,4,NaN,NaN,NaN,NaN,NaN,NaN,NaN,NaN,NaN,NaN,NT,NW,c,c,NaN,NaN,NaN,NaN,NaN,NaN,
2022091018,e2w.2022,9X-E2W,STY,NN,27.1,144.4,20,1002,281,13,281,13,NaN,NaN,NaN,NaN,NaN,NaN,NaN,NaN,NaN,NaN,DB,NW,b,b,NaN,NaN,NaN,NaN,NaN,NaN,
2022091100,e2w.2022,9X-E2W,STY,NN,24.1,142.4,20,1003,262,11,235,23,NaN,NaN,NaN,NaN,NaN,NaN,NaN,NaN,NaN,NaN,DB,NW,B,B,160,1006,NaN,NaN,40,NaN,
2022091106,e2w.2022,9X-E2W,STY,NN,24.0,141.2,20,1003,262,11,223,21,NaN,NaN,NaN,NaN,NaN,NaN,NaN,NaN,NaN,NaN,DB,NW,B,B,160,1006,NaN,S,40,NaN,
2022091112,e2w.2022,9X-E2W,STY,NN,23.8,140.1,20,1003,262,11,262,11,NaN,NaN,NaN,NaN,NaN,NaN,NaN,NaN,NaN,NaN,DB,NW,B,B,170,1005,NaN,S,40,NaN,
2022091118,e2w.2022,9X-E2W,STY,NN,23.5,139.4,20,1000,253,9,253,9,NaN,NaN,NaN,NaN,NaN,NaN,NaN,NaN,NaN,NaN,DB,NW,B,B,300,1005,NaN,S,70,NaN,
2022091200,e2w.2022,9X-E2W,STY,NN,22.8,138.8,20,1000,230,8,230,8,NaN,NaN,NaN,NaN,NaN,NaN,NaN,NaN,NaN,NaN,DB,NW,B,B,275,1005,NaN,S,50,NaN,
2022091206,e2w.2022,9X-E2W,STY,NN,22.2,138.3,20,1000,218,8,218,8,NaN,NaN,NaN,NaN,NaN,NaN,NaN,NaN,NaN,NaN,DB,NW,B,B,255,1005,NaN,S,70,NaN,
2022091212,e2w.2022,9X-E2W,STY,NN,21.6,138.1,25,1000,208,7,208,7,NaN,NaN,NaN,NaN,NaN,NaN,NaN,NaN,NaN,NaN,DB,NW,B,B,230,1005,NaN,S,70,NaN,
2022091218,16w.2022,NANMADOL,STY,NN,21.6,138.3,25,1000,180,3,180,3,NaN,NaN,NaN,NaN,NaN,NaN,NaN,NaN,NaN,NaN,TD,WN,B,B,220,1003,NaN,S,70,BCH,
2022091300,16w.2022,NANMADOL,STY,NN,21.8,138.8,25,999,73,3,73,3,NaN,NaN,NaN,NaN,NaN,NaN,NaN,NaN,NaN,NaN,TD,WN,B,B,245,1003,NaN,S,25,BCH,
2022091306,16w.2022,NANMADOL,STY,NN,22.1,139.2,25,997,59,5,59,5,NaN,NaN,NaN,NaN,NaN,NaN,NaN,NaN,NaN,NaN,TD,WN,B,B,260,1004,NaN,S,25,WAD,
2022091312,16w.2022,NANMADOL,STY,NN,22.4,139.9,30,996,60,6,60,6,NaN,NaN,NaN,NaN,NaN,NaN,NaN,NaN,NaN,NaN,TD,WN,B,B,250,1005,NaN,S,25,WAD,
2022091318,16w.2022,NANMADOL,STY,NN,22.5,140.2,35,995,67,5,67,5,100,,100,,,NaN,NaN,NaN,NaN,NaN,TS,WN,B,B,190,1003,NaN,S,30,BRS,
2022091400,16w.2022,NANMADOL,STY,NN,22.7,140.4,40,996,57,3,57,3,63,40,85,65,,NaN,NaN,NaN,NaN,NaN,TS,WN,B,B,190,1004,NaN,M,30,BRS,
2022091406,16w.2022,NANMADOL,STY,NN,22.9,140.6,45,993,43,3,43,3,49,40,85,65,5,NaN,NaN,NaN,NaN,NaN,TS,WN,B,B,300,1004,NaN,M,30,WAD,
2022091412,16w.2022,NANMADOL,STY,NN,22.9,140.3,45,991,335,1,335,1,94,110,130,100,35,NaN,NaN,NaN,NaN,NaN,TS,WN,B,B,300,1005,NaN,M,20,WAD,
2022091418,16w.2022,NANMADOL,STY,NN,23.1,139.8,50,989,285,4,285,4,109,120,100,95,120,60,50,,95,70,TS,WN,B,B,300,1003,NaN,M,20,CRM,
2022091500,16w.2022,NANMADOL,STY,NN,23.2,138.9,55,980,283,7,283,7,128,155,70,,160,38,40,30,,45,TS,WN,B,B,300,1002,NaN,M,25,OHS,
2022091506,16w.2022,NANMADOL,STY,NN,23.3,138.1,65,975,277,8,277,8,116,170,75,40,180,40,45,35,40,40,TY,WN,B,B,345,1003,NaN,D,40,RCB,
2022091512,16w.2022,NANMADOL,STY,NN,23.5,137.2,75,969,281,8,281,8,144,160,145,130,140,76,85,75,130,75,TY,WN,B,B,345,1003,NaN,D,25,RCB,
2022091518,16w.2022,NANMADOL,STY,NN,23.4,136.4,85,962,274,8,274,8,149,175,130,120,170,80,95,70,120,95,TY,WN,B,B,345,1003,NaN,D,25,LPC,
2022091600,16w.2022,NANMADOL,STY,NN,23.8,135.8,110,950,283,7,283,7,152,180,130,120,180,88,100,80,120,100,TY,WN,B,B,345,1003,NaN,D,20,CRM,
2022091606,16w.2022,NANMADOL,STY,NN,24.3,135.4,115,935,315,6,315,6,166,190,155,145,175,94,110,85,145,100,TY,WN,B,B,360,1003,NaN,D,20,RCB,
2022091612,16w.2022,NANMADOL,STY,NN,24.8,134.7,130,920,315,7,315,7,174,185,175,150,185,99,105,100,150,105,ST,WN,B,B,380,1004,NaN,D,20,RCB,
2022091618,16w.2022,NANMADOL,STY,NN,25.5,133.8,135,916,310,9,310,9,166,175,165,150,175,95,100,100,150,95,ST,WN,B,B,380,1004,NaN,D,15,CRM,
2022091700,16w.2022,NANMADOL,STY,NN,26.0,133.1,130,917,310,9,310,9,222,240,215,210,225,125,175,135,210,115,ST,WN,B,B,400,1004,NaN,D,15,BCH,
2022091706,16w.2022,NANMADOL,STY,NN,26.7,132.5,130,919,316,8,316,8,222,240,215,210,225,114,130,110,210,110,ST,WN,B,B,400,1004,NaN,D,15,SMB,
2022091712,16w.2022,NANMADOL,STY,NN,27.5,132.0,125,923,327,9,327,9,219,235,215,210,215,126,135,125,210,125,TY,WN,B,B,400,1005,NaN,D,15,SMB,
2022091718,16w.2022,NANMADOL,STY,NN,28.5,131.4,115,930,332,10,332,10,214,235,210,200,210,118,125,135,200,110,TY,WN,B,B,380,1002,NaN,D,5,BCH,
2022091800,16w.2022,NANMADOL,STY,NN,29.7,131.0,105,939,338,12,338,12,218,240,220,200,210,131,165,145,200,120,TY,WN,B,B,380,1003,NaN,D,10,BCH,
2022091806,16w.2022,NANMADOL,STY,NN,30.8,130.7,95,947,345,12,345,12,211,215,210,210,210,129,125,120,210,150,TY,WN,B,B,380,1003,0.19,D,10,SMB,
2022091812,16w.2022,NANMADOL,STY,NN,31.9,130.6,80,958,351,11,351,11,222,235,245,210,200,132,135,140,210,135,TY,WN,B,B,380,1003,0.72,D,20,SMB,
2022091818,16w.2022,NANMADOL,STY,NN,33.2,130.4,70,965,354,12,354,12,222,235,245,210,200,131,130,140,210,135,TY,WN,B,B,340,1001,0.75,D,20,BCH,
2022091900,16w.2022,NANMADOL,STY,NN,34.1,131.1,60,975,11,11,11,11,216,225,240,200,200,120,110,115,200,130,TS,WN,B,B,320,1002,0.51,D,20,BCH,
2022091906,16w.2022,NANMADOL,STY,NN,35.0,132.5,55,971,44,13,44,13,239,290,215,180,270,96,105,95,180,100,TS,WN,B,B,300,1000,0.73,M,50,MEK,
2022091912,16w.2022,NANMADOL,STY,NN,36.1,134.3,50,971,53,16,53,16,190,260,80,130,290,46,30,30,130,95,TS,WN,B,B,280,1000,0.11,M,60,MEK,
2022091918,16w.2022,NANMADOL,STY,NN,37.4,137.1,45,978,57,22,57,22,190,260,80,130,290,NaN,NaN,NaN,NaN,NaN,EX,WN,B,B,280,1000,0.16,M,60,SJB,
2022092000,16w.2022,NANMADOL,STY,NN,38.5,141.2,40,993,66,30,66,30,191,220,145,165,235,NaN,NaN,NaN,NaN,NaN,EX,NW,B,B,280,1000,0.77,NaN,60,NaN,
2022091906,e4w.2022,9X-E4W,TS,NN,16.9,135.4,15,1006,70,7,70,7,NaN,NaN,NaN,NaN,NaN,NaN,NaN,NaN,NaN,NaN,DB,NW,b,b,NaN,NaN,NaN,NaN,NaN,NaN,
2022091912,e4w.2022,9X-E4W,TS,NN,17.1,136.1,15,1006,70,7,70,7,NaN,NaN,NaN,NaN,NaN,NaN,NaN,NaN,NaN,NaN,DB,NW,b,b,NaN,NaN,NaN,NaN,NaN,NaN,
2022091918,e4w.2022,9X-E4W,TS,NN,17.4,136.8,15,NaN,70,7,70,7,NaN,NaN,NaN,NaN,NaN,NaN,NaN,NaN,NaN,NaN,NT,NW,c,c,NaN,NaN,NaN,NaN,NaN,NaN,
2022092000,e4w.2022,9X-E4W,TS,NN,18.4,138.1,15,1006,37,13,56,12,NaN,NaN,NaN,NaN,NaN,NaN,NaN,NaN,NaN,NaN,DB,NW,B,B,NaN,NaN,NaN,NaN,NaN,NaN,
2022092006,e4w.2022,9X-E4W,TS,NN,19.3,139.0,15,1006,37,13,48,14,NaN,NaN,NaN,NaN,NaN,NaN,NaN,NaN,NaN,NaN,DB,NW,B,B,NaN,NaN,NaN,NaN,NaN,NaN,
2022092012,e4w.2022,9X-E4W,TS,NN,20.4,139.7,20,1005,37,13,37,13,NaN,NaN,NaN,NaN,NaN,NaN,NaN,NaN,NaN,NaN,DB,NW,B,B,140,1007,NaN,NaN,55,NaN,
2022092018,e4w.2022,9X-E4W,TS,NN,21.4,140.2,20,1004,28,12,28,12,NaN,NaN,NaN,NaN,NaN,NaN,NaN,NaN,NaN,NaN,DB,NW,B,B,140,1006,NaN,S,55,NaN,
2022092100,e4w.2022,9X-E4W,TS,NN,22.4,140.4,20,1004,18,11,18,11,NaN,NaN,NaN,NaN,NaN,NaN,NaN,NaN,NaN,NaN,DB,NW,B,B,140,1006,NaN,S,55,NaN,
2022092106,e4w.2022,9X-E4W,TS,NN,23.6,140.4,20,1004,5,11,5,11,NaN,NaN,NaN,NaN,NaN,NaN,NaN,NaN,NaN,NaN,DB,NW,B,B,155,1008,NaN,S,70,NaN,
2022092112,e4w.2022,9X-E4W,TS,NN,24.4,139.8,20,1004,345,10,345,10,NaN,NaN,NaN,NaN,NaN,NaN,NaN,NaN,NaN,NaN,DB,NW,B,B,155,1006,NaN,S,55,NaN,
2022092118,17w.2022,TALAS,TS,NN,25.4,138.9,25,1004,323,11,323,11,NaN,NaN,NaN,NaN,NaN,NaN,NaN,NaN,NaN,NaN,TD,WN,B,B,155,1006,NaN,S,55,CRM,
2022092200,17w.2022,TALAS,TS,NN,26.0,137.4,30,1002,306,13,306,13,NaN,NaN,NaN,NaN,NaN,NaN,NaN,NaN,NaN,NaN,TD,WN,B,B,155,1008,NaN,S,55,CRM,
2022092206,17w.2022,TALAS,TS,NN,26.9,136.5,30,1000,305,13,305,13,NaN,NaN,NaN,NaN,NaN,NaN,NaN,NaN,NaN,NaN,TD,WN,B,B,155,1006,NaN,S,55,JZC,
2022092212,17w.2022,TALAS,TS,NN,28.4,135.7,30,1001,328,14,328,14,NaN,NaN,NaN,NaN,NaN,NaN,NaN,NaN,NaN,NaN,TD,WN,B,B,155,1008,NaN,S,55,JZC,
2022092218,17w.2022,TALAS,TS,NN,29.5,135.0,30,1000,333,15,333,15,NaN,NaN,NaN,NaN,NaN,NaN,NaN,NaN,NaN,NaN,TD,WN,B,B,155,1007,NaN,S,55,CRM,
2022092300,17w.2022,TALAS,TS,NN,30.8,134.8,35,998,342,13,342,13,35,30,40,,,NaN,NaN,NaN,NaN,NaN,TS,WN,B,B,150,1009,NaN,S,45,CRM,
2022092306,17w.2022,TALAS,TS,NN,32.1,135.5,25,1001,9,13,9,13,NaN,NaN,NaN,NaN,NaN,NaN,NaN,NaN,NaN,NaN,TD,WN,B,B,150,1007,NaN,S,45,JZC,
2022092312,17w.2022,TALAS,TS,NN,32.5,136.3,25,1000,37,11,37,11,NaN,NaN,NaN,NaN,NaN,NaN,NaN,NaN,NaN,NaN,TD,WN,B,B,150,1007,NaN,S,45,JZC,
2022092318,17w.2022,TALAS,TS,NN,32.9,137.2,25,1004,61,8,61,8,NaN,NaN,NaN,NaN,NaN,NaN,NaN,NaN,NaN,NaN,TD,WN,B,B,150,1007,NaN,S,45,SJB,
2022092400,17w.2022,TALAS,TS,NN,33.3,138.1,20,1005,62,9,62,9,NaN,NaN,NaN,NaN,NaN,NaN,NaN,NaN,NaN,NaN,DB,WN,B,B,150,1007,NaN,S,45,SJB,
2022092406,17w.2022,TALAS,TS,NN,33.5,138.8,15,1010,66,7,66,7,NaN,NaN,NaN,NaN,NaN,NaN,NaN,NaN,NaN,NaN,DB,NW,B,B,100,1012,NaN,NaN,NaN,NaN,
2022092412,17w.2022,TALAS,TS,NN,33.9,140.3,15,1010,72,10,72,10,NaN,NaN,NaN,NaN,NaN,NaN,NaN,NaN,NaN,NaN,DB,NW,B,B,100,1012,NaN,NaN,NaN,NaN,
2022092012,e5w.2022,9X-E5W,STY,NN,17.1,131.1,15,1008,76,6,76,6,NaN,NaN,NaN,NaN,NaN,NaN,NaN,NaN,NaN,NaN,DB,NW,B,B,NaN,NaN,NaN,NaN,NaN,NaN,
2022092018,e5w.2022,9X-E5W,STY,NN,17.3,131.8,15,1008,76,6,76,6,NaN,NaN,NaN,NaN,NaN,NaN,NaN,NaN,NaN,NaN,DB,NW,B,B,NaN,NaN,NaN,NaN,NaN,NaN,
2022092100,e5w.2022,9X-E5W,STY,NN,17.4,132.4,15,1008,76,6,76,6,NaN,NaN,NaN,NaN,NaN,NaN,NaN,NaN,NaN,NaN,DB,NW,B,B,NaN,NaN,NaN,NaN,NaN,NaN,
2022092106,e5w.2022,9X-E5W,STY,NN,17.5,132.9,15,1007,79,5,79,5,NaN,NaN,NaN,NaN,NaN,NaN,NaN,NaN,NaN,NaN,DB,NW,B,B,NaN,NaN,NaN,NaN,NaN,NaN,
2022092112,e5w.2022,9X-E5W,STY,NN,17.6,133.6,15,1007,80,6,80,6,NaN,NaN,NaN,NaN,NaN,NaN,NaN,NaN,NaN,NaN,DB,NW,B,B,NaN,NaN,NaN,NaN,NaN,NaN,
2022092118,e5w.2022,9X-E5W,STY,NN,17.7,134.1,20,1007,80,6,80,6,NaN,NaN,NaN,NaN,NaN,NaN,NaN,NaN,NaN,NaN,DB,NW,B,B,NaN,NaN,NaN,NaN,30,NaN,
2022092200,18w.2022,NORU,STY,NN,17.7,134.6,30,1003,84,5,84,5,NaN,NaN,NaN,NaN,NaN,NaN,NaN,NaN,NaN,NaN,TD,WN,B,B,150,1008,NaN,S,20,CRM,
2022092206,18w.2022,NORU,STY,NN,17.9,134.7,35,1000,71,3,71,3,29,20,45,30,20,NaN,NaN,NaN,NaN,NaN,TS,WN,B,B,150,1005,NaN,S,20,JZC,
2022092212,18w.2022,NORU,STY,NN,18.0,134.0,35,1002,298,3,298,3,35,25,50,40,25,NaN,NaN,NaN,NaN,NaN,TS,WN,B,B,150,1007,NaN,S,20,JZC,
2022092218,18w.2022,NORU,STY,NN,18.0,133.4,40,1000,275,6,275,6,39,30,50,45,30,NaN,NaN,NaN,NaN,NaN,TS,WN,B,B,130,1005,NaN,S,20,CRM,
2022092300,18w.2022,NORU,STY,NN,18.1,132.6,40,1000,274,7,274,7,45,40,55,50,35,NaN,NaN,NaN,NaN,NaN,TS,WN,B,B,130,1005,NaN,S,20,CRM,
2022092306,18w.2022,NORU,STY,NN,17.8,131.3,40,998,264,10,264,10,55,50,50,60,60,NaN,NaN,NaN,NaN,NaN,TS,WN,B,B,125,1004,NaN,S,20,NaN,
2022092312,18w.2022,NORU,STY,NN,17.4,130.3,45,997,252,11,252,11,58,55,55,60,60,NaN,NaN,NaN,NaN,NaN,TS,WN,B,B,215,1006,NaN,S,20,JZC,
2022092318,18w.2022,NORU,STY,NN,16.9,129.1,45,997,247,11,247,11,58,55,55,60,60,NaN,NaN,NaN,NaN,NaN,TS,WN,B,B,215,1005,NaN,M,25,SJB,
2022092400,18w.2022,NORU,STY,NN,16.4,128.0,50,995,246,12,246,12,50,50,50,45,55,15,15,15,45,15,TS,WN,B,B,190,1005,NaN,D,15,SJB,
2022092406,18w.2022,NORU,STY,NN,15.8,126.7,65,984,244,13,244,13,61,70,45,55,75,24,30,15,55,30,TY,WN,B,B,165,1003,NaN,D,15,JZC,
2022092412,18w.2022,NORU,STY,NN,15.4,125.9,90,968,244,11,244,11,61,60,50,65,70,24,25,15,65,30,TY,WN,B,B,170,1003,NaN,D,15,JZC,
2022092418,18w.2022,NORU,STY,NN,15.1,124.7,135,925,250,10,250,10,78,80,75,75,80,35,35,25,75,45,ST,WN,B,B,165,1003,NaN,D,7,SJB,
2022092500,18w.2022,NORU,STY,NN,15.0,123.7,140,919,259,11,259,11,75,80,70,70,80,35,35,35,70,35,ST,WN,B,B,165,1003,NaN,D,5,SJB,
2022092506,18w.2022,NORU,STY,NN,15.0,122.5,130,925,267,11,267,11,70,80,70,55,75,36,40,35,55,40,ST,WN,B,B,165,1004,0.03,D,7,RCB,
2022092512,18w.2022,NORU,STY,NN,15.2,121.3,115,932,275,12,275,12,61,75,60,70,40,34,40,35,70,30,TY,WN,B,B,170,1005,0.58,D,5,NaN,
2022092518,18w.2022,NORU,STY,NN,15.6,119.8,90,968,283,13,283,13,81,85,70,80,90,39,40,30,80,45,TY,WN,B,B,180,1005,0.55,D,10,SJB,
2022092600,18w.2022,NORU,STY,NN,15.9,118.4,75,979,284,14,284,14,74,85,70,55,85,40,45,40,55,45,TY,WN,B,B,180,1005,NaN,D,10,SJB,
2022092606,18w.2022,NORU,STY,NN,15.9,116.9,80,965,276,14,276,14,88,110,75,70,95,41,55,35,70,45,TY,WN,B,B,190,1005,NaN,D,10,RCB,
2022092612,18w.2022,NORU,STY,NN,15.9,115.4,90,967,270,14,270,14,130,155,105,105,155,70,85,55,105,85,TY,WN,B,B,200,1005,NaN,D,10,RCB,
2022092618,18w.2022,NORU,STY,NN,15.8,113.6,105,954,268,16,268,16,122,155,105,105,125,70,85,55,105,85,TY,WN,B,B,230,1004,NaN,D,10,CRM,
2022092700,18w.2022,NORU,STY,NN,15.4,112.0,130,930,261,17,261,17,102,105,105,100,100,45,45,50,100,45,ST,WN,B,B,230,1004,NaN,D,10,CRM,
2022092706,18w.2022,NORU,STY,NN,15.6,111.2,125,934,265,12,265,12,102,105,100,100,105,46,45,50,100,45,TY,WN,B,B,230,1002,NaN,D,7,BCH,
2022092712,18w.2022,NORU,STY,NN,15.8,110.3,105,949,284,8,284,8,102,105,100,100,105,46,45,50,100,45,TY,WN,B,B,205,1000,NaN,D,5,BCH,
2022092718,18w.2022,NORU,STY,NN,15.8,108.9,95,958,275,11,275,11,102,105,100,100,105,46,45,50,100,45,TY,WN,B,B,205,1000,0.01,D,5,CRM,
2022092800,18w.2022,NORU,STY,NN,15.8,107.7,75,974,270,13,270,13,102,105,100,100,105,46,45,50,100,45,TY,WN,B,B,250,1001,0.95,D,5,CRM,
2022092806,18w.2022,NORU,STY,NN,15.6,105.8,50,989,266,15,266,15,79,155,50,50,60,30,30,,50,,TS,NW,B,B,170,1000,0.96,D,20,NaN,
2022092812,18w.2022,NORU,STY,NN,15.6,104.1,30,996,267,17,267,17,NaN,NaN,NaN,NaN,NaN,NaN,NaN,NaN,NaN,NaN,TD,NW,B,B,150,1003,0.99,NaN,20,NaN,
2022092818,18w.2022,NORU,STY,NN,15.6,102.9,30,1000,270,14,270,14,NaN,NaN,NaN,NaN,NaN,NaN,NaN,NaN,NaN,NaN,TD,NW,B,B,150,1003,0.99,NaN,25,NaN,
2022092112,e6w.2022,9X-E6W,TY,NN,8.3,149.3,15,1010,270,5,270,5,NaN,NaN,NaN,NaN,NaN,NaN,NaN,NaN,NaN,NaN,DB,NW,b,b,NaN,NaN,NaN,NaN,NaN,NaN,
2022092118,e6w.2022,9X-E6W,TY,NN,8.3,148.8,15,1010,270,5,270,5,NaN,NaN,NaN,NaN,NaN,NaN,NaN,NaN,NaN,NaN,DB,NW,b,b,NaN,NaN,NaN,NaN,NaN,NaN,
2022092200,e6w.2022,9X-E6W,TY,NN,8.3,148.2,15,NaN,270,5,270,5,NaN,NaN,NaN,NaN,NaN,NaN,NaN,NaN,NaN,NaN,NT,NW,c,c,NaN,NaN,NaN,NaN,NaN,NaN,
2022092206,e6w.2022,9X-E6W,TY,NN,8.4,147.6,15,1010,275,6,275,6,NaN,NaN,NaN,NaN,NaN,NaN,NaN,NaN,NaN,NaN,DB,NW,b,b,NaN,NaN,NaN,NaN,NaN,NaN,
2022092212,e6w.2022,9X-E6W,TY,NN,8.6,147.1,15,1010,285,6,285,6,NaN,NaN,NaN,NaN,NaN,NaN,NaN,NaN,NaN,NaN,DB,NW,b,b,NaN,NaN,NaN,NaN,NaN,NaN,
2022092218,e6w.2022,9X-E6W,TY,NN,8.8,146.8,15,NaN,297,4,297,4,NaN,NaN,NaN,NaN,NaN,NaN,NaN,NaN,NaN,NaN,NT,NW,c,c,NaN,NaN,NaN,NaN,NaN,NaN,
2022092300,e6w.2022,9X-E6W,TY,NN,9.6,146.1,15,NaN,315,7,315,7,NaN,NaN,NaN,NaN,NaN,NaN,NaN,NaN,NaN,NaN,NT,NW,c,c,NaN,NaN,NaN,NaN,NaN,NaN,
2022092306,e6w.2022,9X-E6W,TY,NN,11.6,147.6,15,1004,16,15,16,15,NaN,NaN,NaN,NaN,NaN,NaN,NaN,NaN,NaN,NaN,DB,NW,b,b,NaN,NaN,NaN,NaN,NaN,NaN,
2022092312,e6w.2022,9X-E6W,TY,NN,12.2,147.7,15,1003,31,15,31,15,NaN,NaN,NaN,NaN,NaN,NaN,NaN,NaN,NaN,NaN,DB,NW,b,b,NaN,NaN,NaN,NaN,NaN,NaN,
2022092318,e6w.2022,9X-E6W,TY,NN,12.9,148.0,15,NaN,17,7,17,7,NaN,NaN,NaN,NaN,NaN,NaN,NaN,NaN,NaN,NaN,NT,NW,c,c,NaN,NaN,NaN,NaN,NaN,NaN,
2022092400,e6w.2022,9X-E6W,TY,NN,13.4,147.5,15,NaN,351,6,351,6,NaN,NaN,NaN,NaN,NaN,NaN,NaN,NaN,NaN,NaN,NT,NW,c,c,NaN,NaN,NaN,NaN,NaN,NaN,
2022092406,e6w.2022,9X-E6W,TY,NN,14.2,147.0,15,1005,323,8,323,8,NaN,NaN,NaN,NaN,NaN,NaN,NaN,NaN,NaN,NaN,DB,NW,b,b,NaN,NaN,NaN,NaN,NaN,NaN,
2022092412,e6w.2022,9X-E6W,TY,NN,15.9,147.2,15,1004,353,13,353,13,NaN,NaN,NaN,NaN,NaN,NaN,NaN,NaN,NaN,NaN,DB,NW,b,b,NaN,NaN,NaN,NaN,NaN,NaN,
2022092418,e6w.2022,9X-E6W,TY,NN,17.6,147.2,18,1004,353,13,178,15,NaN,NaN,NaN,NaN,NaN,NaN,NaN,NaN,NaN,NaN,DB,NW,b,b,180,1005,NaN,NaN,NaN,NaN,
2022092500,e6w.2022,9X-E6W,TY,NN,19.3,147.2,20,1003,317,12,2,17,NaN,NaN,NaN,NaN,NaN,NaN,NaN,NaN,NaN,NaN,DB,NW,B,B,180,1005,NaN,S,50,NaN,
2022092506,e6w.2022,9X-E6W,TY,NN,20.2,146.3,25,1004,317,12,349,15,NaN,NaN,NaN,NaN,NaN,NaN,NaN,NaN,NaN,NaN,DB,NW,B,B,150,1005,NaN,S,40,NaN,
2022092512,e6w.2022,9X-E6W,TY,NN,21.1,145.4,30,1001,317,12,317,12,NaN,NaN,NaN,NaN,NaN,NaN,NaN,NaN,NaN,NaN,DB,NW,B,B,150,1005,NaN,S,40,NaN,
2022092518,19w.2022,KULAP,TY,NN,22.0,144.3,30,1001,314,13,314,13,NaN,NaN,NaN,NaN,NaN,NaN,NaN,NaN,NaN,NaN,TD,WN,B,B,150,1005,NaN,M,40,SJB,
2022092600,19w.2022,KULAP,TY,NN,22.8,143.5,35,1000,314,12,314,12,88,115,115,60,60,NaN,NaN,NaN,NaN,NaN,TS,WN,B,B,150,1005,NaN,M,40,SJB,
2022092606,19w.2022,KULAP,TY,NN,24.2,143.0,40,998,331,13,331,13,88,115,100,70,65,NaN,NaN,NaN,NaN,NaN,TS,WN,B,B,160,1005,NaN,M,45,RCB,
2022092612,19w.2022,KULAP,TY,NN,25.6,142.6,40,998,344,15,344,15,73,100,80,,40,NaN,NaN,NaN,NaN,NaN,TS,WN,B,B,160,1005,NaN,M,45,RCB,
2022092618,19w.2022,KULAP,TY,NN,26.8,142.0,45,995,341,14,341,14,73,100,80,,40,NaN,NaN,NaN,NaN,NaN,TS,WN,B,B,160,1006,NaN,M,45,CRM,
2022092700,19w.2022,KULAP,TY,NN,27.9,141.6,50,990,339,12,339,12,90,120,80,65,95,30,30,,65,,TS,WN,B,B,160,1006,NaN,M,20,CRM,
2022092706,19w.2022,KULAP,TY,NN,28.7,141.6,50,990,349,10,349,10,91,120,80,70,95,34,35,40,70,30,TS,WN,B,B,180,1007,NaN,M,20,BCH,
2022092712,19w.2022,KULAP,TY,NN,29.8,142.6,50,989,25,10,25,10,121,125,130,110,120,59,50,70,110,75,TS,WN,B,B,195,1009,NaN,D,20,BCH,
2022092718,19w.2022,KULAP,TY,NN,30.8,143.7,50,989,41,14,41,14,121,125,130,110,120,70,,70,110,,TS,WN,B,B,250,1008,NaN,D,20,CRM,
2022092800,19w.2022,KULAP,TY,NN,32.0,145.2,55,986,45,16,45,16,128,110,155,135,110,90,,90,135,,TS,WN,B,B,250,1008,NaN,D,30,CRM,
2022092806,19w.2022,KULAP,TY,NN,33.2,147.4,60,977,53,20,53,20,130,125,145,130,120,72,65,90,130,,TS,WN,B,B,260,1003,NaN,D,30,BCH,
2022092812,19w.2022,KULAP,TY,NN,34.9,150.5,65,973,57,26,57,26,134,130,150,135,120,68,65,90,135,50,TY,WN,B,B,230,1002,NaN,D,30,BCH,
2022092818,19w.2022,KULAP,TY,NN,36.6,153.1,65,971,54,29,54,29,132,115,175,145,95,92,95,105,145,85,TY,WN,B,B,200,1000,NaN,D,20,SJB,
2022092900,19w.2022,KULAP,TY,NN,38.8,155.9,65,970,48,29,48,29,152,160,175,170,105,74,85,85,170,40,TY,NW,B,B,200,1000,NaN,D,20,NaN,
2022092906,19w.2022,KULAP,TY,NN,41.4,159.6,65,969,46,35,46,35,155,170,230,130,90,85,95,130,130,45,TY,NW,B,B,220,1000,NaN,NaN,50,NaN,
2022092912,19w.2022,KULAP,TY,NN,44.4,162.3,65,965,40,37,40,37,239,170,275,250,260,91,125,140,250,20,EX,NW,B,B,220,1000,NaN,NaN,60,NaN,
2022092918,19w.2022,KULAP,TY,NN,48.6,167.2,65,974,37,45,37,45,242,175,265,275,255,98,135,155,275,20,EX,NW,B,B,220,1000,NaN,NaN,60,NaN,
2022092512,e7w.2022,9X-E7W,TY,NN,12.4,133.4,15,1007,66,9,66,9,NaN,NaN,NaN,NaN,NaN,NaN,NaN,NaN,NaN,NaN,DB,NW,B,B,NaN,NaN,NaN,NaN,NaN,NaN,
2022092518,e7w.2022,9X-E7W,TY,NN,12.7,134.1,15,1006,66,9,66,9,NaN,NaN,NaN,NaN,NaN,NaN,NaN,NaN,NaN,NaN,DB,NW,B,B,NaN,NaN,NaN,NaN,NaN,NaN,
2022092600,e7w.2022,9X-E7W,TY,NN,13.1,135.0,15,1006,66,9,66,9,NaN,NaN,NaN,NaN,NaN,NaN,NaN,NaN,NaN,NaN,DB,NW,B,B,NaN,NaN,NaN,NaN,NaN,NaN,
2022092606,e7w.2022,9X-E7W,TY,NN,13.4,135.8,15,1006,67,9,67,9,NaN,NaN,NaN,NaN,NaN,NaN,NaN,NaN,NaN,NaN,DB,NW,B,B,NaN,NaN,NaN,NaN,NaN,NaN,
2022092612,e7w.2022,9X-E7W,TY,NN,13.8,136.2,15,1006,59,7,59,7,NaN,NaN,NaN,NaN,NaN,NaN,NaN,NaN,NaN,NaN,DB,NW,B,B,140,1007,NaN,NaN,30,NaN,
2022092618,e7w.2022,9X-E7W,TY,NN,15.2,136.4,15,1005,18,9,18,9,NaN,NaN,NaN,NaN,NaN,NaN,NaN,NaN,NaN,NaN,DB,NW,B,B,140,1007,NaN,NaN,30,NaN,
2022092700,e7w.2022,9X-E7W,TY,NN,16.4,135.9,15,1005,354,13,354,13,NaN,NaN,NaN,NaN,NaN,NaN,NaN,NaN,NaN,NaN,DB,NW,B,B,140,1007,NaN,NaN,40,NaN,
2022092706,e7w.2022,9X-E7W,TY,NN,17.6,135.1,20,1004,333,14,333,14,NaN,NaN,NaN,NaN,NaN,NaN,NaN,NaN,NaN,NaN,DB,NW,B,B,125,1005,NaN,S,40,NaN,
2022092712,e7w.2022,9X-E7W,TY,NN,18.6,134.1,20,1004,322,14,322,14,NaN,NaN,NaN,NaN,NaN,NaN,NaN,NaN,NaN,NaN,DB,NW,B,B,110,1007,NaN,S,40,NaN,
2022092718,e7w.2022,9X-E7W,TY,NN,19.7,133.5,25,1004,324,13,324,13,NaN,NaN,NaN,NaN,NaN,NaN,NaN,NaN,NaN,NaN,DB,NW,B,B,200,1006,NaN,S,40,NaN,
2022092800,e7w.2022,9X-E7W,TY,NN,20.6,132.8,30,1003,329,12,329,12,NaN,NaN,NaN,NaN,NaN,NaN,NaN,NaN,NaN,NaN,TD,NW,B,B,170,1008,NaN,S,40,NaN,
2022092806,20w.2022,ROKE,TY,NN,21.6,132.1,30,1002,325,12,325,12,NaN,NaN,NaN,NaN,NaN,NaN,NaN,NaN,NaN,NaN,TD,WN,B,B,125,1006,NaN,S,40,BCH,
2022092812,20w.2022,ROKE,TY,NN,22.9,131.8,35,1003,338,12,338,12,50,55,,,45,NaN,NaN,NaN,NaN,NaN,TS,WN,B,B,125,1006,NaN,S,30,BCH,
2022092818,20w.2022,ROKE,TY,NN,23.9,131.7,45,997,351,12,351,12,48,65,35,45,45,NaN,NaN,NaN,NaN,NaN,TS,WN,B,B,125,1006,NaN,M,30,SJB,
2022092900,20w.2022,ROKE,TY,NN,25.0,131.8,55,990,360,10,360,11,41,60,30,30,45,15,15,15,30,15,TS,WN,B,B,125,1006,NaN,D,15,SJB,
2022092906,20w.2022,ROKE,TY,NN,25.8,132.2,75,979,13,10,13,10,52,60,60,45,45,35,40,40,45,30,TY,WN,B,B,125,1010,NaN,D,5,RCB,
2022092912,20w.2022,ROKE,TY,NN,26.6,133.2,80,977,38,10,38,10,50,55,60,45,40,31,40,30,45,30,TY,WN,B,B,135,1012,NaN,D,5,RCB,
2022092918,20w.2022,ROKE,TY,NN,27.2,134.1,75,979,51,11,51,11,50,55,60,45,40,31,40,30,45,30,TY,WN,B,B,155,1012,NaN,D,10,SJB,
2022093000,20w.2022,ROKE,TY,NN,28.2,135.5,65,988,52,13,52,13,54,60,60,50,45,41,45,50,50,30,TY,WN,B,B,155,1012,NaN,D,10,SJB,
2022093006,20w.2022,ROKE,TY,NN,29.2,137.9,60,991,59,20,59,20,52,60,60,50,40,29,30,35,50,20,TS,WN,B,B,150,1012,NaN,M,10,RCB,
2022093012,20w.2022,ROKE,TY,NN,30.0,140.5,55,994,68,24,68,24,48,60,55,40,35,24,30,25,40,20,TS,WN,B,B,150,1013,NaN,M,15,RCB,
2022093018,20w.2022,ROKE,TY,NN,30.8,142.7,55,996,69,22,69,22,50,50,75,40,35,29,30,45,40,20,TS,WN,B,B,170,1012,NaN,M,20,NaN,
2022100100,20w.2022,ROKE,TY,NN,31.9,144.7,55,995,62,20,62,20,46,60,55,40,30,24,30,25,40,20,TS,WN,B,B,170,1012,NaN,M,20,CRM,
2022100106,20w.2022,ROKE,TY,NN,33.1,146.5,55,994,54,20,54,20,52,80,60,40,30,32,35,35,40,,TS,WN,B,B,170,1012,NaN,M,30,BCH,
2022100112,20w.2022,ROKE,TY,NN,34.1,148.5,60,989,55,19,55,19,84,120,70,40,105,36,40,35,40,35,TS,WN,B,B,170,1012,NaN,M,20,BCH,
2022100118,20w.2022,ROKE,TY,NN,35.3,150.3,60,988,55,19,55,19,84,120,70,40,105,36,40,35,40,35,TS,WN,B,B,170,1012,NaN,M,20,CRM,
2022100200,20w.2022,ROKE,TY,NN,36.4,152.6,55,992,56,20,56,20,84,120,70,40,105,36,40,35,40,35,TS,WN,B,B,170,1013,NaN,M,20,CRM,
2022100206,20w.2022,ROKE,TY,NN,37.0,154.7,55,989,64,20,64,20,111,125,125,95,100,56,65,65,95,50,SS,NW,B,B,200,1012,NaN,M,35,NaN,
2022100212,20w.2022,ROKE,TY,NN,37.1,156.2,55,987,76,15,76,15,139,160,125,120,150,71,65,70,120,90,SS,NW,B,B,200,1012,NaN,M,25,NaN,
2022100218,20w.2022,ROKE,TY,NN,37.1,157.2,45,991,87,10,87,10,143,145,,110,175,NaN,NaN,NaN,NaN,NaN,SS,NW,B,B,170,1011,NaN,M,25,NaN,
2022100300,20w.2022,ROKE,TY,NN,37.0,158.2,40,996,94,8,94,8,137,160,,110,140,NaN,NaN,NaN,NaN,NaN,SS,NW,B,B,220,1013,NaN,M,45,NaN,
2022100306,20w.2022,ROKE,TY,NN,37.0,158.9,40,995,94,7,94,7,137,160,,110,140,NaN,NaN,NaN,NaN,NaN,SS,NW,B,B,225,1014,NaN,M,45,NaN,
2022100312,20w.2022,ROKE,TY,NN,37.5,158.5,40,993,26,3,26,3,195,225,,,165,NaN,NaN,NaN,NaN,NaN,SS,NW,B,B,240,1017,NaN,M,45,NaN,
2022100318,20w.2022,ROKE,TY,NN,37.9,157.8,40,993,316,6,316,6,116,165,80,90,130,NaN,NaN,NaN,NaN,NaN,SS,NW,B,B,240,1017,NaN,NaN,70,NaN,
2022100400,20w.2022,ROKE,TY,NN,37.3,158.3,40,993,218,1,218,1,177,230,,130,170,NaN,NaN,NaN,NaN,NaN,SS,NW,B,B,240,1017,NaN,NaN,70,NaN,
2022100406,20w.2022,ROKE,TY,NN,37.7,159.4,40,996,99,6,99,6,75,65,60,,100,NaN,NaN,NaN,NaN,NaN,SS,NW,B,B,240,1017,NaN,NaN,70,NaN,
2022100412,20w.2022,ROKE,TY,NN,38.5,160.6,30,997,57,11,57,11,NaN,NaN,NaN,NaN,NaN,NaN,NaN,NaN,NaN,NaN,SD,NW,B,B,110,1017,NaN,NaN,70,NaN,
2022100418,20w.2022,ROKE,TY,NN,39.2,162.2,30,998,56,13,56,13,NaN,NaN,NaN,NaN,NaN,NaN,NaN,NaN,NaN,NaN,SD,NW,B,B,100,1012,NaN,S,70,NaN,
2022100500,20w.2022,ROKE,TY,NN,40.1,163.9,30,1000,58,15,58,15,NaN,NaN,NaN,NaN,NaN,NaN,NaN,NaN,NaN,NaN,SD,NW,B,B,80,1009,NaN,S,70,NaN,
2022101012,e9w.2022,9X-E9W,TS,NN,13.5,154.4,15,1010,313,7,313,7,NaN,NaN,NaN,NaN,NaN,NaN,NaN,NaN,NaN,NaN,DB,NW,B,B,NaN,NaN,NaN,NaN,NaN,NaN,
2022101018,e9w.2022,9X-E9W,TS,NN,13.9,153.8,15,1008,313,7,313,7,NaN,NaN,NaN,NaN,NaN,NaN,NaN,NaN,NaN,NaN,DB,NW,B,B,NaN,NaN,NaN,NaN,NaN,NaN,
2022101100,e9w.2022,9X-E9W,TS,NN,14.5,153.3,15,1008,313,7,313,7,NaN,NaN,NaN,NaN,NaN,NaN,NaN,NaN,NaN,NaN,DB,NW,B,B,NaN,NaN,NaN,NaN,NaN,NaN,
2022101106,e9w.2022,9X-E9W,TS,NN,15.2,152.5,15,1007,316,9,316,9,NaN,NaN,NaN,NaN,NaN,NaN,NaN,NaN,NaN,NaN,DB,NW,B,B,NaN,NaN,NaN,NaN,NaN,NaN,
2022101112,e9w.2022,9X-E9W,TS,NN,15.5,152.0,15,1007,309,8,309,8,NaN,NaN,NaN,NaN,NaN,NaN,NaN,NaN,NaN,NaN,DB,NW,B,B,NaN,NaN,NaN,NaN,NaN,NaN,
2022101118,e9w.2022,9X-E9W,TS,NN,15.8,151.7,20,1004,308,5,308,5,NaN,NaN,NaN,NaN,NaN,NaN,NaN,NaN,NaN,NaN,DB,NW,B,B,NaN,NaN,NaN,NaN,NaN,NaN,
2022101200,e9w.2022,9X-E9W,TS,NN,16.0,151.2,20,1004,303,5,303,5,NaN,NaN,NaN,NaN,NaN,NaN,NaN,NaN,NaN,NaN,DB,NW,B,B,100,1008,NaN,NaN,40,NaN,
2022101206,e9w.2022,9X-E9W,TS,NN,15.6,151.1,20,1004,251,3,251,3,NaN,NaN,NaN,NaN,NaN,NaN,NaN,NaN,NaN,NaN,DB,NW,B,B,100,1006,NaN,S,40,NaN,
2022101212,21w.2022,TWENTYONE,TS,NN,15.2,151.0,25,1004,194,4,194,4,NaN,NaN,NaN,NaN,NaN,NaN,NaN,NaN,NaN,NaN,TD,WN,B,B,115,1008,NaN,S,40,BCH,
2022101218,21w.2022,TWENTYONE,TS,NN,14.8,151.0,25,1004,187,4,187,4,NaN,NaN,NaN,NaN,NaN,NaN,NaN,NaN,NaN,NaN,TD,WN,B,B,120,1008,NaN,S,35,RCB,
2022101300,21w.2022,TWENTYONE,TS,NN,14.6,151.4,25,1005,147,4,147,4,NaN,NaN,NaN,NaN,NaN,NaN,NaN,NaN,NaN,NaN,TD,WN,B,B,140,1008,NaN,S,35,RCB,
2022101306,21w.2022,TWENTYONE,TS,NN,15.2,152.7,25,1005,76,8,76,8,NaN,NaN,NaN,NaN,NaN,NaN,NaN,NaN,NaN,NaN,TD,WN,B,B,140,1008,NaN,S,35,SJB,
2022101312,21w.2022,TWENTYONE,TS,NN,15.7,154.0,30,1004,66,14,66,14,NaN,NaN,NaN,NaN,NaN,NaN,NaN,NaN,NaN,NaN,TD,WN,B,B,140,1008,NaN,S,25,SJB,
2022101318,21w.2022,TWENTYONE,TS,NN,17.1,155.1,30,1004,51,15,51,15,NaN,NaN,NaN,NaN,NaN,NaN,NaN,NaN,NaN,NaN,TD,WN,B,B,135,1008,NaN,S,30,RCB,
2022101400,21w.2022,TWENTYONE,TS,NN,18.9,155.9,35,1000,30,18,30,18,38,40,35,,,NaN,NaN,NaN,NaN,NaN,TS,WN,B,B,165,1007,NaN,M,40,RCB,
2022101406,21w.2022,TWENTYONE,TS,NN,21.2,157.0,40,1002,24,22,24,22,75,60,90,,,NaN,NaN,NaN,NaN,NaN,TS,WN,B,B,165,1007,NaN,M,40,SJB,
2022101412,21w.2022,TWENTYONE,TS,NN,23.6,157.6,40,999,19,25,19,25,112,100,125,,,NaN,NaN,NaN,NaN,NaN,TS,WN,B,B,165,1007,NaN,M,30,SJB,
2022101418,21w.2022,TWENTYONE,TS,NN,27.1,158.0,40,1000,9,30,9,30,132,95,170,,,NaN,NaN,NaN,NaN,NaN,TS,WN,B,B,165,1007,NaN,M,30,NaN,
2022101500,21w.2022,TWENTYONE,TS,NN,30.2,158.3,30,1005,5,33,5,33,NaN,NaN,NaN,NaN,NaN,NaN,NaN,NaN,NaN,NaN,TD,NW,B,B,NaN,NaN,NaN,M,30,NaN,
2022101506,21w.2022,TWENTYONE,TS,NN,33.4,160.4,30,1003,18,33,18,33,NaN,NaN,NaN,NaN,NaN,NaN,NaN,NaN,NaN,NaN,SD,NW,B,B,100,1006,NaN,M,30,NaN,
2022101512,21w.2022,TWENTYONE,TS,NN,34.9,163.3,30,1001,42,32,42,32,NaN,NaN,NaN,NaN,NaN,NaN,NaN,NaN,NaN,NaN,SD,NW,B,B,130,1008,NaN,NaN,40,NaN,
2022101518,21w.2022,TWENTYONE,TS,NN,36.1,167.6,30,1002,65,33,65,33,NaN,NaN,NaN,NaN,NaN,NaN,NaN,NaN,NaN,NaN,SD,NW,B,B,130,1007,NaN,NaN,40,NaN,
2022101600,21w.2022,TWENTYONE,TS,NN,36.9,172.1,25,1002,74,37,74,37,NaN,NaN,NaN,NaN,NaN,NaN,NaN,NaN,NaN,NaN,SD,NW,B,B,130,1007,NaN,NaN,40,NaN,
2022101100,e0w.2022,9X-E0W,TS,NN,14.0,119.2,15,1010,229,4,229,4,NaN,NaN,NaN,NaN,NaN,NaN,NaN,NaN,NaN,NaN,DB,NW,b,b,NaN,NaN,NaN,NaN,NaN,NaN,
2022101106,e0w.2022,9X-E0W,TS,NN,13.7,118.9,15,1010,229,4,229,4,NaN,NaN,NaN,NaN,NaN,NaN,NaN,NaN,NaN,NaN,DB,NW,b,b,NaN,NaN,NaN,NaN,NaN,NaN,
2022101112,e0w.2022,9X-E0W,TS,NN,13.5,118.6,15,1006,229,4,229,4,NaN,NaN,NaN,NaN,NaN,NaN,NaN,NaN,NaN,NaN,DB,NW,b,b,90,1007,NaN,NaN,NaN,NaN,
2022101118,e0w.2022,9X-E0W,TS,NN,13.3,118.3,15,NaN,236,4,236,4,NaN,NaN,NaN,NaN,NaN,NaN,NaN,NaN,NaN,NaN,NT,NW,c,c,NaN,NaN,NaN,NaN,NaN,NaN,
2022101200,e0w.2022,9X-E0W,TS,NN,12.8,117.1,15,NaN,244,8,244,8,NaN,NaN,NaN,NaN,NaN,NaN,NaN,NaN,NaN,NaN,NT,NW,c,c,NaN,NaN,NaN,NaN,NaN,NaN,
2022101206,e0w.2022,9X-E0W,TS,NN,11.9,115.8,15,NaN,242,12,240,14,NaN,NaN,NaN,NaN,NaN,NaN,NaN,NaN,NaN,NaN,NT,NW,c,c,NaN,NaN,NaN,NaN,NaN,NaN,
2022101212,e0w.2022,9X-E0W,TS,NN,11.3,115.5,15,NaN,220,8,226,11,NaN,NaN,NaN,NaN,NaN,NaN,NaN,NaN,NaN,NaN,NT,NW,c,c,NaN,NaN,NaN,NaN,NaN,NaN,
2022101218,e0w.2022,9X-E0W,TS,NN,11.7,115.3,20,1004,297,9,248,3,NaN,NaN,NaN,NaN,NaN,NaN,NaN,NaN,NaN,NaN,DB,NW,B,B,140,1006,NaN,S,45,NaN,
2022101300,e0w.2022,9X-E0W,TS,NN,12.0,114.5,20,1005,297,9,306,6,NaN,NaN,NaN,NaN,NaN,NaN,NaN,NaN,NaN,NaN,DB,NW,B,B,135,1006,NaN,S,45,NaN,
2022101306,e0w.2022,9X-E0W,TS,NN,12.5,113.7,20,1001,297,9,297,9,NaN,NaN,NaN,NaN,NaN,NaN,NaN,NaN,NaN,NaN,DB,NW,B,B,150,1003,NaN,S,45,NaN,
2022101312,e0w.2022,9X-E0W,TS,NN,12.7,113.3,20,1001,301,7,301,7,NaN,NaN,NaN,NaN,NaN,NaN,NaN,NaN,NaN,NaN,DB,NW,B,B,150,1003,NaN,S,45,NaN,
2022101318,e0w.2022,9X-E0W,TS,NN,13.0,112.9,20,1001,303,5,303,5,NaN,NaN,NaN,NaN,NaN,NaN,NaN,NaN,NaN,NaN,DB,NW,B,B,160,1003,NaN,S,70,NaN,
2022101400,22w.2022,SONCA,TS,NN,13.6,112.2,30,1001,310,7,310,7,NaN,NaN,NaN,NaN,NaN,NaN,NaN,NaN,NaN,NaN,TD,WN,B,B,140,1006,NaN,S,50,RCB,
2022101406,22w.2022,SONCA,TS,NN,14.1,111.3,35,998,305,10,305,10,100,,,80,120,NaN,NaN,NaN,NaN,NaN,TS,WN,B,B,140,1004,NaN,S,50,SJB,
2022101412,22w.2022,SONCA,TS,NN,14.8,110.1,35,998,301,12,301,12,100,,,80,120,NaN,NaN,NaN,NaN,NaN,TS,WN,B,B,140,1004,NaN,S,45,SJB,
2022101418,22w.2022,SONCA,TS,NN,15.3,108.9,35,999,297,13,297,13,52,55,50,,,NaN,NaN,NaN,NaN,NaN,TS,WN,B,B,70,1004,0.18,S,45,WAD,
2022101500,22w.2022,SONCA,TS,NN,15.7,107.5,25,1002,290,13,290,13,NaN,NaN,NaN,NaN,NaN,NaN,NaN,NaN,NaN,NaN,TD,NW,B,B,70,1004,0.99,S,45,NaN,
2022101506,22w.2022,SONCA,TS,NN,15.9,106.3,20,1007,283,13,283,13,NaN,NaN,NaN,NaN,NaN,NaN,NaN,NaN,NaN,NaN,DB,NW,B,B,NaN,NaN,0.99,NaN,NaN,NaN,
2022100706,f7w.2022,9X-F7W,TY,NN,11.6,145.5,15,1010,35,9,35,9,NaN,NaN,NaN,NaN,NaN,NaN,NaN,NaN,NaN,NaN,DB,NW,b,b,NaN,NaN,NaN,NaN,NaN,NaN,
2022100712,f7w.2022,9X-F7W,TY,NN,12.2,146.0,15,1010,35,9,35,9,NaN,NaN,NaN,NaN,NaN,NaN,NaN,NaN,NaN,NaN,DB,NW,b,b,NaN,NaN,NaN,NaN,NaN,NaN,
2022100718,f7w.2022,9X-F7W,TY,NN,13.0,146.5,15,1010,35,9,35,9,NaN,NaN,NaN,NaN,NaN,NaN,NaN,NaN,NaN,NaN,DB,NW,c,c,NaN,NaN,NaN,NaN,NaN,NaN,
2022100800,f7w.2022,9X-F7W,TY,NN,13.9,147.0,15,1008,30,10,30,10,NaN,NaN,NaN,NaN,NaN,NaN,NaN,NaN,NaN,NaN,DB,NW,c,c,NaN,NaN,NaN,NaN,NaN,NaN,
2022100806,f7w.2022,9X-F7W,TY,NN,13.9,147.0,15,1008,28,5,28,5,NaN,NaN,NaN,NaN,NaN,NaN,NaN,NaN,NaN,NaN,DB,NW,c,c,NaN,NaN,NaN,NaN,NaN,NaN,
2022100812,f7w.2022,9X-F7W,TY,NN,14.3,147.2,15,1008,26,4,26,2,NaN,NaN,NaN,NaN,NaN,NaN,NaN,NaN,NaN,NaN,DB,NW,c,c,NaN,NaN,NaN,NaN,NaN,NaN,
2022100818,f7w.2022,9X-F7W,TY,NN,13.9,146.8,15,1010,270,1,270,1,NaN,NaN,NaN,NaN,NaN,NaN,NaN,NaN,NaN,NaN,DB,NW,b,b,NaN,NaN,NaN,NaN,NaN,NaN,
2022100900,f7w.2022,9X-F7W,TY,NN,14.5,145.7,15,1010,278,7,278,7,NaN,NaN,NaN,NaN,NaN,NaN,NaN,NaN,NaN,NaN,DB,NW,b,b,NaN,NaN,0.01,NaN,NaN,NaN,
2022100906,f7w.2022,9X-F7W,TY,NN,14.4,147.0,15,1010,21,3,21,3,NaN,NaN,NaN,NaN,NaN,NaN,NaN,NaN,NaN,NaN,DB,NW,c,c,NaN,NaN,NaN,NaN,NaN,NaN,
2022100912,f7w.2022,9X-F7W,TY,NN,14.4,145.5,15,1010,21,3,144,4,NaN,NaN,NaN,NaN,NaN,NaN,NaN,NaN,NaN,NaN,DB,NW,c,c,NaN,NaN,NaN,NaN,NaN,NaN,
2022100918,f7w.2022,9X-F7W,TY,NN,14.4,144.0,15,1010,265,6,267,5,NaN,NaN,NaN,NaN,NaN,NaN,NaN,NaN,NaN,NaN,DB,NW,c,c,NaN,NaN,NaN,NaN,NaN,NaN,
2022101000,f7w.2022,9X-F7W,TY,NN,14.4,143.4,15,1006,266,7,270,12,NaN,NaN,NaN,NaN,NaN,NaN,NaN,NaN,NaN,NaN,DB,NW,c,c,NaN,NaN,NaN,NaN,NaN,NaN,
2022101006,f7w.2022,9X-F7W,TY,NN,14.4,143.0,15,1005,270,5,270,5,NaN,NaN,NaN,NaN,NaN,NaN,NaN,NaN,NaN,NaN,DB,NW,c,c,NaN,NaN,NaN,NaN,NaN,NaN,
2022101012,f7w.2022,9X-F7W,TY,NN,14.0,143.2,15,1005,49,5,206,2,NaN,NaN,NaN,NaN,NaN,NaN,NaN,NaN,NaN,NaN,DB,NW,c,c,NaN,NaN,NaN,NaN,NaN,NaN,
2022101018,f7w.2022,9X-F7W,TY,NN,14.4,143.4,15,1005,35,4,90,2,NaN,NaN,NaN,NaN,NaN,NaN,NaN,NaN,NaN,NaN,DB,NW,c,c,NaN,NaN,NaN,NaN,NaN,NaN,
2022101100,f7w.2022,9X-F7W,TY,NN,14.7,143.6,15,1002,29,4,29,4,NaN,NaN,NaN,NaN,NaN,NaN,NaN,NaN,NaN,NaN,DB,NW,c,c,250,1007,NaN,NaN,40,NaN,
2022101106,f7w.2022,9X-F7W,TY,NN,14.8,142.2,20,1003,0,5,289,6,NaN,NaN,NaN,NaN,NaN,NaN,NaN,NaN,NaN,NaN,DB,NW,C,C,230,1004,NaN,S,40,NaN,
2022101112,f7w.2022,9X-F7W,TY,NN,15.2,142.0,20,1005,345,5,288,8,NaN,NaN,NaN,NaN,NaN,NaN,NaN,NaN,NaN,NaN,DB,NW,C,C,220,1006,NaN,S,40,NaN,
2022101118,f7w.2022,9X-F7W,TY,NN,15.6,141.9,20,1004,340,5,340,4,NaN,NaN,NaN,NaN,NaN,NaN,NaN,NaN,NaN,NaN,DB,NW,C,C,300,1005,NaN,S,40,NaN,
2022101200,f7w.2022,9X-F7W,TY,NN,16.5,141.2,20,1005,330,7,329,8,NaN,NaN,NaN,NaN,NaN,NaN,NaN,NaN,NaN,NaN,DB,NW,C,C,250,1006,NaN,S,40,NaN,
2022101206,f7w.2022,9X-F7W,TY,NN,18.0,138.8,20,1002,307,18,309,19,NaN,NaN,NaN,NaN,NaN,NaN,NaN,NaN,NaN,NaN,DB,NW,B,B,115,1003,NaN,S,40,NaN,
2022101212,f7w.2022,9X-F7W,TY,NN,19.1,137.3,20,1002,307,18,305,23,NaN,NaN,NaN,NaN,NaN,NaN,NaN,NaN,NaN,NaN,DB,NW,B,B,100,1004,NaN,S,40,NaN,
2022101218,f7w.2022,9X-F7W,TY,NN,20.1,135.8,20,1002,307,18,307,18,NaN,NaN,NaN,NaN,NaN,NaN,NaN,NaN,NaN,NaN,DB,NW,B,B,110,1004,NaN,S,45,NaN,
2022101300,f7w.2022,9X-F7W,TY,NN,20.4,133.8,15,1004,292,18,292,18,NaN,NaN,NaN,NaN,NaN,NaN,NaN,NaN,NaN,NaN,DB,NW,B,B,110,1004,NaN,NaN,45,NaN,
2022101306,f7w.2022,9X-F7W,TY,NN,20.1,132.6,20,1000,270,15,270,15,NaN,NaN,NaN,NaN,NaN,NaN,NaN,NaN,NaN,NaN,DB,NW,B,B,150,1002,NaN,S,45,NaN,
2022101312,f7w.2022,9X-F7W,TY,NN,19.9,131.7,20,1000,256,10,256,10,NaN,NaN,NaN,NaN,NaN,NaN,NaN,NaN,NaN,NaN,DB,NW,B,B,150,1002,NaN,S,45,NaN,
2022101318,f7w.2022,9X-F7W,TY,NN,19.7,130.9,20,1000,256,8,256,8,NaN,NaN,NaN,NaN,NaN,NaN,NaN,NaN,NaN,NaN,DB,NW,B,B,160,1002,NaN,S,55,NaN,
2022101400,f7w.2022,9X-F7W,TY,NN,19.6,129.9,20,1000,260,9,260,9,NaN,NaN,NaN,NaN,NaN,NaN,NaN,NaN,NaN,NaN,DB,NW,B,B,160,1002,NaN,S,55,NaN,
2022101406,f7w.2022,9X-F7W,TY,NN,19.4,129.1,20,998,260,9,260,9,NaN,NaN,NaN,NaN,NaN,NaN,NaN,NaN,NaN,NaN,DB,NW,B,B,160,1000,NaN,S,55,NaN,
2022101412,f7w.2022,9X-F7W,TY,NN,19.1,128.4,25,998,251,8,251,8,NaN,NaN,NaN,NaN,NaN,NaN,NaN,NaN,NaN,NaN,TD,NW,B,B,160,1000,NaN,S,55,NaN,
2022101418,f7w.2022,9X-F7W,TY,NN,18.7,127.0,25,999,251,11,251,11,NaN,NaN,NaN,NaN,NaN,NaN,NaN,NaN,NaN,NaN,TD,NW,B,B,160,1001,NaN,S,55,NaN,
2022101500,f7w.2022,9X-F7W,TY,NN,18.6,125.6,30,997,259,13,259,13,NaN,NaN,NaN,NaN,NaN,NaN,NaN,NaN,NaN,NaN,TD,NW,B,B,300,1006,NaN,S,55,NaN,
2022101506,23w.2022,NESAT,TY,NN,18.6,124.1,35,998,268,14,268,14,92,110,80,,85,NaN,NaN,NaN,NaN,NaN,TS,WN,B,B,260,1003,NaN,M,55,BCH,
2022101512,23w.2022,NESAT,TY,NN,19.0,123.2,40,999,280,12,280,12,96,100,80,60,145,NaN,NaN,NaN,NaN,NaN,TS,WN,B,B,275,1005,NaN,M,40,BCH,
2022101518,23w.2022,NESAT,TY,NN,19.2,121.8,50,985,285,11,285,11,96,100,80,60,145,48,45,50,60,,TS,WN,B,B,275,1005,0.04,M,30,CRM,
2022101600,23w.2022,NESAT,TY,NN,19.2,120.9,55,985,275,11,275,11,84,85,70,60,120,40,40,,60,40,TS,WN,B,B,300,1007,0.11,M,25,CRM,
2022101606,23w.2022,NESAT,TY,NN,19.5,119.9,70,980,280,9,280,9,91,90,75,70,130,56,65,40,70,75,TY,WN,B,B,265,1004,NaN,D,17,BCH,
2022101612,23w.2022,NESAT,TY,NN,19.7,118.9,75,978,285,10,285,10,98,95,85,75,135,55,65,50,75,65,TY,WN,B,B,265,1006,NaN,D,25,BCH,
2022101618,23w.2022,NESAT,TY,NN,19.7,118.1,75,978,277,9,277,9,98,95,85,75,135,55,65,50,75,65,TY,WN,B,B,265,1006,NaN,D,25,CRM,
2022101700,23w.2022,NESAT,TY,NN,19.4,117.2,80,976,259,8,259,8,100,95,75,95,135,48,45,40,95,55,TY,WN,B,B,170,1005,NaN,D,15,CRM,
2022101706,23w.2022,NESAT,TY,NN,19.2,116.4,90,964,253,8,253,8,104,95,80,95,145,51,45,40,95,65,TY,WN,B,B,230,1004,NaN,D,15,BCH,
2022101712,23w.2022,NESAT,TY,NN,18.9,115.5,90,964,253,8,253,8,130,150,100,120,150,85,110,55,120,105,TY,WN,B,B,230,1004,NaN,D,5,BCH,
2022101718,23w.2022,NESAT,TY,NN,18.5,114.8,90,964,245,8,245,8,209,400,105,110,220,82,95,55,110,110,TY,WN,B,B,240,1004,NaN,D,5,RCB,
2022101800,23w.2022,NESAT,TY,NN,18.1,113.8,85,966,244,9,244,9,184,380,70,100,185,41,55,15,100,55,TY,WN,B,B,230,1004,NaN,D,10,RCB,
2022101806,23w.2022,NESAT,TY,NN,17.7,113.3,80,972,241,8,241,8,166,380,70,80,135,46,55,35,80,55,TY,WN,B,B,230,1006,NaN,D,10,SJB,
2022101812,23w.2022,NESAT,TY,NN,17.4,112.5,75,976,241,7,241,7,146,255,65,105,160,81,150,30,105,90,TY,WN,B,B,230,1006,NaN,D,10,SJB,
2022101818,23w.2022,NESAT,TY,NN,17.1,111.7,65,983,249,8,249,8,144,250,65,85,175,85,135,40,85,90,TY,WN,B,B,180,1006,NaN,D,30,RCB,
2022101900,23w.2022,NESAT,TY,NN,17.0,110.9,55,988,255,8,255,8,49,50,45,45,55,20,25,25,45,15,TS,WN,B,B,130,1008,NaN,M,50,RCB,
2022101906,23w.2022,NESAT,TY,NN,17.0,110.2,50,997,266,7,266,7,49,50,45,45,55,20,25,25,45,15,TS,WN,B,B,130,1008,NaN,M,25,SJB,
2022101912,23w.2022,NESAT,TY,NN,17.2,109.4,40,1002,278,7,278,7,50,50,,30,70,NaN,NaN,NaN,NaN,NaN,TS,WN,B,B,130,1008,NaN,M,25,SJB,
2022101918,23w.2022,NESAT,TY,NN,17.3,108.7,35,1002,282,7,282,7,50,50,,30,70,NaN,NaN,NaN,NaN,NaN,TS,WN,B,B,130,1008,NaN,M,25,CRM,
2022102000,23w.2022,NESAT,TY,NN,17.4,108.5,30,1002,283,4,283,4,NaN,NaN,NaN,NaN,NaN,NaN,NaN,NaN,NaN,NaN,TD,WN,B,B,90,1012,NaN,M,25,CRM,
2022102006,23w.2022,NESAT,TY,NN,17.7,108.2,25,1009,310,3,310,3,NaN,NaN,NaN,NaN,NaN,NaN,NaN,NaN,NaN,NaN,TD,WN,B,B,95,1012,NaN,S,25,BCH,
2022102012,23w.2022,NESAT,TY,NN,17.5,107.9,25,1008,280,3,280,3,NaN,NaN,NaN,NaN,NaN,NaN,NaN,NaN,NaN,NaN,TD,WN,B,B,75,1012,NaN,S,25,BCH,
2022102018,23w.2022,NESAT,TY,NN,17.4,108.1,20,1010,198,2,198,2,NaN,NaN,NaN,NaN,NaN,NaN,NaN,NaN,NaN,NaN,DB,NW,B,B,75,1012,NaN,NaN,25,NaN,
2022102100,23w.2022,NESAT,TY,NN,17.5,108.2,20,1007,90,1,90,1,NaN,NaN,NaN,NaN,NaN,NaN,NaN,NaN,NaN,NaN,DB,NW,B,B,75,1012,NaN,NaN,25,NaN,
2022102106,23w.2022,NESAT,TY,NN,17.5,108.1,20,1010,360,0,360,1,NaN,NaN,NaN,NaN,NaN,NaN,NaN,NaN,NaN,NaN,DB,NW,B,B,NaN,NaN,NaN,NaN,25,NaN,
2022101400,f1w.2022,9X-F1W,TS,NN,25.4,154.4,20,1007,3,10,3,10,NaN,NaN,NaN,NaN,NaN,NaN,NaN,NaN,NaN,NaN,DB,NW,B,B,NaN,NaN,NaN,NaN,NaN,NaN,
2022101406,f1w.2022,9X-F1W,TS,NN,26.3,154.5,25,1004,3,10,3,10,NaN,NaN,NaN,NaN,NaN,NaN,NaN,NaN,NaN,NaN,SD,NW,B,B,NaN,NaN,NaN,NaN,NaN,NaN,
2022101412,f1w.2022,9X-F1W,TS,NN,27.3,154.5,30,1004,3,10,3,10,NaN,NaN,NaN,NaN,NaN,NaN,NaN,NaN,NaN,NaN,SD,NW,B,B,NaN,NaN,NaN,NaN,NaN,NaN,
2022101418,f1w.2022,9X-F1W,TS,NN,27.8,154.2,30,1001,350,8,350,8,NaN,NaN,NaN,NaN,NaN,NaN,NaN,NaN,NaN,NaN,SD,NW,B,B,145,1006,NaN,NaN,85,NaN,
2022101500,f1w.2022,9X-F1W,TS,NN,27.6,153.6,30,1001,291,4,291,4,NaN,NaN,NaN,NaN,NaN,NaN,NaN,NaN,NaN,NaN,SD,NW,B,B,145,1006,NaN,NaN,85,NaN,
2022101506,f1w.2022,9X-F1W,TS,NN,27.4,153.1,30,1000,248,5,248,5,NaN,NaN,NaN,NaN,NaN,NaN,NaN,NaN,NaN,NaN,SD,NW,B,B,165,1006,NaN,M,85,NaN,
2022101512,f1w.2022,9X-F1W,TS,NN,26.3,152.9,30,1000,206,7,206,7,NaN,NaN,NaN,NaN,NaN,NaN,NaN,NaN,NaN,NaN,SD,NW,B,B,145,1008,NaN,M,85,NaN,
2022101518,f1w.2022,9X-F1W,TS,NN,26.5,153.1,30,1004,180,5,180,4,NaN,NaN,NaN,NaN,NaN,NaN,NaN,NaN,NaN,NaN,SD,NW,B,B,170,1008,NaN,M,40,NaN,
2022101600,f1w.2022,9X-F1W,TS,NN,26.5,153.4,30,1003,66,2,66,2,NaN,NaN,NaN,NaN,NaN,NaN,NaN,NaN,NaN,NaN,SD,NW,B,B,170,1008,NaN,M,40,NaN,
2022101606,f1w.2022,9X-F1W,TS,NN,26.1,154.5,30,1003,108,7,108,7,NaN,NaN,NaN,NaN,NaN,NaN,NaN,NaN,NaN,NaN,SD,NW,B,B,145,1008,NaN,M,40,NaN,
2022101612,f1w.2022,9X-F1W,TS,NN,27.0,155.7,25,1005,76,11,76,11,NaN,NaN,NaN,NaN,NaN,NaN,NaN,NaN,NaN,NaN,SD,NW,B,B,155,1010,NaN,S,40,NaN,
2022101618,f1w.2022,9X-F1W,TS,NN,27.2,156.2,25,1006,54,9,54,9,NaN,NaN,NaN,NaN,NaN,NaN,NaN,NaN,NaN,NaN,SD,NW,B,B,175,1010,NaN,S,40,NaN,
2022101700,f1w.2022,9X-F1W,TS,NN,27.1,156.7,25,1007,84,4,84,4,NaN,NaN,NaN,NaN,NaN,NaN,NaN,NaN,NaN,NaN,SD,NW,B,B,175,1012,NaN,S,40,NaN,
2022101706,f1w.2022,9X-F1W,TS,NN,27.0,157.7,20,1008,99,7,99,7,NaN,NaN,NaN,NaN,NaN,NaN,NaN,NaN,NaN,NaN,SD,NW,B,B,165,1010,NaN,S,40,NaN,
2022101712,f1w.2022,9X-F1W,TS,NN,27.6,157.8,20,1007,63,5,63,5,NaN,NaN,NaN,NaN,NaN,NaN,NaN,NaN,NaN,NaN,DB,NW,B,B,165,1011,NaN,S,40,NaN,
2022101718,f1w.2022,9X-F1W,TS,NN,28.3,158.0,25,1005,12,7,12,7,NaN,NaN,NaN,NaN,NaN,NaN,NaN,NaN,NaN,NaN,TD,NW,B,B,165,1011,NaN,S,40,NaN,
2022101800,24w.2022,HAITANG,TS,NN,28.9,158.3,30,1004,19,7,19,7,NaN,NaN,NaN,NaN,NaN,NaN,NaN,NaN,NaN,NaN,TD,WN,B,B,170,1011,NaN,S,50,RCB,
2022101806,24w.2022,HAITANG,TS,NN,29.9,158.7,30,1001,21,9,21,9,NaN,NaN,NaN,NaN,NaN,NaN,NaN,NaN,NaN,NaN,TD,WN,B,B,170,1010,NaN,S,60,SJB,
2022101812,24w.2022,HAITANG,TS,NN,31.2,159.4,35,1004,22,12,22,12,75,,75,,,NaN,NaN,NaN,NaN,NaN,TS,WN,B,B,170,1010,NaN,S,50,SJB,
2022101818,24w.2022,HAITANG,TS,NN,32.4,160.7,30,1006,34,15,34,15,NaN,NaN,NaN,NaN,NaN,NaN,NaN,NaN,NaN,NaN,TD,WN,B,B,170,1010,NaN,S,55,RCB,
2022101900,24w.2022,HAITANG,TS,NN,33.6,162.9,30,1006,51,19,51,19,NaN,NaN,NaN,NaN,NaN,NaN,NaN,NaN,NaN,NaN,TD,NW,B,B,170,1010,NaN,NaN,55,NaN,
2022101906,24w.2022,HAITANG,TS,NN,35.2,164.9,35,998,51,22,51,22,95,,95,,,NaN,NaN,NaN,NaN,NaN,EX,NW,B,B,170,1010,NaN,S,55,NaN,
2022101912,24w.2022,HAITANG,TS,NN,37.0,167.5,35,998,48,25,48,25,95,,95,,,NaN,NaN,NaN,NaN,NaN,EX,NW,B,B,170,1010,NaN,NaN,55,NaN,
2022101612,f2w.2022,9X-F2W,TD,NN,15.7,132.5,15,1007,305,7,305,7,NaN,NaN,NaN,NaN,NaN,NaN,NaN,NaN,NaN,NaN,DB,NW,b,b,NaN,NaN,NaN,NaN,NaN,NaN,
2022101618,f2w.2022,9X-F2W,TD,NN,16.4,132.9,15,1010,305,7,305,7,NaN,NaN,NaN,NaN,NaN,NaN,NaN,NaN,NaN,NaN,DB,NW,b,b,NaN,NaN,NaN,NaN,NaN,NaN,
2022101700,f2w.2022,9X-F2W,TD,NN,16.5,131.3,15,NaN,305,7,305,7,NaN,NaN,NaN,NaN,NaN,NaN,NaN,NaN,NaN,NaN,NT,NW,c,c,NaN,NaN,NaN,NaN,NaN,NaN,
2022101706,f2w.2022,9X-F2W,TD,NN,18.1,133.0,15,NaN,3,9,3,9,NaN,NaN,NaN,NaN,NaN,NaN,NaN,NaN,NaN,NaN,NT,NW,c,c,NaN,NaN,NaN,NaN,NaN,NaN,
2022101712,f2w.2022,9X-F2W,TD,NN,18.8,132.9,15,NaN,353,8,34,14,NaN,NaN,NaN,NaN,NaN,NaN,NaN,NaN,NaN,NaN,NT,NW,c,c,NaN,NaN,NaN,NaN,NaN,NaN,
2022101718,f2w.2022,9X-F2W,TD,NN,19.5,132.3,15,NaN,335,8,335,8,NaN,NaN,NaN,NaN,NaN,NaN,NaN,NaN,NaN,NaN,NT,NW,c,c,NaN,NaN,NaN,NaN,NaN,NaN,
2022101800,f2w.2022,9X-F2W,TD,NN,19.2,132.4,15,NaN,320,5,310,3,NaN,NaN,NaN,NaN,NaN,NaN,NaN,NaN,NaN,NaN,NT,NW,c,c,NaN,NaN,NaN,NaN,NaN,NaN,
2022101806,f2w.2022,9X-F2W,TD,NN,19.7,132.4,15,NaN,305,3,25,1,NaN,NaN,NaN,NaN,NaN,NaN,NaN,NaN,NaN,NaN,NT,NW,c,c,NaN,NaN,NaN,NaN,NaN,NaN,
2022101812,f2w.2022,9X-F2W,TD,NN,19.9,132.1,15,NaN,305,3,338,4,NaN,NaN,NaN,NaN,NaN,NaN,NaN,NaN,NaN,NaN,NT,NW,c,c,NaN,NaN,NaN,NaN,NaN,NaN,
2022101818,f2w.2022,9X-F2W,TD,NN,20.7,132.1,15,1006,288,5,344,5,NaN,NaN,NaN,NaN,NaN,NaN,NaN,NaN,NaN,NaN,DB,NW,B,B,155,1009,NaN,NaN,50,NaN,
2022101900,f2w.2022,9X-F2W,TD,NN,21.0,131.6,20,1006,288,5,337,6,NaN,NaN,NaN,NaN,NaN,NaN,NaN,NaN,NaN,NaN,DB,NW,B,B,155,1009,NaN,NaN,60,NaN,
2022101906,f2w.2022,9X-F2W,TD,NN,21.0,131.1,20,1006,288,5,288,5,NaN,NaN,NaN,NaN,NaN,NaN,NaN,NaN,NaN,NaN,DB,NW,B,B,155,1008,NaN,S,55,NaN,
2022101912,f2w.2022,9X-F2W,TD,NN,20.9,130.7,20,1005,263,4,263,4,NaN,NaN,NaN,NaN,NaN,NaN,NaN,NaN,NaN,NaN,DB,NW,B,B,155,1008,NaN,S,55,NaN,
2022101918,25w.2022,TWENTYFIV,TD,NN,20.9,130.2,25,1005,263,4,263,4,NaN,NaN,NaN,NaN,NaN,NaN,NaN,NaN,NaN,NaN,TD,WN,B,B,155,1008,NaN,S,55,CRM,
2022102000,25w.2022,TWENTYFIV,TD,NN,21.0,129.4,25,1005,275,6,275,6,NaN,NaN,NaN,NaN,NaN,NaN,NaN,NaN,NaN,NaN,TD,WN,B,B,155,1008,NaN,S,45,CRM,
2022102006,25w.2022,TWENTYFIV,TD,NN,20.9,128.3,25,1004,270,9,270,9,NaN,NaN,NaN,NaN,NaN,NaN,NaN,NaN,NaN,NaN,TD,WN,B,B,150,1008,NaN,S,45,BCH,
2022102012,25w.2022,TWENTYFIV,TD,NN,20.7,127.2,25,1004,262,10,262,10,NaN,NaN,NaN,NaN,NaN,NaN,NaN,NaN,NaN,NaN,TD,WN,B,B,150,1008,NaN,S,45,BCH,
2022102018,25w.2022,TWENTYFIV,TD,NN,20.4,125.8,30,1004,258,12,258,12,NaN,NaN,NaN,NaN,NaN,NaN,NaN,NaN,NaN,NaN,TD,WN,B,B,90,1010,NaN,S,45,CRM,
2022102100,25w.2022,TWENTYFIV,TD,NN,20.4,124.4,30,1004,263,13,263,13,NaN,NaN,NaN,NaN,NaN,NaN,NaN,NaN,NaN,NaN,TD,WN,B,B,90,1010,NaN,S,45,CRM,
2022102106,25w.2022,TWENTYFIV,TD,NN,20.4,123.1,30,1006,270,13,270,13,NaN,NaN,NaN,NaN,NaN,NaN,NaN,NaN,NaN,NaN,TD,WN,B,B,120,1010,NaN,S,40,BCH,
2022102112,25w.2022,TWENTYFIV,TD,NN,20.4,121.7,30,1006,270,13,270,13,NaN,NaN,NaN,NaN,NaN,NaN,NaN,NaN,NaN,NaN,TD,WN,B,B,120,1013,0.03,S,40,BCH,
2022102118,25w.2022,TWENTYFIV,TD,NN,20.3,121.0,25,1007,267,10,267,10,NaN,NaN,NaN,NaN,NaN,NaN,NaN,NaN,NaN,NaN,TD,WN,B,B,95,1011,NaN,S,55,RCB,
2022102200,25w.2022,TWENTYFIV,TD,NN,20.3,120.3,25,1007,266,7,266,7,NaN,NaN,NaN,NaN,NaN,NaN,NaN,NaN,NaN,NaN,TD,WN,B,B,95,1011,NaN,S,55,RCB,
2022102206,25w.2022,TWENTYFIV,TD,NN,20.3,119.6,25,1007,270,7,270,7,NaN,NaN,NaN,NaN,NaN,NaN,NaN,NaN,NaN,NaN,TD,WN,B,B,95,1011,NaN,S,55,SJB,
2022102212,25w.2022,TWENTYFIV,TD,NN,20.3,118.9,25,1007,270,7,270,7,NaN,NaN,NaN,NaN,NaN,NaN,NaN,NaN,NaN,NaN,TD,WN,B,B,95,1011,NaN,S,55,SJB,
2022102218,25w.2022,TWENTYFIV,TD,NN,20.2,117.8,25,1009,267,8,267,8,NaN,NaN,NaN,NaN,NaN,NaN,NaN,NaN,NaN,NaN,TD,WN,B,B,60,1010,NaN,S,55,RCB,
2022102300,25w.2022,TWENTYFIV,TD,NN,20.0,116.6,30,1011,262,11,262,11,NaN,NaN,NaN,NaN,NaN,NaN,NaN,NaN,NaN,NaN,TD,NW,B,B,60,1012,NaN,S,45,NaN,
2022102306,25w.2022,TWENTYFIV,TD,NN,19.3,115.5,25,1010,247,12,247,12,NaN,NaN,NaN,NaN,NaN,NaN,NaN,NaN,NaN,NaN,TD,NW,B,B,60,1012,NaN,NaN,45,NaN,
2022102312,25w.2022,TWENTYFIV,TD,NN,18.8,114.6,20,1010,238,11,238,11,NaN,NaN,NaN,NaN,NaN,NaN,NaN,NaN,NaN,NaN,DB,NW,B,B,60,1012,NaN,NaN,45,NaN,
2022102318,25w.2022,TWENTYFIV,TD,NN,18.2,113.4,20,1007,241,11,241,11,NaN,NaN,NaN,NaN,NaN,NaN,NaN,NaN,NaN,NaN,DB,NW,B,B,60,1012,NaN,NaN,45,NaN,
2022102012,f3w.2022,9X-F3W,TY,NN,6.6,144.4,15,1010,284,4,284,4,NaN,NaN,NaN,NaN,NaN,NaN,NaN,NaN,NaN,NaN,DB,NW,b,b,NaN,NaN,NaN,NaN,NaN,NaN,
2022102018,f3w.2022,9X-F3W,TY,NN,7.0,143.8,15,1010,284,4,284,4,NaN,NaN,NaN,NaN,NaN,NaN,NaN,NaN,NaN,NaN,DB,NW,b,b,NaN,NaN,NaN,NaN,NaN,NaN,
2022102100,f3w.2022,9X-F3W,TY,NN,6.8,143.6,15,NaN,284,4,284,4,NaN,NaN,NaN,NaN,NaN,NaN,NaN,NaN,NaN,NaN,NT,NW,c,c,NaN,NaN,NaN,NaN,NaN,NaN,
2022102106,f3w.2022,9X-F3W,TY,NN,7.8,142.4,15,NaN,300,8,300,8,NaN,NaN,NaN,NaN,NaN,NaN,NaN,NaN,NaN,NaN,NT,NW,c,c,NaN,NaN,NaN,NaN,NaN,NaN,
2022102112,f3w.2022,9X-F3W,TY,NN,9.0,142.4,15,NaN,334,9,332,13,NaN,NaN,NaN,NaN,NaN,NaN,NaN,NaN,NaN,NaN,NT,NW,c,c,NaN,NaN,NaN,NaN,NaN,NaN,
2022102118,f3w.2022,9X-F3W,TY,NN,9.8,141.7,15,NaN,328,9,341,11,NaN,NaN,NaN,NaN,NaN,NaN,NaN,NaN,NaN,NaN,NT,NW,c,c,NaN,NaN,NaN,NaN,NaN,NaN,
2022102200,f3w.2022,9X-F3W,TY,NN,10.2,140.9,15,NaN,309,10,309,10,NaN,NaN,NaN,NaN,NaN,NaN,NaN,NaN,NaN,NaN,NT,NW,c,c,NaN,NaN,NaN,NaN,NaN,NaN,
2022102206,f3w.2022,9X-F3W,TY,NN,10.0,139.1,15,NaN,304,5,274,13,NaN,NaN,NaN,NaN,NaN,NaN,NaN,NaN,NaN,NaN,NT,NW,c,c,NaN,NaN,NaN,NaN,NaN,NaN,
2022102212,f3w.2022,9X-F3W,TY,NN,10.2,138.5,15,NaN,295,6,270,12,NaN,NaN,NaN,NaN,NaN,NaN,NaN,NaN,NaN,NaN,NT,NW,c,c,NaN,NaN,NaN,NaN,NaN,NaN,
2022102218,f3w.2022,9X-F3W,TY,NN,10.0,138.1,15,NaN,270,5,270,5,NaN,NaN,NaN,NaN,NaN,NaN,NaN,NaN,NaN,NaN,NT,NW,c,c,NaN,NaN,NaN,NaN,NaN,NaN,
2022102300,f3w.2022,9X-F3W,TY,NN,9.8,136.0,15,NaN,261,12,261,12,NaN,NaN,NaN,NaN,NaN,NaN,NaN,NaN,NaN,NaN,NT,NW,c,c,NaN,NaN,NaN,NaN,NaN,NaN,
2022102306,f3w.2022,9X-F3W,TY,NN,10.2,135.6,15,1008,275,12,275,12,NaN,NaN,NaN,NaN,NaN,NaN,NaN,NaN,NaN,NaN,DB,NW,b,b,NaN,NaN,NaN,NaN,NaN,NaN,
2022102312,f3w.2022,9X-F3W,TY,NN,10.6,135.8,15,NaN,346,4,346,4,NaN,NaN,NaN,NaN,NaN,NaN,NaN,NaN,NaN,NaN,NT,NW,c,c,NaN,NaN,NaN,NaN,NaN,NaN,
2022102318,f3w.2022,9X-F3W,TY,NN,10.8,136.0,15,NaN,33,4,33,4,NaN,NaN,NaN,NaN,NaN,NaN,NaN,NaN,NaN,NaN,NT,NW,c,c,NaN,NaN,NaN,NaN,NaN,NaN,
2022102400,f3w.2022,9X-F3W,TY,NN,11.1,136.2,15,NaN,38,3,38,3,NaN,NaN,NaN,NaN,NaN,NaN,NaN,NaN,NaN,NaN,NT,NW,c,c,NaN,NaN,NaN,NaN,NaN,NaN,
2022102406,f3w.2022,9X-F3W,TY,NN,11.6,134.9,15,NaN,307,5,307,7,NaN,NaN,NaN,NaN,NaN,NaN,NaN,NaN,NaN,NaN,NT,NW,c,c,NaN,NaN,NaN,NaN,NaN,NaN,
2022102412,f3w.2022,9X-F3W,TY,NN,11.9,134.4,15,NaN,304,5,294,10,NaN,NaN,NaN,NaN,NaN,NaN,NaN,NaN,NaN,NaN,NT,NW,c,c,NaN,NaN,NaN,NaN,NaN,NaN,
2022102418,f3w.2022,9X-F3W,TY,NN,9.5,137.2,15,1010,306,7,133,15,NaN,NaN,NaN,NaN,NaN,NaN,NaN,NaN,NaN,NaN,DB,NW,B,B,320,1009,NaN,NaN,NaN,NaN,
2022102500,f3w.2022,9X-F3W,TY,NN,9.9,136.4,15,1006,306,7,136,14,NaN,NaN,NaN,NaN,NaN,NaN,NaN,NaN,NaN,NaN,DB,NW,B,B,320,1009,NaN,S,NaN,NaN,
2022102506,f3w.2022,9X-F3W,TY,NN,10.3,136.1,20,1006,306,7,306,7,NaN,NaN,NaN,NaN,NaN,NaN,NaN,NaN,NaN,NaN,DB,NW,B,B,320,1008,NaN,S,NaN,NaN,
2022102512,f3w.2022,9X-F3W,TY,NN,10.6,135.8,20,1005,320,5,320,5,NaN,NaN,NaN,NaN,NaN,NaN,NaN,NaN,NaN,NaN,DB,NW,B,B,320,1008,NaN,S,85,NaN,
2022102518,f3w.2022,9X-F3W,TY,NN,11.1,134.9,20,1003,304,7,304,7,NaN,NaN,NaN,NaN,NaN,NaN,NaN,NaN,NaN,NaN,DB,NW,B,B,300,1006,NaN,S,85,NaN,
2022102600,f3w.2022,9X-F3W,TY,NN,11.7,133.7,25,1003,298,12,298,12,NaN,NaN,NaN,NaN,NaN,NaN,NaN,NaN,NaN,NaN,DB,NW,B,B,300,1007,NaN,S,85,NaN,
2022102606,f3w.2022,9X-F3W,TY,NN,12.0,133.0,20,1005,296,10,296,10,NaN,NaN,NaN,NaN,NaN,NaN,NaN,NaN,NaN,NaN,DB,NW,B,B,300,1005,NaN,S,85,NaN,
2022102612,f3w.2022,9X-F3W,TY,NN,12.1,132.2,20,1007,285,8,285,8,NaN,NaN,NaN,NaN,NaN,NaN,NaN,NaN,NaN,NaN,DB,NW,B,B,300,1007,NaN,S,90,NaN,
2022102618,f3w.2022,9X-F3W,TY,NN,12.1,131.6,20,1002,274,7,274,7,NaN,NaN,NaN,NaN,NaN,NaN,NaN,NaN,NaN,NaN,DB,NW,B,B,225,1004,NaN,S,60,NaN,
2022102700,26w.2022,NALGAE,TY,NN,12.1,131.1,25,1000,270,5,270,5,NaN,NaN,NaN,NaN,NaN,NaN,NaN,NaN,NaN,NaN,TD,WN,B,B,225,1004,NaN,S,60,RCB,
2022102706,26w.2022,NALGAE,TY,NN,12.1,130.6,30,998,270,5,270,5,NaN,NaN,NaN,NaN,NaN,NaN,NaN,NaN,NaN,NaN,TD,WN,B,B,225,1002,NaN,S,60,SJB,
2022102712,26w.2022,NALGAE,TY,NN,12.1,130.1,35,995,270,5,270,5,62,5,,115,65,NaN,NaN,NaN,NaN,NaN,TS,WN,B,B,225,1002,NaN,S,50,SJB,
2022102718,26w.2022,NALGAE,TY,NN,12.1,129.0,35,995,270,8,270,8,113,100,130,110,,NaN,NaN,NaN,NaN,NaN,TS,WN,B,B,240,1002,NaN,S,60,BRS,
2022102800,26w.2022,NALGAE,TY,NN,12.2,127.9,40,993,273,11,273,11,105,100,140,145,35,NaN,NaN,NaN,NaN,NaN,TS,WN,B,B,225,1002,NaN,S,40,BRS,
2022102806,26w.2022,NALGAE,TY,NN,12.4,126.6,40,994,277,12,277,12,112,140,105,90,115,NaN,NaN,NaN,NaN,NaN,TS,WN,B,B,225,1002,NaN,M,35,SJB,
2022102812,26w.2022,NALGAE,TY,NN,13.1,125.3,45,994,290,13,290,13,112,140,105,90,115,NaN,NaN,NaN,NaN,NaN,TS,WN,B,B,215,1004,0.02,M,25,SJB,
2022102818,26w.2022,NALGAE,TY,NN,13.7,123.9,55,989,296,15,296,15,132,195,175,50,110,38,60,30,50,55,TS,WN,B,B,250,1004,0.39,M,25,JZC,
2022102900,26w.2022,NALGAE,TY,NN,13.6,122.2,55,990,279,15,279,15,121,150,125,80,130,45,60,30,80,55,TS,WN,B,B,300,1005,0.28,D,25,BCH,
2022102906,26w.2022,NALGAE,TY,NN,14.0,121.6,55,990,278,11,278,11,121,150,125,80,130,45,60,30,80,55,TS,WN,B,B,300,1005,0.50,D,25,CRM,
2022102912,26w.2022,NALGAE,TY,NN,14.9,121.1,50,987,321,8,321,8,151,150,125,80,250,42,60,30,80,,TS,WN,B,B,300,1005,0.85,D,25,CRM,
2022102918,26w.2022,NALGAE,TY,NN,15.8,120.2,45,991,323,11,323,11,161,150,95,145,255,NaN,NaN,NaN,NaN,NaN,TS,WN,B,B,325,1004,0.47,D,20,BCH,
2022103000,26w.2022,NALGAE,TY,NN,15.9,118.8,45,992,294,12,294,12,179,160,125,150,280,NaN,NaN,NaN,NaN,NaN,TS,WN,B,B,330,1005,NaN,D,20,BCH,
2022103006,26w.2022,NALGAE,TY,NN,15.0,117.4,45,990,253,14,253,14,179,160,125,150,280,NaN,NaN,NaN,NaN,NaN,TS,WN,B,B,330,1005,NaN,D,20,CRM,
2022103012,26w.2022,NALGAE,TY,NN,15.2,117.7,45,987,237,6,237,6,184,160,125,170,280,NaN,NaN,NaN,NaN,NaN,TS,WN,B,B,330,1006,NaN,D,20,CRM,
2022103018,26w.2022,NALGAE,TY,NN,16.1,117.3,45,994,355,6,355,6,200,205,130,180,285,NaN,NaN,NaN,NaN,NaN,TS,WN,B,B,360,1005,NaN,D,55,BCH,
2022103100,26w.2022,NALGAE,TY,NN,16.6,117.0,55,985,334,8,334,8,216,205,190,180,290,65,65,60,180,80,TS,WN,B,B,360,1006,NaN,D,40,BCH,
2022103106,26w.2022,NALGAE,TY,NN,17.1,116.7,65,984,330,6,330,6,216,205,190,180,290,65,65,60,180,80,TY,WN,B,B,360,1005,NaN,D,40,NaN,
2022103112,26w.2022,NALGAE,TY,NN,17.6,116.5,65,983,334,6,334,6,216,205,190,180,290,96,65,60,180,130,TY,WN,B,B,360,1005,NaN,D,40,CRM,
2022103118,26w.2022,NALGAE,TY,NN,18.1,116.3,70,980,339,5,339,5,162,215,135,130,170,71,70,70,130,85,TY,WN,B,B,205,1003,NaN,D,15,WAD,
2022110100,26w.2022,NALGAE,TY,NN,18.5,116.2,70,979,342,5,342,5,168,205,120,155,190,82,55,65,155,120,TY,WN,B,B,200,1005,NaN,D,30,WAD,
2022110106,26w.2022,NALGAE,TY,NN,19.0,116.0,65,982,342,5,342,5,178,245,145,120,200,60,75,60,120,60,TY,WN,B,B,190,1004,NaN,D,30,RCB,
2022110112,26w.2022,NALGAE,TY,NN,19.5,115.7,60,984,335,6,335,6,178,230,140,150,190,59,85,45,150,60,TS,WN,B,B,200,1004,NaN,D,40,RCB,
2022110118,26w.2022,NALGAE,TY,NN,20.0,115.5,55,988,335,6,335,6,154,255,90,120,150,85,165,40,120,80,TS,WN,B,B,200,1007,NaN,D,40,SJB,
2022110200,26w.2022,NALGAE,TY,NN,20.5,115.2,50,991,335,6,335,6,136,245,100,90,110,71,140,50,90,55,TS,WN,B,B,200,1007,NaN,M,40,SJB,
2022110206,26w.2022,NALGAE,TY,NN,21.0,115.1,45,995,339,5,339,5,136,250,90,80,125,NaN,NaN,NaN,NaN,NaN,TS,WN,B,B,180,1008,NaN,M,50,RCB,
2022110212,26w.2022,NALGAE,TY,NN,21.6,114.7,40,1002,337,6,337,6,75,195,30,40,35,NaN,NaN,NaN,NaN,NaN,TS,WN,B,B,140,1010,NaN,M,35,RCB,
2022110218,26w.2022,NALGAE,TY,NN,22.0,113.8,35,1003,310,8,310,8,70,110,70,50,50,NaN,NaN,NaN,NaN,NaN,TS,WN,B,B,120,1010,0.14,M,35,BCH,
2022110300,26w.2022,NALGAE,TY,NN,22.5,112.9,25,1010,298,9,298,9,NaN,NaN,NaN,NaN,NaN,NaN,NaN,NaN,NaN,NaN,TD,WN,B,B,100,1012,0.89,S,35,BCH,
2022110306,26w.2022,NALGAE,TY,NN,22.6,112.7,20,1010,301,6,301,6,NaN,NaN,NaN,NaN,NaN,NaN,NaN,NaN,NaN,NaN,DB,NW,B,B,100,1012,0.98,S,35,NaN,
2022110312,26w.2022,NALGAE,TY,NN,22.6,112.4,15,1014,282,2,282,2,NaN,NaN,NaN,NaN,NaN,NaN,NaN,NaN,NaN,NaN,DB,NW,B,B,NaN,NaN,0.98,S,NaN,NaN,
2022110318,26w.2022,NALGAE,TY,NN,22.9,112.1,15,1014,298,3,298,3,NaN,NaN,NaN,NaN,NaN,NaN,NaN,NaN,NaN,NaN,DB,NW,B,B,NaN,NaN,0.98,NaN,NaN,NaN,
2022102518,f4w.2022,9X-F4W,TS,NN,7.1,147.7,15,1010,285,8,285,8,NaN,NaN,NaN,NaN,NaN,NaN,NaN,NaN,NaN,NaN,DB,NW,b,b,NaN,NaN,NaN,NaN,NaN,NaN,
2022102600,f4w.2022,9X-F4W,TS,NN,7.3,146.9,15,1010,285,8,285,8,NaN,NaN,NaN,NaN,NaN,NaN,NaN,NaN,NaN,NaN,DB,NW,b,b,NaN,NaN,NaN,NaN,NaN,NaN,
2022102606,f4w.2022,9X-F4W,TS,NN,7.5,146.2,15,NaN,284,4,285,8,NaN,NaN,NaN,NaN,NaN,NaN,NaN,NaN,NaN,NaN,NT,NW,c,c,NaN,NaN,NaN,NaN,NaN,NaN,
2022102612,f4w.2022,9X-F4W,TS,NN,7.9,145.2,15,NaN,290,9,290,9,NaN,NaN,NaN,NaN,NaN,NaN,NaN,NaN,NaN,NaN,NT,NW,c,c,NaN,NaN,NaN,NaN,NaN,NaN,
2022102618,f4w.2022,9X-F4W,TS,NN,8.2,144.4,15,NaN,294,9,291,10,NaN,NaN,NaN,NaN,NaN,NaN,NaN,NaN,NaN,NaN,NT,NW,c,c,NaN,NaN,NaN,NaN,NaN,NaN,
2022102700,f4w.2022,9X-F4W,TS,NN,8.4,143.8,15,NaN,290,7,290,7,NaN,NaN,NaN,NaN,NaN,NaN,NaN,NaN,NaN,NaN,NT,NW,c,c,NaN,NaN,NaN,NaN,NaN,NaN,
2022102706,f4w.2022,9X-F4W,TS,NN,8.4,142.7,15,NaN,277,8,277,8,NaN,NaN,NaN,NaN,NaN,NaN,NaN,NaN,NaN,NaN,NT,NW,c,c,NaN,NaN,NaN,NaN,NaN,NaN,
2022102712,f4w.2022,9X-F4W,TS,NN,8.6,141.9,15,NaN,281,8,276,9,NaN,NaN,NaN,NaN,NaN,NaN,NaN,NaN,NaN,NaN,NT,NW,c,c,NaN,NaN,NaN,NaN,NaN,NaN,
2022102718,f4w.2022,9X-F4W,TS,NN,8.9,141.3,15,NaN,290,7,290,7,NaN,NaN,NaN,NaN,NaN,NaN,NaN,NaN,NaN,NaN,NT,NW,c,c,NaN,NaN,NaN,NaN,NaN,NaN,
2022102800,f4w.2022,9X-F4W,TS,NN,8.4,142.6,15,1005,287,7,106,4,NaN,NaN,NaN,NaN,NaN,NaN,NaN,NaN,NaN,NaN,DB,NW,B,B,NaN,NaN,NaN,NaN,NaN,NaN,
2022102806,f4w.2022,9X-F4W,TS,NN,8.6,141.9,20,1005,287,7,117,3,NaN,NaN,NaN,NaN,NaN,NaN,NaN,NaN,NaN,NaN,DB,NW,B,B,NaN,NaN,NaN,NaN,NaN,NaN,
2022102812,f4w.2022,9X-F4W,TS,NN,8.8,141.3,25,1004,287,7,287,7,NaN,NaN,NaN,NaN,NaN,NaN,NaN,NaN,NaN,NaN,DB,NW,B,B,125,1008,NaN,S,45,NaN,
2022102818,f4w.2022,9X-F4W,TS,NN,8.8,140.6,25,1004,279,7,279,7,NaN,NaN,NaN,NaN,NaN,NaN,NaN,NaN,NaN,NaN,DB,NW,B,B,125,1008,NaN,S,45,NaN,
2022102900,f4w.2022,9X-F4W,TS,NN,8.8,140.2,20,1004,270,5,270,5,NaN,NaN,NaN,NaN,NaN,NaN,NaN,NaN,NaN,NaN,DB,NW,B,B,115,1009,NaN,S,60,NaN,
2022102906,f4w.2022,9X-F4W,TS,NN,8.8,139.8,20,1004,270,4,270,4,NaN,NaN,NaN,NaN,NaN,NaN,NaN,NaN,NaN,NaN,DB,NW,B,B,115,1005,NaN,S,60,NaN,
2022102912,f4w.2022,9X-F4W,TS,NN,9.0,139.5,20,1005,286,4,286,4,NaN,NaN,NaN,NaN,NaN,NaN,NaN,NaN,NaN,NaN,DB,NW,B,B,115,1006,NaN,S,60,NaN,
2022102918,f4w.2022,9X-F4W,TS,NN,9.0,138.9,20,1003,283,5,283,5,NaN,NaN,NaN,NaN,NaN,NaN,NaN,NaN,NaN,NaN,DB,NW,B,B,125,1006,NaN,S,60,NaN,
2022103000,f4w.2022,9X-F4W,TS,NN,9.0,138.0,20,1003,270,7,270,7,NaN,NaN,NaN,NaN,NaN,NaN,NaN,NaN,NaN,NaN,DB,NW,B,B,130,1008,NaN,S,60,NaN,
2022103006,f4w.2022,9X-F4W,TS,NN,9.0,136.9,20,1003,270,10,270,10,NaN,NaN,NaN,NaN,NaN,NaN,NaN,NaN,NaN,NaN,DB,NW,B,B,200,1006,NaN,S,60,NaN,
2022103012,f4w.2022,9X-F4W,TS,NN,8.5,136.1,25,1003,255,10,255,10,NaN,NaN,NaN,NaN,NaN,NaN,NaN,NaN,NaN,NaN,DB,NW,B,B,150,1008,NaN,S,60,NaN,
2022103018,27w.2022,BANYAN,TS,NN,8.2,135.3,30,1002,243,9,243,9,NaN,NaN,NaN,NaN,NaN,NaN,NaN,NaN,NaN,NaN,TD,WN,B,B,125,1006,NaN,S,30,BCH,
2022103100,27w.2022,BANYAN,TS,NN,7.4,133.7,35,1000,245,13,245,13,69,80,30,100,65,NaN,NaN,NaN,NaN,NaN,TS,WN,B,B,125,1008,NaN,M,30,BCH,
2022103106,27w.2022,BANYAN,TS,NN,7.1,132.8,35,1000,246,14,246,14,50,50,40,70,40,NaN,NaN,NaN,NaN,NaN,TS,WN,B,B,125,1006,NaN,M,30,CRM,
2022103112,27w.2022,BANYAN,TS,NN,7.0,132.5,25,1007,251,6,251,6,NaN,NaN,NaN,NaN,NaN,NaN,NaN,NaN,NaN,NaN,TD,WN,B,B,125,1008,NaN,M,30,CRM,
2022103118,27w.2022,BANYAN,TS,NN,7.1,132.1,25,1005,270,3,270,3,NaN,NaN,NaN,NaN,NaN,NaN,NaN,NaN,NaN,NaN,TD,WN,B,B,125,1007,NaN,S,25,WAD,
2022110100,27w.2022,BANYAN,TS,NN,7.1,131.7,25,1004,277,4,277,4,NaN,NaN,NaN,NaN,NaN,NaN,NaN,NaN,NaN,NaN,TD,NW,B,B,125,1007,NaN,NaN,25,NaN,
2022110106,27w.2022,BANYAN,TS,NN,7.4,131.0,20,1006,285,6,285,6,NaN,NaN,NaN,NaN,NaN,NaN,NaN,NaN,NaN,NaN,DB,NW,B,B,125,1007,NaN,NaN,25,NaN,
2022111012,g6w.2022,9X-G6W,TS,NN,19.5,169.7,15,1010,291,6,291,6,NaN,NaN,NaN,NaN,NaN,NaN,NaN,NaN,NaN,NaN,DB,NW,B,B,NaN,NaN,NaN,NaN,NaN,NaN,
2022111018,g6w.2022,9X-G6W,TS,NN,19.7,169.1,15,1010,291,6,291,6,NaN,NaN,NaN,NaN,NaN,NaN,NaN,NaN,NaN,NaN,DB,NW,B,B,NaN,NaN,NaN,NaN,NaN,NaN,
2022111100,g6w.2022,9X-G6W,TS,NN,19.9,168.6,15,1010,291,6,291,6,NaN,NaN,NaN,NaN,NaN,NaN,NaN,NaN,NaN,NaN,DB,NW,B,B,NaN,NaN,NaN,NaN,NaN,NaN,
2022111106,g6w.2022,9X-G6W,TS,NN,20.0,168.1,20,1010,288,5,288,5,NaN,NaN,NaN,NaN,NaN,NaN,NaN,NaN,NaN,NaN,DB,NW,B,B,NaN,NaN,NaN,NaN,NaN,NaN,
2022111112,g6w.2022,9X-G6W,TS,NN,20.1,167.5,20,1009,281,5,281,5,NaN,NaN,NaN,NaN,NaN,NaN,NaN,NaN,NaN,NaN,DB,NW,B,B,NaN,NaN,NaN,NaN,NaN,NaN,
2022111118,g6w.2022,9X-G6W,TS,NN,20.3,166.7,20,1009,283,7,283,7,NaN,NaN,NaN,NaN,NaN,NaN,NaN,NaN,NaN,NaN,DB,NW,B,B,100,1012,NaN,S,70,NaN,
2022111200,g6w.2022,9X-G6W,TS,NN,20.4,165.8,20,1008,281,8,281,8,NaN,NaN,NaN,NaN,NaN,NaN,NaN,NaN,NaN,NaN,DB,NW,B,B,100,1012,NaN,S,70,NaN,
2022111206,g6w.2022,9X-G6W,TS,NN,20.6,165.5,25,1010,285,6,285,6,NaN,NaN,NaN,NaN,NaN,NaN,NaN,NaN,NaN,NaN,TD,NW,B,B,100,1012,NaN,S,70,NaN,
2022111212,28w.2022,YAMANEKO,TS,NN,21.2,165.5,30,1007,341,4,341,4,NaN,NaN,NaN,NaN,NaN,NaN,NaN,NaN,NaN,NaN,TD,WN,B,B,115,1012,NaN,S,70,CRM,
2022111218,28w.2022,YAMANEKO,TS,NN,21.7,165.7,35,1003,10,6,10,6,98,110,85,,,NaN,NaN,NaN,NaN,NaN,TS,WN,B,B,115,1010,NaN,S,40,BCH,
2022111300,28w.2022,YAMANEKO,TS,NN,21.9,165.8,35,1002,22,4,22,4,130,130,,,,NaN,NaN,NaN,NaN,NaN,TS,WN,B,B,115,1011,NaN,S,40,BCH,
2022111306,28w.2022,YAMANEKO,TS,NN,22.1,165.9,35,1002,25,2,25,2,90,100,,,80,NaN,NaN,NaN,NaN,NaN,TS,WN,B,B,115,1010,NaN,S,40,CRM,
2022111312,28w.2022,YAMANEKO,TS,NN,22.2,165.9,35,1003,17,2,17,2,95,100,,,90,NaN,NaN,NaN,NaN,NaN,TS,WN,B,B,100,1010,NaN,S,40,CRM,
2022111318,28w.2022,YAMANEKO,TS,NN,22.8,165.9,30,1003,360,3,360,3,NaN,NaN,NaN,NaN,NaN,NaN,NaN,NaN,NaN,NaN,TD,WN,B,B,100,1009,NaN,S,40,BCH,
2022111400,28w.2022,YAMANEKO,TS,NN,23.8,165.6,30,1003,350,8,350,8,NaN,NaN,NaN,NaN,NaN,NaN,NaN,NaN,NaN,NaN,SD,WN,B,B,100,1009,NaN,S,40,BCH,
2022111406,28w.2022,YAMANEKO,TS,NN,24.7,165.7,30,1003,354,10,354,10,NaN,NaN,NaN,NaN,NaN,NaN,NaN,NaN,NaN,NaN,SD,NW,B,B,120,1008,NaN,S,40,NaN,
2022111412,28w.2022,YAMANEKO,TS,NN,26.2,166.5,25,1004,19,13,19,13,NaN,NaN,NaN,NaN,NaN,NaN,NaN,NaN,NaN,NaN,SD,NW,B,B,120,1008,NaN,S,70,NaN,
2022111418,28w.2022,YAMANEKO,TS,NN,28.2,167.9,20,1007,29,20,29,20,NaN,NaN,NaN,NaN,NaN,NaN,NaN,NaN,NaN,NaN,SD,NW,B,B,120,1008,NaN,S,70,NaN,
2022120500,g2w.2022,9X-G2W,TS,NN,1.7,144.2,15,1010,307,5,294,7,NaN,NaN,NaN,NaN,NaN,NaN,NaN,NaN,NaN,NaN,DB,NW,b,b,NaN,NaN,NaN,NaN,NaN,NaN,
2022120506,g2w.2022,9X-G2W,TS,NN,2.0,143.8,15,1010,307,5,294,7,NaN,NaN,NaN,NaN,NaN,NaN,NaN,NaN,NaN,NaN,DB,NW,b,b,NaN,NaN,NaN,NaN,NaN,NaN,
2022120512,g2w.2022,9X-G2W,TS,NN,2.3,143.4,15,1010,307,5,294,7,NaN,NaN,NaN,NaN,NaN,NaN,NaN,NaN,NaN,NaN,DB,NW,b,b,NaN,NaN,NaN,NaN,NaN,NaN,
2022120518,g2w.2022,9X-G2W,TS,NN,2.5,142.4,15,1010,278,11,294,7,NaN,NaN,NaN,NaN,NaN,NaN,NaN,NaN,NaN,NaN,DB,NW,b,b,NaN,NaN,NaN,NaN,NaN,NaN,
2022120600,g2w.2022,9X-G2W,TS,NN,4.5,140.7,15,1009,289,11,309,17,NaN,NaN,NaN,NaN,NaN,NaN,NaN,NaN,NaN,NaN,DB,NW,B,B,NaN,NaN,NaN,NaN,NaN,NaN,
2022120606,g2w.2022,9X-G2W,TS,NN,4.8,139.5,15,1008,289,11,308,18,NaN,NaN,NaN,NaN,NaN,NaN,NaN,NaN,NaN,NaN,DB,NW,B,B,NaN,NaN,NaN,NaN,NaN,NaN,
2022120612,g2w.2022,9X-G2W,TS,NN,5.2,138.7,15,1008,289,11,289,11,NaN,NaN,NaN,NaN,NaN,NaN,NaN,NaN,NaN,NaN,DB,NW,B,B,NaN,NaN,NaN,NaN,NaN,NaN,
2022120618,g2w.2022,9X-G2W,TS,NN,5.4,138.1,15,1006,293,8,293,8,NaN,NaN,NaN,NaN,NaN,NaN,NaN,NaN,NaN,NaN,DB,NW,B,B,NaN,NaN,NaN,NaN,NaN,NaN,
2022120700,g2w.2022,9X-G2W,TS,NN,5.6,137.6,15,1005,290,6,290,6,NaN,NaN,NaN,NaN,NaN,NaN,NaN,NaN,NaN,NaN,DB,NW,B,B,NaN,NaN,NaN,NaN,NaN,NaN,
2022120706,g2w.2022,9X-G2W,TS,NN,5.7,137.2,15,1004,289,5,289,5,NaN,NaN,NaN,NaN,NaN,NaN,NaN,NaN,NaN,NaN,DB,NW,B,B,NaN,NaN,NaN,NaN,NaN,NaN,
2022120712,g2w.2022,9X-G2W,TS,NN,5.7,136.7,15,1006,276,5,276,5,NaN,NaN,NaN,NaN,NaN,NaN,NaN,NaN,NaN,NaN,DB,NW,B,B,NaN,NaN,NaN,NaN,NaN,NaN,
2022120718,g2w.2022,9X-G2W,TS,NN,5.8,136.1,15,1010,275,5,275,5,NaN,NaN,NaN,NaN,NaN,NaN,NaN,NaN,NaN,NaN,DB,NW,B,B,NaN,NaN,NaN,NaN,NaN,NaN,
2022120800,g2w.2022,9X-G2W,TS,NN,6.0,134.8,15,1010,279,10,279,10,NaN,NaN,NaN,NaN,NaN,NaN,NaN,NaN,NaN,NaN,DB,NW,B,B,NaN,NaN,NaN,NaN,NaN,NaN,
2022120806,g2w.2022,9X-G2W,TS,NN,6.5,133.9,20,1008,288,11,288,11,NaN,NaN,NaN,NaN,NaN,NaN,NaN,NaN,NaN,NaN,DB,NW,B,B,150,1008,NaN,S,NaN,NaN,
2022120812,g2w.2022,9X-G2W,TS,NN,7.2,132.9,20,1008,302,11,302,11,NaN,NaN,NaN,NaN,NaN,NaN,NaN,NaN,NaN,NaN,DB,NW,B,B,150,1008,NaN,S,NaN,NaN,
2022120818,g2w.2022,9X-G2W,TS,NN,8.7,131.1,20,1005,308,18,308,18,NaN,NaN,NaN,NaN,NaN,NaN,NaN,NaN,NaN,NaN,DB,NW,B,B,150,1007,NaN,S,NaN,NaN,
2022120900,g2w.2022,9X-G2W,TS,NN,9.6,129.7,20,1004,307,20,307,20,NaN,NaN,NaN,NaN,NaN,NaN,NaN,NaN,NaN,NaN,DB,NW,B,B,150,1006,NaN,S,NaN,NaN,
2022120906,g2w.2022,9X-G2W,TS,NN,10.7,128.2,20,1004,305,17,305,17,NaN,NaN,NaN,NaN,NaN,NaN,NaN,NaN,NaN,NaN,DB,NW,B,B,150,1006,NaN,S,NaN,NaN,
2022120912,g2w.2022,9X-G2W,TS,NN,12.1,127.0,20,1003,313,18,313,18,NaN,NaN,NaN,NaN,NaN,NaN,NaN,NaN,NaN,NaN,DB,NW,B,B,150,1005,NaN,S,NaN,NaN,
2022120918,g2w.2022,9X-G2W,TS,NN,13.1,125.8,20,1003,316,17,316,17,NaN,NaN,NaN,NaN,NaN,NaN,NaN,NaN,NaN,NaN,DB,NW,B,B,290,1005,NaN,S,NaN,NaN,
2022121000,g2w.2022,9X-G2W,TS,NN,14.4,124.9,20,1003,318,15,318,15,NaN,NaN,NaN,NaN,NaN,NaN,NaN,NaN,NaN,NaN,DB,NW,B,B,240,1007,NaN,S,NaN,NaN,
2022121006,g2w.2022,9X-G2W,TS,NN,15.2,124.2,20,1003,324,13,324,13,NaN,NaN,NaN,NaN,NaN,NaN,NaN,NaN,NaN,NaN,DB,NW,B,B,240,1007,NaN,S,NaN,NaN,
2022121012,g2w.2022,9X-G2W,TS,NN,16.0,124.7,20,1005,353,8,353,8,NaN,NaN,NaN,NaN,NaN,NaN,NaN,NaN,NaN,NaN,DB,NW,B,B,200,1007,NaN,M,50,NaN,
2022121018,29w.2022,PAKHAR,TS,NN,16.4,125.2,25,1002,39,8,39,8,NaN,NaN,NaN,NaN,NaN,NaN,NaN,NaN,NaN,NaN,TD,WN,B,B,200,1005,NaN,M,40,CRM,
2022121100,29w.2022,PAKHAR,TS,NN,16.8,125.7,35,1000,50,6,50,6,115,,,100,130,NaN,NaN,NaN,NaN,NaN,TS,WN,B,B,200,1007,NaN,M,30,CRM,
2022121106,29w.2022,PAKHAR,TS,NN,17.7,126.4,35,1000,41,9,41,9,115,,,100,130,NaN,NaN,NaN,NaN,NaN,TS,WN,B,B,175,1004,NaN,M,30,BCH,
2022121112,29w.2022,PAKHAR,TS,NN,18.5,127.3,40,997,42,11,42,11,70,,60,90,60,NaN,NaN,NaN,NaN,NaN,TS,WN,B,B,175,1004,NaN,M,30,BCH,
2022121118,29w.2022,PAKHAR,TS,NN,19.2,128.2,50,995,49,11,49,11,115,150,65,95,150,30,30,,95,30,TS,WN,B,B,160,1006,NaN,M,20,NaN,
2022121200,29w.2022,PAKHAR,TS,NN,19.7,129.2,50,992,56,11,56,11,86,120,45,60,120,30,30,,60,30,TS,WN,B,B,180,1009,NaN,M,20,JZC,
2022121206,29w.2022,PAKHAR,TS,NN,20.0,130.0,45,996,65,9,65,9,84,120,50,60,105,NaN,NaN,NaN,NaN,NaN,TS,WN,B,B,170,1006,NaN,M,20,BCH,
2022121212,29w.2022,PAKHAR,TS,NN,19.9,130.6,35,1000,81,7,81,7,88,90,,,85,NaN,NaN,NaN,NaN,NaN,TS,WN,B,B,130,1009,NaN,S,30,BCH,
2022121218,29w.2022,PAKHAR,TS,NN,19.1,131.2,25,1004,129,7,129,7,NaN,NaN,NaN,NaN,NaN,NaN,NaN,NaN,NaN,NaN,TD,WN,B,B,110,1008,NaN,S,30,RCB,
2022121300,29w.2022,PAKHAR,TS,NN,18.6,131.2,20,1007,156,7,156,7,NaN,NaN,NaN,NaN,NaN,NaN,NaN,NaN,NaN,NaN,DB,NW,B,B,110,1008,NaN,NaN,25,NaN,
2022121306,29w.2022,PAKHAR,TS,NN,17.9,131.2,20,1007,180,6,180,6,NaN,NaN,NaN,NaN,NaN,NaN,NaN,NaN,NaN,NaN,DB,NW,B,B,110,1008,NaN,NaN,25,NaN,
2022043012,a0w.2022,9X-A0W,TD,NONdev,5.1,129.2,15,1008,267,11,275,8,NaN,NaN,NaN,NaN,NaN,NaN,NaN,NaN,NaN,NaN,DB,NW,b,b,NaN,NaN,NaN,NaN,NaN,NaN,
2022043018,a0w.2022,9X-A0W,TD,NONdev,5.0,128.1,15,1008,267,11,275,8,NaN,NaN,NaN,NaN,NaN,NaN,NaN,NaN,NaN,NaN,DB,NW,b,b,NaN,NaN,NaN,NaN,NaN,NaN,
2022050100,a0w.2022,9X-A0W,TD,NONdev,5.0,127.0,15,1008,270,10,275,8,NaN,NaN,NaN,NaN,NaN,NaN,NaN,NaN,NaN,NaN,DB,NW,c,c,NaN,NaN,NaN,NaN,NaN,NaN,
2022050106,a0w.2022,9X-A0W,TD,NONdev,5.3,126.7,15,1006,277,8,275,8,NaN,NaN,NaN,NaN,NaN,NaN,NaN,NaN,NaN,NaN,DB,NW,c,c,NaN,NaN,NaN,NaN,NaN,NaN,
2022050112,a0w.2022,9X-A0W,TD,NONdev,5.8,126.0,15,1007,295,8,309,6,NaN,NaN,NaN,NaN,NaN,NaN,NaN,NaN,NaN,NaN,DB,NW,c,c,75,1009,0.12,NaN,30,NaN,
2022050118,a0w.2022,9X-A0W,TD,NONdev,5.2,128.6,15,1007,280,6,93,9,NaN,NaN,NaN,NaN,NaN,NaN,NaN,NaN,NaN,NaN,DB,NW,C,C,75,1009,NaN,S,30,NaN,
2022050200,a0w.2022,9X-A0W,TD,NONdev,5.5,128.4,15,1006,290,5,97,12,NaN,NaN,NaN,NaN,NaN,NaN,NaN,NaN,NaN,NaN,DB,NW,C,C,75,1009,NaN,S,30,NaN,
2022050206,a0w.2022,9X-A0W,TD,NONdev,5.7,127.9,20,1005,300,5,306,4,NaN,NaN,NaN,NaN,NaN,NaN,NaN,NaN,NaN,NaN,DB,NW,C,C,100,1006,NaN,S,30,NaN,
2022050212,a0w.2022,9X-A0W,TD,NONdev,5.9,127.9,20,1006,315,3,309,3,NaN,NaN,NaN,NaN,NaN,NaN,NaN,NaN,NaN,NaN,DB,NW,C,C,115,1008,NaN,S,30,NaN,
2022050218,a0w.2022,9X-A0W,TD,NONdev,6.0,127.4,20,1005,301,3,301,3,NaN,NaN,NaN,NaN,NaN,NaN,NaN,NaN,NaN,NaN,DB,NW,c,c,95,1006,NaN,NaN,25,NaN,
2022050300,a0w.2022,9X-A0W,TD,NONdev,6.0,127.3,15,1005,280,3,280,3,NaN,NaN,NaN,NaN,NaN,NaN,NaN,NaN,NaN,NaN,DB,NW,c,c,90,1006,NaN,NaN,30,NaN,
2022050306,a0w.2022,9X-A0W,TD,NONdev,6.1,127.2,15,1006,297,1,297,1,NaN,NaN,NaN,NaN,NaN,NaN,NaN,NaN,NaN,NaN,DB,NW,b,b,90,1009,NaN,NaN,30,NaN,
2022050312,a0w.2022,9X-A0W,TD,NONdev,6.1,127.1,15,1008,297,1,297,1,NaN,NaN,NaN,NaN,NaN,NaN,NaN,NaN,NaN,NaN,DB,NW,b,b,90,1010,NaN,NaN,30,NaN,
2022050318,a0w.2022,9X-A0W,TD,NONdev,5.8,126.6,15,1006,243,3,243,3,NaN,NaN,NaN,NaN,NaN,NaN,NaN,NaN,NaN,NaN,DB,NW,c,c,90,1007,0.01,NaN,30,NaN,
2022012306,a1w.2022,9X-A1W,TD,NONdev,7.3,132.4,15,1010,292,15,292,15,NaN,NaN,NaN,NaN,NaN,NaN,NaN,NaN,NaN,NaN,DB,NW,b,b,NaN,NaN,NaN,NaN,NaN,NaN,
2022012312,a1w.2022,9X-A1W,TD,NONdev,7.8,131.0,15,1010,292,15,292,15,NaN,NaN,NaN,NaN,NaN,NaN,NaN,NaN,NaN,NaN,DB,NW,b,b,NaN,NaN,NaN,NaN,NaN,NaN,
2022012318,a1w.2022,9X-A1W,TD,NONdev,8.4,129.6,15,1004,292,15,292,15,NaN,NaN,NaN,NaN,NaN,NaN,NaN,NaN,NaN,NaN,DB,NW,c,c,125,1005,NaN,NaN,50,NaN,
2022012400,a1w.2022,9X-A1W,TD,NONdev,8.3,128.0,20,1003,280,15,280,15,NaN,NaN,NaN,NaN,NaN,NaN,NaN,NaN,NaN,NaN,DB,NW,c,c,125,1007,NaN,NaN,50,NaN,
2022012406,a1w.2022,9X-A1W,TD,NONdev,7.7,128.7,20,1007,232,6,232,6,NaN,NaN,NaN,NaN,NaN,NaN,NaN,NaN,NaN,NaN,DB,NW,b,b,125,1007,NaN,NaN,50,NaN,
2022012412,a1w.2022,9X-A1W,TD,NONdev,8.0,126.9,20,1007,280,18,255,6,NaN,NaN,NaN,NaN,NaN,NaN,NaN,NaN,NaN,NaN,DB,NW,c,c,125,1007,0.02,NaN,50,NaN,
2022012418,a1w.2022,9X-A1W,TD,NONdev,8.2,125.3,20,1004,278,17,278,17,NaN,NaN,NaN,NaN,NaN,NaN,NaN,NaN,NaN,NaN,DB,NW,c,c,125,1007,0.99,NaN,50,NaN,
2022012500,a1w.2022,9X-A1W,TD,NONdev,8.3,125.2,20,1003,280,9,280,9,NaN,NaN,NaN,NaN,NaN,NaN,NaN,NaN,NaN,NaN,DB,NW,b,b,125,1007,0.83,NaN,50,NaN,
2022012506,a1w.2022,9X-A1W,TD,NONdev,8.9,124.8,20,1003,293,8,325,4,NaN,NaN,NaN,NaN,NaN,NaN,NaN,NaN,NaN,NaN,DB,NW,c,c,125,1007,0.37,NaN,50,NaN,
2022012512,a1w.2022,9X-A1W,TD,NONdev,9.2,124.1,20,1003,295,8,310,7,NaN,NaN,NaN,NaN,NaN,NaN,NaN,NaN,NaN,NaN,DB,NW,c,c,125,1005,0.08,NaN,30,NaN,
2022012518,a1w.2022,9X-A1W,TD,NONdev,8.4,122.8,20,1007,256,10,256,10,NaN,NaN,NaN,NaN,NaN,NaN,NaN,NaN,NaN,NaN,DB,NW,c,c,125,1005,0.35,NaN,30,NaN,
2022012600,a1w.2022,9X-A1W,TD,NONdev,8.4,121.4,20,1007,263,12,253,14,NaN,NaN,NaN,NaN,NaN,NaN,NaN,NaN,NaN,NaN,DB,NW,c,c,125,1005,NaN,NaN,30,NaN,
2022012606,a1w.2022,9X-A1W,TD,NONdev,8.4,120.1,20,1007,267,11,270,13,NaN,NaN,NaN,NaN,NaN,NaN,NaN,NaN,NaN,NaN,DB,NW,c,c,125,1007,NaN,NaN,30,NaN,
2022012612,a1w.2022,9X-A1W,TD,NONdev,8.7,119.0,20,1007,277,12,277,12,NaN,NaN,NaN,NaN,NaN,NaN,NaN,NaN,NaN,NaN,DB,NW,c,c,125,1007,NaN,NaN,30,NaN,
2022012618,a1w.2022,9X-A1W,TD,NONdev,7.5,117.9,15,1006,276,14,248,12,NaN,NaN,NaN,NaN,NaN,NaN,NaN,NaN,NaN,NaN,DB,NW,c,c,135,1007,NaN,NaN,30,NaN,
2022012700,a1w.2022,9X-A1W,TD,NONdev,8.2,116.4,15,1006,290,17,259,13,NaN,NaN,NaN,NaN,NaN,NaN,NaN,NaN,NaN,NaN,DB,NW,c,c,120,1008,NaN,NaN,30,NaN,
2022012706,a1w.2022,9X-A1W,TD,NONdev,9.8,115.5,15,1006,305,17,314,17,NaN,NaN,NaN,NaN,NaN,NaN,NaN,NaN,NaN,NaN,DB,NW,C,C,120,1008,NaN,S,45,NaN,
2022012712,a1w.2022,9X-A1W,TD,NONdev,10.4,114.8,15,1006,315,14,324,14,NaN,NaN,NaN,NaN,NaN,NaN,NaN,NaN,NaN,NaN,DB,NW,C,C,120,1008,NaN,S,45,NaN,
2022012718,a1w.2022,9X-A1W,TD,NONdev,10.8,114.9,15,1007,330,9,329,6,NaN,NaN,NaN,NaN,NaN,NaN,NaN,NaN,NaN,NaN,DB,NW,C,C,130,1009,NaN,S,45,NaN,
2022012800,a1w.2022,9X-A1W,TD,NONdev,11.5,114.4,15,1008,326,8,340,6,NaN,NaN,NaN,NaN,NaN,NaN,NaN,NaN,NaN,NaN,DB,NW,c,c,130,1010,NaN,NaN,45,NaN,
2022012806,a1w.2022,9X-A1W,TD,NONdev,12.4,113.9,15,1008,326,8,329,9,NaN,NaN,NaN,NaN,NaN,NaN,NaN,NaN,NaN,NaN,DB,NW,c,c,130,1010,NaN,NaN,45,NaN,
2022012812,a1w.2022,9X-A1W,TD,NONdev,13.6,113.7,15,1008,342,11,342,11,NaN,NaN,NaN,NaN,NaN,NaN,NaN,NaN,NaN,NaN,DB,NW,c,c,130,1010,NaN,NaN,45,NaN,
2022012818,a1w.2022,9X-A1W,TD,NONdev,15.1,114.1,15,1010,4,14,4,14,NaN,NaN,NaN,NaN,NaN,NaN,NaN,NaN,NaN,NaN,DB,NW,c,c,130,1010,NaN,NaN,45,NaN,
2022032500,a2w.2022,9X-A2W,TD,NONdev,6.8,135.4,15,1009,278,7,278,7,NaN,NaN,NaN,NaN,NaN,NaN,NaN,NaN,NaN,NaN,DB,NW,b,b,NaN,NaN,NaN,NaN,NaN,NaN,
2022032506,a2w.2022,9X-A2W,TD,NONdev,6.9,134.7,15,1009,278,7,278,7,NaN,NaN,NaN,NaN,NaN,NaN,NaN,NaN,NaN,NaN,DB,NW,b,b,NaN,NaN,0.03,NaN,NaN,NaN,
2022032512,a2w.2022,9X-A2W,TD,NONdev,7.0,134.0,15,1009,278,7,278,7,NaN,NaN,NaN,NaN,NaN,NaN,NaN,NaN,NaN,NaN,DB,NW,c,c,NaN,NaN,NaN,NaN,NaN,NaN,
2022032518,a2w.2022,9X-A2W,TD,NONdev,7.1,132.3,15,1010,275,12,275,12,NaN,NaN,NaN,NaN,NaN,NaN,NaN,NaN,NaN,NaN,DB,NW,b,b,NaN,NaN,NaN,NaN,NaN,NaN,
2022032600,a2w.2022,9X-A2W,TD,NONdev,7.5,130.6,15,1010,278,17,278,17,NaN,NaN,NaN,NaN,NaN,NaN,NaN,NaN,NaN,NaN,DB,NW,b,b,NaN,NaN,NaN,NaN,NaN,NaN,
2022032800,a3w.2022,9X-A3W,TD,DEV,6.5,120.7,15,1010,314,24,291,18,NaN,NaN,NaN,NaN,NaN,NaN,NaN,NaN,NaN,NaN,DB,NW,b,b,NaN,NaN,0.02,NaN,NaN,NaN,
2022032806,a3w.2022,9X-A3W,TD,DEV,6.8,119.6,15,1010,314,24,291,18,NaN,NaN,NaN,NaN,NaN,NaN,NaN,NaN,NaN,NaN,DB,NW,b,b,NaN,NaN,NaN,NaN,NaN,NaN,
2022032812,a3w.2022,9X-A3W,TD,DEV,7.8,117.3,15,1010,314,24,291,18,NaN,NaN,NaN,NaN,NaN,NaN,NaN,NaN,NaN,NaN,DB,NW,b,b,NaN,NaN,NaN,NaN,NaN,NaN,
2022032818,a3w.2022,9X-A3W,TD,DEV,7.6,118.0,15,1008,297,9,297,9,NaN,NaN,NaN,NaN,NaN,NaN,NaN,NaN,NaN,NaN,DB,NW,c,c,100,1009,NaN,NaN,40,NaN,
2022032900,a3w.2022,9X-A3W,TD,DEV,9.0,117.4,15,1008,300,8,5,6,NaN,NaN,NaN,NaN,NaN,NaN,NaN,NaN,NaN,NaN,DB,NW,c,c,100,1010,0.05,NaN,40,NaN,
2022032906,a3w.2022,9X-A3W,TD,DEV,10.8,116.2,15,1007,315,5,331,18,NaN,NaN,NaN,NaN,NaN,NaN,NaN,NaN,NaN,NaN,DB,NW,C,C,100,1010,NaN,S,40,NaN,
2022032912,a3w.2022,9X-A3W,TD,DEV,11.1,115.7,20,1008,310,5,321,13,NaN,NaN,NaN,NaN,NaN,NaN,NaN,NaN,NaN,NaN,DB,NW,C,C,100,1010,NaN,S,40,NaN,
2022032918,a3w.2022,9X-A3W,TD,DEV,11.4,113.2,20,1006,300,12,282,15,NaN,NaN,NaN,NaN,NaN,NaN,NaN,NaN,NaN,NaN,DB,NW,C,C,125,1008,NaN,S,40,NaN,
2022033000,a3w.2022,9X-A3W,TD,DEV,11.6,112.4,20,1006,295,11,279,16,NaN,NaN,NaN,NaN,NaN,NaN,NaN,NaN,NaN,NaN,DB,NW,C,C,125,1009,NaN,S,40,NaN,
2022033006,a3w.2022,9X-A3W,TD,DEV,11.9,110.5,20,1005,285,13,281,13,NaN,NaN,NaN,NaN,NaN,NaN,NaN,NaN,NaN,NaN,DB,NW,C,C,125,1009,NaN,S,40,NaN,
2022033006,a4w.2022,9X-A4W,TD,DEV,6.1,155.5,15,1009,280,6,280,6,NaN,NaN,NaN,NaN,NaN,NaN,NaN,NaN,NaN,NaN,DB,NW,b,b,NaN,NaN,NaN,NaN,NaN,NaN,
2022033012,a4w.2022,9X-A4W,TD,DEV,6.2,154.9,15,1009,280,6,280,6,NaN,NaN,NaN,NaN,NaN,NaN,NaN,NaN,NaN,NaN,DB,NW,b,b,NaN,NaN,NaN,NaN,NaN,NaN,
2022033018,a4w.2022,9X-A4W,TD,DEV,6.3,154.4,15,1008,280,6,280,6,NaN,NaN,NaN,NaN,NaN,NaN,NaN,NaN,NaN,NaN,DB,NW,b,b,NaN,NaN,NaN,NaN,NaN,NaN,
2022033100,a4w.2022,9X-A4W,TD,DEV,6.5,153.6,15,1008,283,7,283,7,NaN,NaN,NaN,NaN,NaN,NaN,NaN,NaN,NaN,NaN,DB,NW,b,b,120,1011,NaN,NaN,25,NaN,
2022033106,a4w.2022,9X-A4W,TD,DEV,7.2,152.7,15,1007,298,10,298,10,NaN,NaN,NaN,NaN,NaN,NaN,NaN,NaN,NaN,NaN,DB,NW,c,c,120,1005,NaN,NaN,30,NaN,
2022033112,a4w.2022,9X-A4W,TD,DEV,7.3,152.2,15,1007,300,8,300,8,NaN,NaN,NaN,NaN,NaN,NaN,NaN,NaN,NaN,NaN,DB,NW,c,c,120,1008,0.01,NaN,20,NaN,
2022033118,a4w.2022,9X-A4W,TD,DEV,8.2,151.6,20,1007,313,7,313,7,NaN,NaN,NaN,NaN,NaN,NaN,NaN,NaN,NaN,NaN,DB,NW,b,b,120,1008,NaN,NaN,20,NaN,
2022040100,a4w.2022,9X-A4W,TD,DEV,8.7,150.7,20,1006,305,8,313,10,NaN,NaN,NaN,NaN,NaN,NaN,NaN,NaN,NaN,NaN,DB,NW,C,C,115,1008,NaN,S,20,NaN,
2022040106,a4w.2022,9X-A4W,TD,DEV,9.0,149.8,20,1005,305,10,294,10,NaN,NaN,NaN,NaN,NaN,NaN,NaN,NaN,NaN,NaN,DB,NW,C,C,120,1008,NaN,S,20,NaN,
2022040112,a4w.2022,9X-A4W,TD,DEV,8.7,148.6,15,1008,270,10,270,10,NaN,NaN,NaN,NaN,NaN,NaN,NaN,NaN,NaN,NaN,DB,NW,c,c,120,1008,NaN,NaN,20,NaN,
2022040118,a4w.2022,9X-A4W,TD,DEV,9.0,146.3,15,1007,270,10,272,14,NaN,NaN,NaN,NaN,NaN,NaN,NaN,NaN,NaN,NaN,DB,NW,c,c,135,1007,NaN,NaN,20,NaN,
2022040200,a4w.2022,9X-A4W,TD,DEV,9.3,144.0,15,1006,303,15,273,19,NaN,NaN,NaN,NaN,NaN,NaN,NaN,NaN,NaN,NaN,WV,NW,c,c,150,1006,NaN,NaN,50,NaN,
2022040206,a4w.2022,9X-A4W,TD,DEV,8.7,141.8,15,1006,258,32,270,22,NaN,NaN,NaN,NaN,NaN,NaN,NaN,NaN,NaN,NaN,WV,NW,b,b,150,1006,NaN,NaN,50,NaN,
2022040212,a4w.2022,9X-A4W,TD,DEV,8.9,141.2,15,1006,282,15,262,14,NaN,NaN,NaN,NaN,NaN,NaN,NaN,NaN,NaN,NaN,WV,NW,c,c,150,1006,NaN,NaN,50,NaN,
2022040218,a4w.2022,9X-A4W,TD,DEV,8.9,139.4,15,1007,278,17,275,12,NaN,NaN,NaN,NaN,NaN,NaN,NaN,NaN,NaN,NaN,DB,NW,c,c,100,1009,NaN,NaN,50,NaN,
2022040300,a4w.2022,9X-A4W,TD,DEV,10.1,137.7,15,1006,299,14,289,18,NaN,NaN,NaN,NaN,NaN,NaN,NaN,NaN,NaN,NaN,DB,NW,c,c,100,1009,NaN,NaN,50,NaN,
2022040306,a4w.2022,9X-A4W,TD,DEV,10.3,136.3,15,1006,291,14,295,17,NaN,NaN,NaN,NaN,NaN,NaN,NaN,NaN,NaN,NaN,DB,NW,c,c,100,1009,NaN,NaN,50,NaN,
2022040312,a4w.2022,9X-A4W,TD,DEV,10.4,134.9,15,1006,283,14,276,14,NaN,NaN,NaN,NaN,NaN,NaN,NaN,NaN,NaN,NaN,DB,NW,c,c,100,1008,NaN,NaN,50,NaN,
2022040318,a4w.2022,9X-A4W,TD,DEV,10.1,133.4,15,1006,272,12,266,14,NaN,NaN,NaN,NaN,NaN,NaN,NaN,NaN,NaN,NaN,DB,NW,c,c,100,1008,NaN,NaN,50,NaN,
2022040400,a4w.2022,9X-A4W,TD,DEV,10.2,132.2,15,1006,274,13,266,13,NaN,NaN,NaN,NaN,NaN,NaN,NaN,NaN,NaN,NaN,DB,NW,c,c,100,1010,NaN,NaN,50,NaN,
2022040406,a4w.2022,9X-A4W,TD,DEV,8.0,131.9,15,1006,215,13,215,13,NaN,NaN,NaN,NaN,NaN,NaN,NaN,NaN,NaN,NaN,DB,NW,b,b,100,1010,NaN,NaN,50,NaN,
2022040412,a4w.2022,9X-A4W,TD,DEV,10.3,130.0,15,1006,273,11,273,11,NaN,NaN,NaN,NaN,NaN,NaN,NaN,NaN,NaN,NaN,DB,NW,c,c,100,1010,NaN,NaN,50,NaN,
2022040418,a4w.2022,9X-A4W,TD,DEV,8.3,128.9,15,1010,272,13,276,15,NaN,NaN,NaN,NaN,NaN,NaN,NaN,NaN,NaN,NaN,DB,NW,c,c,100,1010,NaN,NaN,50,NaN,
2022040500,a4w.2022,9X-A4W,TD,DEV,7.5,128.7,15,1004,205,15,205,15,NaN,NaN,NaN,NaN,NaN,NaN,NaN,NaN,NaN,NaN,DB,NW,b,b,100,1005,NaN,NaN,25,NaN,
2022040506,a4w.2022,9X-A4W,TD,DEV,7.5,127.6,15,1004,205,15,229,12,NaN,NaN,NaN,NaN,NaN,NaN,NaN,NaN,NaN,NaN,DB,NW,b,b,100,1008,0.26,NaN,25,NaN,
2022040512,a4w.2022,9X-A4W,TD,DEV,7.6,126.6,15,1004,267,10,253,8,NaN,NaN,NaN,NaN,NaN,NaN,NaN,NaN,NaN,NaN,DB,NW,c,c,100,1010,0.51,NaN,50,NaN,
2022040518,a4w.2022,9X-A4W,TD,DEV,7.3,127.4,10,1007,206,2,261,4,NaN,NaN,NaN,NaN,NaN,NaN,NaN,NaN,NaN,NaN,DB,NW,b,b,100,1010,NaN,NaN,50,NaN,
2022040600,a4w.2022,9X-A4W,TD,DEV,7.3,127.2,10,1008,117,3,117,3,NaN,NaN,NaN,NaN,NaN,NaN,NaN,NaN,NaN,NaN,DB,NW,b,b,100,1010,0.05,NaN,50,NaN,
2022040606,a4w.2022,9X-A4W,TD,DEV,7.4,127.0,10,1007,284,2,284,2,NaN,NaN,NaN,NaN,NaN,NaN,NaN,NaN,NaN,NaN,DB,NW,c,c,100,1007,0.05,NaN,25,NaN,
2022040612,a4w.2022,9X-A4W,TD,DEV,7.0,127.0,15,1004,213,2,213,2,NaN,NaN,NaN,NaN,NaN,NaN,NaN,NaN,NaN,NaN,DB,NW,c,c,100,1007,0.03,NaN,25,NaN,
2022040618,a4w.2022,9X-A4W,TD,DEV,8.7,127.0,15,1004,4,7,360,6,NaN,NaN,NaN,NaN,NaN,NaN,NaN,NaN,NaN,NaN,DB,NW,c,c,100,1005,NaN,NaN,35,NaN,
2022040700,a4w.2022,9X-A4W,TD,DEV,9.5,126.7,15,1005,350,8,353,13,NaN,NaN,NaN,NaN,NaN,NaN,NaN,NaN,NaN,NaN,DB,NW,c,c,NaN,NaN,0.08,NaN,35,NaN,
2022040706,a4w.2022,9X-A4W,TD,DEV,8.3,127.9,15,1004,114,5,114,5,NaN,NaN,NaN,NaN,NaN,NaN,NaN,NaN,NaN,NaN,DB,NW,b,b,NaN,NaN,NaN,NaN,35,NaN,
2022040712,a4w.2022,9X-A4W,TD,DEV,9.1,130.0,15,1004,74,7,97,16,NaN,NaN,NaN,NaN,NaN,NaN,NaN,NaN,NaN,NaN,DB,NW,c,c,NaN,NaN,NaN,NaN,35,NaN,
2022040718,a4w.2022,9X-A4W,TD,DEV,8.4,129.7,15,1004,85,5,87,9,NaN,NaN,NaN,NaN,NaN,NaN,NaN,NaN,NaN,NaN,DB,NW,c,c,NaN,NaN,NaN,NaN,35,NaN,
2022040800,a4w.2022,9X-A4W,TD,DEV,8.9,128.8,15,1005,50,4,260,6,NaN,NaN,NaN,NaN,NaN,NaN,NaN,NaN,NaN,NaN,DB,NW,c,c,NaN,NaN,NaN,NaN,45,NaN,
2022040806,a4w.2022,9X-A4W,TD,DEV,10.1,127.9,15,1005,314,12,314,12,NaN,NaN,NaN,NaN,NaN,NaN,NaN,NaN,NaN,NaN,DB,NW,b,b,NaN,NaN,NaN,NaN,45,NaN,
2022040812,a4w.2022,9X-A4W,TD,DEV,10.7,127.5,15,1007,328,6,325,11,NaN,NaN,NaN,NaN,NaN,NaN,NaN,NaN,NaN,NaN,DB,NW,c,c,NaN,NaN,NaN,NaN,45,NaN,
2022040818,a4w.2022,9X-A4W,TD,DEV,10.8,126.8,20,1003,310,6,303,6,NaN,NaN,NaN,NaN,NaN,NaN,NaN,NaN,NaN,NaN,DB,NW,C,C,120,1006,NaN,S,40,NaN,
2022040206,a5w.2022,9X-A5W,TD,DEV,4.0,161.9,15,1008,284,12,284,12,NaN,NaN,NaN,NaN,NaN,NaN,NaN,NaN,NaN,NaN,DB,NW,b,b,NaN,NaN,NaN,NaN,NaN,NaN,
2022040212,a5w.2022,9X-A5W,TD,DEV,4.1,160.7,15,1008,284,12,284,12,NaN,NaN,NaN,NaN,NaN,NaN,NaN,NaN,NaN,NaN,DB,NW,b,b,NaN,NaN,NaN,NaN,NaN,NaN,
2022040218,a5w.2022,9X-A5W,TD,DEV,4.6,159.5,15,1008,279,12,284,12,NaN,NaN,NaN,NaN,NaN,NaN,NaN,NaN,NaN,NaN,DB,NW,c,c,NaN,NaN,NaN,NaN,NaN,NaN,
2022040300,a5w.2022,9X-A5W,TD,DEV,4.4,158.3,20,1007,277,12,277,12,NaN,NaN,NaN,NaN,NaN,NaN,NaN,NaN,NaN,NaN,DB,NW,c,c,NaN,NaN,NaN,NaN,NaN,NaN,
2022040306,a5w.2022,9X-A5W,TD,DEV,4.4,157.0,20,1006,275,12,265,13,NaN,NaN,NaN,NaN,NaN,NaN,NaN,NaN,NaN,NaN,DB,NW,C,C,180,1008,NaN,S,55,NaN,
2022040312,a5w.2022,9X-A5W,TD,DEV,4.5,156.2,20,1006,280,12,273,10,NaN,NaN,NaN,NaN,NaN,NaN,NaN,NaN,NaN,NaN,DB,NW,C,C,180,1008,NaN,S,55,NaN,
2022040318,a5w.2022,9X-A5W,TD,DEV,4.2,154.9,20,1007,270,17,265,11,NaN,NaN,NaN,NaN,NaN,NaN,NaN,NaN,NaN,NaN,DB,NW,C,C,165,1009,NaN,S,55,NaN,
2022040400,a5w.2022,9X-A5W,TD,DEV,4.2,154.6,20,1007,270,13,259,8,NaN,NaN,NaN,NaN,NaN,NaN,NaN,NaN,NaN,NaN,DB,NW,C,C,100,1010,NaN,S,55,NaN,
2022040406,a5w.2022,9X-A5W,TD,DEV,4.2,153.5,20,1008,270,11,270,7,NaN,NaN,NaN,NaN,NaN,NaN,NaN,NaN,NaN,NaN,DB,NW,c,c,100,1010,NaN,NaN,55,NaN,
2022040412,a5w.2022,9X-A5W,TD,DEV,4.5,152.4,15,1010,278,11,278,11,NaN,NaN,NaN,NaN,NaN,NaN,NaN,NaN,NaN,NaN,DB,NW,c,c,100,1010,NaN,NaN,55,NaN,
2022040418,a5w.2022,9X-A5W,TD,DEV,4.8,150.5,15,1007,281,16,281,15,NaN,NaN,NaN,NaN,NaN,NaN,NaN,NaN,NaN,NaN,DB,NW,c,c,75,1007,NaN,NaN,55,NaN,
2022040500,a5w.2022,9X-A5W,TD,DEV,4.1,152.8,15,1006,135,3,135,3,NaN,NaN,NaN,NaN,NaN,NaN,NaN,NaN,NaN,NaN,DB,NW,b,b,75,1007,NaN,NaN,55,NaN,
2022040506,a5w.2022,9X-A5W,TD,DEV,4.8,151.5,15,1006,282,10,90,5,NaN,NaN,NaN,NaN,NaN,NaN,NaN,NaN,NaN,NaN,DB,NW,c,c,75,1007,NaN,NaN,25,NaN,
2022040512,a5w.2022,9X-A5W,TD,DEV,4.4,150.5,15,1006,277,12,277,12,NaN,NaN,NaN,NaN,NaN,NaN,NaN,NaN,NaN,NaN,DB,NW,c,c,85,1007,NaN,NaN,25,NaN,
2022040518,a5w.2022,9X-A5W,TD,DEV,4.1,149.5,18,1004,277,12,264,12,NaN,NaN,NaN,NaN,NaN,NaN,NaN,NaN,NaN,NaN,DB,NW,c,c,102,1006,NaN,NaN,25,NaN,
2022040600,a5w.2022,9X-A5W,TD,DEV,3.8,148.5,20,1003,260,10,252,11,NaN,NaN,NaN,NaN,NaN,NaN,NaN,NaN,NaN,NaN,DB,NW,C,C,120,1005,NaN,S,25,NaN,
2022040606,a5w.2022,9X-A5W,TD,DEV,3.5,148.4,20,1005,245,8,247,8,NaN,NaN,NaN,NaN,NaN,NaN,NaN,NaN,NaN,NaN,DB,NW,C,C,120,1006,NaN,S,25,NaN,
2022040612,a5w.2022,9X-A5W,TD,DEV,3.6,148.0,20,1005,250,5,248,3,NaN,NaN,NaN,NaN,NaN,NaN,NaN,NaN,NaN,NaN,DB,NW,C,C,120,1006,NaN,S,25,NaN,
2022040618,a5w.2022,9X-A5W,TD,DEV,3.7,147.6,20,1003,275,5,284,4,NaN,NaN,NaN,NaN,NaN,NaN,NaN,NaN,NaN,NaN,DB,NW,C,C,130,1004,NaN,S,25,NaN,
2022040618,a6w.2022,9X-A6W,TD,NONdev,5.7,113.5,15,1008,51,6,51,6,NaN,NaN,NaN,NaN,NaN,NaN,NaN,NaN,NaN,NaN,DB,NW,b,b,NaN,NaN,NaN,NaN,NaN,NaN,
2022040700,a6w.2022,9X-A6W,TD,NONdev,5.7,113.5,15,1008,51,6,51,6,NaN,NaN,NaN,NaN,NaN,NaN,NaN,NaN,NaN,NaN,DB,NW,b,b,NaN,NaN,NaN,NaN,NaN,NaN,
2022040706,a6w.2022,9X-A6W,TD,NONdev,6.5,114.5,15,1008,51,6,51,6,NaN,NaN,NaN,NaN,NaN,NaN,NaN,NaN,NaN,NaN,DB,NW,c,c,NaN,NaN,NaN,NaN,NaN,NaN,
2022040712,a6w.2022,9X-A6W,TD,NONdev,6.7,114.7,15,1010,45,4,50,8,NaN,NaN,NaN,NaN,NaN,NaN,NaN,NaN,NaN,NaN,DB,NW,c,c,NaN,NaN,NaN,NaN,NaN,NaN,
2022040718,a6w.2022,9X-A6W,TD,NONdev,6.3,114.4,15,1007,56,4,206,1,NaN,NaN,NaN,NaN,NaN,NaN,NaN,NaN,NaN,NaN,DB,NW,c,c,NaN,NaN,NaN,NaN,NaN,NaN,
2022040800,a6w.2022,9X-A6W,TD,NONdev,6.5,114.7,15,1007,56,4,180,1,NaN,NaN,NaN,NaN,NaN,NaN,NaN,NaN,NaN,NaN,DB,NW,c,c,NaN,NaN,NaN,NaN,NaN,NaN,
2022040806,a6w.2022,9X-A6W,TD,NONdev,7.0,115.0,15,1007,40,5,40,5,NaN,NaN,NaN,NaN,NaN,NaN,NaN,NaN,NaN,NaN,DB,NW,c,c,NaN,NaN,NaN,NaN,NaN,NaN,
2022040812,a6w.2022,9X-A6W,TD,NONdev,8.8,116.2,15,1007,40,5,36,11,NaN,NaN,NaN,NaN,NaN,NaN,NaN,NaN,NaN,NaN,DB,NW,c,c,NaN,NaN,NaN,NaN,NaN,NaN,
2022040818,a6w.2022,9X-A6W,TD,NONdev,10.7,117.4,15,1007,30,10,32,17,NaN,NaN,NaN,NaN,NaN,NaN,NaN,NaN,NaN,NaN,DB,NW,c,c,NaN,NaN,NaN,NaN,NaN,NaN,
2022040900,a6w.2022,9X-A6W,TD,NONdev,9.8,117.1,15,1007,33,4,37,12,NaN,NaN,NaN,NaN,NaN,NaN,NaN,NaN,NaN,NaN,DB,NW,c,c,NaN,NaN,NaN,NaN,NaN,NaN,
2022040906,a6w.2022,9X-A6W,TD,NONdev,10.3,117.4,15,1006,33,5,180,2,NaN,NaN,NaN,NaN,NaN,NaN,NaN,NaN,NaN,NaN,DB,NW,c,c,NaN,NaN,NaN,NaN,NaN,NaN,
2022040912,a6w.2022,9X-A6W,TD,NONdev,9.1,116.5,15,1006,37,5,220,5,NaN,NaN,NaN,NaN,NaN,NaN,NaN,NaN,NaN,NaN,DB,NW,c,c,NaN,NaN,NaN,NaN,NaN,NaN,
2022040918,a6w.2022,9X-A6W,TD,NONdev,9.5,116.8,15,1010,216,5,216,5,NaN,NaN,NaN,NaN,NaN,NaN,NaN,NaN,NaN,NaN,DB,NW,b,b,NaN,NaN,NaN,NaN,NaN,NaN,
2022041000,a6w.2022,9X-A6W,TD,NONdev,8.8,117.2,15,1010,113,4,113,4,NaN,NaN,NaN,NaN,NaN,NaN,NaN,NaN,NaN,NaN,DB,NW,b,b,NaN,NaN,0.06,NaN,NaN,NaN,
2022041006,a6w.2022,9X-A6W,TD,NONdev,8.5,115.9,15,1010,222,7,222,7,NaN,NaN,NaN,NaN,NaN,NaN,NaN,NaN,NaN,NaN,DB,NW,b,b,NaN,NaN,NaN,NaN,NaN,NaN,
2022042700,a8w.2022,9X-A8W,TD,NONdev,3.1,122.2,15,1010,297,10,297,10,NaN,NaN,NaN,NaN,NaN,NaN,NaN,NaN,NaN,NaN,DB,NW,b,b,NaN,NaN,NaN,NaN,NaN,NaN,
2022042706,a8w.2022,9X-A8W,TD,NONdev,3.4,121.5,15,1010,297,10,297,10,NaN,NaN,NaN,NaN,NaN,NaN,NaN,NaN,NaN,NaN,DB,NW,b,b,NaN,NaN,NaN,NaN,NaN,NaN,
2022042712,a8w.2022,9X-A8W,TD,NONdev,4.0,120.4,15,1010,297,10,297,10,NaN,NaN,NaN,NaN,NaN,NaN,NaN,NaN,NaN,NaN,DB,NW,b,b,NaN,NaN,NaN,NaN,NaN,NaN,
2022042718,a8w.2022,9X-A8W,TD,NONdev,4.7,118.2,15,1009,297,10,293,15,NaN,NaN,NaN,NaN,NaN,NaN,NaN,NaN,NaN,NaN,DB,NW,b,b,NaN,NaN,0.39,NaN,NaN,NaN,
2022042800,a8w.2022,9X-A8W,TD,NONdev,5.3,115.9,15,1008,286,23,289,20,NaN,NaN,NaN,NaN,NaN,NaN,NaN,NaN,NaN,NaN,DB,NW,c,c,NaN,NaN,0.77,NaN,NaN,NaN,
2022042806,a8w.2022,9X-A8W,TD,NONdev,7.6,116.0,15,1010,314,17,309,19,NaN,NaN,NaN,NaN,NaN,NaN,NaN,NaN,NaN,NaN,DB,NW,c,c,NaN,NaN,NaN,NaN,NaN,NaN,
2022042812,a8w.2022,9X-A8W,TD,NONdev,8.3,113.3,15,1008,314,17,308,20,NaN,NaN,NaN,NaN,NaN,NaN,NaN,NaN,NaN,NaN,DB,NW,c,c,200,1008,NaN,NaN,NaN,NaN,
2022042818,a8w.2022,9X-A8W,TD,NONdev,9.0,110.7,15,1006,285,27,306,21,NaN,NaN,NaN,NaN,NaN,NaN,NaN,NaN,NaN,NaN,DB,NW,c,c,200,1008,NaN,NaN,120,NaN,
2022042900,a8w.2022,9X-A8W,TD,NONdev,8.9,109.0,15,1008,280,22,281,23,NaN,NaN,NaN,NaN,NaN,NaN,NaN,NaN,NaN,NaN,DB,NW,c,c,200,1010,NaN,NaN,120,NaN,
2022042906,a8w.2022,9X-A8W,TD,NONdev,8.7,108.0,15,1006,274,14,264,13,NaN,NaN,NaN,NaN,NaN,NaN,NaN,NaN,NaN,NaN,DB,NW,c,c,200,1008,NaN,NaN,120,NaN,
2022042912,a8w.2022,9X-A8W,TD,NONdev,10.8,107.2,15,1008,317,13,317,13,NaN,NaN,NaN,NaN,NaN,NaN,NaN,NaN,NaN,NaN,DB,NW,c,c,500,1009,0.98,NaN,215,NaN,
2022042918,a8w.2022,9X-A8W,TD,NONdev,10.5,108.6,15,1007,299,7,18,9,NaN,NaN,NaN,NaN,NaN,NaN,NaN,NaN,NaN,NaN,DB,NW,c,c,180,1009,0.04,NaN,45,NaN,
2022042906,a9w.2022,9X-A9W,TD,NONdev,2.6,145.4,15,1009,279,12,279,12,NaN,NaN,NaN,NaN,NaN,NaN,NaN,NaN,NaN,NaN,DB,NW,b,b,NaN,NaN,NaN,NaN,NaN,NaN,
2022042912,a9w.2022,9X-A9W,TD,NONdev,2.8,144.1,15,1009,279,12,279,12,NaN,NaN,NaN,NaN,NaN,NaN,NaN,NaN,NaN,NaN,DB,NW,b,b,NaN,NaN,NaN,NaN,NaN,NaN,
2022042918,a9w.2022,9X-A9W,TD,NONdev,3.0,143.0,15,1008,279,12,279,12,NaN,NaN,NaN,NaN,NaN,NaN,NaN,NaN,NaN,NaN,DB,NW,c,c,NaN,NaN,NaN,NaN,NaN,NaN,
2022043000,a9w.2022,9X-A9W,TD,NONdev,3.2,141.9,15,1008,280,11,280,11,NaN,NaN,NaN,NaN,NaN,NaN,NaN,NaN,NaN,NaN,DB,NW,c,c,NaN,NaN,NaN,NaN,NaN,NaN,
2022043006,a9w.2022,9X-A9W,TD,NONdev,3.4,141.4,15,1010,284,8,284,8,NaN,NaN,NaN,NaN,NaN,NaN,NaN,NaN,NaN,NaN,DB,NW,c,c,NaN,NaN,NaN,NaN,NaN,NaN,
2022043012,a9w.2022,9X-A9W,TD,NONdev,3.4,142.3,15,1008,274,14,63,2,NaN,NaN,NaN,NaN,NaN,NaN,NaN,NaN,NaN,NaN,DB,NW,c,c,NaN,NaN,NaN,NaN,NaN,NaN,
2022070806,b0w.2022,9X-B0W,TD,NONdev,9.4,131.3,15,1010,295,7,295,7,NaN,NaN,NaN,NaN,NaN,NaN,NaN,NaN,NaN,NaN,DB,NW,b,b,90,1006,NaN,NaN,NaN,NaN,
2022070812,b0w.2022,9X-B0W,TD,NONdev,9.7,130.6,15,1005,295,7,295,7,NaN,NaN,NaN,NaN,NaN,NaN,NaN,NaN,NaN,NaN,DB,NW,b,b,90,1006,NaN,NaN,NaN,NaN,
2022070818,b0w.2022,9X-B0W,TD,NONdev,10.0,130.0,15,1005,295,7,295,7,NaN,NaN,NaN,NaN,NaN,NaN,NaN,NaN,NaN,NaN,DB,NW,b,b,90,1006,NaN,NaN,NaN,NaN,
2022070900,b0w.2022,9X-B0W,TD,NONdev,10.7,130.7,15,1005,6,5,6,5,NaN,NaN,NaN,NaN,NaN,NaN,NaN,NaN,NaN,NaN,DB,NW,b,b,90,1006,NaN,NaN,NaN,NaN,
2022070906,b0w.2022,9X-B0W,TD,NONdev,11.5,130.2,15,1005,7,8,7,8,NaN,NaN,NaN,NaN,NaN,NaN,NaN,NaN,NaN,NaN,DB,NW,b,b,90,1007,NaN,NaN,NaN,NaN,
2022070912,b0w.2022,9X-B0W,TD,NONdev,11.8,128.7,15,1005,331,8,299,11,NaN,NaN,NaN,NaN,NaN,NaN,NaN,NaN,NaN,NaN,DB,NW,c,c,90,1007,NaN,NaN,NaN,NaN,
2022070918,b0w.2022,9X-B0W,TD,NONdev,13.1,129.6,15,1005,340,9,340,9,NaN,NaN,NaN,NaN,NaN,NaN,NaN,NaN,NaN,NaN,DB,NW,c,c,150,1006,NaN,NaN,NaN,NaN,
2022071000,b0w.2022,9X-B0W,TD,NONdev,13.6,129.3,15,1005,334,7,18,9,NaN,NaN,NaN,NaN,NaN,NaN,NaN,NaN,NaN,NaN,DB,NW,c,c,NaN,NaN,NaN,NaN,NaN,NaN,
2022071006,b0w.2022,9X-B0W,TD,NONdev,13.9,128.9,15,1005,320,5,320,5,NaN,NaN,NaN,NaN,NaN,NaN,NaN,NaN,NaN,NaN,DB,NW,c,c,95,1007,NaN,NaN,NaN,NaN,
2022071012,b0w.2022,9X-B0W,TD,NONdev,14.1,128.5,15,1005,303,5,303,5,NaN,NaN,NaN,NaN,NaN,NaN,NaN,NaN,NaN,NaN,DB,NW,b,b,95,1007,NaN,NaN,NaN,NaN,
2022071018,b0w.2022,9X-B0W,TD,NONdev,14.3,127.8,15,1005,291,6,291,6,NaN,NaN,NaN,NaN,NaN,NaN,NaN,NaN,NaN,NaN,DB,NW,c,c,190,1006,NaN,NaN,NaN,NaN,
2022071100,b0w.2022,9X-B0W,TD,NONdev,14.4,127.1,15,1005,282,7,282,7,NaN,NaN,NaN,NaN,NaN,NaN,NaN,NaN,NaN,NaN,DB,NW,c,c,190,1006,NaN,NaN,NaN,NaN,
2022071106,b0w.2022,9X-B0W,TD,NONdev,14.5,126.1,15,1005,277,8,277,8,NaN,NaN,NaN,NaN,NaN,NaN,NaN,NaN,NaN,NaN,DB,NW,c,c,190,1006,NaN,NaN,NaN,NaN,
2022071112,b0w.2022,9X-B0W,TD,NONdev,15.3,125.4,15,1005,299,9,299,9,NaN,NaN,NaN,NaN,NaN,NaN,NaN,NaN,NaN,NaN,DB,NW,b,b,190,1008,NaN,NaN,NaN,NaN,
2022071118,b0w.2022,9X-B0W,TD,NONdev,16.3,125.0,15,1005,324,10,329,10,NaN,NaN,NaN,NaN,NaN,NaN,NaN,NaN,NaN,NaN,DB,NW,c,c,180,1007,NaN,NaN,55,NaN,
2022071200,b0w.2022,9X-B0W,TD,NONdev,16.2,124.0,15,1005,304,8,304,8,NaN,NaN,NaN,NaN,NaN,NaN,NaN,NaN,NaN,NaN,DB,NW,b,b,180,1007,NaN,NaN,55,NaN,
2022071206,b0w.2022,9X-B0W,TD,NONdev,16.8,123.6,15,1005,316,8,290,7,NaN,NaN,NaN,NaN,NaN,NaN,NaN,NaN,NaN,NaN,DB,NW,c,c,165,1007,NaN,NaN,40,NaN,
2022071212,b0w.2022,9X-B0W,TD,NONdev,17.5,123.2,15,1005,330,8,330,8,NaN,NaN,NaN,NaN,NaN,NaN,NaN,NaN,NaN,NaN,DB,NW,c,c,165,1007,NaN,NaN,40,NaN,
2022071218,b0w.2022,9X-B0W,TD,NONdev,18.7,123.4,15,1004,354,10,354,10,NaN,NaN,NaN,NaN,NaN,NaN,NaN,NaN,NaN,NaN,DB,NW,c,c,165,1006,NaN,NaN,40,NaN,
2022071300,b0w.2022,9X-B0W,TD,NONdev,19.1,123.1,15,1004,353,8,357,8,NaN,NaN,NaN,NaN,NaN,NaN,NaN,NaN,NaN,NaN,DB,NW,c,c,165,1006,NaN,NaN,40,NaN,
2022071306,b0w.2022,9X-B0W,TD,NONdev,20.7,122.5,15,1004,346,12,337,11,NaN,NaN,NaN,NaN,NaN,NaN,NaN,NaN,NaN,NaN,DB,NW,c,c,165,1006,NaN,NaN,40,NaN,
2022071312,b0w.2022,9X-B0W,TD,NONdev,21.9,122.0,15,1004,340,15,340,15,NaN,NaN,NaN,NaN,NaN,NaN,NaN,NaN,NaN,NaN,DB,NW,c,c,165,1006,NaN,NaN,40,NaN,
2022071318,b0w.2022,9X-B0W,TD,NONdev,21.2,119.7,20,1004,294,12,281,13,NaN,NaN,NaN,NaN,NaN,NaN,NaN,NaN,NaN,NaN,DB,NW,c,c,NaN,NaN,NaN,NaN,80,NaN,
2022071400,b0w.2022,9X-B0W,TD,NONdev,21.2,119.6,20,1004,283,7,253,12,NaN,NaN,NaN,NaN,NaN,NaN,NaN,NaN,NaN,NaN,DB,NW,c,c,NaN,NaN,NaN,NaN,80,NaN,
2022071406,b0w.2022,9X-B0W,TD,NONdev,22.0,119.8,20,1004,350,6,7,4,NaN,NaN,NaN,NaN,NaN,NaN,NaN,NaN,NaN,NaN,DB,NW,c,c,NaN,NaN,NaN,NaN,80,NaN,
2022071412,b0w.2022,9X-B0W,TD,NONdev,22.4,120.2,15,1006,25,7,25,7,NaN,NaN,NaN,NaN,NaN,NaN,NaN,NaN,NaN,NaN,DB,NW,c,c,NaN,NaN,0.12,NaN,80,NaN,
2022051012,b1w.2022,9X-B1W,TD,NONdev,6.1,136.2,15,1010,266,16,266,16,NaN,NaN,NaN,NaN,NaN,NaN,NaN,NaN,NaN,NaN,DB,NW,b,b,NaN,NaN,NaN,NaN,NaN,NaN,
2022051018,b1w.2022,9X-B1W,TD,NONdev,6.0,134.6,15,1010,266,16,266,16,NaN,NaN,NaN,NaN,NaN,NaN,NaN,NaN,NaN,NaN,DB,NW,b,b,NaN,NaN,NaN,NaN,NaN,NaN,
2022051100,b1w.2022,9X-B1W,TD,NONdev,5.9,133.0,15,1010,266,16,266,16,NaN,NaN,NaN,NaN,NaN,NaN,NaN,NaN,NaN,NaN,DB,NW,b,b,NaN,NaN,NaN,NaN,NaN,NaN,
2022051106,b1w.2022,9X-B1W,TD,NONdev,5.8,131.0,15,1010,267,18,267,18,NaN,NaN,NaN,NaN,NaN,NaN,NaN,NaN,NaN,NaN,DB,NW,b,b,NaN,NaN,NaN,NaN,NaN,NaN,
2022051112,b1w.2022,9X-B1W,TD,NONdev,5.8,129.7,15,1009,268,16,268,16,NaN,NaN,NaN,NaN,NaN,NaN,NaN,NaN,NaN,NaN,DB,NW,c,c,NaN,NaN,NaN,NaN,NaN,NaN,
2022051118,b1w.2022,9X-B1W,TD,NONdev,6.6,128.3,15,1008,287,14,287,14,NaN,NaN,NaN,NaN,NaN,NaN,NaN,NaN,NaN,NaN,DB,NW,c,c,NaN,NaN,NaN,NaN,NaN,NaN,
2022051200,b1w.2022,9X-B1W,TD,NONdev,6.8,127.5,15,1008,295,12,295,12,NaN,NaN,NaN,NaN,NaN,NaN,NaN,NaN,NaN,NaN,DB,NW,c,c,80,1010,NaN,NaN,15,NaN,
2022051206,b1w.2022,9X-B1W,TD,NONdev,7.3,126.9,15,1008,303,8,297,8,NaN,NaN,NaN,NaN,NaN,NaN,NaN,NaN,NaN,NaN,DB,NW,c,c,NaN,NaN,0.05,NaN,NaN,NaN,
2022051212,b1w.2022,9X-B1W,TD,NONdev,8.3,126.5,15,1008,327,9,327,9,NaN,NaN,NaN,NaN,NaN,NaN,NaN,NaN,NaN,NaN,DB,NW,c,c,NaN,NaN,0.31,NaN,NaN,NaN,
2022052406,b2w.2022,9X-B2W,TD,NONdev,3.7,133.0,15,1010,283,5,283,5,NaN,NaN,NaN,NaN,NaN,NaN,NaN,NaN,NaN,NaN,DB,NW,b,b,NaN,NaN,NaN,NaN,NaN,NaN,
2022052412,b2w.2022,9X-B2W,TD,NONdev,3.8,132.6,15,1010,283,5,283,5,NaN,NaN,NaN,NaN,NaN,NaN,NaN,NaN,NaN,NaN,DB,NW,b,b,NaN,NaN,NaN,NaN,NaN,NaN,
2022052418,b2w.2022,9X-B2W,TD,NONdev,3.9,132.1,15,1010,283,5,283,5,NaN,NaN,NaN,NaN,NaN,NaN,NaN,NaN,NaN,NaN,DB,NW,c,c,NaN,NaN,NaN,NaN,NaN,NaN,
2022052500,b2w.2022,9X-B2W,TD,NONdev,4.2,131.6,15,1010,292,5,292,5,NaN,NaN,NaN,NaN,NaN,NaN,NaN,NaN,NaN,NaN,DB,NW,b,b,200,1012,NaN,NaN,30,NaN,
2022052506,b2w.2022,9X-B2W,TD,NONdev,4.4,131.3,15,1010,302,5,302,5,NaN,NaN,NaN,NaN,NaN,NaN,NaN,NaN,NaN,NaN,DB,NW,b,b,200,1012,NaN,NaN,30,NaN,
2022052712,b3w.2022,9X-B3W,TD,NONdev,4.0,136.5,15,1010,236,2,236,2,NaN,NaN,NaN,NaN,NaN,NaN,NaN,NaN,NaN,NaN,DB,NW,b,b,NaN,NaN,NaN,NaN,NaN,NaN,
2022052718,b3w.2022,9X-B3W,TD,NONdev,3.7,137.2,15,1010,236,2,236,2,NaN,NaN,NaN,NaN,NaN,NaN,NaN,NaN,NaN,NaN,DB,NW,b,b,NaN,NaN,NaN,NaN,NaN,NaN,
2022052800,b3w.2022,9X-B3W,TD,NONdev,3.8,136.2,15,1010,236,2,236,2,NaN,NaN,NaN,NaN,NaN,NaN,NaN,NaN,NaN,NaN,DB,NW,b,b,NaN,NaN,NaN,NaN,NaN,NaN,
2022052806,b3w.2022,9X-B3W,TD,NONdev,3.9,135.2,15,1010,276,10,276,10,NaN,NaN,NaN,NaN,NaN,NaN,NaN,NaN,NaN,NaN,DB,NW,b,b,NaN,NaN,NaN,NaN,NaN,NaN,
2022052812,b3w.2022,9X-B3W,TD,NONdev,4.3,134.2,15,1010,284,10,284,10,NaN,NaN,NaN,NaN,NaN,NaN,NaN,NaN,NaN,NaN,DB,NW,b,b,NaN,NaN,NaN,NaN,NaN,NaN,
2022052818,b3w.2022,9X-B3W,TD,NONdev,5.4,133.4,15,1009,310,12,310,12,NaN,NaN,NaN,NaN,NaN,NaN,NaN,NaN,NaN,NaN,DB,NW,c,c,NaN,NaN,NaN,NaN,NaN,NaN,
2022052900,b3w.2022,9X-B3W,TD,NONdev,5.1,132.8,15,1009,295,9,300,8,NaN,NaN,NaN,NaN,NaN,NaN,NaN,NaN,NaN,NaN,DB,NW,C,C,160,1009,NaN,S,60,NaN,
2022052906,b3w.2022,9X-B3W,TD,NONdev,5.5,132.1,15,1008,306,9,274,6,NaN,NaN,NaN,NaN,NaN,NaN,NaN,NaN,NaN,NaN,DB,NW,c,c,160,1009,NaN,NaN,60,NaN,
2022052912,b3w.2022,9X-B3W,TD,NONdev,6.8,132.4,15,1007,347,9,347,9,NaN,NaN,NaN,NaN,NaN,NaN,NaN,NaN,NaN,NaN,DB,NW,b,b,160,1009,NaN,NaN,60,NaN,
2022052918,b3w.2022,9X-B3W,TD,NONdev,7.1,132.2,20,1007,320,8,4,8,NaN,NaN,NaN,NaN,NaN,NaN,NaN,NaN,NaN,NaN,DB,NW,c,c,160,1009,NaN,NaN,45,NaN,
2022053000,b3w.2022,9X-B3W,TD,NONdev,8.3,130.9,15,1007,315,11,315,11,NaN,NaN,NaN,NaN,NaN,NaN,NaN,NaN,NaN,NaN,DB,NW,c,c,160,1009,NaN,NaN,45,NaN,
2022053006,b3w.2022,9X-B3W,TD,NONdev,9.5,129.5,15,1008,312,18,312,18,NaN,NaN,NaN,NaN,NaN,NaN,NaN,NaN,NaN,NaN,DB,NW,b,b,160,1009,NaN,NaN,45,NaN,
2022053012,b3w.2022,9X-B3W,TD,NONdev,10.0,127.9,15,1007,300,17,300,17,NaN,NaN,NaN,NaN,NaN,NaN,NaN,NaN,NaN,NaN,DB,NW,b,b,160,1009,NaN,NaN,45,NaN,
2022053018,b3w.2022,9X-B3W,TD,NONdev,10.6,126.3,15,1007,289,17,289,17,NaN,NaN,NaN,NaN,NaN,NaN,NaN,NaN,NaN,NaN,DB,NW,c,c,160,1009,NaN,NaN,45,NaN,
2022053100,b3w.2022,9X-B3W,TD,NONdev,10.8,125.8,15,1007,291,11,291,11,NaN,NaN,NaN,NaN,NaN,NaN,NaN,NaN,NaN,NaN,DB,NW,c,c,160,1009,0.05,NaN,45,NaN,
2022060112,b4w.2022,9X-B4W,TD,NONdev,6.9,171.2,15,1010,271,21,271,21,NaN,NaN,NaN,NaN,NaN,NaN,NaN,NaN,NaN,NaN,DB,NW,b,b,NaN,NaN,NaN,NaN,NaN,NaN,
2022060118,b4w.2022,9X-B4W,TD,NONdev,7.0,169.2,15,1010,271,21,271,21,NaN,NaN,NaN,NaN,NaN,NaN,NaN,NaN,NaN,NaN,DB,NW,b,b,NaN,NaN,NaN,NaN,NaN,NaN,
2022060200,b4w.2022,9X-B4W,TD,NONdev,7.0,167.0,15,1010,271,21,271,21,NaN,NaN,NaN,NaN,NaN,NaN,NaN,NaN,NaN,NaN,DB,NW,c,c,NaN,NaN,NaN,NaN,NaN,NaN,
2022060206,b4w.2022,9X-B4W,TD,NONdev,5.3,165.4,15,1010,246,21,246,21,NaN,NaN,NaN,NaN,NaN,NaN,NaN,NaN,NaN,NaN,DB,NW,b,b,NaN,NaN,NaN,NaN,NaN,NaN,
2022060212,b4w.2022,9X-B4W,TD,NONdev,5.2,164.9,15,1010,229,14,229,14,NaN,NaN,NaN,NaN,NaN,NaN,NaN,NaN,NaN,NaN,DB,NW,b,b,NaN,NaN,NaN,NaN,NaN,NaN,
2022060218,b4w.2022,9X-B4W,TD,NONdev,6.8,163.4,15,1010,264,9,307,12,NaN,NaN,NaN,NaN,NaN,NaN,NaN,NaN,NaN,NaN,DB,NW,c,c,NaN,NaN,NaN,NaN,NaN,NaN,
2022060300,b4w.2022,9X-B4W,TD,NONdev,5.0,163.9,15,1010,259,5,259,5,NaN,NaN,NaN,NaN,NaN,NaN,NaN,NaN,NaN,NaN,DB,NW,c,c,NaN,NaN,NaN,NaN,NaN,NaN,
2022060612,b5w.2022,9X-B5W,TD,NONdev,7.1,136.3,15,1010,272,12,272,12,NaN,NaN,NaN,NaN,NaN,NaN,NaN,NaN,NaN,NaN,DB,NW,b,b,NaN,NaN,NaN,NaN,NaN,NaN,
2022060618,b5w.2022,9X-B5W,TD,NONdev,7.1,134.9,15,1010,272,12,272,12,NaN,NaN,NaN,NaN,NaN,NaN,NaN,NaN,NaN,NaN,DB,NW,b,b,NaN,NaN,0.02,NaN,NaN,NaN,
2022060700,b5w.2022,9X-B5W,TD,NONdev,7.2,133.8,15,1010,272,12,272,12,NaN,NaN,NaN,NaN,NaN,NaN,NaN,NaN,NaN,NaN,DB,NW,b,b,NaN,NaN,NaN,NaN,NaN,NaN,
2022060706,b5w.2022,9X-B5W,TD,NONdev,7.2,133.2,15,1010,270,5,273,8,NaN,NaN,NaN,NaN,NaN,NaN,NaN,NaN,NaN,NaN,DB,NW,c,c,NaN,NaN,NaN,NaN,NaN,NaN,
2022060712,b5w.2022,9X-B5W,TD,NONdev,7.5,131.6,15,1010,278,11,278,11,NaN,NaN,NaN,NaN,NaN,NaN,NaN,NaN,NaN,NaN,DB,NW,b,b,NaN,NaN,NaN,NaN,NaN,NaN,
2022060618,b6w.2022,9X-B6W,TD,NONdev,6.7,150.4,15,1010,277,8,277,8,NaN,NaN,NaN,NaN,NaN,NaN,NaN,NaN,NaN,NaN,DB,NW,b,b,NaN,NaN,NaN,NaN,NaN,NaN,
2022060700,b6w.2022,9X-B6W,TD,NONdev,6.8,149.5,15,1010,277,8,277,8,NaN,NaN,NaN,NaN,NaN,NaN,NaN,NaN,NaN,NaN,DB,NW,b,b,NaN,NaN,NaN,NaN,NaN,NaN,
2022060706,b6w.2022,9X-B6W,TD,NONdev,6.9,148.7,15,1010,277,8,277,8,NaN,NaN,NaN,NaN,NaN,NaN,NaN,NaN,NaN,NaN,DB,NW,b,b,NaN,NaN,NaN,NaN,NaN,NaN,
2022060712,b6w.2022,9X-B6W,TD,NONdev,7.0,148.0,15,1010,278,8,278,8,NaN,NaN,NaN,NaN,NaN,NaN,NaN,NaN,NaN,NaN,DB,NW,b,b,NaN,NaN,NaN,NaN,NaN,NaN,
2022062518,b7w.2022,9X-B7W,TD,DEV,13.7,130.4,15,1010,270,12,270,12,NaN,NaN,NaN,NaN,NaN,NaN,NaN,NaN,NaN,NaN,DB,NW,b,b,NaN,NaN,NaN,NaN,NaN,NaN,
2022062600,b7w.2022,9X-B7W,TD,DEV,13.8,128.9,15,1010,270,12,270,12,NaN,NaN,NaN,NaN,NaN,NaN,NaN,NaN,NaN,NaN,DB,NW,b,b,NaN,NaN,NaN,NaN,NaN,NaN,
2022062606,b7w.2022,9X-B7W,TD,DEV,13.7,127.9,15,1008,270,12,270,12,NaN,NaN,NaN,NaN,NaN,NaN,NaN,NaN,NaN,NaN,DB,NW,c,c,NaN,NaN,NaN,NaN,NaN,NaN,
2022062612,b7w.2022,9X-B7W,TD,DEV,14.8,125.5,15,1008,287,17,287,17,NaN,NaN,NaN,NaN,NaN,NaN,NaN,NaN,NaN,NaN,DB,NW,c,c,55,1009,NaN,NaN,NaN,NaN,
2022062618,b7w.2022,9X-B7W,TD,DEV,15.1,124.3,15,1008,292,19,292,19,NaN,NaN,NaN,NaN,NaN,NaN,NaN,NaN,NaN,NaN,DB,NW,b,b,55,1009,NaN,NaN,NaN,NaN,
2022062700,b7w.2022,9X-B7W,TD,DEV,15.3,123.2,15,1008,283,11,283,11,NaN,NaN,NaN,NaN,NaN,NaN,NaN,NaN,NaN,NaN,DB,NW,b,b,55,1010,NaN,NaN,NaN,NaN,
2022062706,b7w.2022,9X-B7W,TD,DEV,15.5,122.1,15,1010,281,11,281,11,NaN,NaN,NaN,NaN,NaN,NaN,NaN,NaN,NaN,NaN,DB,NW,c,c,55,1010,0.06,NaN,NaN,NaN,
2022062712,b7w.2022,9X-B7W,TD,DEV,15.7,120.0,15,1010,277,16,277,16,NaN,NaN,NaN,NaN,NaN,NaN,NaN,NaN,NaN,NaN,DB,NW,c,c,55,1010,0.55,NaN,NaN,NaN,
2022062718,b7w.2022,9X-B7W,TD,DEV,16.9,118.2,20,1003,290,17,290,20,NaN,NaN,NaN,NaN,NaN,NaN,NaN,NaN,NaN,NaN,DB,NW,C,C,150,1005,NaN,S,NaN,NaN,
2022062800,b7w.2022,9X-B7W,TD,DEV,17.2,117.5,20,1003,295,13,302,14,NaN,NaN,NaN,NaN,NaN,NaN,NaN,NaN,NaN,NaN,DB,NW,C,C,150,1006,NaN,S,20,NaN,
2022062806,b7w.2022,9X-B7W,TD,DEV,16.0,116.0,20,1003,265,12,247,11,NaN,NaN,NaN,NaN,NaN,NaN,NaN,NaN,NaN,NaN,DB,NW,C,C,125,1004,NaN,S,60,NaN,
2022062812,b7w.2022,9X-B7W,TD,DEV,15.5,116.5,20,1000,240,7,209,10,NaN,NaN,NaN,NaN,NaN,NaN,NaN,NaN,NaN,NaN,DB,NW,C,C,125,1003,NaN,S,70,NaN,
2022062818,b7w.2022,9X-B7W,TD,DEV,16.4,117.3,20,1000,135,1,72,7,NaN,NaN,NaN,NaN,NaN,NaN,NaN,NaN,NaN,NaN,DB,NW,C,C,125,1003,NaN,S,70,NaN,
2022062900,b7w.2022,9X-B7W,TD,DEV,15.1,116.9,20,999,135,4,136,3,NaN,NaN,NaN,NaN,NaN,NaN,NaN,NaN,NaN,NaN,DB,NW,C,C,100,1001,NaN,S,70,NaN,
2022062906,b7w.2022,9X-B7W,TD,DEV,15.9,116.5,20,999,45,1,237,5,NaN,NaN,NaN,NaN,NaN,NaN,NaN,NaN,NaN,NaN,DB,NW,C,C,100,1001,NaN,S,70,NaN,
2022062912,b7w.2022,9X-B7W,TD,DEV,16.2,115.8,20,999,315,4,316,8,NaN,NaN,NaN,NaN,NaN,NaN,NaN,NaN,NaN,NaN,DB,NW,C,C,100,1001,NaN,S,70,NaN,
2022062700,b8w.2022,9X-B8W,TD,DEV,5.8,135.0,15,1010,68,3,68,3,NaN,NaN,NaN,NaN,NaN,NaN,NaN,NaN,NaN,NaN,DB,NW,b,b,NaN,NaN,NaN,NaN,NaN,NaN,
2022062706,b8w.2022,9X-B8W,TD,DEV,5.9,134.5,15,1010,68,3,68,3,NaN,NaN,NaN,NaN,NaN,NaN,NaN,NaN,NaN,NaN,DB,NW,b,b,NaN,NaN,NaN,NaN,NaN,NaN,
2022062712,b8w.2022,9X-B8W,TD,DEV,6.0,135.5,15,1010,310,4,68,3,NaN,NaN,NaN,NaN,NaN,NaN,NaN,NaN,NaN,NaN,DB,NW,c,c,NaN,NaN,NaN,NaN,NaN,NaN,
2022062718,b8w.2022,9X-B8W,TD,DEV,6.1,133.6,15,1007,283,5,283,5,NaN,NaN,NaN,NaN,NaN,NaN,NaN,NaN,NaN,NaN,DB,NW,c,c,NaN,NaN,NaN,NaN,NaN,NaN,
2022062800,b8w.2022,9X-B8W,TD,DEV,8.3,132.7,15,1007,283,5,302,12,NaN,NaN,NaN,NaN,NaN,NaN,NaN,NaN,NaN,NaN,DB,NW,c,c,NaN,NaN,NaN,NaN,NaN,NaN,
2022062806,b8w.2022,9X-B8W,TD,DEV,10.5,131.8,15,1007,333,17,321,19,NaN,NaN,NaN,NaN,NaN,NaN,NaN,NaN,NaN,NaN,DB,NW,c,c,NaN,NaN,NaN,NaN,NaN,NaN,
2022062812,b8w.2022,9X-B8W,TD,DEV,12.3,130.9,15,1007,335,19,337,22,NaN,NaN,NaN,NaN,NaN,NaN,NaN,NaN,NaN,NaN,DB,NW,c,c,NaN,NaN,NaN,NaN,NaN,NaN,
2022062818,b8w.2022,9X-B8W,TD,DEV,14.1,130.4,15,1006,343,18,339,19,NaN,NaN,NaN,NaN,NaN,NaN,NaN,NaN,NaN,NaN,DB,NW,c,c,NaN,NaN,NaN,NaN,NaN,NaN,
2022062900,b8w.2022,9X-B8W,TD,DEV,15.4,129.1,15,1006,331,18,331,18,NaN,NaN,NaN,NaN,NaN,NaN,NaN,NaN,NaN,NaN,DB,NW,c,c,NaN,NaN,NaN,NaN,NaN,NaN,
2022062906,b8w.2022,9X-B8W,TD,DEV,16.5,129.1,15,1006,330,14,332,14,NaN,NaN,NaN,NaN,NaN,NaN,NaN,NaN,NaN,NaN,DB,NW,c,c,NaN,NaN,NaN,NaN,NaN,NaN,
2022062912,b8w.2022,9X-B8W,TD,DEV,18.2,130.5,15,1006,360,15,26,16,NaN,NaN,NaN,NaN,NaN,NaN,NaN,NaN,NaN,NaN,DB,NW,c,c,NaN,NaN,NaN,NaN,NaN,NaN,
2022062918,b8w.2022,9X-B8W,TD,DEV,17.8,131.0,15,1006,54,11,54,11,NaN,NaN,NaN,NaN,NaN,NaN,NaN,NaN,NaN,NaN,DB,NW,b,b,NaN,NaN,NaN,NaN,NaN,NaN,
2022063000,b8w.2022,9X-B8W,TD,DEV,18.2,131.4,20,1003,30,6,90,4,NaN,NaN,NaN,NaN,NaN,NaN,NaN,NaN,NaN,NaN,DB,NW,C,C,130,1005,NaN,S,125,NaN,
2022063006,b8w.2022,9X-B8W,TD,DEV,19.2,130.9,20,1003,5,6,356,7,NaN,NaN,NaN,NaN,NaN,NaN,NaN,NaN,NaN,NaN,DB,NW,C,C,130,1005,NaN,S,125,NaN,
2022070806,b9w.2022,9X-B9W,TD,NONdev,12.6,114.2,15,1003,294,9,294,9,NaN,NaN,NaN,NaN,NaN,NaN,NaN,NaN,NaN,NaN,DB,NW,b,b,100,1004,NaN,NaN,NaN,NaN,
2022070812,b9w.2022,9X-B9W,TD,NONdev,12.9,113.2,15,1003,294,9,294,9,NaN,NaN,NaN,NaN,NaN,NaN,NaN,NaN,NaN,NaN,DB,NW,b,b,100,1004,NaN,NaN,NaN,NaN,
2022070818,b9w.2022,9X-B9W,TD,NONdev,13.3,112.6,15,1003,294,9,294,9,NaN,NaN,NaN,NaN,NaN,NaN,NaN,NaN,NaN,NaN,DB,NW,b,b,100,1004,NaN,NaN,NaN,NaN,
2022070900,b9w.2022,9X-B9W,TD,NONdev,14.2,112.0,15,1003,318,9,318,9,NaN,NaN,NaN,NaN,NaN,NaN,NaN,NaN,NaN,NaN,DB,NW,c,c,125,1004,NaN,NaN,NaN,NaN,
2022070906,b9w.2022,9X-B9W,TD,NONdev,14.0,114.2,15,1003,66,9,66,9,NaN,NaN,NaN,NaN,NaN,NaN,NaN,NaN,NaN,NaN,DB,NW,b,b,125,1005,NaN,NaN,NaN,NaN,
2022070912,b9w.2022,9X-B9W,TD,NONdev,15.0,111.4,15,1003,324,5,324,5,NaN,NaN,NaN,NaN,NaN,NaN,NaN,NaN,NaN,NaN,DB,NW,c,c,125,1005,NaN,NaN,NaN,NaN,
2022070918,b9w.2022,9X-B9W,TD,NONdev,14.8,112.2,15,1002,292,10,292,10,NaN,NaN,NaN,NaN,NaN,NaN,NaN,NaN,NaN,NaN,DB,NW,c,c,300,1006,NaN,NaN,NaN,NaN,
2022071000,b9w.2022,9X-B9W,TD,NONdev,15.3,111.1,15,1002,293,12,316,2,NaN,NaN,NaN,NaN,NaN,NaN,NaN,NaN,NaN,NaN,DB,NW,c,c,300,1006,NaN,NaN,NaN,NaN,
2022071006,b9w.2022,9X-B9W,TD,NONdev,15.7,112.0,15,1002,322,6,348,5,NaN,NaN,NaN,NaN,NaN,NaN,NaN,NaN,NaN,NaN,DB,NW,c,c,300,1006,NaN,NaN,NaN,NaN,
2022071012,b9w.2022,9X-B9W,TD,NONdev,15.3,111.5,15,1002,90,2,90,2,NaN,NaN,NaN,NaN,NaN,NaN,NaN,NaN,NaN,NaN,DB,NW,b,b,300,1006,NaN,NaN,NaN,NaN,
2022071018,b9w.2022,9X-B9W,TD,NONdev,15.7,111.1,15,1002,308,5,270,4,NaN,NaN,NaN,NaN,NaN,NaN,NaN,NaN,NaN,NaN,DB,NW,c,c,300,1006,NaN,NaN,NaN,NaN,
2022071100,b9w.2022,9X-B9W,TD,NONdev,15.9,109.8,15,1002,290,9,290,9,NaN,NaN,NaN,NaN,NaN,NaN,NaN,NaN,NaN,NaN,DB,NW,c,c,300,1006,NaN,NaN,NaN,NaN,
2022071106,b9w.2022,9X-B9W,TD,NONdev,16.7,109.3,15,1002,311,8,300,10,NaN,NaN,NaN,NaN,NaN,NaN,NaN,NaN,NaN,NaN,DB,NW,c,c,300,1006,NaN,NaN,NaN,NaN,
2022071112,b9w.2022,9X-B9W,TD,NONdev,17.1,108.2,15,1002,308,10,308,10,NaN,NaN,NaN,NaN,NaN,NaN,NaN,NaN,NaN,NaN,DB,NW,b,b,300,1006,0.01,NaN,NaN,NaN,
2022071118,b9w.2022,9X-B9W,TD,NONdev,17.5,107.1,15,1002,291,11,291,11,NaN,NaN,NaN,NaN,NaN,NaN,NaN,NaN,NaN,NaN,DB,NW,c,c,300,1005,0.21,NaN,50,NaN,
2022071200,b9w.2022,9X-B9W,TD,NONdev,17.8,106.0,15,1002,288,11,288,11,NaN,NaN,NaN,NaN,NaN,NaN,NaN,NaN,NaN,NaN,DB,NW,b,b,300,1005,0.82,NaN,50,NaN,
2022080818,c0w.2022,9X-C0W,TD,DEV,22.7,147.5,20,1007,290,12,290,12,NaN,NaN,NaN,NaN,NaN,NaN,NaN,NaN,NaN,NaN,DB,NW,b,b,NaN,NaN,NaN,NaN,NaN,NaN,
2022080900,c0w.2022,9X-C0W,TD,DEV,23.0,146.3,20,1007,290,12,290,12,NaN,NaN,NaN,NaN,NaN,NaN,NaN,NaN,NaN,NaN,DB,NW,b,b,NaN,NaN,NaN,NaN,NaN,NaN,
2022080906,c0w.2022,9X-C0W,TD,DEV,23.5,145.1,15,1007,300,10,290,12,NaN,NaN,NaN,NaN,NaN,NaN,NaN,NaN,NaN,NaN,DB,NW,c,c,NaN,NaN,NaN,NaN,NaN,NaN,
2022080912,c0w.2022,9X-C0W,TD,DEV,24.6,143.4,15,1008,301,15,301,15,NaN,NaN,NaN,NaN,NaN,NaN,NaN,NaN,NaN,NaN,DB,NW,b,b,NaN,NaN,NaN,NaN,NaN,NaN,
2022080918,c0w.2022,9X-C0W,TD,DEV,25.2,141.4,20,1005,295,17,297,19,NaN,NaN,NaN,NaN,NaN,NaN,NaN,NaN,NaN,NaN,DB,NW,C,C,110,1009,NaN,S,20,NaN,
2022081000,c0w.2022,9X-C0W,TD,DEV,26.1,139.9,20,1007,300,17,295,18,NaN,NaN,NaN,NaN,NaN,NaN,NaN,NaN,NaN,NaN,DB,NW,C,C,110,1009,NaN,S,20,NaN,
2022081006,c0w.2022,9X-C0W,TD,DEV,27.2,139.7,20,1006,310,14,323,13,NaN,NaN,NaN,NaN,NaN,NaN,NaN,NaN,NaN,NaN,DB,NW,C,C,110,1009,NaN,S,20,NaN,
2022081012,c0w.2022,9X-C0W,TD,DEV,27.6,138.5,20,1007,310,12,320,10,NaN,NaN,NaN,NaN,NaN,NaN,NaN,NaN,NaN,NaN,DB,NW,C,C,110,1009,NaN,S,55,NaN,
2022081018,c0w.2022,9X-C0W,TD,DEV,28.1,137.7,20,1006,315,10,297,10,NaN,NaN,NaN,NaN,NaN,NaN,NaN,NaN,NaN,NaN,DB,NW,C,C,110,1009,NaN,S,55,NaN,
2022081100,c0w.2022,9X-C0W,TD,DEV,28.7,136.6,20,1007,305,11,303,10,NaN,NaN,NaN,NaN,NaN,NaN,NaN,NaN,NaN,NaN,DB,NW,C,C,135,1010,NaN,S,55,NaN,
2022051806,c1w.2022,9X-C1W,TD,NONdev,15.1,143.9,10,1014,136,1,136,1,NaN,NaN,NaN,NaN,NaN,NaN,NaN,NaN,NaN,NaN,DB,NW,b,b,NaN,NaN,NaN,NaN,NaN,NaN,
2022051812,c1w.2022,9X-C1W,TD,NONdev,15.0,145.1,10,1014,136,1,136,1,NaN,NaN,NaN,NaN,NaN,NaN,NaN,NaN,NaN,NaN,DB,NW,b,b,NaN,NaN,NaN,NaN,NaN,NaN,
2022051818,c1w.2022,9X-C1W,TD,NONdev,15.0,144.0,10,1014,136,1,136,1,NaN,NaN,NaN,NaN,NaN,NaN,NaN,NaN,NaN,NaN,DB,NW,b,b,NaN,NaN,NaN,NaN,NaN,NaN,
2022051900,c1w.2022,9X-C1W,TD,NONdev,15.0,143.0,10,850,270,3,270,10,NaN,NaN,NaN,NaN,NaN,NaN,NaN,NaN,NaN,NaN,DB,NW,c,c,NaN,NaN,NaN,NaN,NaN,NaN,
2022051906,c1w.2022,9X-C1W,TD,NONdev,14.9,141.4,10,1014,268,13,268,13,NaN,NaN,NaN,NaN,NaN,NaN,NaN,NaN,NaN,NaN,DB,NW,c,c,NaN,NaN,NaN,NaN,NaN,NaN,
2022051912,c1w.2022,9X-C1W,TD,NONdev,15.0,140.2,10,1014,270,13,270,14,NaN,NaN,NaN,NaN,NaN,NaN,NaN,NaN,NaN,NaN,DB,NW,c,c,NaN,NaN,NaN,NaN,NaN,NaN,
2022051918,c1w.2022,9X-C1W,TD,NONdev,15.0,138.8,10,1014,272,13,272,13,NaN,NaN,NaN,NaN,NaN,NaN,NaN,NaN,NaN,NaN,DB,NW,c,c,NaN,NaN,NaN,NaN,NaN,NaN,
2022052000,c1w.2022,9X-C1W,TD,NONdev,15.2,137.7,10,1014,275,12,275,12,NaN,NaN,NaN,NaN,NaN,NaN,NaN,NaN,NaN,NaN,DB,NW,c,c,NaN,NaN,NaN,NaN,NaN,NaN,
2022052006,c1w.2022,9X-C1W,TD,NONdev,15.6,136.6,10,1014,286,11,286,11,NaN,NaN,NaN,NaN,NaN,NaN,NaN,NaN,NaN,NaN,DB,NW,c,c,NaN,NaN,NaN,NaN,NaN,NaN,
2022052012,c1w.2022,9X-C1W,TD,NONdev,15.9,135.8,10,1010,291,10,291,10,NaN,NaN,NaN,NaN,NaN,NaN,NaN,NaN,NaN,NaN,DB,NW,c,c,NaN,NaN,NaN,NaN,NaN,NaN,
2022052018,c1w.2022,9X-C1W,TD,NONdev,16.5,134.7,10,1010,296,10,296,10,NaN,NaN,NaN,NaN,NaN,NaN,NaN,NaN,NaN,NaN,DB,NW,c,c,NaN,NaN,NaN,NaN,NaN,NaN,
2022052100,c1w.2022,9X-C1W,TD,NONdev,17.0,134.2,15,1010,306,9,306,9,NaN,NaN,NaN,NaN,NaN,NaN,NaN,NaN,NaN,NaN,DB,NW,c,c,NaN,NaN,NaN,NaN,NaN,NaN,
2022072106,c2w.2022,9X-C2W,TD,NONdev,18.2,143.2,15,1010,235,16,235,16,NaN,NaN,NaN,NaN,NaN,NaN,NaN,NaN,NaN,NaN,DB,NW,b,b,NaN,NaN,NaN,NaN,NaN,NaN,
2022072112,c2w.2022,9X-C2W,TD,NONdev,18.2,142.8,15,1010,235,16,235,16,NaN,NaN,NaN,NaN,NaN,NaN,NaN,NaN,NaN,NaN,DB,NW,b,b,NaN,NaN,NaN,NaN,NaN,NaN,
2022072118,c2w.2022,9X-C2W,TD,NONdev,16.3,140.4,15,1010,235,16,235,16,NaN,NaN,NaN,NaN,NaN,NaN,NaN,NaN,NaN,NaN,DB,NW,b,b,NaN,NaN,NaN,NaN,NaN,NaN,
2022072200,c2w.2022,9X-C2W,TD,NONdev,18.4,142.2,15,1010,289,3,289,3,NaN,NaN,NaN,NaN,NaN,NaN,NaN,NaN,NaN,NaN,DB,NW,c,c,NaN,NaN,NaN,NaN,NaN,NaN,
2022072206,c2w.2022,9X-C2W,TD,NONdev,17.9,140.3,15,1009,289,3,296,5,NaN,NaN,NaN,NaN,NaN,NaN,NaN,NaN,NaN,NaN,DB,NW,c,c,NaN,NaN,NaN,NaN,NaN,NaN,
2022072212,c2w.2022,9X-C2W,TD,NONdev,17.5,138.5,15,1008,301,8,303,7,NaN,NaN,NaN,NaN,NaN,NaN,NaN,NaN,NaN,NaN,DB,NW,c,c,NaN,NaN,NaN,NaN,NaN,NaN,
2022072218,c2w.2022,9X-C2W,TD,NONdev,18.0,137.9,15,1008,303,7,264,14,NaN,NaN,NaN,NaN,NaN,NaN,NaN,NaN,NaN,NaN,DB,NW,c,c,NaN,NaN,NaN,NaN,NaN,NaN,
2022072300,c2w.2022,9X-C2W,TD,NONdev,19.9,139.5,15,1008,325,7,22,13,NaN,NaN,NaN,NaN,NaN,NaN,NaN,NaN,NaN,NaN,DB,NW,c,c,NaN,NaN,NaN,NaN,NaN,NaN,
2022072306,c2w.2022,9X-C2W,TD,NONdev,20.6,139.5,15,1007,348,7,30,15,NaN,NaN,NaN,NaN,NaN,NaN,NaN,NaN,NaN,NaN,DB,NW,c,c,NaN,NaN,NaN,NaN,NaN,NaN,
2022072312,c2w.2022,9X-C2W,TD,NONdev,21.3,139.5,15,1007,360,7,360,7,NaN,NaN,NaN,NaN,NaN,NaN,NaN,NaN,NaN,NaN,DB,NW,c,c,NaN,NaN,NaN,NaN,NaN,NaN,
2022072318,c2w.2022,9X-C2W,TD,NONdev,21.4,138.8,15,1008,335,5,321,5,NaN,NaN,NaN,NaN,NaN,NaN,NaN,NaN,NaN,NaN,DB,NW,C,C,150,1008,NaN,S,NaN,NaN,
2022072400,c2w.2022,9X-C2W,TD,NONdev,24.2,139.1,15,1008,335,5,340,12,NaN,NaN,NaN,NaN,NaN,NaN,NaN,NaN,NaN,NaN,DB,NW,C,C,150,1008,NaN,S,NaN,NaN,
2022072406,c2w.2022,9X-C2W,TD,NONdev,27.0,139.4,15,1007,6,22,359,19,NaN,NaN,NaN,NaN,NaN,NaN,NaN,NaN,NaN,NaN,DB,NW,c,c,NaN,NaN,NaN,NaN,NaN,NaN,
2022072412,c2w.2022,9X-C2W,TD,NONdev,28.8,138.4,15,1008,351,21,357,25,NaN,NaN,NaN,NaN,NaN,NaN,NaN,NaN,NaN,NaN,DB,NW,c,c,NaN,NaN,NaN,NaN,NaN,NaN,
2022072418,c2w.2022,9X-C2W,TD,NONdev,30.5,138.3,15,1008,346,18,345,18,NaN,NaN,NaN,NaN,NaN,NaN,NaN,NaN,NaN,NaN,DB,NW,c,c,NaN,NaN,NaN,NaN,NaN,NaN,
2022072500,c2w.2022,9X-C2W,TD,NONdev,31.7,138.0,20,1007,346,14,353,15,NaN,NaN,NaN,NaN,NaN,NaN,NaN,NaN,NaN,NaN,DB,NW,c,c,NaN,NaN,NaN,NaN,NaN,NaN,
2022072506,c2w.2022,9X-C2W,TD,NONdev,32.2,137.5,20,1010,338,9,338,9,NaN,NaN,NaN,NaN,NaN,NaN,NaN,NaN,NaN,NaN,DB,NW,c,c,NaN,NaN,NaN,NaN,NaN,NaN,
2022072512,c2w.2022,9X-C2W,TD,NONdev,32.4,137.0,15,1010,310,5,310,5,NaN,NaN,NaN,NaN,NaN,NaN,NaN,NaN,NaN,NaN,DB,NW,c,c,NaN,NaN,NaN,NaN,NaN,NaN,
2022072518,c2w.2022,9X-C2W,TD,NONdev,32.9,136.9,15,1008,324,4,324,4,NaN,NaN,NaN,NaN,NaN,NaN,NaN,NaN,NaN,NaN,DB,NW,c,c,NaN,NaN,NaN,NaN,NaN,NaN,
2022072600,c2w.2022,9X-C2W,TD,NONdev,33.4,137.1,15,1008,348,4,5,5,NaN,NaN,NaN,NaN,NaN,NaN,NaN,NaN,NaN,NaN,DB,NW,c,c,NaN,NaN,NaN,NaN,NaN,NaN,
2022072606,c2w.2022,9X-C2W,TD,NONdev,34.3,137.3,15,1008,4,7,13,7,NaN,NaN,NaN,NaN,NaN,NaN,NaN,NaN,NaN,NaN,DB,NW,c,c,NaN,NaN,0.29,NaN,NaN,NaN,
2022072612,c2w.2022,9X-C2W,TD,NONdev,35.0,137.6,15,1008,12,8,14,8,NaN,NaN,NaN,NaN,NaN,NaN,NaN,NaN,NaN,NaN,DB,NW,c,c,NaN,NaN,0.79,NaN,NaN,NaN,
2022072618,c2w.2022,9X-C2W,TD,NONdev,35.5,137.8,15,1010,19,6,19,6,NaN,NaN,NaN,NaN,NaN,NaN,NaN,NaN,NaN,NaN,DB,NW,c,c,NaN,NaN,0.99,NaN,NaN,NaN,
2022072418,c3w.2022,9X-C3W,TD,NONdev,13.7,146.8,15,1010,311,5,311,5,NaN,NaN,NaN,NaN,NaN,NaN,NaN,NaN,NaN,NaN,DB,NW,b,b,NaN,NaN,NaN,NaN,NaN,NaN,
2022072500,c3w.2022,9X-C3W,TD,NONdev,13.9,146.5,15,1008,311,5,311,5,NaN,NaN,NaN,NaN,NaN,NaN,NaN,NaN,NaN,NaN,DB,NW,b,b,NaN,NaN,NaN,NaN,NaN,NaN,
2022072506,c3w.2022,9X-C3W,TD,NONdev,14.3,146.1,15,1008,280,6,311,5,NaN,NaN,NaN,NaN,NaN,NaN,NaN,NaN,NaN,NaN,DB,NW,c,c,NaN,NaN,NaN,NaN,NaN,NaN,
2022072512,c3w.2022,9X-C3W,TD,NONdev,15.2,146.8,15,1007,6,5,13,7,NaN,NaN,NaN,NaN,NaN,NaN,NaN,NaN,NaN,NaN,DB,NW,c,c,NaN,NaN,NaN,NaN,NaN,NaN,
2022072518,c3w.2022,9X-C3W,TD,NONdev,15.5,145.2,15,1007,309,6,324,7,NaN,NaN,NaN,NaN,NaN,NaN,NaN,NaN,NaN,NaN,DB,NW,c,c,NaN,NaN,NaN,NaN,NaN,NaN,
2022072600,c3w.2022,9X-C3W,TD,NONdev,15.2,144.6,15,1004,309,6,270,11,NaN,NaN,NaN,NaN,NaN,NaN,NaN,NaN,NaN,NaN,DB,NW,c,c,NaN,NaN,NaN,NaN,NaN,NaN,
2022072606,c3w.2022,9X-C3W,TD,NONdev,15.9,143.4,15,1004,305,9,283,9,NaN,NaN,NaN,NaN,NaN,NaN,NaN,NaN,NaN,NaN,DB,NW,c,c,180,1008,NaN,NaN,25,NaN,
2022072612,c3w.2022,9X-C3W,TD,NONdev,16.5,142.3,20,1008,305,10,300,13,NaN,NaN,NaN,NaN,NaN,NaN,NaN,NaN,NaN,NaN,DB,NW,C,C,200,1008,NaN,S,25,NaN,
2022072618,c3w.2022,9X-C3W,TD,NONdev,16.1,142.6,20,1004,295,7,285,4,NaN,NaN,NaN,NaN,NaN,NaN,NaN,NaN,NaN,NaN,DB,NW,C,C,220,1006,NaN,S,30,NaN,
2022072700,c3w.2022,9X-C3W,TD,NONdev,17.0,142.1,20,1004,315,7,339,3,NaN,NaN,NaN,NaN,NaN,NaN,NaN,NaN,NaN,NaN,DB,NW,C,C,275,1008,NaN,S,40,NaN,
2022072706,c3w.2022,9X-C3W,TD,NONdev,17.3,141.0,20,1004,310,8,308,10,NaN,NaN,NaN,NaN,NaN,NaN,NaN,NaN,NaN,NaN,DB,NW,C,C,260,1008,NaN,S,50,NaN,
2022072712,c3w.2022,9X-C3W,TD,NONdev,17.8,140.5,20,1004,310,9,298,9,NaN,NaN,NaN,NaN,NaN,NaN,NaN,NaN,NaN,NaN,DB,NW,C,C,215,1007,NaN,S,50,NaN,
2022072718,c3w.2022,9X-C3W,TD,NONdev,18.7,140.1,20,1002,329,8,329,8,NaN,NaN,NaN,NaN,NaN,NaN,NaN,NaN,NaN,NaN,DB,NW,c,c,215,1007,NaN,NaN,50,NaN,
2022072800,c3w.2022,9X-C3W,TD,NONdev,20.1,139.4,20,1002,330,11,336,13,NaN,NaN,NaN,NaN,NaN,NaN,NaN,NaN,NaN,NaN,DB,NW,C,C,215,1007,NaN,S,50,NaN,
2022072806,c3w.2022,9X-C3W,TD,NONdev,21.8,139.8,20,1002,350,14,355,16,NaN,NaN,NaN,NaN,NaN,NaN,NaN,NaN,NaN,NaN,DB,NW,C,C,215,1007,NaN,S,50,NaN,
2022072812,c3w.2022,9X-C3W,TD,NONdev,23.2,139.2,20,1004,350,15,357,16,NaN,NaN,NaN,NaN,NaN,NaN,NaN,NaN,NaN,NaN,DB,NW,C,C,250,1008,NaN,S,50,NaN,
2022072818,c3w.2022,9X-C3W,TD,NONdev,24.2,136.9,20,1004,325,16,312,18,NaN,NaN,NaN,NaN,NaN,NaN,NaN,NaN,NaN,NaN,DB,NW,C,C,110,1005,NaN,S,50,NaN,
2022072800,c4w.2022,9X-C4W,TD,DEV,21.6,138.7,25,1004,338,21,338,21,NaN,NaN,NaN,NaN,NaN,NaN,NaN,NaN,NaN,NaN,DB,NW,b,b,120,1004,NaN,NaN,40,NaN,
2022072806,c4w.2022,9X-C4W,TD,DEV,23.8,137.9,25,1004,338,21,338,21,NaN,NaN,NaN,NaN,NaN,NaN,NaN,NaN,NaN,NaN,DB,NW,b,b,120,1004,NaN,NaN,40,NaN,
2022072812,c4w.2022,9X-C4W,TD,DEV,25.4,137.0,25,1004,338,21,338,21,NaN,NaN,NaN,NaN,NaN,NaN,NaN,NaN,NaN,NaN,DB,NW,b,b,120,1004,NaN,NaN,40,NaN,
2022072818,c4w.2022,9X-C4W,TD,DEV,25.7,136.8,25,1000,336,14,332,11,NaN,NaN,NaN,NaN,NaN,NaN,NaN,NaN,NaN,NaN,DB,NW,c,c,120,1004,NaN,NaN,40,NaN,
2022072800,c5w.2022,9X-C5W,TD,DEV,18.7,129.7,15,1002,48,4,48,4,NaN,NaN,NaN,NaN,NaN,NaN,NaN,NaN,NaN,NaN,DB,NW,b,b,150,1002,NaN,NaN,90,NaN,
2022072806,c5w.2022,9X-C5W,TD,DEV,19.0,130.2,15,1002,48,4,48,4,NaN,NaN,NaN,NaN,NaN,NaN,NaN,NaN,NaN,NaN,DB,NW,b,b,150,1002,NaN,NaN,90,NaN,
2022072812,c5w.2022,9X-C5W,TD,DEV,19.3,130.4,15,1001,48,4,48,4,NaN,NaN,NaN,NaN,NaN,NaN,NaN,NaN,NaN,NaN,DB,NW,b,b,150,1002,NaN,NaN,90,NaN,
2022072818,c5w.2022,9X-C5W,TD,DEV,20.1,130.8,15,1000,27,6,27,6,NaN,NaN,NaN,NaN,NaN,NaN,NaN,NaN,NaN,NaN,DB,NW,b,b,150,1002,NaN,NaN,90,NaN,
2022072900,c5w.2022,9X-C5W,TD,DEV,21.3,130.8,15,1000,11,10,11,10,NaN,NaN,NaN,NaN,NaN,NaN,NaN,NaN,NaN,NaN,DB,NW,c,c,160,1003,NaN,NaN,90,NaN,
2022072906,c5w.2022,9X-C5W,TD,DEV,21.5,130.1,15,1000,335,8,335,8,NaN,NaN,NaN,NaN,NaN,NaN,NaN,NaN,NaN,NaN,DB,NW,c,c,170,1003,NaN,NaN,90,NaN,
2022072912,c5w.2022,9X-C5W,TD,DEV,21.6,129.4,15,1002,283,7,283,7,NaN,NaN,NaN,NaN,NaN,NaN,NaN,NaN,NaN,NaN,DB,NW,c,c,170,1004,NaN,NaN,90,NaN,
2022072918,c5w.2022,9X-C5W,TD,DEV,21.9,128.9,15,1000,290,6,290,6,NaN,NaN,NaN,NaN,NaN,NaN,NaN,NaN,NaN,NaN,DB,NW,c,c,170,1004,NaN,NaN,90,NaN,
2022073000,c5w.2022,9X-C5W,TD,DEV,21.6,127.5,15,1001,270,9,270,9,NaN,NaN,NaN,NaN,NaN,NaN,NaN,NaN,NaN,NaN,DB,NW,c,c,170,1004,NaN,NaN,90,NaN,
2022073006,c5w.2022,9X-C5W,TD,DEV,22.6,128.0,15,1001,310,5,310,5,NaN,NaN,NaN,NaN,NaN,NaN,NaN,NaN,NaN,NaN,DB,NW,b,b,170,1004,NaN,NaN,90,NaN,
2022073012,c5w.2022,9X-C5W,TD,DEV,22.6,127.2,15,1000,301,9,344,5,NaN,NaN,NaN,NaN,NaN,NaN,NaN,NaN,NaN,NaN,DB,NW,c,c,90,1002,NaN,NaN,90,NaN,
2022073018,c5w.2022,9X-C5W,TD,DEV,24.2,127.5,15,1000,301,9,350,8,NaN,NaN,NaN,NaN,NaN,NaN,NaN,NaN,NaN,NaN,DB,NW,c,c,102,1002,0.03,NaN,90,NaN,
2022073100,c5w.2022,9X-C5W,TD,DEV,25.9,127.7,15,999,355,11,355,11,NaN,NaN,NaN,NaN,NaN,NaN,NaN,NaN,NaN,NaN,DB,NW,C,C,115,1003,0.05,S,75,NaN,
2022073106,c5w.2022,9X-C5W,TD,DEV,27.5,127.8,20,999,355,13,6,16,NaN,NaN,NaN,NaN,NaN,NaN,NaN,NaN,NaN,NaN,DB,NW,C,C,115,1002,NaN,S,75,NaN,
2022073112,c5w.2022,9X-C5W,TD,DEV,28.7,127.0,20,999,347,14,347,14,NaN,NaN,NaN,NaN,NaN,NaN,NaN,NaN,NaN,NaN,DB,NW,c,c,95,1005,NaN,NaN,45,NaN,
2022073118,c5w.2022,9X-C5W,TD,DEV,30.7,126.3,20,1000,345,17,338,17,NaN,NaN,NaN,NaN,NaN,NaN,NaN,NaN,NaN,NaN,DB,NW,C,C,95,1002,NaN,S,60,NaN,
2022080106,c6w.2022,9X-C6W,TD,DEV,17.2,118.8,15,1010,11,13,11,13,NaN,NaN,NaN,NaN,NaN,NaN,NaN,NaN,NaN,NaN,DB,NW,b,b,NaN,NaN,NaN,NaN,NaN,NaN,
2022080112,c6w.2022,9X-C6W,TD,DEV,17.6,119.1,15,1010,11,13,11,13,NaN,NaN,NaN,NaN,NaN,NaN,NaN,NaN,NaN,NaN,DB,NW,b,b,NaN,NaN,NaN,NaN,NaN,NaN,
2022080118,c6w.2022,9X-C6W,TD,DEV,19.7,119.3,15,1007,8,7,11,13,NaN,NaN,NaN,NaN,NaN,NaN,NaN,NaN,NaN,NaN,DB,NW,c,c,NaN,NaN,NaN,NaN,NaN,NaN,
2022080200,c6w.2022,9X-C6W,TD,DEV,18.4,119.1,15,1007,13,4,360,4,NaN,NaN,NaN,NaN,NaN,NaN,NaN,NaN,NaN,NaN,DB,NW,c,c,NaN,NaN,NaN,NaN,NaN,NaN,
2022080206,c6w.2022,9X-C6W,TD,DEV,21.0,119.6,15,1007,4,13,12,7,NaN,NaN,NaN,NaN,NaN,NaN,NaN,NaN,NaN,NaN,DB,NW,c,c,NaN,NaN,NaN,NaN,NaN,NaN,
2022080212,c6w.2022,9X-C6W,TD,DEV,20.0,118.3,15,1007,4,13,150,7,NaN,NaN,NaN,NaN,NaN,NaN,NaN,NaN,NaN,NaN,DB,NW,c,c,NaN,NaN,NaN,NaN,NaN,NaN,
2022080218,c6w.2022,9X-C6W,TD,DEV,19.0,117.0,15,1007,15,6,287,7,NaN,NaN,NaN,NaN,NaN,NaN,NaN,NaN,NaN,NaN,DB,NW,c,c,NaN,NaN,NaN,NaN,NaN,NaN,
2022080300,c6w.2022,9X-C6W,TD,DEV,21.1,117.6,15,1005,12,12,273,6,NaN,NaN,NaN,NaN,NaN,NaN,NaN,NaN,NaN,NaN,DB,NW,c,c,100,1007,NaN,NaN,45,NaN,
2022080306,c6w.2022,9X-C6W,TD,DEV,21.4,117.5,20,1005,10,8,11,12,NaN,NaN,NaN,NaN,NaN,NaN,NaN,NaN,NaN,NaN,DB,NW,C,C,70,1006,NaN,S,45,NaN,
2022080312,c6w.2022,9X-C6W,TD,DEV,21.7,116.8,20,1004,345,6,309,5,NaN,NaN,NaN,NaN,NaN,NaN,NaN,NaN,NaN,NaN,DB,NW,C,C,75,1006,NaN,S,45,NaN,
2022080318,c6w.2022,9X-C6W,TD,DEV,21.8,116.1,20,1003,315,6,287,7,NaN,NaN,NaN,NaN,NaN,NaN,NaN,NaN,NaN,NaN,DB,NW,C,C,75,1006,NaN,S,45,NaN,
2022080306,c7w.2022,9X-C7W,TD,NONdev,11.5,129.4,15,1006,291,11,291,11,NaN,NaN,NaN,NaN,NaN,NaN,NaN,NaN,NaN,NaN,DB,NW,b,b,NaN,NaN,NaN,NaN,NaN,NaN,
2022080312,c7w.2022,9X-C7W,TD,NONdev,11.9,128.3,15,1006,291,11,291,11,NaN,NaN,NaN,NaN,NaN,NaN,NaN,NaN,NaN,NaN,DB,NW,b,b,NaN,NaN,NaN,NaN,NaN,NaN,
2022080318,c7w.2022,9X-C7W,TD,NONdev,12.3,127.3,15,1006,291,11,291,11,NaN,NaN,NaN,NaN,NaN,NaN,NaN,NaN,NaN,NaN,DB,NW,b,b,NaN,NaN,NaN,NaN,NaN,NaN,
2022080400,c7w.2022,9X-C7W,TD,NONdev,12.7,126.4,15,1006,293,10,293,10,NaN,NaN,NaN,NaN,NaN,NaN,NaN,NaN,NaN,NaN,DB,NW,c,c,NaN,NaN,NaN,NaN,NaN,NaN,
2022080406,c7w.2022,9X-C7W,TD,NONdev,13.1,125.5,15,1006,294,10,294,10,NaN,NaN,NaN,NaN,NaN,NaN,NaN,NaN,NaN,NaN,DB,NW,c,c,NaN,NaN,0.02,NaN,NaN,NaN,
2022080412,c7w.2022,9X-C7W,TD,NONdev,13.4,124.0,15,1007,287,12,287,12,NaN,NaN,NaN,NaN,NaN,NaN,NaN,NaN,NaN,NaN,DB,NW,c,c,NaN,NaN,0.39,NaN,NaN,NaN,
2022080418,c7w.2022,9X-C7W,TD,NONdev,14.5,122.5,20,1007,296,16,296,16,NaN,NaN,NaN,NaN,NaN,NaN,NaN,NaN,NaN,NaN,DB,NW,c,c,NaN,NaN,0.25,NaN,NaN,NaN,
2022080500,c7w.2022,9X-C7W,TD,NONdev,14.5,122.2,20,1007,286,9,302,10,NaN,NaN,NaN,NaN,NaN,NaN,NaN,NaN,NaN,NaN,DB,NW,c,c,NaN,NaN,0.33,NaN,NaN,NaN,
2022080506,c7w.2022,9X-C7W,TD,NONdev,14.6,121.8,20,1007,285,7,278,3,NaN,NaN,NaN,NaN,NaN,NaN,NaN,NaN,NaN,NaN,DB,NW,C,C,65,1009,0.33,S,25,NaN,
2022080512,c7w.2022,9X-C7W,TD,NONdev,14.5,121.0,20,1006,275,7,270,6,NaN,NaN,NaN,NaN,NaN,NaN,NaN,NaN,NaN,NaN,DB,NW,C,C,75,1008,0.70,S,25,NaN,
2022080518,c7w.2022,9X-C7W,TD,NONdev,14.9,119.9,20,1008,280,8,279,9,NaN,NaN,NaN,NaN,NaN,NaN,NaN,NaN,NaN,NaN,DB,NW,C,C,75,1008,0.39,S,25,NaN,
2022080600,c7w.2022,9X-C7W,TD,NONdev,15.4,119.2,20,1005,285,8,297,10,NaN,NaN,NaN,NaN,NaN,NaN,NaN,NaN,NaN,NaN,DB,NW,C,C,80,1008,NaN,S,40,NaN,
2022080606,c7w.2022,9X-C7W,TD,NONdev,16.6,117.0,20,1004,290,13,301,16,NaN,NaN,NaN,NaN,NaN,NaN,NaN,NaN,NaN,NaN,DB,NW,C,C,115,1005,NaN,S,40,NaN,
2022080612,c7w.2022,9X-C7W,TD,NONdev,16.4,116.1,20,1004,280,11,289,16,NaN,NaN,NaN,NaN,NaN,NaN,NaN,NaN,NaN,NaN,DB,NW,C,C,120,1006,NaN,S,50,NaN,
2022080618,c7w.2022,9X-C7W,TD,NONdev,16.1,115.2,20,1004,265,10,254,9,NaN,NaN,NaN,NaN,NaN,NaN,NaN,NaN,NaN,NaN,DB,NW,C,C,120,1006,NaN,S,50,NaN,
2022080700,c7w.2022,9X-C7W,TD,NONdev,16.6,113.8,20,1003,265,10,267,10,NaN,NaN,NaN,NaN,NaN,NaN,NaN,NaN,NaN,NaN,DB,NW,C,C,120,1004,NaN,S,50,NaN,
2022080706,c7w.2022,9X-C7W,TD,NONdev,17.0,112.4,20,1002,270,13,280,12,NaN,NaN,NaN,NaN,NaN,NaN,NaN,NaN,NaN,NaN,DB,NW,C,C,120,1003,NaN,S,65,NaN,
2022080712,c7w.2022,9X-C7W,TD,NONdev,15.6,112.0,20,1002,240,13,261,10,NaN,NaN,NaN,NaN,NaN,NaN,NaN,NaN,NaN,NaN,DB,NW,C,C,175,1004,NaN,S,90,NaN,
2022080718,c7w.2022,9X-C7W,TD,NONdev,14.5,111.9,20,1002,215,12,191,13,NaN,NaN,NaN,NaN,NaN,NaN,NaN,NaN,NaN,NaN,DB,NW,C,C,180,1004,NaN,S,90,NaN,
2022080800,c7w.2022,9X-C7W,TD,NONdev,15.0,112.8,20,1002,170,7,128,5,NaN,NaN,NaN,NaN,NaN,NaN,NaN,NaN,NaN,NaN,DB,NW,C,C,195,1006,NaN,S,90,NaN,
2022080806,c7w.2022,9X-C7W,TD,NONdev,15.7,112.5,25,1000,80,2,26,7,NaN,NaN,NaN,NaN,NaN,NaN,NaN,NaN,NaN,NaN,DB,NW,C,C,300,1004,NaN,S,150,NaN,
2022080812,c7w.2022,9X-C7W,TD,NONdev,16.0,112.9,25,1000,45,4,6,5,NaN,NaN,NaN,NaN,NaN,NaN,NaN,NaN,NaN,NaN,DB,NW,C,C,290,1003,NaN,S,110,NaN,
2022080818,c7w.2022,9X-C7W,TD,NONdev,17.0,113.4,20,1001,25,7,34,8,NaN,NaN,NaN,NaN,NaN,NaN,NaN,NaN,NaN,NaN,MD,NW,C,C,250,1003,NaN,S,135,NaN,
2022080900,c7w.2022,9X-C7W,TD,NONdev,17.7,113.2,20,1001,10,9,10,9,NaN,NaN,NaN,NaN,NaN,NaN,NaN,NaN,NaN,NaN,MD,NW,c,c,250,1003,NaN,NaN,160,NaN,
2022080906,c7w.2022,9X-C7W,TD,NONdev,17.3,112.9,20,998,0,4,302,3,NaN,NaN,NaN,NaN,NaN,NaN,NaN,NaN,NaN,NaN,DB,NW,C,C,250,1003,NaN,S,160,NaN,
2022080912,c7w.2022,9X-C7W,TD,NONdev,18.3,112.5,30,997,345,7,312,4,NaN,NaN,NaN,NaN,NaN,NaN,NaN,NaN,NaN,NaN,DB,NW,C,C,270,1003,NaN,S,130,NaN,
2022080918,c7w.2022,9X-C7W,TD,NONdev,19.1,111.4,25,997,325,9,322,11,NaN,NaN,NaN,NaN,NaN,NaN,NaN,NaN,NaN,NaN,MD,NW,C,C,270,1003,NaN,S,140,NaN,
2022081000,c7w.2022,9X-C7W,TD,NONdev,20.3,110.2,25,996,320,13,313,15,NaN,NaN,NaN,NaN,NaN,NaN,NaN,NaN,NaN,NaN,MD,NW,C,C,270,1003,0.42,S,140,NaN,
2022081006,c7w.2022,9X-C7W,TD,NONdev,20.2,110.6,25,996,315,9,326,7,NaN,NaN,NaN,NaN,NaN,NaN,NaN,NaN,NaN,NaN,DB,NW,C,C,270,1003,0.60,S,140,NaN,
2022081012,c7w.2022,9X-C7W,TD,NONdev,20.7,108.6,20,998,300,12,285,8,NaN,NaN,NaN,NaN,NaN,NaN,NaN,NaN,NaN,NaN,DB,NW,C,C,270,1003,NaN,S,140,NaN,
2022081018,c7w.2022,9X-C7W,TD,NONdev,20.9,107.3,20,998,290,14,283,16,NaN,NaN,NaN,NaN,NaN,NaN,NaN,NaN,NaN,NaN,DB,NW,C,C,270,1003,0.33,S,140,NaN,
2022081100,c7w.2022,9X-C7W,TD,NONdev,21.1,106.5,20,1007,282,10,282,10,NaN,NaN,NaN,NaN,NaN,NaN,NaN,NaN,NaN,NaN,DB,NW,b,b,270,1003,0.85,NaN,140,NaN,
2022080506,c8w.2022,9X-C8W,TD,NONdev,5.1,157.9,15,1010,272,16,272,16,NaN,NaN,NaN,NaN,NaN,NaN,NaN,NaN,NaN,NaN,DB,NW,b,b,NaN,NaN,NaN,NaN,NaN,NaN,
2022080512,c8w.2022,9X-C8W,TD,NONdev,5.1,156.1,15,1010,272,16,272,16,NaN,NaN,NaN,NaN,NaN,NaN,NaN,NaN,NaN,NaN,DB,NW,b,b,NaN,NaN,NaN,NaN,NaN,NaN,
2022080518,c8w.2022,9X-C8W,TD,NONdev,5.2,154.7,15,1010,272,16,272,16,NaN,NaN,NaN,NaN,NaN,NaN,NaN,NaN,NaN,NaN,DB,NW,b,b,NaN,NaN,NaN,NaN,NaN,NaN,
2022080600,c8w.2022,9X-C8W,TD,NONdev,5.3,153.2,15,1006,274,14,274,14,NaN,NaN,NaN,NaN,NaN,NaN,NaN,NaN,NaN,NaN,DB,NW,b,b,NaN,NaN,NaN,NaN,NaN,NaN,
2022080512,c9w.2022,9X-C9W,TD,NONdev,4.7,156.5,15,1005,292,15,292,15,NaN,NaN,NaN,NaN,NaN,NaN,NaN,NaN,NaN,NaN,DB,NW,b,b,NaN,NaN,NaN,NaN,NaN,NaN,
2022080518,c9w.2022,9X-C9W,TD,NONdev,5.6,155.1,15,1005,292,15,292,15,NaN,NaN,NaN,NaN,NaN,NaN,NaN,NaN,NaN,NaN,DB,NW,b,b,NaN,NaN,NaN,NaN,NaN,NaN,
2022080600,c9w.2022,9X-C9W,TD,NONdev,5.8,153.7,15,1005,292,15,292,15,NaN,NaN,NaN,NaN,NaN,NaN,NaN,NaN,NaN,NaN,DB,NW,b,b,NaN,NaN,NaN,NaN,NaN,NaN,
2022080606,c9w.2022,9X-C9W,TD,NONdev,5.1,152.0,15,1005,274,15,261,16,NaN,NaN,NaN,NaN,NaN,NaN,NaN,NaN,NaN,NaN,DB,NW,c,c,NaN,NaN,NaN,NaN,NaN,NaN,
2022080612,c9w.2022,9X-C9W,TD,NONdev,6.3,151.2,15,1005,281,13,281,13,NaN,NaN,NaN,NaN,NaN,NaN,NaN,NaN,NaN,NaN,DB,NW,c,c,NaN,NaN,NaN,NaN,NaN,NaN,
2022080618,c9w.2022,9X-C9W,TD,NONdev,6.9,148.9,15,1010,284,18,300,18,NaN,NaN,NaN,NaN,NaN,NaN,NaN,NaN,NaN,NaN,DB,NW,c,c,NaN,NaN,NaN,NaN,NaN,NaN,
2022082518,d0w.2022,9X-D0W,TD,DEV,21.0,155.0,15,NaN,290,3,291,7,NaN,NaN,NaN,NaN,NaN,NaN,NaN,NaN,NaN,NaN,NT,NW,c,c,NaN,NaN,NaN,NaN,NaN,NaN,
2022082600,d0w.2022,9X-D0W,TD,DEV,21.1,154.6,15,NaN,287,3,291,7,NaN,NaN,NaN,NaN,NaN,NaN,NaN,NaN,NaN,NaN,NT,NW,c,c,NaN,NaN,NaN,NaN,NaN,NaN,
2022082606,d0w.2022,9X-D0W,TD,DEV,21.5,153.6,15,NaN,33,15,291,7,NaN,NaN,NaN,NaN,NaN,NaN,NaN,NaN,NaN,NaN,NT,NW,c,c,NaN,NaN,NaN,NaN,NaN,NaN,
2022082612,d0w.2022,9X-D0W,TD,DEV,23.0,151.2,20,NaN,5,10,301,18,NaN,NaN,NaN,NaN,NaN,NaN,NaN,NaN,NaN,NaN,NT,NW,c,c,NaN,NaN,NaN,NaN,NaN,NaN,
2022082618,d0w.2022,9X-D0W,TD,DEV,24.1,151.3,20,NaN,5,11,321,17,NaN,NaN,NaN,NaN,NaN,NaN,NaN,NaN,NaN,NaN,NT,NW,c,c,NaN,NaN,NaN,NaN,NaN,NaN,
2022082700,d0w.2022,9X-D0W,TD,DEV,24.8,151.3,25,NaN,3,9,3,9,NaN,NaN,NaN,NaN,NaN,NaN,NaN,NaN,NaN,NaN,TW,NW,c,c,NaN,NaN,NaN,NaN,NaN,NaN,
2022082706,d0w.2022,9X-D0W,TD,DEV,22.5,150.1,25,NaN,16,5,215,10,NaN,NaN,NaN,NaN,NaN,NaN,NaN,NaN,NaN,NaN,TW,NW,c,c,NaN,NaN,NaN,NaN,NaN,NaN,
2022082712,d0w.2022,9X-D0W,TD,DEV,23.0,150.4,22,NaN,16,5,209,8,NaN,NaN,NaN,NaN,NaN,NaN,NaN,NaN,NaN,NaN,TW,NW,c,c,NaN,NaN,NaN,NaN,NaN,NaN,
2022082718,d0w.2022,9X-D0W,TD,DEV,23.5,150.7,20,NaN,323,4,203,5,NaN,NaN,NaN,NaN,NaN,NaN,NaN,NaN,NaN,NaN,NT,NW,c,c,NaN,NaN,NaN,NaN,NaN,NaN,
2022082800,d0w.2022,9X-D0W,TD,DEV,24.8,150.0,20,1004,330,7,358,8,NaN,NaN,NaN,NaN,NaN,NaN,NaN,NaN,NaN,NaN,DB,NW,C,C,150,1008,NaN,S,NaN,NaN,
2022071818,d1w.2022,9X-D1W,TD,NONdev,26.3,165.4,15,1010,222,7,222,7,NaN,NaN,NaN,NaN,NaN,NaN,NaN,NaN,NaN,NaN,DB,NW,b,b,NaN,NaN,NaN,NaN,NaN,NaN,
2022071900,d1w.2022,9X-D1W,TD,NONdev,26.0,165.3,15,1010,222,7,222,7,NaN,NaN,NaN,NaN,NaN,NaN,NaN,NaN,NaN,NaN,DB,NW,b,b,NaN,NaN,NaN,NaN,NaN,NaN,
2022071906,d1w.2022,9X-D1W,TD,NONdev,25.2,164.3,15,1008,216,7,222,7,NaN,NaN,NaN,NaN,NaN,NaN,NaN,NaN,NaN,NaN,DB,NW,c,c,NaN,NaN,NaN,NaN,105,NaN,
2022071912,d1w.2022,9X-D1W,TD,NONdev,25.5,164.9,15,1008,216,3,216,3,NaN,NaN,NaN,NaN,NaN,NaN,NaN,NaN,NaN,NaN,DB,NW,c,c,70,1009,NaN,NaN,105,NaN,
2022071918,d1w.2022,9X-D1W,TD,NONdev,25.0,163.5,15,1007,246,7,255,4,NaN,NaN,NaN,NaN,NaN,NaN,NaN,NaN,NaN,NaN,DB,NW,c,c,100,1008,NaN,NaN,105,NaN,
2022072000,d1w.2022,9X-D1W,TD,NONdev,24.8,161.6,15,1007,262,14,257,15,NaN,NaN,NaN,NaN,NaN,NaN,NaN,NaN,NaN,NaN,DB,NW,c,c,75,1009,NaN,NaN,100,NaN,
2022072006,d1w.2022,9X-D1W,TD,NONdev,25.0,159.7,15,1007,270,17,270,17,NaN,NaN,NaN,NaN,NaN,NaN,NaN,NaN,NaN,NaN,DB,NW,c,c,75,1009,NaN,NaN,100,NaN,
2022081400,d2w.2022,9X-D2W,TD,NONdev,17.4,180.4,15,1010,226,7,226,7,NaN,NaN,NaN,NaN,NaN,NaN,NaN,NaN,NaN,NaN,DB,NW,b,b,NaN,NaN,NaN,NaN,NaN,NaN,
2022081406,d2w.2022,9X-D2W,TD,NONdev,17.2,180.0,15,1010,226,7,226,7,NaN,NaN,NaN,NaN,NaN,NaN,NaN,NaN,NaN,NaN,DB,NW,b,b,NaN,NaN,NaN,NaN,NaN,NaN,
2022081412,d2w.2022,9X-D2W,TD,NONdev,16.4,179.3,15,1010,270,9,226,7,NaN,NaN,NaN,NaN,NaN,NaN,NaN,NaN,NaN,NaN,WV,NW,c,c,NaN,NaN,NaN,NaN,NaN,NaN,
2022081418,d2w.2022,9X-D2W,TD,NONdev,16.5,179.4,15,1010,219,5,219,5,NaN,NaN,NaN,NaN,NaN,NaN,NaN,NaN,NaN,NaN,WV,NW,c,c,NaN,NaN,NaN,NaN,NaN,NaN,
2022081500,d2w.2022,9X-D2W,TD,NONdev,16.4,179.0,15,1010,235,4,270,1,NaN,NaN,NaN,NaN,NaN,NaN,NaN,NaN,NaN,NaN,WV,NW,c,c,NaN,NaN,NaN,NaN,NaN,NaN,
2022081612,d3w.2022,9X-D3W,TD,DEV,9.0,147.1,15,1008,277,20,299,24,NaN,NaN,NaN,NaN,NaN,NaN,NaN,NaN,NaN,NaN,WV,NW,c,c,NaN,NaN,NaN,NaN,NaN,NaN,
2022081618,d3w.2022,9X-D3W,TD,DEV,10.0,144.9,15,1008,287,22,299,24,NaN,NaN,NaN,NaN,NaN,NaN,NaN,NaN,NaN,NaN,WV,NW,c,c,NaN,NaN,NaN,NaN,NaN,NaN,
2022081700,d3w.2022,9X-D3W,TD,DEV,11.3,142.9,15,1008,299,24,299,24,NaN,NaN,NaN,NaN,NaN,NaN,NaN,NaN,NaN,NaN,WV,NW,c,c,NaN,NaN,NaN,NaN,NaN,NaN,
2022081706,d3w.2022,9X-D3W,TD,DEV,11.4,141.4,15,1008,292,19,292,19,NaN,NaN,NaN,NaN,NaN,NaN,NaN,NaN,NaN,NaN,WV,NW,c,c,NaN,NaN,NaN,NaN,NaN,NaN,
2022081712,d3w.2022,9X-D3W,TD,DEV,12.5,139.9,15,1008,298,18,292,16,NaN,NaN,NaN,NaN,NaN,NaN,NaN,NaN,NaN,NaN,WV,NW,c,c,NaN,NaN,NaN,NaN,NaN,NaN,
2022081718,d3w.2022,9X-D3W,TD,DEV,13.2,138.9,15,1010,306,15,306,15,NaN,NaN,NaN,NaN,NaN,NaN,NaN,NaN,NaN,NaN,WV,NW,c,c,NaN,NaN,NaN,NaN,NaN,NaN,
2022081800,d3w.2022,9X-D3W,TD,DEV,13.9,136.9,15,1009,306,15,300,16,NaN,NaN,NaN,NaN,NaN,NaN,NaN,NaN,NaN,NaN,WV,NW,c,c,NaN,NaN,NaN,NaN,NaN,NaN,
2022081806,d3w.2022,9X-D3W,TD,DEV,14.6,135.0,15,1008,293,13,294,17,NaN,NaN,NaN,NaN,NaN,NaN,NaN,NaN,NaN,NaN,WV,NW,c,c,NaN,NaN,NaN,NaN,NaN,NaN,
2022081812,d3w.2022,9X-D3W,TD,DEV,15.3,133.9,15,1008,291,22,293,18,NaN,NaN,NaN,NaN,NaN,NaN,NaN,NaN,NaN,NaN,WV,NW,b,b,NaN,NaN,NaN,NaN,NaN,NaN,
2022081818,d3w.2022,9X-D3W,TD,DEV,16.0,133.0,15,1007,306,12,306,12,NaN,NaN,NaN,NaN,NaN,NaN,NaN,NaN,NaN,NaN,WV,NW,b,b,NaN,NaN,NaN,NaN,NaN,NaN,
2022081900,d3w.2022,9X-D3W,TD,DEV,16.0,132.6,15,1007,299,7,299,7,NaN,NaN,NaN,NaN,NaN,NaN,NaN,NaN,NaN,NaN,WV,NW,c,c,NaN,NaN,NaN,NaN,NaN,NaN,
2022081906,d3w.2022,9X-D3W,TD,DEV,17.6,131.4,15,1007,316,11,316,11,NaN,NaN,NaN,NaN,NaN,NaN,NaN,NaN,NaN,NaN,WV,NW,c,c,NaN,NaN,NaN,NaN,NaN,NaN,
2022081912,d3w.2022,9X-D3W,TD,DEV,18.3,130.7,15,1007,316,10,322,15,NaN,NaN,NaN,NaN,NaN,NaN,NaN,NaN,NaN,NaN,DB,NW,c,c,NaN,NaN,NaN,NaN,NaN,NaN,
2022081918,d3w.2022,9X-D3W,TD,DEV,18.4,130.6,15,1007,314,8,316,6,NaN,NaN,NaN,NaN,NaN,NaN,NaN,NaN,NaN,NaN,DB,NW,c,c,175,1009,NaN,NaN,75,NaN,
2022082000,d3w.2022,9X-D3W,TD,DEV,17.9,130.3,15,1007,270,5,224,3,NaN,NaN,NaN,NaN,NaN,NaN,NaN,NaN,NaN,NaN,DB,NW,c,c,170,1009,NaN,NaN,70,NaN,
2022082006,d3w.2022,9X-D3W,TD,DEV,18.2,131.1,15,1005,118,1,113,3,NaN,NaN,NaN,NaN,NaN,NaN,NaN,NaN,NaN,NaN,DB,NW,c,c,150,1007,NaN,NaN,70,NaN,
2022082012,d3w.2022,9X-D3W,TD,DEV,18.5,130.0,15,1005,305,5,335,3,NaN,NaN,NaN,NaN,NaN,NaN,NaN,NaN,NaN,NaN,DB,NW,c,c,150,1008,NaN,NaN,70,NaN,
2022082018,d3w.2022,9X-D3W,TD,DEV,18.7,129.2,15,1005,286,9,286,9,NaN,NaN,NaN,NaN,NaN,NaN,NaN,NaN,NaN,NaN,DB,NW,c,c,220,1007,NaN,NaN,70,NaN,
2022082100,d3w.2022,9X-D3W,TD,DEV,17.9,128.1,20,1005,265,10,252,10,NaN,NaN,NaN,NaN,NaN,NaN,NaN,NaN,NaN,NaN,DB,NW,C,C,220,1008,NaN,S,70,NaN,
2022082106,d3w.2022,9X-D3W,TD,DEV,17.4,127.3,20,1003,245,9,234,11,NaN,NaN,NaN,NaN,NaN,NaN,NaN,NaN,NaN,NaN,DB,NW,C,C,200,1005,NaN,S,70,NaN,
2022081512,d4w.2022,9X-D4W,TD,NONdev,19.8,116.4,15,1010,321,4,321,4,NaN,NaN,NaN,NaN,NaN,NaN,NaN,NaN,NaN,NaN,DB,NW,b,b,NaN,NaN,NaN,NaN,NaN,NaN,
2022081518,d4w.2022,9X-D4W,TD,NONdev,20.1,116.1,15,1010,321,4,321,4,NaN,NaN,NaN,NaN,NaN,NaN,NaN,NaN,NaN,NaN,DB,NW,b,b,NaN,NaN,NaN,NaN,NaN,NaN,
2022081600,d4w.2022,9X-D4W,TD,NONdev,20.5,115.8,15,1006,323,3,321,4,NaN,NaN,NaN,NaN,NaN,NaN,NaN,NaN,NaN,NaN,DB,NW,c,c,NaN,NaN,NaN,NaN,NaN,NaN,
2022081606,d4w.2022,9X-D4W,TD,NONdev,20.7,115.1,15,1004,303,6,303,6,NaN,NaN,NaN,NaN,NaN,NaN,NaN,NaN,NaN,NaN,DB,NW,c,c,85,1005,NaN,NaN,35,NaN,
2022081612,d4w.2022,9X-D4W,TD,NONdev,20.9,114.7,15,1004,296,6,291,6,NaN,NaN,NaN,NaN,NaN,NaN,NaN,NaN,NaN,NaN,DB,NW,c,c,85,1005,NaN,NaN,25,NaN,
2022081618,d4w.2022,9X-D4W,TD,NONdev,21.1,114.0,15,1005,291,6,291,6,NaN,NaN,NaN,NaN,NaN,NaN,NaN,NaN,NaN,NaN,DB,NW,c,c,85,1005,NaN,NaN,25,NaN,
2022081700,d4w.2022,9X-D4W,TD,NONdev,21.3,113.0,15,1004,284,8,284,8,NaN,NaN,NaN,NaN,NaN,NaN,NaN,NaN,NaN,NaN,DB,NW,c,c,85,1005,0.10,NaN,25,NaN,
2022081706,d4w.2022,9X-D4W,TD,NONdev,21.8,112.5,20,1004,300,7,297,8,NaN,NaN,NaN,NaN,NaN,NaN,NaN,NaN,NaN,NaN,DB,NW,c,c,100,1005,0.69,NaN,25,NaN,
2022081512,d5w.2022,9X-D5W,TD,NONdev,18.1,135.1,15,1004,314,14,314,14,NaN,NaN,NaN,NaN,NaN,NaN,NaN,NaN,NaN,NaN,DB,NW,b,b,NaN,NaN,NaN,NaN,NaN,NaN,
2022081518,d5w.2022,9X-D5W,TD,NONdev,18.6,134.6,15,1004,314,14,314,14,NaN,NaN,NaN,NaN,NaN,NaN,NaN,NaN,NaN,NaN,DB,NW,b,b,NaN,NaN,NaN,NaN,NaN,NaN,
2022081600,d5w.2022,9X-D5W,TD,NONdev,20.0,133.0,15,1004,323,3,314,14,NaN,NaN,NaN,NaN,NaN,NaN,NaN,NaN,NaN,NaN,WV,NW,c,c,NaN,NaN,NaN,NaN,NaN,NaN,
2022081606,d5w.2022,9X-D5W,TD,NONdev,21.2,132.7,25,1006,326,16,326,16,NaN,NaN,NaN,NaN,NaN,NaN,NaN,NaN,NaN,NaN,DB,NW,c,c,NaN,NaN,NaN,NaN,45,NaN,
2022081612,d5w.2022,9X-D5W,TD,NONdev,22.5,131.8,25,1006,327,18,336,14,NaN,NaN,NaN,NaN,NaN,NaN,NaN,NaN,NaN,NaN,DB,NW,c,c,NaN,NaN,NaN,NaN,45,NaN,
2022081618,d5w.2022,9X-D5W,TD,NONdev,23.8,130.4,25,1007,321,17,321,17,NaN,NaN,NaN,NaN,NaN,NaN,NaN,NaN,NaN,NaN,DB,NW,c,c,NaN,NaN,NaN,NaN,45,NaN,
2022081700,d5w.2022,9X-D5W,TD,NONdev,25.5,129.6,25,1007,326,18,326,18,NaN,NaN,NaN,NaN,NaN,NaN,NaN,NaN,NaN,NaN,DB,NW,c,c,NaN,NaN,NaN,NaN,45,NaN,
2022081706,d5w.2022,9X-D5W,TD,NONdev,27.0,128.7,20,1007,334,18,334,18,NaN,NaN,NaN,NaN,NaN,NaN,NaN,NaN,NaN,NaN,DB,NW,c,c,NaN,NaN,0.05,NaN,45,NaN,
2022081612,d6w.2022,9X-D6W,TD,NONdev,20.9,126.2,15,1008,326,9,326,9,NaN,NaN,NaN,NaN,NaN,NaN,NaN,NaN,NaN,NaN,DB,NW,b,b,NaN,NaN,NaN,NaN,NaN,NaN,
2022081618,d6w.2022,9X-D6W,TD,NONdev,21.6,125.7,15,1008,326,9,326,9,NaN,NaN,NaN,NaN,NaN,NaN,NaN,NaN,NaN,NaN,DB,NW,b,b,NaN,NaN,NaN,NaN,NaN,NaN,
2022081700,d6w.2022,9X-D6W,TD,NONdev,22.4,125.1,15,1008,326,9,326,9,NaN,NaN,NaN,NaN,NaN,NaN,NaN,NaN,NaN,NaN,DB,NW,b,b,NaN,NaN,NaN,NaN,NaN,NaN,
2022081706,d6w.2022,9X-D6W,TD,NONdev,22.8,124.4,20,1006,315,8,315,8,NaN,NaN,NaN,NaN,NaN,NaN,NaN,NaN,NaN,NaN,DB,NW,c,c,100,1007,NaN,NaN,50,NaN,
2022081712,d6w.2022,9X-D6W,TD,NONdev,23.4,123.6,20,1006,306,9,306,9,NaN,NaN,NaN,NaN,NaN,NaN,NaN,NaN,NaN,NaN,DB,NW,c,c,100,1007,NaN,NaN,50,NaN,
2022081718,d6w.2022,9X-D6W,TD,NONdev,24.0,122.8,20,1007,309,9,309,9,NaN,NaN,NaN,NaN,NaN,NaN,NaN,NaN,NaN,NaN,DB,NW,c,c,100,1007,NaN,NaN,50,NaN,
2022081912,d7w.2022,9X-D7W,TD,NONdev,21.6,158.8,15,1010,305,29,12,11,NaN,NaN,NaN,NaN,NaN,NaN,NaN,NaN,NaN,NaN,DB,NW,b,b,NaN,NaN,NaN,NaN,NaN,NaN,
2022081918,d7w.2022,9X-D7W,TD,NONdev,22.4,159.2,15,1007,305,29,12,11,NaN,NaN,NaN,NaN,NaN,NaN,NaN,NaN,NaN,NaN,DB,NW,b,b,NaN,NaN,NaN,NaN,NaN,NaN,
2022082000,d7w.2022,9X-D7W,TD,NONdev,23.5,159.3,15,1006,305,29,12,11,NaN,NaN,NaN,NaN,NaN,NaN,NaN,NaN,NaN,NaN,DB,NW,b,b,NaN,NaN,NaN,NaN,NaN,NaN,
2022082006,d7w.2022,9X-D7W,TD,NONdev,24.7,159.5,15,1006,7,12,12,11,NaN,NaN,NaN,NaN,NaN,NaN,NaN,NaN,NaN,NaN,DB,NW,c,c,NaN,NaN,NaN,NaN,NaN,NaN,
2022082012,d7w.2022,9X-D7W,TD,NONdev,24.6,157.9,15,1007,10,8,332,8,NaN,NaN,NaN,NaN,NaN,NaN,NaN,NaN,NaN,NaN,DB,NW,c,c,NaN,NaN,NaN,NaN,NaN,NaN,
2022082018,d7w.2022,9X-D7W,TD,NONdev,25.4,157.7,15,1007,357,8,293,9,NaN,NaN,NaN,NaN,NaN,NaN,NaN,NaN,NaN,NaN,DB,NW,c,c,NaN,NaN,NaN,NaN,NaN,NaN,
2022082100,d7w.2022,9X-D7W,TD,NONdev,26.0,157.3,20,1007,339,8,339,8,NaN,NaN,NaN,NaN,NaN,NaN,NaN,NaN,NaN,NaN,DB,NW,b,b,75,1006,NaN,NaN,45,NaN,
2022082106,d7w.2022,9X-D7W,TD,NONdev,27.3,156.7,20,1005,335,11,335,11,NaN,NaN,NaN,NaN,NaN,NaN,NaN,NaN,NaN,NaN,DB,NW,c,c,75,1006,NaN,NaN,45,NaN,
2022082112,d7w.2022,9X-D7W,TD,NONdev,28.4,155.6,20,1006,328,14,328,14,NaN,NaN,NaN,NaN,NaN,NaN,NaN,NaN,NaN,NaN,DB,NW,c,c,75,1008,NaN,NaN,45,NaN,
2022082118,d7w.2022,9X-D7W,TD,NONdev,29.5,155.0,20,1006,326,13,326,13,NaN,NaN,NaN,NaN,NaN,NaN,NaN,NaN,NaN,NaN,DB,NW,c,c,75,1008,NaN,NaN,45,NaN,
2022082406,d8w.2022,9X-D8W,TD,DEV,19.3,142.5,15,NaN,293,3,273,11,NaN,NaN,NaN,NaN,NaN,NaN,NaN,NaN,NaN,NaN,NT,NW,c,c,NaN,NaN,NaN,NaN,NaN,NaN,
2022082412,d8w.2022,9X-D8W,TD,DEV,19.2,142.2,15,NaN,260,3,273,11,NaN,NaN,NaN,NaN,NaN,NaN,NaN,NaN,NaN,NaN,NT,NW,c,c,NaN,NaN,NaN,NaN,NaN,NaN,
2022082418,d8w.2022,9X-D8W,TD,DEV,19.4,140.6,15,NaN,260,3,273,11,NaN,NaN,NaN,NaN,NaN,NaN,NaN,NaN,NaN,NaN,NT,NW,c,c,NaN,NaN,NaN,NaN,NaN,NaN,
2022082500,d8w.2022,9X-D8W,TD,DEV,19.5,138.9,15,NaN,284,12,273,11,NaN,NaN,NaN,NaN,NaN,NaN,NaN,NaN,NaN,NaN,NT,NW,c,c,NaN,NaN,NaN,NaN,NaN,NaN,
2022082506,d8w.2022,9X-D8W,TD,DEV,19.7,138.6,15,NaN,291,10,278,11,NaN,NaN,NaN,NaN,NaN,NaN,NaN,NaN,NaN,NaN,NT,NW,c,c,NaN,NaN,NaN,NaN,NaN,NaN,
2022082512,d8w.2022,9X-D8W,TD,DEV,19.3,138.3,15,NaN,276,5,251,3,NaN,NaN,NaN,NaN,NaN,NaN,NaN,NaN,NaN,NaN,NT,NW,c,c,NaN,NaN,NaN,NaN,NaN,NaN,
2022082518,d8w.2022,9X-D8W,TD,DEV,19.5,137.1,15,NaN,278,8,262,7,NaN,NaN,NaN,NaN,NaN,NaN,NaN,NaN,NaN,NaN,NT,NW,c,c,NaN,NaN,NaN,NaN,NaN,NaN,
2022082600,d8w.2022,9X-D8W,TD,DEV,19.9,137.0,15,NaN,291,6,296,7,NaN,NaN,NaN,NaN,NaN,NaN,NaN,NaN,NaN,NaN,NT,NW,c,c,NaN,NaN,NaN,NaN,NaN,NaN,
2022082606,d8w.2022,9X-D8W,TD,DEV,20.2,138.0,15,NaN,360,3,50,5,NaN,NaN,NaN,NaN,NaN,NaN,NaN,NaN,NaN,NaN,NT,NW,c,c,NaN,NaN,NaN,NaN,NaN,NaN,
2022082612,d8w.2022,9X-D8W,TD,DEV,20.4,138.2,15,NaN,32,4,66,6,NaN,NaN,NaN,NaN,NaN,NaN,NaN,NaN,NaN,NaN,NT,NW,c,c,NaN,NaN,NaN,NaN,NaN,NaN,
2022082618,d8w.2022,9X-D8W,TD,DEV,20.6,138.3,15,NaN,35,2,35,2,NaN,NaN,NaN,NaN,NaN,NaN,NaN,NaN,NaN,NaN,NT,NW,c,c,NaN,NaN,NaN,NaN,NaN,NaN,
2022082700,d8w.2022,9X-D8W,TD,DEV,20.8,138.3,15,NaN,13,2,13,2,NaN,NaN,NaN,NaN,NaN,NaN,NaN,NaN,NaN,NaN,NT,NW,c,c,NaN,NaN,NaN,NaN,NaN,NaN,
2022082706,d8w.2022,9X-D8W,TD,DEV,21.0,137.8,15,NaN,317,3,311,3,NaN,NaN,NaN,NaN,NaN,NaN,NaN,NaN,NaN,NaN,NT,NW,c,c,NaN,NaN,NaN,NaN,NaN,NaN,
2022082712,d8w.2022,9X-D8W,TD,DEV,21.2,137.6,15,NaN,317,3,301,4,NaN,NaN,NaN,NaN,NaN,NaN,NaN,NaN,NaN,NaN,NT,NW,c,c,NaN,NaN,NaN,NaN,NaN,NaN,
2022082718,d8w.2022,9X-D8W,TD,DEV,21.4,137.5,15,NaN,325,2,325,2,NaN,NaN,NaN,NaN,NaN,NaN,NaN,NaN,NaN,NaN,NT,NW,c,c,NaN,NaN,NaN,NaN,NaN,NaN,
2022082800,d8w.2022,9X-D8W,TD,DEV,21.6,137.3,15,NaN,325,2,325,2,NaN,NaN,NaN,NaN,NaN,NaN,NaN,NaN,NaN,NaN,NT,NW,c,c,NaN,NaN,NaN,NaN,NaN,NaN,
2022082806,d8w.2022,9X-D8W,TD,DEV,22.5,135.3,15,NaN,292,4,298,12,NaN,NaN,NaN,NaN,NaN,NaN,NaN,NaN,NaN,NaN,NT,NW,c,c,NaN,NaN,NaN,NaN,NaN,NaN,
2022082812,d8w.2022,9X-D8W,TD,DEV,22.6,135.0,15,NaN,287,3,295,12,NaN,NaN,NaN,NaN,NaN,NaN,NaN,NaN,NaN,NaN,NT,NW,c,c,NaN,NaN,NaN,NaN,NaN,NaN,
2022082818,d8w.2022,9X-D8W,TD,DEV,22.8,134.5,15,NaN,287,3,294,8,NaN,NaN,NaN,NaN,NaN,NaN,NaN,NaN,NaN,NaN,NT,NW,c,c,NaN,NaN,NaN,NaN,NaN,NaN,
2022082900,d8w.2022,9X-D8W,TD,DEV,23.0,134.0,15,NaN,293,5,293,4,NaN,NaN,NaN,NaN,NaN,NaN,NaN,NaN,NaN,NaN,NT,NW,c,c,NaN,NaN,NaN,NaN,NaN,NaN,
2022082906,d8w.2022,9X-D8W,TD,DEV,22.2,134.4,15,NaN,293,5,241,4,NaN,NaN,NaN,NaN,NaN,NaN,NaN,NaN,NaN,NaN,NT,NW,c,c,NaN,NaN,NaN,NaN,NaN,NaN,
2022082912,d8w.2022,9X-D8W,TD,DEV,21.4,134.8,15,NaN,43,4,189,3,NaN,NaN,NaN,NaN,NaN,NaN,NaN,NaN,NaN,NaN,NT,NW,c,c,NaN,NaN,NaN,NaN,NaN,NaN,
2022082918,d8w.2022,9X-D8W,TD,DEV,21.3,134.3,20,NaN,306,2,171,6,NaN,NaN,NaN,NaN,NaN,NaN,NaN,NaN,NaN,NaN,NT,NW,c,c,NaN,NaN,NaN,NaN,NaN,NaN,
2022083000,d8w.2022,9X-D8W,TD,DEV,20.8,134.4,20,1005,210,1,212,4,NaN,NaN,NaN,NaN,NaN,NaN,NaN,NaN,NaN,NaN,DB,NW,C,C,85,1007,NaN,S,30,NaN,
2022083006,d8w.2022,9X-D8W,TD,DEV,20.1,134.0,20,1002,210,5,193,6,NaN,NaN,NaN,NaN,NaN,NaN,NaN,NaN,NaN,NaN,DB,NW,C,C,85,1004,NaN,S,30,NaN,
2022083012,d8w.2022,9X-D8W,TD,DEV,19.8,132.9,20,1003,220,7,235,9,NaN,NaN,NaN,NaN,NaN,NaN,NaN,NaN,NaN,NaN,DB,NW,C,C,85,1005,NaN,S,35,NaN,
2022082100,d9w.2022,9X-D9W,TD,DEV,21.5,149.9,20,1007,45,8,45,8,NaN,NaN,NaN,NaN,NaN,NaN,NaN,NaN,NaN,NaN,DB,NW,b,b,NaN,1007,NaN,NaN,70,NaN,
2022082106,d9w.2022,9X-D9W,TD,DEV,22.0,150.6,20,1004,45,8,45,8,NaN,NaN,NaN,NaN,NaN,NaN,NaN,NaN,NaN,NaN,DB,NW,b,b,NaN,1007,NaN,NaN,70,NaN,
2022082112,d9w.2022,9X-D9W,TD,DEV,22.6,151.1,20,1003,45,8,45,8,NaN,NaN,NaN,NaN,NaN,NaN,NaN,NaN,NaN,NaN,DB,NW,b,b,NaN,1007,NaN,NaN,70,NaN,
2022082118,d9w.2022,9X-D9W,TD,DEV,23.3,151.4,20,1002,30,7,30,7,NaN,NaN,NaN,NaN,NaN,NaN,NaN,NaN,NaN,NaN,DB,NW,c,c,NaN,1007,NaN,NaN,70,NaN,
2022082200,d9w.2022,9X-D9W,TD,DEV,24.1,151.6,20,998,17,8,17,8,40,40,40,,,NaN,NaN,NaN,NaN,NaN,DB,NW,c,c,250,1006,NaN,NaN,25,NaN,
2022101100,e0w.2022,9X-E0W,TD,DEV,14.0,119.2,15,1010,229,4,229,4,NaN,NaN,NaN,NaN,NaN,NaN,NaN,NaN,NaN,NaN,DB,NW,b,b,NaN,NaN,NaN,NaN,NaN,NaN,
2022101106,e0w.2022,9X-E0W,TD,DEV,13.7,118.9,15,1010,229,4,229,4,NaN,NaN,NaN,NaN,NaN,NaN,NaN,NaN,NaN,NaN,DB,NW,b,b,NaN,NaN,NaN,NaN,NaN,NaN,
2022101112,e0w.2022,9X-E0W,TD,DEV,13.5,118.6,15,1006,229,4,229,4,NaN,NaN,NaN,NaN,NaN,NaN,NaN,NaN,NaN,NaN,DB,NW,b,b,90,1007,NaN,NaN,NaN,NaN,
2022101118,e0w.2022,9X-E0W,TD,DEV,13.3,118.3,15,1005,236,4,236,4,NaN,NaN,NaN,NaN,NaN,NaN,NaN,NaN,NaN,NaN,DB,NW,c,c,200,1006,NaN,NaN,NaN,NaN,
2022101200,e0w.2022,9X-E0W,TD,DEV,12.8,117.1,15,1005,244,8,244,8,NaN,NaN,NaN,NaN,NaN,NaN,NaN,NaN,NaN,NaN,DB,NW,c,c,200,1006,NaN,NaN,NaN,NaN,
2022101206,e0w.2022,9X-E0W,TD,DEV,11.9,115.8,15,1004,242,12,240,14,NaN,NaN,NaN,NaN,NaN,NaN,NaN,NaN,NaN,NaN,DB,NW,c,c,130,1005,NaN,NaN,NaN,NaN,
2022101212,e0w.2022,9X-E0W,TD,DEV,11.3,115.5,15,1004,220,8,226,11,NaN,NaN,NaN,NaN,NaN,NaN,NaN,NaN,NaN,NaN,DB,NW,c,c,130,1006,NaN,NaN,NaN,NaN,
2022101218,e0w.2022,9X-E0W,TD,DEV,11.3,114.9,20,1004,230,7,236,5,NaN,NaN,NaN,NaN,NaN,NaN,NaN,NaN,NaN,NaN,DB,NW,C,C,140,1006,NaN,S,45,NaN,
2022101300,e0w.2022,9X-E0W,TD,DEV,11.9,114.4,20,1005,270,5,299,6,NaN,NaN,NaN,NaN,NaN,NaN,NaN,NaN,NaN,NaN,DB,NW,C,C,135,1006,NaN,S,45,NaN,
2022101306,e0w.2022,9X-E0W,TD,DEV,12.9,114.0,20,1001,315,7,331,9,NaN,NaN,NaN,NaN,NaN,NaN,NaN,NaN,NaN,NaN,DB,NW,C,C,150,1003,NaN,S,45,NaN,
2022101312,e0w.2022,9X-E0W,TD,DEV,13.0,112.9,20,1001,300,9,307,9,NaN,NaN,NaN,NaN,NaN,NaN,NaN,NaN,NaN,NaN,DB,NW,C,C,150,1003,NaN,S,45,NaN,
2022101318,e0w.2022,9X-E0W,TD,DEV,14.1,112.3,20,1001,315,10,306,10,NaN,NaN,NaN,NaN,NaN,NaN,NaN,NaN,NaN,NaN,DB,NW,C,C,160,1003,NaN,S,70,NaN,
2022081218,e1w.2022,9X-E1W,TD,NONdev,7.4,139.6,15,1008,287,16,287,16,NaN,NaN,NaN,NaN,NaN,NaN,NaN,NaN,NaN,NaN,DB,NW,b,b,NaN,NaN,NaN,NaN,NaN,NaN,
2022081300,e1w.2022,9X-E1W,TD,NONdev,7.8,138.1,15,1008,287,16,287,16,NaN,NaN,NaN,NaN,NaN,NaN,NaN,NaN,NaN,NaN,DB,NW,b,b,NaN,NaN,NaN,NaN,NaN,NaN,
2022081306,e1w.2022,9X-E1W,TD,NONdev,8.3,136.6,15,1008,287,16,287,16,NaN,NaN,NaN,NaN,NaN,NaN,NaN,NaN,NaN,NaN,DB,NW,c,c,NaN,NaN,NaN,NaN,NaN,NaN,
2022081312,e1w.2022,9X-E1W,TD,NONdev,8.8,135.3,15,1008,290,15,290,15,NaN,NaN,NaN,NaN,NaN,NaN,NaN,NaN,NaN,NaN,DB,NW,c,c,NaN,NaN,NaN,NaN,NaN,NaN,
2022081318,e1w.2022,9X-E1W,TD,NONdev,9.4,134.3,15,1008,296,13,296,13,NaN,NaN,NaN,NaN,NaN,NaN,NaN,NaN,NaN,NaN,DB,NW,c,c,NaN,NaN,NaN,NaN,NaN,NaN,
2022090518,e2w.2022,9X-E2W,TD,DEV,20.7,141.8,15,NaN,313,5,90,2,NaN,NaN,NaN,NaN,NaN,NaN,NaN,NaN,NaN,NaN,NT,NW,c,c,NaN,NaN,NaN,NaN,NaN,NaN,
2022090600,e2w.2022,9X-E2W,TD,DEV,21.0,141.9,15,NaN,345,4,90,2,NaN,NaN,NaN,NaN,NaN,NaN,NaN,NaN,NaN,NaN,NT,NW,c,c,NaN,NaN,NaN,NaN,NaN,NaN,
2022090606,e2w.2022,9X-E2W,TD,DEV,20.7,142.3,15,NaN,51,2,90,2,NaN,NaN,NaN,NaN,NaN,NaN,NaN,NaN,NaN,NaN,NT,NW,c,c,NaN,NaN,NaN,NaN,NaN,NaN,
2022090612,e2w.2022,9X-E2W,TD,DEV,21.2,142.2,15,1005,360,4,54,2,NaN,NaN,NaN,NaN,NaN,NaN,NaN,NaN,NaN,NaN,DB,NW,c,c,240,1008,NaN,NaN,55,NaN,
2022090618,e2w.2022,9X-E2W,TD,DEV,21.8,142.3,15,1006,338,4,360,6,NaN,NaN,NaN,NaN,NaN,NaN,NaN,NaN,NaN,NaN,DB,NW,c,c,240,1008,NaN,NaN,55,NaN,
2022090700,e2w.2022,9X-E2W,TD,DEV,21.9,142.1,15,1006,309,2,352,4,NaN,NaN,NaN,NaN,NaN,NaN,NaN,NaN,NaN,NaN,DB,NW,c,c,240,1008,NaN,NaN,55,NaN,
2022090706,e2w.2022,9X-E2W,TD,DEV,22.2,142.0,15,1006,325,2,325,2,NaN,NaN,NaN,NaN,NaN,NaN,NaN,NaN,NaN,NaN,DB,NW,c,c,240,1008,NaN,NaN,55,NaN,
2022090712,e2w.2022,9X-E2W,TD,DEV,22.5,141.7,15,1006,328,4,328,4,NaN,NaN,NaN,NaN,NaN,NaN,NaN,NaN,NaN,NaN,DB,NW,c,c,240,1008,NaN,NaN,55,NaN,
2022090718,e2w.2022,9X-E2W,TD,DEV,22.8,141.5,15,1008,322,4,322,4,NaN,NaN,NaN,NaN,NaN,NaN,NaN,NaN,NaN,NaN,DB,NW,c,c,NaN,NaN,NaN,NaN,55,NaN,
2022090800,e2w.2022,9X-E2W,TD,DEV,24.2,142.9,15,1008,40,8,33,10,NaN,NaN,NaN,NaN,NaN,NaN,NaN,NaN,NaN,NaN,DB,NW,c,c,NaN,NaN,NaN,NaN,55,NaN,
2022090806,e2w.2022,9X-E2W,TD,DEV,24.7,143.0,15,1009,33,6,36,12,NaN,NaN,NaN,NaN,NaN,NaN,NaN,NaN,NaN,NaN,DB,NW,c,c,NaN,NaN,NaN,NaN,55,NaN,
2022090812,e2w.2022,9X-E2W,TD,DEV,25.2,143.5,15,1010,45,6,29,6,NaN,NaN,NaN,NaN,NaN,NaN,NaN,NaN,NaN,NaN,DB,NW,c,c,NaN,NaN,NaN,NaN,55,NaN,
2022090818,e2w.2022,9X-E2W,TD,DEV,25.8,144.1,15,1010,45,6,36,7,NaN,NaN,NaN,NaN,NaN,NaN,NaN,NaN,NaN,NaN,DB,NW,c,c,NaN,NaN,NaN,NaN,55,NaN,
2022090900,e2w.2022,9X-E2W,TD,DEV,26.4,144.7,15,1010,60,9,42,8,NaN,NaN,NaN,NaN,NaN,NaN,NaN,NaN,NaN,NaN,DB,NW,c,c,NaN,NaN,NaN,NaN,55,NaN,
2022090906,e2w.2022,9X-E2W,TD,DEV,27.1,145.7,20,1007,63,11,46,9,NaN,NaN,NaN,NaN,NaN,NaN,NaN,NaN,NaN,NaN,DB,NW,c,c,NaN,NaN,NaN,NaN,55,NaN,
2022090912,e2w.2022,9X-E2W,TD,DEV,27.4,146.9,20,1007,74,11,63,11,NaN,NaN,NaN,NaN,NaN,NaN,NaN,NaN,NaN,NaN,DB,NW,c,c,NaN,NaN,NaN,NaN,55,NaN,
2022090918,e2w.2022,9X-E2W,TD,DEV,27.3,147.9,20,1007,86,8,84,10,NaN,NaN,NaN,NaN,NaN,NaN,NaN,NaN,NaN,NaN,DB,NW,c,c,NaN,NaN,NaN,NaN,55,NaN,
2022091000,e2w.2022,9X-E2W,TD,DEV,26.6,147.5,20,1002,153,4,146,5,NaN,NaN,NaN,NaN,NaN,NaN,NaN,NaN,NaN,NaN,DB,NW,c,c,NaN,NaN,NaN,NaN,55,NaN,
2022091006,e2w.2022,9X-E2W,TD,DEV,26.6,147.3,20,1002,209,5,217,4,NaN,NaN,NaN,NaN,NaN,NaN,NaN,NaN,NaN,NaN,DB,NW,c,c,NaN,NaN,NaN,NaN,55,NaN,
2022091012,e2w.2022,9X-E2W,TD,DEV,26.8,146.6,20,1002,284,4,284,4,NaN,NaN,NaN,NaN,NaN,NaN,NaN,NaN,NaN,NaN,DB,NW,c,c,NaN,NaN,NaN,NaN,55,NaN,
2022091018,e2w.2022,9X-E2W,TD,DEV,27.1,144.4,20,1002,281,13,281,13,NaN,NaN,NaN,NaN,NaN,NaN,NaN,NaN,NaN,NaN,DB,NW,b,b,NaN,NaN,NaN,NaN,NaN,NaN,
2022091100,e2w.2022,9X-E2W,TD,DEV,26.8,143.4,20,1003,270,9,270,14,NaN,NaN,NaN,NaN,NaN,NaN,NaN,NaN,NaN,NaN,DB,NW,C,C,160,1006,NaN,S,40,NaN,
2022091106,e2w.2022,9X-E2W,TD,DEV,27.1,141.7,20,1003,275,12,270,12,NaN,NaN,NaN,NaN,NaN,NaN,NaN,NaN,NaN,NaN,DB,NW,C,C,160,1006,NaN,S,40,NaN,
2022091112,e2w.2022,9X-E2W,TD,DEV,26.6,139.4,20,1003,265,15,267,18,NaN,NaN,NaN,NaN,NaN,NaN,NaN,NaN,NaN,NaN,DB,NW,C,C,170,1005,NaN,S,40,NaN,
2022091118,e2w.2022,9X-E2W,TD,DEV,24.8,139.2,20,1002,265,15,238,17,NaN,NaN,NaN,NaN,NaN,NaN,NaN,NaN,NaN,NaN,DB,NW,C,C,235,1005,NaN,S,40,NaN,
2022091200,e2w.2022,9X-E2W,TD,DEV,22.9,139.1,20,1000,240,7,209,16,NaN,NaN,NaN,NaN,NaN,NaN,NaN,NaN,NaN,NaN,DB,NW,C,C,300,1005,NaN,S,70,NaN,
2022091206,e2w.2022,9X-E2W,TD,DEV,22.6,137.4,20,1000,245,9,204,15,NaN,NaN,NaN,NaN,NaN,NaN,NaN,NaN,NaN,NaN,DB,NW,C,C,300,1005,NaN,S,70,NaN,
2022091212,e2w.2022,9X-E2W,TD,DEV,22.3,138.2,20,1000,225,5,234,5,NaN,NaN,NaN,NaN,NaN,NaN,NaN,NaN,NaN,NaN,DB,NW,C,C,230,1005,NaN,S,55,NaN,
2022090806,e3w.2022,9X-E3W,TD,DEV,24.1,163.3,15,1010,294,5,294,5,NaN,NaN,NaN,NaN,NaN,NaN,NaN,NaN,NaN,NaN,DB,NW,b,b,NaN,NaN,NaN,NaN,NaN,NaN,
2022090812,e3w.2022,9X-E3W,TD,DEV,24.3,162.9,15,1010,294,5,294,5,NaN,NaN,NaN,NaN,NaN,NaN,NaN,NaN,NaN,NaN,DB,NW,b,b,NaN,NaN,NaN,NaN,NaN,NaN,
2022090818,e3w.2022,9X-E3W,TD,DEV,24.5,162.3,15,1010,294,5,294,5,NaN,NaN,NaN,NaN,NaN,NaN,NaN,NaN,NaN,NaN,DB,NW,b,b,NaN,NaN,NaN,NaN,NaN,NaN,
2022090900,e3w.2022,9X-E3W,TD,DEV,24.7,161.8,15,1010,103,7,292,5,NaN,NaN,NaN,NaN,NaN,NaN,NaN,NaN,NaN,NaN,DB,NW,c,c,95,1011,NaN,NaN,NaN,NaN,
2022090906,e3w.2022,9X-E3W,TD,DEV,25.1,161.0,15,1009,297,7,297,7,NaN,NaN,NaN,NaN,NaN,NaN,NaN,NaN,NaN,NaN,DB,NW,c,c,95,1011,NaN,NaN,NaN,NaN,
2022090912,e3w.2022,9X-E3W,TD,DEV,25.2,160.2,15,1010,289,8,289,8,NaN,NaN,NaN,NaN,NaN,NaN,NaN,NaN,NaN,NaN,DB,NW,c,c,95,1011,NaN,NaN,NaN,NaN,
2022090918,e3w.2022,9X-E3W,TD,DEV,24.0,158.5,15,1007,250,12,244,13,NaN,NaN,NaN,NaN,NaN,NaN,NaN,NaN,NaN,NaN,DB,NW,c,c,130,1008,NaN,NaN,NaN,NaN,
2022091000,e3w.2022,9X-E3W,TD,DEV,21.5,158.4,20,1006,215,13,204,20,NaN,NaN,NaN,NaN,NaN,NaN,NaN,NaN,NaN,NaN,DB,NW,C,C,105,1008,NaN,S,15,NaN,
2022091006,e3w.2022,9X-E3W,TD,DEV,20.5,157.5,20,1007,215,11,195,18,NaN,NaN,NaN,NaN,NaN,NaN,NaN,NaN,NaN,NaN,DB,NW,C,C,105,1008,NaN,S,15,NaN,
2022091012,e3w.2022,9X-E3W,TD,DEV,20.0,157.6,20,1005,230,5,207,8,NaN,NaN,NaN,NaN,NaN,NaN,NaN,NaN,NaN,NaN,DB,NW,C,C,105,1008,NaN,S,15,NaN,
2022091906,e4w.2022,9X-E4W,TD,DEV,16.9,135.4,15,1006,70,7,70,7,NaN,NaN,NaN,NaN,NaN,NaN,NaN,NaN,NaN,NaN,DB,NW,b,b,NaN,NaN,NaN,NaN,NaN,NaN,
2022091912,e4w.2022,9X-E4W,TD,DEV,17.1,136.1,15,1006,70,7,70,7,NaN,NaN,NaN,NaN,NaN,NaN,NaN,NaN,NaN,NaN,DB,NW,b,b,NaN,NaN,NaN,NaN,NaN,NaN,
2022091918,e4w.2022,9X-E4W,TD,DEV,17.4,136.8,15,1006,70,7,70,7,NaN,NaN,NaN,NaN,NaN,NaN,NaN,NaN,NaN,NaN,DB,NW,c,c,NaN,NaN,NaN,NaN,NaN,NaN,
2022092000,e4w.2022,9X-E4W,TD,DEV,18.5,138.0,15,1006,52,11,52,11,NaN,NaN,NaN,NaN,NaN,NaN,NaN,NaN,NaN,NaN,DB,NW,c,c,NaN,NaN,NaN,NaN,NaN,NaN,
2022092006,e4w.2022,9X-E4W,TD,DEV,18.9,138.6,15,1006,50,9,49,11,NaN,NaN,NaN,NaN,NaN,NaN,NaN,NaN,NaN,NaN,DB,NW,c,c,NaN,NaN,NaN,NaN,NaN,NaN,
2022092012,e4w.2022,9X-E4W,TD,DEV,19.4,139.3,15,1005,54,8,54,8,NaN,NaN,NaN,NaN,NaN,NaN,NaN,NaN,NaN,NaN,DB,NW,c,c,140,1007,NaN,NaN,55,NaN,
2022092018,e4w.2022,9X-E4W,TD,DEV,21.6,140.0,20,1004,30,12,26,15,NaN,NaN,NaN,NaN,NaN,NaN,NaN,NaN,NaN,NaN,DB,NW,C,C,140,1006,NaN,S,55,NaN,
2022092100,e4w.2022,9X-E4W,TD,DEV,22.4,140.7,20,1004,25,12,24,16,NaN,NaN,NaN,NaN,NaN,NaN,NaN,NaN,NaN,NaN,DB,NW,C,C,140,1006,NaN,S,55,NaN,
2022092106,e4w.2022,9X-E4W,TD,DEV,23.7,141.2,20,1004,25,12,28,12,NaN,NaN,NaN,NaN,NaN,NaN,NaN,NaN,NaN,NaN,DB,NW,C,C,155,1006,NaN,S,50,NaN,
2022092112,e4w.2022,9X-E4W,TD,DEV,24.7,140.0,20,1004,355,11,344,12,NaN,NaN,NaN,NaN,NaN,NaN,NaN,NaN,NaN,NaN,DB,NW,C,C,155,1006,NaN,S,55,NaN,
2022092012,e5w.2022,9X-E5W,TD,DEV,17.1,131.1,15,1008,76,6,76,6,NaN,NaN,NaN,NaN,NaN,NaN,NaN,NaN,NaN,NaN,DB,NW,b,b,NaN,NaN,NaN,NaN,NaN,NaN,
2022092018,e5w.2022,9X-E5W,TD,DEV,17.3,131.8,15,1008,76,6,76,6,NaN,NaN,NaN,NaN,NaN,NaN,NaN,NaN,NaN,NaN,DB,NW,b,b,NaN,NaN,NaN,NaN,NaN,NaN,
2022092100,e5w.2022,9X-E5W,TD,DEV,17.4,132.4,15,1008,76,6,76,6,NaN,NaN,NaN,NaN,NaN,NaN,NaN,NaN,NaN,NaN,DB,NW,c,c,NaN,NaN,NaN,NaN,NaN,NaN,
2022092106,e5w.2022,9X-E5W,TD,DEV,17.5,132.9,15,1007,79,5,79,5,NaN,NaN,NaN,NaN,NaN,NaN,NaN,NaN,NaN,NaN,DB,NW,b,b,NaN,NaN,NaN,NaN,NaN,NaN,
2022092112,e5w.2022,9X-E5W,TD,DEV,17.9,133.4,15,1007,62,5,62,5,NaN,NaN,NaN,NaN,NaN,NaN,NaN,NaN,NaN,NaN,DB,NW,c,c,NaN,NaN,NaN,NaN,NaN,NaN,
2022092118,e5w.2022,9X-E5W,TD,DEV,17.7,134.1,20,1007,80,5,80,6,NaN,NaN,NaN,NaN,NaN,NaN,NaN,NaN,NaN,NaN,DB,NW,C,C,150,1008,NaN,S,30,NaN,
2022092112,e6w.2022,9X-E6W,TD,DEV,8.3,149.3,15,1010,270,5,270,5,NaN,NaN,NaN,NaN,NaN,NaN,NaN,NaN,NaN,NaN,DB,NW,b,b,NaN,NaN,NaN,NaN,NaN,NaN,
2022092118,e6w.2022,9X-E6W,TD,DEV,8.3,148.8,15,1010,270,5,270,5,NaN,NaN,NaN,NaN,NaN,NaN,NaN,NaN,NaN,NaN,DB,NW,b,b,NaN,NaN,NaN,NaN,NaN,NaN,
2022092200,e6w.2022,9X-E6W,TD,DEV,8.3,148.2,15,1010,270,5,270,5,NaN,NaN,NaN,NaN,NaN,NaN,NaN,NaN,NaN,NaN,DB,NW,c,c,NaN,NaN,NaN,NaN,NaN,NaN,
2022092206,e6w.2022,9X-E6W,TD,DEV,8.4,147.6,15,1010,275,6,275,6,NaN,NaN,NaN,NaN,NaN,NaN,NaN,NaN,NaN,NaN,DB,NW,b,b,NaN,NaN,NaN,NaN,NaN,NaN,
2022092212,e6w.2022,9X-E6W,TD,DEV,8.6,147.1,15,1010,285,6,285,6,NaN,NaN,NaN,NaN,NaN,NaN,NaN,NaN,NaN,NaN,DB,NW,b,b,NaN,NaN,NaN,NaN,NaN,NaN,
2022092218,e6w.2022,9X-E6W,TD,DEV,8.8,146.8,15,1010,297,4,297,4,NaN,NaN,NaN,NaN,NaN,NaN,NaN,NaN,NaN,NaN,DB,NW,c,c,NaN,NaN,NaN,NaN,NaN,NaN,
2022092300,e6w.2022,9X-E6W,TD,DEV,9.6,146.1,15,1004,315,7,315,7,NaN,NaN,NaN,NaN,NaN,NaN,NaN,NaN,NaN,NaN,DB,NW,c,c,NaN,NaN,NaN,NaN,NaN,NaN,
2022092306,e6w.2022,9X-E6W,TD,DEV,11.6,147.6,15,1004,16,15,16,15,NaN,NaN,NaN,NaN,NaN,NaN,NaN,NaN,NaN,NaN,DB,NW,b,b,NaN,NaN,NaN,NaN,NaN,NaN,
2022092312,e6w.2022,9X-E6W,TD,DEV,12.2,147.7,15,1003,31,15,31,15,NaN,NaN,NaN,NaN,NaN,NaN,NaN,NaN,NaN,NaN,DB,NW,b,b,NaN,NaN,NaN,NaN,NaN,NaN,
2022092318,e6w.2022,9X-E6W,TD,DEV,12.9,148.0,15,1003,17,7,17,7,NaN,NaN,NaN,NaN,NaN,NaN,NaN,NaN,NaN,NaN,DB,NW,c,c,NaN,NaN,NaN,NaN,NaN,NaN,
2022092400,e6w.2022,9X-E6W,TD,DEV,13.4,147.5,15,1005,351,6,351,6,NaN,NaN,NaN,NaN,NaN,NaN,NaN,NaN,NaN,NaN,DB,NW,c,c,NaN,NaN,NaN,NaN,NaN,NaN,
2022092406,e6w.2022,9X-E6W,TD,DEV,14.2,147.0,15,1005,323,8,323,8,NaN,NaN,NaN,NaN,NaN,NaN,NaN,NaN,NaN,NaN,DB,NW,b,b,NaN,NaN,NaN,NaN,NaN,NaN,
2022092412,e6w.2022,9X-E6W,TD,DEV,15.9,147.2,15,1004,353,13,353,13,NaN,NaN,NaN,NaN,NaN,NaN,NaN,NaN,NaN,NaN,DB,NW,b,b,NaN,NaN,NaN,NaN,NaN,NaN,
2022092418,e6w.2022,9X-E6W,TD,DEV,15.4,145.7,20,1003,350,8,314,9,NaN,NaN,NaN,NaN,NaN,NaN,NaN,NaN,NaN,NaN,DB,NW,C,C,180,1005,0.02,S,50,NaN,
2022092500,e6w.2022,9X-E6W,TD,DEV,16.9,146.2,20,1003,345,9,316,7,NaN,NaN,NaN,NaN,NaN,NaN,NaN,NaN,NaN,NaN,DB,NW,C,C,180,1005,NaN,S,50,NaN,
2022092506,e6w.2022,9X-E6W,TD,DEV,19.0,145.6,20,1003,345,9,334,13,NaN,NaN,NaN,NaN,NaN,NaN,NaN,NaN,NaN,NaN,DB,NW,C,C,165,1005,NaN,S,50,NaN,
2022092512,e6w.2022,9X-E6W,TD,DEV,21.1,145.0,20,1003,330,14,353,19,NaN,NaN,NaN,NaN,NaN,NaN,NaN,NaN,NaN,NaN,DB,NW,C,C,150,1005,NaN,S,40,NaN,
2022092512,e7w.2022,9X-E7W,TD,DEV,12.4,133.4,15,1007,40,11,40,11,NaN,NaN,NaN,NaN,NaN,NaN,NaN,NaN,NaN,NaN,DB,NW,b,b,NaN,NaN,NaN,NaN,NaN,NaN,
2022092518,e7w.2022,9X-E7W,TD,DEV,12.7,134.1,15,1006,40,11,40,11,NaN,NaN,NaN,NaN,NaN,NaN,NaN,NaN,NaN,NaN,DB,NW,b,b,NaN,NaN,NaN,NaN,NaN,NaN,
2022092600,e7w.2022,9X-E7W,TD,DEV,14.0,134.8,15,1006,61,7,40,11,NaN,NaN,NaN,NaN,NaN,NaN,NaN,NaN,NaN,NaN,DB,NW,c,c,NaN,NaN,NaN,NaN,NaN,NaN,
2022092606,e7w.2022,9X-E7W,TD,DEV,13.4,135.8,15,1006,67,9,67,9,NaN,NaN,NaN,NaN,NaN,NaN,NaN,NaN,NaN,NaN,DB,NW,c,c,NaN,NaN,NaN,NaN,NaN,NaN,
2022092612,e7w.2022,9X-E7W,TD,DEV,14.0,136.5,15,1006,58,9,90,8,NaN,NaN,NaN,NaN,NaN,NaN,NaN,NaN,NaN,NaN,DB,NW,c,c,140,1007,NaN,NaN,30,NaN,
2022092618,e7w.2022,9X-E7W,TD,DEV,15.2,136.4,15,1005,18,9,18,9,NaN,NaN,NaN,NaN,NaN,NaN,NaN,NaN,NaN,NaN,DB,NW,b,b,140,1007,NaN,NaN,30,NaN,
2022092700,e7w.2022,9X-E7W,TD,DEV,15.5,135.8,15,1005,347,9,336,8,NaN,NaN,NaN,NaN,NaN,NaN,NaN,NaN,NaN,NaN,DB,NW,c,c,140,1007,NaN,NaN,40,NaN,
2022092706,e7w.2022,9X-E7W,TD,DEV,17.9,134.9,20,1004,345,14,332,15,NaN,NaN,NaN,NaN,NaN,NaN,NaN,NaN,NaN,NaN,DB,NW,C,C,125,1005,NaN,S,40,NaN,
2022092712,e7w.2022,9X-E7W,TD,DEV,18.8,134.3,20,1004,330,14,337,18,NaN,NaN,NaN,NaN,NaN,NaN,NaN,NaN,NaN,NaN,DB,NW,C,C,110,1007,NaN,S,40,NaN,
2022092718,e7w.2022,9X-E7W,TD,DEV,19.3,133.7,20,1006,325,12,321,9,NaN,NaN,NaN,NaN,NaN,NaN,NaN,NaN,NaN,NaN,DB,NW,C,C,200,1006,NaN,S,40,NaN,
2022092800,e7w.2022,9X-E7W,TD,DEV,20.3,133.2,20,1006,325,11,325,9,NaN,NaN,NaN,NaN,NaN,NaN,NaN,NaN,NaN,NaN,DB,NW,C,C,170,1008,NaN,S,40,NaN,
2022100718,e8w.2022,9X-E8W,TD,NONdev,14.7,137.4,15,1005,292,8,280,13,NaN,NaN,NaN,NaN,NaN,NaN,NaN,NaN,NaN,NaN,DB,NW,b,b,NaN,NaN,NaN,NaN,NaN,NaN,
2022100800,e8w.2022,9X-E8W,TD,NONdev,15.0,136.6,15,1006,292,8,280,13,NaN,NaN,NaN,NaN,NaN,NaN,NaN,NaN,NaN,NaN,DB,NW,b,b,NaN,NaN,NaN,NaN,NaN,NaN,
2022100806,e8w.2022,9X-E8W,TD,NONdev,15.3,135.9,15,1006,292,8,280,13,NaN,NaN,NaN,NaN,NaN,NaN,NaN,NaN,NaN,NaN,DB,NW,b,b,NaN,NaN,NaN,NaN,NaN,NaN,
2022100812,e8w.2022,9X-E8W,TD,NONdev,15.6,135.1,15,1007,291,8,280,13,NaN,NaN,NaN,NaN,NaN,NaN,NaN,NaN,NaN,NaN,DB,NW,c,c,NaN,NaN,NaN,NaN,NaN,NaN,
2022100818,e8w.2022,9X-E8W,TD,NONdev,15.7,132.8,15,1007,291,8,280,13,NaN,NaN,NaN,NaN,NaN,NaN,NaN,NaN,NaN,NaN,DB,NW,c,c,NaN,NaN,NaN,NaN,NaN,NaN,
2022100900,e8w.2022,9X-E8W,TD,NONdev,15.8,130.6,15,1007,273,22,280,13,NaN,NaN,NaN,NaN,NaN,NaN,NaN,NaN,NaN,NaN,DB,NW,b,b,NaN,NaN,NaN,NaN,NaN,NaN,
2022100906,e8w.2022,9X-E8W,TD,NONdev,16.0,129.6,15,1006,271,22,274,18,NaN,NaN,NaN,NaN,NaN,NaN,NaN,NaN,NaN,NaN,DB,NW,b,b,NaN,NaN,NaN,NaN,NaN,NaN,
2022100912,e8w.2022,9X-E8W,TD,NONdev,16.3,128.6,15,1008,285,10,285,10,NaN,NaN,NaN,NaN,NaN,NaN,NaN,NaN,NaN,NaN,DB,NW,b,b,NaN,NaN,NaN,NaN,NaN,NaN,
2022100918,e8w.2022,9X-E8W,TD,NONdev,16.8,127.4,15,1010,291,11,291,11,NaN,NaN,NaN,NaN,NaN,NaN,NaN,NaN,NaN,NaN,DB,NW,c,c,NaN,NaN,NaN,NaN,NaN,NaN,
2022101000,e8w.2022,9X-E8W,TD,NONdev,16.9,126.2,15,1010,285,12,285,12,NaN,NaN,NaN,NaN,NaN,NaN,NaN,NaN,NaN,NaN,DB,NW,c,c,NaN,NaN,NaN,NaN,NaN,NaN,
2022101006,e8w.2022,9X-E8W,TD,NONdev,17.0,126.0,15,1005,280,7,278,7,NaN,NaN,NaN,NaN,NaN,NaN,NaN,NaN,NaN,NaN,DB,NW,C,C,150,1008,NaN,S,50,NaN,
2022101012,e8w.2022,9X-E8W,TD,NONdev,16.3,125.6,20,1005,270,3,224,4,NaN,NaN,NaN,NaN,NaN,NaN,NaN,NaN,NaN,NaN,DB,NW,C,C,150,1008,NaN,S,50,NaN,
2022101018,e8w.2022,9X-E8W,TD,NONdev,16.0,125.1,20,1005,245,4,221,7,NaN,NaN,NaN,NaN,NaN,NaN,NaN,NaN,NaN,NaN,DB,NW,C,C,130,1006,NaN,S,50,NaN,
2022101100,e8w.2022,9X-E8W,TD,NONdev,16.1,124.7,20,1006,260,4,257,4,NaN,NaN,NaN,NaN,NaN,NaN,NaN,NaN,NaN,NaN,DB,NW,C,C,130,1007,NaN,S,50,NaN,
2022101106,e8w.2022,9X-E8W,TD,NONdev,16.3,124.8,20,1003,285,3,316,2,NaN,NaN,NaN,NaN,NaN,NaN,NaN,NaN,NaN,NaN,DB,NW,C,C,130,1004,NaN,S,50,NaN,
2022101112,e8w.2022,9X-E8W,TD,NONdev,15.4,125.5,20,1005,145,2,132,5,NaN,NaN,NaN,NaN,NaN,NaN,NaN,NaN,NaN,NaN,DB,NW,C,C,150,1007,NaN,S,50,NaN,
2022101118,e8w.2022,9X-E8W,TD,NONdev,15.4,125.5,20,1003,145,2,143,6,NaN,NaN,NaN,NaN,NaN,NaN,NaN,NaN,NaN,NaN,DB,NW,C,C,150,1005,NaN,S,50,NaN,
2022101200,e8w.2022,9X-E8W,TD,NONdev,16.4,125.4,20,1003,25,3,355,5,NaN,NaN,NaN,NaN,NaN,NaN,NaN,NaN,NaN,NaN,DB,NW,C,C,150,1005,NaN,S,50,NaN,
2022101206,e8w.2022,9X-E8W,TD,NONdev,16.0,125.1,20,1004,245,4,327,4,NaN,NaN,NaN,NaN,NaN,NaN,NaN,NaN,NaN,NaN,DB,NW,C,C,130,1005,NaN,S,50,NaN,
2022101212,e8w.2022,9X-E8W,TD,NONdev,16.3,124.4,20,1004,310,5,264,5,NaN,NaN,NaN,NaN,NaN,NaN,NaN,NaN,NaN,NaN,DB,NW,C,C,130,1005,NaN,S,50,NaN,
2022101218,e8w.2022,9X-E8W,TD,NONdev,16.2,124.1,20,1004,290,5,282,5,NaN,NaN,NaN,NaN,NaN,NaN,NaN,NaN,NaN,NaN,DB,NW,C,C,130,1005,NaN,S,50,NaN,
2022101300,e8w.2022,9X-E8W,TD,NONdev,16.2,123.8,15,1005,289,3,260,3,NaN,NaN,NaN,NaN,NaN,NaN,NaN,NaN,NaN,NaN,DB,NW,c,c,NaN,NaN,NaN,NaN,NaN,NaN,
2022101012,e9w.2022,9X-E9W,TD,DEV,13.5,154.4,15,1010,309,3,309,3,NaN,NaN,NaN,NaN,NaN,NaN,NaN,NaN,NaN,NaN,DB,NW,b,b,NaN,NaN,NaN,NaN,NaN,NaN,
2022101018,e9w.2022,9X-E9W,TD,DEV,13.9,153.8,15,1008,309,3,309,3,NaN,NaN,NaN,NaN,NaN,NaN,NaN,NaN,NaN,NaN,DB,NW,b,b,NaN,NaN,NaN,NaN,NaN,NaN,
2022101100,e9w.2022,9X-E9W,TD,DEV,13.9,153.9,15,1008,278,3,309,3,NaN,NaN,NaN,NaN,NaN,NaN,NaN,NaN,NaN,NaN,DB,NW,c,c,NaN,NaN,NaN,NaN,NaN,NaN,
2022101106,e9w.2022,9X-E9W,TD,DEV,15.1,153.1,15,1007,331,7,331,7,NaN,NaN,NaN,NaN,NaN,NaN,NaN,NaN,NaN,NaN,DB,NW,c,c,NaN,NaN,NaN,NaN,NaN,NaN,
2022101112,e9w.2022,9X-E9W,TD,DEV,15.8,152.0,15,1007,316,9,316,13,NaN,NaN,NaN,NaN,NaN,NaN,NaN,NaN,NaN,NaN,DB,NW,c,c,NaN,NaN,NaN,NaN,NaN,NaN,
2022101118,e9w.2022,9X-E9W,TD,DEV,16.3,151.7,15,1004,325,7,312,9,NaN,NaN,NaN,NaN,NaN,NaN,NaN,NaN,NaN,NaN,DB,NW,c,c,NaN,NaN,NaN,NaN,NaN,NaN,
2022101200,e9w.2022,9X-E9W,TD,DEV,16.1,151.6,15,1004,327,4,308,2,NaN,NaN,NaN,NaN,NaN,NaN,NaN,NaN,NaN,NaN,DB,NW,c,c,100,1008,NaN,NaN,40,NaN,
2022101206,e9w.2022,9X-E9W,TD,DEV,15.8,151.1,20,1004,290,3,229,4,NaN,NaN,NaN,NaN,NaN,NaN,NaN,NaN,NaN,NaN,DB,NW,C,C,100,1006,NaN,S,40,NaN,
2022112206,f0w.2022,9X-F0W,TD,NONdev,7.5,168.1,15,1010,270,11,270,11,NaN,NaN,NaN,NaN,NaN,NaN,NaN,NaN,NaN,NaN,DB,NW,b,b,NaN,NaN,NaN,NaN,NaN,NaN,
2022112212,f0w.2022,9X-F0W,TD,NONdev,7.5,167.0,15,1010,270,11,270,11,NaN,NaN,NaN,NaN,NaN,NaN,NaN,NaN,NaN,NaN,DB,NW,b,b,NaN,NaN,NaN,NaN,NaN,NaN,
2022112218,f0w.2022,9X-F0W,TD,NONdev,7.5,165.9,15,1010,270,11,270,11,NaN,NaN,NaN,NaN,NaN,NaN,NaN,NaN,NaN,NaN,DB,NW,b,b,NaN,NaN,NaN,NaN,NaN,NaN,
2022112300,f0w.2022,9X-F0W,TD,NONdev,7.6,164.8,15,1009,273,11,273,11,NaN,NaN,NaN,NaN,NaN,NaN,NaN,NaN,NaN,NaN,DB,NW,b,b,NaN,NaN,NaN,NaN,NaN,NaN,
2022112306,f0w.2022,9X-F0W,TD,NONdev,7.7,163.7,15,1010,275,11,275,11,NaN,NaN,NaN,NaN,NaN,NaN,NaN,NaN,NaN,NaN,DB,NW,c,c,NaN,NaN,NaN,NaN,NaN,NaN,
2022112312,f0w.2022,9X-F0W,TD,NONdev,7.8,162.4,15,1010,275,12,275,12,NaN,NaN,NaN,NaN,NaN,NaN,NaN,NaN,NaN,NaN,DB,NW,c,c,NaN,NaN,NaN,NaN,NaN,NaN,
2022112318,f0w.2022,9X-F0W,TD,NONdev,7.8,161.1,15,1010,272,13,272,13,NaN,NaN,NaN,NaN,NaN,NaN,NaN,NaN,NaN,NaN,DB,NW,c,c,NaN,NaN,NaN,NaN,NaN,NaN,
2022112400,f0w.2022,9X-F0W,TD,NONdev,7.8,159.7,15,1010,270,13,270,13,NaN,NaN,NaN,NaN,NaN,NaN,NaN,NaN,NaN,NaN,DB,NW,c,c,NaN,NaN,NaN,NaN,NaN,NaN,
2022112406,f0w.2022,9X-F0W,TD,NONdev,7.8,158.1,15,1010,270,14,270,15,NaN,NaN,NaN,NaN,NaN,NaN,NaN,NaN,NaN,NaN,DB,NW,c,c,NaN,NaN,NaN,NaN,NaN,NaN,
2022112412,f0w.2022,9X-F0W,TD,NONdev,7.6,156.9,15,1010,266,13,266,14,NaN,NaN,NaN,NaN,NaN,NaN,NaN,NaN,NaN,NaN,DB,NW,c,c,NaN,NaN,NaN,NaN,NaN,NaN,
2022112418,f0w.2022,9X-F0W,TD,NONdev,7.5,156.0,15,1010,265,10,262,11,NaN,NaN,NaN,NaN,NaN,NaN,NaN,NaN,NaN,NaN,DB,NW,c,c,NaN,NaN,NaN,NaN,NaN,NaN,
2022112500,f0w.2022,9X-F0W,TD,NONdev,7.4,154.3,15,1010,265,12,266,13,NaN,NaN,NaN,NaN,NaN,NaN,NaN,NaN,NaN,NaN,DB,NW,c,c,NaN,NaN,NaN,NaN,NaN,NaN,
2022112506,f0w.2022,9X-F0W,TD,NONdev,7.5,154.9,15,1010,270,7,270,5,NaN,NaN,NaN,NaN,NaN,NaN,NaN,NaN,NaN,NaN,DB,NW,c,c,NaN,NaN,NaN,NaN,NaN,NaN,
2022112512,f0w.2022,9X-F0W,TD,NONdev,7.5,154.1,15,1010,270,7,297,1,NaN,NaN,NaN,NaN,NaN,NaN,NaN,NaN,NaN,NaN,WV,NW,c,c,NaN,NaN,NaN,NaN,NaN,NaN,
2022112518,f0w.2022,9X-F0W,TD,NONdev,6.6,151.8,15,1010,254,16,254,16,NaN,NaN,NaN,NaN,NaN,NaN,NaN,NaN,NaN,NaN,DB,NW,b,b,NaN,NaN,NaN,NaN,NaN,NaN,
2022112600,f0w.2022,9X-F0W,TD,NONdev,6.2,150.5,15,1010,250,19,250,19,NaN,NaN,NaN,NaN,NaN,NaN,NaN,NaN,NaN,NaN,DB,NW,b,b,NaN,NaN,NaN,NaN,NaN,NaN,
2022112606,f0w.2022,9X-F0W,TD,NONdev,6.2,148.6,15,1010,263,16,263,16,NaN,NaN,NaN,NaN,NaN,NaN,NaN,NaN,NaN,NaN,DB,NW,c,c,NaN,NaN,NaN,NaN,NaN,NaN,
2022112612,f0w.2022,9X-F0W,TD,NONdev,6.2,147.8,15,1008,270,13,270,13,NaN,NaN,NaN,NaN,NaN,NaN,NaN,NaN,NaN,NaN,DB,NW,c,c,NaN,NaN,NaN,NaN,NaN,NaN,
2022112618,f0w.2022,9X-F0W,TD,NONdev,6.0,146.9,15,1008,263,9,263,9,NaN,NaN,NaN,NaN,NaN,NaN,NaN,NaN,NaN,NaN,DB,NW,b,b,NaN,NaN,NaN,NaN,NaN,NaN,
2022112700,f0w.2022,9X-F0W,TD,NONdev,5.8,145.8,15,1010,259,10,259,10,NaN,NaN,NaN,NaN,NaN,NaN,NaN,NaN,NaN,NaN,DB,NW,b,b,NaN,NaN,NaN,NaN,NaN,NaN,
2022112706,f0w.2022,9X-F0W,TD,NONdev,5.4,144.7,15,1006,255,11,255,11,NaN,NaN,NaN,NaN,NaN,NaN,NaN,NaN,NaN,NaN,DB,NW,c,c,105,1007,NaN,NaN,NaN,NaN,
2022112712,f0w.2022,9X-F0W,TD,NONdev,5.5,144.9,15,1006,251,5,251,5,NaN,NaN,NaN,NaN,NaN,NaN,NaN,NaN,NaN,NaN,DB,NW,c,c,105,1007,NaN,NaN,NaN,NaN,
2022112718,f0w.2022,9X-F0W,TD,NONdev,4.8,143.7,15,1006,239,6,239,6,NaN,NaN,NaN,NaN,NaN,NaN,NaN,NaN,NaN,NaN,DB,NW,b,b,105,1007,NaN,NaN,NaN,NaN,
2022112800,f0w.2022,9X-F0W,TD,NONdev,4.8,142.1,15,1006,256,14,256,14,NaN,NaN,NaN,NaN,NaN,NaN,NaN,NaN,NaN,NaN,DB,NW,b,b,105,1007,NaN,NaN,NaN,NaN,
2022112806,f0w.2022,9X-F0W,TD,NONdev,4.8,140.7,15,1006,270,15,270,15,NaN,NaN,NaN,NaN,NaN,NaN,NaN,NaN,NaN,NaN,DB,NW,c,c,NaN,NaN,NaN,NaN,NaN,NaN,
2022112812,f0w.2022,9X-F0W,TD,NONdev,4.9,139.1,15,1006,272,15,272,15,NaN,NaN,NaN,NaN,NaN,NaN,NaN,NaN,NaN,NaN,DB,NW,c,c,NaN,NaN,NaN,NaN,NaN,NaN,
2022112818,f0w.2022,9X-F0W,TD,NONdev,4.4,139.0,20,1006,264,9,257,9,NaN,NaN,NaN,NaN,NaN,NaN,NaN,NaN,NaN,NaN,DB,NW,c,c,NaN,NaN,NaN,NaN,NaN,NaN,
2022112900,f0w.2022,9X-F0W,TD,NONdev,3.8,138.2,20,1010,249,9,219,7,NaN,NaN,NaN,NaN,NaN,NaN,NaN,NaN,NaN,NaN,DB,NW,c,c,NaN,NaN,NaN,NaN,NaN,NaN,
2022112906,f0w.2022,9X-F0W,TD,NONdev,3.8,136.6,20,1010,261,12,256,12,NaN,NaN,NaN,NaN,NaN,NaN,NaN,NaN,NaN,NaN,DB,NW,c,c,NaN,NaN,NaN,NaN,NaN,NaN,
2022112912,f0w.2022,9X-F0W,TD,NONdev,4.0,135.8,15,1010,275,12,275,12,NaN,NaN,NaN,NaN,NaN,NaN,NaN,NaN,NaN,NaN,DB,NW,b,b,NaN,NaN,NaN,NaN,NaN,NaN,
2022112918,f0w.2022,9X-F0W,TD,NONdev,4.1,134.4,15,1006,272,12,278,11,NaN,NaN,NaN,NaN,NaN,NaN,NaN,NaN,NaN,NaN,DB,NW,c,c,NaN,NaN,NaN,NaN,NaN,NaN,
2022113000,f0w.2022,9X-F0W,TD,NONdev,4.1,133.9,15,1010,273,9,273,9,NaN,NaN,NaN,NaN,NaN,NaN,NaN,NaN,NaN,NaN,DB,NW,c,c,NaN,NaN,NaN,NaN,NaN,NaN,
2022113006,f0w.2022,9X-F0W,TD,NONdev,4.1,133.0,15,1010,270,7,270,7,NaN,NaN,NaN,NaN,NaN,NaN,NaN,NaN,NaN,NaN,DB,NW,b,b,NaN,NaN,NaN,NaN,NaN,NaN,
2022101400,f1w.2022,9X-F1W,TS,DEV,25.4,154.4,20,1007,13,38,356,8,NaN,NaN,NaN,NaN,NaN,NaN,NaN,NaN,NaN,NaN,DB,NW,b,b,NaN,NaN,NaN,NaN,NaN,NaN,
2022101406,f1w.2022,9X-F1W,TS,DEV,26.3,154.5,25,1004,13,38,356,8,NaN,NaN,NaN,NaN,NaN,NaN,NaN,NaN,NaN,NaN,SD,NW,b,b,NaN,NaN,NaN,NaN,NaN,NaN,
2022101412,f1w.2022,9X-F1W,TS,DEV,27.1,154.3,28,1002,13,38,356,8,NaN,NaN,NaN,NaN,NaN,NaN,NaN,NaN,NaN,NaN,SD,NW,b,b,145,1006,NaN,NaN,NaN,NaN,
2022101418,f1w.2022,9X-F1W,TS,DEV,27.8,154.2,30,1001,350,8,356,8,NaN,NaN,NaN,NaN,NaN,NaN,NaN,NaN,NaN,NaN,SD,NW,b,b,145,1006,NaN,NaN,85,NaN,
2022101500,f1w.2022,9X-F1W,TS,DEV,27.6,153.6,30,1001,3,32,328,5,NaN,NaN,NaN,NaN,NaN,NaN,NaN,NaN,NaN,NaN,SD,NW,b,b,145,1006,NaN,NaN,85,NaN,
2022101506,f1w.2022,9X-F1W,TS,DEV,27.4,153.1,30,1000,275,4,248,5,NaN,NaN,NaN,NaN,NaN,NaN,NaN,NaN,NaN,NaN,SD,NW,C,C,165,1006,NaN,M,85,NaN,
2022101512,f1w.2022,9X-F1W,TS,DEV,26.3,152.9,30,1000,220,6,206,7,NaN,NaN,NaN,NaN,NaN,NaN,NaN,NaN,NaN,NaN,SD,NW,C,C,145,1008,NaN,M,85,NaN,
2022101518,f1w.2022,9X-F1W,TS,DEV,26.7,153.4,35,1001,190,3,159,4,52,20,65,65,60,NaN,NaN,NaN,NaN,NaN,SS,NW,C,C,170,1008,NaN,M,65,NaN,
2022101600,f1w.2022,9X-F1W,TS,DEV,26.7,153.6,35,1001,145,3,57,4,56,25,60,80,60,NaN,NaN,NaN,NaN,NaN,SS,NW,C,C,170,1008,NaN,M,65,NaN,
2022101606,f1w.2022,9X-F1W,TS,DEV,26.1,154.5,30,1003,100,5,121,6,NaN,NaN,NaN,NaN,NaN,NaN,NaN,NaN,NaN,NaN,SD,NW,C,C,145,1008,NaN,M,40,NaN,
2022101612,f1w.2022,9X-F1W,TS,DEV,27.1,155.7,25,1005,75,8,78,10,NaN,NaN,NaN,NaN,NaN,NaN,NaN,NaN,NaN,NaN,SD,NW,C,C,155,1010,NaN,S,40,NaN,
2022101618,f1w.2022,9X-F1W,TS,DEV,27.6,156.7,25,1006,70,10,53,12,NaN,NaN,NaN,NaN,NaN,NaN,NaN,NaN,NaN,NaN,SD,NW,C,C,175,1010,NaN,S,40,NaN,
2022101700,f1w.2022,9X-F1W,TS,DEV,27.2,156.8,25,1007,60,8,84,5,NaN,NaN,NaN,NaN,NaN,NaN,NaN,NaN,NaN,NaN,SD,NW,C,C,175,1012,NaN,S,40,NaN,
2022101706,f1w.2022,9X-F1W,TS,DEV,27.0,157.7,25,1005,90,6,124,5,NaN,NaN,NaN,NaN,NaN,NaN,NaN,NaN,NaN,NaN,SD,NW,C,C,165,1010,NaN,S,40,NaN,
2022101712,f1w.2022,9X-F1W,TS,DEV,27.6,157.8,20,1007,75,5,66,5,NaN,NaN,NaN,NaN,NaN,NaN,NaN,NaN,NaN,NaN,DB,NW,C,C,165,1011,NaN,S,40,NaN,
2022101718,f1w.2022,9X-F1W,TS,DEV,28.0,157.8,20,1007,45,4,5,5,NaN,NaN,NaN,NaN,NaN,NaN,NaN,NaN,NaN,NaN,DB,NW,C,C,165,1011,NaN,S,40,NaN,
2022101612,f2w.2022,9X-F2W,TD,DEV,15.7,132.5,15,1007,305,7,305,7,NaN,NaN,NaN,NaN,NaN,NaN,NaN,NaN,NaN,NaN,DB,NW,b,b,NaN,NaN,NaN,NaN,NaN,NaN,
2022101618,f2w.2022,9X-F2W,TD,DEV,16.4,132.9,15,1010,305,7,305,7,NaN,NaN,NaN,NaN,NaN,NaN,NaN,NaN,NaN,NaN,DB,NW,b,b,NaN,NaN,NaN,NaN,NaN,NaN,
2022101700,f2w.2022,9X-F2W,TD,DEV,16.5,131.3,15,1010,305,7,305,7,NaN,NaN,NaN,NaN,NaN,NaN,NaN,NaN,NaN,NaN,DB,NW,c,c,NaN,NaN,NaN,NaN,NaN,NaN,
2022101706,f2w.2022,9X-F2W,TD,DEV,18.1,133.0,15,1005,3,9,3,9,NaN,NaN,NaN,NaN,NaN,NaN,NaN,NaN,NaN,NaN,DB,NW,c,c,150,1007,NaN,NaN,NaN,NaN,
2022101712,f2w.2022,9X-F2W,TD,DEV,18.8,132.9,15,1005,353,8,34,14,NaN,NaN,NaN,NaN,NaN,NaN,NaN,NaN,NaN,NaN,DB,NW,c,c,155,1007,NaN,NaN,NaN,NaN,
2022101718,f2w.2022,9X-F2W,TD,DEV,19.5,132.3,15,1007,335,8,335,8,NaN,NaN,NaN,NaN,NaN,NaN,NaN,NaN,NaN,NaN,DB,NW,c,c,155,1007,NaN,NaN,NaN,NaN,
2022101800,f2w.2022,9X-F2W,TD,DEV,19.2,132.4,15,1006,320,5,310,3,NaN,NaN,NaN,NaN,NaN,NaN,NaN,NaN,NaN,NaN,DB,NW,c,c,155,1009,NaN,NaN,50,NaN,
2022101806,f2w.2022,9X-F2W,TD,DEV,19.7,132.4,15,1005,305,3,25,1,NaN,NaN,NaN,NaN,NaN,NaN,NaN,NaN,NaN,NaN,DB,NW,c,c,155,1009,NaN,NaN,50,NaN,
2022101812,f2w.2022,9X-F2W,TD,DEV,19.9,132.1,15,1007,305,3,338,4,NaN,NaN,NaN,NaN,NaN,NaN,NaN,NaN,NaN,NaN,DB,NW,c,c,155,1009,NaN,NaN,50,NaN,
2022101818,f2w.2022,9X-F2W,TD,DEV,20.0,131.7,15,1006,294,4,294,4,NaN,NaN,NaN,NaN,NaN,NaN,NaN,NaN,NaN,NaN,DB,NW,c,c,155,1009,NaN,NaN,50,NaN,
2022101900,f2w.2022,9X-F2W,TD,DEV,21.3,131.9,20,1006,352,7,352,7,NaN,NaN,NaN,NaN,NaN,NaN,NaN,NaN,NaN,NaN,DB,NW,c,c,155,1009,NaN,NaN,60,NaN,
2022101906,f2w.2022,9X-F2W,TD,DEV,21.0,130.8,20,1006,285,6,320,7,NaN,NaN,NaN,NaN,NaN,NaN,NaN,NaN,NaN,NaN,DB,NW,C,C,155,1008,NaN,S,55,NaN,
2022101912,f2w.2022,9X-F2W,TD,DEV,20.9,130.7,20,1005,280,4,250,6,NaN,NaN,NaN,NaN,NaN,NaN,NaN,NaN,NaN,NaN,DB,NW,C,C,155,1008,NaN,S,55,NaN,
2022102012,f3w.2022,9X-F3W,TD,DEV,6.6,144.4,15,1010,284,4,284,4,NaN,NaN,NaN,NaN,NaN,NaN,NaN,NaN,NaN,NaN,DB,NW,b,b,NaN,NaN,NaN,NaN,NaN,NaN,
2022102018,f3w.2022,9X-F3W,TD,DEV,7.0,143.8,15,1010,284,4,284,4,NaN,NaN,NaN,NaN,NaN,NaN,NaN,NaN,NaN,NaN,DB,NW,b,b,NaN,NaN,NaN,NaN,NaN,NaN,
2022102100,f3w.2022,9X-F3W,TD,DEV,6.8,143.6,15,1009,284,4,284,4,NaN,NaN,NaN,NaN,NaN,NaN,NaN,NaN,NaN,NaN,WV,NW,c,c,NaN,NaN,NaN,NaN,NaN,NaN,
2022102106,f3w.2022,9X-F3W,TD,DEV,7.8,142.4,15,1009,300,8,300,8,NaN,NaN,NaN,NaN,NaN,NaN,NaN,NaN,NaN,NaN,WV,NW,c,c,NaN,NaN,NaN,NaN,NaN,NaN,
2022102112,f3w.2022,9X-F3W,TD,DEV,9.0,142.4,15,1009,334,9,332,13,NaN,NaN,NaN,NaN,NaN,NaN,NaN,NaN,NaN,NaN,WV,NW,c,c,NaN,NaN,NaN,NaN,NaN,NaN,
2022102118,f3w.2022,9X-F3W,TD,DEV,9.8,141.7,15,1010,328,9,341,11,NaN,NaN,NaN,NaN,NaN,NaN,NaN,NaN,NaN,NaN,WV,NW,c,c,NaN,NaN,NaN,NaN,NaN,NaN,
2022102200,f3w.2022,9X-F3W,TD,DEV,10.2,140.9,15,1010,309,10,309,10,NaN,NaN,NaN,NaN,NaN,NaN,NaN,NaN,NaN,NaN,WV,NW,c,c,NaN,NaN,NaN,NaN,NaN,NaN,
2022102206,f3w.2022,9X-F3W,TD,DEV,10.0,139.1,15,1008,304,5,274,13,NaN,NaN,NaN,NaN,NaN,NaN,NaN,NaN,NaN,NaN,WV,NW,c,c,NaN,NaN,NaN,NaN,NaN,NaN,
2022102212,f3w.2022,9X-F3W,TD,DEV,10.2,138.5,15,1008,295,6,270,12,NaN,NaN,NaN,NaN,NaN,NaN,NaN,NaN,NaN,NaN,WV,NW,c,c,NaN,NaN,NaN,NaN,NaN,NaN,
2022102218,f3w.2022,9X-F3W,TD,DEV,10.0,138.1,15,1008,270,5,270,5,NaN,NaN,NaN,NaN,NaN,NaN,NaN,NaN,NaN,NaN,WV,NW,c,c,NaN,NaN,NaN,NaN,NaN,NaN,
2022102300,f3w.2022,9X-F3W,TD,DEV,9.8,136.0,15,1008,261,12,261,12,NaN,NaN,NaN,NaN,NaN,NaN,NaN,NaN,NaN,NaN,WV,NW,c,c,NaN,NaN,NaN,NaN,NaN,NaN,
2022102306,f3w.2022,9X-F3W,TD,DEV,10.2,135.6,15,1008,275,12,275,12,NaN,NaN,NaN,NaN,NaN,NaN,NaN,NaN,NaN,NaN,DB,NW,b,b,NaN,NaN,NaN,NaN,NaN,NaN,
2022102312,f3w.2022,9X-F3W,TD,DEV,10.6,135.8,15,1008,346,4,346,4,NaN,NaN,NaN,NaN,NaN,NaN,NaN,NaN,NaN,NaN,DB,NW,c,c,NaN,NaN,NaN,NaN,NaN,NaN,
2022102318,f3w.2022,9X-F3W,TD,DEV,10.8,136.0,15,1005,33,4,33,4,NaN,NaN,NaN,NaN,NaN,NaN,NaN,NaN,NaN,NaN,DB,NW,c,c,NaN,NaN,NaN,NaN,NaN,NaN,
2022102400,f3w.2022,9X-F3W,TD,DEV,11.1,136.2,15,1004,38,3,38,3,NaN,NaN,NaN,NaN,NaN,NaN,NaN,NaN,NaN,NaN,DB,NW,c,c,NaN,NaN,NaN,NaN,NaN,NaN,
2022102406,f3w.2022,9X-F3W,TD,DEV,11.6,134.9,15,1005,307,5,307,7,NaN,NaN,NaN,NaN,NaN,NaN,NaN,NaN,NaN,NaN,DB,NW,c,c,NaN,NaN,NaN,NaN,NaN,NaN,
2022102412,f3w.2022,9X-F3W,TD,DEV,11.9,134.4,15,1006,304,5,294,10,NaN,NaN,NaN,NaN,NaN,NaN,NaN,NaN,NaN,NaN,DB,NW,c,c,100,1007,NaN,NaN,NaN,NaN,
2022102418,f3w.2022,9X-F3W,TD,DEV,11.7,133.4,18,1006,304,5,280,10,NaN,NaN,NaN,NaN,NaN,NaN,NaN,NaN,NaN,NaN,DB,NW,c,c,210,1008,NaN,NaN,NaN,NaN,
2022102500,f3w.2022,9X-F3W,TD,DEV,11.4,132.3,20,1006,300,11,266,9,NaN,NaN,NaN,NaN,NaN,NaN,NaN,NaN,NaN,NaN,DB,NW,C,C,320,1009,NaN,S,NaN,NaN,
2022102506,f3w.2022,9X-F3W,TD,DEV,11.4,134.4,20,1006,300,11,185,7,NaN,NaN,NaN,NaN,NaN,NaN,NaN,NaN,NaN,NaN,DB,NW,C,C,320,1008,NaN,S,NaN,NaN,
2022102512,f3w.2022,9X-F3W,TD,DEV,11.4,136.4,20,1006,85,14,104,5,NaN,NaN,NaN,NaN,NaN,NaN,NaN,NaN,NaN,NaN,DB,NW,C,C,320,1008,NaN,S,NaN,NaN,
2022102518,f3w.2022,9X-F3W,TD,DEV,11.0,135.7,20,1003,328,4,97,11,NaN,NaN,NaN,NaN,NaN,NaN,NaN,NaN,NaN,NaN,DB,NW,C,C,300,1006,NaN,S,85,NaN,
2022102600,f3w.2022,9X-F3W,TD,DEV,12.3,134.9,25,1004,330,8,302,9,NaN,NaN,NaN,NaN,NaN,NaN,NaN,NaN,NaN,NaN,DB,NW,C,C,300,1007,NaN,S,85,NaN,
2022102606,f3w.2022,9X-F3W,TD,DEV,13.4,134.0,25,1003,330,11,325,15,NaN,NaN,NaN,NaN,NaN,NaN,NaN,NaN,NaN,NaN,DB,NW,C,C,300,1005,NaN,S,85,NaN,
2022102612,f3w.2022,9X-F3W,TD,DEV,13.8,133.2,25,1003,315,12,312,11,NaN,NaN,NaN,NaN,NaN,NaN,NaN,NaN,NaN,NaN,DB,NW,C,C,300,1007,NaN,S,85,NaN,
2022102618,f3w.2022,9X-F3W,TD,DEV,12.3,131.5,20,1001,285,7,246,13,NaN,NaN,NaN,NaN,NaN,NaN,NaN,NaN,NaN,NaN,DB,NW,C,C,225,1004,NaN,S,60,NaN,
2022102518,f4w.2022,9X-F4W,TD,DEV,7.1,147.7,15,1010,285,8,285,8,NaN,NaN,NaN,NaN,NaN,NaN,NaN,NaN,NaN,NaN,DB,NW,b,b,NaN,NaN,NaN,NaN,NaN,NaN,
2022102600,f4w.2022,9X-F4W,TD,DEV,7.3,146.9,15,1010,285,8,285,8,NaN,NaN,NaN,NaN,NaN,NaN,NaN,NaN,NaN,NaN,DB,NW,b,b,NaN,NaN,NaN,NaN,NaN,NaN,
2022102606,f4w.2022,9X-F4W,TD,DEV,7.5,146.2,15,1007,284,4,285,8,NaN,NaN,NaN,NaN,NaN,NaN,NaN,NaN,NaN,NaN,DB,NW,c,c,NaN,NaN,NaN,NaN,NaN,NaN,
2022102612,f4w.2022,9X-F4W,TD,DEV,7.9,145.2,15,1007,290,9,290,9,NaN,NaN,NaN,NaN,NaN,NaN,NaN,NaN,NaN,NaN,DB,NW,c,c,NaN,NaN,NaN,NaN,NaN,NaN,
2022102618,f4w.2022,9X-F4W,TD,DEV,8.2,144.4,15,1006,294,9,291,10,NaN,NaN,NaN,NaN,NaN,NaN,NaN,NaN,NaN,NaN,DB,NW,c,c,NaN,NaN,NaN,NaN,NaN,NaN,
2022102700,f4w.2022,9X-F4W,TD,DEV,8.4,143.8,15,1006,290,7,290,7,NaN,NaN,NaN,NaN,NaN,NaN,NaN,NaN,NaN,NaN,DB,NW,c,c,NaN,NaN,NaN,NaN,NaN,NaN,
2022102706,f4w.2022,9X-F4W,TD,DEV,8.4,142.7,15,1006,277,8,277,8,NaN,NaN,NaN,NaN,NaN,NaN,NaN,NaN,NaN,NaN,DB,NW,c,c,NaN,NaN,NaN,NaN,NaN,NaN,
2022102712,f4w.2022,9X-F4W,TD,DEV,8.6,141.9,15,1006,281,8,276,9,NaN,NaN,NaN,NaN,NaN,NaN,NaN,NaN,NaN,NaN,DB,NW,c,c,NaN,NaN,NaN,NaN,NaN,NaN,
2022102718,f4w.2022,9X-F4W,TD,DEV,8.9,141.3,15,1006,290,7,290,7,NaN,NaN,NaN,NaN,NaN,NaN,NaN,NaN,NaN,NaN,DB,NW,c,c,NaN,NaN,NaN,NaN,NaN,NaN,
2022102800,f4w.2022,9X-F4W,TD,DEV,8.9,141.0,15,1005,289,5,289,5,NaN,NaN,NaN,NaN,NaN,NaN,NaN,NaN,NaN,NaN,DB,NW,c,c,NaN,NaN,NaN,NaN,NaN,NaN,
2022102806,f4w.2022,9X-F4W,TD,DEV,8.5,139.5,15,1005,276,10,257,9,NaN,NaN,NaN,NaN,NaN,NaN,NaN,NaN,NaN,NaN,DB,NW,c,c,NaN,NaN,NaN,NaN,NaN,NaN,
2022102812,f4w.2022,9X-F4W,TD,DEV,8.2,140.3,20,1004,270,7,225,5,NaN,NaN,NaN,NaN,NaN,NaN,NaN,NaN,NaN,NaN,DB,NW,C,C,125,1008,NaN,S,45,NaN,
2022102818,f4w.2022,9X-F4W,TD,DEV,8.1,139.3,25,1004,270,8,206,2,NaN,NaN,NaN,NaN,NaN,NaN,NaN,NaN,NaN,NaN,DB,NW,C,C,125,1008,NaN,S,45,NaN,
2022102900,f4w.2022,9X-F4W,TD,DEV,8.9,139.9,20,1007,280,7,331,4,NaN,NaN,NaN,NaN,NaN,NaN,NaN,NaN,NaN,NaN,DB,NW,C,C,115,1009,NaN,S,60,NaN,
2022102906,f4w.2022,9X-F4W,TD,DEV,8.8,139.4,20,1004,270,6,8,4,NaN,NaN,NaN,NaN,NaN,NaN,NaN,NaN,NaN,NaN,DB,NW,C,C,115,1005,NaN,S,60,NaN,
2022102912,f4w.2022,9X-F4W,TD,DEV,8.8,139.3,20,1005,270,4,260,3,NaN,NaN,NaN,NaN,NaN,NaN,NaN,NaN,NaN,NaN,DB,NW,C,C,115,1006,NaN,S,60,NaN,
2022102918,f4w.2022,9X-F4W,TD,DEV,9.0,138.9,20,1003,280,4,292,3,NaN,NaN,NaN,NaN,NaN,NaN,NaN,NaN,NaN,NaN,DB,NW,C,C,125,1006,NaN,S,60,NaN,
2022103000,f4w.2022,9X-F4W,TD,DEV,9.0,138.1,20,1003,275,6,280,6,NaN,NaN,NaN,NaN,NaN,NaN,NaN,NaN,NaN,NaN,DB,NW,C,C,130,1008,NaN,S,60,NaN,
2022103006,f4w.2022,9X-F4W,TD,DEV,9.0,136.9,20,1003,270,9,270,10,NaN,NaN,NaN,NaN,NaN,NaN,NaN,NaN,NaN,NaN,DB,NW,C,C,200,1006,NaN,S,60,NaN,
2022103012,f4w.2022,9X-F4W,TD,DEV,8.6,136.0,20,1005,260,10,259,11,NaN,NaN,NaN,NaN,NaN,NaN,NaN,NaN,NaN,NaN,DB,NW,C,C,150,1008,NaN,S,60,NaN,
2022110212,f5w.2022,9X-F5W,TD,NONdev,15.3,149.6,15,1008,165,6,165,6,NaN,NaN,NaN,NaN,NaN,NaN,NaN,NaN,NaN,NaN,DB,NW,b,b,NaN,NaN,NaN,NaN,NaN,NaN,
2022110218,f5w.2022,9X-F5W,TD,NONdev,14.8,149.9,15,1008,165,6,165,6,NaN,NaN,NaN,NaN,NaN,NaN,NaN,NaN,NaN,NaN,DB,NW,b,b,NaN,NaN,NaN,NaN,NaN,NaN,
2022110300,f5w.2022,9X-F5W,TD,NONdev,14.2,149.9,15,1008,165,6,165,6,NaN,NaN,NaN,NaN,NaN,NaN,NaN,NaN,NaN,NaN,DB,NW,c,c,95,1009,NaN,NaN,NaN,NaN,
2022110306,f5w.2022,9X-F5W,TD,NONdev,13.7,149.4,15,1006,204,6,204,6,NaN,NaN,NaN,NaN,NaN,NaN,NaN,NaN,NaN,NaN,DB,NW,b,b,95,1007,NaN,NaN,NaN,NaN,
2022110312,f5w.2022,9X-F5W,TD,NONdev,13.5,148.9,15,1006,232,5,234,6,NaN,NaN,NaN,NaN,NaN,NaN,NaN,NaN,NaN,NaN,DB,NW,c,c,95,1007,NaN,NaN,NaN,NaN,
2022110318,f5w.2022,9X-F5W,TD,NONdev,14.0,149.0,15,1006,308,2,308,2,NaN,NaN,NaN,NaN,NaN,NaN,NaN,NaN,NaN,NaN,DB,NW,c,c,85,1008,NaN,NaN,NaN,NaN,
2022110400,f5w.2022,9X-F5W,TD,NONdev,14.0,148.4,15,1006,297,3,316,3,NaN,NaN,NaN,NaN,NaN,NaN,NaN,NaN,NaN,NaN,DB,NW,c,c,85,1008,NaN,NaN,NaN,NaN,
2022110406,f5w.2022,9X-F5W,TD,NONdev,14.1,147.7,15,1006,275,6,275,6,NaN,NaN,NaN,NaN,NaN,NaN,NaN,NaN,NaN,NaN,DB,NW,c,c,85,1008,NaN,NaN,NaN,NaN,
2022110412,f5w.2022,9X-F5W,TD,NONdev,14.4,147.2,15,1010,292,5,289,6,NaN,NaN,NaN,NaN,NaN,NaN,NaN,NaN,NaN,NaN,DB,NW,c,c,115,1011,NaN,NaN,NaN,NaN,
2022110418,f5w.2022,9X-F5W,TD,NONdev,14.6,146.6,15,1010,295,6,295,6,NaN,NaN,NaN,NaN,NaN,NaN,NaN,NaN,NaN,NaN,DB,NW,c,c,NaN,NaN,NaN,NaN,NaN,NaN,
2022110500,f5w.2022,9X-F5W,TD,NONdev,13.5,146.4,15,1010,290,15,221,6,NaN,NaN,NaN,NaN,NaN,NaN,NaN,NaN,NaN,NaN,DB,NW,c,c,NaN,NaN,NaN,NaN,NaN,NaN,
2022110506,f5w.2022,9X-F5W,TD,NONdev,14.2,146.1,15,1008,230,3,230,3,NaN,NaN,NaN,NaN,NaN,NaN,NaN,NaN,NaN,NaN,DB,NW,b,b,NaN,NaN,NaN,NaN,NaN,NaN,
2022100512,f6w.2022,9X-F6W,TD,NONdev,16.3,149.3,15,1010,321,4,321,4,NaN,NaN,NaN,NaN,NaN,NaN,NaN,NaN,NaN,NaN,DB,NW,b,b,NaN,NaN,NaN,NaN,NaN,NaN,
2022100518,f6w.2022,9X-F6W,TD,NONdev,16.6,149.0,15,1010,321,4,321,4,NaN,NaN,NaN,NaN,NaN,NaN,NaN,NaN,NaN,NaN,DB,NW,b,b,NaN,NaN,NaN,NaN,NaN,NaN,
2022100600,f6w.2022,9X-F6W,TD,NONdev,16.9,148.8,15,1008,321,4,321,4,NaN,NaN,NaN,NaN,NaN,NaN,NaN,NaN,NaN,NaN,DB,NW,b,b,NaN,NaN,NaN,NaN,NaN,NaN,
2022100606,f6w.2022,9X-F6W,TD,NONdev,17.2,148.3,15,1008,312,4,312,4,NaN,NaN,NaN,NaN,NaN,NaN,NaN,NaN,NaN,NaN,DB,NW,c,c,NaN,NaN,NaN,NaN,NaN,NaN,
2022100612,f6w.2022,9X-F6W,TD,NONdev,17.3,147.7,15,1008,291,6,291,6,NaN,NaN,NaN,NaN,NaN,NaN,NaN,NaN,NaN,NaN,DB,NW,c,c,NaN,NaN,NaN,NaN,NaN,NaN,
2022100618,f6w.2022,9X-F6W,TD,NONdev,17.3,146.9,15,1010,274,7,274,7,NaN,NaN,NaN,NaN,NaN,NaN,NaN,NaN,NaN,NaN,DB,NW,c,c,NaN,NaN,NaN,NaN,NaN,NaN,
2022100700,f6w.2022,9X-F6W,TD,NONdev,15.8,146.6,15,1008,215,9,215,9,NaN,NaN,NaN,NaN,NaN,NaN,NaN,NaN,NaN,NaN,DB,NW,b,b,NaN,NaN,NaN,NaN,NaN,NaN,
2022100706,f6w.2022,9X-F6W,TD,NONdev,16.4,145.1,15,1006,250,10,242,10,NaN,NaN,NaN,NaN,NaN,NaN,NaN,NaN,NaN,NaN,DB,NW,c,c,NaN,NaN,NaN,NaN,NaN,NaN,
2022100712,f6w.2022,9X-F6W,TD,NONdev,15.3,144.4,15,1007,257,11,257,11,NaN,NaN,NaN,NaN,NaN,NaN,NaN,NaN,NaN,NaN,DB,NW,c,c,100,1009,NaN,NaN,NaN,NaN,
2022100718,f6w.2022,9X-F6W,TD,NONdev,15.2,143.3,15,1010,259,11,235,11,NaN,NaN,NaN,NaN,NaN,NaN,NaN,NaN,NaN,NaN,DB,NW,c,c,100,1010,NaN,NaN,NaN,NaN,
2022100706,f7w.2022,9X-F7W,TD,DEV,11.6,145.5,15,1010,35,9,35,9,NaN,NaN,NaN,NaN,NaN,NaN,NaN,NaN,NaN,NaN,DB,NW,b,b,NaN,NaN,NaN,NaN,NaN,NaN,
2022100712,f7w.2022,9X-F7W,TD,DEV,12.2,146.0,15,1010,35,9,35,9,NaN,NaN,NaN,NaN,NaN,NaN,NaN,NaN,NaN,NaN,DB,NW,b,b,NaN,NaN,NaN,NaN,NaN,NaN,
2022100718,f7w.2022,9X-F7W,TD,DEV,13.0,146.5,15,1010,35,9,35,9,NaN,NaN,NaN,NaN,NaN,NaN,NaN,NaN,NaN,NaN,DB,NW,c,c,NaN,NaN,NaN,NaN,NaN,NaN,
2022100800,f7w.2022,9X-F7W,TD,DEV,13.9,147.0,15,1008,30,10,30,10,NaN,NaN,NaN,NaN,NaN,NaN,NaN,NaN,NaN,NaN,DB,NW,c,c,NaN,NaN,NaN,NaN,NaN,NaN,
2022100806,f7w.2022,9X-F7W,TD,DEV,13.9,147.0,15,1008,28,5,28,5,NaN,NaN,NaN,NaN,NaN,NaN,NaN,NaN,NaN,NaN,DB,NW,c,c,NaN,NaN,NaN,NaN,NaN,NaN,
2022100812,f7w.2022,9X-F7W,TD,DEV,14.3,147.2,15,1008,26,4,26,2,NaN,NaN,NaN,NaN,NaN,NaN,NaN,NaN,NaN,NaN,DB,NW,c,c,NaN,NaN,NaN,NaN,NaN,NaN,
2022100818,f7w.2022,9X-F7W,TD,DEV,13.9,146.8,15,1010,270,1,270,1,NaN,NaN,NaN,NaN,NaN,NaN,NaN,NaN,NaN,NaN,DB,NW,b,b,NaN,NaN,NaN,NaN,NaN,NaN,
2022100900,f7w.2022,9X-F7W,TD,DEV,14.5,145.7,15,1010,278,7,278,7,NaN,NaN,NaN,NaN,NaN,NaN,NaN,NaN,NaN,NaN,DB,NW,b,b,NaN,NaN,0.01,NaN,NaN,NaN,
2022100906,f7w.2022,9X-F7W,TD,DEV,14.4,147.0,15,1010,21,3,21,3,NaN,NaN,NaN,NaN,NaN,NaN,NaN,NaN,NaN,NaN,DB,NW,c,c,NaN,NaN,NaN,NaN,NaN,NaN,
2022100912,f7w.2022,9X-F7W,TD,DEV,14.4,145.5,15,1010,21,3,144,4,NaN,NaN,NaN,NaN,NaN,NaN,NaN,NaN,NaN,NaN,DB,NW,c,c,NaN,NaN,NaN,NaN,NaN,NaN,
2022100918,f7w.2022,9X-F7W,TD,DEV,14.4,144.0,15,1010,265,6,267,5,NaN,NaN,NaN,NaN,NaN,NaN,NaN,NaN,NaN,NaN,DB,NW,c,c,NaN,NaN,NaN,NaN,NaN,NaN,
2022101000,f7w.2022,9X-F7W,TD,DEV,14.4,143.4,15,1006,266,7,270,12,NaN,NaN,NaN,NaN,NaN,NaN,NaN,NaN,NaN,NaN,DB,NW,c,c,NaN,NaN,NaN,NaN,NaN,NaN,
2022101006,f7w.2022,9X-F7W,TD,DEV,14.4,143.0,15,1005,270,5,270,5,NaN,NaN,NaN,NaN,NaN,NaN,NaN,NaN,NaN,NaN,DB,NW,c,c,NaN,NaN,NaN,NaN,NaN,NaN,
2022101012,f7w.2022,9X-F7W,TD,DEV,14.0,143.2,15,1005,49,5,206,2,NaN,NaN,NaN,NaN,NaN,NaN,NaN,NaN,NaN,NaN,DB,NW,c,c,NaN,NaN,NaN,NaN,NaN,NaN,
2022101018,f7w.2022,9X-F7W,TD,DEV,14.4,143.4,15,1005,35,4,90,2,NaN,NaN,NaN,NaN,NaN,NaN,NaN,NaN,NaN,NaN,DB,NW,c,c,NaN,NaN,NaN,NaN,NaN,NaN,
2022101100,f7w.2022,9X-F7W,TD,DEV,14.7,143.6,15,1002,29,4,29,4,NaN,NaN,NaN,NaN,NaN,NaN,NaN,NaN,NaN,NaN,DB,NW,c,c,250,1007,NaN,NaN,40,NaN,
2022101106,f7w.2022,9X-F7W,TD,DEV,14.8,142.2,20,1003,0,5,289,6,NaN,NaN,NaN,NaN,NaN,NaN,NaN,NaN,NaN,NaN,DB,NW,C,C,230,1004,NaN,S,40,NaN,
2022101112,f7w.2022,9X-F7W,TD,DEV,15.2,142.0,20,1005,345,5,288,8,NaN,NaN,NaN,NaN,NaN,NaN,NaN,NaN,NaN,NaN,DB,NW,C,C,220,1006,NaN,S,40,NaN,
2022101118,f7w.2022,9X-F7W,TD,DEV,15.6,141.9,20,1004,340,5,340,4,NaN,NaN,NaN,NaN,NaN,NaN,NaN,NaN,NaN,NaN,DB,NW,C,C,300,1005,NaN,S,40,NaN,
2022101200,f7w.2022,9X-F7W,TD,DEV,16.5,141.2,20,1005,330,7,329,8,NaN,NaN,NaN,NaN,NaN,NaN,NaN,NaN,NaN,NaN,DB,NW,C,C,250,1006,NaN,S,40,NaN,
2022101206,f7w.2022,9X-F7W,TD,DEV,17.3,140.0,20,1002,315,10,313,12,NaN,NaN,NaN,NaN,NaN,NaN,NaN,NaN,NaN,NaN,DB,NW,C,C,115,1003,NaN,S,40,NaN,
2022101212,f7w.2022,9X-F7W,TD,DEV,17.8,139.2,20,1002,310,10,304,12,NaN,NaN,NaN,NaN,NaN,NaN,NaN,NaN,NaN,NaN,DB,NW,C,C,100,1004,NaN,S,40,NaN,
2022101218,f7w.2022,9X-F7W,TD,DEV,18.5,138.3,20,1002,310,10,307,10,NaN,NaN,NaN,NaN,NaN,NaN,NaN,NaN,NaN,NaN,DB,NW,C,C,110,1004,NaN,S,45,NaN,
2022101300,f7w.2022,9X-F7W,TD,DEV,18.9,136.1,20,1001,310,10,300,13,NaN,NaN,NaN,NaN,NaN,NaN,NaN,NaN,NaN,NaN,DB,NW,C,C,123,1003,NaN,S,45,NaN,
2022101306,f7w.2022,9X-F7W,TD,DEV,19.3,133.9,20,1001,310,10,292,15,NaN,NaN,NaN,NaN,NaN,NaN,NaN,NaN,NaN,NaN,DB,NW,C,C,137,1003,NaN,S,45,NaN,
2022101312,f7w.2022,9X-F7W,TD,DEV,19.7,131.7,20,1000,265,13,285,18,NaN,NaN,NaN,NaN,NaN,NaN,NaN,NaN,NaN,NaN,DB,NW,C,C,150,1002,NaN,S,45,NaN,
2022101318,f7w.2022,9X-F7W,TD,DEV,19.8,131.1,20,1000,255,9,281,17,NaN,NaN,NaN,NaN,NaN,NaN,NaN,NaN,NaN,NaN,DB,NW,C,C,160,1002,NaN,S,55,NaN,
2022101400,f7w.2022,9X-F7W,TD,DEV,20.1,130.2,20,1000,270,8,286,7,NaN,NaN,NaN,NaN,NaN,NaN,NaN,NaN,NaN,NaN,DB,NW,C,C,160,1002,NaN,S,55,NaN,
2022101406,f7w.2022,9X-F7W,TD,DEV,19.5,129.1,20,998,265,8,261,10,NaN,NaN,NaN,NaN,NaN,NaN,NaN,NaN,NaN,NaN,DB,NW,C,C,160,1000,NaN,S,55,NaN,
2022101412,f7w.2022,9X-F7W,TD,DEV,19.1,128.3,20,998,255,8,241,10,NaN,NaN,NaN,NaN,NaN,NaN,NaN,NaN,NaN,NaN,DB,NW,C,C,160,1000,NaN,S,55,NaN,
2022101418,f7w.2022,9X-F7W,TD,DEV,18.8,127.6,25,997,244,8,244,8,NaN,NaN,NaN,NaN,NaN,NaN,NaN,NaN,NaN,NaN,TD,NW,b,b,160,1001,NaN,NaN,55,NaN,
2022101500,f7w.2022,9X-F7W,TD,DEV,18.6,125.6,30,997,259,13,259,13,NaN,NaN,NaN,NaN,NaN,NaN,NaN,NaN,NaN,NaN,TD,NW,b,b,300,1006,NaN,S,55,NaN,
2022112012,f8w.2022,9X-F8W,TD,NONdev,4.2,140.8,15,1010,259,8,259,8,NaN,NaN,NaN,NaN,NaN,NaN,NaN,NaN,NaN,NaN,DB,NW,b,b,NaN,NaN,NaN,NaN,NaN,NaN,
2022112018,f8w.2022,9X-F8W,TD,NONdev,4.1,140.1,15,1010,259,8,259,8,NaN,NaN,NaN,NaN,NaN,NaN,NaN,NaN,NaN,NaN,DB,NW,b,b,NaN,NaN,NaN,NaN,NaN,NaN,
2022112100,f8w.2022,9X-F8W,TD,NONdev,3.9,139.3,15,1010,259,8,259,8,NaN,NaN,NaN,NaN,NaN,NaN,NaN,NaN,NaN,NaN,DB,NW,b,b,NaN,NaN,NaN,NaN,NaN,NaN,
2022112106,f8w.2022,9X-F8W,TD,NONdev,5.1,137.4,15,1008,282,7,290,14,NaN,NaN,NaN,NaN,NaN,NaN,NaN,NaN,NaN,NaN,DB,NW,c,c,NaN,NaN,NaN,NaN,NaN,NaN,
2022112112,f8w.2022,9X-F8W,TD,NONdev,5.2,136.8,15,1010,279,6,298,14,NaN,NaN,NaN,NaN,NaN,NaN,NaN,NaN,NaN,NaN,DB,NW,c,c,NaN,NaN,NaN,NaN,NaN,NaN,
2022112118,f8w.2022,9X-F8W,TD,NONdev,3.8,136.9,15,1008,201,7,201,7,NaN,NaN,NaN,NaN,NaN,NaN,NaN,NaN,NaN,NaN,DB,NW,b,b,150,1008,NaN,NaN,NaN,NaN,
2022112200,f8w.2022,9X-F8W,TD,NONdev,3.8,136.2,15,1010,203,8,203,8,NaN,NaN,NaN,NaN,NaN,NaN,NaN,NaN,NaN,NaN,DB,NW,b,b,150,1008,NaN,NaN,NaN,NaN,
2022112118,f9w.2022,9X-F9W,TD,NONdev,8.7,153.4,15,1010,276,10,276,10,NaN,NaN,NaN,NaN,NaN,NaN,NaN,NaN,NaN,NaN,DB,NW,b,b,NaN,NaN,NaN,NaN,NaN,NaN,
2022112200,f9w.2022,9X-F9W,TD,NONdev,8.8,152.4,15,1010,276,10,276,10,NaN,NaN,NaN,NaN,NaN,NaN,NaN,NaN,NaN,NaN,DB,NW,b,b,NaN,NaN,NaN,NaN,NaN,NaN,
2022112206,f9w.2022,9X-F9W,TD,NONdev,8.9,151.4,15,1010,276,10,276,10,NaN,NaN,NaN,NaN,NaN,NaN,NaN,NaN,NaN,NaN,DB,NW,b,b,NaN,NaN,NaN,NaN,NaN,NaN,
2022112212,f9w.2022,9X-F9W,TD,NONdev,9.0,150.5,15,1010,276,9,276,9,NaN,NaN,NaN,NaN,NaN,NaN,NaN,NaN,NaN,NaN,DB,NW,c,c,NaN,NaN,NaN,NaN,NaN,NaN,
2022112218,f9w.2022,9X-F9W,TD,NONdev,9.0,151.0,15,1010,284,2,284,2,NaN,NaN,NaN,NaN,NaN,NaN,NaN,NaN,NaN,NaN,DB,NW,b,b,NaN,NaN,NaN,NaN,NaN,NaN,
2022112300,f9w.2022,9X-F9W,TD,NONdev,9.1,150.7,15,1010,63,1,63,1,NaN,NaN,NaN,NaN,NaN,NaN,NaN,NaN,NaN,NaN,DB,NW,b,b,NaN,NaN,NaN,NaN,NaN,NaN,
2022112306,f9w.2022,9X-F9W,TD,NONdev,9.3,150.3,15,1008,293,4,293,4,NaN,NaN,NaN,NaN,NaN,NaN,NaN,NaN,NaN,NaN,DB,NW,c,c,75,1009,NaN,NaN,NaN,NaN,
2022112312,f9w.2022,9X-F9W,TD,NONdev,9.4,149.8,15,1009,289,5,289,5,NaN,NaN,NaN,NaN,NaN,NaN,NaN,NaN,NaN,NaN,DB,NW,c,c,100,1011,NaN,NaN,NaN,NaN,
2022112318,f9w.2022,9X-F9W,TD,NONdev,9.5,149.3,15,1010,281,5,281,5,NaN,NaN,NaN,NaN,NaN,NaN,NaN,NaN,NaN,NaN,DB,NW,c,c,100,1011,NaN,NaN,55,NaN,
2022112400,f9w.2022,9X-F9W,TD,NONdev,9.8,148.5,15,1010,287,7,287,7,NaN,NaN,NaN,NaN,NaN,NaN,NaN,NaN,NaN,NaN,DB,NW,c,c,100,1011,NaN,NaN,55,NaN,
2022112406,f9w.2022,9X-F9W,TD,NONdev,10.0,147.8,15,1010,289,8,289,8,NaN,NaN,NaN,NaN,NaN,NaN,NaN,NaN,NaN,NaN,DB,NW,c,c,100,1011,NaN,NaN,55,NaN,
2022112412,f9w.2022,9X-F9W,TD,NONdev,10.2,146.1,15,1010,280,12,280,12,NaN,NaN,NaN,NaN,NaN,NaN,NaN,NaN,NaN,NaN,WV,NW,c,c,100,1011,NaN,NaN,55,NaN,
2022112418,f9w.2022,9X-F9W,TD,NONdev,10.6,143.7,15,1009,279,15,278,20,NaN,NaN,NaN,NaN,NaN,NaN,NaN,NaN,NaN,NaN,WV,NW,c,c,100,1011,NaN,NaN,55,NaN,
2022112500,f9w.2022,9X-F9W,TD,NONdev,10.4,143.2,15,1009,274,14,274,14,NaN,NaN,NaN,NaN,NaN,NaN,NaN,NaN,NaN,NaN,WV,NW,b,b,100,1011,NaN,NaN,55,NaN,
2022112506,f9w.2022,9X-F9W,TD,NONdev,10.6,141.6,15,1010,274,16,270,10,NaN,NaN,NaN,NaN,NaN,NaN,NaN,NaN,NaN,NaN,WV,NW,c,c,100,1011,NaN,NaN,55,NaN,
2022112512,f9w.2022,9X-F9W,TD,NONdev,10.9,139.9,15,1010,279,16,279,16,NaN,NaN,NaN,NaN,NaN,NaN,NaN,NaN,NaN,NaN,WV,NW,c,c,100,1011,NaN,NaN,55,NaN,
2022112518,f9w.2022,9X-F9W,TD,NONdev,10.5,139.4,15,1010,267,11,267,11,NaN,NaN,NaN,NaN,NaN,NaN,NaN,NaN,NaN,NaN,DB,NW,b,b,100,1011,NaN,NaN,55,NaN,
2022112600,f9w.2022,9X-F9W,TD,NONdev,10.7,137.8,15,1010,264,10,264,10,NaN,NaN,NaN,NaN,NaN,NaN,NaN,NaN,NaN,NaN,DB,NW,b,b,100,1011,NaN,NaN,55,NaN,
2022112606,f9w.2022,9X-F9W,TD,NONdev,11.3,136.2,15,1010,284,16,284,16,NaN,NaN,NaN,NaN,NaN,NaN,NaN,NaN,NaN,NaN,DB,NW,c,c,NaN,NaN,NaN,NaN,NaN,NaN,
2022112612,f9w.2022,9X-F9W,TD,NONdev,11.7,134.8,15,1010,289,16,289,16,NaN,NaN,NaN,NaN,NaN,NaN,NaN,NaN,NaN,NaN,DB,NW,c,c,NaN,NaN,NaN,NaN,NaN,NaN,
2022112618,f9w.2022,9X-F9W,TD,NONdev,12.2,133.5,15,1010,289,14,289,14,NaN,NaN,NaN,NaN,NaN,NaN,NaN,NaN,NaN,NaN,DB,NW,b,b,NaN,NaN,NaN,NaN,NaN,NaN,
2022112518,g1w.2022,9X-G1W,TD,NONdev,5.0,167.6,15,1010,268,16,268,16,NaN,NaN,NaN,NaN,NaN,NaN,NaN,NaN,NaN,NaN,DB,NW,b,b,150,1010,NaN,NaN,NaN,NaN,
2022112600,g1w.2022,9X-G1W,TD,NONdev,4.9,166.0,15,1010,268,16,268,16,NaN,NaN,NaN,NaN,NaN,NaN,NaN,NaN,NaN,NaN,DB,NW,b,b,150,1010,NaN,NaN,NaN,NaN,
2022112606,g1w.2022,9X-G1W,TD,NONdev,4.9,164.3,15,1010,268,16,268,16,NaN,NaN,NaN,NaN,NaN,NaN,NaN,NaN,NaN,NaN,DB,NW,b,b,150,1010,NaN,NaN,NaN,NaN,
2022112612,g1w.2022,9X-G1W,TD,NONdev,4.9,162.9,15,1009,270,15,270,15,NaN,NaN,NaN,NaN,NaN,NaN,NaN,NaN,NaN,NaN,DB,NW,c,c,150,1010,0.03,NaN,NaN,NaN,
2022112618,g1w.2022,9X-G1W,TD,NONdev,5.6,161.7,15,1010,285,13,285,13,NaN,NaN,NaN,NaN,NaN,NaN,NaN,NaN,NaN,NaN,DB,NW,b,b,150,1010,NaN,NaN,NaN,NaN,
2022112700,g1w.2022,9X-G1W,TD,NONdev,5.8,160.2,15,1009,289,14,289,14,NaN,NaN,NaN,NaN,NaN,NaN,NaN,NaN,NaN,NaN,WV,NW,b,b,150,1010,NaN,NaN,NaN,NaN,
2022112706,g1w.2022,9X-G1W,TD,NONdev,5.9,158.7,15,1007,276,15,276,15,NaN,NaN,NaN,NaN,NaN,NaN,NaN,NaN,NaN,NaN,WV,NW,c,c,160,1008,NaN,NaN,NaN,NaN,
2022120500,g2w.2022,9X-G2W,TD,DEV,1.7,144.2,15,1010,307,5,294,7,NaN,NaN,NaN,NaN,NaN,NaN,NaN,NaN,NaN,NaN,DB,NW,b,b,NaN,NaN,NaN,NaN,NaN,NaN,
2022120506,g2w.2022,9X-G2W,TD,DEV,2.0,143.8,15,1010,307,5,294,7,NaN,NaN,NaN,NaN,NaN,NaN,NaN,NaN,NaN,NaN,DB,NW,b,b,NaN,NaN,NaN,NaN,NaN,NaN,
2022120512,g2w.2022,9X-G2W,TD,DEV,2.3,143.4,15,1010,307,5,294,7,NaN,NaN,NaN,NaN,NaN,NaN,NaN,NaN,NaN,NaN,DB,NW,b,b,NaN,NaN,NaN,NaN,NaN,NaN,
2022120518,g2w.2022,9X-G2W,TD,DEV,2.5,142.4,15,1010,278,11,294,7,NaN,NaN,NaN,NaN,NaN,NaN,NaN,NaN,NaN,NaN,DB,NW,b,b,NaN,NaN,NaN,NaN,NaN,NaN,
2022120600,g2w.2022,9X-G2W,TD,DEV,3.4,141.2,15,1009,278,11,297,9,NaN,NaN,NaN,NaN,NaN,NaN,NaN,NaN,NaN,NaN,DB,NW,b,b,NaN,NaN,NaN,NaN,NaN,NaN,
2022120606,g2w.2022,9X-G2W,TD,DEV,4.3,139.9,15,1009,278,11,299,12,NaN,NaN,NaN,NaN,NaN,NaN,NaN,NaN,NaN,NaN,DB,NW,b,b,NaN,NaN,NaN,NaN,NaN,NaN,
2022120612,g2w.2022,9X-G2W,TD,DEV,5.2,138.7,15,1008,289,11,302,14,NaN,NaN,NaN,NaN,NaN,NaN,NaN,NaN,NaN,NaN,DB,NW,c,c,NaN,NaN,NaN,NaN,NaN,NaN,
2022120618,g2w.2022,9X-G2W,TD,DEV,5.4,138.1,15,1006,320,17,304,13,NaN,NaN,NaN,NaN,NaN,NaN,NaN,NaN,NaN,NaN,DB,NW,b,b,NaN,NaN,NaN,NaN,NaN,NaN,
2022120700,g2w.2022,9X-G2W,TD,DEV,5.6,137.6,15,1005,290,6,290,6,NaN,NaN,NaN,NaN,NaN,NaN,NaN,NaN,NaN,NaN,DB,NW,b,b,NaN,NaN,NaN,NaN,NaN,NaN,
2022120706,g2w.2022,9X-G2W,TD,DEV,5.8,136.9,15,1004,289,6,289,6,NaN,NaN,NaN,NaN,NaN,NaN,NaN,NaN,NaN,NaN,DB,NW,c,c,NaN,NaN,NaN,NaN,NaN,NaN,
2022120712,g2w.2022,9X-G2W,TD,DEV,5.2,137.6,15,1006,180,2,180,2,NaN,NaN,NaN,NaN,NaN,NaN,NaN,NaN,NaN,NaN,DB,NW,c,c,NaN,NaN,NaN,NaN,NaN,NaN,
2022120718,g2w.2022,9X-G2W,TD,DEV,5.8,136.1,15,1010,270,4,270,4,NaN,NaN,NaN,NaN,NaN,NaN,NaN,NaN,NaN,NaN,DB,NW,b,b,NaN,NaN,NaN,NaN,NaN,NaN,
2022120800,g2w.2022,9X-G2W,TD,DEV,6.0,134.8,15,1010,279,10,286,14,NaN,NaN,NaN,NaN,NaN,NaN,NaN,NaN,NaN,NaN,DB,NW,c,c,NaN,NaN,NaN,NaN,NaN,NaN,
2022120806,g2w.2022,9X-G2W,TD,DEV,6.5,133.9,20,1008,285,10,288,11,NaN,NaN,NaN,NaN,NaN,NaN,NaN,NaN,NaN,NaN,DB,NW,C,C,150,1008,NaN,S,NaN,NaN,
2022120812,g2w.2022,9X-G2W,TD,DEV,7.2,132.9,20,1008,295,12,302,11,NaN,NaN,NaN,NaN,NaN,NaN,NaN,NaN,NaN,NaN,DB,NW,C,C,150,1008,NaN,S,NaN,NaN,
2022120818,g2w.2022,9X-G2W,TD,DEV,8.0,131.9,20,1003,305,12,307,12,NaN,NaN,NaN,NaN,NaN,NaN,NaN,NaN,NaN,NaN,DB,NW,C,C,150,1004,NaN,S,NaN,NaN,
2022120900,g2w.2022,9X-G2W,TD,DEV,8.7,131.0,20,1005,310,12,309,12,NaN,NaN,NaN,NaN,NaN,NaN,NaN,NaN,NaN,NaN,DB,NW,C,C,150,1007,NaN,S,NaN,NaN,
2022120906,g2w.2022,9X-G2W,TD,DEV,9.7,128.2,20,1007,305,19,295,20,NaN,NaN,NaN,NaN,NaN,NaN,NaN,NaN,NaN,NaN,DB,NW,C,C,150,1007,NaN,S,NaN,NaN,
2022120912,g2w.2022,9X-G2W,TD,DEV,12.1,127.0,20,1005,310,18,311,26,NaN,NaN,NaN,NaN,NaN,NaN,NaN,NaN,NaN,NaN,DB,NW,C,C,150,1007,NaN,S,NaN,NaN,
2022120918,g2w.2022,9X-G2W,TD,DEV,13.1,125.8,20,1003,315,17,325,21,NaN,NaN,NaN,NaN,NaN,NaN,NaN,NaN,NaN,NaN,DB,NW,C,C,290,1005,NaN,S,NaN,NaN,
2022121000,g2w.2022,9X-G2W,TD,DEV,14.4,124.9,20,1003,320,16,318,15,NaN,NaN,NaN,NaN,NaN,NaN,NaN,NaN,NaN,NaN,DB,NW,C,C,240,1007,NaN,S,NaN,NaN,
2022121006,g2w.2022,9X-G2W,TD,DEV,15.9,124.3,20,1003,325,15,333,16,NaN,NaN,NaN,NaN,NaN,NaN,NaN,NaN,NaN,NaN,DB,NW,C,C,240,1007,NaN,S,NaN,NaN,
2022121012,g2w.2022,9X-G2W,TD,DEV,16.0,124.7,20,1005,340,10,353,8,NaN,NaN,NaN,NaN,NaN,NaN,NaN,NaN,NaN,NaN,DB,NW,C,C,200,1007,NaN,M,35,NaN,
2022121806,g3w.2022,9X-G3W,TD,NONdev,4.2,128.2,15,1010,85,11,85,11,NaN,NaN,NaN,NaN,NaN,NaN,NaN,NaN,NaN,NaN,DB,NW,b,b,NaN,NaN,NaN,NaN,NaN,NaN,
2022121812,g3w.2022,9X-G3W,TD,NONdev,4.4,128.4,15,1010,85,11,85,11,NaN,NaN,NaN,NaN,NaN,NaN,NaN,NaN,NaN,NaN,DB,NW,b,b,NaN,NaN,NaN,NaN,NaN,NaN,
2022121818,g3w.2022,9X-G3W,TD,NONdev,4.4,130.3,10,1014,85,11,85,11,NaN,NaN,NaN,NaN,NaN,NaN,NaN,NaN,NaN,NaN,DB,NW,b,b,NaN,NaN,NaN,NaN,NaN,NaN,
2022121900,g3w.2022,9X-G3W,TD,NONdev,5.0,128.5,15,1014,9,3,9,3,NaN,NaN,NaN,NaN,NaN,NaN,NaN,NaN,NaN,NaN,DB,NW,c,c,NaN,NaN,NaN,NaN,NaN,NaN,
2022121906,g3w.2022,9X-G3W,TD,NONdev,5.4,128.3,15,1014,344,4,297,11,NaN,NaN,NaN,NaN,NaN,NaN,NaN,NaN,NaN,NaN,DB,NW,c,c,NaN,NaN,NaN,NaN,NaN,NaN,
2022121912,g3w.2022,9X-G3W,TD,NONdev,4.6,129.1,15,1010,63,2,124,4,NaN,NaN,NaN,NaN,NaN,NaN,NaN,NaN,NaN,NaN,DB,NW,c,c,NaN,NaN,NaN,NaN,NaN,NaN,
2022121918,g3w.2022,9X-G3W,TD,NONdev,4.7,128.8,15,1010,145,4,145,4,NaN,NaN,NaN,NaN,NaN,NaN,NaN,NaN,NaN,NaN,DB,NW,b,b,NaN,NaN,NaN,NaN,NaN,NaN,
2022122000,g3w.2022,9X-G3W,TD,NONdev,5.2,128.5,10,1014,315,4,315,4,NaN,NaN,NaN,NaN,NaN,NaN,NaN,NaN,NaN,NaN,DB,NW,b,b,150,1003,NaN,NaN,NaN,NaN,
2022121918,g4w.2022,9X-G4W,TD,NONdev,2.5,142.0,15,1010,6,5,6,5,NaN,NaN,NaN,NaN,NaN,NaN,NaN,NaN,NaN,NaN,DB,NW,b,b,NaN,NaN,NaN,NaN,NaN,NaN,
2022122000,g4w.2022,9X-G4W,TD,NONdev,3.0,142.1,15,1010,6,5,6,5,NaN,NaN,NaN,NaN,NaN,NaN,NaN,NaN,NaN,NaN,DB,NW,b,b,NaN,NaN,NaN,NaN,NaN,NaN,
2022122006,g4w.2022,9X-G4W,TD,NONdev,3.5,142.1,15,1010,6,5,6,5,NaN,NaN,NaN,NaN,NaN,NaN,NaN,NaN,NaN,NaN,DB,NW,c,c,NaN,NaN,NaN,NaN,NaN,NaN,
2022122012,g4w.2022,9X-G4W,TD,NONdev,4.1,142.1,15,1004,360,6,360,5,NaN,NaN,NaN,NaN,NaN,NaN,NaN,NaN,NaN,NaN,DB,NW,c,c,NaN,NaN,NaN,NaN,NaN,NaN,
2022122018,g4w.2022,9X-G4W,TD,NONdev,4.5,144.7,15,1004,360,6,218,12,NaN,NaN,NaN,NaN,NaN,NaN,NaN,NaN,NaN,NaN,DB,NW,c,c,NaN,NaN,NaN,NaN,NaN,NaN,
2022122100,g4w.2022,9X-G4W,TD,NONdev,4.9,147.3,15,1003,333,8,75,18,NaN,NaN,NaN,NaN,NaN,NaN,NaN,NaN,NaN,NaN,DB,NW,c,c,NaN,NaN,NaN,NaN,NaN,NaN,
2022122106,g4w.2022,9X-G4W,TD,NONdev,5.8,145.7,15,1004,333,8,142,16,NaN,NaN,NaN,NaN,NaN,NaN,NaN,NaN,NaN,NaN,DB,NW,c,c,NaN,NaN,NaN,NaN,NaN,NaN,
2022122112,g4w.2022,9X-G4W,TD,NONdev,6.8,144.1,15,1005,333,8,210,13,NaN,NaN,NaN,NaN,NaN,NaN,NaN,NaN,NaN,NaN,DB,NW,c,c,NaN,NaN,NaN,NaN,NaN,NaN,
2022122118,g4w.2022,9X-G4W,TD,NONdev,7.7,142.4,15,1006,333,8,277,10,NaN,NaN,NaN,NaN,NaN,NaN,NaN,NaN,NaN,NaN,DB,NW,c,c,NaN,NaN,NaN,NaN,NaN,NaN,
2022122200,g4w.2022,9X-G4W,TD,NONdev,8.6,140.8,15,1007,343,8,344,8,NaN,NaN,NaN,NaN,NaN,NaN,NaN,NaN,NaN,NaN,DB,NW,c,c,NaN,NaN,NaN,NaN,NaN,NaN,
2022122206,g4w.2022,9X-G4W,TD,NONdev,10.8,141.0,20,1007,352,11,313,17,NaN,NaN,NaN,NaN,NaN,NaN,NaN,NaN,NaN,NaN,DB,NW,c,c,NaN,NaN,NaN,NaN,NaN,NaN,
2022122212,g4w.2022,9X-G4W,TD,NONdev,12.0,140.5,20,1007,323,11,355,17,NaN,NaN,NaN,NaN,NaN,NaN,NaN,NaN,NaN,NaN,DB,NW,c,c,NaN,NaN,NaN,NaN,NaN,NaN,
2022122518,g5w.2022,9X-G5W,TD,NONdev,8.0,128.5,15,1010,299,5,299,5,NaN,NaN,NaN,NaN,NaN,NaN,NaN,NaN,NaN,NaN,DB,NW,b,b,NaN,NaN,NaN,NaN,NaN,NaN,
2022122600,g5w.2022,9X-G5W,TD,NONdev,8.2,128.0,15,1010,299,5,299,5,NaN,NaN,NaN,NaN,NaN,NaN,NaN,NaN,NaN,NaN,DB,NW,b,b,NaN,NaN,NaN,NaN,NaN,NaN,
2022122606,g5w.2022,9X-G5W,TD,NONdev,8.5,127.6,15,1010,299,5,299,5,NaN,NaN,NaN,NaN,NaN,NaN,NaN,NaN,NaN,NaN,DB,NW,b,b,NaN,NaN,NaN,NaN,NaN,NaN,
2022122612,g5w.2022,9X-G5W,TD,NONdev,8.7,127.0,15,1008,297,6,297,6,NaN,NaN,NaN,NaN,NaN,NaN,NaN,NaN,NaN,NaN,DB,NW,c,c,NaN,NaN,NaN,NaN,NaN,NaN,
2022122618,g5w.2022,9X-G5W,TD,NONdev,8.8,128.1,15,1008,297,6,225,6,NaN,NaN,NaN,NaN,NaN,NaN,NaN,NaN,NaN,NaN,DB,NW,c,c,NaN,NaN,NaN,NaN,NaN,NaN,
2022122700,g5w.2022,9X-G5W,TD,NONdev,8.8,129.2,15,1008,297,6,153,7,NaN,NaN,NaN,NaN,NaN,NaN,NaN,NaN,NaN,NaN,DB,NW,c,c,NaN,NaN,NaN,NaN,NaN,NaN,
2022122706,g5w.2022,9X-G5W,TD,NONdev,8.9,130.3,15,1008,293,6,81,7,NaN,NaN,NaN,NaN,NaN,NaN,NaN,NaN,NaN,NaN,DB,NW,c,c,NaN,NaN,NaN,NaN,NaN,NaN,
2022122712,g5w.2022,9X-G5W,TD,NONdev,9.0,129.6,15,1008,283,7,83,6,NaN,NaN,NaN,NaN,NaN,NaN,NaN,NaN,NaN,NaN,DB,NW,c,c,NaN,NaN,NaN,NaN,NaN,NaN,
2022122718,g5w.2022,9X-G5W,TD,NONdev,7.1,130.6,15,1007,171,9,171,9,NaN,NaN,NaN,NaN,NaN,NaN,NaN,NaN,NaN,NaN,DB,NW,b,b,NaN,NaN,NaN,NaN,NaN,NaN,
2022122800,g5w.2022,9X-G5W,TD,NONdev,7.4,130.1,15,1007,163,8,163,8,NaN,NaN,NaN,NaN,NaN,NaN,NaN,NaN,NaN,NaN,DB,NW,b,b,NaN,NaN,NaN,NaN,NaN,NaN,
2022122806,g5w.2022,9X-G5W,TD,NONdev,7.6,129.5,15,1007,295,6,295,6,NaN,NaN,NaN,NaN,NaN,NaN,NaN,NaN,NaN,NaN,DB,NW,c,c,NaN,NaN,NaN,NaN,NaN,NaN,
2022111012,g6w.2022,9X-G6W,TD,DEV,19.5,169.7,15,1010,291,6,291,6,NaN,NaN,NaN,NaN,NaN,NaN,NaN,NaN,NaN,NaN,DB,NW,b,b,NaN,NaN,NaN,NaN,NaN,NaN,
2022111018,g6w.2022,9X-G6W,TD,DEV,19.7,169.1,15,1010,291,6,291,6,NaN,NaN,NaN,NaN,NaN,NaN,NaN,NaN,NaN,NaN,DB,NW,b,b,NaN,NaN,NaN,NaN,NaN,NaN,
2022111100,g6w.2022,9X-G6W,TD,DEV,19.9,168.6,15,1010,291,6,291,6,NaN,NaN,NaN,NaN,NaN,NaN,NaN,NaN,NaN,NaN,DB,NW,b,b,NaN,NaN,NaN,NaN,NaN,NaN,
2022111106,g6w.2022,9X-G6W,TD,DEV,20.0,168.1,15,1010,288,5,288,5,NaN,NaN,NaN,NaN,NaN,NaN,NaN,NaN,NaN,NaN,DB,NW,c,c,NaN,NaN,NaN,NaN,NaN,NaN,
2022111112,g6w.2022,9X-G6W,TD,DEV,20.2,166.6,15,1009,279,10,279,10,NaN,NaN,NaN,NaN,NaN,NaN,NaN,NaN,NaN,NaN,DB,NW,c,c,NaN,NaN,NaN,NaN,NaN,NaN,
2022111118,g6w.2022,9X-G6W,TD,DEV,20.4,167.0,20,1009,290,5,291,6,NaN,NaN,NaN,NaN,NaN,NaN,NaN,NaN,NaN,NaN,DB,NW,C,C,100,1012,NaN,S,70,NaN,
2022111200,g6w.2022,9X-G6W,TD,DEV,20.4,165.8,20,1008,280,7,285,4,NaN,NaN,NaN,NaN,NaN,NaN,NaN,NaN,NaN,NaN,DB,NW,C,C,100,1012,NaN,S,70,NaN,
2022111206,g6w.2022,9X-G6W,TD,DEV,20.6,165.4,20,1008,285,7,278,8,NaN,NaN,NaN,NaN,NaN,NaN,NaN,NaN,NaN,NaN,DB,NW,C,C,100,1010,NaN,S,70,NaN,
2022111718,g7w.2022,9X-G7W,TD,NONdev,5.8,113.9,15,1010,293,4,293,4,NaN,NaN,NaN,NaN,NaN,NaN,NaN,NaN,NaN,NaN,DB,NW,b,b,NaN,NaN,NaN,NaN,NaN,NaN,
2022111800,g7w.2022,9X-G7W,TD,NONdev,5.9,113.6,15,1010,293,4,293,4,NaN,NaN,NaN,NaN,NaN,NaN,NaN,NaN,NaN,NaN,DB,NW,b,b,NaN,NaN,NaN,NaN,NaN,NaN,
2022111806,g7w.2022,9X-G7W,TD,NONdev,6.1,113.2,15,1010,293,4,293,4,NaN,NaN,NaN,NaN,NaN,NaN,NaN,NaN,NaN,NaN,DB,NW,c,c,NaN,NaN,NaN,NaN,NaN,NaN,
2022111812,g7w.2022,9X-G7W,TD,NONdev,6.5,112.9,15,1006,311,5,311,5,NaN,NaN,NaN,NaN,NaN,NaN,NaN,NaN,NaN,NaN,DB,NW,c,c,NaN,NaN,NaN,NaN,NaN,NaN,
2022111818,g7w.2022,9X-G7W,TD,NONdev,6.8,112.5,15,1006,311,5,315,5,NaN,NaN,NaN,NaN,NaN,NaN,NaN,NaN,NaN,NaN,DB,NW,c,c,NaN,NaN,NaN,NaN,NaN,NaN,
2022111900,g7w.2022,9X-G7W,TD,NONdev,8.1,111.6,15,1005,318,13,321,10,NaN,NaN,NaN,NaN,NaN,NaN,NaN,NaN,NaN,NaN,DB,NW,c,c,NaN,NaN,NaN,NaN,NaN,NaN,
2022111906,g7w.2022,9X-G7W,TD,NONdev,8.8,110.7,15,1006,315,13,318,13,NaN,NaN,NaN,NaN,NaN,NaN,NaN,NaN,NaN,NaN,DB,NW,c,c,NaN,NaN,NaN,NaN,NaN,NaN,
2022111912,g7w.2022,9X-G7W,TD,NONdev,8.6,110.3,15,1004,291,7,291,7,NaN,NaN,NaN,NaN,NaN,NaN,NaN,NaN,NaN,NaN,DB,NW,c,c,165,1006,NaN,NaN,20,NaN,
2022111918,g7w.2022,9X-G7W,TD,NONdev,8.3,109.7,15,1004,274,6,243,6,NaN,NaN,NaN,NaN,NaN,NaN,NaN,NaN,NaN,NaN,DB,NW,c,c,NaN,NaN,NaN,NaN,NaN,NaN,
2022112000,g7w.2022,9X-G7W,TD,NONdev,8.4,108.9,20,1003,275,7,262,7,NaN,NaN,NaN,NaN,NaN,NaN,NaN,NaN,NaN,NaN,DB,NW,C,C,195,1007,NaN,S,55,NaN,
2022112006,g7w.2022,9X-G7W,TD,NONdev,8.5,108.1,20,1003,280,8,277,8,NaN,NaN,NaN,NaN,NaN,NaN,NaN,NaN,NaN,NaN,DB,NW,C,C,210,1007,NaN,S,50,NaN,
2022112012,g7w.2022,9X-G7W,TD,NONdev,8.5,107.7,20,1004,275,7,275,6,NaN,NaN,NaN,NaN,NaN,NaN,NaN,NaN,NaN,NaN,DB,NW,C,C,200,1006,NaN,S,50,NaN,
2022112018,g7w.2022,9X-G7W,TD,NONdev,8.8,108.1,20,1004,295,3,360,2,NaN,NaN,NaN,NaN,NaN,NaN,NaN,NaN,NaN,NaN,DB,NW,C,C,190,1006,NaN,S,50,NaN,
2022112100,g7w.2022,9X-G7W,TD,NONdev,9.0,108.1,20,1004,320,2,38,3,NaN,NaN,NaN,NaN,NaN,NaN,NaN,NaN,NaN,NaN,DB,NW,C,C,190,1006,NaN,S,50,NaN,
2022112106,g7w.2022,9X-G7W,TD,NONdev,8.7,108.0,15,1004,297,2,225,1,NaN,NaN,NaN,NaN,NaN,NaN,NaN,NaN,NaN,NaN,DB,NW,c,c,180,1006,NaN,NaN,35,NaN,
2022112112,g7w.2022,9X-G7W,TD,NONdev,8.9,107.9,15,1005,315,2,243,1,NaN,NaN,NaN,NaN,NaN,NaN,NaN,NaN,NaN,NaN,DB,NW,c,c,180,1006,NaN,NaN,35,NaN,
2022112118,g7w.2022,9X-G7W,TD,NONdev,9.0,107.0,15,1010,287,5,287,5,NaN,NaN,NaN,NaN,NaN,NaN,NaN,NaN,NaN,NaN,DB,NW,b,b,100,1006,NaN,NaN,35,NaN,
2022090400,z0w.2022,9X-Z0W,TD,DEV,26.0,145.8,15,NaN,310,8,237,6,NaN,NaN,NaN,NaN,NaN,NaN,NaN,NaN,NaN,NaN,NT,NW,c,c,NaN,NaN,NaN,NaN,NaN,NaN,
2022090406,z0w.2022,9X-Z0W,TD,DEV,25.9,145.4,15,NaN,290,6,237,6,NaN,NaN,NaN,NaN,NaN,NaN,NaN,NaN,NaN,NaN,NT,NW,c,c,NaN,NaN,NaN,NaN,NaN,NaN,
2022090412,z0w.2022,9X-Z0W,TD,DEV,25.3,144.6,15,1008,255,6,237,6,NaN,NaN,NaN,NaN,NaN,NaN,NaN,NaN,NaN,NaN,DB,NW,c,c,150,1010,NaN,NaN,NaN,NaN,
2022090418,z0w.2022,9X-Z0W,TD,DEV,24.9,143.5,15,1007,249,8,240,10,NaN,NaN,NaN,NaN,NaN,NaN,NaN,NaN,NaN,NaN,DB,NW,c,c,150,1009,NaN,NaN,NaN,NaN,
2022090500,z0w.2022,9X-Z0W,TD,DEV,24.6,142.1,15,1007,251,11,253,12,NaN,NaN,NaN,NaN,NaN,NaN,NaN,NaN,NaN,NaN,DB,NW,c,c,160,1009,NaN,NaN,35,NaN,
2022090506,z0w.2022,9X-Z0W,TD,DEV,24.4,140.7,15,1006,259,13,259,13,NaN,NaN,NaN,NaN,NaN,NaN,NaN,NaN,NaN,NaN,DB,NW,c,c,160,1008,NaN,NaN,35,NaN,
2022090512,z0w.2022,9X-Z0W,TD,DEV,24.1,139.4,20,1008,260,13,259,13,NaN,NaN,NaN,NaN,NaN,NaN,NaN,NaN,NaN,NaN,DB,NW,C,C,160,1011,NaN,S,60,NaN,
2022090518,z0w.2022,9X-Z0W,TD,DEV,23.2,138.3,25,1006,250,12,241,13,NaN,NaN,NaN,NaN,NaN,NaN,NaN,NaN,NaN,NaN,DB,NW,C,C,140,1008,NaN,S,35,NaN,
2022090600,z0w.2022,9X-Z0W,TD,DEV,22.5,137.4,20,1005,240,12,229,12,NaN,NaN,NaN,NaN,NaN,NaN,NaN,NaN,NaN,NaN,DB,NW,C,C,140,1008,NaN,S,35,NaN,
2022090606,z0w.2022,9X-Z0W,TD,DEV,21.6,137.0,20,1005,225,11,217,10,NaN,NaN,NaN,NaN,NaN,NaN,NaN,NaN,NaN,NaN,DB,NW,C,C,135,1008,NaN,S,35,NaN,
2022053118,a1l.2022,9X-A1L,TS,NN,17.2,271.3,20,1008,40,6,40,6,NaN,NaN,NaN,NaN,NaN,NaN,NaN,NaN,NaN,NaN,DB,NW,B,B,150,1010,0.69,NaN,100,NaN,
2022060100,a1l.2022,9X-A1L,TS,NN,17.6,271.7,20,1008,40,6,40,6,NaN,NaN,NaN,NaN,NaN,NaN,NaN,NaN,NaN,NaN,DB,NW,B,B,150,1010,0.71,NaN,100,NaN,
2022060106,a1l.2022,9X-A1L,TS,NN,18.1,272.1,25,1007,40,6,40,6,NaN,NaN,NaN,NaN,NaN,NaN,NaN,NaN,NaN,NaN,DB,NW,B,B,120,1009,0.32,NaN,100,NaN,
2022060112,a1l.2022,9X-A1L,TS,NN,18.6,272.4,25,1007,34,6,34,6,NaN,NaN,NaN,NaN,NaN,NaN,NaN,NaN,NaN,NaN,DB,NW,B,B,120,1008,0.21,S,100,NaN,
2022060118,a1l.2022,9X-A1L,TS,NN,19.1,272.7,25,1007,30,6,30,6,NaN,NaN,NaN,NaN,NaN,NaN,NaN,NaN,NaN,NaN,DB,NW,B,B,180,1008,0.37,S,120,NaN,
2022060200,a1l.2022,9X-A1L,TS,NN,19.6,272.9,30,1004,25,6,25,6,NaN,NaN,NaN,NaN,NaN,NaN,NaN,NaN,NaN,NaN,DB,NW,B,B,200,1008,NaN,S,100,NaN,
2022060206,a1l.2022,9X-A1L,TS,NN,20.3,273.1,30,1003,17,6,17,6,NaN,NaN,NaN,NaN,NaN,NaN,NaN,NaN,NaN,NaN,DB,NW,B,B,200,1008,0.41,S,100,NaN,
2022060212,a1l.2022,9X-A1L,TS,NN,21.0,272.9,30,1003,360,7,360,7,NaN,NaN,NaN,NaN,NaN,NaN,NaN,NaN,NaN,NaN,DB,NW,B,B,200,1008,0.62,S,100,NaN,
2022060218,01l.2022,ALEX,TS,NN,21.3,272.5,30,1004,32,4,331,6,NaN,NaN,NaN,NaN,NaN,NaN,NaN,NaN,NaN,NaN,DB,WN,B,B,200,1008,0.54,S,80,JLB,
2022060300,01l.2022,ALEX,TS,NN,21.6,272.7,30,1003,32,4,343,3,NaN,NaN,NaN,NaN,NaN,NaN,NaN,NaN,NaN,NaN,DB,WN,B,B,200,1008,0.54,S,80,ASL,
2022060306,01l.2022,ALEX,TS,NN,21.9,272.9,35,1003,32,4,32,4,60,60,60,,,NaN,NaN,NaN,NaN,NaN,DB,WN,B,B,250,1008,0.03,S,80,RJB,
2022060312,01l.2022,ALEX,TS,NN,22.2,273.1,35,1003,32,4,32,4,90,90,90,,,NaN,NaN,NaN,NaN,NaN,DB,WN,B,B,250,1008,0.03,S,120,JLB,
2022060318,01l.2022,ALEX,TS,NN,22.8,273.7,35,1003,39,6,39,6,135,90,180,,,NaN,NaN,NaN,NaN,NaN,DB,WN,B,B,250,1009,NaN,S,180,JLB,
2022060400,01l.2022,ALEX,TS,NN,23.9,274.9,35,1003,44,12,44,12,210,,210,,,NaN,NaN,NaN,NaN,NaN,DB,WN,B,B,250,1008,NaN,S,180,JPC,
2022060406,01l.2022,ALEX,TS,NN,25.0,276.3,35,1003,47,16,47,16,210,,210,,,NaN,NaN,NaN,NaN,NaN,DB,WN,B,B,270,1008,NaN,S,180,RJB,
2022060412,01l.2022,ALEX,TS,NN,26.2,278.0,35,1002,51,18,51,18,210,,210,,,NaN,NaN,NaN,NaN,NaN,DB,WN,B,B,300,1009,0.18,S,150,JLB,
2022060418,01l.2022,ALEX,TS,NN,27.2,279.6,40,1001,53,18,53,18,150,90,210,,,NaN,NaN,NaN,NaN,NaN,DB,WN,B,B,300,1009,0.71,S,120,JLB,
2022060500,01l.2022,ALEX,TS,NN,28.0,281.2,40,999,58,17,58,17,165,150,180,,,NaN,NaN,NaN,NaN,NaN,TS,WN,B,B,300,1008,NaN,S,90,JPC,
2022060506,01l.2022,ALEX,TS,NN,28.8,282.8,45,995,60,16,60,16,120,150,180,,30,NaN,NaN,NaN,NaN,NaN,TS,WN,B,B,300,1008,NaN,M,80,PPP,
2022060512,01l.2022,ALEX,TS,NN,29.9,285.0,50,993,60,19,60,19,123,150,180,,40,90,,90,,,TS,WN,B,B,300,1008,NaN,M,80,JLB,
2022060518,01l.2022,ALEX,TS,NN,31.0,287.5,60,985,62,23,62,23,120,160,180,60,80,53,,90,60,40,TS,WN,B,B,300,1008,NaN,M,60,JLB,
2022060600,01l.2022,ALEX,TS,NN,32.1,289.8,60,984,62,23,62,23,135,180,180,90,90,57,,90,90,40,TS,WN,B,B,200,1008,NaN,M,50,DPB,
2022060606,01l.2022,ALEX,TS,NN,33.0,292.2,55,987,63,22,63,22,135,180,180,90,90,57,,90,90,40,TS,WN,B,B,250,1010,NaN,M,50,PPP,
2022060612,01l.2022,ALEX,TS,NN,33.8,294.8,55,992,68,23,68,23,135,180,180,90,90,57,,90,90,40,LO,WN,B,B,250,1012,NaN,M,50,RJP,
2022060618,01l.2022,ALEX,TS,NN,34.7,297.8,50,994,70,25,70,25,135,180,180,90,90,57,,90,90,40,LO,WN,B,B,270,1013,NaN,M,50,DAZ,
2022062218,a4l.2022,9X-A4L,TY,NN,6.2,341.1,15,NaN,281,10,281,10,NaN,NaN,NaN,NaN,NaN,NaN,NaN,NaN,NaN,NaN,DB,NW,B,B,NaN,NaN,NaN,NaN,NaN,NaN,
2022062300,a4l.2022,9X-A4L,TY,NN,6.4,340.5,15,NaN,281,10,281,10,NaN,NaN,NaN,NaN,NaN,NaN,NaN,NaN,NaN,NaN,DB,NW,B,B,NaN,NaN,NaN,NaN,NaN,NaN,
2022062306,a4l.2022,9X-A4L,TY,NN,6.6,339.1,15,NaN,281,10,281,10,NaN,NaN,NaN,NaN,NaN,NaN,NaN,NaN,NaN,NaN,DB,NW,B,B,NaN,NaN,NaN,NaN,NaN,NaN,
2022062312,a4l.2022,9X-A4L,TY,NN,6.8,337.8,15,NaN,278,14,278,14,NaN,NaN,NaN,NaN,NaN,NaN,NaN,NaN,NaN,NaN,DB,NW,B,B,NaN,NaN,NaN,NaN,NaN,NaN,
2022062318,a4l.2022,9X-A4L,TY,NN,6.9,336.4,15,1012,276,13,276,13,NaN,NaN,NaN,NaN,NaN,NaN,NaN,NaN,NaN,NaN,DB,NW,B,B,200,1014,NaN,S,50,NaN,
2022062400,a4l.2022,9X-A4L,TY,NN,7.0,334.8,20,1012,274,15,274,15,NaN,NaN,NaN,NaN,NaN,NaN,NaN,NaN,NaN,NaN,DB,NW,B,B,200,1014,NaN,S,70,NaN,
2022062406,a4l.2022,9X-A4L,TY,NN,7.5,332.5,20,1012,279,20,279,20,NaN,NaN,NaN,NaN,NaN,NaN,NaN,NaN,NaN,NaN,DB,NW,B,B,200,1014,NaN,S,70,NaN,
2022062412,a4l.2022,9X-A4L,TY,NN,7.7,330.6,20,1012,280,21,280,21,NaN,NaN,NaN,NaN,NaN,NaN,NaN,NaN,NaN,NaN,DB,NW,B,B,200,1013,NaN,S,70,NaN,
2022062418,a4l.2022,9X-A4L,TY,NN,7.7,328.5,20,1012,273,20,273,20,NaN,NaN,NaN,NaN,NaN,NaN,NaN,NaN,NaN,NaN,DB,NW,B,B,200,1013,NaN,S,100,NaN,
2022062500,a4l.2022,9X-A4L,TY,NN,7.9,327.1,20,1011,273,17,273,17,NaN,NaN,NaN,NaN,NaN,NaN,NaN,NaN,NaN,NaN,DB,NW,B,B,200,1013,NaN,S,100,NaN,
2022062506,a4l.2022,9X-A4L,TY,NN,8.1,325.8,20,1011,279,14,279,14,NaN,NaN,NaN,NaN,NaN,NaN,NaN,NaN,NaN,NaN,DB,NW,B,B,200,1013,NaN,S,100,NaN,
2022062512,a4l.2022,9X-A4L,TY,NN,8.2,324.7,20,1011,277,12,277,12,NaN,NaN,NaN,NaN,NaN,NaN,NaN,NaN,NaN,NaN,DB,NW,B,B,200,1013,NaN,S,100,NaN,
2022062518,a4l.2022,9X-A4L,TY,NN,8.1,323.1,20,1011,270,13,270,13,NaN,NaN,NaN,NaN,NaN,NaN,NaN,NaN,NaN,NaN,DB,NW,B,B,200,1013,NaN,S,100,NaN,
2022062600,a4l.2022,9X-A4L,TY,NN,8.0,321.7,20,1011,266,15,266,15,NaN,NaN,NaN,NaN,NaN,NaN,NaN,NaN,NaN,NaN,DB,NW,B,B,200,1013,NaN,S,100,NaN,
2022062606,a4l.2022,9X-A4L,TY,NN,7.8,319.5,25,1010,265,18,265,18,NaN,NaN,NaN,NaN,NaN,NaN,NaN,NaN,NaN,NaN,DB,NW,B,B,200,1013,NaN,S,100,NaN,
2022062612,a4l.2022,9X-A4L,TY,NN,7.8,317.2,25,1009,267,22,267,22,NaN,NaN,NaN,NaN,NaN,NaN,NaN,NaN,NaN,NaN,DB,NW,B,B,200,1013,NaN,S,90,NaN,
2022062618,a4l.2022,9X-A4L,TY,NN,7.8,315.5,30,1007,270,20,270,20,NaN,NaN,NaN,NaN,NaN,NaN,NaN,NaN,NaN,NaN,DB,NW,B,B,200,1013,NaN,S,90,NaN,
2022062700,a4l.2022,9X-A4L,TY,NN,7.9,314.4,30,1007,272,14,272,14,NaN,NaN,NaN,NaN,NaN,NaN,NaN,NaN,NaN,NaN,DB,NW,B,B,150,1011,NaN,S,90,NaN,
2022062706,a4l.2022,9X-A4L,TY,NN,8.0,312.5,30,1008,274,15,274,15,NaN,NaN,NaN,NaN,NaN,NaN,NaN,NaN,NaN,NaN,DB,NW,B,B,150,1011,NaN,S,90,NaN,
2022062712,a4l.2022,9X-A4L,TY,NN,8.2,311.0,30,1009,275,17,275,17,NaN,NaN,NaN,NaN,NaN,NaN,NaN,NaN,NaN,NaN,DB,NW,B,B,150,1012,NaN,S,90,NaN,
2022062718,02l.2022,BONNIE,TY,NN,8.3,309.5,35,1009,282,19,276,15,110,100,,,120,NaN,NaN,NaN,NaN,NaN,DB,WN,B,B,150,1012,NaN,S,120,RJP,
2022062800,02l.2022,BONNIE,TY,NN,8.7,307.8,35,1009,282,19,279,16,110,100,,,120,NaN,NaN,NaN,NaN,NaN,DB,WN,B,B,150,1012,NaN,S,120,RJB,
2022062806,02l.2022,BONNIE,TY,NN,9.1,305.8,35,1009,282,19,282,19,110,100,,,120,NaN,NaN,NaN,NaN,NaN,DB,WN,B,B,150,1012,NaN,S,120,ESB,
2022062812,02l.2022,BONNIE,TY,NN,9.6,303.5,35,1009,282,22,282,22,105,100,,,110,NaN,NaN,NaN,NaN,NaN,DB,WN,B,B,150,1012,NaN,S,110,RJP,
2022062818,02l.2022,BONNIE,TY,NN,10.2,301.1,35,1009,283,24,283,24,105,100,,,110,NaN,NaN,NaN,NaN,NaN,DB,WN,B,B,150,1012,NaN,S,100,RJP,
2022062900,02l.2022,BONNIE,TY,NN,10.7,298.4,35,1009,282,26,282,26,100,100,,,100,NaN,NaN,NaN,NaN,NaN,DB,WN,B,B,150,1012,0.40,S,90,JLB,
2022062906,02l.2022,BONNIE,TY,NN,11.1,296.0,35,1009,280,25,280,25,100,100,,,100,NaN,NaN,NaN,NaN,NaN,DB,WN,B,B,180,1012,0.16,S,80,ESB,
2022062912,02l.2022,BONNIE,TY,NN,11.4,293.8,35,1009,279,23,279,23,100,100,,,100,NaN,NaN,NaN,NaN,NaN,DB,WN,B,B,150,1012,NaN,S,80,RJP,
2022062918,02l.2022,BONNIE,TY,NN,11.7,292.0,35,1009,279,20,279,20,100,100,,,100,NaN,NaN,NaN,NaN,NaN,DB,WN,B,B,120,1012,0.02,S,80,RJP,
2022063000,02l.2022,BONNIE,TY,NN,11.9,290.3,35,1009,278,17,278,17,90,90,,,90,NaN,NaN,NaN,NaN,NaN,DB,WN,B,B,120,1012,0.12,M,80,JLB,
2022063006,02l.2022,BONNIE,TY,NN,12.0,288.6,35,1009,275,17,275,17,70,70,,,70,NaN,NaN,NaN,NaN,NaN,DB,WN,B,B,120,1012,0.53,M,70,RJB,
2022063012,02l.2022,BONNIE,TY,NN,12.0,286.9,35,1008,272,17,272,17,65,70,,,60,NaN,NaN,NaN,NaN,NaN,DB,WN,B,B,120,1011,0.08,M,60,RJP,
2022063018,02l.2022,BONNIE,TY,NN,12.0,285.1,35,1007,270,17,270,17,65,70,,,60,NaN,NaN,NaN,NaN,NaN,DB,WN,B,B,120,1011,NaN,M,60,RJP,
2022070100,02l.2022,BONNIE,TY,NN,11.9,283.3,35,1005,268,18,268,18,65,70,,,60,NaN,NaN,NaN,NaN,NaN,DB,WN,B,B,120,1009,NaN,M,50,JLB,
2022070106,02l.2022,BONNIE,TY,NN,11.6,281.5,35,1005,264,18,264,18,70,80,,,60,NaN,NaN,NaN,NaN,NaN,TS,WN,B,B,120,1009,NaN,M,50,RJB,
2022070112,02l.2022,BONNIE,TY,NN,11.3,279.8,35,1005,260,17,260,17,80,100,,,60,NaN,NaN,NaN,NaN,NaN,TS,WN,B,B,120,1009,NaN,M,40,WAH,
2022070118,02l.2022,BONNIE,TY,NN,11.2,278.2,40,1004,263,16,263,16,80,100,,,60,NaN,NaN,NaN,NaN,NaN,TS,WN,B,B,120,1009,NaN,M,30,JPC,
2022070200,02l.2022,BONNIE,TY,NN,10.9,276.9,50,996,262,14,262,14,52,100,30,20,60,10,10,10,20,,TS,WN,B,B,120,1008,NaN,M,10,JLB,
2022070206,02l.2022,BONNIE,TY,NN,11.1,275.5,40,1000,268,13,268,13,50,60,,,40,NaN,NaN,NaN,NaN,NaN,TS,WN,B,B,120,1008,0.90,M,20,PPP,
2022070212,02l.2022,BONNIE,TY,NN,11.2,274.1,35,1002,276,14,276,14,50,60,,,40,NaN,NaN,NaN,NaN,NaN,TS,NW,B,B,90,1008,0.27,M,30,NaN,
2022070218,02l.2022,BONNIE,TY,NN,11.2,272.6,45,999,272,14,272,14,35,60,20,20,40,NaN,NaN,NaN,NaN,NaN,TS,NW,B,B,90,1008,NaN,M,20,NaN,
2022070300,02l.2022,BONNIE,TY,NN,11.2,271.1,50,997,270,15,270,15,42,60,30,30,50,20,20,,30,20,TS,NW,B,B,90,1008,NaN,M,20,NaN,
2022070306,02l.2022,BONNIE,TY,NN,11.5,269.6,50,997,276,15,276,15,45,60,30,30,60,20,20,,30,20,TS,NW,B,B,90,1008,NaN,M,20,NaN,
2022070312,02l.2022,BONNIE,TY,NN,11.8,268.1,55,995,282,15,282,15,45,60,30,30,60,20,20,,30,20,TS,NW,B,B,90,1008,NaN,M,20,NaN,
2022070318,02l.2022,BONNIE,TY,NN,12.2,266.6,60,993,283,15,283,15,52,70,50,30,60,27,30,20,30,30,TS,NW,B,B,90,1008,NaN,D,15,NaN,
2022070400,02l.2022,BONNIE,TY,NN,12.9,265.1,65,989,291,16,291,16,55,70,60,30,60,33,40,30,30,30,HU,NW,B,B,90,1008,NaN,D,15,NaN,
2022070406,02l.2022,BONNIE,TY,NN,13.4,263.4,70,987,291,17,291,17,55,70,60,30,60,33,40,30,30,30,HU,NW,B,B,90,1009,NaN,D,15,NaN,
2022070412,02l.2022,BONNIE,TY,NN,13.6,261.8,75,984,282,16,282,16,65,80,70,40,70,30,40,30,40,30,HU,NW,B,B,90,1009,NaN,D,15,NaN,
2022070418,02l.2022,BONNIE,TY,NN,13.8,260.4,85,978,278,15,278,15,65,80,70,40,70,30,40,30,40,30,HU,NW,B,B,90,1009,NaN,D,10,NaN,
2022070500,02l.2022,BONNIE,TY,NN,14.4,259.1,90,974,287,14,287,14,65,80,70,40,70,30,40,30,40,30,HU,NW,B,B,90,1009,NaN,D,10,NaN,
2022070506,02l.2022,BONNIE,TY,NN,14.9,257.6,95,968,292,15,292,15,70,90,80,40,70,30,40,30,40,30,HU,NW,B,B,90,1009,NaN,D,5,NaN,
2022070512,02l.2022,BONNIE,TY,NN,15.1,256.2,100,964,284,14,284,14,75,90,80,50,80,38,40,40,50,40,HU,NW,B,B,90,1009,NaN,D,5,NaN,
2022070518,02l.2022,BONNIE,TY,NN,15.4,254.9,95,967,281,13,281,13,75,90,80,50,80,38,40,40,50,40,HU,NW,B,B,100,1010,NaN,D,5,NaN,
2022070600,02l.2022,BONNIE,TY,NN,15.6,253.6,90,970,281,13,281,13,75,90,80,50,80,38,40,40,50,40,HU,NW,B,B,120,1009,NaN,D,5,NaN,
2022070606,02l.2022,BONNIE,TY,NN,15.8,252.4,85,974,279,12,279,12,70,80,70,50,80,38,40,40,50,40,HU,NW,B,B,120,1009,NaN,D,20,NaN,
2022070612,02l.2022,BONNIE,TY,NN,16.0,251.5,85,975,281,10,281,10,55,60,50,40,70,32,40,30,40,40,HU,NW,B,B,120,1009,NaN,D,20,NaN,
2022070618,02l.2022,BONNIE,TY,NN,16.3,250.5,85,975,285,9,285,9,62,70,60,50,70,30,30,30,50,40,HU,NW,B,B,120,1010,NaN,D,20,NaN,
2022070700,02l.2022,BONNIE,TY,NN,16.6,249.4,80,980,287,11,287,11,62,70,60,50,70,30,30,30,50,40,HU,NW,B,B,150,1010,NaN,D,20,NaN,
2022070706,02l.2022,BONNIE,TY,NN,16.9,248.2,80,980,285,11,285,11,50,60,40,40,60,30,30,30,40,40,HU,NW,B,B,150,1010,NaN,D,20,NaN,
2022070712,02l.2022,BONNIE,TY,NN,17.2,246.9,80,980,284,12,284,12,50,60,40,40,60,30,30,30,40,40,HU,NW,B,B,150,1009,NaN,D,15,NaN,
2022070718,02l.2022,BONNIE,TY,NN,17.5,245.5,85,976,283,13,283,13,55,60,50,50,60,32,40,30,50,40,HU,NW,B,B,150,1009,NaN,D,15,NaN,
2022070800,02l.2022,BONNIE,TY,NN,17.8,243.9,85,976,282,15,282,15,55,60,50,50,60,32,40,30,50,40,HU,NW,B,B,120,1008,NaN,D,15,NaN,
2022070806,02l.2022,BONNIE,TY,NN,18.0,242.3,75,982,279,15,279,15,55,60,50,50,60,32,40,30,50,40,HU,NW,B,B,120,1008,NaN,D,15,NaN,
2022070812,02l.2022,BONNIE,TY,NN,18.2,240.7,65,989,277,15,277,15,55,60,50,50,60,32,40,30,50,40,HU,NW,B,B,120,1008,NaN,D,15,NaN,
2022070818,02l.2022,BONNIE,TY,NN,18.6,239.0,55,998,281,16,281,16,42,50,40,30,50,25,20,,30,30,TS,NW,B,B,130,1010,NaN,M,20,NaN,
2022070900,02l.2022,BONNIE,TY,NN,19.0,237.2,50,1001,284,17,284,17,42,50,40,30,50,25,20,,30,30,TS,NW,B,B,130,1010,NaN,M,20,NaN,
2022070906,02l.2022,BONNIE,TY,NN,19.2,235.3,45,1002,280,18,280,18,42,50,40,30,50,NaN,NaN,NaN,NaN,NaN,TS,NW,B,B,130,1010,NaN,M,20,NaN,
2022070912,02l.2022,BONNIE,TY,NN,19.4,233.4,40,1005,276,18,276,18,37,40,30,,40,NaN,NaN,NaN,NaN,NaN,TS,NW,B,B,100,1012,NaN,M,20,NaN,
2022070918,02l.2022,BONNIE,TY,NN,19.5,231.4,40,1008,275,18,275,18,40,40,,,40,NaN,NaN,NaN,NaN,NaN,LO,NW,B,B,100,1014,NaN,S,25,NaN,
2022071000,02l.2022,BONNIE,TY,NN,19.6,229.5,35,1008,273,18,273,18,40,40,,,40,NaN,NaN,NaN,NaN,NaN,LO,NW,B,B,100,1014,NaN,NaN,25,NaN,
2022071006,02l.2022,BONNIE,TY,NN,19.5,227.7,35,1008,270,17,270,17,40,40,,,40,NaN,NaN,NaN,NaN,NaN,LO,NW,B,B,100,1014,NaN,NaN,25,NaN,
2022071012,02l.2022,BONNIE,TY,NN,19.4,226.0,30,1008,267,17,267,17,NaN,NaN,NaN,NaN,NaN,NaN,NaN,NaN,NaN,NaN,LO,NW,B,B,100,1014,NaN,NaN,25,NaN,
2022071018,02l.2022,BONNIE,TY,NN,19.4,224.5,25,1010,268,15,268,15,NaN,NaN,NaN,NaN,NaN,NaN,NaN,NaN,NaN,NaN,LO,NW,B,B,100,1014,NaN,NaN,25,NaN,
2022071100,02l.2022,BONNIE,TY,NN,19.4,223.1,25,1010,270,14,270,14,NaN,NaN,NaN,NaN,NaN,NaN,NaN,NaN,NaN,NaN,LO,NW,B,B,100,1014,NaN,NaN,25,NaN,
2022063018,a6l.2022,9X-A6L,TS,NN,32.1,278.0,25,1017,128,3,128,3,NaN,NaN,NaN,NaN,NaN,NaN,NaN,NaN,NaN,NaN,DB,NW,B,B,120,1018,1.00,NaN,50,NaN,
2022070100,a6l.2022,9X-A6L,TS,NN,31.9,278.3,25,1017,128,3,128,3,NaN,NaN,NaN,NaN,NaN,NaN,NaN,NaN,NaN,NaN,DB,NW,B,B,120,1018,0.89,NaN,50,NaN,
2022070106,a6l.2022,9X-A6L,TS,NN,31.7,278.6,25,1017,128,3,128,3,NaN,NaN,NaN,NaN,NaN,NaN,NaN,NaN,NaN,NaN,DB,NW,B,B,120,1018,0.71,NaN,50,NaN,
2022070112,a6l.2022,9X-A6L,TS,NN,31.6,279.0,25,1017,117,3,117,3,NaN,NaN,NaN,NaN,NaN,NaN,NaN,NaN,NaN,NaN,DB,NW,B,B,120,1018,0.22,NaN,50,NaN,
2022070118,a6l.2022,9X-A6L,TS,NN,31.8,279.5,30,1014,23,7,83,4,NaN,NaN,NaN,NaN,NaN,NaN,NaN,NaN,NaN,NaN,TD,NW,B,B,120,1018,0.15,S,50,NaN,
2022070200,a6l.2022,9X-A6L,TS,NN,32.5,279.6,35,1011,23,7,29,5,50,40,60,,,NaN,NaN,NaN,NaN,NaN,TS,NW,B,B,120,1016,0.58,S,50,NaN,
2022070206,03l.2022,COLIN,TS,NN,33.0,280.1,35,1011,23,7,23,7,50,40,60,,,NaN,NaN,NaN,NaN,NaN,TS,WN,B,B,110,1017,0.74,S,50,RJB,
2022070212,03l.2022,COLIN,TS,NN,33.4,280.6,35,1011,43,6,43,6,60,50,70,,,NaN,NaN,NaN,NaN,NaN,TS,WN,B,B,100,1017,0.86,S,50,JPC,
2022070218,03l.2022,COLIN,TS,NN,33.8,281.1,30,1015,46,6,46,6,NaN,NaN,NaN,NaN,NaN,NaN,NaN,NaN,NaN,NaN,TD,WN,B,B,100,1017,0.86,S,50,JPC,
2022070300,03l.2022,COLIN,TS,NN,34.2,281.7,30,1014,50,5,49,6,NaN,NaN,NaN,NaN,NaN,NaN,NaN,NaN,NaN,NaN,TD,WN,B,B,100,1017,0.65,S,50,JLB,
2022070306,03l.2022,COLIN,TS,NN,34.8,282.6,25,1014,51,8,51,8,NaN,NaN,NaN,NaN,NaN,NaN,NaN,NaN,NaN,NaN,DB,WN,B,B,100,1016,0.94,S,70,RJB,
2022081718,a9l.2022,9X-A9L,TD,NN,16.3,271.5,20,1010,305,7,305,7,NaN,NaN,NaN,NaN,NaN,NaN,NaN,NaN,NaN,NaN,DB,NW,B,B,120,1012,0.52,NaN,60,NaN,
2022081800,a9l.2022,9X-A9L,TD,NN,16.7,271.0,20,1010,305,7,305,7,NaN,NaN,NaN,NaN,NaN,NaN,NaN,NaN,NaN,NaN,DB,NW,B,B,120,1012,0.91,NaN,60,NaN,
2022081806,a9l.2022,9X-A9L,TD,NN,17.1,270.3,20,NaN,305,7,305,7,NaN,NaN,NaN,NaN,NaN,NaN,NaN,NaN,NaN,NaN,DB,NW,B,B,120,1012,0.98,NaN,60,NaN,
2022081812,a9l.2022,9X-A9L,TD,NN,17.4,269.8,20,1010,301,7,301,7,NaN,NaN,NaN,NaN,NaN,NaN,NaN,NaN,NaN,NaN,DB,NW,B,B,120,1012,0.99,NaN,60,NaN,
2022081818,a9l.2022,9X-A9L,TD,NN,17.7,269.3,20,1010,302,6,302,6,NaN,NaN,NaN,NaN,NaN,NaN,NaN,NaN,NaN,NaN,DB,NW,B,B,120,1012,0.98,S,60,NaN,
2022081900,a9l.2022,9X-A9L,TD,NN,18.2,269.0,20,1009,316,6,316,6,NaN,NaN,NaN,NaN,NaN,NaN,NaN,NaN,NaN,NaN,DB,NW,B,B,120,1012,0.98,S,80,NaN,
2022081906,a9l.2022,9X-A9L,TD,NN,19.1,268.3,20,1009,326,8,326,8,NaN,NaN,NaN,NaN,NaN,NaN,NaN,NaN,NaN,NaN,DB,NW,B,B,120,1012,0.20,S,80,NaN,
2022081912,a9l.2022,9X-A9L,TD,NN,19.6,267.2,25,1009,309,11,309,11,NaN,NaN,NaN,NaN,NaN,NaN,NaN,NaN,NaN,NaN,DB,NW,B,B,120,1012,NaN,S,80,NaN,
2022081918,04l.2022,FOUR,TD,NN,20.2,266.3,30,1009,320,13,300,11,NaN,NaN,NaN,NaN,NaN,NaN,NaN,NaN,NaN,NaN,DB,WN,B,B,120,1012,NaN,S,80,JLB,
2022082000,04l.2022,FOUR,TD,NN,21.2,265.2,30,1009,320,13,310,12,NaN,NaN,NaN,NaN,NaN,NaN,NaN,NaN,NaN,NaN,DB,WN,B,B,120,1012,NaN,S,80,LRB,
2022082006,04l.2022,FOUR,TD,NN,22.2,264.5,30,1010,320,13,320,13,NaN,NaN,NaN,NaN,NaN,NaN,NaN,NaN,NaN,NaN,DB,WN,B,B,120,1012,NaN,S,80,RJB,
2022082012,04l.2022,FOUR,TD,NN,23.2,263.7,30,1010,325,12,325,12,NaN,NaN,NaN,NaN,NaN,NaN,NaN,NaN,NaN,NaN,DB,WN,B,B,120,1012,NaN,S,80,JPC,
2022082018,04l.2022,FOUR,TD,NN,24.0,263.1,30,1010,324,11,324,11,NaN,NaN,NaN,NaN,NaN,NaN,NaN,NaN,NaN,NaN,DB,WN,B,B,120,1012,NaN,S,80,JPC,
2022082100,04l.2022,FOUR,TD,NN,24.8,262.4,30,1010,323,10,323,10,NaN,NaN,NaN,NaN,NaN,NaN,NaN,NaN,NaN,NaN,DB,WN,B,B,120,1011,0.31,S,80,JLB,
2022083012,b3l.2022,9X-B3L,TY,NN,37.8,310.4,20,1020,122,8,122,8,NaN,NaN,NaN,NaN,NaN,NaN,NaN,NaN,NaN,NaN,DB,NW,B,B,150,1021,NaN,NaN,60,NaN,
2022083018,b3l.2022,9X-B3L,TY,NN,37.3,311.1,20,1020,122,8,122,8,NaN,NaN,NaN,NaN,NaN,NaN,NaN,NaN,NaN,NaN,DB,NW,B,B,150,1021,NaN,NaN,60,NaN,
2022083100,b3l.2022,9X-B3L,TY,NN,37.0,312.0,20,1020,122,8,122,8,NaN,NaN,NaN,NaN,NaN,NaN,NaN,NaN,NaN,NaN,DB,NW,B,B,150,1021,NaN,NaN,60,NaN,
2022083106,b3l.2022,9X-B3L,TY,NN,37.1,313.0,20,1018,98,8,98,8,NaN,NaN,NaN,NaN,NaN,NaN,NaN,NaN,NaN,NaN,DB,NW,B,B,150,1020,NaN,NaN,60,NaN,
2022083112,b3l.2022,9X-B3L,TY,NN,37.5,313.4,25,1016,58,5,66,6,NaN,NaN,NaN,NaN,NaN,NaN,NaN,NaN,NaN,NaN,LO,NW,B,B,150,1018,NaN,S,60,NaN,
2022083118,b3l.2022,9X-B3L,TY,NN,37.8,313.9,25,1015,58,5,46,5,NaN,NaN,NaN,NaN,NaN,NaN,NaN,NaN,NaN,NaN,LO,NW,B,B,110,1018,NaN,S,50,NaN,
2022090100,b3l.2022,9X-B3L,TY,NN,38.0,314.4,25,1014,58,5,58,5,NaN,NaN,NaN,NaN,NaN,NaN,NaN,NaN,NaN,NaN,LO,NW,B,B,110,1017,NaN,S,45,NaN,
2022090106,05l.2022,DANIELLE,TY,NN,38.1,314.8,30,1011,67,4,67,4,NaN,NaN,NaN,NaN,NaN,NaN,NaN,NaN,NaN,NaN,TD,WN,B,B,110,1017,NaN,S,35,JLB,
2022090112,05l.2022,DANIELLE,TY,NN,38.1,315.2,35,1007,81,3,81,3,30,30,30,,,NaN,NaN,NaN,NaN,NaN,TS,WN,B,B,110,1017,NaN,S,30,LRB,
2022090118,05l.2022,DANIELLE,TY,NN,38.0,315.6,45,1002,99,3,99,3,33,40,30,,30,NaN,NaN,NaN,NaN,NaN,TS,WN,B,B,100,1017,NaN,S,25,LRB,
2022090200,05l.2022,DANIELLE,TY,NN,37.9,315.9,55,996,110,3,110,3,42,60,40,20,50,20,20,20,20,20,TS,WN,B,B,110,1018,NaN,S,20,DPB,
2022090206,05l.2022,DANIELLE,TY,NN,37.8,316.2,60,990,113,3,113,3,55,70,50,40,60,20,20,20,40,20,TS,WN,B,B,110,1018,NaN,D,15,JLB,
2022090212,05l.2022,DANIELLE,TY,NN,37.8,316.4,65,986,104,2,104,2,68,80,60,60,70,22,30,20,60,20,HU,WN,B,B,120,1019,NaN,D,15,BJR,
2022090218,05l.2022,DANIELLE,TY,NN,37.9,316.5,65,985,67,1,67,1,78,90,70,70,80,28,30,30,70,20,HU,WN,B,B,120,1019,NaN,D,15,BJR,
2022090300,05l.2022,DANIELLE,TY,NN,38.0,316.4,65,986,360,1,360,1,88,100,80,80,90,32,40,30,80,30,HU,WN,B,B,240,1019,NaN,D,15,RJB,
2022090306,05l.2022,DANIELLE,TY,NN,38.0,316.2,60,989,293,1,293,1,92,110,90,80,90,42,50,40,80,40,TS,WN,B,B,240,1019,NaN,D,20,JLB,
2022090312,05l.2022,DANIELLE,TY,NN,38.0,315.8,60,989,270,2,270,2,92,110,90,80,90,45,50,40,80,50,TS,WN,B,B,240,1019,NaN,D,20,JPC,
2022090318,05l.2022,DANIELLE,TY,NN,38.0,315.4,60,989,270,3,270,3,95,110,90,80,100,50,60,50,80,50,TS,WN,B,B,240,1019,NaN,D,25,JPC,
2022090400,05l.2022,DANIELLE,TY,NN,37.9,315.0,65,986,261,3,261,3,98,110,100,80,100,52,60,50,80,60,HU,WN,B,B,240,1018,NaN,D,25,DPR,
2022090406,05l.2022,DANIELLE,TY,NN,37.9,314.7,70,982,260,3,260,3,98,110,100,80,100,55,60,50,80,60,HU,WN,B,B,300,1016,NaN,D,30,DPB,
2022090412,05l.2022,DANIELLE,TY,NN,38.1,314.6,70,979,302,2,302,2,98,110,100,80,100,52,60,50,80,50,HU,WN,B,B,300,1016,NaN,D,35,LRB,
2022090418,05l.2022,DANIELLE,TY,NN,38.4,314.8,75,976,9,3,9,3,98,110,100,90,90,52,60,50,90,50,HU,WN,B,B,280,1016,NaN,D,40,LRB,
2022090500,05l.2022,DANIELLE,TY,NN,38.7,315.0,75,975,28,3,28,3,98,110,100,90,90,50,50,50,90,50,HU,WN,B,B,280,1016,NaN,D,40,DPR,
2022090506,05l.2022,DANIELLE,TY,NN,39.2,315.4,75,975,30,5,30,5,100,110,110,90,90,50,50,50,90,50,HU,WN,B,B,280,1015,NaN,D,40,DPR,
2022090512,05l.2022,DANIELLE,TY,NN,39.9,315.9,75,975,30,7,30,7,102,110,110,100,90,50,50,50,100,50,HU,WN,B,B,330,1016,NaN,D,40,DAZ,
2022090518,05l.2022,DANIELLE,TY,NN,40.6,316.4,75,976,29,8,29,8,108,110,120,100,100,55,50,60,100,50,HU,WN,B,B,330,1016,NaN,D,40,DAZ,
2022090600,05l.2022,DANIELLE,TY,NN,41.3,316.9,70,980,28,8,28,8,115,120,130,110,100,60,60,70,110,50,HU,WN,B,B,330,1016,NaN,D,45,DPR,
2022090606,05l.2022,DANIELLE,TY,NN,41.8,317.5,65,982,35,7,35,7,118,120,130,120,100,62,60,70,120,50,HU,WN,B,B,330,1016,NaN,D,45,DPR,
2022090612,05l.2022,DANIELLE,TY,NN,42.1,318.2,65,982,51,6,51,6,128,130,140,130,110,68,60,80,130,60,HU,WN,B,B,330,1016,NaN,D,50,ASL,
2022090618,05l.2022,DANIELLE,TY,NN,42.3,319.0,65,980,66,6,66,6,135,140,150,140,110,75,60,90,140,70,HU,WN,B,B,330,1015,NaN,D,55,ASL,
2022090700,05l.2022,DANIELLE,TY,NN,42.5,320.1,65,978,74,7,74,7,142,150,160,140,120,80,70,100,140,70,HU,WN,B,B,330,1014,NaN,D,60,DPR,
2022090706,05l.2022,DANIELLE,TY,NN,42.9,321.4,70,974,71,9,71,9,152,160,170,150,130,85,70,100,150,80,HU,WN,B,B,330,1012,NaN,D,60,DPR,
2022090712,05l.2022,DANIELLE,TY,NN,43.5,322.8,70,972,63,11,63,11,160,170,170,160,140,88,70,110,160,80,HU,WN,B,B,330,1010,NaN,D,60,ESB,
2022090718,05l.2022,DANIELLE,TY,NN,44.4,324.4,70,972,55,13,55,13,165,170,180,160,150,90,70,110,160,80,HU,WN,B,B,330,1010,NaN,D,60,JPC,
2022090800,05l.2022,DANIELLE,TY,NN,45.3,326.1,65,973,53,15,53,15,172,180,180,170,160,90,70,110,170,80,HU,WN,B,B,330,1010,NaN,D,60,ASL,
2022090806,05l.2022,DANIELLE,TY,NN,46.2,327.6,60,974,51,14,51,14,178,190,180,170,170,82,70,100,170,70,TS,WN,B,B,330,1010,NaN,D,60,ASL,
2022090812,05l.2022,DANIELLE,TY,NN,47.3,328.6,55,975,41,13,41,13,185,190,180,180,190,82,70,100,180,70,EX,WN,B,B,300,1010,NaN,D,60,DAZ,
2022090818,05l.2022,DANIELLE,TY,NN,48.5,329.2,55,975,25,13,25,13,188,200,170,180,200,78,70,90,180,60,EX,NW,B,B,300,1005,NaN,NaN,60,NaN,
2022090900,05l.2022,DANIELLE,TY,NN,49.8,329.5,55,975,13,13,13,13,185,200,160,180,200,78,70,90,180,60,EX,NW,B,B,300,1005,NaN,NaN,60,NaN,
2022090906,05l.2022,DANIELLE,TY,NN,51.0,328.9,50,976,356,13,356,13,182,200,150,180,200,70,80,,180,60,EX,NW,B,B,300,1005,NaN,NaN,60,NaN,
2022090912,05l.2022,DANIELLE,TY,NN,51.1,326.8,50,977,307,11,307,11,178,200,130,180,200,60,,,180,60,EX,NW,B,B,300,1005,NaN,NaN,60,NaN,
2022090918,05l.2022,DANIELLE,TY,NN,49.8,325.2,45,979,243,13,243,13,163,,120,180,190,NaN,NaN,NaN,NaN,NaN,EX,NW,B,B,300,1005,NaN,NaN,60,NaN,
2022091000,05l.2022,DANIELLE,TY,NN,47.8,325.9,45,983,190,17,190,17,153,,120,180,160,NaN,NaN,NaN,NaN,NaN,EX,NW,B,B,300,1005,NaN,NaN,60,NaN,
2022091006,05l.2022,DANIELLE,TY,NN,46.1,328.8,45,985,147,22,147,22,145,,120,170,,NaN,NaN,NaN,NaN,NaN,EX,NW,B,B,300,1005,NaN,NaN,60,NaN,
2022091012,05l.2022,DANIELLE,TY,NN,45.2,332.0,40,987,122,25,122,25,145,,120,170,,NaN,NaN,NaN,NaN,NaN,EX,NW,B,B,300,1005,NaN,NaN,60,NaN,
2022091018,05l.2022,DANIELLE,TY,NN,44.7,333.9,40,988,111,19,111,19,140,,120,160,,NaN,NaN,NaN,NaN,NaN,EX,NW,B,B,300,1005,NaN,NaN,60,NaN,
2022091100,05l.2022,DANIELLE,TY,NN,43.9,335.3,40,990,119,13,119,13,140,,120,160,,NaN,NaN,NaN,NaN,NaN,EX,NW,B,B,300,1005,NaN,NaN,60,NaN,
2022091106,05l.2022,DANIELLE,TY,NN,42.7,336.6,35,991,136,14,136,14,135,,120,150,,NaN,NaN,NaN,NaN,NaN,EX,NW,B,B,300,1005,NaN,NaN,60,NaN,
2022091112,05l.2022,DANIELLE,TY,NN,41.2,338.1,35,992,143,17,143,17,150,,,150,,NaN,NaN,NaN,NaN,NaN,EX,NW,B,B,300,1005,NaN,NaN,60,NaN,
2022091118,05l.2022,DANIELLE,TY,NN,40.1,339.6,35,993,139,17,139,17,140,,,140,,NaN,NaN,NaN,NaN,NaN,EX,NW,B,B,300,1005,NaN,NaN,50,NaN,
2022091200,05l.2022,DANIELLE,TY,NN,39.1,341.2,35,994,132,16,132,16,80,,,120,40,NaN,NaN,NaN,NaN,NaN,EX,NW,B,B,300,1005,NaN,NaN,50,NaN,
2022091206,05l.2022,DANIELLE,TY,NN,38.4,343.0,35,994,123,16,123,16,75,,,110,40,NaN,NaN,NaN,NaN,NaN,EX,NW,B,B,300,1005,NaN,NaN,40,NaN,
2022091212,05l.2022,DANIELLE,TY,NN,38.6,345.0,35,994,100,15,100,15,90,,,90,,NaN,NaN,NaN,NaN,NaN,EX,NW,B,B,300,1005,NaN,NaN,40,NaN,
2022091218,05l.2022,DANIELLE,TY,NN,39.4,347.3,35,993,73,17,73,17,75,,60,90,,NaN,NaN,NaN,NaN,NaN,EX,NW,B,B,300,1005,NaN,NaN,40,NaN,
2022091300,05l.2022,DANIELLE,TY,NN,40.8,348.8,35,992,53,18,53,18,60,60,60,,,NaN,NaN,NaN,NaN,NaN,EX,NW,B,B,300,1005,NaN,NaN,40,NaN,
2022091306,05l.2022,DANIELLE,TY,NN,42.5,349.4,35,992,27,17,27,17,60,60,60,,,NaN,NaN,NaN,NaN,NaN,EX,NW,B,B,300,1005,NaN,NaN,40,NaN,
2022091312,05l.2022,DANIELLE,TY,NN,43.3,349.3,35,993,8,13,8,13,60,60,60,,,NaN,NaN,NaN,NaN,NaN,EX,NW,B,B,300,1005,NaN,NaN,40,NaN,
2022091318,05l.2022,DANIELLE,TY,NN,43.6,348.7,35,994,335,6,335,6,60,60,60,,,NaN,NaN,NaN,NaN,NaN,EX,NW,B,B,300,1005,NaN,NaN,40,NaN,
2022091400,05l.2022,DANIELLE,TY,NN,43.3,348.6,30,996,270,3,270,3,NaN,NaN,NaN,NaN,NaN,NaN,NaN,NaN,NaN,NaN,EX,NW,B,B,130,1003,NaN,NaN,30,NaN,
2022091406,05l.2022,DANIELLE,TY,NN,43.0,348.8,25,998,173,3,173,3,NaN,NaN,NaN,NaN,NaN,NaN,NaN,NaN,NaN,NaN,EX,NW,B,B,130,1003,NaN,NaN,30,NaN,
2022091412,05l.2022,DANIELLE,TY,NN,42.7,349.1,25,1000,149,4,149,4,NaN,NaN,NaN,NaN,NaN,NaN,NaN,NaN,NaN,NaN,EX,NW,B,B,130,1003,NaN,NaN,30,NaN,
2022091418,05l.2022,DANIELLE,TY,NN,42.5,349.6,25,1003,130,4,130,4,NaN,NaN,NaN,NaN,NaN,NaN,NaN,NaN,NaN,NaN,EX,NW,B,B,130,1003,NaN,NaN,30,NaN,
2022091500,05l.2022,DANIELLE,TY,NN,42.2,349.9,25,1006,130,4,130,4,NaN,NaN,NaN,NaN,NaN,NaN,NaN,NaN,NaN,NaN,EX,NW,B,B,75,1012,NaN,NaN,30,NaN,
2022091506,05l.2022,DANIELLE,TY,NN,41.6,350.0,25,1008,162,5,162,5,NaN,NaN,NaN,NaN,NaN,NaN,NaN,NaN,NaN,NaN,EX,NW,B,B,75,1012,NaN,NaN,30,NaN,
2022091512,05l.2022,DANIELLE,TY,NN,40.9,349.9,20,1010,180,6,180,7,NaN,NaN,NaN,NaN,NaN,NaN,NaN,NaN,NaN,NaN,EX,NW,B,B,90,1012,NaN,NaN,30,NaN,
2022091518,05l.2022,DANIELLE,TY,NN,40.2,349.7,20,1012,189,7,189,7,NaN,NaN,NaN,NaN,NaN,NaN,NaN,NaN,NaN,NaN,EX,NW,B,B,90,1012,NaN,NaN,30,NaN,
2022082700,b1l.2022,9X-B1L,TY,NN,12.3,324.1,20,NaN,284,13,284,13,NaN,NaN,NaN,NaN,NaN,NaN,NaN,NaN,NaN,NaN,DB,NW,B,B,150,1011,NaN,NaN,90,NaN,
2022082706,b1l.2022,9X-B1L,TY,NN,12.5,322.9,20,NaN,284,13,284,13,NaN,NaN,NaN,NaN,NaN,NaN,NaN,NaN,NaN,NaN,DB,NW,B,B,150,1011,NaN,NaN,90,NaN,
2022082712,b1l.2022,9X-B1L,TY,NN,12.9,321.6,20,NaN,284,13,284,13,NaN,NaN,NaN,NaN,NaN,NaN,NaN,NaN,NaN,NaN,DB,NW,B,B,150,1011,NaN,NaN,90,NaN,
2022082718,b1l.2022,9X-B1L,TY,NN,13.2,320.4,20,NaN,286,13,286,13,NaN,NaN,NaN,NaN,NaN,NaN,NaN,NaN,NaN,NaN,DB,NW,B,B,150,1011,NaN,NaN,90,NaN,
2022082800,b1l.2022,9X-B1L,TY,NN,13.7,319.2,25,1009,289,12,289,12,NaN,NaN,NaN,NaN,NaN,NaN,NaN,NaN,NaN,NaN,DB,NW,B,B,150,1011,NaN,S,90,NaN,
2022082806,b1l.2022,9X-B1L,TY,NN,13.9,317.8,25,1009,285,13,285,13,NaN,NaN,NaN,NaN,NaN,NaN,NaN,NaN,NaN,NaN,DB,NW,B,B,150,1011,NaN,S,90,NaN,
2022082812,b1l.2022,9X-B1L,TY,NN,13.9,316.4,30,1008,274,14,274,14,NaN,NaN,NaN,NaN,NaN,NaN,NaN,NaN,NaN,NaN,DB,NW,B,B,150,1011,NaN,S,80,NaN,
2022082818,b1l.2022,9X-B1L,TY,NN,13.9,315.1,30,1007,270,13,270,13,NaN,NaN,NaN,NaN,NaN,NaN,NaN,NaN,NaN,NaN,DB,NW,B,B,120,1011,NaN,S,80,NaN,
2022082900,b1l.2022,9X-B1L,TY,NN,14.0,314.8,30,1007,274,8,274,8,NaN,NaN,NaN,NaN,NaN,NaN,NaN,NaN,NaN,NaN,DB,NW,B,B,120,1012,NaN,S,80,NaN,
2022082906,b1l.2022,9X-B1L,TY,NN,14.4,314.1,30,1007,297,5,297,5,NaN,NaN,NaN,NaN,NaN,NaN,NaN,NaN,NaN,NaN,DB,NW,B,B,120,1012,NaN,S,80,NaN,
2022082912,b1l.2022,9X-B1L,TY,NN,14.6,313.3,30,1007,292,8,292,8,NaN,NaN,NaN,NaN,NaN,NaN,NaN,NaN,NaN,NaN,DB,NW,B,B,120,1012,NaN,S,80,NaN,
2022082918,b1l.2022,9X-B1L,TY,NN,14.7,312.7,30,1008,282,7,282,7,NaN,NaN,NaN,NaN,NaN,NaN,NaN,NaN,NaN,NaN,DB,NW,B,B,120,1011,NaN,S,80,NaN,
2022083000,b1l.2022,9X-B1L,TY,NN,14.7,312.3,25,1007,276,5,276,5,NaN,NaN,NaN,NaN,NaN,NaN,NaN,NaN,NaN,NaN,DB,NW,B,B,150,1012,NaN,S,80,NaN,
2022083006,b1l.2022,9X-B1L,TY,NN,14.6,311.9,25,1007,263,4,263,4,NaN,NaN,NaN,NaN,NaN,NaN,NaN,NaN,NaN,NaN,DB,NW,B,B,150,1012,NaN,S,80,NaN,
2022083012,b1l.2022,9X-B1L,TY,NN,14.6,311.4,25,1007,263,4,263,4,NaN,NaN,NaN,NaN,NaN,NaN,NaN,NaN,NaN,NaN,DB,NW,B,B,150,1012,NaN,S,80,NaN,
2022083018,b1l.2022,9X-B1L,TY,NN,14.7,310.9,30,1007,276,5,276,5,NaN,NaN,NaN,NaN,NaN,NaN,NaN,NaN,NaN,NaN,DB,NW,B,B,180,1012,NaN,S,90,NaN,
2022083100,b1l.2022,9X-B1L,TY,NN,14.9,310.5,30,1007,289,5,289,5,NaN,NaN,NaN,NaN,NaN,NaN,NaN,NaN,NaN,NaN,DB,NW,B,B,180,1011,NaN,S,90,NaN,
2022083106,b1l.2022,9X-B1L,TY,NN,15.1,310.0,30,1007,295,5,295,5,NaN,NaN,NaN,NaN,NaN,NaN,NaN,NaN,NaN,NaN,DB,NW,B,B,180,1010,NaN,S,90,NaN,
2022083112,b1l.2022,9X-B1L,TY,NN,15.3,309.6,30,1008,295,5,295,5,NaN,NaN,NaN,NaN,NaN,NaN,NaN,NaN,NaN,NaN,DB,NW,B,B,180,1012,NaN,S,90,NaN,
2022083118,b1l.2022,9X-B1L,TY,NN,15.5,309.2,30,1008,297,4,297,4,NaN,NaN,NaN,NaN,NaN,NaN,NaN,NaN,NaN,NaN,DB,NW,B,B,150,1010,NaN,S,90,NaN,
2022090100,b1l.2022,9X-B1L,TY,NN,15.7,308.7,30,1008,295,5,295,5,NaN,NaN,NaN,NaN,NaN,NaN,NaN,NaN,NaN,NaN,DB,NW,B,B,150,1010,NaN,S,90,NaN,
2022090106,b1l.2022,9X-B1L,TY,NN,15.9,307.9,30,1008,288,7,288,7,NaN,NaN,NaN,NaN,NaN,NaN,NaN,NaN,NaN,NaN,DB,NW,B,B,150,1010,NaN,S,90,NaN,
2022090112,b1l.2022,9X-B1L,TY,NN,16.1,306.9,30,1008,283,9,283,9,NaN,NaN,NaN,NaN,NaN,NaN,NaN,NaN,NaN,NaN,DB,NW,B,B,150,1010,NaN,S,90,NaN,
2022090118,b1l.2022,9X-B1L,TY,NN,16.5,305.7,30,1008,286,11,286,11,NaN,NaN,NaN,NaN,NaN,NaN,NaN,NaN,NaN,NaN,DB,NW,B,B,150,1010,NaN,S,90,NaN,
2022090200,b1l.2022,9X-B1L,TY,NN,16.9,304.6,30,1008,290,12,290,12,NaN,NaN,NaN,NaN,NaN,NaN,NaN,NaN,NaN,NaN,DB,NW,B,B,150,1010,NaN,S,90,NaN,
2022090206,b1l.2022,9X-B1L,TY,NN,17.0,303.6,30,1008,284,10,284,10,NaN,NaN,NaN,NaN,NaN,NaN,NaN,NaN,NaN,NaN,DB,NW,B,B,150,1010,NaN,S,90,NaN,
2022090212,b1l.2022,9X-B1L,TY,NN,17.4,302.5,30,1008,284,10,284,10,NaN,NaN,NaN,NaN,NaN,NaN,NaN,NaN,NaN,NaN,DB,NW,B,B,150,1010,NaN,S,80,NaN,
2022090218,b1l.2022,9X-B1L,TY,NN,17.9,301.4,35,1006,288,11,293,11,60,,60,,,NaN,NaN,NaN,NaN,NaN,TS,NW,B,B,150,1010,NaN,S,60,NaN,
2022090300,06l.2022,EARL,TY,NN,18.3,300.2,40,1005,288,11,292,12,150,150,150,,,NaN,NaN,NaN,NaN,NaN,TS,WN,B,B,150,1010,NaN,S,90,RJB,
2022090306,06l.2022,EARL,TY,NN,18.6,299.1,40,1004,288,11,288,11,150,150,150,,,NaN,NaN,NaN,NaN,NaN,TS,WN,B,B,150,1010,NaN,S,90,JLB,
2022090312,06l.2022,EARL,TY,NN,18.9,298.1,40,1002,287,10,287,10,100,150,120,,30,NaN,NaN,NaN,NaN,NaN,TS,WN,B,B,150,1010,NaN,S,90,BJR,
2022090318,06l.2022,EARL,TY,NN,19.2,297.1,45,999,288,10,288,10,50,90,20,,40,NaN,NaN,NaN,NaN,NaN,TS,WN,B,B,120,1010,NaN,S,60,BJR,
2022090400,06l.2022,EARL,TY,NN,19.4,296.4,45,999,287,8,287,8,50,90,20,,40,NaN,NaN,NaN,NaN,NaN,TS,WN,B,B,100,1010,NaN,S,40,RJB,
2022090406,06l.2022,EARL,TY,NN,19.5,295.9,45,999,285,6,285,6,50,90,20,,40,NaN,NaN,NaN,NaN,NaN,TS,WN,B,B,100,1010,NaN,S,40,JLB,
2022090412,06l.2022,EARL,TY,NN,19.8,295.4,45,999,293,5,293,5,50,90,20,,40,NaN,NaN,NaN,NaN,NaN,TS,WN,B,B,100,1010,NaN,M,40,PPP,
2022090418,06l.2022,EARL,TY,NN,20.0,295.0,50,998,301,5,301,5,73,90,90,,40,40,40,,,,TS,WN,B,B,100,1010,NaN,M,40,PPP,
2022090500,06l.2022,EARL,TY,NN,20.3,294.7,50,998,307,4,307,4,73,90,90,,40,50,50,,,,TS,WN,B,B,120,1010,NaN,M,50,RJP,
2022090506,06l.2022,EARL,TY,NN,20.8,294.6,55,998,335,4,335,4,73,90,90,,40,50,50,,,,TS,WN,B,B,120,1010,NaN,M,50,JLB,
2022090512,06l.2022,EARL,TY,NN,21.5,294.8,55,998,4,6,4,6,80,90,90,,60,40,50,,,30,TS,WN,B,B,120,1010,NaN,M,50,PPP,
2022090518,06l.2022,EARL,TY,NN,22.0,294.8,60,997,9,6,9,6,83,90,90,,70,40,50,,,30,TS,WN,B,B,120,1010,NaN,M,40,PPP,
2022090600,06l.2022,EARL,TY,NN,22.5,294.8,60,991,360,5,360,5,70,100,90,20,70,37,50,30,20,30,TS,WN,B,B,120,1012,NaN,M,30,RJP,
2022090606,06l.2022,EARL,TY,NN,23.1,294.7,55,995,355,6,355,6,70,100,90,20,70,37,50,30,20,30,TS,WN,B,B,160,1012,NaN,M,30,RJB,
2022090612,06l.2022,EARL,TY,NN,23.5,294.3,55,996,335,6,335,6,70,100,90,20,70,40,60,30,20,30,TS,WN,B,B,160,1012,NaN,M,30,PPP,
2022090618,06l.2022,EARL,TY,NN,23.9,294.3,65,994,335,4,335,4,70,100,90,20,70,50,60,40,20,50,HU,WN,B,B,160,1012,NaN,M,30,PPP,
2022090700,06l.2022,EARL,TY,NN,24.5,294.2,70,985,355,5,355,5,88,100,90,80,80,50,60,40,80,50,HU,WN,B,B,180,1013,NaN,D,30,LRB,
2022090706,06l.2022,EARL,TY,NN,25.0,294.1,75,982,351,6,351,6,90,110,90,80,80,45,60,40,80,50,HU,WN,B,B,220,1012,NaN,D,30,RJB,
2022090712,06l.2022,EARL,TY,NN,25.4,294.2,75,978,360,5,360,4,100,120,100,90,90,48,60,50,90,50,HU,WN,B,B,220,1012,NaN,D,30,PPP,
2022090718,06l.2022,EARL,TY,NN,26.1,294.4,80,974,14,6,14,6,105,130,110,90,90,48,60,50,90,50,HU,WN,B,B,220,1012,NaN,D,35,PPP,
2022090800,06l.2022,EARL,TY,NN,26.8,294.5,90,970,11,7,11,7,108,130,120,90,90,48,60,50,90,50,HU,WN,B,B,220,1012,NaN,D,35,LRB,
2022090806,06l.2022,EARL,TY,NN,27.7,294.5,90,969,3,8,3,8,118,140,130,100,100,62,70,60,100,60,HU,WN,B,B,240,1008,NaN,D,35,RJB,
2022090812,06l.2022,EARL,TY,NN,28.7,294.7,85,962,5,10,5,10,118,140,130,100,100,62,70,60,100,60,HU,WN,B,B,240,1008,NaN,D,30,NaN,
2022090818,06l.2022,EARL,TY,NN,29.7,295.2,80,962,17,10,17,10,130,140,160,120,100,72,70,90,120,60,HU,WN,B,B,240,1008,NaN,D,30,PPP,
2022090900,06l.2022,EARL,TY,NN,30.6,295.7,80,964,25,10,25,10,130,140,160,120,100,72,70,90,120,60,HU,WN,B,B,190,1004,NaN,D,30,LRB,
2022090906,06l.2022,EARL,TY,NN,31.9,296.8,80,963,32,13,32,13,148,170,180,150,90,82,100,110,150,50,HU,WN,B,B,190,1005,NaN,D,40,RJB,
2022090912,06l.2022,EARL,TY,NN,33.4,298.1,85,961,36,17,36,17,160,170,200,170,100,82,100,110,170,50,HU,WN,B,B,200,1005,NaN,D,40,DAZ,
2022090918,06l.2022,EARL,TY,NN,34.9,300.2,90,954,43,21,43,21,192,200,240,200,130,88,100,120,200,50,HU,WN,B,B,210,1003,NaN,D,40,DAZ,
2022091000,06l.2022,EARL,TY,NN,37.1,303.2,95,948,48,28,48,28,228,220,290,230,170,112,100,150,230,90,HU,WN,B,B,320,1003,NaN,D,40,LRB,
2022091006,06l.2022,EARL,TY,NN,40.0,305.7,90,955,41,34,41,34,312,220,360,350,320,145,110,180,350,180,HU,WN,B,B,460,1009,NaN,D,45,RJB,
2022091012,06l.2022,EARL,TY,NN,42.4,306.7,80,964,27,30,27,30,332,300,360,350,320,145,110,180,350,180,HU,WN,B,B,460,1015,NaN,D,45,JLB,
2022091018,06l.2022,EARL,TY,NN,43.3,307.2,70,967,19,17,19,17,352,300,360,420,330,162,180,180,420,180,EX,WN,B,B,460,1015,NaN,D,60,JLB,
2022091100,06l.2022,EARL,TY,NN,43.3,307.4,60,968,30,5,30,5,342,330,360,350,330,150,,90,350,200,EX,NW,B,B,460,1015,NaN,NaN,60,NaN,
2022091106,06l.2022,EARL,TY,NN,43.8,307.8,55,970,41,3,41,3,352,300,360,420,330,162,180,180,420,180,EX,NW,B,B,460,1013,NaN,NaN,60,NaN,
2022091112,06l.2022,EARL,TY,NN,44.2,308.0,50,974,26,5,26,5,282,300,180,350,300,150,,,350,150,EX,NW,B,B,500,1012,NaN,NaN,60,NaN,
2022091118,06l.2022,EARL,TY,NN,44.3,308.1,45,974,23,3,23,3,238,150,150,350,300,NaN,NaN,NaN,NaN,NaN,EX,NW,B,B,500,1012,NaN,NaN,60,NaN,
2022091200,06l.2022,EARL,TY,NN,44.2,308.1,45,974,90,0,90,0,228,190,150,320,250,NaN,NaN,NaN,NaN,NaN,EX,NW,B,B,550,1012,NaN,NaN,90,NaN,
2022091206,06l.2022,EARL,TY,NN,44.3,307.9,40,978,270,1,270,1,180,120,100,280,220,NaN,NaN,NaN,NaN,NaN,EX,NW,B,B,550,1012,NaN,NaN,90,NaN,
2022091212,06l.2022,EARL,TY,NN,43.9,308.1,40,978,180,1,180,2,180,120,100,280,220,NaN,NaN,NaN,NaN,NaN,EX,NW,B,B,550,1012,NaN,NaN,90,NaN,
2022091218,06l.2022,EARL,TY,NN,43.2,308.8,35,981,149,6,149,6,300,,,300,,NaN,NaN,NaN,NaN,NaN,EX,NW,B,B,550,1012,NaN,NaN,90,NaN,
2022091300,06l.2022,EARL,TY,NN,42.9,311.7,35,981,111,14,111,14,260,,250,270,,NaN,NaN,NaN,NaN,NaN,EX,NW,B,B,550,1012,NaN,NaN,90,NaN,
2022091306,06l.2022,EARL,TY,NN,43.0,313.2,35,985,94,16,94,16,230,,240,220,,NaN,NaN,NaN,NaN,NaN,EX,NW,B,B,550,1012,NaN,NaN,90,NaN,
2022091312,06l.2022,EARL,TY,NN,43.4,314.8,35,989,78,12,78,12,230,,240,220,,NaN,NaN,NaN,NaN,NaN,EX,NW,B,B,550,1012,NaN,NaN,90,NaN,
2022091318,06l.2022,EARL,TY,NN,44.3,316.3,35,989,60,13,60,13,230,,240,220,,NaN,NaN,NaN,NaN,NaN,EX,NW,B,B,550,1012,NaN,NaN,90,NaN,
2022091400,06l.2022,EARL,TY,NN,45.0,317.6,35,990,51,13,51,13,210,,220,200,,NaN,NaN,NaN,NaN,NaN,EX,NW,B,B,500,1012,NaN,NaN,120,NaN,
2022091406,06l.2022,EARL,TY,NN,45.4,318.4,35,990,54,9,54,9,210,,220,200,,NaN,NaN,NaN,NaN,NaN,EX,NW,B,B,500,1012,NaN,NaN,140,NaN,
2022091412,06l.2022,EARL,TY,NN,45.5,319.1,35,990,65,6,65,6,220,,,220,,NaN,NaN,NaN,NaN,NaN,EX,NW,B,B,500,1012,NaN,NaN,140,NaN,
2022091418,06l.2022,EARL,TY,NN,45.3,319.5,30,992,97,4,97,4,NaN,NaN,NaN,NaN,NaN,NaN,NaN,NaN,NaN,NaN,EX,NW,B,B,500,1012,NaN,NaN,140,NaN,
2022091500,06l.2022,EARL,TY,NN,45.2,320.6,30,994,106,5,106,5,NaN,NaN,NaN,NaN,NaN,NaN,NaN,NaN,NaN,NaN,EX,NW,B,B,350,1006,NaN,NaN,140,NaN,
2022091506,06l.2022,EARL,TY,NN,45.2,322.3,30,995,93,10,93,10,NaN,NaN,NaN,NaN,NaN,NaN,NaN,NaN,NaN,NaN,EX,NW,B,B,300,1004,NaN,NaN,140,NaN,
2022091512,06l.2022,EARL,TY,NN,45.6,323.9,30,996,80,12,80,12,NaN,NaN,NaN,NaN,NaN,NaN,NaN,NaN,NaN,NaN,EX,NW,B,B,300,1004,NaN,NaN,140,NaN,
2022091200,b6l.2022,9X-B6L,TY,NN,14.5,323.9,15,NaN,272,12,272,12,NaN,NaN,NaN,NaN,NaN,NaN,NaN,NaN,NaN,NaN,DB,NW,B,B,NaN,NaN,NaN,NaN,NaN,NaN,
2022091206,b6l.2022,9X-B6L,TY,NN,14.5,322.7,15,NaN,272,12,272,12,NaN,NaN,NaN,NaN,NaN,NaN,NaN,NaN,NaN,NaN,DB,NW,B,B,NaN,NaN,NaN,NaN,NaN,NaN,
2022091212,b6l.2022,9X-B6L,TY,NN,14.6,321.4,15,NaN,272,12,272,12,NaN,NaN,NaN,NaN,NaN,NaN,NaN,NaN,NaN,NaN,DB,NW,B,B,NaN,NaN,NaN,NaN,NaN,NaN,
2022091218,b6l.2022,9X-B6L,TY,NN,14.6,320.0,15,NaN,272,13,272,13,NaN,NaN,NaN,NaN,NaN,NaN,NaN,NaN,NaN,NaN,DB,NW,B,B,NaN,NaN,NaN,NaN,NaN,NaN,
2022091300,b6l.2022,9X-B6L,TY,NN,14.7,318.5,15,NaN,272,14,272,14,NaN,NaN,NaN,NaN,NaN,NaN,NaN,NaN,NaN,NaN,DB,NW,B,B,NaN,NaN,NaN,NaN,NaN,NaN,
2022091306,b6l.2022,9X-B6L,TY,NN,14.7,317.1,15,NaN,272,14,272,14,NaN,NaN,NaN,NaN,NaN,NaN,NaN,NaN,NaN,NaN,DB,NW,B,B,NaN,NaN,NaN,NaN,NaN,NaN,
2022091312,b6l.2022,9X-B6L,TY,NN,14.8,315.7,20,1011,272,14,272,14,NaN,NaN,NaN,NaN,NaN,NaN,NaN,NaN,NaN,NaN,DB,NW,B,B,140,1012,NaN,S,80,NaN,
2022091318,b6l.2022,9X-B6L,TY,NN,15.1,314.5,20,1011,279,13,279,13,NaN,NaN,NaN,NaN,NaN,NaN,NaN,NaN,NaN,NaN,DB,NW,B,B,140,1012,NaN,S,80,NaN,
2022091400,b6l.2022,9X-B6L,TY,NN,15.5,313.4,25,1010,288,12,288,12,NaN,NaN,NaN,NaN,NaN,NaN,NaN,NaN,NaN,NaN,DB,NW,B,B,140,1012,NaN,S,70,NaN,
2022091406,b6l.2022,9X-B6L,TY,NN,16.0,312.1,25,1010,286,11,291,12,NaN,NaN,NaN,NaN,NaN,NaN,NaN,NaN,NaN,NaN,TD,NW,B,B,140,1012,NaN,S,70,NaN,
2022091412,07l.2022,FIONA,TY,NN,16.4,310.9,30,1009,286,11,291,13,NaN,NaN,NaN,NaN,NaN,NaN,NaN,NaN,NaN,NaN,TD,WN,B,B,120,1012,NaN,S,60,DPB,
2022091418,07l.2022,FIONA,TY,NN,16.6,309.9,35,1006,286,11,286,11,60,60,60,,,NaN,NaN,NaN,NaN,NaN,TS,WN,B,B,140,1011,NaN,S,50,DPB,
2022091500,07l.2022,FIONA,TY,NN,16.6,308.7,45,1002,275,11,275,11,110,100,120,,,NaN,NaN,NaN,NaN,NaN,TS,WN,B,B,140,1011,NaN,M,50,JPC,
2022091506,07l.2022,FIONA,TY,NN,16.5,307.6,45,1002,267,11,267,11,110,100,120,,,NaN,NaN,NaN,NaN,NaN,TS,WN,B,B,140,1011,NaN,M,50,BJR,
2022091512,07l.2022,FIONA,TY,NN,16.4,306.4,45,1002,265,11,265,11,110,120,110,,100,NaN,NaN,NaN,NaN,NaN,TS,WN,B,B,100,1011,NaN,M,50,RJB,
2022091518,07l.2022,FIONA,TY,NN,16.3,305.2,50,1006,265,12,265,12,110,120,110,,100,30,30,,,,TS,WN,B,B,120,1011,NaN,M,30,RJB,
2022091600,07l.2022,FIONA,TY,NN,16.1,303.8,50,1005,263,13,263,13,110,120,110,,100,30,30,,,,TS,WN,B,B,120,1011,NaN,M,30,JPC,
2022091606,07l.2022,FIONA,TY,NN,15.8,302.5,50,1005,259,13,259,13,110,120,110,,100,30,30,,,,TS,WN,B,B,150,1011,NaN,M,30,BJR,
2022091612,07l.2022,FIONA,TY,NN,15.8,301.2,45,1005,263,13,263,13,110,120,110,,100,NaN,NaN,NaN,NaN,NaN,TS,WN,B,B,150,1011,NaN,M,40,RJB,
2022091618,07l.2022,FIONA,TY,NN,16.3,299.6,45,1005,280,14,280,14,107,120,110,,90,NaN,NaN,NaN,NaN,NaN,TS,WN,B,B,150,1011,NaN,M,40,RJB,
2022091700,07l.2022,FIONA,TY,NN,16.4,298.4,50,1002,283,14,283,14,107,120,110,,90,60,60,,,,TS,WN,B,B,150,1011,0.12,M,30,NaN,
2022091706,07l.2022,FIONA,TY,NN,16.3,297.4,50,1000,270,11,270,11,97,110,100,,80,50,50,,,,TS,WN,B,B,150,1010,0.01,M,30,BJR,
2022091712,07l.2022,FIONA,TY,NN,16.4,296.7,50,1000,270,8,270,8,97,110,100,,80,50,50,,,,TS,WN,B,B,150,1010,NaN,M,30,RJB,
2022091718,07l.2022,FIONA,TY,NN,16.5,296.0,50,1002,278,7,278,7,103,110,120,,80,30,30,,,,TS,WN,B,B,120,1009,NaN,M,20,RJB,
2022091800,07l.2022,FIONA,TY,NN,16.5,295.3,50,997,274,7,274,7,85,110,120,30,80,30,30,,30,,TS,WN,B,B,120,1009,NaN,M,30,JLB,
2022091806,07l.2022,FIONA,TY,NN,16.9,294.5,55,994,286,7,286,7,85,110,120,30,80,50,50,,30,,TS,WN,B,B,120,1009,NaN,M,30,BJR,
2022091812,07l.2022,FIONA,TY,NN,17.2,293.8,65,990,296,8,296,8,85,110,120,30,80,50,50,50,30,,HU,WN,B,B,120,1008,NaN,D,30,RJP,
2022091818,07l.2022,FIONA,TY,NN,17.8,293.1,75,986,304,8,304,8,85,110,120,30,80,50,50,50,30,,HU,WN,B,B,120,1008,0.36,D,25,RJP,
2022091900,07l.2022,FIONA,TY,NN,18.1,292.2,75,984,301,9,301,9,90,120,120,30,90,43,50,50,30,30,HU,WN,B,B,140,1008,0.01,D,15,DPB,
2022091906,07l.2022,FIONA,TY,NN,18.2,291.6,80,977,286,7,286,7,98,120,130,50,90,43,50,50,50,30,HU,WN,B,B,140,1008,0.13,D,15,BJR,
2022091912,07l.2022,FIONA,TY,NN,18.8,291.1,75,980,304,6,304,6,98,120,120,50,100,43,50,50,50,30,HU,WN,B,B,120,1008,0.52,D,15,RJP,
2022091918,07l.2022,FIONA,TY,NN,19.5,290.5,85,972,321,8,321,8,98,120,120,50,100,47,50,50,50,40,HU,WN,B,B,120,1008,0.24,D,15,RJP,
2022092000,07l.2022,FIONA,TY,NN,20.2,289.9,95,974,321,9,321,9,105,130,130,60,100,45,60,50,60,40,HU,WN,B,B,180,1008,0.11,D,10,DPB,
2022092006,07l.2022,FIONA,TY,NN,20.8,289.3,100,967,319,9,319,9,105,130,130,60,100,50,60,50,60,50,HU,WN,B,B,180,1008,NaN,D,10,JLB,
2022092012,07l.2022,FIONA,TY,NN,21.5,288.8,100,961,322,8,322,8,115,130,130,80,120,58,70,60,80,60,HU,WN,B,B,150,1008,NaN,D,10,RJP,
2022092018,07l.2022,FIONA,TY,NN,22.3,288.3,100,959,328,9,328,9,115,130,130,80,120,58,70,60,80,60,HU,WN,B,B,160,1008,NaN,D,10,RJP,
2022092100,07l.2022,FIONA,TY,NN,22.9,288.2,110,951,338,8,338,8,118,140,130,80,120,58,70,60,80,60,HU,WN,B,B,160,1008,NaN,D,15,DPB,
2022092106,07l.2022,FIONA,TY,NN,23.5,288.2,120,939,356,6,356,6,118,140,130,80,120,58,70,60,80,60,HU,WN,B,B,160,1008,NaN,D,15,JLB,
2022092112,07l.2022,FIONA,TY,NN,24.2,288.3,115,937,4,7,4,7,128,140,170,80,120,65,70,90,80,60,HU,WN,B,B,200,1008,NaN,D,15,RJP,
2022092118,07l.2022,FIONA,TY,NN,25.1,288.4,115,937,6,8,6,8,128,140,170,80,120,65,70,90,80,60,HU,WN,B,B,210,1008,NaN,D,15,RJP,
2022092200,07l.2022,FIONA,TY,NN,26.0,288.6,115,934,9,9,9,9,142,150,180,110,130,92,100,100,110,90,HU,WN,B,B,240,1008,NaN,D,15,RJB,
2022092206,07l.2022,FIONA,TY,NN,26.9,288.9,115,934,14,9,14,9,152,150,180,130,150,95,100,100,130,100,HU,WN,B,B,240,1008,NaN,D,15,JLB,
2022092212,07l.2022,FIONA,TY,NN,28.0,289.4,115,936,20,11,20,11,152,150,180,130,150,95,100,100,130,100,HU,WN,B,B,240,1008,NaN,D,20,DPB,
2022092218,07l.2022,FIONA,TY,NN,29.5,290.0,115,936,20,14,20,14,175,180,240,130,150,100,110,110,130,100,HU,WN,B,B,270,1007,NaN,D,20,DPB,
2022092300,07l.2022,FIONA,TY,NN,30.9,291.0,115,931,26,16,26,16,192,220,240,150,160,110,120,120,150,100,HU,WN,B,B,200,1004,NaN,D,20,RJB,
2022092306,07l.2022,FIONA,TY,NN,32.5,292.5,115,936,36,18,36,18,215,250,300,150,160,110,120,120,150,100,HU,WN,B,B,200,1002,NaN,D,20,JLB,
2022092312,07l.2022,FIONA,TY,NN,34.3,295.0,115,935,45,24,45,24,215,250,300,150,160,110,120,120,150,100,HU,WN,B,B,200,1002,NaN,D,25,WPC,
2022092318,07l.2022,FIONA,TY,NN,37.8,298.3,110,940,42,36,42,36,232,250,300,180,200,115,120,120,180,120,HU,WN,B,B,180,1002,NaN,D,30,RJP,
2022092400,07l.2022,FIONA,TY,NN,42.3,299.3,100,932,23,43,23,43,238,250,300,200,200,160,150,180,200,170,EX,WN,B,B,180,1002,NaN,D,90,RJP,
2022092406,07l.2022,FIONA,TY,NN,45.0,298.8,85,931,3,36,3,36,312,275,350,350,275,192,180,220,350,170,EX,WN,B,B,300,1000,0.08,D,100,JLB,
2022092412,07l.2022,FIONA,TY,NN,46.8,298.8,75,938,355,23,355,23,302,270,350,350,240,165,150,180,350,150,EX,WN,B,B,300,1000,0.19,D,100,JPC,
2022092418,07l.2022,FIONA,TY,NN,47.9,299.2,65,952,5,15,5,15,330,270,360,480,210,135,120,150,480,120,EX,NW,B,B,300,1000,NaN,D,100,NaN,
2022092500,07l.2022,FIONA,TY,NN,48.8,300.2,60,968,25,11,25,11,335,200,450,480,210,105,90,120,480,90,EX,NW,B,B,400,1002,NaN,NaN,100,NaN,
2022092506,07l.2022,FIONA,TY,NN,50.6,301.4,50,972,28,15,28,15,160,120,200,160,160,60,,60,160,,EX,NW,B,B,400,1002,0.01,NaN,60,NaN,
2022092512,07l.2022,FIONA,TY,NN,53.1,302.5,45,981,19,23,19,23,160,120,200,160,160,NaN,NaN,NaN,NaN,NaN,EX,NW,B,B,400,1002,0.95,NaN,60,NaN,
2022092518,07l.2022,FIONA,TY,NN,55.5,302.0,40,984,4,25,4,25,160,120,200,160,160,NaN,NaN,NaN,NaN,NaN,EX,NW,B,B,400,1002,NaN,NaN,60,NaN,
2022092600,07l.2022,FIONA,TY,NN,57.5,301.0,35,985,349,22,349,22,160,120,200,160,160,NaN,NaN,NaN,NaN,NaN,EX,NW,B,B,400,1002,NaN,NaN,60,NaN,
2022092606,07l.2022,FIONA,TY,NN,58.5,301.0,35,985,350,15,350,15,160,120,200,160,160,NaN,NaN,NaN,NaN,NaN,EX,NW,B,B,400,1002,NaN,NaN,60,NaN,
2022092612,07l.2022,FIONA,TY,NN,59.5,301.0,35,986,360,10,360,10,160,120,200,160,160,NaN,NaN,NaN,NaN,NaN,EX,NW,B,B,400,1002,NaN,NaN,60,NaN,
2022092618,07l.2022,FIONA,TY,NN,60.5,301.5,35,988,7,10,7,10,150,120,200,160,120,NaN,NaN,NaN,NaN,NaN,EX,NW,B,B,400,1002,NaN,NaN,60,NaN,
2022092700,07l.2022,FIONA,TY,NN,61.5,302.0,35,994,14,10,14,10,150,120,200,160,120,NaN,NaN,NaN,NaN,NaN,EX,NW,B,B,400,1002,NaN,NaN,60,NaN,
2022092706,07l.2022,FIONA,TY,NN,62.5,303.0,35,998,20,11,20,11,150,120,200,160,120,NaN,NaN,NaN,NaN,NaN,EX,NW,B,B,400,1002,NaN,NaN,60,NaN,
2022092712,07l.2022,FIONA,TY,NN,63.3,305.0,35,1000,38,11,38,11,150,120,200,160,120,NaN,NaN,NaN,NaN,NaN,EX,NW,B,B,400,1002,NaN,NaN,60,NaN,
2022092718,07l.2022,FIONA,TY,NN,64.0,308.0,25,1002,56,14,56,14,NaN,NaN,NaN,NaN,NaN,NaN,NaN,NaN,NaN,NaN,EX,NW,B,B,400,1002,0.17,NaN,60,NaN,
2022091800,b7l.2022,9X-B7L,TS,NN,22.3,315.5,15,1017,348,13,348,13,NaN,NaN,NaN,NaN,NaN,NaN,NaN,NaN,NaN,NaN,DB,NW,B,B,NaN,NaN,NaN,NaN,NaN,NaN,
2022091806,b7l.2022,9X-B7L,TS,NN,23.4,315.2,20,1017,348,13,348,13,NaN,NaN,NaN,NaN,NaN,NaN,NaN,NaN,NaN,NaN,DB,NW,B,B,NaN,NaN,NaN,NaN,NaN,NaN,
2022091812,b7l.2022,9X-B7L,TS,NN,24.8,314.9,20,1017,348,13,348,13,NaN,NaN,NaN,NaN,NaN,NaN,NaN,NaN,NaN,NaN,DB,NW,B,B,NaN,NaN,NaN,NaN,NaN,NaN,
2022091818,b7l.2022,9X-B7L,TS,NN,26.6,314.4,20,1017,347,16,347,16,NaN,NaN,NaN,NaN,NaN,NaN,NaN,NaN,NaN,NaN,DB,NW,B,B,NaN,NaN,NaN,NaN,NaN,NaN,
2022091900,b7l.2022,9X-B7L,TS,NN,27.8,314.0,25,1015,345,16,345,16,NaN,NaN,NaN,NaN,NaN,NaN,NaN,NaN,NaN,NaN,LO,NW,B,B,130,1017,NaN,S,60,NaN,
2022091906,b7l.2022,9X-B7L,TS,NN,28.4,313.8,25,1014,344,9,344,9,NaN,NaN,NaN,NaN,NaN,NaN,NaN,NaN,NaN,NaN,LO,NW,B,B,130,1017,NaN,S,60,NaN,
2022091912,b7l.2022,9X-B7L,TS,NN,28.7,313.7,25,1014,14,9,344,5,NaN,NaN,NaN,NaN,NaN,NaN,NaN,NaN,NaN,NaN,LO,NW,B,B,130,1017,NaN,NaN,60,NaN,
2022091918,b7l.2022,9X-B7L,TS,NN,29.6,314.2,25,1014,14,9,16,6,NaN,NaN,NaN,NaN,NaN,NaN,NaN,NaN,NaN,NaN,LO,NW,B,B,130,1017,NaN,S,60,NaN,
2022092000,b7l.2022,9X-B7L,TS,NN,30.4,314.2,25,1014,14,9,14,9,NaN,NaN,NaN,NaN,NaN,NaN,NaN,NaN,NaN,NaN,LO,NW,B,B,130,1017,NaN,S,60,NaN,
2022092006,b7l.2022,9X-B7L,TS,NN,31.3,314.1,25,1013,357,9,357,9,NaN,NaN,NaN,NaN,NaN,NaN,NaN,NaN,NaN,NaN,LO,NW,B,B,120,1017,NaN,S,50,NaN,
2022092012,08l.2022,GASTON,TS,NN,32.5,314.2,30,1013,360,10,360,11,NaN,NaN,NaN,NaN,NaN,NaN,NaN,NaN,NaN,NaN,TD,WN,B,B,110,1017,NaN,S,50,WPC,
2022092018,08l.2022,GASTON,TS,NN,34.0,315.0,35,1009,16,14,16,14,55,60,,,50,NaN,NaN,NaN,NaN,NaN,TS,WN,B,B,100,1016,NaN,M,30,WPC,
2022092100,08l.2022,GASTON,TS,NN,35.5,315.9,45,1004,25,17,25,17,57,60,60,,50,NaN,NaN,NaN,NaN,NaN,TS,WN,B,B,120,1018,NaN,M,30,HSM,
2022092106,08l.2022,GASTON,TS,NN,36.9,316.9,55,999,28,16,28,16,58,60,60,60,50,30,,30,60,30,TS,WN,B,B,120,1018,NaN,M,25,PPP,
2022092112,08l.2022,GASTON,TS,NN,37.9,318.0,55,998,35,15,35,15,58,60,60,60,50,30,,30,60,30,TS,WN,B,B,120,1018,NaN,M,25,WPC,
2022092118,08l.2022,GASTON,TS,NN,38.6,319.3,55,998,48,13,48,13,48,40,50,50,50,25,,25,50,,TS,WN,B,B,120,1018,NaN,M,25,WPC,
2022092200,08l.2022,GASTON,TS,NN,39.4,321.4,55,998,61,15,61,15,48,40,50,50,50,25,,25,50,,TS,WN,B,B,120,1018,NaN,M,25,DPB,
2022092206,08l.2022,GASTON,TS,NN,40.1,323.5,55,998,65,18,65,18,68,60,70,70,70,25,,25,70,,TS,WN,B,B,120,1018,NaN,M,25,DPR,
2022092212,08l.2022,GASTON,TS,NN,40.7,325.2,55,996,66,16,66,16,95,90,100,100,90,40,,40,100,,TS,WN,B,B,120,1018,NaN,M,20,WPC,
2022092218,08l.2022,GASTON,TS,NN,41.0,326.9,55,994,71,14,71,14,95,90,100,100,90,40,,40,100,,TS,WN,B,B,120,1018,NaN,M,20,WPC,
2022092300,08l.2022,GASTON,TS,NN,41.1,328.5,55,995,81,13,81,13,95,90,100,100,90,40,,40,100,,TS,WN,B,B,150,1020,NaN,M,20,RJP,
2022092306,08l.2022,GASTON,TS,NN,40.9,329.9,55,995,93,11,93,11,95,90,100,100,90,40,,40,100,,TS,WN,B,B,150,1020,NaN,M,20,DPR,
2022092312,08l.2022,GASTON,TS,NN,40.5,330.8,55,995,109,9,109,9,110,90,100,100,150,40,40,,100,,TS,WN,B,B,200,1022,NaN,M,20,LRB,
2022092318,08l.2022,GASTON,TS,NN,39.8,331.2,50,997,138,7,138,7,110,90,100,100,150,40,,,100,40,TS,WN,B,B,200,1020,NaN,M,20,LRB,
2022092400,08l.2022,GASTON,TS,NN,39.1,330.8,45,999,180,7,180,7,110,90,100,100,150,NaN,NaN,NaN,NaN,NaN,TS,WN,B,B,200,1020,0.02,M,20,ASL,
2022092406,08l.2022,GASTON,TS,NN,38.7,330.3,45,1000,212,7,212,7,110,90,100,100,150,NaN,NaN,NaN,NaN,NaN,TS,WN,B,B,200,1020,NaN,M,20,DPR,
2022092412,08l.2022,GASTON,TS,NN,38.2,329.6,40,1001,226,6,226,6,105,90,90,100,140,NaN,NaN,NaN,NaN,NaN,TS,WN,B,B,160,1018,NaN,S,40,LRB,
2022092418,08l.2022,GASTON,TS,NN,38.0,328.6,45,998,242,8,242,8,100,100,,,100,NaN,NaN,NaN,NaN,NaN,TS,WN,B,B,160,1016,NaN,S,50,LRB,
2022092500,08l.2022,GASTON,TS,NN,38.4,327.3,45,998,276,9,276,9,80,100,,,60,NaN,NaN,NaN,NaN,NaN,TS,WN,B,B,160,1016,NaN,S,50,ASL,
2022092506,08l.2022,GASTON,TS,NN,38.9,325.9,45,999,293,11,293,11,80,100,,,60,NaN,NaN,NaN,NaN,NaN,TS,WN,B,B,160,1016,NaN,S,50,JLB,
2022092512,08l.2022,GASTON,TS,NN,39.4,324.3,45,999,293,13,293,13,73,100,,60,60,NaN,NaN,NaN,NaN,NaN,TS,WN,B,B,140,1016,NaN,M,50,PPP,
2022092518,08l.2022,GASTON,TS,NN,39.2,323.0,40,1000,278,11,278,11,67,90,,50,60,NaN,NaN,NaN,NaN,NaN,TS,WN,B,B,140,1016,NaN,M,50,PPP,
2022092600,08l.2022,GASTON,TS,NN,38.8,322.3,35,1007,249,8,249,8,55,60,,,50,NaN,NaN,NaN,NaN,NaN,LO,WN,B,B,130,1018,NaN,S,50,DAZ,
2022092606,08l.2022,GASTON,TS,NN,38.5,321.5,35,1010,239,7,239,7,55,60,,,50,NaN,NaN,NaN,NaN,NaN,LO,NW,B,B,130,1018,NaN,NaN,50,NaN,
2022092612,08l.2022,GASTON,TS,NN,38.4,320.6,30,1011,253,7,253,7,NaN,NaN,NaN,NaN,NaN,NaN,NaN,NaN,NaN,NaN,LO,NW,B,B,130,1018,NaN,NaN,50,NaN,
2022092618,08l.2022,GASTON,TS,NN,38.2,319.6,30,1012,259,8,259,8,NaN,NaN,NaN,NaN,NaN,NaN,NaN,NaN,NaN,NaN,LO,NW,B,B,130,1020,NaN,NaN,50,NaN,
2022092700,08l.2022,GASTON,TS,NN,38.0,318.5,30,1012,256,8,256,8,NaN,NaN,NaN,NaN,NaN,NaN,NaN,NaN,NaN,NaN,LO,NW,B,B,130,1020,NaN,NaN,50,NaN,
2022092706,08l.2022,GASTON,TS,NN,37.6,317.2,30,1013,252,10,252,10,NaN,NaN,NaN,NaN,NaN,NaN,NaN,NaN,NaN,NaN,LO,NW,B,B,130,1020,NaN,NaN,50,NaN,
2022092712,08l.2022,GASTON,TS,NN,37.2,315.8,25,1014,249,11,249,11,NaN,NaN,NaN,NaN,NaN,NaN,NaN,NaN,NaN,NaN,LO,NW,B,B,130,1020,NaN,NaN,50,NaN,
2022092718,08l.2022,GASTON,TS,NN,37.0,314.1,25,1015,256,13,256,13,NaN,NaN,NaN,NaN,NaN,NaN,NaN,NaN,NaN,NaN,LO,NW,B,B,130,1020,NaN,NaN,50,NaN,
2022091912,b8l.2022,9X-B8L,STY,NN,9.9,313.4,20,1012,272,16,272,16,NaN,NaN,NaN,NaN,NaN,NaN,NaN,NaN,NaN,NaN,DB,NW,B,B,NaN,NaN,NaN,NaN,NaN,NaN,
2022091918,b8l.2022,9X-B8L,STY,NN,10.1,311.8,15,1012,272,16,272,16,NaN,NaN,NaN,NaN,NaN,NaN,NaN,NaN,NaN,NaN,DB,NW,B,B,NaN,NaN,NaN,NaN,NaN,NaN,
2022092000,b8l.2022,9X-B8L,STY,NN,10.0,310.2,20,1012,272,16,272,16,NaN,NaN,NaN,NaN,NaN,NaN,NaN,NaN,NaN,NaN,DB,NW,B,B,NaN,NaN,NaN,NaN,NaN,NaN,
2022092006,b8l.2022,9X-B8L,STY,NN,10.2,308.1,25,1012,272,18,272,18,NaN,NaN,NaN,NaN,NaN,NaN,NaN,NaN,NaN,NaN,DB,NW,B,B,NaN,NaN,NaN,NaN,NaN,NaN,
2022092012,b8l.2022,9X-B8L,STY,NN,10.0,305.0,30,1010,270,26,270,26,NaN,NaN,NaN,NaN,NaN,NaN,NaN,NaN,NaN,NaN,DB,NW,B,B,150,1012,NaN,S,90,NaN,
2022092018,b8l.2022,9X-B8L,STY,NN,10.1,304.0,30,1009,269,20,269,20,NaN,NaN,NaN,NaN,NaN,NaN,NaN,NaN,NaN,NaN,DB,NW,B,B,150,1010,NaN,S,90,NaN,
2022092100,b8l.2022,9X-B8L,STY,NN,10.2,303.4,30,1009,277,8,277,8,NaN,NaN,NaN,NaN,NaN,NaN,NaN,NaN,NaN,NaN,DB,NW,B,B,150,1011,NaN,S,90,NaN,
2022092106,b8l.2022,9X-B8L,STY,NN,10.2,302.2,30,1009,273,9,273,9,NaN,NaN,NaN,NaN,NaN,NaN,NaN,NaN,NaN,NaN,DB,NW,B,B,150,1011,NaN,S,90,NaN,
2022092112,b8l.2022,9X-B8L,STY,NN,10.5,300.5,30,1007,276,14,276,14,NaN,NaN,NaN,NaN,NaN,NaN,NaN,NaN,NaN,NaN,DB,NW,B,B,150,1010,NaN,S,90,NaN,
2022092118,b8l.2022,9X-B8L,STY,NN,10.9,298.6,30,1007,281,18,281,18,NaN,NaN,NaN,NaN,NaN,NaN,NaN,NaN,NaN,NaN,DB,NW,B,B,150,1010,0.16,S,90,NaN,
2022092200,b8l.2022,9X-B8L,STY,NN,11.2,297.2,30,1007,282,17,282,17,NaN,NaN,NaN,NaN,NaN,NaN,NaN,NaN,NaN,NaN,DB,NW,B,B,150,1010,0.18,S,90,NaN,
2022092206,b8l.2022,9X-B8L,STY,NN,11.3,295.9,30,1007,279,13,279,13,NaN,NaN,NaN,NaN,NaN,NaN,NaN,NaN,NaN,NaN,DB,NW,B,B,150,1010,0.04,S,90,NaN,
2022092212,b8l.2022,9X-B8L,STY,NN,11.7,294.9,30,1007,283,12,283,12,NaN,NaN,NaN,NaN,NaN,NaN,NaN,NaN,NaN,NaN,DB,NW,B,B,150,1010,NaN,S,90,NaN,
2022092218,b8l.2022,9X-B8L,STY,NN,12.3,293.7,30,1006,309,11,295,12,NaN,NaN,NaN,NaN,NaN,NaN,NaN,NaN,NaN,NaN,LO,NW,B,B,150,1010,NaN,S,70,NaN,
2022092300,b8l.2022,9X-B8L,STY,NN,12.9,292.8,30,1006,309,11,300,12,NaN,NaN,NaN,NaN,NaN,NaN,NaN,NaN,NaN,NaN,LO,NW,B,B,150,1010,NaN,S,70,NaN,
2022092306,09l.2022,IAN,STY,NN,13.7,291.9,30,1006,309,11,309,11,NaN,NaN,NaN,NaN,NaN,NaN,NaN,NaN,NaN,NaN,TD,WN,B,B,150,1010,NaN,S,60,PPP,
2022092312,09l.2022,IAN,STY,NN,14.2,290.7,30,1006,302,12,302,12,NaN,NaN,NaN,NaN,NaN,NaN,NaN,NaN,NaN,NaN,TD,WN,B,B,130,1010,NaN,S,60,BJR,
2022092318,09l.2022,IAN,STY,NN,14.6,289.4,30,1006,290,13,290,13,NaN,NaN,NaN,NaN,NaN,NaN,NaN,NaN,NaN,NaN,TD,WN,B,B,130,1010,NaN,S,60,BJR,
2022092400,09l.2022,IAN,STY,NN,14.7,288.3,35,1005,282,12,282,12,30,,,,30,NaN,NaN,NaN,NaN,NaN,TS,WN,B,B,140,1010,NaN,S,30,RJB,
2022092406,09l.2022,IAN,STY,NN,14.7,287.1,35,1005,273,11,273,11,30,,,,30,NaN,NaN,NaN,NaN,NaN,TS,WN,B,B,160,1010,NaN,S,30,DPB,
2022092412,09l.2022,IAN,STY,NN,14.5,285.6,40,1003,266,13,266,13,50,,,,50,NaN,NaN,NaN,NaN,NaN,TS,WN,B,B,160,1010,NaN,S,30,BJR,
2022092418,09l.2022,IAN,STY,NN,14.4,284.2,40,1003,264,14,264,14,50,,,,50,NaN,NaN,NaN,NaN,NaN,TS,WN,B,B,160,1010,NaN,S,30,BJR,
2022092500,09l.2022,IAN,STY,NN,14.6,282.8,40,1003,272,14,272,14,45,40,,,50,NaN,NaN,NaN,NaN,NaN,TS,WN,B,B,190,1009,NaN,S,30,RJB,
2022092506,09l.2022,IAN,STY,NN,14.6,281.7,40,1003,275,12,275,12,45,40,,,50,NaN,NaN,NaN,NaN,NaN,TS,WN,B,B,180,1008,NaN,S,30,DPB,
2022092512,09l.2022,IAN,STY,NN,15.0,280.6,40,1003,281,11,281,11,45,40,,,50,NaN,NaN,NaN,NaN,NaN,TS,WN,B,B,180,1008,NaN,S,30,BJR,
2022092518,09l.2022,IAN,STY,NN,15.8,279.9,40,1003,305,11,305,11,45,40,,,50,NaN,NaN,NaN,NaN,NaN,TS,WN,B,B,180,1008,NaN,S,30,BJR,
2022092600,09l.2022,IAN,STY,NN,16.8,279.1,50,991,321,12,321,12,50,60,60,,30,30,30,,,,TS,WN,B,B,120,1007,NaN,D,30,RJP,
2022092606,09l.2022,IAN,STY,NN,17.7,278.3,65,985,321,12,321,12,60,70,70,30,70,27,30,30,30,20,HU,WN,B,B,150,1007,NaN,D,15,DPB,
2022092612,09l.2022,IAN,STY,NN,18.7,277.6,70,981,323,12,323,12,75,90,80,40,90,37,40,40,40,30,HU,WN,B,B,150,1008,NaN,D,15,BJR,
2022092618,09l.2022,IAN,STY,NN,19.7,277.0,80,976,328,12,328,12,85,100,90,60,90,38,50,50,60,30,HU,WN,B,B,150,1008,NaN,D,20,BJR,
2022092700,09l.2022,IAN,STY,NN,20.8,276.7,85,965,338,11,338,11,85,100,90,60,90,38,50,50,60,30,HU,WN,B,B,130,1006,NaN,D,20,RJP,
2022092706,09l.2022,IAN,STY,NN,21.8,276.4,100,956,345,11,345,11,90,100,100,70,90,42,50,50,70,40,HU,WN,B,B,200,1008,0.27,D,15,DPB,
2022092712,09l.2022,IAN,STY,NN,22.6,276.4,100,963,351,9,351,9,115,120,120,100,120,58,60,60,100,60,HU,WN,B,B,270,1009,0.61,D,15,ESB,
2022092718,09l.2022,IAN,STY,NN,23.5,276.7,105,951,9,9,9,9,115,120,120,100,120,58,60,60,100,60,HU,WN,B,B,270,1009,NaN,D,15,ESB,
2022092800,09l.2022,IAN,STY,NN,24.4,277.0,105,947,17,9,17,9,115,120,120,100,120,58,60,60,100,60,HU,WN,B,B,180,1008,NaN,D,20,DPB,
2022092806,09l.2022,IAN,STY,NN,25.2,277.1,120,945,12,9,12,9,125,120,130,100,150,65,70,60,100,70,HU,WN,B,B,200,1010,NaN,D,20,ESB,
2022092812,09l.2022,IAN,STY,NN,26.0,277.3,140,937,10,8,10,8,128,120,140,100,150,70,70,60,100,80,HU,WN,B,B,270,1010,NaN,D,20,ESB,
2022092818,09l.2022,IAN,STY,NN,26.6,277.6,135,938,18,7,18,7,132,130,150,100,150,65,50,60,100,80,HU,WN,B,B,270,1010,0.08,D,20,ESB,
2022092900,09l.2022,IAN,STY,NN,27.2,278.3,100,960,37,7,37,7,160,180,120,120,220,58,50,60,120,70,HU,WN,B,B,250,1010,0.97,D,20,RJP,
2022092906,09l.2022,IAN,STY,NN,27.7,278.9,65,985,46,8,46,8,208,360,120,150,200,55,60,50,150,70,HU,WN,B,B,240,1010,0.91,D,20,RJB,
2022092912,09l.2022,IAN,STY,NN,28.4,279.4,60,987,39,8,39,8,208,360,120,150,200,55,60,50,150,70,TS,WN,B,B,240,1009,0.28,D,40,ESB,
2022092918,09l.2022,IAN,STY,NN,28.9,279.9,65,986,36,7,36,7,212,360,140,150,200,70,60,,150,100,HU,WN,B,B,260,1008,NaN,D,40,ESB,
2022093000,09l.2022,IAN,STY,NN,29.6,280.6,70,986,41,8,41,8,228,420,150,120,220,85,60,80,120,120,HU,WN,B,B,260,1008,NaN,D,40,RJP,
2022093006,09l.2022,IAN,STY,NN,30.3,280.9,75,984,32,8,32,8,202,420,130,100,160,85,80,60,100,120,HU,WN,B,B,180,1007,NaN,D,40,RJB,
2022093012,09l.2022,IAN,STY,NN,31.5,281.0,75,980,10,10,10,10,158,240,130,120,140,75,80,60,120,80,HU,WN,B,B,210,1008,NaN,D,40,ESB,
2022093018,09l.2022,IAN,STY,NN,33.3,280.8,70,978,358,15,358,15,120,190,130,100,60,65,80,60,100,40,HU,WN,B,B,210,1007,0.49,D,40,ESB,
2022100100,09l.2022,IAN,STY,NN,34.4,280.7,50,990,355,15,355,15,165,160,170,,,90,,90,,,EX,WN,B,B,210,1007,1.00,D,80,BJR,
2022100106,09l.2022,IAN,STY,NN,35.3,280.3,30,999,348,10,348,10,NaN,NaN,NaN,NaN,NaN,NaN,NaN,NaN,NaN,NaN,EX,WN,B,B,185,1008,1.00,D,180,RJB,
2022100112,09l.2022,IAN,STY,NN,35.8,280.1,20,1005,341,7,341,7,NaN,NaN,NaN,NaN,NaN,NaN,NaN,NaN,NaN,NaN,EX,WN,B,B,405,1010,0.97,M,400,WPC,
2022100118,09l.2022,IAN,STY,NN,36.7,280.8,20,1008,16,7,16,7,NaN,NaN,NaN,NaN,NaN,NaN,NaN,NaN,NaN,NaN,EX,WN,B,B,60,1009,0.98,M,55,WPC,
2022100200,09l.2022,IAN,STY,NN,37.3,281.5,15,1009,37,9,37,9,NaN,NaN,NaN,NaN,NaN,NaN,NaN,NaN,NaN,NaN,EX,NW,B,B,45,1010,0.98,S,40,NaN,
2022092112,c0l.2022,9X-C0L,TS,NN,15.2,348.0,15,NaN,270,10,270,10,NaN,NaN,NaN,NaN,NaN,NaN,NaN,NaN,NaN,NaN,DB,NW,B,B,NaN,NaN,0.98,NaN,NaN,NaN,
2022092118,c0l.2022,9X-C0L,TS,NN,15.2,347.0,15,NaN,270,10,270,10,NaN,NaN,NaN,NaN,NaN,NaN,NaN,NaN,NaN,NaN,DB,NW,B,B,NaN,NaN,0.98,NaN,NaN,NaN,
2022092200,c0l.2022,9X-C0L,TS,NN,15.2,346.0,20,NaN,270,10,270,10,NaN,NaN,NaN,NaN,NaN,NaN,NaN,NaN,NaN,NaN,DB,NW,B,B,NaN,NaN,1.00,NaN,NaN,NaN,
2022092206,c0l.2022,9X-C0L,TS,NN,15.2,345.0,20,NaN,270,10,270,10,NaN,NaN,NaN,NaN,NaN,NaN,NaN,NaN,NaN,NaN,DB,NW,B,B,NaN,NaN,1.00,NaN,NaN,NaN,
2022092212,c0l.2022,9X-C0L,TS,NN,15.1,343.3,25,1008,268,13,268,13,NaN,NaN,NaN,NaN,NaN,NaN,NaN,NaN,NaN,NaN,DB,NW,B,B,150,1010,0.93,S,90,NaN,
2022092218,c0l.2022,9X-C0L,TS,NN,15.1,341.9,25,1007,268,15,268,15,NaN,NaN,NaN,NaN,NaN,NaN,NaN,NaN,NaN,NaN,DB,NW,B,B,150,1010,NaN,S,90,NaN,
2022092300,c0l.2022,9X-C0L,TS,NN,15.1,341.9,25,1007,270,7,270,7,NaN,NaN,NaN,NaN,NaN,NaN,NaN,NaN,NaN,NaN,DB,NW,B,B,250,1011,NaN,S,60,NaN,
2022092306,c0l.2022,9X-C0L,TS,NN,16.6,340.6,30,1005,330,9,320,10,NaN,NaN,NaN,NaN,NaN,NaN,NaN,NaN,NaN,NaN,LO,NW,B,B,250,1011,NaN,M,60,NaN,
2022092312,10l.2022,HERMINE,TS,NN,17.4,340.1,30,1004,330,9,323,14,NaN,NaN,NaN,NaN,NaN,NaN,NaN,NaN,NaN,NaN,TD,WN,B,B,250,1011,NaN,M,50,ESB,
2022092318,10l.2022,HERMINE,TS,NN,18.1,339.7,35,1003,330,9,330,9,40,40,,,,NaN,NaN,NaN,NaN,NaN,TS,WN,B,B,250,1010,NaN,M,40,ESB,
2022092400,10l.2022,HERMINE,TS,NN,18.7,339.3,35,1003,330,8,330,8,40,40,,,,NaN,NaN,NaN,NaN,NaN,TS,WN,B,B,250,1010,NaN,M,40,ASL,
2022092406,10l.2022,HERMINE,TS,NN,19.4,339.1,35,1004,336,7,336,7,40,40,,,,NaN,NaN,NaN,NaN,NaN,TS,WN,B,B,250,1010,NaN,M,40,DPR,
2022092412,10l.2022,HERMINE,TS,NN,20.3,339.1,30,1005,353,8,353,8,NaN,NaN,NaN,NaN,NaN,NaN,NaN,NaN,NaN,NaN,TD,WN,B,B,250,1010,NaN,M,50,JPC,
2022092418,10l.2022,HERMINE,TS,NN,21.4,339.3,30,1006,5,10,5,10,NaN,NaN,NaN,NaN,NaN,NaN,NaN,NaN,NaN,NaN,TD,WN,B,B,180,1010,NaN,M,60,JPC,
2022092500,10l.2022,HERMINE,TS,NN,22.4,339.5,30,1006,10,11,10,11,NaN,NaN,NaN,NaN,NaN,NaN,NaN,NaN,NaN,NaN,LO,WN,B,B,180,1010,NaN,M,70,ASL,
2022092506,10l.2022,HERMINE,TS,NN,23.1,339.7,25,1007,12,9,12,9,NaN,NaN,NaN,NaN,NaN,NaN,NaN,NaN,NaN,NaN,LO,WN,B,B,180,1010,NaN,M,80,DPR,
2022092512,10l.2022,HERMINE,TS,NN,23.7,339.9,25,1007,16,7,16,7,NaN,NaN,NaN,NaN,NaN,NaN,NaN,NaN,NaN,NaN,LO,NW,B,B,160,1011,NaN,NaN,80,NaN,
2022092518,10l.2022,HERMINE,TS,NN,24.1,340.2,25,1008,25,5,25,5,NaN,NaN,NaN,NaN,NaN,NaN,NaN,NaN,NaN,NaN,LO,NW,B,B,160,1011,NaN,NaN,90,NaN,
2022092600,10l.2022,HERMINE,TS,NN,24.6,340.6,25,1008,35,6,35,6,NaN,NaN,NaN,NaN,NaN,NaN,NaN,NaN,NaN,NaN,LO,NW,B,B,160,1011,NaN,NaN,100,NaN,
2022092012,b9l.2022,9X-B9L,TD,NN,10.1,329.9,20,1010,281,8,281,8,NaN,NaN,NaN,NaN,NaN,NaN,NaN,NaN,NaN,NaN,DB,NW,B,B,150,1011,NaN,NaN,100,NaN,
2022092018,b9l.2022,9X-B9L,TD,NN,10.3,328.9,20,1010,281,8,281,8,NaN,NaN,NaN,NaN,NaN,NaN,NaN,NaN,NaN,NaN,DB,NW,B,B,150,1011,NaN,NaN,100,NaN,
2022092100,b9l.2022,9X-B9L,TD,NN,10.4,328.3,20,1010,281,8,281,8,NaN,NaN,NaN,NaN,NaN,NaN,NaN,NaN,NaN,NaN,DB,NW,B,B,NaN,NaN,NaN,NaN,NaN,NaN,
2022092106,b9l.2022,9X-B9L,TD,NN,10.7,327.7,20,1010,289,6,289,6,NaN,NaN,NaN,NaN,NaN,NaN,NaN,NaN,NaN,NaN,DB,NW,B,B,150,1011,NaN,NaN,90,NaN,
2022092112,b9l.2022,9X-B9L,TD,NN,10.6,327.9,20,1010,297,2,297,2,NaN,NaN,NaN,NaN,NaN,NaN,NaN,NaN,NaN,NaN,DB,NW,B,B,150,1011,NaN,S,90,NaN,
2022092118,b9l.2022,9X-B9L,TD,NN,10.6,327.6,20,1010,225,1,225,1,NaN,NaN,NaN,NaN,NaN,NaN,NaN,NaN,NaN,NaN,DB,NW,B,B,150,1011,NaN,NaN,90,NaN,
2022092200,b9l.2022,9X-B9L,TD,NN,10.7,327.1,20,1010,277,4,277,4,NaN,NaN,NaN,NaN,NaN,NaN,NaN,NaN,NaN,NaN,DB,NW,B,B,150,1011,NaN,S,90,NaN,
2022092206,b9l.2022,9X-B9L,TD,NN,10.8,326.6,20,1010,282,5,282,5,NaN,NaN,NaN,NaN,NaN,NaN,NaN,NaN,NaN,NaN,DB,NW,B,B,150,1011,NaN,S,90,NaN,
2022092212,b9l.2022,9X-B9L,TD,NN,10.8,326.1,20,1010,276,5,276,5,NaN,NaN,NaN,NaN,NaN,NaN,NaN,NaN,NaN,NaN,DB,NW,B,B,150,1011,NaN,S,90,NaN,
2022092218,b9l.2022,9X-B9L,TD,NN,10.6,325.9,20,1010,254,4,254,4,NaN,NaN,NaN,NaN,NaN,NaN,NaN,NaN,NaN,NaN,DB,NW,B,B,150,1011,NaN,S,90,NaN,
2022092300,b9l.2022,9X-B9L,TD,NN,10.4,325.6,20,1010,231,3,231,3,NaN,NaN,NaN,NaN,NaN,NaN,NaN,NaN,NaN,NaN,DB,NW,B,B,150,1011,NaN,S,90,NaN,
2022092306,b9l.2022,9X-B9L,TD,NN,10.8,325.0,20,1009,283,5,283,5,NaN,NaN,NaN,NaN,NaN,NaN,NaN,NaN,NaN,NaN,LO,NW,B,B,150,1011,NaN,S,90,NaN,
2022092312,b9l.2022,9X-B9L,TD,NN,11.2,324.5,20,1009,307,7,307,7,NaN,NaN,NaN,NaN,NaN,NaN,NaN,NaN,NaN,NaN,LO,NW,B,B,150,1011,NaN,S,90,NaN,
2022092318,b9l.2022,9X-B9L,TD,NN,11.6,324.1,20,1009,312,6,312,6,NaN,NaN,NaN,NaN,NaN,NaN,NaN,NaN,NaN,NaN,LO,NW,B,B,150,1011,NaN,S,90,NaN,
2022092400,b9l.2022,9X-B9L,TD,NN,12.0,323.7,20,1009,316,6,316,6,NaN,NaN,NaN,NaN,NaN,NaN,NaN,NaN,NaN,NaN,LO,NW,B,B,150,1011,NaN,S,90,NaN,
2022092406,b9l.2022,9X-B9L,TD,NN,12.0,323.6,20,1009,309,3,309,3,NaN,NaN,NaN,NaN,NaN,NaN,NaN,NaN,NaN,NaN,LO,NW,B,B,150,1011,NaN,S,90,NaN,
2022092412,b9l.2022,9X-B9L,TD,NN,12.0,323.5,25,1009,270,1,270,1,NaN,NaN,NaN,NaN,NaN,NaN,NaN,NaN,NaN,NaN,LO,NW,B,B,150,1011,NaN,S,90,NaN,
2022092418,b9l.2022,9X-B9L,TD,NN,12.4,323.5,25,1009,346,2,346,2,NaN,NaN,NaN,NaN,NaN,NaN,NaN,NaN,NaN,NaN,LO,NW,B,B,150,1011,NaN,S,90,NaN,
2022092500,b9l.2022,9X-B9L,TD,NN,12.9,324.0,25,1009,28,5,28,5,NaN,NaN,NaN,NaN,NaN,NaN,NaN,NaN,NaN,NaN,LO,NW,B,B,150,1011,NaN,S,90,NaN,
2022092506,b9l.2022,9X-B9L,TD,NN,13.6,324.2,25,1009,30,7,30,7,NaN,NaN,NaN,NaN,NaN,NaN,NaN,NaN,NaN,NaN,LO,NW,B,B,150,1011,NaN,S,90,NaN,
2022092512,b9l.2022,9X-B9L,TD,NN,13.9,323.7,25,1009,344,5,344,5,NaN,NaN,NaN,NaN,NaN,NaN,NaN,NaN,NaN,NaN,LO,NW,B,B,150,1011,NaN,S,70,NaN,
2022092518,b9l.2022,9X-B9L,TD,NN,14.2,323.9,25,1009,334,3,334,3,NaN,NaN,NaN,NaN,NaN,NaN,NaN,NaN,NaN,NaN,LO,NW,B,B,150,1011,NaN,S,70,NaN,
2022092600,b9l.2022,9X-B9L,TD,NN,14.8,324.1,25,1009,23,5,23,5,NaN,NaN,NaN,NaN,NaN,NaN,NaN,NaN,NaN,NaN,LO,NW,B,B,150,1012,NaN,S,60,NaN,
2022092606,b9l.2022,9X-B9L,TD,NN,14.8,324.2,25,1008,26,3,26,3,NaN,NaN,NaN,NaN,NaN,NaN,NaN,NaN,NaN,NaN,LO,NW,B,B,150,1012,NaN,S,60,NaN,
2022092612,b9l.2022,9X-B9L,TD,NN,14.4,324.2,25,1008,166,2,166,2,NaN,NaN,NaN,NaN,NaN,NaN,NaN,NaN,NaN,NaN,LO,NW,B,B,150,1012,NaN,S,60,NaN,
2022092618,b9l.2022,9X-B9L,TD,NN,13.8,324.2,25,1009,104,4,180,5,NaN,NaN,NaN,NaN,NaN,NaN,NaN,NaN,NaN,NaN,LO,NW,B,B,150,1012,NaN,NaN,60,NaN,
2022092700,b9l.2022,9X-B9L,TD,NN,13.6,324.6,25,1009,104,4,154,4,NaN,NaN,NaN,NaN,NaN,NaN,NaN,NaN,NaN,NaN,LO,NW,B,B,150,1012,NaN,S,60,NaN,
2022092706,b9l.2022,9X-B9L,TD,NN,13.6,325.0,25,1009,104,4,104,4,NaN,NaN,NaN,NaN,NaN,NaN,NaN,NaN,NaN,NaN,LO,NW,B,B,150,1012,NaN,S,60,NaN,
2022092712,b9l.2022,9X-B9L,TD,NN,13.8,325.3,25,1009,74,4,74,4,NaN,NaN,NaN,NaN,NaN,NaN,NaN,NaN,NaN,NaN,LO,NW,B,B,150,1012,NaN,S,60,NaN,
2022092718,b9l.2022,9X-B9L,TD,NN,14.1,325.5,25,1009,44,3,44,3,NaN,NaN,NaN,NaN,NaN,NaN,NaN,NaN,NaN,NaN,LO,NW,B,B,150,1012,NaN,S,60,NaN,
2022092800,b9l.2022,9X-B9L,TD,NN,14.5,325.7,30,1008,29,4,29,4,NaN,NaN,NaN,NaN,NaN,NaN,NaN,NaN,NaN,NaN,TD,NW,B,B,150,1012,NaN,S,60,NaN,
2022092806,11l.2022,ELEVEN,TD,NN,15.1,325.8,30,1008,16,5,16,5,NaN,NaN,NaN,NaN,NaN,NaN,NaN,NaN,NaN,NaN,TD,WN,B,B,150,1012,NaN,S,60,NaN,
2022092812,11l.2022,ELEVEN,TD,NN,15.7,325.7,25,1009,360,6,360,6,NaN,NaN,NaN,NaN,NaN,NaN,NaN,NaN,NaN,NaN,TD,WN,B,B,150,1012,NaN,S,60,PPP,
2022092818,11l.2022,ELEVEN,TD,NN,16.2,325.3,25,1009,336,6,336,6,NaN,NaN,NaN,NaN,NaN,NaN,NaN,NaN,NaN,NaN,TD,WN,B,B,150,1012,NaN,S,60,PPP,
2022092900,11l.2022,ELEVEN,TD,NN,16.7,324.8,25,1009,319,7,319,7,NaN,NaN,NaN,NaN,NaN,NaN,NaN,NaN,NaN,NaN,TD,WN,B,B,150,1012,NaN,S,60,DAZ,
2022092906,11l.2022,ELEVEN,TD,NN,17.5,324.0,25,1009,316,9,316,9,NaN,NaN,NaN,NaN,NaN,NaN,NaN,NaN,NaN,NaN,TD,WN,B,B,150,1012,NaN,S,60,DPB,
2022092912,11l.2022,ELEVEN,TD,NN,18.3,323.1,25,1009,315,11,315,11,NaN,NaN,NaN,NaN,NaN,NaN,NaN,NaN,NaN,NaN,LO,WN,B,B,150,1012,NaN,S,80,PPP,
2022092918,11l.2022,ELEVEN,TD,NN,18.6,322.5,25,1008,308,9,308,9,NaN,NaN,NaN,NaN,NaN,NaN,NaN,NaN,NaN,NaN,LO,WN,B,B,150,1012,NaN,S,70,PPP,
2022100212,c2l.2022,9X-C2L,TD,NN,11.3,336.8,15,NaN,270,8,270,8,NaN,NaN,NaN,NaN,NaN,NaN,NaN,NaN,NaN,NaN,DB,NW,B,B,NaN,NaN,NaN,NaN,NaN,NaN,
2022100218,c2l.2022,9X-C2L,TD,NN,11.3,335.9,15,1011,270,8,270,8,NaN,NaN,NaN,NaN,NaN,NaN,NaN,NaN,NaN,NaN,DB,NW,B,B,200,1012,NaN,NaN,100,NaN,
2022100300,c2l.2022,9X-C2L,TD,NN,11.3,335.1,15,1011,270,8,270,8,NaN,NaN,NaN,NaN,NaN,NaN,NaN,NaN,NaN,NaN,DB,NW,B,B,200,1012,NaN,NaN,100,NaN,
2022100306,c2l.2022,9X-C2L,TD,NN,11.3,334.3,15,1011,270,8,270,8,NaN,NaN,NaN,NaN,NaN,NaN,NaN,NaN,NaN,NaN,DB,NW,B,B,200,1012,NaN,NaN,100,NaN,
2022100312,c2l.2022,9X-C2L,TD,NN,11.5,333.4,20,1010,277,8,277,8,NaN,NaN,NaN,NaN,NaN,NaN,NaN,NaN,NaN,NaN,DB,NW,B,B,180,1012,NaN,S,90,NaN,
2022100318,c2l.2022,9X-C2L,TD,NN,11.8,332.6,25,1008,287,9,287,9,NaN,NaN,NaN,NaN,NaN,NaN,NaN,NaN,NaN,NaN,DB,NW,B,B,150,1010,NaN,S,80,NaN,
2022100400,c2l.2022,9X-C2L,TD,NN,12.3,332.0,30,1008,300,8,300,8,NaN,NaN,NaN,NaN,NaN,NaN,NaN,NaN,NaN,NaN,DB,NW,B,B,150,1010,NaN,M,90,NaN,
2022100406,c2l.2022,9X-C2L,TD,NN,13.1,331.2,25,1008,314,9,314,9,NaN,NaN,NaN,NaN,NaN,NaN,NaN,NaN,NaN,NaN,DB,NW,B,B,150,1010,NaN,M,90,NaN,
2022100412,c2l.2022,9X-C2L,TD,NN,13.6,330.5,30,1007,316,7,312,10,NaN,NaN,NaN,NaN,NaN,NaN,NaN,NaN,NaN,NaN,TD,NW,B,B,100,1011,NaN,M,40,NaN,
2022100418,12l.2022,TWELVE,TD,NN,14.2,329.8,30,1007,316,7,309,9,NaN,NaN,NaN,NaN,NaN,NaN,NaN,NaN,NaN,NaN,TD,WN,B,B,100,1011,NaN,M,40,RJB,
2022100500,12l.2022,TWELVE,TD,NN,14.6,329.5,30,1007,316,7,316,7,NaN,NaN,NaN,NaN,NaN,NaN,NaN,NaN,NaN,NaN,TD,WN,B,B,120,1011,NaN,M,50,PPP,
2022100506,12l.2022,TWELVE,TD,NN,15.0,329.1,30,1007,320,5,320,5,NaN,NaN,NaN,NaN,NaN,NaN,NaN,NaN,NaN,NaN,TD,WN,B,B,120,1011,NaN,M,60,RJP,
2022100512,12l.2022,TWELVE,TD,NN,15.3,328.5,30,1007,306,6,306,6,NaN,NaN,NaN,NaN,NaN,NaN,NaN,NaN,NaN,NaN,TD,WN,B,B,120,1011,NaN,M,60,ASL,
2022100518,12l.2022,TWELVE,TD,NN,16.0,328.1,30,1007,316,7,316,7,NaN,NaN,NaN,NaN,NaN,NaN,NaN,NaN,NaN,NaN,TD,WN,B,B,120,1011,NaN,M,60,ASL,
2022100600,12l.2022,TWELVE,TD,NN,17.0,327.9,30,1007,341,9,341,9,NaN,NaN,NaN,NaN,NaN,NaN,NaN,NaN,NaN,NaN,TD,WN,B,B,90,1012,NaN,M,60,PPP,
2022100606,12l.2022,TWELVE,TD,NN,17.7,327.2,30,1007,333,10,333,10,NaN,NaN,NaN,NaN,NaN,NaN,NaN,NaN,NaN,NaN,TD,WN,B,B,80,1012,NaN,M,60,LRB,
2022100612,12l.2022,TWELVE,TD,NN,18.1,326.1,30,1008,303,10,303,10,NaN,NaN,NaN,NaN,NaN,NaN,NaN,NaN,NaN,NaN,TD,WN,B,B,80,1012,NaN,M,60,ASL,
2022100618,12l.2022,TWELVE,TD,NN,18.7,325.0,30,1009,296,12,296,12,NaN,NaN,NaN,NaN,NaN,NaN,NaN,NaN,NaN,NaN,TD,WN,B,B,80,1012,NaN,M,60,ASL,
2022100700,12l.2022,TWELVE,TD,NN,18.7,323.8,30,1010,285,11,285,11,NaN,NaN,NaN,NaN,NaN,NaN,NaN,NaN,NaN,NaN,DB,WN,B,B,90,1012,NaN,M,70,PPP,
2022100200,c1l.2022,9X-C1L,TY,NN,9.5,315.5,20,NaN,270,10,270,10,NaN,NaN,NaN,NaN,NaN,NaN,NaN,NaN,NaN,NaN,DB,NW,B,B,NaN,NaN,NaN,NaN,NaN,NaN,
2022100206,c1l.2022,9X-C1L,TY,NN,9.5,314.4,20,NaN,270,10,270,10,NaN,NaN,NaN,NaN,NaN,NaN,NaN,NaN,NaN,NaN,DB,NW,B,B,NaN,NaN,NaN,NaN,NaN,NaN,
2022100212,c1l.2022,9X-C1L,TY,NN,9.5,313.4,20,1012,270,10,270,10,NaN,NaN,NaN,NaN,NaN,NaN,NaN,NaN,NaN,NaN,DB,NW,B,B,NaN,NaN,NaN,NaN,NaN,NaN,
2022100218,c1l.2022,9X-C1L,TY,NN,9.5,312.2,25,1012,270,11,270,11,NaN,NaN,NaN,NaN,NaN,NaN,NaN,NaN,NaN,NaN,DB,NW,B,B,150,1013,NaN,S,90,NaN,
2022100300,c1l.2022,9X-C1L,TY,NN,9.5,311.0,25,1012,270,12,270,12,NaN,NaN,NaN,NaN,NaN,NaN,NaN,NaN,NaN,NaN,DB,NW,B,B,150,1013,NaN,S,90,NaN,
2022100306,c1l.2022,9X-C1L,TY,NN,9.5,310.1,25,1012,270,10,270,10,NaN,NaN,NaN,NaN,NaN,NaN,NaN,NaN,NaN,NaN,DB,NW,B,B,150,1013,NaN,S,90,NaN,
2022100312,c1l.2022,9X-C1L,TY,NN,9.5,309.2,25,1011,270,9,270,9,NaN,NaN,NaN,NaN,NaN,NaN,NaN,NaN,NaN,NaN,DB,NW,B,B,150,1012,NaN,S,90,NaN,
2022100318,c1l.2022,9X-C1L,TY,NN,9.7,308.1,25,1012,276,10,276,10,NaN,NaN,NaN,NaN,NaN,NaN,NaN,NaN,NaN,NaN,DB,NW,B,B,150,1013,NaN,S,90,NaN,
2022100400,c1l.2022,9X-C1L,TY,NN,10.3,307.3,25,1012,293,10,293,10,NaN,NaN,NaN,NaN,NaN,NaN,NaN,NaN,NaN,NaN,DB,NW,B,B,150,1013,NaN,S,90,NaN,
2022100406,c1l.2022,9X-C1L,TY,NN,10.7,305.8,25,1009,294,12,294,12,NaN,NaN,NaN,NaN,NaN,NaN,NaN,NaN,NaN,NaN,DB,NW,B,B,180,1011,NaN,M,90,NaN,
2022100412,c1l.2022,9X-C1L,TY,NN,11.0,304.3,25,1009,283,15,283,15,NaN,NaN,NaN,NaN,NaN,NaN,NaN,NaN,NaN,NaN,DB,NW,B,B,120,1011,NaN,M,90,NaN,
2022100418,c1l.2022,9X-C1L,TY,NN,11.2,302.9,30,1008,280,14,280,14,NaN,NaN,NaN,NaN,NaN,NaN,NaN,NaN,NaN,NaN,DB,NW,B,B,150,1011,NaN,M,90,NaN,
2022100500,c1l.2022,9X-C1L,TY,NN,11.4,301.6,30,1007,279,13,279,13,NaN,NaN,NaN,NaN,NaN,NaN,NaN,NaN,NaN,NaN,DB,NW,B,B,150,1011,NaN,M,80,NaN,
2022100506,c1l.2022,9X-C1L,TY,NN,11.5,300.3,30,1007,277,13,277,13,NaN,NaN,NaN,NaN,NaN,NaN,NaN,NaN,NaN,NaN,DB,NW,B,B,150,1009,NaN,M,80,NaN,
2022100512,c1l.2022,9X-C1L,TY,NN,11.5,298.3,30,1007,272,16,272,16,NaN,NaN,NaN,NaN,NaN,NaN,NaN,NaN,NaN,NaN,DB,NW,B,B,150,1010,NaN,M,80,NaN,
2022100518,c1l.2022,9X-C1L,TY,NN,11.4,297.2,30,1006,268,15,268,15,NaN,NaN,NaN,NaN,NaN,NaN,NaN,NaN,NaN,NaN,DB,NW,B,B,120,1008,NaN,S,90,NaN,
2022100600,c1l.2022,9X-C1L,TY,NN,11.4,296.3,30,1006,267,10,267,10,NaN,NaN,NaN,NaN,NaN,NaN,NaN,NaN,NaN,NaN,DB,NW,B,B,120,1008,0.02,S,90,NaN,
2022100606,c1l.2022,9X-C1L,TY,NN,11.4,295.0,30,1006,270,11,270,11,NaN,NaN,NaN,NaN,NaN,NaN,NaN,NaN,NaN,NaN,DB,NW,B,B,120,1008,NaN,M,90,NaN,
2022100612,13l.2022,JULIA,TY,NN,11.4,293.5,30,1006,281,13,270,14,NaN,NaN,NaN,NaN,NaN,NaN,NaN,NaN,NaN,NaN,DB,WN,B,B,120,1009,0.01,M,70,RJB,
2022100618,13l.2022,JULIA,TY,NN,11.6,292.2,30,1005,281,13,274,14,NaN,NaN,NaN,NaN,NaN,NaN,NaN,NaN,NaN,NaN,DB,WN,B,B,100,1009,0.02,M,70,RJB,
2022100700,13l.2022,JULIA,TY,NN,11.9,290.8,30,1004,281,13,281,13,NaN,NaN,NaN,NaN,NaN,NaN,NaN,NaN,NaN,NaN,TD,WN,B,B,100,1009,0.03,M,70,JLB,
2022100706,13l.2022,JULIA,TY,NN,12.1,289.4,30,1004,280,14,280,14,NaN,NaN,NaN,NaN,NaN,NaN,NaN,NaN,NaN,NaN,TD,WN,B,B,100,1009,0.12,M,70,BJR,
2022100712,13l.2022,JULIA,TY,NN,12.5,287.9,35,1002,282,14,282,14,70,70,,,,NaN,NaN,NaN,NaN,NaN,TS,WN,B,B,120,1009,0.20,M,60,RJB,
2022100718,13l.2022,JULIA,TY,NN,12.8,286.2,40,1002,283,16,283,16,80,80,,,,NaN,NaN,NaN,NaN,NaN,TS,WN,B,B,130,1008,NaN,M,50,RJB,
2022100800,13l.2022,JULIA,TY,NN,12.8,284.5,45,999,275,17,275,17,80,90,,,70,NaN,NaN,NaN,NaN,NaN,TS,WN,B,B,160,1008,NaN,M,40,JLB,
2022100806,13l.2022,JULIA,TY,NN,12.7,282.8,50,999,268,17,268,17,90,100,,,80,40,40,,,,TS,WN,B,B,160,1008,NaN,M,40,BJR,
2022100812,13l.2022,JULIA,TY,NN,12.7,281.1,55,994,268,17,268,17,65,100,40,40,80,30,40,20,40,30,TS,WN,B,B,170,1008,NaN,M,30,RJB,
2022100818,13l.2022,JULIA,TY,NN,12.6,279.5,60,993,268,16,268,16,72,100,50,50,90,33,40,30,50,30,TS,WN,B,B,180,1008,NaN,M,30,RJB,
2022100900,13l.2022,JULIA,TY,NN,12.5,278.0,65,989,266,15,266,15,80,100,60,60,100,30,40,30,60,30,HU,WN,B,B,180,1008,NaN,D,30,JLB,
2022100906,13l.2022,JULIA,TY,NN,12.4,276.7,75,982,266,14,266,14,82,100,70,60,100,30,40,30,60,30,HU,WN,B,B,180,1008,0.35,D,25,BJR,
2022100912,13l.2022,JULIA,TY,NN,12.3,275.3,65,985,266,13,266,13,68,80,60,50,80,28,40,20,50,30,HU,WN,B,B,140,1006,0.95,D,25,RJB,
2022100918,13l.2022,JULIA,TY,NN,12.3,273.8,45,988,268,14,268,14,45,50,40,40,50,NaN,NaN,NaN,NaN,NaN,TS,NW,B,B,100,1006,0.88,D,25,NaN,
2022101000,13l.2022,JULIA,TY,NN,12.6,272.4,40,993,276,14,276,14,40,40,50,30,40,NaN,NaN,NaN,NaN,NaN,TS,NW,B,B,100,1005,0.22,M,30,NaN,
2022101006,13l.2022,JULIA,TY,NN,13.1,271.2,35,998,288,13,288,13,27,30,30,,20,NaN,NaN,NaN,NaN,NaN,TS,NW,B,B,100,1005,0.14,M,30,NaN,
2022101012,13l.2022,JULIA,TY,NN,13.7,270.1,30,1002,296,12,296,12,NaN,NaN,NaN,NaN,NaN,NaN,NaN,NaN,NaN,NaN,TD,NW,B,B,90,1005,0.31,M,30,NaN,
2022101012,c3l.2022,9X-C3L,TS,NN,15.8,268.4,15,NaN,322,13,322,13,NaN,NaN,NaN,NaN,NaN,NaN,NaN,NaN,NaN,NaN,DB,NW,B,B,NaN,NaN,0.99,NaN,NaN,NaN,
2022101018,c3l.2022,9X-C3L,TS,NN,16.9,267.5,20,NaN,322,13,322,13,NaN,NaN,NaN,NaN,NaN,NaN,NaN,NaN,NaN,NaN,DB,NW,B,B,NaN,NaN,0.99,NaN,NaN,NaN,
2022101100,c3l.2022,9X-C3L,TS,NN,17.9,266.7,20,NaN,322,13,322,13,NaN,NaN,NaN,NaN,NaN,NaN,NaN,NaN,NaN,NaN,DB,NW,B,B,NaN,NaN,0.83,NaN,NaN,NaN,
2022101106,c3l.2022,9X-C3L,TS,NN,19.0,266.0,25,1008,326,13,326,13,NaN,NaN,NaN,NaN,NaN,NaN,NaN,NaN,NaN,NaN,DB,NW,B,B,90,1010,NaN,S,60,NaN,
2022101112,c3l.2022,9X-C3L,TS,NN,19.0,265.9,30,1007,331,7,325,7,NaN,NaN,NaN,NaN,NaN,NaN,NaN,NaN,NaN,NaN,TD,NW,B,B,90,1010,NaN,S,100,NaN,
2022101118,14l.2022,KARL,TS,NN,19.6,265.5,35,1006,331,7,322,4,100,120,,90,90,NaN,NaN,NaN,NaN,NaN,TS,WN,B,B,120,1011,NaN,S,100,LRB,
2022101200,14l.2022,KARL,TS,NN,20.2,265.2,35,1005,331,7,331,7,83,110,,70,70,NaN,NaN,NaN,NaN,NaN,TS,WN,B,B,100,1010,NaN,S,90,DPB,
2022101206,14l.2022,KARL,TS,NN,20.9,265.1,35,1004,344,7,344,7,67,100,,50,50,NaN,NaN,NaN,NaN,NaN,TS,WN,B,B,100,1010,NaN,M,80,JLB,
2022101212,14l.2022,KARL,TS,NN,21.5,265.2,40,1002,360,6,360,7,58,90,60,30,50,NaN,NaN,NaN,NaN,NaN,TS,WN,B,B,120,1011,NaN,M,70,LRB,
2022101218,14l.2022,KARL,TS,NN,22.0,265.4,50,1000,14,6,14,6,48,70,50,30,40,50,60,40,30,,TS,WN,B,B,120,1012,NaN,M,60,DPB,
2022101300,14l.2022,KARL,TS,NN,22.4,265.7,50,1000,27,5,27,5,45,60,50,30,40,45,50,40,30,,TS,WN,B,B,120,1011,NaN,M,50,RJB,
2022101306,14l.2022,KARL,TS,NN,22.4,265.7,45,1000,35,2,35,2,48,60,60,40,30,NaN,NaN,NaN,NaN,NaN,TS,WN,B,B,120,1012,NaN,M,40,JLB,
2022101312,14l.2022,KARL,TS,NN,21.9,266.0,45,1000,151,3,151,3,50,60,70,40,30,NaN,NaN,NaN,NaN,NaN,TS,WN,B,B,150,1011,NaN,M,40,DPB,
2022101318,14l.2022,KARL,TS,NN,21.3,266.4,40,999,149,6,149,6,70,,70,,,NaN,NaN,NaN,NaN,NaN,TS,WN,B,B,150,1011,NaN,M,50,BJR,
2022101400,14l.2022,KARL,TS,NN,20.9,267.0,40,998,137,7,137,7,60,,60,,,NaN,NaN,NaN,NaN,NaN,TS,WN,B,B,150,1011,NaN,M,50,ASL,
2022101406,14l.2022,KARL,TS,NN,20.3,267.4,35,997,137,7,137,7,50,,50,,,NaN,NaN,NaN,NaN,NaN,TS,WN,B,B,150,1011,NaN,M,50,JLB,
2022101412,14l.2022,KARL,TS,NN,19.8,267.4,35,997,161,6,161,6,50,,50,,,NaN,NaN,NaN,NaN,NaN,TS,WN,B,B,150,1011,NaN,M,50,BJR,
2022101418,14l.2022,KARL,TS,NN,19.4,267.4,35,999,180,4,180,5,40,,40,,,NaN,NaN,NaN,NaN,NaN,TS,WN,B,B,150,1011,NaN,S,40,BJR,
2022101500,14l.2022,KARL,TS,NN,19.0,267.3,30,1004,187,4,187,4,NaN,NaN,NaN,NaN,NaN,NaN,NaN,NaN,NaN,NaN,LO,WN,B,B,100,1009,0.10,S,40,LRB,
2022101506,14l.2022,KARL,TS,NN,18.7,267.1,25,1007,202,4,202,4,NaN,NaN,NaN,NaN,NaN,NaN,NaN,NaN,NaN,NaN,LO,WN,B,B,90,1011,0.44,S,40,DPB,
2022101512,14l.2022,KARL,TS,NN,18.5,266.7,20,1009,229,4,229,4,NaN,NaN,NaN,NaN,NaN,NaN,NaN,NaN,NaN,NaN,LO,NW,B,B,90,1011,0.36,NaN,40,NaN,
2022101518,14l.2022,KARL,TS,NN,18.4,266.0,20,1010,254,5,254,5,NaN,NaN,NaN,NaN,NaN,NaN,NaN,NaN,NaN,NaN,LO,NW,B,B,90,1012,0.24,NaN,40,NaN,
2022102718,d5l.2022,9X-D5L,TY,NN,11.6,295.2,15,NaN,291,4,291,4,NaN,NaN,NaN,NaN,NaN,NaN,NaN,NaN,NaN,NaN,DB,NW,B,B,NaN,NaN,NaN,NaN,NaN,NaN,
2022102800,d5l.2022,9X-D5L,TY,NN,11.7,294.8,20,NaN,291,4,291,4,NaN,NaN,NaN,NaN,NaN,NaN,NaN,NaN,NaN,NaN,DB,NW,B,B,NaN,NaN,NaN,NaN,NaN,NaN,
2022102806,d5l.2022,9X-D5L,TY,NN,11.9,294.4,20,NaN,291,4,291,4,NaN,NaN,NaN,NaN,NaN,NaN,NaN,NaN,NaN,NaN,DB,NW,B,B,NaN,NaN,NaN,NaN,NaN,NaN,
2022102812,d5l.2022,9X-D5L,TY,NN,12.0,294.0,20,1009,291,4,291,4,NaN,NaN,NaN,NaN,NaN,NaN,NaN,NaN,NaN,NaN,DB,NW,B,B,150,1010,NaN,S,100,NaN,
2022102818,d5l.2022,9X-D5L,TY,NN,12.3,293.4,20,1009,292,5,292,5,NaN,NaN,NaN,NaN,NaN,NaN,NaN,NaN,NaN,NaN,DB,NW,B,B,140,1010,NaN,S,100,NaN,
2022102900,d5l.2022,9X-D5L,TY,NN,12.9,292.8,20,1009,308,7,308,7,NaN,NaN,NaN,NaN,NaN,NaN,NaN,NaN,NaN,NaN,DB,NW,B,B,140,1010,NaN,S,100,NaN,
2022102906,d5l.2022,9X-D5L,TY,NN,13.3,291.7,20,1009,301,10,301,10,NaN,NaN,NaN,NaN,NaN,NaN,NaN,NaN,NaN,NaN,DB,NW,B,B,140,1010,NaN,NaN,100,NaN,
2022102912,d5l.2022,9X-D5L,TY,NN,13.6,290.7,20,1009,289,11,289,11,NaN,NaN,NaN,NaN,NaN,NaN,NaN,NaN,NaN,NaN,DB,NW,B,B,140,1010,NaN,S,100,NaN,
2022102918,d5l.2022,9X-D5L,TY,NN,14.2,290.2,20,1007,302,9,302,9,NaN,NaN,NaN,NaN,NaN,NaN,NaN,NaN,NaN,NaN,DB,NW,B,B,140,1009,NaN,S,90,NaN,
2022103000,d5l.2022,9X-D5L,TY,NN,14.6,289.7,20,1007,316,7,316,7,NaN,NaN,NaN,NaN,NaN,NaN,NaN,NaN,NaN,NaN,DB,NW,B,B,140,1010,NaN,S,90,NaN,
2022103006,d5l.2022,9X-D5L,TY,NN,15.1,288.9,25,1007,306,8,306,8,NaN,NaN,NaN,NaN,NaN,NaN,NaN,NaN,NaN,NaN,DB,NW,B,B,140,1010,NaN,S,90,NaN,
2022103012,d5l.2022,9X-D5L,TY,NN,15.5,287.8,30,1007,296,10,296,10,NaN,NaN,NaN,NaN,NaN,NaN,NaN,NaN,NaN,NaN,DB,NW,B,B,140,1010,NaN,S,80,NaN,
2022103018,15l.2022,LISA,TY,NN,15.7,286.7,35,1005,267,11,286,11,75,100,,,50,NaN,NaN,NaN,NaN,NaN,LO,WN,B,B,160,1009,NaN,S,70,PPP,
2022103100,15l.2022,LISA,TY,NN,15.7,285.6,35,1005,267,11,275,11,75,100,,,50,NaN,NaN,NaN,NaN,NaN,LO,WN,B,B,160,1008,NaN,S,70,JLB,
2022103106,15l.2022,LISA,TY,NN,15.6,284.5,35,1005,267,11,267,11,80,90,70,,,NaN,NaN,NaN,NaN,NaN,LO,WN,B,B,160,1009,NaN,S,70,RJP,
2022103112,15l.2022,LISA,TY,NN,15.5,283.3,35,1003,265,11,265,11,80,90,70,,,NaN,NaN,NaN,NaN,NaN,TS,WN,B,B,160,1009,NaN,M,70,ESB,
2022103118,15l.2022,LISA,TY,NN,15.5,282.2,40,1002,267,11,267,11,80,90,70,,,NaN,NaN,NaN,NaN,NaN,TS,WN,B,B,180,1009,NaN,M,70,ESB,
2022110100,15l.2022,LISA,TY,NN,15.6,281.2,40,1002,273,10,273,10,80,90,70,,,NaN,NaN,NaN,NaN,NaN,TS,WN,B,B,180,1009,NaN,M,50,JPC,
2022110106,15l.2022,LISA,TY,NN,15.9,280.1,40,1003,281,10,281,10,80,90,70,,,NaN,NaN,NaN,NaN,NaN,TS,WN,B,B,180,1010,NaN,M,35,DPB,
2022110112,15l.2022,LISA,TY,NN,16.2,278.8,45,1002,285,12,285,12,47,60,60,,20,NaN,NaN,NaN,NaN,NaN,TS,WN,B,B,180,1010,NaN,M,15,ESB,
2022110118,15l.2022,LISA,TY,NN,16.5,277.5,50,1001,284,13,284,13,47,60,60,,20,20,20,,,,TS,WN,B,B,180,1010,NaN,M,15,ESB,
2022110200,15l.2022,LISA,TY,NN,16.7,275.9,55,993,280,14,280,14,50,60,60,20,60,20,20,,20,20,TS,WN,B,B,140,1010,NaN,M,15,LRB,
2022110206,15l.2022,LISA,TY,NN,17.0,274.5,60,992,280,15,280,15,50,60,60,20,60,20,20,,20,20,TS,WN,B,B,140,1011,NaN,M,10,JLB,
2022110212,15l.2022,LISA,TY,NN,17.1,273.3,70,990,279,13,279,13,50,60,60,20,60,20,20,,20,20,HU,WN,B,B,100,1013,NaN,M,10,RJP,
2022110218,15l.2022,LISA,TY,NN,17.3,272.3,75,988,278,11,278,11,45,50,50,30,50,23,25,20,30,25,HU,WN,B,B,100,1013,0.02,D,15,JPC,
2022110300,15l.2022,LISA,TY,NN,17.5,271.4,65,990,282,9,282,9,42,50,50,30,40,22,25,20,30,20,HU,WN,B,B,100,1013,0.71,D,15,LRB,
2022110306,15l.2022,LISA,TY,NN,17.7,270.4,45,998,282,9,282,9,28,30,30,20,30,NaN,NaN,NaN,NaN,NaN,TS,WN,B,B,100,1013,0.99,D,15,JLB,
2022110312,15l.2022,LISA,TY,NN,17.9,269.4,30,1008,282,10,282,10,NaN,NaN,NaN,NaN,NaN,NaN,NaN,NaN,NaN,NaN,TD,WN,B,B,100,1013,0.99,D,15,RJP,
2022110318,15l.2022,LISA,TY,NN,18.0,268.3,30,1008,279,10,279,10,NaN,NaN,NaN,NaN,NaN,NaN,NaN,NaN,NaN,NaN,TD,WN,B,B,100,1013,0.94,D,15,RJP,
2022110400,15l.2022,LISA,TY,NN,18.1,267.3,30,1008,276,10,276,10,NaN,NaN,NaN,NaN,NaN,NaN,NaN,NaN,NaN,NaN,TD,WN,B,B,100,1013,0.87,M,30,BJR,
2022110406,15l.2022,LISA,TY,NN,18.3,266.4,30,1008,279,9,279,9,NaN,NaN,NaN,NaN,NaN,NaN,NaN,NaN,NaN,NaN,TD,WN,B,B,100,1013,0.36,M,30,JLB,
2022110412,15l.2022,LISA,TY,NN,18.7,265.5,25,1008,289,9,289,9,NaN,NaN,NaN,NaN,NaN,NaN,NaN,NaN,NaN,NaN,TD,WN,B,B,150,1013,0.28,M,30,DAZ,
2022110418,15l.2022,LISA,TY,NN,19.2,264.8,25,1008,301,9,301,9,NaN,NaN,NaN,NaN,NaN,NaN,NaN,NaN,NaN,NaN,TD,WN,B,B,120,1011,0.10,S,40,DPB,
2022110500,15l.2022,LISA,TY,NN,19.4,264.6,25,1008,309,6,309,6,NaN,NaN,NaN,NaN,NaN,NaN,NaN,NaN,NaN,NaN,TD,WN,B,B,120,1011,NaN,S,40,LRB,
2022110506,15l.2022,LISA,TY,NN,19.7,264.6,25,1008,339,3,339,3,NaN,NaN,NaN,NaN,NaN,NaN,NaN,NaN,NaN,NaN,TD,WN,B,B,120,1010,NaN,S,40,JLB,
2022110512,15l.2022,LISA,TY,NN,20.8,264.8,25,1008,8,7,8,7,NaN,NaN,NaN,NaN,NaN,NaN,NaN,NaN,NaN,NaN,TD,WN,B,B,120,1011,NaN,S,40,DPB,
2022103018,c6l.2022,9X-C6L,TY,NN,34.2,296.0,40,1006,65,8,65,8,150,180,,,120,NaN,NaN,NaN,NaN,NaN,EX,NW,b,b,NaN,NaN,NaN,NaN,100,NaN,
2022103100,c6l.2022,9X-C6L,TY,NN,34.6,296.9,45,1004,65,8,65,8,150,180,,,120,NaN,NaN,NaN,NaN,NaN,EX,NW,b,b,NaN,NaN,NaN,NaN,90,NaN,
2022103106,c6l.2022,9X-C6L,TY,NN,34.9,297.8,45,1004,65,8,65,8,165,180,,,150,NaN,NaN,NaN,NaN,NaN,EX,NW,b,b,NaN,NaN,NaN,NaN,80,NaN,
2022103112,c6l.2022,9X-C6L,TY,NN,35.0,298.4,40,1004,72,6,72,6,165,180,,,150,NaN,NaN,NaN,NaN,NaN,EX,NW,b,b,200,1012,NaN,NaN,70,NaN,
2022103118,c6l.2022,9X-C6L,TY,NN,35.1,299.1,35,1001,75,7,79,5,123,170,40,,160,NaN,NaN,NaN,NaN,NaN,EX,NW,C,C,200,1012,NaN,M,30,NaN,
2022110100,c6l.2022,9X-C6L,TY,NN,35.1,300.5,35,1001,85,11,87,9,123,170,40,,160,NaN,NaN,NaN,NaN,NaN,EX,NW,C,C,200,1012,NaN,M,30,NaN,
2022110106,c6l.2022,9X-C6L,TY,NN,35.5,302.5,35,1001,75,16,82,14,108,170,40,60,160,NaN,NaN,NaN,NaN,NaN,EX,NW,C,C,210,1014,NaN,M,40,NaN,
2022110112,16l.2022,MARTIN,TY,NN,35.3,303.5,40,1000,85,12,85,12,120,180,60,60,180,NaN,NaN,NaN,NaN,NaN,TS,WN,C,C,250,1014,NaN,M,30,CWL,
2022110118,16l.2022,MARTIN,TY,NN,35.3,304.8,50,991,85,12,96,9,80,60,90,90,80,30,,30,90,,TS,WN,C,C,300,1014,NaN,M,20,CWL,
2022110200,16l.2022,MARTIN,TY,NN,35.1,305.8,50,991,100,9,96,9,80,60,90,90,80,30,,30,90,,TS,WN,C,C,300,1014,NaN,M,20,JPC,
2022110206,16l.2022,MARTIN,TY,NN,35.1,307.0,55,989,95,10,96,9,92,80,100,100,90,37,,40,100,30,TS,WN,C,C,320,1014,NaN,M,30,PPP,
2022110212,16l.2022,MARTIN,TY,NN,35.0,308.9,65,983,95,11,92,13,85,100,100,80,60,38,30,50,80,30,HU,WN,C,C,320,1012,NaN,D,30,ESB,
2022110218,16l.2022,MARTIN,TY,NN,36.1,311.1,75,974,60,21,73,17,98,100,130,100,60,45,40,60,100,30,HU,WN,C,C,330,1010,NaN,D,30,ESB,
2022110300,16l.2022,MARTIN,TY,NN,38.0,313.7,75,973,50,28,52,24,110,120,150,100,70,48,50,60,100,30,HU,WN,C,C,330,1008,NaN,D,30,DPB,
2022110306,16l.2022,MARTIN,TY,NN,40.4,316.5,75,968,45,32,45,30,210,240,220,200,180,60,60,80,200,30,HU,WN,C,C,250,1000,NaN,D,35,PPP,
2022110312,16l.2022,MARTIN,TY,NN,43.6,321.2,75,960,40,42,45,40,388,300,350,450,450,150,150,150,450,150,HU,WN,C,C,200,992,NaN,D,35,DAZ,
2022110318,16l.2022,MARTIN,TY,NN,49.0,325.0,70,951,25,50,35,53,388,300,350,450,450,150,150,150,450,150,EX,WN,C,C,220,992,NaN,D,60,DAZ,
2022110400,16l.2022,MARTIN,TY,NN,52.7,322.0,70,947,3,46,3,46,465,420,540,450,450,NaN,NaN,NaN,NaN,NaN,EX,NW,b,b,220,992,NaN,NaN,50,NaN,
2022110406,16l.2022,MARTIN,TY,NN,54.7,322.3,65,936,344,30,344,30,480,330,600,540,450,NaN,NaN,NaN,NaN,NaN,EX,NW,b,b,220,992,NaN,NaN,60,NaN,
2022110412,16l.2022,MARTIN,TY,NN,55.8,322.8,60,932,9,16,9,16,525,270,720,660,450,NaN,NaN,NaN,NaN,NaN,EX,NW,b,b,220,992,NaN,NaN,60,NaN,
2022110418,16l.2022,MARTIN,TY,NN,56.5,323.5,55,939,21,10,21,10,510,210,720,660,450,NaN,NaN,NaN,NaN,NaN,EX,NW,b,b,220,992,NaN,NaN,60,NaN,
2022110506,c8l.2022,9X-C8L,TY,NN,16.2,289.7,15,NaN,71,8,71,8,NaN,NaN,NaN,NaN,NaN,NaN,NaN,NaN,NaN,NaN,DB,NW,B,B,NaN,NaN,NaN,NaN,NaN,NaN,
2022110512,c8l.2022,9X-C8L,TY,NN,16.4,290.5,15,NaN,71,8,71,8,NaN,NaN,NaN,NaN,NaN,NaN,NaN,NaN,NaN,NaN,DB,NW,B,B,NaN,NaN,NaN,NaN,NaN,NaN,
2022110518,c8l.2022,9X-C8L,TY,NN,16.7,291.2,25,NaN,71,8,71,8,NaN,NaN,NaN,NaN,NaN,NaN,NaN,NaN,NaN,NaN,DB,NW,B,B,NaN,NaN,NaN,NaN,NaN,NaN,
2022110600,c8l.2022,9X-C8L,TY,NN,18.0,292.5,15,NaN,50,12,50,12,NaN,NaN,NaN,NaN,NaN,NaN,NaN,NaN,NaN,NaN,DB,NW,B,B,NaN,NaN,0.11,NaN,NaN,NaN,
2022110606,c8l.2022,9X-C8L,TY,NN,19.3,293.0,15,NaN,33,16,33,16,NaN,NaN,NaN,NaN,NaN,NaN,NaN,NaN,NaN,NaN,DB,NW,B,B,NaN,NaN,NaN,NaN,NaN,NaN,
2022110612,c8l.2022,9X-C8L,TY,NN,20.6,293.2,30,1005,10,14,14,13,NaN,NaN,NaN,NaN,NaN,NaN,NaN,NaN,NaN,NaN,DB,NW,C,C,220,1011,NaN,S,100,NaN,
2022110618,c8l.2022,9X-C8L,TY,NN,22.4,293.3,35,1005,10,15,5,16,120,120,,,,NaN,NaN,NaN,NaN,NaN,DB,NW,C,C,220,1011,NaN,S,100,NaN,
2022110700,c8l.2022,9X-C8L,TY,NN,24.0,293.0,35,1005,20,16,357,17,120,120,,,,NaN,NaN,NaN,NaN,NaN,DB,NW,C,C,200,1009,NaN,S,100,NaN,
2022110706,17l.2022,NICOLE,TY,NN,25.2,291.8,40,1004,335,14,334,16,240,240,240,,,NaN,NaN,NaN,NaN,NaN,SS,WN,C,C,270,1009,NaN,M,200,RJB,
2022110712,17l.2022,NICOLE,TY,NN,25.9,290.9,40,1002,330,14,315,13,183,240,240,,70,NaN,NaN,NaN,NaN,NaN,SS,WN,C,C,270,1009,NaN,M,200,PPP,
2022110718,17l.2022,NICOLE,TY,NN,26.4,289.8,40,1001,310,11,304,11,207,270,270,,80,NaN,NaN,NaN,NaN,NaN,SS,WN,C,C,270,1009,NaN,M,200,DPB,
2022110800,17l.2022,NICOLE,TY,NN,26.8,289.2,40,998,310,7,301,9,240,270,270,,180,NaN,NaN,NaN,NaN,NaN,SS,WN,C,C,270,1010,NaN,M,200,RJP,
2022110806,17l.2022,NICOLE,TY,NN,27.4,288.7,40,996,315,7,316,7,270,240,240,,330,NaN,NaN,NaN,NaN,NaN,SS,WN,C,C,280,1010,NaN,M,200,RJB,
2022110812,17l.2022,NICOLE,TY,NN,27.7,288.0,45,992,295,7,310,7,270,240,240,,330,NaN,NaN,NaN,NaN,NaN,SS,WN,C,C,280,1010,NaN,M,80,DPB,
2022110818,17l.2022,NICOLE,TY,NN,27.6,286.8,50,992,265,9,277,8,270,240,240,,330,60,,,,60,TS,WN,C,C,280,1010,NaN,M,60,JLB,
2022110900,17l.2022,NICOLE,TY,NN,27.3,285.7,55,984,250,9,259,10,210,240,240,30,330,60,,,30,60,TS,WN,C,C,280,1010,NaN,M,60,NaN,
2022110906,17l.2022,NICOLE,TY,NN,26.7,284.6,60,985,245,11,245,11,235,360,120,60,400,60,,,60,60,TS,WN,C,C,280,1010,NaN,M,60,RJB,
2022110912,17l.2022,NICOLE,TY,NN,26.6,283.9,60,985,255,9,246,9,235,360,120,60,400,30,20,,60,50,TS,WN,C,C,280,1010,NaN,M,20,JLB,
2022110918,17l.2022,NICOLE,TY,NN,26.5,282.7,60,985,270,10,263,9,252,390,80,60,480,30,20,,60,50,TS,WN,C,C,280,1010,0.10,M,20,DPB,
2022111000,17l.2022,NICOLE,TY,NN,26.7,281.6,65,980,285,10,273,10,238,420,80,60,390,32,30,30,60,50,HU,WN,C,C,280,1010,0.08,M,15,RJP,
2022111006,17l.2022,NICOLE,TY,NN,27.3,280.1,65,980,290,12,289,12,240,390,90,180,300,38,50,30,180,50,HU,WN,C,C,280,1010,0.17,M,15,RJB,
2022111012,17l.2022,NICOLE,TY,NN,28.0,278.4,45,984,295,15,295,16,192,330,90,150,200,NaN,NaN,NaN,NaN,NaN,TS,WN,C,C,280,1010,0.94,M,70,JLB,
2022111018,17l.2022,NICOLE,TY,NN,28.9,277.2,40,989,305,15,302,15,122,200,60,100,130,NaN,NaN,NaN,NaN,NaN,TS,WN,C,C,280,1010,0.35,M,70,JLB,
2022111100,17l.2022,NICOLE,TY,NN,30.1,276.2,35,991,315,13,318,14,115,200,60,100,100,NaN,NaN,NaN,NaN,NaN,TS,WN,C,C,220,1008,0.47,M,70,RJP,
2022111106,17l.2022,NICOLE,TY,NN,31.3,275.5,30,996,330,14,329,14,NaN,NaN,NaN,NaN,NaN,NaN,NaN,NaN,NaN,NaN,TD,WN,C,C,220,1008,1.00,M,90,BJR,
2022111112,17l.2022,NICOLE,TY,NN,33.2,275.5,25,999,340,15,349,16,NaN,NaN,NaN,NaN,NaN,NaN,NaN,NaN,NaN,NaN,TD,WN,C,C,350,1010,1.00,M,250,DAZ,
2022111118,17l.2022,NICOLE,TY,NN,36.0,276.6,25,1000,5,20,11,24,NaN,NaN,NaN,NaN,NaN,NaN,NaN,NaN,NaN,NaN,LO,NW,C,C,490,1006,0.96,M,400,NaN,
2022052118,a0l.2022,9X-A0L,TD,NONdev,27.1,272.2,25,1016,210,11,210,11,NaN,NaN,NaN,NaN,NaN,NaN,NaN,NaN,NaN,NaN,DB,NW,b,b,120,1017,NaN,NaN,50,NaN,
2022052200,a0l.2022,9X-A0L,TD,NONdev,26.2,270.9,30,1016,210,11,210,11,NaN,NaN,NaN,NaN,NaN,NaN,NaN,NaN,NaN,NaN,DB,NW,b,b,120,1017,NaN,NaN,50,NaN,
2022052206,a0l.2022,9X-A0L,TD,NONdev,25.2,271.0,30,1016,210,11,210,11,NaN,NaN,NaN,NaN,NaN,NaN,NaN,NaN,NaN,NaN,DB,NW,b,b,120,1017,NaN,NaN,50,NaN,
2022052212,a0l.2022,9X-A0L,TD,NONdev,25.8,271.7,25,1015,119,4,119,4,NaN,NaN,NaN,NaN,NaN,NaN,NaN,NaN,NaN,NaN,DB,NW,b,b,110,1016,NaN,NaN,40,NaN,
2022052218,a0l.2022,9X-A0L,TD,NONdev,26.6,272.0,25,1014,15,10,33,8,NaN,NaN,NaN,NaN,NaN,NaN,NaN,NaN,NaN,NaN,LO,NW,C,C,100,1016,NaN,S,30,NaN,
2022052300,a0l.2022,9X-A0L,TD,NONdev,28.5,272.4,30,1014,15,14,13,14,NaN,NaN,NaN,NaN,NaN,NaN,NaN,NaN,NaN,NaN,LO,NW,C,C,100,1016,NaN,S,30,NaN,
2022052306,a0l.2022,9X-A0L,TD,NONdev,31.0,272.6,30,1012,10,20,7,22,NaN,NaN,NaN,NaN,NaN,NaN,NaN,NaN,NaN,NaN,LO,NW,C,C,100,1016,0.94,S,30,NaN,
2022053118,a1l.2022,9X-A1L,TD,DEV,17.2,271.3,20,1008,40,6,40,6,NaN,NaN,NaN,NaN,NaN,NaN,NaN,NaN,NaN,NaN,DB,NW,b,b,150,1010,0.69,NaN,100,NaN,
2022060100,a1l.2022,9X-A1L,TD,DEV,17.6,271.7,20,1008,40,6,40,6,NaN,NaN,NaN,NaN,NaN,NaN,NaN,NaN,NaN,NaN,DB,NW,b,b,150,1010,0.71,NaN,100,NaN,
2022060106,a1l.2022,9X-A1L,TD,DEV,18.1,272.1,25,1007,40,6,40,6,NaN,NaN,NaN,NaN,NaN,NaN,NaN,NaN,NaN,NaN,DB,NW,b,b,120,1009,0.32,NaN,100,NaN,
2022060112,a1l.2022,9X-A1L,TD,DEV,18.7,272.6,25,1006,15,6,38,7,NaN,NaN,NaN,NaN,NaN,NaN,NaN,NaN,NaN,NaN,DB,NW,C,C,120,1008,0.21,S,100,NaN,
2022060118,a1l.2022,9X-A1L,TD,DEV,19.0,272.5,25,1007,15,5,23,5,NaN,NaN,NaN,NaN,NaN,NaN,NaN,NaN,NaN,NaN,DB,NW,C,C,180,1008,0.37,S,120,NaN,
2022060200,a1l.2022,9X-A1L,TD,DEV,19.6,273.2,30,1004,35,6,32,5,NaN,NaN,NaN,NaN,NaN,NaN,NaN,NaN,NaN,NaN,DB,NW,C,C,200,1008,NaN,S,100,NaN,
2022060206,a1l.2022,9X-A1L,TD,DEV,20.3,273.1,30,1003,20,6,23,7,NaN,NaN,NaN,NaN,NaN,NaN,NaN,NaN,NaN,NaN,DB,NW,C,C,200,1008,0.41,S,100,NaN,
2022060212,a1l.2022,9X-A1L,TD,DEV,21.0,272.9,30,1003,0,6,349,7,NaN,NaN,NaN,NaN,NaN,NaN,NaN,NaN,NaN,NaN,DB,NW,C,C,200,1008,0.62,S,100,NaN,
2022060212,a2l.2022,9X-A2L,TD,NONdev,28.7,288.2,15,NaN,41,10,41,10,NaN,NaN,NaN,NaN,NaN,NaN,NaN,NaN,NaN,NaN,DB,NW,b,b,NaN,NaN,NaN,NaN,NaN,NaN,
2022060218,a2l.2022,9X-A2L,TD,NONdev,29.5,289.2,15,NaN,41,10,41,10,NaN,NaN,NaN,NaN,NaN,NaN,NaN,NaN,NaN,NaN,DB,NW,b,b,NaN,NaN,NaN,NaN,NaN,NaN,
2022060300,a2l.2022,9X-A2L,TD,NONdev,30.2,289.7,15,NaN,41,10,41,10,NaN,NaN,NaN,NaN,NaN,NaN,NaN,NaN,NaN,NaN,DB,NW,b,b,NaN,NaN,NaN,NaN,NaN,NaN,
2022060306,a2l.2022,9X-A2L,TD,NONdev,30.5,290.3,15,NaN,44,7,44,7,NaN,NaN,NaN,NaN,NaN,NaN,NaN,NaN,NaN,NaN,DB,NW,b,b,NaN,NaN,NaN,NaN,NaN,NaN,
2022060312,a2l.2022,9X-A2L,TD,NONdev,30.9,291.2,20,1009,60,7,62,7,NaN,NaN,NaN,NaN,NaN,NaN,NaN,NaN,NaN,NaN,DB,NW,C,C,100,1012,NaN,S,30,NaN,
2022060318,a2l.2022,9X-A2L,TD,NONdev,31.0,292.1,25,1009,75,8,72,8,NaN,NaN,NaN,NaN,NaN,NaN,NaN,NaN,NaN,NaN,LO,NW,C,C,100,1012,NaN,S,30,NaN,
2022061318,a3l.2022,9X-A3L,TD,NONdev,11.2,279.8,15,NaN,287,5,287,5,NaN,NaN,NaN,NaN,NaN,NaN,NaN,NaN,NaN,NaN,DB,NW,b,b,NaN,NaN,NaN,NaN,NaN,NaN,
2022061400,a3l.2022,9X-A3L,TD,NONdev,11.4,279.3,15,NaN,287,5,287,5,NaN,NaN,NaN,NaN,NaN,NaN,NaN,NaN,NaN,NaN,DB,NW,b,b,NaN,NaN,NaN,NaN,NaN,NaN,
2022061406,a3l.2022,9X-A3L,TD,NONdev,11.5,278.8,20,NaN,287,5,287,5,NaN,NaN,NaN,NaN,NaN,NaN,NaN,NaN,NaN,NaN,DB,NW,b,b,NaN,NaN,NaN,NaN,NaN,NaN,
2022061412,a3l.2022,9X-A3L,TD,NONdev,11.6,278.3,20,1009,285,5,282,5,NaN,NaN,NaN,NaN,NaN,NaN,NaN,NaN,NaN,NaN,DB,NW,C,C,90,1010,NaN,S,40,NaN,
2022061418,a3l.2022,9X-A3L,TD,NONdev,11.8,277.8,20,1009,285,5,287,5,NaN,NaN,NaN,NaN,NaN,NaN,NaN,NaN,NaN,NaN,DB,NW,C,C,90,1010,NaN,S,40,NaN,
2022061500,a3l.2022,9X-A3L,TD,NONdev,12.0,277.3,20,1009,290,4,292,5,NaN,NaN,NaN,NaN,NaN,NaN,NaN,NaN,NaN,NaN,DB,NW,C,C,90,1010,NaN,S,40,NaN,
2022061506,a3l.2022,9X-A3L,TD,NONdev,12.0,276.8,20,1009,285,5,282,5,NaN,NaN,NaN,NaN,NaN,NaN,NaN,NaN,NaN,NaN,DB,NW,C,C,90,1010,NaN,S,40,NaN,
2022061512,a3l.2022,9X-A3L,TD,NONdev,12.0,276.4,20,1009,280,4,270,4,NaN,NaN,NaN,NaN,NaN,NaN,NaN,NaN,NaN,NaN,DB,NW,C,C,90,1010,0.31,S,40,NaN,
2022061518,a3l.2022,9X-A3L,TD,NONdev,12.5,275.8,20,1009,300,5,297,5,NaN,NaN,NaN,NaN,NaN,NaN,NaN,NaN,NaN,NaN,DB,NW,C,C,90,1010,0.82,S,40,NaN,
2022061600,a3l.2022,9X-A3L,TD,NONdev,13.0,275.5,20,1009,308,5,319,7,NaN,NaN,NaN,NaN,NaN,NaN,NaN,NaN,NaN,NaN,DB,NW,C,C,90,1010,0.97,S,40,NaN,
2022061606,a3l.2022,9X-A3L,TD,NONdev,13.6,275.5,20,1009,345,5,345,6,NaN,NaN,NaN,NaN,NaN,NaN,NaN,NaN,NaN,NaN,DB,NW,C,C,90,1010,0.99,S,40,NaN,
2022061612,a3l.2022,9X-A3L,TD,NONdev,14.5,275.8,20,1010,0,7,11,8,NaN,NaN,NaN,NaN,NaN,NaN,NaN,NaN,NaN,NaN,DB,NW,C,C,100,1011,0.95,S,50,NaN,
2022061618,a3l.2022,9X-A3L,TD,NONdev,15.3,275.7,20,1011,340,6,6,9,NaN,NaN,NaN,NaN,NaN,NaN,NaN,NaN,NaN,NaN,DB,NW,C,C,150,1012,0.71,S,90,NaN,
2022061700,a3l.2022,9X-A3L,TD,NONdev,15.9,275.5,20,1010,320,7,348,7,NaN,NaN,NaN,NaN,NaN,NaN,NaN,NaN,NaN,NaN,DB,NW,C,C,150,1012,0.27,S,90,NaN,
2022061706,a3l.2022,9X-A3L,TD,NONdev,16.8,275.0,20,1010,335,7,336,8,NaN,NaN,NaN,NaN,NaN,NaN,NaN,NaN,NaN,NaN,DB,NW,C,C,150,1012,NaN,S,90,NaN,
2022061712,a3l.2022,9X-A3L,TD,NONdev,16.7,273.7,20,1010,310,8,295,10,NaN,NaN,NaN,NaN,NaN,NaN,NaN,NaN,NaN,NaN,DB,NW,C,C,150,1012,0.02,S,90,NaN,
2022061718,a3l.2022,9X-A3L,TD,NONdev,16.8,272.8,20,1010,290,9,270,11,NaN,NaN,NaN,NaN,NaN,NaN,NaN,NaN,NaN,NaN,DB,NW,C,C,150,1012,NaN,S,90,NaN,
2022062218,a4l.2022,9X-A4L,TD,DEV,6.2,341.1,15,NaN,281,10,281,10,NaN,NaN,NaN,NaN,NaN,NaN,NaN,NaN,NaN,NaN,DB,NW,b,b,NaN,NaN,NaN,NaN,NaN,NaN,
2022062300,a4l.2022,9X-A4L,TD,DEV,6.4,340.5,15,NaN,281,10,281,10,NaN,NaN,NaN,NaN,NaN,NaN,NaN,NaN,NaN,NaN,DB,NW,b,b,NaN,NaN,NaN,NaN,NaN,NaN,
2022062306,a4l.2022,9X-A4L,TD,DEV,6.6,339.1,15,NaN,281,10,281,10,NaN,NaN,NaN,NaN,NaN,NaN,NaN,NaN,NaN,NaN,DB,NW,b,b,NaN,NaN,NaN,NaN,NaN,NaN,
2022062312,a4l.2022,9X-A4L,TD,DEV,6.8,337.8,15,NaN,278,14,278,14,NaN,NaN,NaN,NaN,NaN,NaN,NaN,NaN,NaN,NaN,DB,NW,b,b,NaN,NaN,NaN,NaN,NaN,NaN,
2022062318,a4l.2022,9X-A4L,TD,DEV,7.0,336.7,15,1012,280,15,280,12,NaN,NaN,NaN,NaN,NaN,NaN,NaN,NaN,NaN,NaN,DB,NW,C,C,200,1014,NaN,S,50,NaN,
2022062400,a4l.2022,9X-A4L,TD,DEV,7.0,334.8,20,1012,275,15,274,15,NaN,NaN,NaN,NaN,NaN,NaN,NaN,NaN,NaN,NaN,DB,NW,C,C,200,1014,NaN,S,70,NaN,
2022062406,a4l.2022,9X-A4L,TD,DEV,7.5,332.5,20,1012,280,18,277,21,NaN,NaN,NaN,NaN,NaN,NaN,NaN,NaN,NaN,NaN,DB,NW,C,C,200,1014,NaN,S,70,NaN,
2022062412,a4l.2022,9X-A4L,TD,DEV,7.9,330.6,20,1012,280,19,282,21,NaN,NaN,NaN,NaN,NaN,NaN,NaN,NaN,NaN,NaN,DB,NW,C,C,200,1013,NaN,S,70,NaN,
2022062418,a4l.2022,9X-A4L,TD,DEV,7.7,328.5,20,1012,275,20,273,20,NaN,NaN,NaN,NaN,NaN,NaN,NaN,NaN,NaN,NaN,DB,NW,C,C,200,1013,NaN,S,100,NaN,
2022062500,a4l.2022,9X-A4L,TD,DEV,8.0,326.7,20,1011,275,20,271,19,NaN,NaN,NaN,NaN,NaN,NaN,NaN,NaN,NaN,NaN,DB,NW,C,C,200,1013,NaN,S,100,NaN,
2022062506,a4l.2022,9X-A4L,TD,DEV,8.5,325.5,20,1011,280,17,285,15,NaN,NaN,NaN,NaN,NaN,NaN,NaN,NaN,NaN,NaN,DB,NW,C,C,200,1013,NaN,S,100,NaN,
2022062512,a4l.2022,9X-A4L,TD,DEV,8.3,324.7,20,1011,280,13,279,10,NaN,NaN,NaN,NaN,NaN,NaN,NaN,NaN,NaN,NaN,DB,NW,C,C,200,1013,NaN,S,100,NaN,
2022062518,a4l.2022,9X-A4L,TD,DEV,8.1,323.1,20,1011,275,14,260,12,NaN,NaN,NaN,NaN,NaN,NaN,NaN,NaN,NaN,NaN,DB,NW,C,C,200,1013,NaN,S,100,NaN,
2022062600,a4l.2022,9X-A4L,TD,DEV,8.0,321.7,20,1011,270,15,264,15,NaN,NaN,NaN,NaN,NaN,NaN,NaN,NaN,NaN,NaN,DB,NW,C,C,200,1013,NaN,S,100,NaN,
2022062606,a4l.2022,9X-A4L,TD,DEV,7.8,319.5,25,1010,265,17,265,18,NaN,NaN,NaN,NaN,NaN,NaN,NaN,NaN,NaN,NaN,DB,NW,C,C,200,1013,NaN,S,100,NaN,
2022062612,a4l.2022,9X-A4L,TD,DEV,7.8,317.2,25,1009,270,21,267,22,NaN,NaN,NaN,NaN,NaN,NaN,NaN,NaN,NaN,NaN,DB,NW,C,C,200,1013,NaN,S,90,NaN,
2022062618,a4l.2022,9X-A4L,TD,DEV,7.8,315.5,30,1007,270,20,270,20,NaN,NaN,NaN,NaN,NaN,NaN,NaN,NaN,NaN,NaN,DB,NW,C,C,200,1013,NaN,S,90,NaN,
2022062700,a4l.2022,9X-A4L,TD,DEV,7.8,314.7,30,1007,270,16,270,12,NaN,NaN,NaN,NaN,NaN,NaN,NaN,NaN,NaN,NaN,DB,NW,C,C,150,1011,NaN,S,90,NaN,
2022062706,a4l.2022,9X-A4L,TD,DEV,8.0,312.5,30,1008,275,16,274,15,NaN,NaN,NaN,NaN,NaN,NaN,NaN,NaN,NaN,NaN,DB,NW,C,C,150,1011,NaN,S,90,NaN,
2022062712,a4l.2022,9X-A4L,TD,DEV,8.2,310.9,30,1009,275,17,276,19,NaN,NaN,NaN,NaN,NaN,NaN,NaN,NaN,NaN,NaN,DB,NW,C,C,150,1012,NaN,S,90,NaN,
2022062706,a5l.2022,9X-A5L,TD,NONdev,27.9,269.7,15,NaN,228,6,228,6,NaN,NaN,NaN,NaN,NaN,NaN,NaN,NaN,NaN,NaN,DB,NW,b,b,NaN,NaN,NaN,NaN,NaN,NaN,
2022062712,a5l.2022,9X-A5L,TD,NONdev,27.5,269.1,15,NaN,228,6,228,6,NaN,NaN,NaN,NaN,NaN,NaN,NaN,NaN,NaN,NaN,DB,NW,b,b,NaN,NaN,NaN,NaN,NaN,NaN,
2022062718,a5l.2022,9X-A5L,TD,NONdev,27.1,268.7,15,NaN,228,6,228,6,NaN,NaN,NaN,NaN,NaN,NaN,NaN,NaN,NaN,NaN,DB,NW,b,b,NaN,NaN,NaN,NaN,NaN,NaN,
2022062800,a5l.2022,9X-A5L,TD,NONdev,26.7,268.4,15,NaN,218,5,218,5,NaN,NaN,NaN,NaN,NaN,NaN,NaN,NaN,NaN,NaN,DB,NW,b,b,NaN,NaN,NaN,NaN,NaN,NaN,
2022062806,a5l.2022,9X-A5L,TD,NONdev,26.4,268.0,25,1014,270,4,222,5,NaN,NaN,NaN,NaN,NaN,NaN,NaN,NaN,NaN,NaN,DB,NW,C,C,120,1017,NaN,S,100,NaN,
2022062812,a5l.2022,9X-A5L,TD,NONdev,26.6,267.7,25,1014,250,3,261,3,NaN,NaN,NaN,NaN,NaN,NaN,NaN,NaN,NaN,NaN,LO,NW,C,C,120,1016,NaN,S,100,NaN,
2022062818,a5l.2022,9X-A5L,TD,NONdev,26.7,267.6,20,1014,270,1,310,2,NaN,NaN,NaN,NaN,NaN,NaN,NaN,NaN,NaN,NaN,LO,NW,C,C,100,1016,NaN,S,80,NaN,
2022062900,a5l.2022,9X-A5L,TD,NONdev,26.5,266.8,20,1013,265,4,263,4,NaN,NaN,NaN,NaN,NaN,NaN,NaN,NaN,NaN,NaN,LO,NW,C,C,100,1016,NaN,S,80,NaN,
2022062906,a5l.2022,9X-A5L,TD,NONdev,26.3,266.0,20,1014,260,5,254,7,NaN,NaN,NaN,NaN,NaN,NaN,NaN,NaN,NaN,NaN,DB,NW,C,C,100,1016,NaN,S,80,NaN,
2022062912,a5l.2022,9X-A5L,TD,NONdev,26.3,265.2,25,1014,270,7,262,7,NaN,NaN,NaN,NaN,NaN,NaN,NaN,NaN,NaN,NaN,DB,NW,C,C,100,1016,NaN,S,80,NaN,
2022062918,a5l.2022,9X-A5L,TD,NONdev,25.8,264.6,30,1014,250,4,248,7,NaN,NaN,NaN,NaN,NaN,NaN,NaN,NaN,NaN,NaN,LO,NW,C,C,100,1017,NaN,S,80,NaN,
2022063000,a5l.2022,9X-A5L,TD,NONdev,26.0,264.4,30,1013,270,4,247,4,NaN,NaN,NaN,NaN,NaN,NaN,NaN,NaN,NaN,NaN,LO,NW,C,C,120,1015,NaN,S,80,NaN,
2022063006,a5l.2022,9X-A5L,TD,NONdev,26.2,263.8,30,1013,290,5,299,4,NaN,NaN,NaN,NaN,NaN,NaN,NaN,NaN,NaN,NaN,LO,NW,C,C,120,1015,NaN,S,80,NaN,
2022063012,a5l.2022,9X-A5L,TD,NONdev,26.7,263.3,30,1013,310,6,305,6,NaN,NaN,NaN,NaN,NaN,NaN,NaN,NaN,NaN,NaN,LO,NW,C,C,110,1015,NaN,S,80,NaN,
2022063018,a5l.2022,9X-A5L,TD,NONdev,27.3,263.8,30,1014,0,5,360,6,NaN,NaN,NaN,NaN,NaN,NaN,NaN,NaN,NaN,NaN,LO,NW,C,C,110,1015,NaN,S,80,NaN,
2022070100,a5l.2022,9X-A5L,TD,NONdev,27.4,263.4,30,1014,345,4,7,4,NaN,NaN,NaN,NaN,NaN,NaN,NaN,NaN,NaN,NaN,LO,NW,C,C,110,1015,NaN,S,80,NaN,
2022070106,a5l.2022,9X-A5L,TD,NONdev,28.2,263.5,25,1014,5,5,344,5,NaN,NaN,NaN,NaN,NaN,NaN,NaN,NaN,NaN,NaN,DB,NW,C,C,110,1015,0.15,S,70,NaN,
2022063018,a6l.2022,9X-A6L,TD,DEV,32.1,278.0,25,1017,128,3,128,3,NaN,NaN,NaN,NaN,NaN,NaN,NaN,NaN,NaN,NaN,DB,NW,b,b,120,1018,1.00,NaN,50,NaN,
2022070100,a6l.2022,9X-A6L,TD,DEV,31.9,278.3,25,1017,128,3,128,3,NaN,NaN,NaN,NaN,NaN,NaN,NaN,NaN,NaN,NaN,DB,NW,b,b,120,1018,0.89,NaN,50,NaN,
2022070106,a6l.2022,9X-A6L,TD,DEV,31.7,278.6,25,1017,128,3,128,3,NaN,NaN,NaN,NaN,NaN,NaN,NaN,NaN,NaN,NaN,DB,NW,b,b,120,1018,0.71,NaN,50,NaN,
2022070112,a6l.2022,9X-A6L,TD,DEV,31.6,279.0,25,1017,117,3,117,3,NaN,NaN,NaN,NaN,NaN,NaN,NaN,NaN,NaN,NaN,DB,NW,b,b,120,1018,0.22,NaN,50,NaN,
2022070118,a6l.2022,9X-A6L,TD,DEV,31.8,279.6,30,1016,95,4,83,4,NaN,NaN,NaN,NaN,NaN,NaN,NaN,NaN,NaN,NaN,LO,NW,C,C,120,1018,0.15,S,50,NaN,
2022070200,a6l.2022,9X-A6L,TD,DEV,32.4,279.6,30,1012,35,5,32,5,50,40,60,,,NaN,NaN,NaN,NaN,NaN,LO,NW,C,C,120,1016,0.58,S,30,NaN,
2022080706,a7l.2022,9X-A7L,TD,NONdev,10.7,348.8,15,NaN,271,22,271,22,NaN,NaN,NaN,NaN,NaN,NaN,NaN,NaN,NaN,NaN,DB,NW,b,b,NaN,NaN,0.99,NaN,NaN,NaN,
2022080712,a7l.2022,9X-A7L,TD,NONdev,10.7,346.9,15,NaN,271,22,271,22,NaN,NaN,NaN,NaN,NaN,NaN,NaN,NaN,NaN,NaN,DB,NW,b,b,NaN,NaN,0.99,NaN,NaN,NaN,
2022080718,a7l.2022,9X-A7L,TD,NONdev,10.8,344.4,15,NaN,271,22,271,22,NaN,NaN,NaN,NaN,NaN,NaN,NaN,NaN,NaN,NaN,DB,NW,b,b,NaN,NaN,0.19,NaN,NaN,NaN,
2022080800,a7l.2022,9X-A7L,TD,NONdev,10.9,342.5,15,NaN,273,22,273,22,NaN,NaN,NaN,NaN,NaN,NaN,NaN,NaN,NaN,NaN,DB,NW,b,b,NaN,NaN,NaN,NaN,NaN,NaN,
2022080806,a7l.2022,9X-A7L,TD,NONdev,11.0,340.7,20,1009,275,20,273,18,NaN,NaN,NaN,NaN,NaN,NaN,NaN,NaN,NaN,NaN,DB,NW,C,C,180,1012,NaN,S,80,NaN,
2022080812,a7l.2022,9X-A7L,TD,NONdev,11.5,338.8,25,1010,275,18,279,18,NaN,NaN,NaN,NaN,NaN,NaN,NaN,NaN,NaN,NaN,DB,NW,C,C,180,1012,NaN,S,80,NaN,
2022080818,a7l.2022,9X-A7L,TD,NONdev,11.7,337.3,25,1010,280,17,282,17,NaN,NaN,NaN,NaN,NaN,NaN,NaN,NaN,NaN,NaN,DB,NW,C,C,180,1012,NaN,S,80,NaN,
2022080900,a7l.2022,9X-A7L,TD,NONdev,11.9,335.1,25,1010,280,18,276,18,NaN,NaN,NaN,NaN,NaN,NaN,NaN,NaN,NaN,NaN,DB,NW,C,C,180,1012,NaN,S,80,NaN,
2022080906,a7l.2022,9X-A7L,TD,NONdev,11.9,334.1,25,1010,275,15,274,16,NaN,NaN,NaN,NaN,NaN,NaN,NaN,NaN,NaN,NaN,DB,NW,C,C,180,1012,NaN,S,80,NaN,
2022080912,a7l.2022,9X-A7L,TD,NONdev,12.0,332.5,25,1010,275,16,272,13,NaN,NaN,NaN,NaN,NaN,NaN,NaN,NaN,NaN,NaN,DB,NW,C,C,180,1012,NaN,S,80,NaN,
2022080918,a7l.2022,9X-A7L,TD,NONdev,12.0,330.8,25,1010,275,16,272,16,NaN,NaN,NaN,NaN,NaN,NaN,NaN,NaN,NaN,NaN,DB,NW,C,C,180,1012,NaN,S,80,NaN,
2022081000,a7l.2022,9X-A7L,TD,NONdev,12.2,329.3,25,1010,275,16,274,16,NaN,NaN,NaN,NaN,NaN,NaN,NaN,NaN,NaN,NaN,DB,NW,C,C,180,1012,NaN,S,80,NaN,
2022081006,a7l.2022,9X-A7L,TD,NONdev,12.3,328.1,25,1010,275,14,276,13,NaN,NaN,NaN,NaN,NaN,NaN,NaN,NaN,NaN,NaN,DB,NW,C,C,180,1012,NaN,S,80,NaN,
2022081012,a7l.2022,9X-A7L,TD,NONdev,12.5,326.6,25,1011,275,14,276,13,NaN,NaN,NaN,NaN,NaN,NaN,NaN,NaN,NaN,NaN,DB,NW,C,C,150,1013,NaN,S,80,NaN,
2022081018,a7l.2022,9X-A7L,TD,NONdev,12.7,325.8,25,1010,280,13,280,11,NaN,NaN,NaN,NaN,NaN,NaN,NaN,NaN,NaN,NaN,DB,NW,C,C,150,1012,NaN,S,80,NaN,
2022081100,a7l.2022,9X-A7L,TD,NONdev,12.7,324.5,25,1010,275,12,276,10,NaN,NaN,NaN,NaN,NaN,NaN,NaN,NaN,NaN,NaN,DB,NW,C,C,150,1012,NaN,S,80,NaN,
2022081118,a8l.2022,9X-A8L,TD,NONdev,28.7,270.2,20,1014,254,5,254,5,NaN,NaN,NaN,NaN,NaN,NaN,NaN,NaN,NaN,NaN,DB,NW,b,b,NaN,NaN,NaN,NaN,NaN,NaN,
2022081200,a8l.2022,9X-A8L,TD,NONdev,28.5,269.6,20,1014,254,5,254,5,NaN,NaN,NaN,NaN,NaN,NaN,NaN,NaN,NaN,NaN,DB,NW,b,b,NaN,NaN,NaN,NaN,NaN,NaN,
2022081206,a8l.2022,9X-A8L,TD,NONdev,28.4,269.0,20,1014,254,5,254,5,NaN,NaN,NaN,NaN,NaN,NaN,NaN,NaN,NaN,NaN,DB,NW,b,b,NaN,NaN,NaN,NaN,NaN,NaN,
2022081212,a8l.2022,9X-A8L,TD,NONdev,28.3,268.4,20,1014,259,5,259,5,NaN,NaN,NaN,NaN,NaN,NaN,NaN,NaN,NaN,NaN,DB,NW,b,b,NaN,NaN,NaN,NaN,NaN,NaN,
2022081218,a8l.2022,9X-A8L,TD,NONdev,28.3,267.7,20,1014,265,6,265,6,NaN,NaN,NaN,NaN,NaN,NaN,NaN,NaN,NaN,NaN,DB,NW,C,C,180,1016,NaN,S,60,NaN,
2022081300,a8l.2022,9X-A8L,TD,NONdev,28.1,267.1,20,1013,260,6,260,6,NaN,NaN,NaN,NaN,NaN,NaN,NaN,NaN,NaN,NaN,DB,NW,C,C,150,1014,NaN,S,60,NaN,
2022081306,a8l.2022,9X-A8L,TD,NONdev,28.1,266.3,20,1013,265,6,261,6,NaN,NaN,NaN,NaN,NaN,NaN,NaN,NaN,NaN,NaN,DB,NW,C,C,150,1014,NaN,S,60,NaN,
2022081312,a8l.2022,9X-A8L,TD,NONdev,28.0,265.3,20,1013,265,8,266,8,NaN,NaN,NaN,NaN,NaN,NaN,NaN,NaN,NaN,NaN,DB,NW,C,C,150,1014,NaN,S,60,NaN,
2022081318,a8l.2022,9X-A8L,TD,NONdev,27.6,264.4,25,1013,255,9,253,9,NaN,NaN,NaN,NaN,NaN,NaN,NaN,NaN,NaN,NaN,DB,NW,C,C,150,1014,NaN,S,60,NaN,
2022081400,a8l.2022,9X-A8L,TD,NONdev,27.3,263.8,25,1012,245,7,242,8,NaN,NaN,NaN,NaN,NaN,NaN,NaN,NaN,NaN,NaN,DB,NW,C,C,150,1013,NaN,S,60,NaN,
2022081406,a8l.2022,9X-A8L,TD,NONdev,27.0,262.8,20,1012,250,8,247,8,NaN,NaN,NaN,NaN,NaN,NaN,NaN,NaN,NaN,NaN,DB,NW,C,C,150,1013,0.06,S,60,NaN,
2022081412,a8l.2022,9X-A8L,TD,NONdev,27.5,262.5,25,1009,265,6,280,6,NaN,NaN,NaN,NaN,NaN,NaN,NaN,NaN,NaN,NaN,LO,NW,C,C,150,1012,0.62,S,60,NaN,
2022081418,a8l.2022,9X-A8L,TD,NONdev,27.5,262.0,25,1009,270,5,305,4,NaN,NaN,NaN,NaN,NaN,NaN,NaN,NaN,NaN,NaN,LO,NW,C,C,150,1012,0.97,S,60,NaN,
2022081718,a9l.2022,9X-A9L,TD,DEV,16.3,271.5,20,1010,305,7,305,7,NaN,NaN,NaN,NaN,NaN,NaN,NaN,NaN,NaN,NaN,DB,NW,b,b,120,1012,0.52,NaN,60,NaN,
2022081800,a9l.2022,9X-A9L,TD,DEV,16.7,271.0,20,1010,305,7,305,7,NaN,NaN,NaN,NaN,NaN,NaN,NaN,NaN,NaN,NaN,DB,NW,b,b,120,1012,0.91,NaN,60,NaN,
2022081806,a9l.2022,9X-A9L,TD,DEV,17.1,270.3,20,NaN,305,7,305,7,NaN,NaN,NaN,NaN,NaN,NaN,NaN,NaN,NaN,NaN,DB,NW,b,b,120,1012,0.98,NaN,60,NaN,
2022081812,a9l.2022,9X-A9L,TD,DEV,17.4,269.8,20,1010,301,7,301,7,NaN,NaN,NaN,NaN,NaN,NaN,NaN,NaN,NaN,NaN,DB,NW,b,b,120,1012,0.99,NaN,60,NaN,
2022081818,a9l.2022,9X-A9L,TD,DEV,17.7,269.3,20,1010,305,7,302,6,NaN,NaN,NaN,NaN,NaN,NaN,NaN,NaN,NaN,NaN,DB,NW,C,C,120,1012,0.98,S,60,NaN,
2022081900,a9l.2022,9X-A9L,TD,DEV,18.2,269.0,20,1009,315,6,316,6,NaN,NaN,NaN,NaN,NaN,NaN,NaN,NaN,NaN,NaN,DB,NW,C,C,120,1012,0.98,S,80,NaN,
2022081906,a9l.2022,9X-A9L,TD,DEV,19.0,268.5,20,1009,325,7,330,8,NaN,NaN,NaN,NaN,NaN,NaN,NaN,NaN,NaN,NaN,DB,NW,C,C,120,1012,0.20,S,80,NaN,
2022081912,a9l.2022,9X-A9L,TD,DEV,19.6,267.2,25,1009,315,9,309,11,NaN,NaN,NaN,NaN,NaN,NaN,NaN,NaN,NaN,NaN,DB,NW,C,C,120,1012,NaN,S,80,NaN,
2022082112,b0l.2022,9X-B0L,TD,NONdev,16.2,336.4,25,1010,270,15,270,15,NaN,NaN,NaN,NaN,NaN,NaN,NaN,NaN,NaN,NaN,DB,NW,b,b,150,1012,NaN,NaN,30,NaN,
2022082118,b0l.2022,9X-B0L,TD,NONdev,16.2,334.9,25,1010,270,15,270,15,NaN,NaN,NaN,NaN,NaN,NaN,NaN,NaN,NaN,NaN,DB,NW,b,b,150,1012,NaN,NaN,30,NaN,
2022082200,b0l.2022,9X-B0L,TD,NONdev,16.2,333.3,25,1010,270,15,270,15,NaN,NaN,NaN,NaN,NaN,NaN,NaN,NaN,NaN,NaN,DB,NW,b,b,150,1012,NaN,NaN,30,NaN,
2022082206,b0l.2022,9X-B0L,TD,NONdev,16.2,331.9,25,1010,270,14,270,14,NaN,NaN,NaN,NaN,NaN,NaN,NaN,NaN,NaN,NaN,DB,NW,b,b,150,1012,NaN,NaN,30,NaN,
2022082212,b0l.2022,9X-B0L,TD,NONdev,16.2,330.7,25,1010,270,13,270,12,NaN,NaN,NaN,NaN,NaN,NaN,NaN,NaN,NaN,NaN,DB,NW,C,C,150,1012,NaN,S,30,NaN,
2022082218,b0l.2022,9X-B0L,TD,NONdev,16.3,329.0,25,1010,270,14,272,14,NaN,NaN,NaN,NaN,NaN,NaN,NaN,NaN,NaN,NaN,DB,NW,C,C,150,1012,NaN,S,30,NaN,
2022082300,b0l.2022,9X-B0L,TD,NONdev,16.1,326.4,25,1010,270,18,269,21,NaN,NaN,NaN,NaN,NaN,NaN,NaN,NaN,NaN,NaN,DB,NW,C,C,150,1012,NaN,S,40,NaN,
2022082306,b0l.2022,9X-B0L,TD,NONdev,15.6,324.1,20,1010,270,21,262,24,NaN,NaN,NaN,NaN,NaN,NaN,NaN,NaN,NaN,NaN,DB,NW,C,C,180,1012,NaN,S,80,NaN,
2022082312,b0l.2022,9X-B0L,TD,NONdev,14.5,323.5,20,1010,250,17,240,16,NaN,NaN,NaN,NaN,NaN,NaN,NaN,NaN,NaN,NaN,DB,NW,C,C,180,1011,NaN,S,80,NaN,
2022082318,b0l.2022,9X-B0L,TD,NONdev,14.7,323.8,20,1012,260,7,198,5,NaN,NaN,NaN,NaN,NaN,NaN,NaN,NaN,NaN,NaN,DB,NW,C,C,180,1014,NaN,S,80,NaN,
2022082700,b1l.2022,9X-B1L,TD,DEV,12.3,324.1,20,NaN,284,13,284,13,NaN,NaN,NaN,NaN,NaN,NaN,NaN,NaN,NaN,NaN,DB,NW,b,b,150,1011,NaN,NaN,90,NaN,
2022082706,b1l.2022,9X-B1L,TD,DEV,12.5,322.9,20,NaN,284,13,284,13,NaN,NaN,NaN,NaN,NaN,NaN,NaN,NaN,NaN,NaN,DB,NW,b,b,150,1011,NaN,NaN,90,NaN,
2022082712,b1l.2022,9X-B1L,TD,DEV,12.9,321.6,20,NaN,284,13,284,13,NaN,NaN,NaN,NaN,NaN,NaN,NaN,NaN,NaN,NaN,DB,NW,b,b,150,1011,NaN,NaN,90,NaN,
2022082718,b1l.2022,9X-B1L,TD,DEV,13.2,320.4,20,NaN,286,13,286,13,NaN,NaN,NaN,NaN,NaN,NaN,NaN,NaN,NaN,NaN,DB,NW,b,b,150,1011,NaN,NaN,90,NaN,
2022082800,b1l.2022,9X-B1L,TD,DEV,13.7,319.0,20,1009,285,13,288,13,NaN,NaN,NaN,NaN,NaN,NaN,NaN,NaN,NaN,NaN,DB,NW,C,C,150,1011,NaN,S,90,NaN,
2022082806,b1l.2022,9X-B1L,TD,DEV,14.2,318.0,25,1009,290,12,293,13,NaN,NaN,NaN,NaN,NaN,NaN,NaN,NaN,NaN,NaN,DB,NW,C,C,150,1011,NaN,S,90,NaN,
2022082812,b1l.2022,9X-B1L,TD,DEV,14.5,316.2,30,1008,285,15,286,14,NaN,NaN,NaN,NaN,NaN,NaN,NaN,NaN,NaN,NaN,DB,NW,C,C,150,1011,NaN,S,80,NaN,
2022082818,b1l.2022,9X-B1L,TD,DEV,13.9,315.1,30,1008,270,13,264,14,NaN,NaN,NaN,NaN,NaN,NaN,NaN,NaN,NaN,NaN,DB,NW,C,C,120,1011,NaN,S,80,NaN,
2022082900,b1l.2022,9X-B1L,TD,DEV,14.0,314.8,30,1007,270,7,250,7,NaN,NaN,NaN,NaN,NaN,NaN,NaN,NaN,NaN,NaN,DB,NW,C,C,120,1012,NaN,S,80,NaN,
2022082906,b1l.2022,9X-B1L,TD,DEV,14.3,314.5,30,1007,295,5,305,4,NaN,NaN,NaN,NaN,NaN,NaN,NaN,NaN,NaN,NaN,DB,NW,C,C,120,1012,NaN,S,80,NaN,
2022082912,b1l.2022,9X-B1L,TD,DEV,14.7,313.3,30,1007,290,7,296,8,NaN,NaN,NaN,NaN,NaN,NaN,NaN,NaN,NaN,NaN,DB,NW,C,C,120,1012,NaN,S,80,NaN,
2022082918,b1l.2022,9X-B1L,TD,DEV,14.7,312.5,30,1008,285,8,282,10,NaN,NaN,NaN,NaN,NaN,NaN,NaN,NaN,NaN,NaN,DB,NW,C,C,120,1011,NaN,S,80,NaN,
2022083000,b1l.2022,9X-B1L,TD,DEV,14.7,312.2,30,1007,280,6,270,5,NaN,NaN,NaN,NaN,NaN,NaN,NaN,NaN,NaN,NaN,DB,NW,C,C,150,1012,NaN,S,80,NaN,
2022083006,b1l.2022,9X-B1L,TD,DEV,14.7,312.0,25,1007,270,5,270,2,NaN,NaN,NaN,NaN,NaN,NaN,NaN,NaN,NaN,NaN,DB,NW,C,C,150,1012,NaN,S,80,NaN,
2022083012,b1l.2022,9X-B1L,TD,DEV,14.5,311.7,25,1007,260,3,248,3,NaN,NaN,NaN,NaN,NaN,NaN,NaN,NaN,NaN,NaN,DB,NW,C,C,150,1012,NaN,S,80,NaN,
2022083018,b1l.2022,9X-B1L,TD,DEV,14.8,310.9,30,1007,275,5,275,5,NaN,NaN,NaN,NaN,NaN,NaN,NaN,NaN,NaN,NaN,DB,NW,C,C,180,1012,NaN,S,90,NaN,
2022083100,b1l.2022,9X-B1L,TD,DEV,15.0,310.5,30,1007,290,5,293,6,NaN,NaN,NaN,NaN,NaN,NaN,NaN,NaN,NaN,NaN,DB,NW,C,C,180,1011,NaN,S,90,NaN,
2022083106,b1l.2022,9X-B1L,TD,DEV,15.1,310.0,30,1007,295,5,289,5,NaN,NaN,NaN,NaN,NaN,NaN,NaN,NaN,NaN,NaN,DB,NW,C,C,180,1010,NaN,S,90,NaN,
2022083112,b1l.2022,9X-B1L,TD,DEV,15.2,309.5,30,1008,290,5,282,5,NaN,NaN,NaN,NaN,NaN,NaN,NaN,NaN,NaN,NaN,DB,NW,C,C,180,1012,NaN,S,90,NaN,
2022083118,b1l.2022,9X-B1L,TD,DEV,15.5,309.2,30,1008,290,5,297,4,NaN,NaN,NaN,NaN,NaN,NaN,NaN,NaN,NaN,NaN,DB,NW,C,C,150,1010,NaN,S,90,NaN,
2022090100,b1l.2022,9X-B1L,TD,DEV,15.7,308.8,30,1008,300,4,307,4,NaN,NaN,NaN,NaN,NaN,NaN,NaN,NaN,NaN,NaN,DB,NW,C,C,150,1010,NaN,S,90,NaN,
2022090106,b1l.2022,9X-B1L,TD,DEV,15.8,308.2,30,1008,290,5,287,5,NaN,NaN,NaN,NaN,NaN,NaN,NaN,NaN,NaN,NaN,DB,NW,C,C,150,1010,NaN,S,90,NaN,
2022090112,b1l.2022,9X-B1L,TD,DEV,16.0,307.5,30,1008,285,6,283,6,NaN,NaN,NaN,NaN,NaN,NaN,NaN,NaN,NaN,NaN,DB,NW,C,C,150,1010,NaN,S,90,NaN,
2022090118,b1l.2022,9X-B1L,TD,DEV,16.2,305.5,30,1008,280,10,279,13,NaN,NaN,NaN,NaN,NaN,NaN,NaN,NaN,NaN,NaN,DB,NW,C,C,150,1010,NaN,S,90,NaN,
2022090200,b1l.2022,9X-B1L,TD,DEV,16.9,304.6,30,1008,290,11,288,15,NaN,NaN,NaN,NaN,NaN,NaN,NaN,NaN,NaN,NaN,DB,NW,C,C,150,1010,NaN,S,90,NaN,
2022090206,b1l.2022,9X-B1L,TD,DEV,17.0,303.6,30,1008,285,11,294,10,NaN,NaN,NaN,NaN,NaN,NaN,NaN,NaN,NaN,NaN,DB,NW,C,C,150,1010,NaN,S,90,NaN,
2022090212,b1l.2022,9X-B1L,TD,DEV,17.1,302.5,30,1008,280,10,276,10,NaN,NaN,NaN,NaN,NaN,NaN,NaN,NaN,NaN,NaN,DB,NW,C,C,150,1010,NaN,S,80,NaN,
2022090218,b1l.2022,9X-B1L,TD,DEV,18.0,301.4,30,1006,295,11,295,12,NaN,NaN,NaN,NaN,NaN,NaN,NaN,NaN,NaN,NaN,LO,NW,C,C,150,1010,NaN,S,80,NaN,
2022082700,b2l.2022,9X-B2L,TD,NONdev,30.0,308.0,25,1014,319,7,319,7,NaN,NaN,NaN,NaN,NaN,NaN,NaN,NaN,NaN,NaN,DB,NW,b,b,100,1017,NaN,NaN,20,NaN,
2022082706,b2l.2022,9X-B2L,TD,NONdev,30.5,307.5,25,1014,319,7,319,7,NaN,NaN,NaN,NaN,NaN,NaN,NaN,NaN,NaN,NaN,DB,NW,b,b,100,1017,NaN,NaN,20,NaN,
2022082712,b2l.2022,9X-B2L,TD,NONdev,31.0,307.0,25,1014,319,7,319,7,NaN,NaN,NaN,NaN,NaN,NaN,NaN,NaN,NaN,NaN,DB,NW,b,b,100,1017,NaN,NaN,20,NaN,
2022082718,b2l.2022,9X-B2L,TD,NONdev,31.5,306.4,25,1014,317,7,317,7,NaN,NaN,NaN,NaN,NaN,NaN,NaN,NaN,NaN,NaN,DB,NW,b,b,100,1017,NaN,NaN,20,NaN,
2022082800,b2l.2022,9X-B2L,TD,NONdev,32.0,305.8,25,1014,315,7,314,7,NaN,NaN,NaN,NaN,NaN,NaN,NaN,NaN,NaN,NaN,DB,NW,C,C,100,1017,NaN,S,20,NaN,
2022082806,b2l.2022,9X-B2L,TD,NONdev,32.2,305.3,25,1016,310,6,307,6,NaN,NaN,NaN,NaN,NaN,NaN,NaN,NaN,NaN,NaN,LO,NW,C,C,100,1018,NaN,S,20,NaN,
2022082812,b2l.2022,9X-B2L,TD,NONdev,32.7,305.2,25,1017,320,4,324,4,NaN,NaN,NaN,NaN,NaN,NaN,NaN,NaN,NaN,NaN,LO,NW,C,C,100,1019,NaN,S,20,NaN,
2022082818,b2l.2022,9X-B2L,TD,NONdev,32.7,305.4,25,1017,90,3,10,3,NaN,NaN,NaN,NaN,NaN,NaN,NaN,NaN,NaN,NaN,LO,NW,C,C,100,1019,NaN,S,20,NaN,
2022082900,b2l.2022,9X-B2L,TD,NONdev,32.4,305.5,25,1017,160,2,140,2,NaN,NaN,NaN,NaN,NaN,NaN,NaN,NaN,NaN,NaN,LO,NW,C,C,100,1020,NaN,S,20,NaN,
2022082906,b2l.2022,9X-B2L,TD,NONdev,32.2,305.7,25,1017,155,2,153,3,NaN,NaN,NaN,NaN,NaN,NaN,NaN,NaN,NaN,NaN,LO,NW,C,C,100,1020,NaN,S,20,NaN,
2022082912,b2l.2022,9X-B2L,TD,NONdev,31.6,305.9,25,1017,160,4,157,4,NaN,NaN,NaN,NaN,NaN,NaN,NaN,NaN,NaN,NaN,LO,NW,C,C,100,1020,NaN,S,20,NaN,
2022083012,b3l.2022,9X-B3L,TD,DEV,37.8,310.4,20,1020,122,8,122,8,NaN,NaN,NaN,NaN,NaN,NaN,NaN,NaN,NaN,NaN,DB,NW,b,b,150,1021,NaN,NaN,60,NaN,
2022083018,b3l.2022,9X-B3L,TD,DEV,37.3,311.1,20,1020,122,8,122,8,NaN,NaN,NaN,NaN,NaN,NaN,NaN,NaN,NaN,NaN,DB,NW,b,b,150,1021,NaN,NaN,60,NaN,
2022083100,b3l.2022,9X-B3L,TD,DEV,37.0,312.0,20,1020,122,8,122,8,NaN,NaN,NaN,NaN,NaN,NaN,NaN,NaN,NaN,NaN,DB,NW,b,b,150,1021,NaN,NaN,60,NaN,
2022083106,b3l.2022,9X-B3L,TD,DEV,37.1,313.0,20,1018,98,8,98,8,NaN,NaN,NaN,NaN,NaN,NaN,NaN,NaN,NaN,NaN,DB,NW,b,b,150,1020,NaN,NaN,60,NaN,
2022083112,b3l.2022,9X-B3L,TD,DEV,37.5,313.4,25,1016,85,6,66,6,NaN,NaN,NaN,NaN,NaN,NaN,NaN,NaN,NaN,NaN,DB,NW,C,C,150,1018,NaN,S,50,NaN,
2022083118,b3l.2022,9X-B3L,TD,DEV,37.9,314.0,25,1016,60,6,45,6,NaN,NaN,NaN,NaN,NaN,NaN,NaN,NaN,NaN,NaN,DB,NW,C,C,110,1018,NaN,S,50,NaN,
2022090100,b3l.2022,9X-B3L,TD,DEV,38.0,314.6,25,1014,60,5,62,5,NaN,NaN,NaN,NaN,NaN,NaN,NaN,NaN,NaN,NaN,DB,NW,C,C,110,1017,NaN,S,40,NaN,
2022102018,b4l.2022,9X-B4L,TS,NONdev,32.5,323.0,25,1011,200,10,200,10,NaN,NaN,NaN,NaN,NaN,NaN,NaN,NaN,NaN,NaN,DB,NW,b,b,NaN,NaN,NaN,NaN,NaN,NaN,
2022102100,b4l.2022,9X-B4L,TS,NONdev,31.5,322.8,30,1011,200,10,200,10,NaN,NaN,NaN,NaN,NaN,NaN,NaN,NaN,NaN,NaN,DB,NW,b,b,NaN,NaN,NaN,NaN,NaN,NaN,
2022102106,b4l.2022,9X-B4L,TS,NONdev,30.6,322.2,30,1011,200,10,200,10,NaN,NaN,NaN,NaN,NaN,NaN,NaN,NaN,NaN,NaN,DB,NW,b,b,NaN,NaN,NaN,NaN,NaN,NaN,
2022102112,b4l.2022,9X-B4L,TS,NONdev,29.9,320.6,35,1011,230,12,230,12,50,50,,,50,NaN,NaN,NaN,NaN,NaN,LO,NW,b,b,100,1014,NaN,NaN,50,NaN,
2022102118,b4l.2022,9X-B4L,TS,NONdev,29.3,318.9,35,1011,245,16,246,16,50,50,,,50,NaN,NaN,NaN,NaN,NaN,LO,NW,C,C,100,1014,NaN,M,50,NaN,
2022102200,b4l.2022,9X-B4L,TS,NONdev,28.6,317.2,35,1011,250,16,246,16,60,60,,,60,NaN,NaN,NaN,NaN,NaN,LO,NW,C,C,100,1014,NaN,M,50,NaN,
2022102206,b4l.2022,9X-B4L,TS,NONdev,28.4,315.8,35,1012,250,15,252,14,60,60,,,60,NaN,NaN,NaN,NaN,NaN,LO,NW,C,C,100,1016,NaN,M,50,NaN,
2022102212,b4l.2022,9X-B4L,TS,NONdev,28.3,314.4,30,1013,270,14,263,12,NaN,NaN,NaN,NaN,NaN,NaN,NaN,NaN,NaN,NaN,LO,NW,C,C,90,1016,NaN,M,50,NaN,
2022102218,b4l.2022,9X-B4L,TS,NONdev,28.7,313.0,30,1014,275,12,277,12,NaN,NaN,NaN,NaN,NaN,NaN,NaN,NaN,NaN,NaN,DB,NW,C,C,90,1015,NaN,S,50,NaN,
2022102300,b4l.2022,9X-B4L,TS,NONdev,29.1,311.2,30,1015,285,14,286,15,NaN,NaN,NaN,NaN,NaN,NaN,NaN,NaN,NaN,NaN,DB,NW,C,C,90,1016,NaN,S,50,NaN,
2022102306,b4l.2022,9X-B4L,TS,NONdev,30.0,309.4,30,1015,290,16,293,17,NaN,NaN,NaN,NaN,NaN,NaN,NaN,NaN,NaN,NaN,DB,NW,C,C,90,1016,NaN,S,50,NaN,
2022102312,b4l.2022,9X-B4L,TS,NONdev,30.7,307.4,30,1016,295,18,296,18,NaN,NaN,NaN,NaN,NaN,NaN,NaN,NaN,NaN,NaN,DB,NW,C,C,90,1017,NaN,S,50,NaN,
2022102318,b4l.2022,9X-B4L,TS,NONdev,31.3,305.3,30,1015,295,19,290,19,NaN,NaN,NaN,NaN,NaN,NaN,NaN,NaN,NaN,NaN,DB,NW,C,C,90,1017,NaN,S,20,NaN,
2022102400,b4l.2022,9X-B4L,TS,NONdev,31.5,302.8,30,1015,285,20,281,20,NaN,NaN,NaN,NaN,NaN,NaN,NaN,NaN,NaN,NaN,DB,NW,C,C,90,1017,NaN,S,20,NaN,
2022102406,b4l.2022,9X-B4L,TS,NONdev,31.5,300.2,30,1015,275,21,273,22,NaN,NaN,NaN,NaN,NaN,NaN,NaN,NaN,NaN,NaN,DB,NW,C,C,90,1017,NaN,S,20,NaN,
2022102412,b4l.2022,9X-B4L,TS,NONdev,31.8,298.0,30,1014,275,21,274,20,NaN,NaN,NaN,NaN,NaN,NaN,NaN,NaN,NaN,NaN,DB,NW,C,C,90,1017,NaN,S,20,NaN,
2022102418,b4l.2022,9X-B4L,TS,NONdev,31.5,296.4,30,1013,270,16,270,16,NaN,NaN,NaN,NaN,NaN,NaN,NaN,NaN,NaN,NaN,LO,NW,C,C,120,1016,NaN,S,20,NaN,
2022102500,b4l.2022,9X-B4L,TS,NONdev,31.4,295.5,30,1010,270,13,259,11,NaN,NaN,NaN,NaN,NaN,NaN,NaN,NaN,NaN,NaN,LO,NW,C,C,120,1016,NaN,S,10,NaN,
2022102506,b4l.2022,9X-B4L,TS,NONdev,31.8,294.9,30,1010,275,9,283,7,NaN,NaN,NaN,NaN,NaN,NaN,NaN,NaN,NaN,NaN,LO,NW,C,C,150,1015,NaN,S,10,NaN,
2022102512,b4l.2022,9X-B4L,TS,NONdev,32.5,295.0,30,1010,0,7,339,6,NaN,NaN,NaN,NaN,NaN,NaN,NaN,NaN,NaN,NaN,LO,NW,C,C,150,1015,NaN,S,10,NaN,
2022102518,b4l.2022,9X-B4L,TS,NONdev,33.6,295.1,25,1010,5,10,5,9,NaN,NaN,NaN,NaN,NaN,NaN,NaN,NaN,NaN,NaN,LO,NW,C,C,140,1014,NaN,S,20,NaN,
2022102600,b4l.2022,9X-B4L,TS,NONdev,35.0,295.0,25,1010,0,13,360,12,NaN,NaN,NaN,NaN,NaN,NaN,NaN,NaN,NaN,NaN,LO,NW,C,C,140,1014,NaN,S,20,NaN,
2022102606,b4l.2022,9X-B4L,TS,NONdev,36.8,294.6,25,1010,355,16,353,16,NaN,NaN,NaN,NaN,NaN,NaN,NaN,NaN,NaN,NaN,DB,NW,C,C,140,1014,NaN,S,20,NaN,
2022102612,b4l.2022,9X-B4L,TS,NONdev,39.5,294.5,25,1010,355,22,355,23,NaN,NaN,NaN,NaN,NaN,NaN,NaN,NaN,NaN,NaN,DB,NW,C,C,90,1011,NaN,S,50,NaN,
2022090518,b5l.2022,9X-B5L,TS,NONdev,13.2,338.0,20,1012,272,13,272,13,NaN,NaN,NaN,NaN,NaN,NaN,NaN,NaN,NaN,NaN,DB,NW,b,b,180,1013,NaN,NaN,100,NaN,
2022090600,b5l.2022,9X-B5L,TS,NONdev,13.2,336.6,20,1012,272,13,272,13,NaN,NaN,NaN,NaN,NaN,NaN,NaN,NaN,NaN,NaN,DB,NW,b,b,180,1013,NaN,NaN,100,NaN,
2022090606,b5l.2022,9X-B5L,TS,NONdev,13.3,335.3,20,1012,272,13,272,13,NaN,NaN,NaN,NaN,NaN,NaN,NaN,NaN,NaN,NaN,DB,NW,b,b,180,1013,NaN,NaN,90,NaN,
2022090612,b5l.2022,9X-B5L,TS,NONdev,13.8,333.9,20,1012,283,13,283,13,NaN,NaN,NaN,NaN,NaN,NaN,NaN,NaN,NaN,NaN,DB,NW,b,b,250,1014,NaN,NaN,90,NaN,
2022090618,b5l.2022,9X-B5L,TS,NONdev,13.8,332.4,25,1012,280,14,280,14,NaN,NaN,NaN,NaN,NaN,NaN,NaN,NaN,NaN,NaN,DB,NW,b,b,200,1013,NaN,NaN,90,NaN,
2022090700,b5l.2022,9X-B5L,TS,NONdev,13.7,330.7,25,1012,270,16,268,16,NaN,NaN,NaN,NaN,NaN,NaN,NaN,NaN,NaN,NaN,DB,NW,C,C,200,1013,NaN,S,90,NaN,
2022090706,b5l.2022,9X-B5L,TS,NONdev,14.9,328.0,28,1010,270,16,278,20,NaN,NaN,NaN,NaN,NaN,NaN,NaN,NaN,NaN,NaN,DB,NW,C,C,200,1012,NaN,S,90,NaN,
2022090712,b5l.2022,9X-B5L,TS,NONdev,16.1,325.3,30,1009,290,24,289,24,NaN,NaN,NaN,NaN,NaN,NaN,NaN,NaN,NaN,NaN,DB,NW,C,C,200,1012,NaN,S,100,NaN,
2022090718,b5l.2022,9X-B5L,TS,NONdev,16.8,323.7,30,1009,290,17,295,25,NaN,NaN,NaN,NaN,NaN,NaN,NaN,NaN,NaN,NaN,LO,NW,C,C,200,1012,NaN,S,90,NaN,
2022090800,b5l.2022,9X-B5L,TS,NONdev,17.8,322.5,30,1009,300,17,302,16,NaN,NaN,NaN,NaN,NaN,NaN,NaN,NaN,NaN,NaN,LO,NW,C,C,200,1012,NaN,S,90,NaN,
2022090806,b5l.2022,9X-B5L,TS,NONdev,18.2,320.9,30,1009,295,16,298,15,NaN,NaN,NaN,NaN,NaN,NaN,NaN,NaN,NaN,NaN,LO,NW,C,C,200,1012,NaN,S,90,NaN,
2022090812,b5l.2022,9X-B5L,TS,NONdev,19.5,319.6,35,1007,290,16,302,16,110,120,,,100,NaN,NaN,NaN,NaN,NaN,LO,NW,C,C,200,1012,NaN,S,90,NaN,
2022090818,b5l.2022,9X-B5L,TS,NONdev,19.8,318.0,40,1004,290,16,300,16,120,160,,,80,NaN,NaN,NaN,NaN,NaN,LO,NW,C,C,200,1012,NaN,S,120,NaN,
2022090900,b5l.2022,9X-B5L,TS,NONdev,19.6,316.6,35,1008,290,14,272,14,190,190,,,,NaN,NaN,NaN,NaN,NaN,LO,NW,C,C,200,1014,NaN,S,180,NaN,
2022090906,b5l.2022,9X-B5L,TS,NONdev,19.5,315.8,35,1008,260,10,262,10,150,150,,,,NaN,NaN,NaN,NaN,NaN,LO,NW,C,C,180,1013,NaN,S,150,NaN,
2022090912,b5l.2022,9X-B5L,TS,NONdev,19.8,315.0,35,1008,280,9,278,8,150,150,,,,NaN,NaN,NaN,NaN,NaN,LO,NW,C,C,180,1013,NaN,S,150,NaN,
2022090918,b5l.2022,9X-B5L,TS,NONdev,20.9,314.0,30,1010,305,10,310,11,NaN,NaN,NaN,NaN,NaN,NaN,NaN,NaN,NaN,NaN,LO,NW,C,C,225,1013,NaN,S,220,NaN,
2022091000,b5l.2022,9X-B5L,TS,NONdev,22.3,312.6,25,1012,320,17,318,17,NaN,NaN,NaN,NaN,NaN,NaN,NaN,NaN,NaN,NaN,DB,NW,C,C,180,1016,NaN,S,150,NaN,
2022091006,b5l.2022,9X-B5L,TS,NONdev,24.0,311.5,25,1013,325,19,323,19,NaN,NaN,NaN,NaN,NaN,NaN,NaN,NaN,NaN,NaN,DB,NW,C,C,150,1016,NaN,S,120,NaN,
2022091200,b6l.2022,9X-B6L,TD,DEV,14.5,323.9,15,NaN,272,12,272,12,NaN,NaN,NaN,NaN,NaN,NaN,NaN,NaN,NaN,NaN,DB,NW,b,b,NaN,NaN,NaN,NaN,NaN,NaN,
2022091206,b6l.2022,9X-B6L,TD,DEV,14.5,322.7,15,NaN,272,12,272,12,NaN,NaN,NaN,NaN,NaN,NaN,NaN,NaN,NaN,NaN,DB,NW,b,b,NaN,NaN,NaN,NaN,NaN,NaN,
2022091212,b6l.2022,9X-B6L,TD,DEV,14.6,321.4,15,NaN,272,12,272,12,NaN,NaN,NaN,NaN,NaN,NaN,NaN,NaN,NaN,NaN,DB,NW,b,b,NaN,NaN,NaN,NaN,NaN,NaN,
2022091218,b6l.2022,9X-B6L,TD,DEV,14.6,320.0,15,NaN,272,13,272,13,NaN,NaN,NaN,NaN,NaN,NaN,NaN,NaN,NaN,NaN,DB,NW,b,b,NaN,NaN,NaN,NaN,NaN,NaN,
2022091300,b6l.2022,9X-B6L,TD,DEV,14.7,318.5,15,NaN,272,14,272,14,NaN,NaN,NaN,NaN,NaN,NaN,NaN,NaN,NaN,NaN,DB,NW,b,b,NaN,NaN,NaN,NaN,NaN,NaN,
2022091306,b6l.2022,9X-B6L,TD,DEV,14.7,317.1,15,NaN,272,14,272,14,NaN,NaN,NaN,NaN,NaN,NaN,NaN,NaN,NaN,NaN,DB,NW,b,b,NaN,NaN,NaN,NaN,NaN,NaN,
2022091312,b6l.2022,9X-B6L,TD,DEV,14.8,315.7,15,1011,275,14,272,14,NaN,NaN,NaN,NaN,NaN,NaN,NaN,NaN,NaN,NaN,DB,NW,C,C,140,1012,NaN,S,NaN,NaN,
2022091318,b6l.2022,9X-B6L,TD,DEV,15.0,314.3,20,1011,275,14,276,14,NaN,NaN,NaN,NaN,NaN,NaN,NaN,NaN,NaN,NaN,DB,NW,C,C,140,1012,NaN,S,80,NaN,
2022091400,b6l.2022,9X-B6L,TD,DEV,15.5,313.4,25,1010,285,12,288,12,NaN,NaN,NaN,NaN,NaN,NaN,NaN,NaN,NaN,NaN,DB,NW,C,C,140,1012,NaN,S,70,NaN,
2022091406,b6l.2022,9X-B6L,TD,DEV,16.1,312.1,25,1010,290,12,297,12,NaN,NaN,NaN,NaN,NaN,NaN,NaN,NaN,NaN,NaN,DB,NW,C,C,140,1012,NaN,S,70,NaN,
2022091800,b7l.2022,9X-B7L,TD,DEV,22.3,315.5,15,1017,348,13,348,13,NaN,NaN,NaN,NaN,NaN,NaN,NaN,NaN,NaN,NaN,DB,NW,b,b,NaN,NaN,NaN,NaN,NaN,NaN,
2022091806,b7l.2022,9X-B7L,TD,DEV,23.4,315.2,20,1017,348,13,348,13,NaN,NaN,NaN,NaN,NaN,NaN,NaN,NaN,NaN,NaN,DB,NW,b,b,NaN,NaN,NaN,NaN,NaN,NaN,
2022091812,b7l.2022,9X-B7L,TD,DEV,24.8,314.9,20,1017,348,13,348,13,NaN,NaN,NaN,NaN,NaN,NaN,NaN,NaN,NaN,NaN,DB,NW,b,b,NaN,NaN,NaN,NaN,NaN,NaN,
2022091818,b7l.2022,9X-B7L,TD,DEV,26.6,314.4,20,1017,347,16,347,16,NaN,NaN,NaN,NaN,NaN,NaN,NaN,NaN,NaN,NaN,DB,NW,b,b,NaN,NaN,NaN,NaN,NaN,NaN,
2022091900,b7l.2022,9X-B7L,TD,DEV,27.8,314.0,25,1015,350,11,345,16,NaN,NaN,NaN,NaN,NaN,NaN,NaN,NaN,NaN,NaN,LO,NW,C,C,130,1017,NaN,S,60,NaN,
2022091906,b7l.2022,9X-B7L,TD,DEV,28.4,313.8,25,1014,350,10,344,9,NaN,NaN,NaN,NaN,NaN,NaN,NaN,NaN,NaN,NaN,LO,NW,C,C,130,1017,NaN,S,60,NaN,
2022091912,b7l.2022,9X-B7L,TD,DEV,28.7,313.7,25,1014,345,7,344,5,NaN,NaN,NaN,NaN,NaN,NaN,NaN,NaN,NaN,NaN,LO,NW,C,C,130,1017,NaN,S,60,NaN,
2022091918,b7l.2022,9X-B7L,TD,DEV,29.6,314.3,25,1014,10,6,20,6,NaN,NaN,NaN,NaN,NaN,NaN,NaN,NaN,NaN,NaN,LO,NW,C,C,130,1017,NaN,S,60,NaN,
2022092000,b7l.2022,9X-B7L,TD,DEV,30.4,314.2,25,1014,10,7,14,9,NaN,NaN,NaN,NaN,NaN,NaN,NaN,NaN,NaN,NaN,LO,NW,C,C,130,1017,NaN,S,60,NaN,
2022092006,b7l.2022,9X-B7L,TD,DEV,31.3,314.0,25,1013,0,8,351,9,NaN,NaN,NaN,NaN,NaN,NaN,NaN,NaN,NaN,NaN,LO,NW,C,C,120,1017,NaN,S,50,NaN,
2022091912,b8l.2022,9X-B8L,TD,DEV,9.9,313.4,20,1012,272,16,272,16,NaN,NaN,NaN,NaN,NaN,NaN,NaN,NaN,NaN,NaN,DB,NW,b,b,NaN,NaN,NaN,NaN,NaN,NaN,
2022091918,b8l.2022,9X-B8L,TD,DEV,10.1,311.8,15,1012,272,16,272,16,NaN,NaN,NaN,NaN,NaN,NaN,NaN,NaN,NaN,NaN,DB,NW,b,b,NaN,NaN,NaN,NaN,NaN,NaN,
2022092000,b8l.2022,9X-B8L,TD,DEV,10.0,310.2,20,1012,272,16,272,16,NaN,NaN,NaN,NaN,NaN,NaN,NaN,NaN,NaN,NaN,DB,NW,b,b,NaN,NaN,NaN,NaN,NaN,NaN,
2022092006,b8l.2022,9X-B8L,TD,DEV,10.2,308.1,25,1012,272,18,272,18,NaN,NaN,NaN,NaN,NaN,NaN,NaN,NaN,NaN,NaN,DB,NW,b,b,NaN,NaN,NaN,NaN,NaN,NaN,
2022092012,b8l.2022,9X-B8L,TD,DEV,10.2,305.8,30,1010,270,20,273,22,NaN,NaN,NaN,NaN,NaN,NaN,NaN,NaN,NaN,NaN,DB,NW,C,C,150,1012,NaN,S,90,NaN,
2022092018,b8l.2022,9X-B8L,TD,DEV,10.1,304.0,30,1009,270,20,269,20,NaN,NaN,NaN,NaN,NaN,NaN,NaN,NaN,NaN,NaN,DB,NW,C,C,150,1010,NaN,S,90,NaN,
2022092100,b8l.2022,9X-B8L,TD,DEV,10.2,303.4,30,1009,275,10,270,12,NaN,NaN,NaN,NaN,NaN,NaN,NaN,NaN,NaN,NaN,DB,NW,C,C,150,1011,NaN,S,90,NaN,
2022092106,b8l.2022,9X-B8L,TD,DEV,10.2,302.2,30,1009,270,9,273,9,NaN,NaN,NaN,NaN,NaN,NaN,NaN,NaN,NaN,NaN,DB,NW,C,C,150,1011,NaN,S,90,NaN,
2022092112,b8l.2022,9X-B8L,TD,DEV,10.6,300.1,30,1008,270,9,276,14,NaN,NaN,NaN,NaN,NaN,NaN,NaN,NaN,NaN,NaN,DB,NW,C,C,150,1011,0.04,S,90,NaN,
2022092118,b8l.2022,9X-B8L,TD,DEV,11.0,298.0,30,1007,280,18,279,18,NaN,NaN,NaN,NaN,NaN,NaN,NaN,NaN,NaN,NaN,DB,NW,C,C,150,1011,0.08,S,90,NaN,
2022092200,b8l.2022,9X-B8L,TD,DEV,11.2,297.2,30,1007,285,16,282,17,NaN,NaN,NaN,NaN,NaN,NaN,NaN,NaN,NaN,NaN,DB,NW,C,C,150,1010,0.18,S,90,NaN,
2022092206,b8l.2022,9X-B8L,TD,DEV,11.3,295.9,30,1008,280,13,278,10,NaN,NaN,NaN,NaN,NaN,NaN,NaN,NaN,NaN,NaN,DB,NW,C,C,150,1010,0.04,S,90,NaN,
2022092212,b8l.2022,9X-B8L,TD,DEV,11.5,295.0,30,1008,280,11,278,11,NaN,NaN,NaN,NaN,NaN,NaN,NaN,NaN,NaN,NaN,DB,NW,C,C,150,1010,NaN,S,90,NaN,
2022092218,b8l.2022,9X-B8L,TD,DEV,12.3,293.7,30,1006,290,12,295,12,NaN,NaN,NaN,NaN,NaN,NaN,NaN,NaN,NaN,NaN,LO,NW,C,C,150,1010,NaN,S,70,NaN,
2022092300,b8l.2022,9X-B8L,TD,DEV,12.9,292.8,30,1006,290,11,303,13,NaN,NaN,NaN,NaN,NaN,NaN,NaN,NaN,NaN,NaN,LO,NW,C,C,150,1010,NaN,S,70,NaN,
2022092012,b9l.2022,9X-B9L,TD,DEV,10.1,329.9,20,1010,281,8,281,8,NaN,NaN,NaN,NaN,NaN,NaN,NaN,NaN,NaN,NaN,DB,NW,b,b,150,1011,NaN,NaN,100,NaN,
2022092018,b9l.2022,9X-B9L,TD,DEV,10.3,328.9,20,1010,281,8,281,8,NaN,NaN,NaN,NaN,NaN,NaN,NaN,NaN,NaN,NaN,DB,NW,b,b,150,1011,NaN,NaN,100,NaN,
2022092100,b9l.2022,9X-B9L,TD,DEV,10.4,328.3,20,1010,281,8,281,8,NaN,NaN,NaN,NaN,NaN,NaN,NaN,NaN,NaN,NaN,DB,NW,b,b,NaN,NaN,NaN,NaN,NaN,NaN,
2022092106,b9l.2022,9X-B9L,TD,DEV,10.7,327.7,20,1010,289,6,289,6,NaN,NaN,NaN,NaN,NaN,NaN,NaN,NaN,NaN,NaN,DB,NW,b,b,150,1011,NaN,NaN,90,NaN,
2022092112,b9l.2022,9X-B9L,TD,DEV,11.3,327.6,20,1010,310,5,323,6,NaN,NaN,NaN,NaN,NaN,NaN,NaN,NaN,NaN,NaN,DB,NW,C,C,150,1011,NaN,S,90,NaN,
2022092118,b9l.2022,9X-B9L,TD,DEV,10.6,327.6,20,1010,225,1,225,1,NaN,NaN,NaN,NaN,NaN,NaN,NaN,NaN,NaN,NaN,DB,NW,b,b,150,1011,NaN,NaN,90,NaN,
2022092200,b9l.2022,9X-B9L,TD,DEV,10.6,327.5,20,1010,245,1,188,4,NaN,NaN,NaN,NaN,NaN,NaN,NaN,NaN,NaN,NaN,DB,NW,C,C,150,1011,NaN,S,90,NaN,
2022092206,b9l.2022,9X-B9L,TD,DEV,10.9,326.5,20,1010,280,5,286,6,NaN,NaN,NaN,NaN,NaN,NaN,NaN,NaN,NaN,NaN,DB,NW,C,C,150,1011,NaN,S,90,NaN,
2022092212,b9l.2022,9X-B9L,TD,DEV,11.0,325.9,20,1010,285,6,284,8,NaN,NaN,NaN,NaN,NaN,NaN,NaN,NaN,NaN,NaN,DB,NW,C,C,150,1011,NaN,S,90,NaN,
2022092218,b9l.2022,9X-B9L,TD,DEV,10.6,325.9,20,1010,265,4,243,3,NaN,NaN,NaN,NaN,NaN,NaN,NaN,NaN,NaN,NaN,DB,NW,C,C,150,1011,NaN,S,90,NaN,
2022092300,b9l.2022,9X-B9L,TD,DEV,10.4,325.6,20,1010,250,4,206,3,NaN,NaN,NaN,NaN,NaN,NaN,NaN,NaN,NaN,NaN,DB,NW,C,C,150,1011,NaN,S,90,NaN,
2022092306,b9l.2022,9X-B9L,TD,DEV,10.8,325.0,20,1009,285,4,283,5,NaN,NaN,NaN,NaN,NaN,NaN,NaN,NaN,NaN,NaN,LO,NW,C,C,150,1011,NaN,S,90,NaN,
2022092312,b9l.2022,9X-B9L,TD,DEV,11.2,324.5,20,1009,295,5,307,7,NaN,NaN,NaN,NaN,NaN,NaN,NaN,NaN,NaN,NaN,LO,NW,C,C,150,1011,NaN,S,90,NaN,
2022092318,b9l.2022,9X-B9L,TD,DEV,11.6,324.0,20,1009,310,7,309,6,NaN,NaN,NaN,NaN,NaN,NaN,NaN,NaN,NaN,NaN,LO,NW,C,C,150,1011,NaN,S,90,NaN,
2022092400,b9l.2022,9X-B9L,TD,DEV,12.0,323.7,20,1009,315,6,316,6,NaN,NaN,NaN,NaN,NaN,NaN,NaN,NaN,NaN,NaN,LO,NW,C,C,150,1011,NaN,S,90,NaN,
2022092406,b9l.2022,9X-B9L,TD,DEV,12.2,323.5,20,1009,315,5,321,4,NaN,NaN,NaN,NaN,NaN,NaN,NaN,NaN,NaN,NaN,LO,NW,C,C,150,1011,NaN,S,90,NaN,
2022092412,b9l.2022,9X-B9L,TD,DEV,12.0,323.5,25,1009,305,2,270,1,NaN,NaN,NaN,NaN,NaN,NaN,NaN,NaN,NaN,NaN,LO,NW,C,C,150,1011,NaN,S,90,NaN,
2022092418,b9l.2022,9X-B9L,TD,DEV,12.4,323.5,25,1009,335,1,360,1,NaN,NaN,NaN,NaN,NaN,NaN,NaN,NaN,NaN,NaN,LO,NW,C,C,150,1011,NaN,S,90,NaN,
2022092500,b9l.2022,9X-B9L,TD,DEV,12.9,324.0,25,1009,25,3,28,5,NaN,NaN,NaN,NaN,NaN,NaN,NaN,NaN,NaN,NaN,LO,NW,C,C,150,1011,NaN,S,90,NaN,
2022092506,b9l.2022,9X-B9L,TD,DEV,13.6,324.2,25,1009,30,7,30,7,NaN,NaN,NaN,NaN,NaN,NaN,NaN,NaN,NaN,NaN,LO,NW,C,C,150,1011,NaN,S,90,NaN,
2022092512,b9l.2022,9X-B9L,TD,DEV,13.9,323.7,25,1009,350,5,344,5,NaN,NaN,NaN,NaN,NaN,NaN,NaN,NaN,NaN,NaN,LO,NW,C,C,150,1011,NaN,S,70,NaN,
2022092518,b9l.2022,9X-B9L,TD,DEV,14.2,323.9,25,1009,355,4,334,3,NaN,NaN,NaN,NaN,NaN,NaN,NaN,NaN,NaN,NaN,LO,NW,C,C,150,1011,NaN,S,70,NaN,
2022092600,b9l.2022,9X-B9L,TD,DEV,14.8,324.1,25,1009,5,4,23,5,NaN,NaN,NaN,NaN,NaN,NaN,NaN,NaN,NaN,NaN,LO,NW,C,C,150,1012,NaN,S,60,NaN,
2022092606,b9l.2022,9X-B9L,TD,DEV,14.8,324.2,25,1008,30,3,26,3,NaN,NaN,NaN,NaN,NaN,NaN,NaN,NaN,NaN,NaN,LO,NW,C,C,150,1012,NaN,S,60,NaN,
2022092612,b9l.2022,9X-B9L,TD,DEV,14.4,324.2,25,1008,180,1,166,2,NaN,NaN,NaN,NaN,NaN,NaN,NaN,NaN,NaN,NaN,LO,NW,C,C,150,1012,NaN,S,60,NaN,
2022092618,b9l.2022,9X-B9L,TD,DEV,14.0,324.2,25,1008,170,3,180,4,NaN,NaN,NaN,NaN,NaN,NaN,NaN,NaN,NaN,NaN,LO,NW,C,C,150,1012,NaN,S,50,NaN,
2022092700,b9l.2022,9X-B9L,TD,DEV,13.7,324.7,25,1008,155,2,145,4,NaN,NaN,NaN,NaN,NaN,NaN,NaN,NaN,NaN,NaN,LO,NW,C,C,150,1012,NaN,S,50,NaN,
2022092706,b9l.2022,9X-B9L,TD,DEV,13.6,325.0,25,1008,135,4,117,4,NaN,NaN,NaN,NaN,NaN,NaN,NaN,NaN,NaN,NaN,LO,NW,C,C,150,1012,NaN,S,50,NaN,
2022092712,b9l.2022,9X-B9L,TD,DEV,13.6,325.4,25,1008,110,4,98,3,NaN,NaN,NaN,NaN,NaN,NaN,NaN,NaN,NaN,NaN,LO,NW,C,C,150,1012,NaN,S,50,NaN,
2022092718,b9l.2022,9X-B9L,TD,DEV,14.3,325.6,25,1008,40,5,40,5,NaN,NaN,NaN,NaN,NaN,NaN,NaN,NaN,NaN,NaN,LO,NW,C,C,150,1012,NaN,S,50,NaN,
2022092800,b9l.2022,9X-B9L,TD,DEV,14.8,325.7,30,1009,20,5,14,6,NaN,NaN,NaN,NaN,NaN,NaN,NaN,NaN,NaN,NaN,LO,NW,C,C,150,1012,NaN,S,50,NaN,
2022092112,c0l.2022,9X-C0L,TD,DEV,15.2,348.0,15,NaN,270,10,270,10,NaN,NaN,NaN,NaN,NaN,NaN,NaN,NaN,NaN,NaN,DB,NW,b,b,NaN,NaN,0.98,NaN,NaN,NaN,
2022092118,c0l.2022,9X-C0L,TD,DEV,15.2,347.0,15,NaN,270,10,270,10,NaN,NaN,NaN,NaN,NaN,NaN,NaN,NaN,NaN,NaN,DB,NW,b,b,NaN,NaN,0.98,NaN,NaN,NaN,
2022092200,c0l.2022,9X-C0L,TD,DEV,15.2,346.0,20,NaN,270,10,270,10,NaN,NaN,NaN,NaN,NaN,NaN,NaN,NaN,NaN,NaN,DB,NW,b,b,NaN,NaN,1.00,NaN,NaN,NaN,
2022092206,c0l.2022,9X-C0L,TD,DEV,15.2,345.0,20,NaN,270,10,270,10,NaN,NaN,NaN,NaN,NaN,NaN,NaN,NaN,NaN,NaN,DB,NW,b,b,NaN,NaN,1.00,NaN,NaN,NaN,
2022092212,c0l.2022,9X-C0L,TD,DEV,15.2,344.0,25,1008,270,10,270,10,NaN,NaN,NaN,NaN,NaN,NaN,NaN,NaN,NaN,NaN,DB,NW,C,C,150,1010,1.00,S,90,NaN,
2022092218,c0l.2022,9X-C0L,TD,DEV,15.0,341.0,25,1007,265,19,267,19,NaN,NaN,NaN,NaN,NaN,NaN,NaN,NaN,NaN,NaN,DB,NW,C,C,150,1010,NaN,S,90,NaN,
2022092300,c0l.2022,9X-C0L,TD,DEV,15.2,340.5,25,1007,275,14,270,17,NaN,NaN,NaN,NaN,NaN,NaN,NaN,NaN,NaN,NaN,DB,NW,C,C,250,1011,NaN,S,60,NaN,
2022092306,c0l.2022,9X-C0L,TD,DEV,16.6,340.3,25,1005,300,11,337,9,NaN,NaN,NaN,NaN,NaN,NaN,NaN,NaN,NaN,NaN,LO,NW,C,C,250,1011,NaN,M,60,NaN,
2022100200,c1l.2022,9X-C1L,TD,DEV,9.5,315.5,20,NaN,270,10,270,10,NaN,NaN,NaN,NaN,NaN,NaN,NaN,NaN,NaN,NaN,DB,NW,b,b,NaN,NaN,NaN,NaN,NaN,NaN,
2022100206,c1l.2022,9X-C1L,TD,DEV,9.5,314.4,20,NaN,270,10,270,10,NaN,NaN,NaN,NaN,NaN,NaN,NaN,NaN,NaN,NaN,DB,NW,b,b,NaN,NaN,NaN,NaN,NaN,NaN,
2022100212,c1l.2022,9X-C1L,TD,DEV,9.5,313.4,20,1012,270,10,270,10,NaN,NaN,NaN,NaN,NaN,NaN,NaN,NaN,NaN,NaN,DB,NW,b,b,NaN,NaN,NaN,NaN,NaN,NaN,
2022100218,c1l.2022,9X-C1L,TD,DEV,9.5,312.5,25,1012,275,10,270,9,NaN,NaN,NaN,NaN,NaN,NaN,NaN,NaN,NaN,NaN,DB,NW,C,C,150,1013,NaN,S,90,NaN,
2022100300,c1l.2022,9X-C1L,TD,DEV,9.7,311.0,25,1012,275,11,275,12,NaN,NaN,NaN,NaN,NaN,NaN,NaN,NaN,NaN,NaN,DB,NW,C,C,150,1013,NaN,S,90,NaN,
2022100306,c1l.2022,9X-C1L,TD,DEV,9.8,309.9,25,1012,275,12,277,13,NaN,NaN,NaN,NaN,NaN,NaN,NaN,NaN,NaN,NaN,DB,NW,C,C,150,1013,NaN,S,90,NaN,
2022100312,c1l.2022,9X-C1L,TD,DEV,9.3,309.3,25,1012,270,10,257,9,NaN,NaN,NaN,NaN,NaN,NaN,NaN,NaN,NaN,NaN,DB,NW,C,C,150,1013,NaN,S,90,NaN,
2022100318,c1l.2022,9X-C1L,TD,DEV,9.7,308.1,25,1012,275,10,267,9,NaN,NaN,NaN,NaN,NaN,NaN,NaN,NaN,NaN,NaN,DB,NW,C,C,150,1013,NaN,S,90,NaN,
2022100400,c1l.2022,9X-C1L,TD,DEV,10.6,306.9,25,1012,280,11,299,13,NaN,NaN,NaN,NaN,NaN,NaN,NaN,NaN,NaN,NaN,DB,NW,C,C,150,1013,NaN,S,90,NaN,
2022100406,c1l.2022,9X-C1L,TD,DEV,10.7,306.0,25,1009,285,11,296,11,NaN,NaN,NaN,NaN,NaN,NaN,NaN,NaN,NaN,NaN,DB,NW,C,C,180,1011,NaN,M,90,NaN,
2022100412,c1l.2022,9X-C1L,TD,DEV,11.7,304.2,25,1009,295,17,293,14,NaN,NaN,NaN,NaN,NaN,NaN,NaN,NaN,NaN,NaN,DB,NW,C,C,120,1011,NaN,M,90,NaN,
2022100418,c1l.2022,9X-C1L,TD,DEV,11.2,302.8,30,1008,280,15,279,16,NaN,NaN,NaN,NaN,NaN,NaN,NaN,NaN,NaN,NaN,DB,NW,C,C,150,1011,NaN,M,90,NaN,
2022100500,c1l.2022,9X-C1L,TD,DEV,11.3,301.9,30,1007,280,12,260,11,NaN,NaN,NaN,NaN,NaN,NaN,NaN,NaN,NaN,NaN,DB,NW,C,C,150,1011,NaN,M,80,NaN,
2022100506,c1l.2022,9X-C1L,TD,DEV,11.5,300.3,30,1007,280,13,277,12,NaN,NaN,NaN,NaN,NaN,NaN,NaN,NaN,NaN,NaN,DB,NW,C,C,150,1009,NaN,M,80,NaN,
2022100512,c1l.2022,9X-C1L,TD,DEV,11.5,298.3,30,1007,275,16,273,18,NaN,NaN,NaN,NaN,NaN,NaN,NaN,NaN,NaN,NaN,DB,NW,C,C,150,1010,NaN,M,80,NaN,
2022100518,c1l.2022,9X-C1L,TD,DEV,11.4,297.2,30,1006,270,14,268,15,NaN,NaN,NaN,NaN,NaN,NaN,NaN,NaN,NaN,NaN,DB,NW,C,C,120,1008,NaN,S,90,NaN,
2022100600,c1l.2022,9X-C1L,TD,DEV,11.4,295.6,30,1006,270,13,268,13,NaN,NaN,NaN,NaN,NaN,NaN,NaN,NaN,NaN,NaN,DB,NW,C,C,120,1008,0.02,S,90,NaN,
2022100606,c1l.2022,9X-C1L,TD,DEV,11.4,295.3,30,1006,270,10,270,9,NaN,NaN,NaN,NaN,NaN,NaN,NaN,NaN,NaN,NaN,DB,NW,C,C,120,1008,0.02,M,90,NaN,
2022100212,c2l.2022,9X-C2L,TD,DEV,11.3,336.8,15,NaN,270,8,270,8,NaN,NaN,NaN,NaN,NaN,NaN,NaN,NaN,NaN,NaN,DB,NW,b,b,NaN,NaN,NaN,NaN,NaN,NaN,
2022100218,c2l.2022,9X-C2L,TD,DEV,11.3,335.9,15,1011,270,8,270,8,NaN,NaN,NaN,NaN,NaN,NaN,NaN,NaN,NaN,NaN,DB,NW,b,b,200,1012,NaN,NaN,100,NaN,
2022100300,c2l.2022,9X-C2L,TD,DEV,11.3,335.1,15,1011,270,8,270,8,NaN,NaN,NaN,NaN,NaN,NaN,NaN,NaN,NaN,NaN,DB,NW,b,b,200,1012,NaN,NaN,100,NaN,
2022100306,c2l.2022,9X-C2L,TD,DEV,11.3,334.3,15,1011,270,8,270,8,NaN,NaN,NaN,NaN,NaN,NaN,NaN,NaN,NaN,NaN,DB,NW,b,b,200,1012,NaN,NaN,100,NaN,
2022100312,c2l.2022,9X-C2L,TD,DEV,11.3,333.6,20,1011,270,8,270,7,NaN,NaN,NaN,NaN,NaN,NaN,NaN,NaN,NaN,NaN,DB,NW,C,C,180,1012,NaN,S,90,NaN,
2022100318,c2l.2022,9X-C2L,TD,DEV,11.3,332.3,25,1008,270,9,270,10,NaN,NaN,NaN,NaN,NaN,NaN,NaN,NaN,NaN,NaN,DB,NW,C,C,150,1010,NaN,S,80,NaN,
2022100400,c2l.2022,9X-C2L,TD,DEV,12.3,332.0,30,1008,295,8,303,9,NaN,NaN,NaN,NaN,NaN,NaN,NaN,NaN,NaN,NaN,DB,NW,C,C,150,1010,NaN,M,90,NaN,
2022100406,c2l.2022,9X-C2L,TD,DEV,12.8,331.0,30,1008,300,10,320,10,NaN,NaN,NaN,NaN,NaN,NaN,NaN,NaN,NaN,NaN,DB,NW,C,C,150,1010,NaN,M,90,NaN,
2022100412,c2l.2022,9X-C2L,TD,DEV,14.0,330.4,25,1008,320,12,317,12,NaN,NaN,NaN,NaN,NaN,NaN,NaN,NaN,NaN,NaN,DB,NW,C,C,120,1011,NaN,M,90,NaN,
2022101012,c3l.2022,9X-C3L,TD,DEV,15.8,268.4,15,NaN,322,13,322,13,NaN,NaN,NaN,NaN,NaN,NaN,NaN,NaN,NaN,NaN,DB,NW,b,b,NaN,NaN,0.99,NaN,NaN,NaN,
2022101018,c3l.2022,9X-C3L,TD,DEV,16.9,267.5,20,NaN,322,13,322,13,NaN,NaN,NaN,NaN,NaN,NaN,NaN,NaN,NaN,NaN,DB,NW,b,b,NaN,NaN,0.99,NaN,NaN,NaN,
2022101100,c3l.2022,9X-C3L,TD,DEV,17.9,266.7,20,NaN,322,13,322,13,NaN,NaN,NaN,NaN,NaN,NaN,NaN,NaN,NaN,NaN,DB,NW,b,b,NaN,NaN,0.83,NaN,NaN,NaN,
2022101106,c3l.2022,9X-C3L,TD,DEV,19.0,266.0,25,1008,325,13,326,13,NaN,NaN,NaN,NaN,NaN,NaN,NaN,NaN,NaN,NaN,DB,NW,C,C,90,1010,NaN,S,60,NaN,
2022101112,c3l.2022,9X-C3L,TD,DEV,19.3,266.0,30,1008,340,4,335,8,NaN,NaN,NaN,NaN,NaN,NaN,NaN,NaN,NaN,NaN,DB,NW,C,C,90,1010,NaN,S,60,NaN,
2022102718,c5l.2022,9X-C5L,TD,NONdev,11.6,295.2,15,NaN,291,4,291,4,NaN,NaN,NaN,NaN,NaN,NaN,NaN,NaN,NaN,NaN,DB,NW,b,b,NaN,NaN,NaN,NaN,NaN,NaN,
2022102800,c5l.2022,9X-C5L,TD,NONdev,11.7,294.8,20,NaN,291,4,291,4,NaN,NaN,NaN,NaN,NaN,NaN,NaN,NaN,NaN,NaN,DB,NW,b,b,NaN,NaN,NaN,NaN,NaN,NaN,
2022102806,c5l.2022,9X-C5L,TD,NONdev,11.9,294.4,20,NaN,291,4,291,4,NaN,NaN,NaN,NaN,NaN,NaN,NaN,NaN,NaN,NaN,DB,NW,b,b,NaN,NaN,NaN,NaN,NaN,NaN,
2022102812,c5l.2022,9X-C5L,TD,NONdev,12.0,294.0,20,1009,290,4,291,4,NaN,NaN,NaN,NaN,NaN,NaN,NaN,NaN,NaN,NaN,DB,NW,C,C,150,1010,NaN,S,100,NaN,
2022102818,c5l.2022,9X-C5L,TD,NONdev,12.3,293.4,20,1009,295,5,292,5,NaN,NaN,NaN,NaN,NaN,NaN,NaN,NaN,NaN,NaN,DB,NW,C,C,140,1010,NaN,S,100,NaN,
2022103018,c6l.2022,9X-C6L,TS,DEV,34.4,297.5,30,1005,314,3,314,3,NaN,NaN,NaN,NaN,NaN,NaN,NaN,NaN,NaN,NaN,EX,NW,b,b,NaN,NaN,NaN,NaN,NaN,NaN,
2022103100,c6l.2022,9X-C6L,TS,DEV,35.1,297.2,30,1005,314,3,314,3,NaN,NaN,NaN,NaN,NaN,NaN,NaN,NaN,NaN,NaN,EX,NW,b,b,NaN,NaN,NaN,NaN,NaN,NaN,
2022103106,c6l.2022,9X-C6L,TS,DEV,34.8,297.0,30,1005,314,3,314,3,NaN,NaN,NaN,NaN,NaN,NaN,NaN,NaN,NaN,NaN,EX,NW,b,b,NaN,NaN,NaN,NaN,NaN,NaN,
2022103112,c6l.2022,9X-C6L,TS,DEV,34.8,298.4,30,1002,107,5,107,5,NaN,NaN,NaN,NaN,NaN,NaN,NaN,NaN,NaN,NaN,EX,NW,b,b,200,1012,NaN,NaN,40,NaN,
2022103118,c6l.2022,9X-C6L,TS,DEV,35.1,299.1,35,1001,75,7,80,9,123,170,40,,160,NaN,NaN,NaN,NaN,NaN,EX,NW,C,C,200,1012,NaN,M,30,NaN,
2022110100,c6l.2022,9X-C6L,TS,DEV,35.1,300.5,35,1001,85,11,80,9,123,170,40,,160,NaN,NaN,NaN,NaN,NaN,EX,NW,C,C,200,1012,NaN,M,30,NaN,
2022110106,c6l.2022,9X-C6L,TS,DEV,35.5,302.5,35,1001,75,16,82,14,108,170,40,60,160,NaN,NaN,NaN,NaN,NaN,EX,NW,C,C,210,1014,NaN,M,40,NaN,
2022110418,c7l.2022,9X-C7L,TS,NONdev,31.4,308.1,35,NaN,270,3,270,3,NaN,NaN,NaN,NaN,NaN,NaN,NaN,NaN,NaN,NaN,EX,NW,b,b,NaN,NaN,NaN,NaN,NaN,NaN,
2022110500,c7l.2022,9X-C7L,TS,NONdev,31.4,307.8,35,NaN,270,3,270,3,150,150,,,150,NaN,NaN,NaN,NaN,NaN,EX,NW,b,b,NaN,NaN,NaN,NaN,NaN,NaN,
2022110506,c7l.2022,9X-C7L,TS,NONdev,31.4,307.4,35,NaN,270,3,270,3,150,150,,,150,NaN,NaN,NaN,NaN,NaN,EX,NW,b,b,NaN,NaN,NaN,NaN,NaN,NaN,
2022110512,c7l.2022,9X-C7L,TS,NONdev,31.5,307.1,35,1009,280,3,280,3,150,150,,,150,NaN,NaN,NaN,NaN,NaN,EX,NW,C,C,150,1018,NaN,M,80,NaN,
2022110518,c7l.2022,9X-C7L,TS,NONdev,31.5,306.7,35,1010,275,3,280,3,165,180,,,150,NaN,NaN,NaN,NaN,NaN,EX,NW,C,C,150,1018,NaN,M,80,NaN,
2022110600,c7l.2022,9X-C7L,TS,NONdev,31.6,306.5,35,1010,285,3,281,3,165,180,,,150,NaN,NaN,NaN,NaN,NaN,EX,NW,C,C,120,1018,NaN,M,80,NaN,
2022110606,c7l.2022,9X-C7L,TS,NONdev,31.5,307.0,35,1010,270,0,90,1,165,180,,,150,NaN,NaN,NaN,NaN,NaN,EX,NW,C,C,120,1018,NaN,M,80,NaN,
2022110612,c7l.2022,9X-C7L,TS,NONdev,31.7,307.0,35,1010,10,1,77,2,165,180,,,150,NaN,NaN,NaN,NaN,NaN,EX,NW,C,C,120,1018,NaN,M,60,NaN,
2022110618,c7l.2022,9X-C7L,TS,NONdev,31.5,306.9,35,1012,270,1,270,0,150,150,,,150,NaN,NaN,NaN,NaN,NaN,LO,NW,C,C,90,1018,NaN,M,60,NaN,
2022110700,c7l.2022,9X-C7L,TS,NONdev,31.5,307.1,35,1012,280,3,157,1,150,150,,,150,NaN,NaN,NaN,NaN,NaN,LO,NW,C,C,90,1018,NaN,M,60,NaN,
2022110706,c7l.2022,9X-C7L,TS,NONdev,31.7,306.4,35,1014,290,3,295,2,80,80,,,80,NaN,NaN,NaN,NaN,NaN,LO,NW,C,C,100,1020,NaN,S,60,NaN,
2022110712,c7l.2022,9X-C7L,TS,NONdev,31.9,306.2,35,1014,310,4,298,4,120,120,,,120,NaN,NaN,NaN,NaN,NaN,LO,NW,C,C,80,1020,NaN,S,60,NaN,
2022110718,c7l.2022,9X-C7L,TS,NONdev,32.1,306.6,35,1014,330,2,23,2,120,120,,,120,NaN,NaN,NaN,NaN,NaN,LO,NW,C,C,80,1020,NaN,S,60,NaN,
2022110800,c7l.2022,9X-C7L,TS,NONdev,32.4,306.7,35,1014,20,2,40,3,120,120,,,120,NaN,NaN,NaN,NaN,NaN,LO,NW,C,C,80,1020,NaN,S,60,NaN,
2022110806,c7l.2022,9X-C7L,TS,NONdev,33.4,306.9,30,1014,20,6,11,7,NaN,NaN,NaN,NaN,NaN,NaN,NaN,NaN,NaN,NaN,LO,NW,C,C,80,1020,NaN,S,60,NaN,
2022110812,c7l.2022,9X-C7L,TS,NONdev,34.2,308.4,30,1013,55,15,38,11,NaN,NaN,NaN,NaN,NaN,NaN,NaN,NaN,NaN,NaN,LO,NW,C,C,80,1018,NaN,S,60,NaN,
2022110818,c7l.2022,9X-C7L,TS,NONdev,34.5,310.5,30,1010,70,16,70,16,NaN,NaN,NaN,NaN,NaN,NaN,NaN,NaN,NaN,NaN,LO,NW,C,C,100,1014,NaN,S,50,NaN,
2022110900,c7l.2022,9X-C7L,TS,NONdev,34.6,313.3,30,1010,84,20,84,20,NaN,NaN,NaN,NaN,NaN,NaN,NaN,NaN,NaN,NaN,LO,NW,b,b,100,1014,NaN,NaN,50,NaN,
2022110906,c7l.2022,9X-C7L,TS,NONdev,35.4,315.6,35,1013,75,20,78,21,80,,80,80,,NaN,NaN,NaN,NaN,NaN,LO,NW,C,C,100,1014,NaN,S,50,NaN,
2022110912,c7l.2022,9X-C7L,TS,NONdev,36.4,319.3,35,1006,70,28,70,26,80,,80,80,,NaN,NaN,NaN,NaN,NaN,LO,NW,C,C,80,1008,NaN,S,50,NaN,
2022110506,c8l.2022,9X-C8L,TS,DEV,16.2,289.7,15,NaN,71,8,71,8,NaN,NaN,NaN,NaN,NaN,NaN,NaN,NaN,NaN,NaN,DB,NW,b,b,NaN,NaN,NaN,NaN,NaN,NaN,
2022110512,c8l.2022,9X-C8L,TS,DEV,16.4,290.5,15,NaN,71,8,71,8,NaN,NaN,NaN,NaN,NaN,NaN,NaN,NaN,NaN,NaN,DB,NW,b,b,NaN,NaN,NaN,NaN,NaN,NaN,
2022110518,c8l.2022,9X-C8L,TS,DEV,16.7,291.2,25,NaN,71,8,71,8,NaN,NaN,NaN,NaN,NaN,NaN,NaN,NaN,NaN,NaN,DB,NW,b,b,NaN,NaN,NaN,NaN,NaN,NaN,
2022110600,c8l.2022,9X-C8L,TS,DEV,18.0,292.5,15,NaN,50,12,50,12,NaN,NaN,NaN,NaN,NaN,NaN,NaN,NaN,NaN,NaN,DB,NW,b,b,NaN,NaN,0.11,NaN,NaN,NaN,
2022110606,c8l.2022,9X-C8L,TS,DEV,19.3,293.0,15,NaN,33,16,33,16,NaN,NaN,NaN,NaN,NaN,NaN,NaN,NaN,NaN,NaN,DB,NW,b,b,NaN,NaN,NaN,NaN,NaN,NaN,
2022110612,c8l.2022,9X-C8L,TS,DEV,20.6,293.2,30,1005,10,14,14,13,NaN,NaN,NaN,NaN,NaN,NaN,NaN,NaN,NaN,NaN,DB,NW,C,C,220,1011,NaN,S,100,NaN,
2022110618,c8l.2022,9X-C8L,TS,DEV,22.4,293.3,35,1005,10,15,5,16,120,120,,,,NaN,NaN,NaN,NaN,NaN,DB,NW,C,C,220,1011,NaN,S,100,NaN,
2022110700,c8l.2022,9X-C8L,TS,DEV,24.0,293.0,35,1005,20,16,357,17,120,120,,,,NaN,NaN,NaN,NaN,NaN,DB,NW,C,C,200,1009,NaN,S,100,NaN,
2022120412,c9l.2022,9X-C9L,TS,NONdev,23.8,298.3,25,1006,77,9,77,9,NaN,NaN,NaN,NaN,NaN,NaN,NaN,NaN,NaN,NaN,DB,NW,b,b,NaN,NaN,NaN,NaN,NaN,NaN,
2022120418,c9l.2022,9X-C9L,TS,NONdev,24.0,299.2,25,1005,77,9,77,9,NaN,NaN,NaN,NaN,NaN,NaN,NaN,NaN,NaN,NaN,DB,NW,b,b,NaN,NaN,NaN,NaN,NaN,NaN,
2022120500,c9l.2022,9X-C9L,TS,NONdev,24.2,300.2,25,1005,77,9,77,9,NaN,NaN,NaN,NaN,NaN,NaN,NaN,NaN,NaN,NaN,DB,NW,b,b,NaN,NaN,NaN,NaN,NaN,NaN,
2022120506,c9l.2022,9X-C9L,TS,NONdev,24.8,301.2,28,1004,77,9,72,9,240,,,,,NaN,NaN,NaN,NaN,NaN,DB,NW,b,b,360,1010,NaN,NaN,NaN,NaN,
2022120512,c9l.2022,9X-C9L,TS,NONdev,25.3,302.2,32,1003,77,9,67,10,240,,,,,NaN,NaN,NaN,NaN,NaN,DB,NW,b,b,360,1010,NaN,NaN,NaN,NaN,
2022120518,c9l.2022,9X-C9L,TS,NONdev,25.9,303.2,35,1002,55,11,62,10,240,240,,,240,NaN,NaN,NaN,NaN,NaN,DB,NW,C,C,360,1010,NaN,M,180,NaN,
2022120600,c9l.2022,9X-C9L,TS,NONdev,26.7,304.0,35,1001,50,12,54,11,270,300,,,240,NaN,NaN,NaN,NaN,NaN,DB,NW,C,C,360,1010,NaN,M,200,NaN,
2022120606,c9l.2022,9X-C9L,TS,NONdev,25.4,304.5,35,1001,75,7,113,6,280,320,,,240,NaN,NaN,NaN,NaN,NaN,LO,NW,C,C,360,1010,NaN,M,220,NaN,
2022120612,c9l.2022,9X-C9L,TS,NONdev,25.3,305.4,35,1001,90,8,138,9,280,320,,,240,NaN,NaN,NaN,NaN,NaN,LO,NW,C,C,350,1010,NaN,M,220,NaN,
2022120618,c9l.2022,9X-C9L,TS,NONdev,26.8,306.0,35,1000,55,9,44,10,260,280,,,240,NaN,NaN,NaN,NaN,NaN,LO,NW,C,C,370,1008,NaN,M,220,NaN,
2022120700,c9l.2022,9X-C9L,TS,NONdev,28.5,307.4,45,994,30,18,29,18,243,280,,210,240,NaN,NaN,NaN,NaN,NaN,EX,NW,C,C,420,1010,NaN,M,200,NaN,
2022120706,c9l.2022,9X-C9L,TS,NONdev,28.2,305.8,50,989,345,7,353,7,300,480,240,210,270,120,120,,210,,EX,NW,C,C,480,1010,NaN,M,120,NaN,
2022120712,c9l.2022,9X-C9L,TS,NONdev,28.4,306.3,55,986,20,4,264,5,300,480,240,210,270,125,140,100,210,140,EX,NW,C,C,480,1010,NaN,M,100,NaN,
2022120718,c9l.2022,9X-C9L,TS,NONdev,28.8,306.7,55,981,15,5,53,5,395,500,240,320,520,155,120,140,320,200,EX,NW,C,C,520,1010,NaN,M,100,NaN,
2022120800,c9l.2022,9X-C9L,TS,NONdev,28.8,306.9,55,980,60,3,53,3,395,500,240,320,520,155,120,140,320,200,EX,NW,C,C,520,1010,NaN,M,100,NaN,
2022120806,c9l.2022,9X-C9L,TS,NONdev,28.5,308.9,55,980,85,9,99,10,390,450,270,420,420,150,120,,420,180,EX,NW,C,C,660,1009,NaN,M,100,NaN,
2022120812,c9l.2022,9X-C9L,TS,NONdev,29.0,310.7,55,980,70,15,87,17,420,540,300,420,420,150,120,,420,180,EX,NW,C,C,750,1010,NaN,M,120,NaN,
2022120818,c9l.2022,9X-C9L,TS,NONdev,29.4,313.0,55,980,75,20,76,18,435,540,360,420,420,150,120,,420,180,EX,NW,C,C,750,1010,NaN,M,120,NaN,
2022102718,d5l.2022,9X-D5L,TD,DEV,11.6,295.2,15,NaN,291,4,291,4,NaN,NaN,NaN,NaN,NaN,NaN,NaN,NaN,NaN,NaN,DB,NW,b,b,NaN,NaN,NaN,NaN,NaN,NaN,
2022102800,d5l.2022,9X-D5L,TD,DEV,11.7,294.8,20,NaN,291,4,291,4,NaN,NaN,NaN,NaN,NaN,NaN,NaN,NaN,NaN,NaN,DB,NW,b,b,NaN,NaN,NaN,NaN,NaN,NaN,
2022102806,d5l.2022,9X-D5L,TD,DEV,11.9,294.4,20,NaN,291,4,291,4,NaN,NaN,NaN,NaN,NaN,NaN,NaN,NaN,NaN,NaN,DB,NW,b,b,NaN,NaN,NaN,NaN,NaN,NaN,
2022102812,d5l.2022,9X-D5L,TD,DEV,12.0,294.0,20,1009,290,4,291,4,NaN,NaN,NaN,NaN,NaN,NaN,NaN,NaN,NaN,NaN,DB,NW,C,C,150,1010,NaN,S,100,NaN,
2022102818,d5l.2022,9X-D5L,TD,DEV,12.3,293.4,20,1009,295,5,292,5,NaN,NaN,NaN,NaN,NaN,NaN,NaN,NaN,NaN,NaN,DB,NW,C,C,140,1010,NaN,S,100,NaN,
2022102900,d5l.2022,9X-D5L,TD,DEV,13.0,292.8,20,1009,315,8,310,8,NaN,NaN,NaN,NaN,NaN,NaN,NaN,NaN,NaN,NaN,DB,NW,C,C,140,1010,NaN,S,100,NaN,
2022102906,d5l.2022,9X-D5L,TD,DEV,13.3,291.7,20,1009,301,10,301,10,NaN,NaN,NaN,NaN,NaN,NaN,NaN,NaN,NaN,NaN,DB,NW,b,b,140,1010,NaN,NaN,100,NaN,
2022102912,d5l.2022,9X-D5L,TD,DEV,13.7,290.7,20,1009,290,10,289,11,NaN,NaN,NaN,NaN,NaN,NaN,NaN,NaN,NaN,NaN,DB,NW,C,C,140,1010,NaN,S,100,NaN,
2022102918,d5l.2022,9X-D5L,TD,DEV,13.9,289.6,20,1007,290,10,286,11,NaN,NaN,NaN,NaN,NaN,NaN,NaN,NaN,NaN,NaN,DB,NW,C,C,140,1009,NaN,S,90,NaN,
2022103000,d5l.2022,9X-D5L,TD,DEV,14.5,288.6,20,1007,295,11,291,11,NaN,NaN,NaN,NaN,NaN,NaN,NaN,NaN,NaN,NaN,DB,NW,C,C,140,1010,NaN,S,90,NaN,
2022103006,d5l.2022,9X-D5L,TD,DEV,14.8,288.1,25,1007,295,9,302,9,NaN,NaN,NaN,NaN,NaN,NaN,NaN,NaN,NaN,NaN,DB,NW,C,C,140,1010,NaN,S,90,NaN,
2022103012,d5l.2022,9X-D5L,TD,DEV,15.5,288.4,30,1007,300,7,349,5,NaN,NaN,NaN,NaN,NaN,NaN,NaN,NaN,NaN,NaN,DB,NW,C,C,140,1010,NaN,S,80,NaN,
2022052412,a1e.2022,9X-A1E,TY,NN,9.3,265.7,15,NaN,63,6,63,6,NaN,NaN,NaN,NaN,NaN,NaN,NaN,NaN,NaN,NaN,DB,NW,b,b,NaN,NaN,NaN,NaN,NaN,NaN,
2022052418,a1e.2022,9X-A1E,TY,NN,9.5,265.5,15,NaN,63,6,63,6,NaN,NaN,NaN,NaN,NaN,NaN,NaN,NaN,NaN,NaN,DB,NW,b,b,NaN,NaN,NaN,NaN,NaN,NaN,
2022052500,a1e.2022,9X-A1E,TY,NN,9.8,266.7,15,NaN,339,5,63,6,NaN,NaN,NaN,NaN,NaN,NaN,NaN,NaN,NaN,NaN,DB,NW,B,B,NaN,NaN,NaN,NaN,NaN,NaN,
2022052506,a1e.2022,9X-A1E,TY,NN,10.3,266.5,15,NaN,339,5,51,6,NaN,NaN,NaN,NaN,NaN,NaN,NaN,NaN,NaN,NaN,DB,NW,B,B,NaN,NaN,NaN,NaN,NaN,NaN,
2022052512,a1e.2022,9X-A1E,TY,NN,10.8,266.3,25,NaN,339,5,339,5,NaN,NaN,NaN,NaN,NaN,NaN,NaN,NaN,NaN,NaN,DB,NW,B,B,180,1011,NaN,NaN,130,NaN,
2022052518,a1e.2022,9X-A1E,TY,NN,11.4,266.1,25,1009,340,6,340,6,NaN,NaN,NaN,NaN,NaN,NaN,NaN,NaN,NaN,NaN,DB,NW,B,B,180,1011,NaN,S,130,NaN,
2022052600,a1e.2022,9X-A1E,TY,NN,11.9,266.0,25,1009,345,6,345,6,NaN,NaN,NaN,NaN,NaN,NaN,NaN,NaN,NaN,NaN,DB,NW,B,B,180,1011,NaN,S,130,NaN,
2022052606,a1e.2022,9X-A1E,TY,NN,12.1,265.9,25,1009,344,4,344,4,NaN,NaN,NaN,NaN,NaN,NaN,NaN,NaN,NaN,NaN,DB,NW,B,B,180,1011,NaN,S,130,NaN,
2022052612,a1e.2022,9X-A1E,TY,NN,12.2,265.8,25,1009,327,2,327,2,NaN,NaN,NaN,NaN,NaN,NaN,NaN,NaN,NaN,NaN,DB,NW,B,B,180,1011,NaN,S,130,NaN,
2022052618,a1e.2022,9X-A1E,TY,NN,12.4,265.5,25,1009,308,2,308,2,NaN,NaN,NaN,NaN,NaN,NaN,NaN,NaN,NaN,NaN,DB,NW,B,B,180,1011,NaN,S,70,NaN,
2022052700,a1e.2022,9X-A1E,TY,NN,12.6,265.1,25,1008,300,4,300,4,NaN,NaN,NaN,NaN,NaN,NaN,NaN,NaN,NaN,NaN,LO,NW,B,B,180,1010,NaN,S,70,NaN,
2022052706,a1e.2022,9X-A1E,TY,NN,12.8,264.4,25,1008,290,6,290,6,NaN,NaN,NaN,NaN,NaN,NaN,NaN,NaN,NaN,NaN,LO,NW,B,B,150,1010,NaN,S,70,NaN,
2022052712,a1e.2022,9X-A1E,TY,NN,13.0,263.6,25,1008,285,8,285,8,NaN,NaN,NaN,NaN,NaN,NaN,NaN,NaN,NaN,NaN,LO,NW,B,B,150,1010,NaN,S,70,NaN,
2022052718,a1e.2022,9X-A1E,TY,NN,12.9,262.7,25,1008,270,3,273,8,NaN,NaN,NaN,NaN,NaN,NaN,NaN,NaN,NaN,NaN,LO,NW,B,B,150,1010,NaN,S,60,NaN,
2022052800,01e.2022,AGATHA,TY,NN,12.8,262.3,30,1006,270,3,261,6,NaN,NaN,NaN,NaN,NaN,NaN,NaN,NaN,NaN,NaN,TD,WN,B,B,150,1010,NaN,S,40,NaN,
2022052806,01e.2022,AGATHA,TY,NN,12.9,262.1,35,1004,270,3,270,3,30,30,,,,NaN,NaN,NaN,NaN,NaN,TS,WN,B,B,150,1010,NaN,M,30,JLB,
2022052812,01e.2022,AGATHA,TY,NN,13.2,262.1,40,1002,334,2,334,2,35,40,30,,,NaN,NaN,NaN,NaN,NaN,TS,WN,B,B,150,1009,NaN,M,30,JPC,
2022052818,01e.2022,AGATHA,TY,NN,13.6,261.8,50,998,337,4,337,4,50,60,50,30,60,20,20,20,30,,TS,WN,B,B,150,1009,NaN,M,20,JPC,
2022052900,01e.2022,AGATHA,TY,NN,13.8,261.2,55,996,304,5,304,5,50,60,50,30,60,20,20,20,30,,TS,WN,B,B,150,1009,NaN,M,20,ESB,
2022052906,01e.2022,AGATHA,TY,NN,13.9,260.9,65,992,289,5,289,5,55,70,50,30,70,20,20,20,30,20,HU,WN,B,B,150,1009,NaN,M,10,JLB,
2022052912,01e.2022,AGATHA,TY,NN,14.0,260.9,75,981,304,2,304,2,62,70,60,50,70,28,30,30,50,30,HU,WN,B,B,150,1008,NaN,D,10,DPB,
2022052918,01e.2022,AGATHA,TY,NN,14.0,261.1,95,964,63,1,63,1,68,80,70,50,70,28,30,30,50,30,HU,WN,B,B,150,1008,NaN,D,10,JPC,
2022053000,01e.2022,AGATHA,TY,NN,14.3,261.5,95,964,63,3,63,3,68,80,70,50,70,28,30,30,50,30,HU,WN,B,B,150,1008,NaN,D,5,ESB,
2022053006,01e.2022,AGATHA,TY,NN,14.6,262.0,90,968,55,5,55,5,72,80,80,50,80,28,30,30,50,30,HU,WN,B,B,140,1008,NaN,D,5,RJB,
2022053012,01e.2022,AGATHA,TY,NN,15.0,262.6,85,979,57,6,57,6,68,80,70,50,70,28,30,30,50,30,HU,WN,B,B,140,1008,NaN,D,5,JPC,
2022053018,01e.2022,AGATHA,TY,NN,15.4,263.1,90,974,53,7,53,7,62,80,60,50,60,32,40,30,50,30,HU,WN,B,B,120,1008,0.19,D,5,DPB,
2022053100,01e.2022,AGATHA,TY,NN,15.9,263.6,70,983,47,7,47,7,55,70,60,40,50,28,40,30,40,20,HU,WN,B,B,120,1006,0.79,D,10,ESB,
2022053106,01e.2022,AGATHA,TY,NN,16.5,264.2,50,998,44,8,44,8,40,50,60,30,20,30,,30,30,,TS,WN,B,B,90,1008,0.99,D,10,RJB,
2022053112,01e.2022,AGATHA,TY,NN,17.0,264.7,30,1004,44,8,44,8,NaN,NaN,NaN,NaN,NaN,NaN,NaN,NaN,NaN,NaN,TD,WN,B,B,90,1007,0.99,S,30,LRB,
2022053118,01e.2022,AGATHA,TY,NN,17.7,265.1,20,1005,36,7,36,7,NaN,NaN,NaN,NaN,NaN,NaN,NaN,NaN,NaN,NaN,LO,NW,B,B,90,1007,0.97,NaN,30,NaN,
2022060100,01e.2022,AGATHA,TY,NN,18.0,265.3,20,1006,30,6,30,6,NaN,NaN,NaN,NaN,NaN,NaN,NaN,NaN,NaN,NaN,LO,NW,B,B,90,1007,0.73,NaN,30,NaN,
2022060106,01e.2022,AGATHA,TY,NN,18.3,265.4,20,1007,25,3,25,3,NaN,NaN,NaN,NaN,NaN,NaN,NaN,NaN,NaN,NaN,LO,NW,B,B,90,1007,0.28,NaN,60,NaN,
2022061000,a2e.2022,9X-A2E,TY,NN,11.8,266.0,20,1008,327,5,327,5,NaN,NaN,NaN,NaN,NaN,NaN,NaN,NaN,NaN,NaN,DB,NW,B,B,120,1009,NaN,NaN,90,NaN,
2022061006,a2e.2022,9X-A2E,TY,NN,12.3,265.7,20,1008,327,5,327,5,NaN,NaN,NaN,NaN,NaN,NaN,NaN,NaN,NaN,NaN,DB,NW,B,B,120,1009,NaN,NaN,90,NaN,
2022061012,a2e.2022,9X-A2E,TY,NN,12.7,265.4,20,1008,327,5,327,5,NaN,NaN,NaN,NaN,NaN,NaN,NaN,NaN,NaN,NaN,DB,NW,B,B,120,1009,NaN,NaN,90,NaN,
2022061018,a2e.2022,9X-A2E,TY,NN,13.0,265.1,20,1008,320,5,320,5,NaN,NaN,NaN,NaN,NaN,NaN,NaN,NaN,NaN,NaN,DB,NW,B,B,120,1009,NaN,NaN,90,NaN,
2022061100,a2e.2022,9X-A2E,TY,NN,13.4,264.8,20,1008,320,5,320,5,NaN,NaN,NaN,NaN,NaN,NaN,NaN,NaN,NaN,NaN,DB,NW,B,B,120,1009,NaN,S,90,NaN,
2022061106,a2e.2022,9X-A2E,TY,NN,13.7,264.4,20,1008,316,5,316,5,NaN,NaN,NaN,NaN,NaN,NaN,NaN,NaN,NaN,NaN,DB,NW,B,B,120,1009,NaN,NaN,90,NaN,
2022061112,a2e.2022,9X-A2E,TY,NN,13.8,263.9,20,1008,295,5,295,5,NaN,NaN,NaN,NaN,NaN,NaN,NaN,NaN,NaN,NaN,DB,NW,B,B,120,1009,NaN,S,90,NaN,
2022061118,a2e.2022,9X-A2E,TY,NN,13.8,263.3,20,1008,275,5,275,5,NaN,NaN,NaN,NaN,NaN,NaN,NaN,NaN,NaN,NaN,DB,NW,B,B,120,1009,NaN,S,90,NaN,
2022061200,a2e.2022,9X-A2E,TY,NN,13.6,262.5,20,1008,262,7,262,7,NaN,NaN,NaN,NaN,NaN,NaN,NaN,NaN,NaN,NaN,DB,NW,B,B,120,1009,NaN,S,90,NaN,
2022061206,a2e.2022,9X-A2E,TY,NN,13.1,261.5,20,1008,248,9,248,9,NaN,NaN,NaN,NaN,NaN,NaN,NaN,NaN,NaN,NaN,DB,NW,B,B,120,1009,NaN,NaN,90,NaN,
2022061212,a2e.2022,9X-A2E,TY,NN,12.5,260.5,20,1008,241,11,241,11,NaN,NaN,NaN,NaN,NaN,NaN,NaN,NaN,NaN,NaN,DB,NW,B,B,120,1009,NaN,S,90,NaN,
2022061218,a2e.2022,9X-A2E,TY,NN,12.5,260.0,25,1007,248,8,248,8,NaN,NaN,NaN,NaN,NaN,NaN,NaN,NaN,NaN,NaN,DB,NW,B,B,120,1009,NaN,S,90,NaN,
2022061300,a2e.2022,9X-A2E,TY,NN,12.5,259.4,25,1007,270,5,270,5,NaN,NaN,NaN,NaN,NaN,NaN,NaN,NaN,NaN,NaN,DB,NW,B,B,240,1010,NaN,S,90,NaN,
2022061306,a2e.2022,9X-A2E,TY,NN,12.3,258.8,25,1007,260,6,260,6,NaN,NaN,NaN,NaN,NaN,NaN,NaN,NaN,NaN,NaN,LO,NW,B,B,240,1010,NaN,S,90,NaN,
2022061312,a2e.2022,9X-A2E,TY,NN,12.6,258.0,25,1007,274,7,274,7,NaN,NaN,NaN,NaN,NaN,NaN,NaN,NaN,NaN,NaN,LO,NW,B,B,240,1010,NaN,S,90,NaN,
2022061318,a2e.2022,9X-A2E,TY,NN,13.0,257.6,30,1007,301,7,301,7,NaN,NaN,NaN,NaN,NaN,NaN,NaN,NaN,NaN,NaN,LO,NW,B,B,240,1010,NaN,S,90,NaN,
2022061400,a2e.2022,9X-A2E,TY,NN,13.3,257.6,30,1006,331,4,331,4,NaN,NaN,NaN,NaN,NaN,NaN,NaN,NaN,NaN,NaN,TD,NW,B,B,180,1008,NaN,S,90,NaN,
2022061406,02e.2022,BLAS,TY,NN,13.6,257.5,35,1004,31,5,351,3,40,,40,40,,NaN,NaN,NaN,NaN,NaN,TS,WN,B,B,180,1008,NaN,S,40,JPC,
2022061412,02e.2022,BLAS,TY,NN,14.0,257.9,40,1002,31,5,23,4,40,,40,40,,NaN,NaN,NaN,NaN,NaN,TS,WN,B,B,180,1008,NaN,M,40,ESB,
2022061418,02e.2022,BLAS,TY,NN,14.4,258.0,45,1000,31,5,31,5,30,20,40,40,20,NaN,NaN,NaN,NaN,NaN,TS,WN,B,B,180,1008,NaN,M,40,LRB,
2022061500,02e.2022,BLAS,TY,NN,14.6,258.0,45,998,9,3,9,3,28,20,30,40,20,NaN,NaN,NaN,NaN,NaN,TS,WN,B,B,180,1008,NaN,M,30,WAH,
2022061506,02e.2022,BLAS,TY,NN,14.7,257.9,55,994,342,2,342,2,35,30,30,40,40,15,10,10,40,20,TS,WN,B,B,180,1008,NaN,M,20,JLB,
2022061512,02e.2022,BLAS,TY,NN,14.9,257.7,65,987,316,2,316,2,48,50,60,40,40,20,20,20,40,20,HU,WN,B,B,200,1008,NaN,M,10,PPP,
2022061518,02e.2022,BLAS,TY,NN,15.1,257.5,75,979,316,3,316,3,65,60,80,60,60,32,30,40,60,30,HU,WN,B,B,200,1008,NaN,D,10,PPP,
2022061600,02e.2022,BLAS,TY,NN,15.4,257.0,75,978,307,4,307,4,72,70,80,70,70,35,30,40,70,30,HU,WN,B,B,180,1006,NaN,D,15,LRB,
2022061606,02e.2022,BLAS,TY,NN,15.7,256.3,75,979,297,7,297,7,82,90,80,80,80,38,40,40,80,30,HU,WN,B,B,180,1006,NaN,D,15,JLB,
2022061612,02e.2022,BLAS,TY,NN,15.8,255.7,70,981,288,7,288,7,88,100,80,80,90,38,40,40,80,40,HU,WN,B,B,180,1007,NaN,D,15,DPB,
2022061618,02e.2022,BLAS,TY,NN,16.1,254.9,70,982,287,7,287,7,90,110,80,80,90,38,40,40,80,40,HU,WN,B,B,150,1007,NaN,D,15,HSM,
2022061700,02e.2022,BLAS,TY,NN,16.6,254.1,70,982,298,9,298,9,92,120,80,80,90,38,40,40,80,40,HU,WN,B,B,160,1007,NaN,D,15,NaN,
2022061706,02e.2022,BLAS,TY,NN,17.0,253.1,75,979,298,10,298,10,92,120,80,80,90,42,50,50,80,40,HU,WN,B,B,160,1007,NaN,D,15,DPR,
2022061712,02e.2022,BLAS,TY,NN,17.4,251.8,75,979,290,12,290,12,92,120,80,80,90,42,50,50,80,40,HU,WN,B,B,160,1007,NaN,D,15,JPC,
2022061718,02e.2022,BLAS,TY,NN,17.4,250.8,75,980,280,11,280,11,85,110,80,70,80,32,40,40,70,30,HU,WN,B,B,200,1008,NaN,D,15,JPC,
2022061800,02e.2022,BLAS,TY,NN,17.6,250.1,65,986,277,8,277,8,80,90,80,70,80,32,40,40,70,30,HU,WN,B,B,200,1008,NaN,M,15,ESB,
2022061806,02e.2022,BLAS,TY,NN,17.8,249.6,55,993,289,6,289,6,72,80,80,60,70,27,30,30,60,20,TS,WN,B,B,200,1008,NaN,M,30,DPR,
2022061812,02e.2022,BLAS,TY,NN,18.0,249.2,45,997,295,5,295,5,65,80,70,40,70,NaN,NaN,NaN,NaN,NaN,TS,WN,B,B,200,1008,NaN,M,30,JPC,
2022061818,02e.2022,BLAS,TY,NN,18.3,248.7,45,999,300,5,300,5,73,80,70,,70,NaN,NaN,NaN,NaN,NaN,TS,WN,B,B,200,1008,NaN,M,40,JPC,
2022061900,02e.2022,BLAS,TY,NN,18.6,248.3,40,1001,305,5,305,5,67,70,70,,60,NaN,NaN,NaN,NaN,NaN,TS,WN,B,B,200,1008,NaN,M,40,ESB,
2022061906,02e.2022,BLAS,TY,NN,18.8,248.0,40,1002,307,4,307,4,57,60,60,,50,NaN,NaN,NaN,NaN,NaN,TS,WN,B,B,200,1008,NaN,M,40,DAZ,
2022061912,02e.2022,BLAS,TY,NN,18.9,247.8,40,1002,302,3,302,3,47,60,40,,40,NaN,NaN,NaN,NaN,NaN,TS,WN,B,B,200,1008,NaN,M,40,JPC,
2022061918,02e.2022,BLAS,TY,NN,19.0,247.6,35,1003,298,2,298,2,50,50,,,,NaN,NaN,NaN,NaN,NaN,LO,WN,B,B,200,1009,NaN,M,40,JPC,
2022062000,02e.2022,BLAS,TY,NN,19.1,247.3,35,1004,293,3,293,3,40,40,,,,NaN,NaN,NaN,NaN,NaN,LO,WN,B,B,200,1009,NaN,M,40,ESB,
2022062006,02e.2022,BLAS,TY,NN,19.1,247.0,30,1005,280,3,280,3,NaN,NaN,NaN,NaN,NaN,NaN,NaN,NaN,NaN,NaN,LO,WN,B,B,200,1010,NaN,M,40,RJP,
2022062012,02e.2022,BLAS,TY,NN,19.1,246.6,30,1006,270,3,270,3,NaN,NaN,NaN,NaN,NaN,NaN,NaN,NaN,NaN,NaN,LO,WN,B,B,180,1009,NaN,M,40,BJR,
2022062018,02e.2022,BLAS,TY,NN,19.0,246.2,30,1006,262,4,262,4,NaN,NaN,NaN,NaN,NaN,NaN,NaN,NaN,NaN,NaN,LO,NW,B,B,180,1009,NaN,NaN,40,NaN,
2022062100,02e.2022,BLAS,TY,NN,19.0,245.7,25,1007,263,4,263,4,NaN,NaN,NaN,NaN,NaN,NaN,NaN,NaN,NaN,NaN,LO,NW,B,B,180,1009,NaN,NaN,50,NaN,
2022062106,02e.2022,BLAS,TY,NN,19.1,245.4,25,1007,278,4,278,4,NaN,NaN,NaN,NaN,NaN,NaN,NaN,NaN,NaN,NaN,LO,NW,B,B,180,1009,NaN,NaN,50,NaN,
2022062112,02e.2022,BLAS,TY,NN,19.2,245.1,25,1007,289,3,289,3,NaN,NaN,NaN,NaN,NaN,NaN,NaN,NaN,NaN,NaN,LO,NW,B,B,180,1009,NaN,NaN,50,NaN,
2022062118,02e.2022,BLAS,TY,NN,19.3,244.6,25,1007,285,4,285,4,NaN,NaN,NaN,NaN,NaN,NaN,NaN,NaN,NaN,NaN,LO,NW,B,B,180,1009,NaN,NaN,50,NaN,
2022062200,02e.2022,BLAS,TY,NN,19.3,244.1,25,1007,276,5,276,5,NaN,NaN,NaN,NaN,NaN,NaN,NaN,NaN,NaN,NaN,LO,NW,B,B,180,1009,NaN,NaN,50,NaN,
2022062206,02e.2022,BLAS,TY,NN,19.3,243.6,20,1008,270,5,270,5,NaN,NaN,NaN,NaN,NaN,NaN,NaN,NaN,NaN,NaN,LO,NW,B,B,180,1010,NaN,NaN,60,NaN,
2022062212,02e.2022,BLAS,TY,NN,19.3,243.4,20,1008,270,3,270,3,NaN,NaN,NaN,NaN,NaN,NaN,NaN,NaN,NaN,NaN,LO,NW,B,B,180,1010,NaN,NaN,60,NaN,
2022062218,02e.2022,BLAS,TY,NN,19.2,243.2,20,1009,255,2,255,2,NaN,NaN,NaN,NaN,NaN,NaN,NaN,NaN,NaN,NaN,LO,NW,B,B,180,1010,NaN,NaN,60,NaN,
2022061318,a3e.2022,9X-A3E,TS,NN,12.0,272.0,15,NaN,307,2,307,2,NaN,NaN,NaN,NaN,NaN,NaN,NaN,NaN,NaN,NaN,DB,NW,B,B,NaN,NaN,NaN,NaN,NaN,NaN,
2022061400,a3e.2022,9X-A3E,TS,NN,12.2,271.8,15,NaN,307,2,307,2,NaN,NaN,NaN,NaN,NaN,NaN,NaN,NaN,NaN,NaN,DB,NW,B,B,NaN,NaN,NaN,NaN,NaN,NaN,
2022061406,a3e.2022,9X-A3E,TS,NN,12.3,271.6,15,NaN,307,2,307,2,NaN,NaN,NaN,NaN,NaN,NaN,NaN,NaN,NaN,NaN,DB,NW,B,B,NaN,NaN,NaN,NaN,NaN,NaN,
2022061412,a3e.2022,9X-A3E,TS,NN,12.4,271.1,20,1007,286,4,286,4,NaN,NaN,NaN,NaN,NaN,NaN,NaN,NaN,NaN,NaN,DB,NW,B,B,90,1009,NaN,S,40,NaN,
2022061418,a3e.2022,9X-A3E,TS,NN,12.4,270.6,25,1007,276,5,276,5,NaN,NaN,NaN,NaN,NaN,NaN,NaN,NaN,NaN,NaN,DB,NW,B,B,90,1009,NaN,S,40,NaN,
2022061500,a3e.2022,9X-A3E,TS,NN,12.2,270.2,25,1007,257,5,257,5,NaN,NaN,NaN,NaN,NaN,NaN,NaN,NaN,NaN,NaN,DB,NW,B,B,120,1009,NaN,S,60,NaN,
2022061506,a3e.2022,9X-A3E,TS,NN,11.9,269.8,25,1007,237,5,237,5,NaN,NaN,NaN,NaN,NaN,NaN,NaN,NaN,NaN,NaN,DB,NW,B,B,120,1009,NaN,S,60,NaN,
2022061512,a3e.2022,9X-A3E,TS,NN,11.7,269.2,25,1007,243,5,243,5,NaN,NaN,NaN,NaN,NaN,NaN,NaN,NaN,NaN,NaN,DB,NW,B,B,120,1009,NaN,S,60,NaN,
2022061518,a3e.2022,9X-A3E,TS,NN,11.6,269.0,25,1007,249,4,249,4,NaN,NaN,NaN,NaN,NaN,NaN,NaN,NaN,NaN,NaN,DB,NW,B,B,120,1009,NaN,S,50,NaN,
2022061600,a3e.2022,9X-A3E,TS,NN,11.1,268.9,25,1007,117,4,206,3,NaN,NaN,NaN,NaN,NaN,NaN,NaN,NaN,NaN,NaN,LO,NW,B,B,120,1009,NaN,S,50,NaN,
2022061606,a3e.2022,9X-A3E,TS,NN,10.9,269.3,25,1007,117,4,157,4,NaN,NaN,NaN,NaN,NaN,NaN,NaN,NaN,NaN,NaN,LO,NW,B,B,120,1009,NaN,S,50,NaN,
2022061612,a3e.2022,9X-A3E,TS,NN,10.7,269.7,25,1007,117,4,117,4,NaN,NaN,NaN,NaN,NaN,NaN,NaN,NaN,NaN,NaN,LO,NW,B,B,120,1009,NaN,S,40,NaN,
2022061618,03e.2022,CELIA,TS,NN,10.7,270.0,30,1006,106,4,106,4,NaN,NaN,NaN,NaN,NaN,NaN,NaN,NaN,NaN,NaN,TD,WN,B,B,120,1009,NaN,S,40,PPP,
2022061700,03e.2022,CELIA,TS,NN,10.8,270.3,35,1004,80,3,80,3,35,,30,40,,NaN,NaN,NaN,NaN,NaN,TS,WN,B,B,100,1009,NaN,M,40,RJP,
2022061706,03e.2022,CELIA,TS,NN,11.1,270.5,35,1004,51,3,51,3,33,,30,40,30,NaN,NaN,NaN,NaN,NaN,TS,WN,B,B,100,1009,NaN,M,30,JLB,
2022061712,03e.2022,CELIA,TS,NN,11.4,270.6,35,1004,26,3,26,3,33,,30,40,30,NaN,NaN,NaN,NaN,NaN,TS,WN,B,B,100,1009,NaN,M,30,PPP,
2022061718,03e.2022,CELIA,TS,NN,11.7,270.7,35,1004,18,3,18,3,30,,30,30,30,NaN,NaN,NaN,NaN,NaN,TS,WN,B,B,100,1009,NaN,M,30,PPP,
2022061800,03e.2022,CELIA,TS,NN,12.0,270.8,30,1005,18,3,18,3,NaN,NaN,NaN,NaN,NaN,NaN,NaN,NaN,NaN,NaN,TD,WN,B,B,100,1009,NaN,S,30,LRB,
2022061806,03e.2022,CELIA,TS,NN,12.4,270.6,30,1006,352,4,352,4,NaN,NaN,NaN,NaN,NaN,NaN,NaN,NaN,NaN,NaN,TD,WN,B,B,100,1010,NaN,S,30,JLB,
2022061812,03e.2022,CELIA,TS,NN,12.8,270.3,25,1007,329,5,329,5,NaN,NaN,NaN,NaN,NaN,NaN,NaN,NaN,NaN,NaN,TD,WN,B,B,100,1010,0.02,S,20,PPP,
2022061818,03e.2022,CELIA,TS,NN,13.0,270.0,25,1007,316,4,316,4,NaN,NaN,NaN,NaN,NaN,NaN,NaN,NaN,NaN,NaN,TD,WN,B,B,100,1010,NaN,S,20,PPP,
2022061900,03e.2022,CELIA,TS,NN,13.1,269.6,25,1007,294,4,294,4,NaN,NaN,NaN,NaN,NaN,NaN,NaN,NaN,NaN,NaN,TD,WN,B,B,100,1010,NaN,S,20,LRB,
2022061906,03e.2022,CELIA,TS,NN,13.1,269.0,25,1007,276,5,276,5,NaN,NaN,NaN,NaN,NaN,NaN,NaN,NaN,NaN,NaN,TD,WN,B,B,100,1010,NaN,S,20,RJP,
2022061912,03e.2022,CELIA,TS,NN,12.9,268.1,25,1007,262,7,262,7,NaN,NaN,NaN,NaN,NaN,NaN,NaN,NaN,NaN,NaN,TD,WN,B,B,100,1010,NaN,S,30,PPP,
2022061918,03e.2022,CELIA,TS,NN,12.7,267.3,25,1008,256,9,256,9,NaN,NaN,NaN,NaN,NaN,NaN,NaN,NaN,NaN,NaN,TD,WN,B,B,130,1011,NaN,S,40,PPP,
2022062000,03e.2022,CELIA,TS,NN,12.3,266.6,25,1008,248,8,248,8,NaN,NaN,NaN,NaN,NaN,NaN,NaN,NaN,NaN,NaN,TD,WN,B,B,130,1011,NaN,S,40,LRB,
2022062006,03e.2022,CELIA,TS,NN,11.9,266.0,25,1008,238,8,238,8,NaN,NaN,NaN,NaN,NaN,NaN,NaN,NaN,NaN,NaN,TD,WN,B,B,130,1011,NaN,S,40,RJP,
2022062012,03e.2022,CELIA,TS,NN,11.7,265.3,25,1008,245,7,245,7,NaN,NaN,NaN,NaN,NaN,NaN,NaN,NaN,NaN,NaN,TD,WN,B,B,130,1011,NaN,S,40,JPC,
2022062018,03e.2022,CELIA,TS,NN,11.7,264.2,30,1006,264,9,264,9,NaN,NaN,NaN,NaN,NaN,NaN,NaN,NaN,NaN,NaN,TD,WN,B,B,120,1010,NaN,S,40,JPC,
2022062100,03e.2022,CELIA,TS,NN,11.7,263.1,30,1006,270,11,270,11,NaN,NaN,NaN,NaN,NaN,NaN,NaN,NaN,NaN,NaN,TD,WN,B,B,120,1010,NaN,S,40,LRB,
2022062106,03e.2022,CELIA,TS,NN,11.7,262.0,30,1006,270,11,270,11,NaN,NaN,NaN,NaN,NaN,NaN,NaN,NaN,NaN,NaN,TD,WN,B,B,120,1010,NaN,M,40,RJP,
2022062112,03e.2022,CELIA,TS,NN,11.8,260.7,35,1005,272,12,272,12,50,,,50,,NaN,NaN,NaN,NaN,NaN,TS,WN,B,B,120,1010,NaN,M,40,JPC,
2022062118,03e.2022,CELIA,TS,NN,12.3,259.5,35,1005,284,13,284,13,50,,,50,,NaN,NaN,NaN,NaN,NaN,TS,WN,B,B,210,1010,NaN,M,40,RJB,
2022062200,03e.2022,CELIA,TS,NN,12.8,258.5,35,1005,295,12,295,12,50,,,50,,NaN,NaN,NaN,NaN,NaN,TS,WN,B,B,210,1010,NaN,M,40,JLB,
2022062206,03e.2022,CELIA,TS,NN,13.2,257.5,35,1005,295,11,295,11,50,,50,50,,NaN,NaN,NaN,NaN,NaN,TS,WN,B,B,210,1010,NaN,M,40,LRB,
2022062212,03e.2022,CELIA,TS,NN,13.4,256.8,40,1003,290,9,290,9,50,,50,50,,NaN,NaN,NaN,NaN,NaN,TS,WN,B,B,180,1009,NaN,M,40,RJB,
2022062218,03e.2022,CELIA,TS,NN,13.6,256.1,45,1001,286,7,286,7,50,40,60,60,40,NaN,NaN,NaN,NaN,NaN,TS,WN,B,B,180,1009,NaN,M,40,JPC,
2022062300,03e.2022,CELIA,TS,NN,14.2,255.8,45,1001,309,6,309,6,50,40,60,60,40,NaN,NaN,NaN,NaN,NaN,TS,WN,B,B,180,1009,NaN,M,40,JLB,
2022062306,03e.2022,CELIA,TS,NN,15.1,255.3,45,1001,333,8,333,8,55,50,60,60,50,NaN,NaN,NaN,NaN,NaN,TS,WN,B,B,180,1009,NaN,M,40,LRB,
2022062312,03e.2022,CELIA,TS,NN,15.7,254.5,45,1001,320,10,320,10,58,60,60,60,50,NaN,NaN,NaN,NaN,NaN,TS,WN,B,B,210,1009,NaN,M,40,RJB,
2022062318,03e.2022,CELIA,TS,NN,16.2,253.6,45,1000,304,10,304,10,58,70,60,50,50,NaN,NaN,NaN,NaN,NaN,TS,WN,B,B,210,1008,NaN,M,40,RJB,
2022062400,03e.2022,CELIA,TS,NN,16.6,252.9,45,999,300,9,300,9,58,80,60,40,50,NaN,NaN,NaN,NaN,NaN,TS,WN,B,B,210,1008,NaN,M,40,JLB,
2022062406,03e.2022,CELIA,TS,NN,16.8,252.3,50,998,296,7,296,7,60,90,60,40,50,40,40,,40,,TS,WN,B,B,210,1008,NaN,M,40,LRB,
2022062412,03e.2022,CELIA,TS,NN,16.9,251.8,50,998,286,5,286,5,62,90,70,40,50,40,40,,40,,TS,WN,B,B,250,1009,NaN,M,40,RJB,
2022062418,03e.2022,CELIA,TS,NN,17.1,251.3,50,997,287,5,287,5,62,90,70,40,50,40,40,40,40,,TS,WN,B,B,270,1009,NaN,M,40,NaN,
2022062500,03e.2022,CELIA,TS,NN,17.5,250.8,50,997,302,6,302,6,62,90,70,40,50,40,40,40,40,,TS,WN,B,B,300,1009,NaN,M,40,PPP,
2022062506,03e.2022,CELIA,TS,NN,17.9,250.2,50,998,307,7,307,7,62,90,70,40,50,40,40,40,40,,TS,WN,B,B,300,1009,NaN,M,40,LRB,
2022062512,03e.2022,CELIA,TS,NN,18.2,249.5,50,999,299,7,299,7,62,90,70,40,50,40,40,40,40,,TS,WN,B,B,280,1009,NaN,M,40,RJB,
2022062518,03e.2022,CELIA,TS,NN,18.5,248.7,45,1000,293,8,293,8,68,90,70,50,60,NaN,NaN,NaN,NaN,NaN,TS,WN,B,B,240,1009,NaN,M,40,BJR,
2022062600,03e.2022,CELIA,TS,NN,18.8,247.9,45,1001,292,8,292,8,70,90,80,50,60,NaN,NaN,NaN,NaN,NaN,TS,WN,B,B,240,1009,NaN,M,40,PPP,
2022062606,03e.2022,CELIA,TS,NN,18.9,247.3,45,1001,287,7,287,7,70,90,80,50,60,NaN,NaN,NaN,NaN,NaN,TS,WN,B,B,230,1010,NaN,M,40,LRB,
2022062612,03e.2022,CELIA,TS,NN,19.0,246.7,45,1001,280,6,280,6,70,90,80,50,60,NaN,NaN,NaN,NaN,NaN,TS,WN,B,B,230,1010,NaN,M,40,DPR,
2022062618,03e.2022,CELIA,TS,NN,19.3,246.2,45,1002,291,6,291,6,55,70,60,40,50,NaN,NaN,NaN,NaN,NaN,TS,WN,B,B,230,1012,NaN,M,40,RJP,
2022062700,03e.2022,CELIA,TS,NN,19.8,245.4,45,1003,303,7,303,7,42,60,40,30,40,NaN,NaN,NaN,NaN,NaN,TS,WN,B,B,230,1012,NaN,M,30,BJR,
2022062706,03e.2022,CELIA,TS,NN,20.1,244.5,45,1004,297,9,297,9,35,40,30,30,40,NaN,NaN,NaN,NaN,NaN,TS,WN,B,B,230,1012,NaN,M,30,LRB,
2022062712,03e.2022,CELIA,TS,NN,20.4,243.5,40,1005,289,9,289,9,35,40,30,30,40,NaN,NaN,NaN,NaN,NaN,TS,WN,B,B,230,1012,NaN,M,30,DPR,
2022062718,03e.2022,CELIA,TS,NN,20.7,242.5,35,1006,288,10,288,10,33,40,20,,40,NaN,NaN,NaN,NaN,NaN,TS,WN,B,B,230,1012,NaN,M,30,DPR,
2022062800,03e.2022,CELIA,TS,NN,21.1,241.7,35,1006,293,9,293,9,35,30,,,40,NaN,NaN,NaN,NaN,NaN,TS,WN,B,B,240,1012,NaN,M,30,BJR,
2022062806,03e.2022,CELIA,TS,NN,21.6,240.9,30,1007,301,9,301,9,NaN,NaN,NaN,NaN,NaN,NaN,NaN,NaN,NaN,NaN,TD,WN,B,B,240,1012,NaN,M,30,PPP,
2022062812,03e.2022,CELIA,TS,NN,22.0,240.0,30,1007,300,9,300,9,NaN,NaN,NaN,NaN,NaN,NaN,NaN,NaN,NaN,NaN,TD,WN,B,B,240,1012,NaN,M,30,DAZ,
2022062818,03e.2022,CELIA,TS,NN,22.4,239.1,30,1008,296,9,296,9,NaN,NaN,NaN,NaN,NaN,NaN,NaN,NaN,NaN,NaN,LO,WN,B,B,200,1013,NaN,S,30,DAZ,
2022062900,03e.2022,CELIA,TS,NN,22.9,238.1,30,1008,297,10,297,10,NaN,NaN,NaN,NaN,NaN,NaN,NaN,NaN,NaN,NaN,LO,NW,B,B,190,1012,NaN,NaN,30,NaN,
2022062906,03e.2022,CELIA,TS,NN,23.3,237.0,25,1009,295,11,295,11,NaN,NaN,NaN,NaN,NaN,NaN,NaN,NaN,NaN,NaN,LO,NW,B,B,190,1012,NaN,NaN,40,NaN,
2022062912,03e.2022,CELIA,TS,NN,23.5,236.0,25,1010,287,10,287,10,NaN,NaN,NaN,NaN,NaN,NaN,NaN,NaN,NaN,NaN,LO,NW,B,B,180,1013,NaN,NaN,40,NaN,
2022062918,03e.2022,CELIA,TS,NN,23.6,235.6,25,1010,283,7,283,7,NaN,NaN,NaN,NaN,NaN,NaN,NaN,NaN,NaN,NaN,LO,NW,B,B,160,1012,NaN,NaN,40,NaN,
2022063000,03e.2022,CELIA,TS,NN,23.8,235.2,25,1010,292,4,292,4,NaN,NaN,NaN,NaN,NaN,NaN,NaN,NaN,NaN,NaN,LO,NW,B,B,160,1014,NaN,NaN,40,NaN,
2022063006,03e.2022,CELIA,TS,NN,23.9,234.9,20,1010,295,4,295,4,NaN,NaN,NaN,NaN,NaN,NaN,NaN,NaN,NaN,NaN,LO,NW,B,B,120,1015,NaN,NaN,50,NaN,
2022063012,03e.2022,CELIA,TS,NN,24.0,234.6,20,1010,290,3,290,3,NaN,NaN,NaN,NaN,NaN,NaN,NaN,NaN,NaN,NaN,LO,NW,B,B,120,1015,NaN,NaN,60,NaN,
2022062718,04e.2022,BONNIE,TY,NN,8.3,309.5,35,1009,282,19,282,19,110,100,,,120,NaN,NaN,NaN,NaN,NaN,DB,WN,B,B,150,1012,NaN,S,120,RJP,
2022062800,04e.2022,BONNIE,TY,NN,8.7,307.8,35,1009,282,19,282,19,110,100,,,120,NaN,NaN,NaN,NaN,NaN,DB,WN,B,B,150,1012,NaN,S,120,RJB,
2022062806,04e.2022,BONNIE,TY,NN,9.1,305.8,35,1009,282,19,282,19,110,100,,,120,NaN,NaN,NaN,NaN,NaN,DB,WN,B,B,150,1012,NaN,S,120,ESB,
2022062812,04e.2022,BONNIE,TY,NN,9.6,303.5,35,1009,282,22,282,22,105,100,,,110,NaN,NaN,NaN,NaN,NaN,DB,WN,B,B,150,1012,NaN,S,110,RJP,
2022062818,04e.2022,BONNIE,TY,NN,10.2,301.1,35,1009,283,24,283,24,105,100,,,110,NaN,NaN,NaN,NaN,NaN,DB,WN,B,B,150,1012,NaN,S,100,RJP,
2022062900,04e.2022,BONNIE,TY,NN,10.7,298.4,35,1009,282,26,282,26,100,100,,,100,NaN,NaN,NaN,NaN,NaN,DB,WN,B,B,150,1012,0.40,S,90,JLB,
2022062906,04e.2022,BONNIE,TY,NN,11.1,296.0,35,1009,280,25,280,25,100,100,,,100,NaN,NaN,NaN,NaN,NaN,DB,WN,B,B,180,1012,0.16,S,80,ESB,
2022062912,04e.2022,BONNIE,TY,NN,11.4,293.8,35,1009,279,23,279,23,100,100,,,100,NaN,NaN,NaN,NaN,NaN,DB,WN,B,B,150,1012,NaN,S,80,RJP,
2022062918,04e.2022,BONNIE,TY,NN,11.7,292.0,35,1009,279,20,279,20,100,100,,,100,NaN,NaN,NaN,NaN,NaN,DB,WN,B,B,120,1012,0.02,S,80,RJP,
2022063000,04e.2022,BONNIE,TY,NN,11.9,290.3,35,1009,278,17,278,17,90,90,,,90,NaN,NaN,NaN,NaN,NaN,DB,WN,B,B,120,1012,0.12,M,80,JLB,
2022063006,04e.2022,BONNIE,TY,NN,12.0,288.6,35,1009,275,17,275,17,70,70,,,70,NaN,NaN,NaN,NaN,NaN,DB,WN,B,B,120,1012,0.53,M,70,RJB,
2022063012,04e.2022,BONNIE,TY,NN,12.0,286.9,35,1008,272,17,272,17,65,70,,,60,NaN,NaN,NaN,NaN,NaN,DB,WN,B,B,120,1011,0.08,M,60,RJP,
2022063018,04e.2022,BONNIE,TY,NN,12.0,285.1,35,1007,270,17,270,17,65,70,,,60,NaN,NaN,NaN,NaN,NaN,DB,WN,B,B,120,1011,NaN,M,60,RJP,
2022070100,04e.2022,BONNIE,TY,NN,11.9,283.3,35,1005,268,18,268,18,65,70,,,60,NaN,NaN,NaN,NaN,NaN,DB,WN,B,B,120,1009,NaN,M,50,JLB,
2022070106,04e.2022,BONNIE,TY,NN,11.6,281.5,35,1005,264,18,264,18,70,80,,,60,NaN,NaN,NaN,NaN,NaN,TS,WN,B,B,120,1009,NaN,M,50,RJB,
2022070112,04e.2022,BONNIE,TY,NN,11.3,279.8,35,1005,260,17,260,17,80,100,,,60,NaN,NaN,NaN,NaN,NaN,TS,WN,B,B,120,1009,NaN,M,40,WAH,
2022070118,04e.2022,BONNIE,TY,NN,11.2,278.2,40,1004,263,16,263,16,80,100,,,60,NaN,NaN,NaN,NaN,NaN,TS,WN,B,B,120,1009,NaN,M,30,JPC,
2022070200,04e.2022,BONNIE,TY,NN,10.9,276.9,50,996,262,14,262,14,52,100,30,20,60,10,10,10,20,,TS,WN,B,B,120,1008,NaN,M,10,JLB,
2022070206,04e.2022,BONNIE,TY,NN,11.1,275.5,40,1000,268,13,268,13,50,60,,,40,NaN,NaN,NaN,NaN,NaN,TS,WN,B,B,120,1008,0.90,M,20,PPP,
2022070212,04e.2022,BONNIE,TY,NN,11.2,274.1,35,1002,276,14,276,14,50,60,,,40,NaN,NaN,NaN,NaN,NaN,TS,WN,B,B,90,1008,0.27,M,30,WAH,
2022070218,04e.2022,BONNIE,TY,NN,11.2,272.6,45,999,272,14,272,14,35,60,20,20,40,NaN,NaN,NaN,NaN,NaN,TS,WN,B,B,90,1008,NaN,M,20,WAH,
2022070300,04e.2022,BONNIE,TY,NN,11.2,271.1,50,997,270,15,270,15,42,60,30,30,50,20,20,,30,20,TS,WN,B,B,90,1008,NaN,M,20,DPR,
2022070306,04e.2022,BONNIE,TY,NN,11.5,269.6,50,997,276,15,276,15,45,60,30,30,60,20,20,,30,20,TS,WN,B,B,90,1008,NaN,M,20,BJR,
2022070312,04e.2022,BONNIE,TY,NN,11.8,268.1,55,995,282,15,282,15,45,60,30,30,60,20,20,,30,20,TS,WN,B,B,90,1008,NaN,M,20,JPC,
2022070318,04e.2022,BONNIE,TY,NN,12.2,266.6,60,993,283,15,283,15,52,70,50,30,60,27,30,20,30,30,TS,WN,B,B,90,1008,NaN,D,15,DPB,
2022070400,04e.2022,BONNIE,TY,NN,12.9,265.1,65,989,291,16,291,16,55,70,60,30,60,33,40,30,30,30,HU,WN,B,B,90,1008,NaN,D,15,RJP,
2022070406,04e.2022,BONNIE,TY,NN,13.4,263.4,70,987,291,17,291,17,55,70,60,30,60,33,40,30,30,30,HU,WN,B,B,90,1009,NaN,D,15,BJR,
2022070412,04e.2022,BONNIE,TY,NN,13.6,261.8,75,984,282,16,282,16,65,80,70,40,70,30,40,30,40,30,HU,WN,B,B,90,1009,NaN,D,15,DPB,
2022070418,04e.2022,BONNIE,TY,NN,13.8,260.4,85,978,278,15,278,15,65,80,70,40,70,30,40,30,40,30,HU,WN,B,B,90,1009,NaN,D,10,JPC,
2022070500,04e.2022,BONNIE,TY,NN,14.4,259.1,90,974,287,14,287,14,65,80,70,40,70,30,40,30,40,30,HU,WN,B,B,90,1009,NaN,D,10,LRB,
2022070506,04e.2022,BONNIE,TY,NN,14.9,257.6,95,968,292,15,292,15,70,90,80,40,70,30,40,30,40,30,HU,WN,B,B,90,1009,NaN,D,5,JLB,
2022070512,04e.2022,BONNIE,TY,NN,15.1,256.2,100,964,284,14,284,14,75,90,80,50,80,38,40,40,50,40,HU,WN,B,B,90,1009,NaN,D,5,DPR,
2022070518,04e.2022,BONNIE,TY,NN,15.4,254.9,95,967,281,13,281,13,75,90,80,50,80,38,40,40,50,40,HU,WN,B,B,100,1010,NaN,D,5,DPB,
2022070600,04e.2022,BONNIE,TY,NN,15.6,253.6,90,970,281,13,281,13,75,90,80,50,80,38,40,40,50,40,HU,WN,B,B,120,1009,NaN,D,5,LRB,
2022070606,04e.2022,BONNIE,TY,NN,15.8,252.4,85,974,279,12,279,12,70,80,70,50,80,38,40,40,50,40,HU,WN,B,B,120,1009,NaN,D,20,JLB,
2022070612,04e.2022,BONNIE,TY,NN,16.0,251.5,85,975,281,10,281,10,55,60,50,40,70,32,40,30,40,40,HU,WN,B,B,120,1009,NaN,D,20,DPR,
2022070618,04e.2022,BONNIE,TY,NN,16.3,250.5,85,975,285,9,285,9,62,70,60,50,70,30,30,30,50,40,HU,WN,B,B,120,1010,NaN,D,20,DPB,
2022070700,04e.2022,BONNIE,TY,NN,16.6,249.4,80,980,287,11,287,11,62,70,60,50,70,30,30,30,50,40,HU,WN,B,B,150,1010,NaN,D,20,LRB,
2022070706,04e.2022,BONNIE,TY,NN,16.9,248.2,80,980,285,11,285,11,50,60,40,40,60,30,30,30,40,40,HU,WN,B,B,150,1010,NaN,D,20,JLB,
2022070712,04e.2022,BONNIE,TY,NN,17.2,246.9,80,980,284,12,284,12,50,60,40,40,60,30,30,30,40,40,HU,WN,B,B,150,1009,NaN,D,15,NaN,
2022070718,04e.2022,BONNIE,TY,NN,17.5,245.5,85,976,283,13,283,13,55,60,50,50,60,32,40,30,50,40,HU,WN,B,B,150,1009,NaN,D,15,RJB,
2022070800,04e.2022,BONNIE,TY,NN,17.8,243.9,85,976,282,15,282,15,55,60,50,50,60,32,40,30,50,40,HU,WN,B,B,120,1008,NaN,D,15,LRB,
2022070806,04e.2022,BONNIE,TY,NN,18.0,242.3,75,982,279,15,279,15,55,60,50,50,60,32,40,30,50,40,HU,WN,B,B,120,1008,NaN,D,15,JLB,
2022070812,04e.2022,BONNIE,TY,NN,18.2,240.7,65,989,277,15,277,15,55,60,50,50,60,32,40,30,50,40,HU,WN,B,B,120,1008,NaN,D,15,DPR,
2022070818,04e.2022,BONNIE,TY,NN,18.6,239.0,55,998,281,16,281,16,42,50,40,30,50,25,20,,30,30,TS,WN,B,B,130,1010,NaN,M,20,RJB,
2022070900,04e.2022,BONNIE,TY,NN,19.0,237.2,50,1001,284,17,284,17,42,50,40,30,50,25,20,,30,30,TS,WN,B,B,130,1010,NaN,M,20,JPC,
2022070906,04e.2022,BONNIE,TY,NN,19.2,235.3,45,1002,280,18,280,18,42,50,40,30,50,NaN,NaN,NaN,NaN,NaN,TS,WN,B,B,130,1010,NaN,M,20,JLB,
2022070912,04e.2022,BONNIE,TY,NN,19.4,233.4,40,1005,276,18,276,18,37,40,30,,40,NaN,NaN,NaN,NaN,NaN,TS,WN,B,B,100,1012,NaN,M,20,PPP,
2022070918,04e.2022,BONNIE,TY,NN,19.5,231.4,40,1008,275,18,275,18,40,40,,,40,NaN,NaN,NaN,NaN,NaN,LO,WN,B,B,100,1014,NaN,S,25,RJB,
2022071000,04e.2022,BONNIE,TY,NN,19.6,229.5,35,1008,273,18,273,18,40,40,,,40,NaN,NaN,NaN,NaN,NaN,LO,NW,B,B,100,1014,NaN,NaN,25,NaN,
2022071006,04e.2022,BONNIE,TY,NN,19.5,227.7,35,1008,270,17,270,17,40,40,,,40,NaN,NaN,NaN,NaN,NaN,LO,NW,B,B,100,1014,NaN,NaN,25,NaN,
2022071012,04e.2022,BONNIE,TY,NN,19.4,226.0,30,1008,267,17,267,17,NaN,NaN,NaN,NaN,NaN,NaN,NaN,NaN,NaN,NaN,LO,NW,B,B,100,1014,NaN,NaN,25,NaN,
2022071018,04e.2022,BONNIE,TY,NN,19.4,224.5,25,1010,268,15,268,15,NaN,NaN,NaN,NaN,NaN,NaN,NaN,NaN,NaN,NaN,LO,NW,B,B,100,1014,NaN,NaN,25,NaN,
2022071100,04e.2022,BONNIE,TY,NN,19.4,223.1,25,1010,270,14,270,14,NaN,NaN,NaN,NaN,NaN,NaN,NaN,NaN,NaN,NaN,LO,NW,B,B,100,1014,NaN,NaN,25,NaN,
2022070700,a5e.2022,9X-A5E,TY,NN,9.9,264.0,20,1010,270,12,270,12,NaN,NaN,NaN,NaN,NaN,NaN,NaN,NaN,NaN,NaN,DB,NW,B,B,120,1011,NaN,NaN,70,NaN,
2022070706,a5e.2022,9X-A5E,TY,NN,9.9,262.8,20,1010,270,12,270,12,NaN,NaN,NaN,NaN,NaN,NaN,NaN,NaN,NaN,NaN,DB,NW,B,B,120,1011,NaN,NaN,70,NaN,
2022070712,a5e.2022,9X-A5E,TY,NN,9.9,261.6,20,1010,270,12,270,12,NaN,NaN,NaN,NaN,NaN,NaN,NaN,NaN,NaN,NaN,DB,NW,B,B,120,1011,NaN,NaN,70,NaN,
2022070718,a5e.2022,9X-A5E,TY,NN,10.3,260.4,20,1010,280,12,280,12,NaN,NaN,NaN,NaN,NaN,NaN,NaN,NaN,NaN,NaN,DB,NW,B,B,120,1011,NaN,S,70,NaN,
2022070800,a5e.2022,9X-A5E,TY,NN,10.9,259.0,20,1009,291,14,291,14,NaN,NaN,NaN,NaN,NaN,NaN,NaN,NaN,NaN,NaN,DB,NW,B,B,150,1010,NaN,S,80,NaN,
2022070806,a5e.2022,9X-A5E,TY,NN,11.7,257.2,25,1009,294,17,294,17,NaN,NaN,NaN,NaN,NaN,NaN,NaN,NaN,NaN,NaN,DB,NW,B,B,150,1010,NaN,S,80,NaN,
2022070812,a5e.2022,9X-A5E,TY,NN,12.2,255.3,25,1009,290,19,290,19,NaN,NaN,NaN,NaN,NaN,NaN,NaN,NaN,NaN,NaN,DB,NW,B,B,150,1011,NaN,S,80,NaN,
2022070818,a5e.2022,9X-A5E,TY,NN,12.6,253.5,25,1009,284,19,284,19,NaN,NaN,NaN,NaN,NaN,NaN,NaN,NaN,NaN,NaN,DB,NW,B,B,150,1011,NaN,S,80,NaN,
2022070900,a5e.2022,9X-A5E,TY,NN,13.2,252.0,25,1009,287,17,287,17,NaN,NaN,NaN,NaN,NaN,NaN,NaN,NaN,NaN,NaN,DB,NW,B,B,150,1011,NaN,S,80,NaN,
2022070906,a5e.2022,9X-A5E,TY,NN,13.5,250.4,25,1009,287,16,287,16,NaN,NaN,NaN,NaN,NaN,NaN,NaN,NaN,NaN,NaN,DB,NW,B,B,150,1011,NaN,S,80,NaN,
2022070912,a5e.2022,9X-A5E,TY,NN,13.8,249.0,30,1008,279,16,282,15,NaN,NaN,NaN,NaN,NaN,NaN,NaN,NaN,NaN,NaN,TD,NW,B,B,150,1011,NaN,S,80,NaN,
2022070918,05e.2022,DARBY,TY,NN,14.2,247.2,35,1006,279,16,283,16,30,30,,,,NaN,NaN,NaN,NaN,NaN,TS,WN,B,B,150,1011,NaN,S,20,PPP,
2022071000,05e.2022,DARBY,TY,NN,14.3,245.8,40,1004,279,16,279,16,25,30,,,20,NaN,NaN,NaN,NaN,NaN,TS,WN,B,B,150,1011,NaN,M,20,BJR,
2022071006,05e.2022,DARBY,TY,NN,14.3,244.5,40,1004,272,13,272,13,25,30,,,20,NaN,NaN,NaN,NaN,NaN,TS,WN,B,B,100,1012,NaN,M,20,LRB,
2022071012,05e.2022,DARBY,TY,NN,14.3,243.2,50,1002,270,13,270,13,37,40,30,,40,20,20,,,,TS,WN,B,B,100,1012,NaN,M,20,DPB,
2022071018,05e.2022,DARBY,TY,NN,14.4,241.7,55,999,272,14,272,14,32,40,30,20,40,20,20,,20,20,TS,WN,B,B,90,1011,NaN,M,10,PPP,
2022071100,05e.2022,DARBY,TY,NN,14.5,240.1,65,991,274,15,274,15,42,50,40,30,50,22,30,20,30,30,HU,WN,B,B,90,1011,NaN,D,10,BJR,
2022071106,05e.2022,DARBY,TY,NN,14.5,238.7,85,979,272,15,272,15,42,50,40,30,50,22,30,20,30,30,HU,WN,B,B,90,1012,NaN,D,10,RJP,
2022071112,05e.2022,DARBY,TY,NN,14.5,237.2,105,966,270,14,270,14,42,50,40,30,50,22,30,20,30,30,HU,WN,B,B,90,1012,NaN,D,5,PPP,
2022071118,05e.2022,DARBY,TY,NN,14.6,235.7,120,953,272,15,272,15,42,50,40,30,50,25,30,20,30,30,HU,WN,B,B,90,1012,NaN,D,5,PPP,
2022071200,05e.2022,DARBY,TY,NN,14.8,234.1,120,953,276,15,276,15,42,50,40,30,50,25,30,20,30,30,HU,WN,B,B,90,1012,NaN,D,5,JPC,
2022071206,05e.2022,DARBY,TY,NN,14.7,232.6,115,957,272,15,272,15,42,50,40,30,50,25,30,20,30,30,HU,WN,B,B,120,1012,NaN,D,10,LRB,
2022071212,05e.2022,DARBY,TY,NN,14.7,231.0,115,957,268,15,268,15,38,40,40,30,40,25,30,20,30,30,HU,WN,B,B,120,1012,NaN,D,10,PPP,
2022071218,05e.2022,DARBY,TY,NN,14.6,229.5,105,966,268,15,268,15,38,40,40,30,40,20,20,20,30,20,HU,WN,B,B,150,1012,NaN,D,10,RJB,
2022071300,05e.2022,DARBY,TY,NN,14.6,228.0,95,972,268,15,268,15,38,40,40,30,40,20,20,20,30,20,HU,WN,B,B,120,1010,NaN,D,10,DPB,
2022071306,05e.2022,DARBY,TY,NN,14.6,226.7,85,978,270,14,270,14,35,40,30,30,40,20,20,20,30,20,HU,WN,B,B,120,1012,NaN,D,10,LRB,
2022071312,05e.2022,DARBY,TY,NN,14.8,225.3,90,977,274,13,274,13,35,40,30,30,40,20,20,20,30,20,HU,WN,B,B,120,1011,NaN,D,10,DAZ,
2022071318,05e.2022,DARBY,TY,NN,15.1,224.0,100,968,281,13,281,13,40,50,30,30,50,20,20,20,30,20,HU,WN,B,B,120,1011,NaN,D,10,JLB,
2022071400,05e.2022,DARBY,TY,NN,15.6,222.5,100,968,286,14,286,14,32,40,25,25,40,20,25,15,25,25,HU,WN,B,B,90,1011,NaN,D,10,KRK,
2022071406,05e.2022,DARBY,TY,NN,16.0,221.1,95,971,288,15,288,15,32,40,25,25,40,20,25,15,25,25,HU,WN,B,B,90,1012,NaN,D,10,TRB,
2022071412,05e.2022,DARBY,TY,NN,16.5,219.8,90,977,289,14,289,14,32,40,25,25,40,20,25,15,25,25,HU,WN,B,B,90,1012,NaN,D,10,TRB,
2022071418,05e.2022,DARBY,TY,NN,16.9,218.5,85,980,290,13,290,13,32,40,25,25,40,20,25,15,25,25,HU,WN,B,B,95,1012,NaN,D,10,RAB,
2022071500,05e.2022,DARBY,TY,NN,17.3,217.2,75,985,288,13,288,13,32,40,25,25,40,14,20,10,25,15,HU,WN,B,B,95,1012,NaN,D,10,RAB,
2022071506,05e.2022,DARBY,TY,NN,17.4,215.9,65,990,281,13,281,13,40,50,35,25,50,15,20,10,25,20,HU,WN,B,B,85,1015,NaN,D,10,JRJ,
2022071512,05e.2022,DARBY,TY,NN,17.5,214.6,60,993,275,12,275,12,38,50,30,20,50,12,15,5,20,15,TS,WN,B,B,75,1013,NaN,D,10,JRJ,
2022071518,05e.2022,DARBY,TY,NN,17.6,213.2,50,1002,274,13,274,13,38,50,30,20,50,12,15,5,20,15,TS,WN,B,B,90,1014,NaN,M,15,RAB,
2022071600,05e.2022,DARBY,TY,NN,17.7,211.5,40,1006,274,15,274,15,38,50,30,20,50,NaN,NaN,NaN,NaN,NaN,TS,WN,B,B,90,1014,NaN,M,15,RAB,
2022071606,05e.2022,DARBY,TY,NN,17.7,209.7,40,1006,272,17,272,17,35,50,25,15,50,NaN,NaN,NaN,NaN,NaN,TS,WN,B,B,85,1014,NaN,M,15,JRJ,
2022071612,05e.2022,DARBY,TY,NN,17.7,207.7,40,1006,270,18,270,18,35,50,25,15,50,NaN,NaN,NaN,NaN,NaN,TS,WN,B,B,85,1014,NaN,M,15,JRJ,
2022071618,05e.2022,DARBY,TY,NN,17.7,205.5,35,1007,270,20,270,20,40,40,,,40,NaN,NaN,NaN,NaN,NaN,TS,WN,B,B,60,1014,NaN,S,40,KRK,
2022071700,05e.2022,DARBY,TY,NN,17.7,203.5,35,1007,270,20,270,20,30,30,,,30,NaN,NaN,NaN,NaN,NaN,TS,WN,B,B,60,1014,NaN,S,30,KRK,
2022070800,a6e.2022,9X-A6E,TY,NN,12.0,268.0,15,NaN,360,0,360,0,NaN,NaN,NaN,NaN,NaN,NaN,NaN,NaN,NaN,NaN,DB,NW,b,b,NaN,NaN,NaN,NaN,NaN,NaN,
2022070806,a6e.2022,9X-A6E,TY,NN,12.0,268.0,15,NaN,360,0,360,0,NaN,NaN,NaN,NaN,NaN,NaN,NaN,NaN,NaN,NaN,DB,NW,b,b,NaN,NaN,NaN,NaN,NaN,NaN,
2022070812,a6e.2022,9X-A6E,TY,NN,12.0,268.0,15,NaN,360,0,360,0,NaN,NaN,NaN,NaN,NaN,NaN,NaN,NaN,NaN,NaN,DB,NW,b,b,NaN,NaN,NaN,NaN,NaN,NaN,
2022070818,a6e.2022,9X-A6E,TY,NN,12.0,268.0,15,NaN,360,0,360,0,NaN,NaN,NaN,NaN,NaN,NaN,NaN,NaN,NaN,NaN,DB,NW,b,b,NaN,NaN,NaN,NaN,NaN,NaN,
2022070900,a6e.2022,9X-A6E,TY,NN,12.0,268.0,15,NaN,360,0,360,0,NaN,NaN,NaN,NaN,NaN,NaN,NaN,NaN,NaN,NaN,DB,NW,b,b,NaN,NaN,NaN,NaN,NaN,NaN,
2022070906,a6e.2022,9X-A6E,TY,NN,12.0,268.0,15,NaN,360,0,360,0,NaN,NaN,NaN,NaN,NaN,NaN,NaN,NaN,NaN,NaN,DB,NW,b,b,NaN,NaN,NaN,NaN,NaN,NaN,
2022070912,a6e.2022,9X-A6E,TY,NN,12.0,268.0,15,NaN,360,0,360,0,NaN,NaN,NaN,NaN,NaN,NaN,NaN,NaN,NaN,NaN,DB,NW,b,b,NaN,NaN,NaN,NaN,NaN,NaN,
2022070918,a6e.2022,9X-A6E,TY,NN,12.0,268.0,15,NaN,360,0,360,0,NaN,NaN,NaN,NaN,NaN,NaN,NaN,NaN,NaN,NaN,DB,NW,b,b,NaN,NaN,NaN,NaN,NaN,NaN,
2022071000,a6e.2022,9X-A6E,TY,NN,12.0,268.0,15,NaN,360,0,360,0,NaN,NaN,NaN,NaN,NaN,NaN,NaN,NaN,NaN,NaN,DB,NW,b,b,NaN,NaN,NaN,NaN,NaN,NaN,
2022071006,a6e.2022,9X-A6E,TY,NN,12.0,268.0,15,NaN,360,0,360,0,NaN,NaN,NaN,NaN,NaN,NaN,NaN,NaN,NaN,NaN,DB,NW,b,b,NaN,NaN,NaN,NaN,NaN,NaN,
2022071012,a6e.2022,9X-A6E,TY,NN,12.0,268.0,15,NaN,360,0,360,0,NaN,NaN,NaN,NaN,NaN,NaN,NaN,NaN,NaN,NaN,DB,NW,b,b,NaN,NaN,NaN,NaN,NaN,NaN,
2022071018,a6e.2022,9X-A6E,TY,NN,12.0,268.0,15,NaN,360,0,360,0,NaN,NaN,NaN,NaN,NaN,NaN,NaN,NaN,NaN,NaN,DB,NW,b,b,NaN,NaN,NaN,NaN,NaN,NaN,
2022071100,a6e.2022,9X-A6E,TY,NN,12.0,268.0,15,NaN,360,0,360,0,NaN,NaN,NaN,NaN,NaN,NaN,NaN,NaN,NaN,NaN,DB,NW,b,b,NaN,NaN,NaN,NaN,NaN,NaN,
2022071106,a6e.2022,9X-A6E,TY,NN,12.0,268.0,15,NaN,360,0,360,0,NaN,NaN,NaN,NaN,NaN,NaN,NaN,NaN,NaN,NaN,DB,NW,b,b,NaN,NaN,NaN,NaN,NaN,NaN,
2022071112,a6e.2022,9X-A6E,TY,NN,12.0,268.0,15,NaN,360,0,360,0,NaN,NaN,NaN,NaN,NaN,NaN,NaN,NaN,NaN,NaN,DB,NW,b,b,NaN,NaN,NaN,NaN,NaN,NaN,
2022071118,a6e.2022,9X-A6E,TY,NN,12.0,268.0,15,NaN,360,0,360,0,NaN,NaN,NaN,NaN,NaN,NaN,NaN,NaN,NaN,NaN,DB,NW,b,b,NaN,NaN,NaN,NaN,NaN,NaN,
2022071200,a6e.2022,9X-A6E,TY,NN,12.0,268.0,15,NaN,360,0,360,0,NaN,NaN,NaN,NaN,NaN,NaN,NaN,NaN,NaN,NaN,DB,NW,b,b,NaN,NaN,NaN,NaN,NaN,NaN,
2022071206,a6e.2022,9X-A6E,TY,NN,12.0,268.0,15,NaN,360,0,360,0,NaN,NaN,NaN,NaN,NaN,NaN,NaN,NaN,NaN,NaN,DB,NW,b,b,NaN,NaN,NaN,NaN,NaN,NaN,
2022071212,a6e.2022,9X-A6E,TY,NN,12.0,268.0,15,NaN,360,0,360,0,NaN,NaN,NaN,NaN,NaN,NaN,NaN,NaN,NaN,NaN,DB,NW,b,b,NaN,NaN,NaN,NaN,NaN,NaN,
2022071218,a6e.2022,9X-A6E,TY,NN,10.5,269.0,20,1010,270,7,147,9,NaN,NaN,NaN,NaN,NaN,NaN,NaN,NaN,NaN,NaN,DB,NW,B,B,NaN,NaN,NaN,NaN,NaN,NaN,
2022071300,a6e.2022,9X-A6E,TY,NN,10.5,268.6,20,1010,270,7,159,8,NaN,NaN,NaN,NaN,NaN,NaN,NaN,NaN,NaN,NaN,DB,NW,B,B,NaN,NaN,NaN,NaN,NaN,NaN,
2022071306,a6e.2022,9X-A6E,TY,NN,10.5,267.5,20,1010,270,7,270,7,NaN,NaN,NaN,NaN,NaN,NaN,NaN,NaN,NaN,NaN,DB,NW,B,B,NaN,NaN,NaN,NaN,NaN,NaN,
2022071312,a6e.2022,9X-A6E,TY,NN,10.5,266.5,20,1010,270,10,270,10,NaN,NaN,NaN,NaN,NaN,NaN,NaN,NaN,NaN,NaN,DB,NW,B,B,NaN,NaN,NaN,NaN,NaN,NaN,
2022071318,a6e.2022,9X-A6E,TY,NN,10.5,265.5,20,1010,270,10,270,10,NaN,NaN,NaN,NaN,NaN,NaN,NaN,NaN,NaN,NaN,DB,NW,B,B,150,1012,NaN,S,90,NaN,
2022071400,a6e.2022,9X-A6E,TY,NN,10.5,264.5,25,1010,270,10,270,10,NaN,NaN,NaN,NaN,NaN,NaN,NaN,NaN,NaN,NaN,DB,NW,B,B,150,1012,NaN,S,90,NaN,
2022071406,a6e.2022,9X-A6E,TY,NN,10.5,263.4,25,1010,270,10,270,10,NaN,NaN,NaN,NaN,NaN,NaN,NaN,NaN,NaN,NaN,DB,NW,B,B,150,1012,NaN,S,80,NaN,
2022071412,a6e.2022,9X-A6E,TY,NN,10.6,262.1,25,1010,272,12,272,12,NaN,NaN,NaN,NaN,NaN,NaN,NaN,NaN,NaN,NaN,DB,NW,B,B,150,1012,NaN,S,80,NaN,
2022071418,a6e.2022,9X-A6E,TY,NN,10.8,261.5,25,1009,279,9,279,9,NaN,NaN,NaN,NaN,NaN,NaN,NaN,NaN,NaN,NaN,DB,NW,B,B,150,1012,NaN,S,80,NaN,
2022071500,a6e.2022,9X-A6E,TY,NN,11.0,260.9,25,1009,289,6,289,6,NaN,NaN,NaN,NaN,NaN,NaN,NaN,NaN,NaN,NaN,DB,NW,B,B,160,1011,NaN,S,80,NaN,
2022071506,a6e.2022,9X-A6E,TY,NN,11.4,260.3,25,1009,297,7,297,7,NaN,NaN,NaN,NaN,NaN,NaN,NaN,NaN,NaN,NaN,DB,NW,B,B,160,1011,NaN,S,80,NaN,
2022071512,06e.2022,ESTELLE,TY,NN,12.0,260.1,30,1007,301,10,322,6,NaN,NaN,NaN,NaN,NaN,NaN,NaN,NaN,NaN,NaN,TD,WN,B,B,150,1011,NaN,S,60,BJR,
2022071518,06e.2022,ESTELLE,TY,NN,12.5,259.3,30,1007,301,10,318,7,NaN,NaN,NaN,NaN,NaN,NaN,NaN,NaN,NaN,NaN,TD,WN,B,B,160,1011,NaN,S,40,BJR,
2022071600,06e.2022,ESTELLE,TY,NN,13.0,258.4,35,1006,301,10,301,10,40,40,,,,NaN,NaN,NaN,NaN,NaN,TS,WN,B,B,180,1011,NaN,M,40,RJB,
2022071606,06e.2022,ESTELLE,TY,NN,13.4,257.5,45,1003,297,10,297,10,45,40,50,,,NaN,NaN,NaN,NaN,NaN,TS,WN,B,B,180,1011,NaN,M,30,JPC,
2022071612,06e.2022,ESTELLE,TY,NN,13.8,256.7,55,997,296,9,296,9,40,50,50,20,40,20,20,20,20,,TS,WN,B,B,180,1011,NaN,M,20,BJR,
2022071618,06e.2022,ESTELLE,TY,NN,14.1,256.1,60,993,297,8,297,8,40,50,50,20,40,20,20,20,20,20,TS,WN,B,B,180,1010,NaN,D,20,BJR,
2022071700,06e.2022,ESTELLE,TY,NN,14.5,255.4,65,991,299,7,299,7,45,60,50,30,40,18,20,20,30,20,HU,WN,B,B,180,1010,NaN,D,10,RJB,
2022071706,06e.2022,ESTELLE,TY,NN,14.9,254.6,70,988,299,8,299,8,45,60,50,30,40,18,20,20,30,20,HU,WN,B,B,180,1010,NaN,D,10,JPC,
2022071712,06e.2022,ESTELLE,TY,NN,15.3,253.6,75,985,295,10,295,10,45,60,50,30,40,18,20,20,30,20,HU,WN,B,B,180,1010,NaN,D,10,RJP,
2022071718,06e.2022,ESTELLE,TY,NN,15.9,252.6,75,985,297,11,297,11,45,60,50,30,40,18,20,20,30,20,HU,WN,B,B,180,1010,NaN,D,10,LRB,
2022071800,06e.2022,ESTELLE,TY,NN,16.6,251.7,70,986,305,11,305,11,50,60,50,30,60,18,20,20,30,20,HU,WN,B,B,180,1010,NaN,D,10,PPP,
2022071806,06e.2022,ESTELLE,TY,NN,17.3,250.7,70,986,308,11,308,11,78,90,90,50,80,32,40,40,50,30,HU,WN,B,B,180,1010,NaN,D,10,JPC,
2022071812,06e.2022,ESTELLE,TY,NN,17.8,249.4,70,986,299,13,299,13,78,90,90,50,80,32,40,40,50,30,HU,WN,B,B,150,1010,NaN,D,10,LRB,
2022071818,06e.2022,ESTELLE,TY,NN,18.1,248.1,70,986,288,13,288,13,78,90,90,50,80,32,40,40,50,30,HU,WN,B,B,150,1010,NaN,D,10,LRB,
2022071900,06e.2022,ESTELLE,TY,NN,18.2,246.9,65,988,280,12,280,12,88,100,90,70,90,35,50,40,70,30,HU,WN,B,B,150,1010,NaN,D,20,PPP,
2022071906,06e.2022,ESTELLE,TY,NN,18.4,245.8,60,991,278,11,278,11,80,100,100,40,80,40,50,40,40,30,TS,WN,B,B,150,1010,NaN,D,30,BJR,
2022071912,06e.2022,ESTELLE,TY,NN,18.8,244.8,55,993,287,10,287,10,80,100,100,40,80,40,50,40,40,30,TS,WN,B,B,150,1010,NaN,D,30,LRB,
2022071918,06e.2022,ESTELLE,TY,NN,19.3,243.7,55,993,294,11,294,11,80,100,100,40,80,40,50,40,40,30,TS,WN,B,B,150,1010,NaN,D,30,LRB,
2022072000,06e.2022,ESTELLE,TY,NN,19.9,242.6,55,994,298,12,298,12,75,100,80,40,80,30,40,20,40,30,TS,WN,B,B,150,1010,NaN,M,30,PPP,
2022072006,06e.2022,ESTELLE,TY,NN,20.4,241.2,50,997,295,13,295,13,65,90,60,30,80,27,30,20,30,30,TS,WN,B,B,150,1010,NaN,M,30,BJR,
2022072012,06e.2022,ESTELLE,TY,NN,20.9,239.8,50,997,291,14,291,14,65,90,60,30,80,27,30,20,30,30,TS,WN,B,B,150,1010,NaN,M,30,LRB,
2022072018,06e.2022,ESTELLE,TY,NN,21.3,238.4,45,1002,289,14,289,14,70,70,,,70,NaN,NaN,NaN,NaN,NaN,TS,WN,B,B,120,1012,NaN,M,30,LRB,
2022072100,06e.2022,ESTELLE,TY,NN,21.7,237.2,40,1004,288,13,288,13,55,60,,,50,NaN,NaN,NaN,NaN,NaN,TS,WN,B,B,120,1012,NaN,M,30,PPP,
2022072106,06e.2022,ESTELLE,TY,NN,22.1,236.1,35,1007,291,11,291,11,40,40,,,40,NaN,NaN,NaN,NaN,NaN,LO,WN,B,B,120,1012,NaN,M,30,BJR,
2022072112,06e.2022,ESTELLE,TY,NN,22.3,235.0,30,1007,286,11,286,11,NaN,NaN,NaN,NaN,NaN,NaN,NaN,NaN,NaN,NaN,LO,WN,B,B,120,1012,NaN,S,30,LRB,
2022072118,06e.2022,ESTELLE,TY,NN,22.3,234.0,30,1008,276,10,276,10,NaN,NaN,NaN,NaN,NaN,NaN,NaN,NaN,NaN,NaN,LO,WN,B,B,120,1012,NaN,S,30,LRB,
2022072200,06e.2022,ESTELLE,TY,NN,22.4,233.1,25,1009,273,9,273,9,NaN,NaN,NaN,NaN,NaN,NaN,NaN,NaN,NaN,NaN,LO,NW,B,B,120,1012,NaN,NaN,30,NaN,
2022072206,06e.2022,ESTELLE,TY,NN,22.7,232.4,25,1009,285,8,285,8,NaN,NaN,NaN,NaN,NaN,NaN,NaN,NaN,NaN,NaN,LO,NW,B,B,120,1012,NaN,NaN,30,NaN,
2022072212,06e.2022,ESTELLE,TY,NN,22.9,231.7,25,1009,291,7,291,7,NaN,NaN,NaN,NaN,NaN,NaN,NaN,NaN,NaN,NaN,LO,NW,B,B,120,1012,NaN,NaN,30,NaN,
2022072218,06e.2022,ESTELLE,TY,NN,23.0,231.0,25,1009,283,7,283,7,NaN,NaN,NaN,NaN,NaN,NaN,NaN,NaN,NaN,NaN,LO,NW,B,B,120,1012,NaN,NaN,30,NaN,
2022072300,06e.2022,ESTELLE,TY,NN,23.0,230.4,25,1009,275,6,275,6,NaN,NaN,NaN,NaN,NaN,NaN,NaN,NaN,NaN,NaN,LO,NW,B,B,120,1012,NaN,NaN,30,NaN,
2022072306,06e.2022,ESTELLE,TY,NN,23.1,229.6,20,1010,274,6,274,6,NaN,NaN,NaN,NaN,NaN,NaN,NaN,NaN,NaN,NaN,LO,NW,B,B,120,1012,NaN,NaN,30,NaN,
2022072312,06e.2022,ESTELLE,TY,NN,23.4,229.0,20,1010,287,7,287,7,NaN,NaN,NaN,NaN,NaN,NaN,NaN,NaN,NaN,NaN,LO,NW,B,B,120,1012,NaN,NaN,30,NaN,
2022072318,06e.2022,ESTELLE,TY,NN,23.7,228.6,20,1010,303,5,303,5,NaN,NaN,NaN,NaN,NaN,NaN,NaN,NaN,NaN,NaN,LO,NW,B,B,120,1012,NaN,NaN,30,NaN,
2022072400,06e.2022,ESTELLE,TY,NN,24.0,228.2,20,1010,309,5,309,5,NaN,NaN,NaN,NaN,NaN,NaN,NaN,NaN,NaN,NaN,LO,NW,B,B,120,1012,NaN,NaN,30,NaN,
2022072312,a7e.2022,9X-A7E,TY,NN,10.4,269.2,15,1011,280,5,280,5,NaN,NaN,NaN,NaN,NaN,NaN,NaN,NaN,NaN,NaN,DB,NW,B,B,NaN,NaN,NaN,NaN,NaN,NaN,
2022072318,a7e.2022,9X-A7E,TY,NN,10.6,268.6,15,1011,280,5,280,5,NaN,NaN,NaN,NaN,NaN,NaN,NaN,NaN,NaN,NaN,DB,NW,B,B,NaN,NaN,NaN,NaN,NaN,NaN,
2022072400,a7e.2022,9X-A7E,TY,NN,10.6,268.1,15,1010,280,5,280,5,NaN,NaN,NaN,NaN,NaN,NaN,NaN,NaN,NaN,NaN,DB,NW,B,B,NaN,NaN,NaN,NaN,NaN,NaN,
2022072406,a7e.2022,9X-A7E,TY,NN,10.7,267.5,15,1010,275,5,275,5,NaN,NaN,NaN,NaN,NaN,NaN,NaN,NaN,NaN,NaN,DB,NW,B,B,NaN,NaN,NaN,NaN,NaN,NaN,
2022072412,a7e.2022,9X-A7E,TY,NN,10.8,266.8,20,1010,279,6,279,6,NaN,NaN,NaN,NaN,NaN,NaN,NaN,NaN,NaN,NaN,DB,NW,B,B,NaN,NaN,NaN,NaN,NaN,NaN,
2022072418,a7e.2022,9X-A7E,TY,NN,10.9,265.8,25,1010,277,8,277,8,NaN,NaN,NaN,NaN,NaN,NaN,NaN,NaN,NaN,NaN,DB,NW,B,B,150,1012,NaN,S,90,NaN,
2022072500,a7e.2022,9X-A7E,TY,NN,11.0,264.6,25,1009,275,11,275,11,NaN,NaN,NaN,NaN,NaN,NaN,NaN,NaN,NaN,NaN,DB,NW,B,B,150,1012,NaN,S,90,NaN,
2022072506,a7e.2022,9X-A7E,TY,NN,11.0,263.3,25,1009,272,12,272,12,NaN,NaN,NaN,NaN,NaN,NaN,NaN,NaN,NaN,NaN,DB,NW,B,B,150,1012,NaN,S,90,NaN,
2022072512,a7e.2022,9X-A7E,TY,NN,11.0,262.0,25,1009,273,11,270,13,NaN,NaN,NaN,NaN,NaN,NaN,NaN,NaN,NaN,NaN,LO,NW,B,B,150,1012,NaN,S,60,NaN,
2022072518,a7e.2022,9X-A7E,TY,NN,11.0,260.9,30,1008,273,11,270,12,NaN,NaN,NaN,NaN,NaN,NaN,NaN,NaN,NaN,NaN,LO,NW,B,B,150,1012,NaN,S,60,NaN,
2022072600,a7e.2022,9X-A7E,TY,NN,11.1,259.8,30,1007,273,11,273,11,NaN,NaN,NaN,NaN,NaN,NaN,NaN,NaN,NaN,NaN,TD,NW,B,B,150,1012,NaN,S,50,NaN,
2022072606,07e.2022,FRANK,TY,NN,11.3,258.8,35,1006,278,10,278,10,50,50,,,,NaN,NaN,NaN,NaN,NaN,TS,WN,B,B,180,1012,NaN,M,40,DPB,
2022072612,07e.2022,FRANK,TY,NN,11.5,258.0,35,1004,283,9,283,9,50,50,,,50,NaN,NaN,NaN,NaN,NaN,TS,WN,B,B,180,1012,NaN,M,40,PPP,
2022072618,07e.2022,FRANK,TY,NN,11.6,257.1,35,1004,280,8,280,8,47,50,,40,50,NaN,NaN,NaN,NaN,NaN,TS,WN,B,B,180,1012,NaN,M,40,PPP,
2022072700,07e.2022,FRANK,TY,NN,11.8,256.2,35,1004,280,9,280,9,47,50,,40,50,NaN,NaN,NaN,NaN,NaN,TS,WN,B,B,180,1010,NaN,M,40,LRB,
2022072706,07e.2022,FRANK,TY,NN,12.1,255.4,35,1004,287,9,287,9,47,50,,40,50,NaN,NaN,NaN,NaN,NaN,TS,WN,B,B,180,1010,NaN,M,40,DPB,
2022072712,07e.2022,FRANK,TY,NN,12.3,254.5,35,1004,287,9,287,9,47,50,,40,50,NaN,NaN,NaN,NaN,NaN,TS,WN,B,B,180,1010,NaN,M,40,JLB,
2022072718,07e.2022,FRANK,TY,NN,12.4,253.6,40,1002,280,9,280,9,45,50,40,40,50,NaN,NaN,NaN,NaN,NaN,TS,WN,B,B,150,1011,NaN,M,40,JLB,
2022072800,07e.2022,FRANK,TY,NN,12.6,252.6,45,1000,279,9,279,9,55,60,50,50,60,NaN,NaN,NaN,NaN,NaN,TS,WN,B,B,150,1008,NaN,M,40,LRB,
2022072806,07e.2022,FRANK,TY,NN,12.8,251.5,45,1000,281,10,281,10,58,60,60,50,60,NaN,NaN,NaN,NaN,NaN,TS,WN,B,B,150,1008,NaN,M,30,DPB,
2022072812,07e.2022,FRANK,TY,NN,12.9,250.4,45,1000,278,11,278,11,55,60,50,50,60,NaN,NaN,NaN,NaN,NaN,TS,WN,B,B,150,1008,NaN,M,30,JLB,
2022072818,07e.2022,FRANK,TY,NN,13.0,249.5,50,997,276,10,276,10,60,60,70,50,60,30,30,30,50,,TS,WN,B,B,150,1008,NaN,M,30,JLB,
2022072900,07e.2022,FRANK,TY,NN,13.2,248.7,55,993,280,8,280,8,62,60,80,50,60,35,30,40,50,,TS,WN,B,B,160,1006,NaN,M,30,LRB,
2022072906,07e.2022,FRANK,TY,NN,13.5,248.0,55,993,289,8,289,8,70,70,90,50,70,45,40,50,50,,TS,WN,B,B,160,1006,NaN,D,30,DPB,
2022072912,07e.2022,FRANK,TY,NN,14.0,247.4,55,993,302,7,302,7,72,80,90,50,70,40,40,50,50,30,TS,WN,B,B,160,1006,NaN,D,30,JLB,
2022072918,07e.2022,FRANK,TY,NN,14.4,246.6,60,989,304,8,304,8,78,90,90,50,80,38,50,50,50,30,TS,WN,B,B,160,1006,NaN,D,20,JLB,
2022073000,07e.2022,FRANK,TY,NN,14.9,245.8,70,983,300,9,300,9,78,90,90,50,80,38,50,50,50,30,HU,WN,B,B,160,1006,NaN,D,20,JPC,
2022073006,07e.2022,FRANK,TY,NN,15.5,245.0,80,976,305,9,305,9,90,100,100,70,90,42,50,50,70,40,HU,WN,B,B,160,1008,NaN,D,20,RJP,
2022073012,07e.2022,FRANK,TY,NN,16.2,244.2,80,976,310,10,310,10,90,100,100,70,90,45,60,50,70,40,HU,WN,B,B,160,1008,NaN,D,20,JLB,
2022073018,07e.2022,FRANK,TY,NN,16.9,243.5,80,976,314,10,314,10,90,100,100,70,90,45,60,50,70,40,HU,WN,B,B,160,1008,NaN,D,20,JLB,
2022073100,07e.2022,FRANK,TY,NN,17.6,242.7,80,976,314,10,314,10,92,100,100,80,90,45,60,50,80,40,HU,WN,B,B,160,1008,NaN,D,20,JPC,
2022073106,07e.2022,FRANK,TY,NN,18.3,241.8,75,979,311,11,311,11,98,110,100,80,100,52,70,60,80,50,HU,WN,B,B,160,1010,NaN,D,20,RJP,
2022073112,07e.2022,FRANK,TY,NN,18.9,241.0,70,981,309,10,309,10,102,120,110,80,100,52,70,60,80,50,HU,WN,B,B,160,1010,NaN,D,30,DPB,
2022073118,07e.2022,FRANK,TY,NN,19.7,240.2,70,983,313,10,313,10,102,120,110,80,100,52,70,60,80,50,HU,WN,B,B,160,1010,NaN,D,30,DPB,
2022080100,07e.2022,FRANK,TY,NN,20.4,239.5,65,984,317,10,317,10,100,110,110,80,100,50,60,60,80,50,HU,WN,B,B,160,1010,NaN,D,30,JLB,
2022080106,07e.2022,FRANK,TY,NN,21.2,238.7,60,988,317,10,317,10,100,110,110,80,100,52,70,60,80,50,TS,WN,B,B,160,1008,NaN,D,30,NaN,
2022080112,07e.2022,FRANK,TY,NN,21.9,237.9,55,992,315,11,315,11,92,100,100,80,90,48,60,50,80,50,TS,WN,B,B,180,1010,NaN,M,30,DPB,
2022080118,07e.2022,FRANK,TY,NN,22.5,237.1,45,997,311,10,311,10,88,100,90,70,90,NaN,NaN,NaN,NaN,NaN,TS,WN,B,B,190,1010,NaN,M,40,PPP,
2022080200,07e.2022,FRANK,TY,NN,23.1,236.3,40,999,309,10,309,10,78,90,80,60,80,NaN,NaN,NaN,NaN,NaN,TS,WN,B,B,180,1010,NaN,M,40,RJB,
2022080206,07e.2022,FRANK,TY,NN,23.7,235.5,40,1001,309,9,309,9,68,80,70,50,70,NaN,NaN,NaN,NaN,NaN,TS,WN,B,B,180,1010,NaN,M,40,PPP,
2022080212,07e.2022,FRANK,TY,NN,24.4,234.8,35,1004,313,9,313,9,50,50,50,,50,NaN,NaN,NaN,NaN,NaN,TS,WN,B,B,180,1011,NaN,S,40,DAZ,
2022080218,07e.2022,FRANK,TY,NN,25.2,234.2,35,1005,322,10,322,10,60,60,,,,NaN,NaN,NaN,NaN,NaN,LO,WN,B,B,180,1013,NaN,S,40,BJR,
2022080300,07e.2022,FRANK,TY,NN,26.0,233.6,30,1006,326,10,326,10,NaN,NaN,NaN,NaN,NaN,NaN,NaN,NaN,NaN,NaN,LO,NW,B,B,180,1013,NaN,NaN,40,NaN,
2022080306,07e.2022,FRANK,TY,NN,26.9,233.1,30,1007,330,10,330,10,NaN,NaN,NaN,NaN,NaN,NaN,NaN,NaN,NaN,NaN,LO,NW,B,B,180,1013,NaN,NaN,30,NaN,
2022080312,07e.2022,FRANK,TY,NN,27.9,232.7,30,1007,337,10,337,10,NaN,NaN,NaN,NaN,NaN,NaN,NaN,NaN,NaN,NaN,LO,NW,B,B,180,1013,NaN,NaN,30,NaN,
2022080318,07e.2022,FRANK,TY,NN,28.9,232.5,25,1008,345,10,345,10,NaN,NaN,NaN,NaN,NaN,NaN,NaN,NaN,NaN,NaN,LO,NW,B,B,180,1013,NaN,NaN,30,NaN,
2022080400,07e.2022,FRANK,TY,NN,29.9,232.6,25,1008,357,10,357,10,NaN,NaN,NaN,NaN,NaN,NaN,NaN,NaN,NaN,NaN,LO,NW,B,B,130,1012,NaN,NaN,30,NaN,
2022072512,a8e.2022,9X-A8E,TS,NN,14.5,249.3,20,NaN,291,4,291,4,NaN,NaN,NaN,NaN,NaN,NaN,NaN,NaN,NaN,NaN,DB,NW,B,B,120,1011,NaN,NaN,60,NaN,
2022072518,a8e.2022,9X-A8E,TS,NN,14.8,248.7,20,NaN,291,4,291,4,NaN,NaN,NaN,NaN,NaN,NaN,NaN,NaN,NaN,NaN,DB,NW,B,B,120,1011,NaN,NaN,60,NaN,
2022072600,a8e.2022,9X-A8E,TS,NN,14.8,248.5,20,NaN,291,4,291,4,NaN,NaN,NaN,NaN,NaN,NaN,NaN,NaN,NaN,NaN,DB,NW,B,B,120,1011,NaN,NaN,60,NaN,
2022072606,a8e.2022,9X-A8E,TS,NN,14.5,247.7,20,NaN,253,5,253,5,NaN,NaN,NaN,NaN,NaN,NaN,NaN,NaN,NaN,NaN,DB,NW,B,B,120,1011,NaN,NaN,60,NaN,
2022072612,a8e.2022,9X-A8E,TS,NN,15.1,247.7,20,1009,291,4,291,4,NaN,NaN,NaN,NaN,NaN,NaN,NaN,NaN,NaN,NaN,DB,NW,B,B,120,1011,NaN,S,60,NaN,
2022072618,a8e.2022,9X-A8E,TS,NN,15.7,247.6,25,1008,355,6,355,6,NaN,NaN,NaN,NaN,NaN,NaN,NaN,NaN,NaN,NaN,DB,NW,B,B,120,1011,NaN,S,60,NaN,
2022072700,a8e.2022,9X-A8E,TS,NN,16.1,247.2,25,1008,334,6,334,6,NaN,NaN,NaN,NaN,NaN,NaN,NaN,NaN,NaN,NaN,DB,NW,B,B,120,1011,NaN,S,60,NaN,
2022072706,a8e.2022,9X-A8E,TS,NN,16.1,246.6,25,1008,293,5,293,5,NaN,NaN,NaN,NaN,NaN,NaN,NaN,NaN,NaN,NaN,DB,NW,B,B,120,1011,NaN,S,60,NaN,
2022072712,08e.2022,GEORGETTE,TS,NN,16.2,245.8,30,1007,270,10,274,7,NaN,NaN,NaN,NaN,NaN,NaN,NaN,NaN,NaN,NaN,TD,WN,B,B,130,1011,NaN,S,40,PPP,
2022072718,08e.2022,GEORGETTE,TS,NN,16.3,244.8,35,1005,270,10,277,9,20,,,,20,NaN,NaN,NaN,NaN,NaN,TS,WN,B,B,130,1011,NaN,M,30,PPP,
2022072800,08e.2022,GEORGETTE,TS,NN,16.2,243.8,40,1002,270,10,270,10,30,30,,,30,NaN,NaN,NaN,NaN,NaN,TS,WN,B,B,100,1009,NaN,M,20,RJP,
2022072806,08e.2022,GEORGETTE,TS,NN,16.1,242.8,45,1000,264,10,264,10,30,30,,,30,NaN,NaN,NaN,NaN,NaN,TS,WN,B,B,90,1008,NaN,M,20,DPB,
2022072812,08e.2022,GEORGETTE,TS,NN,16.0,241.8,45,1000,264,10,264,10,30,30,,30,30,NaN,NaN,NaN,NaN,NaN,TS,WN,B,B,90,1008,NaN,M,20,PPP,
2022072818,08e.2022,GEORGETTE,TS,NN,15.8,240.8,45,1000,261,10,261,10,28,30,20,30,30,NaN,NaN,NaN,NaN,NaN,TS,WN,B,B,70,1008,NaN,M,10,PPP,
2022072900,08e.2022,GEORGETTE,TS,NN,15.6,239.8,45,1000,258,10,258,10,28,30,20,30,30,NaN,NaN,NaN,NaN,NaN,TS,WN,B,B,70,1008,NaN,M,10,JPC,
2022072906,08e.2022,GEORGETTE,TS,NN,15.4,238.7,50,998,259,10,259,10,28,30,20,30,30,10,10,,30,10,TS,WN,B,B,70,1008,NaN,M,10,DPB,
2022072912,08e.2022,GEORGETTE,TS,NN,15.1,237.6,50,998,257,11,257,11,28,30,20,30,30,10,10,,30,10,TS,WN,B,B,70,1008,NaN,M,10,DPR,
2022072918,08e.2022,GEORGETTE,TS,NN,14.9,236.5,45,1000,257,11,257,11,28,30,20,30,30,NaN,NaN,NaN,NaN,NaN,TS,WN,B,B,70,1008,NaN,M,10,DPR,
2022073000,08e.2022,GEORGETTE,TS,NN,14.6,235.4,45,1000,257,11,257,11,28,30,20,30,30,NaN,NaN,NaN,NaN,NaN,TS,WN,B,B,70,1008,NaN,M,10,DAZ,
2022073006,08e.2022,GEORGETTE,TS,NN,14.3,234.5,45,1000,253,10,253,10,28,30,20,30,30,NaN,NaN,NaN,NaN,NaN,TS,WN,B,B,70,1008,NaN,M,10,RJP,
2022073012,08e.2022,GEORGETTE,TS,NN,14.0,233.6,45,1000,251,9,251,9,28,30,20,30,30,NaN,NaN,NaN,NaN,NaN,TS,WN,B,B,70,1008,NaN,M,10,WAH,
2022073018,08e.2022,GEORGETTE,TS,NN,13.7,232.7,45,1000,251,9,251,9,28,30,20,30,30,NaN,NaN,NaN,NaN,NaN,TS,WN,B,B,70,1008,NaN,M,10,WAH,
2022073100,08e.2022,GEORGETTE,TS,NN,13.5,231.8,45,1000,254,9,254,9,28,30,20,30,30,NaN,NaN,NaN,NaN,NaN,TS,WN,B,B,70,1008,NaN,M,10,DAZ,
2022073106,08e.2022,GEORGETTE,TS,NN,13.3,231.1,40,1002,256,8,256,8,22,20,10,30,30,NaN,NaN,NaN,NaN,NaN,TS,WN,B,B,60,1010,NaN,M,10,PPP,
2022073112,08e.2022,GEORGETTE,TS,NN,13.0,230.6,35,1004,247,6,247,6,27,20,,30,30,NaN,NaN,NaN,NaN,NaN,TS,WN,B,B,60,1010,NaN,M,10,ASL,
2022073118,08e.2022,GEORGETTE,TS,NN,12.8,230.3,30,1006,237,5,237,5,NaN,NaN,NaN,NaN,NaN,NaN,NaN,NaN,NaN,NaN,TD,WN,B,B,60,1010,NaN,M,10,ASL,
2022080100,08e.2022,GEORGETTE,TS,NN,12.7,230.0,30,1006,243,3,243,3,NaN,NaN,NaN,NaN,NaN,NaN,NaN,NaN,NaN,NaN,TD,WN,B,B,60,1010,NaN,S,10,LRB,
2022080106,08e.2022,GEORGETTE,TS,NN,12.8,229.6,30,1006,270,3,270,3,NaN,NaN,NaN,NaN,NaN,NaN,NaN,NaN,NaN,NaN,TD,WN,B,B,70,1009,NaN,S,10,NaN,
2022080112,08e.2022,GEORGETTE,TS,NN,13.0,229.2,30,1006,291,4,291,4,NaN,NaN,NaN,NaN,NaN,NaN,NaN,NaN,NaN,NaN,TD,WN,B,B,70,1009,NaN,S,10,ASL,
2022080118,08e.2022,GEORGETTE,TS,NN,13.1,229.0,30,1006,297,3,297,3,NaN,NaN,NaN,NaN,NaN,NaN,NaN,NaN,NaN,NaN,TD,WN,B,B,70,1009,NaN,S,10,ASL,
2022080200,08e.2022,GEORGETTE,TS,NN,13.3,228.9,30,1006,316,2,316,2,NaN,NaN,NaN,NaN,NaN,NaN,NaN,NaN,NaN,NaN,TD,WN,B,B,100,1010,NaN,S,10,LRB,
2022080206,08e.2022,GEORGETTE,TS,NN,13.6,229.1,30,1006,11,3,11,3,NaN,NaN,NaN,NaN,NaN,NaN,NaN,NaN,NaN,NaN,TD,WN,B,B,70,1011,NaN,S,20,PPP,
2022080212,08e.2022,GEORGETTE,TS,NN,13.9,229.3,30,1006,33,4,33,4,NaN,NaN,NaN,NaN,NaN,NaN,NaN,NaN,NaN,NaN,TD,WN,B,B,90,1010,NaN,S,30,DPB,
2022080218,08e.2022,GEORGETTE,TS,NN,14.4,229.6,30,1006,31,5,31,5,NaN,NaN,NaN,NaN,NaN,NaN,NaN,NaN,NaN,NaN,TD,WN,B,B,80,1011,NaN,S,30,DPB,
2022080300,08e.2022,GEORGETTE,TS,NN,15.0,230.0,30,1006,32,6,32,6,NaN,NaN,NaN,NaN,NaN,NaN,NaN,NaN,NaN,NaN,TD,WN,B,B,80,1010,NaN,S,30,LRB,
2022080306,08e.2022,GEORGETTE,TS,NN,15.7,230.4,30,1006,31,8,31,8,NaN,NaN,NaN,NaN,NaN,NaN,NaN,NaN,NaN,NaN,TD,WN,B,B,80,1010,NaN,S,30,PPP,
2022080312,08e.2022,GEORGETTE,TS,NN,16.4,230.7,30,1007,26,8,26,8,NaN,NaN,NaN,NaN,NaN,NaN,NaN,NaN,NaN,NaN,TD,WN,B,B,100,1011,NaN,S,30,DAZ,
2022080318,08e.2022,GEORGETTE,TS,NN,17.2,230.8,30,1008,14,8,14,8,NaN,NaN,NaN,NaN,NaN,NaN,NaN,NaN,NaN,NaN,LO,WN,B,B,80,1012,NaN,S,30,DPB,
2022080400,08e.2022,GEORGETTE,TS,NN,17.9,230.5,30,1008,353,8,353,8,NaN,NaN,NaN,NaN,NaN,NaN,NaN,NaN,NaN,NaN,LO,NW,B,B,80,1012,NaN,NaN,30,NaN,
2022080406,08e.2022,GEORGETTE,TS,NN,18.3,230.1,30,1009,329,6,329,6,NaN,NaN,NaN,NaN,NaN,NaN,NaN,NaN,NaN,NaN,LO,NW,B,B,80,1012,NaN,NaN,30,NaN,
2022080412,08e.2022,GEORGETTE,TS,NN,18.7,229.6,30,1009,313,6,313,6,NaN,NaN,NaN,NaN,NaN,NaN,NaN,NaN,NaN,NaN,LO,NW,B,B,80,1012,NaN,NaN,30,NaN,
2022080418,08e.2022,GEORGETTE,TS,NN,19.0,229.0,30,1010,304,6,304,6,NaN,NaN,NaN,NaN,NaN,NaN,NaN,NaN,NaN,NaN,LO,NW,B,B,80,1012,NaN,NaN,30,NaN,
2022080500,08e.2022,GEORGETTE,TS,NN,19.3,228.3,30,1010,296,7,296,7,NaN,NaN,NaN,NaN,NaN,NaN,NaN,NaN,NaN,NaN,LO,NW,B,B,80,1012,NaN,NaN,30,NaN,
2022080506,08e.2022,GEORGETTE,TS,NN,19.4,227.5,25,1011,286,7,286,7,NaN,NaN,NaN,NaN,NaN,NaN,NaN,NaN,NaN,NaN,LO,NW,B,B,80,1012,NaN,NaN,30,NaN,
2022080512,08e.2022,GEORGETTE,TS,NN,19.5,226.5,25,1011,277,9,277,9,NaN,NaN,NaN,NaN,NaN,NaN,NaN,NaN,NaN,NaN,LO,NW,B,B,80,1012,NaN,NaN,30,NaN,
2022080318,a9e.2022,9X-A9E,TY,NN,9.7,268.0,20,NaN,281,8,281,8,NaN,NaN,NaN,NaN,NaN,NaN,NaN,NaN,NaN,NaN,DB,NW,B,B,120,1011,NaN,NaN,80,NaN,
2022080400,a9e.2022,9X-A9E,TY,NN,9.8,267.2,20,NaN,281,8,281,8,NaN,NaN,NaN,NaN,NaN,NaN,NaN,NaN,NaN,NaN,DB,NW,B,B,120,1011,NaN,NaN,80,NaN,
2022080406,a9e.2022,9X-A9E,TY,NN,10.0,266.5,25,1008,281,8,281,8,NaN,NaN,NaN,NaN,NaN,NaN,NaN,NaN,NaN,NaN,DB,NW,B,B,150,1011,NaN,NaN,80,NaN,
2022080412,a9e.2022,9X-A9E,TY,NN,10.2,265.8,25,1008,286,7,286,7,NaN,NaN,NaN,NaN,NaN,NaN,NaN,NaN,NaN,NaN,DB,NW,B,B,150,1011,NaN,NaN,80,NaN,
2022080418,a9e.2022,9X-A9E,TY,NN,10.6,264.6,30,1007,288,10,288,10,NaN,NaN,NaN,NaN,NaN,NaN,NaN,NaN,NaN,NaN,DB,NW,B,B,150,1011,NaN,S,80,NaN,
2022080500,a9e.2022,9X-A9E,TY,NN,11.1,263.2,30,1007,289,14,289,14,NaN,NaN,NaN,NaN,NaN,NaN,NaN,NaN,NaN,NaN,DB,NW,B,B,150,1011,NaN,S,80,NaN,
2022080506,a9e.2022,9X-A9E,TY,NN,11.8,261.3,30,1007,290,17,290,17,NaN,NaN,NaN,NaN,NaN,NaN,NaN,NaN,NaN,NaN,DB,NW,B,B,150,1011,NaN,NaN,80,NaN,
2022080512,a9e.2022,9X-A9E,TY,NN,12.2,259.6,30,1007,287,18,287,18,NaN,NaN,NaN,NaN,NaN,NaN,NaN,NaN,NaN,NaN,DB,NW,B,B,150,1011,NaN,S,80,NaN,
2022080518,a9e.2022,9X-A9E,TY,NN,12.3,257.4,30,1007,277,19,277,19,NaN,NaN,NaN,NaN,NaN,NaN,NaN,NaN,NaN,NaN,DB,NW,B,B,150,1011,NaN,S,60,NaN,
2022080600,a9e.2022,9X-A9E,TY,NN,12.5,256.6,30,1007,276,15,276,15,NaN,NaN,NaN,NaN,NaN,NaN,NaN,NaN,NaN,NaN,DB,NW,B,B,150,1011,NaN,S,60,NaN,
2022080606,a9e.2022,9X-A9E,TY,NN,13.2,255.6,30,1007,297,10,297,10,NaN,NaN,NaN,NaN,NaN,NaN,NaN,NaN,NaN,NaN,DB,NW,B,B,150,1010,NaN,S,60,NaN,
2022080612,09e.2022,HOWARD,TY,NN,14.0,254.7,30,1006,305,12,309,12,NaN,NaN,NaN,NaN,NaN,NaN,NaN,NaN,NaN,NaN,TD,WN,B,B,180,1010,NaN,S,60,BJR,
2022080618,09e.2022,HOWARD,TY,NN,14.7,253.7,30,1006,305,12,309,12,NaN,NaN,NaN,NaN,NaN,NaN,NaN,NaN,NaN,NaN,TD,WN,B,B,180,1010,NaN,S,60,BJR,
2022080700,09e.2022,HOWARD,TY,NN,15.4,252.6,30,1006,305,12,305,12,NaN,NaN,NaN,NaN,NaN,NaN,NaN,NaN,NaN,NaN,TD,WN,B,B,180,1010,NaN,S,50,ASL,
2022080706,09e.2022,HOWARD,TY,NN,16.0,251.4,30,1006,300,13,300,13,NaN,NaN,NaN,NaN,NaN,NaN,NaN,NaN,NaN,NaN,TD,WN,B,B,180,1010,NaN,S,50,LRB,
2022080712,09e.2022,HOWARD,TY,NN,16.6,250.4,30,1006,300,12,300,12,NaN,NaN,NaN,NaN,NaN,NaN,NaN,NaN,NaN,NaN,TD,WN,B,B,180,1010,NaN,S,50,PPP,
2022080718,09e.2022,HOWARD,TY,NN,17.2,249.6,35,1005,305,11,305,11,40,40,,,,NaN,NaN,NaN,NaN,NaN,TS,WN,B,B,150,1010,NaN,S,40,PPP,
2022080800,09e.2022,HOWARD,TY,NN,18.0,248.7,40,1004,311,11,311,11,40,40,,,,NaN,NaN,NaN,NaN,NaN,TS,WN,B,B,150,1010,NaN,S,40,ASL,
2022080806,09e.2022,HOWARD,TY,NN,18.8,247.8,45,1003,313,12,313,12,30,40,20,,30,NaN,NaN,NaN,NaN,NaN,TS,WN,B,B,150,1011,NaN,M,30,LRB,
2022080812,09e.2022,HOWARD,TY,NN,19.7,246.9,55,999,315,12,315,12,38,50,30,30,40,20,20,,30,20,TS,WN,B,B,150,1011,NaN,M,20,PPP,
2022080818,09e.2022,HOWARD,TY,NN,20.3,246.1,65,991,313,11,313,11,45,50,40,40,50,22,25,25,40,25,HU,WN,B,B,150,1011,NaN,D,15,HSM,
2022080900,09e.2022,HOWARD,TY,NN,20.9,245.2,75,983,307,10,307,10,45,50,40,40,50,22,25,25,40,25,HU,WN,B,B,150,1010,NaN,D,15,JPC,
2022080906,09e.2022,HOWARD,TY,NN,21.4,244.3,75,983,303,10,303,10,45,50,40,40,50,22,25,25,40,25,HU,WN,B,B,150,1010,NaN,D,15,LRB,
2022080912,09e.2022,HOWARD,TY,NN,21.9,243.5,70,986,302,9,302,9,45,50,40,40,50,22,25,25,40,25,HU,WN,B,B,120,1010,NaN,D,15,RJP,
2022080918,09e.2022,HOWARD,TY,NN,22.4,242.7,65,989,304,9,304,9,45,50,40,40,50,22,25,25,40,25,HU,WN,B,B,120,1012,NaN,D,15,RJP,
2022081000,09e.2022,HOWARD,TY,NN,22.9,242.0,60,992,306,9,306,9,45,50,40,40,50,22,25,25,40,25,TS,WN,B,B,120,1010,NaN,D,15,JPC,
2022081006,09e.2022,HOWARD,TY,NN,23.3,241.2,55,995,303,8,303,8,42,50,40,30,50,23,25,20,30,25,TS,WN,B,B,120,1010,NaN,D,15,LRB,
2022081012,09e.2022,HOWARD,TY,NN,23.6,240.2,50,999,293,9,293,9,42,50,40,30,50,20,20,,30,20,TS,WN,B,B,130,1012,NaN,M,20,DAZ,
2022081018,09e.2022,HOWARD,TY,NN,23.8,239.1,45,1004,285,10,285,10,47,50,40,,50,NaN,NaN,NaN,NaN,NaN,TS,WN,B,B,100,1014,NaN,S,20,DAZ,
2022081100,09e.2022,HOWARD,TY,NN,24.0,238.1,40,1006,282,10,282,10,40,40,,,40,NaN,NaN,NaN,NaN,NaN,LO,WN,B,B,160,1015,NaN,S,20,RJB,
2022081106,09e.2022,HOWARD,TY,NN,24.0,237.0,35,1006,276,10,276,10,30,30,,,30,NaN,NaN,NaN,NaN,NaN,LO,NW,B,B,160,1015,NaN,NaN,20,NaN,
2022081112,09e.2022,HOWARD,TY,NN,24.1,236.0,30,1007,273,10,273,10,NaN,NaN,NaN,NaN,NaN,NaN,NaN,NaN,NaN,NaN,LO,NW,B,B,160,1015,NaN,NaN,20,NaN,
2022081118,09e.2022,HOWARD,TY,NN,24.2,235.2,30,1007,277,8,277,8,NaN,NaN,NaN,NaN,NaN,NaN,NaN,NaN,NaN,NaN,LO,NW,B,B,160,1015,NaN,NaN,20,NaN,
2022081200,09e.2022,HOWARD,TY,NN,24.2,234.3,25,1009,274,8,274,8,NaN,NaN,NaN,NaN,NaN,NaN,NaN,NaN,NaN,NaN,LO,NW,B,B,120,1015,NaN,NaN,30,NaN,
2022081206,09e.2022,HOWARD,TY,NN,24.1,233.5,25,1009,266,8,266,8,NaN,NaN,NaN,NaN,NaN,NaN,NaN,NaN,NaN,NaN,LO,NW,B,B,120,1015,NaN,NaN,30,NaN,
2022081212,09e.2022,HOWARD,TY,NN,23.8,232.7,25,1011,255,8,255,8,NaN,NaN,NaN,NaN,NaN,NaN,NaN,NaN,NaN,NaN,LO,NW,B,B,120,1015,NaN,NaN,30,NaN,
2022081218,09e.2022,HOWARD,TY,NN,23.6,232.0,20,1012,250,7,250,7,NaN,NaN,NaN,NaN,NaN,NaN,NaN,NaN,NaN,NaN,LO,NW,B,B,120,1015,NaN,NaN,30,NaN,
2022081300,09e.2022,HOWARD,TY,NN,23.4,231.2,20,1014,254,7,254,7,NaN,NaN,NaN,NaN,NaN,NaN,NaN,NaN,NaN,NaN,LO,NW,B,B,120,1015,NaN,NaN,30,NaN,
2022080918,b0e.2022,9X-B0E,TS,NN,12.0,262.0,20,1011,270,10,270,10,NaN,NaN,NaN,NaN,NaN,NaN,NaN,NaN,NaN,NaN,DB,NW,B,B,150,1013,NaN,NaN,90,NaN,
2022081000,b0e.2022,9X-B0E,TS,NN,12.0,261.1,15,1011,270,10,270,10,NaN,NaN,NaN,NaN,NaN,NaN,NaN,NaN,NaN,NaN,DB,NW,B,B,150,1013,NaN,NaN,90,NaN,
2022081006,b0e.2022,9X-B0E,TS,NN,12.0,260.0,15,1011,270,10,270,10,NaN,NaN,NaN,NaN,NaN,NaN,NaN,NaN,NaN,NaN,DB,NW,B,B,150,1013,NaN,NaN,90,NaN,
2022081012,b0e.2022,9X-B0E,TS,NN,12.0,259.0,15,1011,270,10,270,10,NaN,NaN,NaN,NaN,NaN,NaN,NaN,NaN,NaN,NaN,DB,NW,B,B,150,1013,NaN,NaN,90,NaN,
2022081018,b0e.2022,9X-B0E,TS,NN,12.1,258.1,20,1011,273,9,273,9,NaN,NaN,NaN,NaN,NaN,NaN,NaN,NaN,NaN,NaN,DB,NW,B,B,150,1013,NaN,S,90,NaN,
2022081100,b0e.2022,9X-B0E,TS,NN,12.5,257.1,25,1010,285,10,285,10,NaN,NaN,NaN,NaN,NaN,NaN,NaN,NaN,NaN,NaN,DB,NW,B,B,150,1013,NaN,S,90,NaN,
2022081106,b0e.2022,9X-B0E,TS,NN,13.0,255.9,25,1010,293,12,293,12,NaN,NaN,NaN,NaN,NaN,NaN,NaN,NaN,NaN,NaN,DB,NW,B,B,180,1013,NaN,S,90,NaN,
2022081112,b0e.2022,9X-B0E,TS,NN,13.5,254.8,20,1010,294,12,294,12,NaN,NaN,NaN,NaN,NaN,NaN,NaN,NaN,NaN,NaN,DB,NW,B,B,200,1012,NaN,S,90,NaN,
2022081118,b0e.2022,9X-B0E,TS,NN,13.8,254.2,25,1009,296,9,296,9,NaN,NaN,NaN,NaN,NaN,NaN,NaN,NaN,NaN,NaN,LO,NW,B,B,200,1012,NaN,S,70,NaN,
2022081200,b0e.2022,9X-B0E,TS,NN,14.2,253.7,25,1009,303,6,303,6,NaN,NaN,NaN,NaN,NaN,NaN,NaN,NaN,NaN,NaN,LO,NW,B,B,200,1011,NaN,S,70,NaN,
2022081206,b0e.2022,9X-B0E,TS,NN,14.7,253.1,25,1009,310,7,310,7,NaN,NaN,NaN,NaN,NaN,NaN,NaN,NaN,NaN,NaN,LO,NW,B,B,200,1011,NaN,S,70,NaN,
2022081212,b0e.2022,9X-B0E,TS,NN,15.4,253.3,25,1009,307,11,342,6,NaN,NaN,NaN,NaN,NaN,NaN,NaN,NaN,NaN,NaN,LO,NW,B,B,200,1011,NaN,NaN,70,NaN,
2022081218,b0e.2022,9X-B0E,TS,NN,16.0,252.4,25,1009,307,11,333,7,NaN,NaN,NaN,NaN,NaN,NaN,NaN,NaN,NaN,NaN,LO,NW,B,B,200,1011,NaN,S,70,NaN,
2022081300,b0e.2022,9X-B0E,TS,NN,16.7,251.5,25,1009,307,11,307,11,NaN,NaN,NaN,NaN,NaN,NaN,NaN,NaN,NaN,NaN,LO,NW,B,B,180,1011,NaN,S,70,NaN,
2022081306,b0e.2022,9X-B0E,TS,NN,17.3,250.6,25,1009,307,11,307,11,NaN,NaN,NaN,NaN,NaN,NaN,NaN,NaN,NaN,NaN,LO,NW,B,B,180,1011,NaN,S,70,NaN,
2022081312,b0e.2022,9X-B0E,TS,NN,17.7,249.7,30,1008,300,10,300,10,NaN,NaN,NaN,NaN,NaN,NaN,NaN,NaN,NaN,NaN,TD,NW,B,B,120,1011,NaN,S,50,NaN,
2022081318,10e.2022,IVETTE,TS,NN,17.9,248.9,30,1007,290,9,290,9,NaN,NaN,NaN,NaN,NaN,NaN,NaN,NaN,NaN,NaN,TD,WN,B,B,120,1011,NaN,S,50,LRB,
2022081400,10e.2022,IVETTE,TS,NN,18.1,248.1,30,1007,285,8,285,8,NaN,NaN,NaN,NaN,NaN,NaN,NaN,NaN,NaN,NaN,TD,WN,B,B,120,1011,NaN,S,50,BJR,
2022081406,10e.2022,IVETTE,TS,NN,18.2,247.6,30,1007,284,6,284,6,NaN,NaN,NaN,NaN,NaN,NaN,NaN,NaN,NaN,NaN,TD,WN,B,B,120,1011,NaN,S,50,ASL,
2022081412,10e.2022,IVETTE,TS,NN,18.2,247.1,30,1007,276,5,276,5,NaN,NaN,NaN,NaN,NaN,NaN,NaN,NaN,NaN,NaN,TD,WN,B,B,120,1011,NaN,S,50,DPB,
2022081418,10e.2022,IVETTE,TS,NN,18.1,246.9,30,1007,261,3,261,3,NaN,NaN,NaN,NaN,NaN,NaN,NaN,NaN,NaN,NaN,TD,WN,B,B,120,1012,NaN,S,50,DPB,
2022081500,10e.2022,IVETTE,TS,NN,18.0,246.7,30,1007,242,2,242,2,NaN,NaN,NaN,NaN,NaN,NaN,NaN,NaN,NaN,NaN,TD,WN,B,B,120,1012,NaN,S,40,PPP,
2022081506,10e.2022,IVETTE,TS,NN,17.9,246.6,30,1007,235,2,235,2,NaN,NaN,NaN,NaN,NaN,NaN,NaN,NaN,NaN,NaN,TD,WN,B,B,120,1012,NaN,S,40,JPC,
2022081512,10e.2022,IVETTE,TS,NN,17.8,246.5,35,1005,224,1,224,1,80,,,,80,NaN,NaN,NaN,NaN,NaN,TS,WN,B,B,120,1012,NaN,S,40,DPB,
2022081518,10e.2022,IVETTE,TS,NN,17.7,246.3,35,1005,235,2,235,2,80,,,,80,NaN,NaN,NaN,NaN,NaN,TS,WN,B,B,120,1011,NaN,S,40,DPB,
2022081600,10e.2022,IVETTE,TS,NN,17.6,246.1,30,1006,242,2,242,2,NaN,NaN,NaN,NaN,NaN,NaN,NaN,NaN,NaN,NaN,TD,WN,B,B,140,1011,NaN,S,50,PPP,
2022081606,10e.2022,IVETTE,TS,NN,17.4,245.8,30,1006,238,3,238,3,NaN,NaN,NaN,NaN,NaN,NaN,NaN,NaN,NaN,NaN,TD,WN,B,B,130,1009,NaN,S,60,RJB,
2022081612,10e.2022,IVETTE,TS,NN,17.2,245.5,30,1006,235,3,235,3,NaN,NaN,NaN,NaN,NaN,NaN,NaN,NaN,NaN,NaN,TD,WN,B,B,180,1008,NaN,S,60,DPB,
2022081618,10e.2022,IVETTE,TS,NN,17.2,245.2,25,1007,251,3,251,3,NaN,NaN,NaN,NaN,NaN,NaN,NaN,NaN,NaN,NaN,LO,WN,B,B,200,1010,NaN,S,60,LRB,
2022081700,10e.2022,IVETTE,TS,NN,17.3,244.7,25,1007,277,4,277,4,NaN,NaN,NaN,NaN,NaN,NaN,NaN,NaN,NaN,NaN,LO,NW,B,B,175,1010,NaN,NaN,60,NaN,
2022081706,10e.2022,IVETTE,TS,NN,17.5,244.3,25,1007,289,5,289,5,NaN,NaN,NaN,NaN,NaN,NaN,NaN,NaN,NaN,NaN,LO,NW,B,B,200,1010,NaN,NaN,60,NaN,
2022081712,10e.2022,IVETTE,TS,NN,17.7,243.8,25,1007,295,5,295,5,NaN,NaN,NaN,NaN,NaN,NaN,NaN,NaN,NaN,NaN,LO,NW,B,B,150,1008,NaN,NaN,60,NaN,
2022081718,10e.2022,IVETTE,TS,NN,17.9,243.3,20,1008,293,5,293,5,NaN,NaN,NaN,NaN,NaN,NaN,NaN,NaN,NaN,NaN,LO,NW,B,B,150,1011,NaN,NaN,60,NaN,
2022081800,10e.2022,IVETTE,TS,NN,18.1,242.9,20,1008,295,5,295,5,NaN,NaN,NaN,NaN,NaN,NaN,NaN,NaN,NaN,NaN,LO,NW,B,B,140,1011,NaN,S,60,NaN,
2022081806,10e.2022,IVETTE,TS,NN,18.4,242.4,20,1008,300,5,300,5,NaN,NaN,NaN,NaN,NaN,NaN,NaN,NaN,NaN,NaN,LO,NW,B,B,140,1011,NaN,NaN,60,NaN,
2022081812,10e.2022,IVETTE,TS,NN,18.5,241.8,20,1008,291,6,291,6,NaN,NaN,NaN,NaN,NaN,NaN,NaN,NaN,NaN,NaN,LO,NW,B,B,120,1010,NaN,NaN,60,NaN,
2022081818,10e.2022,IVETTE,TS,NN,18.4,241.2,20,1009,270,6,270,6,NaN,NaN,NaN,NaN,NaN,NaN,NaN,NaN,NaN,NaN,LO,NW,B,B,120,1012,NaN,NaN,60,NaN,
2022081900,10e.2022,IVETTE,TS,NN,18.2,240.7,20,1009,254,5,254,5,NaN,NaN,NaN,NaN,NaN,NaN,NaN,NaN,NaN,NaN,LO,NW,B,B,120,1012,NaN,NaN,60,NaN,
2022081906,10e.2022,IVETTE,TS,NN,17.9,240.3,20,1009,240,5,240,5,NaN,NaN,NaN,NaN,NaN,NaN,NaN,NaN,NaN,NaN,LO,NW,B,B,120,1012,NaN,NaN,60,NaN,
2022081912,10e.2022,IVETTE,TS,NN,17.6,240.0,20,1009,228,4,228,4,NaN,NaN,NaN,NaN,NaN,NaN,NaN,NaN,NaN,NaN,LO,NW,B,B,120,1012,NaN,NaN,60,NaN,
2022081918,10e.2022,IVETTE,TS,NN,17.2,239.5,20,1009,227,5,227,5,NaN,NaN,NaN,NaN,NaN,NaN,NaN,NaN,NaN,NaN,LO,NW,B,B,120,1012,NaN,NaN,60,NaN,
2022082000,10e.2022,IVETTE,TS,NN,16.9,239.0,20,1009,234,6,234,6,NaN,NaN,NaN,NaN,NaN,NaN,NaN,NaN,NaN,NaN,LO,NW,B,B,120,1012,NaN,NaN,60,NaN,
2022082006,10e.2022,IVETTE,TS,NN,16.6,238.5,20,1009,238,6,238,6,NaN,NaN,NaN,NaN,NaN,NaN,NaN,NaN,NaN,NaN,LO,NW,B,B,120,1012,NaN,NaN,60,NaN,
2022082012,10e.2022,IVETTE,TS,NN,16.4,237.8,25,1008,246,6,246,6,NaN,NaN,NaN,NaN,NaN,NaN,NaN,NaN,NaN,NaN,LO,NW,B,B,120,1012,NaN,S,60,NaN,
2022082018,10e.2022,IVETTE,TS,NN,16.4,237.1,25,1008,262,7,262,7,NaN,NaN,NaN,NaN,NaN,NaN,NaN,NaN,NaN,NaN,LO,NW,B,B,120,1012,NaN,S,60,NaN,
2022082100,10e.2022,IVETTE,TS,NN,16.6,236.3,25,1008,278,7,278,7,NaN,NaN,NaN,NaN,NaN,NaN,NaN,NaN,NaN,NaN,LO,NW,B,B,120,1012,NaN,S,60,NaN,
2022082106,10e.2022,IVETTE,TS,NN,16.9,235.4,25,1008,287,9,287,9,NaN,NaN,NaN,NaN,NaN,NaN,NaN,NaN,NaN,NaN,LO,NW,B,B,120,1012,NaN,NaN,60,NaN,
2022082112,10e.2022,IVETTE,TS,NN,17.0,234.4,25,1008,282,9,282,9,NaN,NaN,NaN,NaN,NaN,NaN,NaN,NaN,NaN,NaN,LO,NW,B,B,120,1012,NaN,S,60,NaN,
2022082118,10e.2022,IVETTE,TS,NN,17.1,233.3,25,1008,276,10,276,10,NaN,NaN,NaN,NaN,NaN,NaN,NaN,NaN,NaN,NaN,LO,NW,B,B,120,1012,NaN,S,60,NaN,
2022082200,10e.2022,IVETTE,TS,NN,17.2,232.2,25,1010,275,11,275,11,NaN,NaN,NaN,NaN,NaN,NaN,NaN,NaN,NaN,NaN,LO,NW,B,B,120,1012,NaN,NaN,60,NaN,
2022082206,10e.2022,IVETTE,TS,NN,17.2,231.1,25,1010,273,11,273,11,NaN,NaN,NaN,NaN,NaN,NaN,NaN,NaN,NaN,NaN,LO,NW,B,B,120,1012,NaN,NaN,60,NaN,
2022082212,10e.2022,IVETTE,TS,NN,17.2,230.0,25,1010,270,11,270,11,NaN,NaN,NaN,NaN,NaN,NaN,NaN,NaN,NaN,NaN,LO,NW,B,B,120,1012,NaN,NaN,60,NaN,
2022082218,10e.2022,IVETTE,TS,NN,17.1,228.9,20,1011,267,11,267,11,NaN,NaN,NaN,NaN,NaN,NaN,NaN,NaN,NaN,NaN,LO,NW,B,B,120,1012,NaN,NaN,60,NaN,
2022083006,b2e.2022,9X-B2E,TS,NN,12.9,259.7,20,1008,284,13,284,13,NaN,NaN,NaN,NaN,NaN,NaN,NaN,NaN,NaN,NaN,DB,NW,B,B,NaN,NaN,NaN,NaN,NaN,NaN,
2022083012,b2e.2022,9X-B2E,TS,NN,13.2,258.5,20,1008,284,13,284,13,NaN,NaN,NaN,NaN,NaN,NaN,NaN,NaN,NaN,NaN,DB,NW,B,B,NaN,NaN,NaN,NaN,NaN,NaN,
2022083018,b2e.2022,9X-B2E,TS,NN,13.5,257.2,20,1007,284,13,284,13,NaN,NaN,NaN,NaN,NaN,NaN,NaN,NaN,NaN,NaN,DB,NW,B,B,NaN,NaN,NaN,NaN,NaN,NaN,
2022083100,b2e.2022,9X-B2E,TS,NN,13.8,255.9,20,1007,283,13,283,13,NaN,NaN,NaN,NaN,NaN,NaN,NaN,NaN,NaN,NaN,DB,NW,B,B,150,1008,NaN,S,90,NaN,
2022083106,b2e.2022,9X-B2E,TS,NN,14.6,255.0,20,1007,297,12,297,12,NaN,NaN,NaN,NaN,NaN,NaN,NaN,NaN,NaN,NaN,DB,NW,B,B,150,1008,NaN,S,90,NaN,
2022083112,b2e.2022,9X-B2E,TS,NN,15.3,254.0,30,1007,305,12,309,12,NaN,NaN,NaN,NaN,NaN,NaN,NaN,NaN,NaN,NaN,LO,NW,B,B,150,1008,NaN,S,90,NaN,
2022083118,b2e.2022,9X-B2E,TS,NN,16.0,253.0,30,1007,305,12,306,12,NaN,NaN,NaN,NaN,NaN,NaN,NaN,NaN,NaN,NaN,LO,NW,B,B,150,1009,NaN,S,90,NaN,
2022090100,b2e.2022,9X-B2E,TS,NN,16.7,251.9,30,1006,305,12,305,12,NaN,NaN,NaN,NaN,NaN,NaN,NaN,NaN,NaN,NaN,LO,NW,B,B,180,1008,NaN,S,90,NaN,
2022090106,b2e.2022,9X-B2E,TS,NN,17.4,250.8,30,1005,304,13,304,13,NaN,NaN,NaN,NaN,NaN,NaN,NaN,NaN,NaN,NaN,LO,NW,B,B,210,1008,NaN,S,100,NaN,
2022090112,b2e.2022,9X-B2E,TS,NN,17.9,250.2,30,1004,306,10,306,10,NaN,NaN,NaN,NaN,NaN,NaN,NaN,NaN,NaN,NaN,LO,NW,B,B,240,1008,NaN,S,100,NaN,
2022090118,11e.2022,JAVIER,TS,NN,18.5,249.5,30,1003,312,8,312,8,NaN,NaN,NaN,NaN,NaN,NaN,NaN,NaN,NaN,NaN,TD,WN,B,B,240,1007,NaN,S,100,JPC,
2022090200,11e.2022,JAVIER,TS,NN,19.0,248.9,30,1002,312,8,312,8,NaN,NaN,NaN,NaN,NaN,NaN,NaN,NaN,NaN,NaN,TD,WN,B,B,240,1006,NaN,S,90,RJB,
2022090206,11e.2022,JAVIER,TS,NN,19.6,248.4,35,1000,317,8,317,8,48,50,70,40,30,NaN,NaN,NaN,NaN,NaN,TS,WN,B,B,240,1006,NaN,S,70,NaN,
2022090212,11e.2022,JAVIER,TS,NN,20.3,248.0,40,1000,327,8,327,8,48,50,70,40,30,NaN,NaN,NaN,NaN,NaN,TS,WN,B,B,270,1006,NaN,M,70,LRB,
2022090218,11e.2022,JAVIER,TS,NN,21.3,247.6,40,1000,336,9,336,9,52,50,70,50,40,NaN,NaN,NaN,NaN,NaN,TS,WN,B,B,300,1007,NaN,M,60,LRB,
2022090300,11e.2022,JAVIER,TS,NN,22.5,247.2,45,999,341,12,341,12,58,60,80,50,40,NaN,NaN,NaN,NaN,NaN,TS,WN,B,B,300,1007,NaN,M,60,DAZ,
2022090306,11e.2022,JAVIER,TS,NN,23.6,246.4,45,999,334,13,334,13,62,80,80,50,40,NaN,NaN,NaN,NaN,NaN,TS,WN,B,B,300,1008,NaN,M,60,DPR,
2022090312,11e.2022,JAVIER,TS,NN,24.6,245.6,45,999,325,13,325,13,62,80,80,50,40,NaN,NaN,NaN,NaN,NaN,TS,WN,B,B,300,1008,NaN,M,60,LRB,
2022090318,11e.2022,JAVIER,TS,NN,25.4,244.5,40,1000,316,12,316,12,65,70,,,60,NaN,NaN,NaN,NaN,NaN,LO,WN,B,B,270,1009,NaN,M,60,LRB,
2022090400,11e.2022,JAVIER,TS,NN,26.3,243.4,35,1001,311,13,311,13,65,70,,,60,NaN,NaN,NaN,NaN,NaN,LO,WN,B,B,240,1007,NaN,S,60,DAZ,
2022090406,11e.2022,JAVIER,TS,NN,27.0,242.1,30,1002,307,13,307,13,NaN,NaN,NaN,NaN,NaN,NaN,NaN,NaN,NaN,NaN,LO,WN,B,B,240,1009,NaN,S,60,DPR,
2022090412,11e.2022,JAVIER,TS,NN,27.3,240.8,30,1004,293,13,293,13,NaN,NaN,NaN,NaN,NaN,NaN,NaN,NaN,NaN,NaN,LO,NW,B,B,210,1009,NaN,NaN,60,NaN,
2022090418,11e.2022,JAVIER,TS,NN,27.5,239.6,25,1006,283,11,283,11,NaN,NaN,NaN,NaN,NaN,NaN,NaN,NaN,NaN,NaN,LO,NW,B,B,180,1009,NaN,NaN,50,NaN,
2022090500,11e.2022,JAVIER,TS,NN,27.7,238.4,25,1006,281,11,281,11,NaN,NaN,NaN,NaN,NaN,NaN,NaN,NaN,NaN,NaN,LO,NW,B,B,180,1008,NaN,NaN,50,NaN,
2022090506,11e.2022,JAVIER,TS,NN,27.7,237.2,20,1007,275,11,275,11,NaN,NaN,NaN,NaN,NaN,NaN,NaN,NaN,NaN,NaN,LO,NW,B,B,180,1009,NaN,NaN,50,NaN,
2022090512,11e.2022,JAVIER,TS,NN,27.7,236.1,20,1007,270,10,270,10,NaN,NaN,NaN,NaN,NaN,NaN,NaN,NaN,NaN,NaN,LO,NW,B,B,180,1008,NaN,NaN,50,NaN,
2022090518,11e.2022,JAVIER,TS,NN,27.7,234.9,20,1007,270,10,270,10,NaN,NaN,NaN,NaN,NaN,NaN,NaN,NaN,NaN,NaN,LO,NW,B,B,180,1009,NaN,NaN,50,NaN,
2022090600,11e.2022,JAVIER,TS,NN,27.6,233.8,20,1007,267,10,267,10,NaN,NaN,NaN,NaN,NaN,NaN,NaN,NaN,NaN,NaN,LO,NW,B,B,180,1008,NaN,NaN,50,NaN,
2022090606,11e.2022,JAVIER,TS,NN,27.5,232.7,20,1007,264,10,264,10,NaN,NaN,NaN,NaN,NaN,NaN,NaN,NaN,NaN,NaN,LO,NW,B,B,150,1009,NaN,NaN,50,NaN,
2022090612,11e.2022,JAVIER,TS,NN,27.5,231.6,20,1007,267,10,267,10,NaN,NaN,NaN,NaN,NaN,NaN,NaN,NaN,NaN,NaN,LO,NW,B,B,150,1008,NaN,NaN,50,NaN,
2022090618,11e.2022,JAVIER,TS,NN,27.5,230.5,20,1008,270,10,270,10,NaN,NaN,NaN,NaN,NaN,NaN,NaN,NaN,NaN,NaN,LO,NW,B,B,150,1010,NaN,NaN,50,NaN,
2022090700,11e.2022,JAVIER,TS,NN,27.4,229.4,20,1009,267,10,267,10,NaN,NaN,NaN,NaN,NaN,NaN,NaN,NaN,NaN,NaN,LO,NW,B,B,150,1011,NaN,NaN,50,NaN,
2022090100,b3e.2022,9X-B3E,TY,NN,15.5,266.5,15,NaN,197,7,197,7,NaN,NaN,NaN,NaN,NaN,NaN,NaN,NaN,NaN,NaN,DB,NW,B,B,NaN,NaN,0.28,NaN,NaN,NaN,
2022090106,b3e.2022,9X-B3E,TY,NN,14.9,266.4,15,NaN,197,7,197,7,NaN,NaN,NaN,NaN,NaN,NaN,NaN,NaN,NaN,NaN,DB,NW,B,B,NaN,NaN,0.02,NaN,NaN,NaN,
2022090112,b3e.2022,9X-B3E,TY,NN,14.2,266.1,20,1008,197,7,197,7,NaN,NaN,NaN,NaN,NaN,NaN,NaN,NaN,NaN,NaN,DB,NW,B,B,NaN,NaN,NaN,NaN,NaN,NaN,
2022090118,b3e.2022,9X-B3E,TY,NN,13.5,265.8,20,1008,203,8,203,8,NaN,NaN,NaN,NaN,NaN,NaN,NaN,NaN,NaN,NaN,DB,NW,B,B,NaN,NaN,NaN,NaN,NaN,NaN,
2022090200,b3e.2022,9X-B3E,TY,NN,12.9,265.4,20,1008,208,7,208,7,NaN,NaN,NaN,NaN,NaN,NaN,NaN,NaN,NaN,NaN,DB,NW,B,B,180,1009,NaN,S,60,NaN,
2022090206,b3e.2022,9X-B3E,TY,NN,12.6,264.6,20,1008,232,7,232,7,NaN,NaN,NaN,NaN,NaN,NaN,NaN,NaN,NaN,NaN,DB,NW,B,B,180,1009,NaN,S,60,NaN,
2022090212,b3e.2022,9X-B3E,TY,NN,12.5,264.3,20,1008,250,6,250,6,NaN,NaN,NaN,NaN,NaN,NaN,NaN,NaN,NaN,NaN,DB,NW,B,B,180,1009,NaN,S,60,NaN,
2022090218,b3e.2022,9X-B3E,TY,NN,12.5,264.0,20,1008,260,3,260,3,NaN,NaN,NaN,NaN,NaN,NaN,NaN,NaN,NaN,NaN,DB,NW,B,B,180,1009,NaN,S,60,NaN,
2022090300,b3e.2022,9X-B3E,TY,NN,12.5,263.7,25,1007,270,3,270,3,NaN,NaN,NaN,NaN,NaN,NaN,NaN,NaN,NaN,NaN,DB,NW,B,B,200,1009,NaN,S,60,NaN,
2022090306,b3e.2022,9X-B3E,TY,NN,12.6,263.3,25,1007,278,3,278,3,NaN,NaN,NaN,NaN,NaN,NaN,NaN,NaN,NaN,NaN,DB,NW,B,B,200,1009,NaN,S,60,NaN,
2022090312,b3e.2022,9X-B3E,TY,NN,12.8,262.6,25,1006,286,6,286,6,NaN,NaN,NaN,NaN,NaN,NaN,NaN,NaN,NaN,NaN,DB,NW,B,B,200,1008,NaN,S,60,NaN,
2022090318,b3e.2022,9X-B3E,TY,NN,13.2,261.8,25,1006,292,8,292,8,NaN,NaN,NaN,NaN,NaN,NaN,NaN,NaN,NaN,NaN,DB,NW,B,B,200,1008,NaN,S,60,NaN,
2022090400,b3e.2022,9X-B3E,TY,NN,13.6,261.0,25,1006,297,9,297,9,NaN,NaN,NaN,NaN,NaN,NaN,NaN,NaN,NaN,NaN,DB,NW,B,B,170,1008,NaN,S,60,NaN,
2022090406,b3e.2022,9X-B3E,TY,NN,13.8,260.1,30,1006,290,9,290,9,NaN,NaN,NaN,NaN,NaN,NaN,NaN,NaN,NaN,NaN,DB,NW,B,B,180,1009,NaN,S,60,NaN,
2022090412,12e.2022,KAY,TY,NN,14.1,259.1,30,1005,297,13,285,10,NaN,NaN,NaN,NaN,NaN,NaN,NaN,NaN,NaN,NaN,TD,WN,B,B,180,1008,NaN,S,60,JPC,
2022090418,12e.2022,KAY,TY,NN,14.7,258.0,35,1004,297,13,294,11,100,100,,,,NaN,NaN,NaN,NaN,NaN,TS,WN,B,B,180,1007,NaN,S,60,JPC,
2022090500,12e.2022,KAY,TY,NN,15.3,256.7,35,1002,297,13,297,13,93,140,80,,60,NaN,NaN,NaN,NaN,NaN,TS,WN,B,B,180,1006,NaN,S,60,BJR,
2022090506,12e.2022,KAY,TY,NN,15.5,255.2,45,998,286,14,286,14,123,180,100,,90,NaN,NaN,NaN,NaN,NaN,TS,WN,B,B,200,1006,NaN,M,60,DPB,
2022090512,12e.2022,KAY,TY,NN,15.5,254.0,55,990,274,13,274,13,123,180,100,,90,50,50,,,,TS,WN,B,B,200,1006,NaN,M,50,JPC,
2022090518,12e.2022,KAY,TY,NN,15.5,253.1,65,983,270,10,270,10,115,150,130,80,100,50,50,50,80,,HU,WN,B,B,200,1006,NaN,M,25,JPC,
2022090600,12e.2022,KAY,TY,NN,15.9,252.3,70,980,284,8,284,8,115,150,130,80,100,50,50,50,80,,HU,WN,B,B,230,1008,NaN,D,20,BJR,
2022090606,12e.2022,KAY,TY,NN,16.7,251.4,70,980,306,10,306,10,118,150,140,80,100,47,50,50,80,40,HU,WN,B,B,250,1008,NaN,D,20,DPB,
2022090612,12e.2022,KAY,TY,NN,17.6,250.4,75,977,313,12,313,12,118,150,140,80,100,47,50,50,80,40,HU,WN,B,B,250,1008,NaN,D,20,JPC,
2022090618,12e.2022,KAY,TY,NN,18.4,249.4,75,976,312,13,312,13,142,180,140,80,170,55,70,50,80,70,HU,WN,B,B,250,1008,NaN,D,20,JPC,
2022090700,12e.2022,KAY,TY,NN,19.0,248.6,80,971,309,11,309,11,142,180,140,80,170,55,70,50,80,70,HU,WN,B,B,300,1008,NaN,D,20,RJP,
2022090706,12e.2022,KAY,TY,NN,19.8,248.2,80,971,321,9,321,9,148,200,160,80,150,55,70,50,80,70,HU,WN,B,B,300,1010,NaN,D,20,DPB,
2022090712,12e.2022,KAY,TY,NN,20.6,247.7,85,968,332,9,332,9,148,200,160,80,150,60,70,60,80,70,HU,WN,B,B,300,1010,NaN,D,20,JPC,
2022090718,12e.2022,KAY,TY,NN,21.5,247.2,80,971,331,10,331,10,148,200,160,80,150,60,70,60,80,70,HU,WN,B,B,300,1010,NaN,D,20,JLB,
2022090800,12e.2022,KAY,TY,NN,22.6,247.1,75,972,344,10,344,10,152,200,170,100,140,60,70,60,100,70,HU,WN,B,B,300,1009,NaN,D,20,RJP,
2022090806,12e.2022,KAY,TY,NN,23.9,246.8,70,975,351,12,351,12,160,200,180,130,130,52,60,60,130,60,HU,WN,B,B,300,1010,NaN,D,25,DPB,
2022090812,12e.2022,KAY,TY,NN,25.2,246.5,65,979,348,13,348,13,160,200,180,130,130,52,60,60,130,60,HU,WN,B,B,300,1010,NaN,D,25,JLB,
2022090818,12e.2022,KAY,TY,NN,26.6,245.9,60,982,343,14,343,14,152,190,190,100,130,42,60,40,100,40,TS,WN,B,B,300,1010,0.06,D,25,JLB,
2022090900,12e.2022,KAY,TY,NN,27.9,245.4,55,985,340,14,340,14,142,180,180,80,130,42,60,40,80,40,TS,WN,B,B,300,1006,0.34,D,25,RJP,
2022090906,12e.2022,KAY,TY,NN,29.0,244.5,50,987,333,14,333,14,140,170,180,80,130,53,60,40,80,60,TS,WN,B,B,300,1006,0.02,D,30,PPP,
2022090912,12e.2022,KAY,TY,NN,30.0,243.6,40,991,323,13,323,13,140,170,180,80,130,NaN,NaN,NaN,NaN,NaN,TS,WN,B,B,300,1006,NaN,D,30,JLB,
2022090918,12e.2022,KAY,TY,NN,30.8,242.6,35,995,318,12,318,12,105,150,60,,,NaN,NaN,NaN,NaN,NaN,LO,WN,B,B,300,1006,NaN,D,60,JLB,
2022091000,12e.2022,KAY,TY,NN,31.2,241.5,35,996,304,11,304,11,75,90,60,,,NaN,NaN,NaN,NaN,NaN,LO,WN,B,B,300,1006,NaN,D,60,JPC,
2022091006,12e.2022,KAY,TY,NN,31.1,240.5,30,998,279,9,279,9,NaN,NaN,NaN,NaN,NaN,NaN,NaN,NaN,NaN,NaN,LO,NW,B,B,300,1006,NaN,NaN,60,NaN,
2022091012,12e.2022,KAY,TY,NN,30.9,239.8,30,998,258,7,258,7,NaN,NaN,NaN,NaN,NaN,NaN,NaN,NaN,NaN,NaN,LO,NW,B,B,300,1006,NaN,NaN,60,NaN,
2022091018,12e.2022,KAY,TY,NN,30.8,239.3,25,1003,254,5,254,5,NaN,NaN,NaN,NaN,NaN,NaN,NaN,NaN,NaN,NaN,LO,NW,B,B,300,1006,NaN,NaN,60,NaN,
2022091100,12e.2022,KAY,TY,NN,30.7,239.1,25,1003,252,3,252,3,NaN,NaN,NaN,NaN,NaN,NaN,NaN,NaN,NaN,NaN,LO,NW,B,B,300,1006,NaN,NaN,60,NaN,
2022091106,12e.2022,KAY,TY,NN,30.6,239.0,25,1004,232,2,232,2,NaN,NaN,NaN,NaN,NaN,NaN,NaN,NaN,NaN,NaN,LO,NW,B,B,300,1006,NaN,NaN,60,NaN,
2022091112,12e.2022,KAY,TY,NN,30.3,238.7,20,1006,221,3,221,3,NaN,NaN,NaN,NaN,NaN,NaN,NaN,NaN,NaN,NaN,LO,NW,B,B,300,1008,NaN,NaN,60,NaN,
2022091118,12e.2022,KAY,TY,NN,30.0,238.4,20,1007,221,4,221,4,NaN,NaN,NaN,NaN,NaN,NaN,NaN,NaN,NaN,NaN,LO,NW,B,B,300,1006,NaN,NaN,60,NaN,
2022091200,12e.2022,KAY,TY,NN,29.6,238.2,20,1007,212,4,212,4,NaN,NaN,NaN,NaN,NaN,NaN,NaN,NaN,NaN,NaN,LO,NW,B,B,300,1008,NaN,NaN,60,NaN,
2022091206,12e.2022,KAY,TY,NN,29.1,238.1,20,1007,196,5,196,5,NaN,NaN,NaN,NaN,NaN,NaN,NaN,NaN,NaN,NaN,LO,NW,B,B,300,1008,NaN,NaN,60,NaN,
2022091212,12e.2022,KAY,TY,NN,28.5,238.2,15,1008,180,6,180,6,NaN,NaN,NaN,NaN,NaN,NaN,NaN,NaN,NaN,NaN,LO,NW,B,B,300,1008,NaN,NaN,60,NaN,
2022091218,12e.2022,KAY,TY,NN,28.0,238.5,15,1010,162,6,162,6,NaN,NaN,NaN,NaN,NaN,NaN,NaN,NaN,NaN,NaN,LO,NW,B,B,120,1014,NaN,NaN,60,NaN,
2022091300,12e.2022,KAY,TY,NN,27.4,239.1,15,1011,144,7,144,7,NaN,NaN,NaN,NaN,NaN,NaN,NaN,NaN,NaN,NaN,LO,NW,B,B,120,1014,NaN,NaN,60,NaN,
2022091318,b5e.2022,9X-B5E,TS,NN,12.6,264.7,20,NaN,71,2,71,2,NaN,NaN,NaN,NaN,NaN,NaN,NaN,NaN,NaN,NaN,DB,NW,B,B,NaN,NaN,NaN,NaN,NaN,NaN,
2022091400,b5e.2022,9X-B5E,TS,NN,12.6,264.9,20,NaN,71,2,71,2,NaN,NaN,NaN,NaN,NaN,NaN,NaN,NaN,NaN,NaN,DB,NW,B,B,NaN,NaN,NaN,NaN,NaN,NaN,
2022091406,b5e.2022,9X-B5E,TS,NN,12.7,265.0,20,NaN,71,2,71,2,NaN,NaN,NaN,NaN,NaN,NaN,NaN,NaN,NaN,NaN,DB,NW,B,B,NaN,NaN,NaN,NaN,NaN,NaN,
2022091412,b5e.2022,9X-B5E,TS,NN,12.8,264.9,20,NaN,360,1,360,1,NaN,NaN,NaN,NaN,NaN,NaN,NaN,NaN,NaN,NaN,DB,NW,B,B,NaN,NaN,NaN,NaN,NaN,NaN,
2022091418,b5e.2022,9X-B5E,TS,NN,12.8,264.7,20,1009,289,2,289,2,NaN,NaN,NaN,NaN,NaN,NaN,NaN,NaN,NaN,NaN,DB,NW,B,B,150,1010,NaN,S,70,NaN,
2022091500,b5e.2022,9X-B5E,TS,NN,12.8,264.4,20,1009,270,2,270,2,NaN,NaN,NaN,NaN,NaN,NaN,NaN,NaN,NaN,NaN,DB,NW,B,B,150,1010,NaN,S,70,NaN,
2022091506,b5e.2022,9X-B5E,TS,NN,12.5,264.1,20,1009,243,3,243,3,NaN,NaN,NaN,NaN,NaN,NaN,NaN,NaN,NaN,NaN,DB,NW,B,B,140,1010,NaN,S,70,NaN,
2022091512,b5e.2022,9X-B5E,TS,NN,12.4,264.9,25,1008,360,2,129,3,NaN,NaN,NaN,NaN,NaN,NaN,NaN,NaN,NaN,NaN,LO,NW,B,B,120,1009,NaN,S,50,NaN,
2022091518,13e.2022,LESTER,TS,NN,12.6,265.0,30,1007,360,2,84,4,NaN,NaN,NaN,NaN,NaN,NaN,NaN,NaN,NaN,NaN,TD,WN,B,B,120,1010,NaN,S,50,DPB,
2022091600,13e.2022,LESTER,TS,NN,12.8,264.9,30,1006,360,2,360,2,NaN,NaN,NaN,NaN,NaN,NaN,NaN,NaN,NaN,NaN,TD,WN,B,B,120,1010,NaN,S,40,JLB,
2022091606,13e.2022,LESTER,TS,NN,13.1,264.6,35,1005,322,3,322,3,45,,40,50,,NaN,NaN,NaN,NaN,NaN,TS,WN,B,B,110,1010,NaN,S,30,LRB,
2022091612,13e.2022,LESTER,TS,NN,13.5,263.9,35,1005,306,6,306,6,45,,40,50,,NaN,NaN,NaN,NaN,NaN,TS,WN,B,B,110,1010,NaN,S,30,ASL,
2022091618,13e.2022,LESTER,TS,NN,14.0,263.2,35,1005,303,8,303,8,38,30,20,40,60,NaN,NaN,NaN,NaN,NaN,TS,WN,B,B,110,1010,NaN,S,30,ASL,
2022091700,13e.2022,LESTER,TS,NN,14.4,262.7,35,1005,308,7,308,7,30,20,20,40,40,NaN,NaN,NaN,NaN,NaN,TS,WN,B,B,110,1010,NaN,S,30,JLB,
2022091706,13e.2022,LESTER,TS,NN,15.1,262.6,35,1005,332,6,332,6,25,,,30,20,NaN,NaN,NaN,NaN,NaN,TS,WN,B,B,100,1009,NaN,S,30,LRB,
2022091712,13e.2022,LESTER,TS,NN,15.8,263.0,30,1006,12,7,12,7,NaN,NaN,NaN,NaN,NaN,NaN,NaN,NaN,NaN,NaN,TD,WN,B,B,80,1008,0.69,S,40,DAZ,
2022091718,13e.2022,LESTER,TS,NN,16.5,261.5,25,1010,348,7,323,9,NaN,NaN,NaN,NaN,NaN,NaN,NaN,NaN,NaN,NaN,DB,WN,B,B,60,1011,0.67,S,40,DAZ,
2022091112,b4e.2022,9X-B4E,TS,NN,15.8,255.8,20,1008,266,7,266,7,NaN,NaN,NaN,NaN,NaN,NaN,NaN,NaN,NaN,NaN,LO,NW,B,B,90,1010,NaN,NaN,30,NaN,
2022091118,b4e.2022,9X-B4E,TS,NN,15.8,255.1,20,1008,266,7,266,7,NaN,NaN,NaN,NaN,NaN,NaN,NaN,NaN,NaN,NaN,LO,NW,B,B,90,1010,NaN,NaN,30,NaN,
2022091200,b4e.2022,9X-B4E,TS,NN,15.7,254.4,20,1008,266,7,266,7,NaN,NaN,NaN,NaN,NaN,NaN,NaN,NaN,NaN,NaN,LO,NW,B,B,90,1010,NaN,NaN,30,NaN,
2022091206,b4e.2022,9X-B4E,TS,NN,15.7,253.8,25,1007,265,6,265,6,NaN,NaN,NaN,NaN,NaN,NaN,NaN,NaN,NaN,NaN,LO,NW,B,B,90,1010,NaN,NaN,30,NaN,
2022091212,b4e.2022,9X-B4E,TS,NN,15.7,253.2,25,1007,270,6,270,6,NaN,NaN,NaN,NaN,NaN,NaN,NaN,NaN,NaN,NaN,LO,NW,B,B,90,1010,NaN,S,30,NaN,
2022091218,b4e.2022,9X-B4E,TS,NN,15.7,252.6,25,1007,270,6,270,6,NaN,NaN,NaN,NaN,NaN,NaN,NaN,NaN,NaN,NaN,LO,NW,B,B,90,1012,NaN,S,30,NaN,
2022091300,b4e.2022,9X-B4E,TS,NN,15.7,252.2,25,1007,270,5,270,5,NaN,NaN,NaN,NaN,NaN,NaN,NaN,NaN,NaN,NaN,LO,NW,B,B,90,1012,NaN,S,30,NaN,
2022091306,b4e.2022,9X-B4E,TS,NN,15.8,251.9,20,1008,278,3,278,3,NaN,NaN,NaN,NaN,NaN,NaN,NaN,NaN,NaN,NaN,LO,NW,B,B,120,1012,NaN,S,40,NaN,
2022091312,b4e.2022,9X-B4E,TS,NN,15.9,251.7,20,1008,293,3,293,3,NaN,NaN,NaN,NaN,NaN,NaN,NaN,NaN,NaN,NaN,LO,NW,B,B,120,1010,NaN,S,40,NaN,
2022091318,b4e.2022,9X-B4E,TS,NN,16.0,251.5,20,1008,297,2,297,2,NaN,NaN,NaN,NaN,NaN,NaN,NaN,NaN,NaN,NaN,LO,NW,B,B,120,1010,NaN,S,40,NaN,
2022091400,b4e.2022,9X-B4E,TS,NN,16.0,251.4,20,1008,289,2,289,2,NaN,NaN,NaN,NaN,NaN,NaN,NaN,NaN,NaN,NaN,LO,NW,B,B,120,1010,NaN,S,50,NaN,
2022091406,b4e.2022,9X-B4E,TS,NN,16.0,251.4,20,1008,270,0,270,0,NaN,NaN,NaN,NaN,NaN,NaN,NaN,NaN,NaN,NaN,LO,NW,B,B,120,1010,NaN,S,50,NaN,
2022091412,b4e.2022,9X-B4E,TS,NN,15.7,251.6,25,1007,147,2,147,2,NaN,NaN,NaN,NaN,NaN,NaN,NaN,NaN,NaN,NaN,LO,NW,B,B,120,1009,NaN,S,60,NaN,
2022091418,b4e.2022,9X-B4E,TS,NN,15.5,251.9,25,1007,136,3,136,3,NaN,NaN,NaN,NaN,NaN,NaN,NaN,NaN,NaN,NaN,LO,NW,B,B,120,1009,NaN,S,60,NaN,
2022091500,b4e.2022,9X-B4E,TS,NN,15.3,252.3,25,1007,121,4,121,4,NaN,NaN,NaN,NaN,NaN,NaN,NaN,NaN,NaN,NaN,LO,NW,B,B,120,1009,NaN,S,60,NaN,
2022091506,b4e.2022,9X-B4E,TS,NN,15.2,252.7,25,1007,111,4,111,4,NaN,NaN,NaN,NaN,NaN,NaN,NaN,NaN,NaN,NaN,LO,NW,B,B,120,1009,NaN,S,90,NaN,
2022091512,b4e.2022,9X-B4E,TS,NN,15.2,253.1,25,1007,97,4,97,4,NaN,NaN,NaN,NaN,NaN,NaN,NaN,NaN,NaN,NaN,LO,NW,B,B,200,1009,NaN,S,90,NaN,
2022091518,b4e.2022,9X-B4E,TS,NN,15.1,253.2,25,1007,102,2,102,2,NaN,NaN,NaN,NaN,NaN,NaN,NaN,NaN,NaN,NaN,LO,NW,B,B,200,1010,NaN,S,90,NaN,
2022091600,b4e.2022,9X-B4E,TS,NN,15.0,253.2,25,1007,154,1,154,1,NaN,NaN,NaN,NaN,NaN,NaN,NaN,NaN,NaN,NaN,LO,NW,B,B,200,1010,NaN,S,90,NaN,
2022091606,b4e.2022,9X-B4E,TS,NN,14.8,253.0,25,1007,213,2,213,2,NaN,NaN,NaN,NaN,NaN,NaN,NaN,NaN,NaN,NaN,LO,NW,B,B,200,1010,NaN,S,90,NaN,
2022091612,b4e.2022,9X-B4E,TS,NN,14.6,253.0,25,1007,206,2,206,2,NaN,NaN,NaN,NaN,NaN,NaN,NaN,NaN,NaN,NaN,LO,NW,B,B,200,1010,NaN,S,90,NaN,
2022091618,b4e.2022,9X-B4E,TS,NN,14.6,253.2,30,1006,136,1,136,1,NaN,NaN,NaN,NaN,NaN,NaN,NaN,NaN,NaN,NaN,TD,NW,B,B,200,1010,NaN,S,90,NaN,
2022091700,b4e.2022,9X-B4E,TS,NN,14.7,253.4,30,1005,76,2,76,2,NaN,NaN,NaN,NaN,NaN,NaN,NaN,NaN,NaN,NaN,TD,NW,B,B,200,1010,NaN,S,90,NaN,
2022091706,b4e.2022,9X-B4E,TS,NN,14.9,253.5,35,1004,44,2,44,2,150,,150,150,,NaN,NaN,NaN,NaN,NaN,TS,NW,B,B,180,1008,NaN,S,90,NaN,
2022091712,b4e.2022,9X-B4E,TS,NN,15.3,253.5,40,1002,9,3,9,3,150,,150,150,,NaN,NaN,NaN,NaN,NaN,TS,NW,B,B,160,1007,NaN,S,70,NaN,
2022091718,14e.2022,MADELINE,TS,NN,15.8,253.3,40,1001,348,5,348,5,130,,130,130,,NaN,NaN,NaN,NaN,NaN,TS,WN,B,B,160,1007,NaN,S,50,DAZ,
2022091800,14e.2022,MADELINE,TS,NN,16.5,253.3,40,999,351,6,351,6,107,60,130,130,,NaN,NaN,NaN,NaN,NaN,TS,WN,B,B,160,1007,NaN,S,50,ASL,
2022091806,14e.2022,MADELINE,TS,NN,17.3,253.3,40,998,360,8,360,8,117,90,130,130,,NaN,NaN,NaN,NaN,NaN,TS,WN,B,B,160,1007,NaN,M,50,PPP,
2022091812,14e.2022,MADELINE,TS,NN,18.0,253.2,40,997,356,8,356,8,117,90,130,130,,NaN,NaN,NaN,NaN,NaN,TS,WN,B,B,140,1006,NaN,M,50,RJB,
2022091818,14e.2022,MADELINE,TS,NN,18.6,252.9,40,997,344,7,344,7,90,90,110,110,50,NaN,NaN,NaN,NaN,NaN,TS,WN,B,B,130,1006,NaN,M,50,RJB,
2022091900,14e.2022,MADELINE,TS,NN,19.2,252.5,45,996,331,7,331,7,82,90,100,90,50,NaN,NaN,NaN,NaN,NaN,TS,WN,B,B,130,1006,NaN,M,50,ASL,
2022091906,14e.2022,MADELINE,TS,NN,19.9,252.0,50,993,327,8,327,8,75,90,90,70,50,40,40,50,70,,TS,WN,B,B,140,1006,NaN,M,40,PPP,
2022091912,14e.2022,MADELINE,TS,NN,20.5,251.3,55,991,319,9,319,9,70,80,80,70,50,43,40,50,70,,TS,WN,B,B,140,1006,NaN,M,40,DPR,
2022091918,14e.2022,MADELINE,TS,NN,20.8,250.5,50,993,303,8,303,8,65,70,70,70,50,40,,40,70,,TS,WN,B,B,140,1006,NaN,M,40,WPC,
2022092000,14e.2022,MADELINE,TS,NN,21.0,249.7,45,997,288,8,288,8,65,70,70,70,50,NaN,NaN,NaN,NaN,NaN,TS,WN,B,B,140,1006,NaN,M,40,ASL,
2022092006,14e.2022,MADELINE,TS,NN,21.0,249.0,35,1002,278,7,278,7,50,60,60,40,40,NaN,NaN,NaN,NaN,NaN,TS,WN,B,B,160,1007,NaN,M,40,PPP,
2022092012,14e.2022,MADELINE,TS,NN,21.1,248.4,30,1005,275,6,275,6,NaN,NaN,NaN,NaN,NaN,NaN,NaN,NaN,NaN,NaN,LO,WN,B,B,140,1007,NaN,M,40,LRB,
2022092018,14e.2022,MADELINE,TS,NN,21.2,247.8,30,1005,280,6,280,6,NaN,NaN,NaN,NaN,NaN,NaN,NaN,NaN,NaN,NaN,LO,WN,B,B,125,1009,NaN,S,40,LRB,
2022092100,14e.2022,MADELINE,TS,NN,21.4,247.2,30,1005,285,6,285,6,NaN,NaN,NaN,NaN,NaN,NaN,NaN,NaN,NaN,NaN,LO,NW,B,B,125,1009,NaN,NaN,40,NaN,
2022092106,14e.2022,MADELINE,TS,NN,21.6,246.5,30,1005,288,6,288,6,NaN,NaN,NaN,NaN,NaN,NaN,NaN,NaN,NaN,NaN,LO,NW,B,B,125,1009,NaN,NaN,50,NaN,
2022092112,14e.2022,MADELINE,TS,NN,21.7,245.8,30,1005,283,7,283,7,NaN,NaN,NaN,NaN,NaN,NaN,NaN,NaN,NaN,NaN,LO,NW,B,B,125,1009,NaN,NaN,60,NaN,
2022092118,14e.2022,MADELINE,TS,NN,21.8,245.0,25,1006,278,7,278,7,NaN,NaN,NaN,NaN,NaN,NaN,NaN,NaN,NaN,NaN,LO,NW,B,B,125,1009,NaN,NaN,60,NaN,
2022092200,14e.2022,MADELINE,TS,NN,21.9,244.2,25,1007,278,7,278,7,NaN,NaN,NaN,NaN,NaN,NaN,NaN,NaN,NaN,NaN,LO,NW,B,B,125,1009,NaN,NaN,80,NaN,
2022092206,14e.2022,MADELINE,TS,NN,21.9,243.5,25,1008,274,7,274,7,NaN,NaN,NaN,NaN,NaN,NaN,NaN,NaN,NaN,NaN,LO,NW,B,B,140,1010,NaN,NaN,80,NaN,
2022092212,14e.2022,MADELINE,TS,NN,21.8,242.9,25,1008,265,6,265,6,NaN,NaN,NaN,NaN,NaN,NaN,NaN,NaN,NaN,NaN,LO,NW,B,B,140,1010,NaN,NaN,80,NaN,
2022092218,14e.2022,MADELINE,TS,NN,21.7,242.2,25,1008,261,6,261,6,NaN,NaN,NaN,NaN,NaN,NaN,NaN,NaN,NaN,NaN,LO,NW,B,B,140,1010,NaN,NaN,80,NaN,
2022092300,14e.2022,MADELINE,TS,NN,21.6,241.4,20,1009,262,7,262,7,NaN,NaN,NaN,NaN,NaN,NaN,NaN,NaN,NaN,NaN,LO,NW,B,B,140,1010,NaN,NaN,80,NaN,
2022092306,14e.2022,MADELINE,TS,NN,21.5,240.6,20,1009,262,8,262,8,NaN,NaN,NaN,NaN,NaN,NaN,NaN,NaN,NaN,NaN,LO,NW,B,B,140,1010,NaN,NaN,80,NaN,
2022092312,14e.2022,MADELINE,TS,NN,21.3,239.4,20,1009,261,9,261,9,NaN,NaN,NaN,NaN,NaN,NaN,NaN,NaN,NaN,NaN,LO,NW,B,B,140,1010,NaN,NaN,80,NaN,
2022092318,14e.2022,MADELINE,TS,NN,21.0,238.2,20,1009,257,11,257,11,NaN,NaN,NaN,NaN,NaN,NaN,NaN,NaN,NaN,NaN,LO,NW,B,B,140,1010,NaN,NaN,80,NaN,
2022092400,14e.2022,MADELINE,TS,NN,20.8,237.1,20,1009,257,11,257,11,NaN,NaN,NaN,NaN,NaN,NaN,NaN,NaN,NaN,NaN,LO,NW,B,B,140,1010,NaN,NaN,80,NaN,
2022092406,14e.2022,MADELINE,TS,NN,20.6,236.0,20,1009,259,10,259,10,NaN,NaN,NaN,NaN,NaN,NaN,NaN,NaN,NaN,NaN,LO,NW,B,B,140,1010,NaN,NaN,80,NaN,
2022092412,14e.2022,MADELINE,TS,NN,20.4,235.1,20,1009,258,10,258,10,NaN,NaN,NaN,NaN,NaN,NaN,NaN,NaN,NaN,NaN,LO,NW,B,B,140,1010,NaN,NaN,80,NaN,
2022092418,14e.2022,MADELINE,TS,NN,20.3,234.1,20,1009,260,9,260,9,NaN,NaN,NaN,NaN,NaN,NaN,NaN,NaN,NaN,NaN,LO,NW,B,B,140,1010,NaN,NaN,80,NaN,
2022092500,14e.2022,MADELINE,TS,NN,20.2,233.2,20,1009,264,9,264,9,NaN,NaN,NaN,NaN,NaN,NaN,NaN,NaN,NaN,NaN,LO,NW,B,B,140,1010,NaN,NaN,80,NaN,
2022091712,b6e.2022,9X-B6E,TS,NN,14.0,260.0,15,NaN,360,0,360,0,NaN,NaN,NaN,NaN,NaN,NaN,NaN,NaN,NaN,NaN,DB,NW,B,B,NaN,NaN,NaN,NaN,NaN,NaN,
2022091718,b6e.2022,9X-B6E,TS,NN,14.0,260.0,15,NaN,360,0,360,0,NaN,NaN,NaN,NaN,NaN,NaN,NaN,NaN,NaN,NaN,DB,NW,B,B,NaN,NaN,NaN,NaN,NaN,NaN,
2022091800,b6e.2022,9X-B6E,TS,NN,14.0,260.0,15,NaN,360,0,360,0,NaN,NaN,NaN,NaN,NaN,NaN,NaN,NaN,NaN,NaN,DB,NW,B,B,NaN,NaN,NaN,NaN,NaN,NaN,
2022091806,b6e.2022,9X-B6E,TS,NN,14.0,260.0,15,NaN,360,0,360,0,NaN,NaN,NaN,NaN,NaN,NaN,NaN,NaN,NaN,NaN,DB,NW,B,B,NaN,NaN,NaN,NaN,NaN,NaN,
2022091812,b6e.2022,9X-B6E,TS,NN,14.0,260.0,15,NaN,360,0,360,0,NaN,NaN,NaN,NaN,NaN,NaN,NaN,NaN,NaN,NaN,DB,NW,B,B,NaN,NaN,NaN,NaN,NaN,NaN,
2022091818,b6e.2022,9X-B6E,TS,NN,14.0,260.0,15,NaN,360,0,360,0,NaN,NaN,NaN,NaN,NaN,NaN,NaN,NaN,NaN,NaN,DB,NW,B,B,NaN,NaN,NaN,NaN,NaN,NaN,
2022091900,b6e.2022,9X-B6E,TS,NN,14.0,260.0,15,NaN,360,0,360,0,NaN,NaN,NaN,NaN,NaN,NaN,NaN,NaN,NaN,NaN,DB,NW,B,B,NaN,NaN,NaN,NaN,NaN,NaN,
2022091906,b6e.2022,9X-B6E,TS,NN,14.0,260.0,15,NaN,360,0,360,0,NaN,NaN,NaN,NaN,NaN,NaN,NaN,NaN,NaN,NaN,DB,NW,B,B,NaN,NaN,NaN,NaN,NaN,NaN,
2022091912,b6e.2022,9X-B6E,TS,NN,14.0,260.0,15,NaN,360,0,360,0,NaN,NaN,NaN,NaN,NaN,NaN,NaN,NaN,NaN,NaN,DB,NW,B,B,NaN,NaN,NaN,NaN,NaN,NaN,
2022091918,b6e.2022,9X-B6E,TS,NN,14.0,260.0,15,NaN,360,0,360,0,NaN,NaN,NaN,NaN,NaN,NaN,NaN,NaN,NaN,NaN,DB,NW,B,B,NaN,NaN,NaN,NaN,NaN,NaN,
2022092000,b6e.2022,9X-B6E,TS,NN,15.6,260.0,25,NaN,360,8,360,8,NaN,NaN,NaN,NaN,NaN,NaN,NaN,NaN,NaN,NaN,DB,NW,B,B,NaN,NaN,NaN,NaN,NaN,NaN,
2022092006,b6e.2022,9X-B6E,TS,NN,15.9,259.3,25,NaN,340,10,340,10,NaN,NaN,NaN,NaN,NaN,NaN,NaN,NaN,NaN,NaN,DB,NW,B,B,NaN,NaN,NaN,NaN,NaN,NaN,
2022092012,b6e.2022,9X-B6E,TS,NN,16.4,258.8,25,NaN,305,7,305,7,NaN,NaN,NaN,NaN,NaN,NaN,NaN,NaN,NaN,NaN,DB,NW,B,B,NaN,NaN,NaN,NaN,NaN,NaN,
2022092018,b6e.2022,9X-B6E,TS,NN,16.7,258.2,25,NaN,307,7,307,7,NaN,NaN,NaN,NaN,NaN,NaN,NaN,NaN,NaN,NaN,DB,NW,B,B,100,1010,NaN,NaN,50,NaN,
2022092100,b6e.2022,9X-B6E,TS,NN,16.7,257.9,25,1008,289,5,289,5,NaN,NaN,NaN,NaN,NaN,NaN,NaN,NaN,NaN,NaN,DB,NW,B,B,100,1010,NaN,S,50,NaN,
2022092106,b6e.2022,9X-B6E,TS,NN,16.7,256.7,25,1008,270,7,270,7,NaN,NaN,NaN,NaN,NaN,NaN,NaN,NaN,NaN,NaN,DB,NW,B,B,100,1010,NaN,S,40,NaN,
2022092112,b6e.2022,9X-B6E,TS,NN,16.9,255.7,30,1007,283,11,275,11,NaN,NaN,NaN,NaN,NaN,NaN,NaN,NaN,NaN,NaN,TD,NW,B,B,100,1010,NaN,S,30,NaN,
2022092118,15e.2022,NEWTON,TS,NN,17.2,254.6,35,1005,283,11,284,10,30,30,,,,NaN,NaN,NaN,NaN,NaN,TS,WN,B,B,100,1010,NaN,S,30,LRB,
2022092200,15e.2022,NEWTON,TS,NN,17.4,253.4,40,1003,283,11,283,11,40,50,20,,50,NaN,NaN,NaN,NaN,NaN,TS,WN,B,B,100,1010,NaN,M,20,HSM,
2022092206,15e.2022,NEWTON,TS,NN,17.5,252.5,50,999,279,10,279,10,35,50,20,20,50,20,20,,20,,TS,WN,B,B,100,1010,NaN,M,10,PPP,
2022092212,15e.2022,NEWTON,TS,NN,17.6,251.8,55,997,277,8,277,8,32,40,30,20,40,20,20,20,20,,TS,WN,B,B,100,1009,NaN,D,10,LRB,
2022092218,15e.2022,NEWTON,TS,NN,17.8,251.2,50,998,284,6,284,6,30,40,20,20,40,20,20,,20,,TS,WN,B,B,120,1008,NaN,D,10,LRB,
2022092300,15e.2022,NEWTON,TS,NN,17.9,250.6,50,998,285,6,285,6,30,40,20,20,40,20,20,,20,,TS,WN,B,B,120,1008,NaN,D,10,HSM,
2022092306,15e.2022,NEWTON,TS,NN,17.9,250.1,45,1000,275,5,275,5,30,40,20,20,40,NaN,NaN,NaN,NaN,NaN,TS,WN,B,B,120,1008,NaN,D,15,DPR,
2022092312,15e.2022,NEWTON,TS,NN,18.0,249.6,45,1000,276,5,276,5,30,40,20,20,40,NaN,NaN,NaN,NaN,NaN,TS,WN,B,B,120,1008,NaN,D,15,LRB,
2022092318,15e.2022,NEWTON,TS,NN,18.1,249.1,40,1003,282,5,282,5,30,40,20,20,40,NaN,NaN,NaN,NaN,NaN,TS,WN,B,B,100,1010,NaN,M,20,JDP,
2022092400,15e.2022,NEWTON,TS,NN,18.5,248.5,40,1003,296,6,296,6,30,40,20,20,40,NaN,NaN,NaN,NaN,NaN,TS,WN,B,B,100,1010,NaN,M,20,JDP,
2022092406,15e.2022,NEWTON,TS,NN,18.9,247.9,35,1004,305,7,305,7,33,40,20,,40,NaN,NaN,NaN,NaN,NaN,TS,WN,B,B,100,1010,NaN,M,20,JLB,
2022092412,15e.2022,NEWTON,TS,NN,19.1,247.2,35,1004,296,7,296,7,40,40,,,40,NaN,NaN,NaN,NaN,NaN,TS,WN,B,B,100,1010,NaN,M,20,LRB,
2022092418,15e.2022,NEWTON,TS,NN,19.3,246.4,30,1005,286,7,286,7,NaN,NaN,NaN,NaN,NaN,NaN,NaN,NaN,NaN,NaN,TD,WN,B,B,100,1010,NaN,S,20,LRB,
2022092500,15e.2022,NEWTON,TS,NN,19.5,245.6,30,1006,285,8,285,8,NaN,NaN,NaN,NaN,NaN,NaN,NaN,NaN,NaN,NaN,TD,WN,B,B,100,1010,NaN,S,20,DAZ,
2022092506,15e.2022,NEWTON,TS,NN,19.5,244.8,30,1006,278,8,278,8,NaN,NaN,NaN,NaN,NaN,NaN,NaN,NaN,NaN,NaN,TD,WN,B,B,100,1010,NaN,S,20,DPR,
2022092512,15e.2022,NEWTON,TS,NN,19.2,244.0,30,1007,259,8,259,8,NaN,NaN,NaN,NaN,NaN,NaN,NaN,NaN,NaN,NaN,TD,WN,B,B,100,1011,NaN,S,20,ESB,
2022092518,15e.2022,NEWTON,TS,NN,18.6,243.3,25,1008,238,8,238,8,NaN,NaN,NaN,NaN,NaN,NaN,NaN,NaN,NaN,NaN,LO,WN,B,B,100,1011,NaN,S,20,ESB,
2022092600,15e.2022,NEWTON,TS,NN,17.9,242.5,25,1008,228,10,228,10,NaN,NaN,NaN,NaN,NaN,NaN,NaN,NaN,NaN,NaN,LO,NW,B,B,100,1011,NaN,NaN,20,NaN,
2022092606,15e.2022,NEWTON,TS,NN,17.2,241.9,25,1009,224,10,224,10,NaN,NaN,NaN,NaN,NaN,NaN,NaN,NaN,NaN,NaN,LO,NW,B,B,100,1011,NaN,NaN,20,NaN,
2022092612,15e.2022,NEWTON,TS,NN,16.6,241.4,25,1009,219,8,219,8,NaN,NaN,NaN,NaN,NaN,NaN,NaN,NaN,NaN,NaN,LO,NW,B,B,100,1011,NaN,NaN,20,NaN,
2022092618,15e.2022,NEWTON,TS,NN,16.1,240.8,25,1009,224,8,224,8,NaN,NaN,NaN,NaN,NaN,NaN,NaN,NaN,NaN,NaN,LO,NW,B,B,100,1011,NaN,NaN,20,NaN,
2022092700,15e.2022,NEWTON,TS,NN,15.6,240.3,25,1009,227,7,227,7,NaN,NaN,NaN,NaN,NaN,NaN,NaN,NaN,NaN,NaN,LO,NW,B,B,100,1011,NaN,NaN,20,NaN,
2022092706,15e.2022,NEWTON,TS,NN,15.1,239.7,25,1009,227,7,227,7,NaN,NaN,NaN,NaN,NaN,NaN,NaN,NaN,NaN,NaN,LO,NW,B,B,100,1011,NaN,S,20,NaN,
2022092712,15e.2022,NEWTON,TS,NN,14.6,239.2,25,1008,227,7,227,7,NaN,NaN,NaN,NaN,NaN,NaN,NaN,NaN,NaN,NaN,LO,NW,B,B,100,1011,NaN,S,20,NaN,
2022092718,15e.2022,NEWTON,TS,NN,14.2,238.6,25,1008,230,7,230,7,NaN,NaN,NaN,NaN,NaN,NaN,NaN,NaN,NaN,NaN,LO,NW,B,B,100,1011,NaN,S,30,NaN,
2022092800,15e.2022,NEWTON,TS,NN,13.9,237.8,25,1007,243,8,243,8,NaN,NaN,NaN,NaN,NaN,NaN,NaN,NaN,NaN,NaN,LO,NW,B,B,100,1010,NaN,S,30,NaN,
2022092806,15e.2022,NEWTON,TS,NN,13.7,237.0,25,1007,252,8,252,8,NaN,NaN,NaN,NaN,NaN,NaN,NaN,NaN,NaN,NaN,LO,NW,B,B,100,1010,NaN,S,30,NaN,
2022092812,15e.2022,NEWTON,TS,NN,13.7,236.2,25,1007,263,8,263,8,NaN,NaN,NaN,NaN,NaN,NaN,NaN,NaN,NaN,NaN,LO,NW,B,B,100,1010,NaN,S,30,NaN,
2022092818,15e.2022,NEWTON,TS,NN,13.7,235.4,20,1008,270,8,270,8,NaN,NaN,NaN,NaN,NaN,NaN,NaN,NaN,NaN,NaN,LO,NW,B,B,100,1010,NaN,S,30,NaN,
2022092900,15e.2022,NEWTON,TS,NN,13.9,234.8,20,1008,278,7,278,7,NaN,NaN,NaN,NaN,NaN,NaN,NaN,NaN,NaN,NaN,LO,NW,B,B,100,1010,NaN,S,30,NaN,
2022092618,b7e.2022,9X-B7E,TY,NN,13.4,264.6,15,NaN,250,7,250,7,NaN,NaN,NaN,NaN,NaN,NaN,NaN,NaN,NaN,NaN,DB,NW,B,B,NaN,NaN,NaN,NaN,NaN,NaN,
2022092700,b7e.2022,9X-B7E,TY,NN,13.3,264.4,15,NaN,250,7,250,7,NaN,NaN,NaN,NaN,NaN,NaN,NaN,NaN,NaN,NaN,DB,NW,B,B,NaN,NaN,NaN,NaN,NaN,NaN,
2022092706,b7e.2022,9X-B7E,TY,NN,12.9,263.2,15,NaN,250,7,250,7,NaN,NaN,NaN,NaN,NaN,NaN,NaN,NaN,NaN,NaN,DB,NW,B,B,NaN,NaN,NaN,NaN,NaN,NaN,
2022092712,b7e.2022,9X-B7E,TY,NN,13.0,262.2,15,NaN,262,11,262,11,NaN,NaN,NaN,NaN,NaN,NaN,NaN,NaN,NaN,NaN,DB,NW,B,B,NaN,NaN,NaN,NaN,NaN,NaN,
2022092718,b7e.2022,9X-B7E,TY,NN,13.0,261.4,25,1009,273,9,273,9,NaN,NaN,NaN,NaN,NaN,NaN,NaN,NaN,NaN,NaN,DB,NW,B,B,120,1011,NaN,S,100,NaN,
2022092800,b7e.2022,9X-B7E,TY,NN,13.1,260.3,25,1008,273,9,273,9,NaN,NaN,NaN,NaN,NaN,NaN,NaN,NaN,NaN,NaN,DB,NW,B,B,120,1010,NaN,S,100,NaN,
2022092806,b7e.2022,9X-B7E,TY,NN,13.3,259.0,25,1008,277,12,277,12,NaN,NaN,NaN,NaN,NaN,NaN,NaN,NaN,NaN,NaN,DB,NW,B,B,120,1010,NaN,S,100,NaN,
2022092812,b7e.2022,9X-B7E,TY,NN,13.6,258.3,25,1008,284,10,284,10,NaN,NaN,NaN,NaN,NaN,NaN,NaN,NaN,NaN,NaN,LO,NW,B,B,120,1010,NaN,S,100,NaN,
2022092818,b7e.2022,9X-B7E,TY,NN,13.8,257.7,30,1007,289,11,292,7,NaN,NaN,NaN,NaN,NaN,NaN,NaN,NaN,NaN,NaN,TD,NW,B,B,120,1010,NaN,S,20,NaN,
2022092900,16e.2022,ORLENE,TY,NN,14.1,256.8,35,1006,289,11,289,8,20,20,20,,,NaN,NaN,NaN,NaN,NaN,TS,WN,B,B,110,1011,NaN,S,20,DAZ,
2022092906,16e.2022,ORLENE,TY,NN,14.5,255.6,40,1004,289,11,289,11,27,30,30,,20,NaN,NaN,NaN,NaN,NaN,TS,WN,B,B,110,1011,NaN,S,20,NaN,
2022092912,16e.2022,ORLENE,TY,NN,14.9,254.6,40,1004,291,11,291,11,25,30,30,20,20,NaN,NaN,NaN,NaN,NaN,TS,WN,B,B,110,1011,NaN,M,20,JLB,
2022092918,16e.2022,ORLENE,TY,NN,15.1,254.0,45,1002,291,8,291,8,25,30,30,20,20,NaN,NaN,NaN,NaN,NaN,TS,WN,B,B,110,1011,NaN,M,20,JLB,
2022093000,16e.2022,ORLENE,TY,NN,15.3,253.5,45,1002,291,6,291,6,25,30,30,20,20,NaN,NaN,NaN,NaN,NaN,TS,WN,B,B,100,1009,NaN,M,20,LRB,
2022093006,16e.2022,ORLENE,TY,NN,15.6,253.3,50,999,307,4,307,4,25,30,30,20,20,20,20,20,20,,TS,WN,B,B,100,1009,NaN,M,15,ASL,
2022093012,16e.2022,ORLENE,TY,NN,15.9,253.2,50,998,334,3,334,3,25,30,30,20,20,20,20,20,20,,TS,WN,B,B,100,1009,NaN,M,15,JLB,
2022093018,16e.2022,ORLENE,TY,NN,16.3,253.1,50,997,345,4,345,4,30,40,30,20,30,17,20,20,20,10,TS,WN,B,B,100,1009,NaN,M,15,JLB,
2022100100,16e.2022,ORLENE,TY,NN,16.7,253.0,55,994,347,4,347,4,30,40,30,20,30,20,20,20,20,20,TS,WN,B,B,100,1009,NaN,M,15,LRB,
2022100106,16e.2022,ORLENE,TY,NN,17.1,253.0,60,991,353,4,353,4,35,40,40,30,30,20,20,20,30,20,TS,WN,B,B,100,1009,NaN,M,15,ASL,
2022100112,16e.2022,ORLENE,TY,NN,17.4,253.0,65,987,360,4,360,3,38,50,40,30,30,20,20,20,30,20,HU,WN,B,B,100,1009,NaN,M,10,JLB,
2022100118,16e.2022,ORLENE,TY,NN,17.7,252.9,75,979,351,3,351,3,48,60,50,40,40,25,30,30,40,20,HU,WN,B,B,100,1009,NaN,M,10,BJR,
2022100200,16e.2022,ORLENE,TY,NN,18.1,253.0,90,970,360,3,360,4,55,60,60,50,50,25,30,30,50,20,HU,WN,B,B,100,1009,NaN,D,10,BJR,
2022100206,16e.2022,ORLENE,TY,NN,18.6,253.1,105,961,12,5,12,5,62,70,70,50,60,25,30,30,50,20,HU,WN,B,B,100,1012,NaN,D,5,RJP,
2022100212,16e.2022,ORLENE,TY,NN,19.3,253.1,115,954,5,6,5,6,65,70,80,50,60,25,30,30,50,20,HU,WN,B,B,100,1012,NaN,D,5,DPB,
2022100218,16e.2022,ORLENE,TY,NN,20.0,253.0,100,972,356,7,356,7,68,70,80,50,70,25,30,30,50,20,HU,WN,B,B,100,1009,NaN,D,10,DPB,
2022100300,16e.2022,ORLENE,TY,NN,20.8,253.2,95,974,4,8,4,8,68,70,80,50,70,25,30,30,50,20,HU,WN,B,B,100,1009,NaN,D,15,PPP,
2022100306,16e.2022,ORLENE,TY,NN,21.7,253.4,85,976,12,9,12,9,68,70,80,60,60,25,30,30,60,20,HU,WN,B,B,100,1008,0.04,D,15,RJP,
2022100312,16e.2022,ORLENE,TY,NN,22.6,253.8,75,983,17,9,17,9,65,60,80,60,60,25,30,30,60,20,HU,WN,B,B,100,1009,0.28,D,15,DPB,
2022100318,16e.2022,ORLENE,TY,NN,23.2,254.0,45,998,20,8,20,8,45,50,60,40,30,NaN,NaN,NaN,NaN,NaN,TS,WN,B,B,100,1008,0.64,M,30,DPB,
2022100400,16e.2022,ORLENE,TY,NN,24.0,255.0,20,1008,36,9,38,9,NaN,NaN,NaN,NaN,NaN,NaN,NaN,NaN,NaN,NaN,DB,WN,B,B,100,1010,1.00,S,10,ESB,
2022093018,b8e.2022,9X-B8E,TS,NN,13.4,245.9,20,NaN,18,3,18,3,NaN,NaN,NaN,NaN,NaN,NaN,NaN,NaN,NaN,NaN,DB,NW,B,B,120,1011,NaN,NaN,90,NaN,
2022100100,b8e.2022,9X-B8E,TS,NN,13.8,245.8,20,1009,18,3,18,3,NaN,NaN,NaN,NaN,NaN,NaN,NaN,NaN,NaN,NaN,DB,NW,B,B,120,1011,NaN,NaN,90,NaN,
2022100106,b8e.2022,9X-B8E,TS,NN,14.0,246.1,20,1009,18,3,18,3,NaN,NaN,NaN,NaN,NaN,NaN,NaN,NaN,NaN,NaN,DB,NW,B,B,120,1011,NaN,NaN,90,NaN,
2022100112,b8e.2022,9X-B8E,TS,NN,14.4,246.5,20,1009,49,5,49,5,NaN,NaN,NaN,NaN,NaN,NaN,NaN,NaN,NaN,NaN,DB,NW,B,B,120,1011,NaN,NaN,90,NaN,
2022100118,b8e.2022,9X-B8E,TS,NN,14.6,246.8,20,1009,49,5,49,5,NaN,NaN,NaN,NaN,NaN,NaN,NaN,NaN,NaN,NaN,DB,NW,B,B,120,1011,NaN,S,90,NaN,
2022100200,b8e.2022,9X-B8E,TS,NN,14.7,247.0,20,1008,58,3,58,3,NaN,NaN,NaN,NaN,NaN,NaN,NaN,NaN,NaN,NaN,DB,NW,B,B,120,1010,NaN,S,90,NaN,
2022100206,b8e.2022,9X-B8E,TS,NN,14.7,247.4,20,1008,80,3,80,3,NaN,NaN,NaN,NaN,NaN,NaN,NaN,NaN,NaN,NaN,DB,NW,B,B,120,1010,NaN,S,30,NaN,
2022100212,b8e.2022,9X-B8E,TS,NN,14.7,247.9,25,1008,90,4,90,4,NaN,NaN,NaN,NaN,NaN,NaN,NaN,NaN,NaN,NaN,DB,NW,B,B,120,1010,NaN,S,90,NaN,
2022100218,b8e.2022,9X-B8E,TS,NN,14.5,248.4,25,1008,102,5,102,5,NaN,NaN,NaN,NaN,NaN,NaN,NaN,NaN,NaN,NaN,LO,NW,B,B,150,1011,NaN,S,30,NaN,
2022100300,b8e.2022,9X-B8E,TS,NN,14.5,248.4,25,1008,112,3,112,3,NaN,NaN,NaN,NaN,NaN,NaN,NaN,NaN,NaN,NaN,LO,NW,B,B,150,1011,NaN,S,30,NaN,
2022100306,b8e.2022,9X-B8E,TS,NN,14.9,248.5,30,1007,339,5,14,2,NaN,NaN,NaN,NaN,NaN,NaN,NaN,NaN,NaN,NaN,TD,NW,B,B,150,1011,NaN,S,30,NaN,
2022100312,b8e.2022,9X-B8E,TS,NN,15.4,248.3,30,1007,339,5,354,5,NaN,NaN,NaN,NaN,NaN,NaN,NaN,NaN,NaN,NaN,TD,NW,B,B,150,1011,NaN,S,30,NaN,
2022100318,17e.2022,PAINE,TS,NN,15.9,248.1,35,1006,339,5,339,5,30,,30,30,30,NaN,NaN,NaN,NaN,NaN,TS,WN,B,B,130,1012,NaN,S,25,HSM,
2022100400,17e.2022,PAINE,TS,NN,16.4,247.8,35,1006,334,6,334,6,28,20,30,30,30,NaN,NaN,NaN,NaN,NaN,TS,WN,B,B,120,1012,NaN,S,20,PPP,
2022100406,17e.2022,PAINE,TS,NN,16.8,247.5,35,1006,327,5,327,5,28,20,30,30,30,NaN,NaN,NaN,NaN,NaN,TS,WN,B,B,90,1012,NaN,S,20,LRB,
2022100412,17e.2022,PAINE,TS,NN,17.2,247.1,35,1006,320,5,320,5,28,20,30,30,30,NaN,NaN,NaN,NaN,NaN,TS,WN,B,B,90,1012,NaN,S,20,DPB,
2022100418,17e.2022,PAINE,TS,NN,17.5,246.8,40,1005,316,5,316,5,38,30,40,40,40,NaN,NaN,NaN,NaN,NaN,TS,WN,B,B,80,1012,NaN,M,20,DPB,
2022100500,17e.2022,PAINE,TS,NN,17.8,246.5,35,1006,316,4,316,4,38,30,40,40,40,NaN,NaN,NaN,NaN,NaN,TS,WN,B,B,80,1012,NaN,M,20,JLB,
2022100506,17e.2022,PAINE,TS,NN,18.1,246.1,30,1007,312,4,312,4,NaN,NaN,NaN,NaN,NaN,NaN,NaN,NaN,NaN,NaN,LO,WN,B,B,80,1012,NaN,S,25,LRB,
2022100512,17e.2022,PAINE,TS,NN,18.3,245.7,30,1007,303,5,303,5,NaN,NaN,NaN,NaN,NaN,NaN,NaN,NaN,NaN,NaN,LO,WN,B,B,80,1010,NaN,S,25,DPB,
2022100518,17e.2022,PAINE,TS,NN,18.3,245.3,25,1008,285,4,285,4,NaN,NaN,NaN,NaN,NaN,NaN,NaN,NaN,NaN,NaN,LO,WN,B,B,80,1012,NaN,S,25,DPB,
2022100600,17e.2022,PAINE,TS,NN,18.2,245.1,25,1008,260,3,260,3,NaN,NaN,NaN,NaN,NaN,NaN,NaN,NaN,NaN,NaN,LO,NW,B,B,80,1012,NaN,NaN,25,NaN,
2022100606,17e.2022,PAINE,TS,NN,18.1,244.9,25,1009,242,2,242,2,NaN,NaN,NaN,NaN,NaN,NaN,NaN,NaN,NaN,NaN,LO,NW,B,B,80,1012,NaN,NaN,25,NaN,
2022100612,17e.2022,PAINE,TS,NN,18.1,244.6,25,1009,258,2,258,2,NaN,NaN,NaN,NaN,NaN,NaN,NaN,NaN,NaN,NaN,LO,NW,B,B,80,1012,NaN,NaN,25,NaN,
2022100618,17e.2022,PAINE,TS,NN,18.1,244.4,25,1009,270,2,270,2,NaN,NaN,NaN,NaN,NaN,NaN,NaN,NaN,NaN,NaN,LO,NW,B,B,80,1012,NaN,NaN,25,NaN,
2022100700,17e.2022,PAINE,TS,NN,18.2,244.1,25,1009,282,2,282,2,NaN,NaN,NaN,NaN,NaN,NaN,NaN,NaN,NaN,NaN,LO,NW,B,B,80,1012,NaN,NaN,25,NaN,
2022100706,17e.2022,PAINE,TS,NN,18.5,243.8,20,1009,305,3,305,3,NaN,NaN,NaN,NaN,NaN,NaN,NaN,NaN,NaN,NaN,LO,NW,B,B,80,1012,NaN,NaN,25,NaN,
2022100712,17e.2022,PAINE,TS,NN,19.0,243.5,20,1009,325,5,325,5,NaN,NaN,NaN,NaN,NaN,NaN,NaN,NaN,NaN,NaN,LO,NW,B,B,80,1012,NaN,NaN,25,NaN,
2022100200,c1l.2022,9X-C1L,TY,NN,9.5,315.5,20,NaN,270,10,270,10,NaN,NaN,NaN,NaN,NaN,NaN,NaN,NaN,NaN,NaN,DB,NW,B,B,NaN,NaN,NaN,NaN,NaN,NaN,
2022100206,c1l.2022,9X-C1L,TY,NN,9.5,314.4,20,NaN,270,10,270,10,NaN,NaN,NaN,NaN,NaN,NaN,NaN,NaN,NaN,NaN,DB,NW,B,B,NaN,NaN,NaN,NaN,NaN,NaN,
2022100212,c1l.2022,9X-C1L,TY,NN,9.5,313.4,20,1012,270,10,270,10,NaN,NaN,NaN,NaN,NaN,NaN,NaN,NaN,NaN,NaN,DB,NW,B,B,NaN,NaN,NaN,NaN,NaN,NaN,
2022100218,c1l.2022,9X-C1L,TY,NN,9.5,312.2,25,1012,270,11,270,11,NaN,NaN,NaN,NaN,NaN,NaN,NaN,NaN,NaN,NaN,DB,NW,B,B,150,1013,NaN,S,90,NaN,
2022100300,c1l.2022,9X-C1L,TY,NN,9.5,311.0,25,1012,270,12,270,12,NaN,NaN,NaN,NaN,NaN,NaN,NaN,NaN,NaN,NaN,DB,NW,B,B,150,1013,NaN,S,90,NaN,
2022100306,c1l.2022,9X-C1L,TY,NN,9.5,310.1,25,1012,270,10,270,10,NaN,NaN,NaN,NaN,NaN,NaN,NaN,NaN,NaN,NaN,DB,NW,B,B,150,1013,NaN,S,90,NaN,
2022100312,c1l.2022,9X-C1L,TY,NN,9.5,309.2,25,1011,270,9,270,9,NaN,NaN,NaN,NaN,NaN,NaN,NaN,NaN,NaN,NaN,DB,NW,B,B,150,1012,NaN,S,90,NaN,
2022100318,c1l.2022,9X-C1L,TY,NN,9.7,308.1,25,1012,276,10,276,10,NaN,NaN,NaN,NaN,NaN,NaN,NaN,NaN,NaN,NaN,DB,NW,B,B,150,1013,NaN,S,90,NaN,
2022100400,c1l.2022,9X-C1L,TY,NN,10.3,307.3,25,1012,293,10,293,10,NaN,NaN,NaN,NaN,NaN,NaN,NaN,NaN,NaN,NaN,DB,NW,B,B,150,1013,NaN,S,90,NaN,
2022100406,c1l.2022,9X-C1L,TY,NN,10.7,305.8,25,1009,294,12,294,12,NaN,NaN,NaN,NaN,NaN,NaN,NaN,NaN,NaN,NaN,DB,NW,B,B,180,1011,NaN,M,90,NaN,
2022100412,c1l.2022,9X-C1L,TY,NN,11.0,304.3,25,1009,283,15,283,15,NaN,NaN,NaN,NaN,NaN,NaN,NaN,NaN,NaN,NaN,DB,NW,B,B,120,1011,NaN,M,90,NaN,
2022100418,c1l.2022,9X-C1L,TY,NN,11.2,302.9,30,1008,280,14,280,14,NaN,NaN,NaN,NaN,NaN,NaN,NaN,NaN,NaN,NaN,DB,NW,B,B,150,1011,NaN,M,90,NaN,
2022100500,c1l.2022,9X-C1L,TY,NN,11.4,301.6,30,1007,279,13,279,13,NaN,NaN,NaN,NaN,NaN,NaN,NaN,NaN,NaN,NaN,DB,NW,B,B,150,1011,NaN,M,80,NaN,
2022100506,c1l.2022,9X-C1L,TY,NN,11.5,300.3,30,1007,277,13,277,13,NaN,NaN,NaN,NaN,NaN,NaN,NaN,NaN,NaN,NaN,DB,NW,B,B,150,1009,NaN,M,80,NaN,
2022100512,c1l.2022,9X-C1L,TY,NN,11.5,298.3,30,1007,272,16,272,16,NaN,NaN,NaN,NaN,NaN,NaN,NaN,NaN,NaN,NaN,DB,NW,B,B,150,1010,NaN,M,80,NaN,
2022100518,c1l.2022,9X-C1L,TY,NN,11.4,297.2,30,1006,268,15,268,15,NaN,NaN,NaN,NaN,NaN,NaN,NaN,NaN,NaN,NaN,DB,NW,B,B,120,1008,NaN,S,90,NaN,
2022100600,c1l.2022,9X-C1L,TY,NN,11.4,296.3,30,1006,267,10,267,10,NaN,NaN,NaN,NaN,NaN,NaN,NaN,NaN,NaN,NaN,DB,NW,B,B,120,1008,0.02,S,90,NaN,
2022100606,c1l.2022,9X-C1L,TY,NN,11.4,295.0,30,1006,270,11,270,11,NaN,NaN,NaN,NaN,NaN,NaN,NaN,NaN,NaN,NaN,DB,NW,B,B,120,1008,NaN,M,90,NaN,
2022100612,18e.2022,JULIA,TY,NN,11.4,293.5,30,1006,281,13,270,14,NaN,NaN,NaN,NaN,NaN,NaN,NaN,NaN,NaN,NaN,DB,WN,B,B,120,1009,0.01,M,70,RJB,
2022100618,18e.2022,JULIA,TY,NN,11.6,292.2,30,1005,281,13,274,14,NaN,NaN,NaN,NaN,NaN,NaN,NaN,NaN,NaN,NaN,DB,WN,B,B,100,1009,0.02,M,70,RJB,
2022100700,18e.2022,JULIA,TY,NN,11.9,290.8,30,1004,281,13,281,13,NaN,NaN,NaN,NaN,NaN,NaN,NaN,NaN,NaN,NaN,TD,WN,B,B,100,1009,0.03,M,70,JLB,
2022100706,18e.2022,JULIA,TY,NN,12.1,289.4,30,1004,280,14,280,14,NaN,NaN,NaN,NaN,NaN,NaN,NaN,NaN,NaN,NaN,TD,WN,B,B,100,1009,0.12,M,70,BJR,
2022100712,18e.2022,JULIA,TY,NN,12.5,287.9,35,1002,282,14,282,14,70,70,,,,NaN,NaN,NaN,NaN,NaN,TS,WN,B,B,120,1009,0.20,M,60,RJB,
2022100718,18e.2022,JULIA,TY,NN,12.8,286.2,40,1002,283,16,283,16,80,80,,,,NaN,NaN,NaN,NaN,NaN,TS,WN,B,B,130,1008,NaN,M,50,RJB,
2022100800,18e.2022,JULIA,TY,NN,12.8,284.5,45,999,275,17,275,17,80,90,,,70,NaN,NaN,NaN,NaN,NaN,TS,WN,B,B,160,1008,NaN,M,40,JLB,
2022100806,18e.2022,JULIA,TY,NN,12.7,282.8,50,999,268,17,268,17,90,100,,,80,40,40,,,,TS,WN,B,B,160,1008,NaN,M,40,BJR,
2022100812,18e.2022,JULIA,TY,NN,12.7,281.1,55,994,268,17,268,17,65,100,40,40,80,30,40,20,40,30,TS,WN,B,B,170,1008,NaN,M,30,RJB,
2022100818,18e.2022,JULIA,TY,NN,12.6,279.5,60,993,268,16,268,16,72,100,50,50,90,33,40,30,50,30,TS,WN,B,B,180,1008,NaN,M,30,RJB,
2022100900,18e.2022,JULIA,TY,NN,12.5,278.0,65,989,266,15,266,15,80,100,60,60,100,30,40,30,60,30,HU,WN,B,B,180,1008,NaN,D,30,JLB,
2022100906,18e.2022,JULIA,TY,NN,12.4,276.7,75,982,266,14,266,14,82,100,70,60,100,30,40,30,60,30,HU,WN,B,B,180,1008,0.35,D,25,BJR,
2022100912,18e.2022,JULIA,TY,NN,12.3,275.3,65,985,266,13,266,13,68,80,60,50,80,28,40,20,50,30,HU,WN,B,B,140,1006,0.95,D,25,RJB,
2022100918,18e.2022,JULIA,TY,NN,12.3,273.8,45,988,268,14,268,14,45,50,40,40,50,NaN,NaN,NaN,NaN,NaN,TS,WN,B,B,100,1006,0.88,D,25,RJB,
2022101000,18e.2022,JULIA,TY,NN,12.6,272.4,40,993,276,14,276,14,40,40,50,30,40,NaN,NaN,NaN,NaN,NaN,TS,WN,B,B,100,1005,0.22,M,30,DPB,
2022101006,18e.2022,JULIA,TY,NN,13.1,271.2,35,998,288,13,288,13,27,30,30,,20,NaN,NaN,NaN,NaN,NaN,TS,WN,B,B,100,1005,0.14,M,30,BJR,
2022101012,18e.2022,JULIA,TY,NN,13.7,270.1,30,1002,296,12,296,12,NaN,NaN,NaN,NaN,NaN,NaN,NaN,NaN,NaN,NaN,TD,WN,B,B,90,1005,0.31,M,30,ESB,
2022101018,18e.2022,JULIA,TY,NN,14.5,269.0,25,1006,303,13,303,13,NaN,NaN,NaN,NaN,NaN,NaN,NaN,NaN,NaN,NaN,DB,WN,B,B,90,1008,0.97,S,60,ESB,
2022101700,c0e.2022,9X-C0E,TY,NN,9.4,265.5,15,NaN,295,11,295,11,NaN,NaN,NaN,NaN,NaN,NaN,NaN,NaN,NaN,NaN,DB,NW,B,B,NaN,NaN,NaN,NaN,NaN,NaN,
2022101706,c0e.2022,9X-C0E,TY,NN,9.7,264.4,15,NaN,295,11,295,11,NaN,NaN,NaN,NaN,NaN,NaN,NaN,NaN,NaN,NaN,DB,NW,B,B,NaN,NaN,NaN,NaN,NaN,NaN,
2022101712,c0e.2022,9X-C0E,TY,NN,10.3,263.5,15,NaN,295,11,295,11,NaN,NaN,NaN,NaN,NaN,NaN,NaN,NaN,NaN,NaN,DB,NW,B,B,NaN,NaN,NaN,NaN,NaN,NaN,
2022101718,c0e.2022,9X-C0E,TY,NN,10.8,263.0,15,NaN,309,9,309,9,NaN,NaN,NaN,NaN,NaN,NaN,NaN,NaN,NaN,NaN,DB,NW,B,B,NaN,NaN,NaN,NaN,NaN,NaN,
2022101800,c0e.2022,9X-C0E,TY,NN,11.4,262.6,25,1008,321,7,321,7,NaN,NaN,NaN,NaN,NaN,NaN,NaN,NaN,NaN,NaN,DB,NW,B,B,180,1011,NaN,S,100,NaN,
2022101806,c0e.2022,9X-C0E,TY,NN,12.1,262.2,25,1008,329,8,329,8,NaN,NaN,NaN,NaN,NaN,NaN,NaN,NaN,NaN,NaN,DB,NW,B,B,180,1011,NaN,S,90,NaN,
2022101812,c0e.2022,9X-C0E,TY,NN,12.9,261.8,25,1008,332,8,332,8,NaN,NaN,NaN,NaN,NaN,NaN,NaN,NaN,NaN,NaN,DB,NW,B,B,180,1011,NaN,S,90,NaN,
2022101818,c0e.2022,9X-C0E,TY,NN,13.9,261.6,25,1008,342,9,342,9,NaN,NaN,NaN,NaN,NaN,NaN,NaN,NaN,NaN,NaN,DB,NW,B,B,180,1011,NaN,S,90,NaN,
2022101900,c0e.2022,9X-C0E,TY,NN,14.3,261.1,25,1008,334,8,334,8,NaN,NaN,NaN,NaN,NaN,NaN,NaN,NaN,NaN,NaN,DB,NW,B,B,180,1011,NaN,S,90,NaN,
2022101906,c0e.2022,9X-C0E,TY,NN,14.7,260.4,25,1008,305,7,305,7,NaN,NaN,NaN,NaN,NaN,NaN,NaN,NaN,NaN,NaN,DB,NW,B,B,180,1011,NaN,S,80,NaN,
2022101912,c0e.2022,9X-C0E,TY,NN,14.9,259.8,25,1008,295,7,295,7,NaN,NaN,NaN,NaN,NaN,NaN,NaN,NaN,NaN,NaN,DB,NW,B,B,180,1011,NaN,S,80,NaN,
2022101918,c0e.2022,9X-C0E,TY,NN,15.0,259.4,25,1008,287,5,287,5,NaN,NaN,NaN,NaN,NaN,NaN,NaN,NaN,NaN,NaN,LO,NW,B,B,180,1011,NaN,S,80,NaN,
2022102000,19e.2022,ROSLYN,TY,NN,15.1,259.1,30,1007,270,4,286,4,NaN,NaN,NaN,NaN,NaN,NaN,NaN,NaN,NaN,NaN,TD,WN,B,B,150,1011,NaN,S,70,NaN,
2022102006,19e.2022,ROSLYN,TY,NN,15.1,258.7,30,1007,270,4,278,3,NaN,NaN,NaN,NaN,NaN,NaN,NaN,NaN,NaN,NaN,TD,WN,B,B,120,1011,NaN,S,60,RJB,
2022102012,19e.2022,ROSLYN,TY,NN,15.1,258.2,35,1006,270,4,270,4,50,50,,,,NaN,NaN,NaN,NaN,NaN,TS,WN,B,B,120,1011,NaN,M,50,JLB,
2022102018,19e.2022,ROSLYN,TY,NN,15.3,257.6,40,1004,281,5,281,5,50,50,,,,NaN,NaN,NaN,NaN,NaN,TS,WN,B,B,120,1011,NaN,M,40,JLB,
2022102100,19e.2022,ROSLYN,TY,NN,15.6,257.0,45,1001,293,6,293,6,50,50,50,,,NaN,NaN,NaN,NaN,NaN,TS,WN,B,B,120,1010,NaN,M,40,BJR,
2022102106,19e.2022,ROSLYN,TY,NN,15.9,256.5,50,999,300,6,300,6,55,60,80,20,60,40,40,,20,,TS,WN,B,B,180,1011,NaN,M,40,RJB,
2022102112,19e.2022,ROSLYN,TY,NN,16.2,255.9,55,997,300,6,300,6,55,60,80,20,60,40,40,,20,,TS,WN,B,B,180,1011,NaN,M,30,JLB,
2022102118,19e.2022,ROSLYN,TY,NN,16.4,255.3,60,992,293,6,293,6,50,60,70,20,50,20,30,,20,10,TS,WN,B,B,180,1011,NaN,D,20,JLB,
2022102200,19e.2022,ROSLYN,TY,NN,16.6,254.7,75,982,289,6,289,6,52,60,70,30,50,23,30,20,30,20,HU,WN,B,B,120,1009,NaN,D,15,RJP,
2022102206,19e.2022,ROSLYN,TY,NN,17.0,254.2,100,963,300,6,300,6,58,70,70,40,50,22,30,20,40,20,HU,WN,B,B,120,1009,NaN,D,15,RJB,
2022102212,19e.2022,ROSLYN,TY,NN,17.6,253.8,110,955,319,7,319,7,58,70,70,40,50,30,40,30,40,30,HU,WN,B,B,120,1009,NaN,D,10,JLB,
2022102218,19e.2022,ROSLYN,TY,NN,18.5,253.4,115,954,333,8,333,8,58,70,70,40,50,30,40,30,40,30,HU,WN,B,B,120,1010,NaN,D,10,JLB,
2022102300,19e.2022,ROSLYN,TY,NN,19.5,253.3,115,954,346,10,346,10,58,70,70,40,50,30,40,30,40,30,HU,WN,B,B,100,1008,NaN,D,10,RJP,
2022102306,19e.2022,ROSLYN,TY,NN,20.5,253.6,110,958,5,10,5,10,60,70,70,50,50,32,40,30,50,30,HU,WN,B,B,100,1008,NaN,D,10,ESB,
2022102312,19e.2022,ROSLYN,TY,NN,22.1,254.5,100,962,23,14,23,14,58,60,70,50,50,30,30,30,50,30,HU,WN,B,B,100,1008,0.57,D,10,LRB,
2022102318,19e.2022,ROSLYN,TY,NN,23.9,256.1,60,990,34,21,34,21,48,50,50,40,50,28,30,30,40,30,TS,WN,B,B,90,1008,1.00,D,15,DPB,
2022102400,19e.2022,ROSLYN,TY,NN,25.6,258.5,25,1006,46,25,46,25,NaN,NaN,NaN,NaN,NaN,NaN,NaN,NaN,NaN,NaN,LO,WN,B,B,90,1008,1.00,D,30,RJP,
2022081006,a0c.2022,9X-A0C,TD,NONdev,12.1,205.1,25,1011,287,12,287,12,NaN,NaN,NaN,NaN,NaN,NaN,NaN,NaN,NaN,NaN,DB,NW,b,b,90,1013,NaN,NaN,120,NaN,
2022081012,a0c.2022,9X-A0C,TD,NONdev,12.4,203.9,25,1011,287,12,287,12,NaN,NaN,NaN,NaN,NaN,NaN,NaN,NaN,NaN,NaN,DB,NW,b,b,90,1013,NaN,NaN,120,NaN,
2022081018,a0c.2022,9X-A0C,TD,NONdev,12.8,202.7,25,1010,287,12,287,12,NaN,NaN,NaN,NaN,NaN,NaN,NaN,NaN,NaN,NaN,LO,NW,b,b,90,1012,NaN,NaN,120,NaN,
2022081100,a0c.2022,9X-A0C,TD,NONdev,13.6,201.8,25,1010,295,12,300,12,NaN,NaN,NaN,NaN,NaN,NaN,NaN,NaN,NaN,NaN,LO,NW,C,C,125,1012,NaN,S,120,NaN,
2022081106,a0c.2022,9X-A0C,TD,NONdev,14.5,200.5,25,1010,305,15,308,14,NaN,NaN,NaN,NaN,NaN,NaN,NaN,NaN,NaN,NaN,LO,NW,C,C,125,1013,NaN,S,120,NaN,
2022081112,a0c.2022,9X-A0C,TD,NONdev,15.2,199.3,25,1010,305,15,303,15,NaN,NaN,NaN,NaN,NaN,NaN,NaN,NaN,NaN,NaN,LO,NW,C,C,125,1013,NaN,S,120,NaN,
2022081118,a0c.2022,9X-A0C,TD,NONdev,15.7,197.5,25,1010,295,16,293,16,NaN,NaN,NaN,NaN,NaN,NaN,NaN,NaN,NaN,NaN,LO,NW,C,C,120,1012,NaN,S,90,NaN,
2022081200,a0c.2022,9X-A0C,TD,NONdev,15.9,195.3,25,1010,290,17,280,20,NaN,NaN,NaN,NaN,NaN,NaN,NaN,NaN,NaN,NaN,LO,NW,C,C,120,1012,NaN,S,90,NaN,
2022081206,a0c.2022,9X-A0C,TD,NONdev,16.5,194.0,25,1011,280,12,283,17,NaN,NaN,NaN,NaN,NaN,NaN,NaN,NaN,NaN,NaN,LO,NW,C,C,100,1013,NaN,S,80,NaN,
2022081212,a0c.2022,9X-A0C,TD,NONdev,16.3,192.4,30,1011,275,14,278,14,NaN,NaN,NaN,NaN,NaN,NaN,NaN,NaN,NaN,NaN,DB,NW,C,C,100,1013,NaN,S,50,NaN,
2022011912,a0e.2022,9X-A0E,TS,NONdev,19.7,228.1,30,1009,303,7,303,7,NaN,NaN,NaN,NaN,NaN,NaN,NaN,NaN,NaN,NaN,LO,NW,b,b,120,1012,NaN,NaN,60,NaN,
2022011918,a0e.2022,9X-A0E,TS,NONdev,20.1,227.4,30,1009,303,7,303,7,NaN,NaN,NaN,NaN,NaN,NaN,NaN,NaN,NaN,NaN,LO,NW,b,b,120,1012,NaN,NaN,50,NaN,
2022012000,a0e.2022,9X-A0E,TS,NONdev,20.5,226.8,30,1009,303,7,303,7,NaN,NaN,NaN,NaN,NaN,NaN,NaN,NaN,NaN,NaN,LO,NW,b,b,120,1012,NaN,NaN,40,NaN,
2022012006,a0e.2022,9X-A0E,TS,NONdev,20.9,226.0,35,1007,301,8,301,8,140,140,,,,NaN,NaN,NaN,NaN,NaN,LO,NW,b,b,130,1012,NaN,NaN,40,NaN,
2022012012,a0e.2022,9X-A0E,TS,NONdev,21.7,224.7,40,1006,305,10,301,11,140,140,,,,NaN,NaN,NaN,NaN,NaN,LO,NW,C,C,130,1012,NaN,M,40,NaN,
2022012018,a0e.2022,9X-A0E,TS,NONdev,21.8,223.9,40,1006,295,10,295,11,140,140,,,,NaN,NaN,NaN,NaN,NaN,LO,NW,C,C,130,1012,NaN,M,40,NaN,
2022012100,a0e.2022,9X-A0E,TS,NONdev,22.3,223.4,40,1006,305,7,296,7,140,140,,,,NaN,NaN,NaN,NaN,NaN,LO,NW,C,C,130,1012,NaN,M,40,NaN,
2022012106,a0e.2022,9X-A0E,TS,NONdev,22.8,222.1,40,1006,300,9,301,10,140,140,,,,NaN,NaN,NaN,NaN,NaN,LO,NW,C,C,130,1012,NaN,M,60,NaN,
2022012112,a0e.2022,9X-A0E,TS,NONdev,23.0,221.1,35,1006,288,11,288,11,140,140,,,,NaN,NaN,NaN,NaN,NaN,LO,NW,b,b,130,1012,NaN,M,60,NaN,
2022052412,a1e.2022,9X-A1E,TD,DEV,9.3,265.7,15,NaN,63,6,63,6,NaN,NaN,NaN,NaN,NaN,NaN,NaN,NaN,NaN,NaN,DB,NW,b,b,NaN,NaN,NaN,NaN,NaN,NaN,
2022052418,a1e.2022,9X-A1E,TD,DEV,9.5,265.5,15,NaN,63,6,63,6,NaN,NaN,NaN,NaN,NaN,NaN,NaN,NaN,NaN,NaN,DB,NW,b,b,NaN,NaN,NaN,NaN,NaN,NaN,
2022052500,a1e.2022,9X-A1E,TD,DEV,9.8,266.7,15,NaN,63,6,63,6,NaN,NaN,NaN,NaN,NaN,NaN,NaN,NaN,NaN,NaN,DB,NW,b,b,NaN,NaN,NaN,NaN,NaN,NaN,
2022052506,a1e.2022,9X-A1E,TD,DEV,10.3,266.5,15,NaN,51,6,51,6,NaN,NaN,NaN,NaN,NaN,NaN,NaN,NaN,NaN,NaN,DB,NW,b,b,NaN,NaN,NaN,NaN,NaN,NaN,
2022052512,a1e.2022,9X-A1E,TD,DEV,10.8,266.3,25,NaN,339,5,339,5,NaN,NaN,NaN,NaN,NaN,NaN,NaN,NaN,NaN,NaN,DB,NW,b,b,180,1011,NaN,NaN,130,NaN,
2022052518,a1e.2022,9X-A1E,TD,DEV,11.0,265.0,25,1009,345,4,295,8,NaN,NaN,NaN,NaN,NaN,NaN,NaN,NaN,NaN,NaN,DB,NW,C,C,180,1011,NaN,S,130,NaN,
2022052600,a1e.2022,9X-A1E,TD,DEV,12.0,266.0,25,1009,345,6,346,6,NaN,NaN,NaN,NaN,NaN,NaN,NaN,NaN,NaN,NaN,DB,NW,C,C,180,1011,NaN,S,130,NaN,
2022052606,a1e.2022,9X-A1E,TD,DEV,12.3,265.8,25,1009,340,4,31,8,NaN,NaN,NaN,NaN,NaN,NaN,NaN,NaN,NaN,NaN,DB,NW,C,C,180,1011,NaN,S,130,NaN,
2022052612,a1e.2022,9X-A1E,TD,DEV,12.7,265.5,25,1009,335,4,325,4,NaN,NaN,NaN,NaN,NaN,NaN,NaN,NaN,NaN,NaN,DB,NW,C,C,180,1011,NaN,S,130,NaN,
2022052618,a1e.2022,9X-A1E,TD,DEV,12.4,266.2,25,1009,5,3,76,2,NaN,NaN,NaN,NaN,NaN,NaN,NaN,NaN,NaN,NaN,DB,NW,C,C,180,1011,NaN,S,70,NaN,
2022052700,a1e.2022,9X-A1E,TD,DEV,12.5,265.1,25,1008,295,4,243,2,NaN,NaN,NaN,NaN,NaN,NaN,NaN,NaN,NaN,NaN,LO,NW,C,C,180,1010,NaN,S,70,NaN,
2022052706,a1e.2022,9X-A1E,TD,DEV,12.7,264.7,25,1008,295,4,282,7,NaN,NaN,NaN,NaN,NaN,NaN,NaN,NaN,NaN,NaN,LO,NW,C,C,150,1010,NaN,S,70,NaN,
2022052712,a1e.2022,9X-A1E,TD,DEV,13.0,263.6,25,1008,285,7,289,8,NaN,NaN,NaN,NaN,NaN,NaN,NaN,NaN,NaN,NaN,LO,NW,C,C,150,1010,NaN,S,70,NaN,
2022052718,a1e.2022,9X-A1E,TD,DEV,13.0,262.5,25,1008,275,9,278,11,NaN,NaN,NaN,NaN,NaN,NaN,NaN,NaN,NaN,NaN,LO,NW,C,C,150,1010,NaN,S,60,NaN,
2022061000,a2e.2022,9X-A2E,TD,DEV,11.8,266.0,20,1008,327,5,327,5,NaN,NaN,NaN,NaN,NaN,NaN,NaN,NaN,NaN,NaN,DB,NW,b,b,120,1009,NaN,NaN,90,NaN,
2022061006,a2e.2022,9X-A2E,TD,DEV,12.3,265.7,20,1008,327,5,327,5,NaN,NaN,NaN,NaN,NaN,NaN,NaN,NaN,NaN,NaN,DB,NW,b,b,120,1009,NaN,NaN,90,NaN,
2022061012,a2e.2022,9X-A2E,TD,DEV,12.7,265.4,20,1008,327,5,327,5,NaN,NaN,NaN,NaN,NaN,NaN,NaN,NaN,NaN,NaN,DB,NW,b,b,120,1009,NaN,NaN,90,NaN,
2022061018,a2e.2022,9X-A2E,TD,DEV,13.0,265.1,20,1008,320,5,320,5,NaN,NaN,NaN,NaN,NaN,NaN,NaN,NaN,NaN,NaN,DB,NW,b,b,120,1009,NaN,NaN,90,NaN,
2022061100,a2e.2022,9X-A2E,TD,DEV,13.4,264.8,20,1008,325,5,320,5,NaN,NaN,NaN,NaN,NaN,NaN,NaN,NaN,NaN,NaN,DB,NW,C,C,120,1009,NaN,S,90,NaN,
2022061106,a2e.2022,9X-A2E,TD,DEV,13.7,264.4,20,1008,316,5,316,5,NaN,NaN,NaN,NaN,NaN,NaN,NaN,NaN,NaN,NaN,DB,NW,b,b,120,1009,NaN,NaN,90,NaN,
2022061112,a2e.2022,9X-A2E,TD,DEV,13.8,263.9,20,1008,295,5,295,5,NaN,NaN,NaN,NaN,NaN,NaN,NaN,NaN,NaN,NaN,DB,NW,C,C,120,1009,NaN,S,90,NaN,
2022061118,a2e.2022,9X-A2E,TD,DEV,13.8,263.3,20,1008,285,5,275,5,NaN,NaN,NaN,NaN,NaN,NaN,NaN,NaN,NaN,NaN,DB,NW,C,C,120,1009,NaN,S,90,NaN,
2022061200,a2e.2022,9X-A2E,TD,DEV,13.6,262.5,20,1008,265,5,262,7,NaN,NaN,NaN,NaN,NaN,NaN,NaN,NaN,NaN,NaN,DB,NW,C,C,120,1009,NaN,S,90,NaN,
2022061206,a2e.2022,9X-A2E,TD,DEV,13.1,261.5,20,1008,248,9,248,9,NaN,NaN,NaN,NaN,NaN,NaN,NaN,NaN,NaN,NaN,DB,NW,b,b,120,1009,NaN,NaN,90,NaN,
2022061212,a2e.2022,9X-A2E,TD,DEV,12.5,260.5,20,1008,245,10,241,11,NaN,NaN,NaN,NaN,NaN,NaN,NaN,NaN,NaN,NaN,DB,NW,C,C,120,1009,NaN,S,90,NaN,
2022061218,a2e.2022,9X-A2E,TD,DEV,12.5,260.0,25,1007,270,9,248,8,NaN,NaN,NaN,NaN,NaN,NaN,NaN,NaN,NaN,NaN,DB,NW,C,C,120,1009,NaN,S,90,NaN,
2022061300,a2e.2022,9X-A2E,TD,DEV,12.7,259.5,25,1007,290,5,282,5,NaN,NaN,NaN,NaN,NaN,NaN,NaN,NaN,NaN,NaN,DB,NW,C,C,180,1009,NaN,S,90,NaN,
2022061306,a2e.2022,9X-A2E,TD,DEV,12.3,258.8,25,1007,265,6,260,6,NaN,NaN,NaN,NaN,NaN,NaN,NaN,NaN,NaN,NaN,LO,NW,C,C,240,1010,NaN,S,90,NaN,
2022061312,a2e.2022,9X-A2E,TD,DEV,12.3,258.2,25,1007,270,6,253,7,NaN,NaN,NaN,NaN,NaN,NaN,NaN,NaN,NaN,NaN,LO,NW,C,C,240,1010,NaN,S,90,NaN,
2022061318,a2e.2022,9X-A2E,TD,DEV,13.0,257.3,30,1007,285,7,296,8,NaN,NaN,NaN,NaN,NaN,NaN,NaN,NaN,NaN,NaN,DB,NW,C,C,240,1010,NaN,S,90,NaN,
2022061400,a2e.2022,9X-A2E,TD,DEV,13.4,257.4,30,1006,320,4,325,7,NaN,NaN,NaN,NaN,NaN,NaN,NaN,NaN,NaN,NaN,LO,NW,C,C,180,1008,NaN,S,90,NaN,
2022061318,a3e.2022,9X-A3E,TD,DEV,12.0,272.0,15,NaN,307,2,307,2,NaN,NaN,NaN,NaN,NaN,NaN,NaN,NaN,NaN,NaN,DB,NW,b,b,NaN,NaN,NaN,NaN,NaN,NaN,
2022061400,a3e.2022,9X-A3E,TD,DEV,12.2,271.8,15,NaN,307,2,307,2,NaN,NaN,NaN,NaN,NaN,NaN,NaN,NaN,NaN,NaN,DB,NW,b,b,NaN,NaN,NaN,NaN,NaN,NaN,
2022061406,a3e.2022,9X-A3E,TD,DEV,12.3,271.6,15,NaN,307,2,307,2,NaN,NaN,NaN,NaN,NaN,NaN,NaN,NaN,NaN,NaN,DB,NW,b,b,NaN,NaN,NaN,NaN,NaN,NaN,
2022061412,a3e.2022,9X-A3E,TD,DEV,12.3,271.4,20,1007,295,2,284,2,NaN,NaN,NaN,NaN,NaN,NaN,NaN,NaN,NaN,NaN,DB,NW,C,C,90,1009,NaN,S,40,NaN,
2022061418,a3e.2022,9X-A3E,TD,DEV,12.5,270.5,25,1007,285,4,281,5,NaN,NaN,NaN,NaN,NaN,NaN,NaN,NaN,NaN,NaN,DB,NW,C,C,90,1009,NaN,S,40,NaN,
2022061500,a3e.2022,9X-A3E,TD,DEV,12.4,270.2,25,1007,270,4,275,6,NaN,NaN,NaN,NaN,NaN,NaN,NaN,NaN,NaN,NaN,DB,NW,C,C,120,1009,NaN,S,60,NaN,
2022061506,a3e.2022,9X-A3E,TD,DEV,12.0,270.2,25,1007,245,3,210,3,NaN,NaN,NaN,NaN,NaN,NaN,NaN,NaN,NaN,NaN,DB,NW,C,C,120,1009,NaN,S,60,NaN,
2022061512,a3e.2022,9X-A3E,TD,DEV,11.8,269.3,25,1007,245,5,236,5,NaN,NaN,NaN,NaN,NaN,NaN,NaN,NaN,NaN,NaN,DB,NW,C,C,120,1009,NaN,S,60,NaN,
2022061518,a3e.2022,9X-A3E,TD,DEV,11.5,268.6,25,1007,245,6,252,8,NaN,NaN,NaN,NaN,NaN,NaN,NaN,NaN,NaN,NaN,DB,NW,C,C,120,1009,NaN,S,50,NaN,
2022061600,a3e.2022,9X-A3E,TD,DEV,11.5,268.6,25,1007,250,4,246,4,NaN,NaN,NaN,NaN,NaN,NaN,NaN,NaN,NaN,NaN,DB,NW,C,C,120,1009,NaN,S,50,NaN,
2022061606,a3e.2022,9X-A3E,TD,DEV,11.1,268.9,25,1007,205,2,144,2,NaN,NaN,NaN,NaN,NaN,NaN,NaN,NaN,NaN,NaN,DB,NW,C,C,120,1009,NaN,S,50,NaN,
2022061612,a3e.2022,9X-A3E,TD,DEV,10.7,269.8,25,1006,140,4,124,7,NaN,NaN,NaN,NaN,NaN,NaN,NaN,NaN,NaN,NaN,LO,NW,C,C,120,1009,NaN,S,40,NaN,
2022062618,a4e.2022,9X-A4E,TD,DEV,10.2,267.6,20,1011,279,6,279,6,NaN,NaN,NaN,NaN,NaN,NaN,NaN,NaN,NaN,NaN,DB,NW,b,b,NaN,NaN,NaN,NaN,NaN,NaN,
2022062700,a4e.2022,9X-A4E,TD,DEV,10.3,266.9,20,1011,279,6,279,6,NaN,NaN,NaN,NaN,NaN,NaN,NaN,NaN,NaN,NaN,DB,NW,b,b,NaN,NaN,NaN,NaN,NaN,NaN,
2022062706,a4e.2022,9X-A4E,TD,DEV,10.4,266.3,20,1011,279,6,279,6,NaN,NaN,NaN,NaN,NaN,NaN,NaN,NaN,NaN,NaN,DB,NW,b,b,NaN,NaN,NaN,NaN,NaN,NaN,
2022062712,a4e.2022,9X-A4E,TD,DEV,10.5,265.6,20,1011,279,6,279,6,NaN,NaN,NaN,NaN,NaN,NaN,NaN,NaN,NaN,NaN,DB,NW,b,b,NaN,NaN,NaN,NaN,NaN,NaN,
2022070700,a5e.2022,9X-A5E,TD,DEV,9.9,264.0,20,1010,270,12,270,12,NaN,NaN,NaN,NaN,NaN,NaN,NaN,NaN,NaN,NaN,DB,NW,b,b,120,1011,NaN,NaN,70,NaN,
2022070706,a5e.2022,9X-A5E,TD,DEV,9.9,262.8,20,1010,270,12,270,12,NaN,NaN,NaN,NaN,NaN,NaN,NaN,NaN,NaN,NaN,DB,NW,b,b,120,1011,NaN,NaN,70,NaN,
2022070712,a5e.2022,9X-A5E,TD,DEV,9.9,261.6,20,1010,270,12,270,12,NaN,NaN,NaN,NaN,NaN,NaN,NaN,NaN,NaN,NaN,DB,NW,b,b,120,1011,NaN,NaN,70,NaN,
2022070718,a5e.2022,9X-A5E,TD,DEV,10.0,260.4,20,1010,270,12,272,12,NaN,NaN,NaN,NaN,NaN,NaN,NaN,NaN,NaN,NaN,DB,NW,C,C,120,1011,NaN,S,70,NaN,
2022070800,a5e.2022,9X-A5E,TD,DEV,11.0,259.0,20,1009,285,11,293,14,NaN,NaN,NaN,NaN,NaN,NaN,NaN,NaN,NaN,NaN,DB,NW,C,C,150,1010,NaN,S,80,NaN,
2022070806,a5e.2022,9X-A5E,TD,DEV,11.5,257.4,25,1009,290,16,297,17,NaN,NaN,NaN,NaN,NaN,NaN,NaN,NaN,NaN,NaN,DB,NW,C,C,150,1010,NaN,S,80,NaN,
2022070812,a5e.2022,9X-A5E,TD,DEV,12.2,255.3,25,1009,290,19,288,19,NaN,NaN,NaN,NaN,NaN,NaN,NaN,NaN,NaN,NaN,DB,NW,C,C,150,1011,NaN,S,80,NaN,
2022070818,a5e.2022,9X-A5E,TD,DEV,12.6,253.5,25,1009,290,19,286,20,NaN,NaN,NaN,NaN,NaN,NaN,NaN,NaN,NaN,NaN,DB,NW,C,C,150,1011,NaN,S,80,NaN,
2022070900,a5e.2022,9X-A5E,TD,DEV,13.2,252.0,25,1009,285,17,287,17,NaN,NaN,NaN,NaN,NaN,NaN,NaN,NaN,NaN,NaN,DB,NW,C,C,150,1011,NaN,S,80,NaN,
2022070906,a5e.2022,9X-A5E,TD,DEV,13.5,250.3,25,1009,285,17,286,16,NaN,NaN,NaN,NaN,NaN,NaN,NaN,NaN,NaN,NaN,DB,NW,C,C,150,1011,NaN,S,80,NaN,
2022070912,a5e.2022,9X-A5E,TD,DEV,13.8,249.0,30,1008,280,15,282,15,NaN,NaN,NaN,NaN,NaN,NaN,NaN,NaN,NaN,NaN,DB,NW,C,C,150,1011,NaN,S,80,NaN,
2022070800,a6e.2022,9X-A6E,TD,DEV,12.0,268.0,15,NaN,360,0,360,0,NaN,NaN,NaN,NaN,NaN,NaN,NaN,NaN,NaN,NaN,DB,NW,b,b,NaN,NaN,NaN,NaN,NaN,NaN,
2022070806,a6e.2022,9X-A6E,TD,DEV,12.0,268.0,15,NaN,360,0,360,0,NaN,NaN,NaN,NaN,NaN,NaN,NaN,NaN,NaN,NaN,DB,NW,b,b,NaN,NaN,NaN,NaN,NaN,NaN,
2022070812,a6e.2022,9X-A6E,TD,DEV,12.0,268.0,15,NaN,360,0,360,0,NaN,NaN,NaN,NaN,NaN,NaN,NaN,NaN,NaN,NaN,DB,NW,b,b,NaN,NaN,NaN,NaN,NaN,NaN,
2022070818,a6e.2022,9X-A6E,TD,DEV,12.0,268.0,15,NaN,360,0,360,0,NaN,NaN,NaN,NaN,NaN,NaN,NaN,NaN,NaN,NaN,DB,NW,b,b,NaN,NaN,NaN,NaN,NaN,NaN,
2022070900,a6e.2022,9X-A6E,TD,DEV,12.0,268.0,15,NaN,360,0,360,0,NaN,NaN,NaN,NaN,NaN,NaN,NaN,NaN,NaN,NaN,DB,NW,b,b,NaN,NaN,NaN,NaN,NaN,NaN,
2022070906,a6e.2022,9X-A6E,TD,DEV,12.0,268.0,15,NaN,360,0,360,0,NaN,NaN,NaN,NaN,NaN,NaN,NaN,NaN,NaN,NaN,DB,NW,b,b,NaN,NaN,NaN,NaN,NaN,NaN,
2022070912,a6e.2022,9X-A6E,TD,DEV,12.0,268.0,15,NaN,360,0,360,0,NaN,NaN,NaN,NaN,NaN,NaN,NaN,NaN,NaN,NaN,DB,NW,b,b,NaN,NaN,NaN,NaN,NaN,NaN,
2022070918,a6e.2022,9X-A6E,TD,DEV,12.0,268.0,15,NaN,360,0,360,0,NaN,NaN,NaN,NaN,NaN,NaN,NaN,NaN,NaN,NaN,DB,NW,b,b,NaN,NaN,NaN,NaN,NaN,NaN,
2022071000,a6e.2022,9X-A6E,TD,DEV,12.0,268.0,15,NaN,360,0,360,0,NaN,NaN,NaN,NaN,NaN,NaN,NaN,NaN,NaN,NaN,DB,NW,b,b,NaN,NaN,NaN,NaN,NaN,NaN,
2022071006,a6e.2022,9X-A6E,TD,DEV,12.0,268.0,15,NaN,360,0,360,0,NaN,NaN,NaN,NaN,NaN,NaN,NaN,NaN,NaN,NaN,DB,NW,b,b,NaN,NaN,NaN,NaN,NaN,NaN,
2022071012,a6e.2022,9X-A6E,TD,DEV,12.0,268.0,15,NaN,360,0,360,0,NaN,NaN,NaN,NaN,NaN,NaN,NaN,NaN,NaN,NaN,DB,NW,b,b,NaN,NaN,NaN,NaN,NaN,NaN,
2022071018,a6e.2022,9X-A6E,TD,DEV,12.0,268.0,15,NaN,360,0,360,0,NaN,NaN,NaN,NaN,NaN,NaN,NaN,NaN,NaN,NaN,DB,NW,b,b,NaN,NaN,NaN,NaN,NaN,NaN,
2022071100,a6e.2022,9X-A6E,TD,DEV,12.0,268.0,15,NaN,360,0,360,0,NaN,NaN,NaN,NaN,NaN,NaN,NaN,NaN,NaN,NaN,DB,NW,b,b,NaN,NaN,NaN,NaN,NaN,NaN,
2022071106,a6e.2022,9X-A6E,TD,DEV,12.0,268.0,15,NaN,360,0,360,0,NaN,NaN,NaN,NaN,NaN,NaN,NaN,NaN,NaN,NaN,DB,NW,b,b,NaN,NaN,NaN,NaN,NaN,NaN,
2022071112,a6e.2022,9X-A6E,TD,DEV,12.0,268.0,15,NaN,360,0,360,0,NaN,NaN,NaN,NaN,NaN,NaN,NaN,NaN,NaN,NaN,DB,NW,b,b,NaN,NaN,NaN,NaN,NaN,NaN,
2022071118,a6e.2022,9X-A6E,TD,DEV,12.0,268.0,15,NaN,360,0,360,0,NaN,NaN,NaN,NaN,NaN,NaN,NaN,NaN,NaN,NaN,DB,NW,b,b,NaN,NaN,NaN,NaN,NaN,NaN,
2022071200,a6e.2022,9X-A6E,TD,DEV,12.0,268.0,15,NaN,360,0,360,0,NaN,NaN,NaN,NaN,NaN,NaN,NaN,NaN,NaN,NaN,DB,NW,b,b,NaN,NaN,NaN,NaN,NaN,NaN,
2022071206,a6e.2022,9X-A6E,TD,DEV,12.0,268.0,15,NaN,360,0,360,0,NaN,NaN,NaN,NaN,NaN,NaN,NaN,NaN,NaN,NaN,DB,NW,b,b,NaN,NaN,NaN,NaN,NaN,NaN,
2022071212,a6e.2022,9X-A6E,TD,DEV,12.0,268.0,15,NaN,360,0,360,0,NaN,NaN,NaN,NaN,NaN,NaN,NaN,NaN,NaN,NaN,DB,NW,b,b,NaN,NaN,NaN,NaN,NaN,NaN,
2022071218,a6e.2022,9X-A6E,TD,DEV,10.5,269.0,20,1010,147,9,147,9,NaN,NaN,NaN,NaN,NaN,NaN,NaN,NaN,NaN,NaN,DB,NW,b,b,NaN,NaN,NaN,NaN,NaN,NaN,
2022071300,a6e.2022,9X-A6E,TD,DEV,10.5,268.6,20,1010,159,8,159,8,NaN,NaN,NaN,NaN,NaN,NaN,NaN,NaN,NaN,NaN,DB,NW,b,b,NaN,NaN,NaN,NaN,NaN,NaN,
2022071306,a6e.2022,9X-A6E,TD,DEV,10.5,267.5,20,1010,270,7,270,7,NaN,NaN,NaN,NaN,NaN,NaN,NaN,NaN,NaN,NaN,DB,NW,b,b,NaN,NaN,NaN,NaN,NaN,NaN,
2022071312,a6e.2022,9X-A6E,TD,DEV,10.5,266.5,20,1010,270,10,270,10,NaN,NaN,NaN,NaN,NaN,NaN,NaN,NaN,NaN,NaN,DB,NW,b,b,NaN,NaN,NaN,NaN,NaN,NaN,
2022071318,a6e.2022,9X-A6E,TD,DEV,10.5,265.5,20,1010,270,10,270,10,NaN,NaN,NaN,NaN,NaN,NaN,NaN,NaN,NaN,NaN,DB,NW,C,C,150,1012,NaN,S,90,NaN,
2022071400,a6e.2022,9X-A6E,TD,DEV,10.5,264.5,25,1010,270,10,270,10,NaN,NaN,NaN,NaN,NaN,NaN,NaN,NaN,NaN,NaN,DB,NW,C,C,150,1012,NaN,S,90,NaN,
2022071406,a6e.2022,9X-A6E,TD,DEV,10.5,263.4,25,1010,270,10,270,10,NaN,NaN,NaN,NaN,NaN,NaN,NaN,NaN,NaN,NaN,DB,NW,C,C,150,1012,NaN,S,80,NaN,
2022071412,a6e.2022,9X-A6E,TD,DEV,10.6,262.1,25,1010,270,11,272,12,NaN,NaN,NaN,NaN,NaN,NaN,NaN,NaN,NaN,NaN,DB,NW,C,C,150,1012,NaN,S,80,NaN,
2022071418,a6e.2022,9X-A6E,TD,DEV,11.0,261.4,30,1009,285,10,284,10,NaN,NaN,NaN,NaN,NaN,NaN,NaN,NaN,NaN,NaN,DB,NW,C,C,150,1012,NaN,S,80,NaN,
2022071500,a6e.2022,9X-A6E,TD,DEV,11.0,260.9,30,1009,290,6,289,6,NaN,NaN,NaN,NaN,NaN,NaN,NaN,NaN,NaN,NaN,DB,NW,C,C,160,1011,NaN,S,80,NaN,
2022071506,a6e.2022,9X-A6E,TD,DEV,11.3,260.2,25,1009,290,7,284,6,NaN,NaN,NaN,NaN,NaN,NaN,NaN,NaN,NaN,NaN,DB,NW,C,C,160,1011,NaN,S,80,NaN,
2022072312,a7e.2022,9X-A7E,TD,DEV,10.4,269.2,15,1011,280,5,280,5,NaN,NaN,NaN,NaN,NaN,NaN,NaN,NaN,NaN,NaN,DB,NW,b,b,NaN,NaN,NaN,NaN,NaN,NaN,
2022072318,a7e.2022,9X-A7E,TD,DEV,10.6,268.6,15,1011,280,5,280,5,NaN,NaN,NaN,NaN,NaN,NaN,NaN,NaN,NaN,NaN,DB,NW,b,b,NaN,NaN,NaN,NaN,NaN,NaN,
2022072400,a7e.2022,9X-A7E,TD,DEV,10.6,268.1,15,1010,280,5,280,5,NaN,NaN,NaN,NaN,NaN,NaN,NaN,NaN,NaN,NaN,DB,NW,b,b,NaN,NaN,NaN,NaN,NaN,NaN,
2022072406,a7e.2022,9X-A7E,TD,DEV,10.7,267.5,15,1010,275,5,275,5,NaN,NaN,NaN,NaN,NaN,NaN,NaN,NaN,NaN,NaN,DB,NW,b,b,NaN,NaN,NaN,NaN,NaN,NaN,
2022072412,a7e.2022,9X-A7E,TD,DEV,10.8,266.8,20,1010,279,6,279,6,NaN,NaN,NaN,NaN,NaN,NaN,NaN,NaN,NaN,NaN,DB,NW,b,b,NaN,NaN,NaN,NaN,NaN,NaN,
2022072418,a7e.2022,9X-A7E,TD,DEV,10.8,266.2,25,1010,275,6,274,6,NaN,NaN,NaN,NaN,NaN,NaN,NaN,NaN,NaN,NaN,DB,NW,C,C,150,1012,NaN,S,90,NaN,
2022072500,a7e.2022,9X-A7E,TD,DEV,11.0,264.6,25,1009,275,10,275,11,NaN,NaN,NaN,NaN,NaN,NaN,NaN,NaN,NaN,NaN,DB,NW,C,C,150,1012,NaN,S,90,NaN,
2022072506,a7e.2022,9X-A7E,TD,DEV,11.3,263.4,25,1009,280,11,280,14,NaN,NaN,NaN,NaN,NaN,NaN,NaN,NaN,NaN,NaN,DB,NW,C,C,150,1012,NaN,S,90,NaN,
2022072512,a7e.2022,9X-A7E,TD,DEV,11.0,262.0,25,1009,270,12,270,13,NaN,NaN,NaN,NaN,NaN,NaN,NaN,NaN,NaN,NaN,DB,NW,C,C,150,1012,NaN,S,60,NaN,
2022072518,a7e.2022,9X-A7E,TD,DEV,11.0,260.8,30,1008,270,12,263,13,NaN,NaN,NaN,NaN,NaN,NaN,NaN,NaN,NaN,NaN,LO,NW,C,C,150,1012,NaN,S,70,NaN,
2022072600,a7e.2022,9X-A7E,TD,DEV,11.2,259.8,30,1008,275,11,275,11,NaN,NaN,NaN,NaN,NaN,NaN,NaN,NaN,NaN,NaN,LO,NW,C,C,150,1012,NaN,S,70,NaN,
2022072512,a8e.2022,9X-A8E,TD,DEV,14.5,249.3,20,NaN,291,4,291,4,NaN,NaN,NaN,NaN,NaN,NaN,NaN,NaN,NaN,NaN,DB,NW,b,b,120,1011,NaN,NaN,60,NaN,
2022072518,a8e.2022,9X-A8E,TD,DEV,14.8,248.7,20,NaN,291,4,291,4,NaN,NaN,NaN,NaN,NaN,NaN,NaN,NaN,NaN,NaN,DB,NW,b,b,120,1011,NaN,NaN,60,NaN,
2022072600,a8e.2022,9X-A8E,TD,DEV,14.8,248.5,20,NaN,291,4,291,4,NaN,NaN,NaN,NaN,NaN,NaN,NaN,NaN,NaN,NaN,DB,NW,b,b,120,1011,NaN,NaN,60,NaN,
2022072606,a8e.2022,9X-A8E,TD,DEV,14.5,247.7,20,NaN,253,5,253,5,NaN,NaN,NaN,NaN,NaN,NaN,NaN,NaN,NaN,NaN,DB,NW,b,b,120,1011,NaN,NaN,60,NaN,
2022072612,a8e.2022,9X-A8E,TD,DEV,15.1,247.7,20,1009,285,4,291,4,NaN,NaN,NaN,NaN,NaN,NaN,NaN,NaN,NaN,NaN,DB,NW,C,C,120,1011,NaN,S,60,NaN,
2022072618,a8e.2022,9X-A8E,TD,DEV,15.4,247.7,25,1008,305,3,360,5,NaN,NaN,NaN,NaN,NaN,NaN,NaN,NaN,NaN,NaN,DB,NW,C,C,120,1011,NaN,S,60,NaN,
2022072700,a8e.2022,9X-A8E,TD,DEV,16.1,247.2,25,1008,310,5,334,6,NaN,NaN,NaN,NaN,NaN,NaN,NaN,NaN,NaN,NaN,DB,NW,C,C,120,1011,NaN,S,60,NaN,
2022072706,a8e.2022,9X-A8E,TD,DEV,16.1,246.6,25,1008,270,6,303,6,NaN,NaN,NaN,NaN,NaN,NaN,NaN,NaN,NaN,NaN,DB,NW,C,C,120,1011,NaN,S,60,NaN,
2022080318,a9e.2022,9X-A9E,TD,DEV,9.7,268.0,20,NaN,281,8,281,8,NaN,NaN,NaN,NaN,NaN,NaN,NaN,NaN,NaN,NaN,DB,NW,b,b,120,1011,NaN,NaN,80,NaN,
2022080400,a9e.2022,9X-A9E,TD,DEV,9.8,267.2,20,NaN,281,8,281,8,NaN,NaN,NaN,NaN,NaN,NaN,NaN,NaN,NaN,NaN,DB,NW,b,b,120,1011,NaN,NaN,80,NaN,
2022080406,a9e.2022,9X-A9E,TD,DEV,10.0,266.5,25,1008,281,8,281,8,NaN,NaN,NaN,NaN,NaN,NaN,NaN,NaN,NaN,NaN,DB,NW,b,b,150,1011,NaN,NaN,80,NaN,
2022080412,a9e.2022,9X-A9E,TD,DEV,10.2,265.8,25,1008,286,7,286,7,NaN,NaN,NaN,NaN,NaN,NaN,NaN,NaN,NaN,NaN,DB,NW,b,b,150,1011,NaN,NaN,80,NaN,
2022080418,a9e.2022,9X-A9E,TD,DEV,10.5,265.0,30,1007,290,8,289,8,NaN,NaN,NaN,NaN,NaN,NaN,NaN,NaN,NaN,NaN,DB,NW,C,C,150,1011,NaN,S,80,NaN,
2022080500,a9e.2022,9X-A9E,TD,DEV,10.8,264.0,30,1007,285,10,289,9,NaN,NaN,NaN,NaN,NaN,NaN,NaN,NaN,NaN,NaN,DB,NW,C,C,150,1011,NaN,S,80,NaN,
2022080506,a9e.2022,9X-A9E,TD,DEV,11.8,261.3,30,1007,290,19,290,19,NaN,NaN,NaN,NaN,NaN,NaN,NaN,NaN,NaN,NaN,DB,NW,b,b,150,1011,NaN,NaN,80,NaN,
2022080512,a9e.2022,9X-A9E,TD,DEV,12.1,260.0,30,1007,290,16,288,21,NaN,NaN,NaN,NaN,NaN,NaN,NaN,NaN,NaN,NaN,DB,NW,C,C,150,1011,NaN,S,80,NaN,
2022080518,a9e.2022,9X-A9E,TD,DEV,12.3,257.4,30,1007,280,18,277,19,NaN,NaN,NaN,NaN,NaN,NaN,NaN,NaN,NaN,NaN,DB,NW,C,C,150,1011,NaN,S,60,NaN,
2022080600,a9e.2022,9X-A9E,TD,DEV,12.4,256.7,30,1007,285,15,275,16,NaN,NaN,NaN,NaN,NaN,NaN,NaN,NaN,NaN,NaN,DB,NW,C,C,150,1011,NaN,S,60,NaN,
2022080606,a9e.2022,9X-A9E,TD,DEV,12.7,255.9,30,1007,285,10,285,8,NaN,NaN,NaN,NaN,NaN,NaN,NaN,NaN,NaN,NaN,DB,NW,C,C,150,1010,NaN,S,60,NaN,
2022080918,b0e.2022,9X-B0E,TD,DEV,12.0,262.0,20,1011,270,10,270,10,NaN,NaN,NaN,NaN,NaN,NaN,NaN,NaN,NaN,NaN,DB,NW,b,b,150,1013,NaN,NaN,90,NaN,
2022081000,b0e.2022,9X-B0E,TD,DEV,12.0,261.1,15,1011,270,10,270,10,NaN,NaN,NaN,NaN,NaN,NaN,NaN,NaN,NaN,NaN,DB,NW,b,b,150,1013,NaN,NaN,90,NaN,
2022081006,b0e.2022,9X-B0E,TD,DEV,12.0,260.0,15,1011,270,10,270,10,NaN,NaN,NaN,NaN,NaN,NaN,NaN,NaN,NaN,NaN,DB,NW,b,b,150,1013,NaN,NaN,90,NaN,
2022081012,b0e.2022,9X-B0E,TD,DEV,12.0,259.0,15,1011,270,10,270,10,NaN,NaN,NaN,NaN,NaN,NaN,NaN,NaN,NaN,NaN,DB,NW,b,b,150,1013,NaN,NaN,90,NaN,
2022081018,b0e.2022,9X-B0E,TD,DEV,12.0,258.0,20,1011,270,10,270,10,NaN,NaN,NaN,NaN,NaN,NaN,NaN,NaN,NaN,NaN,DB,NW,C,C,150,1013,NaN,S,90,NaN,
2022081100,b0e.2022,9X-B0E,TD,DEV,12.5,257.2,20,1011,285,9,286,9,NaN,NaN,NaN,NaN,NaN,NaN,NaN,NaN,NaN,NaN,DB,NW,C,C,150,1013,NaN,S,90,NaN,
2022081106,b0e.2022,9X-B0E,TD,DEV,12.4,256.3,25,1010,280,9,284,9,NaN,NaN,NaN,NaN,NaN,NaN,NaN,NaN,NaN,NaN,DB,NW,C,C,180,1013,NaN,S,90,NaN,
2022081112,b0e.2022,9X-B0E,TD,DEV,13.5,254.5,20,1010,295,14,291,14,NaN,NaN,NaN,NaN,NaN,NaN,NaN,NaN,NaN,NaN,DB,NW,C,C,200,1012,NaN,S,90,NaN,
2022081118,b0e.2022,9X-B0E,TD,DEV,13.8,254.1,25,1009,295,10,303,13,NaN,NaN,NaN,NaN,NaN,NaN,NaN,NaN,NaN,NaN,LO,NW,C,C,200,1012,NaN,S,70,NaN,
2022081200,b0e.2022,9X-B0E,TD,DEV,14.1,253.6,25,1009,295,7,304,5,NaN,NaN,NaN,NaN,NaN,NaN,NaN,NaN,NaN,NaN,LO,NW,C,C,200,1011,NaN,S,70,NaN,
2022081206,b0e.2022,9X-B0E,TD,DEV,14.5,252.8,25,1009,300,7,299,7,NaN,NaN,NaN,NaN,NaN,NaN,NaN,NaN,NaN,NaN,LO,NW,C,C,200,1011,NaN,S,70,NaN,
2022081212,b0e.2022,9X-B0E,TD,DEV,15.2,252.7,25,1009,315,7,322,7,NaN,NaN,NaN,NaN,NaN,NaN,NaN,NaN,NaN,NaN,LO,NW,C,C,200,1011,NaN,S,70,NaN,
2022081218,b0e.2022,9X-B0E,TD,DEV,15.9,252.3,25,1009,320,7,341,7,NaN,NaN,NaN,NaN,NaN,NaN,NaN,NaN,NaN,NaN,LO,NW,C,C,200,1011,NaN,S,70,NaN,
2022081300,b0e.2022,9X-B0E,TD,DEV,16.8,251.4,25,1009,320,9,322,10,NaN,NaN,NaN,NaN,NaN,NaN,NaN,NaN,NaN,NaN,LO,NW,C,C,180,1011,NaN,S,70,NaN,
2022081306,b0e.2022,9X-B0E,TD,DEV,17.4,250.3,25,1009,315,10,308,12,NaN,NaN,NaN,NaN,NaN,NaN,NaN,NaN,NaN,NaN,LO,NW,C,C,180,1011,NaN,S,70,NaN,
2022081312,b0e.2022,9X-B0E,TD,DEV,17.8,249.7,30,1008,305,10,302,10,NaN,NaN,NaN,NaN,NaN,NaN,NaN,NaN,NaN,NaN,LO,NW,C,C,120,1011,NaN,S,40,NaN,
2022082018,b1e.2022,9X-B1E,TD,NONdev,14.7,251.1,20,1012,308,10,308,10,NaN,NaN,NaN,NaN,NaN,NaN,NaN,NaN,NaN,NaN,DB,NW,b,b,300,1014,NaN,NaN,60,NaN,
2022082100,b1e.2022,9X-B1E,TD,NONdev,15.3,250.3,20,1012,308,10,308,10,NaN,NaN,NaN,NaN,NaN,NaN,NaN,NaN,NaN,NaN,DB,NW,b,b,300,1014,NaN,NaN,60,NaN,
2022082106,b1e.2022,9X-B1E,TD,NONdev,16.0,249.4,20,1012,308,10,308,10,NaN,NaN,NaN,NaN,NaN,NaN,NaN,NaN,NaN,NaN,DB,NW,b,b,300,1014,NaN,NaN,60,NaN,
2022082112,b1e.2022,9X-B1E,TD,NONdev,16.7,248.5,20,1012,309,11,309,11,NaN,NaN,NaN,NaN,NaN,NaN,NaN,NaN,NaN,NaN,DB,NW,b,b,300,1014,NaN,NaN,60,NaN,
2022082118,b1e.2022,9X-B1E,TD,NONdev,17.5,247.6,25,1012,310,11,311,11,NaN,NaN,NaN,NaN,NaN,NaN,NaN,NaN,NaN,NaN,DB,NW,C,C,300,1014,NaN,S,60,NaN,
2022082200,b1e.2022,9X-B1E,TD,NONdev,17.7,246.4,25,1012,300,11,296,11,NaN,NaN,NaN,NaN,NaN,NaN,NaN,NaN,NaN,NaN,DB,NW,C,C,200,1014,NaN,S,80,NaN,
2022082206,b1e.2022,9X-B1E,TD,NONdev,17.7,245.8,25,1012,280,9,277,9,NaN,NaN,NaN,NaN,NaN,NaN,NaN,NaN,NaN,NaN,DB,NW,C,C,200,1014,NaN,S,100,NaN,
2022082212,b1e.2022,9X-B1E,TD,NONdev,18.2,245.6,25,1012,295,7,303,5,NaN,NaN,NaN,NaN,NaN,NaN,NaN,NaN,NaN,NaN,DB,NW,C,C,200,1014,NaN,S,100,NaN,
2022082218,b1e.2022,9X-B1E,TD,NONdev,18.6,244.4,25,1012,295,8,304,8,NaN,NaN,NaN,NaN,NaN,NaN,NaN,NaN,NaN,NaN,DB,NW,C,C,200,1014,NaN,S,100,NaN,
2022082300,b1e.2022,9X-B1E,TD,NONdev,18.7,244.0,30,1011,290,7,288,8,NaN,NaN,NaN,NaN,NaN,NaN,NaN,NaN,NaN,NaN,DB,NW,C,C,200,1013,NaN,S,60,NaN,
2022082306,b1e.2022,9X-B1E,TD,NONdev,18.5,243.6,30,1011,275,5,262,4,NaN,NaN,NaN,NaN,NaN,NaN,NaN,NaN,NaN,NaN,DB,NW,C,C,200,1013,NaN,S,60,NaN,
2022082312,b1e.2022,9X-B1E,TD,NONdev,18.5,244.0,30,1010,270,2,180,1,NaN,NaN,NaN,NaN,NaN,NaN,NaN,NaN,NaN,NaN,DB,NW,C,C,200,1012,NaN,S,60,NaN,
2022082318,b1e.2022,9X-B1E,TD,NONdev,18.5,243.3,25,1009,270,5,270,1,NaN,NaN,NaN,NaN,NaN,NaN,NaN,NaN,NaN,NaN,DB,NW,C,C,200,1011,NaN,S,60,NaN,
2022082400,b1e.2022,9X-B1E,TD,NONdev,18.5,242.7,25,1009,270,5,270,6,NaN,NaN,NaN,NaN,NaN,NaN,NaN,NaN,NaN,NaN,DB,NW,C,C,200,1011,NaN,S,60,NaN,
2022082406,b1e.2022,9X-B1E,TD,NONdev,18.3,243.1,25,1009,260,2,223,1,NaN,NaN,NaN,NaN,NaN,NaN,NaN,NaN,NaN,NaN,DB,NW,C,C,200,1011,NaN,S,50,NaN,
2022083012,b2e.2022,9X-B2E,TD,DEV,13.2,258.5,20,1008,283,13,283,13,NaN,NaN,NaN,NaN,NaN,NaN,NaN,NaN,NaN,NaN,DB,NW,b,b,NaN,NaN,NaN,NaN,NaN,NaN,
2022083018,b2e.2022,9X-B2E,TD,DEV,13.5,257.2,20,1007,283,13,283,13,NaN,NaN,NaN,NaN,NaN,NaN,NaN,NaN,NaN,NaN,DB,NW,b,b,NaN,NaN,NaN,NaN,NaN,NaN,
2022083100,b2e.2022,9X-B2E,TD,DEV,13.8,255.9,20,1007,285,13,283,13,NaN,NaN,NaN,NaN,NaN,NaN,NaN,NaN,NaN,NaN,DB,NW,C,C,150,1008,NaN,S,90,NaN,
2022083106,b2e.2022,9X-B2E,TD,DEV,14.1,254.7,20,1007,285,13,284,13,NaN,NaN,NaN,NaN,NaN,NaN,NaN,NaN,NaN,NaN,DB,NW,C,C,150,1008,NaN,S,90,NaN,
2022083112,b2e.2022,9X-B2E,TD,DEV,15.0,254.0,20,1007,295,11,303,11,NaN,NaN,NaN,NaN,NaN,NaN,NaN,NaN,NaN,NaN,DB,NW,C,C,150,1008,NaN,S,90,NaN,
2022083118,b2e.2022,9X-B2E,TD,DEV,16.0,253.0,30,1007,300,11,319,13,NaN,NaN,NaN,NaN,NaN,NaN,NaN,NaN,NaN,NaN,DB,NW,C,C,150,1009,NaN,S,90,NaN,
2022090100,b2e.2022,9X-B2E,TD,DEV,16.6,252.1,30,1006,305,11,311,12,NaN,NaN,NaN,NaN,NaN,NaN,NaN,NaN,NaN,NaN,DB,NW,C,C,180,1008,NaN,S,90,NaN,
2022090106,b2e.2022,9X-B2E,TD,DEV,17.3,250.9,30,1005,300,12,303,12,NaN,NaN,NaN,NaN,NaN,NaN,NaN,NaN,NaN,NaN,DB,NW,C,C,180,1008,NaN,S,100,NaN,
2022090112,b2e.2022,9X-B2E,TD,DEV,18.0,250.2,30,1004,305,11,308,11,NaN,NaN,NaN,NaN,NaN,NaN,NaN,NaN,NaN,NaN,DB,NW,C,C,240,1007,NaN,S,100,NaN,
2022090100,b3e.2022,9X-B3E,TD,DEV,15.5,266.5,15,NaN,197,7,197,7,NaN,NaN,NaN,NaN,NaN,NaN,NaN,NaN,NaN,NaN,DB,NW,b,b,NaN,NaN,0.28,NaN,NaN,NaN,
2022090106,b3e.2022,9X-B3E,TD,DEV,14.9,266.4,15,NaN,197,7,197,7,NaN,NaN,NaN,NaN,NaN,NaN,NaN,NaN,NaN,NaN,DB,NW,b,b,NaN,NaN,0.02,NaN,NaN,NaN,
2022090112,b3e.2022,9X-B3E,TD,DEV,14.2,266.1,20,1008,197,7,197,7,NaN,NaN,NaN,NaN,NaN,NaN,NaN,NaN,NaN,NaN,DB,NW,b,b,NaN,NaN,NaN,NaN,NaN,NaN,
2022090118,b3e.2022,9X-B3E,TD,DEV,13.5,265.8,20,1008,203,8,203,8,NaN,NaN,NaN,NaN,NaN,NaN,NaN,NaN,NaN,NaN,DB,NW,b,b,NaN,NaN,NaN,NaN,NaN,NaN,
2022090200,b3e.2022,9X-B3E,TD,DEV,12.9,265.4,20,1008,208,7,208,7,NaN,NaN,NaN,NaN,NaN,NaN,NaN,NaN,NaN,NaN,DB,NW,b,b,180,1009,NaN,S,60,NaN,
2022090206,b3e.2022,9X-B3E,TD,DEV,12.6,264.6,20,1008,232,7,232,7,NaN,NaN,NaN,NaN,NaN,NaN,NaN,NaN,NaN,NaN,DB,NW,b,b,180,1009,NaN,S,60,NaN,
2022090212,b3e.2022,9X-B3E,TD,DEV,12.5,264.3,20,1008,250,6,250,6,NaN,NaN,NaN,NaN,NaN,NaN,NaN,NaN,NaN,NaN,DB,NW,b,b,180,1009,NaN,S,60,NaN,
2022090218,b3e.2022,9X-B3E,TD,DEV,12.5,264.0,20,1008,260,3,260,3,NaN,NaN,NaN,NaN,NaN,NaN,NaN,NaN,NaN,NaN,DB,NW,b,b,180,1009,NaN,S,60,NaN,
2022090300,b3e.2022,9X-B3E,TD,DEV,12.5,263.7,25,1007,270,3,270,3,NaN,NaN,NaN,NaN,NaN,NaN,NaN,NaN,NaN,NaN,DB,NW,b,b,200,1009,NaN,S,60,NaN,
2022090306,b3e.2022,9X-B3E,TD,DEV,12.6,263.3,25,1007,278,3,278,3,NaN,NaN,NaN,NaN,NaN,NaN,NaN,NaN,NaN,NaN,DB,NW,b,b,200,1009,NaN,S,60,NaN,
2022090312,b3e.2022,9X-B3E,TD,DEV,12.8,262.6,25,1006,286,6,286,6,NaN,NaN,NaN,NaN,NaN,NaN,NaN,NaN,NaN,NaN,DB,NW,b,b,200,1008,NaN,S,60,NaN,
2022090318,b3e.2022,9X-B3E,TD,DEV,13.2,261.8,25,1006,292,8,292,8,NaN,NaN,NaN,NaN,NaN,NaN,NaN,NaN,NaN,NaN,DB,NW,b,b,200,1008,NaN,S,60,NaN,
2022090400,b3e.2022,9X-B3E,TD,DEV,13.6,261.0,25,1006,297,9,297,9,NaN,NaN,NaN,NaN,NaN,NaN,NaN,NaN,NaN,NaN,DB,NW,b,b,170,1008,NaN,S,60,NaN,
2022090406,b3e.2022,9X-B3E,TD,DEV,13.8,260.1,30,1006,290,9,290,9,NaN,NaN,NaN,NaN,NaN,NaN,NaN,NaN,NaN,NaN,DB,NW,b,b,180,1009,NaN,S,60,NaN,
2022091118,b4e.2022,9X-B4E,TS,DEV,15.8,255.1,20,1009,270,6,270,6,NaN,NaN,NaN,NaN,NaN,NaN,NaN,NaN,NaN,NaN,LO,NW,b,b,NaN,NaN,NaN,NaN,NaN,NaN,
2022091200,b4e.2022,9X-B4E,TS,DEV,15.8,254.4,20,1009,270,6,270,6,NaN,NaN,NaN,NaN,NaN,NaN,NaN,NaN,NaN,NaN,LO,NW,b,b,NaN,NaN,NaN,NaN,NaN,NaN,
2022091206,b4e.2022,9X-B4E,TS,DEV,15.8,253.8,25,1008,270,6,270,6,NaN,NaN,NaN,NaN,NaN,NaN,NaN,NaN,NaN,NaN,LO,NW,b,b,NaN,NaN,NaN,NaN,NaN,NaN,
2022091212,b4e.2022,9X-B4E,TS,DEV,15.8,253.2,25,1008,270,6,270,6,NaN,NaN,NaN,NaN,NaN,NaN,NaN,NaN,NaN,NaN,LO,NW,C,C,90,1010,NaN,S,30,NaN,
2022091218,b4e.2022,9X-B4E,TS,DEV,15.8,252.5,25,1008,270,6,270,6,NaN,NaN,NaN,NaN,NaN,NaN,NaN,NaN,NaN,NaN,LO,NW,C,C,90,1012,NaN,S,30,NaN,
2022091300,b4e.2022,9X-B4E,TS,DEV,15.8,251.7,25,1008,270,8,270,7,NaN,NaN,NaN,NaN,NaN,NaN,NaN,NaN,NaN,NaN,LO,NW,C,C,90,1012,NaN,S,30,NaN,
2022091306,b4e.2022,9X-B4E,TS,DEV,15.6,251.8,25,1008,260,4,253,4,NaN,NaN,NaN,NaN,NaN,NaN,NaN,NaN,NaN,NaN,LO,NW,C,C,120,1012,NaN,S,30,NaN,
2022091312,b4e.2022,9X-B4E,TS,DEV,15.9,251.9,20,1008,0,1,63,1,NaN,NaN,NaN,NaN,NaN,NaN,NaN,NaN,NaN,NaN,LO,NW,C,C,120,1010,NaN,S,30,NaN,
2022091318,b4e.2022,9X-B4E,TS,DEV,16.0,251.5,20,1009,315,1,324,2,NaN,NaN,NaN,NaN,NaN,NaN,NaN,NaN,NaN,NaN,LO,NW,C,C,120,1010,NaN,S,30,NaN,
2022091400,b4e.2022,9X-B4E,TS,DEV,16.0,251.2,20,1009,305,2,278,3,NaN,NaN,NaN,NaN,NaN,NaN,NaN,NaN,NaN,NaN,LO,NW,C,C,120,1010,NaN,S,30,NaN,
2022091406,b4e.2022,9X-B4E,TS,DEV,16.1,251.3,20,1009,290,2,297,1,NaN,NaN,NaN,NaN,NaN,NaN,NaN,NaN,NaN,NaN,LO,NW,C,C,120,1010,NaN,S,30,NaN,
2022091412,b4e.2022,9X-B4E,TS,DEV,16.0,251.4,20,1008,270,0,90,1,NaN,NaN,NaN,NaN,NaN,NaN,NaN,NaN,NaN,NaN,LO,NW,C,C,120,1009,NaN,S,30,NaN,
2022091418,b4e.2022,9X-B4E,TS,DEV,15.5,252.0,25,1007,130,4,132,5,NaN,NaN,NaN,NaN,NaN,NaN,NaN,NaN,NaN,NaN,LO,NW,C,C,120,1009,NaN,S,30,NaN,
2022091500,b4e.2022,9X-B4E,TS,DEV,15.2,252.7,25,1007,120,5,123,7,NaN,NaN,NaN,NaN,NaN,NaN,NaN,NaN,NaN,NaN,LO,NW,C,C,120,1009,NaN,S,30,NaN,
2022091506,b4e.2022,9X-B4E,TS,DEV,15.4,252.5,25,1007,120,3,102,2,NaN,NaN,NaN,NaN,NaN,NaN,NaN,NaN,NaN,NaN,LO,NW,C,C,120,1009,NaN,S,30,NaN,
2022091512,b4e.2022,9X-B4E,TS,DEV,15.2,253.7,25,1007,100,8,90,5,NaN,NaN,NaN,NaN,NaN,NaN,NaN,NaN,NaN,NaN,LO,NW,C,C,200,1009,NaN,S,50,NaN,
2022091518,b4e.2022,9X-B4E,TS,DEV,15.2,253.5,25,1007,100,5,102,5,NaN,NaN,NaN,NaN,NaN,NaN,NaN,NaN,NaN,NaN,LO,NW,C,C,200,1010,NaN,S,50,NaN,
2022091600,b4e.2022,9X-B4E,TS,DEV,15.2,253.2,25,1007,90,1,270,2,NaN,NaN,NaN,NaN,NaN,NaN,NaN,NaN,NaN,NaN,LO,NW,C,C,200,1010,NaN,S,50,NaN,
2022091606,b4e.2022,9X-B4E,TS,DEV,14.8,252.8,25,1007,205,1,239,4,NaN,NaN,NaN,NaN,NaN,NaN,NaN,NaN,NaN,NaN,LO,NW,C,C,200,1010,NaN,S,50,NaN,
2022091612,b4e.2022,9X-B4E,TS,DEV,14.5,253.1,25,1007,210,3,188,4,NaN,NaN,NaN,NaN,NaN,NaN,NaN,NaN,NaN,NaN,LO,NW,C,C,200,1010,NaN,S,50,NaN,
2022091618,b4e.2022,9X-B4E,TS,DEV,14.7,253.1,30,1006,190,2,109,2,NaN,NaN,NaN,NaN,NaN,NaN,NaN,NaN,NaN,NaN,LO,NW,C,C,200,1010,NaN,S,50,NaN,
2022091700,b4e.2022,9X-B4E,TS,DEV,14.7,253.3,30,1006,45,1,44,1,NaN,NaN,NaN,NaN,NaN,NaN,NaN,NaN,NaN,NaN,DB,NW,C,C,200,1010,NaN,S,50,NaN,
2022091706,b4e.2022,9X-B4E,TS,DEV,14.9,253.5,30,1006,45,2,63,2,NaN,NaN,NaN,NaN,NaN,NaN,NaN,NaN,NaN,NaN,LO,NW,C,C,180,1008,NaN,S,50,NaN,
2022091712,b4e.2022,9X-B4E,TS,DEV,15.5,253.5,35,1003,25,3,14,4,165,,150,180,,NaN,NaN,NaN,NaN,NaN,LO,NW,C,C,160,1007,NaN,S,50,NaN,
2022091318,b5e.2022,9X-B5E,TD,DEV,12.6,264.7,20,NaN,71,2,71,2,NaN,NaN,NaN,NaN,NaN,NaN,NaN,NaN,NaN,NaN,DB,NW,b,b,NaN,NaN,NaN,NaN,NaN,NaN,
2022091400,b5e.2022,9X-B5E,TD,DEV,12.6,264.9,20,NaN,71,2,71,2,NaN,NaN,NaN,NaN,NaN,NaN,NaN,NaN,NaN,NaN,DB,NW,b,b,NaN,NaN,NaN,NaN,NaN,NaN,
2022091406,b5e.2022,9X-B5E,TD,DEV,12.7,265.0,20,NaN,71,2,71,2,NaN,NaN,NaN,NaN,NaN,NaN,NaN,NaN,NaN,NaN,DB,NW,b,b,NaN,NaN,NaN,NaN,NaN,NaN,
2022091412,b5e.2022,9X-B5E,TD,DEV,12.8,264.9,20,NaN,360,1,360,1,NaN,NaN,NaN,NaN,NaN,NaN,NaN,NaN,NaN,NaN,DB,NW,b,b,NaN,NaN,NaN,NaN,NaN,NaN,
2022091418,b5e.2022,9X-B5E,TD,DEV,12.8,264.7,20,1009,290,2,289,2,NaN,NaN,NaN,NaN,NaN,NaN,NaN,NaN,NaN,NaN,DB,NW,C,C,150,1010,NaN,S,70,NaN,
2022091500,b5e.2022,9X-B5E,TD,DEV,12.8,264.4,20,1009,280,2,270,2,NaN,NaN,NaN,NaN,NaN,NaN,NaN,NaN,NaN,NaN,DB,NW,C,C,150,1010,NaN,S,70,NaN,
2022091506,b5e.2022,9X-B5E,TD,DEV,12.5,264.1,20,1009,250,3,243,3,NaN,NaN,NaN,NaN,NaN,NaN,NaN,NaN,NaN,NaN,DB,NW,C,C,140,1010,NaN,S,70,NaN,
2022091512,b5e.2022,9X-B5E,TD,DEV,12.4,264.8,25,1007,100,3,136,3,NaN,NaN,NaN,NaN,NaN,NaN,NaN,NaN,NaN,NaN,LO,NW,C,C,120,1009,NaN,S,50,NaN,
2022091712,b6e.2022,9X-B6E,TD,DEV,14.0,260.0,15,NaN,360,0,360,0,NaN,NaN,NaN,NaN,NaN,NaN,NaN,NaN,NaN,NaN,DB,NW,b,b,NaN,NaN,NaN,NaN,NaN,NaN,
2022091718,b6e.2022,9X-B6E,TD,DEV,14.0,260.0,15,NaN,360,0,360,0,NaN,NaN,NaN,NaN,NaN,NaN,NaN,NaN,NaN,NaN,DB,NW,b,b,NaN,NaN,NaN,NaN,NaN,NaN,
2022091800,b6e.2022,9X-B6E,TD,DEV,14.0,260.0,15,NaN,360,0,360,0,NaN,NaN,NaN,NaN,NaN,NaN,NaN,NaN,NaN,NaN,DB,NW,b,b,NaN,NaN,NaN,NaN,NaN,NaN,
2022091806,b6e.2022,9X-B6E,TD,DEV,14.0,260.0,15,NaN,360,0,360,0,NaN,NaN,NaN,NaN,NaN,NaN,NaN,NaN,NaN,NaN,DB,NW,b,b,NaN,NaN,NaN,NaN,NaN,NaN,
2022091812,b6e.2022,9X-B6E,TD,DEV,14.0,260.0,15,NaN,360,0,360,0,NaN,NaN,NaN,NaN,NaN,NaN,NaN,NaN,NaN,NaN,DB,NW,b,b,NaN,NaN,NaN,NaN,NaN,NaN,
2022091818,b6e.2022,9X-B6E,TD,DEV,14.0,260.0,15,NaN,360,0,360,0,NaN,NaN,NaN,NaN,NaN,NaN,NaN,NaN,NaN,NaN,DB,NW,b,b,NaN,NaN,NaN,NaN,NaN,NaN,
2022091900,b6e.2022,9X-B6E,TD,DEV,14.0,260.0,15,NaN,360,0,360,0,NaN,NaN,NaN,NaN,NaN,NaN,NaN,NaN,NaN,NaN,DB,NW,b,b,NaN,NaN,NaN,NaN,NaN,NaN,
2022091906,b6e.2022,9X-B6E,TD,DEV,14.0,260.0,15,NaN,360,0,360,0,NaN,NaN,NaN,NaN,NaN,NaN,NaN,NaN,NaN,NaN,DB,NW,b,b,NaN,NaN,NaN,NaN,NaN,NaN,
2022091912,b6e.2022,9X-B6E,TD,DEV,14.0,260.0,15,NaN,360,0,360,0,NaN,NaN,NaN,NaN,NaN,NaN,NaN,NaN,NaN,NaN,DB,NW,b,b,NaN,NaN,NaN,NaN,NaN,NaN,
2022091918,b6e.2022,9X-B6E,TD,DEV,14.0,260.0,15,NaN,360,0,360,0,NaN,NaN,NaN,NaN,NaN,NaN,NaN,NaN,NaN,NaN,DB,NW,b,b,NaN,NaN,NaN,NaN,NaN,NaN,
2022092000,b6e.2022,9X-B6E,TD,DEV,15.6,260.0,25,NaN,360,8,360,8,NaN,NaN,NaN,NaN,NaN,NaN,NaN,NaN,NaN,NaN,DB,NW,b,b,NaN,NaN,NaN,NaN,NaN,NaN,
2022092006,b6e.2022,9X-B6E,TD,DEV,15.9,259.3,25,NaN,340,10,340,10,NaN,NaN,NaN,NaN,NaN,NaN,NaN,NaN,NaN,NaN,DB,NW,b,b,NaN,NaN,NaN,NaN,NaN,NaN,
2022092012,b6e.2022,9X-B6E,TD,DEV,16.4,258.8,25,NaN,305,7,305,7,NaN,NaN,NaN,NaN,NaN,NaN,NaN,NaN,NaN,NaN,DB,NW,b,b,NaN,NaN,NaN,NaN,NaN,NaN,
2022092018,b6e.2022,9X-B6E,TD,DEV,16.7,258.2,25,NaN,307,7,307,7,NaN,NaN,NaN,NaN,NaN,NaN,NaN,NaN,NaN,NaN,DB,NW,b,b,100,1010,NaN,NaN,50,NaN,
2022092100,b6e.2022,9X-B6E,TD,DEV,16.7,257.9,25,1008,285,7,289,5,NaN,NaN,NaN,NaN,NaN,NaN,NaN,NaN,NaN,NaN,DB,NW,C,C,100,1010,NaN,S,50,NaN,
2022092106,b6e.2022,9X-B6E,TD,DEV,16.7,256.4,25,1008,280,8,270,9,NaN,NaN,NaN,NaN,NaN,NaN,NaN,NaN,NaN,NaN,DB,NW,C,C,100,1010,NaN,S,40,NaN,
2022092112,b6e.2022,9X-B6E,TD,DEV,16.3,255.9,25,1007,260,7,258,10,NaN,NaN,NaN,NaN,NaN,NaN,NaN,NaN,NaN,NaN,LO,NW,C,C,100,1010,NaN,S,40,NaN,
2022092618,b7e.2022,9X-B7E,TD,DEV,13.4,264.6,15,NaN,250,7,250,7,NaN,NaN,NaN,NaN,NaN,NaN,NaN,NaN,NaN,NaN,DB,NW,b,b,NaN,NaN,NaN,NaN,NaN,NaN,
2022092700,b7e.2022,9X-B7E,TD,DEV,13.3,264.4,15,NaN,250,7,250,7,NaN,NaN,NaN,NaN,NaN,NaN,NaN,NaN,NaN,NaN,DB,NW,b,b,NaN,NaN,NaN,NaN,NaN,NaN,
2022092706,b7e.2022,9X-B7E,TD,DEV,12.9,263.2,15,NaN,250,7,250,7,NaN,NaN,NaN,NaN,NaN,NaN,NaN,NaN,NaN,NaN,DB,NW,b,b,NaN,NaN,NaN,NaN,NaN,NaN,
2022092712,b7e.2022,9X-B7E,TD,DEV,13.0,262.2,15,NaN,262,11,262,11,NaN,NaN,NaN,NaN,NaN,NaN,NaN,NaN,NaN,NaN,DB,NW,b,b,NaN,NaN,NaN,NaN,NaN,NaN,
2022092718,b7e.2022,9X-B7E,TD,DEV,13.4,260.4,25,1009,270,14,280,14,NaN,NaN,NaN,NaN,NaN,NaN,NaN,NaN,NaN,NaN,DB,NW,C,C,120,1011,NaN,S,100,NaN,
2022092800,b7e.2022,9X-B7E,TD,DEV,13.0,260.8,25,1008,275,9,270,7,NaN,NaN,NaN,NaN,NaN,NaN,NaN,NaN,NaN,NaN,DB,NW,C,C,120,1010,NaN,S,100,NaN,
2022092806,b7e.2022,9X-B7E,TD,DEV,13.3,259.2,25,1008,275,10,265,6,NaN,NaN,NaN,NaN,NaN,NaN,NaN,NaN,NaN,NaN,DB,NW,C,C,120,1010,NaN,S,100,NaN,
2022092812,b7e.2022,9X-B7E,TD,DEV,13.5,257.5,25,1008,280,14,279,16,NaN,NaN,NaN,NaN,NaN,NaN,NaN,NaN,NaN,NaN,DB,NW,C,C,120,1010,NaN,S,100,NaN,
2022092818,b7e.2022,9X-B7E,TD,DEV,14.0,257.3,30,1007,285,10,291,10,NaN,NaN,NaN,NaN,NaN,NaN,NaN,NaN,NaN,NaN,LO,NW,C,C,120,1010,NaN,S,30,NaN,
2022093018,b8e.2022,9X-B8E,TD,DEV,13.4,245.9,20,NaN,18,3,18,3,NaN,NaN,NaN,NaN,NaN,NaN,NaN,NaN,NaN,NaN,DB,NW,b,b,120,1011,NaN,NaN,90,NaN,
2022100100,b8e.2022,9X-B8E,TD,DEV,13.8,245.8,20,1009,18,3,18,3,NaN,NaN,NaN,NaN,NaN,NaN,NaN,NaN,NaN,NaN,DB,NW,b,b,120,1011,NaN,NaN,90,NaN,
2022100106,b8e.2022,9X-B8E,TD,DEV,14.0,246.1,20,1009,18,3,18,3,NaN,NaN,NaN,NaN,NaN,NaN,NaN,NaN,NaN,NaN,DB,NW,b,b,120,1011,NaN,NaN,90,NaN,
2022100112,b8e.2022,9X-B8E,TD,DEV,14.4,246.5,20,1009,49,5,49,5,NaN,NaN,NaN,NaN,NaN,NaN,NaN,NaN,NaN,NaN,DB,NW,b,b,120,1011,NaN,NaN,90,NaN,
2022100118,b8e.2022,9X-B8E,TD,DEV,14.6,246.8,20,1009,35,4,49,5,NaN,NaN,NaN,NaN,NaN,NaN,NaN,NaN,NaN,NaN,DB,NW,C,C,120,1011,NaN,S,90,NaN,
2022100200,b8e.2022,9X-B8E,TD,DEV,14.8,247.0,20,1008,45,3,50,3,NaN,NaN,NaN,NaN,NaN,NaN,NaN,NaN,NaN,NaN,DB,NW,C,C,120,1010,NaN,S,90,NaN,
2022100206,b8e.2022,9X-B8E,TD,DEV,14.7,247.4,20,1008,70,3,80,3,NaN,NaN,NaN,NaN,NaN,NaN,NaN,NaN,NaN,NaN,DB,NW,C,C,120,1010,NaN,S,90,NaN,
2022100212,b8e.2022,9X-B8E,TD,DEV,14.9,248.0,25,1008,75,4,84,5,NaN,NaN,NaN,NaN,NaN,NaN,NaN,NaN,NaN,NaN,DB,NW,C,C,120,1010,NaN,S,90,NaN,
2022100218,b8e.2022,9X-B8E,TD,DEV,14.5,248.4,25,1008,100,5,102,5,NaN,NaN,NaN,NaN,NaN,NaN,NaN,NaN,NaN,NaN,LO,NW,C,C,150,1011,NaN,S,30,NaN,
2022100300,b8e.2022,9X-B8E,TD,DEV,14.5,248.4,25,1008,100,3,136,3,NaN,NaN,NaN,NaN,NaN,NaN,NaN,NaN,NaN,NaN,LO,NW,C,C,150,1011,NaN,S,30,NaN,
2022100306,b8e.2022,9X-B8E,TD,DEV,14.7,248.4,25,1008,90,2,360,1,NaN,NaN,NaN,NaN,NaN,NaN,NaN,NaN,NaN,NaN,LO,NW,C,C,150,1011,NaN,S,30,NaN,
2022100312,b8e.2022,9X-B8E,TD,DEV,15.4,248.4,25,1008,0,5,360,5,NaN,NaN,NaN,NaN,NaN,NaN,NaN,NaN,NaN,NaN,LO,NW,C,C,150,1011,NaN,S,30,NaN,
2022101018,b9e.2022,9X-B9E,TD,NONdev,13.7,267.8,15,NaN,287,12,287,12,NaN,NaN,NaN,NaN,NaN,NaN,NaN,NaN,NaN,NaN,DB,NW,b,b,NaN,NaN,NaN,NaN,NaN,NaN,
2022101100,b9e.2022,9X-B9E,TD,NONdev,14.0,266.3,15,NaN,287,12,287,12,NaN,NaN,NaN,NaN,NaN,NaN,NaN,NaN,NaN,NaN,DB,NW,b,b,NaN,NaN,NaN,NaN,NaN,NaN,
2022101106,b9e.2022,9X-B9E,TD,NONdev,14.4,265.4,15,NaN,287,12,287,12,NaN,NaN,NaN,NaN,NaN,NaN,NaN,NaN,NaN,NaN,DB,NW,b,b,NaN,NaN,NaN,NaN,NaN,NaN,
2022101112,b9e.2022,9X-B9E,TD,NONdev,14.6,264.8,15,NaN,292,8,292,8,NaN,NaN,NaN,NaN,NaN,NaN,NaN,NaN,NaN,NaN,DB,NW,b,b,NaN,NaN,NaN,NaN,NaN,NaN,
2022101118,b9e.2022,9X-B9E,TD,NONdev,14.6,264.1,20,NaN,279,6,279,6,NaN,NaN,NaN,NaN,NaN,NaN,NaN,NaN,NaN,NaN,DB,NW,b,b,NaN,NaN,NaN,NaN,NaN,NaN,
2022101200,b9e.2022,9X-B9E,TD,NONdev,14.6,263.6,25,1008,270,6,270,6,NaN,NaN,NaN,NaN,NaN,NaN,NaN,NaN,NaN,NaN,LO,NW,C,C,100,1011,NaN,S,30,NaN,
2022101206,b9e.2022,9X-B9E,TD,NONdev,14.5,262.4,25,1009,270,8,267,8,NaN,NaN,NaN,NaN,NaN,NaN,NaN,NaN,NaN,NaN,LO,NW,C,C,100,1012,NaN,S,30,NaN,
2022101212,b9e.2022,9X-B9E,TD,NONdev,15.3,262.9,25,1009,300,5,316,5,NaN,NaN,NaN,NaN,NaN,NaN,NaN,NaN,NaN,NaN,LO,NW,C,C,100,1012,0.19,S,30,NaN,
2022101218,b9e.2022,9X-B9E,TD,NONdev,15.5,262.5,25,1009,310,4,6,5,NaN,NaN,NaN,NaN,NaN,NaN,NaN,NaN,NaN,NaN,LO,NW,C,C,80,1012,0.06,S,20,NaN,
2022101300,b9e.2022,9X-B9E,TD,NONdev,15.7,262.1,25,1009,305,4,297,4,NaN,NaN,NaN,NaN,NaN,NaN,NaN,NaN,NaN,NaN,LO,NW,C,C,80,1012,NaN,S,20,NaN,
2022101306,b9e.2022,9X-B9E,TD,NONdev,15.9,261.5,20,1010,295,5,293,5,NaN,NaN,NaN,NaN,NaN,NaN,NaN,NaN,NaN,NaN,LO,NW,C,C,80,1012,0.19,S,10,NaN,
2022101700,c0e.2022,9X-C0E,TD,DEV,9.4,265.5,15,NaN,295,11,295,11,NaN,NaN,NaN,NaN,NaN,NaN,NaN,NaN,NaN,NaN,DB,NW,b,b,NaN,NaN,NaN,NaN,NaN,NaN,
2022101706,c0e.2022,9X-C0E,TD,DEV,9.7,264.4,15,NaN,295,11,295,11,NaN,NaN,NaN,NaN,NaN,NaN,NaN,NaN,NaN,NaN,DB,NW,b,b,NaN,NaN,NaN,NaN,NaN,NaN,
2022101712,c0e.2022,9X-C0E,TD,DEV,10.3,263.5,15,NaN,295,11,295,11,NaN,NaN,NaN,NaN,NaN,NaN,NaN,NaN,NaN,NaN,DB,NW,b,b,NaN,NaN,NaN,NaN,NaN,NaN,
2022101718,c0e.2022,9X-C0E,TD,DEV,10.8,263.0,15,NaN,309,9,309,9,NaN,NaN,NaN,NaN,NaN,NaN,NaN,NaN,NaN,NaN,DB,NW,b,b,NaN,NaN,NaN,NaN,NaN,NaN,
2022101800,c0e.2022,9X-C0E,TD,DEV,11.3,262.7,25,1008,315,8,322,6,NaN,NaN,NaN,NaN,NaN,NaN,NaN,NaN,NaN,NaN,DB,NW,C,C,180,1011,NaN,S,100,NaN,
2022101806,c0e.2022,9X-C0E,TD,DEV,12.1,262.2,25,1008,320,7,329,8,NaN,NaN,NaN,NaN,NaN,NaN,NaN,NaN,NaN,NaN,DB,NW,C,C,180,1011,NaN,S,90,NaN,
2022101812,c0e.2022,9X-C0E,TD,DEV,13.1,261.7,25,1008,330,9,331,10,NaN,NaN,NaN,NaN,NaN,NaN,NaN,NaN,NaN,NaN,DB,NW,C,C,180,1011,NaN,S,90,NaN,
2022101818,c0e.2022,9X-C0E,TD,DEV,13.9,261.6,25,1008,340,10,342,9,NaN,NaN,NaN,NaN,NaN,NaN,NaN,NaN,NaN,NaN,DB,NW,C,C,180,1011,NaN,S,90,NaN,
2022101900,c0e.2022,9X-C0E,TD,DEV,14.2,261.3,25,1008,330,7,341,6,NaN,NaN,NaN,NaN,NaN,NaN,NaN,NaN,NaN,NaN,DB,NW,C,C,180,1011,NaN,S,90,NaN,
2022101906,c0e.2022,9X-C0E,TD,DEV,14.7,260.4,25,1008,310,8,305,7,NaN,NaN,NaN,NaN,NaN,NaN,NaN,NaN,NaN,NaN,DB,NW,C,C,180,1011,NaN,S,80,NaN,
2022101912,c0e.2022,9X-C0E,TD,DEV,15.1,259.7,25,1008,300,8,300,9,NaN,NaN,NaN,NaN,NaN,NaN,NaN,NaN,NaN,NaN,DB,NW,C,C,180,1011,NaN,S,80,NaN,
2022101918,c0e.2022,9X-C0E,TD,DEV,15.2,259.1,25,1008,295,7,292,7,NaN,NaN,NaN,NaN,NaN,NaN,NaN,NaN,NaN,NaN,DB,NW,C,C,180,1011,NaN,S,80,NaN,
2022100200,c1l.2022,9X-C1L,TD,DEV,9.5,315.5,20,NaN,270,10,270,10,NaN,NaN,NaN,NaN,NaN,NaN,NaN,NaN,NaN,NaN,DB,NW,b,b,NaN,NaN,NaN,NaN,NaN,NaN,
2022100206,c1l.2022,9X-C1L,TD,DEV,9.5,314.4,20,NaN,270,10,270,10,NaN,NaN,NaN,NaN,NaN,NaN,NaN,NaN,NaN,NaN,DB,NW,b,b,NaN,NaN,NaN,NaN,NaN,NaN,
2022100212,c1l.2022,9X-C1L,TD,DEV,9.5,313.4,20,1012,270,10,270,10,NaN,NaN,NaN,NaN,NaN,NaN,NaN,NaN,NaN,NaN,DB,NW,b,b,NaN,NaN,NaN,NaN,NaN,NaN,
2022100218,c1l.2022,9X-C1L,TD,DEV,9.5,312.5,25,1012,275,10,270,9,NaN,NaN,NaN,NaN,NaN,NaN,NaN,NaN,NaN,NaN,DB,NW,C,C,150,1013,NaN,S,90,NaN,
2022100300,c1l.2022,9X-C1L,TD,DEV,9.7,311.0,25,1012,275,11,275,12,NaN,NaN,NaN,NaN,NaN,NaN,NaN,NaN,NaN,NaN,DB,NW,C,C,150,1013,NaN,S,90,NaN,
2022100306,c1l.2022,9X-C1L,TD,DEV,9.8,309.9,25,1012,275,12,277,13,NaN,NaN,NaN,NaN,NaN,NaN,NaN,NaN,NaN,NaN,DB,NW,C,C,150,1013,NaN,S,90,NaN,
2022100312,c1l.2022,9X-C1L,TD,DEV,9.3,309.3,25,1012,270,10,257,9,NaN,NaN,NaN,NaN,NaN,NaN,NaN,NaN,NaN,NaN,DB,NW,C,C,150,1013,NaN,S,90,NaN,
2022100318,c1l.2022,9X-C1L,TD,DEV,9.7,308.1,25,1012,275,10,267,9,NaN,NaN,NaN,NaN,NaN,NaN,NaN,NaN,NaN,NaN,DB,NW,C,C,150,1013,NaN,S,90,NaN,
2022100400,c1l.2022,9X-C1L,TD,DEV,10.6,306.9,25,1012,280,11,299,13,NaN,NaN,NaN,NaN,NaN,NaN,NaN,NaN,NaN,NaN,DB,NW,C,C,150,1013,NaN,S,90,NaN,
2022100406,c1l.2022,9X-C1L,TD,DEV,10.7,306.0,25,1009,285,11,296,11,NaN,NaN,NaN,NaN,NaN,NaN,NaN,NaN,NaN,NaN,DB,NW,C,C,180,1011,NaN,M,90,NaN,
2022100412,c1l.2022,9X-C1L,TD,DEV,11.7,304.2,25,1009,295,17,293,14,NaN,NaN,NaN,NaN,NaN,NaN,NaN,NaN,NaN,NaN,DB,NW,C,C,120,1011,NaN,M,90,NaN,
2022100418,c1l.2022,9X-C1L,TD,DEV,11.2,302.8,30,1008,280,15,279,16,NaN,NaN,NaN,NaN,NaN,NaN,NaN,NaN,NaN,NaN,DB,NW,C,C,150,1011,NaN,M,90,NaN,
2022100500,c1l.2022,9X-C1L,TD,DEV,11.3,301.9,30,1007,280,12,260,11,NaN,NaN,NaN,NaN,NaN,NaN,NaN,NaN,NaN,NaN,DB,NW,C,C,150,1011,NaN,M,80,NaN,
2022100506,c1l.2022,9X-C1L,TD,DEV,11.5,300.3,30,1007,280,13,277,12,NaN,NaN,NaN,NaN,NaN,NaN,NaN,NaN,NaN,NaN,DB,NW,C,C,150,1009,NaN,M,80,NaN,
2022100512,c1l.2022,9X-C1L,TD,DEV,11.5,298.3,30,1007,275,16,273,18,NaN,NaN,NaN,NaN,NaN,NaN,NaN,NaN,NaN,NaN,DB,NW,C,C,150,1010,NaN,M,80,NaN,
2022100518,c1l.2022,9X-C1L,TD,DEV,11.4,297.2,30,1006,270,14,268,15,NaN,NaN,NaN,NaN,NaN,NaN,NaN,NaN,NaN,NaN,DB,NW,C,C,120,1008,NaN,S,90,NaN,
2022100600,c1l.2022,9X-C1L,TD,DEV,11.4,295.6,30,1006,270,13,268,13,NaN,NaN,NaN,NaN,NaN,NaN,NaN,NaN,NaN,NaN,DB,NW,C,C,120,1008,0.02,S,90,NaN,
2022100606,c1l.2022,9X-C1L,TD,DEV,11.4,295.3,30,1006,270,10,270,9,NaN,NaN,NaN,NaN,NaN,NaN,NaN,NaN,NaN,NaN,DB,NW,C,C,120,1008,0.02,M,90,NaN,
2022100612,c1l.2022,9X-C1L,TD,DEV,11.4,293.7,30,1006,270,13,270,9,NaN,NaN,NaN,NaN,NaN,NaN,NaN,NaN,NaN,NaN,DB,NW,C,C,120,1009,0.01,M,90,NaN,
2022030106,a0b.2022,9X-A0B,TS,NN,4.5,93.1,15,1010,275,11,275,11,NaN,NaN,NaN,NaN,NaN,NaN,NaN,NaN,NaN,NaN,DB,NW,b,b,NaN,NaN,NaN,NaN,NaN,NaN,
2022030112,a0b.2022,9X-A0B,TS,NN,4.7,92.2,15,1010,275,11,275,11,NaN,NaN,NaN,NaN,NaN,NaN,NaN,NaN,NaN,NaN,DB,NW,b,b,NaN,NaN,NaN,NaN,NaN,NaN,
2022030118,a0b.2022,9X-A0B,TS,NN,4.7,90.9,15,1010,275,11,275,11,NaN,NaN,NaN,NaN,NaN,NaN,NaN,NaN,NaN,NaN,DB,NW,b,b,NaN,NaN,NaN,NaN,NaN,NaN,
2022030200,a0b.2022,9X-A0B,TS,NN,4.5,89.3,20,1005,284,14,266,14,NaN,NaN,NaN,NaN,NaN,NaN,NaN,NaN,NaN,NaN,DB,NW,B,B,150,1007,NaN,NaN,60,NaN,
2022030206,a0b.2022,9X-A0B,TS,NN,4.8,87.6,20,1005,284,14,272,16,NaN,NaN,NaN,NaN,NaN,NaN,NaN,NaN,NaN,NaN,DB,NW,B,B,170,1009,NaN,NaN,60,NaN,
2022030212,a0b.2022,9X-A0B,TS,NN,5.2,86.5,25,1004,284,14,284,14,NaN,NaN,NaN,NaN,NaN,NaN,NaN,NaN,NaN,NaN,TD,NW,B,B,165,1007,NaN,NaN,60,NaN,
2022030218,a0b.2022,9X-A0B,TS,NN,6.0,86.0,25,1004,307,10,307,10,NaN,NaN,NaN,NaN,NaN,NaN,NaN,NaN,NaN,NaN,TD,NW,B,B,165,1007,NaN,NaN,60,NaN,
2022030300,a0b.2022,9X-A0B,TS,NN,6.8,85.7,25,1004,334,9,334,9,NaN,NaN,NaN,NaN,NaN,NaN,NaN,NaN,NaN,NaN,TD,NW,B,B,165,1007,NaN,NaN,60,NaN,
2022030306,a0b.2022,9X-A0B,TS,NN,7.1,85.0,25,1004,318,7,318,7,NaN,NaN,NaN,NaN,NaN,NaN,NaN,NaN,NaN,NaN,TD,NW,B,B,165,1007,NaN,NaN,60,NaN,
2022030312,a0b.2022,9X-A0B,TS,NN,7.6,84.5,25,1004,304,7,304,7,NaN,NaN,NaN,NaN,NaN,NaN,NaN,NaN,NaN,NaN,TD,NW,B,B,165,1007,NaN,NaN,30,NaN,
2022030318,a0b.2022,9X-A0B,TS,NN,8.5,83.7,25,1004,317,10,317,10,NaN,NaN,NaN,NaN,NaN,NaN,NaN,NaN,NaN,NaN,TD,NW,B,B,165,1007,NaN,S,30,NaN,
2022030400,a0b.2022,9X-A0B,TS,NN,8.8,83.3,25,1004,315,8,315,8,NaN,NaN,NaN,NaN,NaN,NaN,NaN,NaN,NaN,NaN,TD,NW,B,B,165,1007,NaN,S,30,NaN,
2022030406,a0b.2022,9X-A0B,TS,NN,9.4,83.1,30,1006,327,5,327,5,NaN,NaN,NaN,NaN,NaN,NaN,NaN,NaN,NaN,NaN,TD,NW,B,B,155,1010,NaN,S,30,NaN,
2022030412,a0b.2022,9X-A0B,TS,NN,10.2,83.3,30,1004,360,7,360,7,NaN,NaN,NaN,NaN,NaN,NaN,NaN,NaN,NaN,NaN,TD,NW,B,B,140,1008,NaN,S,30,NaN,
2022030418,01b.2022,ONE,TS,NN,10.7,83.7,35,1006,24,7,24,7,55,80,30,30,80,NaN,NaN,NaN,NaN,NaN,TS,WN,B,B,140,1010,NaN,S,25,WAD,
2022030500,01b.2022,ONE,TS,NN,11.0,83.7,35,996,26,4,26,4,50,90,25,25,60,NaN,NaN,NaN,NaN,NaN,TS,WN,B,B,115,1008,NaN,S,25,WAD,
2022030506,01b.2022,ONE,TS,NN,11.2,83.7,35,1004,360,2,360,2,75,75,,,,NaN,NaN,NaN,NaN,NaN,TS,WN,B,B,115,1010,NaN,S,25,BCH,
2022030512,01b.2022,ONE,TS,NN,11.3,83.4,35,1002,316,2,316,2,70,70,,,,NaN,NaN,NaN,NaN,NaN,TS,WN,B,B,115,1008,NaN,S,40,BCH,
2022030518,01b.2022,ONE,TS,NN,11.1,83.2,30,1002,258,3,258,3,NaN,NaN,NaN,NaN,NaN,NaN,NaN,NaN,NaN,NaN,TD,NW,B,B,120,1008,NaN,S,40,NaN,
2022030600,01b.2022,ONE,TS,NN,11.0,82.6,30,1002,249,4,249,4,NaN,NaN,NaN,NaN,NaN,NaN,NaN,NaN,NaN,NaN,TD,NW,B,B,180,1007,NaN,S,50,NaN,
2022030606,01b.2022,ONE,TS,NN,10.9,81.7,25,1004,262,7,262,7,NaN,NaN,NaN,NaN,NaN,NaN,NaN,NaN,NaN,NaN,TD,NW,B,B,100,1010,NaN,S,50,NaN,
2022030612,01b.2022,ONE,TS,NN,10.9,81.0,25,1006,266,8,266,8,NaN,NaN,NaN,NaN,NaN,NaN,NaN,NaN,NaN,NaN,TD,NW,B,B,90,1009,NaN,S,50,NaN,
2022030618,01b.2022,ONE,TS,NN,10.6,80.3,25,1004,258,7,258,7,NaN,NaN,NaN,NaN,NaN,NaN,NaN,NaN,NaN,NaN,TD,NW,B,B,90,1009,NaN,NaN,50,NaN,
2022050412,a2b.2022,9X-A2B,TY,NN,6.3,94.6,15,1010,183,9,330,13,NaN,NaN,NaN,NaN,NaN,NaN,NaN,NaN,NaN,NaN,DB,NW,b,b,NaN,NaN,NaN,NaN,NaN,NaN,
2022050418,a2b.2022,9X-A2B,TY,NN,7.8,94.4,15,NaN,183,9,330,13,NaN,NaN,NaN,NaN,NaN,NaN,NaN,NaN,NaN,NaN,NT,NW,c,c,NaN,NaN,NaN,NaN,NaN,NaN,
2022050500,a2b.2022,9X-A2B,TY,NN,8.5,93.3,15,NaN,260,6,330,13,NaN,NaN,NaN,NaN,NaN,NaN,NaN,NaN,NaN,NaN,NT,NW,c,c,NaN,NaN,0.03,NaN,NaN,NaN,
2022050506,a2b.2022,9X-A2B,TY,NN,7.0,94.5,15,1006,301,3,173,4,NaN,NaN,NaN,NaN,NaN,NaN,NaN,NaN,NaN,NaN,DB,NW,B,B,150,1007,NaN,NaN,50,NaN,
2022050512,a2b.2022,9X-A2B,TY,NN,7.2,94.3,15,1005,301,3,143,8,NaN,NaN,NaN,NaN,NaN,NaN,NaN,NaN,NaN,NaN,DB,NW,B,B,150,1006,NaN,NaN,50,NaN,
2022050518,a2b.2022,9X-A2B,TY,NN,7.3,94.0,15,1010,301,3,301,3,NaN,NaN,NaN,NaN,NaN,NaN,NaN,NaN,NaN,NaN,DB,NW,B,B,150,1006,0.08,NaN,50,NaN,
2022050600,a2b.2022,9X-A2B,TY,NN,7.4,93.9,20,1005,297,2,297,2,NaN,NaN,NaN,NaN,NaN,NaN,NaN,NaN,NaN,NaN,DB,NW,B,B,180,1007,0.08,S,50,NaN,
2022050606,a2b.2022,9X-A2B,TY,NN,7.6,93.6,20,1004,307,2,307,2,NaN,NaN,NaN,NaN,NaN,NaN,NaN,NaN,NaN,NaN,DB,NW,B,B,160,1006,0.09,S,50,NaN,
2022050612,a2b.2022,9X-A2B,TY,NN,8.0,93.1,25,1003,307,5,307,5,NaN,NaN,NaN,NaN,NaN,NaN,NaN,NaN,NaN,NaN,TD,NW,B,B,200,1005,0.03,S,50,NaN,
2022050618,a2b.2022,9X-A2B,TY,NN,8.4,92.5,30,1002,306,7,306,7,NaN,NaN,NaN,NaN,NaN,NaN,NaN,NaN,NaN,NaN,TD,NW,B,B,210,1006,NaN,S,50,NaN,
2022050700,a2b.2022,9X-A2B,TY,NN,9.0,91.9,35,999,310,8,310,8,60,60,55,60,65,NaN,NaN,NaN,NaN,NaN,TS,NW,B,B,210,1006,NaN,S,50,NaN,
2022050706,02b.2022,ASANI,TY,NN,9.6,91.2,40,995,313,9,313,9,49,45,45,45,60,NaN,NaN,NaN,NaN,NaN,TS,WN,B,B,225,1005,NaN,M,35,SJB,
2022050712,02b.2022,ASANI,TY,NN,10.0,90.5,45,993,306,9,306,9,78,70,60,85,95,NaN,NaN,NaN,NaN,NaN,TS,WN,B,B,210,1003,NaN,M,25,SJB,
2022050718,02b.2022,ASANI,TY,NN,10.5,89.8,50,992,303,8,303,8,52,40,50,55,65,10,,10,55,10,TS,WN,B,B,220,1003,NaN,M,10,RCB,
2022050800,02b.2022,ASANI,TY,NN,11.1,89.0,60,986,307,9,307,9,71,80,50,70,85,30,35,15,70,40,TS,WN,B,B,240,1003,NaN,M,15,RCB,
2022050806,02b.2022,ASANI,TY,NN,11.8,88.4,65,981,313,9,313,9,98,105,120,100,65,41,30,55,100,25,TY,WN,B,B,240,1003,NaN,D,15,SJB,
2022050812,02b.2022,ASANI,TY,NN,12.5,87.6,65,982,316,10,316,10,100,115,110,80,95,49,60,55,80,45,TY,WN,B,B,240,1003,NaN,D,15,SJB,
2022050818,02b.2022,ASANI,TY,NN,13.2,86.8,60,985,312,10,312,10,108,120,110,120,80,49,60,60,120,35,TS,WN,B,B,250,1003,NaN,D,15,RCB,
2022050900,02b.2022,ASANI,TY,NN,13.6,86.1,60,986,307,9,307,9,94,115,100,90,70,42,50,45,90,40,TS,WN,B,B,270,1004,NaN,M,25,RCB,
2022050906,02b.2022,ASANI,TY,NN,13.9,85.4,60,984,297,8,297,8,95,115,105,70,90,45,60,50,70,40,TS,WN,B,B,225,1002,NaN,D,25,SJB,
2022050912,02b.2022,ASANI,TY,NN,14.2,84.7,55,986,294,7,294,7,109,125,110,90,110,54,65,55,90,55,TS,WN,B,B,225,1002,NaN,D,25,SJB,
2022050918,02b.2022,ASANI,TY,NN,14.7,84.2,55,986,305,7,305,7,110,125,95,105,115,55,65,45,105,60,TS,WN,B,B,225,1002,NaN,D,25,AAH,
2022051000,02b.2022,ASANI,TY,NN,14.8,83.4,65,976,295,7,295,7,101,110,105,95,95,49,55,50,95,45,TY,WN,B,B,130,998,NaN,D,30,AAH,
2022051006,02b.2022,ASANI,TY,NN,15.1,82.9,65,977,288,7,288,7,119,115,115,110,135,61,60,60,110,70,TY,WN,B,B,130,999,NaN,D,20,JZC,
2022051012,02b.2022,ASANI,TY,NN,15.3,82.5,60,978,300,5,300,5,116,130,110,100,125,60,70,55,100,65,TS,WN,B,B,130,998,NaN,D,20,JZC,
2022051018,02b.2022,ASANI,TY,NN,15.4,82.0,55,982,289,5,289,5,126,140,145,130,90,34,40,35,130,35,TS,WN,B,B,120,999,NaN,D,20,AAH,
2022051100,02b.2022,ASANI,TY,NN,15.6,81.6,50,986,289,5,289,5,88,75,95,95,85,40,30,45,95,40,TS,WN,B,B,150,999,0.01,D,20,NaN,
2022051106,02b.2022,ASANI,TY,NN,15.7,81.3,40,993,294,4,294,4,68,60,80,85,45,NaN,NaN,NaN,NaN,NaN,TS,WN,B,B,115,1001,0.01,M,20,JZC,
2022051112,02b.2022,ASANI,TY,NN,15.7,81.0,35,995,280,3,280,3,38,25,45,40,40,NaN,NaN,NaN,NaN,NaN,TS,WN,B,B,105,1000,0.09,S,20,JZC,
2022051118,02b.2022,ASANI,TY,NN,15.6,80.6,30,998,262,3,262,3,NaN,NaN,NaN,NaN,NaN,NaN,NaN,NaN,NaN,NaN,TD,NW,B,B,105,1000,0.31,NaN,20,NaN,
2022051200,02b.2022,ASANI,TY,NN,15.4,80.3,20,999,246,4,246,4,NaN,NaN,NaN,NaN,NaN,NaN,NaN,NaN,NaN,NaN,DB,NW,B,B,95,1003,0.31,NaN,20,NaN,
2022051206,02b.2022,ASANI,TY,NN,15.1,80.0,20,1000,229,4,229,4,NaN,NaN,NaN,NaN,NaN,NaN,NaN,NaN,NaN,NaN,DB,NW,B,B,95,1003,0.60,NaN,20,NaN,
2022051212,02b.2022,ASANI,TY,NN,14.8,80.1,20,1001,198,3,198,3,NaN,NaN,NaN,NaN,NaN,NaN,NaN,NaN,NaN,NaN,DB,NW,B,B,95,1003,0.60,NaN,20,NaN,
2022051218,02b.2022,ASANI,TY,NN,14.8,80.3,20,NaN,136,2,136,2,NaN,NaN,NaN,NaN,NaN,NaN,NaN,NaN,NaN,NaN,NT,NW,c,c,NaN,NaN,0.11,NaN,NaN,NaN,
2022081018,a8a.2022,9X-A8A,TS,NN,22.0,72.1,15,991,278,7,278,7,NaN,NaN,NaN,NaN,NaN,NaN,NaN,NaN,NaN,NaN,DB,NW,B,B,NaN,NaN,0.78,NaN,NaN,NaN,
2022081100,a8a.2022,9X-A8A,TS,NN,22.0,71.4,15,991,278,7,278,7,NaN,NaN,NaN,NaN,NaN,NaN,NaN,NaN,NaN,NaN,DB,NW,B,B,NaN,NaN,0.99,NaN,NaN,NaN,
2022081106,a8a.2022,9X-A8A,TS,NN,22.2,70.6,15,990,278,7,278,7,NaN,NaN,NaN,NaN,NaN,NaN,NaN,NaN,NaN,NaN,DB,NW,B,B,NaN,NaN,0.99,NaN,NaN,NaN,
2022081112,a8a.2022,9X-A8A,TS,NN,22.2,69.5,20,990,276,9,276,9,NaN,NaN,NaN,NaN,NaN,NaN,NaN,NaN,NaN,NaN,DB,NW,B,B,80,992,0.47,NaN,55,NaN,
2022081118,a8a.2022,9X-A8A,TS,NN,21.8,68.2,25,990,260,11,260,11,NaN,NaN,NaN,NaN,NaN,NaN,NaN,NaN,NaN,NaN,TD,NW,B,B,80,992,NaN,NaN,55,NaN,
2022081200,a8a.2022,9X-A8A,TS,NN,21.7,66.4,30,989,260,15,260,15,NaN,NaN,NaN,NaN,NaN,NaN,NaN,NaN,NaN,NaN,TD,NW,B,B,175,993,NaN,S,55,NaN,
2022081206,03a.2022,THREE,TS,NN,21.7,65.7,35,991,268,12,268,12,75,65,100,75,60,NaN,NaN,NaN,NaN,NaN,TS,WN,B,B,175,995,NaN,S,50,BCH,
2022081212,03a.2022,THREE,TS,NN,22.0,65.6,35,989,292,4,292,4,78,,100,75,60,NaN,NaN,NaN,NaN,NaN,TS,WN,B,B,150,994,NaN,S,50,BCH,
2022081218,03a.2022,THREE,TS,NN,22.3,64.5,35,992,298,6,298,6,50,,40,,60,NaN,NaN,NaN,NaN,NaN,TS,WN,B,B,135,994,NaN,S,40,RCB,
2022081300,03a.2022,THREE,TS,NN,21.8,63.8,35,992,263,8,263,8,50,,40,50,60,NaN,NaN,NaN,NaN,NaN,TS,WN,B,B,110,994,NaN,S,50,RCB,
2022081306,03a.2022,THREE,TS,NN,21.5,63.6,35,990,226,6,226,6,65,40,50,125,45,NaN,NaN,NaN,NaN,NaN,TS,NW,B,B,110,997,NaN,S,55,NaN,
2022081312,03a.2022,THREE,TS,NN,21.6,64.8,30,991,102,5,102,5,NaN,NaN,NaN,NaN,NaN,NaN,NaN,NaN,NaN,NaN,TD,NW,B,B,110,997,NaN,S,55,NaN,
2022081318,03a.2022,THREE,TS,NN,22.2,66.1,25,995,73,12,73,12,NaN,NaN,NaN,NaN,NaN,NaN,NaN,NaN,NaN,NaN,TD,NW,B,B,100,997,NaN,NaN,45,NaN,
2022081400,03a.2022,THREE,TS,NN,23.3,66.6,20,999,44,12,44,12,NaN,NaN,NaN,NaN,NaN,NaN,NaN,NaN,NaN,NaN,DB,NW,B,B,100,1000,NaN,NaN,35,NaN,
2022081700,a9b.2022,9X-A9B,TS,NN,17.1,96.1,15,999,311,7,311,7,NaN,NaN,NaN,NaN,NaN,NaN,NaN,NaN,NaN,NaN,DB,NW,b,b,NaN,NaN,0.98,NaN,NaN,NaN,
2022081706,a9b.2022,9X-A9B,TS,NN,17.6,95.5,15,999,311,7,311,7,NaN,NaN,NaN,NaN,NaN,NaN,NaN,NaN,NaN,NaN,DB,NW,b,b,NaN,NaN,0.99,NaN,NaN,NaN,
2022081712,a9b.2022,9X-A9B,TS,NN,18.0,95.0,15,999,302,11,311,7,NaN,NaN,NaN,NaN,NaN,NaN,NaN,NaN,NaN,NaN,DB,NW,B,B,NaN,NaN,0.98,NaN,NaN,NaN,
2022081718,a9b.2022,9X-A9B,TS,NN,18.7,94.0,25,996,302,11,308,9,NaN,NaN,NaN,NaN,NaN,NaN,NaN,NaN,NaN,NaN,TD,NW,B,B,170,998,0.27,NaN,35,NaN,
2022081800,a9b.2022,9X-A9B,TS,NN,19.2,93.0,25,994,302,11,302,11,NaN,NaN,NaN,NaN,NaN,NaN,NaN,NaN,NaN,NaN,TD,NW,B,B,170,996,NaN,S,35,NaN,
2022081806,a9b.2022,9X-A9B,TS,NN,19.6,92.1,30,994,297,10,297,10,NaN,NaN,NaN,NaN,NaN,NaN,NaN,NaN,NaN,NaN,TD,NW,B,B,170,996,NaN,S,35,NaN,
2022081812,a9b.2022,9X-A9B,TS,NN,20.1,90.8,30,993,293,11,293,11,NaN,NaN,NaN,NaN,NaN,NaN,NaN,NaN,NaN,NaN,TD,NW,B,B,170,996,NaN,S,35,NaN,
2022081818,04b.2022,FOUR,TS,NN,20.4,90.0,35,992,292,11,292,11,28,35,35,20,20,NaN,NaN,NaN,NaN,NaN,TS,WN,B,B,180,1000,NaN,S,35,WAD,
2022081900,04b.2022,FOUR,TS,NN,20.7,89.5,40,991,296,7,296,7,46,50,50,40,45,NaN,NaN,NaN,NaN,NaN,TS,WN,B,B,180,1000,NaN,S,35,WAD,
2022081906,04b.2022,FOUR,TS,NN,21.2,88.9,45,990,308,7,308,7,72,85,65,70,70,NaN,NaN,NaN,NaN,NaN,TS,WN,B,B,200,1002,NaN,M,30,SJB,
2022081912,04b.2022,FOUR,TS,NN,21.7,88.2,40,995,310,8,310,8,62,55,70,75,50,NaN,NaN,NaN,NaN,NaN,TS,WN,B,B,200,1002,0.25,M,30,SJB,
2022081918,04b.2022,FOUR,TS,NN,22.2,87.1,35,996,301,10,301,10,95,140,80,55,105,NaN,NaN,NaN,NaN,NaN,TS,WN,B,B,200,1002,0.95,M,30,SMB,
2022082000,04b.2022,FOUR,TS,NN,22.7,85.5,25,998,292,13,292,13,NaN,NaN,NaN,NaN,NaN,NaN,NaN,NaN,NaN,NaN,TD,NW,B,B,200,1002,0.99,M,30,NaN,
2022082006,04b.2022,FOUR,TS,NN,22.9,84.8,25,996,288,11,288,11,NaN,NaN,NaN,NaN,NaN,NaN,NaN,NaN,NaN,NaN,TD,NW,B,B,230,1003,0.99,NaN,30,NaN,
2022101618,b2b.2022,9X-B2B,TS,NN,8.9,95.5,15,1010,25,9,25,9,NaN,NaN,NaN,NaN,NaN,NaN,NaN,NaN,NaN,NaN,DB,NW,b,b,130,1008,NaN,NaN,NaN,NaN,
2022101700,b2b.2022,9X-B2B,TS,NN,9.7,96.2,15,1010,25,9,25,9,NaN,NaN,NaN,NaN,NaN,NaN,NaN,NaN,NaN,NaN,DB,NW,b,b,130,1008,NaN,NaN,NaN,NaN,
2022101706,b2b.2022,9X-B2B,TS,NN,10.6,96.3,15,1010,25,9,25,9,NaN,NaN,NaN,NaN,NaN,NaN,NaN,NaN,NaN,NaN,DB,NW,b,b,130,1008,NaN,NaN,NaN,NaN,
2022101712,b2b.2022,9X-B2B,TS,NN,11.5,96.1,15,NaN,357,9,357,9,NaN,NaN,NaN,NaN,NaN,NaN,NaN,NaN,NaN,NaN,NT,NW,c,c,NaN,NaN,NaN,NaN,NaN,NaN,
2022101718,b2b.2022,9X-B2B,TS,NN,11.8,95.2,15,NaN,318,8,318,8,NaN,NaN,NaN,NaN,NaN,NaN,NaN,NaN,NaN,NaN,NT,NW,c,c,NaN,NaN,NaN,NaN,NaN,NaN,
2022101800,b2b.2022,9X-B2B,TS,NN,12.1,94.1,20,1005,305,9,287,10,NaN,NaN,NaN,NaN,NaN,NaN,NaN,NaN,NaN,NaN,DB,NW,C,C,210,1009,NaN,S,40,NaN,
2022101806,b2b.2022,9X-B2B,TS,NN,11.4,94.4,20,NaN,294,5,243,4,NaN,NaN,NaN,NaN,NaN,NaN,NaN,NaN,NaN,NaN,NT,NW,c,c,NaN,NaN,NaN,NaN,NaN,NaN,
2022101812,b2b.2022,9X-B2B,TS,NN,11.1,95.1,21,1004,294,5,213,5,NaN,NaN,NaN,NaN,NaN,NaN,NaN,NaN,NaN,NaN,NT,NW,c,c,205,1009,NaN,NaN,NaN,NaN,
2022101818,b2b.2022,9X-B2B,TS,NN,10.8,95.8,22,1004,294,5,182,6,NaN,NaN,NaN,NaN,NaN,NaN,NaN,NaN,NaN,NaN,NT,NW,c,c,205,1009,NaN,NaN,NaN,NaN,
2022101900,b2b.2022,9X-B2B,TS,NN,10.5,96.5,24,1004,294,5,152,6,NaN,NaN,NaN,NaN,NaN,NaN,NaN,NaN,NaN,NaN,NT,NW,c,c,205,1009,NaN,NaN,NaN,NaN,
2022101906,b2b.2022,9X-B2B,TS,NN,10.2,97.2,25,1004,109,21,122,7,NaN,NaN,NaN,NaN,NaN,NaN,NaN,NaN,NaN,NaN,TD,NW,b,b,205,1009,NaN,NaN,35,NaN,
2022101912,b2b.2022,9X-B2B,TS,NN,10.3,96.7,25,NaN,281,5,116,5,NaN,NaN,NaN,NaN,NaN,NaN,NaN,NaN,NaN,NaN,TW,NW,c,c,NaN,NaN,NaN,NaN,NaN,NaN,
2022101918,b2b.2022,9X-B2B,TS,NN,10.4,96.2,20,NaN,281,5,281,5,NaN,NaN,NaN,NaN,NaN,NaN,NaN,NaN,NaN,NaN,NT,NW,c,c,NaN,NaN,NaN,NaN,NaN,NaN,
2022102000,b2b.2022,9X-B2B,TS,NN,10.5,96.2,20,NaN,292,3,292,3,NaN,NaN,NaN,NaN,NaN,NaN,NaN,NaN,NaN,NaN,NT,NW,c,c,NaN,NaN,NaN,NaN,NaN,NaN,
2022102006,b2b.2022,9X-B2B,TS,NN,10.5,95.7,15,NaN,280,3,281,3,NaN,NaN,NaN,NaN,NaN,NaN,NaN,NaN,NaN,NaN,NT,NW,c,c,NaN,NaN,NaN,NaN,NaN,NaN,
2022102012,b2b.2022,9X-B2B,TS,NN,10.5,96.4,15,NaN,360,0,90,1,NaN,NaN,NaN,NaN,NaN,NaN,NaN,NaN,NaN,NaN,NT,NW,c,c,NaN,NaN,NaN,NaN,NaN,NaN,
2022102018,b2b.2022,9X-B2B,TS,NN,10.6,95.2,15,1006,281,3,281,3,NaN,NaN,NaN,NaN,NaN,NaN,NaN,NaN,NaN,NaN,DB,NW,b,b,75,1008,NaN,NaN,50,NaN,
2022102100,b2b.2022,9X-B2B,TS,NN,10.9,95.0,15,1009,295,3,286,7,NaN,NaN,NaN,NaN,NaN,NaN,NaN,NaN,NaN,NaN,DB,NW,C,C,75,1009,NaN,S,50,NaN,
2022102106,b2b.2022,9X-B2B,TS,NN,11.0,94.0,15,1008,290,5,289,6,NaN,NaN,NaN,NaN,NaN,NaN,NaN,NaN,NaN,NaN,DB,NW,C,C,125,1009,NaN,S,50,NaN,
2022102112,b2b.2022,9X-B2B,TS,NN,12.7,94.2,15,1007,335,8,336,10,NaN,NaN,NaN,NaN,NaN,NaN,NaN,NaN,NaN,NaN,DB,NW,C,C,120,1008,NaN,S,50,NaN,
2022102118,b2b.2022,9X-B2B,TS,NN,13.2,93.3,25,1006,296,10,343,12,NaN,NaN,NaN,NaN,NaN,NaN,NaN,NaN,NaN,NaN,TD,NW,B,B,140,1009,0.02,S,60,NaN,
2022102200,b2b.2022,9X-B2B,TS,NN,13.5,92.4,25,1006,296,10,295,10,NaN,NaN,NaN,NaN,NaN,NaN,NaN,NaN,NaN,NaN,TD,NW,B,B,140,1009,0.08,S,55,NaN,
2022102206,b2b.2022,9X-B2B,TS,NN,14.1,91.4,25,1006,296,10,296,10,NaN,NaN,NaN,NaN,NaN,NaN,NaN,NaN,NaN,NaN,TD,NW,B,B,140,1009,NaN,S,50,NaN,
2022102212,b2b.2022,9X-B2B,TS,NN,14.6,90.2,25,1005,297,12,297,12,NaN,NaN,NaN,NaN,NaN,NaN,NaN,NaN,NaN,NaN,TD,NW,B,B,140,1009,NaN,S,45,NaN,
2022102218,b2b.2022,9X-B2B,TS,NN,14.8,89.1,30,1002,287,12,287,12,NaN,NaN,NaN,NaN,NaN,NaN,NaN,NaN,NaN,NaN,TD,NW,B,B,220,1008,NaN,S,45,NaN,
2022102300,b2b.2022,9X-B2B,TS,NN,15.0,88.5,30,1000,284,8,284,8,NaN,NaN,NaN,NaN,NaN,NaN,NaN,NaN,NaN,NaN,TD,NW,B,B,240,1008,NaN,S,45,NaN,
2022102306,b2b.2022,9X-B2B,TS,NN,15.3,88.2,30,1000,300,5,300,5,NaN,NaN,NaN,NaN,NaN,NaN,NaN,NaN,NaN,NaN,TD,NW,B,B,240,1008,NaN,S,45,NaN,
2022102312,05b.2022,SITRANG,TS,NN,15.8,88.4,35,998,353,4,353,4,68,90,45,45,90,NaN,NaN,NaN,NaN,NaN,TS,WN,B,B,240,1006,NaN,S,40,SJB,
2022102318,05b.2022,SITRANG,TS,NN,16.9,88.8,40,1003,20,9,20,9,125,165,125,80,130,NaN,NaN,NaN,NaN,NaN,TS,WN,B,B,315,1009,NaN,S,45,RCB,
2022102400,05b.2022,SITRANG,TS,NN,18.1,89.3,40,1003,21,12,21,12,150,190,155,95,160,NaN,NaN,NaN,NaN,NaN,TS,WN,B,B,330,1009,NaN,S,55,RCB,
2022102406,05b.2022,SITRANG,TS,NN,19.5,89.8,45,997,20,14,20,14,150,190,155,95,160,NaN,NaN,NaN,NaN,NaN,TS,WN,B,B,330,1009,NaN,M,65,SJB,
2022102412,05b.2022,SITRANG,TS,NN,21.5,90.4,45,999,19,16,17,18,114,150,115,60,130,NaN,NaN,NaN,NaN,NaN,TS,WN,B,B,330,1009,NaN,M,65,SJB,
2022102418,05b.2022,SITRANG,TS,NN,24.1,91.0,35,994,14,24,14,24,NaN,NaN,NaN,NaN,NaN,NaN,NaN,NaN,NaN,NaN,TS,WN,B,B,180,1007,0.93,M,65,AAH,
2022120306,b6b.2022,9X-B6B,TS,NN,5.5,99.5,15,1010,94,6,293,8,NaN,NaN,NaN,NaN,NaN,NaN,NaN,NaN,NaN,NaN,DB,NW,b,b,NaN,NaN,NaN,NaN,NaN,NaN,
2022120312,b6b.2022,9X-B6B,TS,NN,5.9,98.7,15,1010,94,6,293,8,NaN,NaN,NaN,NaN,NaN,NaN,NaN,NaN,NaN,NaN,DB,NW,b,b,NaN,NaN,NaN,NaN,NaN,NaN,
2022120318,b6b.2022,9X-B6B,TS,NN,6.2,98.1,15,1010,94,6,293,8,NaN,NaN,NaN,NaN,NaN,NaN,NaN,NaN,NaN,NaN,DB,NW,b,b,NaN,NaN,NaN,NaN,NaN,NaN,
2022120400,b6b.2022,9X-B6B,TS,NN,6.4,97.4,15,NaN,291,7,293,8,NaN,NaN,NaN,NaN,NaN,NaN,NaN,NaN,NaN,NaN,NT,NW,c,c,NaN,NaN,NaN,NaN,NaN,NaN,
2022120406,b6b.2022,9X-B6B,TS,NN,5.8,99.0,15,1006,283,9,109,1,NaN,NaN,NaN,NaN,NaN,NaN,NaN,NaN,NaN,NaN,DB,NW,b,b,NaN,NaN,NaN,NaN,NaN,NaN,
2022120412,b6b.2022,9X-B6B,TS,NN,6.1,98.1,20,1006,113,4,113,4,NaN,NaN,NaN,NaN,NaN,NaN,NaN,NaN,NaN,NaN,DB,NW,b,b,NaN,NaN,NaN,NaN,NaN,NaN,
2022120418,b6b.2022,9X-B6B,TS,NN,6.4,96.9,20,1007,287,14,286,11,NaN,NaN,NaN,NaN,NaN,NaN,NaN,NaN,NaN,NaN,DB,NW,B,B,NaN,NaN,NaN,NaN,NaN,NaN,
2022120500,b6b.2022,9X-B6B,TS,NN,6.8,95.6,20,1006,287,14,286,13,NaN,NaN,NaN,NaN,NaN,NaN,NaN,NaN,NaN,NaN,DB,NW,B,B,NaN,NaN,NaN,NaN,NaN,NaN,
2022120506,b6b.2022,9X-B6B,TS,NN,7.2,94.3,20,1005,287,14,287,14,NaN,NaN,NaN,NaN,NaN,NaN,NaN,NaN,NaN,NaN,DB,NW,B,B,NaN,NaN,NaN,NaN,NaN,NaN,
2022120512,b6b.2022,9X-B6B,TS,NN,7.5,92.7,25,1004,284,15,284,15,NaN,NaN,NaN,NaN,NaN,NaN,NaN,NaN,NaN,NaN,TD,NW,B,B,NaN,NaN,NaN,NaN,NaN,NaN,
2022120518,b6b.2022,9X-B6B,TS,NN,7.5,91.4,25,1004,276,14,276,14,NaN,NaN,NaN,NaN,NaN,NaN,NaN,NaN,NaN,NaN,TD,NW,B,B,150,1007,NaN,S,NaN,NaN,
2022120600,b6b.2022,9X-B6B,TS,NN,7.7,90.0,25,1003,274,13,274,13,NaN,NaN,NaN,NaN,NaN,NaN,NaN,NaN,NaN,NaN,TD,NW,B,B,125,1005,NaN,S,NaN,NaN,
2022120606,b6b.2022,9X-B6B,TS,NN,8.0,88.6,25,1003,280,14,280,14,NaN,NaN,NaN,NaN,NaN,NaN,NaN,NaN,NaN,NaN,TD,NW,B,B,210,1007,NaN,S,40,NaN,
2022120612,b6b.2022,9X-B6B,TS,NN,8.2,87.8,30,1000,283,11,283,11,NaN,NaN,NaN,NaN,NaN,NaN,NaN,NaN,NaN,NaN,TD,NW,B,B,210,1007,NaN,S,50,NaN,
2022120618,b6b.2022,9X-B6B,TS,NN,8.4,87.0,30,999,284,8,284,8,NaN,NaN,NaN,NaN,NaN,NaN,NaN,NaN,NaN,NaN,TD,NW,B,B,210,1006,NaN,S,50,NaN,
2022120700,b6b.2022,9X-B6B,TS,NN,8.6,86.4,30,998,286,7,286,7,NaN,NaN,NaN,NaN,NaN,NaN,NaN,NaN,NaN,NaN,TD,NW,B,B,210,1006,NaN,S,45,NaN,
2022120706,b6b.2022,9X-B6B,TS,NN,8.7,85.8,30,1003,284,6,284,6,NaN,NaN,NaN,NaN,NaN,NaN,NaN,NaN,NaN,NaN,TD,NW,B,B,250,1007,NaN,S,45,NaN,
2022120712,b6b.2022,9X-B6B,TS,NN,8.9,85.2,30,1003,284,6,284,6,NaN,NaN,NaN,NaN,NaN,NaN,NaN,NaN,NaN,NaN,TD,NW,B,B,250,1007,NaN,S,45,NaN,
2022120718,06b.2022,MANDOUS,TS,NN,9.2,84.6,40,995,293,6,293,6,165,195,140,145,180,NaN,NaN,NaN,NaN,NaN,TS,WN,B,B,145,1004,NaN,S,45,MJA,
2022120800,06b.2022,MANDOUS,TS,NN,9.4,84.1,40,993,295,6,295,6,68,75,55,65,75,NaN,NaN,NaN,NaN,NaN,TS,WN,B,B,145,1004,NaN,S,45,DB,
2022120806,06b.2022,MANDOUS,TS,NN,9.7,83.5,45,992,295,6,295,6,68,75,65,55,75,NaN,NaN,NaN,NaN,NaN,TS,WN,B,B,145,1004,NaN,M,45,CJS,
2022120812,06b.2022,MANDOUS,TS,NN,10.2,82.9,50,990,304,7,304,7,68,75,65,55,75,44,50,40,55,50,TS,WN,B,B,155,1004,NaN,S,45,DB,
2022120818,06b.2022,MANDOUS,TS,NN,10.5,82.2,55,991,302,8,302,8,124,130,110,120,135,51,25,80,120,25,TS,WN,B,B,155,1007,NaN,S,40,CRM,
2022120900,06b.2022,MANDOUS,TS,NN,10.9,81.8,55,991,303,6,303,6,124,130,110,120,135,51,25,80,120,25,TS,WN,B,B,190,1006,NaN,S,40,CRM,
2022120906,06b.2022,MANDOUS,TS,NN,11.3,81.5,50,993,319,5,319,5,102,115,85,90,120,50,60,40,90,60,TS,WN,B,B,190,1007,NaN,M,40,SMB,
2022120912,06b.2022,MANDOUS,TS,NN,11.9,81.2,45,994,330,6,330,6,105,115,100,95,110,NaN,NaN,NaN,NaN,NaN,TS,WN,B,B,190,1005,NaN,M,40,SMB,
2022120918,06b.2022,MANDOUS,TS,NN,12.7,80.7,35,996,331,8,331,8,55,60,50,60,50,NaN,NaN,NaN,NaN,NaN,TS,WN,B,B,150,1006,0.14,M,35,WAD,
2022121000,06b.2022,MANDOUS,TS,NN,12.9,80.1,30,998,313,7,313,7,NaN,NaN,NaN,NaN,NaN,NaN,NaN,NaN,NaN,NaN,TD,WN,B,B,115,1005,0.76,M,35,WAD,
2022121006,06b.2022,MANDOUS,TS,NN,13.1,79.4,25,1004,288,7,288,7,NaN,NaN,NaN,NaN,NaN,NaN,NaN,NaN,NaN,NaN,TD,NW,B,B,115,1005,0.99,NaN,35,NaN,
2022121012,06b.2022,MANDOUS,TS,NN,13.1,78.6,20,1005,278,7,278,7,NaN,NaN,NaN,NaN,NaN,NaN,NaN,NaN,NaN,NaN,DB,NW,B,B,115,1007,0.99,NaN,35,NaN,
2022121018,06b.2022,MANDOUS,TS,NN,13.0,77.9,15,1007,266,7,266,7,NaN,NaN,NaN,NaN,NaN,NaN,NaN,NaN,NaN,NaN,DB,NW,B,B,NaN,NaN,0.99,NaN,NaN,NaN,
2022121100,06b.2022,MANDOUS,TS,NN,12.9,77.3,15,1008,261,6,261,6,NaN,NaN,NaN,NaN,NaN,NaN,NaN,NaN,NaN,NaN,DB,NW,B,B,NaN,NaN,0.98,NaN,NaN,NaN,
2022121212,b7a.2022,9X-B7A,TS,NN,12.3,75.1,15,1010,276,9,276,9,NaN,NaN,NaN,NaN,NaN,NaN,NaN,NaN,NaN,NaN,DB,NW,B,B,NaN,NaN,0.50,NaN,NaN,NaN,
2022121218,b7a.2022,9X-B7A,TS,NN,12.3,74.0,15,1010,276,9,276,9,NaN,NaN,NaN,NaN,NaN,NaN,NaN,NaN,NaN,NaN,DB,NW,B,B,NaN,NaN,NaN,NaN,NaN,NaN,
2022121300,b7a.2022,9X-B7A,TS,NN,12.5,73.3,15,1010,276,9,276,9,NaN,NaN,NaN,NaN,NaN,NaN,NaN,NaN,NaN,NaN,DB,NW,B,B,NaN,NaN,NaN,NaN,NaN,NaN,
2022121306,b7a.2022,9X-B7A,TS,NN,12.5,72.5,20,1007,278,7,278,7,NaN,NaN,NaN,NaN,NaN,NaN,NaN,NaN,NaN,NaN,DB,NW,B,B,NaN,NaN,NaN,NaN,NaN,NaN,
2022121312,b7a.2022,9X-B7A,TS,NN,12.6,71.8,20,1007,274,7,274,7,NaN,NaN,NaN,NaN,NaN,NaN,NaN,NaN,NaN,NaN,DB,NW,B,B,NaN,NaN,NaN,NaN,NaN,NaN,
2022121318,b7a.2022,9X-B7A,TS,NN,12.9,71.3,35,1003,289,6,289,6,NaN,NaN,NaN,NaN,NaN,NaN,NaN,NaN,NaN,NaN,TS,NW,B,B,215,1010,NaN,NaN,25,NaN,
2022121400,b7a.2022,9X-B7A,TS,NN,13.2,70.5,50,994,295,7,295,7,60,60,,,60,30,30,,,30,TS,NW,B,B,300,1008,NaN,NaN,20,NaN,
2022121406,b7a.2022,9X-B7A,TS,NN,13.4,69.9,50,999,290,7,290,7,30,,,,30,NaN,NaN,NaN,NaN,NaN,TS,NW,B,B,300,1010,NaN,M,20,NaN,
2022121412,b7a.2022,9X-B7A,TS,NN,13.5,69.2,45,999,283,6,283,6,30,,,,30,NaN,NaN,NaN,NaN,NaN,TS,NW,B,B,300,1008,NaN,M,20,NaN,
2022121418,07a.2022,SEVEN,TS,NN,13.5,68.5,45,1001,274,7,274,7,85,90,,,80,NaN,NaN,NaN,NaN,NaN,TS,WN,B,B,150,1010,NaN,M,20,NaN,
2022121500,07a.2022,SEVEN,TS,NN,13.6,67.9,45,1000,275,6,275,6,85,90,,,80,NaN,NaN,NaN,NaN,NaN,TS,WN,B,B,150,1010,NaN,M,20,OHS,
2022121506,07a.2022,SEVEN,TS,NN,13.8,67.2,45,1001,283,6,283,6,57,80,35,,55,NaN,NaN,NaN,NaN,NaN,TS,WN,B,B,150,1010,NaN,M,20,BCH,
2022121512,07a.2022,SEVEN,TS,NN,14.0,66.5,40,999,286,7,286,7,60,80,45,,55,NaN,NaN,NaN,NaN,NaN,TS,WN,B,B,150,1006,NaN,M,20,BCH,
2022121518,07a.2022,SEVEN,TS,NN,13.8,65.7,35,1003,270,7,270,7,72,80,,,65,NaN,NaN,NaN,NaN,NaN,TS,WN,B,B,140,1008,NaN,S,50,BRS,
2022121600,07a.2022,SEVEN,TS,NN,13.7,65.1,35,1003,258,7,258,7,95,95,,,,NaN,NaN,NaN,NaN,NaN,TS,WN,B,B,105,1008,NaN,S,40,BRS,
2022121606,07a.2022,SEVEN,TS,NN,13.6,64.5,35,1004,260,6,260,6,75,75,,,,NaN,NaN,NaN,NaN,NaN,TS,WN,B,B,105,1009,NaN,S,40,BCH,
2022121612,07a.2022,SEVEN,TS,NN,14.2,63.7,30,1002,290,7,290,7,NaN,NaN,NaN,NaN,NaN,NaN,NaN,NaN,NaN,NaN,TD,NW,B,B,120,1006,NaN,S,40,NaN,
2022121618,07a.2022,SEVEN,TS,NN,14.2,62.9,30,1000,291,8,291,8,NaN,NaN,NaN,NaN,NaN,NaN,NaN,NaN,NaN,NaN,TD,NW,B,B,120,1006,NaN,NaN,40,NaN,
2022121700,07a.2022,SEVEN,TS,NN,14.0,62.2,30,1004,262,7,262,7,NaN,NaN,NaN,NaN,NaN,NaN,NaN,NaN,NaN,NaN,TD,NW,B,B,90,1008,NaN,S,40,NaN,
2022121706,07a.2022,SEVEN,TS,NN,13.9,61.4,30,1000,258,7,258,7,NaN,NaN,NaN,NaN,NaN,NaN,NaN,NaN,NaN,NaN,TD,NW,B,B,90,1008,NaN,NaN,40,NaN,
2022121712,07a.2022,SEVEN,TS,NN,13.7,60.6,30,1005,259,8,259,8,NaN,NaN,NaN,NaN,NaN,NaN,NaN,NaN,NaN,NaN,TD,NW,B,B,90,1008,NaN,NaN,40,NaN,
2022121718,07a.2022,SEVEN,TS,NN,13.5,59.8,25,1008,256,8,256,8,NaN,NaN,NaN,NaN,NaN,NaN,NaN,NaN,NaN,NaN,TD,NW,B,B,95,1010,NaN,S,35,NaN,
2022121800,07a.2022,SEVEN,TS,NN,13.4,58.7,25,1004,261,9,261,9,NaN,NaN,NaN,NaN,NaN,NaN,NaN,NaN,NaN,NaN,TD,NW,B,B,95,1010,NaN,NaN,35,NaN,
2022121806,07a.2022,SEVEN,TS,NN,13.4,57.3,25,1004,268,12,268,12,NaN,NaN,NaN,NaN,NaN,NaN,NaN,NaN,NaN,NaN,TD,NW,B,B,100,1010,NaN,NaN,25,NaN,
2022121812,07a.2022,SEVEN,TS,NN,13.1,56.4,20,1007,262,11,262,11,NaN,NaN,NaN,NaN,NaN,NaN,NaN,NaN,NaN,NaN,DB,NW,B,B,95,1012,NaN,NaN,25,NaN,
2022121818,07a.2022,SEVEN,TS,NN,12.8,55.7,20,1007,249,8,249,8,NaN,NaN,NaN,NaN,NaN,NaN,NaN,NaN,NaN,NaN,DB,NW,B,B,95,1012,NaN,NaN,25,NaN,
2022030106,a0b.2022,9X-A0B,TD,DEV,4.5,93.1,15,1010,275,11,275,11,NaN,NaN,NaN,NaN,NaN,NaN,NaN,NaN,NaN,NaN,DB,NW,b,b,NaN,NaN,NaN,NaN,NaN,NaN,
2022030112,a0b.2022,9X-A0B,TD,DEV,4.7,92.2,15,1010,275,11,275,11,NaN,NaN,NaN,NaN,NaN,NaN,NaN,NaN,NaN,NaN,DB,NW,b,b,NaN,NaN,NaN,NaN,NaN,NaN,
2022030118,a0b.2022,9X-A0B,TD,DEV,4.7,90.9,15,1010,275,11,275,11,NaN,NaN,NaN,NaN,NaN,NaN,NaN,NaN,NaN,NaN,DB,NW,b,b,NaN,NaN,NaN,NaN,NaN,NaN,
2022030200,a0b.2022,9X-A0B,TD,DEV,5.0,89.2,18,1008,275,11,276,13,NaN,NaN,NaN,NaN,NaN,NaN,NaN,NaN,NaN,NaN,DB,NW,b,b,170,1009,NaN,NaN,NaN,NaN,
2022030206,a0b.2022,9X-A0B,TD,DEV,5.3,87.6,20,1005,280,17,277,15,NaN,NaN,NaN,NaN,NaN,NaN,NaN,NaN,NaN,NaN,DB,NW,c,c,170,1009,NaN,NaN,60,NaN,
2022030212,a0b.2022,9X-A0B,TD,DEV,5.0,86.0,25,1004,279,17,274,16,NaN,NaN,NaN,NaN,NaN,NaN,NaN,NaN,NaN,NaN,TD,NW,c,c,165,1007,NaN,NaN,60,NaN,
2022030218,a0b.2022,9X-A0B,TD,DEV,5.2,85.1,25,1004,279,13,268,12,NaN,NaN,NaN,NaN,NaN,NaN,NaN,NaN,NaN,NaN,TD,NW,c,c,165,1007,NaN,NaN,60,NaN,
2022030300,a0b.2022,9X-A0B,TD,DEV,5.5,84.1,25,1004,284,12,285,10,NaN,NaN,NaN,NaN,NaN,NaN,NaN,NaN,NaN,NaN,TD,NW,c,c,165,1007,NaN,NaN,60,NaN,
2022030306,a0b.2022,9X-A0B,TD,DEV,7.1,85.0,25,1004,357,10,357,10,NaN,NaN,NaN,NaN,NaN,NaN,NaN,NaN,NaN,NaN,TD,NW,b,b,165,1007,NaN,NaN,60,NaN,
2022030312,a0b.2022,9X-A0B,TD,DEV,7.6,84.5,25,1004,11,11,11,11,NaN,NaN,NaN,NaN,NaN,NaN,NaN,NaN,NaN,NaN,TD,NW,b,b,165,1007,NaN,NaN,30,NaN,
2022030318,a0b.2022,9X-A0B,TD,DEV,8.9,83.3,25,1004,310,11,317,12,NaN,NaN,NaN,NaN,NaN,NaN,NaN,NaN,NaN,NaN,TD,NW,C,C,165,1007,NaN,S,30,NaN,
2022030400,a0b.2022,9X-A0B,TD,DEV,10.0,82.7,25,1004,320,12,323,15,NaN,NaN,NaN,NaN,NaN,NaN,NaN,NaN,NaN,NaN,TD,NW,C,C,165,1007,NaN,S,30,NaN,
2022030406,a0b.2022,9X-A0B,TD,DEV,9.4,83.1,30,1006,325,8,338,3,NaN,NaN,NaN,NaN,NaN,NaN,NaN,NaN,NaN,NaN,TD,NW,C,C,155,1010,NaN,S,30,NaN,
2022030412,a0b.2022,9X-A0B,TD,DEV,10.3,82.9,30,1004,335,7,33,2,NaN,NaN,NaN,NaN,NaN,NaN,NaN,NaN,NaN,NaN,TD,NW,C,C,140,1008,NaN,S,30,NaN,
2022031312,a1b.2022,9X-A1B,TD,NONdev,3.2,85.6,15,1010,98,8,98,8,NaN,NaN,NaN,NaN,NaN,NaN,NaN,NaN,NaN,NaN,DB,NW,b,b,NaN,NaN,NaN,NaN,NaN,NaN,
2022031318,a1b.2022,9X-A1B,TD,NONdev,3.4,86.3,15,1010,98,8,98,8,NaN,NaN,NaN,NaN,NaN,NaN,NaN,NaN,NaN,NaN,DB,NW,b,b,NaN,NaN,NaN,NaN,NaN,NaN,
2022031400,a1b.2022,9X-A1B,TD,NONdev,3.0,87.1,15,1010,98,8,98,8,NaN,NaN,NaN,NaN,NaN,NaN,NaN,NaN,NaN,NaN,DB,NW,b,b,NaN,NaN,NaN,NaN,NaN,NaN,
2022031406,a1b.2022,9X-A1B,TD,NONdev,2.6,87.1,15,1008,135,6,135,6,NaN,NaN,NaN,NaN,NaN,NaN,NaN,NaN,NaN,NaN,DB,NW,b,b,80,1010,NaN,NaN,20,NaN,
2022031412,a1b.2022,9X-A1B,TD,NONdev,4.0,87.1,15,1008,360,5,360,5,NaN,NaN,NaN,NaN,NaN,NaN,NaN,NaN,NaN,NaN,DB,NW,b,b,90,1010,NaN,NaN,20,NaN,
2022031418,a1b.2022,9X-A1B,TD,NONdev,2.1,86.5,20,1007,230,4,230,4,NaN,NaN,NaN,NaN,NaN,NaN,NaN,NaN,NaN,NaN,DB,NW,c,c,90,1009,NaN,NaN,20,NaN,
2022031500,a1b.2022,9X-A1B,TD,NONdev,2.3,85.7,25,1006,260,5,219,11,NaN,NaN,NaN,NaN,NaN,NaN,NaN,NaN,NaN,NaN,TD,NW,C,C,90,1009,NaN,S,20,NaN,
2022031506,a1b.2022,9X-A1B,TD,NONdev,4.0,88.0,20,1007,90,3,38,12,NaN,NaN,NaN,NaN,NaN,NaN,NaN,NaN,NaN,NaN,DB,NW,C,C,240,1009,NaN,S,60,NaN,
2022031512,a1b.2022,9X-A1B,TD,NONdev,3.9,87.5,20,1007,48,12,48,12,NaN,NaN,NaN,NaN,NaN,NaN,NaN,NaN,NaN,NaN,DB,NW,b,b,240,1009,NaN,NaN,60,NaN,
2022031518,a1b.2022,9X-A1B,TD,NONdev,4.0,87.9,20,1006,54,7,270,0,NaN,NaN,NaN,NaN,NaN,NaN,NaN,NaN,NaN,NaN,DB,NW,c,c,NaN,NaN,NaN,NaN,NaN,NaN,
2022031600,a1b.2022,9X-A1B,TD,NONdev,3.8,89.8,20,1006,92,11,92,11,NaN,NaN,NaN,NaN,NaN,NaN,NaN,NaN,NaN,NaN,DB,NW,c,c,NaN,NaN,NaN,NaN,NaN,NaN,
2022031606,a1b.2022,9X-A1B,TD,NONdev,5.6,89.4,20,1007,90,7,43,11,NaN,NaN,NaN,NaN,NaN,NaN,NaN,NaN,NaN,NaN,DB,NW,c,c,NaN,NaN,NaN,NaN,NaN,NaN,
2022031612,a1b.2022,9X-A1B,TD,NONdev,6.1,90.2,20,1006,80,9,10,12,NaN,NaN,NaN,NaN,NaN,NaN,NaN,NaN,NaN,NaN,DB,NW,c,c,NaN,NaN,NaN,NaN,NaN,NaN,
2022031618,a1b.2022,9X-A1B,TD,NONdev,5.4,89.5,20,1007,70,9,154,1,NaN,NaN,NaN,NaN,NaN,NaN,NaN,NaN,NaN,NaN,DB,NW,c,c,NaN,NaN,NaN,NaN,NaN,NaN,
2022031700,a1b.2022,9X-A1B,TD,NONdev,5.8,90.2,20,1007,65,8,180,1,NaN,NaN,NaN,NaN,NaN,NaN,NaN,NaN,NaN,NaN,DB,NW,c,c,NaN,NaN,NaN,NaN,NaN,NaN,
2022031706,a1b.2022,9X-A1B,TD,NONdev,5.4,90.6,20,1007,90,5,90,5,NaN,NaN,NaN,NaN,NaN,NaN,NaN,NaN,NaN,NaN,DB,NW,b,b,NaN,NaN,NaN,NaN,NaN,NaN,
2022031712,a1b.2022,9X-A1B,TD,NONdev,5.9,90.7,20,1007,79,3,79,3,NaN,NaN,NaN,NaN,NaN,NaN,NaN,NaN,NaN,NaN,DB,NW,b,b,125,1009,NaN,NaN,15,NaN,
2022031718,a1b.2022,9X-A1B,TD,NONdev,6.4,90.4,15,1007,349,5,349,5,NaN,NaN,NaN,NaN,NaN,NaN,NaN,NaN,NaN,NaN,DB,NW,c,c,125,1009,NaN,NaN,15,NaN,
2022031800,a1b.2022,9X-A1B,TD,NONdev,7.2,90.7,15,1007,360,6,360,6,NaN,NaN,NaN,NaN,NaN,NaN,NaN,NaN,NaN,NaN,DB,NW,c,c,125,1009,NaN,NaN,15,NaN,
2022031806,a1b.2022,9X-A1B,TD,NONdev,7.5,91.1,15,1010,32,7,32,7,NaN,NaN,NaN,NaN,NaN,NaN,NaN,NaN,NaN,NaN,DB,NW,b,b,125,1009,NaN,NaN,15,NaN,
2022031812,a1b.2022,9X-A1B,TD,NONdev,7.8,91.3,20,1008,45,4,45,4,NaN,NaN,NaN,NaN,NaN,NaN,NaN,NaN,NaN,NaN,DB,NW,b,b,125,1009,NaN,NaN,15,NaN,
2022031818,a1b.2022,9X-A1B,TD,NONdev,8.4,91.7,20,1005,33,5,33,5,NaN,NaN,NaN,NaN,NaN,NaN,NaN,NaN,NaN,NaN,DB,NW,c,c,150,1007,NaN,NaN,70,NaN,
2022050412,a2b.2022,9X-A2B,TD,DEV,6.3,94.6,15,1010,183,9,330,13,NaN,NaN,NaN,NaN,NaN,NaN,NaN,NaN,NaN,NaN,DB,NW,b,b,NaN,NaN,NaN,NaN,NaN,NaN,
2022050418,a2b.2022,9X-A2B,TD,DEV,7.8,94.4,15,1006,183,9,330,13,NaN,NaN,NaN,NaN,NaN,NaN,NaN,NaN,NaN,NaN,DB,NW,c,c,NaN,NaN,NaN,NaN,NaN,NaN,
2022050500,a2b.2022,9X-A2B,TD,DEV,8.5,93.3,15,1006,260,6,330,13,NaN,NaN,NaN,NaN,NaN,NaN,NaN,NaN,NaN,NaN,DB,NW,c,c,NaN,NaN,0.03,NaN,NaN,NaN,
2022050506,a2b.2022,9X-A2B,TD,DEV,8.9,93.6,15,1006,338,8,324,7,NaN,NaN,NaN,NaN,NaN,NaN,NaN,NaN,NaN,NaN,DB,NW,c,c,150,1007,NaN,NaN,50,NaN,
2022050512,a2b.2022,9X-A2B,TD,DEV,8.9,93.0,15,1005,325,6,323,2,NaN,NaN,NaN,NaN,NaN,NaN,NaN,NaN,NaN,NaN,DB,NW,c,c,150,1006,NaN,NaN,50,NaN,
2022050518,a2b.2022,9X-A2B,TD,DEV,8.6,93.0,15,1010,315,4,243,3,NaN,NaN,NaN,NaN,NaN,NaN,NaN,NaN,NaN,NaN,DB,NW,c,c,150,1006,0.02,NaN,50,NaN,
2022050600,a2b.2022,9X-A2B,TD,DEV,8.7,92.7,15,1005,305,3,236,2,NaN,NaN,NaN,NaN,NaN,NaN,NaN,NaN,NaN,NaN,DB,NW,C,C,180,1007,NaN,S,50,NaN,
2022050606,a2b.2022,9X-A2B,TD,DEV,8.7,93.0,20,1004,315,6,360,0,NaN,NaN,NaN,NaN,NaN,NaN,NaN,NaN,NaN,NaN,DB,NW,C,C,160,1006,0.02,S,50,NaN,
2022050612,a2b.2022,9X-A2B,TD,DEV,8.6,92.5,25,1003,310,7,243,1,NaN,NaN,NaN,NaN,NaN,NaN,NaN,NaN,NaN,NaN,TD,NW,C,C,200,1005,NaN,S,50,NaN,
2022050618,a2b.2022,9X-A2B,TD,DEV,8.4,92.5,30,1002,305,6,239,3,NaN,NaN,NaN,NaN,NaN,NaN,NaN,NaN,NaN,NaN,TD,NW,C,C,210,1006,NaN,S,50,NaN,
2022050700,a2b.2022,9X-A2B,TD,DEV,9.2,91.9,30,1002,315,8,315,4,NaN,NaN,NaN,NaN,NaN,NaN,NaN,NaN,NaN,NaN,TD,NW,C,C,210,1006,NaN,S,50,NaN,
2022051900,a3b.2022,9X-A3B,TD,NONdev,14.9,95.3,15,1010,57,5,57,5,NaN,NaN,NaN,NaN,NaN,NaN,NaN,NaN,NaN,NaN,DB,NW,b,b,NaN,NaN,NaN,NaN,NaN,NaN,
2022051906,a3b.2022,9X-A3B,TD,NONdev,15.1,95.7,15,1010,57,5,57,5,NaN,NaN,NaN,NaN,NaN,NaN,NaN,NaN,NaN,NaN,DB,NW,b,b,NaN,NaN,NaN,NaN,NaN,NaN,
2022051912,a3b.2022,9X-A3B,TD,NONdev,15.4,96.1,20,1007,57,5,57,5,NaN,NaN,NaN,NaN,NaN,NaN,NaN,NaN,NaN,NaN,DB,NW,b,b,NaN,NaN,0.03,NaN,NaN,NaN,
2022051918,a3b.2022,9X-A3B,TD,NONdev,15.6,96.8,20,1004,52,5,65,6,NaN,NaN,NaN,NaN,NaN,NaN,NaN,NaN,NaN,NaN,DB,NW,c,c,100,1006,NaN,NaN,45,NaN,
2022052000,a3b.2022,9X-A3B,TD,NONdev,16.0,96.6,30,999,45,4,39,4,NaN,NaN,NaN,NaN,NaN,NaN,NaN,NaN,NaN,NaN,TD,NW,C,C,95,1004,0.05,S,15,NaN,
2022052006,a3b.2022,9X-A3B,TD,NONdev,16.6,97.4,30,999,45,6,30,6,NaN,NaN,NaN,NaN,NaN,NaN,NaN,NaN,NaN,NaN,TD,NW,C,C,80,1004,0.60,S,15,NaN,
2022052012,a3b.2022,9X-A3B,TD,NONdev,17.1,97.6,25,1003,35,6,41,7,NaN,NaN,NaN,NaN,NaN,NaN,NaN,NaN,NaN,NaN,TD,NW,C,C,80,1006,0.84,S,15,NaN,
2022062612,a4a.2022,9X-A4A,TD,NONdev,20.1,70.0,25,1000,279,10,279,10,NaN,NaN,NaN,NaN,NaN,NaN,NaN,NaN,NaN,NaN,TD,NW,b,b,NaN,NaN,NaN,NaN,NaN,NaN,
2022062618,a4a.2022,9X-A4A,TD,NONdev,20.2,68.9,30,995,279,10,279,10,NaN,NaN,NaN,NaN,NaN,NaN,NaN,NaN,NaN,NaN,TD,NW,b,b,75,1001,NaN,NaN,30,NaN,
2022062700,a4a.2022,9X-A4A,TD,NONdev,20.4,67.9,30,997,280,10,279,10,NaN,NaN,NaN,NaN,NaN,NaN,NaN,NaN,NaN,NaN,TD,NW,C,C,75,1001,NaN,M,30,NaN,
2022062706,a4a.2022,9X-A4A,TD,NONdev,20.8,66.9,30,997,285,10,288,10,NaN,NaN,NaN,NaN,NaN,NaN,NaN,NaN,NaN,NaN,TD,NW,C,C,75,1001,NaN,M,30,NaN,
2022062712,a4a.2022,9X-A4A,TD,NONdev,21.4,66.1,30,997,295,10,301,10,NaN,NaN,NaN,NaN,NaN,NaN,NaN,NaN,NaN,NaN,TD,NW,C,C,75,1001,NaN,M,30,NaN,
2022062718,a4a.2022,9X-A4A,TD,NONdev,21.0,66.0,20,1003,290,6,283,4,NaN,NaN,NaN,NaN,NaN,NaN,NaN,NaN,NaN,NaN,DB,NW,C,C,75,1003,NaN,M,25,NaN,
2022062800,a4a.2022,9X-A4A,TD,NONdev,21.2,65.5,20,1001,290,5,250,3,NaN,NaN,NaN,NaN,NaN,NaN,NaN,NaN,NaN,NaN,DB,NW,C,C,75,1003,NaN,M,25,NaN,
2022062806,a4a.2022,9X-A4A,TD,NONdev,22.3,66.1,15,1003,326,4,4,7,NaN,NaN,NaN,NaN,NaN,NaN,NaN,NaN,NaN,NaN,DB,NW,c,c,NaN,NaN,NaN,NaN,NaN,NaN,
2022071106,a5b.2022,9X-A5B,TD,NONdev,19.4,86.1,20,997,360,2,360,2,NaN,NaN,NaN,NaN,NaN,NaN,NaN,NaN,NaN,NaN,DB,NW,b,b,210,1000,0.14,NaN,60,NaN,
2022071112,a5b.2022,9X-A5B,TD,NONdev,19.8,87.0,20,997,360,2,360,2,NaN,NaN,NaN,NaN,NaN,NaN,NaN,NaN,NaN,NaN,DB,NW,b,b,210,1000,0.06,NaN,60,NaN,
2022071118,a5b.2022,9X-A5B,TD,NONdev,19.9,86.1,20,997,360,2,360,2,NaN,NaN,NaN,NaN,NaN,NaN,NaN,NaN,NaN,NaN,TD,NW,c,c,210,1000,0.61,NaN,60,NaN,
2022071200,a5b.2022,9X-A5B,TD,NONdev,19.8,85.8,20,996,287,3,270,6,NaN,NaN,NaN,NaN,NaN,NaN,NaN,NaN,NaN,NaN,TD,NW,c,c,210,1000,0.61,NaN,60,NaN,
2022071206,a5b.2022,9X-A5B,TD,NONdev,19.9,85.7,25,997,270,4,270,2,NaN,NaN,NaN,NaN,NaN,NaN,NaN,NaN,NaN,NaN,TD,NW,c,c,190,1000,0.74,NaN,45,NaN,
2022071212,a5b.2022,9X-A5B,TD,NONdev,19.9,85.3,20,994,270,4,282,2,NaN,NaN,NaN,NaN,NaN,NaN,NaN,NaN,NaN,NaN,DB,NW,c,c,180,1000,0.74,NaN,35,NaN,
2022071218,a5b.2022,9X-A5B,TD,NONdev,20.1,86.1,20,994,62,2,62,2,NaN,NaN,NaN,NaN,NaN,NaN,NaN,NaN,NaN,NaN,DB,NW,c,c,180,998,0.61,NaN,35,NaN,
2022071300,a5b.2022,9X-A5B,TD,NONdev,19.7,86.1,20,994,145,2,105,4,NaN,NaN,NaN,NaN,NaN,NaN,NaN,NaN,NaN,NaN,DB,NW,c,c,180,998,0.14,NaN,35,NaN,
2022071306,a5b.2022,9X-A5B,TD,NONdev,19.7,85.8,20,994,215,2,215,2,NaN,NaN,NaN,NaN,NaN,NaN,NaN,NaN,NaN,NaN,DB,NW,c,c,180,998,0.14,NaN,35,NaN,
2022071312,a5b.2022,9X-A5B,TD,NONdev,19.9,85.9,20,994,317,1,317,1,NaN,NaN,NaN,NaN,NaN,NaN,NaN,NaN,NaN,NaN,DB,NW,c,c,175,998,0.61,NaN,30,NaN,
2022071318,a5b.2022,9X-A5B,TD,NONdev,20.3,85.9,15,994,9,3,9,3,NaN,NaN,NaN,NaN,NaN,NaN,NaN,NaN,NaN,NaN,DB,NW,c,c,120,996,0.96,NaN,30,NaN,
2022071400,a5b.2022,9X-A5B,TD,NONdev,20.4,85.8,15,993,349,3,349,3,NaN,NaN,NaN,NaN,NaN,NaN,NaN,NaN,NaN,NaN,DB,NW,c,c,120,995,0.96,NaN,30,NaN,
2022071406,a5b.2022,9X-A5B,TD,NONdev,20.5,85.7,15,995,317,1,317,1,NaN,NaN,NaN,NaN,NaN,NaN,NaN,NaN,NaN,NaN,DB,NW,c,c,120,997,0.96,NaN,30,NaN,
2022071412,a5b.2022,9X-A5B,TD,NONdev,20.6,86.0,15,995,43,1,43,1,NaN,NaN,NaN,NaN,NaN,NaN,NaN,NaN,NaN,NaN,DB,NW,c,c,120,997,0.96,NaN,30,NaN,
2022071406,a6a.2022,9X-A6A,TD,NONdev,21.2,68.6,14,1011,270,5,270,5,NaN,NaN,NaN,NaN,NaN,NaN,NaN,NaN,NaN,NaN,DB,NW,b,b,NaN,NaN,NaN,NaN,NaN,NaN,
2022071412,a6a.2022,9X-A6A,TD,NONdev,21.2,68.1,14,1011,270,5,270,5,NaN,NaN,NaN,NaN,NaN,NaN,NaN,NaN,NaN,NaN,DB,NW,b,b,NaN,NaN,NaN,NaN,NaN,NaN,
2022071418,a6a.2022,9X-A6A,TD,NONdev,21.2,67.6,14,994,270,5,270,5,NaN,NaN,NaN,NaN,NaN,NaN,NaN,NaN,NaN,NaN,TD,NW,c,c,140,995,NaN,NaN,40,NaN,
2022071500,a6a.2022,9X-A6A,TD,NONdev,21.2,67.3,25,993,270,4,270,4,NaN,NaN,NaN,NaN,NaN,NaN,NaN,NaN,NaN,NaN,TD,NW,c,c,170,995,NaN,NaN,40,NaN,
2022071506,a6a.2022,9X-A6A,TD,NONdev,21.3,68.7,25,993,84,5,84,5,NaN,NaN,NaN,NaN,NaN,NaN,NaN,NaN,NaN,NaN,TD,NW,c,c,150,995,NaN,NaN,40,NaN,
2022071512,a6a.2022,9X-A6A,TD,NONdev,21.1,68.5,25,993,118,3,95,6,NaN,NaN,NaN,NaN,NaN,NaN,NaN,NaN,NaN,NaN,TD,NW,c,c,150,995,NaN,NaN,40,NaN,
2022071518,a6a.2022,9X-A6A,TD,NONdev,21.3,68.3,25,991,285,2,270,2,NaN,NaN,NaN,NaN,NaN,NaN,NaN,NaN,NaN,NaN,TD,NW,C,C,150,995,NaN,S,40,NaN,
2022071600,a6a.2022,9X-A6A,TD,NONdev,21.6,69.3,30,989,55,3,56,4,NaN,NaN,NaN,NaN,NaN,NaN,NaN,NaN,NaN,NaN,TD,NW,C,C,150,995,0.30,M,40,NaN,
2022071606,a6a.2022,9X-A6A,TD,NONdev,21.8,69.0,30,989,15,2,52,4,NaN,NaN,NaN,NaN,NaN,NaN,NaN,NaN,NaN,NaN,TD,NW,C,C,160,995,0.21,M,50,NaN,
2022071612,a6a.2022,9X-A6A,TD,NONdev,21.9,68.8,30,989,340,3,303,3,NaN,NaN,NaN,NaN,NaN,NaN,NaN,NaN,NaN,NaN,TD,NW,C,C,160,995,0.21,M,50,NaN,
2022071618,a6a.2022,9X-A6A,TD,NONdev,22.5,68.8,30,989,325,4,345,4,NaN,NaN,NaN,NaN,NaN,NaN,NaN,NaN,NaN,NaN,TD,NW,C,C,160,995,0.21,M,50,NaN,
2022071700,a6a.2022,9X-A6A,TD,NONdev,22.7,68.3,30,997,301,5,330,5,NaN,NaN,NaN,NaN,NaN,NaN,NaN,NaN,NaN,NaN,TD,NW,c,c,160,995,0.01,NaN,50,NaN,
2022071706,a6a.2022,9X-A6A,TD,NONdev,23.5,68.1,25,1004,327,6,327,6,NaN,NaN,NaN,NaN,NaN,NaN,NaN,NaN,NaN,NaN,TD,NW,c,c,150,1006,0.20,NaN,35,NaN,
2022071712,a6a.2022,9X-A6A,TD,NONdev,23.6,67.6,25,1004,324,6,324,6,NaN,NaN,NaN,NaN,NaN,NaN,NaN,NaN,NaN,NaN,TD,NW,c,c,150,1006,0.05,NaN,35,NaN,
2022071718,a6a.2022,9X-A6A,TD,NONdev,22.9,64.6,25,995,270,10,259,16,NaN,NaN,NaN,NaN,NaN,NaN,NaN,NaN,NaN,NaN,TD,NW,c,c,150,1006,NaN,NaN,35,NaN,
2022071800,a6a.2022,9X-A6A,TD,NONdev,22.9,63.9,25,995,270,8,258,17,NaN,NaN,NaN,NaN,NaN,NaN,NaN,NaN,NaN,NaN,TD,NW,c,c,150,1006,NaN,NaN,35,NaN,
2022080512,a7b.2022,9X-A7B,TD,NONdev,18.3,88.6,15,998,332,4,332,4,NaN,NaN,NaN,NaN,NaN,NaN,NaN,NaN,NaN,NaN,DB,NW,b,b,NaN,NaN,NaN,NaN,NaN,NaN,
2022080518,a7b.2022,9X-A7B,TD,NONdev,18.8,88.5,15,998,332,4,332,4,NaN,NaN,NaN,NaN,NaN,NaN,NaN,NaN,NaN,NaN,DB,NW,b,b,NaN,NaN,NaN,NaN,NaN,NaN,
2022080600,a7b.2022,9X-A7B,TD,NONdev,19.0,88.2,20,997,332,4,332,4,NaN,NaN,NaN,NaN,NaN,NaN,NaN,NaN,NaN,NaN,DB,NW,b,b,105,999,NaN,NaN,60,NaN,
2022080606,a7b.2022,9X-A7B,TD,NONdev,19.5,87.8,20,998,317,5,317,5,NaN,NaN,NaN,NaN,NaN,NaN,NaN,NaN,NaN,NaN,DB,NW,c,c,105,999,NaN,NaN,60,NaN,
2022080612,a7b.2022,9X-A7B,TD,NONdev,19.8,86.7,20,995,292,8,299,8,NaN,NaN,NaN,NaN,NaN,NaN,NaN,NaN,NaN,NaN,DB,NW,c,c,105,996,0.33,NaN,60,NaN,
2022080618,a7b.2022,9X-A7B,TD,NONdev,19.4,86.8,20,995,264,5,264,5,NaN,NaN,NaN,NaN,NaN,NaN,NaN,NaN,NaN,NaN,DB,NW,b,b,105,996,NaN,NaN,60,NaN,
2022080700,a7b.2022,9X-A7B,TD,NONdev,19.4,86.6,20,995,279,3,193,2,NaN,NaN,NaN,NaN,NaN,NaN,NaN,NaN,NaN,NaN,DB,NW,c,c,105,996,0.04,NaN,60,NaN,
2022080706,a7b.2022,9X-A7B,TD,NONdev,19.4,85.7,20,995,270,5,270,5,NaN,NaN,NaN,NaN,NaN,NaN,NaN,NaN,NaN,NaN,DB,NW,c,c,75,996,0.29,NaN,40,NaN,
2022080712,a7b.2022,9X-A7B,TD,NONdev,19.3,84.7,20,993,266,8,267,9,NaN,NaN,NaN,NaN,NaN,NaN,NaN,NaN,NaN,NaN,DB,NW,c,c,80,995,0.93,NaN,40,NaN,
2022080718,a7b.2022,9X-A7B,TD,NONdev,18.8,84.3,15,996,246,7,246,7,NaN,NaN,NaN,NaN,NaN,NaN,NaN,NaN,NaN,NaN,DB,NW,c,c,80,998,0.69,NaN,40,NaN,
2022080800,a7b.2022,9X-A7B,TD,NONdev,18.8,84.3,15,997,217,3,217,3,NaN,NaN,NaN,NaN,NaN,NaN,NaN,NaN,NaN,NaN,DB,NW,c,c,100,996,0.69,NaN,40,NaN,
2022080806,a7b.2022,9X-A7B,TD,NONdev,19.2,85.2,25,993,73,3,65,5,NaN,NaN,NaN,NaN,NaN,NaN,NaN,NaN,NaN,NaN,TD,NW,c,c,100,996,0.24,NaN,40,NaN,
2022080812,a7b.2022,9X-A7B,TD,NONdev,19.2,84.5,25,992,294,4,25,2,NaN,NaN,NaN,NaN,NaN,NaN,NaN,NaN,NaN,NaN,TD,NW,c,c,100,994,0.69,NaN,40,NaN,
2022080818,a7b.2022,9X-A7B,TD,NONdev,19.6,84.9,25,992,325,2,325,2,NaN,NaN,NaN,NaN,NaN,NaN,NaN,NaN,NaN,NaN,TD,NW,c,c,100,994,0.62,NaN,30,NaN,
2022080900,a7b.2022,9X-A7B,TD,NONdev,20.0,85.0,25,992,30,5,30,5,NaN,NaN,NaN,NaN,NaN,NaN,NaN,NaN,NaN,NaN,TD,NW,c,c,100,994,0.89,NaN,30,NaN,
2022081018,a8a.2022,9X-A8A,TD,DEV,22.0,72.1,15,991,278,7,278,7,NaN,NaN,NaN,NaN,NaN,NaN,NaN,NaN,NaN,NaN,DB,NW,b,b,NaN,NaN,0.78,NaN,NaN,NaN,
2022081100,a8a.2022,9X-A8A,TD,DEV,22.0,71.4,15,991,278,7,278,7,NaN,NaN,NaN,NaN,NaN,NaN,NaN,NaN,NaN,NaN,DB,NW,b,b,NaN,NaN,0.99,NaN,NaN,NaN,
2022081106,a8a.2022,9X-A8A,TD,DEV,22.2,70.6,15,990,278,7,278,7,NaN,NaN,NaN,NaN,NaN,NaN,NaN,NaN,NaN,NaN,DB,NW,b,b,NaN,NaN,0.99,NaN,NaN,NaN,
2022081112,a8a.2022,9X-A8A,TD,DEV,22.0,70.1,20,990,270,6,270,6,NaN,NaN,NaN,NaN,NaN,NaN,NaN,NaN,NaN,NaN,DB,NW,c,c,80,992,0.76,NaN,55,NaN,
2022081118,a8a.2022,9X-A8A,TD,DEV,22.3,68.6,20,990,273,9,273,9,NaN,NaN,NaN,NaN,NaN,NaN,NaN,NaN,NaN,NaN,TD,NW,c,c,80,992,0.01,NaN,55,NaN,
2022081200,a8a.2022,9X-A8A,TD,DEV,22.6,66.3,25,990,275,13,280,18,NaN,NaN,NaN,NaN,NaN,NaN,NaN,NaN,NaN,NaN,TD,NW,C,C,175,993,NaN,S,55,NaN,
2022081700,a9b.2022,9X-A9B,TD,DEV,17.1,96.1,15,999,311,7,311,7,NaN,NaN,NaN,NaN,NaN,NaN,NaN,NaN,NaN,NaN,DB,NW,b,b,NaN,NaN,0.98,NaN,NaN,NaN,
2022081706,a9b.2022,9X-A9B,TD,DEV,17.6,95.5,15,999,311,7,311,7,NaN,NaN,NaN,NaN,NaN,NaN,NaN,NaN,NaN,NaN,DB,NW,b,b,NaN,NaN,0.99,NaN,NaN,NaN,
2022081712,a9b.2022,9X-A9B,TD,DEV,18.0,95.0,15,999,311,7,311,7,NaN,NaN,NaN,NaN,NaN,NaN,NaN,NaN,NaN,NaN,DB,NW,c,c,NaN,NaN,0.98,NaN,NaN,NaN,
2022081718,a9b.2022,9X-A9B,TD,DEV,18.5,94.3,25,996,308,7,308,7,NaN,NaN,NaN,NaN,NaN,NaN,NaN,NaN,NaN,NaN,TD,NW,c,c,170,998,0.71,NaN,35,NaN,
2022081800,a9b.2022,9X-A9B,TD,DEV,18.9,93.4,25,994,305,8,301,9,NaN,NaN,NaN,NaN,NaN,NaN,NaN,NaN,NaN,NaN,TD,NW,C,C,80,996,0.22,S,35,NaN,
2022081806,a9b.2022,9X-A9B,TD,DEV,19.5,92.2,30,992,300,10,297,11,NaN,NaN,NaN,NaN,NaN,NaN,NaN,NaN,NaN,NaN,TD,NW,C,C,170,996,NaN,S,35,NaN,
2022081812,a9b.2022,9X-A9B,TD,DEV,20.2,90.7,30,993,295,12,297,14,NaN,NaN,NaN,NaN,NaN,NaN,NaN,NaN,NaN,NaN,TD,NW,C,C,170,996,NaN,S,35,NaN,
2022090700,b0b.2022,9X-B0B,TD,NONdev,14.0,90.5,20,1002,289,6,289,6,NaN,NaN,NaN,NaN,NaN,NaN,NaN,NaN,NaN,NaN,DB,NW,b,b,NaN,NaN,NaN,NaN,NaN,NaN,
2022090706,b0b.2022,9X-B0B,TD,NONdev,14.5,90.3,20,1002,329,5,289,6,NaN,NaN,NaN,NaN,NaN,NaN,NaN,NaN,NaN,NaN,DB,NW,c,c,NaN,NaN,NaN,NaN,NaN,NaN,
2022090712,b0b.2022,9X-B0B,TD,NONdev,14.4,89.3,20,1007,289,6,289,6,NaN,NaN,NaN,NaN,NaN,NaN,NaN,NaN,NaN,NaN,DB,NW,c,c,NaN,NaN,NaN,NaN,NaN,NaN,
2022090718,b0b.2022,9X-B0B,TD,NONdev,16.2,88.8,20,1006,321,8,320,11,NaN,NaN,NaN,NaN,NaN,NaN,NaN,NaN,NaN,NaN,DB,NW,c,c,150,1006,NaN,NaN,170,NaN,
2022090800,b0b.2022,9X-B0B,TD,NONdev,15.9,87.9,15,1004,286,9,318,10,NaN,NaN,NaN,NaN,NaN,NaN,NaN,NaN,NaN,NaN,DB,NW,c,c,175,1005,NaN,NaN,170,NaN,
2022090806,b0b.2022,9X-B0B,TD,NONdev,16.2,86.4,15,1010,280,14,270,12,NaN,NaN,NaN,NaN,NaN,NaN,NaN,NaN,NaN,NaN,DB,NW,c,c,175,1005,NaN,NaN,170,NaN,
2022090812,b0b.2022,9X-B0B,TD,NONdev,16.3,85.1,15,1010,274,14,278,14,NaN,NaN,NaN,NaN,NaN,NaN,NaN,NaN,NaN,NaN,DB,NW,c,c,175,1005,NaN,NaN,170,NaN,
2022090818,b0b.2022,9X-B0B,TD,NONdev,16.7,84.8,15,1004,282,10,288,8,NaN,NaN,NaN,NaN,NaN,NaN,NaN,NaN,NaN,NaN,DB,NW,c,c,175,1005,NaN,NaN,150,NaN,
2022090900,b0b.2022,9X-B0B,TD,NONdev,17.1,83.8,15,1003,288,10,303,7,NaN,NaN,NaN,NaN,NaN,NaN,NaN,NaN,NaN,NaN,DB,NW,c,c,160,1004,NaN,NaN,100,NaN,
2022090906,b0b.2022,9X-B0B,TD,NONdev,17.7,84.3,15,1010,334,6,334,6,NaN,NaN,NaN,NaN,NaN,NaN,NaN,NaN,NaN,NaN,DB,NW,c,c,160,1004,NaN,NaN,100,NaN,
2022090912,b0b.2022,9X-B0B,TD,NONdev,17.5,84.6,15,1010,62,4,62,4,NaN,NaN,NaN,NaN,NaN,NaN,NaN,NaN,NaN,NaN,DB,NW,c,c,160,1004,NaN,NaN,100,NaN,
2022090918,b0b.2022,9X-B0B,TD,NONdev,17.9,85.1,15,1010,75,4,75,4,NaN,NaN,NaN,NaN,NaN,NaN,NaN,NaN,NaN,NaN,DB,NW,c,c,160,1004,NaN,NaN,100,NaN,
2022091000,b0b.2022,9X-B0B,TD,NONdev,17.6,85.7,15,1010,96,5,85,5,NaN,NaN,NaN,NaN,NaN,NaN,NaN,NaN,NaN,NaN,DB,NW,c,c,160,1004,NaN,NaN,100,NaN,
2022031418,b1b.2022,9X-B1B,TD,NONdev,2.1,86.5,20,NaN,230,4,38,12,NaN,NaN,NaN,NaN,NaN,NaN,NaN,NaN,NaN,NaN,NT,NW,c,c,NaN,NaN,NaN,NaN,NaN,NaN,
2022031500,b1b.2022,9X-B1B,TD,NONdev,2.3,85.7,25,1006,260,5,38,12,NaN,NaN,NaN,NaN,NaN,NaN,NaN,NaN,NaN,NaN,TD,NW,C,C,90,1009,NaN,S,20,NaN,
2022031506,b1b.2022,9X-B1B,TD,NONdev,4.0,88.0,20,1007,90,3,38,12,NaN,NaN,NaN,NaN,NaN,NaN,NaN,NaN,NaN,NaN,DB,NW,C,C,240,1009,NaN,S,60,NaN,
2022031512,b1b.2022,9X-B1B,TD,NONdev,4.0,88.0,20,1007,90,3,45,10,NaN,NaN,NaN,NaN,NaN,NaN,NaN,NaN,NaN,NaN,DB,NW,C,C,240,1009,NaN,S,60,NaN,
2022031518,b1b.2022,9X-B1B,TD,NONdev,4.0,87.9,20,NaN,54,7,52,9,NaN,NaN,NaN,NaN,NaN,NaN,NaN,NaN,NaN,NaN,NT,NW,c,c,NaN,NaN,NaN,NaN,NaN,NaN,
2022031600,b1b.2022,9X-B1B,TD,NONdev,3.8,89.8,20,NaN,92,11,96,6,NaN,NaN,NaN,NaN,NaN,NaN,NaN,NaN,NaN,NaN,NT,NW,c,c,NaN,NaN,NaN,NaN,NaN,NaN,
2022031606,b1b.2022,9X-B1B,TD,NONdev,5.6,89.4,20,NaN,90,7,43,11,NaN,NaN,NaN,NaN,NaN,NaN,NaN,NaN,NaN,NaN,NT,NW,c,c,NaN,NaN,NaN,NaN,NaN,NaN,
2022031612,b1b.2022,9X-B1B,TD,NONdev,6.1,90.2,20,NaN,80,9,10,12,NaN,NaN,NaN,NaN,NaN,NaN,NaN,NaN,NaN,NaN,NT,NW,c,c,NaN,NaN,NaN,NaN,NaN,NaN,
2022031618,b1b.2022,9X-B1B,TD,NONdev,5.4,89.5,20,NaN,70,9,154,1,NaN,NaN,NaN,NaN,NaN,NaN,NaN,NaN,NaN,NaN,NT,NW,c,c,NaN,NaN,NaN,NaN,NaN,NaN,
2022031700,b1b.2022,9X-B1B,TD,NONdev,5.8,90.2,20,NaN,65,8,180,1,NaN,NaN,NaN,NaN,NaN,NaN,NaN,NaN,NaN,NaN,NT,NW,c,c,NaN,NaN,NaN,NaN,NaN,NaN,
2022031706,b1b.2022,9X-B1B,TD,NONdev,5.8,90.5,20,1007,65,8,124,2,NaN,NaN,NaN,NaN,NaN,NaN,NaN,NaN,NaN,NaN,NT,NW,c,c,125,1009,NaN,NaN,NaN,NaN,
2022031712,b1b.2022,9X-B1B,TD,NONdev,5.9,90.7,20,1007,67,4,67,4,NaN,NaN,NaN,NaN,NaN,NaN,NaN,NaN,NaN,NaN,DB,NW,b,b,125,1009,NaN,NaN,15,NaN,
2022031718,b1b.2022,9X-B1B,TD,NONdev,6.4,90.4,15,1007,349,5,18,2,NaN,NaN,NaN,NaN,NaN,NaN,NaN,NaN,NaN,NaN,DB,NW,c,c,125,1009,NaN,NaN,15,NaN,
2022031800,b1b.2022,9X-B1B,TD,NONdev,7.2,90.7,15,1007,360,6,360,6,NaN,NaN,NaN,NaN,NaN,NaN,NaN,NaN,NaN,NaN,DB,NW,c,c,125,1009,NaN,NaN,15,NaN,
2022031806,b1b.2022,9X-B1B,TD,NONdev,7.5,91.1,15,1010,32,7,32,7,NaN,NaN,NaN,NaN,NaN,NaN,NaN,NaN,NaN,NaN,DB,NW,b,b,125,1009,NaN,NaN,15,NaN,
2022031812,b1b.2022,9X-B1B,TD,NONdev,7.6,91.9,20,1008,71,6,71,6,NaN,NaN,NaN,NaN,NaN,NaN,NaN,NaN,NaN,NaN,DB,NW,b,b,125,1009,NaN,NaN,15,NaN,
2022031818,b1b.2022,9X-B1B,TD,NONdev,8.4,91.7,20,1005,33,5,33,5,NaN,NaN,NaN,NaN,NaN,NaN,NaN,NaN,NaN,NaN,DB,NW,c,c,150,1007,NaN,NaN,70,NaN,
2022031900,b1b.2022,9X-B1B,TD,NONdev,9.5,92.0,20,1005,22,9,3,10,NaN,NaN,NaN,NaN,NaN,NaN,NaN,NaN,NaN,NaN,DB,NW,c,c,170,1006,NaN,NaN,70,NaN,
2022031906,b1b.2022,9X-B1B,TD,NONdev,8.7,93.0,20,1007,77,7,77,7,NaN,NaN,NaN,NaN,NaN,NaN,NaN,NaN,NaN,NaN,DB,NW,b,b,170,1006,0.02,NaN,70,NaN,
2022031912,b1b.2022,9X-B1B,TD,NONdev,9.9,93.6,25,1005,30,8,76,8,NaN,NaN,NaN,NaN,NaN,NaN,NaN,NaN,NaN,NaN,TD,NW,C,C,170,1007,NaN,S,70,NaN,
2022031918,b1b.2022,9X-B1B,TD,NONdev,10.3,93.2,25,1004,10,7,7,8,NaN,NaN,NaN,NaN,NaN,NaN,NaN,NaN,NaN,NaN,TD,NW,C,C,155,1006,0.03,S,60,NaN,
2022032000,b1b.2022,9X-B1B,TD,NONdev,10.5,93.8,25,1003,25,7,18,3,NaN,NaN,NaN,NaN,NaN,NaN,NaN,NaN,NaN,NaN,TD,NW,C,C,170,1006,NaN,S,60,NaN,
2022032006,b1b.2022,9X-B1B,TD,NONdev,10.5,94.1,25,1004,35,5,77,5,NaN,NaN,NaN,NaN,NaN,NaN,NaN,NaN,NaN,NaN,TD,NW,C,C,175,1007,NaN,S,60,NaN,
2022032012,b1b.2022,9X-B1B,TD,NONdev,10.6,94.4,30,1001,40,4,80,3,NaN,NaN,NaN,NaN,NaN,NaN,NaN,NaN,NaN,NaN,TD,NW,C,C,180,1006,NaN,M,40,NaN,
2022032018,b1b.2022,9X-B1B,TD,NONdev,11.3,95.0,30,1000,35,6,48,6,NaN,NaN,NaN,NaN,NaN,NaN,NaN,NaN,NaN,NaN,TD,NW,C,C,175,1006,NaN,M,40,NaN,
2022032100,b1b.2022,9X-B1B,TD,NONdev,12.1,94.9,30,1001,10,6,18,8,NaN,NaN,NaN,NaN,NaN,NaN,NaN,NaN,NaN,NaN,TD,NW,C,C,160,1006,NaN,M,40,NaN,
2022032106,b1b.2022,9X-B1B,TD,NONdev,12.7,94.6,30,1002,350,7,344,7,NaN,NaN,NaN,NaN,NaN,NaN,NaN,NaN,NaN,NaN,TD,NW,C,C,160,1006,NaN,M,35,NaN,
2022032112,b1b.2022,9X-B1B,TD,NONdev,13.5,94.3,30,1000,340,7,337,8,NaN,NaN,NaN,NaN,NaN,NaN,NaN,NaN,NaN,NaN,TD,NW,C,C,160,1006,NaN,M,35,NaN,
2022032118,b1b.2022,9X-B1B,TD,NONdev,14.5,94.7,30,1002,355,8,3,9,NaN,NaN,NaN,NaN,NaN,NaN,NaN,NaN,NaN,NaN,TD,NW,C,C,160,1006,NaN,M,35,NaN,
2022032200,b1b.2022,9X-B1B,TD,NONdev,15.1,94.8,30,1002,5,8,17,8,NaN,NaN,NaN,NaN,NaN,NaN,NaN,NaN,NaN,NaN,TD,NW,C,C,140,1006,NaN,S,35,NaN,
2022032206,b1b.2022,9X-B1B,TD,NONdev,16.1,94.7,25,1003,0,9,360,8,NaN,NaN,NaN,NaN,NaN,NaN,NaN,NaN,NaN,NaN,TD,NW,C,C,130,1006,0.44,S,20,NaN,
2022032212,b1b.2022,9X-B1B,TD,NONdev,17.1,94.1,25,1002,350,9,341,11,NaN,NaN,NaN,NaN,NaN,NaN,NaN,NaN,NaN,NaN,TD,NW,C,C,130,1006,0.08,S,20,NaN,
2022032218,b1b.2022,9X-B1B,TD,NONdev,17.8,94.2,25,1006,350,9,344,9,NaN,NaN,NaN,NaN,NaN,NaN,NaN,NaN,NaN,NaN,TD,NW,C,C,120,1008,0.06,S,50,NaN,
2022032300,b1b.2022,9X-B1B,TD,NONdev,19.1,94.7,15,1010,16,10,16,10,NaN,NaN,NaN,NaN,NaN,NaN,NaN,NaN,NaN,NaN,DB,NW,b,b,120,1008,0.89,NaN,50,NaN,
2022032306,b1b.2022,9X-B1B,TD,NONdev,20.7,95.1,15,1008,16,15,16,15,NaN,NaN,NaN,NaN,NaN,NaN,NaN,NaN,NaN,NaN,DB,NW,b,b,120,1008,0.96,NaN,50,NaN,
2022101618,b2b.2022,9X-B2B,TD,DEV,8.9,95.5,15,1010,25,9,25,9,NaN,NaN,NaN,NaN,NaN,NaN,NaN,NaN,NaN,NaN,DB,NW,b,b,130,1008,NaN,NaN,NaN,NaN,
2022101700,b2b.2022,9X-B2B,TD,DEV,9.7,96.2,15,1010,25,9,25,9,NaN,NaN,NaN,NaN,NaN,NaN,NaN,NaN,NaN,NaN,DB,NW,b,b,130,1008,NaN,NaN,NaN,NaN,
2022101706,b2b.2022,9X-B2B,TD,DEV,10.6,96.3,15,1010,25,9,25,9,NaN,NaN,NaN,NaN,NaN,NaN,NaN,NaN,NaN,NaN,DB,NW,b,b,130,1008,NaN,NaN,NaN,NaN,
2022101712,b2b.2022,9X-B2B,TD,DEV,11.5,96.1,15,1007,357,9,357,9,NaN,NaN,NaN,NaN,NaN,NaN,NaN,NaN,NaN,NaN,DB,NW,c,c,130,1008,NaN,NaN,NaN,NaN,
2022101718,b2b.2022,9X-B2B,TD,DEV,11.8,95.2,15,1007,318,8,318,8,NaN,NaN,NaN,NaN,NaN,NaN,NaN,NaN,NaN,NaN,DB,NW,c,c,130,1008,NaN,NaN,NaN,NaN,
2022101800,b2b.2022,9X-B2B,TD,DEV,12.1,94.1,20,1005,305,9,287,10,NaN,NaN,NaN,NaN,NaN,NaN,NaN,NaN,NaN,NaN,DB,NW,C,C,210,1009,NaN,S,40,NaN,
2022101806,b2b.2022,9X-B2B,TD,DEV,11.4,94.4,20,1005,294,5,243,4,NaN,NaN,NaN,NaN,NaN,NaN,NaN,NaN,NaN,NaN,DB,NW,c,c,210,1009,NaN,NaN,40,NaN,
2022101812,b2b.2022,9X-B2B,TD,DEV,11.1,95.1,21,1005,294,5,213,5,NaN,NaN,NaN,NaN,NaN,NaN,NaN,NaN,NaN,NaN,DB,NW,c,c,209,1009,NaN,NaN,40,NaN,
2022101818,b2b.2022,9X-B2B,TD,DEV,10.8,95.8,22,1004,294,5,182,6,NaN,NaN,NaN,NaN,NaN,NaN,NaN,NaN,NaN,NaN,DB,NW,c,c,208,1009,NaN,NaN,40,NaN,
2022101900,b2b.2022,9X-B2B,TD,DEV,10.5,96.5,24,1004,294,5,152,6,NaN,NaN,NaN,NaN,NaN,NaN,NaN,NaN,NaN,NaN,DB,NW,c,c,206,1009,NaN,NaN,40,NaN,
2022101906,b2b.2022,9X-B2B,TD,DEV,10.2,97.2,25,1004,109,21,122,7,NaN,NaN,NaN,NaN,NaN,NaN,NaN,NaN,NaN,NaN,TD,NW,b,b,205,1009,NaN,NaN,35,NaN,
2022101912,b2b.2022,9X-B2B,TD,DEV,10.3,96.7,25,1005,281,5,116,5,NaN,NaN,NaN,NaN,NaN,NaN,NaN,NaN,NaN,NaN,DB,NW,c,c,190,1008,NaN,NaN,50,NaN,
2022101918,b2b.2022,9X-B2B,TD,DEV,10.4,96.2,20,1005,281,5,281,5,NaN,NaN,NaN,NaN,NaN,NaN,NaN,NaN,NaN,NaN,DB,NW,c,c,190,1008,NaN,NaN,50,NaN,
2022102000,b2b.2022,9X-B2B,TD,DEV,10.5,96.2,20,1005,292,3,292,3,NaN,NaN,NaN,NaN,NaN,NaN,NaN,NaN,NaN,NaN,DB,NW,c,c,110,1008,NaN,NaN,50,NaN,
2022102006,b2b.2022,9X-B2B,TD,DEV,10.5,95.7,15,1005,280,3,281,3,NaN,NaN,NaN,NaN,NaN,NaN,NaN,NaN,NaN,NaN,DB,NW,c,c,110,1008,NaN,NaN,50,NaN,
2022102012,b2b.2022,9X-B2B,TD,DEV,10.5,96.4,15,1006,360,0,90,1,NaN,NaN,NaN,NaN,NaN,NaN,NaN,NaN,NaN,NaN,DB,NW,c,c,75,1008,NaN,NaN,50,NaN,
2022102018,b2b.2022,9X-B2B,TD,DEV,10.6,95.2,15,1006,281,3,281,3,NaN,NaN,NaN,NaN,NaN,NaN,NaN,NaN,NaN,NaN,DB,NW,b,b,75,1008,NaN,NaN,50,NaN,
2022102100,b2b.2022,9X-B2B,TD,DEV,10.9,95.0,15,1009,295,3,286,7,NaN,NaN,NaN,NaN,NaN,NaN,NaN,NaN,NaN,NaN,DB,NW,C,C,75,1009,NaN,S,50,NaN,
2022102106,b2b.2022,9X-B2B,TD,DEV,11.0,94.0,15,1008,290,5,289,6,NaN,NaN,NaN,NaN,NaN,NaN,NaN,NaN,NaN,NaN,DB,NW,C,C,125,1009,NaN,S,50,NaN,
2022102112,b2b.2022,9X-B2B,TD,DEV,12.7,94.2,15,1007,335,8,336,10,NaN,NaN,NaN,NaN,NaN,NaN,NaN,NaN,NaN,NaN,DB,NW,C,C,120,1008,NaN,S,50,NaN,
2022102118,b2b.2022,9X-B2B,TD,DEV,11.6,93.4,25,1006,295,6,316,4,NaN,NaN,NaN,NaN,NaN,NaN,NaN,NaN,NaN,NaN,TD,NW,C,C,140,1009,NaN,S,80,NaN,
2022102200,b2b.2022,9X-B2B,TD,DEV,12.1,92.7,25,1006,300,7,248,8,NaN,NaN,NaN,NaN,NaN,NaN,NaN,NaN,NaN,NaN,TD,NW,C,C,140,1009,0.18,S,80,NaN,
2022102206,b2b.2022,9X-B2B,TD,DEV,14.0,91.5,25,1006,315,5,322,15,NaN,NaN,NaN,NaN,NaN,NaN,NaN,NaN,NaN,NaN,TD,NW,C,C,140,1009,NaN,S,80,NaN,
2022102212,b2b.2022,9X-B2B,TD,DEV,14.5,90.6,25,1005,295,10,320,16,NaN,NaN,NaN,NaN,NaN,NaN,NaN,NaN,NaN,NaN,TD,NW,C,C,140,1009,NaN,S,45,NaN,
2022102218,b2b.2022,9X-B2B,TD,DEV,15.1,89.5,30,1004,300,11,300,11,NaN,NaN,NaN,NaN,NaN,NaN,NaN,NaN,NaN,NaN,TD,NW,C,C,220,1008,NaN,S,45,NaN,
2022102300,b2b.2022,9X-B2B,TD,DEV,15.7,88.5,30,1004,300,11,301,12,NaN,NaN,NaN,NaN,NaN,NaN,NaN,NaN,NaN,NaN,TD,NW,C,C,240,1008,NaN,S,45,NaN,
2022102306,b2b.2022,9X-B2B,TD,DEV,15.2,88.1,30,1000,285,8,274,7,NaN,NaN,NaN,NaN,NaN,NaN,NaN,NaN,NaN,NaN,TD,NW,C,C,240,1008,NaN,S,45,NaN,
2022110918,b3b.2022,9X-B3B,TD,NONdev,6.3,83.7,15,1010,270,6,23,9,NaN,NaN,NaN,NaN,NaN,NaN,NaN,NaN,NaN,NaN,DB,NW,c,c,NaN,NaN,NaN,NaN,NaN,NaN,
2022111000,b3b.2022,9X-B3B,TD,NONdev,6.4,83.0,15,1007,274,6,23,9,NaN,NaN,NaN,NaN,NaN,NaN,NaN,NaN,NaN,NaN,DB,NW,c,c,NaN,NaN,NaN,NaN,NaN,NaN,
2022111006,b3b.2022,9X-B3B,TD,NONdev,7.9,84.4,15,1007,284,12,23,9,NaN,NaN,NaN,NaN,NaN,NaN,NaN,NaN,NaN,NaN,DB,NW,c,c,NaN,NaN,NaN,NaN,NaN,NaN,
2022111012,b3b.2022,9X-B3B,TD,NONdev,7.7,84.3,15,1007,289,9,45,9,NaN,NaN,NaN,NaN,NaN,NaN,NaN,NaN,NaN,NaN,DB,NW,c,c,NaN,NaN,NaN,NaN,NaN,NaN,
2022111018,b3b.2022,9X-B3B,TD,NONdev,8.5,82.6,15,1007,296,12,289,9,NaN,NaN,NaN,NaN,NaN,NaN,NaN,NaN,NaN,NaN,DB,NW,c,c,NaN,NaN,NaN,NaN,NaN,NaN,
2022111100,b3b.2022,9X-B3B,TD,NONdev,9.8,82.9,20,1006,311,9,327,13,NaN,NaN,NaN,NaN,NaN,NaN,NaN,NaN,NaN,NaN,DB,NW,c,c,NaN,NaN,NaN,NaN,NaN,NaN,
2022111106,b3b.2022,9X-B3B,TD,NONdev,10.5,82.3,20,1006,352,10,352,10,NaN,NaN,NaN,NaN,NaN,NaN,NaN,NaN,NaN,NaN,DB,NW,b,b,175,1009,NaN,NaN,NaN,NaN,
2022111112,b3b.2022,9X-B3B,TD,NONdev,11.0,81.1,20,1007,304,11,304,11,NaN,NaN,NaN,NaN,NaN,NaN,NaN,NaN,NaN,NaN,DB,NW,c,c,180,1009,NaN,NaN,70,NaN,
2022111118,b3b.2022,9X-B3B,TD,NONdev,11.3,79.9,20,1008,289,12,289,12,NaN,NaN,NaN,NaN,NaN,NaN,NaN,NaN,NaN,NaN,DB,NW,c,c,150,1010,0.31,NaN,70,NaN,
2022111200,b3b.2022,9X-B3B,TD,NONdev,11.3,79.3,20,1006,276,9,280,9,NaN,NaN,NaN,NaN,NaN,NaN,NaN,NaN,NaN,NaN,DB,NW,c,c,125,1009,0.80,NaN,70,NaN,
2022111206,b3b.2022,9X-B3B,TD,NONdev,10.9,79.0,15,1008,246,5,246,5,NaN,NaN,NaN,NaN,NaN,NaN,NaN,NaN,NaN,NaN,DB,NW,b,b,NaN,NaN,0.99,NaN,70,NaN,
2022111212,b3b.2022,9X-B3B,TD,NONdev,10.6,78.3,15,1009,235,6,235,6,NaN,NaN,NaN,NaN,NaN,NaN,NaN,NaN,NaN,NaN,DB,NW,b,b,NaN,NaN,0.99,NaN,70,NaN,
2022111612,b4b.2022,9X-B4B,TD,NONdev,10.5,90.7,15,1010,233,2,233,2,NaN,NaN,NaN,NaN,NaN,NaN,NaN,NaN,NaN,NaN,DB,NW,b,b,NaN,NaN,NaN,NaN,NaN,NaN,
2022111618,b4b.2022,9X-B4B,TD,NONdev,10.6,89.0,15,1010,233,2,233,2,NaN,NaN,NaN,NaN,NaN,NaN,NaN,NaN,NaN,NaN,DB,NW,b,b,NaN,NaN,NaN,NaN,NaN,NaN,
2022111700,b4b.2022,9X-B4B,TD,NONdev,10.2,90.3,15,1010,233,2,233,2,NaN,NaN,NaN,NaN,NaN,NaN,NaN,NaN,NaN,NaN,DB,NW,c,c,NaN,NaN,NaN,NaN,NaN,NaN,
2022111706,b4b.2022,9X-B4B,TD,NONdev,10.8,88.3,15,1008,280,8,286,4,NaN,NaN,NaN,NaN,NaN,NaN,NaN,NaN,NaN,NaN,DB,NW,c,c,NaN,NaN,NaN,NaN,NaN,NaN,
2022111712,b4b.2022,9X-B4B,TD,NONdev,10.9,87.9,15,1007,281,8,287,12,NaN,NaN,NaN,NaN,NaN,NaN,NaN,NaN,NaN,NaN,DB,NW,c,c,NaN,NaN,NaN,NaN,NaN,NaN,
2022111718,b4b.2022,9X-B4B,TD,NONdev,10.1,87.3,20,1007,203,4,235,6,NaN,NaN,NaN,NaN,NaN,NaN,NaN,NaN,NaN,NaN,DB,NW,c,c,210,1008,NaN,NaN,130,NaN,
2022111800,b4b.2022,9X-B4B,TD,NONdev,10.3,87.6,20,1007,117,2,206,3,NaN,NaN,NaN,NaN,NaN,NaN,NaN,NaN,NaN,NaN,DB,NW,c,c,270,1008,NaN,NaN,130,NaN,
2022111806,b4b.2022,9X-B4B,TD,NONdev,8.7,88.5,20,1006,140,9,140,9,NaN,NaN,NaN,NaN,NaN,NaN,NaN,NaN,NaN,NaN,DB,NW,b,b,270,1008,NaN,NaN,130,NaN,
2022111812,b4b.2022,9X-B4B,TD,NONdev,9.0,88.0,20,1005,163,7,163,7,NaN,NaN,NaN,NaN,NaN,NaN,NaN,NaN,NaN,NaN,DB,NW,b,b,320,1008,NaN,NaN,130,NaN,
2022111818,b4b.2022,9X-B4B,TD,NONdev,10.9,87.5,20,1006,336,12,336,12,NaN,NaN,NaN,NaN,NaN,NaN,NaN,NaN,NaN,NaN,DB,NW,b,b,320,1008,NaN,NaN,130,NaN,
2022111900,b4b.2022,9X-B4B,TD,NONdev,12.0,86.5,20,1006,307,7,334,17,NaN,NaN,NaN,NaN,NaN,NaN,NaN,NaN,NaN,NaN,DB,NW,c,c,320,1008,NaN,NaN,130,NaN,
2022111906,b4b.2022,9X-B4B,TD,NONdev,10.2,85.7,20,1005,300,9,248,10,NaN,NaN,NaN,NaN,NaN,NaN,NaN,NaN,NaN,NaN,DB,NW,c,c,300,1007,NaN,NaN,130,NaN,
2022111912,b4b.2022,9X-B4B,TD,NONdev,10.5,85.1,20,1004,298,8,222,10,NaN,NaN,NaN,NaN,NaN,NaN,NaN,NaN,NaN,NaN,DB,NW,c,c,260,1007,NaN,NaN,130,NaN,
2022111918,b4b.2022,9X-B4B,TD,NONdev,10.0,85.9,25,1004,243,4,135,1,NaN,NaN,NaN,NaN,NaN,NaN,NaN,NaN,NaN,NaN,TD,NW,c,c,260,1007,NaN,NaN,130,NaN,
2022112000,b4b.2022,9X-B4B,TD,NONdev,10.6,85.9,25,1004,315,3,83,4,NaN,NaN,NaN,NaN,NaN,NaN,NaN,NaN,NaN,NaN,TD,NW,c,c,260,1007,NaN,NaN,130,NaN,
2022112006,b4b.2022,9X-B4B,TD,NONdev,10.9,85.7,25,1004,334,3,348,5,NaN,NaN,NaN,NaN,NaN,NaN,NaN,NaN,NaN,NaN,TD,NW,c,c,260,1007,NaN,NaN,65,NaN,
2022112012,b4b.2022,9X-B4B,TD,NONdev,11.1,85.3,25,1004,310,4,310,4,NaN,NaN,NaN,NaN,NaN,NaN,NaN,NaN,NaN,NaN,TD,NW,c,c,240,1008,NaN,NaN,65,NaN,
2022112018,b4b.2022,9X-B4B,TD,NONdev,11.7,84.8,25,1004,312,6,312,6,NaN,NaN,NaN,NaN,NaN,NaN,NaN,NaN,NaN,NaN,TD,NW,c,c,240,1008,NaN,NaN,65,NaN,
2022112100,b4b.2022,9X-B4B,TD,NONdev,12.2,84.0,25,1004,311,8,311,8,NaN,NaN,NaN,NaN,NaN,NaN,NaN,NaN,NaN,NaN,TD,NW,b,b,240,1008,NaN,NaN,65,NaN,
2022112106,b4b.2022,9X-B4B,TD,NONdev,12.5,82.4,25,1006,289,12,289,12,NaN,NaN,NaN,NaN,NaN,NaN,NaN,NaN,NaN,NaN,TD,NW,c,c,230,1008,NaN,NaN,45,NaN,
2022112112,b4b.2022,9X-B4B,TD,NONdev,12.9,81.7,25,1004,287,13,287,12,NaN,NaN,NaN,NaN,NaN,NaN,NaN,NaN,NaN,NaN,TD,NW,c,c,220,1008,NaN,NaN,45,NaN,
2022112118,b4b.2022,9X-B4B,TD,NONdev,12.8,82.9,25,1004,58,3,58,3,NaN,NaN,NaN,NaN,NaN,NaN,NaN,NaN,NaN,NaN,TD,NW,b,b,220,1008,NaN,NaN,45,NaN,
2022112200,b4b.2022,9X-B4B,TD,NONdev,12.8,82.5,25,1004,97,4,97,4,NaN,NaN,NaN,NaN,NaN,NaN,NaN,NaN,NaN,NaN,TD,NW,b,b,180,1008,NaN,NaN,45,NaN,
2022112206,b4b.2022,9X-B4B,TD,NONdev,12.9,82.0,25,1004,277,4,277,4,NaN,NaN,NaN,NaN,NaN,NaN,NaN,NaN,NaN,NaN,TD,NW,c,c,185,1010,NaN,NaN,60,NaN,
2022112212,b4b.2022,9X-B4B,TD,NONdev,13.4,81.9,25,1007,316,4,316,4,NaN,NaN,NaN,NaN,NaN,NaN,NaN,NaN,NaN,NaN,DB,NW,c,c,155,1008,NaN,NaN,60,NaN,
2022112218,b4b.2022,9X-B4B,TD,NONdev,13.3,81.2,20,1008,297,4,297,4,NaN,NaN,NaN,NaN,NaN,NaN,NaN,NaN,NaN,NaN,DB,NW,b,b,140,1010,NaN,NaN,60,NaN,
2022112300,b4b.2022,9X-B4B,TD,NONdev,13.5,80.6,20,1007,275,6,275,6,NaN,NaN,NaN,NaN,NaN,NaN,NaN,NaN,NaN,NaN,DB,NW,b,b,160,1009,0.24,NaN,60,NaN,
2022112306,b4b.2022,9X-B4B,TD,NONdev,13.6,80.1,15,1009,286,6,286,6,NaN,NaN,NaN,NaN,NaN,NaN,NaN,NaN,NaN,NaN,DB,NW,c,c,90,1010,0.73,NaN,60,NaN,
2022112312,b4b.2022,9X-B4B,TD,NONdev,13.5,79.4,15,1010,270,6,270,6,NaN,NaN,NaN,NaN,NaN,NaN,NaN,NaN,NaN,NaN,DB,NW,b,b,NaN,NaN,0.99,NaN,NaN,NaN,
2022112506,b5b.2022,9X-B5B,TD,NONdev,12.4,94.6,15,1010,277,8,277,8,NaN,NaN,NaN,NaN,NaN,NaN,NaN,NaN,NaN,NaN,DB,NW,b,b,NaN,NaN,NaN,NaN,NaN,NaN,
2022112512,b5b.2022,9X-B5B,TD,NONdev,12.5,93.8,15,1010,277,8,277,8,NaN,NaN,NaN,NaN,NaN,NaN,NaN,NaN,NaN,NaN,DB,NW,b,b,NaN,NaN,NaN,NaN,NaN,NaN,
2022112518,b5b.2022,9X-B5B,TD,NONdev,12.6,93.0,15,1010,277,8,277,8,NaN,NaN,NaN,NaN,NaN,NaN,NaN,NaN,NaN,NaN,DB,NW,b,b,NaN,NaN,0.21,NaN,NaN,NaN,
2022112600,b5b.2022,9X-B5B,TD,NONdev,12.8,92.3,15,1010,282,7,282,7,NaN,NaN,NaN,NaN,NaN,NaN,NaN,NaN,NaN,NaN,DB,NW,b,b,NaN,NaN,0.18,NaN,NaN,NaN,
2022112606,b5b.2022,9X-B5B,TD,NONdev,13.0,91.6,15,1009,286,7,286,7,NaN,NaN,NaN,NaN,NaN,NaN,NaN,NaN,NaN,NaN,DB,NW,c,c,NaN,NaN,NaN,NaN,NaN,NaN,
2022112612,b5b.2022,9X-B5B,TD,NONdev,13.0,91.4,15,1008,283,4,283,4,NaN,NaN,NaN,NaN,NaN,NaN,NaN,NaN,NaN,NaN,DB,NW,c,c,150,1008,NaN,NaN,NaN,NaN,
2022112618,b5b.2022,9X-B5B,TD,NONdev,13.5,91.7,15,1008,11,3,11,3,NaN,NaN,NaN,NaN,NaN,NaN,NaN,NaN,NaN,NaN,DB,NW,b,b,180,1009,NaN,NaN,NaN,NaN,
2022112700,b5b.2022,9X-B5B,TD,NONdev,14.1,91.4,15,1008,360,6,360,5,NaN,NaN,NaN,NaN,NaN,NaN,NaN,NaN,NaN,NaN,DB,NW,b,b,180,1009,NaN,NaN,NaN,NaN,
2022112706,b5b.2022,9X-B5B,TD,NONdev,14.5,90.7,15,1007,316,7,316,7,NaN,NaN,NaN,NaN,NaN,NaN,NaN,NaN,NaN,NaN,DB,NW,c,c,120,1008,NaN,NaN,NaN,NaN,
2022112712,b5b.2022,9X-B5B,TD,NONdev,15.1,90.4,15,1007,316,7,316,7,NaN,NaN,NaN,NaN,NaN,NaN,NaN,NaN,NaN,NaN,DB,NW,c,c,120,1008,NaN,NaN,NaN,NaN,
2022112718,b5b.2022,9X-B5B,TD,NONdev,15.7,90.0,15,1007,331,7,331,7,NaN,NaN,NaN,NaN,NaN,NaN,NaN,NaN,NaN,NaN,DB,NW,b,b,120,1008,NaN,NaN,NaN,NaN,
2022112800,b5b.2022,9X-B5B,TD,NONdev,16.5,89.9,15,1007,341,7,341,7,NaN,NaN,NaN,NaN,NaN,NaN,NaN,NaN,NaN,NaN,DB,NW,b,b,120,1008,NaN,NaN,NaN,NaN,
2022120306,b6b.2022,9X-B6B,TD,DEV,5.5,99.5,15,1010,94,6,293,8,NaN,NaN,NaN,NaN,NaN,NaN,NaN,NaN,NaN,NaN,DB,NW,b,b,NaN,NaN,NaN,NaN,NaN,NaN,
2022120312,b6b.2022,9X-B6B,TD,DEV,5.9,98.7,15,1010,94,6,293,8,NaN,NaN,NaN,NaN,NaN,NaN,NaN,NaN,NaN,NaN,DB,NW,b,b,NaN,NaN,NaN,NaN,NaN,NaN,
2022120318,b6b.2022,9X-B6B,TD,DEV,6.2,98.1,15,1008,94,6,293,8,NaN,NaN,NaN,NaN,NaN,NaN,NaN,NaN,NaN,NaN,DB,NW,b,b,NaN,NaN,NaN,NaN,NaN,NaN,
2022120400,b6b.2022,9X-B6B,TD,DEV,6.4,97.4,15,1006,291,7,293,8,NaN,NaN,NaN,NaN,NaN,NaN,NaN,NaN,NaN,NaN,DB,NW,c,c,NaN,NaN,NaN,NaN,NaN,NaN,
2022120406,b6b.2022,9X-B6B,TD,DEV,5.8,99.0,15,1006,283,9,109,1,NaN,NaN,NaN,NaN,NaN,NaN,NaN,NaN,NaN,NaN,DB,NW,b,b,NaN,NaN,NaN,NaN,NaN,NaN,
2022120412,b6b.2022,9X-B6B,TD,DEV,6.1,98.1,20,1006,113,4,113,4,NaN,NaN,NaN,NaN,NaN,NaN,NaN,NaN,NaN,NaN,DB,NW,b,b,NaN,NaN,NaN,NaN,NaN,NaN,
2022120418,b6b.2022,9X-B6B,TD,DEV,6.1,98.1,20,1007,289,5,289,5,NaN,NaN,NaN,NaN,NaN,NaN,NaN,NaN,NaN,NaN,DB,NW,c,c,NaN,NaN,NaN,NaN,NaN,NaN,
2022120500,b6b.2022,9X-B6B,TD,DEV,6.5,97.4,20,1006,297,7,300,4,NaN,NaN,NaN,NaN,NaN,NaN,NaN,NaN,NaN,NaN,DB,NW,c,c,NaN,NaN,NaN,NaN,NaN,NaN,
2022120506,b6b.2022,9X-B6B,TD,DEV,7.6,95.3,20,1005,299,10,298,16,NaN,NaN,NaN,NaN,NaN,NaN,NaN,NaN,NaN,NaN,DB,NW,c,c,NaN,NaN,NaN,NaN,NaN,NaN,
2022120512,b6b.2022,9X-B6B,TD,DEV,7.5,93.0,25,1004,285,13,283,22,NaN,NaN,NaN,NaN,NaN,NaN,NaN,NaN,NaN,NaN,TD,NW,c,c,NaN,NaN,0.01,NaN,NaN,NaN,
2022120518,b6b.2022,9X-B6B,TD,DEV,7.7,91.2,25,1004,280,15,271,20,NaN,NaN,NaN,NaN,NaN,NaN,NaN,NaN,NaN,NaN,TD,NW,C,C,150,1007,NaN,S,NaN,NaN,
2022120600,b6b.2022,9X-B6B,TD,DEV,7.8,90.4,25,1003,280,13,277,13,NaN,NaN,NaN,NaN,NaN,NaN,NaN,NaN,NaN,NaN,TD,NW,C,C,125,1005,NaN,S,NaN,NaN,
2022120606,b6b.2022,9X-B6B,TD,DEV,7.6,89.0,25,1003,270,12,267,11,NaN,NaN,NaN,NaN,NaN,NaN,NaN,NaN,NaN,NaN,TD,NW,C,C,210,1007,NaN,S,40,NaN,
2022120612,b6b.2022,9X-B6B,TD,DEV,8.3,87.3,30,1000,280,14,279,16,NaN,NaN,NaN,NaN,NaN,NaN,NaN,NaN,NaN,NaN,TD,NW,C,C,210,1007,NaN,S,50,NaN,
2022120618,b6b.2022,9X-B6B,TD,DEV,8.5,86.0,30,1000,280,13,287,16,NaN,NaN,NaN,NaN,NaN,NaN,NaN,NaN,NaN,NaN,TD,NW,C,C,115,1004,NaN,S,50,NaN,
2022120700,b6b.2022,9X-B6B,TD,DEV,8.6,86.4,30,1002,285,8,289,5,NaN,NaN,NaN,NaN,NaN,NaN,NaN,NaN,NaN,NaN,TD,NW,C,C,210,1006,NaN,S,45,NaN,
2022120706,b6b.2022,9X-B6B,TD,DEV,8.5,85.7,30,1003,280,7,270,1,NaN,NaN,NaN,NaN,NaN,NaN,NaN,NaN,NaN,NaN,TD,NW,C,C,250,1007,NaN,S,45,NaN,
2022120712,b6b.2022,9X-B6B,TD,DEV,8.5,84.6,30,1003,273,7,267,9,NaN,NaN,NaN,NaN,NaN,NaN,NaN,NaN,NaN,NaN,TD,NW,C,C,250,1007,NaN,S,45,NaN,
2022121212,b7a.2022,9X-B7A,TD,DEV,12.3,75.1,15,1010,276,9,276,9,NaN,NaN,NaN,NaN,NaN,NaN,NaN,NaN,NaN,NaN,DB,NW,b,b,NaN,NaN,0.50,NaN,NaN,NaN,
2022121218,b7a.2022,9X-B7A,TD,DEV,12.3,74.0,15,1010,276,9,276,9,NaN,NaN,NaN,NaN,NaN,NaN,NaN,NaN,NaN,NaN,DB,NW,b,b,NaN,NaN,NaN,NaN,NaN,NaN,
2022121300,b7a.2022,9X-B7A,TD,DEV,12.5,73.3,15,1010,276,9,276,9,NaN,NaN,NaN,NaN,NaN,NaN,NaN,NaN,NaN,NaN,DB,NW,b,b,NaN,NaN,NaN,NaN,NaN,NaN,
2022121306,b7a.2022,9X-B7A,TD,DEV,12.6,72.5,15,1007,282,7,282,7,NaN,NaN,NaN,NaN,NaN,NaN,NaN,NaN,NaN,NaN,DB,NW,c,c,NaN,NaN,NaN,NaN,NaN,NaN,
2022121312,b7a.2022,9X-B7A,TD,DEV,12.6,71.8,20,1007,274,7,274,7,NaN,NaN,NaN,NaN,NaN,NaN,NaN,NaN,NaN,NaN,DB,NW,c,c,NaN,NaN,NaN,NaN,NaN,NaN,
2022121318,b7a.2022,9X-B7A,TD,DEV,13.3,71.2,20,1006,302,7,299,7,NaN,NaN,NaN,NaN,NaN,NaN,NaN,NaN,NaN,NaN,DB,NW,c,c,215,1010,NaN,NaN,25,NaN,
2022121400,b7a.2022,9X-B7A,TD,DEV,13.8,70.8,20,1000,321,8,321,8,NaN,NaN,NaN,NaN,NaN,NaN,NaN,NaN,NaN,NaN,TD,NW,c,c,300,1008,NaN,NaN,20,NaN,
2022121406,b7a.2022,9X-B7A,TD,DEV,13.5,69.9,30,1000,295,7,279,6,NaN,NaN,NaN,NaN,NaN,NaN,NaN,NaN,NaN,NaN,TD,NW,C,C,300,1010,NaN,M,20,NaN,
2022121412,b7a.2022,9X-B7A,TD,DEV,13.5,69.2,30,1004,280,7,259,8,NaN,NaN,NaN,NaN,NaN,NaN,NaN,NaN,NaN,NaN,TD,NW,C,C,300,1008,NaN,M,20,NaN,
2022121300,b8b.2022,9X-B8B,TD,NONdev,2.3,97.7,15,1010,286,7,286,7,NaN,NaN,NaN,NaN,NaN,NaN,NaN,NaN,NaN,NaN,DB,NW,b,b,NaN,NaN,0.28,NaN,NaN,NaN,
2022121306,b8b.2022,9X-B8B,TD,NONdev,2.4,96.9,15,1010,286,7,286,7,NaN,NaN,NaN,NaN,NaN,NaN,NaN,NaN,NaN,NaN,DB,NW,b,b,NaN,NaN,0.04,NaN,NaN,NaN,
2022121312,b8b.2022,9X-B8B,TD,NONdev,2.7,96.3,15,1010,286,7,286,7,NaN,NaN,NaN,NaN,NaN,NaN,NaN,NaN,NaN,NaN,DB,NW,b,b,NaN,NaN,0.09,NaN,NaN,NaN,
2022121318,b8b.2022,9X-B8B,TD,NONdev,3.0,95.6,15,1008,295,7,295,7,NaN,NaN,NaN,NaN,NaN,NaN,NaN,NaN,NaN,NaN,DB,NW,c,c,NaN,NaN,0.07,NaN,NaN,NaN,
2022121400,b8b.2022,9X-B8B,TD,NONdev,3.4,95.2,15,1008,303,7,303,7,NaN,NaN,NaN,NaN,NaN,NaN,NaN,NaN,NaN,NaN,DB,NW,c,c,NaN,NaN,NaN,NaN,NaN,NaN,
2022121406,b8b.2022,9X-B8B,TD,NONdev,3.8,94.9,15,1010,319,5,319,5,NaN,NaN,NaN,NaN,NaN,NaN,NaN,NaN,NaN,NaN,DB,NW,c,c,NaN,NaN,NaN,NaN,NaN,NaN,
2022121412,b8b.2022,9X-B8B,TD,NONdev,4.2,94.7,15,1010,328,5,328,5,NaN,NaN,NaN,NaN,NaN,NaN,NaN,NaN,NaN,NaN,DB,NW,c,c,NaN,NaN,NaN,NaN,NaN,NaN,
2022121418,b8b.2022,9X-B8B,TD,NONdev,4.4,91.9,15,1007,288,11,281,15,NaN,NaN,NaN,NaN,NaN,NaN,NaN,NaN,NaN,NaN,DB,NW,c,c,NaN,NaN,NaN,NaN,NaN,NaN,
2022121500,b8b.2022,9X-B8B,TD,NONdev,4.7,91.2,15,1006,289,9,278,18,NaN,NaN,NaN,NaN,NaN,NaN,NaN,NaN,NaN,NaN,DB,NW,c,c,175,1008,NaN,NaN,NaN,NaN,
2022121506,b8b.2022,9X-B8B,TD,NONdev,3.6,92.2,15,1007,292,8,159,4,NaN,NaN,NaN,NaN,NaN,NaN,NaN,NaN,NaN,NaN,DB,NW,c,c,NaN,NaN,NaN,NaN,NaN,NaN,
2022121512,b8b.2022,9X-B8B,TD,NONdev,3.9,91.7,15,1006,293,8,148,5,NaN,NaN,NaN,NaN,NaN,NaN,NaN,NaN,NaN,NaN,DB,NW,c,c,NaN,NaN,NaN,NaN,NaN,NaN,
2022121518,b8b.2022,9X-B8B,TD,NONdev,4.3,91.9,15,1010,319,5,337,4,NaN,NaN,NaN,NaN,NaN,NaN,NaN,NaN,NaN,NaN,DB,NW,c,c,NaN,NaN,NaN,NaN,NaN,NaN,
2022121600,b8b.2022,9X-B8B,TD,NONdev,3.3,91.9,15,1010,279,3,162,3,NaN,NaN,NaN,NaN,NaN,NaN,NaN,NaN,NaN,NaN,DB,NW,c,c,NaN,NaN,NaN,NaN,NaN,NaN,
2022121606,b8b.2022,9X-B8B,TD,NONdev,3.3,92.4,15,1006,301,6,153,6,NaN,NaN,NaN,NaN,NaN,NaN,NaN,NaN,NaN,NaN,DB,NW,c,c,NaN,NaN,NaN,NaN,NaN,NaN,
2022121612,b8b.2022,9X-B8B,TD,NONdev,3.7,92.2,15,1006,312,6,37,2,NaN,NaN,NaN,NaN,NaN,NaN,NaN,NaN,NaN,NaN,DB,NW,c,c,NaN,NaN,NaN,NaN,NaN,NaN,
2022121618,b8b.2022,9X-B8B,TD,NONdev,4.2,91.8,15,1010,326,5,326,5,NaN,NaN,NaN,NaN,NaN,NaN,NaN,NaN,NaN,NaN,DB,NW,c,c,NaN,NaN,NaN,NaN,NaN,NaN,
2022121700,b8b.2022,9X-B8B,TD,NONdev,4.4,91.3,15,1010,308,6,308,6,NaN,NaN,NaN,NaN,NaN,NaN,NaN,NaN,NaN,NaN,DB,NW,c,c,NaN,NaN,NaN,NaN,NaN,NaN,
2022121706,b8b.2022,9X-B8B,TD,NONdev,4.7,90.6,15,1010,293,6,293,6,NaN,NaN,NaN,NaN,NaN,NaN,NaN,NaN,NaN,NaN,DB,NW,c,c,NaN,NaN,NaN,NaN,NaN,NaN,
2022121712,b8b.2022,9X-B8B,TD,NONdev,4.5,88.2,15,1010,275,12,272,15,NaN,NaN,NaN,NaN,NaN,NaN,NaN,NaN,NaN,NaN,DB,NW,c,c,NaN,NaN,NaN,NaN,NaN,NaN,
2022121718,b8b.2022,9X-B8B,TD,NONdev,4.4,89.2,15,1007,275,5,258,7,NaN,NaN,NaN,NaN,NaN,NaN,NaN,NaN,NaN,NaN,DB,NW,C,C,150,1008,NaN,S,35,NaN,
2022121800,b8b.2022,9X-B8B,TD,NONdev,4.4,88.8,15,1007,270,4,99,3,NaN,NaN,NaN,NaN,NaN,NaN,NaN,NaN,NaN,NaN,DB,NW,c,c,150,1008,NaN,NaN,35,NaN,
2022121806,b8b.2022,9X-B8B,TD,NONdev,4.4,88.3,15,1005,270,4,270,4,NaN,NaN,NaN,NaN,NaN,NaN,NaN,NaN,NaN,NaN,DB,NW,c,c,150,1006,NaN,NaN,50,NaN,
2022121812,b8b.2022,9X-B8B,TD,NONdev,4.4,87.7,15,1006,270,5,270,5,NaN,NaN,NaN,NaN,NaN,NaN,NaN,NaN,NaN,NaN,DB,NW,c,c,165,1007,NaN,NaN,50,NaN,
2022121818,b8b.2022,9X-B8B,TD,NONdev,4.1,86.9,15,1006,258,7,258,7,NaN,NaN,NaN,NaN,NaN,NaN,NaN,NaN,NaN,NaN,DB,NW,c,c,165,1007,NaN,NaN,50,NaN,
2022121900,b8b.2022,9X-B8B,TD,NONdev,3.8,86.3,15,1006,247,8,247,8,NaN,NaN,NaN,NaN,NaN,NaN,NaN,NaN,NaN,NaN,DB,NW,c,c,165,1007,NaN,NaN,50,NaN,
2022121906,b8b.2022,9X-B8B,TD,NONdev,3.5,86.5,15,1006,214,4,214,4,NaN,NaN,NaN,NaN,NaN,NaN,NaN,NaN,NaN,NaN,DB,NW,c,c,170,1007,NaN,NaN,50,NaN,
2022121912,b8b.2022,9X-B8B,TD,NONdev,3.6,87.3,15,1007,101,5,101,5,NaN,NaN,NaN,NaN,NaN,NaN,NaN,NaN,NaN,NaN,DB,NW,c,c,170,1007,NaN,NaN,50,NaN,
2022121918,b8b.2022,9X-B8B,TD,NONdev,5.3,89.5,20,1005,45,8,59,17,NaN,NaN,NaN,NaN,NaN,NaN,NaN,NaN,NaN,NaN,DB,NW,C,C,140,1006,NaN,S,50,NaN,
2022122000,b8b.2022,9X-B8B,TD,NONdev,5.7,88.5,15,1005,314,14,30,12,NaN,NaN,NaN,NaN,NaN,NaN,NaN,NaN,NaN,NaN,DB,NW,c,c,220,1006,NaN,NaN,50,NaN,
2022122006,b8b.2022,9X-B8B,TD,NONdev,6.0,87.5,20,1004,289,11,289,11,NaN,NaN,NaN,NaN,NaN,NaN,NaN,NaN,NaN,NaN,TD,NW,c,c,220,1006,NaN,NaN,50,NaN,
2022122012,b8b.2022,9X-B8B,TD,NONdev,7.0,87.8,20,1004,315,11,332,7,NaN,NaN,NaN,NaN,NaN,NaN,NaN,NaN,NaN,NaN,TD,NW,c,c,220,1006,NaN,NaN,50,NaN,
2022122018,b8b.2022,9X-B8B,TD,NONdev,6.7,86.1,25,1004,281,13,297,8,NaN,NaN,NaN,NaN,NaN,NaN,NaN,NaN,NaN,NaN,TD,NW,c,c,220,1006,NaN,NaN,50,NaN,
2022122100,b8b.2022,9X-B8B,TD,NONdev,5.8,85.3,25,1004,263,12,244,14,NaN,NaN,NaN,NaN,NaN,NaN,NaN,NaN,NaN,NaN,TD,NW,c,c,220,1006,NaN,NaN,50,NaN,
2022122106,b8b.2022,9X-B8B,TD,NONdev,6.4,85.3,25,1004,295,7,249,4,NaN,NaN,NaN,NaN,NaN,NaN,NaN,NaN,NaN,NaN,TD,NW,c,c,220,1006,NaN,NaN,50,NaN,
2022122112,b8b.2022,9X-B8B,TD,NONdev,7.2,85.4,25,1004,351,6,4,7,NaN,NaN,NaN,NaN,NaN,NaN,NaN,NaN,NaN,NaN,TD,NW,c,c,220,1006,NaN,NaN,50,NaN,
2022122118,b8b.2022,9X-B8B,TD,NONdev,8.5,85.0,20,1003,345,10,352,11,NaN,NaN,NaN,NaN,NaN,NaN,NaN,NaN,NaN,NaN,DB,NW,c,c,220,1006,NaN,NaN,85,NaN,
2022122200,b8b.2022,9X-B8B,TD,NONdev,9.2,84.9,20,1003,346,10,346,10,NaN,NaN,NaN,NaN,NaN,NaN,NaN,NaN,NaN,NaN,DB,NW,c,c,220,1006,NaN,NaN,85,NaN,
2022122206,b8b.2022,9X-B8B,TD,NONdev,9.3,84.3,25,1003,328,5,319,5,NaN,NaN,NaN,NaN,NaN,NaN,NaN,NaN,NaN,NaN,TD,NW,c,c,220,1006,NaN,NaN,95,NaN,
2022122212,b8b.2022,9X-B8B,TD,NONdev,9.7,84.3,25,1004,344,4,310,4,NaN,NaN,NaN,NaN,NaN,NaN,NaN,NaN,NaN,NaN,TD,NW,c,c,220,1006,NaN,NaN,95,NaN,
2022122218,b8b.2022,9X-B8B,TD,NONdev,10.1,84.1,25,1004,346,4,346,4,NaN,NaN,NaN,NaN,NaN,NaN,NaN,NaN,NaN,NaN,TD,NW,c,c,220,1006,NaN,NaN,95,NaN,
2022122300,b8b.2022,9X-B8B,TD,NONdev,9.9,84.9,25,1004,71,3,71,3,NaN,NaN,NaN,NaN,NaN,NaN,NaN,NaN,NaN,NaN,TD,NW,c,c,220,1006,NaN,NaN,150,NaN,
2022122306,b8b.2022,9X-B8B,TD,NONdev,10.6,85.4,25,1004,37,6,69,7,NaN,NaN,NaN,NaN,NaN,NaN,NaN,NaN,NaN,NaN,TD,NW,c,c,220,1006,NaN,NaN,150,NaN,
2022122312,b8b.2022,9X-B8B,TD,NONdev,10.7,85.3,25,1003,353,4,26,4,NaN,NaN,NaN,NaN,NaN,NaN,NaN,NaN,NaN,NaN,TD,NW,c,c,220,1006,NaN,NaN,95,NaN,
2022122318,b8b.2022,9X-B8B,TD,NONdev,10.5,84.8,25,1004,280,3,260,3,NaN,NaN,NaN,NaN,NaN,NaN,NaN,NaN,NaN,NaN,TD,NW,c,c,200,1008,NaN,NaN,95,NaN,
2022122400,b8b.2022,9X-B8B,TD,NONdev,11.0,84.4,25,1004,282,5,289,5,NaN,NaN,NaN,NaN,NaN,NaN,NaN,NaN,NaN,NaN,TD,NW,c,c,200,1008,NaN,NaN,95,NaN,
2022122406,b8b.2022,9X-B8B,TD,NONdev,11.0,83.8,25,1004,270,6,297,6,NaN,NaN,NaN,NaN,NaN,NaN,NaN,NaN,NaN,NaN,TD,NW,c,c,200,1009,NaN,NaN,95,NaN,
2022122412,b8b.2022,9X-B8B,TD,NONdev,9.3,82.9,25,1004,215,9,221,11,NaN,NaN,NaN,NaN,NaN,NaN,NaN,NaN,NaN,NaN,TD,NW,c,c,200,1009,NaN,NaN,95,NaN,
2022122418,b8b.2022,9X-B8B,TD,NONdev,9.1,82.6,25,1004,208,6,212,11,NaN,NaN,NaN,NaN,NaN,NaN,NaN,NaN,NaN,NaN,TD,NW,c,c,200,1009,NaN,NaN,95,NaN,
2022122500,b8b.2022,9X-B8B,TD,NONdev,8.7,82.3,25,1004,212,6,225,4,NaN,NaN,NaN,NaN,NaN,NaN,NaN,NaN,NaN,NaN,TD,NW,c,c,160,1008,NaN,NaN,80,NaN,
2022122506,b8b.2022,9X-B8B,TD,NONdev,8.8,82.0,20,1008,225,5,243,3,NaN,NaN,NaN,NaN,NaN,NaN,NaN,NaN,NaN,NaN,DB,NW,C,C,85,1009,NaN,S,80,NaN,
2022122512,b8b.2022,9X-B8B,TD,NONdev,8.2,81.4,20,1007,235,5,241,5,NaN,NaN,NaN,NaN,NaN,NaN,NaN,NaN,NaN,NaN,DB,NW,C,C,100,1009,0.51,S,80,NaN,
2022122518,b8b.2022,9X-B8B,TD,NONdev,7.3,79.6,20,1009,232,13,238,14,NaN,NaN,NaN,NaN,NaN,NaN,NaN,NaN,NaN,NaN,DB,NW,c,c,100,1011,0.18,NaN,80,NaN,
2022122600,b8b.2022,9X-B8B,TD,NONdev,7.1,78.3,20,1007,255,15,250,16,NaN,NaN,NaN,NaN,NaN,NaN,NaN,NaN,NaN,NaN,DB,NW,c,c,85,1009,NaN,NaN,70,NaN,
2022122606,b8b.2022,9X-B8B,TD,NONdev,6.3,77.6,20,1007,235,11,243,11,NaN,NaN,NaN,NaN,NaN,NaN,NaN,NaN,NaN,NaN,DB,NW,c,c,95,1009,NaN,NaN,60,NaN,
2022122612,b8b.2022,9X-B8B,TD,NONdev,5.7,76.7,15,1009,229,11,229,11,NaN,NaN,NaN,NaN,NaN,NaN,NaN,NaN,NaN,NaN,DB,NW,c,c,100,1011,NaN,NaN,60,NaN,
2022100112,c1b.2022,9X-C1B,TD,NONdev,14.1,83.9,15,1004,86,7,86,7,NaN,NaN,NaN,NaN,NaN,NaN,NaN,NaN,NaN,NaN,DB,NW,b,b,NaN,NaN,NaN,NaN,NaN,NaN,
2022100118,c1b.2022,9X-C1B,TD,NONdev,14.1,84.7,15,1003,86,7,86,7,NaN,NaN,NaN,NaN,NaN,NaN,NaN,NaN,NaN,NaN,DB,NW,b,b,NaN,NaN,NaN,NaN,NaN,NaN,
2022100200,c1b.2022,9X-C1B,TD,NONdev,14.2,85.4,15,1002,86,7,86,7,NaN,NaN,NaN,NaN,NaN,NaN,NaN,NaN,NaN,NaN,DB,NW,b,b,130,1003,NaN,NaN,60,NaN,
2022100206,c1b.2022,9X-C1B,TD,NONdev,14.1,86.2,20,1002,90,7,90,7,NaN,NaN,NaN,NaN,NaN,NaN,NaN,NaN,NaN,NaN,DB,NW,c,c,130,1003,NaN,NaN,70,NaN,
2022100212,c1b.2022,9X-C1B,TD,NONdev,14.5,86.9,20,1000,78,7,78,7,NaN,NaN,NaN,NaN,NaN,NaN,NaN,NaN,NaN,NaN,DB,NW,c,c,185,1002,NaN,NaN,70,NaN,
2022100218,c1b.2022,9X-C1B,TD,NONdev,15.0,87.6,20,1000,59,8,56,8,NaN,NaN,NaN,NaN,NaN,NaN,NaN,NaN,NaN,NaN,DB,NW,c,c,185,1002,NaN,NaN,70,NaN,
2022100300,c1b.2022,9X-C1B,TD,NONdev,16.4,87.8,20,1000,25,10,25,10,NaN,NaN,NaN,NaN,NaN,NaN,NaN,NaN,NaN,NaN,DB,NW,c,c,185,1002,NaN,NaN,70,NaN,
2022100306,c1b.2022,9X-C1B,TD,NONdev,15.8,88.0,20,1000,28,6,26,4,NaN,NaN,NaN,NaN,NaN,NaN,NaN,NaN,NaN,NaN,DB,NW,c,c,210,1004,NaN,NaN,70,NaN,
2022100312,c1b.2022,9X-C1B,TD,NONdev,16.7,87.2,20,1000,347,9,298,3,NaN,NaN,NaN,NaN,NaN,NaN,NaN,NaN,NaN,NaN,DB,NW,c,c,220,1003,NaN,NaN,70,NaN,
2022100318,c1b.2022,9X-C1B,TD,NONdev,16.3,86.0,20,1001,285,10,285,10,NaN,NaN,NaN,NaN,NaN,NaN,NaN,NaN,NaN,NaN,DB,NW,b,b,300,1004,NaN,NaN,120,NaN,
2022100400,c1b.2022,9X-C1B,TD,NONdev,16.3,84.8,20,1001,273,11,260,12,NaN,NaN,NaN,NaN,NaN,NaN,NaN,NaN,NaN,NaN,DB,NW,c,c,300,1004,NaN,NaN,120,NaN,
2021111818,z0s.2022,9X-Z0S,TS,NN,-9.8,101.1,15,1010,96,9,96,9,NaN,NaN,NaN,NaN,NaN,NaN,NaN,NaN,NaN,NaN,DB,NW,B,B,NaN,NaN,NaN,NaN,NaN,NaN,
2021111900,z0s.2022,9X-Z0S,TS,NN,-9.9,102.1,15,1010,96,9,96,9,NaN,NaN,NaN,NaN,NaN,NaN,NaN,NaN,NaN,NaN,DB,NW,B,B,NaN,NaN,NaN,NaN,NaN,NaN,
2021111906,z0s.2022,9X-Z0S,TS,NN,-10.0,103.0,20,1005,96,9,96,9,NaN,NaN,NaN,NaN,NaN,NaN,NaN,NaN,NaN,NaN,DB,NW,B,B,85,1006,NaN,NaN,NaN,NaN,
2021111912,z0s.2022,9X-Z0S,TS,NN,-10.3,103.5,20,1007,106,7,106,7,NaN,NaN,NaN,NaN,NaN,NaN,NaN,NaN,NaN,NaN,DB,NW,B,B,110,1006,NaN,NaN,50,NaN,
2021111918,z0s.2022,9X-Z0S,TS,NN,-10.4,104.0,20,1007,112,5,112,5,NaN,NaN,NaN,NaN,NaN,NaN,NaN,NaN,NaN,NaN,DB,NW,B,B,110,1006,NaN,NaN,50,NaN,
2021112000,z0s.2022,9X-Z0S,TS,NN,-10.3,104.2,20,1005,90,3,90,3,NaN,NaN,NaN,NaN,NaN,NaN,NaN,NaN,NaN,NaN,DB,NW,B,B,110,1006,NaN,NaN,50,NaN,
2021112006,z0s.2022,9X-Z0S,TS,NN,-10.2,104.4,20,1007,63,2,63,2,NaN,NaN,NaN,NaN,NaN,NaN,NaN,NaN,NaN,NaN,DB,NW,B,B,110,1006,NaN,NaN,50,NaN,
2021112012,z0s.2022,9X-Z0S,TS,NN,-10.2,104.7,20,1007,79,3,79,3,NaN,NaN,NaN,NaN,NaN,NaN,NaN,NaN,NaN,NaN,DB,NW,B,B,110,1006,NaN,NaN,50,NaN,
2021112018,z0s.2022,9X-Z0S,TS,NN,-10.5,105.0,20,1007,117,3,117,3,NaN,NaN,NaN,NaN,NaN,NaN,NaN,NaN,NaN,NaN,DB,NW,B,B,110,1006,NaN,NaN,50,NaN,
2021112100,z0s.2022,9X-Z0S,TS,NN,-11.0,105.6,20,1006,132,6,132,6,NaN,NaN,NaN,NaN,NaN,NaN,NaN,NaN,NaN,NaN,DB,NW,B,B,110,1008,NaN,NaN,50,NaN,
2021112106,z0s.2022,9X-Z0S,TS,NN,-11.5,106.5,20,1007,124,9,124,9,NaN,NaN,NaN,NaN,NaN,NaN,NaN,NaN,NaN,NaN,DB,NW,B,B,110,1008,NaN,NaN,50,NaN,
2021112112,z0s.2022,9X-Z0S,TS,NN,-11.8,107.3,20,1007,116,9,116,9,NaN,NaN,NaN,NaN,NaN,NaN,NaN,NaN,NaN,NaN,DB,NW,B,B,110,1008,NaN,NaN,50,NaN,
2021112118,z0s.2022,9X-Z0S,TS,NN,-12.1,108.0,20,1007,112,8,112,8,NaN,NaN,NaN,NaN,NaN,NaN,NaN,NaN,NaN,NaN,DB,NW,B,B,110,1008,NaN,NaN,50,NaN,
2021112200,01s.2022,PADDY,TS,NN,-12.7,108.2,30,1004,136,6,136,6,NaN,NaN,NaN,NaN,NaN,NaN,NaN,NaN,NaN,NaN,TD,WN,B,B,110,1008,NaN,NaN,50,NaN,
2021112206,01s.2022,PADDY,TS,NN,-13.2,108.2,40,999,170,6,170,6,51,40,60,65,40,NaN,NaN,NaN,NaN,NaN,TS,WN,B,B,85,1005,NaN,S,20,WAD,
2021112212,01s.2022,PADDY,TS,NN,-13.5,107.9,40,988,200,4,200,4,52,40,60,65,45,NaN,NaN,NaN,NaN,NaN,TS,WN,B,B,95,1006,NaN,S,30,WAD,
2021112218,01s.2022,PADDY,TS,NN,-13.7,107.7,40,999,224,3,224,3,51,40,60,60,45,NaN,NaN,NaN,NaN,NaN,TS,WN,B,B,110,1006,NaN,M,30,BCH,
2021112300,01s.2022,PADDY,TS,NN,-13.7,107.4,40,1001,248,3,248,3,54,50,60,60,45,NaN,NaN,NaN,NaN,NaN,TS,WN,B,B,125,1008,NaN,M,30,BCH,
2021112306,01s.2022,PADDY,TS,NN,-13.8,107.2,40,1000,258,2,258,2,46,60,45,45,35,NaN,NaN,NaN,NaN,NaN,TS,WN,B,B,115,1007,NaN,M,30,SJB,
2021112312,01s.2022,PADDY,TS,NN,-13.9,107.1,40,1000,236,2,236,2,52,,70,35,,NaN,NaN,NaN,NaN,NaN,TS,WN,B,B,115,1007,NaN,S,30,SJB,
2021112318,01s.2022,PADDY,TS,NN,-14.0,106.9,40,999,236,2,236,2,65,,70,60,,NaN,NaN,NaN,NaN,NaN,TS,WN,B,B,110,1007,NaN,M,30,NaN,
2021112400,01s.2022,PADDY,TS,NN,-14.1,106.7,35,1002,243,2,243,2,60,,60,60,,NaN,NaN,NaN,NaN,NaN,TS,WN,B,B,110,1008,NaN,M,30,BCH,
2021112406,01s.2022,PADDY,TS,NN,-14.3,106.3,35,1002,243,3,243,3,40,,40,40,,NaN,NaN,NaN,NaN,NaN,TS,WN,B,B,110,1007,NaN,M,40,SJB,
2021112412,01s.2022,PADDY,TS,NN,-14.5,105.8,30,1002,245,5,245,5,NaN,NaN,NaN,NaN,NaN,NaN,NaN,NaN,NaN,NaN,TD,WN,B,B,110,1007,NaN,S,40,SJB,
2021112418,01s.2022,PADDY,TS,NN,-14.5,105.3,30,1000,258,5,258,5,NaN,NaN,NaN,NaN,NaN,NaN,NaN,NaN,NaN,NaN,TD,NW,B,B,110,1007,NaN,NaN,40,NaN,
2021112500,01s.2022,PADDY,TS,NN,-14.5,104.4,30,1000,270,7,270,7,NaN,NaN,NaN,NaN,NaN,NaN,NaN,NaN,NaN,NaN,TD,NW,B,B,110,1007,NaN,NaN,40,NaN,
2021112506,01s.2022,PADDY,TS,NN,-14.5,103.7,25,1004,270,8,270,8,NaN,NaN,NaN,NaN,NaN,NaN,NaN,NaN,NaN,NaN,TD,NW,B,B,110,1007,NaN,NaN,40,NaN,
2021112912,z1s.2022,9X-Z1S,TS,NN,-6.7,100.9,15,1010,97,4,97,4,NaN,NaN,NaN,NaN,NaN,NaN,NaN,NaN,NaN,NaN,DB,NW,B,B,125,1008,NaN,NaN,20,NaN,
2021112918,z1s.2022,9X-Z1S,TS,NN,-6.7,101.2,15,1006,97,4,97,4,NaN,NaN,NaN,NaN,NaN,NaN,NaN,NaN,NaN,NaN,DB,NW,B,B,125,1008,NaN,NaN,20,NaN,
2021113000,z1s.2022,9X-Z1S,TS,NN,-6.8,101.7,20,1007,97,4,97,4,NaN,NaN,NaN,NaN,NaN,NaN,NaN,NaN,NaN,NaN,DB,NW,B,B,125,1008,NaN,S,20,NaN,
2021113006,z1s.2022,9X-Z1S,TS,NN,-6.9,102.1,15,1008,103,5,103,5,NaN,NaN,NaN,NaN,NaN,NaN,NaN,NaN,NaN,NaN,DB,NW,B,B,125,1008,NaN,NaN,20,NaN,
2021113012,z1s.2022,9X-Z1S,TS,NN,-7.6,102.6,25,1005,132,6,132,6,NaN,NaN,NaN,NaN,NaN,NaN,NaN,NaN,NaN,NaN,TD,NW,B,B,125,1008,NaN,NaN,20,NaN,
2021113018,z1s.2022,9X-Z1S,TS,NN,-8.0,102.8,35,1004,148,7,148,7,NaN,NaN,NaN,NaN,NaN,NaN,NaN,NaN,NaN,NaN,TS,NW,B,B,160,1007,NaN,S,30,NaN,
2021120100,z1s.2022,9X-Z1S,TS,NN,-8.8,102.8,35,1004,171,6,171,6,NaN,NaN,NaN,NaN,NaN,NaN,NaN,NaN,NaN,NaN,TS,NW,B,B,100,1010,NaN,S,30,NaN,
2021120106,02s.2022,TERATAI,TS,NN,-9.1,102.2,40,1001,208,6,208,6,24,10,10,45,30,NaN,NaN,NaN,NaN,NaN,TS,WN,B,B,70,1008,NaN,S,45,TR,
2021120112,02s.2022,TERATAI,TS,NN,-9.7,101.9,40,1002,225,6,225,6,42,30,50,,45,NaN,NaN,NaN,NaN,NaN,TS,WN,B,B,70,1008,NaN,S,45,NaN,
2021120118,02s.2022,TERATAI,TS,NN,-9.9,101.6,35,1004,216,5,216,5,42,30,55,40,45,NaN,NaN,NaN,NaN,NaN,TS,WN,B,B,90,1008,NaN,S,25,BCH,
2021120200,02s.2022,TERATAI,TS,NN,-10.0,101.1,30,1005,249,4,249,4,NaN,NaN,NaN,NaN,NaN,NaN,NaN,NaN,NaN,NaN,TD,WN,B,B,90,1010,NaN,S,25,NaN,
2021120206,02s.2022,TERATAI,TS,NN,-9.8,100.8,25,1005,277,4,277,4,NaN,NaN,NaN,NaN,NaN,NaN,NaN,NaN,NaN,NaN,TD,WN,B,B,90,1010,NaN,S,25,NaN,
2021120212,02s.2022,TERATAI,TS,NN,-9.2,100.6,25,1007,328,5,328,5,NaN,NaN,NaN,NaN,NaN,NaN,NaN,NaN,NaN,NaN,TD,WN,B,B,90,1010,NaN,S,35,NaN,
2021120218,02s.2022,TERATAI,TS,NN,-9.1,99.9,25,1006,308,6,308,6,NaN,NaN,NaN,NaN,NaN,NaN,NaN,NaN,NaN,NaN,TD,WN,B,B,80,1009,NaN,S,35,NaN,
2021120300,02s.2022,TERATAI,TS,NN,-8.9,99.1,25,1007,281,8,281,8,NaN,NaN,NaN,NaN,NaN,NaN,NaN,NaN,NaN,NaN,TD,WN,B,B,80,1010,NaN,S,45,NaN,
2021120306,02s.2022,TERATAI,TS,NN,-9.0,98.5,25,1006,274,7,274,7,NaN,NaN,NaN,NaN,NaN,NaN,NaN,NaN,NaN,NaN,TD,WN,B,B,80,1010,NaN,S,45,NaN,
2021120312,02s.2022,TERATAI,TS,NN,-8.6,98.1,25,1006,287,5,287,5,NaN,NaN,NaN,NaN,NaN,NaN,NaN,NaN,NaN,NaN,TD,WN,B,B,80,1010,NaN,S,45,NaN,
2021120318,02s.2022,TERATAI,TS,NN,-8.6,97.3,25,1004,289,6,289,6,NaN,NaN,NaN,NaN,NaN,NaN,NaN,NaN,NaN,NaN,TD,WN,B,B,80,1010,NaN,NaN,45,NaN,
2021120400,02s.2022,TERATAI,TS,NN,-8.5,96.9,25,1004,275,6,275,6,NaN,NaN,NaN,NaN,NaN,NaN,NaN,NaN,NaN,NaN,TD,WN,B,B,80,1010,NaN,NaN,45,NaN,
2021120406,02s.2022,TERATAI,TS,NN,-8.3,96.6,25,1004,293,4,293,4,NaN,NaN,NaN,NaN,NaN,NaN,NaN,NaN,NaN,NaN,TD,WN,B,B,80,1010,NaN,NaN,45,NaN,
2021120412,02s.2022,TERATAI,TS,NN,-7.9,96.7,25,1004,342,3,342,3,NaN,NaN,NaN,NaN,NaN,NaN,NaN,NaN,NaN,NaN,TD,WN,B,B,80,1010,NaN,NaN,45,NaN,
2021120418,02s.2022,TERATAI,TS,NN,-7.4,97.7,25,1004,50,7,50,7,NaN,NaN,NaN,NaN,NaN,NaN,NaN,NaN,NaN,NaN,TD,WN,B,B,80,1010,NaN,NaN,45,NaN,
2021120500,02s.2022,TERATAI,TS,NN,-7.4,98.3,25,1004,72,8,72,8,NaN,NaN,NaN,NaN,NaN,NaN,NaN,NaN,NaN,NaN,TD,WN,B,B,80,1010,NaN,NaN,45,NaN,
2021120506,02s.2022,TERATAI,TS,NN,-7.9,99.0,20,1010,111,7,111,7,NaN,NaN,NaN,NaN,NaN,NaN,NaN,NaN,NaN,NaN,DB,WN,B,B,80,1010,NaN,NaN,45,NaN,
2021120512,02s.2022,TERATAI,TS,NN,-8.3,100.3,20,1007,114,11,114,11,NaN,NaN,NaN,NaN,NaN,NaN,NaN,NaN,NaN,NaN,DB,WN,B,B,80,1010,NaN,NaN,45,NaN,
2021120518,02s.2022,TERATAI,TS,NN,-8.5,101.4,20,1007,104,12,104,12,NaN,NaN,NaN,NaN,NaN,NaN,NaN,NaN,NaN,NaN,DB,WN,B,B,80,1010,NaN,NaN,45,NaN,
2021120600,02s.2022,TERATAI,TS,NN,-8.6,102.6,20,1007,98,11,98,11,NaN,NaN,NaN,NaN,NaN,NaN,NaN,NaN,NaN,NaN,DB,WN,B,B,80,1010,NaN,NaN,45,NaN,
2021120606,02s.2022,TERATAI,TS,NN,-8.7,104.0,25,1008,94,13,94,13,NaN,NaN,NaN,NaN,NaN,NaN,NaN,NaN,NaN,NaN,TD,WN,B,B,80,1010,NaN,NaN,45,NaN,
2021120612,02s.2022,TERATAI,TS,NN,-9.1,105.1,25,1008,101,13,101,13,NaN,NaN,NaN,NaN,NaN,NaN,NaN,NaN,NaN,NaN,TD,WN,B,B,80,1010,NaN,NaN,45,NaN,
2021120618,02s.2022,TERATAI,TS,NN,-9.6,105.9,30,1004,116,10,116,10,NaN,NaN,NaN,NaN,NaN,NaN,NaN,NaN,NaN,NaN,TD,WN,B,B,150,1008,NaN,S,60,NaN,
2021120700,02s.2022,TERATAI,TS,NN,-10.1,106.3,30,1004,130,8,130,8,NaN,NaN,NaN,NaN,NaN,NaN,NaN,NaN,NaN,NaN,TD,WN,B,B,160,1008,NaN,S,60,NaN,
2021120706,02s.2022,TERATAI,TS,NN,-10.8,106.5,30,1004,154,7,154,7,NaN,NaN,NaN,NaN,NaN,NaN,NaN,NaN,NaN,NaN,TD,WN,B,B,160,1008,NaN,S,60,NaN,
2021120712,02s.2022,TERATAI,TS,NN,-11.4,106.5,30,1003,171,7,171,7,NaN,NaN,NaN,NaN,NaN,NaN,NaN,NaN,NaN,NaN,TD,WN,B,B,160,1008,NaN,S,50,NaN,
2021120718,02s.2022,TERATAI,TS,NN,-12.0,106.6,35,1004,175,6,175,6,36,45,30,30,40,NaN,NaN,NaN,NaN,NaN,TS,WN,B,B,130,1008,NaN,S,25,BCH,
2021120800,02s.2022,TERATAI,TS,NN,-12.5,106.3,35,1005,190,6,190,6,39,40,30,30,55,NaN,NaN,NaN,NaN,NaN,TS,WN,B,B,160,1009,NaN,S,25,NaN,
2021120806,02s.2022,TERATAI,TS,NN,-13.1,105.8,35,1004,215,7,215,7,52,50,55,,50,NaN,NaN,NaN,NaN,NaN,TS,WN,B,B,150,1009,NaN,S,25,SJB,
2021120812,02s.2022,TERATAI,TS,NN,-13.6,105.2,35,1005,224,8,224,8,40,40,,,40,NaN,NaN,NaN,NaN,NaN,TS,WN,B,B,150,1009,NaN,S,35,NaN,
2021120818,02s.2022,TERATAI,TS,NN,-14.1,104.3,35,1005,236,9,236,9,53,50,60,,50,NaN,NaN,NaN,NaN,NaN,TS,WN,B,B,90,1009,NaN,S,30,JZC,
2021120900,02s.2022,TERATAI,TS,NN,-14.3,103.6,35,1005,246,9,246,9,53,40,60,,60,NaN,NaN,NaN,NaN,NaN,TS,WN,B,B,145,1010,NaN,S,30,NaN,
2021120906,02s.2022,TERATAI,TS,NN,-14.3,102.9,30,1006,262,7,262,7,NaN,NaN,NaN,NaN,NaN,NaN,NaN,NaN,NaN,NaN,TD,WN,B,B,150,1010,NaN,S,50,RCB,
2021120912,02s.2022,TERATAI,TS,NN,-14.7,102.5,30,1006,249,6,249,6,NaN,NaN,NaN,NaN,NaN,NaN,NaN,NaN,NaN,NaN,TD,NW,B,B,150,1010,NaN,NaN,50,NaN,
2021120918,02s.2022,TERATAI,TS,NN,-15.1,101.6,20,1008,238,7,238,7,NaN,NaN,NaN,NaN,NaN,NaN,NaN,NaN,NaN,NaN,DB,NW,B,B,150,1010,NaN,S,50,NaN,
2021121000,02s.2022,TERATAI,TS,NN,-15.4,100.9,20,1007,246,8,246,8,NaN,NaN,NaN,NaN,NaN,NaN,NaN,NaN,NaN,NaN,DB,NW,B,B,150,1010,NaN,NaN,50,NaN,
2021121006,02s.2022,TERATAI,TS,NN,-15.7,99.8,20,1007,251,9,251,9,NaN,NaN,NaN,NaN,NaN,NaN,NaN,NaN,NaN,NaN,DB,NW,B,B,150,1010,NaN,NaN,50,NaN,
2021121012,02s.2022,TERATAI,TS,NN,-16.1,99.1,20,1007,248,9,248,9,NaN,NaN,NaN,NaN,NaN,NaN,NaN,NaN,NaN,NaN,DB,NW,B,B,150,1010,NaN,NaN,50,NaN,
2021121018,02s.2022,TERATAI,TS,NN,-16.4,97.6,20,1007,252,11,252,11,NaN,NaN,NaN,NaN,NaN,NaN,NaN,NaN,NaN,NaN,DB,NW,B,B,150,1010,NaN,NaN,50,NaN,
2021121100,02s.2022,TERATAI,TS,NN,-17.0,96.3,20,1007,251,14,251,14,NaN,NaN,NaN,NaN,NaN,NaN,NaN,NaN,NaN,NaN,DB,NW,B,B,150,1010,NaN,NaN,50,NaN,
2021121106,02s.2022,TERATAI,TS,NN,-17.4,95.2,20,1010,246,13,246,13,NaN,NaN,NaN,NaN,NaN,NaN,NaN,NaN,NaN,NaN,DB,NW,B,B,150,1010,NaN,NaN,50,NaN,
2021121112,02s.2022,TERATAI,TS,NN,-17.7,94.3,20,1007,250,10,250,10,NaN,NaN,NaN,NaN,NaN,NaN,NaN,NaN,NaN,NaN,DB,NW,B,B,150,1010,NaN,NaN,50,NaN,
2021120700,b3p.2022,9X-B3P,TY,NN,-5.3,152.7,15,1006,139,12,139,12,NaN,NaN,NaN,NaN,NaN,NaN,NaN,NaN,NaN,NaN,DB,NW,b,b,NaN,NaN,0.03,NaN,NaN,NaN,
2021120706,b3p.2022,9X-B3P,TY,NN,-6.2,153.5,15,1006,139,12,139,12,NaN,NaN,NaN,NaN,NaN,NaN,NaN,NaN,NaN,NaN,DB,NW,b,b,NaN,NaN,NaN,NaN,NaN,NaN,
2021120712,b3p.2022,9X-B3P,TY,NN,-7.1,154.3,15,NaN,139,12,139,12,NaN,NaN,NaN,NaN,NaN,NaN,NaN,NaN,NaN,NaN,NT,NW,c,c,NaN,NaN,NaN,NaN,NaN,NaN,
2021120718,b3p.2022,9X-B3P,TY,NN,-8.7,155.0,15,1005,149,15,149,15,NaN,NaN,NaN,NaN,NaN,NaN,NaN,NaN,NaN,NaN,DB,NW,b,b,120,1006,NaN,NaN,65,NaN,
2021120800,b3p.2022,9X-B3P,TY,NN,-10.0,155.6,15,NaN,156,16,156,16,NaN,NaN,NaN,NaN,NaN,NaN,NaN,NaN,NaN,NaN,NT,NW,c,c,NaN,NaN,NaN,NaN,NaN,NaN,
2021120806,b3p.2022,9X-B3P,TY,NN,-10.0,156.3,15,NaN,135,9,135,9,NaN,NaN,NaN,NaN,NaN,NaN,NaN,NaN,NaN,NaN,NT,NW,c,c,NaN,NaN,NaN,NaN,NaN,NaN,
2021120812,b3p.2022,9X-B3P,TY,NN,-8.6,153.5,15,1004,86,7,304,13,NaN,NaN,NaN,NaN,NaN,NaN,NaN,NaN,NaN,NaN,DB,NW,B,B,120,1006,NaN,NaN,65,NaN,
2021120818,b3p.2022,9X-B3P,TY,NN,-8.6,154.2,15,1010,86,7,304,13,NaN,NaN,NaN,NaN,NaN,NaN,NaN,NaN,NaN,NaN,DB,NW,B,B,120,1006,NaN,NaN,65,NaN,
2021120900,b3p.2022,9X-B3P,TY,NN,-8.5,154.9,20,1007,86,7,86,7,NaN,NaN,NaN,NaN,NaN,NaN,NaN,NaN,NaN,NaN,DB,NW,B,B,120,1009,NaN,S,65,NaN,
2021120906,b3p.2022,9X-B3P,TY,NN,-8.9,155.4,20,1006,104,6,104,6,NaN,NaN,NaN,NaN,NaN,NaN,NaN,NaN,NaN,NaN,DB,NW,B,B,120,1009,NaN,S,65,NaN,
2021120912,b3p.2022,9X-B3P,TY,NN,-9.4,155.4,20,1006,151,5,151,5,NaN,NaN,NaN,NaN,NaN,NaN,NaN,NaN,NaN,NaN,DB,NW,B,B,120,1009,NaN,S,65,NaN,
2021120918,03p.2022,RUBY,TY,NN,-9.8,155.3,25,1002,186,5,186,5,NaN,NaN,NaN,NaN,NaN,NaN,NaN,NaN,NaN,NaN,TD,WN,B,B,130,1004,NaN,S,40,NaN,
2021121000,03p.2022,RUBY,TY,NN,-9.9,155.2,25,1004,202,3,202,3,NaN,NaN,NaN,NaN,NaN,NaN,NaN,NaN,NaN,NaN,TD,WN,B,B,130,1006,NaN,S,40,NaN,
2021121006,03p.2022,RUBY,TY,NN,-10.0,155.1,25,1004,225,1,225,1,NaN,NaN,NaN,NaN,NaN,NaN,NaN,NaN,NaN,NaN,TD,WN,B,B,130,1006,NaN,S,40,NaN,
2021121012,03p.2022,RUBY,TY,NN,-9.9,155.0,25,1004,270,1,270,1,NaN,NaN,NaN,NaN,NaN,NaN,NaN,NaN,NaN,NaN,TD,WN,B,B,130,1006,NaN,S,60,NaN,
2021121018,03p.2022,RUBY,TY,NN,-10.0,155.5,30,1000,90,2,90,2,NaN,NaN,NaN,NaN,NaN,NaN,NaN,NaN,NaN,NaN,TD,WN,B,B,130,1004,NaN,S,50,NaN,
2021121100,03p.2022,RUBY,TY,NN,-10.4,155.9,30,1000,119,5,119,5,NaN,NaN,NaN,NaN,NaN,NaN,NaN,NaN,NaN,NaN,TD,WN,B,B,200,1005,NaN,S,50,NaN,
2021121106,03p.2022,RUBY,TY,NN,-10.9,156.2,30,1000,143,6,143,6,NaN,NaN,NaN,NaN,NaN,NaN,NaN,NaN,NaN,NaN,TD,WN,B,B,200,1005,NaN,S,50,NaN,
2021121112,03p.2022,RUBY,TY,NN,-11.5,156.5,30,1000,152,6,152,6,NaN,NaN,NaN,NaN,NaN,NaN,NaN,NaN,NaN,NaN,TD,WN,B,B,200,1005,NaN,S,50,NaN,
2021121118,03p.2022,RUBY,TY,NN,-12.8,156.9,35,1001,160,10,160,10,12,15,10,10,15,NaN,NaN,NaN,NaN,NaN,TS,WN,B,B,180,1004,NaN,S,15,TR,
2021121200,03p.2022,RUBY,TY,NN,-13.8,157.2,40,998,163,12,163,12,12,15,10,10,15,NaN,NaN,NaN,NaN,NaN,TS,WN,B,B,180,1004,NaN,S,15,TR,
2021121206,03p.2022,RUBY,TY,NN,-14.8,157.7,45,996,159,11,159,11,58,75,90,20,45,NaN,NaN,NaN,NaN,NaN,TS,WN,B,B,180,1004,NaN,M,15,SJB,
2021121212,03p.2022,RUBY,TY,NN,-15.7,158.1,55,991,155,10,155,10,49,60,45,40,50,22,30,15,40,30,TS,WN,B,B,180,1004,NaN,D,15,SJB,
2021121218,03p.2022,RUBY,TY,NN,-16.4,158.8,65,983,146,10,146,10,55,65,50,50,55,28,30,25,50,30,TY,WN,B,B,180,1002,NaN,D,15,BCH,
2021121300,03p.2022,RUBY,TY,NN,-17.2,159.8,70,980,133,11,133,11,68,75,65,60,70,35,40,40,60,35,TY,WN,B,B,200,1003,NaN,D,15,BCH,
2021121306,03p.2022,RUBY,TY,NN,-18.2,161.1,65,982,129,14,129,14,104,130,115,70,100,52,70,60,70,50,TY,WN,B,B,200,1003,NaN,D,15,SJB,
2021121312,03p.2022,RUBY,TY,NN,-19.2,162.4,60,986,129,16,129,16,74,120,60,60,55,28,30,25,60,30,TS,WN,B,B,180,1002,NaN,D,15,SJB,
2021121318,03p.2022,RUBY,TY,NN,-20.1,163.8,60,985,127,16,127,16,78,120,65,65,60,32,40,30,65,35,TS,WN,B,B,180,1001,0.10,D,15,BCH,
2021121400,03p.2022,RUBY,TY,NN,-21.2,165.5,55,987,125,18,125,18,79,110,70,70,65,34,40,30,70,35,TS,WN,B,B,150,1001,0.39,D,15,BCH,
2021121406,03p.2022,RUBY,TY,NN,-22.0,167.4,45,986,119,19,119,19,45,50,,,40,NaN,NaN,NaN,NaN,NaN,TS,WN,B,B,165,999,0.02,M,15,RCB,
2021121412,03p.2022,RUBY,TY,NN,-23.3,169.0,45,989,123,19,123,19,68,125,30,60,55,NaN,NaN,NaN,NaN,NaN,TS,WN,B,B,160,1001,NaN,M,35,RCB,
2021121418,03p.2022,RUBY,TY,NN,-24.3,170.5,45,991,129,18,129,18,86,120,85,65,75,NaN,NaN,NaN,NaN,NaN,TS,WN,B,B,160,1001,NaN,M,35,WAD,
2021121500,03p.2022,RUBY,TY,NN,-25.3,172.8,45,989,120,20,120,20,92,110,95,,70,NaN,NaN,NaN,NaN,NaN,TS,NW,B,B,160,1001,NaN,NaN,35,NaN,
2021121506,03p.2022,RUBY,TY,NN,-26.5,174.4,45,990,122,21,122,21,92,110,95,,70,NaN,NaN,NaN,NaN,NaN,TS,NW,B,B,160,1001,NaN,NaN,35,NaN,
2021121512,03p.2022,RUBY,TY,NN,-28.4,176.5,50,988,133,23,133,23,60,90,45,,45,45,50,40,,,TS,NW,B,B,170,1001,NaN,NaN,50,NaN,
2021121518,03p.2022,RUBY,TY,NN,-30.6,179.0,45,989,135,29,135,29,92,110,90,,75,NaN,NaN,NaN,NaN,NaN,TS,NW,B,B,140,999,NaN,NaN,50,NaN,
2021122206,a7s.2022,9X-A7S,TS,NN,-6.8,132.6,15,1010,185,6,185,6,NaN,NaN,NaN,NaN,NaN,NaN,NaN,NaN,NaN,NaN,DB,NW,b,b,NaN,NaN,NaN,NaN,NaN,NaN,
2021122212,a7s.2022,9X-A7S,TS,NN,-7.5,132.6,15,1010,185,6,185,6,NaN,NaN,NaN,NaN,NaN,NaN,NaN,NaN,NaN,NaN,DB,NW,b,b,NaN,NaN,NaN,NaN,NaN,NaN,
2021122218,a7s.2022,9X-A7S,TS,NN,-7.9,132.5,15,1010,185,6,185,6,NaN,NaN,NaN,NaN,NaN,NaN,NaN,NaN,NaN,NaN,DB,NW,b,b,NaN,NaN,NaN,NaN,NaN,NaN,
2021122300,a7s.2022,9X-A7S,TS,NN,-8.2,132.3,15,1010,203,4,203,4,NaN,NaN,NaN,NaN,NaN,NaN,NaN,NaN,NaN,NaN,DB,NW,b,b,NaN,NaN,NaN,NaN,NaN,NaN,
2021122306,a7s.2022,9X-A7S,TS,NN,-8.5,132.0,15,NaN,220,4,220,4,NaN,NaN,NaN,NaN,NaN,NaN,NaN,NaN,NaN,NaN,NT,NW,c,c,NaN,NaN,NaN,NaN,NaN,NaN,
2021122312,a7s.2022,9X-A7S,TS,NN,-9.2,132.0,15,NaN,197,5,197,5,NaN,NaN,NaN,NaN,NaN,NaN,NaN,NaN,NaN,NaN,NT,NW,c,c,NaN,NaN,NaN,NaN,NaN,NaN,
2021122318,a7s.2022,9X-A7S,TS,NN,-9.0,130.7,15,1010,249,7,249,7,NaN,NaN,NaN,NaN,NaN,NaN,NaN,NaN,NaN,NaN,DB,NW,b,b,NaN,NaN,NaN,NaN,NaN,NaN,
2021122400,a7s.2022,9X-A7S,TS,NN,-9.4,130.1,15,1010,175,6,264,9,NaN,NaN,NaN,NaN,NaN,NaN,NaN,NaN,NaN,NaN,DB,NW,B,B,NaN,NaN,NaN,NaN,NaN,NaN,
2021122406,a7s.2022,9X-A7S,TS,NN,-10.1,130.2,20,1003,175,6,204,6,NaN,NaN,NaN,NaN,NaN,NaN,NaN,NaN,NaN,NaN,DB,NW,B,B,190,1005,NaN,S,40,NaN,
2021122412,a7s.2022,9X-A7S,TS,NN,-10.6,130.2,25,1002,175,6,175,6,NaN,NaN,NaN,NaN,NaN,NaN,NaN,NaN,NaN,NaN,TD,NW,B,B,190,1005,NaN,S,30,NaN,
2021122418,a7s.2022,9X-A7S,TS,NN,-11.1,130.2,25,996,180,5,180,5,NaN,NaN,NaN,NaN,NaN,NaN,NaN,NaN,NaN,NaN,TD,NW,B,B,130,1003,0.05,S,30,NaN,
2021122500,a7s.2022,9X-A7S,TS,NN,-11.5,130.1,25,996,186,5,186,5,NaN,NaN,NaN,NaN,NaN,NaN,NaN,NaN,NaN,NaN,TD,NW,B,B,130,1003,0.15,S,30,NaN,
2021122506,a7s.2022,9X-A7S,TS,NN,-12.0,130.0,25,999,192,5,192,5,NaN,NaN,NaN,NaN,NaN,NaN,NaN,NaN,NaN,NaN,TD,NW,B,B,130,1002,0.10,S,30,NaN,
2021122512,a7s.2022,9X-A7S,TS,NN,-12.6,130.1,30,997,180,6,180,5,NaN,NaN,NaN,NaN,NaN,NaN,NaN,NaN,NaN,NaN,TD,NW,B,B,130,1002,0.06,S,25,NaN,
2021122518,a7s.2022,9X-A7S,TS,NN,-12.9,130.2,30,999,168,5,168,5,NaN,NaN,NaN,NaN,NaN,NaN,NaN,NaN,NaN,NaN,TD,NW,B,B,200,1004,0.21,S,25,NaN,
2021122600,a7s.2022,9X-A7S,TS,NN,-13.3,130.3,25,1000,164,4,164,4,NaN,NaN,NaN,NaN,NaN,NaN,NaN,NaN,NaN,NaN,TD,NW,B,B,170,1005,0.88,S,25,NaN,
2021122606,a7s.2022,9X-A7S,TS,NN,-13.8,130.5,25,1001,162,5,162,5,NaN,NaN,NaN,NaN,NaN,NaN,NaN,NaN,NaN,NaN,TD,NW,B,B,170,1004,0.99,S,30,NaN,
2021122612,a7s.2022,9X-A7S,TS,NN,-14.1,130.7,25,1000,154,4,154,4,NaN,NaN,NaN,NaN,NaN,NaN,NaN,NaN,NaN,NaN,TD,NW,B,B,170,1004,0.99,S,30,NaN,
2021122618,a7s.2022,9X-A7S,TS,NN,-14.1,131.0,25,1000,122,3,122,3,NaN,NaN,NaN,NaN,NaN,NaN,NaN,NaN,NaN,NaN,TD,NW,B,B,175,1003,0.99,S,30,NaN,
2021122700,a7s.2022,9X-A7S,TS,NN,-14.1,131.2,25,1000,90,2,90,2,NaN,NaN,NaN,NaN,NaN,NaN,NaN,NaN,NaN,NaN,TD,NW,B,B,150,1005,0.99,S,30,NaN,
2021122706,a7s.2022,9X-A7S,TS,NN,-14.1,131.5,25,1002,90,2,90,2,NaN,NaN,NaN,NaN,NaN,NaN,NaN,NaN,NaN,NaN,TD,NW,B,B,150,1005,1.00,S,30,NaN,
2021122712,a7s.2022,9X-A7S,TS,NN,-14.2,131.9,25,999,98,3,98,3,NaN,NaN,NaN,NaN,NaN,NaN,NaN,NaN,NaN,NaN,TD,NW,B,B,150,1003,1.00,S,30,NaN,
2021122718,a7s.2022,9X-A7S,TS,NN,-14.2,132.8,20,1001,95,6,95,6,NaN,NaN,NaN,NaN,NaN,NaN,NaN,NaN,NaN,NaN,DB,NW,B,B,150,1003,1.00,S,30,NaN,
2021122800,a7s.2022,9X-A7S,TS,NN,-14.3,134.0,20,1001,93,10,93,10,NaN,NaN,NaN,NaN,NaN,NaN,NaN,NaN,NaN,NaN,DB,NW,B,B,150,1003,0.99,S,30,NaN,
2021122806,a7s.2022,9X-A7S,TS,NN,-14.9,135.3,20,1001,106,13,106,13,NaN,NaN,NaN,NaN,NaN,NaN,NaN,NaN,NaN,NaN,DB,NW,B,B,150,1003,0.64,S,30,NaN,
2021122812,a7s.2022,9X-A7S,TS,NN,-15.4,138.0,25,1001,106,20,106,20,NaN,NaN,NaN,NaN,NaN,NaN,NaN,NaN,NaN,NaN,TD,NW,B,B,150,1003,NaN,S,30,NaN,
2021122818,a7s.2022,9X-A7S,TS,NN,-16.1,139.6,25,997,106,22,106,22,NaN,NaN,NaN,NaN,NaN,NaN,NaN,NaN,NaN,NaN,TD,NW,B,B,200,1002,0.03,S,20,NaN,
2021122900,a7s.2022,9X-A7S,TS,NN,-16.1,141.6,25,998,101,18,101,18,NaN,NaN,NaN,NaN,NaN,NaN,NaN,NaN,NaN,NaN,TD,NW,B,B,175,1002,0.60,S,20,NaN,
2021122906,a7s.2022,9X-A7S,TS,NN,-16.2,143.6,20,997,91,19,91,19,NaN,NaN,NaN,NaN,NaN,NaN,NaN,NaN,NaN,NaN,DB,NW,B,B,195,1000,0.99,S,20,NaN,
2021122912,a7s.2022,9X-A7S,TS,NN,-16.3,145.2,25,998,93,17,93,17,NaN,NaN,NaN,NaN,NaN,NaN,NaN,NaN,NaN,NaN,TD,NW,B,B,160,1002,0.97,S,30,NaN,
2021122918,a7s.2022,9X-A7S,TS,NN,-16.6,146.2,30,996,99,13,99,13,NaN,NaN,NaN,NaN,NaN,NaN,NaN,NaN,NaN,NaN,TD,NW,B,B,160,1002,0.09,S,30,NaN,
2021123000,a7s.2022,9X-A7S,TS,NN,-17.2,147.3,30,996,114,11,114,11,NaN,NaN,NaN,NaN,NaN,NaN,NaN,NaN,NaN,NaN,TD,NW,B,B,160,1002,NaN,S,30,NaN,
2021123006,a7s.2022,9X-A7S,TS,NN,-17.6,148.6,30,996,114,13,114,13,NaN,NaN,NaN,NaN,NaN,NaN,NaN,NaN,NaN,NaN,SD,NW,B,B,140,1000,NaN,S,105,NaN,
2021123012,a7s.2022,9X-A7S,TS,NN,-17.8,150.3,30,1000,102,15,102,15,NaN,NaN,NaN,NaN,NaN,NaN,NaN,NaN,NaN,NaN,SD,NW,B,B,130,1003,NaN,S,95,NaN,
2021123018,a7s.2022,9X-A7S,TS,NN,-18.4,151.3,30,1000,107,13,107,13,NaN,NaN,NaN,NaN,NaN,NaN,NaN,NaN,NaN,NaN,SD,NW,B,B,170,1003,NaN,S,85,NaN,
2021123100,a7s.2022,9X-A7S,TS,NN,-19.2,152.4,40,994,125,12,125,12,138,110,200,145,95,NaN,NaN,NaN,NaN,NaN,SS,NW,B,B,195,1003,NaN,S,90,NaN,
2021123106,a7s.2022,9X-A7S,TS,NN,-20.0,153.7,45,991,125,14,125,14,144,135,200,145,95,NaN,NaN,NaN,NaN,NaN,SS,NW,B,B,215,1003,NaN,M,90,NaN,
2021123112,04p.2022,SETH,TS,NN,-20.8,155.3,50,989,120,16,120,16,90,80,150,85,45,65,,80,85,,TS,WN,B,B,215,1003,NaN,M,50,BCH,
2021123118,04p.2022,SETH,TS,NN,-21.2,156.2,55,988,117,13,117,13,98,85,160,90,55,62,,75,90,,TS,WN,B,B,230,1003,NaN,M,40,RCB,
2022010100,04p.2022,SETH,TS,NN,-21.6,157.0,45,992,117,9,117,9,104,95,125,135,60,NaN,NaN,NaN,NaN,NaN,TS,WN,B,B,245,1005,NaN,M,60,RCB,
2022010106,04p.2022,SETH,TS,NN,-21.8,157.5,40,996,116,7,116,7,96,100,85,110,90,NaN,NaN,NaN,NaN,NaN,TS,WN,B,B,275,1005,NaN,S,60,JZC,
2022010112,04p.2022,SETH,TS,NN,-22.4,158.2,35,1000,126,7,126,7,61,70,70,50,55,NaN,NaN,NaN,NaN,NaN,TS,NW,B,B,275,1005,NaN,S,60,NaN,
2022010118,04p.2022,SETH,TS,NN,-23.6,158.7,30,1002,148,11,148,11,NaN,NaN,NaN,NaN,NaN,NaN,NaN,NaN,NaN,NaN,TD,NW,B,B,260,1006,NaN,NaN,60,NaN,
2022010200,04p.2022,SETH,TS,NN,-25.0,158.8,25,1003,168,13,168,13,NaN,NaN,NaN,NaN,NaN,NaN,NaN,NaN,NaN,NaN,TD,NW,B,B,260,1006,NaN,NaN,60,NaN,
2022010206,04p.2022,SETH,TS,NN,-26.3,158.5,25,1003,184,14,184,14,NaN,NaN,NaN,NaN,NaN,NaN,NaN,NaN,NaN,NaN,SD,NW,B,B,260,1006,NaN,S,60,NaN,
2022010212,04p.2022,SETH,TS,NN,-27.2,158.3,25,1002,192,11,192,11,NaN,NaN,NaN,NaN,NaN,NaN,NaN,NaN,NaN,NaN,SD,NW,B,B,185,1006,NaN,S,60,NaN,
2022010218,04p.2022,SETH,TS,NN,-27.5,157.8,30,1002,207,7,207,7,NaN,NaN,NaN,NaN,NaN,NaN,NaN,NaN,NaN,NaN,SD,NW,B,B,185,1006,NaN,NaN,60,NaN,
2022010300,04p.2022,SETH,TS,NN,-27.9,157.4,25,1001,229,5,229,5,NaN,NaN,NaN,NaN,NaN,NaN,NaN,NaN,NaN,NaN,SD,NW,B,B,175,1006,NaN,NaN,50,NaN,
2022010306,04p.2022,SETH,TS,NN,-28.1,157.3,25,1000,216,4,216,4,NaN,NaN,NaN,NaN,NaN,NaN,NaN,NaN,NaN,NaN,SD,NW,B,B,175,1006,NaN,S,50,NaN,
2022010312,04p.2022,SETH,TS,NN,-28.0,157.0,25,1000,254,2,254,2,NaN,NaN,NaN,NaN,NaN,NaN,NaN,NaN,NaN,NaN,SD,NW,B,B,165,1006,NaN,S,50,NaN,
2022010318,04p.2022,SETH,TS,NN,-28.0,156.4,25,999,277,4,277,4,NaN,NaN,NaN,NaN,NaN,NaN,NaN,NaN,NaN,NaN,SD,NW,B,B,165,1006,NaN,S,95,NaN,
2022010400,04p.2022,SETH,TS,NN,-27.7,156.0,25,1000,289,5,289,5,NaN,NaN,NaN,NaN,NaN,NaN,NaN,NaN,NaN,NaN,SD,NW,B,B,165,1006,NaN,S,95,NaN,
2022010406,04p.2022,SETH,TS,NN,-26.6,156.2,25,996,353,7,353,7,NaN,NaN,NaN,NaN,NaN,NaN,NaN,NaN,NaN,NaN,SD,NW,B,B,180,1001,NaN,S,95,NaN,
2022010218,a9p.2022,9X-A9P,TS,NN,-9.5,175.9,15,1001,104,11,104,11,NaN,NaN,NaN,NaN,NaN,NaN,NaN,NaN,NaN,NaN,DB,NW,b,b,NaN,NaN,NaN,NaN,NaN,NaN,
2022010300,a9p.2022,9X-A9P,TS,NN,-9.8,177.0,15,1001,104,11,104,11,NaN,NaN,NaN,NaN,NaN,NaN,NaN,NaN,NaN,NaN,DB,NW,b,b,NaN,NaN,NaN,NaN,NaN,NaN,
2022010306,a9p.2022,9X-A9P,TS,NN,-10.0,178.0,15,1001,104,11,104,11,NaN,NaN,NaN,NaN,NaN,NaN,NaN,NaN,NaN,NaN,DB,NW,b,b,NaN,NaN,NaN,NaN,NaN,NaN,
2022010312,a9p.2022,9X-A9P,TS,NN,-10.4,178.2,15,1010,117,7,117,7,NaN,NaN,NaN,NaN,NaN,NaN,NaN,NaN,NaN,NaN,DB,NW,b,b,NaN,NaN,NaN,NaN,NaN,NaN,
2022010318,a9p.2022,9X-A9P,TS,NN,-11.0,178.2,15,NaN,169,5,169,5,NaN,NaN,NaN,NaN,NaN,NaN,NaN,NaN,NaN,NaN,NT,NW,c,c,NaN,NaN,NaN,NaN,NaN,NaN,
2022010400,a9p.2022,9X-A9P,TS,NN,-11.4,177.9,15,NaN,196,5,196,5,NaN,NaN,NaN,NaN,NaN,NaN,NaN,NaN,NaN,NaN,NT,NW,c,c,NaN,NaN,NaN,NaN,NaN,NaN,
2022010406,a9p.2022,9X-A9P,TS,NN,-11.8,178.7,15,1010,149,5,149,5,NaN,NaN,NaN,NaN,NaN,NaN,NaN,NaN,NaN,NaN,DB,NW,b,b,NaN,NaN,NaN,NaN,NaN,NaN,
2022010412,a9p.2022,9X-A9P,TS,NN,-12.0,178.5,15,1005,136,4,136,4,NaN,NaN,NaN,NaN,NaN,NaN,NaN,NaN,NaN,NaN,DB,NW,b,b,NaN,NaN,NaN,NaN,NaN,NaN,
2022010418,a9p.2022,9X-A9P,TS,NN,-12.6,178.4,20,NaN,203,4,200,4,NaN,NaN,NaN,NaN,NaN,NaN,NaN,NaN,NaN,NaN,NT,NW,c,c,NaN,NaN,NaN,NaN,NaN,NaN,
2022010500,a9p.2022,9X-A9P,TS,NN,-13.7,178.1,20,NaN,197,7,193,9,NaN,NaN,NaN,NaN,NaN,NaN,NaN,NaN,NaN,NaN,NT,NW,c,c,NaN,NaN,NaN,NaN,NaN,NaN,
2022010506,a9p.2022,9X-A9P,TS,NN,-14.1,177.8,20,1005,200,6,201,8,NaN,NaN,NaN,NaN,NaN,NaN,NaN,NaN,NaN,NaN,DB,NW,C,C,150,1008,NaN,S,30,NaN,
2022010512,a9p.2022,9X-A9P,TS,NN,-14.8,177.4,25,1006,205,7,212,6,NaN,NaN,NaN,NaN,NaN,NaN,NaN,NaN,NaN,NaN,TD,NW,C,C,150,1008,NaN,S,30,NaN,
2022010518,a9p.2022,9X-A9P,TS,NN,-13.4,176.7,25,1004,230,5,303,6,NaN,NaN,NaN,NaN,NaN,NaN,NaN,NaN,NaN,NaN,TD,NW,C,C,80,1005,NaN,S,30,NaN,
2022010600,a9p.2022,9X-A9P,TS,NN,-14.9,175.3,25,1004,232,7,267,10,NaN,NaN,NaN,NaN,NaN,NaN,NaN,NaN,NaN,NaN,TD,NW,B,B,120,1006,NaN,NaN,50,NaN,
2022010606,a9p.2022,9X-A9P,TS,NN,-15.5,174.5,25,1004,232,7,225,15,NaN,NaN,NaN,NaN,NaN,NaN,NaN,NaN,NaN,NaN,TD,NW,B,B,120,1006,NaN,S,50,NaN,
2022010612,a9p.2022,9X-A9P,TS,NN,-15.8,174.1,20,1007,232,7,232,7,NaN,NaN,NaN,NaN,NaN,NaN,NaN,NaN,NaN,NaN,DB,NW,B,B,120,1006,NaN,NaN,50,NaN,
2022010618,a9p.2022,9X-A9P,TS,NN,-16.5,173.6,20,1007,221,7,221,7,NaN,NaN,NaN,NaN,NaN,NaN,NaN,NaN,NaN,NaN,DB,NW,B,B,145,1009,NaN,NaN,60,NaN,
2022010700,a9p.2022,9X-A9P,TS,NN,-17.2,173.3,20,1007,209,8,209,8,NaN,NaN,NaN,NaN,NaN,NaN,NaN,NaN,NaN,NaN,DB,NW,B,B,170,1009,NaN,NaN,65,NaN,
2022010706,a9p.2022,9X-A9P,TS,NN,-17.5,173.2,20,1006,201,5,201,5,NaN,NaN,NaN,NaN,NaN,NaN,NaN,NaN,NaN,NaN,DB,NW,B,B,170,1009,NaN,NaN,65,NaN,
2022010712,a9p.2022,9X-A9P,TS,NN,-17.8,173.1,20,1005,198,3,198,3,NaN,NaN,NaN,NaN,NaN,NaN,NaN,NaN,NaN,NaN,DB,NW,B,B,170,1009,NaN,NaN,65,NaN,
2022010718,a9p.2022,9X-A9P,TS,NN,-18.0,172.9,20,1007,210,3,210,3,NaN,NaN,NaN,NaN,NaN,NaN,NaN,NaN,NaN,NaN,DB,NW,B,B,130,1005,NaN,NaN,85,NaN,
2022010800,a9p.2022,9X-A9P,TS,NN,-18.2,172.8,25,1002,215,2,215,2,NaN,NaN,NaN,NaN,NaN,NaN,NaN,NaN,NaN,NaN,TD,NW,B,B,145,1005,NaN,S,60,NaN,
2022010806,a9p.2022,9X-A9P,TS,NN,-18.4,173.0,25,1001,167,2,167,2,NaN,NaN,NaN,NaN,NaN,NaN,NaN,NaN,NaN,NaN,TD,NW,B,B,190,1004,NaN,S,60,NaN,
2022010812,a9p.2022,9X-A9P,TS,NN,-18.4,173.5,30,1000,107,3,107,3,NaN,NaN,NaN,NaN,NaN,NaN,NaN,NaN,NaN,NaN,TD,NW,B,B,200,1006,NaN,S,40,NaN,
2022010818,05p.2022,CODY,TS,NN,-18.3,174.2,30,1000,85,6,85,6,NaN,NaN,NaN,NaN,NaN,NaN,NaN,NaN,NaN,NaN,TD,WN,B,B,200,1005,NaN,M,40,SJB,
2022010900,05p.2022,CODY,TS,NN,-18.3,175.2,30,1000,86,8,86,8,NaN,NaN,NaN,NaN,NaN,NaN,NaN,NaN,NaN,NaN,TD,WN,B,B,200,1005,NaN,M,40,SJB,
2022010906,05p.2022,CODY,TS,NN,-18.8,176.2,30,999,105,10,105,10,NaN,NaN,NaN,NaN,NaN,NaN,NaN,NaN,NaN,NaN,TD,WN,B,B,180,1003,NaN,M,45,BCH,
2022010912,05p.2022,CODY,TS,NN,-19.4,176.8,35,998,126,9,126,9,45,70,70,20,20,NaN,NaN,NaN,NaN,NaN,TS,WN,B,B,180,1004,NaN,M,25,BCH,
2022010918,05p.2022,CODY,TS,NN,-19.9,176.7,45,996,157,6,157,6,45,70,70,20,20,NaN,NaN,NaN,NaN,NaN,TS,WN,B,B,180,1004,NaN,M,15,SJB,
2022011000,05p.2022,CODY,TS,NN,-20.1,176.5,45,994,202,4,202,4,55,75,75,35,35,NaN,NaN,NaN,NaN,NaN,TS,WN,B,B,180,1004,NaN,M,20,SJB,
2022011006,05p.2022,CODY,TS,NN,-20.4,175.9,50,988,236,5,236,5,128,100,180,150,80,78,65,105,150,60,TS,WN,B,B,200,1002,NaN,M,20,BCH,
2022011012,05p.2022,CODY,TS,NN,-20.6,175.4,50,985,244,6,244,6,155,190,185,150,95,78,65,105,150,60,TS,WN,B,B,200,1002,NaN,D,20,BCH,
2022011018,05p.2022,CODY,TS,NN,-20.6,174.7,40,991,260,6,260,6,98,110,105,90,85,NaN,NaN,NaN,NaN,NaN,TS,WN,B,B,200,1002,NaN,M,45,RCB,
2022011100,05p.2022,CODY,TS,NN,-20.7,173.7,45,990,266,8,266,8,109,95,150,130,60,NaN,NaN,NaN,NaN,NaN,TS,WN,B,B,210,1002,NaN,M,35,RCB,
2022011106,05p.2022,CODY,TS,NN,-20.9,173.3,45,989,257,7,257,7,86,90,115,70,70,NaN,NaN,NaN,NaN,NaN,TS,WN,B,B,220,1003,NaN,M,40,JZC,
2022011112,05p.2022,CODY,TS,NN,-21.2,173.4,45,990,209,3,209,3,85,65,115,105,55,NaN,NaN,NaN,NaN,NaN,TS,WN,B,B,250,1006,NaN,M,40,JZC,
2022011118,05p.2022,CODY,TS,NN,-21.8,173.7,50,989,158,5,158,5,78,80,100,90,40,40,,50,90,,TS,WN,B,B,310,1003,NaN,M,30,RCB,
2022011200,05p.2022,CODY,TS,NN,-22.8,173.9,50,989,164,8,164,8,89,85,110,100,60,32,20,55,100,20,TS,WN,B,B,300,1003,NaN,M,20,RCB,
2022011206,05p.2022,CODY,TS,NN,-23.4,174.0,50,988,170,8,170,8,89,105,105,85,60,NaN,NaN,NaN,NaN,NaN,TS,WN,B,B,295,1003,NaN,M,20,NaN,
2022011212,05p.2022,CODY,TS,NN,-24.2,174.5,50,989,159,8,159,8,121,100,140,175,70,62,50,75,175,30,TS,WN,B,B,315,1006,NaN,M,60,JZC,
2022011218,05p.2022,CODY,TS,NN,-24.9,175.1,50,985,146,9,146,9,100,100,125,90,85,49,50,65,90,40,TS,WN,B,B,295,1002,NaN,M,70,SJB,
2022011300,05p.2022,CODY,TS,NN,-25.6,175.8,45,986,140,9,140,9,132,150,135,125,120,NaN,NaN,NaN,NaN,NaN,TS,WN,B,B,295,1002,NaN,M,70,SJB,
2022011306,05p.2022,CODY,TS,NN,-26.1,176.5,50,984,134,9,134,9,176,175,225,180,125,118,,170,180,70,TS,WN,B,B,295,1003,NaN,M,70,BCH,
2022011312,05p.2022,CODY,TS,NN,-26.6,176.8,50,982,138,7,138,7,176,175,225,180,125,118,,170,180,70,SS,WN,B,B,295,1004,NaN,M,65,BCH,
2022011318,05p.2022,CODY,TS,NN,-27.0,177.1,50,982,149,5,149,5,165,135,195,175,155,82,30,115,175,70,SS,NW,B,B,295,1004,NaN,M,65,NaN,
2022011400,05p.2022,CODY,TS,NN,-27.5,177.5,50,981,145,5,145,5,176,115,245,210,135,90,30,115,210,100,SS,NW,B,B,295,1004,NaN,M,80,NaN,
2022011406,05p.2022,CODY,TS,NN,-27.8,178.1,50,980,132,6,132,6,190,120,270,220,150,88,35,105,220,100,SS,NW,B,B,310,1004,NaN,M,80,NaN,
2022011412,05p.2022,CODY,TS,NN,-28.0,178.6,45,989,117,5,117,5,201,165,270,220,150,NaN,NaN,NaN,NaN,NaN,SS,NW,B,B,310,1005,NaN,NaN,80,NaN,
2022011418,05p.2022,CODY,TS,NN,-28.2,179.2,45,989,112,5,112,5,198,150,260,250,130,NaN,NaN,NaN,NaN,NaN,SS,NW,B,B,310,1005,NaN,NaN,80,NaN,
2022011500,05p.2022,CODY,TS,NN,-28.5,179.9,45,989,114,6,114,6,151,180,155,125,145,NaN,NaN,NaN,NaN,NaN,SS,NW,B,B,310,1005,NaN,NaN,80,NaN,
2022011506,05p.2022,CODY,TS,NN,-29.0,181.0,45,989,117,9,117,9,154,180,160,130,145,NaN,NaN,NaN,NaN,NaN,SS,NW,B,B,310,1005,NaN,NaN,80,NaN,
2022011512,05p.2022,CODY,TS,NN,-29.5,181.7,45,989,122,9,122,9,208,155,270,260,145,NaN,NaN,NaN,NaN,NaN,SS,NW,B,B,310,1005,NaN,NaN,80,NaN,
2022010500,z0p.2022,9X-Z0P,TY,NN,-11.1,139.7,15,1010,90,7,90,7,NaN,NaN,NaN,NaN,NaN,NaN,NaN,NaN,NaN,NaN,DB,NW,B,B,NaN,NaN,NaN,NaN,NaN,NaN,
2022010506,z0p.2022,9X-Z0P,TY,NN,-11.1,140.4,15,1010,90,7,90,7,NaN,NaN,NaN,NaN,NaN,NaN,NaN,NaN,NaN,NaN,DB,NW,B,B,NaN,NaN,NaN,NaN,NaN,NaN,
2022010512,z0p.2022,9X-Z0P,TY,NN,-11.1,141.1,15,1010,90,7,90,7,NaN,NaN,NaN,NaN,NaN,NaN,NaN,NaN,NaN,NaN,DB,NW,B,B,NaN,NaN,NaN,NaN,NaN,NaN,
2022010518,z0p.2022,9X-Z0P,TY,NN,-11.1,142.3,15,1010,90,9,90,9,NaN,NaN,NaN,NaN,NaN,NaN,NaN,NaN,NaN,NaN,DB,NW,B,B,NaN,NaN,0.38,NaN,NaN,NaN,
2022010600,z0p.2022,9X-Z0P,TY,NN,-11.1,143.2,15,1010,90,10,90,10,NaN,NaN,NaN,NaN,NaN,NaN,NaN,NaN,NaN,NaN,DB,NW,B,B,NaN,NaN,0.15,NaN,NaN,NaN,
2022010606,z0p.2022,9X-Z0P,TY,NN,-11.1,143.5,15,1010,90,6,90,6,NaN,NaN,NaN,NaN,NaN,NaN,NaN,NaN,NaN,NaN,DB,NW,B,B,NaN,NaN,NaN,NaN,NaN,NaN,
2022010612,z0p.2022,9X-Z0P,TY,NN,-11.1,143.9,15,1010,90,3,90,3,NaN,NaN,NaN,NaN,NaN,NaN,NaN,NaN,NaN,NaN,DB,NW,B,B,NaN,NaN,NaN,NaN,NaN,NaN,
2022010618,z0p.2022,9X-Z0P,TY,NN,-11.2,144.3,15,1007,97,4,97,4,NaN,NaN,NaN,NaN,NaN,NaN,NaN,NaN,NaN,NaN,DB,NW,B,B,NaN,NaN,NaN,NaN,NaN,NaN,
2022010700,z0p.2022,9X-Z0P,TY,NN,-11.4,145.0,15,1007,106,6,106,6,NaN,NaN,NaN,NaN,NaN,NaN,NaN,NaN,NaN,NaN,DB,NW,B,B,NaN,NaN,NaN,NaN,NaN,NaN,
2022010706,z0p.2022,9X-Z0P,TY,NN,-11.6,145.7,15,1010,106,7,106,7,NaN,NaN,NaN,NaN,NaN,NaN,NaN,NaN,NaN,NaN,DB,NW,B,B,NaN,NaN,NaN,NaN,NaN,NaN,
2022010712,z0p.2022,9X-Z0P,TY,NN,-11.9,146.6,15,1010,108,8,108,8,NaN,NaN,NaN,NaN,NaN,NaN,NaN,NaN,NaN,NaN,DB,NW,B,B,NaN,NaN,NaN,NaN,NaN,NaN,
2022010718,z0p.2022,9X-Z0P,TY,NN,-12.2,147.2,15,1010,112,8,112,8,NaN,NaN,NaN,NaN,NaN,NaN,NaN,NaN,NaN,NaN,DB,NW,B,B,NaN,NaN,NaN,NaN,NaN,NaN,
2022010800,z0p.2022,9X-Z0P,TY,NN,-12.7,147.7,15,1005,127,7,127,7,NaN,NaN,NaN,NaN,NaN,NaN,NaN,NaN,NaN,NaN,DB,NW,B,B,NaN,NaN,NaN,NaN,NaN,NaN,
2022010806,z0p.2022,9X-Z0P,TY,NN,-13.0,148.0,15,1005,136,6,136,6,NaN,NaN,NaN,NaN,NaN,NaN,NaN,NaN,NaN,NaN,DB,NW,B,B,NaN,NaN,NaN,NaN,NaN,NaN,
2022010812,z0p.2022,9X-Z0P,TY,NN,-13.4,148.0,25,1004,157,4,157,4,NaN,NaN,NaN,NaN,NaN,NaN,NaN,NaN,NaN,NaN,TD,NW,B,B,110,1006,NaN,NaN,NaN,NaN,
2022010818,z0p.2022,9X-Z0P,TY,NN,-13.7,147.8,30,1001,196,4,196,4,NaN,NaN,NaN,NaN,NaN,NaN,NaN,NaN,NaN,NaN,TD,NW,B,B,150,1006,NaN,S,45,NaN,
2022010900,z0p.2022,9X-Z0P,TY,NN,-13.8,147.3,30,1001,240,4,240,4,NaN,NaN,NaN,NaN,NaN,NaN,NaN,NaN,NaN,NaN,TD,NW,B,B,150,1006,NaN,M,45,NaN,
2022010906,06p.2022,TIFFANY,TY,NN,-14.0,146.7,40,997,254,6,254,6,52,40,55,60,55,NaN,NaN,NaN,NaN,NaN,TS,WN,B,B,135,1004,NaN,M,25,BCH,
2022010912,06p.2022,TIFFANY,TY,NN,-14.1,145.8,55,993,258,7,258,7,58,40,60,70,60,22,25,25,70,20,TS,WN,B,B,120,1007,NaN,M,15,BCH,
2022010918,06p.2022,TIFFANY,TY,NN,-14.1,144.9,65,986,267,9,267,9,52,45,60,55,50,22,25,25,55,20,TY,WN,B,B,130,1006,0.03,D,10,SJB,
2022011000,06p.2022,TIFFANY,TY,NN,-14.2,144.3,65,986,266,7,266,7,52,50,60,55,45,21,20,25,55,20,TY,WN,B,B,130,1006,0.12,D,10,SJB,
2022011006,06p.2022,TIFFANY,TY,NN,-14.6,143.8,45,996,245,6,245,6,44,40,45,50,40,NaN,NaN,NaN,NaN,NaN,TS,WN,B,B,100,1005,0.70,M,10,BCH,
2022011012,06p.2022,TIFFANY,TY,NN,-14.7,142.8,30,1002,251,8,251,8,NaN,NaN,NaN,NaN,NaN,NaN,NaN,NaN,NaN,NaN,TD,WN,B,B,90,1006,1.00,M,20,BCH,
2022011018,06p.2022,TIFFANY,TY,NN,-14.6,141.4,35,1002,270,12,270,12,20,,,25,15,NaN,NaN,NaN,NaN,NaN,TS,WN,B,B,85,1006,0.42,M,20,RCB,
2022011100,06p.2022,TIFFANY,TY,NN,-14.6,140.8,40,1000,273,10,273,10,35,,40,30,,NaN,NaN,NaN,NaN,NaN,TS,WN,B,B,85,1006,NaN,NaN,20,RCB,
2022011106,06p.2022,TIFFANY,TY,NN,-15.3,139.6,50,995,248,9,248,9,44,35,50,65,25,15,,,65,10,TS,WN,B,B,90,1006,NaN,M,20,JZC,
2022011112,06p.2022,TIFFANY,TY,NN,-14.9,138.0,50,995,264,14,264,14,36,20,35,55,35,25,,20,55,,TS,WN,B,B,95,1005,NaN,M,20,JZC,
2022011118,06p.2022,TIFFANY,TY,NN,-14.9,136.8,55,992,278,14,278,14,36,20,45,50,30,22,,10,50,,TS,WN,B,B,95,1005,NaN,M,10,RCB,
2022011200,06p.2022,TIFFANY,TY,NN,-14.9,135.3,45,998,270,13,270,13,40,55,40,25,,NaN,NaN,NaN,NaN,NaN,TS,WN,B,B,80,1004,0.64,M,15,RCB,
2022011206,06p.2022,TIFFANY,TY,NN,-14.9,133.8,35,1000,270,14,270,14,66,65,80,70,50,NaN,NaN,NaN,NaN,NaN,TS,NW,B,B,110,1004,1.00,M,15,NaN,
2022011212,06p.2022,TIFFANY,TY,NN,-15.0,132.7,25,1004,268,13,268,13,NaN,NaN,NaN,NaN,NaN,NaN,NaN,NaN,NaN,NaN,TD,NW,B,B,85,1006,1.00,M,15,NaN,
2022011218,06p.2022,TIFFANY,TY,NN,-15.2,131.7,25,1002,262,10,262,10,NaN,NaN,NaN,NaN,NaN,NaN,NaN,NaN,NaN,NaN,TD,NW,B,B,85,1006,0.99,S,25,NaN,
2022011300,06p.2022,TIFFANY,TY,NN,-15.4,130.7,25,1002,258,10,258,10,NaN,NaN,NaN,NaN,NaN,NaN,NaN,NaN,NaN,NaN,TD,NW,B,B,100,1006,0.98,S,25,NaN,
2022011306,06p.2022,TIFFANY,TY,NN,-15.8,129.3,25,1002,255,12,255,12,NaN,NaN,NaN,NaN,NaN,NaN,NaN,NaN,NaN,NaN,TD,NW,B,B,100,1004,0.99,S,25,NaN,
2022011312,06p.2022,TIFFANY,TY,NN,-15.9,128.0,25,1003,259,13,259,13,NaN,NaN,NaN,NaN,NaN,NaN,NaN,NaN,NaN,NaN,TD,NW,B,B,100,1005,0.98,S,25,NaN,
2022011318,06p.2022,TIFFANY,TY,NN,-16.0,126.9,25,1004,265,12,265,12,NaN,NaN,NaN,NaN,NaN,NaN,NaN,NaN,NaN,NaN,TD,NW,B,B,100,1005,1.00,NaN,25,NaN,
2022011400,06p.2022,TIFFANY,TY,NN,-16.1,126.2,25,1002,263,9,263,9,NaN,NaN,NaN,NaN,NaN,NaN,NaN,NaN,NaN,NaN,TD,NW,B,B,100,1005,1.00,S,25,NaN,
2022011406,06p.2022,TIFFANY,TY,NN,-16.3,125.9,25,999,253,5,253,5,NaN,NaN,NaN,NaN,NaN,NaN,NaN,NaN,NaN,NaN,TD,NW,B,B,100,1002,1.00,S,25,NaN,
2022011412,06p.2022,TIFFANY,TY,NN,-16.7,125.8,25,998,213,4,213,4,NaN,NaN,NaN,NaN,NaN,NaN,NaN,NaN,NaN,NaN,TD,NW,B,B,100,1002,1.00,NaN,25,NaN,
2022011418,06p.2022,TIFFANY,TY,NN,-17.1,125.4,25,999,211,5,211,5,NaN,NaN,NaN,NaN,NaN,NaN,NaN,NaN,NaN,NaN,TD,NW,B,B,100,1002,1.00,S,25,NaN,
2022011500,06p.2022,TIFFANY,TY,NN,-17.5,125.0,25,997,224,6,224,6,NaN,NaN,NaN,NaN,NaN,NaN,NaN,NaN,NaN,NaN,TD,NW,B,B,100,1001,1.00,S,25,NaN,
2022011506,06p.2022,TIFFANY,TY,NN,-18.1,124.5,25,1004,221,7,221,7,NaN,NaN,NaN,NaN,NaN,NaN,NaN,NaN,NaN,NaN,TD,NW,B,B,100,1001,1.00,NaN,25,NaN,
2022011512,06p.2022,TIFFANY,TY,NN,-18.8,124.1,25,1004,213,8,213,8,NaN,NaN,NaN,NaN,NaN,NaN,NaN,NaN,NaN,NaN,TD,NW,B,B,100,1001,1.00,NaN,25,NaN,
2022011818,c3s.2022,9X-C3S,TS,NN,-12.5,58.8,15,1009,270,3,304,5,NaN,NaN,NaN,NaN,NaN,NaN,NaN,NaN,NaN,NaN,DB,NW,b,b,NaN,NaN,NaN,NaN,NaN,NaN,
2022011900,c3s.2022,9X-C3S,TS,NN,-11.8,57.2,15,1009,110,7,304,5,NaN,NaN,NaN,NaN,NaN,NaN,NaN,NaN,NaN,NaN,DB,NW,B,B,NaN,NaN,NaN,NaN,NaN,NaN,
2022011906,c3s.2022,9X-C3S,TS,NN,-11.9,57.9,15,1009,110,7,304,5,NaN,NaN,NaN,NaN,NaN,NaN,NaN,NaN,NaN,NaN,DB,NW,B,B,NaN,NaN,NaN,NaN,NaN,NaN,
2022011912,c3s.2022,9X-C3S,TS,NN,-12.3,58.6,15,1010,110,7,110,7,NaN,NaN,NaN,NaN,NaN,NaN,NaN,NaN,NaN,NaN,DB,NW,B,B,NaN,NaN,NaN,NaN,NaN,NaN,
2022011918,c3s.2022,9X-C3S,TS,NN,-12.8,59.0,20,1008,130,7,130,7,NaN,NaN,NaN,NaN,NaN,NaN,NaN,NaN,NaN,NaN,DB,NW,B,B,NaN,NaN,NaN,NaN,NaN,NaN,
2022012000,c3s.2022,9X-C3S,TS,NN,-13.5,59.1,20,1007,158,6,158,6,NaN,NaN,NaN,NaN,NaN,NaN,NaN,NaN,NaN,NaN,DB,NW,B,B,NaN,NaN,NaN,NaN,NaN,NaN,
2022012006,c3s.2022,9X-C3S,TS,NN,-14.1,58.7,25,1006,193,7,193,7,NaN,NaN,NaN,NaN,NaN,NaN,NaN,NaN,NaN,NaN,TD,NW,B,B,170,1008,NaN,NaN,30,NaN,
2022012012,c3s.2022,9X-C3S,TS,NN,-14.6,58.8,25,1005,195,6,195,6,NaN,NaN,NaN,NaN,NaN,NaN,NaN,NaN,NaN,NaN,TD,NW,B,B,170,1008,NaN,NaN,30,NaN,
2022012018,c3s.2022,9X-C3S,TS,NN,-14.9,58.7,30,1003,180,4,180,4,NaN,NaN,NaN,NaN,NaN,NaN,NaN,NaN,NaN,NaN,TD,NW,B,B,120,1008,NaN,S,45,NaN,
2022012100,c3s.2022,9X-C3S,TS,NN,-15.4,58.0,30,1003,224,6,224,6,NaN,NaN,NaN,NaN,NaN,NaN,NaN,NaN,NaN,NaN,TD,NW,B,B,120,1008,NaN,S,45,NaN,
2022012106,c3s.2022,9X-C3S,TS,NN,-15.8,57.5,30,1003,232,7,232,7,NaN,NaN,NaN,NaN,NaN,NaN,NaN,NaN,NaN,NaN,TD,NW,B,B,120,1008,NaN,S,45,NaN,
2022012112,c3s.2022,9X-C3S,TS,NN,-16.4,56.6,30,1004,233,8,233,8,NaN,NaN,NaN,NaN,NaN,NaN,NaN,NaN,NaN,NaN,TD,NW,B,B,120,1010,NaN,S,45,NaN,
2022012118,c3s.2022,9X-C3S,TS,NN,-17.0,54.6,30,1004,247,15,247,15,NaN,NaN,NaN,NaN,NaN,NaN,NaN,NaN,NaN,NaN,TD,NW,B,B,120,1010,NaN,S,40,NaN,
2022012200,c3s.2022,9X-C3S,TS,NN,-17.5,52.5,30,1004,254,20,254,20,NaN,NaN,NaN,NaN,NaN,NaN,NaN,NaN,NaN,NaN,TD,NW,B,B,120,1009,NaN,S,40,NaN,
2022012206,c3s.2022,9X-C3S,TS,NN,-17.8,50.4,30,1004,259,20,259,20,NaN,NaN,NaN,NaN,NaN,NaN,NaN,NaN,NaN,NaN,TD,NW,B,B,120,1009,NaN,S,50,NaN,
2022012212,c3s.2022,9X-C3S,TS,NN,-17.5,48.4,30,1003,270,20,270,20,NaN,NaN,NaN,NaN,NaN,NaN,NaN,NaN,NaN,NaN,TD,NW,B,B,120,1009,0.94,S,50,NaN,
2022012218,c3s.2022,9X-C3S,TS,NN,-17.2,46.9,25,1003,280,17,280,17,NaN,NaN,NaN,NaN,NaN,NaN,NaN,NaN,NaN,NaN,TD,NW,B,B,120,1009,0.95,S,50,NaN,
2022012300,c3s.2022,9X-C3S,TS,NN,-16.4,45.9,25,1003,295,13,295,13,NaN,NaN,NaN,NaN,NaN,NaN,NaN,NaN,NaN,NaN,TD,NW,B,B,130,1006,0.96,S,50,NaN,
2022012306,c3s.2022,9X-C3S,TS,NN,-15.8,45.2,30,1003,311,11,311,11,NaN,NaN,NaN,NaN,NaN,NaN,NaN,NaN,NaN,NaN,TD,NW,B,B,140,1007,0.38,S,45,NaN,
2022012312,07s.2022,ANA,TS,NN,-15.7,44.4,35,1002,296,8,296,8,78,45,45,120,100,NaN,NaN,NaN,NaN,NaN,TS,WN,B,B,140,1007,NaN,S,40,SJB,
2022012318,07s.2022,ANA,TS,NN,-15.8,43.3,40,998,270,9,270,9,104,60,135,120,100,NaN,NaN,NaN,NaN,NaN,TS,WN,B,B,165,1006,NaN,M,40,NaN,
2022012400,07s.2022,ANA,TS,NN,-16.1,42.1,45,996,260,11,260,11,114,120,125,105,105,NaN,NaN,NaN,NaN,NaN,TS,WN,B,B,165,1006,NaN,M,30,BCH,
2022012406,07s.2022,ANA,TS,NN,-16.2,40.5,50,993,262,14,262,14,114,120,125,105,105,35,35,35,105,35,TS,WN,B,B,165,1006,0.17,D,25,NaN,
2022012412,07s.2022,ANA,TS,NN,-16.3,38.8,45,996,266,16,266,16,125,140,150,125,85,NaN,NaN,NaN,NaN,NaN,TS,WN,B,B,165,1006,0.87,D,25,SJB,
2022012418,07s.2022,ANA,TS,NN,-16.7,37.3,25,1004,261,16,261,16,NaN,NaN,NaN,NaN,NaN,NaN,NaN,NaN,NaN,NaN,TD,NW,B,B,165,1006,0.95,NaN,25,NaN,
2022012500,07s.2022,ANA,TS,NN,-16.7,35.1,20,1005,264,18,264,18,NaN,NaN,NaN,NaN,NaN,NaN,NaN,NaN,NaN,NaN,DB,NW,B,B,165,1007,0.95,NaN,25,NaN,
2022012506,07s.2022,ANA,TS,NN,-16.7,33.5,20,1005,270,18,270,18,NaN,NaN,NaN,NaN,NaN,NaN,NaN,NaN,NaN,NaN,DB,NW,B,B,120,1007,0.97,NaN,25,NaN,
2022012512,07s.2022,ANA,TS,NN,-17.0,32.1,20,1005,264,14,264,14,NaN,NaN,NaN,NaN,NaN,NaN,NaN,NaN,NaN,NaN,DB,NW,B,B,120,1007,0.98,NaN,25,NaN,
2022012206,b6s.2022,9X-B6S,TY,NN,-7.8,82.6,15,1010,92,12,92,12,NaN,NaN,NaN,NaN,NaN,NaN,NaN,NaN,NaN,NaN,DB,NW,b,b,NaN,NaN,NaN,NaN,NaN,NaN,
2022012212,b6s.2022,9X-B6S,TY,NN,-7.8,83.8,15,1004,92,12,92,12,NaN,NaN,NaN,NaN,NaN,NaN,NaN,NaN,NaN,NaN,DB,NW,b,b,NaN,NaN,NaN,NaN,NaN,NaN,
2022012218,b6s.2022,9X-B6S,TY,NN,-7.9,85.0,15,1004,92,12,92,12,NaN,NaN,NaN,NaN,NaN,NaN,NaN,NaN,NaN,NaN,DB,NW,b,b,NaN,NaN,NaN,NaN,NaN,NaN,
2022012300,b6s.2022,9X-B6S,TY,NN,-8.2,87.0,18,1004,92,12,95,15,NaN,NaN,NaN,NaN,NaN,NaN,NaN,NaN,NaN,NaN,DB,NW,b,b,130,1007,NaN,NaN,NaN,NaN,
2022012306,b6s.2022,9X-B6S,TY,NN,-8.5,89.1,20,1005,98,21,98,18,NaN,NaN,NaN,NaN,NaN,NaN,NaN,NaN,NaN,NaN,DB,NW,b,b,130,1007,NaN,NaN,50,NaN,
2022012312,b6s.2022,9X-B6S,TY,NN,-9.3,88.5,20,NaN,118,14,112,12,NaN,NaN,NaN,NaN,NaN,NaN,NaN,NaN,NaN,NaN,NT,NW,c,c,NaN,NaN,NaN,NaN,NaN,NaN,
2022012318,b6s.2022,9X-B6S,TY,NN,-8.3,88.3,20,1006,128,8,284,4,NaN,NaN,NaN,NaN,NaN,NaN,NaN,NaN,NaN,NaN,DB,NW,B,B,160,1009,NaN,NaN,50,NaN,
2022012400,b6s.2022,9X-B6S,TY,NN,-8.8,89.0,20,1005,128,8,45,4,NaN,NaN,NaN,NaN,NaN,NaN,NaN,NaN,NaN,NaN,DB,NW,B,B,165,1007,NaN,S,50,NaN,
2022012406,b6s.2022,9X-B6S,TY,NN,-9.3,89.6,20,1005,128,8,128,8,NaN,NaN,NaN,NaN,NaN,NaN,NaN,NaN,NaN,NaN,DB,NW,B,B,165,1007,NaN,S,50,NaN,
2022012412,b6s.2022,9X-B6S,TY,NN,-9.8,89.8,20,1004,142,6,142,6,NaN,NaN,NaN,NaN,NaN,NaN,NaN,NaN,NaN,NaN,DB,NW,B,B,165,1007,NaN,S,50,NaN,
2022012418,b6s.2022,9X-B6S,TY,NN,-10.3,90.1,25,1002,154,6,154,6,NaN,NaN,NaN,NaN,NaN,NaN,NaN,NaN,NaN,NaN,TD,NW,B,B,165,1007,NaN,S,70,NaN,
2022012500,b6s.2022,9X-B6S,TY,NN,-11.0,90.4,25,1002,154,7,154,7,NaN,NaN,NaN,NaN,NaN,NaN,NaN,NaN,NaN,NaN,TD,NW,B,B,150,1006,NaN,S,70,NaN,
2022012506,b6s.2022,9X-B6S,TY,NN,-11.5,90.7,20,1003,154,7,154,7,NaN,NaN,NaN,NaN,NaN,NaN,NaN,NaN,NaN,NaN,DB,NW,B,B,100,1007,NaN,S,45,NaN,
2022012512,b6s.2022,9X-B6S,TY,NN,-12.2,90.9,20,1003,158,6,158,6,NaN,NaN,NaN,NaN,NaN,NaN,NaN,NaN,NaN,NaN,DB,NW,B,B,100,1007,NaN,S,45,NaN,
2022012518,b6s.2022,9X-B6S,TY,NN,-13.2,90.6,20,1005,183,9,183,9,NaN,NaN,NaN,NaN,NaN,NaN,NaN,NaN,NaN,NaN,DB,NW,B,B,150,1007,NaN,S,50,NaN,
2022012600,b6s.2022,9X-B6S,TY,NN,-14.2,89.6,25,1005,212,12,212,12,NaN,NaN,NaN,NaN,NaN,NaN,NaN,NaN,NaN,NaN,TD,NW,B,B,155,1007,NaN,S,50,NaN,
2022012606,b6s.2022,9X-B6S,TY,NN,-14.4,88.1,30,1000,244,14,244,14,NaN,NaN,NaN,NaN,NaN,NaN,NaN,NaN,NaN,NaN,TD,NW,B,B,150,1007,NaN,S,30,NaN,
2022012612,b6s.2022,9X-B6S,TY,NN,-15.0,86.6,30,1000,255,15,255,15,NaN,NaN,NaN,NaN,NaN,NaN,NaN,NaN,NaN,NaN,TD,NW,B,B,130,1005,NaN,S,30,NaN,
2022012618,b6s.2022,9X-B6S,TY,NN,-15.7,85.2,30,1000,245,15,245,15,NaN,NaN,NaN,NaN,NaN,NaN,NaN,NaN,NaN,NaN,TD,NW,B,B,130,1006,NaN,S,30,NaN,
2022012700,08s.2022,BATSIRAI,TY,NN,-16.4,83.7,35,1001,243,16,243,16,59,80,70,60,25,NaN,NaN,NaN,NaN,NaN,TS,WN,B,B,130,1004,NaN,M,20,BCH,
2022012706,08s.2022,BATSIRAI,TY,NN,-16.9,81.9,45,997,249,17,249,17,68,95,70,40,,NaN,NaN,NaN,NaN,NaN,TS,WN,B,B,130,1005,NaN,D,15,NaN,
2022012712,08s.2022,BATSIRAI,TY,NN,-18.0,79.6,90,970,248,21,248,21,68,70,75,65,60,30,30,30,65,30,TY,WN,B,B,130,1005,NaN,D,7,SJB,
2022012718,08s.2022,BATSIRAI,TY,NN,-18.5,77.7,65,987,248,22,248,22,65,70,75,60,55,32,30,45,60,20,TY,WN,B,B,130,1005,NaN,D,10,NaN,
2022012800,08s.2022,BATSIRAI,TY,NN,-18.4,76.1,50,995,263,17,263,17,60,50,60,65,65,20,15,30,65,15,TS,WN,B,B,120,1004,NaN,D,10,NaN,
2022012806,08s.2022,BATSIRAI,TY,NN,-18.3,74.7,45,997,274,14,274,14,50,40,60,60,40,NaN,NaN,NaN,NaN,NaN,TS,WN,B,B,120,1004,NaN,D,15,NaN,
2022012812,08s.2022,BATSIRAI,TY,NN,-18.3,73.4,45,997,272,13,272,13,55,45,65,65,45,NaN,NaN,NaN,NaN,NaN,TS,WN,B,B,120,1005,NaN,D,20,SJB,
2022012818,08s.2022,BATSIRAI,TY,NN,-18.3,72.4,50,996,270,11,270,11,28,15,35,45,15,NaN,NaN,NaN,NaN,NaN,TS,WN,B,B,130,1006,NaN,D,20,NaN,
2022012900,08s.2022,BATSIRAI,TY,NN,-18.2,71.6,55,992,273,9,273,9,45,40,70,35,35,9,5,10,35,5,TS,WN,B,B,85,1005,NaN,D,5,TR,
2022012906,08s.2022,BATSIRAI,TY,NN,-18.1,70.7,65,986,277,8,277,8,29,25,30,35,25,20,15,25,35,,TY,WN,B,B,85,1005,NaN,D,5,NaN,
2022012912,08s.2022,BATSIRAI,TY,NN,-18.0,69.9,70,985,277,8,277,8,38,35,40,45,30,25,20,30,45,20,TY,WN,B,B,90,1005,NaN,D,5,RCB,
2022012918,08s.2022,BATSIRAI,TY,NN,-17.8,69.1,80,975,281,8,281,8,38,15,45,50,40,16,10,20,50,10,TY,WN,B,B,85,1005,NaN,D,5,NaN,
2022013000,08s.2022,BATSIRAI,TY,NN,-17.5,68.1,95,960,286,9,286,9,62,35,70,70,75,25,10,10,70,45,TY,WN,B,B,125,1002,NaN,D,5,NaN,
2022013006,08s.2022,BATSIRAI,TY,NN,-17.1,67.1,100,956,290,10,290,10,79,65,90,90,70,36,25,45,90,30,TY,WN,B,B,125,1002,NaN,D,5,NaN,
2022013012,08s.2022,BATSIRAI,TY,NN,-16.7,66.1,100,957,293,10,293,10,52,45,55,60,50,39,35,40,60,35,TY,WN,B,B,180,1002,NaN,D,5,RCB,
2022013018,08s.2022,BATSIRAI,TY,NN,-16.5,65.2,100,957,288,10,288,10,70,65,70,75,70,45,45,40,75,50,TY,WN,B,B,210,1002,NaN,D,10,NaN,
2022013100,08s.2022,BATSIRAI,TY,NN,-16.3,64.6,95,962,286,7,286,7,85,80,85,90,85,45,40,45,90,50,TY,WN,B,B,220,1004,NaN,D,15,MEK,
2022013106,08s.2022,BATSIRAI,TY,NN,-15.9,63.8,85,970,294,7,294,7,61,45,55,80,65,45,30,50,80,45,TY,WN,B,B,220,1004,NaN,D,15,NaN,
2022013112,08s.2022,BATSIRAI,TY,NN,-15.9,63.2,80,973,287,7,287,7,65,40,55,105,60,48,30,50,105,40,TY,WN,B,B,210,1004,NaN,D,10,RCB,
2022013118,08s.2022,BATSIRAI,TY,NN,-16.0,62.9,75,976,263,4,263,4,90,90,85,110,75,41,50,35,110,40,TY,WN,B,B,250,1004,NaN,D,10,NaN,
2022020100,08s.2022,BATSIRAI,TY,NN,-16.4,62.3,80,971,240,5,240,5,90,90,85,110,75,49,50,60,110,40,TY,WN,B,B,275,1003,NaN,D,10,BCH,
2022020106,08s.2022,BATSIRAI,TY,NN,-16.8,61.0,85,967,246,10,246,10,114,125,120,120,90,42,40,45,120,40,TY,WN,B,B,210,1004,NaN,D,20,NaN,
2022020112,08s.2022,BATSIRAI,TY,NN,-17.2,60.1,90,964,249,11,249,11,114,125,120,120,90,42,40,45,120,40,TY,WN,B,B,230,1003,NaN,D,15,SJB,
2022020118,08s.2022,BATSIRAI,TY,NN,-17.5,59.1,95,965,249,10,249,10,105,110,130,100,80,44,40,50,100,40,TY,WN,B,B,230,1007,NaN,D,15,NaN,
2022020200,08s.2022,BATSIRAI,TY,NN,-18.1,58.3,120,940,242,10,242,10,148,140,170,160,120,66,60,80,160,55,TY,WN,B,B,240,1006,NaN,D,12,BCH,
2022020206,08s.2022,BATSIRAI,TY,NN,-18.5,57.6,125,933,235,9,235,9,145,135,160,155,130,80,75,90,155,70,TY,WN,B,B,240,1005,NaN,D,5,NaN,
2022020212,08s.2022,BATSIRAI,TY,NN,-18.8,56.8,125,932,244,8,244,8,161,155,160,185,145,90,85,90,185,80,TY,WN,B,B,240,1004,NaN,D,5,SJB,
2022020218,08s.2022,BATSIRAI,TY,NN,-18.9,56.2,120,936,253,7,253,7,156,140,170,180,135,85,75,95,180,70,TY,WN,B,B,240,1004,NaN,D,12,NaN,
2022020300,08s.2022,BATSIRAI,TY,NN,-19.0,55.7,115,940,259,5,259,5,148,135,165,160,130,82,75,95,160,70,TY,WN,B,B,230,1004,NaN,D,15,TR,
2022020306,08s.2022,BATSIRAI,TY,NN,-19.1,55.3,115,940,257,4,257,4,120,105,130,150,95,49,65,45,150,35,TY,WN,B,B,230,1004,NaN,D,10,NaN,
2022020312,08s.2022,BATSIRAI,TY,NN,-19.2,54.9,115,938,255,4,255,4,122,110,130,150,100,54,70,55,150,40,TY,WN,B,B,250,1005,NaN,D,15,RCB,
2022020318,08s.2022,BATSIRAI,TY,NN,-19.3,54.5,105,950,255,4,255,4,150,135,155,165,145,82,75,85,165,80,TY,WN,B,B,250,1005,NaN,D,20,TR,
2022020400,08s.2022,BATSIRAI,TY,NN,-19.4,53.9,105,950,258,5,258,5,166,145,195,170,155,92,80,110,170,85,TY,WN,B,B,250,1005,NaN,D,20,TR,
2022020406,08s.2022,BATSIRAI,TY,NN,-19.4,53.0,115,941,266,7,266,7,142,120,190,160,100,59,50,90,160,30,TY,WN,B,B,255,1005,NaN,D,20,NaN,
2022020412,08s.2022,BATSIRAI,TY,NN,-19.4,52.6,115,940,270,6,270,6,144,125,185,160,105,68,60,95,160,50,TY,WN,B,B,265,1005,NaN,D,20,RCB,
2022020418,08s.2022,BATSIRAI,TY,NN,-19.6,52.1,105,950,257,4,257,4,141,130,150,125,160,92,70,105,125,100,TY,WN,B,B,220,1005,NaN,D,22,NaN,
2022020500,08s.2022,BATSIRAI,TY,NN,-19.9,51.3,100,954,248,7,248,7,166,150,195,165,155,92,85,110,165,85,TY,WN,B,B,220,1005,NaN,D,17,NaN,
2022020506,08s.2022,BATSIRAI,TY,NN,-20.4,50.5,100,954,242,9,242,9,165,160,180,180,140,91,90,100,180,75,TY,WN,B,B,220,1004,NaN,D,17,NaN,
2022020512,08s.2022,BATSIRAI,TY,NN,-20.7,49.3,100,953,247,10,247,10,158,160,195,160,115,91,90,125,160,60,TY,WN,B,B,220,1004,NaN,D,17,SJB,
2022020518,08s.2022,BATSIRAI,TY,NN,-21.0,48.3,100,953,254,11,254,11,152,155,190,155,110,80,85,100,155,55,TY,WN,B,B,200,1003,0.41,D,5,NaN,
2022020600,08s.2022,BATSIRAI,TY,NN,-21.3,46.9,60,980,255,12,255,12,151,165,180,150,110,82,90,100,150,55,TS,WN,B,B,175,1001,0.99,D,15,BCH,
2022020606,08s.2022,BATSIRAI,TY,NN,-22.2,45.2,55,983,247,16,247,16,145,160,185,140,95,79,90,105,140,45,TS,WN,B,B,175,1001,0.97,D,20,NaN,
2022020612,08s.2022,BATSIRAI,TY,NN,-22.8,44.4,50,985,237,14,237,14,144,140,180,160,95,76,75,100,160,45,TS,WN,B,B,175,1001,0.99,D,20,SJB,
2022020618,08s.2022,BATSIRAI,TY,NN,-23.1,43.3,40,995,243,10,243,10,126,120,170,140,75,NaN,NaN,NaN,NaN,NaN,TS,WN,B,B,175,1005,0.51,D,30,NaN,
2022020700,08s.2022,BATSIRAI,TY,NN,-23.1,42.2,40,995,262,10,262,10,135,,175,170,60,NaN,NaN,NaN,NaN,NaN,TS,WN,B,B,215,1006,NaN,D,45,BCH,
2022020706,08s.2022,BATSIRAI,TY,NN,-23.7,42.0,40,993,243,7,243,7,146,110,195,155,125,NaN,NaN,NaN,NaN,NaN,TS,WN,B,B,215,1006,NaN,M,45,NaN,
2022020712,08s.2022,BATSIRAI,TY,NN,-24.6,41.8,40,992,194,8,194,8,149,105,210,140,140,NaN,NaN,NaN,NaN,NaN,TS,WN,B,B,215,1006,NaN,M,45,SJB,
2022020718,08s.2022,BATSIRAI,TY,NN,-25.6,41.6,50,984,191,10,191,10,177,115,230,185,,NaN,NaN,NaN,NaN,NaN,TS,WN,B,B,185,1006,NaN,M,45,NaN,
2022020800,08s.2022,BATSIRAI,TY,NN,-26.2,41.7,50,988,183,8,183,8,115,50,170,115,125,70,,,115,70,TS,WN,B,B,185,1006,NaN,M,70,TR,
2022020806,08s.2022,BATSIRAI,TY,NN,-26.8,41.7,40,989,176,6,176,6,179,200,245,160,110,NaN,NaN,NaN,NaN,NaN,TS,WN,B,B,185,1006,NaN,M,70,NaN,
2022020812,08s.2022,BATSIRAI,TY,NN,-28.3,41.8,35,992,178,11,178,11,156,155,205,150,115,NaN,NaN,NaN,NaN,NaN,TS,WN,B,B,185,1006,NaN,M,110,RCB,
2022020818,08s.2022,BATSIRAI,TY,NN,-30.4,42.3,35,996,172,18,172,18,175,175,,,,NaN,NaN,NaN,NaN,NaN,TS,NW,B,B,185,1006,NaN,NaN,110,NaN,
2022012900,b8p.2022,9X-B8P,TS,NN,-13.9,144.6,15,1010,90,7,90,7,NaN,NaN,NaN,NaN,NaN,NaN,NaN,NaN,NaN,NaN,DB,NW,b,b,NaN,NaN,0.12,NaN,NaN,NaN,
2022012906,b8p.2022,9X-B8P,TS,NN,-14.0,145.5,15,1010,90,7,90,7,NaN,NaN,NaN,NaN,NaN,NaN,NaN,NaN,NaN,NaN,DB,NW,b,b,NaN,NaN,NaN,NaN,NaN,NaN,
2022012912,b8p.2022,9X-B8P,TS,NN,-13.9,146.1,15,1010,90,7,90,7,NaN,NaN,NaN,NaN,NaN,NaN,NaN,NaN,NaN,NaN,DB,NW,b,b,NaN,NaN,NaN,NaN,NaN,NaN,
2022012918,b8p.2022,9X-B8P,TS,NN,-14.1,147.4,15,1010,78,5,93,9,NaN,NaN,NaN,NaN,NaN,NaN,NaN,NaN,NaN,NaN,DB,NW,B,B,NaN,NaN,NaN,NaN,NaN,NaN,
2022013000,b8p.2022,9X-B8P,TS,NN,-14.0,147.9,15,1010,78,5,93,9,NaN,NaN,NaN,NaN,NaN,NaN,NaN,NaN,NaN,NaN,DB,NW,B,B,NaN,NaN,NaN,NaN,NaN,NaN,
2022013006,b8p.2022,9X-B8P,TS,NN,-13.9,148.4,20,1004,78,5,78,5,NaN,NaN,NaN,NaN,NaN,NaN,NaN,NaN,NaN,NaN,DB,NW,B,B,95,1006,NaN,NaN,25,NaN,
2022013012,b8p.2022,9X-B8P,TS,NN,-13.9,149.1,25,1004,85,6,85,6,NaN,NaN,NaN,NaN,NaN,NaN,NaN,NaN,NaN,NaN,TD,NW,B,B,105,1006,NaN,NaN,20,NaN,
2022013018,b8p.2022,9X-B8P,TS,NN,-14.1,149.9,25,1004,98,7,98,7,NaN,NaN,NaN,NaN,NaN,NaN,NaN,NaN,NaN,NaN,TD,NW,B,B,105,1006,NaN,NaN,20,NaN,
2022013100,b8p.2022,9X-B8P,TS,NN,-14.1,150.5,25,1004,98,7,98,7,NaN,NaN,NaN,NaN,NaN,NaN,NaN,NaN,NaN,NaN,TD,NW,B,B,105,1006,NaN,NaN,20,NaN,
2022013106,b8p.2022,9X-B8P,TS,NN,-14.1,150.9,30,1002,90,5,90,5,NaN,NaN,NaN,NaN,NaN,NaN,NaN,NaN,NaN,NaN,TD,NW,B,B,105,1006,NaN,S,20,NaN,
2022013112,b8p.2022,9X-B8P,TS,NN,-14.5,151.4,30,1002,115,5,115,5,NaN,NaN,NaN,NaN,NaN,NaN,NaN,NaN,NaN,NaN,TD,NW,B,B,110,1006,NaN,S,45,NaN,
2022013118,09p.2022,NINE,TS,NN,-14.8,152.0,35,1002,123,6,123,6,52,50,,,55,NaN,NaN,NaN,NaN,NaN,TS,WN,B,B,110,1006,NaN,S,45,BCH,
2022020100,09p.2022,NINE,TS,NN,-15.0,152.6,35,1000,113,6,113,6,60,55,,,65,NaN,NaN,NaN,NaN,NaN,TS,WN,B,B,125,1005,NaN,S,30,BCH,
2022020106,09p.2022,NINE,TS,NN,-15.0,153.0,35,1000,102,5,102,5,60,55,,,65,NaN,NaN,NaN,NaN,NaN,TS,WN,B,B,125,1005,NaN,S,30,SJB,
2022020112,09p.2022,NINE,TS,NN,-15.0,153.4,35,1000,90,4,90,4,42,45,,,40,NaN,NaN,NaN,NaN,NaN,TS,WN,B,B,140,1005,NaN,S,35,SJB,
2022020118,09p.2022,NINE,TS,NN,-15.0,153.7,30,1001,90,3,90,3,NaN,NaN,NaN,NaN,NaN,NaN,NaN,NaN,NaN,NaN,TD,WN,B,B,145,1003,NaN,S,35,BCH,
2022020200,09p.2022,NINE,TS,NN,-15.0,154.2,30,999,90,4,90,4,NaN,NaN,NaN,NaN,NaN,NaN,NaN,NaN,NaN,NaN,TD,WN,B,B,130,1004,NaN,S,35,BCH,
2022020206,09p.2022,NINE,TS,NN,-15.2,154.9,30,997,100,6,100,6,NaN,NaN,NaN,NaN,NaN,NaN,NaN,NaN,NaN,NaN,TD,WN,B,B,110,1002,NaN,S,35,SJB,
2022020212,09p.2022,NINE,TS,NN,-15.6,155.7,25,1000,113,8,113,8,NaN,NaN,NaN,NaN,NaN,NaN,NaN,NaN,NaN,NaN,TD,WN,B,B,110,1002,NaN,S,35,SJB,
2022020218,09p.2022,NINE,TS,NN,-16.1,157.2,20,1000,112,12,112,12,NaN,NaN,NaN,NaN,NaN,NaN,NaN,NaN,NaN,NaN,DB,WN,B,B,110,1002,NaN,S,35,TR,
2022020300,09p.2022,NINE,TS,NN,-16.7,158.2,15,1002,115,13,115,13,NaN,NaN,NaN,NaN,NaN,NaN,NaN,NaN,NaN,NaN,DB,WN,B,B,100,1002,NaN,S,35,NaN,
2022020306,09p.2022,NINE,TS,NN,-17.0,158.9,20,1002,119,9,119,9,NaN,NaN,NaN,NaN,NaN,NaN,NaN,NaN,NaN,NaN,DB,WN,B,B,90,1002,NaN,S,35,RCB,
2022020312,09p.2022,NINE,TS,NN,-17.6,160.0,20,1001,118,10,118,10,NaN,NaN,NaN,NaN,NaN,NaN,NaN,NaN,NaN,NaN,DB,WN,B,B,85,1001,NaN,S,35,RCB,
2022020318,09p.2022,NINE,TS,NN,-18.2,161.4,20,1000,117,13,117,13,NaN,NaN,NaN,NaN,NaN,NaN,NaN,NaN,NaN,NaN,DB,WN,B,B,115,1002,NaN,S,35,TR,
2022020400,09p.2022,NINE,TS,NN,-19.5,163.1,20,1002,123,17,123,17,NaN,NaN,NaN,NaN,NaN,NaN,NaN,NaN,NaN,NaN,DB,NW,B,B,115,1002,NaN,NaN,35,NaN,
2022013118,b0s.2022,9X-B0S,TS,NN,-22.1,77.2,25,1004,347,2,347,2,NaN,NaN,NaN,NaN,NaN,NaN,NaN,NaN,NaN,NaN,TD,NW,b,b,130,1006,NaN,NaN,40,NaN,
2022020100,b0s.2022,9X-B0S,TS,NN,-22.1,76.6,25,NaN,263,4,347,2,NaN,NaN,NaN,NaN,NaN,NaN,NaN,NaN,NaN,NaN,TW,NW,c,c,NaN,NaN,NaN,NaN,NaN,NaN,
2022020106,b0s.2022,9X-B0S,TS,NN,-21.7,77.1,25,NaN,347,2,347,2,NaN,NaN,NaN,NaN,NaN,NaN,NaN,NaN,NaN,NaN,TW,NW,c,c,NaN,NaN,NaN,NaN,NaN,NaN,
2022020112,b0s.2022,9X-B0S,TS,NN,-21.0,77.6,25,NaN,33,6,40,7,NaN,NaN,NaN,NaN,NaN,NaN,NaN,NaN,NaN,NaN,TW,NW,c,c,NaN,NaN,NaN,NaN,NaN,NaN,
2022020118,b0s.2022,9X-B0S,TS,NN,-20.1,77.8,25,NaN,14,8,22,9,NaN,NaN,NaN,NaN,NaN,NaN,NaN,NaN,NaN,NaN,TW,NW,c,c,NaN,NaN,NaN,NaN,NaN,NaN,
2022020200,b0s.2022,9X-B0S,TS,NN,-19.6,78.7,25,NaN,36,9,36,9,NaN,NaN,NaN,NaN,NaN,NaN,NaN,NaN,NaN,NaN,TW,NW,c,c,NaN,NaN,NaN,NaN,NaN,NaN,
2022020206,b0s.2022,9X-B0S,TS,NN,-16.8,80.6,25,1001,49,8,39,21,NaN,NaN,NaN,NaN,NaN,NaN,NaN,NaN,NaN,NaN,TD,NW,B,B,95,1004,NaN,S,40,NaN,
2022020212,b0s.2022,9X-B0S,TS,NN,-16.1,81.2,25,1001,49,8,34,21,NaN,NaN,NaN,NaN,NaN,NaN,NaN,NaN,NaN,NaN,TD,NW,B,B,95,1004,NaN,S,40,NaN,
2022020218,b0s.2022,9X-B0S,TS,NN,-15.7,81.9,25,1002,49,8,49,8,NaN,NaN,NaN,NaN,NaN,NaN,NaN,NaN,NaN,NaN,TD,NW,B,B,95,1004,NaN,S,40,NaN,
2022020300,b0s.2022,9X-B0S,TS,NN,-15.6,83.0,25,1002,74,9,74,9,NaN,NaN,NaN,NaN,NaN,NaN,NaN,NaN,NaN,NaN,TD,NW,B,B,95,1004,NaN,S,40,NaN,
2022020306,b0s.2022,9X-B0S,TS,NN,-16.0,83.3,25,1002,103,7,103,7,NaN,NaN,NaN,NaN,NaN,NaN,NaN,NaN,NaN,NaN,TD,NW,B,B,100,1004,NaN,S,55,NaN,
2022020312,b0s.2022,9X-B0S,TS,NN,-16.2,83.5,25,1002,141,4,141,4,NaN,NaN,NaN,NaN,NaN,NaN,NaN,NaN,NaN,NaN,TD,NW,B,B,100,1004,NaN,S,55,NaN,
2022020318,b0s.2022,9X-B0S,TS,NN,-16.5,83.6,30,999,150,3,150,3,NaN,NaN,NaN,NaN,NaN,NaN,NaN,NaN,NaN,NaN,TD,NW,B,B,100,1004,NaN,S,80,NaN,
2022020400,b0s.2022,9X-B0S,TS,NN,-17.2,83.6,30,996,175,5,175,5,NaN,NaN,NaN,NaN,NaN,NaN,NaN,NaN,NaN,NaN,TD,NW,B,B,130,1001,NaN,S,65,NaN,
2022020406,10s.2022,CLIFF,TS,NN,-17.9,84.0,40,997,165,7,165,7,38,,50,45,20,NaN,NaN,NaN,NaN,NaN,TS,WN,B,B,210,1004,NaN,M,50,RCB,
2022020412,10s.2022,CLIFF,TS,NN,-18.2,83.8,45,995,169,5,169,5,51,55,60,65,25,NaN,NaN,NaN,NaN,NaN,TS,WN,B,B,210,1004,NaN,M,40,NaN,
2022020418,10s.2022,CLIFF,TS,NN,-18.6,83.7,45,992,202,4,202,4,165,,230,100,,NaN,NaN,NaN,NaN,NaN,TS,WN,B,B,250,1006,NaN,M,40,LPC,
2022020500,10s.2022,CLIFF,TS,NN,-19.0,83.7,40,996,187,4,187,4,112,125,155,90,80,NaN,NaN,NaN,NaN,NaN,TS,WN,B,B,250,1006,NaN,M,40,NaN,
2022020506,10s.2022,CLIFF,TS,NN,-19.4,83.7,40,997,180,4,180,4,75,30,120,120,30,NaN,NaN,NaN,NaN,NaN,TS,WN,B,B,250,1006,NaN,M,40,SJB,
2022020512,10s.2022,CLIFF,TS,NN,-20.7,83.8,35,996,177,9,177,9,198,,185,210,,NaN,NaN,NaN,NaN,NaN,TS,WN,B,B,200,1003,NaN,S,40,NaN,
2022020518,10s.2022,CLIFF,TS,NN,-21.1,82.6,35,999,211,10,211,10,110,,95,125,,NaN,NaN,NaN,NaN,NaN,TS,WN,B,B,190,1006,NaN,S,40,BCH,
2022020600,10s.2022,CLIFF,TS,NN,-21.7,81.3,35,998,247,13,247,13,120,,160,80,,NaN,NaN,NaN,NaN,NaN,TS,WN,B,B,170,1005,NaN,S,50,NaN,
2022020606,10s.2022,CLIFF,TS,NN,-22.4,80.2,35,1002,240,13,240,13,110,,130,90,,NaN,NaN,NaN,NaN,NaN,TS,WN,B,B,170,1008,NaN,S,55,SJB,
2022020612,10s.2022,CLIFF,TS,NN,-22.7,79.5,35,1000,239,10,239,10,102,,95,110,,NaN,NaN,NaN,NaN,NaN,TS,WN,B,B,170,1008,NaN,S,55,NaN,
2022020618,10s.2022,CLIFF,TS,NN,-23.2,78.7,35,1002,240,8,240,8,100,,75,125,,NaN,NaN,NaN,NaN,NaN,TS,WN,B,B,150,1009,NaN,S,55,BCH,
2022020700,10s.2022,CLIFF,TS,NN,-23.6,77.1,30,1002,248,12,248,12,NaN,NaN,NaN,NaN,NaN,NaN,NaN,NaN,NaN,NaN,TD,NW,B,B,160,1007,NaN,S,55,NaN,
2022020706,10s.2022,CLIFF,TS,NN,-24.1,75.8,30,1002,251,14,251,14,NaN,NaN,NaN,NaN,NaN,NaN,NaN,NaN,NaN,NaN,TD,NW,B,B,160,1007,NaN,S,55,NaN,
2022020712,10s.2022,CLIFF,TS,NN,-24.7,74.8,30,1002,242,12,242,12,NaN,NaN,NaN,NaN,NaN,NaN,NaN,NaN,NaN,NaN,TD,NW,B,B,160,1007,NaN,S,55,NaN,
2022020406,b2p.2022,9X-B2P,TY,NN,-17.2,150.1,15,1010,107,10,107,10,NaN,NaN,NaN,NaN,NaN,NaN,NaN,NaN,NaN,NaN,DB,NW,b,b,NaN,NaN,NaN,NaN,NaN,NaN,
2022020412,b2p.2022,9X-B2P,TY,NN,-17.4,151.2,15,1010,107,10,107,10,NaN,NaN,NaN,NaN,NaN,NaN,NaN,NaN,NaN,NaN,DB,NW,b,b,NaN,NaN,NaN,NaN,NaN,NaN,
2022020418,b2p.2022,9X-B2P,TY,NN,-17.8,152.1,25,NaN,107,10,107,10,NaN,NaN,NaN,NaN,NaN,NaN,NaN,NaN,NaN,NaN,TW,NW,c,c,NaN,NaN,NaN,NaN,NaN,NaN,
2022020500,b2p.2022,9X-B2P,TY,NN,-17.7,153.2,25,NaN,99,10,99,10,NaN,NaN,NaN,NaN,NaN,NaN,NaN,NaN,NaN,NaN,TW,NW,c,c,NaN,NaN,NaN,NaN,NaN,NaN,
2022020506,b2p.2022,9X-B2P,TY,NN,-17.9,154.5,23,NaN,99,10,98,11,NaN,NaN,NaN,NaN,NaN,NaN,NaN,NaN,NaN,NaN,TW,NW,c,c,NaN,NaN,NaN,NaN,NaN,NaN,
2022020512,b2p.2022,9X-B2P,TY,NN,-18.1,155.8,22,NaN,99,10,97,11,NaN,NaN,NaN,NaN,NaN,NaN,NaN,NaN,NaN,NaN,TW,NW,c,c,NaN,NaN,NaN,NaN,NaN,NaN,
2022020518,b2p.2022,9X-B2P,TY,NN,-18.3,157.1,20,NaN,110,12,96,12,NaN,NaN,NaN,NaN,NaN,NaN,NaN,NaN,NaN,NaN,NT,NW,c,c,NaN,NaN,NaN,NaN,NaN,NaN,
2022020600,b2p.2022,9X-B2P,TY,NN,-18.9,158.5,20,NaN,113,14,103,13,NaN,NaN,NaN,NaN,NaN,NaN,NaN,NaN,NaN,NaN,NT,NW,c,c,NaN,NaN,NaN,NaN,NaN,NaN,
2022020606,b2p.2022,9X-B2P,TY,NN,-19.2,160.9,20,NaN,113,14,103,16,NaN,NaN,NaN,NaN,NaN,NaN,NaN,NaN,NaN,NaN,NT,NW,c,c,NaN,NaN,NaN,NaN,NaN,NaN,
2022020612,b2p.2022,9X-B2P,TY,NN,-19.6,163.3,20,NaN,111,17,103,20,NaN,NaN,NaN,NaN,NaN,NaN,NaN,NaN,NaN,NaN,NT,NW,c,c,NaN,NaN,NaN,NaN,NaN,NaN,
2022020618,b2p.2022,9X-B2P,TY,NN,-19.0,162.8,20,1000,98,7,91,14,NaN,NaN,NaN,NaN,NaN,NaN,NaN,NaN,NaN,NaN,DB,NW,B,B,150,1002,NaN,NaN,50,NaN,
2022020700,b2p.2022,9X-B2P,TY,NN,-19.1,163.5,25,1000,98,7,21,3,NaN,NaN,NaN,NaN,NaN,NaN,NaN,NaN,NaN,NaN,TD,NW,B,B,140,1003,NaN,NaN,40,NaN,
2022020706,b2p.2022,9X-B2P,TY,NN,-19.2,164.3,25,998,98,7,98,7,NaN,NaN,NaN,NaN,NaN,NaN,NaN,NaN,NaN,NaN,TD,NW,B,B,140,1000,NaN,S,45,NaN,
2022020712,b2p.2022,9X-B2P,TY,NN,-19.1,165.3,25,998,90,9,90,9,NaN,NaN,NaN,NaN,NaN,NaN,NaN,NaN,NaN,NaN,TD,NW,B,B,140,1000,NaN,S,45,NaN,
2022020718,b2p.2022,9X-B2P,TY,NN,-19.1,166.2,25,992,87,9,87,9,NaN,NaN,NaN,NaN,NaN,NaN,NaN,NaN,NaN,NaN,TD,NW,B,B,140,1000,NaN,S,45,NaN,
2022020800,b2p.2022,9X-B2P,TY,NN,-18.9,167.0,25,992,83,8,83,8,NaN,NaN,NaN,NaN,NaN,NaN,NaN,NaN,NaN,NaN,TD,NW,B,B,130,1001,NaN,S,45,NaN,
2022020806,b2p.2022,9X-B2P,TY,NN,-18.9,167.7,25,992,82,7,82,7,NaN,NaN,NaN,NaN,NaN,NaN,NaN,NaN,NaN,NaN,TD,NW,B,B,240,999,NaN,NaN,50,NaN,
2022020812,b2p.2022,9X-B2P,TY,NN,-19.0,168.2,30,990,95,6,95,6,NaN,NaN,NaN,NaN,NaN,NaN,NaN,NaN,NaN,NaN,TD,NW,B,B,245,999,NaN,S,50,NaN,
2022020818,b2p.2022,9X-B2P,TY,NN,-19.2,168.7,30,991,108,5,108,5,NaN,NaN,NaN,NaN,NaN,NaN,NaN,NaN,NaN,NaN,TD,NW,B,B,150,995,NaN,S,50,NaN,
2022020900,11p.2022,DOVI,TY,NN,-19.6,168.9,35,990,132,4,132,4,42,65,15,25,65,NaN,NaN,NaN,NaN,NaN,TS,WN,B,B,185,999,0.05,S,65,TR,
2022020906,11p.2022,DOVI,TY,NN,-19.8,169.1,35,991,148,4,148,4,48,70,30,25,65,NaN,NaN,NaN,NaN,NaN,TS,WN,B,B,195,999,0.03,M,65,RCB,
2022020912,11p.2022,DOVI,TY,NN,-20.0,169.1,40,989,155,2,155,2,113,150,60,,130,NaN,NaN,NaN,NaN,NaN,TS,WN,B,B,195,999,0.03,M,40,RCB,
2022020918,11p.2022,DOVI,TY,NN,-20.5,169.0,45,980,188,4,188,4,111,120,140,85,100,NaN,NaN,NaN,NaN,NaN,TS,WN,B,B,310,999,NaN,D,40,BCH,
2022021000,11p.2022,DOVI,TY,NN,-21.2,168.6,55,977,201,6,201,6,105,100,135,85,100,70,80,60,85,,TS,WN,B,B,400,1004,NaN,D,40,BCH,
2022021006,11p.2022,DOVI,TY,NN,-22.2,167.9,65,976,211,10,211,10,100,100,130,95,75,48,50,65,95,30,TY,WN,B,B,350,1000,0.04,D,10,SJB,
2022021012,11p.2022,DOVI,TY,NN,-23.0,166.9,75,969,221,12,221,12,118,130,130,110,100,48,55,55,110,40,TY,WN,B,B,350,1000,0.01,D,17,SJB,
2022021018,11p.2022,DOVI,TY,NN,-23.8,166.4,80,964,221,11,221,11,132,140,160,130,100,70,75,85,130,50,TY,WN,B,B,350,1000,NaN,D,20,BCH,
2022021100,11p.2022,DOVI,TY,NN,-25.2,166.0,80,962,200,12,200,12,142,165,160,130,115,78,90,90,130,60,TY,WN,B,B,350,1000,NaN,D,20,BCH,
2022021106,11p.2022,DOVI,TY,NN,-26.7,166.1,75,963,185,15,185,15,182,165,200,200,165,81,90,95,200,65,TY,WN,B,B,330,998,NaN,D,15,SJB,
2022021112,11p.2022,DOVI,TY,NN,-29.0,166.1,70,966,179,19,179,19,192,170,215,215,170,46,60,70,215,25,TY,WN,B,B,330,998,NaN,D,22,SJB,
2022021118,11p.2022,DOVI,TY,NN,-31.4,166.1,60,972,180,23,180,23,191,170,200,230,165,45,50,70,230,20,TS,WN,B,B,330,1000,NaN,D,30,BRS,
2022021200,11p.2022,DOVI,TY,NN,-33.3,166.3,55,975,178,22,178,22,178,150,200,180,180,68,60,45,180,95,TS,NW,B,B,330,1000,NaN,D,35,NaN,
2022021206,11p.2022,DOVI,TY,NN,-34.1,168.1,55,977,148,16,148,16,130,160,160,100,100,65,,,100,70,TS,NW,B,B,330,1000,NaN,NaN,60,NaN,
2022021212,11p.2022,DOVI,TY,NN,-36.8,170.1,55,978,138,23,138,23,160,215,125,135,165,60,,,135,,TS,NW,B,B,330,1000,NaN,NaN,60,NaN,
2022021018,c4s.2022,9X-C4S,TS,NN,-11.3,62.2,15,1006,132,6,132,6,NaN,NaN,NaN,NaN,NaN,NaN,NaN,NaN,NaN,NaN,DB,NW,B,B,150,1009,NaN,NaN,70,NaN,
2022021100,c4s.2022,9X-C4S,TS,NN,-11.7,62.8,15,1006,132,6,132,6,NaN,NaN,NaN,NaN,NaN,NaN,NaN,NaN,NaN,NaN,DB,NW,B,B,150,1007,NaN,NaN,70,NaN,
2022021106,c4s.2022,9X-C4S,TS,NN,-12.1,63.1,15,1005,132,6,132,6,NaN,NaN,NaN,NaN,NaN,NaN,NaN,NaN,NaN,NaN,DB,NW,B,B,150,1007,NaN,NaN,70,NaN,
2022021112,c4s.2022,9X-C4S,TS,NN,-12.3,62.7,15,1005,189,3,189,3,NaN,NaN,NaN,NaN,NaN,NaN,NaN,NaN,NaN,NaN,DB,NW,B,B,150,1007,NaN,NaN,70,NaN,
2022021118,c4s.2022,9X-C4S,TS,NN,-12.4,62.5,25,1004,243,3,243,3,NaN,NaN,NaN,NaN,NaN,NaN,NaN,NaN,NaN,NaN,TD,NW,B,B,150,1007,NaN,NaN,35,NaN,
2022021200,c4s.2022,9X-C4S,TS,NN,-12.8,63.0,25,1003,150,3,150,3,NaN,NaN,NaN,NaN,NaN,NaN,NaN,NaN,NaN,NaN,TD,NW,B,B,175,1007,NaN,S,35,NaN,
2022021206,c4s.2022,9X-C4S,TS,NN,-13.7,62.9,25,1003,163,7,163,7,NaN,NaN,NaN,NaN,NaN,NaN,NaN,NaN,NaN,NaN,TD,NW,B,B,130,1005,NaN,S,35,NaN,
2022021212,c4s.2022,9X-C4S,TS,NN,-14.1,62.4,25,1003,204,7,204,7,NaN,NaN,NaN,NaN,NaN,NaN,NaN,NaN,NaN,NaN,TD,NW,B,B,130,1005,NaN,S,35,NaN,
2022021218,c4s.2022,9X-C4S,TS,NN,-14.2,62.0,30,1002,240,5,240,5,NaN,NaN,NaN,NaN,NaN,NaN,NaN,NaN,NaN,NaN,TD,NW,B,B,90,1007,NaN,S,20,NaN,
2022021300,c4s.2022,9X-C4S,TS,NN,-14.6,61.5,30,1002,240,5,240,5,NaN,NaN,NaN,NaN,NaN,NaN,NaN,NaN,NaN,NaN,TD,NW,B,B,100,1005,NaN,S,20,NaN,
2022021306,12s.2022,DUMAKO,TS,NN,-14.9,60.8,35,998,239,7,239,7,25,,25,,,NaN,NaN,NaN,NaN,NaN,TS,WN,B,B,95,1007,NaN,S,25,RCB,
2022021312,12s.2022,DUMAKO,TS,NN,-15.4,59.7,40,997,245,10,245,10,22,,25,20,,NaN,NaN,NaN,NaN,NaN,TS,WN,B,B,90,1003,NaN,M,25,NaN,
2022021318,12s.2022,DUMAKO,TS,NN,-15.7,58.3,45,996,252,13,252,13,48,,50,45,,NaN,NaN,NaN,NaN,NaN,TS,WN,B,B,110,1004,NaN,M,20,MEK,
2022021400,12s.2022,DUMAKO,TS,NN,-16.1,56.8,50,997,256,14,256,14,32,20,45,40,25,20,,20,40,,TS,WN,B,B,130,1007,NaN,M,20,NaN,
2022021406,12s.2022,DUMAKO,TS,NN,-16.5,55.2,50,996,255,15,255,15,39,20,60,45,30,15,,15,45,,TS,WN,B,B,125,1007,NaN,M,15,RCB,
2022021412,12s.2022,DUMAKO,TS,NN,-16.6,54.2,45,998,259,13,259,13,46,20,65,60,40,NaN,NaN,NaN,NaN,NaN,TS,WN,B,B,135,1005,NaN,M,25,NaN,
2022021418,12s.2022,DUMAKO,TS,NN,-16.7,53.0,45,998,265,11,265,11,55,40,70,65,45,NaN,NaN,NaN,NaN,NaN,TS,WN,B,B,110,1009,NaN,M,25,SJB,
2022021500,12s.2022,DUMAKO,TS,NN,-16.9,51.9,45,1001,262,11,262,11,39,20,50,55,30,NaN,NaN,NaN,NaN,NaN,TS,WN,B,B,110,1009,NaN,M,25,NaN,
2022021506,12s.2022,DUMAKO,TS,NN,-16.9,50.4,45,995,265,12,265,12,40,20,65,50,25,NaN,NaN,NaN,NaN,NaN,TS,WN,B,B,95,1008,NaN,M,15,BCH,
2022021512,12s.2022,DUMAKO,TS,NN,-17.0,49.5,40,995,268,11,268,11,59,45,70,75,45,NaN,NaN,NaN,NaN,NaN,TS,WN,B,B,85,1007,0.60,M,15,NaN,
2022021518,12s.2022,DUMAKO,TS,NN,-17.1,48.4,35,1002,264,10,264,10,68,,55,80,,NaN,NaN,NaN,NaN,NaN,TS,WN,B,B,85,1007,0.97,M,20,SJB,
2022021600,12s.2022,DUMAKO,TS,NN,-17.1,47.3,30,1003,267,11,267,11,NaN,NaN,NaN,NaN,NaN,NaN,NaN,NaN,NaN,NaN,TD,NW,B,B,85,1007,0.97,S,25,NaN,
2022021606,12s.2022,DUMAKO,TS,NN,-17.0,46.2,25,1004,273,11,273,11,NaN,NaN,NaN,NaN,NaN,NaN,NaN,NaN,NaN,NaN,TD,NW,B,B,85,1009,0.98,S,25,NaN,
2022021612,12s.2022,DUMAKO,TS,NN,-16.7,44.7,25,1004,279,13,279,13,NaN,NaN,NaN,NaN,NaN,NaN,NaN,NaN,NaN,NaN,TD,NW,B,B,85,1006,0.47,S,25,NaN,
2022021100,c6s.2022,9X-C6S,TY,NN,-10.9,84.6,15,1010,90,7,90,7,NaN,NaN,NaN,NaN,NaN,NaN,NaN,NaN,NaN,NaN,DB,NW,b,b,NaN,NaN,NaN,NaN,NaN,NaN,
2022021106,c6s.2022,9X-C6S,TY,NN,-10.9,85.2,15,1010,90,7,90,7,NaN,NaN,NaN,NaN,NaN,NaN,NaN,NaN,NaN,NaN,DB,NW,b,b,NaN,NaN,NaN,NaN,NaN,NaN,
2022021112,c6s.2022,9X-C6S,TY,NN,-10.9,86.1,15,1010,90,7,90,7,NaN,NaN,NaN,NaN,NaN,NaN,NaN,NaN,NaN,NaN,DB,NW,b,b,NaN,NaN,NaN,NaN,NaN,NaN,
2022021118,c6s.2022,9X-C6S,TY,NN,-10.8,86.3,15,1010,85,5,85,5,NaN,NaN,NaN,NaN,NaN,NaN,NaN,NaN,NaN,NaN,DB,NW,b,b,NaN,NaN,NaN,NaN,NaN,NaN,
2022021200,c6s.2022,9X-C6S,TY,NN,-10.8,85.5,15,1010,280,3,280,3,NaN,NaN,NaN,NaN,NaN,NaN,NaN,NaN,NaN,NaN,DB,NW,b,b,NaN,NaN,NaN,NaN,NaN,NaN,
2022021206,c6s.2022,9X-C6S,TY,NN,-10.8,86.1,15,1010,280,3,234,3,NaN,NaN,NaN,NaN,NaN,NaN,NaN,NaN,NaN,NaN,DB,NW,b,b,NaN,NaN,NaN,NaN,NaN,NaN,
2022021212,c6s.2022,9X-C6S,TY,NN,-10.9,86.7,15,1010,280,3,187,3,NaN,NaN,NaN,NaN,NaN,NaN,NaN,NaN,NaN,NaN,DB,NW,b,b,NaN,NaN,NaN,NaN,NaN,NaN,
2022021218,c6s.2022,9X-C6S,TY,NN,-10.9,87.2,15,1010,280,3,140,3,NaN,NaN,NaN,NaN,NaN,NaN,NaN,NaN,NaN,NaN,DB,NW,b,b,NaN,NaN,NaN,NaN,NaN,NaN,
2022021300,c6s.2022,9X-C6S,TY,NN,-10.9,87.8,15,NaN,94,20,94,3,NaN,NaN,NaN,NaN,NaN,NaN,NaN,NaN,NaN,NaN,NT,NW,b,b,NaN,NaN,NaN,NaN,NaN,NaN,
2022021306,c6s.2022,9X-C6S,TY,NN,-11.9,87.3,15,NaN,169,5,122,4,NaN,NaN,NaN,NaN,NaN,NaN,NaN,NaN,NaN,NaN,NT,NW,c,c,NaN,NaN,NaN,NaN,NaN,NaN,
2022021312,c6s.2022,9X-C6S,TY,NN,-12.3,86.4,20,NaN,234,8,224,10,NaN,NaN,NaN,NaN,NaN,NaN,NaN,NaN,NaN,NaN,NT,NW,c,c,NaN,NaN,NaN,NaN,NaN,NaN,
2022021318,c6s.2022,9X-C6S,TY,NN,-12.0,86.5,20,NaN,250,6,263,4,NaN,NaN,NaN,NaN,NaN,NaN,NaN,NaN,NaN,NaN,NT,NW,c,c,NaN,NaN,NaN,NaN,NaN,NaN,
2022021400,c6s.2022,9X-C6S,TY,NN,-12.6,84.7,20,1001,250,6,260,6,NaN,NaN,NaN,NaN,NaN,NaN,NaN,NaN,NaN,NaN,NT,NW,c,c,NaN,1003,NaN,NaN,NaN,NaN,
2022021406,c6s.2022,9X-C6S,TY,NN,-13.2,82.9,20,1001,250,6,258,9,NaN,NaN,NaN,NaN,NaN,NaN,NaN,NaN,NaN,NaN,NT,NW,c,c,NaN,1003,NaN,NaN,NaN,NaN,
2022021412,c6s.2022,9X-C6S,TY,NN,-13.9,81.1,20,1001,250,6,255,12,NaN,NaN,NaN,NaN,NaN,NaN,NaN,NaN,NaN,NaN,NT,NW,c,c,NaN,1003,NaN,NaN,NaN,NaN,
2022021418,c6s.2022,9X-C6S,TY,NN,-14.5,79.3,20,1001,272,18,252,14,NaN,NaN,NaN,NaN,NaN,NaN,NaN,NaN,NaN,NaN,DB,NW,B,B,NaN,1003,NaN,NaN,25,NaN,
2022021500,c6s.2022,9X-C6S,TY,NN,-14.6,77.3,20,1001,272,18,254,19,NaN,NaN,NaN,NaN,NaN,NaN,NaN,NaN,NaN,NaN,DB,NW,B,B,NaN,1003,NaN,NaN,25,NaN,
2022021506,c6s.2022,9X-C6S,TY,NN,-14.4,75.5,20,1001,272,18,272,18,NaN,NaN,NaN,NaN,NaN,NaN,NaN,NaN,NaN,NaN,DB,NW,B,B,125,1005,NaN,NaN,25,NaN,
2022021512,c6s.2022,9X-C6S,TY,NN,-14.3,73.8,25,1000,275,17,275,17,NaN,NaN,NaN,NaN,NaN,NaN,NaN,NaN,NaN,NaN,TD,NW,B,B,110,1003,NaN,NaN,25,NaN,
2022021518,c6s.2022,9X-C6S,TY,NN,-14.2,72.0,30,998,273,17,273,17,NaN,NaN,NaN,NaN,NaN,NaN,NaN,NaN,NaN,NaN,TD,NW,B,B,110,1003,NaN,S,20,NaN,
2022021600,c6s.2022,9X-C6S,TY,NN,-14.1,70.8,30,997,274,15,274,15,NaN,NaN,NaN,NaN,NaN,NaN,NaN,NaN,NaN,NaN,TD,NW,B,B,150,1003,NaN,S,20,NaN,
2022021606,c6s.2022,9X-C6S,TY,NN,-14.0,70.1,30,997,276,9,276,9,NaN,NaN,NaN,NaN,NaN,NaN,NaN,NaN,NaN,NaN,TD,NW,B,B,175,1004,NaN,S,20,NaN,
2022021612,c6s.2022,9X-C6S,TY,NN,-14.0,69.2,30,997,274,8,274,8,NaN,NaN,NaN,NaN,NaN,NaN,NaN,NaN,NaN,NaN,TD,NW,B,B,175,1001,NaN,S,20,NaN,
2022021618,13s.2022,EMNATI,TY,NN,-14.1,68.4,35,997,267,8,267,8,19,20,20,20,15,NaN,NaN,NaN,NaN,NaN,TS,WN,B,B,135,1001,NaN,S,20,NaN,
2022021700,13s.2022,EMNATI,TY,NN,-14.1,67.4,45,998,267,9,267,9,50,,,40,60,NaN,NaN,NaN,NaN,NaN,TS,WN,B,B,220,1001,NaN,S,30,TR,
2022021706,13s.2022,EMNATI,TY,NN,-14.0,65.8,50,994,272,13,272,13,42,,,35,50,20,,,35,20,TS,WN,B,B,245,1004,NaN,M,20,NaN,
2022021712,13s.2022,EMNATI,TY,NN,-13.9,64.5,55,994,274,14,274,14,44,45,30,45,55,28,25,20,45,30,TS,WN,B,B,245,1004,NaN,M,15,RCB,
2022021718,13s.2022,EMNATI,TY,NN,-13.7,63.7,50,991,278,10,278,10,22,20,5,15,50,7,5,,15,10,TS,WN,B,B,200,1002,NaN,M,10,NaN,
2022021800,13s.2022,EMNATI,TY,NN,-13.7,63.3,55,984,280,6,280,6,22,20,5,15,50,7,5,,15,10,TS,WN,B,B,200,998,NaN,M,10,TR,
2022021806,13s.2022,EMNATI,TY,NN,-13.9,62.3,65,978,262,7,262,7,42,45,50,45,30,30,,30,45,,TY,WN,B,B,350,1005,NaN,M,10,NaN,
2022021812,13s.2022,EMNATI,TY,NN,-14.6,61.5,65,985,243,10,243,10,50,50,55,65,30,28,,30,65,25,TY,WN,B,B,350,1005,NaN,D,15,RCB,
2022021818,13s.2022,EMNATI,TY,NN,-15.3,60.6,65,986,230,11,230,11,68,70,75,70,55,49,60,50,70,30,TY,WN,B,B,340,1006,NaN,D,15,NaN,
2022021900,13s.2022,EMNATI,TY,NN,-15.5,59.7,65,983,243,10,243,10,78,70,90,85,65,32,25,40,85,25,TY,WN,B,B,310,1003,NaN,D,10,WAD,
2022021906,13s.2022,EMNATI,TY,NN,-16.0,58.8,70,983,248,9,248,9,80,75,90,85,70,34,25,40,85,30,TY,WN,B,B,315,1006,NaN,D,10,NaN,
2022021912,13s.2022,EMNATI,TY,NN,-16.3,58.1,70,980,243,9,243,9,80,75,90,85,70,34,25,40,85,30,TY,WN,B,B,320,1004,NaN,D,10,BCH,
2022021918,13s.2022,EMNATI,TY,NN,-16.7,57.2,90,965,245,8,245,8,144,130,180,150,115,78,70,100,150,60,TY,WN,B,B,270,1005,NaN,D,5,SJB,
2022022000,13s.2022,EMNATI,TY,NN,-17.1,56.6,105,951,241,8,241,8,165,165,155,170,170,78,70,85,170,60,TY,WN,B,B,270,1004,NaN,D,5,NaN,
2022022006,13s.2022,EMNATI,TY,NN,-17.2,55.9,105,951,248,7,248,7,164,160,160,165,170,78,70,85,165,60,TY,WN,B,B,260,1005,NaN,D,5,BCH,
2022022012,13s.2022,EMNATI,TY,NN,-17.6,55.2,115,941,249,7,249,7,169,165,190,165,155,91,70,120,165,80,TY,WN,B,B,260,1003,NaN,D,15,NaN,
2022022018,13s.2022,EMNATI,TY,NN,-17.6,54.6,110,944,252,7,252,7,169,165,190,165,155,91,70,120,165,80,TY,WN,B,B,260,1003,NaN,D,12,SJB,
2022022100,13s.2022,EMNATI,TY,NN,-17.6,54.0,105,948,270,6,270,6,165,160,185,145,170,102,90,105,145,110,TY,WN,B,B,260,1003,NaN,D,12,NaN,
2022022106,13s.2022,EMNATI,TY,NN,-17.9,53.5,100,954,254,5,254,5,165,160,185,145,170,101,90,105,145,110,TY,WN,B,B,275,1005,NaN,D,12,BCH,
2022022112,13s.2022,EMNATI,TY,NN,-18.2,52.7,100,953,244,7,244,7,156,135,165,150,175,105,95,95,150,110,TY,WN,B,B,300,1003,NaN,D,12,NaN,
2022022118,13s.2022,EMNATI,TY,NN,-18.5,52.1,95,957,246,7,246,7,168,175,175,170,150,94,100,100,170,80,TY,WN,B,B,300,1003,NaN,D,5,TR,
2022022200,13s.2022,EMNATI,TY,NN,-19.1,51.2,90,960,238,8,238,8,158,150,170,165,145,104,80,95,165,120,TY,WN,B,B,250,1001,NaN,D,5,NaN,
2022022206,13s.2022,EMNATI,TY,NN,-19.8,50.3,80,965,233,11,233,11,158,150,170,165,145,104,80,95,165,120,TY,WN,B,B,240,1001,NaN,D,5,RCB,
2022022212,13s.2022,EMNATI,TY,NN,-20.8,49.5,75,970,223,12,223,12,148,150,170,160,110,80,80,95,160,55,TY,WN,B,B,230,1002,NaN,D,5,NaN,
2022022218,13s.2022,EMNATI,TY,NN,-21.6,48.8,75,972,218,11,218,11,124,130,150,135,80,64,70,80,135,35,TY,WN,B,B,230,1002,NaN,D,5,OHS,
2022022300,13s.2022,EMNATI,TY,NN,-22.6,47.9,65,978,220,12,220,12,124,130,155,135,75,65,70,85,135,35,TY,WN,B,B,230,1002,0.40,D,5,NaN,
2022022306,13s.2022,EMNATI,TY,NN,-23.6,46.4,60,980,228,15,228,15,136,160,170,150,65,71,85,95,150,25,TS,WN,B,B,215,1002,0.99,M,5,RCB,
2022022312,13s.2022,EMNATI,TY,NN,-24.3,45.1,55,983,237,15,237,15,131,120,175,145,85,69,60,95,145,40,TS,WN,B,B,190,1002,0.99,M,5,NaN,
2022022318,13s.2022,EMNATI,TY,NN,-24.7,43.9,45,994,244,13,244,13,50,25,35,80,60,NaN,NaN,NaN,NaN,NaN,TS,WN,B,B,120,1006,0.67,M,20,AAH,
2022022400,13s.2022,EMNATI,TY,NN,-25.2,43.4,45,987,240,9,240,9,185,160,230,205,145,NaN,NaN,NaN,NaN,NaN,TS,WN,B,B,202,1006,0.03,M,80,NaN,
2022022406,13s.2022,EMNATI,TY,NN,-26.9,42.8,45,988,204,12,204,12,188,160,235,205,150,NaN,NaN,NaN,NaN,NaN,TS,WN,B,B,250,1008,NaN,M,80,BCH,
2022022412,13s.2022,EMNATI,TY,NN,-27.8,42.2,50,980,202,14,202,14,225,,235,215,,NaN,NaN,NaN,NaN,NaN,TS,WN,B,B,240,1005,NaN,M,80,NaN,
2022022418,13s.2022,EMNATI,TY,NN,-28.6,41.6,45,988,212,10,212,10,152,120,160,180,150,NaN,NaN,NaN,NaN,NaN,TS,WN,B,B,270,1005,NaN,M,80,AAH,
2022022500,13s.2022,EMNATI,TY,NN,-29.7,41.7,45,989,193,10,193,10,151,160,170,150,125,NaN,NaN,NaN,NaN,NaN,TS,NW,B,B,270,1005,NaN,NaN,80,NaN,
2022022506,13s.2022,EMNATI,TY,NN,-31.6,41.9,45,989,175,15,175,15,189,205,175,215,160,NaN,NaN,NaN,NaN,NaN,TS,NW,B,B,275,1008,NaN,NaN,80,NaN,
2022022512,13s.2022,EMNATI,TY,NN,-32.6,42.6,45,989,165,15,165,15,189,205,175,215,160,NaN,NaN,NaN,NaN,NaN,TS,NW,B,B,300,1009,NaN,NaN,80,NaN,
2022022306,c0s.2022,9X-C0S,TY,NN,-12.9,97.4,15,1010,280,3,280,3,NaN,NaN,NaN,NaN,NaN,NaN,NaN,NaN,NaN,NaN,DB,NW,b,b,NaN,NaN,NaN,NaN,NaN,NaN,
2022022312,c0s.2022,9X-C0S,TY,NN,-12.8,97.1,15,1004,280,3,280,3,NaN,NaN,NaN,NaN,NaN,NaN,NaN,NaN,NaN,NaN,DB,NW,b,b,NaN,NaN,NaN,NaN,NaN,NaN,
2022022318,c0s.2022,9X-C0S,TY,NN,-12.8,96.8,15,1004,280,3,280,3,NaN,NaN,NaN,NaN,NaN,NaN,NaN,NaN,NaN,NaN,DB,NW,b,b,NaN,NaN,NaN,NaN,NaN,NaN,
2022022400,c0s.2022,9X-C0S,TY,NN,-12.8,96.8,15,1010,253,5,270,1,NaN,NaN,NaN,NaN,NaN,NaN,NaN,NaN,NaN,NaN,DB,NW,B,B,NaN,NaN,NaN,NaN,NaN,NaN,
2022022406,c0s.2022,9X-C0S,TY,NN,-13.0,96.1,25,1003,253,5,254,4,NaN,NaN,NaN,NaN,NaN,NaN,NaN,NaN,NaN,NaN,TD,NW,B,B,NaN,NaN,NaN,NaN,NaN,NaN,
2022022412,c0s.2022,9X-C0S,TY,NN,-13.1,95.8,30,1000,253,5,253,5,NaN,NaN,NaN,NaN,NaN,NaN,NaN,NaN,NaN,NaN,TD,NW,B,B,NaN,NaN,NaN,NaN,NaN,NaN,
2022022418,c0s.2022,9X-C0S,TY,NN,-13.3,95.6,30,1000,238,3,238,3,NaN,NaN,NaN,NaN,NaN,NaN,NaN,NaN,NaN,NaN,TD,NW,B,B,NaN,NaN,NaN,NaN,NaN,NaN,
2022022500,c0s.2022,9X-C0S,TY,NN,-13.5,95.2,35,999,236,4,236,4,46,30,60,55,40,NaN,NaN,NaN,NaN,NaN,TS,NW,B,B,90,1006,NaN,S,20,NaN,
2022022506,14s.2022,VERNON,TY,NN,-13.9,94.4,45,997,243,7,243,7,36,30,45,40,30,NaN,NaN,NaN,NaN,NaN,TS,WN,B,B,90,1006,NaN,M,10,BCH,
2022022512,14s.2022,VERNON,TY,NN,-14.5,93.3,70,983,242,10,242,10,54,50,65,60,40,26,30,30,60,20,TY,WN,B,B,90,1006,NaN,D,5,BCH,
2022022518,14s.2022,VERNON,TY,NN,-14.7,92.5,80,976,247,10,247,10,74,65,90,85,55,31,25,40,85,20,TY,WN,B,B,90,1006,NaN,D,5,NaN,
2022022600,14s.2022,VERNON,TY,NN,-14.8,90.8,100,959,263,12,263,12,75,65,80,85,70,40,25,55,85,30,TY,WN,B,B,90,1004,NaN,D,7,TR,
2022022606,14s.2022,VERNON,TY,NN,-14.7,89.1,115,946,270,16,270,16,114,110,135,135,75,58,40,80,135,35,TY,WN,B,B,90,1005,NaN,D,5,NaN,
2022022612,14s.2022,VERNON,TY,NN,-14.2,88.0,100,960,282,14,282,14,89,70,100,100,85,42,30,45,100,40,TY,WN,B,B,95,1005,NaN,D,5,JZC,
2022022618,14s.2022,VERNON,TY,NN,-12.8,87.6,100,960,323,12,323,12,46,45,40,45,55,24,25,30,45,20,TY,WN,B,B,95,1005,NaN,D,5,NaN,
2022022700,14s.2022,VERNON,TY,NN,-12.3,87.4,90,968,343,10,343,10,46,45,40,45,55,24,25,30,45,20,TY,WN,B,B,95,1005,NaN,D,5,NaN,
2022022706,14s.2022,VERNON,TY,NN,-11.9,87.7,65,985,6,5,6,5,112,85,160,105,100,58,40,85,105,50,TY,WN,B,B,185,1007,NaN,D,5,NaN,
2022022712,14s.2022,VERNON,TY,NN,-12.4,89.1,55,990,93,8,93,8,102,90,140,85,95,51,45,75,85,45,TS,WN,B,B,185,1007,NaN,D,5,JZC,
2022022718,14s.2022,VERNON,TY,NN,-13.4,88.9,45,998,142,10,142,10,28,45,40,15,10,NaN,NaN,NaN,NaN,NaN,TS,WN,B,B,185,1008,NaN,D,5,NaN,
2022022800,14s.2022,VERNON,TY,NN,-13.6,88.3,40,1002,213,7,213,7,28,45,40,15,10,NaN,NaN,NaN,NaN,NaN,TS,WN,B,B,185,1008,NaN,S,5,RCB,
2022022806,14s.2022,VERNON,TY,NN,-13.8,87.7,45,998,251,6,251,6,88,65,65,115,105,NaN,NaN,NaN,NaN,NaN,TS,WN,B,B,220,1008,NaN,M,40,NaN,
2022022812,14s.2022,VERNON,TY,NN,-13.9,87.5,50,997,249,4,249,4,42,55,40,30,,25,,25,30,,TS,WN,B,B,240,1008,NaN,D,25,JZC,
2022022818,14s.2022,VERNON,TY,NN,-14.2,87.4,45,994,216,2,216,2,76,75,95,80,55,NaN,NaN,NaN,NaN,NaN,TS,WN,B,B,240,1004,NaN,D,15,NaN,
2022030100,14s.2022,VERNON,TY,NN,-14.7,87.2,45,993,200,4,200,4,70,80,80,60,60,NaN,NaN,NaN,NaN,NaN,TS,WN,B,B,240,1004,NaN,M,15,TR,
2022030106,14s.2022,VERNON,TY,NN,-15.8,86.4,45,997,211,9,211,9,84,85,95,85,70,NaN,NaN,NaN,NaN,NaN,TS,WN,B,B,240,1007,NaN,M,25,NaN,
2022030112,14s.2022,VERNON,TY,NN,-16.8,85.6,45,996,216,13,216,13,78,70,80,95,65,NaN,NaN,NaN,NaN,NaN,TS,WN,B,B,230,1005,NaN,M,25,BCH,
2022030118,14s.2022,VERNON,TY,NN,-17.2,85.1,45,997,222,9,222,9,79,80,95,80,60,NaN,NaN,NaN,NaN,NaN,TS,WN,B,B,250,1006,NaN,M,25,NaN,
2022030200,14s.2022,VERNON,TY,NN,-17.7,84.6,45,994,227,7,227,7,88,85,110,85,70,NaN,NaN,NaN,NaN,NaN,TS,WN,B,B,235,1004,NaN,M,25,TR,
2022030206,14s.2022,VERNON,TY,NN,-18.5,83.7,45,995,226,9,226,9,91,70,115,115,65,NaN,NaN,NaN,NaN,NaN,TS,WN,B,B,220,1005,NaN,D,15,NaN,
2022030212,14s.2022,VERNON,TY,NN,-19.3,83.3,50,992,218,10,218,10,90,75,110,110,65,44,40,65,110,25,TS,WN,B,B,230,1005,NaN,D,15,BCH,
2022030218,14s.2022,VERNON,TY,NN,-20.5,82.9,50,992,201,11,201,11,106,75,150,130,70,32,,15,130,,TS,WN,B,B,230,1005,NaN,D,15,NaN,
2022030300,14s.2022,VERNON,TY,NN,-21.4,82.7,50,992,195,11,195,11,105,80,150,130,60,25,,25,130,,TS,WN,B,B,160,1005,NaN,M,15,CRM,
2022030306,14s.2022,VERNON,TY,NN,-23.1,81.9,50,991,200,14,200,14,110,115,150,120,55,54,55,80,120,20,TS,WN,B,B,160,1005,NaN,M,15,NaN,
2022030312,14s.2022,VERNON,TY,NN,-24.7,81.4,40,997,200,18,200,18,86,90,110,80,65,NaN,NaN,NaN,NaN,NaN,TS,WN,B,B,145,1005,NaN,S,55,JZC,
2022030318,14s.2022,VERNON,TY,NN,-26.3,80.8,40,997,197,17,197,17,86,90,110,80,65,NaN,NaN,NaN,NaN,NaN,SS,NW,B,B,145,1005,NaN,NaN,80,NaN,
2022030400,14s.2022,VERNON,TY,NN,-27.2,80.3,40,997,202,13,202,13,114,100,150,125,80,NaN,NaN,NaN,NaN,NaN,SS,NW,B,B,200,1005,NaN,NaN,90,NaN,
2022030406,14s.2022,VERNON,TY,NN,-28.3,80.0,55,987,200,11,200,11,128,135,160,125,90,25,25,25,125,30,SS,NW,B,B,200,1009,NaN,S,90,NaN,
2022030412,14s.2022,VERNON,TY,NN,-28.9,79.8,55,989,195,9,195,9,88,90,100,100,60,22,25,25,100,25,SS,NW,B,B,200,1009,NaN,S,90,NaN,
2022030418,14s.2022,VERNON,TY,NN,-29.5,79.5,45,989,200,6,200,6,92,85,115,100,70,NaN,NaN,NaN,NaN,NaN,SS,NW,B,B,200,1009,NaN,NaN,90,NaN,
2022030500,14s.2022,VERNON,TY,NN,-30.5,79.8,45,991,180,8,180,8,146,120,195,165,105,NaN,NaN,NaN,NaN,NaN,SS,NW,B,B,200,1009,NaN,NaN,90,NaN,
2022030506,14s.2022,VERNON,TY,NN,-31.1,79.6,45,989,177,8,177,8,146,140,190,130,125,NaN,NaN,NaN,NaN,NaN,SS,NW,B,B,200,1011,NaN,NaN,90,NaN,
2022030512,14s.2022,VERNON,TY,NN,-31.4,79.4,40,993,201,5,201,5,146,140,190,130,125,NaN,NaN,NaN,NaN,NaN,SS,NW,B,B,240,1010,NaN,NaN,90,NaN,
2022030518,14s.2022,VERNON,TY,NN,-31.8,79.7,40,993,173,4,173,4,132,,150,115,,NaN,NaN,NaN,NaN,NaN,SS,NW,B,B,240,1010,NaN,NaN,90,NaN,
2022030600,14s.2022,VERNON,TY,NN,-32.5,79.3,45,990,184,6,184,6,132,,150,115,,NaN,NaN,NaN,NaN,NaN,SS,NW,B,B,240,1010,NaN,NaN,90,NaN,
2022030606,14s.2022,VERNON,TY,NN,-33.1,79.5,45,989,187,7,187,7,125,,125,125,,NaN,NaN,NaN,NaN,NaN,SS,NW,B,B,220,1010,NaN,NaN,90,NaN,
2022030612,14s.2022,VERNON,TY,NN,-33.5,79.5,40,993,170,5,170,5,125,,125,125,,NaN,NaN,NaN,NaN,NaN,EX,NW,B,B,220,1011,NaN,NaN,90,NaN,
2022022218,c9s.2022,9X-C9S,TS,NN,-11.3,128.5,15,1010,220,5,220,5,NaN,NaN,NaN,NaN,NaN,NaN,NaN,NaN,NaN,NaN,DB,NW,b,b,NaN,NaN,NaN,NaN,NaN,NaN,
2022022300,c9s.2022,9X-C9S,TS,NN,-11.5,128.0,15,1010,220,5,220,5,NaN,NaN,NaN,NaN,NaN,NaN,NaN,NaN,NaN,NaN,DB,NW,b,b,NaN,NaN,NaN,NaN,NaN,NaN,
2022022306,c9s.2022,9X-C9S,TS,NN,-12.0,127.9,15,1010,220,5,220,5,NaN,NaN,NaN,NaN,NaN,NaN,NaN,NaN,NaN,NaN,DB,NW,b,b,NaN,NaN,NaN,NaN,NaN,NaN,
2022022312,c9s.2022,9X-C9S,TS,NN,-12.1,128.5,15,NaN,96,5,141,4,NaN,NaN,NaN,NaN,NaN,NaN,NaN,NaN,NaN,NaN,NT,NW,c,c,NaN,NaN,NaN,NaN,NaN,NaN,
2022022318,c9s.2022,9X-C9S,TS,NN,-12.9,129.0,15,1005,145,6,130,7,NaN,NaN,NaN,NaN,NaN,NaN,NaN,NaN,NaN,NaN,DB,NW,C,C,90,1007,NaN,S,20,NaN,
2022022400,c9s.2022,9X-C9S,TS,NN,-13.0,129.3,20,1007,125,6,139,6,NaN,NaN,NaN,NaN,NaN,NaN,NaN,NaN,NaN,NaN,DB,NW,C,C,150,1008,NaN,S,20,NaN,
2022022406,c9s.2022,9X-C9S,TS,NN,-13.1,128.7,25,999,145,2,236,2,NaN,NaN,NaN,NaN,NaN,NaN,NaN,NaN,NaN,NaN,TD,NW,C,C,130,1003,NaN,S,30,NaN,
2022022412,c9s.2022,9X-C9S,TS,NN,-12.9,128.6,25,1002,180,0,278,3,NaN,NaN,NaN,NaN,NaN,NaN,NaN,NaN,NaN,NaN,TD,NW,C,C,120,1007,NaN,S,30,NaN,
2022022418,c9s.2022,9X-C9S,TS,NN,-12.5,127.8,30,999,136,1,304,5,NaN,NaN,NaN,NaN,NaN,NaN,NaN,NaN,NaN,NaN,TD,NW,B,B,160,1005,NaN,S,30,NaN,
2022022500,c9s.2022,9X-C9S,TS,NN,-12.3,127.8,30,1000,136,1,308,5,NaN,NaN,NaN,NaN,NaN,NaN,NaN,NaN,NaN,NaN,TD,NW,B,B,170,1007,NaN,S,30,NaN,
2022022506,c9s.2022,9X-C9S,TS,NN,-12.6,127.9,30,997,136,1,136,1,NaN,NaN,NaN,NaN,NaN,NaN,NaN,NaN,NaN,NaN,TD,NW,B,B,145,1003,NaN,S,30,NaN,
2022022512,15s.2022,ANIKA,TS,NN,-12.8,127.8,35,999,180,2,180,2,54,55,55,50,55,NaN,NaN,NaN,NaN,NaN,TS,WN,B,B,135,1005,NaN,M,30,BCH,
2022022518,15s.2022,ANIKA,TS,NN,-12.9,127.7,45,991,213,2,213,2,70,65,75,70,70,NaN,NaN,NaN,NaN,NaN,TS,WN,B,B,160,1002,NaN,M,30,TR,
2022022600,15s.2022,ANIKA,TS,NN,-13.0,127.6,45,995,224,1,224,1,59,60,60,55,60,NaN,NaN,NaN,NaN,NaN,TS,WN,B,B,140,1006,NaN,M,25,TR,
2022022606,15s.2022,ANIKA,TS,NN,-13.2,127.2,55,989,238,3,238,3,75,75,70,65,90,30,30,30,65,,TS,WN,B,B,140,1006,NaN,M,25,NaN,
2022022612,15s.2022,ANIKA,TS,NN,-13.7,126.9,55,990,224,5,224,5,78,80,60,75,95,34,35,25,75,45,TS,WN,B,B,140,1006,0.09,M,25,JZC,
2022022618,15s.2022,ANIKA,TS,NN,-14.2,126.8,35,988,201,5,201,5,22,25,20,20,,NaN,NaN,NaN,NaN,NaN,TS,WN,B,B,95,1003,0.55,M,25,RCB,
2022022700,15s.2022,ANIKA,TS,NN,-14.4,126.5,30,991,209,4,209,4,NaN,NaN,NaN,NaN,NaN,NaN,NaN,NaN,NaN,NaN,TD,WN,B,B,95,1003,0.90,S,25,NaN,
2022022706,15s.2022,ANIKA,TS,NN,-14.6,126.4,30,995,224,3,224,3,NaN,NaN,NaN,NaN,NaN,NaN,NaN,NaN,NaN,NaN,TD,WN,B,B,75,1003,0.90,S,25,NaN,
2022022712,15s.2022,ANIKA,TS,NN,-15.0,126.3,30,998,198,3,198,3,NaN,NaN,NaN,NaN,NaN,NaN,NaN,NaN,NaN,NaN,TD,WN,B,B,80,1003,0.99,S,25,NaN,
2022022718,15s.2022,ANIKA,TS,NN,-15.4,125.9,30,1000,211,5,211,5,NaN,NaN,NaN,NaN,NaN,NaN,NaN,NaN,NaN,NaN,TD,WN,B,B,90,1003,1.00,S,25,NaN,
2022022800,15s.2022,ANIKA,TS,NN,-15.7,125.6,30,1000,224,5,224,5,NaN,NaN,NaN,NaN,NaN,NaN,NaN,NaN,NaN,NaN,TD,WN,B,B,90,1003,0.92,S,25,NaN,
2022022806,15s.2022,ANIKA,TS,NN,-16.2,125.4,30,998,211,5,211,5,NaN,NaN,NaN,NaN,NaN,NaN,NaN,NaN,NaN,NaN,TD,WN,B,B,90,1003,0.99,S,25,NaN,
2022022812,15s.2022,ANIKA,TS,NN,-16.8,124.8,25,1001,215,7,215,7,NaN,NaN,NaN,NaN,NaN,NaN,NaN,NaN,NaN,NaN,TD,WN,B,B,100,1004,1.00,S,25,NaN,
2022022818,15s.2022,ANIKA,TS,NN,-17.5,123.9,25,1001,228,10,228,10,NaN,NaN,NaN,NaN,NaN,NaN,NaN,NaN,NaN,NaN,TD,WN,B,B,100,1004,0.90,S,25,NaN,
2022030100,15s.2022,ANIKA,TS,NN,-17.5,122.9,25,1000,249,10,249,10,NaN,NaN,NaN,NaN,NaN,NaN,NaN,NaN,NaN,NaN,TD,WN,B,B,120,1004,0.93,S,30,NaN,
2022030106,15s.2022,ANIKA,TS,NN,-17.5,122.3,30,998,270,8,270,8,NaN,NaN,NaN,NaN,NaN,NaN,NaN,NaN,NaN,NaN,TD,WN,B,B,120,1002,0.79,S,30,NaN,
2022030112,15s.2022,ANIKA,TS,NN,-17.7,122.0,30,998,257,4,257,4,NaN,NaN,NaN,NaN,NaN,NaN,NaN,NaN,NaN,NaN,TD,WN,B,B,130,1003,0.29,S,30,NaN,
2022030118,15s.2022,ANIKA,TS,NN,-18.0,121.7,35,997,229,4,229,4,24,20,15,25,35,NaN,NaN,NaN,NaN,NaN,TS,WN,B,B,150,1001,0.01,S,30,TR,
2022030200,15s.2022,ANIKA,TS,NN,-18.8,121.1,40,997,218,7,218,7,32,20,40,50,20,NaN,NaN,NaN,NaN,NaN,TS,WN,B,B,160,1003,0.06,M,30,TR,
2022030206,15s.2022,ANIKA,TS,NN,-19.5,120.7,40,992,212,9,212,9,48,50,45,45,50,NaN,NaN,NaN,NaN,NaN,TS,WN,B,B,140,1000,0.20,M,20,BCH,
2022030212,15s.2022,ANIKA,TS,NN,-19.9,120.5,45,992,207,6,207,6,42,45,35,40,50,NaN,NaN,NaN,NaN,NaN,TS,WN,B,B,125,1000,0.70,M,15,BCH,
2022030218,15s.2022,ANIKA,TS,NN,-20.3,121.0,35,990,161,4,161,4,65,60,65,80,55,NaN,NaN,NaN,NaN,NaN,TS,NW,B,B,125,1000,1.00,NaN,15,NaN,
2022030300,15s.2022,ANIKA,TS,NN,-20.9,121.8,35,991,129,8,129,8,65,60,65,80,55,NaN,NaN,NaN,NaN,NaN,TS,NW,B,B,125,1000,1.00,NaN,15,NaN,
2022030306,15s.2022,ANIKA,TS,NN,-22.1,122.7,30,996,139,12,139,12,NaN,NaN,NaN,NaN,NaN,NaN,NaN,NaN,NaN,NaN,TD,NW,B,B,125,1000,1.00,M,15,NaN,
2022030312,15s.2022,ANIKA,TS,NN,-23.0,123.0,25,1003,152,12,152,12,NaN,NaN,NaN,NaN,NaN,NaN,NaN,NaN,NaN,NaN,TD,NW,B,B,90,1005,1.00,S,15,NaN,
2022030318,15s.2022,ANIKA,TS,NN,-23.9,125.6,25,1004,124,16,124,16,NaN,NaN,NaN,NaN,NaN,NaN,NaN,NaN,NaN,NaN,TD,NW,B,B,90,1005,1.00,NaN,15,NaN,
2022030400,15s.2022,ANIKA,TS,NN,-24.8,126.8,25,1004,117,20,117,20,NaN,NaN,NaN,NaN,NaN,NaN,NaN,NaN,NaN,NaN,TD,NW,B,B,90,1005,1.00,NaN,15,NaN,
2022022712,e5s.2022,9X-E5S,TS,NN,-9.5,106.1,15,1010,108,10,108,10,NaN,NaN,NaN,NaN,NaN,NaN,NaN,NaN,NaN,NaN,DB,NW,B,B,NaN,NaN,NaN,NaN,NaN,NaN,
2022022718,e5s.2022,9X-E5S,TS,NN,-9.8,106.9,15,1010,108,10,108,10,NaN,NaN,NaN,NaN,NaN,NaN,NaN,NaN,NaN,NaN,DB,NW,B,B,NaN,NaN,NaN,NaN,NaN,NaN,
2022022800,e5s.2022,9X-E5S,TS,NN,-10.1,108.0,15,1010,108,10,108,10,NaN,NaN,NaN,NaN,NaN,NaN,NaN,NaN,NaN,NaN,DB,NW,B,B,NaN,NaN,NaN,NaN,NaN,NaN,
2022022806,e5s.2022,9X-E5S,TS,NN,-10.4,109.0,15,1010,106,11,106,11,NaN,NaN,NaN,NaN,NaN,NaN,NaN,NaN,NaN,NaN,DB,NW,B,B,NaN,NaN,NaN,NaN,NaN,NaN,
2022022812,e5s.2022,9X-E5S,TS,NN,-10.4,109.9,15,1007,99,9,99,9,NaN,NaN,NaN,NaN,NaN,NaN,NaN,NaN,NaN,NaN,DB,NW,B,B,65,1007,NaN,NaN,20,NaN,
2022022818,e5s.2022,9X-E5S,TS,NN,-10.5,110.3,25,1004,94,6,94,6,NaN,NaN,NaN,NaN,NaN,NaN,NaN,NaN,NaN,NaN,TD,NW,B,B,100,1006,NaN,NaN,30,NaN,
2022030100,e5s.2022,9X-E5S,TS,NN,-10.7,110.5,25,1004,117,3,117,3,NaN,NaN,NaN,NaN,NaN,NaN,NaN,NaN,NaN,NaN,TD,NW,B,B,120,1006,NaN,NaN,40,NaN,
2022030106,e5s.2022,9X-E5S,TS,NN,-10.8,110.6,25,1004,135,2,135,2,NaN,NaN,NaN,NaN,NaN,NaN,NaN,NaN,NaN,NaN,TD,NW,B,B,120,1006,NaN,NaN,40,NaN,
2022030112,e5s.2022,9X-E5S,TS,NN,-10.9,110.7,25,1003,136,1,136,1,NaN,NaN,NaN,NaN,NaN,NaN,NaN,NaN,NaN,NaN,TD,NW,B,B,115,1006,NaN,NaN,40,NaN,
2022030118,e5s.2022,9X-E5S,TS,NN,-10.9,110.8,30,1000,117,1,117,1,NaN,NaN,NaN,NaN,NaN,NaN,NaN,NaN,NaN,NaN,TD,NW,B,B,115,1006,NaN,S,20,NaN,
2022030200,e5s.2022,9X-E5S,TS,NN,-10.9,111.0,35,999,90,1,90,1,32,,,40,25,NaN,NaN,NaN,NaN,NaN,TS,NW,B,B,80,1007,NaN,S,15,NaN,
2022030206,17s.2022,SEVENTEEN,TS,NN,-10.5,111.1,35,1001,36,2,36,2,32,,,40,25,NaN,NaN,NaN,NaN,NaN,TS,WN,B,B,80,1007,NaN,S,15,BCH,
2022030212,17s.2022,SEVENTEEN,TS,NN,-10.2,111.4,35,1000,29,4,29,4,32,,,30,35,NaN,NaN,NaN,NaN,NaN,TS,WN,B,B,80,1007,NaN,S,15,BCH,
2022030218,17s.2022,SEVENTEEN,TS,NN,-10.0,111.8,25,1005,54,4,54,4,NaN,NaN,NaN,NaN,NaN,NaN,NaN,NaN,NaN,NaN,TD,WN,B,B,85,1007,NaN,S,20,RCB,
2022030300,17s.2022,SEVENTEEN,TS,NN,-9.9,112.1,25,1005,66,4,66,4,NaN,NaN,NaN,NaN,NaN,NaN,NaN,NaN,NaN,NaN,TD,NW,B,B,85,1007,NaN,NaN,20,NaN,
2022030306,17s.2022,SEVENTEEN,TS,NN,-10.0,112.6,25,1004,90,4,90,4,NaN,NaN,NaN,NaN,NaN,NaN,NaN,NaN,NaN,NaN,TD,NW,B,B,85,1007,NaN,S,20,NaN,
2022030312,17s.2022,SEVENTEEN,TS,NN,-10.8,113.5,25,1004,123,8,123,8,NaN,NaN,NaN,NaN,NaN,NaN,NaN,NaN,NaN,NaN,TD,NW,B,B,85,1007,NaN,S,20,NaN,
2022022606,d4p.2022,9X-D4P,TS,NN,-17.2,162.5,15,1003,107,7,107,7,NaN,NaN,NaN,NaN,NaN,NaN,NaN,NaN,NaN,NaN,DB,NW,B,B,NaN,NaN,NaN,NaN,NaN,NaN,
2022022612,d4p.2022,9X-D4P,TS,NN,-17.4,163.0,15,1003,107,7,107,7,NaN,NaN,NaN,NaN,NaN,NaN,NaN,NaN,NaN,NaN,DB,NW,B,B,NaN,NaN,NaN,NaN,NaN,NaN,
2022022618,d4p.2022,9X-D4P,TS,NN,-17.6,163.9,15,1003,107,7,107,7,NaN,NaN,NaN,NaN,NaN,NaN,NaN,NaN,NaN,NaN,DB,NW,B,B,NaN,NaN,NaN,NaN,NaN,NaN,
2022022700,d4p.2022,9X-D4P,TS,NN,-17.8,164.4,15,1003,107,7,107,7,NaN,NaN,NaN,NaN,NaN,NaN,NaN,NaN,NaN,NaN,DB,NW,B,B,125,1005,NaN,NaN,25,NaN,
2022022706,d4p.2022,9X-D4P,TS,NN,-18.4,164.9,15,1001,130,6,130,6,NaN,NaN,NaN,NaN,NaN,NaN,NaN,NaN,NaN,NaN,DB,NW,B,B,125,1005,NaN,NaN,25,NaN,
2022022712,d4p.2022,9X-D4P,TS,NN,-19.3,165.3,20,1002,150,9,150,9,NaN,NaN,NaN,NaN,NaN,NaN,NaN,NaN,NaN,NaN,DB,NW,B,B,125,1005,NaN,NaN,25,NaN,
2022022718,d4p.2022,9X-D4P,TS,NN,-20.3,165.8,20,1002,156,10,156,10,NaN,NaN,NaN,NaN,NaN,NaN,NaN,NaN,NaN,NaN,DB,NW,B,B,125,1005,NaN,NaN,25,NaN,
2022022800,d4p.2022,9X-D4P,TS,NN,-21.3,166.7,20,1002,147,12,147,12,NaN,NaN,NaN,NaN,NaN,NaN,NaN,NaN,NaN,NaN,DB,NW,B,B,125,1005,0.21,NaN,25,NaN,
2022022806,d4p.2022,9X-D4P,TS,NN,-21.7,167.2,25,1003,137,10,137,10,NaN,NaN,NaN,NaN,NaN,NaN,NaN,NaN,NaN,NaN,TD,NW,B,B,125,1005,0.06,S,25,NaN,
2022022812,d4p.2022,9X-D4P,TS,NN,-22.0,167.2,25,1005,146,4,146,4,NaN,NaN,NaN,NaN,NaN,NaN,NaN,NaN,NaN,NaN,TD,NW,B,B,125,1007,0.17,S,25,NaN,
2022022818,d4p.2022,9X-D4P,TS,NN,-22.3,167.3,25,1004,171,3,171,3,NaN,NaN,NaN,NaN,NaN,NaN,NaN,NaN,NaN,NaN,TD,NW,B,B,125,1007,0.02,S,25,NaN,
2022030100,d4p.2022,9X-D4P,TS,NN,-22.6,167.6,25,1000,148,4,148,4,NaN,NaN,NaN,NaN,NaN,NaN,NaN,NaN,NaN,NaN,TD,NW,B,B,125,1007,0.02,NaN,25,NaN,
2022030106,d4p.2022,9X-D4P,TS,NN,-23.2,167.9,30,996,148,5,148,5,NaN,NaN,NaN,NaN,NaN,NaN,NaN,NaN,NaN,NaN,TD,NW,B,B,140,1002,NaN,S,35,NaN,
2022030112,d4p.2022,9X-D4P,TS,NN,-23.9,168.3,30,996,154,7,154,7,NaN,NaN,NaN,NaN,NaN,NaN,NaN,NaN,NaN,NaN,TD,NW,B,B,155,1002,NaN,S,35,NaN,
2022030118,d4p.2022,9X-D4P,TS,NN,-24.4,169.2,30,994,135,8,135,8,NaN,NaN,NaN,NaN,NaN,NaN,NaN,NaN,NaN,NaN,TD,NW,B,B,130,1000,NaN,S,35,NaN,
2022030200,d4p.2022,9X-D4P,TS,NN,-24.9,170.0,30,995,123,9,123,9,NaN,NaN,NaN,NaN,NaN,NaN,NaN,NaN,NaN,NaN,TD,NW,B,B,150,1001,NaN,S,30,NaN,
2022030206,d4p.2022,9X-D4P,TS,NN,-25.3,170.9,30,994,120,9,120,9,NaN,NaN,NaN,NaN,NaN,NaN,NaN,NaN,NaN,NaN,TD,NW,B,B,150,1000,NaN,S,30,NaN,
2022030212,d4p.2022,9X-D4P,TS,NN,-25.4,172.3,30,996,104,11,104,11,NaN,NaN,NaN,NaN,NaN,NaN,NaN,NaN,NaN,NaN,TD,NW,B,B,150,1002,NaN,M,90,NaN,
2022030218,d4p.2022,9X-D4P,TS,NN,-25.5,173.0,30,996,96,10,96,10,NaN,NaN,NaN,NaN,NaN,NaN,NaN,NaN,NaN,NaN,TD,NW,B,B,150,1002,NaN,M,90,NaN,
2022030300,18p.2022,EVA,TS,NN,-25.8,174.0,40,997,105,8,105,8,66,70,105,85,5,NaN,NaN,NaN,NaN,NaN,TS,WN,B,B,175,1005,NaN,M,105,RCB,
2022030306,18p.2022,EVA,TS,NN,-25.8,175.0,40,987,99,9,99,9,192,175,275,250,70,NaN,NaN,NaN,NaN,NaN,TS,WN,B,B,175,1005,NaN,M,105,NaN,
2022030312,18p.2022,EVA,TS,NN,-26.1,174.8,40,995,113,4,113,4,106,50,205,85,85,NaN,NaN,NaN,NaN,NaN,TS,WN,B,B,205,1008,NaN,M,30,JZC,
2022030318,18p.2022,EVA,TS,NN,-26.4,174.5,35,996,217,4,217,4,88,,90,85,,NaN,NaN,NaN,NaN,NaN,TS,WN,B,B,290,1005,NaN,M,90,RCB,
2022030400,18p.2022,EVA,TS,NN,-25.5,174.2,35,997,318,4,318,4,118,,120,115,,NaN,NaN,NaN,NaN,NaN,SS,WN,B,B,320,1006,NaN,M,120,RCB,
2022030406,18p.2022,EVA,TS,NN,-25.3,175.0,30,992,22,6,22,6,NaN,NaN,NaN,NaN,NaN,NaN,NaN,NaN,NaN,NaN,SD,NW,B,B,295,1006,NaN,M,120,NaN,
2022030412,18p.2022,EVA,TS,NN,-25.4,175.6,30,1002,85,6,85,6,NaN,NaN,NaN,NaN,NaN,NaN,NaN,NaN,NaN,NaN,SD,NW,B,B,230,1009,NaN,S,120,NaN,
2022030418,18p.2022,EVA,TS,NN,-25.8,175.7,30,998,128,4,128,4,NaN,NaN,NaN,NaN,NaN,NaN,NaN,NaN,NaN,NaN,SD,NW,B,B,170,1006,NaN,S,120,NaN,
2022030500,18p.2022,EVA,TS,NN,-25.4,175.1,30,997,270,2,270,2,NaN,NaN,NaN,NaN,NaN,NaN,NaN,NaN,NaN,NaN,SD,NW,B,B,170,1006,NaN,NaN,120,NaN,
2022030506,18p.2022,EVA,TS,NN,-25.3,174.7,30,1000,299,5,299,5,NaN,NaN,NaN,NaN,NaN,NaN,NaN,NaN,NaN,NaN,SD,NW,B,B,200,1006,NaN,NaN,120,NaN,
2022030512,18p.2022,EVA,TS,NN,-25.5,174.0,30,1000,264,5,264,5,NaN,NaN,NaN,NaN,NaN,NaN,NaN,NaN,NaN,NaN,SD,NW,B,B,225,1009,NaN,NaN,120,NaN,
2022030518,18p.2022,EVA,TS,NN,-25.7,173.8,30,1000,244,5,244,5,NaN,NaN,NaN,NaN,NaN,NaN,NaN,NaN,NaN,NaN,SD,NW,B,B,225,1009,NaN,NaN,120,NaN,
2022030600,18p.2022,EVA,TS,NN,-26.1,173.0,30,1000,236,5,236,5,NaN,NaN,NaN,NaN,NaN,NaN,NaN,NaN,NaN,NaN,SD,NW,B,B,200,1007,NaN,NaN,120,NaN,
2022030606,18p.2022,EVA,TS,NN,-26.6,172.3,30,1000,236,8,236,8,NaN,NaN,NaN,NaN,NaN,NaN,NaN,NaN,NaN,NaN,SD,NW,B,B,210,1006,NaN,NaN,100,NaN,
2022030612,18p.2022,EVA,TS,NN,-26.6,171.0,25,1004,254,9,254,9,NaN,NaN,NaN,NaN,NaN,NaN,NaN,NaN,NaN,NaN,SD,NW,B,B,210,1008,NaN,NaN,100,NaN,
2022030400,d7s.2022,9X-D7S,TY,NN,-15.6,55.9,15,1010,142,9,136,3,NaN,NaN,NaN,NaN,NaN,NaN,NaN,NaN,NaN,NaN,DB,NW,b,b,NaN,NaN,NaN,NaN,NaN,NaN,
2022030406,d7s.2022,9X-D7S,TY,NN,-16.3,56.4,15,1008,142,9,136,3,NaN,NaN,NaN,NaN,NaN,NaN,NaN,NaN,NaN,NaN,DB,NW,b,b,195,1012,NaN,NaN,30,NaN,
2022030412,d7s.2022,9X-D7S,TY,NN,-16.0,56.3,15,1004,287,7,136,3,NaN,NaN,NaN,NaN,NaN,NaN,NaN,NaN,NaN,NaN,DB,NW,B,B,190,1007,NaN,NaN,30,NaN,
2022030418,d7s.2022,9X-D7S,TY,NN,-15.7,55.4,15,1008,287,7,302,6,NaN,NaN,NaN,NaN,NaN,NaN,NaN,NaN,NaN,NaN,DB,NW,B,B,190,1007,NaN,NaN,30,NaN,
2022030500,d7s.2022,9X-D7S,TY,NN,-15.6,54.9,15,1005,287,7,287,7,NaN,NaN,NaN,NaN,NaN,NaN,NaN,NaN,NaN,NaN,DB,NW,B,B,190,1007,NaN,NaN,30,NaN,
2022030506,d7s.2022,9X-D7S,TY,NN,-15.8,54.4,15,1005,264,5,264,5,NaN,NaN,NaN,NaN,NaN,NaN,NaN,NaN,NaN,NaN,DB,NW,B,B,200,1009,NaN,NaN,30,NaN,
2022030512,d7s.2022,9X-D7S,TY,NN,-16.0,54.1,20,1004,243,4,243,4,NaN,NaN,NaN,NaN,NaN,NaN,NaN,NaN,NaN,NaN,DB,NW,B,B,200,1007,NaN,NaN,30,NaN,
2022030518,d7s.2022,9X-D7S,TY,NN,-16.4,54.4,20,1004,180,3,180,3,NaN,NaN,NaN,NaN,NaN,NaN,NaN,NaN,NaN,NaN,DB,NW,B,B,190,1007,NaN,S,30,NaN,
2022030600,d7s.2022,9X-D7S,TY,NN,-16.3,54.7,25,1003,117,3,117,3,NaN,NaN,NaN,NaN,NaN,NaN,NaN,NaN,NaN,NaN,TD,NW,B,B,200,1006,NaN,S,40,NaN,
2022030606,d7s.2022,9X-D7S,TY,NN,-16.1,54.5,25,1004,18,2,18,2,NaN,NaN,NaN,NaN,NaN,NaN,NaN,NaN,NaN,NaN,TD,NW,B,B,200,1008,NaN,S,40,NaN,
2022030612,d7s.2022,9X-D7S,TY,NN,-16.0,53.5,25,1002,285,6,285,6,NaN,NaN,NaN,NaN,NaN,NaN,NaN,NaN,NaN,NaN,TD,NW,B,B,200,1006,NaN,S,40,NaN,
2022030618,d7s.2022,9X-D7S,TY,NN,-15.4,52.9,25,1006,294,8,294,8,NaN,NaN,NaN,NaN,NaN,NaN,NaN,NaN,NaN,NaN,TD,NW,B,B,150,1008,NaN,S,40,NaN,
2022030700,d7s.2022,9X-D7S,TY,NN,-15.2,52.4,25,1003,307,7,307,7,NaN,NaN,NaN,NaN,NaN,NaN,NaN,NaN,NaN,NaN,TD,NW,B,B,150,1005,NaN,S,30,NaN,
2022030706,d7s.2022,9X-D7S,TY,NN,-15.2,52.1,25,1004,285,4,285,4,NaN,NaN,NaN,NaN,NaN,NaN,NaN,NaN,NaN,NaN,TD,NW,B,B,165,1007,NaN,S,30,NaN,
2022030712,d7s.2022,9X-D7S,TY,NN,-15.5,51.8,30,1001,243,3,243,3,NaN,NaN,NaN,NaN,NaN,NaN,NaN,NaN,NaN,NaN,TD,NW,B,B,165,1006,NaN,S,30,NaN,
2022030718,19s.2022,GOMBE,TY,NN,-15.6,51.3,35,999,243,4,243,4,30,,,30,,NaN,NaN,NaN,NaN,NaN,TS,WN,B,B,155,1005,NaN,S,30,RCB,
2022030800,19s.2022,GOMBE,TY,NN,-15.5,50.4,35,999,270,7,270,7,40,,,40,,NaN,NaN,NaN,NaN,NaN,TS,WN,B,B,155,1005,0.37,S,30,NaN,
2022030806,19s.2022,GOMBE,TY,NN,-15.4,49.4,30,1004,276,9,276,9,NaN,NaN,NaN,NaN,NaN,NaN,NaN,NaN,NaN,NaN,TD,WN,B,B,170,1008,0.82,S,30,JZC,
2022030812,19s.2022,GOMBE,TY,NN,-15.0,48.4,30,1002,285,10,285,10,NaN,NaN,NaN,NaN,NaN,NaN,NaN,NaN,NaN,NaN,TD,WN,B,B,160,1006,0.98,S,30,NaN,
2022030818,19s.2022,GOMBE,TY,NN,-15.1,47.6,30,1002,280,9,280,9,NaN,NaN,NaN,NaN,NaN,NaN,NaN,NaN,NaN,NaN,TD,WN,B,B,160,1006,0.59,S,30,RCB,
2022030900,19s.2022,GOMBE,TY,NN,-14.9,46.9,45,996,274,7,274,7,36,35,20,65,25,NaN,NaN,NaN,NaN,NaN,TS,WN,B,B,175,1006,0.28,S,25,NaN,
2022030906,19s.2022,GOMBE,TY,NN,-14.8,46.1,50,997,282,7,282,7,36,30,35,35,45,NaN,NaN,NaN,NaN,NaN,TS,WN,B,B,145,1008,NaN,S,25,JZC,
2022030912,19s.2022,GOMBE,TY,NN,-15.0,45.2,55,992,267,8,267,8,56,10,70,95,50,30,,,95,,TS,WN,B,B,130,1006,NaN,S,25,NaN,
2022030918,19s.2022,GOMBE,TY,NN,-15.3,44.4,55,992,253,9,253,9,50,45,60,50,45,25,25,25,50,25,TS,WN,B,B,160,1006,NaN,S,20,SJB,
2022031000,19s.2022,GOMBE,TY,NN,-15.4,43.6,60,989,255,8,255,8,65,75,60,60,65,34,45,30,60,35,TS,WN,B,B,160,1006,NaN,D,15,SJB,
2022031006,19s.2022,GOMBE,TY,NN,-15.6,42.8,65,988,259,8,259,8,72,65,95,70,60,31,25,45,70,25,TY,WN,B,B,150,1009,NaN,D,15,BCH,
2022031012,19s.2022,GOMBE,TY,NN,-15.9,42.1,75,979,251,8,251,8,81,80,90,75,80,50,55,60,75,50,TY,WN,B,B,150,1006,NaN,D,15,BCH,
2022031018,19s.2022,GOMBE,TY,NN,-15.7,41.3,80,975,266,7,266,7,88,75,100,95,80,46,40,55,95,40,TY,WN,B,B,140,1006,NaN,D,15,MEK,
2022031100,19s.2022,GOMBE,TY,NN,-15.5,40.6,100,959,285,7,285,7,98,80,115,115,80,51,45,60,115,45,TY,WN,B,B,140,1006,0.46,D,15,MEK,
2022031106,19s.2022,GOMBE,TY,NN,-15.2,40.1,80,978,293,6,293,6,86,85,115,80,65,44,45,60,80,30,TY,WN,B,B,150,1009,0.98,D,15,BCH,
2022031112,19s.2022,GOMBE,TY,NN,-15.3,39.3,55,991,279,6,279,6,61,55,90,60,40,32,,35,60,,TS,WN,B,B,145,1006,0.98,D,15,NaN,
2022031118,19s.2022,GOMBE,TY,NN,-15.2,38.4,45,998,270,8,270,8,31,30,25,40,30,NaN,NaN,NaN,NaN,NaN,TS,WN,B,B,160,1006,0.99,M,20,RCB,
2022031200,19s.2022,GOMBE,TY,NN,-15.1,37.3,35,1001,276,10,276,10,30,45,25,30,20,NaN,NaN,NaN,NaN,NaN,TS,WN,B,B,160,1006,0.99,M,20,NaN,
2022031206,19s.2022,GOMBE,TY,NN,-15.1,36.7,30,1003,273,8,273,8,NaN,NaN,NaN,NaN,NaN,NaN,NaN,NaN,NaN,NaN,TD,WN,B,B,160,1007,0.99,M,25,JZC,
2022031212,19s.2022,GOMBE,TY,NN,-15.3,35.8,25,1004,262,7,262,7,NaN,NaN,NaN,NaN,NaN,NaN,NaN,NaN,NaN,NaN,TD,WN,B,B,160,1007,0.91,M,25,NaN,
2022031218,19s.2022,GOMBE,TY,NN,-15.6,35.1,25,1007,252,8,252,8,NaN,NaN,NaN,NaN,NaN,NaN,NaN,NaN,NaN,NaN,TD,WN,B,B,120,1008,0.98,M,25,RCB,
2022031300,19s.2022,GOMBE,TY,NN,-15.9,34.7,25,1007,240,6,240,6,NaN,NaN,NaN,NaN,NaN,NaN,NaN,NaN,NaN,NaN,TD,NW,B,B,120,1008,0.97,M,25,NaN,
2022031306,19s.2022,GOMBE,TY,NN,-16.3,34.5,20,1007,219,5,219,5,NaN,NaN,NaN,NaN,NaN,NaN,NaN,NaN,NaN,NaN,DB,NW,B,B,120,1009,0.94,S,25,NaN,
2022031312,19s.2022,GOMBE,TY,NN,-16.7,34.9,20,1008,167,4,167,4,NaN,NaN,NaN,NaN,NaN,NaN,NaN,NaN,NaN,NaN,DB,NW,B,B,120,1010,0.95,S,25,NaN,
2022031318,19s.2022,GOMBE,TY,NN,-17.1,35.4,20,1007,133,6,133,6,NaN,NaN,NaN,NaN,NaN,NaN,NaN,NaN,NaN,NaN,DB,NW,B,B,120,1010,0.97,NaN,25,NaN,
2022031400,19s.2022,GOMBE,TY,NN,-17.4,35.7,20,1008,132,5,132,5,NaN,NaN,NaN,NaN,NaN,NaN,NaN,NaN,NaN,NaN,DB,NW,B,B,100,1009,0.93,NaN,25,NaN,
2022031406,19s.2022,GOMBE,TY,NN,-17.7,36.0,20,1007,136,4,136,4,NaN,NaN,NaN,NaN,NaN,NaN,NaN,NaN,NaN,NaN,DB,NW,B,B,100,1009,0.97,NaN,25,NaN,
2022031412,19s.2022,GOMBE,TY,NN,-18.2,36.7,20,1007,130,6,130,6,NaN,NaN,NaN,NaN,NaN,NaN,NaN,NaN,NaN,NaN,DB,NW,B,B,100,1009,0.80,NaN,25,NaN,
2022031418,19s.2022,GOMBE,TY,NN,-18.3,37.1,20,1007,120,6,120,6,NaN,NaN,NaN,NaN,NaN,NaN,NaN,NaN,NaN,NaN,DB,NW,B,B,100,1009,0.11,NaN,25,NaN,
2022031500,19s.2022,GOMBE,TY,NN,-18.3,37.4,25,1006,99,3,99,3,NaN,NaN,NaN,NaN,NaN,NaN,NaN,NaN,NaN,NaN,TD,NW,B,B,100,1009,NaN,S,25,NaN,
2022031506,19s.2022,GOMBE,TY,NN,-18.3,37.7,25,1006,90,3,90,3,NaN,NaN,NaN,NaN,NaN,NaN,NaN,NaN,NaN,NaN,TD,NW,B,B,100,1009,NaN,S,25,NaN,
2022031512,19s.2022,GOMBE,TY,NN,-18.1,38.1,25,1005,73,3,73,3,NaN,NaN,NaN,NaN,NaN,NaN,NaN,NaN,NaN,NaN,TD,NW,B,B,100,1009,NaN,S,25,NaN,
2022031518,19s.2022,GOMBE,TY,NN,-18.0,37.9,25,1004,32,2,32,2,NaN,NaN,NaN,NaN,NaN,NaN,NaN,NaN,NaN,NaN,TD,NW,B,B,60,1007,NaN,NaN,25,NaN,
2022031600,19s.2022,GOMBE,TY,NN,-17.9,37.9,25,1004,316,1,316,1,NaN,NaN,NaN,NaN,NaN,NaN,NaN,NaN,NaN,NaN,TD,NW,B,B,60,1006,NaN,NaN,25,NaN,
2022031606,19s.2022,GOMBE,TY,NN,-17.8,37.8,25,1004,335,1,335,1,NaN,NaN,NaN,NaN,NaN,NaN,NaN,NaN,NaN,NaN,TD,NW,B,B,60,1006,NaN,NaN,25,NaN,
2022031612,19s.2022,GOMBE,TY,NN,-17.8,37.6,25,1004,289,2,289,2,NaN,NaN,NaN,NaN,NaN,NaN,NaN,NaN,NaN,NaN,TD,NW,B,B,60,1006,0.11,NaN,25,NaN,
2022031618,19s.2022,GOMBE,TY,NN,-18.0,37.3,25,1004,247,3,247,3,NaN,NaN,NaN,NaN,NaN,NaN,NaN,NaN,NaN,NaN,TD,NW,B,B,60,1006,0.11,NaN,25,NaN,
2022031700,19s.2022,GOMBE,TY,NN,-18.0,37.0,25,1004,251,3,251,3,NaN,NaN,NaN,NaN,NaN,NaN,NaN,NaN,NaN,NaN,TD,NW,B,B,60,1006,0.45,NaN,25,NaN,
2022031706,19s.2022,GOMBE,TY,NN,-18.0,36.7,25,1004,270,3,270,3,NaN,NaN,NaN,NaN,NaN,NaN,NaN,NaN,NaN,NaN,TD,NW,B,B,60,1006,0.80,NaN,25,NaN,
2022031712,19s.2022,GOMBE,TY,NN,-18.1,36.0,25,1004,264,5,264,5,NaN,NaN,NaN,NaN,NaN,NaN,NaN,NaN,NaN,NaN,TD,NW,B,B,60,1006,0.92,NaN,25,NaN,
2022031718,19s.2022,GOMBE,TY,NN,-18.1,35.3,25,1004,266,7,266,7,NaN,NaN,NaN,NaN,NaN,NaN,NaN,NaN,NaN,NaN,TD,NW,B,B,60,1006,0.91,NaN,25,NaN,
2022031018,d0s.2022,9X-D0S,TS,NN,-10.6,112.0,15,1010,258,3,258,3,NaN,NaN,NaN,NaN,NaN,NaN,NaN,NaN,NaN,NaN,DB,NW,B,B,NaN,NaN,NaN,NaN,NaN,NaN,
2022031100,d0s.2022,9X-D0S,TS,NN,-10.6,112.0,15,1005,258,3,258,3,NaN,NaN,NaN,NaN,NaN,NaN,NaN,NaN,NaN,NaN,DB,NW,B,B,150,1007,NaN,NaN,50,NaN,
2022031106,d0s.2022,9X-D0S,TS,NN,-10.7,111.5,20,1005,258,3,258,3,NaN,NaN,NaN,NaN,NaN,NaN,NaN,NaN,NaN,NaN,DB,NW,B,B,165,1006,NaN,NaN,50,NaN,
2022031112,d0s.2022,9X-D0S,TS,NN,-10.7,110.9,20,1005,265,5,265,5,NaN,NaN,NaN,NaN,NaN,NaN,NaN,NaN,NaN,NaN,DB,NW,B,B,165,1006,NaN,NaN,50,NaN,
2022031118,d0s.2022,9X-D0S,TS,NN,-10.8,110.3,25,1004,265,6,265,6,NaN,NaN,NaN,NaN,NaN,NaN,NaN,NaN,NaN,NaN,TD,NW,B,B,165,1006,NaN,NaN,50,NaN,
2022031200,d0s.2022,9X-D0S,TS,NN,-10.8,109.7,25,1003,265,6,265,6,NaN,NaN,NaN,NaN,NaN,NaN,NaN,NaN,NaN,NaN,TD,NW,B,B,165,1006,NaN,NaN,50,NaN,
2022031206,d0s.2022,9X-D0S,TS,NN,-10.8,108.9,25,1004,270,7,270,7,NaN,NaN,NaN,NaN,NaN,NaN,NaN,NaN,NaN,NaN,TD,NW,B,B,165,1006,NaN,S,50,NaN,
2022031212,d0s.2022,9X-D0S,TS,NN,-11.0,107.7,25,1004,264,10,264,10,NaN,NaN,NaN,NaN,NaN,NaN,NaN,NaN,NaN,NaN,TD,NW,B,B,165,1006,NaN,S,50,NaN,
2022031218,d0s.2022,9X-D0S,TS,NN,-11.3,107.0,20,1005,255,10,255,10,NaN,NaN,NaN,NaN,NaN,NaN,NaN,NaN,NaN,NaN,DB,NW,B,B,165,1006,NaN,S,25,NaN,
2022031300,d0s.2022,9X-D0S,TS,NN,-11.9,106.1,25,1006,240,9,240,9,NaN,NaN,NaN,NaN,NaN,NaN,NaN,NaN,NaN,NaN,TD,NW,B,B,165,1008,NaN,S,25,NaN,
2022031306,d0s.2022,9X-D0S,TS,NN,-12.7,105.3,25,1004,230,11,230,11,NaN,NaN,NaN,NaN,NaN,NaN,NaN,NaN,NaN,NaN,TD,NW,B,B,165,1008,NaN,S,25,NaN,
2022031312,d0s.2022,9X-D0S,TS,NN,-13.3,104.3,30,1002,231,11,231,11,NaN,NaN,NaN,NaN,NaN,NaN,NaN,NaN,NaN,NaN,TD,NW,B,B,170,1006,NaN,M,45,NaN,
2022031318,20s.2022,BILLY,TS,NN,-13.6,103.3,35,998,245,11,245,11,32,,35,30,,NaN,NaN,NaN,NaN,NaN,TS,WN,B,B,180,1006,NaN,M,35,RCB,
2022031400,20s.2022,BILLY,TS,NN,-14.3,102.2,45,998,244,11,244,11,39,35,50,45,25,NaN,NaN,NaN,NaN,NaN,TS,WN,B,B,190,1006,NaN,S,35,NaN,
2022031406,20s.2022,BILLY,TS,NN,-15.4,100.8,50,996,233,15,233,15,56,45,70,75,35,NaN,NaN,NaN,NaN,NaN,TS,WN,B,B,190,1006,NaN,M,25,JZC,
2022031412,20s.2022,BILLY,TS,NN,-16.3,99.8,60,989,229,15,229,15,70,65,80,85,50,21,15,30,85,5,TS,WN,B,B,180,1005,NaN,M,25,NaN,
2022031418,20s.2022,BILLY,TS,NN,-16.7,98.8,60,989,236,12,236,12,74,70,80,85,60,42,,40,85,,TS,WN,B,B,165,1005,NaN,S,20,BRS,
2022031500,20s.2022,BILLY,TS,NN,-16.9,98.1,60,988,250,9,250,9,76,70,90,85,60,30,25,40,85,25,TS,WN,B,B,150,1005,NaN,M,20,NaN,
2022031506,20s.2022,BILLY,TS,NN,-17.1,97.2,55,993,255,8,255,8,72,65,90,85,50,30,25,40,85,15,TS,WN,B,B,150,1007,NaN,D,25,SJB,
2022031512,20s.2022,BILLY,TS,NN,-17.3,96.3,55,993,257,9,257,9,74,55,100,90,50,31,30,35,90,30,TS,WN,B,B,150,1007,NaN,M,25,NaN,
2022031518,20s.2022,BILLY,TS,NN,-17.6,95.3,55,992,255,9,255,9,74,60,100,85,50,34,30,40,85,30,TS,WN,B,B,145,1006,NaN,D,25,BCH,
2022031600,20s.2022,BILLY,TS,NN,-17.9,94.6,45,996,250,9,250,9,75,70,80,75,75,NaN,NaN,NaN,NaN,NaN,TS,WN,B,B,135,1005,NaN,D,25,NaN,
2022031606,20s.2022,BILLY,TS,NN,-18.3,93.6,40,1000,247,9,247,9,56,25,105,70,25,NaN,NaN,NaN,NaN,NaN,TS,WN,B,B,135,1006,NaN,M,45,SJB,
2022031612,20s.2022,BILLY,TS,NN,-19.1,92.9,40,1000,233,10,233,10,55,50,60,65,45,NaN,NaN,NaN,NaN,NaN,TS,WN,B,B,135,1006,NaN,M,45,NaN,
2022031618,20s.2022,BILLY,TS,NN,-19.6,92.6,40,1000,216,8,216,8,65,,,105,25,NaN,NaN,NaN,NaN,NaN,TS,WN,B,B,125,1006,NaN,S,65,RCB,
2022031700,20s.2022,BILLY,TS,NN,-20.3,92.5,35,1002,197,6,197,6,90,,,90,,NaN,NaN,NaN,NaN,NaN,TS,WN,B,B,115,1006,NaN,S,65,NaN,
2022031706,20s.2022,BILLY,TS,NN,-21.6,93.2,30,1001,164,10,164,10,NaN,NaN,NaN,NaN,NaN,NaN,NaN,NaN,NaN,NaN,TD,WN,B,B,150,1006,NaN,S,60,NaN,
2022031712,20s.2022,BILLY,TS,NN,-23.2,93.5,30,1003,162,15,162,15,NaN,NaN,NaN,NaN,NaN,NaN,NaN,NaN,NaN,NaN,TD,WN,B,B,135,1007,NaN,S,60,NaN,
2022031718,20s.2022,BILLY,TS,NN,-23.5,93.9,30,1000,161,10,161,10,NaN,NaN,NaN,NaN,NaN,NaN,NaN,NaN,NaN,NaN,TD,NW,B,B,135,1007,NaN,NaN,60,NaN,
2022031700,f3s.2022,9X-F3S,TY,NN,-10.0,126.4,20,1007,278,11,278,11,NaN,NaN,NaN,NaN,NaN,NaN,NaN,NaN,NaN,NaN,DB,NW,B,B,85,1012,NaN,NaN,15,NaN,
2022031706,f3s.2022,9X-F3S,TY,NN,-9.7,125.3,20,1007,278,11,278,11,NaN,NaN,NaN,NaN,NaN,NaN,NaN,NaN,NaN,NaN,DB,NW,B,B,85,1012,0.26,NaN,15,NaN,
2022031712,f3s.2022,9X-F3S,TY,NN,-9.7,124.1,20,1012,278,11,278,11,NaN,NaN,NaN,NaN,NaN,NaN,NaN,NaN,NaN,NaN,DB,NW,B,B,85,1012,0.56,NaN,15,NaN,
2022031718,f3s.2022,9X-F3S,TY,NN,-10.0,123.3,20,1007,261,10,261,10,NaN,NaN,NaN,NaN,NaN,NaN,NaN,NaN,NaN,NaN,DB,NW,B,B,85,1012,0.32,NaN,80,NaN,
2022031800,f3s.2022,9X-F3S,TY,NN,-10.0,122.4,20,1007,260,9,260,9,NaN,NaN,NaN,NaN,NaN,NaN,NaN,NaN,NaN,NaN,DB,NW,B,B,85,1012,NaN,NaN,80,NaN,
2022031806,f3s.2022,9X-F3S,TY,NN,-10.4,121.1,20,1005,260,11,260,11,NaN,NaN,NaN,NaN,NaN,NaN,NaN,NaN,NaN,NaN,DB,NW,B,B,85,1012,0.06,NaN,80,NaN,
2022031812,f3s.2022,9X-F3S,TY,NN,-10.9,120.0,20,1005,249,13,249,13,NaN,NaN,NaN,NaN,NaN,NaN,NaN,NaN,NaN,NaN,DB,NW,B,B,85,1012,NaN,NaN,80,NaN,
2022031818,f3s.2022,9X-F3S,TY,NN,-11.2,118.9,25,1002,250,12,250,12,NaN,NaN,NaN,NaN,NaN,NaN,NaN,NaN,NaN,NaN,TD,NW,B,B,150,1004,NaN,NaN,65,NaN,
2022031900,f3s.2022,9X-F3S,TY,NN,-11.2,118.2,25,1003,260,9,260,9,NaN,NaN,NaN,NaN,NaN,NaN,NaN,NaN,NaN,NaN,TD,NW,B,B,175,1007,NaN,S,50,NaN,
2022031906,f3s.2022,9X-F3S,TY,NN,-11.5,117.3,25,1001,259,8,259,8,NaN,NaN,NaN,NaN,NaN,NaN,NaN,NaN,NaN,NaN,TD,NW,B,B,175,1005,NaN,S,50,NaN,
2022031912,f3s.2022,9X-F3S,TY,NN,-11.8,116.4,25,1003,251,9,251,9,NaN,NaN,NaN,NaN,NaN,NaN,NaN,NaN,NaN,NaN,TD,NW,B,B,175,1005,NaN,S,50,NaN,
2022031918,f3s.2022,9X-F3S,TY,NN,-12.0,115.8,30,1003,251,8,251,8,NaN,NaN,NaN,NaN,NaN,NaN,NaN,NaN,NaN,NaN,TD,NW,B,B,175,1007,NaN,S,50,NaN,
2022032000,f3s.2022,9X-F3S,TY,NN,-12.3,115.0,30,1000,250,7,250,7,NaN,NaN,NaN,NaN,NaN,NaN,NaN,NaN,NaN,NaN,TD,NW,B,B,165,1007,NaN,S,25,NaN,
2022032006,f3s.2022,9X-F3S,TY,NN,-12.6,114.3,35,999,248,8,248,8,60,,60,,,NaN,NaN,NaN,NaN,NaN,TS,NW,B,B,165,1006,NaN,S,25,NaN,
2022032012,21s.2022,CHARLOTTE,TY,NN,-13.1,113.5,35,1001,241,8,241,8,85,,95,75,,NaN,NaN,NaN,NaN,NaN,TS,WN,B,B,165,1007,NaN,M,25,SJB,
2022032018,21s.2022,CHARLOTTE,TY,NN,-13.6,112.7,45,997,237,9,237,9,82,,90,75,,NaN,NaN,NaN,NaN,NaN,TS,WN,B,B,185,1007,NaN,M,25,BCH,
2022032100,21s.2022,CHARLOTTE,TY,NN,-14.7,111.8,60,991,226,11,226,11,82,70,110,65,,42,,60,65,,TS,WN,B,B,185,1008,NaN,D,20,BCH,
2022032106,21s.2022,CHARLOTTE,TY,NN,-15.3,111.1,60,991,222,12,222,12,56,20,120,70,15,52,,75,70,,TS,WN,B,B,185,1008,NaN,D,15,SJB,
2022032112,21s.2022,CHARLOTTE,TY,NN,-16.0,110.6,60,990,222,9,222,9,85,85,105,90,60,39,40,50,90,25,TS,WN,B,B,185,1008,NaN,D,15,SJB,
2022032118,21s.2022,CHARLOTTE,TY,NN,-16.4,109.9,80,975,226,8,226,8,86,90,110,90,55,39,40,55,90,20,TY,WN,B,B,125,1006,NaN,D,12,OHS,
2022032200,21s.2022,CHARLOTTE,TY,NN,-16.7,109.4,90,967,239,7,239,7,96,95,115,105,70,46,45,60,105,30,TY,WN,B,B,125,1006,NaN,D,12,OHS,
2022032206,21s.2022,CHARLOTTE,TY,NN,-17.0,109.2,90,968,228,4,228,4,104,105,120,105,85,54,55,65,105,40,TY,WN,B,B,130,1006,NaN,D,12,RCB,
2022032212,21s.2022,CHARLOTTE,TY,NN,-17.5,109.1,85,970,200,4,200,4,115,115,130,130,85,56,55,70,130,40,TY,WN,B,B,125,1006,NaN,D,15,NaN,
2022032218,21s.2022,CHARLOTTE,TY,NN,-17.8,109.1,80,973,187,4,187,4,112,110,130,120,90,58,55,70,120,45,TY,WN,B,B,125,1006,NaN,D,12,JZC,
2022032300,21s.2022,CHARLOTTE,TY,NN,-18.3,108.9,75,978,193,4,193,4,105,105,120,120,75,48,40,60,120,35,TY,WN,B,B,150,1008,NaN,D,12,JZC,
2022032306,21s.2022,CHARLOTTE,TY,NN,-19.1,108.5,65,986,204,7,204,7,90,85,125,110,40,55,60,65,110,35,TY,WN,B,B,160,1008,NaN,D,12,RCB,
2022032312,21s.2022,CHARLOTTE,TY,NN,-19.3,108.0,60,988,220,7,220,7,81,75,105,90,55,36,35,50,90,20,TS,WN,B,B,165,1006,NaN,D,12,RCB,
2022032318,21s.2022,CHARLOTTE,TY,NN,-19.4,107.5,50,992,252,5,252,5,101,105,120,105,75,49,50,60,105,35,TS,WN,B,B,195,1006,NaN,D,25,BCH,
2022032400,21s.2022,CHARLOTTE,TY,NN,-19.9,107.4,35,1001,223,4,223,4,74,75,80,75,65,NaN,NaN,NaN,NaN,NaN,TS,WN,B,B,185,1006,NaN,M,25,BCH,
2022032406,21s.2022,CHARLOTTE,TY,NN,-21.1,107.3,30,1003,186,9,186,9,NaN,NaN,NaN,NaN,NaN,NaN,NaN,NaN,NaN,NaN,TD,NW,B,B,185,1006,NaN,M,35,NaN,
2022032412,21s.2022,CHARLOTTE,TY,NN,-22.4,107.1,30,1002,186,13,186,13,NaN,NaN,NaN,NaN,NaN,NaN,NaN,NaN,NaN,NaN,TD,NW,B,B,185,1006,NaN,M,35,NaN,
2022032418,21s.2022,CHARLOTTE,TY,NN,-23.7,106.9,30,1000,188,13,188,13,NaN,NaN,NaN,NaN,NaN,NaN,NaN,NaN,NaN,NaN,TD,NW,B,B,200,1007,NaN,S,35,NaN,
2022032500,21s.2022,CHARLOTTE,TY,NN,-24.8,106.9,30,1000,184,12,184,12,NaN,NaN,NaN,NaN,NaN,NaN,NaN,NaN,NaN,NaN,SD,NW,B,B,200,1007,NaN,S,45,NaN,
2022032506,21s.2022,CHARLOTTE,TY,NN,-26.5,107.2,40,995,174,14,174,14,65,,,65,,NaN,NaN,NaN,NaN,NaN,SS,NW,B,B,200,1007,NaN,S,50,NaN,
2022032512,21s.2022,CHARLOTTE,TY,NN,-28.6,107.8,35,997,168,19,168,19,58,,,80,35,NaN,NaN,NaN,NaN,NaN,SS,NW,B,B,200,1006,NaN,S,55,NaN,
2022032518,21s.2022,CHARLOTTE,TY,NN,-29.7,108.0,45,990,168,16,168,16,75,,85,100,40,NaN,NaN,NaN,NaN,NaN,SS,NW,B,B,200,1006,NaN,S,55,NaN,
2022032600,21s.2022,CHARLOTTE,TY,NN,-29.8,108.6,35,995,150,7,150,7,125,,,180,70,NaN,NaN,NaN,NaN,NaN,SS,NW,B,B,200,1006,NaN,S,180,NaN,
2022032606,21s.2022,CHARLOTTE,TY,NN,-28.4,108.9,35,996,31,8,31,8,102,,,155,50,NaN,NaN,NaN,NaN,NaN,EX,NW,B,B,200,1006,NaN,NaN,180,NaN,
2022032612,21s.2022,CHARLOTTE,TY,NN,-27.4,109.1,30,1000,10,12,10,12,NaN,NaN,NaN,NaN,NaN,NaN,NaN,NaN,NaN,NaN,EX,NW,B,B,220,1007,NaN,NaN,200,NaN,
2022032618,21s.2022,CHARLOTTE,TY,NN,-25.8,109.3,30,1001,8,13,8,13,NaN,NaN,NaN,NaN,NaN,NaN,NaN,NaN,NaN,NaN,EX,NW,B,B,220,1007,NaN,S,200,NaN,
2022031718,f4s.2022,9X-F4S,TY,NN,-6.9,92.9,20,NaN,329,3,96,2,NaN,NaN,NaN,NaN,NaN,NaN,NaN,NaN,NaN,NaN,NT,NW,c,c,NaN,NaN,NaN,NaN,NaN,NaN,
2022031800,f4s.2022,9X-F4S,TY,NN,-6.8,93.0,20,NaN,360,2,96,2,NaN,NaN,NaN,NaN,NaN,NaN,NaN,NaN,NaN,NaN,NT,NW,c,c,NaN,NaN,NaN,NaN,NaN,NaN,
2022031806,f4s.2022,9X-F4S,TY,NN,-6.9,93.3,20,NaN,360,2,96,2,NaN,NaN,NaN,NaN,NaN,NaN,NaN,NaN,NaN,NaN,NT,NW,c,c,NaN,NaN,NaN,NaN,NaN,NaN,
2022031812,f4s.2022,9X-F4S,TY,NN,-6.9,93.6,20,NaN,360,2,96,2,NaN,NaN,NaN,NaN,NaN,NaN,NaN,NaN,NaN,NaN,NT,NW,c,c,NaN,NaN,NaN,NaN,NaN,NaN,
2022031818,f4s.2022,9X-F4S,TY,NN,-7.0,93.9,20,NaN,45,2,96,2,NaN,NaN,NaN,NaN,NaN,NaN,NaN,NaN,NaN,NaN,NT,NW,c,c,NaN,NaN,NaN,NaN,NaN,NaN,
2022031900,f4s.2022,9X-F4S,TY,NN,-7.1,92.9,20,NaN,279,7,198,1,NaN,NaN,NaN,NaN,NaN,NaN,NaN,NaN,NaN,NaN,NT,NW,c,c,NaN,NaN,NaN,NaN,NaN,NaN,
2022031906,f4s.2022,9X-F4S,TY,NN,-6.9,93.0,20,NaN,276,4,276,4,NaN,NaN,NaN,NaN,NaN,NaN,NaN,NaN,NaN,NaN,NT,NW,c,c,NaN,NaN,NaN,NaN,NaN,NaN,
2022031912,f4s.2022,9X-F4S,TY,NN,-8.4,93.2,20,NaN,270,3,167,7,NaN,NaN,NaN,NaN,NaN,NaN,NaN,NaN,NaN,NaN,NT,NW,c,c,NaN,NaN,NaN,NaN,NaN,NaN,
2022031918,f4s.2022,9X-F4S,TY,NN,-9.3,91.1,20,NaN,252,10,218,15,NaN,NaN,NaN,NaN,NaN,NaN,NaN,NaN,NaN,NaN,NT,NW,c,c,NaN,NaN,NaN,NaN,NaN,NaN,
2022032000,f4s.2022,9X-F4S,TY,NN,-9.0,90.3,20,1004,267,9,258,15,NaN,NaN,NaN,NaN,NaN,NaN,NaN,NaN,NaN,NaN,DB,NW,B,B,170,1006,NaN,NaN,50,NaN,
2022032006,f4s.2022,9X-F4S,TY,NN,-9.0,89.4,20,1004,267,9,280,9,NaN,NaN,NaN,NaN,NaN,NaN,NaN,NaN,NaN,NaN,DB,NW,B,B,170,1006,NaN,NaN,50,NaN,
2022032012,f4s.2022,9X-F4S,TY,NN,-9.1,88.5,20,1004,267,9,267,9,NaN,NaN,NaN,NaN,NaN,NaN,NaN,NaN,NaN,NaN,DB,NW,B,B,170,1006,NaN,NaN,50,NaN,
2022032018,f4s.2022,9X-F4S,TY,NN,-9.5,87.6,20,1004,254,9,254,9,NaN,NaN,NaN,NaN,NaN,NaN,NaN,NaN,NaN,NaN,DB,NW,B,B,200,1008,NaN,NaN,50,NaN,
2022032100,f4s.2022,9X-F4S,TY,NN,-10.0,86.8,25,1004,242,10,242,10,NaN,NaN,NaN,NaN,NaN,NaN,NaN,NaN,NaN,NaN,TD,NW,B,B,215,1007,NaN,NaN,50,NaN,
2022032106,f4s.2022,9X-F4S,TY,NN,-10.3,85.8,25,1004,246,10,246,10,NaN,NaN,NaN,NaN,NaN,NaN,NaN,NaN,NaN,NaN,TD,NW,B,B,215,1008,NaN,S,45,NaN,
2022032112,f4s.2022,9X-F4S,TY,NN,-10.5,84.4,25,1004,258,12,258,12,NaN,NaN,NaN,NaN,NaN,NaN,NaN,NaN,NaN,NaN,TD,NW,B,B,215,1008,NaN,S,45,NaN,
2022032118,f4s.2022,9X-F4S,TY,NN,-10.8,83.0,25,1004,260,14,260,14,NaN,NaN,NaN,NaN,NaN,NaN,NaN,NaN,NaN,NaN,TD,NW,B,B,215,1008,NaN,S,45,NaN,
2022032200,f4s.2022,9X-F4S,TY,NN,-11.2,81.7,25,1004,255,14,255,14,NaN,NaN,NaN,NaN,NaN,NaN,NaN,NaN,NaN,NaN,TD,NW,B,B,215,1008,NaN,S,25,NaN,
2022032206,f4s.2022,9X-F4S,TY,NN,-11.6,80.4,25,1004,253,13,253,13,NaN,NaN,NaN,NaN,NaN,NaN,NaN,NaN,NaN,NaN,TD,NW,B,B,190,1007,NaN,S,25,NaN,
2022032212,f4s.2022,9X-F4S,TY,NN,-12.5,79.5,25,1004,239,13,239,13,NaN,NaN,NaN,NaN,NaN,NaN,NaN,NaN,NaN,NaN,TD,NW,B,B,190,1007,NaN,S,25,NaN,
2022032218,f4s.2022,9X-F4S,TY,NN,-12.9,78.5,30,1002,235,11,235,11,NaN,NaN,NaN,NaN,NaN,NaN,NaN,NaN,NaN,NaN,TD,NW,B,B,225,1010,NaN,S,25,NaN,
2022032300,f4s.2022,9X-F4S,TY,NN,-13.0,77.5,30,1002,256,10,256,10,NaN,NaN,NaN,NaN,NaN,NaN,NaN,NaN,NaN,NaN,TD,NW,B,B,235,1007,NaN,S,25,NaN,
2022032306,f4s.2022,9X-F4S,TY,NN,-12.8,77.1,35,1001,274,7,274,7,75,,75,75,,NaN,NaN,NaN,NaN,NaN,TS,NW,B,B,240,1007,NaN,S,25,NaN,
2022032312,22s.2022,HALIMA,TY,NN,-12.7,76.5,40,998,287,5,287,5,78,,75,80,,NaN,NaN,NaN,NaN,NaN,TS,WN,B,B,255,1006,NaN,S,25,RCB,
2022032318,22s.2022,HALIMA,TY,NN,-12.7,75.9,45,997,275,6,275,6,72,,70,80,65,NaN,NaN,NaN,NaN,NaN,TS,WN,B,B,255,1007,NaN,M,30,NaN,
2022032400,22s.2022,HALIMA,TY,NN,-12.8,75.4,60,987,265,5,265,5,59,70,70,65,30,38,35,40,65,,TS,WN,B,B,265,1005,NaN,D,25,BCH,
2022032406,22s.2022,HALIMA,TY,NN,-12.9,74.9,70,981,258,5,258,5,68,55,80,80,55,29,30,35,80,25,TY,WN,B,B,250,1006,NaN,D,10,NaN,
2022032412,22s.2022,HALIMA,TY,NN,-13.2,74.4,85,971,248,5,248,5,56,45,70,65,45,30,25,45,65,25,TY,WN,B,B,250,1006,NaN,D,10,SJB,
2022032418,22s.2022,HALIMA,TY,NN,-13.4,74.0,90,967,240,5,240,5,72,60,90,85,55,32,25,45,85,20,TY,WN,B,B,260,1006,NaN,D,5,NaN,
2022032500,22s.2022,HALIMA,TY,NN,-13.4,73.7,100,958,254,4,254,4,72,60,90,85,55,39,35,45,85,35,TY,WN,B,B,260,1006,NaN,D,5,BCH,
2022032506,22s.2022,HALIMA,TY,NN,-13.7,73.6,115,942,232,2,232,2,72,60,90,85,55,39,35,45,85,35,TY,WN,B,B,260,1006,NaN,D,5,NaN,
2022032512,22s.2022,HALIMA,TY,NN,-14.2,73.4,120,938,200,4,200,4,66,60,60,70,75,38,35,40,70,40,TY,WN,B,B,250,1004,NaN,D,5,SJB,
2022032518,22s.2022,HALIMA,TY,NN,-14.8,73.4,115,943,190,6,190,6,111,95,130,125,95,51,50,60,125,45,TY,WN,B,B,410,1009,NaN,D,5,NaN,
2022032600,22s.2022,HALIMA,TY,NN,-15.4,73.5,110,945,175,6,175,6,115,115,130,120,95,59,60,70,120,45,TY,WN,B,B,305,1006,NaN,D,5,JZC,
2022032606,22s.2022,HALIMA,TY,NN,-16.1,73.9,100,952,160,7,160,7,60,90,40,50,60,32,55,20,50,25,TY,WN,B,B,240,1006,NaN,D,5,NaN,
2022032612,22s.2022,HALIMA,TY,NN,-17.2,74.7,85,970,147,11,147,11,56,80,40,50,55,31,55,20,50,20,TY,WN,B,B,190,1005,NaN,D,5,RCB,
2022032618,22s.2022,HALIMA,TY,NN,-18.4,75.0,70,976,155,13,155,13,81,85,90,75,75,31,45,40,75,25,TY,WN,B,B,160,1007,NaN,M,5,NaN,
2022032700,22s.2022,HALIMA,TY,NN,-19.6,75.9,65,987,155,13,155,13,70,90,80,50,60,26,35,30,50,20,TY,WN,B,B,145,1007,NaN,M,15,JZC,
2022032706,22s.2022,HALIMA,TY,NN,-20.5,76.8,55,992,141,14,141,14,76,75,80,95,55,39,40,45,95,30,TS,WN,B,B,150,1008,NaN,M,15,NaN,
2022032712,22s.2022,HALIMA,TY,NN,-21.0,78.1,50,995,124,12,124,12,66,65,75,80,45,21,20,25,80,20,TS,WN,B,B,145,1008,NaN,M,20,RCB,
2022032718,22s.2022,HALIMA,TY,NN,-21.4,79.0,45,997,114,11,114,11,76,70,85,95,55,NaN,NaN,NaN,NaN,NaN,TS,WN,B,B,175,1009,NaN,M,20,NaN,
2022032800,22s.2022,HALIMA,TY,NN,-21.7,79.8,45,998,114,9,114,9,70,80,75,60,65,NaN,NaN,NaN,NaN,NaN,TS,WN,B,B,175,1009,NaN,M,20,JZC,
2022032806,22s.2022,HALIMA,TY,NN,-22.2,80.5,45,998,120,8,120,8,62,80,50,80,40,NaN,NaN,NaN,NaN,NaN,TS,WN,B,B,190,1009,NaN,M,40,NaN,
2022032812,22s.2022,HALIMA,TY,NN,-22.3,81.2,45,998,115,7,115,7,78,90,75,65,80,NaN,NaN,NaN,NaN,NaN,TS,WN,B,B,210,1007,NaN,M,40,RCB,
2022032818,22s.2022,HALIMA,TY,NN,-22.1,81.9,45,998,86,7,86,7,70,80,60,65,75,NaN,NaN,NaN,NaN,NaN,TS,WN,B,B,270,1008,NaN,M,40,NaN,
2022032900,22s.2022,HALIMA,TY,NN,-22.0,82.3,50,993,74,5,74,5,70,80,60,65,75,30,,30,65,,TS,WN,B,B,280,1006,NaN,M,25,BCH,
2022032906,22s.2022,HALIMA,TY,NN,-21.8,82.6,50,993,65,4,65,4,59,60,55,60,60,35,,35,60,,TS,WN,B,B,280,1006,NaN,M,25,NaN,
2022032912,22s.2022,HALIMA,TY,NN,-21.4,82.5,45,994,17,3,17,3,81,90,70,75,90,NaN,NaN,NaN,NaN,NaN,TS,WN,B,B,280,1006,NaN,M,40,SJB,
2022032918,22s.2022,HALIMA,TY,NN,-20.8,82.3,45,995,344,5,344,5,81,80,90,75,80,NaN,NaN,NaN,NaN,NaN,TS,WN,B,B,300,1006,NaN,M,40,NaN,
2022033000,22s.2022,HALIMA,TY,NN,-20.3,82.2,45,997,346,6,346,6,65,65,70,60,65,NaN,NaN,NaN,NaN,NaN,TS,WN,B,B,300,1007,NaN,M,40,BCH,
2022033006,22s.2022,HALIMA,TY,NN,-19.9,82.2,40,998,354,5,354,5,68,70,65,65,70,NaN,NaN,NaN,NaN,NaN,TS,WN,B,B,300,1007,NaN,M,40,NaN,
2022033012,22s.2022,HALIMA,TY,NN,-19.7,82.3,40,998,9,3,9,3,52,35,55,70,50,NaN,NaN,NaN,NaN,NaN,TS,WN,B,B,300,1006,NaN,M,40,SJB,
2022033018,22s.2022,HALIMA,TY,NN,-19.5,82.5,35,1001,35,2,35,2,68,85,55,75,55,NaN,NaN,NaN,NaN,NaN,TS,WN,B,B,300,1007,NaN,M,40,NaN,
2022033100,22s.2022,HALIMA,TY,NN,-19.3,83.0,40,1000,59,4,59,4,54,45,80,60,30,NaN,NaN,NaN,NaN,NaN,TS,WN,B,B,340,1007,NaN,M,40,JZC,
2022033106,22s.2022,HALIMA,TY,NN,-19.5,83.6,40,1000,90,5,90,5,49,50,75,45,25,NaN,NaN,NaN,NaN,NaN,TS,WN,B,B,260,1007,NaN,M,45,NaN,
2022033112,22s.2022,HALIMA,TY,NN,-19.6,84.1,45,998,106,5,106,5,54,55,85,45,30,NaN,NaN,NaN,NaN,NaN,TS,WN,B,B,260,1007,NaN,M,45,RCB,
2022033118,22s.2022,HALIMA,TY,NN,-19.6,84.3,45,998,99,3,99,3,74,75,100,75,45,NaN,NaN,NaN,NaN,NaN,TS,WN,B,B,240,1008,NaN,M,45,NaN,
2022040100,22s.2022,HALIMA,TY,NN,-19.5,84.5,40,999,75,2,75,2,52,70,55,45,40,NaN,NaN,NaN,NaN,NaN,TS,WN,B,B,200,1007,NaN,M,45,JZC,
2022040106,22s.2022,HALIMA,TY,NN,-19.4,84.6,35,1001,55,2,55,2,39,50,10,50,45,NaN,NaN,NaN,NaN,NaN,TS,WN,B,B,160,1006,NaN,M,50,NaN,
2022040112,22s.2022,HALIMA,TY,NN,-19.3,84.5,35,1001,360,1,360,1,34,45,15,45,30,NaN,NaN,NaN,NaN,NaN,TS,WN,B,B,160,1006,NaN,M,45,NaN,
2022040118,22s.2022,HALIMA,TY,NN,-19.1,84.7,30,1002,17,2,17,2,NaN,NaN,NaN,NaN,NaN,NaN,NaN,NaN,NaN,NaN,TD,NW,B,B,150,1008,NaN,M,45,NaN,
2022040200,22s.2022,HALIMA,TY,NN,-19.0,84.8,30,1001,43,2,43,2,NaN,NaN,NaN,NaN,NaN,NaN,NaN,NaN,NaN,NaN,TD,NW,B,B,180,1007,NaN,M,45,NaN,
2022040206,22s.2022,HALIMA,TY,NN,-18.8,84.7,30,1001,360,2,360,2,NaN,NaN,NaN,NaN,NaN,NaN,NaN,NaN,NaN,NaN,TD,NW,B,B,180,1007,NaN,S,45,NaN,
2022040212,22s.2022,HALIMA,TY,NN,-18.8,84.4,30,1001,298,2,298,2,NaN,NaN,NaN,NaN,NaN,NaN,NaN,NaN,NaN,NaN,TD,NW,B,B,180,1007,NaN,S,45,NaN,
2022040218,22s.2022,HALIMA,TY,NN,-18.7,84.1,30,1002,280,3,280,3,NaN,NaN,NaN,NaN,NaN,NaN,NaN,NaN,NaN,NaN,TD,NW,B,B,160,1007,NaN,S,45,NaN,
2022040300,22s.2022,HALIMA,TY,NN,-18.9,83.8,25,1004,260,3,260,3,NaN,NaN,NaN,NaN,NaN,NaN,NaN,NaN,NaN,NaN,TD,NW,B,B,160,1007,NaN,S,45,NaN,
2022040306,22s.2022,HALIMA,TY,NN,-19.2,83.3,25,1004,237,5,237,5,NaN,NaN,NaN,NaN,NaN,NaN,NaN,NaN,NaN,NaN,TD,NW,B,B,160,1007,NaN,S,45,NaN,
2022040312,22s.2022,HALIMA,TY,NN,-19.1,82.0,25,1004,263,9,263,9,NaN,NaN,NaN,NaN,NaN,NaN,NaN,NaN,NaN,NaN,TD,NW,B,B,160,1007,NaN,NaN,45,NaN,
2022040318,22s.2022,HALIMA,TY,NN,-18.5,81.0,25,1004,288,11,288,11,NaN,NaN,NaN,NaN,NaN,NaN,NaN,NaN,NaN,NaN,TD,NW,B,B,135,1009,NaN,NaN,45,NaN,
2022040400,22s.2022,HALIMA,TY,NN,-18.5,80.5,25,1004,293,8,293,8,NaN,NaN,NaN,NaN,NaN,NaN,NaN,NaN,NaN,NaN,TD,NW,B,B,105,1008,NaN,NaN,45,NaN,
2022040118,e9p.2022,9X-E9P,TS,NN,-14.0,161.0,15,1004,130,9,130,9,NaN,NaN,NaN,NaN,NaN,NaN,NaN,NaN,NaN,NaN,DB,NW,b,b,NaN,NaN,NaN,NaN,NaN,NaN,
2022040200,e9p.2022,9X-E9P,TS,NN,-14.0,163.2,15,1006,130,9,130,9,NaN,NaN,NaN,NaN,NaN,NaN,NaN,NaN,NaN,NaN,DB,NW,b,b,NaN,NaN,NaN,NaN,NaN,NaN,
2022040206,e9p.2022,9X-E9P,TS,NN,-15.2,162.5,15,NaN,130,9,130,9,NaN,NaN,NaN,NaN,NaN,NaN,NaN,NaN,NaN,NaN,NT,NW,c,c,NaN,NaN,NaN,NaN,NaN,NaN,
2022040212,e9p.2022,9X-E9P,TS,NN,-15.7,163.1,15,NaN,131,8,183,9,NaN,NaN,NaN,NaN,NaN,NaN,NaN,NaN,NaN,NaN,NT,NW,c,c,NaN,NaN,NaN,NaN,NaN,NaN,
2022040218,e9p.2022,9X-E9P,TS,NN,-16.8,165.0,20,1007,266,7,124,14,NaN,NaN,NaN,NaN,NaN,NaN,NaN,NaN,NaN,NaN,DB,NW,B,B,150,1008,NaN,NaN,60,NaN,
2022040300,e9p.2022,9X-E9P,TS,NN,-17.0,164.3,20,1005,266,7,138,9,NaN,NaN,NaN,NaN,NaN,NaN,NaN,NaN,NaN,NaN,DB,NW,B,B,140,1007,NaN,S,60,NaN,
2022040306,e9p.2022,9X-E9P,TS,NN,-16.9,163.5,20,1005,266,7,266,7,NaN,NaN,NaN,NaN,NaN,NaN,NaN,NaN,NaN,NaN,DB,NW,B,B,140,1007,NaN,S,60,NaN,
2022040312,e9p.2022,9X-E9P,TS,NN,-15.8,163.6,25,1005,331,7,331,7,NaN,NaN,NaN,NaN,NaN,NaN,NaN,NaN,NaN,NaN,TD,NW,B,B,170,1009,NaN,S,60,NaN,
2022040318,e9p.2022,9X-E9P,TS,NN,-15.7,164.0,25,1004,22,6,22,6,NaN,NaN,NaN,NaN,NaN,NaN,NaN,NaN,NaN,NaN,TD,NW,B,B,180,1007,NaN,S,60,NaN,
2022040400,e9p.2022,9X-E9P,TS,NN,-16.2,163.3,30,1003,216,2,216,2,NaN,NaN,NaN,NaN,NaN,NaN,NaN,NaN,NaN,NaN,TD,NW,B,B,190,1008,NaN,S,45,NaN,
2022040406,23p.2022,FILI,TS,NN,-16.8,162.6,35,999,231,9,231,9,62,100,100,20,30,NaN,NaN,NaN,NaN,NaN,TS,WN,B,B,190,1006,NaN,M,35,SJB,
2022040412,23p.2022,FILI,TS,NN,-17.3,162.1,40,997,226,8,226,8,130,135,110,,145,NaN,NaN,NaN,NaN,NaN,TS,WN,B,B,190,1006,NaN,M,30,SJB,
2022040418,23p.2022,FILI,TS,NN,-17.5,161.3,45,996,241,7,241,7,70,95,100,55,30,NaN,NaN,NaN,NaN,NaN,TS,WN,B,B,220,1005,NaN,M,35,AAH,
2022040500,23p.2022,FILI,TS,NN,-17.9,160.9,45,996,242,6,242,6,118,200,160,90,20,NaN,NaN,NaN,NaN,NaN,TS,WN,B,B,250,1007,NaN,M,80,AAH,
2022040506,23p.2022,FILI,TS,NN,-18.2,161.1,45,996,195,4,195,4,110,200,150,70,20,NaN,NaN,NaN,NaN,NaN,TS,WN,B,B,230,1003,NaN,M,80,RCB,
2022040512,23p.2022,FILI,TS,NN,-18.5,161.5,50,995,136,4,136,4,101,90,100,120,95,50,,50,120,,TS,WN,B,B,240,1003,NaN,M,50,RCB,
2022040518,23p.2022,FILI,TS,NN,-18.9,161.8,50,990,137,5,137,5,78,90,85,65,70,34,40,40,65,30,TS,WN,B,B,270,1003,NaN,M,40,AAH,
2022040600,23p.2022,FILI,TS,NN,-19.3,162.2,60,988,140,5,140,5,95,125,105,70,80,45,65,50,70,35,TS,WN,B,B,235,1005,NaN,M,30,AAH,
2022040606,23p.2022,FILI,TS,NN,-19.8,162.8,55,990,134,7,134,7,109,135,125,85,90,54,70,65,85,40,TS,WN,B,B,240,1005,NaN,M,40,RCB,
2022040612,23p.2022,FILI,TS,NN,-20.7,163.6,55,990,137,10,137,10,72,70,100,70,50,30,35,30,70,25,TS,WN,B,B,230,1004,NaN,M,25,RCB,
2022040618,23p.2022,FILI,TS,NN,-21.7,164.1,55,989,147,11,147,11,75,75,90,60,75,31,35,30,60,35,TS,WN,B,B,255,1004,NaN,D,25,BCH,
2022040700,23p.2022,FILI,TS,NN,-22.4,164.3,50,993,159,9,159,9,74,75,90,55,75,31,35,30,55,30,TS,WN,B,B,245,1006,NaN,D,25,BCH,
2022040706,23p.2022,FILI,TS,NN,-23.0,164.5,45,996,164,7,164,7,66,80,75,50,60,NaN,NaN,NaN,NaN,NaN,TS,WN,B,B,245,1006,NaN,M,25,SJB,
2022040712,23p.2022,FILI,TS,NN,-23.9,164.8,45,995,163,8,163,8,66,80,75,50,60,NaN,NaN,NaN,NaN,NaN,TS,WN,B,B,245,1006,NaN,M,25,SJB,
2022040718,23p.2022,FILI,TS,NN,-24.7,165.2,40,998,159,9,159,9,66,80,75,50,60,NaN,NaN,NaN,NaN,NaN,TS,WN,B,B,220,1006,NaN,M,25,BCH,
2022040800,23p.2022,FILI,TS,NN,-25.3,165.8,35,1001,147,8,147,8,82,85,105,75,65,NaN,NaN,NaN,NaN,NaN,TS,WN,B,B,200,1008,NaN,M,25,BCH,
2022040806,23p.2022,FILI,TS,NN,-25.8,166.4,35,1000,135,8,135,8,86,90,100,100,55,NaN,NaN,NaN,NaN,NaN,TS,NW,B,B,200,1008,NaN,S,25,NaN,
2022040812,23p.2022,FILI,TS,NN,-26.0,167.2,40,996,119,7,119,7,105,75,145,130,70,NaN,NaN,NaN,NaN,NaN,SS,NW,B,B,200,1008,NaN,S,35,NaN,
2022040818,23p.2022,FILI,TS,NN,-25.9,167.8,40,993,95,6,95,6,94,95,105,95,80,NaN,NaN,NaN,NaN,NaN,SS,NW,B,B,200,1008,NaN,NaN,35,NaN,
2022040900,23p.2022,FILI,TS,NN,-25.7,168.5,40,993,76,6,76,6,160,,170,150,,NaN,NaN,NaN,NaN,NaN,SS,NW,B,B,200,1008,NaN,NaN,60,NaN,
2022040906,23p.2022,FILI,TS,NN,-25.5,169.3,40,993,74,7,74,7,131,110,195,125,95,NaN,NaN,NaN,NaN,NaN,SS,NW,B,B,200,1008,NaN,NaN,60,NaN,
2022040912,23p.2022,FILI,TS,NN,-25.4,170.0,35,996,78,7,78,7,140,,155,125,,NaN,NaN,NaN,NaN,NaN,SS,NW,B,B,215,1004,NaN,NaN,155,NaN,
2022040918,23p.2022,FILI,TS,NN,-25.3,169.2,35,996,336,1,336,1,205,,195,215,,NaN,NaN,NaN,NaN,NaN,SS,NW,B,B,215,1004,NaN,S,155,NaN,
2022041000,23p.2022,FILI,TS,NN,-25.0,168.6,35,996,288,7,288,7,200,,190,210,,NaN,NaN,NaN,NaN,NaN,SS,NW,B,B,215,1004,NaN,S,155,NaN,
2022041006,23p.2022,FILI,TS,NN,-24.8,168.3,35,996,302,5,302,5,150,,195,110,145,NaN,NaN,NaN,NaN,NaN,SS,NW,B,B,215,1004,NaN,NaN,155,NaN,
2022041012,23p.2022,FILI,TS,NN,-25.2,168.5,35,996,204,1,204,1,108,,125,85,115,NaN,NaN,NaN,NaN,NaN,SS,NW,B,B,215,1004,NaN,NaN,155,NaN,
2022041018,23p.2022,FILI,TS,NN,-25.7,169.0,30,996,145,6,145,6,NaN,NaN,NaN,NaN,NaN,NaN,NaN,NaN,NaN,NaN,SD,NW,B,B,215,1004,NaN,S,155,NaN,
2022041100,23p.2022,FILI,TS,NN,-26.7,170.0,25,1000,138,10,138,10,NaN,NaN,NaN,NaN,NaN,NaN,NaN,NaN,NaN,NaN,SD,NW,B,B,215,1004,NaN,S,155,NaN,
2022042006,f7s.2022,9X-F7S,TS,NN,-11.6,51.1,20,1007,254,11,254,11,NaN,NaN,NaN,NaN,NaN,NaN,NaN,NaN,NaN,NaN,DB,NW,B,B,NaN,NaN,NaN,NaN,NaN,NaN,
2022042012,f7s.2022,9X-F7S,TS,NN,-12.0,49.9,20,1007,254,11,254,11,NaN,NaN,NaN,NaN,NaN,NaN,NaN,NaN,NaN,NaN,DB,NW,B,B,NaN,NaN,NaN,NaN,NaN,NaN,
2022042018,f7s.2022,9X-F7S,TS,NN,-12.2,48.9,20,1006,254,11,254,11,NaN,NaN,NaN,NaN,NaN,NaN,NaN,NaN,NaN,NaN,DB,NW,B,B,NaN,NaN,0.17,NaN,NaN,NaN,
2022042100,f7s.2022,9X-F7S,TS,NN,-12.0,47.8,20,1005,270,10,270,10,NaN,NaN,NaN,NaN,NaN,NaN,NaN,NaN,NaN,NaN,DB,NW,B,B,NaN,NaN,NaN,NaN,NaN,NaN,
2022042106,f7s.2022,9X-F7S,TS,NN,-11.8,46.7,20,1007,281,11,281,11,NaN,NaN,NaN,NaN,NaN,NaN,NaN,NaN,NaN,NaN,DB,NW,B,B,NaN,NaN,NaN,NaN,NaN,NaN,
2022042112,f7s.2022,9X-F7S,TS,NN,-12.0,46.0,20,1007,270,9,270,9,NaN,NaN,NaN,NaN,NaN,NaN,NaN,NaN,NaN,NaN,DB,NW,B,B,NaN,NaN,NaN,NaN,NaN,NaN,
2022042118,f7s.2022,9X-F7S,TS,NN,-12.6,45.2,20,1007,241,8,241,8,NaN,NaN,NaN,NaN,NaN,NaN,NaN,NaN,NaN,NaN,DB,NW,B,B,NaN,NaN,0.04,NaN,NaN,NaN,
2022042200,f7s.2022,9X-F7S,TS,NN,-13.3,44.1,25,1004,235,11,235,11,NaN,NaN,NaN,NaN,NaN,NaN,NaN,NaN,NaN,NaN,TD,NW,B,B,NaN,NaN,NaN,NaN,NaN,NaN,
2022042206,f7s.2022,9X-F7S,TS,NN,-13.5,43.3,25,1006,244,10,244,10,NaN,NaN,NaN,NaN,NaN,NaN,NaN,NaN,NaN,NaN,TD,NW,B,B,200,1011,NaN,S,40,NaN,
2022042212,f7s.2022,9X-F7S,TS,NN,-13.8,42.7,25,1004,250,7,250,7,NaN,NaN,NaN,NaN,NaN,NaN,NaN,NaN,NaN,NaN,TD,NW,B,B,180,1007,NaN,S,45,NaN,
2022042218,f7s.2022,9X-F7S,TS,NN,-14.1,42.3,30,1003,238,6,238,6,NaN,NaN,NaN,NaN,NaN,NaN,NaN,NaN,NaN,NaN,TD,NW,B,B,190,1007,NaN,S,40,NaN,
2022042300,f7s.2022,9X-F7S,TS,NN,-14.6,41.6,30,1003,233,7,233,7,NaN,NaN,NaN,NaN,NaN,NaN,NaN,NaN,NaN,NaN,TD,NW,B,B,190,1008,NaN,S,90,NaN,
2022042306,f7s.2022,9X-F7S,TS,NN,-15.3,40.3,30,1003,238,11,238,11,NaN,NaN,NaN,NaN,NaN,NaN,NaN,NaN,NaN,NaN,TD,NW,B,B,190,1008,0.46,S,90,NaN,
2022042312,f7s.2022,9X-F7S,TS,NN,-16.0,40.0,25,1003,228,10,228,10,NaN,NaN,NaN,NaN,NaN,NaN,NaN,NaN,NaN,NaN,TD,NW,B,B,120,1008,0.58,S,90,NaN,
2022042318,f7s.2022,9X-F7S,TS,NN,-16.7,39.7,30,1003,202,8,202,8,NaN,NaN,NaN,NaN,NaN,NaN,NaN,NaN,NaN,NaN,TD,NW,B,B,110,1008,0.58,S,40,NaN,
2022042400,24s.2022,JASMINE,TS,NN,-17.4,39.5,35,1002,199,7,199,7,35,,40,30,,NaN,NaN,NaN,NaN,NaN,TS,WN,B,B,90,1008,NaN,M,40,RCB,
2022042406,24s.2022,JASMINE,TS,NN,-17.9,39.4,40,1000,193,6,193,6,45,45,55,35,,NaN,NaN,NaN,NaN,NaN,TS,WN,B,B,110,1009,NaN,M,35,MEK,
2022042412,24s.2022,JASMINE,TS,NN,-18.6,39.4,40,1000,185,6,185,6,40,45,45,40,30,NaN,NaN,NaN,NaN,NaN,TS,WN,B,B,125,1011,NaN,M,30,NaN,
2022042418,24s.2022,JASMINE,TS,NN,-19.2,39.5,50,998,176,7,176,7,48,50,55,45,40,18,,20,45,,TS,WN,B,B,145,1010,NaN,M,20,NaN,
2022042500,24s.2022,JASMINE,TS,NN,-19.7,39.7,50,998,166,6,166,6,42,45,55,40,30,18,10,25,40,,TS,WN,B,B,145,1010,NaN,M,20,NaN,
2022042506,24s.2022,JASMINE,TS,NN,-20.4,40.3,45,1001,148,7,148,7,52,60,55,45,50,NaN,NaN,NaN,NaN,NaN,TS,WN,B,B,145,1010,NaN,M,20,JZC,
2022042512,24s.2022,JASMINE,TS,NN,-21.1,40.8,50,994,144,9,144,9,94,95,110,75,95,37,35,35,75,,TS,WN,B,B,130,1008,NaN,M,25,CJS,
2022042518,24s.2022,JASMINE,TS,NN,-22.2,41.3,50,998,153,10,153,10,68,75,75,55,65,29,35,35,55,25,TS,WN,B,B,150,1010,NaN,D,35,NaN,
2022042600,24s.2022,JASMINE,TS,NN,-22.6,41.5,55,982,157,8,157,8,52,55,55,50,50,31,30,35,50,30,TS,WN,B,B,135,1011,NaN,NaN,15,SMB,
2022042606,24s.2022,JASMINE,TS,NN,-23.1,42.3,55,996,134,6,134,6,45,40,40,50,50,30,30,30,50,30,TS,WN,B,B,135,1011,NaN,D,20,TCR,
2022042612,24s.2022,JASMINE,TS,NN,-23.3,43.3,50,990,113,9,113,9,72,85,75,50,80,31,40,35,50,35,TS,WN,B,B,135,1011,0.34,D,20,TCR,
2022042618,24s.2022,JASMINE,TS,NN,-23.6,44.2,35,1007,106,9,106,9,15,,,15,15,NaN,NaN,NaN,NaN,NaN,TS,WN,B,B,125,1011,0.83,D,25,NaN,
2022042700,24s.2022,JASMINE,TS,NN,-23.8,46.1,25,1008,101,13,101,13,NaN,NaN,NaN,NaN,NaN,NaN,NaN,NaN,NaN,NaN,TD,WN,B,B,125,1009,0.99,D,50,SMB,
2022042706,24s.2022,JASMINE,TS,NN,-23.8,47.9,30,1005,93,17,93,17,NaN,NaN,NaN,NaN,NaN,NaN,NaN,NaN,NaN,NaN,TD,WN,B,B,125,1009,0.04,M,50,NaN,
2022042712,24s.2022,JASMINE,TS,NN,-23.3,49.5,30,1007,81,16,81,16,NaN,NaN,NaN,NaN,NaN,NaN,NaN,NaN,NaN,NaN,TD,NW,B,B,125,1010,NaN,S,50,NaN,
2022042718,24s.2022,JASMINE,TS,NN,-23.1,51.0,30,1007,76,15,76,15,NaN,NaN,NaN,NaN,NaN,NaN,NaN,NaN,NaN,NaN,TD,NW,B,B,115,1010,NaN,NaN,50,NaN,
2022042800,24s.2022,JASMINE,TS,NN,-23.0,52.3,30,1000,83,13,83,13,NaN,NaN,NaN,NaN,NaN,NaN,NaN,NaN,NaN,NaN,TD,NW,B,B,115,1009,NaN,NaN,50,NaN,
2022042806,24s.2022,JASMINE,TS,NN,-22.1,53.0,30,1007,62,10,62,10,NaN,NaN,NaN,NaN,NaN,NaN,NaN,NaN,NaN,NaN,TD,NW,B,B,125,1011,NaN,S,50,NaN,
2022042812,24s.2022,JASMINE,TS,NN,-21.4,52.9,25,1007,19,8,19,8,NaN,NaN,NaN,NaN,NaN,NaN,NaN,NaN,NaN,NaN,TD,NW,B,B,265,1009,NaN,S,260,NaN,
2022042818,24s.2022,JASMINE,TS,NN,-21.2,53.1,25,1010,6,5,6,5,NaN,NaN,NaN,NaN,NaN,NaN,NaN,NaN,NaN,NaN,TD,NW,B,B,265,1012,NaN,S,260,NaN,
2022042900,24s.2022,JASMINE,TS,NN,-20.9,53.2,25,1008,29,3,29,3,NaN,NaN,NaN,NaN,NaN,NaN,NaN,NaN,NaN,NaN,TD,NW,B,B,235,1011,NaN,S,230,NaN,
2022042906,24s.2022,JASMINE,TS,NN,-20.8,52.9,25,1012,335,2,335,2,NaN,NaN,NaN,NaN,NaN,NaN,NaN,NaN,NaN,NaN,TD,NW,B,B,170,1016,NaN,NaN,35,NaN,
2022042912,24s.2022,JASMINE,TS,NN,-20.9,52.7,25,1012,270,2,270,2,NaN,NaN,NaN,NaN,NaN,NaN,NaN,NaN,NaN,NaN,TD,NW,B,B,80,1016,NaN,NaN,220,NaN,
2022042918,24s.2022,JASMINE,TS,NN,-21.2,52.4,25,1014,229,3,229,3,NaN,NaN,NaN,NaN,NaN,NaN,NaN,NaN,NaN,NaN,TD,NW,B,B,160,1016,NaN,NaN,40,NaN,
2022043000,24s.2022,JASMINE,TS,NN,-21.9,51.9,25,1014,217,6,217,6,NaN,NaN,NaN,NaN,NaN,NaN,NaN,NaN,NaN,NaN,TD,NW,B,B,160,1016,NaN,NaN,40,NaN,
2022043006,24s.2022,JASMINE,TS,NN,-22.6,51.4,25,1004,214,8,214,8,NaN,NaN,NaN,NaN,NaN,NaN,NaN,NaN,NaN,NaN,TD,NW,B,B,160,1016,NaN,NaN,40,NaN,
2022043012,24s.2022,JASMINE,TS,NN,-23.3,51.0,25,1004,211,8,211,8,NaN,NaN,NaN,NaN,NaN,NaN,NaN,NaN,NaN,NaN,TD,NW,B,B,120,1013,NaN,NaN,40,NaN,
2022043018,24s.2022,JASMINE,TS,NN,-23.9,50.8,25,1012,203,7,203,7,NaN,NaN,NaN,NaN,NaN,NaN,NaN,NaN,NaN,NaN,TD,NW,B,B,120,1016,NaN,NaN,40,NaN,
2022050100,24s.2022,JASMINE,TS,NN,-24.5,50.6,25,1012,197,6,197,6,NaN,NaN,NaN,NaN,NaN,NaN,NaN,NaN,NaN,NaN,TD,NW,B,B,120,1016,NaN,NaN,40,NaN,
2022050306,f0s.2022,9X-F0S,TS,NN,-5.6,88.2,15,1010,99,7,99,7,NaN,NaN,NaN,NaN,NaN,NaN,NaN,NaN,NaN,NaN,DB,NW,b,b,NaN,NaN,NaN,NaN,NaN,NaN,
2022050312,f0s.2022,9X-F0S,TS,NN,-5.7,88.8,15,1010,99,7,99,7,NaN,NaN,NaN,NaN,NaN,NaN,NaN,NaN,NaN,NaN,DB,NW,b,b,NaN,NaN,NaN,NaN,NaN,NaN,
2022050318,f0s.2022,9X-F0S,TS,NN,-5.8,89.5,15,1010,99,7,99,7,NaN,NaN,NaN,NaN,NaN,NaN,NaN,NaN,NaN,NaN,DB,NW,b,b,NaN,NaN,NaN,NaN,NaN,NaN,
2022050400,f0s.2022,9X-F0S,TS,NN,-6.0,90.0,15,1010,104,6,104,6,NaN,NaN,NaN,NaN,NaN,NaN,NaN,NaN,NaN,NaN,DB,NW,b,b,NaN,NaN,NaN,NaN,NaN,NaN,
2022050406,f0s.2022,9X-F0S,TS,NN,-5.5,90.4,15,1006,71,5,71,5,NaN,NaN,NaN,NaN,NaN,NaN,NaN,NaN,NaN,NaN,DB,NW,b,b,NaN,1008,NaN,NaN,NaN,NaN,
2022050412,f0s.2022,9X-F0S,TS,NN,-6.1,91.2,15,1006,95,6,95,6,NaN,NaN,NaN,NaN,NaN,NaN,NaN,NaN,NaN,NaN,DB,NW,b,b,NaN,1008,NaN,NaN,NaN,NaN,
2022050418,f0s.2022,9X-F0S,TS,NN,-6.5,90.1,15,NaN,197,5,197,5,NaN,NaN,NaN,NaN,NaN,NaN,NaN,NaN,NaN,NaN,NT,NW,c,c,NaN,NaN,NaN,NaN,NaN,NaN,
2022050500,f0s.2022,9X-F0S,TS,NN,-6.1,89.0,15,NaN,266,6,270,11,NaN,NaN,NaN,NaN,NaN,NaN,NaN,NaN,NaN,NaN,NT,NW,c,c,NaN,NaN,NaN,NaN,NaN,NaN,
2022050506,f0s.2022,9X-F0S,TS,NN,-5.2,87.3,20,1006,104,2,295,15,NaN,NaN,NaN,NaN,NaN,NaN,NaN,NaN,NaN,NaN,DB,NW,B,B,185,1007,NaN,NaN,60,NaN,
2022050512,f0s.2022,9X-F0S,TS,NN,-5.1,87.5,20,1004,104,2,304,9,NaN,NaN,NaN,NaN,NaN,NaN,NaN,NaN,NaN,NaN,DB,NW,B,B,160,1005,NaN,NaN,60,NaN,
2022050518,f0s.2022,9X-F0S,TS,NN,-5.3,87.7,20,1004,104,2,104,2,NaN,NaN,NaN,NaN,NaN,NaN,NaN,NaN,NaN,NaN,DB,NW,B,B,160,1005,NaN,NaN,60,NaN,
2022050600,f0s.2022,9X-F0S,TS,NN,-5.6,87.7,20,1004,158,3,158,3,NaN,NaN,NaN,NaN,NaN,NaN,NaN,NaN,NaN,NaN,DB,NW,B,B,250,1007,NaN,S,140,NaN,
2022050606,f0s.2022,9X-F0S,TS,NN,-6.0,88.0,25,1003,157,4,157,4,NaN,NaN,NaN,NaN,NaN,NaN,NaN,NaN,NaN,NaN,TD,NW,B,B,230,1006,NaN,S,70,NaN,
2022050612,f0s.2022,9X-F0S,TS,NN,-6.3,88.3,25,1002,140,5,140,5,NaN,NaN,NaN,NaN,NaN,NaN,NaN,NaN,NaN,NaN,TD,NW,B,B,230,1005,NaN,S,50,NaN,
2022050618,f0s.2022,9X-F0S,TS,NN,-6.7,88.7,30,1002,135,5,135,5,NaN,NaN,NaN,NaN,NaN,NaN,NaN,NaN,NaN,NaN,TD,NW,B,B,120,1004,NaN,S,40,NaN,
2022050700,f0s.2022,9X-F0S,TS,NN,-7.2,89.2,30,1002,135,6,135,6,NaN,NaN,NaN,NaN,NaN,NaN,NaN,NaN,NaN,NaN,TD,NW,B,B,120,1004,NaN,S,40,NaN,
2022050706,25s.2022,KARIM,TS,NN,-7.8,89.6,35,997,141,7,141,7,38,45,30,30,45,NaN,NaN,NaN,NaN,NaN,TS,WN,B,B,200,1004,NaN,S,40,SJB,
2022050712,25s.2022,KARIM,TS,NN,-8.5,90.0,40,994,149,8,149,8,112,45,130,155,120,NaN,NaN,NaN,NaN,NaN,TS,WN,B,B,190,1003,NaN,M,35,NaN,
2022050718,25s.2022,KARIM,TS,NN,-9.3,90.1,45,992,162,8,162,8,100,50,135,115,100,NaN,NaN,NaN,NaN,NaN,TS,WN,B,B,205,1003,NaN,M,35,RCB,
2022050800,25s.2022,KARIM,TS,NN,-9.8,90.2,50,989,171,7,171,7,108,100,105,150,75,18,,20,150,,TS,WN,B,B,220,1003,NaN,M,20,NaN,
2022050806,25s.2022,KARIM,TS,NN,-10.3,90.3,55,986,169,5,169,5,108,100,105,150,75,30,30,30,150,30,TS,WN,B,B,220,1003,NaN,M,25,SJB,
2022050812,25s.2022,KARIM,TS,NN,-10.6,90.4,60,982,166,4,166,4,132,125,140,130,135,30,30,30,130,30,TS,WN,B,B,220,1003,NaN,D,20,NaN,
2022050818,25s.2022,KARIM,TS,NN,-11.0,90.6,60,983,157,4,157,4,105,100,95,130,95,28,,,130,25,TS,WN,B,B,220,1003,NaN,M,10,RCB,
2022050900,25s.2022,KARIM,TS,NN,-11.6,90.7,60,983,164,5,164,5,110,105,110,135,90,38,30,50,135,30,TS,WN,B,B,220,1003,NaN,M,15,NaN,
2022050906,25s.2022,KARIM,TS,NN,-12.3,90.8,60,983,171,7,171,7,109,125,125,95,90,54,65,65,95,40,TS,WN,B,B,230,1003,NaN,D,15,SJB,
2022050912,25s.2022,KARIM,TS,NN,-13.2,90.9,60,984,173,8,173,8,105,110,130,95,85,51,55,65,95,40,TS,WN,B,B,230,1003,NaN,D,15,NaN,
2022050918,25s.2022,KARIM,TS,NN,-13.9,91.1,60,984,170,8,170,8,105,120,125,95,80,51,60,65,95,35,TS,WN,B,B,230,1003,NaN,D,15,AAH,
2022051000,25s.2022,KARIM,TS,NN,-15.4,91.6,60,987,163,12,163,12,111,135,130,80,100,56,70,70,80,50,TS,WN,B,B,285,1005,NaN,D,30,NaN,
2022051006,25s.2022,KARIM,TS,NN,-16.2,91.9,60,988,161,12,161,12,119,135,115,110,115,55,70,65,110,50,TS,WN,B,B,290,1006,NaN,D,30,JZC,
2022051012,25s.2022,KARIM,TS,NN,-17.8,92.7,55,990,156,13,156,13,102,130,125,75,80,49,65,65,75,35,TS,WN,B,B,290,1005,NaN,D,30,NaN,
2022051018,25s.2022,KARIM,TS,NN,-18.7,93.2,50,989,154,14,154,14,210,220,250,170,200,39,40,50,170,30,TS,WN,B,B,250,1005,NaN,D,30,AAH,
2022051100,25s.2022,KARIM,TS,NN,-19.4,94.0,50,990,142,10,142,10,128,105,165,140,100,NaN,NaN,NaN,NaN,NaN,TS,WN,B,B,250,1005,NaN,D,30,NaN,
2022051106,25s.2022,KARIM,TS,NN,-19.3,95.2,45,994,108,10,108,10,112,125,130,100,95,NaN,NaN,NaN,NaN,NaN,TS,WN,B,B,250,1005,NaN,S,30,JZC,
2022051112,25s.2022,KARIM,TS,NN,-19.0,96.7,40,997,81,13,81,13,130,80,195,160,85,NaN,NaN,NaN,NaN,NaN,TS,NW,B,B,250,1006,NaN,S,25,NaN,
2022051118,25s.2022,KARIM,TS,NN,-18.8,97.9,35,998,79,13,79,13,162,85,270,200,95,NaN,NaN,NaN,NaN,NaN,TS,NW,B,B,250,1006,NaN,NaN,25,NaN,
2022051600,e1p.2022,9X-E1P,TS,NN,-12.5,171.3,15,1010,180,1,166,2,NaN,NaN,NaN,NaN,NaN,NaN,NaN,NaN,NaN,NaN,DB,NW,b,b,NaN,NaN,NaN,NaN,NaN,NaN,
2022051606,e1p.2022,9X-E1P,TS,NN,-13.0,171.5,15,1010,180,1,166,2,NaN,NaN,NaN,NaN,NaN,NaN,NaN,NaN,NaN,NaN,DB,NW,b,b,NaN,NaN,NaN,NaN,NaN,NaN,
2022051612,e1p.2022,9X-E1P,TS,NN,-12.9,171.4,20,1010,164,4,166,2,NaN,NaN,NaN,NaN,NaN,NaN,NaN,NaN,NaN,NaN,DB,NW,B,B,140,1011,NaN,NaN,70,NaN,
2022051618,e1p.2022,9X-E1P,TS,NN,-13.3,171.5,25,1008,164,4,180,2,NaN,NaN,NaN,NaN,NaN,NaN,NaN,NaN,NaN,NaN,TD,NW,B,B,140,1011,NaN,NaN,70,NaN,
2022051700,e1p.2022,9X-E1P,TS,NN,-13.6,171.6,25,1007,164,4,164,4,NaN,NaN,NaN,NaN,NaN,NaN,NaN,NaN,NaN,NaN,TD,NW,B,B,160,1012,NaN,S,60,NaN,
2022051706,e1p.2022,9X-E1P,TS,NN,-13.9,171.6,25,1006,171,3,171,3,NaN,NaN,NaN,NaN,NaN,NaN,NaN,NaN,NaN,NaN,TD,NW,B,B,130,1009,NaN,S,50,NaN,
2022051712,e1p.2022,9X-E1P,TS,NN,-14.3,171.5,30,1004,188,4,188,4,NaN,NaN,NaN,NaN,NaN,NaN,NaN,NaN,NaN,NaN,TD,NW,B,B,150,1009,NaN,S,30,NaN,
2022051718,e1p.2022,9X-E1P,TS,NN,-15.0,171.2,30,1004,199,6,199,6,NaN,NaN,NaN,NaN,NaN,NaN,NaN,NaN,NaN,NaN,TD,NW,B,B,150,1011,NaN,M,35,NaN,
2022051800,e1p.2022,9X-E1P,TS,NN,-15.4,170.4,30,1005,224,8,224,8,NaN,NaN,NaN,NaN,NaN,NaN,NaN,NaN,NaN,NaN,TD,NW,B,B,150,1011,NaN,M,35,NaN,
2022051806,e1p.2022,9X-E1P,TS,NN,-15.3,169.7,30,1005,258,7,258,7,NaN,NaN,NaN,NaN,NaN,NaN,NaN,NaN,NaN,NaN,TD,NW,B,B,110,1009,NaN,M,30,NaN,
2022051812,26p.2022,GINA,TS,NN,-15.1,169.5,35,1002,289,5,289,5,30,,,30,,NaN,NaN,NaN,NaN,NaN,TS,WN,B,B,115,1009,NaN,M,30,RCB,
2022051818,26p.2022,GINA,TS,NN,-15.3,169.2,35,1004,270,2,270,2,38,20,50,45,,NaN,NaN,NaN,NaN,NaN,TS,WN,B,B,115,1009,NaN,M,30,BRS,
2022051900,26p.2022,GINA,TS,NN,-15.7,169.0,35,1004,219,4,219,4,40,20,80,20,,NaN,NaN,NaN,NaN,NaN,TS,WN,B,B,150,1009,NaN,M,30,BRS,
2022051906,26p.2022,GINA,TS,NN,-16.3,168.7,35,1005,206,6,206,6,40,20,80,20,,NaN,NaN,NaN,NaN,NaN,TS,WN,B,B,80,1009,0.10,M,20,OHS,
2022051912,26p.2022,GINA,TS,NN,-16.8,168.4,35,1005,208,6,208,6,44,45,60,35,35,NaN,NaN,NaN,NaN,NaN,TS,WN,B,B,125,1009,0.05,M,20,OHS,
2022051918,26p.2022,GINA,TS,NN,-17.6,168.1,35,1004,204,7,204,7,37,25,45,40,,NaN,NaN,NaN,NaN,NaN,TS,WN,B,B,125,1009,0.08,M,20,NaN,
2022052000,26p.2022,GINA,TS,NN,-18.3,167.8,35,1005,201,8,201,8,60,60,60,,,NaN,NaN,NaN,NaN,NaN,TS,WN,B,B,90,1010,NaN,M,15,LPC,
2022052006,26p.2022,GINA,TS,NN,-18.7,167.6,35,1005,203,6,203,6,60,60,60,,,NaN,NaN,NaN,NaN,NaN,TS,WN,B,B,90,1010,NaN,M,15,OHS,
2022052012,26p.2022,GINA,TS,NN,-19.2,168.0,35,1003,168,5,168,5,80,,80,,,NaN,NaN,NaN,NaN,NaN,TS,WN,B,B,100,1009,NaN,M,15,OHS,
2022052018,26p.2022,GINA,TS,NN,-19.6,168.7,35,1003,131,7,131,7,80,,80,,,NaN,NaN,NaN,NaN,NaN,TS,WN,B,B,100,1009,NaN,M,25,LPC,
2022052100,26p.2022,GINA,TS,NN,-20.1,169.4,35,1004,124,8,124,8,80,,80,,,NaN,NaN,NaN,NaN,NaN,TS,WN,B,B,100,1009,0.05,M,40,LPC,
2022052106,26p.2022,GINA,TS,NN,-20.4,170.0,35,1004,123,7,123,7,40,,60,55,5,NaN,NaN,NaN,NaN,NaN,SS,WN,B,B,95,1009,0.02,M,60,RCB,
2022052112,26p.2022,GINA,TS,NN,-20.5,170.6,35,1004,110,6,110,6,54,55,75,40,45,NaN,NaN,NaN,NaN,NaN,SS,NW,B,B,110,1009,NaN,S,75,NaN,
2022052118,26p.2022,GINA,TS,NN,-20.5,171.1,35,1006,96,5,96,5,54,55,75,40,45,NaN,NaN,NaN,NaN,NaN,SS,NW,B,B,150,1010,NaN,M,75,NaN,
2022052200,26p.2022,GINA,TS,NN,-20.6,171.5,35,1004,97,4,97,4,85,65,105,,,NaN,NaN,NaN,NaN,NaN,SS,NW,B,B,150,1010,NaN,M,75,NaN,
2022052206,26p.2022,GINA,TS,NN,-20.9,171.5,30,1006,137,3,137,3,NaN,NaN,NaN,NaN,NaN,NaN,NaN,NaN,NaN,NaN,SD,NW,B,B,150,1010,NaN,NaN,75,NaN,
2022052212,26p.2022,GINA,TS,NN,-21.5,171.6,25,1008,174,5,174,5,NaN,NaN,NaN,NaN,NaN,NaN,NaN,NaN,NaN,NaN,SD,NW,B,B,160,1009,NaN,NaN,75,NaN,
2022052218,26p.2022,GINA,TS,NN,-22.1,171.5,25,1006,180,6,180,6,NaN,NaN,NaN,NaN,NaN,NaN,NaN,NaN,NaN,NaN,SD,NW,B,B,160,1009,NaN,S,75,NaN,
2021091906,a0s.2022,9X-A0S,TD,NONdev,-7.0,87.7,15,1010,212,17,270,9,NaN,NaN,NaN,NaN,NaN,NaN,NaN,NaN,NaN,NaN,DB,NW,b,b,NaN,NaN,NaN,NaN,NaN,NaN,
2021091912,a0s.2022,9X-A0S,TD,NONdev,-9.1,86.4,15,1010,212,17,270,9,NaN,NaN,NaN,NaN,NaN,NaN,NaN,NaN,NaN,NaN,DB,NW,b,b,NaN,NaN,NaN,NaN,NaN,NaN,
2021091918,a0s.2022,9X-A0S,TD,NONdev,-8.1,85.7,15,1010,212,17,270,9,NaN,NaN,NaN,NaN,NaN,NaN,NaN,NaN,NaN,NaN,DB,NW,b,b,NaN,NaN,NaN,NaN,NaN,NaN,
2021092000,a0s.2022,9X-A0S,TD,NONdev,-7.0,85.0,15,1010,270,10,270,9,NaN,NaN,NaN,NaN,NaN,NaN,NaN,NaN,NaN,NaN,DB,NW,c,c,NaN,NaN,NaN,NaN,NaN,NaN,
2021092006,a0s.2022,9X-A0S,TD,NONdev,-9.1,83.9,15,1007,270,8,270,8,NaN,NaN,NaN,NaN,NaN,NaN,NaN,NaN,NaN,NaN,DB,NW,c,c,NaN,NaN,NaN,NaN,NaN,NaN,
2021092012,a0s.2022,9X-A0S,TD,NONdev,-9.6,83.7,20,1006,270,8,206,15,NaN,NaN,NaN,NaN,NaN,NaN,NaN,NaN,NaN,NaN,DB,NW,C,C,90,1010,NaN,S,55,NaN,
2021092018,a0s.2022,9X-A0S,TD,NONdev,-9.5,84.2,25,1007,175,7,143,2,NaN,NaN,NaN,NaN,NaN,NaN,NaN,NaN,NaN,NaN,TD,NW,C,C,90,1010,NaN,S,55,NaN,
2021092100,a0s.2022,9X-A0S,TD,NONdev,-9.8,82.6,25,1007,220,8,260,6,NaN,NaN,NaN,NaN,NaN,NaN,NaN,NaN,NaN,NaN,TD,NW,C,C,100,1010,NaN,S,55,NaN,
2021092106,a0s.2022,9X-A0S,TD,NONdev,-9.9,82.7,25,1004,220,6,255,8,NaN,NaN,NaN,NaN,NaN,NaN,NaN,NaN,NaN,NaN,TD,NW,C,C,120,1010,NaN,S,45,NaN,
2021092112,a0s.2022,9X-A0S,TD,NONdev,-10.2,82.1,25,1006,240,8,231,3,NaN,NaN,NaN,NaN,NaN,NaN,NaN,NaN,NaN,NaN,TD,NW,C,C,130,1008,NaN,S,45,NaN,
2021092118,a0s.2022,9X-A0S,TD,NONdev,-10.3,81.3,30,1006,250,7,254,7,NaN,NaN,NaN,NaN,NaN,NaN,NaN,NaN,NaN,NaN,TD,NW,C,C,170,1010,NaN,S,45,NaN,
2021092200,a0s.2022,9X-A0S,TD,NONdev,-10.3,80.9,25,1006,255,7,265,6,NaN,NaN,NaN,NaN,NaN,NaN,NaN,NaN,NaN,NaN,TD,NW,C,C,150,1008,NaN,S,45,NaN,
2021092206,a0s.2022,9X-A0S,TD,NONdev,-9.9,80.5,25,1005,280,5,297,4,NaN,NaN,NaN,NaN,NaN,NaN,NaN,NaN,NaN,NaN,TD,NW,C,C,150,1008,NaN,S,45,NaN,
2021092212,a0s.2022,9X-A0S,TD,NONdev,-10.1,79.9,25,1005,275,6,281,5,NaN,NaN,NaN,NaN,NaN,NaN,NaN,NaN,NaN,NaN,TD,NW,C,C,150,1008,NaN,S,45,NaN,
2021100300,a1s.2022,9X-A1S,TD,NONdev,-11.0,82.8,15,1010,270,12,270,12,NaN,NaN,NaN,NaN,NaN,NaN,NaN,NaN,NaN,NaN,DB,NW,b,b,NaN,NaN,NaN,NaN,NaN,NaN,
2021100306,a1s.2022,9X-A1S,TD,NONdev,-11.0,81.5,15,1010,270,12,270,12,NaN,NaN,NaN,NaN,NaN,NaN,NaN,NaN,NaN,NaN,DB,NW,b,b,NaN,NaN,NaN,NaN,NaN,NaN,
2021100312,a1s.2022,9X-A1S,TD,NONdev,-11.0,80.3,15,1010,270,12,270,12,NaN,NaN,NaN,NaN,NaN,NaN,NaN,NaN,NaN,NaN,DB,NW,b,b,NaN,NaN,NaN,NaN,NaN,NaN,
2021100318,a1s.2022,9X-A1S,TD,NONdev,-11.0,79.0,15,1010,270,12,270,12,NaN,NaN,NaN,NaN,NaN,NaN,NaN,NaN,NaN,NaN,DB,NW,b,b,NaN,NaN,NaN,NaN,NaN,NaN,
2021100400,a1s.2022,9X-A1S,TD,NONdev,-11.0,77.9,15,1010,270,12,270,12,NaN,NaN,NaN,NaN,NaN,NaN,NaN,NaN,NaN,NaN,DB,NW,c,c,NaN,NaN,NaN,NaN,NaN,NaN,
2021100406,a1s.2022,9X-A1S,TD,NONdev,-11.0,76.8,15,1010,270,11,270,11,NaN,NaN,NaN,NaN,NaN,NaN,NaN,NaN,NaN,NaN,DB,NW,b,b,NaN,NaN,NaN,NaN,NaN,NaN,
2021100706,a2s.2022,9X-A2S,TD,NONdev,-11.0,71.3,15,1010,236,12,236,12,NaN,NaN,NaN,NaN,NaN,NaN,NaN,NaN,NaN,NaN,DB,NW,b,b,NaN,NaN,NaN,NaN,NaN,NaN,
2021100712,a2s.2022,9X-A2S,TD,NONdev,-11.8,70.1,15,1010,236,12,236,12,NaN,NaN,NaN,NaN,NaN,NaN,NaN,NaN,NaN,NaN,DB,NW,b,b,NaN,NaN,NaN,NaN,NaN,NaN,
2021100718,a2s.2022,9X-A2S,TD,NONdev,-12.4,69.2,25,1004,236,12,236,12,NaN,NaN,NaN,NaN,NaN,NaN,NaN,NaN,NaN,NaN,TD,NW,b,b,NaN,NaN,NaN,NaN,NaN,NaN,
2021100800,a2s.2022,9X-A2S,TD,NONdev,-13.5,68.5,25,1004,223,12,223,12,NaN,NaN,NaN,NaN,NaN,NaN,NaN,NaN,NaN,NaN,TD,NW,c,c,NaN,NaN,NaN,NaN,NaN,NaN,
2021100806,a2s.2022,9X-A2S,TD,NONdev,-14.5,68.0,25,1004,209,12,209,12,NaN,NaN,NaN,NaN,NaN,NaN,NaN,NaN,NaN,NaN,TD,NW,b,b,NaN,NaN,NaN,NaN,NaN,NaN,
2021100812,a2s.2022,9X-A2S,TD,NONdev,-15.4,67.7,25,1004,202,10,202,10,NaN,NaN,NaN,NaN,NaN,NaN,NaN,NaN,NaN,NaN,TD,NW,b,b,NaN,NaN,NaN,NaN,NaN,NaN,
2021102606,a3s.2022,9X-A3S,TD,NONdev,-6.9,82.5,15,1006,73,5,73,5,NaN,NaN,NaN,NaN,NaN,NaN,NaN,NaN,NaN,NaN,DB,NW,b,b,NaN,NaN,NaN,NaN,NaN,NaN,
2021102612,a3s.2022,9X-A3S,TD,NONdev,-6.8,83.1,15,1006,73,5,73,5,NaN,NaN,NaN,NaN,NaN,NaN,NaN,NaN,NaN,NaN,DB,NW,b,b,NaN,NaN,NaN,NaN,NaN,NaN,
2021102618,a3s.2022,9X-A3S,TD,NONdev,-6.6,83.5,20,1007,73,5,73,5,NaN,NaN,NaN,NaN,NaN,NaN,NaN,NaN,NaN,NaN,DB,NW,b,b,NaN,NaN,NaN,NaN,NaN,NaN,
2021102700,a3s.2022,9X-A3S,TD,NONdev,-6.2,83.9,20,1007,53,5,53,5,NaN,NaN,NaN,NaN,NaN,NaN,NaN,NaN,NaN,NaN,DB,NW,b,b,180,1008,NaN,NaN,70,NaN,
2021102706,a3s.2022,9X-A3S,TD,NONdev,-6.0,84.6,20,1007,61,6,61,6,NaN,NaN,NaN,NaN,NaN,NaN,NaN,NaN,NaN,NaN,DB,NW,c,c,165,1009,NaN,NaN,50,NaN,
2021102712,a3s.2022,9X-A3S,TD,NONdev,-6.0,85.2,20,1006,81,7,81,7,NaN,NaN,NaN,NaN,NaN,NaN,NaN,NaN,NaN,NaN,DB,NW,c,c,175,1007,NaN,NaN,50,NaN,
2021102718,a3s.2022,9X-A3S,TD,NONdev,-5.9,86.2,20,1007,86,8,86,8,NaN,NaN,NaN,NaN,NaN,NaN,NaN,NaN,NaN,NaN,DB,NW,b,b,175,1007,NaN,NaN,50,NaN,
2021102800,a3s.2022,9X-A3S,TD,NONdev,-5.9,86.5,20,1007,86,6,86,6,NaN,NaN,NaN,NaN,NaN,NaN,NaN,NaN,NaN,NaN,DB,NW,b,b,175,1007,NaN,NaN,50,NaN,
2021102806,a3s.2022,9X-A3S,TD,NONdev,-6.0,87.2,20,1007,96,5,96,5,NaN,NaN,NaN,NaN,NaN,NaN,NaN,NaN,NaN,NaN,DB,NW,c,c,175,1007,NaN,NaN,30,NaN,
2021102812,a3s.2022,9X-A3S,TD,NONdev,-6.3,86.8,20,1007,143,2,143,2,NaN,NaN,NaN,NaN,NaN,NaN,NaN,NaN,NaN,NaN,DB,NW,c,c,175,1007,NaN,NaN,30,NaN,
2021102818,a3s.2022,9X-A3S,TD,NONdev,-6.6,86.6,30,1001,170,2,225,4,NaN,NaN,NaN,NaN,NaN,NaN,NaN,NaN,NaN,NaN,TD,NW,C,C,175,1007,NaN,S,70,NaN,
2021102900,a3s.2022,9X-A3S,TD,NONdev,-7.8,87.1,30,1002,165,6,169,8,NaN,NaN,NaN,NaN,NaN,NaN,NaN,NaN,NaN,NaN,TD,NW,C,C,175,1007,NaN,S,70,NaN,
2021102906,a3s.2022,9X-A3S,TD,NONdev,-8.5,87.2,25,1004,170,7,163,10,NaN,NaN,NaN,NaN,NaN,NaN,NaN,NaN,NaN,NaN,TD,NW,C,C,175,1007,NaN,S,70,NaN,
2021102912,a3s.2022,9X-A3S,TD,NONdev,-9.1,87.2,25,1004,165,9,176,7,NaN,NaN,NaN,NaN,NaN,NaN,NaN,NaN,NaN,NaN,TD,NW,C,C,175,1007,NaN,S,70,NaN,
2021102918,a3s.2022,9X-A3S,TD,NONdev,-10.0,86.6,25,1007,195,8,202,8,NaN,NaN,NaN,NaN,NaN,NaN,NaN,NaN,NaN,NaN,TD,NW,C,C,225,1009,NaN,S,120,NaN,
2021103000,a3s.2022,9X-A3S,TD,NONdev,-11.4,84.8,25,1004,220,12,226,16,NaN,NaN,NaN,NaN,NaN,NaN,NaN,NaN,NaN,NaN,TD,NW,C,C,225,1009,NaN,S,90,NaN,
2021103006,a3s.2022,9X-A3S,TD,NONdev,-11.8,83.8,30,1006,230,13,237,16,NaN,NaN,NaN,NaN,NaN,NaN,NaN,NaN,NaN,NaN,TD,NW,C,C,225,1009,NaN,M,80,NaN,
2021103012,a3s.2022,9X-A3S,TD,NONdev,-12.2,82.9,30,1005,240,13,247,10,NaN,NaN,NaN,NaN,NaN,NaN,NaN,NaN,NaN,NaN,TD,NW,C,C,225,1008,NaN,M,70,NaN,
2021103018,a3s.2022,9X-A3S,TD,NONdev,-12.1,82.6,30,1004,245,9,256,6,NaN,NaN,NaN,NaN,NaN,NaN,NaN,NaN,NaN,NaN,TD,NW,C,C,225,1008,NaN,S,80,NaN,
2021103100,a3s.2022,9X-A3S,TD,NONdev,-12.3,81.0,30,1004,255,11,267,9,NaN,NaN,NaN,NaN,NaN,NaN,NaN,NaN,NaN,NaN,TD,NW,C,C,225,1008,NaN,S,80,NaN,
2021103106,a3s.2022,9X-A3S,TD,NONdev,-13.1,80.2,25,1004,250,12,247,13,NaN,NaN,NaN,NaN,NaN,NaN,NaN,NaN,NaN,NaN,TD,NW,C,C,225,1009,NaN,S,130,NaN,
2021103112,a3s.2022,9X-A3S,TD,NONdev,-13.8,79.8,25,1005,235,10,218,10,NaN,NaN,NaN,NaN,NaN,NaN,NaN,NaN,NaN,NaN,TD,NW,C,C,200,1007,NaN,S,130,NaN,
2021103118,a3s.2022,9X-A3S,TD,NONdev,-14.6,77.8,25,1004,237,14,237,14,NaN,NaN,NaN,NaN,NaN,NaN,NaN,NaN,NaN,NaN,TD,NW,c,c,200,1007,NaN,NaN,130,NaN,
2021110100,a3s.2022,9X-A3S,TD,NONdev,-15.0,76.2,25,1004,251,15,251,18,NaN,NaN,NaN,NaN,NaN,NaN,NaN,NaN,NaN,NaN,TD,NW,c,c,200,1007,NaN,NaN,130,NaN,
2021120806,a4s.2022,9X-A4S,TD,NONdev,-7.0,129.8,15,1010,77,5,77,5,NaN,NaN,NaN,NaN,NaN,NaN,NaN,NaN,NaN,NaN,DB,NW,b,b,NaN,NaN,NaN,NaN,NaN,NaN,
2021120812,a4s.2022,9X-A4S,TD,NONdev,-6.8,130.2,15,1010,77,5,77,5,NaN,NaN,NaN,NaN,NaN,NaN,NaN,NaN,NaN,NaN,DB,NW,b,b,NaN,NaN,NaN,NaN,NaN,NaN,
2021120818,a4s.2022,9X-A4S,TD,NONdev,-6.8,130.7,15,1010,77,5,77,5,NaN,NaN,NaN,NaN,NaN,NaN,NaN,NaN,NaN,NaN,DB,NW,b,b,NaN,NaN,NaN,NaN,NaN,NaN,
2021120900,a4s.2022,9X-A4S,TD,NONdev,-6.8,131.1,15,1006,90,4,90,4,NaN,NaN,NaN,NaN,NaN,NaN,NaN,NaN,NaN,NaN,DB,NW,b,b,NaN,NaN,0.05,NaN,NaN,NaN,
2021120906,a4s.2022,9X-A4S,TD,NONdev,-6.9,131.5,15,1006,97,4,97,4,NaN,NaN,NaN,NaN,NaN,NaN,NaN,NaN,NaN,NaN,DB,NW,c,c,NaN,NaN,0.13,NaN,NaN,NaN,
2021120912,a4s.2022,9X-A4S,TD,NONdev,-7.3,131.5,15,1006,142,3,142,3,NaN,NaN,NaN,NaN,NaN,NaN,NaN,NaN,NaN,NaN,DB,NW,c,c,120,1010,0.28,NaN,40,NaN,
2021120918,a4s.2022,9X-A4S,TD,NONdev,-8.2,131.4,15,1010,184,7,184,7,NaN,NaN,NaN,NaN,NaN,NaN,NaN,NaN,NaN,NaN,DB,NW,b,b,120,1010,0.17,NaN,40,NaN,
2021121000,a4s.2022,9X-A4S,TD,NONdev,-9.2,130.8,15,1010,200,10,200,10,NaN,NaN,NaN,NaN,NaN,NaN,NaN,NaN,NaN,NaN,DB,NW,b,b,120,1010,NaN,NaN,40,NaN,
2021071200,a5s.2022,9X-A5S,TD,NONdev,-4.4,92.2,15,1010,232,14,232,14,NaN,NaN,NaN,NaN,NaN,NaN,NaN,NaN,NaN,NaN,DB,NW,b,b,NaN,NaN,NaN,NaN,NaN,NaN,
2021071206,a5s.2022,9X-A5S,TD,NONdev,-5.0,90.9,15,1010,232,14,232,14,NaN,NaN,NaN,NaN,NaN,NaN,NaN,NaN,NaN,NaN,DB,NW,b,b,NaN,NaN,NaN,NaN,NaN,NaN,
2021071212,a5s.2022,9X-A5S,TD,NONdev,-6.1,90.0,15,1010,232,14,232,14,NaN,NaN,NaN,NaN,NaN,NaN,NaN,NaN,NaN,NaN,DB,NW,b,b,NaN,NaN,NaN,NaN,NaN,NaN,
2021071218,a5s.2022,9X-A5S,TD,NONdev,-7.7,89.2,15,1008,232,14,222,16,NaN,NaN,NaN,NaN,NaN,NaN,NaN,NaN,NaN,NaN,DB,NW,b,b,NaN,NaN,NaN,NaN,NaN,NaN,
2021071300,a5s.2022,9X-A5S,TD,NONdev,-9.3,88.3,15,1005,208,18,211,17,NaN,NaN,NaN,NaN,NaN,NaN,NaN,NaN,NaN,NaN,DB,NW,c,c,NaN,NaN,NaN,NaN,NaN,NaN,
2021071306,a5s.2022,9X-A5S,TD,NONdev,-9.1,89.5,15,1004,155,9,189,10,NaN,NaN,NaN,NaN,NaN,NaN,NaN,NaN,NaN,NaN,DB,NW,c,c,NaN,NaN,NaN,NaN,NaN,NaN,
2021071312,a5s.2022,9X-A5S,TD,NONdev,-7.3,89.3,15,1004,162,3,26,11,NaN,NaN,NaN,NaN,NaN,NaN,NaN,NaN,NaN,NaN,DB,NW,c,c,NaN,NaN,NaN,NaN,NaN,NaN,
2021071318,a5s.2022,9X-A5S,TD,NONdev,-6.8,88.8,20,1007,297,2,343,12,NaN,NaN,NaN,NaN,NaN,NaN,NaN,NaN,NaN,NaN,DB,NW,c,c,NaN,NaN,NaN,NaN,NaN,NaN,
2021121718,a6s.2022,9X-A6S,TD,NONdev,-1.5,93.3,15,1010,128,6,128,6,NaN,NaN,NaN,NaN,NaN,NaN,NaN,NaN,NaN,NaN,DB,NW,b,b,NaN,NaN,NaN,NaN,NaN,NaN,
2021121800,a6s.2022,9X-A6S,TD,NONdev,-1.8,93.8,15,1010,128,6,128,6,NaN,NaN,NaN,NaN,NaN,NaN,NaN,NaN,NaN,NaN,DB,NW,b,b,NaN,NaN,NaN,NaN,NaN,NaN,
2021121806,a6s.2022,9X-A6S,TD,NONdev,-2.2,94.2,15,1010,128,6,128,6,NaN,NaN,NaN,NaN,NaN,NaN,NaN,NaN,NaN,NaN,DB,NW,b,b,NaN,NaN,NaN,NaN,NaN,NaN,
2021121812,a6s.2022,9X-A6S,TD,NONdev,-2.5,94.6,15,1010,131,5,131,5,NaN,NaN,NaN,NaN,NaN,NaN,NaN,NaN,NaN,NaN,DB,NW,c,c,NaN,NaN,NaN,NaN,NaN,NaN,
2021121818,a6s.2022,9X-A6S,TD,NONdev,-2.9,94.9,15,1010,135,5,135,5,NaN,NaN,NaN,NaN,NaN,NaN,NaN,NaN,NaN,NaN,DB,NW,c,c,NaN,NaN,NaN,NaN,NaN,NaN,
2021122206,a7s.2022,9X-A7S,TS,DEV,-6.8,132.6,15,1010,185,6,185,6,NaN,NaN,NaN,NaN,NaN,NaN,NaN,NaN,NaN,NaN,DB,NW,b,b,NaN,NaN,NaN,NaN,NaN,NaN,
2021122212,a7s.2022,9X-A7S,TS,DEV,-7.5,132.6,15,1010,185,6,185,6,NaN,NaN,NaN,NaN,NaN,NaN,NaN,NaN,NaN,NaN,DB,NW,b,b,NaN,NaN,NaN,NaN,NaN,NaN,
2021122218,a7s.2022,9X-A7S,TS,DEV,-7.9,132.5,15,1010,185,6,185,6,NaN,NaN,NaN,NaN,NaN,NaN,NaN,NaN,NaN,NaN,DB,NW,b,b,NaN,NaN,NaN,NaN,NaN,NaN,
2021122300,a7s.2022,9X-A7S,TS,DEV,-8.2,132.3,15,1010,203,4,203,4,NaN,NaN,NaN,NaN,NaN,NaN,NaN,NaN,NaN,NaN,DB,NW,b,b,NaN,NaN,NaN,NaN,NaN,NaN,
2021122306,a7s.2022,9X-A7S,TS,DEV,-8.5,132.0,15,1010,220,4,220,4,NaN,NaN,NaN,NaN,NaN,NaN,NaN,NaN,NaN,NaN,DB,NW,c,c,NaN,NaN,NaN,NaN,NaN,NaN,
2021122312,a7s.2022,9X-A7S,TS,DEV,-9.2,132.0,15,1010,197,5,197,5,NaN,NaN,NaN,NaN,NaN,NaN,NaN,NaN,NaN,NaN,DB,NW,c,c,NaN,NaN,NaN,NaN,NaN,NaN,
2021122318,a7s.2022,9X-A7S,TS,DEV,-9.0,130.7,15,1010,249,7,249,7,NaN,NaN,NaN,NaN,NaN,NaN,NaN,NaN,NaN,NaN,DB,NW,b,b,NaN,NaN,NaN,NaN,NaN,NaN,
2021122400,a7s.2022,9X-A7S,TS,DEV,-9.4,130.1,15,1010,264,9,264,9,NaN,NaN,NaN,NaN,NaN,NaN,NaN,NaN,NaN,NaN,DB,NW,b,b,NaN,NaN,NaN,NaN,NaN,NaN,
2021122406,a7s.2022,9X-A7S,TS,DEV,-10.0,129.8,20,1003,235,6,222,7,NaN,NaN,NaN,NaN,NaN,NaN,NaN,NaN,NaN,NaN,DB,NW,C,C,190,1005,NaN,S,40,NaN,
2021122412,a7s.2022,9X-A7S,TS,DEV,-11.1,129.9,20,1004,200,7,187,9,NaN,NaN,NaN,NaN,NaN,NaN,NaN,NaN,NaN,NaN,DB,NW,C,C,190,1005,0.05,S,40,NaN,
2021122418,a7s.2022,9X-A7S,TS,DEV,-11.5,130.5,25,1001,175,7,155,8,NaN,NaN,NaN,NaN,NaN,NaN,NaN,NaN,NaN,NaN,TD,NW,C,C,130,1003,0.38,S,30,NaN,
2021122500,a7s.2022,9X-A7S,TS,DEV,-12.1,130.5,25,1001,170,7,150,6,NaN,NaN,NaN,NaN,NaN,NaN,NaN,NaN,NaN,NaN,TD,NW,C,C,130,1003,0.29,S,30,NaN,
2021122506,a7s.2022,9X-A7S,TS,DEV,-11.9,130.0,25,999,190,4,231,3,NaN,NaN,NaN,NaN,NaN,NaN,NaN,NaN,NaN,NaN,TD,NW,C,C,130,1002,0.10,S,30,NaN,
2021122512,a7s.2022,9X-A7S,TS,DEV,-12.6,130.1,30,997,185,5,218,3,NaN,NaN,NaN,NaN,NaN,NaN,NaN,NaN,NaN,NaN,TD,NW,C,C,130,1002,0.06,S,25,NaN,
2021122518,a7s.2022,9X-A7S,TS,DEV,-12.9,130.4,30,999,170,5,159,5,NaN,NaN,NaN,NaN,NaN,NaN,NaN,NaN,NaN,NaN,TD,NW,C,C,200,1004,0.65,S,25,NaN,
2021122600,a7s.2022,9X-A7S,TS,DEV,-13.5,130.6,20,999,160,5,152,5,NaN,NaN,NaN,NaN,NaN,NaN,NaN,NaN,NaN,NaN,DB,WN,C,C,170,1005,0.88,S,25,NaN,
2021122606,a7s.2022,9X-A7S,TS,DEV,-13.5,130.6,25,1001,160,5,162,3,NaN,NaN,NaN,NaN,NaN,NaN,NaN,NaN,NaN,NaN,TD,NW,C,C,170,1004,0.88,S,30,NaN,
2021122612,a7s.2022,9X-A7S,TS,DEV,-14.3,130.8,25,1000,155,5,166,4,NaN,NaN,NaN,NaN,NaN,NaN,NaN,NaN,NaN,NaN,TD,NW,C,C,170,1004,1.00,S,30,NaN,
2021122618,a7s.2022,9X-A7S,TS,DEV,-14.6,131.2,25,1000,145,5,152,6,NaN,NaN,NaN,NaN,NaN,NaN,NaN,NaN,NaN,NaN,TD,NW,C,C,175,1003,1.00,S,30,NaN,
2021122700,a7s.2022,9X-A7S,TS,DEV,-14.3,131.3,25,1000,125,3,90,2,NaN,NaN,NaN,NaN,NaN,NaN,NaN,NaN,NaN,NaN,TD,NW,C,C,150,1005,1.00,S,30,NaN,
2021122706,a7s.2022,9X-A7S,TS,DEV,-14.1,132.3,25,1002,85,5,65,6,NaN,NaN,NaN,NaN,NaN,NaN,NaN,NaN,NaN,NaN,TD,NW,C,C,150,1005,1.00,S,30,NaN,
2021122712,a7s.2022,9X-A7S,TS,DEV,-14.2,131.9,25,999,95,3,80,3,NaN,NaN,NaN,NaN,NaN,NaN,NaN,NaN,NaN,NaN,TD,NW,C,C,150,1003,1.00,S,30,NaN,
2021122718,a7s.2022,9X-A7S,TS,DEV,-14.2,132.3,20,1001,95,4,180,0,NaN,NaN,NaN,NaN,NaN,NaN,NaN,NaN,NaN,NaN,DB,NW,C,C,150,1003,1.00,S,30,NaN,
2021122800,a7s.2022,9X-A7S,TS,DEV,-14.2,132.9,20,1001,95,5,90,5,NaN,NaN,NaN,NaN,NaN,NaN,NaN,NaN,NaN,NaN,DB,NW,C,C,150,1003,1.00,S,30,NaN,
2021122806,a7s.2022,9X-A7S,TS,DEV,-14.9,135.3,20,1001,100,11,104,15,NaN,NaN,NaN,NaN,NaN,NaN,NaN,NaN,NaN,NaN,DB,NW,C,C,150,1003,0.64,S,30,NaN,
2021122812,a7s.2022,9X-A7S,TS,DEV,-15.4,138.0,25,1001,105,17,104,25,NaN,NaN,NaN,NaN,NaN,NaN,NaN,NaN,NaN,NaN,TD,NW,C,C,150,1003,NaN,S,30,NaN,
2021122818,a7s.2022,9X-A7S,TS,DEV,-16.1,139.6,25,997,110,19,106,22,NaN,NaN,NaN,NaN,NaN,NaN,NaN,NaN,NaN,NaN,TD,NW,C,C,200,1002,0.03,S,20,NaN,
2021122900,a7s.2022,9X-A7S,TS,DEV,-16.6,141.6,25,998,105,21,109,18,NaN,NaN,NaN,NaN,NaN,NaN,NaN,NaN,NaN,NaN,TD,NW,C,C,175,1002,0.75,S,20,NaN,
2021122906,a7s.2022,9X-A7S,TS,DEV,-16.6,144.1,25,998,105,21,102,20,NaN,NaN,NaN,NaN,NaN,NaN,NaN,NaN,NaN,NaN,TD,NW,C,C,168,1002,0.38,S,20,NaN,
2021122912,a7s.2022,9X-A7S,TS,DEV,-16.6,146.5,25,998,95,22,94,22,NaN,NaN,NaN,NaN,NaN,NaN,NaN,NaN,NaN,NaN,TD,NW,C,C,160,1002,NaN,S,30,NaN,
2021122918,a7s.2022,9X-A7S,TS,DEV,-16.7,146.7,30,996,100,16,91,16,NaN,NaN,NaN,NaN,NaN,NaN,NaN,NaN,NaN,NaN,TD,NW,C,C,160,1002,NaN,S,45,NaN,
2021123000,a7s.2022,9X-A7S,TS,DEV,-17.2,147.3,30,996,105,12,128,5,NaN,NaN,NaN,NaN,NaN,NaN,NaN,NaN,NaN,NaN,TD,NW,C,C,160,1002,NaN,S,30,NaN,
2021123006,a7s.2022,9X-A7S,TS,DEV,-17.6,148.6,30,996,110,12,116,10,NaN,NaN,NaN,NaN,NaN,NaN,NaN,NaN,NaN,NaN,TD,NW,C,C,140,1000,NaN,S,105,NaN,
2021123012,a7s.2022,9X-A7S,TS,DEV,-17.8,150.3,30,1000,110,14,102,15,NaN,NaN,NaN,NaN,NaN,NaN,NaN,NaN,NaN,NaN,TD,NW,C,C,130,1003,NaN,S,95,NaN,
2021123018,a7s.2022,9X-A7S,TS,DEV,-18.2,151.2,30,1000,105,13,104,13,NaN,NaN,NaN,NaN,NaN,NaN,NaN,NaN,NaN,NaN,TD,NW,C,C,170,1003,NaN,S,85,NaN,
2021123100,a7s.2022,9X-A7S,TS,DEV,-19.5,152.0,35,996,120,12,137,12,138,110,200,145,95,NaN,NaN,NaN,NaN,NaN,TS,NW,C,C,195,1003,NaN,S,90,NaN,
2021123106,a7s.2022,9X-A7S,TS,DEV,-20.0,153.7,45,991,125,13,127,15,144,135,200,145,95,NaN,NaN,NaN,NaN,NaN,TS,NW,C,C,215,1003,NaN,M,90,NaN,
2021122518,a8s.2022,9X-A8S,TD,NONdev,-9.4,96.0,15,1007,139,6,139,6,NaN,NaN,NaN,NaN,NaN,NaN,NaN,NaN,NaN,NaN,DB,NW,b,b,NaN,NaN,NaN,NaN,NaN,NaN,
2021122600,a8s.2022,9X-A8S,TD,NONdev,-9.4,97.0,15,1006,139,6,139,6,NaN,NaN,NaN,NaN,NaN,NaN,NaN,NaN,NaN,NaN,DB,NW,b,b,NaN,NaN,NaN,NaN,NaN,NaN,
2021122606,a8s.2022,9X-A8S,TD,NONdev,-10.3,96.8,15,1007,139,6,139,6,NaN,NaN,NaN,NaN,NaN,NaN,NaN,NaN,NaN,NaN,DB,NW,c,c,NaN,NaN,NaN,NaN,NaN,NaN,
2021122612,a8s.2022,9X-A8S,TD,NONdev,-10.1,97.6,15,1007,115,6,140,5,NaN,NaN,NaN,NaN,NaN,NaN,NaN,NaN,NaN,NaN,DB,NW,c,c,NaN,NaN,NaN,NaN,NaN,NaN,
2021122618,a8s.2022,9X-A8S,TD,NONdev,-9.8,98.5,15,1010,96,5,73,9,NaN,NaN,NaN,NaN,NaN,NaN,NaN,NaN,NaN,NaN,DB,NW,c,c,NaN,NaN,NaN,NaN,NaN,NaN,
2021122700,a8s.2022,9X-A8S,TD,NONdev,-10.4,97.7,15,1010,216,2,162,2,NaN,NaN,NaN,NaN,NaN,NaN,NaN,NaN,NaN,NaN,DB,NW,c,c,NaN,NaN,NaN,NaN,NaN,NaN,
2021122706,a8s.2022,9X-A8S,TD,NONdev,-10.1,98.7,15,1007,109,6,147,2,NaN,NaN,NaN,NaN,NaN,NaN,NaN,NaN,NaN,NaN,DB,NW,c,c,NaN,NaN,NaN,NaN,NaN,NaN,
2021122712,a8s.2022,9X-A8S,TD,NONdev,-10.3,99.2,15,1007,110,6,86,7,NaN,NaN,NaN,NaN,NaN,NaN,NaN,NaN,NaN,NaN,DB,NW,c,c,NaN,NaN,NaN,NaN,NaN,NaN,
2021122718,a8s.2022,9X-A8S,TD,NONdev,-10.3,99.0,20,1007,117,3,124,2,NaN,NaN,NaN,NaN,NaN,NaN,NaN,NaN,NaN,NaN,DB,NW,c,c,NaN,NaN,NaN,NaN,NaN,NaN,
2021122800,a8s.2022,9X-A8S,TD,NONdev,-10.6,99.2,15,1007,135,4,180,1,NaN,NaN,NaN,NaN,NaN,NaN,NaN,NaN,NaN,NaN,DB,NW,c,c,NaN,NaN,NaN,NaN,NaN,NaN,
2021122806,a8s.2022,9X-A8S,TD,NONdev,-11.1,98.9,20,1007,187,4,187,4,NaN,NaN,NaN,NaN,NaN,NaN,NaN,NaN,NaN,NaN,DB,NW,b,b,NaN,NaN,NaN,NaN,NaN,NaN,
2021122812,a8s.2022,9X-A8S,TD,NONdev,-11.6,98.4,20,1007,218,6,218,6,NaN,NaN,NaN,NaN,NaN,NaN,NaN,NaN,NaN,NaN,DB,NW,b,b,165,1009,NaN,NaN,NaN,NaN,
2021122818,a8s.2022,9X-A8S,TD,NONdev,-12.1,97.5,20,1006,234,8,234,8,NaN,NaN,NaN,NaN,NaN,NaN,NaN,NaN,NaN,NaN,DB,NW,c,c,150,1009,NaN,NaN,10,NaN,
2021122900,a8s.2022,9X-A8S,TD,NONdev,-11.4,97.2,20,1007,280,6,280,6,NaN,NaN,NaN,NaN,NaN,NaN,NaN,NaN,NaN,NaN,DB,NW,c,c,150,1009,NaN,NaN,15,NaN,
2021122906,a8s.2022,9X-A8S,TD,NONdev,-11.5,97.1,20,1007,327,4,327,4,NaN,NaN,NaN,NaN,NaN,NaN,NaN,NaN,NaN,NaN,DB,NW,b,b,150,1009,NaN,NaN,15,NaN,
2021122912,a8s.2022,9X-A8S,TD,NONdev,-11.7,97.0,20,1007,213,2,213,2,NaN,NaN,NaN,NaN,NaN,NaN,NaN,NaN,NaN,NaN,DB,NW,b,b,200,1009,NaN,NaN,15,NaN,
2021122918,a8s.2022,9X-A8S,TD,NONdev,-12.1,97.1,20,1007,180,3,180,3,NaN,NaN,NaN,NaN,NaN,NaN,NaN,NaN,NaN,NaN,DB,NW,b,b,200,1009,NaN,NaN,15,NaN,
2021123000,a8s.2022,9X-A8S,TD,NONdev,-12.8,96.9,20,1007,185,6,185,6,NaN,NaN,NaN,NaN,NaN,NaN,NaN,NaN,NaN,NaN,DB,NW,c,c,200,1009,NaN,NaN,15,NaN,
2021123006,a8s.2022,9X-A8S,TD,NONdev,-12.5,96.4,20,1007,240,4,240,4,NaN,NaN,NaN,NaN,NaN,NaN,NaN,NaN,NaN,NaN,DB,NW,c,c,100,1009,NaN,NaN,20,NaN,
2021123012,a8s.2022,9X-A8S,TD,NONdev,-12.7,95.8,20,1007,253,5,275,5,NaN,NaN,NaN,NaN,NaN,NaN,NaN,NaN,NaN,NaN,DB,NW,c,c,95,1009,NaN,NaN,20,NaN,
2021123018,a8s.2022,9X-A8S,TD,NONdev,-12.8,95.4,20,1007,253,5,253,5,NaN,NaN,NaN,NaN,NaN,NaN,NaN,NaN,NaN,NaN,DB,NW,c,c,95,1009,NaN,NaN,20,NaN,
2021123100,a8s.2022,9X-A8S,TD,NONdev,-12.7,94.2,20,1007,270,8,270,8,NaN,NaN,NaN,NaN,NaN,NaN,NaN,NaN,NaN,NaN,DB,NW,c,c,95,1009,NaN,NaN,20,NaN,
2021123106,a8s.2022,9X-A8S,TD,NONdev,-12.5,93.3,20,1007,277,8,278,10,NaN,NaN,NaN,NaN,NaN,NaN,NaN,NaN,NaN,NaN,DB,NW,c,c,85,1010,NaN,NaN,20,NaN,
2021123112,a8s.2022,9X-A8S,TD,NONdev,-11.9,92.6,20,1007,299,7,297,9,NaN,NaN,NaN,NaN,NaN,NaN,NaN,NaN,NaN,NaN,DB,NW,c,c,95,1009,NaN,NaN,20,NaN,
2021123118,a8s.2022,9X-A8S,TD,NONdev,-11.1,91.8,20,1007,314,10,314,10,NaN,NaN,NaN,NaN,NaN,NaN,NaN,NaN,NaN,NaN,DB,NW,c,c,95,1009,NaN,NaN,20,NaN,
2022010100,a8s.2022,9X-A8S,TD,NONdev,-10.5,91.5,20,1007,322,9,322,9,NaN,NaN,NaN,NaN,NaN,NaN,NaN,NaN,NaN,NaN,DB,NW,c,c,95,1009,NaN,NaN,20,NaN,
2022010106,a8s.2022,9X-A8S,TD,NONdev,-10.2,91.3,20,1007,331,5,331,5,NaN,NaN,NaN,NaN,NaN,NaN,NaN,NaN,NaN,NaN,DB,NW,b,b,95,1009,NaN,NaN,20,NaN,
2022010112,a8s.2022,9X-A8S,TD,NONdev,-9.7,91.1,20,1007,334,4,334,4,NaN,NaN,NaN,NaN,NaN,NaN,NaN,NaN,NaN,NaN,DB,NW,b,b,95,1009,NaN,NaN,20,NaN,
2022010118,a8s.2022,9X-A8S,TD,NONdev,-9.6,90.4,20,1007,304,5,304,5,NaN,NaN,NaN,NaN,NaN,NaN,NaN,NaN,NaN,NaN,DB,NW,c,c,95,1009,NaN,NaN,20,NaN,
2022010200,a8s.2022,9X-A8S,TD,NONdev,-10.1,90.1,20,1007,248,5,248,5,NaN,NaN,NaN,NaN,NaN,NaN,NaN,NaN,NaN,NaN,DB,NW,c,c,95,1009,NaN,NaN,20,NaN,
2022010206,a8s.2022,9X-A8S,TD,NONdev,-8.9,90.0,20,1007,331,4,331,4,NaN,NaN,NaN,NaN,NaN,NaN,NaN,NaN,NaN,NaN,DB,NW,b,b,95,1009,NaN,NaN,20,NaN,
2022010212,a8s.2022,9X-A8S,TD,NONdev,-8.8,90.6,15,1010,21,7,21,7,NaN,NaN,NaN,NaN,NaN,NaN,NaN,NaN,NaN,NaN,DB,NW,b,b,95,1009,NaN,NaN,20,NaN,
2022010218,a9p.2022,9X-A9P,TD,DEV,-9.5,175.9,15,1001,104,11,104,11,NaN,NaN,NaN,NaN,NaN,NaN,NaN,NaN,NaN,NaN,DB,NW,b,b,NaN,NaN,NaN,NaN,NaN,NaN,
2022010300,a9p.2022,9X-A9P,TD,DEV,-9.8,177.0,15,1001,104,11,104,11,NaN,NaN,NaN,NaN,NaN,NaN,NaN,NaN,NaN,NaN,DB,NW,b,b,NaN,NaN,NaN,NaN,NaN,NaN,
2022010306,a9p.2022,9X-A9P,TD,DEV,-10.0,178.0,15,1001,104,11,104,11,NaN,NaN,NaN,NaN,NaN,NaN,NaN,NaN,NaN,NaN,DB,NW,b,b,NaN,NaN,NaN,NaN,NaN,NaN,
2022010312,a9p.2022,9X-A9P,TD,DEV,-10.4,178.2,15,1010,117,7,117,7,NaN,NaN,NaN,NaN,NaN,NaN,NaN,NaN,NaN,NaN,DB,NW,b,b,NaN,NaN,NaN,NaN,NaN,NaN,
2022010318,a9p.2022,9X-A9P,TD,DEV,-11.0,178.2,15,1004,169,5,169,5,NaN,NaN,NaN,NaN,NaN,NaN,NaN,NaN,NaN,NaN,DB,NW,c,c,NaN,NaN,NaN,NaN,NaN,NaN,
2022010400,a9p.2022,9X-A9P,TD,DEV,-11.4,177.9,15,1004,196,5,196,5,NaN,NaN,NaN,NaN,NaN,NaN,NaN,NaN,NaN,NaN,DB,NW,c,c,NaN,NaN,NaN,NaN,NaN,NaN,
2022010406,a9p.2022,9X-A9P,TD,DEV,-11.8,178.7,15,1010,149,5,149,5,NaN,NaN,NaN,NaN,NaN,NaN,NaN,NaN,NaN,NaN,DB,NW,b,b,NaN,NaN,NaN,NaN,NaN,NaN,
2022010412,a9p.2022,9X-A9P,TD,DEV,-12.0,178.5,15,1005,136,4,136,4,NaN,NaN,NaN,NaN,NaN,NaN,NaN,NaN,NaN,NaN,DB,NW,b,b,NaN,NaN,NaN,NaN,NaN,NaN,
2022010418,a9p.2022,9X-A9P,TD,DEV,-12.6,178.4,20,1007,203,4,200,4,NaN,NaN,NaN,NaN,NaN,NaN,NaN,NaN,NaN,NaN,DB,NW,c,c,NaN,NaN,NaN,NaN,NaN,NaN,
2022010500,a9p.2022,9X-A9P,TD,DEV,-13.7,178.1,20,1004,197,7,193,9,NaN,NaN,NaN,NaN,NaN,NaN,NaN,NaN,NaN,NaN,DB,NW,c,c,NaN,NaN,NaN,NaN,NaN,NaN,
2022010506,a9p.2022,9X-A9P,TD,DEV,-14.1,177.8,20,1005,200,6,201,8,NaN,NaN,NaN,NaN,NaN,NaN,NaN,NaN,NaN,NaN,DB,NW,C,C,150,1008,NaN,S,30,NaN,
2022010512,a9p.2022,9X-A9P,TD,DEV,-14.8,177.4,25,1006,205,7,212,6,NaN,NaN,NaN,NaN,NaN,NaN,NaN,NaN,NaN,NaN,TD,NW,C,C,150,1008,NaN,S,30,NaN,
2022010518,a9p.2022,9X-A9P,TD,DEV,-13.4,176.7,25,1004,230,5,303,6,NaN,NaN,NaN,NaN,NaN,NaN,NaN,NaN,NaN,NaN,TD,NW,C,C,80,1005,NaN,S,30,NaN,
2022010600,a9p.2022,9X-A9P,TD,DEV,-14.9,175.3,25,1004,226,10,267,10,NaN,NaN,NaN,NaN,NaN,NaN,NaN,NaN,NaN,NaN,TD,NW,c,c,120,1006,NaN,NaN,50,NaN,
2022010606,a9p.2022,9X-A9P,TD,DEV,-15.5,174.5,25,1004,230,10,225,15,NaN,NaN,NaN,NaN,NaN,NaN,NaN,NaN,NaN,NaN,TD,NW,C,C,120,1006,NaN,S,50,NaN,
2022010612,a9p.2022,9X-A9P,TD,DEV,-15.8,174.1,20,1007,232,7,232,7,NaN,NaN,NaN,NaN,NaN,NaN,NaN,NaN,NaN,NaN,DB,NW,b,b,120,1006,NaN,NaN,50,NaN,
2022010618,a9p.2022,9X-A9P,TD,DEV,-16.1,173.6,20,1007,235,5,235,5,NaN,NaN,NaN,NaN,NaN,NaN,NaN,NaN,NaN,NaN,DB,NW,c,c,145,1009,NaN,NaN,60,NaN,
2022010700,a9p.2022,9X-A9P,TD,DEV,-17.2,173.3,20,1007,209,8,209,8,NaN,NaN,NaN,NaN,NaN,NaN,NaN,NaN,NaN,NaN,DB,NW,c,c,170,1009,NaN,NaN,65,NaN,
2022010706,a9p.2022,9X-A9P,TD,DEV,-17.5,173.2,20,1006,195,7,195,7,NaN,NaN,NaN,NaN,NaN,NaN,NaN,NaN,NaN,NaN,DB,NW,b,b,170,1009,NaN,NaN,65,NaN,
2022010712,a9p.2022,9X-A9P,TD,DEV,-17.8,173.1,20,1005,198,3,198,3,NaN,NaN,NaN,NaN,NaN,NaN,NaN,NaN,NaN,NaN,DB,NW,b,b,170,1009,NaN,NaN,65,NaN,
2022010718,a9p.2022,9X-A9P,TD,DEV,-18.5,172.9,20,1007,188,4,196,5,NaN,NaN,NaN,NaN,NaN,NaN,NaN,NaN,NaN,NaN,DB,NW,c,c,130,1005,NaN,NaN,85,NaN,
2022010800,a9p.2022,9X-A9P,TD,DEV,-18.2,172.8,25,1002,210,3,215,2,NaN,NaN,NaN,NaN,NaN,NaN,NaN,NaN,NaN,NaN,TD,NW,C,C,145,1005,NaN,S,60,NaN,
2022010806,a9p.2022,9X-A9P,TD,DEV,-18.5,172.8,25,1001,200,3,270,0,NaN,NaN,NaN,NaN,NaN,NaN,NaN,NaN,NaN,NaN,TD,NW,C,C,190,1004,NaN,S,60,NaN,
2022010812,a9p.2022,9X-A9P,TD,DEV,-18.6,173.3,30,1000,150,2,130,3,NaN,NaN,NaN,NaN,NaN,NaN,NaN,NaN,NaN,NaN,TD,NW,C,C,200,1006,NaN,S,40,NaN,
2022013118,b0s.2022,9X-B0S,TD,DEV,-22.1,77.2,25,1004,347,2,347,2,NaN,NaN,NaN,NaN,NaN,NaN,NaN,NaN,NaN,NaN,TD,NW,b,b,130,1006,NaN,NaN,40,NaN,
2022020100,b0s.2022,9X-B0S,TD,DEV,-22.1,76.6,25,1003,263,4,347,2,NaN,NaN,NaN,NaN,NaN,NaN,NaN,NaN,NaN,NaN,TD,NW,c,c,120,1004,NaN,NaN,40,NaN,
2022020106,b0s.2022,9X-B0S,TD,DEV,-21.7,77.1,25,1003,347,2,347,2,NaN,NaN,NaN,NaN,NaN,NaN,NaN,NaN,NaN,NaN,TD,NW,c,c,120,1005,NaN,NaN,40,NaN,
2022020112,b0s.2022,9X-B0S,TD,DEV,-21.0,77.6,25,1004,33,6,40,7,NaN,NaN,NaN,NaN,NaN,NaN,NaN,NaN,NaN,NaN,TD,NW,c,c,105,1006,NaN,NaN,40,NaN,
2022020118,b0s.2022,9X-B0S,TD,DEV,-20.1,77.8,25,1004,14,8,22,9,NaN,NaN,NaN,NaN,NaN,NaN,NaN,NaN,NaN,NaN,TD,NW,c,c,105,1006,NaN,NaN,40,NaN,
2022020200,b0s.2022,9X-B0S,TD,DEV,-19.6,78.7,25,1002,36,9,36,9,NaN,NaN,NaN,NaN,NaN,NaN,NaN,NaN,NaN,NaN,TD,NW,c,c,95,1004,NaN,NaN,40,NaN,
2022020206,b0s.2022,9X-B0S,TD,DEV,-18.6,80.4,25,1001,40,4,59,14,NaN,NaN,NaN,NaN,NaN,NaN,NaN,NaN,NaN,NaN,TD,NW,C,C,95,1004,NaN,S,40,NaN,
2022020212,b0s.2022,9X-B0S,TD,DEV,-17.9,82.3,25,1002,40,4,62,16,NaN,NaN,NaN,NaN,NaN,NaN,NaN,NaN,NaN,NaN,TD,NW,C,C,95,1004,NaN,S,40,NaN,
2022020218,b0s.2022,9X-B0S,TD,DEV,-17.2,84.2,25,1002,75,8,65,19,NaN,NaN,NaN,NaN,NaN,NaN,NaN,NaN,NaN,NaN,TD,NW,C,C,95,1004,NaN,S,40,NaN,
2022020300,b0s.2022,9X-B0S,TD,DEV,-17.0,85.1,25,1002,75,8,70,16,NaN,NaN,NaN,NaN,NaN,NaN,NaN,NaN,NaN,NaN,TD,NW,C,C,95,1004,NaN,S,40,NaN,
2022020306,b0s.2022,9X-B0S,TD,DEV,-16.4,83.6,25,1002,100,8,324,5,NaN,NaN,NaN,NaN,NaN,NaN,NaN,NaN,NaN,NaN,TD,NW,C,C,100,1004,NaN,S,55,NaN,
2022020312,b0s.2022,9X-B0S,TD,DEV,-17.1,83.3,25,1002,135,6,267,9,NaN,NaN,NaN,NaN,NaN,NaN,NaN,NaN,NaN,NaN,TD,NW,C,C,100,1004,NaN,S,55,NaN,
2022020318,b0s.2022,9X-B0S,TD,DEV,-16.5,83.6,30,999,145,4,180,1,NaN,NaN,NaN,NaN,NaN,NaN,NaN,NaN,NaN,NaN,TD,NW,C,C,100,1004,NaN,S,80,NaN,
2022020400,b0s.2022,9X-B0S,TD,DEV,-17.2,83.6,30,996,165,4,109,2,NaN,NaN,NaN,NaN,NaN,NaN,NaN,NaN,NaN,NaN,TD,NW,C,C,130,1001,NaN,S,65,NaN,
2022013118,b1p.2022,9X-B1P,TD,NONdev,-26.5,235.2,15,1010,225,6,225,6,NaN,NaN,NaN,NaN,NaN,NaN,NaN,NaN,NaN,NaN,DB,NW,b,b,NaN,NaN,NaN,NaN,NaN,NaN,
2022020100,b1p.2022,9X-B1P,TD,NONdev,-26.9,234.7,15,1010,225,6,225,6,NaN,NaN,NaN,NaN,NaN,NaN,NaN,NaN,NaN,NaN,DB,NW,b,b,NaN,NaN,NaN,NaN,NaN,NaN,
2022020106,b1p.2022,9X-B1P,TD,NONdev,-27.4,234.2,15,1010,225,6,225,6,NaN,NaN,NaN,NaN,NaN,NaN,NaN,NaN,NaN,NaN,DB,NW,b,b,NaN,NaN,NaN,NaN,NaN,NaN,
2022020112,b1p.2022,9X-B1P,TD,NONdev,-27.9,233.7,15,1010,222,7,222,7,NaN,NaN,NaN,NaN,NaN,NaN,NaN,NaN,NaN,NaN,DB,NW,b,b,NaN,NaN,NaN,NaN,NaN,NaN,
2022020118,b1p.2022,9X-B1P,TD,NONdev,-28.2,232.6,15,1014,241,8,241,8,NaN,NaN,NaN,NaN,NaN,NaN,NaN,NaN,NaN,NaN,DB,NW,c,c,100,1018,NaN,NaN,15,NaN,
2022020200,b1p.2022,9X-B1P,TD,NONdev,-28.2,232.3,25,1014,256,6,256,6,NaN,NaN,NaN,NaN,NaN,NaN,NaN,NaN,NaN,NaN,TD,NW,c,c,100,1017,NaN,NaN,15,NaN,
2022020206,b1p.2022,9X-B1P,TD,NONdev,-28.0,232.3,20,1013,307,2,307,2,NaN,NaN,NaN,NaN,NaN,NaN,NaN,NaN,NaN,NaN,DB,NW,b,b,90,1017,NaN,NaN,25,NaN,
2022020212,b1p.2022,9X-B1P,TD,NONdev,-27.9,232.7,20,1007,50,2,50,2,NaN,NaN,NaN,NaN,NaN,NaN,NaN,NaN,NaN,NaN,DB,NW,c,c,90,1017,NaN,NaN,25,NaN,
2022020218,b1p.2022,9X-B1P,TD,NONdev,-27.4,233.7,20,1017,64,7,64,7,NaN,NaN,NaN,NaN,NaN,NaN,NaN,NaN,NaN,NaN,DB,NW,c,c,90,1017,NaN,NaN,25,NaN,
2022020406,b2p.2022,9X-B2P,TD,DEV,-17.2,150.1,15,1010,107,10,107,10,NaN,NaN,NaN,NaN,NaN,NaN,NaN,NaN,NaN,NaN,DB,NW,b,b,NaN,NaN,NaN,NaN,NaN,NaN,
2022020412,b2p.2022,9X-B2P,TD,DEV,-17.4,151.2,15,1010,107,10,107,10,NaN,NaN,NaN,NaN,NaN,NaN,NaN,NaN,NaN,NaN,DB,NW,b,b,NaN,NaN,NaN,NaN,NaN,NaN,
2022020418,b2p.2022,9X-B2P,TD,DEV,-17.8,152.1,25,999,107,10,107,10,NaN,NaN,NaN,NaN,NaN,NaN,NaN,NaN,NaN,NaN,TD,NW,c,c,150,1001,NaN,NaN,NaN,NaN,
2022020500,b2p.2022,9X-B2P,TD,DEV,-17.7,153.2,25,1007,99,10,99,10,NaN,NaN,NaN,NaN,NaN,NaN,NaN,NaN,NaN,NaN,DB,NW,c,c,150,1001,NaN,NaN,NaN,NaN,
2022020506,b2p.2022,9X-B2P,TD,DEV,-17.9,154.5,23,1005,99,10,98,11,NaN,NaN,NaN,NaN,NaN,NaN,NaN,NaN,NaN,NaN,DB,NW,c,c,147,1001,NaN,NaN,NaN,NaN,
2022020512,b2p.2022,9X-B2P,TD,DEV,-18.1,155.8,22,1002,99,10,97,11,NaN,NaN,NaN,NaN,NaN,NaN,NaN,NaN,NaN,NaN,DB,NW,c,c,143,1001,NaN,NaN,NaN,NaN,
2022020518,b2p.2022,9X-B2P,TD,DEV,-18.3,157.1,20,1000,110,12,96,12,NaN,NaN,NaN,NaN,NaN,NaN,NaN,NaN,NaN,NaN,DB,NW,c,c,140,1001,NaN,NaN,50,NaN,
2022020600,b2p.2022,9X-B2P,TD,DEV,-18.9,158.5,20,1001,113,14,103,13,NaN,NaN,NaN,NaN,NaN,NaN,NaN,NaN,NaN,NaN,DB,NW,c,c,125,1003,NaN,NaN,50,NaN,
2022020606,b2p.2022,9X-B2P,TD,DEV,-19.2,160.9,20,1001,113,14,103,16,NaN,NaN,NaN,NaN,NaN,NaN,NaN,NaN,NaN,NaN,DB,NW,c,c,138,1004,NaN,NaN,50,NaN,
2022020612,b2p.2022,9X-B2P,TD,DEV,-19.6,163.3,20,1001,111,17,103,20,NaN,NaN,NaN,NaN,NaN,NaN,NaN,NaN,NaN,NaN,DB,NW,c,c,150,1005,NaN,NaN,50,NaN,
2022020618,b2p.2022,9X-B2P,TD,DEV,-18.8,165.1,20,1000,93,18,89,21,NaN,NaN,NaN,NaN,NaN,NaN,NaN,NaN,NaN,NaN,DB,NW,c,c,150,1002,NaN,NaN,50,NaN,
2022020700,b2p.2022,9X-B2P,TD,DEV,-19.4,164.5,25,1000,109,11,80,6,NaN,NaN,NaN,NaN,NaN,NaN,NaN,NaN,NaN,NaN,TD,NW,c,c,140,1003,NaN,NaN,40,NaN,
2022020706,b2p.2022,9X-B2P,TD,DEV,-19.9,165.8,25,998,110,12,149,6,NaN,NaN,NaN,NaN,NaN,NaN,NaN,NaN,NaN,NaN,TD,NW,C,C,140,1000,NaN,S,45,NaN,
2022020712,b2p.2022,9X-B2P,TD,DEV,-19.3,165.2,25,998,100,8,81,3,NaN,NaN,NaN,NaN,NaN,NaN,NaN,NaN,NaN,NaN,TD,NW,C,C,140,1000,NaN,S,45,NaN,
2022020718,b2p.2022,9X-B2P,TD,DEV,-19.4,166.3,25,998,95,9,43,3,NaN,NaN,NaN,NaN,NaN,NaN,NaN,NaN,NaN,NaN,TD,NW,C,C,140,1000,NaN,S,45,NaN,
2022020800,b2p.2022,9X-B2P,TD,DEV,-18.9,167.0,25,999,85,9,77,9,NaN,NaN,NaN,NaN,NaN,NaN,NaN,NaN,NaN,NaN,TD,NW,C,C,130,1001,NaN,S,45,NaN,
2022020806,b2p.2022,9X-B2P,TD,DEV,-18.4,166.6,25,992,28,4,16,5,NaN,NaN,NaN,NaN,NaN,NaN,NaN,NaN,NaN,NaN,TD,NW,c,c,240,999,NaN,NaN,50,NaN,
2022020812,b2p.2022,9X-B2P,TD,DEV,-19.0,168.9,30,990,90,9,93,9,NaN,NaN,NaN,NaN,NaN,NaN,NaN,NaN,NaN,NaN,TD,NW,C,C,245,999,0.10,S,50,NaN,
2022020818,b2p.2022,9X-B2P,TD,DEV,-19.4,169.4,30,991,105,8,111,14,NaN,NaN,NaN,NaN,NaN,NaN,NaN,NaN,NaN,NaN,TD,NW,C,C,150,995,0.05,S,50,NaN,
2021120700,b3p.2022,9X-B3P,TD,DEV,-5.3,152.7,15,1006,139,12,139,12,NaN,NaN,NaN,NaN,NaN,NaN,NaN,NaN,NaN,NaN,DB,NW,b,b,NaN,NaN,0.03,NaN,NaN,NaN,
2021120706,b3p.2022,9X-B3P,TD,DEV,-6.2,153.5,15,1006,139,12,139,12,NaN,NaN,NaN,NaN,NaN,NaN,NaN,NaN,NaN,NaN,DB,NW,b,b,NaN,NaN,NaN,NaN,NaN,NaN,
2021120712,b3p.2022,9X-B3P,TD,DEV,-7.1,154.3,15,1006,139,12,139,12,NaN,NaN,NaN,NaN,NaN,NaN,NaN,NaN,NaN,NaN,DB,NW,c,c,NaN,NaN,NaN,NaN,NaN,NaN,
2021120718,b3p.2022,9X-B3P,TD,DEV,-8.7,155.0,15,1005,149,15,149,15,NaN,NaN,NaN,NaN,NaN,NaN,NaN,NaN,NaN,NaN,DB,NW,b,b,120,1006,NaN,NaN,65,NaN,
2021120800,b3p.2022,9X-B3P,TD,DEV,-10.0,155.6,15,1005,156,16,156,16,NaN,NaN,NaN,NaN,NaN,NaN,NaN,NaN,NaN,NaN,DB,NW,c,c,120,1006,NaN,NaN,65,NaN,
2021120806,b3p.2022,9X-B3P,TD,DEV,-10.0,156.3,15,1004,135,9,135,9,NaN,NaN,NaN,NaN,NaN,NaN,NaN,NaN,NaN,NaN,DB,NW,c,c,120,1006,NaN,NaN,65,NaN,
2021120812,b3p.2022,9X-B3P,TD,DEV,-10.4,155.0,15,1004,151,9,236,4,NaN,NaN,NaN,NaN,NaN,NaN,NaN,NaN,NaN,NaN,DB,NW,c,c,120,1006,NaN,NaN,65,NaN,
2021120818,b3p.2022,9X-B3P,TD,DEV,-11.0,155.4,15,1010,151,8,222,7,NaN,NaN,NaN,NaN,NaN,NaN,NaN,NaN,NaN,NaN,DB,NW,c,c,120,1006,NaN,NaN,65,NaN,
2021120900,b3p.2022,9X-B3P,TD,DEV,-10.4,155.0,20,1007,155,4,360,0,NaN,NaN,NaN,NaN,NaN,NaN,NaN,NaN,NaN,NaN,DB,NW,C,C,120,1009,NaN,S,65,NaN,
2021120906,b3p.2022,9X-B3P,TD,DEV,-8.4,155.5,20,1006,85,7,2,13,NaN,NaN,NaN,NaN,NaN,NaN,NaN,NaN,NaN,NaN,DB,NW,C,C,120,1009,NaN,S,65,NaN,
2021120912,b3p.2022,9X-B3P,TD,DEV,-8.6,156.0,20,1006,90,6,29,10,NaN,NaN,NaN,NaN,NaN,NaN,NaN,NaN,NaN,NaN,DB,NW,C,C,120,1009,NaN,S,65,NaN,
2022011818,b4s.2022,9X-B4S,TD,NONdev,-11.7,82.7,15,1008,264,10,264,10,NaN,NaN,NaN,NaN,NaN,NaN,NaN,NaN,NaN,NaN,DB,NW,b,b,NaN,NaN,NaN,NaN,NaN,NaN,
2022011900,b4s.2022,9X-B4S,TD,NONdev,-12.2,81.6,15,1008,264,10,264,10,NaN,NaN,NaN,NaN,NaN,NaN,NaN,NaN,NaN,NaN,DB,NW,b,b,NaN,NaN,NaN,NaN,NaN,NaN,
2022011906,b4s.2022,9X-B4S,TD,NONdev,-11.9,80.6,15,1008,264,10,264,10,NaN,NaN,NaN,NaN,NaN,NaN,NaN,NaN,NaN,NaN,DB,NW,c,c,NaN,NaN,NaN,NaN,NaN,NaN,
2022011912,b4s.2022,9X-B4S,TD,NONdev,-12.0,80.2,15,1008,278,7,278,7,NaN,NaN,NaN,NaN,NaN,NaN,NaN,NaN,NaN,NaN,DB,NW,b,b,NaN,NaN,NaN,NaN,NaN,NaN,
2022011918,b4s.2022,9X-B4S,TD,NONdev,-11.9,79.6,15,1008,280,6,270,5,NaN,NaN,NaN,NaN,NaN,NaN,NaN,NaN,NaN,NaN,DB,NW,c,c,NaN,NaN,NaN,NaN,NaN,NaN,
2022012000,b4s.2022,9X-B4S,TD,NONdev,-11.8,79.0,15,1010,280,6,280,6,NaN,NaN,NaN,NaN,NaN,NaN,NaN,NaN,NaN,NaN,DB,NW,c,c,NaN,NaN,NaN,NaN,NaN,NaN,
2022012006,b4s.2022,9X-B4S,TD,NONdev,-11.8,79.5,15,1010,316,1,316,1,NaN,NaN,NaN,NaN,NaN,NaN,NaN,NaN,NaN,NaN,DB,NW,b,b,NaN,NaN,NaN,NaN,NaN,NaN,
2022012012,b4s.2022,9X-B4S,TD,NONdev,-11.5,79.2,15,1010,33,2,33,2,NaN,NaN,NaN,NaN,NaN,NaN,NaN,NaN,NaN,NaN,DB,NW,b,b,NaN,NaN,NaN,NaN,NaN,NaN,
2022012018,b4s.2022,9X-B4S,TD,NONdev,-11.0,79.0,15,1010,329,5,329,5,NaN,NaN,NaN,NaN,NaN,NaN,NaN,NaN,NaN,NaN,DB,NW,b,b,NaN,NaN,NaN,NaN,NaN,NaN,
2022012100,b4s.2022,9X-B4S,TD,NONdev,-10.8,78.6,15,1010,329,5,322,5,NaN,NaN,NaN,NaN,NaN,NaN,NaN,NaN,NaN,NaN,DB,NW,b,b,NaN,NaN,NaN,NaN,NaN,NaN,
2022012106,b4s.2022,9X-B4S,TD,NONdev,-10.5,78.2,15,1010,302,5,316,5,NaN,NaN,NaN,NaN,NaN,NaN,NaN,NaN,NaN,NaN,DB,NW,b,b,NaN,NaN,NaN,NaN,NaN,NaN,
2022012112,b4s.2022,9X-B4S,TD,NONdev,-10.5,77.5,15,1010,41,11,289,5,NaN,NaN,NaN,NaN,NaN,NaN,NaN,NaN,NaN,NaN,DB,NW,b,b,NaN,NaN,NaN,NaN,NaN,NaN,
2022012118,b4s.2022,9X-B4S,TD,NONdev,-10.4,76.9,15,1010,274,6,274,6,NaN,NaN,NaN,NaN,NaN,NaN,NaN,NaN,NaN,NaN,DB,NW,c,c,NaN,NaN,NaN,NaN,NaN,NaN,
2021121006,b5s.2022,9X-B5S,TD,NONdev,-8.8,132.7,15,1010,71,3,71,3,NaN,NaN,NaN,NaN,NaN,NaN,NaN,NaN,NaN,NaN,DB,NW,b,b,NaN,NaN,NaN,NaN,NaN,NaN,
2021121012,b5s.2022,9X-B5S,TD,NONdev,-8.7,133.1,15,1010,71,3,71,3,NaN,NaN,NaN,NaN,NaN,NaN,NaN,NaN,NaN,NaN,DB,NW,b,b,NaN,NaN,NaN,NaN,NaN,NaN,
2021121018,b5s.2022,9X-B5S,TD,NONdev,-8.6,133.3,15,1010,71,3,71,3,NaN,NaN,NaN,NaN,NaN,NaN,NaN,NaN,NaN,NaN,DB,NW,b,b,NaN,NaN,NaN,NaN,NaN,NaN,
2021121100,b5s.2022,9X-B5S,TD,NONdev,-8.4,133.5,15,1008,53,2,53,2,NaN,NaN,NaN,NaN,NaN,NaN,NaN,NaN,NaN,NaN,DB,NW,c,c,NaN,NaN,NaN,NaN,NaN,NaN,
2021121106,b5s.2022,9X-B5S,TD,NONdev,-8.7,134.8,15,1008,53,2,65,4,NaN,NaN,NaN,NaN,NaN,NaN,NaN,NaN,NaN,NaN,DB,NW,c,c,NaN,NaN,NaN,NaN,NaN,NaN,
2021121112,b5s.2022,9X-B5S,TD,NONdev,-9.1,136.2,15,1009,53,2,77,6,NaN,NaN,NaN,NaN,NaN,NaN,NaN,NaN,NaN,NaN,DB,NW,c,c,NaN,NaN,NaN,NaN,NaN,NaN,
2021121118,b5s.2022,9X-B5S,TD,NONdev,-9.4,137.6,15,1010,53,2,89,9,NaN,NaN,NaN,NaN,NaN,NaN,NaN,NaN,NaN,NaN,DB,NW,c,c,NaN,NaN,NaN,NaN,NaN,NaN,
2021121200,b5s.2022,9X-B5S,TD,NONdev,-9.7,138.9,15,1010,104,23,101,11,NaN,NaN,NaN,NaN,NaN,NaN,NaN,NaN,NaN,NaN,DB,NW,b,b,NaN,NaN,NaN,NaN,NaN,NaN,
2021121206,b5s.2022,9X-B5S,TD,NONdev,-9.9,140.1,15,1010,104,27,103,13,NaN,NaN,NaN,NaN,NaN,NaN,NaN,NaN,NaN,NaN,DB,NW,b,b,NaN,NaN,NaN,NaN,NaN,NaN,
2021121212,b5s.2022,9X-B5S,TD,NONdev,-9.9,141.2,15,1007,104,27,98,12,NaN,NaN,NaN,NaN,NaN,NaN,NaN,NaN,NaN,NaN,DB,NW,b,b,NaN,NaN,0.01,NaN,NaN,NaN,
2021121218,b5s.2022,9X-B5S,TD,NONdev,-9.8,142.3,15,1004,87,11,92,11,NaN,NaN,NaN,NaN,NaN,NaN,NaN,NaN,NaN,NaN,DB,NW,c,c,NaN,NaN,0.02,NaN,NaN,NaN,
2021121300,b5s.2022,9X-B5S,TD,NONdev,-10.2,141.7,15,1004,112,3,101,5,NaN,NaN,NaN,NaN,NaN,NaN,NaN,NaN,NaN,NaN,DB,NW,c,c,NaN,NaN,NaN,NaN,NaN,NaN,
2021121306,b5s.2022,9X-B5S,TD,NONdev,-10.2,142.5,15,1004,103,5,154,2,NaN,NaN,NaN,NaN,NaN,NaN,NaN,NaN,NaN,NaN,DB,NW,c,c,NaN,NaN,0.02,NaN,NaN,NaN,
2021121312,b5s.2022,9X-B5S,TD,NONdev,-9.7,143.4,15,1010,90,7,73,9,NaN,NaN,NaN,NaN,NaN,NaN,NaN,NaN,NaN,NaN,DB,NW,c,c,NaN,NaN,0.02,NaN,NaN,NaN,
2021121318,b5s.2022,9X-B5S,TD,NONdev,-9.6,143.8,15,1004,80,6,65,7,NaN,NaN,NaN,NaN,NaN,NaN,NaN,NaN,NaN,NaN,DB,NW,c,c,100,1005,NaN,NaN,50,NaN,
2021121400,b5s.2022,9X-B5S,TD,NONdev,-9.6,144.7,15,1005,86,8,86,6,NaN,NaN,NaN,NaN,NaN,NaN,NaN,NaN,NaN,NaN,DB,NW,c,c,130,1008,NaN,NaN,50,NaN,
2021121406,b5s.2022,9X-B5S,TD,NONdev,-10.5,146.0,15,1005,113,12,113,12,NaN,NaN,NaN,NaN,NaN,NaN,NaN,NaN,NaN,NaN,DB,NW,c,c,130,1008,NaN,NaN,50,NaN,
2021121412,b5s.2022,9X-B5S,TD,NONdev,-10.8,146.4,15,1005,125,8,126,10,NaN,NaN,NaN,NaN,NaN,NaN,NaN,NaN,NaN,NaN,DB,NW,c,c,130,1008,NaN,NaN,50,NaN,
2021121418,b5s.2022,9X-B5S,TD,NONdev,-11.1,146.8,15,1010,127,5,127,5,NaN,NaN,NaN,NaN,NaN,NaN,NaN,NaN,NaN,NaN,DB,NW,c,c,130,1008,NaN,NaN,50,NaN,
2021121500,b5s.2022,9X-B5S,TD,NONdev,-11.3,147.2,15,1010,122,5,122,5,NaN,NaN,NaN,NaN,NaN,NaN,NaN,NaN,NaN,NaN,DB,NW,b,b,130,1008,NaN,NaN,50,NaN,
2022012206,b6s.2022,9X-B6S,TD,DEV,-7.8,82.6,15,1010,92,12,92,12,NaN,NaN,NaN,NaN,NaN,NaN,NaN,NaN,NaN,NaN,DB,NW,b,b,NaN,NaN,NaN,NaN,NaN,NaN,
2022012212,b6s.2022,9X-B6S,TD,DEV,-7.8,83.8,15,1004,92,12,92,12,NaN,NaN,NaN,NaN,NaN,NaN,NaN,NaN,NaN,NaN,DB,NW,b,b,NaN,NaN,NaN,NaN,NaN,NaN,
2022012218,b6s.2022,9X-B6S,TD,DEV,-7.9,85.0,15,1004,92,12,92,12,NaN,NaN,NaN,NaN,NaN,NaN,NaN,NaN,NaN,NaN,DB,NW,b,b,NaN,NaN,NaN,NaN,NaN,NaN,
2022012300,b6s.2022,9X-B6S,TD,DEV,-8.2,87.0,18,1004,92,12,95,15,NaN,NaN,NaN,NaN,NaN,NaN,NaN,NaN,NaN,NaN,DB,NW,b,b,130,1007,NaN,NaN,NaN,NaN,
2022012306,b6s.2022,9X-B6S,TD,DEV,-8.5,89.1,20,1005,98,21,98,18,NaN,NaN,NaN,NaN,NaN,NaN,NaN,NaN,NaN,NaN,DB,NW,b,b,130,1007,NaN,NaN,50,NaN,
2022012312,b6s.2022,9X-B6S,TD,DEV,-9.3,88.5,20,1005,118,14,112,12,NaN,NaN,NaN,NaN,NaN,NaN,NaN,NaN,NaN,NaN,DB,NW,c,c,130,1007,NaN,NaN,50,NaN,
2022012318,b6s.2022,9X-B6S,TD,DEV,-9.6,89.4,20,1006,165,6,165,6,NaN,NaN,NaN,NaN,NaN,NaN,NaN,NaN,NaN,NaN,DB,NW,c,c,160,1009,NaN,NaN,50,NaN,
2022012400,b6s.2022,9X-B6S,TD,DEV,-9.7,90.1,20,1005,130,9,104,8,NaN,NaN,NaN,NaN,NaN,NaN,NaN,NaN,NaN,NaN,DB,NW,C,C,165,1007,NaN,S,50,NaN,
2022012406,b6s.2022,9X-B6S,TD,DEV,-9.3,89.6,20,1005,125,8,33,2,NaN,NaN,NaN,NaN,NaN,NaN,NaN,NaN,NaN,NaN,DB,NW,C,C,165,1007,NaN,S,50,NaN,
2022012412,b6s.2022,9X-B6S,TD,DEV,-9.8,89.8,20,1004,135,7,251,2,NaN,NaN,NaN,NaN,NaN,NaN,NaN,NaN,NaN,NaN,DB,NW,C,C,165,1007,NaN,S,50,NaN,
2022012418,b6s.2022,9X-B6S,TD,DEV,-10.4,89.8,25,1002,155,6,170,6,NaN,NaN,NaN,NaN,NaN,NaN,NaN,NaN,NaN,NaN,TD,NW,C,C,165,1007,NaN,S,70,NaN,
2022012500,b6s.2022,9X-B6S,TD,DEV,-10.9,89.8,25,1002,175,5,180,5,NaN,NaN,NaN,NaN,NaN,NaN,NaN,NaN,NaN,NaN,TD,NW,C,C,150,1006,NaN,S,70,NaN,
2022012506,b6s.2022,9X-B6S,TD,DEV,-11.5,90.7,20,1003,155,6,141,7,NaN,NaN,NaN,NaN,NaN,NaN,NaN,NaN,NaN,NaN,DB,NW,C,C,100,1007,NaN,S,45,NaN,
2022012512,b6s.2022,9X-B6S,TD,DEV,-12.2,90.9,20,1003,160,7,140,8,NaN,NaN,NaN,NaN,NaN,NaN,NaN,NaN,NaN,NaN,DB,NW,C,C,100,1007,NaN,S,45,NaN,
2022012518,b6s.2022,9X-B6S,TD,DEV,-13.2,90.6,20,1005,175,7,183,9,NaN,NaN,NaN,NaN,NaN,NaN,NaN,NaN,NaN,NaN,DB,NW,C,C,150,1007,NaN,S,50,NaN,
2022012600,b6s.2022,9X-B6S,TD,DEV,-14.2,89.9,25,1005,195,9,206,11,NaN,NaN,NaN,NaN,NaN,NaN,NaN,NaN,NaN,NaN,TD,NW,C,C,150,1007,NaN,S,50,NaN,
2022012606,b6s.2022,9X-B6S,TD,DEV,-14.4,88.1,30,1003,230,12,244,14,NaN,NaN,NaN,NaN,NaN,NaN,NaN,NaN,NaN,NaN,TD,NW,C,C,150,1007,NaN,S,30,NaN,
2022012612,b6s.2022,9X-B6S,TD,DEV,-14.8,86.7,30,1000,245,14,259,16,NaN,NaN,NaN,NaN,NaN,NaN,NaN,NaN,NaN,NaN,TD,NW,C,C,130,1005,NaN,S,30,NaN,
2022012618,b6s.2022,9X-B6S,TD,DEV,-15.4,84.9,30,1000,255,16,252,16,NaN,NaN,NaN,NaN,NaN,NaN,NaN,NaN,NaN,NaN,TD,NW,C,C,130,1006,NaN,S,30,NaN,
2022012600,b7p.2022,9X-B7P,TD,NONdev,-12.0,160.4,15,1006,119,14,119,14,NaN,NaN,NaN,NaN,NaN,NaN,NaN,NaN,NaN,NaN,DB,NW,b,b,150,1005,0.04,NaN,30,NaN,
2022012606,b7p.2022,9X-B7P,TD,NONdev,-12.6,161.9,15,1010,119,14,119,14,NaN,NaN,NaN,NaN,NaN,NaN,NaN,NaN,NaN,NaN,DB,NW,b,b,150,1005,NaN,NaN,30,NaN,
2022012612,b7p.2022,9X-B7P,TD,NONdev,-13.4,163.0,20,1007,119,14,119,14,NaN,NaN,NaN,NaN,NaN,NaN,NaN,NaN,NaN,NaN,DB,NW,b,b,150,1005,NaN,NaN,30,NaN,
2022012618,b7p.2022,9X-B7P,TD,NONdev,-14.1,163.5,20,1004,134,11,134,11,NaN,NaN,NaN,NaN,NaN,NaN,NaN,NaN,NaN,NaN,DB,NW,c,c,150,1005,NaN,NaN,30,NaN,
2022012700,b7p.2022,9X-B7P,TD,NONdev,-14.5,164.1,20,1004,136,8,136,8,NaN,NaN,NaN,NaN,NaN,NaN,NaN,NaN,NaN,NaN,DB,NW,c,c,150,1006,NaN,NaN,30,NaN,
2022012706,b7p.2022,9X-B7P,TD,NONdev,-15.0,164.6,20,1007,130,7,130,7,NaN,NaN,NaN,NaN,NaN,NaN,NaN,NaN,NaN,NaN,DB,NW,c,c,150,1006,NaN,NaN,30,NaN,
2022012712,b7p.2022,9X-B7P,TD,NONdev,-15.7,164.9,20,1007,147,7,147,7,NaN,NaN,NaN,NaN,NaN,NaN,NaN,NaN,NaN,NaN,DB,NW,c,c,150,1006,NaN,NaN,30,NaN,
2022012718,b7p.2022,9X-B7P,TD,NONdev,-15.2,165.1,15,1006,113,3,113,3,NaN,NaN,NaN,NaN,NaN,NaN,NaN,NaN,NaN,NaN,DB,NW,c,c,150,1008,NaN,NaN,40,NaN,
2022012800,b7p.2022,9X-B7P,TD,NONdev,-16.3,164.5,15,1006,186,5,213,4,NaN,NaN,NaN,NaN,NaN,NaN,NaN,NaN,NaN,NaN,DB,NW,c,c,NaN,NaN,NaN,NaN,40,NaN,
2022012806,b7p.2022,9X-B7P,TD,NONdev,-16.6,164.2,15,1004,209,4,212,8,NaN,NaN,NaN,NaN,NaN,NaN,NaN,NaN,NaN,NaN,DB,NW,c,c,NaN,NaN,NaN,NaN,40,NaN,
2022012812,b7p.2022,9X-B7P,TD,NONdev,-17.6,165.1,20,1007,172,7,156,7,NaN,NaN,NaN,NaN,NaN,NaN,NaN,NaN,NaN,NaN,DB,NW,c,c,210,1006,NaN,NaN,100,NaN,
2022012818,b7p.2022,9X-B7P,TD,NONdev,-18.1,165.2,20,1007,175,6,148,9,NaN,NaN,NaN,NaN,NaN,NaN,NaN,NaN,NaN,NaN,DB,NW,c,c,210,1006,NaN,NaN,100,NaN,
2022012900,b7p.2022,9X-B7P,TD,NONdev,-17.8,164.5,20,1007,180,3,251,3,NaN,NaN,NaN,NaN,NaN,NaN,NaN,NaN,NaN,NaN,DB,NW,c,c,210,1006,NaN,NaN,100,NaN,
2022012906,b7p.2022,9X-B7P,TD,NONdev,-18.1,164.5,20,1007,180,2,270,3,NaN,NaN,NaN,NaN,NaN,NaN,NaN,NaN,NaN,NaN,DB,NW,c,c,210,1006,NaN,NaN,100,NaN,
2022012912,b7p.2022,9X-B7P,TD,NONdev,-18.4,164.6,20,1007,171,3,171,3,NaN,NaN,NaN,NaN,NaN,NaN,NaN,NaN,NaN,NaN,DB,NW,c,c,210,1006,NaN,NaN,100,NaN,
2022012900,b8p.2022,9X-B8P,TD,DEV,-13.9,144.6,15,1010,90,7,90,7,NaN,NaN,NaN,NaN,NaN,NaN,NaN,NaN,NaN,NaN,DB,NW,b,b,NaN,NaN,0.12,NaN,NaN,NaN,
2022012906,b8p.2022,9X-B8P,TD,DEV,-14.0,145.5,15,1010,90,7,90,7,NaN,NaN,NaN,NaN,NaN,NaN,NaN,NaN,NaN,NaN,DB,NW,b,b,NaN,NaN,NaN,NaN,NaN,NaN,
2022012912,b8p.2022,9X-B8P,TD,DEV,-13.9,146.1,15,1010,90,7,90,7,NaN,NaN,NaN,NaN,NaN,NaN,NaN,NaN,NaN,NaN,DB,NW,b,b,NaN,NaN,NaN,NaN,NaN,NaN,
2022012918,b8p.2022,9X-B8P,TD,DEV,-14.2,147.4,15,1010,96,9,96,9,NaN,NaN,NaN,NaN,NaN,NaN,NaN,NaN,NaN,NaN,DB,NW,c,c,NaN,NaN,NaN,NaN,NaN,NaN,
2022013000,b8p.2022,9X-B8P,TD,DEV,-13.7,147.4,15,1010,81,6,81,6,NaN,NaN,NaN,NaN,NaN,NaN,NaN,NaN,NaN,NaN,DB,NW,c,c,NaN,NaN,NaN,NaN,NaN,NaN,
2022013006,b8p.2022,9X-B8P,TD,DEV,-13.5,148.3,20,1004,78,7,51,6,NaN,NaN,NaN,NaN,NaN,NaN,NaN,NaN,NaN,NaN,DB,NW,c,c,95,1006,NaN,NaN,25,NaN,
2022013012,b8p.2022,9X-B8P,TD,DEV,-14.2,149.6,20,1004,103,11,103,11,NaN,NaN,NaN,NaN,NaN,NaN,NaN,NaN,NaN,NaN,TD,NW,c,c,105,1006,NaN,NaN,20,NaN,
2022013018,b8p.2022,9X-B8P,TD,DEV,-14.2,149.8,25,1004,102,7,116,8,NaN,NaN,NaN,NaN,NaN,NaN,NaN,NaN,NaN,NaN,TD,NW,c,c,105,1006,NaN,NaN,20,NaN,
2022013100,b8p.2022,9X-B8P,TD,DEV,-14.4,150.7,25,1004,108,8,101,5,NaN,NaN,NaN,NaN,NaN,NaN,NaN,NaN,NaN,NaN,TD,NW,c,c,105,1006,NaN,NaN,20,NaN,
2022013106,b8p.2022,9X-B8P,TD,DEV,-14.3,151.3,30,1002,100,7,94,7,NaN,NaN,NaN,NaN,NaN,NaN,NaN,NaN,NaN,NaN,TD,NW,C,C,105,1006,NaN,S,20,NaN,
2022013112,b8p.2022,9X-B8P,TD,DEV,-14.7,151.9,30,1002,105,7,104,6,NaN,NaN,NaN,NaN,NaN,NaN,NaN,NaN,NaN,NaN,TD,NW,C,C,110,1006,NaN,S,45,NaN,
2022012918,b9s.2022,9X-B9S,TD,NONdev,-18.2,129.5,15,998,219,5,219,5,NaN,NaN,NaN,NaN,NaN,NaN,NaN,NaN,NaN,NaN,DB,NW,b,b,90,1000,1.00,NaN,25,NaN,
2022013000,b9s.2022,9X-B9S,TD,NONdev,-18.6,129.2,15,997,219,5,219,5,NaN,NaN,NaN,NaN,NaN,NaN,NaN,NaN,NaN,NaN,DB,NW,b,b,90,1000,1.00,NaN,25,NaN,
2022013006,b9s.2022,9X-B9S,TD,NONdev,-18.9,128.9,15,997,219,5,219,5,NaN,NaN,NaN,NaN,NaN,NaN,NaN,NaN,NaN,NaN,DB,NW,b,b,90,1000,1.00,NaN,25,NaN,
2022013012,b9s.2022,9X-B9S,TD,NONdev,-19.1,128.7,15,996,223,3,223,3,NaN,NaN,NaN,NaN,NaN,NaN,NaN,NaN,NaN,NaN,DB,NW,b,b,90,1000,1.00,NaN,25,NaN,
2022013018,b9s.2022,9X-B9S,TD,NONdev,-19.2,128.5,15,992,232,2,232,2,NaN,NaN,NaN,NaN,NaN,NaN,NaN,NaN,NaN,NaN,DB,NW,c,c,90,1000,1.00,NaN,25,NaN,
2022013100,b9s.2022,9X-B9S,TD,NONdev,-19.6,127.6,15,992,244,6,244,6,NaN,NaN,NaN,NaN,NaN,NaN,NaN,NaN,NaN,NaN,DB,NW,c,c,90,1000,1.00,NaN,25,NaN,
2022013106,b9s.2022,9X-B9S,TD,NONdev,-18.9,126.1,15,992,278,11,278,11,NaN,NaN,NaN,NaN,NaN,NaN,NaN,NaN,NaN,NaN,DB,NW,c,c,90,1000,1.00,NaN,25,NaN,
2022013112,b9s.2022,9X-B9S,TD,NONdev,-18.9,125.2,15,992,281,10,287,12,NaN,NaN,NaN,NaN,NaN,NaN,NaN,NaN,NaN,NaN,DB,NW,c,c,100,992,1.00,NaN,25,NaN,
2022013118,b9s.2022,9X-B9S,TD,NONdev,-19.7,124.6,15,992,266,7,241,8,NaN,NaN,NaN,NaN,NaN,NaN,NaN,NaN,NaN,NaN,DB,NW,c,c,145,996,1.00,NaN,25,NaN,
2022020100,b9s.2022,9X-B9S,TD,NONdev,-19.7,124.3,15,992,264,5,227,6,NaN,NaN,NaN,NaN,NaN,NaN,NaN,NaN,NaN,NaN,DB,NW,c,c,135,998,1.00,NaN,40,NaN,
2022020106,b9s.2022,9X-B9S,TD,NONdev,-19.6,125.0,15,992,270,5,75,2,NaN,NaN,NaN,NaN,NaN,NaN,NaN,NaN,NaN,NaN,DB,NW,c,c,135,998,1.00,NaN,40,NaN,
2022020112,b9s.2022,9X-B9S,TD,NONdev,-19.5,124.3,15,995,275,6,360,1,NaN,NaN,NaN,NaN,NaN,NaN,NaN,NaN,NaN,NaN,DB,NW,c,c,135,998,1.00,NaN,40,NaN,
2022020118,b9s.2022,9X-B9S,TD,NONdev,-20.1,125.2,15,999,169,3,159,3,NaN,NaN,NaN,NaN,NaN,NaN,NaN,NaN,NaN,NaN,DB,NW,c,c,170,1000,1.00,NaN,40,NaN,
2022020200,b9s.2022,9X-B9S,TD,NONdev,-19.9,125.2,15,999,90,1,115,5,NaN,NaN,NaN,NaN,NaN,NaN,NaN,NaN,NaN,NaN,DB,NW,c,c,170,1003,1.00,NaN,40,NaN,
2022020206,b9s.2022,9X-B9S,TD,NONdev,-19.5,124.9,20,1001,335,3,335,3,NaN,NaN,NaN,NaN,NaN,NaN,NaN,NaN,NaN,NaN,DB,NW,c,c,170,1003,1.00,NaN,40,NaN,
2022020212,b9s.2022,9X-B9S,TD,NONdev,-19.2,124.7,20,1001,326,4,326,4,NaN,NaN,NaN,NaN,NaN,NaN,NaN,NaN,NaN,NaN,DB,NW,c,c,170,1003,1.00,NaN,40,NaN,
2022020218,b9s.2022,9X-B9S,TD,NONdev,-18.8,124.9,15,1010,360,3,360,3,NaN,NaN,NaN,NaN,NaN,NaN,NaN,NaN,NaN,NaN,DB,NW,c,c,170,1003,1.00,NaN,40,NaN,
2022022306,c0s.2022,9X-C0S,TD,DEV,-12.9,97.4,15,1010,280,3,280,3,NaN,NaN,NaN,NaN,NaN,NaN,NaN,NaN,NaN,NaN,DB,NW,b,b,NaN,NaN,NaN,NaN,NaN,NaN,
2022022312,c0s.2022,9X-C0S,TD,DEV,-12.8,97.1,15,1004,280,3,280,3,NaN,NaN,NaN,NaN,NaN,NaN,NaN,NaN,NaN,NaN,DB,NW,b,b,NaN,NaN,NaN,NaN,NaN,NaN,
2022022318,c0s.2022,9X-C0S,TD,DEV,-12.8,96.8,15,1004,280,3,280,3,NaN,NaN,NaN,NaN,NaN,NaN,NaN,NaN,NaN,NaN,DB,NW,b,b,NaN,NaN,NaN,NaN,NaN,NaN,
2022022400,c0s.2022,9X-C0S,TD,DEV,-12.9,96.5,15,1004,260,3,260,3,NaN,NaN,NaN,NaN,NaN,NaN,NaN,NaN,NaN,NaN,DB,NW,c,c,145,1009,NaN,NaN,30,NaN,
2022022406,c0s.2022,9X-C0S,TD,DEV,-13.0,96.1,25,1006,260,3,254,4,NaN,NaN,NaN,NaN,NaN,NaN,NaN,NaN,NaN,NaN,TD,NW,C,C,145,1009,NaN,S,30,NaN,
2022022412,c0s.2022,9X-C0S,TD,DEV,-13.1,95.8,30,1000,255,3,254,4,NaN,NaN,NaN,NaN,NaN,NaN,NaN,NaN,NaN,NaN,TD,NW,C,C,130,1008,NaN,S,30,NaN,
2022022418,c0s.2022,9X-C0S,TD,DEV,-13.4,95.7,30,1006,235,3,224,3,NaN,NaN,NaN,NaN,NaN,NaN,NaN,NaN,NaN,NaN,TD,NW,C,C,150,1009,NaN,S,30,NaN,
2022022500,c0s.2022,9X-C0S,TD,DEV,-13.7,95.5,30,1002,220,3,206,3,46,30,60,55,40,NaN,NaN,NaN,NaN,NaN,TD,NW,C,C,90,1006,NaN,S,NaN,NaN,
2022031400,c1s.2022,9X-C1S,TD,NONdev,-11.0,49.7,15,1010,168,5,168,5,NaN,NaN,NaN,NaN,NaN,NaN,NaN,NaN,NaN,NaN,DB,NW,b,b,NaN,NaN,NaN,NaN,NaN,NaN,
2022031406,c1s.2022,9X-C1S,TD,NONdev,-11.5,50.2,15,1010,168,5,168,5,NaN,NaN,NaN,NaN,NaN,NaN,NaN,NaN,NaN,NaN,DB,NW,b,b,NaN,NaN,NaN,NaN,NaN,NaN,
2022031412,c1s.2022,9X-C1S,TD,NONdev,-11.9,49.9,15,1010,168,5,168,5,NaN,NaN,NaN,NaN,NaN,NaN,NaN,NaN,NaN,NaN,DB,NW,b,b,NaN,NaN,NaN,NaN,NaN,NaN,
2022031418,c1s.2022,9X-C1S,TD,NONdev,-12.1,50.5,15,1009,154,3,154,3,NaN,NaN,NaN,NaN,NaN,NaN,NaN,NaN,NaN,NaN,DB,NW,c,c,NaN,NaN,NaN,NaN,NaN,NaN,
2022031500,c1s.2022,9X-C1S,TD,NONdev,-12.4,50.3,25,1004,175,3,142,3,NaN,NaN,NaN,NaN,NaN,NaN,NaN,NaN,NaN,NaN,TD,NW,C,C,75,1007,NaN,S,30,NaN,
2022031506,c1s.2022,9X-C1S,TD,NONdev,-12.5,50.8,25,1007,125,4,144,2,NaN,NaN,NaN,NaN,NaN,NaN,NaN,NaN,NaN,NaN,TD,NW,C,C,75,1010,NaN,S,30,NaN,
2022031512,c1s.2022,9X-C1S,TD,NONdev,-12.5,50.6,20,1007,243,2,109,2,NaN,NaN,NaN,NaN,NaN,NaN,NaN,NaN,NaN,NaN,DB,NW,c,c,75,1010,NaN,NaN,30,NaN,
2022031518,c1s.2022,9X-C1S,TD,NONdev,-12.6,50.6,20,1007,206,1,243,1,NaN,NaN,NaN,NaN,NaN,NaN,NaN,NaN,NaN,NaN,DB,NW,c,c,75,1011,NaN,NaN,30,NaN,
2022031600,c1s.2022,9X-C1S,TD,NONdev,-12.7,50.7,20,1006,147,2,154,1,NaN,NaN,NaN,NaN,NaN,NaN,NaN,NaN,NaN,NaN,DB,NW,c,c,90,1007,NaN,NaN,30,NaN,
2022031606,c1s.2022,9X-C1S,TD,NONdev,-12.4,50.3,20,1007,327,2,304,2,NaN,NaN,NaN,NaN,NaN,NaN,NaN,NaN,NaN,NaN,DB,NW,c,c,90,1007,NaN,NaN,30,NaN,
2022031612,c1s.2022,9X-C1S,TD,NONdev,-12.6,50.0,20,1007,278,3,278,3,NaN,NaN,NaN,NaN,NaN,NaN,NaN,NaN,NaN,NaN,DB,NW,c,c,90,1007,0.10,NaN,30,NaN,
2022031618,c1s.2022,9X-C1S,TD,NONdev,-12.2,49.9,20,1007,302,3,297,2,NaN,NaN,NaN,NaN,NaN,NaN,NaN,NaN,NaN,NaN,DB,NW,c,c,90,1007,NaN,NaN,30,NaN,
2022031700,c1s.2022,9X-C1S,TD,NONdev,-12.4,49.6,20,1007,286,4,297,2,NaN,NaN,NaN,NaN,NaN,NaN,NaN,NaN,NaN,NaN,DB,NW,c,c,90,1007,0.49,NaN,30,NaN,
2022031706,c1s.2022,9X-C1S,TD,NONdev,-12.4,49.3,20,1007,251,3,251,3,NaN,NaN,NaN,NaN,NaN,NaN,NaN,NaN,NaN,NaN,DB,NW,b,b,90,1007,0.49,NaN,30,NaN,
2022031712,c1s.2022,9X-C1S,TD,NONdev,-12.5,48.9,15,1010,262,3,262,3,NaN,NaN,NaN,NaN,NaN,NaN,NaN,NaN,NaN,NaN,DB,NW,b,b,90,1007,0.46,NaN,30,NaN,
2022031718,c1s.2022,9X-C1S,TD,NONdev,-12.9,47.8,15,1010,251,8,251,8,NaN,NaN,NaN,NaN,NaN,NaN,NaN,NaN,NaN,NaN,DB,NW,b,b,90,1007,0.03,NaN,30,NaN,
2022022400,c2s.2022,9X-C2S,TD,NONdev,-12.8,96.8,15,1010,253,5,253,5,NaN,NaN,NaN,NaN,NaN,NaN,NaN,NaN,NaN,NaN,DB,NW,b,b,NaN,NaN,NaN,NaN,NaN,NaN,
2022022406,c2s.2022,9X-C2S,TD,NONdev,-13.0,96.1,25,1003,253,5,253,5,NaN,NaN,NaN,NaN,NaN,NaN,NaN,NaN,NaN,NaN,TD,NW,b,b,NaN,NaN,NaN,NaN,NaN,NaN,
2022022412,c2s.2022,9X-C2S,TD,NONdev,-13.1,95.8,30,1000,253,5,253,5,NaN,NaN,NaN,NaN,NaN,NaN,NaN,NaN,NaN,NaN,TD,NW,b,b,NaN,NaN,NaN,NaN,NaN,NaN,
2022022418,c2s.2022,9X-C2S,TD,NONdev,-13.4,95.7,30,1000,224,3,224,3,NaN,NaN,NaN,NaN,NaN,NaN,NaN,NaN,NaN,NaN,TD,NW,c,c,NaN,NaN,NaN,NaN,NaN,NaN,
2022022500,c2s.2022,9X-C2S,TD,NONdev,-13.7,95.5,30,1002,220,3,206,3,46,30,60,55,40,NaN,NaN,NaN,NaN,NaN,TD,NW,C,C,90,1006,NaN,S,NaN,NaN,
2022011818,c3s.2022,9X-C3S,TD,DEV,-12.5,58.8,15,1009,270,3,270,3,NaN,NaN,NaN,NaN,NaN,NaN,NaN,NaN,NaN,NaN,DB,NW,b,b,NaN,NaN,NaN,NaN,NaN,NaN,
2022011900,c3s.2022,9X-C3S,TD,DEV,-11.8,57.2,15,1009,270,3,270,3,NaN,NaN,NaN,NaN,NaN,NaN,NaN,NaN,NaN,NaN,DB,NW,b,b,NaN,NaN,NaN,NaN,NaN,NaN,
2022011906,c3s.2022,9X-C3S,TD,DEV,-12.5,58.1,15,1009,270,3,270,3,NaN,NaN,NaN,NaN,NaN,NaN,NaN,NaN,NaN,NaN,DB,NW,c,c,NaN,NaN,NaN,NaN,NaN,NaN,
2022011912,c3s.2022,9X-C3S,TD,DEV,-12.8,58.4,17,1008,270,3,224,4,NaN,NaN,NaN,NaN,NaN,NaN,NaN,NaN,NaN,NaN,DB,NW,c,c,NaN,NaN,NaN,NaN,NaN,NaN,
2022011918,c3s.2022,9X-C3S,TD,DEV,-13.2,58.8,18,1008,270,3,179,5,NaN,NaN,NaN,NaN,NaN,NaN,NaN,NaN,NaN,NaN,DB,NW,c,c,NaN,NaN,NaN,NaN,NaN,NaN,
2022012000,c3s.2022,9X-C3S,TD,DEV,-13.5,59.1,20,1007,158,6,133,6,NaN,NaN,NaN,NaN,NaN,NaN,NaN,NaN,NaN,NaN,DB,NW,c,c,NaN,NaN,NaN,NaN,NaN,NaN,
2022012006,c3s.2022,9X-C3S,TD,DEV,-14.1,59.0,25,1006,180,7,151,5,NaN,NaN,NaN,NaN,NaN,NaN,NaN,NaN,NaN,NaN,TD,NW,c,c,170,1008,NaN,NaN,30,NaN,
2022012012,c3s.2022,9X-C3S,TD,DEV,-14.6,58.8,25,1005,195,6,195,6,NaN,NaN,NaN,NaN,NaN,NaN,NaN,NaN,NaN,NaN,TD,NW,b,b,170,1008,NaN,NaN,30,NaN,
2022012018,c3s.2022,9X-C3S,TD,DEV,-15.1,57.5,25,1005,225,7,235,9,NaN,NaN,NaN,NaN,NaN,NaN,NaN,NaN,NaN,NaN,TD,NW,C,C,120,1008,NaN,S,45,NaN,
2022012100,c3s.2022,9X-C3S,TD,DEV,-15.9,57.0,30,1003,220,8,233,11,NaN,NaN,NaN,NaN,NaN,NaN,NaN,NaN,NaN,NaN,TD,NW,C,C,120,1008,NaN,S,45,NaN,
2022012106,c3s.2022,9X-C3S,TD,DEV,-15.8,57.5,30,1003,225,6,180,4,NaN,NaN,NaN,NaN,NaN,NaN,NaN,NaN,NaN,NaN,TD,NW,C,C,120,1008,NaN,S,45,NaN,
2022012112,c3s.2022,9X-C3S,TD,DEV,-16.6,57.0,30,1004,225,8,180,4,NaN,NaN,NaN,NaN,NaN,NaN,NaN,NaN,NaN,NaN,TD,NW,C,C,120,1008,NaN,S,45,NaN,
2022012118,c3s.2022,9X-C3S,TD,DEV,-17.1,55.1,30,1004,240,11,241,13,NaN,NaN,NaN,NaN,NaN,NaN,NaN,NaN,NaN,NaN,TD,NW,C,C,110,1008,NaN,S,40,NaN,
2022012200,c3s.2022,9X-C3S,TD,DEV,-17.8,53.5,30,1004,240,14,250,18,NaN,NaN,NaN,NaN,NaN,NaN,NaN,NaN,NaN,NaN,TD,NW,C,C,110,1008,NaN,S,40,NaN,
2022012206,c3s.2022,9X-C3S,TD,DEV,-17.7,51.1,30,1004,240,14,258,19,NaN,NaN,NaN,NaN,NaN,NaN,NaN,NaN,NaN,NaN,TD,NW,C,C,115,1008,0.47,S,40,NaN,
2022012212,c3s.2022,9X-C3S,TD,DEV,-17.6,48.7,30,1003,265,19,265,20,NaN,NaN,NaN,NaN,NaN,NaN,NaN,NaN,NaN,NaN,TD,NW,C,C,120,1009,0.94,S,50,NaN,
2022012218,c3s.2022,9X-C3S,TD,DEV,-17.5,46.7,30,1003,270,18,273,22,NaN,NaN,NaN,NaN,NaN,NaN,NaN,NaN,NaN,NaN,TD,NW,C,C,120,1009,0.97,S,50,NaN,
2022012300,c3s.2022,9X-C3S,TD,DEV,-16.9,45.6,25,1003,280,16,283,15,NaN,NaN,NaN,NaN,NaN,NaN,NaN,NaN,NaN,NaN,TD,NW,C,C,130,1006,0.99,S,50,NaN,
2022012306,c3s.2022,9X-C3S,TD,DEV,-16.2,44.7,30,1003,290,13,304,12,NaN,NaN,NaN,NaN,NaN,NaN,NaN,NaN,NaN,NaN,TD,NW,C,C,140,1007,0.17,S,45,NaN,
2022021018,c4s.2022,9X-C4S,TD,DEV,-11.3,62.2,15,1006,108,16,108,16,NaN,NaN,NaN,NaN,NaN,NaN,NaN,NaN,NaN,NaN,DB,NW,b,b,150,1009,NaN,NaN,70,NaN,
2022021100,c4s.2022,9X-C4S,TD,DEV,-11.6,63.3,20,1006,107,12,108,16,NaN,NaN,NaN,NaN,NaN,NaN,NaN,NaN,NaN,NaN,DB,NW,c,c,150,1007,NaN,NaN,70,NaN,
2022021106,c4s.2022,9X-C4S,TD,DEV,-12.3,65.3,20,1005,104,17,108,16,NaN,NaN,NaN,NaN,NaN,NaN,NaN,NaN,NaN,NaN,DB,NW,c,c,150,1007,NaN,NaN,70,NaN,
2022021112,c4s.2022,9X-C4S,TD,DEV,-12.1,64.3,15,1005,105,8,117,5,NaN,NaN,NaN,NaN,NaN,NaN,NaN,NaN,NaN,NaN,DB,NW,c,c,150,1007,NaN,NaN,70,NaN,
2022021118,c4s.2022,9X-C4S,TD,DEV,-12.4,62.5,25,1004,243,3,268,14,NaN,NaN,NaN,NaN,NaN,NaN,NaN,NaN,NaN,NaN,TD,NW,c,c,150,1007,NaN,NaN,35,NaN,
2022021200,c4s.2022,9X-C4S,TD,DEV,-12.8,63.0,25,1003,190,2,241,7,NaN,NaN,NaN,NaN,NaN,NaN,NaN,NaN,NaN,NaN,TD,NW,C,C,175,1007,NaN,S,35,NaN,
2022021206,c4s.2022,9X-C4S,TD,DEV,-13.7,62.9,25,1003,170,5,163,7,NaN,NaN,NaN,NaN,NaN,NaN,NaN,NaN,NaN,NaN,TD,NW,C,C,155,1007,NaN,S,35,NaN,
2022021212,c4s.2022,9X-C4S,TD,DEV,-14.2,62.3,25,1003,185,6,206,8,NaN,NaN,NaN,NaN,NaN,NaN,NaN,NaN,NaN,NaN,TD,NW,C,C,130,1005,NaN,S,35,NaN,
2022021218,c4s.2022,9X-C4S,TD,DEV,-14.3,62.0,30,1002,215,6,236,5,NaN,NaN,NaN,NaN,NaN,NaN,NaN,NaN,NaN,NaN,TD,NW,C,C,90,1007,NaN,S,20,NaN,
2022021300,c4s.2022,9X-C4S,TD,DEV,-14.7,61.6,30,1002,230,5,234,4,NaN,NaN,NaN,NaN,NaN,NaN,NaN,NaN,NaN,NaN,TD,NW,C,C,100,1007,NaN,S,20,NaN,
2022011818,c5p.2022,9X-C5P,TS,NONdev,-18.0,200.5,15,1004,162,5,162,5,NaN,NaN,NaN,NaN,NaN,NaN,NaN,NaN,NaN,NaN,DB,NW,b,b,NaN,NaN,NaN,NaN,NaN,NaN,
2022011900,c5p.2022,9X-C5P,TS,NONdev,-18.5,200.9,15,1004,162,5,162,5,NaN,NaN,NaN,NaN,NaN,NaN,NaN,NaN,NaN,NaN,DB,NW,b,b,NaN,NaN,NaN,NaN,NaN,NaN,
2022011906,c5p.2022,9X-C5P,TS,NONdev,-18.9,200.8,20,1007,162,5,162,5,NaN,NaN,NaN,NaN,NaN,NaN,NaN,NaN,NaN,NaN,DB,NW,b,b,NaN,NaN,NaN,NaN,NaN,NaN,
2022011912,c5p.2022,9X-C5P,TS,NONdev,-19.9,200.3,21,1005,162,5,173,6,NaN,NaN,NaN,NaN,NaN,NaN,NaN,NaN,NaN,NaN,DB,NW,b,b,165,1002,NaN,NaN,NaN,NaN,
2022011918,c5p.2022,9X-C5P,TS,NONdev,-20.9,199.7,22,1004,162,5,184,8,NaN,NaN,NaN,NaN,NaN,NaN,NaN,NaN,NaN,NaN,DB,NW,b,b,165,1002,NaN,NaN,NaN,NaN,
2022012000,c5p.2022,9X-C5P,TS,NONdev,-21.8,199.1,24,1002,162,5,196,9,NaN,NaN,NaN,NaN,NaN,NaN,NaN,NaN,NaN,NaN,DB,NW,b,b,165,1002,NaN,NaN,NaN,NaN,
2022012006,c5p.2022,9X-C5P,TS,NONdev,-22.8,198.6,25,1000,227,19,207,10,NaN,NaN,NaN,NaN,NaN,NaN,NaN,NaN,NaN,NaN,SD,NW,b,b,165,1002,NaN,NaN,40,NaN,
2022012012,c5p.2022,9X-C5P,TS,NONdev,-22.6,198.2,35,996,201,18,213,9,45,,45,,,NaN,NaN,NaN,NaN,NaN,SS,NW,b,b,165,1002,NaN,NaN,45,NaN,
2022012018,c5p.2022,9X-C5P,TS,NONdev,-22.3,197.6,35,996,290,5,298,5,40,,45,35,,NaN,NaN,NaN,NaN,NaN,TS,NW,C,C,190,1002,NaN,S,45,NaN,
2022012100,c5p.2022,9X-C5P,TS,NONdev,-21.6,197.0,30,998,310,6,312,7,NaN,NaN,NaN,NaN,NaN,NaN,NaN,NaN,NaN,NaN,TD,NW,C,C,150,1002,NaN,S,50,NaN,
2022012106,c5p.2022,9X-C5P,TS,NONdev,-21.5,197.1,30,997,315,5,330,5,NaN,NaN,NaN,NaN,NaN,NaN,NaN,NaN,NaN,NaN,TD,NW,C,C,150,1002,NaN,S,50,NaN,
2022012112,c5p.2022,9X-C5P,TS,NONdev,-22.1,197.3,30,1000,151,3,151,3,NaN,NaN,NaN,NaN,NaN,NaN,NaN,NaN,NaN,NaN,SD,NW,c,c,150,1002,NaN,NaN,50,NaN,
2022012118,c5p.2022,9X-C5P,TS,NONdev,-22.9,197.5,25,999,165,7,165,7,NaN,NaN,NaN,NaN,NaN,NaN,NaN,NaN,NaN,NaN,SD,NW,c,c,150,1002,NaN,NaN,50,NaN,
2022021100,c6s.2022,9X-C6S,TD,DEV,-10.9,84.6,15,1010,90,7,90,7,NaN,NaN,NaN,NaN,NaN,NaN,NaN,NaN,NaN,NaN,DB,NW,b,b,NaN,NaN,NaN,NaN,NaN,NaN,
2022021106,c6s.2022,9X-C6S,TD,DEV,-10.9,85.2,15,1010,90,7,90,7,NaN,NaN,NaN,NaN,NaN,NaN,NaN,NaN,NaN,NaN,DB,NW,b,b,NaN,NaN,NaN,NaN,NaN,NaN,
2022021112,c6s.2022,9X-C6S,TD,DEV,-10.9,86.1,15,1010,90,7,90,7,NaN,NaN,NaN,NaN,NaN,NaN,NaN,NaN,NaN,NaN,DB,NW,b,b,NaN,NaN,NaN,NaN,NaN,NaN,
2022021118,c6s.2022,9X-C6S,TD,DEV,-10.8,86.3,15,1010,85,5,85,5,NaN,NaN,NaN,NaN,NaN,NaN,NaN,NaN,NaN,NaN,DB,NW,b,b,NaN,NaN,NaN,NaN,NaN,NaN,
2022021200,c6s.2022,9X-C6S,TD,DEV,-10.8,85.5,15,1010,280,3,280,3,NaN,NaN,NaN,NaN,NaN,NaN,NaN,NaN,NaN,NaN,DB,NW,b,b,NaN,NaN,NaN,NaN,NaN,NaN,
2022021206,c6s.2022,9X-C6S,TD,DEV,-10.8,86.1,15,1010,280,3,234,3,NaN,NaN,NaN,NaN,NaN,NaN,NaN,NaN,NaN,NaN,DB,NW,b,b,NaN,NaN,NaN,NaN,NaN,NaN,
2022021212,c6s.2022,9X-C6S,TD,DEV,-10.9,86.7,15,1010,280,3,187,3,NaN,NaN,NaN,NaN,NaN,NaN,NaN,NaN,NaN,NaN,DB,NW,b,b,NaN,NaN,NaN,NaN,NaN,NaN,
2022021218,c6s.2022,9X-C6S,TD,DEV,-10.9,87.2,15,1010,280,3,140,3,NaN,NaN,NaN,NaN,NaN,NaN,NaN,NaN,NaN,NaN,DB,NW,b,b,NaN,NaN,NaN,NaN,NaN,NaN,
2022021300,c6s.2022,9X-C6S,TD,DEV,-10.9,87.8,15,1010,94,20,94,3,NaN,NaN,NaN,NaN,NaN,NaN,NaN,NaN,NaN,NaN,DB,NW,b,b,NaN,NaN,NaN,NaN,NaN,NaN,
2022021306,c6s.2022,9X-C6S,TD,DEV,-11.9,87.3,15,1003,169,5,122,4,NaN,NaN,NaN,NaN,NaN,NaN,NaN,NaN,NaN,NaN,DB,NW,c,c,NaN,NaN,NaN,NaN,NaN,NaN,
2022021312,c6s.2022,9X-C6S,TD,DEV,-12.3,86.4,20,1001,234,8,224,10,NaN,NaN,NaN,NaN,NaN,NaN,NaN,NaN,NaN,NaN,DB,NW,c,c,NaN,1003,NaN,NaN,25,NaN,
2022021318,c6s.2022,9X-C6S,TD,DEV,-12.0,86.5,20,1001,250,6,263,4,NaN,NaN,NaN,NaN,NaN,NaN,NaN,NaN,NaN,NaN,DB,NW,c,c,NaN,1003,NaN,NaN,25,NaN,
2022021400,c6s.2022,9X-C6S,TD,DEV,-12.3,85.5,20,1001,250,6,262,5,NaN,NaN,NaN,NaN,NaN,NaN,NaN,NaN,NaN,NaN,DB,NW,c,c,NaN,1003,NaN,NaN,25,NaN,
2022021406,c6s.2022,9X-C6S,TD,DEV,-12.6,84.5,20,1001,250,6,260,6,NaN,NaN,NaN,NaN,NaN,NaN,NaN,NaN,NaN,NaN,DB,NW,c,c,NaN,1003,NaN,NaN,25,NaN,
2022021412,c6s.2022,9X-C6S,TD,DEV,-12.8,83.6,20,1001,250,6,259,7,NaN,NaN,NaN,NaN,NaN,NaN,NaN,NaN,NaN,NaN,DB,NW,c,c,NaN,1003,NaN,NaN,25,NaN,
2022021418,c6s.2022,9X-C6S,TD,DEV,-13.1,82.6,20,1001,247,6,258,8,NaN,NaN,NaN,NaN,NaN,NaN,NaN,NaN,NaN,NaN,DB,NW,c,c,NaN,1003,NaN,NaN,25,NaN,
2022021500,c6s.2022,9X-C6S,TD,DEV,-14.0,79.9,20,1001,263,9,253,13,NaN,NaN,NaN,NaN,NaN,NaN,NaN,NaN,NaN,NaN,DB,NW,c,c,NaN,1003,NaN,NaN,25,NaN,
2022021506,c6s.2022,9X-C6S,TD,DEV,-14.6,78.5,20,1001,253,12,249,21,NaN,NaN,NaN,NaN,NaN,NaN,NaN,NaN,NaN,NaN,DB,NW,c,c,125,1005,NaN,NaN,25,NaN,
2022021512,c6s.2022,9X-C6S,TD,DEV,-14.4,75.7,25,1000,253,12,258,22,NaN,NaN,NaN,NaN,NaN,NaN,NaN,NaN,NaN,NaN,DB,NW,c,c,118,1004,NaN,NaN,25,NaN,
2022021518,c6s.2022,9X-C6S,TD,DEV,-14.2,72.8,30,1000,275,17,268,23,NaN,NaN,NaN,NaN,NaN,NaN,NaN,NaN,NaN,NaN,TD,NW,C,C,110,1003,NaN,S,20,NaN,
2022021600,c6s.2022,9X-C6S,TD,DEV,-14.0,70.9,30,997,275,15,275,25,NaN,NaN,NaN,NaN,NaN,NaN,NaN,NaN,NaN,NaN,TD,NW,C,C,150,1003,NaN,S,20,NaN,
2022021606,c6s.2022,9X-C6S,TD,DEV,-14.0,70.1,30,997,275,12,274,13,NaN,NaN,NaN,NaN,NaN,NaN,NaN,NaN,NaN,NaN,TD,NW,C,C,175,1004,NaN,S,20,NaN,
2022021612,c6s.2022,9X-C6S,TD,DEV,-14.0,69.2,30,997,275,9,270,8,NaN,NaN,NaN,NaN,NaN,NaN,NaN,NaN,NaN,NaN,TD,NW,C,C,175,1001,NaN,S,20,NaN,
2022021218,c7s.2022,9X-C7S,TS,NONdev,-12.0,106.5,15,1010,218,6,218,6,NaN,NaN,NaN,NaN,NaN,NaN,NaN,NaN,NaN,NaN,DB,NW,b,b,NaN,NaN,NaN,NaN,NaN,NaN,
2022021300,c7s.2022,9X-C7S,TS,NONdev,-12.6,106.1,15,1010,218,6,218,6,NaN,NaN,NaN,NaN,NaN,NaN,NaN,NaN,NaN,NaN,DB,NW,b,b,NaN,NaN,NaN,NaN,NaN,NaN,
2022021306,c7s.2022,9X-C7S,TS,NONdev,-13.0,105.7,15,1010,218,6,218,6,NaN,NaN,NaN,NaN,NaN,NaN,NaN,NaN,NaN,NaN,DB,NW,b,b,NaN,NaN,NaN,NaN,NaN,NaN,
2022021312,c7s.2022,9X-C7S,TS,NONdev,-13.0,106.0,15,1007,203,5,194,2,NaN,NaN,NaN,NaN,NaN,NaN,NaN,NaN,NaN,NaN,DB,NW,c,c,NaN,NaN,NaN,NaN,NaN,NaN,
2022021318,c7s.2022,9X-C7S,TS,NONdev,-13.9,104.1,20,1007,240,9,240,9,NaN,NaN,NaN,NaN,NaN,NaN,NaN,NaN,NaN,NaN,DB,NW,c,c,NaN,NaN,NaN,NaN,NaN,NaN,
2022021400,c7s.2022,9X-C7S,TS,NONdev,-14.1,103.5,20,1007,248,8,246,13,NaN,NaN,NaN,NaN,NaN,NaN,NaN,NaN,NaN,NaN,DB,NW,c,c,NaN,NaN,NaN,NaN,NaN,NaN,
2022021406,c7s.2022,9X-C7S,TS,NONdev,-14.1,102.7,20,1005,263,8,262,7,NaN,NaN,NaN,NaN,NaN,NaN,NaN,NaN,NaN,NaN,DB,NW,c,c,NaN,NaN,NaN,NaN,NaN,NaN,
2022021412,c7s.2022,9X-C7S,TS,NONdev,-14.2,100.5,21,1004,263,8,264,10,NaN,NaN,NaN,NaN,NaN,NaN,NaN,NaN,NaN,NaN,DB,NW,c,c,300,1005,NaN,NaN,NaN,NaN,
2022021418,c7s.2022,9X-C7S,TS,NONdev,-14.3,98.3,22,1002,263,8,265,13,NaN,NaN,NaN,NaN,NaN,NaN,NaN,NaN,NaN,NaN,DB,NW,c,c,300,1005,NaN,NaN,NaN,NaN,
2022021500,c7s.2022,9X-C7S,TS,NONdev,-14.4,96.1,24,1001,263,8,266,16,NaN,NaN,NaN,NaN,NaN,NaN,NaN,NaN,NaN,NaN,DB,NW,c,c,300,1005,NaN,NaN,NaN,NaN,
2022021506,c7s.2022,9X-C7S,TS,NONdev,-14.5,93.9,25,1000,270,14,268,19,NaN,NaN,NaN,NaN,NaN,NaN,NaN,NaN,NaN,NaN,TD,NW,C,C,300,1005,NaN,S,75,NaN,
2022021512,c7s.2022,9X-C7S,TS,NONdev,-15.4,93.0,30,999,255,13,262,19,NaN,NaN,NaN,NaN,NaN,NaN,NaN,NaN,NaN,NaN,TD,NW,C,C,300,1003,NaN,S,75,NaN,
2022021518,c7s.2022,9X-C7S,TS,NONdev,-15.3,92.7,30,999,250,10,235,7,NaN,NaN,NaN,NaN,NaN,NaN,NaN,NaN,NaN,NaN,TD,NW,C,C,300,1003,NaN,S,75,NaN,
2022021600,c7s.2022,9X-C7S,TS,NONdev,-15.5,91.7,30,994,245,8,265,6,NaN,NaN,NaN,NaN,NaN,NaN,NaN,NaN,NaN,NaN,TD,NW,C,C,300,1003,NaN,S,100,NaN,
2022021606,c7s.2022,9X-C7S,TS,NONdev,-16.3,90.3,30,999,240,11,247,13,NaN,NaN,NaN,NaN,NaN,NaN,NaN,NaN,NaN,NaN,TD,NW,C,C,300,1003,NaN,S,100,NaN,
2022021612,c7s.2022,9X-C7S,TS,NONdev,-16.2,89.7,30,997,245,9,250,10,NaN,NaN,NaN,NaN,NaN,NaN,NaN,NaN,NaN,NaN,TD,NW,C,C,300,1002,NaN,S,85,NaN,
2022021618,c7s.2022,9X-C7S,TS,NONdev,-16.6,89.3,30,998,250,8,253,5,NaN,NaN,NaN,NaN,NaN,NaN,NaN,NaN,NaN,NaN,TD,NW,C,C,300,1002,NaN,S,150,NaN,
2022021700,c7s.2022,9X-C7S,TS,NONdev,-17.4,89.7,30,997,220,6,180,6,NaN,NaN,NaN,NaN,NaN,NaN,NaN,NaN,NaN,NaN,TD,NW,C,C,300,1002,NaN,S,150,NaN,
2022021706,c7s.2022,9X-C7S,TS,NONdev,-19.4,88.6,30,997,200,11,193,14,NaN,NaN,NaN,NaN,NaN,NaN,NaN,NaN,NaN,NaN,TD,NW,C,C,310,1002,NaN,S,150,NaN,
2022021712,c7s.2022,9X-C7S,TS,NONdev,-20.7,88.5,30,997,190,14,199,17,NaN,NaN,NaN,NaN,NaN,NaN,NaN,NaN,NaN,NaN,TD,NW,C,C,310,1002,NaN,S,150,NaN,
2022021718,c7s.2022,9X-C7S,TS,NONdev,-22.6,88.0,30,997,190,14,196,18,198,,,,,NaN,NaN,NaN,NaN,NaN,TD,NW,C,C,288,1002,NaN,S,150,NaN,
2022021800,c7s.2022,9X-C7S,TS,NONdev,-24.6,87.4,30,997,190,18,192,18,198,155,195,245,,NaN,NaN,NaN,NaN,NaN,TD,NW,C,C,265,1001,NaN,S,120,NaN,
2022021806,c7s.2022,9X-C7S,TS,NONdev,-25.4,86.9,35,994,195,16,197,16,198,155,195,245,,NaN,NaN,NaN,NaN,NaN,TS,NW,C,C,265,1001,NaN,S,120,NaN,
2022021812,c7s.2022,9X-C7S,TS,NONdev,-27.7,86.7,35,992,190,18,191,16,112,,135,90,,NaN,NaN,NaN,NaN,NaN,TS,NW,C,C,340,1001,NaN,S,135,NaN,
2022021818,c7s.2022,9X-C7S,TS,NONdev,-29.7,87.6,45,985,180,17,172,22,175,160,190,190,160,NaN,NaN,NaN,NaN,NaN,EX,NW,C,C,320,1004,NaN,S,135,NaN,
2022021900,c7s.2022,9X-C7S,TS,NONdev,-32.3,89.1,45,988,165,24,156,25,131,105,70,215,135,NaN,NaN,NaN,NaN,NaN,EX,NW,C,C,315,1004,NaN,S,130,NaN,
2022021906,c7s.2022,9X-C7S,TS,NONdev,-33.8,88.3,45,989,168,21,172,21,151,145,110,215,135,NaN,NaN,NaN,NaN,NaN,EX,NW,c,c,300,1004,NaN,NaN,80,NaN,
2022022206,c8p.2022,9X-C8P,TD,NONdev,-10.7,138.6,15,1010,103,5,103,5,NaN,NaN,NaN,NaN,NaN,NaN,NaN,NaN,NaN,NaN,DB,NW,b,b,NaN,NaN,NaN,NaN,NaN,NaN,
2022022212,c8p.2022,9X-C8P,TD,NONdev,-10.8,139.0,15,1010,103,5,103,5,NaN,NaN,NaN,NaN,NaN,NaN,NaN,NaN,NaN,NaN,DB,NW,b,b,NaN,NaN,NaN,NaN,NaN,NaN,
2022022218,c8p.2022,9X-C8P,TD,NONdev,-10.9,139.5,15,1010,103,5,103,5,NaN,NaN,NaN,NaN,NaN,NaN,NaN,NaN,NaN,NaN,DB,NW,b,b,NaN,NaN,NaN,NaN,NaN,NaN,
2022022300,c8p.2022,9X-C8P,TD,NONdev,-10.5,139.7,15,1010,90,3,66,4,NaN,NaN,NaN,NaN,NaN,NaN,NaN,NaN,NaN,NaN,DB,NW,c,c,NaN,NaN,NaN,NaN,NaN,NaN,
2022022306,c8p.2022,9X-C8P,TD,NONdev,-10.4,140.4,15,1004,84,5,61,5,NaN,NaN,NaN,NaN,NaN,NaN,NaN,NaN,NaN,NaN,DB,NW,c,c,150,1005,NaN,NaN,25,NaN,
2022022312,c8p.2022,9X-C8P,TD,NONdev,-10.3,140.8,15,1004,80,6,80,6,NaN,NaN,NaN,NaN,NaN,NaN,NaN,NaN,NaN,NaN,DB,NW,c,c,150,1005,NaN,NaN,25,NaN,
2022022318,c8p.2022,9X-C8P,TD,NONdev,-11.4,141.9,15,1004,103,7,124,9,NaN,NaN,NaN,NaN,NaN,NaN,NaN,NaN,NaN,NaN,DB,NW,c,c,150,1006,0.41,NaN,25,NaN,
2022022400,c8p.2022,9X-C8P,TD,NONdev,-10.9,142.0,20,1004,60,4,117,7,NaN,NaN,NaN,NaN,NaN,NaN,NaN,NaN,NaN,NaN,DB,NW,c,c,100,1009,0.23,NaN,40,NaN,
2022022406,c8p.2022,9X-C8P,TD,NONdev,-10.8,142.5,20,1002,67,6,44,4,NaN,NaN,NaN,NaN,NaN,NaN,NaN,NaN,NaN,NaN,DB,NW,c,c,110,1003,0.38,NaN,40,NaN,
2022022412,c8p.2022,9X-C8P,TD,NONdev,-10.8,143.0,20,1004,84,5,84,5,NaN,NaN,NaN,NaN,NaN,NaN,NaN,NaN,NaN,NaN,DB,NW,c,c,100,1005,0.15,NaN,40,NaN,
2022022418,c8p.2022,9X-C8P,TD,NONdev,-10.8,144.0,20,1003,90,7,90,7,NaN,NaN,NaN,NaN,NaN,NaN,NaN,NaN,NaN,NaN,DB,NW,c,c,100,1004,NaN,NaN,40,NaN,
2022022500,c8p.2022,9X-C8P,TD,NONdev,-10.9,145.1,20,1001,90,9,93,10,NaN,NaN,NaN,NaN,NaN,NaN,NaN,NaN,NaN,NaN,DB,NW,C,C,100,1004,NaN,S,40,NaN,
2022022506,c8p.2022,9X-C8P,TD,NONdev,-11.9,145.4,25,1000,115,9,129,9,NaN,NaN,NaN,NaN,NaN,NaN,NaN,NaN,NaN,NaN,TD,NW,C,C,100,1002,NaN,S,40,NaN,
2022022512,c8p.2022,9X-C8P,TD,NONdev,-12.6,146.3,25,1001,130,8,145,10,NaN,NaN,NaN,NaN,NaN,NaN,NaN,NaN,NaN,NaN,TD,NW,C,C,90,1003,NaN,S,40,NaN,
2022022518,c8p.2022,9X-C8P,TD,NONdev,-13.2,147.0,25,1001,135,9,130,10,NaN,NaN,NaN,NaN,NaN,NaN,NaN,NaN,NaN,NaN,TD,NW,C,C,90,1003,NaN,S,40,NaN,
2022022600,c8p.2022,9X-C8P,TD,NONdev,-13.0,147.4,25,1004,110,6,110,6,NaN,NaN,NaN,NaN,NaN,NaN,NaN,NaN,NaN,NaN,TD,NW,c,c,90,1003,NaN,NaN,40,NaN,
2022022606,c8p.2022,9X-C8P,TD,NONdev,-13.2,148.2,25,1004,90,6,90,6,NaN,NaN,NaN,NaN,NaN,NaN,NaN,NaN,NaN,NaN,TD,NW,b,b,90,1006,NaN,NaN,40,NaN,
2022022612,c8p.2022,9X-C8P,TD,NONdev,-13.4,148.7,20,1007,108,7,108,7,NaN,NaN,NaN,NaN,NaN,NaN,NaN,NaN,NaN,NaN,DB,NW,b,b,90,1009,NaN,NaN,40,NaN,
2022022218,c9s.2022,9X-C9S,TD,DEV,-11.3,128.5,15,1010,220,5,220,5,NaN,NaN,NaN,NaN,NaN,NaN,NaN,NaN,NaN,NaN,DB,NW,b,b,NaN,NaN,NaN,NaN,NaN,NaN,
2022022300,c9s.2022,9X-C9S,TD,DEV,-11.5,128.0,15,1010,220,5,220,5,NaN,NaN,NaN,NaN,NaN,NaN,NaN,NaN,NaN,NaN,DB,NW,b,b,NaN,NaN,NaN,NaN,NaN,NaN,
2022022306,c9s.2022,9X-C9S,TD,DEV,-12.0,127.9,15,1010,220,5,220,5,NaN,NaN,NaN,NaN,NaN,NaN,NaN,NaN,NaN,NaN,DB,NW,b,b,NaN,NaN,NaN,NaN,NaN,NaN,
2022022312,c9s.2022,9X-C9S,TD,DEV,-12.1,128.5,15,1006,96,5,141,4,NaN,NaN,NaN,NaN,NaN,NaN,NaN,NaN,NaN,NaN,DB,NW,c,c,100,1007,NaN,NaN,20,NaN,
2022022318,c9s.2022,9X-C9S,TD,DEV,-12.9,129.0,15,1005,145,6,130,7,NaN,NaN,NaN,NaN,NaN,NaN,NaN,NaN,NaN,NaN,DB,NW,C,C,90,1007,NaN,S,20,NaN,
2022022400,c9s.2022,9X-C9S,TD,DEV,-13.0,129.3,20,1007,125,6,139,6,NaN,NaN,NaN,NaN,NaN,NaN,NaN,NaN,NaN,NaN,DB,NW,C,C,150,1008,NaN,S,20,NaN,
2022022406,c9s.2022,9X-C9S,TD,DEV,-13.1,128.7,25,999,145,2,236,2,NaN,NaN,NaN,NaN,NaN,NaN,NaN,NaN,NaN,NaN,TD,NW,C,C,130,1003,NaN,S,30,NaN,
2022022412,c9s.2022,9X-C9S,TD,DEV,-12.9,128.6,25,1002,180,0,278,3,NaN,NaN,NaN,NaN,NaN,NaN,NaN,NaN,NaN,NaN,TD,NW,C,C,120,1007,NaN,S,30,NaN,
2022022418,c9s.2022,9X-C9S,TD,DEV,-12.4,128.4,25,1001,315,2,337,4,NaN,NaN,NaN,NaN,NaN,NaN,NaN,NaN,NaN,NaN,TD,NW,C,C,160,1005,NaN,S,30,NaN,
2022022500,c9s.2022,9X-C9S,TD,DEV,-11.8,127.6,30,1000,320,5,318,7,NaN,NaN,NaN,NaN,NaN,NaN,NaN,NaN,NaN,NaN,TD,NW,C,C,170,1007,NaN,S,30,NaN,
2022022506,c9s.2022,9X-C9S,TD,DEV,-12.8,127.9,30,997,245,1,231,3,NaN,NaN,NaN,NaN,NaN,NaN,NaN,NaN,NaN,NaN,TD,NW,C,C,145,1003,NaN,S,30,NaN,
2022031018,d0s.2022,9X-D0S,TD,DEV,-10.6,112.0,15,1010,257,7,257,7,NaN,NaN,NaN,NaN,NaN,NaN,NaN,NaN,NaN,NaN,DB,NW,b,b,NaN,NaN,NaN,NaN,NaN,NaN,
2022031100,d0s.2022,9X-D0S,TD,DEV,-10.7,111.5,15,1005,251,5,257,7,NaN,NaN,NaN,NaN,NaN,NaN,NaN,NaN,NaN,NaN,DB,NW,c,c,150,1007,NaN,NaN,50,NaN,
2022031106,d0s.2022,9X-D0S,TD,DEV,-10.9,110.7,20,1005,257,7,257,7,NaN,NaN,NaN,NaN,NaN,NaN,NaN,NaN,NaN,NaN,DB,NW,c,c,165,1006,NaN,NaN,50,NaN,
2022031112,d0s.2022,9X-D0S,TD,DEV,-11.1,109.8,20,1005,257,9,257,9,NaN,NaN,NaN,NaN,NaN,NaN,NaN,NaN,NaN,NaN,DB,NW,c,c,165,1006,NaN,NaN,50,NaN,
2022031118,d0s.2022,9X-D0S,TD,DEV,-11.4,109.0,25,1004,253,9,253,9,NaN,NaN,NaN,NaN,NaN,NaN,NaN,NaN,NaN,NaN,TD,NW,c,c,165,1006,NaN,NaN,50,NaN,
2022031200,d0s.2022,9X-D0S,TD,DEV,-10.8,109.7,25,1003,265,6,342,2,NaN,NaN,NaN,NaN,NaN,NaN,NaN,NaN,NaN,NaN,TD,NW,c,c,165,1006,NaN,NaN,50,NaN,
2022031206,d0s.2022,9X-D0S,TD,DEV,-10.8,108.9,25,1004,265,7,351,3,NaN,NaN,NaN,NaN,NaN,NaN,NaN,NaN,NaN,NaN,TD,NW,C,C,165,1006,NaN,S,50,NaN,
2022031212,d0s.2022,9X-D0S,TD,DEV,-11.5,107.9,25,1004,255,8,248,9,NaN,NaN,NaN,NaN,NaN,NaN,NaN,NaN,NaN,NaN,TD,NW,C,C,165,1006,NaN,S,50,NaN,
2022031218,d0s.2022,9X-D0S,TD,DEV,-10.9,106.6,20,1005,270,10,267,11,NaN,NaN,NaN,NaN,NaN,NaN,NaN,NaN,NaN,NaN,DB,NW,C,C,165,1006,NaN,S,25,NaN,
2022031300,d0s.2022,9X-D0S,TD,DEV,-11.0,105.6,20,1007,265,11,282,12,NaN,NaN,NaN,NaN,NaN,NaN,NaN,NaN,NaN,NaN,DB,NW,C,C,165,1008,NaN,S,25,NaN,
2022031306,d0s.2022,9X-D0S,TD,DEV,-13.1,105.4,25,1004,225,10,208,12,NaN,NaN,NaN,NaN,NaN,NaN,NaN,NaN,NaN,NaN,TD,NW,C,C,165,1008,NaN,S,25,NaN,
2022031312,d0s.2022,9X-D0S,TD,DEV,-13.6,104.3,30,1002,230,12,206,14,NaN,NaN,NaN,NaN,NaN,NaN,NaN,NaN,NaN,NaN,TD,NW,C,C,170,1006,NaN,M,45,NaN,
2022041106,d1s.2022,9X-D1S,TD,NONdev,-7.7,75.1,15,1006,115,7,115,7,NaN,NaN,NaN,NaN,NaN,NaN,NaN,NaN,NaN,NaN,DB,NW,b,b,NaN,NaN,NaN,NaN,NaN,NaN,
2022041112,d1s.2022,9X-D1S,TD,NONdev,-8.3,76.9,15,1010,115,7,115,7,NaN,NaN,NaN,NaN,NaN,NaN,NaN,NaN,NaN,NaN,DB,NW,b,b,NaN,NaN,NaN,NaN,NaN,NaN,
2022041118,d1s.2022,9X-D1S,TD,NONdev,-8.3,76.4,15,1010,115,7,115,7,NaN,NaN,NaN,NaN,NaN,NaN,NaN,NaN,NaN,NaN,DB,NW,b,b,NaN,NaN,NaN,NaN,NaN,NaN,
2022041200,d1s.2022,9X-D1S,TD,NONdev,-8.1,76.4,15,1007,109,5,292,3,NaN,NaN,NaN,NaN,NaN,NaN,NaN,NaN,NaN,NaN,DB,NW,c,c,NaN,NaN,NaN,NaN,NaN,NaN,
2022041206,d1s.2022,9X-D1S,TD,NONdev,-8.5,75.2,15,1007,260,6,260,6,NaN,NaN,NaN,NaN,NaN,NaN,NaN,NaN,NaN,NaN,DB,NW,c,c,140,1008,NaN,NaN,100,NaN,
2022041212,d1s.2022,9X-D1S,TD,NONdev,-8.7,74.4,15,1005,255,8,253,10,NaN,NaN,NaN,NaN,NaN,NaN,NaN,NaN,NaN,NaN,DB,NW,c,c,120,1006,NaN,NaN,100,NaN,
2022041218,d1s.2022,9X-D1S,TD,NONdev,-8.8,73.7,15,1010,259,8,259,8,NaN,NaN,NaN,NaN,NaN,NaN,NaN,NaN,NaN,NaN,DB,NW,c,c,120,1006,NaN,NaN,100,NaN,
2022041300,d1s.2022,9X-D1S,TD,NONdev,-8.9,72.8,15,1010,263,8,263,8,NaN,NaN,NaN,NaN,NaN,NaN,NaN,NaN,NaN,NaN,DB,NW,c,c,120,1006,NaN,NaN,100,NaN,
2022041306,d1s.2022,9X-D1S,TD,NONdev,-9.1,71.8,15,1010,264,9,261,10,NaN,NaN,NaN,NaN,NaN,NaN,NaN,NaN,NaN,NaN,DB,NW,c,c,NaN,NaN,NaN,NaN,NaN,NaN,
2022041312,d1s.2022,9X-D1S,TD,NONdev,-9.2,70.8,15,1005,264,9,261,10,NaN,NaN,NaN,NaN,NaN,NaN,NaN,NaN,NaN,NaN,DB,NW,c,c,NaN,NaN,NaN,NaN,NaN,NaN,
2022041318,d1s.2022,9X-D1S,TD,NONdev,-8.7,69.8,15,1010,281,10,281,10,NaN,NaN,NaN,NaN,NaN,NaN,NaN,NaN,NaN,NaN,DB,NW,b,b,NaN,NaN,NaN,NaN,NaN,NaN,
2022031600,d2p.2022,9X-D2P,TD,NONdev,-24.4,220.4,25,1004,101,13,101,13,NaN,NaN,NaN,NaN,NaN,NaN,NaN,NaN,NaN,NaN,SD,NW,b,b,NaN,NaN,NaN,NaN,NaN,NaN,
2022031606,d2p.2022,9X-D2P,TD,NONdev,-24.6,221.8,25,1004,101,13,101,13,NaN,NaN,NaN,NaN,NaN,NaN,NaN,NaN,NaN,NaN,SD,NW,b,b,NaN,NaN,NaN,NaN,NaN,NaN,
2022031612,d2p.2022,9X-D2P,TD,NONdev,-24.9,223.3,25,1004,101,13,101,13,NaN,NaN,NaN,NaN,NaN,NaN,NaN,NaN,NaN,NaN,SD,NW,b,b,NaN,NaN,NaN,NaN,NaN,NaN,
2022031618,d2p.2022,9X-D2P,TD,NONdev,-26.3,224.1,25,1004,122,12,129,13,NaN,NaN,NaN,NaN,NaN,NaN,NaN,NaN,NaN,NaN,SD,NW,c,c,NaN,NaN,NaN,NaN,NaN,NaN,
2022020506,d3s.2022,9X-D3S,TD,NONdev,-9.9,102.1,15,1010,101,8,101,8,NaN,NaN,NaN,NaN,NaN,NaN,NaN,NaN,NaN,NaN,DB,NW,b,b,NaN,NaN,NaN,NaN,NaN,NaN,
2022020512,d3s.2022,9X-D3S,TD,NONdev,-10.0,102.9,25,1004,101,8,101,8,NaN,NaN,NaN,NaN,NaN,NaN,NaN,NaN,NaN,NaN,TD,NW,b,b,NaN,NaN,NaN,NaN,NaN,NaN,
2022020518,d3s.2022,9X-D3S,TD,NONdev,-10.2,103.6,25,1005,101,8,101,8,NaN,NaN,NaN,NaN,NaN,NaN,NaN,NaN,NaN,NaN,TD,NW,c,c,100,1007,NaN,NaN,35,NaN,
2022020600,d3s.2022,9X-D3S,TD,NONdev,-10.0,104.0,25,1004,90,5,90,5,NaN,NaN,NaN,NaN,NaN,NaN,NaN,NaN,NaN,NaN,TD,NW,c,c,115,1006,NaN,NaN,35,NaN,
2022020606,d3s.2022,9X-D3S,TD,NONdev,-9.9,103.9,25,1005,45,2,45,2,NaN,NaN,NaN,NaN,NaN,NaN,NaN,NaN,NaN,NaN,TD,NW,b,b,115,1006,NaN,NaN,35,NaN,
2022020612,d3s.2022,9X-D3S,TD,NONdev,-10.0,105.0,25,1005,90,5,90,5,NaN,NaN,NaN,NaN,NaN,NaN,NaN,NaN,NaN,NaN,TD,NW,c,c,115,1006,NaN,NaN,35,NaN,
2022020618,d3s.2022,9X-D3S,TD,NONdev,-9.9,104.6,25,1004,90,3,90,3,NaN,NaN,NaN,NaN,NaN,NaN,NaN,NaN,NaN,NaN,TD,NW,c,c,100,1007,NaN,NaN,35,NaN,
2022020700,d3s.2022,9X-D3S,TD,NONdev,-10.2,105.1,25,1003,109,5,154,1,NaN,NaN,NaN,NaN,NaN,NaN,NaN,NaN,NaN,NaN,TD,NW,c,c,125,1006,NaN,NaN,35,NaN,
2022020706,d3s.2022,9X-D3S,TD,NONdev,-10.9,105.2,30,1001,135,5,149,6,NaN,NaN,NaN,NaN,NaN,NaN,NaN,NaN,NaN,NaN,TD,NW,C,C,125,1006,NaN,S,35,NaN,
2022020712,d3s.2022,9X-D3S,TD,NONdev,-11.5,105.4,30,1001,150,6,167,7,NaN,NaN,NaN,NaN,NaN,NaN,NaN,NaN,NaN,NaN,TD,NW,C,C,125,1006,NaN,S,35,NaN,
2022020718,d3s.2022,9X-D3S,TD,NONdev,-13.8,105.5,30,1002,170,12,174,15,NaN,NaN,NaN,NaN,NaN,NaN,NaN,NaN,NaN,NaN,TD,NW,C,C,125,1006,NaN,S,35,NaN,
2022020800,d3s.2022,9X-D3S,TD,NONdev,-15.0,105.6,30,1003,175,14,177,18,NaN,NaN,NaN,NaN,NaN,NaN,NaN,NaN,NaN,NaN,TD,NW,C,C,125,1006,NaN,S,35,NaN,
2022020806,d3s.2022,9X-D3S,TD,NONdev,-15.9,105.3,30,1003,180,12,185,11,NaN,NaN,NaN,NaN,NaN,NaN,NaN,NaN,NaN,NaN,TD,NW,C,C,125,1006,NaN,S,35,NaN,
2022020812,d3s.2022,9X-D3S,TD,NONdev,-16.9,105.1,30,1002,185,10,194,10,NaN,NaN,NaN,NaN,NaN,NaN,NaN,NaN,NaN,NaN,TD,NW,C,C,125,1006,NaN,S,35,NaN,
2022020818,d3s.2022,9X-D3S,TD,NONdev,-16.1,105.6,30,1001,180,5,125,2,NaN,NaN,NaN,NaN,NaN,NaN,NaN,NaN,NaN,NaN,TD,NW,C,C,125,1006,NaN,S,35,NaN,
2022020900,d3s.2022,9X-D3S,TD,NONdev,-16.6,105.4,30,1001,190,5,44,2,NaN,NaN,NaN,NaN,NaN,NaN,NaN,NaN,NaN,NaN,TD,NW,C,C,125,1006,NaN,S,35,NaN,
2022020906,d3s.2022,9X-D3S,TD,NONdev,-17.0,105.2,30,1001,200,5,203,5,NaN,NaN,NaN,NaN,NaN,NaN,NaN,NaN,NaN,NaN,TD,NW,C,C,105,1006,NaN,S,35,NaN,
2022020912,d3s.2022,9X-D3S,TD,NONdev,-17.3,106.5,30,1001,155,5,124,6,NaN,NaN,NaN,NaN,NaN,NaN,NaN,NaN,NaN,NaN,TD,NW,C,C,105,1006,NaN,S,35,NaN,
2022020918,d3s.2022,9X-D3S,TD,NONdev,-16.7,106.6,30,999,110,2,77,7,NaN,NaN,NaN,NaN,NaN,NaN,NaN,NaN,NaN,NaN,TD,NW,C,C,150,1005,NaN,S,35,NaN,
2022021000,d3s.2022,9X-D3S,TD,NONdev,-17.0,105.5,30,1000,260,3,287,5,NaN,NaN,NaN,NaN,NaN,NaN,NaN,NaN,NaN,NaN,TD,NW,C,C,150,1005,NaN,S,35,NaN,
2022021006,d3s.2022,9X-D3S,TD,NONdev,-17.3,104.8,30,999,255,6,251,9,NaN,NaN,NaN,NaN,NaN,NaN,NaN,NaN,NaN,NaN,TD,NW,C,C,130,1004,NaN,S,30,NaN,
2022021012,d3s.2022,9X-D3S,TD,NONdev,-17.6,104.1,30,1000,245,7,246,7,NaN,NaN,NaN,NaN,NaN,NaN,NaN,NaN,NaN,NaN,TD,NW,C,C,130,1004,NaN,S,30,NaN,
2022021018,d3s.2022,9X-D3S,TD,NONdev,-17.6,103.2,30,1000,255,8,259,8,NaN,NaN,NaN,NaN,NaN,NaN,NaN,NaN,NaN,NaN,TD,NW,C,C,100,1004,NaN,S,30,NaN,
2022021100,d3s.2022,9X-D3S,TD,NONdev,-17.6,102.3,30,1000,260,8,270,9,NaN,NaN,NaN,NaN,NaN,NaN,NaN,NaN,NaN,NaN,TD,NW,C,C,100,1004,NaN,S,30,NaN,
2022021106,d3s.2022,9X-D3S,TD,NONdev,-17.6,101.4,30,1000,265,9,270,9,NaN,NaN,NaN,NaN,NaN,NaN,NaN,NaN,NaN,NaN,TD,NW,C,C,100,1004,NaN,S,30,NaN,
2022021112,d3s.2022,9X-D3S,TD,NONdev,-17.4,101.0,30,1000,275,7,279,6,NaN,NaN,NaN,NaN,NaN,NaN,NaN,NaN,NaN,NaN,TD,NW,C,C,110,1005,NaN,S,30,NaN,
2022021118,d3s.2022,9X-D3S,TD,NONdev,-17.4,100.2,25,1001,274,7,280,6,NaN,NaN,NaN,NaN,NaN,NaN,NaN,NaN,NaN,NaN,TD,NW,c,c,110,1004,NaN,NaN,40,NaN,
2022021200,d3s.2022,9X-D3S,TD,NONdev,-17.2,99.3,25,1004,277,8,277,8,NaN,NaN,NaN,NaN,NaN,NaN,NaN,NaN,NaN,NaN,TD,NW,c,c,110,1004,NaN,NaN,30,NaN,
2022021206,d3s.2022,9X-D3S,TD,NONdev,-16.9,98.2,25,1004,285,10,285,10,NaN,NaN,NaN,NaN,NaN,NaN,NaN,NaN,NaN,NaN,TD,NW,c,c,110,1004,NaN,NaN,30,NaN,
2022021212,d3s.2022,9X-D3S,TD,NONdev,-16.6,96.6,25,1003,283,13,283,13,NaN,NaN,NaN,NaN,NaN,NaN,NaN,NaN,NaN,NaN,TD,NW,c,c,110,1004,NaN,NaN,30,NaN,
2022021218,d3s.2022,9X-D3S,TD,NONdev,-16.5,95.8,25,1004,280,12,280,12,NaN,NaN,NaN,NaN,NaN,NaN,NaN,NaN,NaN,NaN,TD,NW,c,c,110,1004,NaN,NaN,30,NaN,
2022021300,d3s.2022,9X-D3S,TD,NONdev,-16.3,94.7,25,1004,279,9,279,9,NaN,NaN,NaN,NaN,NaN,NaN,NaN,NaN,NaN,NaN,TD,NW,c,c,110,1004,NaN,NaN,30,NaN,
2022021306,d3s.2022,9X-D3S,TD,NONdev,-16.3,93.0,20,1004,274,13,274,13,NaN,NaN,NaN,NaN,NaN,NaN,NaN,NaN,NaN,NaN,DB,NW,c,c,110,1004,NaN,NaN,30,NaN,
2022021312,d3s.2022,9X-D3S,TD,NONdev,-16.5,91.0,25,1003,267,18,267,18,NaN,NaN,NaN,NaN,NaN,NaN,NaN,NaN,NaN,NaN,TD,NW,c,c,110,1004,NaN,NaN,30,NaN,
2022021318,d3s.2022,9X-D3S,TD,NONdev,-16.5,89.0,25,1004,267,19,267,19,NaN,NaN,NaN,NaN,NaN,NaN,NaN,NaN,NaN,NaN,TD,NW,c,c,110,1004,NaN,NaN,30,NaN,
2022021400,d3s.2022,9X-D3S,TD,NONdev,-16.2,86.8,25,1004,276,21,274,20,NaN,NaN,NaN,NaN,NaN,NaN,NaN,NaN,NaN,NaN,TD,NW,c,c,110,1004,NaN,NaN,30,NaN,
2022021406,d3s.2022,9X-D3S,TD,NONdev,-16.2,83.7,25,1003,268,25,273,25,NaN,NaN,NaN,NaN,NaN,NaN,NaN,NaN,NaN,NaN,TD,NW,c,c,110,1004,NaN,NaN,30,NaN,
2022021412,d3s.2022,9X-D3S,TD,NONdev,-16.2,81.4,25,1004,270,26,270,26,NaN,NaN,NaN,NaN,NaN,NaN,NaN,NaN,NaN,NaN,TD,NW,c,c,110,1004,NaN,NaN,30,NaN,
2022022606,d4p.2022,9X-D4P,TD,DEV,-17.2,162.5,15,1003,107,7,107,7,NaN,NaN,NaN,NaN,NaN,NaN,NaN,NaN,NaN,NaN,DB,NW,b,b,NaN,NaN,NaN,NaN,NaN,NaN,
2022022612,d4p.2022,9X-D4P,TD,DEV,-17.4,163.0,15,1003,107,7,107,7,NaN,NaN,NaN,NaN,NaN,NaN,NaN,NaN,NaN,NaN,DB,NW,b,b,NaN,NaN,NaN,NaN,NaN,NaN,
2022022618,d4p.2022,9X-D4P,TD,DEV,-17.6,163.9,15,1003,107,7,107,7,NaN,NaN,NaN,NaN,NaN,NaN,NaN,NaN,NaN,NaN,DB,NW,b,b,NaN,NaN,NaN,NaN,NaN,NaN,
2022022700,d4p.2022,9X-D4P,TD,DEV,-17.5,166.4,15,1003,120,5,92,16,NaN,NaN,NaN,NaN,NaN,NaN,NaN,NaN,NaN,NaN,DB,NW,c,c,125,1005,NaN,NaN,25,NaN,
2022022706,d4p.2022,9X-D4P,TD,DEV,-18.4,164.9,15,1001,130,6,130,6,NaN,NaN,NaN,NaN,NaN,NaN,NaN,NaN,NaN,NaN,DB,NW,b,b,125,1005,NaN,NaN,25,NaN,
2022022712,d4p.2022,9X-D4P,TD,DEV,-19.3,165.3,20,1002,210,10,210,10,NaN,NaN,NaN,NaN,NaN,NaN,NaN,NaN,NaN,NaN,DB,NW,b,b,125,1005,NaN,NaN,25,NaN,
2022022718,d4p.2022,9X-D4P,TD,DEV,-20.3,165.8,20,1002,156,10,156,10,NaN,NaN,NaN,NaN,NaN,NaN,NaN,NaN,NaN,NaN,DB,NW,b,b,125,1005,NaN,NaN,25,NaN,
2022022800,d4p.2022,9X-D4P,TD,DEV,-21.3,166.7,20,1002,147,12,147,12,NaN,NaN,NaN,NaN,NaN,NaN,NaN,NaN,NaN,NaN,DB,NW,c,c,125,1005,0.21,NaN,25,NaN,
2022022806,d4p.2022,9X-D4P,TD,DEV,-21.7,167.2,25,1003,145,10,137,10,NaN,NaN,NaN,NaN,NaN,NaN,NaN,NaN,NaN,NaN,TD,NW,C,C,125,1005,0.06,S,25,NaN,
2022022812,d4p.2022,9X-D4P,TD,DEV,-22.0,167.2,25,1005,145,7,146,4,NaN,NaN,NaN,NaN,NaN,NaN,NaN,NaN,NaN,NaN,TD,NW,C,C,125,1007,0.17,S,25,NaN,
2022022818,d4p.2022,9X-D4P,TD,DEV,-22.2,167.3,25,1004,150,4,169,3,NaN,NaN,NaN,NaN,NaN,NaN,NaN,NaN,NaN,NaN,TD,NW,C,C,125,1007,0.02,S,25,NaN,
2022030100,d4p.2022,9X-D4P,TD,DEV,-22.4,167.2,25,1000,180,2,180,2,NaN,NaN,NaN,NaN,NaN,NaN,NaN,NaN,NaN,NaN,TD,NW,c,c,125,1007,0.16,NaN,25,NaN,
2022030106,d4p.2022,9X-D4P,TD,DEV,-22.8,168.0,30,996,135,4,133,4,NaN,NaN,NaN,NaN,NaN,NaN,NaN,NaN,NaN,NaN,TD,NW,C,C,140,1002,NaN,S,35,NaN,
2022030112,d4p.2022,9X-D4P,TD,DEV,-24.1,168.5,30,996,150,7,145,10,NaN,NaN,NaN,NaN,NaN,NaN,NaN,NaN,NaN,NaN,TD,NW,C,C,155,1002,NaN,S,35,NaN,
2022030118,d4p.2022,9X-D4P,TD,DEV,-24.3,169.0,30,994,145,7,149,9,NaN,NaN,NaN,NaN,NaN,NaN,NaN,NaN,NaN,NaN,TD,NW,C,C,130,1000,NaN,S,35,NaN,
2022030200,d4p.2022,9X-D4P,TD,DEV,-24.8,170.0,30,995,130,8,117,8,NaN,NaN,NaN,NaN,NaN,NaN,NaN,NaN,NaN,NaN,TD,NW,C,C,150,1001,NaN,S,30,NaN,
2022030206,d4p.2022,9X-D4P,TD,DEV,-25.5,170.6,30,994,130,9,130,9,NaN,NaN,NaN,NaN,NaN,NaN,NaN,NaN,NaN,NaN,TD,NW,C,C,150,1000,NaN,S,30,NaN,
2022030212,d4p.2022,9X-D4P,TD,DEV,-25.4,172.3,30,996,110,10,106,11,NaN,NaN,NaN,NaN,NaN,NaN,NaN,NaN,NaN,NaN,TD,NW,C,C,150,1002,NaN,M,90,NaN,
2022030218,d4p.2022,9X-D4P,TD,DEV,-25.5,173.0,30,996,105,9,90,11,NaN,NaN,NaN,NaN,NaN,NaN,NaN,NaN,NaN,NaN,TD,NW,C,C,150,1002,NaN,M,90,NaN,
2022021018,d5s.2022,9X-D5S,TD,NONdev,-15.4,112.4,15,1005,270,9,270,9,NaN,NaN,NaN,NaN,NaN,NaN,NaN,NaN,NaN,NaN,DB,NW,b,b,NaN,NaN,NaN,NaN,NaN,NaN,
2022021100,d5s.2022,9X-D5S,TD,NONdev,-15.4,112.9,15,1006,262,10,270,9,NaN,NaN,NaN,NaN,NaN,NaN,NaN,NaN,NaN,NaN,DB,NW,c,c,NaN,NaN,NaN,NaN,NaN,NaN,
2022021106,d5s.2022,9X-D5S,TD,NONdev,-15.4,110.6,15,1005,270,9,270,9,NaN,NaN,NaN,NaN,NaN,NaN,NaN,NaN,NaN,NaN,DB,NW,c,c,NaN,NaN,NaN,NaN,NaN,NaN,
2022021112,d5s.2022,9X-D5S,TD,NONdev,-15.4,109.9,15,1004,270,8,270,14,NaN,NaN,NaN,NaN,NaN,NaN,NaN,NaN,NaN,NaN,DB,NW,c,c,NaN,NaN,NaN,NaN,NaN,NaN,
2022021118,d5s.2022,9X-D5S,TD,NONdev,-15.6,108.8,15,1009,263,9,263,9,NaN,NaN,NaN,NaN,NaN,NaN,NaN,NaN,NaN,NaN,DB,NW,c,c,NaN,NaN,NaN,NaN,NaN,NaN,
2022021200,d5s.2022,9X-D5S,TD,NONdev,-15.5,108.1,15,1003,267,9,267,9,NaN,NaN,NaN,NaN,NaN,NaN,NaN,NaN,NaN,NaN,DB,NW,c,c,NaN,NaN,NaN,NaN,NaN,NaN,
2022021206,d5s.2022,9X-D5S,TD,NONdev,-15.0,107.2,15,1006,291,8,291,8,NaN,NaN,NaN,NaN,NaN,NaN,NaN,NaN,NaN,NaN,DB,NW,c,c,NaN,NaN,NaN,NaN,NaN,NaN,
2022021212,d5s.2022,9X-D5S,TD,NONdev,-14.7,106.1,15,1010,293,10,293,10,NaN,NaN,NaN,NaN,NaN,NaN,NaN,NaN,NaN,NaN,DB,NW,c,c,NaN,NaN,NaN,NaN,NaN,NaN,
2022021218,d5s.2022,9X-D5S,TD,NONdev,-14.7,105.1,15,1010,278,10,278,10,NaN,NaN,NaN,NaN,NaN,NaN,NaN,NaN,NaN,NaN,DB,NW,c,c,NaN,NaN,NaN,NaN,NaN,NaN,
2022030312,d6p.2022,9X-D6P,TS,NONdev,-24.5,188.3,15,1010,213,7,213,7,NaN,NaN,NaN,NaN,NaN,NaN,NaN,NaN,NaN,NaN,DB,NW,b,b,NaN,NaN,NaN,NaN,NaN,NaN,
2022030318,d6p.2022,9X-D6P,TS,NONdev,-25.1,188.0,15,1008,213,7,213,7,NaN,NaN,NaN,NaN,NaN,NaN,NaN,NaN,NaN,NaN,DB,NW,b,b,NaN,NaN,NaN,NaN,NaN,NaN,
2022030400,d6p.2022,9X-D6P,TS,NONdev,-25.6,187.5,20,1008,213,7,213,7,NaN,NaN,NaN,NaN,NaN,NaN,NaN,NaN,NaN,NaN,DB,NW,c,c,160,1009,NaN,NaN,45,NaN,
2022030406,d6p.2022,9X-D6P,TS,NONdev,-25.8,187.9,20,1007,187,4,187,4,NaN,NaN,NaN,NaN,NaN,NaN,NaN,NaN,NaN,NaN,DB,NW,b,b,160,1009,NaN,NaN,45,NaN,
2022030412,d6p.2022,9X-D6P,TS,NONdev,-25.9,188.4,20,1007,110,4,110,4,NaN,NaN,NaN,NaN,NaN,NaN,NaN,NaN,NaN,NaN,DB,NW,c,c,160,1009,NaN,NaN,45,NaN,
2022030418,d6p.2022,9X-D6P,TS,NONdev,-25.8,188.4,30,1001,90,2,90,2,NaN,NaN,NaN,NaN,NaN,NaN,NaN,NaN,NaN,NaN,TD,NW,b,b,160,1009,NaN,NaN,45,NaN,
2022030500,d6p.2022,9X-D6P,TS,NONdev,-25.8,188.4,25,1000,360,1,360,0,NaN,NaN,NaN,NaN,NaN,NaN,NaN,NaN,NaN,NaN,TD,NW,c,c,160,1009,NaN,NaN,45,NaN,
2022030506,d6p.2022,9X-D6P,TS,NONdev,-25.8,189.8,30,1000,90,6,90,6,NaN,NaN,NaN,NaN,NaN,NaN,NaN,NaN,NaN,NaN,TD,NW,c,c,130,1008,NaN,NaN,45,NaN,
2022030512,d6p.2022,9X-D6P,TS,NONdev,-26.3,190.6,30,1000,108,9,104,10,NaN,NaN,NaN,NaN,NaN,NaN,NaN,NaN,NaN,NaN,TD,NW,c,c,160,1009,NaN,NaN,45,NaN,
2022030518,d6p.2022,9X-D6P,TS,NONdev,-25.9,190.7,30,999,97,4,97,4,155,130,180,,,NaN,NaN,NaN,NaN,NaN,TS,NW,c,c,160,1009,NaN,NaN,80,NaN,
2022030600,d6p.2022,9X-D6P,TS,NONdev,-26.1,191.7,35,999,79,5,79,5,152,130,175,,,NaN,NaN,NaN,NaN,NaN,SS,NW,c,c,160,1009,NaN,NaN,100,NaN,
2022030606,d6p.2022,9X-D6P,TS,NONdev,-26.8,192.5,35,996,131,5,119,9,152,130,175,,,NaN,NaN,NaN,NaN,NaN,SS,NW,c,c,190,1008,NaN,NaN,100,NaN,
2022030612,d6p.2022,9X-D6P,TS,NONdev,-27.0,193.9,35,996,119,8,115,11,158,,140,175,,NaN,NaN,NaN,NaN,NaN,SS,NW,c,c,210,1009,NaN,NaN,100,NaN,
2022030618,d6p.2022,9X-D6P,TS,NONdev,-27.3,194.4,35,997,122,8,106,9,NaN,NaN,NaN,NaN,NaN,NaN,NaN,NaN,NaN,NaN,SD,NW,c,c,210,1009,NaN,NaN,100,NaN,
2022030700,d6p.2022,9X-D6P,TS,NONdev,-28.0,195.2,35,996,131,8,131,8,295,,290,300,,NaN,NaN,NaN,NaN,NaN,SS,NW,c,c,270,1007,NaN,NaN,105,NaN,
2022030706,d6p.2022,9X-D6P,TS,NONdev,-29.2,196.1,40,993,139,13,142,12,278,,290,265,,NaN,NaN,NaN,NaN,NaN,SS,NW,c,c,270,1007,NaN,NaN,110,NaN,
2022030712,d6p.2022,9X-D6P,TS,NONdev,-30.1,196.1,35,996,156,11,159,11,175,,225,125,,NaN,NaN,NaN,NaN,NaN,SS,NW,c,c,300,1007,NaN,NaN,110,NaN,
2022030718,d6p.2022,9X-D6P,TS,NONdev,-32.5,196.8,35,995,160,16,170,17,NaN,NaN,NaN,NaN,NaN,NaN,NaN,NaN,NaN,NaN,SD,NW,c,c,300,1007,NaN,NaN,110,NaN,
2022030800,d6p.2022,9X-D6P,TS,NONdev,-32.5,196.0,30,994,180,8,182,12,NaN,NaN,NaN,NaN,NaN,NaN,NaN,NaN,NaN,NaN,SD,NW,c,c,300,1007,NaN,NaN,110,NaN,
2022030806,d6p.2022,9X-D6P,TS,NONdev,-33.2,196.0,35,994,180,8,224,5,118,30,20,270,150,NaN,NaN,NaN,NaN,NaN,SS,NW,C,C,300,1007,NaN,S,110,NaN,
2022030812,d6p.2022,9X-D6P,TS,NONdev,-32.9,196.3,35,994,170,4,148,2,131,95,65,190,175,NaN,NaN,NaN,NaN,NaN,SS,NW,C,C,300,1009,NaN,S,190,NaN,
2022030818,d6p.2022,9X-D6P,TS,NONdev,-32.8,197.2,35,996,90,5,68,5,152,120,220,150,120,NaN,NaN,NaN,NaN,NaN,SS,NW,c,c,300,1009,NaN,NaN,190,NaN,
2022030900,d6p.2022,9X-D6P,TS,NONdev,-33.0,197.7,35,996,95,6,95,6,115,105,140,130,85,NaN,NaN,NaN,NaN,NaN,EX,NW,c,c,335,1009,NaN,NaN,190,NaN,
2022030906,d6p.2022,9X-D6P,TS,NONdev,-33.4,197.4,35,996,164,3,164,3,122,75,200,150,65,NaN,NaN,NaN,NaN,NaN,EX,NW,b,b,335,1009,NaN,NaN,190,NaN,
2022030400,d7s.2022,9X-D7S,TD,DEV,-15.6,55.9,15,1010,142,9,142,9,NaN,NaN,NaN,NaN,NaN,NaN,NaN,NaN,NaN,NaN,DB,NW,b,b,NaN,NaN,NaN,NaN,NaN,NaN,
2022030406,d7s.2022,9X-D7S,TD,DEV,-16.3,56.4,15,1008,142,9,142,9,NaN,NaN,NaN,NaN,NaN,NaN,NaN,NaN,NaN,NaN,DB,NW,b,b,195,1012,NaN,NaN,30,NaN,
2022030412,d7s.2022,9X-D7S,TD,DEV,-17.1,57.1,15,1004,142,9,142,9,NaN,NaN,NaN,NaN,NaN,NaN,NaN,NaN,NaN,NaN,DB,NW,c,c,190,1007,NaN,NaN,30,NaN,
2022030418,d7s.2022,9X-D7S,TD,DEV,-15.7,55.4,15,1008,302,6,302,6,NaN,NaN,NaN,NaN,NaN,NaN,NaN,NaN,NaN,NaN,DB,NW,b,b,190,1007,NaN,NaN,30,NaN,
2022030500,d7s.2022,9X-D7S,TD,DEV,-15.3,55.1,15,1005,313,13,313,13,NaN,NaN,NaN,NaN,NaN,NaN,NaN,NaN,NaN,NaN,DB,NW,c,c,190,1007,NaN,NaN,30,NaN,
2022030506,d7s.2022,9X-D7S,TD,DEV,-15.7,54.0,15,1005,270,7,270,7,NaN,NaN,NaN,NaN,NaN,NaN,NaN,NaN,NaN,NaN,DB,NW,c,c,200,1009,NaN,NaN,30,NaN,
2022030512,d7s.2022,9X-D7S,TD,DEV,-16.0,54.1,20,1004,243,4,234,6,NaN,NaN,NaN,NaN,NaN,NaN,NaN,NaN,NaN,NaN,DB,NW,c,c,200,1007,NaN,NaN,30,NaN,
2022030518,d7s.2022,9X-D7S,TD,DEV,-16.1,54.3,20,1006,230,3,144,2,NaN,NaN,NaN,NaN,NaN,NaN,NaN,NaN,NaN,NaN,DB,NW,C,C,190,1007,NaN,S,30,NaN,
2022030600,d7s.2022,9X-D7S,TD,DEV,-16.5,54.7,20,1005,160,3,131,4,NaN,NaN,NaN,NaN,NaN,NaN,NaN,NaN,NaN,NaN,DB,NW,C,C,200,1006,NaN,S,40,NaN,
2022030606,d7s.2022,9X-D7S,TD,DEV,-16.2,54.8,25,1004,105,2,102,2,NaN,NaN,NaN,NaN,NaN,NaN,NaN,NaN,NaN,NaN,TD,NW,C,C,200,1008,NaN,S,40,NaN,
2022030612,d7s.2022,9X-D7S,TD,DEV,-16.1,53.7,25,1002,295,2,293,5,NaN,NaN,NaN,NaN,NaN,NaN,NaN,NaN,NaN,NaN,TD,NW,C,C,200,1006,NaN,S,40,NaN,
2022030618,d7s.2022,9X-D7S,TD,DEV,-15.8,52.7,25,1006,285,7,281,10,NaN,NaN,NaN,NaN,NaN,NaN,NaN,NaN,NaN,NaN,TD,NW,C,C,150,1008,NaN,S,40,NaN,
2022030700,d7s.2022,9X-D7S,TD,DEV,-15.0,52.4,25,1003,300,8,311,8,NaN,NaN,NaN,NaN,NaN,NaN,NaN,NaN,NaN,NaN,TD,NW,C,C,150,1005,NaN,S,30,NaN,
2022030706,d7s.2022,9X-D7S,TD,DEV,-15.2,52.1,25,1004,300,5,316,4,NaN,NaN,NaN,NaN,NaN,NaN,NaN,NaN,NaN,NaN,TD,NW,C,C,165,1007,NaN,S,30,NaN,
2022030712,d7s.2022,9X-D7S,TD,DEV,-15.1,51.5,30,1001,280,5,263,4,NaN,NaN,NaN,NaN,NaN,NaN,NaN,NaN,NaN,NaN,TD,NW,C,C,165,1006,NaN,S,30,NaN,
2022030800,d8p.2022,9X-D8P,TD,NONdev,-34.4,152.2,15,1010,107,3,107,3,NaN,NaN,NaN,NaN,NaN,NaN,NaN,NaN,NaN,NaN,DB,NW,b,b,NaN,NaN,NaN,NaN,NaN,NaN,
2022030806,d8p.2022,9X-D8P,TD,NONdev,-34.5,152.6,15,1010,107,3,107,3,NaN,NaN,NaN,NaN,NaN,NaN,NaN,NaN,NaN,NaN,DB,NW,b,b,NaN,NaN,NaN,NaN,NaN,NaN,
2022030812,d8p.2022,9X-D8P,TD,NONdev,-34.6,153.0,15,1010,107,3,107,3,NaN,NaN,NaN,NaN,NaN,NaN,NaN,NaN,NaN,NaN,DB,NW,b,b,NaN,NaN,NaN,NaN,NaN,NaN,
2022030818,d8p.2022,9X-D8P,TD,NONdev,-35.3,155.0,30,1000,112,8,112,11,NaN,NaN,NaN,NaN,NaN,NaN,NaN,NaN,NaN,NaN,TD,NW,c,c,190,1005,NaN,NaN,100,NaN,
2022030900,d8p.2022,9X-D8P,TD,NONdev,-36.6,155.0,30,1002,153,9,141,13,NaN,NaN,NaN,NaN,NaN,NaN,NaN,NaN,NaN,NaN,TD,NW,c,c,190,1005,NaN,NaN,100,NaN,
2022031000,d9s.2022,9X-D9S,TD,NONdev,-13.1,50.5,15,1010,113,9,113,9,NaN,NaN,NaN,NaN,NaN,NaN,NaN,NaN,NaN,NaN,DB,NW,b,b,NaN,NaN,NaN,NaN,NaN,NaN,
2022031006,d9s.2022,9X-D9S,TD,NONdev,-13.1,51.0,15,1010,113,9,113,9,NaN,NaN,NaN,NaN,NaN,NaN,NaN,NaN,NaN,NaN,DB,NW,b,b,NaN,NaN,NaN,NaN,NaN,NaN,
2022031012,d9s.2022,9X-D9S,TD,NONdev,-13.8,52.2,15,1009,108,7,113,9,NaN,NaN,NaN,NaN,NaN,NaN,NaN,NaN,NaN,NaN,DB,NW,c,c,NaN,NaN,NaN,NaN,50,NaN,
2022031018,d9s.2022,9X-D9S,TD,NONdev,-13.5,52.8,15,1010,103,9,103,9,NaN,NaN,NaN,NaN,NaN,NaN,NaN,NaN,NaN,NaN,DB,NW,c,c,NaN,NaN,NaN,NaN,50,NaN,
2022040700,e0p.2022,9X-E0P,TD,NONdev,-10.2,154.6,15,1005,154,4,154,4,NaN,NaN,NaN,NaN,NaN,NaN,NaN,NaN,NaN,NaN,DB,NW,b,b,NaN,NaN,NaN,NaN,NaN,NaN,
2022040706,e0p.2022,9X-E0P,TD,NONdev,-11.1,154.9,15,1005,154,4,154,4,NaN,NaN,NaN,NaN,NaN,NaN,NaN,NaN,NaN,NaN,DB,NW,b,b,NaN,NaN,NaN,NaN,NaN,NaN,
2022040712,e0p.2022,9X-E0P,TD,NONdev,-11.0,155.0,15,1005,154,4,154,4,NaN,NaN,NaN,NaN,NaN,NaN,NaN,NaN,NaN,NaN,DB,NW,c,c,NaN,NaN,NaN,NaN,NaN,NaN,
2022040718,e0p.2022,9X-E0P,TD,NONdev,-12.5,155.1,15,1005,172,7,172,7,NaN,NaN,NaN,NaN,NaN,NaN,NaN,NaN,NaN,NaN,DB,NW,c,c,130,1004,NaN,NaN,65,NaN,
2022040800,e0p.2022,9X-E0P,TD,NONdev,-13.9,154.2,15,1005,198,11,195,15,NaN,NaN,NaN,NaN,NaN,NaN,NaN,NaN,NaN,NaN,DB,NW,c,c,145,1007,NaN,NaN,65,NaN,
2022040806,e0p.2022,9X-E0P,TD,NONdev,-14.3,153.3,15,1005,224,13,224,13,NaN,NaN,NaN,NaN,NaN,NaN,NaN,NaN,NaN,NaN,DB,NW,b,b,145,1007,NaN,NaN,65,NaN,
2022040812,e0p.2022,9X-E0P,TD,NONdev,-14.3,152.0,15,1005,259,11,259,11,NaN,NaN,NaN,NaN,NaN,NaN,NaN,NaN,NaN,NaN,DB,NW,b,b,145,1007,NaN,NaN,65,NaN,
2022040818,e0p.2022,9X-E0P,TD,NONdev,-15.1,150.9,15,1007,251,12,251,12,NaN,NaN,NaN,NaN,NaN,NaN,NaN,NaN,NaN,NaN,DB,NW,c,c,145,1007,NaN,NaN,65,NaN,
2022040900,e0p.2022,9X-E0P,TD,NONdev,-15.2,150.3,20,1007,241,9,241,9,NaN,NaN,NaN,NaN,NaN,NaN,NaN,NaN,NaN,NaN,DB,NW,c,c,145,1007,NaN,NaN,65,NaN,
2022040906,e0p.2022,9X-E0P,TD,NONdev,-16.1,149.6,20,1007,231,8,231,8,NaN,NaN,NaN,NaN,NaN,NaN,NaN,NaN,NaN,NaN,DB,NW,b,b,145,1007,NaN,NaN,65,NaN,
2022051600,e1p.2022,9X-E1P,TD,DEV,-12.5,171.3,15,1010,180,1,180,1,NaN,NaN,NaN,NaN,NaN,NaN,NaN,NaN,NaN,NaN,DB,NW,b,b,NaN,NaN,NaN,NaN,NaN,NaN,
2022051606,e1p.2022,9X-E1P,TD,DEV,-13.0,171.5,15,1010,180,1,180,1,NaN,NaN,NaN,NaN,NaN,NaN,NaN,NaN,NaN,NaN,DB,NW,b,b,NaN,NaN,NaN,NaN,NaN,NaN,
2022051612,e1p.2022,9X-E1P,TD,DEV,-12.7,171.3,15,1010,151,4,180,1,NaN,NaN,NaN,NaN,NaN,NaN,NaN,NaN,NaN,NaN,DB,NW,c,c,140,1011,NaN,NaN,70,NaN,
2022051618,e1p.2022,9X-E1P,TD,DEV,-13.8,172.0,15,1008,149,5,149,5,NaN,NaN,NaN,NaN,NaN,NaN,NaN,NaN,NaN,NaN,TD,NW,c,c,140,1011,NaN,NaN,70,NaN,
2022051700,e1p.2022,9X-E1P,TD,DEV,-13.7,171.6,25,1007,165,4,164,5,NaN,NaN,NaN,NaN,NaN,NaN,NaN,NaN,NaN,NaN,TD,NW,C,C,160,1012,NaN,S,60,NaN,
2022051706,e1p.2022,9X-E1P,TD,DEV,-13.8,171.9,25,1006,150,3,270,0,NaN,NaN,NaN,NaN,NaN,NaN,NaN,NaN,NaN,NaN,TD,NW,C,C,130,1009,NaN,S,50,NaN,
2022051712,e1p.2022,9X-E1P,TD,DEV,-14.3,171.5,30,1004,180,3,189,3,NaN,NaN,NaN,NaN,NaN,NaN,NaN,NaN,NaN,NaN,TD,NW,C,C,150,1009,NaN,S,30,NaN,
2022051718,e1p.2022,9X-E1P,TD,DEV,-14.9,171.3,30,1004,195,4,208,6,NaN,NaN,NaN,NaN,NaN,NaN,NaN,NaN,NaN,NaN,TD,NW,C,C,150,1010,NaN,M,35,NaN,
2022051800,e1p.2022,9X-E1P,TD,DEV,-15.6,170.6,30,1005,210,7,214,8,NaN,NaN,NaN,NaN,NaN,NaN,NaN,NaN,NaN,NaN,TD,NW,C,C,150,1011,NaN,M,35,NaN,
2022051806,e1p.2022,9X-E1P,TD,DEV,-15.3,169.7,25,1007,240,7,255,8,NaN,NaN,NaN,NaN,NaN,NaN,NaN,NaN,NaN,NaN,TD,NW,C,C,110,1009,NaN,M,30,NaN,
2022041200,e2s.2022,9X-E2S,TS,NONdev,-28.9,31.1,30,1000,182,11,182,11,NaN,NaN,NaN,NaN,NaN,NaN,NaN,NaN,NaN,NaN,SD,NW,b,b,85,1011,0.94,NaN,30,NaN,
2022041206,e2s.2022,9X-E2S,TS,NONdev,-30.2,31.3,40,993,182,11,182,11,47,40,50,50,,NaN,NaN,NaN,NaN,NaN,SS,NW,b,b,NaN,NaN,0.05,NaN,NaN,NaN,
2022041212,e2s.2022,9X-E2S,TS,NONdev,-31.0,31.0,45,995,153,6,182,11,48,45,50,50,,NaN,NaN,NaN,NaN,NaN,SS,NW,c,c,90,1011,0.01,NaN,30,NaN,
2022041218,e2s.2022,9X-E2S,TS,NONdev,-31.4,31.2,40,993,184,6,184,6,48,45,50,50,,NaN,NaN,NaN,NaN,NaN,SS,NW,c,c,90,1011,NaN,NaN,30,NaN,
2022041300,e2s.2022,9X-E2S,TS,NONdev,-32.0,30.5,40,1000,200,6,203,5,48,45,50,50,,NaN,NaN,NaN,NaN,NaN,TS,NW,C,C,90,1011,NaN,M,30,NaN,
2022041306,e2s.2022,9X-E2S,TS,NONdev,-31.7,30.2,35,998,235,4,251,5,48,45,50,50,,NaN,NaN,NaN,NaN,NaN,SS,NW,C,C,90,1007,0.29,S,30,NaN,
2022041312,e2s.2022,9X-E2S,TS,NONdev,-30.5,30.7,30,1000,335,4,7,8,NaN,NaN,NaN,NaN,NaN,NaN,NaN,NaN,NaN,NaN,SD,NW,C,C,90,1005,0.65,S,30,NaN,
2022041318,e2s.2022,9X-E2S,TS,NONdev,-30.3,32.4,25,999,45,8,53,12,NaN,NaN,NaN,NaN,NaN,NaN,NaN,NaN,NaN,NaN,SD,NW,C,C,90,1005,NaN,S,30,NaN,
2022041400,e2s.2022,9X-E2S,TS,NONdev,-30.2,34.1,20,1007,84,15,84,15,NaN,NaN,NaN,NaN,NaN,NaN,NaN,NaN,NaN,NaN,SD,NW,b,b,90,1005,NaN,NaN,30,NaN,
2022041406,e2s.2022,9X-E2S,TS,NONdev,-30.7,35.3,20,1007,99,13,99,13,NaN,NaN,NaN,NaN,NaN,NaN,NaN,NaN,NaN,NaN,SD,NW,b,b,90,1005,NaN,NaN,30,NaN,
2022022406,e3s.2022,9X-E3S,TD,NONdev,-12.1,88.1,15,1010,109,2,109,2,NaN,NaN,NaN,NaN,NaN,NaN,NaN,NaN,NaN,NaN,DB,NW,b,b,NaN,NaN,NaN,NaN,NaN,NaN,
2022022412,e3s.2022,9X-E3S,TD,NONdev,-12.1,88.0,15,1010,109,2,109,2,NaN,NaN,NaN,NaN,NaN,NaN,NaN,NaN,NaN,NaN,DB,NW,b,b,NaN,NaN,NaN,NaN,NaN,NaN,
2022022418,e3s.2022,9X-E3S,TD,NONdev,-12.2,88.4,15,1010,109,2,109,2,NaN,NaN,NaN,NaN,NaN,NaN,NaN,NaN,NaN,NaN,DB,NW,b,b,NaN,NaN,NaN,NaN,NaN,NaN,
2022022500,e3s.2022,9X-E3S,TD,NONdev,-11.3,87.5,25,1004,329,5,329,5,NaN,NaN,NaN,NaN,NaN,NaN,NaN,NaN,NaN,NaN,TD,NW,b,b,135,1008,NaN,NaN,50,NaN,
2022022506,e3s.2022,9X-E3S,TD,NONdev,-12.2,89.3,25,1004,90,4,90,4,NaN,NaN,NaN,NaN,NaN,NaN,NaN,NaN,NaN,NaN,TD,NW,c,c,130,1008,NaN,NaN,50,NaN,
2022022512,e3s.2022,9X-E3S,TD,NONdev,-11.6,88.9,30,1000,100,7,102,7,NaN,NaN,NaN,NaN,NaN,NaN,NaN,NaN,NaN,NaN,TD,NW,C,C,100,1006,NaN,S,50,NaN,
2022022518,e3s.2022,9X-E3S,TD,NONdev,-11.6,89.1,25,1003,100,5,342,3,NaN,NaN,NaN,NaN,NaN,NaN,NaN,NaN,NaN,NaN,TD,NW,C,C,100,1006,NaN,S,70,NaN,
2022022600,e3s.2022,9X-E3S,TD,NONdev,-11.6,89.5,25,1003,105,4,90,3,NaN,NaN,NaN,NaN,NaN,NaN,NaN,NaN,NaN,NaN,TD,NW,C,C,100,1006,NaN,S,70,NaN,
2022022606,e3s.2022,9X-E3S,TD,NONdev,-11.2,90.1,30,1001,85,5,68,5,NaN,NaN,NaN,NaN,NaN,NaN,NaN,NaN,NaN,NaN,TD,NW,C,C,100,1006,NaN,S,70,NaN,
2022022612,e3s.2022,9X-E3S,TD,NONdev,-11.8,91.3,30,1001,105,7,96,9,NaN,NaN,NaN,NaN,NaN,NaN,NaN,NaN,NaN,NaN,TD,NW,C,C,90,1005,NaN,S,70,NaN,
2022022618,e3s.2022,9X-E3S,TD,NONdev,-13.5,92.0,30,1001,135,10,141,15,NaN,NaN,NaN,NaN,NaN,NaN,NaN,NaN,NaN,NaN,TD,NW,C,C,90,1005,NaN,S,40,NaN,
2022022700,e3s.2022,9X-E3S,TD,NONdev,-14.4,91.4,30,1000,165,11,178,13,NaN,NaN,NaN,NaN,NaN,NaN,NaN,NaN,NaN,NaN,TD,NW,C,C,90,1005,NaN,S,40,NaN,
2022022706,e3s.2022,9X-E3S,TD,NONdev,-14.6,90.2,25,1001,200,10,238,10,NaN,NaN,NaN,NaN,NaN,NaN,NaN,NaN,NaN,NaN,TD,NW,C,C,55,1005,NaN,S,30,NaN,
2022022712,e3s.2022,9X-E3S,TD,NONdev,-14.4,88.0,25,1003,255,13,270,16,NaN,NaN,NaN,NaN,NaN,NaN,NaN,NaN,NaN,NaN,TD,NW,C,C,55,1005,NaN,S,30,NaN,
2022031700,e4s.2022,9X-E4S,TD,NONdev,-7.7,93.4,20,1007,305,6,305,6,NaN,NaN,NaN,NaN,NaN,NaN,NaN,NaN,NaN,NaN,DB,NW,b,b,200,1009,NaN,NaN,100,NaN,
2022031706,e4s.2022,9X-E4S,TD,NONdev,-6.8,91.9,20,1007,305,6,305,6,NaN,NaN,NaN,NaN,NaN,NaN,NaN,NaN,NaN,NaN,DB,NW,b,b,NaN,NaN,NaN,NaN,NaN,NaN,
2022031712,e4s.2022,9X-E4S,TD,NONdev,-7.0,92.4,20,1007,305,6,305,6,NaN,NaN,NaN,NaN,NaN,NaN,NaN,NaN,NaN,NaN,DB,NW,b,b,NaN,NaN,NaN,NaN,NaN,NaN,
2022031718,e4s.2022,9X-E4S,TD,NONdev,-6.9,92.9,20,1007,329,3,96,5,NaN,NaN,NaN,NaN,NaN,NaN,NaN,NaN,NaN,NaN,DB,NW,c,c,200,1009,NaN,NaN,100,NaN,
2022031800,e4s.2022,9X-E4S,TD,NONdev,-6.8,93.0,20,1007,360,2,71,3,NaN,NaN,NaN,NaN,NaN,NaN,NaN,NaN,NaN,NaN,DB,NW,c,c,200,1009,NaN,NaN,100,NaN,
2022031806,e4s.2022,9X-E4S,TD,NONdev,-7.3,93.6,15,1007,120,4,120,4,NaN,NaN,NaN,NaN,NaN,NaN,NaN,NaN,NaN,NaN,DB,NW,b,b,200,1009,NaN,NaN,100,NaN,
2022031812,e4s.2022,9X-E4S,TD,NONdev,-7.3,94.2,20,1007,113,6,113,6,NaN,NaN,NaN,NaN,NaN,NaN,NaN,NaN,NaN,NaN,DB,NW,b,b,200,1009,NaN,NaN,100,NaN,
2022031818,e4s.2022,9X-E4S,TD,NONdev,-7.0,93.9,20,1005,45,2,45,2,NaN,NaN,NaN,NaN,NaN,NaN,NaN,NaN,NaN,NaN,DB,NW,c,c,150,1006,NaN,NaN,50,NaN,
2022022712,e5s.2022,9X-E5S,TD,DEV,-9.5,106.1,15,1010,108,10,108,10,NaN,NaN,NaN,NaN,NaN,NaN,NaN,NaN,NaN,NaN,DB,NW,b,b,NaN,NaN,NaN,NaN,NaN,NaN,
2022022718,e5s.2022,9X-E5S,TD,DEV,-9.8,106.9,15,1010,108,10,108,10,NaN,NaN,NaN,NaN,NaN,NaN,NaN,NaN,NaN,NaN,DB,NW,b,b,NaN,NaN,NaN,NaN,NaN,NaN,
2022022800,e5s.2022,9X-E5S,TD,DEV,-10.1,108.0,15,1010,108,10,108,10,NaN,NaN,NaN,NaN,NaN,NaN,NaN,NaN,NaN,NaN,DB,NW,b,b,NaN,NaN,NaN,NaN,NaN,NaN,
2022022806,e5s.2022,9X-E5S,TD,DEV,-10.4,109.0,15,1010,106,11,106,11,NaN,NaN,NaN,NaN,NaN,NaN,NaN,NaN,NaN,NaN,DB,NW,b,b,NaN,NaN,NaN,NaN,NaN,NaN,
2022022812,e5s.2022,9X-E5S,TD,DEV,-10.4,109.9,15,1007,99,9,99,9,NaN,NaN,NaN,NaN,NaN,NaN,NaN,NaN,NaN,NaN,DB,NW,b,b,65,1007,NaN,NaN,20,NaN,
2022022818,e5s.2022,9X-E5S,TD,DEV,-10.5,110.6,15,1004,94,8,94,8,NaN,NaN,NaN,NaN,NaN,NaN,NaN,NaN,NaN,NaN,TD,NW,c,c,100,1006,NaN,NaN,30,NaN,
2022030100,e5s.2022,9X-E5S,TD,DEV,-10.5,111.5,15,1004,94,8,94,8,NaN,NaN,NaN,NaN,NaN,NaN,NaN,NaN,NaN,NaN,TD,NW,c,c,120,1006,NaN,NaN,40,NaN,
2022030106,e5s.2022,9X-E5S,TD,DEV,-11.0,110.6,25,1004,149,3,180,2,NaN,NaN,NaN,NaN,NaN,NaN,NaN,NaN,NaN,NaN,TD,NW,c,c,120,1006,NaN,NaN,40,NaN,
2022030112,e5s.2022,9X-E5S,TD,DEV,-11.2,110.7,25,1003,159,3,228,5,NaN,NaN,NaN,NaN,NaN,NaN,NaN,NaN,NaN,NaN,TD,NW,c,c,115,1006,NaN,NaN,40,NaN,
2022030118,e5s.2022,9X-E5S,TD,DEV,-11.0,110.9,30,1000,125,2,90,1,NaN,NaN,NaN,NaN,NaN,NaN,NaN,NaN,NaN,NaN,TD,NW,C,C,115,1006,NaN,S,20,NaN,
2022030200,e5s.2022,9X-E5S,TD,DEV,-10.9,111.2,30,1001,100,2,59,3,32,,,40,25,NaN,NaN,NaN,NaN,NaN,TD,NW,C,C,80,1007,NaN,S,20,NaN,
2022032800,e6s.2022,9X-E6S,TD,NONdev,-11.9,103.0,20,1007,120,10,120,10,NaN,NaN,NaN,NaN,NaN,NaN,NaN,NaN,NaN,NaN,DB,NW,b,b,175,1008,NaN,NaN,40,NaN,
2022032806,e6s.2022,9X-E6S,TD,NONdev,-12.4,104.1,20,1007,120,10,120,10,NaN,NaN,NaN,NaN,NaN,NaN,NaN,NaN,NaN,NaN,DB,NW,b,b,175,1008,NaN,NaN,40,NaN,
2022032812,e6s.2022,9X-E6S,TD,NONdev,-12.9,104.8,20,1006,120,10,120,10,NaN,NaN,NaN,NaN,NaN,NaN,NaN,NaN,NaN,NaN,DB,NW,b,b,175,1008,NaN,NaN,40,NaN,
2022032818,e6s.2022,9X-E6S,TD,NONdev,-13.1,105.6,20,1006,116,8,116,8,NaN,NaN,NaN,NaN,NaN,NaN,NaN,NaN,NaN,NaN,DB,NW,c,c,200,1008,NaN,NaN,40,NaN,
2022032900,e6s.2022,9X-E6S,TD,NONdev,-13.5,106.0,20,1006,117,7,117,7,NaN,NaN,NaN,NaN,NaN,NaN,NaN,NaN,NaN,NaN,DB,NW,c,c,175,1008,NaN,NaN,40,NaN,
2022032906,e6s.2022,9X-E6S,TD,NONdev,-13.9,106.8,20,1007,124,7,124,7,NaN,NaN,NaN,NaN,NaN,NaN,NaN,NaN,NaN,NaN,DB,NW,b,b,175,1008,NaN,NaN,40,NaN,
2022032912,e6s.2022,9X-E6S,TD,NONdev,-14.7,107.6,20,1007,128,10,128,10,NaN,NaN,NaN,NaN,NaN,NaN,NaN,NaN,NaN,NaN,DB,NW,b,b,175,1008,NaN,NaN,40,NaN,
2022032918,e6s.2022,9X-E6S,TD,NONdev,-15.5,108.1,20,1007,142,10,142,10,NaN,NaN,NaN,NaN,NaN,NaN,NaN,NaN,NaN,NaN,DB,NW,c,c,200,1008,NaN,NaN,40,NaN,
2022033000,e6s.2022,9X-E6S,TD,NONdev,-15.6,109.3,20,1007,119,9,119,9,NaN,NaN,NaN,NaN,NaN,NaN,NaN,NaN,NaN,NaN,DB,NW,c,c,200,1009,NaN,NaN,40,NaN,
2022033006,e6s.2022,9X-E6S,TD,NONdev,-16.4,109.9,20,1007,128,10,117,10,NaN,NaN,NaN,NaN,NaN,NaN,NaN,NaN,NaN,NaN,DB,NW,c,c,200,1009,NaN,NaN,40,NaN,
2022033012,e6s.2022,9X-E6S,TD,NONdev,-16.8,110.8,20,1007,122,10,130,9,NaN,NaN,NaN,NaN,NaN,NaN,NaN,NaN,NaN,NaN,DB,NW,c,c,200,1009,NaN,NaN,40,NaN,
2022033018,e6s.2022,9X-E6S,TD,NONdev,-17.3,111.5,20,1007,120,9,120,9,NaN,NaN,NaN,NaN,NaN,NaN,NaN,NaN,NaN,NaN,DB,NW,b,b,200,1009,NaN,NaN,40,NaN,
2022033100,e6s.2022,9X-E6S,TD,NONdev,-18.3,111.9,20,1009,140,9,145,9,NaN,NaN,NaN,NaN,NaN,NaN,NaN,NaN,NaN,NaN,DB,NW,C,C,200,1011,NaN,S,40,NaN,
2022033106,e6s.2022,9X-E6S,TD,NONdev,-20.7,111.5,25,1006,170,13,180,17,NaN,NaN,NaN,NaN,NaN,NaN,NaN,NaN,NaN,NaN,TD,NW,C,C,160,1010,NaN,S,25,NaN,
2022033112,e6s.2022,9X-E6S,TD,NONdev,-22.1,112.1,25,1006,175,16,177,19,NaN,NaN,NaN,NaN,NaN,NaN,NaN,NaN,NaN,NaN,TD,NW,C,C,150,1009,NaN,S,25,NaN,
2022033118,e6s.2022,9X-E6S,TD,NONdev,-23.3,112.3,20,1006,164,14,164,14,NaN,NaN,NaN,NaN,NaN,NaN,NaN,NaN,NaN,NaN,DB,NW,b,b,170,1009,NaN,NaN,25,NaN,
2022040100,e6s.2022,9X-E6S,TD,NONdev,-25.0,112.8,20,1007,168,15,168,15,NaN,NaN,NaN,NaN,NaN,NaN,NaN,NaN,NaN,NaN,DB,NW,b,b,170,1009,0.01,NaN,25,NaN,
2022032812,e7p.2022,9X-E7P,TD,NONdev,-10.5,139.2,15,1010,90,9,90,9,NaN,NaN,NaN,NaN,NaN,NaN,NaN,NaN,NaN,NaN,DB,NW,b,b,NaN,NaN,NaN,NaN,NaN,NaN,
2022032818,e7p.2022,9X-E7P,TD,NONdev,-10.5,139.9,20,1004,90,9,90,9,NaN,NaN,NaN,NaN,NaN,NaN,NaN,NaN,NaN,NaN,DB,NW,b,b,150,1006,NaN,NaN,40,NaN,
2022032900,e7p.2022,9X-E7P,TD,NONdev,-10.5,141.1,20,1004,93,9,90,9,NaN,NaN,NaN,NaN,NaN,NaN,NaN,NaN,NaN,NaN,DB,NW,c,c,150,1009,NaN,NaN,40,NaN,
2022032906,e7p.2022,9X-E7P,TD,NONdev,-10.5,141.1,20,1007,90,6,90,6,NaN,NaN,NaN,NaN,NaN,NaN,NaN,NaN,NaN,NaN,DB,NW,b,b,150,1009,NaN,NaN,40,NaN,
2022032912,e7p.2022,9X-E7P,TD,NONdev,-10.5,141.7,15,1009,90,3,90,3,NaN,NaN,NaN,NaN,NaN,NaN,NaN,NaN,NaN,NaN,DB,NW,b,b,150,1009,NaN,NaN,40,NaN,
2022032918,e7p.2022,9X-E7P,TD,NONdev,-10.5,142.2,15,1005,90,5,90,5,NaN,NaN,NaN,NaN,NaN,NaN,NaN,NaN,NaN,NaN,DB,NW,c,c,100,1008,0.09,NaN,40,NaN,
2022040118,e8p.2022,9X-E8P,TD,NONdev,-8.6,152.8,15,1004,96,9,96,9,NaN,NaN,NaN,NaN,NaN,NaN,NaN,NaN,NaN,NaN,DB,NW,b,b,NaN,NaN,NaN,NaN,NaN,NaN,
2022040200,e8p.2022,9X-E8P,TD,NONdev,-6.7,152.7,15,1004,96,9,96,9,NaN,NaN,NaN,NaN,NaN,NaN,NaN,NaN,NaN,NaN,DB,NW,b,b,NaN,NaN,NaN,NaN,NaN,NaN,
2022040206,e8p.2022,9X-E8P,TD,NONdev,-8.8,154.6,15,1004,96,9,96,9,NaN,NaN,NaN,NaN,NaN,NaN,NaN,NaN,NaN,NaN,DB,NW,c,c,NaN,NaN,NaN,NaN,NaN,NaN,
2022040212,e8p.2022,9X-E8P,TD,NONdev,-9.1,155.2,15,1004,109,8,134,17,NaN,NaN,NaN,NaN,NaN,NaN,NaN,NaN,NaN,NaN,DB,NW,c,c,NaN,NaN,NaN,NaN,NaN,NaN,
2022040218,e8p.2022,9X-E8P,TD,NONdev,-7.7,152.6,15,1004,189,3,299,11,NaN,NaN,NaN,NaN,NaN,NaN,NaN,NaN,NaN,NaN,DB,NW,c,c,140,1007,NaN,NaN,NaN,NaN,
2022040300,e8p.2022,9X-E8P,TD,NONdev,-8.1,153.7,15,1004,135,5,304,9,NaN,NaN,NaN,NaN,NaN,NaN,NaN,NaN,NaN,NaN,DB,NW,c,c,NaN,NaN,NaN,NaN,NaN,NaN,
2022040306,e8p.2022,9X-E8P,TD,NONdev,-8.4,154.0,15,1004,135,5,117,8,NaN,NaN,NaN,NaN,NaN,NaN,NaN,NaN,NaN,NaN,DB,NW,c,c,NaN,NaN,NaN,NaN,NaN,NaN,
2022040312,e8p.2022,9X-E8P,TD,NONdev,-8.7,154.3,15,1004,135,4,135,4,NaN,NaN,NaN,NaN,NaN,NaN,NaN,NaN,NaN,NaN,DB,NW,c,c,NaN,NaN,NaN,NaN,NaN,NaN,
2022040318,e8p.2022,9X-E8P,TD,NONdev,-7.7,154.0,15,1005,14,2,360,4,NaN,NaN,NaN,NaN,NaN,NaN,NaN,NaN,NaN,NaN,DB,NW,c,c,NaN,NaN,NaN,NaN,NaN,NaN,
2022040400,e8p.2022,9X-E8P,TD,NONdev,-7.0,153.7,15,1005,338,5,341,9,NaN,NaN,NaN,NaN,NaN,NaN,NaN,NaN,NaN,NaN,DB,NW,c,c,NaN,NaN,NaN,NaN,NaN,NaN,
2022040406,e8p.2022,9X-E8P,TD,NONdev,-7.5,153.6,15,1005,297,2,297,2,NaN,NaN,NaN,NaN,NaN,NaN,NaN,NaN,NaN,NaN,DB,NW,c,c,NaN,NaN,NaN,NaN,NaN,NaN,
2022040118,e9p.2022,9X-E9P,TD,DEV,-14.0,161.0,15,1004,130,9,130,9,NaN,NaN,NaN,NaN,NaN,NaN,NaN,NaN,NaN,NaN,DB,NW,b,b,NaN,NaN,NaN,NaN,NaN,NaN,
2022040200,e9p.2022,9X-E9P,TD,DEV,-14.0,163.2,15,1006,130,9,130,9,NaN,NaN,NaN,NaN,NaN,NaN,NaN,NaN,NaN,NaN,DB,NW,b,b,NaN,NaN,NaN,NaN,NaN,NaN,
2022040206,e9p.2022,9X-E9P,TD,DEV,-15.2,162.5,15,1006,130,9,130,9,NaN,NaN,NaN,NaN,NaN,NaN,NaN,NaN,NaN,NaN,DB,NW,c,c,NaN,NaN,NaN,NaN,NaN,NaN,
2022040212,e9p.2022,9X-E9P,TD,DEV,-15.7,163.1,15,1006,131,8,183,9,NaN,NaN,NaN,NaN,NaN,NaN,NaN,NaN,NaN,NaN,DB,NW,c,c,NaN,NaN,NaN,NaN,NaN,NaN,
2022040218,e9p.2022,9X-E9P,TD,DEV,-15.8,165.2,15,1007,141,8,103,13,NaN,NaN,NaN,NaN,NaN,NaN,NaN,NaN,NaN,NaN,DB,NW,c,c,150,1008,NaN,NaN,60,NaN,
2022040300,e9p.2022,9X-E9P,TD,DEV,-17.5,164.6,20,1005,195,9,141,12,NaN,NaN,NaN,NaN,NaN,NaN,NaN,NaN,NaN,NaN,DB,NW,C,C,140,1007,NaN,S,60,NaN,
2022040306,e9p.2022,9X-E9P,TD,DEV,-17.6,163.7,20,1005,225,7,219,12,NaN,NaN,NaN,NaN,NaN,NaN,NaN,NaN,NaN,NaN,DB,NW,C,C,140,1007,NaN,S,60,NaN,
2022040312,e9p.2022,9X-E9P,TD,DEV,-16.3,163.2,20,1005,285,6,312,9,NaN,NaN,NaN,NaN,NaN,NaN,NaN,NaN,NaN,NaN,DB,NW,C,C,170,1009,NaN,S,60,NaN,
2022040318,e9p.2022,9X-E9P,TD,DEV,-15.7,164.0,25,1004,345,4,9,10,NaN,NaN,NaN,NaN,NaN,NaN,NaN,NaN,NaN,NaN,TD,NW,C,C,180,1007,NaN,S,60,NaN,
2022040400,e9p.2022,9X-E9P,TD,DEV,-16.1,163.6,30,1003,5,3,62,2,NaN,NaN,NaN,NaN,NaN,NaN,NaN,NaN,NaN,NaN,TD,NW,C,C,190,1008,NaN,S,45,NaN,
2022050306,f0s.2022,9X-F0S,TD,DEV,-5.6,88.2,15,1010,99,7,99,7,NaN,NaN,NaN,NaN,NaN,NaN,NaN,NaN,NaN,NaN,DB,NW,b,b,NaN,NaN,NaN,NaN,NaN,NaN,
2022050312,f0s.2022,9X-F0S,TD,DEV,-5.7,88.8,15,1010,99,7,99,7,NaN,NaN,NaN,NaN,NaN,NaN,NaN,NaN,NaN,NaN,DB,NW,b,b,NaN,NaN,NaN,NaN,NaN,NaN,
2022050318,f0s.2022,9X-F0S,TD,DEV,-5.8,89.5,15,1010,99,7,99,7,NaN,NaN,NaN,NaN,NaN,NaN,NaN,NaN,NaN,NaN,DB,NW,b,b,NaN,NaN,NaN,NaN,NaN,NaN,
2022050400,f0s.2022,9X-F0S,TD,DEV,-6.0,90.0,15,1010,104,6,104,6,NaN,NaN,NaN,NaN,NaN,NaN,NaN,NaN,NaN,NaN,DB,NW,b,b,NaN,NaN,NaN,NaN,NaN,NaN,
2022050406,f0s.2022,9X-F0S,TD,DEV,-5.5,90.4,15,1006,71,5,71,5,NaN,NaN,NaN,NaN,NaN,NaN,NaN,NaN,NaN,NaN,DB,NW,b,b,NaN,1008,NaN,NaN,NaN,NaN,
2022050412,f0s.2022,9X-F0S,TD,DEV,-6.1,91.2,15,1006,95,6,95,6,NaN,NaN,NaN,NaN,NaN,NaN,NaN,NaN,NaN,NaN,DB,NW,b,b,NaN,1008,NaN,NaN,NaN,NaN,
2022050418,f0s.2022,9X-F0S,TD,DEV,-6.5,90.1,15,1006,197,5,197,5,NaN,NaN,NaN,NaN,NaN,NaN,NaN,NaN,NaN,NaN,DB,NW,c,c,NaN,1008,NaN,NaN,NaN,NaN,
2022050500,f0s.2022,9X-F0S,TD,DEV,-6.1,89.0,15,1006,266,6,270,11,NaN,NaN,NaN,NaN,NaN,NaN,NaN,NaN,NaN,NaN,DB,NW,c,c,NaN,1008,NaN,NaN,NaN,NaN,
2022050506,f0s.2022,9X-F0S,TD,DEV,-4.9,86.9,20,1006,292,15,297,18,NaN,NaN,NaN,NaN,NaN,NaN,NaN,NaN,NaN,NaN,DB,NW,c,c,185,1007,NaN,NaN,60,NaN,
2022050512,f0s.2022,9X-F0S,TD,DEV,-4.8,87.7,20,1004,330,4,315,9,NaN,NaN,NaN,NaN,NaN,NaN,NaN,NaN,NaN,NaN,DB,NW,c,c,160,1005,NaN,NaN,60,NaN,
2022050518,f0s.2022,9X-F0S,TD,DEV,-5.3,88.0,20,1004,98,4,110,6,NaN,NaN,NaN,NaN,NaN,NaN,NaN,NaN,NaN,NaN,DB,NW,c,c,160,1005,NaN,NaN,60,NaN,
2022050600,f0s.2022,9X-F0S,TD,DEV,-6.1,88.0,20,1004,140,4,167,7,NaN,NaN,NaN,NaN,NaN,NaN,NaN,NaN,NaN,NaN,DB,NW,C,C,250,1007,NaN,S,140,NaN,
2022050606,f0s.2022,9X-F0S,TD,DEV,-5.9,87.7,25,1003,165,3,206,3,NaN,NaN,NaN,NaN,NaN,NaN,NaN,NaN,NaN,NaN,TD,NW,C,C,230,1006,NaN,S,140,NaN,
2022050612,f0s.2022,9X-F0S,TD,DEV,-6.5,87.9,25,1002,170,4,194,2,NaN,NaN,NaN,NaN,NaN,NaN,NaN,NaN,NaN,NaN,TD,NW,C,C,230,1005,NaN,S,50,NaN,
2022050618,f0s.2022,9X-F0S,TD,DEV,-7.7,88.7,30,1002,155,8,151,10,NaN,NaN,NaN,NaN,NaN,NaN,NaN,NaN,NaN,NaN,TD,NW,C,C,120,1004,NaN,S,40,NaN,
2022050700,f0s.2022,9X-F0S,TD,DEV,-8.2,88.9,30,1002,155,9,150,10,NaN,NaN,NaN,NaN,NaN,NaN,NaN,NaN,NaN,NaN,TD,NW,C,C,120,1004,NaN,S,40,NaN,
2022052612,f2s.2022,9X-F2S,TS,NONdev,-8.9,100.0,15,1007,151,8,151,8,NaN,NaN,NaN,NaN,NaN,NaN,NaN,NaN,NaN,NaN,DB,NW,b,b,NaN,NaN,NaN,NaN,NaN,NaN,
2022052618,f2s.2022,9X-F2S,TS,NONdev,-9.4,100.7,15,1007,151,8,151,8,NaN,NaN,NaN,NaN,NaN,NaN,NaN,NaN,NaN,NaN,DB,NW,b,b,NaN,NaN,NaN,NaN,NaN,NaN,
2022052700,f2s.2022,9X-F2S,TS,NONdev,-10.3,100.8,15,1007,151,8,151,8,NaN,NaN,NaN,NaN,NaN,NaN,NaN,NaN,NaN,NaN,DB,NW,c,c,NaN,NaN,NaN,NaN,NaN,NaN,
2022052706,f2s.2022,9X-F2S,TS,NONdev,-10.4,101.5,20,1007,142,6,142,6,NaN,NaN,NaN,NaN,NaN,NaN,NaN,NaN,NaN,NaN,DB,NW,c,c,NaN,NaN,NaN,NaN,NaN,NaN,
2022052712,f2s.2022,9X-F2S,TS,NONdev,-11.8,101.9,25,1008,158,10,144,9,NaN,NaN,NaN,NaN,NaN,NaN,NaN,NaN,NaN,NaN,DB,NW,c,c,110,1008,NaN,NaN,25,NaN,
2022052718,f2s.2022,9X-F2S,TS,NONdev,-12.4,102.9,20,1006,139,11,146,12,NaN,NaN,NaN,NaN,NaN,NaN,NaN,NaN,NaN,NaN,DB,NW,c,c,145,1008,NaN,NaN,40,NaN,
2022052800,f2s.2022,9X-F2S,TS,NONdev,-12.8,103.4,20,1006,136,10,124,9,NaN,NaN,NaN,NaN,NaN,NaN,NaN,NaN,NaN,NaN,DB,NW,c,c,140,1008,NaN,NaN,40,NaN,
2022052806,f2s.2022,9X-F2S,TS,NONdev,-13.7,104.5,20,1007,130,10,130,10,NaN,NaN,NaN,NaN,NaN,NaN,NaN,NaN,NaN,NaN,DB,NW,b,b,140,1008,NaN,NaN,40,NaN,
2022052812,f2s.2022,9X-F2S,TS,NONdev,-14.6,106.0,20,1007,125,16,125,16,NaN,NaN,NaN,NaN,NaN,NaN,NaN,NaN,NaN,NaN,DB,NW,b,b,140,1008,NaN,NaN,40,NaN,
2022052818,f2s.2022,9X-F2S,TS,NONdev,-15.7,106.7,20,1006,133,15,133,15,NaN,NaN,NaN,NaN,NaN,NaN,NaN,NaN,NaN,NaN,DB,NW,c,c,160,1007,NaN,NaN,40,NaN,
2022052900,f2s.2022,9X-F2S,TS,NONdev,-16.3,108.0,20,1007,126,15,131,13,NaN,NaN,NaN,NaN,NaN,NaN,NaN,NaN,NaN,NaN,DB,NW,c,c,160,1007,NaN,NaN,40,NaN,
2022052906,f2s.2022,9X-F2S,TS,NONdev,-15.3,108.5,20,1005,94,8,77,9,NaN,NaN,NaN,NaN,NaN,NaN,NaN,NaN,NaN,NaN,TD,NW,c,c,160,1007,NaN,NaN,40,NaN,
2022052912,f2s.2022,9X-F2S,TS,NONdev,-16.2,110.1,30,1003,87,10,87,10,NaN,NaN,NaN,NaN,NaN,NaN,NaN,NaN,NaN,NaN,TD,NW,b,b,160,1007,NaN,NaN,40,NaN,
2022052918,f2s.2022,9X-F2S,TS,NONdev,-16.9,111.3,25,1004,119,13,121,16,NaN,NaN,NaN,NaN,NaN,NaN,NaN,NaN,NaN,NaN,SS,NW,c,c,250,1007,NaN,NaN,100,NaN,
2022053000,f2s.2022,9X-F2S,TS,NONdev,-17.5,112.5,35,1004,120,13,120,13,NaN,NaN,NaN,NaN,NaN,NaN,NaN,NaN,NaN,NaN,SS,NW,c,c,250,1007,NaN,NaN,100,NaN,
2022053006,f2s.2022,9X-F2S,TS,NONdev,-17.8,113.1,35,1001,118,10,118,10,NaN,NaN,NaN,NaN,NaN,NaN,NaN,NaN,NaN,NaN,SS,NW,b,b,250,1007,NaN,NaN,100,NaN,
2022053012,f2s.2022,9X-F2S,TS,NONdev,-18.1,113.9,35,1004,114,7,114,7,NaN,NaN,NaN,NaN,NaN,NaN,NaN,NaN,NaN,NaN,SS,NW,b,b,250,1007,NaN,NaN,100,NaN,
2022053018,f2s.2022,9X-F2S,TS,NONdev,-18.3,114.8,35,1004,107,8,107,8,NaN,NaN,NaN,NaN,NaN,NaN,NaN,NaN,NaN,NaN,SS,NW,c,c,250,1007,NaN,NaN,100,NaN,
2022053100,f2s.2022,9X-F2S,TS,NONdev,-18.5,115.7,35,1005,103,9,103,9,NaN,NaN,NaN,NaN,NaN,NaN,NaN,NaN,NaN,NaN,SS,NW,c,c,250,1007,NaN,NaN,100,NaN,
2022031700,f3s.2022,9X-F3S,TD,DEV,-10.0,126.4,20,1007,278,11,278,11,NaN,NaN,NaN,NaN,NaN,NaN,NaN,NaN,NaN,NaN,DB,NW,b,b,NaN,NaN,NaN,NaN,NaN,NaN,
2022031706,f3s.2022,9X-F3S,TD,DEV,-9.7,125.5,15,1010,278,11,278,11,NaN,NaN,NaN,NaN,NaN,NaN,NaN,NaN,NaN,NaN,DB,NW,b,b,NaN,NaN,0.26,NaN,NaN,NaN,
2022031712,f3s.2022,9X-F3S,TD,DEV,-9.7,124.1,20,1012,278,11,278,11,NaN,NaN,NaN,NaN,NaN,NaN,NaN,NaN,NaN,NaN,DB,NW,b,b,85,1012,0.56,NaN,15,NaN,
2022031718,f3s.2022,9X-F3S,TD,DEV,-10.0,123.3,20,1007,262,11,262,11,NaN,NaN,NaN,NaN,NaN,NaN,NaN,NaN,NaN,NaN,DB,NW,c,c,85,1012,0.32,NaN,80,NaN,
2022031800,f3s.2022,9X-F3S,TD,DEV,-10.0,122.0,20,1007,262,10,262,10,NaN,NaN,NaN,NaN,NaN,NaN,NaN,NaN,NaN,NaN,DB,NW,c,c,85,1012,NaN,NaN,80,NaN,
2022031806,f3s.2022,9X-F3S,TD,DEV,-10.4,121.1,20,1005,260,11,260,11,NaN,NaN,NaN,NaN,NaN,NaN,NaN,NaN,NaN,NaN,DB,NW,b,b,85,1012,0.06,NaN,80,NaN,
2022031812,f3s.2022,9X-F3S,TD,DEV,-10.9,120.1,20,1005,244,10,244,10,NaN,NaN,NaN,NaN,NaN,NaN,NaN,NaN,NaN,NaN,DB,NW,b,b,85,1012,NaN,NaN,80,NaN,
2022031818,f3s.2022,9X-F3S,TD,DEV,-10.8,120.4,20,1002,243,8,240,4,NaN,NaN,NaN,NaN,NaN,NaN,NaN,NaN,NaN,NaN,TD,NW,c,c,150,1004,NaN,NaN,65,NaN,
2022031900,f3s.2022,9X-F3S,TD,DEV,-12.0,117.9,25,1003,245,12,243,12,NaN,NaN,NaN,NaN,NaN,NaN,NaN,NaN,NaN,NaN,TD,NW,C,C,175,1007,NaN,S,50,NaN,
2022031906,f3s.2022,9X-F3S,TD,DEV,-11.6,118.1,25,1001,250,7,250,12,NaN,NaN,NaN,NaN,NaN,NaN,NaN,NaN,NaN,NaN,TD,NW,C,C,175,1005,NaN,S,50,NaN,
2022031912,f3s.2022,9X-F3S,TD,DEV,-11.6,116.8,25,1003,260,7,290,6,NaN,NaN,NaN,NaN,NaN,NaN,NaN,NaN,NaN,NaN,TD,NW,C,C,175,1005,NaN,S,50,NaN,
2022031918,f3s.2022,9X-F3S,TD,DEV,-12.3,115.8,25,1003,245,9,253,12,NaN,NaN,NaN,NaN,NaN,NaN,NaN,NaN,NaN,NaN,TD,NW,C,C,175,1007,NaN,S,50,NaN,
2022032000,f3s.2022,9X-F3S,TD,DEV,-12.5,115.0,30,1000,245,8,243,10,NaN,NaN,NaN,NaN,NaN,NaN,NaN,NaN,NaN,NaN,TD,NW,C,C,165,1007,NaN,S,25,NaN,
2022032006,f3s.2022,9X-F3S,TD,DEV,-12.8,114.1,30,1002,245,8,253,9,60,,60,,,NaN,NaN,NaN,NaN,NaN,TD,NW,C,C,165,1006,NaN,S,25,NaN,
2022031718,f4s.2022,9X-F4S,TD,DEV,-6.9,92.9,20,NaN,329,3,96,2,NaN,NaN,NaN,NaN,NaN,NaN,NaN,NaN,NaN,NaN,NT,NW,c,c,NaN,NaN,NaN,NaN,NaN,NaN,
2022031800,f4s.2022,9X-F4S,TD,DEV,-6.8,93.0,20,NaN,360,2,96,2,NaN,NaN,NaN,NaN,NaN,NaN,NaN,NaN,NaN,NaN,NT,NW,c,c,NaN,NaN,NaN,NaN,NaN,NaN,
2022031806,f4s.2022,9X-F4S,TD,DEV,-6.9,93.3,20,NaN,360,2,96,2,NaN,NaN,NaN,NaN,NaN,NaN,NaN,NaN,NaN,NaN,NT,NW,c,c,NaN,NaN,NaN,NaN,NaN,NaN,
2022031812,f4s.2022,9X-F4S,TD,DEV,-6.9,93.6,20,NaN,360,2,96,2,NaN,NaN,NaN,NaN,NaN,NaN,NaN,NaN,NaN,NaN,NT,NW,c,c,NaN,NaN,NaN,NaN,NaN,NaN,
2022031818,f4s.2022,9X-F4S,TD,DEV,-7.0,93.9,20,NaN,45,2,96,2,NaN,NaN,NaN,NaN,NaN,NaN,NaN,NaN,NaN,NaN,NT,NW,c,c,NaN,NaN,NaN,NaN,NaN,NaN,
2022031900,f4s.2022,9X-F4S,TD,DEV,-7.1,92.9,20,NaN,279,7,198,1,NaN,NaN,NaN,NaN,NaN,NaN,NaN,NaN,NaN,NaN,NT,NW,c,c,NaN,NaN,NaN,NaN,NaN,NaN,
2022031906,f4s.2022,9X-F4S,TD,DEV,-6.9,93.0,20,NaN,276,4,276,4,NaN,NaN,NaN,NaN,NaN,NaN,NaN,NaN,NaN,NaN,NT,NW,c,c,NaN,NaN,NaN,NaN,NaN,NaN,
2022031912,f4s.2022,9X-F4S,TD,DEV,-8.4,93.2,20,NaN,270,3,167,7,NaN,NaN,NaN,NaN,NaN,NaN,NaN,NaN,NaN,NaN,NT,NW,c,c,NaN,NaN,NaN,NaN,NaN,NaN,
2022031918,f4s.2022,9X-F4S,TD,DEV,-9.3,91.1,20,NaN,252,10,218,15,NaN,NaN,NaN,NaN,NaN,NaN,NaN,NaN,NaN,NaN,NT,NW,c,c,NaN,NaN,NaN,NaN,NaN,NaN,
2022032000,f4s.2022,9X-F4S,TD,DEV,-9.8,89.9,20,1004,250,12,247,18,NaN,NaN,NaN,NaN,NaN,NaN,NaN,NaN,NaN,NaN,DB,NW,c,c,170,1006,NaN,NaN,50,NaN,
2022032006,f4s.2022,9X-F4S,TD,DEV,-9.0,89.4,20,1004,280,9,280,9,NaN,NaN,NaN,NaN,NaN,NaN,NaN,NaN,NaN,NaN,DB,NW,b,b,170,1006,NaN,NaN,50,NaN,
2022032012,f4s.2022,9X-F4S,TD,DEV,-9.0,89.0,20,1004,270,6,312,6,NaN,NaN,NaN,NaN,NaN,NaN,NaN,NaN,NaN,NaN,DB,NW,c,c,170,1006,NaN,NaN,50,NaN,
2022032018,f4s.2022,9X-F4S,TD,DEV,-9.6,87.4,20,1004,253,10,253,10,NaN,NaN,NaN,NaN,NaN,NaN,NaN,NaN,NaN,NaN,DB,NW,c,c,200,1008,NaN,NaN,50,NaN,
2022032100,f4s.2022,9X-F4S,TD,DEV,-9.7,86.8,25,1004,250,9,252,11,NaN,NaN,NaN,NaN,NaN,NaN,NaN,NaN,NaN,NaN,TD,NW,c,c,215,1007,NaN,NaN,50,NaN,
2022032106,f4s.2022,9X-F4S,TD,DEV,-10.3,85.8,25,1004,245,10,246,9,NaN,NaN,NaN,NaN,NaN,NaN,NaN,NaN,NaN,NaN,TD,NW,C,C,215,1008,NaN,S,45,NaN,
2022032112,f4s.2022,9X-F4S,TD,DEV,-10.4,84.6,25,1004,255,10,252,11,NaN,NaN,NaN,NaN,NaN,NaN,NaN,NaN,NaN,NaN,TD,NW,C,C,215,1008,NaN,S,45,NaN,
2022032118,f4s.2022,9X-F4S,TD,DEV,-10.8,83.0,25,1006,260,13,260,14,NaN,NaN,NaN,NaN,NaN,NaN,NaN,NaN,NaN,NaN,TD,NW,C,C,215,1008,NaN,S,45,NaN,
2022032200,f4s.2022,9X-F4S,TD,DEV,-11.2,81.7,25,1007,255,14,254,15,NaN,NaN,NaN,NaN,NaN,NaN,NaN,NaN,NaN,NaN,TD,NW,C,C,215,1008,NaN,S,45,NaN,
2022032206,f4s.2022,9X-F4S,TD,DEV,-11.6,80.4,25,1004,255,14,253,13,NaN,NaN,NaN,NaN,NaN,NaN,NaN,NaN,NaN,NaN,TD,NW,C,C,190,1007,NaN,S,25,NaN,
2022032212,f4s.2022,9X-F4S,TD,DEV,-12.0,79.1,25,1004,250,13,253,13,NaN,NaN,NaN,NaN,NaN,NaN,NaN,NaN,NaN,NaN,TD,NW,C,C,190,1007,NaN,S,25,NaN,
2022032218,f4s.2022,9X-F4S,TD,DEV,-13.1,78.0,25,1006,240,14,237,14,NaN,NaN,NaN,NaN,NaN,NaN,NaN,NaN,NaN,NaN,TD,NW,C,C,225,1010,NaN,S,25,NaN,
2022032300,f4s.2022,9X-F4S,TD,DEV,-12.8,77.2,30,1003,250,11,247,10,NaN,NaN,NaN,NaN,NaN,NaN,NaN,NaN,NaN,NaN,TD,NW,C,C,235,1007,NaN,S,25,NaN,
2022032306,f4s.2022,9X-F4S,TD,DEV,-13.8,76.3,30,1002,245,11,247,9,NaN,NaN,NaN,NaN,NaN,NaN,NaN,NaN,NaN,NaN,TD,NW,C,C,240,1007,NaN,S,25,NaN,
2022042006,f7s.2022,9X-F7S,TD,DEV,-11.6,51.1,20,1007,247,15,247,15,NaN,NaN,NaN,NaN,NaN,NaN,NaN,NaN,NaN,NaN,DB,NW,b,b,NaN,NaN,NaN,NaN,NaN,NaN,
2022042012,f7s.2022,9X-F7S,TD,DEV,-12.0,49.9,20,1007,247,15,247,15,NaN,NaN,NaN,NaN,NaN,NaN,NaN,NaN,NaN,NaN,DB,NW,b,b,NaN,NaN,NaN,NaN,NaN,NaN,
2022042018,f7s.2022,9X-F7S,TD,DEV,-12.8,48.2,20,1006,255,8,247,15,NaN,NaN,NaN,NaN,NaN,NaN,NaN,NaN,NaN,NaN,DB,NW,c,c,NaN,NaN,0.03,NaN,NaN,NaN,
2022042100,f7s.2022,9X-F7S,TD,DEV,-12.5,47.7,20,1005,257,9,257,11,NaN,NaN,NaN,NaN,NaN,NaN,NaN,NaN,NaN,NaN,DB,NW,c,c,NaN,NaN,NaN,NaN,NaN,NaN,
2022042106,f7s.2022,9X-F7S,TD,DEV,-12.1,46.9,20,1007,273,10,299,7,NaN,NaN,NaN,NaN,NaN,NaN,NaN,NaN,NaN,NaN,DB,NW,c,c,NaN,NaN,NaN,NaN,NaN,NaN,
2022042112,f7s.2022,9X-F7S,TD,DEV,-11.8,45.8,20,1007,286,11,291,10,NaN,NaN,NaN,NaN,NaN,NaN,NaN,NaN,NaN,NaN,DB,NW,c,c,NaN,NaN,NaN,NaN,NaN,NaN,
2022042118,f7s.2022,9X-F7S,TD,DEV,-12.2,44.9,20,1007,270,10,267,10,NaN,NaN,NaN,NaN,NaN,NaN,NaN,NaN,NaN,NaN,DB,NW,c,c,NaN,NaN,NaN,NaN,NaN,NaN,
2022042200,f7s.2022,9X-F7S,TD,DEV,-13.3,44.1,25,1004,235,11,228,11,NaN,NaN,NaN,NaN,NaN,NaN,NaN,NaN,NaN,NaN,TD,NW,c,c,NaN,NaN,NaN,NaN,NaN,NaN,
2022042206,f7s.2022,9X-F7S,TD,DEV,-13.5,42.7,25,1006,245,12,239,13,NaN,NaN,NaN,NaN,NaN,NaN,NaN,NaN,NaN,NaN,TD,NW,C,C,200,1011,NaN,S,40,NaN,
2022042212,f7s.2022,9X-F7S,TD,DEV,-13.8,42.6,25,1004,245,9,251,8,NaN,NaN,NaN,NaN,NaN,NaN,NaN,NaN,NaN,NaN,TD,NW,C,C,180,1007,NaN,S,45,NaN,
2022042218,f7s.2022,9X-F7S,TD,DEV,-14.1,42.3,30,1003,245,6,213,4,NaN,NaN,NaN,NaN,NaN,NaN,NaN,NaN,NaN,NaN,TD,NW,C,C,190,1007,NaN,S,40,NaN,
2022042300,f7s.2022,9X-F7S,TD,DEV,-14.4,42.1,30,1003,230,5,219,4,NaN,NaN,NaN,NaN,NaN,NaN,NaN,NaN,NaN,NaN,TD,NW,C,C,190,1008,NaN,S,90,NaN,
2022042306,f7s.2022,9X-F7S,TD,DEV,-15.3,40.1,30,1004,240,10,241,12,NaN,NaN,NaN,NaN,NaN,NaN,NaN,NaN,NaN,NaN,TD,NW,C,C,190,1008,0.89,S,90,NaN,
2022042312,f7s.2022,9X-F7S,TD,DEV,-16.0,40.0,25,1006,230,10,232,13,NaN,NaN,NaN,NaN,NaN,NaN,NaN,NaN,NaN,NaN,TD,NW,C,C,120,1008,0.58,S,90,NaN,
2022042318,f7s.2022,9X-F7S,TD,DEV,-16.8,40.0,25,1003,215,9,184,8,NaN,NaN,NaN,NaN,NaN,NaN,NaN,NaN,NaN,NaN,TD,NW,C,C,110,1010,0.02,S,45,NaN,
2022042012,f8s.2022,9X-F8S,TS,NONdev,-10.4,104.6,15,1008,257,7,257,7,NaN,NaN,NaN,NaN,NaN,NaN,NaN,NaN,NaN,NaN,DB,NW,b,b,NaN,NaN,NaN,NaN,NaN,NaN,
2022042018,f8s.2022,9X-F8S,TS,NONdev,-10.5,103.9,15,1008,257,7,257,7,NaN,NaN,NaN,NaN,NaN,NaN,NaN,NaN,NaN,NaN,DB,NW,b,b,NaN,NaN,NaN,NaN,NaN,NaN,
2022042100,f8s.2022,9X-F8S,TS,NONdev,-10.7,103.3,15,1007,257,7,257,7,NaN,NaN,NaN,NaN,NaN,NaN,NaN,NaN,NaN,NaN,DB,NW,c,c,NaN,NaN,NaN,NaN,NaN,NaN,
2022042106,f8s.2022,9X-F8S,TS,NONdev,-10.8,102.7,15,1007,256,6,256,6,NaN,NaN,NaN,NaN,NaN,NaN,NaN,NaN,NaN,NaN,DB,NW,c,c,NaN,NaN,NaN,NaN,NaN,NaN,
2022042112,f8s.2022,9X-F8S,TS,NONdev,-10.6,101.9,15,1007,274,7,274,7,NaN,NaN,NaN,NaN,NaN,NaN,NaN,NaN,NaN,NaN,DB,NW,c,c,NaN,NaN,NaN,NaN,NaN,NaN,
2022042118,f8s.2022,9X-F8S,TS,NONdev,-10.2,103.3,15,1007,274,7,45,4,NaN,NaN,NaN,NaN,NaN,NaN,NaN,NaN,NaN,NaN,DB,NW,c,c,NaN,NaN,NaN,NaN,NaN,NaN,
2022042200,f8s.2022,9X-F8S,TS,NONdev,-10.2,102.7,15,1008,270,7,63,4,NaN,NaN,NaN,NaN,NaN,NaN,NaN,NaN,NaN,NaN,DB,NW,c,c,NaN,NaN,NaN,NaN,NaN,NaN,
2022042206,f8s.2022,9X-F8S,TS,NONdev,-11.1,100.8,15,1010,250,13,250,13,NaN,NaN,NaN,NaN,NaN,NaN,NaN,NaN,NaN,NaN,DB,NW,c,c,NaN,NaN,NaN,NaN,NaN,NaN,
2022042212,f8s.2022,9X-F8S,TS,NONdev,-11.9,100.7,15,1007,229,13,229,13,NaN,NaN,NaN,NaN,NaN,NaN,NaN,NaN,NaN,NaN,DB,NW,c,c,NaN,NaN,NaN,NaN,NaN,NaN,
2022042218,f8s.2022,9X-F8S,TS,NONdev,-12.5,100.8,15,1007,180,7,180,7,NaN,NaN,NaN,NaN,NaN,NaN,NaN,NaN,NaN,NaN,DB,NW,c,c,NaN,NaN,NaN,NaN,NaN,NaN,
2022042300,f8s.2022,9X-F8S,TS,NONdev,-13.2,102.8,20,1009,159,8,122,12,NaN,NaN,NaN,NaN,NaN,NaN,NaN,NaN,NaN,NaN,DB,NW,c,c,120,1009,NaN,NaN,20,NaN,
2022042306,f8s.2022,9X-F8S,TS,NONdev,-13.1,100.6,20,1008,230,7,198,3,NaN,NaN,NaN,NaN,NaN,NaN,NaN,NaN,NaN,NaN,DB,NW,C,C,120,1009,NaN,S,20,NaN,
2022042312,f8s.2022,9X-F8S,TS,NONdev,-12.2,100.3,20,1005,292,13,292,13,NaN,NaN,NaN,NaN,NaN,NaN,NaN,NaN,NaN,NaN,DB,NW,b,b,120,1009,NaN,NaN,20,NaN,
2022042318,f8s.2022,9X-F8S,TS,NONdev,-11.6,100.3,25,1004,349,8,349,8,NaN,NaN,NaN,NaN,NaN,NaN,NaN,NaN,NaN,NaN,DB,NW,c,c,140,1007,NaN,NaN,60,NaN,
2022042400,f8s.2022,9X-F8S,TS,NONdev,-11.0,100.8,20,1004,40,8,22,6,NaN,NaN,NaN,NaN,NaN,NaN,NaN,NaN,NaN,NaN,DB,NW,c,c,145,1007,NaN,NaN,50,NaN,
2022042406,f8s.2022,9X-F8S,TS,NONdev,-11.8,99.4,20,1007,280,3,257,5,NaN,NaN,NaN,NaN,NaN,NaN,NaN,NaN,NaN,NaN,DB,NW,c,c,145,1007,NaN,NaN,50,NaN,
2022042412,f8s.2022,9X-F8S,TS,NONdev,-12.9,98.9,20,1004,221,6,224,13,NaN,NaN,NaN,NaN,NaN,NaN,NaN,NaN,NaN,NaN,TD,NW,c,c,145,1007,NaN,NaN,50,NaN,
2022042418,f8s.2022,9X-F8S,TS,NONdev,-13.6,99.9,30,1002,175,5,165,9,NaN,NaN,NaN,NaN,NaN,NaN,NaN,NaN,NaN,NaN,TD,NW,C,C,155,1007,NaN,S,40,NaN,
2022042500,f8s.2022,9X-F8S,TS,NONdev,-14.2,100.4,30,1002,150,7,132,10,100,,100,,,NaN,NaN,NaN,NaN,NaN,TD,NW,C,C,250,1007,NaN,S,40,NaN,
2022042506,f8s.2022,9X-F8S,TS,NONdev,-14.2,101.0,30,1002,140,6,119,6,75,50,100,,,NaN,NaN,NaN,NaN,NaN,TD,NW,C,C,250,1007,NaN,S,40,NaN,
2022042512,f8s.2022,9X-F8S,TS,NONdev,-14.0,101.4,30,1000,110,4,78,5,65,50,80,,,NaN,NaN,NaN,NaN,NaN,TD,NW,C,C,180,1006,NaN,S,50,NaN,
2022042518,f8s.2022,9X-F8S,TS,NONdev,-13.9,102.5,40,997,78,7,78,7,50,50,90,30,30,NaN,NaN,NaN,NaN,NaN,TS,NW,b,b,180,1006,NaN,NaN,50,NaN,
2022042600,f8s.2022,9X-F8S,TS,NONdev,-13.2,100.9,30,998,355,3,329,5,56,45,85,65,30,NaN,NaN,NaN,NaN,NaN,TD,NW,C,C,130,1004,NaN,S,90,NaN,
2022042606,f8s.2022,9X-F8S,TS,NONdev,-12.3,101.9,30,999,15,6,340,9,54,50,70,55,40,NaN,NaN,NaN,NaN,NaN,TD,NW,C,C,130,1004,NaN,S,90,NaN,
2022042612,f8s.2022,9X-F8S,TS,NONdev,-11.9,103.1,30,1001,55,9,59,13,42,45,40,,,NaN,NaN,NaN,NaN,NaN,TD,NW,C,C,100,1005,NaN,S,90,NaN,
2022042618,f8s.2022,9X-F8S,TS,NONdev,-12.6,104.4,30,1001,80,12,97,12,40,,40,,,NaN,NaN,NaN,NaN,NaN,TD,NW,C,C,120,1006,NaN,S,50,NaN,
2022042700,f8s.2022,9X-F8S,TS,NONdev,-12.8,104.3,30,1004,355,5,128,7,NaN,NaN,NaN,NaN,NaN,NaN,NaN,NaN,NaN,NaN,TD,NW,C,C,140,1006,NaN,M,50,NaN,
2022042706,f8s.2022,9X-F8S,TS,NONdev,-12.4,104.5,30,1004,335,7,26,1,NaN,NaN,NaN,NaN,NaN,NaN,NaN,NaN,NaN,NaN,TD,NW,C,C,140,1006,NaN,M,50,NaN,
2022042712,f8s.2022,9X-F8S,TS,NONdev,-11.8,105.5,25,1004,20,8,50,8,NaN,NaN,NaN,NaN,NaN,NaN,NaN,NaN,NaN,NaN,TD,NW,C,C,140,1006,NaN,M,50,NaN,
2022042718,f8s.2022,9X-F8S,TS,NONdev,-13.4,107.3,25,1005,100,10,110,15,NaN,NaN,NaN,NaN,NaN,NaN,NaN,NaN,NaN,NaN,TD,NW,C,C,240,1007,NaN,M,50,NaN,
2022042800,f8s.2022,9X-F8S,TS,NONdev,-13.5,108.0,25,1006,110,12,125,15,NaN,NaN,NaN,NaN,NaN,NaN,NaN,NaN,NaN,NaN,TD,NW,C,C,270,1008,NaN,M,50,NaN,
2022042806,f8s.2022,9X-F8S,TS,NONdev,-14.3,109.5,30,1002,115,11,113,12,NaN,NaN,NaN,NaN,NaN,NaN,NaN,NaN,NaN,NaN,TD,NW,C,C,155,1006,NaN,M,150,NaN,
2022042812,f8s.2022,9X-F8S,TS,NONdev,-15.1,111.0,30,1005,115,13,119,17,NaN,NaN,NaN,NaN,NaN,NaN,NaN,NaN,NaN,NaN,TD,NW,C,C,240,1008,NaN,M,150,NaN,
2022042818,f8s.2022,9X-F8S,TS,NONdev,-14.8,112.1,30,1002,110,14,101,13,NaN,NaN,NaN,NaN,NaN,NaN,NaN,NaN,NaN,NaN,TD,NW,C,C,210,1007,NaN,M,150,NaN,
2022042900,f8s.2022,9X-F8S,TS,NONdev,-14.0,111.9,30,1005,85,8,38,7,NaN,NaN,NaN,NaN,NaN,NaN,NaN,NaN,NaN,NaN,TD,NW,C,C,245,1009,NaN,M,150,NaN,
2022042906,f8s.2022,9X-F8S,TS,NONdev,-13.6,111.9,25,1005,351,6,351,6,NaN,NaN,NaN,NaN,NaN,NaN,NaN,NaN,NaN,NaN,TD,NW,c,c,145,1007,NaN,NaN,225,NaN,
2022042912,f8s.2022,9X-F8S,TS,NONdev,-14.0,112.1,20,1006,90,1,90,1,NaN,NaN,NaN,NaN,NaN,NaN,NaN,NaN,NaN,NaN,DB,NW,c,c,165,1008,NaN,NaN,225,NaN,
2022042918,f8s.2022,9X-F8S,TS,NONdev,-13.7,111.6,20,1006,251,2,251,2,NaN,NaN,NaN,NaN,NaN,NaN,NaN,NaN,NaN,NaN,DB,NW,c,c,165,1008,NaN,NaN,45,NaN,
2022043000,f8s.2022,9X-F8S,TS,NONdev,-13.9,110.7,20,1006,274,7,274,7,NaN,NaN,NaN,NaN,NaN,NaN,NaN,NaN,NaN,NaN,DB,NW,c,c,165,1008,NaN,NaN,45,NaN,
2022042112,f9s.2022,9X-F9S,TD,NONdev,-6.2,128.0,20,1008,264,5,264,5,NaN,NaN,NaN,NaN,NaN,NaN,NaN,NaN,NaN,NaN,DB,NW,b,b,NaN,NaN,NaN,NaN,NaN,NaN,
2022042118,f9s.2022,9X-F9S,TD,NONdev,-6.3,127.7,20,1008,264,5,264,5,NaN,NaN,NaN,NaN,NaN,NaN,NaN,NaN,NaN,NaN,DB,NW,b,b,NaN,NaN,NaN,NaN,NaN,NaN,
2022042200,f9s.2022,9X-F9S,TD,NONdev,-6.3,127.1,20,1008,243,7,264,5,NaN,NaN,NaN,NaN,NaN,NaN,NaN,NaN,NaN,NaN,DB,NW,c,c,NaN,NaN,NaN,NaN,NaN,NaN,
2022042206,f9s.2022,9X-F9S,TD,NONdev,-6.7,127.4,20,1007,217,2,217,2,NaN,NaN,NaN,NaN,NaN,NaN,NaN,NaN,NaN,NaN,DB,NW,c,c,NaN,NaN,NaN,NaN,NaN,NaN,
2022042212,f9s.2022,9X-F9S,TD,NONdev,-7.2,128.0,20,1007,140,5,135,6,NaN,NaN,NaN,NaN,NaN,NaN,NaN,NaN,NaN,NaN,DB,NW,c,c,NaN,NaN,NaN,NaN,NaN,NaN,
2022042218,f9s.2022,9X-F9S,TD,NONdev,-6.9,128.3,15,1008,103,5,103,5,NaN,NaN,NaN,NaN,NaN,NaN,NaN,NaN,NaN,NaN,DB,NW,c,c,NaN,NaN,0.02,NaN,NaN,NaN,
2022041506,g3s.2022,9X-G3S,TD,NONdev,-4.5,59.5,15,1010,253,8,253,8,NaN,NaN,NaN,NaN,NaN,NaN,NaN,NaN,NaN,NaN,DB,NW,b,b,NaN,NaN,NaN,NaN,NaN,NaN,
2022041512,g3s.2022,9X-G3S,TD,NONdev,-3.7,59.1,15,1010,253,8,253,8,NaN,NaN,NaN,NaN,NaN,NaN,NaN,NaN,NaN,NaN,DB,NW,b,b,NaN,NaN,NaN,NaN,NaN,NaN,
2022041518,g3s.2022,9X-G3S,TD,NONdev,-5.0,57.9,15,1005,253,8,253,8,NaN,NaN,NaN,NaN,NaN,NaN,NaN,NaN,NaN,NaN,DB,NW,c,c,NaN,NaN,NaN,NaN,NaN,NaN,
2022041600,g3s.2022,9X-G3S,TD,NONdev,-5.6,56.9,15,1005,243,10,229,15,NaN,NaN,NaN,NaN,NaN,NaN,NaN,NaN,NaN,NaN,DB,NW,c,c,NaN,NaN,NaN,NaN,NaN,NaN,
2022041606,g3s.2022,9X-G3S,TD,NONdev,-4.8,56.5,15,1005,246,10,278,7,NaN,NaN,NaN,NaN,NaN,NaN,NaN,NaN,NaN,NaN,DB,NW,c,c,NaN,NaN,NaN,NaN,NaN,NaN,
2022041612,g3s.2022,9X-G3S,TD,NONdev,-5.3,56.9,15,1005,234,9,360,1,NaN,NaN,NaN,NaN,NaN,NaN,NaN,NaN,NaN,NaN,DB,NW,c,c,250,1006,NaN,NaN,60,NaN,
2022041618,g3s.2022,9X-G3S,TD,NONdev,-5.7,56.3,15,1004,192,5,192,5,NaN,NaN,NaN,NaN,NaN,NaN,NaN,NaN,NaN,NaN,DB,NW,b,b,250,1006,NaN,NaN,60,NaN,
2022041700,g3s.2022,9X-G3S,TD,NONdev,-6.3,55.6,15,1004,232,8,232,8,NaN,NaN,NaN,NaN,NaN,NaN,NaN,NaN,NaN,NaN,DB,NW,c,c,250,1006,NaN,NaN,60,NaN,
2022041706,g3s.2022,9X-G3S,TD,NONdev,-7.6,55.1,20,1004,212,11,212,11,NaN,NaN,NaN,NaN,NaN,NaN,NaN,NaN,NaN,NaN,DB,NW,c,c,NaN,NaN,NaN,NaN,60,NaN,
2022041712,g3s.2022,9X-G3S,TD,NONdev,-8.1,54.5,20,1005,217,11,211,11,NaN,NaN,NaN,NaN,NaN,NaN,NaN,NaN,NaN,NaN,DB,NW,c,c,200,1006,NaN,NaN,60,NaN,
2022041718,g3s.2022,9X-G3S,TD,NONdev,-5.3,54.8,20,1006,247,8,353,12,NaN,NaN,NaN,NaN,NaN,NaN,NaN,NaN,NaN,NaN,DB,NW,c,c,200,1006,NaN,NaN,60,NaN,
2022041800,g3s.2022,9X-G3S,TD,NONdev,-5.6,54.3,20,1006,241,6,355,13,NaN,NaN,NaN,NaN,NaN,NaN,NaN,NaN,NaN,NaN,DB,NW,c,c,200,1006,NaN,NaN,60,NaN,
2022041600,g4p.2022,9X-G4P,TD,NONdev,-11.0,136.6,15,1010,90,2,90,2,NaN,NaN,NaN,NaN,NaN,NaN,NaN,NaN,NaN,NaN,DB,NW,b,b,NaN,NaN,0.02,NaN,NaN,NaN,
2022041606,g4p.2022,9X-G4P,TD,NONdev,-11.0,136.8,15,1010,90,2,90,2,NaN,NaN,NaN,NaN,NaN,NaN,NaN,NaN,NaN,NaN,DB,NW,b,b,NaN,NaN,0.02,NaN,NaN,NaN,
2022041612,g4p.2022,9X-G4P,TD,NONdev,-11.0,137.0,15,1007,90,2,90,2,NaN,NaN,NaN,NaN,NaN,NaN,NaN,NaN,NaN,NaN,DB,NW,c,c,NaN,NaN,0.02,NaN,NaN,NaN,
2022041618,g4p.2022,9X-G4P,TD,NONdev,-10.9,136.5,15,1006,289,2,289,2,NaN,NaN,NaN,NaN,NaN,NaN,NaN,NaN,NaN,NaN,DB,NW,b,b,NaN,NaN,0.02,NaN,NaN,NaN,
2022041700,g4p.2022,9X-G4P,TD,NONdev,-11.3,137.0,15,1006,180,2,180,2,NaN,NaN,NaN,NaN,NaN,NaN,NaN,NaN,NaN,NaN,DB,NW,c,c,NaN,NaN,0.03,NaN,NaN,NaN,
2022041706,g4p.2022,9X-G4P,TD,NONdev,-11.0,135.9,20,1005,260,3,260,3,NaN,NaN,NaN,NaN,NaN,NaN,NaN,NaN,NaN,NaN,DB,NW,c,c,95,1006,NaN,NaN,40,NaN,
2022041712,g4p.2022,9X-G4P,TD,NONdev,-10.8,136.2,20,1005,334,1,302,5,NaN,NaN,NaN,NaN,NaN,NaN,NaN,NaN,NaN,NaN,DB,NW,c,c,110,1009,NaN,NaN,40,NaN,
2022041718,g4p.2022,9X-G4P,TD,NONdev,-10.6,136.1,25,1005,335,1,26,2,NaN,NaN,NaN,NaN,NaN,NaN,NaN,NaN,NaN,NaN,TD,NW,C,C,110,1009,NaN,S,40,NaN,
2022041800,g4p.2022,9X-G4P,TD,NONdev,-10.4,136.1,25,1005,0,2,346,2,NaN,NaN,NaN,NaN,NaN,NaN,NaN,NaN,NaN,NaN,TD,NW,C,C,110,1009,NaN,S,40,NaN,
2022041806,g4p.2022,9X-G4P,TD,NONdev,-10.1,136.0,20,1006,0,3,349,3,NaN,NaN,NaN,NaN,NaN,NaN,NaN,NaN,NaN,NaN,DB,NW,C,C,100,1007,NaN,S,40,NaN,
2022041812,g4p.2022,9X-G4P,TD,NONdev,-11.0,138.0,15,1007,104,8,108,10,NaN,NaN,NaN,NaN,NaN,NaN,NaN,NaN,NaN,NaN,DB,NW,c,c,80,1009,NaN,NaN,40,NaN,
2022041818,g4p.2022,9X-G4P,TD,NONdev,-10.9,139.5,15,1007,90,9,103,18,NaN,NaN,NaN,NaN,NaN,NaN,NaN,NaN,NaN,NaN,DB,NW,c,c,130,1008,NaN,NaN,50,NaN,
2022041900,g4p.2022,9X-G4P,TD,NONdev,-11.1,138.9,15,1007,127,2,96,4,NaN,NaN,NaN,NaN,NaN,NaN,NaN,NaN,NaN,NaN,DB,NW,c,c,130,1008,NaN,NaN,50,NaN,
2022041906,g4p.2022,9X-G4P,TD,NONdev,-11.5,139.1,15,1010,213,4,213,4,NaN,NaN,NaN,NaN,NaN,NaN,NaN,NaN,NaN,NaN,DB,NW,b,b,130,1008,NaN,NaN,50,NaN,
2022060412,h3s.2022,9X-H3S,TD,NONdev,-2.3,64.2,15,1007,164,14,164,14,NaN,NaN,NaN,NaN,NaN,NaN,NaN,NaN,NaN,NaN,DB,NW,b,b,NaN,NaN,NaN,NaN,NaN,NaN,
2022060418,h3s.2022,9X-H3S,TD,NONdev,-2.6,64.5,15,1007,164,14,164,14,NaN,NaN,NaN,NaN,NaN,NaN,NaN,NaN,NaN,NaN,DB,NW,b,b,NaN,NaN,NaN,NaN,NaN,NaN,
2022060500,h3s.2022,9X-H3S,TD,NONdev,-5.0,65.0,15,1007,148,7,164,14,NaN,NaN,NaN,NaN,NaN,NaN,NaN,NaN,NaN,NaN,DB,NW,c,c,NaN,NaN,NaN,NaN,NaN,NaN,
2022060506,h3s.2022,9X-H3S,TD,NONdev,-3.2,65.3,15,1007,127,5,127,5,NaN,NaN,NaN,NaN,NaN,NaN,NaN,NaN,NaN,NaN,DB,NW,c,c,NaN,NaN,NaN,NaN,NaN,NaN,
2022060512,h3s.2022,9X-H3S,TD,NONdev,-3.7,65.5,15,1006,143,5,21,7,NaN,NaN,NaN,NaN,NaN,NaN,NaN,NaN,NaN,NaN,DB,NW,c,c,NaN,NaN,NaN,NaN,NaN,NaN,
2022060518,h3s.2022,9X-H3S,TD,NONdev,-4.9,66.0,20,1007,149,9,158,9,NaN,NaN,NaN,NaN,NaN,NaN,NaN,NaN,NaN,NaN,DB,NW,c,c,NaN,NaN,NaN,NaN,NaN,NaN,
2022060600,h3s.2022,9X-H3S,TD,NONdev,-5.9,65.9,20,1007,174,10,170,11,NaN,NaN,NaN,NaN,NaN,NaN,NaN,NaN,NaN,NaN,DB,NW,c,c,NaN,NaN,NaN,NaN,NaN,NaN,
2022060606,h3s.2022,9X-H3S,TD,NONdev,-5.5,65.1,19,1007,174,10,198,10,NaN,NaN,NaN,NaN,NaN,NaN,NaN,NaN,NaN,NaN,DB,NW,c,c,NaN,NaN,NaN,NaN,NaN,NaN,
2022060612,h3s.2022,9X-H3S,TD,NONdev,-5.1,64.3,18,1007,174,10,226,9,NaN,NaN,NaN,NaN,NaN,NaN,NaN,NaN,NaN,NaN,DB,NW,c,c,NaN,NaN,NaN,NaN,NaN,NaN,
2022060618,h3s.2022,9X-H3S,TD,NONdev,-4.6,63.5,16,1007,174,10,254,8,NaN,NaN,NaN,NaN,NaN,NaN,NaN,NaN,NaN,NaN,DB,NW,c,c,NaN,NaN,NaN,NaN,NaN,NaN,
2022060700,h3s.2022,9X-H3S,TD,NONdev,-4.2,62.7,15,1007,318,21,282,7,NaN,NaN,NaN,NaN,NaN,NaN,NaN,NaN,NaN,NaN,DB,NW,c,c,NaN,NaN,NaN,NaN,NaN,NaN,
2022060706,h3s.2022,9X-H3S,TD,NONdev,-5.9,62.1,15,1007,240,7,270,8,NaN,NaN,NaN,NaN,NaN,NaN,NaN,NaN,NaN,NaN,DB,NW,c,c,100,1010,NaN,NaN,100,NaN,
2022060712,h3s.2022,9X-H3S,TD,NONdev,-6.4,62.5,15,1007,185,11,185,11,NaN,NaN,NaN,NaN,NaN,NaN,NaN,NaN,NaN,NaN,DB,NW,b,b,100,1008,NaN,NaN,100,NaN,
2022060718,h3s.2022,9X-H3S,TD,NONdev,-6.9,63.5,15,1008,126,9,126,9,NaN,NaN,NaN,NaN,NaN,NaN,NaN,NaN,NaN,NaN,DB,NW,b,b,100,1010,NaN,NaN,100,NaN,
2022060800,h3s.2022,9X-H3S,TD,NONdev,-6.5,63.8,15,1008,94,6,94,6,NaN,NaN,NaN,NaN,NaN,NaN,NaN,NaN,NaN,NaN,DB,NW,b,b,100,1010,NaN,NaN,100,NaN,
2022060806,h3s.2022,9X-H3S,TD,NONdev,-5.9,62.7,15,1008,322,6,322,6,NaN,NaN,NaN,NaN,NaN,NaN,NaN,NaN,NaN,NaN,DB,NW,c,c,100,1010,NaN,NaN,100,NaN,
2022060812,h3s.2022,9X-H3S,TD,NONdev,-5.5,61.2,15,1008,291,14,291,14,NaN,NaN,NaN,NaN,NaN,NaN,NaN,NaN,NaN,NaN,DB,NW,b,b,100,1010,NaN,NaN,100,NaN,
2022060818,h3s.2022,9X-H3S,TD,NONdev,-5.3,60.6,15,1010,286,11,286,11,NaN,NaN,NaN,NaN,NaN,NaN,NaN,NaN,NaN,NaN,DB,NW,c,c,100,1012,NaN,NaN,100,NaN,
2022060900,h3s.2022,9X-H3S,TD,NONdev,-5.3,59.5,15,1010,277,9,277,9,NaN,NaN,NaN,NaN,NaN,NaN,NaN,NaN,NaN,NaN,DB,NW,c,c,100,1012,NaN,NaN,100,NaN,
2022060906,h3s.2022,9X-H3S,TD,NONdev,-5.0,58.8,15,1012,279,9,279,9,NaN,NaN,NaN,NaN,NaN,NaN,NaN,NaN,NaN,NaN,DB,NW,c,c,100,1012,NaN,NaN,100,NaN,
2022060912,h3s.2022,9X-H3S,TD,NONdev,-4.2,61.2,15,1012,41,5,57,10,NaN,NaN,NaN,NaN,NaN,NaN,NaN,NaN,NaN,NaN,DB,NW,c,c,100,1012,NaN,NaN,100,NaN,
2022060918,h3s.2022,9X-H3S,TD,NONdev,-3.9,61.7,10,1012,69,15,69,15,NaN,NaN,NaN,NaN,NaN,NaN,NaN,NaN,NaN,NaN,DB,NW,b,b,100,1012,NaN,NaN,100,NaN,
2022061000,h3s.2022,9X-H3S,TD,NONdev,-3.8,62.2,10,1014,68,5,68,5,NaN,NaN,NaN,NaN,NaN,NaN,NaN,NaN,NaN,NaN,DB,NW,b,b,100,1012,NaN,NaN,100,NaN,
2022061318,h4s.2022,9X-H4S,TD,NONdev,-9.6,92.0,15,1010,117,1,117,1,NaN,NaN,NaN,NaN,NaN,NaN,NaN,NaN,NaN,NaN,DB,NW,b,b,NaN,NaN,NaN,NaN,NaN,NaN,
2022061400,h4s.2022,9X-H4S,TD,NONdev,-9.7,91.7,15,1010,117,1,117,1,NaN,NaN,NaN,NaN,NaN,NaN,NaN,NaN,NaN,NaN,DB,NW,b,b,NaN,NaN,NaN,NaN,NaN,NaN,
2022061406,h4s.2022,9X-H4S,TD,NONdev,-9.7,92.2,15,1008,117,1,117,1,NaN,NaN,NaN,NaN,NaN,NaN,NaN,NaN,NaN,NaN,DB,NW,b,b,NaN,NaN,NaN,NaN,NaN,NaN,
2022061412,h4s.2022,9X-H4S,TD,NONdev,-10.0,90.9,15,1010,249,4,249,4,NaN,NaN,NaN,NaN,NaN,NaN,NaN,NaN,NaN,NaN,DB,NW,c,c,NaN,NaN,NaN,NaN,NaN,NaN,
2022061418,h4s.2022,9X-H4S,TD,NONdev,-10.1,91.2,15,1007,248,5,248,5,NaN,NaN,NaN,NaN,NaN,NaN,NaN,NaN,NaN,NaN,DB,NW,c,c,NaN,NaN,NaN,NaN,NaN,NaN,
2022061500,h4s.2022,9X-H4S,TD,NONdev,-10.2,90.7,15,1007,253,5,225,1,NaN,NaN,NaN,NaN,NaN,NaN,NaN,NaN,NaN,NaN,DB,NW,c,c,NaN,NaN,NaN,NaN,NaN,NaN,
2022061506,h4s.2022,9X-H4S,TD,NONdev,-10.2,90.2,15,1008,264,5,264,5,NaN,NaN,NaN,NaN,NaN,NaN,NaN,NaN,NaN,NaN,DB,NW,c,c,NaN,NaN,NaN,NaN,NaN,NaN,
2022061512,h4s.2022,9X-H4S,TD,NONdev,-10.1,89.7,15,1010,276,5,276,5,NaN,NaN,NaN,NaN,NaN,NaN,NaN,NaN,NaN,NaN,DB,NW,c,c,NaN,NaN,NaN,NaN,NaN,NaN,
2022061518,h4s.2022,9X-H4S,TD,NONdev,-10.1,89.2,15,1010,276,5,276,5,NaN,NaN,NaN,NaN,NaN,NaN,NaN,NaN,NaN,NaN,DB,NW,b,b,NaN,NaN,NaN,NaN,NaN,NaN,
2022010500,z0p.2022,9X-Z0P,TD,DEV,-11.1,139.7,15,1010,90,7,90,7,NaN,NaN,NaN,NaN,NaN,NaN,NaN,NaN,NaN,NaN,DB,NW,b,b,NaN,NaN,NaN,NaN,NaN,NaN,
2022010506,z0p.2022,9X-Z0P,TD,DEV,-11.1,140.4,15,1010,90,7,90,7,NaN,NaN,NaN,NaN,NaN,NaN,NaN,NaN,NaN,NaN,DB,NW,b,b,NaN,NaN,NaN,NaN,NaN,NaN,
2022010512,z0p.2022,9X-Z0P,TD,DEV,-11.1,141.1,15,1010,90,7,90,7,NaN,NaN,NaN,NaN,NaN,NaN,NaN,NaN,NaN,NaN,DB,NW,b,b,NaN,NaN,NaN,NaN,NaN,NaN,
2022010518,z0p.2022,9X-Z0P,TD,DEV,-11.1,144.1,15,1010,90,16,90,18,NaN,NaN,NaN,NaN,NaN,NaN,NaN,NaN,NaN,NaN,DB,NW,c,c,NaN,NaN,NaN,NaN,NaN,NaN,
2022010600,z0p.2022,9X-Z0P,TD,DEV,-11.1,143.2,15,1010,90,10,90,10,NaN,NaN,NaN,NaN,NaN,NaN,NaN,NaN,NaN,NaN,DB,NW,b,b,NaN,NaN,0.15,NaN,NaN,NaN,
2022010606,z0p.2022,9X-Z0P,TD,DEV,-11.1,143.5,15,1010,270,3,270,3,NaN,NaN,NaN,NaN,NaN,NaN,NaN,NaN,NaN,NaN,DB,NW,b,b,NaN,NaN,NaN,NaN,NaN,NaN,
2022010612,z0p.2022,9X-Z0P,TD,DEV,-11.1,143.9,15,1010,90,3,90,3,NaN,NaN,NaN,NaN,NaN,NaN,NaN,NaN,NaN,NaN,DB,NW,b,b,NaN,NaN,NaN,NaN,NaN,NaN,
2022010618,z0p.2022,9X-Z0P,TD,DEV,-11.2,144.3,15,1007,97,4,97,4,NaN,NaN,NaN,NaN,NaN,NaN,NaN,NaN,NaN,NaN,DB,NW,c,c,NaN,NaN,NaN,NaN,NaN,NaN,
2022010700,z0p.2022,9X-Z0P,TD,DEV,-11.3,144.6,15,1007,106,4,106,4,NaN,NaN,NaN,NaN,NaN,NaN,NaN,NaN,NaN,NaN,DB,NW,c,c,NaN,NaN,NaN,NaN,NaN,NaN,
2022010706,z0p.2022,9X-Z0P,TD,DEV,-11.6,145.7,15,1010,106,7,106,7,NaN,NaN,NaN,NaN,NaN,NaN,NaN,NaN,NaN,NaN,DB,NW,b,b,NaN,NaN,NaN,NaN,NaN,NaN,
2022010712,z0p.2022,9X-Z0P,TD,DEV,-11.9,146.6,15,1010,107,10,107,10,NaN,NaN,NaN,NaN,NaN,NaN,NaN,NaN,NaN,NaN,DB,NW,b,b,NaN,NaN,NaN,NaN,NaN,NaN,
2022010718,z0p.2022,9X-Z0P,TD,DEV,-11.9,146.0,15,1010,124,4,136,2,NaN,NaN,NaN,NaN,NaN,NaN,NaN,NaN,NaN,NaN,DB,NW,c,c,NaN,NaN,NaN,NaN,NaN,NaN,
2022010800,z0p.2022,9X-Z0P,TD,DEV,-12.4,147.5,15,1005,120,5,120,5,NaN,NaN,NaN,NaN,NaN,NaN,NaN,NaN,NaN,NaN,DB,NW,c,c,NaN,NaN,NaN,NaN,NaN,NaN,
2022010806,z0p.2022,9X-Z0P,TD,DEV,-13.0,148.2,15,1005,129,6,117,12,NaN,NaN,NaN,NaN,NaN,NaN,NaN,NaN,NaN,NaN,DB,NW,c,c,NaN,NaN,NaN,NaN,NaN,NaN,
2022010812,z0p.2022,9X-Z0P,TD,DEV,-13.1,148.0,25,1004,144,2,145,4,NaN,NaN,NaN,NaN,NaN,NaN,NaN,NaN,NaN,NaN,TD,NW,c,c,110,1006,NaN,NaN,NaN,NaN,
2022010818,z0p.2022,9X-Z0P,TD,DEV,-13.7,147.8,25,1003,175,3,209,4,NaN,NaN,NaN,NaN,NaN,NaN,NaN,NaN,NaN,NaN,TD,NW,C,C,150,1006,NaN,S,45,NaN,
2022010900,z0p.2022,9X-Z0P,TD,DEV,-14.0,147.3,30,1001,215,4,217,6,NaN,NaN,NaN,NaN,NaN,NaN,NaN,NaN,NaN,NaN,TD,NW,C,C,150,1006,NaN,M,45,NaN,
2021111818,z0s.2022,9X-Z0S,TD,DEV,-9.8,101.1,15,1010,96,9,96,9,NaN,NaN,NaN,NaN,NaN,NaN,NaN,NaN,NaN,NaN,DB,NW,b,b,NaN,NaN,NaN,NaN,NaN,NaN,
2021111900,z0s.2022,9X-Z0S,TD,DEV,-9.9,102.1,15,1010,96,9,96,9,NaN,NaN,NaN,NaN,NaN,NaN,NaN,NaN,NaN,NaN,DB,NW,b,b,NaN,NaN,NaN,NaN,NaN,NaN,
2021111906,z0s.2022,9X-Z0S,TD,DEV,-10.0,103.0,20,1005,96,9,96,9,NaN,NaN,NaN,NaN,NaN,NaN,NaN,NaN,NaN,NaN,DB,NW,b,b,85,1006,NaN,NaN,NaN,NaN,
2021111912,z0s.2022,9X-Z0S,TD,DEV,-10.3,103.5,20,1007,106,7,106,7,NaN,NaN,NaN,NaN,NaN,NaN,NaN,NaN,NaN,NaN,DB,NW,c,c,110,1006,NaN,NaN,50,NaN,
2021111918,z0s.2022,9X-Z0S,TD,DEV,-10.4,104.0,20,1007,112,5,112,5,NaN,NaN,NaN,NaN,NaN,NaN,NaN,NaN,NaN,NaN,DB,NW,c,c,110,1006,NaN,NaN,50,NaN,
2021112000,z0s.2022,9X-Z0S,TD,DEV,-10.8,104.1,20,1005,130,4,130,4,NaN,NaN,NaN,NaN,NaN,NaN,NaN,NaN,NaN,NaN,DB,NW,c,c,110,1006,NaN,NaN,50,NaN,
2021112006,z0s.2022,9X-Z0S,TD,DEV,-10.2,104.4,20,1007,63,2,63,2,NaN,NaN,NaN,NaN,NaN,NaN,NaN,NaN,NaN,NaN,DB,NW,c,c,110,1006,NaN,NaN,50,NaN,
2021112012,z0s.2022,9X-Z0S,TD,DEV,-10.2,104.7,20,1007,79,3,45,4,NaN,NaN,NaN,NaN,NaN,NaN,NaN,NaN,NaN,NaN,DB,NW,c,c,110,1006,NaN,NaN,50,NaN,
2021112018,z0s.2022,9X-Z0S,TD,DEV,-10.3,104.9,20,1007,101,3,101,3,NaN,NaN,NaN,NaN,NaN,NaN,NaN,NaN,NaN,NaN,DB,NW,c,c,110,1006,NaN,NaN,50,NaN,
2021112100,z0s.2022,9X-Z0S,TD,DEV,-11.0,105.6,20,1006,132,6,132,6,NaN,NaN,NaN,NaN,NaN,NaN,NaN,NaN,NaN,NaN,DB,NW,c,c,110,1008,NaN,NaN,50,NaN,
2021112106,z0s.2022,9X-Z0S,TD,DEV,-11.5,106.0,20,1007,136,7,138,8,NaN,NaN,NaN,NaN,NaN,NaN,NaN,NaN,NaN,NaN,DB,NW,c,c,110,1008,NaN,NaN,50,NaN,
2021112112,z0s.2022,9X-Z0S,TD,DEV,-12.2,107.1,20,1007,129,9,129,9,NaN,NaN,NaN,NaN,NaN,NaN,NaN,NaN,NaN,NaN,DB,NW,c,c,110,1008,NaN,NaN,50,NaN,
2021112118,z0s.2022,9X-Z0S,TD,DEV,-12.1,108.0,20,1007,112,8,107,10,NaN,NaN,NaN,NaN,NaN,NaN,NaN,NaN,NaN,NaN,DB,NW,c,c,110,1008,NaN,NaN,50,NaN,
2021112912,z1s.2022,9X-Z1S,TD,DEV,-6.7,100.9,15,1010,101,8,101,8,NaN,NaN,NaN,NaN,NaN,NaN,NaN,NaN,NaN,NaN,DB,NW,b,b,125,1008,NaN,NaN,20,NaN,
2021112918,z1s.2022,9X-Z1S,TD,DEV,-6.7,101.2,15,1006,101,8,101,8,NaN,NaN,NaN,NaN,NaN,NaN,NaN,NaN,NaN,NaN,DB,NW,b,b,125,1008,NaN,NaN,20,NaN,
2021113000,z1s.2022,9X-Z1S,TD,DEV,-7.0,102.5,20,1007,90,7,101,8,NaN,NaN,NaN,NaN,NaN,NaN,NaN,NaN,NaN,NaN,DB,NW,C,C,125,1008,NaN,S,20,NaN,
2021113006,z1s.2022,9X-Z1S,TD,DEV,-6.9,103.0,20,1008,80,6,96,9,NaN,NaN,NaN,NaN,NaN,NaN,NaN,NaN,NaN,NaN,DB,NW,c,c,125,1008,NaN,NaN,20,NaN,
2021113012,z1s.2022,9X-Z1S,TD,DEV,-7.2,102.6,15,1005,114,5,154,1,NaN,NaN,NaN,NaN,NaN,NaN,NaN,NaN,NaN,NaN,TD,NW,c,c,125,1008,NaN,NaN,20,NaN,
2021113018,z1s.2022,9X-Z1S,TD,DEV,-7.8,102.9,25,1003,130,5,186,5,NaN,NaN,NaN,NaN,NaN,NaN,NaN,NaN,NaN,NaN,TD,NW,C,C,125,1006,NaN,S,30,NaN,
2021120100,z1s.2022,9X-Z1S,TD,DEV,-9.0,103.0,30,1006,155,8,168,9,NaN,NaN,NaN,NaN,NaN,NaN,NaN,NaN,NaN,NaN,TD,NW,C,C,100,1010,NaN,S,30,NaN,
